bead,t_s,x_mm,y_mm,z_mm
0,0.0010,-0.0000,0.0000,0.0000
0,0.0031,-0.0000,0.0000,0.0000
0,0.0050,-0.0000,0.0000,0.0000
0,0.0070,-0.0000,0.0000,0.0000
0,0.0090,-0.0000,0.0000,0.0000
0,0.0111,-0.0000,0.0000,0.0000
0,0.0131,-0.0000,0.0000,0.0001
0,0.0151,-0.0000,0.0000,0.0001
0,0.0171,-0.0000,0.0000,0.0001
0,0.0191,-0.0000,0.0000,0.0001
0,0.0211,-0.0000,0.0000,0.0000
0,0.0231,-0.0000,0.0000,0.0000
0,0.0251,-0.0000,0.0000,0.0000
0,0.0271,-0.0000,0.0000,0.0000
0,0.0291,-0.0000,0.0000,0.0000
0,0.0311,-0.0000,0.0000,0.0000
0,0.0331,-0.0000,0.0000,0.0000
0,0.0351,-0.0000,0.0000,0.0000
0,0.0370,-0.0000,0.0000,0.0000
0,0.0390,-0.0000,0.0000,0.0000
0,0.0410,-0.0000,0.0000,0.0000
0,0.0430,-0.0000,0.0000,0.0000
0,0.0450,-0.0000,0.0000,0.0000
0,0.0470,-0.0000,0.0000,0.0000
0,0.0490,-0.0000,0.0000,0.0000
0,0.0510,-0.0000,0.0000,0.0000
0,0.0530,-0.0000,0.0000,0.0000
0,0.0550,-0.0000,0.0000,0.0000
0,0.0570,-0.0000,0.0000,0.0000
0,0.0590,-0.0000,0.0000,0.0000
0,0.0610,-0.0000,0.0000,0.0000
0,0.0630,-0.0000,0.0000,0.0000
0,0.0650,-0.0000,0.0000,0.0000
0,0.0670,-0.0000,0.0000,0.0000
0,0.0690,-0.0000,0.0000,0.0000
0,0.0710,-0.0000,0.0000,0.0000
0,0.0730,-0.0000,0.0000,0.0000
0,0.0750,-0.0000,0.0000,0.0000
0,0.0770,-0.0000,0.0000,0.0000
0,0.0790,-0.0000,0.0000,0.0000
0,0.0810,-0.0000,0.0000,0.0000
0,0.0830,-0.0000,0.0000,0.0000
0,0.0850,-0.0000,0.0000,0.0000
0,0.0870,-0.0000,0.0000,0.0000
0,0.0890,-0.0000,0.0000,0.0000
0,0.0910,-0.0000,0.0000,0.0000
0,0.0930,-0.0000,0.0000,0.0000
0,0.0950,-0.0000,0.0000,0.0000
0,0.0970,-0.0000,0.0000,0.0000
0,0.0990,-0.0000,0.0000,0.0000
0,0.1010,-0.0000,0.0000,0.0000
0,0.1030,-0.0000,0.0000,0.0000
0,0.1050,-0.0000,0.0000,0.0000
0,0.1070,-0.0000,0.0000,0.0000
0,0.1090,-0.0000,0.0000,0.0000
0,0.1110,-0.0000,0.0000,0.0000
0,0.1130,-0.0000,0.0000,0.0000
0,0.1150,-0.0000,0.0000,0.0000
0,0.1170,-0.0000,0.0000,0.0000
0,0.1190,-0.0000,0.0000,0.0000
0,0.1210,-0.0000,0.0000,0.0000
0,0.1230,-0.0000,0.0000,0.0000
0,0.1250,-0.0000,0.0000,0.0000
0,0.1270,-0.0000,0.0000,0.0000
0,0.1290,-0.0000,0.0000,0.0000
0,0.1310,-0.0000,0.0000,0.0000
0,0.1330,-0.0000,0.0000,0.0000
0,0.1350,-0.0000,0.0000,0.0000
0,0.1370,-0.0000,0.0000,0.0000
0,0.1390,-0.0000,0.0000,0.0000
0,0.1410,-0.0000,0.0000,0.0000
0,0.1430,-0.0000,0.0000,0.0000
0,0.1450,-0.0000,0.0000,0.0000
0,0.1470,-0.0000,0.0000,0.0000
0,0.1491,-0.0000,0.0000,0.0000
0,0.1511,-0.0000,0.0000,0.0000
0,0.1531,-0.0000,0.0000,0.0000
0,0.1551,-0.0000,0.0000,0.0000
0,0.1571,-0.0000,0.0000,0.0000
0,0.1591,-0.0000,0.0000,0.0000
0,0.1611,-0.0000,0.0000,0.0000
0,0.1631,-0.0000,0.0000,0.0000
0,0.1651,-0.0000,0.0000,0.0000
0,0.1671,-0.0000,0.0000,0.0000
0,0.1691,-0.0000,0.0000,0.0000
0,0.1711,-0.0000,0.0000,0.0000
0,0.1731,-0.0000,0.0000,0.0000
0,0.1751,-0.0000,0.0000,0.0000
0,0.1771,-0.0000,0.0000,0.0000
0,0.1791,-0.0000,0.0000,0.0000
0,0.1811,-0.0000,0.0000,0.0000
0,0.1831,-0.0000,0.0000,0.0000
0,0.1851,-0.0000,0.0000,0.0000
0,0.1871,-0.0000,0.0000,0.0000
0,0.1891,-0.0000,0.0000,0.0000
0,0.1911,-0.0000,0.0000,0.0000
0,0.1931,-0.0000,0.0000,0.0000
0,0.1951,-0.0000,0.0000,0.0000
0,0.1971,-0.0000,0.0000,0.0000
0,0.1991,-0.0000,0.0000,0.0000
0,0.2011,-0.0000,0.0000,0.0000
0,0.2031,-0.0000,0.0000,0.0000
0,0.2051,-0.0000,0.0000,0.0000
0,0.2071,-0.0000,0.0000,0.0000
0,0.2091,-0.0000,0.0000,0.0000
0,0.2111,-0.0000,0.0000,0.0000
0,0.2131,-0.0000,0.0000,0.0000
0,0.2151,-0.0000,0.0000,0.0000
0,0.2171,-0.0000,0.0000,0.0000
0,0.2191,-0.0000,0.0000,0.0000
0,0.2211,-0.0000,0.0000,0.0000
0,0.2231,-0.0000,0.0000,0.0000
0,0.2251,-0.0000,0.0000,0.0000
0,0.2271,-0.0000,0.0000,0.0000
0,0.2291,-0.0000,0.0000,0.0000
0,0.2311,-0.0000,0.0000,0.0000
0,0.2331,-0.0000,0.0000,0.0000
0,0.2351,-0.0000,0.0000,0.0000
0,0.2371,-0.0000,0.0000,0.0000
0,0.2391,-0.0000,0.0000,0.0000
0,0.2411,-0.0000,0.0000,0.0000
0,0.2431,-0.0000,0.0000,0.0000
0,0.2451,-0.0000,0.0000,0.0000
0,0.2471,-0.0000,0.0000,0.0000
0,0.2491,-0.0000,0.0000,0.0000
0,0.2511,-0.0000,0.0000,0.0000
0,0.2531,-0.0000,0.0000,0.0000
0,0.2551,-0.0000,0.0000,0.0000
0,0.2571,-0.0000,0.0000,0.0000
0,0.2591,-0.0000,0.0000,0.0000
0,0.2611,-0.0000,0.0000,0.0000
0,0.2631,-0.0000,0.0000,0.0000
0,0.2651,-0.0000,0.0000,0.0000
0,0.2671,-0.0000,0.0000,0.0000
0,0.2691,-0.0000,0.0000,0.0000
0,0.2711,-0.0000,0.0000,0.0000
0,0.2731,-0.0000,0.0000,0.0000
0,0.2751,-0.0000,0.0000,0.0000
0,0.2771,-0.0000,0.0000,0.0000
0,0.2791,-0.0000,0.0000,0.0000
0,0.2811,-0.0000,0.0000,0.0000
0,0.2831,-0.0000,0.0000,0.0000
0,0.2851,-0.0000,0.0000,0.0000
0,0.2871,-0.0000,0.0000,0.0000
0,0.2891,-0.0000,0.0000,0.0000
0,0.2911,-0.0000,0.0000,0.0000
0,0.2931,-0.0000,0.0000,0.0000
0,0.2951,-0.0000,0.0000,0.0000
0,0.2971,-0.0000,0.0000,0.0000
0,0.2991,-0.0000,0.0000,0.0000
0,0.3011,-0.0000,0.0000,0.0000
0,0.3031,-0.0000,0.0000,0.0000
0,0.3051,-0.0000,0.0000,0.0000
0,0.3071,-0.0000,0.0000,0.0000
0,0.3091,-0.0000,0.0000,0.0000
0,0.3111,-0.0000,0.0000,0.0000
0,0.3131,-0.0000,0.0000,0.0000
0,0.3151,-0.0000,0.0000,0.0000
0,0.3171,-0.0000,0.0000,0.0000
0,0.3191,-0.0000,0.0000,0.0000
0,0.3211,-0.0000,0.0000,0.0000
0,0.3231,-0.0000,0.0000,0.0000
0,0.3251,-0.0000,0.0000,0.0000
0,0.3271,-0.0000,0.0000,0.0000
0,0.3291,-0.0000,0.0000,0.0000
0,0.3311,-0.0000,0.0000,0.0000
0,0.3331,-0.0000,0.0000,0.0000
0,0.3351,-0.0000,0.0000,0.0000
0,0.3371,-0.0000,0.0000,0.0000
0,0.3391,-0.0000,0.0000,0.0000
0,0.3411,-0.0000,0.0000,0.0000
0,0.3431,-0.0000,0.0000,0.0000
0,0.3451,-0.0000,0.0000,0.0000
0,0.3471,-0.0000,0.0000,0.0000
0,0.3491,-0.0000,0.0000,0.0000
0,0.3511,-0.0000,0.0000,0.0000
0,0.3531,-0.0000,0.0000,0.0000
0,0.3551,-0.0000,0.0000,0.0000
0,0.3571,-0.0000,0.0000,0.0000
0,0.3591,-0.0000,0.0000,0.0000
0,0.3611,-0.0000,0.0000,0.0000
0,0.3631,-0.0000,0.0000,0.0000
0,0.3651,-0.0000,0.0000,0.0000
0,0.3671,-0.0000,0.0000,0.0000
0,0.3691,-0.0000,0.0000,0.0000
0,0.3711,-0.0000,0.0000,0.0000
0,0.3731,-0.0000,0.0000,0.0000
0,0.3751,-0.0000,0.0000,0.0000
0,0.3771,-0.0000,0.0000,0.0000
0,0.3791,-0.0000,0.0000,0.0000
0,0.3811,-0.0000,0.0000,0.0000
0,0.3831,-0.0000,0.0000,0.0000
0,0.3851,-0.0000,0.0000,0.0000
0,0.3871,-0.0000,0.0000,0.0000
0,0.3891,-0.0000,0.0000,0.0000
0,0.3911,-0.0000,0.0000,0.0000
0,0.3931,-0.0000,0.0000,0.0000
0,0.3951,-0.0000,0.0000,0.0000
0,0.3971,-0.0000,0.0000,0.0000
0,0.3991,-0.0000,0.0000,0.0000
0,0.4011,-0.0000,0.0000,0.0000
0,0.4031,-0.0000,0.0000,0.0000
0,0.4051,-0.0000,0.0000,0.0000
0,0.4071,-0.0000,0.0000,0.0000
0,0.4091,-0.0000,0.0000,0.0000
0,0.4111,-0.0000,0.0000,0.0000
0,0.4131,-0.0000,0.0000,0.0000
0,0.4151,-0.0000,0.0000,0.0000
0,0.4171,-0.0000,0.0000,0.0000
0,0.4191,-0.0000,0.0000,0.0000
0,0.4211,-0.0000,0.0000,0.0000
0,0.4231,-0.0000,0.0000,0.0000
0,0.4251,-0.0000,0.0000,0.0000
0,0.4271,-0.0000,0.0000,0.0000
0,0.4291,-0.0000,0.0000,0.0000
0,0.4311,-0.0000,0.0000,0.0000
0,0.4331,-0.0000,0.0000,0.0000
0,0.4351,-0.0000,0.0000,0.0000
0,0.4371,-0.0000,0.0000,0.0000
0,0.4391,-0.0000,0.0000,0.0000
0,0.4411,-0.0000,0.0000,0.0000
0,0.4431,-0.0000,0.0000,0.0000
0,0.4451,-0.0000,0.0000,0.0000
0,0.4471,-0.0000,0.0000,0.0000
0,0.4491,-0.0000,0.0000,0.0000
0,0.4511,-0.0000,0.0000,0.0000
0,0.4531,-0.0000,0.0000,0.0000
0,0.4551,-0.0000,0.0000,0.0000
0,0.4571,-0.0000,0.0000,0.0000
0,0.4591,-0.0000,0.0000,0.0000
0,0.4611,-0.0000,0.0000,0.0000
0,0.4631,-0.0000,0.0000,0.0000
0,0.4651,-0.0000,0.0000,0.0000
0,0.4671,-0.0000,0.0000,0.0000
0,0.4691,-0.0000,0.0000,0.0000
0,0.4711,-0.0000,0.0000,0.0000
0,0.4731,-0.0000,0.0000,0.0000
0,0.4751,-0.0000,0.0000,0.0000
0,0.4771,-0.0000,0.0000,0.0000
0,0.4791,-0.0000,0.0000,0.0000
0,0.4811,-0.0000,0.0000,0.0000
0,0.4831,-0.0000,0.0000,0.0000
0,0.4851,-0.0000,0.0000,0.0000
0,0.4871,-0.0000,0.0000,0.0000
0,0.4891,-0.0000,0.0000,0.0000
0,0.4911,-0.0000,0.0000,0.0000
0,0.4931,-0.0000,0.0000,0.0000
0,0.4951,-0.0000,0.0000,0.0000
0,0.4971,-0.0000,0.0000,0.0000
0,0.4991,-0.0000,0.0000,0.0000
0,0.5011,-0.0000,0.0000,0.0000
0,0.5031,0.0000,0.0000,0.0000
0,0.5051,0.0002,0.0000,0.0001
0,0.5071,0.0006,0.0001,0.0001
0,0.5091,0.0015,0.0002,0.0003
0,0.5111,0.0031,0.0003,0.0005
0,0.5131,0.0055,0.0005,0.0008
0,0.5151,0.0089,0.0008,0.0011
0,0.5171,0.0133,0.0011,0.0015
0,0.5191,0.0190,0.0016,0.0019
0,0.5211,0.0259,0.0023,0.0023
0,0.5231,0.0340,0.0030,0.0026
0,0.5251,0.0433,0.0038,0.0028
0,0.5271,0.0536,0.0047,0.0029
0,0.5291,0.0648,0.0057,0.0029
0,0.5311,0.0767,0.0068,0.0029
0,0.5331,0.0892,0.0078,0.0027
0,0.5351,0.1020,0.0088,0.0026
0,0.5371,0.1149,0.0097,0.0024
0,0.5391,0.1277,0.0105,0.0022
0,0.5411,0.1400,0.0111,0.0020
0,0.5431,0.1518,0.0116,0.0019
0,0.5451,0.1628,0.0118,0.0017
0,0.5471,0.1728,0.0118,0.0015
0,0.5491,0.1817,0.0115,0.0013
0,0.5511,0.1894,0.0110,0.0011
0,0.5531,0.1959,0.0102,0.0009
0,0.5551,0.2011,0.0091,0.0007
0,0.5571,0.2051,0.0079,0.0005
0,0.5591,0.2080,0.0065,0.0004
0,0.5611,0.2098,0.0050,0.0004
0,0.5631,0.2108,0.0035,0.0004
0,0.5651,0.2112,0.0020,0.0005
0,0.5671,0.2111,0.0005,0.0007
0,0.5691,0.2108,-0.0007,0.0009
0,0.5711,0.2105,-0.0018,0.0012
0,0.5731,0.2104,-0.0027,0.0016
0,0.5751,0.2108,-0.0032,0.0019
0,0.5771,0.2118,-0.0034,0.0022
0,0.5791,0.2136,-0.0034,0.0025
0,0.5811,0.2164,-0.0030,0.0026
0,0.5831,0.2204,-0.0024,0.0026
0,0.5851,0.2255,-0.0015,0.0025
0,0.5871,0.2315,-0.0006,0.0022
0,0.5891,0.2381,0.0005,0.0017
0,0.5911,0.2451,0.0015,0.0011
0,0.5931,0.2522,0.0025,0.0003
0,0.5951,0.2591,0.0033,-0.0006
0,0.5971,0.2655,0.0039,-0.0014
0,0.5991,0.2712,0.0042,-0.0022
0,0.6011,0.2761,0.0043,-0.0029
0,0.6031,0.2798,0.0040,-0.0033
0,0.6051,0.2823,0.0035,-0.0035
0,0.6071,0.2835,0.0027,-0.0034
0,0.6091,0.2835,0.0016,-0.0031
0,0.6111,0.2821,0.0004,-0.0026
0,0.6131,0.2795,-0.0010,-0.0020
0,0.6151,0.2757,-0.0024,-0.0013
0,0.6171,0.2711,-0.0037,-0.0006
0,0.6191,0.2657,-0.0050,0.0001
0,0.6211,0.2597,-0.0060,0.0006
0,0.6231,0.2535,-0.0068,0.0010
0,0.6251,0.2472,-0.0073,0.0013
0,0.6271,0.2412,-0.0074,0.0015
0,0.6291,0.2355,-0.0070,0.0015
0,0.6311,0.2306,-0.0063,0.0015
0,0.6331,0.2265,-0.0053,0.0015
0,0.6351,0.2235,-0.0039,0.0016
0,0.6371,0.2219,-0.0022,0.0017
0,0.6391,0.2220,-0.0003,0.0018
0,0.6411,0.2238,0.0016,0.0021
0,0.6431,0.2276,0.0035,0.0024
0,0.6451,0.2335,0.0053,0.0026
0,0.6471,0.2413,0.0068,0.0027
0,0.6491,0.2511,0.0079,0.0026
0,0.6511,0.2626,0.0086,0.0024
0,0.6531,0.2756,0.0087,0.0019
0,0.6551,0.2899,0.0084,0.0012
0,0.6571,0.3050,0.0074,0.0003
0,0.6591,0.3208,0.0059,-0.0006
0,0.6611,0.3367,0.0040,-0.0015
0,0.6631,0.3524,0.0016,-0.0023
0,0.6651,0.3677,-0.0011,-0.0029
0,0.6671,0.3821,-0.0039,-0.0034
0,0.6691,0.3954,-0.0068,-0.0036
0,0.6711,0.4073,-0.0095,-0.0036
0,0.6731,0.4177,-0.0120,-0.0034
0,0.6751,0.4264,-0.0141,-0.0031
0,0.6771,0.4332,-0.0157,-0.0026
0,0.6791,0.4384,-0.0167,-0.0022
0,0.6811,0.4418,-0.0170,-0.0017
0,0.6831,0.4437,-0.0167,-0.0014
0,0.6851,0.4442,-0.0156,-0.0011
0,0.6871,0.4435,-0.0140,-0.0009
0,0.6891,0.4420,-0.0117,-0.0007
0,0.6911,0.4399,-0.0091,-0.0006
0,0.6931,0.4375,-0.0061,-0.0005
0,0.6951,0.4352,-0.0030,-0.0003
0,0.6971,0.4333,0.0002,-0.0001
0,0.6991,0.4321,0.0031,0.0002
0,0.7011,0.4319,0.0057,0.0005
0,0.7031,0.4329,0.0079,0.0009
0,0.7051,0.4352,0.0094,0.0012
0,0.7071,0.4391,0.0103,0.0015
0,0.7091,0.4445,0.0105,0.0016
0,0.7111,0.4516,0.0099,0.0017
0,0.7131,0.4604,0.0088,0.0018
0,0.7151,0.4706,0.0072,0.0017
0,0.7171,0.4819,0.0051,0.0015
0,0.7191,0.4938,0.0026,0.0012
0,0.7211,0.5057,0.0001,0.0007
0,0.7231,0.5172,-0.0025,0.0001
0,0.7251,0.5279,-0.0049,-0.0006
0,0.7271,0.5374,-0.0070,-0.0014
0,0.7291,0.5454,-0.0087,-0.0022
0,0.7311,0.5515,-0.0099,-0.0028
0,0.7331,0.5556,-0.0106,-0.0034
0,0.7351,0.5575,-0.0106,-0.0036
0,0.7371,0.5572,-0.0100,-0.0037
0,0.7391,0.5548,-0.0089,-0.0035
0,0.7411,0.5503,-0.0073,-0.0031
0,0.7431,0.5439,-0.0053,-0.0025
0,0.7451,0.5360,-0.0031,-0.0018
0,0.7471,0.5268,-0.0008,-0.0011
0,0.7491,0.5167,0.0015,-0.0004
0,0.7511,0.5060,0.0036,0.0002
0,0.7531,0.4953,0.0054,0.0007
0,0.7551,0.4848,0.0068,0.0011
0,0.7571,0.4751,0.0078,0.0013
0,0.7591,0.4665,0.0082,0.0014
0,0.7611,0.4593,0.0082,0.0015
0,0.7631,0.4539,0.0076,0.0015
0,0.7651,0.4503,0.0065,0.0010
0,0.7671,0.4486,0.0050,-0.0004
0,0.7691,0.4491,0.0030,-0.0033
0,0.7711,0.4515,0.0008,-0.0079
0,0.7731,0.4558,-0.0015,-0.0143
0,0.7751,0.4617,-0.0039,-0.0224
0,0.7771,0.4692,-0.0061,-0.0317
0,0.7791,0.4779,-0.0079,-0.0415
0,0.7811,0.4875,-0.0091,-0.0512
0,0.7831,0.4977,-0.0097,-0.0600
0,0.7851,0.5080,-0.0096,-0.0675
0,0.7871,0.5182,-0.0088,-0.0735
0,0.7891,0.5278,-0.0073,-0.0779
0,0.7911,0.5364,-0.0053,-0.0811
0,0.7931,0.5438,-0.0030,-0.0837
0,0.7951,0.5496,-0.0006,-0.0861
0,0.7971,0.5537,0.0018,-0.0891
0,0.7991,0.5558,0.0038,-0.0931
0,0.8011,0.5558,0.0054,-0.0983
0,0.8031,0.5539,0.0065,-0.1049
0,0.8051,0.5500,0.0070,-0.1126
0,0.8071,0.5445,0.0070,-0.1211
0,0.8091,0.5375,0.0064,-0.1297
0,0.8111,0.5295,0.0053,-0.1379
0,0.8131,0.5206,0.0040,-0.1451
0,0.8151,0.5114,0.0025,-0.1510
0,0.8171,0.5021,0.0009,-0.1554
0,0.8191,0.4932,-0.0006,-0.1584
0,0.8211,0.4848,-0.0020,-0.1603
0,0.8231,0.4774,-0.0032,-0.1618
0,0.8251,0.4710,-0.0043,-0.1633
0,0.8271,0.4661,-0.0051,-0.1655
0,0.8291,0.4626,-0.0057,-0.1690
0,0.8311,0.4606,-0.0061,-0.1739
0,0.8331,0.4603,-0.0062,-0.1804
0,0.8351,0.4616,-0.0060,-0.1882
0,0.8371,0.4644,-0.0055,-0.1968
0,0.8391,0.4686,-0.0047,-0.2058
0,0.8411,0.4739,-0.0036,-0.2146
0,0.8431,0.4803,-0.0024,-0.2235
0,0.8451,0.4873,-0.0010,-0.2313
0,0.8471,0.4948,0.0006,-0.2368
0,0.8491,0.5026,0.0023,-0.2391
0,0.8511,0.5103,0.0041,-0.2379
0,0.8531,0.5177,0.0057,-0.2337
0,0.8551,0.5244,0.0071,-0.2271
0,0.8571,0.5302,0.0080,-0.2195
0,0.8591,0.5347,0.0084,-0.2122
0,0.8611,0.5378,0.0081,-0.2064
0,0.8631,0.5393,0.0072,-0.2031
0,0.8651,0.5391,0.0055,-0.2029
0,0.8671,0.5373,0.0033,-0.2056
0,0.8691,0.5340,0.0007,-0.2109
0,0.8711,0.5293,-0.0020,-0.2176
0,0.8731,0.5236,-0.0045,-0.2246
0,0.8751,0.5171,-0.0067,-0.2307
0,0.8771,0.5102,-0.0082,-0.2347
0,0.8791,0.5030,-0.0091,-0.2359
0,0.8811,0.4960,-0.0091,-0.2341
0,0.8831,0.4893,-0.0083,-0.2296
0,0.8851,0.4832,-0.0069,-0.2232
0,0.8871,0.4778,-0.0050,-0.2158
0,0.8891,0.4734,-0.0028,-0.2089
0,0.8911,0.4700,-0.0006,-0.2034
0,0.8931,0.4677,0.0014,-0.2005
0,0.8951,0.4666,0.0030,-0.2010
0,0.8971,0.4667,0.0040,-0.2054
0,0.8991,0.4679,0.0044,-0.2137
0,0.9011,0.4702,0.0040,-0.2255
0,0.9031,0.4736,0.0029,-0.2395
0,0.9051,0.4780,0.0013,-0.2544
0,0.9071,0.4833,-0.0006,-0.2685
0,0.9091,0.4892,-0.0026,-0.2805
0,0.9111,0.4957,-0.0045,-0.2892
0,0.9131,0.5024,-0.0062,-0.2942
0,0.9151,0.5091,-0.0076,-0.2957
0,0.9171,0.5156,-0.0086,-0.2945
0,0.9191,0.5215,-0.0092,-0.2918
0,0.9211,0.5265,-0.0097,-0.2890
0,0.9231,0.5304,-0.0101,-0.2878
0,0.9251,0.5331,-0.0104,-0.2891
0,0.9271,0.5344,-0.0107,-0.2938
0,0.9291,0.5342,-0.0110,-0.3020
0,0.9311,0.5326,-0.0113,-0.3131
0,0.9331,0.5297,-0.0115,-0.3262
0,0.9351,0.5257,-0.0114,-0.3399
0,0.9371,0.5209,-0.0109,-0.3529
0,0.9391,0.5155,-0.0101,-0.3638
0,0.9411,0.5098,-0.0087,-0.3718
0,0.9431,0.5040,-0.0070,-0.3763
0,0.9451,0.4982,-0.0050,-0.3775
0,0.9471,0.4928,-0.0029,-0.3762
0,0.9491,0.4879,-0.0009,-0.3735
0,0.9511,0.4836,0.0006,-0.3709
0,0.9531,0.4800,0.0015,-0.3696
0,0.9551,0.4772,0.0017,-0.3708
0,0.9571,0.4753,0.0009,-0.3752
0,0.9591,0.4744,-0.0005,-0.3828
0,0.9611,0.4744,-0.0026,-0.3931
0,0.9631,0.4754,-0.0050,-0.4052
0,0.9651,0.4774,-0.0074,-0.4177
0,0.9671,0.4803,-0.0094,-0.4295
0,0.9691,0.4841,-0.0108,-0.4393
0,0.9711,0.4885,-0.0113,-0.4465
0,0.9731,0.4934,-0.0109,-0.4515
0,0.9751,0.4986,-0.0095,-0.4537
0,0.9771,0.5039,-0.0072,-0.4529
0,0.9791,0.5091,-0.0041,-0.4493
0,0.9811,0.5139,-0.0005,-0.4436
0,0.9831,0.5181,0.0032,-0.4370
0,0.9851,0.5215,0.0066,-0.4308
0,0.9871,0.5240,0.0095,-0.4261
0,0.9891,0.5253,0.0114,-0.4238
0,0.9911,0.5256,0.0124,-0.4243
0,0.9931,0.5246,0.0122,-0.4275
0,0.9951,0.5226,0.0111,-0.4328
0,0.9971,0.5197,0.0091,-0.4393
0,0.9991,0.5161,0.0066,-0.4456
0,1.0011,0.5119,0.0038,-0.4507
0,1.0031,0.5074,0.0011,-0.4535
0,1.0051,0.5028,-0.0014,-0.4536
0,1.0071,0.4982,-0.0035,-0.4508
0,1.0091,0.4939,-0.0050,-0.4456
0,1.0111,0.4899,-0.0061,-0.4389
0,1.0131,0.4864,-0.0067,-0.4319
0,1.0151,0.4835,-0.0070,-0.4256
0,1.0171,0.4812,-0.0070,-0.4213
0,1.0191,0.4795,-0.0069,-0.4195
0,1.0211,0.4786,-0.0067,-0.4206
0,1.0231,0.4784,-0.0064,-0.4244
0,1.0251,0.4791,-0.0061,-0.4307
0,1.0271,0.4805,-0.0056,-0.4390
0,1.0291,0.4827,-0.0050,-0.4487
0,1.0311,0.4856,-0.0043,-0.4590
0,1.0331,0.4892,-0.0034,-0.4692
0,1.0351,0.4934,-0.0023,-0.4784
0,1.0371,0.4980,-0.0010,-0.4861
0,1.0391,0.5029,0.0005,-0.4920
0,1.0411,0.5078,0.0021,-0.4961
0,1.0431,0.5127,0.0035,-0.4989
0,1.0451,0.5173,0.0048,-0.5009
0,1.0471,0.5213,0.0057,-0.5028
0,1.0491,0.5248,0.0061,-0.5054
0,1.0511,0.5274,0.0059,-0.5092
0,1.0531,0.5291,0.0051,-0.5146
0,1.0551,0.5299,0.0038,-0.5217
0,1.0571,0.5297,0.0021,-0.5300
0,1.0591,0.5286,0.0001,-0.5392
0,1.0611,0.5267,-0.0019,-0.5485
0,1.0631,0.5241,-0.0038,-0.5572
0,1.0651,0.5208,-0.0052,-0.5648
0,1.0671,0.5172,-0.0062,-0.5707
0,1.0691,0.5132,-0.0066,-0.5749
0,1.0711,0.5091,-0.0065,-0.5777
0,1.0731,0.5050,-0.0058,-0.5794
0,1.0751,0.5010,-0.0048,-0.5806
0,1.0771,0.4974,-0.0036,-0.5823
0,1.0791,0.4941,-0.0023,-0.5849
0,1.0811,0.4914,-0.0012,-0.5890
0,1.0831,0.4893,-0.0003,-0.5948
0,1.0851,0.4879,0.0004,-0.6021
0,1.0871,0.4873,0.0007,-0.6105
0,1.0891,0.4874,0.0009,-0.6196
0,1.0911,0.4883,0.0008,-0.6285
0,1.0931,0.4898,0.0006,-0.6366
0,1.0951,0.4919,0.0005,-0.6434
0,1.0971,0.4946,0.0003,-0.6486
0,1.0991,0.4975,0.0003,-0.6521
0,1.1011,0.5007,0.0003,-0.6544
0,1.1031,0.5037,0.0003,-0.6568
0,1.1051,0.5066,0.0002,-0.6590
0,1.1071,0.5091,0.0003,-0.6607
0,1.1091,0.5113,0.0004,-0.6615
0,1.1111,0.5129,0.0006,-0.6614
0,1.1131,0.5140,0.0009,-0.6603
0,1.1151,0.5145,0.0013,-0.6586
0,1.1171,0.5143,0.0017,-0.6565
0,1.1191,0.5136,0.0020,-0.6544
0,1.1211,0.5123,0.0021,-0.6528
0,1.1231,0.5105,0.0021,-0.6518
0,1.1251,0.5082,0.0018,-0.6518
0,1.1271,0.5056,0.0014,-0.6526
0,1.1291,0.5028,0.0008,-0.6541
0,1.1311,0.4999,0.0001,-0.6560
0,1.1331,0.4971,-0.0006,-0.6579
0,1.1351,0.4944,-0.0012,-0.6594
0,1.1371,0.4920,-0.0017,-0.6602
0,1.1391,0.4900,-0.0020,-0.6602
0,1.1411,0.4884,-0.0021,-0.6594
0,1.1431,0.4874,-0.0021,-0.6579
0,1.1451,0.4869,-0.0020,-0.6561
0,1.1471,0.4870,-0.0017,-0.6542
0,1.1491,0.4877,-0.0015,-0.6526
0,1.1511,0.4889,-0.0013,-0.6516
0,1.1531,0.4905,-0.0011,-0.6516
0,1.1551,0.4925,-0.0011,-0.6528
0,1.1571,0.4948,-0.0011,-0.6559
0,1.1591,0.4973,-0.0014,-0.6611
0,1.1611,0.4999,-0.0017,-0.6684
0,1.1631,0.5024,-0.0021,-0.6774
0,1.1651,0.5049,-0.0024,-0.6875
0,1.1671,0.5072,-0.0024,-0.6978
0,1.1691,0.5093,-0.0021,-0.7075
0,1.1711,0.5110,-0.0014,-0.7158
0,1.1731,0.5124,-0.0004,-0.7224
0,1.1751,0.5134,0.0010,-0.7272
0,1.1771,0.5140,0.0025,-0.7304
0,1.1791,0.5141,0.0041,-0.7325
0,1.1811,0.5138,0.0055,-0.7342
0,1.1831,0.5131,0.0066,-0.7363
0,1.1851,0.5121,0.0072,-0.7395
0,1.1871,0.5107,0.0073,-0.7442
0,1.1891,0.5090,0.0068,-0.7506
0,1.1911,0.5072,0.0058,-0.7585
0,1.1931,0.5053,0.0044,-0.7673
0,1.1951,0.5034,0.0027,-0.7765
0,1.1971,0.5016,0.0010,-0.7852
0,1.1991,0.4999,-0.0006,-0.7929
0,1.2011,0.4985,-0.0018,-0.7990
0,1.2031,0.4972,-0.0027,-0.8034
0,1.2051,0.4963,-0.0031,-0.8063
0,1.2071,0.4957,-0.0032,-0.8082
0,1.2091,0.4955,-0.0029,-0.8097
0,1.2111,0.4955,-0.0023,-0.8117
0,1.2131,0.4959,-0.0016,-0.8146
0,1.2151,0.4966,-0.0009,-0.8191
0,1.2171,0.4975,-0.0002,-0.8252
0,1.2191,0.4987,0.0004,-0.8327
0,1.2211,0.5000,0.0009,-0.8412
0,1.2231,0.5013,0.0013,-0.8501
0,1.2251,0.5027,0.0017,-0.8586
0,1.2271,0.5040,0.0021,-0.8661
0,1.2291,0.5052,0.0024,-0.8721
0,1.2311,0.5063,0.0027,-0.8766
0,1.2331,0.5070,0.0029,-0.8805
0,1.2351,0.5075,0.0029,-0.8832
0,1.2371,0.5076,0.0029,-0.8844
0,1.2391,0.5075,0.0028,-0.8837
0,1.2411,0.5070,0.0027,-0.8813
0,1.2431,0.5063,0.0025,-0.8777
0,1.2451,0.5053,0.0022,-0.8737
0,1.2471,0.5041,0.0018,-0.8700
0,1.2491,0.5027,0.0011,-0.8673
0,1.2511,0.5012,0.0002,-0.8661
0,1.2531,0.4997,-0.0008,-0.8667
0,1.2551,0.4983,-0.0018,-0.8689
0,1.2571,0.4969,-0.0029,-0.8721
0,1.2591,0.4956,-0.0037,-0.8758
0,1.2611,0.4946,-0.0043,-0.8792
0,1.2631,0.4937,-0.0045,-0.8817
0,1.2651,0.4932,-0.0042,-0.8827
0,1.2671,0.4929,-0.0036,-0.8821
0,1.2691,0.4929,-0.0026,-0.8800
0,1.2711,0.4932,-0.0014,-0.8769
0,1.2731,0.4938,-0.0001,-0.8734
0,1.2751,0.4947,0.0011,-0.8702
0,1.2771,0.4958,0.0021,-0.8680
0,1.2791,0.4971,0.0028,-0.8672
0,1.2811,0.4985,0.0031,-0.8680
0,1.2831,0.4999,0.0030,-0.8702
0,1.2851,0.5014,0.0025,-0.8741
0,1.2871,0.5028,0.0016,-0.8796
0,1.2891,0.5040,0.0003,-0.8868
0,1.2911,0.5051,-0.0013,-0.8953
0,1.2931,0.5060,-0.0031,-0.9046
0,1.2951,0.5065,-0.0050,-0.9142
0,1.2971,0.5068,-0.0068,-0.9234
0,1.2991,0.5067,-0.0084,-0.9316
0,1.3011,0.5064,-0.0098,-0.9385
0,1.3031,0.5058,-0.0108,-0.9439
0,1.3051,0.5049,-0.0114,-0.9480
0,1.3071,0.5038,-0.0116,-0.9512
0,1.3091,0.5025,-0.0116,-0.9540
0,1.3111,0.5011,-0.0114,-0.9572
0,1.3131,0.4996,-0.0112,-0.9613
0,1.3151,0.4982,-0.0109,-0.9667
0,1.3171,0.4968,-0.0107,-0.9733
0,1.3191,0.4956,-0.0106,-0.9811
0,1.3211,0.4946,-0.0105,-0.9895
0,1.3231,0.4938,-0.0104,-0.9979
0,1.3251,0.4934,-0.0102,-1.0057
0,1.3271,0.4932,-0.0099,-1.0124
0,1.3291,0.4933,-0.0095,-1.0177
0,1.3311,0.4937,-0.0090,-1.0217
0,1.3331,0.4944,-0.0084,-1.0247
0,1.3351,0.4954,-0.0079,-1.0271
0,1.3371,0.4966,-0.0075,-1.0296
0,1.3391,0.4979,-0.0073,-1.0327
0,1.3411,0.4993,-0.0072,-1.0369
0,1.3431,0.5007,-0.0074,-1.0423
0,1.3451,0.5020,-0.0076,-1.0487
0,1.3471,0.5033,-0.0079,-1.0558
0,1.3491,0.5043,-0.0080,-1.0630
0,1.3511,0.5052,-0.0078,-1.0697
0,1.3531,0.5057,-0.0072,-1.0754
0,1.3551,0.5060,-0.0062,-1.0798
0,1.3571,0.5059,-0.0049,-1.0830
0,1.3591,0.5056,-0.0032,-1.0853
0,1.3611,0.5050,-0.0014,-1.0873
0,1.3631,0.5041,0.0004,-1.0906
0,1.3651,0.5031,0.0020,-1.0945
0,1.3671,0.5019,0.0034,-1.0983
0,1.3691,0.5007,0.0047,-1.1010
0,1.3711,0.4995,0.0058,-1.1020
0,1.3731,0.4983,0.0067,-1.1011
0,1.3751,0.4973,0.0071,-1.0987
0,1.3771,0.4965,0.0071,-1.0952
0,1.3791,0.4959,0.0064,-1.0917
0,1.3811,0.4956,0.0051,-1.0888
0,1.3831,0.4955,0.0032,-1.0873
0,1.3851,0.4956,0.0008,-1.0875
0,1.3871,0.4960,-0.0018,-1.0892
0,1.3891,0.4965,-0.0045,-1.0918
0,1.3911,0.4972,-0.0068,-1.0948
0,1.3931,0.4979,-0.0085,-1.0972
0,1.3951,0.4987,-0.0093,-1.0985
0,1.3971,0.4995,-0.0091,-1.0983
0,1.3991,0.5003,-0.0080,-1.0967
0,1.4011,0.5009,-0.0062,-1.0941
0,1.4031,0.5015,-0.0038,-1.0913
0,1.4051,0.5020,-0.0011,-1.0890
0,1.4071,0.5023,0.0014,-1.0878
0,1.4091,0.5026,0.0036,-1.0881
0,1.4111,0.5027,0.0053,-1.0898
0,1.4131,0.5027,0.0064,-1.0928
0,1.4151,0.5027,0.0068,-1.0968
0,1.4171,0.5025,0.0065,-1.1020
0,1.4191,0.5024,0.0055,-1.1082
0,1.4211,0.5022,0.0039,-1.1152
0,1.4231,0.5020,0.0019,-1.1227
0,1.4251,0.5018,-0.0003,-1.1302
0,1.4271,0.5017,-0.0025,-1.1373
0,1.4291,0.5016,-0.0044,-1.1437
0,1.4311,0.5015,-0.0060,-1.1491
0,1.4331,0.5015,-0.0070,-1.1537
0,1.4351,0.5016,-0.0074,-1.1578
0,1.4371,0.5017,-0.0073,-1.1617
0,1.4391,0.5019,-0.0067,-1.1660
0,1.4411,0.5021,-0.0058,-1.1710
0,1.4431,0.5024,-0.0046,-1.1769
0,1.4451,0.5028,-0.0033,-1.1837
0,1.4471,0.5033,-0.0019,-1.1911
0,1.4491,0.5038,-0.0005,-1.1987
0,1.4511,0.5043,0.0009,-1.2059
0,1.4531,0.5049,0.0022,-1.2126
0,1.4551,0.5054,0.0033,-1.2184
0,1.4571,0.5060,0.0041,-1.2232
0,1.4591,0.5064,0.0046,-1.2274
0,1.4611,0.5068,0.0046,-1.2313
0,1.4631,0.5071,0.0041,-1.2351
0,1.4651,0.5073,0.0031,-1.2394
0,1.4671,0.5073,0.0017,-1.2442
0,1.4691,0.5072,0.0000,-1.2497
0,1.4711,0.5069,-0.0018,-1.2558
0,1.4731,0.5065,-0.0035,-1.2620
0,1.4751,0.5059,-0.0050,-1.2682
0,1.4771,0.5051,-0.0060,-1.2738
0,1.4791,0.5042,-0.0065,-1.2788
0,1.4811,0.5031,-0.0064,-1.2832
0,1.4831,0.5020,-0.0058,-1.2870
0,1.4851,0.5009,-0.0046,-1.2906
0,1.4871,0.4998,-0.0032,-1.2943
0,1.4891,0.4987,-0.0015,-1.2985
0,1.4911,0.4978,0.0001,-1.3036
0,1.4931,0.4971,0.0014,-1.3106
0,1.4951,0.4965,0.0025,-1.3181
0,1.4971,0.4961,0.0035,-1.3240
0,1.4991,0.4959,0.0045,-1.3269
0,1.5011,0.4959,0.0055,-1.3261
0,1.5031,0.4961,0.0063,-1.3219
0,1.5051,0.4965,0.0069,-1.3154
0,1.5071,0.4971,0.0068,-1.3085
0,1.5091,0.4979,0.0060,-1.3029
0,1.5111,0.4988,0.0043,-1.3001
0,1.5131,0.4999,0.0019,-1.3007
0,1.5151,0.5011,-0.0010,-1.3044
0,1.5171,0.5022,-0.0041,-1.3101
0,1.5191,0.5031,-0.0068,-1.3162
0,1.5211,0.5038,-0.0087,-1.3210
0,1.5231,0.5042,-0.0095,-1.3232
0,1.5251,0.5043,-0.0091,-1.3221
0,1.5271,0.5040,-0.0075,-1.3183
0,1.5291,0.5035,-0.0051,-1.3126
0,1.5311,0.5028,-0.0022,-1.3068
0,1.5331,0.5019,0.0007,-1.3025
0,1.5351,0.5010,0.0032,-1.3008
0,1.5371,0.5001,0.0050,-1.3023
0,1.5391,0.4993,0.0060,-1.3065
0,1.5411,0.4986,0.0063,-1.3125
0,1.5431,0.4980,0.0059,-1.3187
0,1.5451,0.4976,0.0052,-1.3241
0,1.5471,0.4973,0.0040,-1.3283
0,1.5491,0.4973,0.0027,-1.3315
0,1.5511,0.4975,0.0012,-1.3341
0,1.5531,0.4980,-0.0004,-1.3370
0,1.5551,0.4988,-0.0020,-1.3407
0,1.5571,0.4998,-0.0035,-1.3457
0,1.5591,0.5011,-0.0049,-1.3523
0,1.5611,0.5025,-0.0058,-1.3600
0,1.5631,0.5040,-0.0062,-1.3683
0,1.5651,0.5055,-0.0060,-1.3764
0,1.5671,0.5069,-0.0050,-1.3838
0,1.5691,0.5083,-0.0033,-1.3899
0,1.5711,0.5094,-0.0010,-1.3947
0,1.5731,0.5104,0.0016,-1.3984
0,1.5751,0.5112,0.0044,-1.4017
0,1.5771,0.5118,0.0068,-1.4052
0,1.5791,0.5123,0.0088,-1.4096
0,1.5811,0.5125,0.0100,-1.4153
0,1.5831,0.5125,0.0104,-1.4223
0,1.5851,0.5123,0.0100,-1.4301
0,1.5871,0.5119,0.0088,-1.4382
0,1.5891,0.5113,0.0072,-1.4458
0,1.5911,0.5105,0.0052,-1.4523
0,1.5931,0.5095,0.0031,-1.4573
0,1.5951,0.5084,0.0010,-1.4609
0,1.5971,0.5071,-0.0008,-1.4635
0,1.5991,0.5058,-0.0024,-1.4659
0,1.6011,0.5045,-0.0037,-1.4687
0,1.6031,0.5034,-0.0046,-1.4727
0,1.6051,0.5024,-0.0052,-1.4781
0,1.6071,0.5015,-0.0053,-1.4849
0,1.6091,0.5009,-0.0049,-1.4925
0,1.6111,0.5005,-0.0040,-1.5003
0,1.6131,0.5002,-0.0027,-1.5075
0,1.6151,0.5000,-0.0009,-1.5137
0,1.6171,0.4999,0.0011,-1.5186
0,1.6191,0.4999,0.0031,-1.5223
0,1.6211,0.5000,0.0049,-1.5256
0,1.6231,0.5002,0.0061,-1.5301
0,1.6251,0.5004,0.0067,-1.5350
0,1.6271,0.5005,0.0068,-1.5389
0,1.6291,0.5006,0.0065,-1.5408
0,1.6311,0.5006,0.0058,-1.5401
0,1.6331,0.5004,0.0049,-1.5370
0,1.6351,0.5002,0.0036,-1.5325
0,1.6371,0.5000,0.0021,-1.5277
0,1.6391,0.4998,0.0004,-1.5240
0,1.6411,0.4998,-0.0016,-1.5223
0,1.6431,0.4998,-0.0037,-1.5229
0,1.6451,0.5000,-0.0056,-1.5257
0,1.6471,0.5001,-0.0071,-1.5298
0,1.6491,0.5003,-0.0080,-1.5340
0,1.6511,0.5003,-0.0081,-1.5371
0,1.6531,0.5002,-0.0072,-1.5383
0,1.6551,0.5000,-0.0056,-1.5372
0,1.6571,0.4996,-0.0033,-1.5343
0,1.6591,0.4993,-0.0007,-1.5305
0,1.6611,0.4989,0.0020,-1.5268
0,1.6631,0.4988,0.0043,-1.5244
0,1.6651,0.4987,0.0060,-1.5241
0,1.6671,0.4989,0.0069,-1.5258
0,1.6691,0.4992,0.0070,-1.5292
0,1.6711,0.4996,0.0064,-1.5332
0,1.6731,0.5001,0.0053,-1.5370
0,1.6751,0.5005,0.0037,-1.5400
0,1.6771,0.5009,0.0018,-1.5426
0,1.6791,0.5012,-0.0004,-1.5454
0,1.6811,0.5014,-0.0029,-1.5491
0,1.6831,0.5015,-0.0054,-1.5542
0,1.6851,0.5015,-0.0079,-1.5608
0,1.6871,0.5014,-0.0102,-1.5686
0,1.6891,0.5010,-0.0120,-1.5771
0,1.6911,0.5005,-0.0132,-1.5854
0,1.6931,0.4997,-0.0135,-1.5929
0,1.6951,0.4987,-0.0131,-1.5990
0,1.6971,0.4976,-0.0118,-1.6037
0,1.6991,0.4963,-0.0100,-1.6074
0,1.7011,0.4951,-0.0079,-1.6108
0,1.7031,0.4940,-0.0059,-1.6147
0,1.7051,0.4931,-0.0041,-1.6197
0,1.7071,0.4924,-0.0028,-1.6260
0,1.7091,0.4920,-0.0021,-1.6336
0,1.7111,0.4919,-0.0021,-1.6418
0,1.7131,0.4921,-0.0026,-1.6500
0,1.7151,0.4924,-0.0035,-1.6573
0,1.7171,0.4929,-0.0046,-1.6631
0,1.7191,0.4936,-0.0059,-1.6674
0,1.7211,0.4943,-0.0072,-1.6704
0,1.7231,0.4951,-0.0084,-1.6727
0,1.7251,0.4960,-0.0095,-1.6752
0,1.7271,0.4969,-0.0105,-1.6786
0,1.7291,0.4978,-0.0113,-1.6834
0,1.7311,0.4988,-0.0118,-1.6896
0,1.7331,0.4996,-0.0119,-1.6969
0,1.7351,0.5002,-0.0115,-1.7045
0,1.7371,0.5007,-0.0104,-1.7116
0,1.7391,0.5010,-0.0087,-1.7178
0,1.7411,0.5010,-0.0064,-1.7227
0,1.7431,0.5008,-0.0038,-1.7264
0,1.7451,0.5004,-0.0011,-1.7295
0,1.7471,0.5000,0.0014,-1.7325
0,1.7491,0.4995,0.0035,-1.7362
0,1.7511,0.4992,0.0049,-1.7411
0,1.7531,0.4989,0.0056,-1.7485
0,1.7551,0.4988,0.0056,-1.7564
0,1.7571,0.4987,0.0053,-1.7625
0,1.7591,0.4986,0.0050,-1.7647
0,1.7611,0.4984,0.0048,-1.7626
0,1.7631,0.4982,0.0046,-1.7568
0,1.7651,0.4981,0.0042,-1.7490
0,1.7671,0.4981,0.0034,-1.7419
0,1.7691,0.4983,0.0019,-1.7374
0,1.7711,0.4987,-0.0002,-1.7369
0,1.7731,0.4994,-0.0028,-1.7405
0,1.7751,0.5002,-0.0055,-1.7467
0,1.7771,0.5010,-0.0078,-1.7537
0,1.7791,0.5016,-0.0091,-1.7590
0,1.7811,0.5020,-0.0092,-1.7611
0,1.7831,0.5020,-0.0079,-1.7593
0,1.7851,0.5018,-0.0055,-1.7543
0,1.7871,0.5014,-0.0024,-1.7477
0,1.7891,0.5010,0.0008,-1.7418
0,1.7911,0.5006,0.0035,-1.7384
0,1.7931,0.5003,0.0054,-1.7388
0,1.7951,0.5001,0.0064,-1.7428
0,1.7971,0.5001,0.0064,-1.7491
0,1.7991,0.5001,0.0057,-1.7559
0,1.8011,0.5000,0.0048,-1.7609
0,1.8031,0.4999,0.0038,-1.7626
0,1.8051,0.4996,0.0030,-1.7605
0,1.8071,0.4993,0.0023,-1.7552
0,1.8091,0.4990,0.0016,-1.7485
0,1.8111,0.4987,0.0007,-1.7423
0,1.8131,0.4986,-0.0006,-1.7385
0,1.8151,0.4988,-0.0023,-1.7383
0,1.8171,0.4991,-0.0042,-1.7416
0,1.8191,0.4995,-0.0060,-1.7472
0,1.8211,0.5000,-0.0073,-1.7533
0,1.8231,0.5003,-0.0077,-1.7580
0,1.8251,0.5005,-0.0071,-1.7598
0,1.8271,0.5006,-0.0054,-1.7582
0,1.8291,0.5004,-0.0029,-1.7538
0,1.8311,0.5002,0.0000,-1.7482
0,1.8331,0.5000,0.0028,-1.7431
0,1.8351,0.4999,0.0050,-1.7402
0,1.8371,0.4999,0.0064,-1.7406
0,1.8391,0.5001,0.0067,-1.7441
0,1.8411,0.5003,0.0061,-1.7496
0,1.8431,0.5006,0.0049,-1.7553
0,1.8451,0.5008,0.0035,-1.7594
0,1.8471,0.5009,0.0022,-1.7607
0,1.8491,0.5008,0.0010,-1.7586
0,1.8511,0.5006,0.0002,-1.7539
0,1.8531,0.5003,-0.0006,-1.7480
0,1.8551,0.5000,-0.0013,-1.7427
0,1.8571,0.4998,-0.0022,-1.7396
0,1.8591,0.4997,-0.0032,-1.7396
0,1.8611,0.4997,-0.0044,-1.7427
0,1.8631,0.4998,-0.0054,-1.7478
0,1.8651,0.4999,-0.0060,-1.7532
0,1.8671,0.4999,-0.0058,-1.7573
0,1.8691,0.4998,-0.0048,-1.7588
0,1.8711,0.4996,-0.0030,-1.7573
0,1.8731,0.4994,-0.0007,-1.7535
0,1.8751,0.4991,0.0019,-1.7485
0,1.8771,0.4989,0.0041,-1.7441
0,1.8791,0.4989,0.0057,-1.7417
0,1.8811,0.4990,0.0063,-1.7421
0,1.8831,0.4993,0.0061,-1.7451
0,1.8851,0.4998,0.0050,-1.7498
0,1.8871,0.5003,0.0035,-1.7547
0,1.8891,0.5007,0.0018,-1.7581
0,1.8911,0.5010,0.0003,-1.7590
0,1.8931,0.5011,-0.0008,-1.7570
0,1.8951,0.5011,-0.0016,-1.7528
0,1.8971,0.5010,-0.0021,-1.7477
0,1.8991,0.5008,-0.0025,-1.7432
0,1.9011,0.5007,-0.0028,-1.7407
0,1.9031,0.5006,-0.0033,-1.7409
0,1.9051,0.5005,-0.0038,-1.7438
0,1.9071,0.5005,-0.0042,-1.7483
0,1.9091,0.5004,-0.0042,-1.7531
0,1.9111,0.5003,-0.0037,-1.7566
0,1.9131,0.5000,-0.0026,-1.7579
0,1.9151,0.4997,-0.0009,-1.7565
0,1.9171,0.4992,0.0011,-1.7531
0,1.9191,0.4988,0.0031,-1.7487
0,1.9211,0.4985,0.0047,-1.7449
0,1.9231,0.4984,0.0056,-1.7429
0,1.9251,0.4985,0.0056,-1.7432
0,1.9271,0.4988,0.0049,-1.7459
0,1.9291,0.4992,0.0035,-1.7500
0,1.9311,0.4996,0.0018,-1.7541
0,1.9331,0.5001,0.0001,-1.7569
0,1.9351,0.5004,-0.0014,-1.7575
0,1.9371,0.5007,-0.0023,-1.7557
0,1.9391,0.5008,-0.0028,-1.7520
0,1.9411,0.5008,-0.0030,-1.7475
0,1.9431,0.5008,-0.0029,-1.7437
0,1.9451,0.5008,-0.0028,-1.7418
0,1.9471,0.5008,-0.0028,-1.7422
0,1.9491,0.5009,-0.0028,-1.7448
0,1.9511,0.5009,-0.0027,-1.7489
0,1.9531,0.5009,-0.0024,-1.7531
0,1.9551,0.5008,-0.0017,-1.7561
0,1.9571,0.5005,-0.0007,-1.7570
0,1.9591,0.5002,0.0007,-1.7557
0,1.9611,0.4997,0.0022,-1.7526
0,1.9631,0.4993,0.0036,-1.7488
0,1.9651,0.4990,0.0046,-1.7455
0,1.9671,0.4988,0.0049,-1.7438
0,1.9691,0.4987,0.0045,-1.7442
0,1.9711,0.4989,0.0035,-1.7465
0,1.9731,0.4991,0.0019,-1.7500
0,1.9751,0.4994,0.0002,-1.7534
0,1.9771,0.4997,-0.0014,-1.7558
0,1.9791,0.5000,-0.0026,-1.7562
0,1.9811,0.5001,-0.0033,-1.7545
0,1.9831,0.5002,-0.0035,-1.7513
0,1.9851,0.5002,-0.0033,-1.7475
0,1.9871,0.5002,-0.0028,-1.7444
0,1.9891,0.5003,-0.0024,-1.7429
0,1.9911,0.5004,-0.0020,-1.7434
0,1.9931,0.5005,-0.0016,-1.7458
0,1.9951,0.5007,-0.0013,-1.7494
0,1.9971,0.5008,-0.0008,-1.7530
0,1.9991,0.5008,-0.0002,-1.7555
0,2.0011,0.5007,0.0007,-1.7562
0,2.0031,0.5005,0.0017,-1.7550
0,2.0051,0.5002,0.0028,-1.7522
0,2.0071,0.4999,0.0036,-1.7488
0,2.0091,0.4997,0.0041,-1.7460
0,2.0111,0.4995,0.0040,-1.7445
0,2.0131,0.4995,0.0033,-1.7449
0,2.0151,0.4995,0.0020,-1.7469
0,2.0171,0.4997,0.0005,-1.7499
0,2.0191,0.4998,-0.0011,-1.7529
0,2.0211,0.4999,-0.0024,-1.7548
0,2.0231,0.5000,-0.0033,-1.7551
0,2.0251,0.5000,-0.0037,-1.7536
0,2.0271,0.4999,-0.0035,-1.7509
0,2.0291,0.4998,-0.0030,-1.7477
0,2.0311,0.4997,-0.0023,-1.7451
0,2.0331,0.4997,-0.0016,-1.7439
0,2.0351,0.4997,-0.0010,-1.7445
0,2.0371,0.4999,-0.0005,-1.7467
0,2.0391,0.5000,-0.0001,-1.7498
0,2.0411,0.5002,0.0003,-1.7529
0,2.0431,0.5003,0.0008,-1.7550
0,2.0451,0.5004,0.0014,-1.7555
0,2.0471,0.5003,0.0020,-1.7543
0,2.0491,0.5003,0.0027,-1.7518
0,2.0511,0.5002,0.0031,-1.7488
0,2.0531,0.5001,0.0032,-1.7463
0,2.0551,0.5001,0.0028,-1.7451
0,2.0571,0.5001,0.0020,-1.7454
0,2.0591,0.5002,0.0008,-1.7472
0,2.0611,0.5003,-0.0006,-1.7498
0,2.0631,0.5004,-0.0019,-1.7523
0,2.0651,0.5004,-0.0029,-1.7540
0,2.0671,0.5004,-0.0034,-1.7542
0,2.0691,0.5003,-0.0035,-1.7529
0,2.0711,0.5000,-0.0031,-1.7506
0,2.0731,0.4998,-0.0023,-1.7479
0,2.0751,0.4996,-0.0015,-1.7458
0,2.0771,0.4995,-0.0007,-1.7449
0,2.0791,0.4994,0.0000,-1.7455
0,2.0811,0.4994,0.0005,-1.7474
0,2.0831,0.4995,0.0008,-1.7501
0,2.0851,0.4996,0.0010,-1.7527
0,2.0871,0.4998,0.0013,-1.7545
0,2.0891,0.4998,0.0016,-1.7548
0,2.0911,0.4999,0.0019,-1.7536
0,2.0931,0.4999,0.0022,-1.7514
0,2.0951,0.4999,0.0023,-1.7488
0,2.0970,0.5000,0.0021,-1.7467
0,2.0990,0.5001,0.0017,-1.7456
0,2.1010,0.5002,0.0009,-1.7459
0,2.1030,0.5004,-0.0002,-1.7474
0,2.1050,0.5006,-0.0013,-1.7501
0,2.1070,0.5008,-0.0025,-1.7534
0,2.1090,0.5009,-0.0034,-1.7571
0,2.1110,0.5010,-0.0040,-1.7605
0,2.1130,0.5009,-0.0043,-1.7635
0,2.1150,0.5008,-0.0040,-1.7657
0,2.1170,0.5006,-0.0034,-1.7675
0,2.1190,0.5003,-0.0025,-1.7689
0,2.1210,0.5000,-0.0014,-1.7705
0,2.1230,0.4997,-0.0003,-1.7725
0,2.1250,0.4994,0.0006,-1.7752
0,2.1270,0.4992,0.0014,-1.7785
0,2.1290,0.4991,0.0018,-1.7822
0,2.1310,0.4990,0.0021,-1.7859
0,2.1330,0.4990,0.0020,-1.7892
0,2.1350,0.4990,0.0019,-1.7919
0,2.1370,0.4991,0.0015,-1.7939
0,2.1390,0.4992,0.0010,-1.7952
0,2.1410,0.4993,0.0004,-1.7964
0,2.1430,0.4996,-0.0005,-1.7984
0,2.1450,0.4998,-0.0014,-1.8009
0,2.1470,0.5001,-0.0023,-1.8030
0,2.1490,0.5004,-0.0028,-1.8040
0,2.1510,0.5005,-0.0030,-1.8036
0,2.1530,0.5006,-0.0029,-1.8019
0,2.1550,0.5006,-0.0024,-1.7995
0,2.1570,0.5006,-0.0018,-1.7972
0,2.1590,0.5005,-0.0013,-1.7957
0,2.1610,0.5005,-0.0009,-1.7955
0,2.1630,0.5006,-0.0006,-1.7968
0,2.1650,0.5006,-0.0005,-1.7990
0,2.1670,0.5006,-0.0005,-1.8015
0,2.1690,0.5005,-0.0005,-1.8034
0,2.1710,0.5004,-0.0003,-1.8042
0,2.1730,0.5003,-0.0001,-1.8036
0,2.1750,0.5000,0.0003,-1.8018
0,2.1770,0.4998,0.0006,-1.7995
0,2.1790,0.4996,0.0007,-1.7974
0,2.1810,0.4995,0.0006,-1.7962
0,2.1830,0.4994,0.0002,-1.7962
0,2.1850,0.4995,-0.0005,-1.7975
0,2.1870,0.4996,-0.0013,-1.7995
0,2.1890,0.4997,-0.0021,-1.8016
0,2.1910,0.4998,-0.0026,-1.8031
0,2.1930,0.4999,-0.0029,-1.8034
0,2.1950,0.5000,-0.0028,-1.8026
0,2.1970,0.5000,-0.0024,-1.8008
0,2.1990,0.5000,-0.0019,-1.7986
0,2.2010,0.5001,-0.0012,-1.7969
0,2.2030,0.5001,-0.0007,-1.7961
0,2.2050,0.5002,-0.0004,-1.7965
0,2.2070,0.5003,-0.0003,-1.7981
0,2.2090,0.5005,-0.0002,-1.8002
0,2.2110,0.5006,-0.0003,-1.8022
0,2.2130,0.5006,-0.0003,-1.8034
0,2.2150,0.5006,-0.0002,-1.8035
0,2.2170,0.5005,-0.0000,-1.8025
0,2.2190,0.5004,0.0002,-1.8006
0,2.2210,0.5002,0.0003,-1.7986
0,2.2230,0.5001,0.0003,-1.7970
0,2.2250,0.5000,-0.0000,-1.7964
0,2.2270,0.4999,-0.0005,-1.7970
0,2.2290,0.4999,-0.0012,-1.7985
0,2.2310,0.4999,-0.0018,-1.8004
0,2.2330,0.5000,-0.0024,-1.8020
0,2.2350,0.5000,-0.0027,-1.8029
0,2.2370,0.4999,-0.0027,-1.8027
0,2.2390,0.4998,-0.0024,-1.8016
0,2.2410,0.4997,-0.0019,-1.7998
0,2.2430,0.4997,-0.0013,-1.7981
0,2.2450,0.4996,-0.0007,-1.7969
0,2.2470,0.4997,-0.0003,-1.7967
0,2.2490,0.4998,-0.0001,-1.7975
0,2.2510,0.4999,-0.0001,-1.7992
0,2.2530,0.5001,-0.0001,-1.8010
0,2.2550,0.5003,-0.0002,-1.8025
0,2.2570,0.5004,-0.0003,-1.8031
0,2.2590,0.5004,-0.0003,-1.8027
0,2.2610,0.5005,-0.0002,-1.8014
0,2.2630,0.5004,-0.0001,-1.7997
0,2.2650,0.5004,-0.0001,-1.7980
0,2.2670,0.5004,-0.0002,-1.7970
0,2.2690,0.5004,-0.0006,-1.7969
0,2.2710,0.5004,-0.0010,-1.7978
0,2.2730,0.5004,-0.0016,-1.7993
0,2.2750,0.5004,-0.0021,-1.8010
0,2.2770,0.5003,-0.0024,-1.8022
0,2.2790,0.5003,-0.0024,-1.8025
0,2.2810,0.5001,-0.0022,-1.8020
0,2.2830,0.5000,-0.0018,-1.8007
0,2.2850,0.4998,-0.0012,-1.7991
0,2.2870,0.4997,-0.0007,-1.7978
0,2.2890,0.4996,-0.0003,-1.7971
0,2.2910,0.4996,-0.0000,-1.7974
0,2.2930,0.4996,0.0000,-1.7985
0,2.2950,0.4997,-0.0001,-1.8005
0,2.2970,0.4999,-0.0004,-1.8030
0,2.2990,0.5001,-0.0007,-1.8060
0,2.3010,0.5003,-0.0011,-1.8091
0,2.3030,0.5005,-0.0015,-1.8122
0,2.3050,0.5007,-0.0017,-1.8149
0,2.3070,0.5008,-0.0017,-1.8172
0,2.3090,0.5009,-0.0016,-1.8192
0,2.3110,0.5009,-0.0014,-1.8210
0,2.3130,0.5009,-0.0011,-1.8228
0,2.3150,0.5009,-0.0008,-1.8249
0,2.3170,0.5009,-0.0005,-1.8274
0,2.3190,0.5008,-0.0002,-1.8303
0,2.3210,0.5008,-0.0000,-1.8335
0,2.3230,0.5007,0.0002,-1.8367
0,2.3250,0.5006,0.0003,-1.8398
0,2.3270,0.5004,0.0005,-1.8426
0,2.3290,0.5003,0.0006,-1.8449
0,2.3310,0.5001,0.0007,-1.8469
0,2.3330,0.4999,0.0006,-1.8495
0,2.3350,0.4998,0.0005,-1.8522
0,2.3370,0.4997,0.0004,-1.8541
0,2.3390,0.4995,0.0004,-1.8546
0,2.3410,0.4993,0.0006,-1.8537
0,2.3430,0.4991,0.0008,-1.8515
0,2.3450,0.4990,0.0011,-1.8489
0,2.3470,0.4989,0.0011,-1.8467
0,2.3490,0.4990,0.0009,-1.8455
0,2.3510,0.4991,0.0005,-1.8458
0,2.3530,0.4994,-0.0002,-1.8473
0,2.3550,0.4998,-0.0009,-1.8497
0,2.3570,0.5002,-0.0016,-1.8520
0,2.3590,0.5005,-0.0020,-1.8535
0,2.3610,0.5007,-0.0021,-1.8538
0,2.3630,0.5008,-0.0018,-1.8527
0,2.3650,0.5009,-0.0013,-1.8506
0,2.3670,0.5009,-0.0006,-1.8483
0,2.3690,0.5008,0.0000,-1.8464
0,2.3710,0.5008,0.0006,-1.8456
0,2.3730,0.5007,0.0008,-1.8462
0,2.3750,0.5007,0.0009,-1.8479
0,2.3770,0.5007,0.0008,-1.8502
0,2.3790,0.5006,0.0006,-1.8524
0,2.3810,0.5005,0.0005,-1.8538
0,2.3830,0.5003,0.0005,-1.8538
0,2.3850,0.5000,0.0005,-1.8527
0,2.3870,0.4998,0.0007,-1.8506
0,2.3890,0.4995,0.0007,-1.8484
0,2.3910,0.4993,0.0007,-1.8466
0,2.3930,0.4992,0.0004,-1.8460
0,2.3950,0.4992,-0.0000,-1.8465
0,2.3970,0.4992,-0.0006,-1.8482
0,2.3990,0.4994,-0.0012,-1.8503
0,2.4010,0.4996,-0.0017,-1.8522
0,2.4030,0.4998,-0.0019,-1.8532
0,2.4050,0.4999,-0.0018,-1.8531
0,2.4070,0.5000,-0.0014,-1.8519
0,2.4090,0.5001,-0.0008,-1.8500
0,2.4110,0.5001,-0.0002,-1.8480
0,2.4130,0.5002,0.0004,-1.8466
0,2.4150,0.5003,0.0008,-1.8462
0,2.4170,0.5005,0.0010,-1.8470
0,2.4190,0.5006,0.0010,-1.8487
0,2.4210,0.5008,0.0008,-1.8508
0,2.4230,0.5009,0.0006,-1.8525
0,2.4250,0.5009,0.0004,-1.8534
0,2.4270,0.5008,0.0004,-1.8531
0,2.4290,0.5007,0.0004,-1.8518
0,2.4310,0.5004,0.0005,-1.8499
0,2.4330,0.5002,0.0005,-1.8480
0,2.4350,0.5000,0.0003,-1.8467
0,2.4370,0.4998,0.0001,-1.8464
0,2.4390,0.4997,-0.0003,-1.8472
0,2.4410,0.4997,-0.0008,-1.8488
0,2.4430,0.4997,-0.0013,-1.8507
0,2.4450,0.4997,-0.0016,-1.8522
0,2.4470,0.4997,-0.0016,-1.8529
0,2.4490,0.4996,-0.0014,-1.8525
0,2.4510,0.4996,-0.0010,-1.8513
0,2.4530,0.4995,-0.0004,-1.8495
0,2.4550,0.4995,0.0001,-1.8479
0,2.4570,0.4996,0.0006,-1.8469
0,2.4590,0.4997,0.0009,-1.8469
0,2.4610,0.4999,0.0010,-1.8478
0,2.4630,0.5001,0.0009,-1.8494
0,2.4650,0.5003,0.0007,-1.8511
0,2.4670,0.5005,0.0004,-1.8524
0,2.4690,0.5007,0.0003,-1.8529
0,2.4710,0.5007,0.0002,-1.8524
0,2.4730,0.5007,0.0002,-1.8511
0,2.4750,0.5007,0.0002,-1.8493
0,2.4770,0.5006,0.0002,-1.8478
0,2.4790,0.5005,0.0001,-1.8469
0,2.4810,0.5004,-0.0002,-1.8469
0,2.4830,0.5004,-0.0005,-1.8479
0,2.4850,0.5003,-0.0009,-1.8497
0,2.4870,0.5003,-0.0013,-1.8522
0,2.4890,0.5003,-0.0017,-1.8552
0,2.4910,0.5003,-0.0020,-1.8584
0,2.4930,0.5003,-0.0020,-1.8615
0,2.4950,0.5003,-0.0019,-1.8641
0,2.4970,0.5003,-0.0016,-1.8664
0,2.4990,0.5003,-0.0011,-1.8682
0,2.5010,0.5003,-0.0005,-1.8699
0,2.5030,0.5003,0.0000,-1.8717
0,2.5050,0.5003,0.0005,-1.8738
0,2.5070,0.5004,0.0009,-1.8763
0,2.5090,0.5005,0.0010,-1.8793
0,2.5110,0.5006,0.0010,-1.8826
0,2.5130,0.5008,0.0009,-1.8860
0,2.5150,0.5009,0.0007,-1.8892
0,2.5170,0.5010,0.0005,-1.8920
0,2.5190,0.5010,0.0002,-1.8943
0,2.5210,0.5009,-0.0001,-1.8964
0,2.5230,0.5009,-0.0004,-1.8989
0,2.5250,0.5008,-0.0008,-1.9000
0,2.5270,0.5006,-0.0011,-1.8999
0,2.5290,0.5004,-0.0013,-1.8997
0,2.5310,0.5001,-0.0014,-1.8995
0,2.5330,0.4999,-0.0015,-1.8993
0,2.5350,0.4996,-0.0014,-1.8992
0,2.5370,0.4994,-0.0013,-1.8993
0,2.5390,0.4992,-0.0011,-1.8994
0,2.5410,0.4990,-0.0008,-1.8997
0,2.5430,0.4989,-0.0005,-1.8999
0,2.5450,0.4988,-0.0002,-1.9000
0,2.5470,0.4988,0.0001,-1.8999
0,2.5490,0.4989,0.0003,-1.8998
0,2.5510,0.4990,0.0005,-1.8998
0,2.5530,0.4992,0.0007,-1.8997
0,2.5550,0.4994,0.0007,-1.8997
0,2.5570,0.4996,0.0006,-1.8998
0,2.5590,0.4999,0.0005,-1.8999
0,2.5610,0.5001,0.0002,-1.8999
0,2.5630,0.5003,-0.0000,-1.9000
0,2.5650,0.5006,-0.0003,-1.8999
0,2.5670,0.5007,-0.0005,-1.8998
0,2.5690,0.5008,-0.0008,-1.8997
0,2.5710,0.5009,-0.0009,-1.8995
0,2.5730,0.5009,-0.0010,-1.8994
0,2.5750,0.5008,-0.0011,-1.8993
0,2.5770,0.5007,-0.0011,-1.8994
0,2.5790,0.5005,-0.0010,-1.8994
0,2.5810,0.5003,-0.0009,-1.8996
0,2.5830,0.5001,-0.0007,-1.8997
0,2.5850,0.4999,-0.0005,-1.8999
0,2.5870,0.4996,-0.0003,-1.9000
0,2.5890,0.4994,-0.0000,-1.9000
0,2.5910,0.4992,0.0002,-1.8999
0,2.5930,0.4991,0.0004,-1.8999
0,2.5950,0.4990,0.0005,-1.8998
0,2.5970,0.4989,0.0005,-1.8997
0,2.5990,0.4989,0.0005,-1.8997
0,2.6010,0.4990,0.0004,-1.8998
0,2.6030,0.4991,0.0002,-1.8998
0,2.6050,0.4993,-0.0000,-1.8999
0,2.6070,0.4994,-0.0003,-1.8999
0,2.6090,0.4997,-0.0005,-1.8999
0,2.6110,0.4999,-0.0007,-1.8998
0,2.6130,0.5001,-0.0009,-1.8997
0,2.6150,0.5003,-0.0010,-1.8996
0,2.6170,0.5004,-0.0010,-1.8995
0,2.6190,0.5006,-0.0010,-1.8994
0,2.6210,0.5007,-0.0009,-1.8994
0,2.6230,0.5007,-0.0008,-1.8995
0,2.6250,0.5007,-0.0007,-1.8996
0,2.6270,0.5006,-0.0005,-1.8997
0,2.6290,0.5005,-0.0003,-1.8998
0,2.6310,0.5004,-0.0001,-1.8999
0,2.6330,0.5002,0.0001,-1.8999
0,2.6350,0.5001,0.0003,-1.8999
0,2.6370,0.4999,0.0004,-1.8999
0,2.6390,0.4997,0.0004,-1.8998
0,2.6410,0.4995,0.0004,-1.8997
0,2.6430,0.4994,0.0004,-1.8997
0,2.6450,0.4992,0.0002,-1.8997
0,2.6470,0.4992,0.0000,-1.8998
0,2.6490,0.4991,-0.0002,-1.8998
0,2.6510,0.4992,-0.0004,-1.8999
0,2.6530,0.4992,-0.0006,-1.8999
0,2.6550,0.4993,-0.0008,-1.8998
0,2.6570,0.4994,-0.0009,-1.8998
0,2.6590,0.4995,-0.0010,-1.8997
0,2.6610,0.4997,-0.0010,-1.8996
0,2.6630,0.4998,-0.0010,-1.8995
0,2.6650,0.5000,-0.0009,-1.8995
0,2.6670,0.5001,-0.0007,-1.8995
0,2.6690,0.5002,-0.0006,-1.8996
1,2.6710,-0.0000,0.0000,0.0000
1,2.6730,-0.0000,0.0000,0.0000
1,2.6750,-0.0000,0.0000,0.0001
1,2.6770,-0.0001,0.0000,0.0001
1,2.6790,-0.0001,0.0000,0.0002
1,2.6810,-0.0001,0.0000,0.0003
1,2.6830,-0.0002,0.0000,0.0003
1,2.6850,-0.0002,0.0000,0.0003
1,2.6870,-0.0003,0.0001,0.0003
1,2.6890,-0.0003,0.0001,0.0003
1,2.6910,-0.0003,0.0001,0.0003
1,2.6930,-0.0004,0.0001,0.0003
1,2.6950,-0.0004,0.0001,0.0002
1,2.6970,-0.0004,0.0001,0.0002
1,2.6990,-0.0004,0.0002,0.0002
1,2.7010,-0.0005,0.0002,0.0002
1,2.7030,-0.0005,0.0002,0.0002
1,2.7050,-0.0005,0.0002,0.0002
1,2.7070,-0.0005,0.0002,0.0002
1,2.7090,-0.0005,0.0002,0.0003
1,2.7110,-0.0005,0.0002,0.0003
1,2.7130,-0.0005,0.0002,0.0003
1,2.7150,-0.0005,0.0002,0.0003
1,2.7170,-0.0005,0.0002,0.0003
1,2.7190,-0.0005,0.0002,0.0003
1,2.7210,-0.0005,0.0002,0.0003
1,2.7230,-0.0005,0.0002,0.0003
1,2.7250,-0.0005,0.0002,0.0003
1,2.7270,-0.0005,0.0002,0.0003
1,2.7290,-0.0005,0.0002,0.0003
1,2.7310,-0.0005,0.0002,0.0003
1,2.7330,-0.0005,0.0002,0.0003
1,2.7350,-0.0005,0.0002,0.0003
1,2.7370,-0.0005,0.0002,0.0003
1,2.7390,-0.0005,0.0002,0.0003
1,2.7410,-0.0005,0.0002,0.0003
1,2.7430,-0.0005,0.0002,0.0003
1,2.7450,-0.0005,0.0002,0.0003
1,2.7470,-0.0005,0.0002,0.0003
1,2.7490,-0.0005,0.0002,0.0003
1,2.7510,-0.0005,0.0002,0.0003
1,2.7530,-0.0005,0.0002,0.0003
1,2.7550,-0.0005,0.0002,0.0003
1,2.7570,-0.0005,0.0002,0.0003
1,2.7590,-0.0005,0.0002,0.0003
1,2.7610,-0.0005,0.0002,0.0003
1,2.7630,-0.0005,0.0002,0.0003
1,2.7650,-0.0005,0.0002,0.0003
1,2.7670,-0.0005,0.0002,0.0003
1,2.7690,-0.0005,0.0002,0.0003
1,2.7710,-0.0005,0.0002,0.0003
1,2.7730,-0.0005,0.0002,0.0003
1,2.7750,-0.0005,0.0002,0.0003
1,2.7770,-0.0005,0.0002,0.0003
1,2.7790,-0.0005,0.0002,0.0003
1,2.7810,-0.0005,0.0002,0.0003
1,2.7830,-0.0005,0.0002,0.0003
1,2.7850,-0.0005,0.0002,0.0003
1,2.7870,-0.0005,0.0002,0.0003
1,2.7890,-0.0005,0.0002,0.0003
1,2.7910,-0.0005,0.0002,0.0003
1,2.7930,-0.0005,0.0002,0.0003
1,2.7950,-0.0005,0.0002,0.0003
1,2.7970,-0.0005,0.0002,0.0003
1,2.7990,-0.0005,0.0002,0.0003
1,2.8010,-0.0005,0.0002,0.0003
1,2.8030,-0.0005,0.0002,0.0003
1,2.8050,-0.0005,0.0002,0.0003
1,2.8070,-0.0005,0.0002,0.0003
1,2.8090,-0.0005,0.0002,0.0003
1,2.8110,-0.0005,0.0002,0.0003
1,2.8130,-0.0005,0.0002,0.0003
1,2.8150,-0.0005,0.0002,0.0003
1,2.8170,-0.0005,0.0002,0.0003
1,2.8190,-0.0005,0.0002,0.0003
1,2.8210,-0.0005,0.0002,0.0003
1,2.8230,-0.0005,0.0002,0.0003
1,2.8250,-0.0005,0.0002,0.0003
1,2.8270,-0.0005,0.0002,0.0003
1,2.8290,-0.0005,0.0002,0.0003
1,2.8310,-0.0005,0.0002,0.0003
1,2.8330,-0.0005,0.0002,0.0003
1,2.8350,-0.0005,0.0002,0.0003
1,2.8370,-0.0005,0.0002,0.0003
1,2.8390,-0.0005,0.0002,0.0003
1,2.8410,-0.0005,0.0002,0.0003
1,2.8430,-0.0005,0.0002,0.0003
1,2.8450,-0.0005,0.0002,0.0003
1,2.8470,-0.0005,0.0002,0.0003
1,2.8490,-0.0005,0.0002,0.0003
1,2.8510,-0.0005,0.0002,0.0003
1,2.8530,-0.0005,0.0002,0.0003
1,2.8550,-0.0005,0.0002,0.0003
1,2.8570,-0.0005,0.0002,0.0003
1,2.8590,-0.0005,0.0002,0.0003
1,2.8610,-0.0005,0.0002,0.0003
1,2.8630,-0.0005,0.0002,0.0003
1,2.8650,-0.0005,0.0002,0.0003
1,2.8670,-0.0005,0.0002,0.0003
1,2.8690,-0.0005,0.0002,0.0003
1,2.8710,-0.0005,0.0002,0.0003
1,2.8730,-0.0005,0.0002,0.0003
1,2.8750,-0.0005,0.0002,0.0003
1,2.8770,-0.0005,0.0002,0.0003
1,2.8790,-0.0005,0.0002,0.0003
1,2.8810,-0.0005,0.0002,0.0003
1,2.8830,-0.0005,0.0002,0.0003
1,2.8850,-0.0005,0.0002,0.0003
1,2.8870,-0.0005,0.0002,0.0003
1,2.8890,-0.0005,0.0002,0.0003
1,2.8910,-0.0005,0.0002,0.0003
1,2.8930,-0.0005,0.0002,0.0003
1,2.8950,-0.0005,0.0002,0.0003
1,2.8970,-0.0005,0.0002,0.0003
1,2.8990,-0.0005,0.0002,0.0003
1,2.9010,-0.0005,0.0002,0.0003
1,2.9030,-0.0005,0.0002,0.0003
1,2.9050,-0.0005,0.0002,0.0003
1,2.9070,-0.0005,0.0002,0.0003
1,2.9090,-0.0005,0.0002,0.0003
1,2.9110,-0.0005,0.0002,0.0003
1,2.9130,-0.0005,0.0002,0.0003
1,2.9150,-0.0005,0.0002,0.0003
1,2.9170,-0.0005,0.0002,0.0003
1,2.9190,-0.0005,0.0002,0.0003
1,2.9210,-0.0005,0.0002,0.0003
1,2.9230,-0.0005,0.0002,0.0003
1,2.9250,-0.0005,0.0002,0.0003
1,2.9270,-0.0005,0.0002,0.0003
1,2.9290,-0.0005,0.0002,0.0003
1,2.9310,-0.0005,0.0002,0.0003
1,2.9330,-0.0005,0.0002,0.0003
1,2.9350,-0.0005,0.0002,0.0003
1,2.9370,-0.0005,0.0002,0.0003
1,2.9390,-0.0005,0.0002,0.0003
1,2.9410,-0.0005,0.0002,0.0003
1,2.9430,-0.0005,0.0002,0.0003
1,2.9450,-0.0005,0.0002,0.0003
1,2.9470,-0.0005,0.0002,0.0003
1,2.9490,-0.0005,0.0002,0.0003
1,2.9510,-0.0005,0.0002,0.0003
1,2.9530,-0.0005,0.0002,0.0003
1,2.9550,-0.0005,0.0002,0.0003
1,2.9570,-0.0005,0.0002,0.0003
1,2.9590,-0.0005,0.0002,0.0003
1,2.9610,-0.0005,0.0002,0.0003
1,2.9630,-0.0005,0.0002,0.0003
1,2.9650,-0.0005,0.0002,0.0003
1,2.9670,-0.0005,0.0002,0.0003
1,2.9690,-0.0005,0.0002,0.0003
1,2.9710,-0.0005,0.0002,0.0003
1,2.9730,-0.0005,0.0002,0.0003
1,2.9750,-0.0005,0.0002,0.0003
1,2.9770,-0.0005,0.0002,0.0003
1,2.9790,-0.0005,0.0002,0.0003
1,2.9810,-0.0005,0.0002,0.0003
1,2.9830,-0.0005,0.0002,0.0003
1,2.9850,-0.0005,0.0002,0.0003
1,2.9870,-0.0005,0.0002,0.0003
1,2.9890,-0.0005,0.0002,0.0003
1,2.9910,-0.0005,0.0002,0.0003
1,2.9930,-0.0005,0.0002,0.0003
1,2.9950,-0.0005,0.0002,0.0003
1,2.9970,-0.0005,0.0002,0.0003
1,2.9990,-0.0005,0.0002,0.0003
1,3.0010,-0.0005,0.0002,0.0003
1,3.0030,-0.0005,0.0002,0.0003
1,3.0050,-0.0005,0.0002,0.0003
1,3.0070,-0.0005,0.0002,0.0003
1,3.0090,-0.0005,0.0002,0.0003
1,3.0110,-0.0005,0.0002,0.0003
1,3.0130,-0.0005,0.0002,0.0003
1,3.0150,-0.0005,0.0002,0.0003
1,3.0170,-0.0005,0.0002,0.0003
1,3.0190,-0.0005,0.0002,0.0003
1,3.0210,-0.0005,0.0002,0.0003
1,3.0230,-0.0005,0.0002,0.0003
1,3.0250,-0.0005,0.0002,0.0003
1,3.0270,-0.0005,0.0002,0.0003
1,3.0290,-0.0005,0.0002,0.0003
1,3.0310,-0.0005,0.0002,0.0003
1,3.0330,-0.0005,0.0002,0.0003
1,3.0350,-0.0005,0.0002,0.0003
1,3.0370,-0.0005,0.0002,0.0003
1,3.0390,-0.0005,0.0002,0.0003
1,3.0410,-0.0005,0.0002,0.0003
1,3.0430,-0.0005,0.0002,0.0003
1,3.0450,-0.0005,0.0002,0.0003
1,3.0470,-0.0005,0.0002,0.0003
1,3.0490,-0.0005,0.0002,0.0003
1,3.0510,-0.0005,0.0002,0.0003
1,3.0530,-0.0005,0.0002,0.0003
1,3.0550,-0.0005,0.0002,0.0003
1,3.0570,-0.0005,0.0002,0.0003
1,3.0590,-0.0005,0.0002,0.0003
1,3.0610,-0.0005,0.0002,0.0003
1,3.0630,-0.0005,0.0002,0.0003
1,3.0650,-0.0005,0.0002,0.0003
1,3.0670,-0.0005,0.0002,0.0003
1,3.0690,-0.0005,0.0002,0.0003
1,3.0710,-0.0005,0.0002,0.0003
1,3.0730,-0.0005,0.0002,0.0003
1,3.0750,-0.0005,0.0002,0.0003
1,3.0770,-0.0005,0.0002,0.0003
1,3.0790,-0.0005,0.0002,0.0003
1,3.0810,-0.0005,0.0002,0.0003
1,3.0830,-0.0005,0.0002,0.0003
1,3.0850,-0.0005,0.0002,0.0003
1,3.0870,-0.0005,0.0002,0.0003
1,3.0890,-0.0005,0.0002,0.0003
1,3.0910,-0.0005,0.0002,0.0003
1,3.0930,-0.0005,0.0002,0.0003
1,3.0950,-0.0005,0.0002,0.0003
1,3.0970,-0.0005,0.0002,0.0003
1,3.0990,-0.0005,0.0002,0.0003
1,3.1010,-0.0005,0.0002,0.0003
1,3.1030,-0.0005,0.0002,0.0003
1,3.1050,-0.0005,0.0002,0.0003
1,3.1070,-0.0005,0.0002,0.0003
1,3.1090,-0.0005,0.0002,0.0003
1,3.1110,-0.0005,0.0002,0.0003
1,3.1130,-0.0005,0.0002,0.0003
1,3.1150,-0.0005,0.0002,0.0003
1,3.1170,-0.0005,0.0002,0.0003
1,3.1190,-0.0005,0.0002,0.0003
1,3.1210,-0.0005,0.0002,0.0003
1,3.1230,-0.0005,0.0002,0.0003
1,3.1250,-0.0005,0.0002,0.0003
1,3.1270,-0.0005,0.0002,0.0003
1,3.1290,-0.0005,0.0002,0.0003
1,3.1310,-0.0005,0.0002,0.0003
1,3.1330,-0.0005,0.0002,0.0003
1,3.1350,-0.0005,0.0002,0.0003
1,3.1370,-0.0005,0.0002,0.0003
1,3.1390,-0.0005,0.0002,0.0003
1,3.1410,-0.0005,0.0002,0.0003
1,3.1430,-0.0005,0.0002,0.0003
1,3.1450,-0.0005,0.0002,0.0003
1,3.1470,-0.0005,0.0002,0.0003
1,3.1490,-0.0005,0.0002,0.0003
1,3.1510,-0.0005,0.0002,0.0003
1,3.1530,-0.0005,0.0002,0.0003
1,3.1550,-0.0005,0.0002,0.0003
1,3.1570,-0.0005,0.0002,0.0003
1,3.1590,-0.0005,0.0002,0.0003
1,3.1610,-0.0005,0.0002,0.0003
1,3.1630,-0.0005,0.0002,0.0003
1,3.1650,-0.0005,0.0002,0.0003
1,3.1670,-0.0005,0.0002,0.0003
1,3.1690,-0.0005,0.0002,0.0003
1,3.1710,-0.0005,0.0002,0.0003
1,3.1730,-0.0005,0.0002,0.0003
1,3.1750,-0.0005,0.0002,0.0002
1,3.1770,-0.0004,0.0002,0.0001
1,3.1790,-0.0003,0.0003,-0.0001
1,3.1810,-0.0002,0.0004,-0.0005
1,3.1830,0.0001,0.0006,-0.0011
1,3.1850,0.0005,0.0008,-0.0019
1,3.1870,0.0011,0.0011,-0.0028
1,3.1890,0.0018,0.0014,-0.0038
1,3.1910,0.0027,0.0018,-0.0049
1,3.1930,0.0038,0.0022,-0.0059
1,3.1950,0.0051,0.0026,-0.0069
1,3.1970,0.0066,0.0030,-0.0078
1,3.1990,0.0082,0.0035,-0.0085
1,3.2010,0.0101,0.0039,-0.0091
1,3.2030,0.0121,0.0044,-0.0097
1,3.2050,0.0142,0.0049,-0.0102
1,3.2070,0.0165,0.0054,-0.0107
1,3.2090,0.0190,0.0059,-0.0112
1,3.2110,0.0215,0.0065,-0.0119
1,3.2130,0.0242,0.0071,-0.0127
1,3.2150,0.0269,0.0077,-0.0136
1,3.2170,0.0297,0.0083,-0.0147
1,3.2190,0.0326,0.0090,-0.0159
1,3.2210,0.0356,0.0096,-0.0173
1,3.2230,0.0386,0.0103,-0.0188
1,3.2250,0.0417,0.0109,-0.0204
1,3.2270,0.0448,0.0115,-0.0220
1,3.2290,0.0480,0.0120,-0.0236
1,3.2310,0.0513,0.0125,-0.0252
1,3.2330,0.0546,0.0129,-0.0269
1,3.2350,0.0580,0.0133,-0.0285
1,3.2370,0.0616,0.0135,-0.0301
1,3.2390,0.0652,0.0137,-0.0318
1,3.2410,0.0690,0.0137,-0.0335
1,3.2430,0.0730,0.0136,-0.0353
1,3.2450,0.0771,0.0134,-0.0373
1,3.2470,0.0814,0.0130,-0.0394
1,3.2490,0.0860,0.0126,-0.0418
1,3.2510,0.0908,0.0119,-0.0443
1,3.2530,0.0960,0.0111,-0.0474
1,3.2550,0.1017,0.0100,-0.0509
1,3.2570,0.1076,0.0087,-0.0546
1,3.2590,0.1139,0.0070,-0.0583
1,3.2610,0.1204,0.0049,-0.0619
1,3.2630,0.1271,0.0023,-0.0651
1,3.2650,0.1339,-0.0009,-0.0678
1,3.2670,0.1409,-0.0047,-0.0700
1,3.2690,0.1479,-0.0091,-0.0715
1,3.2710,0.1549,-0.0142,-0.0724
1,3.2730,0.1618,-0.0199,-0.0729
1,3.2750,0.1686,-0.0264,-0.0729
1,3.2770,0.1753,-0.0334,-0.0727
1,3.2790,0.1818,-0.0411,-0.0724
1,3.2810,0.1881,-0.0494,-0.0724
1,3.2830,0.1941,-0.0583,-0.0726
1,3.2850,0.1997,-0.0678,-0.0734
1,3.2870,0.2050,-0.0778,-0.0749
1,3.2890,0.2100,-0.0884,-0.0773
1,3.2910,0.2145,-0.0995,-0.0806
1,3.2930,0.2186,-0.1114,-0.0849
1,3.2950,0.2223,-0.1239,-0.0903
1,3.2970,0.2256,-0.1373,-0.0966
1,3.2990,0.2284,-0.1516,-0.1039
1,3.3010,0.2309,-0.1670,-0.1121
1,3.3030,0.2330,-0.1837,-0.1211
1,3.3050,0.2348,-0.2015,-0.1307
1,3.3070,0.2363,-0.2202,-0.1404
1,3.3090,0.2376,-0.2390,-0.1494
1,3.3110,0.2387,-0.2573,-0.1570
1,3.3130,0.2397,-0.2742,-0.1625
1,3.3150,0.2406,-0.2885,-0.1651
1,3.3170,0.2415,-0.2994,-0.1641
1,3.3190,0.2423,-0.3054,-0.1589
1,3.3210,0.2429,-0.3053,-0.1491
1,3.3230,0.2435,-0.2979,-0.1345
1,3.3250,0.2439,-0.2818,-0.1150
1,3.3270,0.2440,-0.2558,-0.0909
1,3.3290,0.2438,-0.2188,-0.0629
1,3.3310,0.2433,-0.1701,-0.0320
1,3.3330,0.2425,-0.1096,0.0001
1,3.3350,0.2413,-0.0374,0.0316
1,3.3370,0.2400,0.0454,0.0599
1,3.3390,0.2385,0.1370,0.0825
1,3.3410,0.2370,0.2350,0.0969
1,3.3430,0.2355,0.3364,0.1013
1,3.3450,0.2340,0.4377,0.0945
1,3.3470,0.2325,0.5353,0.0767
1,3.3490,0.2308,0.6257,0.0491
1,3.3510,0.2285,0.7058,0.0143
1,3.3530,0.2256,0.7730,-0.0244
1,3.3550,0.2216,0.8254,-0.0632
1,3.3570,0.2165,0.8617,-0.0985
1,3.3590,0.2103,0.8812,-0.1266
1,3.3610,0.2031,0.8838,-0.1448
1,3.3630,0.1951,0.8696,-0.1511
1,3.3650,0.1867,0.8392,-0.1447
1,3.3670,0.1785,0.7933,-0.1260
1,3.3690,0.1712,0.7332,-0.0964
1,3.3710,0.1656,0.6604,-0.0592
1,3.3730,0.1624,0.5772,-0.0183
1,3.3750,0.1624,0.4866,0.0215
1,3.3770,0.1661,0.3923,0.0553
1,3.3790,0.1737,0.2989,0.0795
1,3.3810,0.1852,0.2113,0.0918
1,3.3830,0.2002,0.1350,0.0919
1,3.3850,0.2180,0.0751,0.0817
1,3.3870,0.2375,0.0354,0.0645
1,3.3890,0.2578,0.0186,0.0444
1,3.3910,0.2779,0.0260,0.0252
1,3.3930,0.2969,0.0571,0.0102
1,3.3950,0.3140,0.1100,0.0014
1,3.3970,0.3285,0.1810,-0.0008
1,3.3990,0.3396,0.2654,0.0026
1,3.4010,0.3467,0.3573,0.0089
1,3.4030,0.3491,0.4505,0.0147
1,3.4050,0.3464,0.5388,0.0166
1,3.4070,0.3384,0.6168,0.0119
1,3.4090,0.3250,0.6799,-0.0007
1,3.4110,0.3064,0.7253,-0.0207
1,3.4130,0.2835,0.7513,-0.0459
1,3.4150,0.2572,0.7577,-0.0727
1,3.4170,0.2288,0.7457,-0.0969
1,3.4190,0.1999,0.7169,-0.1140
1,3.4210,0.1720,0.6741,-0.1202
1,3.4230,0.1470,0.6199,-0.1134
1,3.4250,0.1262,0.5574,-0.0932
1,3.4270,0.1111,0.4896,-0.0614
1,3.4290,0.1028,0.4197,-0.0219
1,3.4310,0.1019,0.3507,0.0201
1,3.4330,0.1087,0.2858,0.0588
1,3.4350,0.1229,0.2282,0.0888
1,3.4370,0.1439,0.1807,0.1063
1,3.4390,0.1707,0.1462,0.1096
1,3.4410,0.2018,0.1268,0.0993
1,3.4430,0.2359,0.1243,0.0782
1,3.4450,0.2714,0.1392,0.0505
1,3.4470,0.3067,0.1711,0.0209
1,3.4490,0.3404,0.2188,-0.0058
1,3.4510,0.3711,0.2796,-0.0258
1,3.4530,0.3975,0.3501,-0.0373
1,3.4550,0.4185,0.4263,-0.0399
1,3.4570,0.4331,0.5036,-0.0351
1,3.4590,0.4405,0.5773,-0.0259
1,3.4610,0.4401,0.6430,-0.0156
1,3.4630,0.4316,0.6970,-0.0077
1,3.4650,0.4155,0.7366,-0.0049
1,3.4670,0.3923,0.7602,-0.0086
1,3.4690,0.3632,0.7672,-0.0184
1,3.4710,0.3298,0.7585,-0.0328
1,3.4730,0.2940,0.7357,-0.0488
1,3.4750,0.2578,0.7013,-0.0631
1,3.4770,0.2234,0.6582,-0.0720
1,3.4790,0.1926,0.6098,-0.0727
1,3.4810,0.1673,0.5591,-0.0639
1,3.4830,0.1489,0.5092,-0.0456
1,3.4850,0.1385,0.4626,-0.0197
1,3.4870,0.1368,0.4216,0.0108
1,3.4890,0.1441,0.3880,0.0416
1,3.4910,0.1601,0.3631,0.0685
1,3.4930,0.1844,0.3480,0.0876
1,3.4950,0.2158,0.3432,0.0963
1,3.4970,0.2531,0.3489,0.0935
1,3.4990,0.2946,0.3650,0.0800
1,3.5010,0.3386,0.3908,0.0580
1,3.5030,0.3833,0.4255,0.0310
1,3.5050,0.4270,0.4675,0.0027
1,3.5070,0.4679,0.5152,-0.0231
1,3.5090,0.5045,0.5663,-0.0434
1,3.5110,0.5356,0.6185,-0.0565
1,3.5130,0.5601,0.6696,-0.0619
1,3.5150,0.5772,0.7169,-0.0602
1,3.5170,0.5858,0.7578,-0.0534
1,3.5190,0.5855,0.7899,-0.0436
1,3.5210,0.5759,0.8113,-0.0332
1,3.5230,0.5573,0.8208,-0.0245
1,3.5250,0.5304,0.8180,-0.0187
1,3.5270,0.4962,0.8032,-0.0164
1,3.5290,0.4562,0.7776,-0.0173
1,3.5310,0.4125,0.7430,-0.0204
1,3.5330,0.3669,0.7019,-0.0239
1,3.5350,0.3218,0.6568,-0.0261
1,3.5370,0.2792,0.6106,-0.0254
1,3.5390,0.2412,0.5660,-0.0205
1,3.5410,0.2094,0.5255,-0.0111
1,3.5430,0.1853,0.4911,0.0020
1,3.5450,0.1700,0.4644,0.0176
1,3.5470,0.1640,0.4464,0.0337
1,3.5490,0.1676,0.4376,0.0478
1,3.5510,0.1805,0.4381,0.0578
1,3.5530,0.2021,0.4474,0.0622
1,3.5550,0.2313,0.4648,0.0601
1,3.5570,0.2668,0.4891,0.0515
1,3.5590,0.3068,0.5190,0.0375
1,3.5610,0.3496,0.5529,0.0196
1,3.5630,0.3931,0.5891,0.0002
1,3.5650,0.4354,0.6258,-0.0186
1,3.5670,0.4749,0.6613,-0.0348
1,3.5690,0.5100,0.6940,-0.0470
1,3.5710,0.5394,0.7226,-0.0544
1,3.5730,0.5622,0.7457,-0.0568
1,3.5750,0.5776,0.7624,-0.0548
1,3.5770,0.5852,0.7719,-0.0491
1,3.5790,0.5850,0.7740,-0.0409
1,3.5810,0.5771,0.7687,-0.0313
1,3.5830,0.5621,0.7564,-0.0214
1,3.5850,0.5408,0.7380,-0.0122
1,3.5870,0.5141,0.7147,-0.0040
1,3.5890,0.4835,0.6880,0.0028
1,3.5910,0.4503,0.6596,0.0083
1,3.5930,0.4159,0.6315,0.0126
1,3.5950,0.3819,0.6053,0.0162
1,3.5970,0.3498,0.5827,0.0194
1,3.5990,0.3209,0.5653,0.0225
1,3.6010,0.2962,0.5541,0.0258
1,3.6030,0.2768,0.5498,0.0290
1,3.6050,0.2632,0.5529,0.0322
1,3.6070,0.2560,0.5633,0.0348
1,3.6090,0.2553,0.5805,0.0366
1,3.6110,0.2610,0.6040,0.0369
1,3.6130,0.2729,0.6325,0.0354
1,3.6150,0.2902,0.6651,0.0318
1,3.6170,0.3124,0.7002,0.0262
1,3.6190,0.3384,0.7366,0.0185
1,3.6210,0.3674,0.7728,0.0092
1,3.6230,0.3982,0.8074,-0.0013
1,3.6250,0.4298,0.8394,-0.0123
1,3.6270,0.4613,0.8677,-0.0234
1,3.6290,0.4919,0.8914,-0.0338
1,3.6310,0.5206,0.9101,-0.0430
1,3.6330,0.5470,0.9232,-0.0506
1,3.6350,0.5706,0.9307,-0.0561
1,3.6370,0.5911,0.9325,-0.0592
1,3.6390,0.6082,0.9290,-0.0597
1,3.6410,0.6218,0.9206,-0.0577
1,3.6430,0.6322,0.9080,-0.0531
1,3.6450,0.6394,0.8919,-0.0462
1,3.6470,0.6433,0.8727,-0.0375
1,3.6490,0.6439,0.8511,-0.0275
1,3.6510,0.6414,0.8277,-0.0170
1,3.6530,0.6357,0.8032,-0.0064
1,3.6550,0.6273,0.7784,0.0037
1,3.6570,0.6162,0.7544,0.0127
1,3.6590,0.6029,0.7319,0.0202
1,3.6610,0.5879,0.7118,0.0260
1,3.6630,0.5714,0.6951,0.0299
1,3.6650,0.5541,0.6823,0.0321
1,3.6670,0.5365,0.6741,0.0326
1,3.6690,0.5189,0.6709,0.0318
1,3.6710,0.5018,0.6729,0.0299
1,3.6730,0.4856,0.6800,0.0275
1,3.6750,0.4707,0.6922,0.0246
1,3.6770,0.4574,0.7088,0.0216
1,3.6790,0.4458,0.7293,0.0186
1,3.6810,0.4362,0.7530,0.0155
1,3.6830,0.4285,0.7788,0.0122
1,3.6850,0.4228,0.8059,0.0088
1,3.6870,0.4191,0.8331,0.0048
1,3.6890,0.4172,0.8594,0.0004
1,3.6910,0.4170,0.8840,-0.0046
1,3.6930,0.4183,0.9059,-0.0103
1,3.6950,0.4210,0.9245,-0.0167
1,3.6970,0.4250,0.9392,-0.0241
1,3.6990,0.4302,0.9494,-0.0326
1,3.7010,0.4367,0.9551,-0.0424
1,3.7030,0.4444,0.9561,-0.0531
1,3.7050,0.4533,0.9526,-0.0642
1,3.7070,0.4634,0.9448,-0.0753
1,3.7090,0.4744,0.9331,-0.0854
1,3.7110,0.4864,0.9183,-0.0939
1,3.7130,0.4992,0.9008,-0.1002
1,3.7150,0.5126,0.8813,-0.1038
1,3.7170,0.5263,0.8607,-0.1047
1,3.7190,0.5402,0.8397,-0.1032
1,3.7210,0.5540,0.8190,-0.0998
1,3.7230,0.5674,0.7994,-0.0952
1,3.7250,0.5801,0.7814,-0.0906
1,3.7270,0.5918,0.7657,-0.0870
1,3.7290,0.6021,0.7528,-0.0853
1,3.7310,0.6109,0.7433,-0.0862
1,3.7330,0.6179,0.7375,-0.0902
1,3.7350,0.6227,0.7356,-0.0974
1,3.7370,0.6253,0.7376,-0.1073
1,3.7390,0.6254,0.7436,-0.1193
1,3.7410,0.6228,0.7531,-0.1325
1,3.7430,0.6175,0.7659,-0.1457
1,3.7450,0.6095,0.7813,-0.1580
1,3.7470,0.5988,0.7986,-0.1685
1,3.7490,0.5856,0.8169,-0.1766
1,3.7510,0.5700,0.8355,-0.1820
1,3.7530,0.5526,0.8532,-0.1849
1,3.7550,0.5339,0.8694,-0.1860
1,3.7570,0.5146,0.8831,-0.1861
1,3.7590,0.4954,0.8937,-0.1863
1,3.7610,0.4772,0.9006,-0.1874
1,3.7630,0.4607,0.9035,-0.1903
1,3.7650,0.4468,0.9023,-0.1956
1,3.7670,0.4361,0.8970,-0.2032
1,3.7690,0.4289,0.8879,-0.2128
1,3.7710,0.4254,0.8755,-0.2237
1,3.7730,0.4256,0.8602,-0.2352
1,3.7750,0.4293,0.8427,-0.2461
1,3.7770,0.4359,0.8242,-0.2544
1,3.7790,0.4450,0.8055,-0.2586
1,3.7810,0.4559,0.7877,-0.2579
1,3.7830,0.4683,0.7716,-0.2521
1,3.7850,0.4817,0.7581,-0.2417
1,3.7870,0.4955,0.7478,-0.2283
1,3.7890,0.5096,0.7411,-0.2134
1,3.7910,0.5234,0.7384,-0.1993
1,3.7930,0.5366,0.7396,-0.1877
1,3.7950,0.5489,0.7445,-0.1803
1,3.7970,0.5596,0.7526,-0.1780
1,3.7990,0.5682,0.7635,-0.1808
1,3.8010,0.5743,0.7763,-0.1880
1,3.8030,0.5772,0.7903,-0.1984
1,3.8050,0.5765,0.8047,-0.2100
1,3.8070,0.5720,0.8187,-0.2212
1,3.8090,0.5636,0.8315,-0.2302
1,3.8110,0.5516,0.8425,-0.2359
1,3.8130,0.5363,0.8512,-0.2377
1,3.8150,0.5185,0.8574,-0.2359
1,3.8170,0.4993,0.8607,-0.2312
1,3.8190,0.4798,0.8613,-0.2247
1,3.8210,0.4612,0.8591,-0.2181
1,3.8230,0.4447,0.8544,-0.2129
1,3.8250,0.4315,0.8476,-0.2104
1,3.8270,0.4223,0.8392,-0.2118
1,3.8290,0.4176,0.8296,-0.2175
1,3.8310,0.4178,0.8194,-0.2274
1,3.8330,0.4225,0.8092,-0.2403
1,3.8350,0.4313,0.7996,-0.2550
1,3.8370,0.4434,0.7910,-0.2694
1,3.8390,0.4579,0.7840,-0.2819
1,3.8410,0.4739,0.7787,-0.2908
1,3.8430,0.4905,0.7755,-0.2953
1,3.8450,0.5069,0.7743,-0.2951
1,3.8470,0.5224,0.7751,-0.2906
1,3.8490,0.5364,0.7777,-0.2831
1,3.8510,0.5486,0.7819,-0.2742
1,3.8530,0.5588,0.7872,-0.2657
1,3.8550,0.5667,0.7934,-0.2596
1,3.8570,0.5722,0.7999,-0.2573
1,3.8590,0.5752,0.8064,-0.2598
1,3.8610,0.5757,0.8125,-0.2673
1,3.8630,0.5735,0.8179,-0.2795
1,3.8650,0.5687,0.8224,-0.2952
1,3.8670,0.5613,0.8257,-0.3129
1,3.8690,0.5514,0.8278,-0.3311
1,3.8710,0.5392,0.8287,-0.3482
1,3.8730,0.5252,0.8285,-0.3627
1,3.8750,0.5097,0.8273,-0.3739
1,3.8770,0.4934,0.8254,-0.3813
1,3.8790,0.4770,0.8228,-0.3851
1,3.8810,0.4613,0.8200,-0.3860
1,3.8830,0.4470,0.8170,-0.3850
1,3.8850,0.4350,0.8141,-0.3835
1,3.8870,0.4260,0.8115,-0.3828
1,3.8890,0.4203,0.8094,-0.3838
1,3.8910,0.4184,0.8078,-0.3875
1,3.8930,0.4203,0.8068,-0.3940
1,3.8950,0.4258,0.8066,-0.4033
1,3.8970,0.4346,0.8069,-0.4147
1,3.8990,0.4460,0.8078,-0.4273
1,3.9010,0.4594,0.8092,-0.4403
1,3.9030,0.4742,0.8108,-0.4529
1,3.9050,0.4895,0.8124,-0.4641
1,3.9070,0.5044,0.8140,-0.4721
1,3.9090,0.5181,0.8154,-0.4755
1,3.9110,0.5301,0.8163,-0.4737
1,3.9130,0.5400,0.8167,-0.4668
1,3.9150,0.5475,0.8165,-0.4555
1,3.9170,0.5526,0.8156,-0.4411
1,3.9190,0.5554,0.8140,-0.4254
1,3.9210,0.5562,0.8118,-0.4102
1,3.9230,0.5554,0.8092,-0.3975
1,3.9250,0.5532,0.8061,-0.3889
1,3.9270,0.5500,0.8029,-0.3855
1,3.9290,0.5460,0.7997,-0.3878
1,3.9310,0.5413,0.7966,-0.3955
1,3.9330,0.5360,0.7939,-0.4075
1,3.9350,0.5301,0.7917,-0.4223
1,3.9370,0.5236,0.7902,-0.4383
1,3.9390,0.5164,0.7894,-0.4535
1,3.9410,0.5084,0.7894,-0.4661
1,3.9430,0.4997,0.7903,-0.4748
1,3.9450,0.4905,0.7920,-0.4787
1,3.9470,0.4810,0.7947,-0.4777
1,3.9490,0.4716,0.7980,-0.4720
1,3.9510,0.4628,0.8021,-0.4627
1,3.9530,0.4551,0.8066,-0.4513
1,3.9550,0.4490,0.8115,-0.4396
1,3.9570,0.4453,0.8165,-0.4299
1,3.9590,0.4442,0.8215,-0.4241
1,3.9610,0.4461,0.8260,-0.4238
1,3.9630,0.4509,0.8299,-0.4298
1,3.9650,0.4585,0.8330,-0.4422
1,3.9670,0.4684,0.8350,-0.4599
1,3.9690,0.4797,0.8358,-0.4812
1,3.9710,0.4916,0.8353,-0.5039
1,3.9730,0.5033,0.8335,-0.5255
1,3.9750,0.5139,0.8305,-0.5438
1,3.9770,0.5226,0.8262,-0.5571
1,3.9790,0.5291,0.8209,-0.5644
1,3.9810,0.5329,0.8149,-0.5653
1,3.9830,0.5342,0.8082,-0.5605
1,3.9850,0.5331,0.8013,-0.5515
1,3.9870,0.5302,0.7945,-0.5403
1,3.9890,0.5259,0.7881,-0.5293
1,3.9910,0.5210,0.7824,-0.5209
1,3.9930,0.5160,0.7778,-0.5173
1,3.9950,0.5113,0.7744,-0.5197
1,3.9970,0.5073,0.7725,-0.5288
1,3.9990,0.5041,0.7722,-0.5440
1,4.0010,0.5015,0.7735,-0.5638
1,4.0030,0.4994,0.7765,-0.5862
1,4.0050,0.4973,0.7809,-0.6086
1,4.0070,0.4949,0.7866,-0.6285
1,4.0090,0.4920,0.7934,-0.6437
1,4.0110,0.4884,0.8009,-0.6530
1,4.0130,0.4842,0.8088,-0.6557
1,4.0150,0.4796,0.8167,-0.6523
1,4.0170,0.4750,0.8242,-0.6442
1,4.0190,0.4709,0.8309,-0.6335
1,4.0210,0.4681,0.8363,-0.6226
1,4.0230,0.4670,0.8402,-0.6139
1,4.0250,0.4680,0.8423,-0.6097
1,4.0270,0.4713,0.8425,-0.6111
1,4.0290,0.4768,0.8408,-0.6184
1,4.0310,0.4841,0.8372,-0.6310
1,4.0330,0.4927,0.8321,-0.6477
1,4.0350,0.5018,0.8257,-0.6659
1,4.0370,0.5103,0.8185,-0.6823
1,4.0390,0.5175,0.8110,-0.6939
1,4.0410,0.5225,0.8036,-0.6986
1,4.0430,0.5252,0.7967,-0.6956
1,4.0450,0.5255,0.7906,-0.6853
1,4.0470,0.5237,0.7858,-0.6696
1,4.0490,0.5203,0.7824,-0.6512
1,4.0510,0.5161,0.7804,-0.6332
1,4.0530,0.5118,0.7801,-0.6187
1,4.0550,0.5080,0.7812,-0.6103
1,4.0570,0.5052,0.7838,-0.6094
1,4.0590,0.5034,0.7876,-0.6160
1,4.0610,0.5026,0.7925,-0.6291
1,4.0630,0.5025,0.7981,-0.6464
1,4.0650,0.5026,0.8043,-0.6650
1,4.0670,0.5024,0.8108,-0.6818
1,4.0690,0.5013,0.8172,-0.6941
1,4.0710,0.4992,0.8232,-0.6998
1,4.0730,0.4959,0.8286,-0.6983
1,4.0750,0.4918,0.8331,-0.6900
1,4.0770,0.4871,0.8363,-0.6765
1,4.0790,0.4826,0.8381,-0.6602
1,4.0810,0.4790,0.8384,-0.6441
1,4.0830,0.4769,0.8370,-0.6311
1,4.0850,0.4767,0.8340,-0.6234
1,4.0870,0.4788,0.8296,-0.6226
1,4.0890,0.4831,0.8239,-0.6294
1,4.0910,0.4894,0.8175,-0.6429
1,4.0930,0.4969,0.8105,-0.6613
1,4.0950,0.5050,0.8036,-0.6820
1,4.0970,0.5128,0.7972,-0.7019
1,4.0990,0.5196,0.7915,-0.7185
1,4.1010,0.5246,0.7870,-0.7298
1,4.1030,0.5276,0.7839,-0.7347
1,4.1050,0.5284,0.7823,-0.7333
1,4.1070,0.5273,0.7822,-0.7266
1,4.1090,0.5245,0.7837,-0.7166
1,4.1110,0.5207,0.7865,-0.7056
1,4.1130,0.5165,0.7905,-0.6962
1,4.1150,0.5125,0.7954,-0.6906
1,4.1170,0.5090,0.8009,-0.6906
1,4.1190,0.5065,0.8066,-0.6969
1,4.1210,0.5050,0.8124,-0.7094
1,4.1230,0.5043,0.8178,-0.7268
1,4.1250,0.5042,0.8226,-0.7475
1,4.1270,0.5042,0.8267,-0.7690
1,4.1290,0.5039,0.8299,-0.7891
1,4.1310,0.5030,0.8322,-0.8057
1,4.1330,0.5012,0.8333,-0.8173
1,4.1350,0.4985,0.8334,-0.8232
1,4.1370,0.4949,0.8324,-0.8237
1,4.1390,0.4910,0.8304,-0.8197
1,4.1410,0.4870,0.8276,-0.8126
1,4.1430,0.4835,0.8240,-0.8044
1,4.1450,0.4810,0.8198,-0.7971
1,4.1470,0.4801,0.8152,-0.7926
1,4.1490,0.4809,0.8104,-0.7921
1,4.1510,0.4836,0.8057,-0.7966
1,4.1530,0.4881,0.8013,-0.8061
1,4.1550,0.4941,0.7973,-0.8199
1,4.1570,0.5011,0.7941,-0.8369
1,4.1590,0.5084,0.7916,-0.8554
1,4.1610,0.5155,0.7901,-0.8737
1,4.1630,0.5218,0.7895,-0.8909
1,4.1650,0.5267,0.7898,-0.9053
1,4.1670,0.5298,0.7911,-0.9150
1,4.1690,0.5306,0.7931,-0.9189
1,4.1710,0.5291,0.7959,-0.9165
1,4.1730,0.5253,0.7992,-0.9084
1,4.1750,0.5198,0.8029,-0.8955
1,4.1770,0.5129,0.8069,-0.8796
1,4.1790,0.5055,0.8108,-0.8631
1,4.1810,0.4983,0.8146,-0.8482
1,4.1830,0.4918,0.8181,-0.8369
1,4.1850,0.4868,0.8210,-0.8309
1,4.1870,0.4835,0.8233,-0.8310
1,4.1890,0.4820,0.8248,-0.8371
1,4.1910,0.4823,0.8255,-0.8485
1,4.1930,0.4840,0.8255,-0.8637
1,4.1950,0.4866,0.8247,-0.8805
1,4.1970,0.4896,0.8232,-0.8968
1,4.1990,0.4925,0.8211,-0.9104
1,4.2010,0.4948,0.8187,-0.9196
1,4.2030,0.4961,0.8159,-0.9234
1,4.2050,0.4963,0.8129,-0.9213
1,4.2070,0.4956,0.8099,-0.9136
1,4.2090,0.4941,0.8070,-0.9013
1,4.2110,0.4923,0.8044,-0.8860
1,4.2130,0.4906,0.8021,-0.8697
1,4.2150,0.4896,0.8002,-0.8550
1,4.2170,0.4899,0.7988,-0.8443
1,4.2190,0.4917,0.7977,-0.8403
1,4.2210,0.4953,0.7971,-0.8443
1,4.2230,0.5006,0.7967,-0.8569
1,4.2250,0.5070,0.7966,-0.8774
1,4.2270,0.5141,0.7969,-0.9039
1,4.2290,0.5208,0.7973,-0.9336
1,4.2310,0.5263,0.7981,-0.9634
1,4.2330,0.5298,0.7990,-0.9899
1,4.2350,0.5305,0.8003,-1.0104
1,4.2370,0.5280,0.8018,-1.0229
1,4.2390,0.5222,0.8034,-1.0268
1,4.2410,0.5137,0.8052,-1.0225
1,4.2430,0.5029,0.8070,-1.0119
1,4.2450,0.4910,0.8086,-0.9978
1,4.2470,0.4790,0.8100,-0.9837
1,4.2490,0.4682,0.8108,-0.9731
1,4.2510,0.4596,0.8110,-0.9690
1,4.2530,0.4538,0.8105,-0.9733
1,4.2550,0.4513,0.8093,-0.9863
1,4.2570,0.4519,0.8075,-1.0067
1,4.2590,0.4552,0.8054,-1.0316
1,4.2610,0.4602,0.8033,-1.0576
1,4.2630,0.4662,0.8013,-1.0806
1,4.2650,0.4722,0.8000,-1.0970
1,4.2670,0.4776,0.7993,-1.1044
1,4.2690,0.4820,0.7994,-1.1020
1,4.2710,0.4853,0.8003,-1.0908
1,4.2730,0.4880,0.8019,-1.0736
1,4.2750,0.4905,0.8037,-1.0543
1,4.2770,0.4935,0.8056,-1.0375
1,4.2790,0.4975,0.8073,-1.0272
1,4.2810,0.5026,0.8084,-1.0261
1,4.2830,0.5088,0.8089,-1.0350
1,4.2850,0.5156,0.8088,-1.0524
1,4.2870,0.5221,0.8084,-1.0751
1,4.2890,0.5272,0.8079,-1.0987
1,4.2910,0.5302,0.8076,-1.1183
1,4.2930,0.5302,0.8078,-1.1307
1,4.2950,0.5271,0.8086,-1.1336
1,4.2970,0.5210,0.8100,-1.1266
1,4.2990,0.5126,0.8117,-1.1117
1,4.3010,0.5029,0.8134,-1.0926
1,4.3030,0.4932,0.8149,-1.0739
1,4.3050,0.4847,0.8157,-1.0603
1,4.3070,0.4785,0.8155,-1.0551
1,4.3090,0.4751,0.8144,-1.0597
1,4.3110,0.4745,0.8125,-1.0728
1,4.3130,0.4762,0.8100,-1.0916
1,4.3150,0.4795,0.8074,-1.1113
1,4.3170,0.4835,0.8052,-1.1276
1,4.3190,0.4873,0.8036,-1.1366
1,4.3210,0.4904,0.8030,-1.1362
1,4.3230,0.4927,0.8033,-1.1267
1,4.3250,0.4943,0.8044,-1.1100
1,4.3270,0.4956,0.8061,-1.0901
1,4.3290,0.4974,0.8079,-1.0714
1,4.3310,0.5001,0.8095,-1.0581
1,4.3330,0.5039,0.8107,-1.0531
1,4.3350,0.5089,0.8113,-1.0574
1,4.3370,0.5144,0.8113,-1.0697
1,4.3390,0.5199,0.8109,-1.0869
1,4.3410,0.5242,0.8104,-1.1048
1,4.3430,0.5266,0.8099,-1.1191
1,4.3450,0.5265,0.8098,-1.1271
1,4.3470,0.5238,0.8100,-1.1275
1,4.3490,0.5187,0.8105,-1.1214
1,4.3510,0.5121,0.8111,-1.1113
1,4.3530,0.5049,0.8116,-1.1007
1,4.3550,0.4980,0.8117,-1.0932
1,4.3570,0.4922,0.8113,-1.0917
1,4.3590,0.4883,0.8102,-1.0977
1,4.3610,0.4862,0.8087,-1.1109
1,4.3630,0.4860,0.8068,-1.1295
1,4.3650,0.4870,0.8048,-1.1504
1,4.3670,0.4888,0.8032,-1.1701
1,4.3690,0.4906,0.8021,-1.1854
1,4.3710,0.4921,0.8018,-1.1942
1,4.3730,0.4930,0.8023,-1.1956
1,4.3750,0.4935,0.8035,-1.1907
1,4.3770,0.4939,0.8052,-1.1815
1,4.3790,0.4945,0.8072,-1.1714
1,4.3810,0.4960,0.8090,-1.1634
1,4.3830,0.4986,0.8105,-1.1604
1,4.3850,0.5025,0.8113,-1.1640
1,4.3870,0.5074,0.8115,-1.1742
1,4.3890,0.5129,0.8110,-1.1899
1,4.3910,0.5183,0.8102,-1.2087
1,4.3930,0.5230,0.8092,-1.2275
1,4.3950,0.5261,0.8083,-1.2437
1,4.3970,0.5271,0.8076,-1.2551
1,4.3990,0.5259,0.8073,-1.2605
1,4.4010,0.5226,0.8073,-1.2603
1,4.4030,0.5175,0.8077,-1.2557
1,4.4050,0.5113,0.8082,-1.2491
1,4.4070,0.5048,0.8086,-1.2431
1,4.4090,0.4988,0.8089,-1.2404
1,4.4110,0.4939,0.8088,-1.2426
1,4.4130,0.4905,0.8083,-1.2507
1,4.4150,0.4887,0.8075,-1.2642
1,4.4170,0.4883,0.8066,-1.2817
1,4.4190,0.4890,0.8057,-1.3008
1,4.4210,0.4902,0.8050,-1.3191
1,4.4230,0.4915,0.8047,-1.3353
1,4.4250,0.4926,0.8050,-1.3474
1,4.4270,0.4930,0.8060,-1.3531
1,4.4290,0.4924,0.8075,-1.3515
1,4.4310,0.4909,0.8096,-1.3430
1,4.4330,0.4890,0.8119,-1.3293
1,4.4350,0.4872,0.8141,-1.3132
1,4.4370,0.4862,0.8159,-1.2976
1,4.4390,0.4866,0.8171,-1.2855
1,4.4410,0.4887,0.8174,-1.2791
1,4.4430,0.4925,0.8167,-1.2796
1,4.4450,0.4979,0.8151,-1.2866
1,4.4470,0.5042,0.8129,-1.2985
1,4.4490,0.5106,0.8103,-1.3127
1,4.4510,0.5164,0.8077,-1.3264
1,4.4530,0.5207,0.8055,-1.3368
1,4.4550,0.5229,0.8039,-1.3418
1,4.4570,0.5227,0.8031,-1.3406
1,4.4590,0.5203,0.8031,-1.3335
1,4.4610,0.5160,0.8038,-1.3219
1,4.4630,0.5105,0.8050,-1.3081
1,4.4650,0.5047,0.8065,-1.2949
1,4.4670,0.4992,0.8081,-1.2849
1,4.4690,0.4947,0.8094,-1.2803
1,4.4710,0.4917,0.8103,-1.2820
1,4.4730,0.4903,0.8108,-1.2897
1,4.4750,0.4903,0.8109,-1.3024
1,4.4770,0.4914,0.8107,-1.3184
1,4.4790,0.4932,0.8104,-1.3359
1,4.4810,0.4951,0.8102,-1.3526
1,4.4830,0.4968,0.8101,-1.3667
1,4.4850,0.4977,0.8104,-1.3767
1,4.4870,0.4978,0.8109,-1.3820
1,4.4890,0.4970,0.8118,-1.3829
1,4.4910,0.4956,0.8129,-1.3807
1,4.4930,0.4940,0.8141,-1.3771
1,4.4950,0.4927,0.8151,-1.3743
1,4.4970,0.4919,0.8159,-1.3742
1,4.4990,0.4920,0.8162,-1.3782
1,4.5010,0.4930,0.8162,-1.3866
1,4.5030,0.4948,0.8158,-1.3989
1,4.5050,0.4970,0.8152,-1.4137
1,4.5070,0.4991,0.8144,-1.4290
1,4.5090,0.5007,0.8137,-1.4428
1,4.5110,0.5013,0.8131,-1.4533
1,4.5130,0.5008,0.8127,-1.4594
1,4.5150,0.4991,0.8126,-1.4611
1,4.5170,0.4965,0.8127,-1.4592
1,4.5190,0.4935,0.8129,-1.4554
1,4.5210,0.4905,0.8131,-1.4518
1,4.5230,0.4882,0.8133,-1.4504
1,4.5250,0.4870,0.8133,-1.4527
1,4.5270,0.4869,0.8131,-1.4595
1,4.5290,0.4880,0.8127,-1.4700
1,4.5310,0.4900,0.8123,-1.4830
1,4.5330,0.4924,0.8119,-1.4963
1,4.5350,0.4947,0.8115,-1.5077
1,4.5370,0.4965,0.8113,-1.5155
1,4.5390,0.4976,0.8113,-1.5189
1,4.5410,0.4979,0.8114,-1.5181
1,4.5430,0.4978,0.8116,-1.5142
1,4.5450,0.4974,0.8118,-1.5093
1,4.5470,0.4973,0.8119,-1.5055
1,4.5490,0.4979,0.8118,-1.5047
1,4.5510,0.4991,0.8115,-1.5082
1,4.5530,0.5013,0.8109,-1.5166
1,4.5550,0.5040,0.8102,-1.5286
1,4.5570,0.5065,0.8093,-1.5409
1,4.5590,0.5081,0.8086,-1.5503
1,4.5610,0.5083,0.8081,-1.5544
1,4.5630,0.5069,0.8079,-1.5523
1,4.5650,0.5043,0.8080,-1.5445
1,4.5670,0.5008,0.8082,-1.5332
1,4.5690,0.4972,0.8086,-1.5216
1,4.5710,0.4944,0.8090,-1.5126
1,4.5730,0.4927,0.8094,-1.5087
1,4.5750,0.4926,0.8095,-1.5108
1,4.5770,0.4939,0.8095,-1.5183
1,4.5790,0.4962,0.8095,-1.5292
1,4.5810,0.4988,0.8094,-1.5407
1,4.5830,0.5011,0.8094,-1.5496
1,4.5850,0.5026,0.8095,-1.5537
1,4.5870,0.5029,0.8098,-1.5519
1,4.5890,0.5022,0.8102,-1.5448
1,4.5910,0.5009,0.8106,-1.5342
1,4.5930,0.4993,0.8110,-1.5230
1,4.5950,0.4982,0.8112,-1.5140
1,4.5970,0.4980,0.8111,-1.5095
1,4.5990,0.4989,0.8108,-1.5107
1,4.6010,0.5007,0.8102,-1.5171
1,4.6030,0.5030,0.8096,-1.5270
1,4.6050,0.5054,0.8089,-1.5379
1,4.6070,0.5073,0.8082,-1.5477
1,4.6090,0.5083,0.8078,-1.5545
1,4.6110,0.5082,0.8076,-1.5575
1,4.6130,0.5072,0.8077,-1.5569
1,4.6150,0.5056,0.8080,-1.5540
1,4.6170,0.5037,0.8084,-1.5505
1,4.6190,0.5022,0.8089,-1.5483
1,4.6210,0.5013,0.8093,-1.5491
1,4.6230,0.5013,0.8097,-1.5536
1,4.6250,0.5022,0.8099,-1.5616
1,4.6270,0.5039,0.8101,-1.5723
1,4.6290,0.5059,0.8102,-1.5840
1,4.6310,0.5079,0.8103,-1.5950
1,4.6330,0.5096,0.8104,-1.6037
1,4.6350,0.5107,0.8105,-1.6092
1,4.6370,0.5111,0.8107,-1.6114
1,4.6390,0.5109,0.8108,-1.6110
1,4.6410,0.5104,0.8110,-1.6091
1,4.6430,0.5100,0.8110,-1.6075
1,4.6450,0.5099,0.8110,-1.6073
1,4.6470,0.5103,0.8108,-1.6099
1,4.6490,0.5114,0.8104,-1.6157
1,4.6510,0.5130,0.8100,-1.6245
1,4.6530,0.5150,0.8095,-1.6356
1,4.6550,0.5169,0.8090,-1.6478
1,4.6570,0.5184,0.8086,-1.6596
1,4.6590,0.5193,0.8084,-1.6699
1,4.6610,0.5192,0.8083,-1.6778
1,4.6630,0.5181,0.8084,-1.6830
1,4.6650,0.5162,0.8086,-1.6857
1,4.6670,0.5136,0.8090,-1.6868
1,4.6690,0.5108,0.8095,-1.6874
1,4.6710,0.5081,0.8100,-1.6887
1,4.6730,0.5059,0.8105,-1.6918
1,4.6750,0.5043,0.8108,-1.6973
1,4.6770,0.5035,0.8110,-1.7056
1,4.6790,0.5034,0.8111,-1.7164
1,4.6810,0.5039,0.8111,-1.7292
1,4.6830,0.5048,0.8109,-1.7441
1,4.6850,0.5056,0.8106,-1.7596
1,4.6870,0.5058,0.8104,-1.7731
1,4.6890,0.5048,0.8101,-1.7824
1,4.6910,0.5023,0.8100,-1.7861
1,4.6930,0.4984,0.8099,-1.7838
1,4.6950,0.4933,0.8100,-1.7760
1,4.6970,0.4877,0.8101,-1.7643
1,4.6990,0.4823,0.8102,-1.7509
1,4.7010,0.4778,0.8101,-1.7383
1,4.7030,0.4751,0.8100,-1.7286
1,4.7050,0.4746,0.8097,-1.7234
1,4.7070,0.4764,0.8092,-1.7238
1,4.7090,0.4806,0.8086,-1.7293
1,4.7110,0.4865,0.8079,-1.7389
1,4.7130,0.4935,0.8073,-1.7507
1,4.7150,0.5008,0.8068,-1.7625
1,4.7170,0.5074,0.8065,-1.7720
1,4.7190,0.5127,0.8065,-1.7776
1,4.7210,0.5162,0.8068,-1.7780
1,4.7230,0.5178,0.8074,-1.7732
1,4.7250,0.5175,0.8083,-1.7640
1,4.7270,0.5157,0.8093,-1.7520
1,4.7290,0.5130,0.8104,-1.7392
1,4.7310,0.5101,0.8114,-1.7279
1,4.7330,0.5075,0.8122,-1.7200
1,4.7350,0.5058,0.8127,-1.7168
1,4.7370,0.5050,0.8130,-1.7189
1,4.7390,0.5052,0.8129,-1.7259
1,4.7410,0.5061,0.8126,-1.7366
1,4.7430,0.5071,0.8120,-1.7492
1,4.7450,0.5078,0.8114,-1.7614
1,4.7470,0.5077,0.8106,-1.7714
1,4.7490,0.5063,0.8099,-1.7774
1,4.7510,0.5036,0.8093,-1.7786
1,4.7530,0.4997,0.8089,-1.7750
1,4.7550,0.4949,0.8085,-1.7673
1,4.7570,0.4897,0.8083,-1.7571
1,4.7590,0.4849,0.8082,-1.7463
1,4.7610,0.4812,0.8080,-1.7368
1,4.7630,0.4790,0.8079,-1.7303
1,4.7650,0.4787,0.8078,-1.7279
1,4.7670,0.4804,0.8076,-1.7300
1,4.7690,0.4839,0.8075,-1.7362
1,4.7710,0.4888,0.8073,-1.7451
1,4.7730,0.4944,0.8073,-1.7551
1,4.7750,0.5001,0.8074,-1.7644
1,4.7770,0.5051,0.8077,-1.7712
1,4.7790,0.5090,0.8082,-1.7742
1,4.7810,0.5114,0.8089,-1.7729
1,4.7830,0.5124,0.8097,-1.7674
1,4.7850,0.5120,0.8105,-1.7587
1,4.7870,0.5106,0.8114,-1.7482
1,4.7890,0.5088,0.8122,-1.7378
1,4.7910,0.5070,0.8127,-1.7292
1,4.7930,0.5057,0.8130,-1.7239
1,4.7950,0.5051,0.8130,-1.7227
1,4.7970,0.5053,0.8128,-1.7259
1,4.7990,0.5062,0.8122,-1.7328
1,4.8010,0.5074,0.8115,-1.7422
1,4.8030,0.5085,0.8106,-1.7525
1,4.8050,0.5091,0.8097,-1.7620
1,4.8070,0.5087,0.8089,-1.7690
1,4.8090,0.5071,0.8082,-1.7725
1,4.8110,0.5044,0.8077,-1.7720
1,4.8130,0.5006,0.8074,-1.7677
1,4.8150,0.4961,0.8073,-1.7605
1,4.8170,0.4915,0.8074,-1.7519
1,4.8190,0.4874,0.8076,-1.7434
1,4.8210,0.4843,0.8078,-1.7365
1,4.8230,0.4825,0.8081,-1.7326
1,4.8250,0.4824,0.8083,-1.7322
1,4.8270,0.4840,0.8086,-1.7355
1,4.8290,0.4869,0.8087,-1.7417
1,4.8310,0.4908,0.8089,-1.7497
1,4.8330,0.4952,0.8091,-1.7580
1,4.8350,0.4995,0.8093,-1.7650
1,4.8370,0.5033,0.8096,-1.7696
1,4.8390,0.5060,0.8099,-1.7707
1,4.8410,0.5076,0.8103,-1.7682
1,4.8430,0.5081,0.8108,-1.7625
1,4.8450,0.5077,0.8112,-1.7545
1,4.8470,0.5068,0.8115,-1.7456
1,4.8490,0.5056,0.8118,-1.7373
1,4.8510,0.5047,0.8118,-1.7310
1,4.8530,0.5043,0.8117,-1.7277
1,4.8550,0.5046,0.8113,-1.7280
1,4.8570,0.5054,0.8108,-1.7317
1,4.8590,0.5067,0.8102,-1.7382
1,4.8610,0.5081,0.8095,-1.7463
1,4.8630,0.5091,0.8089,-1.7546
1,4.8650,0.5095,0.8083,-1.7617
1,4.8670,0.5090,0.8079,-1.7664
1,4.8690,0.5073,0.8076,-1.7680
1,4.8710,0.5046,0.8076,-1.7664
1,4.8730,0.5011,0.8077,-1.7619
1,4.8750,0.4971,0.8080,-1.7555
1,4.8770,0.4931,0.8085,-1.7484
1,4.8790,0.4896,0.8089,-1.7419
1,4.8810,0.4871,0.8093,-1.7372
1,4.8830,0.4857,0.8097,-1.7352
1,4.8850,0.4857,0.8099,-1.7361
1,4.8870,0.4871,0.8101,-1.7400
1,4.8890,0.4895,0.8101,-1.7459
1,4.8910,0.4926,0.8101,-1.7528
1,4.8930,0.4960,0.8100,-1.7595
1,4.8950,0.4992,0.8099,-1.7647
1,4.8970,0.5019,0.8098,-1.7674
1,4.8990,0.5037,0.8098,-1.7672
1,4.9010,0.5047,0.8099,-1.7640
1,4.9030,0.5050,0.8099,-1.7585
1,4.9050,0.5046,0.8100,-1.7514
1,4.9070,0.5040,0.8101,-1.7440
1,4.9090,0.5034,0.8102,-1.7375
1,4.9110,0.5031,0.8101,-1.7331
1,4.9130,0.5033,0.8100,-1.7314
1,4.9150,0.5041,0.8098,-1.7326
1,4.9170,0.5053,0.8096,-1.7365
1,4.9190,0.5068,0.8093,-1.7424
1,4.9210,0.5082,0.8090,-1.7492
1,4.9230,0.5091,0.8088,-1.7557
1,4.9250,0.5094,0.8086,-1.7609
1,4.9270,0.5087,0.8086,-1.7639
1,4.9290,0.5071,0.8088,-1.7642
1,4.9310,0.5045,0.8090,-1.7619
1,4.9330,0.5014,0.8093,-1.7575
1,4.9350,0.4979,0.8097,-1.7519
1,4.9370,0.4945,0.8100,-1.7462
1,4.9390,0.4916,0.8103,-1.7413
1,4.9410,0.4896,0.8105,-1.7383
1,4.9430,0.4886,0.8105,-1.7377
1,4.9450,0.4887,0.8105,-1.7395
1,4.9470,0.4898,0.8103,-1.7435
1,4.9490,0.4918,0.8100,-1.7489
1,4.9510,0.4942,0.8096,-1.7547
1,4.9530,0.4967,0.8093,-1.7599
1,4.9550,0.4990,0.8090,-1.7636
1,4.9570,0.5008,0.8088,-1.7650
1,4.9590,0.5020,0.8087,-1.7639
1,4.9610,0.5026,0.8087,-1.7604
1,4.9630,0.5026,0.8088,-1.7552
1,4.9650,0.5023,0.8090,-1.7491
1,4.9670,0.5019,0.8092,-1.7432
1,4.9690,0.5017,0.8094,-1.7383
1,4.9710,0.5019,0.8096,-1.7354
1,4.9730,0.5025,0.8097,-1.7348
1,4.9750,0.5036,0.8098,-1.7367
1,4.9770,0.5050,0.8098,-1.7405
1,4.9790,0.5065,0.8098,-1.7457
1,4.9810,0.5079,0.8098,-1.7513
1,4.9830,0.5087,0.8098,-1.7563
1,4.9850,0.5088,0.8098,-1.7599
1,4.9870,0.5081,0.8099,-1.7615
1,4.9890,0.5066,0.8100,-1.7608
1,4.9910,0.5043,0.8101,-1.7582
1,4.9930,0.5015,0.8102,-1.7541
1,4.9950,0.4985,0.8103,-1.7494
1,4.9970,0.4957,0.8104,-1.7448
1,4.9990,0.4934,0.8103,-1.7414
1,5.0010,0.4918,0.8102,-1.7396
1,5.0030,0.4911,0.8100,-1.7399
1,5.0050,0.4912,0.8097,-1.7423
1,5.0070,0.4922,0.8093,-1.7462
1,5.0090,0.4937,0.8089,-1.7509
1,5.0110,0.4955,0.8086,-1.7557
1,5.0130,0.4973,0.8083,-1.7597
1,5.0150,0.4989,0.8081,-1.7621
1,5.0170,0.5001,0.8081,-1.7626
1,5.0190,0.5008,0.8082,-1.7610
1,5.0210,0.5010,0.8084,-1.7575
1,5.0230,0.5009,0.8087,-1.7528
1,5.0250,0.5006,0.8091,-1.7477
1,5.0270,0.5004,0.8095,-1.7430
1,5.0290,0.5005,0.8099,-1.7395
1,5.0310,0.5010,0.8102,-1.7378
1,5.0330,0.5019,0.8104,-1.7380
1,5.0350,0.5032,0.8105,-1.7404
1,5.0370,0.5048,0.8105,-1.7450
1,5.0390,0.5064,0.8104,-1.7516
1,5.0410,0.5079,0.8101,-1.7595
1,5.0430,0.5089,0.8097,-1.7679
1,5.0450,0.5090,0.8093,-1.7758
1,5.0470,0.5082,0.8089,-1.7823
1,5.0490,0.5062,0.8085,-1.7865
1,5.0510,0.5032,0.8082,-1.7882
1,5.0530,0.4994,0.8081,-1.7877
1,5.0550,0.4951,0.8080,-1.7857
1,5.0570,0.4909,0.8080,-1.7834
1,5.0590,0.4872,0.8080,-1.7822
1,5.0610,0.4845,0.8079,-1.7828
1,5.0630,0.4830,0.8078,-1.7859
1,5.0650,0.4828,0.8076,-1.7911
1,5.0670,0.4839,0.8075,-1.7974
1,5.0690,0.4860,0.8075,-1.8034
1,5.0710,0.4889,0.8078,-1.8078
1,5.0730,0.4923,0.8084,-1.8099
1,5.0750,0.4960,0.8092,-1.8091
1,5.0770,0.4996,0.8103,-1.8058
1,5.0790,0.5031,0.8114,-1.8007
1,5.0810,0.5062,0.8124,-1.7954
1,5.0830,0.5091,0.8131,-1.7914
1,5.0850,0.5115,0.8134,-1.7898
1,5.0870,0.5133,0.8133,-1.7911
1,5.0890,0.5144,0.8128,-1.7947
1,5.0910,0.5144,0.8119,-1.7993
1,5.0930,0.5133,0.8110,-1.8036
1,5.0950,0.5110,0.8100,-1.8062
1,5.0970,0.5075,0.8093,-1.8065
1,5.0990,0.5033,0.8087,-1.8044
1,5.1010,0.4987,0.8084,-1.8009
1,5.1030,0.4942,0.8082,-1.7971
1,5.1050,0.4905,0.8081,-1.7945
1,5.1070,0.4879,0.8080,-1.7939
1,5.1090,0.4866,0.8080,-1.7957
1,5.1110,0.4867,0.8080,-1.7992
1,5.1130,0.4879,0.8082,-1.8034
1,5.1150,0.4901,0.8085,-1.8070
1,5.1170,0.4929,0.8090,-1.8087
1,5.1190,0.4959,0.8098,-1.8080
1,5.1210,0.4990,0.8107,-1.8050
1,5.1230,0.5020,0.8116,-1.8006
1,5.1250,0.5048,0.8124,-1.7960
1,5.1270,0.5073,0.8129,-1.7926
1,5.1290,0.5096,0.8130,-1.7912
1,5.1310,0.5114,0.8127,-1.7924
1,5.1330,0.5125,0.8122,-1.7955
1,5.1350,0.5127,0.8113,-1.7995
1,5.1370,0.5120,0.8104,-1.8031
1,5.1390,0.5101,0.8096,-1.8053
1,5.1410,0.5072,0.8089,-1.8054
1,5.1430,0.5036,0.8085,-1.8036
1,5.1450,0.4996,0.8083,-1.8005
1,5.1470,0.4957,0.8082,-1.7973
1,5.1490,0.4924,0.8082,-1.7950
1,5.1510,0.4900,0.8083,-1.7947
1,5.1530,0.4887,0.8084,-1.7963
1,5.1550,0.4886,0.8085,-1.7994
1,5.1570,0.4895,0.8087,-1.8031
1,5.1590,0.4912,0.8091,-1.8062
1,5.1610,0.4935,0.8095,-1.8076
1,5.1630,0.4960,0.8102,-1.8070
1,5.1650,0.4986,0.8109,-1.8044
1,5.1670,0.5011,0.8116,-1.8005
1,5.1690,0.5036,0.8122,-1.7965
1,5.1710,0.5059,0.8125,-1.7936
1,5.1730,0.5080,0.8125,-1.7925
1,5.1750,0.5097,0.8122,-1.7935
1,5.1770,0.5108,0.8116,-1.7962
1,5.1790,0.5112,0.8108,-1.7996
1,5.1810,0.5107,0.8100,-1.8027
1,5.1830,0.5092,0.8093,-1.8045
1,5.1850,0.5069,0.8087,-1.8045
1,5.1870,0.5038,0.8084,-1.8028
1,5.1890,0.5003,0.8083,-1.8002
1,5.1910,0.4969,0.8083,-1.7974
1,5.1930,0.4940,0.8085,-1.7956
1,5.1950,0.4918,0.8086,-1.7953
1,5.1970,0.4906,0.8088,-1.7968
1,5.1990,0.4903,0.8090,-1.7996
1,5.2010,0.4910,0.8092,-1.8028
1,5.2030,0.4923,0.8095,-1.8055
1,5.2050,0.4941,0.8100,-1.8067
1,5.2070,0.4961,0.8105,-1.8061
1,5.2090,0.4983,0.8111,-1.8038
1,5.2110,0.5005,0.8116,-1.8004
1,5.2130,0.5027,0.8120,-1.7970
1,5.2150,0.5047,0.8122,-1.7945
1,5.2170,0.5066,0.8121,-1.7935
1,5.2190,0.5083,0.8117,-1.7944
1,5.2210,0.5094,0.8111,-1.7967
1,5.2230,0.5099,0.8104,-1.7997
1,5.2250,0.5096,0.8096,-1.8025
1,5.2270,0.5085,0.8090,-1.8045
1,5.2290,0.5068,0.8085,-1.8058
1,5.2310,0.5045,0.8081,-1.8065
1,5.2330,0.5019,0.8078,-1.8070
1,5.2350,0.4994,0.8077,-1.8079
1,5.2370,0.4971,0.8077,-1.8096
1,5.2390,0.4953,0.8077,-1.8123
1,5.2410,0.4941,0.8078,-1.8160
1,5.2430,0.4934,0.8079,-1.8202
1,5.2450,0.4934,0.8081,-1.8245
1,5.2470,0.4939,0.8083,-1.8285
1,5.2490,0.4948,0.8087,-1.8316
1,5.2510,0.4959,0.8091,-1.8338
1,5.2530,0.4973,0.8095,-1.8352
1,5.2550,0.4989,0.8100,-1.8361
1,5.2570,0.5006,0.8103,-1.8369
1,5.2590,0.5024,0.8105,-1.8381
1,5.2610,0.5042,0.8105,-1.8401
1,5.2630,0.5059,0.8104,-1.8435
1,5.2650,0.5075,0.8100,-1.8482
1,5.2670,0.5087,0.8096,-1.8531
1,5.2690,0.5092,0.8093,-1.8568
1,5.2710,0.5090,0.8092,-1.8587
1,5.2730,0.5078,0.8092,-1.8581
1,5.2750,0.5060,0.8094,-1.8554
1,5.2770,0.5036,0.8098,-1.8513
1,5.2790,0.5010,0.8101,-1.8468
1,5.2810,0.4985,0.8103,-1.8431
1,5.2830,0.4965,0.8103,-1.8412
1,5.2850,0.4950,0.8101,-1.8414
1,5.2870,0.4942,0.8096,-1.8439
1,5.2890,0.4940,0.8089,-1.8479
1,5.2910,0.4943,0.8082,-1.8526
1,5.2930,0.4949,0.8076,-1.8568
1,5.2950,0.4957,0.8073,-1.8595
1,5.2970,0.4964,0.8072,-1.8600
1,5.2990,0.4970,0.8074,-1.8583
1,5.3010,0.4975,0.8079,-1.8547
1,5.3030,0.4981,0.8086,-1.8501
1,5.3050,0.4988,0.8093,-1.8456
1,5.3070,0.4997,0.8099,-1.8423
1,5.3090,0.5010,0.8103,-1.8408
1,5.3110,0.5025,0.8104,-1.8414
1,5.3130,0.5042,0.8104,-1.8440
1,5.3150,0.5059,0.8101,-1.8479
1,5.3170,0.5072,0.8098,-1.8520
1,5.3190,0.5080,0.8095,-1.8554
1,5.3210,0.5081,0.8093,-1.8572
1,5.3230,0.5075,0.8093,-1.8570
1,5.3250,0.5062,0.8095,-1.8549
1,5.3270,0.5044,0.8097,-1.8516
1,5.3290,0.5023,0.8100,-1.8477
1,5.3310,0.5002,0.8101,-1.8444
1,5.3330,0.4983,0.8101,-1.8425
1,5.3350,0.4969,0.8099,-1.8424
1,5.3370,0.4960,0.8095,-1.8442
1,5.3390,0.4956,0.8090,-1.8475
1,5.3410,0.4956,0.8084,-1.8515
1,5.3430,0.4958,0.8078,-1.8552
1,5.3450,0.4962,0.8075,-1.8578
1,5.3470,0.4966,0.8074,-1.8586
1,5.3490,0.4969,0.8076,-1.8575
1,5.3510,0.4972,0.8080,-1.8547
1,5.3530,0.4975,0.8086,-1.8509
1,5.3550,0.4980,0.8092,-1.8471
1,5.3570,0.4988,0.8097,-1.8440
1,5.3590,0.4998,0.8101,-1.8424
1,5.3610,0.5012,0.8103,-1.8427
1,5.3630,0.5028,0.8103,-1.8446
1,5.3650,0.5043,0.8101,-1.8477
1,5.3670,0.5057,0.8098,-1.8512
1,5.3690,0.5067,0.8096,-1.8542
1,5.3710,0.5071,0.8094,-1.8559
1,5.3730,0.5069,0.8093,-1.8560
1,5.3750,0.5061,0.8094,-1.8544
1,5.3770,0.5048,0.8096,-1.8517
1,5.3790,0.5031,0.8098,-1.8484
1,5.3810,0.5014,0.8100,-1.8455
1,5.3830,0.4998,0.8100,-1.8436
1,5.3850,0.4984,0.8098,-1.8433
1,5.3870,0.4975,0.8095,-1.8446
1,5.3890,0.4970,0.8090,-1.8472
1,5.3910,0.4968,0.8085,-1.8506
1,5.3930,0.4968,0.8081,-1.8539
1,5.3950,0.4969,0.8078,-1.8563
1,5.3970,0.4970,0.8077,-1.8573
1,5.3990,0.4971,0.8078,-1.8567
1,5.4010,0.4972,0.8082,-1.8545
1,5.4030,0.4973,0.8087,-1.8515
1,5.4050,0.4976,0.8092,-1.8482
1,5.4070,0.4982,0.8097,-1.8454
1,5.4090,0.4990,0.8100,-1.8438
1,5.4110,0.5002,0.8102,-1.8438
1,5.4130,0.5015,0.8102,-1.8452
1,5.4150,0.5030,0.8100,-1.8478
1,5.4170,0.5045,0.8097,-1.8512
1,5.4190,0.5057,0.8094,-1.8547
1,5.4210,0.5067,0.8091,-1.8581
1,5.4230,0.5072,0.8088,-1.8608
1,5.4250,0.5073,0.8086,-1.8627
1,5.4270,0.5070,0.8085,-1.8639
1,5.4290,0.5063,0.8084,-1.8646
1,5.4310,0.5054,0.8084,-1.8651
1,5.4330,0.5044,0.8084,-1.8659
1,5.4350,0.5034,0.8084,-1.8673
1,5.4370,0.5025,0.8083,-1.8696
1,5.4390,0.5018,0.8082,-1.8727
1,5.4410,0.5012,0.8080,-1.8766
1,5.4430,0.5008,0.8078,-1.8810
1,5.4450,0.5006,0.8077,-1.8856
1,5.4470,0.5004,0.8076,-1.8901
1,5.4490,0.5003,0.8076,-1.8942
1,5.4510,0.5002,0.8078,-1.8976
1,5.4530,0.5001,0.8081,-1.9000
1,5.4550,0.5001,0.8084,-1.9000
1,5.4570,0.5002,0.8088,-1.9000
1,5.4590,0.5004,0.8093,-1.9000
1,5.4610,0.5006,0.8098,-1.9000
1,5.4630,0.5009,0.8102,-1.9000
1,5.4650,0.5012,0.8106,-1.9000
1,5.4670,0.5016,0.8109,-1.9000
1,5.4690,0.5020,0.8112,-1.9000
1,5.4710,0.5024,0.8114,-1.9000
1,5.4730,0.5028,0.8115,-1.9000
1,5.4750,0.5031,0.8115,-1.9000
1,5.4770,0.5034,0.8114,-1.9000
1,5.4790,0.5036,0.8112,-1.9000
1,5.4810,0.5038,0.8110,-1.8999
1,5.4830,0.5039,0.8107,-1.8998
1,5.4850,0.5039,0.8103,-1.8997
1,5.4870,0.5038,0.8100,-1.8996
1,5.4890,0.5036,0.8096,-1.8995
1,5.4910,0.5034,0.8092,-1.8995
1,5.4930,0.5032,0.8089,-1.8994
1,5.4950,0.5029,0.8086,-1.8994
1,5.4970,0.5025,0.8084,-1.8995
1,5.4990,0.5022,0.8082,-1.8996
1,5.5010,0.5018,0.8082,-1.8997
1,5.5030,0.5015,0.8082,-1.8998
1,5.5050,0.5012,0.8083,-1.9000
1,5.5070,0.5009,0.8084,-1.9000
1,5.5090,0.5006,0.8087,-1.9000
1,5.5110,0.5005,0.8090,-1.9000
1,5.5130,0.5004,0.8093,-1.9000
1,5.5150,0.5003,0.8096,-1.9000
1,5.5170,0.5004,0.8099,-1.9000
1,5.5190,0.5005,0.8102,-1.9000
1,5.5210,0.5006,0.8105,-1.9000
1,5.5230,0.5009,0.8107,-1.9000
1,5.5250,0.5012,0.8108,-1.9000
1,5.5270,0.5015,0.8109,-1.9000
1,5.5290,0.5019,0.8109,-1.9000
1,5.5310,0.5022,0.8109,-1.9000
1,5.5330,0.5026,0.8107,-1.9000
1,5.5350,0.5029,0.8106,-1.9000
1,5.5370,0.5032,0.8104,-1.8999
1,5.5390,0.5034,0.8101,-1.8999
1,5.5410,0.5036,0.8099,-1.8998
1,5.5430,0.5037,0.8096,-1.8997
1,5.5450,0.5037,0.8094,-1.8996
1,5.5470,0.5036,0.8092,-1.8995
1,5.5490,0.5035,0.8090,-1.8994
1,5.5510,0.5033,0.8089,-1.8994
1,5.5530,0.5031,0.8088,-1.8994
1,5.5550,0.5028,0.8088,-1.8994
1,5.5570,0.5025,0.8088,-1.8995
1,5.5590,0.5022,0.8088,-1.8996
1,5.5610,0.5019,0.8089,-1.8998
1,5.5630,0.5016,0.8091,-1.8999
1,5.5650,0.5013,0.8092,-1.8999
1,5.5670,0.5011,0.8094,-1.8999
1,5.5690,0.5009,0.8096,-1.8999
1,5.5710,0.5007,0.8098,-1.8999
1,5.5730,0.5006,0.8100,-1.8999
1,5.5750,0.5006,0.8102,-1.8999
1,5.5770,0.5007,0.8103,-1.8999
1,5.5790,0.5008,0.8104,-1.8999
1,5.5810,0.5009,0.8104,-1.8999
1,5.5830,0.5012,0.8104,-1.8999
1,5.5850,0.5014,0.8103,-1.8999
1,5.5870,0.5017,0.8102,-1.8999
1,5.5890,0.5020,0.8101,-1.8999
1,5.5910,0.5023,0.8100,-1.8999
1,5.5930,0.5026,0.8098,-1.8999
1,5.5950,0.5028,0.8097,-1.8999
1,5.5970,0.5030,0.8095,-1.8999
1,5.5990,0.5032,0.8094,-1.8998
1,5.6010,0.5033,0.8093,-1.8998
1,5.6030,0.5033,0.8092,-1.8997
1,5.6050,0.5033,0.8092,-1.8997
1,5.6070,0.5032,0.8090,-1.8998
1,5.6090,0.5031,0.8088,-1.8999
1,5.6110,0.5029,0.8083,-1.8999
1,5.6130,0.5026,0.8075,-1.8999
1,5.6150,0.5023,0.8064,-1.8999
1,5.6170,0.5020,0.8049,-1.8999
1,5.6190,0.5016,0.8029,-1.8999
1,5.6210,0.5012,0.8006,-1.8999
1,5.6230,0.5008,0.7979,-1.8999
1,5.6250,0.5004,0.7950,-1.8999
1,5.6270,0.5000,0.7919,-1.8999
1,5.6290,0.4997,0.7887,-1.8999
1,5.6310,0.4995,0.7856,-1.8999
1,5.6330,0.4993,0.7826,-1.8999
1,5.6350,0.4991,0.7800,-1.8999
1,5.6370,0.4991,0.7777,-1.8999
1,5.6390,0.4991,0.7760,-1.8999
1,5.6410,0.4993,0.7748,-1.8999
1,5.6430,0.4994,0.7740,-1.8999
1,5.6450,0.4997,0.7737,-1.8999
1,5.6470,0.5000,0.7739,-1.8999
1,5.6490,0.5002,0.7744,-1.8999
1,5.6510,0.5005,0.7753,-1.8999
1,5.6530,0.5008,0.7765,-1.8999
1,5.6550,0.5010,0.7778,-1.8999
1,5.6570,0.5011,0.7791,-1.8999
1,5.6590,0.5012,0.7805,-1.8999
1,5.6610,0.5013,0.7816,-1.8999
1,5.6630,0.5013,0.7826,-1.8999
1,5.6650,0.5012,0.7832,-1.8999
1,5.6670,0.5011,0.7834,-1.8999
1,5.6690,0.5010,0.7834,-1.8999
1,5.6710,0.5009,0.7830,-1.8999
1,5.6730,0.5007,0.7824,-1.8999
1,5.6750,0.5006,0.7815,-1.8999
1,5.6770,0.5005,0.7806,-1.8999
1,5.6790,0.5004,0.7795,-1.8999
1,5.6810,0.5003,0.7785,-1.8999
1,5.6830,0.5002,0.7777,-1.8999
1,5.6850,0.5001,0.7769,-1.8999
1,5.6870,0.5001,0.7764,-1.8999
1,5.6890,0.5001,0.7762,-1.8999
1,5.6910,0.5002,0.7762,-1.8999
1,5.6930,0.5002,0.7765,-1.8999
1,5.6950,0.5002,0.7769,-1.8999
1,5.6970,0.5003,0.7774,-1.8999
1,5.6990,0.5004,0.7781,-1.8999
1,5.7010,0.5004,0.7788,-1.8999
1,5.7030,0.5005,0.7794,-1.8999
1,5.7050,0.5006,0.7801,-1.8999
1,5.7070,0.5006,0.7806,-1.8999
1,5.7090,0.5007,0.7809,-1.8999
1,5.7110,0.5007,0.7811,-1.8999
1,5.7130,0.5007,0.7811,-1.8999
1,5.7150,0.5007,0.7810,-1.8999
1,5.7170,0.5007,0.7808,-1.8999
1,5.7190,0.5007,0.7805,-1.8999
1,5.7210,0.5006,0.7801,-1.8999
1,5.7230,0.5006,0.7797,-1.8999
1,5.7251,0.5006,0.7793,-1.8999
1,5.7271,0.5005,0.7790,-1.8999
1,5.7291,0.5005,0.7787,-1.8999
1,5.7311,0.5005,0.7785,-1.8999
1,5.7331,0.5004,0.7784,-1.8999
1,5.7351,0.5004,0.7783,-1.8999
1,5.7371,0.5004,0.7783,-1.8999
1,5.7391,0.5004,0.7783,-1.8999
1,5.7411,0.5004,0.7783,-1.8999
1,5.7431,0.5004,0.7783,-1.8999
1,5.7451,0.5004,0.7783,-1.8999
1,5.7471,0.5004,0.7783,-1.8999
1,5.7491,0.5004,0.7783,-1.8999
1,5.7511,0.5004,0.7783,-1.8999
1,5.7531,0.5005,0.7781,-1.8999
1,5.7551,0.5005,0.7778,-1.8999
1,5.7571,0.5005,0.7774,-1.8999
1,5.7591,0.5006,0.7766,-1.8999
1,5.7611,0.5006,0.7757,-1.8999
1,5.7631,0.5007,0.7746,-1.8999
1,5.7651,0.5007,0.7732,-1.8999
1,5.7671,0.5008,0.7717,-1.8999
1,5.7691,0.5008,0.7701,-1.8999
1,5.7711,0.5009,0.7683,-1.8999
1,5.7731,0.5009,0.7666,-1.8999
1,5.7751,0.5009,0.7648,-1.8999
1,5.7771,0.5008,0.7631,-1.8999
1,5.7791,0.5008,0.7615,-1.8999
1,5.7811,0.5007,0.7600,-1.8999
1,5.7831,0.5006,0.7586,-1.8999
1,5.7851,0.5005,0.7572,-1.8999
1,5.7871,0.5004,0.7560,-1.8999
1,5.7891,0.5003,0.7551,-1.8999
1,5.7911,0.5002,0.7544,-1.8999
1,5.7931,0.5001,0.7541,-1.8999
1,5.7951,0.5000,0.7540,-1.8999
1,5.7971,0.5000,0.7543,-1.8999
1,5.7991,0.5000,0.7548,-1.8999
1,5.8011,0.5000,0.7555,-1.8999
1,5.8031,0.5000,0.7564,-1.8999
1,5.8051,0.5000,0.7574,-1.8999
1,5.8071,0.5000,0.7584,-1.8999
1,5.8091,0.5001,0.7595,-1.8999
1,5.8111,0.5002,0.7604,-1.8999
1,5.8131,0.5003,0.7612,-1.8999
1,5.8151,0.5004,0.7618,-1.8999
1,5.8171,0.5005,0.7621,-1.8999
1,5.8191,0.5006,0.7623,-1.8999
1,5.8211,0.5007,0.7622,-1.8999
1,5.8231,0.5007,0.7619,-1.8999
1,5.8251,0.5008,0.7615,-1.8999
1,5.8271,0.5008,0.7610,-1.8999
1,5.8291,0.5008,0.7604,-1.8999
1,5.8311,0.5008,0.7598,-1.8999
1,5.8331,0.5007,0.7591,-1.8999
1,5.8351,0.5007,0.7585,-1.8999
1,5.8371,0.5006,0.7579,-1.8999
1,5.8391,0.5006,0.7575,-1.8999
1,5.8411,0.5005,0.7572,-1.8999
1,5.8431,0.5004,0.7570,-1.8999
1,5.8451,0.5004,0.7570,-1.8999
1,5.8471,0.5003,0.7571,-1.8999
1,5.8491,0.5003,0.7572,-1.8999
1,5.8511,0.5003,0.7575,-1.8999
1,5.8531,0.5003,0.7577,-1.8999
1,5.8551,0.5003,0.7580,-1.8999
1,5.8571,0.5003,0.7584,-1.8999
1,5.8591,0.5003,0.7587,-1.8999
1,5.8611,0.5003,0.7590,-1.8999
1,5.8631,0.5003,0.7592,-1.8999
1,5.8651,0.5004,0.7594,-1.8999
1,5.8671,0.5004,0.7595,-1.8999
1,5.8691,0.5004,0.7595,-1.8999
1,5.8711,0.5004,0.7595,-1.8999
1,5.8731,0.5004,0.7595,-1.8999
1,5.8751,0.5004,0.7595,-1.8999
1,5.8771,0.5004,0.7595,-1.8999
1,5.8791,0.5004,0.7595,-1.8999
1,5.8811,0.5004,0.7595,-1.8999
1,5.8831,0.5004,0.7595,-1.8999
1,5.8851,0.5004,0.7595,-1.8999
1,5.8871,0.5004,0.7595,-1.8999
1,5.8891,0.5004,0.7594,-1.8999
1,5.8911,0.5004,0.7591,-1.8999
1,5.8931,0.5004,0.7588,-1.8999
1,5.8951,0.5005,0.7582,-1.8999
1,5.8971,0.5005,0.7575,-1.8999
1,5.8991,0.5006,0.7566,-1.8999
1,5.9011,0.5006,0.7555,-1.8999
1,5.9031,0.5007,0.7542,-1.8999
1,5.9051,0.5008,0.7527,-1.8999
1,5.9071,0.5008,0.7512,-1.8999
1,5.9091,0.5009,0.7495,-1.8999
1,5.9111,0.5009,0.7478,-1.8999
1,5.9131,0.5009,0.7460,-1.8999
1,5.9151,0.5009,0.7442,-1.8999
1,5.9171,0.5009,0.7425,-1.8999
1,5.9191,0.5008,0.7408,-1.8999
1,5.9211,0.5007,0.7392,-1.8999
1,5.9231,0.5006,0.7376,-1.8999
1,5.9251,0.5006,0.7361,-1.8999
1,5.9271,0.5004,0.7346,-1.8999
1,5.9291,0.5003,0.7334,-1.8999
1,5.9311,0.5002,0.7324,-1.8999
1,5.9331,0.5000,0.7317,-1.8999
1,5.9351,0.4999,0.7313,-1.8999
1,5.9371,0.4998,0.7312,-1.8999
1,5.9391,0.4997,0.7313,-1.8999
1,5.9411,0.4996,0.7318,-1.8999
1,5.9431,0.4996,0.7324,-1.8999
1,5.9451,0.4995,0.7332,-1.8999
1,5.9471,0.4995,0.7342,-1.8999
1,5.9491,0.4995,0.7353,-1.8999
1,5.9511,0.4995,0.7364,-1.8999
1,5.9531,0.4996,0.7374,-1.8999
1,5.9551,0.4997,0.7385,-1.8999
1,5.9571,0.4998,0.7394,-1.8999
1,5.9591,0.4999,0.7401,-1.8999
1,5.9611,0.5000,0.7407,-1.8999
1,5.9631,0.5002,0.7411,-1.8999
1,5.9651,0.5003,0.7412,-1.8999
1,5.9671,0.5005,0.7412,-1.8999
1,5.9691,0.5006,0.7410,-1.8999
1,5.9711,0.5007,0.7406,-1.8999
1,5.9731,0.5007,0.7401,-1.8999
1,5.9751,0.5008,0.7396,-1.8999
1,5.9771,0.5008,0.7390,-1.8999
1,5.9791,0.5008,0.7383,-1.8999
1,5.9811,0.5008,0.7376,-1.8999
1,5.9831,0.5008,0.7370,-1.8999
1,5.9851,0.5007,0.7364,-1.8999
1,5.9871,0.5007,0.7359,-1.8999
1,5.9891,0.5006,0.7355,-1.8999
1,5.9911,0.5005,0.7353,-1.8999
1,5.9931,0.5004,0.7351,-1.8999
1,5.9951,0.5003,0.7351,-1.8999
1,5.9971,0.5003,0.7352,-1.8999
1,5.9991,0.5002,0.7353,-1.8999
1,6.0011,0.5002,0.7355,-1.8999
1,6.0031,0.5001,0.7358,-1.8999
1,6.0051,0.5001,0.7360,-1.8999
1,6.0071,0.5001,0.7363,-1.8999
1,6.0091,0.5001,0.7366,-1.8999
1,6.0111,0.5001,0.7369,-1.8999
1,6.0131,0.5001,0.7371,-1.8999
1,6.0151,0.5001,0.7373,-1.8999
1,6.0171,0.5001,0.7375,-1.8999
1,6.0191,0.5001,0.7376,-1.8999
1,6.0211,0.5001,0.7377,-1.8999
1,6.0231,0.5001,0.7377,-1.8999
1,6.0251,0.5001,0.7377,-1.8999
1,6.0271,0.5001,0.7376,-1.8999
1,6.0291,0.5002,0.7374,-1.8999
1,6.0311,0.5002,0.7371,-1.8999
1,6.0331,0.5002,0.7365,-1.8999
1,6.0351,0.5003,0.7356,-1.8999
1,6.0371,0.5003,0.7343,-1.8999
1,6.0391,0.5004,0.7328,-1.8999
1,6.0411,0.5004,0.7309,-1.8999
1,6.0431,0.5005,0.7287,-1.8999
1,6.0451,0.5005,0.7263,-1.8999
1,6.0471,0.5005,0.7238,-1.8999
1,6.0491,0.5005,0.7212,-1.8999
1,6.0511,0.5005,0.7186,-1.8999
1,6.0531,0.5004,0.7162,-1.8999
1,6.0551,0.5004,0.7141,-1.8999
1,6.0571,0.5003,0.7123,-1.8999
1,6.0591,0.5002,0.7110,-1.8999
1,6.0611,0.5001,0.7101,-1.8999
1,6.0631,0.5001,0.7097,-1.8999
1,6.0651,0.5001,0.7097,-1.8999
1,6.0671,0.5001,0.7101,-1.8999
1,6.0691,0.5001,0.7107,-1.8999
1,6.0711,0.5002,0.7117,-1.8999
1,6.0731,0.5002,0.7128,-1.8999
1,6.0751,0.5003,0.7140,-1.8999
1,6.0771,0.5004,0.7152,-1.8999
1,6.0791,0.5005,0.7163,-1.8999
1,6.0811,0.5006,0.7172,-1.8999
1,6.0831,0.5007,0.7179,-1.8999
1,6.0851,0.5007,0.7182,-1.8999
1,6.0871,0.5008,0.7183,-1.8999
1,6.0891,0.5008,0.7181,-1.8999
1,6.0911,0.5007,0.7176,-1.8999
1,6.0931,0.5007,0.7169,-1.8999
1,6.0951,0.5006,0.7162,-1.8999
1,6.0971,0.5006,0.7153,-1.8999
1,6.0991,0.5005,0.7144,-1.8999
1,6.1011,0.5004,0.7136,-1.8999
1,6.1031,0.5004,0.7129,-1.8999
1,6.1051,0.5003,0.7124,-1.8999
1,6.1071,0.5003,0.7121,-1.8999
1,6.1091,0.5003,0.7121,-1.8999
1,6.1111,0.5003,0.7122,-1.8999
1,6.1131,0.5003,0.7125,-1.8999
1,6.1151,0.5003,0.7129,-1.8999
1,6.1171,0.5003,0.7134,-1.8999
1,6.1191,0.5004,0.7139,-1.8999
1,6.1211,0.5004,0.7145,-1.8999
1,6.1231,0.5005,0.7150,-1.8999
1,6.1251,0.5005,0.7155,-1.8999
1,6.1271,0.5005,0.7158,-1.8999
1,6.1291,0.5006,0.7160,-1.8999
1,6.1311,0.5006,0.7161,-1.8999
1,6.1331,0.5006,0.7160,-1.8999
1,6.1351,0.5006,0.7159,-1.8999
1,6.1371,0.5006,0.7157,-1.8999
1,6.1391,0.5005,0.7155,-1.8999
1,6.1411,0.5005,0.7152,-1.8999
1,6.1431,0.5005,0.7149,-1.8999
1,6.1451,0.5005,0.7147,-1.8999
1,6.1471,0.5005,0.7144,-1.8999
1,6.1491,0.5005,0.7143,-1.8999
1,6.1511,0.5004,0.7142,-1.8999
1,6.1531,0.5004,0.7141,-1.8999
1,6.1551,0.5004,0.7141,-1.8999
1,6.1571,0.5004,0.7141,-1.8999
1,6.1591,0.5004,0.7141,-1.8999
1,6.1611,0.5004,0.7141,-1.8999
1,6.1631,0.5004,0.7141,-1.8999
1,6.1651,0.5004,0.7141,-1.8999
1,6.1671,0.5004,0.7141,-1.8999
1,6.1691,0.5004,0.7141,-1.8999
1,6.1711,0.5004,0.7140,-1.8999
1,6.1731,0.5004,0.7138,-1.8999
1,6.1751,0.5005,0.7134,-1.8999
1,6.1771,0.5005,0.7128,-1.8999
1,6.1791,0.5005,0.7120,-1.8999
1,6.1811,0.5005,0.7109,-1.8999
1,6.1831,0.5006,0.7097,-1.8999
1,6.1851,0.5006,0.7083,-1.8999
1,6.1871,0.5006,0.7067,-1.8999
1,6.1891,0.5006,0.7051,-1.8999
1,6.1911,0.5006,0.7034,-1.8999
1,6.1931,0.5006,0.7017,-1.8999
1,6.1951,0.5006,0.7000,-1.8999
1,6.1971,0.5005,0.6985,-1.8999
1,6.1991,0.5005,0.6970,-1.8999
1,6.2011,0.5004,0.6957,-1.8999
1,6.2031,0.5004,0.6944,-1.8999
1,6.2051,0.5003,0.6933,-1.8999
1,6.2071,0.5003,0.6922,-1.8999
1,6.2091,0.5002,0.6914,-1.8999
1,6.2111,0.5002,0.6908,-1.8999
1,6.2131,0.5001,0.6906,-1.8999
1,6.2151,0.5001,0.6906,-1.8999
1,6.2171,0.5001,0.6908,-1.8999
1,6.2191,0.5001,0.6912,-1.8999
1,6.2211,0.5001,0.6918,-1.8999
1,6.2231,0.5002,0.6926,-1.8999
1,6.2251,0.5002,0.6934,-1.8999
1,6.2271,0.5002,0.6943,-1.8999
1,6.2291,0.5003,0.6951,-1.8999
1,6.2311,0.5003,0.6959,-1.8999
1,6.2331,0.5004,0.6966,-1.8999
1,6.2351,0.5004,0.6971,-1.8999
1,6.2371,0.5005,0.6974,-1.8999
1,6.2391,0.5005,0.6975,-1.8999
1,6.2411,0.5005,0.6975,-1.8999
1,6.2431,0.5005,0.6973,-1.8999
1,6.2451,0.5005,0.6970,-1.8999
1,6.2471,0.5005,0.6966,-1.8999
1,6.2491,0.5005,0.6961,-1.8999
1,6.2511,0.5005,0.6956,-1.8999
1,6.2531,0.5004,0.6951,-1.8999
1,6.2551,0.5004,0.6946,-1.8999
1,6.2571,0.5004,0.6942,-1.8999
1,6.2591,0.5003,0.6938,-1.8999
1,6.2611,0.5003,0.6936,-1.8999
1,6.2631,0.5003,0.6934,-1.8999
1,6.2651,0.5003,0.6934,-1.8999
1,6.2671,0.5003,0.6934,-1.8999
1,6.2691,0.5003,0.6935,-1.8999
1,6.2711,0.5003,0.6936,-1.8999
1,6.2731,0.5003,0.6938,-1.8999
1,6.2751,0.5003,0.6940,-1.8999
1,6.2771,0.5003,0.6942,-1.8999
1,6.2791,0.5003,0.6944,-1.8999
1,6.2811,0.5003,0.6945,-1.8999
1,6.2831,0.5003,0.6947,-1.8999
1,6.2851,0.5003,0.6948,-1.8999
1,6.2871,0.5003,0.6949,-1.8999
1,6.2891,0.5003,0.6949,-1.8999
1,6.2911,0.5003,0.6949,-1.8999
1,6.2931,0.5003,0.6949,-1.8999
1,6.2951,0.5003,0.6949,-1.8999
1,6.2971,0.5003,0.6949,-1.8999
1,6.2991,0.5003,0.6949,-1.8999
1,6.3011,0.5003,0.6949,-1.8999
1,6.3031,0.5003,0.6949,-1.8999
1,6.3051,0.5003,0.6949,-1.8999
1,6.3071,0.5003,0.6949,-1.8999
1,6.3091,0.5003,0.6948,-1.8999
1,6.3111,0.5004,0.6947,-1.8999
1,6.3131,0.5004,0.6944,-1.8999
1,6.3151,0.5004,0.6939,-1.8999
1,6.3171,0.5004,0.6932,-1.8999
1,6.3191,0.5004,0.6924,-1.8999
1,6.3211,0.5005,0.6913,-1.8999
1,6.3231,0.5005,0.6900,-1.8999
1,6.3251,0.5005,0.6885,-1.8999
1,6.3271,0.5005,0.6869,-1.8999
1,6.3291,0.5006,0.6851,-1.8999
1,6.3311,0.5006,0.6833,-1.8999
1,6.3331,0.5006,0.6813,-1.8999
1,6.3351,0.5005,0.6794,-1.8999
1,6.3371,0.5005,0.6775,-1.8999
1,6.3391,0.5005,0.6756,-1.8999
1,6.3411,0.5004,0.6738,-1.8999
1,6.3431,0.5003,0.6721,-1.8999
1,6.3451,0.5003,0.6704,-1.8999
1,6.3471,0.5002,0.6688,-1.8999
1,6.3491,0.5001,0.6675,-1.8999
1,6.3511,0.5000,0.6664,-1.8999
1,6.3531,0.4999,0.6657,-1.8999
1,6.3551,0.4998,0.6653,-1.8999
1,6.3571,0.4997,0.6652,-1.8999
1,6.3591,0.4997,0.6655,-1.8999
1,6.3611,0.4996,0.6660,-1.8999
1,6.3631,0.4996,0.6668,-1.8999
1,6.3651,0.4996,0.6678,-1.8999
1,6.3671,0.4996,0.6690,-1.8999
1,6.3691,0.4996,0.6702,-1.8999
1,6.3711,0.4997,0.6715,-1.8999
1,6.3731,0.4997,0.6727,-1.8999
1,6.3751,0.4998,0.6739,-1.8999
1,6.3771,0.4999,0.6749,-1.8999
1,6.3791,0.5000,0.6757,-1.8999
1,6.3811,0.5002,0.6763,-1.8999
1,6.3831,0.5003,0.6767,-1.8999
1,6.3851,0.5004,0.6768,-1.8999
1,6.3871,0.5004,0.6766,-1.8999
1,6.3891,0.5005,0.6763,-1.8999
1,6.3911,0.5005,0.6758,-1.8999
1,6.3931,0.5005,0.6752,-1.8999
1,6.3951,0.5005,0.6745,-1.8999
1,6.3971,0.5005,0.6737,-1.8999
1,6.3991,0.5005,0.6728,-1.8999
1,6.4011,0.5004,0.6720,-1.8999
1,6.4031,0.5004,0.6712,-1.8999
1,6.4051,0.5003,0.6705,-1.8999
1,6.4071,0.5002,0.6700,-1.8999
1,6.4091,0.5001,0.6695,-1.8999
1,6.4111,0.5000,0.6693,-1.8999
1,6.4131,0.5000,0.6692,-1.8999
1,6.4151,0.4999,0.6692,-1.8999
1,6.4171,0.4999,0.6693,-1.8999
1,6.4191,0.4999,0.6696,-1.8999
1,6.4211,0.4999,0.6699,-1.8999
1,6.4231,0.4999,0.6703,-1.8999
1,6.4251,0.4999,0.6707,-1.8999
1,6.4271,0.4999,0.6711,-1.8999
1,6.4291,0.4999,0.6716,-1.8999
1,6.4311,0.5000,0.6720,-1.8999
1,6.4331,0.5000,0.6724,-1.8999
1,6.4351,0.5000,0.6727,-1.8999
1,6.4371,0.5001,0.6729,-1.8999
1,6.4391,0.5001,0.6731,-1.8999
1,6.4411,0.5001,0.6732,-1.8999
1,6.4431,0.5001,0.6732,-1.8999
1,6.4451,0.5001,0.6731,-1.8999
1,6.4471,0.5001,0.6730,-1.8999
1,6.4491,0.5001,0.6727,-1.8999
1,6.4511,0.5001,0.6722,-1.8999
1,6.4531,0.5002,0.6714,-1.8999
1,6.4551,0.5002,0.6703,-1.8999
1,6.4571,0.5002,0.6689,-1.8999
1,6.4591,0.5002,0.6671,-1.8999
1,6.4611,0.5002,0.6649,-1.8999
1,6.4631,0.5002,0.6625,-1.8999
1,6.4651,0.5002,0.6598,-1.8999
1,6.4671,0.5002,0.6570,-1.8999
1,6.4691,0.5002,0.6541,-1.8999
1,6.4711,0.5001,0.6513,-1.8999
1,6.4731,0.5001,0.6486,-1.8999
1,6.4751,0.5001,0.6461,-1.8999
1,6.4771,0.5000,0.6440,-1.8999
1,6.4791,0.5000,0.6423,-1.8999
1,6.4811,0.5000,0.6410,-1.8999
1,6.4831,0.5000,0.6402,-1.8999
1,6.4851,0.5000,0.6398,-1.8999
1,6.4871,0.5000,0.6398,-1.8999
1,6.4891,0.5001,0.6402,-1.8999
1,6.4911,0.5001,0.6410,-1.8999
1,6.4931,0.5002,0.6420,-1.8999
1,6.4951,0.5002,0.6432,-1.8999
1,6.4971,0.5003,0.6446,-1.8999
1,6.4991,0.5003,0.6459,-1.8999
1,6.5011,0.5004,0.6472,-1.8999
1,6.5031,0.5004,0.6483,-1.8999
1,6.5051,0.5004,0.6492,-1.8999
1,6.5071,0.5004,0.6497,-1.8999
1,6.5091,0.5004,0.6500,-1.8999
1,6.5111,0.5004,0.6499,-1.8999
1,6.5131,0.5004,0.6495,-1.8999
1,6.5151,0.5004,0.6489,-1.8999
1,6.5171,0.5003,0.6481,-1.8999
1,6.5191,0.5003,0.6472,-1.8999
1,6.5211,0.5003,0.6462,-1.8999
1,6.5231,0.5002,0.6452,-1.8999
1,6.5251,0.5002,0.6443,-1.8999
1,6.5271,0.5002,0.6435,-1.8999
1,6.5291,0.5001,0.6429,-1.8999
1,6.5311,0.5001,0.6425,-1.8999
1,6.5331,0.5001,0.6424,-1.8999
1,6.5351,0.5001,0.6425,-1.8999
1,6.5371,0.5002,0.6428,-1.8999
1,6.5391,0.5002,0.6433,-1.8999
1,6.5411,0.5002,0.6438,-1.8999
1,6.5431,0.5002,0.6445,-1.8999
1,6.5451,0.5002,0.6451,-1.8999
1,6.5471,0.5003,0.6458,-1.8999
1,6.5491,0.5003,0.6464,-1.8999
1,6.5511,0.5003,0.6469,-1.8999
1,6.5531,0.5003,0.6473,-1.8999
1,6.5551,0.5003,0.6475,-1.8999
1,6.5571,0.5003,0.6475,-1.8999
1,6.5591,0.5003,0.6474,-1.8999
1,6.5611,0.5003,0.6472,-1.8999
1,6.5631,0.5003,0.6470,-1.8999
1,6.5651,0.5003,0.6467,-1.8999
1,6.5671,0.5003,0.6463,-1.8999
1,6.5691,0.5003,0.6459,-1.8999
1,6.5711,0.5003,0.6456,-1.8999
1,6.5731,0.5002,0.6453,-1.8999
1,6.5751,0.5002,0.6450,-1.8999
1,6.5771,0.5002,0.6448,-1.8999
1,6.5791,0.5002,0.6447,-1.8999
1,6.5811,0.5002,0.6447,-1.8999
1,6.5831,0.5002,0.6447,-1.8999
1,6.5851,0.5002,0.6447,-1.8999
1,6.5871,0.5002,0.6447,-1.8999
1,6.5891,0.5002,0.6447,-1.8999
1,6.5911,0.5002,0.6447,-1.8999
1,6.5931,0.5002,0.6445,-1.8999
1,6.5951,0.5002,0.6442,-1.8999
1,6.5971,0.5002,0.6438,-1.8999
1,6.5991,0.5002,0.6431,-1.8999
1,6.6011,0.5002,0.6422,-1.8999
1,6.6031,0.5002,0.6411,-1.8999
1,6.6051,0.5002,0.6398,-1.8999
1,6.6071,0.5002,0.6383,-1.8999
1,6.6091,0.5002,0.6367,-1.8999
1,6.6111,0.5002,0.6350,-1.8999
1,6.6131,0.5001,0.6332,-1.8999
1,6.6151,0.5001,0.6315,-1.8999
1,6.6171,0.5001,0.6298,-1.8999
1,6.6191,0.5000,0.6281,-1.8999
1,6.6211,0.4999,0.6266,-1.8999
1,6.6231,0.4999,0.6251,-1.8999
1,6.6251,0.4998,0.6238,-1.8999
1,6.6271,0.4997,0.6226,-1.8999
1,6.6291,0.4997,0.6217,-1.8999
1,6.6311,0.4996,0.6210,-1.8999
1,6.6331,0.4996,0.6207,-1.8999
1,6.6351,0.4995,0.6207,-1.8999
1,6.6371,0.4995,0.6210,-1.8999
1,6.6391,0.4995,0.6215,-1.8999
1,6.6411,0.4996,0.6223,-1.8999
1,6.6431,0.4996,0.6232,-1.8999
1,6.6451,0.4996,0.6242,-1.8999
1,6.6471,0.4997,0.6253,-1.8999
1,6.6491,0.4997,0.6263,-1.8999
1,6.6511,0.4998,0.6273,-1.8999
1,6.6531,0.4998,0.6281,-1.8999
1,6.6551,0.4999,0.6288,-1.8999
1,6.6571,0.4999,0.6292,-1.8999
1,6.6591,0.5000,0.6294,-1.8999
1,6.6611,0.5000,0.6293,-1.8999
1,6.6631,0.5000,0.6291,-1.8999
1,6.6651,0.5000,0.6287,-1.8999
1,6.6671,0.5000,0.6282,-1.8999
1,6.6691,0.5000,0.6276,-1.8999
1,6.6711,0.4999,0.6269,-1.8999
1,6.6731,0.4999,0.6262,-1.8999
1,6.6751,0.4999,0.6255,-1.8999
1,6.6771,0.4998,0.6249,-1.8999
1,6.6791,0.4998,0.6244,-1.8999
1,6.6811,0.4998,0.6240,-1.8999
1,6.6831,0.4997,0.6237,-1.8999
1,6.6851,0.4997,0.6237,-1.8999
1,6.6871,0.4997,0.6237,-1.8999
1,6.6891,0.4997,0.6238,-1.8999
1,6.6911,0.4997,0.6241,-1.8999
1,6.6931,0.4997,0.6243,-1.8999
1,6.6951,0.4997,0.6247,-1.8999
1,6.6971,0.4997,0.6250,-1.8999
1,6.6991,0.4997,0.6254,-1.8999
1,6.7011,0.4998,0.6257,-1.8999
1,6.7031,0.4998,0.6260,-1.8999
1,6.7051,0.4998,0.6263,-1.8999
1,6.7071,0.4998,0.6265,-1.8999
1,6.7091,0.4998,0.6266,-1.8999
1,6.7111,0.4998,0.6266,-1.8999
1,6.7131,0.4998,0.6266,-1.8999
1,6.7151,0.4998,0.6266,-1.8999
1,6.7171,0.4998,0.6266,-1.8999
1,6.7191,0.4998,0.6266,-1.8999
1,6.7211,0.4998,0.6266,-1.8999
1,6.7231,0.4998,0.6266,-1.8999
1,6.7251,0.4998,0.6266,-1.8999
1,6.7271,0.4998,0.6265,-1.8999
1,6.7291,0.4998,0.6262,-1.8999
1,6.7311,0.4998,0.6257,-1.8999
1,6.7331,0.4999,0.6249,-1.8999
1,6.7351,0.4999,0.6239,-1.8999
1,6.7371,0.4999,0.6224,-1.8999
1,6.7391,0.4999,0.6207,-1.8999
1,6.7411,0.4999,0.6186,-1.8999
1,6.7431,0.5000,0.6163,-1.8999
1,6.7451,0.5000,0.6137,-1.8999
1,6.7471,0.5000,0.6110,-1.8999
1,6.7491,0.5000,0.6083,-1.8999
1,6.7511,0.5000,0.6057,-1.8999
1,6.7531,0.5000,0.6031,-1.8999
1,6.7551,0.5000,0.6009,-1.8999
1,6.7571,0.5000,0.5989,-1.8999
1,6.7591,0.5000,0.5972,-1.8999
1,6.7611,0.5000,0.5959,-1.8999
1,6.7631,0.5000,0.5949,-1.8999
1,6.7651,0.5000,0.5940,-1.8999
1,6.7671,0.5000,0.5935,-1.8999
1,6.7691,0.5000,0.5933,-1.8999
1,6.7711,0.5000,0.5934,-1.8999
1,6.7731,0.5000,0.5937,-1.8999
1,6.7751,0.5001,0.5942,-1.8999
1,6.7771,0.5001,0.5949,-1.8999
1,6.7791,0.5001,0.5958,-1.8999
1,6.7811,0.5001,0.5967,-1.8999
1,6.7831,0.5001,0.5977,-1.8999
1,6.7851,0.5001,0.5987,-1.8999
1,6.7871,0.5001,0.5996,-1.8999
1,6.7891,0.5001,0.6004,-1.8999
1,6.7911,0.5001,0.6010,-1.8999
1,6.7931,0.5001,0.6015,-1.8999
1,6.7951,0.5001,0.6016,-1.8999
1,6.7971,0.5001,0.6016,-1.8999
1,6.7991,0.5001,0.6014,-1.8999
1,6.8011,0.5001,0.6010,-1.8999
1,6.8031,0.5001,0.6005,-1.8999
1,6.8051,0.5001,0.5999,-1.8999
1,6.8071,0.5001,0.5993,-1.8999
1,6.8091,0.5001,0.5986,-1.8999
1,6.8111,0.5001,0.5980,-1.8999
1,6.8131,0.5001,0.5974,-1.8999
1,6.8151,0.5001,0.5970,-1.8999
1,6.8171,0.5001,0.5966,-1.8999
1,6.8191,0.5001,0.5964,-1.8999
1,6.8211,0.5001,0.5963,-1.8999
1,6.8231,0.5001,0.5963,-1.8999
1,6.8251,0.5001,0.5965,-1.8999
1,6.8271,0.5001,0.5966,-1.8999
1,6.8291,0.5001,0.5969,-1.8999
1,6.8311,0.5001,0.5971,-1.8999
1,6.8331,0.5001,0.5974,-1.8999
1,6.8351,0.5001,0.5978,-1.8999
1,6.8371,0.5001,0.5981,-1.8999
1,6.8391,0.5001,0.5984,-1.8999
1,6.8411,0.5001,0.5986,-1.8999
1,6.8431,0.5001,0.5988,-1.8999
1,6.8451,0.5001,0.5989,-1.8999
1,6.8471,0.5001,0.5990,-1.8999
1,6.8491,0.5001,0.5990,-1.8999
1,6.8511,0.5001,0.5990,-1.8999
1,6.8531,0.5001,0.5990,-1.8999
1,6.8551,0.5001,0.5990,-1.8999
1,6.8571,0.5001,0.5990,-1.8999
1,6.8591,0.5001,0.5990,-1.8999
1,6.8611,0.5001,0.5990,-1.8999
1,6.8631,0.5001,0.5990,-1.8999
1,6.8651,0.5001,0.5990,-1.8999
1,6.8671,0.5001,0.5989,-1.8999
1,6.8691,0.5001,0.5988,-1.8999
1,6.8711,0.5001,0.5985,-1.8999
1,6.8731,0.5001,0.5981,-1.8999
1,6.8751,0.5001,0.5974,-1.8999
1,6.8771,0.5001,0.5966,-1.8999
1,6.8791,0.5000,0.5955,-1.8999
1,6.8811,0.5000,0.5942,-1.8999
1,6.8831,0.5000,0.5928,-1.8999
1,6.8851,0.5000,0.5911,-1.8999
1,6.8871,0.4999,0.5892,-1.8999
1,6.8891,0.4999,0.5873,-1.8999
1,6.8911,0.4999,0.5853,-1.8999
1,6.8931,0.4998,0.5832,-1.8999
1,6.8951,0.4998,0.5812,-1.8999
1,6.8971,0.4997,0.5792,-1.8999
1,6.8991,0.4997,0.5773,-1.8999
1,6.9011,0.4996,0.5756,-1.8999
1,6.9031,0.4996,0.5739,-1.8999
1,6.9051,0.4995,0.5724,-1.8999
1,6.9071,0.4994,0.5711,-1.8999
1,6.9091,0.4994,0.5700,-1.8999
1,6.9111,0.4993,0.5692,-1.8999
1,6.9131,0.4993,0.5688,-1.8999
1,6.9151,0.4993,0.5687,-1.8999
1,6.9171,0.4993,0.5689,-1.8999
1,6.9191,0.4993,0.5694,-1.8999
1,6.9211,0.4993,0.5702,-1.8999
1,6.9231,0.4993,0.5711,-1.8999
1,6.9251,0.4994,0.5723,-1.8999
1,6.9271,0.4994,0.5735,-1.8999
1,6.9291,0.4995,0.5747,-1.8999
1,6.9311,0.4995,0.5759,-1.8999
1,6.9331,0.4996,0.5771,-1.8999
1,6.9351,0.4996,0.5781,-1.8999
1,6.9371,0.4996,0.5789,-1.8999
1,6.9391,0.4997,0.5794,-1.8999
1,6.9411,0.4997,0.5797,-1.8999
1,6.9431,0.4997,0.5798,-1.8999
1,6.9451,0.4997,0.5796,-1.8999
1,6.9471,0.4997,0.5793,-1.8999
1,6.9491,0.4997,0.5788,-1.8999
1,6.9511,0.4997,0.5781,-1.8999
1,6.9531,0.4996,0.5773,-1.8999
1,6.9551,0.4996,0.5765,-1.8999
1,6.9571,0.4996,0.5757,-1.8999
1,6.9591,0.4995,0.5749,-1.8999
1,6.9611,0.4995,0.5741,-1.8999
1,6.9631,0.4994,0.5734,-1.8999
1,6.9651,0.4994,0.5729,-1.8999
1,6.9671,0.4994,0.5725,-1.8999
1,6.9691,0.4994,0.5723,-1.8999
1,6.9711,0.4994,0.5723,-1.8999
1,6.9731,0.4994,0.5724,-1.8999
1,6.9751,0.4994,0.5726,-1.8999
1,6.9771,0.4994,0.5729,-1.8999
1,6.9791,0.4994,0.5732,-1.8999
1,6.9811,0.4995,0.5736,-1.8999
1,6.9831,0.4995,0.5741,-1.8999
1,6.9851,0.4995,0.5746,-1.8999
1,6.9871,0.4995,0.5751,-1.8999
1,6.9891,0.4995,0.5755,-1.8999
1,6.9911,0.4996,0.5759,-1.8999
1,6.9931,0.4996,0.5762,-1.8999
1,6.9951,0.4996,0.5764,-1.8999
1,6.9971,0.4996,0.5765,-1.8999
1,6.9991,0.4996,0.5765,-1.8999
1,7.0011,0.4996,0.5765,-1.8999
1,7.0031,0.4996,0.5765,-1.8999
1,7.0051,0.4996,0.5764,-1.8999
1,7.0071,0.4996,0.5762,-1.8999
1,7.0091,0.4996,0.5758,-1.8999
1,7.0111,0.4996,0.5752,-1.8999
1,7.0131,0.4996,0.5742,-1.8999
1,7.0151,0.4996,0.5729,-1.8999
1,7.0171,0.4996,0.5711,-1.8999
1,7.0191,0.4996,0.5690,-1.8999
1,7.0211,0.4997,0.5664,-1.8999
1,7.0231,0.4997,0.5634,-1.8999
1,7.0251,0.4997,0.5601,-1.8999
1,7.0271,0.4997,0.5565,-1.8999
1,7.0291,0.4997,0.5527,-1.8999
1,7.0311,0.4997,0.5488,-1.8999
1,7.0331,0.4997,0.5450,-1.8999
1,7.0351,0.4997,0.5412,-1.8999
1,7.0371,0.4997,0.5376,-1.8999
1,7.0391,0.4996,0.5343,-1.8999
1,7.0411,0.4996,0.5314,-1.8999
1,7.0431,0.4996,0.5287,-1.8999
1,7.0451,0.4995,0.5265,-1.8999
1,7.0471,0.4995,0.5246,-1.8999
1,7.0491,0.4994,0.5234,-1.8999
1,7.0511,0.4994,0.5227,-1.8999
1,7.0531,0.4994,0.5227,-1.8999
1,7.0551,0.4994,0.5233,-1.8999
1,7.0571,0.4994,0.5244,-1.8999
1,7.0591,0.4995,0.5260,-1.8999
1,7.0611,0.4995,0.5279,-1.8999
1,7.0631,0.4995,0.5302,-1.8999
1,7.0651,0.4996,0.5326,-1.8999
1,7.0671,0.4996,0.5350,-1.8999
1,7.0691,0.4997,0.5373,-1.8999
1,7.0711,0.4997,0.5393,-1.8999
1,7.0731,0.4998,0.5410,-1.8999
1,7.0751,0.4998,0.5423,-1.8999
1,7.0771,0.4998,0.5431,-1.8999
1,7.0791,0.4998,0.5434,-1.8999
1,7.0811,0.4999,0.5431,-1.8999
1,7.0831,0.4999,0.5424,-1.8999
1,7.0851,0.4998,0.5413,-1.8999
1,7.0871,0.4998,0.5399,-1.8999
1,7.0891,0.4998,0.5382,-1.8999
1,7.0911,0.4997,0.5363,-1.8999
1,7.0931,0.4997,0.5343,-1.8999
1,7.0951,0.4996,0.5324,-1.8999
1,7.0971,0.4996,0.5307,-1.8999
1,7.0991,0.4996,0.5291,-1.8999
1,7.1011,0.4995,0.5279,-1.8999
1,7.1031,0.4995,0.5271,-1.8999
1,7.1051,0.4995,0.5266,-1.8999
1,7.1071,0.4994,0.5266,-1.8999
1,7.1091,0.4994,0.5270,-1.8999
1,7.1111,0.4995,0.5277,-1.8999
1,7.1131,0.4995,0.5288,-1.8999
1,7.1151,0.4995,0.5300,-1.8999
1,7.1171,0.4996,0.5314,-1.8999
1,7.1191,0.4996,0.5330,-1.8999
1,7.1211,0.4996,0.5345,-1.8999
1,7.1231,0.4997,0.5359,-1.8999
1,7.1251,0.4997,0.5372,-1.8999
1,7.1271,0.4998,0.5383,-1.8999
1,7.1291,0.4998,0.5391,-1.8999
1,7.1311,0.4998,0.5396,-1.8999
1,7.1331,0.4998,0.5398,-1.8999
1,7.1351,0.4998,0.5396,-1.8999
1,7.1371,0.4998,0.5392,-1.8999
1,7.1391,0.4998,0.5385,-1.8999
1,7.1411,0.4997,0.5377,-1.8999
1,7.1431,0.4997,0.5367,-1.8999
1,7.1451,0.4997,0.5355,-1.8999
1,7.1471,0.4996,0.5344,-1.8999
1,7.1491,0.4996,0.5331,-1.8999
1,7.1511,0.4996,0.5319,-1.8999
1,7.1531,0.4995,0.5306,-1.8999
1,7.1551,0.4995,0.5294,-1.8999
1,7.1571,0.4994,0.5283,-1.8999
1,7.1591,0.4994,0.5272,-1.8999
1,7.1611,0.4993,0.5261,-1.8999
1,7.1631,0.4993,0.5252,-1.8999
1,7.1651,0.4992,0.5243,-1.8999
1,7.1671,0.4992,0.5235,-1.8999
1,7.1691,0.4992,0.5228,-1.8999
1,7.1711,0.4991,0.5221,-1.8999
1,7.1731,0.4991,0.5214,-1.8999
1,7.1751,0.4990,0.5208,-1.8999
1,7.1771,0.4990,0.5202,-1.8999
1,7.1791,0.4989,0.5196,-1.8999
1,7.1811,0.4989,0.5189,-1.8999
1,7.1831,0.4988,0.5182,-1.8999
1,7.1851,0.4988,0.5174,-1.8999
1,7.1871,0.4987,0.5165,-1.8999
1,7.1891,0.4987,0.5156,-1.8999
1,7.1911,0.4986,0.5147,-1.8999
1,7.1931,0.4986,0.5139,-1.8999
1,7.1951,0.4986,0.5133,-1.8999
1,7.1971,0.4985,0.5127,-1.8999
1,7.1991,0.4985,0.5124,-1.8999
1,7.2011,0.4985,0.5122,-1.8999
1,7.2031,0.4985,0.5122,-1.8999
1,7.2051,0.4985,0.5124,-1.8999
1,7.2071,0.4985,0.5126,-1.8999
1,7.2091,0.4986,0.5130,-1.8999
1,7.2111,0.4986,0.5134,-1.8999
1,7.2131,0.4986,0.5139,-1.8999
1,7.2151,0.4987,0.5144,-1.8999
1,7.2171,0.4987,0.5150,-1.8999
1,7.2191,0.4987,0.5155,-1.8999
1,7.2211,0.4987,0.5160,-1.8999
1,7.2231,0.4988,0.5164,-1.8999
1,7.2251,0.4988,0.5167,-1.8999
1,7.2271,0.4988,0.5169,-1.8999
1,7.2291,0.4988,0.5170,-1.8999
1,7.2311,0.4988,0.5170,-1.8999
1,7.2331,0.4988,0.5170,-1.8999
1,7.2351,0.4988,0.5169,-1.8999
1,7.2371,0.4988,0.5167,-1.8999
1,7.2391,0.4988,0.5166,-1.8999
1,7.2411,0.4987,0.5164,-1.8999
1,7.2431,0.4987,0.5162,-1.8999
1,7.2451,0.4987,0.5159,-1.8999
1,7.2471,0.4987,0.5157,-1.8999
1,7.2491,0.4987,0.5155,-1.8999
1,7.2511,0.4987,0.5154,-1.8999
1,7.2531,0.4987,0.5152,-1.8999
1,7.2551,0.4987,0.5152,-1.8999
1,7.2571,0.4987,0.5151,-1.8999
1,7.2591,0.4987,0.5151,-1.8999
1,7.2611,0.4987,0.5151,-1.8999
1,7.2631,0.4987,0.5151,-1.8999
1,7.2651,0.4987,0.5151,-1.8999
1,7.2671,0.4987,0.5151,-1.8999
1,7.2691,0.4987,0.5151,-1.8999
1,7.2711,0.4987,0.5151,-1.8999
1,7.2731,0.4987,0.5151,-1.8999
1,7.2751,0.4987,0.5151,-1.8999
1,7.2771,0.4987,0.5151,-1.8999
1,7.2791,0.4987,0.5151,-1.8999
1,7.2811,0.4987,0.5151,-1.8999
1,7.2831,0.4987,0.5151,-1.8999
1,7.2851,0.4987,0.5151,-1.8999
1,7.2871,0.4987,0.5151,-1.8999
1,7.2891,0.4987,0.5151,-1.8999
1,7.2911,0.4987,0.5150,-1.8999
1,7.2931,0.4987,0.5147,-1.8999
1,7.2951,0.4986,0.5143,-1.8999
1,7.2971,0.4986,0.5137,-1.8999
1,7.2991,0.4986,0.5129,-1.8999
1,7.3011,0.4985,0.5118,-1.8999
1,7.3031,0.4985,0.5105,-1.8999
1,7.3051,0.4984,0.5090,-1.8999
1,7.3071,0.4983,0.5073,-1.8999
1,7.3091,0.4982,0.5053,-1.8999
1,7.3111,0.4981,0.5032,-1.8999
1,7.3131,0.4979,0.5010,-1.8999
1,7.3151,0.4978,0.4987,-1.8999
1,7.3171,0.4977,0.4963,-1.8999
1,7.3191,0.4975,0.4937,-1.8999
1,7.3211,0.4973,0.4909,-1.8999
1,7.3231,0.4972,0.4879,-1.8999
1,7.3251,0.4970,0.4845,-1.8999
1,7.3271,0.4968,0.4808,-1.8999
1,7.3291,0.4966,0.4769,-1.8999
1,7.3311,0.4964,0.4727,-1.8999
1,7.3331,0.4961,0.4683,-1.8999
1,7.3351,0.4959,0.4637,-1.8999
1,7.3371,0.4957,0.4590,-1.8999
1,7.3391,0.4955,0.4542,-1.8999
1,7.3411,0.4954,0.4492,-1.8999
1,7.3431,0.4952,0.4442,-1.8999
1,7.3451,0.4950,0.4392,-1.8999
1,7.3471,0.4948,0.4341,-1.8999
1,7.3491,0.4947,0.4292,-1.8999
1,7.3511,0.4945,0.4242,-1.8999
1,7.3531,0.4944,0.4194,-1.8999
1,7.3551,0.4942,0.4147,-1.8999
1,7.3571,0.4941,0.4102,-1.8999
1,7.3591,0.4939,0.4059,-1.8999
1,7.3611,0.4938,0.4017,-1.8999
1,7.3631,0.4937,0.3980,-1.8999
1,7.3651,0.4936,0.3957,-1.8999
1,7.3671,0.4935,0.3950,-1.8999
1,7.3691,0.4935,0.3957,-1.8999
1,7.3711,0.4935,0.3980,-1.8999
1,7.3731,0.4936,0.4016,-1.8999
1,7.3751,0.4937,0.4054,-1.8999
1,7.3771,0.4938,0.4093,-1.8999
1,7.3791,0.4940,0.4132,-1.8999
1,7.3811,0.4941,0.4171,-1.8999
1,7.3831,0.4942,0.4209,-1.8999
1,7.3851,0.4944,0.4248,-1.8999
1,7.3871,0.4946,0.4285,-1.8999
1,7.3891,0.4947,0.4322,-1.8999
1,7.3911,0.4949,0.4357,-1.8999
1,7.3931,0.4951,0.4391,-1.8999
1,7.3951,0.4952,0.4423,-1.8999
1,7.3971,0.4954,0.4454,-1.8999
1,7.3991,0.4956,0.4482,-1.8999
1,7.4011,0.4957,0.4509,-1.8999
1,7.4031,0.4958,0.4533,-1.8999
1,7.4051,0.4959,0.4554,-1.8999
1,7.4071,0.4960,0.4573,-1.8999
1,7.4091,0.4960,0.4590,-1.8999
1,7.4111,0.4961,0.4603,-1.8999
1,7.4131,0.4961,0.4614,-1.8999
1,7.4151,0.4961,0.4623,-1.8999
1,7.4171,0.4961,0.4628,-1.8999
1,7.4191,0.4961,0.4631,-1.8999
1,7.4211,0.4960,0.4631,-1.8999
1,7.4231,0.4960,0.4628,-1.8999
1,7.4251,0.4960,0.4624,-1.8999
1,7.4271,0.4960,0.4615,-1.8999
1,7.4291,0.4960,0.4603,-1.8999
1,7.4311,0.4961,0.4584,-1.8999
1,7.4331,0.4962,0.4558,-1.8999
1,7.4351,0.4964,0.4524,-1.8999
1,7.4371,0.4967,0.4479,-1.8999
1,7.4391,0.4970,0.4422,-1.8999
1,7.4411,0.4975,0.4352,-1.8999
1,7.4431,0.4979,0.4266,-1.8999
1,7.4451,0.4984,0.4163,-1.8999
1,7.4471,0.4990,0.4041,-1.8999
1,7.4491,0.4996,0.3903,-1.8999
1,7.4511,0.5001,0.3758,-1.8999
1,7.4531,0.5006,0.3597,-1.8999
1,7.4551,0.5009,0.3404,-1.8999
1,7.4571,0.5009,0.3147,-1.8999
1,7.4591,0.5005,0.2758,-1.8999
2,7.6111,-0.0000,-0.0000,0.0000
2,7.6131,-0.0000,-0.0000,0.0000
2,7.6151,-0.0001,-0.0000,0.0001
2,7.6171,-0.0001,-0.0000,0.0003
2,7.6191,-0.0002,-0.0000,0.0004
2,7.6211,-0.0003,-0.0000,0.0005
2,7.6231,-0.0004,-0.0000,0.0005
2,7.6251,-0.0004,-0.0000,0.0006
2,7.6271,-0.0005,-0.0000,0.0006
2,7.6291,-0.0006,0.0000,0.0006
2,7.6311,-0.0007,0.0000,0.0005
2,7.6331,-0.0007,0.0000,0.0005
2,7.6351,-0.0008,0.0001,0.0005
2,7.6371,-0.0008,0.0001,0.0004
2,7.6391,-0.0009,0.0001,0.0004
2,7.6411,-0.0009,0.0001,0.0004
2,7.6431,-0.0010,0.0001,0.0004
2,7.6451,-0.0010,0.0001,0.0004
2,7.6471,-0.0010,0.0001,0.0004
2,7.6491,-0.0010,0.0001,0.0004
2,7.6511,-0.0010,0.0001,0.0005
2,7.6531,-0.0010,0.0001,0.0005
2,7.6551,-0.0010,0.0001,0.0005
2,7.6571,-0.0010,0.0001,0.0005
2,7.6591,-0.0010,0.0001,0.0005
2,7.6611,-0.0010,0.0001,0.0005
2,7.6631,-0.0010,0.0001,0.0005
2,7.6651,-0.0010,0.0001,0.0005
2,7.6671,-0.0010,0.0001,0.0005
2,7.6691,-0.0010,0.0001,0.0005
2,7.6711,-0.0010,0.0001,0.0004
2,7.6731,-0.0010,0.0001,0.0004
2,7.6751,-0.0010,0.0001,0.0004
2,7.6771,-0.0010,0.0001,0.0005
2,7.6791,-0.0010,0.0001,0.0005
2,7.6811,-0.0010,0.0001,0.0005
2,7.6831,-0.0010,0.0001,0.0005
2,7.6851,-0.0010,0.0001,0.0005
2,7.6871,-0.0010,0.0001,0.0005
2,7.6891,-0.0010,0.0001,0.0005
2,7.6911,-0.0010,0.0001,0.0005
2,7.6931,-0.0010,0.0001,0.0005
2,7.6951,-0.0010,0.0001,0.0005
2,7.6971,-0.0010,0.0001,0.0005
2,7.6991,-0.0010,0.0001,0.0005
2,7.7011,-0.0010,0.0001,0.0005
2,7.7031,-0.0010,0.0001,0.0005
2,7.7051,-0.0010,0.0001,0.0005
2,7.7071,-0.0010,0.0001,0.0005
2,7.7091,-0.0010,0.0001,0.0005
2,7.7111,-0.0010,0.0001,0.0005
2,7.7131,-0.0010,0.0001,0.0005
2,7.7151,-0.0010,0.0001,0.0005
2,7.7171,-0.0010,0.0001,0.0005
2,7.7191,-0.0010,0.0001,0.0005
2,7.7211,-0.0010,0.0001,0.0005
2,7.7231,-0.0010,0.0001,0.0005
2,7.7251,-0.0010,0.0001,0.0005
2,7.7271,-0.0010,0.0001,0.0005
2,7.7291,-0.0010,0.0001,0.0005
2,7.7311,-0.0010,0.0001,0.0005
2,7.7331,-0.0010,0.0001,0.0005
2,7.7351,-0.0010,0.0001,0.0005
2,7.7371,-0.0010,0.0001,0.0005
2,7.7391,-0.0010,0.0001,0.0005
2,7.7411,-0.0010,0.0001,0.0005
2,7.7431,-0.0010,0.0001,0.0005
2,7.7451,-0.0010,0.0001,0.0005
2,7.7471,-0.0010,0.0001,0.0005
2,7.7491,-0.0010,0.0001,0.0005
2,7.7511,-0.0010,0.0001,0.0005
2,7.7531,-0.0010,0.0001,0.0005
2,7.7551,-0.0010,0.0001,0.0005
2,7.7571,-0.0010,0.0001,0.0005
2,7.7591,-0.0010,0.0001,0.0005
2,7.7611,-0.0010,0.0001,0.0005
2,7.7631,-0.0010,0.0001,0.0005
2,7.7651,-0.0010,0.0001,0.0005
2,7.7671,-0.0010,0.0001,0.0005
2,7.7691,-0.0010,0.0001,0.0005
2,7.7711,-0.0010,0.0001,0.0005
2,7.7731,-0.0010,0.0001,0.0005
2,7.7751,-0.0010,0.0001,0.0005
2,7.7771,-0.0010,0.0001,0.0005
2,7.7791,-0.0010,0.0001,0.0005
2,7.7811,-0.0010,0.0001,0.0005
2,7.7831,-0.0010,0.0001,0.0005
2,7.7851,-0.0010,0.0001,0.0005
2,7.7871,-0.0010,0.0001,0.0005
2,7.7891,-0.0010,0.0001,0.0005
2,7.7911,-0.0010,0.0001,0.0005
2,7.7931,-0.0010,0.0001,0.0005
2,7.7951,-0.0010,0.0001,0.0005
2,7.7971,-0.0010,0.0001,0.0005
2,7.7991,-0.0010,0.0001,0.0005
2,7.8011,-0.0010,0.0001,0.0005
2,7.8031,-0.0010,0.0001,0.0005
2,7.8051,-0.0010,0.0001,0.0005
2,7.8071,-0.0010,0.0001,0.0005
2,7.8091,-0.0010,0.0001,0.0005
2,7.8111,-0.0010,0.0001,0.0005
2,7.8131,-0.0010,0.0001,0.0005
2,7.8151,-0.0010,0.0001,0.0005
2,7.8171,-0.0010,0.0001,0.0005
2,7.8191,-0.0010,0.0001,0.0005
2,7.8211,-0.0010,0.0001,0.0005
2,7.8231,-0.0010,0.0001,0.0005
2,7.8251,-0.0010,0.0001,0.0005
2,7.8271,-0.0010,0.0001,0.0005
2,7.8291,-0.0010,0.0001,0.0005
2,7.8311,-0.0010,0.0001,0.0005
2,7.8331,-0.0010,0.0001,0.0005
2,7.8351,-0.0010,0.0001,0.0005
2,7.8371,-0.0010,0.0001,0.0005
2,7.8391,-0.0010,0.0001,0.0005
2,7.8411,-0.0010,0.0001,0.0005
2,7.8431,-0.0010,0.0001,0.0005
2,7.8451,-0.0010,0.0001,0.0005
2,7.8471,-0.0010,0.0001,0.0005
2,7.8491,-0.0010,0.0001,0.0005
2,7.8511,-0.0010,0.0001,0.0005
2,7.8531,-0.0010,0.0001,0.0005
2,7.8551,-0.0010,0.0001,0.0005
2,7.8571,-0.0010,0.0001,0.0005
2,7.8591,-0.0010,0.0001,0.0005
2,7.8611,-0.0010,0.0001,0.0005
2,7.8631,-0.0010,0.0001,0.0005
2,7.8651,-0.0010,0.0001,0.0005
2,7.8671,-0.0010,0.0001,0.0005
2,7.8691,-0.0010,0.0001,0.0005
2,7.8711,-0.0010,0.0001,0.0005
2,7.8731,-0.0010,0.0001,0.0005
2,7.8751,-0.0010,0.0001,0.0005
2,7.8771,-0.0010,0.0001,0.0005
2,7.8791,-0.0010,0.0001,0.0005
2,7.8811,-0.0010,0.0001,0.0005
2,7.8831,-0.0010,0.0001,0.0005
2,7.8851,-0.0010,0.0001,0.0005
2,7.8871,-0.0010,0.0001,0.0005
2,7.8891,-0.0010,0.0001,0.0005
2,7.8911,-0.0010,0.0001,0.0005
2,7.8931,-0.0010,0.0001,0.0005
2,7.8951,-0.0010,0.0001,0.0005
2,7.8971,-0.0010,0.0001,0.0005
2,7.8991,-0.0010,0.0001,0.0005
2,7.9011,-0.0010,0.0001,0.0005
2,7.9031,-0.0010,0.0001,0.0005
2,7.9051,-0.0010,0.0001,0.0005
2,7.9071,-0.0010,0.0001,0.0005
2,7.9091,-0.0010,0.0001,0.0005
2,7.9111,-0.0010,0.0001,0.0005
2,7.9131,-0.0010,0.0001,0.0005
2,7.9151,-0.0010,0.0001,0.0005
2,7.9171,-0.0010,0.0001,0.0005
2,7.9191,-0.0010,0.0001,0.0005
2,7.9211,-0.0010,0.0001,0.0005
2,7.9231,-0.0010,0.0001,0.0005
2,7.9251,-0.0010,0.0001,0.0005
2,7.9271,-0.0010,0.0001,0.0005
2,7.9291,-0.0010,0.0001,0.0005
2,7.9311,-0.0010,0.0001,0.0005
2,7.9331,-0.0010,0.0001,0.0005
2,7.9351,-0.0010,0.0001,0.0005
2,7.9371,-0.0010,0.0001,0.0005
2,7.9391,-0.0010,0.0001,0.0005
2,7.9411,-0.0010,0.0001,0.0005
2,7.9431,-0.0010,0.0001,0.0005
2,7.9451,-0.0010,0.0001,0.0005
2,7.9471,-0.0010,0.0001,0.0005
2,7.9491,-0.0010,0.0001,0.0005
2,7.9511,-0.0010,0.0001,0.0005
2,7.9531,-0.0010,0.0001,0.0005
2,7.9551,-0.0010,0.0001,0.0005
2,7.9571,-0.0010,0.0001,0.0005
2,7.9591,-0.0010,0.0001,0.0005
2,7.9611,-0.0010,0.0001,0.0005
2,7.9631,-0.0010,0.0001,0.0005
2,7.9651,-0.0010,0.0001,0.0005
2,7.9671,-0.0010,0.0001,0.0005
2,7.9691,-0.0010,0.0001,0.0005
2,7.9711,-0.0010,0.0001,0.0005
2,7.9731,-0.0010,0.0001,0.0005
2,7.9751,-0.0010,0.0001,0.0005
2,7.9771,-0.0010,0.0001,0.0005
2,7.9791,-0.0010,0.0001,0.0005
2,7.9811,-0.0010,0.0001,0.0005
2,7.9831,-0.0010,0.0001,0.0005
2,7.9851,-0.0010,0.0001,0.0005
2,7.9871,-0.0010,0.0001,0.0005
2,7.9891,-0.0010,0.0001,0.0005
2,7.9911,-0.0010,0.0001,0.0005
2,7.9931,-0.0010,0.0001,0.0005
2,7.9951,-0.0010,0.0001,0.0005
2,7.9971,-0.0010,0.0001,0.0005
2,7.9991,-0.0010,0.0001,0.0005
2,8.0011,-0.0010,0.0001,0.0005
2,8.0031,-0.0010,0.0001,0.0005
2,8.0051,-0.0010,0.0001,0.0005
2,8.0071,-0.0010,0.0001,0.0005
2,8.0091,-0.0010,0.0001,0.0005
2,8.0111,-0.0010,0.0001,0.0005
2,8.0131,-0.0010,0.0001,0.0005
2,8.0151,-0.0010,0.0001,0.0005
2,8.0171,-0.0010,0.0001,0.0005
2,8.0191,-0.0010,0.0001,0.0005
2,8.0211,-0.0010,0.0001,0.0005
2,8.0231,-0.0010,0.0001,0.0005
2,8.0251,-0.0010,0.0001,0.0005
2,8.0271,-0.0010,0.0001,0.0005
2,8.0291,-0.0010,0.0001,0.0005
2,8.0311,-0.0010,0.0001,0.0005
2,8.0331,-0.0010,0.0001,0.0005
2,8.0351,-0.0010,0.0001,0.0005
2,8.0371,-0.0010,0.0001,0.0005
2,8.0391,-0.0010,0.0001,0.0005
2,8.0411,-0.0010,0.0001,0.0005
2,8.0431,-0.0010,0.0001,0.0005
2,8.0451,-0.0010,0.0001,0.0005
2,8.0471,-0.0010,0.0001,0.0005
2,8.0491,-0.0010,0.0001,0.0005
2,8.0511,-0.0010,0.0001,0.0005
2,8.0531,-0.0010,0.0001,0.0005
2,8.0551,-0.0010,0.0001,0.0005
2,8.0571,-0.0010,0.0001,0.0005
2,8.0591,-0.0010,0.0001,0.0005
2,8.0611,-0.0010,0.0001,0.0005
2,8.0631,-0.0010,0.0001,0.0005
2,8.0651,-0.0010,0.0001,0.0005
2,8.0671,-0.0010,0.0001,0.0005
2,8.0691,-0.0010,0.0001,0.0005
2,8.0711,-0.0010,0.0001,0.0005
2,8.0731,-0.0010,0.0001,0.0005
2,8.0751,-0.0010,0.0001,0.0005
2,8.0771,-0.0010,0.0001,0.0005
2,8.0791,-0.0010,0.0001,0.0005
2,8.0811,-0.0010,0.0001,0.0005
2,8.0831,-0.0010,0.0001,0.0005
2,8.0851,-0.0010,0.0001,0.0005
2,8.0871,-0.0010,0.0001,0.0005
2,8.0891,-0.0010,0.0001,0.0005
2,8.0911,-0.0010,0.0001,0.0005
2,8.0931,-0.0010,0.0001,0.0005
2,8.0951,-0.0010,0.0001,0.0005
2,8.0971,-0.0010,0.0001,0.0005
2,8.0991,-0.0010,0.0001,0.0005
2,8.1011,-0.0010,0.0001,0.0005
2,8.1031,-0.0010,0.0001,0.0005
2,8.1051,-0.0010,0.0001,0.0005
2,8.1071,-0.0010,0.0001,0.0005
2,8.1091,-0.0010,0.0001,0.0005
2,8.1111,-0.0010,0.0001,0.0005
2,8.1131,-0.0010,0.0001,0.0005
2,8.1151,-0.0010,0.0001,0.0005
2,8.1171,-0.0012,0.0002,0.0005
2,8.1191,-0.0016,0.0002,0.0005
2,8.1211,-0.0024,0.0004,0.0005
2,8.1231,-0.0037,0.0006,0.0005
2,8.1251,-0.0056,0.0009,0.0005
2,8.1271,-0.0082,0.0013,0.0006
2,8.1291,-0.0116,0.0019,0.0006
2,8.1311,-0.0157,0.0026,0.0007
2,8.1331,-0.0206,0.0034,0.0008
2,8.1351,-0.0263,0.0044,0.0009
2,8.1371,-0.0326,0.0055,0.0011
2,8.1391,-0.0396,0.0068,0.0012
2,8.1411,-0.0471,0.0083,0.0013
2,8.1431,-0.0549,0.0098,0.0015
2,8.1451,-0.0629,0.0115,0.0016
2,8.1471,-0.0710,0.0133,0.0018
2,8.1491,-0.0789,0.0151,0.0019
2,8.1511,-0.0865,0.0171,0.0020
2,8.1531,-0.0937,0.0190,0.0020
2,8.1551,-0.1003,0.0209,0.0021
2,8.1571,-0.1061,0.0228,0.0021
2,8.1591,-0.1112,0.0247,0.0021
2,8.1611,-0.1154,0.0264,0.0021
2,8.1631,-0.1186,0.0281,0.0020
2,8.1651,-0.1210,0.0295,0.0019
2,8.1671,-0.1225,0.0308,0.0018
2,8.1691,-0.1232,0.0319,0.0017
2,8.1711,-0.1233,0.0328,0.0015
2,8.1731,-0.1228,0.0335,0.0014
2,8.1751,-0.1220,0.0339,0.0013
2,8.1771,-0.1209,0.0341,0.0012
2,8.1791,-0.1199,0.0341,0.0011
2,8.1811,-0.1190,0.0339,0.0010
2,8.1831,-0.1184,0.0336,0.0010
2,8.1851,-0.1183,0.0332,0.0009
2,8.1871,-0.1188,0.0327,0.0008
2,8.1891,-0.1200,0.0321,0.0007
2,8.1911,-0.1220,0.0317,0.0006
2,8.1931,-0.1249,0.0313,0.0004
2,8.1951,-0.1286,0.0311,0.0003
2,8.1971,-0.1330,0.0310,0.0001
2,8.1991,-0.1378,0.0312,-0.0001
2,8.2011,-0.1429,0.0316,-0.0002
2,8.2031,-0.1479,0.0322,-0.0003
2,8.2051,-0.1526,0.0330,-0.0003
2,8.2071,-0.1568,0.0339,-0.0003
2,8.2091,-0.1603,0.0350,-0.0002
2,8.2111,-0.1629,0.0362,-0.0001
2,8.2131,-0.1646,0.0375,-0.0001
2,8.2151,-0.1652,0.0387,-0.0001
2,8.2171,-0.1647,0.0399,-0.0001
2,8.2191,-0.1632,0.0410,-0.0001
2,8.2211,-0.1609,0.0420,-0.0002
2,8.2231,-0.1577,0.0427,-0.0003
2,8.2251,-0.1539,0.0431,-0.0003
2,8.2271,-0.1496,0.0433,-0.0004
2,8.2291,-0.1452,0.0432,-0.0004
2,8.2311,-0.1408,0.0427,-0.0003
2,8.2331,-0.1366,0.0419,-0.0002
2,8.2351,-0.1328,0.0409,-0.0001
2,8.2371,-0.1296,0.0396,0.0001
2,8.2391,-0.1272,0.0381,0.0003
2,8.2411,-0.1256,0.0365,0.0004
2,8.2431,-0.1249,0.0348,0.0005
2,8.2451,-0.1252,0.0332,0.0006
2,8.2471,-0.1266,0.0317,0.0006
2,8.2491,-0.1290,0.0303,0.0006
2,8.2511,-0.1326,0.0293,0.0006
2,8.2531,-0.1373,0.0288,0.0006
2,8.2551,-0.1430,0.0286,0.0006
2,8.2571,-0.1497,0.0291,0.0007
2,8.2591,-0.1571,0.0301,0.0007
2,8.2611,-0.1652,0.0316,0.0009
2,8.2631,-0.1736,0.0338,0.0010
2,8.2651,-0.1822,0.0364,0.0010
2,8.2671,-0.1907,0.0395,0.0011
2,8.2691,-0.1990,0.0430,0.0010
2,8.2711,-0.2066,0.0467,0.0009
2,8.2731,-0.2136,0.0505,0.0008
2,8.2751,-0.2197,0.0544,0.0005
2,8.2771,-0.2249,0.0581,0.0002
2,8.2791,-0.2290,0.0616,-0.0000
2,8.2811,-0.2321,0.0647,-0.0003
2,8.2831,-0.2343,0.0673,-0.0005
2,8.2851,-0.2355,0.0693,-0.0005
2,8.2871,-0.2359,0.0707,-0.0005
2,8.2891,-0.2358,0.0715,-0.0003
2,8.2911,-0.2353,0.0716,-0.0001
2,8.2931,-0.2346,0.0710,0.0003
2,8.2951,-0.2340,0.0699,0.0006
2,8.2971,-0.2336,0.0684,0.0010
2,8.2991,-0.2337,0.0665,0.0012
2,8.3011,-0.2344,0.0643,0.0014
2,8.3031,-0.2358,0.0621,0.0015
2,8.3051,-0.2380,0.0599,0.0015
2,8.3071,-0.2412,0.0579,0.0014
2,8.3091,-0.2452,0.0562,0.0013
2,8.3111,-0.2500,0.0550,0.0011
2,8.3131,-0.2556,0.0544,0.0009
2,8.3151,-0.2617,0.0545,0.0008
2,8.3171,-0.2683,0.0552,0.0007
2,8.3191,-0.2751,0.0566,0.0006
2,8.3211,-0.2820,0.0587,0.0006
2,8.3231,-0.2888,0.0613,0.0005
2,8.3251,-0.2955,0.0646,0.0004
2,8.3271,-0.3016,0.0682,0.0003
2,8.3291,-0.3068,0.0720,0.0000
2,8.3311,-0.3109,0.0758,-0.0003
2,8.3331,-0.3136,0.0795,-0.0007
2,8.3351,-0.3148,0.0828,-0.0012
2,8.3371,-0.3145,0.0857,-0.0017
2,8.3391,-0.3127,0.0878,-0.0020
2,8.3411,-0.3096,0.0893,-0.0022
2,8.3431,-0.3053,0.0899,-0.0021
2,8.3451,-0.3002,0.0897,-0.0019
2,8.3471,-0.2944,0.0886,-0.0014
2,8.3491,-0.2884,0.0868,-0.0008
2,8.3511,-0.2824,0.0842,-0.0000
2,8.3531,-0.2768,0.0811,0.0007
2,8.3551,-0.2719,0.0775,0.0013
2,8.3571,-0.2679,0.0736,0.0017
2,8.3591,-0.2650,0.0697,0.0020
2,8.3611,-0.2634,0.0658,0.0020
2,8.3631,-0.2631,0.0623,0.0018
2,8.3651,-0.2641,0.0592,0.0015
2,8.3671,-0.2663,0.0568,0.0011
2,8.3691,-0.2697,0.0552,0.0007
2,8.3711,-0.2739,0.0544,0.0004
2,8.3731,-0.2787,0.0544,0.0003
2,8.3751,-0.2839,0.0554,-0.0001
2,8.3771,-0.2892,0.0572,-0.0011
2,8.3791,-0.2943,0.0597,-0.0034
2,8.3811,-0.2988,0.0628,-0.0076
2,8.3831,-0.3026,0.0662,-0.0137
2,8.3851,-0.3055,0.0699,-0.0216
2,8.3871,-0.3073,0.0736,-0.0310
2,8.3891,-0.3081,0.0772,-0.0409
2,8.3911,-0.3078,0.0804,-0.0506
2,8.3931,-0.3065,0.0833,-0.0592
2,8.3951,-0.3043,0.0855,-0.0662
2,8.3971,-0.3014,0.0871,-0.0712
2,8.3991,-0.2980,0.0880,-0.0744
2,8.4011,-0.2943,0.0880,-0.0762
2,8.4031,-0.2904,0.0872,-0.0773
2,8.4051,-0.2865,0.0856,-0.0785
2,8.4071,-0.2829,0.0832,-0.0806
2,8.4091,-0.2797,0.0801,-0.0842
2,8.4111,-0.2770,0.0765,-0.0896
2,8.4131,-0.2751,0.0726,-0.0968
2,8.4151,-0.2739,0.0685,-0.1053
2,8.4171,-0.2736,0.0644,-0.1145
2,8.4191,-0.2742,0.0607,-0.1238
2,8.4211,-0.2755,0.0574,-0.1324
2,8.4231,-0.2777,0.0548,-0.1398
2,8.4251,-0.2804,0.0530,-0.1456
2,8.4271,-0.2836,0.0521,-0.1498
2,8.4291,-0.2870,0.0521,-0.1526
2,8.4311,-0.2905,0.0530,-0.1547
2,8.4331,-0.2938,0.0548,-0.1566
2,8.4351,-0.2968,0.0574,-0.1591
2,8.4371,-0.2992,0.0605,-0.1627
2,8.4391,-0.3010,0.0641,-0.1677
2,8.4411,-0.3021,0.0680,-0.1744
2,8.4431,-0.3023,0.0721,-0.1824
2,8.4451,-0.3018,0.0760,-0.1912
2,8.4471,-0.3006,0.0797,-0.2002
2,8.4491,-0.2987,0.0831,-0.2087
2,8.4511,-0.2963,0.0860,-0.2162
2,8.4531,-0.2936,0.0882,-0.2230
2,8.4551,-0.2906,0.0896,-0.2290
2,8.4571,-0.2875,0.0903,-0.2331
2,8.4591,-0.2846,0.0901,-0.2346
2,8.4611,-0.2820,0.0892,-0.2332
2,8.4631,-0.2798,0.0875,-0.2292
2,8.4651,-0.2782,0.0852,-0.2234
2,8.4671,-0.2771,0.0822,-0.2167
2,8.4691,-0.2766,0.0788,-0.2106
2,8.4711,-0.2767,0.0749,-0.2060
2,8.4731,-0.2774,0.0710,-0.2037
2,8.4751,-0.2785,0.0670,-0.2042
2,8.4771,-0.2800,0.0632,-0.2073
2,8.4791,-0.2819,0.0598,-0.2123
2,8.4811,-0.2839,0.0571,-0.2183
2,8.4831,-0.2861,0.0551,-0.2242
2,8.4851,-0.2883,0.0540,-0.2289
2,8.4871,-0.2903,0.0539,-0.2316
2,8.4891,-0.2922,0.0547,-0.2318
2,8.4911,-0.2938,0.0565,-0.2294
2,8.4931,-0.2950,0.0591,-0.2250
2,8.4951,-0.2957,0.0623,-0.2195
2,8.4971,-0.2960,0.0661,-0.2138
2,8.4991,-0.2957,0.0701,-0.2091
2,8.5011,-0.2949,0.0742,-0.2062
2,8.5031,-0.2937,0.0781,-0.2057
2,8.5051,-0.2922,0.0816,-0.2078
2,8.5071,-0.2903,0.0845,-0.2129
2,8.5091,-0.2883,0.0865,-0.2207
2,8.5111,-0.2863,0.0877,-0.2307
2,8.5131,-0.2844,0.0878,-0.2421
2,8.5151,-0.2827,0.0869,-0.2537
2,8.5171,-0.2813,0.0851,-0.2645
2,8.5191,-0.2804,0.0823,-0.2735
2,8.5211,-0.2800,0.0788,-0.2800
2,8.5231,-0.2800,0.0747,-0.2840
2,8.5251,-0.2805,0.0701,-0.2857
2,8.5271,-0.2815,0.0653,-0.2859
2,8.5291,-0.2827,0.0604,-0.2856
2,8.5311,-0.2842,0.0556,-0.2859
2,8.5331,-0.2858,0.0511,-0.2877
2,8.5351,-0.2873,0.0470,-0.2917
2,8.5371,-0.2888,0.0436,-0.2981
2,8.5391,-0.2901,0.0409,-0.3068
2,8.5411,-0.2911,0.0392,-0.3170
2,8.5431,-0.2918,0.0386,-0.3279
2,8.5451,-0.2922,0.0391,-0.3386
2,8.5471,-0.2922,0.0407,-0.3480
2,8.5491,-0.2920,0.0435,-0.3554
2,8.5511,-0.2915,0.0472,-0.3606
2,8.5531,-0.2908,0.0517,-0.3637
2,8.5551,-0.2899,0.0568,-0.3651
2,8.5571,-0.2889,0.0621,-0.3656
2,8.5591,-0.2878,0.0673,-0.3663
2,8.5611,-0.2867,0.0722,-0.3680
2,8.5631,-0.2856,0.0764,-0.3716
2,8.5651,-0.2846,0.0797,-0.3772
2,8.5671,-0.2838,0.0820,-0.3850
2,8.5691,-0.2832,0.0832,-0.3943
2,8.5711,-0.2830,0.0835,-0.4043
2,8.5731,-0.2830,0.0828,-0.4142
2,8.5751,-0.2833,0.0814,-0.4229
2,8.5771,-0.2840,0.0794,-0.4299
2,8.5791,-0.2849,0.0770,-0.4347
2,8.5811,-0.2860,0.0743,-0.4374
2,8.5831,-0.2871,0.0717,-0.4391
2,8.5851,-0.2883,0.0691,-0.4403
2,8.5871,-0.2894,0.0668,-0.4410
2,8.5891,-0.2904,0.0649,-0.4409
2,8.5911,-0.2911,0.0635,-0.4399
2,8.5931,-0.2917,0.0627,-0.4384
2,8.5951,-0.2919,0.0624,-0.4366
2,8.5971,-0.2918,0.0627,-0.4348
2,8.5991,-0.2914,0.0635,-0.4334
2,8.6011,-0.2908,0.0647,-0.4326
2,8.6031,-0.2899,0.0663,-0.4327
2,8.6051,-0.2889,0.0681,-0.4337
2,8.6071,-0.2877,0.0701,-0.4352
2,8.6091,-0.2865,0.0722,-0.4372
2,8.6111,-0.2854,0.0742,-0.4391
2,8.6131,-0.2845,0.0761,-0.4407
2,8.6151,-0.2837,0.0779,-0.4417
2,8.6171,-0.2832,0.0793,-0.4420
2,8.6191,-0.2830,0.0805,-0.4414
2,8.6211,-0.2831,0.0812,-0.4402
2,8.6231,-0.2834,0.0814,-0.4385
2,8.6251,-0.2841,0.0811,-0.4368
2,8.6271,-0.2849,0.0804,-0.4354
2,8.6291,-0.2859,0.0791,-0.4345
2,8.6311,-0.2869,0.0775,-0.4343
2,8.6331,-0.2880,0.0755,-0.4347
2,8.6351,-0.2890,0.0733,-0.4361
2,8.6371,-0.2899,0.0711,-0.4386
2,8.6391,-0.2906,0.0688,-0.4425
2,8.6411,-0.2911,0.0666,-0.4481
2,8.6431,-0.2914,0.0646,-0.4553
2,8.6451,-0.2916,0.0630,-0.4636
2,8.6471,-0.2915,0.0619,-0.4724
2,8.6491,-0.2912,0.0614,-0.4812
2,8.6511,-0.2909,0.0615,-0.4894
2,8.6531,-0.2904,0.0624,-0.4963
2,8.6551,-0.2900,0.0639,-0.5018
2,8.6571,-0.2895,0.0660,-0.5060
2,8.6591,-0.2891,0.0685,-0.5092
2,8.6611,-0.2887,0.0712,-0.5120
2,8.6631,-0.2885,0.0740,-0.5150
2,8.6651,-0.2884,0.0766,-0.5187
2,8.6671,-0.2884,0.0788,-0.5235
2,8.6691,-0.2886,0.0806,-0.5298
2,8.6711,-0.2889,0.0819,-0.5372
2,8.6731,-0.2893,0.0825,-0.5455
2,8.6751,-0.2898,0.0826,-0.5542
2,8.6771,-0.2904,0.0822,-0.5625
2,8.6791,-0.2910,0.0813,-0.5700
2,8.6811,-0.2916,0.0800,-0.5762
2,8.6831,-0.2922,0.0785,-0.5810
2,8.6851,-0.2926,0.0768,-0.5844
2,8.6871,-0.2930,0.0750,-0.5868
2,8.6891,-0.2931,0.0731,-0.5889
2,8.6911,-0.2931,0.0713,-0.5912
2,8.6931,-0.2929,0.0695,-0.5942
2,8.6951,-0.2925,0.0678,-0.5985
2,8.6971,-0.2920,0.0663,-0.6041
2,8.6991,-0.2913,0.0651,-0.6109
2,8.7011,-0.2904,0.0643,-0.6186
2,8.7031,-0.2895,0.0639,-0.6268
2,8.7051,-0.2886,0.0641,-0.6347
2,8.7071,-0.2877,0.0647,-0.6419
2,8.7091,-0.2868,0.0658,-0.6479
2,8.7111,-0.2860,0.0673,-0.6527
2,8.7131,-0.2853,0.0692,-0.6569
2,8.7151,-0.2847,0.0712,-0.6608
2,8.7171,-0.2843,0.0733,-0.6638
2,8.7191,-0.2841,0.0754,-0.6651
2,8.7211,-0.2841,0.0775,-0.6647
2,8.7231,-0.2843,0.0793,-0.6626
2,8.7251,-0.2847,0.0809,-0.6594
2,8.7271,-0.2852,0.0820,-0.6556
2,8.7291,-0.2860,0.0825,-0.6522
2,8.7311,-0.2868,0.0824,-0.6497
2,8.7331,-0.2877,0.0816,-0.6488
2,8.7351,-0.2885,0.0802,-0.6495
2,8.7371,-0.2893,0.0783,-0.6516
2,8.7391,-0.2900,0.0760,-0.6548
2,8.7411,-0.2905,0.0736,-0.6582
2,8.7431,-0.2908,0.0711,-0.6612
2,8.7451,-0.2909,0.0689,-0.6631
2,8.7471,-0.2907,0.0669,-0.6635
2,8.7491,-0.2903,0.0655,-0.6623
2,8.7511,-0.2897,0.0645,-0.6597
2,8.7531,-0.2889,0.0640,-0.6564
2,8.7551,-0.2880,0.0640,-0.6529
2,8.7571,-0.2871,0.0645,-0.6500
2,8.7591,-0.2862,0.0653,-0.6483
2,8.7611,-0.2854,0.0663,-0.6481
2,8.7631,-0.2847,0.0676,-0.6495
2,8.7651,-0.2842,0.0690,-0.6524
2,8.7671,-0.2839,0.0704,-0.6570
2,8.7691,-0.2839,0.0718,-0.6631
2,8.7711,-0.2842,0.0730,-0.6705
2,8.7731,-0.2848,0.0742,-0.6789
2,8.7751,-0.2857,0.0752,-0.6875
2,8.7771,-0.2868,0.0761,-0.6957
2,8.7791,-0.2880,0.0768,-0.7031
2,8.7811,-0.2894,0.0773,-0.7093
2,8.7831,-0.2908,0.0776,-0.7142
2,8.7851,-0.2922,0.0778,-0.7180
2,8.7871,-0.2934,0.0777,-0.7212
2,8.7891,-0.2945,0.0773,-0.7241
2,8.7911,-0.2953,0.0767,-0.7275
2,8.7931,-0.2960,0.0758,-0.7316
2,8.7951,-0.2963,0.0746,-0.7369
2,8.7971,-0.2963,0.0733,-0.7433
2,8.7991,-0.2961,0.0719,-0.7507
2,8.8011,-0.2956,0.0705,-0.7585
2,8.8031,-0.2948,0.0692,-0.7665
2,8.8051,-0.2938,0.0681,-0.7739
2,8.8071,-0.2927,0.0673,-0.7805
2,8.8091,-0.2915,0.0669,-0.7859
2,8.8111,-0.2903,0.0669,-0.7902
2,8.8131,-0.2892,0.0672,-0.7937
2,8.8151,-0.2882,0.0679,-0.7967
2,8.8171,-0.2874,0.0687,-0.7997
2,8.8191,-0.2869,0.0697,-0.8033
2,8.8211,-0.2867,0.0708,-0.8078
2,8.8231,-0.2867,0.0719,-0.8134
2,8.8251,-0.2871,0.0728,-0.8201
2,8.8271,-0.2877,0.0737,-0.8276
2,8.8291,-0.2884,0.0745,-0.8355
2,8.8311,-0.2893,0.0751,-0.8432
2,8.8331,-0.2901,0.0756,-0.8502
2,8.8351,-0.2909,0.0760,-0.8562
2,8.8371,-0.2915,0.0763,-0.8610
2,8.8391,-0.2919,0.0764,-0.8647
2,8.8411,-0.2920,0.0764,-0.8675
2,8.8431,-0.2919,0.0761,-0.8708
2,8.8451,-0.2916,0.0756,-0.8748
2,8.8471,-0.2910,0.0749,-0.8788
2,8.8491,-0.2901,0.0742,-0.8820
2,8.8511,-0.2891,0.0735,-0.8836
2,8.8531,-0.2879,0.0729,-0.8833
2,8.8551,-0.2866,0.0723,-0.8813
2,8.8571,-0.2853,0.0719,-0.8780
2,8.8591,-0.2842,0.0715,-0.8740
2,8.8611,-0.2832,0.0712,-0.8703
2,8.8631,-0.2826,0.0709,-0.8677
2,8.8651,-0.2823,0.0705,-0.8666
2,8.8671,-0.2824,0.0701,-0.8672
2,8.8691,-0.2829,0.0697,-0.8695
2,8.8711,-0.2837,0.0694,-0.8729
2,8.8731,-0.2847,0.0692,-0.8766
2,8.8751,-0.2858,0.0692,-0.8799
2,8.8771,-0.2870,0.0694,-0.8821
2,8.8791,-0.2881,0.0699,-0.8827
2,8.8811,-0.2891,0.0707,-0.8816
2,8.8831,-0.2899,0.0716,-0.8790
2,8.8851,-0.2905,0.0726,-0.8756
2,8.8871,-0.2909,0.0736,-0.8720
2,8.8891,-0.2912,0.0745,-0.8691
2,8.8911,-0.2912,0.0752,-0.8674
2,8.8931,-0.2910,0.0757,-0.8674
2,8.8951,-0.2907,0.0758,-0.8693
2,8.8971,-0.2902,0.0755,-0.8734
2,8.8991,-0.2897,0.0748,-0.8800
2,8.9011,-0.2892,0.0736,-0.8888
2,8.9031,-0.2887,0.0721,-0.8992
2,8.9051,-0.2882,0.0703,-0.9101
2,8.9071,-0.2878,0.0683,-0.9207
2,8.9091,-0.2873,0.0663,-0.9301
2,8.9111,-0.2869,0.0644,-0.9375
2,8.9131,-0.2865,0.0627,-0.9428
2,8.9151,-0.2862,0.0612,-0.9461
2,8.9171,-0.2860,0.0599,-0.9480
2,8.9191,-0.2860,0.0588,-0.9494
2,8.9211,-0.2862,0.0579,-0.9514
2,8.9231,-0.2867,0.0571,-0.9546
2,8.9251,-0.2874,0.0563,-0.9598
2,8.9271,-0.2883,0.0558,-0.9669
2,8.9291,-0.2893,0.0553,-0.9756
2,8.9311,-0.2904,0.0551,-0.9852
2,8.9331,-0.2914,0.0553,-0.9947
2,8.9351,-0.2922,0.0559,-1.0033
2,8.9371,-0.2928,0.0570,-1.0102
2,8.9391,-0.2931,0.0585,-1.0152
2,8.9411,-0.2931,0.0603,-1.0184
2,8.9431,-0.2927,0.0623,-1.0203
2,8.9451,-0.2922,0.0644,-1.0217
2,8.9471,-0.2915,0.0663,-1.0237
2,8.9491,-0.2906,0.0678,-1.0269
2,8.9511,-0.2898,0.0690,-1.0318
2,8.9531,-0.2890,0.0696,-1.0385
2,8.9551,-0.2883,0.0697,-1.0465
2,8.9571,-0.2876,0.0696,-1.0552
2,8.9591,-0.2870,0.0692,-1.0635
2,8.9611,-0.2864,0.0687,-1.0706
2,8.9631,-0.2859,0.0684,-1.0760
2,8.9651,-0.2854,0.0682,-1.0793
2,8.9671,-0.2851,0.0682,-1.0810
2,8.9691,-0.2849,0.0684,-1.0817
2,8.9711,-0.2849,0.0687,-1.0823
2,8.9731,-0.2851,0.0689,-1.0846
2,8.9751,-0.2856,0.0692,-1.0890
2,8.9771,-0.2863,0.0695,-1.0946
2,8.9791,-0.2871,0.0700,-1.0997
2,8.9811,-0.2877,0.0708,-1.1032
2,8.9831,-0.2882,0.0720,-1.1042
2,8.9851,-0.2886,0.0735,-1.1025
2,8.9871,-0.2887,0.0752,-1.0987
2,8.9891,-0.2886,0.0768,-1.0936
2,8.9911,-0.2885,0.0780,-1.0888
2,8.9931,-0.2883,0.0788,-1.0854
2,8.9951,-0.2882,0.0789,-1.0843
2,8.9971,-0.2882,0.0783,-1.0858
2,8.9991,-0.2881,0.0771,-1.0894
2,9.0011,-0.2881,0.0755,-1.0942
2,9.0031,-0.2880,0.0737,-1.0988
2,9.0051,-0.2878,0.0720,-1.1022
2,9.0071,-0.2875,0.0706,-1.1033
2,9.0091,-0.2870,0.0696,-1.1019
2,9.0111,-0.2865,0.0690,-1.0984
2,9.0131,-0.2859,0.0688,-1.0937
2,9.0151,-0.2855,0.0688,-1.0889
2,9.0171,-0.2853,0.0689,-1.0853
2,9.0191,-0.2853,0.0690,-1.0839
2,9.0211,-0.2856,0.0691,-1.0848
2,9.0231,-0.2861,0.0691,-1.0880
2,9.0251,-0.2868,0.0691,-1.0928
2,9.0271,-0.2876,0.0691,-1.0990
2,9.0291,-0.2886,0.0692,-1.1061
2,9.0311,-0.2896,0.0694,-1.1135
2,9.0331,-0.2905,0.0698,-1.1210
2,9.0351,-0.2915,0.0702,-1.1280
2,9.0371,-0.2923,0.0707,-1.1343
2,9.0391,-0.2930,0.0713,-1.1399
2,9.0411,-0.2935,0.0719,-1.1448
2,9.0431,-0.2939,0.0724,-1.1493
2,9.0451,-0.2942,0.0727,-1.1538
2,9.0471,-0.2944,0.0728,-1.1587
2,9.0491,-0.2946,0.0727,-1.1641
2,9.0511,-0.2947,0.0723,-1.1701
2,9.0531,-0.2947,0.0716,-1.1767
2,9.0551,-0.2947,0.0707,-1.1836
2,9.0571,-0.2947,0.0698,-1.1904
2,9.0591,-0.2946,0.0690,-1.1968
2,9.0611,-0.2944,0.0682,-1.2025
2,9.0631,-0.2942,0.0676,-1.2075
2,9.0651,-0.2940,0.0672,-1.2120
2,9.0671,-0.2938,0.0670,-1.2161
2,9.0691,-0.2936,0.0669,-1.2204
2,9.0711,-0.2935,0.0669,-1.2250
2,9.0731,-0.2935,0.0670,-1.2303
2,9.0751,-0.2936,0.0672,-1.2361
2,9.0771,-0.2937,0.0675,-1.2425
2,9.0791,-0.2938,0.0679,-1.2490
2,9.0811,-0.2938,0.0684,-1.2554
2,9.0831,-0.2938,0.0691,-1.2613
2,9.0851,-0.2936,0.0699,-1.2665
2,9.0871,-0.2932,0.0707,-1.2711
2,9.0891,-0.2927,0.0716,-1.2751
2,9.0911,-0.2922,0.0724,-1.2789
2,9.0931,-0.2915,0.0731,-1.2828
2,9.0951,-0.2908,0.0735,-1.2872
2,9.0971,-0.2902,0.0738,-1.2921
2,9.0991,-0.2895,0.0738,-1.2975
2,9.1011,-0.2888,0.0736,-1.3034
2,9.1031,-0.2882,0.0732,-1.3101
2,9.1051,-0.2876,0.0727,-1.3175
2,9.1071,-0.2869,0.0723,-1.3233
2,9.1091,-0.2859,0.0723,-1.3261
2,9.1111,-0.2847,0.0727,-1.3251
2,9.1131,-0.2834,0.0735,-1.3207
2,9.1151,-0.2822,0.0745,-1.3142
2,9.1171,-0.2813,0.0753,-1.3075
2,9.1191,-0.2810,0.0758,-1.3025
2,9.1211,-0.2814,0.0757,-1.3006
2,9.1231,-0.2825,0.0750,-1.3021
2,9.1251,-0.2842,0.0738,-1.3067
2,9.1271,-0.2863,0.0723,-1.3130
2,9.1291,-0.2884,0.0709,-1.3190
2,9.1311,-0.2902,0.0698,-1.3230
2,9.1331,-0.2915,0.0692,-1.3239
2,9.1351,-0.2923,0.0692,-1.3214
2,9.1371,-0.2924,0.0698,-1.3163
2,9.1391,-0.2921,0.0706,-1.3099
2,9.1411,-0.2915,0.0715,-1.3041
2,9.1431,-0.2909,0.0721,-1.3005
2,9.1451,-0.2903,0.0724,-1.3002
2,9.1471,-0.2897,0.0723,-1.3031
2,9.1491,-0.2893,0.0719,-1.3085
2,9.1511,-0.2888,0.0715,-1.3148
2,9.1531,-0.2882,0.0711,-1.3204
2,9.1551,-0.2873,0.0711,-1.3239
2,9.1571,-0.2864,0.0714,-1.3255
2,9.1591,-0.2854,0.0718,-1.3258
2,9.1611,-0.2847,0.0723,-1.3261
2,9.1631,-0.2843,0.0726,-1.3278
2,9.1651,-0.2846,0.0726,-1.3318
2,9.1671,-0.2854,0.0722,-1.3386
2,9.1691,-0.2867,0.0716,-1.3477
2,9.1711,-0.2884,0.0708,-1.3579
2,9.1731,-0.2902,0.0701,-1.3680
2,9.1751,-0.2919,0.0696,-1.3765
2,9.1771,-0.2933,0.0696,-1.3825
2,9.1791,-0.2943,0.0700,-1.3860
2,9.1811,-0.2950,0.0707,-1.3874
2,9.1831,-0.2954,0.0715,-1.3879
2,9.1851,-0.2956,0.0723,-1.3890
2,9.1871,-0.2957,0.0727,-1.3918
2,9.1891,-0.2959,0.0728,-1.3970
2,9.1911,-0.2961,0.0725,-1.4047
2,9.1931,-0.2963,0.0719,-1.4143
2,9.1951,-0.2963,0.0711,-1.4246
2,9.1971,-0.2960,0.0704,-1.4342
2,9.1991,-0.2954,0.0699,-1.4421
2,9.2011,-0.2943,0.0698,-1.4477
2,9.2031,-0.2929,0.0701,-1.4510
2,9.2051,-0.2913,0.0706,-1.4526
2,9.2071,-0.2897,0.0711,-1.4537
2,9.2091,-0.2884,0.0717,-1.4556
2,9.2111,-0.2875,0.0720,-1.4592
2,9.2131,-0.2872,0.0719,-1.4651
2,9.2151,-0.2873,0.0717,-1.4731
2,9.2171,-0.2879,0.0712,-1.4825
2,9.2191,-0.2887,0.0708,-1.4921
2,9.2211,-0.2896,0.0705,-1.5006
2,9.2231,-0.2903,0.0706,-1.5072
2,9.2251,-0.2908,0.0709,-1.5116
2,9.2271,-0.2910,0.0716,-1.5141
2,9.2291,-0.2909,0.0723,-1.5155
2,9.2311,-0.2908,0.0731,-1.5169
2,9.2331,-0.2907,0.0735,-1.5205
2,9.2351,-0.2908,0.0735,-1.5268
2,9.2371,-0.2908,0.0732,-1.5341
2,9.2391,-0.2904,0.0730,-1.5404
2,9.2411,-0.2896,0.0731,-1.5440
2,9.2431,-0.2882,0.0735,-1.5441
2,9.2451,-0.2864,0.0742,-1.5406
2,9.2471,-0.2843,0.0751,-1.5348
2,9.2491,-0.2823,0.0759,-1.5282
2,9.2511,-0.2808,0.0764,-1.5227
2,9.2531,-0.2800,0.0763,-1.5200
2,9.2551,-0.2801,0.0755,-1.5206
2,9.2571,-0.2810,0.0743,-1.5244
2,9.2591,-0.2825,0.0727,-1.5303
2,9.2611,-0.2843,0.0711,-1.5364
2,9.2631,-0.2862,0.0697,-1.5411
2,9.2651,-0.2877,0.0689,-1.5430
2,9.2671,-0.2889,0.0687,-1.5416
2,9.2691,-0.2896,0.0691,-1.5371
2,9.2711,-0.2899,0.0699,-1.5309
2,9.2731,-0.2901,0.0708,-1.5247
2,9.2751,-0.2903,0.0716,-1.5201
2,9.2771,-0.2907,0.0722,-1.5184
2,9.2791,-0.2913,0.0723,-1.5201
2,9.2811,-0.2920,0.0721,-1.5245
2,9.2831,-0.2925,0.0717,-1.5306
2,9.2851,-0.2928,0.0713,-1.5369
2,9.2871,-0.2928,0.0709,-1.5428
2,9.2891,-0.2923,0.0705,-1.5481
2,9.2911,-0.2916,0.0702,-1.5528
2,9.2931,-0.2906,0.0698,-1.5573
2,9.2951,-0.2895,0.0693,-1.5622
2,9.2971,-0.2884,0.0685,-1.5678
2,9.2991,-0.2875,0.0676,-1.5743
2,9.3011,-0.2867,0.0666,-1.5816
2,9.3031,-0.2861,0.0655,-1.5894
2,9.3051,-0.2856,0.0644,-1.5972
2,9.3071,-0.2853,0.0635,-1.6044
2,9.3091,-0.2851,0.0629,-1.6108
2,9.3111,-0.2850,0.0626,-1.6162
2,9.3131,-0.2850,0.0626,-1.6208
2,9.3151,-0.2851,0.0628,-1.6250
2,9.3171,-0.2855,0.0631,-1.6293
2,9.3191,-0.2861,0.0635,-1.6341
2,9.3211,-0.2869,0.0639,-1.6396
2,9.3231,-0.2879,0.0642,-1.6459
2,9.3251,-0.2890,0.0645,-1.6527
2,9.3271,-0.2900,0.0647,-1.6595
2,9.3291,-0.2909,0.0651,-1.6660
2,9.3311,-0.2915,0.0655,-1.6717
2,9.3331,-0.2918,0.0660,-1.6766
2,9.3351,-0.2918,0.0665,-1.6806
2,9.3371,-0.2916,0.0670,-1.6842
2,9.3391,-0.2911,0.0675,-1.6878
2,9.3411,-0.2905,0.0677,-1.6919
2,9.3431,-0.2899,0.0678,-1.6968
2,9.3451,-0.2892,0.0678,-1.7025
2,9.3471,-0.2884,0.0676,-1.7086
2,9.3491,-0.2877,0.0675,-1.7150
2,9.3511,-0.2869,0.0675,-1.7210
2,9.3531,-0.2860,0.0677,-1.7264
2,9.3551,-0.2852,0.0682,-1.7309
2,9.3571,-0.2844,0.0690,-1.7346
2,9.3591,-0.2837,0.0699,-1.7379
2,9.3611,-0.2832,0.0710,-1.7411
2,9.3631,-0.2830,0.0719,-1.7458
2,9.3651,-0.2833,0.0727,-1.7518
2,9.3671,-0.2837,0.0735,-1.7573
2,9.3691,-0.2840,0.0746,-1.7605
2,9.3711,-0.2840,0.0760,-1.7604
2,9.3731,-0.2838,0.0776,-1.7572
2,9.3751,-0.2835,0.0790,-1.7519
2,9.3771,-0.2833,0.0799,-1.7466
2,9.3791,-0.2834,0.0800,-1.7429
2,9.3811,-0.2840,0.0790,-1.7420
2,9.3831,-0.2850,0.0771,-1.7442
2,9.3851,-0.2863,0.0746,-1.7485
2,9.3871,-0.2877,0.0718,-1.7534
2,9.3891,-0.2889,0.0693,-1.7570
2,9.3911,-0.2898,0.0674,-1.7580
2,9.3931,-0.2902,0.0663,-1.7561
2,9.3951,-0.2903,0.0661,-1.7517
2,9.3971,-0.2902,0.0666,-1.7464
2,9.3991,-0.2901,0.0674,-1.7419
2,9.4011,-0.2902,0.0682,-1.7397
2,9.4031,-0.2906,0.0689,-1.7406
2,9.4051,-0.2911,0.0695,-1.7442
2,9.4071,-0.2917,0.0700,-1.7494
2,9.4091,-0.2921,0.0707,-1.7543
2,9.4111,-0.2921,0.0717,-1.7575
2,9.4131,-0.2915,0.0732,-1.7579
2,9.4151,-0.2904,0.0749,-1.7556
2,9.4171,-0.2890,0.0766,-1.7515
2,9.4191,-0.2874,0.0780,-1.7470
2,9.4211,-0.2859,0.0787,-1.7438
2,9.4231,-0.2848,0.0785,-1.7429
2,9.4251,-0.2840,0.0775,-1.7448
2,9.4271,-0.2836,0.0758,-1.7487
2,9.4291,-0.2834,0.0738,-1.7532
2,9.4311,-0.2833,0.0718,-1.7568
2,9.4331,-0.2832,0.0702,-1.7582
2,9.4351,-0.2829,0.0693,-1.7569
2,9.4371,-0.2827,0.0690,-1.7534
2,9.4391,-0.2825,0.0692,-1.7488
2,9.4411,-0.2827,0.0696,-1.7446
2,9.4431,-0.2834,0.0700,-1.7423
2,9.4451,-0.2845,0.0703,-1.7425
2,9.4471,-0.2861,0.0704,-1.7452
2,9.4491,-0.2879,0.0705,-1.7493
2,9.4511,-0.2897,0.0707,-1.7534
2,9.4531,-0.2912,0.0712,-1.7562
2,9.4551,-0.2923,0.0721,-1.7567
2,9.4571,-0.2928,0.0734,-1.7547
2,9.4591,-0.2929,0.0747,-1.7510
2,9.4611,-0.2926,0.0758,-1.7469
2,9.4631,-0.2922,0.0765,-1.7438
2,9.4651,-0.2917,0.0764,-1.7427
2,9.4671,-0.2913,0.0757,-1.7440
2,9.4691,-0.2909,0.0743,-1.7472
2,9.4711,-0.2904,0.0727,-1.7512
2,9.4731,-0.2897,0.0711,-1.7546
2,9.4751,-0.2887,0.0699,-1.7563
2,9.4771,-0.2875,0.0692,-1.7557
2,9.4791,-0.2860,0.0691,-1.7530
2,9.4811,-0.2845,0.0694,-1.7493
2,9.4831,-0.2833,0.0699,-1.7457
2,9.4851,-0.2824,0.0705,-1.7436
2,9.4871,-0.2820,0.0710,-1.7437
2,9.4891,-0.2822,0.0713,-1.7460
2,9.4911,-0.2828,0.0715,-1.7496
2,9.4931,-0.2837,0.0718,-1.7534
2,9.4951,-0.2846,0.0723,-1.7561
2,9.4971,-0.2854,0.0731,-1.7569
2,9.4991,-0.2860,0.0742,-1.7554
2,9.5011,-0.2864,0.0754,-1.7523
2,9.5031,-0.2868,0.0764,-1.7486
2,9.5051,-0.2873,0.0769,-1.7456
2,9.5071,-0.2879,0.0769,-1.7442
2,9.5091,-0.2887,0.0761,-1.7449
2,9.5111,-0.2895,0.0748,-1.7473
2,9.5131,-0.2904,0.0732,-1.7506
2,9.5151,-0.2910,0.0715,-1.7535
2,9.5171,-0.2913,0.0701,-1.7550
2,9.5191,-0.2912,0.0691,-1.7545
2,9.5211,-0.2908,0.0687,-1.7523
2,9.5231,-0.2901,0.0687,-1.7489
2,9.5251,-0.2893,0.0689,-1.7457
2,9.5271,-0.2886,0.0693,-1.7436
2,9.5291,-0.2882,0.0697,-1.7434
2,9.5311,-0.2879,0.0699,-1.7452
2,9.5331,-0.2878,0.0702,-1.7483
2,9.5351,-0.2878,0.0705,-1.7518
2,9.5371,-0.2877,0.0712,-1.7545
2,9.5391,-0.2873,0.0721,-1.7556
2,9.5411,-0.2868,0.0733,-1.7548
2,9.5431,-0.2862,0.0747,-1.7525
2,9.5451,-0.2854,0.0759,-1.7494
2,9.5471,-0.2848,0.0768,-1.7469
2,9.5491,-0.2845,0.0772,-1.7456
2,9.5511,-0.2844,0.0769,-1.7461
2,9.5531,-0.2847,0.0760,-1.7482
2,9.5551,-0.2851,0.0748,-1.7510
2,9.5571,-0.2856,0.0734,-1.7537
2,9.5591,-0.2860,0.0721,-1.7552
2,9.5611,-0.2863,0.0711,-1.7549
2,9.5631,-0.2864,0.0705,-1.7531
2,9.5651,-0.2865,0.0702,-1.7501
2,9.5671,-0.2867,0.0701,-1.7470
2,9.5691,-0.2869,0.0701,-1.7449
2,9.5711,-0.2875,0.0701,-1.7443
2,9.5731,-0.2882,0.0700,-1.7454
2,9.5751,-0.2891,0.0699,-1.7478
2,9.5771,-0.2899,0.0699,-1.7507
2,9.5791,-0.2906,0.0702,-1.7531
2,9.5811,-0.2910,0.0708,-1.7541
2,9.5831,-0.2911,0.0717,-1.7536
2,9.5851,-0.2908,0.0729,-1.7516
2,9.5871,-0.2903,0.0740,-1.7490
2,9.5891,-0.2896,0.0750,-1.7467
2,9.5911,-0.2890,0.0755,-1.7455
2,9.5931,-0.2885,0.0755,-1.7458
2,9.5951,-0.2880,0.0751,-1.7476
2,9.5971,-0.2876,0.0743,-1.7502
2,9.5991,-0.2872,0.0733,-1.7527
2,9.6011,-0.2867,0.0724,-1.7543
2,9.6031,-0.2860,0.0717,-1.7545
2,9.6051,-0.2853,0.0714,-1.7532
2,9.6071,-0.2846,0.0712,-1.7508
2,9.6091,-0.2839,0.0712,-1.7483
2,9.6111,-0.2836,0.0713,-1.7463
2,9.6131,-0.2836,0.0713,-1.7456
2,9.6151,-0.2839,0.0712,-1.7465
2,9.6171,-0.2846,0.0710,-1.7485
2,9.6191,-0.2854,0.0710,-1.7510
2,9.6211,-0.2864,0.0710,-1.7531
2,9.6231,-0.2872,0.0714,-1.7541
2,9.6251,-0.2879,0.0721,-1.7537
2,9.6271,-0.2884,0.0729,-1.7520
2,9.6291,-0.2888,0.0738,-1.7496
2,9.6311,-0.2891,0.0745,-1.7474
2,9.6331,-0.2894,0.0749,-1.7460
2,9.6351,-0.2897,0.0749,-1.7460
2,9.6371,-0.2900,0.0744,-1.7473
2,9.6391,-0.2903,0.0737,-1.7494
2,9.6411,-0.2905,0.0728,-1.7516
2,9.6431,-0.2904,0.0719,-1.7531
2,9.6451,-0.2901,0.0712,-1.7534
2,9.6471,-0.2895,0.0708,-1.7524
2,9.6491,-0.2887,0.0707,-1.7504
2,9.6511,-0.2878,0.0707,-1.7482
2,9.6531,-0.2870,0.0708,-1.7464
2,9.6551,-0.2864,0.0709,-1.7458
2,9.6571,-0.2860,0.0709,-1.7464
2,9.6591,-0.2858,0.0709,-1.7482
2,9.6611,-0.2857,0.0709,-1.7505
2,9.6631,-0.2858,0.0711,-1.7525
2,9.6651,-0.2858,0.0716,-1.7537
2,9.6671,-0.2858,0.0722,-1.7536
2,9.6691,-0.2857,0.0731,-1.7523
2,9.6711,-0.2856,0.0740,-1.7504
2,9.6731,-0.2856,0.0748,-1.7485
2,9.6751,-0.2857,0.0753,-1.7472
2,9.6771,-0.2860,0.0754,-1.7470
2,9.6791,-0.2864,0.0751,-1.7480
2,9.6811,-0.2870,0.0744,-1.7497
2,9.6831,-0.2876,0.0736,-1.7516
2,9.6851,-0.2881,0.0727,-1.7529
2,9.6871,-0.2884,0.0720,-1.7532
2,9.6891,-0.2886,0.0715,-1.7524
2,9.6911,-0.2886,0.0711,-1.7507
2,9.6931,-0.2885,0.0710,-1.7486
2,9.6951,-0.2884,0.0708,-1.7468
2,9.6971,-0.2884,0.0707,-1.7460
2,9.6991,-0.2885,0.0705,-1.7463
2,9.7011,-0.2886,0.0703,-1.7477
2,9.7031,-0.2888,0.0702,-1.7496
2,9.7051,-0.2890,0.0703,-1.7514
2,9.7071,-0.2890,0.0706,-1.7525
2,9.7091,-0.2888,0.0712,-1.7526
2,9.7111,-0.2885,0.0720,-1.7517
2,9.7131,-0.2881,0.0730,-1.7502
2,9.7151,-0.2876,0.0738,-1.7487
2,9.7171,-0.2872,0.0743,-1.7484
2,9.7191,-0.2871,0.0744,-1.7500
2,9.7211,-0.2871,0.0741,-1.7536
2,9.7231,-0.2874,0.0733,-1.7588
2,9.7251,-0.2877,0.0724,-1.7647
2,9.7271,-0.2880,0.0716,-1.7701
2,9.7291,-0.2880,0.0711,-1.7739
2,9.7311,-0.2878,0.0710,-1.7757
2,9.7331,-0.2874,0.0712,-1.7758
2,9.7351,-0.2868,0.0717,-1.7750
2,9.7371,-0.2863,0.0723,-1.7745
2,9.7391,-0.2860,0.0727,-1.7754
2,9.7411,-0.2860,0.0728,-1.7781
2,9.7431,-0.2862,0.0727,-1.7826
2,9.7451,-0.2866,0.0724,-1.7881
2,9.7471,-0.2870,0.0722,-1.7936
2,9.7491,-0.2873,0.0722,-1.7980
2,9.7511,-0.2873,0.0725,-1.8006
2,9.7531,-0.2872,0.0731,-1.8019
2,9.7551,-0.2870,0.0737,-1.8025
2,9.7571,-0.2867,0.0744,-1.8022
2,9.7591,-0.2863,0.0751,-1.8012
2,9.7611,-0.2859,0.0757,-1.7999
2,9.7631,-0.2855,0.0760,-1.7988
2,9.7651,-0.2853,0.0760,-1.7982
2,9.7671,-0.2851,0.0757,-1.7984
2,9.7691,-0.2851,0.0751,-1.7993
2,9.7711,-0.2852,0.0742,-1.8005
2,9.7731,-0.2853,0.0734,-1.8016
2,9.7751,-0.2855,0.0726,-1.8022
2,9.7771,-0.2856,0.0720,-1.8020
2,9.7791,-0.2857,0.0716,-1.8011
2,9.7811,-0.2859,0.0714,-1.7998
2,9.7831,-0.2860,0.0714,-1.7984
2,9.7851,-0.2863,0.0715,-1.7975
2,9.7871,-0.2867,0.0716,-1.7974
2,9.7891,-0.2873,0.0717,-1.7980
2,9.7911,-0.2878,0.0719,-1.7992
2,9.7931,-0.2883,0.0722,-1.8005
2,9.7951,-0.2888,0.0725,-1.8015
2,9.7971,-0.2890,0.0730,-1.8018
2,9.7991,-0.2892,0.0736,-1.8014
2,9.8011,-0.2891,0.0742,-1.8004
2,9.8031,-0.2889,0.0747,-1.7992
2,9.8051,-0.2886,0.0750,-1.7983
2,9.8071,-0.2883,0.0751,-1.7979
2,9.8091,-0.2880,0.0748,-1.7983
2,9.8111,-0.2876,0.0744,-1.7992
2,9.8131,-0.2873,0.0738,-1.8004
2,9.8151,-0.2869,0.0732,-1.8014
2,9.8171,-0.2865,0.0726,-1.8018
2,9.8191,-0.2860,0.0722,-1.8017
2,9.8211,-0.2855,0.0720,-1.8009
2,9.8231,-0.2851,0.0719,-1.7997
2,9.8251,-0.2847,0.0720,-1.7987
2,9.8271,-0.2845,0.0721,-1.7981
2,9.8291,-0.2845,0.0722,-1.7981
2,9.8311,-0.2847,0.0723,-1.7988
2,9.8331,-0.2850,0.0725,-1.7999
2,9.8351,-0.2854,0.0727,-1.8010
2,9.8371,-0.2859,0.0730,-1.8017
2,9.8391,-0.2863,0.0734,-1.8019
2,9.8411,-0.2866,0.0739,-1.8014
2,9.8431,-0.2869,0.0744,-1.8004
2,9.8451,-0.2872,0.0748,-1.7994
2,9.8471,-0.2875,0.0750,-1.7986
2,9.8491,-0.2877,0.0749,-1.7983
2,9.8511,-0.2880,0.0747,-1.7986
2,9.8531,-0.2882,0.0742,-1.7994
2,9.8551,-0.2884,0.0736,-1.8003
2,9.8571,-0.2885,0.0730,-1.8010
2,9.8591,-0.2885,0.0724,-1.8013
2,9.8611,-0.2883,0.0720,-1.8010
2,9.8631,-0.2880,0.0718,-1.8002
2,9.8651,-0.2877,0.0717,-1.7992
2,9.8671,-0.2874,0.0717,-1.7983
2,9.8691,-0.2871,0.0717,-1.7979
2,9.8711,-0.2868,0.0718,-1.7981
2,9.8731,-0.2867,0.0720,-1.7988
2,9.8751,-0.2866,0.0721,-1.7998
2,9.8771,-0.2865,0.0724,-1.8008
2,9.8791,-0.2864,0.0728,-1.8015
2,9.8811,-0.2863,0.0733,-1.8016
2,9.8831,-0.2861,0.0738,-1.8011
2,9.8851,-0.2860,0.0744,-1.8003
2,9.8871,-0.2858,0.0748,-1.7995
2,9.8891,-0.2857,0.0751,-1.7989
2,9.8911,-0.2857,0.0751,-1.7988
2,9.8931,-0.2858,0.0750,-1.7992
2,9.8951,-0.2859,0.0746,-1.7999
2,9.8971,-0.2861,0.0741,-1.8007
2,9.8991,-0.2862,0.0735,-1.8013
2,9.9011,-0.2864,0.0731,-1.8015
2,9.9031,-0.2865,0.0727,-1.8011
2,9.9051,-0.2866,0.0724,-1.8005
2,9.9071,-0.2867,0.0721,-1.8002
2,9.9091,-0.2870,0.0717,-1.8011
2,9.9111,-0.2874,0.0714,-1.8034
2,9.9131,-0.2879,0.0710,-1.8071
2,9.9151,-0.2885,0.0706,-1.8117
2,9.9171,-0.2890,0.0705,-1.8165
2,9.9191,-0.2894,0.0707,-1.8207
2,9.9211,-0.2895,0.0713,-1.8237
2,9.9231,-0.2895,0.0722,-1.8254
2,9.9251,-0.2892,0.0733,-1.8261
2,9.9271,-0.2888,0.0744,-1.8265
2,9.9291,-0.2883,0.0754,-1.8274
2,9.9311,-0.2879,0.0760,-1.8293
2,9.9331,-0.2875,0.0762,-1.8325
2,9.9351,-0.2871,0.0759,-1.8367
2,9.9371,-0.2868,0.0754,-1.8414
2,9.9391,-0.2865,0.0747,-1.8458
2,9.9411,-0.2861,0.0739,-1.8493
2,9.9431,-0.2856,0.0732,-1.8519
2,9.9451,-0.2852,0.0724,-1.8539
2,9.9471,-0.2848,0.0718,-1.8546
2,9.9491,-0.2843,0.0715,-1.8538
2,9.9511,-0.2839,0.0714,-1.8517
2,9.9531,-0.2836,0.0715,-1.8492
2,9.9551,-0.2835,0.0716,-1.8470
2,9.9571,-0.2836,0.0717,-1.8459
2,9.9591,-0.2841,0.0716,-1.8462
2,9.9611,-0.2849,0.0715,-1.8479
2,9.9631,-0.2858,0.0714,-1.8502
2,9.9651,-0.2868,0.0713,-1.8524
2,9.9671,-0.2877,0.0715,-1.8538
2,9.9691,-0.2885,0.0719,-1.8537
2,9.9711,-0.2891,0.0724,-1.8523
2,9.9731,-0.2895,0.0731,-1.8501
2,9.9751,-0.2898,0.0736,-1.8478
2,9.9771,-0.2901,0.0740,-1.8462
2,9.9791,-0.2903,0.0739,-1.8458
2,9.9811,-0.2905,0.0736,-1.8468
2,9.9831,-0.2907,0.0730,-1.8487
2,9.9851,-0.2907,0.0723,-1.8510
2,9.9871,-0.2906,0.0716,-1.8527
2,9.9891,-0.2902,0.0711,-1.8533
2,9.9911,-0.2896,0.0708,-1.8527
2,9.9931,-0.2888,0.0708,-1.8510
2,9.9951,-0.2879,0.0709,-1.8488
2,9.9971,-0.2871,0.0712,-1.8470
2,9.9991,-0.2864,0.0713,-1.8461
2,10.0011,-0.2858,0.0715,-1.8465
2,10.0031,-0.2855,0.0715,-1.8480
2,10.0051,-0.2853,0.0715,-1.8502
2,10.0071,-0.2852,0.0717,-1.8523
2,10.0091,-0.2851,0.0719,-1.8536
2,10.0111,-0.2850,0.0724,-1.8537
2,10.0131,-0.2850,0.0730,-1.8526
2,10.0151,-0.2849,0.0736,-1.8507
2,10.0171,-0.2849,0.0742,-1.8487
2,10.0191,-0.2851,0.0745,-1.8473
2,10.0211,-0.2855,0.0745,-1.8469
2,10.0231,-0.2860,0.0742,-1.8477
2,10.0251,-0.2866,0.0736,-1.8493
2,10.0271,-0.2873,0.0729,-1.8512
2,10.0291,-0.2880,0.0721,-1.8526
2,10.0311,-0.2885,0.0716,-1.8531
2,10.0331,-0.2888,0.0712,-1.8524
2,10.0351,-0.2890,0.0710,-1.8508
2,10.0371,-0.2891,0.0709,-1.8488
2,10.0391,-0.2892,0.0710,-1.8471
2,10.0411,-0.2893,0.0710,-1.8462
2,10.0431,-0.2894,0.0709,-1.8465
2,10.0451,-0.2895,0.0709,-1.8477
2,10.0471,-0.2896,0.0709,-1.8496
2,10.0491,-0.2896,0.0709,-1.8514
2,10.0511,-0.2895,0.0712,-1.8525
2,10.0531,-0.2892,0.0716,-1.8527
2,10.0551,-0.2887,0.0722,-1.8518
2,10.0571,-0.2881,0.0729,-1.8502
2,10.0591,-0.2875,0.0735,-1.8486
2,10.0611,-0.2869,0.0739,-1.8475
2,10.0631,-0.2864,0.0741,-1.8472
2,10.0651,-0.2860,0.0740,-1.8480
2,10.0671,-0.2858,0.0736,-1.8495
2,10.0691,-0.2857,0.0731,-1.8512
2,10.0711,-0.2855,0.0726,-1.8526
2,10.0731,-0.2854,0.0722,-1.8531
2,10.0751,-0.2853,0.0719,-1.8525
2,10.0771,-0.2852,0.0718,-1.8512
2,10.0791,-0.2852,0.0718,-1.8495
2,10.0811,-0.2852,0.0718,-1.8480
2,10.0831,-0.2855,0.0718,-1.8472
2,10.0851,-0.2859,0.0717,-1.8473
2,10.0871,-0.2865,0.0715,-1.8484
2,10.0891,-0.2871,0.0714,-1.8499
2,10.0911,-0.2878,0.0713,-1.8514
2,10.0931,-0.2884,0.0714,-1.8523
2,10.0951,-0.2889,0.0716,-1.8525
2,10.0971,-0.2893,0.0720,-1.8523
2,10.0991,-0.2896,0.0723,-1.8525
2,10.1011,-0.2899,0.0725,-1.8537
2,10.1031,-0.2903,0.0725,-1.8563
2,10.1051,-0.2907,0.0724,-1.8602
2,10.1071,-0.2910,0.0722,-1.8648
2,10.1091,-0.2911,0.0720,-1.8695
2,10.1111,-0.2911,0.0720,-1.8735
2,10.1131,-0.2908,0.0722,-1.8763
2,10.1151,-0.2902,0.0726,-1.8778
2,10.1171,-0.2895,0.0732,-1.8785
2,10.1191,-0.2887,0.0737,-1.8789
2,10.1211,-0.2879,0.0741,-1.8799
2,10.1231,-0.2872,0.0744,-1.8819
2,10.1251,-0.2867,0.0743,-1.8852
2,10.1271,-0.2863,0.0741,-1.8895
2,10.1291,-0.2860,0.0737,-1.8941
2,10.1311,-0.2857,0.0733,-1.8983
2,10.1331,-0.2855,0.0729,-1.9000
2,10.1351,-0.2855,0.0725,-1.9000
2,10.1371,-0.2855,0.0722,-1.9000
2,10.1391,-0.2857,0.0719,-1.9000
2,10.1411,-0.2860,0.0716,-1.9000
2,10.1431,-0.2863,0.0715,-1.9000
2,10.1451,-0.2868,0.0715,-1.8999
2,10.1471,-0.2873,0.0715,-1.8999
2,10.1491,-0.2878,0.0717,-1.8998
2,10.1511,-0.2884,0.0719,-1.8997
2,10.1531,-0.2890,0.0722,-1.8997
2,10.1551,-0.2895,0.0725,-1.8997
2,10.1571,-0.2899,0.0728,-1.8997
2,10.1591,-0.2903,0.0731,-1.8997
2,10.1611,-0.2906,0.0732,-1.8998
2,10.1631,-0.2907,0.0733,-1.8998
2,10.1651,-0.2908,0.0734,-1.8998
2,10.1671,-0.2907,0.0733,-1.8998
2,10.1691,-0.2905,0.0732,-1.8998
2,10.1711,-0.2902,0.0730,-1.8997
2,10.1731,-0.2898,0.0727,-1.8997
2,10.1751,-0.2893,0.0724,-1.8997
2,10.1771,-0.2888,0.0722,-1.8997
2,10.1791,-0.2883,0.0719,-1.8997
2,10.1811,-0.2878,0.0717,-1.8998
2,10.1831,-0.2873,0.0716,-1.8999
2,10.1851,-0.2869,0.0716,-1.8999
2,10.1871,-0.2866,0.0717,-1.9000
2,10.1891,-0.2863,0.0718,-1.9000
2,10.1911,-0.2861,0.0720,-1.9000
2,10.1931,-0.2860,0.0723,-1.9000
2,10.1951,-0.2860,0.0726,-1.9000
2,10.1971,-0.2861,0.0730,-1.9000
2,10.1991,-0.2863,0.0732,-1.9000
2,10.2011,-0.2865,0.0734,-1.9000
2,10.2031,-0.2868,0.0736,-1.9000
2,10.2051,-0.2872,0.0736,-1.9000
2,10.2071,-0.2876,0.0736,-1.9000
2,10.2091,-0.2880,0.0735,-1.9000
2,10.2111,-0.2885,0.0733,-1.9000
2,10.2131,-0.2888,0.0730,-1.9000
2,10.2151,-0.2892,0.0727,-1.8999
2,10.2171,-0.2895,0.0724,-1.8998
2,10.2191,-0.2897,0.0721,-1.8997
2,10.2211,-0.2899,0.0718,-1.8996
2,10.2231,-0.2900,0.0716,-1.8995
2,10.2251,-0.2900,0.0714,-1.8995
2,10.2271,-0.2900,0.0714,-1.8995
2,10.2291,-0.2899,0.0714,-1.8995
2,10.2311,-0.2897,0.0715,-1.8996
2,10.2331,-0.2895,0.0717,-1.8997
2,10.2351,-0.2892,0.0720,-1.8998
2,10.2371,-0.2889,0.0723,-1.8998
2,10.2391,-0.2886,0.0726,-1.8999
2,10.2411,-0.2882,0.0729,-1.8999
2,10.2431,-0.2879,0.0732,-1.8999
2,10.2451,-0.2875,0.0734,-1.8999
2,10.2471,-0.2872,0.0735,-1.8999
2,10.2491,-0.2870,0.0736,-1.8999
2,10.2511,-0.2867,0.0735,-1.8999
2,10.2531,-0.2866,0.0734,-1.8999
2,10.2551,-0.2865,0.0732,-1.8999
2,10.2571,-0.2865,0.0729,-1.8999
2,10.2591,-0.2866,0.0727,-1.8999
2,10.2611,-0.2867,0.0724,-1.8999
2,10.2631,-0.2870,0.0721,-1.8999
2,10.2651,-0.2872,0.0719,-1.8999
2,10.2671,-0.2875,0.0718,-1.8999
2,10.2691,-0.2878,0.0717,-1.8999
2,10.2711,-0.2882,0.0717,-1.8998
2,10.2731,-0.2885,0.0718,-1.8998
2,10.2751,-0.2888,0.0719,-1.8997
2,10.2771,-0.2891,0.0721,-1.8997
2,10.2791,-0.2894,0.0723,-1.8996
2,10.2811,-0.2896,0.0726,-1.8997
2,10.2831,-0.2898,0.0728,-1.8997
2,10.2851,-0.2898,0.0729,-1.8998
2,10.2871,-0.2896,0.0731,-1.8999
2,10.2891,-0.2891,0.0731,-1.8999
2,10.2911,-0.2880,0.0732,-1.8999
2,10.2931,-0.2864,0.0732,-1.8999
2,10.2951,-0.2840,0.0732,-1.8999
2,10.2971,-0.2807,0.0732,-1.8999
2,10.2991,-0.2766,0.0732,-1.8999
2,10.3011,-0.2716,0.0732,-1.8999
2,10.3031,-0.2658,0.0733,-1.8999
2,10.3051,-0.2592,0.0734,-1.8999
2,10.3071,-0.2520,0.0736,-1.8999
2,10.3091,-0.2443,0.0739,-1.8999
2,10.3111,-0.2362,0.0743,-1.8999
2,10.3131,-0.2279,0.0747,-1.8999
2,10.3151,-0.2197,0.0752,-1.8999
2,10.3171,-0.2116,0.0758,-1.8999
2,10.3191,-0.2039,0.0763,-1.8999
2,10.3211,-0.1967,0.0769,-1.8999
2,10.3231,-0.1900,0.0774,-1.8999
2,10.3251,-0.1836,0.0779,-1.8999
2,10.3271,-0.1777,0.0783,-1.8999
2,10.3291,-0.1725,0.0786,-1.8999
2,10.3311,-0.1681,0.0788,-1.8999
2,10.3331,-0.1646,0.0788,-1.8999
2,10.3351,-0.1621,0.0788,-1.8999
2,10.3371,-0.1607,0.0786,-1.8999
2,10.3391,-0.1603,0.0784,-1.8999
2,10.3411,-0.1610,0.0781,-1.8999
2,10.3431,-0.1625,0.0778,-1.8999
2,10.3451,-0.1650,0.0775,-1.8999
2,10.3471,-0.1682,0.0773,-1.8999
2,10.3491,-0.1721,0.0770,-1.8999
2,10.3511,-0.1766,0.0768,-1.8999
2,10.3531,-0.1816,0.0766,-1.8999
2,10.3551,-0.1868,0.0765,-1.8999
2,10.3571,-0.1923,0.0765,-1.8999
2,10.3591,-0.1977,0.0765,-1.8999
2,10.3611,-0.2030,0.0765,-1.8999
2,10.3631,-0.2080,0.0765,-1.8999
2,10.3651,-0.2124,0.0766,-1.8999
2,10.3671,-0.2161,0.0766,-1.8999
2,10.3691,-0.2188,0.0766,-1.8999
2,10.3711,-0.2205,0.0766,-1.8999
2,10.3731,-0.2211,0.0765,-1.8999
2,10.3751,-0.2206,0.0764,-1.8999
2,10.3771,-0.2192,0.0764,-1.8999
2,10.3791,-0.2168,0.0763,-1.8999
2,10.3811,-0.2137,0.0762,-1.8999
2,10.3831,-0.2099,0.0761,-1.8999
2,10.3851,-0.2057,0.0761,-1.8999
2,10.3871,-0.2013,0.0761,-1.8999
2,10.3891,-0.1968,0.0762,-1.8999
2,10.3911,-0.1925,0.0763,-1.8999
2,10.3931,-0.1884,0.0765,-1.8999
2,10.3951,-0.1846,0.0767,-1.8999
2,10.3971,-0.1814,0.0770,-1.8999
2,10.3991,-0.1786,0.0772,-1.8999
2,10.4011,-0.1765,0.0775,-1.8999
2,10.4031,-0.1750,0.0777,-1.8999
2,10.4051,-0.1742,0.0779,-1.8999
2,10.4071,-0.1741,0.0780,-1.8999
2,10.4091,-0.1746,0.0780,-1.8999
2,10.4111,-0.1756,0.0780,-1.8999
2,10.4131,-0.1772,0.0779,-1.8999
2,10.4151,-0.1792,0.0777,-1.8999
2,10.4171,-0.1817,0.0775,-1.8999
2,10.4191,-0.1845,0.0773,-1.8999
2,10.4211,-0.1875,0.0771,-1.8999
2,10.4231,-0.1907,0.0769,-1.8999
2,10.4251,-0.1940,0.0767,-1.8999
2,10.4271,-0.1973,0.0765,-1.8999
2,10.4291,-0.2003,0.0764,-1.8999
2,10.4311,-0.2030,0.0762,-1.8999
2,10.4331,-0.2052,0.0762,-1.8999
2,10.4351,-0.2067,0.0762,-1.8999
2,10.4371,-0.2074,0.0762,-1.8999
2,10.4391,-0.2072,0.0762,-1.8999
2,10.4411,-0.2062,0.0763,-1.8999
2,10.4431,-0.2042,0.0764,-1.8999
2,10.4451,-0.2015,0.0765,-1.8999
2,10.4471,-0.1980,0.0766,-1.8999
2,10.4491,-0.1937,0.0768,-1.8999
2,10.4511,-0.1888,0.0769,-1.8999
2,10.4531,-0.1834,0.0770,-1.8999
2,10.4551,-0.1774,0.0772,-1.8999
2,10.4571,-0.1710,0.0773,-1.8999
2,10.4591,-0.1643,0.0773,-1.8999
2,10.4611,-0.1575,0.0774,-1.8999
2,10.4631,-0.1505,0.0774,-1.8999
2,10.4651,-0.1435,0.0775,-1.8999
2,10.4671,-0.1367,0.0775,-1.8999
2,10.4691,-0.1302,0.0775,-1.8999
2,10.4711,-0.1243,0.0774,-1.8999
2,10.4731,-0.1190,0.0774,-1.8999
2,10.4751,-0.1145,0.0774,-1.8999
2,10.4771,-0.1110,0.0774,-1.8999
2,10.4791,-0.1084,0.0775,-1.8999
2,10.4811,-0.1069,0.0775,-1.8999
2,10.4831,-0.1065,0.0776,-1.8999
2,10.4851,-0.1070,0.0776,-1.8999
2,10.4871,-0.1085,0.0776,-1.8999
2,10.4891,-0.1109,0.0777,-1.8999
2,10.4911,-0.1140,0.0777,-1.8999
2,10.4931,-0.1178,0.0777,-1.8999
2,10.4951,-0.1223,0.0777,-1.8999
2,10.4971,-0.1271,0.0777,-1.8999
2,10.4991,-0.1323,0.0776,-1.8999
2,10.5011,-0.1377,0.0776,-1.8999
2,10.5031,-0.1431,0.0775,-1.8999
2,10.5051,-0.1485,0.0774,-1.8999
2,10.5071,-0.1535,0.0772,-1.8999
2,10.5091,-0.1582,0.0771,-1.8999
2,10.5111,-0.1624,0.0770,-1.8999
2,10.5131,-0.1660,0.0769,-1.8999
2,10.5151,-0.1689,0.0768,-1.8999
2,10.5171,-0.1711,0.0767,-1.8999
2,10.5191,-0.1724,0.0767,-1.8999
2,10.5211,-0.1730,0.0767,-1.8999
2,10.5231,-0.1727,0.0767,-1.8999
2,10.5251,-0.1718,0.0767,-1.8999
2,10.5271,-0.1701,0.0768,-1.8999
2,10.5291,-0.1679,0.0769,-1.8999
2,10.5311,-0.1651,0.0769,-1.8999
2,10.5331,-0.1618,0.0770,-1.8999
2,10.5351,-0.1582,0.0771,-1.8999
2,10.5371,-0.1543,0.0772,-1.8999
2,10.5391,-0.1502,0.0773,-1.8999
2,10.5411,-0.1460,0.0774,-1.8999
2,10.5431,-0.1420,0.0775,-1.8999
2,10.5451,-0.1380,0.0775,-1.8999
2,10.5471,-0.1344,0.0775,-1.8999
2,10.5491,-0.1311,0.0775,-1.8999
2,10.5511,-0.1283,0.0775,-1.8999
2,10.5531,-0.1260,0.0775,-1.8999
2,10.5551,-0.1243,0.0775,-1.8999
2,10.5571,-0.1232,0.0775,-1.8999
2,10.5591,-0.1227,0.0775,-1.8999
2,10.5611,-0.1228,0.0775,-1.8999
2,10.5631,-0.1234,0.0775,-1.8999
2,10.5651,-0.1245,0.0775,-1.8999
2,10.5671,-0.1260,0.0775,-1.8999
2,10.5691,-0.1279,0.0775,-1.8999
2,10.5711,-0.1301,0.0775,-1.8999
2,10.5731,-0.1324,0.0775,-1.8999
2,10.5751,-0.1348,0.0774,-1.8999
2,10.5771,-0.1372,0.0774,-1.8999
2,10.5791,-0.1394,0.0774,-1.8999
2,10.5811,-0.1415,0.0773,-1.8999
2,10.5831,-0.1433,0.0773,-1.8999
2,10.5851,-0.1447,0.0772,-1.8999
2,10.5871,-0.1456,0.0772,-1.8999
2,10.5891,-0.1461,0.0772,-1.8999
2,10.5911,-0.1460,0.0771,-1.8999
2,10.5931,-0.1455,0.0771,-1.8999
2,10.5951,-0.1445,0.0771,-1.8999
2,10.5971,-0.1431,0.0772,-1.8999
2,10.5991,-0.1411,0.0772,-1.8999
2,10.6011,-0.1388,0.0772,-1.8999
2,10.6031,-0.1360,0.0772,-1.8999
2,10.6051,-0.1328,0.0773,-1.8999
2,10.6071,-0.1294,0.0773,-1.8999
2,10.6091,-0.1258,0.0773,-1.8999
2,10.6111,-0.1222,0.0773,-1.8999
2,10.6131,-0.1186,0.0773,-1.8999
2,10.6151,-0.1151,0.0774,-1.8999
2,10.6171,-0.1119,0.0774,-1.8999
2,10.6191,-0.1091,0.0774,-1.8999
2,10.6211,-0.1066,0.0774,-1.8999
2,10.6231,-0.1047,0.0774,-1.8999
2,10.6251,-0.1033,0.0774,-1.8999
2,10.6271,-0.1025,0.0774,-1.8999
2,10.6291,-0.1022,0.0774,-1.8999
2,10.6311,-0.1025,0.0774,-1.8999
2,10.6331,-0.1032,0.0774,-1.8999
2,10.6351,-0.1044,0.0774,-1.8999
2,10.6371,-0.1059,0.0774,-1.8999
2,10.6391,-0.1078,0.0774,-1.8999
2,10.6411,-0.1100,0.0773,-1.8999
2,10.6431,-0.1124,0.0773,-1.8999
2,10.6451,-0.1149,0.0773,-1.8999
2,10.6471,-0.1174,0.0773,-1.8999
2,10.6491,-0.1200,0.0773,-1.8999
2,10.6511,-0.1225,0.0773,-1.8999
2,10.6531,-0.1248,0.0773,-1.8999
2,10.6551,-0.1269,0.0773,-1.8999
2,10.6571,-0.1287,0.0773,-1.8999
2,10.6591,-0.1302,0.0773,-1.8999
2,10.6611,-0.1314,0.0772,-1.8999
2,10.6631,-0.1321,0.0772,-1.8999
2,10.6651,-0.1324,0.0772,-1.8999
2,10.6671,-0.1323,0.0772,-1.8999
2,10.6691,-0.1319,0.0772,-1.8999
2,10.6711,-0.1313,0.0772,-1.8999
2,10.6731,-0.1304,0.0772,-1.8999
2,10.6751,-0.1292,0.0772,-1.8999
2,10.6771,-0.1279,0.0773,-1.8999
2,10.6791,-0.1264,0.0773,-1.8999
2,10.6811,-0.1248,0.0773,-1.8999
2,10.6831,-0.1231,0.0773,-1.8999
2,10.6851,-0.1214,0.0773,-1.8999
2,10.6871,-0.1198,0.0773,-1.8999
2,10.6891,-0.1183,0.0773,-1.8999
2,10.6911,-0.1169,0.0773,-1.8999
2,10.6931,-0.1156,0.0773,-1.8999
2,10.6951,-0.1146,0.0773,-1.8999
2,10.6971,-0.1138,0.0773,-1.8999
2,10.6991,-0.1133,0.0773,-1.8999
2,10.7011,-0.1131,0.0773,-1.8999
2,10.7031,-0.1131,0.0773,-1.8999
2,10.7051,-0.1132,0.0773,-1.8999
2,10.7071,-0.1135,0.0773,-1.8999
2,10.7091,-0.1139,0.0773,-1.8999
2,10.7111,-0.1143,0.0773,-1.8999
2,10.7131,-0.1147,0.0773,-1.8999
2,10.7151,-0.1151,0.0773,-1.8999
2,10.7171,-0.1154,0.0773,-1.8999
2,10.7191,-0.1157,0.0773,-1.8999
2,10.7211,-0.1157,0.0772,-1.8999
2,10.7231,-0.1157,0.0772,-1.8999
2,10.7251,-0.1155,0.0772,-1.8999
2,10.7271,-0.1152,0.0772,-1.8999
2,10.7291,-0.1148,0.0772,-1.8999
2,10.7311,-0.1142,0.0772,-1.8999
2,10.7331,-0.1134,0.0772,-1.8999
2,10.7351,-0.1125,0.0771,-1.8999
2,10.7371,-0.1113,0.0771,-1.8999
2,10.7391,-0.1100,0.0771,-1.8999
2,10.7411,-0.1085,0.0770,-1.8999
2,10.7431,-0.1069,0.0770,-1.8999
2,10.7451,-0.1051,0.0770,-1.8999
2,10.7471,-0.1032,0.0769,-1.8999
2,10.7491,-0.1012,0.0769,-1.8999
2,10.7511,-0.0993,0.0769,-1.8999
2,10.7531,-0.0974,0.0768,-1.8999
2,10.7551,-0.0955,0.0768,-1.8999
2,10.7571,-0.0937,0.0768,-1.8999
2,10.7591,-0.0919,0.0768,-1.8999
2,10.7611,-0.0900,0.0768,-1.8999
2,10.7631,-0.0881,0.0769,-1.8999
2,10.7651,-0.0862,0.0769,-1.8999
2,10.7671,-0.0842,0.0770,-1.8999
2,10.7691,-0.0822,0.0770,-1.8999
2,10.7711,-0.0800,0.0771,-1.8999
2,10.7731,-0.0778,0.0771,-1.8999
2,10.7751,-0.0754,0.0772,-1.8999
2,10.7771,-0.0729,0.0772,-1.8999
2,10.7791,-0.0702,0.0772,-1.8999
2,10.7811,-0.0673,0.0773,-1.8999
2,10.7831,-0.0643,0.0773,-1.8999
2,10.7851,-0.0610,0.0773,-1.8999
2,10.7871,-0.0574,0.0773,-1.8999
2,10.7891,-0.0536,0.0773,-1.8999
2,10.7911,-0.0495,0.0773,-1.8999
2,10.7931,-0.0450,0.0773,-1.8999
2,10.7951,-0.0401,0.0773,-1.8999
2,10.7971,-0.0349,0.0773,-1.8999
2,10.7991,-0.0292,0.0773,-1.8999
2,10.8011,-0.0230,0.0773,-1.8999
2,10.8031,-0.0163,0.0774,-1.8999
2,10.8051,-0.0090,0.0775,-1.8999
2,10.8071,-0.0011,0.0775,-1.8999
2,10.8091,0.0076,0.0776,-1.8999
2,10.8111,0.0180,0.0778,-1.8999
2,10.8131,0.0315,0.0780,-1.8999
2,10.8151,0.0497,0.0784,-1.8999
2,10.8171,0.0749,0.0790,-1.8999
2,10.8191,0.1101,0.0800,-1.8999
2,10.8211,0.1579,0.0817,-1.8999
2,10.8231,0.2361,0.0849,-1.8998
3,10.9751,-0.0000,-0.0000,0.0000
3,10.9771,-0.0000,-0.0000,0.0001
3,10.9791,-0.0001,-0.0000,0.0003
3,10.9811,-0.0002,-0.0000,0.0005
3,10.9831,-0.0003,-0.0000,0.0006
3,10.9851,-0.0004,-0.0000,0.0008
3,10.9871,-0.0005,-0.0000,0.0009
3,10.9891,-0.0006,-0.0000,0.0009
3,10.9911,-0.0008,0.0000,0.0009
3,10.9931,-0.0009,0.0000,0.0009
3,10.9951,-0.0009,0.0001,0.0008
3,10.9971,-0.0010,0.0001,0.0007
3,10.9991,-0.0011,0.0001,0.0007
3,11.0011,-0.0012,0.0001,0.0006
3,11.0031,-0.0012,0.0002,0.0006
3,11.0051,-0.0013,0.0002,0.0006
3,11.0071,-0.0013,0.0002,0.0006
3,11.0091,-0.0013,0.0002,0.0006
3,11.0111,-0.0014,0.0002,0.0007
3,11.0131,-0.0014,0.0002,0.0007
3,11.0151,-0.0014,0.0002,0.0007
3,11.0171,-0.0014,0.0002,0.0007
3,11.0191,-0.0014,0.0002,0.0007
3,11.0211,-0.0014,0.0002,0.0007
3,11.0231,-0.0014,0.0002,0.0007
3,11.0251,-0.0014,0.0002,0.0007
3,11.0271,-0.0014,0.0002,0.0007
3,11.0291,-0.0014,0.0002,0.0007
3,11.0311,-0.0014,0.0002,0.0007
3,11.0331,-0.0014,0.0002,0.0007
3,11.0351,-0.0014,0.0002,0.0007
3,11.0371,-0.0014,0.0002,0.0007
3,11.0391,-0.0014,0.0002,0.0007
3,11.0411,-0.0014,0.0002,0.0007
3,11.0431,-0.0014,0.0002,0.0007
3,11.0451,-0.0014,0.0002,0.0007
3,11.0471,-0.0014,0.0002,0.0007
3,11.0491,-0.0014,0.0002,0.0007
3,11.0511,-0.0014,0.0002,0.0007
3,11.0531,-0.0014,0.0002,0.0007
3,11.0551,-0.0014,0.0002,0.0007
3,11.0571,-0.0014,0.0002,0.0007
3,11.0591,-0.0014,0.0002,0.0007
3,11.0611,-0.0014,0.0002,0.0007
3,11.0631,-0.0014,0.0002,0.0007
3,11.0651,-0.0014,0.0002,0.0007
3,11.0671,-0.0014,0.0002,0.0007
3,11.0691,-0.0014,0.0002,0.0007
3,11.0711,-0.0014,0.0002,0.0007
3,11.0731,-0.0014,0.0002,0.0007
3,11.0751,-0.0014,0.0002,0.0007
3,11.0771,-0.0014,0.0002,0.0007
3,11.0791,-0.0014,0.0002,0.0007
3,11.0811,-0.0014,0.0002,0.0007
3,11.0831,-0.0014,0.0002,0.0007
3,11.0851,-0.0014,0.0002,0.0007
3,11.0871,-0.0014,0.0002,0.0007
3,11.0891,-0.0014,0.0002,0.0007
3,11.0911,-0.0014,0.0002,0.0007
3,11.0931,-0.0014,0.0002,0.0007
3,11.0951,-0.0014,0.0002,0.0007
3,11.0971,-0.0014,0.0002,0.0007
3,11.0991,-0.0014,0.0002,0.0007
3,11.1011,-0.0014,0.0002,0.0007
3,11.1031,-0.0014,0.0002,0.0007
3,11.1051,-0.0014,0.0002,0.0007
3,11.1071,-0.0014,0.0002,0.0007
3,11.1091,-0.0014,0.0002,0.0007
3,11.1111,-0.0014,0.0002,0.0007
3,11.1131,-0.0014,0.0002,0.0007
3,11.1151,-0.0014,0.0002,0.0007
3,11.1171,-0.0014,0.0002,0.0007
3,11.1191,-0.0014,0.0002,0.0007
3,11.1211,-0.0014,0.0002,0.0007
3,11.1231,-0.0014,0.0002,0.0007
3,11.1251,-0.0014,0.0002,0.0007
3,11.1271,-0.0014,0.0002,0.0007
3,11.1291,-0.0014,0.0002,0.0007
3,11.1311,-0.0014,0.0002,0.0007
3,11.1331,-0.0014,0.0002,0.0007
3,11.1351,-0.0014,0.0002,0.0007
3,11.1371,-0.0014,0.0002,0.0007
3,11.1391,-0.0014,0.0002,0.0007
3,11.1411,-0.0014,0.0002,0.0007
3,11.1431,-0.0014,0.0002,0.0007
3,11.1451,-0.0014,0.0002,0.0007
3,11.1471,-0.0014,0.0002,0.0007
3,11.1491,-0.0014,0.0002,0.0007
3,11.1511,-0.0014,0.0002,0.0007
3,11.1531,-0.0014,0.0002,0.0007
3,11.1551,-0.0014,0.0002,0.0007
3,11.1571,-0.0014,0.0002,0.0007
3,11.1591,-0.0014,0.0002,0.0007
3,11.1611,-0.0014,0.0002,0.0007
3,11.1631,-0.0014,0.0002,0.0007
3,11.1651,-0.0014,0.0002,0.0007
3,11.1671,-0.0014,0.0002,0.0007
3,11.1691,-0.0014,0.0002,0.0007
3,11.1711,-0.0014,0.0002,0.0007
3,11.1731,-0.0014,0.0002,0.0007
3,11.1751,-0.0014,0.0002,0.0007
3,11.1771,-0.0014,0.0002,0.0007
3,11.1791,-0.0014,0.0002,0.0007
3,11.1811,-0.0014,0.0002,0.0007
3,11.1831,-0.0014,0.0002,0.0007
3,11.1851,-0.0014,0.0002,0.0007
3,11.1871,-0.0014,0.0002,0.0007
3,11.1891,-0.0014,0.0002,0.0007
3,11.1911,-0.0014,0.0002,0.0007
3,11.1931,-0.0014,0.0002,0.0007
3,11.1951,-0.0014,0.0002,0.0007
3,11.1971,-0.0014,0.0002,0.0007
3,11.1991,-0.0014,0.0002,0.0007
3,11.2011,-0.0014,0.0002,0.0007
3,11.2031,-0.0014,0.0002,0.0007
3,11.2051,-0.0014,0.0002,0.0007
3,11.2071,-0.0014,0.0002,0.0007
3,11.2091,-0.0014,0.0002,0.0007
3,11.2111,-0.0014,0.0002,0.0007
3,11.2131,-0.0014,0.0002,0.0007
3,11.2151,-0.0014,0.0002,0.0007
3,11.2171,-0.0014,0.0002,0.0007
3,11.2191,-0.0014,0.0002,0.0007
3,11.2211,-0.0014,0.0002,0.0007
3,11.2231,-0.0014,0.0002,0.0007
3,11.2251,-0.0014,0.0002,0.0007
3,11.2271,-0.0014,0.0002,0.0007
3,11.2291,-0.0014,0.0002,0.0007
3,11.2311,-0.0014,0.0002,0.0007
3,11.2331,-0.0014,0.0002,0.0007
3,11.2351,-0.0014,0.0002,0.0007
3,11.2371,-0.0014,0.0002,0.0007
3,11.2391,-0.0014,0.0002,0.0007
3,11.2411,-0.0014,0.0002,0.0007
3,11.2431,-0.0014,0.0002,0.0007
3,11.2451,-0.0014,0.0002,0.0007
3,11.2471,-0.0014,0.0002,0.0007
3,11.2491,-0.0014,0.0002,0.0007
3,11.2511,-0.0014,0.0002,0.0007
3,11.2531,-0.0014,0.0002,0.0007
3,11.2551,-0.0014,0.0002,0.0007
3,11.2571,-0.0014,0.0002,0.0007
3,11.2591,-0.0014,0.0002,0.0007
3,11.2611,-0.0014,0.0002,0.0007
3,11.2631,-0.0014,0.0002,0.0007
3,11.2651,-0.0014,0.0002,0.0007
3,11.2671,-0.0014,0.0002,0.0007
3,11.2691,-0.0014,0.0002,0.0007
3,11.2711,-0.0014,0.0002,0.0007
3,11.2731,-0.0014,0.0002,0.0007
3,11.2751,-0.0014,0.0002,0.0007
3,11.2771,-0.0014,0.0002,0.0007
3,11.2791,-0.0014,0.0002,0.0007
3,11.2811,-0.0014,0.0002,0.0007
3,11.2831,-0.0014,0.0002,0.0007
3,11.2851,-0.0014,0.0002,0.0007
3,11.2871,-0.0014,0.0002,0.0007
3,11.2891,-0.0014,0.0002,0.0007
3,11.2911,-0.0014,0.0002,0.0007
3,11.2931,-0.0014,0.0002,0.0007
3,11.2951,-0.0014,0.0002,0.0007
3,11.2971,-0.0014,0.0002,0.0007
3,11.2991,-0.0014,0.0002,0.0007
3,11.3011,-0.0014,0.0002,0.0007
3,11.3031,-0.0014,0.0002,0.0007
3,11.3051,-0.0014,0.0002,0.0007
3,11.3071,-0.0014,0.0002,0.0007
3,11.3091,-0.0014,0.0002,0.0007
3,11.3111,-0.0014,0.0002,0.0007
3,11.3131,-0.0014,0.0002,0.0007
3,11.3151,-0.0014,0.0002,0.0007
3,11.3171,-0.0014,0.0002,0.0007
3,11.3191,-0.0014,0.0002,0.0007
3,11.3211,-0.0014,0.0002,0.0007
3,11.3231,-0.0014,0.0002,0.0007
3,11.3251,-0.0014,0.0002,0.0007
3,11.3271,-0.0014,0.0002,0.0007
3,11.3291,-0.0014,0.0002,0.0007
3,11.3311,-0.0014,0.0002,0.0007
3,11.3331,-0.0014,0.0002,0.0007
3,11.3351,-0.0014,0.0002,0.0007
3,11.3371,-0.0014,0.0002,0.0007
3,11.3391,-0.0014,0.0002,0.0007
3,11.3411,-0.0014,0.0002,0.0007
3,11.3431,-0.0014,0.0002,0.0007
3,11.3451,-0.0014,0.0002,0.0007
3,11.3471,-0.0014,0.0002,0.0007
3,11.3491,-0.0014,0.0002,0.0007
3,11.3511,-0.0014,0.0002,0.0007
3,11.3531,-0.0014,0.0002,0.0007
3,11.3551,-0.0014,0.0002,0.0007
3,11.3571,-0.0014,0.0002,0.0007
3,11.3591,-0.0014,0.0002,0.0007
3,11.3611,-0.0014,0.0002,0.0007
3,11.3631,-0.0014,0.0002,0.0007
3,11.3651,-0.0014,0.0002,0.0007
3,11.3671,-0.0014,0.0002,0.0007
3,11.3691,-0.0014,0.0002,0.0007
3,11.3711,-0.0014,0.0002,0.0007
3,11.3731,-0.0014,0.0002,0.0007
3,11.3751,-0.0014,0.0002,0.0007
3,11.3771,-0.0014,0.0002,0.0007
3,11.3791,-0.0014,0.0002,0.0007
3,11.3811,-0.0014,0.0002,0.0007
3,11.3831,-0.0014,0.0002,0.0007
3,11.3851,-0.0014,0.0002,0.0007
3,11.3871,-0.0014,0.0002,0.0007
3,11.3891,-0.0014,0.0002,0.0007
3,11.3911,-0.0014,0.0002,0.0007
3,11.3931,-0.0014,0.0002,0.0007
3,11.3951,-0.0014,0.0002,0.0007
3,11.3971,-0.0014,0.0002,0.0007
3,11.3991,-0.0014,0.0002,0.0007
3,11.4011,-0.0014,0.0002,0.0007
3,11.4031,-0.0014,0.0002,0.0007
3,11.4051,-0.0014,0.0002,0.0007
3,11.4071,-0.0014,0.0002,0.0007
3,11.4091,-0.0014,0.0002,0.0007
3,11.4111,-0.0014,0.0002,0.0007
3,11.4131,-0.0014,0.0002,0.0007
3,11.4151,-0.0014,0.0002,0.0007
3,11.4171,-0.0014,0.0002,0.0007
3,11.4191,-0.0014,0.0002,0.0007
3,11.4211,-0.0014,0.0002,0.0007
3,11.4231,-0.0014,0.0002,0.0007
3,11.4251,-0.0014,0.0002,0.0007
3,11.4271,-0.0014,0.0002,0.0007
3,11.4291,-0.0014,0.0002,0.0007
3,11.4311,-0.0014,0.0002,0.0007
3,11.4331,-0.0014,0.0002,0.0007
3,11.4351,-0.0014,0.0002,0.0007
3,11.4371,-0.0014,0.0002,0.0007
3,11.4391,-0.0014,0.0002,0.0007
3,11.4411,-0.0014,0.0002,0.0007
3,11.4431,-0.0014,0.0002,0.0007
3,11.4451,-0.0014,0.0002,0.0007
3,11.4471,-0.0014,0.0002,0.0007
3,11.4491,-0.0014,0.0002,0.0007
3,11.4511,-0.0014,0.0002,0.0007
3,11.4531,-0.0014,0.0002,0.0007
3,11.4551,-0.0014,0.0002,0.0007
3,11.4571,-0.0014,0.0002,0.0007
3,11.4591,-0.0014,0.0002,0.0007
3,11.4611,-0.0014,0.0002,0.0007
3,11.4631,-0.0014,0.0002,0.0007
3,11.4651,-0.0014,0.0002,0.0007
3,11.4671,-0.0014,0.0002,0.0007
3,11.4691,-0.0014,0.0002,0.0007
3,11.4711,-0.0014,0.0002,0.0007
3,11.4731,-0.0014,0.0002,0.0007
3,11.4751,-0.0014,0.0002,0.0007
3,11.4771,-0.0013,0.0002,0.0007
3,11.4791,-0.0012,0.0003,0.0007
3,11.4811,-0.0009,0.0004,0.0008
3,11.4831,-0.0001,0.0007,0.0008
3,11.4851,0.0013,0.0011,0.0010
3,11.4871,0.0035,0.0018,0.0012
3,11.4891,0.0065,0.0029,0.0014
3,11.4911,0.0106,0.0042,0.0018
3,11.4931,0.0157,0.0060,0.0021
3,11.4951,0.0220,0.0081,0.0025
3,11.4971,0.0294,0.0107,0.0028
3,11.4991,0.0379,0.0136,0.0032
3,11.5011,0.0473,0.0168,0.0035
3,11.5031,0.0576,0.0204,0.0037
3,11.5051,0.0686,0.0241,0.0039
3,11.5071,0.0801,0.0280,0.0041
3,11.5091,0.0919,0.0319,0.0042
3,11.5111,0.1037,0.0358,0.0042
3,11.5131,0.1154,0.0395,0.0042
3,11.5151,0.1267,0.0429,0.0042
3,11.5171,0.1374,0.0459,0.0040
3,11.5191,0.1473,0.0485,0.0038
3,11.5211,0.1562,0.0505,0.0036
3,11.5231,0.1641,0.0519,0.0033
3,11.5251,0.1708,0.0527,0.0029
3,11.5271,0.1763,0.0528,0.0025
3,11.5291,0.1806,0.0524,0.0022
3,11.5311,0.1837,0.0514,0.0019
3,11.5331,0.1858,0.0499,0.0017
3,11.5351,0.1868,0.0480,0.0015
3,11.5371,0.1871,0.0459,0.0015
3,11.5391,0.1868,0.0437,0.0016
3,11.5411,0.1860,0.0416,0.0017
3,11.5431,0.1851,0.0396,0.0020
3,11.5451,0.1843,0.0379,0.0022
3,11.5471,0.1838,0.0367,0.0025
3,11.5491,0.1838,0.0360,0.0027
3,11.5511,0.1845,0.0359,0.0029
3,11.5531,0.1860,0.0364,0.0030
3,11.5551,0.1885,0.0376,0.0029
3,11.5571,0.1922,0.0394,0.0027
3,11.5591,0.1970,0.0418,0.0023
3,11.5611,0.2027,0.0445,0.0018
3,11.5631,0.2090,0.0475,0.0012
3,11.5651,0.2157,0.0505,0.0005
3,11.5671,0.2225,0.0534,-0.0002
3,11.5691,0.2290,0.0560,-0.0009
3,11.5711,0.2350,0.0582,-0.0016
3,11.5731,0.2403,0.0597,-0.0022
3,11.5751,0.2446,0.0606,-0.0027
3,11.5771,0.2478,0.0608,-0.0030
3,11.5791,0.2498,0.0602,-0.0031
3,11.5811,0.2505,0.0589,-0.0029
3,11.5831,0.2499,0.0570,-0.0026
3,11.5851,0.2480,0.0546,-0.0021
3,11.5871,0.2450,0.0518,-0.0015
3,11.5891,0.2409,0.0488,-0.0007
3,11.5911,0.2361,0.0458,0.0000
3,11.5931,0.2306,0.0429,0.0008
3,11.5951,0.2248,0.0402,0.0015
3,11.5971,0.2188,0.0381,0.0021
3,11.5991,0.2130,0.0365,0.0025
3,11.6011,0.2076,0.0356,0.0027
3,11.6031,0.2028,0.0354,0.0028
3,11.6051,0.1988,0.0360,0.0028
3,11.6071,0.1957,0.0373,0.0026
3,11.6091,0.1938,0.0393,0.0023
3,11.6111,0.1932,0.0419,0.0020
3,11.6131,0.1943,0.0451,0.0017
3,11.6151,0.1970,0.0488,0.0014
3,11.6171,0.2015,0.0529,0.0013
3,11.6191,0.2077,0.0572,0.0011
3,11.6211,0.2157,0.0615,0.0010
3,11.6231,0.2252,0.0657,0.0009
3,11.6251,0.2361,0.0695,0.0008
3,11.6271,0.2482,0.0729,0.0005
3,11.6291,0.2610,0.0757,0.0001
3,11.6311,0.2744,0.0778,-0.0003
3,11.6331,0.2880,0.0792,-0.0009
3,11.6351,0.3014,0.0798,-0.0015
3,11.6371,0.3143,0.0796,-0.0020
3,11.6391,0.3265,0.0787,-0.0024
3,11.6411,0.3376,0.0773,-0.0027
3,11.6431,0.3475,0.0754,-0.0027
3,11.6451,0.3560,0.0732,-0.0026
3,11.6471,0.3631,0.0708,-0.0022
3,11.6491,0.3688,0.0686,-0.0017
3,11.6511,0.3729,0.0666,-0.0010
3,11.6531,0.3757,0.0651,-0.0002
3,11.6551,0.3772,0.0642,0.0007
3,11.6571,0.3777,0.0640,0.0014
3,11.6591,0.3773,0.0646,0.0020
3,11.6611,0.3764,0.0661,0.0025
3,11.6631,0.3751,0.0684,0.0027
3,11.6651,0.3737,0.0716,0.0026
3,11.6671,0.3726,0.0754,0.0023
3,11.6691,0.3720,0.0798,0.0019
3,11.6711,0.3721,0.0847,0.0014
3,11.6731,0.3731,0.0897,0.0008
3,11.6751,0.3751,0.0949,0.0003
3,11.6771,0.3784,0.0998,-0.0002
3,11.6791,0.3828,0.1044,-0.0005
3,11.6811,0.3885,0.1084,-0.0007
3,11.6831,0.3954,0.1116,-0.0008
3,11.6851,0.4034,0.1141,-0.0008
3,11.6871,0.4127,0.1157,-0.0007
3,11.6891,0.4227,0.1164,-0.0006
3,11.6911,0.4333,0.1160,-0.0006
3,11.6931,0.4438,0.1146,-0.0008
3,11.6951,0.4539,0.1122,-0.0011
3,11.6971,0.4632,0.1089,-0.0016
3,11.6991,0.4713,0.1048,-0.0022
3,11.7011,0.4780,0.1002,-0.0028
3,11.7031,0.4830,0.0953,-0.0032
3,11.7051,0.4861,0.0904,-0.0034
3,11.7071,0.4874,0.0858,-0.0033
3,11.7091,0.4868,0.0817,-0.0027
3,11.7111,0.4844,0.0784,-0.0019
3,11.7131,0.4803,0.0761,-0.0008
3,11.7151,0.4746,0.0749,0.0005
3,11.7171,0.4677,0.0749,0.0018
3,11.7191,0.4599,0.0760,0.0028
3,11.7211,0.4514,0.0783,0.0036
3,11.7231,0.4426,0.0816,0.0039
3,11.7251,0.4338,0.0857,0.0038
3,11.7271,0.4254,0.0905,0.0032
3,11.7291,0.4177,0.0956,0.0024
3,11.7311,0.4109,0.1009,0.0013
3,11.7331,0.4054,0.1060,0.0001
3,11.7351,0.4013,0.1108,-0.0009
3,11.7371,0.3988,0.1149,-0.0018
3,11.7391,0.3978,0.1182,-0.0028
3,11.7411,0.3984,0.1204,-0.0044
3,11.7431,0.4004,0.1213,-0.0071
3,11.7451,0.4038,0.1208,-0.0115
3,11.7471,0.4084,0.1191,-0.0175
3,11.7491,0.4139,0.1160,-0.0252
3,11.7511,0.4202,0.1119,-0.0343
3,11.7531,0.4270,0.1071,-0.0440
3,11.7551,0.4340,0.1017,-0.0537
3,11.7571,0.4412,0.0961,-0.0629
3,11.7591,0.4481,0.0908,-0.0708
3,11.7611,0.4546,0.0859,-0.0772
3,11.7631,0.4605,0.0817,-0.0820
3,11.7651,0.4655,0.0784,-0.0854
3,11.7671,0.4695,0.0761,-0.0878
3,11.7691,0.4722,0.0748,-0.0899
3,11.7711,0.4737,0.0745,-0.0922
3,11.7731,0.4736,0.0751,-0.0953
3,11.7751,0.4722,0.0766,-0.0998
3,11.7771,0.4694,0.0788,-0.1059
3,11.7791,0.4653,0.0816,-0.1135
3,11.7811,0.4601,0.0849,-0.1225
3,11.7831,0.4541,0.0885,-0.1323
3,11.7851,0.4475,0.0923,-0.1425
3,11.7871,0.4405,0.0963,-0.1524
3,11.7891,0.4336,0.1002,-0.1614
3,11.7911,0.4269,0.1040,-0.1691
3,11.7931,0.4207,0.1075,-0.1753
3,11.7951,0.4152,0.1105,-0.1799
3,11.7971,0.4106,0.1131,-0.1832
3,11.7991,0.4069,0.1149,-0.1857
3,11.8011,0.4043,0.1159,-0.1880
3,11.8031,0.4028,0.1160,-0.1907
3,11.8051,0.4025,0.1152,-0.1943
3,11.8071,0.4032,0.1135,-0.1992
3,11.8091,0.4050,0.1110,-0.2055
3,11.8111,0.4078,0.1079,-0.2132
3,11.8131,0.4115,0.1042,-0.2222
3,11.8151,0.4160,0.1003,-0.2320
3,11.8171,0.4212,0.0962,-0.2431
3,11.8191,0.4269,0.0924,-0.2540
3,11.8211,0.4332,0.0890,-0.2633
3,11.8231,0.4399,0.0865,-0.2694
3,11.8251,0.4467,0.0849,-0.2717
3,11.8271,0.4536,0.0843,-0.2699
3,11.8291,0.4602,0.0847,-0.2643
3,11.8311,0.4663,0.0860,-0.2559
3,11.8331,0.4715,0.0878,-0.2462
3,11.8351,0.4755,0.0899,-0.2367
3,11.8371,0.4780,0.0921,-0.2287
3,11.8391,0.4790,0.0940,-0.2237
3,11.8411,0.4782,0.0955,-0.2223
3,11.8431,0.4757,0.0966,-0.2247
3,11.8451,0.4717,0.0972,-0.2305
3,11.8471,0.4663,0.0974,-0.2387
3,11.8491,0.4600,0.0973,-0.2480
3,11.8511,0.4530,0.0972,-0.2570
3,11.8531,0.4457,0.0972,-0.2642
3,11.8551,0.4385,0.0974,-0.2685
3,11.8571,0.4317,0.0981,-0.2692
3,11.8591,0.4255,0.0991,-0.2661
3,11.8611,0.4202,0.1004,-0.2598
3,11.8631,0.4157,0.1019,-0.2511
3,11.8651,0.4122,0.1033,-0.2414
3,11.8671,0.4097,0.1046,-0.2322
3,11.8691,0.4081,0.1054,-0.2253
3,11.8711,0.4075,0.1054,-0.2224
3,11.8731,0.4077,0.1046,-0.2247
3,11.8751,0.4090,0.1028,-0.2329
3,11.8771,0.4112,0.1002,-0.2465
3,11.8791,0.4144,0.0968,-0.2645
3,11.8811,0.4188,0.0931,-0.2851
3,11.8831,0.4242,0.0893,-0.3061
3,11.8851,0.4307,0.0860,-0.3253
3,11.8871,0.4383,0.0833,-0.3409
3,11.8891,0.4467,0.0815,-0.3518
3,11.8911,0.4557,0.0807,-0.3574
3,11.8931,0.4651,0.0808,-0.3580
3,11.8951,0.4744,0.0817,-0.3546
3,11.8971,0.4833,0.0832,-0.3489
3,11.8991,0.4912,0.0847,-0.3428
3,11.9011,0.4979,0.0860,-0.3384
3,11.9031,0.5029,0.0868,-0.3373
3,11.9051,0.5061,0.0868,-0.3406
3,11.9071,0.5074,0.0860,-0.3489
3,11.9091,0.5067,0.0845,-0.3617
3,11.9111,0.5041,0.0825,-0.3779
3,11.9131,0.4999,0.0804,-0.3958
3,11.9151,0.4943,0.0785,-0.4133
3,11.9171,0.4875,0.0773,-0.4286
3,11.9191,0.4800,0.0770,-0.4402
3,11.9211,0.4720,0.0779,-0.4472
3,11.9231,0.4637,0.0799,-0.4495
3,11.9251,0.4555,0.0829,-0.4475
3,11.9271,0.4476,0.0867,-0.4425
3,11.9291,0.4401,0.0908,-0.4363
3,11.9311,0.4332,0.0948,-0.4309
3,11.9331,0.4271,0.0983,-0.4281
3,11.9351,0.4220,0.1009,-0.4292
3,11.9371,0.4179,0.1025,-0.4350
3,11.9391,0.4151,0.1029,-0.4455
3,11.9411,0.4135,0.1024,-0.4596
3,11.9431,0.4131,0.1012,-0.4758
3,11.9451,0.4140,0.0997,-0.4923
3,11.9471,0.4160,0.0983,-0.5078
3,11.9491,0.4190,0.0974,-0.5199
3,11.9511,0.4228,0.0973,-0.5268
3,11.9531,0.4273,0.0981,-0.5272
3,11.9551,0.4323,0.0999,-0.5213
3,11.9571,0.4377,0.1022,-0.5102
3,11.9591,0.4430,0.1047,-0.4958
3,11.9611,0.4481,0.1068,-0.4807
3,11.9631,0.4527,0.1080,-0.4676
3,11.9651,0.4567,0.1079,-0.4588
3,11.9671,0.4597,0.1063,-0.4557
3,11.9691,0.4618,0.1032,-0.4588
3,11.9711,0.4628,0.0989,-0.4673
3,11.9731,0.4628,0.0939,-0.4797
3,11.9751,0.4618,0.0888,-0.4935
3,11.9771,0.4599,0.0843,-0.5064
3,11.9791,0.4572,0.0810,-0.5159
3,11.9811,0.4540,0.0793,-0.5206
3,11.9831,0.4503,0.0794,-0.5195
3,11.9851,0.4464,0.0814,-0.5131
3,11.9871,0.4423,0.0848,-0.5024
3,11.9891,0.4382,0.0893,-0.4893
3,11.9911,0.4343,0.0942,-0.4763
3,11.9931,0.4305,0.0989,-0.4656
3,11.9951,0.4272,0.1028,-0.4593
3,11.9971,0.4244,0.1057,-0.4585
3,11.9991,0.4222,0.1071,-0.4637
3,12.0011,0.4206,0.1071,-0.4749
3,12.0031,0.4199,0.1059,-0.4908
3,12.0051,0.4199,0.1038,-0.5097
3,12.0071,0.4207,0.1013,-0.5292
3,12.0091,0.4223,0.0987,-0.5472
3,12.0111,0.4247,0.0967,-0.5615
3,12.0131,0.4278,0.0954,-0.5710
3,12.0151,0.4315,0.0950,-0.5751
3,12.0171,0.4356,0.0954,-0.5743
3,12.0191,0.4400,0.0964,-0.5699
3,12.0211,0.4443,0.0977,-0.5639
3,12.0231,0.4485,0.0988,-0.5585
3,12.0251,0.4523,0.0994,-0.5556
3,12.0271,0.4556,0.0992,-0.5570
3,12.0291,0.4582,0.0980,-0.5635
3,12.0311,0.4600,0.0960,-0.5749
3,12.0331,0.4610,0.0934,-0.5902
3,12.0351,0.4612,0.0906,-0.6077
3,12.0371,0.4606,0.0881,-0.6254
3,12.0391,0.4592,0.0863,-0.6413
3,12.0411,0.4573,0.0856,-0.6537
3,12.0431,0.4549,0.0861,-0.6615
3,12.0451,0.4520,0.0879,-0.6645
3,12.0471,0.4489,0.0907,-0.6633
3,12.0491,0.4457,0.0943,-0.6593
3,12.0511,0.4423,0.0981,-0.6542
3,12.0531,0.4389,0.1016,-0.6502
3,12.0551,0.4356,0.1044,-0.6490
3,12.0571,0.4326,0.1062,-0.6520
3,12.0591,0.4299,0.1067,-0.6596
3,12.0611,0.4276,0.1061,-0.6714
3,12.0631,0.4258,0.1045,-0.6863
3,12.0651,0.4246,0.1024,-0.7025
3,12.0671,0.4241,0.1001,-0.7181
3,12.0691,0.4243,0.0980,-0.7311
3,12.0711,0.4251,0.0964,-0.7403
3,12.0731,0.4267,0.0956,-0.7450
3,12.0751,0.4289,0.0954,-0.7455
3,12.0771,0.4315,0.0958,-0.7435
3,12.0791,0.4344,0.0964,-0.7399
3,12.0811,0.4375,0.0973,-0.7353
3,12.0831,0.4407,0.0981,-0.7306
3,12.0851,0.4437,0.0988,-0.7267
3,12.0871,0.4465,0.0992,-0.7243
3,12.0891,0.4489,0.0991,-0.7239
3,12.0911,0.4508,0.0986,-0.7255
3,12.0931,0.4522,0.0978,-0.7287
3,12.0951,0.4530,0.0967,-0.7330
3,12.0971,0.4532,0.0956,-0.7376
3,12.0991,0.4529,0.0946,-0.7415
3,12.1011,0.4520,0.0939,-0.7441
3,12.1031,0.4506,0.0937,-0.7448
3,12.1051,0.4489,0.0938,-0.7437
3,12.1071,0.4467,0.0944,-0.7408
3,12.1091,0.4444,0.0953,-0.7367
3,12.1111,0.4418,0.0963,-0.7323
3,12.1131,0.4392,0.0973,-0.7283
3,12.1151,0.4366,0.0981,-0.7255
3,12.1171,0.4341,0.0986,-0.7244
3,12.1191,0.4318,0.0988,-0.7251
3,12.1211,0.4299,0.0987,-0.7276
3,12.1231,0.4283,0.0984,-0.7313
3,12.1251,0.4272,0.0979,-0.7355
3,12.1271,0.4267,0.0974,-0.7396
3,12.1291,0.4267,0.0970,-0.7432
3,12.1311,0.4273,0.0966,-0.7467
3,12.1331,0.4285,0.0961,-0.7504
3,12.1351,0.4303,0.0955,-0.7549
3,12.1371,0.4327,0.0947,-0.7606
3,12.1391,0.4357,0.0936,-0.7678
3,12.1411,0.4390,0.0923,-0.7762
3,12.1431,0.4427,0.0909,-0.7858
3,12.1451,0.4467,0.0894,-0.7959
3,12.1471,0.4507,0.0882,-0.8058
3,12.1491,0.4547,0.0872,-0.8151
3,12.1511,0.4586,0.0865,-0.8232
3,12.1531,0.4622,0.0863,-0.8299
3,12.1551,0.4654,0.0864,-0.8353
3,12.1571,0.4681,0.0869,-0.8395
3,12.1591,0.4702,0.0875,-0.8432
3,12.1611,0.4716,0.0882,-0.8467
3,12.1631,0.4723,0.0888,-0.8508
3,12.1651,0.4723,0.0892,-0.8558
3,12.1671,0.4716,0.0894,-0.8620
3,12.1691,0.4703,0.0893,-0.8694
3,12.1711,0.4683,0.0889,-0.8777
3,12.1731,0.4657,0.0885,-0.8864
3,12.1751,0.4628,0.0882,-0.8950
3,12.1771,0.4595,0.0880,-0.9028
3,12.1791,0.4559,0.0882,-0.9096
3,12.1811,0.4523,0.0887,-0.9150
3,12.1831,0.4488,0.0894,-0.9192
3,12.1851,0.4454,0.0904,-0.9226
3,12.1871,0.4423,0.0915,-0.9255
3,12.1891,0.4396,0.0926,-0.9287
3,12.1911,0.4374,0.0936,-0.9326
3,12.1931,0.4357,0.0943,-0.9375
3,12.1951,0.4347,0.0947,-0.9435
3,12.1971,0.4341,0.0949,-0.9504
3,12.1991,0.4341,0.0950,-0.9580
3,12.2011,0.4346,0.0950,-0.9655
3,12.2031,0.4355,0.0951,-0.9724
3,12.2051,0.4366,0.0953,-0.9784
3,12.2071,0.4378,0.0957,-0.9841
3,12.2091,0.4391,0.0963,-0.9886
3,12.2111,0.4403,0.0972,-0.9911
3,12.2131,0.4413,0.0985,-0.9908
3,12.2151,0.4422,0.1001,-0.9881
3,12.2171,0.4429,0.1017,-0.9835
3,12.2191,0.4433,0.1030,-0.9782
3,12.2211,0.4436,0.1038,-0.9735
3,12.2231,0.4437,0.1038,-0.9704
3,12.2251,0.4437,0.1029,-0.9696
3,12.2271,0.4435,0.1012,-0.9712
3,12.2291,0.4432,0.0988,-0.9748
3,12.2311,0.4427,0.0962,-0.9794
3,12.2331,0.4421,0.0935,-0.9839
3,12.2351,0.4414,0.0914,-0.9873
3,12.2371,0.4405,0.0899,-0.9886
3,12.2391,0.4396,0.0892,-0.9876
3,12.2411,0.4386,0.0894,-0.9845
3,12.2431,0.4376,0.0904,-0.9801
3,12.2451,0.4367,0.0918,-0.9754
3,12.2471,0.4360,0.0934,-0.9714
3,12.2491,0.4355,0.0949,-0.9693
3,12.2511,0.4353,0.0962,-0.9694
3,12.2531,0.4353,0.0972,-0.9718
3,12.2551,0.4355,0.0978,-0.9759
3,12.2571,0.4359,0.0981,-0.9809
3,12.2591,0.4365,0.0983,-0.9864
3,12.2611,0.4372,0.0984,-0.9920
3,12.2631,0.4381,0.0983,-0.9980
3,12.2651,0.4390,0.0981,-1.0044
3,12.2671,0.4399,0.0978,-1.0113
3,12.2691,0.4409,0.0973,-1.0188
3,12.2711,0.4419,0.0968,-1.0266
3,12.2731,0.4428,0.0964,-1.0347
3,12.2751,0.4437,0.0960,-1.0427
3,12.2771,0.4445,0.0957,-1.0505
3,12.2791,0.4452,0.0957,-1.0577
3,12.2811,0.4457,0.0960,-1.0644
3,12.2831,0.4460,0.0964,-1.0705
3,12.2851,0.4462,0.0971,-1.0762
3,12.2871,0.4462,0.0978,-1.0818
3,12.2891,0.4460,0.0986,-1.0876
3,12.2911,0.4457,0.0994,-1.0937
3,12.2931,0.4453,0.1001,-1.1002
3,12.2951,0.4447,0.1007,-1.1072
3,12.2971,0.4441,0.1012,-1.1145
3,12.2991,0.4434,0.1015,-1.1219
3,12.3011,0.4427,0.1017,-1.1290
3,12.3031,0.4419,0.1019,-1.1356
3,12.3051,0.4412,0.1019,-1.1416
3,12.3071,0.4404,0.1019,-1.1469
3,12.3091,0.4398,0.1018,-1.1517
3,12.3111,0.4392,0.1015,-1.1563
3,12.3131,0.4387,0.1011,-1.1608
3,12.3151,0.4384,0.1006,-1.1657
3,12.3171,0.4382,0.0999,-1.1710
3,12.3191,0.4382,0.0992,-1.1767
3,12.3211,0.4383,0.0985,-1.1828
3,12.3231,0.4385,0.0978,-1.1890
3,12.3251,0.4388,0.0973,-1.1951
3,12.3271,0.4391,0.0971,-1.2008
3,12.3291,0.4395,0.0971,-1.2059
3,12.3311,0.4398,0.0974,-1.2104
3,12.3331,0.4402,0.0978,-1.2144
3,12.3351,0.4405,0.0984,-1.2183
3,12.3371,0.4409,0.0987,-1.2234
3,12.3391,0.4411,0.0988,-1.2288
3,12.3411,0.4413,0.0991,-1.2330
3,12.3431,0.4413,0.0994,-1.2346
3,12.3451,0.4412,0.0999,-1.2333
3,12.3471,0.4410,0.1006,-1.2295
3,12.3491,0.4406,0.1011,-1.2244
3,12.3511,0.4402,0.1014,-1.2195
3,12.3531,0.4398,0.1012,-1.2163
3,12.3551,0.4394,0.1005,-1.2156
3,12.3571,0.4391,0.0993,-1.2177
3,12.3591,0.4389,0.0978,-1.2218
3,12.3611,0.4387,0.0962,-1.2267
3,12.3631,0.4385,0.0947,-1.2309
3,12.3651,0.4383,0.0937,-1.2331
3,12.3671,0.4380,0.0933,-1.2327
3,12.3691,0.4378,0.0934,-1.2298
3,12.3711,0.4375,0.0940,-1.2253
3,12.3731,0.4373,0.0949,-1.2206
3,12.3751,0.4372,0.0958,-1.2171
3,12.3771,0.4372,0.0966,-1.2158
3,12.3791,0.4374,0.0972,-1.2170
3,12.3811,0.4377,0.0976,-1.2205
3,12.3831,0.4381,0.0978,-1.2251
3,12.3851,0.4385,0.0981,-1.2296
3,12.3871,0.4388,0.0984,-1.2325
3,12.3891,0.4391,0.0990,-1.2331
3,12.3911,0.4394,0.0997,-1.2312
3,12.3931,0.4396,0.1004,-1.2275
3,12.3951,0.4397,0.1010,-1.2230
3,12.3971,0.4398,0.1013,-1.2192
3,12.3991,0.4399,0.1011,-1.2171
3,12.4011,0.4401,0.1005,-1.2173
3,12.4031,0.4403,0.0994,-1.2198
3,12.4051,0.4404,0.0980,-1.2237
3,12.4071,0.4406,0.0966,-1.2278
3,12.4091,0.4406,0.0954,-1.2308
3,12.4111,0.4406,0.0945,-1.2320
3,12.4131,0.4405,0.0941,-1.2308
3,12.4151,0.4403,0.0941,-1.2278
3,12.4171,0.4400,0.0945,-1.2237
3,12.4191,0.4397,0.0951,-1.2199
3,12.4211,0.4395,0.0957,-1.2174
3,12.4231,0.4393,0.0962,-1.2170
3,12.4251,0.4391,0.0965,-1.2188
3,12.4271,0.4391,0.0968,-1.2222
3,12.4291,0.4390,0.0970,-1.2263
3,12.4311,0.4389,0.0973,-1.2298
3,12.4331,0.4389,0.0978,-1.2317
3,12.4351,0.4387,0.0985,-1.2315
3,12.4371,0.4385,0.0993,-1.2293
3,12.4391,0.4383,0.1001,-1.2258
3,12.4411,0.4381,0.1008,-1.2221
3,12.4431,0.4380,0.1012,-1.2192
3,12.4451,0.4379,0.1011,-1.2181
3,12.4471,0.4380,0.1005,-1.2190
3,12.4491,0.4381,0.0996,-1.2217
3,12.4511,0.4382,0.0985,-1.2252
3,12.4531,0.4384,0.0973,-1.2285
3,12.4551,0.4386,0.0962,-1.2306
3,12.4571,0.4387,0.0955,-1.2309
3,12.4591,0.4389,0.0951,-1.2293
3,12.4611,0.4389,0.0951,-1.2263
3,12.4631,0.4390,0.0953,-1.2227
3,12.4651,0.4391,0.0956,-1.2197
3,12.4671,0.4393,0.0958,-1.2181
3,12.4691,0.4395,0.0960,-1.2184
3,12.4711,0.4397,0.0961,-1.2204
3,12.4731,0.4400,0.0962,-1.2236
3,12.4751,0.4402,0.0964,-1.2270
3,12.4771,0.4404,0.0967,-1.2296
3,12.4791,0.4405,0.0972,-1.2307
3,12.4811,0.4405,0.0979,-1.2299
3,12.4831,0.4404,0.0987,-1.2276
3,12.4851,0.4403,0.0996,-1.2244
3,12.4871,0.4401,0.1003,-1.2214
3,12.4891,0.4399,0.1006,-1.2194
3,12.4911,0.4397,0.1006,-1.2190
3,12.4931,0.4396,0.1002,-1.2204
3,12.4951,0.4395,0.0994,-1.2230
3,12.4971,0.4393,0.0985,-1.2261
3,12.4991,0.4392,0.0975,-1.2288
3,12.5011,0.4390,0.0967,-1.2301
3,12.5031,0.4388,0.0962,-1.2298
3,12.5051,0.4386,0.0959,-1.2280
3,12.5071,0.4383,0.0959,-1.2251
3,12.5091,0.4381,0.0959,-1.2221
3,12.5111,0.4380,0.0961,-1.2198
3,12.5131,0.4379,0.0962,-1.2189
3,12.5151,0.4379,0.0962,-1.2197
3,12.5171,0.4380,0.0961,-1.2219
3,12.5191,0.4382,0.0961,-1.2248
3,12.5211,0.4384,0.0962,-1.2276
3,12.5231,0.4386,0.0965,-1.2294
3,12.5251,0.4388,0.0970,-1.2298
3,12.5271,0.4389,0.0977,-1.2286
3,12.5291,0.4391,0.0985,-1.2263
3,12.5311,0.4392,0.0993,-1.2235
3,12.5331,0.4393,0.0999,-1.2211
3,12.5351,0.4394,0.1002,-1.2199
3,12.5371,0.4396,0.1002,-1.2201
3,12.5391,0.4397,0.0998,-1.2216
3,12.5411,0.4399,0.0992,-1.2241
3,12.5431,0.4401,0.0984,-1.2268
3,12.5451,0.4402,0.0977,-1.2287
3,12.5471,0.4402,0.0971,-1.2294
3,12.5491,0.4401,0.0966,-1.2287
3,12.5511,0.4400,0.0964,-1.2267
3,12.5531,0.4399,0.0963,-1.2241
3,12.5551,0.4397,0.0963,-1.2216
3,12.5571,0.4396,0.0963,-1.2200
3,12.5591,0.4395,0.0962,-1.2197
3,12.5611,0.4394,0.0961,-1.2208
3,12.5631,0.4393,0.0960,-1.2230
3,12.5651,0.4393,0.0959,-1.2255
3,12.5671,0.4392,0.0960,-1.2277
3,12.5691,0.4391,0.0963,-1.2289
3,12.5711,0.4390,0.0968,-1.2288
3,12.5731,0.4389,0.0975,-1.2275
3,12.5751,0.4387,0.0983,-1.2253
3,12.5771,0.4386,0.0990,-1.2229
3,12.5791,0.4385,0.0996,-1.2211
3,12.5811,0.4384,0.0999,-1.2204
3,12.5831,0.4384,0.0999,-1.2210
3,12.5851,0.4385,0.0996,-1.2227
3,12.5871,0.4386,0.0991,-1.2250
3,12.5891,0.4386,0.0985,-1.2272
3,12.5911,0.4387,0.0980,-1.2286
3,12.5931,0.4388,0.0975,-1.2288
3,12.5951,0.4388,0.0972,-1.2278
3,12.5971,0.4389,0.0970,-1.2258
3,12.5991,0.4389,0.0969,-1.2235
3,12.6011,0.4390,0.0968,-1.2216
3,12.6031,0.4390,0.0967,-1.2205
3,12.6051,0.4392,0.0965,-1.2206
3,12.6071,0.4393,0.0962,-1.2218
3,12.6091,0.4395,0.0960,-1.2239
3,12.6111,0.4396,0.0959,-1.2260
3,12.6131,0.4398,0.0959,-1.2277
3,12.6151,0.4399,0.0962,-1.2284
3,12.6171,0.4399,0.0966,-1.2279
3,12.6191,0.4399,0.0972,-1.2264
3,12.6211,0.4399,0.0979,-1.2244
3,12.6231,0.4398,0.0986,-1.2225
3,12.6251,0.4397,0.0991,-1.2212
3,12.6271,0.4397,0.0993,-1.2210
3,12.6291,0.4396,0.0993,-1.2219
3,12.6311,0.4396,0.0991,-1.2236
3,12.6331,0.4395,0.0988,-1.2256
3,12.6351,0.4394,0.0984,-1.2273
3,12.6371,0.4393,0.0980,-1.2282
3,12.6391,0.4392,0.0977,-1.2281
3,12.6411,0.4390,0.0975,-1.2269
3,12.6431,0.4388,0.0974,-1.2251
3,12.6451,0.4387,0.0973,-1.2231
3,12.6471,0.4385,0.0972,-1.2216
3,12.6491,0.4384,0.0970,-1.2210
3,12.6511,0.4384,0.0967,-1.2214
3,12.6531,0.4384,0.0965,-1.2228
3,12.6551,0.4385,0.0962,-1.2246
3,12.6571,0.4386,0.0960,-1.2264
3,12.6591,0.4386,0.0960,-1.2275
3,12.6611,0.4387,0.0963,-1.2278
3,12.6631,0.4388,0.0967,-1.2271
3,12.6651,0.4389,0.0972,-1.2256
3,12.6671,0.4389,0.0978,-1.2239
3,12.6691,0.4390,0.0983,-1.2223
3,12.6711,0.4391,0.0988,-1.2215
3,12.6731,0.4392,0.0990,-1.2216
3,12.6751,0.4394,0.0990,-1.2226
3,12.6771,0.4395,0.0988,-1.2243
3,12.6791,0.4396,0.0986,-1.2260
3,12.6811,0.4398,0.0983,-1.2273
3,12.6831,0.4398,0.0980,-1.2278
3,12.6851,0.4398,0.0978,-1.2274
3,12.6871,0.4398,0.0977,-1.2261
3,12.6891,0.4397,0.0976,-1.2245
3,12.6911,0.4396,0.0975,-1.2228
3,12.6931,0.4396,0.0973,-1.2218
3,12.6951,0.4395,0.0971,-1.2215
3,12.6971,0.4394,0.0968,-1.2221
3,12.6991,0.4394,0.0964,-1.2234
3,12.7011,0.4394,0.0961,-1.2250
3,12.7031,0.4393,0.0958,-1.2264
3,12.7051,0.4393,0.0958,-1.2272
3,12.7071,0.4392,0.0959,-1.2273
3,12.7091,0.4391,0.0961,-1.2266
3,12.7111,0.4390,0.0965,-1.2253
3,12.7131,0.4389,0.0970,-1.2238
3,12.7151,0.4388,0.0974,-1.2225
3,12.7171,0.4387,0.0977,-1.2218
3,12.7191,0.4387,0.0978,-1.2219
3,12.7211,0.4387,0.0978,-1.2227
3,12.7231,0.4388,0.0976,-1.2240
3,12.7251,0.4388,0.0974,-1.2254
3,12.7271,0.4389,0.0972,-1.2266
3,12.7291,0.4390,0.0969,-1.2273
3,12.7311,0.4390,0.0967,-1.2273
3,12.7331,0.4390,0.0966,-1.2265
3,12.7351,0.4390,0.0966,-1.2253
3,12.7371,0.4390,0.0966,-1.2238
3,12.7391,0.4391,0.0965,-1.2226
3,12.7411,0.4391,0.0964,-1.2218
3,12.7431,0.4392,0.0962,-1.2218
3,12.7451,0.4393,0.0959,-1.2224
3,12.7471,0.4394,0.0957,-1.2235
3,12.7491,0.4395,0.0954,-1.2249
3,12.7511,0.4396,0.0953,-1.2260
3,12.7531,0.4396,0.0952,-1.2268
3,12.7551,0.4397,0.0954,-1.2269
3,12.7571,0.4397,0.0956,-1.2263
3,12.7591,0.4397,0.0960,-1.2253
3,12.7611,0.4396,0.0965,-1.2240
3,12.7631,0.4396,0.0969,-1.2229
3,12.7651,0.4395,0.0972,-1.2222
3,12.7671,0.4395,0.0974,-1.2221
3,12.7691,0.4394,0.0975,-1.2227
3,12.7711,0.4394,0.0974,-1.2237
3,12.7731,0.4394,0.0973,-1.2249
3,12.7751,0.4394,0.0971,-1.2260
3,12.7771,0.4393,0.0969,-1.2268
3,12.7791,0.4393,0.0968,-1.2269
3,12.7811,0.4392,0.0967,-1.2264
3,12.7831,0.4390,0.0967,-1.2255
3,12.7851,0.4389,0.0966,-1.2243
3,12.7871,0.4388,0.0966,-1.2231
3,12.7891,0.4388,0.0965,-1.2224
3,12.7911,0.4387,0.0964,-1.2222
3,12.7931,0.4387,0.0962,-1.2225
3,12.7951,0.4388,0.0959,-1.2234
3,12.7971,0.4388,0.0957,-1.2245
3,12.7991,0.4389,0.0955,-1.2256
3,12.8011,0.4389,0.0954,-1.2263
3,12.8031,0.4390,0.0955,-1.2266
3,12.8051,0.4390,0.0957,-1.2262
3,12.8071,0.4391,0.0960,-1.2254
3,12.8091,0.4391,0.0963,-1.2244
3,12.8111,0.4391,0.0967,-1.2234
3,12.8131,0.4392,0.0970,-1.2227
3,12.8151,0.4392,0.0972,-1.2224
3,12.8171,0.4393,0.0973,-1.2227
3,12.8191,0.4394,0.0973,-1.2235
3,12.8211,0.4395,0.0972,-1.2245
3,12.8231,0.4396,0.0970,-1.2256
3,12.8251,0.4396,0.0969,-1.2263
3,12.8271,0.4397,0.0968,-1.2266
3,12.8291,0.4396,0.0967,-1.2263
3,12.8311,0.4396,0.0967,-1.2256
3,12.8331,0.4396,0.0967,-1.2246
3,12.8351,0.4395,0.0966,-1.2236
3,12.8371,0.4394,0.0966,-1.2228
3,12.8391,0.4394,0.0965,-1.2225
3,12.8411,0.4393,0.0963,-1.2227
3,12.8431,0.4393,0.0961,-1.2233
3,12.8451,0.4393,0.0958,-1.2242
3,12.8471,0.4392,0.0957,-1.2252
3,12.8491,0.4392,0.0956,-1.2259
3,12.8511,0.4392,0.0956,-1.2262
3,12.8531,0.4391,0.0957,-1.2261
3,12.8551,0.4390,0.0959,-1.2255
3,12.8571,0.4390,0.0962,-1.2247
3,12.8591,0.4389,0.0965,-1.2238
3,12.8611,0.4389,0.0968,-1.2231
3,12.8631,0.4389,0.0970,-1.2227
3,12.8651,0.4389,0.0971,-1.2229
3,12.8671,0.4389,0.0972,-1.2235
3,12.8691,0.4389,0.0971,-1.2243
3,12.8711,0.4390,0.0970,-1.2252
3,12.8731,0.4391,0.0969,-1.2259
3,12.8751,0.4391,0.0968,-1.2263
3,12.8771,0.4391,0.0967,-1.2262
3,12.8791,0.4392,0.0967,-1.2256
3,12.8811,0.4392,0.0967,-1.2248
3,12.8831,0.4392,0.0967,-1.2239
3,12.8851,0.4392,0.0967,-1.2232
3,12.8871,0.4392,0.0966,-1.2228
3,12.8891,0.4393,0.0964,-1.2229
3,12.8911,0.4393,0.0962,-1.2233
3,12.8931,0.4394,0.0960,-1.2240
3,12.8951,0.4394,0.0958,-1.2249
3,12.8971,0.4395,0.0957,-1.2255
3,12.8991,0.4395,0.0956,-1.2259
3,12.9011,0.4395,0.0957,-1.2259
3,12.9031,0.4395,0.0959,-1.2255
3,12.9051,0.4395,0.0961,-1.2248
3,12.9071,0.4394,0.0964,-1.2240
3,12.9091,0.4394,0.0966,-1.2234
3,12.9111,0.4393,0.0968,-1.2230
3,12.9131,0.4393,0.0970,-1.2230
3,12.9151,0.4393,0.0970,-1.2234
3,12.9171,0.4393,0.0970,-1.2241
3,12.9191,0.4393,0.0969,-1.2249
3,12.9211,0.4392,0.0969,-1.2256
3,12.9231,0.4392,0.0968,-1.2260
3,12.9251,0.4392,0.0967,-1.2260
3,12.9271,0.4391,0.0967,-1.2256
3,12.9291,0.4391,0.0967,-1.2250
3,12.9311,0.4390,0.0967,-1.2242
3,12.9331,0.4390,0.0967,-1.2236
3,12.9351,0.4389,0.0967,-1.2231
3,12.9371,0.4389,0.0966,-1.2231
3,12.9391,0.4389,0.0965,-1.2234
3,12.9411,0.4389,0.0963,-1.2240
3,12.9431,0.4390,0.0962,-1.2247
3,12.9451,0.4390,0.0962,-1.2254
3,12.9471,0.4391,0.0962,-1.2257
3,12.9491,0.4391,0.0963,-1.2258
3,12.9511,0.4391,0.0965,-1.2254
3,12.9531,0.4391,0.0967,-1.2248
3,12.9551,0.4391,0.0970,-1.2242
3,12.9571,0.4391,0.0973,-1.2236
3,12.9591,0.4392,0.0976,-1.2233
3,12.9611,0.4392,0.0978,-1.2234
3,12.9631,0.4392,0.0979,-1.2238
3,12.9651,0.4392,0.0979,-1.2245
3,12.9671,0.4393,0.0979,-1.2251
3,12.9691,0.4393,0.0979,-1.2256
3,12.9711,0.4393,0.0979,-1.2258
3,12.9731,0.4393,0.0979,-1.2257
3,12.9751,0.4392,0.0980,-1.2252
3,12.9771,0.4391,0.0980,-1.2245
3,12.9791,0.4391,0.0979,-1.2239
3,12.9811,0.4390,0.0978,-1.2235
3,12.9831,0.4390,0.0977,-1.2234
3,12.9851,0.4389,0.0975,-1.2237
3,12.9871,0.4389,0.0973,-1.2242
3,12.9891,0.4389,0.0971,-1.2248
3,12.9911,0.4389,0.0969,-1.2253
3,12.9931,0.4389,0.0968,-1.2256
3,12.9951,0.4389,0.0968,-1.2256
3,12.9971,0.4388,0.0968,-1.2252
3,12.9991,0.4388,0.0970,-1.2247
3,13.0011,0.4388,0.0971,-1.2241
3,13.0031,0.4388,0.0973,-1.2236
3,13.0051,0.4388,0.0975,-1.2235
3,13.0071,0.4388,0.0976,-1.2236
3,13.0091,0.4389,0.0977,-1.2241
3,13.0111,0.4389,0.0977,-1.2247
3,13.0131,0.4390,0.0978,-1.2252
3,13.0151,0.4390,0.0978,-1.2256
3,13.0171,0.4391,0.0979,-1.2257
3,13.0191,0.4391,0.0979,-1.2254
3,13.0211,0.4391,0.0980,-1.2249
3,13.0231,0.4391,0.0980,-1.2244
3,13.0251,0.4391,0.0980,-1.2239
3,13.0271,0.4391,0.0979,-1.2236
3,13.0291,0.4391,0.0978,-1.2236
3,13.0311,0.4391,0.0976,-1.2239
3,13.0331,0.4392,0.0974,-1.2244
3,13.0351,0.4392,0.0972,-1.2249
3,13.0371,0.4392,0.0970,-1.2253
3,13.0391,0.4392,0.0969,-1.2255
3,13.0411,0.4392,0.0969,-1.2253
3,13.0431,0.4391,0.0969,-1.2250
3,13.0451,0.4391,0.0970,-1.2245
3,13.0471,0.4391,0.0971,-1.2240
3,13.0491,0.4390,0.0972,-1.2237
3,13.0511,0.4390,0.0973,-1.2236
3,13.0531,0.4390,0.0974,-1.2238
3,13.0551,0.4390,0.0975,-1.2243
3,13.0571,0.4390,0.0975,-1.2248
3,13.0591,0.4390,0.0976,-1.2252
3,13.0611,0.4390,0.0977,-1.2255
3,13.0631,0.4390,0.0977,-1.2255
3,13.0651,0.4390,0.0978,-1.2252
3,13.0671,0.4389,0.0979,-1.2248
3,13.0691,0.4389,0.0980,-1.2243
3,13.0711,0.4389,0.0980,-1.2239
3,13.0731,0.4389,0.0980,-1.2238
3,13.0751,0.4389,0.0979,-1.2239
3,13.0771,0.4389,0.0977,-1.2242
3,13.0791,0.4389,0.0976,-1.2246
3,13.0811,0.4389,0.0974,-1.2250
3,13.0831,0.4390,0.0972,-1.2253
3,13.0851,0.4390,0.0971,-1.2254
3,13.0871,0.4390,0.0971,-1.2252
3,13.0891,0.4390,0.0971,-1.2248
3,13.0911,0.4390,0.0971,-1.2243
3,13.0931,0.4390,0.0971,-1.2240
3,13.0951,0.4390,0.0972,-1.2237
3,13.0971,0.4390,0.0972,-1.2238
3,13.0991,0.4391,0.0973,-1.2240
3,13.1011,0.4391,0.0973,-1.2244
3,13.1031,0.4391,0.0974,-1.2249
3,13.1051,0.4392,0.0974,-1.2252
3,13.1071,0.4392,0.0975,-1.2253
3,13.1091,0.4392,0.0976,-1.2253
3,13.1111,0.4392,0.0977,-1.2250
3,13.1131,0.4392,0.0978,-1.2246
3,13.1151,0.4391,0.0979,-1.2242
3,13.1171,0.4391,0.0980,-1.2239
3,13.1191,0.4391,0.0980,-1.2239
3,13.1211,0.4391,0.0979,-1.2240
3,13.1231,0.4391,0.0978,-1.2243
3,13.1251,0.4390,0.0976,-1.2247
3,13.1271,0.4390,0.0975,-1.2251
3,13.1291,0.4390,0.0974,-1.2253
3,13.1311,0.4390,0.0973,-1.2252
3,13.1331,0.4390,0.0972,-1.2250
3,13.1351,0.4389,0.0972,-1.2247
3,13.1371,0.4389,0.0972,-1.2243
3,13.1391,0.4389,0.0972,-1.2240
3,13.1411,0.4389,0.0972,-1.2238
3,13.1431,0.4389,0.0972,-1.2239
3,13.1451,0.4389,0.0972,-1.2242
3,13.1471,0.4389,0.0973,-1.2246
3,13.1491,0.4389,0.0973,-1.2249
3,13.1511,0.4390,0.0973,-1.2252
3,13.1531,0.4390,0.0974,-1.2252
3,13.1551,0.4390,0.0975,-1.2251
3,13.1571,0.4390,0.0976,-1.2248
3,13.1591,0.4390,0.0978,-1.2245
3,13.1611,0.4390,0.0978,-1.2242
3,13.1631,0.4390,0.0979,-1.2240
3,13.1651,0.4391,0.0979,-1.2240
3,13.1671,0.4391,0.0979,-1.2242
3,13.1691,0.4391,0.0978,-1.2245
3,13.1711,0.4391,0.0977,-1.2248
3,13.1731,0.4391,0.0976,-1.2251
3,13.1751,0.4392,0.0974,-1.2252
3,13.1771,0.4391,0.0974,-1.2251
3,13.1791,0.4391,0.0973,-1.2249
3,13.1811,0.4391,0.0972,-1.2246
3,13.1831,0.4391,0.0972,-1.2242
3,13.1851,0.4391,0.0972,-1.2240
3,13.1871,0.4391,0.0971,-1.2239
3,13.1891,0.4391,0.0970,-1.2240
3,13.1911,0.4391,0.0970,-1.2242
3,13.1931,0.4391,0.0969,-1.2245
3,13.1951,0.4391,0.0969,-1.2248
3,13.1971,0.4391,0.0969,-1.2250
3,13.1991,0.4392,0.0969,-1.2251
3,13.2011,0.4392,0.0969,-1.2250
3,13.2031,0.4392,0.0970,-1.2248
3,13.2051,0.4392,0.0971,-1.2246
3,13.2071,0.4392,0.0972,-1.2243
3,13.2091,0.4392,0.0973,-1.2241
3,13.2111,0.4392,0.0973,-1.2240
3,13.2131,0.4392,0.0973,-1.2240
3,13.2151,0.4392,0.0972,-1.2242
3,13.2171,0.4392,0.0972,-1.2245
3,13.2191,0.4393,0.0971,-1.2247
3,13.2211,0.4393,0.0970,-1.2249
3,13.2231,0.4393,0.0970,-1.2251
3,13.2251,0.4393,0.0969,-1.2250
3,13.2271,0.4393,0.0969,-1.2249
3,13.2291,0.4393,0.0969,-1.2246
3,13.2311,0.4393,0.0969,-1.2244
3,13.2331,0.4393,0.0969,-1.2241
3,13.2351,0.4393,0.0969,-1.2240
3,13.2371,0.4393,0.0969,-1.2240
3,13.2391,0.4393,0.0969,-1.2241
3,13.2411,0.4393,0.0969,-1.2243
3,13.2431,0.4393,0.0968,-1.2246
3,13.2451,0.4393,0.0968,-1.2248
3,13.2471,0.4393,0.0968,-1.2250
3,13.2491,0.4393,0.0969,-1.2250
3,13.2511,0.4393,0.0969,-1.2249
3,13.2531,0.4392,0.0970,-1.2247
3,13.2551,0.4392,0.0971,-1.2245
3,13.2571,0.4392,0.0972,-1.2243
3,13.2591,0.4392,0.0972,-1.2241
3,13.2611,0.4392,0.0972,-1.2241
3,13.2631,0.4392,0.0972,-1.2241
3,13.2651,0.4392,0.0972,-1.2243
3,13.2671,0.4392,0.0972,-1.2245
3,13.2691,0.4392,0.0971,-1.2247
3,13.2711,0.4392,0.0970,-1.2249
3,13.2731,0.4392,0.0970,-1.2250
3,13.2751,0.4392,0.0969,-1.2250
3,13.2771,0.4392,0.0969,-1.2248
3,13.2791,0.4392,0.0969,-1.2246
3,13.2811,0.4392,0.0969,-1.2244
3,13.2831,0.4392,0.0969,-1.2242
3,13.2851,0.4392,0.0969,-1.2241
3,13.2871,0.4392,0.0969,-1.2241
3,13.2891,0.4392,0.0969,-1.2242
3,13.2911,0.4392,0.0969,-1.2244
3,13.2931,0.4393,0.0969,-1.2246
3,13.2951,0.4393,0.0968,-1.2248
3,13.2971,0.4393,0.0969,-1.2249
3,13.2991,0.4393,0.0969,-1.2249
3,13.3011,0.4393,0.0969,-1.2248
3,13.3031,0.4393,0.0970,-1.2247
3,13.3051,0.4393,0.0971,-1.2245
3,13.3071,0.4393,0.0971,-1.2243
3,13.3091,0.4393,0.0972,-1.2242
3,13.3111,0.4393,0.0972,-1.2241
3,13.3131,0.4393,0.0972,-1.2242
3,13.3151,0.4393,0.0972,-1.2243
3,13.3171,0.4393,0.0971,-1.2245
3,13.3191,0.4393,0.0971,-1.2247
3,13.3211,0.4393,0.0970,-1.2249
3,13.3231,0.4393,0.0970,-1.2249
3,13.3251,0.4393,0.0970,-1.2249
3,13.3271,0.4392,0.0969,-1.2247
3,13.3291,0.4392,0.0969,-1.2245
3,13.3311,0.4392,0.0969,-1.2244
3,13.3331,0.4392,0.0970,-1.2242
3,13.3351,0.4392,0.0969,-1.2241
3,13.3371,0.4392,0.0969,-1.2241
3,13.3391,0.4392,0.0969,-1.2243
3,13.3411,0.4392,0.0969,-1.2244
3,13.3431,0.4392,0.0969,-1.2246
3,13.3451,0.4392,0.0969,-1.2248
3,13.3471,0.4392,0.0969,-1.2249
3,13.3491,0.4392,0.0969,-1.2249
3,13.3511,0.4392,0.0970,-1.2248
3,13.3531,0.4392,0.0970,-1.2246
3,13.3551,0.4392,0.0971,-1.2245
3,13.3571,0.4392,0.0971,-1.2243
3,13.3591,0.4392,0.0972,-1.2242
3,13.3611,0.4392,0.0972,-1.2242
3,13.3631,0.4392,0.0972,-1.2243
3,13.3651,0.4392,0.0971,-1.2244
3,13.3671,0.4393,0.0971,-1.2246
3,13.3691,0.4393,0.0971,-1.2247
3,13.3711,0.4393,0.0970,-1.2248
3,13.3731,0.4393,0.0970,-1.2249
3,13.3751,0.4393,0.0970,-1.2248
3,13.3771,0.4393,0.0970,-1.2247
3,13.3791,0.4393,0.0970,-1.2245
3,13.3811,0.4393,0.0970,-1.2244
3,13.3831,0.4393,0.0970,-1.2242
3,13.3851,0.4393,0.0969,-1.2242
3,13.3871,0.4393,0.0969,-1.2242
3,13.3891,0.4393,0.0969,-1.2243
3,13.3911,0.4393,0.0969,-1.2245
3,13.3931,0.4393,0.0969,-1.2246
3,13.3951,0.4393,0.0969,-1.2247
3,13.3971,0.4393,0.0969,-1.2248
3,13.3991,0.4393,0.0969,-1.2248
3,13.4011,0.4392,0.0970,-1.2247
3,13.4031,0.4392,0.0970,-1.2246
3,13.4051,0.4392,0.0971,-1.2250
3,13.4071,0.4392,0.0971,-1.2512
3,13.4091,0.4392,0.0972,-1.3161
3,13.4111,0.4392,0.0972,-1.4191
3,13.4131,0.4391,0.0972,-1.5598
