bead,t_s,x_mm,y_mm,z_mm
0,0.0010,-0.0000,0.0000,0.0000
0,0.0031,-0.0000,0.0000,0.0000
0,0.0050,-0.0000,0.0000,0.0000
0,0.0070,-0.0000,0.0000,0.0000
0,0.0090,-0.0000,0.0000,0.0000
0,0.0111,-0.0000,0.0000,0.0000
0,0.0131,-0.0000,0.0000,0.0001
0,0.0151,-0.0000,0.0000,0.0001
0,0.0171,-0.0000,0.0000,0.0001
0,0.0191,-0.0000,0.0000,0.0001
0,0.0211,-0.0000,0.0000,0.0000
0,0.0231,-0.0000,0.0000,0.0000
0,0.0251,-0.0000,0.0000,0.0000
0,0.0271,-0.0000,0.0000,0.0000
0,0.0291,-0.0000,0.0000,0.0000
0,0.0311,-0.0000,0.0000,0.0000
0,0.0331,-0.0000,0.0000,0.0000
0,0.0351,-0.0000,0.0000,0.0000
0,0.0370,-0.0000,0.0000,0.0000
0,0.0390,-0.0000,0.0000,0.0000
0,0.0410,-0.0000,0.0000,0.0000
0,0.0430,-0.0000,0.0000,0.0000
0,0.0450,-0.0000,0.0000,0.0000
0,0.0470,-0.0000,0.0000,0.0000
0,0.0490,-0.0000,0.0000,0.0000
0,0.0510,-0.0000,0.0000,0.0000
0,0.0530,-0.0000,0.0000,0.0000
0,0.0550,-0.0000,0.0000,0.0000
0,0.0570,-0.0000,0.0000,0.0000
0,0.0590,-0.0000,0.0000,0.0000
0,0.0610,-0.0000,0.0000,0.0000
0,0.0630,-0.0000,0.0000,0.0000
0,0.0650,-0.0000,0.0000,0.0000
0,0.0670,-0.0000,0.0000,0.0000
0,0.0690,-0.0000,0.0000,0.0000
0,0.0710,-0.0000,0.0000,0.0000
0,0.0730,-0.0000,0.0000,0.0000
0,0.0750,-0.0000,0.0000,0.0000
0,0.0770,-0.0000,0.0000,0.0000
0,0.0790,-0.0000,0.0000,0.0000
0,0.0810,-0.0000,0.0000,0.0000
0,0.0830,-0.0000,0.0000,0.0000
0,0.0850,-0.0000,0.0000,0.0000
0,0.0870,-0.0000,0.0000,0.0000
0,0.0890,-0.0000,0.0000,0.0000
0,0.0910,-0.0000,0.0000,0.0000
0,0.0930,-0.0000,0.0000,0.0000
0,0.0950,-0.0000,0.0000,0.0000
0,0.0970,-0.0000,0.0000,0.0000
0,0.0990,-0.0000,0.0000,0.0000
0,0.1010,-0.0000,0.0000,0.0000
0,0.1030,-0.0000,0.0000,0.0000
0,0.1050,-0.0000,0.0000,0.0000
0,0.1070,-0.0000,0.0000,0.0000
0,0.1090,-0.0000,0.0000,0.0000
0,0.1110,-0.0000,0.0000,0.0000
0,0.1130,-0.0000,0.0000,0.0000
0,0.1150,-0.0000,0.0000,0.0000
0,0.1170,-0.0000,0.0000,0.0000
0,0.1190,-0.0000,0.0000,0.0000
0,0.1210,-0.0000,0.0000,0.0000
0,0.1230,-0.0000,0.0000,0.0000
0,0.1250,-0.0000,0.0000,0.0000
0,0.1270,-0.0000,0.0000,0.0000
0,0.1290,-0.0000,0.0000,0.0000
0,0.1310,-0.0000,0.0000,0.0000
0,0.1330,-0.0000,0.0000,0.0000
0,0.1350,-0.0000,0.0000,0.0000
0,0.1370,-0.0000,0.0000,0.0000
0,0.1390,-0.0000,0.0000,0.0000
0,0.1410,-0.0000,0.0000,0.0000
0,0.1430,-0.0000,0.0000,0.0000
0,0.1450,-0.0000,0.0000,0.0000
0,0.1470,-0.0000,0.0000,0.0000
0,0.1491,-0.0000,0.0000,0.0000
0,0.1511,-0.0000,0.0000,0.0000
0,0.1531,-0.0000,0.0000,0.0000
0,0.1551,-0.0000,0.0000,0.0000
0,0.1571,-0.0000,0.0000,0.0000
0,0.1591,-0.0000,0.0000,0.0000
0,0.1611,-0.0000,0.0000,0.0000
0,0.1631,-0.0000,0.0000,0.0000
0,0.1651,-0.0000,0.0000,0.0000
0,0.1671,-0.0000,0.0000,0.0000
0,0.1691,-0.0000,0.0000,0.0000
0,0.1711,-0.0000,0.0000,0.0000
0,0.1731,-0.0000,0.0000,0.0000
0,0.1751,-0.0000,0.0000,0.0000
0,0.1771,-0.0000,0.0000,0.0000
0,0.1791,-0.0000,0.0000,0.0000
0,0.1811,-0.0000,0.0000,0.0000
0,0.1831,-0.0000,0.0000,0.0000
0,0.1851,-0.0000,0.0000,0.0000
0,0.1871,-0.0000,0.0000,0.0000
0,0.1891,-0.0000,0.0000,0.0000
0,0.1911,-0.0000,0.0000,0.0000
0,0.1931,-0.0000,0.0000,0.0000
0,0.1951,-0.0000,0.0000,0.0000
0,0.1971,-0.0000,0.0000,0.0000
0,0.1991,-0.0000,0.0000,0.0000
0,0.2011,-0.0000,0.0000,0.0000
0,0.2031,-0.0000,0.0000,0.0000
0,0.2051,-0.0000,0.0000,0.0000
0,0.2071,-0.0000,0.0000,0.0000
0,0.2091,-0.0000,0.0000,0.0000
0,0.2111,-0.0000,0.0000,0.0000
0,0.2131,-0.0000,0.0000,0.0000
0,0.2151,-0.0000,0.0000,0.0000
0,0.2171,-0.0000,0.0000,0.0000
0,0.2191,-0.0000,0.0000,0.0000
0,0.2211,-0.0000,0.0000,0.0000
0,0.2231,-0.0000,0.0000,0.0000
0,0.2251,-0.0000,0.0000,0.0000
0,0.2271,-0.0000,0.0000,0.0000
0,0.2291,-0.0000,0.0000,0.0000
0,0.2311,-0.0000,0.0000,0.0000
0,0.2331,-0.0000,0.0000,0.0000
0,0.2351,-0.0000,0.0000,0.0000
0,0.2371,-0.0000,0.0000,0.0000
0,0.2391,-0.0000,0.0000,0.0000
0,0.2411,-0.0000,0.0000,0.0000
0,0.2431,-0.0000,0.0000,0.0000
0,0.2451,-0.0000,0.0000,0.0000
0,0.2471,-0.0000,0.0000,0.0000
0,0.2491,-0.0000,0.0000,0.0000
0,0.2511,-0.0000,0.0000,0.0000
0,0.2531,-0.0000,0.0000,0.0000
0,0.2551,-0.0000,0.0000,0.0000
0,0.2571,-0.0000,0.0000,0.0000
0,0.2591,-0.0000,0.0000,0.0000
0,0.2611,-0.0000,0.0000,0.0000
0,0.2631,-0.0000,0.0000,0.0000
0,0.2651,-0.0000,0.0000,0.0000
0,0.2671,-0.0000,0.0000,0.0000
0,0.2691,-0.0000,0.0000,0.0000
0,0.2711,-0.0000,0.0000,0.0000
0,0.2731,-0.0000,0.0000,0.0000
0,0.2751,-0.0000,0.0000,0.0000
0,0.2771,-0.0000,0.0000,0.0000
0,0.2791,-0.0000,0.0000,0.0000
0,0.2811,-0.0000,0.0000,0.0000
0,0.2831,-0.0000,0.0000,0.0000
0,0.2851,-0.0000,0.0000,0.0000
0,0.2871,-0.0000,0.0000,0.0000
0,0.2891,-0.0000,0.0000,0.0000
0,0.2911,-0.0000,0.0000,0.0000
0,0.2931,-0.0000,0.0000,0.0000
0,0.2951,-0.0000,0.0000,0.0000
0,0.2971,-0.0000,0.0000,0.0000
0,0.2991,-0.0000,0.0000,0.0000
0,0.3011,-0.0000,0.0000,0.0000
0,0.3031,-0.0000,0.0000,0.0000
0,0.3051,-0.0000,0.0000,0.0000
0,0.3071,-0.0000,0.0000,0.0000
0,0.3091,-0.0000,0.0000,0.0000
0,0.3111,-0.0000,0.0000,0.0000
0,0.3131,-0.0000,0.0000,0.0000
0,0.3151,-0.0000,0.0000,0.0000
0,0.3171,-0.0000,0.0000,0.0000
0,0.3191,-0.0000,0.0000,0.0000
0,0.3211,-0.0000,0.0000,0.0000
0,0.3231,-0.0000,0.0000,0.0000
0,0.3251,-0.0000,0.0000,0.0000
0,0.3271,-0.0000,0.0000,0.0000
0,0.3291,-0.0000,0.0000,0.0000
0,0.3311,-0.0000,0.0000,0.0000
0,0.3331,-0.0000,0.0000,0.0000
0,0.3351,-0.0000,0.0000,0.0000
0,0.3371,-0.0000,0.0000,0.0000
0,0.3391,-0.0000,0.0000,0.0000
0,0.3411,-0.0000,0.0000,0.0000
0,0.3431,-0.0000,0.0000,0.0000
0,0.3451,-0.0000,0.0000,0.0000
0,0.3471,-0.0000,0.0000,0.0000
0,0.3491,-0.0000,0.0000,0.0000
0,0.3511,-0.0000,0.0000,0.0000
0,0.3531,-0.0000,0.0000,0.0000
0,0.3551,-0.0000,0.0000,0.0000
0,0.3571,-0.0000,0.0000,0.0000
0,0.3591,-0.0000,0.0000,0.0000
0,0.3611,-0.0000,0.0000,0.0000
0,0.3631,-0.0000,0.0000,0.0000
0,0.3651,-0.0000,0.0000,0.0000
0,0.3671,-0.0000,0.0000,0.0000
0,0.3691,-0.0000,0.0000,0.0000
0,0.3711,-0.0000,0.0000,0.0000
0,0.3731,-0.0000,0.0000,0.0000
0,0.3751,-0.0000,0.0000,0.0000
0,0.3771,-0.0000,0.0000,0.0000
0,0.3791,-0.0000,0.0000,0.0000
0,0.3811,-0.0000,0.0000,0.0000
0,0.3831,-0.0000,0.0000,0.0000
0,0.3851,-0.0000,0.0000,0.0000
0,0.3871,-0.0000,0.0000,0.0000
0,0.3891,-0.0000,0.0000,0.0000
0,0.3911,-0.0000,0.0000,0.0000
0,0.3931,-0.0000,0.0000,0.0000
0,0.3951,-0.0000,0.0000,0.0000
0,0.3971,-0.0000,0.0000,0.0000
0,0.3991,-0.0000,0.0000,0.0000
0,0.4011,-0.0000,0.0000,0.0000
0,0.4031,-0.0000,0.0000,0.0000
0,0.4051,-0.0000,0.0000,0.0000
0,0.4071,-0.0000,0.0000,0.0000
0,0.4091,-0.0000,0.0000,0.0000
0,0.4111,-0.0000,0.0000,0.0000
0,0.4131,-0.0000,0.0000,0.0000
0,0.4151,-0.0000,0.0000,0.0000
0,0.4171,-0.0000,0.0000,0.0000
0,0.4191,-0.0000,0.0000,0.0000
0,0.4211,-0.0000,0.0000,0.0000
0,0.4231,-0.0000,0.0000,0.0000
0,0.4251,-0.0000,0.0000,0.0000
0,0.4271,-0.0000,0.0000,0.0000
0,0.4291,-0.0000,0.0000,0.0000
0,0.4311,-0.0000,0.0000,0.0000
0,0.4331,-0.0000,0.0000,0.0000
0,0.4351,-0.0000,0.0000,0.0000
0,0.4371,-0.0000,0.0000,0.0000
0,0.4391,-0.0000,0.0000,0.0000
0,0.4411,-0.0000,0.0000,0.0000
0,0.4431,-0.0000,0.0000,0.0000
0,0.4451,-0.0000,0.0000,0.0000
0,0.4471,-0.0000,0.0000,0.0000
0,0.4491,-0.0000,0.0000,0.0000
0,0.4511,-0.0000,0.0000,0.0000
0,0.4531,-0.0000,0.0000,0.0000
0,0.4551,-0.0000,0.0000,0.0000
0,0.4571,-0.0000,0.0000,0.0000
0,0.4591,-0.0000,0.0000,0.0000
0,0.4611,-0.0000,0.0000,0.0000
0,0.4631,-0.0000,0.0000,0.0000
0,0.4651,-0.0000,0.0000,0.0000
0,0.4671,-0.0000,0.0000,0.0000
0,0.4691,-0.0000,0.0000,0.0000
0,0.4711,-0.0000,0.0000,0.0000
0,0.4731,-0.0000,0.0000,0.0000
0,0.4751,-0.0000,0.0000,0.0000
0,0.4771,-0.0000,0.0000,0.0000
0,0.4791,-0.0000,0.0000,0.0000
0,0.4811,-0.0000,0.0000,0.0000
0,0.4831,-0.0000,0.0000,0.0000
0,0.4851,-0.0000,0.0000,0.0000
0,0.4871,-0.0000,0.0000,0.0000
0,0.4891,-0.0000,0.0000,0.0000
0,0.4911,-0.0000,0.0000,0.0000
0,0.4931,-0.0000,0.0000,0.0000
0,0.4951,-0.0000,0.0000,0.0000
0,0.4971,-0.0000,0.0000,0.0000
0,0.4991,-0.0000,0.0000,0.0000
0,0.5011,-0.0000,0.0000,0.0000
0,0.5031,0.0000,0.0000,0.0000
0,0.5051,0.0002,0.0000,0.0001
0,0.5071,0.0006,0.0001,0.0001
0,0.5091,0.0015,0.0002,0.0003
0,0.5111,0.0031,0.0003,0.0005
0,0.5131,0.0055,0.0005,0.0008
0,0.5151,0.0089,0.0008,0.0011
0,0.5171,0.0133,0.0011,0.0015
0,0.5191,0.0190,0.0016,0.0019
0,0.5211,0.0259,0.0023,0.0023
0,0.5231,0.0340,0.0030,0.0026
0,0.5251,0.0433,0.0038,0.0028
0,0.5271,0.0536,0.0047,0.0029
0,0.5291,0.0648,0.0057,0.0029
0,0.5311,0.0767,0.0068,0.0029
0,0.5331,0.0892,0.0078,0.0027
0,0.5351,0.1020,0.0088,0.0026
0,0.5371,0.1149,0.0097,0.0024
0,0.5391,0.1277,0.0105,0.0022
0,0.5411,0.1400,0.0111,0.0020
0,0.5431,0.1518,0.0116,0.0019
0,0.5451,0.1628,0.0118,0.0017
0,0.5471,0.1728,0.0118,0.0015
0,0.5491,0.1817,0.0115,0.0013
0,0.5511,0.1894,0.0110,0.0011
0,0.5531,0.1959,0.0102,0.0009
0,0.5551,0.2011,0.0091,0.0007
0,0.5571,0.2051,0.0079,0.0005
0,0.5591,0.2080,0.0065,0.0004
0,0.5611,0.2098,0.0050,0.0004
0,0.5631,0.2108,0.0035,0.0004
0,0.5651,0.2112,0.0020,0.0005
0,0.5671,0.2111,0.0005,0.0007
0,0.5691,0.2108,-0.0007,0.0009
0,0.5711,0.2105,-0.0018,0.0012
0,0.5731,0.2104,-0.0027,0.0016
0,0.5751,0.2108,-0.0032,0.0019
0,0.5771,0.2118,-0.0034,0.0022
0,0.5791,0.2136,-0.0034,0.0025
0,0.5811,0.2164,-0.0030,0.0026
0,0.5831,0.2204,-0.0024,0.0026
0,0.5851,0.2255,-0.0015,0.0025
0,0.5871,0.2315,-0.0006,0.0022
0,0.5891,0.2381,0.0005,0.0017
0,0.5911,0.2451,0.0015,0.0011
0,0.5931,0.2522,0.0025,0.0003
0,0.5951,0.2591,0.0033,-0.0006
0,0.5971,0.2655,0.0039,-0.0014
0,0.5991,0.2712,0.0042,-0.0022
0,0.6011,0.2761,0.0043,-0.0029
0,0.6031,0.2798,0.0040,-0.0033
0,0.6051,0.2823,0.0035,-0.0035
0,0.6071,0.2835,0.0027,-0.0034
0,0.6091,0.2835,0.0016,-0.0031
0,0.6111,0.2821,0.0004,-0.0026
0,0.6131,0.2795,-0.0010,-0.0020
0,0.6151,0.2757,-0.0024,-0.0013
0,0.6171,0.2711,-0.0037,-0.0006
0,0.6191,0.2657,-0.0050,0.0001
0,0.6211,0.2597,-0.0060,0.0006
0,0.6231,0.2535,-0.0068,0.0010
0,0.6251,0.2472,-0.0073,0.0013
0,0.6271,0.2412,-0.0074,0.0015
0,0.6291,0.2355,-0.0070,0.0015
0,0.6311,0.2306,-0.0063,0.0015
0,0.6331,0.2265,-0.0053,0.0015
0,0.6351,0.2235,-0.0039,0.0016
0,0.6371,0.2219,-0.0022,0.0017
0,0.6391,0.2220,-0.0003,0.0018
0,0.6411,0.2238,0.0016,0.0021
0,0.6431,0.2276,0.0035,0.0024
0,0.6451,0.2335,0.0053,0.0026
0,0.6471,0.2413,0.0068,0.0027
0,0.6491,0.2511,0.0079,0.0026
0,0.6511,0.2626,0.0086,0.0024
0,0.6531,0.2756,0.0087,0.0019
0,0.6551,0.2899,0.0084,0.0012
0,0.6571,0.3050,0.0074,0.0003
0,0.6591,0.3208,0.0059,-0.0006
0,0.6611,0.3367,0.0040,-0.0015
0,0.6631,0.3524,0.0016,-0.0023
0,0.6651,0.3677,-0.0011,-0.0029
0,0.6671,0.3821,-0.0039,-0.0034
0,0.6691,0.3954,-0.0068,-0.0036
0,0.6711,0.4073,-0.0095,-0.0036
0,0.6731,0.4177,-0.0120,-0.0034
0,0.6751,0.4264,-0.0141,-0.0031
0,0.6771,0.4332,-0.0157,-0.0026
0,0.6791,0.4384,-0.0167,-0.0022
0,0.6811,0.4418,-0.0170,-0.0017
0,0.6831,0.4437,-0.0167,-0.0014
0,0.6851,0.4442,-0.0156,-0.0011
0,0.6871,0.4435,-0.0140,-0.0009
0,0.6891,0.4420,-0.0117,-0.0007
0,0.6911,0.4399,-0.0091,-0.0006
0,0.6931,0.4375,-0.0061,-0.0005
0,0.6951,0.4352,-0.0030,-0.0003
0,0.6971,0.4333,0.0002,-0.0001
0,0.6991,0.4321,0.0031,0.0002
0,0.7011,0.4319,0.0057,0.0005
0,0.7031,0.4329,0.0079,0.0009
0,0.7051,0.4352,0.0094,0.0012
0,0.7071,0.4391,0.0103,0.0015
0,0.7091,0.4445,0.0105,0.0016
0,0.7111,0.4516,0.0099,0.0017
0,0.7131,0.4604,0.0088,0.0018
0,0.7151,0.4706,0.0072,0.0017
0,0.7171,0.4819,0.0051,0.0015
0,0.7191,0.4938,0.0026,0.0012
0,0.7211,0.5057,0.0001,0.0007
0,0.7231,0.5172,-0.0025,0.0001
0,0.7251,0.5279,-0.0049,-0.0006
0,0.7271,0.5374,-0.0070,-0.0014
0,0.7291,0.5454,-0.0087,-0.0022
0,0.7311,0.5515,-0.0099,-0.0028
0,0.7331,0.5556,-0.0106,-0.0034
0,0.7351,0.5575,-0.0106,-0.0036
0,0.7371,0.5572,-0.0100,-0.0037
0,0.7391,0.5548,-0.0089,-0.0035
0,0.7411,0.5503,-0.0073,-0.0031
0,0.7431,0.5439,-0.0053,-0.0025
0,0.7451,0.5360,-0.0031,-0.0018
0,0.7471,0.5268,-0.0008,-0.0011
0,0.7491,0.5167,0.0015,-0.0004
0,0.7511,0.5060,0.0036,0.0002
0,0.7531,0.4953,0.0054,0.0007
0,0.7551,0.4848,0.0068,0.0011
0,0.7571,0.4751,0.0078,0.0013
0,0.7591,0.4665,0.0082,0.0014
0,0.7611,0.4593,0.0082,0.0015
0,0.7631,0.4539,0.0076,0.0015
0,0.7651,0.4503,0.0065,0.0010
0,0.7671,0.4486,0.0050,-0.0004
0,0.7691,0.4491,0.0030,-0.0033
0,0.7711,0.4515,0.0008,-0.0079
0,0.7731,0.4558,-0.0015,-0.0143
0,0.7751,0.4617,-0.0039,-0.0224
0,0.7771,0.4692,-0.0061,-0.0317
0,0.7791,0.4779,-0.0079,-0.0415
0,0.7811,0.4875,-0.0091,-0.0512
0,0.7831,0.4977,-0.0097,-0.0600
0,0.7851,0.5080,-0.0096,-0.0675
0,0.7871,0.5182,-0.0088,-0.0735
0,0.7891,0.5278,-0.0073,-0.0779
0,0.7911,0.5364,-0.0053,-0.0811
0,0.7931,0.5438,-0.0030,-0.0837
0,0.7951,0.5496,-0.0006,-0.0861
0,0.7971,0.5537,0.0018,-0.0891
0,0.7991,0.5558,0.0038,-0.0931
0,0.8011,0.5558,0.0054,-0.0983
0,0.8031,0.5539,0.0065,-0.1049
0,0.8051,0.5500,0.0070,-0.1126
0,0.8071,0.5445,0.0070,-0.1211
0,0.8091,0.5375,0.0064,-0.1297
0,0.8111,0.5295,0.0053,-0.1379
0,0.8131,0.5206,0.0040,-0.1451
0,0.8151,0.5114,0.0025,-0.1510
0,0.8171,0.5021,0.0009,-0.1554
0,0.8191,0.4932,-0.0006,-0.1584
0,0.8211,0.4848,-0.0020,-0.1603
0,0.8231,0.4774,-0.0032,-0.1618
0,0.8251,0.4710,-0.0043,-0.1633
0,0.8271,0.4661,-0.0051,-0.1655
0,0.8291,0.4626,-0.0057,-0.1690
0,0.8311,0.4606,-0.0061,-0.1739
0,0.8331,0.4603,-0.0062,-0.1804
0,0.8351,0.4616,-0.0060,-0.1882
0,0.8371,0.4644,-0.0055,-0.1968
0,0.8391,0.4686,-0.0047,-0.2058
0,0.8411,0.4739,-0.0036,-0.2146
0,0.8431,0.4803,-0.0024,-0.2235
0,0.8451,0.4873,-0.0010,-0.2313
0,0.8471,0.4948,0.0006,-0.2368
0,0.8491,0.5026,0.0023,-0.2391
0,0.8511,0.5103,0.0041,-0.2379
0,0.8531,0.5177,0.0057,-0.2337
0,0.8551,0.5244,0.0071,-0.2271
0,0.8571,0.5302,0.0080,-0.2195
0,0.8591,0.5347,0.0084,-0.2122
0,0.8611,0.5378,0.0081,-0.2064
0,0.8631,0.5393,0.0072,-0.2031
0,0.8651,0.5391,0.0055,-0.2029
0,0.8671,0.5373,0.0033,-0.2056
0,0.8691,0.5340,0.0007,-0.2109
0,0.8711,0.5293,-0.0020,-0.2176
0,0.8731,0.5236,-0.0045,-0.2246
0,0.8751,0.5171,-0.0067,-0.2307
0,0.8771,0.5102,-0.0082,-0.2347
0,0.8791,0.5030,-0.0091,-0.2359
0,0.8811,0.4960,-0.0091,-0.2341
0,0.8831,0.4893,-0.0083,-0.2296
0,0.8851,0.4832,-0.0069,-0.2232
0,0.8871,0.4778,-0.0050,-0.2158
0,0.8891,0.4734,-0.0028,-0.2089
0,0.8911,0.4700,-0.0006,-0.2034
0,0.8931,0.4677,0.0014,-0.2005
0,0.8951,0.4666,0.0030,-0.2010
0,0.8971,0.4667,0.0040,-0.2054
0,0.8991,0.4679,0.0044,-0.2137
0,0.9011,0.4702,0.0040,-0.2255
0,0.9031,0.4736,0.0029,-0.2395
0,0.9051,0.4780,0.0013,-0.2544
0,0.9071,0.4833,-0.0006,-0.2685
0,0.9091,0.4892,-0.0026,-0.2805
0,0.9111,0.4957,-0.0045,-0.2892
0,0.9131,0.5024,-0.0062,-0.2942
0,0.9151,0.5091,-0.0076,-0.2957
0,0.9171,0.5156,-0.0086,-0.2945
0,0.9191,0.5215,-0.0092,-0.2918
0,0.9211,0.5265,-0.0097,-0.2890
0,0.9231,0.5304,-0.0101,-0.2878
0,0.9251,0.5331,-0.0104,-0.2891
0,0.9271,0.5344,-0.0107,-0.2938
0,0.9291,0.5342,-0.0110,-0.3020
0,0.9311,0.5326,-0.0113,-0.3131
0,0.9331,0.5297,-0.0115,-0.3262
0,0.9351,0.5257,-0.0114,-0.3399
0,0.9371,0.5209,-0.0109,-0.3529
0,0.9391,0.5155,-0.0101,-0.3638
0,0.9411,0.5098,-0.0087,-0.3718
0,0.9431,0.5040,-0.0070,-0.3763
0,0.9451,0.4982,-0.0050,-0.3775
0,0.9471,0.4928,-0.0029,-0.3762
0,0.9491,0.4879,-0.0009,-0.3735
0,0.9511,0.4836,0.0006,-0.3709
0,0.9531,0.4800,0.0015,-0.3696
0,0.9551,0.4772,0.0017,-0.3708
0,0.9571,0.4753,0.0009,-0.3752
0,0.9591,0.4744,-0.0005,-0.3828
0,0.9611,0.4744,-0.0026,-0.3931
0,0.9631,0.4754,-0.0050,-0.4052
0,0.9651,0.4774,-0.0074,-0.4177
0,0.9671,0.4803,-0.0094,-0.4295
0,0.9691,0.4841,-0.0108,-0.4393
0,0.9711,0.4885,-0.0113,-0.4465
0,0.9731,0.4934,-0.0109,-0.4515
0,0.9751,0.4986,-0.0095,-0.4537
0,0.9771,0.5039,-0.0072,-0.4529
0,0.9791,0.5091,-0.0041,-0.4493
0,0.9811,0.5139,-0.0005,-0.4436
0,0.9831,0.5181,0.0032,-0.4370
0,0.9851,0.5215,0.0066,-0.4308
0,0.9871,0.5240,0.0095,-0.4261
0,0.9891,0.5253,0.0114,-0.4238
0,0.9911,0.5256,0.0124,-0.4243
0,0.9931,0.5246,0.0122,-0.4275
0,0.9951,0.5226,0.0111,-0.4328
0,0.9971,0.5197,0.0091,-0.4393
0,0.9991,0.5161,0.0066,-0.4456
0,1.0011,0.5119,0.0038,-0.4507
0,1.0031,0.5074,0.0011,-0.4535
0,1.0051,0.5028,-0.0014,-0.4536
0,1.0071,0.4982,-0.0035,-0.4508
0,1.0091,0.4939,-0.0050,-0.4456
0,1.0111,0.4899,-0.0061,-0.4389
0,1.0131,0.4864,-0.0067,-0.4319
0,1.0151,0.4835,-0.0070,-0.4256
0,1.0171,0.4812,-0.0070,-0.4213
0,1.0191,0.4795,-0.0069,-0.4195
0,1.0211,0.4786,-0.0067,-0.4206
0,1.0231,0.4784,-0.0064,-0.4244
0,1.0251,0.4791,-0.0061,-0.4307
0,1.0271,0.4805,-0.0056,-0.4390
0,1.0291,0.4827,-0.0050,-0.4487
0,1.0311,0.4856,-0.0043,-0.4590
0,1.0331,0.4892,-0.0034,-0.4692
0,1.0351,0.4934,-0.0023,-0.4784
0,1.0371,0.4980,-0.0010,-0.4861
0,1.0391,0.5029,0.0005,-0.4920
0,1.0411,0.5078,0.0021,-0.4961
0,1.0431,0.5127,0.0035,-0.4989
0,1.0451,0.5173,0.0048,-0.5009
0,1.0471,0.5213,0.0057,-0.5028
0,1.0491,0.5248,0.0061,-0.5054
0,1.0511,0.5274,0.0059,-0.5092
0,1.0531,0.5291,0.0051,-0.5146
0,1.0551,0.5299,0.0038,-0.5217
0,1.0571,0.5297,0.0021,-0.5300
0,1.0591,0.5286,0.0001,-0.5392
0,1.0611,0.5267,-0.0019,-0.5485
0,1.0631,0.5241,-0.0038,-0.5572
0,1.0651,0.5208,-0.0052,-0.5648
0,1.0671,0.5172,-0.0062,-0.5707
0,1.0691,0.5132,-0.0066,-0.5749
0,1.0711,0.5091,-0.0065,-0.5777
0,1.0731,0.5050,-0.0058,-0.5794
0,1.0751,0.5010,-0.0048,-0.5806
0,1.0771,0.4974,-0.0036,-0.5823
0,1.0791,0.4941,-0.0023,-0.5849
0,1.0811,0.4914,-0.0012,-0.5890
0,1.0831,0.4893,-0.0003,-0.5948
0,1.0851,0.4879,0.0004,-0.6021
0,1.0871,0.4873,0.0007,-0.6105
0,1.0891,0.4874,0.0009,-0.6196
0,1.0911,0.4883,0.0008,-0.6285
0,1.0931,0.4898,0.0006,-0.6366
0,1.0951,0.4919,0.0005,-0.6434
0,1.0971,0.4946,0.0003,-0.6486
0,1.0991,0.4975,0.0003,-0.6521
0,1.1011,0.5007,0.0003,-0.6544
0,1.1031,0.5037,0.0003,-0.6568
0,1.1051,0.5066,0.0002,-0.6590
0,1.1071,0.5091,0.0003,-0.6607
0,1.1091,0.5113,0.0004,-0.6615
0,1.1111,0.5129,0.0006,-0.6614
0,1.1131,0.5140,0.0009,-0.6603
0,1.1151,0.5145,0.0013,-0.6586
0,1.1171,0.5143,0.0017,-0.6565
0,1.1191,0.5136,0.0020,-0.6544
0,1.1211,0.5123,0.0021,-0.6528
0,1.1231,0.5105,0.0021,-0.6518
0,1.1251,0.5082,0.0018,-0.6518
0,1.1271,0.5056,0.0014,-0.6526
0,1.1291,0.5028,0.0008,-0.6541
0,1.1311,0.4999,0.0001,-0.6560
0,1.1331,0.4971,-0.0006,-0.6579
0,1.1351,0.4944,-0.0012,-0.6594
0,1.1371,0.4920,-0.0017,-0.6602
0,1.1391,0.4900,-0.0020,-0.6602
0,1.1411,0.4884,-0.0021,-0.6594
0,1.1431,0.4874,-0.0021,-0.6579
0,1.1451,0.4869,-0.0020,-0.6561
0,1.1471,0.4870,-0.0017,-0.6542
0,1.1491,0.4877,-0.0015,-0.6526
0,1.1511,0.4889,-0.0013,-0.6516
0,1.1531,0.4905,-0.0011,-0.6516
0,1.1551,0.4925,-0.0011,-0.6528
0,1.1571,0.4948,-0.0011,-0.6559
0,1.1591,0.4973,-0.0014,-0.6611
0,1.1611,0.4999,-0.0017,-0.6684
0,1.1631,0.5024,-0.0021,-0.6774
0,1.1651,0.5049,-0.0024,-0.6875
0,1.1671,0.5072,-0.0024,-0.6978
0,1.1691,0.5093,-0.0021,-0.7075
0,1.1711,0.5110,-0.0014,-0.7158
0,1.1731,0.5124,-0.0004,-0.7224
0,1.1751,0.5134,0.0010,-0.7272
0,1.1771,0.5140,0.0025,-0.7304
0,1.1791,0.5141,0.0041,-0.7325
0,1.1811,0.5138,0.0055,-0.7342
0,1.1831,0.5131,0.0066,-0.7363
0,1.1851,0.5121,0.0072,-0.7395
0,1.1871,0.5107,0.0073,-0.7442
0,1.1891,0.5090,0.0068,-0.7506
0,1.1911,0.5072,0.0058,-0.7585
0,1.1931,0.5053,0.0044,-0.7673
0,1.1951,0.5034,0.0027,-0.7765
0,1.1971,0.5016,0.0010,-0.7852
0,1.1991,0.4999,-0.0006,-0.7929
0,1.2011,0.4985,-0.0018,-0.7990
0,1.2031,0.4972,-0.0027,-0.8034
0,1.2051,0.4963,-0.0031,-0.8063
0,1.2071,0.4957,-0.0032,-0.8082
0,1.2091,0.4955,-0.0029,-0.8097
0,1.2111,0.4955,-0.0023,-0.8117
0,1.2131,0.4959,-0.0016,-0.8146
0,1.2151,0.4966,-0.0009,-0.8191
0,1.2171,0.4975,-0.0002,-0.8252
0,1.2191,0.4987,0.0004,-0.8327
0,1.2211,0.5000,0.0009,-0.8412
0,1.2231,0.5013,0.0013,-0.8501
0,1.2251,0.5027,0.0017,-0.8586
0,1.2271,0.5040,0.0021,-0.8661
0,1.2291,0.5052,0.0024,-0.8721
0,1.2311,0.5063,0.0027,-0.8766
0,1.2331,0.5070,0.0029,-0.8805
0,1.2351,0.5075,0.0029,-0.8832
0,1.2371,0.5076,0.0029,-0.8844
0,1.2391,0.5075,0.0028,-0.8837
0,1.2411,0.5070,0.0027,-0.8813
0,1.2431,0.5063,0.0025,-0.8777
0,1.2451,0.5053,0.0022,-0.8737
0,1.2471,0.5041,0.0018,-0.8700
0,1.2491,0.5027,0.0011,-0.8673
0,1.2511,0.5012,0.0002,-0.8661
0,1.2531,0.4997,-0.0008,-0.8667
0,1.2551,0.4983,-0.0018,-0.8689
0,1.2571,0.4969,-0.0029,-0.8721
0,1.2591,0.4956,-0.0037,-0.8758
0,1.2611,0.4946,-0.0043,-0.8792
0,1.2631,0.4937,-0.0045,-0.8817
0,1.2651,0.4932,-0.0042,-0.8827
0,1.2671,0.4929,-0.0036,-0.8821
0,1.2691,0.4929,-0.0026,-0.8800
0,1.2711,0.4932,-0.0014,-0.8769
0,1.2731,0.4938,-0.0001,-0.8734
0,1.2751,0.4947,0.0011,-0.8702
0,1.2771,0.4958,0.0021,-0.8680
0,1.2791,0.4971,0.0028,-0.8672
0,1.2811,0.4985,0.0031,-0.8680
0,1.2831,0.4999,0.0030,-0.8702
0,1.2851,0.5014,0.0025,-0.8741
0,1.2871,0.5028,0.0016,-0.8796
0,1.2891,0.5040,0.0003,-0.8868
0,1.2911,0.5051,-0.0013,-0.8953
0,1.2931,0.5060,-0.0031,-0.9046
0,1.2951,0.5065,-0.0050,-0.9142
0,1.2971,0.5068,-0.0068,-0.9234
0,1.2991,0.5067,-0.0084,-0.9316
0,1.3011,0.5064,-0.0098,-0.9385
0,1.3031,0.5058,-0.0108,-0.9439
0,1.3051,0.5049,-0.0114,-0.9480
0,1.3071,0.5038,-0.0116,-0.9512
0,1.3091,0.5025,-0.0116,-0.9540
0,1.3111,0.5011,-0.0114,-0.9572
0,1.3131,0.4996,-0.0112,-0.9613
0,1.3151,0.4982,-0.0109,-0.9667
0,1.3171,0.4968,-0.0107,-0.9733
0,1.3191,0.4956,-0.0106,-0.9811
0,1.3211,0.4946,-0.0105,-0.9895
0,1.3231,0.4938,-0.0104,-0.9979
0,1.3251,0.4934,-0.0102,-1.0057
0,1.3271,0.4932,-0.0099,-1.0124
0,1.3291,0.4933,-0.0095,-1.0177
0,1.3311,0.4937,-0.0090,-1.0217
0,1.3331,0.4944,-0.0084,-1.0247
0,1.3351,0.4954,-0.0079,-1.0271
0,1.3371,0.4966,-0.0075,-1.0296
0,1.3391,0.4979,-0.0073,-1.0327
0,1.3411,0.4993,-0.0072,-1.0369
0,1.3431,0.5007,-0.0074,-1.0423
0,1.3451,0.5020,-0.0076,-1.0487
0,1.3471,0.5033,-0.0079,-1.0558
0,1.3491,0.5043,-0.0080,-1.0630
0,1.3511,0.5052,-0.0078,-1.0697
0,1.3531,0.5057,-0.0072,-1.0754
0,1.3551,0.5060,-0.0062,-1.0798
0,1.3571,0.5059,-0.0049,-1.0830
0,1.3591,0.5056,-0.0032,-1.0853
0,1.3611,0.5050,-0.0014,-1.0873
0,1.3631,0.5041,0.0004,-1.0906
0,1.3651,0.5031,0.0020,-1.0945
0,1.3671,0.5019,0.0034,-1.0983
0,1.3691,0.5007,0.0047,-1.1010
0,1.3711,0.4995,0.0058,-1.1020
0,1.3731,0.4983,0.0067,-1.1011
0,1.3751,0.4973,0.0071,-1.0987
0,1.3771,0.4965,0.0071,-1.0952
0,1.3791,0.4959,0.0064,-1.0917
0,1.3811,0.4956,0.0051,-1.0888
0,1.3831,0.4955,0.0032,-1.0873
0,1.3851,0.4956,0.0008,-1.0875
0,1.3871,0.4960,-0.0018,-1.0892
0,1.3891,0.4965,-0.0045,-1.0918
0,1.3911,0.4972,-0.0068,-1.0948
0,1.3931,0.4979,-0.0085,-1.0972
0,1.3951,0.4987,-0.0093,-1.0985
0,1.3971,0.4995,-0.0091,-1.0983
0,1.3991,0.5003,-0.0080,-1.0967
0,1.4011,0.5009,-0.0062,-1.0941
0,1.4031,0.5015,-0.0038,-1.0913
0,1.4051,0.5020,-0.0011,-1.0890
0,1.4071,0.5023,0.0014,-1.0878
0,1.4091,0.5026,0.0036,-1.0881
0,1.4111,0.5027,0.0053,-1.0898
0,1.4131,0.5027,0.0064,-1.0928
0,1.4151,0.5027,0.0068,-1.0968
0,1.4171,0.5025,0.0065,-1.1020
0,1.4191,0.5024,0.0055,-1.1082
0,1.4211,0.5022,0.0039,-1.1152
0,1.4231,0.5020,0.0019,-1.1227
0,1.4251,0.5018,-0.0003,-1.1302
0,1.4271,0.5017,-0.0025,-1.1373
0,1.4291,0.5016,-0.0044,-1.1437
0,1.4311,0.5015,-0.0060,-1.1491
0,1.4331,0.5015,-0.0070,-1.1537
0,1.4351,0.5016,-0.0074,-1.1578
0,1.4371,0.5017,-0.0073,-1.1617
0,1.4391,0.5019,-0.0067,-1.1660
0,1.4411,0.5021,-0.0058,-1.1710
0,1.4431,0.5024,-0.0046,-1.1769
0,1.4451,0.5028,-0.0033,-1.1837
0,1.4471,0.5033,-0.0019,-1.1911
0,1.4491,0.5038,-0.0005,-1.1987
0,1.4511,0.5043,0.0009,-1.2059
0,1.4531,0.5049,0.0022,-1.2126
0,1.4551,0.5054,0.0033,-1.2184
0,1.4571,0.5060,0.0041,-1.2232
0,1.4591,0.5064,0.0046,-1.2274
0,1.4611,0.5068,0.0046,-1.2313
0,1.4631,0.5071,0.0041,-1.2351
0,1.4651,0.5073,0.0031,-1.2394
0,1.4671,0.5073,0.0017,-1.2442
0,1.4691,0.5072,0.0000,-1.2497
0,1.4711,0.5069,-0.0018,-1.2558
0,1.4731,0.5065,-0.0035,-1.2620
0,1.4751,0.5059,-0.0050,-1.2682
0,1.4771,0.5051,-0.0060,-1.2738
0,1.4791,0.5042,-0.0065,-1.2788
0,1.4811,0.5031,-0.0064,-1.2832
0,1.4831,0.5020,-0.0058,-1.2870
0,1.4851,0.5009,-0.0046,-1.2906
0,1.4871,0.4998,-0.0032,-1.2943
0,1.4891,0.4987,-0.0015,-1.2985
0,1.4911,0.4978,0.0001,-1.3036
0,1.4931,0.4971,0.0014,-1.3106
0,1.4951,0.4965,0.0025,-1.3181
0,1.4971,0.4961,0.0035,-1.3240
0,1.4991,0.4959,0.0045,-1.3269
0,1.5011,0.4959,0.0055,-1.3261
0,1.5031,0.4961,0.0063,-1.3219
0,1.5051,0.4965,0.0069,-1.3154
0,1.5071,0.4971,0.0068,-1.3085
0,1.5091,0.4979,0.0060,-1.3029
0,1.5111,0.4988,0.0043,-1.3001
0,1.5131,0.4999,0.0019,-1.3007
0,1.5151,0.5011,-0.0010,-1.3044
0,1.5171,0.5022,-0.0041,-1.3101
0,1.5191,0.5031,-0.0068,-1.3162
0,1.5211,0.5038,-0.0087,-1.3210
0,1.5231,0.5042,-0.0095,-1.3232
0,1.5251,0.5043,-0.0091,-1.3221
0,1.5271,0.5040,-0.0075,-1.3183
0,1.5291,0.5035,-0.0051,-1.3126
0,1.5311,0.5028,-0.0022,-1.3068
0,1.5331,0.5019,0.0007,-1.3025
0,1.5351,0.5010,0.0032,-1.3008
0,1.5371,0.5001,0.0050,-1.3023
0,1.5391,0.4993,0.0060,-1.3065
0,1.5411,0.4986,0.0063,-1.3125
0,1.5431,0.4980,0.0059,-1.3187
0,1.5451,0.4976,0.0052,-1.3241
0,1.5471,0.4973,0.0040,-1.3283
0,1.5491,0.4973,0.0027,-1.3315
0,1.5511,0.4975,0.0012,-1.3341
0,1.5531,0.4980,-0.0004,-1.3370
0,1.5551,0.4988,-0.0020,-1.3407
0,1.5571,0.4998,-0.0035,-1.3457
0,1.5591,0.5011,-0.0049,-1.3523
0,1.5611,0.5025,-0.0058,-1.3600
0,1.5631,0.5040,-0.0062,-1.3683
0,1.5651,0.5055,-0.0060,-1.3764
0,1.5671,0.5069,-0.0050,-1.3838
0,1.5691,0.5083,-0.0033,-1.3899
0,1.5711,0.5094,-0.0010,-1.3947
0,1.5731,0.5104,0.0016,-1.3984
0,1.5751,0.5112,0.0044,-1.4017
0,1.5771,0.5118,0.0068,-1.4052
0,1.5791,0.5123,0.0088,-1.4096
0,1.5811,0.5125,0.0100,-1.4153
0,1.5831,0.5125,0.0104,-1.4223
0,1.5851,0.5123,0.0100,-1.4301
0,1.5871,0.5119,0.0088,-1.4382
0,1.5891,0.5113,0.0072,-1.4458
0,1.5911,0.5105,0.0052,-1.4523
0,1.5931,0.5095,0.0031,-1.4573
0,1.5951,0.5084,0.0010,-1.4609
0,1.5971,0.5071,-0.0008,-1.4635
0,1.5991,0.5058,-0.0024,-1.4659
0,1.6011,0.5045,-0.0037,-1.4687
0,1.6031,0.5034,-0.0046,-1.4727
0,1.6051,0.5024,-0.0052,-1.4781
0,1.6071,0.5015,-0.0053,-1.4849
0,1.6091,0.5009,-0.0049,-1.4925
0,1.6111,0.5005,-0.0040,-1.5003
0,1.6131,0.5002,-0.0027,-1.5075
0,1.6151,0.5000,-0.0009,-1.5137
0,1.6171,0.4999,0.0011,-1.5186
0,1.6191,0.4999,0.0031,-1.5223
0,1.6211,0.5000,0.0049,-1.5256
0,1.6231,0.5002,0.0061,-1.5301
0,1.6251,0.5004,0.0067,-1.5350
0,1.6271,0.5005,0.0068,-1.5389
0,1.6291,0.5006,0.0065,-1.5408
0,1.6311,0.5006,0.0058,-1.5401
0,1.6331,0.5004,0.0049,-1.5370
0,1.6351,0.5002,0.0036,-1.5325
0,1.6371,0.5000,0.0021,-1.5277
0,1.6391,0.4998,0.0004,-1.5240
0,1.6411,0.4998,-0.0016,-1.5223
0,1.6431,0.4998,-0.0037,-1.5229
0,1.6451,0.5000,-0.0056,-1.5257
0,1.6471,0.5001,-0.0071,-1.5298
0,1.6491,0.5003,-0.0080,-1.5340
0,1.6511,0.5003,-0.0081,-1.5371
0,1.6531,0.5002,-0.0072,-1.5383
0,1.6551,0.5000,-0.0056,-1.5372
0,1.6571,0.4996,-0.0033,-1.5343
0,1.6591,0.4993,-0.0007,-1.5305
0,1.6611,0.4989,0.0020,-1.5268
0,1.6631,0.4988,0.0043,-1.5244
0,1.6651,0.4987,0.0060,-1.5241
0,1.6671,0.4989,0.0069,-1.5258
0,1.6691,0.4992,0.0070,-1.5292
0,1.6711,0.4996,0.0064,-1.5332
0,1.6731,0.5001,0.0053,-1.5370
0,1.6751,0.5005,0.0037,-1.5400
0,1.6771,0.5009,0.0018,-1.5426
0,1.6791,0.5012,-0.0004,-1.5454
0,1.6811,0.5014,-0.0029,-1.5491
0,1.6831,0.5015,-0.0054,-1.5542
0,1.6851,0.5015,-0.0079,-1.5608
0,1.6871,0.5014,-0.0102,-1.5686
0,1.6891,0.5010,-0.0120,-1.5771
0,1.6911,0.5005,-0.0132,-1.5854
0,1.6931,0.4997,-0.0135,-1.5929
0,1.6951,0.4987,-0.0131,-1.5990
0,1.6971,0.4976,-0.0118,-1.6037
0,1.6991,0.4963,-0.0100,-1.6074
0,1.7011,0.4951,-0.0079,-1.6108
0,1.7031,0.4940,-0.0059,-1.6147
0,1.7051,0.4931,-0.0041,-1.6197
0,1.7071,0.4924,-0.0028,-1.6260
0,1.7091,0.4920,-0.0021,-1.6336
0,1.7111,0.4919,-0.0021,-1.6418
0,1.7131,0.4921,-0.0026,-1.6500
0,1.7151,0.4924,-0.0035,-1.6573
0,1.7171,0.4929,-0.0046,-1.6631
0,1.7191,0.4936,-0.0059,-1.6674
0,1.7211,0.4943,-0.0072,-1.6704
0,1.7231,0.4951,-0.0084,-1.6727
0,1.7251,0.4960,-0.0095,-1.6752
0,1.7271,0.4969,-0.0105,-1.6786
0,1.7291,0.4978,-0.0113,-1.6834
0,1.7311,0.4988,-0.0118,-1.6896
0,1.7331,0.4996,-0.0119,-1.6969
0,1.7351,0.5002,-0.0115,-1.7045
0,1.7371,0.5007,-0.0104,-1.7116
0,1.7391,0.5010,-0.0087,-1.7178
0,1.7411,0.5010,-0.0064,-1.7227
0,1.7431,0.5008,-0.0038,-1.7264
0,1.7451,0.5004,-0.0011,-1.7295
0,1.7471,0.5000,0.0014,-1.7325
0,1.7491,0.4995,0.0035,-1.7362
0,1.7511,0.4992,0.0049,-1.7411
0,1.7531,0.4989,0.0056,-1.7485
0,1.7551,0.4988,0.0056,-1.7564
0,1.7571,0.4987,0.0053,-1.7625
0,1.7591,0.4986,0.0050,-1.7647
0,1.7611,0.4984,0.0048,-1.7626
0,1.7631,0.4982,0.0046,-1.7568
0,1.7651,0.4981,0.0042,-1.7490
0,1.7671,0.4981,0.0034,-1.7419
0,1.7691,0.4983,0.0019,-1.7374
0,1.7711,0.4987,-0.0002,-1.7369
0,1.7731,0.4994,-0.0028,-1.7405
0,1.7751,0.5002,-0.0055,-1.7467
0,1.7771,0.5010,-0.0078,-1.7537
0,1.7791,0.5016,-0.0091,-1.7590
0,1.7811,0.5020,-0.0092,-1.7611
0,1.7831,0.5020,-0.0079,-1.7593
0,1.7851,0.5018,-0.0055,-1.7543
0,1.7871,0.5014,-0.0024,-1.7477
0,1.7891,0.5010,0.0008,-1.7418
0,1.7911,0.5006,0.0035,-1.7384
0,1.7931,0.5003,0.0054,-1.7388
0,1.7951,0.5001,0.0064,-1.7428
0,1.7971,0.5001,0.0064,-1.7491
0,1.7991,0.5001,0.0057,-1.7559
0,1.8011,0.5000,0.0048,-1.7609
0,1.8031,0.4999,0.0038,-1.7626
0,1.8051,0.4996,0.0030,-1.7605
0,1.8071,0.4993,0.0023,-1.7552
0,1.8091,0.4990,0.0016,-1.7485
0,1.8111,0.4987,0.0007,-1.7423
0,1.8131,0.4986,-0.0006,-1.7385
0,1.8151,0.4988,-0.0023,-1.7383
0,1.8171,0.4991,-0.0042,-1.7416
0,1.8191,0.4995,-0.0060,-1.7472
0,1.8211,0.5000,-0.0073,-1.7533
0,1.8231,0.5003,-0.0077,-1.7580
0,1.8251,0.5005,-0.0071,-1.7598
0,1.8271,0.5006,-0.0054,-1.7582
0,1.8291,0.5004,-0.0029,-1.7538
0,1.8311,0.5002,0.0000,-1.7482
0,1.8331,0.5000,0.0028,-1.7431
0,1.8351,0.4999,0.0050,-1.7402
0,1.8371,0.4999,0.0064,-1.7406
0,1.8391,0.5001,0.0067,-1.7441
0,1.8411,0.5003,0.0061,-1.7496
0,1.8431,0.5006,0.0049,-1.7553
0,1.8451,0.5008,0.0035,-1.7594
0,1.8471,0.5009,0.0022,-1.7607
0,1.8491,0.5008,0.0010,-1.7586
0,1.8511,0.5006,0.0002,-1.7539
0,1.8531,0.5003,-0.0006,-1.7480
0,1.8551,0.5000,-0.0013,-1.7427
0,1.8571,0.4998,-0.0022,-1.7396
0,1.8591,0.4997,-0.0032,-1.7396
0,1.8611,0.4997,-0.0044,-1.7427
0,1.8631,0.4998,-0.0054,-1.7478
0,1.8651,0.4999,-0.0060,-1.7532
0,1.8671,0.4999,-0.0058,-1.7573
0,1.8691,0.4998,-0.0048,-1.7588
0,1.8711,0.4996,-0.0030,-1.7573
0,1.8731,0.4994,-0.0007,-1.7535
0,1.8751,0.4991,0.0019,-1.7485
0,1.8771,0.4989,0.0041,-1.7441
0,1.8791,0.4989,0.0057,-1.7417
0,1.8811,0.4990,0.0063,-1.7421
0,1.8831,0.4993,0.0061,-1.7451
0,1.8851,0.4998,0.0050,-1.7498
0,1.8871,0.5003,0.0035,-1.7547
0,1.8891,0.5007,0.0018,-1.7581
0,1.8911,0.5010,0.0003,-1.7590
0,1.8931,0.5011,-0.0008,-1.7570
0,1.8951,0.5011,-0.0016,-1.7528
0,1.8971,0.5010,-0.0021,-1.7477
0,1.8991,0.5008,-0.0025,-1.7432
0,1.9011,0.5007,-0.0028,-1.7407
0,1.9031,0.5006,-0.0033,-1.7409
0,1.9051,0.5005,-0.0038,-1.7438
0,1.9071,0.5005,-0.0042,-1.7483
0,1.9091,0.5004,-0.0042,-1.7531
0,1.9111,0.5003,-0.0037,-1.7566
0,1.9131,0.5000,-0.0026,-1.7579
0,1.9151,0.4997,-0.0009,-1.7565
0,1.9171,0.4992,0.0011,-1.7531
0,1.9191,0.4988,0.0031,-1.7487
0,1.9211,0.4985,0.0047,-1.7449
0,1.9231,0.4984,0.0056,-1.7429
0,1.9251,0.4985,0.0056,-1.7432
0,1.9271,0.4988,0.0049,-1.7459
0,1.9291,0.4992,0.0035,-1.7500
0,1.9311,0.4996,0.0018,-1.7541
0,1.9331,0.5001,0.0001,-1.7569
0,1.9351,0.5004,-0.0014,-1.7575
0,1.9371,0.5007,-0.0023,-1.7557
0,1.9391,0.5008,-0.0028,-1.7520
0,1.9411,0.5008,-0.0030,-1.7475
0,1.9431,0.5008,-0.0029,-1.7437
0,1.9451,0.5008,-0.0028,-1.7418
0,1.9471,0.5008,-0.0028,-1.7422
0,1.9491,0.5009,-0.0028,-1.7448
0,1.9511,0.5009,-0.0027,-1.7489
0,1.9531,0.5009,-0.0024,-1.7531
0,1.9551,0.5008,-0.0017,-1.7561
0,1.9571,0.5005,-0.0007,-1.7570
0,1.9591,0.5002,0.0007,-1.7557
0,1.9611,0.4997,0.0022,-1.7526
0,1.9631,0.4993,0.0036,-1.7488
0,1.9651,0.4990,0.0046,-1.7455
0,1.9671,0.4988,0.0049,-1.7438
0,1.9691,0.4987,0.0045,-1.7442
0,1.9711,0.4989,0.0035,-1.7465
0,1.9731,0.4991,0.0019,-1.7500
0,1.9751,0.4994,0.0002,-1.7534
0,1.9771,0.4997,-0.0014,-1.7558
0,1.9791,0.5000,-0.0026,-1.7562
0,1.9811,0.5001,-0.0033,-1.7545
0,1.9831,0.5002,-0.0035,-1.7513
0,1.9851,0.5002,-0.0033,-1.7475
0,1.9871,0.5002,-0.0028,-1.7444
0,1.9891,0.5003,-0.0024,-1.7429
0,1.9911,0.5004,-0.0020,-1.7434
0,1.9931,0.5005,-0.0016,-1.7458
0,1.9951,0.5007,-0.0013,-1.7494
0,1.9971,0.5008,-0.0008,-1.7530
0,1.9991,0.5008,-0.0002,-1.7555
0,2.0011,0.5007,0.0007,-1.7562
0,2.0031,0.5005,0.0017,-1.7550
0,2.0051,0.5002,0.0028,-1.7522
0,2.0071,0.4999,0.0036,-1.7488
0,2.0091,0.4997,0.0041,-1.7460
0,2.0111,0.4995,0.0040,-1.7445
0,2.0131,0.4995,0.0033,-1.7449
0,2.0151,0.4995,0.0020,-1.7469
0,2.0171,0.4997,0.0005,-1.7499
0,2.0191,0.4998,-0.0011,-1.7529
0,2.0211,0.4999,-0.0024,-1.7548
0,2.0231,0.5000,-0.0033,-1.7551
0,2.0251,0.5000,-0.0037,-1.7536
0,2.0271,0.4999,-0.0035,-1.7509
0,2.0291,0.4998,-0.0030,-1.7477
0,2.0311,0.4997,-0.0023,-1.7451
0,2.0331,0.4997,-0.0016,-1.7439
0,2.0351,0.4997,-0.0010,-1.7445
0,2.0371,0.4999,-0.0005,-1.7467
0,2.0391,0.5000,-0.0001,-1.7498
0,2.0411,0.5002,0.0003,-1.7529
0,2.0431,0.5003,0.0008,-1.7550
0,2.0451,0.5004,0.0014,-1.7555
0,2.0471,0.5003,0.0020,-1.7543
0,2.0491,0.5003,0.0027,-1.7518
0,2.0511,0.5002,0.0031,-1.7488
0,2.0531,0.5001,0.0032,-1.7463
0,2.0551,0.5001,0.0028,-1.7451
0,2.0571,0.5001,0.0020,-1.7454
0,2.0591,0.5002,0.0008,-1.7472
0,2.0611,0.5003,-0.0006,-1.7498
0,2.0631,0.5004,-0.0019,-1.7523
0,2.0651,0.5004,-0.0029,-1.7540
0,2.0671,0.5004,-0.0034,-1.7542
0,2.0691,0.5003,-0.0035,-1.7529
0,2.0711,0.5000,-0.0031,-1.7506
0,2.0731,0.4998,-0.0023,-1.7479
0,2.0751,0.4996,-0.0015,-1.7458
0,2.0771,0.4995,-0.0007,-1.7449
0,2.0791,0.4994,0.0000,-1.7455
0,2.0811,0.4994,0.0005,-1.7474
0,2.0831,0.4995,0.0008,-1.7501
0,2.0851,0.4996,0.0010,-1.7527
0,2.0871,0.4998,0.0013,-1.7545
0,2.0891,0.4998,0.0016,-1.7548
0,2.0911,0.4999,0.0019,-1.7536
0,2.0931,0.4999,0.0022,-1.7514
0,2.0951,0.4999,0.0023,-1.7488
0,2.0970,0.5000,0.0021,-1.7467
0,2.0990,0.5001,0.0017,-1.7456
0,2.1010,0.5002,0.0009,-1.7459
0,2.1030,0.5004,-0.0002,-1.7474
0,2.1050,0.5006,-0.0013,-1.7501
0,2.1070,0.5008,-0.0025,-1.7534
0,2.1090,0.5009,-0.0034,-1.7571
0,2.1110,0.5010,-0.0040,-1.7605
0,2.1130,0.5009,-0.0043,-1.7635
0,2.1150,0.5008,-0.0040,-1.7657
0,2.1170,0.5006,-0.0034,-1.7675
0,2.1190,0.5003,-0.0025,-1.7689
0,2.1210,0.5000,-0.0014,-1.7705
0,2.1230,0.4997,-0.0003,-1.7725
0,2.1250,0.4994,0.0006,-1.7752
0,2.1270,0.4992,0.0014,-1.7785
0,2.1290,0.4991,0.0018,-1.7822
0,2.1310,0.4990,0.0021,-1.7859
0,2.1330,0.4990,0.0020,-1.7892
0,2.1350,0.4990,0.0019,-1.7919
0,2.1370,0.4991,0.0015,-1.7939
0,2.1390,0.4992,0.0010,-1.7952
0,2.1410,0.4993,0.0004,-1.7964
0,2.1430,0.4996,-0.0005,-1.7984
0,2.1450,0.4998,-0.0014,-1.8009
0,2.1470,0.5001,-0.0023,-1.8030
0,2.1490,0.5004,-0.0028,-1.8040
0,2.1510,0.5005,-0.0030,-1.8036
0,2.1530,0.5006,-0.0029,-1.8019
0,2.1550,0.5006,-0.0024,-1.7995
0,2.1570,0.5006,-0.0018,-1.7972
0,2.1590,0.5005,-0.0013,-1.7957
0,2.1610,0.5005,-0.0009,-1.7955
0,2.1630,0.5006,-0.0006,-1.7968
0,2.1650,0.5006,-0.0005,-1.7990
0,2.1670,0.5006,-0.0005,-1.8015
0,2.1690,0.5005,-0.0005,-1.8034
0,2.1710,0.5004,-0.0003,-1.8042
0,2.1730,0.5003,-0.0001,-1.8036
0,2.1750,0.5000,0.0003,-1.8018
0,2.1770,0.4998,0.0006,-1.7995
0,2.1790,0.4996,0.0007,-1.7974
0,2.1810,0.4995,0.0006,-1.7962
0,2.1830,0.4994,0.0002,-1.7962
0,2.1850,0.4995,-0.0005,-1.7975
0,2.1870,0.4996,-0.0013,-1.7995
0,2.1890,0.4997,-0.0021,-1.8016
0,2.1910,0.4998,-0.0026,-1.8031
0,2.1930,0.4999,-0.0029,-1.8034
0,2.1950,0.5000,-0.0028,-1.8026
0,2.1970,0.5000,-0.0024,-1.8008
0,2.1990,0.5000,-0.0019,-1.7986
0,2.2010,0.5001,-0.0012,-1.7969
0,2.2030,0.5001,-0.0007,-1.7961
0,2.2050,0.5002,-0.0004,-1.7965
0,2.2070,0.5003,-0.0003,-1.7981
0,2.2090,0.5005,-0.0002,-1.8002
0,2.2110,0.5006,-0.0003,-1.8022
0,2.2130,0.5006,-0.0003,-1.8034
0,2.2150,0.5006,-0.0002,-1.8035
0,2.2170,0.5005,-0.0000,-1.8025
0,2.2190,0.5004,0.0002,-1.8006
0,2.2210,0.5002,0.0003,-1.7986
0,2.2230,0.5001,0.0003,-1.7970
0,2.2250,0.5000,-0.0000,-1.7964
0,2.2270,0.4999,-0.0005,-1.7970
0,2.2290,0.4999,-0.0012,-1.7985
0,2.2310,0.4999,-0.0018,-1.8004
0,2.2330,0.5000,-0.0024,-1.8020
0,2.2350,0.5000,-0.0027,-1.8029
0,2.2370,0.4999,-0.0027,-1.8027
0,2.2390,0.4998,-0.0024,-1.8016
0,2.2410,0.4997,-0.0019,-1.7998
0,2.2430,0.4997,-0.0013,-1.7981
0,2.2450,0.4996,-0.0007,-1.7969
0,2.2470,0.4997,-0.0003,-1.7967
0,2.2490,0.4998,-0.0001,-1.7975
0,2.2510,0.4999,-0.0001,-1.7992
0,2.2530,0.5001,-0.0001,-1.8010
0,2.2550,0.5003,-0.0002,-1.8025
0,2.2570,0.5004,-0.0003,-1.8031
0,2.2590,0.5004,-0.0003,-1.8027
0,2.2610,0.5005,-0.0002,-1.8014
0,2.2630,0.5004,-0.0001,-1.7997
0,2.2650,0.5004,-0.0001,-1.7980
0,2.2670,0.5004,-0.0002,-1.7970
0,2.2690,0.5004,-0.0006,-1.7969
0,2.2710,0.5004,-0.0010,-1.7978
0,2.2730,0.5004,-0.0016,-1.7993
0,2.2750,0.5004,-0.0021,-1.8010
0,2.2770,0.5003,-0.0024,-1.8022
0,2.2790,0.5003,-0.0024,-1.8025
0,2.2810,0.5001,-0.0022,-1.8020
0,2.2830,0.5000,-0.0018,-1.8007
0,2.2850,0.4998,-0.0012,-1.7991
0,2.2870,0.4997,-0.0007,-1.7978
0,2.2890,0.4996,-0.0003,-1.7971
0,2.2910,0.4996,-0.0000,-1.7974
0,2.2930,0.4996,0.0000,-1.7985
0,2.2950,0.4997,-0.0001,-1.8005
0,2.2970,0.4999,-0.0004,-1.8030
0,2.2990,0.5001,-0.0007,-1.8060
0,2.3010,0.5003,-0.0011,-1.8091
0,2.3030,0.5005,-0.0015,-1.8122
0,2.3050,0.5007,-0.0017,-1.8149
0,2.3070,0.5008,-0.0017,-1.8172
0,2.3090,0.5009,-0.0016,-1.8192
0,2.3110,0.5009,-0.0014,-1.8210
0,2.3130,0.5009,-0.0011,-1.8228
0,2.3150,0.5009,-0.0008,-1.8249
0,2.3170,0.5009,-0.0005,-1.8274
0,2.3190,0.5008,-0.0002,-1.8303
0,2.3210,0.5008,-0.0000,-1.8335
0,2.3230,0.5007,0.0002,-1.8367
0,2.3250,0.5006,0.0003,-1.8398
0,2.3270,0.5004,0.0005,-1.8426
0,2.3290,0.5003,0.0006,-1.8449
0,2.3310,0.5001,0.0007,-1.8469
0,2.3330,0.4999,0.0006,-1.8495
0,2.3350,0.4998,0.0005,-1.8522
0,2.3370,0.4997,0.0004,-1.8541
0,2.3390,0.4995,0.0004,-1.8546
0,2.3410,0.4993,0.0006,-1.8537
0,2.3430,0.4991,0.0008,-1.8515
0,2.3450,0.4990,0.0011,-1.8489
0,2.3470,0.4989,0.0011,-1.8467
0,2.3490,0.4990,0.0009,-1.8455
0,2.3510,0.4991,0.0005,-1.8458
0,2.3530,0.4994,-0.0002,-1.8473
0,2.3550,0.4998,-0.0009,-1.8497
0,2.3570,0.5002,-0.0016,-1.8520
0,2.3590,0.5005,-0.0020,-1.8535
0,2.3610,0.5007,-0.0021,-1.8538
0,2.3630,0.5008,-0.0018,-1.8527
0,2.3650,0.5009,-0.0013,-1.8506
0,2.3670,0.5009,-0.0006,-1.8483
0,2.3690,0.5008,0.0000,-1.8464
0,2.3710,0.5008,0.0006,-1.8456
0,2.3730,0.5007,0.0008,-1.8462
0,2.3750,0.5007,0.0009,-1.8479
0,2.3770,0.5007,0.0008,-1.8502
0,2.3790,0.5006,0.0006,-1.8524
0,2.3810,0.5005,0.0005,-1.8538
0,2.3830,0.5003,0.0005,-1.8538
0,2.3850,0.5000,0.0005,-1.8527
0,2.3870,0.4998,0.0007,-1.8506
0,2.3890,0.4995,0.0007,-1.8484
0,2.3910,0.4993,0.0007,-1.8466
0,2.3930,0.4992,0.0004,-1.8460
0,2.3950,0.4992,-0.0000,-1.8465
0,2.3970,0.4992,-0.0006,-1.8482
0,2.3990,0.4994,-0.0012,-1.8503
0,2.4010,0.4996,-0.0017,-1.8522
0,2.4030,0.4998,-0.0019,-1.8532
0,2.4050,0.4999,-0.0018,-1.8531
0,2.4070,0.5000,-0.0014,-1.8519
0,2.4090,0.5001,-0.0008,-1.8500
0,2.4110,0.5001,-0.0002,-1.8480
0,2.4130,0.5002,0.0004,-1.8466
0,2.4150,0.5003,0.0008,-1.8462
0,2.4170,0.5005,0.0010,-1.8470
0,2.4190,0.5006,0.0010,-1.8487
0,2.4210,0.5008,0.0008,-1.8508
0,2.4230,0.5009,0.0006,-1.8525
0,2.4250,0.5009,0.0004,-1.8534
0,2.4270,0.5008,0.0004,-1.8531
0,2.4290,0.5007,0.0004,-1.8518
0,2.4310,0.5004,0.0005,-1.8499
0,2.4330,0.5002,0.0005,-1.8480
0,2.4350,0.5000,0.0003,-1.8467
0,2.4370,0.4998,0.0001,-1.8464
0,2.4390,0.4997,-0.0003,-1.8472
0,2.4410,0.4997,-0.0008,-1.8488
0,2.4430,0.4997,-0.0013,-1.8507
0,2.4450,0.4997,-0.0016,-1.8522
0,2.4470,0.4997,-0.0016,-1.8529
0,2.4490,0.4996,-0.0014,-1.8525
0,2.4510,0.4996,-0.0010,-1.8513
0,2.4530,0.4995,-0.0004,-1.8495
0,2.4550,0.4995,0.0001,-1.8479
0,2.4570,0.4996,0.0006,-1.8469
0,2.4590,0.4997,0.0009,-1.8469
0,2.4610,0.4999,0.0010,-1.8478
0,2.4630,0.5001,0.0009,-1.8494
0,2.4650,0.5003,0.0007,-1.8511
0,2.4670,0.5005,0.0004,-1.8524
0,2.4690,0.5007,0.0003,-1.8529
0,2.4710,0.5007,0.0002,-1.8524
0,2.4730,0.5007,0.0002,-1.8511
0,2.4750,0.5007,0.0002,-1.8493
0,2.4770,0.5006,0.0002,-1.8478
0,2.4790,0.5005,0.0001,-1.8469
0,2.4810,0.5004,-0.0002,-1.8469
0,2.4830,0.5004,-0.0005,-1.8479
0,2.4850,0.5003,-0.0009,-1.8497
0,2.4870,0.5003,-0.0013,-1.8522
0,2.4890,0.5003,-0.0017,-1.8552
0,2.4910,0.5003,-0.0020,-1.8584
0,2.4930,0.5003,-0.0020,-1.8615
0,2.4950,0.5003,-0.0019,-1.8641
0,2.4970,0.5003,-0.0016,-1.8664
0,2.4990,0.5003,-0.0011,-1.8682
0,2.5010,0.5003,-0.0005,-1.8699
0,2.5030,0.5003,0.0000,-1.8717
0,2.5050,0.5003,0.0005,-1.8738
0,2.5070,0.5004,0.0009,-1.8763
0,2.5090,0.5005,0.0010,-1.8793
0,2.5110,0.5006,0.0010,-1.8826
0,2.5130,0.5008,0.0009,-1.8860
0,2.5150,0.5009,0.0007,-1.8892
0,2.5170,0.5010,0.0005,-1.8920
0,2.5190,0.5010,0.0002,-1.8943
0,2.5210,0.5009,-0.0001,-1.8964
0,2.5230,0.5009,-0.0004,-1.8989
0,2.5250,0.5008,-0.0008,-1.9000
0,2.5270,0.5006,-0.0011,-1.8999
0,2.5290,0.5004,-0.0013,-1.8997
0,2.5310,0.5001,-0.0014,-1.8995
0,2.5330,0.4999,-0.0015,-1.8993
0,2.5350,0.4996,-0.0014,-1.8992
0,2.5370,0.4994,-0.0013,-1.8993
0,2.5390,0.4992,-0.0011,-1.8994
0,2.5410,0.4990,-0.0008,-1.8997
0,2.5430,0.4989,-0.0005,-1.8999
0,2.5450,0.4988,-0.0002,-1.9000
0,2.5470,0.4988,0.0001,-1.8999
0,2.5490,0.4989,0.0003,-1.8998
0,2.5510,0.4990,0.0005,-1.8998
0,2.5530,0.4992,0.0007,-1.8997
0,2.5550,0.4994,0.0007,-1.8997
0,2.5570,0.4996,0.0006,-1.8998
0,2.5590,0.4999,0.0005,-1.8999
0,2.5610,0.5001,0.0002,-1.8999
0,2.5630,0.5003,-0.0000,-1.9000
0,2.5650,0.5006,-0.0003,-1.8999
0,2.5670,0.5007,-0.0005,-1.8998
0,2.5690,0.5008,-0.0008,-1.8997
0,2.5710,0.5009,-0.0009,-1.8995
0,2.5730,0.5009,-0.0010,-1.8994
0,2.5750,0.5008,-0.0011,-1.8993
0,2.5770,0.5007,-0.0011,-1.8994
0,2.5790,0.5005,-0.0010,-1.8994
0,2.5810,0.5003,-0.0009,-1.8996
0,2.5830,0.5001,-0.0007,-1.8997
0,2.5850,0.4999,-0.0005,-1.8999
0,2.5870,0.4996,-0.0003,-1.9000
0,2.5890,0.4994,-0.0000,-1.9000
0,2.5910,0.4992,0.0002,-1.8999
0,2.5930,0.4991,0.0004,-1.8999
0,2.5950,0.4990,0.0005,-1.8998
0,2.5970,0.4989,0.0005,-1.8997
0,2.5990,0.4989,0.0005,-1.8997
0,2.6010,0.4990,0.0004,-1.8998
0,2.6030,0.4991,0.0002,-1.8998
0,2.6050,0.4993,-0.0000,-1.8999
0,2.6070,0.4994,-0.0003,-1.8999
0,2.6090,0.4997,-0.0005,-1.8999
0,2.6110,0.4999,-0.0007,-1.8998
0,2.6130,0.5001,-0.0009,-1.8997
0,2.6150,0.5003,-0.0010,-1.8996
0,2.6170,0.5004,-0.0010,-1.8995
0,2.6190,0.5006,-0.0010,-1.8994
0,2.6210,0.5007,-0.0009,-1.8994
0,2.6230,0.5007,-0.0008,-1.8995
0,2.6250,0.5007,-0.0007,-1.8996
0,2.6270,0.5006,-0.0005,-1.8997
0,2.6290,0.5005,-0.0003,-1.8998
0,2.6310,0.5004,-0.0001,-1.8999
0,2.6330,0.5002,0.0001,-1.8999
0,2.6350,0.5001,0.0003,-1.8999
0,2.6370,0.4999,0.0004,-1.8999
0,2.6390,0.4997,0.0004,-1.8998
0,2.6410,0.4995,0.0004,-1.8997
0,2.6430,0.4994,0.0004,-1.8997
0,2.6450,0.4992,0.0002,-1.8997
0,2.6470,0.4992,0.0000,-1.8998
0,2.6490,0.4991,-0.0002,-1.8998
0,2.6510,0.4992,-0.0004,-1.8999
0,2.6530,0.4992,-0.0006,-1.8999
0,2.6550,0.4993,-0.0008,-1.8998
0,2.6570,0.4994,-0.0009,-1.8998
0,2.6590,0.4995,-0.0010,-1.8997
0,2.6610,0.4997,-0.0010,-1.8996
0,2.6630,0.4998,-0.0010,-1.8995
0,2.6650,0.5000,-0.0009,-1.8995
0,2.6670,0.5001,-0.0007,-1.8995
0,2.6690,0.5002,-0.0006,-1.8996
1,2.6710,-0.0000,0.0000,0.0000
1,2.6730,-0.0000,0.0000,0.0000
1,2.6750,-0.0000,0.0000,0.0001
1,2.6770,-0.0001,0.0000,0.0001
1,2.6790,-0.0001,0.0000,0.0002
1,2.6810,-0.0001,0.0000,0.0003
1,2.6830,-0.0002,0.0000,0.0003
1,2.6850,-0.0002,0.0000,0.0003
1,2.6870,-0.0003,0.0001,0.0003
1,2.6890,-0.0003,0.0001,0.0003
1,2.6910,-0.0003,0.0001,0.0003
1,2.6930,-0.0004,0.0001,0.0003
1,2.6950,-0.0004,0.0001,0.0002
1,2.6970,-0.0004,0.0001,0.0002
1,2.6990,-0.0004,0.0002,0.0002
1,2.7010,-0.0005,0.0002,0.0002
1,2.7030,-0.0005,0.0002,0.0002
1,2.7050,-0.0005,0.0002,0.0002
1,2.7070,-0.0005,0.0002,0.0002
1,2.7090,-0.0005,0.0002,0.0003
1,2.7110,-0.0005,0.0002,0.0003
1,2.7130,-0.0005,0.0002,0.0003
1,2.7150,-0.0005,0.0002,0.0003
1,2.7170,-0.0005,0.0002,0.0003
1,2.7190,-0.0005,0.0002,0.0003
1,2.7210,-0.0005,0.0002,0.0003
1,2.7230,-0.0005,0.0002,0.0003
1,2.7250,-0.0005,0.0002,0.0003
1,2.7270,-0.0005,0.0002,0.0003
1,2.7290,-0.0005,0.0002,0.0003
1,2.7310,-0.0005,0.0002,0.0003
1,2.7330,-0.0005,0.0002,0.0003
1,2.7350,-0.0005,0.0002,0.0003
1,2.7370,-0.0005,0.0002,0.0003
1,2.7390,-0.0005,0.0002,0.0003
1,2.7410,-0.0005,0.0002,0.0003
1,2.7430,-0.0005,0.0002,0.0003
1,2.7450,-0.0005,0.0002,0.0003
1,2.7470,-0.0005,0.0002,0.0003
1,2.7490,-0.0005,0.0002,0.0003
1,2.7510,-0.0005,0.0002,0.0003
1,2.7530,-0.0005,0.0002,0.0003
1,2.7550,-0.0005,0.0002,0.0003
1,2.7570,-0.0005,0.0002,0.0003
1,2.7590,-0.0005,0.0002,0.0003
1,2.7610,-0.0005,0.0002,0.0003
1,2.7630,-0.0005,0.0002,0.0003
1,2.7650,-0.0005,0.0002,0.0003
1,2.7670,-0.0005,0.0002,0.0003
1,2.7690,-0.0005,0.0002,0.0003
1,2.7710,-0.0005,0.0002,0.0003
1,2.7730,-0.0005,0.0002,0.0003
1,2.7750,-0.0005,0.0002,0.0003
1,2.7770,-0.0005,0.0002,0.0003
1,2.7790,-0.0005,0.0002,0.0003
1,2.7810,-0.0005,0.0002,0.0003
1,2.7830,-0.0005,0.0002,0.0003
1,2.7850,-0.0005,0.0002,0.0003
1,2.7870,-0.0005,0.0002,0.0003
1,2.7890,-0.0005,0.0002,0.0003
1,2.7910,-0.0005,0.0002,0.0003
1,2.7930,-0.0005,0.0002,0.0003
1,2.7950,-0.0005,0.0002,0.0003
1,2.7970,-0.0005,0.0002,0.0003
1,2.7990,-0.0005,0.0002,0.0003
1,2.8010,-0.0005,0.0002,0.0003
1,2.8030,-0.0005,0.0002,0.0003
1,2.8050,-0.0005,0.0002,0.0003
1,2.8070,-0.0005,0.0002,0.0003
1,2.8090,-0.0005,0.0002,0.0003
1,2.8110,-0.0005,0.0002,0.0003
1,2.8130,-0.0005,0.0002,0.0003
1,2.8150,-0.0005,0.0002,0.0003
1,2.8170,-0.0005,0.0002,0.0003
1,2.8190,-0.0005,0.0002,0.0003
1,2.8210,-0.0005,0.0002,0.0003
1,2.8230,-0.0005,0.0002,0.0003
1,2.8250,-0.0005,0.0002,0.0003
1,2.8270,-0.0005,0.0002,0.0003
1,2.8290,-0.0005,0.0002,0.0003
1,2.8310,-0.0005,0.0002,0.0003
1,2.8330,-0.0005,0.0002,0.0003
1,2.8350,-0.0005,0.0002,0.0003
1,2.8370,-0.0005,0.0002,0.0003
1,2.8390,-0.0005,0.0002,0.0003
1,2.8410,-0.0005,0.0002,0.0003
1,2.8430,-0.0005,0.0002,0.0003
1,2.8450,-0.0005,0.0002,0.0003
1,2.8470,-0.0005,0.0002,0.0003
1,2.8490,-0.0005,0.0002,0.0003
1,2.8510,-0.0005,0.0002,0.0003
1,2.8530,-0.0005,0.0002,0.0003
1,2.8550,-0.0005,0.0002,0.0003
1,2.8570,-0.0005,0.0002,0.0003
1,2.8590,-0.0005,0.0002,0.0003
1,2.8610,-0.0005,0.0002,0.0003
1,2.8630,-0.0005,0.0002,0.0003
1,2.8650,-0.0005,0.0002,0.0003
1,2.8670,-0.0005,0.0002,0.0003
1,2.8690,-0.0005,0.0002,0.0003
1,2.8710,-0.0005,0.0002,0.0003
1,2.8730,-0.0005,0.0002,0.0003
1,2.8750,-0.0005,0.0002,0.0003
1,2.8770,-0.0005,0.0002,0.0003
1,2.8790,-0.0005,0.0002,0.0003
1,2.8810,-0.0005,0.0002,0.0003
1,2.8830,-0.0005,0.0002,0.0003
1,2.8850,-0.0005,0.0002,0.0003
1,2.8870,-0.0005,0.0002,0.0003
1,2.8890,-0.0005,0.0002,0.0003
1,2.8910,-0.0005,0.0002,0.0003
1,2.8930,-0.0005,0.0002,0.0003
1,2.8950,-0.0005,0.0002,0.0003
1,2.8970,-0.0005,0.0002,0.0003
1,2.8990,-0.0005,0.0002,0.0003
1,2.9010,-0.0005,0.0002,0.0003
1,2.9030,-0.0005,0.0002,0.0003
1,2.9050,-0.0005,0.0002,0.0003
1,2.9070,-0.0005,0.0002,0.0003
1,2.9090,-0.0005,0.0002,0.0003
1,2.9110,-0.0005,0.0002,0.0003
1,2.9130,-0.0005,0.0002,0.0003
1,2.9150,-0.0005,0.0002,0.0003
1,2.9170,-0.0005,0.0002,0.0003
1,2.9190,-0.0005,0.0002,0.0003
1,2.9210,-0.0005,0.0002,0.0003
1,2.9230,-0.0005,0.0002,0.0003
1,2.9250,-0.0005,0.0002,0.0003
1,2.9270,-0.0005,0.0002,0.0003
1,2.9290,-0.0005,0.0002,0.0003
1,2.9310,-0.0005,0.0002,0.0003
1,2.9330,-0.0005,0.0002,0.0003
1,2.9350,-0.0005,0.0002,0.0003
1,2.9370,-0.0005,0.0002,0.0003
1,2.9390,-0.0005,0.0002,0.0003
1,2.9410,-0.0005,0.0002,0.0003
1,2.9430,-0.0005,0.0002,0.0003
1,2.9450,-0.0005,0.0002,0.0003
1,2.9470,-0.0005,0.0002,0.0003
1,2.9490,-0.0005,0.0002,0.0003
1,2.9510,-0.0005,0.0002,0.0003
1,2.9530,-0.0005,0.0002,0.0003
1,2.9550,-0.0005,0.0002,0.0003
1,2.9570,-0.0005,0.0002,0.0003
1,2.9590,-0.0005,0.0002,0.0003
1,2.9610,-0.0005,0.0002,0.0003
1,2.9630,-0.0005,0.0002,0.0003
1,2.9650,-0.0005,0.0002,0.0003
1,2.9670,-0.0005,0.0002,0.0003
1,2.9690,-0.0005,0.0002,0.0003
1,2.9710,-0.0005,0.0002,0.0003
1,2.9730,-0.0005,0.0002,0.0003
1,2.9750,-0.0005,0.0002,0.0003
1,2.9770,-0.0005,0.0002,0.0003
1,2.9790,-0.0005,0.0002,0.0003
1,2.9810,-0.0005,0.0002,0.0003
1,2.9830,-0.0005,0.0002,0.0003
1,2.9850,-0.0005,0.0002,0.0003
1,2.9870,-0.0005,0.0002,0.0003
1,2.9890,-0.0005,0.0002,0.0003
1,2.9910,-0.0005,0.0002,0.0003
1,2.9930,-0.0005,0.0002,0.0003
1,2.9950,-0.0005,0.0002,0.0003
1,2.9970,-0.0005,0.0002,0.0003
1,2.9990,-0.0005,0.0002,0.0003
1,3.0010,-0.0005,0.0002,0.0003
1,3.0030,-0.0005,0.0002,0.0003
1,3.0050,-0.0005,0.0002,0.0003
1,3.0070,-0.0005,0.0002,0.0003
1,3.0090,-0.0005,0.0002,0.0003
1,3.0110,-0.0005,0.0002,0.0003
1,3.0130,-0.0005,0.0002,0.0003
1,3.0150,-0.0005,0.0002,0.0003
1,3.0170,-0.0005,0.0002,0.0003
1,3.0190,-0.0005,0.0002,0.0003
1,3.0210,-0.0005,0.0002,0.0003
1,3.0230,-0.0005,0.0002,0.0003
1,3.0250,-0.0005,0.0002,0.0003
1,3.0270,-0.0005,0.0002,0.0003
1,3.0290,-0.0005,0.0002,0.0003
1,3.0310,-0.0005,0.0002,0.0003
1,3.0330,-0.0005,0.0002,0.0003
1,3.0350,-0.0005,0.0002,0.0003
1,3.0370,-0.0005,0.0002,0.0003
1,3.0390,-0.0005,0.0002,0.0003
1,3.0410,-0.0005,0.0002,0.0003
1,3.0430,-0.0005,0.0002,0.0003
1,3.0450,-0.0005,0.0002,0.0003
1,3.0470,-0.0005,0.0002,0.0003
1,3.0490,-0.0005,0.0002,0.0003
1,3.0510,-0.0005,0.0002,0.0003
1,3.0530,-0.0005,0.0002,0.0003
1,3.0550,-0.0005,0.0002,0.0003
1,3.0570,-0.0005,0.0002,0.0003
1,3.0590,-0.0005,0.0002,0.0003
1,3.0610,-0.0005,0.0002,0.0003
1,3.0630,-0.0005,0.0002,0.0003
1,3.0650,-0.0005,0.0002,0.0003
1,3.0670,-0.0005,0.0002,0.0003
1,3.0690,-0.0005,0.0002,0.0003
1,3.0710,-0.0005,0.0002,0.0003
1,3.0730,-0.0005,0.0002,0.0003
1,3.0750,-0.0005,0.0002,0.0003
1,3.0770,-0.0005,0.0002,0.0003
1,3.0790,-0.0005,0.0002,0.0003
1,3.0810,-0.0005,0.0002,0.0003
1,3.0830,-0.0005,0.0002,0.0003
1,3.0850,-0.0005,0.0002,0.0003
1,3.0870,-0.0005,0.0002,0.0003
1,3.0890,-0.0005,0.0002,0.0003
1,3.0910,-0.0005,0.0002,0.0003
1,3.0930,-0.0005,0.0002,0.0003
1,3.0950,-0.0005,0.0002,0.0003
1,3.0970,-0.0005,0.0002,0.0003
1,3.0990,-0.0005,0.0002,0.0003
1,3.1010,-0.0005,0.0002,0.0003
1,3.1030,-0.0005,0.0002,0.0003
1,3.1050,-0.0005,0.0002,0.0003
1,3.1070,-0.0005,0.0002,0.0003
1,3.1090,-0.0005,0.0002,0.0003
1,3.1110,-0.0005,0.0002,0.0003
1,3.1130,-0.0005,0.0002,0.0003
1,3.1150,-0.0005,0.0002,0.0003
1,3.1170,-0.0005,0.0002,0.0003
1,3.1190,-0.0005,0.0002,0.0003
1,3.1210,-0.0005,0.0002,0.0003
1,3.1230,-0.0005,0.0002,0.0003
1,3.1250,-0.0005,0.0002,0.0003
1,3.1270,-0.0005,0.0002,0.0003
1,3.1290,-0.0005,0.0002,0.0003
1,3.1310,-0.0005,0.0002,0.0003
1,3.1330,-0.0005,0.0002,0.0003
1,3.1350,-0.0005,0.0002,0.0003
1,3.1370,-0.0005,0.0002,0.0003
1,3.1390,-0.0005,0.0002,0.0003
1,3.1410,-0.0005,0.0002,0.0003
1,3.1430,-0.0005,0.0002,0.0003
1,3.1450,-0.0005,0.0002,0.0003
1,3.1470,-0.0005,0.0002,0.0003
1,3.1490,-0.0005,0.0002,0.0003
1,3.1510,-0.0005,0.0002,0.0003
1,3.1530,-0.0005,0.0002,0.0003
1,3.1550,-0.0005,0.0002,0.0003
1,3.1570,-0.0005,0.0002,0.0003
1,3.1590,-0.0005,0.0002,0.0003
1,3.1610,-0.0005,0.0002,0.0003
1,3.1630,-0.0005,0.0002,0.0003
1,3.1650,-0.0005,0.0002,0.0003
1,3.1670,-0.0005,0.0002,0.0003
1,3.1690,-0.0005,0.0002,0.0003
1,3.1710,-0.0005,0.0002,0.0003
1,3.1730,-0.0005,0.0002,0.0003
1,3.1750,-0.0004,0.0002,0.0003
1,3.1770,-0.0001,0.0003,0.0003
1,3.1790,0.0005,0.0004,0.0003
1,3.1810,0.0017,0.0005,0.0004
1,3.1830,0.0035,0.0008,0.0006
1,3.1850,0.0062,0.0012,0.0008
1,3.1870,0.0098,0.0018,0.0010
1,3.1890,0.0145,0.0025,0.0012
1,3.1910,0.0202,0.0034,0.0014
1,3.1930,0.0270,0.0045,0.0017
1,3.1950,0.0349,0.0057,0.0018
1,3.1970,0.0437,0.0071,0.0020
1,3.1990,0.0534,0.0087,0.0021
1,3.2010,0.0637,0.0103,0.0021
1,3.2030,0.0747,0.0120,0.0021
1,3.2050,0.0859,0.0137,0.0021
1,3.2070,0.0973,0.0154,0.0021
1,3.2090,0.1086,0.0170,0.0021
1,3.2110,0.1197,0.0184,0.0020
1,3.2130,0.1302,0.0197,0.0019
1,3.2150,0.1401,0.0208,0.0018
1,3.2170,0.1492,0.0216,0.0017
1,3.2190,0.1573,0.0221,0.0015
1,3.2210,0.1643,0.0223,0.0013
1,3.2230,0.1703,0.0222,0.0011
1,3.2250,0.1751,0.0218,0.0008
1,3.2270,0.1788,0.0212,0.0006
1,3.2290,0.1815,0.0202,0.0005
1,3.2310,0.1832,0.0191,0.0004
1,3.2330,0.1841,0.0178,0.0004
1,3.2350,0.1843,0.0165,0.0004
1,3.2370,0.1841,0.0152,0.0006
1,3.2390,0.1837,0.0140,0.0008
1,3.2410,0.1832,0.0129,0.0011
1,3.2430,0.1828,0.0120,0.0013
1,3.2450,0.1828,0.0114,0.0016
1,3.2470,0.1834,0.0111,0.0018
1,3.2490,0.1847,0.0111,0.0019
1,3.2510,0.1867,0.0115,0.0019
1,3.2530,0.1899,0.0121,0.0019
1,3.2550,0.1941,0.0131,0.0018
1,3.2570,0.1992,0.0143,0.0016
1,3.2590,0.2050,0.0156,0.0012
1,3.2610,0.2112,0.0170,0.0008
1,3.2630,0.2175,0.0184,0.0003
1,3.2650,0.2238,0.0196,-0.0002
1,3.2670,0.2296,0.0207,-0.0007
1,3.2690,0.2350,0.0215,-0.0013
1,3.2710,0.2395,0.0219,-0.0017
1,3.2730,0.2431,0.0221,-0.0021
1,3.2750,0.2456,0.0218,-0.0023
1,3.2770,0.2469,0.0212,-0.0023
1,3.2790,0.2471,0.0203,-0.0022
1,3.2810,0.2460,0.0191,-0.0020
1,3.2830,0.2439,0.0178,-0.0016
1,3.2850,0.2407,0.0162,-0.0011
1,3.2870,0.2366,0.0147,-0.0006
1,3.2890,0.2318,0.0132,0.0000
1,3.2910,0.2266,0.0118,0.0005
1,3.2930,0.2210,0.0107,0.0010
1,3.2950,0.2154,0.0098,0.0014
1,3.2970,0.2099,0.0093,0.0016
1,3.2990,0.2049,0.0092,0.0018
1,3.3010,0.2004,0.0095,0.0018
1,3.3030,0.1967,0.0102,0.0018
1,3.3050,0.1940,0.0113,0.0017
1,3.3070,0.1924,0.0127,0.0015
1,3.3090,0.1922,0.0145,0.0014
1,3.3110,0.1937,0.0165,0.0013
1,3.3130,0.1969,0.0187,0.0013
1,3.3150,0.2018,0.0210,0.0013
1,3.3170,0.2086,0.0233,0.0013
1,3.3190,0.2170,0.0254,0.0014
1,3.3210,0.2270,0.0274,0.0013
1,3.3230,0.2384,0.0291,0.0011
1,3.3250,0.2508,0.0304,0.0009
1,3.3270,0.2641,0.0312,0.0005
1,3.3290,0.2778,0.0315,-0.0000
1,3.3310,0.2917,0.0314,-0.0006
1,3.3330,0.3053,0.0307,-0.0012
1,3.3350,0.3185,0.0296,-0.0017
1,3.3370,0.3308,0.0282,-0.0020
1,3.3390,0.3421,0.0264,-0.0023
1,3.3410,0.3521,0.0244,-0.0024
1,3.3430,0.3608,0.0224,-0.0023
1,3.3450,0.3679,0.0203,-0.0021
1,3.3470,0.3734,0.0185,-0.0017
1,3.3490,0.3774,0.0170,-0.0012
1,3.3510,0.3800,0.0158,-0.0006
1,3.3530,0.3812,0.0152,0.0000
1,3.3550,0.3813,0.0151,0.0006
1,3.3570,0.3805,0.0157,0.0010
1,3.3590,0.3791,0.0168,0.0014
1,3.3610,0.3772,0.0186,0.0016
1,3.3630,0.3753,0.0209,0.0016
1,3.3650,0.3735,0.0236,0.0016
1,3.3670,0.3723,0.0266,0.0014
1,3.3690,0.3717,0.0299,0.0012
1,3.3710,0.3721,0.0332,0.0010
1,3.3730,0.3736,0.0364,0.0008
1,3.3750,0.3764,0.0393,0.0007
1,3.3770,0.3804,0.0419,0.0006
1,3.3790,0.3859,0.0440,0.0006
1,3.3810,0.3926,0.0455,0.0006
1,3.3830,0.4007,0.0463,0.0007
1,3.3850,0.4101,0.0465,0.0008
1,3.3870,0.4202,0.0460,0.0009
1,3.3890,0.4308,0.0448,0.0008
1,3.3910,0.4413,0.0428,0.0006
1,3.3930,0.4513,0.0403,0.0001
1,3.3950,0.4606,0.0372,-0.0005
1,3.3970,0.4686,0.0338,-0.0012
1,3.3990,0.4752,0.0303,-0.0018
1,3.4010,0.4801,0.0268,-0.0023
1,3.4030,0.4831,0.0236,-0.0026
1,3.4050,0.4842,0.0208,-0.0026
1,3.4070,0.4834,0.0186,-0.0022
1,3.4090,0.4808,0.0171,-0.0016
1,3.4110,0.4764,0.0165,-0.0007
1,3.4130,0.4704,0.0167,0.0002
1,3.4150,0.4632,0.0177,0.0012
1,3.4170,0.4550,0.0195,0.0020
1,3.4190,0.4462,0.0220,0.0026
1,3.4210,0.4370,0.0251,0.0029
1,3.4230,0.4279,0.0285,0.0028
1,3.4250,0.4192,0.0322,0.0025
1,3.4270,0.4112,0.0360,0.0019
1,3.4290,0.4043,0.0396,0.0012
1,3.4310,0.3986,0.0429,0.0005
1,3.4330,0.3945,0.0457,-0.0000
1,3.4350,0.3920,0.0479,-0.0003
1,3.4370,0.3915,0.0494,-0.0004
1,3.4390,0.3930,0.0502,-0.0001
1,3.4410,0.3968,0.0501,0.0004
1,3.4430,0.4027,0.0493,0.0011
1,3.4450,0.4108,0.0478,0.0019
1,3.4470,0.4209,0.0457,0.0026
1,3.4490,0.4328,0.0431,0.0031
1,3.4510,0.4463,0.0401,0.0034
1,3.4530,0.4609,0.0370,0.0033
1,3.4550,0.4764,0.0339,0.0029
1,3.4570,0.4922,0.0310,0.0022
1,3.4590,0.5081,0.0285,0.0013
1,3.4610,0.5235,0.0265,0.0004
1,3.4630,0.5382,0.0251,-0.0005
1,3.4650,0.5518,0.0245,-0.0012
1,3.4670,0.5640,0.0246,-0.0018
1,3.4690,0.5745,0.0255,-0.0021
1,3.4710,0.5833,0.0270,-0.0022
1,3.4730,0.5901,0.0292,-0.0020
1,3.4750,0.5949,0.0318,-0.0018
1,3.4770,0.5978,0.0348,-0.0015
1,3.4790,0.5989,0.0379,-0.0012
1,3.4810,0.5983,0.0411,-0.0009
1,3.4830,0.5963,0.0440,-0.0007
1,3.4850,0.5932,0.0467,-0.0006
1,3.4870,0.5894,0.0490,-0.0006
1,3.4890,0.5852,0.0509,-0.0006
1,3.4910,0.5810,0.0521,-0.0005
1,3.4930,0.5771,0.0529,-0.0004
1,3.4950,0.5741,0.0531,-0.0001
1,3.4970,0.5721,0.0528,0.0004
1,3.4990,0.5715,0.0521,0.0010
1,3.5010,0.5725,0.0511,0.0017
1,3.5030,0.5752,0.0499,0.0024
1,3.5050,0.5798,0.0487,0.0031
1,3.5070,0.5862,0.0474,0.0036
1,3.5090,0.5944,0.0464,0.0039
1,3.5110,0.6042,0.0455,0.0040
1,3.5130,0.6156,0.0451,0.0038
1,3.5150,0.6284,0.0451,0.0034
1,3.5170,0.6419,0.0454,0.0026
1,3.5190,0.6556,0.0461,0.0016
1,3.5210,0.6691,0.0470,0.0003
1,3.5230,0.6816,0.0480,-0.0011
1,3.5250,0.6929,0.0490,-0.0025
1,3.5270,0.7023,0.0499,-0.0039
1,3.5290,0.7097,0.0507,-0.0050
1,3.5310,0.7148,0.0513,-0.0058
1,3.5330,0.7173,0.0515,-0.0062
1,3.5350,0.7172,0.0515,-0.0062
1,3.5370,0.7146,0.0511,-0.0058
1,3.5390,0.7097,0.0505,-0.0050
1,3.5410,0.7025,0.0497,-0.0039
1,3.5430,0.6934,0.0487,-0.0026
1,3.5450,0.6828,0.0478,-0.0013
1,3.5470,0.6712,0.0469,0.0000
1,3.5490,0.6589,0.0461,0.0012
1,3.5510,0.6466,0.0456,0.0022
1,3.5530,0.6346,0.0453,0.0028
1,3.5550,0.6234,0.0454,0.0032
1,3.5570,0.6136,0.0459,0.0034
1,3.5590,0.6054,0.0467,0.0033
1,3.5610,0.5992,0.0479,0.0032
1,3.5630,0.5952,0.0493,0.0030
1,3.5650,0.5936,0.0509,0.0028
1,3.5670,0.5945,0.0526,0.0027
1,3.5690,0.5981,0.0544,0.0027
1,3.5710,0.6044,0.0560,0.0028
1,3.5730,0.6133,0.0575,0.0030
1,3.5750,0.6245,0.0587,0.0032
1,3.5770,0.6379,0.0596,0.0033
1,3.5790,0.6531,0.0601,0.0032
1,3.5810,0.6696,0.0602,0.0029
1,3.5830,0.6869,0.0598,0.0023
1,3.5850,0.7047,0.0591,0.0015
1,3.5870,0.7224,0.0580,0.0005
1,3.5890,0.7395,0.0566,-0.0007
1,3.5910,0.7557,0.0551,-0.0018
1,3.5930,0.7704,0.0535,-0.0029
1,3.5950,0.7835,0.0519,-0.0038
1,3.5970,0.7946,0.0505,-0.0044
1,3.5990,0.8035,0.0494,-0.0046
1,3.6010,0.8102,0.0486,-0.0045
1,3.6030,0.8147,0.0483,-0.0041
1,3.6050,0.8170,0.0484,-0.0034
1,3.6070,0.8173,0.0491,-0.0025
1,3.6090,0.8157,0.0502,-0.0016
1,3.6110,0.8127,0.0518,-0.0006
1,3.6130,0.8084,0.0538,0.0002
1,3.6150,0.8033,0.0561,0.0010
1,3.6170,0.7978,0.0587,0.0015
1,3.6190,0.7923,0.0613,0.0019
1,3.6210,0.7872,0.0639,0.0021
1,3.6230,0.7829,0.0664,0.0023
1,3.6250,0.7799,0.0687,0.0024
1,3.6270,0.7783,0.0706,0.0025
1,3.6290,0.7786,0.0721,0.0026
1,3.6310,0.7808,0.0731,0.0028
1,3.6330,0.7850,0.0736,0.0031
1,3.6350,0.7913,0.0737,0.0033
1,3.6370,0.7995,0.0732,0.0036
1,3.6390,0.8096,0.0724,0.0037
1,3.6410,0.8214,0.0713,0.0037
1,3.6430,0.8347,0.0700,0.0035
1,3.6450,0.8491,0.0685,0.0031
1,3.6470,0.8642,0.0670,0.0024
1,3.6490,0.8792,0.0654,0.0013
1,3.6510,0.8936,0.0639,-0.0001
1,3.6530,0.9069,0.0624,-0.0017
1,3.6550,0.9185,0.0611,-0.0034
1,3.6570,0.9282,0.0600,-0.0051
1,3.6590,0.9355,0.0590,-0.0066
1,3.6610,0.9403,0.0584,-0.0078
1,3.6630,0.9424,0.0579,-0.0085
1,3.6650,0.9418,0.0578,-0.0086
1,3.6670,0.9386,0.0580,-0.0082
1,3.6690,0.9329,0.0585,-0.0072
1,3.6710,0.9249,0.0593,-0.0057
1,3.6730,0.9149,0.0603,-0.0040
1,3.6750,0.9034,0.0616,-0.0021
1,3.6770,0.8907,0.0631,-0.0002
1,3.6790,0.8774,0.0647,0.0014
1,3.6810,0.8639,0.0663,0.0027
1,3.6830,0.8508,0.0679,0.0036
1,3.6850,0.8386,0.0694,0.0041
1,3.6870,0.8277,0.0708,0.0042
1,3.6890,0.8185,0.0720,0.0040
1,3.6910,0.8114,0.0730,0.0037
1,3.6930,0.8067,0.0737,0.0033
1,3.6950,0.8046,0.0741,0.0031
1,3.6970,0.8052,0.0744,0.0031
1,3.6990,0.8087,0.0744,0.0035
1,3.7010,0.8150,0.0742,0.0040
1,3.7030,0.8241,0.0740,0.0048
1,3.7050,0.8358,0.0736,0.0055
1,3.7070,0.8497,0.0731,0.0060
1,3.7090,0.8656,0.0726,0.0062
1,3.7110,0.8828,0.0721,0.0060
1,3.7130,0.9010,0.0715,0.0051
1,3.7150,0.9196,0.0710,0.0038
1,3.7170,0.9381,0.0705,0.0020
1,3.7190,0.9561,0.0700,-0.0001
1,3.7210,0.9731,0.0696,-0.0024
1,3.7230,0.9887,0.0692,-0.0044
1,3.7250,1.0025,0.0689,-0.0062
1,3.7270,1.0144,0.0687,-0.0075
1,3.7290,1.0241,0.0686,-0.0081
1,3.7310,1.0314,0.0686,-0.0082
1,3.7330,1.0365,0.0686,-0.0076
1,3.7350,1.0393,0.0689,-0.0066
1,3.7370,1.0399,0.0692,-0.0052
1,3.7390,1.0386,0.0697,-0.0036
1,3.7410,1.0356,0.0704,-0.0020
1,3.7430,1.0311,0.0713,-0.0004
1,3.7450,1.0256,0.0724,0.0009
1,3.7470,1.0195,0.0737,0.0019
1,3.7490,1.0132,0.0753,0.0027
1,3.7510,1.0072,0.0771,0.0032
1,3.7530,1.0018,0.0791,0.0036
1,3.7550,0.9974,0.0812,0.0038
1,3.7570,0.9944,0.0835,0.0041
1,3.7590,0.9931,0.0857,0.0044
1,3.7610,0.9938,0.0879,0.0048
1,3.7630,0.9965,0.0898,0.0052
1,3.7650,1.0013,0.0915,0.0057
1,3.7670,1.0082,0.0928,0.0060
1,3.7690,1.0171,0.0937,0.0062
1,3.7710,1.0278,0.0941,0.0061
1,3.7730,1.0403,0.0939,0.0057
1,3.7750,1.0543,0.0932,0.0049
1,3.7770,1.0692,0.0920,0.0038
1,3.7790,1.0845,0.0902,0.0022
1,3.7810,1.0996,0.0879,0.0002
1,3.7830,1.1139,0.0852,-0.0021
1,3.7850,1.1270,0.0821,-0.0045
1,3.7870,1.1386,0.0788,-0.0068
1,3.7890,1.1482,0.0754,-0.0088
1,3.7910,1.1556,0.0722,-0.0104
1,3.7930,1.1607,0.0694,-0.0114
1,3.7950,1.1634,0.0670,-0.0116
1,3.7970,1.1635,0.0653,-0.0112
1,3.7990,1.1611,0.0643,-0.0101
1,3.8010,1.1564,0.0642,-0.0085
1,3.8030,1.1495,0.0649,-0.0065
1,3.8050,1.1407,0.0664,-0.0044
1,3.8070,1.1302,0.0687,-0.0023
1,3.8090,1.1183,0.0717,-0.0004
1,3.8110,1.1056,0.0752,0.0011
1,3.8130,1.0923,0.0791,0.0022
1,3.8150,1.0791,0.0831,0.0028
1,3.8170,1.0662,0.0871,0.0032
1,3.8190,1.0542,0.0909,0.0033
1,3.8210,1.0435,0.0942,0.0032
1,3.8230,1.0345,0.0970,0.0032
1,3.8250,1.0276,0.0991,0.0033
1,3.8270,1.0230,0.1004,0.0038
1,3.8290,1.0212,0.1010,0.0045
1,3.8310,1.0223,0.1009,0.0056
1,3.8330,1.0264,0.1002,0.0069
1,3.8350,1.0336,0.0989,0.0082
1,3.8370,1.0438,0.0970,0.0094
1,3.8390,1.0567,0.0949,0.0101
1,3.8410,1.0720,0.0924,0.0102
1,3.8430,1.0893,0.0899,0.0096
1,3.8450,1.1083,0.0875,0.0082
1,3.8470,1.1283,0.0852,0.0062
1,3.8490,1.1488,0.0831,0.0036
1,3.8510,1.1695,0.0814,0.0006
1,3.8530,1.1897,0.0802,-0.0024
1,3.8550,1.2089,0.0794,-0.0053
1,3.8570,1.2268,0.0790,-0.0078
1,3.8590,1.2430,0.0789,-0.0098
1,3.8610,1.2570,0.0793,-0.0112
1,3.8630,1.2687,0.0798,-0.0119
1,3.8650,1.2779,0.0806,-0.0120
1,3.8670,1.2844,0.0814,-0.0116
1,3.8690,1.2883,0.0824,-0.0107
1,3.8710,1.2895,0.0833,-0.0095
1,3.8730,1.2883,0.0843,-0.0081
1,3.8750,1.2849,0.0853,-0.0066
1,3.8770,1.2796,0.0864,-0.0050
1,3.8790,1.2728,0.0876,-0.0036
1,3.8810,1.2649,0.0889,-0.0021
1,3.8830,1.2564,0.0904,-0.0007
1,3.8850,1.2479,0.0921,0.0008
1,3.8870,1.2398,0.0941,0.0022
1,3.8890,1.2326,0.0962,0.0037
1,3.8910,1.2267,0.0985,0.0052
1,3.8930,1.2226,0.1010,0.0066
1,3.8950,1.2205,0.1034,0.0079
1,3.8970,1.2206,0.1058,0.0089
1,3.8990,1.2232,0.1080,0.0096
1,3.9010,1.2282,0.1099,0.0099
1,3.9030,1.2357,0.1114,0.0098
1,3.9050,1.2457,0.1125,0.0093
1,3.9070,1.2576,0.1130,0.0082
1,3.9090,1.2710,0.1127,0.0065
1,3.9110,1.2853,0.1116,0.0043
1,3.9130,1.3000,0.1098,0.0016
1,3.9150,1.3145,0.1072,-0.0014
1,3.9170,1.3284,0.1039,-0.0044
1,3.9190,1.3412,0.1002,-0.0072
1,3.9210,1.3525,0.0962,-0.0096
1,3.9230,1.3620,0.0920,-0.0115
1,3.9250,1.3695,0.0881,-0.0127
1,3.9270,1.3746,0.0845,-0.0131
1,3.9290,1.3774,0.0816,-0.0128
1,3.9310,1.3777,0.0794,-0.0118
1,3.9330,1.3756,0.0782,-0.0104
1,3.9350,1.3712,0.0780,-0.0085
1,3.9370,1.3646,0.0789,-0.0066
1,3.9390,1.3561,0.0808,-0.0046
1,3.9410,1.3459,0.0837,-0.0028
1,3.9430,1.3344,0.0873,-0.0013
1,3.9450,1.3221,0.0915,-0.0001
1,3.9470,1.3093,0.0961,0.0009
1,3.9490,1.2964,0.1009,0.0016
1,3.9510,1.2840,0.1056,0.0022
1,3.9530,1.2725,0.1098,0.0028
1,3.9550,1.2622,0.1135,0.0030
1,3.9570,1.2535,0.1164,0.0027
1,3.9590,1.2466,0.1182,0.0013
1,3.9610,1.2417,0.1190,-0.0016
1,3.9630,1.2390,0.1186,-0.0063
1,3.9650,1.2385,0.1173,-0.0126
1,3.9670,1.2403,0.1150,-0.0204
1,3.9690,1.2443,0.1120,-0.0294
1,3.9710,1.2506,0.1087,-0.0389
1,3.9730,1.2588,0.1051,-0.0484
1,3.9750,1.2688,0.1017,-0.0573
1,3.9770,1.2802,0.0985,-0.0653
1,3.9790,1.2927,0.0959,-0.0722
1,3.9810,1.3058,0.0939,-0.0780
1,3.9830,1.3189,0.0926,-0.0828
1,3.9850,1.3316,0.0920,-0.0870
1,3.9870,1.3433,0.0920,-0.0911
1,3.9890,1.3536,0.0924,-0.0955
1,3.9910,1.3620,0.0932,-0.1006
1,3.9930,1.3682,0.0941,-0.1066
1,3.9950,1.3721,0.0952,-0.1136
1,3.9970,1.3734,0.0962,-0.1214
1,3.9990,1.3722,0.0972,-0.1297
1,4.0010,1.3687,0.0980,-0.1382
1,4.0030,1.3632,0.0986,-0.1462
1,4.0050,1.3558,0.0991,-0.1534
1,4.0070,1.3469,0.0995,-0.1594
1,4.0090,1.3369,0.0999,-0.1638
1,4.0110,1.3262,0.1002,-0.1667
1,4.0130,1.3152,0.1006,-0.1683
1,4.0150,1.3041,0.1010,-0.1688
1,4.0170,1.2934,0.1015,-0.1690
1,4.0190,1.2833,0.1020,-0.1693
1,4.0210,1.2742,0.1026,-0.1704
1,4.0230,1.2662,0.1032,-0.1727
1,4.0250,1.2597,0.1037,-0.1765
1,4.0270,1.2548,0.1042,-0.1821
1,4.0290,1.2517,0.1046,-0.1891
1,4.0310,1.2505,0.1049,-0.1974
1,4.0330,1.2511,0.1050,-0.2071
1,4.0350,1.2536,0.1050,-0.2174
1,4.0370,1.2581,0.1048,-0.2269
1,4.0390,1.2645,0.1046,-0.2342
1,4.0410,1.2727,0.1042,-0.2385
1,4.0430,1.2824,0.1038,-0.2392
1,4.0450,1.2933,0.1033,-0.2366
1,4.0470,1.3047,0.1026,-0.2312
1,4.0490,1.3162,0.1018,-0.2240
1,4.0510,1.3272,0.1007,-0.2165
1,4.0530,1.3370,0.0994,-0.2098
1,4.0550,1.3453,0.0978,-0.2052
1,4.0570,1.3515,0.0961,-0.2034
1,4.0590,1.3554,0.0942,-0.2048
1,4.0610,1.3569,0.0923,-0.2092
1,4.0630,1.3562,0.0906,-0.2159
1,4.0650,1.3534,0.0893,-0.2240
1,4.0670,1.3489,0.0883,-0.2322
1,4.0690,1.3430,0.0880,-0.2392
1,4.0710,1.3361,0.0883,-0.2439
1,4.0730,1.3286,0.0894,-0.2455
1,4.0750,1.3209,0.0911,-0.2436
1,4.0770,1.3131,0.0934,-0.2385
1,4.0790,1.3056,0.0962,-0.2307
1,4.0810,1.2983,0.0992,-0.2213
1,4.0830,1.2914,0.1023,-0.2115
1,4.0850,1.2850,0.1051,-0.2030
1,4.0870,1.2790,0.1075,-0.1973
1,4.0890,1.2735,0.1093,-0.1959
1,4.0910,1.2687,0.1103,-0.1997
1,4.0930,1.2647,0.1104,-0.2087
1,4.0950,1.2617,0.1096,-0.2223
1,4.0970,1.2602,0.1082,-0.2392
1,4.0990,1.2603,0.1062,-0.2578
1,4.1010,1.2623,0.1038,-0.2761
1,4.1030,1.2663,0.1014,-0.2921
1,4.1050,1.2724,0.0991,-0.3046
1,4.1070,1.2805,0.0971,-0.3125
1,4.1090,1.2902,0.0954,-0.3158
1,4.1110,1.3012,0.0942,-0.3152
1,4.1130,1.3129,0.0934,-0.3117
1,4.1150,1.3246,0.0929,-0.3070
1,4.1170,1.3358,0.0928,-0.3028
1,4.1190,1.3458,0.0928,-0.3007
1,4.1210,1.3541,0.0928,-0.3021
1,4.1230,1.3603,0.0928,-0.3077
1,4.1250,1.3642,0.0928,-0.3175
1,4.1270,1.3658,0.0926,-0.3310
1,4.1290,1.3651,0.0924,-0.3469
1,4.1310,1.3625,0.0922,-0.3637
1,4.1330,1.3582,0.0920,-0.3796
1,4.1350,1.3527,0.0920,-0.3930
1,4.1370,1.3463,0.0922,-0.4025
1,4.1390,1.3393,0.0928,-0.4075
1,4.1410,1.3320,0.0936,-0.4079
1,4.1430,1.3245,0.0947,-0.4044
1,4.1450,1.3170,0.0960,-0.3981
1,4.1470,1.3095,0.0974,-0.3907
1,4.1490,1.3021,0.0989,-0.3840
1,4.1510,1.2949,0.1003,-0.3797
1,4.1530,1.2880,0.1016,-0.3791
1,4.1550,1.2815,0.1026,-0.3829
1,4.1570,1.2756,0.1032,-0.3912
1,4.1590,1.2706,0.1036,-0.4033
1,4.1610,1.2668,0.1038,-0.4180
1,4.1630,1.2644,0.1038,-0.4344
1,4.1650,1.2635,0.1036,-0.4505
1,4.1670,1.2645,0.1035,-0.4637
1,4.1690,1.2675,0.1033,-0.4722
1,4.1710,1.2724,0.1032,-0.4746
1,4.1730,1.2792,0.1031,-0.4708
1,4.1750,1.2873,0.1030,-0.4616
1,4.1770,1.2964,0.1028,-0.4485
1,4.1790,1.3059,0.1025,-0.4338
1,4.1810,1.3151,0.1019,-0.4198
1,4.1830,1.3234,0.1010,-0.4090
1,4.1850,1.3303,0.0998,-0.4030
1,4.1870,1.3355,0.0983,-0.4028
1,4.1890,1.3388,0.0966,-0.4084
1,4.1910,1.3402,0.0947,-0.4190
1,4.1930,1.3399,0.0930,-0.4329
1,4.1950,1.3380,0.0915,-0.4478
1,4.1970,1.3350,0.0905,-0.4616
1,4.1990,1.3313,0.0901,-0.4719
1,4.2010,1.3272,0.0903,-0.4772
1,4.2030,1.3229,0.0912,-0.4768
1,4.2050,1.3185,0.0928,-0.4706
1,4.2070,1.3143,0.0948,-0.4596
1,4.2090,1.3101,0.0973,-0.4455
1,4.2110,1.3058,0.0998,-0.4305
1,4.2130,1.3014,0.1023,-0.4168
1,4.2150,1.2968,0.1045,-0.4067
1,4.2170,1.2920,0.1062,-0.4022
1,4.2190,1.2871,0.1072,-0.4047
1,4.2210,1.2822,0.1076,-0.4144
1,4.2230,1.2777,0.1073,-0.4304
1,4.2250,1.2739,0.1065,-0.4512
1,4.2270,1.2712,0.1052,-0.4741
1,4.2290,1.2701,0.1038,-0.4964
1,4.2310,1.2707,0.1023,-0.5155
1,4.2330,1.2733,0.1010,-0.5294
1,4.2350,1.2779,0.0999,-0.5371
1,4.2370,1.2843,0.0990,-0.5383
1,4.2390,1.2922,0.0985,-0.5339
1,4.2410,1.3011,0.0982,-0.5258
1,4.2430,1.3105,0.0981,-0.5161
1,4.2450,1.3197,0.0982,-0.5074
1,4.2470,1.3282,0.0983,-0.5021
1,4.2490,1.3354,0.0984,-0.5020
1,4.2510,1.3410,0.0984,-0.5079
1,4.2530,1.3448,0.0982,-0.5200
1,4.2550,1.3468,0.0979,-0.5371
1,4.2570,1.3470,0.0975,-0.5574
1,4.2590,1.3458,0.0969,-0.5786
1,4.2610,1.3435,0.0964,-0.5981
1,4.2630,1.3403,0.0960,-0.6136
1,4.2650,1.3365,0.0957,-0.6237
1,4.2670,1.3324,0.0955,-0.6276
1,4.2690,1.3281,0.0955,-0.6255
1,4.2710,1.3237,0.0958,-0.6186
1,4.2730,1.3191,0.0962,-0.6087
1,4.2750,1.3143,0.0969,-0.5983
1,4.2770,1.3092,0.0978,-0.5896
1,4.2790,1.3038,0.0988,-0.5849
1,4.2810,1.2983,0.0999,-0.5856
1,4.2830,1.2928,0.1010,-0.5924
1,4.2850,1.2874,0.1021,-0.6047
1,4.2870,1.2825,0.1031,-0.6213
1,4.2890,1.2784,0.1039,-0.6402
1,4.2910,1.2755,0.1046,-0.6591
1,4.2930,1.2739,0.1050,-0.6763
1,4.2950,1.2738,0.1051,-0.6895
1,4.2970,1.2754,0.1050,-0.6967
1,4.2990,1.2786,0.1046,-0.6968
1,4.3010,1.2833,0.1040,-0.6898
1,4.3030,1.2893,0.1031,-0.6772
1,4.3050,1.2961,0.1021,-0.6610
1,4.3070,1.3031,0.1009,-0.6442
1,4.3090,1.3100,0.0997,-0.6296
1,4.3110,1.3161,0.0984,-0.6196
1,4.3130,1.3212,0.0972,-0.6159
1,4.3150,1.3250,0.0961,-0.6192
1,4.3170,1.3273,0.0951,-0.6288
1,4.3190,1.3284,0.0944,-0.6431
1,4.3210,1.3282,0.0940,-0.6597
1,4.3230,1.3272,0.0938,-0.6759
1,4.3250,1.3255,0.0939,-0.6890
1,4.3270,1.3234,0.0944,-0.6968
1,4.3290,1.3211,0.0950,-0.6982
1,4.3310,1.3188,0.0959,-0.6929
1,4.3330,1.3164,0.0970,-0.6819
1,4.3350,1.3139,0.0982,-0.6670
1,4.3370,1.3111,0.0994,-0.6506
1,4.3390,1.3081,0.1005,-0.6355
1,4.3410,1.3046,0.1016,-0.6240
1,4.3430,1.3007,0.1025,-0.6181
1,4.3450,1.2965,0.1031,-0.6187
1,4.3470,1.2922,0.1036,-0.6264
1,4.3490,1.2879,0.1037,-0.6404
1,4.3510,1.2841,0.1037,-0.6591
1,4.3530,1.2812,0.1034,-0.6804
1,4.3550,1.2794,0.1030,-0.7015
1,4.3570,1.2791,0.1024,-0.7198
1,4.3590,1.2805,0.1018,-0.7335
1,4.3610,1.2835,0.1011,-0.7412
1,4.3630,1.2882,0.1004,-0.7429
1,4.3650,1.2942,0.0996,-0.7393
1,4.3670,1.3012,0.0989,-0.7322
1,4.3690,1.3089,0.0982,-0.7237
1,4.3710,1.3167,0.0977,-0.7163
1,4.3730,1.3242,0.0973,-0.7122
1,4.3750,1.3309,0.0969,-0.7132
1,4.3770,1.3367,0.0967,-0.7201
1,4.3790,1.3412,0.0966,-0.7325
1,4.3810,1.3444,0.0964,-0.7495
1,4.3830,1.3463,0.0963,-0.7689
1,4.3850,1.3469,0.0961,-0.7886
1,4.3870,1.3465,0.0958,-0.8061
1,4.3890,1.3452,0.0955,-0.8193
1,4.3910,1.3430,0.0951,-0.8271
1,4.3930,1.3401,0.0946,-0.8291
1,4.3950,1.3367,0.0941,-0.8259
1,4.3970,1.3327,0.0938,-0.8190
1,4.3990,1.3281,0.0936,-0.8103
1,4.4010,1.3231,0.0938,-0.8023
1,4.4030,1.3177,0.0944,-0.7970
1,4.4050,1.3120,0.0954,-0.7962
1,4.4070,1.3063,0.0967,-0.8009
1,4.4090,1.3006,0.0984,-0.8110
1,4.4110,1.2953,0.1002,-0.8256
1,4.4130,1.2907,0.1021,-0.8429
1,4.4150,1.2869,0.1038,-0.8607
1,4.4170,1.2841,0.1053,-0.8767
1,4.4190,1.2825,0.1063,-0.8890
1,4.4210,1.2822,0.1068,-0.8964
1,4.4230,1.2829,0.1068,-0.8990
1,4.4250,1.2847,0.1063,-0.8971
1,4.4270,1.2873,0.1053,-0.8912
1,4.4290,1.2907,0.1040,-0.8823
1,4.4310,1.2947,0.1023,-0.8721
1,4.4330,1.2990,0.1006,-0.8626
1,4.4350,1.3034,0.0988,-0.8553
1,4.4370,1.3076,0.0972,-0.8516
1,4.4390,1.3115,0.0959,-0.8522
1,4.4410,1.3150,0.0949,-0.8569
1,4.4430,1.3178,0.0943,-0.8649
1,4.4450,1.3200,0.0941,-0.8747
1,4.4470,1.3215,0.0942,-0.8845
1,4.4490,1.3224,0.0946,-0.8927
1,4.4510,1.3225,0.0952,-0.8978
1,4.4530,1.3220,0.0959,-0.8988
1,4.4550,1.3209,0.0967,-0.8958
1,4.4570,1.3193,0.0976,-0.8892
1,4.4590,1.3171,0.0984,-0.8802
1,4.4610,1.3144,0.0992,-0.8706
1,4.4630,1.3112,0.1000,-0.8619
1,4.4650,1.3077,0.1007,-0.8557
1,4.4670,1.3040,0.1013,-0.8531
1,4.4690,1.3002,0.1019,-0.8544
1,4.4710,1.2965,0.1023,-0.8593
1,4.4730,1.2931,0.1027,-0.8670
1,4.4750,1.2901,0.1028,-0.8763
1,4.4770,1.2879,0.1027,-0.8863
1,4.4790,1.2864,0.1023,-0.8960
1,4.4810,1.2860,0.1015,-0.9049
1,4.4830,1.2866,0.1004,-0.9124
1,4.4850,1.2884,0.0989,-0.9183
1,4.4870,1.2912,0.0971,-0.9229
1,4.4890,1.2950,0.0951,-0.9265
1,4.4910,1.2997,0.0928,-0.9296
1,4.4930,1.3051,0.0905,-0.9329
1,4.4950,1.3110,0.0882,-0.9369
1,4.4970,1.3172,0.0860,-0.9421
1,4.4990,1.3233,0.0840,-0.9486
1,4.5010,1.3292,0.0823,-0.9565
1,4.5030,1.3347,0.0810,-0.9652
1,4.5050,1.3395,0.0800,-0.9743
1,4.5070,1.3434,0.0794,-0.9832
1,4.5090,1.3463,0.0793,-0.9912
1,4.5110,1.3481,0.0795,-0.9978
1,4.5130,1.3486,0.0801,-1.0030
1,4.5150,1.3478,0.0811,-1.0066
1,4.5170,1.3458,0.0822,-1.0091
1,4.5190,1.3426,0.0836,-1.0111
1,4.5210,1.3384,0.0850,-1.0131
1,4.5230,1.3334,0.0863,-1.0159
1,4.5250,1.3277,0.0876,-1.0198
1,4.5270,1.3217,0.0888,-1.0252
1,4.5290,1.3156,0.0898,-1.0318
1,4.5310,1.3096,0.0907,-1.0395
1,4.5330,1.3041,0.0915,-1.0475
1,4.5350,1.2992,0.0923,-1.0553
1,4.5370,1.2952,0.0930,-1.0621
1,4.5390,1.2922,0.0938,-1.0677
1,4.5410,1.2904,0.0947,-1.0717
1,4.5430,1.2896,0.0956,-1.0743
1,4.5450,1.2900,0.0966,-1.0759
1,4.5470,1.2914,0.0975,-1.0772
1,4.5490,1.2937,0.0984,-1.0788
1,4.5510,1.2968,0.0992,-1.0813
1,4.5530,1.3003,0.0999,-1.0859
1,4.5550,1.3040,0.1005,-1.0922
1,4.5570,1.3076,0.1010,-1.0987
1,4.5590,1.3110,0.1014,-1.1041
1,4.5610,1.3139,0.1017,-1.1071
1,4.5630,1.3162,0.1019,-1.1071
1,4.5650,1.3177,0.1019,-1.1041
1,4.5670,1.3184,0.1017,-1.0988
1,4.5690,1.3183,0.1013,-1.0924
1,4.5710,1.3173,0.1005,-1.0864
1,4.5730,1.3157,0.0995,-1.0821
1,4.5750,1.3136,0.0983,-1.0804
1,4.5770,1.3110,0.0969,-1.0817
1,4.5790,1.3082,0.0956,-1.0856
1,4.5810,1.3052,0.0945,-1.0912
1,4.5830,1.3023,0.0939,-1.0973
1,4.5850,1.2996,0.0939,-1.1024
1,4.5870,1.2971,0.0945,-1.1055
1,4.5890,1.2951,0.0958,-1.1059
1,4.5910,1.2935,0.0977,-1.1036
1,4.5930,1.2926,0.0999,-1.0991
1,4.5950,1.2922,0.1023,-1.0935
1,4.5970,1.2925,0.1044,-1.0882
1,4.5990,1.2934,0.1061,-1.0842
1,4.6010,1.2949,0.1072,-1.0827
1,4.6030,1.2969,0.1074,-1.0838
1,4.6050,1.2993,0.1069,-1.0877
1,4.6070,1.3019,0.1055,-1.0944
1,4.6090,1.3047,0.1035,-1.1034
1,4.6110,1.3075,0.1010,-1.1138
1,4.6130,1.3102,0.0982,-1.1247
1,4.6150,1.3127,0.0955,-1.1349
1,4.6170,1.3149,0.0930,-1.1435
1,4.6190,1.3167,0.0911,-1.1498
1,4.6210,1.3181,0.0898,-1.1539
1,4.6230,1.3191,0.0891,-1.1562
1,4.6250,1.3195,0.0892,-1.1576
1,4.6270,1.3195,0.0898,-1.1591
1,4.6290,1.3191,0.0909,-1.1618
1,4.6310,1.3183,0.0923,-1.1665
1,4.6330,1.3172,0.0939,-1.1733
1,4.6350,1.3158,0.0954,-1.1821
1,4.6370,1.3142,0.0969,-1.1922
1,4.6390,1.3125,0.0983,-1.2024
1,4.6410,1.3107,0.0995,-1.2118
1,4.6430,1.3088,0.1005,-1.2194
1,4.6450,1.3071,0.1011,-1.2249
1,4.6470,1.3055,0.1015,-1.2282
1,4.6490,1.3042,0.1015,-1.2299
1,4.6510,1.3032,0.1011,-1.2309
1,4.6530,1.3027,0.1003,-1.2324
1,4.6550,1.3027,0.0991,-1.2351
1,4.6570,1.3031,0.0977,-1.2397
1,4.6590,1.3041,0.0960,-1.2462
1,4.6610,1.3054,0.0945,-1.2544
1,4.6630,1.3071,0.0931,-1.2632
1,4.6650,1.3089,0.0921,-1.2718
1,4.6670,1.3107,0.0917,-1.2791
1,4.6690,1.3124,0.0919,-1.2845
1,4.6710,1.3137,0.0927,-1.2879
1,4.6730,1.3147,0.0940,-1.2896
1,4.6750,1.3152,0.0957,-1.2904
1,4.6770,1.3152,0.0975,-1.2913
1,4.6790,1.3148,0.0992,-1.2933
1,4.6810,1.3138,0.1007,-1.2972
1,4.6830,1.3123,0.1018,-1.3040
1,4.6850,1.3105,0.1024,-1.3130
1,4.6870,1.3082,0.1027,-1.3217
1,4.6890,1.3056,0.1028,-1.3278
1,4.6910,1.3028,0.1029,-1.3299
1,4.6930,1.2999,0.1029,-1.3274
1,4.6950,1.2971,0.1029,-1.3212
1,4.6970,1.2947,0.1027,-1.3128
1,4.6990,1.2929,0.1024,-1.3046
1,4.7010,1.2919,0.1018,-1.2988
1,4.7030,1.2918,0.1008,-1.2968
1,4.7050,1.2926,0.0996,-1.2991
1,4.7070,1.2942,0.0983,-1.3051
1,4.7090,1.2966,0.0971,-1.3130
1,4.7110,1.2993,0.0962,-1.3207
1,4.7130,1.3023,0.0958,-1.3261
1,4.7150,1.3053,0.0961,-1.3278
1,4.7170,1.3081,0.0969,-1.3255
1,4.7190,1.3105,0.0981,-1.3196
1,4.7210,1.3124,0.0996,-1.3119
1,4.7230,1.3137,0.1009,-1.3043
1,4.7250,1.3146,0.1019,-1.2990
1,4.7270,1.3148,0.1023,-1.2972
1,4.7290,1.3145,0.1021,-1.2994
1,4.7310,1.3137,0.1014,-1.3050
1,4.7330,1.3124,0.1003,-1.3125
1,4.7350,1.3105,0.0991,-1.3203
1,4.7370,1.3084,0.0978,-1.3274
1,4.7390,1.3060,0.0968,-1.3331
1,4.7410,1.3037,0.0961,-1.3374
1,4.7430,1.3016,0.0958,-1.3406
1,4.7450,1.2999,0.0958,-1.3436
1,4.7470,1.2988,0.0961,-1.3470
1,4.7490,1.2984,0.0967,-1.3516
1,4.7510,1.2988,0.0974,-1.3577
1,4.7530,1.2999,0.0981,-1.3654
1,4.7550,1.3017,0.0989,-1.3739
1,4.7570,1.3041,0.0997,-1.3827
1,4.7590,1.3068,0.1004,-1.3909
1,4.7610,1.3097,0.1010,-1.3977
1,4.7630,1.3125,0.1013,-1.4029
1,4.7650,1.3151,0.1015,-1.4066
1,4.7670,1.3175,0.1013,-1.4094
1,4.7690,1.3194,0.1008,-1.4120
1,4.7710,1.3208,0.0998,-1.4152
1,4.7730,1.3217,0.0985,-1.4197
1,4.7750,1.3220,0.0970,-1.4256
1,4.7770,1.3218,0.0953,-1.4329
1,4.7790,1.3210,0.0937,-1.4410
1,4.7810,1.3197,0.0924,-1.4491
1,4.7830,1.3180,0.0916,-1.4564
1,4.7850,1.3158,0.0914,-1.4625
1,4.7870,1.3134,0.0918,-1.4670
1,4.7890,1.3109,0.0928,-1.4703
1,4.7910,1.3084,0.0944,-1.4729
1,4.7930,1.3061,0.0962,-1.4757
1,4.7950,1.3042,0.0982,-1.4794
1,4.7970,1.3027,0.1002,-1.4843
1,4.7990,1.3018,0.1019,-1.4907
1,4.8010,1.3013,0.1033,-1.4980
1,4.8030,1.3013,0.1043,-1.5057
1,4.8050,1.3017,0.1048,-1.5129
1,4.8070,1.3022,0.1049,-1.5190
1,4.8090,1.3029,0.1046,-1.5237
1,4.8110,1.3037,0.1039,-1.5270
1,4.8130,1.3045,0.1028,-1.5305
1,4.8150,1.3052,0.1013,-1.5342
1,4.8170,1.3058,0.0998,-1.5370
1,4.8190,1.3061,0.0984,-1.5381
1,4.8210,1.3062,0.0972,-1.5370
1,4.8230,1.3061,0.0963,-1.5342
1,4.8250,1.3058,0.0958,-1.5304
1,4.8270,1.3055,0.0957,-1.5269
1,4.8290,1.3051,0.0958,-1.5245
1,4.8310,1.3049,0.0962,-1.5242
1,4.8330,1.3048,0.0968,-1.5258
1,4.8350,1.3047,0.0975,-1.5289
1,4.8370,1.3047,0.0984,-1.5327
1,4.8390,1.3046,0.0994,-1.5359
1,4.8410,1.3044,0.1005,-1.5377
1,4.8430,1.3041,0.1016,-1.5376
1,4.8450,1.3036,0.1027,-1.5356
1,4.8470,1.3031,0.1035,-1.5324
1,4.8490,1.3026,0.1039,-1.5290
1,4.8510,1.3022,0.1039,-1.5265
1,4.8530,1.3020,0.1035,-1.5254
1,4.8550,1.3020,0.1026,-1.5262
1,4.8570,1.3022,0.1013,-1.5286
1,4.8590,1.3026,0.0999,-1.5318
1,4.8610,1.3031,0.0985,-1.5348
1,4.8630,1.3036,0.0973,-1.5367
1,4.8650,1.3041,0.0963,-1.5376
1,4.8670,1.3047,0.0956,-1.5383
1,4.8690,1.3054,0.0951,-1.5399
1,4.8710,1.3065,0.0946,-1.5437
1,4.8730,1.3078,0.0940,-1.5502
1,4.8750,1.3095,0.0934,-1.5591
1,4.8770,1.3112,0.0927,-1.5697
1,4.8790,1.3130,0.0920,-1.5803
1,4.8810,1.3146,0.0915,-1.5896
1,4.8830,1.3159,0.0911,-1.5966
1,4.8850,1.3168,0.0908,-1.6008
1,4.8870,1.3173,0.0907,-1.6029
1,4.8890,1.3175,0.0906,-1.6040
1,4.8910,1.3176,0.0903,-1.6056
1,4.8930,1.3176,0.0897,-1.6089
1,4.8950,1.3177,0.0888,-1.6148
1,4.8970,1.3178,0.0877,-1.6231
1,4.8990,1.3179,0.0865,-1.6330
1,4.9010,1.3179,0.0854,-1.6431
1,4.9030,1.3177,0.0846,-1.6519
1,4.9050,1.3173,0.0844,-1.6585
1,4.9070,1.3166,0.0846,-1.6624
1,4.9090,1.3157,0.0854,-1.6642
1,4.9110,1.3147,0.0865,-1.6650
1,4.9130,1.3138,0.0878,-1.6665
1,4.9150,1.3132,0.0889,-1.6697
1,4.9170,1.3129,0.0899,-1.6755
1,4.9190,1.3129,0.0906,-1.6835
1,4.9210,1.3131,0.0910,-1.6928
1,4.9230,1.3132,0.0915,-1.7021
1,4.9250,1.3131,0.0920,-1.7098
1,4.9270,1.3127,0.0927,-1.7152
1,4.9290,1.3120,0.0936,-1.7181
1,4.9310,1.3110,0.0946,-1.7193
1,4.9330,1.3099,0.0955,-1.7201
1,4.9350,1.3088,0.0962,-1.7219
1,4.9370,1.3078,0.0965,-1.7257
1,4.9390,1.3071,0.0966,-1.7318
1,4.9410,1.3065,0.0965,-1.7398
1,4.9430,1.3060,0.0964,-1.7497
1,4.9450,1.3055,0.0966,-1.7595
1,4.9470,1.3045,0.0974,-1.7657
1,4.9490,1.3029,0.0991,-1.7663
1,4.9510,1.3010,0.1014,-1.7613
1,4.9530,1.2989,0.1040,-1.7527
1,4.9550,1.2971,0.1062,-1.7435
1,4.9570,1.2961,0.1075,-1.7372
1,4.9590,1.2961,0.1076,-1.7360
1,4.9610,1.2972,0.1064,-1.7402
1,4.9630,1.2991,0.1041,-1.7482
1,4.9650,1.3014,0.1015,-1.7570
1,4.9670,1.3036,0.0989,-1.7635
1,4.9690,1.3054,0.0970,-1.7652
1,4.9710,1.3066,0.0959,-1.7615
1,4.9730,1.3072,0.0957,-1.7537
1,4.9750,1.3074,0.0960,-1.7445
1,4.9770,1.3076,0.0964,-1.7370
1,4.9790,1.3080,0.0966,-1.7339
1,4.9810,1.3086,0.0965,-1.7361
1,4.9830,1.3094,0.0962,-1.7428
1,4.9850,1.3100,0.0959,-1.7516
1,4.9870,1.3101,0.0960,-1.7594
1,4.9890,1.3095,0.0968,-1.7635
1,4.9910,1.3080,0.0983,-1.7627
1,4.9930,1.3058,0.1005,-1.7573
1,4.9950,1.3033,0.1028,-1.7494
1,4.9970,1.3008,0.1047,-1.7420
1,4.9990,1.2989,0.1058,-1.7377
1,5.0010,1.2978,0.1059,-1.7381
1,5.0030,1.2976,0.1049,-1.7431
1,5.0050,1.2981,0.1031,-1.7507
1,5.0070,1.2990,0.1011,-1.7584
1,5.0090,1.3000,0.0993,-1.7632
1,5.0110,1.3009,0.0981,-1.7636
1,5.0130,1.3015,0.0976,-1.7593
1,5.0150,1.3020,0.0977,-1.7519
1,5.0170,1.3026,0.0981,-1.7439
1,5.0190,1.3036,0.0984,-1.7381
1,5.0210,1.3050,0.0984,-1.7364
1,5.0230,1.3067,0.0979,-1.7394
1,5.0250,1.3086,0.0972,-1.7458
1,5.0270,1.3103,0.0966,-1.7534
1,5.0290,1.3114,0.0964,-1.7593
1,5.0310,1.3117,0.0969,-1.7617
1,5.0330,1.3109,0.0980,-1.7596
1,5.0350,1.3093,0.0995,-1.7540
1,5.0370,1.3073,0.1012,-1.7469
1,5.0390,1.3051,0.1026,-1.7409
1,5.0410,1.3031,0.1033,-1.7382
1,5.0430,1.3016,0.1032,-1.7398
1,5.0450,1.3007,0.1023,-1.7451
1,5.0470,1.3002,0.1011,-1.7522
1,5.0490,1.3000,0.0998,-1.7586
1,5.0510,1.2997,0.0988,-1.7621
1,5.0530,1.2994,0.0985,-1.7615
1,5.0550,1.2991,0.0987,-1.7571
1,5.0570,1.2989,0.0993,-1.7503
1,5.0590,1.2991,0.1000,-1.7437
1,5.0610,1.2999,0.1005,-1.7396
1,5.0630,1.3014,0.1004,-1.7392
1,5.0650,1.3035,0.0999,-1.7426
1,5.0670,1.3058,0.0991,-1.7486
1,5.0690,1.3080,0.0983,-1.7549
1,5.0710,1.3097,0.0978,-1.7593
1,5.0730,1.3106,0.0978,-1.7601
1,5.0750,1.3108,0.0984,-1.7572
1,5.0770,1.3101,0.0993,-1.7516
1,5.0790,1.3090,0.1002,-1.7453
1,5.0810,1.3077,0.1009,-1.7406
1,5.0830,1.3064,0.1010,-1.7391
1,5.0850,1.3053,0.1006,-1.7413
1,5.0870,1.3044,0.0998,-1.7466
1,5.0890,1.3037,0.0988,-1.7529
1,5.0910,1.3029,0.0980,-1.7581
1,5.0930,1.3019,0.0977,-1.7604
1,5.0950,1.3008,0.0980,-1.7591
1,5.0970,1.2996,0.0989,-1.7548
1,5.0990,1.2987,0.1000,-1.7489
1,5.1010,1.2982,0.1011,-1.7437
1,5.1030,1.2984,0.1018,-1.7410
1,5.1050,1.2993,0.1019,-1.7416
1,5.1070,1.3008,0.1016,-1.7455
1,5.1090,1.3028,0.1008,-1.7509
1,5.1110,1.3048,0.1001,-1.7561
1,5.1130,1.3065,0.0995,-1.7591
1,5.1150,1.3076,0.0993,-1.7588
1,5.1170,1.3082,0.0994,-1.7554
1,5.1190,1.3083,0.0997,-1.7500
1,5.1210,1.3081,0.1000,-1.7445
1,5.1230,1.3078,0.1000,-1.7409
1,5.1250,1.3074,0.0996,-1.7403
1,5.1270,1.3072,0.0989,-1.7430
1,5.1290,1.3069,0.0979,-1.7479
1,5.1310,1.3066,0.0970,-1.7533
1,5.1330,1.3059,0.0965,-1.7573
1,5.1350,1.3049,0.0966,-1.7586
1,5.1370,1.3036,0.0973,-1.7567
1,5.1390,1.3021,0.0985,-1.7525
1,5.1410,1.3007,0.1000,-1.7475
1,5.1430,1.2996,0.1012,-1.7435
1,5.1450,1.2992,0.1021,-1.7420
1,5.1470,1.2994,0.1025,-1.7436
1,5.1490,1.3001,0.1023,-1.7475
1,5.1510,1.3013,0.1018,-1.7525
1,5.1530,1.3025,0.1012,-1.7568
1,5.1550,1.3036,0.1008,-1.7587
1,5.1570,1.3044,0.1005,-1.7577
1,5.1590,1.3050,0.1005,-1.7540
1,5.1610,1.3053,0.1005,-1.7491
1,5.1630,1.3055,0.1004,-1.7445
1,5.1650,1.3059,0.1000,-1.7418
1,5.1670,1.3063,0.0992,-1.7419
1,5.1690,1.3069,0.0982,-1.7448
1,5.1710,1.3074,0.0971,-1.7492
1,5.1730,1.3077,0.0963,-1.7537
1,5.1750,1.3076,0.0959,-1.7566
1,5.1770,1.3071,0.0961,-1.7569
1,5.1790,1.3061,0.0969,-1.7546
1,5.1810,1.3048,0.0982,-1.7506
1,5.1830,1.3035,0.0996,-1.7464
1,5.1850,1.3024,0.1008,-1.7434
1,5.1870,1.3016,0.1017,-1.7429
1,5.1890,1.3013,0.1021,-1.7450
1,5.1910,1.3013,0.1021,-1.7489
1,5.1930,1.3016,0.1018,-1.7534
1,5.1950,1.3020,0.1014,-1.7568
1,5.1970,1.3023,0.1012,-1.7579
1,5.1990,1.3024,0.1011,-1.7564
1,5.2010,1.3025,0.1011,-1.7529
1,5.2030,1.3025,0.1011,-1.7484
1,5.2050,1.3028,0.1009,-1.7447
1,5.2070,1.3033,0.1003,-1.7430
1,5.2090,1.3041,0.0995,-1.7437
1,5.2110,1.3051,0.0984,-1.7466
1,5.2130,1.3061,0.0974,-1.7505
1,5.2150,1.3070,0.0966,-1.7541
1,5.2170,1.3075,0.0962,-1.7560
1,5.2190,1.3076,0.0964,-1.7555
1,5.2210,1.3072,0.0971,-1.7530
1,5.2230,1.3065,0.0982,-1.7492
1,5.2250,1.3057,0.0993,-1.7457
1,5.2270,1.3049,0.1003,-1.7436
1,5.2290,1.3043,0.1010,-1.7437
1,5.2310,1.3038,0.1012,-1.7461
1,5.2330,1.3036,0.1012,-1.7498
1,5.2350,1.3033,0.1010,-1.7536
1,5.2370,1.3030,0.1008,-1.7562
1,5.2390,1.3026,0.1007,-1.7567
1,5.2410,1.3021,0.1008,-1.7550
1,5.2430,1.3015,0.1010,-1.7517
1,5.2450,1.3011,0.1011,-1.7479
1,5.2470,1.3010,0.1010,-1.7451
1,5.2490,1.3013,0.1006,-1.7441
1,5.2510,1.3020,0.0999,-1.7453
1,5.2530,1.3030,0.0990,-1.7482
1,5.2550,1.3042,0.0981,-1.7516
1,5.2570,1.3053,0.0975,-1.7544
1,5.2590,1.3061,0.0972,-1.7555
1,5.2610,1.3066,0.0974,-1.7545
1,5.2630,1.3068,0.0980,-1.7518
1,5.2650,1.3067,0.0987,-1.7484
1,5.2670,1.3064,0.0995,-1.7454
1,5.2690,1.3062,0.1001,-1.7440
1,5.2710,1.3060,0.1004,-1.7446
1,5.2730,1.3058,0.1004,-1.7470
1,5.2750,1.3056,0.1002,-1.7504
1,5.2770,1.3053,0.0999,-1.7536
1,5.2790,1.3048,0.0998,-1.7554
1,5.2810,1.3040,0.0998,-1.7554
1,5.2830,1.3031,0.1000,-1.7535
1,5.2850,1.3021,0.1004,-1.7505
1,5.2870,1.3013,0.1006,-1.7474
1,5.2890,1.3008,0.1007,-1.7454
1,5.2910,1.3007,0.1005,-1.7451
1,5.2930,1.3011,0.1001,-1.7467
1,5.2950,1.3018,0.0995,-1.7498
1,5.2970,1.3028,0.0988,-1.7537
1,5.2990,1.3039,0.0982,-1.7578
1,5.3010,1.3050,0.0978,-1.7613
1,5.3030,1.3059,0.0976,-1.7639
1,5.3050,1.3067,0.0977,-1.7653
1,5.3070,1.3072,0.0980,-1.7661
1,5.3090,1.3076,0.0984,-1.7668
1,5.3110,1.3078,0.0988,-1.7681
1,5.3130,1.3079,0.0991,-1.7703
1,5.3150,1.3079,0.0992,-1.7736
1,5.3170,1.3077,0.0992,-1.7778
1,5.3190,1.3073,0.0991,-1.7821
1,5.3210,1.3068,0.0990,-1.7860
1,5.3230,1.3060,0.0990,-1.7889
1,5.3250,1.3050,0.0992,-1.7908
1,5.3270,1.3039,0.0994,-1.7919
1,5.3290,1.3029,0.0996,-1.7927
1,5.3310,1.3020,0.0998,-1.7939
1,5.3330,1.3015,0.0998,-1.7965
1,5.3350,1.3014,0.0996,-1.8005
1,5.3370,1.3014,0.0994,-1.8044
1,5.3390,1.3016,0.0994,-1.8068
1,5.3410,1.3017,0.0996,-1.8069
1,5.3430,1.3019,0.1002,-1.8046
1,5.3450,1.3020,0.1008,-1.8009
1,5.3470,1.3023,0.1014,-1.7971
1,5.3490,1.3028,0.1016,-1.7945
1,5.3510,1.3037,0.1013,-1.7941
1,5.3530,1.3048,0.1007,-1.7959
1,5.3550,1.3061,0.0997,-1.7992
1,5.3570,1.3072,0.0986,-1.8027
1,5.3590,1.3080,0.0978,-1.8051
1,5.3610,1.3083,0.0972,-1.8055
1,5.3630,1.3081,0.0971,-1.8037
1,5.3650,1.3076,0.0974,-1.8005
1,5.3670,1.3067,0.0978,-1.7969
1,5.3690,1.3059,0.0983,-1.7944
1,5.3710,1.3051,0.0986,-1.7938
1,5.3730,1.3046,0.0987,-1.7954
1,5.3750,1.3042,0.0986,-1.7986
1,5.3770,1.3039,0.0986,-1.8022
1,5.3790,1.3035,0.0988,-1.8050
1,5.3810,1.3031,0.0992,-1.8060
1,5.3830,1.3026,0.0999,-1.8050
1,5.3850,1.3020,0.1007,-1.8023
1,5.3870,1.3016,0.1015,-1.7989
1,5.3890,1.3014,0.1020,-1.7962
1,5.3910,1.3015,0.1021,-1.7951
1,5.3930,1.3021,0.1017,-1.7960
1,5.3950,1.3030,0.1010,-1.7985
1,5.3970,1.3041,0.1000,-1.8016
1,5.3990,1.3051,0.0991,-1.8042
1,5.4010,1.3058,0.0983,-1.8052
1,5.4030,1.3063,0.0979,-1.8043
1,5.4050,1.3065,0.0977,-1.8018
1,5.4070,1.3065,0.0978,-1.7986
1,5.4090,1.3063,0.0980,-1.7957
1,5.4110,1.3062,0.0981,-1.7944
1,5.4130,1.3062,0.0981,-1.7949
1,5.4150,1.3062,0.0980,-1.7972
1,5.4170,1.3062,0.0979,-1.8003
1,5.4190,1.3060,0.0979,-1.8032
1,5.4210,1.3056,0.0982,-1.8048
1,5.4230,1.3050,0.0988,-1.8046
1,5.4250,1.3042,0.0996,-1.8028
1,5.4270,1.3033,0.1005,-1.8000
1,5.4290,1.3025,0.1013,-1.7974
1,5.4310,1.3019,0.1017,-1.7959
1,5.4330,1.3017,0.1018,-1.7961
1,5.4350,1.3019,0.1014,-1.7978
1,5.4370,1.3023,0.1008,-1.8006
1,5.4390,1.3028,0.1001,-1.8032
1,5.4410,1.3034,0.0994,-1.8047
1,5.4430,1.3038,0.0989,-1.8046
1,5.4450,1.3042,0.0987,-1.8029
1,5.4470,1.3044,0.0987,-1.8002
1,5.4490,1.3047,0.0987,-1.7974
1,5.4510,1.3050,0.0987,-1.7955
1,5.4530,1.3054,0.0985,-1.7952
1,5.4550,1.3060,0.0983,-1.7966
1,5.4570,1.3065,0.0980,-1.7991
1,5.4590,1.3069,0.0977,-1.8017
1,5.4610,1.3071,0.0977,-1.8035
1,5.4630,1.3069,0.0980,-1.8040
1,5.4650,1.3064,0.0986,-1.8029
1,5.4670,1.3057,0.0993,-1.8007
1,5.4690,1.3048,0.1001,-1.7982
1,5.4710,1.3040,0.1006,-1.7965
1,5.4730,1.3033,0.1009,-1.7961
1,5.4750,1.3029,0.1009,-1.7972
1,5.4770,1.3027,0.1006,-1.7994
1,5.4790,1.3027,0.1002,-1.8019
1,5.4810,1.3027,0.0997,-1.8038
1,5.4830,1.3027,0.0994,-1.8045
1,5.4850,1.3028,0.0993,-1.8038
1,5.4870,1.3028,0.0992,-1.8026
1,5.4890,1.3031,0.0991,-1.8020
1,5.4910,1.3036,0.0989,-1.8029
1,5.4930,1.3044,0.0984,-1.8058
1,5.4950,1.3054,0.0979,-1.8104
1,5.4970,1.3064,0.0973,-1.8159
1,5.4990,1.3073,0.0970,-1.8213
1,5.5010,1.3079,0.0969,-1.8253
1,5.5030,1.3080,0.0973,-1.8276
1,5.5050,1.3078,0.0980,-1.8281
1,5.5070,1.3073,0.0988,-1.8277
1,5.5090,1.3065,0.0997,-1.8275
1,5.5110,1.3058,0.1003,-1.8284
1,5.5130,1.3051,0.1006,-1.8310
1,5.5150,1.3046,0.1005,-1.8354
1,5.5170,1.3042,0.1002,-1.8408
1,5.5190,1.3038,0.0998,-1.8462
1,5.5210,1.3034,0.0995,-1.8505
1,5.5230,1.3029,0.0992,-1.8538
1,5.5250,1.3024,0.0992,-1.8557
1,5.5270,1.3018,0.0994,-1.8556
1,5.5290,1.3012,0.0998,-1.8536
1,5.5310,1.3008,0.1003,-1.8505
1,5.5330,1.3005,0.1008,-1.8474
1,5.5350,1.3007,0.1010,-1.8455
1,5.5370,1.3013,0.1009,-1.8454
1,5.5390,1.3023,0.1004,-1.8471
1,5.5410,1.3035,0.0997,-1.8500
1,5.5430,1.3048,0.0990,-1.8528
1,5.5450,1.3059,0.0985,-1.8546
1,5.5470,1.3067,0.0982,-1.8546
1,5.5490,1.3071,0.0981,-1.8529
1,5.5510,1.3072,0.0984,-1.8499
1,5.5530,1.3070,0.0986,-1.8469
1,5.5550,1.3068,0.0988,-1.8449
1,5.5570,1.3065,0.0988,-1.8446
1,5.5590,1.3063,0.0986,-1.8462
1,5.5610,1.3060,0.0983,-1.8489
1,5.5630,1.3057,0.0981,-1.8519
1,5.5650,1.3051,0.0980,-1.8541
1,5.5670,1.3044,0.0982,-1.8547
1,5.5690,1.3035,0.0988,-1.8535
1,5.5710,1.3025,0.0995,-1.8511
1,5.5730,1.3016,0.1002,-1.8484
1,5.5750,1.3010,0.1008,-1.8464
1,5.5770,1.3008,0.1011,-1.8459
1,5.5790,1.3010,0.1011,-1.8471
1,5.5810,1.3016,0.1007,-1.8494
1,5.5830,1.3023,0.1003,-1.8521
1,5.5850,1.3032,0.0998,-1.8541
1,5.5870,1.3039,0.0994,-1.8547
1,5.5890,1.3045,0.0993,-1.8536
1,5.5910,1.3049,0.0993,-1.8512
1,5.5930,1.3052,0.0993,-1.8484
1,5.5950,1.3055,0.0993,-1.8462
1,5.5970,1.3058,0.0991,-1.8453
1,5.5990,1.3062,0.0987,-1.8460
1,5.6010,1.3066,0.0982,-1.8481
1,5.6030,1.3068,0.0977,-1.8506
1,5.6050,1.3068,0.0974,-1.8528
1,5.6070,1.3065,0.0973,-1.8537
1,5.6090,1.3060,0.0977,-1.8532
1,5.6110,1.3051,0.0983,-1.8514
1,5.6130,1.3042,0.0990,-1.8490
1,5.6150,1.3033,0.0997,-1.8470
1,5.6170,1.3026,0.1003,-1.8462
1,5.6190,1.3022,0.1005,-1.8468
1,5.6210,1.3020,0.1006,-1.8487
1,5.6230,1.3021,0.1004,-1.8511
1,5.6250,1.3023,0.1002,-1.8533
1,5.6270,1.3025,0.1001,-1.8543
1,5.6290,1.3027,0.1001,-1.8539
1,5.6310,1.3029,0.1001,-1.8522
1,5.6330,1.3030,0.1002,-1.8498
1,5.6350,1.3033,0.1002,-1.8476
1,5.6370,1.3037,0.1000,-1.8463
1,5.6390,1.3043,0.0995,-1.8464
1,5.6410,1.3050,0.0989,-1.8478
1,5.6430,1.3057,0.0983,-1.8499
1,5.6450,1.3063,0.0977,-1.8519
1,5.6470,1.3067,0.0974,-1.8531
1,5.6490,1.3067,0.0974,-1.8530
1,5.6510,1.3065,0.0976,-1.8516
1,5.6530,1.3060,0.0981,-1.8495
1,5.6550,1.3054,0.0987,-1.8476
1,5.6570,1.3048,0.0992,-1.8464
1,5.6590,1.3043,0.0995,-1.8465
1,5.6610,1.3040,0.0997,-1.8479
1,5.6630,1.3037,0.0997,-1.8500
1,5.6650,1.3035,0.0997,-1.8521
1,5.6670,1.3033,0.0998,-1.8535
1,5.6690,1.3030,0.0999,-1.8537
1,5.6710,1.3026,0.1001,-1.8526
1,5.6730,1.3023,0.1004,-1.8507
1,5.6750,1.3022,0.1005,-1.8489
1,5.6770,1.3023,0.1005,-1.8484
1,5.6790,1.3027,0.1000,-1.8499
1,5.6810,1.3035,0.0993,-1.8536
1,5.6830,1.3045,0.0984,-1.8589
1,5.6850,1.3056,0.0975,-1.8647
1,5.6870,1.3064,0.0969,-1.8697
1,5.6890,1.3069,0.0967,-1.8729
1,5.6910,1.3070,0.0969,-1.8741
1,5.6930,1.3068,0.0976,-1.8738
1,5.6950,1.3063,0.0984,-1.8730
1,5.6970,1.3057,0.0992,-1.8729
1,5.6990,1.3052,0.0998,-1.8745
1,5.7010,1.3049,0.1001,-1.8782
1,5.7030,1.3046,0.1001,-1.8834
1,5.7050,1.3044,0.1000,-1.8894
1,5.7070,1.3041,0.0999,-1.8947
1,5.7090,1.3037,0.0999,-1.8985
1,5.7110,1.3031,0.1001,-1.8999
1,5.7130,1.3025,0.1003,-1.8995
1,5.7150,1.3020,0.1005,-1.8993
1,5.7170,1.3017,0.1005,-1.8995
1,5.7190,1.3017,0.1004,-1.8999
1,5.7210,1.3018,0.1002,-1.8999
1,5.7230,1.3021,0.1000,-1.8999
1,5.7251,1.3026,0.0997,-1.8999
1,5.7271,1.3032,0.0993,-1.8999
1,5.7291,1.3039,0.0991,-1.8999
1,5.7311,1.3046,0.0988,-1.8999
1,5.7331,1.3052,0.0986,-1.8999
1,5.7351,1.3058,0.0985,-1.8998
1,5.7371,1.3062,0.0984,-1.8998
1,5.7391,1.3065,0.0984,-1.8996
1,5.7411,1.3066,0.0985,-1.8995
1,5.7431,1.3065,0.0987,-1.8995
1,5.7451,1.3063,0.0989,-1.8995
1,5.7471,1.3059,0.0991,-1.8996
1,5.7491,1.3054,0.0993,-1.8997
1,5.7511,1.3049,0.0995,-1.8999
1,5.7531,1.3042,0.0997,-1.9000
1,5.7551,1.3036,0.0998,-1.9000
1,5.7571,1.3030,0.0999,-1.9000
1,5.7591,1.3026,0.1000,-1.9000
1,5.7611,1.3022,0.1000,-1.9000
1,5.7631,1.3020,0.1000,-1.9000
1,5.7651,1.3020,0.0999,-1.9000
1,5.7671,1.3022,0.0998,-1.8999
1,5.7691,1.3025,0.0996,-1.8999
1,5.7711,1.3029,0.0995,-1.8999
1,5.7731,1.3034,0.0993,-1.8999
1,5.7751,1.3040,0.0992,-1.8999
1,5.7771,1.3046,0.0990,-1.8999
1,5.7791,1.3051,0.0990,-1.8999
1,5.7811,1.3056,0.0989,-1.8999
1,5.7831,1.3060,0.0989,-1.8998
1,5.7851,1.3062,0.0989,-1.8997
1,5.7871,1.3063,0.0989,-1.8997
1,5.7891,1.3062,0.0990,-1.8996
1,5.7911,1.3060,0.0991,-1.8996
1,5.7931,1.3056,0.0992,-1.8997
1,5.7951,1.3052,0.0992,-1.8998
1,5.7971,1.3047,0.0993,-1.8999
1,5.7991,1.3041,0.0994,-1.8999
1,5.8011,1.3036,0.0995,-1.8999
1,5.8031,1.3031,0.0996,-1.8999
1,5.8051,1.3027,0.0996,-1.8999
1,5.8071,1.3025,0.0997,-1.8999
1,5.8091,1.3024,0.0997,-1.8999
1,5.8111,1.3024,0.0997,-1.8999
1,5.8131,1.3025,0.0996,-1.8999
1,5.8151,1.3028,0.0996,-1.8999
1,5.8171,1.3032,0.0995,-1.8999
1,5.8191,1.3037,0.0995,-1.8999
1,5.8211,1.3042,0.0994,-1.8999
1,5.8231,1.3047,0.0993,-1.8999
1,5.8251,1.3051,0.0992,-1.8999
1,5.8271,1.3055,0.0992,-1.8999
1,5.8291,1.3057,0.0991,-1.8999
1,5.8311,1.3059,0.0991,-1.8998
1,5.8331,1.3059,0.0991,-1.8997
1,5.8351,1.3058,0.0991,-1.8997
1,5.8371,1.3056,0.0991,-1.8997
1,5.8391,1.3052,0.0991,-1.8997
1,5.8411,1.3048,0.0991,-1.8998
1,5.8431,1.3044,0.0992,-1.8999
1,5.8451,1.3040,0.0992,-1.8999
1,5.8471,1.3035,0.0993,-1.8999
1,5.8491,1.3032,0.0994,-1.8999
1,5.8511,1.3029,0.0995,-1.8999
1,5.8531,1.3027,0.0996,-1.8999
1,5.8551,1.3027,0.0996,-1.8999
1,5.8571,1.3028,0.0997,-1.8999
1,5.8591,1.3029,0.0997,-1.8999
1,5.8611,1.3032,0.0997,-1.8999
1,5.8631,1.3036,0.0996,-1.8999
1,5.8651,1.3039,0.0996,-1.8999
1,5.8671,1.3042,0.0995,-1.8999
1,5.8691,1.3042,0.0993,-1.8999
1,5.8711,1.3038,0.0992,-1.8999
1,5.8731,1.3031,0.0989,-1.8999
1,5.8751,1.3018,0.0987,-1.8999
1,5.8771,1.2999,0.0984,-1.8999
1,5.8791,1.2975,0.0981,-1.8999
1,5.8811,1.2946,0.0978,-1.8999
1,5.8831,1.2913,0.0975,-1.8999
1,5.8851,1.2877,0.0973,-1.8999
1,5.8871,1.2840,0.0971,-1.8999
1,5.8891,1.2802,0.0970,-1.8999
1,5.8911,1.2766,0.0969,-1.8999
1,5.8931,1.2732,0.0968,-1.8999
1,5.8951,1.2702,0.0968,-1.8999
1,5.8971,1.2677,0.0968,-1.8999
1,5.8991,1.2657,0.0969,-1.8999
1,5.9011,1.2642,0.0969,-1.8999
1,5.9031,1.2630,0.0969,-1.8999
1,5.9051,1.2622,0.0968,-1.8999
1,5.9071,1.2617,0.0967,-1.8999
1,5.9091,1.2616,0.0965,-1.8999
1,5.9111,1.2618,0.0964,-1.8999
1,5.9131,1.2623,0.0963,-1.8999
1,5.9151,1.2631,0.0962,-1.8999
1,5.9171,1.2641,0.0961,-1.8999
1,5.9191,1.2651,0.0960,-1.8999
1,5.9211,1.2662,0.0959,-1.8999
1,5.9231,1.2672,0.0959,-1.8999
1,5.9251,1.2681,0.0959,-1.8999
1,5.9271,1.2688,0.0959,-1.8999
1,5.9291,1.2692,0.0960,-1.8999
1,5.9311,1.2694,0.0960,-1.8999
1,5.9331,1.2693,0.0960,-1.8999
1,5.9351,1.2690,0.0961,-1.8999
1,5.9371,1.2685,0.0961,-1.8999
1,5.9391,1.2679,0.0961,-1.8999
1,5.9411,1.2672,0.0961,-1.8999
1,5.9431,1.2665,0.0962,-1.8999
1,5.9451,1.2658,0.0962,-1.8999
1,5.9471,1.2652,0.0962,-1.8999
1,5.9491,1.2647,0.0962,-1.8999
1,5.9511,1.2644,0.0963,-1.8999
1,5.9531,1.2643,0.0963,-1.8999
1,5.9551,1.2643,0.0963,-1.8999
1,5.9571,1.2644,0.0963,-1.8999
1,5.9591,1.2646,0.0963,-1.8999
1,5.9611,1.2649,0.0963,-1.8999
1,5.9631,1.2653,0.0962,-1.8999
1,5.9651,1.2656,0.0962,-1.8999
1,5.9671,1.2660,0.0962,-1.8999
1,5.9691,1.2663,0.0962,-1.8999
1,5.9711,1.2666,0.0962,-1.8999
1,5.9731,1.2667,0.0962,-1.8999
1,5.9751,1.2668,0.0962,-1.8999
1,5.9771,1.2669,0.0962,-1.8999
1,5.9791,1.2669,0.0962,-1.8999
1,5.9811,1.2669,0.0962,-1.8999
1,5.9831,1.2669,0.0962,-1.8999
1,5.9851,1.2669,0.0962,-1.8999
1,5.9871,1.2669,0.0962,-1.8999
1,5.9891,1.2669,0.0962,-1.8999
1,5.9911,1.2669,0.0962,-1.8999
1,5.9931,1.2669,0.0962,-1.8999
1,5.9951,1.2669,0.0962,-1.8999
1,5.9971,1.2669,0.0962,-1.8999
1,5.9991,1.2669,0.0962,-1.8999
1,6.0011,1.2669,0.0962,-1.8999
1,6.0031,1.2669,0.0962,-1.8999
1,6.0051,1.2668,0.0962,-1.8999
1,6.0071,1.2667,0.0961,-1.8999
1,6.0091,1.2665,0.0961,-1.8999
1,6.0111,1.2661,0.0961,-1.8999
1,6.0131,1.2654,0.0960,-1.8999
1,6.0151,1.2645,0.0959,-1.8999
1,6.0171,1.2634,0.0957,-1.8999
1,6.0191,1.2619,0.0955,-1.8999
1,6.0211,1.2603,0.0953,-1.8999
1,6.0231,1.2585,0.0951,-1.8999
1,6.0251,1.2565,0.0948,-1.8999
1,6.0271,1.2545,0.0946,-1.8999
1,6.0291,1.2525,0.0944,-1.8999
1,6.0311,1.2507,0.0942,-1.8999
1,6.0331,1.2490,0.0941,-1.8999
1,6.0351,1.2474,0.0940,-1.8999
1,6.0371,1.2462,0.0940,-1.8999
1,6.0391,1.2451,0.0940,-1.8999
1,6.0411,1.2444,0.0940,-1.8999
1,6.0431,1.2437,0.0940,-1.8999
1,6.0451,1.2432,0.0940,-1.8999
1,6.0471,1.2429,0.0939,-1.8999
1,6.0491,1.2427,0.0939,-1.8999
1,6.0511,1.2427,0.0939,-1.8999
1,6.0531,1.2429,0.0939,-1.8999
1,6.0551,1.2431,0.0939,-1.8999
1,6.0571,1.2433,0.0939,-1.8999
1,6.0591,1.2437,0.0938,-1.8999
1,6.0611,1.2440,0.0938,-1.8999
1,6.0631,1.2444,0.0938,-1.8999
1,6.0651,1.2447,0.0938,-1.8999
1,6.0671,1.2450,0.0938,-1.8999
1,6.0691,1.2451,0.0938,-1.8999
1,6.0711,1.2452,0.0938,-1.8999
1,6.0731,1.2453,0.0938,-1.8999
1,6.0751,1.2453,0.0938,-1.8999
1,6.0771,1.2453,0.0938,-1.8999
1,6.0791,1.2453,0.0938,-1.8999
1,6.0811,1.2453,0.0938,-1.8999
1,6.0831,1.2453,0.0938,-1.8999
1,6.0851,1.2453,0.0938,-1.8999
1,6.0871,1.2453,0.0938,-1.8999
1,6.0891,1.2453,0.0938,-1.8999
1,6.0911,1.2453,0.0938,-1.8999
1,6.0931,1.2453,0.0938,-1.8999
1,6.0951,1.2453,0.0938,-1.8999
1,6.0971,1.2453,0.0938,-1.8999
1,6.0991,1.2453,0.0938,-1.8999
1,6.1011,1.2453,0.0938,-1.8999
1,6.1031,1.2453,0.0938,-1.8999
1,6.1051,1.2453,0.0938,-1.8999
1,6.1071,1.2453,0.0938,-1.8999
1,6.1091,1.2453,0.0938,-1.8999
1,6.1111,1.2453,0.0938,-1.8999
1,6.1131,1.2453,0.0938,-1.8999
1,6.1151,1.2453,0.0938,-1.8999
1,6.1171,1.2453,0.0938,-1.8999
1,6.1191,1.2453,0.0938,-1.8999
1,6.1211,1.2453,0.0938,-1.8999
1,6.1231,1.2453,0.0938,-1.8999
1,6.1251,1.2453,0.0938,-1.8999
1,6.1271,1.2453,0.0938,-1.8999
1,6.1291,1.2453,0.0938,-1.8999
1,6.1311,1.2453,0.0938,-1.8999
1,6.1331,1.2453,0.0938,-1.8999
1,6.1351,1.2453,0.0938,-1.8999
1,6.1371,1.2453,0.0938,-1.8999
1,6.1391,1.2453,0.0938,-1.8999
1,6.1411,1.2453,0.0938,-1.8999
1,6.1431,1.2453,0.0938,-1.8999
1,6.1451,1.2452,0.0938,-1.8999
1,6.1471,1.2451,0.0937,-1.8999
1,6.1491,1.2449,0.0937,-1.8999
1,6.1511,1.2445,0.0937,-1.8999
1,6.1531,1.2438,0.0936,-1.8999
1,6.1551,1.2429,0.0934,-1.8999
1,6.1571,1.2418,0.0933,-1.8999
1,6.1591,1.2403,0.0931,-1.8999
1,6.1611,1.2387,0.0928,-1.8999
1,6.1631,1.2368,0.0926,-1.8999
1,6.1651,1.2348,0.0924,-1.8999
1,6.1671,1.2328,0.0921,-1.8999
1,6.1691,1.2308,0.0919,-1.8999
1,6.1711,1.2290,0.0918,-1.8999
1,6.1731,1.2272,0.0917,-1.8999
1,6.1751,1.2257,0.0916,-1.8999
1,6.1771,1.2244,0.0916,-1.8999
1,6.1791,1.2233,0.0915,-1.8999
1,6.1811,1.2225,0.0916,-1.8999
1,6.1831,1.2219,0.0915,-1.8999
1,6.1851,1.2213,0.0915,-1.8999
1,6.1871,1.2209,0.0915,-1.8999
1,6.1891,1.2207,0.0914,-1.8999
1,6.1911,1.2207,0.0914,-1.8999
1,6.1931,1.2208,0.0914,-1.8999
1,6.1951,1.2210,0.0914,-1.8999
1,6.1971,1.2213,0.0914,-1.8999
1,6.1991,1.2216,0.0913,-1.8999
1,6.2011,1.2220,0.0913,-1.8999
1,6.2031,1.2223,0.0913,-1.8999
1,6.2051,1.2227,0.0913,-1.8999
1,6.2071,1.2229,0.0913,-1.8999
1,6.2091,1.2232,0.0913,-1.8999
1,6.2111,1.2233,0.0913,-1.8999
1,6.2131,1.2233,0.0913,-1.8999
1,6.2151,1.2233,0.0913,-1.8999
1,6.2171,1.2233,0.0913,-1.8999
1,6.2191,1.2233,0.0913,-1.8999
1,6.2211,1.2233,0.0913,-1.8999
1,6.2231,1.2233,0.0913,-1.8999
1,6.2251,1.2233,0.0913,-1.8999
1,6.2271,1.2233,0.0913,-1.8999
1,6.2291,1.2233,0.0913,-1.8999
1,6.2311,1.2233,0.0913,-1.8999
1,6.2331,1.2233,0.0913,-1.8999
1,6.2351,1.2233,0.0913,-1.8999
1,6.2371,1.2233,0.0913,-1.8999
1,6.2391,1.2233,0.0913,-1.8999
1,6.2411,1.2233,0.0913,-1.8999
1,6.2431,1.2233,0.0913,-1.8999
1,6.2451,1.2233,0.0913,-1.8999
1,6.2471,1.2233,0.0913,-1.8999
1,6.2491,1.2233,0.0913,-1.8999
1,6.2511,1.2233,0.0913,-1.8999
1,6.2531,1.2233,0.0913,-1.8999
1,6.2551,1.2233,0.0913,-1.8999
1,6.2571,1.2233,0.0913,-1.8999
1,6.2591,1.2233,0.0913,-1.8999
1,6.2611,1.2233,0.0913,-1.8999
1,6.2631,1.2233,0.0913,-1.8999
1,6.2651,1.2233,0.0913,-1.8999
1,6.2671,1.2233,0.0913,-1.8999
1,6.2691,1.2233,0.0913,-1.8999
1,6.2711,1.2233,0.0913,-1.8999
1,6.2731,1.2233,0.0913,-1.8999
1,6.2751,1.2233,0.0913,-1.8999
1,6.2771,1.2233,0.0913,-1.8999
1,6.2791,1.2233,0.0913,-1.8999
1,6.2811,1.2233,0.0913,-1.8999
1,6.2831,1.2233,0.0913,-1.8999
1,6.2851,1.2233,0.0913,-1.8999
1,6.2871,1.2232,0.0912,-1.8999
1,6.2891,1.2230,0.0912,-1.8999
1,6.2911,1.2225,0.0912,-1.8999
1,6.2931,1.2219,0.0911,-1.8999
1,6.2951,1.2210,0.0909,-1.8999
1,6.2971,1.2198,0.0908,-1.8999
1,6.2991,1.2183,0.0906,-1.8999
1,6.3011,1.2167,0.0903,-1.8999
1,6.3031,1.2148,0.0901,-1.8999
1,6.3051,1.2128,0.0899,-1.8999
1,6.3071,1.2108,0.0896,-1.8999
1,6.3091,1.2089,0.0895,-1.8999
1,6.3111,1.2070,0.0893,-1.8999
1,6.3131,1.2052,0.0892,-1.8999
1,6.3151,1.2037,0.0891,-1.8999
1,6.3171,1.2024,0.0891,-1.8999
1,6.3191,1.2014,0.0891,-1.8999
1,6.3211,1.2006,0.0891,-1.8999
1,6.3231,1.1999,0.0891,-1.8999
1,6.3251,1.1994,0.0891,-1.8999
1,6.3271,1.1990,0.0890,-1.8999
1,6.3291,1.1987,0.0890,-1.8999
1,6.3311,1.1987,0.0889,-1.8999
1,6.3331,1.1988,0.0889,-1.8999
1,6.3351,1.1989,0.0889,-1.8999
1,6.3371,1.1992,0.0889,-1.8999
1,6.3391,1.1995,0.0888,-1.8999
1,6.3411,1.1998,0.0888,-1.8999
1,6.3431,1.2002,0.0888,-1.8999
1,6.3451,1.2005,0.0888,-1.8999
1,6.3471,1.2008,0.0888,-1.8999
1,6.3491,1.2010,0.0888,-1.8999
1,6.3511,1.2012,0.0888,-1.8999
1,6.3531,1.2013,0.0888,-1.8999
1,6.3551,1.2013,0.0888,-1.8999
1,6.3571,1.2013,0.0888,-1.8999
1,6.3591,1.2013,0.0888,-1.8999
1,6.3611,1.2013,0.0888,-1.8999
1,6.3631,1.2013,0.0888,-1.8999
1,6.3651,1.2013,0.0888,-1.8999
1,6.3671,1.2013,0.0888,-1.8999
1,6.3691,1.2013,0.0888,-1.8999
1,6.3711,1.2013,0.0888,-1.8999
1,6.3731,1.2013,0.0888,-1.8999
1,6.3751,1.2013,0.0888,-1.8999
1,6.3771,1.2013,0.0888,-1.8999
1,6.3791,1.2013,0.0888,-1.8999
1,6.3811,1.2013,0.0888,-1.8999
1,6.3831,1.2013,0.0888,-1.8999
1,6.3851,1.2013,0.0888,-1.8999
1,6.3871,1.2013,0.0888,-1.8999
1,6.3891,1.2013,0.0888,-1.8999
1,6.3911,1.2013,0.0888,-1.8999
1,6.3931,1.2013,0.0888,-1.8999
1,6.3951,1.2013,0.0888,-1.8999
1,6.3971,1.2013,0.0888,-1.8999
1,6.3991,1.2013,0.0888,-1.8999
1,6.4011,1.2013,0.0888,-1.8999
1,6.4031,1.2013,0.0888,-1.8999
1,6.4051,1.2013,0.0888,-1.8999
1,6.4071,1.2013,0.0888,-1.8999
1,6.4091,1.2013,0.0888,-1.8999
1,6.4111,1.2013,0.0888,-1.8999
1,6.4131,1.2013,0.0888,-1.8999
1,6.4151,1.2013,0.0888,-1.8999
1,6.4171,1.2013,0.0888,-1.8999
1,6.4191,1.2013,0.0888,-1.8999
1,6.4211,1.2013,0.0888,-1.8999
1,6.4231,1.2013,0.0888,-1.8999
1,6.4251,1.2013,0.0888,-1.8999
1,6.4271,1.2012,0.0888,-1.8999
1,6.4291,1.2009,0.0887,-1.8999
1,6.4311,1.2005,0.0887,-1.8999
1,6.4331,1.1999,0.0886,-1.8999
1,6.4351,1.1990,0.0885,-1.8999
1,6.4371,1.1978,0.0883,-1.8999
1,6.4391,1.1964,0.0881,-1.8999
1,6.4411,1.1946,0.0878,-1.8999
1,6.4431,1.1927,0.0875,-1.8999
1,6.4451,1.1906,0.0873,-1.8999
1,6.4471,1.1884,0.0870,-1.8999
1,6.4491,1.1862,0.0867,-1.8999
1,6.4511,1.1840,0.0865,-1.8999
1,6.4531,1.1820,0.0863,-1.8999
1,6.4551,1.1801,0.0861,-1.8999
1,6.4571,1.1784,0.0860,-1.8999
1,6.4591,1.1769,0.0859,-1.8999
1,6.4611,1.1757,0.0859,-1.8999
1,6.4631,1.1747,0.0858,-1.8999
1,6.4651,1.1739,0.0858,-1.8999
1,6.4671,1.1733,0.0857,-1.8999
1,6.4691,1.1729,0.0857,-1.8999
1,6.4711,1.1729,0.0857,-1.8999
1,6.4731,1.1730,0.0857,-1.8999
1,6.4751,1.1733,0.0857,-1.8999
1,6.4771,1.1738,0.0857,-1.8999
1,6.4791,1.1744,0.0857,-1.8999
1,6.4811,1.1751,0.0857,-1.8999
1,6.4831,1.1758,0.0858,-1.8999
1,6.4851,1.1765,0.0858,-1.8999
1,6.4871,1.1771,0.0858,-1.8999
1,6.4891,1.1775,0.0858,-1.8999
1,6.4911,1.1779,0.0858,-1.8999
1,6.4931,1.1781,0.0858,-1.8999
1,6.4951,1.1781,0.0858,-1.8999
1,6.4971,1.1780,0.0858,-1.8999
1,6.4991,1.1778,0.0858,-1.8999
1,6.5011,1.1776,0.0857,-1.8999
1,6.5031,1.1773,0.0857,-1.8999
1,6.5051,1.1770,0.0857,-1.8999
1,6.5071,1.1767,0.0857,-1.8999
1,6.5091,1.1764,0.0857,-1.8999
1,6.5111,1.1762,0.0857,-1.8999
1,6.5131,1.1759,0.0857,-1.8999
1,6.5151,1.1758,0.0857,-1.8999
1,6.5171,1.1758,0.0857,-1.8999
1,6.5191,1.1758,0.0857,-1.8999
1,6.5211,1.1758,0.0857,-1.8999
1,6.5231,1.1758,0.0857,-1.8999
1,6.5251,1.1758,0.0857,-1.8999
1,6.5271,1.1758,0.0857,-1.8999
1,6.5291,1.1758,0.0857,-1.8999
1,6.5311,1.1758,0.0857,-1.8999
1,6.5331,1.1758,0.0857,-1.8999
1,6.5351,1.1758,0.0857,-1.8999
1,6.5371,1.1758,0.0857,-1.8999
1,6.5391,1.1758,0.0857,-1.8999
1,6.5411,1.1758,0.0857,-1.8999
1,6.5431,1.1758,0.0857,-1.8999
1,6.5451,1.1758,0.0857,-1.8999
1,6.5471,1.1758,0.0857,-1.8999
1,6.5491,1.1758,0.0857,-1.8999
1,6.5511,1.1758,0.0857,-1.8999
1,6.5531,1.1758,0.0857,-1.8999
1,6.5551,1.1758,0.0857,-1.8999
1,6.5571,1.1758,0.0857,-1.8999
1,6.5591,1.1758,0.0857,-1.8999
1,6.5611,1.1758,0.0857,-1.8999
1,6.5631,1.1758,0.0857,-1.8999
1,6.5651,1.1758,0.0857,-1.8999
1,6.5671,1.1758,0.0857,-1.8999
1,6.5691,1.1757,0.0857,-1.8999
1,6.5711,1.1755,0.0857,-1.8999
1,6.5731,1.1751,0.0856,-1.8999
1,6.5751,1.1745,0.0855,-1.8999
1,6.5771,1.1736,0.0853,-1.8999
1,6.5791,1.1724,0.0851,-1.8999
1,6.5811,1.1709,0.0849,-1.8999
1,6.5831,1.1691,0.0846,-1.8999
1,6.5851,1.1671,0.0843,-1.8999
1,6.5871,1.1649,0.0841,-1.8999
1,6.5891,1.1626,0.0838,-1.8999
1,6.5911,1.1603,0.0836,-1.8999
1,6.5931,1.1581,0.0834,-1.8999
1,6.5951,1.1559,0.0832,-1.8999
1,6.5971,1.1540,0.0831,-1.8999
1,6.5991,1.1522,0.0831,-1.8999
1,6.6011,1.1508,0.0830,-1.8999
1,6.6031,1.1495,0.0830,-1.8999
1,6.6051,1.1485,0.0830,-1.8999
1,6.6071,1.1477,0.0830,-1.8999
1,6.6091,1.1473,0.0830,-1.8999
1,6.6111,1.1472,0.0830,-1.8999
1,6.6131,1.1474,0.0830,-1.8999
1,6.6151,1.1479,0.0830,-1.8999
1,6.6171,1.1485,0.0830,-1.8999
1,6.6191,1.1493,0.0830,-1.8999
1,6.6211,1.1502,0.0830,-1.8999
1,6.6231,1.1512,0.0830,-1.8999
1,6.6251,1.1521,0.0830,-1.8999
1,6.6271,1.1529,0.0830,-1.8999
1,6.6291,1.1536,0.0830,-1.8999
1,6.6311,1.1540,0.0830,-1.8999
1,6.6331,1.1543,0.0830,-1.8999
1,6.6351,1.1543,0.0830,-1.8999
1,6.6371,1.1542,0.0829,-1.8999
1,6.6391,1.1539,0.0829,-1.8999
1,6.6411,1.1535,0.0829,-1.8999
1,6.6431,1.1530,0.0829,-1.8999
1,6.6451,1.1525,0.0829,-1.8999
1,6.6471,1.1520,0.0829,-1.8999
1,6.6491,1.1515,0.0829,-1.8999
1,6.6511,1.1510,0.0829,-1.8999
1,6.6531,1.1507,0.0830,-1.8999
1,6.6551,1.1504,0.0830,-1.8999
1,6.6571,1.1503,0.0830,-1.8999
1,6.6591,1.1503,0.0830,-1.8999
1,6.6611,1.1503,0.0830,-1.8999
1,6.6631,1.1503,0.0830,-1.8999
1,6.6651,1.1503,0.0830,-1.8999
1,6.6671,1.1503,0.0830,-1.8999
1,6.6691,1.1503,0.0830,-1.8999
1,6.6711,1.1503,0.0830,-1.8999
1,6.6731,1.1503,0.0830,-1.8999
1,6.6751,1.1503,0.0830,-1.8999
1,6.6771,1.1503,0.0830,-1.8999
1,6.6791,1.1503,0.0830,-1.8999
1,6.6811,1.1503,0.0830,-1.8999
1,6.6831,1.1503,0.0830,-1.8999
1,6.6851,1.1503,0.0830,-1.8999
1,6.6871,1.1503,0.0830,-1.8999
1,6.6891,1.1503,0.0830,-1.8999
1,6.6911,1.1503,0.0830,-1.8999
1,6.6931,1.1503,0.0830,-1.8999
1,6.6951,1.1503,0.0830,-1.8999
1,6.6971,1.1503,0.0830,-1.8999
1,6.6991,1.1503,0.0830,-1.8999
1,6.7011,1.1503,0.0830,-1.8999
1,6.7031,1.1503,0.0830,-1.8999
1,6.7051,1.1503,0.0830,-1.8999
1,6.7071,1.1503,0.0830,-1.8999
1,6.7091,1.1503,0.0830,-1.8999
1,6.7111,1.1502,0.0830,-1.8999
1,6.7131,1.1500,0.0829,-1.8999
1,6.7151,1.1495,0.0828,-1.8999
1,6.7171,1.1488,0.0826,-1.8999
1,6.7191,1.1478,0.0824,-1.8999
1,6.7211,1.1465,0.0822,-1.8999
1,6.7231,1.1449,0.0819,-1.8999
1,6.7251,1.1430,0.0816,-1.8999
1,6.7271,1.1409,0.0814,-1.8999
1,6.7291,1.1387,0.0811,-1.8999
1,6.7311,1.1363,0.0809,-1.8999
1,6.7331,1.1340,0.0807,-1.8999
1,6.7351,1.1318,0.0805,-1.8999
1,6.7371,1.1296,0.0804,-1.8999
1,6.7391,1.1277,0.0804,-1.8999
1,6.7411,1.1261,0.0804,-1.8999
1,6.7431,1.1246,0.0804,-1.8999
1,6.7451,1.1234,0.0804,-1.8999
1,6.7471,1.1225,0.0804,-1.8999
1,6.7491,1.1219,0.0804,-1.8999
1,6.7511,1.1218,0.0804,-1.8999
1,6.7531,1.1220,0.0805,-1.8999
1,6.7551,1.1224,0.0805,-1.8999
1,6.7571,1.1232,0.0805,-1.8999
1,6.7591,1.1241,0.0805,-1.8999
1,6.7611,1.1251,0.0805,-1.8999
1,6.7631,1.1262,0.0804,-1.8999
1,6.7651,1.1273,0.0804,-1.8999
1,6.7671,1.1283,0.0804,-1.8999
1,6.7691,1.1291,0.0804,-1.8999
1,6.7711,1.1297,0.0803,-1.8999
1,6.7731,1.1300,0.0803,-1.8999
1,6.7751,1.1301,0.0803,-1.8999
1,6.7771,1.1299,0.0803,-1.8999
1,6.7791,1.1296,0.0803,-1.8999
1,6.7811,1.1292,0.0803,-1.8999
1,6.7831,1.1286,0.0803,-1.8999
1,6.7851,1.1279,0.0803,-1.8999
1,6.7871,1.1273,0.0803,-1.8999
1,6.7891,1.1266,0.0803,-1.8999
1,6.7911,1.1260,0.0803,-1.8999
1,6.7931,1.1256,0.0804,-1.8999
1,6.7951,1.1253,0.0804,-1.8999
1,6.7971,1.1251,0.0804,-1.8999
1,6.7991,1.1251,0.0804,-1.8999
1,6.8011,1.1252,0.0804,-1.8999
1,6.8031,1.1253,0.0804,-1.8999
1,6.8051,1.1255,0.0804,-1.8999
1,6.8071,1.1257,0.0804,-1.8999
1,6.8091,1.1260,0.0804,-1.8999
1,6.8111,1.1263,0.0804,-1.8999
1,6.8131,1.1265,0.0804,-1.8999
1,6.8151,1.1267,0.0804,-1.8999
1,6.8171,1.1269,0.0804,-1.8999
1,6.8191,1.1270,0.0804,-1.8999
1,6.8211,1.1271,0.0804,-1.8999
1,6.8231,1.1271,0.0804,-1.8999
1,6.8251,1.1271,0.0804,-1.8999
1,6.8271,1.1271,0.0804,-1.8999
1,6.8291,1.1271,0.0804,-1.8999
1,6.8311,1.1271,0.0804,-1.8999
1,6.8331,1.1271,0.0804,-1.8999
1,6.8351,1.1271,0.0804,-1.8999
1,6.8371,1.1271,0.0804,-1.8999
1,6.8391,1.1271,0.0804,-1.8999
1,6.8411,1.1271,0.0804,-1.8999
1,6.8431,1.1271,0.0804,-1.8999
1,6.8451,1.1271,0.0804,-1.8999
1,6.8471,1.1270,0.0804,-1.8999
1,6.8491,1.1269,0.0803,-1.8999
1,6.8511,1.1266,0.0803,-1.8999
1,6.8531,1.1261,0.0802,-1.8999
1,6.8551,1.1253,0.0801,-1.8999
1,6.8571,1.1242,0.0799,-1.8999
1,6.8591,1.1228,0.0797,-1.8999
1,6.8611,1.1211,0.0795,-1.8999
1,6.8631,1.1192,0.0792,-1.8999
1,6.8651,1.1171,0.0790,-1.8999
1,6.8671,1.1148,0.0787,-1.8999
1,6.8691,1.1125,0.0785,-1.8999
1,6.8711,1.1103,0.0783,-1.8999
1,6.8731,1.1081,0.0782,-1.8999
1,6.8751,1.1060,0.0781,-1.8999
1,6.8771,1.1042,0.0780,-1.8999
1,6.8791,1.1026,0.0780,-1.8999
1,6.8811,1.1013,0.0780,-1.8999
1,6.8831,1.1002,0.0780,-1.8999
1,6.8851,1.0993,0.0780,-1.8999
1,6.8871,1.0986,0.0780,-1.8999
1,6.8891,1.0982,0.0779,-1.8999
1,6.8911,1.0981,0.0779,-1.8999
1,6.8931,1.0982,0.0779,-1.8999
1,6.8951,1.0984,0.0778,-1.8999
1,6.8971,1.0989,0.0778,-1.8999
1,6.8991,1.0994,0.0778,-1.8999
1,6.9011,1.1001,0.0778,-1.8999
1,6.9031,1.1009,0.0778,-1.8999
1,6.9051,1.1016,0.0778,-1.8999
1,6.9071,1.1024,0.0778,-1.8999
1,6.9091,1.1030,0.0778,-1.8999
1,6.9111,1.1035,0.0778,-1.8999
1,6.9131,1.1039,0.0778,-1.8999
1,6.9151,1.1041,0.0778,-1.8999
1,6.9171,1.1041,0.0778,-1.8999
1,6.9191,1.1039,0.0778,-1.8999
1,6.9211,1.1037,0.0778,-1.8999
1,6.9231,1.1035,0.0778,-1.8999
1,6.9251,1.1032,0.0778,-1.8999
1,6.9271,1.1028,0.0778,-1.8999
1,6.9291,1.1025,0.0778,-1.8999
1,6.9311,1.1021,0.0778,-1.8999
1,6.9331,1.1018,0.0778,-1.8999
1,6.9351,1.1016,0.0778,-1.8999
1,6.9371,1.1015,0.0778,-1.8999
1,6.9391,1.1014,0.0778,-1.8999
1,6.9411,1.1014,0.0778,-1.8999
1,6.9431,1.1014,0.0778,-1.8999
1,6.9451,1.1014,0.0778,-1.8999
1,6.9471,1.1014,0.0778,-1.8999
1,6.9491,1.1014,0.0778,-1.8999
1,6.9511,1.1014,0.0778,-1.8999
1,6.9531,1.1014,0.0778,-1.8999
1,6.9551,1.1014,0.0778,-1.8999
1,6.9571,1.1014,0.0778,-1.8999
1,6.9591,1.1014,0.0778,-1.8999
1,6.9611,1.1014,0.0778,-1.8999
1,6.9631,1.1014,0.0778,-1.8999
1,6.9651,1.1014,0.0778,-1.8999
1,6.9671,1.1014,0.0778,-1.8999
1,6.9691,1.1014,0.0778,-1.8999
1,6.9711,1.1014,0.0778,-1.8999
1,6.9731,1.1014,0.0778,-1.8999
1,6.9751,1.1014,0.0778,-1.8999
1,6.9771,1.1014,0.0778,-1.8999
1,6.9791,1.1014,0.0778,-1.8999
1,6.9811,1.1014,0.0778,-1.8999
1,6.9831,1.1014,0.0778,-1.8999
1,6.9851,1.1014,0.0778,-1.8999
1,6.9871,1.1014,0.0778,-1.8999
1,6.9891,1.1014,0.0778,-1.8999
1,6.9911,1.1012,0.0778,-1.8999
1,6.9931,1.1009,0.0777,-1.8999
1,6.9951,1.1003,0.0776,-1.8999
1,6.9971,1.0994,0.0774,-1.8999
1,6.9991,1.0982,0.0772,-1.8999
1,7.0011,1.0967,0.0770,-1.8999
1,7.0031,1.0948,0.0767,-1.8999
1,7.0051,1.0926,0.0764,-1.8999
1,7.0071,1.0900,0.0760,-1.8999
1,7.0091,1.0872,0.0757,-1.8999
1,7.0111,1.0841,0.0754,-1.8999
1,7.0131,1.0808,0.0750,-1.8999
1,7.0151,1.0775,0.0748,-1.8999
1,7.0171,1.0740,0.0745,-1.8999
1,7.0191,1.0707,0.0743,-1.8999
1,7.0211,1.0674,0.0741,-1.8999
1,7.0231,1.0642,0.0739,-1.8999
1,7.0251,1.0612,0.0737,-1.8999
1,7.0271,1.0585,0.0736,-1.8999
1,7.0291,1.0562,0.0735,-1.8999
1,7.0311,1.0544,0.0734,-1.8999
1,7.0331,1.0533,0.0734,-1.8999
1,7.0351,1.0527,0.0734,-1.8999
1,7.0371,1.0529,0.0734,-1.8999
1,7.0391,1.0535,0.0734,-1.8999
1,7.0411,1.0546,0.0735,-1.8999
1,7.0431,1.0562,0.0736,-1.8999
1,7.0451,1.0581,0.0737,-1.8999
1,7.0471,1.0603,0.0738,-1.8999
1,7.0491,1.0627,0.0739,-1.8999
1,7.0511,1.0651,0.0741,-1.8999
1,7.0531,1.0674,0.0741,-1.8999
1,7.0551,1.0696,0.0742,-1.8999
1,7.0571,1.0715,0.0743,-1.8999
1,7.0591,1.0730,0.0743,-1.8999
1,7.0611,1.0742,0.0743,-1.8999
1,7.0631,1.0748,0.0743,-1.8999
1,7.0651,1.0750,0.0743,-1.8999
1,7.0671,1.0748,0.0743,-1.8999
1,7.0691,1.0742,0.0743,-1.8999
1,7.0711,1.0732,0.0742,-1.8999
1,7.0731,1.0720,0.0742,-1.8999
1,7.0751,1.0705,0.0742,-1.8999
1,7.0771,1.0689,0.0741,-1.8999
1,7.0791,1.0672,0.0741,-1.8999
1,7.0811,1.0655,0.0740,-1.8999
1,7.0831,1.0639,0.0739,-1.8999
1,7.0851,1.0624,0.0739,-1.8999
1,7.0871,1.0612,0.0738,-1.8999
1,7.0891,1.0602,0.0738,-1.8999
1,7.0911,1.0596,0.0738,-1.8999
1,7.0931,1.0593,0.0738,-1.8999
1,7.0951,1.0593,0.0738,-1.8999
1,7.0971,1.0596,0.0738,-1.8999
1,7.0991,1.0600,0.0738,-1.8999
1,7.1011,1.0607,0.0738,-1.8999
1,7.1031,1.0616,0.0738,-1.8999
1,7.1051,1.0625,0.0739,-1.8999
1,7.1071,1.0636,0.0739,-1.8999
1,7.1091,1.0646,0.0739,-1.8999
1,7.1111,1.0657,0.0740,-1.8999
1,7.1131,1.0666,0.0740,-1.8999
1,7.1151,1.0675,0.0740,-1.8999
1,7.1171,1.0682,0.0741,-1.8999
1,7.1191,1.0687,0.0741,-1.8999
1,7.1211,1.0690,0.0741,-1.8999
1,7.1231,1.0691,0.0741,-1.8999
1,7.1251,1.0690,0.0741,-1.8999
1,7.1271,1.0688,0.0741,-1.8999
1,7.1291,1.0683,0.0741,-1.8999
1,7.1311,1.0675,0.0740,-1.8999
1,7.1331,1.0665,0.0739,-1.8999
1,7.1351,1.0650,0.0737,-1.8999
1,7.1371,1.0633,0.0735,-1.8999
1,7.1391,1.0611,0.0732,-1.8999
1,7.1411,1.0587,0.0729,-1.8999
1,7.1431,1.0559,0.0726,-1.8999
1,7.1451,1.0529,0.0723,-1.8999
1,7.1471,1.0496,0.0720,-1.8999
1,7.1491,1.0462,0.0716,-1.8999
1,7.1511,1.0428,0.0713,-1.8999
1,7.1531,1.0394,0.0711,-1.8999
1,7.1551,1.0360,0.0708,-1.8999
1,7.1571,1.0328,0.0706,-1.8999
1,7.1591,1.0298,0.0705,-1.8999
1,7.1611,1.0271,0.0704,-1.8999
1,7.1631,1.0245,0.0702,-1.8999
1,7.1651,1.0223,0.0701,-1.8999
1,7.1671,1.0204,0.0700,-1.8999
1,7.1691,1.0189,0.0700,-1.8999
1,7.1711,1.0180,0.0699,-1.8999
1,7.1731,1.0176,0.0699,-1.8999
1,7.1751,1.0176,0.0699,-1.8999
1,7.1771,1.0182,0.0699,-1.8999
1,7.1791,1.0190,0.0700,-1.8999
1,7.1811,1.0203,0.0700,-1.8999
1,7.1831,1.0218,0.0701,-1.8999
1,7.1851,1.0235,0.0702,-1.8999
1,7.1871,1.0253,0.0703,-1.8999
1,7.1891,1.0272,0.0703,-1.8999
1,7.1911,1.0290,0.0704,-1.8999
1,7.1931,1.0307,0.0705,-1.8999
1,7.1951,1.0322,0.0705,-1.8999
1,7.1971,1.0335,0.0705,-1.8999
1,7.1991,1.0343,0.0705,-1.8999
1,7.2011,1.0349,0.0705,-1.8999
1,7.2031,1.0350,0.0705,-1.8999
1,7.2051,1.0349,0.0705,-1.8999
1,7.2071,1.0345,0.0705,-1.8999
1,7.2091,1.0338,0.0705,-1.8999
1,7.2111,1.0330,0.0704,-1.8999
1,7.2131,1.0319,0.0704,-1.8999
1,7.2151,1.0308,0.0704,-1.8999
1,7.2171,1.0296,0.0703,-1.8999
1,7.2191,1.0285,0.0703,-1.8999
1,7.2211,1.0273,0.0703,-1.8999
1,7.2231,1.0263,0.0702,-1.8999
1,7.2251,1.0254,0.0702,-1.8999
1,7.2271,1.0248,0.0702,-1.8999
1,7.2291,1.0243,0.0702,-1.8999
1,7.2311,1.0241,0.0702,-1.8999
1,7.2331,1.0241,0.0702,-1.8999
1,7.2351,1.0242,0.0702,-1.8999
1,7.2371,1.0245,0.0702,-1.8999
1,7.2391,1.0248,0.0702,-1.8999
1,7.2411,1.0252,0.0702,-1.8999
1,7.2431,1.0257,0.0702,-1.8999
1,7.2451,1.0262,0.0702,-1.8999
1,7.2471,1.0268,0.0703,-1.8999
1,7.2491,1.0273,0.0703,-1.8999
1,7.2511,1.0278,0.0703,-1.8999
1,7.2531,1.0282,0.0703,-1.8999
1,7.2551,1.0286,0.0703,-1.8999
1,7.2571,1.0289,0.0703,-1.8999
1,7.2591,1.0290,0.0703,-1.8999
1,7.2611,1.0291,0.0703,-1.8999
1,7.2631,1.0291,0.0703,-1.8999
1,7.2651,1.0291,0.0703,-1.8999
1,7.2671,1.0291,0.0703,-1.8999
1,7.2691,1.0289,0.0703,-1.8999
1,7.2711,1.0285,0.0703,-1.8999
1,7.2731,1.0279,0.0702,-1.8999
1,7.2751,1.0270,0.0701,-1.8999
1,7.2771,1.0258,0.0700,-1.8999
1,7.2791,1.0242,0.0698,-1.8999
1,7.2811,1.0223,0.0697,-1.8999
1,7.2831,1.0200,0.0695,-1.8999
1,7.2851,1.0174,0.0693,-1.8999
1,7.2871,1.0145,0.0691,-1.8999
1,7.2891,1.0114,0.0689,-1.8999
1,7.2911,1.0081,0.0687,-1.8999
1,7.2931,1.0047,0.0686,-1.8999
1,7.2951,1.0014,0.0685,-1.8999
1,7.2971,0.9981,0.0684,-1.8999
1,7.2991,0.9947,0.0683,-1.8999
1,7.3011,0.9912,0.0682,-1.8999
1,7.3031,0.9872,0.0681,-1.8999
1,7.3051,0.9826,0.0678,-1.8999
1,7.3071,0.9772,0.0674,-1.8999
1,7.3091,0.9708,0.0669,-1.8999
1,7.3111,0.9631,0.0662,-1.8999
1,7.3131,0.9541,0.0654,-1.8999
1,7.3151,0.9434,0.0644,-1.8999
1,7.3171,0.9306,0.0634,-1.8999
1,7.3191,0.9153,0.0621,-1.8999
1,7.3211,0.8970,0.0608,-1.8999
1,7.3231,0.8765,0.0588,-1.8999
1,7.3251,0.8524,0.0556,-1.8999
1,7.3271,0.8193,0.0505,-1.8999
1,7.3291,0.7635,0.0416,-1.8999
2,7.4811,-0.0000,0.0000,0.0000
2,7.4831,-0.0000,0.0000,0.0001
2,7.4851,-0.0001,0.0000,0.0002
2,7.4871,-0.0002,0.0000,0.0003
2,7.4891,-0.0002,0.0000,0.0004
2,7.4911,-0.0003,0.0000,0.0005
2,7.4931,-0.0004,0.0000,0.0005
2,7.4951,-0.0005,0.0001,0.0005
2,7.4971,-0.0006,0.0001,0.0005
2,7.4991,-0.0006,0.0001,0.0005
2,7.5011,-0.0007,0.0002,0.0005
2,7.5031,-0.0008,0.0002,0.0004
2,7.5051,-0.0008,0.0002,0.0004
2,7.5071,-0.0009,0.0002,0.0004
2,7.5091,-0.0009,0.0003,0.0004
2,7.5111,-0.0010,0.0003,0.0004
2,7.5131,-0.0010,0.0003,0.0004
2,7.5151,-0.0010,0.0003,0.0004
2,7.5171,-0.0010,0.0003,0.0004
2,7.5191,-0.0010,0.0003,0.0004
2,7.5211,-0.0011,0.0003,0.0004
2,7.5231,-0.0011,0.0003,0.0005
2,7.5251,-0.0011,0.0003,0.0005
2,7.5271,-0.0011,0.0003,0.0005
2,7.5291,-0.0011,0.0003,0.0005
2,7.5311,-0.0011,0.0003,0.0005
2,7.5331,-0.0011,0.0003,0.0004
2,7.5351,-0.0011,0.0003,0.0004
2,7.5371,-0.0011,0.0003,0.0004
2,7.5391,-0.0011,0.0003,0.0004
2,7.5411,-0.0010,0.0003,0.0004
2,7.5431,-0.0010,0.0003,0.0004
2,7.5451,-0.0010,0.0003,0.0004
2,7.5471,-0.0010,0.0003,0.0004
2,7.5491,-0.0010,0.0003,0.0004
2,7.5511,-0.0010,0.0003,0.0004
2,7.5531,-0.0010,0.0003,0.0004
2,7.5551,-0.0010,0.0003,0.0004
2,7.5571,-0.0010,0.0003,0.0004
2,7.5591,-0.0010,0.0003,0.0004
2,7.5611,-0.0010,0.0003,0.0004
2,7.5631,-0.0010,0.0003,0.0004
2,7.5651,-0.0010,0.0003,0.0004
2,7.5671,-0.0010,0.0003,0.0004
2,7.5691,-0.0010,0.0003,0.0004
2,7.5711,-0.0010,0.0003,0.0004
2,7.5731,-0.0010,0.0003,0.0004
2,7.5751,-0.0010,0.0003,0.0004
2,7.5771,-0.0010,0.0003,0.0004
2,7.5791,-0.0010,0.0003,0.0004
2,7.5811,-0.0010,0.0003,0.0004
2,7.5831,-0.0010,0.0003,0.0004
2,7.5851,-0.0010,0.0003,0.0004
2,7.5871,-0.0010,0.0003,0.0004
2,7.5891,-0.0010,0.0003,0.0004
2,7.5911,-0.0010,0.0003,0.0004
2,7.5931,-0.0010,0.0003,0.0004
2,7.5951,-0.0010,0.0003,0.0004
2,7.5971,-0.0010,0.0003,0.0004
2,7.5991,-0.0010,0.0003,0.0004
2,7.6011,-0.0010,0.0003,0.0004
2,7.6031,-0.0010,0.0003,0.0004
2,7.6051,-0.0010,0.0003,0.0004
2,7.6071,-0.0010,0.0003,0.0004
2,7.6091,-0.0010,0.0003,0.0004
2,7.6111,-0.0010,0.0003,0.0004
2,7.6131,-0.0010,0.0003,0.0004
2,7.6151,-0.0010,0.0003,0.0004
2,7.6171,-0.0010,0.0003,0.0004
2,7.6191,-0.0010,0.0003,0.0004
2,7.6211,-0.0010,0.0003,0.0004
2,7.6231,-0.0010,0.0003,0.0004
2,7.6251,-0.0010,0.0003,0.0004
2,7.6271,-0.0010,0.0003,0.0004
2,7.6291,-0.0010,0.0003,0.0004
2,7.6311,-0.0010,0.0003,0.0004
2,7.6331,-0.0010,0.0003,0.0004
2,7.6351,-0.0010,0.0003,0.0004
2,7.6371,-0.0010,0.0003,0.0004
2,7.6391,-0.0010,0.0003,0.0004
2,7.6411,-0.0010,0.0003,0.0004
2,7.6431,-0.0010,0.0003,0.0004
2,7.6451,-0.0010,0.0003,0.0004
2,7.6471,-0.0010,0.0003,0.0004
2,7.6491,-0.0010,0.0003,0.0004
2,7.6511,-0.0010,0.0003,0.0004
2,7.6531,-0.0010,0.0003,0.0004
2,7.6551,-0.0010,0.0003,0.0004
2,7.6571,-0.0010,0.0003,0.0004
2,7.6591,-0.0010,0.0003,0.0004
2,7.6611,-0.0010,0.0003,0.0004
2,7.6631,-0.0010,0.0003,0.0004
2,7.6651,-0.0010,0.0003,0.0004
2,7.6671,-0.0010,0.0003,0.0004
2,7.6691,-0.0010,0.0003,0.0004
2,7.6711,-0.0010,0.0003,0.0004
2,7.6731,-0.0010,0.0003,0.0004
2,7.6751,-0.0010,0.0003,0.0004
2,7.6771,-0.0010,0.0003,0.0004
2,7.6791,-0.0010,0.0003,0.0004
2,7.6811,-0.0010,0.0003,0.0004
2,7.6831,-0.0010,0.0003,0.0004
2,7.6851,-0.0010,0.0003,0.0004
2,7.6871,-0.0010,0.0003,0.0004
2,7.6891,-0.0010,0.0003,0.0004
2,7.6911,-0.0010,0.0003,0.0004
2,7.6931,-0.0010,0.0003,0.0004
2,7.6951,-0.0010,0.0003,0.0004
2,7.6971,-0.0010,0.0003,0.0004
2,7.6991,-0.0010,0.0003,0.0004
2,7.7011,-0.0010,0.0003,0.0004
2,7.7031,-0.0010,0.0003,0.0004
2,7.7051,-0.0010,0.0003,0.0004
2,7.7071,-0.0010,0.0003,0.0004
2,7.7091,-0.0010,0.0003,0.0004
2,7.7111,-0.0010,0.0003,0.0004
2,7.7131,-0.0010,0.0003,0.0004
2,7.7151,-0.0010,0.0003,0.0004
2,7.7171,-0.0010,0.0003,0.0004
2,7.7191,-0.0010,0.0003,0.0004
2,7.7211,-0.0010,0.0003,0.0004
2,7.7231,-0.0010,0.0003,0.0004
2,7.7251,-0.0010,0.0003,0.0004
2,7.7271,-0.0010,0.0003,0.0004
2,7.7291,-0.0010,0.0003,0.0004
2,7.7311,-0.0010,0.0003,0.0004
2,7.7331,-0.0010,0.0003,0.0004
2,7.7351,-0.0010,0.0003,0.0004
2,7.7371,-0.0010,0.0003,0.0004
2,7.7391,-0.0010,0.0003,0.0004
2,7.7411,-0.0010,0.0003,0.0004
2,7.7431,-0.0010,0.0003,0.0004
2,7.7451,-0.0010,0.0003,0.0004
2,7.7471,-0.0010,0.0003,0.0004
2,7.7491,-0.0010,0.0003,0.0004
2,7.7511,-0.0010,0.0003,0.0004
2,7.7531,-0.0010,0.0003,0.0004
2,7.7551,-0.0010,0.0003,0.0004
2,7.7571,-0.0010,0.0003,0.0004
2,7.7591,-0.0010,0.0003,0.0004
2,7.7611,-0.0010,0.0003,0.0004
2,7.7631,-0.0010,0.0003,0.0004
2,7.7651,-0.0010,0.0003,0.0004
2,7.7671,-0.0010,0.0003,0.0004
2,7.7691,-0.0010,0.0003,0.0004
2,7.7711,-0.0010,0.0003,0.0004
2,7.7731,-0.0010,0.0003,0.0004
2,7.7751,-0.0010,0.0003,0.0004
2,7.7771,-0.0010,0.0003,0.0004
2,7.7791,-0.0010,0.0003,0.0004
2,7.7811,-0.0010,0.0003,0.0004
2,7.7831,-0.0010,0.0003,0.0004
2,7.7851,-0.0010,0.0003,0.0004
2,7.7871,-0.0010,0.0003,0.0004
2,7.7891,-0.0010,0.0003,0.0004
2,7.7911,-0.0010,0.0003,0.0004
2,7.7931,-0.0010,0.0003,0.0004
2,7.7951,-0.0010,0.0003,0.0004
2,7.7971,-0.0010,0.0003,0.0004
2,7.7991,-0.0010,0.0003,0.0004
2,7.8011,-0.0010,0.0003,0.0004
2,7.8031,-0.0010,0.0003,0.0004
2,7.8051,-0.0010,0.0003,0.0004
2,7.8071,-0.0010,0.0003,0.0004
2,7.8091,-0.0010,0.0003,0.0004
2,7.8111,-0.0010,0.0003,0.0004
2,7.8131,-0.0010,0.0003,0.0004
2,7.8151,-0.0010,0.0003,0.0004
2,7.8171,-0.0010,0.0003,0.0004
2,7.8191,-0.0010,0.0003,0.0004
2,7.8211,-0.0010,0.0003,0.0004
2,7.8231,-0.0010,0.0003,0.0004
2,7.8251,-0.0010,0.0003,0.0004
2,7.8271,-0.0010,0.0003,0.0004
2,7.8291,-0.0010,0.0003,0.0004
2,7.8311,-0.0010,0.0003,0.0004
2,7.8331,-0.0010,0.0003,0.0004
2,7.8351,-0.0010,0.0003,0.0004
2,7.8371,-0.0010,0.0003,0.0004
2,7.8391,-0.0010,0.0003,0.0004
2,7.8411,-0.0010,0.0003,0.0004
2,7.8431,-0.0010,0.0003,0.0004
2,7.8451,-0.0010,0.0003,0.0004
2,7.8471,-0.0010,0.0003,0.0004
2,7.8491,-0.0010,0.0003,0.0004
2,7.8511,-0.0010,0.0003,0.0004
2,7.8531,-0.0010,0.0003,0.0004
2,7.8551,-0.0010,0.0003,0.0004
2,7.8571,-0.0010,0.0003,0.0004
2,7.8591,-0.0010,0.0003,0.0004
2,7.8611,-0.0010,0.0003,0.0004
2,7.8631,-0.0010,0.0003,0.0004
2,7.8651,-0.0010,0.0003,0.0004
2,7.8671,-0.0010,0.0003,0.0004
2,7.8691,-0.0010,0.0003,0.0004
2,7.8711,-0.0010,0.0003,0.0004
2,7.8731,-0.0010,0.0003,0.0004
2,7.8751,-0.0010,0.0003,0.0004
2,7.8771,-0.0010,0.0003,0.0004
2,7.8791,-0.0010,0.0003,0.0004
2,7.8811,-0.0010,0.0003,0.0004
2,7.8831,-0.0010,0.0003,0.0004
2,7.8851,-0.0010,0.0003,0.0004
2,7.8871,-0.0010,0.0003,0.0004
2,7.8891,-0.0010,0.0003,0.0004
2,7.8911,-0.0010,0.0003,0.0004
2,7.8931,-0.0010,0.0003,0.0004
2,7.8951,-0.0010,0.0003,0.0004
2,7.8971,-0.0010,0.0003,0.0004
2,7.8991,-0.0010,0.0003,0.0004
2,7.9011,-0.0010,0.0003,0.0004
2,7.9031,-0.0010,0.0003,0.0004
2,7.9051,-0.0010,0.0003,0.0004
2,7.9071,-0.0010,0.0003,0.0004
2,7.9091,-0.0010,0.0003,0.0004
2,7.9111,-0.0010,0.0003,0.0004
2,7.9131,-0.0010,0.0003,0.0004
2,7.9151,-0.0010,0.0003,0.0004
2,7.9171,-0.0010,0.0003,0.0004
2,7.9191,-0.0010,0.0003,0.0004
2,7.9211,-0.0010,0.0003,0.0004
2,7.9231,-0.0010,0.0003,0.0004
2,7.9251,-0.0010,0.0003,0.0004
2,7.9271,-0.0010,0.0003,0.0004
2,7.9291,-0.0010,0.0003,0.0004
2,7.9311,-0.0010,0.0003,0.0004
2,7.9331,-0.0010,0.0003,0.0004
2,7.9351,-0.0010,0.0003,0.0004
2,7.9371,-0.0010,0.0003,0.0004
2,7.9391,-0.0010,0.0003,0.0004
2,7.9411,-0.0010,0.0003,0.0004
2,7.9431,-0.0010,0.0003,0.0004
2,7.9451,-0.0010,0.0003,0.0004
2,7.9471,-0.0010,0.0003,0.0004
2,7.9491,-0.0010,0.0003,0.0004
2,7.9511,-0.0010,0.0003,0.0004
2,7.9531,-0.0010,0.0003,0.0004
2,7.9551,-0.0010,0.0003,0.0004
2,7.9571,-0.0010,0.0003,0.0004
2,7.9591,-0.0010,0.0003,0.0004
2,7.9611,-0.0010,0.0003,0.0004
2,7.9631,-0.0010,0.0003,0.0004
2,7.9651,-0.0010,0.0003,0.0004
2,7.9671,-0.0010,0.0003,0.0004
2,7.9691,-0.0010,0.0003,0.0004
2,7.9711,-0.0010,0.0003,0.0004
2,7.9731,-0.0010,0.0003,0.0004
2,7.9751,-0.0010,0.0003,0.0004
2,7.9771,-0.0010,0.0003,0.0004
2,7.9791,-0.0010,0.0003,0.0004
2,7.9811,-0.0010,0.0003,0.0004
2,7.9831,-0.0010,0.0003,0.0004
2,7.9851,-0.0009,0.0004,0.0005
2,7.9871,-0.0005,0.0004,0.0005
2,7.9891,0.0002,0.0006,0.0005
2,7.9911,0.0015,0.0008,0.0006
2,7.9931,0.0036,0.0012,0.0008
2,7.9951,0.0065,0.0017,0.0009
2,7.9971,0.0104,0.0024,0.0011
2,7.9991,0.0154,0.0033,0.0013
2,8.0011,0.0214,0.0044,0.0015
2,8.0031,0.0285,0.0057,0.0017
2,8.0051,0.0366,0.0071,0.0019
2,8.0071,0.0457,0.0088,0.0020
2,8.0091,0.0556,0.0106,0.0021
2,8.0111,0.0661,0.0125,0.0022
2,8.0131,0.0772,0.0144,0.0022
2,8.0151,0.0885,0.0164,0.0022
2,8.0171,0.0999,0.0182,0.0022
2,8.0191,0.1111,0.0200,0.0022
2,8.0211,0.1220,0.0216,0.0021
2,8.0231,0.1323,0.0230,0.0020
2,8.0251,0.1419,0.0241,0.0019
2,8.0271,0.1506,0.0249,0.0017
2,8.0291,0.1583,0.0254,0.0015
2,8.0311,0.1649,0.0255,0.0012
2,8.0331,0.1704,0.0252,0.0010
2,8.0351,0.1747,0.0246,0.0007
2,8.0371,0.1779,0.0237,0.0005
2,8.0391,0.1801,0.0225,0.0004
2,8.0411,0.1814,0.0212,0.0004
2,8.0431,0.1819,0.0197,0.0004
2,8.0451,0.1818,0.0182,0.0005
2,8.0471,0.1814,0.0168,0.0007
2,8.0491,0.1807,0.0155,0.0009
2,8.0511,0.1801,0.0144,0.0012
2,8.0531,0.1798,0.0136,0.0015
2,8.0551,0.1799,0.0131,0.0017
2,8.0571,0.1806,0.0130,0.0019
2,8.0591,0.1821,0.0132,0.0020
2,8.0611,0.1845,0.0138,0.0019
2,8.0631,0.1881,0.0148,0.0018
2,8.0651,0.1926,0.0161,0.0016
2,8.0671,0.1980,0.0176,0.0013
2,8.0691,0.2041,0.0192,0.0009
2,8.0711,0.2104,0.0209,0.0005
2,8.0731,0.2168,0.0224,-0.0000
2,8.0751,0.2230,0.0238,-0.0005
2,8.0771,0.2288,0.0249,-0.0011
2,8.0791,0.2339,0.0256,-0.0015
2,8.0811,0.2381,0.0259,-0.0019
2,8.0831,0.2413,0.0258,-0.0022
2,8.0851,0.2434,0.0252,-0.0023
2,8.0871,0.2442,0.0242,-0.0023
2,8.0891,0.2438,0.0229,-0.0021
2,8.0911,0.2423,0.0214,-0.0017
2,8.0931,0.2396,0.0196,-0.0013
2,8.0951,0.2359,0.0178,-0.0007
2,8.0971,0.2315,0.0159,-0.0001
2,8.0991,0.2264,0.0142,0.0004
2,8.1011,0.2209,0.0128,0.0010
2,8.1031,0.2153,0.0117,0.0014
2,8.1051,0.2097,0.0109,0.0018
2,8.1071,0.2044,0.0106,0.0020
2,8.1091,0.1996,0.0108,0.0021
2,8.1111,0.1955,0.0115,0.0020
2,8.1131,0.1923,0.0126,0.0019
2,8.1151,0.1901,0.0142,0.0016
2,8.1171,0.1892,0.0161,0.0014
2,8.1191,0.1898,0.0184,0.0012
2,8.1211,0.1920,0.0208,0.0010
2,8.1231,0.1959,0.0234,0.0008
2,8.1251,0.2016,0.0261,0.0008
2,8.1271,0.2090,0.0286,0.0007
2,8.1291,0.2180,0.0310,0.0007
2,8.1311,0.2284,0.0330,0.0007
2,8.1331,0.2399,0.0346,0.0005
2,8.1351,0.2525,0.0357,0.0003
2,8.1371,0.2656,0.0363,-0.0000
2,8.1391,0.2790,0.0363,-0.0004
2,8.1411,0.2924,0.0357,-0.0009
2,8.1431,0.3054,0.0346,-0.0013
2,8.1451,0.3178,0.0330,-0.0017
2,8.1471,0.3293,0.0311,-0.0020
2,8.1491,0.3396,0.0289,-0.0021
2,8.1511,0.3486,0.0266,-0.0020
2,8.1531,0.3562,0.0243,-0.0018
2,8.1551,0.3624,0.0222,-0.0014
2,8.1571,0.3671,0.0204,-0.0009
2,8.1591,0.3703,0.0191,-0.0004
2,8.1611,0.3722,0.0183,0.0003
2,8.1631,0.3730,0.0181,0.0008
2,8.1651,0.3728,0.0186,0.0013
2,8.1671,0.3719,0.0197,0.0017
2,8.1691,0.3705,0.0216,0.0019
2,8.1711,0.3689,0.0240,0.0019
2,8.1731,0.3674,0.0269,0.0018
2,8.1751,0.3662,0.0303,0.0015
2,8.1771,0.3656,0.0338,0.0012
2,8.1791,0.3658,0.0375,0.0008
2,8.1811,0.3670,0.0411,0.0005
2,8.1831,0.3694,0.0444,0.0002
2,8.1851,0.3729,0.0474,0.0000
2,8.1871,0.3777,0.0498,-0.0000
2,8.1891,0.3838,0.0516,0.0000
2,8.1911,0.3911,0.0526,0.0001
2,8.1931,0.3997,0.0530,0.0003
2,8.1951,0.4092,0.0526,0.0005
2,8.1971,0.4194,0.0514,0.0007
2,8.1991,0.4298,0.0495,0.0007
2,8.2011,0.4399,0.0470,0.0005
2,8.2031,0.4494,0.0439,0.0001
2,8.2051,0.4579,0.0403,-0.0004
2,8.2071,0.4652,0.0366,-0.0010
2,8.2091,0.4708,0.0329,-0.0016
2,8.2111,0.4748,0.0294,-0.0019
2,8.2131,0.4769,0.0262,-0.0021
2,8.2151,0.4771,0.0237,-0.0020
2,8.2171,0.4755,0.0219,-0.0016
2,8.2191,0.4721,0.0210,-0.0009
2,8.2211,0.4671,0.0209,0.0000
2,8.2231,0.4608,0.0218,0.0009
2,8.2251,0.4533,0.0235,0.0018
2,8.2271,0.4450,0.0260,0.0025
2,8.2291,0.4362,0.0291,0.0029
2,8.2311,0.4273,0.0327,0.0030
2,8.2331,0.4185,0.0366,0.0027
2,8.2351,0.4103,0.0406,0.0022
2,8.2371,0.4030,0.0445,0.0015
2,8.2391,0.3967,0.0481,0.0007
2,8.2411,0.3918,0.0512,-0.0001
2,8.2431,0.3884,0.0537,-0.0006
2,8.2451,0.3867,0.0554,-0.0009
2,8.2471,0.3870,0.0564,-0.0009
2,8.2491,0.3893,0.0565,-0.0006
2,8.2511,0.3938,0.0558,0.0000
2,8.2531,0.4004,0.0544,0.0008
2,8.2551,0.4090,0.0523,0.0017
2,8.2571,0.4196,0.0498,0.0025
2,8.2591,0.4318,0.0468,0.0032
2,8.2611,0.4454,0.0436,0.0035
2,8.2631,0.4600,0.0404,0.0034
2,8.2651,0.4753,0.0374,0.0030
2,8.2671,0.4909,0.0347,0.0024
2,8.2691,0.5064,0.0326,0.0015
2,8.2711,0.5213,0.0311,0.0005
2,8.2731,0.5353,0.0303,-0.0003
2,8.2751,0.5482,0.0304,-0.0011
2,8.2771,0.5596,0.0312,-0.0017
2,8.2791,0.5693,0.0327,-0.0020
2,8.2811,0.5772,0.0348,-0.0021
2,8.2831,0.5832,0.0375,-0.0020
2,8.2851,0.5873,0.0405,-0.0017
2,8.2871,0.5895,0.0437,-0.0014
2,8.2891,0.5899,0.0470,-0.0011
2,8.2911,0.5889,0.0501,-0.0008
2,8.2931,0.5865,0.0529,-0.0006
2,8.2951,0.5832,0.0553,-0.0005
2,8.2971,0.5793,0.0572,-0.0005
2,8.2991,0.5752,0.0586,-0.0005
2,8.3011,0.5712,0.0594,-0.0004
2,8.3031,0.5678,0.0597,-0.0003
2,8.3051,0.5652,0.0595,0.0000
2,8.3071,0.5638,0.0589,0.0005
2,8.3091,0.5639,0.0580,0.0010
2,8.3111,0.5656,0.0569,0.0017
2,8.3131,0.5691,0.0558,0.0024
2,8.3151,0.5745,0.0547,0.0030
2,8.3171,0.5816,0.0538,0.0035
2,8.3191,0.5904,0.0531,0.0038
2,8.3211,0.6008,0.0528,0.0038
2,8.3231,0.6126,0.0530,0.0036
2,8.3251,0.6256,0.0536,0.0031
2,8.3271,0.6390,0.0545,0.0023
2,8.3291,0.6525,0.0557,0.0012
2,8.3311,0.6654,0.0569,-0.0002
2,8.3331,0.6773,0.0582,-0.0016
2,8.3351,0.6876,0.0593,-0.0030
2,8.3371,0.6960,0.0602,-0.0043
2,8.3391,0.7022,0.0608,-0.0054
2,8.3411,0.7060,0.0611,-0.0060
2,8.3431,0.7072,0.0609,-0.0062
2,8.3451,0.7058,0.0604,-0.0060
2,8.3471,0.7020,0.0596,-0.0053
2,8.3491,0.6959,0.0585,-0.0043
2,8.3511,0.6878,0.0573,-0.0030
2,8.3531,0.6780,0.0560,-0.0016
2,8.3551,0.6669,0.0548,-0.0002
2,8.3571,0.6550,0.0537,0.0011
2,8.3591,0.6428,0.0529,0.0021
2,8.3611,0.6308,0.0525,0.0029
2,8.3631,0.6195,0.0525,0.0033
2,8.3651,0.6092,0.0529,0.0034
2,8.3671,0.6005,0.0538,0.0033
2,8.3691,0.5936,0.0551,0.0031
2,8.3711,0.5888,0.0567,0.0028
2,8.3731,0.5863,0.0585,0.0025
2,8.3751,0.5863,0.0605,0.0022
2,8.3771,0.5888,0.0625,0.0021
2,8.3791,0.5939,0.0644,0.0021
2,8.3811,0.6015,0.0661,0.0023
2,8.3831,0.6115,0.0676,0.0025
2,8.3851,0.6236,0.0687,0.0027
2,8.3871,0.6375,0.0694,0.0028
2,8.3891,0.6529,0.0696,0.0027
2,8.3911,0.6693,0.0694,0.0024
2,8.3931,0.6863,0.0687,0.0017
2,8.3951,0.7033,0.0677,0.0009
2,8.3971,0.7199,0.0663,-0.0001
2,8.3991,0.7357,0.0648,-0.0011
2,8.4011,0.7503,0.0632,-0.0022
2,8.4031,0.7634,0.0616,-0.0031
2,8.4051,0.7747,0.0602,-0.0038
2,8.4071,0.7840,0.0590,-0.0041
2,8.4091,0.7912,0.0582,-0.0042
2,8.4111,0.7962,0.0579,-0.0039
2,8.4131,0.7992,0.0581,-0.0033
2,8.4151,0.8002,0.0588,-0.0024
2,8.4171,0.7993,0.0600,-0.0015
2,8.4191,0.7970,0.0617,-0.0005
2,8.4211,0.7934,0.0639,0.0004
2,8.4231,0.7889,0.0663,0.0011
2,8.4251,0.7840,0.0689,0.0016
2,8.4271,0.7790,0.0717,0.0019
2,8.4291,0.7742,0.0743,0.0020
2,8.4311,0.7702,0.0769,0.0020
2,8.4331,0.7672,0.0792,0.0019
2,8.4351,0.7657,0.0811,0.0018
2,8.4371,0.7657,0.0826,0.0018
2,8.4391,0.7676,0.0837,0.0019
2,8.4411,0.7714,0.0843,0.0021
2,8.4431,0.7771,0.0845,0.0025
2,8.4451,0.7848,0.0842,0.0029
2,8.4471,0.7943,0.0834,0.0032
2,8.4491,0.8053,0.0824,0.0034
2,8.4511,0.8178,0.0812,0.0035
2,8.4531,0.8315,0.0798,0.0033
2,8.4551,0.8460,0.0784,0.0029
2,8.4571,0.8608,0.0770,0.0020
2,8.4591,0.8752,0.0756,0.0009
2,8.4611,0.8888,0.0742,-0.0006
2,8.4631,0.9010,0.0730,-0.0023
2,8.4651,0.9113,0.0718,-0.0040
2,8.4671,0.9195,0.0708,-0.0056
2,8.4691,0.9254,0.0700,-0.0070
2,8.4711,0.9286,0.0694,-0.0078
2,8.4731,0.9292,0.0691,-0.0082
2,8.4751,0.9272,0.0690,-0.0080
2,8.4771,0.9227,0.0692,-0.0072
2,8.4791,0.9159,0.0697,-0.0059
2,8.4811,0.9070,0.0705,-0.0043
2,8.4831,0.8963,0.0715,-0.0025
2,8.4851,0.8844,0.0728,-0.0006
2,8.4871,0.8716,0.0742,0.0010
2,8.4891,0.8585,0.0758,0.0024
2,8.4911,0.8454,0.0775,0.0034
2,8.4931,0.8330,0.0791,0.0039
2,8.4951,0.8216,0.0807,0.0040
2,8.4971,0.8118,0.0823,0.0038
2,8.4991,0.8039,0.0836,0.0034
2,8.5011,0.7981,0.0848,0.0030
2,8.5031,0.7947,0.0857,0.0026
2,8.5051,0.7939,0.0863,0.0025
2,8.5071,0.7958,0.0867,0.0027
2,8.5091,0.8004,0.0869,0.0031
2,8.5111,0.8078,0.0869,0.0038
2,8.5131,0.8177,0.0867,0.0045
2,8.5151,0.8299,0.0863,0.0052
2,8.5171,0.8442,0.0858,0.0057
2,8.5191,0.8602,0.0851,0.0058
2,8.5211,0.8773,0.0844,0.0054
2,8.5231,0.8951,0.0836,0.0044
2,8.5251,0.9132,0.0828,0.0030
2,8.5271,0.9310,0.0820,0.0012
2,8.5291,0.9482,0.0813,-0.0007
2,8.5311,0.9642,0.0806,-0.0027
2,8.5331,0.9787,0.0801,-0.0045
2,8.5351,0.9916,0.0797,-0.0060
2,8.5371,1.0024,0.0794,-0.0069
2,8.5391,1.0111,0.0794,-0.0073
2,8.5411,1.0176,0.0795,-0.0071
2,8.5431,1.0218,0.0799,-0.0064
2,8.5451,1.0239,0.0804,-0.0053
2,8.5471,1.0239,0.0811,-0.0039
2,8.5491,1.0222,0.0821,-0.0024
2,8.5511,1.0189,0.0832,-0.0010
2,8.5531,1.0143,0.0846,0.0003
2,8.5551,1.0089,0.0862,0.0013
2,8.5571,1.0030,0.0879,0.0021
2,8.5591,0.9970,0.0899,0.0027
2,8.5611,0.9914,0.0919,0.0031
2,8.5631,0.9866,0.0941,0.0033
2,8.5651,0.9829,0.0963,0.0035
2,8.5671,0.9806,0.0985,0.0038
2,8.5691,0.9800,0.1007,0.0041
2,8.5711,0.9813,0.1026,0.0044
2,8.5731,0.9847,0.1043,0.0049
2,8.5751,0.9900,0.1056,0.0053
2,8.5771,0.9974,0.1066,0.0056
2,8.5791,1.0067,0.1072,0.0057
2,8.5811,1.0176,0.1073,0.0056
2,8.5831,1.0303,0.1069,0.0052
2,8.5851,1.0442,0.1062,0.0045
2,8.5871,1.0589,0.1049,0.0033
2,8.5891,1.0738,0.1031,0.0017
2,8.5911,1.0883,0.1008,-0.0002
2,8.5931,1.1019,0.0982,-0.0024
2,8.5951,1.1143,0.0952,-0.0047
2,8.5971,1.1251,0.0921,-0.0069
2,8.5991,1.1339,0.0890,-0.0087
2,8.6011,1.1405,0.0860,-0.0101
2,8.6031,1.1448,0.0834,-0.0109
2,8.6051,1.1467,0.0812,-0.0110
2,8.6071,1.1462,0.0796,-0.0104
2,8.6091,1.1432,0.0788,-0.0092
2,8.6111,1.1381,0.0787,-0.0076
2,8.6131,1.1308,0.0795,-0.0056
2,8.6151,1.1218,0.0811,-0.0035
2,8.6171,1.1112,0.0834,-0.0015
2,8.6191,1.0994,0.0863,0.0002
2,8.6211,1.0869,0.0898,0.0016
2,8.6231,1.0740,0.0936,0.0026
2,8.6251,1.0611,0.0975,0.0032
2,8.6271,1.0488,0.1014,0.0034
2,8.6291,1.0375,0.1051,0.0033
2,8.6311,1.0275,0.1083,0.0031
2,8.6331,1.0192,0.1110,0.0030
2,8.6351,1.0130,0.1131,0.0030
2,8.6371,1.0092,0.1145,0.0033
2,8.6391,1.0080,0.1152,0.0040
2,8.6411,1.0098,0.1151,0.0051
2,8.6431,1.0146,0.1144,0.0063
2,8.6451,1.0223,0.1131,0.0076
2,8.6471,1.0330,0.1112,0.0088
2,8.6491,1.0462,0.1089,0.0095
2,8.6511,1.0619,0.1064,0.0097
2,8.6531,1.0794,0.1036,0.0091
2,8.6551,1.0985,0.1008,0.0078
2,8.6571,1.1185,0.0982,0.0059
2,8.6591,1.1390,0.0959,0.0034
2,8.6611,1.1595,0.0939,0.0005
2,8.6631,1.1795,0.0923,-0.0024
2,8.6651,1.1984,0.0913,-0.0052
2,8.6671,1.2159,0.0909,-0.0077
2,8.6691,1.2316,0.0909,-0.0096
2,8.6711,1.2451,0.0914,-0.0110
2,8.6731,1.2562,0.0924,-0.0117
2,8.6751,1.2647,0.0936,-0.0118
2,8.6771,1.2705,0.0950,-0.0113
2,8.6791,1.2737,0.0967,-0.0104
2,8.6811,1.2742,0.0984,-0.0092
2,8.6831,1.2723,0.1001,-0.0078
2,8.6851,1.2682,0.1018,-0.0063
2,8.6871,1.2623,0.1034,-0.0047
2,8.6891,1.2550,0.1051,-0.0032
2,8.6911,1.2467,0.1067,-0.0017
2,8.6931,1.2379,0.1083,-0.0002
2,8.6951,1.2292,0.1099,0.0012
2,8.6971,1.2211,0.1116,0.0027
2,8.6991,1.2140,0.1133,0.0041
2,8.7011,1.2085,0.1150,0.0055
2,8.7031,1.2048,0.1167,0.0069
2,8.7051,1.2034,0.1183,0.0081
2,8.7071,1.2044,0.1199,0.0091
2,8.7091,1.2078,0.1214,0.0097
2,8.7111,1.2139,0.1226,0.0100
2,8.7131,1.2226,0.1237,0.0099
2,8.7151,1.2337,0.1244,0.0093
2,8.7171,1.2466,0.1248,0.0081
2,8.7191,1.2608,0.1247,0.0062
2,8.7211,1.2757,0.1240,0.0038
2,8.7231,1.2908,0.1228,0.0009
2,8.7251,1.3054,0.1210,-0.0022
2,8.7271,1.3190,0.1188,-0.0054
2,8.7291,1.3312,0.1162,-0.0084
2,8.7311,1.3416,0.1133,-0.0110
2,8.7331,1.3498,0.1104,-0.0129
2,8.7351,1.3557,0.1076,-0.0140
2,8.7371,1.3590,0.1051,-0.0143
2,8.7391,1.3596,0.1030,-0.0137
2,8.7411,1.3577,0.1015,-0.0123
2,8.7431,1.3532,0.1008,-0.0104
2,8.7451,1.3464,0.1007,-0.0081
2,8.7471,1.3375,0.1015,-0.0055
2,8.7491,1.3269,0.1031,-0.0031
2,8.7511,1.3149,0.1054,-0.0008
2,8.7531,1.3020,0.1083,0.0012
2,8.7551,1.2886,0.1116,0.0027
2,8.7571,1.2754,0.1152,0.0038
2,8.7591,1.2627,0.1189,0.0045
2,8.7611,1.2510,0.1225,0.0049
2,8.7631,1.2409,0.1256,0.0051
2,8.7651,1.2328,0.1283,0.0052
2,8.7671,1.2271,0.1305,0.0056
2,8.7691,1.2243,0.1319,0.0061
2,8.7711,1.2246,0.1327,0.0070
2,8.7731,1.2281,0.1328,0.0081
2,8.7751,1.2350,0.1322,0.0092
2,8.7771,1.2450,0.1311,0.0103
2,8.7791,1.2581,0.1295,0.0111
2,8.7811,1.2737,0.1275,0.0112
2,8.7831,1.2915,0.1253,0.0107
2,8.7851,1.3109,0.1230,0.0093
2,8.7871,1.3314,0.1207,0.0071
2,8.7891,1.3524,0.1186,0.0041
2,8.7911,1.3733,0.1168,0.0006
2,8.7931,1.3936,0.1154,-0.0031
2,8.7951,1.4127,0.1145,-0.0067
2,8.7971,1.4301,0.1139,-0.0101
2,8.7991,1.4455,0.1139,-0.0128
2,8.8011,1.4586,0.1142,-0.0148
2,8.8031,1.4690,0.1149,-0.0159
2,8.8051,1.4767,0.1159,-0.0160
2,8.8071,1.4816,0.1171,-0.0153
2,8.8091,1.4836,0.1184,-0.0138
2,8.8111,1.4830,0.1199,-0.0117
2,8.8131,1.4799,0.1214,-0.0093
2,8.8151,1.4747,0.1230,-0.0066
2,8.8171,1.4677,0.1246,-0.0040
2,8.8191,1.4595,0.1262,-0.0016
2,8.8211,1.4506,0.1278,0.0006
2,8.8231,1.4414,0.1296,0.0025
2,8.8251,1.4327,0.1313,0.0040
2,8.8271,1.4250,0.1332,0.0053
2,8.8291,1.4187,0.1351,0.0064
2,8.8311,1.4144,0.1370,0.0073
2,8.8331,1.4123,0.1390,0.0081
2,8.8351,1.4128,0.1408,0.0088
2,8.8371,1.4161,0.1425,0.0093
2,8.8391,1.4220,0.1440,0.0096
2,8.8411,1.4307,0.1452,0.0097
2,8.8431,1.4420,0.1461,0.0096
2,8.8451,1.4556,0.1465,0.0090
2,8.8471,1.4707,0.1463,0.0078
2,8.8491,1.4867,0.1455,0.0059
2,8.8511,1.5029,0.1439,0.0033
2,8.8531,1.5187,0.1417,0.0001
2,8.8551,1.5334,0.1388,-0.0036
2,8.8571,1.5466,0.1353,-0.0075
2,8.8591,1.5577,0.1315,-0.0111
2,8.8611,1.5664,0.1276,-0.0143
2,8.8631,1.5726,0.1238,-0.0166
2,8.8651,1.5760,0.1204,-0.0178
2,8.8671,1.5766,0.1175,-0.0179
2,8.8691,1.5745,0.1155,-0.0167
2,8.8711,1.5698,0.1145,-0.0145
2,8.8731,1.5627,0.1146,-0.0115
2,8.8751,1.5534,0.1158,-0.0079
2,8.8771,1.5423,0.1181,-0.0041
2,8.8791,1.5297,0.1214,-0.0005
2,8.8811,1.5163,0.1254,0.0026
2,8.8831,1.5023,0.1301,0.0051
2,8.8851,1.4884,0.1350,0.0067
2,8.8871,1.4752,0.1400,0.0074
2,8.8891,1.4630,0.1447,0.0075
2,8.8911,1.4525,0.1489,0.0071
2,8.8931,1.4441,0.1522,0.0063
2,8.8951,1.4379,0.1546,0.0052
2,8.8971,1.4343,0.1559,0.0035
2,8.8991,1.4333,0.1561,0.0008
2,8.9011,1.4349,0.1550,-0.0032
2,8.9031,1.4389,0.1529,-0.0086
2,8.9051,1.4451,0.1499,-0.0155
2,8.9071,1.4534,0.1462,-0.0238
2,8.9091,1.4633,0.1421,-0.0330
2,8.9111,1.4746,0.1378,-0.0428
2,8.9131,1.4869,0.1338,-0.0527
2,8.9151,1.4998,0.1301,-0.0623
2,8.9171,1.5127,0.1271,-0.0710
2,8.9191,1.5253,0.1249,-0.0788
2,8.9211,1.5371,0.1235,-0.0855
2,8.9231,1.5476,0.1230,-0.0912
2,8.9251,1.5564,0.1232,-0.0961
2,8.9271,1.5632,0.1241,-0.1005
2,8.9291,1.5675,0.1255,-0.1048
2,8.9311,1.5693,0.1272,-0.1092
2,8.9331,1.5685,0.1290,-0.1140
2,8.9351,1.5650,0.1309,-0.1193
2,8.9371,1.5591,0.1326,-0.1251
2,8.9391,1.5511,0.1341,-0.1312
2,8.9411,1.5413,0.1355,-0.1373
2,8.9431,1.5302,0.1365,-0.1432
2,8.9451,1.5182,0.1374,-0.1485
2,8.9471,1.5059,0.1382,-0.1530
2,8.9491,1.4938,0.1388,-0.1566
2,8.9511,1.4823,0.1395,-0.1593
2,8.9531,1.4718,0.1401,-0.1613
2,8.9551,1.4628,0.1408,-0.1628
2,8.9571,1.4554,0.1415,-0.1644
2,8.9591,1.4499,0.1422,-0.1664
2,8.9611,1.4464,0.1428,-0.1693
2,8.9631,1.4449,0.1434,-0.1733
2,8.9651,1.4455,0.1439,-0.1786
2,8.9671,1.4480,0.1442,-0.1853
2,8.9691,1.4524,0.1443,-0.1930
2,8.9711,1.4584,0.1441,-0.2017
2,8.9731,1.4657,0.1436,-0.2116
2,8.9751,1.4742,0.1428,-0.2217
2,8.9771,1.4837,0.1417,-0.2307
2,8.9791,1.4940,0.1403,-0.2374
2,8.9811,1.5049,0.1387,-0.2412
2,8.9831,1.5159,0.1369,-0.2416
2,8.9851,1.5267,0.1348,-0.2390
2,8.9871,1.5367,0.1327,-0.2341
2,8.9891,1.5455,0.1304,-0.2277
2,8.9911,1.5525,0.1281,-0.2211
2,8.9931,1.5575,0.1259,-0.2155
2,8.9951,1.5600,0.1238,-0.2117
2,8.9971,1.5600,0.1220,-0.2103
2,8.9991,1.5574,0.1207,-0.2114
2,9.0011,1.5525,0.1199,-0.2150
2,9.0031,1.5456,0.1198,-0.2201
2,9.0051,1.5371,0.1204,-0.2260
2,9.0071,1.5275,0.1219,-0.2315
2,9.0091,1.5173,0.1241,-0.2357
2,9.0111,1.5072,0.1271,-0.2376
2,9.0131,1.4974,0.1307,-0.2368
2,9.0151,1.4883,0.1347,-0.2332
2,9.0171,1.4802,0.1388,-0.2273
2,9.0191,1.4733,0.1429,-0.2197
2,9.0211,1.4676,0.1466,-0.2115
2,9.0231,1.4631,0.1497,-0.2039
2,9.0251,1.4597,0.1519,-0.1982
2,9.0271,1.4575,0.1531,-0.1958
2,9.0291,1.4563,0.1531,-0.1977
2,9.0311,1.4563,0.1521,-0.2043
2,9.0331,1.4574,0.1500,-0.2153
2,9.0351,1.4597,0.1471,-0.2299
2,9.0371,1.4635,0.1436,-0.2468
2,9.0391,1.4688,0.1398,-0.2642
2,9.0411,1.4758,0.1360,-0.2805
2,9.0431,1.4842,0.1324,-0.2942
2,9.0451,1.4941,0.1294,-0.3043
2,9.0471,1.5052,0.1270,-0.3104
2,9.0491,1.5169,0.1252,-0.3126
2,9.0511,1.5289,0.1242,-0.3119
2,9.0531,1.5404,0.1238,-0.3093
2,9.0551,1.5509,0.1238,-0.3065
2,9.0571,1.5598,0.1243,-0.3048
2,9.0591,1.5666,0.1249,-0.3055
2,9.0611,1.5710,0.1257,-0.3094
2,9.0631,1.5727,0.1264,-0.3169
2,9.0651,1.5718,0.1269,-0.3275
2,9.0671,1.5684,0.1274,-0.3405
2,9.0691,1.5629,0.1277,-0.3548
2,9.0711,1.5557,0.1279,-0.3688
2,9.0731,1.5472,0.1281,-0.3811
2,9.0751,1.5380,0.1284,-0.3906
2,9.0771,1.5284,0.1288,-0.3964
2,9.0791,1.5189,0.1295,-0.3983
2,9.0811,1.5097,0.1305,-0.3968
2,9.0831,1.5011,0.1317,-0.3926
2,9.0851,1.4932,0.1333,-0.3871
2,9.0871,1.4860,0.1351,-0.3818
2,9.0891,1.4797,0.1371,-0.3783
2,9.0911,1.4743,0.1390,-0.3776
2,9.0931,1.4698,0.1408,-0.3807
2,9.0951,1.4665,0.1425,-0.3877
2,9.0971,1.4643,0.1438,-0.3983
2,9.0991,1.4634,0.1448,-0.4115
2,9.1011,1.4638,0.1454,-0.4261
2,9.1031,1.4656,0.1456,-0.4414
2,9.1051,1.4689,0.1453,-0.4555
2,9.1071,1.4736,0.1445,-0.4661
2,9.1091,1.4797,0.1433,-0.4718
2,9.1111,1.4871,0.1417,-0.4719
2,9.1131,1.4955,0.1399,-0.4665
2,9.1151,1.5044,0.1377,-0.4568
2,9.1171,1.5133,0.1354,-0.4442
2,9.1191,1.5218,0.1330,-0.4311
2,9.1211,1.5291,0.1306,-0.4194
2,9.1231,1.5349,0.1284,-0.4110
2,9.1251,1.5389,0.1263,-0.4074
2,9.1271,1.5408,0.1247,-0.4089
2,9.1291,1.5407,0.1234,-0.4154
2,9.1311,1.5387,0.1228,-0.4258
2,9.1331,1.5350,0.1227,-0.4385
2,9.1351,1.5302,0.1233,-0.4514
2,9.1371,1.5245,0.1245,-0.4625
2,9.1391,1.5185,0.1263,-0.4700
2,9.1411,1.5124,0.1287,-0.4728
2,9.1431,1.5066,0.1314,-0.4705
2,9.1451,1.5012,0.1343,-0.4632
2,9.1471,1.4963,0.1373,-0.4521
2,9.1491,1.4918,0.1402,-0.4389
2,9.1511,1.4878,0.1428,-0.4255
2,9.1531,1.4841,0.1449,-0.4140
2,9.1551,1.4807,0.1464,-0.4063
2,9.1571,1.4775,0.1472,-0.4042
2,9.1591,1.4747,0.1473,-0.4087
2,9.1611,1.4723,0.1467,-0.4197
2,9.1631,1.4706,0.1456,-0.4363
2,9.1651,1.4698,0.1440,-0.4567
2,9.1671,1.4703,0.1421,-0.4786
2,9.1691,1.4722,0.1402,-0.4995
2,9.1711,1.4758,0.1382,-0.5171
2,9.1731,1.4810,0.1364,-0.5298
2,9.1751,1.4878,0.1348,-0.5365
2,9.1771,1.4960,0.1335,-0.5375
2,9.1791,1.5050,0.1324,-0.5336
2,9.1811,1.5145,0.1317,-0.5265
2,9.1831,1.5239,0.1312,-0.5182
2,9.1851,1.5325,0.1310,-0.5111
2,9.1871,1.5399,0.1311,-0.5073
2,9.1891,1.5455,0.1313,-0.5082
2,9.1911,1.5493,0.1316,-0.5146
2,9.1931,1.5509,0.1319,-0.5264
2,9.1951,1.5506,0.1322,-0.5426
2,9.1971,1.5484,0.1324,-0.5615
2,9.1991,1.5446,0.1325,-0.5808
2,9.2011,1.5397,0.1325,-0.5984
2,9.2031,1.5340,0.1323,-0.6123
2,9.2051,1.5279,0.1320,-0.6212
2,9.2071,1.5216,0.1317,-0.6244
2,9.2091,1.5154,0.1314,-0.6224
2,9.2111,1.5095,0.1313,-0.6162
2,9.2131,1.5038,0.1315,-0.6074
2,9.2151,1.4984,0.1320,-0.5984
2,9.2171,1.4934,0.1331,-0.5911
2,9.2191,1.4888,0.1346,-0.5876
2,9.2211,1.4846,0.1365,-0.5892
2,9.2231,1.4809,0.1387,-0.5962
2,9.2251,1.4779,0.1411,-0.6083
2,9.2271,1.4757,0.1434,-0.6242
2,9.2291,1.4745,0.1454,-0.6421
2,9.2311,1.4744,0.1469,-0.6599
2,9.2331,1.4754,0.1477,-0.6763
2,9.2351,1.4776,0.1477,-0.6888
2,9.2371,1.4810,0.1468,-0.6955
2,9.2391,1.4856,0.1450,-0.6955
2,9.2411,1.4911,0.1424,-0.6887
2,9.2431,1.4973,0.1393,-0.6767
2,9.2451,1.5037,0.1358,-0.6613
2,9.2471,1.5100,0.1323,-0.6454
2,9.2491,1.5157,0.1291,-0.6316
2,9.2511,1.5205,0.1264,-0.6222
2,9.2531,1.5240,0.1245,-0.6187
2,9.2551,1.5262,0.1235,-0.6217
2,9.2571,1.5270,0.1234,-0.6307
2,9.2591,1.5264,0.1241,-0.6441
2,9.2611,1.5247,0.1255,-0.6596
2,9.2631,1.5222,0.1274,-0.6748
2,9.2651,1.5191,0.1296,-0.6870
2,9.2671,1.5157,0.1318,-0.6944
2,9.2691,1.5121,0.1340,-0.6956
2,9.2711,1.5086,0.1359,-0.6906
2,9.2731,1.5052,0.1375,-0.6801
2,9.2751,1.5019,0.1387,-0.6659
2,9.2771,1.4987,0.1396,-0.6503
2,9.2791,1.4956,0.1403,-0.6358
2,9.2811,1.4924,0.1407,-0.6248
2,9.2831,1.4892,0.1410,-0.6190
2,9.2851,1.4861,0.1412,-0.6196
2,9.2871,1.4832,0.1413,-0.6271
2,9.2891,1.4806,0.1413,-0.6408
2,9.2911,1.4787,0.1413,-0.6593
2,9.2931,1.4776,0.1411,-0.6804
2,9.2951,1.4775,0.1407,-0.7014
2,9.2971,1.4787,0.1401,-0.7198
2,9.2991,1.4813,0.1392,-0.7337
2,9.3011,1.4852,0.1380,-0.7419
2,9.3031,1.4902,0.1365,-0.7441
2,9.3051,1.4963,0.1349,-0.7410
2,9.3071,1.5030,0.1332,-0.7342
2,9.3091,1.5099,0.1316,-0.7258
2,9.3111,1.5166,0.1302,-0.7183
2,9.3131,1.5227,0.1293,-0.7138
2,9.3151,1.5278,0.1288,-0.7140
2,9.3171,1.5318,0.1288,-0.7198
2,9.3191,1.5344,0.1292,-0.7313
2,9.3211,1.5356,0.1299,-0.7473
2,9.3231,1.5355,0.1307,-0.7661
2,9.3251,1.5342,0.1315,-0.7855
2,9.3271,1.5320,0.1321,-0.8031
2,9.3291,1.5291,0.1324,-0.8170
2,9.3311,1.5256,0.1324,-0.8258
2,9.3331,1.5219,0.1319,-0.8290
2,9.3351,1.5179,0.1313,-0.8270
2,9.3371,1.5138,0.1305,-0.8210
2,9.3391,1.5097,0.1298,-0.8128
2,9.3411,1.5056,0.1295,-0.8048
2,9.3431,1.5015,0.1297,-0.7989
2,9.3451,1.4976,0.1305,-0.7971
2,9.3471,1.4938,0.1321,-0.8003
2,9.3491,1.4903,0.1343,-0.8089
2,9.3511,1.4872,0.1369,-0.8222
2,9.3531,1.4848,0.1396,-0.8387
2,9.3551,1.4831,0.1423,-0.8565
2,9.3571,1.4823,0.1445,-0.8733
2,9.3591,1.4825,0.1461,-0.8870
2,9.3611,1.4836,0.1468,-0.8965
2,9.3631,1.4855,0.1466,-0.9015
2,9.3651,1.4882,0.1455,-0.9017
2,9.3671,1.4915,0.1435,-0.8970
2,9.3691,1.4952,0.1409,-0.8885
2,9.3711,1.4992,0.1378,-0.8777
2,9.3731,1.5033,0.1346,-0.8665
2,9.3751,1.5071,0.1316,-0.8570
2,9.3771,1.5104,0.1290,-0.8507
2,9.3791,1.5132,0.1271,-0.8489
2,9.3811,1.5153,0.1259,-0.8517
2,9.3831,1.5166,0.1256,-0.8588
2,9.3851,1.5172,0.1260,-0.8687
2,9.3871,1.5172,0.1271,-0.8799
2,9.3891,1.5165,0.1285,-0.8903
2,9.3911,1.5154,0.1302,-0.8981
2,9.3931,1.5139,0.1319,-0.9021
2,9.3951,1.5122,0.1335,-0.9015
2,9.3971,1.5102,0.1348,-0.8965
2,9.3991,1.5080,0.1359,-0.8880
2,9.4011,1.5057,0.1368,-0.8774
2,9.4031,1.5031,0.1375,-0.8665
2,9.4051,1.5004,0.1380,-0.8573
2,9.4071,1.4976,0.1386,-0.8512
2,9.4091,1.4948,0.1391,-0.8492
2,9.4111,1.4920,0.1396,-0.8516
2,9.4131,1.4894,0.1401,-0.8580
2,9.4151,1.4872,0.1405,-0.8676
2,9.4171,1.4856,0.1407,-0.8795
2,9.4191,1.4848,0.1405,-0.8925
2,9.4211,1.4850,0.1399,-0.9054
2,9.4231,1.4864,0.1388,-0.9170
2,9.4251,1.4889,0.1371,-0.9265
2,9.4271,1.4926,0.1349,-0.9335
2,9.4291,1.4974,0.1322,-0.9379
2,9.4311,1.5032,0.1292,-0.9400
2,9.4331,1.5098,0.1260,-0.9408
2,9.4351,1.5169,0.1228,-0.9413
2,9.4371,1.5243,0.1197,-0.9425
2,9.4391,1.5316,0.1169,-0.9453
2,9.4411,1.5387,0.1145,-0.9503
2,9.4431,1.5451,0.1126,-0.9577
2,9.4451,1.5508,0.1112,-0.9672
2,9.4471,1.5554,0.1103,-0.9781
2,9.4491,1.5588,0.1098,-0.9894
2,9.4511,1.5608,0.1098,-1.0000
2,9.4531,1.5613,0.1102,-1.0090
2,9.4551,1.5604,0.1109,-1.0157
2,9.4571,1.5580,0.1119,-1.0198
2,9.4591,1.5542,0.1132,-1.0217
2,9.4611,1.5492,0.1146,-1.0219
2,9.4631,1.5431,0.1163,-1.0213
2,9.4651,1.5364,0.1181,-1.0211
2,9.4671,1.5291,0.1201,-1.0222
2,9.4691,1.5217,0.1223,-1.0254
2,9.4711,1.5145,0.1245,-1.0310
2,9.4731,1.5077,0.1267,-1.0389
2,9.4751,1.5017,0.1289,-1.0485
2,9.4771,1.4966,0.1310,-1.0588
2,9.4791,1.4925,0.1329,-1.0687
2,9.4811,1.4896,0.1346,-1.0771
2,9.4831,1.4878,0.1361,-1.0833
2,9.4851,1.4872,0.1373,-1.0870
2,9.4871,1.4876,0.1382,-1.0883
2,9.4891,1.4890,0.1387,-1.0878
2,9.4911,1.4912,0.1390,-1.0868
2,9.4931,1.4940,0.1390,-1.0870
2,9.4951,1.4971,0.1388,-1.0888
2,9.4971,1.5004,0.1384,-1.0916
2,9.4991,1.5037,0.1376,-1.0949
2,9.5011,1.5068,0.1367,-1.0979
2,9.5031,1.5094,0.1357,-1.0999
2,9.5051,1.5114,0.1345,-1.1004
2,9.5071,1.5128,0.1334,-1.0995
2,9.5091,1.5135,0.1324,-1.0972
2,9.5111,1.5134,0.1315,-1.0940
2,9.5131,1.5127,0.1308,-1.0908
2,9.5151,1.5114,0.1304,-1.0880
2,9.5171,1.5097,0.1303,-1.0865
2,9.5191,1.5076,0.1305,-1.0864
2,9.5211,1.5054,0.1310,-1.0878
2,9.5231,1.5030,0.1319,-1.0904
2,9.5251,1.5006,0.1330,-1.0937
2,9.5271,1.4984,0.1344,-1.0969
2,9.5291,1.4962,0.1359,-1.0994
2,9.5311,1.4943,0.1375,-1.1007
2,9.5331,1.4927,0.1390,-1.1006
2,9.5351,1.4915,0.1403,-1.0991
2,9.5371,1.4907,0.1413,-1.0966
2,9.5391,1.4904,0.1419,-1.0936
2,9.5411,1.4906,0.1422,-1.0908
2,9.5431,1.4914,0.1419,-1.0889
2,9.5451,1.4926,0.1411,-1.0888
2,9.5471,1.4944,0.1399,-1.0913
2,9.5491,1.4966,0.1384,-1.0969
2,9.5511,1.4992,0.1365,-1.1055
2,9.5531,1.5019,0.1345,-1.1164
2,9.5551,1.5045,0.1325,-1.1286
2,9.5571,1.5070,0.1307,-1.1405
2,9.5591,1.5091,0.1291,-1.1510
2,9.5611,1.5108,0.1279,-1.1591
2,9.5631,1.5119,0.1272,-1.1642
2,9.5651,1.5124,0.1270,-1.1666
2,9.5671,1.5123,0.1272,-1.1671
2,9.5691,1.5117,0.1279,-1.1668
2,9.5711,1.5106,0.1288,-1.1671
2,9.5731,1.5091,0.1301,-1.1693
2,9.5751,1.5074,0.1314,-1.1740
2,9.5771,1.5055,0.1328,-1.1816
2,9.5791,1.5036,0.1340,-1.1915
2,9.5811,1.5016,0.1352,-1.2028
2,9.5831,1.4995,0.1362,-1.2142
2,9.5851,1.4976,0.1369,-1.2244
2,9.5871,1.4958,0.1374,-1.2323
2,9.5891,1.4942,0.1377,-1.2376
2,9.5911,1.4929,0.1377,-1.2402
2,9.5931,1.4920,0.1375,-1.2408
2,9.5951,1.4917,0.1370,-1.2405
2,9.5971,1.4919,0.1364,-1.2406
2,9.5991,1.4927,0.1355,-1.2423
2,9.6011,1.4941,0.1346,-1.2463
2,9.6031,1.4960,0.1337,-1.2529
2,9.6051,1.4983,0.1327,-1.2616
2,9.6071,1.5008,0.1319,-1.2716
2,9.6091,1.5034,0.1313,-1.2816
2,9.6111,1.5058,0.1310,-1.2904
2,9.6131,1.5080,0.1309,-1.2970
2,9.6151,1.5096,0.1312,-1.3011
2,9.6171,1.5107,0.1317,-1.3028
2,9.6191,1.5112,0.1324,-1.3029
2,9.6211,1.5111,0.1332,-1.3026
2,9.6231,1.5105,0.1340,-1.3042
2,9.6251,1.5094,0.1348,-1.3076
2,9.6271,1.5079,0.1355,-1.3122
2,9.6291,1.5059,0.1361,-1.3166
2,9.6311,1.5037,0.1366,-1.3200
2,9.6331,1.5012,0.1371,-1.3216
2,9.6351,1.4987,0.1374,-1.3209
2,9.6371,1.4963,0.1376,-1.3182
2,9.6391,1.4941,0.1378,-1.3143
2,9.6411,1.4923,0.1379,-1.3100
2,9.6431,1.4910,0.1378,-1.3065
2,9.6451,1.4904,0.1377,-1.3046
2,9.6471,1.4904,0.1375,-1.3047
2,9.6491,1.4911,0.1372,-1.3067
2,9.6511,1.4925,0.1369,-1.3103
2,9.6531,1.4943,0.1365,-1.3144
2,9.6551,1.4965,0.1362,-1.3180
2,9.6571,1.4989,0.1360,-1.3203
2,9.6591,1.5013,0.1357,-1.3208
2,9.6611,1.5035,0.1355,-1.3192
2,9.6631,1.5056,0.1354,-1.3160
2,9.6651,1.5073,0.1351,-1.3120
2,9.6671,1.5086,0.1349,-1.3081
2,9.6691,1.5095,0.1346,-1.3052
2,9.6711,1.5099,0.1342,-1.3041
2,9.6731,1.5099,0.1338,-1.3050
2,9.6751,1.5094,0.1334,-1.3083
2,9.6771,1.5086,0.1329,-1.3142
2,9.6791,1.5076,0.1325,-1.3224
2,9.6811,1.5064,0.1320,-1.3324
2,9.6831,1.5051,0.1316,-1.3430
2,9.6851,1.5038,0.1313,-1.3533
2,9.6871,1.5026,0.1311,-1.3621
2,9.6891,1.5015,0.1311,-1.3688
2,9.6911,1.5007,0.1312,-1.3733
2,9.6931,1.5002,0.1314,-1.3759
2,9.6951,1.5001,0.1316,-1.3776
2,9.6971,1.5005,0.1318,-1.3794
2,9.6991,1.5013,0.1319,-1.3823
2,9.7011,1.5026,0.1318,-1.3870
2,9.7031,1.5042,0.1316,-1.3939
2,9.7051,1.5062,0.1311,-1.4024
2,9.7071,1.5083,0.1305,-1.4120
2,9.7091,1.5104,0.1298,-1.4215
2,9.7111,1.5124,0.1290,-1.4301
2,9.7131,1.5141,0.1282,-1.4368
2,9.7151,1.5154,0.1275,-1.4414
2,9.7171,1.5162,0.1269,-1.4441
2,9.7191,1.5166,0.1264,-1.4457
2,9.7211,1.5165,0.1261,-1.4470
2,9.7231,1.5161,0.1259,-1.4492
2,9.7251,1.5153,0.1259,-1.4530
2,9.7271,1.5142,0.1260,-1.4588
2,9.7291,1.5129,0.1263,-1.4664
2,9.7311,1.5114,0.1268,-1.4752
2,9.7331,1.5097,0.1276,-1.4841
2,9.7351,1.5078,0.1286,-1.4921
2,9.7371,1.5058,0.1299,-1.4984
2,9.7391,1.5038,0.1314,-1.5026
2,9.7411,1.5018,0.1331,-1.5051
2,9.7431,1.4999,0.1347,-1.5065
2,9.7451,1.4983,0.1362,-1.5078
2,9.7471,1.4971,0.1375,-1.5099
2,9.7491,1.4963,0.1384,-1.5137
2,9.7511,1.4960,0.1389,-1.5196
2,9.7531,1.4961,0.1390,-1.5282
2,9.7551,1.4965,0.1388,-1.5377
2,9.7571,1.4971,0.1384,-1.5454
2,9.7591,1.4977,0.1381,-1.5491
2,9.7611,1.4982,0.1378,-1.5478
2,9.7631,1.4986,0.1375,-1.5420
2,9.7651,1.4990,0.1373,-1.5333
2,9.7671,1.4994,0.1370,-1.5242
2,9.7691,1.5000,0.1364,-1.5172
2,9.7711,1.5009,0.1357,-1.5142
2,9.7731,1.5020,0.1347,-1.5161
2,9.7751,1.5032,0.1336,-1.5221
2,9.7771,1.5044,0.1325,-1.5306
2,9.7791,1.5055,0.1317,-1.5390
2,9.7811,1.5061,0.1314,-1.5450
2,9.7831,1.5063,0.1315,-1.5470
2,9.7851,1.5059,0.1322,-1.5444
2,9.7871,1.5050,0.1333,-1.5380
2,9.7891,1.5038,0.1347,-1.5297
2,9.7911,1.5025,0.1361,-1.5219
2,9.7931,1.5012,0.1372,-1.5168
2,9.7951,1.5002,0.1381,-1.5158
2,9.7971,1.4993,0.1385,-1.5192
2,9.7991,1.4988,0.1384,-1.5259
2,9.8011,1.4984,0.1381,-1.5342
2,9.8031,1.4981,0.1376,-1.5417
2,9.8051,1.4979,0.1371,-1.5470
2,9.8071,1.4979,0.1364,-1.5499
2,9.8091,1.4982,0.1356,-1.5510
2,9.8111,1.4988,0.1347,-1.5516
2,9.8131,1.5000,0.1334,-1.5533
2,9.8151,1.5018,0.1318,-1.5572
2,9.8171,1.5042,0.1300,-1.5639
2,9.8191,1.5071,0.1279,-1.5732
2,9.8211,1.5103,0.1257,-1.5840
2,9.8231,1.5137,0.1237,-1.5948
2,9.8251,1.5169,0.1220,-1.6042
2,9.8271,1.5198,0.1207,-1.6110
2,9.8291,1.5221,0.1200,-1.6150
2,9.8311,1.5238,0.1197,-1.6168
2,9.8331,1.5250,0.1198,-1.6174
2,9.8351,1.5256,0.1200,-1.6184
2,9.8371,1.5258,0.1204,-1.6212
2,9.8391,1.5256,0.1207,-1.6266
2,9.8411,1.5250,0.1209,-1.6347
2,9.8431,1.5241,0.1211,-1.6447
2,9.8451,1.5227,0.1212,-1.6552
2,9.8471,1.5209,0.1216,-1.6647
2,9.8491,1.5187,0.1222,-1.6720
2,9.8511,1.5161,0.1230,-1.6766
2,9.8531,1.5134,0.1241,-1.6787
2,9.8551,1.5106,0.1254,-1.6794
2,9.8571,1.5081,0.1265,-1.6802
2,9.8591,1.5061,0.1274,-1.6826
2,9.8611,1.5049,0.1280,-1.6873
2,9.8631,1.5043,0.1282,-1.6946
2,9.8651,1.5043,0.1283,-1.7036
2,9.8671,1.5048,0.1282,-1.7131
2,9.8691,1.5055,0.1283,-1.7215
2,9.8711,1.5063,0.1286,-1.7277
2,9.8731,1.5070,0.1293,-1.7313
2,9.8751,1.5074,0.1302,-1.7327
2,9.8771,1.5077,0.1314,-1.7328
2,9.8791,1.5078,0.1325,-1.7333
2,9.8811,1.5079,0.1335,-1.7357
2,9.8831,1.5078,0.1341,-1.7419
2,9.8851,1.5075,0.1346,-1.7505
2,9.8871,1.5068,0.1351,-1.7586
2,9.8891,1.5053,0.1359,-1.7635
2,9.8911,1.5031,0.1371,-1.7637
2,9.8931,1.5004,0.1386,-1.7593
2,9.8951,1.4974,0.1401,-1.7520
2,9.8971,1.4946,0.1413,-1.7444
2,9.8991,1.4924,0.1418,-1.7391
2,9.9011,1.4911,0.1413,-1.7381
2,9.9031,1.4910,0.1400,-1.7415
2,9.9051,1.4917,0.1381,-1.7482
2,9.9071,1.4932,0.1359,-1.7558
2,9.9091,1.4950,0.1340,-1.7616
2,9.9111,1.4968,0.1327,-1.7636
2,9.9131,1.4984,0.1322,-1.7611
2,9.9151,1.4999,0.1324,-1.7548
2,9.9171,1.5013,0.1331,-1.7469
2,9.9191,1.5027,0.1339,-1.7401
2,9.9211,1.5044,0.1346,-1.7365
2,9.9231,1.5062,0.1348,-1.7373
2,9.9251,1.5079,0.1347,-1.7422
2,9.9271,1.5095,0.1343,-1.7493
2,9.9291,1.5104,0.1340,-1.7563
2,9.9311,1.5104,0.1339,-1.7608
2,9.9331,1.5094,0.1344,-1.7612
2,9.9351,1.5075,0.1352,-1.7577
2,9.9371,1.5049,0.1363,-1.7514
2,9.9391,1.5020,0.1374,-1.7446
2,9.9411,1.4992,0.1381,-1.7398
2,9.9431,1.4968,0.1382,-1.7385
2,9.9451,1.4952,0.1377,-1.7413
2,9.9471,1.4942,0.1367,-1.7472
2,9.9491,1.4938,0.1356,-1.7543
2,9.9511,1.4938,0.1347,-1.7600
2,9.9531,1.4939,0.1343,-1.7625
2,9.9551,1.4942,0.1345,-1.7610
2,9.9571,1.4945,0.1352,-1.7560
2,9.9591,1.4951,0.1362,-1.7493
2,9.9611,1.4961,0.1372,-1.7431
2,9.9631,1.4977,0.1377,-1.7395
2,9.9651,1.4998,0.1378,-1.7396
2,9.9671,1.5023,0.1372,-1.7433
2,9.9691,1.5048,0.1363,-1.7491
2,9.9711,1.5070,0.1353,-1.7552
2,9.9731,1.5086,0.1345,-1.7592
2,9.9751,1.5094,0.1340,-1.7598
2,9.9771,1.5092,0.1340,-1.7569
2,9.9791,1.5082,0.1343,-1.7514
2,9.9811,1.5067,0.1347,-1.7452
2,9.9831,1.5050,0.1350,-1.7405
2,9.9851,1.5032,0.1350,-1.7389
2,9.9871,1.5017,0.1347,-1.7409
2,9.9891,1.5004,0.1341,-1.7458
2,9.9911,1.4994,0.1336,-1.7521
2,9.9931,1.4984,0.1333,-1.7575
2,9.9951,1.4973,0.1336,-1.7603
2,9.9971,1.4962,0.1344,-1.7597
2,9.9991,1.4952,0.1357,-1.7560
2,10.0011,1.4943,0.1372,-1.7505
2,10.0031,1.4939,0.1386,-1.7452
2,10.0051,1.4942,0.1396,-1.7419
2,10.0071,1.4951,0.1399,-1.7417
2,10.0091,1.4967,0.1396,-1.7446
2,10.0111,1.4987,0.1388,-1.7495
2,10.0131,1.5009,0.1377,-1.7547
2,10.0151,1.5028,0.1365,-1.7584
2,10.0171,1.5043,0.1356,-1.7591
2,10.0191,1.5052,0.1350,-1.7567
2,10.0211,1.5057,0.1346,-1.7520
2,10.0231,1.5057,0.1344,-1.7464
2,10.0251,1.5054,0.1341,-1.7420
2,10.0271,1.5052,0.1337,-1.7401
2,10.0291,1.5049,0.1331,-1.7413
2,10.0311,1.5047,0.1324,-1.7452
2,10.0331,1.5043,0.1319,-1.7504
2,10.0351,1.5037,0.1317,-1.7552
2,10.0371,1.5028,0.1320,-1.7580
2,10.0391,1.5016,0.1330,-1.7579
2,10.0411,1.5000,0.1344,-1.7550
2,10.0431,1.4984,0.1361,-1.7505
2,10.0451,1.4970,0.1378,-1.7460
2,10.0471,1.4959,0.1392,-1.7431
2,10.0491,1.4955,0.1399,-1.7428
2,10.0511,1.4956,0.1401,-1.7452
2,10.0531,1.4962,0.1397,-1.7495
2,10.0551,1.4972,0.1390,-1.7543
2,10.0571,1.4982,0.1381,-1.7577
2,10.0591,1.4991,0.1372,-1.7587
2,10.0611,1.4999,0.1366,-1.7569
2,10.0631,1.5005,0.1361,-1.7529
2,10.0651,1.5010,0.1357,-1.7479
2,10.0671,1.5016,0.1352,-1.7437
2,10.0691,1.5023,0.1345,-1.7417
2,10.0711,1.5031,0.1337,-1.7423
2,10.0731,1.5041,0.1328,-1.7453
2,10.0751,1.5050,0.1320,-1.7497
2,10.0771,1.5056,0.1315,-1.7539
2,10.0791,1.5057,0.1315,-1.7564
2,10.0811,1.5054,0.1321,-1.7565
2,10.0831,1.5045,0.1332,-1.7541
2,10.0851,1.5033,0.1346,-1.7502
2,10.0871,1.5019,0.1361,-1.7462
2,10.0891,1.5006,0.1374,-1.7435
2,10.0911,1.4995,0.1383,-1.7430
2,10.0931,1.4987,0.1387,-1.7450
2,10.0951,1.4982,0.1387,-1.7488
2,10.0971,1.4980,0.1384,-1.7532
2,10.0991,1.4978,0.1379,-1.7566
2,10.1011,1.4976,0.1374,-1.7579
2,10.1031,1.4974,0.1371,-1.7567
2,10.1051,1.4972,0.1369,-1.7535
2,10.1071,1.4972,0.1368,-1.7493
2,10.1091,1.4974,0.1365,-1.7456
2,10.1111,1.4980,0.1360,-1.7435
2,10.1131,1.4990,0.1353,-1.7437
2,10.1151,1.5003,0.1344,-1.7460
2,10.1171,1.5018,0.1336,-1.7497
2,10.1191,1.5032,0.1329,-1.7532
2,10.1211,1.5044,0.1326,-1.7555
2,10.1231,1.5051,0.1327,-1.7557
2,10.1251,1.5054,0.1333,-1.7538
2,10.1271,1.5052,0.1342,-1.7504
2,10.1291,1.5047,0.1352,-1.7467
2,10.1311,1.5040,0.1361,-1.7441
2,10.1331,1.5033,0.1367,-1.7433
2,10.1351,1.5027,0.1370,-1.7448
2,10.1371,1.5021,0.1369,-1.7479
2,10.1391,1.5014,0.1367,-1.7517
2,10.1411,1.5007,0.1364,-1.7549
2,10.1431,1.4998,0.1362,-1.7564
2,10.1451,1.4988,0.1362,-1.7558
2,10.1471,1.4978,0.1364,-1.7534
2,10.1491,1.4969,0.1366,-1.7499
2,10.1511,1.4962,0.1368,-1.7467
2,10.1531,1.4961,0.1367,-1.7448
2,10.1551,1.4964,0.1364,-1.7449
2,10.1571,1.4972,0.1360,-1.7468
2,10.1591,1.4983,0.1354,-1.7499
2,10.1611,1.4996,0.1348,-1.7531
2,10.1631,1.5009,0.1345,-1.7552
2,10.1651,1.5020,0.1344,-1.7555
2,10.1671,1.5029,0.1347,-1.7539
2,10.1691,1.5034,0.1351,-1.7509
2,10.1711,1.5038,0.1356,-1.7476
2,10.1731,1.5040,0.1360,-1.7450
2,10.1751,1.5042,0.1362,-1.7441
2,10.1771,1.5043,0.1361,-1.7450
2,10.1791,1.5043,0.1358,-1.7475
2,10.1811,1.5041,0.1353,-1.7507
2,10.1831,1.5037,0.1349,-1.7535
2,10.1851,1.5030,0.1346,-1.7550
2,10.1871,1.5020,0.1347,-1.7547
2,10.1891,1.5007,0.1349,-1.7527
2,10.1911,1.4994,0.1354,-1.7499
2,10.1931,1.4983,0.1358,-1.7471
2,10.1951,1.4974,0.1362,-1.7454
2,10.1971,1.4969,0.1363,-1.7454
2,10.1991,1.4969,0.1363,-1.7471
2,10.2011,1.4972,0.1361,-1.7499
2,10.2031,1.4978,0.1360,-1.7528
2,10.2051,1.4985,0.1359,-1.7548
2,10.2071,1.4992,0.1359,-1.7553
2,10.2091,1.4998,0.1361,-1.7541
2,10.2111,1.5004,0.1365,-1.7515
2,10.2131,1.5009,0.1368,-1.7486
2,10.2151,1.5015,0.1369,-1.7461
2,10.2171,1.5021,0.1368,-1.7450
2,10.2191,1.5028,0.1364,-1.7456
2,10.2211,1.5035,0.1358,-1.7476
2,10.2231,1.5040,0.1351,-1.7503
2,10.2251,1.5043,0.1344,-1.7527
2,10.2271,1.5043,0.1339,-1.7541
2,10.2291,1.5039,0.1337,-1.7539
2,10.2311,1.5032,0.1338,-1.7522
2,10.2331,1.5023,0.1341,-1.7498
2,10.2351,1.5013,0.1346,-1.7477
2,10.2371,1.5005,0.1349,-1.7473
2,10.2391,1.5000,0.1350,-1.7494
2,10.2411,1.4999,0.1349,-1.7541
2,10.2431,1.5001,0.1346,-1.7606
2,10.2451,1.5004,0.1344,-1.7675
2,10.2471,1.5007,0.1343,-1.7733
2,10.2491,1.5009,0.1346,-1.7769
2,10.2511,1.5009,0.1351,-1.7779
2,10.2531,1.5007,0.1359,-1.7770
2,10.2551,1.5005,0.1367,-1.7752
2,10.2571,1.5004,0.1372,-1.7743
2,10.2591,1.5006,0.1373,-1.7752
2,10.2611,1.5011,0.1370,-1.7786
2,10.2631,1.5018,0.1362,-1.7841
2,10.2651,1.5026,0.1353,-1.7904
2,10.2671,1.5032,0.1344,-1.7963
2,10.2691,1.5034,0.1337,-1.8003
2,10.2711,1.5032,0.1334,-1.8021
2,10.2731,1.5026,0.1335,-1.8025
2,10.2751,1.5018,0.1338,-1.8018
2,10.2771,1.5008,0.1344,-1.8004
2,10.2791,1.4997,0.1351,-1.7988
2,10.2811,1.4987,0.1358,-1.7976
2,10.2831,1.4979,0.1364,-1.7973
2,10.2851,1.4974,0.1368,-1.7981
2,10.2871,1.4971,0.1371,-1.7997
2,10.2891,1.4970,0.1372,-1.8015
2,10.2911,1.4971,0.1372,-1.8030
2,10.2931,1.4972,0.1373,-1.8036
2,10.2951,1.4975,0.1373,-1.8031
2,10.2971,1.4977,0.1373,-1.8017
2,10.2991,1.4981,0.1373,-1.7999
2,10.3011,1.4985,0.1371,-1.7983
2,10.3031,1.4991,0.1367,-1.7974
2,10.3051,1.4999,0.1361,-1.7975
2,10.3071,1.5008,0.1354,-1.7985
2,10.3091,1.5016,0.1347,-1.8000
2,10.3111,1.5023,0.1340,-1.8014
2,10.3131,1.5028,0.1336,-1.8021
2,10.3151,1.5030,0.1334,-1.8018
2,10.3171,1.5029,0.1336,-1.8008
2,10.3191,1.5026,0.1339,-1.7993
2,10.3211,1.5021,0.1343,-1.7979
2,10.3231,1.5015,0.1348,-1.7971
2,10.3251,1.5010,0.1352,-1.7973
2,10.3271,1.5005,0.1356,-1.7983
2,10.3291,1.5000,0.1358,-1.7999
2,10.3311,1.4996,0.1361,-1.8016
2,10.3331,1.4991,0.1364,-1.8026
2,10.3351,1.4985,0.1367,-1.8028
2,10.3371,1.4980,0.1371,-1.8022
2,10.3391,1.4975,0.1374,-1.8009
2,10.3411,1.4972,0.1376,-1.7994
2,10.3431,1.4970,0.1376,-1.7984
2,10.3451,1.4972,0.1374,-1.7982
2,10.3471,1.4976,0.1369,-1.7987
2,10.3491,1.4982,0.1363,-1.7999
2,10.3511,1.4989,0.1357,-1.8011
2,10.3531,1.4996,0.1351,-1.8020
2,10.3551,1.5003,0.1347,-1.8022
2,10.3571,1.5008,0.1345,-1.8015
2,10.3591,1.5013,0.1344,-1.8003
2,10.3611,1.5016,0.1345,-1.7988
2,10.3631,1.5019,0.1346,-1.7977
2,10.3651,1.5021,0.1347,-1.7973
2,10.3671,1.5022,0.1348,-1.7977
2,10.3691,1.5023,0.1349,-1.7988
2,10.3711,1.5022,0.1350,-1.8002
2,10.3731,1.5020,0.1351,-1.8014
2,10.3751,1.5016,0.1353,-1.8020
2,10.3771,1.5010,0.1357,-1.8018
2,10.3791,1.5002,0.1361,-1.8009
2,10.3811,1.4994,0.1365,-1.7998
2,10.3831,1.4986,0.1368,-1.7987
2,10.3851,1.4980,0.1370,-1.7983
2,10.3871,1.4976,0.1370,-1.7985
2,10.3891,1.4974,0.1368,-1.7994
2,10.3911,1.4974,0.1365,-1.8007
2,10.3931,1.4976,0.1362,-1.8018
2,10.3951,1.4978,0.1359,-1.8024
2,10.3971,1.4981,0.1357,-1.8022
2,10.3991,1.4985,0.1356,-1.8014
2,10.4011,1.4989,0.1356,-1.8001
2,10.4031,1.4994,0.1356,-1.7988
2,10.4051,1.4999,0.1356,-1.7980
2,10.4071,1.5005,0.1355,-1.7979
2,10.4091,1.5012,0.1353,-1.7985
2,10.4111,1.5018,0.1352,-1.7996
2,10.4131,1.5022,0.1350,-1.8007
2,10.4151,1.5025,0.1349,-1.8014
2,10.4171,1.5025,0.1349,-1.8015
2,10.4191,1.5023,0.1351,-1.8010
2,10.4211,1.5019,0.1353,-1.8000
2,10.4231,1.5013,0.1356,-1.7990
2,10.4251,1.5007,0.1357,-1.7986
2,10.4271,1.5002,0.1357,-1.7996
2,10.4291,1.4999,0.1355,-1.8022
2,10.4311,1.4997,0.1352,-1.8064
2,10.4331,1.4996,0.1348,-1.8114
2,10.4351,1.4995,0.1344,-1.8163
2,10.4371,1.4994,0.1343,-1.8204
2,10.4391,1.4992,0.1345,-1.8229
2,10.4411,1.4989,0.1350,-1.8240
2,10.4431,1.4985,0.1356,-1.8242
2,10.4451,1.4983,0.1362,-1.8244
2,10.4471,1.4982,0.1368,-1.8253
2,10.4491,1.4983,0.1370,-1.8275
2,10.4511,1.4987,0.1370,-1.8312
2,10.4531,1.4992,0.1368,-1.8359
2,10.4551,1.4998,0.1365,-1.8407
2,10.4571,1.5002,0.1361,-1.8448
2,10.4591,1.5006,0.1359,-1.8477
2,10.4611,1.5007,0.1359,-1.8493
2,10.4631,1.5007,0.1358,-1.8505
2,10.4651,1.5006,0.1358,-1.8515
2,10.4671,1.5004,0.1358,-1.8520
2,10.4691,1.5001,0.1360,-1.8517
2,10.4711,1.4997,0.1362,-1.8508
2,10.4731,1.4993,0.1364,-1.8496
2,10.4751,1.4990,0.1365,-1.8487
2,10.4771,1.4987,0.1366,-1.8482
2,10.4791,1.4985,0.1365,-1.8484
2,10.4811,1.4985,0.1363,-1.8493
2,10.4831,1.4986,0.1360,-1.8504
2,10.4851,1.4988,0.1358,-1.8514
2,10.4871,1.4990,0.1356,-1.8520
2,10.4891,1.4991,0.1356,-1.8518
2,10.4911,1.4993,0.1357,-1.8510
2,10.4931,1.4994,0.1358,-1.8499
2,10.4951,1.4995,0.1359,-1.8488
2,10.4971,1.4997,0.1360,-1.8482
2,10.4991,1.5000,0.1360,-1.8482
2,10.5011,1.5003,0.1360,-1.8488
2,10.5031,1.5006,0.1358,-1.8498
2,10.5051,1.5008,0.1357,-1.8508
2,10.5071,1.5009,0.1356,-1.8515
2,10.5091,1.5009,0.1356,-1.8516
2,10.5111,1.5008,0.1357,-1.8511
2,10.5131,1.5005,0.1358,-1.8501
2,10.5151,1.5002,0.1360,-1.8491
2,10.5171,1.4998,0.1361,-1.8484
2,10.5191,1.4995,0.1361,-1.8483
2,10.5211,1.4993,0.1361,-1.8487
2,10.5231,1.4992,0.1359,-1.8496
2,10.5251,1.4991,0.1358,-1.8507
2,10.5271,1.4990,0.1357,-1.8515
2,10.5291,1.4990,0.1357,-1.8518
2,10.5311,1.4989,0.1358,-1.8514
2,10.5331,1.4988,0.1360,-1.8506
2,10.5351,1.4988,0.1362,-1.8497
2,10.5371,1.4988,0.1363,-1.8489
2,10.5391,1.4990,0.1364,-1.8485
2,10.5411,1.4992,0.1364,-1.8487
2,10.5431,1.4995,0.1363,-1.8494
2,10.5451,1.4999,0.1361,-1.8503
2,10.5471,1.5002,0.1359,-1.8511
2,10.5491,1.5004,0.1358,-1.8515
2,10.5511,1.5006,0.1357,-1.8513
2,10.5531,1.5006,0.1358,-1.8506
2,10.5551,1.5005,0.1358,-1.8497
2,10.5571,1.5004,0.1358,-1.8489
2,10.5591,1.5003,0.1358,-1.8484
2,10.5611,1.5002,0.1358,-1.8485
2,10.5631,1.5001,0.1357,-1.8490
2,10.5651,1.5000,0.1355,-1.8499
2,10.5671,1.4999,0.1355,-1.8508
2,10.5691,1.4998,0.1354,-1.8513
2,10.5711,1.4996,0.1355,-1.8514
2,10.5731,1.4994,0.1357,-1.8509
2,10.5751,1.4992,0.1359,-1.8502
2,10.5771,1.4990,0.1362,-1.8494
2,10.5791,1.4989,0.1364,-1.8488
2,10.5811,1.4989,0.1365,-1.8488
2,10.5831,1.4989,0.1365,-1.8492
2,10.5851,1.4991,0.1364,-1.8499
2,10.5871,1.4993,0.1363,-1.8507
2,10.5891,1.4995,0.1362,-1.8513
2,10.5911,1.4997,0.1361,-1.8514
2,10.5931,1.4998,0.1360,-1.8510
2,10.5951,1.4999,0.1360,-1.8503
2,10.5971,1.4999,0.1360,-1.8495
2,10.5991,1.5000,0.1360,-1.8489
2,10.6011,1.5000,0.1359,-1.8486
2,10.6031,1.5001,0.1358,-1.8488
2,10.6051,1.5002,0.1356,-1.8494
2,10.6071,1.5003,0.1354,-1.8502
2,10.6091,1.5004,0.1353,-1.8508
2,10.6111,1.5003,0.1353,-1.8511
2,10.6131,1.5002,0.1354,-1.8510
2,10.6151,1.5001,0.1355,-1.8508
2,10.6171,1.5000,0.1356,-1.8512
2,10.6191,1.5000,0.1356,-1.8526
2,10.6211,1.5001,0.1354,-1.8554
2,10.6231,1.5004,0.1352,-1.8593
2,10.6251,1.5007,0.1350,-1.8639
2,10.6271,1.5010,0.1348,-1.8683
2,10.6291,1.5011,0.1348,-1.8718
2,10.6311,1.5011,0.1351,-1.8742
2,10.6331,1.5009,0.1355,-1.8754
2,10.6351,1.5006,0.1360,-1.8760
2,10.6371,1.5003,0.1365,-1.8766
2,10.6391,1.5000,0.1368,-1.8780
2,10.6411,1.5000,0.1369,-1.8805
2,10.6431,1.5000,0.1368,-1.8842
2,10.6451,1.5001,0.1365,-1.8886
2,10.6471,1.5003,0.1362,-1.8929
2,10.6491,1.5004,0.1359,-1.8966
2,10.6511,1.5003,0.1357,-1.8993
2,10.6531,1.5002,0.1356,-1.9000
2,10.6551,1.5002,0.1355,-1.9000
2,10.6571,1.5001,0.1354,-1.8999
2,10.6591,1.5000,0.1354,-1.8999
2,10.6611,1.4999,0.1354,-1.8999
2,10.6631,1.4999,0.1354,-1.8999
2,10.6651,1.4999,0.1355,-1.8999
2,10.6671,1.4999,0.1356,-1.8999
2,10.6691,1.4999,0.1358,-1.8999
2,10.6711,1.5000,0.1359,-1.8999
2,10.6731,1.5000,0.1360,-1.8999
2,10.6751,1.5001,0.1362,-1.8999
2,10.6771,1.5002,0.1362,-1.8999
2,10.6791,1.5002,0.1363,-1.8999
2,10.6811,1.5003,0.1363,-1.8999
2,10.6831,1.5003,0.1362,-1.8999
2,10.6851,1.5004,0.1361,-1.8999
2,10.6871,1.5004,0.1360,-1.8999
2,10.6891,1.5004,0.1359,-1.8999
2,10.6911,1.5003,0.1358,-1.8999
2,10.6931,1.5003,0.1356,-1.8999
2,10.6951,1.5003,0.1355,-1.8999
2,10.6971,1.5002,0.1355,-1.8999
2,10.6991,1.5002,0.1354,-1.8999
2,10.7011,1.5001,0.1354,-1.8999
2,10.7031,1.5001,0.1354,-1.8999
2,10.7051,1.5001,0.1355,-1.8999
2,10.7071,1.5000,0.1356,-1.8999
2,10.7091,1.5000,0.1357,-1.8999
2,10.7111,1.5000,0.1358,-1.8999
2,10.7131,1.5000,0.1360,-1.8999
2,10.7151,1.5001,0.1361,-1.8999
2,10.7171,1.5001,0.1362,-1.8999
2,10.7191,1.5001,0.1362,-1.8999
2,10.7211,1.5001,0.1362,-1.8999
2,10.7231,1.5002,0.1362,-1.8999
2,10.7251,1.5002,0.1362,-1.8999
2,10.7271,1.5002,0.1361,-1.8999
2,10.7291,1.5002,0.1360,-1.8999
2,10.7311,1.5002,0.1359,-1.8999
2,10.7331,1.5002,0.1357,-1.8999
2,10.7351,1.5002,0.1356,-1.8999
2,10.7371,1.5002,0.1355,-1.8999
2,10.7391,1.5002,0.1355,-1.8999
2,10.7411,1.5002,0.1354,-1.8999
2,10.7431,1.5002,0.1354,-1.8999
2,10.7451,1.5002,0.1355,-1.8999
2,10.7471,1.5002,0.1355,-1.8999
2,10.7491,1.5002,0.1356,-1.8999
2,10.7511,1.5001,0.1358,-1.8999
2,10.7531,1.5001,0.1359,-1.8999
2,10.7551,1.5001,0.1360,-1.8999
2,10.7571,1.5001,0.1361,-1.8999
2,10.7591,1.5001,0.1361,-1.8999
2,10.7611,1.5001,0.1362,-1.8999
2,10.7631,1.5001,0.1362,-1.8999
2,10.7651,1.5001,0.1362,-1.8999
2,10.7671,1.5001,0.1361,-1.8999
2,10.7691,1.5001,0.1360,-1.8999
2,10.7711,1.5001,0.1359,-1.8999
2,10.7731,1.5001,0.1358,-1.8999
2,10.7751,1.5001,0.1357,-1.8999
2,10.7771,1.5001,0.1356,-1.8999
2,10.7791,1.5002,0.1356,-1.8999
2,10.7811,1.5002,0.1355,-1.8999
2,10.7831,1.5002,0.1355,-1.8999
2,10.7851,1.5002,0.1355,-1.8999
2,10.7871,1.5002,0.1355,-1.8999
2,10.7891,1.5002,0.1356,-1.8999
2,10.7911,1.5002,0.1357,-1.8999
2,10.7931,1.5002,0.1358,-1.8999
2,10.7951,1.5002,0.1359,-1.8999
2,10.7971,1.5002,0.1360,-1.8999
2,10.7991,1.5002,0.1360,-1.8999
2,10.8011,1.5002,0.1361,-1.8999
2,10.8031,1.5002,0.1361,-1.8999
2,10.8051,1.5001,0.1361,-1.8999
2,10.8071,1.4998,0.1360,-1.8999
2,10.8091,1.4993,0.1359,-1.8999
2,10.8111,1.4984,0.1357,-1.8999
2,10.8131,1.4970,0.1354,-1.8999
2,10.8151,1.4951,0.1351,-1.8999
2,10.8171,1.4927,0.1346,-1.8999
2,10.8191,1.4897,0.1342,-1.8999
2,10.8211,1.4862,0.1337,-1.8999
2,10.8231,1.4823,0.1333,-1.8999
2,10.8251,1.4781,0.1329,-1.8999
2,10.8271,1.4738,0.1327,-1.8999
2,10.8291,1.4695,0.1325,-1.8999
2,10.8311,1.4654,0.1324,-1.8999
2,10.8331,1.4615,0.1325,-1.8999
2,10.8351,1.4580,0.1327,-1.8999
2,10.8371,1.4551,0.1329,-1.8999
2,10.8391,1.4526,0.1333,-1.8999
2,10.8411,1.4506,0.1336,-1.8999
2,10.8431,1.4491,0.1338,-1.8999
2,10.8451,1.4478,0.1340,-1.8999
2,10.8471,1.4470,0.1340,-1.8999
2,10.8491,1.4466,0.1340,-1.8999
2,10.8511,1.4468,0.1339,-1.8999
2,10.8531,1.4473,0.1338,-1.8999
2,10.8551,1.4482,0.1336,-1.8999
2,10.8571,1.4494,0.1333,-1.8999
2,10.8591,1.4508,0.1331,-1.8999
2,10.8611,1.4522,0.1328,-1.8999
2,10.8631,1.4537,0.1325,-1.8999
2,10.8651,1.4550,0.1323,-1.8999
2,10.8671,1.4561,0.1320,-1.8999
2,10.8691,1.4569,0.1319,-1.8999
2,10.8711,1.4574,0.1318,-1.8999
2,10.8731,1.4575,0.1317,-1.8999
2,10.8751,1.4573,0.1318,-1.8999
2,10.8771,1.4568,0.1318,-1.8999
2,10.8791,1.4560,0.1319,-1.8999
2,10.8811,1.4551,0.1321,-1.8999
2,10.8831,1.4541,0.1323,-1.8999
2,10.8851,1.4531,0.1325,-1.8999
2,10.8871,1.4521,0.1327,-1.8999
2,10.8891,1.4512,0.1329,-1.8999
2,10.8911,1.4505,0.1331,-1.8999
2,10.8931,1.4500,0.1332,-1.8999
2,10.8951,1.4498,0.1333,-1.8999
2,10.8971,1.4498,0.1333,-1.8999
2,10.8991,1.4500,0.1333,-1.8999
2,10.9011,1.4504,0.1332,-1.8999
2,10.9031,1.4509,0.1332,-1.8999
2,10.9051,1.4515,0.1330,-1.8999
2,10.9071,1.4521,0.1329,-1.8999
2,10.9091,1.4528,0.1328,-1.8999
2,10.9111,1.4534,0.1327,-1.8999
2,10.9131,1.4539,0.1325,-1.8999
2,10.9151,1.4543,0.1324,-1.8999
2,10.9171,1.4545,0.1323,-1.8999
2,10.9191,1.4546,0.1323,-1.8999
2,10.9211,1.4545,0.1323,-1.8999
2,10.9231,1.4544,0.1323,-1.8999
2,10.9251,1.4542,0.1324,-1.8999
2,10.9271,1.4540,0.1324,-1.8999
2,10.9291,1.4537,0.1325,-1.8999
2,10.9311,1.4534,0.1325,-1.8999
2,10.9331,1.4531,0.1326,-1.8999
2,10.9351,1.4529,0.1326,-1.8999
2,10.9371,1.4527,0.1327,-1.8999
2,10.9391,1.4525,0.1327,-1.8999
2,10.9411,1.4524,0.1327,-1.8999
2,10.9431,1.4524,0.1327,-1.8999
2,10.9451,1.4524,0.1327,-1.8999
2,10.9471,1.4524,0.1327,-1.8999
2,10.9491,1.4523,0.1327,-1.8999
2,10.9511,1.4521,0.1327,-1.8999
2,10.9531,1.4517,0.1325,-1.8999
2,10.9551,1.4511,0.1324,-1.8999
2,10.9571,1.4502,0.1322,-1.8999
2,10.9591,1.4490,0.1319,-1.8999
2,10.9611,1.4475,0.1316,-1.8999
2,10.9631,1.4458,0.1313,-1.8999
2,10.9651,1.4439,0.1310,-1.8999
2,10.9671,1.4418,0.1308,-1.8999
2,10.9691,1.4398,0.1305,-1.8999
2,10.9711,1.4377,0.1304,-1.8999
2,10.9731,1.4357,0.1302,-1.8999
2,10.9751,1.4339,0.1302,-1.8999
2,10.9771,1.4323,0.1302,-1.8999
2,10.9791,1.4309,0.1303,-1.8999
2,10.9811,1.4298,0.1304,-1.8999
2,10.9831,1.4288,0.1305,-1.8999
2,10.9851,1.4281,0.1305,-1.8999
2,10.9871,1.4276,0.1306,-1.8999
2,10.9891,1.4273,0.1306,-1.8999
2,10.9911,1.4274,0.1306,-1.8999
2,10.9931,1.4276,0.1306,-1.8999
2,10.9951,1.4280,0.1305,-1.8999
2,10.9971,1.4286,0.1305,-1.8999
2,10.9991,1.4292,0.1304,-1.8999
2,11.0011,1.4299,0.1303,-1.8999
2,11.0031,1.4306,0.1303,-1.8999
2,11.0051,1.4312,0.1302,-1.8999
2,11.0071,1.4318,0.1301,-1.8999
2,11.0091,1.4322,0.1300,-1.8999
2,11.0111,1.4324,0.1300,-1.8999
2,11.0131,1.4325,0.1299,-1.8999
2,11.0151,1.4324,0.1299,-1.8999
2,11.0171,1.4323,0.1299,-1.8999
2,11.0191,1.4320,0.1299,-1.8999
2,11.0211,1.4318,0.1299,-1.8999
2,11.0231,1.4314,0.1300,-1.8999
2,11.0251,1.4311,0.1300,-1.8999
2,11.0271,1.4308,0.1301,-1.8999
2,11.0291,1.4305,0.1301,-1.8999
2,11.0311,1.4302,0.1301,-1.8999
2,11.0331,1.4301,0.1302,-1.8999
2,11.0351,1.4300,0.1302,-1.8999
2,11.0371,1.4300,0.1302,-1.8999
2,11.0391,1.4300,0.1302,-1.8999
2,11.0411,1.4300,0.1302,-1.8999
2,11.0431,1.4300,0.1302,-1.8999
2,11.0451,1.4300,0.1302,-1.8999
2,11.0471,1.4300,0.1302,-1.8999
2,11.0491,1.4300,0.1302,-1.8999
2,11.0511,1.4300,0.1302,-1.8999
2,11.0531,1.4300,0.1302,-1.8999
2,11.0551,1.4300,0.1302,-1.8999
2,11.0571,1.4300,0.1302,-1.8999
2,11.0591,1.4300,0.1302,-1.8999
2,11.0611,1.4300,0.1302,-1.8999
2,11.0631,1.4300,0.1302,-1.8999
2,11.0651,1.4300,0.1302,-1.8999
2,11.0671,1.4300,0.1302,-1.8999
2,11.0691,1.4300,0.1302,-1.8999
2,11.0711,1.4300,0.1302,-1.8999
2,11.0731,1.4300,0.1302,-1.8999
2,11.0751,1.4300,0.1302,-1.8999
2,11.0771,1.4300,0.1302,-1.8999
2,11.0791,1.4300,0.1302,-1.8999
2,11.0811,1.4300,0.1302,-1.8999
2,11.0831,1.4300,0.1302,-1.8999
2,11.0851,1.4300,0.1302,-1.8999
2,11.0871,1.4300,0.1302,-1.8999
2,11.0891,1.4300,0.1302,-1.8999
2,11.0911,1.4298,0.1301,-1.8999
2,11.0931,1.4294,0.1300,-1.8999
2,11.0951,1.4287,0.1299,-1.8999
2,11.0971,1.4278,0.1297,-1.8999
2,11.0991,1.4266,0.1294,-1.8999
2,11.1011,1.4252,0.1291,-1.8999
2,11.1031,1.4234,0.1288,-1.8999
2,11.1051,1.4215,0.1285,-1.8999
2,11.1071,1.4194,0.1283,-1.8999
2,11.1091,1.4173,0.1280,-1.8999
2,11.1111,1.4152,0.1279,-1.8999
2,11.1131,1.4131,0.1277,-1.8999
2,11.1151,1.4112,0.1277,-1.8999
2,11.1171,1.4096,0.1277,-1.8999
2,11.1191,1.4081,0.1278,-1.8999
2,11.1211,1.4069,0.1279,-1.8999
2,11.1231,1.4059,0.1280,-1.8999
2,11.1251,1.4051,0.1281,-1.8999
2,11.1271,1.4045,0.1282,-1.8999
2,11.1291,1.4043,0.1282,-1.8999
2,11.1311,1.4043,0.1282,-1.8999
2,11.1331,1.4046,0.1282,-1.8999
2,11.1351,1.4050,0.1281,-1.8999
2,11.1371,1.4056,0.1281,-1.8999
2,11.1391,1.4063,0.1280,-1.8999
2,11.1411,1.4070,0.1279,-1.8999
2,11.1431,1.4078,0.1279,-1.8999
2,11.1451,1.4084,0.1278,-1.8999
2,11.1471,1.4090,0.1277,-1.8999
2,11.1491,1.4095,0.1276,-1.8999
2,11.1511,1.4097,0.1275,-1.8999
2,11.1531,1.4098,0.1275,-1.8999
2,11.1551,1.4097,0.1274,-1.8999
2,11.1571,1.4096,0.1275,-1.8999
2,11.1591,1.4093,0.1275,-1.8999
2,11.1611,1.4090,0.1275,-1.8999
2,11.1631,1.4086,0.1275,-1.8999
2,11.1651,1.4082,0.1276,-1.8999
2,11.1671,1.4079,0.1276,-1.8999
2,11.1691,1.4075,0.1277,-1.8999
2,11.1711,1.4073,0.1277,-1.8999
2,11.1731,1.4071,0.1278,-1.8999
2,11.1751,1.4070,0.1278,-1.8999
2,11.1771,1.4070,0.1278,-1.8999
2,11.1791,1.4070,0.1278,-1.8999
2,11.1811,1.4070,0.1278,-1.8999
2,11.1831,1.4070,0.1278,-1.8999
2,11.1851,1.4070,0.1278,-1.8999
2,11.1871,1.4070,0.1278,-1.8999
2,11.1891,1.4070,0.1278,-1.8999
2,11.1911,1.4070,0.1278,-1.8999
2,11.1931,1.4070,0.1278,-1.8999
2,11.1951,1.4070,0.1278,-1.8999
2,11.1971,1.4070,0.1278,-1.8999
2,11.1991,1.4070,0.1278,-1.8999
2,11.2011,1.4070,0.1278,-1.8999
2,11.2031,1.4070,0.1278,-1.8999
2,11.2051,1.4070,0.1278,-1.8999
2,11.2071,1.4070,0.1278,-1.8999
2,11.2091,1.4070,0.1278,-1.8999
2,11.2111,1.4070,0.1278,-1.8999
2,11.2131,1.4070,0.1278,-1.8999
2,11.2151,1.4070,0.1278,-1.8999
2,11.2171,1.4070,0.1278,-1.8999
2,11.2191,1.4070,0.1278,-1.8999
2,11.2211,1.4070,0.1278,-1.8999
2,11.2231,1.4070,0.1278,-1.8999
2,11.2251,1.4070,0.1278,-1.8999
2,11.2271,1.4070,0.1278,-1.8999
2,11.2291,1.4070,0.1278,-1.8999
2,11.2311,1.4068,0.1277,-1.8999
2,11.2331,1.4064,0.1276,-1.8999
2,11.2351,1.4058,0.1275,-1.8999
2,11.2371,1.4050,0.1273,-1.8999
2,11.2391,1.4038,0.1270,-1.8999
2,11.2411,1.4024,0.1267,-1.8999
2,11.2431,1.4007,0.1264,-1.8999
2,11.2451,1.3988,0.1261,-1.8999
2,11.2471,1.3967,0.1258,-1.8999
2,11.2491,1.3945,0.1256,-1.8999
2,11.2511,1.3923,0.1254,-1.8999
2,11.2531,1.3901,0.1252,-1.8999
2,11.2551,1.3880,0.1251,-1.8999
2,11.2571,1.3860,0.1251,-1.8999
2,11.2591,1.3841,0.1251,-1.8999
2,11.2611,1.3825,0.1251,-1.8999
2,11.2631,1.3810,0.1251,-1.8999
2,11.2651,1.3797,0.1251,-1.8999
2,11.2671,1.3787,0.1251,-1.8999
2,11.2691,1.3780,0.1251,-1.8999
2,11.2711,1.3776,0.1251,-1.8999
2,11.2731,1.3777,0.1251,-1.8999
2,11.2751,1.3780,0.1251,-1.8999
2,11.2771,1.3786,0.1251,-1.8999
2,11.2791,1.3794,0.1251,-1.8999
2,11.2811,1.3803,0.1251,-1.8999
2,11.2831,1.3814,0.1251,-1.8999
2,11.2851,1.3825,0.1250,-1.8999
2,11.2871,1.3835,0.1250,-1.8999
2,11.2891,1.3845,0.1250,-1.8999
2,11.2911,1.3852,0.1249,-1.8999
2,11.2931,1.3858,0.1249,-1.8999
2,11.2951,1.3861,0.1248,-1.8999
2,11.2971,1.3861,0.1248,-1.8999
2,11.2991,1.3860,0.1247,-1.8999
2,11.3011,1.3857,0.1247,-1.8999
2,11.3031,1.3852,0.1247,-1.8999
2,11.3051,1.3846,0.1247,-1.8999
2,11.3071,1.3840,0.1247,-1.8999
2,11.3091,1.3834,0.1248,-1.8999
2,11.3111,1.3827,0.1248,-1.8999
2,11.3131,1.3821,0.1248,-1.8999
2,11.3151,1.3817,0.1249,-1.8999
2,11.3171,1.3813,0.1249,-1.8999
2,11.3191,1.3811,0.1250,-1.8999
2,11.3211,1.3810,0.1250,-1.8999
2,11.3231,1.3811,0.1250,-1.8999
2,11.3251,1.3812,0.1250,-1.8999
2,11.3271,1.3814,0.1250,-1.8999
2,11.3291,1.3816,0.1250,-1.8999
2,11.3311,1.3818,0.1250,-1.8999
2,11.3331,1.3821,0.1250,-1.8999
2,11.3351,1.3823,0.1250,-1.8999
2,11.3371,1.3825,0.1249,-1.8999
2,11.3391,1.3827,0.1249,-1.8999
2,11.3411,1.3828,0.1249,-1.8999
2,11.3431,1.3829,0.1249,-1.8999
2,11.3451,1.3830,0.1249,-1.8999
2,11.3471,1.3830,0.1249,-1.8999
2,11.3491,1.3830,0.1249,-1.8999
2,11.3511,1.3830,0.1249,-1.8999
2,11.3531,1.3830,0.1249,-1.8999
2,11.3551,1.3830,0.1249,-1.8999
2,11.3571,1.3830,0.1249,-1.8999
2,11.3591,1.3830,0.1249,-1.8999
2,11.3611,1.3830,0.1249,-1.8999
2,11.3631,1.3830,0.1249,-1.8999
2,11.3651,1.3830,0.1249,-1.8999
2,11.3671,1.3829,0.1249,-1.8999
2,11.3691,1.3828,0.1249,-1.8999
2,11.3711,1.3824,0.1248,-1.8999
2,11.3731,1.3819,0.1247,-1.8999
2,11.3751,1.3811,0.1245,-1.8999
2,11.3771,1.3799,0.1243,-1.8999
2,11.3791,1.3785,0.1240,-1.8999
2,11.3811,1.3768,0.1237,-1.8999
2,11.3831,1.3748,0.1234,-1.8999
2,11.3851,1.3726,0.1231,-1.8999
2,11.3871,1.3703,0.1228,-1.8999
2,11.3891,1.3678,0.1226,-1.8999
2,11.3911,1.3654,0.1223,-1.8999
2,11.3931,1.3631,0.1222,-1.8999
2,11.3951,1.3609,0.1221,-1.8999
2,11.3971,1.3589,0.1221,-1.8999
2,11.3991,1.3571,0.1221,-1.8999
2,11.4011,1.3556,0.1221,-1.8999
2,11.4031,1.3543,0.1221,-1.8999
2,11.4051,1.3532,0.1222,-1.8999
2,11.4071,1.3524,0.1222,-1.8999
2,11.4091,1.3520,0.1222,-1.8999
2,11.4111,1.3519,0.1222,-1.8999
2,11.4131,1.3521,0.1222,-1.8999
2,11.4151,1.3526,0.1222,-1.8999
2,11.4171,1.3533,0.1222,-1.8999
2,11.4191,1.3541,0.1221,-1.8999
2,11.4211,1.3550,0.1221,-1.8999
2,11.4231,1.3560,0.1221,-1.8999
2,11.4251,1.3570,0.1220,-1.8999
2,11.4271,1.3579,0.1220,-1.8999
2,11.4291,1.3586,0.1219,-1.8999
2,11.4311,1.3592,0.1218,-1.8999
2,11.4331,1.3596,0.1218,-1.8999
2,11.4351,1.3597,0.1218,-1.8999
2,11.4371,1.3596,0.1217,-1.8999
2,11.4391,1.3594,0.1217,-1.8999
2,11.4411,1.3590,0.1217,-1.8999
2,11.4431,1.3586,0.1218,-1.8999
2,11.4451,1.3581,0.1218,-1.8999
2,11.4471,1.3575,0.1218,-1.8999
2,11.4491,1.3570,0.1218,-1.8999
2,11.4511,1.3565,0.1219,-1.8999
2,11.4531,1.3561,0.1219,-1.8999
2,11.4551,1.3557,0.1219,-1.8999
2,11.4571,1.3555,0.1220,-1.8999
2,11.4591,1.3554,0.1220,-1.8999
2,11.4611,1.3554,0.1220,-1.8999
2,11.4631,1.3554,0.1220,-1.8999
2,11.4651,1.3554,0.1220,-1.8999
2,11.4671,1.3554,0.1220,-1.8999
2,11.4691,1.3554,0.1220,-1.8999
2,11.4711,1.3554,0.1220,-1.8999
2,11.4731,1.3554,0.1220,-1.8999
2,11.4751,1.3554,0.1220,-1.8999
2,11.4771,1.3554,0.1220,-1.8999
2,11.4791,1.3554,0.1220,-1.8999
2,11.4811,1.3554,0.1220,-1.8999
2,11.4831,1.3554,0.1220,-1.8999
2,11.4851,1.3554,0.1220,-1.8999
2,11.4871,1.3554,0.1220,-1.8999
2,11.4891,1.3554,0.1220,-1.8999
2,11.4911,1.3554,0.1220,-1.8999
2,11.4931,1.3554,0.1220,-1.8999
2,11.4951,1.3554,0.1220,-1.8999
2,11.4971,1.3554,0.1220,-1.8999
2,11.4991,1.3554,0.1220,-1.8999
2,11.5011,1.3554,0.1220,-1.8999
2,11.5031,1.3554,0.1220,-1.8999
2,11.5051,1.3554,0.1220,-1.8999
2,11.5071,1.3554,0.1220,-1.8999
2,11.5091,1.3554,0.1220,-1.8999
2,11.5111,1.3553,0.1220,-1.8999
2,11.5131,1.3550,0.1219,-1.8999
2,11.5151,1.3545,0.1217,-1.8999
2,11.5171,1.3537,0.1215,-1.8999
2,11.5191,1.3526,0.1213,-1.8999
2,11.5211,1.3512,0.1210,-1.8999
2,11.5231,1.3495,0.1207,-1.8999
2,11.5251,1.3475,0.1204,-1.8999
2,11.5271,1.3453,0.1201,-1.8999
2,11.5291,1.3429,0.1198,-1.8999
2,11.5311,1.3404,0.1195,-1.8999
2,11.5331,1.3379,0.1194,-1.8999
2,11.5351,1.3354,0.1193,-1.8999
2,11.5371,1.3331,0.1192,-1.8999
2,11.5391,1.3310,0.1193,-1.8999
2,11.5411,1.3291,0.1193,-1.8999
2,11.5431,1.3275,0.1194,-1.8999
2,11.5451,1.3260,0.1195,-1.8999
2,11.5471,1.3250,0.1196,-1.8999
2,11.5491,1.3243,0.1197,-1.8999
2,11.5511,1.3241,0.1197,-1.8999
2,11.5531,1.3242,0.1198,-1.8999
2,11.5551,1.3247,0.1198,-1.8999
2,11.5571,1.3255,0.1198,-1.8999
2,11.5591,1.3266,0.1197,-1.8999
2,11.5611,1.3277,0.1197,-1.8999
2,11.5631,1.3290,0.1196,-1.8999
2,11.5651,1.3303,0.1195,-1.8999
2,11.5671,1.3315,0.1194,-1.8999
2,11.5691,1.3326,0.1193,-1.8999
2,11.5711,1.3334,0.1192,-1.8999
2,11.5731,1.3340,0.1191,-1.8999
2,11.5751,1.3342,0.1190,-1.8999
2,11.5771,1.3341,0.1190,-1.8999
2,11.5791,1.3339,0.1190,-1.8999
2,11.5811,1.3334,0.1190,-1.8999
2,11.5831,1.3328,0.1190,-1.8999
2,11.5851,1.3321,0.1191,-1.8999
2,11.5871,1.3312,0.1191,-1.8999
2,11.5891,1.3304,0.1192,-1.8999
2,11.5911,1.3297,0.1193,-1.8999
2,11.5931,1.3290,0.1194,-1.8999
2,11.5951,1.3284,0.1194,-1.8999
2,11.5971,1.3280,0.1195,-1.8999
2,11.5991,1.3278,0.1195,-1.8999
2,11.6011,1.3278,0.1196,-1.8999
2,11.6031,1.3280,0.1196,-1.8999
2,11.6051,1.3281,0.1196,-1.8999
2,11.6071,1.3284,0.1195,-1.8999
2,11.6091,1.3287,0.1195,-1.8999
2,11.6111,1.3291,0.1195,-1.8999
2,11.6131,1.3295,0.1194,-1.8999
2,11.6151,1.3298,0.1194,-1.8999
2,11.6171,1.3302,0.1194,-1.8999
2,11.6191,1.3304,0.1193,-1.8999
2,11.6211,1.3306,0.1193,-1.8999
2,11.6231,1.3307,0.1193,-1.8999
2,11.6251,1.3307,0.1193,-1.8999
2,11.6271,1.3307,0.1193,-1.8999
2,11.6291,1.3307,0.1193,-1.8999
2,11.6311,1.3307,0.1193,-1.8999
2,11.6331,1.3307,0.1193,-1.8999
2,11.6351,1.3307,0.1193,-1.8999
2,11.6371,1.3307,0.1193,-1.8999
2,11.6391,1.3307,0.1193,-1.8999
2,11.6411,1.3307,0.1193,-1.8999
2,11.6431,1.3307,0.1193,-1.8999
2,11.6451,1.3307,0.1193,-1.8999
2,11.6471,1.3306,0.1193,-1.8999
2,11.6491,1.3304,0.1193,-1.8999
2,11.6511,1.3300,0.1192,-1.8999
2,11.6531,1.3294,0.1191,-1.8999
2,11.6551,1.3284,0.1190,-1.8999
2,11.6571,1.3272,0.1188,-1.8999
2,11.6591,1.3257,0.1185,-1.8999
2,11.6611,1.3238,0.1183,-1.8999
2,11.6631,1.3217,0.1180,-1.8999
2,11.6651,1.3194,0.1178,-1.8999
2,11.6671,1.3170,0.1175,-1.8999
2,11.6691,1.3146,0.1173,-1.8999
2,11.6711,1.3121,0.1172,-1.8999
2,11.6731,1.3097,0.1171,-1.8999
2,11.6751,1.3075,0.1170,-1.8999
2,11.6771,1.3055,0.1170,-1.8999
2,11.6791,1.3038,0.1171,-1.8999
2,11.6811,1.3023,0.1171,-1.8999
2,11.6831,1.3011,0.1172,-1.8999
2,11.6851,1.3000,0.1172,-1.8999
2,11.6871,1.2993,0.1172,-1.8999
2,11.6891,1.2989,0.1172,-1.8999
2,11.6911,1.2988,0.1172,-1.8999
2,11.6931,1.2989,0.1172,-1.8999
2,11.6951,1.2993,0.1171,-1.8999
2,11.6971,1.2999,0.1171,-1.8999
2,11.6991,1.3006,0.1171,-1.8999
2,11.7011,1.3014,0.1170,-1.8999
2,11.7031,1.3024,0.1170,-1.8999
2,11.7051,1.3033,0.1169,-1.8999
2,11.7071,1.3041,0.1169,-1.8999
2,11.7091,1.3049,0.1168,-1.8999
2,11.7111,1.3055,0.1168,-1.8999
2,11.7131,1.3059,0.1167,-1.8999
2,11.7151,1.3061,0.1167,-1.8999
2,11.7171,1.3061,0.1167,-1.8999
2,11.7191,1.3059,0.1167,-1.8999
2,11.7211,1.3057,0.1167,-1.8999
2,11.7231,1.3053,0.1167,-1.8999
2,11.7251,1.3049,0.1167,-1.8999
2,11.7271,1.3044,0.1167,-1.8999
2,11.7291,1.3040,0.1168,-1.8999
2,11.7311,1.3035,0.1168,-1.8999
2,11.7331,1.3032,0.1168,-1.8999
2,11.7351,1.3028,0.1169,-1.8999
2,11.7371,1.3026,0.1169,-1.8999
2,11.7391,1.3025,0.1169,-1.8999
2,11.7411,1.3025,0.1169,-1.8999
2,11.7431,1.3025,0.1169,-1.8999
2,11.7451,1.3025,0.1169,-1.8999
2,11.7471,1.3025,0.1169,-1.8999
2,11.7491,1.3025,0.1169,-1.8999
2,11.7511,1.3025,0.1169,-1.8999
2,11.7531,1.3025,0.1169,-1.8999
2,11.7551,1.3025,0.1169,-1.8999
2,11.7571,1.3025,0.1169,-1.8999
2,11.7591,1.3025,0.1169,-1.8999
2,11.7611,1.3025,0.1169,-1.8999
2,11.7631,1.3025,0.1169,-1.8999
2,11.7651,1.3025,0.1169,-1.8999
2,11.7671,1.3025,0.1169,-1.8999
2,11.7691,1.3025,0.1169,-1.8999
2,11.7711,1.3025,0.1169,-1.8999
2,11.7731,1.3025,0.1169,-1.8999
2,11.7751,1.3025,0.1169,-1.8999
2,11.7771,1.3025,0.1169,-1.8999
2,11.7791,1.3025,0.1169,-1.8999
2,11.7811,1.3025,0.1169,-1.8999
2,11.7831,1.3025,0.1169,-1.8999
2,11.7851,1.3025,0.1169,-1.8999
2,11.7871,1.3025,0.1169,-1.8999
2,11.7891,1.3025,0.1169,-1.8999
2,11.7911,1.3023,0.1169,-1.8999
2,11.7931,1.3020,0.1168,-1.8999
2,11.7951,1.3014,0.1166,-1.8999
2,11.7971,1.3006,0.1165,-1.8999
2,11.7991,1.2994,0.1162,-1.8999
2,11.8011,1.2979,0.1159,-1.8999
2,11.8031,1.2960,0.1156,-1.8999
2,11.8051,1.2938,0.1153,-1.8999
2,11.8071,1.2911,0.1149,-1.8999
2,11.8091,1.2882,0.1146,-1.8999
2,11.8111,1.2849,0.1142,-1.8999
2,11.8131,1.2813,0.1139,-1.8999
2,11.8151,1.2775,0.1137,-1.8999
2,11.8171,1.2735,0.1134,-1.8999
2,11.8191,1.2695,0.1132,-1.8999
2,11.8211,1.2654,0.1131,-1.8999
2,11.8231,1.2612,0.1129,-1.8999
2,11.8251,1.2572,0.1128,-1.8999
2,11.8271,1.2533,0.1127,-1.8999
2,11.8291,1.2498,0.1126,-1.8999
2,11.8311,1.2468,0.1126,-1.8999
2,11.8331,1.2444,0.1126,-1.8999
2,11.8351,1.2427,0.1126,-1.8999
2,11.8371,1.2417,0.1127,-1.8999
2,11.8391,1.2414,0.1128,-1.8999
2,11.8411,1.2419,0.1128,-1.8999
2,11.8431,1.2430,0.1129,-1.8999
2,11.8451,1.2446,0.1129,-1.8999
2,11.8471,1.2467,0.1130,-1.8999
2,11.8491,1.2492,0.1130,-1.8999
2,11.8511,1.2521,0.1131,-1.8999
2,11.8531,1.2551,0.1131,-1.8999
2,11.8551,1.2582,0.1131,-1.8999
2,11.8571,1.2613,0.1131,-1.8999
2,11.8591,1.2642,0.1131,-1.8999
2,11.8611,1.2668,0.1131,-1.8999
2,11.8631,1.2691,0.1131,-1.8999
2,11.8651,1.2710,0.1131,-1.8999
2,11.8671,1.2723,0.1131,-1.8999
2,11.8691,1.2731,0.1131,-1.8999
2,11.8711,1.2734,0.1131,-1.8999
2,11.8731,1.2731,0.1131,-1.8999
2,11.8751,1.2724,0.1131,-1.8999
2,11.8771,1.2713,0.1131,-1.8999
2,11.8791,1.2698,0.1131,-1.8999
2,11.8811,1.2680,0.1131,-1.8999
2,11.8831,1.2660,0.1131,-1.8999
2,11.8851,1.2638,0.1131,-1.8999
2,11.8871,1.2615,0.1131,-1.8999
2,11.8891,1.2593,0.1131,-1.8999
2,11.8911,1.2572,0.1131,-1.8999
2,11.8931,1.2553,0.1131,-1.8999
2,11.8951,1.2537,0.1130,-1.8999
2,11.8971,1.2523,0.1130,-1.8999
2,11.8991,1.2514,0.1130,-1.8999
2,11.9011,1.2508,0.1129,-1.8999
2,11.9031,1.2507,0.1129,-1.8999
2,11.9051,1.2508,0.1129,-1.8999
2,11.9071,1.2513,0.1129,-1.8999
2,11.9091,1.2520,0.1129,-1.8999
2,11.9111,1.2530,0.1129,-1.8999
2,11.9131,1.2541,0.1130,-1.8999
2,11.9151,1.2553,0.1130,-1.8999
2,11.9171,1.2567,0.1130,-1.8999
2,11.9191,1.2581,0.1130,-1.8999
2,11.9211,1.2595,0.1130,-1.8999
2,11.9231,1.2608,0.1131,-1.8999
2,11.9251,1.2620,0.1131,-1.8999
2,11.9271,1.2629,0.1131,-1.8999
2,11.9291,1.2635,0.1130,-1.8999
2,11.9311,1.2637,0.1130,-1.8999
2,11.9331,1.2634,0.1129,-1.8999
2,11.9351,1.2627,0.1127,-1.8999
2,11.9371,1.2614,0.1125,-1.8999
2,11.9391,1.2596,0.1123,-1.8999
2,11.9411,1.2572,0.1120,-1.8999
2,11.9431,1.2543,0.1117,-1.8999
2,11.9451,1.2508,0.1113,-1.8999
2,11.9471,1.2469,0.1109,-1.8999
2,11.9491,1.2426,0.1106,-1.8999
2,11.9511,1.2379,0.1102,-1.8999
2,11.9531,1.2330,0.1099,-1.8999
2,11.9551,1.2280,0.1097,-1.8999
2,11.9571,1.2230,0.1095,-1.8999
2,11.9591,1.2180,0.1093,-1.8999
2,11.9611,1.2132,0.1092,-1.8999
2,11.9631,1.2086,0.1092,-1.8999
2,11.9651,1.2042,0.1091,-1.8999
2,11.9671,1.2004,0.1091,-1.8999
2,11.9691,1.1971,0.1090,-1.8999
2,11.9711,1.1943,0.1090,-1.8999
2,11.9731,1.1918,0.1089,-1.8999
2,11.9751,1.1894,0.1088,-1.8999
2,11.9771,1.1871,0.1085,-1.8999
2,11.9791,1.1847,0.1082,-1.8999
2,11.9811,1.1821,0.1078,-1.8999
2,11.9831,1.1790,0.1073,-1.8999
2,11.9851,1.1754,0.1067,-1.8999
2,11.9871,1.1710,0.1061,-1.8999
2,11.9891,1.1656,0.1054,-1.8999
2,11.9911,1.1589,0.1047,-1.8999
2,11.9931,1.1504,0.1039,-1.8999
2,11.9951,1.1397,0.1031,-1.8999
2,11.9971,1.1262,0.1021,-1.8999
2,11.9991,1.1091,0.1009,-1.8999
2,12.0011,1.0879,0.0993,-1.8999
2,12.0031,1.0634,0.0967,-1.8999
2,12.0051,1.0312,0.0922,-1.8999
2,12.0071,0.9797,0.0842,-1.8999
3,12.1591,-0.0000,-0.0000,0.0000
3,12.1611,-0.0000,-0.0000,0.0001
3,12.1631,-0.0001,-0.0000,0.0002
3,12.1651,-0.0002,0.0000,0.0003
3,12.1671,-0.0003,0.0000,0.0005
3,12.1691,-0.0004,0.0000,0.0006
3,12.1711,-0.0006,0.0000,0.0007
3,12.1731,-0.0007,0.0001,0.0007
3,12.1751,-0.0008,0.0001,0.0007
3,12.1771,-0.0009,0.0001,0.0007
3,12.1791,-0.0011,0.0002,0.0007
3,12.1811,-0.0012,0.0002,0.0006
3,12.1831,-0.0012,0.0002,0.0006
3,12.1851,-0.0013,0.0003,0.0005
3,12.1871,-0.0014,0.0003,0.0005
3,12.1891,-0.0014,0.0003,0.0005
3,12.1911,-0.0015,0.0003,0.0005
3,12.1931,-0.0015,0.0004,0.0005
3,12.1951,-0.0015,0.0004,0.0005
3,12.1971,-0.0016,0.0004,0.0006
3,12.1991,-0.0016,0.0004,0.0006
3,12.2011,-0.0016,0.0004,0.0006
3,12.2031,-0.0016,0.0004,0.0006
3,12.2051,-0.0016,0.0004,0.0006
3,12.2071,-0.0016,0.0004,0.0006
3,12.2091,-0.0016,0.0004,0.0006
3,12.2111,-0.0016,0.0004,0.0006
3,12.2131,-0.0016,0.0004,0.0006
3,12.2151,-0.0016,0.0004,0.0006
3,12.2171,-0.0016,0.0004,0.0006
3,12.2191,-0.0016,0.0004,0.0006
3,12.2211,-0.0016,0.0004,0.0006
3,12.2231,-0.0016,0.0004,0.0006
3,12.2251,-0.0016,0.0004,0.0006
3,12.2271,-0.0016,0.0004,0.0006
3,12.2291,-0.0016,0.0004,0.0006
3,12.2311,-0.0015,0.0004,0.0006
3,12.2331,-0.0015,0.0004,0.0006
3,12.2351,-0.0015,0.0004,0.0006
3,12.2371,-0.0015,0.0004,0.0006
3,12.2391,-0.0015,0.0004,0.0006
3,12.2411,-0.0015,0.0004,0.0006
3,12.2431,-0.0015,0.0004,0.0006
3,12.2451,-0.0015,0.0004,0.0006
3,12.2471,-0.0015,0.0004,0.0006
3,12.2491,-0.0015,0.0004,0.0006
3,12.2511,-0.0015,0.0004,0.0006
3,12.2531,-0.0015,0.0004,0.0006
3,12.2551,-0.0015,0.0004,0.0006
3,12.2571,-0.0015,0.0004,0.0006
3,12.2591,-0.0015,0.0004,0.0006
3,12.2611,-0.0015,0.0004,0.0006
3,12.2631,-0.0015,0.0004,0.0006
3,12.2651,-0.0015,0.0004,0.0006
3,12.2671,-0.0015,0.0004,0.0006
3,12.2691,-0.0015,0.0004,0.0006
3,12.2711,-0.0015,0.0004,0.0006
3,12.2731,-0.0015,0.0004,0.0006
3,12.2751,-0.0015,0.0004,0.0006
3,12.2771,-0.0015,0.0004,0.0006
3,12.2791,-0.0015,0.0004,0.0006
3,12.2811,-0.0015,0.0004,0.0006
3,12.2831,-0.0015,0.0004,0.0006
3,12.2851,-0.0015,0.0004,0.0006
3,12.2871,-0.0015,0.0004,0.0006
3,12.2891,-0.0015,0.0004,0.0006
3,12.2911,-0.0015,0.0004,0.0006
3,12.2931,-0.0015,0.0004,0.0006
3,12.2951,-0.0015,0.0004,0.0006
3,12.2971,-0.0015,0.0004,0.0006
3,12.2991,-0.0015,0.0004,0.0006
3,12.3011,-0.0015,0.0004,0.0006
3,12.3031,-0.0015,0.0004,0.0006
3,12.3051,-0.0015,0.0004,0.0006
3,12.3071,-0.0015,0.0004,0.0006
3,12.3091,-0.0015,0.0004,0.0006
3,12.3111,-0.0015,0.0004,0.0006
3,12.3131,-0.0015,0.0004,0.0006
3,12.3151,-0.0015,0.0004,0.0006
3,12.3171,-0.0015,0.0004,0.0006
3,12.3191,-0.0015,0.0004,0.0006
3,12.3211,-0.0015,0.0004,0.0006
3,12.3231,-0.0015,0.0004,0.0006
3,12.3251,-0.0015,0.0004,0.0006
3,12.3271,-0.0015,0.0004,0.0006
3,12.3291,-0.0015,0.0004,0.0006
3,12.3311,-0.0015,0.0004,0.0006
3,12.3331,-0.0015,0.0004,0.0006
3,12.3351,-0.0015,0.0004,0.0006
3,12.3371,-0.0015,0.0004,0.0006
3,12.3391,-0.0015,0.0004,0.0006
3,12.3411,-0.0015,0.0004,0.0006
3,12.3431,-0.0015,0.0004,0.0006
3,12.3451,-0.0015,0.0004,0.0006
3,12.3471,-0.0015,0.0004,0.0006
3,12.3491,-0.0015,0.0004,0.0006
3,12.3511,-0.0015,0.0004,0.0006
3,12.3531,-0.0015,0.0004,0.0006
3,12.3551,-0.0015,0.0004,0.0006
3,12.3571,-0.0015,0.0004,0.0006
3,12.3591,-0.0015,0.0004,0.0006
3,12.3611,-0.0015,0.0004,0.0006
3,12.3631,-0.0015,0.0004,0.0006
3,12.3651,-0.0015,0.0004,0.0006
3,12.3671,-0.0015,0.0004,0.0006
3,12.3691,-0.0015,0.0004,0.0006
3,12.3711,-0.0015,0.0004,0.0006
3,12.3731,-0.0015,0.0004,0.0006
3,12.3751,-0.0015,0.0004,0.0006
3,12.3771,-0.0015,0.0004,0.0006
3,12.3791,-0.0015,0.0004,0.0006
3,12.3811,-0.0015,0.0004,0.0006
3,12.3831,-0.0015,0.0004,0.0006
3,12.3851,-0.0015,0.0004,0.0006
3,12.3871,-0.0015,0.0004,0.0006
3,12.3891,-0.0015,0.0004,0.0006
3,12.3911,-0.0015,0.0004,0.0006
3,12.3931,-0.0015,0.0004,0.0006
3,12.3951,-0.0015,0.0004,0.0006
3,12.3971,-0.0015,0.0004,0.0006
3,12.3991,-0.0015,0.0004,0.0006
3,12.4011,-0.0015,0.0004,0.0006
3,12.4031,-0.0015,0.0004,0.0006
3,12.4051,-0.0015,0.0004,0.0006
3,12.4071,-0.0015,0.0004,0.0006
3,12.4091,-0.0015,0.0004,0.0006
3,12.4111,-0.0015,0.0004,0.0006
3,12.4131,-0.0015,0.0004,0.0006
3,12.4151,-0.0015,0.0004,0.0006
3,12.4171,-0.0015,0.0004,0.0006
3,12.4191,-0.0015,0.0004,0.0006
3,12.4211,-0.0015,0.0004,0.0006
3,12.4231,-0.0015,0.0004,0.0006
3,12.4251,-0.0015,0.0004,0.0006
3,12.4271,-0.0015,0.0004,0.0006
3,12.4291,-0.0015,0.0004,0.0006
3,12.4311,-0.0015,0.0004,0.0006
3,12.4331,-0.0015,0.0004,0.0006
3,12.4351,-0.0015,0.0004,0.0006
3,12.4371,-0.0015,0.0004,0.0006
3,12.4391,-0.0015,0.0004,0.0006
3,12.4411,-0.0015,0.0004,0.0006
3,12.4431,-0.0015,0.0004,0.0006
3,12.4451,-0.0015,0.0004,0.0006
3,12.4471,-0.0015,0.0004,0.0006
3,12.4491,-0.0015,0.0004,0.0006
3,12.4511,-0.0015,0.0004,0.0006
3,12.4531,-0.0015,0.0004,0.0006
3,12.4551,-0.0015,0.0004,0.0006
3,12.4571,-0.0015,0.0004,0.0006
3,12.4591,-0.0015,0.0004,0.0006
3,12.4611,-0.0015,0.0004,0.0006
3,12.4631,-0.0015,0.0004,0.0006
3,12.4651,-0.0015,0.0004,0.0006
3,12.4671,-0.0015,0.0004,0.0006
3,12.4691,-0.0015,0.0004,0.0006
3,12.4711,-0.0015,0.0004,0.0006
3,12.4731,-0.0015,0.0004,0.0006
3,12.4751,-0.0015,0.0004,0.0006
3,12.4771,-0.0015,0.0004,0.0006
3,12.4791,-0.0015,0.0004,0.0006
3,12.4811,-0.0015,0.0004,0.0006
3,12.4831,-0.0015,0.0004,0.0006
3,12.4851,-0.0015,0.0004,0.0006
3,12.4871,-0.0015,0.0004,0.0006
3,12.4891,-0.0015,0.0004,0.0006
3,12.4911,-0.0015,0.0004,0.0006
3,12.4931,-0.0015,0.0004,0.0006
3,12.4951,-0.0015,0.0004,0.0006
3,12.4971,-0.0015,0.0004,0.0006
3,12.4991,-0.0015,0.0004,0.0006
3,12.5011,-0.0015,0.0004,0.0006
3,12.5031,-0.0015,0.0004,0.0006
3,12.5051,-0.0015,0.0004,0.0006
3,12.5071,-0.0015,0.0004,0.0006
3,12.5091,-0.0015,0.0004,0.0006
3,12.5111,-0.0015,0.0004,0.0006
3,12.5131,-0.0015,0.0004,0.0006
3,12.5151,-0.0015,0.0004,0.0006
3,12.5171,-0.0015,0.0004,0.0006
3,12.5191,-0.0015,0.0004,0.0006
3,12.5211,-0.0015,0.0004,0.0006
3,12.5231,-0.0015,0.0004,0.0006
3,12.5251,-0.0015,0.0004,0.0006
3,12.5271,-0.0015,0.0004,0.0006
3,12.5291,-0.0015,0.0004,0.0006
3,12.5311,-0.0015,0.0004,0.0006
3,12.5331,-0.0015,0.0004,0.0006
3,12.5351,-0.0015,0.0004,0.0006
3,12.5371,-0.0015,0.0004,0.0006
3,12.5391,-0.0015,0.0004,0.0006
3,12.5411,-0.0015,0.0004,0.0006
3,12.5431,-0.0015,0.0004,0.0006
3,12.5451,-0.0015,0.0004,0.0006
3,12.5471,-0.0015,0.0004,0.0006
3,12.5491,-0.0015,0.0004,0.0006
3,12.5511,-0.0015,0.0004,0.0006
3,12.5531,-0.0015,0.0004,0.0006
3,12.5551,-0.0015,0.0004,0.0006
3,12.5571,-0.0015,0.0004,0.0006
3,12.5591,-0.0015,0.0004,0.0006
3,12.5611,-0.0015,0.0004,0.0006
3,12.5631,-0.0015,0.0004,0.0006
3,12.5651,-0.0015,0.0004,0.0006
3,12.5671,-0.0015,0.0004,0.0006
3,12.5691,-0.0015,0.0004,0.0006
3,12.5711,-0.0015,0.0004,0.0006
3,12.5731,-0.0015,0.0004,0.0006
3,12.5751,-0.0015,0.0004,0.0006
3,12.5771,-0.0015,0.0004,0.0006
3,12.5791,-0.0015,0.0004,0.0006
3,12.5811,-0.0015,0.0004,0.0006
3,12.5831,-0.0015,0.0004,0.0006
3,12.5851,-0.0015,0.0004,0.0006
3,12.5871,-0.0015,0.0004,0.0006
3,12.5891,-0.0015,0.0004,0.0006
3,12.5911,-0.0015,0.0004,0.0006
3,12.5931,-0.0015,0.0004,0.0006
3,12.5951,-0.0015,0.0004,0.0006
3,12.5971,-0.0015,0.0004,0.0006
3,12.5991,-0.0015,0.0004,0.0006
3,12.6011,-0.0015,0.0004,0.0006
3,12.6031,-0.0015,0.0004,0.0006
3,12.6051,-0.0015,0.0004,0.0006
3,12.6071,-0.0015,0.0004,0.0006
3,12.6091,-0.0015,0.0004,0.0006
3,12.6111,-0.0015,0.0004,0.0006
3,12.6131,-0.0015,0.0004,0.0006
3,12.6151,-0.0015,0.0004,0.0006
3,12.6171,-0.0015,0.0004,0.0006
3,12.6191,-0.0015,0.0004,0.0006
3,12.6211,-0.0015,0.0004,0.0006
3,12.6231,-0.0015,0.0004,0.0006
3,12.6251,-0.0015,0.0004,0.0006
3,12.6271,-0.0015,0.0004,0.0006
3,12.6291,-0.0015,0.0004,0.0006
3,12.6311,-0.0015,0.0004,0.0006
3,12.6331,-0.0015,0.0004,0.0006
3,12.6351,-0.0015,0.0004,0.0006
3,12.6371,-0.0015,0.0004,0.0006
3,12.6391,-0.0015,0.0004,0.0006
3,12.6411,-0.0015,0.0004,0.0006
3,12.6431,-0.0015,0.0004,0.0006
3,12.6451,-0.0015,0.0004,0.0006
3,12.6471,-0.0015,0.0004,0.0006
3,12.6491,-0.0015,0.0004,0.0006
3,12.6511,-0.0015,0.0004,0.0006
3,12.6531,-0.0015,0.0004,0.0006
3,12.6551,-0.0015,0.0004,0.0006
3,12.6571,-0.0015,0.0004,0.0006
3,12.6591,-0.0015,0.0004,0.0006
3,12.6611,-0.0015,0.0004,0.0006
3,12.6631,-0.0014,0.0004,0.0006
3,12.6651,-0.0011,0.0005,0.0006
3,12.6671,-0.0004,0.0006,0.0007
3,12.6691,0.0009,0.0009,0.0009
3,12.6711,0.0029,0.0013,0.0011
3,12.6731,0.0059,0.0018,0.0014
3,12.6751,0.0100,0.0026,0.0017
3,12.6771,0.0152,0.0037,0.0021
3,12.6791,0.0216,0.0049,0.0025
3,12.6811,0.0292,0.0065,0.0028
3,12.6831,0.0380,0.0082,0.0031
3,12.6851,0.0478,0.0102,0.0034
3,12.6871,0.0587,0.0124,0.0035
3,12.6891,0.0703,0.0147,0.0036
3,12.6911,0.0825,0.0171,0.0036
3,12.6931,0.0951,0.0196,0.0036
3,12.6951,0.1078,0.0220,0.0035
3,12.6971,0.1204,0.0243,0.0034
3,12.6991,0.1328,0.0264,0.0033
3,12.7011,0.1446,0.0283,0.0032
3,12.7031,0.1557,0.0299,0.0030
3,12.7051,0.1658,0.0311,0.0028
3,12.7071,0.1749,0.0319,0.0025
3,12.7091,0.1828,0.0323,0.0022
3,12.7111,0.1894,0.0323,0.0020
3,12.7131,0.1948,0.0318,0.0017
3,12.7151,0.1990,0.0310,0.0014
3,12.7171,0.2019,0.0298,0.0013
3,12.7191,0.2038,0.0284,0.0011
3,12.7211,0.2048,0.0267,0.0011
3,12.7231,0.2051,0.0250,0.0011
3,12.7251,0.2049,0.0232,0.0013
3,12.7271,0.2044,0.0216,0.0015
3,12.7291,0.2038,0.0201,0.0017
3,12.7311,0.2034,0.0189,0.0020
3,12.7331,0.2034,0.0181,0.0023
3,12.7351,0.2041,0.0177,0.0026
3,12.7371,0.2055,0.0177,0.0027
3,12.7391,0.2078,0.0182,0.0028
3,12.7411,0.2113,0.0191,0.0028
3,12.7431,0.2161,0.0204,0.0026
3,12.7451,0.2218,0.0220,0.0023
3,12.7471,0.2283,0.0238,0.0018
3,12.7491,0.2352,0.0257,0.0011
3,12.7511,0.2423,0.0275,0.0004
3,12.7531,0.2494,0.0293,-0.0004
3,12.7551,0.2560,0.0307,-0.0013
3,12.7571,0.2620,0.0319,-0.0020
3,12.7591,0.2671,0.0326,-0.0026
3,12.7611,0.2712,0.0329,-0.0031
3,12.7631,0.2740,0.0327,-0.0033
3,12.7651,0.2755,0.0321,-0.0033
3,12.7671,0.2757,0.0310,-0.0031
3,12.7691,0.2746,0.0295,-0.0026
3,12.7711,0.2722,0.0278,-0.0021
3,12.7731,0.2686,0.0258,-0.0014
3,12.7751,0.2641,0.0238,-0.0007
3,12.7771,0.2587,0.0218,0.0000
3,12.7791,0.2528,0.0199,0.0007
3,12.7811,0.2465,0.0183,0.0012
3,12.7831,0.2402,0.0170,0.0016
3,12.7851,0.2341,0.0162,0.0019
3,12.7871,0.2284,0.0158,0.0020
3,12.7891,0.2234,0.0160,0.0021
3,12.7911,0.2192,0.0167,0.0021
3,12.7931,0.2161,0.0179,0.0020
3,12.7951,0.2144,0.0196,0.0020
3,12.7971,0.2142,0.0217,0.0020
3,12.7991,0.2158,0.0241,0.0020
3,12.8011,0.2192,0.0269,0.0020
3,12.8031,0.2247,0.0297,0.0021
3,12.8051,0.2322,0.0326,0.0021
3,12.8071,0.2415,0.0353,0.0019
3,12.8091,0.2525,0.0377,0.0017
3,12.8111,0.2651,0.0398,0.0013
3,12.8131,0.2789,0.0414,0.0007
3,12.8151,0.2935,0.0425,0.0000
3,12.8171,0.3088,0.0429,-0.0007
3,12.8191,0.3241,0.0428,-0.0014
3,12.8211,0.3394,0.0421,-0.0021
3,12.8231,0.3540,0.0409,-0.0027
3,12.8251,0.3679,0.0392,-0.0032
3,12.8271,0.3806,0.0372,-0.0035
3,12.8291,0.3920,0.0350,-0.0035
3,12.8311,0.4018,0.0328,-0.0033
3,12.8331,0.4099,0.0307,-0.0029
3,12.8351,0.4163,0.0289,-0.0024
3,12.8371,0.4210,0.0275,-0.0017
3,12.8391,0.4241,0.0266,-0.0011
3,12.8411,0.4257,0.0263,-0.0004
3,12.8431,0.4260,0.0267,0.0001
3,12.8451,0.4252,0.0278,0.0005
3,12.8471,0.4237,0.0295,0.0008
3,12.8491,0.4217,0.0320,0.0010
3,12.8511,0.4195,0.0349,0.0010
3,12.8531,0.4175,0.0383,0.0009
3,12.8551,0.4160,0.0420,0.0008
3,12.8571,0.4152,0.0458,0.0007
3,12.8591,0.4154,0.0496,0.0006
3,12.8611,0.4169,0.0531,0.0005
3,12.8631,0.4197,0.0563,0.0005
3,12.8651,0.4240,0.0588,0.0006
3,12.8671,0.4299,0.0608,0.0006
3,12.8691,0.4373,0.0620,0.0007
3,12.8711,0.4463,0.0625,0.0008
3,12.8731,0.4567,0.0623,0.0009
3,12.8751,0.4681,0.0614,0.0010
3,12.8771,0.4800,0.0598,0.0008
3,12.8791,0.4920,0.0577,0.0005
3,12.8811,0.5034,0.0551,0.0000
3,12.8831,0.5139,0.0522,-0.0006
3,12.8851,0.5232,0.0491,-0.0013
3,12.8871,0.5307,0.0462,-0.0020
3,12.8891,0.5364,0.0434,-0.0025
3,12.8911,0.5399,0.0411,-0.0029
3,12.8931,0.5412,0.0393,-0.0030
3,12.8951,0.5404,0.0381,-0.0029
3,12.8971,0.5373,0.0377,-0.0024
3,12.8991,0.5323,0.0380,-0.0017
3,12.9011,0.5255,0.0390,-0.0009
3,12.9031,0.5172,0.0407,0.0000
3,12.9051,0.5077,0.0429,0.0009
3,12.9071,0.4974,0.0455,0.0016
3,12.9091,0.4867,0.0484,0.0020
3,12.9111,0.4761,0.0514,0.0022
3,12.9131,0.4659,0.0543,0.0021
3,12.9151,0.4567,0.0569,0.0018
3,12.9171,0.4486,0.0591,0.0013
3,12.9191,0.4422,0.0608,0.0008
3,12.9211,0.4375,0.0618,0.0003
3,12.9231,0.4349,0.0623,0.0000
3,12.9251,0.4346,0.0621,0.0000
3,12.9271,0.4368,0.0614,0.0003
3,12.9291,0.4415,0.0601,0.0009
3,12.9311,0.4488,0.0585,0.0017
3,12.9331,0.4585,0.0566,0.0026
3,12.9351,0.4706,0.0545,0.0035
3,12.9371,0.4847,0.0525,0.0041
3,12.9391,0.5004,0.0507,0.0045
3,12.9411,0.5174,0.0491,0.0044
3,12.9431,0.5352,0.0480,0.0039
3,12.9451,0.5533,0.0474,0.0030
3,12.9471,0.5713,0.0474,0.0018
3,12.9491,0.5887,0.0480,0.0004
3,12.9511,0.6050,0.0491,-0.0011
3,12.9531,0.6198,0.0509,-0.0024
3,12.9551,0.6329,0.0530,-0.0035
3,12.9571,0.6440,0.0556,-0.0043
3,12.9591,0.6530,0.0583,-0.0047
3,12.9611,0.6597,0.0611,-0.0048
3,12.9631,0.6642,0.0638,-0.0045
3,12.9651,0.6665,0.0662,-0.0039
3,12.9671,0.6668,0.0683,-0.0032
3,12.9691,0.6653,0.0699,-0.0024
3,12.9711,0.6624,0.0711,-0.0016
3,12.9731,0.6585,0.0717,-0.0008
3,12.9751,0.6538,0.0718,-0.0002
3,12.9771,0.6490,0.0715,0.0004
3,12.9791,0.6444,0.0709,0.0008
3,12.9811,0.6404,0.0700,0.0012
3,12.9831,0.6374,0.0690,0.0016
3,12.9851,0.6359,0.0680,0.0020
3,12.9871,0.6360,0.0672,0.0025
3,12.9891,0.6380,0.0667,0.0029
3,12.9911,0.6421,0.0665,0.0034
3,12.9931,0.6482,0.0667,0.0038
3,12.9951,0.6564,0.0673,0.0041
3,12.9971,0.6665,0.0684,0.0041
3,12.9991,0.6783,0.0699,0.0040
3,13.0011,0.6918,0.0717,0.0037
3,13.0031,0.7065,0.0739,0.0031
3,13.0051,0.7219,0.0763,0.0022
3,13.0071,0.7372,0.0785,0.0010
3,13.0091,0.7519,0.0805,-0.0005
3,13.0111,0.7654,0.0822,-0.0021
3,13.0131,0.7772,0.0833,-0.0039
3,13.0151,0.7867,0.0837,-0.0056
3,13.0171,0.7938,0.0836,-0.0070
3,13.0191,0.7980,0.0829,-0.0081
3,13.0211,0.7994,0.0816,-0.0085
3,13.0231,0.7979,0.0798,-0.0084
3,13.0251,0.7936,0.0778,-0.0076
3,13.0271,0.7867,0.0756,-0.0063
3,13.0291,0.7775,0.0735,-0.0045
3,13.0311,0.7664,0.0715,-0.0025
3,13.0331,0.7539,0.0698,-0.0004
3,13.0351,0.7404,0.0686,0.0015
3,13.0371,0.7266,0.0679,0.0031
3,13.0391,0.7130,0.0677,0.0043
3,13.0411,0.7001,0.0682,0.0049
3,13.0431,0.6884,0.0692,0.0051
3,13.0451,0.6785,0.0707,0.0048
3,13.0471,0.6706,0.0726,0.0042
3,13.0491,0.6652,0.0748,0.0035
3,13.0511,0.6624,0.0770,0.0028
3,13.0531,0.6624,0.0792,0.0021
3,13.0551,0.6653,0.0812,0.0018
3,13.0571,0.6711,0.0830,0.0018
3,13.0591,0.6797,0.0845,0.0021
3,13.0611,0.6911,0.0856,0.0027
3,13.0631,0.7048,0.0863,0.0034
3,13.0651,0.7206,0.0866,0.0041
3,13.0671,0.7379,0.0864,0.0045
3,13.0691,0.7564,0.0859,0.0045
3,13.0711,0.7754,0.0852,0.0041
3,13.0731,0.7945,0.0842,0.0031
3,13.0751,0.8131,0.0831,0.0016
3,13.0771,0.8306,0.0820,-0.0001
3,13.0791,0.8468,0.0811,-0.0020
3,13.0811,0.8612,0.0804,-0.0037
3,13.0831,0.8736,0.0801,-0.0052
3,13.0851,0.8838,0.0801,-0.0062
3,13.0871,0.8915,0.0805,-0.0067
3,13.0891,0.8969,0.0814,-0.0065
3,13.0911,0.9000,0.0827,-0.0057
3,13.0931,0.9009,0.0843,-0.0045
3,13.0951,0.8998,0.0863,-0.0029
3,13.0971,0.8970,0.0884,-0.0012
3,13.0991,0.8929,0.0906,0.0005
3,13.1011,0.8878,0.0927,0.0019
3,13.1031,0.8822,0.0948,0.0030
3,13.1051,0.8766,0.0967,0.0036
3,13.1071,0.8714,0.0983,0.0039
3,13.1091,0.8670,0.0996,0.0039
3,13.1111,0.8639,0.1007,0.0038
3,13.1131,0.8625,0.1014,0.0035
3,13.1151,0.8629,0.1019,0.0034
3,13.1171,0.8655,0.1021,0.0035
3,13.1191,0.8703,0.1022,0.0037
3,13.1211,0.8773,0.1021,0.0042
3,13.1231,0.8865,0.1020,0.0047
3,13.1251,0.8977,0.1018,0.0053
3,13.1271,0.9107,0.1016,0.0056
3,13.1291,0.9251,0.1014,0.0057
3,13.1311,0.9409,0.1013,0.0053
3,13.1331,0.9575,0.1012,0.0045
3,13.1351,0.9743,0.1012,0.0031
3,13.1371,0.9907,0.1011,0.0012
3,13.1391,1.0060,0.1010,-0.0013
3,13.1411,1.0196,0.1007,-0.0040
3,13.1431,1.0312,0.1003,-0.0068
3,13.1451,1.0403,0.0997,-0.0094
3,13.1471,1.0466,0.0989,-0.0115
3,13.1491,1.0501,0.0980,-0.0129
3,13.1511,1.0506,0.0971,-0.0135
3,13.1531,1.0482,0.0963,-0.0131
3,13.1551,1.0429,0.0955,-0.0118
3,13.1571,1.0351,0.0949,-0.0096
3,13.1591,1.0250,0.0946,-0.0069
3,13.1611,1.0130,0.0945,-0.0039
3,13.1631,0.9996,0.0948,-0.0008
3,13.1651,0.9851,0.0955,0.0020
3,13.1671,0.9702,0.0964,0.0043
3,13.1691,0.9555,0.0977,0.0059
3,13.1711,0.9414,0.0992,0.0067
3,13.1731,0.9286,0.1010,0.0068
3,13.1751,0.9175,0.1028,0.0064
3,13.1771,0.9085,0.1046,0.0057
3,13.1791,0.9019,0.1065,0.0048
3,13.1811,0.8981,0.1082,0.0040
3,13.1831,0.8972,0.1096,0.0036
3,13.1851,0.8994,0.1108,0.0035
3,13.1871,0.9047,0.1117,0.0039
3,13.1891,0.9131,0.1122,0.0047
3,13.1911,0.9244,0.1122,0.0058
3,13.1931,0.9384,0.1119,0.0068
3,13.1951,0.9547,0.1112,0.0075
3,13.1971,0.9729,0.1100,0.0077
3,13.1991,0.9925,0.1086,0.0073
3,13.2011,1.0130,0.1070,0.0061
3,13.2031,1.0337,0.1054,0.0042
3,13.2051,1.0541,0.1037,0.0017
3,13.2071,1.0738,0.1022,-0.0012
3,13.2091,1.0922,0.1010,-0.0041
3,13.2111,1.1090,0.1001,-0.0068
3,13.2131,1.1238,0.0998,-0.0091
3,13.2151,1.1364,0.0999,-0.0106
3,13.2171,1.1465,0.1005,-0.0114
3,13.2191,1.1541,0.1016,-0.0113
3,13.2211,1.1591,0.1031,-0.0105
3,13.2231,1.1616,0.1049,-0.0091
3,13.2251,1.1617,0.1071,-0.0072
3,13.2271,1.1596,0.1093,-0.0051
3,13.2291,1.1556,0.1117,-0.0030
3,13.2311,1.1502,0.1140,-0.0011
3,13.2331,1.1437,0.1162,0.0005
3,13.2351,1.1366,0.1182,0.0018
3,13.2371,1.1295,0.1200,0.0027
3,13.2391,1.1228,0.1215,0.0033
3,13.2411,1.1170,0.1228,0.0038
3,13.2431,1.1126,0.1237,0.0042
3,13.2451,1.1101,0.1245,0.0046
3,13.2471,1.1096,0.1250,0.0052
3,13.2491,1.1116,0.1253,0.0059
3,13.2511,1.1160,0.1255,0.0067
3,13.2531,1.1228,0.1256,0.0075
3,13.2551,1.1321,0.1256,0.0081
3,13.2571,1.1437,0.1257,0.0084
3,13.2591,1.1572,0.1257,0.0083
3,13.2611,1.1724,0.1258,0.0077
3,13.2631,1.1891,0.1261,0.0066
3,13.2651,1.2063,0.1264,0.0048
3,13.2671,1.2235,0.1267,0.0024
3,13.2691,1.2399,0.1270,-0.0006
3,13.2711,1.2549,0.1271,-0.0040
3,13.2731,1.2680,0.1270,-0.0076
3,13.2751,1.2788,0.1267,-0.0110
3,13.2771,1.2868,0.1262,-0.0140
3,13.2791,1.2918,0.1255,-0.0161
3,13.2811,1.2938,0.1247,-0.0173
3,13.2831,1.2927,0.1238,-0.0173
3,13.2851,1.2886,0.1230,-0.0162
3,13.2871,1.2817,0.1222,-0.0140
3,13.2891,1.2723,0.1216,-0.0109
3,13.2911,1.2607,0.1212,-0.0073
3,13.2931,1.2474,0.1211,-0.0035
3,13.2951,1.2329,0.1212,0.0002
3,13.2971,1.2177,0.1218,0.0035
3,13.2991,1.2024,0.1226,0.0061
3,13.3011,1.1876,0.1237,0.0079
3,13.3031,1.1739,0.1250,0.0089
3,13.3051,1.1618,0.1265,0.0091
3,13.3071,1.1519,0.1281,0.0087
3,13.3091,1.1444,0.1297,0.0079
3,13.3111,1.1398,0.1311,0.0070
3,13.3131,1.1383,0.1324,0.0063
3,13.3151,1.1399,0.1336,0.0058
3,13.3171,1.1450,0.1345,0.0059
3,13.3191,1.1533,0.1351,0.0065
3,13.3211,1.1648,0.1356,0.0074
3,13.3231,1.1791,0.1358,0.0084
3,13.3251,1.1958,0.1359,0.0093
3,13.3271,1.2145,0.1357,0.0097
3,13.3291,1.2345,0.1353,0.0094
3,13.3311,1.2553,0.1348,0.0082
3,13.3331,1.2762,0.1342,0.0060
3,13.3351,1.2967,0.1335,0.0029
3,13.3371,1.3163,0.1328,-0.0007
3,13.3391,1.3345,0.1322,-0.0047
3,13.3411,1.3508,0.1318,-0.0085
3,13.3431,1.3650,0.1315,-0.0119
3,13.3451,1.3769,0.1314,-0.0144
3,13.3471,1.3863,0.1316,-0.0159
3,13.3491,1.3931,0.1321,-0.0161
3,13.3511,1.3974,0.1329,-0.0152
3,13.3531,1.3992,0.1339,-0.0132
3,13.3551,1.3987,0.1352,-0.0103
3,13.3571,1.3962,0.1367,-0.0068
3,13.3591,1.3919,0.1383,-0.0033
3,13.3611,1.3861,0.1401,0.0001
3,13.3631,1.3794,0.1419,0.0031
3,13.3651,1.3723,0.1438,0.0054
3,13.3671,1.3651,0.1456,0.0069
3,13.3691,1.3584,0.1474,0.0077
3,13.3711,1.3528,0.1491,0.0080
3,13.3731,1.3487,0.1508,0.0078
3,13.3751,1.3464,0.1524,0.0075
3,13.3771,1.3465,0.1539,0.0073
3,13.3791,1.3489,0.1553,0.0072
3,13.3811,1.3540,0.1565,0.0075
3,13.3831,1.3616,0.1575,0.0080
3,13.3851,1.3717,0.1583,0.0087
3,13.3871,1.3839,0.1588,0.0093
3,13.3891,1.3981,0.1590,0.0096
3,13.3911,1.4141,0.1589,0.0094
3,13.3931,1.4312,0.1585,0.0087
3,13.3951,1.4489,0.1578,0.0070
3,13.3971,1.4664,0.1566,0.0043
3,13.3991,1.4830,0.1549,0.0006
3,13.4011,1.4981,0.1528,-0.0038
3,13.4031,1.5112,0.1503,-0.0086
3,13.4051,1.5220,0.1477,-0.0134
3,13.4071,1.5301,0.1449,-0.0177
3,13.4091,1.5355,0.1422,-0.0210
3,13.4111,1.5380,0.1399,-0.0230
3,13.4131,1.5376,0.1379,-0.0233
3,13.4151,1.5345,0.1366,-0.0221
3,13.4171,1.5287,0.1359,-0.0193
3,13.4191,1.5205,0.1361,-0.0153
3,13.4211,1.5102,0.1370,-0.0104
3,13.4231,1.4980,0.1387,-0.0052
3,13.4251,1.4844,0.1412,-0.0002
3,13.4271,1.4697,0.1442,0.0042
3,13.4291,1.4546,0.1476,0.0076
3,13.4311,1.4395,0.1513,0.0098
3,13.4331,1.4250,0.1549,0.0108
3,13.4351,1.4117,0.1585,0.0107
3,13.4371,1.4001,0.1617,0.0098
3,13.4391,1.3906,0.1644,0.0085
3,13.4411,1.3837,0.1666,0.0072
3,13.4431,1.3798,0.1682,0.0063
3,13.4451,1.3790,0.1691,0.0061
3,13.4471,1.3817,0.1693,0.0067
3,13.4491,1.3878,0.1690,0.0081
3,13.4511,1.3974,0.1682,0.0101
3,13.4531,1.4100,0.1670,0.0124
3,13.4551,1.4255,0.1655,0.0144
3,13.4571,1.4433,0.1637,0.0156
3,13.4591,1.4628,0.1618,0.0157
3,13.4611,1.4836,0.1598,0.0144
3,13.4631,1.5049,0.1579,0.0115
3,13.4651,1.5263,0.1561,0.0073
3,13.4671,1.5472,0.1546,0.0021
3,13.4691,1.5671,0.1534,-0.0037
3,13.4711,1.5856,0.1526,-0.0094
3,13.4731,1.6025,0.1522,-0.0145
3,13.4751,1.6173,0.1523,-0.0186
3,13.4771,1.6299,0.1528,-0.0213
3,13.4791,1.6402,0.1536,-0.0223
3,13.4811,1.6480,0.1547,-0.0218
3,13.4831,1.6532,0.1560,-0.0198
3,13.4851,1.6559,0.1574,-0.0166
3,13.4871,1.6562,0.1589,-0.0127
3,13.4891,1.6542,0.1604,-0.0085
3,13.4911,1.6501,0.1620,-0.0045
3,13.4931,1.6443,0.1636,-0.0008
3,13.4951,1.6372,0.1652,0.0021
3,13.4971,1.6293,0.1668,0.0042
3,13.4991,1.6210,0.1687,0.0056
3,13.5011,1.6131,0.1706,0.0063
3,13.5031,1.6060,0.1728,0.0067
3,13.5051,1.6002,0.1753,0.0070
3,13.5071,1.5963,0.1779,0.0074
3,13.5091,1.5946,0.1807,0.0081
3,13.5111,1.5953,0.1835,0.0091
3,13.5131,1.5986,0.1863,0.0105
3,13.5151,1.6046,0.1889,0.0120
3,13.5171,1.6131,0.1910,0.0134
3,13.5191,1.6239,0.1927,0.0143
3,13.5211,1.6370,0.1937,0.0147
3,13.5231,1.6520,0.1940,0.0143
3,13.5251,1.6681,0.1933,0.0126
3,13.5271,1.6848,0.1917,0.0097
3,13.5291,1.7013,0.1890,0.0055
3,13.5311,1.7171,0.1853,0.0002
3,13.5331,1.7317,0.1809,-0.0056
3,13.5351,1.7448,0.1758,-0.0116
3,13.5371,1.7560,0.1704,-0.0171
3,13.5391,1.7650,0.1650,-0.0216
3,13.5411,1.7718,0.1599,-0.0247
3,13.5431,1.7763,0.1555,-0.0262
3,13.5451,1.7783,0.1519,-0.0259
3,13.5471,1.7780,0.1495,-0.0239
3,13.5491,1.7752,0.1485,-0.0205
3,13.5511,1.7701,0.1487,-0.0160
3,13.5531,1.7628,0.1504,-0.0111
3,13.5551,1.7534,0.1533,-0.0062
3,13.5571,1.7422,0.1574,-0.0018
3,13.5591,1.7296,0.1624,0.0017
3,13.5611,1.7158,0.1680,0.0042
3,13.5631,1.7014,0.1740,0.0056
3,13.5651,1.6868,0.1801,0.0061
3,13.5671,1.6727,0.1859,0.0058
3,13.5691,1.6596,0.1912,0.0052
3,13.5711,1.6479,0.1958,0.0047
3,13.5731,1.6381,0.1994,0.0043
3,13.5751,1.6305,0.2019,0.0038
3,13.5771,1.6252,0.2031,0.0029
3,13.5791,1.6224,0.2030,0.0011
3,13.5811,1.6220,0.2017,-0.0019
3,13.5831,1.6239,0.1992,-0.0066
3,13.5851,1.6281,0.1958,-0.0129
3,13.5871,1.6344,0.1916,-0.0208
3,13.5891,1.6426,0.1870,-0.0301
3,13.5911,1.6525,0.1823,-0.0403
3,13.5931,1.6638,0.1778,-0.0510
3,13.5951,1.6762,0.1737,-0.0617
3,13.5971,1.6894,0.1703,-0.0718
3,13.5991,1.7028,0.1677,-0.0811
3,13.6011,1.7162,0.1660,-0.0893
3,13.6031,1.7289,0.1651,-0.0964
3,13.6051,1.7406,0.1649,-0.1026
3,13.6071,1.7508,0.1654,-0.1082
3,13.6091,1.7590,0.1662,-0.1133
3,13.6111,1.7649,0.1673,-0.1185
3,13.6131,1.7683,0.1684,-0.1238
3,13.6151,1.7691,0.1694,-0.1296
3,13.6171,1.7672,0.1701,-0.1357
3,13.6191,1.7629,0.1707,-0.1421
3,13.6211,1.7562,0.1710,-0.1485
3,13.6231,1.7476,0.1712,-0.1546
3,13.6251,1.7375,0.1713,-0.1600
3,13.6271,1.7264,0.1716,-0.1645
3,13.6291,1.7145,0.1720,-0.1679
3,13.6311,1.7026,0.1728,-0.1701
3,13.6331,1.6908,0.1741,-0.1712
3,13.6351,1.6796,0.1757,-0.1715
3,13.6371,1.6692,0.1778,-0.1715
3,13.6391,1.6600,0.1802,-0.1716
3,13.6411,1.6521,0.1828,-0.1724
3,13.6431,1.6457,0.1855,-0.1742
3,13.6451,1.6409,0.1882,-0.1775
3,13.6471,1.6377,0.1906,-0.1822
3,13.6491,1.6363,0.1927,-0.1886
3,13.6511,1.6365,0.1942,-0.1968
3,13.6531,1.6384,0.1951,-0.2064
3,13.6551,1.6422,0.1954,-0.2159
3,13.6571,1.6479,0.1950,-0.2241
3,13.6591,1.6556,0.1940,-0.2301
3,13.6611,1.6650,0.1923,-0.2333
3,13.6631,1.6760,0.1900,-0.2334
3,13.6651,1.6879,0.1871,-0.2309
3,13.6671,1.7004,0.1837,-0.2265
3,13.6691,1.7126,0.1799,-0.2212
3,13.6711,1.7240,0.1758,-0.2162
3,13.6731,1.7341,0.1714,-0.2123
3,13.6751,1.7423,0.1670,-0.2106
3,13.6771,1.7484,0.1627,-0.2114
3,13.6791,1.7521,0.1588,-0.2147
3,13.6811,1.7536,0.1556,-0.2203
3,13.6831,1.7530,0.1532,-0.2272
3,13.6851,1.7507,0.1519,-0.2345
3,13.6871,1.7469,0.1518,-0.2411
3,13.6891,1.7422,0.1529,-0.2460
3,13.6911,1.7368,0.1554,-0.2483
3,13.6931,1.7311,0.1590,-0.2477
3,13.6951,1.7251,0.1635,-0.2440
3,13.6971,1.7190,0.1687,-0.2377
3,13.6991,1.7128,0.1743,-0.2295
3,13.7011,1.7063,0.1799,-0.2204
3,13.7031,1.6994,0.1850,-0.2117
3,13.7051,1.6921,0.1895,-0.2050
3,13.7071,1.6844,0.1929,-0.2017
3,13.7091,1.6763,0.1952,-0.2027
3,13.7111,1.6681,0.1962,-0.2085
3,13.7131,1.6602,0.1960,-0.2187
3,13.7151,1.6532,0.1948,-0.2324
3,13.7171,1.6476,0.1927,-0.2483
3,13.7191,1.6442,0.1902,-0.2647
3,13.7211,1.6433,0.1874,-0.2800
3,13.7231,1.6453,0.1848,-0.2927
3,13.7251,1.6504,0.1824,-0.3020
3,13.7271,1.6584,0.1805,-0.3074
3,13.7291,1.6690,0.1790,-0.3094
3,13.7311,1.6816,0.1779,-0.3087
3,13.7331,1.6956,0.1772,-0.3068
3,13.7351,1.7102,0.1765,-0.3049
3,13.7371,1.7246,0.1759,-0.3047
3,13.7391,1.7380,0.1751,-0.3073
3,13.7411,1.7497,0.1738,-0.3135
3,13.7431,1.7595,0.1722,-0.3234
3,13.7451,1.7669,0.1701,-0.3366
3,13.7471,1.7721,0.1676,-0.3522
3,13.7491,1.7750,0.1648,-0.3688
3,13.7511,1.7759,0.1620,-0.3848
3,13.7531,1.7751,0.1593,-0.3987
3,13.7551,1.7729,0.1570,-0.4093
3,13.7571,1.7694,0.1552,-0.4158
3,13.7591,1.7650,0.1541,-0.4180
3,13.7611,1.7597,0.1539,-0.4162
3,13.7631,1.7535,0.1546,-0.4113
3,13.7651,1.7464,0.1563,-0.4047
3,13.7671,1.7383,0.1589,-0.3977
3,13.7691,1.7292,0.1623,-0.3921
3,13.7711,1.7192,0.1665,-0.3890
3,13.7731,1.7083,0.1711,-0.3896
3,13.7751,1.6970,0.1760,-0.3941
3,13.7771,1.6854,0.1810,-0.4023
3,13.7791,1.6742,0.1858,-0.4135
3,13.7811,1.6635,0.1902,-0.4271
3,13.7831,1.6541,0.1941,-0.4414
3,13.7851,1.6465,0.1972,-0.4540
3,13.7871,1.6413,0.1994,-0.4630
3,13.7891,1.6388,0.2007,-0.4669
3,13.7911,1.6391,0.2010,-0.4652
3,13.7931,1.6422,0.2003,-0.4581
3,13.7951,1.6478,0.1986,-0.4469
3,13.7971,1.6553,0.1959,-0.4335
3,13.7991,1.6643,0.1925,-0.4199
3,13.8011,1.6739,0.1883,-0.4086
3,13.8031,1.6837,0.1837,-0.4012
3,13.8051,1.6930,0.1788,-0.3992
3,13.8071,1.7015,0.1740,-0.4028
3,13.8091,1.7090,0.1694,-0.4116
3,13.8111,1.7155,0.1653,-0.4244
3,13.8131,1.7209,0.1619,-0.4395
3,13.8151,1.7254,0.1594,-0.4545
3,13.8171,1.7293,0.1579,-0.4675
3,13.8191,1.7326,0.1575,-0.4765
3,13.8211,1.7355,0.1580,-0.4805
3,13.8231,1.7379,0.1593,-0.4789
3,13.8251,1.7396,0.1615,-0.4721
3,13.8271,1.7404,0.1641,-0.4611
3,13.8291,1.7400,0.1671,-0.4478
3,13.8311,1.7381,0.1702,-0.4341
3,13.8331,1.7345,0.1732,-0.4223
3,13.8351,1.7288,0.1759,-0.4144
3,13.8371,1.7212,0.1782,-0.4123
3,13.8391,1.7119,0.1801,-0.4167
3,13.8411,1.7011,0.1816,-0.4275
3,13.8431,1.6897,0.1828,-0.4437
3,13.8451,1.6782,0.1837,-0.4634
3,13.8471,1.6675,0.1844,-0.4841
3,13.8491,1.6584,0.1851,-0.5033
3,13.8511,1.6515,0.1858,-0.5189
3,13.8531,1.6473,0.1866,-0.5293
3,13.8551,1.6460,0.1874,-0.5338
3,13.8571,1.6476,0.1883,-0.5326
3,13.8591,1.6519,0.1890,-0.5269
3,13.8611,1.6585,0.1896,-0.5186
3,13.8631,1.6666,0.1899,-0.5097
3,13.8651,1.6758,0.1898,-0.5028
3,13.8671,1.6852,0.1893,-0.4998
3,13.8691,1.6945,0.1882,-0.5022
3,13.8711,1.7030,0.1866,-0.5105
3,13.8731,1.7105,0.1844,-0.5245
3,13.8751,1.7169,0.1817,-0.5429
3,13.8771,1.7223,0.1786,-0.5640
3,13.8791,1.7267,0.1751,-0.5854
3,13.8811,1.7304,0.1715,-0.6047
3,13.8831,1.7336,0.1679,-0.6201
3,13.8851,1.7364,0.1644,-0.6301
3,13.8871,1.7388,0.1613,-0.6344
3,13.8891,1.7408,0.1587,-0.6331
3,13.8911,1.7421,0.1568,-0.6274
3,13.8931,1.7425,0.1558,-0.6189
3,13.8951,1.7417,0.1557,-0.6099
3,13.8971,1.7395,0.1568,-0.6023
3,13.8991,1.7356,0.1589,-0.5980
3,13.9011,1.7301,0.1620,-0.5984
3,13.9031,1.7229,0.1660,-0.6040
3,13.9051,1.7145,0.1707,-0.6145
3,13.9071,1.7051,0.1756,-0.6289
3,13.9091,1.6952,0.1807,-0.6454
3,13.9111,1.6854,0.1855,-0.6628
3,13.9131,1.6762,0.1897,-0.6787
3,13.9151,1.6683,0.1932,-0.6904
3,13.9171,1.6620,0.1956,-0.6960
3,13.9191,1.6578,0.1970,-0.6946
3,13.9211,1.6557,0.1972,-0.6863
3,13.9231,1.6557,0.1964,-0.6726
3,13.9251,1.6575,0.1946,-0.6557
3,13.9271,1.6606,0.1921,-0.6382
3,13.9291,1.6648,0.1891,-0.6231
3,13.9311,1.6695,0.1859,-0.6127
3,13.9331,1.6743,0.1826,-0.6087
3,13.9351,1.6791,0.1795,-0.6117
3,13.9371,1.6837,0.1768,-0.6213
3,13.9391,1.6882,0.1746,-0.6360
3,13.9411,1.6926,0.1728,-0.6535
3,13.9431,1.6971,0.1715,-0.6711
3,13.9451,1.7019,0.1706,-0.6863
3,13.9471,1.7072,0.1700,-0.6967
3,13.9491,1.7127,0.1697,-0.7010
3,13.9511,1.7185,0.1694,-0.6987
3,13.9531,1.7243,0.1692,-0.6903
3,13.9551,1.7295,0.1691,-0.6773
3,13.9571,1.7338,0.1689,-0.6619
3,13.9591,1.7367,0.1688,-0.6467
3,13.9611,1.7378,0.1688,-0.6340
3,13.9631,1.7367,0.1689,-0.6261
3,13.9651,1.7335,0.1693,-0.6246
3,13.9671,1.7280,0.1700,-0.6303
3,13.9691,1.7207,0.1709,-0.6430
3,13.9711,1.7120,0.1722,-0.6612
3,13.9731,1.7027,0.1739,-0.6828
3,13.9751,1.6932,0.1758,-0.7050
3,13.9771,1.6845,0.1779,-0.7250
3,13.9791,1.6771,0.1800,-0.7406
3,13.9811,1.6715,0.1820,-0.7502
3,13.9831,1.6679,0.1838,-0.7532
3,13.9851,1.6665,0.1853,-0.7499
3,13.9871,1.6671,0.1866,-0.7419
3,13.9891,1.6693,0.1876,-0.7312
3,13.9911,1.6728,0.1883,-0.7206
3,13.9931,1.6772,0.1887,-0.7125
3,13.9951,1.6819,0.1888,-0.7092
3,13.9971,1.6867,0.1887,-0.7121
3,13.9991,1.6913,0.1883,-0.7216
3,14.0011,1.6955,0.1875,-0.7372
3,14.0031,1.6994,0.1862,-0.7572
3,14.0051,1.7031,0.1845,-0.7793
3,14.0071,1.7067,0.1822,-0.8011
3,14.0091,1.7104,0.1794,-0.8199
3,14.0111,1.7143,0.1761,-0.8339
3,14.0131,1.7184,0.1724,-0.8420
3,14.0151,1.7227,0.1684,-0.8438
3,14.0171,1.7269,0.1645,-0.8403
3,14.0191,1.7307,0.1609,-0.8328
3,14.0211,1.7339,0.1579,-0.8236
3,14.0231,1.7361,0.1560,-0.8149
3,14.0251,1.7369,0.1553,-0.8091
3,14.0271,1.7361,0.1559,-0.8078
3,14.0291,1.7337,0.1580,-0.8120
3,14.0311,1.7296,0.1612,-0.8218
3,14.0331,1.7242,0.1655,-0.8361
3,14.0351,1.7177,0.1704,-0.8535
3,14.0371,1.7105,0.1754,-0.8716
3,14.0391,1.7030,0.1803,-0.8882
3,14.0411,1.6957,0.1846,-0.9019
3,14.0431,1.6887,0.1881,-0.9110
3,14.0451,1.6826,0.1905,-0.9138
3,14.0471,1.6777,0.1916,-0.9100
3,14.0491,1.6739,0.1916,-0.9001
3,14.0511,1.6714,0.1906,-0.8857
3,14.0531,1.6700,0.1888,-0.8692
3,14.0551,1.6695,0.1867,-0.8533
3,14.0571,1.6697,0.1845,-0.8407
3,14.0591,1.6705,0.1825,-0.8334
3,14.0611,1.6718,0.1809,-0.8326
3,14.0631,1.6734,0.1799,-0.8383
3,14.0651,1.6754,0.1794,-0.8496
3,14.0671,1.6779,0.1793,-0.8646
3,14.0691,1.6811,0.1795,-0.8808
3,14.0711,1.6849,0.1797,-0.8955
3,14.0731,1.6895,0.1797,-0.9065
3,14.0751,1.6948,0.1793,-0.9121
3,14.0771,1.7006,0.1785,-0.9116
3,14.0791,1.7068,0.1771,-0.9052
3,14.0811,1.7130,0.1753,-0.8942
3,14.0831,1.7187,0.1733,-0.8805
3,14.0851,1.7235,0.1712,-0.8665
3,14.0871,1.7270,0.1693,-0.8546
3,14.0891,1.7289,0.1677,-0.8467
3,14.0911,1.7291,0.1667,-0.8443
3,14.0931,1.7275,0.1664,-0.8480
3,14.0951,1.7244,0.1666,-0.8576
3,14.0971,1.7202,0.1674,-0.8724
3,14.0991,1.7152,0.1686,-0.8907
3,14.1011,1.7101,0.1700,-0.9105
3,14.1031,1.7054,0.1714,-0.9293
3,14.1051,1.7016,0.1726,-0.9452
3,14.1071,1.6989,0.1733,-0.9565
3,14.1091,1.6978,0.1735,-0.9624
3,14.1111,1.6982,0.1732,-0.9630
3,14.1131,1.7002,0.1724,-0.9594
3,14.1151,1.7036,0.1711,-0.9532
3,14.1171,1.7083,0.1696,-0.9465
3,14.1191,1.7139,0.1679,-0.9417
3,14.1211,1.7202,0.1661,-0.9406
3,14.1231,1.7270,0.1643,-0.9444
3,14.1251,1.7339,0.1625,-0.9535
3,14.1271,1.7407,0.1607,-0.9673
3,14.1291,1.7472,0.1589,-0.9843
3,14.1311,1.7531,0.1569,-1.0024
3,14.1331,1.7581,0.1549,-1.0195
3,14.1351,1.7622,0.1528,-1.0335
3,14.1371,1.7651,0.1506,-1.0429
3,14.1391,1.7667,0.1485,-1.0469
3,14.1411,1.7669,0.1466,-1.0458
3,14.1431,1.7656,0.1453,-1.0407
3,14.1451,1.7629,0.1446,-1.0334
3,14.1471,1.7588,0.1448,-1.0262
3,14.1491,1.7536,0.1460,-1.0212
3,14.1511,1.7473,0.1483,-1.0202
3,14.1531,1.7402,0.1517,-1.0243
3,14.1551,1.7326,0.1561,-1.0335
3,14.1571,1.7247,0.1611,-1.0469
3,14.1591,1.7167,0.1665,-1.0628
3,14.1611,1.7088,0.1720,-1.0789
3,14.1631,1.7011,0.1774,-1.0930
3,14.1651,1.6938,0.1823,-1.1032
3,14.1671,1.6868,0.1865,-1.1083
3,14.1691,1.6805,0.1898,-1.1084
3,14.1711,1.6749,0.1923,-1.1050
3,14.1731,1.6703,0.1938,-1.0996
3,14.1751,1.6668,0.1942,-1.0934
3,14.1771,1.6649,0.1937,-1.0876
3,14.1791,1.6647,0.1923,-1.0836
3,14.1811,1.6662,0.1901,-1.0822
3,14.1831,1.6693,0.1873,-1.0835
3,14.1851,1.6740,0.1841,-1.0872
3,14.1871,1.6799,0.1808,-1.0925
3,14.1891,1.6866,0.1774,-1.0982
3,14.1911,1.6938,0.1743,-1.1030
3,14.1931,1.7010,0.1716,-1.1059
3,14.1951,1.7078,0.1694,-1.1062
3,14.1971,1.7138,0.1677,-1.1038
3,14.1991,1.7189,0.1666,-1.0993
3,14.2011,1.7227,0.1662,-1.0934
3,14.2031,1.7252,0.1662,-1.0874
3,14.2051,1.7263,0.1668,-1.0825
3,14.2071,1.7260,0.1678,-1.0797
3,14.2091,1.7244,0.1691,-1.0795
3,14.2111,1.7215,0.1706,-1.0819
3,14.2131,1.7175,0.1723,-1.0865
3,14.2151,1.7125,0.1741,-1.0923
3,14.2171,1.7067,0.1758,-1.0981
3,14.2191,1.7004,0.1776,-1.1029
3,14.2211,1.6939,0.1792,-1.1057
3,14.2231,1.6874,0.1807,-1.1065
3,14.2251,1.6815,0.1821,-1.1060
3,14.2271,1.6764,0.1832,-1.1055
3,14.2291,1.6726,0.1840,-1.1062
3,14.2311,1.6702,0.1845,-1.1095
3,14.2331,1.6696,0.1846,-1.1158
3,14.2351,1.6706,0.1843,-1.1252
3,14.2371,1.6732,0.1836,-1.1369
3,14.2391,1.6773,0.1825,-1.1498
3,14.2411,1.6824,0.1810,-1.1624
3,14.2431,1.6883,0.1791,-1.1732
3,14.2451,1.6945,0.1769,-1.1811
3,14.2471,1.7007,0.1746,-1.1857
3,14.2491,1.7066,0.1721,-1.1872
3,14.2511,1.7119,0.1696,-1.1866
3,14.2531,1.7165,0.1672,-1.1851
3,14.2551,1.7202,0.1650,-1.1844
3,14.2571,1.7230,0.1631,-1.1858
3,14.2591,1.7246,0.1615,-1.1902
3,14.2611,1.7252,0.1605,-1.1977
3,14.2631,1.7246,0.1601,-1.2080
3,14.2651,1.7229,0.1603,-1.2199
3,14.2671,1.7201,0.1611,-1.2320
3,14.2691,1.7163,0.1626,-1.2428
3,14.2711,1.7116,0.1647,-1.2510
3,14.2731,1.7064,0.1672,-1.2561
3,14.2751,1.7008,0.1702,-1.2581
3,14.2771,1.6951,0.1734,-1.2579
3,14.2791,1.6898,0.1766,-1.2568
3,14.2811,1.6851,0.1796,-1.2562
3,14.2831,1.6814,0.1821,-1.2576
3,14.2851,1.6789,0.1842,-1.2618
3,14.2871,1.6776,0.1855,-1.2690
3,14.2891,1.6776,0.1861,-1.2786
3,14.2911,1.6788,0.1860,-1.2893
3,14.2931,1.6810,0.1853,-1.2998
3,14.2951,1.6840,0.1840,-1.3084
3,14.2971,1.6875,0.1822,-1.3141
3,14.2991,1.6914,0.1803,-1.3168
3,14.3011,1.6954,0.1782,-1.3176
3,14.3031,1.6993,0.1761,-1.3171
3,14.3051,1.7029,0.1742,-1.3154
3,14.3071,1.7062,0.1725,-1.3130
3,14.3091,1.7088,0.1712,-1.3103
3,14.3111,1.7108,0.1702,-1.3079
3,14.3131,1.7120,0.1697,-1.3066
3,14.3151,1.7124,0.1696,-1.3065
3,14.3171,1.7120,0.1699,-1.3076
3,14.3191,1.7108,0.1706,-1.3097
3,14.3211,1.7089,0.1717,-1.3122
3,14.3231,1.7063,0.1731,-1.3146
3,14.3251,1.7032,0.1747,-1.3163
3,14.3271,1.6997,0.1765,-1.3169
3,14.3291,1.6960,0.1784,-1.3164
3,14.3311,1.6923,0.1802,-1.3149
3,14.3331,1.6888,0.1818,-1.3129
3,14.3351,1.6858,0.1831,-1.3109
3,14.3371,1.6835,0.1841,-1.3096
3,14.3391,1.6820,0.1847,-1.3092
3,14.3411,1.6813,0.1848,-1.3099
3,14.3431,1.6816,0.1845,-1.3115
3,14.3451,1.6826,0.1838,-1.3135
3,14.3471,1.6845,0.1828,-1.3155
3,14.3491,1.6870,0.1815,-1.3170
3,14.3511,1.6899,0.1801,-1.3175
3,14.3531,1.6932,0.1785,-1.3173
3,14.3551,1.6966,0.1770,-1.3174
3,14.3571,1.7000,0.1754,-1.3187
3,14.3591,1.7033,0.1737,-1.3223
3,14.3611,1.7064,0.1721,-1.3286
3,14.3631,1.7090,0.1706,-1.3372
3,14.3651,1.7110,0.1693,-1.3476
3,14.3671,1.7123,0.1682,-1.3584
3,14.3691,1.7127,0.1675,-1.3685
3,14.3711,1.7122,0.1672,-1.3767
3,14.3731,1.7109,0.1673,-1.3824
3,14.3751,1.7087,0.1678,-1.3857
3,14.3771,1.7058,0.1687,-1.3873
3,14.3791,1.7026,0.1699,-1.3883
3,14.3811,1.6992,0.1712,-1.3899
3,14.3831,1.6958,0.1726,-1.3933
3,14.3851,1.6927,0.1739,-1.3990
3,14.3871,1.6900,0.1751,-1.4070
3,14.3891,1.6880,0.1761,-1.4168
3,14.3911,1.6866,0.1768,-1.4273
3,14.3931,1.6858,0.1774,-1.4373
3,14.3951,1.6857,0.1778,-1.4455
3,14.3971,1.6862,0.1779,-1.4514
3,14.3991,1.6872,0.1779,-1.4547
3,14.4011,1.6888,0.1776,-1.4562
3,14.4031,1.6908,0.1771,-1.4566
3,14.4051,1.6932,0.1763,-1.4575
3,14.4071,1.6959,0.1752,-1.4597
3,14.4091,1.6987,0.1739,-1.4642
3,14.4111,1.7015,0.1724,-1.4709
3,14.4131,1.7042,0.1709,-1.4795
3,14.4151,1.7064,0.1695,-1.4888
3,14.4171,1.7082,0.1685,-1.4978
3,14.4191,1.7092,0.1679,-1.5053
3,14.4211,1.7095,0.1678,-1.5106
3,14.4231,1.7090,0.1683,-1.5138
3,14.4251,1.7078,0.1694,-1.5153
3,14.4271,1.7060,0.1709,-1.5161
3,14.4291,1.7038,0.1727,-1.5173
3,14.4311,1.7012,0.1746,-1.5212
3,14.4331,1.6986,0.1766,-1.5277
3,14.4351,1.6959,0.1785,-1.5350
3,14.4371,1.6932,0.1804,-1.5412
3,14.4391,1.6906,0.1823,-1.5446
3,14.4411,1.6882,0.1839,-1.5445
3,14.4431,1.6861,0.1853,-1.5410
3,14.4451,1.6845,0.1863,-1.5350
3,14.4471,1.6836,0.1867,-1.5284
3,14.4491,1.6833,0.1865,-1.5229
3,14.4511,1.6839,0.1854,-1.5201
3,14.4531,1.6853,0.1837,-1.5207
3,14.4551,1.6875,0.1815,-1.5244
3,14.4571,1.6902,0.1789,-1.5301
3,14.4591,1.6932,0.1764,-1.5361
3,14.4611,1.6964,0.1741,-1.5408
3,14.4631,1.6996,0.1723,-1.5427
3,14.4651,1.7024,0.1711,-1.5413
3,14.4671,1.7047,0.1705,-1.5370
3,14.4691,1.7066,0.1706,-1.5310
3,14.4711,1.7079,0.1712,-1.5249
3,14.4731,1.7086,0.1720,-1.5205
3,14.4751,1.7088,0.1731,-1.5188
3,14.4771,1.7083,0.1741,-1.5204
3,14.4791,1.7073,0.1751,-1.5248
3,14.4811,1.7057,0.1761,-1.5307
3,14.4831,1.7036,0.1770,-1.5372
3,14.4851,1.7012,0.1778,-1.5435
3,14.4871,1.6987,0.1784,-1.5492
3,14.4891,1.6963,0.1787,-1.5544
3,14.4911,1.6944,0.1786,-1.5593
3,14.4931,1.6930,0.1781,-1.5643
3,14.4951,1.6925,0.1772,-1.5696
3,14.4971,1.6929,0.1759,-1.5756
3,14.4991,1.6942,0.1742,-1.5822
3,14.5011,1.6965,0.1723,-1.5892
3,14.5031,1.6996,0.1702,-1.5962
3,14.5051,1.7035,0.1681,-1.6029
3,14.5071,1.7078,0.1661,-1.6089
3,14.5091,1.7124,0.1643,-1.6141
3,14.5111,1.7170,0.1627,-1.6187
3,14.5131,1.7216,0.1614,-1.6229
3,14.5151,1.7257,0.1604,-1.6270
3,14.5171,1.7292,0.1596,-1.6314
3,14.5191,1.7321,0.1590,-1.6364
3,14.5211,1.7340,0.1586,-1.6420
3,14.5231,1.7349,0.1585,-1.6482
3,14.5251,1.7347,0.1586,-1.6548
3,14.5271,1.7334,0.1591,-1.6612
3,14.5291,1.7311,0.1598,-1.6673
3,14.5311,1.7279,0.1607,-1.6728
3,14.5331,1.7238,0.1620,-1.6778
3,14.5351,1.7192,0.1635,-1.6823
3,14.5371,1.7143,0.1652,-1.6866
3,14.5391,1.7094,0.1669,-1.6913
3,14.5411,1.7047,0.1687,-1.6964
3,14.5431,1.7004,0.1704,-1.7020
3,14.5451,1.6968,0.1720,-1.7082
3,14.5471,1.6939,0.1735,-1.7146
3,14.5491,1.6918,0.1750,-1.7209
3,14.5511,1.6906,0.1762,-1.7267
3,14.5531,1.6902,0.1774,-1.7318
3,14.5551,1.6905,0.1783,-1.7362
3,14.5571,1.6915,0.1791,-1.7398
3,14.5591,1.6929,0.1797,-1.7431
3,14.5611,1.6947,0.1799,-1.7476
3,14.5631,1.6966,0.1798,-1.7530
3,14.5651,1.6984,0.1797,-1.7574
3,14.5671,1.6998,0.1796,-1.7593
3,14.5691,1.7006,0.1796,-1.7581
3,14.5711,1.7009,0.1797,-1.7542
3,14.5731,1.7008,0.1797,-1.7489
3,14.5751,1.7003,0.1794,-1.7440
3,14.5771,1.6998,0.1787,-1.7410
3,14.5791,1.6993,0.1777,-1.7409
3,14.5811,1.6989,0.1763,-1.7436
3,14.5831,1.6985,0.1748,-1.7483
3,14.5851,1.6981,0.1735,-1.7533
3,14.5871,1.6975,0.1727,-1.7569
3,14.5891,1.6967,0.1726,-1.7581
3,14.5911,1.6957,0.1732,-1.7564
3,14.5931,1.6946,0.1744,-1.7525
3,14.5951,1.6936,0.1760,-1.7478
3,14.5971,1.6928,0.1777,-1.7439
3,14.5991,1.6925,0.1792,-1.7422
3,14.6011,1.6927,0.1802,-1.7432
3,14.6031,1.6933,0.1809,-1.7465
3,14.6051,1.6942,0.1811,-1.7512
3,14.6071,1.6952,0.1811,-1.7556
3,14.6091,1.6960,0.1810,-1.7583
3,14.6111,1.6965,0.1809,-1.7583
3,14.6131,1.6968,0.1807,-1.7558
3,14.6151,1.6968,0.1805,-1.7514
3,14.6171,1.6967,0.1800,-1.7468
3,14.6191,1.6967,0.1793,-1.7433
3,14.6211,1.6969,0.1782,-1.7421
3,14.6231,1.6972,0.1767,-1.7434
3,14.6251,1.6977,0.1752,-1.7469
3,14.6271,1.6982,0.1737,-1.7511
3,14.6291,1.6986,0.1727,-1.7548
3,14.6311,1.6987,0.1722,-1.7566
3,14.6331,1.6986,0.1725,-1.7560
3,14.6351,1.6982,0.1734,-1.7532
3,14.6371,1.6976,0.1748,-1.7492
3,14.6391,1.6970,0.1763,-1.7454
3,14.6411,1.6965,0.1778,-1.7430
3,14.6431,1.6962,0.1791,-1.7430
3,14.6451,1.6961,0.1799,-1.7453
3,14.6471,1.6962,0.1804,-1.7492
3,14.6491,1.6963,0.1806,-1.7534
3,14.6511,1.6962,0.1806,-1.7565
3,14.6531,1.6960,0.1806,-1.7576
3,14.6551,1.6955,0.1806,-1.7563
3,14.6571,1.6949,0.1805,-1.7531
3,14.6591,1.6942,0.1803,-1.7491
3,14.6611,1.6938,0.1799,-1.7455
3,14.6631,1.6936,0.1791,-1.7437
3,14.6651,1.6937,0.1780,-1.7441
3,14.6671,1.6943,0.1767,-1.7464
3,14.6691,1.6950,0.1754,-1.7500
3,14.6711,1.6959,0.1743,-1.7534
3,14.6731,1.6968,0.1737,-1.7556
3,14.6751,1.6974,0.1736,-1.7558
3,14.6771,1.6979,0.1741,-1.7540
3,14.6791,1.6981,0.1750,-1.7506
3,14.6811,1.6983,0.1761,-1.7470
3,14.6831,1.6984,0.1773,-1.7443
3,14.6851,1.6986,0.1782,-1.7434
3,14.6871,1.6988,0.1789,-1.7446
3,14.6891,1.6990,0.1792,-1.7475
3,14.6911,1.6991,0.1792,-1.7511
3,14.6931,1.6989,0.1792,-1.7543
3,14.6951,1.6985,0.1791,-1.7560
3,14.6971,1.6977,0.1791,-1.7557
3,14.6991,1.6966,0.1791,-1.7536
3,14.7011,1.6955,0.1791,-1.7503
3,14.7031,1.6944,0.1790,-1.7471
3,14.7051,1.6935,0.1787,-1.7449
3,14.7071,1.6929,0.1782,-1.7446
3,14.7091,1.6928,0.1775,-1.7461
3,14.7111,1.6930,0.1766,-1.7490
3,14.7131,1.6935,0.1759,-1.7523
3,14.7151,1.6941,0.1755,-1.7548
3,14.7171,1.6947,0.1754,-1.7557
3,14.7191,1.6953,0.1757,-1.7547
3,14.7211,1.6959,0.1764,-1.7522
3,14.7231,1.6964,0.1773,-1.7489
3,14.7251,1.6969,0.1781,-1.7461
3,14.7271,1.6975,0.1787,-1.7445
3,14.7291,1.6982,0.1791,-1.7448
3,14.7311,1.6989,0.1791,-1.7467
3,14.7331,1.6995,0.1789,-1.7496
3,14.7351,1.6999,0.1785,-1.7526
3,14.7371,1.6999,0.1781,-1.7546
3,14.7391,1.6996,0.1777,-1.7549
3,14.7411,1.6989,0.1776,-1.7536
3,14.7431,1.6980,0.1775,-1.7510
3,14.7451,1.6969,0.1775,-1.7481
3,14.7471,1.6959,0.1774,-1.7458
3,14.7491,1.6951,0.1772,-1.7449
3,14.7511,1.6945,0.1768,-1.7457
3,14.7531,1.6941,0.1765,-1.7479
3,14.7551,1.6940,0.1761,-1.7508
3,14.7571,1.6941,0.1760,-1.7535
3,14.7591,1.6942,0.1762,-1.7549
3,14.7611,1.6943,0.1766,-1.7548
3,14.7631,1.6945,0.1774,-1.7531
3,14.7651,1.6946,0.1782,-1.7505
3,14.7671,1.6949,0.1791,-1.7478
3,14.7691,1.6953,0.1797,-1.7460
3,14.7711,1.6959,0.1800,-1.7456
3,14.7731,1.6966,0.1800,-1.7467
3,14.7751,1.6974,0.1796,-1.7489
3,14.7771,1.6981,0.1790,-1.7515
3,14.7791,1.6986,0.1783,-1.7536
3,14.7811,1.6988,0.1777,-1.7544
3,14.7831,1.6988,0.1772,-1.7537
3,14.7851,1.6985,0.1769,-1.7517
3,14.7871,1.6980,0.1766,-1.7491
3,14.7891,1.6975,0.1765,-1.7467
3,14.7911,1.6970,0.1763,-1.7454
3,14.7931,1.6966,0.1760,-1.7455
3,14.7951,1.6964,0.1758,-1.7470
3,14.7971,1.6962,0.1756,-1.7494
3,14.7991,1.6962,0.1756,-1.7519
3,14.8011,1.6961,0.1759,-1.7537
3,14.8031,1.6959,0.1764,-1.7542
3,14.8051,1.6957,0.1772,-1.7533
3,14.8071,1.6954,0.1781,-1.7513
3,14.8091,1.6951,0.1790,-1.7490
3,14.8111,1.6950,0.1798,-1.7471
3,14.8131,1.6950,0.1803,-1.7463
3,14.8151,1.6952,0.1804,-1.7468
3,14.8171,1.6955,0.1802,-1.7485
3,14.8191,1.6959,0.1797,-1.7508
3,14.8211,1.6963,0.1790,-1.7528
3,14.8231,1.6966,0.1784,-1.7540
3,14.8251,1.6968,0.1778,-1.7538
3,14.8271,1.6968,0.1773,-1.7524
3,14.8291,1.6967,0.1769,-1.7502
3,14.8311,1.6966,0.1767,-1.7479
3,14.8331,1.6966,0.1764,-1.7463
3,14.8351,1.6966,0.1761,-1.7458
3,14.8371,1.6968,0.1759,-1.7467
3,14.8391,1.6971,0.1756,-1.7485
3,14.8411,1.6974,0.1755,-1.7507
3,14.8431,1.6976,0.1756,-1.7525
3,14.8451,1.6977,0.1760,-1.7534
3,14.8471,1.6976,0.1766,-1.7531
3,14.8491,1.6973,0.1774,-1.7516
3,14.8511,1.6970,0.1782,-1.7497
3,14.8531,1.6966,0.1790,-1.7478
3,14.8551,1.6963,0.1796,-1.7467
3,14.8571,1.6960,0.1798,-1.7468
3,14.8591,1.6959,0.1798,-1.7480
3,14.8611,1.6958,0.1795,-1.7499
3,14.8631,1.6957,0.1790,-1.7519
3,14.8651,1.6957,0.1785,-1.7533
3,14.8671,1.6955,0.1781,-1.7537
3,14.8691,1.6954,0.1777,-1.7529
3,14.8711,1.6952,0.1774,-1.7512
3,14.8731,1.6950,0.1772,-1.7492
3,14.8751,1.6950,0.1771,-1.7475
3,14.8771,1.6952,0.1769,-1.7466
3,14.8791,1.6955,0.1767,-1.7469
3,14.8811,1.6960,0.1764,-1.7482
3,14.8831,1.6966,0.1763,-1.7500
3,14.8851,1.6972,0.1762,-1.7517
3,14.8871,1.6976,0.1763,-1.7528
3,14.8891,1.6980,0.1767,-1.7529
3,14.8911,1.6981,0.1772,-1.7519
3,14.8931,1.6981,0.1777,-1.7502
3,14.8951,1.6979,0.1783,-1.7485
3,14.8971,1.6977,0.1787,-1.7472
3,14.8991,1.6975,0.1789,-1.7468
3,14.9011,1.6973,0.1789,-1.7475
3,14.9031,1.6971,0.1787,-1.7490
3,14.9051,1.6968,0.1783,-1.7508
3,14.9071,1.6966,0.1779,-1.7523
3,14.9091,1.6962,0.1776,-1.7530
3,14.9111,1.6958,0.1774,-1.7528
3,14.9131,1.6953,0.1772,-1.7519
3,14.9151,1.6950,0.1771,-1.7512
3,14.9171,1.6949,0.1770,-1.7515
3,14.9191,1.6950,0.1767,-1.7536
3,14.9211,1.6955,0.1763,-1.7574
3,14.9231,1.6962,0.1759,-1.7626
3,14.9251,1.6970,0.1756,-1.7681
3,14.9271,1.6978,0.1755,-1.7730
3,14.9291,1.6984,0.1756,-1.7764
3,14.9311,1.6988,0.1761,-1.7781
3,14.9331,1.6989,0.1768,-1.7783
3,14.9351,1.6989,0.1776,-1.7779
3,14.9371,1.6988,0.1782,-1.7778
3,14.9391,1.6987,0.1786,-1.7790
3,14.9411,1.6986,0.1787,-1.7818
3,14.9431,1.6986,0.1784,-1.7862
3,14.9451,1.6985,0.1779,-1.7915
3,14.9471,1.6983,0.1774,-1.7965
3,14.9491,1.6978,0.1769,-1.8004
3,14.9511,1.6972,0.1765,-1.8033
3,14.9531,1.6964,0.1764,-1.8050
3,14.9551,1.6954,0.1765,-1.8049
3,14.9571,1.6943,0.1769,-1.8031
3,14.9591,1.6933,0.1775,-1.8003
3,14.9611,1.6924,0.1780,-1.7975
3,14.9631,1.6919,0.1785,-1.7958
3,14.9651,1.6918,0.1787,-1.7958
3,14.9671,1.6921,0.1786,-1.7974
3,14.9691,1.6928,0.1784,-1.8001
3,14.9711,1.6937,0.1781,-1.8029
3,14.9731,1.6946,0.1779,-1.8047
3,14.9751,1.6954,0.1778,-1.8050
3,14.9771,1.6961,0.1779,-1.8036
3,14.9791,1.6967,0.1780,-1.8010
3,14.9811,1.6971,0.1782,-1.7981
3,14.9831,1.6976,0.1781,-1.7958
3,14.9851,1.6980,0.1779,-1.7951
3,14.9871,1.6985,0.1773,-1.7959
3,14.9891,1.6990,0.1766,-1.7982
3,14.9911,1.6993,0.1759,-1.8008
3,14.9931,1.6994,0.1754,-1.8030
3,14.9951,1.6991,0.1751,-1.8039
3,14.9971,1.6986,0.1751,-1.8033
3,14.9991,1.6978,0.1754,-1.8014
3,15.0011,1.6968,0.1760,-1.7988
3,15.0031,1.6959,0.1766,-1.7967
3,15.0051,1.6951,0.1771,-1.7957
3,15.0071,1.6945,0.1775,-1.7962
3,15.0091,1.6942,0.1778,-1.7981
3,15.0111,1.6941,0.1779,-1.8007
3,15.0131,1.6940,0.1781,-1.8032
3,15.0151,1.6940,0.1783,-1.8046
3,15.0171,1.6940,0.1786,-1.8045
3,15.0191,1.6939,0.1790,-1.8030
3,15.0211,1.6939,0.1793,-1.8006
3,15.0231,1.6940,0.1795,-1.7982
3,15.0251,1.6942,0.1795,-1.7966
3,15.0271,1.6947,0.1792,-1.7964
3,15.0291,1.6954,0.1785,-1.7975
3,15.0311,1.6961,0.1777,-1.7995
3,15.0331,1.6969,0.1768,-1.8017
3,15.0351,1.6975,0.1761,-1.8032
3,15.0371,1.6979,0.1756,-1.8035
3,15.0391,1.6981,0.1754,-1.8025
3,15.0411,1.6981,0.1754,-1.8004
3,15.0431,1.6980,0.1756,-1.7981
3,15.0451,1.6978,0.1759,-1.7963
3,15.0471,1.6976,0.1761,-1.7957
3,15.0491,1.6975,0.1763,-1.7965
3,15.0511,1.6974,0.1764,-1.7984
3,15.0531,1.6973,0.1766,-1.8008
3,15.0551,1.6970,0.1768,-1.8027
3,15.0571,1.6966,0.1772,-1.8037
3,15.0591,1.6961,0.1777,-1.8033
3,15.0611,1.6955,0.1783,-1.8018
3,15.0631,1.6948,0.1789,-1.7998
3,15.0651,1.6942,0.1793,-1.7979
3,15.0671,1.6938,0.1795,-1.7970
3,15.0691,1.6936,0.1794,-1.7972
3,15.0711,1.6937,0.1790,-1.7986
3,15.0731,1.6939,0.1785,-1.8006
3,15.0751,1.6943,0.1779,-1.8025
3,15.0771,1.6947,0.1773,-1.8035
3,15.0791,1.6950,0.1769,-1.8034
3,15.0811,1.6953,0.1767,-1.8021
3,15.0831,1.6956,0.1767,-1.8002
3,15.0851,1.6959,0.1767,-1.7981
3,15.0871,1.6963,0.1767,-1.7967
3,15.0891,1.6968,0.1766,-1.7965
3,15.0911,1.6973,0.1765,-1.7974
3,15.0931,1.6978,0.1763,-1.7991
3,15.0951,1.6983,0.1762,-1.8010
3,15.0971,1.6985,0.1762,-1.8024
3,15.0991,1.6986,0.1764,-1.8028
3,15.1011,1.6983,0.1767,-1.8022
3,15.1031,1.6979,0.1772,-1.8009
3,15.1051,1.6974,0.1775,-1.7999
3,15.1071,1.6969,0.1777,-1.8004
3,15.1091,1.6965,0.1777,-1.8028
3,15.1111,1.6962,0.1773,-1.8071
3,15.1131,1.6961,0.1769,-1.8127
3,15.1151,1.6960,0.1764,-1.8184
3,15.1171,1.6958,0.1762,-1.8232
3,15.1191,1.6955,0.1762,-1.8262
3,15.1211,1.6951,0.1765,-1.8273
3,15.1231,1.6947,0.1771,-1.8270
3,15.1251,1.6943,0.1778,-1.8264
3,15.1271,1.6941,0.1783,-1.8266
3,15.1291,1.6942,0.1787,-1.8283
3,15.1311,1.6945,0.1787,-1.8318
3,15.1331,1.6950,0.1785,-1.8368
3,15.1351,1.6957,0.1782,-1.8423
3,15.1371,1.6962,0.1778,-1.8472
3,15.1391,1.6966,0.1777,-1.8507
3,15.1411,1.6969,0.1776,-1.8530
3,15.1431,1.6970,0.1777,-1.8542
3,15.1451,1.6968,0.1780,-1.8538
3,15.1471,1.6965,0.1784,-1.8521
3,15.1491,1.6960,0.1788,-1.8497
3,15.1511,1.6955,0.1792,-1.8474
3,15.1531,1.6951,0.1793,-1.8461
3,15.1551,1.6949,0.1791,-1.8462
3,15.1571,1.6948,0.1787,-1.8478
3,15.1591,1.6948,0.1781,-1.8501
3,15.1611,1.6949,0.1776,-1.8524
3,15.1631,1.6950,0.1772,-1.8538
3,15.1651,1.6950,0.1770,-1.8539
3,15.1671,1.6949,0.1770,-1.8526
3,15.1691,1.6948,0.1773,-1.8504
3,15.1711,1.6947,0.1776,-1.8481
3,15.1731,1.6948,0.1779,-1.8465
3,15.1751,1.6951,0.1780,-1.8461
3,15.1771,1.6955,0.1780,-1.8472
3,15.1791,1.6960,0.1779,-1.8492
3,15.1811,1.6964,0.1777,-1.8514
3,15.1831,1.6968,0.1776,-1.8531
3,15.1851,1.6971,0.1777,-1.8536
3,15.1871,1.6971,0.1779,-1.8528
3,15.1891,1.6969,0.1782,-1.8510
3,15.1911,1.6966,0.1785,-1.8488
3,15.1931,1.6963,0.1787,-1.8471
3,15.1951,1.6960,0.1787,-1.8463
3,15.1971,1.6958,0.1785,-1.8469
3,15.1991,1.6957,0.1781,-1.8486
3,15.2011,1.6957,0.1776,-1.8507
3,15.2031,1.6956,0.1773,-1.8525
3,15.2051,1.6954,0.1770,-1.8535
3,15.2071,1.6952,0.1770,-1.8531
3,15.2091,1.6949,0.1772,-1.8517
3,15.2111,1.6946,0.1776,-1.8497
3,15.2131,1.6944,0.1779,-1.8478
3,15.2151,1.6944,0.1782,-1.8468
3,15.2171,1.6945,0.1783,-1.8469
3,15.2191,1.6948,0.1783,-1.8482
3,15.2211,1.6953,0.1782,-1.8501
3,15.2231,1.6957,0.1780,-1.8520
3,15.2251,1.6960,0.1780,-1.8531
3,15.2271,1.6963,0.1780,-1.8532
3,15.2291,1.6963,0.1782,-1.8521
3,15.2311,1.6963,0.1784,-1.8503
3,15.2331,1.6962,0.1786,-1.8484
3,15.2351,1.6961,0.1786,-1.8471
3,15.2371,1.6961,0.1785,-1.8468
3,15.2391,1.6961,0.1782,-1.8477
3,15.2411,1.6962,0.1777,-1.8493
3,15.2431,1.6963,0.1773,-1.8511
3,15.2451,1.6963,0.1769,-1.8525
3,15.2471,1.6961,0.1768,-1.8529
3,15.2491,1.6959,0.1768,-1.8522
3,15.2511,1.6956,0.1771,-1.8508
3,15.2531,1.6953,0.1774,-1.8490
3,15.2551,1.6950,0.1778,-1.8476
3,15.2571,1.6949,0.1780,-1.8470
3,15.2591,1.6949,0.1782,-1.8476
3,15.2611,1.6951,0.1782,-1.8490
3,15.2631,1.6953,0.1781,-1.8507
3,15.2651,1.6955,0.1781,-1.8522
3,15.2671,1.6956,0.1782,-1.8529
3,15.2691,1.6957,0.1783,-1.8526
3,15.2711,1.6956,0.1785,-1.8514
3,15.2731,1.6955,0.1787,-1.8498
3,15.2751,1.6954,0.1789,-1.8482
3,15.2771,1.6954,0.1788,-1.8474
3,15.2791,1.6955,0.1786,-1.8475
3,15.2811,1.6956,0.1783,-1.8485
3,15.2831,1.6958,0.1778,-1.8500
3,15.2851,1.6960,0.1774,-1.8515
3,15.2871,1.6961,0.1770,-1.8524
3,15.2891,1.6961,0.1769,-1.8524
3,15.2911,1.6961,0.1769,-1.8515
3,15.2931,1.6959,0.1771,-1.8503
3,15.2951,1.6958,0.1772,-1.8496
3,15.2971,1.6959,0.1773,-1.8504
3,15.2991,1.6961,0.1771,-1.8531
3,15.3011,1.6965,0.1768,-1.8576
3,15.3031,1.6969,0.1765,-1.8630
3,15.3051,1.6973,0.1763,-1.8684
3,15.3071,1.6975,0.1763,-1.8726
3,15.3091,1.6974,0.1765,-1.8751
3,15.3111,1.6972,0.1771,-1.8760
3,15.3131,1.6967,0.1778,-1.8757
3,15.3151,1.6963,0.1785,-1.8754
3,15.3171,1.6958,0.1789,-1.8761
3,15.3191,1.6956,0.1791,-1.8784
3,15.3211,1.6955,0.1790,-1.8824
3,15.3231,1.6955,0.1786,-1.8875
3,15.3251,1.6955,0.1781,-1.8928
3,15.3271,1.6955,0.1777,-1.8973
3,15.3291,1.6954,0.1775,-1.9000
3,15.3311,1.6953,0.1773,-1.8998
3,15.3331,1.6952,0.1772,-1.8996
3,15.3351,1.6952,0.1772,-1.8996
3,15.3371,1.6953,0.1771,-1.8997
3,15.3391,1.6954,0.1771,-1.8999
3,15.3411,1.6956,0.1772,-1.8999
3,15.3431,1.6958,0.1773,-1.8999
3,15.3451,1.6960,0.1774,-1.8999
3,15.3471,1.6962,0.1775,-1.8999
3,15.3491,1.6964,0.1777,-1.8999
3,15.3511,1.6966,0.1778,-1.8999
3,15.3531,1.6967,0.1779,-1.8999
3,15.3551,1.6968,0.1780,-1.8999
3,15.3571,1.6969,0.1780,-1.8999
3,15.3591,1.6968,0.1780,-1.8999
3,15.3611,1.6968,0.1779,-1.8999
3,15.3631,1.6966,0.1779,-1.8999
3,15.3651,1.6965,0.1778,-1.8999
3,15.3671,1.6963,0.1776,-1.8999
3,15.3691,1.6961,0.1775,-1.8999
3,15.3711,1.6959,0.1774,-1.8999
3,15.3731,1.6957,0.1773,-1.8999
3,15.3751,1.6955,0.1772,-1.8999
3,15.3771,1.6954,0.1772,-1.8999
3,15.3791,1.6954,0.1772,-1.8999
3,15.3811,1.6953,0.1773,-1.8999
3,15.3831,1.6954,0.1774,-1.8999
3,15.3851,1.6955,0.1775,-1.8999
3,15.3871,1.6956,0.1776,-1.8999
3,15.3891,1.6957,0.1777,-1.8999
3,15.3911,1.6959,0.1779,-1.8999
3,15.3931,1.6961,0.1780,-1.8999
3,15.3951,1.6962,0.1780,-1.8999
3,15.3971,1.6964,0.1780,-1.8999
3,15.3991,1.6965,0.1780,-1.8999
3,15.4011,1.6966,0.1780,-1.8999
3,15.4031,1.6966,0.1779,-1.8999
3,15.4051,1.6966,0.1778,-1.8999
3,15.4071,1.6966,0.1776,-1.8999
3,15.4091,1.6965,0.1775,-1.8999
3,15.4111,1.6964,0.1774,-1.8999
3,15.4131,1.6963,0.1772,-1.8999
3,15.4151,1.6962,0.1772,-1.8999
3,15.4171,1.6961,0.1771,-1.8999
3,15.4191,1.6959,0.1771,-1.8999
3,15.4211,1.6958,0.1772,-1.8999
3,15.4231,1.6957,0.1772,-1.8999
3,15.4251,1.6957,0.1774,-1.8999
3,15.4271,1.6956,0.1775,-1.8999
3,15.4291,1.6956,0.1776,-1.8999
3,15.4311,1.6956,0.1778,-1.8999
3,15.4331,1.6957,0.1779,-1.8999
3,15.4351,1.6958,0.1780,-1.8999
3,15.4371,1.6958,0.1781,-1.8999
3,15.4391,1.6959,0.1781,-1.8999
3,15.4411,1.6960,0.1781,-1.8999
3,15.4431,1.6961,0.1780,-1.8999
3,15.4451,1.6962,0.1779,-1.8999
3,15.4471,1.6963,0.1778,-1.8999
3,15.4491,1.6963,0.1777,-1.8999
3,15.4511,1.6963,0.1775,-1.8999
3,15.4531,1.6964,0.1774,-1.8999
3,15.4551,1.6964,0.1773,-1.8999
3,15.4571,1.6963,0.1772,-1.8999
3,15.4591,1.6963,0.1771,-1.8999
3,15.4611,1.6963,0.1771,-1.8999
3,15.4631,1.6962,0.1771,-1.8999
3,15.4651,1.6961,0.1772,-1.8999
3,15.4671,1.6961,0.1773,-1.8999
3,15.4691,1.6960,0.1774,-1.8999
3,15.4711,1.6960,0.1776,-1.8999
3,15.4731,1.6959,0.1777,-1.8999
3,15.4751,1.6959,0.1778,-1.8999
3,15.4771,1.6959,0.1780,-1.8999
3,15.4791,1.6959,0.1780,-1.8999
3,15.4811,1.6958,0.1781,-1.8999
3,15.4831,1.6958,0.1781,-1.8999
3,15.4851,1.6956,0.1780,-1.8999
3,15.4871,1.6952,0.1779,-1.8999
3,15.4891,1.6944,0.1776,-1.8999
3,15.4911,1.6931,0.1773,-1.8999
3,15.4931,1.6912,0.1769,-1.8999
3,15.4951,1.6888,0.1764,-1.8999
3,15.4971,1.6856,0.1758,-1.8999
3,15.4991,1.6820,0.1753,-1.8999
3,15.5011,1.6777,0.1749,-1.8999
3,15.5031,1.6731,0.1745,-1.8999
3,15.5051,1.6682,0.1742,-1.8999
3,15.5071,1.6632,0.1741,-1.8999
3,15.5091,1.6582,0.1741,-1.8999
3,15.5111,1.6533,0.1743,-1.8999
3,15.5131,1.6488,0.1747,-1.8999
3,15.5151,1.6447,0.1751,-1.8999
3,15.5171,1.6411,0.1757,-1.8999
3,15.5191,1.6380,0.1762,-1.8999
3,15.5211,1.6354,0.1767,-1.8999
3,15.5231,1.6332,0.1771,-1.8999
3,15.5251,1.6315,0.1773,-1.8999
3,15.5271,1.6304,0.1773,-1.8999
3,15.5291,1.6301,0.1773,-1.8999
3,15.5311,1.6304,0.1771,-1.8999
3,15.5331,1.6313,0.1769,-1.8999
3,15.5351,1.6328,0.1765,-1.8999
3,15.5371,1.6346,0.1761,-1.8999
3,15.5391,1.6368,0.1757,-1.8999
3,15.5411,1.6391,0.1752,-1.8999
3,15.5431,1.6415,0.1748,-1.8999
3,15.5451,1.6436,0.1743,-1.8999
3,15.5471,1.6455,0.1739,-1.8999
3,15.5491,1.6470,0.1736,-1.8999
3,15.5511,1.6480,0.1733,-1.8999
3,15.5531,1.6484,0.1732,-1.8999
3,15.5551,1.6483,0.1731,-1.8999
3,15.5571,1.6477,0.1732,-1.8999
3,15.5591,1.6467,0.1733,-1.8999
3,15.5611,1.6453,0.1736,-1.8999
3,15.5631,1.6436,0.1739,-1.8999
3,15.5651,1.6418,0.1743,-1.8999
3,15.5671,1.6400,0.1746,-1.8999
3,15.5691,1.6382,0.1751,-1.8999
3,15.5711,1.6367,0.1755,-1.8999
3,15.5731,1.6354,0.1758,-1.8999
3,15.5751,1.6346,0.1762,-1.8999
3,15.5771,1.6341,0.1764,-1.8999
3,15.5791,1.6341,0.1765,-1.8999
3,15.5811,1.6345,0.1765,-1.8999
3,15.5831,1.6352,0.1764,-1.8999
3,15.5851,1.6361,0.1763,-1.8999
3,15.5871,1.6373,0.1761,-1.8999
3,15.5891,1.6386,0.1758,-1.8999
3,15.5911,1.6399,0.1754,-1.8999
3,15.5931,1.6412,0.1751,-1.8999
3,15.5951,1.6424,0.1747,-1.8999
3,15.5971,1.6434,0.1744,-1.8999
3,15.5991,1.6441,0.1741,-1.8999
3,15.6011,1.6446,0.1739,-1.8999
3,15.6031,1.6447,0.1737,-1.8999
3,15.6051,1.6445,0.1737,-1.8999
3,15.6071,1.6441,0.1738,-1.8999
3,15.6091,1.6435,0.1739,-1.8999
3,15.6111,1.6428,0.1741,-1.8999
3,15.6131,1.6419,0.1743,-1.8999
3,15.6151,1.6410,0.1745,-1.8999
3,15.6171,1.6401,0.1748,-1.8999
3,15.6191,1.6393,0.1751,-1.8999
3,15.6211,1.6385,0.1753,-1.8999
3,15.6231,1.6380,0.1756,-1.8999
3,15.6251,1.6375,0.1757,-1.8999
3,15.6271,1.6372,0.1758,-1.8999
3,15.6291,1.6370,0.1757,-1.8999
3,15.6311,1.6367,0.1756,-1.8999
3,15.6331,1.6364,0.1754,-1.8999
3,15.6351,1.6361,0.1751,-1.8999
3,15.6371,1.6355,0.1747,-1.8999
3,15.6391,1.6348,0.1743,-1.8999
3,15.6411,1.6339,0.1739,-1.8999
3,15.6431,1.6328,0.1734,-1.8999
3,15.6451,1.6314,0.1730,-1.8999
3,15.6471,1.6299,0.1726,-1.8999
3,15.6491,1.6283,0.1722,-1.8999
3,15.6511,1.6266,0.1720,-1.8999
3,15.6531,1.6247,0.1719,-1.8999
3,15.6551,1.6229,0.1718,-1.8999
3,15.6571,1.6211,0.1719,-1.8999
3,15.6591,1.6194,0.1720,-1.8999
3,15.6611,1.6178,0.1722,-1.8999
3,15.6631,1.6163,0.1724,-1.8999
3,15.6651,1.6150,0.1727,-1.8999
3,15.6671,1.6139,0.1729,-1.8999
3,15.6691,1.6132,0.1731,-1.8999
3,15.6711,1.6129,0.1733,-1.8999
3,15.6731,1.6130,0.1734,-1.8999
3,15.6751,1.6133,0.1734,-1.8999
3,15.6771,1.6140,0.1734,-1.8999
3,15.6791,1.6149,0.1734,-1.8999
3,15.6811,1.6159,0.1733,-1.8999
3,15.6831,1.6170,0.1732,-1.8999
3,15.6851,1.6182,0.1730,-1.8999
3,15.6871,1.6193,0.1728,-1.8999
3,15.6891,1.6202,0.1725,-1.8999
3,15.6911,1.6210,0.1723,-1.8999
3,15.6931,1.6215,0.1721,-1.8999
3,15.6951,1.6218,0.1719,-1.8999
3,15.6971,1.6218,0.1717,-1.8999
3,15.6991,1.6216,0.1717,-1.8999
3,15.7011,1.6212,0.1717,-1.8999
3,15.7031,1.6207,0.1717,-1.8999
3,15.7051,1.6200,0.1718,-1.8999
3,15.7071,1.6193,0.1719,-1.8999
3,15.7091,1.6186,0.1721,-1.8999
3,15.7111,1.6179,0.1723,-1.8999
3,15.7131,1.6172,0.1724,-1.8999
3,15.7151,1.6167,0.1726,-1.8999
3,15.7171,1.6164,0.1728,-1.8999
3,15.7191,1.6162,0.1729,-1.8999
3,15.7211,1.6162,0.1730,-1.8999
3,15.7231,1.6163,0.1730,-1.8999
3,15.7251,1.6164,0.1730,-1.8999
3,15.7271,1.6167,0.1730,-1.8999
3,15.7291,1.6170,0.1729,-1.8999
3,15.7311,1.6173,0.1728,-1.8999
3,15.7331,1.6176,0.1727,-1.8999
3,15.7351,1.6180,0.1726,-1.8999
3,15.7371,1.6183,0.1725,-1.8999
3,15.7391,1.6185,0.1725,-1.8999
3,15.7411,1.6187,0.1724,-1.8999
3,15.7431,1.6188,0.1724,-1.8999
3,15.7451,1.6189,0.1723,-1.8999
3,15.7471,1.6189,0.1723,-1.8999
3,15.7491,1.6189,0.1723,-1.8999
3,15.7511,1.6189,0.1723,-1.8999
3,15.7531,1.6189,0.1723,-1.8999
3,15.7551,1.6189,0.1723,-1.8999
3,15.7571,1.6189,0.1723,-1.8999
3,15.7591,1.6189,0.1723,-1.8999
3,15.7611,1.6189,0.1723,-1.8999
3,15.7631,1.6189,0.1723,-1.8999
3,15.7651,1.6188,0.1723,-1.8999
3,15.7671,1.6186,0.1723,-1.8999
3,15.7691,1.6183,0.1723,-1.8999
3,15.7711,1.6177,0.1722,-1.8999
3,15.7731,1.6169,0.1720,-1.8999
3,15.7751,1.6158,0.1719,-1.8999
3,15.7771,1.6144,0.1717,-1.8999
3,15.7791,1.6128,0.1714,-1.8999
3,15.7811,1.6109,0.1712,-1.8999
3,15.7831,1.6089,0.1709,-1.8999
3,15.7851,1.6068,0.1707,-1.8999
3,15.7871,1.6047,0.1706,-1.8999
3,15.7891,1.6025,0.1704,-1.8999
3,15.7911,1.6005,0.1704,-1.8999
3,15.7931,1.5986,0.1704,-1.8999
3,15.7951,1.5969,0.1705,-1.8999
3,15.7971,1.5955,0.1706,-1.8999
3,15.7991,1.5942,0.1707,-1.8999
3,15.8011,1.5931,0.1708,-1.8999
3,15.8031,1.5921,0.1709,-1.8999
3,15.8051,1.5913,0.1709,-1.8999
3,15.8071,1.5907,0.1709,-1.8999
3,15.8091,1.5903,0.1709,-1.8999
3,15.8111,1.5903,0.1709,-1.8999
3,15.8131,1.5904,0.1708,-1.8999
3,15.8151,1.5907,0.1708,-1.8999
3,15.8171,1.5912,0.1707,-1.8999
3,15.8191,1.5918,0.1706,-1.8999
3,15.8211,1.5925,0.1706,-1.8999
3,15.8231,1.5932,0.1705,-1.8999
3,15.8251,1.5939,0.1704,-1.8999
3,15.8271,1.5946,0.1704,-1.8999
3,15.8291,1.5952,0.1703,-1.8999
3,15.8311,1.5957,0.1702,-1.8999
3,15.8331,1.5960,0.1702,-1.8999
3,15.8351,1.5962,0.1701,-1.8999
3,15.8371,1.5962,0.1701,-1.8999
3,15.8391,1.5962,0.1701,-1.8999
3,15.8411,1.5960,0.1701,-1.8999
3,15.8431,1.5958,0.1701,-1.8999
3,15.8451,1.5955,0.1702,-1.8999
3,15.8471,1.5953,0.1702,-1.8999
3,15.8491,1.5949,0.1702,-1.8999
3,15.8511,1.5946,0.1703,-1.8999
3,15.8531,1.5944,0.1703,-1.8999
3,15.8551,1.5941,0.1703,-1.8999
3,15.8571,1.5939,0.1704,-1.8999
3,15.8591,1.5938,0.1704,-1.8999
3,15.8611,1.5937,0.1704,-1.8999
3,15.8631,1.5937,0.1704,-1.8999
3,15.8651,1.5937,0.1704,-1.8999
3,15.8671,1.5937,0.1704,-1.8999
3,15.8691,1.5937,0.1704,-1.8999
3,15.8711,1.5937,0.1704,-1.8999
3,15.8731,1.5937,0.1704,-1.8999
3,15.8751,1.5937,0.1704,-1.8999
3,15.8771,1.5937,0.1704,-1.8999
3,15.8791,1.5937,0.1704,-1.8999
3,15.8811,1.5937,0.1704,-1.8999
3,15.8831,1.5937,0.1704,-1.8999
3,15.8851,1.5937,0.1704,-1.8999
3,15.8871,1.5937,0.1704,-1.8999
3,15.8891,1.5937,0.1704,-1.8999
3,15.8911,1.5937,0.1704,-1.8999
3,15.8931,1.5937,0.1704,-1.8999
3,15.8951,1.5937,0.1704,-1.8999
3,15.8971,1.5937,0.1704,-1.8999
3,15.8991,1.5937,0.1704,-1.8999
3,15.9011,1.5937,0.1704,-1.8999
3,15.9031,1.5937,0.1704,-1.8999
3,15.9051,1.5937,0.1704,-1.8999
3,15.9071,1.5937,0.1704,-1.8999
3,15.9091,1.5935,0.1703,-1.8999
3,15.9111,1.5932,0.1702,-1.8999
3,15.9131,1.5926,0.1701,-1.8999
3,15.9151,1.5918,0.1699,-1.8999
3,15.9171,1.5907,0.1696,-1.8999
3,15.9191,1.5893,0.1692,-1.8999
3,15.9211,1.5876,0.1689,-1.8999
3,15.9231,1.5857,0.1685,-1.8999
3,15.9251,1.5835,0.1682,-1.8999
3,15.9271,1.5813,0.1679,-1.8999
3,15.9291,1.5789,0.1676,-1.8999
3,15.9311,1.5765,0.1674,-1.8999
3,15.9331,1.5742,0.1673,-1.8999
3,15.9351,1.5720,0.1673,-1.8999
3,15.9371,1.5699,0.1673,-1.8999
3,15.9391,1.5681,0.1674,-1.8999
3,15.9411,1.5665,0.1675,-1.8999
3,15.9431,1.5650,0.1676,-1.8999
3,15.9451,1.5639,0.1677,-1.8999
3,15.9471,1.5631,0.1678,-1.8999
3,15.9491,1.5627,0.1679,-1.8999
3,15.9511,1.5627,0.1679,-1.8999
3,15.9531,1.5630,0.1679,-1.8999
3,15.9551,1.5636,0.1679,-1.8999
3,15.9571,1.5644,0.1679,-1.8999
3,15.9591,1.5654,0.1679,-1.8999
3,15.9611,1.5666,0.1678,-1.8999
3,15.9631,1.5678,0.1677,-1.8999
3,15.9651,1.5690,0.1676,-1.8999
3,15.9671,1.5702,0.1674,-1.8999
3,15.9691,1.5711,0.1673,-1.8999
3,15.9711,1.5719,0.1672,-1.8999
3,15.9731,1.5724,0.1670,-1.8999
3,15.9751,1.5726,0.1669,-1.8999
3,15.9771,1.5726,0.1669,-1.8999
3,15.9791,1.5723,0.1668,-1.8999
3,15.9811,1.5719,0.1668,-1.8999
3,15.9831,1.5714,0.1669,-1.8999
3,15.9851,1.5707,0.1669,-1.8999
3,15.9871,1.5700,0.1670,-1.8999
3,15.9891,1.5692,0.1671,-1.8999
3,15.9911,1.5685,0.1672,-1.8999
3,15.9931,1.5678,0.1673,-1.8999
3,15.9951,1.5673,0.1674,-1.8999
3,15.9971,1.5668,0.1675,-1.8999
3,15.9991,1.5666,0.1676,-1.8999
3,16.0011,1.5665,0.1677,-1.8999
3,16.0031,1.5665,0.1677,-1.8999
3,16.0051,1.5666,0.1677,-1.8999
3,16.0071,1.5668,0.1676,-1.8999
3,16.0091,1.5670,0.1676,-1.8999
3,16.0111,1.5673,0.1676,-1.8999
3,16.0131,1.5677,0.1675,-1.8999
3,16.0151,1.5680,0.1675,-1.8999
3,16.0171,1.5683,0.1674,-1.8999
3,16.0191,1.5686,0.1674,-1.8999
3,16.0211,1.5688,0.1674,-1.8999
3,16.0231,1.5690,0.1673,-1.8999
3,16.0251,1.5691,0.1673,-1.8999
3,16.0271,1.5691,0.1673,-1.8999
3,16.0291,1.5691,0.1673,-1.8999
3,16.0311,1.5691,0.1673,-1.8999
3,16.0331,1.5691,0.1673,-1.8999
3,16.0351,1.5691,0.1673,-1.8999
3,16.0371,1.5691,0.1673,-1.8999
3,16.0391,1.5691,0.1673,-1.8999
3,16.0411,1.5691,0.1673,-1.8999
3,16.0431,1.5691,0.1673,-1.8999
3,16.0451,1.5691,0.1673,-1.8999
3,16.0471,1.5689,0.1673,-1.8999
3,16.0491,1.5686,0.1672,-1.8999
3,16.0511,1.5681,0.1671,-1.8999
3,16.0531,1.5673,0.1669,-1.8999
3,16.0551,1.5663,0.1667,-1.8999
3,16.0571,1.5649,0.1665,-1.8999
3,16.0591,1.5633,0.1662,-1.8999
3,16.0611,1.5614,0.1659,-1.8999
3,16.0631,1.5592,0.1656,-1.8999
3,16.0651,1.5569,0.1653,-1.8999
3,16.0671,1.5545,0.1650,-1.8999
3,16.0691,1.5521,0.1648,-1.8999
3,16.0711,1.5497,0.1647,-1.8999
3,16.0731,1.5474,0.1647,-1.8999
3,16.0751,1.5452,0.1647,-1.8999
3,16.0771,1.5433,0.1647,-1.8999
3,16.0791,1.5416,0.1648,-1.8999
3,16.0811,1.5401,0.1649,-1.8999
3,16.0831,1.5389,0.1650,-1.8999
3,16.0851,1.5379,0.1651,-1.8999
3,16.0871,1.5372,0.1651,-1.8999
3,16.0891,1.5369,0.1652,-1.8999
3,16.0911,1.5370,0.1652,-1.8999
3,16.0931,1.5373,0.1652,-1.8999
3,16.0951,1.5379,0.1651,-1.8999
3,16.0971,1.5387,0.1651,-1.8999
3,16.0991,1.5397,0.1650,-1.8999
3,16.1011,1.5408,0.1650,-1.8999
3,16.1031,1.5419,0.1649,-1.8999
3,16.1051,1.5429,0.1648,-1.8999
3,16.1071,1.5439,0.1646,-1.8999
3,16.1091,1.5447,0.1645,-1.8999
3,16.1111,1.5453,0.1644,-1.8999
3,16.1131,1.5457,0.1643,-1.8999
3,16.1151,1.5458,0.1642,-1.8999
3,16.1171,1.5457,0.1642,-1.8999
3,16.1191,1.5455,0.1642,-1.8999
3,16.1211,1.5451,0.1642,-1.8999
3,16.1231,1.5446,0.1643,-1.8999
3,16.1251,1.5440,0.1643,-1.8999
3,16.1271,1.5434,0.1644,-1.8999
3,16.1291,1.5428,0.1644,-1.8999
3,16.1311,1.5422,0.1645,-1.8999
3,16.1331,1.5417,0.1646,-1.8999
3,16.1351,1.5412,0.1647,-1.8999
3,16.1371,1.5409,0.1648,-1.8999
3,16.1391,1.5408,0.1648,-1.8999
3,16.1411,1.5407,0.1648,-1.8999
3,16.1431,1.5407,0.1648,-1.8999
3,16.1451,1.5407,0.1648,-1.8999
3,16.1471,1.5407,0.1648,-1.8999
3,16.1491,1.5407,0.1648,-1.8999
3,16.1511,1.5407,0.1648,-1.8999
3,16.1531,1.5407,0.1648,-1.8999
3,16.1551,1.5407,0.1648,-1.8999
3,16.1571,1.5407,0.1648,-1.8999
3,16.1591,1.5407,0.1648,-1.8999
3,16.1611,1.5407,0.1648,-1.8999
3,16.1631,1.5407,0.1648,-1.8999
3,16.1651,1.5407,0.1648,-1.8999
3,16.1671,1.5407,0.1648,-1.8999
3,16.1691,1.5407,0.1648,-1.8999
3,16.1711,1.5407,0.1648,-1.8999
3,16.1731,1.5407,0.1648,-1.8999
3,16.1751,1.5407,0.1648,-1.8999
3,16.1771,1.5407,0.1648,-1.8999
3,16.1791,1.5407,0.1648,-1.8999
3,16.1811,1.5407,0.1648,-1.8999
3,16.1831,1.5407,0.1648,-1.8999
3,16.1851,1.5407,0.1648,-1.8999
3,16.1871,1.5407,0.1648,-1.8999
3,16.1891,1.5407,0.1648,-1.8999
3,16.1911,1.5405,0.1647,-1.8999
3,16.1931,1.5401,0.1646,-1.8999
3,16.1951,1.5395,0.1644,-1.8999
3,16.1971,1.5385,0.1641,-1.8999
3,16.1991,1.5373,0.1638,-1.8999
3,16.2011,1.5358,0.1634,-1.8999
3,16.2031,1.5339,0.1630,-1.8999
3,16.2051,1.5318,0.1627,-1.8999
3,16.2071,1.5295,0.1623,-1.8999
3,16.2091,1.5271,0.1621,-1.8999
3,16.2111,1.5245,0.1619,-1.8999
3,16.2131,1.5220,0.1618,-1.8999
3,16.2151,1.5195,0.1618,-1.8999
3,16.2171,1.5172,0.1619,-1.8999
3,16.2191,1.5150,0.1620,-1.8999
3,16.2211,1.5130,0.1622,-1.8999
3,16.2231,1.5113,0.1624,-1.8999
3,16.2251,1.5098,0.1626,-1.8999
3,16.2271,1.5088,0.1628,-1.8999
3,16.2291,1.5081,0.1630,-1.8999
3,16.2311,1.5080,0.1631,-1.8999
3,16.2331,1.5083,0.1631,-1.8999
3,16.2351,1.5089,0.1631,-1.8999
3,16.2371,1.5098,0.1631,-1.8999
3,16.2391,1.5110,0.1630,-1.8999
3,16.2411,1.5124,0.1629,-1.8999
3,16.2431,1.5138,0.1627,-1.8999
3,16.2451,1.5153,0.1625,-1.8999
3,16.2471,1.5167,0.1623,-1.8999
3,16.2491,1.5179,0.1621,-1.8999
3,16.2511,1.5189,0.1619,-1.8999
3,16.2531,1.5196,0.1617,-1.8999
3,16.2551,1.5199,0.1616,-1.8999
3,16.2571,1.5199,0.1615,-1.8999
3,16.2591,1.5197,0.1614,-1.8999
3,16.2611,1.5192,0.1615,-1.8999
3,16.2631,1.5186,0.1615,-1.8999
3,16.2651,1.5178,0.1616,-1.8999
3,16.2671,1.5168,0.1618,-1.8999
3,16.2691,1.5159,0.1619,-1.8999
3,16.2711,1.5149,0.1621,-1.8999
3,16.2731,1.5140,0.1623,-1.8999
3,16.2751,1.5133,0.1624,-1.8999
3,16.2771,1.5127,0.1626,-1.8999
3,16.2791,1.5123,0.1627,-1.8999
3,16.2811,1.5121,0.1627,-1.8999
3,16.2831,1.5122,0.1628,-1.8999
3,16.2851,1.5123,0.1627,-1.8999
3,16.2871,1.5126,0.1627,-1.8999
3,16.2891,1.5130,0.1626,-1.8999
3,16.2911,1.5134,0.1626,-1.8999
3,16.2931,1.5139,0.1625,-1.8999
3,16.2951,1.5144,0.1624,-1.8999
3,16.2971,1.5149,0.1623,-1.8999
3,16.2991,1.5153,0.1622,-1.8999
3,16.3011,1.5157,0.1621,-1.8999
3,16.3031,1.5159,0.1621,-1.8999
3,16.3051,1.5161,0.1620,-1.8999
3,16.3071,1.5162,0.1620,-1.8999
3,16.3091,1.5162,0.1620,-1.8999
3,16.3111,1.5162,0.1620,-1.8999
3,16.3131,1.5162,0.1620,-1.8999
3,16.3151,1.5162,0.1620,-1.8999
3,16.3171,1.5162,0.1620,-1.8999
3,16.3191,1.5162,0.1620,-1.8999
3,16.3211,1.5162,0.1620,-1.8999
3,16.3231,1.5161,0.1620,-1.8999
3,16.3251,1.5161,0.1620,-1.8999
3,16.3271,1.5158,0.1620,-1.8999
3,16.3291,1.5154,0.1620,-1.8999
3,16.3311,1.5147,0.1619,-1.8999
3,16.3331,1.5138,0.1618,-1.8999
3,16.3351,1.5126,0.1616,-1.8999
3,16.3371,1.5110,0.1614,-1.8999
3,16.3391,1.5092,0.1611,-1.8999
3,16.3411,1.5071,0.1609,-1.8999
3,16.3431,1.5049,0.1606,-1.8999
3,16.3451,1.5024,0.1604,-1.8999
3,16.3471,1.4999,0.1602,-1.8999
3,16.3491,1.4974,0.1601,-1.8999
3,16.3511,1.4949,0.1600,-1.8999
3,16.3531,1.4924,0.1599,-1.8999
3,16.3551,1.4899,0.1599,-1.8999
3,16.3571,1.4874,0.1598,-1.8999
3,16.3591,1.4849,0.1598,-1.8999
3,16.3611,1.4824,0.1598,-1.8999
3,16.3631,1.4799,0.1596,-1.8999
3,16.3651,1.4774,0.1595,-1.8999
3,16.3671,1.4751,0.1594,-1.8999
3,16.3691,1.4730,0.1592,-1.8999
3,16.3711,1.4712,0.1591,-1.8999
3,16.3731,1.4697,0.1590,-1.8999
3,16.3751,1.4687,0.1590,-1.8999
3,16.3771,1.4681,0.1590,-1.8999
3,16.3791,1.4679,0.1591,-1.8999
3,16.3811,1.4681,0.1591,-1.8999
3,16.3831,1.4687,0.1592,-1.8999
3,16.3851,1.4695,0.1593,-1.8999
3,16.3871,1.4706,0.1594,-1.8999
3,16.3891,1.4720,0.1595,-1.8999
3,16.3911,1.4735,0.1596,-1.8999
3,16.3931,1.4751,0.1597,-1.8999
3,16.3951,1.4768,0.1597,-1.8999
3,16.3971,1.4785,0.1597,-1.8999
3,16.3991,1.4802,0.1597,-1.8999
3,16.4011,1.4817,0.1596,-1.8999
3,16.4031,1.4830,0.1595,-1.8999
3,16.4051,1.4841,0.1594,-1.8999
3,16.4071,1.4850,0.1593,-1.8999
3,16.4091,1.4856,0.1592,-1.8999
3,16.4111,1.4859,0.1591,-1.8999
3,16.4131,1.4859,0.1590,-1.8999
3,16.4151,1.4857,0.1590,-1.8999
3,16.4171,1.4853,0.1590,-1.8999
3,16.4191,1.4848,0.1591,-1.8999
3,16.4211,1.4841,0.1591,-1.8999
3,16.4231,1.4833,0.1591,-1.8999
3,16.4251,1.4824,0.1592,-1.8999
3,16.4271,1.4814,0.1593,-1.8999
3,16.4291,1.4804,0.1593,-1.8999
3,16.4311,1.4794,0.1594,-1.8999
3,16.4331,1.4785,0.1594,-1.8999
3,16.4351,1.4777,0.1595,-1.8999
3,16.4371,1.4770,0.1595,-1.8999
3,16.4391,1.4764,0.1595,-1.8999
3,16.4411,1.4759,0.1595,-1.8999
3,16.4431,1.4757,0.1595,-1.8999
3,16.4451,1.4756,0.1594,-1.8999
3,16.4471,1.4756,0.1594,-1.8999
3,16.4491,1.4757,0.1594,-1.8999
3,16.4511,1.4759,0.1594,-1.8999
3,16.4531,1.4761,0.1594,-1.8999
3,16.4551,1.4764,0.1594,-1.8999
3,16.4571,1.4766,0.1594,-1.8999
3,16.4591,1.4770,0.1594,-1.8999
3,16.4611,1.4773,0.1594,-1.8999
3,16.4631,1.4776,0.1593,-1.8999
3,16.4651,1.4778,0.1593,-1.8999
3,16.4671,1.4779,0.1593,-1.8999
3,16.4691,1.4778,0.1592,-1.8999
3,16.4711,1.4776,0.1591,-1.8999
3,16.4731,1.4771,0.1590,-1.8999
3,16.4751,1.4762,0.1588,-1.8999
3,16.4771,1.4751,0.1586,-1.8999
3,16.4791,1.4735,0.1583,-1.8999
3,16.4811,1.4715,0.1579,-1.8999
3,16.4831,1.4691,0.1576,-1.8999
3,16.4851,1.4662,0.1572,-1.8999
3,16.4871,1.4630,0.1568,-1.8999
3,16.4891,1.4595,0.1565,-1.8999
3,16.4911,1.4556,0.1562,-1.8999
3,16.4931,1.4514,0.1560,-1.8999
3,16.4951,1.4471,0.1558,-1.8999
3,16.4971,1.4427,0.1557,-1.8999
3,16.4991,1.4383,0.1557,-1.8999
3,16.5011,1.4338,0.1557,-1.8999
3,16.5031,1.4294,0.1558,-1.8999
3,16.5051,1.4252,0.1558,-1.8999
3,16.5071,1.4213,0.1559,-1.8999
3,16.5091,1.4180,0.1560,-1.8999
3,16.5111,1.4152,0.1562,-1.8999
3,16.5131,1.4132,0.1563,-1.8999
3,16.5151,1.4119,0.1564,-1.8999
3,16.5171,1.4114,0.1565,-1.8999
3,16.5191,1.4116,0.1566,-1.8999
3,16.5211,1.4125,0.1566,-1.8999
3,16.5231,1.4140,0.1566,-1.8999
3,16.5251,1.4161,0.1565,-1.8999
3,16.5271,1.4186,0.1565,-1.8999
3,16.5291,1.4215,0.1564,-1.8999
3,16.5311,1.4247,0.1563,-1.8999
3,16.5331,1.4280,0.1562,-1.8999
3,16.5351,1.4314,0.1560,-1.8999
3,16.5371,1.4346,0.1559,-1.8999
3,16.5391,1.4377,0.1558,-1.8999
3,16.5411,1.4404,0.1557,-1.8999
3,16.5431,1.4428,0.1556,-1.8999
3,16.5451,1.4446,0.1555,-1.8999
3,16.5471,1.4460,0.1555,-1.8999
3,16.5491,1.4467,0.1555,-1.8999
3,16.5511,1.4469,0.1555,-1.8999
3,16.5531,1.4466,0.1555,-1.8999
3,16.5551,1.4457,0.1556,-1.8999
3,16.5571,1.4445,0.1556,-1.8999
3,16.5591,1.4429,0.1557,-1.8999
3,16.5611,1.4410,0.1558,-1.8999
3,16.5631,1.4388,0.1558,-1.8999
3,16.5651,1.4365,0.1559,-1.8999
3,16.5671,1.4341,0.1560,-1.8999
3,16.5691,1.4317,0.1561,-1.8999
3,16.5711,1.4294,0.1561,-1.8999
3,16.5731,1.4273,0.1562,-1.8999
3,16.5751,1.4254,0.1562,-1.8999
3,16.5771,1.4239,0.1562,-1.8999
3,16.5791,1.4227,0.1562,-1.8999
3,16.5811,1.4220,0.1562,-1.8999
3,16.5831,1.4216,0.1562,-1.8999
3,16.5851,1.4217,0.1562,-1.8999
3,16.5871,1.4221,0.1562,-1.8999
3,16.5891,1.4227,0.1562,-1.8999
3,16.5911,1.4236,0.1562,-1.8999
3,16.5931,1.4247,0.1562,-1.8999
3,16.5951,1.4260,0.1561,-1.8999
3,16.5971,1.4274,0.1561,-1.8999
3,16.5991,1.4289,0.1561,-1.8999
3,16.6011,1.4304,0.1560,-1.8999
3,16.6031,1.4319,0.1560,-1.8999
3,16.6051,1.4332,0.1559,-1.8999
3,16.6071,1.4343,0.1559,-1.8999
3,16.6091,1.4350,0.1558,-1.8999
3,16.6111,1.4352,0.1556,-1.8999
3,16.6131,1.4350,0.1555,-1.8999
3,16.6151,1.4343,0.1553,-1.8999
3,16.6171,1.4330,0.1550,-1.8999
3,16.6191,1.4312,0.1548,-1.8999
3,16.6211,1.4288,0.1545,-1.8999
3,16.6231,1.4258,0.1541,-1.8999
3,16.6251,1.4223,0.1538,-1.8999
3,16.6271,1.4183,0.1535,-1.8999
3,16.6291,1.4139,0.1533,-1.8999
3,16.6311,1.4091,0.1530,-1.8999
3,16.6331,1.4040,0.1529,-1.8999
3,16.6351,1.3988,0.1528,-1.8999
3,16.6371,1.3934,0.1528,-1.8999
3,16.6391,1.3875,0.1527,-1.8999
3,16.6411,1.3807,0.1525,-1.8999
3,16.6431,1.3726,0.1521,-1.8999
3,16.6451,1.3628,0.1515,-1.8999
3,16.6471,1.3508,0.1506,-1.8999
3,16.6491,1.3361,0.1494,-1.8999
3,16.6511,1.3179,0.1479,-1.8999
3,16.6531,1.2954,0.1461,-1.8999
3,16.6551,1.2689,0.1434,-1.8999
3,16.6571,1.2351,0.1388,-1.8999
3,16.6591,1.1838,0.1307,-1.8999
4,16.8111,-0.0000,-0.0000,0.0000
4,16.8131,-0.0000,-0.0000,0.0001
4,16.8151,-0.0001,-0.0000,0.0002
4,16.8171,-0.0003,-0.0000,0.0004
4,16.8191,-0.0004,0.0000,0.0006
4,16.8211,-0.0006,0.0000,0.0007
4,16.8231,-0.0007,0.0000,0.0008
4,16.8251,-0.0009,0.0001,0.0009
4,16.8271,-0.0011,0.0001,0.0009
4,16.8291,-0.0012,0.0001,0.0008
4,16.8311,-0.0014,0.0002,0.0008
4,16.8331,-0.0015,0.0002,0.0007
4,16.8351,-0.0016,0.0003,0.0007
4,16.8371,-0.0017,0.0003,0.0006
4,16.8391,-0.0018,0.0003,0.0006
4,16.8411,-0.0018,0.0003,0.0006
4,16.8431,-0.0019,0.0004,0.0006
4,16.8451,-0.0020,0.0004,0.0006
4,16.8471,-0.0020,0.0004,0.0007
4,16.8491,-0.0020,0.0004,0.0007
4,16.8511,-0.0020,0.0004,0.0007
4,16.8531,-0.0021,0.0004,0.0007
4,16.8551,-0.0021,0.0004,0.0007
4,16.8571,-0.0021,0.0004,0.0007
4,16.8591,-0.0021,0.0004,0.0007
4,16.8611,-0.0021,0.0004,0.0007
4,16.8631,-0.0021,0.0004,0.0007
4,16.8651,-0.0021,0.0005,0.0007
4,16.8671,-0.0020,0.0005,0.0007
4,16.8691,-0.0020,0.0005,0.0007
4,16.8711,-0.0020,0.0005,0.0007
4,16.8731,-0.0020,0.0005,0.0007
4,16.8751,-0.0020,0.0005,0.0007
4,16.8771,-0.0020,0.0005,0.0007
4,16.8791,-0.0020,0.0005,0.0007
4,16.8811,-0.0020,0.0005,0.0007
4,16.8831,-0.0020,0.0005,0.0007
4,16.8851,-0.0020,0.0005,0.0007
4,16.8871,-0.0020,0.0005,0.0007
4,16.8891,-0.0020,0.0005,0.0007
4,16.8911,-0.0020,0.0005,0.0007
4,16.8931,-0.0020,0.0005,0.0007
4,16.8951,-0.0020,0.0005,0.0007
4,16.8971,-0.0020,0.0005,0.0007
4,16.8991,-0.0020,0.0005,0.0007
4,16.9011,-0.0020,0.0005,0.0007
4,16.9031,-0.0020,0.0005,0.0007
4,16.9051,-0.0020,0.0005,0.0007
4,16.9071,-0.0020,0.0005,0.0007
4,16.9091,-0.0020,0.0005,0.0007
4,16.9111,-0.0020,0.0005,0.0007
4,16.9131,-0.0020,0.0005,0.0007
4,16.9151,-0.0020,0.0005,0.0007
4,16.9171,-0.0020,0.0005,0.0007
4,16.9191,-0.0020,0.0005,0.0007
4,16.9211,-0.0020,0.0005,0.0007
4,16.9231,-0.0020,0.0005,0.0007
4,16.9251,-0.0020,0.0005,0.0007
4,16.9271,-0.0020,0.0005,0.0007
4,16.9291,-0.0020,0.0005,0.0007
4,16.9311,-0.0020,0.0005,0.0007
4,16.9331,-0.0020,0.0005,0.0007
4,16.9351,-0.0020,0.0005,0.0007
4,16.9371,-0.0020,0.0005,0.0007
4,16.9391,-0.0020,0.0005,0.0007
4,16.9411,-0.0020,0.0005,0.0007
4,16.9431,-0.0020,0.0005,0.0007
4,16.9451,-0.0020,0.0005,0.0007
4,16.9471,-0.0020,0.0005,0.0007
4,16.9491,-0.0020,0.0005,0.0007
4,16.9511,-0.0020,0.0005,0.0007
4,16.9531,-0.0020,0.0005,0.0007
4,16.9551,-0.0020,0.0005,0.0007
4,16.9571,-0.0020,0.0005,0.0007
4,16.9591,-0.0020,0.0005,0.0007
4,16.9611,-0.0020,0.0005,0.0007
4,16.9631,-0.0020,0.0005,0.0007
4,16.9651,-0.0020,0.0005,0.0007
4,16.9671,-0.0020,0.0005,0.0007
4,16.9691,-0.0020,0.0005,0.0007
4,16.9711,-0.0020,0.0005,0.0007
4,16.9731,-0.0020,0.0005,0.0007
4,16.9751,-0.0020,0.0005,0.0007
4,16.9771,-0.0020,0.0005,0.0007
4,16.9791,-0.0020,0.0005,0.0007
4,16.9811,-0.0020,0.0005,0.0007
4,16.9831,-0.0020,0.0005,0.0007
4,16.9851,-0.0020,0.0005,0.0007
4,16.9871,-0.0020,0.0005,0.0007
4,16.9891,-0.0020,0.0005,0.0007
4,16.9911,-0.0020,0.0005,0.0007
4,16.9931,-0.0020,0.0005,0.0007
4,16.9951,-0.0020,0.0005,0.0007
4,16.9971,-0.0020,0.0005,0.0007
4,16.9991,-0.0020,0.0005,0.0007
4,17.0011,-0.0020,0.0005,0.0007
4,17.0031,-0.0020,0.0005,0.0007
4,17.0051,-0.0020,0.0005,0.0007
4,17.0071,-0.0020,0.0005,0.0007
4,17.0091,-0.0020,0.0005,0.0007
4,17.0111,-0.0020,0.0005,0.0007
4,17.0131,-0.0020,0.0005,0.0007
4,17.0151,-0.0020,0.0005,0.0007
4,17.0171,-0.0020,0.0005,0.0007
4,17.0191,-0.0020,0.0005,0.0007
4,17.0211,-0.0020,0.0005,0.0007
4,17.0231,-0.0020,0.0005,0.0007
4,17.0251,-0.0020,0.0005,0.0007
4,17.0271,-0.0020,0.0005,0.0007
4,17.0291,-0.0020,0.0005,0.0007
4,17.0311,-0.0020,0.0005,0.0007
4,17.0331,-0.0020,0.0005,0.0007
4,17.0351,-0.0020,0.0005,0.0007
4,17.0371,-0.0020,0.0005,0.0007
4,17.0391,-0.0020,0.0005,0.0007
4,17.0411,-0.0020,0.0005,0.0007
4,17.0431,-0.0020,0.0005,0.0007
4,17.0451,-0.0020,0.0005,0.0007
4,17.0471,-0.0020,0.0005,0.0007
4,17.0491,-0.0020,0.0005,0.0007
4,17.0511,-0.0020,0.0005,0.0007
4,17.0531,-0.0020,0.0005,0.0007
4,17.0551,-0.0020,0.0005,0.0007
4,17.0571,-0.0020,0.0005,0.0007
4,17.0591,-0.0020,0.0005,0.0007
4,17.0611,-0.0020,0.0005,0.0007
4,17.0631,-0.0020,0.0005,0.0007
4,17.0651,-0.0020,0.0005,0.0007
4,17.0671,-0.0020,0.0005,0.0007
4,17.0691,-0.0020,0.0005,0.0007
4,17.0711,-0.0020,0.0005,0.0007
4,17.0731,-0.0020,0.0005,0.0007
4,17.0751,-0.0020,0.0005,0.0007
4,17.0771,-0.0020,0.0005,0.0007
4,17.0791,-0.0020,0.0005,0.0007
4,17.0811,-0.0020,0.0005,0.0007
4,17.0831,-0.0020,0.0005,0.0007
4,17.0851,-0.0020,0.0005,0.0007
4,17.0871,-0.0020,0.0005,0.0007
4,17.0891,-0.0020,0.0005,0.0007
4,17.0911,-0.0020,0.0005,0.0007
4,17.0931,-0.0020,0.0005,0.0007
4,17.0951,-0.0020,0.0005,0.0007
4,17.0971,-0.0020,0.0005,0.0007
4,17.0991,-0.0020,0.0005,0.0007
4,17.1011,-0.0020,0.0005,0.0007
4,17.1031,-0.0020,0.0005,0.0007
4,17.1051,-0.0020,0.0005,0.0007
4,17.1071,-0.0020,0.0005,0.0007
4,17.1091,-0.0020,0.0005,0.0007
4,17.1111,-0.0020,0.0005,0.0007
4,17.1131,-0.0020,0.0005,0.0007
4,17.1151,-0.0020,0.0005,0.0007
4,17.1171,-0.0020,0.0005,0.0007
4,17.1191,-0.0020,0.0005,0.0007
4,17.1211,-0.0020,0.0005,0.0007
4,17.1231,-0.0020,0.0005,0.0007
4,17.1251,-0.0020,0.0005,0.0007
4,17.1271,-0.0020,0.0005,0.0007
4,17.1291,-0.0020,0.0005,0.0007
4,17.1311,-0.0020,0.0005,0.0007
4,17.1331,-0.0020,0.0005,0.0007
4,17.1351,-0.0020,0.0005,0.0007
4,17.1371,-0.0020,0.0005,0.0007
4,17.1391,-0.0020,0.0005,0.0007
4,17.1411,-0.0020,0.0005,0.0007
4,17.1431,-0.0020,0.0005,0.0007
4,17.1451,-0.0020,0.0005,0.0007
4,17.1471,-0.0020,0.0005,0.0007
4,17.1491,-0.0020,0.0005,0.0007
4,17.1511,-0.0020,0.0005,0.0007
4,17.1531,-0.0020,0.0005,0.0007
4,17.1551,-0.0020,0.0005,0.0007
4,17.1571,-0.0020,0.0005,0.0007
4,17.1591,-0.0020,0.0005,0.0007
4,17.1611,-0.0020,0.0005,0.0007
4,17.1631,-0.0020,0.0005,0.0007
4,17.1651,-0.0020,0.0005,0.0007
4,17.1671,-0.0020,0.0005,0.0007
4,17.1691,-0.0020,0.0005,0.0007
4,17.1711,-0.0020,0.0005,0.0007
4,17.1731,-0.0020,0.0005,0.0007
4,17.1751,-0.0020,0.0005,0.0007
4,17.1771,-0.0020,0.0005,0.0007
4,17.1791,-0.0020,0.0005,0.0007
4,17.1811,-0.0020,0.0005,0.0007
4,17.1831,-0.0020,0.0005,0.0007
4,17.1851,-0.0020,0.0005,0.0007
4,17.1871,-0.0020,0.0005,0.0007
4,17.1891,-0.0020,0.0005,0.0007
4,17.1911,-0.0020,0.0005,0.0007
4,17.1931,-0.0020,0.0005,0.0007
4,17.1951,-0.0020,0.0005,0.0007
4,17.1971,-0.0020,0.0005,0.0007
4,17.1991,-0.0020,0.0005,0.0007
4,17.2011,-0.0020,0.0005,0.0007
4,17.2031,-0.0020,0.0005,0.0007
4,17.2051,-0.0020,0.0005,0.0007
4,17.2071,-0.0020,0.0005,0.0007
4,17.2091,-0.0020,0.0005,0.0007
4,17.2111,-0.0020,0.0005,0.0007
4,17.2131,-0.0020,0.0005,0.0007
4,17.2151,-0.0020,0.0005,0.0007
4,17.2171,-0.0020,0.0005,0.0007
4,17.2191,-0.0020,0.0005,0.0007
4,17.2211,-0.0020,0.0005,0.0007
4,17.2231,-0.0020,0.0005,0.0007
4,17.2251,-0.0020,0.0005,0.0007
4,17.2271,-0.0020,0.0005,0.0007
4,17.2291,-0.0020,0.0005,0.0007
4,17.2311,-0.0020,0.0005,0.0007
4,17.2331,-0.0020,0.0005,0.0007
4,17.2351,-0.0020,0.0005,0.0007
4,17.2371,-0.0020,0.0005,0.0007
4,17.2391,-0.0020,0.0005,0.0007
4,17.2411,-0.0020,0.0005,0.0007
4,17.2431,-0.0020,0.0005,0.0007
4,17.2451,-0.0020,0.0005,0.0007
4,17.2471,-0.0020,0.0005,0.0007
4,17.2491,-0.0020,0.0005,0.0007
4,17.2511,-0.0020,0.0005,0.0007
4,17.2531,-0.0020,0.0005,0.0007
4,17.2551,-0.0020,0.0005,0.0007
4,17.2571,-0.0020,0.0005,0.0007
4,17.2591,-0.0020,0.0005,0.0007
4,17.2611,-0.0020,0.0005,0.0007
4,17.2631,-0.0020,0.0005,0.0007
4,17.2651,-0.0020,0.0005,0.0007
4,17.2671,-0.0020,0.0005,0.0007
4,17.2691,-0.0020,0.0005,0.0007
4,17.2711,-0.0020,0.0005,0.0007
4,17.2731,-0.0020,0.0005,0.0007
4,17.2751,-0.0020,0.0005,0.0007
4,17.2771,-0.0020,0.0005,0.0007
4,17.2791,-0.0020,0.0005,0.0007
4,17.2811,-0.0020,0.0005,0.0007
4,17.2831,-0.0020,0.0005,0.0007
4,17.2851,-0.0020,0.0005,0.0007
4,17.2871,-0.0020,0.0005,0.0007
4,17.2891,-0.0020,0.0005,0.0007
4,17.2911,-0.0020,0.0005,0.0007
4,17.2931,-0.0020,0.0005,0.0007
4,17.2951,-0.0020,0.0005,0.0007
4,17.2971,-0.0020,0.0005,0.0007
4,17.2991,-0.0020,0.0005,0.0007
4,17.3011,-0.0020,0.0005,0.0007
4,17.3031,-0.0020,0.0005,0.0007
4,17.3051,-0.0020,0.0005,0.0007
4,17.3071,-0.0020,0.0005,0.0007
4,17.3091,-0.0020,0.0005,0.0007
4,17.3111,-0.0020,0.0005,0.0007
4,17.3131,-0.0020,0.0005,0.0007
4,17.3151,-0.0019,0.0005,0.0007
4,17.3171,-0.0016,0.0005,0.0007
4,17.3191,-0.0009,0.0007,0.0008
4,17.3211,0.0003,0.0009,0.0010
4,17.3231,0.0023,0.0014,0.0012
4,17.3251,0.0052,0.0020,0.0014
4,17.3271,0.0092,0.0028,0.0017
4,17.3291,0.0143,0.0039,0.0021
4,17.3311,0.0206,0.0053,0.0024
4,17.3331,0.0280,0.0069,0.0027
4,17.3351,0.0367,0.0088,0.0030
4,17.3371,0.0464,0.0109,0.0033
4,17.3391,0.0570,0.0133,0.0034
4,17.3411,0.0684,0.0158,0.0035
4,17.3431,0.0805,0.0183,0.0036
4,17.3451,0.0929,0.0210,0.0036
4,17.3471,0.1054,0.0235,0.0035
4,17.3491,0.1179,0.0260,0.0035
4,17.3511,0.1301,0.0283,0.0033
4,17.3531,0.1417,0.0303,0.0032
4,17.3551,0.1525,0.0319,0.0030
4,17.3571,0.1625,0.0332,0.0028
4,17.3591,0.1714,0.0341,0.0025
4,17.3611,0.1791,0.0345,0.0022
4,17.3631,0.1856,0.0344,0.0019
4,17.3651,0.1908,0.0339,0.0016
4,17.3671,0.1947,0.0330,0.0014
4,17.3691,0.1975,0.0317,0.0012
4,17.3711,0.1992,0.0302,0.0011
4,17.3731,0.2001,0.0284,0.0011
4,17.3751,0.2002,0.0266,0.0011
4,17.3771,0.1998,0.0248,0.0013
4,17.3791,0.1992,0.0231,0.0015
4,17.3811,0.1985,0.0216,0.0018
4,17.3831,0.1980,0.0204,0.0021
4,17.3851,0.1979,0.0196,0.0024
4,17.3871,0.1985,0.0193,0.0027
4,17.3891,0.1999,0.0194,0.0028
4,17.3911,0.2021,0.0200,0.0029
4,17.3931,0.2056,0.0211,0.0028
4,17.3951,0.2103,0.0226,0.0026
4,17.3971,0.2160,0.0244,0.0022
4,17.3991,0.2225,0.0264,0.0016
4,17.4011,0.2294,0.0285,0.0010
4,17.4031,0.2365,0.0305,0.0002
4,17.4051,0.2435,0.0324,-0.0006
4,17.4071,0.2501,0.0339,-0.0014
4,17.4091,0.2561,0.0351,-0.0021
4,17.4111,0.2611,0.0357,-0.0027
4,17.4131,0.2651,0.0359,-0.0031
4,17.4151,0.2679,0.0355,-0.0033
4,17.4171,0.2693,0.0347,-0.0032
4,17.4191,0.2694,0.0334,-0.0030
4,17.4211,0.2682,0.0316,-0.0025
4,17.4231,0.2657,0.0296,-0.0019
4,17.4251,0.2620,0.0274,-0.0012
4,17.4271,0.2574,0.0252,-0.0005
4,17.4291,0.2520,0.0230,0.0003
4,17.4311,0.2461,0.0210,0.0009
4,17.4331,0.2398,0.0193,0.0015
4,17.4351,0.2336,0.0181,0.0019
4,17.4371,0.2276,0.0173,0.0022
4,17.4391,0.2220,0.0171,0.0023
4,17.4411,0.2172,0.0175,0.0023
4,17.4431,0.2132,0.0184,0.0022
4,17.4451,0.2103,0.0199,0.0021
4,17.4471,0.2087,0.0219,0.0020
4,17.4491,0.2087,0.0244,0.0018
4,17.4511,0.2105,0.0272,0.0017
4,17.4531,0.2141,0.0302,0.0016
4,17.4551,0.2196,0.0333,0.0016
4,17.4571,0.2270,0.0364,0.0014
4,17.4591,0.2363,0.0392,0.0013
4,17.4611,0.2472,0.0418,0.0010
4,17.4631,0.2595,0.0439,0.0006
4,17.4651,0.2729,0.0455,0.0000
4,17.4671,0.2872,0.0464,-0.0006
4,17.4691,0.3020,0.0468,-0.0012
4,17.4711,0.3169,0.0464,-0.0018
4,17.4731,0.3315,0.0455,-0.0023
4,17.4751,0.3456,0.0440,-0.0028
4,17.4771,0.3588,0.0421,-0.0031
4,17.4791,0.3708,0.0399,-0.0032
4,17.4811,0.3815,0.0375,-0.0031
4,17.4831,0.3907,0.0351,-0.0028
4,17.4851,0.3983,0.0329,-0.0023
4,17.4871,0.4042,0.0311,-0.0017
4,17.4891,0.4084,0.0298,-0.0011
4,17.4911,0.4112,0.0291,-0.0004
4,17.4931,0.4125,0.0290,0.0003
4,17.4951,0.4126,0.0298,0.0008
4,17.4971,0.4118,0.0312,0.0012
4,17.4991,0.4103,0.0334,0.0013
4,17.5011,0.4084,0.0363,0.0013
4,17.5031,0.4064,0.0397,0.0012
4,17.5051,0.4047,0.0434,0.0009
4,17.5071,0.4035,0.0475,0.0006
4,17.5091,0.4031,0.0515,0.0003
4,17.5111,0.4037,0.0555,0.0001
4,17.5131,0.4056,0.0591,-0.0001
4,17.5151,0.4088,0.0622,-0.0002
4,17.5171,0.4135,0.0647,-0.0001
4,17.5191,0.4197,0.0664,-0.0001
4,17.5211,0.4273,0.0674,0.0001
4,17.5231,0.4364,0.0676,0.0003
4,17.5251,0.4469,0.0671,0.0005
4,17.5271,0.4584,0.0658,0.0007
4,17.5291,0.4702,0.0639,0.0007
4,17.5311,0.4819,0.0614,0.0005
4,17.5331,0.4932,0.0585,0.0002
4,17.5351,0.5034,0.0554,-0.0003
4,17.5371,0.5122,0.0522,-0.0008
4,17.5391,0.5194,0.0492,-0.0013
4,17.5411,0.5246,0.0465,-0.0018
4,17.5431,0.5277,0.0442,-0.0020
4,17.5451,0.5286,0.0426,-0.0021
4,17.5471,0.5273,0.0418,-0.0019
4,17.5491,0.5238,0.0417,-0.0015
4,17.5511,0.5184,0.0423,-0.0009
4,17.5531,0.5113,0.0437,-0.0001
4,17.5551,0.5028,0.0457,0.0006
4,17.5571,0.4931,0.0483,0.0013
4,17.5591,0.4828,0.0512,0.0018
4,17.5611,0.4722,0.0543,0.0020
4,17.5631,0.4618,0.0574,0.0020
4,17.5651,0.4519,0.0602,0.0018
4,17.5671,0.4430,0.0628,0.0013
4,17.5691,0.4355,0.0648,0.0007
4,17.5711,0.4295,0.0663,0.0001
4,17.5731,0.4254,0.0671,-0.0003
4,17.5751,0.4234,0.0672,-0.0005
4,17.5771,0.4236,0.0668,-0.0005
4,17.5791,0.4262,0.0657,-0.0001
4,17.5811,0.4313,0.0642,0.0005
4,17.5831,0.4390,0.0623,0.0014
4,17.5851,0.4490,0.0602,0.0023
4,17.5871,0.4612,0.0581,0.0031
4,17.5891,0.4753,0.0560,0.0038
4,17.5911,0.4909,0.0542,0.0041
4,17.5931,0.5076,0.0528,0.0040
4,17.5951,0.5250,0.0519,0.0036
4,17.5971,0.5427,0.0516,0.0027
4,17.5991,0.5600,0.0519,0.0016
4,17.6011,0.5767,0.0528,0.0003
4,17.6031,0.5922,0.0543,-0.0010
4,17.6051,0.6063,0.0563,-0.0022
4,17.6071,0.6185,0.0588,-0.0032
4,17.6091,0.6288,0.0615,-0.0039
4,17.6111,0.6369,0.0644,-0.0042
4,17.6131,0.6428,0.0673,-0.0042
4,17.6151,0.6465,0.0700,-0.0039
4,17.6171,0.6481,0.0724,-0.0034
4,17.6191,0.6478,0.0744,-0.0028
4,17.6211,0.6460,0.0759,-0.0021
4,17.6231,0.6428,0.0768,-0.0014
4,17.6251,0.6387,0.0772,-0.0008
4,17.6271,0.6341,0.0771,-0.0002
4,17.6291,0.6295,0.0766,0.0003
4,17.6311,0.6252,0.0758,0.0007
4,17.6331,0.6217,0.0748,0.0011
4,17.6351,0.6194,0.0738,0.0015
4,17.6371,0.6185,0.0729,0.0019
4,17.6391,0.6194,0.0722,0.0023
4,17.6411,0.6221,0.0719,0.0027
4,17.6431,0.6269,0.0719,0.0030
4,17.6451,0.6337,0.0724,0.0033
4,17.6471,0.6425,0.0733,0.0035
4,17.6491,0.6531,0.0747,0.0034
4,17.6511,0.6653,0.0765,0.0032
4,17.6531,0.6789,0.0787,0.0028
4,17.6551,0.6936,0.0811,0.0022
4,17.6571,0.7088,0.0836,0.0014
4,17.6591,0.7238,0.0860,0.0003
4,17.6611,0.7380,0.0881,-0.0009
4,17.6631,0.7508,0.0898,-0.0023
4,17.6651,0.7617,0.0908,-0.0038
4,17.6671,0.7704,0.0912,-0.0052
4,17.6691,0.7765,0.0908,-0.0063
4,17.6711,0.7797,0.0898,-0.0071
4,17.6731,0.7801,0.0883,-0.0075
4,17.6751,0.7775,0.0863,-0.0073
4,17.6771,0.7723,0.0840,-0.0066
4,17.6791,0.7646,0.0816,-0.0053
4,17.6811,0.7548,0.0793,-0.0037
4,17.6831,0.7432,0.0772,-0.0019
4,17.6851,0.7304,0.0755,0.0000
4,17.6871,0.7170,0.0744,0.0018
4,17.6891,0.7034,0.0739,0.0033
4,17.6911,0.6902,0.0740,0.0044
4,17.6931,0.6779,0.0747,0.0049
4,17.6951,0.6671,0.0760,0.0050
4,17.6971,0.6583,0.0777,0.0046
4,17.6991,0.6516,0.0798,0.0039
4,17.7011,0.6475,0.0821,0.0029
4,17.7031,0.6460,0.0843,0.0020
4,17.7051,0.6473,0.0865,0.0012
4,17.7071,0.6514,0.0885,0.0007
4,17.7091,0.6583,0.0901,0.0005
4,17.7111,0.6679,0.0913,0.0008
4,17.7131,0.6800,0.0921,0.0013
4,17.7151,0.6942,0.0925,0.0021
4,17.7171,0.7102,0.0924,0.0029
4,17.7191,0.7276,0.0920,0.0034
4,17.7211,0.7458,0.0912,0.0037
4,17.7231,0.7643,0.0902,0.0034
4,17.7251,0.7825,0.0891,0.0026
4,17.7271,0.8000,0.0880,0.0014
4,17.7291,0.8164,0.0871,-0.0001
4,17.7311,0.8311,0.0864,-0.0018
4,17.7331,0.8440,0.0861,-0.0034
4,17.7351,0.8548,0.0862,-0.0048
4,17.7371,0.8632,0.0867,-0.0057
4,17.7391,0.8694,0.0877,-0.0061
4,17.7411,0.8732,0.0892,-0.0059
4,17.7431,0.8749,0.0910,-0.0051
4,17.7451,0.8745,0.0931,-0.0039
4,17.7471,0.8724,0.0954,-0.0024
4,17.7491,0.8689,0.0977,-0.0007
4,17.7511,0.8644,0.1000,0.0009
4,17.7531,0.8592,0.1022,0.0022
4,17.7551,0.8539,0.1040,0.0032
4,17.7571,0.8490,0.1055,0.0037
4,17.7591,0.8447,0.1067,0.0038
4,17.7611,0.8416,0.1074,0.0036
4,17.7631,0.8401,0.1078,0.0033
4,17.7651,0.8403,0.1079,0.0029
4,17.7671,0.8426,0.1078,0.0025
4,17.7691,0.8471,0.1075,0.0024
4,17.7711,0.8537,0.1071,0.0026
4,17.7731,0.8625,0.1068,0.0029
4,17.7751,0.8732,0.1065,0.0035
4,17.7771,0.8857,0.1064,0.0040
4,17.7791,0.8996,0.1064,0.0043
4,17.7811,0.9146,0.1067,0.0044
4,17.7831,0.9304,0.1072,0.0041
4,17.7851,0.9467,0.1080,0.0033
4,17.7871,0.9626,0.1090,0.0020
4,17.7891,0.9776,0.1099,0.0002
4,17.7911,0.9911,0.1107,-0.0020
4,17.7931,1.0026,0.1114,-0.0045
4,17.7951,1.0116,0.1119,-0.0070
4,17.7971,1.0179,0.1120,-0.0091
4,17.7991,1.0212,0.1119,-0.0108
4,17.8011,1.0215,0.1114,-0.0117
4,17.8031,1.0189,0.1107,-0.0117
4,17.8051,1.0134,0.1099,-0.0107
4,17.8071,1.0054,0.1089,-0.0090
4,17.8091,0.9951,0.1079,-0.0065
4,17.8111,0.9831,0.1071,-0.0036
4,17.8131,0.9697,0.1064,-0.0006
4,17.8151,0.9555,0.1060,0.0022
4,17.8171,0.9410,0.1058,0.0045
4,17.8191,0.9270,0.1060,0.0062
4,17.8211,0.9138,0.1065,0.0070
4,17.8231,0.9021,0.1073,0.0071
4,17.8251,0.8923,0.1084,0.0066
4,17.8271,0.8848,0.1098,0.0057
4,17.8291,0.8799,0.1112,0.0045
4,17.8311,0.8778,0.1128,0.0034
4,17.8331,0.8786,0.1143,0.0026
4,17.8351,0.8822,0.1156,0.0021
4,17.8371,0.8886,0.1168,0.0021
4,17.8391,0.8977,0.1177,0.0025
4,17.8411,0.9093,0.1184,0.0033
4,17.8431,0.9231,0.1188,0.0042
4,17.8451,0.9387,0.1189,0.0050
4,17.8471,0.9557,0.1186,0.0054
4,17.8491,0.9735,0.1181,0.0053
4,17.8511,0.9918,0.1174,0.0046
4,17.8531,1.0099,0.1166,0.0032
4,17.8551,1.0274,0.1158,0.0013
4,17.8571,1.0439,0.1150,-0.0010
4,17.8591,1.0589,0.1143,-0.0034
4,17.8611,1.0723,0.1139,-0.0056
4,17.8631,1.0836,0.1138,-0.0075
4,17.8651,1.0928,0.1140,-0.0086
4,17.8671,1.0999,0.1147,-0.0090
4,17.8691,1.1047,0.1157,-0.0086
4,17.8711,1.1073,0.1170,-0.0074
4,17.8731,1.1080,0.1187,-0.0057
4,17.8751,1.1068,0.1206,-0.0036
4,17.8771,1.1041,0.1226,-0.0014
4,17.8791,1.1003,0.1247,0.0007
4,17.8811,1.0956,0.1267,0.0024
4,17.8831,1.0905,0.1287,0.0037
4,17.8851,1.0855,0.1305,0.0045
4,17.8871,1.0809,0.1320,0.0047
4,17.8891,1.0773,0.1333,0.0046
4,17.8911,1.0750,0.1344,0.0042
4,17.8931,1.0743,0.1352,0.0038
4,17.8951,1.0755,0.1358,0.0035
4,17.8971,1.0788,0.1363,0.0035
4,17.8991,1.0842,0.1366,0.0037
4,17.9011,1.0918,0.1368,0.0042
4,17.9031,1.1014,0.1369,0.0049
4,17.9051,1.1129,0.1370,0.0056
4,17.9071,1.1259,0.1370,0.0060
4,17.9091,1.1401,0.1371,0.0060
4,17.9111,1.1553,0.1371,0.0055
4,17.9131,1.1710,0.1372,0.0045
4,17.9151,1.1870,0.1373,0.0029
4,17.9171,1.2025,0.1375,0.0008
4,17.9191,1.2170,0.1376,-0.0017
4,17.9211,1.2298,0.1375,-0.0046
4,17.9231,1.2406,0.1372,-0.0075
4,17.9251,1.2489,0.1368,-0.0102
4,17.9271,1.2546,0.1361,-0.0125
4,17.9291,1.2573,0.1352,-0.0140
4,17.9311,1.2573,0.1343,-0.0146
4,17.9331,1.2543,0.1333,-0.0143
4,17.9351,1.2488,0.1325,-0.0129
4,17.9371,1.2408,0.1318,-0.0107
4,17.9391,1.2306,0.1313,-0.0077
4,17.9411,1.2188,0.1312,-0.0044
4,17.9431,1.2058,0.1315,-0.0010
4,17.9451,1.1919,0.1321,0.0022
4,17.9471,1.1779,0.1332,0.0049
4,17.9491,1.1641,0.1346,0.0069
4,17.9511,1.1512,0.1362,0.0081
4,17.9531,1.1397,0.1381,0.0084
4,17.9551,1.1300,0.1400,0.0080
4,17.9571,1.1226,0.1418,0.0072
4,17.9591,1.1176,0.1436,0.0061
4,17.9611,1.1154,0.1451,0.0051
4,17.9631,1.1159,0.1464,0.0042
4,17.9651,1.1193,0.1472,0.0037
4,17.9671,1.1254,0.1476,0.0037
4,17.9691,1.1342,0.1477,0.0040
4,17.9711,1.1455,0.1473,0.0047
4,17.9731,1.1590,0.1467,0.0056
4,17.9751,1.1744,0.1457,0.0063
4,17.9771,1.1912,0.1446,0.0066
4,17.9791,1.2090,0.1434,0.0064
4,17.9811,1.2272,0.1423,0.0055
4,17.9831,1.2453,0.1412,0.0039
4,17.9851,1.2630,0.1402,0.0016
4,17.9871,1.2797,0.1395,-0.0012
4,17.9891,1.2950,0.1392,-0.0041
4,17.9911,1.3088,0.1392,-0.0070
4,17.9931,1.3206,0.1396,-0.0094
4,17.9951,1.3304,0.1404,-0.0112
4,17.9971,1.3381,0.1415,-0.0121
4,17.9991,1.3436,0.1430,-0.0121
4,18.0011,1.3470,0.1446,-0.0112
4,18.0031,1.3484,0.1464,-0.0095
4,18.0051,1.3479,0.1483,-0.0072
4,18.0071,1.3458,0.1502,-0.0046
4,18.0091,1.3425,0.1521,-0.0019
4,18.0111,1.3382,0.1538,0.0006
4,18.0131,1.3333,0.1554,0.0028
4,18.0151,1.3282,0.1569,0.0044
4,18.0171,1.3235,0.1581,0.0054
4,18.0191,1.3195,0.1593,0.0060
4,18.0211,1.3166,0.1603,0.0060
4,18.0231,1.3152,0.1612,0.0059
4,18.0251,1.3156,0.1621,0.0056
4,18.0271,1.3180,0.1630,0.0054
4,18.0291,1.3226,0.1639,0.0054
4,18.0311,1.3293,0.1647,0.0055
4,18.0331,1.3381,0.1655,0.0058
4,18.0351,1.3488,0.1663,0.0061
4,18.0371,1.3612,0.1669,0.0062
4,18.0391,1.3749,0.1674,0.0061
4,18.0411,1.3896,0.1678,0.0056
4,18.0431,1.4050,0.1680,0.0047
4,18.0451,1.4208,0.1681,0.0033
4,18.0471,1.4361,0.1680,0.0013
4,18.0491,1.4505,0.1675,-0.0013
4,18.0511,1.4632,0.1667,-0.0043
4,18.0531,1.4740,0.1654,-0.0076
4,18.0551,1.4823,0.1637,-0.0109
4,18.0571,1.4879,0.1618,-0.0138
4,18.0591,1.4908,0.1598,-0.0161
4,18.0611,1.4909,0.1578,-0.0173
4,18.0631,1.4883,0.1560,-0.0174
4,18.0651,1.4831,0.1546,-0.0163
4,18.0671,1.4756,0.1536,-0.0139
4,18.0691,1.4661,0.1533,-0.0106
4,18.0711,1.4550,0.1537,-0.0066
4,18.0731,1.4427,0.1548,-0.0023
4,18.0751,1.4297,0.1565,0.0018
4,18.0771,1.4163,0.1589,0.0055
4,18.0791,1.4032,0.1618,0.0084
4,18.0811,1.3908,0.1649,0.0102
4,18.0831,1.3796,0.1682,0.0109
4,18.0851,1.3701,0.1714,0.0107
4,18.0871,1.3626,0.1744,0.0097
4,18.0891,1.3575,0.1768,0.0082
4,18.0911,1.3549,0.1787,0.0065
4,18.0931,1.3551,0.1799,0.0051
4,18.0951,1.3580,0.1804,0.0040
4,18.0971,1.3636,0.1801,0.0035
4,18.0991,1.3719,0.1792,0.0038
4,18.1011,1.3827,0.1778,0.0046
4,18.1031,1.3957,0.1761,0.0059
4,18.1051,1.4106,0.1741,0.0072
4,18.1071,1.4270,0.1721,0.0082
4,18.1091,1.4443,0.1701,0.0086
4,18.1111,1.4620,0.1683,0.0081
4,18.1131,1.4797,0.1669,0.0066
4,18.1151,1.4969,0.1658,0.0040
4,18.1171,1.5131,0.1652,0.0007
4,18.1191,1.5281,0.1651,-0.0032
4,18.1211,1.5414,0.1655,-0.0071
4,18.1231,1.5530,0.1664,-0.0107
4,18.1251,1.5627,0.1677,-0.0135
4,18.1271,1.5703,0.1694,-0.0153
4,18.1291,1.5760,0.1713,-0.0158
4,18.1311,1.5798,0.1734,-0.0150
4,18.1331,1.5816,0.1755,-0.0130
4,18.1351,1.5817,0.1776,-0.0100
4,18.1371,1.5803,0.1796,-0.0064
4,18.1391,1.5776,0.1814,-0.0025
4,18.1411,1.5739,0.1831,0.0012
4,18.1431,1.5695,0.1845,0.0044
4,18.1451,1.5648,0.1857,0.0068
4,18.1471,1.5603,0.1868,0.0084
4,18.1491,1.5563,0.1878,0.0090
4,18.1511,1.5533,0.1887,0.0089
4,18.1531,1.5517,0.1897,0.0082
4,18.1551,1.5518,0.1908,0.0074
4,18.1571,1.5538,0.1920,0.0065
4,18.1591,1.5580,0.1934,0.0059
4,18.1611,1.5644,0.1949,0.0057
4,18.1631,1.5728,0.1964,0.0059
4,18.1651,1.5832,0.1978,0.0064
4,18.1671,1.5953,0.1991,0.0069
4,18.1691,1.6088,0.2001,0.0073
4,18.1711,1.6232,0.2008,0.0073
4,18.1731,1.6384,0.2010,0.0067
4,18.1751,1.6539,0.2007,0.0055
4,18.1771,1.6691,0.1998,0.0034
4,18.1791,1.6833,0.1982,0.0004
4,18.1811,1.6959,0.1958,-0.0034
4,18.1831,1.7066,0.1929,-0.0077
4,18.1851,1.7150,0.1894,-0.0120
4,18.1871,1.7210,0.1857,-0.0161
4,18.1891,1.7244,0.1819,-0.0193
4,18.1911,1.7254,0.1783,-0.0213
4,18.1931,1.7239,0.1753,-0.0218
4,18.1951,1.7203,0.1730,-0.0207
4,18.1971,1.7145,0.1717,-0.0181
4,18.1991,1.7069,0.1716,-0.0141
4,18.2011,1.6978,0.1727,-0.0093
4,18.2031,1.6873,0.1749,-0.0041
4,18.2051,1.6759,0.1783,0.0011
4,18.2071,1.6638,0.1826,0.0055
4,18.2091,1.6515,0.1875,0.0090
4,18.2111,1.6393,0.1928,0.0111
4,18.2131,1.6278,0.1981,0.0119
4,18.2151,1.6174,0.2032,0.0114
4,18.2171,1.6084,0.2077,0.0100
4,18.2191,1.6013,0.2115,0.0081
4,18.2211,1.5964,0.2143,0.0062
4,18.2231,1.5938,0.2161,0.0046
4,18.2251,1.5938,0.2167,0.0036
4,18.2271,1.5965,0.2162,0.0036
4,18.2291,1.6021,0.2147,0.0045
4,18.2311,1.6104,0.2123,0.0062
4,18.2331,1.6213,0.2094,0.0085
4,18.2351,1.6346,0.2059,0.0107
4,18.2371,1.6499,0.2023,0.0125
4,18.2391,1.6667,0.1986,0.0133
4,18.2411,1.6847,0.1952,0.0129
4,18.2431,1.7032,0.1922,0.0109
4,18.2451,1.7218,0.1898,0.0076
4,18.2471,1.7400,0.1880,0.0030
4,18.2491,1.7575,0.1870,-0.0023
4,18.2511,1.7739,0.1868,-0.0078
4,18.2531,1.7889,0.1874,-0.0130
4,18.2551,1.8022,0.1886,-0.0173
4,18.2571,1.8136,0.1904,-0.0203
4,18.2591,1.8230,0.1925,-0.0217
4,18.2611,1.8303,0.1949,-0.0214
4,18.2631,1.8354,0.1973,-0.0195
4,18.2651,1.8382,0.1996,-0.0164
4,18.2671,1.8389,0.2017,-0.0123
4,18.2691,1.8376,0.2036,-0.0079
4,18.2711,1.8344,0.2051,-0.0037
4,18.2731,1.8298,0.2064,0.0001
4,18.2751,1.8241,0.2075,0.0030
4,18.2771,1.8178,0.2085,0.0050
4,18.2791,1.8114,0.2096,0.0060
4,18.2811,1.8055,0.2108,0.0062
4,18.2831,1.8006,0.2122,0.0059
4,18.2851,1.7973,0.2140,0.0054
4,18.2871,1.7960,0.2161,0.0051
4,18.2891,1.7969,0.2185,0.0051
4,18.2911,1.8002,0.2211,0.0056
4,18.2931,1.8061,0.2239,0.0066
4,18.2951,1.8144,0.2266,0.0078
4,18.2971,1.8248,0.2289,0.0089
4,18.2991,1.8372,0.2308,0.0098
4,18.3011,1.8510,0.2320,0.0099
4,18.3031,1.8660,0.2326,0.0093
4,18.3051,1.8818,0.2324,0.0078
4,18.3071,1.8975,0.2312,0.0052
4,18.3091,1.9124,0.2291,0.0015
4,18.3111,1.9260,0.2260,-0.0030
4,18.3131,1.9376,0.2222,-0.0079
4,18.3151,1.9470,0.2176,-0.0127
4,18.3171,1.9539,0.2128,-0.0170
4,18.3191,1.9581,0.2079,-0.0202
4,18.3211,1.9596,0.2033,-0.0219
4,18.3231,1.9586,0.1995,-0.0218
4,18.3251,1.9551,0.1967,-0.0201
4,18.3271,1.9493,0.1953,-0.0167
4,18.3291,1.9415,0.1953,-0.0122
4,18.3311,1.9320,0.1968,-0.0071
4,18.3331,1.9210,0.1998,-0.0018
4,18.3351,1.9091,0.2043,0.0031
4,18.3371,1.8966,0.2098,0.0070
4,18.3391,1.8839,0.2160,0.0096
4,18.3411,1.8716,0.2227,0.0109
4,18.3431,1.8602,0.2292,0.0109
4,18.3451,1.8501,0.2352,0.0099
4,18.3471,1.8419,0.2403,0.0082
4,18.3491,1.8358,0.2443,0.0064
4,18.3511,1.8322,0.2468,0.0049
4,18.3531,1.8312,0.2477,0.0040
4,18.3551,1.8328,0.2471,0.0036
4,18.3571,1.8369,0.2449,0.0032
4,18.3591,1.8432,0.2413,0.0021
4,18.3611,1.8513,0.2365,-0.0004
4,18.3631,1.8607,0.2309,-0.0048
4,18.3651,1.8711,0.2249,-0.0116
4,18.3671,1.8820,0.2189,-0.0208
4,18.3691,1.8931,0.2132,-0.0318
4,18.3711,1.9041,0.2084,-0.0441
4,18.3731,1.9147,0.2046,-0.0569
4,18.3751,1.9246,0.2021,-0.0692
4,18.3771,1.9336,0.2010,-0.0803
4,18.3791,1.9414,0.2012,-0.0894
4,18.3811,1.9478,0.2027,-0.0962
4,18.3831,1.9524,0.2052,-0.1007
4,18.3851,1.9551,0.2085,-0.1032
4,18.3871,1.9556,0.2122,-0.1043
4,18.3891,1.9537,0.2159,-0.1047
4,18.3911,1.9495,0.2195,-0.1052
4,18.3931,1.9429,0.2225,-0.1065
4,18.3951,1.9343,0.2250,-0.1090
4,18.3971,1.9238,0.2267,-0.1130
4,18.3991,1.9121,0.2277,-0.1185
4,18.4011,1.8997,0.2280,-0.1252
4,18.4031,1.8873,0.2279,-0.1325
4,18.4051,1.8754,0.2274,-0.1399
4,18.4071,1.8648,0.2268,-0.1469
4,18.4091,1.8559,0.2263,-0.1528
4,18.4111,1.8492,0.2259,-0.1576
4,18.4131,1.8449,0.2259,-0.1611
4,18.4151,1.8431,0.2261,-0.1635
4,18.4171,1.8439,0.2267,-0.1654
4,18.4191,1.8469,0.2275,-0.1673
4,18.4211,1.8520,0.2285,-0.1698
4,18.4231,1.8588,0.2295,-0.1735
4,18.4251,1.8668,0.2302,-0.1787
4,18.4271,1.8756,0.2305,-0.1857
4,18.4291,1.8848,0.2304,-0.1944
4,18.4311,1.8939,0.2296,-0.2043
4,18.4331,1.9025,0.2281,-0.2156
4,18.4351,1.9103,0.2259,-0.2274
4,18.4371,1.9172,0.2231,-0.2382
4,18.4391,1.9232,0.2196,-0.2463
4,18.4411,1.9282,0.2157,-0.2508
4,18.4431,1.9322,0.2117,-0.2512
4,18.4451,1.9351,0.2078,-0.2474
4,18.4471,1.9367,0.2042,-0.2403
4,18.4491,1.9369,0.2014,-0.2310
4,18.4511,1.9354,0.1996,-0.2210
4,18.4531,1.9322,0.1989,-0.2117
4,18.4551,1.9273,0.1995,-0.2046
4,18.4571,1.9208,0.2015,-0.2005
4,18.4591,1.9128,0.2048,-0.1999
4,18.4611,1.9037,0.2091,-0.2027
4,18.4631,1.8940,0.2143,-0.2082
4,18.4651,1.8841,0.2200,-0.2153
4,18.4671,1.8747,0.2258,-0.2226
4,18.4691,1.8662,0.2313,-0.2289
4,18.4711,1.8592,0.2362,-0.2330
4,18.4731,1.8538,0.2401,-0.2341
4,18.4751,1.8504,0.2427,-0.2321
4,18.4771,1.8490,0.2440,-0.2271
4,18.4791,1.8495,0.2439,-0.2199
4,18.4811,1.8518,0.2423,-0.2118
4,18.4831,1.8555,0.2395,-0.2040
4,18.4851,1.8603,0.2357,-0.1981
4,18.4871,1.8658,0.2311,-0.1955
4,18.4891,1.8718,0.2262,-0.1975
4,18.4911,1.8779,0.2212,-0.2045
4,18.4931,1.8840,0.2166,-0.2165
4,18.4951,1.8901,0.2126,-0.2323
4,18.4971,1.8962,0.2094,-0.2506
4,18.4991,1.9023,0.2072,-0.2694
4,18.5011,1.9085,0.2060,-0.2869
4,18.5031,1.9148,0.2059,-0.3012
4,18.5051,1.9210,0.2066,-0.3113
4,18.5071,1.9270,0.2079,-0.3167
4,18.5091,1.9325,0.2097,-0.3176
4,18.5111,1.9372,0.2118,-0.3148
4,18.5131,1.9406,0.2138,-0.3098
4,18.5151,1.9424,0.2158,-0.3043
4,18.5171,1.9423,0.2175,-0.2999
4,18.5191,1.9401,0.2188,-0.2983
4,18.5211,1.9358,0.2198,-0.3003
4,18.5231,1.9296,0.2204,-0.3064
4,18.5251,1.9218,0.2207,-0.3164
4,18.5271,1.9128,0.2208,-0.3293
4,18.5291,1.9032,0.2206,-0.3439
4,18.5311,1.8938,0.2204,-0.3586
4,18.5331,1.8849,0.2202,-0.3717
4,18.5351,1.8772,0.2201,-0.3819
4,18.5371,1.8711,0.2201,-0.3884
4,18.5391,1.8668,0.2205,-0.3910
4,18.5411,1.8645,0.2211,-0.3901
4,18.5431,1.8640,0.2220,-0.3866
4,18.5451,1.8653,0.2232,-0.3819
4,18.5471,1.8680,0.2247,-0.3777
4,18.5491,1.8718,0.2262,-0.3754
4,18.5511,1.8763,0.2277,-0.3763
4,18.5531,1.8812,0.2290,-0.3811
4,18.5551,1.8863,0.2300,-0.3898
4,18.5571,1.8913,0.2305,-0.4019
4,18.5591,1.8960,0.2303,-0.4164
4,18.5611,1.9003,0.2294,-0.4318
4,18.5631,1.9041,0.2277,-0.4472
4,18.5651,1.9072,0.2251,-0.4610
4,18.5671,1.9099,0.2219,-0.4712
4,18.5691,1.9122,0.2180,-0.4762
4,18.5711,1.9141,0.2139,-0.4755
4,18.5731,1.9156,0.2097,-0.4692
4,18.5751,1.9166,0.2058,-0.4585
4,18.5771,1.9169,0.2028,-0.4452
4,18.5791,1.9164,0.2008,-0.4313
4,18.5811,1.9150,0.2003,-0.4191
4,18.5831,1.9126,0.2013,-0.4103
4,18.5851,1.9091,0.2039,-0.4063
4,18.5871,1.9046,0.2080,-0.4075
4,18.5891,1.8994,0.2131,-0.4137
4,18.5911,1.8936,0.2190,-0.4236
4,18.5931,1.8877,0.2250,-0.4356
4,18.5951,1.8819,0.2306,-0.4476
4,18.5971,1.8766,0.2355,-0.4577
4,18.5991,1.8722,0.2391,-0.4642
4,18.6011,1.8689,0.2411,-0.4661
4,18.6031,1.8668,0.2416,-0.4630
4,18.6051,1.8659,0.2404,-0.4555
4,18.6071,1.8662,0.2378,-0.4448
4,18.6091,1.8675,0.2341,-0.4327
4,18.6111,1.8697,0.2297,-0.4210
4,18.6131,1.8725,0.2251,-0.4117
4,18.6151,1.8758,0.2206,-0.4066
4,18.6171,1.8793,0.2167,-0.4068
4,18.6191,1.8829,0.2138,-0.4131
4,18.6211,1.8866,0.2120,-0.4253
4,18.6231,1.8903,0.2113,-0.4422
4,18.6251,1.8941,0.2117,-0.4620
4,18.6271,1.8980,0.2130,-0.4825
4,18.6291,1.9021,0.2148,-0.5014
4,18.6311,1.9063,0.2170,-0.5167
4,18.6331,1.9106,0.2190,-0.5269
4,18.6351,1.9148,0.2206,-0.5315
4,18.6371,1.9186,0.2217,-0.5309
4,18.6391,1.9219,0.2221,-0.5259
4,18.6411,1.9244,0.2219,-0.5184
4,18.6431,1.9259,0.2212,-0.5104
4,18.6451,1.9261,0.2203,-0.5039
4,18.6471,1.9249,0.2194,-0.5008
4,18.6491,1.9224,0.2187,-0.5024
4,18.6511,1.9187,0.2182,-0.5092
4,18.6531,1.9140,0.2181,-0.5209
4,18.6551,1.9086,0.2184,-0.5365
4,18.6571,1.9029,0.2190,-0.5543
4,18.6591,1.8972,0.2198,-0.5723
4,18.6611,1.8919,0.2207,-0.5885
4,18.6631,1.8873,0.2214,-0.6012
4,18.6651,1.8837,0.2221,-0.6093
4,18.6671,1.8812,0.2224,-0.6125
4,18.6691,1.8798,0.2226,-0.6110
4,18.6711,1.8796,0.2227,-0.6061
4,18.6731,1.8804,0.2228,-0.5993
4,18.6751,1.8820,0.2231,-0.5924
4,18.6771,1.8843,0.2237,-0.5875
4,18.6791,1.8870,0.2246,-0.5861
4,18.6811,1.8899,0.2257,-0.5892
4,18.6831,1.8929,0.2270,-0.5971
4,18.6851,1.8956,0.2283,-0.6093
4,18.6871,1.8981,0.2293,-0.6247
4,18.6891,1.9002,0.2298,-0.6417
4,18.6911,1.9019,0.2295,-0.6586
4,18.6931,1.9030,0.2282,-0.6740
4,18.6951,1.9036,0.2259,-0.6865
4,18.6971,1.9037,0.2226,-0.6941
4,18.6991,1.9034,0.2184,-0.6957
4,18.7011,1.9029,0.2137,-0.6913
4,18.7031,1.9021,0.2090,-0.6817
4,18.7051,1.9012,0.2047,-0.6686
4,18.7071,1.9002,0.2015,-0.6539
4,18.7091,1.8991,0.1999,-0.6402
4,18.7111,1.8979,0.2001,-0.6294
4,18.7131,1.8965,0.2025,-0.6232
4,18.7151,1.8950,0.2068,-0.6226
4,18.7171,1.8934,0.2127,-0.6273
4,18.7191,1.8917,0.2196,-0.6366
4,18.7211,1.8899,0.2268,-0.6488
4,18.7231,1.8880,0.2336,-0.6619
4,18.7251,1.8863,0.2392,-0.6738
4,18.7271,1.8846,0.2431,-0.6825
4,18.7291,1.8831,0.2448,-0.6866
4,18.7311,1.8818,0.2442,-0.6855
4,18.7331,1.8808,0.2414,-0.6795
4,18.7351,1.8802,0.2367,-0.6696
4,18.7371,1.8799,0.2308,-0.6575
4,18.7391,1.8801,0.2243,-0.6451
4,18.7411,1.8807,0.2179,-0.6345
4,18.7431,1.8817,0.2123,-0.6274
4,18.7451,1.8832,0.2082,-0.6252
4,18.7471,1.8850,0.2058,-0.6287
4,18.7491,1.8873,0.2054,-0.6381
4,18.7511,1.8899,0.2069,-0.6525
4,18.7531,1.8928,0.2099,-0.6705
4,18.7551,1.8959,0.2140,-0.6901
4,18.7571,1.8992,0.2186,-0.7089
4,18.7591,1.9025,0.2229,-0.7250
4,18.7611,1.9056,0.2265,-0.7367
4,18.7631,1.9084,0.2288,-0.7432
4,18.7651,1.9108,0.2297,-0.7443
4,18.7671,1.9126,0.2290,-0.7409
4,18.7691,1.9137,0.2271,-0.7344
4,18.7711,1.9142,0.2243,-0.7266
4,18.7731,1.9140,0.2210,-0.7197
4,18.7751,1.9132,0.2177,-0.7156
4,18.7771,1.9119,0.2150,-0.7158
4,18.7791,1.9101,0.2132,-0.7212
4,18.7811,1.9081,0.2123,-0.7316
4,18.7831,1.9059,0.2125,-0.7464
4,18.7851,1.9036,0.2136,-0.7640
4,18.7871,1.9015,0.2152,-0.7825
4,18.7891,1.8996,0.2170,-0.7999
4,18.7911,1.8978,0.2188,-0.8142
4,18.7931,1.8964,0.2201,-0.8242
4,18.7951,1.8952,0.2208,-0.8293
4,18.7971,1.8944,0.2209,-0.8295
4,18.7991,1.8938,0.2205,-0.8258
4,18.8011,1.8937,0.2198,-0.8194
4,18.8031,1.8938,0.2191,-0.8124
4,18.8051,1.8943,0.2187,-0.8065
4,18.8071,1.8951,0.2188,-0.8034
4,18.8091,1.8961,0.2197,-0.8045
4,18.8111,1.8972,0.2212,-0.8103
4,18.8131,1.8984,0.2232,-0.8207
4,18.8151,1.8995,0.2254,-0.8347
4,18.8171,1.9003,0.2275,-0.8510
4,18.8191,1.9008,0.2289,-0.8677
4,18.8211,1.9008,0.2294,-0.8830
4,18.8231,1.9003,0.2288,-0.8960
4,18.8251,1.8991,0.2270,-0.9053
4,18.8271,1.8973,0.2240,-0.9096
4,18.8291,1.8952,0.2199,-0.9084
4,18.8311,1.8928,0.2152,-0.9021
4,18.8331,1.8904,0.2105,-0.8916
4,18.8351,1.8883,0.2063,-0.8790
4,18.8371,1.8866,0.2033,-0.8661
4,18.8391,1.8854,0.2021,-0.8552
4,18.8411,1.8850,0.2030,-0.8479
4,18.8431,1.8853,0.2059,-0.8453
4,18.8451,1.8862,0.2108,-0.8477
4,18.8471,1.8877,0.2171,-0.8546
4,18.8491,1.8895,0.2241,-0.8646
4,18.8511,1.8913,0.2310,-0.8761
4,18.8531,1.8929,0.2370,-0.8871
4,18.8551,1.8942,0.2413,-0.8957
4,18.8571,1.8949,0.2435,-0.9005
4,18.8591,1.8949,0.2432,-0.9007
4,18.8611,1.8943,0.2406,-0.8965
4,18.8631,1.8932,0.2360,-0.8885
4,18.8651,1.8917,0.2299,-0.8782
4,18.8671,1.8901,0.2231,-0.8673
4,18.8691,1.8885,0.2164,-0.8577
4,18.8711,1.8873,0.2105,-0.8511
4,18.8731,1.8865,0.2062,-0.8486
4,18.8751,1.8864,0.2037,-0.8508
4,18.8771,1.8869,0.2034,-0.8580
4,18.8791,1.8882,0.2049,-0.8699
4,18.8811,1.8900,0.2081,-0.8853
4,18.8831,1.8924,0.2124,-0.9026
4,18.8851,1.8950,0.2170,-0.9199
4,18.8871,1.8976,0.2212,-0.9355
4,18.8891,1.9000,0.2244,-0.9479
4,18.8911,1.9022,0.2262,-0.9559
4,18.8931,1.9038,0.2262,-0.9594
4,18.8951,1.9049,0.2246,-0.9587
4,18.8971,1.9055,0.2215,-0.9551
4,18.8991,1.9057,0.2174,-0.9501
4,18.9011,1.9056,0.2127,-0.9456
4,18.9031,1.9054,0.2081,-0.9434
4,18.9051,1.9052,0.2040,-0.9448
4,18.9071,1.9052,0.2008,-0.9506
4,18.9091,1.9054,0.1988,-0.9608
4,18.9111,1.9058,0.1981,-0.9746
4,18.9131,1.9064,0.1984,-0.9906
4,18.9151,1.9070,0.1996,-1.0071
4,18.9171,1.9075,0.2013,-1.0221
4,18.9191,1.9077,0.2032,-1.0341
4,18.9211,1.9076,0.2050,-1.0420
4,18.9231,1.9072,0.2065,-1.0453
4,18.9251,1.9063,0.2078,-1.0443
4,18.9271,1.9051,0.2087,-1.0402
4,18.9291,1.9037,0.2096,-1.0345
4,18.9311,1.9022,0.2105,-1.0290
4,18.9331,1.9007,0.2116,-1.0257
4,18.9351,1.8993,0.2131,-1.0258
4,18.9371,1.8982,0.2148,-1.0302
4,18.9391,1.8973,0.2169,-1.0389
4,18.9411,1.8966,0.2189,-1.0512
4,18.9431,1.8959,0.2208,-1.0656
4,18.9451,1.8953,0.2223,-1.0804
4,18.9471,1.8945,0.2231,-1.0936
4,18.9491,1.8935,0.2233,-1.1037
4,18.9511,1.8922,0.2227,-1.1096
4,18.9531,1.8907,0.2216,-1.1118
4,18.9551,1.8890,0.2203,-1.1107
4,18.9571,1.8874,0.2188,-1.1065
4,18.9591,1.8860,0.2174,-1.1000
4,18.9611,1.8849,0.2163,-1.0926
4,18.9631,1.8843,0.2158,-1.0856
4,18.9651,1.8844,0.2160,-1.0804
4,18.9671,1.8851,0.2168,-1.0779
4,18.9691,1.8864,0.2183,-1.0785
4,18.9711,1.8882,0.2203,-1.0821
4,18.9731,1.8904,0.2226,-1.0878
4,18.9751,1.8926,0.2247,-1.0946
4,18.9771,1.8947,0.2265,-1.1011
4,18.9791,1.8964,0.2277,-1.1060
4,18.9811,1.8975,0.2280,-1.1084
4,18.9831,1.8980,0.2273,-1.1079
4,18.9851,1.8979,0.2259,-1.1047
4,18.9871,1.8972,0.2238,-1.0993
4,18.9891,1.8961,0.2213,-1.0928
4,18.9911,1.8948,0.2187,-1.0866
4,18.9931,1.8934,0.2164,-1.0817
4,18.9951,1.8921,0.2147,-1.0792
4,18.9971,1.8911,0.2136,-1.0796
4,18.9991,1.8904,0.2134,-1.0827
4,19.0011,1.8901,0.2140,-1.0879
4,19.0031,1.8901,0.2153,-1.0943
4,19.0051,1.8902,0.2171,-1.1010
4,19.0071,1.8906,0.2191,-1.1074
4,19.0091,1.8910,0.2211,-1.1133
4,19.0111,1.8915,0.2228,-1.1186
4,19.0131,1.8921,0.2241,-1.1236
4,19.0151,1.8927,0.2247,-1.1285
4,19.0171,1.8934,0.2246,-1.1335
4,19.0191,1.8941,0.2237,-1.1389
4,19.0211,1.8948,0.2222,-1.1449
4,19.0231,1.8956,0.2199,-1.1516
4,19.0251,1.8964,0.2172,-1.1588
4,19.0271,1.8972,0.2141,-1.1664
4,19.0291,1.8981,0.2109,-1.1741
4,19.0311,1.8990,0.2077,-1.1816
4,19.0331,1.8999,0.2049,-1.1886
4,19.0351,1.9009,0.2025,-1.1948
4,19.0371,1.9018,0.2007,-1.2002
4,19.0391,1.9026,0.1997,-1.2048
4,19.0411,1.9034,0.1995,-1.2089
4,19.0431,1.9041,0.2002,-1.2128
4,19.0451,1.9047,0.2016,-1.2168
4,19.0471,1.9051,0.2036,-1.2211
4,19.0491,1.9053,0.2061,-1.2260
4,19.0511,1.9053,0.2088,-1.2315
4,19.0531,1.9049,0.2116,-1.2376
4,19.0551,1.9042,0.2141,-1.2440
4,19.0571,1.9031,0.2163,-1.2504
4,19.0591,1.9017,0.2180,-1.2565
4,19.0611,1.8999,0.2190,-1.2622
4,19.0631,1.8979,0.2194,-1.2671
4,19.0651,1.8956,0.2192,-1.2714
4,19.0671,1.8934,0.2185,-1.2752
4,19.0691,1.8913,0.2175,-1.2787
4,19.0711,1.8894,0.2164,-1.2822
4,19.0731,1.8880,0.2152,-1.2860
4,19.0751,1.8871,0.2143,-1.2903
4,19.0771,1.8867,0.2138,-1.2950
4,19.0791,1.8869,0.2137,-1.3002
4,19.0811,1.8875,0.2142,-1.3057
4,19.0831,1.8887,0.2152,-1.3118
4,19.0851,1.8900,0.2168,-1.3181
4,19.0871,1.8915,0.2187,-1.3231
4,19.0891,1.8928,0.2208,-1.3255
4,19.0911,1.8939,0.2227,-1.3249
4,19.0931,1.8945,0.2244,-1.3213
4,19.0951,1.8947,0.2257,-1.3157
4,19.0971,1.8947,0.2265,-1.3094
4,19.0991,1.8943,0.2267,-1.3038
4,19.1011,1.8939,0.2265,-1.3002
4,19.1031,1.8934,0.2257,-1.2994
4,19.1051,1.8929,0.2246,-1.3017
4,19.1071,1.8925,0.2232,-1.3063
4,19.1091,1.8921,0.2216,-1.3124
4,19.1111,1.8916,0.2200,-1.3183
4,19.1131,1.8911,0.2184,-1.3229
4,19.1151,1.8905,0.2171,-1.3250
4,19.1171,1.8898,0.2160,-1.3242
4,19.1191,1.8892,0.2154,-1.3207
4,19.1211,1.8887,0.2153,-1.3155
4,19.1231,1.8885,0.2157,-1.3097
4,19.1251,1.8886,0.2166,-1.3047
4,19.1271,1.8891,0.2180,-1.3016
4,19.1291,1.8899,0.2196,-1.3012
4,19.1311,1.8911,0.2215,-1.3034
4,19.1331,1.8925,0.2233,-1.3077
4,19.1351,1.8938,0.2249,-1.3135
4,19.1371,1.8950,0.2260,-1.3202
4,19.1391,1.8960,0.2265,-1.3273
4,19.1411,1.8967,0.2264,-1.3345
4,19.1431,1.8971,0.2255,-1.3413
4,19.1451,1.8971,0.2239,-1.3475
4,19.1471,1.8968,0.2217,-1.3532
4,19.1491,1.8963,0.2190,-1.3583
4,19.1511,1.8957,0.2162,-1.3632
4,19.1531,1.8951,0.2133,-1.3680
4,19.1551,1.8947,0.2106,-1.3731
4,19.1571,1.8945,0.2084,-1.3786
4,19.1591,1.8946,0.2068,-1.3847
4,19.1611,1.8950,0.2058,-1.3912
4,19.1631,1.8957,0.2057,-1.3979
4,19.1651,1.8966,0.2062,-1.4047
4,19.1671,1.8976,0.2074,-1.4111
4,19.1691,1.8987,0.2090,-1.4170
4,19.1711,1.8998,0.2110,-1.4224
4,19.1731,1.9007,0.2132,-1.4273
4,19.1751,1.9014,0.2152,-1.4317
4,19.1771,1.9018,0.2170,-1.4361
4,19.1791,1.9019,0.2184,-1.4406
4,19.1811,1.9017,0.2193,-1.4454
4,19.1831,1.9011,0.2195,-1.4508
4,19.1851,1.9003,0.2193,-1.4566
4,19.1871,1.8993,0.2185,-1.4628
4,19.1891,1.8981,0.2173,-1.4691
4,19.1911,1.8967,0.2158,-1.4752
4,19.1931,1.8954,0.2143,-1.4809
4,19.1951,1.8940,0.2129,-1.4861
4,19.1971,1.8928,0.2117,-1.4907
4,19.1991,1.8918,0.2110,-1.4949
4,19.2011,1.8911,0.2107,-1.4989
4,19.2031,1.8907,0.2111,-1.5028
4,19.2051,1.8906,0.2120,-1.5071
4,19.2071,1.8909,0.2135,-1.5118
4,19.2091,1.8914,0.2153,-1.5170
4,19.2111,1.8921,0.2175,-1.5225
4,19.2131,1.8930,0.2199,-1.5291
4,19.2151,1.8938,0.2223,-1.5362
4,19.2171,1.8943,0.2245,-1.5418
4,19.2191,1.8944,0.2265,-1.5445
4,19.2211,1.8940,0.2279,-1.5436
4,19.2231,1.8930,0.2288,-1.5394
4,19.2251,1.8917,0.2291,-1.5331
4,19.2271,1.8902,0.2286,-1.5265
4,19.2291,1.8888,0.2275,-1.5212
4,19.2311,1.8878,0.2259,-1.5189
4,19.2331,1.8872,0.2238,-1.5199
4,19.2351,1.8871,0.2215,-1.5241
4,19.2371,1.8875,0.2192,-1.5302
4,19.2391,1.8881,0.2171,-1.5366
4,19.2411,1.8889,0.2155,-1.5416
4,19.2431,1.8898,0.2144,-1.5437
4,19.2451,1.8906,0.2140,-1.5426
4,19.2471,1.8913,0.2143,-1.5384
4,19.2491,1.8919,0.2151,-1.5323
4,19.2511,1.8926,0.2164,-1.5260
4,19.2531,1.8934,0.2181,-1.5211
4,19.2551,1.8944,0.2199,-1.5189
4,19.2571,1.8954,0.2216,-1.5199
4,19.2591,1.8964,0.2232,-1.5238
4,19.2611,1.8972,0.2244,-1.5296
4,19.2631,1.8976,0.2252,-1.5356
4,19.2651,1.8975,0.2255,-1.5408
4,19.2671,1.8970,0.2253,-1.5448
4,19.2691,1.8960,0.2245,-1.5478
4,19.2711,1.8948,0.2230,-1.5505
4,19.2731,1.8935,0.2209,-1.5539
4,19.2751,1.8923,0.2183,-1.5586
4,19.2771,1.8915,0.2153,-1.5651
4,19.2791,1.8911,0.2120,-1.5731
4,19.2811,1.8911,0.2088,-1.5822
4,19.2831,1.8915,0.2059,-1.5914
4,19.2851,1.8923,0.2033,-1.5998
4,19.2871,1.8934,0.2013,-1.6067
4,19.2891,1.8947,0.2001,-1.6118
4,19.2911,1.8962,0.1995,-1.6152
4,19.2931,1.8978,0.1997,-1.6177
4,19.2951,1.8996,0.2003,-1.6201
4,19.2971,1.9016,0.2014,-1.6233
4,19.2991,1.9035,0.2027,-1.6280
4,19.3011,1.9054,0.2040,-1.6344
4,19.3031,1.9071,0.2052,-1.6422
4,19.3051,1.9083,0.2063,-1.6508
4,19.3071,1.9091,0.2071,-1.6592
4,19.3091,1.9091,0.2077,-1.6666
4,19.3111,1.9084,0.2081,-1.6724
4,19.3131,1.9070,0.2082,-1.6764
4,19.3151,1.9050,0.2082,-1.6791
4,19.3171,1.9026,0.2080,-1.6813
4,19.3191,1.8999,0.2076,-1.6838
4,19.3211,1.8973,0.2072,-1.6875
4,19.3231,1.8949,0.2067,-1.6928
4,19.3251,1.8928,0.2063,-1.6996
4,19.3271,1.8910,0.2062,-1.7074
4,19.3291,1.8897,0.2065,-1.7155
4,19.3311,1.8887,0.2074,-1.7227
4,19.3331,1.8882,0.2088,-1.7286
4,19.3351,1.8879,0.2109,-1.7327
4,19.3371,1.8880,0.2135,-1.7354
4,19.3391,1.8884,0.2163,-1.7373
4,19.3411,1.8891,0.2193,-1.7394
4,19.3431,1.8902,0.2221,-1.7435
4,19.3451,1.8915,0.2246,-1.7497
4,19.3471,1.8927,0.2267,-1.7560
4,19.3491,1.8937,0.2285,-1.7605
4,19.3511,1.8942,0.2299,-1.7618
4,19.3531,1.8941,0.2309,-1.7595
4,19.3551,1.8935,0.2313,-1.7545
4,19.3571,1.8926,0.2309,-1.7484
4,19.3591,1.8916,0.2297,-1.7432
4,19.3611,1.8907,0.2275,-1.7404
4,19.3631,1.8900,0.2245,-1.7409
4,19.3651,1.8897,0.2210,-1.7444
4,19.3671,1.8897,0.2174,-1.7497
4,19.3691,1.8898,0.2141,-1.7550
4,19.3711,1.8900,0.2116,-1.7584
4,19.3731,1.8901,0.2102,-1.7590
4,19.3751,1.8902,0.2100,-1.7564
4,19.3771,1.8903,0.2109,-1.7515
4,19.3791,1.8905,0.2127,-1.7460
4,19.3811,1.8910,0.2150,-1.7416
4,19.3831,1.8919,0.2175,-1.7397
4,19.3851,1.8930,0.2200,-1.7410
4,19.3871,1.8942,0.2223,-1.7450
4,19.3891,1.8954,0.2242,-1.7505
4,19.3911,1.8964,0.2258,-1.7558
4,19.3931,1.8968,0.2271,-1.7592
4,19.3951,1.8966,0.2281,-1.7597
4,19.3971,1.8957,0.2288,-1.7572
4,19.3991,1.8944,0.2289,-1.7526
4,19.4011,1.8927,0.2284,-1.7474
4,19.4031,1.8910,0.2272,-1.7433
4,19.4051,1.8895,0.2253,-1.7415
4,19.4071,1.8884,0.2228,-1.7427
4,19.4091,1.8876,0.2200,-1.7462
4,19.4111,1.8872,0.2173,-1.7510
4,19.4131,1.8871,0.2149,-1.7555
4,19.4151,1.8871,0.2133,-1.7581
4,19.4171,1.8874,0.2127,-1.7580
4,19.4191,1.8877,0.2130,-1.7552
4,19.4211,1.8882,0.2141,-1.7508
4,19.4231,1.8890,0.2159,-1.7460
4,19.4251,1.8900,0.2180,-1.7425
4,19.4271,1.8914,0.2200,-1.7413
4,19.4291,1.8931,0.2219,-1.7429
4,19.4311,1.8948,0.2235,-1.7467
4,19.4331,1.8963,0.2246,-1.7514
4,19.4351,1.8975,0.2255,-1.7556
4,19.4371,1.8981,0.2260,-1.7580
4,19.4391,1.8980,0.2264,-1.7578
4,19.4411,1.8973,0.2264,-1.7551
4,19.4431,1.8961,0.2260,-1.7508
4,19.4451,1.8945,0.2252,-1.7464
4,19.4471,1.8928,0.2240,-1.7432
4,19.4491,1.8913,0.2223,-1.7422
4,19.4511,1.8900,0.2202,-1.7438
4,19.4531,1.8889,0.2181,-1.7473
4,19.4551,1.8882,0.2162,-1.7516
4,19.4571,1.8877,0.2147,-1.7553
4,19.4591,1.8873,0.2141,-1.7572
4,19.4611,1.8871,0.2142,-1.7567
4,19.4631,1.8871,0.2152,-1.7541
4,19.4651,1.8872,0.2167,-1.7501
4,19.4671,1.8877,0.2187,-1.7462
4,19.4691,1.8886,0.2207,-1.7435
4,19.4711,1.8898,0.2226,-1.7430
4,19.4731,1.8913,0.2241,-1.7448
4,19.4751,1.8929,0.2252,-1.7483
4,19.4771,1.8944,0.2258,-1.7524
4,19.4791,1.8956,0.2261,-1.7557
4,19.4811,1.8963,0.2260,-1.7573
4,19.4831,1.8965,0.2257,-1.7565
4,19.4851,1.8962,0.2252,-1.7537
4,19.4871,1.8955,0.2244,-1.7498
4,19.4891,1.8945,0.2232,-1.7460
4,19.4911,1.8934,0.2217,-1.7435
4,19.4931,1.8924,0.2200,-1.7430
4,19.4951,1.8916,0.2181,-1.7447
4,19.4971,1.8910,0.2164,-1.7480
4,19.4991,1.8905,0.2150,-1.7517
4,19.5011,1.8901,0.2141,-1.7547
4,19.5031,1.8897,0.2140,-1.7560
4,19.5051,1.8894,0.2147,-1.7553
4,19.5071,1.8891,0.2161,-1.7527
4,19.5091,1.8890,0.2179,-1.7493
4,19.5111,1.8891,0.2200,-1.7461
4,19.5131,1.8894,0.2220,-1.7442
4,19.5151,1.8900,0.2238,-1.7443
4,19.5171,1.8909,0.2251,-1.7463
4,19.5191,1.8918,0.2260,-1.7496
4,19.5211,1.8927,0.2264,-1.7531
4,19.5231,1.8934,0.2265,-1.7557
4,19.5251,1.8937,0.2262,-1.7566
4,19.5271,1.8937,0.2256,-1.7555
4,19.5291,1.8934,0.2248,-1.7528
4,19.5311,1.8928,0.2238,-1.7493
4,19.5331,1.8922,0.2225,-1.7461
4,19.5351,1.8916,0.2210,-1.7442
4,19.5371,1.8913,0.2193,-1.7441
4,19.5391,1.8911,0.2176,-1.7459
4,19.5411,1.8910,0.2160,-1.7489
4,19.5431,1.8911,0.2149,-1.7520
4,19.5451,1.8913,0.2144,-1.7543
4,19.5471,1.8914,0.2145,-1.7550
4,19.5491,1.8915,0.2153,-1.7540
4,19.5511,1.8915,0.2167,-1.7515
4,19.5531,1.8915,0.2185,-1.7485
4,19.5551,1.8916,0.2204,-1.7459
4,19.5571,1.8918,0.2222,-1.7447
4,19.5591,1.8921,0.2237,-1.7451
4,19.5611,1.8926,0.2248,-1.7472
4,19.5631,1.8929,0.2255,-1.7502
4,19.5651,1.8932,0.2258,-1.7532
4,19.5671,1.8932,0.2257,-1.7553
4,19.5691,1.8929,0.2254,-1.7557
4,19.5711,1.8924,0.2249,-1.7545
4,19.5731,1.8917,0.2241,-1.7520
4,19.5751,1.8909,0.2232,-1.7489
4,19.5771,1.8901,0.2221,-1.7464
4,19.5791,1.8896,0.2208,-1.7450
4,19.5811,1.8893,0.2193,-1.7454
4,19.5831,1.8893,0.2180,-1.7472
4,19.5851,1.8896,0.2168,-1.7498
4,19.5871,1.8900,0.2160,-1.7524
4,19.5891,1.8905,0.2157,-1.7541
4,19.5911,1.8910,0.2160,-1.7544
4,19.5931,1.8915,0.2168,-1.7531
4,19.5951,1.8919,0.2181,-1.7508
4,19.5971,1.8924,0.2195,-1.7481
4,19.5991,1.8928,0.2211,-1.7460
4,19.6011,1.8933,0.2224,-1.7452
4,19.6031,1.8938,0.2235,-1.7458
4,19.6051,1.8942,0.2242,-1.7478
4,19.6071,1.8945,0.2245,-1.7505
4,19.6091,1.8945,0.2245,-1.7530
4,19.6111,1.8943,0.2242,-1.7545
4,19.6131,1.8938,0.2238,-1.7546
4,19.6151,1.8930,0.2233,-1.7533
4,19.6171,1.8920,0.2227,-1.7510
4,19.6191,1.8909,0.2219,-1.7484
4,19.6211,1.8900,0.2211,-1.7464
4,19.6231,1.8892,0.2201,-1.7456
4,19.6251,1.8888,0.2191,-1.7463
4,19.6271,1.8886,0.2182,-1.7481
4,19.6291,1.8887,0.2175,-1.7505
4,19.6311,1.8890,0.2172,-1.7527
4,19.6331,1.8895,0.2172,-1.7540
4,19.6351,1.8900,0.2177,-1.7539
4,19.6371,1.8905,0.2186,-1.7526
4,19.6391,1.8910,0.2198,-1.7504
4,19.6411,1.8916,0.2211,-1.7481
4,19.6431,1.8922,0.2222,-1.7465
4,19.6451,1.8928,0.2232,-1.7460
4,19.6471,1.8935,0.2238,-1.7467
4,19.6491,1.8941,0.2240,-1.7486
4,19.6511,1.8945,0.2239,-1.7509
4,19.6531,1.8948,0.2236,-1.7528
4,19.6551,1.8947,0.2231,-1.7539
4,19.6571,1.8943,0.2225,-1.7537
4,19.6591,1.8936,0.2219,-1.7523
4,19.6611,1.8928,0.2212,-1.7502
4,19.6631,1.8919,0.2205,-1.7480
4,19.6651,1.8910,0.2198,-1.7464
4,19.6671,1.8903,0.2191,-1.7460
4,19.6691,1.8898,0.2185,-1.7469
4,19.6711,1.8896,0.2180,-1.7486
4,19.6731,1.8895,0.2177,-1.7508
4,19.6751,1.8896,0.2177,-1.7526
4,19.6771,1.8898,0.2181,-1.7536
4,19.6791,1.8900,0.2189,-1.7533
4,19.6811,1.8903,0.2199,-1.7521
4,19.6831,1.8905,0.2211,-1.7501
4,19.6851,1.8909,0.2222,-1.7482
4,19.6871,1.8913,0.2232,-1.7470
4,19.6891,1.8918,0.2239,-1.7468
4,19.6911,1.8923,0.2242,-1.7477
4,19.6931,1.8929,0.2242,-1.7494
4,19.6951,1.8933,0.2239,-1.7515
4,19.6971,1.8936,0.2232,-1.7539
4,19.6991,1.8938,0.2224,-1.7563
4,19.7011,1.8939,0.2214,-1.7587
4,19.7031,1.8938,0.2204,-1.7610
4,19.7051,1.8937,0.2194,-1.7632
4,19.7071,1.8934,0.2185,-1.7654
4,19.7091,1.8932,0.2177,-1.7677
4,19.7111,1.8929,0.2172,-1.7701
4,19.7131,1.8927,0.2170,-1.7726
4,19.7151,1.8925,0.2170,-1.7753
4,19.7171,1.8924,0.2173,-1.7780
4,19.7191,1.8923,0.2179,-1.7807
4,19.7211,1.8923,0.2187,-1.7834
4,19.7231,1.8923,0.2197,-1.7859
4,19.7251,1.8923,0.2207,-1.7884
4,19.7271,1.8924,0.2218,-1.7907
4,19.7291,1.8925,0.2227,-1.7930
4,19.7311,1.8925,0.2235,-1.7954
4,19.7331,1.8926,0.2240,-1.7984
4,19.7351,1.8927,0.2241,-1.8018
4,19.7371,1.8927,0.2241,-1.8045
4,19.7391,1.8926,0.2240,-1.8057
4,19.7411,1.8923,0.2238,-1.8050
4,19.7431,1.8919,0.2235,-1.8026
4,19.7451,1.8914,0.2231,-1.7993
4,19.7471,1.8910,0.2226,-1.7963
4,19.7491,1.8908,0.2218,-1.7944
4,19.7511,1.8909,0.2208,-1.7944
4,19.7531,1.8912,0.2196,-1.7960
4,19.7551,1.8917,0.2185,-1.7988
4,19.7571,1.8923,0.2176,-1.8018
4,19.7591,1.8929,0.2170,-1.8038
4,19.7611,1.8935,0.2169,-1.8043
4,19.7631,1.8938,0.2173,-1.8031
4,19.7651,1.8941,0.2180,-1.8006
4,19.7671,1.8943,0.2190,-1.7976
4,19.7691,1.8945,0.2201,-1.7952
4,19.7711,1.8947,0.2210,-1.7941
4,19.7731,1.8949,0.2217,-1.7948
4,19.7751,1.8951,0.2222,-1.7970
4,19.7771,1.8952,0.2225,-1.8000
4,19.7791,1.8952,0.2226,-1.8027
4,19.7811,1.8949,0.2226,-1.8043
4,19.7831,1.8944,0.2226,-1.8044
4,19.7851,1.8936,0.2226,-1.8029
4,19.7871,1.8927,0.2226,-1.8003
4,19.7891,1.8918,0.2224,-1.7976
4,19.7911,1.8910,0.2221,-1.7956
4,19.7931,1.8904,0.2215,-1.7950
4,19.7951,1.8901,0.2208,-1.7960
4,19.7971,1.8900,0.2200,-1.7982
4,19.7991,1.8902,0.2192,-1.8009
4,19.8011,1.8905,0.2187,-1.8030
4,19.8031,1.8908,0.2185,-1.8041
4,19.8051,1.8912,0.2186,-1.8035
4,19.8071,1.8916,0.2190,-1.8017
4,19.8091,1.8921,0.2197,-1.7991
4,19.8111,1.8925,0.2205,-1.7967
4,19.8131,1.8931,0.2212,-1.7952
4,19.8151,1.8938,0.2217,-1.7951
4,19.8171,1.8945,0.2219,-1.7965
4,19.8191,1.8952,0.2220,-1.7988
4,19.8211,1.8957,0.2219,-1.8013
4,19.8231,1.8960,0.2218,-1.8031
4,19.8251,1.8960,0.2217,-1.8036
4,19.8271,1.8957,0.2216,-1.8028
4,19.8291,1.8951,0.2215,-1.8008
4,19.8311,1.8944,0.2214,-1.7983
4,19.8331,1.8936,0.2212,-1.7963
4,19.8351,1.8929,0.2208,-1.7953
4,19.8371,1.8922,0.2203,-1.7957
4,19.8391,1.8918,0.2198,-1.7973
4,19.8411,1.8914,0.2192,-1.7997
4,19.8431,1.8912,0.2189,-1.8019
4,19.8451,1.8910,0.2188,-1.8033
4,19.8471,1.8909,0.2190,-1.8034
4,19.8491,1.8908,0.2195,-1.8022
4,19.8511,1.8908,0.2201,-1.8002
4,19.8531,1.8908,0.2209,-1.7980
4,19.8551,1.8911,0.2217,-1.7964
4,19.8571,1.8915,0.2222,-1.7959
4,19.8591,1.8920,0.2226,-1.7966
4,19.8611,1.8927,0.2227,-1.7984
4,19.8631,1.8934,0.2226,-1.8006
4,19.8651,1.8940,0.2224,-1.8024
4,19.8671,1.8944,0.2221,-1.8033
4,19.8691,1.8946,0.2219,-1.8029
4,19.8711,1.8947,0.2216,-1.8014
4,19.8731,1.8945,0.2214,-1.7993
4,19.8751,1.8942,0.2210,-1.7972
4,19.8771,1.8940,0.2206,-1.7959
4,19.8791,1.8937,0.2201,-1.7957
4,19.8811,1.8935,0.2195,-1.7967
4,19.8831,1.8934,0.2189,-1.7986
4,19.8851,1.8933,0.2184,-1.8008
4,19.8871,1.8932,0.2181,-1.8032
4,19.8891,1.8931,0.2181,-1.8054
4,19.8911,1.8930,0.2182,-1.8076
4,19.8931,1.8929,0.2185,-1.8098
4,19.8951,1.8929,0.2190,-1.8120
4,19.8971,1.8929,0.2195,-1.8144
4,19.8991,1.8929,0.2201,-1.8170
4,19.9011,1.8929,0.2207,-1.8198
4,19.9031,1.8929,0.2213,-1.8227
4,19.9051,1.8929,0.2217,-1.8256
4,19.9071,1.8929,0.2221,-1.8284
4,19.9091,1.8928,0.2223,-1.8310
4,19.9111,1.8926,0.2224,-1.8333
4,19.9131,1.8924,0.2223,-1.8355
4,19.9151,1.8922,0.2221,-1.8377
4,19.9171,1.8920,0.2218,-1.8398
4,19.9191,1.8917,0.2213,-1.8421
4,19.9211,1.8915,0.2208,-1.8446
4,19.9231,1.8913,0.2201,-1.8477
4,19.9251,1.8912,0.2195,-1.8514
4,19.9271,1.8911,0.2190,-1.8544
4,19.9291,1.8909,0.2188,-1.8556
4,19.9311,1.8905,0.2190,-1.8548
4,19.9331,1.8901,0.2194,-1.8522
4,19.9351,1.8898,0.2201,-1.8487
4,19.9371,1.8895,0.2208,-1.8455
4,19.9391,1.8895,0.2213,-1.8438
4,19.9411,1.8897,0.2216,-1.8440
4,19.9431,1.8902,0.2217,-1.8461
4,19.9451,1.8908,0.2215,-1.8494
4,19.9471,1.8914,0.2213,-1.8527
4,19.9491,1.8919,0.2211,-1.8549
4,19.9511,1.8923,0.2210,-1.8553
4,19.9531,1.8924,0.2211,-1.8538
4,19.9551,1.8924,0.2213,-1.8508
4,19.9571,1.8922,0.2215,-1.8475
4,19.9591,1.8921,0.2215,-1.8448
4,19.9611,1.8920,0.2212,-1.8438
4,19.9631,1.8920,0.2208,-1.8446
4,19.9651,1.8922,0.2201,-1.8471
4,19.9671,1.8923,0.2194,-1.8502
4,19.9691,1.8924,0.2188,-1.8530
4,19.9711,1.8923,0.2185,-1.8545
4,19.9731,1.8921,0.2185,-1.8543
4,19.9751,1.8917,0.2188,-1.8523
4,19.9771,1.8913,0.2194,-1.8494
4,19.9791,1.8909,0.2200,-1.8465
4,19.9811,1.8906,0.2206,-1.8446
4,19.9831,1.8905,0.2210,-1.8444
4,19.9851,1.8906,0.2212,-1.8459
4,19.9871,1.8908,0.2213,-1.8486
4,19.9891,1.8910,0.2212,-1.8516
4,19.9911,1.8912,0.2212,-1.8539
4,19.9931,1.8914,0.2213,-1.8547
4,19.9951,1.8913,0.2214,-1.8538
4,19.9971,1.8912,0.2217,-1.8516
4,19.9991,1.8910,0.2219,-1.8487
4,20.0011,1.8908,0.2220,-1.8461
4,20.0031,1.8908,0.2219,-1.8448
4,20.0051,1.8909,0.2215,-1.8451
4,20.0071,1.8911,0.2209,-1.8469
4,20.0091,1.8914,0.2202,-1.8495
4,20.0111,1.8917,0.2195,-1.8521
4,20.0131,1.8920,0.2190,-1.8537
4,20.0151,1.8921,0.2187,-1.8539
4,20.0171,1.8920,0.2188,-1.8525
4,20.0191,1.8919,0.2191,-1.8500
4,20.0211,1.8917,0.2195,-1.8474
4,20.0231,1.8916,0.2200,-1.8454
4,20.0251,1.8916,0.2203,-1.8448
4,20.0271,1.8917,0.2205,-1.8457
4,20.0291,1.8919,0.2205,-1.8478
4,20.0311,1.8921,0.2205,-1.8505
4,20.0331,1.8922,0.2206,-1.8527
4,20.0351,1.8922,0.2207,-1.8539
4,20.0371,1.8920,0.2209,-1.8535
4,20.0391,1.8917,0.2213,-1.8518
4,20.0411,1.8913,0.2216,-1.8494
4,20.0431,1.8909,0.2219,-1.8471
4,20.0451,1.8906,0.2220,-1.8456
4,20.0471,1.8905,0.2218,-1.8455
4,20.0491,1.8904,0.2214,-1.8468
4,20.0511,1.8905,0.2209,-1.8490
4,20.0531,1.8907,0.2203,-1.8514
4,20.0551,1.8909,0.2198,-1.8531
4,20.0571,1.8910,0.2195,-1.8536
4,20.0591,1.8910,0.2195,-1.8527
4,20.0611,1.8910,0.2196,-1.8507
4,20.0631,1.8910,0.2199,-1.8483
4,20.0651,1.8910,0.2202,-1.8464
4,20.0671,1.8912,0.2204,-1.8455
4,20.0691,1.8915,0.2204,-1.8459
4,20.0711,1.8918,0.2204,-1.8475
4,20.0731,1.8922,0.2203,-1.8497
4,20.0751,1.8926,0.2202,-1.8520
4,20.0771,1.8928,0.2202,-1.8540
4,20.0791,1.8930,0.2201,-1.8558
4,20.0811,1.8931,0.2202,-1.8573
4,20.0831,1.8931,0.2202,-1.8590
4,20.0851,1.8931,0.2202,-1.8611
4,20.0871,1.8930,0.2202,-1.8636
4,20.0891,1.8929,0.2202,-1.8666
4,20.0911,1.8928,0.2202,-1.8700
4,20.0931,1.8927,0.2202,-1.8733
4,20.0951,1.8925,0.2202,-1.8765
4,20.0971,1.8922,0.2204,-1.8792
4,20.0991,1.8919,0.2206,-1.8814
4,20.1011,1.8916,0.2209,-1.8833
4,20.1031,1.8913,0.2213,-1.8850
4,20.1051,1.8910,0.2216,-1.8869
4,20.1071,1.8908,0.2218,-1.8892
4,20.1091,1.8907,0.2219,-1.8919
4,20.1111,1.8906,0.2220,-1.8950
4,20.1131,1.8907,0.2219,-1.8988
4,20.1151,1.8908,0.2217,-1.9000
4,20.1171,1.8910,0.2216,-1.9000
4,20.1191,1.8912,0.2214,-1.9000
4,20.1211,1.8914,0.2212,-1.9000
4,20.1231,1.8916,0.2210,-1.9000
4,20.1251,1.8918,0.2208,-1.9000
4,20.1271,1.8919,0.2207,-1.8999
4,20.1291,1.8921,0.2206,-1.8999
4,20.1311,1.8922,0.2206,-1.8998
4,20.1331,1.8922,0.2206,-1.8998
4,20.1351,1.8923,0.2207,-1.8998
4,20.1371,1.8923,0.2208,-1.8998
4,20.1391,1.8922,0.2209,-1.8998
4,20.1411,1.8921,0.2210,-1.8999
4,20.1431,1.8920,0.2212,-1.9000
4,20.1451,1.8918,0.2213,-1.9000
4,20.1471,1.8916,0.2215,-1.9000
4,20.1491,1.8914,0.2216,-1.9000
4,20.1511,1.8912,0.2217,-1.9000
4,20.1531,1.8910,0.2218,-1.8999
4,20.1551,1.8909,0.2218,-1.8999
4,20.1571,1.8907,0.2218,-1.8999
4,20.1591,1.8906,0.2218,-1.8999
4,20.1611,1.8906,0.2217,-1.8999
4,20.1631,1.8906,0.2216,-1.8999
4,20.1651,1.8906,0.2215,-1.8999
4,20.1671,1.8907,0.2213,-1.8999
4,20.1691,1.8908,0.2212,-1.8999
4,20.1711,1.8910,0.2211,-1.8999
4,20.1731,1.8912,0.2210,-1.8999
4,20.1751,1.8914,0.2210,-1.8999
4,20.1771,1.8916,0.2209,-1.8999
4,20.1791,1.8918,0.2209,-1.8999
4,20.1811,1.8920,0.2209,-1.8999
4,20.1831,1.8921,0.2210,-1.8999
4,20.1851,1.8922,0.2210,-1.8999
4,20.1871,1.8923,0.2211,-1.8999
4,20.1891,1.8923,0.2212,-1.8999
4,20.1911,1.8923,0.2212,-1.8999
4,20.1931,1.8922,0.2213,-1.8999
4,20.1951,1.8920,0.2214,-1.8999
4,20.1971,1.8919,0.2214,-1.8999
4,20.1991,1.8917,0.2214,-1.8999
4,20.2011,1.8915,0.2215,-1.8999
4,20.2031,1.8913,0.2215,-1.8999
4,20.2051,1.8911,0.2214,-1.8999
4,20.2071,1.8909,0.2214,-1.8999
4,20.2091,1.8908,0.2214,-1.8999
4,20.2111,1.8907,0.2214,-1.8999
4,20.2131,1.8906,0.2213,-1.8999
4,20.2151,1.8906,0.2213,-1.8999
4,20.2171,1.8907,0.2213,-1.8999
4,20.2191,1.8907,0.2213,-1.8999
4,20.2211,1.8909,0.2213,-1.8999
4,20.2231,1.8910,0.2213,-1.8999
4,20.2251,1.8912,0.2213,-1.8999
4,20.2271,1.8914,0.2213,-1.8999
4,20.2291,1.8916,0.2213,-1.8999
4,20.2311,1.8918,0.2213,-1.8999
4,20.2331,1.8920,0.2213,-1.8999
4,20.2351,1.8921,0.2213,-1.8999
4,20.2371,1.8922,0.2213,-1.8999
4,20.2391,1.8922,0.2213,-1.8999
4,20.2411,1.8922,0.2212,-1.8999
4,20.2431,1.8921,0.2212,-1.8999
4,20.2451,1.8920,0.2212,-1.8999
4,20.2471,1.8919,0.2212,-1.8999
4,20.2491,1.8917,0.2211,-1.8999
4,20.2511,1.8916,0.2211,-1.8999
4,20.2531,1.8914,0.2211,-1.8999
4,20.2551,1.8912,0.2211,-1.8999
4,20.2571,1.8911,0.2212,-1.8999
4,20.2591,1.8909,0.2212,-1.8999
4,20.2611,1.8909,0.2212,-1.8999
4,20.2631,1.8908,0.2213,-1.8999
4,20.2651,1.8907,0.2213,-1.8999
4,20.2671,1.8906,0.2214,-1.8999
4,20.2691,1.8902,0.2213,-1.8999
4,20.2711,1.8895,0.2212,-1.8999
4,20.2731,1.8883,0.2210,-1.8999
4,20.2751,1.8865,0.2207,-1.8999
4,20.2771,1.8841,0.2202,-1.8999
4,20.2791,1.8810,0.2197,-1.8999
4,20.2811,1.8773,0.2192,-1.8999
4,20.2831,1.8729,0.2186,-1.8999
4,20.2851,1.8681,0.2181,-1.8999
4,20.2871,1.8629,0.2177,-1.8999
4,20.2891,1.8574,0.2174,-1.8999
4,20.2911,1.8518,0.2173,-1.8999
4,20.2931,1.8462,0.2173,-1.8999
4,20.2951,1.8408,0.2175,-1.8999
4,20.2971,1.8358,0.2179,-1.8999
4,20.2991,1.8312,0.2185,-1.8999
4,20.3011,1.8271,0.2191,-1.8999
4,20.3031,1.8234,0.2198,-1.8999
4,20.3051,1.8202,0.2204,-1.8999
4,20.3071,1.8176,0.2210,-1.8999
4,20.3091,1.8158,0.2214,-1.8999
4,20.3111,1.8147,0.2217,-1.8999
4,20.3131,1.8146,0.2219,-1.8999
4,20.3151,1.8153,0.2219,-1.8999
4,20.3171,1.8168,0.2218,-1.8999
4,20.3191,1.8189,0.2216,-1.8999
4,20.3211,1.8215,0.2212,-1.8999
4,20.3231,1.8244,0.2207,-1.8999
4,20.3251,1.8276,0.2201,-1.8999
4,20.3271,1.8307,0.2194,-1.8999
4,20.3291,1.8337,0.2187,-1.8999
4,20.3311,1.8363,0.2179,-1.8999
4,20.3331,1.8384,0.2172,-1.8999
4,20.3351,1.8399,0.2165,-1.8999
4,20.3371,1.8407,0.2160,-1.8999
4,20.3391,1.8408,0.2156,-1.8999
4,20.3411,1.8402,0.2154,-1.8999
4,20.3431,1.8390,0.2154,-1.8999
4,20.3451,1.8374,0.2156,-1.8999
4,20.3471,1.8353,0.2159,-1.8999
4,20.3491,1.8329,0.2164,-1.8999
4,20.3511,1.8304,0.2171,-1.8999
4,20.3531,1.8279,0.2179,-1.8999
4,20.3551,1.8255,0.2187,-1.8999
4,20.3571,1.8234,0.2195,-1.8999
4,20.3591,1.8218,0.2203,-1.8999
4,20.3611,1.8206,0.2210,-1.8999
4,20.3631,1.8199,0.2216,-1.8999
4,20.3651,1.8199,0.2219,-1.8999
4,20.3671,1.8203,0.2221,-1.8999
4,20.3691,1.8212,0.2220,-1.8999
4,20.3711,1.8225,0.2217,-1.8999
4,20.3731,1.8241,0.2213,-1.8999
4,20.3751,1.8259,0.2207,-1.8999
4,20.3771,1.8278,0.2201,-1.8999
4,20.3791,1.8297,0.2193,-1.8999
4,20.3811,1.8315,0.2185,-1.8999
4,20.3831,1.8331,0.2177,-1.8999
4,20.3851,1.8344,0.2171,-1.8999
4,20.3871,1.8354,0.2165,-1.8999
4,20.3891,1.8359,0.2161,-1.8999
4,20.3911,1.8360,0.2159,-1.8999
4,20.3931,1.8358,0.2159,-1.8999
4,20.3951,1.8352,0.2160,-1.8999
4,20.3971,1.8343,0.2163,-1.8999
4,20.3991,1.8331,0.2168,-1.8999
4,20.4011,1.8318,0.2173,-1.8999
4,20.4031,1.8304,0.2180,-1.8999
4,20.4051,1.8289,0.2186,-1.8999
4,20.4071,1.8275,0.2192,-1.8999
4,20.4091,1.8261,0.2198,-1.8999
4,20.4111,1.8248,0.2202,-1.8999
4,20.4131,1.8235,0.2204,-1.8999
4,20.4151,1.8223,0.2205,-1.8999
4,20.4171,1.8212,0.2204,-1.8999
4,20.4191,1.8202,0.2201,-1.8999
4,20.4211,1.8192,0.2196,-1.8999
4,20.4231,1.8183,0.2190,-1.8999
4,20.4251,1.8174,0.2184,-1.8999
4,20.4271,1.8165,0.2177,-1.8999
4,20.4291,1.8156,0.2170,-1.8999
4,20.4311,1.8147,0.2163,-1.8999
4,20.4331,1.8138,0.2158,-1.8999
4,20.4351,1.8129,0.2154,-1.8999
4,20.4371,1.8118,0.2151,-1.8999
4,20.4391,1.8108,0.2149,-1.8999
4,20.4411,1.8096,0.2149,-1.8999
4,20.4431,1.8084,0.2150,-1.8999
4,20.4451,1.8071,0.2152,-1.8999
4,20.4471,1.8057,0.2154,-1.8999
4,20.4491,1.8043,0.2157,-1.8999
4,20.4511,1.8030,0.2161,-1.8999
4,20.4531,1.8020,0.2165,-1.8999
4,20.4551,1.8012,0.2169,-1.8999
4,20.4571,1.8006,0.2172,-1.8999
4,20.4591,1.8004,0.2175,-1.8999
4,20.4611,1.8005,0.2177,-1.8999
4,20.4631,1.8008,0.2178,-1.8999
4,20.4651,1.8013,0.2178,-1.8999
4,20.4671,1.8020,0.2177,-1.8999
4,20.4691,1.8028,0.2176,-1.8999
4,20.4711,1.8037,0.2174,-1.8999
4,20.4731,1.8046,0.2171,-1.8999
4,20.4751,1.8055,0.2168,-1.8999
4,20.4771,1.8063,0.2165,-1.8999
4,20.4791,1.8070,0.2161,-1.8999
4,20.4811,1.8076,0.2159,-1.8999
4,20.4831,1.8079,0.2156,-1.8999
4,20.4851,1.8081,0.2154,-1.8999
4,20.4871,1.8081,0.2153,-1.8999
4,20.4891,1.8079,0.2153,-1.8999
4,20.4911,1.8076,0.2154,-1.8999
4,20.4931,1.8073,0.2155,-1.8999
4,20.4951,1.8068,0.2156,-1.8999
4,20.4971,1.8063,0.2158,-1.8999
4,20.4991,1.8058,0.2160,-1.8999
4,20.5011,1.8053,0.2162,-1.8999
4,20.5031,1.8049,0.2164,-1.8999
4,20.5051,1.8045,0.2166,-1.8999
4,20.5071,1.8042,0.2167,-1.8999
4,20.5091,1.8040,0.2168,-1.8999
4,20.5111,1.8039,0.2169,-1.8999
4,20.5131,1.8039,0.2169,-1.8999
4,20.5151,1.8039,0.2169,-1.8999
4,20.5171,1.8039,0.2169,-1.8999
4,20.5191,1.8039,0.2169,-1.8999
4,20.5211,1.8039,0.2169,-1.8999
4,20.5231,1.8039,0.2169,-1.8999
4,20.5251,1.8039,0.2169,-1.8999
4,20.5271,1.8039,0.2169,-1.8999
4,20.5291,1.8039,0.2169,-1.8999
4,20.5311,1.8039,0.2169,-1.8999
4,20.5331,1.8039,0.2169,-1.8999
4,20.5351,1.8039,0.2169,-1.8999
4,20.5371,1.8039,0.2169,-1.8999
4,20.5391,1.8039,0.2169,-1.8999
4,20.5411,1.8039,0.2169,-1.8999
4,20.5431,1.8039,0.2169,-1.8999
4,20.5451,1.8039,0.2169,-1.8999
4,20.5471,1.8039,0.2169,-1.8999
4,20.5491,1.8039,0.2169,-1.8999
4,20.5511,1.8038,0.2168,-1.8999
4,20.5531,1.8036,0.2167,-1.8999
4,20.5551,1.8032,0.2165,-1.8999
4,20.5571,1.8027,0.2162,-1.8999
4,20.5591,1.8018,0.2159,-1.8999
4,20.5611,1.8007,0.2155,-1.8999
4,20.5631,1.7994,0.2150,-1.8999
4,20.5651,1.7978,0.2146,-1.8999
4,20.5671,1.7959,0.2142,-1.8999
4,20.5691,1.7939,0.2138,-1.8999
4,20.5711,1.7917,0.2135,-1.8999
4,20.5731,1.7893,0.2132,-1.8999
4,20.5751,1.7869,0.2131,-1.8999
4,20.5771,1.7844,0.2130,-1.8999
4,20.5791,1.7820,0.2130,-1.8999
4,20.5811,1.7796,0.2132,-1.8999
4,20.5831,1.7774,0.2133,-1.8999
4,20.5851,1.7752,0.2135,-1.8999
4,20.5871,1.7732,0.2137,-1.8999
4,20.5891,1.7716,0.2140,-1.8999
4,20.5911,1.7703,0.2142,-1.8999
4,20.5931,1.7695,0.2144,-1.8999
4,20.5951,1.7691,0.2146,-1.8999
4,20.5971,1.7692,0.2147,-1.8999
4,20.5991,1.7697,0.2148,-1.8999
4,20.6011,1.7706,0.2148,-1.8999
4,20.6031,1.7717,0.2148,-1.8999
4,20.6051,1.7731,0.2147,-1.8999
4,20.6071,1.7746,0.2145,-1.8999
4,20.6091,1.7763,0.2143,-1.8999
4,20.6111,1.7779,0.2141,-1.8999
4,20.6131,1.7795,0.2139,-1.8999
4,20.6151,1.7809,0.2136,-1.8999
4,20.6171,1.7822,0.2133,-1.8999
4,20.6191,1.7831,0.2130,-1.8999
4,20.6211,1.7837,0.2128,-1.8999
4,20.6231,1.7840,0.2126,-1.8999
4,20.6251,1.7839,0.2125,-1.8999
4,20.6271,1.7836,0.2125,-1.8999
4,20.6291,1.7831,0.2125,-1.8999
4,20.6311,1.7823,0.2126,-1.8999
4,20.6331,1.7814,0.2128,-1.8999
4,20.6351,1.7803,0.2130,-1.8999
4,20.6371,1.7792,0.2132,-1.8999
4,20.6391,1.7781,0.2134,-1.8999
4,20.6411,1.7770,0.2136,-1.8999
4,20.6431,1.7760,0.2139,-1.8999
4,20.6451,1.7752,0.2141,-1.8999
4,20.6471,1.7746,0.2142,-1.8999
4,20.6491,1.7741,0.2144,-1.8999
4,20.6511,1.7740,0.2144,-1.8999
4,20.6531,1.7740,0.2145,-1.8999
4,20.6551,1.7742,0.2144,-1.8999
4,20.6571,1.7745,0.2144,-1.8999
4,20.6591,1.7749,0.2143,-1.8999
4,20.6611,1.7754,0.2141,-1.8999
4,20.6631,1.7760,0.2140,-1.8999
4,20.6651,1.7766,0.2139,-1.8999
4,20.6671,1.7773,0.2137,-1.8999
4,20.6691,1.7779,0.2136,-1.8999
4,20.6711,1.7784,0.2135,-1.8999
4,20.6731,1.7789,0.2134,-1.8999
4,20.6751,1.7793,0.2133,-1.8999
4,20.6771,1.7795,0.2133,-1.8999
4,20.6791,1.7796,0.2132,-1.8999
4,20.6811,1.7796,0.2133,-1.8999
4,20.6831,1.7796,0.2133,-1.8999
4,20.6851,1.7795,0.2133,-1.8999
4,20.6871,1.7792,0.2133,-1.8999
4,20.6891,1.7789,0.2133,-1.8999
4,20.6911,1.7784,0.2133,-1.8999
4,20.6931,1.7777,0.2132,-1.8999
4,20.6951,1.7767,0.2131,-1.8999
4,20.6971,1.7754,0.2129,-1.8999
4,20.6991,1.7739,0.2127,-1.8999
4,20.7011,1.7721,0.2125,-1.8999
4,20.7031,1.7701,0.2122,-1.8999
4,20.7051,1.7678,0.2118,-1.8999
4,20.7071,1.7654,0.2115,-1.8999
4,20.7091,1.7629,0.2113,-1.8999
4,20.7111,1.7603,0.2110,-1.8999
4,20.7131,1.7577,0.2108,-1.8999
4,20.7151,1.7551,0.2107,-1.8999
4,20.7171,1.7527,0.2106,-1.8999
4,20.7191,1.7504,0.2106,-1.8999
4,20.7211,1.7484,0.2106,-1.8999
4,20.7231,1.7465,0.2107,-1.8999
4,20.7251,1.7448,0.2108,-1.8999
4,20.7271,1.7434,0.2108,-1.8999
4,20.7291,1.7423,0.2109,-1.8999
4,20.7311,1.7416,0.2110,-1.8999
4,20.7331,1.7413,0.2110,-1.8999
4,20.7351,1.7414,0.2111,-1.8999
4,20.7371,1.7418,0.2111,-1.8999
4,20.7391,1.7425,0.2112,-1.8999
4,20.7411,1.7435,0.2112,-1.8999
4,20.7431,1.7446,0.2112,-1.8999
4,20.7451,1.7459,0.2111,-1.8999
4,20.7471,1.7473,0.2110,-1.8999
4,20.7491,1.7487,0.2110,-1.8999
4,20.7511,1.7500,0.2108,-1.8999
4,20.7531,1.7511,0.2107,-1.8999
4,20.7551,1.7521,0.2105,-1.8999
4,20.7571,1.7528,0.2104,-1.8999
4,20.7591,1.7533,0.2102,-1.8999
4,20.7611,1.7535,0.2101,-1.8999
4,20.7631,1.7534,0.2100,-1.8999
4,20.7651,1.7531,0.2099,-1.8999
4,20.7671,1.7527,0.2099,-1.8999
4,20.7691,1.7521,0.2100,-1.8999
4,20.7711,1.7514,0.2100,-1.8999
4,20.7731,1.7506,0.2101,-1.8999
4,20.7751,1.7497,0.2102,-1.8999
4,20.7771,1.7489,0.2103,-1.8999
4,20.7791,1.7481,0.2104,-1.8999
4,20.7811,1.7474,0.2106,-1.8999
4,20.7831,1.7468,0.2107,-1.8999
4,20.7851,1.7464,0.2108,-1.8999
4,20.7871,1.7461,0.2109,-1.8999
4,20.7891,1.7460,0.2110,-1.8999
4,20.7911,1.7461,0.2110,-1.8999
4,20.7931,1.7462,0.2110,-1.8999
4,20.7951,1.7464,0.2109,-1.8999
4,20.7971,1.7466,0.2109,-1.8999
4,20.7991,1.7469,0.2109,-1.8999
4,20.8011,1.7473,0.2108,-1.8999
4,20.8031,1.7476,0.2107,-1.8999
4,20.8051,1.7480,0.2107,-1.8999
4,20.8071,1.7483,0.2106,-1.8999
4,20.8091,1.7486,0.2106,-1.8999
4,20.8111,1.7489,0.2105,-1.8999
4,20.8131,1.7490,0.2105,-1.8999
4,20.8151,1.7492,0.2105,-1.8999
4,20.8171,1.7492,0.2105,-1.8999
4,20.8191,1.7492,0.2105,-1.8999
4,20.8211,1.7492,0.2105,-1.8999
4,20.8231,1.7492,0.2105,-1.8999
4,20.8251,1.7492,0.2105,-1.8999
4,20.8271,1.7492,0.2105,-1.8999
4,20.8291,1.7491,0.2105,-1.8999
4,20.8311,1.7488,0.2104,-1.8999
4,20.8331,1.7484,0.2103,-1.8999
4,20.8351,1.7477,0.2102,-1.8999
4,20.8371,1.7467,0.2100,-1.8999
4,20.8391,1.7454,0.2097,-1.8999
4,20.8411,1.7439,0.2094,-1.8999
4,20.8431,1.7420,0.2091,-1.8999
4,20.8451,1.7399,0.2088,-1.8999
4,20.8471,1.7376,0.2085,-1.8999
4,20.8491,1.7351,0.2082,-1.8999
4,20.8511,1.7325,0.2080,-1.8999
4,20.8531,1.7298,0.2078,-1.8999
4,20.8551,1.7272,0.2077,-1.8999
4,20.8571,1.7246,0.2077,-1.8999
4,20.8591,1.7221,0.2077,-1.8999
4,20.8611,1.7199,0.2078,-1.8999
4,20.8631,1.7178,0.2080,-1.8999
4,20.8651,1.7159,0.2081,-1.8999
4,20.8671,1.7142,0.2082,-1.8999
4,20.8691,1.7130,0.2084,-1.8999
4,20.8711,1.7121,0.2085,-1.8999
4,20.8731,1.7117,0.2086,-1.8999
4,20.8751,1.7118,0.2087,-1.8999
4,20.8771,1.7122,0.2087,-1.8999
4,20.8791,1.7130,0.2088,-1.8999
4,20.8811,1.7140,0.2087,-1.8999
4,20.8831,1.7153,0.2087,-1.8999
4,20.8851,1.7167,0.2086,-1.8999
4,20.8871,1.7183,0.2085,-1.8999
4,20.8891,1.7198,0.2083,-1.8999
4,20.8911,1.7213,0.2081,-1.8999
4,20.8931,1.7226,0.2079,-1.8999
4,20.8951,1.7238,0.2077,-1.8999
4,20.8971,1.7246,0.2075,-1.8999
4,20.8991,1.7252,0.2074,-1.8999
4,20.9011,1.7254,0.2072,-1.8999
4,20.9031,1.7254,0.2071,-1.8999
4,20.9051,1.7251,0.2071,-1.8999
4,20.9071,1.7246,0.2071,-1.8999
4,20.9091,1.7239,0.2072,-1.8999
4,20.9111,1.7231,0.2073,-1.8999
4,20.9131,1.7222,0.2074,-1.8999
4,20.9151,1.7212,0.2075,-1.8999
4,20.9171,1.7202,0.2077,-1.8999
4,20.9191,1.7192,0.2079,-1.8999
4,20.9211,1.7184,0.2080,-1.8999
4,20.9231,1.7177,0.2082,-1.8999
4,20.9251,1.7172,0.2083,-1.8999
4,20.9271,1.7168,0.2084,-1.8999
4,20.9291,1.7167,0.2085,-1.8999
4,20.9311,1.7167,0.2085,-1.8999
4,20.9331,1.7169,0.2085,-1.8999
4,20.9351,1.7171,0.2084,-1.8999
4,20.9371,1.7175,0.2084,-1.8999
4,20.9391,1.7179,0.2083,-1.8999
4,20.9411,1.7183,0.2082,-1.8999
4,20.9431,1.7188,0.2081,-1.8999
4,20.9451,1.7193,0.2080,-1.8999
4,20.9471,1.7197,0.2080,-1.8999
4,20.9491,1.7201,0.2079,-1.8999
4,20.9511,1.7205,0.2078,-1.8999
4,20.9531,1.7207,0.2078,-1.8999
4,20.9551,1.7209,0.2077,-1.8999
4,20.9571,1.7209,0.2077,-1.8999
4,20.9591,1.7209,0.2077,-1.8999
4,20.9611,1.7209,0.2077,-1.8999
4,20.9631,1.7209,0.2077,-1.8999
4,20.9651,1.7209,0.2077,-1.8999
4,20.9671,1.7209,0.2077,-1.8999
4,20.9691,1.7207,0.2077,-1.8999
4,20.9711,1.7204,0.2077,-1.8999
4,20.9731,1.7199,0.2076,-1.8999
4,20.9751,1.7191,0.2075,-1.8999
4,20.9771,1.7180,0.2073,-1.8999
4,20.9791,1.7166,0.2071,-1.8999
4,20.9811,1.7149,0.2068,-1.8999
4,20.9831,1.7130,0.2066,-1.8999
4,20.9851,1.7108,0.2063,-1.8999
4,20.9871,1.7084,0.2060,-1.8999
4,20.9891,1.7058,0.2058,-1.8999
4,20.9911,1.7031,0.2056,-1.8999
4,20.9931,1.7004,0.2054,-1.8999
4,20.9951,1.6977,0.2054,-1.8999
4,20.9971,1.6951,0.2053,-1.8999
4,20.9991,1.6924,0.2054,-1.8999
4,21.0011,1.6898,0.2054,-1.8999
4,21.0031,1.6872,0.2054,-1.8999
4,21.0051,1.6844,0.2054,-1.8999
4,21.0071,1.6817,0.2053,-1.8999
4,21.0091,1.6790,0.2052,-1.8999
4,21.0111,1.6765,0.2051,-1.8999
4,21.0131,1.6742,0.2050,-1.8999
4,21.0151,1.6721,0.2049,-1.8999
4,21.0171,1.6703,0.2048,-1.8999
4,21.0191,1.6689,0.2047,-1.8999
4,21.0211,1.6678,0.2047,-1.8999
4,21.0231,1.6671,0.2047,-1.8999
4,21.0251,1.6668,0.2047,-1.8999
4,21.0271,1.6669,0.2048,-1.8999
4,21.0291,1.6673,0.2048,-1.8999
4,21.0311,1.6679,0.2049,-1.8999
4,21.0331,1.6688,0.2049,-1.8999
4,21.0351,1.6699,0.2050,-1.8999
4,21.0371,1.6712,0.2051,-1.8999
4,21.0391,1.6727,0.2052,-1.8999
4,21.0411,1.6743,0.2052,-1.8999
4,21.0431,1.6759,0.2052,-1.8999
4,21.0451,1.6777,0.2052,-1.8999
4,21.0471,1.6794,0.2052,-1.8999
4,21.0491,1.6810,0.2052,-1.8999
4,21.0511,1.6826,0.2051,-1.8999
4,21.0531,1.6841,0.2051,-1.8999
4,21.0551,1.6854,0.2050,-1.8999
4,21.0571,1.6865,0.2049,-1.8999
4,21.0591,1.6875,0.2049,-1.8999
4,21.0611,1.6882,0.2048,-1.8999
4,21.0631,1.6886,0.2048,-1.8999
4,21.0651,1.6888,0.2047,-1.8999
4,21.0671,1.6888,0.2047,-1.8999
4,21.0691,1.6886,0.2048,-1.8999
4,21.0711,1.6882,0.2048,-1.8999
4,21.0731,1.6878,0.2048,-1.8999
4,21.0751,1.6872,0.2048,-1.8999
4,21.0771,1.6866,0.2049,-1.8999
4,21.0791,1.6858,0.2049,-1.8999
4,21.0811,1.6850,0.2050,-1.8999
4,21.0831,1.6842,0.2050,-1.8999
4,21.0851,1.6833,0.2050,-1.8999
4,21.0871,1.6824,0.2051,-1.8999
4,21.0891,1.6816,0.2051,-1.8999
4,21.0911,1.6808,0.2051,-1.8999
4,21.0931,1.6800,0.2051,-1.8999
4,21.0951,1.6794,0.2050,-1.8999
4,21.0971,1.6788,0.2050,-1.8999
4,21.0991,1.6784,0.2050,-1.8999
4,21.1011,1.6781,0.2050,-1.8999
4,21.1031,1.6779,0.2050,-1.8999
4,21.1051,1.6778,0.2050,-1.8999
4,21.1071,1.6778,0.2050,-1.8999
4,21.1091,1.6778,0.2050,-1.8999
4,21.1111,1.6777,0.2049,-1.8999
4,21.1131,1.6776,0.2049,-1.8999
4,21.1151,1.6772,0.2048,-1.8999
4,21.1171,1.6767,0.2046,-1.8999
4,21.1191,1.6758,0.2044,-1.8999
4,21.1211,1.6746,0.2040,-1.8999
4,21.1231,1.6729,0.2037,-1.8999
4,21.1251,1.6709,0.2033,-1.8999
4,21.1271,1.6685,0.2028,-1.8999
4,21.1291,1.6655,0.2024,-1.8999
4,21.1311,1.6622,0.2020,-1.8999
4,21.1331,1.6584,0.2016,-1.8999
4,21.1351,1.6542,0.2012,-1.8999
4,21.1371,1.6496,0.2010,-1.8999
4,21.1391,1.6447,0.2007,-1.8999
4,21.1411,1.6395,0.2006,-1.8999
4,21.1431,1.6340,0.2005,-1.8999
4,21.1451,1.6283,0.2005,-1.8999
4,21.1471,1.6225,0.2005,-1.8999
4,21.1491,1.6168,0.2006,-1.8999
4,21.1511,1.6113,0.2007,-1.8999
4,21.1531,1.6060,0.2008,-1.8999
4,21.1551,1.6013,0.2010,-1.8999
4,21.1571,1.5971,0.2012,-1.8999
4,21.1591,1.5933,0.2014,-1.8999
4,21.1611,1.5897,0.2014,-1.8999
4,21.1631,1.5861,0.2013,-1.8999
4,21.1651,1.5823,0.2010,-1.8999
4,21.1671,1.5780,0.2005,-1.8999
4,21.1691,1.5731,0.1997,-1.8999
4,21.1711,1.5671,0.1988,-1.8999
4,21.1731,1.5598,0.1976,-1.8999
4,21.1751,1.5507,0.1963,-1.8999
4,21.1771,1.5394,0.1949,-1.8999
4,21.1791,1.5251,0.1933,-1.8999
4,21.1811,1.5069,0.1916,-1.8999
4,21.1831,1.4846,0.1896,-1.8999
4,21.1851,1.4577,0.1867,-1.8999
4,21.1871,1.4212,0.1817,-1.8999
4,21.1891,1.3610,0.1723,-1.8998
