t_s,grain,x_mm,y_mm,z_mm
0.00,0,8.232,1.980,-9.714
0.00,1,8.516,5.218,0.629
0.00,2,7.777,-6.199,0.447
0.00,3,-3.806,1.228,3.263
0.00,4,8.297,6.071,-1.250
0.00,5,9.208,0.952,0.381
0.00,6,-8.121,-8.104,8.790
0.00,7,4.081,-9.348,0.170
0.00,8,1.582,6.500,-7.524
0.00,9,-6.956,-5.631,7.722
0.00,10,0.355,1.478,-5.074
0.00,11,-8.581,-0.913,-5.619
0.00,12,-7.685,3.212,-6.554
0.00,13,1.535,-4.561,9.139
0.00,14,2.145,-3.708,6.857
0.00,15,-7.648,-5.054,-4.515
0.00,16,-5.615,-4.219,-6.906
0.00,17,7.270,-5.534,-3.387
0.00,18,5.455,3.584,4.657
0.00,19,-5.162,1.838,-0.074
0.00,20,-9.313,-0.731,3.555
0.00,21,-9.581,-7.106,4.282
0.00,22,-2.288,-5.368,-8.938
0.00,23,7.839,-6.202,-5.162
0.00,24,1.607,0.620,-4.154
0.00,25,4.484,1.087,-0.668
0.00,26,-2.593,0.797,-3.185
0.00,27,-0.610,-4.162,7.435
0.00,28,-0.781,5.173,-3.838
0.00,29,-6.478,3.746,-4.691
0.00,30,5.314,-1.209,-3.356
0.00,31,-3.982,-0.713,7.054
0.00,32,6.873,4.755,3.760
0.00,33,-4.544,-7.908,7.715
0.00,34,-1.530,-4.819,6.026
0.00,35,6.509,-3.604,-0.379
0.00,36,-6.185,-5.394,4.459
0.00,37,2.996,-6.111,1.545
0.00,38,-6.751,-7.292,8.624
0.00,39,0.783,-8.038,6.855
0.00,40,-6.954,3.476,7.340
0.00,41,-4.590,2.632,2.284
0.00,42,5.312,2.411,-5.025
0.00,43,9.953,8.149,3.283
0.00,44,-8.462,-8.779,3.191
0.00,45,-4.775,-9.349,-2.251
0.00,46,-5.301,4.938,-6.900
0.00,47,-3.357,-9.915,6.872
0.00,48,-9.968,5.871,-8.176
0.00,49,1.656,6.508,-8.391
0.00,50,9.211,-7.405,-8.823
0.00,51,5.191,-6.163,-2.864
0.00,52,2.388,9.973,-8.782
0.00,53,-4.838,2.783,-3.550
0.00,54,3.694,9.805,-5.012
0.00,55,-9.007,2.303,5.387
0.00,56,3.267,4.408,8.747
0.00,57,9.985,-4.401,3.894
0.00,58,6.065,8.195,-4.216
0.00,59,6.292,-1.549,3.688
0.00,60,-2.394,1.689,8.024
0.00,61,-9.764,4.697,-8.371
0.00,62,-9.582,0.908,8.856
0.00,63,-4.708,3.952,-0.376
0.00,64,-4.841,4.779,5.492
0.00,65,-3.757,-6.539,-7.329
0.00,66,-0.418,9.327,0.924
0.00,67,-1.310,-4.915,-6.679
0.00,68,2.098,8.582,-0.130
0.00,69,-2.583,-1.654,1.316
0.00,70,9.429,4.307,-5.381
0.00,71,-2.408,5.788,6.435
0.00,72,-5.444,-3.077,1.854
0.00,73,-4.237,-6.676,1.453
0.00,74,-1.085,-9.787,-8.582
0.00,75,-9.528,-5.934,4.636
0.00,76,-1.811,5.786,5.311
0.00,77,-6.283,-2.568,-7.781
0.00,78,-0.286,5.764,-7.244
0.00,79,9.441,-2.193,-8.592
0.00,80,-9.184,0.140,-9.383
0.00,81,2.853,2.206,0.649
0.00,82,-1.482,-8.121,7.727
0.00,83,-6.898,2.560,6.937
0.00,84,-2.589,-6.409,-2.710
0.00,85,-3.573,0.779,4.035
0.00,86,5.594,-0.766,4.527
0.00,87,4.338,-9.769,-5.810
0.00,88,-5.545,-1.926,-3.628
0.00,89,1.345,4.325,1.438
0.00,90,5.618,-0.826,-4.204
0.00,91,-2.962,1.762,-5.005
0.00,92,-2.625,0.440,9.253
0.00,93,7.633,-6.245,6.954
0.00,94,-5.062,6.516,-5.196
0.00,95,0.914,-8.606,-7.033
0.00,96,3.425,2.236,9.325
0.00,97,-8.254,-2.231,-4.217
0.00,98,-9.536,-9.038,-3.140
0.00,99,-7.495,-3.818,-0.999
0.00,100,0.371,-1.748,-4.491
0.00,101,8.817,2.154,-9.252
0.00,102,0.898,-3.160,-4.427
0.00,103,5.790,1.760,6.676
0.00,104,-6.389,1.673,7.556
0.00,105,-4.285,-4.686,-4.811
0.00,106,-4.050,8.991,8.344
0.00,107,-7.049,5.216,4.402
0.00,108,7.329,-6.427,2.603
0.00,109,2.232,3.548,9.469
0.00,110,-3.721,9.315,6.105
0.00,111,-3.780,10.029,2.564
0.00,112,1.813,-2.643,-2.391
0.00,113,-6.454,-2.093,-9.212
0.00,114,-4.958,-5.781,-0.001
0.00,115,2.851,1.334,1.284
0.00,116,8.969,-7.375,-2.332
0.00,117,-2.720,-1.893,9.577
0.00,118,-1.375,-1.529,5.805
0.00,119,-7.923,-9.052,-0.477
0.00,120,-2.681,-9.034,-7.963
0.00,121,2.031,-7.823,-2.249
0.00,122,-8.206,1.022,8.233
0.00,123,-2.795,4.656,-1.522
0.00,124,7.573,-0.176,6.475
0.00,125,8.070,7.112,9.587
0.00,126,-1.771,2.334,4.874
0.00,127,2.105,1.363,1.606
0.00,128,9.327,-9.769,1.137
0.00,129,-5.439,-1.821,7.216
0.00,130,0.699,0.288,8.472
0.00,131,-5.058,0.964,-9.778
0.00,132,-5.670,5.694,4.090
0.00,133,-9.497,2.342,-3.613
0.00,134,9.368,7.468,7.959
0.00,135,-1.655,-7.402,-1.871
0.00,136,2.129,2.013,-5.481
0.00,137,-7.323,-5.701,-3.319
0.00,138,2.894,-6.602,0.390
0.00,139,4.166,-9.856,-2.501
0.00,140,1.737,7.050,6.400
0.00,141,2.373,0.302,8.107
0.00,142,-3.934,-3.449,4.332
0.00,143,-7.662,2.797,0.308
0.00,144,2.580,-4.185,-9.364
0.00,145,-2.525,-1.543,-7.359
0.00,146,2.329,-6.777,-3.713
0.00,147,-7.247,-2.507,6.353
0.00,148,-8.362,-8.407,3.516
0.00,149,-2.529,4.175,-6.025
0.00,150,4.384,-4.392,6.917
0.00,151,6.310,4.527,4.637
0.00,152,6.432,-1.889,5.293
0.00,153,-3.329,-3.158,-5.575
0.00,154,-9.894,0.763,-0.792
0.00,155,0.239,3.556,6.090
0.00,156,3.315,8.937,-8.159
0.00,157,6.381,3.855,7.516
0.00,158,-8.542,-4.603,5.248
0.00,159,-0.416,-4.119,-6.219
0.00,160,6.089,-7.208,-1.863
0.00,161,2.836,6.768,-3.467
0.00,162,-8.419,3.703,7.272
0.00,163,3.528,-6.206,-9.835
0.00,164,-8.211,-6.255,0.126
0.00,165,1.601,7.483,7.623
0.00,166,-3.398,1.097,-5.324
0.00,167,1.605,4.145,-4.048
0.00,168,-2.216,-6.254,-4.343
0.00,169,-2.915,-9.565,-8.230
0.00,170,8.271,-2.114,-4.543
0.00,171,3.045,-5.915,-6.720
0.00,172,-7.450,0.804,9.024
0.00,173,0.994,2.030,-0.291
0.00,174,6.999,-0.101,-6.129
0.00,175,8.046,-8.926,0.257
0.00,176,6.798,1.732,8.688
0.00,177,1.687,-1.640,9.589
0.00,178,1.891,-4.773,8.017
0.00,179,1.472,9.085,2.793
0.00,180,-5.013,-5.826,-8.796
0.00,181,7.419,8.012,3.792
0.00,182,-5.386,0.463,6.615
0.00,183,0.385,-9.814,2.645
0.00,184,-7.156,-3.545,0.095
0.00,185,4.023,-4.463,1.897
0.00,186,-9.223,6.019,-9.536
0.00,187,-9.427,-4.575,0.285
0.00,188,5.866,-5.210,-4.676
0.00,189,9.160,1.474,-4.255
0.00,190,-6.249,8.698,5.176
0.00,191,1.466,-1.708,7.172
0.00,192,6.937,7.482,-8.318
0.00,193,-5.902,9.257,-5.209
0.00,194,1.316,-5.800,5.814
0.00,195,-6.099,8.461,-8.843
0.00,196,-8.254,1.210,5.372
0.00,197,-3.852,5.260,4.649
0.00,198,7.321,-6.955,8.039
0.00,199,-7.428,-5.952,2.559
0.00,200,6.990,-5.216,-4.964
0.00,201,2.630,-9.541,-8.253
0.00,202,-0.180,9.561,-4.178
0.00,203,-4.057,-0.781,-7.839
0.00,204,-2.287,-3.335,-3.650
0.00,205,-9.062,7.356,-0.026
0.00,206,4.207,4.003,4.400
0.00,207,-8.268,-7.956,3.156
0.00,208,-8.243,5.355,2.783
0.00,209,5.147,6.304,5.748
0.00,210,-6.273,1.083,9.717
0.00,211,-6.206,2.494,-10.016
0.00,212,7.180,7.832,6.157
0.00,213,-0.861,1.336,-3.032
0.00,214,8.531,-7.447,6.822
0.00,215,3.705,-9.916,5.663
0.00,216,-1.260,8.597,6.829
0.00,217,-4.891,-7.287,6.378
0.00,218,-9.045,-5.265,0.079
0.00,219,2.378,3.992,-3.322
0.00,220,-3.170,-7.852,-2.490
0.00,221,6.075,-5.960,-3.900
0.00,222,-9.213,-3.574,7.066
0.00,223,-9.450,-1.035,-5.229
0.00,224,-6.416,-6.470,5.228
0.00,225,-6.563,-8.031,-4.947
0.00,226,4.829,6.049,-7.923
0.00,227,-5.172,-4.385,-2.683
0.00,228,-4.507,-3.072,-1.897
0.00,229,-8.821,0.330,7.787
0.00,230,-5.229,8.468,1.327
0.00,231,8.870,5.274,-9.459
0.00,232,8.786,8.562,5.506
0.00,233,6.421,-7.892,-10.046
0.00,234,8.031,8.286,-5.805
0.00,235,4.932,8.087,-5.250
0.00,236,-4.542,5.844,2.264
0.00,237,2.451,0.596,-9.633
0.00,238,5.516,-9.408,7.190
0.00,239,-5.460,4.626,-0.796
0.00,240,2.078,-2.701,5.085
0.00,241,6.357,-0.823,-0.211
0.00,242,9.754,-0.387,6.140
0.00,243,9.853,-3.499,-0.915
0.00,244,2.234,-8.854,1.694
0.00,245,-4.651,-0.744,-0.125
0.00,246,-8.176,-3.320,2.315
0.00,247,7.673,-9.013,5.965
0.00,248,-3.346,9.016,10.037
0.00,249,4.867,9.336,-6.403
0.00,250,-2.096,-6.702,-5.095
0.00,251,6.198,9.242,-3.077
0.00,252,-4.676,5.010,-3.301
0.00,253,-6.178,-9.769,8.748
0.00,254,-9.631,3.952,-7.562
0.00,255,0.167,3.819,8.115
0.00,256,-5.784,0.147,-6.228
0.00,257,-6.953,3.728,-8.629
0.00,258,5.854,9.013,-7.801
0.00,259,-4.804,-9.154,2.419
0.00,260,-0.940,-7.028,5.061
0.00,261,1.098,-3.467,-7.473
0.00,262,6.832,-0.728,2.804
0.00,263,-3.915,1.423,-5.595
0.00,264,7.360,3.696,6.731
0.00,265,9.353,-1.596,2.307
0.00,266,-8.897,3.760,-9.807
0.00,267,-6.575,-0.056,-9.256
0.00,268,-8.211,1.538,5.272
0.00,269,1.348,8.603,5.256
0.00,270,0.821,-9.181,0.269
0.00,271,-4.137,-8.939,-3.228
0.00,272,1.855,-4.132,3.225
0.00,273,-3.376,-8.752,-1.861
0.00,274,7.208,1.432,-5.394
0.00,275,0.922,-7.014,-6.179
0.00,276,-1.743,-4.427,7.553
0.00,277,7.043,-4.359,5.917
0.00,278,3.215,-6.000,-6.814
0.00,279,-8.294,-1.440,-9.229
0.00,280,-4.824,-2.760,-3.294
0.00,281,-0.913,-5.540,8.780
0.00,282,-3.999,-1.789,4.678
0.00,283,-7.250,4.940,4.890
0.00,284,3.403,8.280,1.042
0.00,285,5.289,-5.922,-9.081
0.00,286,-3.395,2.434,6.404
0.00,287,0.821,2.110,9.075
0.00,288,0.853,0.919,-7.639
0.00,289,1.925,0.704,-0.928
0.00,290,-8.125,8.606,4.325
0.00,291,-4.839,4.943,3.890
0.00,292,4.876,-9.411,8.572
0.00,293,8.635,-6.041,-1.130
0.00,294,-8.925,-8.604,-0.699
0.00,295,-9.490,7.123,8.638
0.00,296,-4.700,3.727,7.102
0.00,297,2.659,7.104,2.453
0.00,298,8.198,-8.695,-3.213
0.00,299,-1.159,5.714,-9.175
0.00,300,8.841,-8.334,-7.003
0.00,301,4.113,-1.300,2.683
0.00,302,9.442,8.810,-3.246
0.00,303,1.060,1.295,3.021
0.00,304,-3.987,7.462,-4.364
0.00,305,-6.648,8.980,-4.690
0.00,306,7.323,-3.700,3.524
0.00,307,-4.015,7.714,-1.238
0.00,308,-4.235,1.027,-4.947
0.00,309,-7.103,1.849,-9.128
0.00,310,2.605,1.305,-4.813
0.00,311,4.104,-3.769,-1.174
0.00,312,-2.925,-6.707,8.201
0.00,313,4.551,5.445,-9.247
0.00,314,2.068,1.160,-0.207
0.00,315,6.612,1.250,1.938
0.00,316,2.719,-5.510,0.891
0.00,317,-1.394,-2.307,3.605
0.00,318,3.350,-9.121,7.762
0.00,319,-4.844,1.549,-4.314
0.00,320,8.772,-7.064,-3.952
0.00,321,4.491,2.730,7.577
0.00,322,-6.937,-6.748,8.061
0.00,323,-7.152,-2.632,-3.004
0.00,324,5.228,0.565,2.525
0.00,325,-8.787,-6.729,7.704
0.00,326,9.576,-3.428,-3.489
0.00,327,-9.815,-3.931,-7.821
0.00,328,-6.784,8.117,-8.585
0.00,329,6.237,1.049,-1.099
0.00,330,8.507,-4.179,8.899
0.00,331,-5.073,-5.140,-4.402
0.00,332,3.427,-8.440,-6.948
0.00,333,-3.175,4.444,-2.289
0.00,334,-8.925,-0.884,-7.938
0.00,335,8.533,-0.067,5.682
0.00,336,5.188,-5.637,2.406
0.00,337,-2.850,-3.490,1.979
0.00,338,-8.235,0.252,-3.340
0.00,339,-8.734,9.907,8.019
0.00,340,-9.850,-5.869,4.080
0.00,341,0.349,9.416,-3.053
0.00,342,-2.329,9.860,-8.709
0.00,343,6.769,-6.199,8.739
0.00,344,9.404,4.831,0.738
0.00,345,-5.340,-7.738,0.183
0.00,346,-5.999,2.150,-3.243
0.00,347,-9.564,9.541,6.511
0.00,348,-9.781,-5.250,-9.144
0.00,349,-4.439,6.545,-8.010
0.00,350,1.481,-5.813,-8.304
0.00,351,9.218,2.688,1.897
0.00,352,2.180,-5.983,-2.801
0.00,353,6.937,-1.387,2.373
0.00,354,-8.250,2.472,-5.415
0.00,355,4.630,2.087,1.919
0.00,356,-7.215,1.544,-9.507
0.00,357,-0.163,3.299,-2.839
0.00,358,6.945,5.941,8.949
0.00,359,9.192,-9.640,-7.894
0.00,360,-5.204,8.350,1.523
0.00,361,4.731,-0.137,1.781
0.00,362,0.543,-1.274,1.100
0.00,363,9.224,8.872,-6.071
0.00,364,-4.660,3.799,-1.069
0.00,365,9.550,-7.278,4.728
0.00,366,3.673,-1.382,7.742
0.00,367,-8.578,-9.659,-5.326
0.00,368,-6.798,-7.382,7.892
0.00,369,-6.987,3.589,9.703
0.00,370,-8.497,-2.304,9.742
0.00,371,7.590,7.392,9.403
0.00,372,-8.189,4.490,-5.507
0.00,373,-6.219,-0.986,9.316
0.00,374,-2.953,-7.570,9.900
0.00,375,-6.976,-2.958,2.605
0.00,376,9.503,3.617,6.819
0.00,377,-2.396,-4.797,-2.579
0.00,378,9.187,7.251,-6.779
0.00,379,6.964,-0.676,3.508
0.00,380,-3.868,-4.833,-8.235
0.00,381,-2.778,8.072,7.633
0.00,382,8.151,1.903,-5.559
0.00,383,4.749,-7.482,7.982
0.00,384,-5.197,3.428,-1.282
0.00,385,9.459,3.347,-8.515
0.00,386,1.761,4.389,1.356
0.00,387,9.452,9.807,3.635
0.00,388,-2.162,5.514,4.819
0.00,389,-4.617,-6.139,0.208
0.00,390,6.849,-2.356,-1.856
0.00,391,-5.175,5.996,2.696
0.00,392,1.885,-1.141,-3.769
0.00,393,-6.749,-1.593,-1.697
0.00,394,-2.081,-0.509,-1.470
0.00,395,-1.754,4.367,-9.216
0.00,396,-6.904,-2.808,-2.376
0.00,397,5.092,8.284,8.409
0.00,398,4.457,4.730,-7.308
0.00,399,0.827,5.652,-0.862
0.00,400,6.564,0.700,-3.593
0.00,401,-2.367,-2.610,-8.319
0.00,402,-6.320,-5.588,-6.873
0.00,403,7.861,5.081,7.993
0.00,404,-5.186,4.715,-0.085
0.00,405,9.365,-6.235,4.752
0.00,406,-8.097,-9.723,-9.826
0.00,407,-4.449,-7.170,-2.720
0.00,408,-3.026,2.578,8.339
0.00,409,8.619,6.862,-6.736
0.00,410,-6.639,-9.672,-1.848
0.00,411,-9.444,-6.959,-1.623
0.00,412,2.333,-0.534,3.080
0.00,413,0.281,-3.870,-5.229
0.00,414,-8.903,-7.066,-4.258
0.00,415,0.729,-9.742,2.123
0.00,416,-8.706,-0.972,-6.845
0.00,417,-5.220,8.873,-6.448
0.00,418,5.236,5.420,-7.368
0.00,419,-9.872,-9.714,6.526
0.00,420,-6.958,-6.752,7.913
0.00,421,-1.279,9.847,8.204
0.00,422,-2.803,5.962,6.420
0.00,423,-6.401,-4.701,-2.672
0.00,424,1.836,-3.751,-2.012
0.00,425,-5.322,0.920,6.674
0.00,426,-2.334,3.947,-7.180
0.00,427,6.439,8.789,-9.450
0.00,428,9.357,-1.024,4.363
0.00,429,-9.078,4.673,-8.935
0.00,430,6.828,-1.830,8.272
0.00,431,1.404,-2.489,9.910
0.00,432,8.289,-9.985,-0.688
0.00,433,9.899,3.852,3.800
0.00,434,-9.031,1.862,1.587
0.00,435,5.155,3.302,5.887
0.00,436,-0.296,-3.741,-6.851
0.00,437,-8.171,-6.349,7.781
0.00,438,-3.821,-3.402,2.950
0.00,439,4.238,-0.348,-3.943
0.00,440,7.628,3.027,1.953
0.00,441,-4.417,1.382,-5.854
0.00,442,-6.280,-5.317,2.477
0.00,443,4.336,0.443,-9.480
0.00,444,2.930,-5.840,-2.869
0.00,445,-2.540,7.048,1.169
0.00,446,-1.300,-9.953,2.250
0.00,447,0.353,0.585,-1.114
0.00,448,-9.092,3.744,3.717
0.00,449,-4.579,-3.837,3.110
0.00,450,-6.210,8.277,2.493
0.00,451,-1.403,-9.041,-1.295
0.00,452,-5.602,0.636,-0.772
0.00,453,-4.353,3.923,-9.153
0.00,454,2.864,2.998,0.103
0.00,455,-7.223,7.915,-4.448
0.00,456,1.409,2.417,7.914
0.00,457,7.692,1.976,4.528
0.00,458,-2.012,-0.999,-9.095
0.00,459,-9.966,-5.852,6.627
0.00,460,5.162,9.797,-3.600
0.00,461,0.367,-9.957,-2.761
0.00,462,-3.155,-9.671,8.167
0.00,463,6.352,5.158,-8.221
0.00,464,-1.393,6.947,-1.812
0.00,465,-8.431,8.284,-1.141
0.00,466,1.540,0.246,-9.593
0.00,467,-1.655,9.054,2.195
0.00,468,-9.430,2.774,4.891
0.00,469,-2.158,-0.478,4.295
0.00,470,-0.460,-3.546,-5.719
0.00,471,-5.148,-4.939,-2.690
0.00,472,3.605,-9.291,-8.790
0.00,473,-5.810,2.621,-9.613
0.00,474,-8.888,0.315,6.180
0.00,475,-8.283,-8.864,9.544
0.00,476,-1.625,-8.665,8.366
0.00,477,2.388,-4.567,-4.538
0.00,478,-7.767,-0.493,-5.092
0.00,479,5.860,6.935,2.338
0.00,480,-5.973,7.295,8.000
0.00,481,-5.353,3.113,0.877
0.00,482,0.730,4.054,0.159
0.00,483,8.499,-4.660,-5.429
0.00,484,-4.548,-7.467,0.748
0.00,485,8.550,-8.837,5.999
0.00,486,-7.322,-1.902,-1.147
0.00,487,6.556,5.093,5.794
0.00,488,-8.674,3.280,-1.076
0.00,489,9.199,-9.718,9.058
0.00,490,7.721,-7.761,-9.796
0.00,491,-9.664,-8.009,-6.727
0.00,492,6.687,4.769,-5.850
0.00,493,-0.820,-5.716,-5.117
0.00,494,8.220,0.208,3.301
0.00,495,-7.758,-9.595,-9.276
0.00,496,-7.626,-3.672,0.874
0.00,497,-6.073,8.848,-2.015
0.00,498,3.529,9.877,-2.807
0.00,499,6.544,4.027,-7.330
0.00,500,5.570,5.296,-8.849
0.00,501,6.420,6.738,0.121
0.00,502,4.739,-9.138,8.035
0.00,503,-8.143,-3.569,-2.371
0.00,504,-1.102,4.665,-2.173
0.00,505,3.763,-3.797,4.355
0.00,506,0.221,0.702,-0.859
0.00,507,4.424,0.180,2.289
0.00,508,0.515,-6.705,-3.769
0.00,509,9.298,0.022,-2.733
0.00,510,-3.947,2.016,-3.067
0.00,511,-7.946,-8.899,-5.358
0.00,512,5.625,-7.182,-4.835
0.00,513,5.649,-4.621,-1.551
0.00,514,5.323,6.012,1.514
0.00,515,-8.719,5.966,-0.787
0.00,516,-9.524,9.600,3.268
0.00,517,0.311,-10.010,5.293
0.00,518,2.305,-3.114,6.035
0.00,519,7.791,1.800,-7.472
0.00,520,-2.952,-5.559,-5.718
0.00,521,-9.251,-7.488,-4.044
0.00,522,1.988,-2.884,-2.997
0.00,523,-5.103,7.176,-9.184
0.00,524,0.198,-3.957,-8.965
0.00,525,-6.395,-0.388,7.452
0.00,526,-4.981,-2.910,3.709
0.00,527,5.209,5.917,7.300
0.00,528,9.999,-3.198,-5.188
0.00,529,2.061,3.252,3.722
0.00,530,-3.648,-6.796,2.479
0.00,531,-3.991,2.422,6.539
0.00,532,1.296,-2.866,4.771
0.00,533,7.991,-6.529,-8.090
0.00,534,5.141,-1.090,4.550
0.00,535,1.212,6.510,8.631
0.00,536,-3.236,1.539,9.579
0.00,537,5.153,-7.072,-6.356
0.00,538,6.363,4.823,-5.970
0.00,539,0.379,4.598,5.437
0.00,540,-1.304,-3.827,-3.347
0.00,541,4.336,-1.879,-1.626
0.00,542,7.449,4.840,-7.876
0.00,543,9.699,-3.461,1.006
0.00,544,-7.505,-3.934,2.482
0.00,545,-7.336,1.623,6.442
0.00,546,0.645,5.277,-2.432
0.00,547,4.686,-8.792,3.354
0.00,548,-6.734,-7.999,-3.853
0.00,549,-4.684,2.642,1.741
0.00,550,9.414,-7.928,-3.907
0.00,551,-1.244,7.992,2.714
0.00,552,-5.759,0.755,-1.341
0.00,553,-5.441,-1.530,-2.343
0.00,554,9.358,-2.536,-5.146
0.00,555,-9.808,2.856,1.275
0.00,556,-0.791,-8.302,5.302
0.00,557,2.672,1.155,-2.055
0.00,558,2.410,7.017,1.196
0.00,559,-3.208,6.552,-1.889
0.00,560,1.388,4.924,-8.368
0.00,561,2.012,7.730,-9.152
0.00,562,7.175,-4.734,7.492
0.00,563,-4.328,8.894,-5.499
0.00,564,-8.416,5.129,-9.347
0.00,565,-2.634,-2.008,-3.513
0.00,566,-6.942,-5.975,4.545
0.00,567,-4.634,1.787,-3.500
0.00,568,3.453,-4.922,2.275
0.00,569,-3.507,9.194,-7.395
0.00,570,-8.933,-2.078,5.371
0.00,571,8.396,-4.469,-4.249
0.00,572,8.184,5.826,7.044
0.00,573,7.598,7.105,8.396
0.00,574,1.557,-5.606,6.486
0.00,575,-3.361,-1.930,8.209
0.00,576,-0.071,-2.317,-7.075
0.00,577,-3.143,-1.782,6.519
0.00,578,3.562,5.933,-6.692
0.00,579,6.804,-0.179,0.442
0.00,580,1.941,6.919,-8.083
0.00,581,-6.533,-7.466,-7.594
0.00,582,-5.264,-4.053,-5.185
0.00,583,4.875,4.651,5.595
0.00,584,8.989,-9.565,3.771
0.00,585,9.917,-3.003,-8.331
0.00,586,-2.428,-5.072,0.984
0.00,587,-9.447,-9.326,9.140
0.00,588,-0.644,-8.454,3.938
0.00,589,3.754,-0.164,9.711
0.00,590,3.478,6.221,-3.002
0.00,591,7.040,-6.850,1.186
0.00,592,8.883,7.135,0.908
0.00,593,-2.247,-4.519,5.273
0.00,594,-0.241,5.989,0.280
0.00,595,2.179,-0.547,-0.367
0.00,596,-7.085,8.270,-9.914
0.00,597,-2.717,3.221,5.877
0.00,598,-8.949,-8.045,-2.732
0.00,599,0.970,6.496,-6.524
0.00,600,8.352,6.391,-3.999
0.00,601,4.949,-9.171,7.351
0.00,602,-6.569,-9.387,-0.972
0.00,603,-4.649,3.112,-2.848
0.00,604,9.464,0.594,-8.162
0.00,605,-8.772,-8.346,-2.272
0.00,606,9.421,-0.148,-5.380
0.00,607,-1.526,-6.954,-5.620
0.00,608,8.465,3.142,-4.753
0.00,609,-8.590,-3.370,7.772
0.00,610,-5.508,-0.573,8.292
0.00,611,9.085,4.136,-1.074
0.00,612,2.134,-3.791,8.151
0.00,613,2.026,-1.014,5.079
0.00,614,7.076,0.468,0.055
0.00,615,-3.126,7.835,8.031
0.00,616,0.532,-0.972,7.232
0.00,617,1.097,-0.324,-2.594
0.00,618,-8.938,0.665,5.572
0.00,619,1.033,-1.055,9.153
0.00,620,-4.451,0.453,7.028
0.00,621,4.253,-3.457,-8.158
0.00,622,-8.355,-1.304,2.358
0.00,623,1.103,-6.535,-3.194
0.00,624,2.589,8.761,-10.048
0.00,625,1.278,-3.021,9.909
0.00,626,5.992,-6.316,-9.452
0.00,627,6.394,-2.674,7.410
0.00,628,-8.275,1.448,-1.080
0.00,629,-6.458,-8.464,9.635
0.00,630,-2.638,-4.637,5.687
0.00,631,0.709,-5.918,-3.386
0.00,632,-4.324,5.879,1.123
0.00,633,-8.390,-2.727,7.219
0.00,634,-0.920,9.704,-9.847
0.00,635,8.194,-3.058,-7.398
0.00,636,9.220,1.429,-6.993
0.00,637,-0.306,8.376,-7.744
0.00,638,3.966,0.386,5.295
0.00,639,-6.202,3.271,6.104
0.00,640,-3.135,3.432,-0.124
0.00,641,-3.856,-1.542,7.822
0.00,642,5.785,8.616,7.990
0.00,643,7.386,9.287,5.006
0.00,644,8.823,0.336,-7.095
0.00,645,6.693,-2.407,-9.226
0.00,646,0.109,-0.206,-9.378
0.00,647,4.354,-0.342,-7.257
0.00,648,-0.978,4.428,-1.900
0.00,649,1.855,4.888,-6.385
0.00,650,-0.156,3.566,3.120
0.00,651,8.993,7.941,-4.682
0.00,652,-3.418,-3.833,-4.441
0.00,653,-2.417,-4.165,6.833
0.00,654,-2.706,-6.085,-0.945
0.00,655,7.420,-3.167,1.619
0.00,656,2.004,-8.186,5.317
0.00,657,-7.907,-0.875,2.328
0.00,658,1.402,2.959,-7.827
0.00,659,5.479,0.792,-4.392
0.00,660,8.467,-4.763,2.267
0.00,661,-6.486,-0.317,-8.355
0.00,662,9.225,0.505,-4.926
0.00,663,3.226,1.568,-3.531
0.00,664,7.340,1.494,7.709
0.00,665,-1.828,4.350,4.183
0.00,666,-4.735,7.998,-2.887
0.00,667,-5.541,8.996,9.602
0.00,668,6.437,7.927,3.467
0.00,669,1.142,-4.722,-2.848
0.00,670,-6.194,-9.583,8.839
0.00,671,4.752,2.431,-1.289
0.00,672,7.211,-3.504,-1.778
0.00,673,8.450,-7.550,-8.824
0.00,674,-1.105,6.537,-4.972
0.00,675,-9.348,-8.448,-7.226
0.00,676,4.056,9.544,-2.788
0.00,677,6.368,-4.619,-0.101
0.00,678,-0.364,-4.209,3.779
0.00,679,4.923,6.490,-7.474
0.00,680,-4.842,3.423,-5.541
0.00,681,-4.488,-8.319,-4.373
0.00,682,-2.044,6.117,2.810
0.00,683,7.862,7.529,1.051
0.00,684,4.761,-3.784,0.929
0.00,685,-8.888,-1.289,1.837
0.00,686,-3.931,-4.171,-6.357
0.00,687,3.535,5.240,9.841
0.00,688,8.371,5.908,-2.167
0.00,689,7.639,3.334,-7.841
0.00,690,-6.157,-7.086,-2.390
0.00,691,-8.870,2.281,-2.843
0.00,692,-7.592,-2.385,9.736
0.00,693,5.383,6.651,1.150
0.00,694,-6.592,9.881,4.543
0.00,695,-9.267,1.696,-0.659
0.00,696,-7.982,-0.494,5.797
0.00,697,-4.563,-2.468,-0.312
0.00,698,-4.287,6.749,-9.454
0.00,699,-2.759,8.088,-7.049
0.00,700,-4.757,-0.389,8.450
0.00,701,4.551,-6.321,4.498
0.00,702,-6.858,7.555,4.695
0.00,703,-2.530,-3.559,8.691
0.00,704,0.010,5.099,-2.365
0.00,705,4.809,7.298,8.997
0.00,706,1.255,-6.679,-2.100
0.00,707,-8.907,9.206,-5.031
0.00,708,6.763,-1.475,8.156
0.00,709,3.326,1.626,-7.009
0.00,710,9.726,-7.762,-1.441
0.00,711,1.727,8.460,0.876
0.00,712,9.987,-6.542,-8.013
0.00,713,-8.609,-4.005,-8.800
0.00,714,6.495,-4.034,8.317
0.00,715,-4.364,-7.247,5.673
0.00,716,-9.453,2.672,9.764
0.00,717,-8.389,-9.405,5.598
0.00,718,8.069,6.609,-4.654
0.00,719,1.767,-5.493,1.242
0.00,720,0.560,5.289,1.958
0.00,721,7.224,7.887,0.363
0.00,722,-9.464,-8.536,-1.721
0.00,723,7.750,0.117,-6.458
0.00,724,-0.247,5.137,5.196
0.00,725,1.841,5.449,-6.697
0.00,726,3.233,-1.403,-8.156
0.00,727,0.818,-6.984,3.954
0.00,728,-7.429,-7.371,4.665
0.00,729,-7.453,7.712,9.694
0.00,730,-4.546,8.520,0.496
0.00,731,-6.879,-3.777,9.745
0.00,732,5.021,2.395,0.252
0.00,733,-1.408,-0.559,-3.447
0.00,734,1.468,7.990,5.675
0.00,735,7.157,-4.811,6.927
0.00,736,-7.475,5.149,-6.231
0.00,737,7.881,-0.460,9.308
0.00,738,-1.600,-8.849,5.457
0.00,739,6.828,9.504,8.645
0.00,740,-2.969,9.035,-7.408
0.00,741,-1.605,-5.753,0.423
0.00,742,7.748,-5.891,7.484
0.00,743,-3.710,-9.846,0.693
0.00,744,-1.376,1.724,8.251
0.00,745,2.385,0.238,9.515
0.00,746,-5.743,-2.870,-9.265
0.00,747,8.646,-5.801,1.803
0.00,748,-5.266,5.739,-3.803
0.00,749,-2.435,-3.154,-3.127
0.00,750,-2.868,3.113,2.710
0.00,751,-9.344,9.694,6.021
0.00,752,-0.399,-8.332,6.408
0.00,753,6.237,-2.723,2.664
0.00,754,-0.171,0.563,6.132
0.00,755,-3.726,-0.781,-4.862
0.00,756,3.200,-6.749,7.764
0.00,757,4.657,5.587,-6.814
0.00,758,3.532,6.591,9.761
0.00,759,-6.395,-8.134,-7.598
0.00,760,8.854,-4.886,-0.563
0.00,761,-4.143,8.762,-9.290
0.00,762,6.917,1.799,-0.531
0.00,763,7.840,-4.437,-1.972
0.00,764,-0.750,2.510,-6.915
0.00,765,6.707,-7.856,4.949
0.00,766,4.575,-2.341,4.582
0.00,767,-0.928,-0.319,-4.773
0.00,768,-8.092,2.476,-5.283
0.00,769,7.723,1.700,-1.126
0.00,770,1.679,-7.707,-3.299
0.00,771,6.859,2.060,3.882
0.00,772,-1.546,7.591,-5.441
0.00,773,-4.365,7.837,-9.337
0.00,774,-6.195,-5.334,3.334
0.00,775,3.561,3.765,3.366
0.00,776,-5.351,0.418,4.602
0.00,777,-6.664,-6.527,0.719
0.00,778,3.384,6.429,-4.250
0.00,779,-1.547,7.743,-6.375
0.00,780,5.076,9.306,-0.007
0.00,781,-9.738,7.804,3.068
0.00,782,7.014,-4.192,5.857
0.00,783,8.896,5.910,7.683
0.00,784,1.865,9.678,5.256
0.00,785,5.286,9.953,7.551
0.00,786,9.392,8.295,-3.670
0.00,787,-4.025,4.569,7.908
0.00,788,4.702,-3.826,6.109
0.00,789,-2.987,4.070,0.882
0.00,790,-6.046,7.078,-5.587
0.00,791,1.950,-8.662,1.325
0.00,792,0.870,3.510,-0.403
0.00,793,-6.640,-1.918,9.786
0.00,794,-7.093,0.324,9.274
0.00,795,7.388,2.053,-1.182
0.00,796,6.912,7.214,8.810
0.00,797,6.367,8.614,-1.402
0.00,798,-2.510,-3.359,-9.935
0.00,799,-2.160,2.219,-6.744
0.00,800,-1.557,-3.775,9.857
0.00,801,1.608,2.336,-4.606
0.00,802,-5.661,-8.774,3.676
0.00,803,1.618,-5.424,3.080
0.00,804,-6.110,-7.491,-8.505
0.00,805,8.387,4.511,-7.469
0.00,806,4.181,-2.970,9.812
0.00,807,-5.630,-8.905,8.222
0.00,808,-3.812,-0.998,-4.576
0.00,809,6.399,-4.325,-7.662
0.00,810,1.332,-2.813,1.808
0.00,811,6.224,9.099,9.486
0.00,812,3.694,1.095,1.125
0.00,813,-8.191,-9.194,9.809
0.00,814,-5.702,8.287,-9.905
0.00,815,4.292,-9.008,7.940
0.00,816,-8.689,2.413,-8.686
0.00,817,-4.139,-6.475,2.927
0.00,818,9.495,-9.955,-5.365
0.00,819,-0.624,4.265,8.956
0.00,820,-8.794,-9.089,5.525
0.00,821,0.101,2.542,-4.645
0.00,822,-8.676,7.340,-8.730
0.00,823,-4.861,6.016,-3.994
0.00,824,6.213,8.246,-2.206
0.00,825,-7.902,7.423,3.152
0.00,826,-1.635,4.109,5.129
0.00,827,3.740,-6.629,-7.906
0.00,828,-6.361,6.495,-7.736
0.00,829,3.797,4.328,-5.828
0.00,830,-5.087,-0.531,-1.396
0.00,831,2.553,8.943,6.214
0.00,832,5.920,2.866,8.879
0.00,833,-7.044,6.092,-3.737
0.00,834,-4.943,1.295,9.670
0.00,835,2.519,9.531,3.870
0.00,836,6.737,0.963,6.801
0.00,837,1.522,-1.983,-4.340
0.00,838,2.667,4.152,1.542
0.00,839,5.063,6.710,2.725
0.00,840,2.666,-6.924,7.458
0.00,841,-1.492,7.098,2.413
0.00,842,8.183,4.641,-5.911
0.00,843,5.445,10.001,3.956
0.00,844,-8.898,7.574,-4.710
0.00,845,4.921,2.861,-0.310
0.00,846,8.956,2.221,5.967
0.00,847,5.659,5.567,7.564
0.00,848,-3.465,-4.836,-9.606
0.00,849,-0.445,-7.894,-3.970
0.00,850,2.035,3.182,5.396
0.00,851,-9.251,5.286,2.409
0.00,852,4.336,9.322,9.926
0.00,853,8.677,-5.763,-2.512
0.00,854,-8.093,-0.711,1.991
0.00,855,2.653,-7.074,5.040
0.00,856,-2.979,-1.017,-5.181
0.00,857,-2.347,-0.327,-1.669
0.00,858,4.856,8.212,-2.525
0.00,859,-2.154,0.935,0.978
0.00,860,-9.891,-0.129,-0.637
0.00,861,-6.094,-2.237,4.643
0.00,862,1.471,0.878,2.914
0.00,863,-0.188,2.417,-9.636
0.00,864,3.619,-6.048,-3.774
0.00,865,-9.184,-2.150,-3.207
0.00,866,-2.339,1.482,3.164
0.00,867,-3.555,-7.824,4.601
0.00,868,5.406,-3.593,9.844
0.00,869,-5.809,7.935,9.907
0.00,870,-8.065,8.587,4.535
0.00,871,7.091,-8.080,7.224
0.00,872,-6.748,8.744,0.493
0.00,873,-9.747,2.967,7.673
0.00,874,-9.670,1.505,-10.034
0.00,875,-5.061,-1.323,-3.012
0.00,876,-3.595,1.350,8.666
0.00,877,-0.850,3.617,8.861
0.00,878,3.484,5.012,-8.210
0.00,879,5.522,5.533,2.666
0.00,880,0.071,-3.277,-5.402
0.00,881,7.604,3.163,0.885
0.00,882,-6.170,0.002,-0.844
0.00,883,6.698,-7.939,-9.935
0.00,884,7.731,-3.440,-3.233
0.00,885,-1.571,5.127,-3.489
0.00,886,3.663,-4.557,-2.071
0.00,887,1.675,-4.792,-0.565
0.00,888,7.578,-5.793,-2.098
0.00,889,-9.465,-9.147,-4.917
0.00,890,-8.729,-6.208,-8.349
0.00,891,-0.951,5.125,3.805
0.00,892,-8.264,9.096,-0.986
0.00,893,-8.086,-1.681,1.085
0.00,894,-4.049,-0.284,3.024
0.00,895,-8.343,5.150,3.844
0.00,896,7.606,1.803,7.725
0.00,897,-0.873,1.827,-9.168
0.00,898,5.999,-4.064,-8.104
0.00,899,9.146,7.562,-1.681
0.00,900,-8.402,-1.183,-9.029
0.00,901,4.320,7.850,4.065
0.00,902,-1.431,1.157,1.292
0.00,903,1.436,-6.795,3.266
0.00,904,-8.500,-0.936,-9.894
0.00,905,3.675,-7.668,0.028
0.00,906,8.894,-5.207,9.113
0.00,907,2.696,-5.767,9.086
0.00,908,6.873,-2.352,8.807
0.00,909,4.123,-7.668,0.922
0.00,910,4.598,-6.284,-8.167
0.00,911,-5.908,3.978,-8.093
0.00,912,5.074,3.118,-2.767
0.00,913,2.868,-0.940,4.243
0.00,914,-1.090,4.019,4.980
0.00,915,6.326,2.651,-5.208
0.00,916,-6.135,5.654,2.123
0.00,917,-7.083,-4.908,-5.828
0.00,918,1.098,4.147,-8.077
0.00,919,-7.700,-0.109,-1.116
0.00,920,8.486,2.592,5.176
0.00,921,4.024,-1.934,9.248
0.00,922,-1.157,0.901,2.406
0.00,923,-2.196,7.043,-8.647
0.00,924,-3.377,3.609,-8.534
0.00,925,6.225,9.552,4.636
0.00,926,-7.839,7.447,-9.223
0.00,927,-2.690,8.394,-3.904
0.00,928,-5.381,-3.301,6.115
0.00,929,8.545,-1.349,1.128
0.00,930,2.280,-8.957,-6.474
0.00,931,-6.352,9.819,-7.935
0.00,932,-3.428,-3.487,-5.279
0.00,933,6.905,-2.740,3.644
0.00,934,-0.734,-2.714,5.562
0.00,935,7.766,5.158,-2.585
0.00,936,-7.587,3.553,2.652
0.00,937,-0.856,-8.469,-3.417
0.00,938,0.184,4.720,6.890
0.00,939,6.872,-0.429,-5.746
0.00,940,-2.518,-5.803,-5.194
0.00,941,-1.873,2.966,-7.644
0.00,942,7.626,9.528,-3.441
0.00,943,2.332,5.571,-5.601
0.00,944,1.895,9.286,-9.994
0.00,945,6.634,4.782,-7.476
0.00,946,-2.813,-0.102,2.132
0.00,947,-8.823,2.056,4.293
0.00,948,6.227,8.310,-7.962
0.00,949,-1.184,8.474,-4.231
0.00,950,1.187,-5.028,2.901
0.00,951,1.278,9.002,-4.329
0.00,952,-6.559,-8.325,-3.871
0.00,953,3.732,6.740,1.007
0.00,954,1.458,-1.557,-8.233
0.00,955,-7.336,-2.446,5.814
0.00,956,-4.117,7.291,-6.054
0.00,957,8.765,-9.563,6.525
0.00,958,-3.142,-5.455,-0.891
0.00,959,-9.893,2.863,-0.673
0.00,960,-10.014,3.446,-6.266
0.00,961,9.804,9.199,1.339
0.00,962,2.072,7.172,1.937
0.00,963,-2.116,-8.367,-6.144
0.00,964,-0.000,-0.378,-9.963
0.00,965,7.529,9.529,-3.646
0.00,966,9.177,-0.163,5.706
0.00,967,-6.194,9.965,9.772
0.00,968,3.329,-6.109,3.632
0.00,969,-0.308,4.810,-7.519
0.00,970,8.211,1.711,8.615
0.00,971,8.896,-3.581,-0.535
0.00,972,1.367,-3.315,-3.536
0.00,973,-5.790,6.877,-5.402
0.00,974,10.016,-4.361,4.210
0.00,975,7.409,-6.251,-5.134
0.00,976,7.388,6.477,-1.027
0.00,977,0.669,-0.028,-8.928
0.00,978,-0.830,-5.908,8.984
0.00,979,-8.579,-0.183,9.358
0.00,980,-2.848,6.466,-4.120
0.00,981,-10.026,-4.616,5.582
0.00,982,-7.879,-5.824,7.775
0.00,983,5.275,-3.425,5.736
0.00,984,-8.456,-9.887,2.614
0.00,985,5.730,2.625,-6.873
0.00,986,6.628,-8.401,8.901
0.00,987,7.002,-9.813,-5.072
0.00,988,8.584,-7.286,8.067
0.00,989,3.904,8.562,-3.706
0.00,990,9.883,-7.469,4.183
0.00,991,-5.561,3.185,8.741
0.00,992,-6.083,-3.144,4.571
0.00,993,7.755,-1.092,-9.336
0.00,994,0.998,-2.331,4.094
0.00,995,4.816,1.936,7.914
0.00,996,4.089,3.739,-8.979
0.00,997,7.751,1.649,-4.270
0.00,998,-6.636,3.365,-1.946
0.00,999,1.091,2.359,-6.428
0.00,1000,-1.088,-2.183,-8.545
0.00,1001,7.587,6.863,5.922
0.00,1002,9.672,8.124,3.071
0.00,1003,-1.494,-9.527,-7.438
0.00,1004,0.505,5.952,-6.386
0.00,1005,2.585,0.441,-8.109
0.00,1006,-9.358,8.049,-3.239
0.00,1007,-1.170,7.093,-5.999
0.00,1008,7.192,-8.820,-2.365
0.00,1009,-3.584,-1.863,9.264
0.00,1010,-2.972,5.615,-2.578
0.00,1011,1.687,4.117,-0.006
0.00,1012,8.933,-0.818,0.399
0.00,1013,-2.594,-7.612,-3.832
0.00,1014,-5.868,-0.405,-2.331
0.00,1015,2.233,-3.069,-9.620
0.00,1016,-5.275,-8.391,2.455
0.00,1017,9.709,0.866,0.046
0.00,1018,-0.265,-5.006,-5.265
0.00,1019,6.269,9.567,4.792
0.00,1020,8.145,1.363,4.655
0.00,1021,3.896,0.226,2.678
0.00,1022,8.055,-1.760,0.500
0.00,1023,-9.422,0.241,7.163
0.00,1024,6.951,5.666,2.130
0.00,1025,2.727,1.846,-6.840
0.00,1026,5.964,-3.919,-7.642
0.00,1027,-9.282,-3.743,-3.178
0.00,1028,-3.781,-2.918,-6.303
0.00,1029,-3.771,-5.576,4.276
0.00,1030,-6.758,1.280,4.725
0.00,1031,5.562,-8.695,-2.264
0.00,1032,-1.721,0.103,0.466
0.00,1033,-6.582,4.693,-5.390
0.00,1034,7.471,3.174,7.048
0.00,1035,-8.182,6.167,-9.271
0.00,1036,-1.834,-0.080,7.970
0.00,1037,6.421,5.517,-6.529
0.00,1038,-1.128,-0.491,6.333
0.00,1039,3.464,-6.710,-2.990
0.00,1040,3.527,-6.541,-2.510
0.00,1041,-7.251,-8.504,8.984
0.00,1042,4.649,6.612,4.609
0.00,1043,7.547,-2.684,7.993
0.00,1044,2.189,9.528,9.834
0.00,1045,4.023,-8.264,4.787
0.00,1046,1.902,-7.689,4.336
0.00,1047,5.461,-2.334,-5.230
0.00,1048,1.516,0.413,-5.634
0.00,1049,2.864,9.641,3.302
0.00,1050,7.829,9.599,0.277
0.00,1051,-6.340,-9.823,-9.223
0.00,1052,-1.136,3.220,7.824
0.00,1053,1.101,-9.073,-2.573
0.00,1054,8.883,5.968,0.684
0.00,1055,4.698,0.186,6.413
0.00,1056,2.699,-2.552,6.266
0.00,1057,2.674,6.056,-9.351
0.00,1058,-2.910,-10.003,-9.895
0.00,1059,2.702,4.503,-4.118
0.00,1060,-3.357,7.182,-0.955
0.00,1061,-6.634,5.768,-10.022
0.00,1062,4.846,1.828,8.865
0.00,1063,6.274,-4.970,4.781
0.00,1064,-3.112,6.993,-7.636
0.00,1065,6.971,4.236,7.950
0.00,1066,3.591,-4.919,-6.903
0.00,1067,-1.640,-6.122,-2.760
0.00,1068,2.083,-8.913,9.493
0.00,1069,-9.334,8.948,3.668
0.00,1070,6.890,7.449,6.606
0.00,1071,5.424,5.148,-2.791
0.00,1072,1.760,-6.052,5.748
0.00,1073,-7.302,0.391,7.962
0.00,1074,4.855,8.840,5.627
0.00,1075,6.334,3.040,2.931
0.00,1076,3.481,0.567,0.613
0.00,1077,2.663,-4.686,-7.398
0.00,1078,4.621,-9.780,-6.248
0.00,1079,6.060,-7.718,6.475
0.00,1080,-2.346,-0.469,-3.694
0.00,1081,-0.255,-4.514,4.162
0.00,1082,-6.184,-9.394,5.150
0.00,1083,4.590,-10.018,-9.480
0.00,1084,0.312,6.793,3.570
0.00,1085,2.909,5.259,0.208
0.00,1086,-8.679,-9.089,-6.480
0.00,1087,-7.222,1.963,-6.785
0.00,1088,-2.892,-9.813,-8.065
0.00,1089,-1.270,4.994,0.856
0.00,1090,9.445,-6.453,-0.037
0.00,1091,8.088,8.059,1.967
0.00,1092,-8.105,-6.869,-6.180
0.00,1093,-1.985,-0.960,0.651
0.00,1094,-0.491,4.835,-4.308
0.00,1095,-5.552,7.362,4.233
0.00,1096,5.686,-7.812,7.673
0.00,1097,-2.298,3.799,5.417
0.00,1098,1.556,-8.350,7.000
0.00,1099,7.944,-2.021,-1.367
0.00,1100,9.047,3.830,9.570
0.00,1101,-1.833,5.086,-0.442
0.00,1102,0.679,-7.916,3.776
0.00,1103,5.577,-8.424,2.923
0.00,1104,-9.366,9.284,-5.198
0.00,1105,3.721,-0.965,0.532
0.00,1106,-3.183,3.636,5.259
0.00,1107,-0.373,8.925,6.267
0.00,1108,1.756,-8.909,-0.916
0.00,1109,0.498,-3.322,-4.619
0.00,1110,-3.835,8.949,1.049
0.00,1111,7.859,-4.542,1.944
0.00,1112,3.962,7.647,7.119
0.00,1113,2.471,-6.312,-8.925
0.00,1114,6.255,-7.894,-2.685
0.00,1115,1.060,-5.921,5.898
0.00,1116,-6.117,4.860,-9.825
0.00,1117,4.138,-7.443,-7.959
0.00,1118,3.636,4.651,1.854
0.00,1119,7.068,0.448,-2.494
0.00,1120,-0.612,0.178,-7.111
0.00,1121,4.264,-5.675,8.604
0.00,1122,-4.953,-3.116,-4.297
0.00,1123,8.563,2.299,-4.391
0.00,1124,0.937,7.323,5.464
0.00,1125,-6.627,5.847,-6.854
0.00,1126,0.630,0.908,7.055
0.00,1127,3.850,4.719,-3.244
0.00,1128,-4.264,-8.752,-5.581
0.00,1129,4.888,2.623,-7.278
0.00,1130,-9.021,5.846,6.142
0.00,1131,10.016,-1.871,-7.002
0.00,1132,1.175,8.650,-0.048
0.00,1133,7.532,5.700,-4.890
0.00,1134,1.670,-7.099,-3.611
0.00,1135,-8.336,9.119,5.084
0.00,1136,8.149,5.137,3.879
0.00,1137,4.074,-0.220,0.232
0.00,1138,-6.470,8.796,1.063
0.00,1139,4.674,7.697,1.281
0.00,1140,-7.126,-7.597,5.327
0.00,1141,4.051,-4.978,-5.127
0.00,1142,-0.165,6.067,5.507
0.00,1143,3.205,0.319,7.437
0.00,1144,2.010,9.783,2.218
0.00,1145,-3.917,8.677,4.178
0.00,1146,-4.531,-6.213,8.302
0.00,1147,-7.064,-8.971,8.091
0.00,1148,-7.434,-4.558,-7.809
0.00,1149,2.159,-1.866,-0.413
0.00,1150,-6.760,5.119,-5.168
0.00,1151,0.532,8.640,8.416
0.00,1152,5.917,-4.958,9.568
0.00,1153,-6.362,-4.556,-5.010
0.00,1154,-8.056,-3.897,2.472
0.00,1155,-4.608,9.328,-0.874
0.00,1156,0.564,6.889,6.933
0.00,1157,-4.436,4.932,-0.631
0.00,1158,-1.714,1.708,-1.029
0.00,1159,3.590,7.744,-5.939
0.00,1160,-8.439,-4.016,2.436
0.00,1161,-2.967,-8.351,4.133
0.00,1162,6.195,-7.170,6.100
0.00,1163,4.425,7.031,-3.006
0.00,1164,-5.324,-5.512,-8.176
0.00,1165,-1.985,-3.441,-6.275
0.00,1166,1.501,-4.300,2.967
0.00,1167,5.233,-0.044,1.136
0.00,1168,6.807,-5.292,-8.641
0.00,1169,3.228,8.193,6.201
0.00,1170,9.060,1.247,-8.033
0.00,1171,0.744,9.212,-9.562
0.00,1172,-3.517,-5.432,1.084
0.00,1173,1.385,-0.026,4.656
0.00,1174,-4.252,0.864,0.373
0.00,1175,0.495,5.720,-8.029
0.00,1176,8.652,2.952,-5.975
0.00,1177,7.435,-4.421,-1.934
0.00,1178,-6.535,-6.785,8.404
0.00,1179,5.100,2.407,-6.118
0.00,1180,-1.517,9.685,3.544
0.00,1181,8.623,8.447,-1.305
0.00,1182,3.165,4.002,-0.979
0.00,1183,-3.710,7.584,1.890
0.00,1184,-8.430,-4.481,-0.288
0.00,1185,-6.894,-3.416,-3.783
0.00,1186,0.606,9.173,5.514
0.00,1187,7.414,7.206,-7.068
0.00,1188,-0.308,-0.013,-9.727
0.00,1189,-8.751,-5.786,-4.678
0.00,1190,-0.048,2.507,6.966
0.00,1191,7.761,3.437,6.466
0.00,1192,0.547,-5.738,2.181
0.00,1193,-0.018,-8.485,-8.086
0.00,1194,-2.904,3.435,1.086
0.00,1195,8.715,-8.434,5.192
0.00,1196,9.934,1.688,-1.500
0.00,1197,-7.127,-7.892,-3.207
0.00,1198,-6.318,8.886,9.389
0.00,1199,-5.458,5.838,-8.231
0.00,1200,5.093,-0.525,-2.498
0.00,1201,-0.112,-5.502,-7.266
0.00,1202,8.448,6.948,-0.025
0.00,1203,-4.464,9.840,8.488
0.00,1204,7.739,7.333,-1.206
0.00,1205,-4.979,-1.943,-0.477
0.00,1206,2.621,10.000,-1.659
0.00,1207,1.690,9.949,7.017
0.00,1208,-5.367,-2.240,-6.604
0.00,1209,6.213,-2.497,0.148
0.00,1210,1.509,1.197,-0.673
0.00,1211,5.982,-1.529,-7.180
0.00,1212,-5.520,-8.037,-3.518
0.00,1213,-4.145,2.439,-6.769
0.00,1214,-5.960,-3.528,-8.029
0.00,1215,5.210,2.463,-7.091
0.00,1216,7.382,4.052,-5.635
0.00,1217,7.909,5.274,-9.426
0.00,1218,6.499,7.475,2.888
0.00,1219,6.758,1.561,-1.215
0.00,1220,6.989,-3.632,-7.588
0.00,1221,1.147,6.388,-3.056
0.00,1222,0.386,-7.684,-6.516
0.00,1223,-9.066,6.870,-0.784
0.00,1224,7.492,8.537,-1.408
0.00,1225,8.855,9.901,-2.227
0.00,1226,5.628,-9.096,2.048
0.00,1227,7.517,7.827,3.257
0.00,1228,3.851,-5.497,8.242
0.00,1229,-5.465,1.399,5.990
0.00,1230,-2.930,3.769,1.462
0.00,1231,-9.242,-7.294,-6.770
0.00,1232,5.872,9.977,-4.527
0.00,1233,3.400,0.960,-1.340
0.00,1234,-9.096,-7.422,-6.023
0.00,1235,3.872,-4.329,-1.381
0.00,1236,-9.582,-2.058,-4.185
0.00,1237,-9.369,-0.584,1.181
0.00,1238,5.917,7.556,-2.100
0.00,1239,-9.700,-0.237,-9.330
0.00,1240,2.974,-3.643,1.648
0.00,1241,8.762,-3.479,9.442
0.00,1242,-7.779,-7.810,5.869
0.00,1243,-7.799,-5.580,1.179
0.00,1244,5.413,1.792,8.815
0.00,1245,4.224,6.218,2.087
0.00,1246,-5.555,0.294,-9.344
0.00,1247,-4.425,-3.040,-6.293
0.00,1248,7.601,5.893,-5.928
0.00,1249,-4.518,6.994,-5.192
0.00,1250,-5.123,8.493,1.859
0.00,1251,-9.567,-7.946,-5.810
0.00,1252,6.026,2.368,-3.143
0.00,1253,8.004,-8.724,5.888
0.00,1254,1.477,8.418,8.733
0.00,1255,2.822,3.326,-1.252
0.00,1256,-0.680,2.615,-1.667
0.00,1257,9.228,9.716,-9.078
0.00,1258,-1.229,3.427,4.122
0.00,1259,-3.515,-7.779,-5.024
0.00,1260,-2.532,5.276,-2.905
0.00,1261,1.285,-6.982,5.987
0.00,1262,-3.784,-6.567,7.583
0.00,1263,-9.651,-3.504,-8.280
0.00,1264,8.510,0.850,0.361
0.00,1265,1.143,8.368,8.021
0.00,1266,0.564,-6.814,-1.640
0.00,1267,-0.837,6.159,-8.120
0.00,1268,-5.460,-9.473,-6.129
0.00,1269,-3.079,6.006,4.013
0.00,1270,3.584,-3.016,1.835
0.00,1271,6.079,8.567,3.300
0.00,1272,-0.078,0.977,1.664
0.00,1273,-4.108,2.548,9.564
0.00,1274,1.700,-1.412,-7.711
0.00,1275,6.352,5.456,-8.981
0.00,1276,-1.178,7.140,-0.072
0.00,1277,-4.411,6.650,-5.924
0.00,1278,-2.684,-7.913,-1.035
0.00,1279,-3.645,-1.350,-1.006
0.00,1280,-4.658,5.332,-7.386
0.00,1281,6.913,-8.003,6.151
0.00,1282,2.876,-3.508,1.547
0.00,1283,8.245,-0.707,-3.788
0.00,1284,-4.034,5.856,-2.631
0.00,1285,-9.782,6.044,7.406
0.00,1286,3.605,3.230,-0.004
0.00,1287,5.621,-3.196,-9.469
0.00,1288,0.866,7.466,-3.234
0.00,1289,-4.239,7.890,8.526
0.00,1290,3.477,-1.442,2.792
0.00,1291,5.705,-5.567,0.591
0.00,1292,-8.377,-6.466,-8.959
0.00,1293,4.022,4.185,5.727
0.00,1294,-3.878,2.849,-0.825
0.00,1295,6.002,-7.465,8.878
0.00,1296,3.831,-6.729,-2.798
0.00,1297,1.947,-0.932,-1.886
0.00,1298,2.991,0.372,-2.069
0.00,1299,-9.237,-5.770,5.394
0.00,1300,2.355,5.020,-9.281
0.00,1301,-0.368,2.178,-7.650
0.00,1302,4.735,7.470,6.411
0.00,1303,2.563,-0.978,-4.294
0.00,1304,-6.755,5.776,-2.151
0.00,1305,5.255,2.172,9.327
0.00,1306,8.681,9.926,0.700
0.00,1307,-6.520,-0.204,2.326
0.00,1308,-3.300,-9.761,-2.567
0.00,1309,4.369,3.513,2.028
0.00,1310,0.819,7.366,-9.334
0.00,1311,-0.205,9.791,-9.097
0.00,1312,6.062,-6.491,8.361
0.00,1313,4.555,-2.957,5.498
0.00,1314,-2.641,-4.291,5.756
0.00,1315,3.036,-3.656,7.818
0.00,1316,-1.845,8.674,2.327
0.00,1317,-0.726,-9.440,0.035
0.00,1318,-3.763,8.229,8.487
0.00,1319,-8.776,2.492,7.328
0.00,1320,-7.926,-6.333,-8.981
0.00,1321,2.477,4.535,1.804
0.00,1322,-4.368,8.275,-5.054
0.00,1323,1.502,0.698,-4.447
0.00,1324,-4.248,-6.136,8.346
0.00,1325,-2.326,-7.533,-0.951
0.00,1326,-2.503,-8.419,-5.051
0.00,1327,1.164,0.152,-6.657
0.00,1328,5.468,-8.239,9.867
0.00,1329,-7.333,5.096,-9.587
0.00,1330,3.616,1.865,-8.653
0.00,1331,-9.596,2.706,1.833
0.00,1332,-9.212,-7.907,-6.040
0.00,1333,9.014,3.065,-4.382
0.00,1334,6.403,-4.699,-0.353
0.00,1335,0.773,7.680,-5.647
0.00,1336,-9.274,2.173,-7.318
0.00,1337,3.714,-2.645,8.186
0.00,1338,-1.186,-8.865,7.828
0.00,1339,-0.191,9.782,-5.582
0.00,1340,-5.500,-7.357,-7.743
0.00,1341,7.412,1.258,3.906
0.00,1342,0.448,-5.939,8.899
0.00,1343,8.173,3.250,-4.534
0.00,1344,-2.411,2.139,3.742
0.00,1345,-9.831,-1.706,-7.807
0.00,1346,9.845,1.875,-5.878
0.00,1347,3.824,-7.582,-6.303
0.00,1348,8.329,0.494,-8.277
0.00,1349,8.442,0.412,4.862
0.00,1350,-4.195,-0.993,-0.660
0.00,1351,9.177,-8.859,-8.925
0.00,1352,-7.521,-0.985,-9.940
0.00,1353,-4.295,7.973,-4.664
0.00,1354,-0.364,-9.989,7.399
0.00,1355,0.848,6.569,-6.350
0.00,1356,7.960,-1.797,7.466
0.00,1357,1.537,9.367,-2.447
0.00,1358,-6.387,-6.252,7.202
0.00,1359,-8.466,8.796,-8.185
0.00,1360,3.644,-0.765,5.411
0.00,1361,-4.182,-1.612,0.605
0.00,1362,9.992,-9.018,-4.073
0.00,1363,5.143,9.398,1.069
0.00,1364,5.532,9.037,2.347
0.00,1365,9.503,-7.648,9.969
0.00,1366,8.234,9.096,-1.327
0.00,1367,0.826,8.359,-2.389
0.00,1368,-9.368,4.897,1.282
0.00,1369,-6.625,-0.125,9.289
0.00,1370,-6.551,-3.322,-7.468
0.00,1371,-8.317,-1.799,-5.748
0.00,1372,-1.206,6.125,4.329
0.00,1373,-0.527,-6.919,-3.002
0.00,1374,3.527,-2.763,7.211
0.00,1375,-9.190,7.848,8.559
0.00,1376,2.764,5.716,6.658
0.00,1377,-8.744,-4.973,-2.370
0.00,1378,7.161,2.288,4.020
0.00,1379,5.867,5.703,-9.203
0.00,1380,-7.481,3.940,1.688
0.00,1381,-6.345,3.729,0.496
0.00,1382,5.698,2.018,7.467
0.00,1383,-7.934,-0.562,-6.400
0.00,1384,2.486,-9.438,6.307
0.00,1385,-6.891,-8.585,-5.134
0.00,1386,5.754,-7.224,-5.598
0.00,1387,-0.026,0.071,-1.478
0.00,1388,5.338,3.125,-1.222
0.00,1389,-8.260,-1.066,-9.095
0.00,1390,-3.845,8.328,7.331
0.00,1391,0.339,-6.780,7.577
0.00,1392,-2.335,6.034,-6.687
0.00,1393,-1.863,-2.139,6.816
0.00,1394,4.179,-5.514,5.179
0.00,1395,1.272,-9.604,0.519
0.00,1396,-1.126,-3.002,-1.560
0.00,1397,-1.042,3.408,1.323
0.00,1398,5.792,-6.217,-0.460
0.00,1399,7.023,6.350,-9.023
0.00,1400,0.068,-9.219,0.074
0.00,1401,0.344,-2.946,5.175
0.00,1402,2.362,-1.283,9.949
0.00,1403,-1.244,2.082,1.856
0.00,1404,-7.870,-1.839,-9.292
0.00,1405,6.713,-0.356,1.863
0.00,1406,-5.831,-8.721,0.052
0.00,1407,-2.496,-5.932,6.352
0.00,1408,-8.994,3.670,-3.194
0.00,1409,-5.454,-0.354,8.649
0.00,1410,1.533,0.798,6.067
0.00,1411,-0.716,6.827,-1.636
0.00,1412,-9.030,8.404,7.965
0.00,1413,7.202,1.596,-0.791
0.00,1414,5.821,1.130,4.666
0.00,1415,4.475,6.486,-8.865
0.00,1416,0.426,-0.646,7.162
0.00,1417,-7.669,4.198,-0.265
0.00,1418,-5.541,-3.412,2.020
0.00,1419,8.209,1.050,-5.907
0.00,1420,-7.207,-6.003,3.904
0.00,1421,-1.668,0.799,-8.989
0.00,1422,1.373,-0.787,-6.068
0.00,1423,-6.936,-7.163,-0.923
0.00,1424,0.394,0.615,5.201
0.00,1425,-6.718,-5.204,-4.126
0.00,1426,-6.652,-4.052,0.377
0.00,1427,1.455,-0.403,2.889
0.00,1428,-1.852,1.247,-7.506
0.00,1429,5.344,-4.388,6.114
0.00,1430,-5.872,-7.554,-1.065
0.00,1431,2.062,1.299,-6.976
0.00,1432,-4.599,-1.864,-3.767
0.00,1433,-7.630,-8.989,7.192
0.00,1434,-7.630,2.355,1.714
0.00,1435,-4.275,6.860,4.346
0.00,1436,3.160,-3.533,5.190
0.00,1437,-6.941,2.963,-9.783
0.00,1438,-5.267,7.444,-6.186
0.00,1439,9.218,7.900,-9.519
0.00,1440,-4.825,5.645,3.913
0.00,1441,5.830,-5.827,3.315
0.00,1442,-8.070,5.629,-7.467
0.00,1443,3.740,-2.637,6.088
0.00,1444,3.334,0.441,-6.284
0.00,1445,5.184,0.686,-1.983
0.00,1446,-5.573,7.030,3.553
0.00,1447,-1.224,-3.521,-3.708
0.00,1448,-7.979,-4.014,-2.027
0.00,1449,0.955,-3.495,-7.506
0.00,1450,-3.692,-7.737,-0.513
0.00,1451,-4.121,-2.209,-6.132
0.00,1452,-7.581,9.884,2.154
0.00,1453,5.147,-8.034,6.223
0.00,1454,-9.965,9.763,5.813
0.00,1455,-6.464,-9.462,8.664
0.00,1456,4.439,0.287,-6.342
0.00,1457,-3.233,8.792,1.269
0.00,1458,0.005,7.792,3.436
0.00,1459,8.104,-0.932,-8.665
0.00,1460,7.190,-6.170,-4.550
0.00,1461,7.473,-7.905,-9.331
0.00,1462,-3.293,-5.346,-4.861
0.00,1463,-4.139,6.757,-5.506
0.00,1464,-2.698,-3.134,-5.343
0.00,1465,-1.613,0.532,-6.239
0.00,1466,5.030,-0.722,-2.766
0.00,1467,2.773,4.263,-9.917
0.00,1468,-4.647,-7.474,-7.781
0.00,1469,-9.712,2.259,-3.498
0.00,1470,-4.694,-6.388,-8.224
0.00,1471,8.638,-5.383,-7.959
0.00,1472,-9.254,7.736,6.042
0.00,1473,-8.176,6.069,9.444
0.00,1474,0.878,-5.653,-8.711
0.00,1475,-6.535,2.983,-7.489
0.00,1476,9.537,1.022,0.318
0.00,1477,5.606,-3.883,9.602
0.00,1478,4.919,-5.247,-6.668
0.00,1479,-7.477,2.045,4.419
0.00,1480,3.341,-4.489,-8.226
0.00,1481,4.969,6.655,6.405
0.00,1482,3.668,-7.204,-7.144
0.00,1483,-2.184,-1.722,2.447
0.00,1484,-0.190,-6.469,-1.544
0.00,1485,-8.300,-1.321,-1.019
0.00,1486,-7.752,4.431,2.000
0.00,1487,-1.656,4.385,-9.934
0.00,1488,-9.176,6.785,6.671
0.00,1489,2.093,3.710,0.619
0.00,1490,-1.465,-2.780,5.559
0.00,1491,0.535,1.991,9.180
0.00,1492,-6.707,8.687,-7.751
0.00,1493,-7.166,7.916,-3.110
0.00,1494,-2.895,-5.094,9.841
0.00,1495,4.514,-1.507,-8.339
0.00,1496,-6.787,2.885,7.399
0.00,1497,-6.207,5.111,4.104
0.00,1498,1.881,1.259,-6.475
0.00,1499,-7.808,5.153,6.324
0.00,1500,-2.924,4.101,-2.298
0.00,1501,-6.344,4.614,9.592
0.00,1502,-8.115,6.761,8.489
0.00,1503,8.171,0.295,-3.085
0.00,1504,-2.057,2.929,-10.028
0.00,1505,6.038,-8.865,6.313
0.00,1506,9.542,-4.264,0.986
0.00,1507,-4.360,-0.902,-2.238
0.00,1508,2.340,-6.989,1.667
0.00,1509,-5.825,7.733,-9.443
0.00,1510,3.759,-7.120,-0.991
0.00,1511,4.999,6.496,3.508
0.00,1512,8.285,-4.342,5.160
0.00,1513,7.070,-8.497,-7.981
0.00,1514,7.606,0.638,-5.445
0.00,1515,-5.720,8.688,-8.637
0.00,1516,-1.366,-4.846,6.454
0.00,1517,4.939,5.684,8.907
0.00,1518,6.980,9.337,-2.904
0.00,1519,7.117,-0.508,-7.647
0.00,1520,7.551,-1.989,8.145
0.00,1521,-9.471,8.584,-5.324
0.00,1522,1.849,4.590,-9.729
0.00,1523,-5.077,0.327,-6.347
0.00,1524,5.342,7.571,-6.580
0.00,1525,-8.005,-3.155,-5.756
0.00,1526,5.518,-5.530,-5.757
0.00,1527,9.294,5.085,6.957
0.00,1528,-3.540,3.500,-3.922
0.00,1529,7.176,3.199,4.520
0.00,1530,-9.416,-0.245,3.738
0.00,1531,10.038,3.418,3.082
0.00,1532,-7.803,7.918,4.561
0.00,1533,-7.428,-3.822,-6.605
0.00,1534,-6.799,2.640,1.844
0.00,1535,-3.366,1.496,-6.088
0.00,1536,-3.573,4.366,-9.692
0.00,1537,4.895,0.792,-0.690
0.00,1538,-1.961,3.701,9.172
0.00,1539,-9.235,-9.235,-0.159
0.00,1540,-5.107,9.596,7.996
0.00,1541,-4.921,2.566,-1.036
0.00,1542,2.116,-3.400,-5.737
0.00,1543,4.623,-7.713,-3.321
0.00,1544,7.748,2.169,1.000
0.00,1545,-1.282,1.724,-1.803
0.00,1546,-6.787,8.943,3.128
0.00,1547,-1.712,0.859,-1.392
0.00,1548,9.016,2.440,0.880
0.00,1549,0.357,5.121,-8.241
0.00,1550,-5.448,3.291,-9.599
0.00,1551,3.783,1.866,7.475
0.00,1552,-8.532,-0.497,-1.768
0.00,1553,5.746,4.443,-5.984
0.00,1554,-4.909,4.510,5.305
0.00,1555,5.941,-3.225,-4.361
0.00,1556,-7.208,2.739,1.712
0.00,1557,9.945,9.132,-9.513
0.00,1558,-1.832,-9.606,-10.032
0.00,1559,-7.509,-4.016,-4.541
0.00,1560,-3.253,2.741,0.262
0.00,1561,-8.661,-8.353,4.113
0.00,1562,3.480,5.355,0.337
0.00,1563,5.341,7.201,-4.448
0.00,1564,-9.168,-8.826,-9.664
0.00,1565,2.401,-4.160,5.704
0.00,1566,-5.055,-2.379,5.099
0.00,1567,-5.554,8.964,2.245
0.00,1568,-1.553,5.712,-0.683
0.00,1569,1.080,1.466,-2.796
0.00,1570,4.361,8.715,1.389
0.00,1571,-8.834,4.354,-5.824
0.00,1572,-8.545,4.470,8.382
0.00,1573,9.185,6.637,7.032
0.00,1574,-7.882,2.349,-0.729
0.00,1575,-3.546,-1.151,-4.614
0.00,1576,8.504,-6.790,-9.609
0.00,1577,-3.039,2.893,2.079
0.00,1578,-5.913,7.949,1.418
0.00,1579,-4.038,-6.850,9.340
0.00,1580,-6.426,-8.795,-5.115
0.00,1581,-2.827,-8.597,-0.146
0.00,1582,0.156,-5.254,0.482
0.00,1583,-2.008,8.206,-5.777
0.00,1584,8.101,1.416,-4.305
0.00,1585,0.162,-0.082,3.302
0.00,1586,-6.938,-2.017,3.602
0.00,1587,8.276,-2.351,-0.210
0.00,1588,-1.033,-3.374,-3.498
0.00,1589,-3.586,1.098,-9.686
0.00,1590,-2.790,-1.307,7.213
0.00,1591,-7.076,-8.129,-3.124
0.00,1592,-9.935,-6.898,1.394
0.00,1593,-5.121,8.835,4.334
0.00,1594,-4.519,-8.674,7.142
0.00,1595,8.986,1.097,-4.349
0.00,1596,4.779,-9.417,-2.269
0.00,1597,-7.130,-9.635,2.437
0.00,1598,2.144,-9.630,0.543
0.00,1599,1.414,9.804,1.207
0.00,1600,6.329,-9.673,3.093
0.00,1601,-0.417,4.514,-7.044
0.00,1602,-2.776,-1.655,7.598
0.00,1603,0.306,-3.693,9.687
0.00,1604,8.660,9.824,5.551
0.00,1605,7.621,6.927,1.675
0.00,1606,-3.560,-3.745,-8.986
0.00,1607,4.631,-1.293,-0.815
0.00,1608,7.990,-4.417,3.756
0.00,1609,-6.226,4.822,-4.482
0.00,1610,-3.745,2.545,0.872
0.00,1611,-6.519,2.698,8.343
0.00,1612,-9.918,1.250,-1.164
0.00,1613,2.290,-8.477,-7.597
0.00,1614,-0.896,-5.283,-5.884
0.00,1615,-4.755,-9.335,4.490
0.00,1616,9.822,-4.550,-1.055
0.00,1617,9.252,1.289,-4.378
0.00,1618,2.101,4.834,8.471
0.00,1619,2.363,-7.933,1.508
0.00,1620,5.963,-6.256,8.303
0.00,1621,-0.031,8.752,7.813
0.00,1622,1.525,5.843,6.915
0.00,1623,-7.599,4.045,-9.242
0.00,1624,4.832,-7.790,8.423
0.00,1625,-3.114,1.145,-4.131
0.00,1626,-2.944,7.516,-6.617
0.00,1627,5.182,0.086,0.585
0.00,1628,-1.780,-5.078,-6.255
0.00,1629,9.031,-0.070,6.446
0.00,1630,2.045,-2.166,9.839
0.00,1631,6.003,7.906,-5.470
0.00,1632,5.425,-2.683,1.852
0.00,1633,-0.139,-9.875,-8.759
0.00,1634,0.025,4.117,-0.885
0.00,1635,0.510,1.932,9.601
0.00,1636,-2.252,-4.705,6.416
0.00,1637,6.278,-8.490,8.871
0.00,1638,-0.423,9.661,-2.159
0.00,1639,-8.300,-9.214,-9.536
0.00,1640,-0.023,-5.524,-2.001
0.00,1641,-9.060,10.046,-9.099
0.00,1642,-9.035,5.512,5.977
0.00,1643,-6.655,-1.812,3.760
0.00,1644,0.522,1.466,-9.264
0.00,1645,2.177,7.484,-8.813
0.00,1646,8.851,1.847,7.248
0.00,1647,6.830,4.327,-4.895
0.00,1648,8.155,-7.574,-2.571
0.00,1649,4.882,2.944,4.484
0.00,1650,-0.477,-5.715,3.901
0.00,1651,2.287,3.855,-2.997
0.00,1652,9.168,-8.425,-3.455
0.00,1653,-4.597,8.246,2.201
0.00,1654,5.912,-0.653,-5.258
0.00,1655,-9.738,-6.168,0.243
0.00,1656,-5.522,0.364,1.122
0.00,1657,3.611,1.283,-9.531
0.00,1658,-4.882,-0.770,-4.789
0.00,1659,4.772,-2.989,3.908
0.00,1660,7.503,4.446,-9.032
0.00,1661,-3.504,7.901,9.700
0.00,1662,-5.326,2.992,-6.986
0.00,1663,-9.490,-6.442,2.049
0.00,1664,2.472,9.352,4.954
0.00,1665,-7.074,3.855,4.679
0.00,1666,-8.990,7.337,-0.693
0.00,1667,-4.632,9.919,-9.318
0.00,1668,9.886,-6.275,-3.886
0.00,1669,-0.227,-4.813,-8.878
0.00,1670,0.590,4.993,9.377
0.00,1671,4.528,-3.226,-9.403
0.00,1672,-5.836,9.518,9.510
0.00,1673,-9.951,-9.176,-4.524
0.00,1674,3.147,6.678,2.291
0.00,1675,2.491,-1.301,7.462
0.00,1676,2.186,-7.459,-8.631
0.00,1677,-1.427,4.083,9.383
0.00,1678,1.235,-7.192,3.004
0.00,1679,0.706,-9.368,1.689
0.00,1680,-7.996,7.984,-5.409
0.00,1681,-8.678,-1.105,6.183
0.00,1682,-3.851,9.433,4.498
0.00,1683,8.433,6.639,-8.790
0.00,1684,-2.903,-2.964,3.339
0.00,1685,3.938,6.103,1.326
0.00,1686,-7.529,6.189,-2.793
0.00,1687,6.526,-8.564,1.367
0.00,1688,-0.069,5.962,7.971
0.00,1689,1.069,3.872,9.611
0.00,1690,-8.052,-9.456,-4.720
0.00,1691,2.728,4.321,6.984
0.00,1692,-8.642,5.533,1.929
0.00,1693,8.244,-6.765,3.213
0.00,1694,-4.109,8.120,-1.614
0.00,1695,-5.985,5.741,8.378
0.00,1696,2.728,-6.103,-5.038
0.00,1697,-2.788,-0.190,-9.094
0.00,1698,5.672,-9.816,5.284
0.00,1699,5.450,-0.200,2.700
0.00,1700,1.607,3.051,8.472
0.00,1701,5.057,6.447,-2.068
0.00,1702,3.035,-0.053,-9.512
0.00,1703,4.429,5.455,3.952
0.00,1704,-2.797,4.707,-5.817
0.00,1705,-8.157,-9.934,0.161
0.00,1706,-0.846,5.243,10.036
0.00,1707,-0.590,9.572,9.943
0.00,1708,0.463,-7.662,9.525
0.00,1709,0.857,-3.568,-1.162
0.00,1710,8.386,-0.407,-4.365
0.00,1711,3.983,0.337,-0.916
0.00,1712,-4.492,-8.981,0.789
0.00,1713,8.698,-0.001,8.778
0.00,1714,-4.659,-7.060,8.383
0.00,1715,-0.703,3.994,3.909
0.00,1716,-7.359,7.603,8.779
0.00,1717,8.481,0.022,0.048
0.00,1718,9.201,7.828,-6.913
0.00,1719,-4.349,5.401,7.055
0.00,1720,5.337,-0.629,-9.182
0.00,1721,-5.360,4.095,4.117
0.00,1722,7.879,1.528,9.619
0.00,1723,9.428,7.185,-5.055
0.00,1724,10.049,-5.841,-2.993
0.00,1725,-4.564,-5.416,-0.336
0.00,1726,7.575,9.194,-9.204
0.00,1727,-7.996,7.419,8.657
0.00,1728,-7.622,-3.219,-8.416
0.00,1729,-4.229,-4.170,2.973
0.00,1730,2.701,-3.379,0.272
0.00,1731,6.997,-0.586,0.779
0.00,1732,5.772,-0.432,-4.384
0.00,1733,-0.614,-9.822,-10.004
0.00,1734,8.383,3.873,4.269
0.00,1735,2.994,-8.460,0.618
0.00,1736,6.932,0.633,7.270
0.00,1737,9.621,-4.533,5.384
0.00,1738,-7.367,5.103,-1.918
0.00,1739,-9.038,-3.840,5.618
0.00,1740,-8.771,2.520,-9.321
0.00,1741,2.992,-0.247,6.434
0.00,1742,-4.453,1.129,-1.305
0.00,1743,0.968,8.305,9.107
0.00,1744,2.697,-8.444,-4.007
0.00,1745,1.115,2.209,5.860
0.00,1746,2.849,8.192,6.254
0.00,1747,-3.156,1.709,-8.026
0.00,1748,-7.453,-3.139,-7.760
0.00,1749,-0.331,4.878,5.909
0.00,1750,3.599,7.828,-7.767
0.00,1751,-5.803,5.884,-1.101
0.00,1752,-7.932,-1.230,-7.868
0.00,1753,-0.278,8.589,-0.210
0.00,1754,1.001,2.359,0.442
0.00,1755,2.994,-0.716,-0.464
0.00,1756,-7.630,-5.962,-1.659
0.00,1757,-6.549,3.798,4.603
0.00,1758,8.142,1.914,-5.205
0.00,1759,-0.756,-8.426,-6.260
0.00,1760,-1.871,7.966,2.393
0.00,1761,8.924,-8.557,-1.430
0.00,1762,-9.936,-6.690,-0.137
0.00,1763,-2.127,1.912,9.096
0.00,1764,3.921,6.964,7.960
0.00,1765,-0.793,8.092,2.088
0.00,1766,-5.653,-4.198,-2.182
0.00,1767,-6.562,-4.201,1.012
0.00,1768,7.945,-0.478,6.873
0.00,1769,6.038,-9.779,4.686
0.00,1770,4.510,1.860,6.170
0.00,1771,-0.852,1.745,0.072
0.00,1772,-7.229,0.133,-5.732
0.00,1773,-7.881,8.283,-0.848
0.00,1774,-3.044,-9.383,8.117
0.00,1775,3.660,9.457,-6.151
0.00,1776,9.665,-6.538,-5.580
0.00,1777,9.033,2.618,-5.797
0.00,1778,-3.809,0.223,-6.345
0.00,1779,-6.441,-5.485,8.200
0.00,1780,-8.128,-1.367,1.010
0.00,1781,3.153,5.984,1.423
0.00,1782,-6.968,5.177,-6.536
0.00,1783,-6.171,7.361,-0.094
0.00,1784,-2.149,-6.966,9.821
0.00,1785,-3.232,4.715,-0.383
0.00,1786,-4.134,9.887,4.466
0.00,1787,7.606,-9.381,4.296
0.00,1788,-5.955,9.199,8.877
0.00,1789,-1.203,-6.814,4.449
0.00,1790,4.988,-9.406,6.592
0.00,1791,-4.339,2.511,-8.581
0.00,1792,-2.253,-8.504,-8.606
0.00,1793,3.132,2.156,8.193
0.00,1794,-2.123,-8.214,2.832
0.00,1795,2.629,3.807,-0.194
0.00,1796,4.440,7.314,-9.801
0.00,1797,-2.385,-2.290,3.489
0.00,1798,8.575,9.952,-9.054
0.00,1799,-6.782,9.810,0.707
0.00,1800,-4.361,-8.315,3.016
0.00,1801,8.416,5.202,-2.929
0.00,1802,7.105,5.774,-5.922
0.00,1803,-6.218,-8.096,9.272
0.00,1804,-4.185,-6.106,3.672
0.00,1805,-0.478,9.212,-6.102
0.00,1806,-3.875,-0.011,8.843
0.00,1807,6.013,-2.178,-4.261
0.00,1808,2.216,-2.487,8.560
0.00,1809,4.667,-0.679,-0.173
0.00,1810,-1.033,-6.266,-1.877
0.00,1811,4.385,-10.042,-4.765
0.00,1812,5.948,2.823,-0.291
0.00,1813,0.242,-5.727,8.360
0.00,1814,7.731,3.628,-5.217
0.00,1815,-1.228,-1.677,-0.936
0.00,1816,-0.802,5.994,-5.650
0.00,1817,5.307,6.809,-4.527
0.00,1818,9.408,5.520,9.044
0.00,1819,-7.243,2.479,-3.361
0.00,1820,-5.177,9.870,-4.627
0.00,1821,-7.346,-0.987,-6.870
0.00,1822,4.018,-6.597,2.491
0.00,1823,9.469,3.182,-6.181
0.00,1824,9.958,-5.656,-6.695
0.00,1825,-4.907,8.390,-6.331
0.00,1826,-7.099,-6.439,8.565
0.00,1827,0.078,4.558,2.285
0.00,1828,-8.483,-2.030,-3.985
0.00,1829,0.300,1.699,5.792
0.00,1830,4.124,-3.310,-1.015
0.00,1831,2.112,-7.205,9.227
0.00,1832,4.549,-4.203,2.556
0.00,1833,0.354,1.209,7.333
0.00,1834,5.567,0.225,-4.642
0.00,1835,-1.310,-2.878,8.738
0.00,1836,-1.789,2.117,-3.543
0.00,1837,4.764,-0.116,-8.550
0.00,1838,2.998,-5.602,-9.634
0.00,1839,-2.154,-1.010,-2.523
0.00,1840,-5.862,-8.330,0.400
0.00,1841,3.179,10.045,-9.092
0.00,1842,-1.818,5.560,-8.084
0.00,1843,-4.119,3.831,1.813
0.00,1844,1.458,1.049,-9.282
0.00,1845,-1.465,-6.970,-5.118
0.00,1846,1.337,-10.047,5.618
0.00,1847,8.994,-1.228,7.771
0.00,1848,-1.326,-1.142,3.968
0.00,1849,6.612,-6.803,-9.902
0.00,1850,9.385,6.475,-2.669
0.00,1851,-7.558,2.069,-4.257
0.00,1852,-2.351,-4.114,-1.818
0.00,1853,-4.102,4.981,-3.385
0.00,1854,6.917,3.250,-0.547
0.00,1855,1.523,3.277,-6.217
0.00,1856,-1.195,3.475,1.319
0.00,1857,8.895,-5.582,7.792
0.00,1858,-8.122,2.773,-5.496
0.00,1859,-8.626,3.354,6.761
0.00,1860,-9.026,-0.076,-2.545
0.00,1861,5.964,-6.276,2.166
0.00,1862,3.815,-3.852,1.759
0.00,1863,4.874,3.784,-1.369
0.00,1864,-1.163,-1.071,8.296
0.00,1865,-1.422,8.418,8.236
0.00,1866,1.066,5.100,-8.626
0.00,1867,-8.136,7.254,-4.508
0.00,1868,-2.528,8.707,-9.618
0.00,1869,-2.394,9.294,6.527
0.00,1870,-3.503,9.563,5.642
0.00,1871,-1.460,-2.097,3.117
0.00,1872,1.946,6.167,-2.343
0.00,1873,-4.978,7.255,3.913
0.00,1874,-6.142,-4.975,-5.505
0.00,1875,4.622,-1.042,6.204
0.00,1876,8.755,2.879,0.634
0.00,1877,3.903,0.906,7.036
0.00,1878,8.426,3.672,-0.035
0.00,1879,6.388,-9.297,2.349
0.00,1880,10.031,-1.043,3.519
0.00,1881,3.510,-3.275,4.563
0.00,1882,-3.567,-0.480,0.106
0.00,1883,-9.439,-0.272,0.140
0.00,1884,-4.037,3.092,-1.491
0.00,1885,-7.807,-3.389,8.663
0.00,1886,-1.690,7.372,0.495
0.00,1887,-4.000,2.220,-4.930
0.00,1888,-1.944,0.598,-4.829
0.00,1889,7.779,3.126,4.112
0.00,1890,5.177,-4.415,1.707
0.00,1891,0.633,-8.978,-2.487
0.00,1892,-8.543,8.104,9.688
0.00,1893,-5.901,7.851,3.897
0.00,1894,-7.473,0.651,-8.973
0.00,1895,5.904,-7.825,8.455
0.00,1896,0.066,2.694,6.532
0.00,1897,5.974,6.476,3.082
0.00,1898,-1.005,2.218,1.689
0.00,1899,-9.303,-6.488,6.017
0.00,1900,4.270,-8.718,6.927
0.00,1901,-1.777,-5.204,9.827
0.00,1902,8.046,6.239,-7.775
0.00,1903,7.355,-6.468,-3.220
0.00,1904,8.904,-9.401,-2.979
0.00,1905,-5.945,-8.038,2.331
0.00,1906,0.497,4.561,7.210
0.00,1907,-0.165,-1.988,9.452
0.00,1908,-3.880,-3.467,-0.451
0.00,1909,9.381,3.463,-8.136
0.00,1910,-6.797,9.166,7.180
0.00,1911,9.809,8.917,4.015
0.00,1912,0.313,4.203,-4.463
0.00,1913,8.763,2.686,6.149
0.00,1914,6.980,9.942,9.461
0.00,1915,0.004,7.104,5.499
0.00,1916,-6.249,-2.583,3.791
0.00,1917,-4.757,1.729,-5.182
0.00,1918,-3.777,6.388,8.088
0.00,1919,-9.857,5.318,-4.097
0.00,1920,9.944,-5.037,9.119
0.00,1921,-0.615,-2.082,8.013
0.00,1922,-1.707,-9.882,-9.640
0.00,1923,-4.716,-8.329,8.450
0.00,1924,5.406,1.256,9.286
0.00,1925,3.265,9.479,5.898
0.00,1926,-0.030,8.590,-1.444
0.00,1927,0.626,-6.014,7.566
0.00,1928,0.148,-8.930,0.228
0.00,1929,-0.858,8.117,-9.772
0.00,1930,4.375,-3.579,-3.427
0.00,1931,-9.944,-7.514,-0.522
0.00,1932,-5.275,-3.641,-2.470
0.00,1933,-1.164,6.868,-7.355
0.00,1934,7.614,9.921,3.283
0.00,1935,-9.246,4.145,-1.237
0.00,1936,4.086,7.942,-0.626
0.00,1937,-4.065,3.753,9.468
0.00,1938,-9.598,-2.853,-7.190
0.00,1939,-9.586,2.843,2.023
0.00,1940,6.441,1.563,8.319
0.00,1941,-4.299,0.826,6.720
0.00,1942,7.426,-8.355,4.555
0.00,1943,-1.913,-8.989,9.748
0.00,1944,6.028,-6.573,7.768
0.00,1945,8.330,-8.976,-2.262
0.00,1946,-5.644,4.778,-7.014
0.00,1947,2.376,2.509,6.270
0.00,1948,-3.368,4.964,6.690
0.00,1949,-2.666,-1.610,4.831
0.00,1950,1.139,-8.623,-4.430
0.00,1951,-10.042,-5.242,2.408
0.00,1952,8.170,9.828,8.560
0.00,1953,6.234,-9.321,7.606
0.00,1954,7.574,-2.332,-2.269
0.00,1955,6.923,9.954,-3.729
0.00,1956,-0.464,-2.060,-9.604
0.00,1957,-5.014,8.476,4.664
0.00,1958,-7.466,-4.158,5.397
0.00,1959,-7.842,6.188,-0.428
0.00,1960,-7.011,-4.385,6.184
0.00,1961,5.946,-1.525,1.245
0.00,1962,6.491,2.838,1.769
0.00,1963,-7.526,-5.964,-2.474
0.00,1964,3.536,-0.921,-4.274
0.00,1965,-1.306,-7.944,0.881
0.00,1966,-4.716,-7.258,8.488
0.00,1967,6.090,-9.399,8.710
0.00,1968,6.076,8.700,4.750
0.00,1969,-9.392,-3.183,4.443
0.00,1970,-3.675,0.065,-4.744
0.00,1971,7.734,9.739,6.042
0.00,1972,-1.967,-7.001,5.619
0.00,1973,-4.444,-2.761,3.127
0.00,1974,1.641,-4.285,-5.877
0.00,1975,-5.730,-7.368,-6.819
0.00,1976,-1.377,8.751,8.998
0.00,1977,1.940,-10.020,7.384
0.00,1978,-8.735,-1.820,4.990
0.00,1979,-9.321,-5.232,3.687
0.00,1980,-5.232,-5.760,-5.450
0.00,1981,0.077,-1.065,5.345
0.00,1982,4.920,-1.928,-7.375
0.00,1983,-3.582,4.209,8.278
0.00,1984,1.440,3.953,1.500
0.00,1985,1.893,-0.569,3.065
0.00,1986,-8.858,-4.171,6.230
0.00,1987,9.223,-8.057,5.664
0.00,1988,5.751,6.165,5.781
0.00,1989,-0.693,-7.269,0.421
0.00,1990,-3.304,3.600,-7.753
0.00,1991,-3.764,-3.511,1.782
0.00,1992,3.000,-2.106,0.773
0.00,1993,3.918,7.652,5.622
0.00,1994,6.195,-7.449,1.722
0.00,1995,2.099,1.685,0.638
0.00,1996,-9.904,2.867,-1.262
0.00,1997,-4.758,7.146,2.803
0.00,1998,-7.255,4.649,8.754
0.00,1999,8.276,-0.671,-8.871
0.00,2000,-3.855,6.422,6.943
0.00,2001,-4.806,-3.235,2.737
0.00,2002,2.168,-9.434,-7.072
0.00,2003,-4.184,-8.248,3.595
0.00,2004,5.189,4.086,2.010
0.00,2005,-3.051,-4.463,4.243
0.00,2006,5.245,2.288,-4.736
0.00,2007,0.639,-0.628,8.881
0.00,2008,6.605,-7.398,9.876
0.00,2009,1.583,-7.882,3.361
0.00,2010,3.073,0.433,0.143
0.00,2011,-5.992,7.517,2.449
0.00,2012,6.789,5.711,-7.453
0.00,2013,2.092,-5.281,5.781
0.00,2014,-0.223,-9.763,2.113
0.00,2015,-9.237,-4.170,1.373
0.00,2016,7.932,2.497,-5.682
0.00,2017,5.929,-9.062,-9.492
0.00,2018,0.034,6.441,4.811
0.00,2019,-5.199,5.082,-5.500
0.00,2020,-4.987,-6.342,-6.487
0.00,2021,9.672,4.058,8.153
0.00,2022,-2.092,3.019,-0.519
0.00,2023,5.160,-9.238,-7.689
0.00,2024,-6.977,3.042,2.441
0.00,2025,-9.012,1.328,-7.658
0.00,2026,0.935,-8.698,3.952
0.00,2027,7.108,-8.849,-1.248
0.00,2028,5.672,-1.069,-2.527
0.00,2029,3.558,0.219,1.881
0.00,2030,6.939,6.611,-4.916
0.00,2031,-1.745,0.291,-0.320
0.00,2032,-6.519,0.716,4.095
0.00,2033,-7.781,-7.311,-1.810
0.00,2034,1.243,3.670,-7.696
0.00,2035,-6.745,3.611,0.161
0.00,2036,5.210,-0.119,8.197
0.00,2037,-4.191,-3.821,-0.491
0.00,2038,-3.107,-0.196,9.419
0.00,2039,4.545,6.046,-8.502
0.00,2040,-3.815,-6.975,-8.164
0.00,2041,8.319,-9.090,-1.321
0.00,2042,5.121,8.211,4.307
0.00,2043,-3.455,-5.057,8.641
0.00,2044,3.962,-7.954,6.442
0.00,2045,3.435,-2.312,5.096
0.00,2046,3.336,2.437,6.834
0.00,2047,-4.260,-5.758,3.037
0.00,2048,-2.852,6.459,8.846
0.00,2049,4.094,-6.199,4.499
0.00,2050,-0.562,-1.671,-5.017
0.00,2051,-4.792,9.846,-9.400
0.00,2052,7.986,9.419,9.495
0.00,2053,4.027,5.760,-4.520
0.00,2054,7.603,7.477,-2.820
0.00,2055,9.156,6.163,4.913
0.00,2056,4.859,9.355,-3.865
0.00,2057,5.567,9.411,-4.755
0.00,2058,5.355,-3.226,-7.592
0.00,2059,9.029,-0.878,9.975
0.00,2060,7.820,0.521,1.512
0.00,2061,-6.509,1.256,2.862
0.00,2062,-3.948,2.827,5.800
0.00,2063,-3.209,0.267,4.333
0.00,2064,6.900,-9.128,9.806
0.00,2065,1.215,2.663,6.257
0.00,2066,-6.630,2.801,-3.623
0.00,2067,-1.466,-4.253,4.155
0.00,2068,6.049,-6.973,-7.645
0.00,2069,7.415,4.243,-3.456
0.00,2070,-5.563,3.118,-6.747
0.00,2071,3.358,-1.376,1.599
0.00,2072,7.107,-5.172,-5.628
0.00,2073,-7.595,-8.400,-0.453
0.00,2074,-3.093,4.176,-5.514
0.00,2075,-9.854,-5.266,9.165
0.00,2076,8.511,2.583,-3.644
0.00,2077,-1.108,-2.869,3.678
0.00,2078,-0.112,3.663,7.923
0.00,2079,9.539,7.617,-1.977
0.00,2080,-10.021,3.558,9.956
0.00,2081,-1.871,8.088,3.962
0.00,2082,-7.555,-7.279,5.040
0.00,2083,-2.439,7.851,8.851
0.00,2084,-9.490,-1.628,-6.415
0.00,2085,5.116,-2.957,5.151
0.00,2086,-3.250,-3.734,-1.995
0.00,2087,1.526,5.462,9.781
0.00,2088,3.712,1.057,-4.278
0.00,2089,9.324,1.526,7.028
0.00,2090,-7.262,-4.021,5.764
0.00,2091,-7.544,4.415,1.505
0.00,2092,0.551,-1.220,-2.431
0.00,2093,-3.474,-9.761,0.032
0.00,2094,2.438,9.135,3.606
0.00,2095,7.037,3.967,-6.424
0.00,2096,-7.188,5.599,5.698
0.00,2097,3.881,-1.269,9.498
0.00,2098,-0.473,-2.576,0.529
0.00,2099,-2.556,-5.264,7.532
0.00,2100,7.895,-4.899,-6.012
0.00,2101,-7.233,-3.695,-8.784
0.00,2102,-8.381,-3.488,-0.233
0.00,2103,-9.504,-1.249,0.743
0.00,2104,-3.612,-8.285,-3.673
0.00,2105,-3.215,0.308,-4.279
0.00,2106,-3.563,4.958,-6.405
0.00,2107,2.401,2.023,-4.146
0.00,2108,5.521,-0.271,1.824
0.00,2109,-5.799,2.084,-6.061
0.00,2110,4.627,-9.814,9.380
0.00,2111,3.577,0.847,-4.002
0.00,2112,1.877,5.499,8.839
0.00,2113,-6.398,7.085,1.661
0.00,2114,-9.536,7.605,2.381
0.00,2115,-3.851,-7.584,-3.938
0.00,2116,-8.701,-2.103,-1.045
0.00,2117,-0.483,-3.057,5.841
0.00,2118,-2.696,-5.942,-9.353
0.00,2119,-3.265,-4.032,7.440
0.00,2120,7.864,-0.116,8.650
0.00,2121,-7.886,-8.636,9.764
0.00,2122,-2.427,-4.614,0.866
0.00,2123,9.639,0.841,9.433
0.00,2124,-7.375,-1.280,9.420
0.00,2125,-3.326,-6.015,-7.692
0.00,2126,7.169,-7.274,1.814
0.00,2127,-2.796,6.527,3.281
0.00,2128,-0.683,1.602,8.953
0.00,2129,-2.858,-1.405,-6.137
0.00,2130,-8.888,7.531,-2.684
0.00,2131,6.518,-7.878,-3.452
0.00,2132,7.741,8.182,-7.596
0.00,2133,5.035,-7.597,8.417
0.00,2134,8.774,2.054,4.526
0.00,2135,0.926,1.597,1.581
0.00,2136,-1.631,-2.404,-9.233
0.00,2137,9.032,-3.758,0.273
0.00,2138,-9.392,-1.566,-5.657
0.00,2139,-2.113,6.541,4.148
0.00,2140,1.017,-8.102,8.952
0.00,2141,-0.080,0.294,-4.470
0.00,2142,-2.860,9.510,-4.322
0.00,2143,-8.992,-4.250,2.676
0.00,2144,7.899,-4.527,1.322
0.00,2145,2.427,-1.191,-8.827
0.00,2146,2.890,-1.559,-4.817
0.00,2147,9.172,-5.997,3.156
0.00,2148,2.336,4.428,0.841
0.00,2149,1.136,5.497,-6.632
0.00,2150,-2.507,-6.187,4.060
0.00,2151,-1.548,9.002,-3.462
0.00,2152,9.218,2.464,2.542
0.00,2153,-8.470,0.499,6.965
0.00,2154,-1.869,-6.725,4.391
0.00,2155,8.173,-7.957,9.487
0.00,2156,3.914,4.599,9.004
0.00,2157,-1.888,7.820,7.721
0.00,2158,-2.982,4.641,1.917
0.00,2159,2.134,4.246,7.032
0.00,2160,-3.828,6.972,3.025
0.00,2161,-5.652,7.751,7.049
0.00,2162,4.910,-7.864,-4.400
0.00,2163,-1.659,-6.876,5.124
0.00,2164,-1.422,-1.945,7.786
0.00,2165,6.542,8.348,-8.356
0.00,2166,8.840,-7.411,-9.589
0.00,2167,1.557,0.991,-5.388
0.00,2168,-6.038,2.423,0.999
0.00,2169,-9.720,1.214,8.748
0.00,2170,-0.840,8.445,8.049
0.00,2171,-8.844,-2.516,-6.900
0.00,2172,-6.236,9.043,5.776
0.00,2173,1.873,-3.212,6.506
0.00,2174,0.832,-4.519,5.970
0.00,2175,-5.308,-8.195,-6.509
0.00,2176,2.026,-3.967,3.858
0.00,2177,-6.752,3.206,7.449
0.00,2178,7.086,-3.318,9.254
0.00,2179,1.304,2.089,-2.650
0.00,2180,5.580,2.352,-7.555
0.00,2181,-4.493,-0.898,-6.850
0.00,2182,-4.513,-7.253,2.585
0.00,2183,9.030,1.773,-1.505
0.00,2184,6.384,9.248,-5.758
0.00,2185,9.541,4.480,-5.605
0.00,2186,0.283,9.702,-4.041
0.00,2187,-5.317,-2.892,5.062
0.00,2188,8.548,8.182,5.910
0.00,2189,-8.843,9.972,-8.701
0.00,2190,8.283,-3.401,1.220
0.00,2191,-9.144,-4.729,-0.481
0.00,2192,9.293,-8.528,-6.033
0.00,2193,3.163,-4.147,-5.740
0.00,2194,-0.622,-2.306,10.049
0.00,2195,1.848,-1.881,-2.572
0.00,2196,1.307,-1.524,-4.368
0.00,2197,9.004,5.225,-4.669
0.00,2198,-1.976,-4.150,0.648
0.00,2199,8.165,-8.808,-3.827
0.00,2200,-4.036,6.546,0.515
0.00,2201,-2.119,7.874,1.822
0.00,2202,1.596,9.541,-8.193
0.00,2203,-1.618,-0.654,1.588
0.00,2204,3.731,0.853,-5.054
0.00,2205,3.184,4.091,9.220
0.00,2206,-1.831,-2.527,3.595
0.00,2207,3.086,-5.368,-5.407
0.00,2208,3.663,2.444,-2.860
0.00,2209,8.432,1.218,-3.392
0.00,2210,1.462,-7.180,7.559
0.00,2211,-5.479,-2.300,1.436
0.00,2212,-9.635,6.805,0.185
0.00,2213,-5.674,6.035,-3.577
0.00,2214,1.502,-7.614,-7.280
0.00,2215,-9.041,-1.909,4.366
0.00,2216,-1.228,-8.811,2.726
0.00,2217,-8.676,1.340,-7.238
0.00,2218,9.625,5.917,3.270
0.00,2219,0.237,-4.221,1.155
0.00,2220,6.820,6.324,-6.401
0.00,2221,-2.609,1.546,3.342
0.00,2222,-8.634,3.995,-5.073
0.00,2223,6.533,-1.236,4.251
0.00,2224,-0.532,2.525,0.646
0.00,2225,4.309,1.904,-9.271
0.00,2226,3.661,-6.052,-7.747
0.00,2227,-1.593,-8.437,9.861
0.00,2228,-6.234,-2.591,0.801
0.00,2229,-7.753,-0.570,-0.010
0.00,2230,-1.768,0.408,-6.542
0.00,2231,-2.959,0.314,-8.763
0.00,2232,-7.093,-9.490,-6.319
0.00,2233,-8.565,-2.540,-5.353
0.00,2234,-7.566,7.445,5.612
0.00,2235,1.062,-5.952,0.806
0.00,2236,0.935,-3.304,-0.891
0.00,2237,-3.447,-8.131,0.993
0.00,2238,7.620,3.064,-0.273
0.00,2239,6.667,6.761,-9.680
0.00,2240,2.868,-5.237,-6.786
0.00,2241,-1.742,8.063,4.385
0.00,2242,-8.724,2.759,3.149
0.00,2243,-9.826,1.619,6.172
0.00,2244,9.778,-0.677,3.029
0.00,2245,5.867,0.534,6.750
0.00,2246,4.509,3.442,-2.867
0.00,2247,8.196,-5.023,5.473
0.00,2248,-5.654,0.638,8.142
0.00,2249,8.091,2.123,-0.042
0.00,2250,0.163,-8.078,-1.716
0.00,2251,-0.102,-9.715,4.477
0.00,2252,-5.598,7.895,-4.817
0.00,2253,-0.385,-2.155,-3.265
0.00,2254,-7.019,0.931,1.559
0.00,2255,3.803,-5.276,0.855
0.00,2256,-4.239,-2.290,-3.212
0.00,2257,2.990,-9.708,0.465
0.00,2258,-3.381,-6.761,-2.621
0.00,2259,-4.506,-9.417,5.270
0.00,2260,0.158,-7.437,-2.548
0.00,2261,-0.369,1.908,5.251
0.00,2262,7.229,6.168,-0.909
0.00,2263,-3.269,8.891,-7.080
0.00,2264,7.436,4.272,3.117
0.00,2265,-1.419,-3.201,7.784
0.00,2266,0.175,9.084,9.821
0.00,2267,5.909,-0.335,-9.479
0.00,2268,1.497,4.680,7.258
0.00,2269,6.324,9.631,6.571
0.00,2270,5.443,1.071,6.174
0.00,2271,9.871,-9.155,-9.632
0.00,2272,4.088,8.701,4.316
0.00,2273,6.776,-5.451,0.360
0.00,2274,5.943,6.209,-2.898
0.00,2275,3.382,-1.855,-4.926
0.00,2276,-4.738,-5.339,-7.212
0.00,2277,9.408,5.411,-2.488
0.00,2278,-5.183,-1.958,6.467
0.00,2279,7.535,-2.603,-4.735
0.00,2280,9.615,-3.068,6.352
0.00,2281,9.379,5.986,-7.808
0.00,2282,0.644,4.310,8.903
0.00,2283,3.831,3.700,2.071
0.00,2284,4.461,-4.685,-0.100
0.00,2285,3.588,-6.544,-4.221
0.00,2286,-1.135,-3.876,2.258
0.00,2287,9.291,-2.977,0.804
0.00,2288,-6.723,3.965,4.033
0.00,2289,9.909,6.244,-0.532
0.00,2290,0.548,5.648,-4.301
0.00,2291,-1.274,-1.460,-6.379
0.00,2292,5.093,-4.155,-5.337
0.00,2293,9.432,8.695,-0.438
0.00,2294,1.778,-5.696,-7.010
0.00,2295,0.599,-8.179,-6.712
0.00,2296,-2.045,-3.625,6.622
0.00,2297,-0.211,-7.713,-9.549
0.00,2298,-3.610,0.517,-5.232
0.00,2299,-9.488,2.693,-3.837
0.00,2300,3.905,-0.314,5.845
0.00,2301,0.041,-6.094,-5.144
0.00,2302,-0.974,3.793,-6.503
0.00,2303,9.179,2.523,-8.600
0.00,2304,5.370,4.101,5.554
0.00,2305,3.170,-6.642,-6.005
0.00,2306,1.268,0.227,-2.342
0.00,2307,5.763,-6.817,-9.080
0.00,2308,-7.755,-9.599,-9.652
0.00,2309,-6.358,3.445,5.901
0.00,2310,-9.473,-4.765,5.234
0.00,2311,-1.884,-3.298,9.596
0.00,2312,-3.482,-8.943,-7.222
0.00,2313,-0.076,-2.484,3.712
0.00,2314,2.413,2.127,5.241
0.00,2315,9.200,-0.862,-0.640
0.00,2316,-6.658,5.261,-4.531
0.00,2317,-8.690,9.492,-2.787
0.00,2318,7.620,-3.404,-5.900
0.00,2319,3.058,-2.200,-9.176
0.00,2320,-7.207,-7.726,-5.148
0.00,2321,6.750,-6.666,4.706
0.00,2322,1.095,0.705,-8.687
0.00,2323,-7.875,-7.936,5.495
0.00,2324,7.992,-5.092,-8.438
0.00,2325,1.411,5.974,-4.962
0.00,2326,2.871,8.408,5.476
0.00,2327,-2.966,-2.600,3.946
0.00,2328,0.917,4.450,-1.439
0.00,2329,-6.222,5.234,7.056
0.00,2330,-9.790,-6.900,-6.497
0.00,2331,-4.777,-2.129,5.629
0.00,2332,-3.585,-6.881,9.740
0.00,2333,-3.646,2.652,-6.054
0.00,2334,-9.708,10.015,8.558
0.00,2335,-5.818,-2.755,-0.474
0.00,2336,8.674,5.724,0.997
0.00,2337,-5.754,-7.668,-7.253
0.00,2338,5.530,7.594,-8.198
0.00,2339,0.348,-9.354,-7.127
0.00,2340,4.931,5.358,-4.816
0.00,2341,-1.418,-5.074,6.516
0.00,2342,1.879,-8.497,-5.939
0.00,2343,-4.549,-7.898,-1.670
0.00,2344,-8.774,6.361,5.015
0.00,2345,-1.157,2.939,-4.133
0.00,2346,-0.969,2.031,-1.912
0.00,2347,-9.863,2.184,1.059
0.00,2348,-6.842,-6.900,-0.431
0.00,2349,-1.597,0.757,-0.485
0.00,2350,4.480,1.463,9.667
0.00,2351,-2.776,-0.703,9.232
0.00,2352,1.173,9.655,-2.536
0.00,2353,-7.587,-7.868,-6.600
0.00,2354,-8.351,-0.450,-8.401
0.00,2355,-8.986,-7.831,0.914
0.00,2356,0.398,1.377,-3.107
0.00,2357,3.077,9.916,4.176
0.00,2358,-1.273,1.864,5.108
0.00,2359,3.621,-4.085,-0.273
0.00,2360,-0.989,-1.216,-4.500
0.00,2361,-3.182,-6.110,6.432
0.00,2362,-9.525,-3.837,-0.788
0.00,2363,0.335,3.217,6.357
0.00,2364,-1.324,7.064,-3.123
0.00,2365,6.191,5.692,0.027
0.00,2366,6.979,-3.171,-0.870
0.00,2367,0.069,1.846,5.180
0.00,2368,8.262,-6.583,8.981
0.00,2369,4.452,-2.172,4.268
0.00,2370,3.672,5.700,-8.718
0.00,2371,-1.178,-6.914,5.515
0.00,2372,-3.654,-2.544,1.187
0.00,2373,-8.425,3.294,-8.767
0.00,2374,7.853,-4.133,6.821
0.00,2375,-6.009,-2.937,8.993
0.00,2376,10.009,-1.376,3.680
0.00,2377,-0.223,-4.182,-6.026
0.00,2378,-9.926,1.477,8.254
0.00,2379,3.282,1.658,-1.155
0.00,2380,-8.143,-4.901,-0.369
0.00,2381,-4.516,-3.222,9.128
0.00,2382,1.591,3.746,0.632
0.00,2383,-9.396,2.893,8.786
0.00,2384,9.549,4.537,-1.989
0.00,2385,-8.645,-4.332,6.392
0.00,2386,-2.156,-8.790,7.589
0.00,2387,5.098,8.596,5.633
0.00,2388,-8.976,-7.901,-3.958
0.00,2389,-1.873,5.525,3.066
0.00,2390,-4.976,9.646,9.464
0.00,2391,-7.641,5.355,1.817
0.00,2392,-2.811,5.823,7.401
0.00,2393,7.592,4.483,-0.598
0.00,2394,0.584,2.841,7.809
0.00,2395,9.654,-8.952,-0.566
0.00,2396,5.737,-8.263,2.508
0.00,2397,0.641,-1.000,-1.403
0.00,2398,5.951,8.801,0.821
0.00,2399,-0.881,-1.566,-2.799
0.00,2400,-8.171,8.599,-4.718
0.00,2401,9.862,-4.093,-7.060
0.00,2402,0.111,-5.654,-5.538
0.00,2403,-6.056,6.681,-1.038
0.00,2404,-4.888,-8.306,-5.625
0.00,2405,3.807,8.899,0.051
0.00,2406,8.668,9.945,7.491
0.00,2407,3.109,7.852,-9.416
0.00,2408,2.115,-2.810,2.886
0.00,2409,-1.291,-0.912,-3.497
0.00,2410,5.894,7.129,0.946
0.00,2411,5.039,5.867,1.174
0.00,2412,-6.219,4.938,9.066
0.00,2413,7.099,-0.907,-10.018
0.00,2414,-8.332,-7.098,3.469
0.00,2415,-7.147,-0.825,8.600
0.00,2416,-7.963,-6.962,-4.258
0.00,2417,3.804,-9.166,-3.028
0.00,2418,-1.633,-4.750,0.593
0.00,2419,-1.937,2.161,1.023
0.00,2420,-5.194,5.221,9.684
0.00,2421,6.700,5.361,-8.482
0.00,2422,2.371,-6.179,2.725
0.00,2423,-1.315,5.050,9.802
0.00,2424,-5.395,0.383,-9.174
0.00,2425,7.621,7.387,-4.740
0.00,2426,-6.825,-6.233,-4.211
0.00,2427,5.672,9.430,-1.982
0.00,2428,-0.096,-9.828,-1.178
0.00,2429,7.983,2.142,0.429
0.00,2430,-4.799,-8.866,6.964
0.00,2431,5.233,-3.237,-3.326
0.00,2432,-5.276,5.535,-0.526
0.00,2433,9.118,2.783,3.117
0.00,2434,6.768,5.406,1.538
0.00,2435,-0.209,0.049,4.415
0.00,2436,2.184,-3.433,-5.283
0.00,2437,8.777,-2.736,2.344
0.00,2438,-5.348,-1.804,6.249
0.00,2439,7.772,6.554,7.140
0.00,2440,6.002,6.949,7.773
0.00,2441,8.445,-8.064,9.410
0.00,2442,-3.753,9.040,-3.923
0.00,2443,-3.328,0.902,-6.872
0.00,2444,-8.928,-4.258,-8.158
0.00,2445,3.125,1.005,-9.791
0.00,2446,-0.368,4.079,-5.969
0.00,2447,3.386,6.142,-3.802
0.00,2448,-6.920,4.389,-9.729
0.00,2449,-4.009,3.813,-7.049
0.00,2450,6.437,9.489,3.768
0.00,2451,-9.424,1.556,0.640
0.00,2452,-0.910,-5.358,-3.212
0.00,2453,5.950,6.649,2.852
0.00,2454,1.793,1.039,-7.171
0.00,2455,3.223,-8.631,3.083
0.00,2456,-0.787,7.554,9.729
0.00,2457,-3.184,0.704,-9.882
0.00,2458,-7.646,7.587,-6.625
0.00,2459,-8.620,0.455,-1.704
0.00,2460,6.774,7.468,-6.861
0.00,2461,7.629,-3.469,-8.024
0.00,2462,4.727,-2.157,3.368
0.00,2463,0.727,-7.916,1.865
0.00,2464,1.951,8.349,4.409
0.00,2465,-9.557,1.101,6.890
0.00,2466,-2.136,-1.900,-5.923
0.00,2467,7.866,5.178,-5.551
0.00,2468,5.225,-8.922,-5.830
0.00,2469,0.404,0.932,6.321
0.00,2470,9.005,4.727,-1.445
0.00,2471,-8.998,-4.227,6.896
0.00,2472,-6.823,-4.403,5.182
0.00,2473,5.147,4.076,-8.067
0.00,2474,-1.775,4.034,1.639
0.00,2475,9.620,-5.673,-2.031
0.00,2476,6.274,-0.752,5.592
0.00,2477,5.720,-8.977,0.441
0.00,2478,-3.804,-9.949,-8.327
0.00,2479,8.467,-2.200,0.075
0.00,2480,-5.020,-2.963,2.640
0.00,2481,-0.014,9.153,9.493
0.00,2482,0.069,7.220,-9.798
0.00,2483,3.743,7.869,3.872
0.00,2484,-9.648,0.638,8.914
0.00,2485,4.679,-9.597,8.052
0.00,2486,1.781,2.308,-2.485
0.00,2487,-4.646,7.980,-5.267
0.00,2488,1.800,-4.512,5.873
0.00,2489,-6.586,1.666,1.480
0.00,2490,6.661,-5.944,7.916
0.00,2491,0.474,-6.764,5.140
0.00,2492,-3.883,5.139,-7.913
0.00,2493,-4.513,5.250,-3.565
0.00,2494,-5.466,-7.374,9.268
0.00,2495,-4.044,5.168,-0.292
0.00,2496,3.685,-7.642,-2.426
0.00,2497,-4.168,4.946,7.132
0.00,2498,-8.805,-6.778,5.582
0.00,2499,-8.380,-3.824,1.710
0.00,2500,-9.059,6.452,4.412
0.00,2501,-1.001,-1.464,-6.230
0.00,2502,5.878,6.708,-0.926
0.00,2503,2.544,-1.097,6.271
0.00,2504,-9.531,3.837,7.620
0.00,2505,3.814,1.355,-4.974
0.00,2506,2.175,-6.654,9.891
0.00,2507,-7.277,-0.976,9.112
0.00,2508,-4.729,4.774,4.364
0.00,2509,8.105,-2.422,2.707
0.00,2510,4.018,8.363,7.412
0.00,2511,0.679,-8.488,-6.325
0.00,2512,4.459,-3.638,6.266
0.00,2513,-2.689,0.707,-2.863
0.00,2514,-9.537,7.956,-1.711
0.00,2515,8.853,-0.108,0.452
0.00,2516,2.261,5.215,9.574
0.00,2517,9.590,9.431,6.422
0.00,2518,-7.832,3.354,-2.513
0.00,2519,-1.050,8.996,0.513
0.00,2520,-4.832,3.093,9.590
0.00,2521,0.215,-4.467,5.667
0.00,2522,1.641,1.622,-1.108
0.00,2523,-4.628,3.534,2.486
0.00,2524,-9.038,8.637,-1.206
0.00,2525,1.912,-5.929,5.779
0.00,2526,-3.127,-8.903,-5.590
0.00,2527,2.632,9.052,-8.201
0.00,2528,3.683,6.929,-6.279
0.00,2529,-8.752,-4.117,-4.803
0.00,2530,-5.228,6.121,0.832
0.00,2531,-9.059,9.439,3.388
0.00,2532,1.695,-9.359,7.803
0.00,2533,9.616,5.545,-1.254
0.00,2534,-3.215,2.936,-7.621
0.00,2535,2.615,-4.536,-2.782
0.00,2536,4.407,6.523,0.770
0.00,2537,-6.186,10.045,-6.283
0.00,2538,-3.064,4.503,7.521
0.00,2539,8.825,-2.008,9.259
0.00,2540,2.893,9.003,-7.016
0.00,2541,-9.644,-0.298,9.863
0.00,2542,0.627,3.739,-1.295
0.00,2543,9.645,4.446,-1.868
0.00,2544,-6.239,7.388,-5.068
0.00,2545,-6.305,3.928,4.488
0.00,2546,1.693,-1.152,-3.651
0.00,2547,-6.261,9.964,-6.888
0.00,2548,-2.116,-1.166,9.700
0.00,2549,-7.866,4.300,1.037
0.00,2550,-6.203,3.940,5.990
0.00,2551,-6.845,-0.887,0.038
0.00,2552,5.531,1.563,-3.540
0.00,2553,1.304,3.578,-0.597
0.00,2554,8.181,2.710,-0.749
0.00,2555,-5.869,-5.816,-0.801
0.00,2556,-9.919,-7.760,-8.937
0.00,2557,-3.281,7.324,3.402
0.00,2558,8.178,-0.668,8.369
0.00,2559,0.496,-5.150,5.991
0.00,2560,3.703,3.926,4.106
0.00,2561,-1.533,-8.516,-3.366
0.00,2562,-6.400,8.742,8.400
0.00,2563,3.704,-2.942,8.246
0.00,2564,-2.171,-9.781,8.528
0.00,2565,4.651,-6.893,1.483
0.00,2566,-3.901,-2.409,1.306
0.00,2567,-0.290,6.237,5.245
0.00,2568,6.301,-7.955,6.292
0.00,2569,6.921,-0.112,3.728
0.00,2570,-8.539,2.431,-8.528
0.00,2571,-1.670,4.352,-9.975
0.00,2572,2.274,5.968,5.626
0.00,2573,0.930,9.518,-4.805
0.00,2574,-4.392,8.215,9.292
0.00,2575,5.730,3.965,1.127
0.00,2576,1.681,2.890,-0.535
0.00,2577,-5.150,1.339,3.129
0.00,2578,4.187,8.606,-9.340
0.00,2579,-7.644,0.999,-9.026
0.00,2580,-6.492,4.692,8.217
0.00,2581,-8.733,-5.498,-9.228
0.00,2582,-7.044,3.154,-4.116
0.00,2583,-4.161,-8.109,-5.007
0.00,2584,-1.150,-9.274,-6.001
0.00,2585,-5.603,-7.037,-8.981
0.00,2586,4.059,-8.667,8.557
0.00,2587,-5.440,10.000,-3.761
0.00,2588,-4.167,2.296,0.736
0.00,2589,3.459,-1.495,5.439
0.00,2590,-3.429,-3.917,-5.221
0.00,2591,2.846,-7.965,4.594
0.00,2592,1.420,-7.474,-0.376
0.00,2593,7.230,-4.031,3.236
0.00,2594,-6.827,0.713,0.056
0.00,2595,-8.067,-3.886,-9.836
0.00,2596,7.375,0.270,1.099
0.00,2597,-3.277,2.589,-0.245
0.00,2598,-6.369,-2.032,-3.045
0.00,2599,3.630,8.050,0.186
0.00,2600,1.941,-3.020,-0.571
0.00,2601,0.167,-1.827,3.162
0.00,2602,0.078,-1.609,-1.507
0.00,2603,8.576,-3.644,-7.976
0.00,2604,-10.020,7.364,-0.644
0.00,2605,5.714,-8.873,5.706
0.00,2606,-2.229,-8.076,-7.029
0.00,2607,10.028,-6.713,2.902
0.00,2608,0.083,-3.780,7.663
0.00,2609,0.381,-8.485,2.402
0.00,2610,-8.377,-7.422,5.512
0.00,2611,-8.987,-1.280,-4.958
0.00,2612,1.435,-3.351,-2.732
0.00,2613,-4.089,-2.970,0.612
0.00,2614,0.996,9.107,-9.372
0.00,2615,-6.188,-4.831,-2.829
0.00,2616,4.816,-7.202,-1.676
0.00,2617,4.242,6.750,-1.373
0.00,2618,-5.559,-4.837,7.073
0.00,2619,-2.931,-8.888,7.615
0.00,2620,-5.097,1.944,1.222
0.00,2621,-9.203,-1.533,0.936
0.00,2622,1.492,-3.601,9.878
0.00,2623,-7.535,0.204,1.963
0.00,2624,9.371,8.719,1.527
0.00,2625,2.739,-5.467,9.527
0.00,2626,-5.821,-2.946,4.433
0.00,2627,9.899,0.304,9.470
0.00,2628,7.678,-1.484,-5.768
0.00,2629,-3.109,-8.248,-0.661
0.00,2630,5.734,-2.725,9.381
0.00,2631,6.786,2.641,8.214
0.00,2632,2.677,0.551,-0.138
0.00,2633,9.083,0.451,-9.998
0.00,2634,6.860,-3.083,9.359
0.00,2635,4.699,-8.421,-8.775
0.00,2636,-3.326,-9.385,-4.667
0.00,2637,-8.683,-8.810,-7.520
0.00,2638,6.566,-7.958,-4.964
0.00,2639,2.807,1.402,8.422
0.00,2640,-3.842,-0.859,-2.163
0.00,2641,3.422,1.464,-5.312
0.00,2642,5.777,8.883,-7.356
0.00,2643,-4.509,5.844,-9.878
0.00,2644,0.186,1.413,-4.664
0.00,2645,5.745,0.642,3.942
0.00,2646,2.115,-2.055,5.917
0.00,2647,0.553,3.644,5.506
0.00,2648,-6.186,-0.199,-5.148
0.00,2649,-8.039,-3.127,1.532
0.00,2650,-4.187,6.442,-7.374
0.00,2651,3.651,3.868,4.944
0.00,2652,1.555,6.830,-4.764
0.00,2653,2.184,4.145,-5.633
0.00,2654,-9.541,2.906,1.866
0.00,2655,-3.969,-3.881,4.612
0.00,2656,9.957,5.932,7.024
0.00,2657,1.153,0.925,0.818
0.00,2658,-9.076,-8.953,-3.593
0.00,2659,-2.729,7.683,5.545
0.00,2660,2.727,2.164,8.722
0.00,2661,-6.648,-1.823,-1.460
0.00,2662,1.359,-6.741,-7.177
0.00,2663,6.008,6.462,-7.886
0.00,2664,0.462,-5.554,-8.134
0.00,2665,-0.741,9.884,1.906
0.00,2666,-5.363,4.046,-5.758
0.00,2667,0.060,5.889,-8.705
0.00,2668,7.175,-0.305,2.320
0.00,2669,-3.485,-3.399,7.633
0.00,2670,-2.675,-7.738,-0.285
0.00,2671,6.361,-8.752,-2.519
0.00,2672,-7.263,6.264,1.575
0.00,2673,-7.680,8.190,4.618
0.00,2674,-6.977,-9.841,6.647
0.00,2675,-4.787,1.304,-4.302
0.00,2676,9.572,-0.376,-5.673
0.00,2677,-1.863,5.195,-4.935
0.00,2678,-9.958,-5.390,-4.718
0.00,2679,-1.644,-5.704,-3.006
0.00,2680,1.885,-9.777,-5.651
0.00,2681,8.676,9.949,-6.158
0.00,2682,1.077,-3.289,4.302
0.00,2683,-6.958,-0.970,-2.257
0.00,2684,-0.225,2.252,-3.718
0.00,2685,0.639,7.280,5.064
0.00,2686,9.985,1.158,-0.961
0.00,2687,-3.311,-6.717,4.149
0.00,2688,-6.159,4.177,6.573
0.00,2689,-8.234,2.252,-8.439
0.00,2690,-7.966,0.954,-2.914
0.00,2691,-0.668,-1.265,-9.838
0.00,2692,-1.466,-2.027,-2.105
0.00,2693,-5.386,4.272,-6.513
0.00,2694,9.967,4.908,-6.149
0.00,2695,-5.265,-1.826,-1.787
0.00,2696,-7.573,8.913,-4.681
0.00,2697,2.693,-2.688,-4.229
0.00,2698,-1.366,-4.744,-9.239
0.00,2699,-1.681,3.079,-4.485
0.00,2700,-2.225,-9.744,-0.607
0.00,2701,8.719,-8.851,-2.887
0.00,2702,3.018,1.929,1.006
0.00,2703,-1.136,5.316,-1.455
0.00,2704,0.925,5.081,8.890
0.00,2705,0.713,9.418,4.908
0.00,2706,2.030,-0.769,0.660
0.00,2707,-9.447,-8.282,-6.112
0.00,2708,-2.686,-0.372,8.405
0.00,2709,-7.804,8.776,9.376
0.00,2710,-0.295,-6.861,4.166
0.00,2711,2.441,-6.899,-0.669
0.00,2712,-8.622,8.559,-1.488
0.00,2713,8.184,-5.829,9.446
0.00,2714,-4.092,9.462,-2.216
0.00,2715,4.124,2.371,7.866
0.00,2716,-0.603,7.535,-7.176
0.00,2717,-2.084,-9.068,5.570
0.00,2718,-4.424,-0.055,7.072
0.00,2719,-5.924,4.228,-3.639
0.00,2720,5.455,5.530,1.270
0.00,2721,8.986,8.106,9.120
0.00,2722,-9.001,2.293,-1.104
0.00,2723,-9.684,-8.208,7.763
0.00,2724,7.616,0.783,-3.572
0.00,2725,8.403,-5.950,-8.532
0.00,2726,-8.726,-9.108,9.075
0.00,2727,8.374,-0.317,-5.869
0.00,2728,2.489,1.342,-6.979
0.00,2729,5.987,6.181,-7.725
0.00,2730,5.811,-5.095,-0.548
0.00,2731,-0.616,8.602,3.538
0.00,2732,-4.957,7.841,-6.106
0.00,2733,-2.364,10.042,1.986
0.00,2734,-10.012,-5.489,7.524
0.00,2735,-0.547,8.387,1.146
0.00,2736,-10.000,7.458,6.081
0.00,2737,-2.825,1.841,-4.022
0.00,2738,5.693,9.466,0.084
0.00,2739,6.862,-5.843,-7.415
0.00,2740,-7.667,3.451,9.880
0.00,2741,-9.843,1.598,1.550
0.00,2742,0.165,-8.254,8.120
0.00,2743,-5.414,-10.018,-9.957
0.00,2744,5.582,-1.767,9.790
0.00,2745,-1.284,-8.482,-9.089
0.00,2746,-9.545,7.596,3.182
0.00,2747,3.542,4.467,7.058
0.00,2748,7.722,-8.776,7.060
0.00,2749,-7.130,-5.707,4.346
0.00,2750,0.837,-8.067,-2.640
0.00,2751,-0.593,4.036,6.518
0.00,2752,-2.172,4.068,1.455
0.00,2753,-2.326,-6.681,2.936
0.00,2754,9.861,-3.625,-9.591
0.00,2755,1.763,4.508,-2.124
0.00,2756,-8.889,5.278,10.002
0.00,2757,-7.636,-4.649,-1.217
0.00,2758,4.689,-8.471,-8.870
0.00,2759,-3.101,4.158,2.851
0.00,2760,-8.619,-5.910,-3.838
0.00,2761,-2.204,-1.774,-3.140
0.00,2762,7.839,4.268,-1.837
0.00,2763,-4.291,2.124,9.032
0.00,2764,5.310,9.235,6.850
0.00,2765,8.362,8.380,9.379
0.00,2766,-4.282,-8.431,7.734
0.00,2767,-1.863,-4.672,6.261
0.00,2768,8.767,-0.467,3.223
0.00,2769,-8.783,8.005,7.989
0.00,2770,-8.287,-5.129,1.270
0.00,2771,0.027,7.333,-2.773
0.00,2772,0.168,4.467,8.446
0.00,2773,-7.163,8.654,-4.138
0.00,2774,-5.154,-3.226,2.582
0.00,2775,-1.698,1.056,6.827
0.00,2776,-7.763,1.403,-3.658
0.00,2777,5.552,1.496,-8.557
0.00,2778,9.704,-0.542,-1.795
0.00,2779,6.552,8.575,6.555
0.00,2780,-4.040,6.997,-2.699
0.00,2781,0.366,6.652,5.078
0.00,2782,-8.095,-10.034,1.749
0.00,2783,-1.986,4.003,4.675
0.00,2784,3.501,-1.625,-8.372
0.00,2785,1.645,-1.779,-3.288
0.00,2786,3.644,-6.336,-2.598
0.00,2787,-6.538,9.621,-3.614
0.00,2788,-2.022,8.455,6.594
0.00,2789,3.708,-0.295,-7.867
0.00,2790,2.723,4.746,3.949
0.00,2791,5.894,3.082,2.888
0.00,2792,1.466,9.088,9.162
0.00,2793,4.299,-1.624,-4.927
0.00,2794,-0.533,-0.898,-4.944
0.00,2795,-9.699,8.230,-2.005
0.00,2796,-4.114,-0.931,8.957
0.00,2797,5.924,6.632,-0.945
0.00,2798,-3.080,-9.125,-6.214
0.00,2799,-9.571,8.954,-6.117
0.00,2800,3.591,1.203,5.612
0.00,2801,-7.441,-8.584,-2.317
0.00,2802,4.838,3.118,-3.347
0.00,2803,-5.328,-3.464,-1.279
0.00,2804,-8.202,1.591,-4.205
0.00,2805,9.300,-7.988,1.700
0.00,2806,-5.595,-8.376,9.865
0.00,2807,-2.621,-3.105,2.952
0.00,2808,7.679,-7.475,-8.379
0.00,2809,1.824,-9.153,-2.136
0.00,2810,-7.478,-2.829,8.760
0.00,2811,6.833,-8.400,-7.071
0.00,2812,-8.297,-5.790,4.349
0.00,2813,-1.342,9.784,0.369
0.00,2814,-3.614,8.202,-3.561
0.00,2815,-6.950,2.667,-8.786
0.00,2816,8.917,-0.203,6.480
0.00,2817,-7.365,2.528,-9.725
0.00,2818,-7.991,-4.317,2.043
0.00,2819,-7.862,1.768,-1.923
0.00,2820,-7.788,-2.375,3.746
0.00,2821,-2.341,7.134,-6.273
0.00,2822,4.270,-4.836,0.228
0.00,2823,2.855,5.973,-0.385
0.00,2824,-3.332,-2.381,-2.461
0.00,2825,6.289,8.518,8.475
0.00,2826,9.484,-8.183,-3.107
0.00,2827,1.197,-4.758,-0.268
0.00,2828,6.932,-6.397,3.933
0.00,2829,2.048,-0.368,6.373
0.00,2830,-6.603,-9.274,3.605
0.00,2831,2.300,-3.460,-0.092
0.00,2832,-7.043,-1.710,-7.355
0.00,2833,9.969,-7.745,8.513
0.00,2834,1.442,-4.177,-5.158
0.00,2835,-5.424,-6.462,2.689
0.00,2836,7.153,-6.496,-5.807
0.00,2837,4.558,7.427,-8.535
0.00,2838,-8.567,3.873,-1.592
0.00,2839,-8.708,-4.553,0.416
0.00,2840,0.658,9.601,-6.066
0.00,2841,-8.978,-6.705,-2.717
0.00,2842,-3.457,6.841,6.069
0.00,2843,2.151,4.533,2.750
0.00,2844,-1.736,2.247,1.213
0.00,2845,-5.823,9.116,-6.655
0.00,2846,-8.139,9.171,-3.216
0.00,2847,9.945,7.743,-0.279
0.00,2848,-5.688,-0.557,5.518
0.00,2849,2.322,3.068,-7.056
0.00,2850,-8.839,-6.197,-8.794
0.00,2851,-1.093,-8.194,7.173
0.00,2852,4.214,2.452,9.797
0.00,2853,-8.523,7.265,-2.330
0.00,2854,0.729,9.230,3.586
0.00,2855,-1.217,8.371,-3.411
0.00,2856,-5.266,-6.530,-2.268
0.00,2857,5.278,-4.392,0.404
0.00,2858,3.240,7.286,7.767
0.00,2859,-6.825,-7.620,0.768
0.00,2860,-7.381,9.327,-1.419
0.00,2861,0.064,-9.261,4.489
0.00,2862,-1.243,3.877,7.447
0.00,2863,8.176,7.861,8.104
0.00,2864,-4.173,5.364,8.556
0.00,2865,0.821,5.369,-5.367
0.00,2866,0.666,-4.643,-3.346
0.00,2867,1.250,6.601,-3.659
0.00,2868,9.702,3.873,6.787
0.00,2869,-2.790,-8.596,4.655
0.00,2870,1.998,-4.623,-3.633
0.00,2871,-9.193,-9.384,5.030
0.00,2872,6.111,-0.360,9.161
0.00,2873,3.363,-4.003,4.964
0.00,2874,-8.831,5.799,5.249
0.00,2875,7.127,-3.741,6.983
0.00,2876,4.804,-7.779,4.014
0.00,2877,-7.907,4.347,3.084
0.00,2878,0.747,-7.155,-9.320
0.00,2879,-8.669,-2.431,6.154
0.00,2880,-1.311,2.497,5.617
0.00,2881,6.143,-4.606,-3.249
0.00,2882,-3.597,-6.089,-2.473
0.00,2883,-0.729,8.844,9.599
0.00,2884,4.482,-8.426,-8.348
0.00,2885,3.679,-1.184,8.755
0.00,2886,-7.651,-8.015,-3.715
0.00,2887,7.769,5.088,-0.664
0.00,2888,0.701,6.694,7.988
0.00,2889,4.638,-7.226,6.468
0.00,2890,-3.395,-3.783,1.094
0.00,2891,2.825,3.494,4.547
0.00,2892,-8.263,4.731,9.710
0.00,2893,-0.530,6.772,2.297
0.00,2894,1.259,8.776,9.246
0.00,2895,-8.093,9.947,1.644
0.00,2896,8.943,4.357,7.809
0.00,2897,-9.514,4.728,-6.471
0.00,2898,8.644,1.239,8.486
0.00,2899,-9.694,-4.862,8.031
0.00,2900,2.375,1.013,-8.451
0.00,2901,-3.131,7.867,5.409
0.00,2902,7.076,5.226,-6.682
0.00,2903,5.905,-4.914,-0.940
0.00,2904,1.831,-0.892,9.331
0.00,2905,2.036,2.857,9.769
0.00,2906,2.775,-9.649,4.283
0.00,2907,-4.515,-8.614,-1.689
0.00,2908,-0.620,-6.926,-1.049
0.00,2909,-3.937,-6.628,1.803
0.00,2910,2.535,6.426,-7.192
0.00,2911,-2.215,-4.385,-5.796
0.00,2912,0.180,4.728,-9.633
0.00,2913,-1.429,4.237,3.111
0.00,2914,-9.986,-4.597,8.269
0.00,2915,-7.172,8.318,7.752
0.00,2916,6.102,-7.674,1.873
0.00,2917,9.478,0.546,-9.334
0.00,2918,-7.637,2.859,-1.186
0.00,2919,-9.614,3.049,-5.885
0.00,2920,6.805,-4.607,-7.152
0.00,2921,8.298,-9.951,4.246
0.00,2922,0.876,5.740,2.211
0.00,2923,1.316,2.614,5.162
0.00,2924,1.600,-7.745,-4.726
0.00,2925,-8.342,0.850,9.529
0.00,2926,3.701,-4.899,-5.302
0.00,2927,-6.557,3.384,9.039
0.00,2928,4.337,-5.341,-7.595
0.00,2929,5.728,7.750,-4.895
0.00,2930,2.485,3.541,-7.345
0.00,2931,-9.513,0.939,-2.989
0.00,2932,3.694,5.652,-7.076
0.00,2933,-4.073,-1.193,9.467
0.00,2934,-7.371,1.808,-1.439
0.00,2935,7.183,1.345,3.647
0.00,2936,-0.391,3.124,-3.556
0.00,2937,-7.135,-7.435,-6.495
0.00,2938,0.401,-3.067,3.692
0.00,2939,6.752,-8.712,8.944
0.00,2940,-5.685,8.608,0.890
0.00,2941,-5.434,3.041,-7.024
0.00,2942,8.379,-9.602,5.056
0.00,2943,-8.691,-9.059,-5.740
0.00,2944,-1.338,6.454,5.795
0.00,2945,-4.048,-5.996,5.991
0.00,2946,-7.712,8.713,1.827
0.00,2947,-5.800,-7.833,-7.866
0.00,2948,-4.848,-8.228,-0.931
0.00,2949,0.796,0.510,3.544
0.00,2950,-4.382,-0.020,-4.728
0.00,2951,-4.766,2.482,5.468
0.00,2952,-0.827,4.750,-3.520
0.00,2953,4.496,0.915,-1.036
0.00,2954,-1.000,8.933,-7.992
0.00,2955,-9.560,-7.144,-6.191
0.00,2956,-9.465,-9.064,0.128
0.00,2957,-8.410,-3.226,-2.070
0.00,2958,-6.483,5.491,8.011
0.00,2959,-9.240,-4.078,-5.391
0.00,2960,-2.045,0.847,-3.867
0.00,2961,-3.756,-5.534,7.766
0.00,2962,5.002,-5.529,8.848
0.00,2963,1.999,9.615,-7.018
0.00,2964,-3.150,-5.294,-6.397
0.00,2965,9.360,9.439,-4.483
0.00,2966,-6.291,-0.505,-0.325
0.00,2967,5.942,7.837,9.896
0.00,2968,9.054,9.249,5.788
0.00,2969,1.885,5.406,9.899
0.00,2970,2.026,4.649,-2.123
0.00,2971,-5.803,-7.698,0.547
0.00,2972,-6.527,-6.363,5.732
0.00,2973,6.610,-3.703,7.273
0.00,2974,-2.359,6.114,6.588
0.00,2975,2.286,-2.376,-1.545
0.00,2976,7.464,-1.440,-5.116
0.00,2977,-6.947,7.275,3.707
0.00,2978,-4.515,-0.773,6.952
0.00,2979,-0.305,-6.697,9.284
0.00,2980,-7.808,-8.920,3.102
0.00,2981,-8.539,2.944,1.322
0.00,2982,1.001,8.174,-2.633
0.00,2983,1.228,-1.710,-8.220
0.00,2984,0.868,9.721,1.185
0.00,2985,5.101,5.388,-7.646
0.00,2986,0.199,3.879,1.795
0.00,2987,2.087,-0.149,-8.304
0.00,2988,-2.514,0.188,7.290
0.00,2989,2.617,1.313,-8.593
0.00,2990,-1.892,-3.392,-7.723
0.00,2991,6.310,6.084,-1.989
0.00,2992,-7.255,-3.653,1.647
0.00,2993,4.062,8.098,-2.031
0.00,2994,-7.838,0.322,-6.543
0.00,2995,-6.301,-7.894,-8.475
0.00,2996,-0.299,-8.727,-1.252
0.00,2997,-9.426,1.733,-2.436
0.00,2998,7.314,-1.952,-0.330
0.00,2999,8.481,6.126,-1.594
0.05,0,-6.288,-5.191,8.811
0.05,1,7.657,4.645,-0.125
0.05,2,7.121,-5.661,-0.333
0.05,3,-4.067,1.303,1.089
0.05,4,8.242,6.037,-4.331
0.05,5,8.494,0.858,0.054
0.05,6,-8.108,-8.091,5.617
0.05,7,4.099,-9.423,-1.931
0.05,8,1.535,6.339,-10.205
0.05,9,-6.933,-5.601,4.525
0.05,10,0.481,1.866,-8.316
0.05,11,-8.523,-0.908,-8.734
0.05,12,-7.492,3.143,-9.671
0.05,13,1.417,-4.218,6.495
0.05,14,2.230,-3.864,4.142
0.05,15,-7.788,-5.139,-7.144
0.05,16,-5.440,-4.078,-9.845
0.05,17,7.215,-5.491,-5.822
0.05,18,5.337,3.526,1.912
0.05,19,-4.854,1.723,-3.345
0.05,20,-9.237,-0.729,0.554
0.05,21,-9.639,-7.153,1.313
0.05,22,-8.583,8.050,9.862
0.05,23,7.874,-6.223,-7.942
0.05,24,1.756,0.623,-6.984
0.05,25,4.137,0.999,-3.758
0.05,26,-2.945,0.926,-4.496
0.05,27,-0.635,-4.284,4.835
0.05,28,-0.832,5.464,-5.416
0.05,29,-6.664,3.859,-6.984
0.05,30,5.669,-1.282,-5.029
0.05,31,-4.161,-0.740,4.415
0.05,32,6.603,4.565,2.253
0.05,33,-4.537,-7.869,4.519
0.05,34,-1.544,-4.933,3.451
0.05,35,6.817,-3.794,0.084
0.05,36,-6.037,-5.264,3.115
0.05,37,3.373,-6.824,0.087
0.05,38,-6.716,-7.247,5.490
0.05,39,0.794,-8.130,3.893
0.05,40,-7.037,3.517,4.189
0.05,41,-4.920,2.825,0.401
0.05,42,5.207,2.359,-7.955
0.05,43,9.857,8.071,0.358
0.05,44,-8.346,-8.658,0.267
0.05,45,-4.664,-9.130,-5.281
0.05,46,-5.151,4.797,-9.831
0.05,47,-3.281,-9.693,4.061
0.05,48,-9.934,5.851,-11.078
0.05,49,1.629,6.454,-10.969
0.05,50,2.237,-2.424,9.813
0.05,51,5.032,-5.987,-4.996
0.05,52,-6.080,-3.989,9.941
0.05,53,-5.111,2.943,-5.101
0.05,54,3.700,9.831,-7.686
0.05,55,-8.783,2.260,3.516
0.05,56,3.140,4.265,5.786
0.05,57,10.036,-4.437,0.875
0.05,58,6.083,8.246,-6.906
0.05,59,6.118,-1.500,0.546
0.05,60,-2.695,1.890,5.693
0.05,61,-9.729,4.677,-11.259
0.05,62,-9.503,0.892,5.671
0.05,63,-4.404,3.695,-3.327
0.05,64,-5.094,5.015,3.170
0.05,65,-3.669,-6.367,-10.158
0.05,66,-0.379,8.557,0.059
0.05,67,-1.259,-4.690,-9.669
0.05,68,1.966,8.129,0.088
0.05,69,-2.746,-1.746,-0.807
0.05,70,9.456,4.318,-8.184
0.05,71,-2.527,6.009,3.776
0.05,72,-6.274,-3.564,0.059
0.05,73,-4.259,-6.744,0.098
0.05,74,-9.871,6.740,9.996
0.05,75,-9.610,-5.985,2.102
0.05,76,-1.866,5.881,2.570
0.05,77,-6.132,-2.500,-10.412
0.05,78,-0.289,5.547,-9.938
0.05,79,4.390,-6.445,10.020
0.05,80,-9.791,-3.150,9.290
0.05,81,2.758,2.125,-2.694
0.05,82,-1.486,-8.140,4.503
0.05,83,-7.076,2.629,3.975
0.05,84,-2.597,-6.409,-4.835
0.05,85,-3.742,0.813,1.324
0.05,86,5.285,-0.723,1.354
0.05,87,4.338,-9.775,-8.788
0.05,88,-5.778,-2.007,-5.089
0.05,89,1.507,4.883,0.375
0.05,90,5.862,-0.855,-5.554
0.05,91,-2.948,1.742,-8.511
0.05,92,-2.942,0.488,6.649
0.05,93,7.492,-6.123,4.088
0.05,94,-5.095,6.564,-8.247
0.05,95,0.900,-8.428,-10.006
0.05,96,3.256,2.115,6.552
0.05,97,-8.435,-2.291,-6.572
0.05,98,-9.469,-8.972,-6.121
0.05,99,-7.389,-3.770,-4.195
0.05,100,0.454,-2.050,-7.456
0.05,101,5.856,-3.019,9.284
0.05,102,0.912,-3.220,-7.737
0.05,103,6.008,1.806,4.060
0.05,104,-6.458,1.692,4.584
0.05,105,-4.334,-4.747,-7.062
0.05,106,-4.008,8.916,5.036
0.05,107,-6.836,5.030,3.184
0.05,108,6.841,-5.990,0.003
0.05,109,2.111,3.377,6.605
0.05,110,-3.639,9.086,3.766
0.05,111,-3.576,9.507,-0.208
0.05,112,1.956,-2.869,-3.984
0.05,113,-9.329,4.537,9.566
0.05,114,-5.134,-5.993,0.091
0.05,115,3.016,1.404,-0.853
0.05,116,8.916,-7.335,-5.318
0.05,117,-2.750,-1.898,6.772
0.05,118,-1.483,-1.634,2.445
0.05,119,-7.908,-9.035,-3.260
0.05,120,-2.668,-8.942,-10.858
0.05,121,1.965,-7.578,-4.835
0.05,122,-8.160,1.007,4.971
0.05,123,-2.720,4.531,-4.392
0.05,124,7.788,-0.182,3.739
0.05,125,8.071,7.114,6.629
0.05,126,-1.865,2.461,1.772
0.05,127,2.455,1.588,-0.460
0.05,128,9.257,-9.699,-1.889
0.05,129,-5.540,-1.835,4.471
0.05,130,1.397,0.523,6.660
0.05,131,-0.041,-9.748,8.844
0.05,132,-5.541,5.562,2.773
0.05,133,-9.483,2.342,-6.298
0.05,134,9.286,7.413,4.878
0.05,135,-1.615,-7.227,-4.678
0.05,136,2.187,2.076,-8.936
0.05,137,-7.240,-5.638,-5.869
0.05,138,3.152,-7.144,0.097
0.05,139,4.085,-9.667,-5.487
0.05,140,1.810,7.274,3.714
0.05,141,2.893,0.323,5.944
0.05,142,-3.715,-3.245,1.258
0.05,143,-7.591,2.755,0.107
0.05,144,3.286,9.973,9.415
0.05,145,-2.394,-1.459,-10.222
0.05,146,2.327,-6.787,-5.152
0.05,147,-7.426,-2.576,3.669
0.05,148,-8.285,-8.329,0.536
0.05,149,-2.399,3.960,-9.234
0.05,150,4.523,-4.543,4.120
0.05,151,6.282,4.507,3.047
0.05,152,6.715,-2.014,3.007
0.05,153,-3.148,-2.971,-8.937
0.05,154,-10.040,0.776,-3.839
0.05,155,0.232,3.446,2.769
0.05,156,3.279,8.854,-11.014
0.05,157,6.456,3.892,4.350
0.05,158,-8.203,-4.405,3.557
0.05,159,-0.399,-3.922,-9.435
0.05,160,5.878,-6.970,-4.978
0.05,161,2.780,6.612,-4.984
0.05,162,-8.342,3.669,4.152
0.05,163,8.703,5.309,8.693
0.05,164,-8.340,-6.364,-2.393
0.05,165,1.602,7.528,4.525
0.05,166,-3.331,1.069,-8.797
0.05,167,1.689,4.415,-6.036
0.05,168,-2.247,-6.340,-5.581
0.05,169,-2.909,-9.505,-11.137
0.05,170,8.477,-2.174,-7.086
0.05,171,2.957,-5.730,-9.643
0.05,172,-7.358,0.785,5.848
0.05,173,1.157,2.393,-3.367
0.05,174,6.808,-0.087,-9.250
0.05,175,8.021,-8.900,-2.673
0.05,176,6.692,1.706,5.535
0.05,177,1.905,-1.831,6.899
0.05,178,1.840,-4.634,5.281
0.05,179,1.398,8.652,0.084
0.05,180,-6.405,-8.422,9.947
0.05,181,7.418,8.011,0.750
0.05,182,-5.583,0.493,4.091
0.05,183,0.365,-9.234,-0.030
0.05,184,-7.185,-3.551,0.102
0.05,185,4.668,-5.169,0.029
0.05,186,-0.850,-4.717,8.879
0.05,187,-9.502,-4.606,-2.188
0.05,188,6.036,-5.355,-7.117
0.05,189,9.308,1.500,-6.846
0.05,190,-6.084,8.487,3.312
0.05,191,1.714,-2.011,4.644
0.05,192,6.888,7.440,-11.155
0.05,193,-5.917,9.282,-7.983
0.05,194,1.404,-6.095,3.496
0.05,195,0.459,7.927,9.945
0.05,196,-8.283,1.227,3.408
0.05,197,-3.780,5.161,1.892
0.05,198,7.303,-6.937,4.877
0.05,199,-6.930,-5.532,0.041
0.05,200,7.088,-5.279,-7.795
0.05,201,2.616,-9.480,-11.161
0.05,202,-0.180,9.655,-6.846
0.05,203,-3.790,-0.730,-10.501
0.05,204,-2.528,-3.669,-5.429
0.05,205,-9.076,7.370,-2.873
0.05,206,3.970,3.791,1.207
0.05,207,-8.094,-7.787,0.204
0.05,208,-7.760,5.020,0.022
0.05,209,5.177,6.328,3.511
0.05,210,-6.047,1.050,6.702
0.05,211,-7.305,9.815,8.618
0.05,212,6.971,7.594,3.897
0.05,213,-0.986,1.532,-5.291
0.05,214,8.330,-7.269,4.040
0.05,215,3.580,-9.599,3.551
0.05,216,-1.262,8.610,3.963
0.05,217,-4.846,-7.233,3.772
0.05,218,-9.194,-5.358,-2.569
0.05,219,2.583,4.363,-5.014
0.05,220,-3.037,-7.537,-5.003
0.05,221,6.141,-6.031,-5.976
0.05,222,-9.062,-3.517,4.142
0.05,223,-9.488,-1.042,-8.091
0.05,224,-6.187,-6.249,3.532
0.05,225,-6.589,-8.058,-7.608
0.05,226,4.756,5.984,-10.635
0.05,227,-5.192,-4.405,-4.781
0.05,228,-4.543,-3.083,-4.534
0.05,229,-8.783,0.323,4.533
0.05,230,-4.641,7.592,0.000
0.05,231,8.554,-0.439,9.182
0.05,232,8.764,8.538,2.747
0.05,233,-6.627,3.677,8.525
0.05,234,8.066,8.311,-8.781
0.05,235,4.933,8.106,-8.117
0.05,236,-4.734,6.095,0.094
0.05,237,5.403,-1.811,9.593
0.05,238,5.416,-9.237,4.255
0.05,239,-5.233,4.435,-3.662
0.05,240,2.055,-2.674,1.852
0.05,241,6.659,-0.878,-0.860
0.05,242,9.529,-0.377,3.804
0.05,243,9.919,-3.542,-3.890
0.05,244,2.070,-8.250,0.078
0.05,245,-4.274,-0.670,-3.500
0.05,246,-7.789,-3.152,0.100
0.05,247,7.544,-8.864,3.330
0.05,248,-3.353,8.990,7.069
0.05,249,4.863,9.312,-9.479
0.05,250,-2.114,-6.739,-8.018
0.05,251,6.131,9.153,-6.071
0.05,252,-4.690,4.994,-4.957
0.05,253,-6.171,-9.747,5.589
0.05,254,-9.564,3.932,-10.529
0.05,255,0.160,3.930,5.596
0.05,256,-5.542,0.151,-9.390
0.05,257,-6.916,3.709,-11.310
0.05,258,5.822,8.974,-10.723
0.05,259,-4.460,-8.530,-0.121
0.05,260,-1.001,-7.289,2.987
0.05,261,1.010,-3.241,-10.285
0.05,262,7.144,-0.766,0.105
0.05,263,-3.724,1.352,-8.964
0.05,264,7.427,3.720,3.864
0.05,265,8.701,-1.478,0.041
0.05,266,-3.095,3.459,8.638
0.05,267,8.450,-1.501,9.534
0.05,268,-8.222,1.556,3.381
0.05,269,1.341,8.453,3.440
0.05,270,0.753,-8.493,0.057
0.05,271,-4.099,-8.838,-5.962
0.05,272,1.891,-4.243,0.992
0.05,273,-3.252,-8.444,-4.978
0.05,274,7.170,1.432,-8.556
0.05,275,0.902,-6.825,-9.326
0.05,276,-1.763,-4.472,4.865
0.05,277,7.071,-4.381,3.574
0.05,278,3.124,-5.819,-9.709
0.05,279,7.248,-7.806,9.512
0.05,280,-5.108,-2.923,-4.991
0.05,281,-0.883,-5.240,6.048
0.05,282,-3.822,-1.690,1.527
0.05,283,-7.091,4.812,3.343
0.05,284,3.151,7.730,0.097
0.05,285,-0.596,-9.534,9.597
0.05,286,-3.429,2.448,3.503
0.05,287,1.006,2.531,6.652
0.05,288,0.831,0.881,-10.067
0.05,289,2.485,0.925,-3.508
0.05,290,-8.187,8.664,1.379
0.05,291,-4.613,4.719,0.826
0.05,292,4.875,-9.399,5.421
0.05,293,8.652,-6.062,-4.128
0.05,294,-8.892,-8.570,-3.487
0.05,295,-9.470,7.111,5.495
0.05,296,-4.828,3.812,4.332
0.05,297,2.738,7.311,0.116
0.05,298,8.133,-8.621,-6.209
0.05,299,-7.006,-10.017,9.686
0.05,300,8.830,-8.321,-10.009
0.05,301,4.374,-1.370,0.928
0.05,302,9.365,8.742,-6.222
0.05,303,1.411,1.773,1.185
0.05,304,-4.072,7.619,-6.823
0.05,305,-6.636,8.979,-7.440
0.05,306,7.051,-3.560,1.279
0.05,307,-3.919,7.517,-4.464
0.05,308,-4.072,0.984,-8.299
0.05,309,-6.377,-7.067,9.651
0.05,310,2.734,1.362,-8.298
0.05,311,3.912,-3.588,-4.248
0.05,312,-2.920,-6.656,5.114
0.05,313,1.658,-7.150,9.371
0.05,314,2.370,1.340,-3.329
0.05,315,7.370,1.409,0.085
0.05,316,3.308,-6.606,0.059
0.05,317,-1.686,-2.737,1.283
0.05,318,3.332,-9.072,4.574
0.05,319,-5.038,1.620,-6.169
0.05,320,8.723,-7.019,-6.768
0.05,321,4.555,2.758,4.826
0.05,322,-6.906,-6.706,4.877
0.05,323,-6.964,-2.560,-4.908
0.05,324,5.447,0.592,0.582
0.05,325,-8.689,-6.655,4.621
0.05,326,9.540,-3.415,-6.249
0.05,327,-9.758,-3.910,-10.773
0.05,328,-6.745,8.082,-11.397
0.05,329,6.003,1.013,-4.352
0.05,330,8.449,-4.164,5.814
0.05,331,-5.144,-5.225,-5.895
0.05,332,3.373,-8.292,-9.957
0.05,333,-3.271,4.569,-4.683
0.05,334,-8.826,-0.884,-10.835
0.05,335,8.534,-0.071,3.543
0.05,336,5.295,-5.754,0.098
0.05,337,-3.101,-3.796,0.649
0.05,338,-8.042,0.249,-5.265
0.05,339,-8.653,9.815,4.973
0.05,340,-9.910,-5.908,1.090
0.05,341,0.329,9.196,-5.678
0.05,342,2.204,-5.191,9.980
0.05,343,6.727,-6.163,5.682
0.05,344,9.030,4.603,-1.213
0.05,345,-4.802,-7.017,0.059
0.05,346,-6.118,2.205,-4.959
0.05,347,-9.491,9.469,3.547
0.05,348,3.330,-7.496,9.521
0.05,349,-4.380,6.468,-10.697
0.05,350,1.425,-5.624,-10.910
0.05,351,8.442,2.439,0.040
0.05,352,2.236,-6.139,-4.859
0.05,353,7.402,-1.495,0.091
0.05,354,-8.258,2.473,-8.492
0.05,355,5.184,2.345,0.323
0.05,356,-3.855,-8.841,9.128
0.05,357,-0.189,3.581,-4.230
0.05,358,6.879,5.901,5.805
0.05,359,9.147,-9.597,-10.814
0.05,360,-4.641,7.520,0.020
0.05,361,5.250,-0.148,0.493
0.05,362,0.644,-1.521,-2.291
0.05,363,9.208,8.855,-9.096
0.05,364,-4.449,3.621,-4.298
0.05,365,9.605,-7.330,1.825
0.05,366,3.755,-1.409,5.295
0.05,367,-8.561,-9.643,-8.317
0.05,368,-6.765,-7.332,4.738
0.05,369,-6.916,3.561,6.647
0.05,370,-8.418,-2.291,6.667
0.05,371,7.590,7.395,6.414
0.05,372,-8.193,4.488,-8.490
0.05,373,-6.025,-0.972,6.231
0.05,374,-2.938,-7.508,6.911
0.05,375,-7.144,-3.028,0.116
0.05,376,9.290,3.534,4.070
0.05,377,-2.526,-5.026,-4.783
0.05,378,9.179,7.252,-9.814
0.05,379,6.812,-0.661,0.381
0.05,380,-3.777,-4.702,-10.786
0.05,381,-2.759,8.065,4.438
0.05,382,8.095,1.895,-8.696
0.05,383,4.741,-7.464,4.763
0.05,384,-5.056,3.332,-4.428
0.05,385,9.410,3.329,-11.371
0.05,386,2.041,5.087,0.161
0.05,387,9.379,9.729,0.686
0.05,388,-2.092,5.315,1.689
0.05,389,-4.739,-6.332,0.095
0.05,390,6.742,-2.318,-4.633
0.05,391,-5.163,5.987,0.111
0.05,392,1.891,-1.163,-6.553
0.05,393,-6.664,-1.575,-4.561
0.05,394,-2.744,-0.625,-3.695
0.05,395,0.485,3.780,9.482
0.05,396,-6.750,-2.745,-4.734
0.05,397,5.050,8.232,5.130
0.05,398,4.330,4.619,-9.955
0.05,399,0.772,5.296,-4.125
0.05,400,6.647,0.715,-5.045
0.05,401,-2.188,-2.419,-10.863
0.05,402,-6.169,-5.454,-9.939
0.05,403,7.807,5.056,4.723
0.05,404,-5.681,5.169,0.082
0.05,405,9.410,-6.271,2.227
0.05,406,6.189,-1.637,8.637
0.05,407,-4.274,-6.884,-5.066
0.05,408,-3.012,2.573,5.790
0.05,409,8.610,6.861,-9.798
0.05,410,-6.628,-9.658,-4.733
0.05,411,-9.447,-6.964,-4.420
0.05,412,2.989,-0.655,1.103
0.05,413,0.272,-3.749,-8.671
0.05,414,-8.852,-7.010,-6.986
0.05,415,0.674,-8.981,-0.012
0.05,416,-8.520,-0.948,-9.932
0.05,417,-5.209,8.832,-9.543
0.05,418,5.115,5.307,-10.147
0.05,419,-9.814,-9.655,3.559
0.05,420,-6.925,-6.708,4.738
0.05,421,-1.262,9.751,4.882
0.05,422,-2.943,6.197,3.724
0.05,423,-6.165,-4.532,-4.875
0.05,424,1.795,-3.698,-4.080
0.05,425,-5.518,0.962,4.133
0.05,426,-2.227,3.777,-9.889
0.05,427,-3.515,6.886,9.348
0.05,428,9.048,-1.015,3.024
0.05,429,0.617,2.361,9.657
0.05,430,6.766,-1.811,5.155
0.05,431,1.449,-2.593,7.032
0.05,432,8.242,-9.928,-3.606
0.05,433,9.911,3.867,0.746
0.05,434,-8.359,1.720,0.071
0.05,435,5.416,3.459,3.357
0.05,436,-0.289,-3.564,-9.859
0.05,437,-8.103,-6.297,4.651
0.05,438,-3.836,-3.408,0.773
0.05,439,4.530,-0.374,-6.021
0.05,440,7.541,2.976,0.110
0.05,441,-4.179,1.312,-9.131
0.05,442,-6.184,-5.220,0.102
0.05,443,6.811,0.689,9.286
0.05,444,2.989,-5.960,-4.869
0.05,445,-2.692,7.400,0.106
0.05,446,-1.195,-9.210,-0.099
0.05,447,0.613,1.006,-2.988
0.05,448,-9.119,3.758,0.809
0.05,449,-4.633,-3.878,0.405
0.05,450,-5.783,7.746,-0.127
0.05,451,-1.372,-8.861,-4.612
0.05,452,-5.209,0.591,-4.047
0.05,453,-5.483,9.448,9.699
0.05,454,2.664,2.791,-3.320
0.05,455,-7.226,7.932,-7.176
0.05,456,1.604,2.795,5.587
0.05,457,7.636,1.982,3.020
0.05,458,-2.171,-1.071,-11.136
0.05,459,-9.732,-5.717,3.949
0.05,460,5.119,9.743,-6.499
0.05,461,0.363,-9.740,-5.594
0.05,462,-3.145,-9.637,4.998
0.05,463,6.290,5.126,-10.951
0.05,464,-1.369,6.843,-4.541
0.05,465,-8.436,8.298,-3.913
0.05,466,1.983,0.313,-11.282
0.05,467,-1.547,8.472,0.075
0.05,468,-9.123,2.696,3.302
0.05,469,-2.579,-0.557,1.646
0.05,470,-0.446,-3.455,-9.119
0.05,471,-5.096,-4.888,-4.795
0.05,472,1.620,-6.348,9.733
0.05,473,-5.501,-5.478,8.965
0.05,474,-8.815,0.319,3.722
0.05,475,-8.283,-8.863,6.487
0.05,476,-1.623,-8.622,5.231
0.05,477,2.356,-4.530,-7.159
0.05,478,-7.859,-0.507,-8.085
0.05,479,5.484,6.507,0.076
0.05,480,-5.910,7.240,4.735
0.05,481,-6.379,3.735,0.064
0.05,482,0.676,3.786,-3.275
0.05,483,8.497,-4.658,-8.319
0.05,484,-4.251,-7.046,0.092
0.05,485,8.457,-8.743,3.188
0.05,486,-7.121,-1.850,-4.337
0.05,487,6.577,5.090,3.555
0.05,488,-8.605,3.259,-4.372
0.05,489,9.157,-9.673,6.028
0.05,490,7.767,-1.652,8.785
0.05,491,-9.649,-8.001,-9.753
0.05,492,6.584,4.697,-9.032
0.05,493,-0.794,-5.549,-8.180
0.05,494,8.010,0.201,0.379
0.05,495,1.345,-2.108,9.360
0.05,496,-7.355,-3.520,0.101
0.05,497,-5.971,8.697,-5.057
0.05,498,3.454,9.693,-5.816
0.05,499,6.397,3.948,-10.111
0.05,500,-8.435,-6.649,9.921
0.05,501,5.833,6.114,0.057
0.05,502,4.724,-9.102,4.862
0.05,503,-7.777,-3.400,-5.056
0.05,504,-1.106,4.685,-4.453
0.05,505,3.543,-3.573,1.260
0.05,506,0.357,1.093,-2.915
0.05,507,4.745,0.194,0.819
0.05,508,0.515,-6.781,-5.136
0.05,509,8.999,0.016,-5.401
0.05,510,-4.246,2.184,-4.771
0.05,511,-7.954,-8.913,-8.256
0.05,512,5.713,-7.284,-7.553
0.05,513,5.537,-4.532,-4.543
0.05,514,5.303,5.995,0.095
0.05,515,-8.823,6.048,-3.679
0.05,516,-9.457,9.534,0.315
0.05,517,0.300,-9.702,3.477
0.05,518,2.234,-3.030,2.765
0.05,519,7.640,1.776,-10.275
0.05,520,-2.875,-5.396,-8.958
0.05,521,-9.168,-7.408,-6.880
0.05,522,2.142,-3.115,-4.393
0.05,523,6.554,3.407,9.623
0.05,524,3.062,-4.330,10.050
0.05,525,-6.478,-0.377,4.552
0.05,526,-4.778,-2.779,0.796
0.05,527,5.261,5.970,4.180
0.05,528,10.026,-3.207,-7.941
0.05,529,2.148,3.432,1.225
0.05,530,-3.707,-6.914,0.110
0.05,531,-4.118,2.488,3.867
0.05,532,1.334,-2.950,1.724
0.05,533,7.956,-6.492,-10.982
0.05,534,4.829,-1.023,1.405
0.05,535,1.191,6.437,5.509
0.05,536,-3.201,1.510,6.744
0.05,537,5.049,-6.934,-9.477
0.05,538,6.242,4.734,-9.156
0.05,539,0.353,4.354,2.149
0.05,540,-1.447,-4.194,-4.998
0.05,541,4.178,-1.791,-4.142
0.05,542,7.360,4.791,-10.704
0.05,543,8.830,-3.110,-0.318
0.05,544,-7.297,-3.811,0.109
0.05,545,-7.556,1.685,3.726
0.05,546,0.662,5.460,-4.697
0.05,547,4.571,-8.589,0.226
0.05,548,-6.734,-7.981,-6.576
0.05,549,-5.449,3.098,0.045
0.05,550,9.328,-7.854,-6.831
0.05,551,-1.241,7.946,0.124
0.05,552,-5.578,0.735,-4.387
0.05,553,-5.619,-1.578,-4.699
0.05,554,9.400,-2.547,-7.935
0.05,555,-8.898,2.562,-0.200
0.05,556,-0.803,-8.332,3.389
0.05,557,3.009,1.324,-3.855
0.05,558,2.571,7.431,0.107
0.05,559,-3.154,6.416,-4.579
0.05,560,1.294,4.668,-10.897
0.05,561,-2.933,4.392,9.599
0.05,562,7.181,-4.730,4.281
0.05,563,-4.334,8.899,-8.392
0.05,564,1.006,-9.418,9.342
0.05,565,-2.888,-2.183,-5.064
0.05,566,-6.618,-5.689,3.273
0.05,567,-5.025,1.956,-5.128
0.05,568,3.856,-5.485,0.057
0.05,569,-3.480,9.106,-10.392
0.05,570,-8.689,-2.024,3.509
0.05,571,8.516,-4.529,-6.835
0.05,572,8.031,5.710,4.176
0.05,573,7.572,7.097,5.218
0.05,574,1.629,-5.846,3.994
0.05,575,-3.384,-1.923,5.733
0.05,576,-0.076,-2.274,-10.054
0.05,577,-3.160,-1.786,3.483
0.05,578,3.458,5.759,-9.672
0.05,579,7.688,-0.227,0.085
0.05,580,1.910,6.846,-10.733
0.05,581,-6.486,-7.402,-10.576
0.05,582,-5.241,-4.040,-8.269
0.05,583,5.110,4.866,3.179
0.05,584,8.929,-9.500,0.827
0.05,585,9.863,-2.992,-11.231
0.05,586,-3.049,-6.303,-0.030
0.05,587,-9.407,-9.284,6.089
0.05,588,-0.642,-8.229,2.573
0.05,589,3.624,-0.162,6.848
0.05,590,3.436,6.124,-4.823
0.05,591,6.271,-6.099,0.016
0.05,592,8.794,7.060,-1.927
0.05,593,-2.158,-4.348,2.209
0.05,594,-0.307,7.074,-0.202
0.05,595,2.601,-0.632,-3.339
0.05,596,3.800,9.982,8.731
0.05,597,-2.624,3.099,2.643
0.05,598,-8.891,-7.994,-5.752
0.05,599,0.936,6.279,-9.592
0.05,600,8.359,6.398,-6.724
0.05,601,4.879,-9.039,4.328
0.05,602,-6.588,-9.415,-3.718
0.05,603,-4.879,3.273,-4.860
0.05,604,9.385,0.588,-11.043
0.05,605,-8.753,-8.333,-5.244
0.05,606,9.418,-0.145,-8.309
0.05,607,-1.510,-6.844,-8.819
0.05,608,8.609,3.194,-7.495
0.05,609,-8.539,-3.346,4.548
0.05,610,-5.379,-0.562,5.402
0.05,611,9.051,4.134,-4.218
0.05,612,2.058,-3.650,5.652
0.05,613,2.240,-1.111,2.003
0.05,614,7.776,0.500,0.089
0.05,615,-3.093,7.801,4.778
0.05,616,0.671,-1.242,4.002
0.05,617,1.658,-0.459,-4.900
0.05,618,-8.804,0.664,3.547
0.05,619,1.445,-1.415,6.823
0.05,620,-4.618,0.472,4.395
0.05,621,4.050,-3.293,-10.710
0.05,622,-8.140,-1.275,0.105
0.05,623,1.115,-6.642,-4.957
0.05,624,9.191,-6.868,8.687
0.05,625,1.272,-3.027,7.002
0.05,626,4.688,2.416,9.012
0.05,627,6.499,-2.709,4.346
0.05,628,-8.126,1.418,-4.319
0.05,629,-6.435,-8.436,6.653
0.05,630,-2.678,-4.725,2.987
0.05,631,0.729,-6.174,-5.040
0.05,632,-4.616,6.272,0.092
0.05,633,-8.368,-2.715,4.128
0.05,634,-4.753,-3.958,8.685
0.05,635,8.056,-3.010,-10.345
0.05,636,9.073,1.414,-10.030
0.05,637,-0.300,8.252,-10.620
0.05,638,3.768,0.360,1.968
0.05,639,-6.491,3.432,3.546
0.05,640,-2.879,3.149,-3.513
0.05,641,-3.912,-1.547,5.286
0.05,642,5.735,8.553,4.787
0.05,643,7.436,9.343,2.331
0.05,644,8.653,0.337,-10.090
0.05,645,4.260,3.049,9.317
0.05,646,0.140,-0.285,-10.438
0.05,647,4.140,-0.327,-10.028
0.05,648,-0.952,4.326,-4.225
0.05,649,1.756,4.670,-9.437
0.05,650,-0.178,3.999,1.090
0.05,651,8.955,7.902,-7.519
0.05,652,-3.463,-3.898,-6.620
0.05,653,-2.475,-4.307,4.180
0.05,654,-2.598,-5.828,-4.263
0.05,655,7.400,-3.156,0.104
0.05,656,2.017,-8.177,3.413
0.05,657,-7.958,-0.886,0.104
0.05,658,1.291,2.768,-10.513
0.05,659,5.672,0.826,-5.934
0.05,660,7.800,-4.359,0.023
0.05,661,-6.360,-0.313,-10.892
0.05,662,9.324,0.511,-7.726
0.05,663,3.573,1.768,-4.995
0.05,664,7.394,1.508,4.503
0.05,665,-1.747,4.190,1.256
0.05,666,-4.589,7.737,-5.500
0.05,667,-5.533,8.973,6.579
0.05,668,6.284,7.747,0.326
0.05,669,1.207,-5.029,-4.826
0.05,670,-6.191,-9.569,5.688
0.05,671,4.523,2.317,-4.245
0.05,672,6.970,-3.386,-4.677
0.05,673,-5.336,-3.275,9.808
0.05,674,-1.116,6.566,-7.870
0.05,675,-9.313,-8.415,-10.193
0.05,676,3.963,9.343,-5.774
0.05,677,6.446,-4.664,0.091
0.05,678,-0.374,-4.292,1.190
0.05,679,4.825,6.369,-10.335
0.05,680,-4.675,3.310,-8.837
0.05,681,-4.567,-8.440,-6.971
0.05,682,-2.161,6.445,0.132
0.05,683,7.570,7.240,-1.305
0.05,684,5.745,-4.575,0.050
0.05,685,-8.361,-1.213,0.082
0.05,686,-3.785,-3.999,-9.458
0.05,687,3.414,5.056,6.755
0.05,688,8.127,5.737,-5.208
0.05,689,7.540,3.299,-10.619
0.05,690,-5.914,-6.806,-5.244
0.05,691,-8.586,2.207,-5.415
0.05,692,-7.517,-2.376,6.610
0.05,693,5.126,6.350,0.095
0.05,694,-6.649,9.961,1.665
0.05,695,-9.570,1.756,-3.440
0.05,696,-8.120,-0.508,3.502
0.05,697,-4.191,-2.248,-3.673
0.05,698,9.405,8.457,9.386
0.05,699,-2.708,7.913,-10.078
0.05,700,-4.582,-0.374,5.729
0.05,701,4.551,-6.323,3.004
0.05,702,-6.635,7.310,3.144
0.05,703,-2.426,-3.394,6.058
0.05,704,0.005,5.246,-4.638
0.05,705,4.747,7.221,5.794
0.05,706,1.257,-6.696,-4.704
0.05,707,-8.873,9.170,-7.998
0.05,708,6.714,-1.458,5.053
0.05,709,3.167,1.555,-9.904
0.05,710,9.723,-7.769,-4.304
0.05,711,1.646,8.090,0.098
0.05,712,9.954,-6.521,-10.909
0.05,713,-8.478,-8.982,9.896
0.05,714,6.450,-4.005,5.190
0.05,715,-4.335,-7.212,3.521
0.05,716,-9.405,2.659,6.805
0.05,717,-8.366,-9.378,2.733
0.05,718,8.106,6.640,-7.318
0.05,719,2.197,-6.697,0.012
0.05,720,0.625,5.940,0.227
0.05,721,7.270,7.930,-2.349
0.05,722,-9.463,-8.540,-4.632
0.05,723,7.539,0.126,-9.522
0.05,724,-0.241,4.896,1.983
0.05,725,1.759,5.241,-9.621
0.05,726,2.993,-1.294,-10.778
0.05,727,0.778,-6.670,0.917
0.05,728,-7.241,-7.201,3.006
0.05,729,-7.440,7.698,6.719
0.05,730,-4.059,7.673,0.041
0.05,731,-6.805,-3.749,6.612
0.05,732,5.206,2.496,-2.013
0.05,733,-1.332,-0.578,-6.028
0.05,734,1.499,8.046,3.491
0.05,735,7.151,-4.799,3.944
0.05,736,-7.357,5.073,-9.391
0.05,737,7.791,-0.470,6.215
0.05,738,-1.573,-8.701,3.515
0.05,739,6.818,9.484,5.493
0.05,740,-2.938,8.926,-10.402
0.05,741,-1.985,-6.965,-0.027
0.05,742,7.678,-5.835,4.380
0.05,743,-3.544,-9.511,-1.256
0.05,744,-1.754,2.195,5.926
0.05,745,2.713,0.280,6.873
0.05,746,8.798,9.008,9.552
0.05,747,7.925,-5.290,-0.271
0.05,748,-5.235,5.657,-5.414
0.05,749,-2.647,-3.399,-4.702
0.05,750,-3.048,3.325,0.926
0.05,751,-9.287,9.635,3.057
0.05,752,-0.401,-8.392,3.734
0.05,753,6.601,-2.891,0.089
0.05,754,-0.203,0.690,2.722
0.05,755,-3.642,-0.750,-8.302
0.05,756,3.212,-6.774,4.588
0.05,757,4.528,5.434,-9.758
0.05,758,3.497,6.500,6.649
0.05,759,-6.365,-8.083,-10.577
0.05,760,9.032,-4.999,-3.447
0.05,761,8.850,-4.541,9.475
0.05,762,7.302,1.896,-0.145
0.05,763,7.525,-4.256,-4.954
0.05,764,-0.730,2.468,-9.935
0.05,765,6.479,-7.608,3.284
0.05,766,4.295,-2.194,1.447
0.05,767,-1.099,-0.477,-7.031
0.05,768,-8.135,2.487,-8.326
0.05,769,7.517,1.656,-4.343
0.05,770,1.649,-7.573,-5.116
0.05,771,6.500,1.955,1.004
0.05,772,-1.541,7.557,-8.677
0.05,773,-9.711,-4.040,9.447
0.05,774,-6.023,-5.187,0.481
0.05,775,3.474,3.688,0.879
0.05,776,-5.017,0.390,1.439
0.05,777,-6.029,-5.903,0.060
0.05,778,3.397,6.421,-5.738
0.05,779,-1.514,7.552,-9.558
0.05,780,5.174,9.465,-2.771
0.05,781,-9.627,7.718,0.137
0.05,782,7.067,-4.230,3.541
0.05,783,8.795,5.850,4.587
0.05,784,1.810,9.333,3.524
0.05,785,5.205,9.806,4.503
0.05,786,9.301,8.216,-6.625
0.05,787,-4.006,4.563,4.973
0.05,788,4.941,-4.047,3.588
0.05,789,-3.652,4.939,-0.482
0.05,790,-6.031,7.063,-8.619
0.05,791,1.832,-8.164,0.088
0.05,792,0.833,3.423,-3.535
0.05,793,-6.518,-1.900,6.666
0.05,794,-6.984,0.309,6.127
0.05,795,7.181,1.998,-4.391
0.05,796,6.879,7.195,5.665
0.05,797,6.331,8.558,-4.350
0.05,798,8.195,-8.989,9.052
0.05,799,-2.097,2.158,-9.779
0.05,800,-1.462,-3.590,6.934
0.05,801,1.692,2.439,-8.041
0.05,802,-5.620,-8.718,0.564
0.05,803,1.614,-5.447,0.564
0.05,804,-6.070,-7.427,-11.361
0.05,805,8.288,4.464,-10.417
0.05,806,3.905,-2.785,6.934
0.05,807,-5.621,-8.867,5.060
0.05,808,-3.749,-0.974,-7.853
0.05,809,6.288,-4.251,-10.421
0.05,810,1.522,-3.262,0.313
0.05,811,6.233,9.102,6.454
0.05,812,3.910,1.157,-0.535
0.05,813,-8.189,-9.192,6.802
0.05,814,7.413,-1.079,8.760
0.05,815,4.276,-8.970,4.756
0.05,816,7.812,4.929,9.995
0.05,817,-4.143,-6.492,0.134
0.05,818,9.452,-9.914,-8.389
0.05,819,-0.606,4.130,6.187
0.05,820,-8.777,-9.072,2.643
0.05,821,0.125,2.731,-8.092
0.05,822,-6.677,5.189,9.921
0.05,823,-4.879,5.989,-5.641
0.05,824,6.041,8.009,-5.240
0.05,825,-7.676,7.215,0.116
0.05,826,-1.543,3.887,1.812
0.05,827,3.687,-6.530,-10.617
0.05,828,-6.276,6.416,-10.589
0.05,829,3.652,4.171,-9.029
0.05,830,-4.853,-0.492,-4.206
0.05,831,2.522,8.795,3.797
0.05,832,5.780,2.811,5.775
0.05,833,-7.074,6.110,-6.265
0.05,834,-4.605,1.209,6.737
0.05,835,2.530,9.560,1.182
0.05,836,6.968,0.991,3.986
0.05,837,1.630,-2.128,-7.578
0.05,838,3.108,4.835,0.151
0.05,839,4.932,6.553,0.114
0.05,840,2.700,-7.013,4.293
0.05,841,-1.584,7.470,0.107
0.05,842,8.101,4.597,-8.980
0.05,843,5.477,10.039,0.960
0.05,844,-8.864,7.548,-7.523
0.05,845,4.560,2.649,-3.640
0.05,846,8.804,2.185,3.731
0.05,847,5.689,5.598,4.354
0.05,848,6.308,3.536,9.150
0.05,849,-0.449,-7.923,-5.614
0.05,850,1.943,3.045,2.025
0.05,851,-8.708,4.951,-0.247
0.05,852,4.339,9.300,6.954
0.05,853,8.483,-5.631,-5.506
0.05,854,-8.062,-0.714,0.100
0.05,855,2.753,-7.254,3.170
0.05,856,-3.010,-1.008,-8.698
0.05,857,-2.940,-0.364,-3.762
0.05,858,4.657,7.869,-5.316
0.05,859,-2.293,0.976,-2.427
0.05,860,-10.127,-0.136,-3.535
0.05,861,-5.955,-2.209,1.859
0.05,862,1.972,1.228,1.104
0.05,863,-7.265,-4.488,9.663
0.05,864,3.624,-6.081,-5.158
0.05,865,-9.050,-2.118,-5.829
0.05,866,-2.853,1.813,1.119
0.05,867,-3.455,-7.634,3.193
0.05,868,5.222,-3.499,6.943
0.05,869,-5.790,7.894,6.931
0.05,870,-8.140,8.661,1.667
0.05,871,6.968,-7.938,4.288
0.05,872,-6.765,8.758,-2.305
0.05,873,-9.635,2.930,4.495
0.05,874,4.925,-9.810,8.561
0.05,875,-5.397,-1.409,-4.906
0.05,876,-3.567,1.331,6.098
0.05,877,-0.852,3.638,6.209
0.05,878,3.387,4.921,-10.701
0.05,879,5.550,5.568,0.113
0.05,880,0.071,-3.286,-8.881
0.05,881,7.492,3.093,0.105
0.05,882,-5.823,0.003,-4.158
0.05,883,5.405,-3.434,8.437
0.05,884,7.563,-3.365,-5.341
0.05,885,-1.664,5.414,-5.144
0.05,886,3.750,-4.657,-4.648
0.05,887,1.528,-4.394,-3.790
0.05,888,7.302,-5.581,-5.111
0.05,889,-9.425,-9.110,-7.894
0.05,890,-8.681,-6.165,-11.208
0.05,891,-0.906,4.925,1.028
0.05,892,-8.243,9.081,-3.790
0.05,893,-7.956,-1.660,0.099
0.05,894,-4.334,-0.291,1.042
0.05,895,-8.396,5.177,1.281
0.05,896,7.648,1.815,4.466
0.05,897,-0.959,2.024,-11.120
0.05,898,5.933,-4.019,-10.770
0.05,899,9.145,7.561,-4.515
0.05,900,1.983,0.974,9.612
0.05,901,4.120,7.501,2.950
0.05,902,-1.649,1.326,-1.886
0.05,903,1.438,-6.811,0.219
0.05,904,3.718,-3.304,8.506
0.05,905,3.519,-7.385,0.094
0.05,906,8.865,-5.205,6.055
0.05,907,2.621,-5.563,6.292
0.05,908,6.771,-2.334,5.716
0.05,909,3.882,-7.269,0.091
0.05,910,4.555,-6.221,-10.902
0.05,911,-5.822,3.930,-10.624
0.05,912,5.265,3.248,-4.826
0.05,913,3.133,-1.009,1.500
0.05,914,-1.039,3.847,1.696
0.05,915,6.319,2.651,-8.275
0.05,916,-5.976,5.500,0.095
0.05,917,-6.983,-4.840,-8.971
0.05,918,1.002,3.866,-10.672
0.05,919,-7.498,-0.109,-4.310
0.05,920,8.310,2.545,3.447
0.05,921,3.755,-1.803,6.519
0.05,922,-1.645,1.305,0.830
0.05,923,-2.178,7.029,-11.281
0.05,924,-3.177,3.403,-11.052
0.05,925,6.303,9.661,2.038
0.05,926,9.547,-3.579,9.481
0.05,927,-2.713,8.457,-6.293
0.05,928,-5.645,-3.485,3.478
0.05,929,8.165,-1.294,0.093
0.05,930,2.249,-8.816,-9.558
0.05,931,-6.317,9.772,-10.810
0.05,932,-3.256,-3.307,-8.607
0.05,933,6.550,-2.589,0.789
0.05,934,-0.745,-2.752,2.207
0.05,935,7.446,4.944,-5.300
0.05,936,-7.420,3.461,0.118
0.05,937,-0.841,-8.352,-5.455
0.05,938,0.188,4.861,4.282
0.05,939,6.722,-0.412,-8.939
0.05,940,-2.484,-5.724,-8.256
0.05,941,-1.742,2.785,-10.336
0.05,942,7.549,9.444,-6.407
0.05,943,2.263,5.396,-8.888
0.05,944,1.802,-1.934,8.692
0.05,945,6.508,4.701,-10.303
0.05,946,-3.458,-0.116,0.603
0.05,947,-8.559,2.011,3.036
0.05,948,6.183,8.264,-10.851
0.05,949,-1.211,8.622,-6.656
0.05,950,1.194,-5.097,0.725
0.05,951,1.297,9.143,-6.964
0.05,952,-6.551,-8.298,-6.604
0.05,953,3.843,6.936,0.109
0.05,954,1.437,-1.551,-10.496
0.05,955,-7.503,-2.521,3.469
0.05,956,-4.051,7.158,-9.272
0.05,957,8.679,-9.469,3.600
0.05,958,-2.989,-5.180,-4.217
0.05,959,-10.061,2.928,-3.605
0.05,960,-9.994,3.445,-9.334
0.05,961,9.736,9.138,-1.679
0.05,962,2.181,7.517,0.111
0.05,963,-2.075,-8.216,-9.282
0.05,964,-0.044,-0.631,-11.410
0.05,965,7.449,9.443,-6.581
0.05,966,9.025,-0.164,3.634
0.05,967,-6.196,9.964,6.774
0.05,968,3.221,-5.919,0.499
0.05,969,-0.305,4.579,-10.132
0.05,970,8.147,1.699,5.363
0.05,971,9.187,-3.715,-3.217
0.05,972,1.486,-3.634,-5.220
0.05,973,-5.793,6.886,-8.422
0.05,974,10.138,-4.425,1.393
0.05,975,7.451,-6.278,-7.931
0.05,976,7.375,6.468,-4.186
0.05,977,0.785,-0.054,-10.245
0.05,978,-0.811,-5.628,6.227
0.05,979,-8.491,-0.192,6.226
0.05,980,-2.857,6.445,-5.571
0.05,981,-9.768,-4.498,3.471
0.05,982,-7.823,-5.780,4.611
0.05,983,5.555,-3.643,3.296
0.05,984,-8.380,-9.798,-0.335
0.05,985,5.558,2.559,-9.642
0.05,986,6.630,-8.398,5.792
0.05,987,6.992,-9.809,-7.970
0.05,988,8.530,-7.245,4.930
0.05,989,3.905,8.573,-6.332
0.05,990,9.880,-7.476,1.198
0.05,991,-5.435,3.127,5.663
0.05,992,-6.025,-3.134,2.243
0.05,993,-3.995,3.918,9.237
0.05,994,1.157,-2.694,1.528
0.05,995,4.806,1.931,5.106
0.05,996,1.231,-5.115,9.726
0.05,997,7.903,1.688,-6.190
0.05,998,-6.482,3.292,-4.666
0.05,999,1.091,2.407,-9.641
0.05,1000,-1.071,-2.183,-10.773
0.05,1001,7.367,6.643,3.825
0.05,1002,9.557,8.029,0.165
0.05,1003,-1.482,-9.414,-10.400
0.05,1004,0.477,5.718,-9.474
0.05,1005,2.486,0.401,-10.630
0.05,1006,-9.278,7.980,-6.255
0.05,1007,-1.149,6.930,-9.280
0.05,1008,7.129,-8.742,-5.354
0.05,1009,-3.455,-1.776,6.489
0.05,1010,-3.033,5.697,-4.769
0.05,1011,1.545,3.797,-3.415
0.05,1012,8.368,-0.767,0.073
0.05,1013,-2.594,-7.603,-5.594
0.05,1014,-6.032,-0.413,-4.713
0.05,1015,-6.438,-2.309,9.318
0.05,1016,-4.867,-7.776,-0.007
0.05,1017,9.436,0.817,-0.715
0.05,1018,-0.248,-4.763,-8.555
0.05,1019,6.328,9.649,2.297
0.05,1020,8.046,1.362,3.149
0.05,1021,4.304,0.251,0.978
0.05,1022,7.938,-1.740,0.095
0.05,1023,-9.313,0.239,4.137
0.05,1024,6.535,5.309,0.080
0.05,1025,2.620,1.787,-9.832
0.05,1026,5.839,-3.839,-10.307
0.05,1027,-9.164,-3.695,-6.006
0.05,1028,-3.601,-2.760,-9.458
0.05,1029,-3.609,-5.330,1.472
0.05,1030,-6.821,1.305,2.400
0.05,1031,5.417,-8.480,-5.282
0.05,1032,-2.078,0.109,-2.924
0.05,1033,-6.586,4.694,-8.536
0.05,1034,7.543,3.199,3.998
0.05,1035,-7.027,6.252,9.429
0.05,1036,-2.521,-0.126,5.658
0.05,1037,6.271,5.388,-9.623
0.05,1038,-1.311,-0.567,2.870
0.05,1039,3.409,-6.612,-4.959
0.05,1040,3.474,-6.448,-4.818
0.05,1041,-7.246,-8.495,5.846
0.05,1042,4.570,6.499,3.124
0.05,1043,7.544,-2.676,4.747
0.05,1044,2.195,9.493,6.825
0.05,1045,3.878,-7.996,3.319
0.05,1046,1.916,-7.651,2.869
0.05,1047,5.311,-2.270,-8.375
0.05,1048,1.919,0.524,-9.013
0.05,1049,2.773,9.337,0.171
0.05,1050,7.778,9.540,-2.665
0.05,1051,5.899,6.454,9.442
0.05,1052,-1.218,3.460,5.393
0.05,1053,1.067,-8.772,-5.227
0.05,1054,8.702,5.837,-1.678
0.05,1055,4.840,0.176,3.801
0.05,1056,2.663,-2.524,3.070
0.05,1057,-1.687,7.623,9.549
0.05,1058,4.746,8.952,8.712
0.05,1059,2.836,4.747,-5.650
0.05,1060,-3.311,7.069,-4.033
0.05,1061,-5.521,3.011,8.529
0.05,1062,4.575,1.728,6.010
0.05,1063,6.261,-4.956,3.184
0.05,1064,-3.056,6.857,-10.396
0.05,1065,6.962,4.234,4.648
0.05,1066,3.473,-4.752,-9.719
0.05,1067,-1.688,-6.265,-4.848
0.05,1068,2.073,-8.862,6.541
0.05,1069,-9.268,8.884,0.715
0.05,1070,6.733,7.270,4.023
0.05,1071,5.293,5.018,-4.827
0.05,1072,1.887,-6.396,3.401
0.05,1073,-7.304,0.391,4.815
0.05,1074,4.700,8.560,3.707
0.05,1075,6.529,3.136,0.133
0.05,1076,3.369,0.542,-2.786
0.05,1077,2.550,-4.493,-10.057
0.05,1078,4.617,-9.765,-9.294
0.05,1079,5.904,-7.526,3.886
0.05,1080,-2.293,-0.480,-6.127
0.05,1081,-0.252,-4.398,1.284
0.05,1082,-6.103,-9.293,2.967
0.05,1083,-9.624,-7.025,9.148
0.05,1084,0.302,6.672,0.431
0.05,1085,3.462,6.180,-0.212
0.05,1086,-8.674,-9.083,-9.516
0.05,1087,-7.003,1.919,-9.789
0.05,1088,-2.889,-9.755,-10.985
0.05,1089,-1.588,6.057,-0.444
0.05,1090,9.487,-6.485,-2.877
0.05,1091,7.780,7.747,-0.665
0.05,1092,-8.101,-6.872,-9.239
0.05,1093,-2.185,-1.052,-2.841
0.05,1094,-0.513,4.965,-6.460
0.05,1095,-5.318,7.072,3.041
0.05,1096,5.656,-7.766,4.514
0.05,1097,-2.176,3.590,2.105
0.05,1098,1.561,-8.367,3.965
0.05,1099,7.701,-1.957,-4.545
0.05,1100,9.029,3.834,6.658
0.05,1101,-1.683,4.685,-3.800
0.05,1102,0.647,-7.605,1.627
0.05,1103,5.298,-8.023,0.002
0.05,1104,-9.332,9.250,-8.202
0.05,1105,3.558,-0.920,-2.864
0.05,1106,-3.021,3.445,2.029
0.05,1107,-0.372,8.861,3.774
0.05,1108,1.766,-8.943,-4.146
0.05,1109,0.505,-3.367,-8.026
0.05,1110,-3.420,8.041,0.045
0.05,1111,7.329,-4.205,0.079
0.05,1112,3.961,7.646,4.087
0.05,1113,-0.217,-2.344,9.773
0.05,1114,6.101,-7.710,-5.584
0.05,1115,1.136,-6.230,3.560
0.05,1116,-9.107,-8.403,8.935
0.05,1117,4.091,-7.347,-10.769
0.05,1118,4.250,5.432,0.035
0.05,1119,7.020,0.448,-4.767
0.05,1120,-0.610,0.164,-9.835
0.05,1121,4.217,-5.598,5.603
0.05,1122,-5.105,-3.212,-5.610
0.05,1123,8.745,2.350,-6.947
0.05,1124,0.988,7.549,3.276
0.05,1125,-6.493,5.729,-9.918
0.05,1126,0.768,1.101,3.630
0.05,1127,3.976,4.860,-4.934
0.05,1128,-4.256,-8.740,-8.506
0.05,1129,4.727,2.552,-9.873
0.05,1130,-8.755,5.663,3.766
0.05,1131,9.941,-1.862,-10.076
0.05,1132,1.111,8.246,0.090
0.05,1133,7.617,5.765,-7.646
0.05,1134,1.661,-7.073,-5.114
0.05,1135,-8.360,9.143,2.216
0.05,1136,8.117,5.112,1.601
0.05,1137,3.826,-0.204,-3.200
0.05,1138,-6.246,8.515,-1.363
0.05,1139,4.305,7.146,0.089
0.05,1140,-6.857,-7.328,3.609
0.05,1141,4.010,-4.929,-8.143
0.05,1142,-0.173,6.256,2.834
0.05,1143,3.521,0.343,5.066
0.05,1144,1.842,9.019,-0.037
0.05,1145,-3.784,8.398,2.852
0.05,1146,-4.513,-6.157,5.187
0.05,1147,-7.022,-8.906,4.950
0.05,1148,-7.342,-4.499,-10.713
0.05,1149,2.320,-2.000,-3.425
0.05,1150,-6.826,5.169,-8.141
0.05,1151,0.519,8.564,5.113
0.05,1152,5.847,-4.913,6.596
0.05,1153,-6.459,-4.628,-7.928
0.05,1154,-7.648,-3.681,0.097
0.05,1155,-4.671,9.414,-3.876
0.05,1156,0.579,7.066,4.093
0.05,1157,-4.152,4.611,-3.404
0.05,1158,-2.046,2.034,-3.627
0.05,1159,3.538,7.611,-9.114
0.05,1160,-7.882,-3.730,0.071
0.05,1161,-2.853,-8.059,2.944
0.05,1162,6.034,-6.990,3.764
0.05,1163,4.241,6.715,-5.025
0.05,1164,-5.282,-5.452,-10.908
0.05,1165,-1.896,-3.277,-9.483
0.05,1166,1.540,-4.457,0.934
0.05,1167,6.428,-0.067,-0.176
0.05,1168,-5.602,4.513,10.023
0.05,1169,3.214,8.127,3.747
0.05,1170,8.972,1.237,-10.895
0.05,1171,0.190,-1.188,9.104
0.05,1172,-4.090,-6.309,0.076
0.05,1173,1.781,-0.036,1.929
0.05,1174,-4.040,0.816,-3.031
0.05,1175,0.462,5.537,-10.505
0.05,1176,8.537,2.916,-9.077
0.05,1177,7.137,-4.243,-4.862
0.05,1178,-6.493,-6.730,5.249
0.05,1179,4.905,2.326,-9.194
0.05,1180,-1.497,9.528,0.414
0.05,1181,8.625,8.440,-4.094
0.05,1182,2.929,3.719,-4.029
0.05,1183,-3.583,7.356,0.104
0.05,1184,-8.784,-4.690,-2.174
0.05,1185,-6.812,-3.376,-5.338
0.05,1186,0.598,8.954,3.566
0.05,1187,7.376,7.166,-10.108
0.05,1188,-0.512,-0.034,-10.911
0.05,1189,-8.779,-5.790,-7.290
0.05,1190,-0.062,2.746,3.986
0.05,1191,7.787,3.440,3.789
0.05,1192,0.616,-6.391,0.097
0.05,1193,-0.020,-8.381,-10.898
0.05,1194,-3.359,3.966,-0.263
0.05,1195,8.726,-8.449,2.349
0.05,1196,9.745,1.665,-4.694
0.05,1197,-7.059,-7.804,-6.101
0.05,1198,-6.312,8.877,6.334
0.05,1199,-5.400,5.792,-10.888
0.05,1200,5.314,-0.539,-4.684
0.05,1201,-0.117,-5.271,-9.998
0.05,1202,8.546,7.028,-2.871
0.05,1203,-4.438,9.783,5.236
0.05,1204,7.736,7.325,-4.157
0.05,1205,-4.576,-1.769,-3.804
0.05,1206,2.575,9.796,-4.789
0.05,1207,1.662,9.778,4.148
0.05,1208,-5.160,-2.143,-9.616
0.05,1209,7.059,-2.876,0.086
0.05,1210,1.948,1.566,-3.420
0.05,1211,5.783,-1.477,-9.858
0.05,1212,-5.519,-8.016,-6.193
0.05,1213,-3.969,2.340,-9.647
0.05,1214,-5.863,-3.462,-10.651
0.05,1215,5.047,2.400,-9.746
0.05,1216,7.320,4.019,-8.781
0.05,1217,-4.681,-2.158,9.086
0.05,1218,6.130,7.061,0.029
0.05,1219,6.575,1.522,-4.426
0.05,1220,6.861,-3.568,-10.386
0.05,1221,1.161,6.455,-4.843
0.05,1222,0.378,-7.482,-9.585
0.05,1223,-9.112,6.913,-3.552
0.05,1224,7.493,8.526,-4.204
0.05,1225,8.831,9.867,-5.197
0.05,1226,5.238,-8.503,-0.381
0.05,1227,7.323,7.626,0.231
0.05,1228,3.809,-5.426,5.238
0.05,1229,-5.701,1.476,3.536
0.05,1230,-3.374,4.337,0.201
0.05,1231,-9.245,-7.303,-9.832
0.05,1232,5.831,9.943,-7.277
0.05,1233,3.432,0.972,-3.751
0.05,1234,-9.129,-7.456,-9.049
0.05,1235,3.779,-4.222,-4.402
0.05,1236,-9.671,-2.091,-6.853
0.05,1237,-8.574,-0.528,0.055
0.05,1238,5.674,7.236,-5.077
0.05,1239,-6.120,-6.637,9.312
0.05,1240,3.346,-4.112,0.373
0.05,1241,8.701,-3.473,6.457
0.05,1242,-7.541,-7.579,3.721
0.05,1243,-7.013,-4.978,0.052
0.05,1244,5.180,1.719,5.849
0.05,1245,4.381,6.464,0.107
0.05,1246,3.410,-3.233,9.304
0.05,1247,-4.236,-2.894,-9.437
0.05,1248,7.538,5.845,-8.983
0.05,1249,-4.545,7.045,-8.237
0.05,1250,-4.610,7.712,-0.001
0.05,1251,-9.582,-7.964,-8.823
0.05,1252,6.128,2.417,-4.914
0.05,1253,7.882,-8.593,3.256
0.05,1254,1.452,8.325,5.461
0.05,1255,2.636,3.132,-3.890
0.05,1256,-0.781,3.033,-3.796
0.05,1257,-6.675,-0.096,9.441
0.05,1258,-1.275,3.578,1.350
0.05,1259,-3.568,-7.879,-7.895
0.05,1260,-2.635,5.461,-4.881
0.05,1261,1.358,-7.289,3.528
0.05,1262,-3.821,-6.615,4.407
0.05,1263,-9.584,-3.480,-11.160
0.05,1264,8.206,0.805,0.090
0.05,1265,1.126,8.332,4.769
0.05,1266,0.557,-6.748,-4.591
0.05,1267,-0.826,6.025,-10.610
0.05,1268,-5.472,-9.487,-9.166
0.05,1269,-2.931,5.731,0.901
0.05,1270,3.950,-3.336,0.503
0.05,1271,5.896,8.322,0.221
0.05,1272,-0.112,1.582,-0.510
0.05,1273,-3.833,2.377,6.652
0.05,1274,1.627,-1.371,-10.308
0.05,1275,3.413,9.686,9.758
0.05,1276,-1.302,7.692,0.100
0.05,1277,-4.339,6.533,-9.186
0.05,1278,-2.639,-7.780,-4.307
0.05,1279,-3.526,-1.266,-3.723
0.05,1280,-4.542,5.201,-10.101
0.05,1281,6.686,-7.746,3.792
0.05,1282,3.241,-3.965,0.373
0.05,1283,8.242,-0.715,-5.694
0.05,1284,-4.006,5.780,-4.774
0.05,1285,-9.629,5.952,4.387
0.05,1286,3.325,2.978,-3.420
0.05,1287,-0.700,-0.789,9.030
0.05,1288,0.840,7.273,-4.897
0.05,1289,-4.182,7.811,5.244
0.05,1290,3.881,-1.592,1.010
0.05,1291,5.720,-5.565,0.091
0.05,1292,7.129,-0.767,9.716
0.05,1293,4.184,4.336,3.083
0.05,1294,-3.575,2.613,-3.878
0.05,1295,5.976,-7.429,5.838
0.05,1296,3.745,-6.585,-4.931
0.05,1297,2.607,-1.201,-3.782
0.05,1298,3.321,0.435,-3.846
0.05,1299,-8.987,-5.612,3.465
0.05,1300,-3.205,-5.607,9.315
0.05,1301,-0.344,2.090,-10.283
0.05,1302,4.709,7.416,3.816
0.05,1303,2.690,-1.022,-7.539
0.05,1304,-6.463,5.517,-4.990
0.05,1305,4.950,2.050,6.384
0.05,1306,8.602,9.838,-2.306
0.05,1307,-7.170,-0.221,0.067
0.05,1308,-3.223,-9.531,-5.540
0.05,1309,4.982,4.017,0.083
0.05,1310,6.753,-4.100,9.415
0.05,1311,0.204,-5.224,9.536
0.05,1312,6.037,-6.460,5.226
0.05,1313,4.632,-3.039,2.858
0.05,1314,-2.634,-4.304,2.951
0.05,1315,3.002,-3.605,5.144
0.05,1316,-1.757,8.260,0.101
0.05,1317,-0.659,-8.798,-0.133
0.05,1318,-3.712,8.148,5.188
0.05,1319,-8.709,2.473,4.187
0.05,1320,9.392,-3.199,9.720
0.05,1321,2.829,5.183,0.201
0.05,1322,-4.401,8.345,-7.879
0.05,1323,1.767,0.764,-7.340
0.05,1324,-4.229,-6.076,5.254
0.05,1325,-2.285,-7.391,-4.115
0.05,1326,-2.541,-8.510,-7.923
0.05,1327,1.270,0.164,-9.780
0.05,1328,5.441,-8.195,6.949
0.05,1329,-0.386,6.409,9.183
0.05,1330,3.356,1.712,-11.289
0.05,1331,-8.723,2.441,-0.023
0.05,1332,-9.236,-7.935,-9.076
0.05,1333,9.145,3.110,-7.026
0.05,1334,6.435,-4.716,0.087
0.05,1335,0.769,7.593,-8.922
0.05,1336,-9.150,2.150,-10.318
0.05,1337,3.585,-2.542,5.598
0.05,1338,-1.184,-8.850,4.613
0.05,1339,-0.189,9.755,-8.519
0.05,1340,-5.446,-7.266,-10.671
0.05,1341,7.050,1.196,1.507
0.05,1342,0.423,-5.646,6.182
0.05,1343,8.356,3.321,-7.156
0.05,1344,-2.687,2.390,1.276
0.05,1345,-9.751,-1.702,-10.769
0.05,1346,9.796,1.870,-8.887
0.05,1347,3.748,-7.425,-9.425
0.05,1348,8.267,0.487,-11.077
0.05,1349,8.347,0.407,3.249
0.05,1350,-3.905,-0.896,-3.690
0.05,1351,-6.986,-10.014,9.739
0.05,1352,5.532,-6.673,8.585
0.05,1353,-4.361,8.104,-7.380
0.05,1354,-0.360,-9.876,4.326
0.05,1355,0.820,6.359,-9.493
0.05,1356,8.011,-1.796,4.244
0.05,1357,1.461,8.995,-5.255
0.05,1358,-6.359,-6.216,4.145
0.05,1359,-8.426,8.760,-11.077
0.05,1360,3.502,-0.733,2.046
0.05,1361,-4.187,-1.616,-2.443
0.05,1362,9.920,-8.958,-7.039
0.05,1363,4.809,8.867,-0.886
0.05,1364,5.141,8.449,-0.175
0.05,1365,9.503,-7.654,7.006
0.05,1366,8.234,9.085,-4.126
0.05,1367,0.779,7.971,-4.783
0.05,1368,-8.684,4.492,-0.559
0.05,1369,-6.466,-0.136,6.176
0.05,1370,-6.389,-3.235,-10.257
0.05,1371,-8.222,-1.779,-8.898
0.05,1372,-1.148,5.837,1.130
0.05,1373,-0.532,-6.935,-4.902
0.05,1374,3.646,-2.855,4.540
0.05,1375,-9.157,7.822,5.425
0.05,1376,2.870,5.895,3.939
0.05,1377,-8.471,-4.813,-5.385
0.05,1378,6.873,2.204,1.950
0.05,1379,-6.688,-6.681,9.490
0.05,1380,-7.243,3.790,0.104
0.05,1381,-6.747,3.961,0.098
0.05,1382,5.783,2.033,4.620
0.05,1383,-7.725,-0.542,-9.556
0.05,1384,2.424,-9.210,3.795
0.05,1385,-6.897,-8.599,-7.872
0.05,1386,5.724,-7.191,-8.629
0.05,1387,-0.040,0.143,-2.700
0.05,1388,5.173,3.033,-4.401
0.05,1389,7.880,8.394,9.652
0.05,1390,-3.807,8.272,4.220
0.05,1391,0.346,-6.839,4.556
0.05,1392,-2.269,5.827,-9.669
0.05,1393,-1.990,-2.265,3.886
0.05,1394,4.382,-5.762,3.072
0.05,1395,1.143,-8.726,-0.007
0.05,1396,-1.192,-3.171,-3.770
0.05,1397,-1.127,3.709,-0.029
0.05,1398,5.623,-6.027,0.031
0.05,1399,3.491,-9.216,9.686
0.05,1400,0.065,-8.534,0.053
0.05,1401,0.346,-3.004,1.949
0.05,1402,2.503,-1.344,7.072
0.05,1403,-1.534,2.605,0.102
0.05,1404,-1.307,-3.832,9.332
0.05,1405,7.502,-0.411,0.078
0.05,1406,-5.929,-8.863,-2.620
0.05,1407,-2.600,-6.219,3.695
0.05,1408,-8.863,3.621,-5.913
0.05,1409,-5.240,-0.347,5.744
0.05,1410,1.678,0.885,2.633
0.05,1411,-0.702,6.734,-4.502
0.05,1412,-8.944,8.326,4.881
0.05,1413,6.968,1.542,-3.601
0.05,1414,5.557,1.086,1.511
0.05,1415,-9.956,1.335,9.917
0.05,1416,0.545,-0.850,3.784
0.05,1417,-7.298,3.959,0.082
0.05,1418,-6.238,-3.852,0.073
0.05,1419,8.067,1.042,-9.070
0.05,1420,-7.056,-5.876,2.095
0.05,1421,-1.848,0.846,-10.908
0.05,1422,1.647,-0.933,-9.438
0.05,1423,-6.978,-7.207,-4.011
0.05,1424,0.531,0.804,2.193
0.05,1425,-6.854,-5.310,-6.389
0.05,1426,-6.794,-4.125,0.099
0.05,1427,1.988,-0.496,1.115
0.05,1428,-1.774,1.182,-10.237
0.05,1429,5.585,-4.603,3.535
0.05,1430,-5.847,-7.517,-4.312
0.05,1431,2.020,1.281,-9.997
0.05,1432,-4.975,-2.017,-5.344
0.05,1433,-7.497,-8.827,4.288
0.05,1434,-7.674,2.371,0.108
0.05,1435,-4.203,6.753,2.985
0.05,1436,2.984,-3.346,2.038
0.05,1437,-0.005,0.944,8.719
0.05,1438,-5.197,7.334,-9.344
0.05,1439,9.560,-1.100,9.034
0.05,1440,-4.591,5.381,1.546
0.05,1441,5.678,-5.672,0.481
0.05,1442,-7.984,5.579,-10.416
0.05,1443,3.753,-2.665,3.248
0.05,1444,3.276,0.441,-9.463
0.05,1445,5.206,0.698,-4.496
0.05,1446,-5.529,6.972,0.947
0.05,1447,-1.339,-3.814,-5.647
0.05,1448,-7.617,-3.825,-4.921
0.05,1449,0.876,-3.264,-10.308
0.05,1450,-3.570,-7.524,0.022
0.05,1451,-3.914,-2.079,-9.353
0.05,1452,-7.476,9.759,-0.785
0.05,1453,5.017,-7.840,3.783
0.05,1454,-9.907,9.707,2.839
0.05,1455,-6.455,-9.438,5.496
0.05,1456,4.241,0.279,-9.409
0.05,1457,-2.939,8.027,0.078
0.05,1458,-0.004,7.540,0.483
0.05,1459,0.743,-0.021,10.006
0.05,1460,7.299,-6.251,-7.180
0.05,1461,-7.581,0.381,9.312
0.05,1462,-3.309,-5.383,-7.275
0.05,1463,-4.117,6.720,-8.739
0.05,1464,-2.573,-2.978,-8.766
0.05,1465,-1.818,0.599,-9.592
0.05,1466,5.338,-0.758,-4.794
0.05,1467,-7.714,1.577,8.706
0.05,1468,-4.597,-7.370,-10.672
0.05,1469,-9.668,2.250,-6.250
0.05,1470,-4.664,-6.323,-10.989
0.05,1471,8.589,-5.351,-10.873
0.05,1472,-9.124,7.627,3.362
0.05,1473,-8.138,6.045,6.440
0.05,1474,0.838,-5.428,-11.414
0.05,1475,-6.370,2.919,-10.177
0.05,1476,8.722,0.909,-0.028
0.05,1477,5.468,-3.812,6.674
0.05,1478,4.777,-5.096,-9.635
0.05,1479,-7.469,2.063,2.828
0.05,1480,3.186,-4.296,-10.792
0.05,1481,5.008,6.683,3.759
0.05,1482,3.589,-7.042,-10.044
0.05,1483,-2.727,-2.117,0.781
0.05,1484,-0.193,-6.407,-4.554
0.05,1485,-8.180,-1.301,-4.229
0.05,1486,-7.299,4.137,0.092
0.05,1487,-3.933,4.152,8.524
0.05,1488,-8.960,6.624,3.940
0.05,1489,2.058,3.640,-2.519
0.05,1490,-1.446,-2.746,2.174
0.05,1491,0.699,2.461,6.787
0.05,1492,-6.670,8.645,-10.648
0.05,1493,-7.080,7.820,-6.085
0.05,1494,-2.763,-4.862,6.885
0.05,1495,4.183,-1.388,-10.957
0.05,1496,-6.889,2.929,4.286
0.05,1497,-6.079,4.996,2.795
0.05,1498,1.954,1.321,-9.701
0.05,1499,-7.665,5.048,3.803
0.05,1500,-2.994,4.199,-4.592
0.05,1501,-6.274,4.571,6.499
0.05,1502,-8.080,6.741,5.287
0.05,1503,7.927,0.283,-5.111
0.05,1504,0.058,-9.798,8.644
0.05,1505,5.849,-8.598,3.827
0.05,1506,8.836,-3.914,-0.578
0.05,1507,-4.368,-0.877,-4.305
0.05,1508,2.498,-7.416,0.099
0.05,1509,1.535,-4.819,9.117
0.05,1510,3.700,-6.999,-4.219
0.05,1511,4.817,6.246,1.141
0.05,1512,8.019,-4.185,3.469
0.05,1513,7.060,-8.472,-10.888
0.05,1514,7.561,0.641,-8.609
0.05,1515,-5.683,8.645,-11.437
0.05,1516,-1.387,-5.024,3.913
0.05,1517,4.869,5.622,5.730
0.05,1518,6.924,9.264,-5.925
0.05,1519,6.966,-0.491,-10.303
0.05,1520,7.527,-1.977,4.919
0.05,1521,-9.450,8.565,-8.315
0.05,1522,-4.328,4.456,8.862
0.05,1523,-4.834,0.321,-9.455
0.05,1524,5.257,7.435,-9.690
0.05,1525,-7.911,-3.119,-8.889
0.05,1526,5.429,-5.442,-8.947
0.05,1527,9.079,4.962,4.163
0.05,1528,-3.798,3.764,-5.510
0.05,1529,7.121,3.188,3.005
0.05,1530,-9.437,-0.248,1.057
0.05,1531,9.685,3.302,0.037
0.05,1532,-7.875,7.983,2.022
0.05,1533,-7.239,-3.725,-9.727
0.05,1534,-7.233,2.820,0.102
0.05,1535,-3.252,1.442,-9.327
0.05,1536,-4.503,-2.844,8.721
0.05,1537,4.491,0.726,-3.836
0.05,1538,-1.886,3.564,6.379
0.05,1539,-9.153,-9.151,-3.075
0.05,1540,-5.054,9.507,4.791
0.05,1541,-4.636,2.411,-4.189
0.05,1542,2.027,-3.259,-9.080
0.05,1543,4.566,-7.630,-5.655
0.05,1544,7.776,2.166,0.102
0.05,1545,-1.678,2.274,-3.826
0.05,1546,-6.622,8.740,0.125
0.05,1547,-2.363,1.174,-3.690
0.05,1548,8.246,2.197,0.070
0.05,1549,0.327,4.868,-10.729
0.05,1550,-0.401,6.758,9.211
0.05,1551,3.937,1.944,4.869
0.05,1552,-8.198,-0.477,-4.731
0.05,1553,5.622,4.353,-9.167
0.05,1554,-5.144,4.724,2.991
0.05,1555,6.043,-3.273,-5.647
0.05,1556,-7.408,2.819,0.106
0.05,1557,-3.312,-1.444,8.922
0.05,1558,-1.989,3.848,8.392
0.05,1559,-7.697,-4.116,-7.124
0.05,1560,-3.053,2.563,-3.175
0.05,1561,-8.680,-8.373,1.130
0.05,1562,4.102,6.263,0.069
0.05,1563,5.429,7.339,-7.093
0.05,1564,4.712,1.642,8.731
0.05,1565,2.370,-4.113,2.851
0.05,1566,-4.927,-2.336,2.053
0.05,1567,-5.152,8.368,-0.236
0.05,1568,-1.444,5.328,-4.004
0.05,1569,1.407,1.996,-4.546
0.05,1570,3.879,7.851,0.042
0.05,1571,-8.807,4.340,-8.852
0.05,1572,-8.480,4.439,5.126
0.05,1573,8.984,6.488,4.199
0.05,1574,-7.901,2.341,-0.075
0.05,1575,-3.507,-1.129,-7.968
0.05,1576,-2.439,5.571,9.000
0.05,1577,-3.317,3.157,0.763
0.05,1578,-5.263,7.132,-0.001
0.05,1579,-4.009,-6.766,6.281
0.05,1580,-6.434,-8.812,-7.842
0.05,1581,-2.610,-8.043,0.066
0.05,1582,0.162,-5.573,-1.930
0.05,1583,-1.984,8.107,-8.966
0.05,1584,8.298,1.455,-6.508
0.05,1585,0.195,-0.043,1.598
0.05,1586,-6.677,-1.936,0.539
0.05,1587,7.943,-2.241,0.090
0.05,1588,-1.150,-3.692,-5.144
0.05,1589,8.951,-7.458,9.271
0.05,1590,-3.077,-1.437,4.682
0.05,1591,-7.000,-8.029,-6.048
0.05,1592,-9.823,-6.817,-1.544
0.05,1593,-5.049,8.739,2.470
0.05,1594,-4.458,-8.550,4.165
0.05,1595,9.158,1.120,-6.925
0.05,1596,4.672,-9.212,-5.282
0.05,1597,-6.971,-9.424,-0.403
0.05,1598,1.921,-8.771,-0.125
0.05,1599,1.263,8.855,-0.020
0.05,1600,6.208,-9.490,0.133
0.05,1601,-0.407,4.297,-9.843
0.05,1602,-3.031,-1.793,5.226
0.05,1603,0.299,-3.584,6.856
0.05,1604,8.628,9.786,2.584
0.05,1605,6.905,6.255,-0.176
0.05,1606,-3.921,7.924,9.911
0.05,1607,4.279,-1.177,-3.844
0.05,1608,7.911,-4.371,1.791
0.05,1609,-6.400,4.953,-6.649
0.05,1610,-4.214,2.878,-0.941
0.05,1611,-6.457,2.675,5.202
0.05,1612,-9.880,1.248,-4.369
0.05,1613,2.259,-8.338,-10.465
0.05,1614,-0.857,-5.032,-9.131
0.05,1615,-4.681,-9.251,2.514
0.05,1616,9.859,-4.587,-3.963
0.05,1617,9.398,1.313,-7.002
0.05,1618,2.040,4.729,5.574
0.05,1619,2.324,-7.810,0.098
0.05,1620,5.938,-6.226,5.157
0.05,1621,-0.034,8.713,4.575
0.05,1622,1.566,5.985,4.214
0.05,1623,7.692,5.837,9.491
0.05,1624,4.815,-7.756,5.281
0.05,1625,-3.175,1.159,-6.959
0.05,1626,-2.881,7.322,-9.734
0.05,1627,5.691,0.084,-1.570
0.05,1628,-1.708,-4.847,-9.399
0.05,1629,8.959,-0.067,3.829
0.05,1630,2.103,-2.227,6.977
0.05,1631,5.997,7.903,-8.348
0.05,1632,6.292,-3.142,0.036
0.05,1633,6.750,5.516,9.831
0.05,1634,0.020,3.888,-3.748
0.05,1635,0.634,2.308,7.072
0.05,1636,-2.307,-4.883,3.835
0.05,1637,6.279,-8.484,5.767
0.05,1638,-0.410,9.310,-5.156
0.05,1639,-6.977,-6.324,9.004
0.05,1640,-0.031,-5.597,-4.598
0.05,1641,5.449,-9.109,9.459
0.05,1642,-8.761,5.332,3.711
0.05,1643,-6.398,-1.740,0.618
0.05,1644,0.635,1.745,-10.929
0.05,1645,3.647,9.829,9.998
0.05,1646,8.791,1.839,4.149
0.05,1647,6.966,4.413,-7.726
0.05,1648,8.056,-7.482,-5.583
0.05,1649,4.614,2.792,1.278
0.05,1650,-0.458,-5.466,0.880
0.05,1651,2.437,4.145,-4.761
0.05,1652,9.090,-8.351,-6.435
0.05,1653,-4.223,7.633,0.060
0.05,1654,5.743,-0.633,-8.409
0.05,1655,-9.760,-6.183,-2.623
0.05,1656,-6.796,0.471,-0.085
0.05,1657,10.031,-9.363,9.375
0.05,1658,-4.728,-0.742,-7.837
0.05,1659,4.536,-2.827,0.941
0.05,1660,-6.289,-4.334,9.686
0.05,1661,-3.483,7.826,6.595
0.05,1662,-5.149,2.901,-9.762
0.05,1663,-9.143,-6.193,-0.643
0.05,1664,2.383,8.988,3.411
0.05,1665,-7.067,3.858,3.160
0.05,1666,-9.016,7.365,-3.460
0.05,1667,-0.420,-4.739,9.255
0.05,1668,9.804,-6.219,-6.760
0.05,1669,5.370,-7.816,9.996
0.05,1670,0.548,4.715,6.412
0.05,1671,-4.068,9.029,9.329
0.05,1672,-5.838,9.514,6.469
0.05,1673,-9.899,-9.126,-7.506
0.05,1674,3.299,6.995,0.114
0.05,1675,2.819,-1.488,5.245
0.05,1676,2.174,-7.412,-11.446
0.05,1677,-1.358,3.891,6.518
0.05,1678,1.253,-7.293,0.133
0.05,1679,0.652,-8.632,0.048
0.05,1680,-8.018,8.010,-8.280
0.05,1681,-8.633,-1.099,3.706
0.05,1682,-3.770,9.236,2.831
0.05,1683,6.449,-7.851,9.894
0.05,1684,-3.042,-3.088,1.093
0.05,1685,4.219,6.539,0.100
0.05,1686,-7.331,6.018,-5.621
0.05,1687,6.114,-8.047,-0.792
0.05,1688,-0.072,5.960,5.057
0.05,1689,1.011,3.716,6.709
0.05,1690,-8.006,-9.406,-7.608
0.05,1691,2.811,4.432,4.375
0.05,1692,-7.892,5.012,-0.140
0.05,1693,8.026,-6.584,0.140
0.05,1694,-3.966,7.830,-4.753
0.05,1695,-5.918,5.700,5.132
0.05,1696,2.734,-6.111,-7.877
0.05,1697,-2.843,-0.201,-11.365
0.05,1698,5.599,-9.691,2.967
0.05,1699,5.623,-0.199,0.525
0.05,1700,1.652,3.177,5.991
0.05,1701,4.835,6.156,-4.693
0.05,1702,-4.211,6.815,9.743
0.05,1703,4.186,5.157,1.101
0.05,1704,-2.673,4.492,-9.090
0.05,1705,-8.085,-9.845,-2.775
0.05,1706,-0.801,4.910,6.981
0.05,1707,-0.587,9.552,6.966
0.05,1708,0.453,-7.579,6.616
0.05,1709,0.836,-3.546,-3.727
0.05,1710,8.598,-0.423,-6.705
0.05,1711,3.797,0.328,-3.700
0.05,1712,-3.970,-8.040,-0.084
0.05,1713,8.630,-0.006,5.579
0.05,1714,-4.635,-6.992,5.251
0.05,1715,-0.715,4.090,1.247
0.05,1716,-7.332,7.585,5.613
0.05,1717,8.230,0.010,0.089
0.05,1718,9.180,7.816,-9.920
0.05,1719,-4.469,5.533,4.114
0.05,1720,4.335,8.256,9.575
0.05,1721,-5.102,3.902,1.086
0.05,1722,7.815,1.520,6.610
0.05,1723,9.423,7.177,-7.904
0.05,1724,9.959,-5.789,-5.996
0.05,1725,-4.919,-5.840,0.041
0.05,1726,3.580,-5.600,9.263
0.05,1727,-7.976,7.409,5.481
0.05,1728,-7.578,-3.203,-11.213
0.05,1729,-4.330,-4.268,0.351
0.05,1730,2.530,-3.168,-3.142
0.05,1731,7.741,-0.677,0.090
0.05,1732,5.956,-0.441,-5.815
0.05,1733,-8.145,-4.426,8.465
0.05,1734,8.020,3.684,3.091
0.05,1735,2.768,-7.898,0.084
0.05,1736,7.082,0.650,4.265
0.05,1737,9.323,-4.374,3.453
0.05,1738,-7.066,4.891,-4.927
0.05,1739,-8.721,-3.701,3.658
0.05,1740,7.595,7.207,9.339
0.05,1741,3.016,-0.243,3.166
0.05,1742,-4.196,1.059,-3.981
0.05,1743,0.954,8.199,5.877
0.05,1744,2.753,-8.570,-6.258
0.05,1745,1.145,2.274,2.439
0.05,1746,2.850,8.158,3.751
0.05,1747,-2.943,1.570,-10.653
0.05,1748,-7.335,-3.091,-10.602
0.05,1749,-0.336,4.834,3.023
0.05,1750,3.545,7.724,-10.644
0.05,1751,-5.691,5.768,-4.331
0.05,1752,-7.811,-1.217,-10.672
0.05,1753,-0.265,8.292,0.084
0.05,1754,1.056,2.505,-3.039
0.05,1755,3.135,-0.725,-3.461
0.05,1756,-7.403,-5.785,-4.858
0.05,1757,-6.613,3.849,2.933
0.05,1758,8.187,1.927,-8.241
0.05,1759,-0.738,-8.257,-9.392
0.05,1760,-1.860,7.890,0.115
0.05,1761,8.925,-8.565,-4.285
0.05,1762,-9.920,-6.679,-2.967
0.05,1763,-2.328,2.085,6.501
0.05,1764,3.905,6.959,4.732
0.05,1765,-0.796,8.053,0.107
0.05,1766,-5.602,-4.161,-4.669
0.05,1767,-6.701,-4.274,0.099
0.05,1768,8.066,-0.479,3.916
0.05,1769,6.093,-9.853,1.970
0.05,1770,4.611,1.883,3.549
0.05,1771,-1.013,2.104,-3.197
0.05,1772,-7.098,0.136,-9.006
0.05,1773,-7.914,8.326,-3.629
0.05,1774,-3.035,-9.349,4.942
0.05,1775,3.643,9.404,-9.179
0.05,1776,9.690,-6.557,-8.519
0.05,1777,8.957,2.599,-8.849
0.05,1778,-3.653,0.221,-9.492
0.05,1779,-6.407,-5.442,5.014
0.05,1780,-8.013,-1.354,0.098
0.05,1781,3.559,6.718,0.092
0.05,1782,-6.817,5.068,-9.667
0.05,1783,-6.186,7.364,-1.247
0.05,1784,-2.132,-6.865,6.861
0.05,1785,-2.993,4.365,-3.697
0.05,1786,-4.158,9.934,2.164
0.05,1787,7.643,-9.418,1.317
0.05,1788,-5.941,9.179,5.704
0.05,1789,-1.207,-6.684,1.963
0.05,1790,4.849,-9.153,3.929
0.05,1791,-4.096,2.351,-11.123
0.05,1792,7.814,-3.725,10.050
0.05,1793,3.173,2.185,5.722
0.05,1794,-2.074,-8.021,0.118
0.05,1795,2.400,3.491,-3.556
0.05,1796,-7.781,3.746,8.929
0.05,1797,-2.710,-2.567,1.195
0.05,1798,-0.484,8.906,9.650
0.05,1799,-6.747,9.763,-2.249
0.05,1800,-4.167,-7.962,0.096
0.05,1801,8.222,5.083,-5.744
0.05,1802,7.019,5.704,-9.027
0.05,1803,-6.186,-8.050,6.255
0.05,1804,-3.950,-5.779,0.873
0.05,1805,-0.472,9.094,-9.223
0.05,1806,-3.803,-0.006,6.239
0.05,1807,6.142,-2.218,-5.480
0.05,1808,2.246,-2.534,6.183
0.05,1809,4.283,-0.616,-3.522
0.05,1810,-1.046,-6.297,-4.642
0.05,1811,4.396,-10.065,-7.496
0.05,1812,6.287,3.008,-0.546
0.05,1813,0.225,-5.500,5.582
0.05,1814,7.777,3.649,-8.236
0.05,1815,-1.592,-2.127,-3.533
0.05,1816,-0.783,5.791,-8.969
0.05,1817,5.410,6.958,-7.164
0.05,1818,9.419,5.540,6.007
0.05,1819,-7.093,2.439,-5.100
0.05,1820,-5.176,9.863,-7.372
0.05,1821,-7.116,-0.952,-9.860
0.05,1822,4.081,-6.702,0.104
0.05,1823,9.395,3.162,-9.243
0.05,1824,9.963,-5.668,-9.771
0.05,1825,-4.870,8.306,-9.448
0.05,1826,-7.045,-6.385,5.416
0.05,1827,0.071,4.858,0.771
0.05,1828,-8.602,-2.069,-6.306
0.05,1829,0.338,1.890,2.453
0.05,1830,3.856,-3.086,-4.075
0.05,1831,2.098,-7.112,6.283
0.05,1832,4.912,-4.543,0.084
0.05,1833,0.444,1.525,4.122
0.05,1834,5.577,0.222,-6.853
0.05,1835,-1.360,-3.013,6.282
0.05,1836,-1.913,2.287,-5.138
0.05,1837,4.409,-0.108,-11.201
0.05,1838,0.230,5.245,8.895
0.05,1839,-2.719,-1.204,-4.055
0.05,1840,-5.635,-8.015,-1.094
0.05,1841,8.447,1.537,9.663
0.05,1842,-1.768,5.408,-10.516
0.05,1843,-4.806,4.473,0.018
0.05,1844,1.724,1.217,-11.090
0.05,1845,-1.480,-7.004,-8.066
0.05,1846,1.291,-9.735,3.582
0.05,1847,8.958,-1.215,4.507
0.05,1848,-1.715,-1.443,1.598
0.05,1849,9.281,-6.216,8.713
0.05,1850,9.294,6.419,-5.678
0.05,1851,-7.681,2.124,-6.124
0.05,1852,-2.294,-4.000,-4.258
0.05,1853,-4.175,5.036,-4.989
0.05,1854,7.136,3.352,0.076
0.05,1855,1.451,3.171,-9.410
0.05,1856,-1.295,3.786,0.071
0.05,1857,8.824,-5.544,4.661
0.05,1858,-8.107,2.767,-8.601
0.05,1859,-8.521,3.314,3.919
0.05,1860,-8.674,-0.072,-5.176
0.05,1861,5.697,-5.993,0.086
0.05,1862,4.455,-4.502,0.026
0.05,1863,4.770,3.708,-4.452
0.05,1864,-1.686,-1.596,6.055
0.05,1865,-1.404,8.361,4.951
0.05,1866,0.998,4.840,-11.190
0.05,1867,-8.130,7.258,-7.237
0.05,1868,-9.657,-10.026,9.182
0.05,1869,-2.363,9.154,3.886
0.05,1870,-3.412,9.283,3.611
0.05,1871,-1.854,-2.607,1.089
0.05,1872,1.967,6.224,-4.674
0.05,1873,-4.793,7.005,2.705
0.05,1874,-6.102,-4.944,-8.680
0.05,1875,4.709,-1.083,3.535
0.05,1876,8.054,2.607,0.078
0.05,1877,4.111,0.953,4.382
0.05,1878,7.790,3.341,0.071
0.05,1879,6.130,-8.936,-0.425
0.05,1880,9.883,-1.034,0.346
0.05,1881,3.310,-3.083,1.459
0.05,1882,-3.446,-0.450,-3.278
0.05,1883,-8.688,-0.235,0.008
0.05,1884,-3.872,2.961,-4.254
0.05,1885,-7.722,-3.352,5.479
0.05,1886,-1.795,7.703,0.108
0.05,1887,-3.842,2.124,-8.221
0.05,1888,-2.227,0.662,-8.222
0.05,1889,7.533,3.027,2.937
0.05,1890,5.758,-4.906,0.079
0.05,1891,0.614,-8.661,-5.143
0.05,1892,-8.546,8.106,6.681
0.05,1893,-5.918,7.874,1.413
0.05,1894,-3.758,-7.535,9.786
0.05,1895,5.895,-7.804,5.319
0.05,1896,0.064,2.763,3.261
0.05,1897,5.784,6.277,0.147
0.05,1898,-1.199,2.693,-0.252
0.05,1899,-9.065,-6.325,3.681
0.05,1900,4.195,-8.569,4.024
0.05,1901,-1.667,-4.898,6.958
0.05,1902,7.990,6.202,-10.679
0.05,1903,7.276,-6.397,-5.939
0.05,1904,8.857,-9.348,-5.969
0.05,1905,-5.458,-7.406,-0.035
0.05,1906,0.510,4.702,4.590
0.05,1907,-0.201,-2.391,6.889
0.05,1908,-3.558,-3.164,-3.767
0.05,1909,9.319,3.444,-11.005
0.05,1910,-6.663,8.998,4.256
0.05,1911,9.741,8.858,1.050
0.05,1912,0.310,4.155,-7.476
0.05,1913,8.643,2.648,3.770
0.05,1914,6.984,9.939,6.407
0.05,1915,0.009,7.373,3.200
0.05,1916,-5.995,-2.474,0.665
0.05,1917,-4.533,1.648,-8.474
0.05,1918,-3.752,6.381,4.938
0.05,1919,-9.812,5.294,-6.911
0.05,1920,9.936,-5.046,6.016
0.05,1921,-0.750,-2.632,5.839
0.05,1922,-3.927,-9.601,8.889
0.05,1923,-4.700,-8.274,5.324
0.05,1924,5.069,1.172,6.377
0.05,1925,3.182,9.211,3.756
0.05,1926,-0.029,8.287,-4.513
0.05,1927,0.632,-6.049,4.701
0.05,1928,0.138,-8.395,0.071
0.05,1929,-1.469,2.277,8.831
0.05,1930,4.633,-3.787,-5.048
0.05,1931,-9.898,-7.477,-3.336
0.05,1932,-5.365,-3.706,-4.739
0.05,1933,-1.143,6.681,-10.135
0.05,1934,7.530,9.810,0.369
0.05,1935,-9.193,4.130,-4.407
0.05,1936,4.324,8.341,-1.498
0.05,1937,-3.836,3.552,6.490
0.05,1938,-9.518,-2.832,-10.271
0.05,1939,-8.767,2.581,-0.039
0.05,1940,6.366,1.543,5.218
0.05,1941,-4.447,0.853,4.037
0.05,1942,7.504,-8.443,1.920
0.05,1943,-1.905,-8.934,6.824
0.05,1944,6.019,-6.559,4.560
0.05,1945,8.318,-8.962,-5.225
0.05,1946,-5.487,4.648,-9.910
0.05,1947,2.327,2.462,2.999
0.05,1948,-3.505,5.125,4.010
0.05,1949,-2.766,-1.643,1.739
0.05,1950,1.170,-8.813,-6.832
0.05,1951,-9.645,-5.026,-0.358
0.05,1952,8.123,9.766,5.478
0.05,1953,6.166,-9.212,4.548
0.05,1954,7.335,-2.255,-4.810
0.05,1955,6.847,9.867,-6.654
0.05,1956,4.028,-1.208,10.019
0.05,1957,-4.806,8.163,3.229
0.05,1958,-7.360,-4.095,3.472
0.05,1959,-8.063,6.374,-3.216
0.05,1960,-7.037,-4.407,3.670
0.05,1961,7.087,-1.865,0.056
0.05,1962,7.051,3.089,0.104
0.05,1963,-7.253,-5.747,-5.360
0.05,1964,3.556,-0.924,-7.377
0.05,1965,-1.323,-7.963,0.093
0.05,1966,-4.688,-7.184,5.373
0.05,1967,6.091,-9.389,5.559
0.05,1968,5.956,8.545,3.043
0.05,1969,-9.099,-3.061,2.908
0.05,1970,-3.631,0.065,-8.176
0.05,1971,7.658,9.645,3.253
0.05,1972,-2.061,-7.281,3.324
0.05,1973,-4.404,-2.719,0.788
0.05,1974,1.555,-4.064,-9.155
0.05,1975,-5.645,-7.256,-9.923
0.05,1976,-1.361,8.646,5.725
0.05,1977,1.914,-9.893,4.324
0.05,1978,-8.513,-1.782,3.355
0.05,1979,-9.259,-5.194,0.579
0.05,1980,-5.207,-5.732,-8.609
0.05,1981,0.095,-1.350,2.275
0.05,1982,4.717,-1.847,-10.015
0.05,1983,-3.505,4.141,5.374
0.05,1984,1.582,4.407,0.487
0.05,1985,2.511,-0.715,1.136
0.05,1986,-8.628,-4.064,3.832
0.05,1987,9.166,-8.012,2.856
0.05,1988,5.735,6.131,3.570
0.05,1989,-0.767,-7.815,0.090
0.05,1990,-3.152,3.449,-10.242
0.05,1991,-4.317,-4.028,0.174
0.05,1992,2.925,-2.057,-2.377
0.05,1993,3.874,7.560,3.550
0.05,1994,5.582,-6.737,0.027
0.05,1995,2.166,1.731,-2.857
0.05,1996,-9.855,2.863,-4.403
0.05,1997,-4.596,6.930,0.116
0.05,1998,-7.166,4.603,5.549
0.05,1999,-3.311,0.557,9.766
0.05,2000,-3.945,6.554,3.991
0.05,2001,-5.025,-3.379,0.315
0.05,2002,2.148,-9.314,-10.068
0.05,2003,-4.170,-8.228,0.828
0.05,2004,5.804,4.581,0.079
0.05,2005,-2.887,-4.210,1.167
0.05,2006,5.250,2.289,-7.034
0.05,2007,1.070,-0.944,6.935
0.05,2008,6.568,-7.361,6.962
0.05,2009,1.533,-7.646,0.463
0.05,2010,3.107,0.438,-3.225
0.05,2011,-5.535,6.976,0.029
0.05,2012,6.680,5.625,-10.368
0.05,2013,2.205,-5.522,3.404
0.05,2014,-0.201,-8.994,-0.014
0.05,2015,-8.283,-3.701,-0.057
0.05,2016,7.848,2.475,-8.840
0.05,2017,-6.467,8.617,9.085
0.05,2018,0.037,6.350,1.984
0.05,2019,-5.153,5.037,-8.778
0.05,2020,-4.858,-6.173,-9.604
0.05,2021,9.628,4.045,4.970
0.05,2022,-2.021,2.923,-3.588
0.05,2023,5.146,-9.190,-10.625
0.05,2024,-7.158,3.121,0.112
0.05,2025,-8.886,1.310,-10.583
0.05,2026,0.919,-8.487,2.614
0.05,2027,7.135,-8.876,-4.070
0.05,2028,5.901,-1.108,-4.768
0.05,2029,4.068,0.250,0.681
0.05,2030,7.000,6.675,-7.673
0.05,2031,-2.258,0.370,-3.300
0.05,2032,-6.226,0.682,0.888
0.05,2033,-7.662,-7.203,-4.847
0.05,2034,1.138,3.438,-10.384
0.05,2035,-6.976,3.721,0.106
0.05,2036,5.083,-0.115,5.377
0.05,2037,-3.876,-3.527,-3.834
0.05,2038,-3.242,-0.190,6.696
0.05,2039,4.512,6.038,-11.180
0.05,2040,-3.788,-6.895,-10.929
0.05,2041,8.322,-9.095,-4.166
0.05,2042,4.889,7.878,2.975
0.05,2043,-3.395,-4.927,5.689
0.05,2044,3.923,-7.877,3.778
0.05,2045,3.265,-2.191,1.831
0.05,2046,3.475,2.533,4.137
0.05,2047,-4.318,-5.843,0.142
0.05,2048,-2.812,6.386,5.661
0.05,2049,4.137,-6.248,2.805
0.05,2050,-0.672,-2.066,-8.254
0.05,2051,-8.942,6.412,9.355
0.05,2052,7.984,9.413,6.448
0.05,2053,4.101,5.865,-6.296
0.05,2054,7.482,7.356,-5.797
0.05,2055,9.073,6.097,2.936
0.05,2056,4.842,9.354,-6.660
0.05,2057,5.551,9.423,-7.427
0.05,2058,5.194,-3.130,-10.157
0.05,2059,9.001,-0.881,7.082
0.05,2060,7.994,0.530,0.094
0.05,2061,-6.803,1.326,0.118
0.05,2062,-3.918,2.796,2.871
0.05,2063,-3.423,0.288,1.486
0.05,2064,6.895,-9.123,6.820
0.05,2065,1.202,2.654,2.875
0.05,2066,-6.577,2.790,-5.134
0.05,2067,-1.435,-4.152,1.276
0.05,2068,5.982,-6.887,-10.553
0.05,2069,7.276,4.162,-5.538
0.05,2070,-5.377,3.023,-9.661
0.05,2071,3.762,-1.538,0.440
0.05,2072,7.045,-5.128,-8.714
0.05,2073,-7.645,-8.455,-3.221
0.05,2074,-2.937,3.967,-8.845
0.05,2075,-9.839,-5.264,6.037
0.05,2076,8.497,2.580,-5.960
0.05,2077,-1.282,-3.265,1.265
0.05,2078,-0.126,3.853,5.444
0.05,2079,9.540,7.624,-4.885
0.05,2080,-9.993,3.549,7.020
0.05,2081,-1.841,7.844,2.632
0.05,2082,-7.299,-7.044,3.419
0.05,2083,-2.405,7.759,5.603
0.05,2084,-9.377,-1.603,-9.538
0.05,2085,5.198,-3.037,2.506
0.05,2086,-3.251,-3.713,-4.428
0.05,2087,1.442,5.172,6.713
0.05,2088,3.736,1.055,-7.267
0.05,2089,9.206,1.510,4.085
0.05,2090,-7.257,-4.023,3.541
0.05,2091,-7.148,4.145,0.096
0.05,2092,0.880,-2.003,-4.362
0.05,2093,-3.539,-9.949,-2.532
0.05,2094,2.423,9.065,0.627
0.05,2095,6.862,3.873,-9.513
0.05,2096,-7.041,5.466,3.621
0.05,2097,3.674,-1.198,6.701
0.05,2098,-0.487,-2.697,-2.946
0.05,2099,-2.561,-5.300,4.689
0.05,2100,7.792,-4.841,-9.118
0.05,2101,-6.628,-1.375,9.938
0.05,2102,-7.912,-3.271,-0.016
0.05,2103,-8.610,-1.114,0.040
0.05,2104,-3.635,-8.311,-6.061
0.05,2105,-3.264,0.301,-7.415
0.05,2106,-3.442,4.780,-9.478
0.05,2107,2.443,2.049,-7.149
0.05,2108,6.403,-0.319,0.044
0.05,2109,-5.591,2.023,-9.268
0.05,2110,4.624,-9.802,6.358
0.05,2111,3.698,0.875,-6.541
0.05,2112,1.818,5.351,5.791
0.05,2113,-5.782,6.423,0.043
0.05,2114,-9.373,7.475,-0.518
0.05,2115,-3.908,-7.678,-6.074
0.05,2116,-8.605,-2.078,-4.319
0.05,2117,-0.479,-3.015,2.400
0.05,2118,3.690,0.562,9.254
0.05,2119,-3.296,-4.076,4.695
0.05,2120,7.786,-0.119,5.443
0.05,2121,-7.884,-8.635,6.750
0.05,2122,-3.014,-5.680,-0.378
0.05,2123,9.616,0.842,6.482
0.05,2124,-7.284,-1.283,6.260
0.05,2125,-3.255,-5.860,-10.351
0.05,2126,6.508,-6.607,-0.162
0.05,2127,-2.787,6.506,0.232
0.05,2128,-0.883,2.164,6.736
0.05,2129,-2.826,-1.366,-9.431
0.05,2130,-8.821,7.474,-5.727
0.05,2131,6.488,-7.838,-6.215
0.05,2132,7.715,8.155,-10.531
0.05,2133,5.017,-7.561,5.281
0.05,2134,8.476,1.991,3.196
0.05,2135,1.158,2.021,-0.935
0.05,2136,-1.643,-2.426,-11.420
0.05,2137,8.247,-3.392,-0.139
0.05,2138,-9.351,-1.555,-8.639
0.05,2139,-2.016,6.232,1.185
0.05,2140,1.007,-8.040,5.927
0.05,2141,0.007,0.177,-6.106
0.05,2142,-2.885,9.581,-7.021
0.05,2143,-8.419,-3.962,0.003
0.05,2144,7.293,-4.144,0.080
0.05,2145,2.442,-1.189,-11.039
0.05,2146,2.944,-1.570,-8.277
0.05,2147,8.945,-5.846,0.117
0.05,2148,2.818,5.287,-0.643
0.05,2149,1.077,5.270,-9.593
0.05,2150,-2.394,-5.888,0.954
0.05,2151,-1.534,8.922,-5.925
0.05,2152,8.628,2.294,0.037
0.05,2153,-8.500,0.507,3.979
0.05,2154,-1.850,-6.565,1.945
0.05,2155,8.173,-7.965,6.444
0.05,2156,3.781,4.463,5.935
0.05,2157,-1.879,7.838,4.561
0.05,2158,-3.429,5.317,0.067
0.05,2159,2.203,4.374,4.421
0.05,2160,-3.780,6.896,0.161
0.05,2161,-5.570,7.645,4.104
0.05,2162,5.003,-8.000,-6.924
0.05,2163,-1.755,-7.139,3.020
0.05,2164,-1.702,-2.348,5.517
0.05,2165,6.501,8.311,-11.199
0.05,2166,5.506,-0.813,8.857
0.05,2167,1.887,1.191,-8.801
0.05,2168,-6.984,2.836,0.084
0.05,2169,-9.649,1.197,5.547
0.05,2170,-0.832,8.406,4.790
0.05,2171,-8.694,-2.473,-10.006
0.05,2172,-6.067,8.809,3.592
0.05,2173,1.894,-3.258,3.496
0.05,2174,0.833,-4.493,3.129
0.05,2175,-5.256,-8.112,-9.626
0.05,2176,2.013,-3.961,1.189
0.05,2177,-6.838,3.247,4.310
0.05,2178,6.998,-3.302,6.203
0.05,2179,1.561,2.595,-4.088
0.05,2180,5.424,2.300,-10.070
0.05,2181,-4.286,-0.846,-9.776
0.05,2182,-4.362,-7.028,0.106
0.05,2183,8.733,1.715,-4.726
0.05,2184,6.410,9.276,-8.686
0.05,2185,9.557,4.489,-8.475
0.05,2186,0.287,9.771,-6.728
0.05,2187,-5.313,-2.915,2.239
0.05,2188,8.411,8.046,3.396
0.05,2189,3.438,-0.664,9.840
0.05,2190,7.729,-3.150,0.092
0.05,2191,-9.327,-4.835,-3.313
0.05,2192,9.291,-8.530,-9.076
0.05,2193,3.015,-3.946,-8.995
0.05,2194,-0.679,-2.498,7.197
0.05,2195,2.211,-2.242,-4.062
0.05,2196,1.473,-1.716,-7.428
0.05,2197,9.052,5.250,-7.326
0.05,2198,-2.035,-4.278,-2.191
0.05,2199,8.097,-8.731,-6.751
0.05,2200,-4.152,6.734,0.095
0.05,2201,-2.113,7.813,0.110
0.05,2202,1.583,9.446,-11.045
0.05,2203,-2.049,-0.828,-1.056
0.05,2204,3.651,0.837,-8.465
0.05,2205,2.992,3.866,6.276
0.05,2206,-2.113,-2.874,1.240
0.05,2207,3.012,-5.225,-8.603
0.05,2208,3.886,2.616,-4.629
0.05,2209,8.261,1.186,-5.456
0.05,2210,1.479,-7.253,4.419
0.05,2211,-6.570,-2.796,0.037
0.05,2212,-9.627,6.802,-2.693
0.05,2213,-5.607,5.924,-5.490
0.05,2214,1.470,-7.432,-10.118
0.05,2215,-8.704,-1.835,3.087
0.05,2216,-1.182,-8.471,0.087
0.05,2217,-8.504,1.321,-10.217
0.05,2218,9.442,5.811,0.280
0.05,2219,0.266,-4.667,-0.131
0.05,2220,6.715,6.222,-9.513
0.05,2221,-3.056,1.814,1.168
0.05,2222,-8.717,4.030,-7.868
0.05,2223,6.217,-1.177,1.188
0.05,2224,-0.547,2.652,-2.861
0.05,2225,8.752,-1.545,9.474
0.05,2226,3.589,-5.932,-10.399
0.05,2227,-1.590,-8.384,6.929
0.05,2228,-7.057,-2.957,0.094
0.05,2229,-7.969,-0.588,0.093
0.05,2230,-1.886,0.430,-9.775
0.05,2231,-2.897,0.279,-11.161
0.05,2232,-7.115,-9.512,-9.375
0.05,2233,-8.577,-2.544,-8.327
0.05,2234,-7.326,7.207,3.605
0.05,2235,1.313,-7.218,0.044
0.05,2236,0.928,-3.345,-3.624
0.05,2237,-3.209,-7.640,0.096
0.05,2238,7.535,3.002,0.102
0.05,2239,-7.645,0.834,8.977
0.05,2240,2.772,-5.052,-9.658
0.05,2241,-1.739,7.914,3.030
0.05,2242,-8.462,2.669,0.160
0.05,2243,-9.570,1.587,3.776
0.05,2244,9.357,-0.646,0.031
0.05,2245,6.079,0.540,4.157
0.05,2246,4.727,3.620,-4.851
0.05,2247,7.929,-4.846,3.593
0.05,2248,-5.560,0.625,5.240
0.05,2249,7.916,2.054,0.094
0.05,2250,0.160,-7.833,-4.686
0.05,2251,-0.096,-9.428,3.061
0.05,2252,-5.651,7.982,-7.541
0.05,2253,-0.423,-2.278,-5.446
0.05,2254,-7.656,1.034,0.095
0.05,2255,4.433,-6.106,0.073
0.05,2256,-4.607,-2.483,-4.981
0.05,2257,2.793,-9.223,-0.725
0.05,2258,-3.307,-6.603,-4.861
0.05,2259,-4.333,-9.107,3.458
0.05,2260,0.155,-7.329,-4.833
0.05,2261,-0.413,2.174,2.113
0.05,2262,7.243,6.187,-4.073
0.05,2263,-3.233,8.772,-10.137
0.05,2264,7.265,4.170,0.184
0.05,2265,-1.483,-3.335,5.468
0.05,2266,0.179,9.034,6.787
0.05,2267,5.950,6.980,9.186
0.05,2268,1.532,4.792,4.612
0.05,2269,6.171,9.402,3.926
0.05,2270,5.673,1.098,3.734
0.05,2271,-1.774,6.049,8.960
0.05,2272,3.906,8.352,3.015
0.05,2273,6.399,-5.129,0.084
0.05,2274,5.693,5.932,-5.124
0.05,2275,3.320,-1.803,-8.339
0.05,2276,-4.608,-5.176,-10.038
0.05,2277,9.240,5.321,-5.492
0.05,2278,-5.365,-2.021,3.869
0.05,2279,7.739,-2.677,-7.332
0.05,2280,9.358,-2.979,3.852
0.05,2281,9.341,5.969,-10.719
0.05,2282,0.611,4.173,6.136
0.05,2283,4.267,4.127,0.242
0.05,2284,5.054,-5.285,-0.127
0.05,2285,3.628,-6.639,-5.689
0.05,2286,-1.246,-4.279,0.820
0.05,2287,8.345,-2.638,0.037
0.05,2288,-6.562,3.867,2.451
0.05,2289,9.919,6.256,-3.323
0.05,2290,0.549,5.787,-5.854
0.05,2291,-1.381,-1.565,-9.676
0.05,2292,5.016,-4.093,-8.491
0.05,2293,9.358,8.624,-3.338
0.05,2294,1.716,-5.492,-9.811
0.05,2295,0.588,-7.982,-9.747
0.05,2296,-2.081,-3.710,3.799
0.05,2297,-9.788,-5.944,9.144
0.05,2298,-3.528,0.507,-8.711
0.05,2299,-9.518,2.707,-6.521
0.05,2300,3.748,-0.306,2.519
0.05,2301,0.042,-5.962,-8.190
0.05,2302,-0.931,3.624,-9.568
0.05,2303,-0.625,9.567,10.050
0.05,2304,5.623,4.295,3.170
0.05,2305,3.107,-6.489,-9.181
0.05,2306,2.175,0.442,-4.198
0.05,2307,-8.905,-5.150,9.567
0.05,2308,-1.529,-4.988,8.686
0.05,2309,-6.623,3.600,3.460
0.05,2310,-9.181,-4.610,3.418
0.05,2311,-1.808,-3.189,6.766
0.05,2312,-3.448,-8.832,-10.240
0.05,2313,-0.104,-2.989,1.368
0.05,2314,2.402,2.122,1.945
0.05,2315,9.591,-0.898,-3.164
0.05,2316,-6.824,5.394,-7.015
0.05,2317,-8.653,9.450,-5.798
0.05,2318,7.482,-3.345,-9.049
0.05,2319,9.605,-2.891,9.863
0.05,2320,-7.223,-7.741,-7.851
0.05,2321,6.468,-6.402,3.308
0.05,2322,1.194,0.744,-10.404
0.05,2323,-7.694,-7.762,3.426
0.05,2324,7.940,-5.052,-11.307
0.05,2325,1.401,5.926,-7.836
0.05,2326,2.819,8.230,3.547
0.05,2327,-3.056,-2.657,1.273
0.05,2328,0.854,4.232,-4.038
0.05,2329,-6.281,5.275,4.011
0.05,2330,-9.804,-6.919,-9.562
0.05,2331,-4.766,-2.137,2.759
0.05,2332,-3.562,-6.807,6.698
0.05,2333,-3.460,2.520,-9.254
0.05,2334,-9.641,9.944,5.524
0.05,2335,-5.427,-2.571,-3.194
0.05,2336,7.917,5.191,-0.426
0.05,2337,-5.695,-7.579,-10.292
0.05,2338,5.468,7.531,-11.032
0.05,2339,0.345,-9.212,-10.111
0.05,2340,5.043,5.491,-7.408
0.05,2341,-1.443,-5.274,3.985
0.05,2342,1.858,-8.380,-9.073
0.05,2343,-4.385,-7.615,-4.841
0.05,2344,-8.632,6.229,3.041
0.05,2345,-1.166,3.000,-7.005
0.05,2346,-1.238,2.616,-3.840
0.05,2347,-8.942,1.959,-0.177
0.05,2348,-7.082,-7.143,-3.099
0.05,2349,-2.102,0.979,-3.364
0.05,2350,4.158,1.346,6.771
0.05,2351,-3.019,-0.744,6.607
0.05,2352,1.120,9.325,-5.414
0.05,2353,-7.588,-7.872,-9.701
0.05,2354,-8.297,-0.460,-11.199
0.05,2355,-8.926,-7.778,-2.032
0.05,2356,0.422,1.487,-5.610
0.05,2357,3.102,9.984,1.659
0.05,2358,-1.416,2.076,2.002
0.05,2359,3.343,-3.770,-3.602
0.05,2360,-1.102,-1.460,-7.299
0.05,2361,-3.306,-6.374,3.676
0.05,2362,-9.625,-3.890,-3.768
0.05,2363,0.330,3.190,3.113
0.05,2364,-1.300,6.957,-4.868
0.05,2365,5.977,5.486,0.088
0.05,2366,6.844,-3.115,-3.800
0.05,2367,0.083,2.146,2.092
0.05,2368,8.252,-6.586,5.884
0.05,2369,4.231,-2.053,1.272
0.05,2370,3.639,5.686,-11.363
0.05,2371,-1.249,-7.247,3.252
0.05,2372,-4.184,-2.918,-0.006
0.05,2373,-3.674,10.038,9.946
0.05,2374,7.809,-4.101,3.916
0.05,2375,-5.908,-2.898,5.884
0.05,2376,9.972,-1.381,0.588
0.05,2377,-0.214,-3.980,-9.301
0.05,2378,-9.856,1.458,5.004
0.05,2379,3.228,1.624,-3.720
0.05,2380,-8.524,-5.157,-2.549
0.05,2381,-4.322,-3.081,6.167
0.05,2382,1.547,3.642,-2.548
0.05,2383,-9.335,2.869,5.605
0.05,2384,9.337,4.445,-5.027
0.05,2385,-8.451,-4.236,3.870
0.05,2386,-2.148,-8.761,4.390
0.05,2387,4.934,8.322,3.716
0.05,2388,-8.890,-7.813,-6.812
0.05,2389,-1.888,5.585,0.468
0.05,2390,-4.976,9.633,6.401
0.05,2391,-7.020,4.880,0.071
0.05,2392,-2.847,5.903,4.510
0.05,2393,7.583,4.486,-0.443
0.05,2394,0.650,3.250,5.437
0.05,2395,9.583,-8.892,-3.508
0.05,2396,5.326,-7.702,-0.056
0.05,2397,1.083,-1.689,-3.431
0.05,2398,5.672,8.418,-1.182
0.05,2399,-1.168,-2.012,-4.741
0.05,2400,-8.131,8.566,-7.555
0.05,2401,9.823,-4.088,-10.125
0.05,2402,0.108,-5.418,-8.791
0.05,2403,-6.019,6.637,-4.309
0.05,2404,-4.872,-8.283,-8.573
0.05,2405,3.529,8.352,-0.342
0.05,2406,8.577,9.841,4.505
0.05,2407,-4.662,-9.303,9.331
0.05,2408,2.416,-3.210,1.008
0.05,2409,-1.216,-0.917,-6.099
0.05,2410,5.350,6.488,0.070
0.05,2411,5.162,6.006,0.096
0.05,2412,-6.136,4.888,5.892
0.05,2413,-5.068,-7.608,8.433
0.05,2414,-8.201,-6.982,0.397
0.05,2415,-7.070,-0.825,5.447
0.05,2416,-7.972,-6.955,-6.908
0.05,2417,3.744,-9.021,-5.772
0.05,2418,-1.764,-5.101,-1.860
0.05,2419,-1.967,2.194,-2.061
0.05,2420,-5.127,5.153,6.575
0.05,2421,6.647,5.334,-11.248
0.05,2422,2.518,-6.545,0.098
0.05,2423,-1.239,4.731,6.774
0.05,2424,2.825,-5.307,9.537
0.05,2425,7.642,7.410,-7.410
0.05,2426,-6.944,-6.330,-6.762
0.05,2427,5.602,9.305,-4.955
0.05,2428,-0.095,-9.782,-4.440
0.05,2429,7.869,2.094,0.097
0.05,2430,-4.708,-8.696,4.108
0.05,2431,5.418,-3.348,-4.975
0.05,2432,-5.408,5.679,0.060
0.05,2433,8.762,2.670,0.103
0.05,2434,6.436,5.119,0.092
0.05,2435,-0.298,0.069,1.897
0.05,2436,2.100,-3.304,-8.693
0.05,2437,8.240,-2.555,0.079
0.05,2438,-5.558,-1.876,3.671
0.05,2439,7.629,6.430,4.242
0.05,2440,5.952,6.910,4.532
0.05,2441,8.447,-8.073,6.343
0.05,2442,-3.773,9.087,-6.636
0.05,2443,-3.199,0.862,-9.842
0.05,2444,-8.858,-4.222,-11.051
0.05,2445,5.447,7.177,9.269
0.05,2446,-0.355,3.881,-9.242
0.05,2447,3.364,6.064,-5.138
0.05,2448,-2.712,-7.579,8.817
0.05,2449,-3.866,3.684,-9.762
0.05,2450,6.429,9.471,0.758
0.05,2451,-8.562,1.403,0.039
0.05,2452,-0.981,-5.699,-5.016
0.05,2453,5.694,6.372,0.102
0.05,2454,1.751,1.013,-10.084
0.05,2455,3.113,-8.352,0.128
0.05,2456,-0.779,7.453,6.613
0.05,2457,7.851,-9.379,9.188
0.05,2458,-7.635,7.575,-9.705
0.05,2459,-8.294,0.436,-4.735
0.05,2460,6.728,7.409,-9.938
0.05,2461,7.553,-3.434,-10.846
0.05,2462,4.626,-2.091,0.884
0.05,2463,0.736,-8.003,0.095
0.05,2464,1.910,8.101,3.168
0.05,2465,-9.403,1.087,4.015
0.05,2466,-2.176,-1.920,-9.312
0.05,2467,7.848,5.166,-8.536
0.05,2468,5.217,-8.913,-8.830
0.05,2469,0.473,1.098,2.843
0.05,2470,8.858,4.660,-4.587
0.05,2471,-8.826,-4.147,4.080
0.05,2472,-6.797,-4.388,3.347
0.05,2473,5.052,4.030,-10.568
0.05,2474,-1.967,4.471,0.545
0.05,2475,9.527,-5.625,-5.014
0.05,2476,6.597,-0.820,3.192
0.05,2477,5.714,-8.980,-2.115
0.05,2478,-3.798,-9.911,-11.237
0.05,2479,8.023,-2.070,0.090
0.05,2480,-5.329,-3.144,0.238
0.05,2481,-0.012,9.069,6.344
0.05,2482,-1.310,-0.452,8.806
0.05,2483,3.604,7.558,2.697
0.05,2484,-9.568,0.624,5.740
0.05,2485,4.661,-9.553,4.891
0.05,2486,1.982,2.632,-3.977
0.05,2487,-4.662,8.014,-8.189
0.05,2488,1.813,-4.539,3.168
0.05,2489,-7.377,1.899,0.087
0.05,2490,6.651,-5.931,4.709
0.05,2491,0.506,-7.083,2.968
0.05,2492,-3.803,5.046,-10.370
0.05,2493,-4.520,5.214,-5.054
0.05,2494,-5.411,-7.286,6.253
0.05,2495,-4.364,5.551,-0.393
0.05,2496,3.546,-7.369,-4.992
0.05,2497,-4.277,5.060,4.260
0.05,2498,-8.583,-6.611,3.513
0.05,2499,-7.739,-3.503,0.083
0.05,2500,-9.174,6.524,1.687
0.05,2501,-1.127,-1.635,-9.578
0.05,2502,5.865,6.692,-4.097
0.05,2503,2.563,-1.095,2.901
0.05,2504,-9.413,3.789,4.460
0.05,2505,3.703,1.315,-8.348
0.05,2506,2.136,-6.495,7.049
0.05,2507,-7.183,-0.981,5.938
0.05,2508,-4.551,4.603,1.567
0.05,2509,7.915,-2.362,0.113
0.05,2510,3.978,8.295,4.288
0.05,2511,0.670,-8.318,-9.444
0.05,2512,4.665,-3.830,3.743
0.05,2513,-3.095,0.834,-4.178
0.05,2514,-9.535,7.958,-4.596
0.05,2515,8.362,-0.111,0.075
0.05,2516,2.143,4.954,6.514
0.05,2517,9.519,9.366,3.465
0.05,2518,-7.503,3.214,-5.021
0.05,2519,-0.973,8.375,0.078
0.05,2520,-4.573,2.937,6.608
0.05,2521,0.213,-4.283,2.577
0.05,2522,2.004,2.015,-3.600
0.05,2523,-4.992,3.814,0.171
0.05,2524,-9.017,8.623,-4.044
0.05,2525,2.043,-6.257,3.427
0.05,2526,-3.118,-8.878,-8.566
0.05,2527,2.604,8.964,-11.044
0.05,2528,3.602,6.757,-9.455
0.05,2529,-8.839,-4.154,-7.471
0.05,2530,-5.192,6.087,0.090
0.05,2531,-8.986,9.364,0.443
0.05,2532,1.686,-9.323,4.603
0.05,2533,9.610,5.558,-4.076
0.05,2534,-3.045,2.788,-10.214
0.05,2535,2.772,-4.807,-4.842
0.05,2536,4.461,6.603,0.101
0.05,2537,-6.206,10.061,-9.316
0.05,2538,-3.089,4.546,4.762
0.05,2539,8.756,-2.010,6.207
0.05,2540,2.854,8.875,-10.093
0.05,2541,-9.587,-0.296,6.890
0.05,2542,0.598,3.669,-3.803
0.05,2543,9.459,4.371,-4.911
0.05,2544,-6.282,7.452,-7.852
0.05,2545,-6.339,3.959,2.739
0.05,2546,1.684,-1.165,-6.374
0.05,2547,-6.256,9.945,-9.905
0.05,2548,-2.369,-1.280,6.975
0.05,2549,-7.324,3.957,0.092
0.05,2550,-6.444,4.093,3.509
0.05,2551,-7.635,-1.003,0.089
0.05,2552,5.818,1.654,-5.058
0.05,2553,1.237,3.444,-3.617
0.05,2554,8.623,2.865,-2.794
0.05,2555,-6.108,-6.063,-2.937
0.05,2556,5.091,3.755,9.670
0.05,2557,-3.164,7.069,0.586
0.05,2558,8.130,-0.664,5.112
0.05,2559,0.526,-5.303,3.552
0.05,2560,3.495,3.724,1.099
0.05,2561,-1.508,-8.394,-5.512
0.05,2562,-6.365,8.703,5.186
0.05,2563,3.559,-2.815,5.615
0.05,2564,-2.164,-9.753,5.399
0.05,2565,4.526,-6.729,0.093
0.05,2566,-4.498,-2.783,0.134
0.05,2567,-0.299,6.360,2.555
0.05,2568,6.110,-7.719,3.844
0.05,2569,6.679,-0.106,0.576
0.05,2570,-8.485,2.405,-11.335
0.05,2571,4.100,5.074,8.623
0.05,2572,2.403,6.229,3.087
0.05,2573,0.942,9.594,-7.542
0.05,2574,-4.346,8.128,6.127
0.05,2575,6.330,4.384,0.095
0.05,2576,1.671,2.914,-3.546
0.05,2577,-5.101,1.322,0.762
0.05,2578,5.616,4.140,9.412
0.05,2579,1.854,-6.652,9.672
0.05,2580,-6.443,4.670,4.972
0.05,2581,8.059,2.527,9.494
0.05,2582,-7.094,3.192,-5.779
0.05,2583,-4.211,-8.197,-7.809
0.05,2584,-1.133,-9.176,-9.093
0.05,2585,-9.783,0.314,9.726
0.05,2586,4.048,-8.637,5.426
0.05,2587,-5.401,9.935,-6.686
0.05,2588,-4.633,2.573,-1.391
0.05,2589,3.319,-1.429,2.072
0.05,2590,-3.274,-3.741,-8.482
0.05,2591,2.819,-7.854,3.177
0.05,2592,1.477,-7.780,0.088
0.05,2593,7.065,-3.934,0.325
0.05,2594,-7.646,0.817,0.086
0.05,2595,9.262,5.462,8.767
0.05,2596,7.874,0.279,0.092
0.05,2597,-3.047,2.393,-3.530
0.05,2598,-6.419,-2.048,-4.867
0.05,2599,3.385,7.570,0.099
0.05,2600,1.905,-2.967,-3.543
0.05,2601,0.204,-2.401,1.194
0.05,2602,0.096,-2.451,-3.638
0.05,2603,8.497,-3.613,-10.873
0.05,2604,-9.973,7.334,-3.468
0.05,2605,5.513,-8.576,3.614
0.05,2606,-2.180,-7.890,-10.007
0.05,2607,9.862,-6.604,-0.011
0.05,2608,0.081,-3.876,5.280
0.05,2609,0.369,-8.264,0.096
0.05,2610,-8.185,-7.259,3.439
0.05,2611,-9.098,-1.304,-7.778
0.05,2612,1.495,-3.537,-4.252
0.05,2613,-4.514,-3.293,-1.562
0.05,2614,-7.150,-1.161,9.415
0.05,2615,-5.981,-4.676,-4.912
0.05,2616,4.641,-6.955,-4.776
0.05,2617,4.105,6.527,-4.429
0.05,2618,-5.677,-4.940,4.028
0.05,2619,-2.916,-8.840,4.434
0.05,2620,-6.246,2.431,-0.069
0.05,2621,-8.424,-1.391,0.066
0.05,2622,1.422,-3.458,6.964
0.05,2623,-7.861,0.216,0.097
0.05,2624,9.302,8.659,-1.470
0.05,2625,2.625,-5.216,6.767
0.05,2626,-5.575,-2.832,1.516
0.05,2627,9.881,0.304,6.530
0.05,2628,7.549,-1.454,-8.943
0.05,2629,-3.143,-8.392,-0.563
0.05,2630,5.519,-2.653,6.478
0.05,2631,6.752,2.627,5.011
0.05,2632,2.897,0.602,-3.333
0.05,2633,-3.146,-9.302,8.469
0.05,2634,6.760,-3.068,6.327
0.05,2635,4.968,7.151,9.843
0.05,2636,-3.369,-9.466,-7.338
0.05,2637,-8.649,-8.772,-10.457
0.05,2638,6.606,-7.999,-7.681
0.05,2639,3.006,1.477,6.074
0.05,2640,-3.839,-0.817,-4.043
0.05,2641,3.344,1.430,-8.715
0.05,2642,5.754,8.845,-10.367
0.05,2643,-4.061,-0.625,8.591
0.05,2644,0.275,1.689,-7.520
0.05,2645,5.483,0.617,0.901
0.05,2646,2.102,-2.042,2.485
0.05,2647,0.527,3.504,2.104
0.05,2648,-6.084,-0.194,-8.234
0.05,2649,-7.687,-2.978,0.103
0.05,2650,-4.096,6.291,-10.194
0.05,2651,3.458,3.676,1.710
0.05,2652,1.583,6.969,-7.318
0.05,2653,2.054,3.921,-8.938
0.05,2654,-8.681,2.622,-0.024
0.05,2655,-3.756,-3.664,1.429
0.05,2656,9.747,5.804,4.173
0.05,2657,1.402,1.101,-2.594
0.05,2658,-8.990,-8.862,-6.555
0.05,2659,-2.768,7.732,3.424
0.05,2660,2.774,2.190,6.213
0.05,2661,-6.530,-1.793,-4.493
0.05,2662,1.321,-6.544,-9.962
0.05,2663,5.928,6.391,-10.723
0.05,2664,0.432,-5.297,-10.717
0.05,2665,-0.672,9.035,-0.034
0.05,2666,-5.239,3.957,-9.051
0.05,2667,0.053,5.734,-11.271
0.05,2668,7.626,-0.331,0.096
0.05,2669,-3.507,-3.407,4.929
0.05,2670,-2.634,-7.656,0.099
0.05,2671,6.251,-8.605,-5.513
0.05,2672,-6.561,5.636,0.045
0.05,2673,-7.752,8.262,2.058
0.05,2674,-6.844,-9.654,3.867
0.05,2675,-4.974,1.363,-6.272
0.05,2676,9.521,-0.369,-8.671
0.05,2677,-1.813,5.058,-7.924
0.05,2678,-9.936,-5.368,-7.412
0.05,2679,-1.725,-5.945,-4.928
0.05,2680,1.883,-9.763,-8.628
0.05,2681,8.646,9.910,-9.179
0.05,2682,1.114,-3.418,1.454
0.05,2683,-6.907,-0.964,-4.688
0.05,2684,-0.212,2.220,-6.213
0.05,2685,0.675,7.459,3.058
0.05,2686,10.026,1.177,-4.066
0.05,2687,-3.220,-6.536,2.269
0.05,2688,-6.349,4.295,3.771
0.05,2689,-8.174,2.228,-11.214
0.05,2690,-7.713,0.924,-4.995
0.05,2691,-7.296,9.459,9.944
0.05,2692,-1.805,-2.446,-3.894
0.05,2693,-5.223,4.146,-9.575
0.05,2694,9.979,4.924,-9.174
0.05,2695,-5.262,-1.818,-4.514
0.05,2696,-7.537,8.884,-7.492
0.05,2697,2.700,-2.699,-7.238
0.05,2698,7.253,1.138,9.586
0.05,2699,-1.676,3.091,-7.772
0.05,2700,-2.291,-9.961,-3.492
0.05,2701,8.673,-8.801,-5.894
0.05,2702,3.046,1.942,-1.533
0.05,2703,-1.100,5.149,-4.366
0.05,2704,0.880,4.884,5.957
0.05,2705,0.691,9.078,3.363
0.05,2706,2.243,-0.848,-2.815
0.05,2707,-9.454,-8.294,-9.152
0.05,2708,-3.089,-0.423,6.073
0.05,2709,-7.809,8.780,6.316
0.05,2710,-0.294,-6.561,1.201
0.05,2711,2.547,-7.156,-0.145
0.05,2712,-8.621,8.564,-4.319
0.05,2713,8.142,-5.813,6.482
0.05,2714,-3.984,9.210,-5.280
0.05,2715,4.139,2.383,5.145
0.05,2716,-0.592,7.340,-10.101
0.05,2717,-2.028,-8.855,3.578
0.05,2718,-4.591,-0.051,4.439
0.05,2719,-5.876,4.182,-5.144
0.05,2720,5.564,5.641,0.097
0.05,2721,8.983,8.109,6.033
0.05,2722,-8.920,2.274,-4.400
0.05,2723,-9.567,-8.108,4.726
0.05,2724,7.489,0.768,-5.165
0.05,2725,8.365,-5.915,-11.405
0.05,2726,-8.700,-9.080,5.975
0.05,2727,8.236,-0.302,-9.025
0.05,2728,2.408,1.304,-9.978
0.05,2729,5.897,6.100,-10.569
0.05,2730,5.933,-5.201,0.064
0.05,2731,-0.610,8.442,0.952
0.05,2732,-4.904,7.744,-9.244
0.05,2733,-2.170,9.239,-0.185
0.05,2734,-9.864,-5.413,4.496
0.05,2735,-0.538,8.166,0.101
0.05,2736,-9.896,7.380,3.262
0.05,2737,-2.919,1.910,-6.530
0.05,2738,5.756,9.560,-2.757
0.05,2739,6.763,-5.758,-10.362
0.05,2740,-7.609,3.431,6.884
0.05,2741,-8.920,1.441,-0.058
0.05,2742,0.161,-8.239,4.929
0.05,2743,3.428,4.524,8.592
0.05,2744,5.274,-1.699,6.899
0.05,2745,-9.913,7.439,9.587
0.05,2746,-9.427,7.505,0.247
0.05,2747,3.635,4.559,4.370
0.05,2748,7.576,-8.611,4.174
0.05,2749,-6.789,-5.417,3.164
0.05,2750,0.813,-7.832,-4.957
0.05,2751,-0.602,4.082,3.663
0.05,2752,-2.478,4.623,0.293
0.05,2753,-2.388,-6.853,0.120
0.05,2754,5.566,-6.433,8.947
0.05,2755,1.753,4.529,-4.441
0.05,2756,-8.855,5.259,7.078
0.05,2757,-7.458,-4.543,-4.493
0.05,2758,2.781,-9.993,9.755
0.05,2759,-3.129,4.211,0.691
0.05,2760,-8.612,-5.896,-6.577
0.05,2761,-2.504,-1.974,-4.503
0.05,2762,7.494,4.080,-4.845
0.05,2763,-4.044,2.001,6.226
0.05,2764,5.188,9.025,4.120
0.05,2765,8.370,8.390,6.322
0.05,2766,-4.269,-8.383,4.553
0.05,2767,-1.893,-4.817,3.672
0.05,2768,8.575,-0.458,0.229
0.05,2769,-8.706,7.938,4.874
0.05,2770,-7.428,-4.551,0.040
0.05,2771,0.030,7.191,-4.757
0.05,2772,0.157,4.393,5.733
0.05,2773,-7.123,8.619,-6.964
0.05,2774,-5.554,-3.479,0.126
0.05,2775,-1.861,1.159,3.545
0.05,2776,-7.645,1.393,-5.331
0.05,2777,5.336,1.435,-11.189
0.05,2778,9.403,-0.528,-4.973
0.05,2779,6.378,8.346,4.016
0.05,2780,-3.898,6.718,-4.902
0.05,2781,0.387,6.812,2.647
0.05,2782,-8.035,-9.959,-1.256
0.05,2783,-1.883,3.817,1.504
0.05,2784,3.227,-1.483,-10.969
0.05,2785,1.773,-1.934,-5.207
0.05,2786,3.605,-6.273,-4.823
0.05,2787,-6.478,9.544,-6.586
0.05,2788,-2.029,8.460,3.854
0.05,2789,3.438,-0.279,-10.581
0.05,2790,2.569,4.512,1.033
0.05,2791,6.153,3.221,0.135
0.05,2792,1.451,8.987,5.934
0.05,2793,4.137,-1.552,-8.196
0.05,2794,-0.667,-1.276,-7.382
0.05,2795,-9.692,8.227,-4.957
0.05,2796,-3.952,-0.881,6.256
0.05,2797,5.898,6.603,-4.131
0.05,2798,-3.044,-9.031,-9.303
0.05,2799,-9.537,8.926,-9.132
0.05,2800,3.429,1.142,2.231
0.05,2801,-7.371,-8.506,-5.309
0.05,2802,5.081,3.282,-4.986
0.05,2803,-5.199,-3.379,-4.429
0.05,2804,-8.357,1.635,-6.395
0.05,2805,9.184,-7.892,-1.249
0.05,2806,-5.560,-8.326,6.927
0.05,2807,-2.818,-3.330,1.009
0.05,2808,7.659,-7.447,-11.257
0.05,2809,1.762,-8.830,-5.087
0.05,2810,-7.395,-2.801,5.588
0.05,2811,6.819,-8.372,-10.101
0.05,2812,-8.107,-5.634,2.655
0.05,2813,-1.224,9.132,-0.368
0.05,2814,-3.591,8.139,-5.942
0.05,2815,1.326,-3.554,10.050
0.05,2816,8.866,-0.199,3.828
0.05,2817,-2.334,-8.385,8.802
0.05,2818,-7.466,-4.003,0.087
0.05,2819,-7.578,1.703,-4.702
0.05,2820,-7.486,-2.279,2.067
0.05,2821,-2.292,6.950,-9.484
0.05,2822,4.992,-5.620,0.065
0.05,2823,2.937,6.107,-0.799
0.05,2824,-3.396,-2.382,-4.267
0.05,2825,6.267,8.496,5.269
0.05,2826,9.420,-8.126,-6.106
0.05,2827,1.091,-4.357,-3.592
0.05,2828,6.820,-6.292,2.161
0.05,2829,2.163,-0.378,2.957
0.05,2830,-6.554,-9.205,0.565
0.05,2831,2.137,-3.229,-3.409
0.05,2832,-6.840,-1.659,-10.161
0.05,2833,9.901,-7.698,5.418
0.05,2834,1.378,-3.996,-8.524
0.05,2835,-5.278,-6.295,0.107
0.05,2836,7.105,-6.456,-8.852
0.05,2837,4.509,7.382,-11.305
0.05,2838,-8.312,3.758,-4.825
0.05,2839,-7.856,-4.067,-0.068
0.05,2840,0.649,9.511,-9.135
0.05,2841,-8.868,-6.623,-5.742
0.05,2842,-3.570,7.010,3.553
0.05,2843,2.166,4.633,0.765
0.05,2844,-1.814,2.357,-1.447
0.05,2845,-5.823,9.098,-9.729
0.05,2846,-8.071,9.097,-6.245
0.05,2847,9.873,7.685,-3.174
0.05,2848,-5.838,-0.579,2.921
0.05,2849,2.186,2.932,-9.910
0.05,2850,1.867,5.797,9.876
0.05,2851,-1.098,-8.248,4.052
0.05,2852,3.913,2.271,6.848
0.05,2853,-8.427,7.182,-5.348
0.05,2854,0.720,9.155,0.653
0.05,2855,-1.192,8.178,-5.400
0.05,2856,-5.036,-6.241,-4.878
0.05,2857,5.897,-4.902,0.080
0.05,2858,3.235,7.299,4.580
0.05,2859,-6.220,-6.957,-0.444
0.05,2860,-7.383,9.334,-4.232
0.05,2861,0.063,-8.994,3.147
0.05,2862,-1.292,4.039,4.894
0.05,2863,8.127,7.825,4.971
0.05,2864,-4.113,5.314,5.431
0.05,2865,0.781,5.123,-8.680
0.05,2866,0.712,-5.065,-5.117
0.05,2867,1.248,6.581,-5.050
0.05,2868,9.460,3.774,4.082
0.05,2869,-2.697,-8.332,3.236
0.05,2870,2.151,-5.002,-5.298
0.05,2871,-9.173,-9.364,2.048
0.05,2872,5.849,-0.363,6.189
0.05,2873,3.209,-3.821,1.886
0.05,2874,-8.580,5.605,3.378
0.05,2875,7.208,-3.778,3.936
0.05,2876,4.621,-7.526,2.792
0.05,2877,-7.650,4.192,0.150
0.05,2878,-2.480,-2.043,9.327
0.05,2879,-8.554,-2.401,3.723
0.05,2880,-1.324,2.534,2.232
0.05,2881,6.026,-4.524,-5.036
0.05,2882,-3.578,-6.040,-4.781
0.05,2883,-0.724,8.765,6.476
0.05,2884,4.454,-8.360,-11.230
0.05,2885,3.572,-1.146,6.227
0.05,2886,-7.601,-7.948,-6.533
0.05,2887,7.979,5.239,-3.479
0.05,2888,0.693,6.702,4.964
0.05,2889,4.622,-7.205,3.767
0.05,2890,-4.192,-4.668,-0.225
0.05,2891,2.691,3.353,1.440
0.05,2892,-8.207,4.702,6.736
0.05,2893,-0.591,7.382,0.087
0.05,2894,1.246,8.671,6.034
0.05,2895,-8.028,9.867,-1.364
0.05,2896,8.864,4.322,4.614
0.05,2897,-9.487,4.726,-9.557
0.05,2898,8.590,1.232,5.218
0.05,2899,-9.615,-4.830,4.850
0.05,2900,2.347,0.972,-10.820
0.05,2901,-3.131,7.819,3.428
0.05,2902,6.925,5.117,-9.754
0.05,2903,5.778,-4.812,-4.080
0.05,2904,2.243,-1.047,6.799
0.05,2905,2.003,2.817,6.876
0.05,2906,2.736,-9.533,2.476
0.05,2907,-4.386,-8.374,-4.892
0.05,2908,-0.600,-6.690,-4.339
0.05,2909,-4.028,-6.801,0.100
0.05,2910,2.462,6.249,-10.003
0.05,2911,-2.100,-4.150,-9.096
0.05,2912,2.663,-0.874,9.014
0.05,2913,-1.460,4.366,0.997
0.05,2914,-9.922,-4.576,5.064
0.05,2915,-7.085,8.229,4.630
0.05,2916,5.509,-6.959,0.009
0.05,2917,5.167,-1.094,9.114
0.05,2918,-7.438,2.786,-4.416
0.05,2919,-9.590,3.041,-8.908
0.05,2920,6.654,-4.508,-10.083
0.05,2921,8.270,-9.912,1.268
0.05,2922,0.980,6.409,0.111
0.05,2923,1.351,2.700,1.929
0.05,2924,1.647,-7.936,-7.198
0.05,2925,-8.268,0.838,6.435
0.05,2926,3.613,-4.778,-8.467
0.05,2927,-6.466,3.348,5.882
0.05,2928,4.235,-5.218,-10.237
0.05,2929,5.762,7.820,-7.645
0.05,2930,2.333,3.378,-10.058
0.05,2931,-9.301,0.915,-5.681
0.05,2932,3.585,5.498,-9.877
0.05,2933,-3.865,-1.114,6.619
0.05,2934,-7.171,1.761,-4.509
0.05,2935,6.873,1.286,0.625
0.05,2936,-0.445,3.434,-5.000
0.05,2937,-7.105,-7.406,-9.610
0.05,2938,0.449,-3.489,1.264
0.05,2939,6.757,-8.712,5.823
0.05,2940,-5.182,7.903,-0.454
0.05,2941,-5.256,2.951,-9.791
0.05,2942,8.378,-9.596,2.067
0.05,2943,-8.698,-9.069,-8.751
0.05,2944,-1.421,6.745,3.272
0.05,2945,-4.198,-6.227,3.468
0.05,2946,-7.495,8.484,-0.972
0.05,2947,-5.760,-7.760,-10.792
0.05,2948,-4.866,-8.246,-4.131
0.05,2949,1.047,0.724,1.561
0.05,2950,-4.249,-0.017,-7.974
0.05,2951,-4.775,2.495,2.666
0.05,2952,-0.899,5.131,-5.193
0.05,2953,4.196,0.854,-3.880
0.05,2954,-0.984,8.826,-10.862
0.05,2955,-9.589,-7.174,-9.240
0.05,2956,-9.376,-8.976,-2.816
0.05,2957,-8.033,-3.072,-4.965
0.05,2958,-6.439,5.469,4.737
0.05,2959,-9.252,-4.076,-8.177
0.05,2960,-2.019,0.816,-6.573
0.05,2961,-3.766,-5.539,4.745
0.05,2962,4.950,-5.465,5.842
0.05,2963,1.977,9.515,-10.092
0.05,2964,-3.047,-5.098,-9.470
0.05,2965,9.299,9.373,-7.453
0.05,2966,-5.948,-0.478,-2.771
0.05,2967,5.930,7.808,6.933
0.05,2968,9.008,9.203,2.852
0.05,2969,1.784,5.121,6.829
0.05,2970,2.035,4.704,-4.519
0.05,2971,-5.162,-6.899,0.041
0.05,2972,-6.355,-6.205,3.673
0.05,2973,6.716,-3.757,4.127
0.05,2974,-2.465,6.330,3.857
0.05,2975,2.385,-2.476,-3.759
0.05,2976,7.529,-1.457,-8.108
0.05,2977,-6.922,7.248,0.652
0.05,2978,-4.667,-0.789,4.313
0.05,2979,-0.310,-6.514,6.470
0.05,2980,-7.668,-8.760,0.183
0.05,2981,-7.949,2.719,0.088
0.05,2982,0.948,7.817,-4.826
0.05,2983,1.209,-1.702,-10.480
0.05,2984,0.781,8.796,0.016
0.05,2985,5.000,5.302,-10.340
0.05,2986,0.205,4.335,0.676
0.05,2987,2.096,-0.172,-10.551
0.05,2988,-2.912,0.220,4.718
0.05,2989,2.561,1.256,-11.025
0.05,2990,-1.751,-3.145,-10.444
0.05,2991,6.012,5.791,-4.836
0.05,2992,-7.205,-3.614,0.105
0.05,2993,3.858,7.692,-4.865
0.05,2994,-7.618,0.322,-9.659
0.05,2995,-6.264,-7.837,-11.338
0.05,2996,-0.289,-8.540,-4.558
0.05,2997,-9.101,1.671,-5.320
0.05,2998,7.618,-2.049,0.097
0.05,2999,8.355,6.039,-4.655
0.15,0,-6.249,-5.156,3.493
0.15,1,6.968,4.165,0.101
0.15,2,6.675,-5.312,-0.156
0.15,3,-4.154,1.335,-3.600
0.15,4,8.243,6.044,-10.042
0.15,5,8.109,0.789,0.091
0.15,6,-7.820,-7.809,0.335
0.15,7,4.032,-9.270,-7.783
0.15,8,1.121,-3.431,5.868
0.15,9,-6.503,-5.236,0.277
0.15,10,-1.985,8.043,8.692
0.15,11,-5.870,3.679,6.946
0.15,12,-9.883,-9.324,6.026
0.15,13,1.439,-4.320,1.139
0.15,14,2.458,-4.280,0.136
0.15,15,-5.370,4.387,8.391
0.15,16,6.396,-8.018,5.687
0.15,17,6.288,4.219,9.742
0.15,18,6.509,4.318,0.096
0.15,19,-5.058,1.809,-8.128
0.15,20,-8.207,-0.630,0.094
0.15,21,-9.542,-7.081,-4.419
0.15,22,-8.405,7.886,4.045
0.15,23,1.897,5.284,7.619
0.15,24,-1.524,-6.852,9.312
0.15,25,4.328,1.066,-8.775
0.15,26,-2.833,0.849,-10.532
0.15,27,-0.660,-4.506,0.587
0.15,28,-0.758,4.972,-11.313
0.15,29,-6.027,0.079,8.570
0.15,30,5.312,-1.202,-10.519
0.15,31,-4.500,-0.770,0.429
0.15,32,6.600,4.544,0.097
0.15,33,-4.223,-7.403,0.257
0.15,34,-1.850,-5.849,-0.518
0.15,35,6.984,-3.879,0.101
0.15,36,-6.009,-5.229,0.090
0.15,37,3.548,-7.176,0.097
0.15,38,-6.426,-6.958,0.759
0.15,39,0.780,-7.971,0.099
0.15,40,-6.991,3.490,0.126
0.15,41,-6.143,3.592,-0.392
0.15,42,-4.664,6.815,8.192
0.15,43,9.734,7.976,-5.615
0.15,44,-8.268,-8.576,-5.648
0.15,45,-4.664,-9.105,-10.979
0.15,46,9.549,3.515,5.629
0.15,47,-2.966,-8.880,-0.220
0.15,48,3.739,3.556,4.697
0.15,49,3.165,6.655,4.483
0.15,50,2.396,-2.606,4.279
0.15,51,5.039,-5.991,-10.613
0.15,52,-6.171,-4.067,3.882
0.15,53,-4.852,2.793,-10.562
0.15,54,-6.633,4.618,7.921
0.15,55,-8.126,2.075,0.087
0.15,56,3.178,4.325,0.686
0.15,57,9.741,-4.300,-4.755
0.15,58,1.103,-3.204,8.516
0.15,59,7.644,-1.954,0.102
0.15,60,-3.135,2.184,0.783
0.15,61,3.042,0.557,4.796
0.15,62,-9.233,0.877,0.750
0.15,63,-4.568,3.826,-7.898
0.15,64,-5.518,5.433,0.083
0.15,65,2.564,-7.737,5.237
0.15,66,-0.361,8.125,0.098
0.15,67,7.948,8.933,6.083
0.15,68,1.906,7.886,0.101
0.15,69,-3.092,-1.903,-5.266
0.15,70,0.635,-6.828,7.571
0.15,71,-2.929,6.852,0.068
0.15,72,-6.914,-3.926,0.103
0.15,73,-4.235,-6.789,0.096
0.15,74,-9.685,6.616,4.119
0.15,75,-9.318,-5.796,-3.360
0.15,76,-2.357,7.216,0.084
0.15,77,2.358,3.764,5.334
0.15,78,-3.354,-6.681,5.384
0.15,79,4.415,-6.472,3.988
0.15,80,-9.443,-3.047,3.823
0.15,81,2.960,2.310,-6.991
0.15,82,-1.470,-7.903,0.169
0.15,83,-7.264,2.716,0.101
0.15,84,-2.584,-6.339,-9.992
0.15,85,-3.846,0.831,-3.229
0.15,86,7.269,-1.064,-0.113
0.15,87,3.368,3.721,6.745
0.15,88,-5.519,-1.912,-10.609
0.15,89,1.573,5.092,-4.737
0.15,90,1.046,9.815,10.025
0.15,91,-3.903,-2.507,7.421
0.15,92,-3.498,0.582,1.232
0.15,93,6.819,-5.550,0.036
0.15,94,-1.263,-4.358,7.464
0.15,95,-0.595,2.123,6.430
0.15,96,3.469,2.253,1.196
0.15,97,5.007,1.395,8.803
0.15,98,3.773,-1.815,9.349
0.15,99,-7.372,-3.765,-9.553
0.15,100,-9.148,-7.513,9.178
0.15,101,5.949,-3.125,3.711
0.15,102,-7.767,4.965,8.410
0.15,103,6.979,2.138,0.050
0.15,104,-7.145,1.919,0.075
0.15,105,1.965,-7.765,8.668
0.15,106,-3.788,8.440,0.353
0.15,107,-6.520,4.765,0.094
0.15,108,6.101,-5.313,0.085
0.15,109,2.197,3.552,1.216
0.15,110,-3.255,8.172,0.036
0.15,111,-3.625,9.619,-5.859
0.15,112,1.899,-2.808,-9.785
0.15,113,-9.064,4.406,3.913
0.15,114,-5.185,-6.073,0.090
0.15,115,3.378,1.610,-5.143
0.15,116,8.908,-7.329,-11.068
0.15,117,-3.093,-2.102,1.302
0.15,118,-1.983,-2.138,-2.795
0.15,119,-7.857,-8.968,-9.289
0.15,120,-1.104,-1.642,5.658
0.15,121,1.979,-7.583,-10.273
0.15,122,-7.984,0.995,0.295
0.15,123,-2.667,4.453,-9.408
0.15,124,7.873,-0.204,0.092
0.15,125,7.932,6.981,1.256
0.15,126,-2.078,2.762,-3.090
0.15,127,2.872,1.891,-4.871
0.15,128,9.178,-9.627,-7.836
0.15,129,-6.422,-2.174,-0.044
0.15,130,2.082,0.844,1.258
0.15,131,-0.044,-9.455,3.664
0.15,132,-5.599,5.622,0.091
0.15,133,-2.927,-5.547,9.084
0.15,134,9.142,7.302,-0.657
0.15,135,-1.629,-7.205,-9.827
0.15,136,4.974,9.809,7.243
0.15,137,-1.192,-3.995,9.700
0.15,138,3.250,-7.346,0.098
0.15,139,4.081,-9.658,-11.290
0.15,140,1.903,7.540,0.102
0.15,141,3.540,0.415,0.850
0.15,142,-4.371,-3.839,-2.464
0.15,143,-7.570,2.721,0.106
0.15,144,3.213,9.690,3.889
0.15,145,1.407,6.823,5.834
0.15,146,2.308,-6.708,-10.816
0.15,147,-7.430,-2.587,0.105
0.15,148,-8.216,-8.264,-5.374
0.15,149,9.727,-6.036,6.563
0.15,150,5.191,-5.196,0.050
0.15,151,6.439,4.613,0.098
0.15,152,7.449,-2.267,0.094
0.15,153,-6.968,5.970,7.070
0.15,154,-9.980,0.770,-9.674
0.15,155,0.260,4.185,-0.866
0.15,156,-1.891,-2.614,5.136
0.15,157,6.553,3.962,0.115
0.15,158,-7.440,-3.949,0.082
0.15,159,-0.523,-0.965,7.454
0.15,160,5.888,-6.963,-10.664
0.15,161,2.771,6.604,-10.603
0.15,162,-7.817,3.417,0.137
0.15,163,8.402,5.119,3.718
0.15,164,-8.146,-6.208,-8.211
0.15,165,1.633,7.548,0.151
0.15,166,2.605,-2.967,7.170
0.15,167,-3.013,7.222,9.663
0.15,168,2.721,5.686,9.992
0.15,169,7.208,8.362,4.428
0.15,170,7.536,-7.620,8.505
0.15,171,0.825,-4.307,6.171
0.15,172,-7.386,0.799,0.466
0.15,173,1.305,2.778,-8.369
0.15,174,-3.862,7.385,6.375
0.15,175,7.997,-8.876,-8.669
0.15,176,6.984,1.795,0.224
0.15,177,2.325,-2.226,1.493
0.15,178,1.866,-4.728,0.683
0.15,179,1.290,8.063,0.098
0.15,180,-6.244,-8.209,4.195
0.15,181,7.220,7.780,-4.882
0.15,182,-6.491,0.598,-0.213
0.15,183,0.320,-8.267,0.085
0.15,184,-7.202,-3.540,0.102
0.15,185,5.319,-5.855,0.087
0.15,186,-0.786,-4.420,3.427
0.15,187,-9.300,-4.498,-7.962
0.15,188,8.043,-2.984,8.503
0.15,189,6.153,-2.206,8.544
0.15,190,-5.950,8.299,-1.865
0.15,191,2.156,-2.547,0.051
0.15,192,0.847,1.435,5.569
0.15,193,-5.282,9.572,7.680
0.15,194,1.686,-7.211,0.053
0.15,195,0.469,7.971,4.014
0.15,196,-8.019,1.196,0.094
0.15,197,-4.611,6.268,0.088
0.15,198,6.837,-6.503,0.198
0.15,199,-6.326,-5.011,0.096
0.15,200,-5.969,-0.138,7.822
0.15,201,-7.311,1.693,4.287
0.15,202,-0.922,-0.523,8.701
0.15,203,5.477,-3.651,5.103
0.15,204,-2.199,-3.212,-11.341
0.15,205,-9.027,7.335,-8.926
0.15,206,5.507,5.276,0.076
0.15,207,-8.049,-7.744,-5.654
0.15,208,-6.858,4.357,0.100
0.15,209,5.039,6.152,0.098
0.15,210,-6.006,1.054,0.843
0.15,211,-7.252,9.744,2.767
0.15,212,6.381,6.944,-0.448
0.15,213,-1.198,1.873,-10.859
0.15,214,8.229,-7.184,-1.636
0.15,215,3.330,-9.041,-0.752
0.15,216,-1.219,8.150,0.122
0.15,217,-4.518,-6.819,0.101
0.15,218,-9.010,-5.245,-8.435
0.15,219,2.305,3.940,-10.749
0.15,220,-3.058,-7.535,-10.690
0.15,221,0.923,-5.975,9.373
0.15,222,-8.266,-3.169,0.059
0.15,223,8.161,0.212,7.663
0.15,224,-5.762,-5.828,0.086
0.15,225,-0.102,2.392,7.954
0.15,226,-5.416,7.551,4.638
0.15,227,-5.146,-4.353,-9.900
0.15,228,-4.425,-2.987,-9.574
0.15,229,-8.385,0.310,0.185
0.15,230,-4.191,6.912,0.098
0.15,231,8.514,-0.452,3.660
0.15,232,8.589,8.364,-2.985
0.15,233,-6.757,3.778,3.269
0.15,234,2.082,0.047,7.211
0.15,235,5.497,3.188,7.654
0.15,236,-4.869,6.292,0.093
0.15,237,5.266,-1.806,4.160
0.15,238,5.121,-8.778,-0.684
0.15,239,-5.277,4.450,-8.065
0.15,240,2.240,-2.940,-2.861
0.15,241,6.481,-0.840,-5.339
0.15,242,8.691,-0.355,0.036
0.15,243,9.869,-3.533,-9.726
0.15,244,1.966,-7.894,0.094
0.15,245,-4.486,-0.685,-8.462
0.15,246,-7.481,-3.010,0.105
0.15,247,7.458,-8.764,-2.545
0.15,248,-3.212,8.611,2.753
0.15,249,-1.287,9.798,6.164
0.15,250,-1.280,-4.267,7.715
0.15,251,-4.871,-5.740,9.565
0.15,252,-4.649,4.965,-10.289
0.15,253,-5.953,-9.412,0.241
0.15,254,1.295,7.334,5.026
0.15,255,0.154,4.230,0.833
0.15,256,-7.252,0.667,6.253
0.15,257,-1.136,8.311,4.200
0.15,258,-8.479,-2.915,4.524
0.15,259,-4.405,-8.432,-4.453
0.15,260,-1.100,-7.814,0.092
0.15,261,-2.170,-1.532,6.284
0.15,262,7.958,-0.898,0.092
0.15,263,9.724,4.837,7.040
0.15,264,7.155,3.569,0.117
0.15,265,8.047,-1.361,0.092
0.15,266,-2.901,3.242,2.785
0.15,267,8.412,-1.516,3.788
0.15,268,-7.962,1.510,0.095
0.15,269,1.278,8.081,0.099
0.15,270,0.709,-8.113,0.090
0.15,271,2.647,6.885,9.687
0.15,272,2.039,-4.541,-3.832
0.15,273,-3.273,-8.438,-10.688
0.15,274,6.869,-5.854,7.299
0.15,275,2.764,-8.667,6.343
0.15,276,-1.834,-4.650,0.523
0.15,277,6.819,-4.203,0.097
0.15,278,4.107,-8.662,5.788
0.15,279,7.022,-7.570,3.933
0.15,280,-4.853,-2.765,-10.404
0.15,281,-0.854,-5.236,0.860
0.15,282,-4.188,-1.836,-2.642
0.15,283,-6.728,4.530,0.097
0.15,284,3.032,7.477,0.107
0.15,285,-0.590,-9.331,3.911
0.15,286,-3.991,2.856,-0.156
0.15,287,1.207,3.131,1.231
0.15,288,-0.063,1.550,7.400
0.15,289,2.758,1.051,-8.818
0.15,290,-8.075,8.554,-4.378
0.15,291,-5.491,5.615,0.088
0.15,292,4.627,-8.949,0.313
0.15,293,8.630,-6.047,-9.925
0.15,294,-8.813,-8.489,-9.498
0.15,295,-9.223,6.917,-0.016
0.15,296,-5.583,4.431,0.021
0.15,297,2.818,7.514,0.108
0.15,298,3.729,-5.148,9.211
0.15,299,-6.879,-9.835,3.849
0.15,300,-6.923,-3.121,5.343
0.15,301,4.610,-1.455,-3.977
0.15,302,0.086,5.917,9.319
0.15,303,1.843,2.395,-3.847
0.15,304,4.792,-1.968,8.557
0.15,305,-5.636,6.071,8.162
0.15,306,7.154,-3.596,0.098
0.15,307,-3.929,7.516,-10.045
0.15,308,5.324,1.049,7.727
0.15,309,-6.208,-6.883,3.962
0.15,310,0.745,-4.092,7.678
0.15,311,3.897,-3.577,-9.148
0.15,312,-3.018,-6.830,0.170
0.15,313,1.708,-7.282,3.738
0.15,314,2.737,1.578,-8.227
0.15,315,7.908,1.493,0.095
0.15,316,3.584,-7.134,0.098
0.15,317,-1.778,-2.905,-3.616
0.15,318,3.107,-8.500,0.155
0.15,319,-9.409,-5.516,9.458
0.15,320,-0.424,2.739,8.633
0.15,321,5.002,3.053,0.143
0.15,322,-6.470,-6.294,0.396
0.15,323,-6.964,-2.568,-10.447
0.15,324,6.071,0.653,-3.692
0.15,325,-8.255,-6.307,-0.308
0.15,326,-6.260,-1.074,9.219
0.15,327,8.320,4.599,4.580
0.15,328,-6.978,-6.004,4.145
0.15,329,6.007,1.030,-8.797
0.15,330,8.219,-4.046,1.321
0.15,331,-0.744,-7.680,9.563
0.15,332,3.514,1.475,5.908
0.15,333,-3.152,4.421,-9.766
0.15,334,4.161,-1.271,4.989
0.15,335,8.173,-0.083,0.092
0.15,336,5.406,-5.864,0.087
0.15,337,-3.348,-4.084,-4.434
0.15,338,-8.017,0.234,-11.109
0.15,339,-8.574,9.720,-0.997
0.15,340,-9.738,-5.801,-4.644
0.15,341,4.425,7.466,10.025
0.15,342,2.133,-5.033,4.458
0.15,343,6.515,-5.971,1.332
0.15,344,9.035,4.615,-6.999
0.15,345,-4.503,-6.665,0.094
0.15,346,-5.996,2.175,-10.208
0.15,347,-9.328,9.306,-2.398
0.15,348,3.348,-7.497,3.762
0.15,349,1.934,-0.220,5.866
0.15,350,7.014,9.035,4.577
0.15,351,7.853,2.210,0.096
0.15,352,2.192,-6.007,-10.001
0.15,353,7.865,-1.619,0.096
0.15,354,3.570,1.346,7.191
0.15,355,5.592,2.564,-4.058
0.15,356,-3.729,-8.563,3.761
0.15,357,-0.184,3.450,-10.004
0.15,358,6.639,5.671,1.554
0.15,359,-4.321,8.543,4.496
0.15,360,-4.217,6.887,0.097
0.15,361,5.624,-0.166,-4.551
0.15,362,0.998,-2.432,-7.103
0.15,363,-9.561,9.821,6.497
0.15,364,-4.434,3.611,-9.008
0.15,365,9.459,-7.230,-3.874
0.15,366,4.018,-1.499,0.753
0.15,367,-9.736,7.054,7.296
0.15,368,-6.265,-6.821,0.205
0.15,369,-6.800,3.494,2.071
0.15,370,-8.131,-2.206,2.580
0.15,371,7.434,7.229,1.143
0.15,372,8.615,-3.441,7.286
0.15,373,-6.147,-0.982,0.553
0.15,374,-2.864,-7.345,2.480
0.15,375,-7.374,-3.134,0.104
0.15,376,8.433,3.166,0.004
0.15,377,-2.398,-4.767,-10.030
0.15,378,7.749,-7.524,5.604
0.15,379,7.935,-0.823,0.091
0.15,380,-9.206,8.365,4.735
0.15,381,-2.652,7.708,0.206
0.15,382,5.658,-6.171,7.055
0.15,383,4.511,-7.139,0.407
0.15,384,-5.010,3.307,-9.108
0.15,385,5.546,-9.066,4.259
0.15,386,2.111,5.240,-4.804
0.15,387,9.258,9.602,-5.288
0.15,388,-2.870,7.062,0.088
0.15,389,-4.750,-6.425,0.094
0.15,390,6.727,-2.315,-9.599
0.15,391,-5.202,6.039,0.089
0.15,392,9.068,9.288,9.731
0.15,393,-6.594,-1.556,-9.474
0.15,394,-2.858,-0.641,-9.214
0.15,395,0.471,3.768,3.756
0.15,396,-6.737,-2.743,-10.055
0.15,397,4.778,7.811,0.533
0.15,398,-5.991,-0.855,5.464
0.15,399,0.752,5.271,-8.992
0.15,400,6.537,0.710,-10.453
0.15,401,-3.410,-4.253,4.903
0.15,402,-1.333,2.720,6.205
0.15,403,7.343,4.726,0.377
0.15,404,-5.890,5.341,0.090
0.15,405,9.157,-6.104,-3.360
0.15,406,6.348,-1.733,3.203
0.15,407,-4.289,-6.878,-10.802
0.15,408,-3.231,2.752,0.895
0.15,409,-8.292,-8.625,5.701
0.15,410,-6.588,-9.594,-10.488
0.15,411,-9.372,-6.898,-10.203
0.15,412,3.304,-0.686,-3.782
0.15,413,4.813,1.047,7.396
0.15,414,-7.912,-5.228,8.447
0.15,415,0.604,-8.188,0.090
0.15,416,0.096,8.123,5.797
0.15,417,-0.283,-3.788,6.473
0.15,418,-3.153,-1.934,5.832
0.15,419,-9.658,-9.497,-2.385
0.15,420,-6.448,-6.255,0.299
0.15,421,-1.210,9.137,0.214
0.15,422,-3.286,6.839,0.083
0.15,423,-6.187,-4.541,-10.453
0.15,424,1.737,-3.613,-9.715
0.15,425,-6.400,1.151,-0.193
0.15,426,9.947,9.861,5.803
0.15,427,-3.587,6.972,3.587
0.15,428,8.279,-0.924,0.083
0.15,429,0.745,2.879,4.068
0.15,430,7.108,-1.944,0.140
0.15,431,1.654,-2.962,1.576
0.15,432,8.162,-9.822,-9.611
0.15,433,9.500,3.677,-4.516
0.15,434,-7.956,1.634,0.094
0.15,435,6.311,4.057,0.072
0.15,436,-7.884,-6.746,6.065
0.15,437,-7.510,-5.811,0.086
0.15,438,-4.336,-3.857,-3.894
0.15,439,-5.790,6.869,9.689
0.15,440,7.515,2.917,0.104
0.15,441,-6.571,5.252,6.693
0.15,442,-6.123,-5.151,0.092
0.15,443,6.962,0.688,3.656
0.15,444,2.941,-5.863,-10.034
0.15,445,-2.774,7.521,0.108
0.15,446,-1.044,-8.266,0.080
0.15,447,0.914,1.498,-8.934
0.15,448,-7.705,3.090,0.095
0.15,449,-5.986,-5.012,0.089
0.15,450,-5.775,7.696,-4.908
0.15,451,-1.395,-8.878,-10.212
0.15,452,-5.270,0.620,-8.887
0.15,453,-5.353,9.217,3.989
0.15,454,2.831,2.992,-8.086
0.15,455,-1.636,-3.991,8.131
0.15,456,1.833,3.265,0.751
0.15,457,7.762,2.002,0.101
0.15,458,-2.039,4.758,4.699
0.15,459,-9.657,-5.667,-1.876
0.15,460,9.229,1.241,9.081
0.15,461,-0.402,0.837,9.958
0.15,462,-2.943,-9.078,0.216
0.15,463,8.758,-4.681,4.465
0.15,464,-1.375,6.758,-9.688
0.15,465,-8.344,8.216,-9.845
0.15,466,-6.420,-0.484,4.415
0.15,467,-1.472,7.988,0.101
0.15,468,-8.174,2.380,0.073
0.15,469,-3.123,-0.636,-3.400
0.15,470,-9.421,-6.854,7.048
0.15,471,-5.078,-4.858,-10.021
0.15,472,1.625,-6.313,4.178
0.15,473,-5.556,-5.530,3.484
0.15,474,-8.312,0.304,0.088
0.15,475,-8.100,-8.667,0.749
0.15,476,-1.586,-8.368,0.639
0.15,477,6.626,4.968,8.843
0.15,478,-0.452,0.505,8.212
0.15,479,5.173,6.144,0.093
0.15,480,-5.549,6.814,0.352
0.15,481,-6.870,4.001,0.102
0.15,482,0.699,4.015,-8.038
0.15,483,4.112,5.430,7.307
0.15,484,-4.093,-6.900,0.098
0.15,485,8.330,-8.613,-2.675
0.15,486,-7.065,-1.837,-9.185
0.15,487,6.338,4.891,0.101
0.15,488,-8.610,3.279,-10.005
0.15,489,9.037,-9.545,0.120
0.15,490,7.842,-1.705,3.413
0.15,491,-8.681,6.745,5.670
0.15,492,-4.296,4.926,6.593
0.15,493,4.546,8.246,7.825
0.15,494,8.093,0.176,0.090
0.15,495,1.592,-2.503,3.803
0.15,496,-7.258,-3.454,0.102
0.15,497,-5.955,8.687,-10.686
0.15,498,9.179,-8.756,9.971
0.15,499,-5.096,7.751,5.222
0.15,500,-8.217,-6.482,4.189
0.15,501,5.548,5.801,0.093
0.15,502,4.398,-8.529,0.128
0.15,503,-7.783,-3.406,-10.840
0.15,504,-1.065,4.485,-9.791
0.15,505,4.338,-4.369,-1.775
0.15,506,0.553,1.699,-8.828
0.15,507,5.061,0.208,-4.186
0.15,508,0.501,-6.626,-10.738
0.15,509,8.919,0.013,-11.264
0.15,510,-3.906,1.989,-10.406
0.15,511,-6.935,-8.765,7.402
0.15,512,-2.263,8.869,8.226
0.15,513,5.520,-4.522,-9.372
0.15,514,5.298,5.984,0.091
0.15,515,-8.757,6.016,-9.605
0.15,516,-9.323,9.397,-5.653
0.15,517,0.275,-8.742,-0.003
0.15,518,2.681,-3.658,-0.996
0.15,519,2.173,-8.487,5.018
0.15,520,-5.523,3.484,6.782
0.15,521,-1.346,3.590,8.531
0.15,522,1.972,-2.893,-10.360
0.15,523,6.666,3.465,3.787
0.15,524,2.955,-4.200,4.451
0.15,525,-7.289,-0.447,0.053
0.15,526,-6.593,-3.883,0.082
0.15,527,5.152,5.847,0.122
0.15,528,7.229,0.988,7.835
0.15,529,2.157,3.489,-3.429
0.15,530,-3.745,-7.075,0.101
0.15,531,-4.707,2.852,-0.172
0.15,532,1.426,-3.229,-3.142
0.15,533,2.964,-6.013,4.583
0.15,534,5.649,-1.228,-2.376
0.15,535,1.303,6.911,0.159
0.15,536,-3.510,1.647,1.279
0.15,537,4.662,0.680,6.154
0.15,538,-7.538,1.821,6.496
0.15,539,0.405,5.247,-1.225
0.15,540,-1.258,-3.704,-10.914
0.15,541,4.138,-1.772,-9.479
0.15,542,-0.642,6.478,4.879
0.15,543,8.896,-3.129,-4.586
0.15,544,-7.136,-3.706,0.103
0.15,545,-7.661,1.725,0.102
0.15,546,0.603,5.191,-9.933
0.15,547,3.862,-7.378,0.082
0.15,548,1.145,-3.159,8.909
0.15,549,-6.762,3.878,0.097
0.15,550,2.884,-6.030,8.554
0.15,551,-1.277,7.970,0.101
0.15,552,-5.510,0.750,-9.196
0.15,553,-5.431,-1.514,-9.765
0.15,554,7.448,6.868,7.686
0.15,555,-8.120,2.274,0.063
0.15,556,-0.793,-8.066,0.091
0.15,557,3.067,1.369,-9.327
0.15,558,2.633,7.593,0.111
0.15,559,-3.137,6.358,-9.765
0.15,560,0.746,6.717,4.676
0.15,561,-2.854,4.247,3.983
0.15,562,6.827,-4.470,0.171
0.15,563,-6.712,-4.807,7.216
0.15,564,0.977,-9.207,3.804
0.15,565,-2.640,-1.973,-11.038
0.15,566,-6.192,-5.299,0.087
0.15,567,-4.592,1.769,-10.810
0.15,568,4.575,-6.439,0.093
0.15,569,-3.024,-0.100,5.842
0.15,570,-8.100,-1.877,0.094
0.15,571,6.404,-6.180,8.583
0.15,572,7.303,5.151,0.036
0.15,573,7.214,6.738,0.446
0.15,574,1.963,-6.897,0.015
0.15,575,-3.654,-2.041,0.879
0.15,576,-7.081,5.073,6.228
0.15,577,-3.750,-2.078,-0.178
0.15,578,-1.586,5.751,5.878
0.15,579,8.059,-0.270,0.090
0.15,580,5.868,-1.382,4.904
0.15,581,-3.805,-3.026,5.111
0.15,582,-6.044,-7.557,7.636
0.15,583,5.598,5.340,0.087
0.15,584,8.841,-9.408,-5.157
0.15,585,2.512,-5.584,4.559
0.15,586,-3.444,-7.155,0.099
0.15,587,-9.268,-9.144,0.213
0.15,588,-0.646,-8.082,0.090
0.15,589,3.937,-0.165,1.334
0.15,590,3.417,6.111,-10.190
0.15,591,5.777,-5.605,0.088
0.15,592,8.738,7.014,-7.574
0.15,593,-2.630,-5.276,-1.217
0.15,594,-0.370,7.957,0.097
0.15,595,3.009,-0.697,-8.478
0.15,596,3.690,9.654,3.565
0.15,597,-3.179,3.770,-0.860
0.15,598,-7.909,-8.259,9.925
0.15,599,-8.878,-9.814,6.139
0.15,600,-9.202,5.148,8.754
0.15,601,4.453,-8.327,-0.104
0.15,602,-6.548,-9.337,-9.671
0.15,603,-4.706,3.166,-9.989
0.15,604,-5.033,-2.887,4.591
0.15,605,-8.720,-8.302,-11.014
0.15,606,-3.704,-9.952,7.365
0.15,607,6.148,9.230,6.952
0.15,608,1.051,6.500,8.194
0.15,609,-8.021,-3.121,0.269
0.15,610,-5.542,-0.568,0.526
0.15,611,9.050,4.140,-9.943
0.15,612,2.152,-3.856,0.863
0.15,613,2.811,-1.366,-3.156
0.15,614,8.063,0.493,0.091
0.15,615,-2.988,7.508,0.317
0.15,616,1.088,-2.039,-0.925
0.15,617,2.034,-0.585,-10.447
0.15,618,-8.284,0.629,0.087
0.15,619,1.974,-1.917,1.405
0.15,620,-4.938,0.521,0.342
0.15,621,3.294,3.324,5.042
0.15,622,-7.996,-1.259,0.096
0.15,623,1.096,-6.510,-10.269
0.15,624,9.027,-6.760,3.135
0.15,625,1.405,-3.342,1.496
0.15,626,4.514,2.315,3.511
0.15,627,6.950,-2.925,0.088
0.15,628,-8.108,1.437,-9.667
0.15,629,-6.308,-8.287,1.308
0.15,630,-3.287,-5.775,-0.399
0.15,631,0.693,-5.899,-10.498
0.15,632,-4.707,6.429,0.093
0.15,633,-7.890,-2.551,0.148
0.15,634,-4.874,-4.071,3.089
0.15,635,-5.435,-4.395,5.039
0.15,636,-4.463,-9.196,5.269
0.15,637,3.774,8.918,4.686
0.15,638,4.348,0.412,-2.008
0.15,639,-6.845,3.615,0.096
0.15,640,-3.020,3.320,-8.468
0.15,641,-4.103,-1.584,0.753
0.15,642,5.332,7.998,0.179
0.15,643,7.270,9.139,-3.239
0.15,644,-4.496,4.692,5.368
0.15,645,4.111,2.928,3.796
0.15,646,-8.663,-5.948,5.460
0.15,647,6.327,2.679,5.689
0.15,648,-0.941,4.245,-9.579
0.15,649,4.332,-2.142,6.314
0.15,650,-0.186,3.998,-3.632
0.15,651,5.597,2.967,8.123
0.15,652,-3.326,6.912,9.326
0.15,653,-2.812,-4.862,-0.072
0.15,654,-2.596,-5.819,-8.684
0.15,655,7.385,-3.155,0.101
0.15,656,1.947,-7.899,0.095
0.15,657,-8.022,-0.895,0.095
0.15,658,0.655,-7.465,5.079
0.15,659,-2.515,-4.135,9.574
0.15,660,7.085,-3.921,0.096
0.15,661,-9.332,2.380,4.461
0.15,662,1.496,3.677,7.721
0.15,663,3.216,1.569,-11.019
0.15,664,7.534,1.557,0.121
0.15,665,-1.927,4.577,-3.147
0.15,666,-4.536,7.673,-11.308
0.15,667,-5.442,8.829,1.168
0.15,668,6.094,7.494,-3.342
0.15,669,1.088,-4.595,-10.455
0.15,670,-5.958,-9.222,0.356
0.15,671,4.552,2.351,-9.083
0.15,672,7.005,-3.405,-10.017
0.15,673,-5.343,-3.298,3.970
0.15,674,5.778,7.570,8.032
0.15,675,2.166,3.042,5.670
0.15,676,7.037,0.246,10.020
0.15,677,6.485,-4.666,0.091
0.15,678,-0.382,-4.440,-3.398
0.15,679,5.923,9.760,5.087
0.15,680,-2.241,0.680,7.318
0.15,681,-1.203,-4.590,8.291
0.15,682,-2.595,7.483,0.106
0.15,683,7.557,7.227,-7.003
0.15,684,6.214,-4.934,0.090
0.15,685,-8.029,-1.162,0.095
0.15,686,8.518,3.656,6.307
0.15,687,3.360,4.951,0.896
0.15,688,8.103,5.727,-10.862
0.15,689,-4.958,-0.968,5.040
0.15,690,-5.889,-6.759,-11.022
0.15,691,-8.536,2.182,-11.262
0.15,692,-7.349,-2.319,2.136
0.15,693,5.027,6.225,0.097
0.15,694,-6.537,9.807,-4.035
0.15,695,-9.426,1.733,-9.223
0.15,696,-8.002,-0.501,0.095
0.15,697,-4.363,-2.330,-8.608
0.15,698,9.274,8.345,3.478
0.15,699,-7.874,-6.720,5.316
0.15,700,-4.643,-0.356,0.915
0.15,701,4.634,-6.436,0.092
0.15,702,-5.785,6.402,-0.040
0.15,703,-2.531,-3.558,0.996
0.15,704,-0.018,4.963,-9.932
0.15,705,4.583,6.940,1.555
0.15,706,1.248,-6.614,-9.632
0.15,707,6.652,2.742,7.713
0.15,708,7.167,-1.598,0.112
0.15,709,-8.297,4.991,5.889
0.15,710,9.617,-7.685,-10.183
0.15,711,1.610,7.940,0.100
0.15,712,-0.227,-7.068,4.600
0.15,713,-8.338,-8.831,4.031
0.15,714,6.443,-4.006,0.267
0.15,715,-4.115,-6.926,0.101
0.15,716,-9.161,2.595,2.126
0.15,717,-8.204,-9.196,-3.029
0.15,718,-5.698,-8.160,8.102
0.15,719,2.513,-7.574,0.102
0.15,720,0.787,7.454,-0.094
0.15,721,7.154,7.792,-8.176
0.15,722,-9.365,-8.444,-10.479
0.15,723,2.933,-2.199,6.404
0.15,724,-0.317,5.990,-1.185
0.15,725,0.360,3.461,6.278
0.15,726,0.972,2.976,5.494
0.15,727,0.928,-7.908,0.091
0.15,728,-6.712,-6.668,-0.904
0.15,729,-7.323,7.573,1.235
0.15,730,-3.772,7.143,0.101
0.15,731,-6.635,-3.651,2.113
0.15,732,5.382,2.598,-6.399
0.15,733,-1.945,-0.826,-11.221
0.15,734,1.473,7.897,0.102
0.15,735,6.777,-4.520,0.112
0.15,736,-0.691,5.374,6.228
0.15,737,7.627,-0.470,1.239
0.15,738,-1.478,-8.155,0.089
0.15,739,6.611,9.203,0.195
0.15,740,-7.220,5.071,4.927
0.15,741,-2.204,-7.673,0.101
0.15,742,7.097,-5.365,0.095
0.15,743,-3.570,-9.516,-7.086
0.15,744,-2.168,2.737,0.834
0.15,745,3.305,0.357,1.392
0.15,746,8.668,8.879,3.659
0.15,747,7.980,-5.339,-5.183
0.15,748,-5.192,5.630,-11.265
0.15,749,-2.370,-3.058,-10.585
0.15,750,-3.193,3.481,-3.936
0.15,751,-9.124,9.470,-2.863
0.15,752,-0.404,-8.096,0.095
0.15,753,7.281,-3.220,0.099
0.15,754,-0.344,1.270,-1.729
0.15,755,6.198,-7.555,7.735
0.15,756,3.297,-6.903,0.132
0.15,757,2.668,1.427,6.356
0.15,758,3.431,6.305,1.629
0.15,759,-8.914,4.332,4.741
0.15,760,8.946,-4.956,-9.342
0.15,761,8.589,-4.410,3.897
0.15,762,7.789,2.004,0.100
0.15,763,7.544,-4.261,-10.665
0.15,764,-5.221,-1.638,6.039
0.15,765,5.781,-6.804,-0.268
0.15,766,4.954,-2.562,-2.529
0.15,767,-2.570,0.939,9.779
0.15,768,-3.283,-0.341,7.335
0.15,769,7.498,1.669,-9.299
0.15,770,1.650,-7.535,-10.812
0.15,771,7.619,2.297,0.106
0.15,772,-7.003,-6.836,7.186
0.15,773,-9.391,-3.917,3.906
0.15,774,-6.063,-5.206,0.091
0.15,775,3.948,4.192,-3.698
0.15,776,-6.102,0.499,-1.594
0.15,777,-5.735,-5.614,0.093
0.15,778,-0.787,2.658,9.729
0.15,779,5.433,4.368,6.098
0.15,780,5.092,9.321,-8.707
0.15,781,-9.512,7.628,-5.801
0.15,782,6.857,-4.084,0.098
0.15,783,8.226,5.443,-0.017
0.15,784,1.614,8.436,0.057
0.15,785,4.993,9.453,-0.594
0.15,786,-2.659,-7.588,8.784
0.15,787,-4.515,5.133,0.042
0.15,788,5.748,-4.708,0.057
0.15,789,-3.561,4.791,-5.154
0.15,790,4.241,-0.764,7.122
0.15,791,1.770,-7.927,0.093
0.15,792,0.870,3.683,-8.474
0.15,793,-6.429,-1.867,0.822
0.15,794,-7.084,0.325,0.440
0.15,795,7.160,2.008,-9.217
0.15,796,6.650,6.937,0.861
0.15,797,6.311,8.547,-10.095
0.15,798,8.089,-8.874,3.182
0.15,799,-0.787,0.770,7.473
0.15,800,-1.532,-3.747,1.347
0.15,801,-3.810,-5.985,8.004
0.15,802,-5.367,-8.340,-4.397
0.15,803,2.228,-7.291,0.055
0.15,804,-9.124,-5.798,4.291
0.15,805,-1.865,-6.256,5.056
0.15,806,3.842,-2.733,1.279
0.15,807,-5.272,-8.372,0.219
0.15,808,2.754,7.337,8.442
0.15,809,-5.801,-4.772,4.891
0.15,810,1.561,-3.416,-4.482
0.15,811,6.110,8.917,0.993
0.15,812,4.084,1.229,-5.198
0.15,813,-8.045,-9.028,0.967
0.15,814,7.582,-1.140,3.347
0.15,815,3.979,-8.404,0.164
0.15,816,7.724,4.866,4.094
0.15,817,-4.261,-6.748,0.095
0.15,818,2.973,-4.701,7.322
0.15,819,-0.635,4.312,1.057
0.15,820,-8.613,-8.900,-3.115
0.15,821,-7.566,4.626,8.188
0.15,822,-6.661,5.164,3.944
0.15,823,-4.024,8.904,9.951
0.15,824,5.996,7.978,-10.904
0.15,825,-7.661,7.190,-5.613
0.15,826,-1.788,4.487,-1.978
0.15,827,-0.391,-3.492,5.516
0.15,828,-3.210,4.857,4.958
0.15,829,8.462,-7.629,6.794
0.15,830,-4.829,-0.475,-9.333
0.15,831,2.320,8.133,0.094
0.15,832,6.081,2.958,0.278
0.15,833,-8.302,-0.450,9.363
0.15,834,-4.562,1.187,1.219
0.15,835,2.090,8.094,0.090
0.15,836,7.558,1.086,0.086
0.15,837,-8.571,3.678,8.747
0.15,838,3.263,5.044,-4.504
0.15,839,4.808,6.407,0.097
0.15,840,2.792,-7.185,0.108
0.15,841,-1.707,7.837,0.104
0.15,842,2.604,4.345,6.636
0.15,843,5.376,9.865,-4.765
0.15,844,6.342,8.105,7.998
0.15,845,4.747,2.767,-8.260
0.15,846,8.175,2.008,0.087
0.15,847,5.548,5.459,0.140
0.15,848,6.470,3.637,3.498
0.15,849,2.553,-2.125,9.902
0.15,850,2.201,3.502,-2.118
0.15,851,-8.809,5.025,-5.805
0.15,852,4.227,9.075,2.007
0.15,853,8.445,-5.597,-11.261
0.15,854,-8.053,-0.713,0.094
0.15,855,2.819,-7.420,0.098
0.15,856,-6.377,-8.513,7.509
0.15,857,-3.037,-0.368,-9.242
0.15,858,4.599,7.808,-11.090
0.15,859,-2.848,1.208,-6.573
0.15,860,-10.022,-0.137,-9.415
0.15,861,-7.316,-2.762,0.099
0.15,862,2.586,1.631,-3.886
0.15,863,-7.191,-4.451,3.812
0.15,864,3.584,-6.010,-10.826
0.15,865,-6.860,5.963,9.812
0.15,866,-2.955,1.859,-3.714
0.15,867,-3.308,-7.368,0.098
0.15,868,5.118,-3.432,0.996
0.15,869,-5.541,7.575,2.500
0.15,870,-7.996,8.524,-4.011
0.15,871,6.524,-7.451,-0.463
0.15,872,-6.695,8.671,-8.149
0.15,873,-8.930,2.712,0.019
0.15,874,4.791,-9.549,3.303
0.15,875,-5.056,-1.311,-10.337
0.15,876,-3.885,1.431,1.011
0.15,877,-0.922,3.972,1.057
0.15,878,8.147,9.762,4.859
0.15,879,5.636,5.646,0.095
0.15,880,-4.673,5.435,7.288
0.15,881,7.465,3.039,0.104
0.15,882,-5.831,0.022,-8.802
0.15,883,5.561,-3.570,3.074
0.15,884,7.517,-3.343,-11.212
0.15,885,-1.549,5.044,-10.789
0.15,886,3.642,-4.538,-9.580
0.15,887,1.562,-4.512,-8.917
0.15,888,7.292,-5.557,-10.848
0.15,889,2.258,8.372,7.774
0.15,890,-3.095,-7.900,4.144
0.15,891,-1.063,5.585,-3.323
0.15,892,-8.144,8.977,-9.759
0.15,893,-7.903,-1.654,0.098
0.15,894,-4.419,-0.277,-3.650
0.15,895,-7.073,4.265,0.093
0.15,896,7.588,1.820,0.147
0.15,897,-0.724,-3.104,5.129
0.15,898,3.483,4.231,4.928
0.15,899,9.068,7.498,-10.299
0.15,900,2.524,1.255,4.078
0.15,901,3.890,7.121,0.102
0.15,902,-2.221,1.786,-6.145
0.15,903,1.664,-7.811,0.096
0.15,904,3.484,-3.102,2.954
0.15,905,3.453,-7.279,0.096
0.15,906,8.613,-5.046,0.831
0.15,907,2.670,-5.661,0.603
0.15,908,6.851,-2.390,0.351
0.15,909,3.788,-7.107,0.098
0.15,910,8.327,-2.858,4.409
0.15,911,-3.162,8.371,4.672
0.15,912,5.158,3.202,-9.766
0.15,913,3.360,-1.056,-3.325
0.15,914,-1.164,4.300,-2.343
0.15,915,6.840,1.872,7.848
0.15,916,-5.883,5.400,0.090
0.15,917,4.497,2.865,6.701
0.15,918,0.907,-4.605,5.130
0.15,919,-7.442,-0.097,-9.217
0.15,920,7.871,2.387,0.096
0.15,921,3.926,-1.871,1.177
0.15,922,-2.280,1.793,-4.163
0.15,923,2.599,4.325,4.543
0.15,924,-6.688,-5.322,4.228
0.15,925,6.119,9.398,-3.408
0.15,926,9.265,-3.477,3.902
0.15,927,1.411,-1.835,9.326
0.15,928,-6.432,-3.977,0.080
0.15,929,8.003,-1.286,0.093
0.15,930,-9.084,9.836,6.042
0.15,931,-5.161,-3.102,4.684
0.15,932,5.657,4.193,7.451
0.15,933,7.381,-2.951,0.099
0.15,934,-0.870,-3.252,-2.798
0.15,935,7.401,4.922,-11.083
0.15,936,-7.304,3.364,0.102
0.15,937,-0.841,-8.266,-11.379
0.15,938,0.191,5.351,0.122
0.15,939,1.931,-0.747,7.135
0.15,940,8.991,3.756,7.767
0.15,941,7.422,9.805,5.366
0.15,942,-3.514,5.360,9.143
0.15,943,-6.381,-9.701,6.997
0.15,944,2.031,-2.176,3.013
0.15,945,-8.636,2.009,4.995
0.15,946,-3.615,-0.090,-4.172
0.15,947,-8.007,1.872,0.093
0.15,948,2.856,-0.474,5.438
0.15,949,-5.928,2.958,8.903
0.15,950,1.360,-5.702,-3.967
0.15,951,-3.028,0.118,8.535
0.15,952,2.550,0.711,8.797
0.15,953,3.875,7.009,0.107
0.15,954,5.924,-1.854,5.405
0.15,955,-7.502,-2.526,0.106
0.15,956,3.104,-1.424,6.739
0.15,957,8.548,-9.329,-2.350
0.15,958,-2.996,-5.199,-8.715
0.15,959,-9.975,2.911,-9.527
0.15,960,-8.380,-0.554,6.222
0.15,961,9.648,9.047,-7.615
0.15,962,2.243,7.726,0.107
0.15,963,0.663,9.259,6.332
0.15,964,7.565,-8.302,4.253
0.15,965,-2.423,-0.923,8.900
0.15,966,8.406,-0.165,0.072
0.15,967,-6.094,9.805,0.967
0.15,968,3.820,-6.937,0.099
0.15,969,-5.981,3.667,5.313
0.15,970,7.925,1.661,0.693
0.15,971,9.029,-3.653,-9.027
0.15,972,1.318,-3.277,-11.166
0.15,973,2.933,-2.479,7.250
0.15,974,9.752,-4.251,-4.107
0.15,975,-7.030,-9.666,7.702
0.15,976,7.377,6.473,-9.910
0.15,977,5.191,6.187,6.121
0.15,978,-0.789,-5.641,0.779
0.15,979,-8.316,-0.183,1.695
0.15,980,-6.689,9.665,10.023
0.15,981,-9.653,-4.436,-2.171
0.15,982,-7.255,-5.327,0.211
0.15,983,6.343,-4.171,0.078
0.15,984,-8.246,-9.637,-6.207
0.15,985,2.500,-7.336,5.811
0.15,986,6.364,-8.077,0.532
0.15,987,9.027,7.216,7.617
0.15,988,8.187,-6.962,-0.259
0.15,989,-9.666,-3.058,9.322
0.15,990,9.797,-7.419,-4.715
0.15,991,-5.809,3.358,0.223
0.15,992,-6.962,-3.632,0.103
0.15,993,-3.945,3.858,3.671
0.15,994,1.281,-3.052,-3.477
0.15,995,5.058,2.032,0.457
0.15,996,1.193,-4.945,4.322
0.15,997,-9.693,4.335,9.327
0.15,998,-6.466,3.301,-9.786
0.15,999,8.653,1.786,6.603
0.15,1000,9.781,-8.345,5.088
0.15,1001,6.567,5.895,-0.031
0.15,1002,9.439,7.933,-5.782
0.15,1003,-2.773,-1.641,5.769
0.15,1004,1.604,6.048,6.129
0.15,1005,2.802,4.828,5.245
0.15,1006,8.981,0.454,9.334
0.15,1007,-0.292,-9.250,6.595
0.15,1008,7.140,-8.754,-11.116
0.15,1009,-3.689,-1.865,1.165
0.15,1010,-2.981,5.596,-9.909
0.15,1011,1.610,4.007,-8.313
0.15,1012,8.089,-0.757,0.091
0.15,1013,4.587,3.464,9.950
0.15,1014,-5.854,-0.389,-9.754
0.15,1015,-6.623,-2.410,3.541
0.15,1016,-4.253,-6.917,0.097
0.15,1017,9.659,0.843,-6.296
0.15,1018,-6.306,4.458,7.364
0.15,1019,6.155,9.399,-3.208
0.15,1020,7.967,1.337,0.094
0.15,1021,4.350,0.257,-3.806
0.15,1022,7.890,-1.744,0.096
0.15,1023,-8.656,0.227,0.076
0.15,1024,6.246,5.047,0.097
0.15,1025,-2.953,2.623,6.320
0.15,1026,-8.062,4.294,4.986
0.15,1027,-2.618,-5.075,9.555
0.15,1028,4.898,-5.402,6.392
0.15,1029,-4.394,-6.505,0.094
0.15,1030,-7.740,1.515,0.098
0.15,1031,5.414,-8.460,-11.008
0.15,1032,-2.757,0.164,-7.905
0.15,1033,-5.679,7.878,7.327
0.15,1034,7.313,3.098,0.125
0.15,1035,-6.843,6.082,3.828
0.15,1036,-3.309,-0.154,0.664
0.15,1037,-1.622,4.972,5.952
0.15,1038,-2.020,-0.829,-2.218
0.15,1039,3.406,-6.596,-10.429
0.15,1040,3.473,-6.439,-10.076
0.15,1041,-6.984,-8.202,0.559
0.15,1042,4.573,6.507,0.098
0.15,1043,7.388,-2.634,0.225
0.15,1044,2.124,9.181,2.309
0.15,1045,3.580,-7.445,0.092
0.15,1046,1.952,-7.787,0.097
0.15,1047,-4.413,-0.043,7.450
0.15,1048,0.234,9.669,7.843
0.15,1049,2.376,8.268,-0.041
0.15,1050,7.766,9.505,-8.659
0.15,1051,5.829,6.366,3.779
0.15,1052,-1.339,3.840,0.734
0.15,1053,1.065,-8.724,-11.042
0.15,1054,8.607,5.778,-7.393
0.15,1055,5.594,0.208,-0.216
0.15,1056,3.195,-3.035,-0.725
0.15,1057,-1.725,7.706,3.713
0.15,1058,4.559,8.606,3.655
0.15,1059,-2.546,-3.404,9.896
0.15,1060,-3.284,6.956,-9.073
0.15,1061,-5.669,3.127,3.001
0.15,1062,4.592,1.703,0.966
0.15,1063,6.231,-4.915,0.090
0.15,1064,1.345,-9.830,4.889
0.15,1065,6.728,4.084,0.235
0.15,1066,9.928,5.956,5.802
0.15,1067,-1.665,-6.119,-9.938
0.15,1068,2.016,-8.602,2.264
0.15,1069,-9.176,8.791,-5.267
0.15,1070,6.035,6.511,0.001
0.15,1071,5.293,5.040,-10.158
0.15,1072,2.181,-7.302,0.080
0.15,1073,-7.593,0.407,0.122
0.15,1074,4.139,7.632,0.043
0.15,1075,7.198,3.444,0.102
0.15,1076,3.677,0.610,-7.144
0.15,1077,-7.831,9.700,5.518
0.15,1078,7.937,-6.289,6.259
0.15,1079,5.324,-6.833,0.043
0.15,1080,-1.905,-4.379,9.853
0.15,1081,-0.267,-4.703,-3.174
0.15,1082,-5.994,-9.127,-2.763
0.15,1083,-9.458,-6.909,3.457
0.15,1084,0.352,7.934,0.096
0.15,1085,3.899,6.900,0.105
0.15,1086,-2.288,-5.840,5.931
0.15,1087,4.264,3.203,5.783
0.15,1088,7.254,3.574,4.426
0.15,1089,-1.537,5.852,-5.070
0.15,1090,9.432,-6.454,-8.895
0.15,1091,7.793,7.761,-6.388
0.15,1092,-5.240,-8.687,6.449
0.15,1093,-2.736,-1.262,-7.479
0.15,1094,7.064,-5.601,9.137
0.15,1095,-4.884,6.534,0.086
0.15,1096,5.240,-7.248,0.159
0.15,1097,-2.600,4.295,-1.410
0.15,1098,1.508,-8.032,0.111
0.15,1099,7.732,-1.971,-9.861
0.15,1100,8.702,3.674,2.192
0.15,1101,-1.721,4.768,-8.764
0.15,1102,0.682,-8.024,0.090
0.15,1103,4.978,-7.537,-0.582
0.15,1104,5.933,0.221,7.448
0.15,1105,3.797,-0.948,-7.395
0.15,1106,-3.633,4.138,-1.464
0.15,1107,-0.361,8.325,0.095
0.15,1108,1.784,-8.944,-9.626
0.15,1109,-8.587,-3.764,8.061
0.15,1110,-3.174,7.448,0.105
0.15,1111,6.989,-3.977,0.099
0.15,1112,3.736,7.216,0.155
0.15,1113,-0.277,-2.902,4.367
0.15,1114,6.061,-7.652,-11.425
0.15,1115,1.352,-7.317,0.055
0.15,1116,-9.019,-8.324,3.050
0.15,1117,-3.331,-2.385,5.085
0.15,1118,4.880,6.215,0.095
0.15,1119,6.995,0.462,-9.820
0.15,1120,-3.328,-7.378,7.296
0.15,1121,4.337,-5.749,0.277
0.15,1122,-1.655,-4.267,9.954
0.15,1123,1.514,3.269,8.386
0.15,1124,1.025,7.836,0.099
0.15,1125,-5.352,-8.021,5.500
0.15,1126,1.247,1.855,-1.167
0.15,1127,3.869,4.770,-10.170
0.15,1128,-3.548,2.649,7.096
0.15,1129,6.019,-0.084,5.625
0.15,1130,-8.349,5.371,-1.016
0.15,1131,-7.147,5.472,5.293
0.15,1132,1.080,8.040,0.098
0.15,1133,-5.920,8.525,7.971
0.15,1134,1.652,-7.003,-10.741
0.15,1135,-8.217,9.002,-3.521
0.15,1136,6.985,4.329,0.096
0.15,1137,4.088,-0.191,-7.901
0.15,1138,-6.233,8.509,-7.122
0.15,1139,4.124,6.893,0.103
0.15,1140,-6.128,-6.560,-0.244
0.15,1141,-1.609,-6.939,7.801
0.15,1142,-0.237,7.562,0.073
0.15,1143,3.963,0.383,0.619
0.15,1144,1.612,8.077,0.096
0.15,1145,-3.377,7.545,0.099
0.15,1146,-4.473,-6.116,0.290
0.15,1147,-6.757,-8.590,-0.204
0.15,1148,3.717,5.456,4.881
0.15,1149,2.565,-2.196,-8.467
0.15,1150,7.874,7.677,7.618
0.15,1151,0.502,8.250,0.465
0.15,1152,5.700,-4.787,1.731
0.15,1153,2.397,9.373,7.899
0.15,1154,-7.280,-3.474,0.101
0.15,1155,-4.662,9.373,-9.783
0.15,1156,0.631,7.597,0.090
0.15,1157,-4.261,4.710,-7.878
0.15,1158,-2.207,2.213,-8.816
0.15,1159,4.487,1.204,6.709
0.15,1160,-7.326,-3.430,0.101
0.15,1161,-2.697,-7.674,0.099
0.15,1162,5.509,-6.403,0.068
0.15,1163,4.233,6.729,-10.784
0.15,1164,9.379,-0.191,4.487
0.15,1165,-4.000,-2.827,6.527
0.15,1166,1.673,-4.795,-3.967
0.15,1167,6.628,-0.091,-1.766
0.15,1168,-5.679,4.556,4.036
0.15,1169,3.024,7.652,0.113
0.15,1170,-7.166,6.991,4.494
0.15,1171,0.308,-1.924,3.740
0.15,1172,-4.303,-6.705,0.095
0.15,1173,2.753,-0.023,-3.259
0.15,1174,-4.233,0.864,-7.722
0.15,1175,1.693,-2.965,5.662
0.15,1176,-6.240,-7.093,6.606
0.15,1177,7.173,-4.258,-10.500
0.15,1178,-6.186,-6.431,0.836
0.15,1179,0.685,-8.964,6.547
0.15,1180,-1.272,8.222,0.094
0.15,1181,8.534,8.353,-9.971
0.15,1182,2.966,3.809,-8.992
0.15,1183,-3.525,7.218,0.101
0.15,1184,-8.522,-4.538,-8.021
0.15,1185,-6.784,-3.367,-11.221
0.15,1186,0.552,8.356,0.083
0.15,1187,-5.716,0.132,5.369
0.15,1188,-2.310,-4.610,4.917
0.15,1189,-4.315,9.397,8.287
0.15,1190,-0.091,3.507,-0.213
0.15,1191,7.423,3.261,0.114
0.15,1192,0.758,-7.882,0.090
0.15,1193,-7.589,-0.611,4.459
0.15,1194,-3.357,3.972,-5.270
0.15,1195,8.574,-8.308,-3.355
0.15,1196,9.743,1.677,-10.379
0.15,1197,-6.348,4.589,9.568
0.15,1198,-6.163,8.674,0.838
0.15,1199,-8.801,6.783,4.539
0.15,1200,5.021,-0.513,-9.988
0.15,1201,2.529,-8.988,5.472
0.15,1202,8.467,6.966,-8.833
0.15,1203,-4.222,9.313,0.181
0.15,1204,7.718,7.309,-9.934
0.15,1205,-4.718,-1.814,-8.719
0.15,1206,2.574,9.767,-10.465
0.15,1207,1.506,8.924,-0.002
0.15,1208,-9.443,-3.095,5.997
0.15,1209,7.400,-3.029,0.100
0.15,1210,2.205,1.807,-8.744
0.15,1211,1.621,9.282,5.599
0.15,1212,-2.168,-8.286,9.281
0.15,1213,0.356,-6.202,5.968
0.15,1214,-8.117,-9.271,4.884
0.15,1215,2.248,5.206,5.769
0.15,1216,3.180,5.030,6.854
0.15,1217,-4.493,-2.072,3.457
0.15,1218,5.339,6.152,0.087
0.15,1219,6.550,1.534,-8.932
0.15,1220,-1.280,4.511,5.328
0.15,1221,1.129,6.345,-10.153
0.15,1222,-2.689,-5.992,5.905
0.15,1223,-9.032,6.864,-9.557
0.15,1224,7.445,8.477,-10.009
0.15,1225,8.764,9.785,-11.129
0.15,1226,5.332,-8.638,-5.921
0.15,1227,7.265,7.550,-5.483
0.15,1228,4.107,-5.823,0.132
0.15,1229,-6.817,1.810,-0.093
0.15,1230,-3.537,4.519,-4.695
0.15,1231,9.651,0.403,5.591
0.15,1232,-6.158,-7.978,8.136
0.15,1233,3.598,1.042,-8.936
0.15,1234,-8.859,2.665,6.634
0.15,1235,3.727,-4.172,-9.201
0.15,1236,-5.559,7.611,8.734
0.15,1237,-8.120,-0.490,0.094
0.15,1238,5.635,7.217,-10.816
0.15,1239,-5.966,-6.474,3.780
0.15,1240,3.576,-4.374,-4.649
0.15,1241,8.417,-3.353,2.138
0.15,1242,-7.394,-7.435,-1.785
0.15,1243,-6.588,-4.632,0.093
0.15,1244,5.253,1.722,0.702
0.15,1245,4.488,6.608,0.099
0.15,1246,3.261,-3.105,3.802
0.15,1247,9.740,-9.624,6.413
0.15,1248,6.909,9.306,6.733
0.15,1249,-5.880,-6.301,7.468
0.15,1250,-4.129,6.966,0.099
0.15,1251,-8.908,-4.099,6.803
0.15,1252,6.056,2.403,-10.022
0.15,1253,7.786,-8.491,-2.611
0.15,1254,1.417,8.049,0.888
0.15,1255,2.693,3.250,-9.041
0.15,1256,-0.816,3.180,-9.157
0.15,1257,-6.815,-0.097,3.735
0.15,1258,-1.300,3.682,-3.202
0.15,1259,0.512,-1.360,8.040
0.15,1260,-2.552,5.291,-10.130
0.15,1261,1.437,-7.681,0.095
0.15,1262,-3.841,-6.658,0.119
0.15,1263,7.939,9.550,4.403
0.15,1264,8.082,0.765,0.091
0.15,1265,1.094,8.014,0.309
0.15,1266,0.550,-6.672,-9.338
0.15,1267,-1.693,-9.536,4.665
0.15,1268,-2.717,1.661,6.675
0.15,1269,-3.625,6.975,0.102
0.15,1270,4.257,-3.592,-4.544
0.15,1271,5.763,8.112,-5.009
0.15,1272,-0.170,2.323,-5.285
0.15,1273,-3.862,2.373,1.199
0.15,1274,8.847,-1.985,5.689
0.15,1275,3.350,9.455,4.050
0.15,1276,-1.380,7.926,0.101
0.15,1277,-0.410,-6.036,6.778
0.15,1278,-2.656,-7.782,-9.557
0.15,1279,-3.681,-1.298,-8.905
0.15,1280,8.700,4.328,5.212
0.15,1281,6.164,-7.158,-0.532
0.15,1282,3.424,-4.175,-4.736
0.15,1283,-1.874,-4.991,9.774
0.15,1284,-3.982,5.750,-10.038
0.15,1285,-9.489,5.845,-1.224
0.15,1286,3.497,3.152,-8.272
0.15,1287,-1.232,-1.337,3.783
0.15,1288,0.834,7.265,-10.510
0.15,1289,-4.026,7.516,0.801
0.15,1290,3.908,-1.591,-3.778
0.15,1291,5.738,-5.549,0.090
0.15,1292,7.219,-0.805,3.893
0.15,1293,5.105,5.300,0.042
0.15,1294,-3.690,2.717,-8.943
0.15,1295,5.798,-7.224,1.265
0.15,1296,3.748,-6.584,-10.404
0.15,1297,2.659,-1.220,-9.542
0.15,1298,3.386,0.454,-9.343
0.15,1299,-8.816,-5.501,-1.959
0.15,1300,-3.287,-5.736,3.662
0.15,1301,0.898,-6.036,5.697
0.15,1302,4.390,6.935,0.111
0.15,1303,-7.173,-5.874,8.557
0.15,1304,-6.470,5.535,-10.631
0.15,1305,4.907,2.007,0.955
0.15,1306,8.561,9.775,-8.274
0.15,1307,-7.993,-0.243,0.092
0.15,1308,-3.216,-9.485,-11.341
0.15,1309,6.102,4.941,0.092
0.15,1310,6.800,-4.157,3.688
0.15,1311,0.211,-5.040,4.225
0.15,1312,5.807,-6.227,0.896
0.15,1313,5.700,-3.767,-0.315
0.15,1314,-3.196,-5.201,-0.678
0.15,1315,3.082,-3.726,0.647
0.15,1316,-1.708,7.918,0.102
0.15,1317,-0.614,-8.156,0.090
0.15,1318,-3.573,7.829,0.668
0.15,1319,-8.184,2.328,0.130
0.15,1320,9.163,-3.126,3.987
0.15,1321,3.479,6.251,-0.400
0.15,1322,-4.488,-9.970,7.749
0.15,1323,8.856,-9.527,9.258
0.15,1324,-4.264,-6.130,0.243
0.15,1325,-2.285,-7.353,-8.933
0.15,1326,-3.794,7.864,7.829
0.15,1327,3.935,-9.489,7.187
0.15,1328,5.233,-7.920,2.366
0.15,1329,-0.403,6.543,3.436
0.15,1330,0.637,1.896,5.271
0.15,1331,-7.889,2.170,0.095
0.15,1332,-2.456,4.627,6.497
0.15,1333,-3.511,9.198,8.585
0.15,1334,6.459,-4.704,0.091
0.15,1335,8.234,-10.036,6.943
0.15,1336,3.757,9.328,4.988
0.15,1337,3.705,-2.635,0.853
0.15,1338,-1.144,-8.439,0.234
0.15,1339,1.842,-8.447,7.262
0.15,1340,-8.885,7.173,4.778
0.15,1341,7.894,1.341,0.095
0.15,1342,0.438,-5.663,0.787
0.15,1343,3.281,-2.756,8.194
0.15,1344,-2.740,2.426,-3.463
0.15,1345,-2.515,-1.934,5.452
0.15,1346,-9.190,2.862,6.813
0.15,1347,-9.905,2.275,6.132
0.15,1348,-2.371,-2.344,4.994
0.15,1349,8.113,0.382,0.091
0.15,1350,-4.082,-0.916,-8.786
0.15,1351,-6.858,-9.830,3.899
0.15,1352,5.430,-6.556,3.506
0.15,1353,-1.109,-3.740,7.999
0.15,1354,-0.327,-9.147,-0.001
0.15,1355,1.172,-0.948,7.038
0.15,1356,7.783,-1.768,0.132
0.15,1357,1.449,8.914,-11.022
0.15,1358,-5.917,-5.794,0.137
0.15,1359,0.299,-7.443,4.388
0.15,1360,4.042,-0.844,-2.110
0.15,1361,-4.277,-1.623,-7.177
0.15,1362,5.857,-8.382,8.448
0.15,1363,4.849,8.947,-6.693
0.15,1364,5.186,8.485,-5.593
0.15,1365,9.365,-7.548,1.125
0.15,1366,8.137,8.983,-10.003
0.15,1367,0.778,7.982,-10.473
0.15,1368,-8.857,4.604,-6.176
0.15,1369,-6.632,-0.126,0.451
0.15,1370,-2.489,5.059,5.309
0.15,1371,3.612,-6.318,6.876
0.15,1372,-1.587,7.623,0.102
0.15,1373,-0.537,-6.844,-10.150
0.15,1374,3.896,-3.059,0.333
0.15,1375,-8.966,7.658,-0.171
0.15,1376,3.294,6.675,0.071
0.15,1377,-8.411,-4.766,-11.091
0.15,1378,7.594,2.433,0.106
0.15,1379,-6.498,-6.496,3.893
0.15,1380,-7.134,3.688,0.104
0.15,1381,-6.905,4.010,0.103
0.15,1382,6.638,2.381,0.036
0.15,1383,6.952,8.158,6.054
0.15,1384,2.202,-8.427,0.045
0.15,1385,5.816,-9.185,7.726
0.15,1386,5.963,-0.857,7.105
0.15,1387,-0.025,0.253,-7.407
0.15,1388,5.172,3.040,-8.875
0.15,1389,7.696,8.197,3.975
0.15,1390,-3.542,7.733,0.157
0.15,1391,0.374,-7.465,0.078
0.15,1392,8.183,-9.380,6.022
0.15,1393,-2.416,-2.719,-0.260
0.15,1394,4.734,-6.200,0.087
0.15,1395,1.047,-8.107,0.091
0.15,1396,-1.219,-3.231,-9.265
0.15,1397,-1.169,3.875,-4.845
0.15,1398,5.469,-5.849,0.087
0.15,1399,3.407,-8.988,3.950
0.15,1400,0.051,-8.142,0.090
0.15,1401,0.384,-3.427,-3.016
0.15,1402,2.923,-1.563,1.616
0.15,1403,-1.712,2.953,-4.564
0.15,1404,-1.247,-3.714,3.668
0.15,1405,8.032,-0.477,0.090
0.15,1406,-5.826,-8.708,-8.492
0.15,1407,-2.935,-6.974,0.081
0.15,1408,-2.982,-1.396,9.688
0.15,1409,-5.242,-0.328,0.772
0.15,1410,2.344,1.273,-2.547
0.15,1411,-0.713,6.621,-9.536
0.15,1412,-8.867,8.253,-0.940
0.15,1413,6.979,1.548,-7.988
0.15,1414,7.542,1.504,0.087
0.15,1415,-9.728,1.310,4.079
0.15,1416,0.980,-1.519,-1.070
0.15,1417,-7.088,3.795,0.105
0.15,1418,-6.775,-4.168,0.098
0.15,1419,-7.774,0.192,6.510
0.15,1420,-6.280,-5.187,0.090
0.15,1421,3.078,7.097,4.689
0.15,1422,-6.828,-6.673,7.384
0.15,1423,-6.974,-7.188,-9.784
0.15,1424,0.962,1.488,-2.536
0.15,1425,-1.179,-8.824,9.098
0.15,1426,-6.855,-4.129,0.100
0.15,1427,2.881,-0.684,-3.922
0.15,1428,1.621,-7.260,5.676
0.15,1429,5.950,-4.890,0.082
0.15,1430,-5.871,-7.526,-10.000
0.15,1431,-9.511,2.750,6.130
0.15,1432,-4.466,-1.789,-11.198
0.15,1433,-7.436,-8.760,-1.498
0.15,1434,-7.699,2.369,0.103
0.15,1435,-4.199,6.763,0.095
0.15,1436,3.522,-3.956,-1.720
0.15,1437,0.093,1.829,3.717
0.15,1438,3.858,0.380,6.590
0.15,1439,9.301,-1.083,3.729
0.15,1440,-5.125,6.005,0.090
0.15,1441,5.660,-5.633,0.090
0.15,1442,-2.404,-8.274,4.842
0.15,1443,4.460,-3.174,-0.573
0.15,1444,-4.481,-0.070,6.656
0.15,1445,5.065,0.681,-9.560
0.15,1446,-4.987,6.336,0.093
0.15,1447,1.303,-8.459,10.022
0.15,1448,-7.639,-3.837,-10.673
0.15,1449,-2.180,-6.389,5.408
0.15,1450,-3.409,-7.294,0.098
0.15,1451,-1.991,5.959,6.460
0.15,1452,-7.380,9.647,-6.595
0.15,1453,4.562,-7.194,0.067
0.15,1454,-9.764,9.570,-3.118
0.15,1455,-6.208,-9.094,0.222
0.15,1456,7.493,2.115,6.411
0.15,1457,-2.790,7.585,0.110
0.15,1458,-0.015,8.040,0.096
0.15,1459,1.407,0.079,5.156
0.15,1460,5.626,-8.529,8.293
0.15,1461,-7.747,0.389,3.597
0.15,1462,0.773,7.412,8.902
0.15,1463,-2.463,7.860,7.130
0.15,1464,-8.872,-6.869,7.315
0.15,1465,-8.515,-7.182,7.003
0.15,1466,4.983,-0.710,-10.204
0.15,1467,-7.822,1.610,3.365
0.15,1468,-4.685,-2.991,4.930
0.15,1469,6.857,-5.419,9.265
0.15,1470,-4.907,3.079,4.713
0.15,1471,-0.679,6.623,4.712
0.15,1472,-9.012,7.532,-2.521
0.15,1473,-7.978,5.909,1.312
0.15,1474,9.433,-2.103,4.195
0.15,1475,-4.582,-6.128,5.103
0.15,1476,8.135,0.815,0.091
0.15,1477,5.399,-3.768,0.819
0.15,1478,7.470,2.531,5.908
0.15,1479,-7.691,2.130,0.103
0.15,1480,-2.747,1.334,5.396
0.15,1481,4.792,6.402,0.106
0.15,1482,1.758,3.793,5.726
0.15,1483,-2.835,-2.143,-4.042
0.15,1484,-0.200,-6.306,-9.221
0.15,1485,-8.161,-1.304,-9.565
0.15,1486,-7.023,3.917,0.105
0.15,1487,-3.914,4.138,2.821
0.15,1488,-8.893,6.563,-1.833
0.15,1489,2.083,3.756,-7.105
0.15,1490,-1.651,-3.165,-2.575
0.15,1491,0.850,3.110,1.306
0.15,1492,9.265,9.762,4.916
0.15,1493,9.810,-5.222,9.627
0.15,1494,-2.681,-4.750,1.068
0.15,1495,3.927,-1.257,4.962
0.15,1496,-7.073,3.023,0.111
0.15,1497,-6.140,5.035,0.095
0.15,1498,0.208,-2.833,6.887
0.15,1499,-7.080,4.613,0.086
0.15,1500,-2.861,4.035,-9.805
0.15,1501,-6.151,4.462,1.864
0.15,1502,-7.669,6.375,0.308
0.15,1503,7.922,0.282,-10.868
0.15,1504,0.053,-9.492,3.588
0.15,1505,5.498,-8.117,-0.823
0.15,1506,9.028,-4.013,-6.120
0.15,1507,-4.232,-0.839,-9.799
0.15,1508,2.572,-7.628,0.104
0.15,1509,1.469,-4.612,3.816
0.15,1510,3.706,-7.006,-9.141
0.15,1511,4.862,6.330,0.099
0.15,1512,7.385,-3.826,0.088
0.15,1513,-5.689,1.174,4.792
0.15,1514,-5.429,6.769,7.148
0.15,1515,-9.647,-4.804,4.247
0.15,1516,-1.642,-5.847,-0.315
0.15,1517,4.839,5.569,0.484
0.15,1518,4.854,2.482,9.672
0.15,1519,3.337,1.453,5.668
0.15,1520,7.474,-1.989,0.218
0.15,1521,-5.692,7.057,7.282
0.15,1522,-4.447,4.577,3.243
0.15,1523,1.220,8.392,6.340
0.15,1524,0.410,-9.011,5.879
0.15,1525,9.184,-3.685,6.915
0.15,1526,-6.065,-6.133,6.702
0.15,1527,8.328,4.512,-0.200
0.15,1528,-3.413,3.386,-11.436
0.15,1529,7.282,3.248,0.103
0.15,1530,-8.264,-0.202,0.089
0.15,1531,9.641,3.278,-5.442
0.15,1532,-7.627,7.749,-3.518
0.15,1533,-1.347,-8.898,5.825
0.15,1534,-7.471,2.897,0.104
0.15,1535,-5.907,7.233,6.583
0.15,1536,-4.357,-2.761,3.039
0.15,1537,4.661,0.770,-8.809
0.15,1538,-1.979,3.756,1.126
0.15,1539,-9.084,-9.081,-9.097
0.15,1540,-4.755,8.992,-0.082
0.15,1541,-4.662,2.442,-9.046
0.15,1542,-8.837,2.650,6.996
0.15,1543,-4.707,-3.689,9.896
0.15,1544,7.801,2.137,0.099
0.15,1545,-1.717,2.355,-9.392
0.15,1546,-6.615,8.720,-5.749
0.15,1547,-2.499,1.241,-9.175
0.15,1548,7.872,2.052,0.096
0.15,1549,4.364,0.358,5.055
0.15,1550,-0.419,6.938,3.452
0.15,1551,4.143,2.040,0.599
0.15,1552,-8.226,-0.488,-10.343
0.15,1553,-5.116,-6.142,6.425
0.15,1554,-5.703,5.236,0.087
0.15,1555,9.262,2.364,9.884
0.15,1556,-7.510,2.837,0.105
0.15,1557,-3.272,-1.394,3.113
0.15,1558,-1.866,3.619,2.453
0.15,1559,-6.870,-8.594,8.419
0.15,1560,-3.216,2.711,-7.869
0.15,1561,-8.608,-8.310,-4.707
0.15,1562,4.369,6.657,0.099
0.15,1563,2.038,2.023,8.293
0.15,1564,4.441,1.534,3.110
0.15,1565,2.863,-4.953,-0.852
0.15,1566,-6.524,-3.137,-0.090
0.15,1567,-5.230,8.449,-5.631
0.15,1568,-1.457,5.319,-8.848
0.15,1569,1.453,2.043,-10.518
0.15,1570,3.560,7.272,0.102
0.15,1571,-4.815,-4.057,6.710
0.15,1572,-8.113,4.227,0.520
0.15,1573,8.784,6.343,-1.210
0.15,1574,-7.751,2.283,0.101
0.15,1575,-1.481,-2.713,8.009
0.15,1576,-2.502,5.642,3.291
0.15,1577,-3.466,3.294,-4.215
0.15,1578,-4.767,6.510,0.090
0.15,1579,-3.869,-6.578,1.576
0.15,1580,-8.923,8.056,7.797
0.15,1581,-2.480,-7.701,0.100
0.15,1582,0.154,-5.643,-6.687
0.15,1583,-7.775,-0.671,6.764
0.15,1584,-9.239,1.588,9.032
0.15,1585,0.500,-0.110,-2.530
0.15,1586,-7.629,-2.247,0.107
0.15,1587,7.775,-2.193,0.099
0.15,1588,-1.015,-3.329,-11.092
0.15,1589,8.752,-7.302,3.576
0.15,1590,-3.546,-1.604,0.410
0.15,1591,5.902,8.983,9.613
0.15,1592,-9.760,-6.763,-7.150
0.15,1593,-4.308,7.535,-0.066
0.15,1594,-4.028,-7.835,0.067
0.15,1595,8.986,5.008,8.536
0.15,1596,4.674,-9.204,-11.011
0.15,1597,-6.916,-9.339,-6.162
0.15,1598,1.727,-8.023,0.091
0.15,1599,1.141,8.113,0.097
0.15,1600,6.178,-9.442,-5.713
0.15,1601,-2.672,-1.559,6.324
0.15,1602,-3.415,-1.973,0.649
0.15,1603,0.314,-3.886,1.327
0.15,1604,8.477,9.614,-3.253
0.15,1605,6.603,5.992,-0.538
0.15,1606,-3.906,7.854,3.962
0.15,1607,4.413,-1.208,-8.966
0.15,1608,7.136,-3.897,0.095
0.15,1609,-2.772,-7.292,8.809
0.15,1610,-4.200,2.872,-5.738
0.15,1611,-6.794,2.848,0.146
0.15,1612,-9.869,1.246,-10.126
0.15,1613,-9.655,-7.505,5.032
0.15,1614,-2.168,5.108,6.599
0.15,1615,-4.439,-8.811,-1.650
0.15,1616,9.805,-4.572,-9.819
0.15,1617,1.676,0.250,8.458
0.15,1618,2.060,4.824,0.674
0.15,1619,2.296,-7.756,0.098
0.15,1620,5.714,-6.002,0.732
0.15,1621,-0.042,8.300,0.223
0.15,1622,1.855,6.933,0.030
0.15,1623,7.523,5.697,3.943
0.15,1624,4.639,-7.497,0.907
0.15,1625,4.730,-6.810,8.913
0.15,1626,-6.627,-4.574,5.802
0.15,1627,5.760,0.094,-6.090
0.15,1628,8.737,-6.077,6.406
0.15,1629,8.394,-0.077,0.081
0.15,1630,2.398,-2.530,1.500
0.15,1631,-0.602,-3.954,7.271
0.15,1632,7.089,-3.561,0.099
0.15,1633,6.716,5.474,3.945
0.15,1634,0.002,4.052,-8.898
0.15,1635,0.784,2.978,1.496
0.15,1636,-2.745,-5.756,-0.316
0.15,1637,6.026,-8.158,0.552
0.15,1638,-0.401,9.236,-10.901
0.15,1639,-6.721,-6.097,3.748
0.15,1640,-0.039,-5.371,-9.700
0.15,1641,5.279,-8.830,3.890
0.15,1642,-8.130,4.903,-0.573
0.15,1643,-7.633,-2.123,0.106
0.15,1644,4.093,-8.890,4.553
0.15,1645,3.584,9.622,4.188
0.15,1646,8.247,1.723,0.123
0.15,1647,-0.187,-0.966,8.292
0.15,1648,8.061,-7.486,-11.365
0.15,1649,6.438,3.960,0.070
0.15,1650,-0.685,-7.522,0.014
0.15,1651,2.199,3.795,-10.419
0.15,1652,7.443,4.276,9.170
0.15,1653,-3.896,7.076,0.100
0.15,1654,1.640,9.986,7.570
0.15,1655,-9.702,-6.150,-8.553
0.15,1656,-7.929,0.575,0.092
0.15,1657,9.942,-9.282,3.413
0.15,1658,6.576,0.197,8.261
0.15,1659,6.224,-3.948,-0.111
0.15,1660,-6.371,-4.409,3.741
0.15,1661,-3.390,7.581,2.576
0.15,1662,1.226,2.300,6.426
0.15,1663,-9.145,-6.191,-6.330
0.15,1664,2.141,8.171,0.084
0.15,1665,-7.012,3.800,0.108
0.15,1666,-8.937,7.309,-9.490
0.15,1667,-0.386,-4.517,3.825
0.15,1668,-0.635,0.370,8.710
0.15,1669,5.271,-7.671,4.088
0.15,1670,0.534,4.700,1.103
0.15,1671,-3.960,8.759,3.791
0.15,1672,-5.715,9.321,0.852
0.15,1673,0.355,1.396,8.195
0.15,1674,3.419,7.241,0.104
0.15,1675,3.315,-1.724,0.576
0.15,1676,-2.734,-9.456,4.185
0.15,1677,-1.405,4.053,1.172
0.15,1678,1.368,-7.920,0.093
0.15,1679,0.606,-8.138,0.090
0.15,1680,5.361,1.468,7.421
0.15,1681,-8.178,-1.040,0.099
0.15,1682,-3.241,8.004,0.037
0.15,1683,6.289,-7.659,4.113
0.15,1684,-3.129,-3.169,-3.588
0.15,1685,4.331,6.709,0.099
0.15,1686,-7.268,5.975,-11.430
0.15,1687,6.214,-8.158,-6.502
0.15,1688,-0.088,6.663,0.061
0.15,1689,1.051,3.942,1.264
0.15,1690,-7.791,-9.108,8.015
0.15,1691,3.195,5.043,-0.076
0.15,1692,-7.177,4.519,-0.044
0.15,1693,7.963,-6.530,-5.427
0.15,1694,-3.972,7.841,-10.437
0.15,1695,-5.742,5.521,0.497
0.15,1696,8.685,-2.453,8.071
0.15,1697,-0.105,-2.892,4.917
0.15,1698,5.515,-9.547,-2.780
0.15,1699,6.962,-0.291,-0.606
0.15,1700,1.809,3.542,0.961
0.15,1701,4.841,6.181,-10.191
0.15,1702,-4.259,6.842,3.815
0.15,1703,4.972,6.108,0.094
0.15,1704,5.629,5.391,6.687
0.15,1705,-8.046,-9.791,-8.787
0.15,1706,-0.778,4.765,1.290
0.15,1707,-0.581,9.209,2.530
0.15,1708,0.442,-7.434,1.478
0.15,1709,0.846,-3.653,-9.121
0.15,1710,5.328,0.037,8.670
0.15,1711,4.005,0.367,-8.768
0.15,1712,-3.538,-7.305,0.096
0.15,1713,8.428,-0.013,0.957
0.15,1714,-4.437,-6.731,0.745
0.15,1715,-0.746,4.222,-3.266
0.15,1716,-7.023,7.266,0.508
0.15,1717,8.119,-0.016,0.090
0.15,1718,3.711,9.151,5.379
0.15,1719,-4.761,5.901,0.079
0.15,1720,4.255,8.081,3.881
0.15,1721,-6.224,4.759,0.093
0.15,1722,7.650,1.488,2.046
0.15,1723,-2.160,-0.229,7.790
0.15,1724,-2.720,-5.939,9.531
0.15,1725,-5.124,-6.100,0.092
0.15,1726,3.668,-5.708,3.745
0.15,1727,-7.625,7.078,0.339
0.15,1728,2.597,7.151,4.285
0.15,1729,-5.559,-5.484,0.087
0.15,1730,2.656,-3.327,-7.975
0.15,1731,8.035,-0.736,0.091
0.15,1732,0.387,4.358,9.685
0.15,1733,-7.807,-4.228,3.516
0.15,1734,7.475,3.386,0.099
0.15,1735,2.659,-7.650,0.102
0.15,1736,7.585,0.704,0.088
0.15,1737,8.866,-4.144,-1.069
0.15,1738,-7.081,4.910,-10.546
0.15,1739,-7.881,-3.303,0.071
0.15,1740,7.383,6.995,3.952
0.15,1741,3.716,-0.282,-0.931
0.15,1742,-4.278,1.096,-9.182
0.15,1743,0.935,7.978,1.298
0.15,1744,5.581,-5.176,9.117
0.15,1745,1.410,2.857,-2.525
0.15,1746,2.702,7.729,0.114
0.15,1747,-6.249,-0.114,4.988
0.15,1748,-9.189,-0.496,4.716
0.15,1749,-0.427,5.789,-0.614
0.15,1750,1.178,-5.872,5.008
0.15,1751,-5.693,5.750,-9.618
0.15,1752,-0.830,4.377,5.125
0.15,1753,-0.263,8.099,0.097
0.15,1754,1.211,2.980,-7.576
0.15,1755,3.456,-0.765,-8.370
0.15,1756,-7.412,-5.777,-10.553
0.15,1757,-6.843,3.965,0.101
0.15,1758,2.404,9.598,7.558
0.15,1759,9.876,8.678,6.288
0.15,1760,-1.891,7.843,0.104
0.15,1761,8.835,-8.479,-10.170
0.15,1762,-9.870,-6.653,-9.006
0.15,1763,-2.713,2.442,1.163
0.15,1764,3.811,6.775,0.237
0.15,1765,-0.811,8.038,0.099
0.15,1766,-5.570,-4.129,-9.726
0.15,1767,-6.759,-4.283,0.098
0.15,1768,7.940,-0.493,0.099
0.15,1769,5.956,-9.626,-3.633
0.15,1770,5.429,2.235,-0.365
0.15,1771,-1.225,2.564,-8.272
0.15,1772,9.169,-7.418,6.843
0.15,1773,-7.848,8.261,-9.631
0.15,1774,-2.845,-8.821,0.262
0.15,1775,-7.017,0.053,6.446
0.15,1776,-1.313,5.385,7.043
0.15,1777,6.622,6.818,6.872
0.15,1778,-4.473,-0.616,6.479
0.15,1779,-6.116,-5.192,0.540
0.15,1780,-7.967,-1.353,0.096
0.15,1781,3.743,7.055,0.107
0.15,1782,-0.772,-3.779,6.307
0.15,1783,-6.196,7.383,-7.158
0.15,1784,-2.078,-6.707,1.394
0.15,1785,-3.065,4.464,-8.530
0.15,1786,-4.023,9.600,-3.133
0.15,1787,7.569,-9.329,-4.517
0.15,1788,-5.709,8.841,0.446
0.15,1789,-1.448,-7.776,0.094
0.15,1790,4.476,-8.520,-0.529
0.15,1791,4.171,0.914,4.716
0.15,1792,7.761,-3.715,4.026
0.15,1793,3.425,2.353,0.885
0.15,1794,-2.022,-7.829,0.095
0.15,1795,2.513,3.689,-8.486
0.15,1796,-7.673,3.702,3.559
0.15,1797,-2.717,-2.553,-3.541
0.15,1798,-0.481,8.808,3.861
0.15,1799,-6.729,9.729,-8.096
0.15,1800,-3.707,-7.216,0.097
0.15,1801,-0.104,6.003,9.938
0.15,1802,-6.007,9.352,6.696
0.15,1803,-6.013,-7.851,1.194
0.15,1804,-4.453,-6.558,0.096
0.15,1805,-7.505,6.976,6.581
0.15,1806,-4.133,0.000,1.063
0.15,1807,5.919,-2.140,-11.387
0.15,1808,2.580,-2.910,0.995
0.15,1809,4.522,-0.635,-8.475
0.15,1810,-1.041,-6.174,-9.408
0.15,1811,-7.529,8.744,8.076
0.15,1812,6.942,3.356,0.060
0.15,1813,0.248,-5.650,0.594
0.15,1814,6.523,-6.034,7.521
0.15,1815,-1.703,-2.261,-9.090
0.15,1816,8.935,6.012,7.005
0.15,1817,8.958,0.606,8.470
0.15,1818,9.136,5.367,0.728
0.15,1819,-7.075,2.441,-10.720
0.15,1820,-4.982,7.079,8.242
0.15,1821,4.376,-0.182,5.920
0.15,1822,4.160,-6.835,0.095
0.15,1823,-5.432,-8.344,6.410
0.15,1824,2.068,-9.750,5.727
0.15,1825,1.761,-4.747,6.449
0.15,1826,-6.741,-6.118,0.938
0.15,1827,0.069,5.220,-4.222
0.15,1828,2.478,-5.991,9.071
0.15,1829,0.476,2.689,-2.712
0.15,1830,3.889,-3.112,-9.111
0.15,1831,2.071,-6.992,0.939
0.15,1832,5.799,-5.338,0.088
0.15,1833,0.705,2.506,-0.515
0.15,1834,8.021,7.491,8.964
0.15,1835,-1.580,-3.472,1.031
0.15,1836,-1.890,2.245,-11.128
0.15,1837,5.558,2.244,4.594
0.15,1838,0.212,5.054,3.151
0.15,1839,-2.648,-1.176,-9.972
0.15,1840,-5.685,-8.063,-6.903
0.15,1841,8.432,1.543,3.872
0.15,1842,2.053,-8.448,4.692
0.15,1843,-5.744,5.345,0.091
0.15,1844,-4.263,4.080,4.636
0.15,1845,-7.400,-0.992,7.802
0.15,1846,1.163,-8.822,-0.084
0.15,1847,8.471,-1.175,0.196
0.15,1848,-2.309,-1.891,-3.554
0.15,1849,9.048,-6.070,3.336
0.15,1850,-2.314,-7.563,10.050
0.15,1851,3.063,2.129,9.267
0.15,1852,-2.233,-3.896,-9.683
0.15,1853,-4.102,4.965,-10.308
0.15,1854,7.286,3.386,0.101
0.15,1855,-2.856,0.646,6.785
0.15,1856,-1.329,3.910,-4.800
0.15,1857,8.224,-5.140,-0.021
0.15,1858,5.755,-4.812,7.191
0.15,1859,-7.932,3.065,0.098
0.15,1860,-8.656,-0.090,-10.989
0.15,1861,5.525,-5.797,0.088
0.15,1862,5.511,-5.532,0.084
0.15,1863,4.747,3.699,-8.976
0.15,1864,-2.289,-2.105,0.833
0.15,1865,-1.378,8.049,0.384
0.15,1866,-1.030,-4.367,4.642
0.15,1867,-4.183,7.309,8.422
0.15,1868,-9.563,-9.923,3.202
0.15,1869,-2.172,8.379,0.071
0.15,1870,-3.031,8.288,0.013
0.15,1871,-1.970,-2.763,-3.801
0.15,1872,1.926,6.123,-9.750
0.15,1873,-4.536,6.669,0.092
0.15,1874,6.361,-4.838,7.099
0.15,1875,5.518,-1.278,-0.422
0.15,1876,7.738,2.459,0.102
0.15,1877,4.498,1.044,0.387
0.15,1878,7.457,3.142,0.104
0.15,1879,6.170,-8.978,-6.163
0.15,1880,9.809,-0.999,-2.639
0.15,1881,3.692,-3.452,-2.801
0.15,1882,-3.729,-0.461,-7.951
0.15,1883,-8.146,-0.207,0.094
0.15,1884,-3.859,2.969,-9.319
0.15,1885,-7.441,-3.227,1.112
0.15,1886,-1.869,7.828,0.105
0.15,1887,-5.906,-3.479,7.680
0.15,1888,4.577,-7.859,8.164
0.15,1889,7.477,2.978,0.104
0.15,1890,6.059,-5.154,0.088
0.15,1891,0.612,-8.624,-10.918
0.15,1892,-8.386,7.955,0.905
0.15,1893,-4.917,6.623,0.081
0.15,1894,-3.747,-7.504,3.854
0.15,1895,5.629,-7.483,0.588
0.15,1896,0.071,3.503,-0.972
0.15,1897,5.449,5.904,0.091
0.15,1898,-1.383,3.128,-4.795
0.15,1899,-8.982,-6.264,-2.130
0.15,1900,3.816,-7.876,0.060
0.15,1901,-1.605,-4.770,1.238
0.15,1902,-6.589,-5.555,4.521
0.15,1903,1.587,0.545,9.544
0.15,1904,-9.428,2.297,9.634
0.15,1905,-4.786,-6.570,0.089
0.15,1906,0.521,5.015,0.398
0.15,1907,-0.275,-3.027,1.467
0.15,1908,-3.692,-3.276,-8.729
0.15,1909,7.166,-2.995,4.335
0.15,1910,-6.543,8.855,-1.304
0.15,1911,9.646,8.774,-4.927
0.15,1912,-6.328,-4.242,8.389
0.15,1913,8.038,2.440,0.091
0.15,1914,6.830,9.717,0.692
0.15,1915,-0.006,7.867,0.095
0.15,1916,-7.286,-3.046,0.102
0.15,1917,-8.674,8.498,7.533
0.15,1918,-3.846,6.522,0.150
0.15,1919,5.420,-3.048,8.432
0.15,1920,9.597,-4.868,0.538
0.15,1921,-0.953,-3.297,0.727
0.15,1922,-3.774,-9.256,3.689
0.15,1923,-4.484,-7.952,0.712
0.15,1924,5.024,1.138,1.017
0.15,1925,2.824,8.284,0.040
0.15,1926,-0.035,8.286,-10.119
0.15,1927,0.736,-6.882,0.023
0.15,1928,0.121,-8.124,0.090
0.15,1929,-1.646,2.578,3.074
0.15,1930,4.385,-3.589,-10.544
0.15,1931,-9.818,-7.422,-9.375
0.15,1932,-5.287,-3.640,-9.764
0.15,1933,-2.091,-0.073,6.382
0.15,1934,7.462,9.714,-5.595
0.15,1935,-9.181,4.139,-10.120
0.15,1936,4.231,8.181,-7.405
0.15,1937,-3.787,3.485,0.996
0.15,1938,-3.862,1.098,5.667
0.15,1939,-7.874,2.275,0.095
0.15,1940,6.916,1.701,0.119
0.15,1941,-4.915,0.959,0.152
0.15,1942,7.288,-8.203,-3.615
0.15,1943,-1.839,-8.609,2.539
0.15,1944,5.684,-6.212,0.291
0.15,1945,8.286,-8.940,-11.054
0.15,1946,4.754,8.058,5.492
0.15,1947,2.795,2.994,-0.792
0.15,1948,-4.102,5.968,0.029
0.15,1949,-3.024,-1.754,-3.040
0.15,1950,7.290,7.787,8.685
0.15,1951,-9.669,-5.047,-6.131
0.15,1952,8.010,9.629,-0.319
0.15,1953,5.933,-8.878,-0.673
0.15,1954,7.364,-2.269,-10.261
0.15,1955,-1.171,-3.071,8.836
0.15,1956,4.002,-1.199,4.394
0.15,1957,-4.239,7.265,0.075
0.15,1958,-7.067,-3.906,0.104
0.15,1959,-7.949,6.285,-9.166
0.15,1960,-6.784,-4.224,0.104
0.15,1961,7.725,-2.071,0.101
0.15,1962,7.359,3.204,0.103
0.15,1963,-7.196,-5.688,-11.131
0.15,1964,5.323,-3.400,8.513
0.15,1965,-1.344,-7.967,0.091
0.15,1966,-4.489,-6.918,1.016
0.15,1967,5.836,-9.008,0.246
0.15,1968,5.747,8.246,-1.816
0.15,1969,-7.988,-2.656,0.083
0.15,1970,9.798,8.672,7.964
0.15,1971,7.530,9.483,-2.596
0.15,1972,-2.153,-7.555,0.097
0.15,1973,-4.994,-3.107,-3.636
0.15,1974,-4.060,-1.854,6.742
0.15,1975,0.883,4.395,5.792
0.15,1976,-1.344,8.411,1.157
0.15,1977,1.766,-9.146,-0.057
0.15,1978,-8.041,-1.676,0.096
0.15,1979,-8.968,-5.020,-4.872
0.15,1980,0.956,-2.839,7.178
0.15,1981,0.135,-2.242,-2.868
0.15,1982,-0.963,-9.922,5.415
0.15,1983,-3.705,4.363,0.389
0.15,1984,1.618,4.540,-4.625
0.15,1985,3.084,-0.834,-3.840
0.15,1986,-7.818,-3.635,0.065
0.15,1987,9.007,-7.877,-2.933
0.15,1988,5.487,5.865,0.095
0.15,1989,-0.811,-8.024,0.090
0.15,1990,9.430,5.581,5.069
0.15,1991,-5.226,-4.887,-0.414
0.15,1992,3.105,-2.165,-6.779
0.15,1993,3.695,7.210,0.106
0.15,1994,5.135,-6.208,0.089
0.15,1995,2.530,2.066,-7.192
0.15,1996,-9.834,2.867,-10.157
0.15,1997,-4.424,6.690,0.095
0.15,1998,-6.959,4.459,1.268
0.15,1999,-3.524,0.597,4.128
0.15,2000,-3.994,6.637,0.098
0.15,2001,-6.472,-4.365,0.095
0.15,2002,-7.376,-0.761,5.271
0.15,2003,-3.620,-7.290,0.096
0.15,2004,6.245,4.921,0.096
0.15,2005,-3.758,-5.438,-0.953
0.15,2006,2.639,-3.206,8.705
0.15,2007,1.629,-1.421,1.483
0.15,2008,6.315,-7.095,2.396
0.15,2009,1.586,-7.912,0.093
0.15,2010,3.495,0.520,-7.795
0.15,2011,-4.992,6.335,0.093
0.15,2012,7.093,4.327,5.003
0.15,2013,2.703,-6.666,-0.023
0.15,2014,-0.185,-8.197,0.090
0.15,2015,-7.445,-3.284,0.103
0.15,2016,9.895,-3.166,6.946
0.15,2017,-6.260,8.352,3.730
0.15,2018,0.030,7.810,0.093
0.15,2019,0.848,2.866,7.164
0.15,2020,-0.579,-2.868,6.560
0.15,2021,9.089,3.809,0.236
0.15,2022,-2.154,3.142,-8.535
0.15,2023,7.291,8.456,4.754
0.15,2024,-7.352,3.193,0.104
0.15,2025,9.341,-2.243,4.741
0.15,2026,0.872,-8.116,0.090
0.15,2027,7.102,-8.817,-9.935
0.15,2028,5.711,-1.074,-9.789
0.15,2029,4.071,0.265,-4.191
0.15,2030,6.785,-5.028,7.895
0.15,2031,-2.662,0.441,-8.591
0.15,2032,-7.833,0.899,0.093
0.15,2033,-7.649,-7.176,-10.475
0.15,2034,9.965,2.474,5.108
0.15,2035,-7.080,3.735,0.105
0.15,2036,5.163,-0.130,0.696
0.15,2037,-3.991,-3.634,-8.576
0.15,2038,-3.700,-0.206,1.263
0.15,2039,3.242,2.474,4.658
0.15,2040,8.558,-7.211,4.590
0.15,2041,8.243,-9.004,-10.078
0.15,2042,4.333,7.046,0.091
0.15,2043,-3.619,-5.257,0.280
0.15,2044,3.673,-7.425,0.101
0.15,2045,3.663,-2.461,-2.347
0.15,2046,3.846,2.824,0.194
0.15,2047,-4.696,-6.406,0.095
0.15,2048,-2.942,6.603,0.224
0.15,2049,4.368,-6.584,0.092
0.15,2050,-7.591,2.968,8.509
0.15,2051,-8.692,6.229,3.816
0.15,2052,7.813,9.212,0.688
0.15,2053,-9.669,-4.991,9.268
0.15,2054,4.646,-4.561,9.916
0.15,2055,8.886,5.970,-2.725
0.15,2056,5.780,-6.086,8.772
0.15,2057,-1.555,-6.457,8.052
0.15,2058,9.935,-9.264,5.494
0.15,2059,8.657,-0.862,2.767
0.15,2060,8.082,0.511,0.091
0.15,2061,-7.811,1.558,0.097
0.15,2062,-4.725,3.381,-0.733
0.15,2063,-3.606,0.308,-3.199
0.15,2064,6.794,-8.989,1.042
0.15,2065,1.456,3.289,-1.404
0.15,2066,-6.530,2.779,-10.712
0.15,2067,-1.530,-4.433,-3.206
0.15,2068,-4.790,9.096,4.760
0.15,2069,-0.732,9.006,10.050
0.15,2070,-7.781,-2.645,5.816
0.15,2071,3.839,-1.540,-4.486
0.15,2072,3.063,3.294,6.916
0.15,2073,-7.595,-8.392,-9.226
0.15,2074,-9.248,-4.118,7.087
0.15,2075,-9.524,-5.099,0.623
0.15,2076,2.470,-7.648,9.549
0.15,2077,-1.293,-3.354,-3.546
0.15,2078,-0.149,4.186,0.771
0.15,2079,9.468,7.564,-10.679
0.15,2080,-9.891,3.518,1.549
0.15,2081,-1.865,7.833,0.105
0.15,2082,-6.650,-6.413,-0.534
0.15,2083,-2.369,7.559,0.761
0.15,2084,-0.982,3.440,6.372
0.15,2085,6.499,-3.837,0.074
0.15,2086,-3.137,-3.579,-9.748
0.15,2087,1.396,5.030,1.095
0.15,2088,3.901,5.716,8.884
0.15,2089,8.527,1.392,0.077
0.15,2090,-7.022,-3.869,0.107
0.15,2091,-6.969,3.976,0.106
0.15,2092,0.919,-2.124,-10.258
0.15,2093,-3.471,-9.755,-8.407
0.15,2094,2.089,7.965,0.097
0.15,2095,8.616,7.977,6.102
0.15,2096,-6.548,5.051,0.090
0.15,2097,3.928,-1.265,1.257
0.15,2098,-0.584,-3.190,-7.620
0.15,2099,-2.977,-6.063,-0.001
0.15,2100,5.585,-8.403,6.589
0.15,2101,-6.689,-1.382,4.035
0.15,2102,-7.474,-3.070,0.105
0.15,2103,-8.072,-1.033,0.095
0.15,2104,-0.174,-0.152,9.246
0.15,2105,7.882,-0.899,8.697
0.15,2106,0.911,8.478,6.251
0.15,2107,7.182,-5.384,8.825
0.15,2108,7.890,-0.453,0.090
0.15,2109,-8.455,-5.711,6.481
0.15,2110,4.511,-9.562,0.801
0.15,2111,4.723,1.385,9.235
0.15,2112,1.884,5.546,0.508
0.15,2113,-5.364,5.980,0.087
0.15,2114,-9.273,7.401,-6.325
0.15,2115,4.138,-5.206,9.301
0.15,2116,-8.621,-2.093,-9.947
0.15,2117,-0.563,-3.562,-2.340
0.15,2118,3.652,0.544,3.550
0.15,2119,-3.637,-4.477,0.126
0.15,2120,7.729,-0.128,0.388
0.15,2121,-7.748,-8.487,1.012
0.15,2122,-2.953,-5.543,-4.790
0.15,2123,9.369,0.818,1.852
0.15,2124,-7.177,-1.261,0.838
0.15,2125,7.780,-6.252,5.000
0.15,2126,5.861,-5.943,0.028
0.15,2127,-3.180,7.279,0.104
0.15,2128,-1.142,2.838,1.278
0.15,2129,1.488,-6.626,6.851
0.15,2130,8.683,0.904,9.941
0.15,2131,-3.947,-8.057,9.252
0.15,2132,3.321,-9.472,4.753
0.15,2133,4.833,-7.307,0.881
0.15,2134,8.012,1.860,0.092
0.15,2135,1.467,2.664,-5.244
0.15,2136,-1.800,4.302,4.406
0.15,2137,7.525,-3.063,0.102
0.15,2138,-0.113,2.033,7.433
0.15,2139,-2.500,7.480,0.105
0.15,2140,0.990,-7.887,1.197
0.15,2141,-0.003,0.332,-10.441
0.15,2142,-1.108,4.889,8.418
0.15,2143,-7.409,-3.436,0.100
0.15,2144,7.001,-3.948,0.099
0.15,2145,-4.258,-2.013,4.816
0.15,2146,7.418,-4.026,7.840
0.15,2147,8.914,-5.824,-5.631
0.15,2148,2.739,5.152,-5.351
0.15,2149,3.061,-6.386,5.926
0.15,2150,-2.988,-7.290,0.097
0.15,2151,5.803,-2.676,9.676
0.15,2152,7.920,2.047,0.094
0.15,2153,-8.152,0.491,0.109
0.15,2154,-2.175,-7.597,0.100
0.15,2155,7.980,-7.780,0.762
0.15,2156,3.916,4.609,0.487
0.15,2157,-1.872,7.678,0.178
0.15,2158,-4.268,6.547,0.091
0.15,2159,2.401,4.807,0.149
0.15,2160,-3.849,7.007,0.104
0.15,2161,-5.081,7.023,0.083
0.15,2162,9.050,7.808,8.614
0.15,2163,-1.901,-7.640,0.099
0.15,2164,-2.089,-2.855,0.616
0.15,2165,3.081,1.143,4.824
0.15,2166,5.381,-0.836,3.499
0.15,2167,-5.457,4.788,7.765
0.15,2168,-7.409,2.999,0.103
0.15,2169,-9.309,1.168,0.593
0.15,2170,-0.822,8.091,0.292
0.15,2171,1.522,3.740,5.865
0.15,2172,-5.987,8.695,-1.964
0.15,2173,2.226,-3.840,-0.305
0.15,2174,0.998,-5.376,-0.597
0.15,2175,3.044,5.290,5.901
0.15,2176,2.136,-4.194,-3.455
0.15,2177,-6.958,3.315,0.117
0.15,2178,6.811,-3.221,1.367
0.15,2179,1.502,2.541,-9.962
0.15,2180,2.057,5.928,5.462
0.15,2181,-2.938,8.840,5.971
0.15,2182,-4.183,-6.848,0.097
0.15,2183,8.757,1.729,-10.394
0.15,2184,-3.966,-1.840,6.952
0.15,2185,3.251,9.122,7.210
0.15,2186,-3.792,5.207,8.881
0.15,2187,-6.700,-3.703,0.086
0.15,2188,8.312,7.949,-2.489
0.15,2189,3.614,-0.696,4.244
0.15,2190,7.465,-3.028,0.101
0.15,2191,-9.219,-4.781,-9.262
0.15,2192,7.022,-7.075,6.642
0.15,2193,-1.474,7.560,6.789
0.15,2194,-0.826,-3.003,1.720
0.15,2195,2.133,-2.174,-10.017
0.15,2196,-1.290,-0.780,8.948
0.15,2197,-3.904,-3.736,8.024
0.15,2198,-2.040,-4.301,-7.090
0.15,2199,2.778,0.203,8.680
0.15,2200,-4.187,6.802,0.096
0.15,2201,-2.137,7.768,0.106
0.15,2202,3.581,-6.210,4.418
0.15,2203,-2.691,-1.029,-5.476
0.15,2204,4.478,3.087,7.549
0.15,2205,2.960,3.837,1.035
0.15,2206,-2.136,-2.912,-3.547
0.15,2207,6.974,-2.584,7.288
0.15,2208,3.593,2.424,-10.243
0.15,2209,8.189,1.175,-11.385
0.15,2210,1.558,-7.519,0.104
0.15,2211,-7.317,-3.135,0.103
0.15,2212,-9.581,6.777,-8.708
0.15,2213,-5.552,5.885,-11.367
0.15,2214,3.010,-9.930,5.274
0.15,2215,-8.074,-1.693,0.094
0.15,2216,-1.130,-8.047,0.090
0.15,2217,-8.607,-0.409,5.120
0.15,2218,9.375,5.775,-5.567
0.15,2219,0.252,-4.720,-5.239
0.15,2220,7.648,3.719,6.103
0.15,2221,-3.100,1.812,-3.605
0.15,2222,8.026,2.402,7.918
0.15,2223,7.737,-1.534,0.097
0.15,2224,-0.648,3.157,-7.258
0.15,2225,8.653,-1.546,3.798
0.15,2226,-0.611,2.644,5.859
0.15,2227,-1.558,-8.153,2.639
0.15,2228,-7.378,-3.100,0.104
0.15,2229,-8.055,-0.595,0.094
0.15,2230,-8.043,2.997,6.674
0.15,2231,3.805,8.842,4.346
0.15,2232,-7.155,0.893,6.113
0.15,2233,9.255,4.809,7.436
0.15,2234,-6.883,6.772,-0.894
0.15,2235,1.443,-7.897,0.093
0.15,2236,0.956,-3.513,-8.901
0.15,2237,-3.087,-7.438,0.100
0.15,2238,7.505,2.942,0.104
0.15,2239,-7.804,0.852,3.450
0.15,2240,-7.964,-6.944,5.827
0.15,2241,-1.746,7.851,0.104
0.15,2242,-7.780,2.422,0.099
0.15,2243,-8.675,1.431,0.021
0.15,2244,8.285,-0.567,0.083
0.15,2245,7.122,0.643,0.015
0.15,2246,4.576,3.531,-9.913
0.15,2247,7.212,-4.373,0.073
0.15,2248,-5.914,0.689,0.304
0.15,2249,7.852,2.004,0.098
0.15,2250,0.157,-7.835,-9.997
0.15,2251,-0.084,-8.465,0.062
0.15,2252,5.412,5.580,8.182
0.15,2253,-0.469,-2.592,-11.033
0.15,2254,-7.975,1.098,0.093
0.15,2255,4.688,-6.442,0.092
0.15,2256,-4.199,-2.246,-10.625
0.15,2257,2.878,-9.427,-6.322
0.15,2258,-3.315,-6.588,-10.252
0.15,2259,-3.856,-8.203,-0.271
0.15,2260,0.150,-7.290,-10.118
0.15,2261,-0.533,2.922,-3.064
0.15,2262,7.236,6.182,-9.775
0.15,2263,4.993,8.422,5.254
0.15,2264,7.011,3.969,0.103
0.15,2265,-1.630,-3.696,0.732
0.15,2266,0.163,8.710,2.645
0.15,2267,5.801,6.803,3.753
0.15,2268,1.650,5.209,0.218
0.15,2269,6.114,9.322,-1.825
0.15,2270,6.778,1.333,-0.136
0.15,2271,-1.840,6.174,3.237
0.15,2272,3.477,7.524,0.097
0.15,2273,6.254,-4.988,0.091
0.15,2274,5.673,5.937,-10.910
0.15,2275,-1.524,4.404,7.585
0.15,2276,3.086,-8.291,5.394
0.15,2277,9.228,5.317,-11.190
0.15,2278,-6.333,-2.411,-0.161
0.15,2279,-5.115,-4.597,8.219
0.15,2280,8.457,-2.668,0.019
0.15,2281,-9.240,3.533,4.600
0.15,2282,0.620,4.340,1.047
0.15,2283,5.476,5.311,0.051
0.15,2284,5.492,-5.722,0.090
0.15,2285,-7.151,6.293,9.835
0.15,2286,-1.273,-4.372,-4.115
0.15,2287,7.751,-2.433,0.100
0.15,2288,-6.852,4.014,0.102
0.15,2289,9.843,6.222,-9.330
0.15,2290,-4.249,3.364,9.628
0.15,2291,-6.412,-7.124,6.932
0.15,2292,1.905,-3.843,7.312
0.15,2293,9.261,8.540,-9.339
0.15,2294,5.441,0.125,5.751
0.15,2295,8.734,-7.051,5.826
0.15,2296,-2.377,-4.228,-0.004
0.15,2297,-9.548,-5.808,3.631
0.15,2298,4.872,6.844,7.336
0.15,2299,-0.911,-9.102,8.941
0.15,2300,4.527,-0.369,-1.077
0.15,2301,-4.928,-3.752,7.646
0.15,2302,-6.069,-9.419,6.209
0.15,2303,-0.616,9.446,4.154
0.15,2304,6.153,4.712,0.089
0.15,2305,-2.419,-2.628,6.654
0.15,2306,2.258,0.424,-10.177
0.15,2307,-8.623,-4.996,3.977
0.15,2308,-1.459,-4.763,3.309
0.15,2309,-6.857,3.717,0.100
0.15,2310,-8.540,-4.258,-0.751
0.15,2311,-1.964,-3.439,1.277
0.15,2312,6.456,-2.048,5.212
0.15,2313,-0.114,-3.335,-3.607
0.15,2314,2.687,2.383,-2.752
0.15,2315,9.373,-0.875,-8.901
0.15,2316,7.274,-6.411,8.483
0.15,2317,-7.789,2.423,9.780
0.15,2318,-8.590,4.761,6.647
0.15,2319,9.384,-2.827,4.071
0.15,2320,-5.878,3.403,7.768
0.15,2321,5.887,-5.818,0.074
0.15,2322,-7.672,2.768,5.542
0.15,2323,-7.604,-7.675,-2.352
0.15,2324,-3.285,-8.040,4.106
0.15,2325,9.927,-8.535,8.289
0.15,2326,2.661,7.777,0.104
0.15,2327,-3.132,-2.708,-3.272
0.15,2328,0.827,4.252,-9.306
0.15,2329,-6.080,5.091,0.118
0.15,2330,-7.381,1.168,5.923
0.15,2331,-5.812,-2.615,-0.608
0.15,2332,-3.454,-6.649,1.933
0.15,2333,2.996,5.220,6.402
0.15,2334,-9.539,9.838,-0.445
0.15,2335,-5.635,-2.677,-7.589
0.15,2336,8.042,5.286,-5.636
0.15,2337,1.029,3.469,5.684
0.15,2338,-3.163,5.236,4.586
0.15,2339,-2.930,-2.622,5.765
0.15,2340,-2.872,-1.981,8.245
0.15,2341,-1.722,-6.167,-0.260
0.15,2342,7.732,5.110,6.588
0.15,2343,-4.413,-7.629,-10.526
0.15,2344,-8.498,6.131,-2.518
0.15,2345,6.792,-9.093,9.047
0.15,2346,-1.261,2.704,-9.397
0.15,2347,-8.090,1.740,0.090
0.15,2348,-6.943,-6.998,-8.959
0.15,2349,-2.427,1.129,-8.726
0.15,2350,4.227,1.358,1.267
0.15,2351,-3.535,-0.848,1.213
0.15,2352,1.108,9.216,-11.161
0.15,2353,-2.249,-5.184,5.812
0.15,2354,-2.896,0.625,4.931
0.15,2355,-8.894,-7.750,-7.746
0.15,2356,0.603,2.057,-10.944
0.15,2357,2.928,9.569,-2.106
0.15,2358,-1.738,2.596,-3.103
0.15,2359,3.477,-3.920,-8.470
0.15,2360,-6.106,-3.070,9.242
0.15,2361,-3.531,-6.819,0.088
0.15,2362,-9.572,-3.872,-9.666
0.15,2363,0.380,3.893,-0.652
0.15,2364,-1.306,6.920,-10.358
0.15,2365,5.905,5.403,0.091
0.15,2366,6.814,-3.100,-8.386
0.15,2367,0.115,2.933,-3.091
0.15,2368,7.955,-6.345,0.626
0.15,2369,4.710,-2.313,-3.196
0.15,2370,-2.614,-7.358,4.054
0.15,2371,-1.362,-7.719,0.094
0.15,2372,-4.263,-2.958,-5.081
0.15,2373,-3.608,9.833,4.118
0.15,2374,7.340,-3.829,0.111
0.15,2375,-6.153,-3.038,0.281
0.15,2376,9.721,-1.302,-1.895
0.15,2377,0.744,-5.613,6.897
0.15,2378,-9.292,1.392,0.201
0.15,2379,3.406,1.744,-8.792
0.15,2380,-8.251,-4.983,-8.386
0.15,2381,-4.304,-3.071,0.824
0.15,2382,1.571,3.800,-7.022
0.15,2383,-9.041,2.788,0.668
0.15,2384,9.328,4.444,-10.662
0.15,2385,-7.697,-3.810,0.074
0.15,2386,-2.033,-8.269,0.166
0.15,2387,4.361,7.434,0.054
0.15,2388,3.894,7.425,8.894
0.15,2389,-2.589,7.318,0.097
0.15,2390,-4.878,9.437,0.872
0.15,2391,-6.626,4.551,0.097
0.15,2392,-3.219,6.594,0.066
0.15,2393,7.063,4.139,0.095
0.15,2394,0.726,3.763,0.703
0.15,2395,9.481,-8.798,-9.508
0.15,2396,4.656,-6.777,0.083
0.15,2397,1.213,-1.928,-9.391
0.15,2398,5.664,8.428,-6.972
0.15,2399,-1.216,-2.153,-10.596
0.15,2400,-8.416,6.106,8.003
0.15,2401,7.432,-7.016,5.271
0.15,2402,-8.654,-3.038,7.020
0.15,2403,-6.032,6.642,-9.911
0.15,2404,-1.898,-3.290,7.081
0.15,2405,3.209,7.697,0.084
0.15,2406,8.492,9.740,-1.491
0.15,2407,-4.505,-8.998,3.868
0.15,2408,2.372,-3.182,-3.760
0.15,2409,-1.741,-1.274,-11.283
0.15,2410,5.102,6.191,0.096
0.15,2411,5.211,6.051,0.093
0.15,2412,-6.006,4.771,1.071
0.15,2413,-4.879,-7.330,3.512
0.15,2414,-8.088,-6.892,-5.338
0.15,2415,-7.328,-0.875,0.197
0.15,2416,-9.212,6.021,8.607
0.15,2417,-2.620,7.063,9.847
0.15,2418,-1.782,-5.144,-6.674
0.15,2419,-2.290,2.574,-6.042
0.15,2420,-5.027,5.033,1.210
0.15,2421,8.517,-0.066,4.199
0.15,2422,2.888,-7.425,0.098
0.15,2423,-1.212,4.636,1.212
0.15,2424,2.792,-5.237,4.149
0.15,2425,0.313,-4.932,7.945
0.15,2426,-2.878,-7.388,8.620
0.15,2427,5.569,9.290,-10.593
0.15,2428,-0.100,-9.781,-10.093
0.15,2429,7.834,2.050,0.098
0.15,2430,-4.214,-7.895,0.020
0.15,2431,5.264,-3.256,-10.292
0.15,2432,-5.480,5.775,0.090
0.15,2433,7.868,2.327,0.095
0.15,2434,6.286,4.972,0.097
0.15,2435,-0.601,0.144,-2.250
0.15,2436,3.944,6.605,7.318
0.15,2437,7.751,-2.390,0.100
0.15,2438,-6.617,-2.258,-0.103
0.15,2439,6.944,5.816,0.018
0.15,2440,5.536,6.436,0.250
0.15,2441,8.235,-7.874,0.651
0.15,2442,-2.954,-0.118,8.906
0.15,2443,4.009,7.100,6.027
0.15,2444,7.603,-5.324,4.356
0.15,2445,5.332,7.022,3.749
0.15,2446,-3.985,-3.973,6.532
0.15,2447,3.331,6.030,-10.830
0.15,2448,-2.751,-7.619,3.472
0.15,2449,7.847,-4.119,5.599
0.15,2450,6.354,9.355,-5.056
0.15,2451,-8.038,1.320,0.093
0.15,2452,-0.923,-5.323,-10.511
0.15,2453,5.355,5.991,0.090
0.15,2454,-2.910,-9.573,6.155
0.15,2455,2.809,-7.654,0.099
0.15,2456,-0.778,7.295,1.590
0.15,2457,7.741,-9.246,3.314
0.15,2458,-5.324,-3.318,5.765
0.15,2459,-8.318,0.435,-10.349
0.15,2460,-3.396,-5.476,5.458
0.15,2461,-0.159,-6.631,4.780
0.15,2462,5.213,-2.395,-3.774
0.15,2463,0.734,-8.062,0.090
0.15,2464,1.861,7.893,0.102
0.15,2465,-8.664,1.006,0.052
0.15,2466,-8.929,-1.315,7.007
0.15,2467,3.441,9.158,7.211
0.15,2468,-0.957,3.857,6.775
0.15,2469,0.756,1.790,-2.006
0.15,2470,8.867,4.670,-10.249
0.15,2471,-8.013,-3.716,0.050
0.15,2472,-6.697,-4.304,0.098
0.15,2473,-6.378,9.509,4.827
0.15,2474,-2.081,4.692,-4.562
0.15,2475,9.507,-5.614,-10.694
0.15,2476,7.587,-0.981,0.082
0.15,2477,5.627,-8.850,-7.917
0.15,2478,-5.507,-8.822,4.357
0.15,2479,7.832,-2.025,0.097
0.15,2480,-6.739,-4.000,0.096
0.15,2481,-0.020,8.812,2.056
0.15,2482,-2.119,-0.727,3.338
0.15,2483,3.461,7.301,0.103
0.15,2484,-9.304,0.616,0.792
0.15,2485,4.360,-8.986,0.017
0.15,2486,1.946,2.635,-9.618
0.15,2487,-3.771,1.981,7.390
0.15,2488,2.177,-5.429,-0.614
0.15,2489,-7.771,2.017,0.100
0.15,2490,6.313,-5.626,0.373
0.15,2491,0.553,-7.827,0.089
0.15,2492,9.587,-1.635,4.854
0.15,2493,-4.478,5.185,-10.515
0.15,2494,-5.155,-6.998,2.158
0.15,2495,-4.868,6.175,0.089
0.15,2496,3.554,-7.368,-10.629
0.15,2497,-4.781,5.655,0.060
0.15,2498,-8.481,-6.532,-2.223
0.15,2499,-7.361,-3.306,0.102
0.15,2500,-8.890,6.313,-3.842
0.15,2501,-10.029,8.383,7.119
0.15,2502,5.847,6.664,-9.673
0.15,2503,3.189,-1.339,-1.707
0.15,2504,-8.710,3.480,-0.001
0.15,2505,-4.763,-2.755,7.518
0.15,2506,2.103,-6.374,1.327
0.15,2507,-7.234,-0.993,0.436
0.15,2508,-5.496,5.555,0.086
0.15,2509,7.739,-2.308,0.100
0.15,2510,3.676,7.705,0.179
0.15,2511,5.993,-8.270,6.134
0.15,2512,5.548,-4.558,-0.004
0.15,2513,-3.008,0.789,-10.039
0.15,2514,-9.423,7.869,-10.433
0.15,2515,8.126,-0.130,0.090
0.15,2516,2.099,4.859,0.975
0.15,2517,9.350,9.199,-2.472
0.15,2518,-7.512,3.224,-10.669
0.15,2519,-0.946,8.054,0.099
0.15,2520,-4.500,2.870,0.996
0.15,2521,0.258,-5.174,-0.973
0.15,2522,2.153,2.209,-8.866
0.15,2523,-6.205,4.751,0.092
0.15,2524,-8.893,8.512,-9.959
0.15,2525,2.379,-7.196,0.078
0.15,2526,-2.739,-1.023,7.132
0.15,2527,-4.731,-9.211,4.435
0.15,2528,9.689,5.245,6.288
0.15,2529,-0.912,0.115,8.332
0.15,2530,-5.173,6.073,0.089
0.15,2531,-8.878,9.247,-5.542
0.15,2532,1.600,-8.797,0.172
0.15,2533,9.557,5.536,-9.898
0.15,2534,-0.149,6.123,5.377
0.15,2535,2.579,-4.499,-10.281
0.15,2536,4.483,6.626,0.099
0.15,2537,6.972,4.770,6.333
0.15,2538,-3.457,5.072,0.028
0.15,2539,8.511,-1.964,1.933
0.15,2540,7.482,0.686,5.440
0.15,2541,-9.300,-0.280,2.282
0.15,2542,0.594,3.817,-9.025
0.15,2543,9.453,4.373,-10.545
0.15,2544,-2.433,6.152,7.785
0.15,2545,-6.703,4.165,0.098
0.15,2546,0.480,-4.125,9.892
0.15,2547,-0.498,3.932,5.912
0.15,2548,-2.891,-1.528,1.473
0.15,2549,-7.097,3.784,0.105
0.15,2550,-6.596,4.171,0.096
0.15,2551,-7.973,-1.057,0.095
0.15,2552,5.562,1.586,-10.461
0.15,2553,1.290,3.672,-8.626
0.15,2554,8.316,2.758,-8.372
0.15,2555,-5.917,-5.878,-8.222
0.15,2556,5.092,3.738,3.974
0.15,2557,-3.297,7.291,0.103
0.15,2558,7.949,-0.668,0.360
0.15,2559,0.625,-6.268,-0.429
0.15,2560,4.358,4.634,-1.474
0.15,2561,-1.502,-8.300,-11.445
0.15,2562,-6.033,8.283,0.191
0.15,2563,3.647,-2.897,0.834
0.15,2564,-2.066,-9.337,0.462
0.15,2565,4.481,-6.651,0.092
0.15,2566,-4.642,-2.867,-4.918
0.15,2567,-0.391,7.681,0.090
0.15,2568,5.455,-6.933,-0.004
0.15,2569,7.964,-0.169,0.090
0.15,2570,-9.132,7.992,4.249
0.15,2571,4.219,5.221,3.019
0.15,2572,2.790,7.154,0.094
0.15,2573,9.335,-0.737,8.070
0.15,2574,-4.228,7.885,1.806
0.15,2575,6.574,4.540,0.097
0.15,2576,1.784,3.173,-8.459
0.15,2577,-5.775,1.531,-3.322
0.15,2578,5.749,4.234,3.645
0.15,2579,1.882,-6.691,4.009
0.15,2580,-6.333,4.580,0.302
0.15,2581,8.054,2.536,3.782
0.15,2582,4.540,9.602,9.782
0.15,2583,6.236,9.846,7.834
0.15,2584,-8.023,5.023,6.498
0.15,2585,-9.544,0.311,3.966
0.15,2586,3.912,-8.364,0.761
0.15,2587,-5.129,7.154,9.014
0.15,2588,-4.645,2.585,-6.089
0.15,2589,3.820,-1.642,-2.076
0.15,2590,9.982,-0.446,7.590
0.15,2591,2.723,-7.626,0.102
0.15,2592,1.505,-7.940,0.093
0.15,2593,7.010,-3.882,0.100
0.15,2594,-8.000,0.875,0.093
0.15,2595,8.981,5.295,3.694
0.15,2596,8.079,0.258,0.090
0.15,2597,-3.239,2.562,-8.414
0.15,2598,-6.329,-2.020,-10.127
0.15,2599,3.279,7.362,0.105
0.15,2600,2.024,-3.162,-8.636
0.15,2601,0.239,-3.090,-3.858
0.15,2602,0.091,-2.582,-9.491
0.15,2603,-1.776,-5.072,4.872
0.15,2604,-9.865,7.265,-9.488
0.15,2605,5.069,-7.931,-0.565
0.15,2606,6.666,2.135,5.545
0.15,2607,9.779,-6.552,-5.898
0.15,2608,0.087,-4.207,0.690
0.15,2609,0.351,-8.105,0.090
0.15,2610,-8.091,-7.176,-2.347
0.15,2611,0.317,2.996,7.747
0.15,2612,1.391,-3.342,-10.140
0.15,2613,-4.560,-3.314,-6.180
0.15,2614,-7.333,-1.212,3.617
0.15,2615,-5.998,-4.681,-10.499
0.15,2616,4.666,-6.981,-10.312
0.15,2617,4.094,6.492,-9.656
0.15,2618,-5.790,-5.034,0.096
0.15,2619,-2.716,-8.279,0.161
0.15,2620,-7.355,2.890,0.101
0.15,2621,-8.013,-1.319,0.096
0.15,2622,1.498,-3.654,1.385
0.15,2623,-8.061,0.234,0.092
0.15,2624,9.219,8.572,-7.279
0.15,2625,2.583,-5.148,0.967
0.15,2626,-6.963,-3.570,0.101
0.15,2627,9.670,0.294,1.678
0.15,2628,-4.765,5.082,6.662
0.15,2629,-3.329,-8.923,-3.076
0.15,2630,5.532,-2.675,0.689
0.15,2631,6.970,2.735,0.162
0.15,2632,3.297,0.717,-8.098
0.15,2633,-3.014,-8.957,3.524
0.15,2634,6.594,-3.000,1.151
0.15,2635,4.945,7.091,3.935
0.15,2636,8.976,3.255,8.231
0.15,2637,0.409,-7.800,4.873
0.15,2638,-0.347,1.989,7.976
0.15,2639,3.444,1.698,0.973
0.15,2640,-3.822,-0.803,-9.556
0.15,2641,3.396,0.068,7.220
0.15,2642,6.741,-8.208,4.985
0.15,2643,-3.826,-0.573,2.762
0.15,2644,-6.279,-8.686,9.159
0.15,2645,7.609,0.852,0.074
0.15,2646,2.509,-2.429,-2.320
0.15,2647,0.589,4.077,-1.918
0.15,2648,1.795,7.531,7.929
0.15,2649,-7.512,-2.895,0.106
0.15,2650,7.981,-0.105,5.201
0.15,2651,4.472,4.760,-0.790
0.15,2652,0.088,-6.063,8.282
0.15,2653,1.620,2.664,6.997
0.15,2654,-7.842,2.328,0.096
0.15,2655,-5.207,-5.083,-0.138
0.15,2656,9.640,5.740,-1.512
0.15,2657,2.087,1.688,-7.501
0.15,2658,1.970,-1.701,9.030
0.15,2659,-2.714,7.533,0.110
0.15,2660,3.082,2.447,1.054
0.15,2661,-6.460,-1.770,-9.284
0.15,2662,-3.672,7.616,5.565
0.15,2663,3.093,2.683,5.100
0.15,2664,6.894,-1.989,4.736
0.15,2665,-0.599,8.190,0.098
0.15,2666,9.905,-2.588,6.890
0.15,2667,-0.472,5.571,4.494
0.15,2668,8.048,-0.382,0.090
0.15,2669,-3.684,-3.574,0.474
0.15,2670,-2.600,-7.616,0.104
0.15,2671,6.255,-8.604,-11.297
0.15,2672,-6.108,5.217,0.091
0.15,2673,-7.524,8.041,-3.486
0.15,2674,-6.792,-9.580,-2.075
0.15,2675,4.554,-4.977,9.201
0.15,2676,-8.988,-3.153,6.979
0.15,2677,-0.114,3.210,7.980
0.15,2678,-6.942,-1.855,8.097
0.15,2679,-1.673,-5.721,-10.189
0.15,2680,8.329,-2.323,7.000
0.15,2681,0.702,3.672,6.498
0.15,2682,1.133,-3.548,-3.257
0.15,2683,-6.841,-0.951,-9.789
0.15,2684,-3.636,2.752,9.752
0.15,2685,0.711,7.891,0.097
0.15,2686,9.999,1.182,-9.836
0.15,2687,-3.490,-7.118,0.099
0.15,2688,-6.442,4.342,0.099
0.15,2689,1.855,8.458,4.239
0.15,2690,-7.713,0.926,-10.633
0.15,2691,-7.153,9.282,4.092
0.15,2692,-1.778,-2.421,-9.694
0.15,2693,9.102,-0.871,6.018
0.15,2694,6.889,2.153,6.389
0.15,2695,-5.134,-1.760,-9.518
0.15,2696,-5.857,9.734,8.091
0.15,2697,7.148,9.200,8.870
0.15,2698,7.377,1.153,3.797
0.15,2699,3.141,-8.466,8.212
0.15,2700,-2.273,-9.861,-9.321
0.15,2701,-0.925,9.502,9.765
0.15,2702,3.289,2.145,-5.686
0.15,2703,-1.091,5.029,-9.417
0.15,2704,0.863,4.888,0.893
0.15,2705,0.632,8.371,0.079
0.15,2706,2.880,-1.037,-7.468
0.15,2707,5.703,1.197,6.412
0.15,2708,-3.668,-0.484,0.933
0.15,2709,-7.614,8.571,0.660
0.15,2710,-0.390,-7.920,0.089
0.15,2711,2.699,-7.555,0.102
0.15,2712,-8.512,8.466,-10.169
0.15,2713,7.959,-5.671,1.493
0.15,2714,-3.972,9.168,-10.949
0.15,2715,4.277,2.453,0.627
0.15,2716,-2.928,7.897,5.466
0.15,2717,-1.871,-8.188,0.084
0.15,2718,-4.886,-0.035,0.397
0.15,2719,-5.847,4.171,-10.730
0.15,2720,5.607,5.682,0.095
0.15,2721,8.748,7.896,0.426
0.15,2722,-8.928,2.290,-10.059
0.15,2723,-9.505,-8.058,-1.205
0.15,2724,7.471,0.769,-10.906
0.15,2725,0.467,-3.369,4.722
0.15,2726,-8.527,-8.898,0.227
0.15,2727,4.017,7.403,6.610
0.15,2728,6.307,-1.096,5.997
0.15,2729,5.608,6.491,4.742
0.15,2730,6.008,-5.250,0.087
0.15,2731,-0.597,8.098,0.098
0.15,2732,0.194,-6.590,6.603
0.15,2733,-2.152,9.292,-4.245
0.15,2734,-9.601,-5.255,-0.875
0.15,2735,-0.544,8.074,0.098
0.15,2736,-9.741,7.267,-2.611
0.15,2737,2.305,-7.935,9.258
0.15,2738,5.707,9.477,-8.714
0.15,2739,-4.054,4.511,5.157
0.15,2740,-7.442,3.350,2.704
0.15,2741,-8.097,1.301,0.093
0.15,2742,0.153,-8.062,0.313
0.15,2743,3.392,4.480,2.826
0.15,2744,5.140,-1.653,1.139
0.15,2745,-9.758,7.323,3.714
0.15,2746,-9.338,7.435,-5.697
0.15,2747,4.260,5.343,-0.042
0.15,2748,7.521,-8.554,-1.649
0.15,2749,-6.369,-5.057,0.093
0.15,2750,0.814,-7.816,-10.526
0.15,2751,-0.702,4.686,0.048
0.15,2752,-2.598,4.812,-4.765
0.15,2753,-2.636,-7.531,0.101
0.15,2754,5.505,-6.364,3.605
0.15,2755,1.649,4.362,-9.735
0.15,2756,-8.684,5.135,2.019
0.15,2757,-7.489,-4.561,-10.143
0.15,2758,2.709,-9.736,4.004
0.15,2759,-3.537,4.721,-3.699
0.15,2760,-7.692,-5.090,8.884
0.15,2761,-2.364,-1.868,-10.550
0.15,2762,7.526,4.102,-10.500
0.15,2763,-4.126,2.022,1.041
0.15,2764,4.725,8.306,-0.302
0.15,2765,8.163,8.182,0.702
0.15,2766,-3.952,-7.848,0.211
0.15,2767,-2.244,-5.665,-0.408
0.15,2768,8.134,-0.452,0.091
0.15,2769,-8.563,7.806,-0.723
0.15,2770,-6.901,-4.178,0.100
0.15,2771,0.017,7.157,-10.203
0.15,2772,0.144,4.522,0.918
0.15,2773,7.103,2.040,8.696
0.15,2774,-6.680,-4.189,0.096
0.15,2775,-2.552,1.591,-0.994
0.15,2776,-7.606,1.381,-11.177
0.15,2777,-0.390,-9.091,4.249
0.15,2778,9.386,-0.530,-10.696
0.15,2779,5.929,7.782,-0.609
0.15,2780,-3.899,6.732,-10.502
0.15,2781,0.438,7.815,0.095
0.15,2782,-7.944,-9.849,-7.068
0.15,2783,-2.090,4.223,-2.614
0.15,2784,-3.892,-7.548,4.387
0.15,2785,1.877,-2.045,-10.964
0.15,2786,3.599,-6.259,-10.055
0.15,2787,6.716,-4.235,8.911
0.15,2788,-1.942,7.999,0.117
0.15,2789,1.916,8.295,5.107
0.15,2790,3.415,5.889,-0.642
0.15,2791,7.038,3.682,0.105
0.15,2792,1.418,8.731,1.534
0.15,2793,-2.175,9.119,7.909
0.15,2794,2.671,-8.499,9.513
0.15,2795,-9.604,8.153,-10.831
0.15,2796,-4.174,-0.902,1.078
0.15,2797,5.884,6.580,-9.696
0.15,2798,1.017,-3.001,6.666
0.15,2799,6.003,7.793,6.416
0.15,2800,4.048,1.346,-1.641
0.15,2801,-7.353,-8.487,-10.997
0.15,2802,4.898,3.183,-10.224
0.15,2803,-5.152,-3.343,-9.063
0.15,2804,2.750,1.846,8.995
0.15,2805,9.110,-7.835,-6.962
0.15,2806,-5.344,-8.056,2.232
0.15,2807,-2.901,-3.422,-3.807
0.15,2808,-4.529,9.289,4.295
0.15,2809,1.765,-8.807,-10.828
0.15,2810,-7.220,-2.742,0.693
0.15,2811,8.525,1.010,5.271
0.15,2812,-6.944,-4.775,0.069
0.15,2813,-1.224,9.372,-4.059
0.15,2814,8.618,9.898,9.728
0.15,2815,1.353,-3.644,4.475
0.15,2816,8.340,-0.203,0.087
0.15,2817,-2.314,-8.270,3.554
0.15,2818,-7.116,-3.787,0.103
0.15,2819,-7.581,1.725,-10.101
0.15,2820,-7.672,-2.344,0.107
0.15,2821,5.771,-3.432,6.180
0.15,2822,5.296,-5.937,0.087
0.15,2823,2.823,5.841,-5.269
0.15,2824,-3.261,-2.277,-9.938
0.15,2825,5.966,8.101,0.424
0.15,2826,9.830,0.308,9.508
0.15,2827,1.125,-4.532,-8.691
0.15,2828,6.008,-5.526,0.081
0.15,2829,2.874,-0.471,-2.114
0.15,2830,-6.477,-9.099,-5.285
0.15,2831,2.263,-3.427,-8.389
0.15,2832,5.793,-0.123,5.401
0.15,2833,9.753,-7.593,-0.409
0.15,2834,-5.227,5.397,7.426
0.15,2835,-5.128,-6.152,0.092
0.15,2836,8.557,1.184,6.875
0.15,2837,2.238,3.449,4.529
0.15,2838,-8.326,3.773,-10.469
0.15,2839,-7.210,-3.695,0.101
0.15,2840,-2.916,5.162,6.559
0.15,2841,3.241,-2.874,10.018
0.15,2842,-3.571,7.006,0.104
0.15,2843,2.442,5.160,-4.030
0.15,2844,-2.121,2.781,-5.467
0.15,2845,1.463,7.097,5.967
0.15,2846,-1.256,-3.449,9.302
0.15,2847,9.789,7.632,-9.191
0.15,2848,-7.178,-0.711,-0.074
0.15,2849,1.578,1.824,6.583
0.15,2850,1.847,5.698,4.139
0.15,2851,-1.089,-7.979,0.111
0.15,2852,3.922,2.259,1.281
0.15,2853,-8.412,7.179,-11.054
0.15,2854,0.641,8.206,0.096
0.15,2855,-1.172,8.112,-11.288
0.15,2856,-5.064,-6.257,-10.510
0.15,2857,6.125,-5.085,0.090
0.15,2858,3.182,7.130,0.196
0.15,2859,-6.352,-7.092,-5.454
0.15,2860,-7.299,9.238,-10.090
0.15,2861,0.055,-8.328,0.079
0.15,2862,-1.366,4.296,0.594
0.15,2863,7.839,7.533,-0.069
0.15,2864,-4.390,5.643,0.146
0.15,2865,-2.636,-8.205,7.307
0.15,2866,0.624,-4.505,-10.957
0.15,2867,1.223,6.490,-10.646
0.15,2868,8.620,3.394,-0.129
0.15,2869,-2.519,-7.821,0.094
0.15,2870,1.925,-4.508,-11.183
0.15,2871,-9.069,-9.255,-3.837
0.15,2872,5.897,-0.379,0.687
0.15,2873,3.996,-4.741,-1.152
0.15,2874,-8.084,5.259,-0.953
0.15,2875,7.017,-3.662,0.114
0.15,2876,4.249,-6.965,0.094
0.15,2877,-7.115,3.831,0.103
0.15,2878,-2.614,-2.119,3.595
0.15,2879,-8.011,-2.235,0.098
0.15,2880,-1.560,3.036,-2.555
0.15,2881,6.029,-4.521,-10.656
0.15,2882,-3.566,-5.997,-9.932
0.15,2883,-0.721,8.514,2.270
0.15,2884,-3.241,-2.357,4.640
0.15,2885,3.924,-1.244,1.072
0.15,2886,-8.684,-7.942,9.086
0.15,2887,7.852,5.158,-9.194
0.15,2888,0.774,7.293,0.097
0.15,2889,4.377,-6.855,0.103
0.15,2890,-4.176,-4.647,-4.613
0.15,2891,2.918,3.648,-2.890
0.15,2892,-7.900,4.497,2.492
0.15,2893,-0.670,7.990,0.098
0.15,2894,1.219,8.434,1.694
0.15,2895,-7.937,9.764,-7.174
0.15,2896,8.252,3.996,0.187
0.15,2897,3.860,9.480,5.941
0.15,2898,8.322,1.201,0.614
0.15,2899,-9.051,-4.525,-0.007
0.15,2900,-3.925,-4.640,4.878
0.15,2901,-3.009,7.500,0.108
0.15,2902,0.556,-4.371,6.045
0.15,2903,5.751,-4.793,-8.694
0.15,2904,2.853,-1.314,1.380
0.15,2905,2.178,3.109,1.348
0.15,2906,2.315,-8.225,0.063
0.15,2907,-4.408,-8.373,-10.576
0.15,2908,-0.608,-6.648,-8.805
0.15,2909,-4.033,-6.908,0.099
0.15,2910,-1.709,-0.899,6.513
0.15,2911,-4.174,-2.160,6.776
0.15,2912,2.953,-0.951,3.321
0.15,2913,-1.577,4.653,-3.794
0.15,2914,-9.406,-4.327,0.050
0.15,2915,-6.692,7.801,-0.272
0.15,2916,5.004,-6.335,0.092
0.15,2917,4.976,-1.091,3.771
0.15,2918,-7.425,2.810,-9.660
0.15,2919,-0.570,-1.366,7.366
0.15,2920,0.842,1.139,6.875
0.15,2921,8.201,-9.830,-4.684
0.15,2922,1.216,7.819,0.100
0.15,2923,1.498,3.081,-2.905
0.15,2924,-0.177,-3.141,8.447
0.15,2925,-8.095,0.831,1.983
0.15,2926,2.903,3.395,7.339
0.15,2927,-6.492,3.367,0.469
0.15,2928,-2.708,3.182,5.557
0.15,2929,-3.125,6.731,8.016
0.15,2930,-7.253,9.480,5.550
0.15,2931,-5.367,-0.373,9.925
0.15,2932,-3.239,9.317,5.527
0.15,2933,-4.054,-1.140,1.213
0.15,2934,-7.130,1.782,-9.557
0.15,2935,7.865,1.467,0.096
0.15,2936,-0.391,3.208,-11.046
0.15,2937,-6.029,0.692,5.886
0.15,2938,0.450,-3.582,-3.546
0.15,2939,6.494,-8.385,0.454
0.15,2940,-5.318,8.053,-5.687
0.15,2941,3.591,-7.818,5.620
0.15,2942,8.275,-9.480,-3.768
0.15,2943,8.663,-0.429,6.932
0.15,2944,-1.633,7.522,0.094
0.15,2945,-4.330,-6.466,0.093
0.15,2946,-7.468,8.469,-6.686
0.15,2947,1.271,8.669,4.639
0.15,2948,-4.884,-8.244,-9.829
0.15,2949,2.033,1.425,-3.529
0.15,2950,5.501,6.607,8.132
0.15,2951,-5.932,3.138,-0.392
0.15,2952,-0.804,4.611,-11.007
0.15,2953,4.331,0.898,-8.992
0.15,2954,-5.633,-7.431,4.456
0.15,2955,-1.093,-9.546,6.458
0.15,2956,-9.320,-8.925,-8.834
0.15,2957,-8.048,-3.084,-10.726
0.15,2958,-6.185,5.234,0.343
0.15,2959,-1.957,9.910,7.546
0.15,2960,5.890,3.921,9.528
0.15,2961,-4.138,-6.054,0.078
0.15,2962,4.907,-5.421,0.583
0.15,2963,-6.790,-4.936,5.280
0.15,2964,-0.472,-2.786,6.684
0.15,2965,-7.204,-5.512,7.984
0.15,2966,-6.189,-0.494,-7.237
0.15,2967,5.630,7.425,2.564
0.15,2968,8.834,9.024,-2.983
0.15,2969,1.724,4.965,1.129
0.15,2970,1.921,4.529,-9.722
0.15,2971,-4.789,-6.471,0.092
0.15,2972,-5.894,-5.762,0.084
0.15,2973,6.753,-3.773,0.104
0.15,2974,-2.781,7.021,0.085
0.15,2975,2.452,-2.549,-9.201
0.15,2976,-3.651,-3.074,7.571
0.15,2977,-5.977,6.279,-0.229
0.15,2978,-5.056,-0.835,0.233
0.15,2979,-0.305,-6.548,0.653
0.15,2980,-7.612,-8.694,-5.697
0.15,2981,-7.660,2.595,0.105
0.15,2982,0.947,7.829,-10.516
0.15,2983,-8.631,-0.590,5.323
0.15,2984,0.716,8.148,0.097
0.15,2985,5.355,1.140,5.255
0.15,2986,0.195,4.362,-4.280
0.15,2987,7.574,-8.169,5.258
0.15,2988,-3.591,0.278,0.307
0.15,2989,1.269,-2.975,5.375
0.15,2990,5.395,6.960,5.137
0.15,2991,6.022,5.819,-10.500
0.15,2992,-7.184,-3.583,0.102
0.15,2993,3.849,7.698,-10.627
0.15,2994,-0.315,-9.152,5.923
0.15,2995,-2.108,-2.021,4.795
0.15,2996,-0.298,-8.557,-10.026
0.15,2997,-9.061,1.650,-11.127
0.15,2998,7.768,-2.103,0.099
0.15,2999,8.353,6.045,-10.307
0.40,0,-6.176,-5.073,0.094
0.40,1,6.938,4.027,0.103
0.40,2,6.281,-4.929,0.092
0.40,3,3.370,-0.021,4.964
0.40,4,7.823,7.868,-2.639
0.40,5,8.075,0.720,0.091
0.40,6,9.786,5.108,7.384
0.40,7,7.007,4.849,0.310
0.40,8,1.250,-3.991,-6.286
0.40,9,-6.264,-4.965,0.095
0.40,10,-1.989,7.804,0.105
0.40,11,-6.765,4.201,0.099
0.40,12,-9.598,-9.052,-8.865
0.40,13,1.487,-4.499,-11.111
0.40,14,0.761,-6.237,7.793
0.40,15,-6.127,5.017,0.094
0.40,16,5.006,-6.329,0.092
0.40,17,6.602,4.416,0.098
0.40,18,6.697,4.404,0.098
0.40,19,-8.452,-1.933,0.259
0.40,20,-8.063,-0.616,0.094
0.40,21,6.620,-2.236,2.959
0.40,22,-8.270,7.768,-10.456
0.40,23,2.721,7.371,0.102
0.40,24,-1.790,-7.758,0.097
0.40,25,5.707,-4.115,0.006
0.40,26,-5.175,1.139,-1.254
0.40,27,-3.366,7.543,8.813
0.40,28,6.608,4.968,0.084
0.40,29,-7.871,0.124,0.090
0.40,30,-3.583,-2.409,-1.990
0.40,31,1.936,-3.922,8.155
0.40,32,6.625,4.510,0.097
0.40,33,-3.853,-7.029,0.101
0.40,34,-4.083,-3.283,7.538
0.40,35,7.018,-3.857,0.101
0.40,36,-6.049,-5.227,0.090
0.40,37,3.544,-7.219,0.096
0.40,38,-5.398,-5.899,0.089
0.40,39,0.769,-8.064,0.090
0.40,40,-7.218,3.502,0.102
0.40,41,-6.935,3.984,0.105
0.40,42,-4.490,6.609,0.094
0.40,43,-0.911,8.632,2.855
0.40,44,9.339,-7.233,1.198
0.40,45,4.328,-6.901,0.094
0.40,46,7.681,2.704,0.102
0.40,47,-2.931,-8.864,-11.004
0.40,48,4.308,4.146,-6.610
0.40,49,3.477,7.228,0.104
0.40,50,2.730,-2.963,-8.064
0.40,51,-8.092,-1.212,0.096
0.40,52,-6.697,-4.375,0.097
0.40,53,-7.537,3.458,0.097
0.40,54,-6.569,4.534,0.098
0.40,55,-7.823,2.000,0.098
0.40,56,3.713,5.019,-9.567
0.40,57,-8.470,2.686,3.325
0.40,58,1.216,-3.677,-3.798
0.40,59,7.808,-2.033,0.098
0.40,60,5.078,-9.232,9.485
0.40,61,3.777,0.709,-7.603
0.40,62,-8.051,0.791,0.093
0.40,63,3.227,-4.525,0.452
0.40,64,-5.692,5.576,0.093
0.40,65,2.550,-7.660,0.102
0.40,66,-0.383,8.073,0.098
0.40,67,7.709,8.644,-8.270
0.40,68,1.915,7.856,0.102
0.40,69,-3.438,-6.668,2.559
0.40,70,0.750,-8.013,0.090
0.40,71,-3.243,7.341,0.103
0.40,72,-7.005,-3.894,0.105
0.40,73,-4.132,-6.856,0.097
0.40,74,-9.542,6.523,-10.435
0.40,75,-3.098,-5.921,3.597
0.40,76,-2.598,7.603,0.112
0.40,77,2.564,4.215,-6.307
0.40,78,-3.548,-7.183,0.098
0.40,79,4.525,-6.604,0.092
0.40,80,-7.704,-2.433,0.105
0.40,81,-6.946,0.319,0.277
0.40,82,-1.511,-7.932,0.092
0.40,83,-7.546,2.772,0.106
0.40,84,0.959,-1.323,-1.279
0.40,85,-2.108,3.574,5.379
0.40,86,7.991,-1.253,0.093
0.40,87,3.992,4.395,-4.900
0.40,88,-4.335,-0.277,-1.964
0.40,89,1.177,9.375,3.540
0.40,90,0.884,8.346,0.079
0.40,91,-4.430,-2.799,-4.642
0.40,92,-3.562,0.580,-10.953
0.40,93,6.220,-5.006,0.091
0.40,94,-1.417,-4.852,-4.600
0.40,95,-0.924,3.435,-5.743
0.40,96,3.453,2.262,-10.972
0.40,97,5.307,1.471,-3.846
0.40,98,3.890,-1.846,-3.406
0.40,99,-0.787,6.931,-0.143
0.40,100,-8.813,-7.245,-5.376
0.40,101,7.075,-3.736,0.100
0.40,102,-6.832,4.282,0.100
0.40,103,7.748,2.299,0.101
0.40,104,-7.786,2.109,0.100
0.40,105,2.003,-7.816,0.096
0.40,106,-3.300,7.318,0.103
0.40,107,-6.502,4.639,0.097
0.40,108,6.045,-5.219,0.087
0.40,109,2.151,3.580,-10.886
0.40,110,-3.012,7.442,0.106
0.40,111,2.122,-1.817,1.738
0.40,112,-2.039,3.102,-0.474
0.40,113,-7.314,3.403,0.102
0.40,114,-5.161,-6.104,0.091
0.40,115,-1.771,7.737,2.944
0.40,116,-7.294,7.785,-3.587
0.40,117,-3.094,-2.021,-10.787
0.40,118,6.551,9.684,5.779
0.40,119,-8.761,1.208,0.011
0.40,120,-1.873,-2.720,-7.415
0.40,121,-7.974,-0.773,0.094
0.40,122,-8.016,1.038,0.093
0.40,123,-8.184,-3.241,0.033
0.40,124,8.094,-0.277,0.090
0.40,125,-9.572,4.175,9.477
0.40,126,0.401,2.593,6.121
0.40,127,-5.218,-6.762,3.195
0.40,128,-2.587,5.187,0.177
0.40,129,-7.600,-2.621,0.109
0.40,130,-0.073,-1.489,9.725
0.40,131,-0.051,-8.114,0.090
0.40,132,-5.619,5.649,0.092
0.40,133,-3.681,-6.945,0.099
0.40,134,-7.214,4.277,6.080
0.40,135,-9.505,-9.594,-3.030
0.40,136,4.658,9.248,-6.332
0.40,137,-1.190,-4.097,-3.258
0.40,138,3.251,-7.367,0.098
0.40,139,-8.607,-9.092,-4.558
0.40,140,1.992,7.831,0.103
0.40,141,2.436,4.195,9.367
0.40,142,7.380,-9.746,5.898
0.40,143,-7.587,2.671,0.107
0.40,144,2.841,8.863,-4.123
0.40,145,1.670,7.881,0.101
0.40,146,2.160,4.902,-2.065
0.40,147,-7.592,-2.648,0.109
0.40,148,3.802,-1.318,1.604
0.40,149,9.331,-5.781,-7.640
0.40,150,5.672,-5.614,0.090
0.40,151,6.544,4.621,0.096
0.40,152,7.699,-2.359,0.102
0.40,153,-6.117,5.175,0.092
0.40,154,1.742,4.876,-0.488
0.40,155,8.591,8.608,6.990
0.40,156,-2.233,-3.074,-7.462
0.40,157,6.901,4.084,0.102
0.40,158,-7.110,-3.719,0.103
0.40,159,-1.459,-2.658,-5.136
0.40,160,-3.456,1.378,-2.498
0.40,161,-7.039,-3.095,0.095
0.40,162,-7.394,3.149,0.104
0.40,163,6.922,4.084,0.102
0.40,164,-3.200,-7.953,0.153
0.40,165,1.718,7.898,0.101
0.40,166,3.002,-3.419,-4.629
0.40,167,-3.132,7.339,0.104
0.40,168,3.441,6.992,0.103
0.40,169,6.992,8.096,-9.453
0.40,170,6.971,-7.064,-4.889
0.40,171,0.960,-5.092,-5.471
0.40,172,-8.030,0.916,0.093
0.40,173,-7.558,-0.454,0.099
0.40,174,-3.728,7.096,0.102
0.40,175,-6.439,8.499,-1.206
0.40,176,7.852,1.970,0.098
0.40,177,2.477,-2.358,-10.847
0.40,178,3.258,-9.003,9.590
0.40,179,1.287,7.991,0.098
0.40,180,-5.762,-7.579,-6.684
0.40,181,-4.252,3.500,2.013
0.40,182,-8.033,0.789,0.093
0.40,183,0.283,-8.091,0.090
0.40,184,-7.222,-3.503,0.102
0.40,185,5.388,-5.899,0.086
0.40,186,-0.889,-4.937,-8.671
0.40,187,1.942,7.358,0.127
0.40,188,7.549,-2.802,0.103
0.40,189,7.431,-2.777,0.100
0.40,190,5.210,-1.587,5.007
0.40,191,2.246,-4.276,7.864
0.40,192,1.583,2.815,-7.241
0.40,193,-4.977,9.062,-6.049
0.40,194,1.854,-7.881,0.095
0.40,195,0.470,8.071,0.097
0.40,196,-7.991,1.237,0.094
0.40,197,-4.693,6.461,0.092
0.40,198,5.814,-5.477,0.088
0.40,199,-6.311,-4.905,0.096
0.40,200,-7.939,-0.175,0.092
0.40,201,-7.848,1.869,0.098
0.40,202,-2.762,-1.457,-3.768
0.40,203,6.624,-4.447,0.093
0.40,204,-6.313,-5.223,0.087
0.40,205,3.567,5.946,-0.066
0.40,206,5.798,5.499,0.093
0.40,207,-6.937,-1.780,1.854
0.40,208,-6.801,4.201,0.100
0.40,209,5.083,6.164,0.096
0.40,210,-7.937,1.478,0.095
0.40,211,0.019,-9.146,9.587
0.40,212,-9.169,0.979,7.079
0.40,213,7.281,-3.381,0.098
0.40,214,-9.183,-8.263,5.225
0.40,215,9.542,-2.180,6.028
0.40,216,-1.264,7.976,0.101
0.40,217,-4.343,-6.724,0.095
0.40,218,-2.808,-3.555,0.449
0.40,219,6.632,-8.649,-3.300
0.40,220,6.153,-5.664,0.069
0.40,221,1.231,-7.653,0.090
0.40,222,-7.518,-2.839,0.106
0.40,223,8.091,0.186,0.090
0.40,224,-5.604,-5.693,0.093
0.40,225,-0.172,3.687,-4.115
0.40,226,-4.622,6.540,0.092
0.40,227,8.361,6.294,-1.896
0.40,228,-6.369,-4.704,0.100
0.40,229,-8.078,0.330,0.093
0.40,230,-4.123,6.851,0.097
0.40,231,8.086,-0.483,0.091
0.40,232,-7.393,8.923,3.873
0.40,233,-7.023,3.844,0.106
0.40,234,3.642,0.101,-4.650
0.40,235,6.874,4.011,0.101
0.40,236,-4.832,6.348,0.094
0.40,237,7.463,-2.683,0.100
0.40,238,-9.779,1.155,6.044
0.40,239,2.668,-2.659,0.728
0.40,240,-0.565,-7.802,5.380
0.40,241,-7.842,5.401,2.873
0.40,242,8.091,-0.383,0.090
0.40,243,-7.283,3.206,0.104
0.40,244,1.953,-7.858,0.095
0.40,245,-8.247,-9.778,-1.401
0.40,246,-7.457,-2.987,0.105
0.40,247,-9.020,3.500,4.173
0.40,248,-2.828,7.520,0.108
0.40,249,-1.072,8.076,0.099
0.40,250,-1.383,-4.593,-4.380
0.40,251,-5.115,-6.063,0.092
0.40,252,-3.902,7.327,0.089
0.40,253,0.491,7.739,7.197
0.40,254,1.442,7.943,0.099
0.40,255,-1.749,-9.308,9.453
0.40,256,-8.024,0.786,0.093
0.40,257,-1.160,7.989,0.100
0.40,258,-7.625,-2.600,0.109
0.40,259,2.063,-2.143,2.795
0.40,260,-1.181,-7.995,0.091
0.40,261,-3.039,-2.040,-6.019
0.40,262,8.032,-0.964,0.092
0.40,263,9.045,4.476,-6.106
0.40,264,7.240,3.505,0.101
0.40,265,7.964,-1.396,0.093
0.40,266,-3.289,3.703,-8.934
0.40,267,7.949,-1.472,0.094
0.40,268,-7.933,1.531,0.095
0.40,269,1.273,7.994,0.098
0.40,270,0.686,-8.074,0.090
0.40,271,2.923,7.396,0.105
0.40,272,-5.752,9.046,4.175
0.40,273,5.912,-4.966,0.082
0.40,274,6.125,-5.172,0.088
0.40,275,2.444,-7.736,0.099
0.40,276,9.415,-5.844,8.833
0.40,277,6.830,-4.159,0.095
0.40,278,3.405,-7.336,0.096
0.40,279,6.621,-7.151,-9.097
0.40,280,-5.782,5.328,0.091
0.40,281,-1.066,-6.198,-9.226
0.40,282,-2.903,-9.141,5.340
0.40,283,-6.668,4.406,0.099
0.40,284,3.016,7.455,0.107
0.40,285,-0.530,-8.089,0.090
0.40,286,-0.897,-4.157,7.418
0.40,287,1.177,3.283,-11.172
0.40,288,-0.168,3.418,-4.728
0.40,289,7.762,4.836,0.072
0.40,290,7.654,3.381,3.385
0.40,291,-5.551,5.717,0.092
0.40,292,-8.358,7.192,8.946
0.40,293,5.819,5.013,0.086
0.40,294,5.388,-1.074,-0.409
0.40,295,3.597,-3.078,6.833
0.40,296,-6.277,4.915,0.097
0.40,297,2.809,7.539,0.109
0.40,298,4.644,-6.320,0.091
0.40,299,-6.769,-9.679,-10.803
0.40,300,-7.305,-3.312,0.102
0.40,301,-5.948,-0.700,4.164
0.40,302,0.074,7.714,0.087
0.40,303,-5.938,6.442,3.865
0.40,304,5.062,-2.118,-3.998
0.40,305,-5.408,5.859,0.089
0.40,306,7.174,-3.579,0.098
0.40,307,5.539,-6.219,0.075
0.40,308,7.039,1.397,-0.439
0.40,309,-5.325,-5.975,0.089
0.40,310,0.787,-4.417,-4.289
0.40,311,4.932,-5.916,0.084
0.40,312,-3.200,-7.367,0.099
0.40,313,1.867,-7.871,0.095
0.40,314,5.890,-1.946,0.110
0.40,315,7.974,1.437,0.094
0.40,316,3.591,-7.194,0.097
0.40,317,9.855,2.823,4.355
0.40,318,2.702,-7.600,0.103
0.40,319,-8.699,-5.086,-4.087
0.40,320,-0.547,3.664,-3.776
0.40,321,5.188,3.211,-11.209
0.40,322,-5.739,-5.561,0.092
0.40,323,9.090,7.278,-3.243
0.40,324,-2.518,-4.722,5.062
0.40,325,3.960,7.721,6.586
0.40,326,-7.774,-1.394,0.098
0.40,327,7.100,3.812,0.103
0.40,328,-6.094,-5.191,0.091
0.40,329,-3.858,-6.345,0.067
0.40,330,7.223,-3.491,0.098
0.40,331,-0.828,-7.981,0.090
0.40,332,4.151,1.753,-5.644
0.40,333,-6.488,6.398,-0.338
0.40,334,4.493,-1.363,-7.089
0.40,335,8.101,-0.146,0.090
0.40,336,5.429,-5.860,0.087
0.40,337,0.364,-2.557,3.770
0.40,338,7.012,-3.768,0.102
0.40,339,3.335,5.780,5.627
0.40,340,-6.276,-5.052,3.278
0.40,341,4.097,6.919,0.104
0.40,342,2.641,-6.005,-2.363
0.40,343,5.917,-5.365,0.086
0.40,344,7.387,-9.321,-0.193
0.40,345,-4.414,-6.678,0.095
0.40,346,7.385,4.314,0.061
0.40,347,-4.624,8.329,4.180
0.40,348,3.277,-7.353,0.098
0.40,349,3.335,-0.283,-7.037
0.40,350,6.877,8.856,-9.501
0.40,351,7.812,2.106,0.099
0.40,352,-6.316,4.841,0.099
0.40,353,7.903,-1.667,0.095
0.40,354,4.194,1.597,-4.532
0.40,355,-6.648,0.601,4.648
0.40,356,-3.126,-7.412,0.100
0.40,357,-4.053,6.756,0.095
0.40,358,6.107,5.166,0.093
0.40,359,-3.604,7.191,0.101
0.40,360,-4.154,6.831,0.097
0.40,361,9.380,-3.764,3.821
0.40,362,0.605,-3.217,1.281
0.40,363,-9.276,9.525,-8.421
0.40,364,-0.368,4.392,0.281
0.40,365,3.412,1.980,2.733
0.40,366,-0.041,9.734,9.291
0.40,367,-9.471,6.861,-7.233
0.40,368,-5.382,-5.913,0.089
0.40,369,-7.170,3.590,0.103
0.40,370,-7.779,-2.116,0.102
0.40,371,6.770,6.575,-11.037
0.40,372,7.518,-2.957,0.102
0.40,373,-7.961,-1.334,0.096
0.40,374,-2.869,-7.503,0.101
0.40,375,-7.393,-3.146,0.104
0.40,376,7.602,2.698,0.107
0.40,377,3.025,7.194,0.102
0.40,378,7.251,-7.039,-7.560
0.40,379,8.042,-0.894,0.091
0.40,380,-9.004,8.191,-9.920
0.40,381,-2.683,7.572,0.110
0.40,382,5.405,-5.887,0.087
0.40,383,4.262,-6.786,0.094
0.40,384,7.866,-9.132,-2.102
0.40,385,5.282,-8.654,-9.239
0.40,386,-0.273,3.550,2.436
0.40,387,1.926,-2.811,1.748
0.40,388,-3.105,7.401,0.105
0.40,389,-4.668,-6.498,0.093
0.40,390,2.317,1.928,-1.092
0.40,391,-5.195,6.053,0.089
0.40,392,8.819,9.031,-5.118
0.40,393,-8.647,-1.025,0.038
0.40,394,3.963,-2.207,0.367
0.40,395,0.485,4.262,-8.289
0.40,396,-6.224,5.328,0.089
0.40,397,4.123,6.864,0.102
0.40,398,-7.942,-1.186,0.096
0.40,399,1.148,4.796,0.244
0.40,400,-3.130,7.441,0.106
0.40,401,-4.942,-6.135,0.090
0.40,402,-1.702,3.603,-5.595
0.40,403,6.786,4.268,0.099
0.40,404,-5.927,5.335,0.090
0.40,405,-5.542,-7.456,3.829
0.40,406,7.744,-2.187,0.100
0.40,407,4.932,6.940,0.055
0.40,408,8.286,-6.997,9.800
0.40,409,-8.032,-8.361,-8.625
0.40,410,9.765,-6.881,-3.484
0.40,411,-4.757,6.839,0.079
0.40,412,6.301,-8.191,4.115
0.40,413,5.600,1.235,-4.699
0.40,414,-6.782,-4.409,0.097
0.40,415,0.577,-8.082,0.090
0.40,416,0.083,8.085,0.097
0.40,417,-0.353,-4.561,-5.358
0.40,418,-3.717,-2.200,-5.990
0.40,419,-0.814,-6.222,4.500
0.40,420,-5.747,-5.553,0.092
0.40,421,-1.082,8.004,0.100
0.40,422,-3.511,7.208,0.101
0.40,423,5.853,5.200,0.093
0.40,424,6.442,9.307,-2.215
0.40,425,-7.930,1.487,0.095
0.40,426,9.633,9.550,-9.103
0.40,427,-3.679,7.114,0.102
0.40,428,8.036,-0.944,0.092
0.40,429,0.877,3.702,-8.190
0.40,430,7.763,-2.167,0.100
0.40,431,1.669,-3.123,-10.634
0.40,432,-9.087,-6.112,-2.221
0.40,433,3.892,5.841,2.978
0.40,434,-7.908,1.646,0.096
0.40,435,6.767,4.294,0.098
0.40,436,-6.174,-5.239,0.089
0.40,437,-6.377,-4.831,0.096
0.40,438,-7.902,-9.167,4.627
0.40,439,-5.183,6.167,0.089
0.40,440,7.554,2.812,0.105
0.40,441,-6.271,4.935,0.096
0.40,442,-6.134,-5.126,0.093
0.40,443,8.060,0.756,0.091
0.40,444,8.523,-0.504,0.055
0.40,445,-2.842,7.508,0.107
0.40,446,-1.052,-8.013,0.091
0.40,447,-1.748,-7.624,0.174
0.40,448,-7.487,2.921,0.104
0.40,449,-6.141,-5.116,0.093
0.40,450,-1.576,-8.495,3.227
0.40,451,-0.148,-8.208,0.090
0.40,452,-4.156,-7.260,0.118
0.40,453,-5.150,8.875,-9.956
0.40,454,1.583,-7.859,0.214
0.40,455,-1.700,-4.176,-4.093
0.40,456,-4.316,6.286,9.395
0.40,457,7.858,1.956,0.098
0.40,458,-2.356,5.408,-6.719
0.40,459,-6.325,7.457,4.828
0.40,460,8.144,1.071,0.091
0.40,461,-1.101,2.612,-3.116
0.40,462,-2.415,-7.686,0.101
0.40,463,7.130,-3.733,0.098
0.40,464,-1.731,-8.546,0.034
0.40,465,-6.632,-5.780,-0.069
0.40,466,-8.038,-0.645,0.094
0.40,467,-1.535,7.918,0.102
0.40,468,-7.751,2.227,0.101
0.40,469,6.052,8.475,4.744
0.40,470,-9.092,-6.597,-7.092
0.40,471,3.138,2.951,-1.223
0.40,472,2.061,-7.804,0.097
0.40,473,-5.657,-5.635,0.093
0.40,474,-8.078,0.326,0.093
0.40,475,-3.515,-9.609,7.642
0.40,476,-1.525,-7.930,0.092
0.40,477,6.414,4.779,0.097
0.40,478,-1.903,2.182,-3.965
0.40,479,5.162,6.099,0.094
0.40,480,-5.006,6.210,0.092
0.40,481,-6.973,3.926,0.106
0.40,482,1.210,-7.358,0.112
0.40,483,4.818,6.327,0.098
0.40,484,-3.967,-6.957,0.101
0.40,485,-2.080,7.618,4.023
0.40,486,5.634,5.542,0.102
0.40,487,6.380,4.829,0.097
0.40,488,-5.846,-9.129,-2.519
0.40,489,-4.005,-1.877,6.746
0.40,490,7.880,-1.754,0.096
0.40,491,-8.236,6.382,-7.958
0.40,492,-5.237,5.970,0.088
0.40,493,3.852,7.106,0.104
0.40,494,8.104,0.108,0.090
0.40,495,1.995,-3.181,-8.560
0.40,496,-7.264,-3.419,0.102
0.40,497,-1.174,8.233,0.094
0.40,498,8.969,-8.568,-4.829
0.40,499,-4.370,6.721,0.095
0.40,500,-7.692,-6.058,-8.758
0.40,501,5.520,5.775,0.094
0.40,502,3.624,-7.183,0.097
0.40,503,-7.511,-3.234,0.104
0.40,504,-5.346,5.602,0.084
0.40,505,7.349,5.005,6.310
0.40,506,2.268,9.162,0.166
0.40,507,5.242,0.552,4.172
0.40,508,-5.103,0.735,-1.901
0.40,509,-7.592,1.572,0.093
0.40,510,-3.197,-7.262,0.099
0.40,511,-6.607,-8.349,-6.408
0.40,512,-2.040,7.855,0.103
0.40,513,-7.446,-2.984,0.109
0.40,514,5.305,5.976,0.091
0.40,515,-1.772,-3.459,-0.769
0.40,516,0.678,-7.793,2.291
0.40,517,0.226,-8.094,0.090
0.40,518,-7.026,-6.181,6.784
0.40,519,2.008,-7.852,0.095
0.40,520,-6.741,4.224,0.099
0.40,521,-1.450,3.923,-3.823
0.40,522,-4.270,1.144,-1.132
0.40,523,7.146,3.667,0.102
0.40,524,3.343,-4.745,-7.495
0.40,525,-8.066,-0.495,0.094
0.40,526,-6.934,-4.008,0.103
0.40,527,5.292,5.987,0.092
0.40,528,7.986,1.094,0.093
0.40,529,5.151,9.341,4.559
0.40,530,-3.657,-7.139,0.099
0.40,531,-6.991,-2.586,7.687
0.40,532,9.950,3.257,4.996
0.40,533,3.596,-7.173,0.097
0.40,534,2.011,-5.970,5.844
0.40,535,1.517,7.939,0.099
0.40,536,-3.552,1.636,-10.670
0.40,537,5.551,0.808,-5.232
0.40,538,-7.826,1.933,0.098
0.40,539,2.403,6.341,6.409
0.40,540,4.747,6.896,0.078
0.40,541,2.966,-6.006,-0.193
0.40,542,-0.868,8.003,0.099
0.40,543,-7.313,-1.247,3.054
0.40,544,-7.142,-3.657,0.103
0.40,545,-7.873,1.802,0.097
0.40,546,8.412,8.288,-2.833
0.40,547,3.710,-7.130,0.098
0.40,548,1.268,-3.627,-3.654
0.40,549,-6.996,3.890,0.106
0.40,550,3.495,-7.137,0.098
0.40,551,-1.354,7.957,0.101
0.40,552,6.061,-9.131,-1.804
0.40,553,-3.721,-7.407,0.094
0.40,554,5.987,5.480,0.088
0.40,555,-7.774,2.156,0.100
0.40,556,-0.838,-8.041,0.090
0.40,557,4.171,-6.144,0.060
0.40,558,2.628,7.612,0.112
0.40,559,2.013,7.955,0.104
0.40,560,0.917,8.017,0.097
0.40,561,-3.199,4.728,-8.045
0.40,562,6.703,-4.361,0.093
0.40,563,-6.534,-4.617,0.095
0.40,564,0.843,-8.070,0.091
0.40,565,1.839,-4.256,-2.453
0.40,566,-6.094,-5.174,0.091
0.40,567,-3.080,-7.537,0.101
0.40,568,4.640,-6.525,0.091
0.40,569,-3.893,-0.090,-6.218
0.40,570,-7.857,-1.843,0.100
0.40,571,5.785,-5.571,0.088
0.40,572,6.590,4.561,0.096
0.40,573,5.874,5.435,0.091
0.40,574,2.214,-7.773,0.097
0.40,575,0.918,-2.196,9.687
0.40,576,-6.549,4.601,0.097
0.40,577,-8.105,-6.426,7.552
0.40,578,-2.269,7.653,0.110
0.40,579,8.092,-0.336,0.090
0.40,580,7.791,-1.966,0.099
0.40,581,-4.329,-3.437,-6.404
0.40,582,-4.992,-6.341,0.095
0.40,583,5.811,5.486,0.093
0.40,584,4.682,-3.818,1.653
0.40,585,3.373,-7.280,0.097
0.40,586,-3.395,-7.274,0.098
0.40,587,-4.862,-1.205,6.833
0.40,588,-0.697,-8.060,0.090
0.40,589,3.995,-0.151,-10.699
0.40,590,5.011,5.091,-0.133
0.40,591,5.769,-5.519,0.089
0.40,592,-5.880,5.331,0.270
0.40,593,0.459,-3.479,6.843
0.40,594,-0.403,8.071,0.098
0.40,595,2.756,3.840,0.608
0.40,596,3.445,9.101,-9.732
0.40,597,-10.053,-6.145,6.832
0.40,598,-7.585,-7.937,-4.357
0.40,599,-8.617,-9.521,-8.699
0.40,600,-8.585,4.765,-2.909
0.40,601,3.756,-7.125,0.098
0.40,602,-7.949,-0.349,0.093
0.40,603,7.525,2.693,0.106
0.40,604,-6.904,-4.001,0.102
0.40,605,7.903,2.119,0.095
0.40,606,-3.384,-9.197,-5.385
0.40,607,5.773,8.725,-6.643
0.40,608,1.312,7.895,0.100
0.40,609,-7.500,-2.882,0.105
0.40,610,-6.167,-0.634,-9.983
0.40,611,5.353,6.505,0.066
0.40,612,6.392,-8.725,9.476
0.40,613,-2.211,-3.606,5.522
0.40,614,8.093,0.431,0.090
0.40,615,-3.030,7.432,0.105
0.40,616,-8.778,9.795,7.403
0.40,617,6.656,4.267,0.098
0.40,618,-8.064,0.654,0.093
0.40,619,2.333,-2.265,-11.330
0.40,620,6.204,-8.189,8.266
0.40,621,3.628,3.719,-6.723
0.40,622,-7.978,-1.280,0.096
0.40,623,-5.507,-6.717,-0.027
0.40,624,0.838,6.068,10.022
0.40,625,1.384,-3.432,-10.676
0.40,626,5.137,2.661,-8.193
0.40,627,7.390,-3.137,0.101
0.40,628,-3.638,1.184,-0.764
0.40,629,-5.768,-7.569,-11.081
0.40,630,-3.199,-5.569,-10.494
0.40,631,4.991,6.474,0.091
0.40,632,-4.679,6.472,0.092
0.40,633,-7.657,-2.484,0.108
0.40,634,-6.135,-5.110,0.093
0.40,635,-6.214,-5.005,0.094
0.40,636,-3.421,-7.325,0.097
0.40,637,3.097,7.453,0.107
0.40,638,1.743,2.339,6.591
0.40,639,-7.131,3.662,0.104
0.40,640,-4.175,-9.163,-0.345
0.40,641,-4.710,-2.146,9.159
0.40,642,4.412,6.683,0.100
0.40,643,-2.923,2.115,3.553
0.40,644,-5.499,5.740,0.091
0.40,645,4.631,3.323,-8.119
0.40,646,-7.517,-5.176,-0.727
0.40,647,7.403,3.121,0.103
0.40,648,-5.598,-4.351,-0.085
0.40,649,5.148,-2.576,-5.204
0.40,650,9.119,5.813,4.352
0.40,651,7.007,3.750,0.106
0.40,652,-3.494,7.159,0.102
0.40,653,7.102,7.661,8.016
0.40,654,5.599,1.097,0.105
0.40,655,7.378,-3.169,0.101
0.40,656,1.936,-7.862,0.095
0.40,657,-8.028,-0.896,0.095
0.40,658,0.705,-8.059,0.090
0.40,659,-2.536,-4.216,-3.374
0.40,660,7.024,-3.847,0.101
0.40,661,-7.858,1.987,0.097
0.40,662,1.586,4.119,-4.257
0.40,663,8.744,-9.129,-4.196
0.40,664,7.944,1.576,0.094
0.40,665,3.126,-9.040,4.727
0.40,666,3.032,0.118,-3.131
0.40,667,-4.988,8.114,-10.905
0.40,668,7.278,1.911,3.790
0.40,669,-7.653,1.000,0.089
0.40,670,-3.188,-5.250,7.339
0.40,671,4.758,2.764,-0.091
0.40,672,1.944,-7.989,0.092
0.40,673,-6.804,-4.191,0.098
0.40,674,4.864,6.436,0.095
0.40,675,2.427,3.553,-6.091
0.40,676,7.955,0.242,0.090
0.40,677,6.517,-4.629,0.091
0.40,678,6.654,1.140,4.610
0.40,679,5.748,9.469,-8.875
0.40,680,-3.532,1.058,-4.440
0.40,681,-1.238,-4.736,-4.055
0.40,682,-2.709,7.560,0.110
0.40,683,3.762,0.982,0.958
0.40,684,6.284,-4.923,0.092
0.40,685,-7.993,-1.172,0.096
0.40,686,7.467,3.109,0.104
0.40,687,4.528,6.593,0.098
0.40,688,-3.511,1.706,-2.601
0.40,689,-5.610,-1.085,-6.330
0.40,690,-2.281,-2.885,-2.815
0.40,691,-4.737,2.980,-2.479
0.40,692,-7.670,-2.439,0.107
0.40,693,5.028,6.208,0.097
0.40,694,-0.022,-2.469,3.084
0.40,695,5.593,-8.028,-0.745
0.40,696,-8.067,-0.499,0.094
0.40,697,4.937,-1.366,0.412
0.40,698,9.088,8.174,-11.284
0.40,699,-6.165,-5.215,0.090
0.40,700,-9.240,7.503,9.943
0.40,701,4.676,-6.498,0.091
0.40,702,-5.328,5.937,0.088
0.40,703,-9.280,7.822,9.996
0.40,704,-3.629,-6.839,0.091
0.40,705,4.402,6.685,0.100
0.40,706,1.292,3.024,-1.122
0.40,707,7.412,3.052,0.103
0.40,708,7.866,-1.820,0.097
0.40,709,-6.955,4.047,0.105
0.40,710,-5.874,5.434,0.091
0.40,711,1.604,7.924,0.100
0.40,712,-0.320,-8.069,0.090
0.40,713,-8.213,-8.704,-10.590
0.40,714,6.806,-4.196,0.094
0.40,715,-3.971,-6.955,0.101
0.40,716,-7.780,2.159,0.100
0.40,717,-2.146,5.830,3.837
0.40,718,-4.589,-6.710,0.091
0.40,719,2.534,-7.669,0.102
0.40,720,0.848,8.044,0.097
0.40,721,-2.129,-3.679,0.553
0.40,722,9.031,7.300,-3.315
0.40,723,3.585,-2.656,-5.336
0.40,724,4.637,-8.396,6.649
0.40,725,0.392,4.266,-5.299
0.40,726,1.114,3.684,-6.810
0.40,727,0.926,-8.045,0.091
0.40,728,-9.042,-5.196,5.642
0.40,729,-3.171,1.359,9.310
0.40,730,-3.759,7.076,0.102
0.40,731,-7.044,-3.831,0.105
0.40,732,1.923,5.490,0.656
0.40,733,1.803,2.513,-3.040
0.40,734,1.482,7.950,0.099
0.40,735,6.661,-4.425,0.093
0.40,736,-1.058,7.523,-0.005
0.40,737,8.078,-0.572,0.091
0.40,738,-1.470,-7.941,0.092
0.40,739,-6.923,-6.274,7.052
0.40,740,-6.593,4.534,0.097
0.40,741,-2.211,-7.748,0.098
0.40,742,6.414,-4.766,0.091
0.40,743,0.631,-8.452,0.597
0.40,744,0.018,2.747,9.320
0.40,745,3.521,0.394,-10.882
0.40,746,8.514,8.706,-11.067
0.40,747,2.085,-8.453,3.131
0.40,748,4.410,-6.482,0.092
0.40,749,3.026,-7.228,0.095
0.40,750,-8.305,-5.863,4.167
0.40,751,-9.943,-9.445,3.742
0.40,752,-0.448,-8.077,0.090
0.40,753,7.338,-3.252,0.099
0.40,754,-1.820,-6.879,6.672
0.40,755,5.107,-6.274,0.090
0.40,756,3.457,-7.263,0.096
0.40,757,3.498,1.917,-5.409
0.40,758,3.837,7.040,0.107
0.40,759,-7.307,3.416,0.102
0.40,760,7.502,3.258,0.110
0.40,761,7.177,-3.614,0.098
0.40,762,7.859,1.951,0.098
0.40,763,-6.471,9.561,-3.547
0.40,764,-7.477,-2.406,0.100
0.40,765,5.187,-6.083,0.088
0.40,766,6.053,-9.312,5.604
0.40,767,-3.406,1.222,-3.300
0.40,768,-4.002,-0.348,-4.282
0.40,769,5.394,5.996,0.098
0.40,770,-8.323,-9.050,-3.956
0.40,771,7.767,2.246,0.101
0.40,772,-5.766,-5.629,0.091
0.40,773,-7.503,-3.042,0.106
0.40,774,-6.083,-5.187,0.091
0.40,775,2.355,-0.939,5.788
0.40,776,4.707,5.671,6.353
0.40,777,-5.728,-5.569,0.093
0.40,778,-0.997,3.491,-3.333
0.40,779,6.228,4.982,0.096
0.40,780,9.260,7.239,-1.751
0.40,781,9.512,-1.272,2.217
0.40,782,6.896,-4.052,0.097
0.40,783,5.504,4.823,8.034
0.40,784,1.504,7.947,0.099
0.40,785,-1.830,2.584,6.525
0.40,786,-2.664,-7.563,0.102
0.40,787,-5.261,5.992,0.088
0.40,788,6.191,-5.039,0.091
0.40,789,-6.304,-2.442,2.256
0.40,790,4.935,-0.879,-4.724
0.40,791,1.755,-7.904,0.094
0.40,792,8.120,3.584,0.163
0.40,793,-7.717,-2.292,0.105
0.40,794,-8.072,0.410,0.093
0.40,795,-3.490,-7.758,0.081
0.40,796,5.542,5.759,0.094
0.40,797,-7.137,-3.622,0.104
0.40,798,-3.262,-6.411,9.958
0.40,799,-2.221,2.160,-4.805
0.40,800,-1.522,-3.774,-10.702
0.40,801,-4.267,-6.719,0.095
0.40,802,7.559,-8.520,2.963
0.40,803,2.349,-7.730,0.099
0.40,804,-8.748,-5.538,-9.519
0.40,805,-2.351,-7.675,0.101
0.40,806,4.287,-3.062,-10.491
0.40,807,-5.004,-7.921,-11.261
0.40,808,2.836,7.495,0.108
0.40,809,-6.176,-5.061,0.094
0.40,810,6.705,5.422,3.421
0.40,811,6.585,6.380,8.548
0.40,812,0.506,8.189,3.076
0.40,813,4.421,6.510,7.948
0.40,814,7.985,-1.269,0.093
0.40,815,3.380,-7.307,0.097
0.40,816,6.836,4.206,0.100
0.40,817,-4.173,-6.830,0.096
0.40,818,4.265,-6.597,0.091
0.40,819,-0.636,4.258,-11.258
0.40,820,-9.426,-8.426,3.609
0.40,821,-6.889,4.130,0.102
0.40,822,-6.356,4.822,0.098
0.40,823,-3.389,7.545,0.098
0.40,824,2.440,-7.973,0.086
0.40,825,4.704,7.924,2.859
0.40,826,1.322,-3.540,6.310
0.40,827,-0.434,-3.971,-6.884
0.40,828,-4.431,6.607,0.094
0.40,829,8.135,-7.335,-7.369
0.40,830,3.294,-2.137,-0.109
0.40,831,2.196,7.768,0.105
0.40,832,7.254,3.473,0.101
0.40,833,-8.066,-0.447,0.094
0.40,834,-5.051,1.349,-10.470
0.40,835,2.015,7.826,0.103
0.40,836,8.029,1.096,0.092
0.40,837,-7.495,3.156,0.105
0.40,838,8.937,8.158,3.710
0.40,839,4.774,6.412,0.097
0.40,840,2.902,-7.515,0.100
0.40,841,-1.808,7.857,0.104
0.40,842,3.092,5.109,-4.889
0.40,843,3.199,2.319,2.018
0.40,844,5.011,6.460,0.091
0.40,845,7.472,0.785,0.099
0.40,846,7.884,1.865,0.097
0.40,847,5.721,5.576,0.095
0.40,848,7.013,3.897,0.105
0.40,849,2.918,-2.405,-3.176
0.40,850,0.796,2.946,6.535
0.40,851,0.855,4.256,1.298
0.40,852,3.320,7.329,0.105
0.40,853,5.955,-5.496,0.084
0.40,854,-8.052,-0.712,0.094
0.40,855,2.832,-7.544,0.101
0.40,856,-5.809,-7.776,-5.149
0.40,857,-6.860,-3.689,0.106
0.40,858,2.942,8.386,-0.206
0.40,859,9.693,3.145,1.167
0.40,860,8.777,-0.746,0.018
0.40,861,-7.519,-2.832,0.106
0.40,862,1.550,5.857,3.844
0.40,863,-6.845,-4.154,0.099
0.40,864,-9.620,-8.112,-4.065
0.40,865,-6.123,5.266,0.090
0.40,866,2.257,-9.705,4.245
0.40,867,-3.222,-7.358,0.099
0.40,868,6.630,-4.464,0.093
0.40,869,-4.666,6.491,0.092
0.40,870,2.700,-1.755,2.865
0.40,871,6.374,-3.556,6.427
0.40,872,-2.721,7.582,0.188
0.40,873,-7.737,2.283,0.102
0.40,874,4.632,-9.238,-11.042
0.40,875,1.769,2.436,-2.199
0.40,876,-3.786,1.381,-11.369
0.40,877,-0.883,3.864,-11.362
0.40,878,7.957,9.531,-9.818
0.40,879,5.656,5.640,0.095
0.40,880,-5.179,6.028,0.089
0.40,881,7.500,2.942,0.104
0.40,882,-8.344,1.606,0.107
0.40,883,6.720,-4.318,0.093
0.40,884,3.570,7.299,0.102
0.40,885,0.569,7.829,0.095
0.40,886,-9.445,3.889,-1.435
0.40,887,1.461,5.671,-0.060
0.40,888,-8.127,-1.762,0.092
0.40,889,2.105,7.810,0.103
0.40,890,-2.881,-7.501,0.101
0.40,891,-7.788,6.940,4.772
0.40,892,0.966,-8.041,0.092
0.40,893,-7.894,-1.670,0.098
0.40,894,4.922,-8.702,4.305
0.40,895,-6.915,4.021,0.104
0.40,896,7.889,1.835,0.097
0.40,897,-0.849,-3.723,-7.582
0.40,898,5.034,6.084,0.094
0.40,899,-7.668,0.915,0.089
0.40,900,3.344,1.693,-8.101
0.40,901,3.832,7.046,0.107
0.40,902,7.479,-9.548,0.853
0.40,903,1.677,-7.921,0.093
0.40,904,3.944,-3.515,-8.892
0.40,905,3.428,-7.279,0.096
0.40,906,6.954,-3.971,0.100
0.40,907,3.475,-7.251,0.096
0.40,908,7.576,-2.679,0.105
0.40,909,3.774,-7.094,0.099
0.40,910,7.618,-2.605,0.106
0.40,911,-2.869,7.511,0.107
0.40,912,-2.167,3.132,-1.090
0.40,913,3.489,2.358,5.180
0.40,914,1.777,-0.404,6.681
0.40,915,7.750,2.131,0.102
0.40,916,-5.895,5.369,0.090
0.40,917,6.402,4.136,0.022
0.40,918,0.992,-5.066,-6.687
0.40,919,0.849,0.501,0.916
0.40,920,7.765,2.254,0.101
0.40,921,3.987,-1.882,-11.081
0.40,922,-8.473,1.558,3.556
0.40,923,2.917,4.880,-7.314
0.40,924,-6.291,-4.933,0.095
0.40,925,3.412,-2.655,3.535
0.40,926,7.569,-2.772,0.104
0.40,927,2.105,-2.761,-3.545
0.40,928,-6.841,-4.158,0.099
0.40,929,7.976,-1.339,0.093
0.40,930,-8.809,9.535,-8.857
0.40,931,-6.832,-4.130,0.099
0.40,932,6.408,4.737,0.097
0.40,933,7.456,-2.978,0.101
0.40,934,-0.093,-4.978,5.828
0.40,935,6.415,5.057,0.092
0.40,936,-7.325,3.292,0.103
0.40,937,-2.628,2.425,-3.140
0.40,938,2.741,-4.260,7.929
0.40,939,3.371,-1.261,-4.741
0.40,940,7.552,3.060,0.104
0.40,941,7.243,9.558,-9.135
0.40,942,-4.351,6.547,0.093
0.40,943,-6.153,-9.357,-7.202
0.40,944,2.536,-2.719,-9.163
0.40,945,-7.877,1.852,0.097
0.40,946,0.046,-2.940,3.351
0.40,947,-7.861,1.862,0.097
0.40,948,3.701,-0.558,-7.205
0.40,949,-7.066,3.561,0.104
0.40,950,0.668,-4.030,4.741
0.40,951,-3.780,0.165,-3.739
0.40,952,3.524,0.968,-3.705
0.40,953,3.862,7.027,0.107
0.40,954,7.609,-2.505,0.106
0.40,955,-7.620,-2.579,0.109
0.40,956,3.919,-1.746,-4.936
0.40,957,-4.727,-1.200,4.582
0.40,958,-7.828,1.091,0.106
0.40,959,-0.443,3.682,-0.763
0.40,960,-8.070,-0.531,0.094
0.40,961,-3.389,2.275,0.717
0.40,962,2.242,7.752,0.105
0.40,963,0.577,8.116,0.097
0.40,964,7.447,-8.163,-10.057
0.40,965,-3.416,-1.179,-3.682
0.40,966,8.098,-0.219,0.090
0.40,967,6.237,-6.325,7.907
0.40,968,3.861,-7.041,0.099
0.40,969,-6.817,4.148,0.100
0.40,970,7.941,1.597,0.095
0.40,971,8.540,-9.567,-2.253
0.40,972,7.970,-8.375,-4.156
0.40,973,3.378,-2.841,-4.505
0.40,974,3.478,5.350,3.019
0.40,975,-6.816,-9.360,-6.650
0.40,976,6.723,4.409,0.101
0.40,977,5.155,6.100,0.094
0.40,978,-1.226,-7.981,0.091
0.40,979,-8.084,-0.160,0.093
0.40,980,-6.495,9.399,-4.521
0.40,981,-0.687,8.360,4.615
0.40,982,-6.502,-4.669,0.094
0.40,983,6.688,-4.381,0.093
0.40,984,6.963,6.339,1.835
0.40,985,2.617,-7.620,0.104
0.40,986,-0.125,-6.630,8.436
0.40,987,8.710,6.970,-6.443
0.40,988,9.198,-8.641,6.625
0.40,989,-7.922,-2.466,0.093
0.40,990,-9.884,-9.691,2.079
0.40,991,-6.955,3.951,0.106
0.40,992,-7.134,-3.670,0.103
0.40,993,-5.602,5.494,0.088
0.40,994,-1.663,-2.353,5.326
0.40,995,-0.367,8.346,9.987
0.40,996,1.333,-5.500,-7.807
0.40,997,-9.067,4.022,-3.259
0.40,998,-0.653,5.598,-0.655
0.40,999,7.957,1.604,0.094
0.40,1000,9.535,-8.153,-9.729
0.40,1001,5.976,5.315,0.091
0.40,1002,-9.223,9.243,0.935
0.40,1003,-3.393,-1.899,-6.342
0.40,1004,2.121,7.735,0.106
0.40,1005,4.040,6.839,0.102
0.40,1006,8.168,0.388,0.090
0.40,1007,-0.270,-8.127,0.090
0.40,1008,-5.362,3.896,-0.703
0.40,1009,-3.637,-1.773,-10.949
0.40,1010,7.839,-1.495,0.096
0.40,1011,-2.131,-7.363,0.111
0.40,1012,8.053,-0.813,0.091
0.40,1013,5.840,4.447,-0.114
0.40,1014,1.287,8.501,0.058
0.40,1015,-7.535,-2.772,0.106
0.40,1016,-4.080,-6.888,0.098
0.40,1017,-0.959,8.235,1.948
0.40,1018,-6.533,4.568,0.097
0.40,1019,9.779,8.140,3.558
0.40,1020,8.005,1.286,0.093
0.40,1021,1.966,2.497,4.353
0.40,1022,7.877,-1.781,0.096
0.40,1023,-8.083,0.240,0.093
0.40,1024,6.239,5.002,0.096
0.40,1025,-3.529,3.144,-5.224
0.40,1026,-7.136,3.699,0.104
0.40,1027,-3.408,-6.572,-0.076
0.40,1028,5.368,-5.893,0.087
0.40,1029,-4.416,-6.676,0.096
0.40,1030,-7.922,1.580,0.095
0.40,1031,-3.287,1.727,-2.831
0.40,1032,1.589,5.030,0.599
0.40,1033,-4.664,6.580,0.090
0.40,1034,7.449,3.067,0.104
0.40,1035,-5.996,5.274,0.090
0.40,1036,-3.631,9.899,9.170
0.40,1037,-1.971,5.816,-4.983
0.40,1038,-4.644,-2.509,6.353
0.40,1039,4.365,-7.156,0.077
0.40,1040,-2.823,-5.574,-0.738
0.40,1041,9.762,-3.797,7.834
0.40,1042,4.594,6.550,0.097
0.40,1043,7.568,-2.702,0.104
0.40,1044,1.799,7.889,0.101
0.40,1045,3.458,-7.264,0.096
0.40,1046,1.965,-7.853,0.095
0.40,1047,-4.892,-0.009,-4.466
0.40,1048,0.190,8.186,0.097
0.40,1049,2.205,7.766,0.105
0.40,1050,-8.766,5.484,-0.974
0.40,1051,5.401,5.893,0.091
0.40,1052,-8.327,-1.550,9.266
0.40,1053,-8.449,-0.190,0.066
0.40,1054,2.994,8.348,0.439
0.40,1055,3.778,4.475,7.736
0.40,1056,-4.185,0.017,6.991
0.40,1057,-1.855,7.841,0.104
0.40,1058,3.705,7.138,0.105
0.40,1059,-2.587,-3.469,-3.125
0.40,1060,-2.797,-7.051,0.084
0.40,1061,-7.018,3.838,0.107
0.40,1062,5.059,1.916,-10.925
0.40,1063,6.303,-4.898,0.092
0.40,1064,1.085,-8.078,0.091
0.40,1065,6.898,4.088,0.101
0.40,1066,9.537,5.729,-8.252
0.40,1067,4.419,5.990,0.060
0.40,1068,1.835,-7.890,0.094
0.40,1069,4.210,-7.011,2.986
0.40,1070,5.440,5.855,0.092
0.40,1071,-6.939,-4.072,0.103
0.40,1072,2.300,-7.746,0.098
0.40,1073,-8.071,0.473,0.093
0.40,1074,3.801,7.067,0.107
0.40,1075,7.300,3.388,0.101
0.40,1076,3.551,2.912,0.966
0.40,1077,-7.624,9.450,-9.176
0.40,1078,6.342,-4.966,0.092
0.40,1079,4.902,-6.315,0.092
0.40,1080,-1.899,-4.431,-3.134
0.40,1081,3.366,-0.730,5.447
0.40,1082,-4.725,8.513,4.095
0.40,1083,-9.261,-6.757,-11.138
0.40,1084,0.350,8.080,0.097
0.40,1085,3.916,6.991,0.107
0.40,1086,-2.916,-7.446,0.099
0.40,1087,5.177,3.928,-3.673
0.40,1088,7.237,3.503,0.101
0.40,1089,-8.902,5.032,2.934
0.40,1090,7.205,2.973,0.107
0.40,1091,0.154,-6.711,0.461
0.40,1092,-4.074,-6.982,0.099
0.40,1093,2.717,-8.925,0.730
0.40,1094,6.326,-4.984,0.092
0.40,1095,-4.734,6.429,0.092
0.40,1096,4.673,-6.503,0.091
0.40,1097,-8.150,2.868,6.365
0.40,1098,1.479,-7.962,0.092
0.40,1099,-1.200,-6.409,-0.440
0.40,1100,7.475,3.018,0.104
0.40,1101,2.170,8.263,0.139
0.40,1102,0.668,-8.075,0.090
0.40,1103,5.334,-7.024,7.689
0.40,1104,7.988,0.265,0.090
0.40,1105,-2.918,4.451,0.646
0.40,1106,-5.951,1.624,6.305
0.40,1107,-0.369,8.074,0.097
0.40,1108,0.922,7.940,0.101
0.40,1109,-7.438,-3.205,0.104
0.40,1110,-3.221,7.353,0.104
0.40,1111,6.981,-3.913,0.101
0.40,1112,3.675,7.135,0.105
0.40,1113,-0.361,-3.709,-8.283
0.40,1114,-2.740,-3.727,-2.962
0.40,1115,1.469,-7.963,0.092
0.40,1116,-7.678,0.930,9.917
0.40,1117,-3.630,-2.530,-6.986
0.40,1118,4.922,6.292,0.098
0.40,1119,-4.227,6.553,0.091
0.40,1120,-3.265,-7.328,0.099
0.40,1121,4.822,-6.378,0.092
0.40,1122,-1.642,-4.312,-3.071
0.40,1123,1.607,3.673,-3.858
0.40,1124,1.050,8.021,0.098
0.40,1125,-4.372,-6.744,0.095
0.40,1126,-4.653,6.721,7.159
0.40,1127,-0.709,-3.007,-2.279
0.40,1128,-4.091,3.068,-4.793
0.40,1129,8.046,-0.199,0.090
0.40,1130,4.184,-2.141,5.767
0.40,1131,-6.397,4.800,0.097
0.40,1132,1.076,8.018,0.098
0.40,1133,-4.655,6.828,0.081
0.40,1134,8.735,6.590,-3.187
0.40,1135,4.902,-6.889,3.607
0.40,1136,6.862,4.147,0.100
0.40,1137,8.448,-7.375,-0.358
0.40,1138,-5.864,4.698,0.250
0.40,1139,4.082,6.887,0.103
0.40,1140,-5.440,-5.859,0.089
0.40,1141,-1.884,-7.799,0.096
0.40,1142,-0.282,8.076,0.097
0.40,1143,4.347,1.918,8.716
0.40,1144,1.577,7.930,0.100
0.40,1145,-3.323,7.304,0.102
0.40,1146,-4.640,-6.518,0.093
0.40,1147,3.799,8.162,6.659
0.40,1148,4.522,6.583,0.098
0.40,1149,1.257,4.636,0.604
0.40,1150,7.441,7.245,-5.958
0.40,1151,0.488,8.077,0.097
0.40,1152,6.126,-5.119,0.089
0.40,1153,1.998,7.927,0.099
0.40,1154,-7.261,-3.425,0.102
0.40,1155,-8.137,4.225,-0.294
0.40,1156,0.672,8.066,0.097
0.40,1157,4.506,-9.233,-0.041
0.40,1158,-2.138,8.327,0.140
0.40,1159,5.354,1.444,-4.987
0.40,1160,-7.285,-3.377,0.102
0.40,1161,-2.616,-7.604,0.104
0.40,1162,5.227,-6.046,0.087
0.40,1163,3.885,4.860,-1.221
0.40,1164,8.120,-0.211,0.090
0.40,1165,-4.732,-3.346,-5.088
0.40,1166,-1.609,6.432,4.057
0.40,1167,4.706,-9.649,6.348
0.40,1168,-6.233,4.961,0.096
0.40,1169,2.935,7.488,0.107
0.40,1170,-5.738,5.583,0.092
0.40,1171,0.464,-3.231,-9.059
0.40,1172,-4.231,-6.794,0.096
0.40,1173,6.965,8.536,4.835
0.40,1174,2.434,3.135,0.846
0.40,1175,1.916,-3.462,-6.801
0.40,1176,-5.267,-6.063,0.089
0.40,1177,8.073,-2.090,0.088
0.40,1178,-5.523,-5.776,0.091
0.40,1179,0.613,-8.108,0.090
0.40,1180,-1.304,7.969,0.101
0.40,1181,-1.919,-8.189,0.082
0.40,1182,6.967,-3.509,0.103
0.40,1183,-3.544,7.192,0.101
0.40,1184,4.697,5.462,0.056
0.40,1185,3.972,6.818,0.101
0.40,1186,0.530,8.076,0.097
0.40,1187,-8.000,0.230,0.092
0.40,1188,-2.695,-5.327,-6.230
0.40,1189,-3.417,7.534,0.097
0.40,1190,-4.188,0.142,7.558
0.40,1191,7.408,3.166,0.104
0.40,1192,0.757,-8.065,0.090
0.40,1193,-8.047,-0.678,0.094
0.40,1194,8.919,2.973,3.026
0.40,1195,-9.188,4.790,3.755
0.40,1196,3.355,0.542,-2.323
0.40,1197,-6.463,4.625,0.097
0.40,1198,-8.469,5.070,8.447
0.40,1199,-8.546,6.580,-9.536
0.40,1200,-8.412,0.050,0.073
0.40,1201,2.170,-7.825,0.095
0.40,1202,-6.998,2.608,0.075
0.40,1203,-0.526,-4.713,7.702
0.40,1204,-5.161,5.528,0.070
0.40,1205,3.476,7.418,0.176
0.40,1206,0.643,-8.374,0.073
0.40,1207,1.326,7.986,0.099
0.40,1208,-7.724,-2.490,0.104
0.40,1209,7.430,-3.042,0.101
0.40,1210,0.011,-1.754,0.887
0.40,1211,1.389,8.006,0.098
0.40,1212,-2.062,-7.818,0.095
0.40,1213,0.463,-8.034,0.090
0.40,1214,-7.956,-9.079,-9.688
0.40,1215,3.232,7.280,0.105
0.40,1216,4.293,6.673,0.099
0.40,1217,-5.052,-2.314,-8.427
0.40,1218,5.247,6.028,0.092
0.40,1219,5.708,-4.696,0.056
0.40,1220,-1.465,5.071,-6.186
0.40,1221,-7.848,-1.195,0.097
0.40,1222,-3.261,-7.309,0.099
0.40,1223,-4.867,-3.855,-0.511
0.40,1224,-1.516,7.531,0.091
0.40,1225,7.040,3.861,0.105
0.40,1226,-8.294,0.677,2.252
0.40,1227,5.588,-2.769,1.590
0.40,1228,4.637,-6.526,0.091
0.40,1229,-7.788,2.100,0.100
0.40,1230,2.378,7.860,3.552
0.40,1231,8.146,0.301,0.090
0.40,1232,-4.927,-6.484,0.089
0.40,1233,-6.420,-4.039,0.087
0.40,1234,-7.769,2.313,0.100
0.40,1235,1.554,-3.444,-0.209
0.40,1236,-4.732,6.557,0.089
0.40,1237,-8.069,-0.477,0.094
0.40,1238,4.716,-5.499,-0.128
0.40,1239,-5.392,-5.907,0.089
0.40,1240,-2.180,0.190,3.364
0.40,1241,7.478,-2.934,0.102
0.40,1242,-7.054,-1.548,4.891
0.40,1243,-6.585,-4.553,0.095
0.40,1244,7.656,2.531,0.106
0.40,1245,4.502,6.616,0.098
0.40,1246,3.616,-3.428,-8.438
0.40,1247,9.464,-9.357,-8.501
0.40,1248,6.638,8.960,-7.341
0.40,1249,-5.444,-5.864,0.089
0.40,1250,-4.053,6.894,0.099
0.40,1251,-7.381,-3.318,0.102
0.40,1252,2.402,-6.139,-0.443
0.40,1253,6.964,1.401,4.179
0.40,1254,1.406,7.966,0.099
0.40,1255,-4.471,-8.314,-0.268
0.40,1256,0.520,5.416,0.043
0.40,1257,-8.072,-0.100,0.093
0.40,1258,5.396,-5.786,4.811
0.40,1259,1.158,-3.168,-4.204
0.40,1260,2.559,6.904,0.032
0.40,1261,1.481,-7.961,0.092
0.40,1262,-3.898,-6.999,0.102
0.40,1263,7.806,9.383,-10.205
0.40,1264,8.078,0.700,0.091
0.40,1265,1.096,8.016,0.098
0.40,1266,-4.329,5.946,0.044
0.40,1267,-1.407,-7.987,0.091
0.40,1268,-3.488,2.133,-4.838
0.40,1269,-3.713,7.100,0.102
0.40,1270,-6.314,2.181,3.479
0.40,1271,7.434,-0.732,2.851
0.40,1272,-5.430,0.480,1.605
0.40,1273,-4.168,2.563,-10.644
0.40,1274,7.899,-1.790,0.096
0.40,1275,2.632,7.654,0.109
0.40,1276,-1.459,7.934,0.101
0.40,1277,-0.593,-7.996,0.090
0.40,1278,-3.285,-7.154,0.099
0.40,1279,7.265,4.630,0.120
0.40,1280,7.282,3.503,0.100
0.40,1281,4.485,-6.617,6.761
0.40,1282,-5.858,-5.384,3.320
0.40,1283,-1.952,-5.239,-3.020
0.40,1284,5.767,-5.724,0.088
0.40,1285,2.461,4.150,5.661
0.40,1286,0.820,-7.519,0.101
0.40,1287,-2.215,-2.267,-9.019
0.40,1288,2.272,3.042,-2.286
0.40,1289,-3.786,7.062,0.103
0.40,1290,-5.878,7.743,4.098
0.40,1291,5.779,-5.508,0.088
0.40,1292,8.022,-0.970,0.092
0.40,1293,5.537,5.757,0.094
0.40,1294,-4.814,7.193,0.077
0.40,1295,4.994,-6.242,0.091
0.40,1296,-9.502,5.501,-3.025
0.40,1297,-5.378,-6.618,0.078
0.40,1298,-5.650,-5.426,0.097
0.40,1299,2.906,-5.298,4.945
0.40,1300,-3.928,-6.969,0.102
0.40,1301,1.227,-7.957,0.092
0.40,1302,4.264,6.773,0.100
0.40,1303,-6.258,-5.079,0.095
0.40,1304,0.442,-7.425,0.033
0.40,1305,7.418,3.087,0.103
0.40,1306,-7.342,-3.740,0.167
0.40,1307,-8.080,-0.227,0.093
0.40,1308,-2.673,-4.705,-2.774
0.40,1309,6.229,5.014,0.096
0.40,1310,6.839,-4.140,0.095
0.40,1311,0.222,-5.574,-7.966
0.40,1312,5.461,-5.830,0.087
0.40,1313,6.661,-4.418,0.093
0.40,1314,-7.015,-1.585,7.325
0.40,1315,1.254,5.022,8.905
0.40,1316,-1.788,7.862,0.104
0.40,1317,-0.660,-8.065,0.090
0.40,1318,-3.355,7.289,0.102
0.40,1319,-7.766,2.183,0.100
0.40,1320,7.652,-2.568,0.104
0.40,1321,3.912,6.991,0.107
0.40,1322,-4.232,-9.415,-5.876
0.40,1323,8.586,-9.234,-5.622
0.40,1324,-4.501,-6.618,0.094
0.40,1325,-2.569,-2.718,0.031
0.40,1326,-3.479,7.250,0.101
0.40,1327,3.067,-7.615,0.098
0.40,1328,4.392,-6.708,0.093
0.40,1329,-0.563,8.047,0.098
0.40,1330,1.019,3.243,-7.452
0.40,1331,-7.781,2.130,0.100
0.40,1332,-2.972,5.458,-4.512
0.40,1333,-2.917,7.649,0.105
0.40,1334,6.492,-4.662,0.091
0.40,1335,8.002,-9.760,-7.865
0.40,1336,2.962,7.532,0.108
0.40,1337,-4.838,1.249,9.447
0.40,1338,-1.122,-8.004,0.091
0.40,1339,1.734,-7.925,0.093
0.40,1340,-8.667,6.996,-9.429
0.40,1341,8.002,1.302,0.093
0.40,1342,0.615,-8.071,0.090
0.40,1343,3.435,-2.874,-4.031
0.40,1344,9.426,1.040,4.581
0.40,1345,-3.050,-2.263,-7.032
0.40,1346,-7.772,2.384,0.100
0.40,1347,-7.975,1.803,0.094
0.40,1348,-2.758,-2.667,-7.417
0.40,1349,8.097,0.315,0.090
0.40,1350,-3.755,0.070,0.392
0.40,1351,-6.753,-9.679,-10.745
0.40,1352,5.110,-6.147,0.090
0.40,1353,-1.176,-4.033,-4.062
0.40,1354,-0.310,-8.088,0.090
0.40,1355,2.492,-2.005,-5.447
0.40,1356,7.865,-1.832,0.097
0.40,1357,9.373,6.086,-3.639
0.40,1358,-5.721,-5.576,0.093
0.40,1359,0.295,-8.080,0.090
0.40,1360,-6.154,6.522,6.192
0.40,1361,-6.097,7.408,0.730
0.40,1362,4.669,-6.769,0.084
0.40,1363,3.322,-3.694,0.876
0.40,1364,-9.763,-6.036,1.424
0.40,1365,3.589,-5.855,7.968
0.40,1366,-2.270,8.178,0.083
0.40,1367,-8.086,-0.168,0.093
0.40,1368,-2.689,4.018,1.045
0.40,1369,-8.080,-0.137,0.093
0.40,1370,-3.614,7.073,0.103
0.40,1371,3.986,-6.933,0.098
0.40,1372,-1.735,7.873,0.103
0.40,1373,-2.554,3.336,-1.342
0.40,1374,5.119,0.840,8.112
0.40,1375,-1.079,-3.419,6.765
0.40,1376,3.552,7.199,0.104
0.40,1377,2.255,7.464,0.100
0.40,1378,7.723,2.380,0.103
0.40,1379,-5.649,-5.661,0.093
0.40,1380,-7.168,3.596,0.103
0.40,1381,-6.980,3.916,0.107
0.40,1382,7.612,2.664,0.108
0.40,1383,6.391,7.493,-6.409
0.40,1384,2.015,-7.840,0.095
0.40,1385,5.483,-8.676,-5.811
0.40,1386,7.909,-1.228,0.094
0.40,1387,7.232,5.045,3.155
0.40,1388,-6.740,3.315,0.078
0.40,1389,7.561,8.038,-10.357
0.40,1390,-3.370,7.282,0.102
0.40,1391,0.375,-8.086,0.090
0.40,1392,7.949,-9.115,-8.700
0.40,1393,-3.580,-4.028,7.577
0.40,1394,4.841,-6.363,0.093
0.40,1395,1.020,-8.035,0.091
0.40,1396,5.741,4.829,0.075
0.40,1397,-4.973,4.067,2.091
0.40,1398,5.468,-5.822,0.087
0.40,1399,2.795,-7.584,0.102
0.40,1400,0.013,-8.099,0.090
0.40,1401,-6.344,8.394,5.183
0.40,1402,3.149,-1.619,-10.543
0.40,1403,4.065,4.144,2.223
0.40,1404,-1.401,-4.175,-8.519
0.40,1405,8.081,-0.547,0.091
0.40,1406,2.650,7.226,0.112
0.40,1407,-3.067,-7.423,0.100
0.40,1408,-3.476,-1.521,-3.287
0.40,1409,-5.842,-0.362,-10.665
0.40,1410,-1.854,1.393,6.787
0.40,1411,-6.831,-4.770,0.088
0.40,1412,3.288,-8.674,5.746
0.40,1413,-4.583,8.100,0.152
0.40,1414,7.956,1.520,0.094
0.40,1415,-8.041,1.092,0.093
0.40,1416,7.237,-4.086,7.283
0.40,1417,-7.110,3.701,0.104
0.40,1418,-6.857,-4.133,0.100
0.40,1419,-8.068,0.224,0.093
0.40,1420,-6.182,-5.067,0.094
0.40,1421,3.237,7.351,0.106
0.40,1422,-5.756,-5.625,0.092
0.40,1423,-6.953,9.106,-2.614
0.40,1424,6.277,7.156,5.581
0.40,1425,-1.104,-8.065,0.090
0.40,1426,-6.900,-4.064,0.101
0.40,1427,8.200,1.982,3.748
0.40,1428,1.785,-7.879,0.095
0.40,1429,6.180,-5.054,0.091
0.40,1430,-0.870,5.215,-0.810
0.40,1431,-7.828,2.219,0.098
0.40,1432,-7.139,-4.134,0.091
0.40,1433,1.606,3.307,5.820
0.40,1434,-7.710,2.347,0.103
0.40,1435,-4.201,6.801,0.096
0.40,1436,-2.160,0.221,6.793
0.40,1437,0.126,3.342,-8.716
0.40,1438,4.679,0.481,-5.007
0.40,1439,8.048,-0.959,0.092
0.40,1440,-5.171,6.073,0.089
0.40,1441,5.690,-5.597,0.090
0.40,1442,-2.242,-7.745,0.098
0.40,1443,5.071,2.855,7.151
0.40,1444,-5.253,-0.041,-5.016
0.40,1445,-1.000,-4.098,-0.480
0.40,1446,-4.891,6.300,0.093
0.40,1447,1.247,-8.032,0.091
0.40,1448,-5.807,-5.357,0.091
0.40,1449,-2.623,-7.580,0.103
0.40,1450,-3.318,-7.312,0.098
0.40,1451,-2.662,7.526,0.108
0.40,1452,3.330,6.042,0.301
0.40,1453,4.274,-6.778,0.093
0.40,1454,4.532,3.252,3.840
0.40,1455,0.974,8.326,7.219
0.40,1456,7.777,2.158,0.100
0.40,1457,-2.833,7.512,0.108
0.40,1458,-0.029,8.091,0.097
0.40,1459,3.194,0.242,-7.720
0.40,1460,4.476,-6.887,0.090
0.40,1461,-8.068,0.436,0.093
0.40,1462,0.843,7.982,0.097
0.40,1463,-2.453,7.655,0.111
0.40,1464,-8.459,-6.529,-6.497
0.40,1465,-8.073,-6.789,-6.657
0.40,1466,6.731,-8.808,-2.806
0.40,1467,-7.904,1.651,0.096
0.40,1468,-6.680,-4.300,0.097
0.40,1469,6.311,-4.957,0.092
0.40,1470,-6.727,4.251,0.099
0.40,1471,-0.895,8.003,0.099
0.40,1472,-6.363,2.578,4.241
0.40,1473,-6.490,4.665,0.096
0.40,1474,7.909,-1.758,0.095
0.40,1475,-4.728,-6.441,0.094
0.40,1476,8.073,0.742,0.091
0.40,1477,6.561,-4.565,0.091
0.40,1478,7.650,2.554,0.107
0.40,1479,-7.776,2.146,0.100
0.40,1480,-3.456,1.635,-6.781
0.40,1481,4.767,6.418,0.097
0.40,1482,1.940,4.367,-5.801
0.40,1483,6.074,-6.500,3.768
0.40,1484,-5.549,-9.234,-1.706
0.40,1485,0.920,-5.725,-0.371
0.40,1486,-7.047,3.812,0.106
0.40,1487,-5.456,5.783,0.090
0.40,1488,-6.498,-1.635,4.925
0.40,1489,-6.704,-1.937,0.195
0.40,1490,2.234,-5.188,6.043
0.40,1491,0.838,3.349,-11.092
0.40,1492,8.981,9.461,-9.946
0.40,1493,9.259,-4.926,-4.532
0.40,1494,-3.904,-6.986,0.102
0.40,1495,4.251,-1.336,-7.199
0.40,1496,-7.403,3.121,0.104
0.40,1497,-6.186,5.031,0.095
0.40,1498,0.244,-3.893,-4.966
0.40,1499,-6.752,4.279,0.099
0.40,1500,1.615,3.399,-1.290
0.40,1501,-6.512,4.623,0.097
0.40,1502,2.121,7.298,9.397
0.40,1503,3.662,0.514,-2.647
0.40,1504,0.032,-8.115,0.090
0.40,1505,7.958,4.306,5.827
0.40,1506,-8.314,-3.268,2.152
0.40,1507,7.374,-2.007,0.083
0.40,1508,2.562,-7.657,0.102
0.40,1509,1.631,-5.127,-8.391
0.40,1510,-4.837,1.844,-0.051
0.40,1511,4.839,6.359,0.098
0.40,1512,7.130,-3.662,0.099
0.40,1513,-7.838,1.721,0.097
0.40,1514,-4.974,6.254,0.092
0.40,1515,-9.238,-4.584,-9.587
0.40,1516,2.623,1.142,7.886
0.40,1517,5.253,6.021,0.092
0.40,1518,5.230,2.675,-2.629
0.40,1519,3.890,1.702,-6.175
0.40,1520,7.784,-2.105,0.099
0.40,1521,-4.998,6.260,0.093
0.40,1522,-5.536,5.717,0.092
0.40,1523,1.176,8.011,0.098
0.40,1524,0.356,-8.113,0.090
0.40,1525,7.548,-2.965,0.103
0.40,1526,-5.610,-5.699,0.093
0.40,1527,-7.386,1.840,8.818
0.40,1528,-3.887,-3.344,-2.970
0.40,1529,7.388,3.208,0.103
0.40,1530,-8.083,-0.175,0.093
0.40,1531,7.782,5.801,2.883
0.40,1532,5.538,-4.019,3.515
0.40,1533,-1.235,-8.010,0.091
0.40,1534,-7.516,2.848,0.105
0.40,1535,-5.046,6.229,0.093
0.40,1536,-5.014,-3.188,-8.300
0.40,1537,6.777,-4.612,0.120
0.40,1538,-1.951,3.751,-11.067
0.40,1539,6.653,-1.919,-0.103
0.40,1540,5.320,2.222,7.203
0.40,1541,-5.879,-7.172,-0.183
0.40,1542,-7.773,2.310,0.100
0.40,1543,-6.051,-4.775,0.083
0.40,1544,7.827,2.058,0.098
0.40,1545,-6.219,-4.569,0.092
0.40,1546,-9.145,0.014,2.583
0.40,1547,8.274,2.540,0.101
0.40,1548,7.854,1.971,0.098
0.40,1549,4.772,0.388,-6.738
0.40,1550,-0.546,8.052,0.098
0.40,1551,-5.712,7.543,8.890
0.40,1552,4.760,-0.870,-1.393
0.40,1553,-5.079,-6.162,0.093
0.40,1554,-5.895,5.369,0.090
0.40,1555,8.032,2.015,0.090
0.40,1556,-7.542,2.783,0.105
0.40,1557,-3.856,-1.546,-8.650
0.40,1558,-2.127,4.147,-9.091
0.40,1559,-6.446,-8.076,-5.364
0.40,1560,-0.337,-6.222,0.220
0.40,1561,-6.403,-4.255,3.108
0.40,1562,4.398,6.686,0.100
0.40,1563,2.613,2.640,-3.874
0.40,1564,5.079,1.777,-8.544
0.40,1565,-2.472,-8.019,6.851
0.40,1566,-7.241,-3.463,0.102
0.40,1567,-6.312,9.263,1.446
0.40,1568,2.847,7.121,0.108
0.40,1569,7.016,-3.150,0.092
0.40,1570,3.513,7.221,0.104
0.40,1571,-6.075,-5.133,0.092
0.40,1572,-7.174,3.592,0.103
0.40,1573,7.741,-2.218,5.476
0.40,1574,-7.740,2.258,0.102
0.40,1575,-1.811,-3.351,-4.038
0.40,1576,-3.344,7.275,0.102
0.40,1577,7.119,2.524,3.682
0.40,1578,-4.679,6.473,0.092
0.40,1579,-3.960,-6.960,0.101
0.40,1580,-8.657,7.827,-6.711
0.40,1581,-2.442,-7.671,0.101
0.40,1582,-9.316,-2.951,0.767
0.40,1583,-8.038,-0.699,0.094
0.40,1584,-8.079,1.390,0.092
0.40,1585,-1.450,-5.167,6.702
0.40,1586,-7.724,-2.282,0.104
0.40,1587,7.754,-2.200,0.100
0.40,1588,1.548,-7.959,0.092
0.40,1589,8.600,-7.175,-11.054
0.40,1590,4.883,-4.756,8.339
0.40,1591,5.472,8.352,-3.269
0.40,1592,-3.664,8.183,0.623
0.40,1593,-3.943,6.964,0.102
0.40,1594,-3.559,-7.193,0.098
0.40,1595,7.264,3.954,0.090
0.40,1596,-7.661,2.559,0.106
0.40,1597,-3.277,-5.207,0.597
0.40,1598,1.690,-7.918,0.093
0.40,1599,1.127,8.012,0.098
0.40,1600,1.488,-5.449,1.268
0.40,1601,-3.477,-1.908,-5.475
0.40,1602,-4.654,-7.034,8.939
0.40,1603,0.289,-3.866,-10.869
0.40,1604,-7.767,4.610,3.769
0.40,1605,-7.615,9.317,9.783
0.40,1606,-3.570,7.185,0.101
0.40,1607,-4.254,6.034,0.053
0.40,1608,7.043,-3.817,0.101
0.40,1609,-2.854,-7.473,0.100
0.40,1610,0.438,5.586,0.972
0.40,1611,-7.422,3.074,0.104
0.40,1612,0.735,5.948,-0.888
0.40,1613,-9.456,-7.353,-9.468
0.40,1614,-3.211,7.199,0.102
0.40,1615,-8.956,4.869,4.807
0.40,1616,-3.444,-4.563,-0.786
0.40,1617,3.396,0.501,-3.838
0.40,1618,2.242,5.212,-11.216
0.40,1619,2.270,-7.758,0.098
0.40,1620,5.519,-5.772,0.089
0.40,1621,-0.053,8.090,0.097
0.40,1622,2.110,7.792,0.104
0.40,1623,6.434,4.786,0.096
0.40,1624,4.178,-6.841,0.095
0.40,1625,4.569,-6.577,0.091
0.40,1626,-6.601,-4.522,0.096
0.40,1627,-9.445,-8.854,0.647
0.40,1628,8.069,-5.586,-6.093
0.40,1629,8.103,-0.136,0.090
0.40,1630,2.459,-2.606,-10.683
0.40,1631,-0.693,-4.499,-4.586
0.40,1632,7.174,-3.578,0.098
0.40,1633,6.220,5.031,0.096
0.40,1634,-5.763,-9.600,-1.568
0.40,1635,0.796,3.327,-10.792
0.40,1636,6.153,-8.331,9.032
0.40,1637,4.340,-1.792,9.641
0.40,1638,7.254,2.692,0.095
0.40,1639,-5.942,-5.358,0.089
0.40,1640,5.366,0.075,-0.412
0.40,1641,4.940,-8.316,-8.650
0.40,1642,5.607,1.493,6.522
0.40,1643,-7.760,-2.171,0.103
0.40,1644,3.307,-7.374,0.097
0.40,1645,2.763,7.707,0.103
0.40,1646,7.945,1.579,0.094
0.40,1647,-0.554,-3.102,-4.108
0.40,1648,8.476,-6.112,-3.755
0.40,1649,6.863,4.143,0.100
0.40,1650,-0.793,-8.046,0.090
0.40,1651,9.220,-6.432,-3.104
0.40,1652,6.999,3.971,0.104
0.40,1653,-3.863,7.013,0.103
0.40,1654,1.305,8.129,0.097
0.40,1655,7.962,-0.238,0.107
0.40,1656,-8.065,0.630,0.093
0.40,1657,-4.678,6.426,10.050
0.40,1658,8.008,0.200,0.090
0.40,1659,6.761,-4.266,0.094
0.40,1660,-6.602,-4.521,0.096
0.40,1661,-3.309,7.311,0.102
0.40,1662,1.670,3.371,-5.554
0.40,1663,-1.936,-7.872,1.680
0.40,1664,2.038,7.819,0.103
0.40,1665,-7.090,3.738,0.105
0.40,1666,1.076,4.775,-0.259
0.40,1667,-0.437,-4.970,-8.429
0.40,1668,-2.456,1.511,-3.611
0.40,1669,4.507,-6.639,0.092
0.40,1670,0.548,5.016,-10.924
0.40,1671,-3.303,7.333,0.103
0.40,1672,0.799,-8.511,8.111
0.40,1673,0.839,3.262,-3.980
0.40,1674,3.418,7.270,0.104
0.40,1675,6.018,-4.168,8.656
0.40,1676,-2.191,-7.787,0.096
0.40,1677,-1.411,4.096,-10.957
0.40,1678,1.371,-7.984,0.092
0.40,1679,0.582,-8.082,0.090
0.40,1680,7.610,2.124,0.104
0.40,1681,-8.013,-1.020,0.095
0.40,1682,-3.062,7.421,0.105
0.40,1683,5.067,-6.213,0.091
0.40,1684,-3.896,-4.747,4.461
0.40,1685,4.339,6.724,0.100
0.40,1686,-7.671,-2.944,0.101
0.40,1687,4.603,0.672,1.030
0.40,1688,-0.144,8.081,0.097
0.40,1689,0.998,3.963,-10.773
0.40,1690,-7.538,-8.803,-6.346
0.40,1691,9.430,8.191,9.007
0.40,1692,-6.827,4.161,0.101
0.40,1693,2.582,-9.740,2.445
0.40,1694,5.572,-5.782,0.089
0.40,1695,-5.769,5.500,0.091
0.40,1696,7.805,-2.206,0.098
0.40,1697,-0.145,-3.720,-7.890
0.40,1698,-0.616,-8.906,3.992
0.40,1699,8.067,-0.412,0.090
0.40,1700,4.358,6.973,9.874
0.40,1701,3.207,1.648,-1.885
0.40,1702,-4.207,6.795,0.096
0.40,1703,5.060,6.182,0.097
0.40,1704,5.789,5.491,0.093
0.40,1705,6.159,4.775,0.101
0.40,1706,-0.928,5.392,-10.142
0.40,1707,-0.518,8.072,0.098
0.40,1708,0.460,-8.083,0.090
0.40,1709,-2.946,6.615,0.039
0.40,1710,5.694,0.001,-3.876
0.40,1711,-3.052,6.652,0.056
0.40,1712,-3.407,-7.268,0.098
0.40,1713,8.106,-0.075,0.090
0.40,1714,-4.325,-6.735,0.095
0.40,1715,-0.131,3.702,5.208
0.40,1716,-3.459,8.079,9.554
0.40,1717,8.105,-0.082,0.090
0.40,1718,2.990,7.518,0.108
0.40,1719,-4.992,6.219,0.092
0.40,1720,3.710,7.127,0.105
0.40,1721,-6.397,4.770,0.097
0.40,1722,7.961,1.496,0.094
0.40,1723,-3.603,-0.327,-4.170
0.40,1724,-3.295,-7.159,0.098
0.40,1725,-5.112,-6.144,0.092
0.40,1726,4.364,-6.707,0.093
0.40,1727,2.148,0.164,7.730
0.40,1728,2.783,7.540,0.109
0.40,1729,-5.700,-5.596,0.093
0.40,1730,-8.285,-2.655,0.314
0.40,1731,8.055,-0.799,0.091
0.40,1732,0.358,4.450,-3.173
0.40,1733,-7.086,-3.772,0.104
0.40,1734,7.374,3.237,0.103
0.40,1735,2.619,-7.632,0.103
0.40,1736,8.078,0.688,0.091
0.40,1737,8.666,9.865,5.672
0.40,1738,5.827,-5.305,0.088
0.40,1739,-7.418,-3.087,0.104
0.40,1740,5.882,5.535,0.090
0.40,1741,2.883,3.282,7.155
0.40,1742,-4.247,-6.815,0.108
0.40,1743,0.941,8.034,0.097
0.40,1744,5.832,-5.384,0.087
0.40,1745,4.854,6.263,6.159
0.40,1746,2.640,7.607,0.112
0.40,1747,-8.051,-0.146,0.093
0.40,1748,-8.091,-0.424,0.094
0.40,1749,7.102,1.768,7.218
0.40,1750,1.644,-7.881,0.094
0.40,1751,0.514,3.759,-0.676
0.40,1752,-0.932,4.805,-6.637
0.40,1753,-0.283,8.078,0.097
0.40,1754,-9.105,-8.554,-0.300
0.40,1755,3.144,6.543,0.076
0.40,1756,-5.696,-5.859,0.087
0.40,1757,-6.981,3.913,0.107
0.40,1758,1.954,7.951,0.099
0.40,1759,9.567,8.413,-8.556
0.40,1760,-1.990,7.810,0.105
0.40,1761,-1.220,8.072,0.101
0.40,1762,7.737,-1.070,0.096
0.40,1763,-2.697,2.426,-11.115
0.40,1764,3.911,6.994,0.107
0.40,1765,-0.855,8.030,0.099
0.40,1766,-7.041,4.685,0.077
0.40,1767,-6.797,-4.229,0.098
0.40,1768,8.079,-0.572,0.091
0.40,1769,4.718,5.298,3.382
0.40,1770,-5.442,3.363,7.774
0.40,1771,-2.684,-2.749,0.721
0.40,1772,8.887,-7.194,-7.587
0.40,1773,-0.731,8.491,0.068
0.40,1774,-2.415,-7.685,0.101
0.40,1775,-8.056,0.089,0.092
0.40,1776,-1.991,7.591,0.106
0.40,1777,5.612,5.749,0.094
0.40,1778,-5.251,-0.678,-5.112
0.40,1779,-6.113,-5.152,0.092
0.40,1780,-7.959,-1.371,0.097
0.40,1781,3.753,7.092,0.106
0.40,1782,-0.920,-4.511,-5.546
0.40,1783,8.255,-0.775,0.551
0.40,1784,-2.389,-7.686,0.101
0.40,1785,-4.758,3.779,0.020
0.40,1786,5.076,-0.913,4.163
0.40,1787,1.591,6.393,2.631
0.40,1788,9.769,-5.309,7.869
0.40,1789,-1.515,-7.931,0.092
0.40,1790,8.718,2.619,6.650
0.40,1791,4.505,0.988,-7.378
0.40,1792,7.252,-3.435,0.098
0.40,1793,-5.042,-3.814,9.609
0.40,1794,-2.026,-7.807,0.096
0.40,1795,-8.114,-3.402,0.120
0.40,1796,-7.266,3.415,0.102
0.40,1797,3.365,0.238,5.047
0.40,1798,-0.468,8.075,0.098
0.40,1799,7.914,-0.542,0.128
0.40,1800,-3.568,-7.186,0.098
0.40,1801,-0.176,7.644,0.080
0.40,1802,-5.705,8.921,-7.181
0.40,1803,-4.775,-6.422,0.094
0.40,1804,-4.431,-6.667,0.096
0.40,1805,-5.927,5.482,0.088
0.40,1806,-4.026,0.029,-11.231
0.40,1807,4.469,6.543,0.100
0.40,1808,5.092,0.259,9.775
0.40,1809,-9.109,0.158,0.011
0.40,1810,-7.350,1.556,0.068
0.40,1811,-7.248,8.449,-6.235
0.40,1812,7.282,3.422,0.101
0.40,1813,0.317,-8.075,0.090
0.40,1814,5.898,-5.426,0.086
0.40,1815,2.787,-1.666,0.312
0.40,1816,8.231,5.514,-5.854
0.40,1817,8.139,0.526,0.091
0.40,1818,-6.746,0.143,8.404
0.40,1819,-6.060,5.896,0.055
0.40,1820,-4.576,6.575,0.092
0.40,1821,5.156,-0.221,-5.489
0.40,1822,4.149,-6.858,0.095
0.40,1823,-4.307,-6.817,0.096
0.40,1824,1.657,-7.992,0.092
0.40,1825,2.133,-5.705,-4.986
0.40,1826,-5.944,-5.348,0.089
0.40,1827,-6.163,2.434,3.845
0.40,1828,3.095,-7.269,0.097
0.40,1829,9.482,-0.285,5.913
0.40,1830,-8.936,8.600,-2.180
0.40,1831,2.294,-7.748,0.098
0.40,1832,5.909,-5.372,0.086
0.40,1833,2.639,6.563,7.609
0.40,1834,7.500,6.988,-4.776
0.40,1835,7.880,1.725,9.884
0.40,1836,5.381,6.032,0.089
0.40,1837,7.431,3.041,0.103
0.40,1838,0.214,5.644,-8.591
0.40,1839,-3.058,3.743,-0.303
0.40,1840,-6.437,-3.229,0.170
0.40,1841,7.980,1.416,0.093
0.40,1842,1.922,-7.875,0.095
0.40,1843,-5.859,5.407,0.090
0.40,1844,-5.737,5.493,0.092
0.40,1845,-7.964,-1.105,0.096
0.40,1846,1.031,-8.036,0.091
0.40,1847,8.008,-1.152,0.092
0.40,1848,3.579,-4.422,4.681
0.40,1849,8.788,-5.887,-11.188
0.40,1850,-2.352,-7.641,0.103
0.40,1851,3.278,2.275,-3.502
0.40,1852,6.818,3.744,0.099
0.40,1853,7.352,3.051,0.103
0.40,1854,7.339,3.309,0.102
0.40,1855,-3.884,0.892,-4.812
0.40,1856,-9.103,-7.656,2.042
0.40,1857,-6.577,5.868,8.934
0.40,1858,6.122,-5.094,0.090
0.40,1859,-7.528,2.821,0.105
0.40,1860,6.991,-4.162,0.095
0.40,1861,5.519,-5.771,0.089
0.40,1862,5.659,-5.628,0.090
0.40,1863,-7.764,-3.850,0.075
0.40,1864,3.971,8.118,9.373
0.40,1865,-1.435,7.940,0.101
0.40,1866,-1.093,-4.655,-7.633
0.40,1867,-3.951,6.964,0.102
0.40,1868,-0.053,4.002,9.817
0.40,1869,-2.092,7.781,0.106
0.40,1870,-2.798,7.528,0.108
0.40,1871,-8.832,-9.753,3.910
0.40,1872,-9.393,6.513,-2.583
0.40,1873,-4.487,6.615,0.094
0.40,1874,6.380,-4.789,0.092
0.40,1875,2.933,3.259,7.338
0.40,1876,7.730,2.359,0.102
0.40,1877,9.435,-5.745,8.280
0.40,1878,7.459,3.044,0.104
0.40,1879,-6.044,-6.811,2.030
0.40,1880,9.466,4.441,4.313
0.40,1881,-9.975,5.828,5.175
0.40,1882,-4.344,8.825,0.091
0.40,1883,-8.082,-0.184,0.093
0.40,1884,8.221,6.354,-1.315
0.40,1885,-7.372,-3.195,0.104
0.40,1886,-1.975,7.815,0.105
0.40,1887,-6.863,-4.042,0.100
0.40,1888,4.028,-7.008,0.097
0.40,1889,7.525,2.882,0.105
0.40,1890,6.099,-5.155,0.088
0.40,1891,9.397,3.676,-2.037
0.40,1892,0.047,-1.737,8.024
0.40,1893,-4.716,6.444,0.092
0.40,1894,-3.502,-7.220,0.098
0.40,1895,4.784,-6.415,0.091
0.40,1896,1.597,-3.292,7.129
0.40,1897,5.422,5.870,0.092
0.40,1898,-4.541,-0.555,1.734
0.40,1899,6.661,-4.731,4.519
0.40,1900,3.463,-7.263,0.096
0.40,1901,-1.949,-5.636,-9.710
0.40,1902,-6.132,-5.133,0.092
0.40,1903,3.077,1.118,-3.415
0.40,1904,-8.047,1.947,0.091
0.40,1905,-4.626,-6.530,0.093
0.40,1906,-7.630,-8.141,8.409
0.40,1907,-0.303,-3.353,-11.096
0.40,1908,7.309,-5.162,0.040
0.40,1909,7.394,-3.113,0.101
0.40,1910,-6.898,4.131,5.417
0.40,1911,-1.382,-8.693,3.157
0.40,1912,-6.632,-4.421,0.097
0.40,1913,7.766,2.252,0.101
0.40,1914,-3.460,-1.073,7.437
0.40,1915,-0.022,8.091,0.097
0.40,1916,-7.411,-3.101,0.104
0.40,1917,-8.426,8.270,-7.028
0.40,1918,-4.060,6.889,0.099
0.40,1919,6.829,-3.929,0.095
0.40,1920,3.675,-5.097,7.768
0.40,1921,9.505,-0.300,9.038
0.40,1922,-2.940,-7.504,0.101
0.40,1923,-3.818,-7.053,0.101
0.40,1924,6.010,1.406,-9.515
0.40,1925,2.575,7.639,0.111
0.40,1926,-3.749,-5.722,-0.329
0.40,1927,0.847,-8.052,0.091
0.40,1928,0.084,-8.097,0.090
0.40,1929,-2.042,3.274,-8.751
0.40,1930,-7.625,-8.197,-3.154
0.40,1931,-5.993,2.020,-0.356
0.40,1932,5.124,6.371,0.095
0.40,1933,-3.455,-0.073,-5.912
0.40,1934,-2.626,-5.865,1.178
0.40,1935,-8.604,-7.208,-2.750
0.40,1936,-2.307,0.664,1.117
0.40,1937,-4.566,4.201,-9.162
0.40,1938,-4.485,1.273,-5.900
0.40,1939,-7.753,2.220,0.101
0.40,1940,7.873,1.898,0.097
0.40,1941,-0.646,8.440,8.195
0.40,1942,-6.516,-8.189,3.764
0.40,1943,-1.696,-7.894,0.093
0.40,1944,5.407,-5.882,0.087
0.40,1945,8.198,9.563,-4.335
0.40,1946,4.039,6.946,0.105
0.40,1947,6.463,5.233,7.219
0.40,1948,-4.526,6.585,0.093
0.40,1949,-7.436,5.826,5.310
0.40,1950,6.653,7.095,-3.902
0.40,1951,-7.914,1.988,2.122
0.40,1952,5.500,4.782,6.291
0.40,1953,6.334,-3.683,5.986
0.40,1954,-0.321,8.047,0.098
0.40,1955,-1.340,-3.579,-3.708
0.40,1956,4.356,-1.270,-7.855
0.40,1957,-4.001,6.927,0.100
0.40,1958,-7.046,-3.830,0.105
0.40,1959,6.231,-8.329,-1.379
0.40,1960,-6.834,-4.171,0.099
0.40,1961,7.783,-2.110,0.099
0.40,1962,7.416,3.147,0.104
0.40,1963,7.186,3.311,0.103
0.40,1964,6.611,-4.287,0.092
0.40,1965,-1.388,-7.959,0.092
0.40,1966,-4.264,-6.773,0.096
0.40,1967,-6.029,-8.819,7.303
0.40,1968,6.944,-4.365,4.677
0.40,1969,-7.636,-2.544,0.109
0.40,1970,9.477,8.396,-6.851
0.40,1971,-9.130,3.737,4.141
0.40,1972,-2.199,-7.752,0.098
0.40,1973,4.906,0.006,5.102
0.40,1974,-4.763,-2.132,-5.007
0.40,1975,0.968,5.056,-5.629
0.40,1976,-1.341,7.961,0.101
0.40,1977,1.486,-7.967,0.092
0.40,1978,-7.897,-1.659,0.098
0.40,1979,-7.949,8.262,2.449
0.40,1980,1.211,-3.741,-4.552
0.40,1981,1.430,-1.906,6.298
0.40,1982,-0.777,-8.110,0.090
0.40,1983,-5.173,6.054,0.089
0.40,1984,-4.706,-7.714,3.502
0.40,1985,-0.518,-3.190,4.140
0.40,1986,-7.302,-3.345,0.102
0.40,1987,-7.452,4.148,3.843
0.40,1988,5.460,5.834,0.092
0.40,1989,-0.860,-8.038,0.090
0.40,1990,8.920,5.269,-8.273
0.40,1991,-5.852,-5.441,0.090
0.40,1992,-1.261,-5.416,0.807
0.40,1993,3.645,7.151,0.105
0.40,1994,5.124,-6.133,0.090
0.40,1995,2.235,-4.698,0.817
0.40,1996,4.636,6.382,0.100
0.40,1997,-4.409,6.667,0.094
0.40,1998,-6.787,4.224,0.100
0.40,1999,-4.040,0.695,-7.828
0.40,2000,-4.112,6.856,0.097
0.40,2001,-6.659,-4.447,0.097
0.40,2002,-8.019,-0.859,0.094
0.40,2003,-3.473,-7.235,0.098
0.40,2004,6.318,4.905,0.097
0.40,2005,-9.158,7.037,7.216
0.40,2006,2.716,-3.319,-3.751
0.40,2007,2.341,-2.019,-11.425
0.40,2008,5.319,-5.971,0.086
0.40,2009,1.578,-7.942,0.093
0.40,2010,2.809,7.738,0.648
0.40,2011,-4.896,6.297,0.093
0.40,2012,6.875,4.125,0.101
0.40,2013,3.039,-7.458,0.099
0.40,2014,-0.221,-8.089,0.090
0.40,2015,-7.354,-3.233,0.103
0.40,2016,7.914,-2.459,0.090
0.40,2017,-5.967,7.973,-10.039
0.40,2018,0.015,8.091,0.097
0.40,2019,1.026,3.837,-4.542
0.40,2020,-0.803,-3.824,-5.541
0.40,2021,7.570,2.979,0.105
0.40,2022,-8.632,8.759,-1.481
0.40,2023,7.062,8.171,-9.047
0.40,2024,-7.389,3.157,0.104
0.40,2025,7.883,-1.892,0.096
0.40,2026,0.844,-8.055,0.091
0.40,2027,2.456,-2.819,-1.423
0.40,2028,-2.880,-7.248,0.094
0.40,2029,-2.217,-0.155,3.539
0.40,2030,6.451,-4.729,0.091
0.40,2031,8.364,1.238,0.201
0.40,2032,-8.025,0.962,0.093
0.40,2033,-7.661,1.046,0.090
0.40,2034,7.978,1.880,0.093
0.40,2035,-7.135,3.656,0.103
0.40,2036,-4.164,8.045,10.003
0.40,2037,-1.568,7.379,0.093
0.40,2038,-3.707,-0.174,-10.768
0.40,2039,3.480,2.682,-7.474
0.40,2040,8.337,-7.036,-9.542
0.40,2041,-2.026,5.621,-0.910
0.40,2042,4.163,6.837,0.101
0.40,2043,-4.485,-6.626,0.095
0.40,2044,3.538,-7.223,0.096
0.40,2045,6.602,-1.639,5.666
0.40,2046,-8.589,7.332,8.010
0.40,2047,-4.643,-6.516,0.093
0.40,2048,-3.343,7.292,0.102
0.40,2049,4.455,-6.659,0.093
0.40,2050,-7.479,2.914,0.104
0.40,2051,-8.402,6.022,-10.332
0.40,2052,3.926,-7.690,7.507
0.40,2053,-8.911,-4.586,-4.223
0.40,2054,5.577,-5.471,0.085
0.40,2055,8.298,9.790,4.111
0.40,2056,5.507,-5.793,0.088
0.40,2057,-1.957,-7.746,0.098
0.40,2058,9.646,-9.004,-9.440
0.40,2059,8.053,-0.837,0.091
0.40,2060,8.093,0.447,0.090
0.40,2061,-7.916,1.606,0.095
0.40,2062,-8.438,-8.842,7.171
0.40,2063,1.815,2.447,5.846
0.40,2064,7.158,-0.582,8.222
0.40,2065,-9.646,8.156,6.961
0.40,2066,-3.263,3.827,-2.161
0.40,2067,-3.997,-0.313,5.184
0.40,2068,-3.731,7.184,0.100
0.40,2069,-0.683,8.162,0.098
0.40,2070,-7.611,-2.595,0.110
0.40,2071,5.642,-3.018,2.825
0.40,2072,3.567,3.882,-4.921
0.40,2073,1.104,-4.323,-0.083
0.40,2074,-7.454,-3.238,0.104
0.40,2075,-7.938,4.918,7.970
0.40,2076,2.492,-7.642,0.103
0.40,2077,-5.228,5.975,4.260
0.40,2078,-7.652,9.001,9.328
0.40,2079,2.320,3.481,-2.350
0.40,2080,-1.357,-9.468,9.971
0.40,2081,-1.970,7.816,0.105
0.40,2082,2.432,0.517,7.255
0.40,2083,-2.490,7.646,0.111
0.40,2084,-1.179,4.200,-5.162
0.40,2085,6.902,-4.042,0.097
0.40,2086,-7.907,9.685,-2.734
0.40,2087,2.193,7.628,0.109
0.40,2088,4.490,6.536,0.099
0.40,2089,8.014,1.241,0.093
0.40,2090,-7.049,-3.824,0.105
0.40,2091,-7.013,3.865,0.106
0.40,2092,7.554,3.882,0.080
0.40,2093,0.304,-6.345,-0.021
0.40,2094,2.045,7.816,0.103
0.40,2095,8.329,7.693,-8.134
0.40,2096,-6.377,4.796,0.098
0.40,2097,3.953,-1.245,-10.888
0.40,2098,3.407,-9.233,0.309
0.40,2099,-3.473,-7.232,0.098
0.40,2100,4.427,-6.769,0.093
0.40,2101,-7.875,-1.689,0.099
0.40,2102,-7.435,-3.044,0.104
0.40,2103,-8.011,-1.030,0.095
0.40,2104,-0.906,-0.442,-2.324
0.40,2105,8.002,-0.972,0.092
0.40,2106,0.866,8.051,0.097
0.40,2107,6.458,-4.806,0.090
0.40,2108,8.081,-0.534,0.091
0.40,2109,-6.741,-4.461,0.096
0.40,2110,-8.683,-3.830,8.549
0.40,2111,4.827,1.398,-3.484
0.40,2112,2.662,7.591,0.111
0.40,2113,-5.309,5.952,0.088
0.40,2114,-0.912,-7.178,0.667
0.40,2115,4.927,-6.139,0.088
0.40,2116,-6.918,4.104,0.105
0.40,2117,-9.859,9.864,6.202
0.40,2118,4.264,0.663,-8.345
0.40,2119,5.860,1.794,9.425
0.40,2120,8.098,-0.203,0.090
0.40,2121,-7.338,8.933,8.139
0.40,2122,-2.314,5.717,3.128
0.40,2123,8.089,0.645,0.091
0.40,2124,-7.943,-1.436,0.097
0.40,2125,6.283,-4.991,0.092
0.40,2126,5.624,-5.664,0.090
0.40,2127,-3.281,7.324,0.103
0.40,2128,-1.209,3.144,-11.201
0.40,2129,1.798,-7.849,0.095
0.40,2130,8.106,0.833,0.091
0.40,2131,-3.506,-7.287,0.097
0.40,2132,2.617,-7.691,0.100
0.40,2133,4.411,-6.690,0.093
0.40,2134,7.905,1.765,0.096
0.40,2135,-4.052,-6.294,2.548
0.40,2136,-1.946,4.648,-7.844
0.40,2137,7.439,-3.021,0.101
0.40,2138,-0.229,3.609,-4.539
0.40,2139,-2.635,7.590,0.111
0.40,2140,0.998,-8.037,0.091
0.40,2141,2.180,7.644,0.111
0.40,2142,-1.228,5.289,-4.182
0.40,2143,-7.298,-3.351,0.102
0.40,2144,6.996,-3.891,0.101
0.40,2145,-4.670,-2.186,-7.166
0.40,2146,7.061,-3.800,0.100
0.40,2147,0.181,4.091,1.411
0.40,2148,3.715,-1.746,1.541
0.40,2149,3.496,-7.220,0.097
0.40,2150,-2.987,-7.456,0.100
0.40,2151,7.064,-3.374,0.098
0.40,2152,7.859,1.956,0.098
0.40,2153,-8.070,0.524,0.093
0.40,2154,-2.206,-7.749,0.098
0.40,2155,-3.359,1.987,7.662
0.40,2156,5.196,6.066,0.093
0.40,2157,-2.013,7.803,0.105
0.40,2158,-4.362,6.697,0.094
0.40,2159,8.573,4.807,8.269
0.40,2160,-3.858,7.016,0.103
0.40,2161,-4.641,6.504,0.092
0.40,2162,8.744,7.549,-5.838
0.40,2163,-1.974,-7.823,0.096
0.40,2164,-9.543,-4.441,8.828
0.40,2165,3.663,1.363,-7.511
0.40,2166,6.281,-0.998,-7.093
0.40,2167,-5.970,5.239,0.091
0.40,2168,-7.471,2.959,0.104
0.40,2169,-8.023,1.024,0.093
0.40,2170,-0.860,8.030,0.099
0.40,2171,1.695,4.363,-5.674
0.40,2172,5.953,-9.392,4.717
0.40,2173,4.925,3.145,7.307
0.40,2174,-0.980,4.869,6.909
0.40,2175,4.026,6.876,0.103
0.40,2176,-0.770,-2.871,5.207
0.40,2177,-7.279,3.383,0.102
0.40,2178,7.254,-3.421,0.098
0.40,2179,4.146,-6.641,0.091
0.40,2180,2.701,7.549,0.109
0.40,2181,-2.586,7.656,0.110
0.40,2182,-4.062,-6.899,0.098
0.40,2183,5.404,9.675,-2.989
0.40,2184,-4.620,-2.089,-4.865
0.40,2185,2.686,7.676,0.107
0.40,2186,-4.656,6.350,0.093
0.40,2187,-7.039,-3.840,0.105
0.40,2188,9.059,-8.500,4.359
0.40,2189,4.113,-0.742,-7.893
0.40,2190,7.442,-3.014,0.101
0.40,2191,-7.551,2.486,0.109
0.40,2192,5.677,-5.710,0.091
0.40,2193,-1.612,7.879,0.103
0.40,2194,-0.889,-3.324,-10.644
0.40,2195,8.436,-8.728,-2.620
0.40,2196,-2.860,-1.572,-3.684
0.40,2197,-4.509,-4.314,-2.806
0.40,2198,5.421,3.751,0.277
0.40,2199,3.684,0.272,-3.712
0.40,2200,-4.174,6.818,0.096
0.40,2201,-2.218,7.738,0.107
0.40,2202,4.028,-6.923,0.097
0.40,2203,-0.788,-1.799,2.151
0.40,2204,6.326,4.427,0.085
0.40,2205,3.276,4.275,-10.797
0.40,2206,7.354,2.653,4.365
0.40,2207,7.501,-2.801,0.102
0.40,2208,0.591,8.171,0.099
0.40,2209,-1.463,3.476,-3.092
0.40,2210,1.635,-7.928,0.093
0.40,2211,-7.382,-3.173,0.104
0.40,2212,-7.792,3.558,0.105
0.40,2213,9.336,9.430,-4.719
0.40,2214,2.640,-9.058,-1.198
0.40,2215,-7.895,-1.668,0.098
0.40,2216,-1.172,-7.997,0.091
0.40,2217,-8.080,-0.381,0.094
0.40,2218,-5.374,1.922,1.299
0.40,2219,0.238,3.898,1.564
0.40,2220,7.270,3.459,0.101
0.40,2221,1.510,8.608,4.377
0.40,2222,7.749,2.293,0.101
0.40,2223,7.914,-1.614,0.095
0.40,2224,9.153,-5.715,0.306
0.40,2225,7.957,-1.452,0.094
0.40,2226,-0.800,3.631,-6.471
0.40,2227,-1.542,-7.926,0.092
0.40,2228,-7.407,-3.113,0.104
0.40,2229,-8.063,-0.594,0.094
0.40,2230,-7.558,2.777,0.106
0.40,2231,3.139,7.429,0.107
0.40,2232,-7.990,1.050,0.093
0.40,2233,7.364,3.711,0.094
0.40,2234,5.804,3.818,5.776
0.40,2235,1.445,-7.969,0.092
0.40,2236,1.558,7.769,0.140
0.40,2237,-3.017,-7.444,0.100
0.40,2238,7.543,2.838,0.105
0.40,2239,-8.028,0.914,0.093
0.40,2240,-7.122,-6.223,-5.289
0.40,2241,-1.845,7.849,0.104
0.40,2242,-7.702,2.370,0.103
0.40,2243,-7.976,1.338,0.094
0.40,2244,8.078,-0.616,0.091
0.40,2245,8.079,0.669,0.091
0.40,2246,-1.054,8.586,0.045
0.40,2247,6.870,-4.096,0.096
0.40,2248,-8.010,1.004,0.093
0.40,2249,7.864,1.937,0.097
0.40,2250,-0.698,-3.566,-1.603
0.40,2251,-0.114,-8.095,0.090
0.40,2252,5.531,5.729,0.095
0.40,2253,2.583,-3.671,-2.508
0.40,2254,-8.003,1.145,0.093
0.40,2255,4.704,-6.475,0.091
0.40,2256,1.601,5.225,-1.667
0.40,2257,2.818,-3.901,1.026
0.40,2258,-9.440,4.600,-2.385
0.40,2259,-3.314,-7.318,0.098
0.40,2260,-5.026,2.139,-0.977
0.40,2261,-4.465,9.397,5.327
0.40,2262,-8.675,-5.616,-1.727
0.40,2263,4.046,6.956,0.105
0.40,2264,7.037,3.871,0.104
0.40,2265,9.252,-3.119,9.085
0.40,2266,0.144,8.091,0.097
0.40,2267,5.187,6.086,0.093
0.40,2268,6.231,6.478,8.633
0.40,2269,-7.287,7.438,4.865
0.40,2270,7.955,1.512,0.094
0.40,2271,-2.415,7.655,0.111
0.40,2272,3.353,7.303,0.104
0.40,2273,6.272,-4.939,0.091
0.40,2274,3.797,7.449,0.089
0.40,2275,-1.714,4.914,-4.544
0.40,2276,2.785,-7.580,0.102
0.40,2277,3.076,-3.952,-2.703
0.40,2278,-7.495,-2.885,0.105
0.40,2279,-5.916,-5.296,0.090
0.40,2280,7.686,-2.406,0.103
0.40,2281,-7.580,2.802,0.107
0.40,2282,0.575,4.284,-11.288
0.40,2283,5.763,5.534,0.094
0.40,2284,5.537,-5.753,0.089
0.40,2285,-6.141,5.351,0.087
0.40,2286,-8.087,5.487,3.855
0.40,2287,7.680,-2.417,0.103
0.40,2288,-6.962,3.944,0.106
0.40,2289,5.690,5.416,0.096
0.40,2290,-4.552,3.602,-2.768
0.40,2291,-5.351,-6.004,0.088
0.40,2292,2.139,-4.351,-4.635
0.40,2293,5.969,1.492,-0.348
0.40,2294,7.830,0.096,0.083
0.40,2295,8.319,-6.712,-8.136
0.40,2296,2.192,1.407,7.555
0.40,2297,-9.310,-5.646,-10.853
0.40,2298,4.628,6.526,0.097
0.40,2299,-0.831,-8.132,0.090
0.40,2300,4.988,4.902,6.722
0.40,2301,-6.310,-4.795,0.095
0.40,2302,-5.742,-8.937,-7.617
0.40,2303,-0.544,8.087,0.098
0.40,2304,6.394,4.812,0.097
0.40,2305,-2.984,-3.166,-5.053
0.40,2306,-6.921,5.218,0.037
0.40,2307,-7.007,-3.940,0.104
0.40,2308,-1.662,-5.360,-8.589
0.40,2309,-7.087,3.741,0.105
0.40,2310,6.335,0.213,6.007
0.40,2311,-1.925,-3.393,-10.895
0.40,2312,7.622,-2.510,0.106
0.40,2313,1.536,7.379,4.245
0.40,2314,-6.866,5.039,5.797
0.40,2315,-5.575,2.055,-0.166
0.40,2316,6.096,-5.348,0.084
0.40,2317,-7.669,2.401,0.105
0.40,2318,-7.121,3.823,0.103
0.40,2319,7.753,-2.296,0.100
0.40,2320,-6.878,3.991,0.102
0.40,2321,5.711,-5.576,0.090
0.40,2322,-7.569,2.713,0.106
0.40,2323,9.697,8.124,4.544
0.40,2324,-2.978,-7.464,0.100
0.40,2325,9.594,-8.266,-6.577
0.40,2326,2.597,7.626,0.111
0.40,2327,-4.661,-7.447,4.591
0.40,2328,3.844,-4.666,-0.264
0.40,2329,-6.128,5.103,0.094
0.40,2330,-7.960,1.316,0.094
0.40,2331,5.848,-1.701,7.786
0.40,2332,-3.615,-7.160,0.099
0.40,2333,4.021,6.863,0.103
0.40,2334,3.632,1.760,6.269
0.40,2335,6.851,-3.468,0.338
0.40,2336,-5.397,-2.684,1.035
0.40,2337,1.120,4.077,-6.055
0.40,2338,-4.164,6.797,0.096
0.40,2339,-3.370,-2.977,-5.984
0.40,2340,-3.298,-2.173,-3.904
0.40,2341,6.944,9.893,9.766
0.40,2342,6.753,4.377,0.098
0.40,2343,-4.879,1.332,-1.534
0.40,2344,9.087,1.569,4.244
0.40,2345,6.476,-8.679,-5.326
0.40,2346,-6.952,3.193,0.094
0.40,2347,-7.894,1.715,0.096
0.40,2348,1.698,8.725,0.026
0.40,2349,6.115,5.263,0.191
0.40,2350,4.521,1.472,-10.562
0.40,2351,-3.536,-0.779,-10.989
0.40,2352,-7.328,-3.604,0.099
0.40,2353,-3.173,-7.301,0.099
0.40,2354,-3.695,0.786,-7.428
0.40,2355,-6.464,6.846,0.092
0.40,2356,7.649,9.653,-3.930
0.40,2357,-0.698,-7.301,4.607
0.40,2358,2.911,6.868,5.503
0.40,2359,-8.812,1.600,0.063
0.40,2360,-7.066,-3.592,0.104
0.40,2361,-3.594,-7.172,0.098
0.40,2362,-4.770,-6.098,0.085
0.40,2363,2.167,-8.385,7.342
0.40,2364,-7.612,-5.425,-0.636
0.40,2365,5.921,5.373,0.091
0.40,2366,-8.089,5.913,-0.423
0.40,2367,6.612,-9.914,5.462
0.40,2368,-2.562,-7.847,9.748
0.40,2369,-3.868,-4.704,4.994
0.40,2370,-2.683,-7.572,0.103
0.40,2371,-1.448,-7.945,0.092
0.40,2372,-7.075,-0.125,2.447
0.40,2373,-3.434,9.335,-9.103
0.40,2374,7.118,-3.684,0.099
0.40,2375,-7.200,-3.540,0.102
0.40,2376,-8.045,8.742,4.717
0.40,2377,1.080,-7.896,0.092
0.40,2378,-8.000,1.213,0.094
0.40,2379,2.738,-7.750,0.131
0.40,2380,0.343,4.015,0.455
0.40,2381,-6.388,-4.629,0.097
0.40,2382,3.638,4.956,0.381
0.40,2383,-7.725,2.320,0.102
0.40,2384,4.518,6.818,0.095
0.40,2385,-7.219,-3.512,0.102
0.40,2386,-1.938,-7.835,0.095
0.40,2387,4.006,6.936,0.105
0.40,2388,3.728,7.103,0.106
0.40,2389,-2.760,7.540,0.109
0.40,2390,9.806,7.625,8.715
0.40,2391,-6.628,4.466,0.099
0.40,2392,-3.559,7.182,0.101
0.40,2393,6.979,3.960,0.105
0.40,2394,-7.237,4.357,9.180
0.40,2395,-3.796,-2.828,-0.362
0.40,2396,4.542,-6.598,0.092
0.40,2397,8.708,-4.908,-0.489
0.40,2398,5.743,8.298,0.424
0.40,2399,1.524,-8.325,0.071
0.40,2400,-6.771,4.827,0.074
0.40,2401,5.862,-5.517,0.086
0.40,2402,-7.638,-2.645,0.107
0.40,2403,6.191,4.920,0.096
0.40,2404,-2.243,-3.842,-4.699
0.40,2405,3.085,7.427,0.107
0.40,2406,-1.549,9.156,5.050
0.40,2407,-3.490,-7.260,0.097
0.40,2408,6.501,-2.512,4.015
0.40,2409,-5.289,-5.869,0.090
0.40,2410,5.100,6.150,0.096
0.40,2411,5.227,6.045,0.092
0.40,2412,-6.287,4.905,0.097
0.40,2413,-4.355,-6.721,0.095
0.40,2414,-9.091,-4.667,2.611
0.40,2415,-8.017,-0.972,0.095
0.40,2416,-8.712,5.676,-5.374
0.40,2417,-2.839,7.427,0.105
0.40,2418,-2.855,3.001,1.075
0.40,2419,-6.119,6.455,2.511
0.40,2420,-5.632,5.634,0.092
0.40,2421,8.104,-0.116,0.090
0.40,2422,2.892,-7.520,0.101
0.40,2423,-1.390,5.160,-10.434
0.40,2424,3.840,-7.024,0.100
0.40,2425,0.335,-5.274,-4.357
0.40,2426,-2.913,-7.460,0.100
0.40,2427,-4.830,-9.196,-2.627
0.40,2428,-5.431,2.416,-0.876
0.40,2429,7.851,1.979,0.098
0.40,2430,-3.667,-7.136,0.099
0.40,2431,2.663,-7.341,0.094
0.40,2432,-5.466,5.804,0.090
0.40,2433,7.782,2.202,0.100
0.40,2434,6.307,4.918,0.097
0.40,2435,-7.050,9.278,6.630
0.40,2436,4.106,6.848,0.102
0.40,2437,7.693,-2.379,0.102
0.40,2438,-7.596,-2.632,0.109
0.40,2439,6.158,5.105,0.095
0.40,2440,5.216,6.055,0.093
0.40,2441,7.465,3.936,7.709
0.40,2442,-3.729,-0.106,-3.603
0.40,2443,3.942,6.971,0.107
0.40,2444,6.596,-4.547,0.091
0.40,2445,4.817,6.384,0.098
0.40,2446,-5.580,-5.597,0.091
0.40,2447,-5.463,-5.926,0.088
0.40,2448,-2.695,-7.571,0.103
0.40,2449,7.125,-3.704,0.099
0.40,2450,-7.756,-3.470,3.209
0.40,2451,-7.971,1.350,0.094
0.40,2452,7.709,8.580,-3.214
0.40,2453,5.332,5.953,0.091
0.40,2454,-2.305,-7.792,0.096
0.40,2455,2.736,-7.584,0.103
0.40,2456,-0.917,8.020,0.099
0.40,2457,7.600,-9.085,-11.429
0.40,2458,-6.761,-4.230,0.098
0.40,2459,7.068,-4.397,0.083
0.40,2460,-4.176,-6.802,0.096
0.40,2461,-0.251,-8.066,0.090
0.40,2462,4.286,6.276,4.547
0.40,2463,0.715,-8.070,0.090
0.40,2464,1.868,7.867,0.102
0.40,2465,-8.028,0.958,0.093
0.40,2466,-8.023,-1.180,0.096
0.40,2467,2.810,7.632,0.108
0.40,2468,-1.127,4.550,-4.888
0.40,2469,-7.027,-9.550,6.563
0.40,2470,1.770,-4.077,-1.602
0.40,2471,-7.308,-3.333,0.102
0.40,2472,-6.766,-4.278,0.098
0.40,2473,-6.223,9.292,-9.407
0.40,2474,-1.362,4.419,2.798
0.40,2475,-7.287,3.775,0.099
0.40,2476,8.012,-1.104,0.092
0.40,2477,-7.544,-7.692,-0.542
0.40,2478,-5.072,-8.164,-7.147
0.40,2479,7.804,-2.046,0.098
0.40,2480,-6.924,-4.025,0.102
0.40,2481,-0.026,8.094,0.097
0.40,2482,-3.255,-0.996,-8.974
0.40,2483,3.426,7.266,0.104
0.40,2484,-8.073,0.567,0.093
0.40,2485,-7.975,1.019,7.832
0.40,2486,7.560,0.788,0.078
0.40,2487,-4.248,2.235,-4.512
0.40,2488,-3.009,1.681,7.095
0.40,2489,-7.811,2.035,0.099
0.40,2490,5.991,-5.282,0.086
0.40,2491,0.551,-8.082,0.090
0.40,2492,8.006,-1.373,0.093
0.40,2493,-1.703,-8.277,0.073
0.40,2494,-4.665,-6.502,0.093
0.40,2495,-4.903,6.291,0.093
0.40,2496,4.537,-2.364,-2.000
0.40,2497,-5.147,6.092,0.090
0.40,2498,8.265,4.566,4.495
0.40,2499,-7.334,-3.277,0.103
0.40,2500,2.992,-9.223,3.623
0.40,2501,-9.731,8.134,-7.719
0.40,2502,4.590,2.127,-0.474
0.40,2503,2.409,-8.795,6.906
0.40,2504,-7.511,2.874,0.105
0.40,2505,-6.694,-3.920,0.091
0.40,2506,2.560,-7.653,0.103
0.40,2507,-7.997,-1.125,0.096
0.40,2508,-5.595,5.673,0.092
0.40,2509,7.717,-2.309,0.101
0.40,2510,3.427,7.266,0.104
0.40,2511,4.701,-6.575,0.088
0.40,2512,6.182,-5.050,0.091
0.40,2513,-0.601,-8.014,0.091
0.40,2514,0.390,-2.996,-2.643
0.40,2515,8.099,-0.194,0.090
0.40,2516,3.281,7.311,0.105
0.40,2517,-6.345,2.427,4.237
0.40,2518,-6.858,4.813,0.079
0.40,2519,-0.991,8.012,0.099
0.40,2520,-6.719,4.303,0.099
0.40,2521,1.819,2.360,6.836
0.40,2522,-7.520,2.863,0.142
0.40,2523,-6.393,4.775,0.097
0.40,2524,0.604,6.011,-0.830
0.40,2525,2.539,-7.666,0.102
0.40,2526,-3.698,-1.273,-4.530
0.40,2527,-4.178,-8.271,-1.034
0.40,2528,9.068,4.887,-7.010
0.40,2529,-3.104,0.321,-3.915
0.40,2530,-5.163,6.080,0.089
0.40,2531,-7.877,3.078,2.854
0.40,2532,1.420,-7.977,0.092
0.40,2533,-2.397,-2.978,-1.358
0.40,2534,-0.238,8.036,0.097
0.40,2535,7.953,0.659,0.091
0.40,2536,4.492,6.624,0.099
0.40,2537,6.643,4.491,0.097
0.40,2538,-4.537,6.568,0.093
0.40,2539,7.866,-1.838,0.097
0.40,2540,8.062,0.709,0.091
0.40,2541,-8.086,-0.221,0.093
0.40,2542,4.535,3.723,-0.088
0.40,2543,2.454,1.631,-2.537
0.40,2544,-3.005,7.376,0.104
0.40,2545,-6.844,4.132,0.101
0.40,2546,0.487,-4.238,-3.098
0.40,2547,-0.600,4.599,-5.668
0.40,2548,-3.087,-1.532,-10.712
0.40,2549,-7.118,3.688,0.104
0.40,2550,-6.805,4.193,0.100
0.40,2551,-8.006,-1.070,0.095
0.40,2552,-7.343,3.698,0.098
0.40,2553,7.018,5.428,0.105
0.40,2554,6.085,4.730,0.111
0.40,2555,-8.161,3.531,0.123
0.40,2556,6.437,4.735,0.096
0.40,2557,-3.356,7.287,0.102
0.40,2558,8.062,-0.745,0.091
0.40,2559,-0.474,-2.705,7.916
0.40,2560,2.622,4.065,6.591
0.40,2561,-3.030,3.597,-2.996
0.40,2562,3.602,0.718,7.526
0.40,2563,-2.676,-9.973,9.536
0.40,2564,-1.723,-7.890,0.093
0.40,2565,4.495,-6.631,0.092
0.40,2566,6.660,-2.483,2.898
0.40,2567,-0.446,8.068,0.098
0.40,2568,4.934,-6.289,0.092
0.40,2569,8.096,-0.238,0.090
0.40,2570,-8.977,7.861,-10.376
0.40,2571,5.027,6.200,0.096
0.40,2572,2.924,7.491,0.108
0.40,2573,8.151,-0.672,0.091
0.40,2574,-3.775,7.070,0.103
0.40,2575,6.618,4.519,0.097
0.40,2576,8.370,-2.019,0.163
0.40,2577,-3.952,0.845,5.531
0.40,2578,6.453,4.728,0.096
0.40,2579,2.215,-7.760,0.098
0.40,2580,-6.523,4.610,0.097
0.40,2581,7.729,2.366,0.102
0.40,2582,4.200,8.938,-1.907
0.40,2583,6.012,9.519,-6.332
0.40,2584,-6.870,4.177,0.101
0.40,2585,-8.102,0.286,0.093
0.40,2586,3.350,-7.322,0.097
0.40,2587,-4.657,6.543,0.091
0.40,2588,-2.768,-1.328,1.412
0.40,2589,-8.343,2.061,6.142
0.40,2590,8.223,-0.387,0.089
0.40,2591,2.674,-7.608,0.104
0.40,2592,1.494,-7.959,0.092
0.40,2593,7.022,-3.850,0.101
0.40,2594,-8.031,0.916,0.093
0.40,2595,8.480,4.993,-9.839
0.40,2596,8.101,0.191,0.090
0.40,2597,5.788,2.594,0.031
0.40,2598,-4.772,-0.621,-0.947
0.40,2599,3.271,7.343,0.105
0.40,2600,-7.872,1.484,0.129
0.40,2601,6.718,-6.420,3.929
0.40,2602,8.166,4.015,0.013
0.40,2603,-2.154,-5.996,-5.283
0.40,2604,0.414,8.322,0.092
0.40,2605,3.818,8.634,6.700
0.40,2606,7.676,2.443,0.105
0.40,2607,-4.746,1.645,1.156
0.40,2608,-2.387,9.868,8.997
0.40,2609,0.321,-8.090,0.090
0.40,2610,4.540,-7.071,4.296
0.40,2611,0.342,3.856,-4.134
0.40,2612,-8.324,-2.048,0.065
0.40,2613,-1.716,-2.109,1.497
0.40,2614,-7.955,-1.353,0.097
0.40,2615,0.508,-3.034,-2.574
0.40,2616,-6.820,-3.870,0.099
0.40,2617,-4.235,1.449,-0.353
0.40,2618,-6.048,-5.227,0.090
0.40,2619,-2.469,-7.664,0.102
0.40,2620,-7.501,2.885,0.105
0.40,2621,-7.967,-1.331,0.096
0.40,2622,1.455,-3.675,-10.674
0.40,2623,-8.080,0.265,0.093
0.40,2624,-6.798,-2.025,0.092
0.40,2625,3.665,-7.146,0.097
0.40,2626,-7.161,-3.620,0.102
0.40,2627,8.108,0.188,0.090
0.40,2628,-5.441,5.791,0.090
0.40,2629,2.553,-7.716,3.918
0.40,2630,7.196,-3.528,0.098
0.40,2631,7.532,2.863,0.105
0.40,2632,8.562,-7.569,-0.604
0.40,2633,-2.518,-7.660,0.102
0.40,2634,7.296,-3.337,0.098
0.40,2635,4.567,6.573,0.097
0.40,2636,7.703,2.719,0.101
0.40,2637,0.407,-8.079,0.090
0.40,2638,-0.597,3.525,-4.136
0.40,2639,-1.413,-0.799,9.788
0.40,2640,0.768,3.657,-0.403
0.40,2641,4.172,0.104,-4.421
0.40,2642,6.285,-7.676,-7.739
0.40,2643,-4.411,-0.596,-8.845
0.40,2644,-5.746,-7.977,-3.591
0.40,2645,8.060,0.838,0.091
0.40,2646,3.436,5.642,6.237
0.40,2647,5.458,-0.706,6.312
0.40,2648,1.896,7.823,0.103
0.40,2649,-7.503,-2.874,0.106
0.40,2650,8.094,-0.158,0.090
0.40,2651,8.964,7.476,7.508
0.40,2652,0.092,-7.902,0.088
0.40,2653,1.989,3.488,-4.624
0.40,2654,-7.735,2.272,0.102
0.40,2655,-5.731,-5.564,0.093
0.40,2656,0.172,-5.988,5.380
0.40,2657,-8.091,1.877,0.946
0.40,2658,2.735,-2.323,-3.641
0.40,2659,-2.789,7.529,0.108
0.40,2660,2.958,2.379,-11.349
0.40,2661,8.280,2.721,0.056
0.40,2662,-3.503,7.218,0.101
0.40,2663,3.334,2.943,-6.858
0.40,2664,7.708,-2.288,0.102
0.40,2665,-0.626,8.060,0.098
0.40,2666,7.937,-2.024,0.094
0.40,2667,-0.757,7.934,0.098
0.40,2668,8.086,-0.450,0.090
0.40,2669,8.807,8.847,9.102
0.40,2670,-2.563,-7.626,0.104
0.40,2671,6.818,8.831,-3.961
0.40,2672,-6.082,5.159,0.093
0.40,2673,4.725,-7.751,3.729
0.40,2674,-6.329,3.152,4.707
0.40,2675,5.337,-5.805,0.088
0.40,2676,-7.660,-2.641,0.106
0.40,2677,-0.164,3.925,-4.025
0.40,2678,-7.720,-2.123,0.104
0.40,2679,2.057,8.080,0.094
0.40,2680,7.777,-2.172,0.099
0.40,2681,0.789,4.443,-5.074
0.40,2682,-7.551,5.758,4.669
0.40,2683,4.212,-6.589,0.091
0.40,2684,-3.687,2.785,-3.225
0.40,2685,0.725,8.060,0.097
0.40,2686,-7.458,7.724,-2.323
0.40,2687,-3.442,-7.250,0.098
0.40,2688,-6.660,4.417,0.099
0.40,2689,1.743,7.898,0.101
0.40,2690,-8.159,9.030,-3.776
0.40,2691,-7.037,9.148,-10.435
0.40,2692,0.947,-7.900,0.095
0.40,2693,8.084,-0.803,0.091
0.40,2694,7.694,2.375,0.104
0.40,2695,-6.556,-4.335,0.098
0.40,2696,-5.619,9.366,-6.137
0.40,2697,6.897,8.861,-5.500
0.40,2698,8.006,1.228,0.093
0.40,2699,2.799,-7.625,0.101
0.40,2700,7.947,-0.559,0.092
0.40,2701,-0.812,8.231,0.095
0.40,2702,-2.463,-3.290,1.355
0.40,2703,0.441,-7.972,0.092
0.40,2704,0.917,5.243,-11.199
0.40,2705,0.608,8.073,0.097
0.40,2706,7.016,-1.569,0.214
0.40,2707,7.845,1.636,0.097
0.40,2708,4.645,-5.649,9.859
0.40,2709,2.603,7.247,7.609
0.40,2710,-0.446,-8.077,0.090
0.40,2711,2.679,-7.606,0.104
0.40,2712,7.260,-3.132,0.099
0.40,2713,6.555,-4.586,0.091
0.40,2714,-6.098,-9.584,-3.795
0.40,2715,1.656,-2.432,9.331
0.40,2716,-2.838,7.514,0.108
0.40,2717,-1.816,-7.865,0.094
0.40,2718,-4.459,0.441,8.188
0.40,2719,6.741,-4.948,0.072
0.40,2720,5.612,5.683,0.096
0.40,2721,5.150,6.273,7.209
0.40,2722,1.456,-8.335,0.072
0.40,2723,-8.412,1.278,5.447
0.40,2724,3.689,7.208,0.103
0.40,2725,0.505,-3.883,-7.776
0.40,2726,-7.433,0.857,6.921
0.40,2727,3.832,7.049,0.107
0.40,2728,7.901,-1.484,0.095
0.40,2729,5.229,6.047,0.092
0.40,2730,6.036,-5.229,0.087
0.40,2731,-0.633,8.060,0.098
0.40,2732,0.219,-8.048,0.090
0.40,2733,-8.057,0.303,3.379
0.40,2734,-5.708,5.179,5.943
0.40,2735,-0.579,8.062,0.098
0.40,2736,0.625,2.961,4.405
0.40,2737,2.264,-7.750,0.098
0.40,2738,7.273,2.044,0.085
0.40,2739,-5.316,5.906,0.088
0.40,2740,-7.349,3.242,0.103
0.40,2741,-7.977,1.324,0.094
0.40,2742,0.118,-8.096,0.090
0.40,2743,4.821,6.342,0.099
0.40,2744,7.603,-2.584,0.106
0.40,2745,-9.585,7.197,-11.023
0.40,2746,-4.574,-0.560,1.306
0.40,2747,4.992,6.233,0.097
0.40,2748,-8.429,3.898,4.985
0.40,2749,-6.305,-4.913,0.096
0.40,2750,6.705,-4.008,0.091
0.40,2751,-1.850,-2.245,7.587
0.40,2752,2.624,-2.255,2.646
0.40,2753,-2.614,-7.605,0.104
0.40,2754,5.240,-6.035,0.087
0.40,2755,8.622,7.264,-2.436
0.40,2756,-6.977,3.944,0.106
0.40,2757,0.640,-4.720,-1.099
0.40,2758,2.110,-7.898,0.093
0.40,2759,-7.395,8.150,4.634
0.40,2760,-6.762,-4.416,0.097
0.40,2761,9.630,8.889,-3.510
0.40,2762,-7.830,1.214,0.095
0.40,2763,-4.328,2.134,-11.134
0.40,2764,-3.619,2.829,7.353
0.40,2765,9.619,-7.249,7.673
0.40,2766,-3.500,-7.223,0.098
0.40,2767,-8.423,5.382,7.874
0.40,2768,8.083,-0.513,0.091
0.40,2769,-4.929,-0.308,6.077
0.40,2770,-6.891,-4.078,0.101
0.40,2771,-4.983,-9.412,-2.533
0.40,2772,5.522,-7.121,9.794
0.40,2773,7.713,2.213,0.103
0.40,2774,-6.817,-4.197,0.099
0.40,2775,-5.301,-4.431,7.213
0.40,2776,6.974,4.446,0.092
0.40,2777,-0.371,-8.095,0.090
0.40,2778,2.304,-2.011,-2.792
0.40,2779,-9.318,8.930,6.295
0.40,2780,6.348,7.492,-1.388
0.40,2781,0.448,8.077,0.097
0.40,2782,-0.098,5.194,0.695
0.40,2783,9.624,3.332,5.259
0.40,2784,-3.596,-7.173,0.098
0.40,2785,-3.251,5.436,-1.001
0.40,2786,-5.641,-6.523,0.030
0.40,2787,6.742,-4.252,0.093
0.40,2788,-1.997,7.809,0.105
0.40,2789,1.844,7.875,0.102
0.40,2790,-2.333,-7.108,8.250
0.40,2791,7.164,3.650,0.102
0.40,2792,1.295,7.992,0.098
0.40,2793,-1.919,7.903,0.103
0.40,2794,2.443,-7.780,0.096
0.40,2795,3.880,-3.003,-2.393
0.40,2796,-4.115,-0.843,-11.177
0.40,2797,-9.687,-8.482,-2.825
0.40,2798,1.264,-3.883,-5.197
0.40,2799,4.892,6.390,0.097
0.40,2800,0.019,9.330,6.630
0.40,2801,-5.817,-5.573,0.090
0.40,2802,4.970,-2.562,-1.283
0.40,2803,-9.601,-8.929,-2.120
0.40,2804,3.163,2.126,-3.611
0.40,2805,-4.466,1.364,0.885
0.40,2806,-4.331,-6.738,0.095
0.40,2807,-7.935,-7.366,4.226
0.40,2808,-4.190,8.617,-6.490
0.40,2809,-5.710,-4.961,0.070
0.40,2810,-7.511,-2.850,0.106
0.40,2811,8.057,0.920,0.091
0.40,2812,-6.633,-4.486,0.096
0.40,2813,3.059,-0.065,3.159
0.40,2814,8.384,9.617,-5.125
0.40,2815,1.433,-3.971,-7.834
0.40,2816,8.096,-0.257,0.090
0.40,2817,-2.163,-7.767,0.097
0.40,2818,-7.102,-3.731,0.103
0.40,2819,5.380,2.110,-0.927
0.40,2820,-7.699,-2.358,0.105
0.40,2821,6.837,-4.099,0.095
0.40,2822,5.338,-5.946,0.086
0.40,2823,9.338,-9.364,1.583
0.40,2824,-4.450,-9.594,-1.990
0.40,2825,-8.914,-5.527,9.692
0.40,2826,8.343,0.240,0.076
0.40,2827,2.181,-7.506,0.111
0.40,2828,5.909,-5.373,0.086
0.40,2829,-5.796,9.799,6.692
0.40,2830,3.595,-9.694,2.488
0.40,2831,-2.767,-2.601,0.575
0.40,2832,8.031,-0.265,0.090
0.40,2833,-1.458,1.912,6.805
0.40,2834,-5.519,5.718,0.092
0.40,2835,-5.088,-6.164,0.093
0.40,2836,8.041,1.089,0.092
0.40,2837,2.356,3.747,-7.697
0.40,2838,-4.528,2.098,-1.661
0.40,2839,-7.162,-3.619,0.102
0.40,2840,-3.980,6.864,0.098
0.40,2841,3.298,-2.927,-3.040
0.40,2842,-3.660,7.129,0.101
0.40,2843,-0.582,-0.587,5.472
0.40,2844,-3.264,-2.132,1.437
0.40,2845,1.665,7.885,0.101
0.40,2846,-1.334,-3.731,-3.471
0.40,2847,-0.752,6.916,-0.111
0.40,2848,-8.037,-0.808,0.094
0.40,2849,2.300,2.857,-5.444
0.40,2850,2.554,7.613,0.112
0.40,2851,-1.142,-8.001,0.091
0.40,2852,4.276,2.496,-10.483
0.40,2853,1.984,-5.194,-2.204
0.40,2854,0.630,8.072,0.097
0.40,2855,0.275,3.480,-3.125
0.40,2856,-8.407,1.123,0.066
0.40,2857,6.154,-5.086,0.090
0.40,2858,3.285,7.336,0.105
0.40,2859,-2.529,8.835,2.958
0.40,2860,-2.183,-8.125,0.081
0.40,2861,0.018,-8.100,0.090
0.40,2862,-3.919,-6.983,8.593
0.40,2863,-0.278,5.766,6.707
0.40,2864,-4.871,6.315,0.093
0.40,2865,-2.456,-7.681,0.101
0.40,2866,8.013,-2.741,0.076
0.40,2867,4.012,-6.751,0.092
0.40,2868,7.561,2.807,0.106
0.40,2869,-2.440,-7.672,0.101
0.40,2870,0.036,-3.375,-3.070
0.40,2871,0.578,-8.036,3.428
0.40,2872,8.069,-0.638,0.091
0.40,2873,-3.073,-7.435,6.742
0.40,2874,-1.527,5.799,5.680
0.40,2875,7.115,-3.687,0.099
0.40,2876,4.149,-6.858,0.095
0.40,2877,-7.101,3.718,0.104
0.40,2878,-3.127,-2.432,-8.477
0.40,2879,-7.762,-2.168,0.103
0.40,2880,6.938,-5.882,6.072
0.40,2881,8.125,2.878,0.052
0.40,2882,-6.393,4.178,0.086
0.40,2883,-0.711,8.052,0.098
0.40,2884,-3.519,-2.481,-7.565
0.40,2885,3.822,-1.169,-11.389
0.40,2886,-8.350,-7.643,-5.426
0.40,2887,5.764,5.347,0.099
0.40,2888,0.856,8.043,0.097
0.40,2889,4.311,-6.754,0.093
0.40,2890,-6.557,-7.311,3.903
0.40,2891,-7.895,3.089,5.119
0.40,2892,-7.025,3.855,0.106
0.40,2893,-0.718,8.049,0.098
0.40,2894,1.158,8.010,0.098
0.40,2895,3.549,5.966,0.119
0.40,2896,7.304,3.386,0.101
0.40,2897,3.001,7.555,0.108
0.40,2898,8.031,1.096,0.092
0.40,2899,-8.336,8.900,7.444
0.40,2900,-5.147,-6.085,0.091
0.40,2901,-3.054,7.423,0.105
0.40,2902,0.639,-5.131,-5.578
0.40,2903,-9.322,4.832,-1.060
0.40,2904,3.120,-1.365,-11.050
0.40,2905,2.127,3.166,-10.652
0.40,2906,2.157,-7.796,0.097
0.40,2907,7.310,9.491,-3.453
0.40,2908,3.803,-2.592,0.278
0.40,2909,-3.919,-6.986,0.102
0.40,2910,-2.985,-1.447,-6.096
0.40,2911,-4.899,-2.515,-5.023
0.40,2912,3.737,-1.132,-8.733
0.40,2913,5.390,0.408,4.537
0.40,2914,-7.311,-8.548,7.318
0.40,2915,9.533,-3.254,6.758
0.40,2916,4.956,-6.269,0.092
0.40,2917,5.576,-1.230,-8.205
0.40,2918,-7.019,4.913,0.060
0.40,2919,-1.268,-3.018,-5.028
0.40,2920,1.759,2.609,-5.620
0.40,2921,0.484,-5.667,2.363
0.40,2922,1.257,7.996,0.098
0.40,2923,0.192,-4.187,6.005
0.40,2924,-0.206,-3.793,-3.834
0.40,2925,-8.038,0.862,0.093
0.40,2926,3.292,3.914,-4.698
0.40,2927,-7.152,3.622,0.103
0.40,2928,-3.083,3.647,-6.098
0.40,2929,-3.392,7.228,0.102
0.40,2930,-7.055,9.229,-8.920
0.40,2931,-5.554,-0.357,-2.885
0.40,2932,-2.676,7.641,0.109
0.40,2933,-4.080,-1.098,-10.841
0.40,2934,3.698,-0.319,-0.649
0.40,2935,7.977,1.421,0.093
0.40,2936,-7.373,-1.424,0.048
0.40,2937,-7.964,0.992,0.093
0.40,2938,-8.662,-8.631,4.440
0.40,2939,1.949,8.625,7.811
0.40,2940,-5.734,-0.493,1.142
0.40,2941,3.342,-7.332,0.097
0.40,2942,-4.919,-9.267,3.584
0.40,2943,8.099,-0.436,0.090
0.40,2944,-1.809,7.856,0.104
0.40,2945,-4.385,-6.696,0.095
0.40,2946,-9.798,6.805,0.163
0.40,2947,1.183,8.012,0.098
0.40,2948,6.559,-5.493,0.045
0.40,2949,-6.971,-4.972,4.081
0.40,2950,5.110,6.155,0.095
0.40,2951,-7.082,3.731,0.105
0.40,2952,7.833,2.313,0.097
0.40,2953,6.360,-4.628,0.102
0.40,2954,-4.759,-6.447,0.093
0.40,2955,-0.927,-8.085,0.090
0.40,2956,-7.966,0.870,0.101
0.40,2957,2.104,2.532,-2.707
0.40,2958,-6.107,5.128,0.093
0.40,2959,-1.599,8.043,0.099
0.40,2960,6.592,4.389,0.098
0.40,2961,-4.453,-6.650,0.095
0.40,2962,5.381,-5.904,0.086
0.40,2963,-6.504,-4.664,0.094
0.40,2964,-0.680,-3.812,-5.368
0.40,2965,-6.415,-4.841,0.094
0.40,2966,-7.845,7.645,0.195
0.40,2967,4.801,6.397,0.098
0.40,2968,7.660,-5.963,3.972
0.40,2969,2.725,7.545,0.109
0.40,2970,-1.604,-2.416,-1.494
0.40,2971,-4.671,-6.496,0.093
0.40,2972,-5.726,-5.571,0.093
0.40,2973,7.002,-3.880,0.101
0.40,2974,-3.038,7.428,0.105
0.40,2975,0.870,-7.653,0.091
0.40,2976,-4.130,-3.445,-4.612
0.40,2977,-5.482,5.790,0.090
0.40,2978,-4.586,7.878,8.278
0.40,2979,-0.445,-8.073,0.090
0.40,2980,8.544,-8.856,1.137
0.40,2981,-7.637,2.554,0.107
0.40,2982,4.621,6.408,0.099
0.40,2983,-8.074,-0.553,0.094
0.40,2984,0.706,8.063,0.097
0.40,2985,7.745,1.654,0.099
0.40,2986,5.321,0.107,3.401
0.40,2987,7.243,-7.826,-8.615
0.40,2988,3.156,2.010,8.193
0.40,2989,1.457,-3.555,-7.319
0.40,2990,4.883,6.335,0.099
0.40,2991,6.823,-3.111,0.067
0.40,2992,-7.202,-3.543,0.102
0.40,2993,3.045,-6.081,-0.456
0.40,2994,-0.296,-8.116,0.090
0.40,2995,-2.691,-2.488,-7.756
0.40,2996,-7.750,-1.680,0.102
0.40,2997,2.268,7.960,0.095
0.40,2998,7.778,-2.125,0.099
0.40,2999,4.028,-7.546,0.061
1.00,0,-6.227,-5.010,0.094
1.00,1,7.062,3.830,0.104
1.00,2,6.384,-4.798,0.092
1.00,3,0.296,7.876,0.095
1.00,4,8.505,-5.773,5.720
1.00,5,8.088,0.574,0.091
1.00,6,-1.169,-4.076,-3.471
1.00,7,6.653,4.469,0.098
1.00,8,-3.895,-7.001,0.102
1.00,9,-6.388,-4.810,0.096
1.00,10,-2.200,7.744,0.107
1.00,11,-6.933,3.991,0.104
1.00,12,-7.305,3.332,0.102
1.00,13,7.525,-2.809,0.103
1.00,14,0.985,-8.039,0.091
1.00,15,-6.233,4.973,0.096
1.00,16,4.972,-6.256,0.091
1.00,17,6.703,4.394,0.098
1.00,18,6.760,4.307,0.098
1.00,19,-7.855,-1.848,0.100
1.00,20,-8.062,-0.615,0.094
1.00,21,7.603,-2.617,0.106
1.00,22,5.739,5.558,0.095
1.00,23,2.754,7.561,0.110
1.00,24,-1.887,-7.848,0.095
1.00,25,6.539,-4.599,0.091
1.00,26,5.646,5.650,0.095
1.00,27,-3.366,7.282,0.102
1.00,28,6.495,4.685,0.096
1.00,29,-8.083,0.195,0.093
1.00,30,-3.881,8.744,9.146
1.00,31,-2.972,-6.515,0.007
1.00,32,6.671,4.443,0.098
1.00,33,-3.626,-7.156,0.099
1.00,34,-2.665,7.994,0.117
1.00,35,7.048,-3.808,0.101
1.00,36,-6.093,-5.176,0.091
1.00,37,3.494,-7.246,0.096
1.00,38,-5.326,-5.960,0.089
1.00,39,0.722,-8.069,0.090
1.00,40,-7.310,3.322,0.102
1.00,41,-7.072,3.769,0.105
1.00,42,-4.479,6.620,0.094
1.00,43,-0.938,8.019,0.099
1.00,44,1.810,5.109,-9.276
1.00,45,4.234,-6.803,0.094
1.00,46,7.693,2.469,0.104
1.00,47,8.104,0.122,0.090
1.00,48,1.613,-7.935,0.093
1.00,49,3.448,7.255,0.104
1.00,50,3.617,9.369,3.886
1.00,51,-7.983,-1.242,0.096
1.00,52,-6.776,-4.264,0.098
1.00,53,-7.370,3.199,0.104
1.00,54,-6.668,4.406,0.099
1.00,55,-7.815,2.023,0.099
1.00,56,8.097,0.315,0.090
1.00,57,-7.703,2.367,0.103
1.00,58,1.175,-8.016,0.091
1.00,59,7.790,-2.089,0.099
1.00,60,-2.712,-6.170,0.121
1.00,61,-0.458,-8.076,0.090
1.00,62,-8.036,0.880,0.093
1.00,63,3.300,2.234,-6.776
1.00,64,-5.745,5.524,0.092
1.00,65,2.524,-7.673,0.102
1.00,66,-0.448,8.069,0.098
1.00,67,7.938,1.612,0.095
1.00,68,1.946,7.846,0.103
1.00,69,-3.468,-7.238,0.098
1.00,70,0.709,-8.071,0.090
1.00,71,-3.370,7.280,0.102
1.00,72,-7.069,-3.791,0.104
1.00,73,-3.859,-7.024,0.102
1.00,74,6.141,5.123,0.095
1.00,75,-3.535,-7.203,0.098
1.00,76,-2.767,7.538,0.109
1.00,77,8.543,-0.906,4.923
1.00,78,-3.342,-7.300,0.098
1.00,79,4.556,-6.588,0.091
1.00,80,-7.670,-2.443,0.107
1.00,81,-8.072,0.462,0.093
1.00,82,-1.583,-7.916,0.093
1.00,83,-7.595,2.652,0.107
1.00,84,-7.830,1.982,0.098
1.00,85,-6.583,-4.654,0.093
1.00,86,7.966,-1.385,0.093
1.00,87,-7.512,-4.956,6.739
1.00,88,4.388,6.699,0.100
1.00,89,0.981,8.030,0.097
1.00,90,0.837,8.047,0.097
1.00,91,-7.362,5.680,4.374
1.00,92,3.237,7.360,0.106
1.00,93,6.290,-4.915,0.092
1.00,94,5.592,-5.696,0.090
1.00,95,8.051,-0.835,0.091
1.00,96,-7.355,7.406,0.535
1.00,97,-5.464,-5.834,0.090
1.00,98,-6.673,4.399,0.099
1.00,99,-1.065,8.002,0.100
1.00,100,5.508,5.787,0.093
1.00,101,7.112,-3.694,0.099
1.00,102,-6.915,4.020,0.104
1.00,103,7.815,2.095,0.099
1.00,104,-7.790,2.101,0.099
1.00,105,1.989,-7.846,0.095
1.00,106,-3.408,7.261,0.101
1.00,107,-6.612,4.488,0.098
1.00,108,6.090,-5.166,0.088
1.00,109,0.635,-8.079,0.090
1.00,110,-3.187,7.368,0.104
1.00,111,-6.942,-4.015,0.103
1.00,112,8.457,-0.321,9.745
1.00,113,-7.353,3.233,0.103
1.00,114,-5.089,-6.162,0.093
1.00,115,-2.023,7.800,0.105
1.00,116,-4.214,6.354,7.327
1.00,117,-7.496,-2.890,0.105
1.00,118,-5.728,1.388,-4.665
1.00,119,-7.998,1.188,0.093
1.00,120,7.903,1.773,0.096
1.00,121,-8.043,-0.778,0.094
1.00,122,-8.004,1.133,0.093
1.00,123,-7.491,-2.903,0.105
1.00,124,8.087,-0.431,0.090
1.00,125,-7.439,3.038,0.104
1.00,126,-0.574,-3.901,-3.379
1.00,127,-4.688,-6.482,0.093
1.00,128,-0.931,-8.047,0.090
1.00,129,-7.604,-2.618,0.109
1.00,130,0.315,7.342,0.084
1.00,131,-0.143,-8.093,0.090
1.00,132,-5.604,5.665,0.092
1.00,133,-3.525,-7.208,0.098
1.00,134,-7.011,3.867,0.106
1.00,135,0.533,-2.411,5.969
1.00,136,4.402,-7.713,4.360
1.00,137,7.440,5.054,8.836
1.00,138,3.236,-7.374,0.098
1.00,139,-3.404,-0.604,6.668
1.00,140,2.005,7.828,0.103
1.00,141,-7.776,4.071,0.178
1.00,142,8.874,-4.657,-6.126
1.00,143,-7.627,2.577,0.107
1.00,144,-8.109,8.570,7.091
1.00,145,1.677,7.908,0.100
1.00,146,-0.890,8.029,0.099
1.00,147,-7.596,-2.638,0.109
1.00,148,-1.761,-3.727,-6.093
1.00,149,-8.023,8.983,3.381
1.00,150,5.769,-5.518,0.089
1.00,151,6.611,4.529,0.097
1.00,152,7.694,-2.376,0.102
1.00,153,-6.125,5.106,0.094
1.00,154,-3.013,5.353,-8.882
1.00,155,6.518,4.530,0.098
1.00,156,-0.651,8.057,0.098
1.00,157,7.032,3.879,0.104
1.00,158,-7.160,-3.622,0.102
1.00,159,-2.443,-7.671,0.101
1.00,160,6.006,-5.262,0.087
1.00,161,-7.355,-3.232,0.103
1.00,162,-7.443,3.026,0.104
1.00,163,7.037,3.870,0.104
1.00,164,-2.828,-7.520,0.101
1.00,165,1.723,7.898,0.101
1.00,166,6.984,3.954,0.105
1.00,167,-3.311,7.309,0.102
1.00,168,3.511,7.222,0.104
1.00,169,-4.755,4.368,1.508
1.00,170,-6.932,-4.011,0.103
1.00,171,3.345,7.307,0.104
1.00,172,-8.021,1.004,0.093
1.00,173,-8.069,-0.469,0.094
1.00,174,-3.770,7.069,0.103
1.00,175,-3.391,7.272,0.102
1.00,176,7.891,1.828,0.096
1.00,177,5.808,0.805,0.640
1.00,178,2.654,-7.617,0.104
1.00,179,1.307,7.987,0.099
1.00,180,-7.725,-2.277,0.104
1.00,181,-6.175,5.045,0.095
1.00,182,-8.036,0.880,0.093
1.00,183,0.205,-8.093,0.090
1.00,184,-7.262,-3.424,0.102
1.00,185,5.423,-5.866,0.087
1.00,186,1.872,-2.734,2.581
1.00,187,2.072,7.807,0.104
1.00,188,7.541,-2.769,0.103
1.00,189,7.532,-2.792,0.103
1.00,190,3.831,1.993,0.759
1.00,191,-5.000,-6.768,0.077
1.00,192,-4.835,6.345,0.094
1.00,193,7.917,-1.604,0.095
1.00,194,1.852,-7.883,0.095
1.00,195,0.459,8.077,0.097
1.00,196,-7.972,1.345,0.094
1.00,197,-4.616,6.521,0.092
1.00,198,5.896,-5.386,0.086
1.00,199,-6.446,-4.738,0.095
1.00,200,-8.084,-0.125,0.093
1.00,201,-7.842,1.937,0.098
1.00,202,7.949,1.777,4.545
1.00,203,6.652,-4.439,0.093
1.00,204,-6.204,-5.039,0.094
1.00,205,4.094,6.880,0.103
1.00,206,5.860,5.436,0.092
1.00,207,-7.791,-2.073,0.102
1.00,208,-6.946,3.970,0.105
1.00,209,5.130,6.126,0.095
1.00,210,-7.930,1.543,0.095
1.00,211,-0.050,-8.098,0.090
1.00,212,-8.030,0.926,0.093
1.00,213,7.289,-3.354,0.098
1.00,214,-3.081,-7.389,0.099
1.00,215,7.864,-1.837,0.097
1.00,216,-1.446,7.937,0.101
1.00,217,-4.107,-6.871,0.098
1.00,218,2.333,3.737,-9.248
1.00,219,-5.845,3.816,7.947
1.00,220,5.947,-5.330,0.086
1.00,221,1.286,-8.002,0.092
1.00,222,-7.530,-2.804,0.106
1.00,223,8.107,0.023,0.090
1.00,224,-5.550,-5.746,0.092
1.00,225,9.521,-9.542,7.265
1.00,226,-4.559,6.563,0.093
1.00,227,-7.398,-3.141,0.104
1.00,228,-6.545,-4.607,0.095
1.00,229,-8.074,0.410,0.093
1.00,230,-4.077,6.879,0.098
1.00,231,8.076,-0.644,0.091
1.00,232,1.761,7.921,0.100
1.00,233,-7.139,3.649,0.103
1.00,234,-0.970,8.014,0.099
1.00,235,7.053,3.845,0.104
1.00,236,-4.721,6.439,0.092
1.00,237,7.567,-2.706,0.104
1.00,238,-8.020,1.011,0.093
1.00,239,-1.202,5.489,-8.536
1.00,240,-0.714,-8.058,0.090
1.00,241,-6.690,4.373,0.099
1.00,242,8.081,-0.539,0.091
1.00,243,-7.402,3.127,0.104
1.00,244,1.946,-7.859,0.095
1.00,245,0.800,8.050,0.097
1.00,246,-7.469,-2.959,0.105
1.00,247,-7.558,2.745,0.106
1.00,248,-2.977,7.454,0.106
1.00,249,-1.215,7.982,0.100
1.00,250,-7.556,-4.846,4.010
1.00,251,-5.084,-6.166,0.093
1.00,252,-3.807,7.048,0.103
1.00,253,0.505,8.076,0.097
1.00,254,1.444,7.958,0.099
1.00,255,-1.528,-7.928,0.092
1.00,256,-8.036,0.878,0.093
1.00,257,-1.338,7.961,0.101
1.00,258,-7.612,-2.598,0.109
1.00,259,0.033,6.320,-4.347
1.00,260,-1.309,-7.976,0.091
1.00,261,-3.842,-7.034,0.101
1.00,262,8.015,-1.093,0.092
1.00,263,-7.140,-0.998,3.243
1.00,264,7.343,3.301,0.102
1.00,265,7.940,-1.500,0.094
1.00,266,5.929,-5.350,0.086
1.00,267,7.926,-1.566,0.094
1.00,268,-7.920,1.589,0.095
1.00,269,1.295,7.989,0.098
1.00,270,0.644,-8.078,0.090
1.00,271,2.931,7.489,0.108
1.00,272,2.769,-7.697,0.097
1.00,273,6.143,-5.100,0.090
1.00,274,6.136,-5.109,0.090
1.00,275,2.383,-7.721,0.099
1.00,276,-3.886,6.898,0.100
1.00,277,6.889,-4.064,0.097
1.00,278,3.347,-7.320,0.097
1.00,279,-2.102,9.241,0.438
1.00,280,-5.914,5.349,0.090
1.00,281,6.014,5.271,0.091
1.00,282,-2.353,-7.701,0.100
1.00,283,-6.777,4.238,0.100
1.00,284,3.001,7.461,0.107
1.00,285,-0.655,-8.065,0.090
1.00,286,7.310,-3.357,0.099
1.00,287,-3.122,6.840,0.322
1.00,288,-8.140,9.797,6.106
1.00,289,6.934,4.032,0.103
1.00,290,7.441,3.088,0.104
1.00,291,-5.500,5.770,0.091
1.00,292,-1.110,-5.099,-1.999
1.00,293,6.085,5.190,0.093
1.00,294,-6.830,4.167,0.101
1.00,295,6.689,4.144,0.097
1.00,296,-6.422,4.740,0.097
1.00,297,2.767,7.556,0.109
1.00,298,4.722,-6.462,0.091
1.00,299,7.838,-1.939,0.098
1.00,300,-7.332,-3.281,0.103
1.00,301,-8.016,-0.993,0.095
1.00,302,0.044,8.091,0.097
1.00,303,-5.366,5.899,0.088
1.00,304,-8.044,-0.775,0.094
1.00,305,-5.363,5.902,0.088
1.00,306,7.201,-3.527,0.098
1.00,307,5.355,-5.930,0.086
1.00,308,7.977,1.424,0.094
1.00,309,-5.246,-6.031,0.089
1.00,310,-7.566,-2.709,0.108
1.00,311,5.194,-6.074,0.088
1.00,312,-3.066,-7.424,0.100
1.00,313,1.870,-7.879,0.095
1.00,314,7.605,-2.612,0.106
1.00,315,8.004,1.292,0.093
1.00,316,3.543,-7.220,0.096
1.00,317,7.847,1.993,0.098
1.00,318,2.623,-7.630,0.103
1.00,319,7.717,-2.307,0.101
1.00,320,-5.876,5.390,0.090
1.00,321,-6.311,-4.905,0.096
1.00,322,-5.788,-5.509,0.091
1.00,323,-5.925,-5.364,0.089
1.00,324,6.416,-8.734,-2.885
1.00,325,3.639,7.154,0.105
1.00,326,-7.938,-1.466,0.097
1.00,327,7.178,3.623,0.102
1.00,328,-6.127,-5.135,0.092
1.00,329,-3.899,-6.999,0.102
1.00,330,7.243,-3.446,0.098
1.00,331,-0.944,-8.027,0.090
1.00,332,7.515,-2.834,0.102
1.00,333,-8.040,-5.606,-5.920
1.00,334,2.917,-7.510,0.100
1.00,335,8.093,-0.300,0.090
1.00,336,5.459,-5.831,0.087
1.00,337,-4.076,6.880,0.098
1.00,338,7.080,-3.751,0.100
1.00,339,3.998,6.939,0.105
1.00,340,-6.313,-4.903,0.096
1.00,341,4.007,6.934,0.105
1.00,342,3.373,7.302,0.104
1.00,343,5.984,-5.289,0.086
1.00,344,-7.029,3.813,0.107
1.00,345,-4.206,-6.810,0.096
1.00,346,7.058,3.837,0.104
1.00,347,-3.853,7.020,0.103
1.00,348,3.257,-7.364,0.098
1.00,349,-1.431,-7.064,4.330
1.00,350,-7.890,-1.687,0.098
1.00,351,7.864,1.937,0.097
1.00,352,-6.477,4.670,0.097
1.00,353,7.883,-1.755,0.096
1.00,354,7.897,-1.684,0.095
1.00,355,-8.042,0.831,0.093
1.00,356,-2.974,-7.462,0.100
1.00,357,-4.072,6.882,0.098
1.00,358,6.130,5.136,0.094
1.00,359,-3.640,7.141,0.101
1.00,360,-4.109,6.859,0.097
1.00,361,7.485,-2.909,0.102
1.00,362,3.023,-2.500,-7.679
1.00,363,7.965,-1.391,0.093
1.00,364,-0.902,-8.036,0.090
1.00,365,0.246,-8.200,0.090
1.00,366,-0.051,8.090,0.097
1.00,367,-7.602,2.636,0.108
1.00,368,-5.310,-5.975,0.089
1.00,369,-7.272,3.396,0.102
1.00,370,-7.769,-2.142,0.102
1.00,371,-0.650,8.058,0.098
1.00,372,7.481,-2.917,0.102
1.00,373,-7.957,-1.380,0.097
1.00,374,-2.724,-7.561,0.102
1.00,375,-7.389,-3.157,0.104
1.00,376,7.688,2.485,0.105
1.00,377,3.150,7.400,0.107
1.00,378,-0.742,5.693,0.718
1.00,379,8.024,-1.024,0.092
1.00,380,-7.275,3.391,0.102
1.00,381,-2.839,7.509,0.107
1.00,382,5.436,-5.853,0.087
1.00,383,4.246,-6.796,0.094
1.00,384,1.132,8.011,0.098
1.00,385,7.438,3.095,0.104
1.00,386,8.850,4.741,-6.232
1.00,387,0.624,8.051,0.097
1.00,388,-3.277,7.326,0.103
1.00,389,-4.482,-6.632,0.095
1.00,390,3.492,2.281,-10.229
1.00,391,-5.171,6.073,0.089
1.00,392,-8.774,-0.006,4.392
1.00,393,-8.022,-0.941,0.095
1.00,394,-2.676,-7.592,0.103
1.00,395,-1.463,-4.042,3.398
1.00,396,-6.101,5.136,0.093
1.00,397,4.056,6.904,0.104
1.00,398,-7.983,-1.243,0.096
1.00,399,-3.327,-1.714,-9.672
1.00,400,-3.281,7.324,0.103
1.00,401,-4.845,-6.357,0.095
1.00,402,-5.236,-6.039,0.089
1.00,403,6.889,4.103,0.101
1.00,404,-5.974,5.283,0.090
1.00,405,-4.573,-6.568,0.093
1.00,406,7.748,-2.218,0.100
1.00,407,4.606,6.542,0.097
1.00,408,-8.750,-7.537,-2.472
1.00,409,-4.555,-6.581,0.094
1.00,410,-2.216,7.741,0.107
1.00,411,-4.521,6.591,0.093
1.00,412,7.487,-9.620,-7.405
1.00,413,-0.766,-8.050,0.090
1.00,414,-6.789,-4.243,0.098
1.00,415,0.527,-8.083,0.090
1.00,416,0.052,8.091,0.097
1.00,417,-7.494,2.902,0.104
1.00,418,5.868,5.428,0.092
1.00,419,-1.224,-7.990,0.091
1.00,420,-5.796,-5.501,0.091
1.00,421,-1.242,7.978,0.100
1.00,422,-3.571,7.177,0.101
1.00,423,6.018,5.266,0.091
1.00,424,1.438,-1.828,8.867
1.00,425,-7.928,1.552,0.095
1.00,426,8.121,2.862,3.387
1.00,427,-3.724,7.095,0.102
1.00,428,8.018,-1.073,0.092
1.00,429,-5.322,5.073,0.669
1.00,430,7.754,-2.198,0.100
1.00,431,-8.836,9.159,0.443
1.00,432,-5.934,5.327,0.090
1.00,433,4.468,6.640,0.099
1.00,434,-7.897,1.699,0.096
1.00,435,6.865,4.141,0.100
1.00,436,-6.137,-5.122,0.093
1.00,437,-6.499,-4.670,0.094
1.00,438,2.909,-3.969,-5.859
1.00,439,-5.115,6.120,0.091
1.00,440,7.654,2.572,0.106
1.00,441,-6.406,4.760,0.097
1.00,442,-6.171,-5.081,0.094
1.00,443,8.087,0.609,0.091
1.00,444,8.077,-0.629,0.091
1.00,445,-2.994,7.447,0.106
1.00,446,-1.167,-7.997,0.091
1.00,447,-1.878,-7.850,0.095
1.00,448,-7.543,2.781,0.106
1.00,449,-6.178,-5.072,0.094
1.00,450,-1.538,-7.926,0.092
1.00,451,-0.240,-8.088,0.090
1.00,452,-3.732,-7.099,0.100
1.00,453,3.441,7.259,0.104
1.00,454,1.566,-7.944,0.093
1.00,455,-9.549,-8.702,7.853
1.00,456,-4.520,6.591,0.093
1.00,457,7.894,1.813,0.096
1.00,458,1.465,-7.965,0.092
1.00,459,-5.118,6.117,0.091
1.00,460,8.054,0.898,0.091
1.00,461,2.750,-7.579,0.102
1.00,462,-2.354,-7.701,0.100
1.00,463,7.126,-3.667,0.099
1.00,464,-1.647,-7.902,0.093
1.00,465,-6.078,-5.193,0.091
1.00,466,-8.060,-0.648,0.094
1.00,467,-1.729,7.875,0.103
1.00,468,-7.761,2.192,0.101
1.00,469,4.624,6.528,0.097
1.00,470,4.145,6.849,0.102
1.00,471,-8.044,-0.765,0.094
1.00,472,2.034,-7.833,0.096
1.00,473,-5.668,-5.628,0.093
1.00,474,-8.074,0.407,0.093
1.00,475,-2.611,-7.606,0.104
1.00,476,-1.596,-7.913,0.093
1.00,477,6.513,4.662,0.096
1.00,478,-7.300,3.339,0.102
1.00,479,5.197,6.070,0.093
1.00,480,-4.944,6.258,0.092
1.00,481,-7.099,3.722,0.105
1.00,482,1.313,-7.996,0.092
1.00,483,4.781,6.407,0.098
1.00,484,-3.725,-7.102,0.100
1.00,485,-2.319,7.705,0.108
1.00,486,5.764,5.533,0.094
1.00,487,6.482,4.702,0.096
1.00,488,-3.267,-5.190,8.875
1.00,489,-3.817,-4.839,-1.219
1.00,490,7.861,-1.850,0.097
1.00,491,5.223,-6.049,0.087
1.00,492,-5.229,6.023,0.088
1.00,493,3.809,7.060,0.107
1.00,494,8.106,-0.055,0.090
1.00,495,-6.061,5.183,0.092
1.00,496,-7.295,-3.356,0.102
1.00,497,-1.306,7.967,0.101
1.00,498,4.168,6.832,0.101
1.00,499,-4.341,6.711,0.094
1.00,500,7.120,-3.679,0.099
1.00,501,5.515,5.781,0.093
1.00,502,3.575,-7.203,0.097
1.00,503,-7.377,-3.184,0.104
1.00,504,-5.451,5.818,0.089
1.00,505,6.682,4.427,0.098
1.00,506,1.925,7.852,0.102
1.00,507,7.916,1.217,0.094
1.00,508,-3.262,1.620,-11.141
1.00,509,-7.897,1.697,0.096
1.00,510,-3.106,-7.409,0.100
1.00,511,6.492,4.690,0.096
1.00,512,-2.228,7.735,0.107
1.00,513,-7.468,-2.961,0.105
1.00,514,5.322,5.962,0.091
1.00,515,-7.972,1.366,0.094
1.00,516,0.664,-8.076,0.090
1.00,517,0.143,-8.095,0.090
1.00,518,-6.048,-5.229,0.090
1.00,519,1.986,-7.847,0.095
1.00,520,-6.913,4.024,0.103
1.00,521,7.728,2.364,0.102
1.00,522,-3.286,7.327,0.103
1.00,523,7.260,3.468,0.101
1.00,524,6.789,-1.497,4.361
1.00,525,-8.069,-0.475,0.094
1.00,526,-7.028,-3.858,0.105
1.00,527,5.311,5.972,0.091
1.00,528,8.049,0.945,0.092
1.00,529,5.465,-5.831,0.087
1.00,530,-3.431,-7.256,0.098
1.00,531,-7.534,-2.794,0.106
1.00,532,-2.834,1.238,-3.225
1.00,533,3.556,-7.213,0.096
1.00,534,2.604,-7.639,0.103
1.00,535,1.513,7.944,0.099
1.00,536,6.685,9.476,-1.797
1.00,537,1.038,-8.033,0.091
1.00,538,-7.828,1.981,0.098
1.00,539,2.900,7.502,0.108
1.00,540,4.532,6.596,0.098
1.00,541,3.569,-7.206,0.096
1.00,542,-0.987,8.013,0.099
1.00,543,-7.951,-1.408,0.097
1.00,544,-7.192,-3.561,0.102
1.00,545,-7.860,1.863,0.097
1.00,546,5.768,5.529,0.094
1.00,547,3.677,-7.148,0.097
1.00,548,-4.441,-6.659,0.096
1.00,549,-7.116,3.691,0.104
1.00,550,3.489,-7.248,0.096
1.00,551,-1.534,7.918,0.102
1.00,552,-0.282,5.865,9.344
1.00,553,-3.380,-7.282,0.098
1.00,554,5.948,5.343,0.091
1.00,555,-7.779,2.136,0.100
1.00,556,-0.946,-8.027,0.090
1.00,557,4.544,-6.597,0.092
1.00,558,2.607,7.621,0.111
1.00,559,1.994,7.831,0.103
1.00,560,0.909,8.038,0.097
1.00,561,-7.261,-3.746,3.610
1.00,562,6.734,-4.310,0.093
1.00,563,-6.618,-4.506,0.096
1.00,564,0.793,-8.061,0.090
1.00,565,5.182,6.081,0.093
1.00,566,-6.134,-5.126,0.093
1.00,567,-2.880,-7.499,0.101
1.00,568,4.641,-6.524,0.091
1.00,569,-0.165,-2.422,5.670
1.00,570,-7.838,-1.922,0.101
1.00,571,5.842,-5.444,0.087
1.00,572,6.645,4.481,0.098
1.00,573,5.922,5.371,0.091
1.00,574,2.161,-7.793,0.097
1.00,575,6.030,-9.696,-0.783
1.00,576,-6.639,4.450,0.099
1.00,577,-6.369,-4.833,0.096
1.00,578,-2.487,7.647,0.111
1.00,579,8.084,-0.491,0.091
1.00,580,7.804,-2.046,0.098
1.00,581,7.849,1.986,0.098
1.00,582,-4.735,-6.446,0.093
1.00,583,5.872,5.424,0.092
1.00,584,6.222,-5.001,0.091
1.00,585,3.344,-7.321,0.097
1.00,586,-3.221,-7.358,0.099
1.00,587,0.819,-5.288,-1.116
1.00,588,-0.814,-8.044,0.090
1.00,589,-7.594,2.655,0.107
1.00,590,5.606,5.689,0.096
1.00,591,5.859,-5.426,0.087
1.00,592,-5.956,5.303,0.090
1.00,593,-4.745,6.469,0.091
1.00,594,-0.472,8.068,0.098
1.00,595,-3.207,7.333,0.104
1.00,596,7.769,2.242,0.100
1.00,597,-4.310,-2.238,-4.279
1.00,598,-3.205,-7.366,0.099
1.00,599,1.369,-7.985,0.092
1.00,600,3.084,-7.440,0.099
1.00,601,3.723,-7.122,0.098
1.00,602,-8.076,-0.318,0.093
1.00,603,7.681,2.504,0.105
1.00,604,-7.024,-3.865,0.105
1.00,605,7.867,1.927,0.097
1.00,606,-7.849,1.908,0.098
1.00,607,-5.381,5.886,0.088
1.00,608,1.342,7.980,0.099
1.00,609,-7.513,-2.847,0.106
1.00,610,7.996,1.334,0.093
1.00,611,5.114,6.139,0.095
1.00,612,2.489,-5.163,-0.684
1.00,613,3.701,0.123,-3.428
1.00,614,8.099,0.271,0.090
1.00,615,-3.208,7.359,0.104
1.00,616,-3.406,-3.122,-4.234
1.00,617,6.834,4.190,0.100
1.00,618,-8.052,0.753,0.093
1.00,619,7.797,-2.067,0.099
1.00,620,4.787,-6.409,0.092
1.00,621,-7.436,-3.039,0.104
1.00,622,-7.967,-1.333,0.096
1.00,623,-4.932,-6.288,0.094
1.00,624,1.145,8.010,0.098
1.00,625,7.400,-3.115,0.101
1.00,626,-8.623,8.945,-0.004
1.00,627,7.378,-3.169,0.101
1.00,628,2.258,-7.745,0.098
1.00,629,7.694,2.467,0.104
1.00,630,7.044,-3.814,0.101
1.00,631,4.815,6.379,0.098
1.00,632,-4.606,6.528,0.092
1.00,633,-7.647,-2.511,0.108
1.00,634,-6.178,-5.071,0.094
1.00,635,-6.320,-4.894,0.096
1.00,636,-3.221,-7.358,0.099
1.00,637,3.093,7.423,0.107
1.00,638,0.944,-7.839,0.091
1.00,639,-7.239,3.462,0.102
1.00,640,3.364,-7.314,0.097
1.00,641,2.109,-6.472,0.042
1.00,642,4.437,6.661,0.100
1.00,643,-4.465,-9.189,-5.836
1.00,644,-5.463,5.807,0.090
1.00,645,2.002,-7.842,0.095
1.00,646,6.636,-4.467,0.093
1.00,647,7.512,2.915,0.104
1.00,648,-6.431,-4.757,0.095
1.00,649,5.195,1.310,5.731
1.00,650,3.380,7.314,0.104
1.00,651,7.185,3.611,0.102
1.00,652,-3.576,7.175,0.101
1.00,653,5.443,5.850,0.092
1.00,654,-7.482,-2.906,0.105
1.00,655,7.364,-3.200,0.100
1.00,656,1.934,-7.863,0.095
1.00,657,-8.028,-0.897,0.095
1.00,658,0.662,-8.076,0.090
1.00,659,-1.716,1.914,8.835
1.00,660,7.051,-3.803,0.101
1.00,661,-7.820,2.008,0.099
1.00,662,7.867,1.932,0.097
1.00,663,0.211,5.042,3.870
1.00,664,7.979,1.413,0.093
1.00,665,2.563,-7.657,0.102
1.00,666,-4.606,4.194,-9.762
1.00,667,5.460,8.049,0.687
1.00,668,7.864,1.936,0.097
1.00,669,-8.002,1.150,0.093
1.00,670,-3.987,-6.945,0.100
1.00,671,7.285,-3.353,0.098
1.00,672,1.916,-7.868,0.095
1.00,673,-6.914,-4.041,0.102
1.00,674,4.762,6.422,0.097
1.00,675,3.205,-7.389,0.099
1.00,676,8.105,0.082,0.090
1.00,677,6.571,-4.555,0.091
1.00,678,8.004,1.292,0.093
1.00,679,4.076,6.233,0.180
1.00,680,-6.511,-2.327,6.702
1.00,681,6.695,4.403,0.098
1.00,682,-2.864,7.499,0.107
1.00,683,-7.945,-9.178,-10.665
1.00,684,6.389,-4.792,0.092
1.00,685,-7.987,-1.215,0.096
1.00,686,7.530,2.870,0.105
1.00,687,4.534,6.594,0.098
1.00,688,-7.675,2.427,0.105
1.00,689,9.589,-2.605,3.128
1.00,690,1.762,-7.840,6.426
1.00,691,8.860,-7.294,10.026
1.00,692,-7.664,-2.461,0.107
1.00,693,5.062,6.181,0.097
1.00,694,5.770,5.532,0.094
1.00,695,6.742,-4.309,0.093
1.00,696,-8.069,-0.479,0.094
1.00,697,5.907,9.564,-11.439
1.00,698,-6.599,4.507,0.098
1.00,699,-6.144,-5.113,0.093
1.00,700,-2.850,-0.831,-2.540
1.00,701,4.670,-6.502,0.091
1.00,702,-5.288,5.971,0.088
1.00,703,-2.459,4.357,-1.781
1.00,704,-3.530,-7.206,0.098
1.00,705,4.425,6.669,0.100
1.00,706,-8.051,-0.781,0.094
1.00,707,7.544,2.836,0.105
1.00,708,7.843,-1.924,0.097
1.00,709,-7.056,3.797,0.106
1.00,710,-5.903,5.361,0.090
1.00,711,1.599,7.925,0.100
1.00,712,-0.426,-8.078,0.090
1.00,713,-0.529,-8.138,0.094
1.00,714,6.863,-4.106,0.096
1.00,715,-3.728,-7.101,0.100
1.00,716,-7.779,2.137,0.100
1.00,717,-2.985,7.451,0.106
1.00,718,-4.344,-6.722,0.095
1.00,719,2.505,-7.679,0.101
1.00,720,0.838,8.047,0.097
1.00,721,0.020,8.073,0.097
1.00,722,3.550,7.199,0.104
1.00,723,7.545,-2.761,0.103
1.00,724,3.818,-7.068,0.099
1.00,725,0.113,8.090,0.097
1.00,726,-4.917,-6.711,3.111
1.00,727,0.878,-8.051,0.091
1.00,728,-7.034,-3.848,0.105
1.00,729,7.254,3.797,0.268
1.00,730,-3.803,7.050,0.103
1.00,731,-7.096,-3.742,0.104
1.00,732,2.712,7.578,0.110
1.00,733,2.197,3.690,8.385
1.00,734,1.479,7.951,0.099
1.00,735,6.677,-4.399,0.093
1.00,736,-1.310,7.967,0.101
1.00,737,8.064,-0.731,0.091
1.00,738,-1.547,-7.924,0.092
1.00,739,-5.966,-5.321,0.089
1.00,740,-6.676,4.395,0.099
1.00,741,-2.180,-7.758,0.097
1.00,742,6.497,-4.655,0.091
1.00,743,0.557,-8.082,0.090
1.00,744,4.108,7.928,0.161
1.00,745,6.940,-3.981,0.099
1.00,746,-8.056,-0.679,0.094
1.00,747,1.926,-7.865,0.095
1.00,748,4.544,-6.597,0.092
1.00,749,3.099,-7.435,0.099
1.00,750,-6.629,-4.490,0.096
1.00,751,7.968,-1.191,0.093
1.00,752,-0.566,-8.071,0.090
1.00,753,7.336,-3.258,0.099
1.00,754,-2.093,-7.786,0.097
1.00,755,5.121,-6.135,0.090
1.00,756,3.410,-7.288,0.097
1.00,757,-9.614,-0.930,5.197
1.00,758,3.819,7.054,0.107
1.00,759,-7.349,3.242,0.103
1.00,760,7.471,3.013,0.104
1.00,761,7.188,-3.553,0.098
1.00,762,7.895,1.809,0.096
1.00,763,-5.343,-5.945,0.089
1.00,764,-7.653,-2.495,0.108
1.00,765,5.246,-6.028,0.087
1.00,766,1.451,-7.910,0.093
1.00,767,6.071,2.068,-9.450
1.00,768,-7.376,3.185,0.104
1.00,769,5.356,5.930,0.091
1.00,770,3.597,-5.453,6.131
1.00,771,7.830,2.048,0.098
1.00,772,-5.764,-5.533,0.092
1.00,773,-7.455,-2.993,0.105
1.00,774,-6.124,-5.138,0.092
1.00,775,-7.759,9.364,-5.666
1.00,776,5.157,6.104,0.094
1.00,777,-5.778,-5.519,0.091
1.00,778,2.671,7.597,0.111
1.00,779,6.320,4.902,0.098
1.00,780,-6.543,4.585,0.097
1.00,781,8.005,-1.163,0.092
1.00,782,6.959,-3.949,0.100
1.00,783,6.029,5.253,0.092
1.00,784,1.500,7.946,0.099
1.00,785,8.448,8.284,-4.046
1.00,786,-2.570,-7.623,0.104
1.00,787,-5.231,6.022,0.088
1.00,788,6.243,-4.974,0.091
1.00,789,-7.489,-2.908,0.105
1.00,790,1.827,-7.889,0.094
1.00,791,1.733,-7.909,0.094
1.00,792,7.464,3.031,0.104
1.00,793,-7.717,-2.305,0.105
1.00,794,-8.071,0.499,0.093
1.00,795,-3.137,-7.396,0.100
1.00,796,5.533,5.763,0.094
1.00,797,-7.205,-3.537,0.102
1.00,798,-3.488,-7.228,0.098
1.00,799,-7.409,-1.160,5.713
1.00,800,7.480,-2.921,0.102
1.00,801,-4.039,-6.913,0.099
1.00,802,-6.059,9.456,-10.418
1.00,803,2.292,-7.751,0.098
1.00,804,7.829,-1.967,0.098
1.00,805,-2.304,-7.718,0.099
1.00,806,8.745,-4.578,1.103
1.00,807,8.097,0.325,0.090
1.00,808,2.808,7.539,0.109
1.00,809,-6.238,-4.996,0.095
1.00,810,6.275,4.957,0.097
1.00,811,5.782,5.516,0.093
1.00,812,0.487,8.076,0.097
1.00,813,4.505,6.614,0.098
1.00,814,7.963,-1.398,0.093
1.00,815,3.340,-7.324,0.097
1.00,816,6.946,4.012,0.103
1.00,817,-3.900,-6.998,0.102
1.00,818,4.380,-6.708,0.093
1.00,819,6.861,4.148,0.100
1.00,820,9.124,-6.783,-9.972
1.00,821,-7.008,3.872,0.106
1.00,822,-6.498,4.643,0.097
1.00,823,-3.394,7.269,0.102
1.00,824,2.303,-7.747,0.098
1.00,825,3.987,6.946,0.106
1.00,826,8.974,7.385,-4.473
1.00,827,-5.188,-2.852,4.394
1.00,828,-4.455,6.637,0.094
1.00,829,5.564,-5.724,0.090
1.00,830,2.913,5.329,-8.775
1.00,831,2.178,7.773,0.105
1.00,832,7.357,3.273,0.102
1.00,833,-8.071,-0.421,0.094
1.00,834,-2.369,-7.695,0.100
1.00,835,2.022,7.822,0.103
1.00,836,8.049,0.941,0.092
1.00,837,-7.460,2.985,0.104
1.00,838,-0.716,-3.369,-7.620
1.00,839,4.724,6.452,0.097
1.00,840,2.820,-7.549,0.101
1.00,841,-2.044,7.793,0.105
1.00,842,2.679,7.591,0.111
1.00,843,4.248,6.745,0.100
1.00,844,4.835,6.362,0.098
1.00,845,8.078,0.695,0.091
1.00,846,7.917,1.710,0.095
1.00,847,5.790,5.508,0.093
1.00,848,7.119,3.732,0.103
1.00,849,2.248,7.749,0.106
1.00,850,8.612,-8.531,-4.359
1.00,851,-1.702,7.943,0.101
1.00,852,3.309,7.325,0.105
1.00,853,5.943,-5.335,0.086
1.00,854,-8.052,-0.709,0.094
1.00,855,2.745,-7.580,0.102
1.00,856,-5.115,-5.534,5.685
1.00,857,-7.114,-3.709,0.103
1.00,858,2.612,7.619,0.112
1.00,859,7.775,2.222,0.100
1.00,860,8.053,-0.813,0.091
1.00,861,-7.532,-2.798,0.106
1.00,862,2.119,7.792,0.104
1.00,863,-6.945,-3.991,0.103
1.00,864,-3.598,-7.171,0.098
1.00,865,-6.087,5.152,0.093
1.00,866,1.782,-7.898,0.094
1.00,867,-3.088,-7.415,0.100
1.00,868,6.648,-4.444,0.093
1.00,869,-4.594,6.537,0.092
1.00,870,5.355,5.969,0.091
1.00,871,7.015,-3.860,0.101
1.00,872,-2.865,7.499,0.107
1.00,873,-7.746,2.238,0.101
1.00,874,3.472,-7.257,0.096
1.00,875,3.343,-0.880,-10.874
1.00,876,4.590,0.740,0.869
1.00,877,-0.115,8.085,0.097
1.00,878,1.222,-3.496,0.773
1.00,879,5.709,5.588,0.096
1.00,880,-5.174,6.070,0.089
1.00,881,7.602,2.692,0.107
1.00,882,-7.923,1.575,0.095
1.00,883,6.767,-4.260,0.094
1.00,884,3.488,7.234,0.104
1.00,885,0.587,8.073,0.097
1.00,886,-3.036,-7.442,0.100
1.00,887,-2.745,-7.551,0.102
1.00,888,-7.876,-1.752,0.099
1.00,889,2.094,7.800,0.104
1.00,890,-2.733,-7.558,0.102
1.00,891,5.016,-1.314,-3.591
1.00,892,0.921,-8.046,0.091
1.00,893,-7.885,-1.714,0.099
1.00,894,3.859,-7.043,0.099
1.00,895,-7.056,3.797,0.106
1.00,896,7.924,1.676,0.095
1.00,897,8.361,-0.390,3.954
1.00,898,5.141,6.117,0.094
1.00,899,-8.014,1.053,0.093
1.00,900,6.516,-4.631,0.091
1.00,901,3.815,7.057,0.107
1.00,902,0.770,-8.063,0.090
1.00,903,1.645,-7.927,0.093
1.00,904,-7.063,3.785,0.106
1.00,905,3.383,-7.302,0.097
1.00,906,7.007,-3.873,0.101
1.00,907,3.428,-7.279,0.096
1.00,908,7.583,-2.666,0.105
1.00,909,3.758,-7.103,0.098
1.00,910,7.609,-2.602,0.106
1.00,911,-3.017,7.438,0.105
1.00,912,-4.344,6.707,0.094
1.00,913,7.712,-9.199,-5.562
1.00,914,5.624,5.142,0.077
1.00,915,7.855,1.967,0.098
1.00,916,-5.944,5.317,0.090
1.00,917,6.808,4.231,0.099
1.00,918,-5.685,-5.612,0.093
1.00,919,1.314,-3.600,-9.026
1.00,920,7.828,2.055,0.098
1.00,921,-3.945,2.147,0.880
1.00,922,-7.936,1.515,0.095
1.00,923,-2.076,-4.725,4.260
1.00,924,-6.422,-4.768,0.095
1.00,925,5.300,-6.058,0.086
1.00,926,7.554,-2.739,0.104
1.00,927,3.536,7.209,0.104
1.00,928,-6.941,-3.997,0.103
1.00,929,7.951,-1.453,0.094
1.00,930,-6.519,4.615,0.097
1.00,931,-6.952,-3.980,0.104
1.00,932,6.529,4.642,0.096
1.00,933,7.462,-2.964,0.101
1.00,934,5.713,-4.585,-0.094
1.00,935,6.384,4.824,0.097
1.00,936,-7.384,3.168,0.104
1.00,937,-6.948,-3.985,0.103
1.00,938,-6.892,3.673,0.102
1.00,939,4.634,5.836,6.179
1.00,940,7.567,2.780,0.106
1.00,941,8.811,2.354,3.522
1.00,942,-4.430,6.653,0.095
1.00,943,-7.680,-0.068,3.798
1.00,944,-4.579,-6.738,3.216
1.00,945,-7.848,1.916,0.098
1.00,946,-6.238,4.952,0.096
1.00,947,-7.844,1.928,0.098
1.00,948,6.110,5.160,0.093
1.00,949,-7.263,3.414,0.102
1.00,950,3.611,1.138,-3.898
1.00,951,-8.008,-1.047,0.095
1.00,952,-4.040,1.980,8.116
1.00,953,3.832,7.046,0.107
1.00,954,7.633,-2.547,0.106
1.00,955,-7.616,-2.588,0.109
1.00,956,7.965,1.481,0.094
1.00,957,7.509,2.183,0.098
1.00,958,-7.993,1.222,0.094
1.00,959,-5.035,6.180,0.092
1.00,960,-8.067,-0.515,0.094
1.00,961,-4.887,-9.170,-10.465
1.00,962,2.223,7.758,0.105
1.00,963,0.572,8.074,0.097
1.00,964,-2.113,-7.778,0.097
1.00,965,6.673,4.442,0.098
1.00,966,8.090,-0.372,0.090
1.00,967,5.635,-5.652,0.090
1.00,968,3.835,-7.058,0.099
1.00,969,-6.978,3.919,0.107
1.00,970,7.975,1.433,0.094
1.00,971,-7.077,-3.773,0.104
1.00,972,-7.786,2.114,0.100
1.00,973,-0.716,3.474,6.685
1.00,974,4.389,6.692,0.100
1.00,975,-6.508,8.268,3.600
1.00,976,6.769,4.293,0.098
1.00,977,5.194,6.073,0.093
1.00,978,-1.352,-7.966,0.091
1.00,979,-8.085,-0.105,0.093
1.00,980,-5.011,-4.883,6.888
1.00,981,-0.766,8.042,0.098
1.00,982,-6.593,-4.542,0.095
1.00,983,6.717,-4.338,0.093
1.00,984,5.967,5.322,0.091
1.00,985,2.570,-7.654,0.102
1.00,986,-0.255,-8.087,0.090
1.00,987,-4.633,0.529,1.952
1.00,988,-7.433,3.428,0.100
1.00,989,-7.683,-2.404,0.106
1.00,990,-5.940,-5.369,0.089
1.00,991,-7.087,3.743,0.105
1.00,992,-7.185,-3.574,0.102
1.00,993,-5.740,5.529,0.092
1.00,994,7.563,2.639,0.106
1.00,995,-0.415,8.071,0.098
1.00,996,-7.609,2.618,0.108
1.00,997,-8.072,0.439,0.093
1.00,998,-7.866,-1.782,0.099
1.00,999,7.974,1.436,0.094
1.00,1000,-2.079,4.827,1.284
1.00,1001,6.017,5.267,0.091
1.00,1002,-3.802,3.523,8.096
1.00,1003,-6.463,7.066,2.780
1.00,1004,2.124,7.790,0.104
1.00,1005,4.004,6.936,0.105
1.00,1006,8.100,0.224,0.090
1.00,1007,-0.370,-8.081,0.090
1.00,1008,-1.704,-6.143,9.589
1.00,1009,-2.976,-2.963,1.012
1.00,1010,7.916,-1.608,0.095
1.00,1011,-2.211,-7.748,0.098
1.00,1012,8.035,-0.946,0.092
1.00,1013,6.458,4.733,0.096
1.00,1014,1.217,8.001,0.098
1.00,1015,-7.553,-2.745,0.107
1.00,1016,-3.815,-7.052,0.101
1.00,1017,-1.053,8.004,0.099
1.00,1018,-6.646,4.440,0.099
1.00,1019,-0.212,3.602,-7.614
1.00,1020,8.024,1.152,0.092
1.00,1021,-3.248,-7.489,0.099
1.00,1022,7.854,-1.879,0.097
1.00,1023,-8.078,0.314,0.093
1.00,1024,6.310,4.914,0.097
1.00,1025,2.427,-7.364,5.561
1.00,1026,-7.226,3.487,0.102
1.00,1027,-3.473,-7.235,0.098
1.00,1028,5.416,-5.873,0.087
1.00,1029,-4.210,-6.807,0.096
1.00,1030,-7.910,1.635,0.095
1.00,1031,-3.615,-0.439,-11.311
1.00,1032,2.842,-7.492,0.100
1.00,1033,-4.564,6.559,0.092
1.00,1034,7.545,2.834,0.105
1.00,1035,-6.031,5.218,0.091
1.00,1036,2.914,3.088,0.404
1.00,1037,4.370,-4.275,6.334
1.00,1038,-6.347,-2.351,-0.130
1.00,1039,4.112,-6.881,0.096
1.00,1040,-1.005,4.442,-10.095
1.00,1041,-7.173,3.646,0.152
1.00,1042,4.581,6.560,0.097
1.00,1043,7.575,-2.685,0.105
1.00,1044,1.816,7.878,0.102
1.00,1045,3.410,-7.288,0.097
1.00,1046,1.956,-7.856,0.095
1.00,1047,1.440,-7.852,7.362
1.00,1048,0.161,8.087,0.097
1.00,1049,2.187,7.770,0.105
1.00,1050,7.057,-5.933,9.770
1.00,1051,5.405,5.886,0.092
1.00,1052,-7.928,-1.517,0.097
1.00,1053,-8.084,-0.125,0.093
1.00,1054,2.656,7.601,0.111
1.00,1055,5.185,6.080,0.093
1.00,1056,-9.686,-9.766,-3.540
1.00,1057,-2.088,7.780,0.106
1.00,1058,3.665,7.140,0.105
1.00,1059,-2.106,7.770,0.106
1.00,1060,-2.821,-7.523,0.101
1.00,1061,-7.140,3.647,0.103
1.00,1062,-1.175,-7.996,0.091
1.00,1063,6.411,-4.765,0.092
1.00,1064,1.042,-8.032,0.091
1.00,1065,7.029,3.883,0.104
1.00,1066,-2.975,8.077,3.551
1.00,1067,4.709,6.464,0.097
1.00,1068,1.827,-7.889,0.094
1.00,1069,4.067,-6.910,0.097
1.00,1070,5.440,5.852,0.092
1.00,1071,-7.007,-3.891,0.105
1.00,1072,2.242,-7.767,0.098
1.00,1073,-8.068,0.568,0.093
1.00,1074,3.790,7.071,0.107
1.00,1075,7.392,3.199,0.103
1.00,1076,5.764,-5.303,0.087
1.00,1077,-1.036,-7.699,2.938
1.00,1078,6.392,-4.789,0.092
1.00,1079,4.875,-6.335,0.093
1.00,1080,7.377,-3.167,0.101
1.00,1081,0.471,8.067,0.097
1.00,1082,-3.850,7.021,0.103
1.00,1083,6.252,2.112,0.314
1.00,1084,0.331,8.082,0.097
1.00,1085,3.865,7.025,0.107
1.00,1086,-2.779,-7.540,0.102
1.00,1087,8.424,-9.291,9.327
1.00,1088,7.343,3.301,0.102
1.00,1089,1.266,-7.942,0.092
1.00,1090,7.537,2.852,0.105
1.00,1091,0.091,-8.097,0.090
1.00,1092,-3.777,-7.074,0.101
1.00,1093,2.266,-7.759,0.098
1.00,1094,6.373,-4.812,0.092
1.00,1095,-4.646,6.498,0.092
1.00,1096,4.666,-6.505,0.091
1.00,1097,-7.622,2.588,0.108
1.00,1098,1.449,-7.968,0.092
1.00,1099,7.595,2.693,0.107
1.00,1100,7.569,2.773,0.106
1.00,1101,2.040,7.817,0.103
1.00,1102,0.627,-8.080,0.090
1.00,1103,4.797,-6.401,0.092
1.00,1104,8.104,0.105,0.090
1.00,1105,-3.621,3.168,-6.694
1.00,1106,-7.765,2.179,0.100
1.00,1107,-0.433,8.070,0.098
1.00,1108,0.924,8.037,0.097
1.00,1109,-7.376,-3.188,0.104
1.00,1110,-3.355,7.288,0.102
1.00,1111,7.029,-3.839,0.101
1.00,1112,3.641,7.153,0.105
1.00,1113,-6.830,4.155,0.101
1.00,1114,-8.084,-0.163,0.093
1.00,1115,1.439,-7.970,0.092
1.00,1116,-8.013,1.065,0.093
1.00,1117,-2.862,8.907,4.157
1.00,1118,4.875,6.330,0.099
1.00,1119,-4.315,6.728,0.095
1.00,1120,-3.131,-7.398,0.100
1.00,1121,4.792,-6.405,0.092
1.00,1122,8.891,-7.217,5.561
1.00,1123,-7.728,-2.268,0.104
1.00,1124,1.046,8.022,0.098
1.00,1125,-4.121,-6.862,0.097
1.00,1126,-4.514,6.595,0.093
1.00,1127,-4.650,-6.514,0.093
1.00,1128,-7.596,-8.865,6.819
1.00,1129,8.091,-0.354,0.090
1.00,1130,-8.227,1.647,0.083
1.00,1131,-6.520,4.614,0.097
1.00,1132,1.074,8.018,0.098
1.00,1133,-4.481,6.619,0.094
1.00,1134,-9.110,4.942,7.714
1.00,1135,4.633,-6.530,0.091
1.00,1136,6.989,3.944,0.105
1.00,1137,2.578,-4.162,-11.013
1.00,1138,-6.328,4.854,0.098
1.00,1139,4.012,6.931,0.105
1.00,1140,-5.371,-5.920,0.089
1.00,1141,-1.959,-7.828,0.095
1.00,1142,-0.335,8.075,0.097
1.00,1143,-6.255,9.572,-1.473
1.00,1144,1.571,7.931,0.100
1.00,1145,-3.425,7.253,0.101
1.00,1146,-4.460,-6.647,0.095
1.00,1147,3.358,7.300,0.104
1.00,1148,4.534,6.594,0.098
1.00,1149,-6.639,-4.477,0.097
1.00,1150,6.495,-4.657,0.091
1.00,1151,0.478,8.077,0.097
1.00,1152,6.156,-5.084,0.090
1.00,1153,1.989,7.833,0.103
1.00,1154,-7.293,-3.361,0.102
1.00,1155,-7.228,3.482,0.102
1.00,1156,0.672,8.067,0.097
1.00,1157,-8.063,-0.602,0.094
1.00,1158,-2.195,7.745,0.107
1.00,1159,-3.434,7.247,0.101
1.00,1160,-7.310,-3.325,0.102
1.00,1161,-2.537,-7.638,0.103
1.00,1162,5.282,-5.997,0.087
1.00,1163,3.513,7.221,0.104
1.00,1164,8.090,-0.363,0.090
1.00,1165,-8.302,-4.163,5.909
1.00,1166,-2.201,7.743,0.107
1.00,1167,-5.848,-8.197,-4.675
1.00,1168,-6.364,4.811,0.098
1.00,1169,2.902,7.501,0.108
1.00,1170,-5.765,5.504,0.092
1.00,1171,-0.869,8.029,0.099
1.00,1172,-3.965,-6.958,0.101
1.00,1173,-3.525,-7.239,0.097
1.00,1174,8.982,-8.929,-11.149
1.00,1175,4.280,6.762,0.100
1.00,1176,-5.170,-6.096,0.091
1.00,1177,7.795,-2.073,0.099
1.00,1178,-5.460,-5.836,0.090
1.00,1179,0.565,-8.082,0.090
1.00,1180,-1.484,7.929,0.101
1.00,1181,-1.904,-7.845,0.095
1.00,1182,7.186,-3.556,0.098
1.00,1183,-3.598,7.163,0.101
1.00,1184,5.242,6.032,0.092
1.00,1185,3.962,6.962,0.107
1.00,1186,0.524,8.075,0.097
1.00,1187,-8.078,0.306,0.093
1.00,1188,-2.399,-7.685,0.101
1.00,1189,-3.412,7.259,0.101
1.00,1190,4.173,6.614,0.099
1.00,1191,7.492,2.964,0.104
1.00,1192,0.710,-8.071,0.090
1.00,1193,-8.056,-0.677,0.094
1.00,1194,7.739,2.331,0.102
1.00,1195,7.111,3.678,0.103
1.00,1196,4.653,6.504,0.097
1.00,1197,-6.607,4.495,0.098
1.00,1198,-7.003,3.881,0.106
1.00,1199,-3.366,-6.655,0.078
1.00,1200,-8.086,0.112,0.093
1.00,1201,2.112,-7.808,0.096
1.00,1202,-7.575,2.702,0.107
1.00,1203,4.626,3.069,-0.573
1.00,1204,-5.393,5.874,0.088
1.00,1205,3.378,7.290,0.104
1.00,1206,0.574,-8.082,0.090
1.00,1207,1.339,7.980,0.099
1.00,1208,-7.653,-2.494,0.108
1.00,1209,7.430,-3.042,0.101
1.00,1210,-7.953,-1.371,0.097
1.00,1211,1.387,7.970,0.099
1.00,1212,-2.065,-7.795,0.096
1.00,1213,0.404,-8.087,0.090
1.00,1214,-1.087,-2.767,1.824
1.00,1215,3.270,7.343,0.105
1.00,1216,4.322,6.736,0.100
1.00,1217,3.362,7.298,0.104
1.00,1218,5.270,6.007,0.092
1.00,1219,6.201,-5.028,0.091
1.00,1220,-5.472,5.799,0.090
1.00,1221,-7.979,-1.274,0.096
1.00,1222,-3.134,-7.397,0.100
1.00,1223,-7.988,-1.167,0.096
1.00,1224,-1.806,7.858,0.104
1.00,1225,7.139,3.695,0.102
1.00,1226,-8.052,0.751,0.093
1.00,1227,7.185,-3.558,0.098
1.00,1228,4.640,-6.526,0.091
1.00,1229,-7.793,2.095,0.099
1.00,1230,2.329,7.723,0.107
1.00,1231,8.103,0.137,0.090
1.00,1232,-4.629,-6.527,0.093
1.00,1233,-6.863,-4.124,0.100
1.00,1234,-7.741,2.254,0.101
1.00,1235,-1.975,3.930,-9.800
1.00,1236,-4.602,6.532,0.092
1.00,1237,-8.070,-0.454,0.094
1.00,1238,5.271,-6.007,0.087
1.00,1239,-5.319,-5.967,0.089
1.00,1240,-2.642,-2.623,-4.462
1.00,1241,7.484,-2.912,0.102
1.00,1242,-7.858,-1.834,0.100
1.00,1243,-6.651,-4.458,0.097
1.00,1244,7.739,2.332,0.102
1.00,1245,4.513,6.609,0.098
1.00,1246,-5.696,5.572,0.093
1.00,1247,3.066,7.434,0.107
1.00,1248,-8.065,-0.557,0.094
1.00,1249,-5.370,-5.920,0.089
1.00,1250,-4.009,6.921,0.100
1.00,1251,-7.340,-3.263,0.103
1.00,1252,6.361,4.926,0.097
1.00,1253,7.963,1.488,0.094
1.00,1254,1.409,7.966,0.099
1.00,1255,-6.912,-4.034,0.102
1.00,1256,-1.139,8.000,0.100
1.00,1257,-8.088,-0.042,0.093
1.00,1258,5.468,-5.822,0.087
1.00,1259,-2.455,-0.555,7.246
1.00,1260,2.784,7.549,0.109
1.00,1261,1.450,-7.968,0.092
1.00,1262,-3.669,-7.133,0.099
1.00,1263,-5.193,-6.076,0.090
1.00,1264,8.089,0.554,0.091
1.00,1265,1.097,8.016,0.098
1.00,1266,-4.632,6.509,0.092
1.00,1267,-1.488,-7.937,0.092
1.00,1268,-5.704,-6.265,5.685
1.00,1269,-3.756,7.077,0.102
1.00,1270,-7.617,2.597,0.108
1.00,1271,8.037,-0.933,0.092
1.00,1272,-8.040,0.847,0.093
1.00,1273,8.065,0.808,0.091
1.00,1274,7.853,-1.883,0.097
1.00,1275,2.601,7.624,0.111
1.00,1276,-1.644,7.894,0.102
1.00,1277,-0.726,-8.056,0.090
1.00,1278,-3.193,-7.371,0.099
1.00,1279,6.866,4.140,0.100
1.00,1280,7.352,3.284,0.102
1.00,1281,4.522,-6.612,0.092
1.00,1282,-5.932,-5.358,0.089
1.00,1283,-0.019,4.325,6.409
1.00,1284,5.758,-5.529,0.089
1.00,1285,5.701,5.851,0.088
1.00,1286,0.832,-8.057,0.091
1.00,1287,4.408,-7.245,1.059
1.00,1288,1.470,-4.878,-11.060
1.00,1289,-3.826,7.036,0.103
1.00,1290,-4.712,6.446,0.092
1.00,1291,5.868,-5.416,0.087
1.00,1292,8.014,-1.101,0.092
1.00,1293,5.531,5.764,0.094
1.00,1294,-4.430,6.654,0.095
1.00,1295,5.039,-6.202,0.091
1.00,1296,-8.070,-0.456,0.094
1.00,1297,-4.882,-6.327,0.095
1.00,1298,-5.817,-5.480,0.090
1.00,1299,3.900,-7.016,0.099
1.00,1300,-3.698,-7.117,0.100
1.00,1301,1.227,-8.010,0.092
1.00,1302,4.231,6.793,0.100
1.00,1303,-6.285,-4.937,0.095
1.00,1304,0.419,-8.087,0.090
1.00,1305,7.530,2.870,0.105
1.00,1306,-7.201,-3.545,0.102
1.00,1307,-8.082,-0.177,0.093
1.00,1308,6.538,-3.400,9.500
1.00,1309,6.293,4.936,0.097
1.00,1310,6.901,-4.044,0.097
1.00,1311,2.776,9.286,3.873
1.00,1312,5.488,-5.802,0.088
1.00,1313,6.682,-4.393,0.093
1.00,1314,-7.852,-1.861,0.100
1.00,1315,-8.652,3.163,-0.001
1.00,1316,-2.025,7.799,0.105
1.00,1317,-0.780,-8.049,0.090
1.00,1318,-3.448,7.241,0.101
1.00,1319,-7.773,2.157,0.100
1.00,1320,7.621,-2.575,0.106
1.00,1321,3.863,7.026,0.107
1.00,1322,-0.092,8.087,0.097
1.00,1323,-3.288,8.415,4.871
1.00,1324,-4.329,-6.732,0.095
1.00,1325,2.975,5.008,-9.039
1.00,1326,-3.536,7.196,0.101
1.00,1327,2.940,-7.501,0.100
1.00,1328,4.437,-6.672,0.093
1.00,1329,-0.658,8.057,0.098
1.00,1330,-7.933,1.529,0.095
1.00,1331,-7.785,2.117,0.100
1.00,1332,-0.616,-8.068,0.090
1.00,1333,-3.006,7.442,0.106
1.00,1334,6.554,-4.579,0.091
1.00,1335,7.321,-3.289,0.099
1.00,1336,2.909,7.498,0.108
1.00,1337,7.150,-9.695,-0.969
1.00,1338,-1.244,-7.987,0.091
1.00,1339,1.704,-7.915,0.093
1.00,1340,-3.147,-4.337,0.407
1.00,1341,8.021,1.170,0.092
1.00,1342,0.570,-8.082,0.090
1.00,1343,7.139,-3.639,0.099
1.00,1344,8.072,0.748,0.091
1.00,1345,-0.622,-8.068,0.090
1.00,1346,-7.722,2.310,0.102
1.00,1347,-7.866,1.838,0.097
1.00,1348,9.234,-6.701,1.262
1.00,1349,8.103,0.152,0.090
1.00,1350,8.088,-0.571,0.091
1.00,1351,-4.730,-0.005,0.958
1.00,1352,5.181,-6.085,0.088
1.00,1353,-5.319,-5.965,0.089
1.00,1354,-0.415,-8.079,0.090
1.00,1355,-7.892,-1.681,0.098
1.00,1356,7.839,-1.935,0.098
1.00,1357,-7.582,-2.673,0.108
1.00,1358,-5.771,-5.526,0.091
1.00,1359,0.217,-8.093,0.090
1.00,1360,-5.445,5.824,0.089
1.00,1361,-5.006,6.208,0.092
1.00,1362,4.566,-6.581,0.091
1.00,1363,-7.429,3.110,0.104
1.00,1364,3.295,-0.106,-9.168
1.00,1365,4.219,-6.813,0.094
1.00,1366,-2.337,7.699,0.109
1.00,1367,-8.085,-0.113,0.093
1.00,1368,-3.370,-2.312,-7.070
1.00,1369,-8.086,-0.081,0.093
1.00,1370,-3.692,7.113,0.102
1.00,1371,3.925,-7.000,0.100
1.00,1372,-1.970,7.817,0.105
1.00,1373,3.906,1.333,7.506
1.00,1374,6.293,5.392,0.122
1.00,1375,4.527,6.642,0.098
1.00,1376,3.514,7.221,0.104
1.00,1377,2.321,7.726,0.107
1.00,1378,7.792,2.169,0.100
1.00,1379,-5.628,-5.668,0.093
1.00,1380,-7.270,3.401,0.102
1.00,1381,-7.103,3.714,0.104
1.00,1382,7.697,2.458,0.104
1.00,1383,3.027,-7.465,0.100
1.00,1384,1.993,-7.845,0.095
1.00,1385,-9.816,6.029,4.890
1.00,1386,7.968,-1.378,0.093
1.00,1387,6.636,4.493,0.097
1.00,1388,-7.289,3.364,0.102
1.00,1389,5.772,4.377,1.099
1.00,1390,-3.459,7.236,0.101
1.00,1391,0.304,-8.090,0.090
1.00,1392,7.878,-1.775,0.096
1.00,1393,-5.289,-5.993,0.089
1.00,1394,4.808,-6.392,0.092
1.00,1395,0.979,-8.039,0.091
1.00,1396,6.136,5.129,0.094
1.00,1397,-6.224,4.984,0.096
1.00,1398,5.494,-5.796,0.088
1.00,1399,2.698,-7.599,0.103
1.00,1400,-0.078,-8.096,0.090
1.00,1401,7.773,-1.825,0.099
1.00,1402,-3.855,8.257,0.266
1.00,1403,5.582,5.713,0.096
1.00,1404,-7.546,-2.765,0.107
1.00,1405,8.067,-0.708,0.091
1.00,1406,2.746,7.564,0.110
1.00,1407,-2.914,-7.486,0.100
1.00,1408,-0.362,8.078,0.097
1.00,1409,7.171,7.128,-1.343
1.00,1410,-4.209,-6.594,0.092
1.00,1411,-6.639,-4.475,0.097
1.00,1412,2.757,-7.575,0.102
1.00,1413,-3.892,6.994,0.103
1.00,1414,7.989,1.364,0.093
1.00,1415,-7.998,1.187,0.093
1.00,1416,7.021,-3.852,0.101
1.00,1417,-7.220,3.498,0.102
1.00,1418,-6.958,-3.969,0.104
1.00,1419,-8.079,0.298,0.093
1.00,1420,-6.237,-4.998,0.095
1.00,1421,3.252,7.352,0.105
1.00,1422,-5.762,-5.536,0.092
1.00,1423,-6.159,-5.096,0.094
1.00,1424,5.285,5.995,0.092
1.00,1425,-1.214,-7.991,0.091
1.00,1426,-7.000,-3.902,0.105
1.00,1427,7.902,1.777,0.096
1.00,1428,1.773,-7.900,0.094
1.00,1429,6.224,-4.999,0.091
1.00,1430,-9.504,-7.590,8.033
1.00,1431,-7.769,2.169,0.100
1.00,1432,-7.028,-3.858,0.105
1.00,1433,8.006,1.279,0.093
1.00,1434,-7.727,2.297,0.102
1.00,1435,-4.160,6.827,0.096
1.00,1436,4.003,-7.003,0.098
1.00,1437,-4.334,2.208,1.121
1.00,1438,6.596,-5.019,7.309
1.00,1439,8.016,-1.086,0.092
1.00,1440,-5.150,6.090,0.090
1.00,1441,5.789,-5.498,0.088
1.00,1442,-2.204,-7.750,0.098
1.00,1443,7.050,3.850,0.104
1.00,1444,-6.484,-1.495,5.760
1.00,1445,-4.182,4.129,9.648
1.00,1446,-4.774,6.396,0.093
1.00,1447,1.236,-8.009,0.092
1.00,1448,-5.926,-5.364,0.089
1.00,1449,-2.545,-7.634,0.103
1.00,1450,-3.168,-7.383,0.100
1.00,1451,-2.838,7.510,0.107
1.00,1452,3.861,7.028,0.107
1.00,1453,4.263,-6.784,0.094
1.00,1454,6.525,4.646,0.096
1.00,1455,0.932,8.036,0.097
1.00,1456,7.851,1.981,0.098
1.00,1457,-2.984,7.451,0.106
1.00,1458,-0.062,8.089,0.097
1.00,1459,-1.764,7.867,0.103
1.00,1460,4.394,-6.699,0.093
1.00,1461,-8.070,0.528,0.093
1.00,1462,0.840,8.047,0.097
1.00,1463,-2.652,7.583,0.111
1.00,1464,5.638,5.769,3.008
1.00,1465,7.791,-2.091,0.099
1.00,1466,-5.582,6.069,8.066
1.00,1467,-7.895,1.705,0.096
1.00,1468,-6.812,-4.205,0.098
1.00,1469,6.383,-4.800,0.092
1.00,1470,-6.893,4.055,0.103
1.00,1471,-1.017,8.009,0.099
1.00,1472,-7.474,2.952,0.104
1.00,1473,-6.600,4.505,0.098
1.00,1474,7.862,-1.846,0.097
1.00,1475,-4.536,-6.594,0.094
1.00,1476,8.088,0.595,0.091
1.00,1477,6.602,-4.511,0.092
1.00,1478,7.731,2.356,0.102
1.00,1479,-7.782,2.129,0.100
1.00,1480,-6.955,3.955,0.105
1.00,1481,4.718,6.457,0.097
1.00,1482,1.282,-8.002,0.092
1.00,1483,5.477,-5.813,0.088
1.00,1484,5.422,5.972,9.432
1.00,1485,1.690,-3.186,-10.228
1.00,1486,-7.158,3.614,0.103
1.00,1487,-5.421,5.847,0.089
1.00,1488,-7.790,-2.076,0.102
1.00,1489,-7.725,-2.278,0.104
1.00,1490,3.256,-7.365,0.098
1.00,1491,-9.464,-7.832,0.159
1.00,1492,-0.373,0.336,2.184
1.00,1493,-7.890,-1.687,0.098
1.00,1494,-3.677,-7.129,0.099
1.00,1495,9.375,2.654,4.145
1.00,1496,-7.457,2.993,0.104
1.00,1497,-6.266,4.932,0.096
1.00,1498,7.756,-4.320,5.719
1.00,1499,-6.887,4.065,0.102
1.00,1500,-0.071,-4.072,-10.666
1.00,1501,-6.621,4.475,0.099
1.00,1502,2.292,7.736,0.106
1.00,1503,7.824,-1.973,0.098
1.00,1504,-0.059,-8.097,0.090
1.00,1505,7.163,3.651,0.102
1.00,1506,-7.498,-2.884,0.105
1.00,1507,7.764,-2.168,0.100
1.00,1508,2.533,-7.670,0.102
1.00,1509,-6.416,3.198,0.480
1.00,1510,2.079,-3.294,-10.025
1.00,1511,4.779,6.408,0.097
1.00,1512,7.158,-3.609,0.098
1.00,1513,-7.877,1.789,0.097
1.00,1514,-4.876,6.312,0.093
1.00,1515,-5.159,-6.105,0.091
1.00,1516,7.279,-4.075,0.090
1.00,1517,5.276,6.002,0.092
1.00,1518,-3.290,-1.668,-11.364
1.00,1519,6.989,4.673,4.489
1.00,1520,7.772,-2.146,0.099
1.00,1521,-4.895,6.297,0.093
1.00,1522,-5.492,5.777,0.090
1.00,1523,1.186,8.005,0.098
1.00,1524,0.282,-8.091,0.090
1.00,1525,7.484,-2.912,0.102
1.00,1526,-5.550,-5.747,0.092
1.00,1527,-7.820,2.007,0.099
1.00,1528,7.530,5.243,9.501
1.00,1529,7.468,3.021,0.104
1.00,1530,-8.085,-0.122,0.093
1.00,1531,6.515,4.660,0.096
1.00,1532,6.524,-4.620,0.091
1.00,1533,-1.355,-7.966,0.091
1.00,1534,-7.570,2.715,0.106
1.00,1535,-4.970,6.237,0.092
1.00,1536,2.540,7.651,0.111
1.00,1537,6.636,-4.462,0.093
1.00,1538,0.215,-8.425,1.231
1.00,1539,7.721,-2.298,0.101
1.00,1540,7.468,3.021,0.104
1.00,1541,-4.961,-6.264,0.094
1.00,1542,-7.742,2.250,0.101
1.00,1543,-6.398,-4.797,0.095
1.00,1544,7.875,1.901,0.097
1.00,1545,-6.553,-4.597,0.095
1.00,1546,-8.088,0.071,0.093
1.00,1547,7.798,2.149,0.099
1.00,1548,7.891,1.827,0.096
1.00,1549,-1.244,-7.987,0.091
1.00,1550,-0.638,8.059,0.098
1.00,1551,-4.725,6.436,0.092
1.00,1552,-8.072,-0.340,0.093
1.00,1553,-4.988,-6.243,0.094
1.00,1554,-5.944,5.316,0.090
1.00,1555,7.892,1.822,0.096
1.00,1556,-7.591,2.661,0.107
1.00,1557,-7.518,-2.836,0.106
1.00,1558,5.016,-6.221,0.091
1.00,1559,-2.164,-3.351,5.833
1.00,1560,-0.589,-8.070,0.090
1.00,1561,-6.728,-4.339,0.097
1.00,1562,4.420,6.672,0.100
1.00,1563,-1.866,-1.769,7.938
1.00,1564,-6.361,4.814,0.098
1.00,1565,-2.330,-7.709,0.100
1.00,1566,-7.278,-3.391,0.102
1.00,1567,7.407,-3.607,9.694
1.00,1568,2.979,7.470,0.107
1.00,1569,7.319,-3.293,0.099
1.00,1570,3.476,7.240,0.104
1.00,1571,-6.145,-5.113,0.093
1.00,1572,-7.272,3.396,0.102
1.00,1573,7.733,-2.262,0.101
1.00,1574,-7.752,2.219,0.101
1.00,1575,-3.417,-2.670,7.315
1.00,1576,-3.446,7.242,0.101
1.00,1577,7.670,2.533,0.106
1.00,1578,-4.606,6.528,0.092
1.00,1579,-3.720,-7.105,0.100
1.00,1580,1.562,7.933,0.100
1.00,1581,-2.381,-7.692,0.100
1.00,1582,-7.684,-2.402,0.106
1.00,1583,-8.053,-0.699,0.094
1.00,1584,-7.950,1.449,0.094
1.00,1585,-2.207,-7.749,0.098
1.00,1586,-7.720,-2.294,0.104
1.00,1587,7.745,-2.226,0.100
1.00,1588,1.511,-7.955,0.092
1.00,1589,1.778,7.886,0.101
1.00,1590,5.792,-5.495,0.088
1.00,1591,7.703,2.439,0.104
1.00,1592,-3.368,7.281,0.102
1.00,1593,-3.908,6.984,0.103
1.00,1594,-3.347,-7.298,0.098
1.00,1595,7.156,3.665,0.102
1.00,1596,-7.657,2.500,0.106
1.00,1597,-4.048,-6.908,0.099
1.00,1598,1.659,-7.924,0.093
1.00,1599,1.131,8.011,0.098
1.00,1600,2.157,-7.794,0.097
1.00,1601,4.386,6.694,0.100
1.00,1602,-4.260,-6.775,0.096
1.00,1603,0.293,8.049,1.314
1.00,1604,-7.027,3.843,0.106
1.00,1605,-1.418,-3.822,-2.330
1.00,1606,-3.619,7.152,0.101
1.00,1607,-4.562,6.561,0.092
1.00,1608,7.064,-3.780,0.100
1.00,1609,-2.723,-7.562,0.102
1.00,1610,0.641,8.071,0.097
1.00,1611,-7.479,2.939,0.104
1.00,1612,-6.889,4.161,7.718
1.00,1613,-8.050,0.763,0.093
1.00,1614,-3.391,7.270,0.102
1.00,1615,-7.170,3.593,0.103
1.00,1616,2.639,7.604,0.112
1.00,1617,-3.570,2.928,7.684
1.00,1618,-6.378,4.793,0.098
1.00,1619,2.213,-7.776,0.097
1.00,1620,5.540,-5.749,0.089
1.00,1621,-0.087,8.088,0.097
1.00,1622,2.102,7.797,0.104
1.00,1623,6.517,4.657,0.096
1.00,1624,4.132,-6.868,0.095
1.00,1625,4.587,-6.565,0.091
1.00,1626,-6.665,-4.438,0.098
1.00,1627,-3.422,-7.261,0.098
1.00,1628,7.541,2.843,0.105
1.00,1629,8.094,-0.290,0.090
1.00,1630,-7.247,-3.454,0.102
1.00,1631,4.461,4.108,6.581
1.00,1632,7.201,-3.527,0.098
1.00,1633,6.270,4.964,0.097
1.00,1634,-4.535,6.414,8.085
1.00,1635,3.954,-3.306,-0.434
1.00,1636,4.713,-6.469,0.091
1.00,1637,-8.266,-3.302,0.185
1.00,1638,7.651,2.579,0.106
1.00,1639,-5.986,-5.298,0.089
1.00,1640,-3.409,-9.583,8.515
1.00,1641,2.352,-7.732,0.099
1.00,1642,7.848,1.988,0.098
1.00,1643,-7.754,-2.190,0.103
1.00,1644,3.269,-7.359,0.098
1.00,1645,2.674,7.593,0.111
1.00,1646,7.978,1.416,0.093
1.00,1647,1.890,-7.874,0.095
1.00,1648,-6.395,-4.802,0.095
1.00,1649,6.991,3.941,0.105
1.00,1650,-0.903,-8.032,0.090
1.00,1651,7.126,7.401,7.630
1.00,1652,7.092,3.781,0.104
1.00,1653,-3.865,7.011,0.103
1.00,1654,1.301,7.988,0.099
1.00,1655,8.088,-0.398,0.090
1.00,1656,-8.054,0.732,0.093
1.00,1657,-4.652,6.493,0.092
1.00,1658,8.107,0.038,0.090
1.00,1659,6.810,-4.190,0.094
1.00,1660,-6.665,-4.437,0.098
1.00,1661,-3.415,7.258,0.101
1.00,1662,3.791,7.070,0.107
1.00,1663,-1.981,-7.821,0.096
1.00,1664,2.041,7.817,0.103
1.00,1665,-7.200,3.535,0.102
1.00,1666,0.900,6.107,-8.744
1.00,1667,-3.759,-7.845,3.545
1.00,1668,8.104,0.095,0.090
1.00,1669,4.534,-6.603,0.092
1.00,1670,7.821,-1.994,0.098
1.00,1671,-3.405,7.263,0.101
1.00,1672,0.726,-8.069,0.090
1.00,1673,4.931,-7.822,7.644
1.00,1674,3.391,7.283,0.104
1.00,1675,6.590,-4.528,0.092
1.00,1676,-2.158,-7.765,0.097
1.00,1677,-7.384,8.493,-2.831
1.00,1678,1.352,-7.988,0.092
1.00,1679,0.533,-8.083,0.090
1.00,1680,7.847,1.992,0.098
1.00,1681,-8.010,-1.034,0.095
1.00,1682,-3.239,7.344,0.104
1.00,1683,5.129,-6.129,0.089
1.00,1684,-5.010,-6.226,0.094
1.00,1685,4.333,6.728,0.100
1.00,1686,-7.518,-2.836,0.106
1.00,1687,-6.393,-9.569,-10.048
1.00,1688,-0.184,8.083,0.097
1.00,1689,2.198,-7.781,0.097
1.00,1690,7.625,2.637,0.107
1.00,1691,-3.219,-8.316,-0.310
1.00,1692,-6.975,3.924,0.106
1.00,1693,1.988,-7.847,0.095
1.00,1694,5.561,-5.728,0.090
1.00,1695,-5.822,5.446,0.090
1.00,1696,7.748,-2.218,0.100
1.00,1697,-3.822,-4.470,4.933
1.00,1698,-0.669,-8.064,0.090
1.00,1699,8.080,-0.571,0.091
1.00,1700,4.243,6.786,0.100
1.00,1701,-6.523,4.612,0.097
1.00,1702,-4.167,6.823,0.096
1.00,1703,5.109,6.143,0.095
1.00,1704,5.861,5.436,0.092
1.00,1705,6.426,4.773,0.096
1.00,1706,-4.685,6.892,3.204
1.00,1707,-0.604,8.061,0.098
1.00,1708,0.397,-8.087,0.090
1.00,1709,-3.404,7.263,0.101
1.00,1710,9.685,6.208,8.688
1.00,1711,-3.459,7.235,0.101
1.00,1712,-3.230,-7.354,0.099
1.00,1713,8.097,-0.231,0.090
1.00,1714,-4.083,-6.886,0.098
1.00,1715,4.236,-6.683,0.092
1.00,1716,-3.275,7.327,0.103
1.00,1717,8.097,-0.237,0.090
1.00,1718,2.944,7.484,0.107
1.00,1719,-4.923,6.274,0.092
1.00,1720,3.675,7.135,0.105
1.00,1721,-6.533,4.598,0.097
1.00,1722,7.994,1.342,0.093
1.00,1723,8.023,1.165,0.092
1.00,1724,-3.197,-7.369,0.099
1.00,1725,-5.036,-6.205,0.094
1.00,1726,4.407,-6.691,0.093
1.00,1727,-2.982,-1.477,-1.259
1.00,1728,2.745,7.565,0.110
1.00,1729,-5.749,-5.548,0.092
1.00,1730,-7.663,-2.466,0.107
1.00,1731,8.037,-0.933,0.092
1.00,1732,-6.061,-5.210,0.090
1.00,1733,-7.132,-3.675,0.103
1.00,1734,7.453,3.057,0.104
1.00,1735,2.569,-7.654,0.102
1.00,1736,8.089,0.542,0.091
1.00,1737,-8.063,0.685,0.093
1.00,1738,5.975,-5.299,0.086
1.00,1739,-7.421,-3.078,0.104
1.00,1740,5.880,5.416,0.091
1.00,1741,2.148,-7.425,0.088
1.00,1742,-3.967,-6.957,0.101
1.00,1743,0.931,8.036,0.097
1.00,1744,5.943,-5.334,0.086
1.00,1745,4.869,6.334,0.099
1.00,1746,2.615,7.618,0.112
1.00,1747,-8.086,-0.091,0.093
1.00,1748,-8.072,-0.392,0.093
1.00,1749,7.880,1.878,0.097
1.00,1750,1.622,-7.932,0.093
1.00,1751,-2.131,3.034,8.960
1.00,1752,6.837,1.295,1.769
1.00,1753,-0.336,8.075,0.097
1.00,1754,-4.886,6.563,8.350
1.00,1755,3.467,7.245,0.104
1.00,1756,-5.515,-5.782,0.091
1.00,1757,-7.105,3.712,0.104
1.00,1758,1.954,7.844,0.103
1.00,1759,-5.396,4.190,2.738
1.00,1760,-2.199,7.744,0.107
1.00,1761,-1.386,7.950,0.101
1.00,1762,7.993,-1.255,0.093
1.00,1763,-5.136,6.103,0.090
1.00,1764,3.862,7.027,0.107
1.00,1765,-0.968,8.015,0.099
1.00,1766,-6.770,4.249,0.100
1.00,1767,-6.892,-4.076,0.101
1.00,1768,8.064,-0.731,0.091
1.00,1769,5.329,5.956,0.091
1.00,1770,-6.871,4.090,0.102
1.00,1771,-2.111,7.755,0.107
1.00,1772,4.084,-6.899,0.096
1.00,1773,-0.780,8.040,0.098
1.00,1774,-2.355,-7.701,0.100
1.00,1775,-8.084,0.155,0.093
1.00,1776,-2.251,7.727,0.107
1.00,1777,5.571,5.724,0.095
1.00,1778,4.289,6.756,0.100
1.00,1779,-6.151,-5.105,0.093
1.00,1780,-7.950,-1.412,0.097
1.00,1781,3.731,7.104,0.106
1.00,1782,-0.455,-2.016,2.540
1.00,1783,8.043,-0.890,0.091
1.00,1784,-2.333,-7.708,0.100
1.00,1785,-6.291,4.901,0.097
1.00,1786,-3.192,7.375,0.104
1.00,1787,1.998,7.830,0.103
1.00,1788,-6.418,4.991,0.094
1.00,1789,-1.587,-7.915,0.093
1.00,1790,7.799,2.147,0.099
1.00,1791,6.857,4.155,0.100
1.00,1792,7.267,-3.398,0.098
1.00,1793,-6.439,-4.746,0.095
1.00,1794,-2.044,-7.801,0.096
1.00,1795,-7.423,-3.073,0.104
1.00,1796,-7.343,3.254,0.103
1.00,1797,7.360,2.966,0.102
1.00,1798,-0.545,8.064,0.098
1.00,1799,8.066,-0.717,0.091
1.00,1800,-3.355,-7.294,0.098
1.00,1801,-0.237,8.080,0.097
1.00,1802,-7.215,-2.238,3.716
1.00,1803,-4.570,-6.570,0.094
1.00,1804,-4.232,-6.793,0.096
1.00,1805,-5.903,5.361,0.090
1.00,1806,-4.345,5.554,0.118
1.00,1807,4.523,6.602,0.098
1.00,1808,-5.306,-0.953,0.533
1.00,1809,-8.082,0.210,0.093
1.00,1810,-7.888,1.738,0.096
1.00,1811,5.439,-5.850,0.087
1.00,1812,7.379,3.228,0.103
1.00,1813,0.242,-8.092,0.090
1.00,1814,5.951,-5.326,0.086
1.00,1815,3.343,-7.326,0.097
1.00,1816,7.227,-3.478,0.098
1.00,1817,8.095,0.368,0.090
1.00,1818,-8.082,0.220,0.093
1.00,1819,-5.757,5.512,0.092
1.00,1820,-4.527,6.586,0.093
1.00,1821,8.068,-0.698,0.091
1.00,1822,4.096,-6.891,0.096
1.00,1823,-4.018,-6.926,0.100
1.00,1824,1.609,-7.935,0.093
1.00,1825,-3.910,5.140,6.199
1.00,1826,-5.992,-5.292,0.089
1.00,1827,-7.501,2.886,0.105
1.00,1828,3.164,-7.408,0.099
1.00,1829,8.090,-0.363,0.090
1.00,1830,-6.138,-5.324,8.632
1.00,1831,2.236,-7.769,0.097
1.00,1832,5.978,-5.296,0.086
1.00,1833,3.046,7.442,0.107
1.00,1834,2.368,2.155,3.020
1.00,1835,7.932,1.635,0.095
1.00,1836,5.335,5.950,0.091
1.00,1837,7.552,2.816,0.105
1.00,1838,7.823,2.745,3.389
1.00,1839,-7.299,3.346,0.102
1.00,1840,-7.213,-3.521,0.102
1.00,1841,8.008,1.275,0.093
1.00,1842,1.923,-7.866,0.095
1.00,1843,-5.910,5.354,0.090
1.00,1844,-5.811,5.457,0.091
1.00,1845,-7.997,-1.140,0.096
1.00,1846,0.990,-8.038,0.091
1.00,1847,7.986,-1.293,0.093
1.00,1848,5.131,-6.127,0.089
1.00,1849,2.363,-7.727,0.099
1.00,1850,-2.314,-7.714,0.099
1.00,1851,2.533,7.651,0.111
1.00,1852,7.133,3.707,0.103
1.00,1853,7.532,2.865,0.105
1.00,1854,7.423,3.132,0.104
1.00,1855,-1.640,7.894,0.102
1.00,1856,0.395,-8.107,0.090
1.00,1857,-5.991,5.264,0.090
1.00,1858,6.164,-5.074,0.091
1.00,1859,-7.579,2.692,0.107
1.00,1860,6.938,-3.984,0.099
1.00,1861,5.541,-5.749,0.089
1.00,1862,5.752,-5.536,0.089
1.00,1863,-7.241,-3.466,0.102
1.00,1864,3.495,7.230,0.104
1.00,1865,-1.617,7.900,0.102
1.00,1866,4.658,3.692,2.035
1.00,1867,-3.913,6.981,0.103
1.00,1868,-2.560,-8.024,0.349
1.00,1869,-2.289,7.714,0.108
1.00,1870,-2.948,7.465,0.106
1.00,1871,5.667,5.645,0.096
1.00,1872,4.940,-6.280,0.092
1.00,1873,-4.476,6.622,0.094
1.00,1874,6.480,-4.678,0.091
1.00,1875,-0.127,3.389,-1.785
1.00,1876,7.798,2.150,0.099
1.00,1877,-6.761,3.762,0.094
1.00,1878,7.556,2.806,0.106
1.00,1879,-5.231,-6.044,0.090
1.00,1880,2.752,7.520,0.108
1.00,1881,-5.063,-6.262,0.094
1.00,1882,1.555,3.777,-8.520
1.00,1883,-8.084,-0.131,0.093
1.00,1884,7.793,2.166,0.099
1.00,1885,-7.370,-3.199,0.104
1.00,1886,-2.186,7.748,0.107
1.00,1887,-7.000,-3.903,0.105
1.00,1888,3.921,-7.002,0.099
1.00,1889,7.627,2.632,0.107
1.00,1890,6.133,-5.113,0.090
1.00,1891,2.477,1.873,8.574
1.00,1892,7.616,3.491,0.092
1.00,1893,-4.633,6.508,0.092
1.00,1894,-3.301,-7.320,0.098
1.00,1895,4.758,-6.433,0.091
1.00,1896,4.240,-7.360,0.065
1.00,1897,5.425,5.867,0.092
1.00,1898,8.148,-2.619,-0.062
1.00,1899,6.569,-4.558,0.091
1.00,1900,3.414,-7.286,0.096
1.00,1901,3.501,-6.524,3.704
1.00,1902,-6.167,-5.086,0.094
1.00,1903,-7.055,-3.815,0.105
1.00,1904,-7.837,1.952,0.098
1.00,1905,-4.448,-6.655,0.095
1.00,1906,6.806,-4.503,0.090
1.00,1907,1.555,7.934,0.100
1.00,1908,6.586,-4.534,0.092
1.00,1909,7.391,-3.138,0.101
1.00,1910,-6.984,3.909,0.107
1.00,1911,-1.366,-7.963,0.092
1.00,1912,-6.719,-4.353,0.097
1.00,1913,7.828,2.054,0.098
1.00,1914,3.309,8.015,0.054
1.00,1915,-0.055,8.090,0.097
1.00,1916,-7.413,-3.096,0.104
1.00,1917,7.841,-1.929,0.098
1.00,1918,-4.016,6.917,0.100
1.00,1919,6.993,-3.895,0.101
1.00,1920,4.716,-6.466,0.091
1.00,1921,8.090,-0.367,0.090
1.00,1922,-2.777,-7.540,0.102
1.00,1923,-3.590,-7.175,0.098
1.00,1924,-7.819,-4.351,3.050
1.00,1925,2.573,7.637,0.111
1.00,1926,-4.202,-6.812,0.096
1.00,1927,0.799,-8.060,0.090
1.00,1928,-0.006,-8.100,0.090
1.00,1929,-8.079,-0.247,0.093
1.00,1930,7.910,4.000,7.806
1.00,1931,-1.247,-4.174,-9.230
1.00,1932,5.020,6.214,0.097
1.00,1933,-1.372,7.954,0.101
1.00,1934,-3.176,-7.379,0.100
1.00,1935,-4.820,6.360,0.094
1.00,1936,4.664,6.481,0.097
1.00,1937,-7.272,-3.404,0.102
1.00,1938,7.813,2.102,0.099
1.00,1939,-7.763,2.187,0.100
1.00,1940,7.908,1.749,0.096
1.00,1941,-0.706,8.050,0.098
1.00,1942,-7.397,-3.164,0.104
1.00,1943,-1.758,-7.877,0.094
1.00,1944,5.439,-5.850,0.087
1.00,1945,0.532,-4.109,6.813
1.00,1946,3.948,6.970,0.107
1.00,1947,6.261,4.974,0.097
1.00,1948,-4.502,6.604,0.093
1.00,1949,-6.416,4.747,0.097
1.00,1950,7.101,3.777,0.104
1.00,1951,-7.822,2.002,0.098
1.00,1952,6.066,5.211,0.092
1.00,1953,6.946,-3.970,0.099
1.00,1954,-0.381,8.073,0.098
1.00,1955,6.347,0.361,8.270
1.00,1956,-4.529,-6.599,0.094
1.00,1957,-3.959,6.952,0.102
1.00,1958,-7.096,-3.741,0.104
1.00,1959,0.346,5.084,9.665
1.00,1960,-6.933,-4.011,0.103
1.00,1961,7.770,-2.150,0.099
1.00,1962,7.503,2.937,0.104
1.00,1963,7.398,3.187,0.103
1.00,1964,6.742,-4.298,0.093
1.00,1965,-1.478,-7.939,0.092
1.00,1966,-4.005,-6.933,0.100
1.00,1967,-7.966,-0.031,0.092
1.00,1968,6.819,-4.177,0.095
1.00,1969,-7.625,-2.567,0.109
1.00,1970,5.483,6.155,3.174
1.00,1971,-7.510,2.864,0.105
1.00,1972,-2.171,-7.761,0.097
1.00,1973,6.087,5.384,0.087
1.00,1974,7.431,3.108,0.104
1.00,1975,2.850,7.522,0.108
1.00,1976,-1.520,7.921,0.102
1.00,1977,1.454,-7.967,0.092
1.00,1978,-7.887,-1.701,0.099
1.00,1979,-3.866,-7.022,0.101
1.00,1980,5.922,-5.357,0.086
1.00,1981,-9.605,-7.650,-5.201
1.00,1982,-0.881,-8.035,0.090
1.00,1983,-5.160,6.083,0.090
1.00,1984,-3.895,-7.001,0.102
1.00,1985,-2.151,7.677,0.109
1.00,1986,-7.322,-3.301,0.103
1.00,1987,-7.108,3.706,0.104
1.00,1988,5.459,5.834,0.092
1.00,1989,-0.968,-8.024,0.090
1.00,1990,-7.523,-2.823,0.106
1.00,1991,-5.905,-5.388,0.089
1.00,1992,-1.961,-7.827,0.095
1.00,1993,3.608,7.171,0.104
1.00,1994,5.194,-6.074,0.088
1.00,1995,-5.646,5.638,0.093
1.00,1996,4.664,6.498,0.097
1.00,1997,-4.409,6.668,0.094
1.00,1998,-6.929,3.998,0.104
1.00,1999,5.452,5.842,0.092
1.00,2000,-4.067,6.885,0.099
1.00,2001,-6.715,-4.360,0.097
1.00,2002,-8.033,-0.860,0.095
1.00,2003,-3.279,-7.331,0.099
1.00,2004,6.428,4.771,0.096
1.00,2005,-1.483,2.947,-3.860
1.00,2006,4.661,6.496,0.097
1.00,2007,1.319,7.984,0.099
1.00,2008,5.359,-5.927,0.086
1.00,2009,1.543,-7.949,0.093
1.00,2010,2.700,7.583,0.111
1.00,2011,-4.779,6.392,0.093
1.00,2012,7.005,3.920,0.105
1.00,2013,2.988,-7.481,0.100
1.00,2014,-0.320,-8.084,0.090
1.00,2015,-7.359,-3.224,0.104
1.00,2016,7.685,-2.401,0.103
1.00,2017,-1.889,7.839,0.105
1.00,2018,-0.016,8.092,0.097
1.00,2019,-1.779,-0.032,7.309
1.00,2020,-3.000,-7.451,0.100
1.00,2021,7.600,2.697,0.107
1.00,2022,9.866,-9.193,9.577
1.00,2023,-7.962,-1.357,0.096
1.00,2024,-7.439,3.037,0.104
1.00,2025,7.825,-1.979,0.098
1.00,2026,0.795,-8.061,0.090
1.00,2027,-7.919,-1.534,0.097
1.00,2028,-2.820,-7.523,0.101
1.00,2029,1.217,8.094,0.097
1.00,2030,6.520,-4.624,0.091
1.00,2031,8.038,1.034,0.092
1.00,2032,-8.015,1.052,0.093
1.00,2033,-7.996,1.200,0.094
1.00,2034,7.919,1.700,0.095
1.00,2035,-7.242,3.455,0.102
1.00,2036,-3.703,7.107,0.102
1.00,2037,-1.916,7.832,0.105
1.00,2038,-9.490,0.605,2.301
1.00,2039,7.270,3.448,0.101
1.00,2040,-4.486,6.615,0.094
1.00,2041,1.473,-3.830,-10.774
1.00,2042,4.104,6.874,0.103
1.00,2043,-4.311,-6.744,0.095
1.00,2044,3.488,-7.249,0.096
1.00,2045,7.796,-2.072,0.099
1.00,2046,4.108,-0.753,-3.371
1.00,2047,-4.462,-6.646,0.095
1.00,2048,-3.440,7.245,0.101
1.00,2049,4.502,-6.626,0.092
1.00,2050,-7.544,2.779,0.106
1.00,2051,-3.730,7.091,0.102
1.00,2052,3.605,-7.187,0.097
1.00,2053,7.066,3.824,0.104
1.00,2054,5.796,-5.491,0.088
1.00,2055,5.238,-2.783,-6.147
1.00,2056,5.525,-5.764,0.089
1.00,2057,-2.012,-7.812,0.096
1.00,2058,-3.300,7.314,0.103
1.00,2059,8.032,-0.968,0.092
1.00,2060,8.098,0.289,0.090
1.00,2061,-7.905,1.659,0.096
1.00,2062,-6.517,-4.805,0.091
1.00,2063,-0.206,8.359,0.080
1.00,2064,8.054,-0.804,0.091
1.00,2065,-0.899,8.043,0.099
1.00,2066,3.312,-7.349,0.097
1.00,2067,-5.546,9.113,-5.071
1.00,2068,-3.735,7.088,0.102
1.00,2069,-0.769,8.042,0.098
1.00,2070,-7.612,-2.598,0.109
1.00,2071,7.063,-3.781,0.100
1.00,2072,4.821,-6.381,0.092
1.00,2073,6.967,3.973,0.105
1.00,2074,-7.370,-3.201,0.104
1.00,2075,-6.929,3.998,0.104
1.00,2076,2.468,-7.692,0.101
1.00,2077,-5.225,6.026,0.088
1.00,2078,-7.837,-0.140,0.090
1.00,2079,-3.857,1.090,-11.208
1.00,2080,-1.212,-7.991,0.091
1.00,2081,-2.182,7.750,0.107
1.00,2082,-0.850,8.528,0.055
1.00,2083,-2.682,7.572,0.110
1.00,2084,-0.663,8.056,0.098
1.00,2085,6.965,-3.939,0.100
1.00,2086,-3.735,-7.012,0.102
1.00,2087,2.213,7.761,0.105
1.00,2088,4.535,6.593,0.098
1.00,2089,8.030,1.100,0.092
1.00,2090,-7.100,-3.735,0.104
1.00,2091,-7.128,3.669,0.104
1.00,2092,7.262,3.463,0.101
1.00,2093,0.308,-8.090,0.090
1.00,2094,2.047,7.815,0.103
1.00,2095,-4.054,6.893,0.099
1.00,2096,-6.516,4.620,0.097
1.00,2097,4.448,6.654,0.100
1.00,2098,2.644,-7.621,0.103
1.00,2099,-3.279,-7.330,0.099
1.00,2100,4.429,-6.677,0.093
1.00,2101,-7.879,-1.740,0.099
1.00,2102,-7.442,-3.025,0.105
1.00,2103,-8.009,-1.045,0.095
1.00,2104,-3.519,7.220,0.101
1.00,2105,8.013,-1.105,0.092
1.00,2106,0.854,8.045,0.097
1.00,2107,6.495,-4.659,0.091
1.00,2108,8.069,-0.696,0.091
1.00,2109,-6.740,-4.319,0.097
1.00,2110,-7.371,-3.198,0.104
1.00,2111,-8.072,-0.424,0.094
1.00,2112,2.635,7.609,0.112
1.00,2113,-5.272,5.986,0.088
1.00,2114,-1.153,-7.999,0.091
1.00,2115,5.061,-6.184,0.091
1.00,2116,-7.027,3.843,0.106
1.00,2117,-5.362,-0.473,-4.960
1.00,2118,-7.408,-5.764,3.652
1.00,2119,7.761,2.264,0.101
1.00,2120,8.091,-0.356,0.090
1.00,2121,0.171,-8.013,0.089
1.00,2122,-3.232,7.347,0.104
1.00,2123,8.091,0.497,0.091
1.00,2124,-7.937,-1.472,0.097
1.00,2125,6.342,-4.850,0.093
1.00,2126,5.690,-5.597,0.090
1.00,2127,-3.396,7.267,0.102
1.00,2128,-4.604,-6.546,0.093
1.00,2129,1.795,-7.896,0.094
1.00,2130,8.081,0.675,0.091
1.00,2131,-3.283,-7.329,0.098
1.00,2132,2.556,-7.660,0.102
1.00,2133,4.465,-6.652,0.093
1.00,2134,7.940,1.599,0.095
1.00,2135,-4.114,-6.866,0.097
1.00,2136,4.585,6.558,0.097
1.00,2137,7.441,-3.015,0.101
1.00,2138,-2.543,-7.637,0.103
1.00,2139,-2.798,7.526,0.108
1.00,2140,0.955,-8.042,0.091
1.00,2141,2.197,7.767,0.105
1.00,2142,-7.164,-3.603,7.886
1.00,2143,-7.320,-3.305,0.103
1.00,2144,7.036,-3.827,0.101
1.00,2145,6.627,6.456,4.197
1.00,2146,7.077,-3.758,0.100
1.00,2147,8.034,-0.806,0.091
1.00,2148,6.645,-4.499,0.092
1.00,2149,3.456,-7.265,0.096
1.00,2150,-2.833,-7.518,0.101
1.00,2151,7.255,-3.422,0.098
1.00,2152,7.895,1.813,0.096
1.00,2153,-8.066,0.625,0.093
1.00,2154,-2.177,-7.759,0.097
1.00,2155,7.156,-5.236,-0.063
1.00,2156,5.228,6.044,0.092
1.00,2157,-2.219,7.738,0.107
1.00,2158,-4.348,6.707,0.094
1.00,2159,7.101,3.764,0.104
1.00,2160,-3.863,7.013,0.103
1.00,2161,-4.579,6.548,0.092
1.00,2162,-6.297,6.099,4.686
1.00,2163,-2.009,-7.812,0.096
1.00,2164,-7.322,-3.302,0.103
1.00,2165,2.554,8.871,4.198
1.00,2166,0.609,-2.891,4.771
1.00,2167,-6.037,5.211,0.091
1.00,2168,-7.528,2.818,0.105
1.00,2169,-8.006,1.117,0.093
1.00,2170,-0.974,8.014,0.099
1.00,2171,6.619,-4.487,0.092
1.00,2172,8.017,0.888,0.092
1.00,2173,6.787,4.265,0.099
1.00,2174,-3.043,-3.161,-1.705
1.00,2175,3.974,6.955,0.106
1.00,2176,7.480,2.956,0.104
1.00,2177,-7.354,3.232,0.103
1.00,2178,7.272,-3.389,0.098
1.00,2179,4.229,-6.807,0.094
1.00,2180,2.677,7.592,0.111
1.00,2181,-2.744,7.547,0.109
1.00,2182,-3.800,-7.061,0.101
1.00,2183,-0.812,-2.880,6.067
1.00,2184,1.176,8.007,0.098
1.00,2185,2.627,7.612,0.112
1.00,2186,-4.637,6.505,0.092
1.00,2187,-7.091,-3.750,0.104
1.00,2188,3.416,-2.822,-6.481
1.00,2189,-6.973,3.927,0.106
1.00,2190,7.445,-3.007,0.101
1.00,2191,-7.668,2.468,0.105
1.00,2192,5.697,-5.590,0.090
1.00,2193,-1.825,7.853,0.104
1.00,2194,-4.999,-6.235,0.094
1.00,2195,-1.311,9.182,8.473
1.00,2196,5.416,5.875,0.092
1.00,2197,5.022,-7.326,6.452
1.00,2198,6.628,4.505,0.097
1.00,2199,-8.927,10.003,6.886
1.00,2200,-4.130,6.846,0.097
1.00,2201,-2.413,7.673,0.110
1.00,2202,3.958,-6.978,0.100
1.00,2203,4.423,0.492,-6.200
1.00,2204,6.623,4.512,0.097
1.00,2205,6.112,-5.138,0.089
1.00,2206,7.655,2.569,0.106
1.00,2207,7.535,-2.786,0.103
1.00,2208,0.583,8.073,0.097
1.00,2209,-6.833,5.171,9.594
1.00,2210,1.601,-7.937,0.093
1.00,2211,-7.377,-3.185,0.104
1.00,2212,-7.378,3.181,0.104
1.00,2213,0.373,8.081,0.097
1.00,2214,7.257,-3.418,0.098
1.00,2215,-7.885,-1.711,0.099
1.00,2216,-1.300,-7.977,0.091
1.00,2217,-8.075,-0.345,0.093
1.00,2218,-7.580,2.688,0.107
1.00,2219,6.540,4.569,0.097
1.00,2220,7.365,3.257,0.102
1.00,2221,1.404,7.967,0.099
1.00,2222,7.817,2.090,0.099
1.00,2223,7.895,-1.701,0.095
1.00,2224,-3.886,-7.003,0.102
1.00,2225,7.930,-1.548,0.094
1.00,2226,-8.521,9.120,9.916
1.00,2227,-1.611,-7.910,0.093
1.00,2228,-7.407,-3.112,0.104
1.00,2229,-8.064,-0.588,0.094
1.00,2230,-7.595,2.651,0.107
1.00,2231,3.156,7.397,0.107
1.00,2232,-8.002,1.150,0.093
1.00,2233,7.290,3.409,0.101
1.00,2234,6.738,4.340,0.098
1.00,2235,1.417,-7.975,0.092
1.00,2236,1.588,7.927,0.100
1.00,2237,-2.862,-7.507,0.101
1.00,2238,7.644,2.594,0.106
1.00,2239,-8.021,1.003,0.093
1.00,2240,-8.741,3.962,5.429
1.00,2241,-2.078,7.783,0.106
1.00,2242,-7.720,2.318,0.102
1.00,2243,-7.955,1.424,0.094
1.00,2244,8.059,-0.770,0.091
1.00,2245,8.090,0.522,0.091
1.00,2246,-1.099,7.998,0.100
1.00,2247,6.931,-3.995,0.099
1.00,2248,-8.009,1.098,0.093
1.00,2249,7.899,1.794,0.096
1.00,2250,-5.431,-5.869,0.089
1.00,2251,-0.208,-8.089,0.090
1.00,2252,5.541,5.755,0.094
1.00,2253,0.148,5.357,9.708
1.00,2254,-7.990,1.252,0.094
1.00,2255,4.693,-6.485,0.091
1.00,2256,-0.107,-4.139,8.485
1.00,2257,7.700,-2.302,0.102
1.00,2258,-7.979,-1.290,0.096
1.00,2259,-3.164,-7.385,0.100
1.00,2260,-5.374,5.886,0.088
1.00,2261,-3.462,7.234,0.101
1.00,2262,9.862,7.716,6.143
1.00,2263,3.948,6.970,0.107
1.00,2264,7.134,3.704,0.103
1.00,2265,7.628,-2.558,0.106
1.00,2266,0.115,8.089,0.097
1.00,2267,5.215,6.054,0.093
1.00,2268,5.538,5.758,0.094
1.00,2269,6.305,-4.930,0.092
1.00,2270,7.991,1.357,0.093
1.00,2271,-2.623,7.595,0.111
1.00,2272,3.337,7.310,0.104
1.00,2273,6.374,-4.812,0.092
1.00,2274,3.601,7.174,0.104
1.00,2275,-7.465,2.975,0.104
1.00,2276,2.691,-7.601,0.103
1.00,2277,0.374,8.078,0.097
1.00,2278,-7.511,-2.852,0.106
1.00,2279,-6.004,-5.278,0.089
1.00,2280,7.677,-2.424,0.103
1.00,2281,-7.591,2.662,0.107
1.00,2282,7.128,3.716,0.103
1.00,2283,5.829,5.468,0.092
1.00,2284,5.557,-5.732,0.090
1.00,2285,-6.056,5.189,0.092
1.00,2286,-6.737,4.301,0.099
1.00,2287,7.673,-2.437,0.103
1.00,2288,-7.090,3.737,0.105
1.00,2289,5.853,5.444,0.092
1.00,2290,1.549,3.324,9.952
1.00,2291,-5.247,-6.031,0.089
1.00,2292,1.603,-7.936,0.093
1.00,2293,-7.389,-3.177,0.104
1.00,2294,8.105,-0.065,0.090
1.00,2295,5.407,5.884,0.092
1.00,2296,1.340,-3.839,-0.898
1.00,2297,-8.717,-8.942,-2.008
1.00,2298,4.607,6.541,0.097
1.00,2299,-0.929,-8.029,0.090
1.00,2300,5.760,5.538,0.094
1.00,2301,-6.493,-4.677,0.094
1.00,2302,-8.033,-0.858,0.095
1.00,2303,-0.633,8.060,0.098
1.00,2304,6.494,4.687,0.096
1.00,2305,4.179,-4.097,4.088
1.00,2306,-6.510,4.627,0.097
1.00,2307,-7.058,-3.809,0.105
1.00,2308,-8.065,-0.549,0.094
1.00,2309,-7.198,3.539,0.102
1.00,2310,8.104,0.112,0.090
1.00,2311,-1.546,7.915,0.102
1.00,2312,7.632,-2.548,0.106
1.00,2313,1.683,7.907,0.100
1.00,2314,-6.552,4.571,0.097
1.00,2315,-6.559,-4.584,0.095
1.00,2316,6.057,-5.205,0.087
1.00,2317,-7.708,2.353,0.103
1.00,2318,-7.171,3.590,0.103
1.00,2319,7.718,-2.305,0.101
1.00,2320,-7.058,3.794,0.106
1.00,2321,5.809,-5.478,0.088
1.00,2322,-7.614,2.606,0.108
1.00,2323,-0.547,4.343,-6.016
1.00,2324,-2.822,-7.523,0.101
1.00,2325,-3.258,-2.033,4.321
1.00,2326,2.587,7.630,0.111
1.00,2327,-3.987,-6.945,0.100
1.00,2328,2.973,-4.931,-8.944
1.00,2329,-6.163,5.060,0.095
1.00,2330,-7.959,1.410,0.094
1.00,2331,7.701,-2.356,0.102
1.00,2332,-3.395,-7.274,0.098
1.00,2333,3.977,6.953,0.106
1.00,2334,7.501,3.251,0.102
1.00,2335,7.178,-3.571,0.098
1.00,2336,-7.207,-3.531,0.102
1.00,2337,-0.082,-8.096,0.090
1.00,2338,-4.133,6.844,0.097
1.00,2339,5.761,5.537,0.094
1.00,2340,-7.423,3.082,0.104
1.00,2341,7.470,-2.695,0.101
1.00,2342,6.805,4.236,0.099
1.00,2343,-0.520,-4.021,-11.112
1.00,2344,8.011,1.254,0.093
1.00,2345,-1.248,-7.987,0.091
1.00,2346,-7.361,3.218,0.103
1.00,2347,-7.881,1.769,0.096
1.00,2348,1.516,7.943,0.099
1.00,2349,6.093,5.180,0.093
1.00,2350,-4.454,6.638,0.094
1.00,2351,1.159,-8.018,0.091
1.00,2352,-7.246,-3.455,0.102
1.00,2353,-3.071,-7.423,0.100
1.00,2354,-1.948,-1.574,4.090
1.00,2355,-5.426,5.843,0.089
1.00,2356,8.769,1.617,6.959
1.00,2357,-0.910,-8.032,0.090
1.00,2358,3.205,7.375,0.106
1.00,2359,-7.941,1.491,0.095
1.00,2360,-7.202,-3.542,0.102
1.00,2361,-3.376,-7.283,0.098
1.00,2362,-4.718,-6.460,0.093
1.00,2363,2.010,-7.840,0.095
1.00,2364,-0.052,-5.589,8.115
1.00,2365,5.969,5.320,0.091
1.00,2366,2.750,-7.575,0.102
1.00,2367,-2.330,2.111,-4.517
1.00,2368,-2.469,-7.662,0.102
1.00,2369,-5.019,-6.219,0.094
1.00,2370,-2.579,-7.619,0.104
1.00,2371,-1.528,-7.928,0.092
1.00,2372,-8.086,-0.091,0.093
1.00,2373,4.515,-6.000,2.966
1.00,2374,7.146,-3.632,0.098
1.00,2375,-7.246,-3.456,0.102
1.00,2376,-8.026,-0.844,0.094
1.00,2377,1.066,-8.029,0.091
1.00,2378,-7.977,1.323,0.094
1.00,2379,2.611,-7.636,0.103
1.00,2380,-7.955,-1.218,0.096
1.00,2381,-6.578,-4.563,0.095
1.00,2382,4.717,6.457,0.097
1.00,2383,-7.735,2.271,0.102
1.00,2384,4.448,6.654,0.100
1.00,2385,-7.258,-3.431,0.102
1.00,2386,-1.985,-7.820,0.096
1.00,2387,3.930,6.982,0.107
1.00,2388,3.702,7.120,0.105
1.00,2389,-2.911,7.480,0.107
1.00,2390,-7.104,-8.429,-4.743
1.00,2391,-6.722,4.324,0.099
1.00,2392,-3.612,7.156,0.101
1.00,2393,7.091,3.782,0.104
1.00,2394,-6.965,3.940,0.106
1.00,2395,-4.999,-1.863,-10.046
1.00,2396,4.566,-6.581,0.091
1.00,2397,1.085,-8.027,0.091
1.00,2398,3.787,7.071,0.107
1.00,2399,1.422,-7.974,0.092
1.00,2400,-6.617,4.482,0.098
1.00,2401,5.897,-5.385,0.086
1.00,2402,-7.601,-2.624,0.109
1.00,2403,6.348,4.867,0.098
1.00,2404,3.795,-7.082,0.099
1.00,2405,3.093,7.423,0.107
1.00,2406,-1.497,7.926,0.101
1.00,2407,-3.281,-7.330,0.098
1.00,2408,7.478,-2.925,0.102
1.00,2409,-5.280,-6.001,0.089
1.00,2410,5.144,6.114,0.094
1.00,2411,5.253,6.022,0.092
1.00,2412,-6.433,4.727,0.097
1.00,2413,-4.119,-6.863,0.097
1.00,2414,-7.192,-3.562,0.102
1.00,2415,-8.017,-0.981,0.095
1.00,2416,7.053,3.846,0.104
1.00,2417,-3.023,7.435,0.105
1.00,2418,-8.604,4.789,-8.463
1.00,2419,-5.440,5.829,0.089
1.00,2420,-5.633,5.635,0.092
1.00,2421,8.095,-0.270,0.090
1.00,2422,2.809,-7.554,0.102
1.00,2423,2.383,-7.528,0.100
1.00,2424,3.830,-7.061,0.099
1.00,2425,-1.403,7.946,0.101
1.00,2426,-2.771,-7.543,0.102
1.00,2427,-7.627,-8.276,5.098
1.00,2428,7.993,1.359,0.093
1.00,2429,7.890,1.835,0.097
1.00,2430,-3.440,-7.252,0.098
1.00,2431,2.676,-7.607,0.104
1.00,2432,-5.417,5.851,0.089
1.00,2433,7.841,2.012,0.098
1.00,2434,6.416,4.786,0.096
1.00,2435,-6.407,8.847,-6.295
1.00,2436,4.052,6.906,0.104
1.00,2437,7.687,-2.396,0.103
1.00,2438,-7.600,-2.626,0.109
1.00,2439,6.173,5.084,0.096
1.00,2440,5.243,6.031,0.092
1.00,2441,7.191,3.599,0.101
1.00,2442,5.505,5.792,0.093
1.00,2443,3.882,7.014,0.107
1.00,2444,6.616,-4.492,0.092
1.00,2445,4.757,6.425,0.097
1.00,2446,-5.622,-5.675,0.093
1.00,2447,-5.350,-5.939,0.089
1.00,2448,-2.586,-7.616,0.104
1.00,2449,7.138,-3.646,0.099
1.00,2450,-7.349,-3.245,0.103
1.00,2451,-7.953,1.434,0.094
1.00,2452,7.904,0.381,7.849
1.00,2453,5.345,5.941,0.091
1.00,2454,-2.239,-7.739,0.098
1.00,2455,2.651,-7.618,0.103
1.00,2456,-1.041,8.005,0.099
1.00,2457,-6.002,7.856,-0.305
1.00,2458,-6.880,-4.097,0.100
1.00,2459,6.849,-4.129,0.095
1.00,2460,-3.916,-6.988,0.102
1.00,2461,-0.352,-8.082,0.090
1.00,2462,4.528,6.598,0.098
1.00,2463,0.671,-8.075,0.090
1.00,2464,1.905,7.859,0.102
1.00,2465,-8.015,1.047,0.093
1.00,2466,-7.987,-1.218,0.096
1.00,2467,2.734,7.569,0.110
1.00,2468,-5.383,2.386,5.664
1.00,2469,4.675,-9.269,-5.856
1.00,2470,-0.260,-4.042,-11.129
1.00,2471,-7.326,-3.292,0.103
1.00,2472,-6.856,-4.135,0.100
1.00,2473,-8.467,1.798,0.177
1.00,2474,-0.523,8.132,0.098
1.00,2475,-7.228,3.483,0.102
1.00,2476,7.995,-1.241,0.093
1.00,2477,6.880,4.115,0.101
1.00,2478,-8.542,-7.497,3.945
1.00,2479,7.787,-2.098,0.099
1.00,2480,-7.020,-3.871,0.105
1.00,2481,-0.059,8.090,0.097
1.00,2482,-1.519,8.827,4.233
1.00,2483,3.398,7.280,0.104
1.00,2484,-8.062,0.671,0.093
1.00,2485,-8.008,1.106,0.093
1.00,2486,8.079,0.688,0.091
1.00,2487,-7.080,3.757,0.105
1.00,2488,7.677,-2.137,0.103
1.00,2489,-7.807,2.048,0.099
1.00,2490,6.045,-5.219,0.087
1.00,2491,0.498,-8.084,0.090
1.00,2492,7.946,-1.475,0.094
1.00,2493,-1.679,-7.895,0.093
1.00,2494,-4.479,-6.634,0.095
1.00,2495,-4.787,6.386,0.093
1.00,2496,8.038,1.076,0.092
1.00,2497,-5.130,6.107,0.090
1.00,2498,7.136,3.702,0.103
1.00,2499,-7.345,-3.253,0.103
1.00,2500,2.406,-7.713,0.100
1.00,2501,0.612,8.073,0.097
1.00,2502,6.655,-4.441,0.093
1.00,2503,2.091,-7.815,0.096
1.00,2504,-7.561,2.736,0.106
1.00,2505,-7.004,-3.896,0.105
1.00,2506,2.532,-7.670,0.102
1.00,2507,-7.994,-1.158,0.096
1.00,2508,-5.554,5.715,0.092
1.00,2509,7.711,-2.326,0.102
1.00,2510,3.399,7.279,0.104
1.00,2511,4.653,-6.515,0.091
1.00,2512,6.228,-4.993,0.091
1.00,2513,-0.732,-8.055,0.090
1.00,2514,0.745,8.049,0.097
1.00,2515,8.091,-0.348,0.090
1.00,2516,3.290,7.334,0.105
1.00,2517,-7.530,2.812,0.105
1.00,2518,-6.645,4.442,0.099
1.00,2519,-1.128,7.994,0.100
1.00,2520,-6.861,4.107,0.102
1.00,2521,-2.960,-2.410,-2.502
1.00,2522,-7.566,2.725,0.106
1.00,2523,-6.529,4.602,0.097
1.00,2524,-7.551,-2.749,0.107
1.00,2525,2.511,-7.677,0.102
1.00,2526,5.762,5.536,0.094
1.00,2527,-6.380,4.796,0.098
1.00,2528,-0.798,4.192,4.088
1.00,2529,6.642,3.246,8.455
1.00,2530,-5.144,6.096,0.090
1.00,2531,-7.544,2.779,0.106
1.00,2532,1.395,-7.980,0.092
1.00,2533,7.034,-6.502,-11.200
1.00,2534,-0.289,8.077,0.097
1.00,2535,8.090,0.524,0.091
1.00,2536,4.505,6.614,0.098
1.00,2537,6.683,4.426,0.098
1.00,2538,-4.512,6.597,0.093
1.00,2539,7.837,-1.941,0.098
1.00,2540,8.089,0.564,0.091
1.00,2541,-8.082,-0.171,0.093
1.00,2542,-6.970,3.621,0.103
1.00,2543,2.400,7.710,0.107
1.00,2544,-3.208,7.358,0.104
1.00,2545,-6.994,3.894,0.106
1.00,2546,2.929,7.277,6.244
1.00,2547,-1.871,-7.852,0.095
1.00,2548,7.378,-3.168,0.101
1.00,2549,-7.226,3.486,0.102
1.00,2550,-6.951,3.962,0.105
1.00,2551,-8.003,-1.092,0.095
1.00,2552,-7.267,3.407,0.102
1.00,2553,6.436,4.761,0.096
1.00,2554,6.418,4.783,0.096
1.00,2555,-7.441,3.033,0.104
1.00,2556,6.538,4.629,0.096
1.00,2557,-3.449,7.240,0.101
1.00,2558,8.044,-0.883,0.091
1.00,2559,-3.362,-2.443,-0.524
1.00,2560,-2.014,3.081,-2.402
1.00,2561,-4.359,-4.706,5.789
1.00,2562,-4.035,2.352,-0.445
1.00,2563,-2.034,-7.805,0.096
1.00,2564,-1.785,-7.871,0.094
1.00,2565,4.531,-6.605,0.092
1.00,2566,7.521,-2.819,0.103
1.00,2567,-0.520,8.065,0.098
1.00,2568,4.932,-6.289,0.092
1.00,2569,8.089,-0.391,0.090
1.00,2570,0.785,8.053,0.097
1.00,2571,5.068,6.176,0.097
1.00,2572,2.890,7.506,0.108
1.00,2573,8.053,-0.811,0.091
1.00,2574,-3.817,7.042,0.103
1.00,2575,6.666,4.450,0.098
1.00,2576,7.828,-1.970,0.098
1.00,2577,2.802,-0.675,-3.399
1.00,2578,6.546,4.619,0.096
1.00,2579,2.165,-7.792,0.097
1.00,2580,-6.629,4.465,0.099
1.00,2581,7.796,2.156,0.099
1.00,2582,3.473,-7.259,0.096
1.00,2583,-8.081,0.246,0.093
1.00,2584,-6.981,3.914,0.107
1.00,2585,-8.076,0.362,0.093
1.00,2586,3.314,-7.336,0.097
1.00,2587,-4.573,6.553,0.092
1.00,2588,-4.850,1.082,-6.750
1.00,2589,-7.829,1.977,0.098
1.00,2590,8.081,-0.535,0.091
1.00,2591,2.604,-7.639,0.103
1.00,2592,1.462,-7.966,0.092
1.00,2593,7.050,-3.804,0.101
1.00,2594,-8.021,1.004,0.093
1.00,2595,7.406,-1.158,1.912
1.00,2596,8.107,0.028,0.090
1.00,2597,7.402,3.178,0.103
1.00,2598,-6.481,4.664,0.097
1.00,2599,3.274,7.341,0.105
1.00,2600,-7.927,1.560,0.095
1.00,2601,5.842,-5.444,0.087
1.00,2602,7.338,3.313,0.102
1.00,2603,-8.059,0.681,0.093
1.00,2604,0.386,8.080,0.097
1.00,2605,3.226,7.365,0.106
1.00,2606,7.769,2.240,0.100
1.00,2607,5.144,6.149,0.094
1.00,2608,-2.036,7.796,0.105
1.00,2609,0.245,-8.092,0.090
1.00,2610,4.319,-6.748,0.093
1.00,2611,0.099,-8.095,0.090
1.00,2612,-7.820,-1.979,0.101
1.00,2613,-4.510,-6.603,0.094
1.00,2614,-7.953,-1.397,0.097
1.00,2615,1.423,7.961,0.099
1.00,2616,-7.047,-3.828,0.105
1.00,2617,2.832,3.611,-10.145
1.00,2618,-6.092,-5.176,0.091
1.00,2619,-2.407,-7.683,0.101
1.00,2620,-7.556,2.748,0.106
1.00,2621,-7.957,-1.377,0.097
1.00,2622,-7.583,7.447,0.712
1.00,2623,-8.077,0.340,0.093
1.00,2624,-7.706,-2.336,0.105
1.00,2625,3.628,-7.174,0.097
1.00,2626,-7.210,-3.527,0.102
1.00,2627,8.107,0.025,0.090
1.00,2628,-5.410,5.858,0.089
1.00,2629,2.527,-7.672,0.102
1.00,2630,7.224,-3.483,0.098
1.00,2631,7.635,2.616,0.107
1.00,2632,-1.483,7.925,0.101
1.00,2633,-2.452,-7.667,0.102
1.00,2634,7.305,-3.321,0.099
1.00,2635,4.560,6.575,0.098
1.00,2636,7.692,2.473,0.104
1.00,2637,0.339,-8.089,0.090
1.00,2638,-7.891,1.720,0.096
1.00,2639,-5.166,7.249,0.288
1.00,2640,-9.012,1.985,8.354
1.00,2641,1.657,7.912,0.100
1.00,2642,6.645,4.481,0.098
1.00,2643,2.659,-0.066,2.641
1.00,2644,-7.862,-1.823,0.100
1.00,2645,8.080,0.684,0.091
1.00,2646,4.183,6.824,0.101
1.00,2647,7.993,-1.249,0.093
1.00,2648,1.940,7.848,0.103
1.00,2649,-7.516,-2.839,0.106
1.00,2650,8.093,-0.312,0.090
1.00,2651,-3.158,7.623,0.102
1.00,2652,0.003,-8.100,0.090
1.00,2653,8.094,-9.873,8.442
1.00,2654,-7.749,2.231,0.101
1.00,2655,-5.782,-5.515,0.091
1.00,2656,0.171,-8.094,0.090
1.00,2657,-7.855,1.889,0.098
1.00,2658,-4.443,-6.658,0.096
1.00,2659,-2.939,7.469,0.106
1.00,2660,9.609,3.700,1.253
1.00,2661,7.751,2.297,0.101
1.00,2662,-3.562,7.182,0.101
1.00,2663,8.105,0.083,0.090
1.00,2664,7.716,-2.311,0.101
1.00,2665,-0.723,8.048,0.098
1.00,2666,7.801,-2.056,0.098
1.00,2667,-0.874,8.028,0.099
1.00,2668,8.078,-0.609,0.091
1.00,2669,-1.687,-8.143,0.086
1.00,2670,-2.501,-7.650,0.103
1.00,2671,6.067,5.209,0.092
1.00,2672,-6.118,5.115,0.094
1.00,2673,4.090,-6.895,0.096
1.00,2674,-7.247,3.447,0.102
1.00,2675,5.439,-5.850,0.087
1.00,2676,-7.605,-2.616,0.109
1.00,2677,-6.974,7.776,7.347
1.00,2678,-7.763,-2.161,0.103
1.00,2679,1.999,7.830,0.103
1.00,2680,7.754,-2.198,0.100
1.00,2681,8.080,0.685,0.091
1.00,2682,-6.483,4.662,0.097
1.00,2683,4.331,-6.740,0.093
1.00,2684,-4.594,-6.071,9.144
1.00,2685,0.720,8.061,0.097
1.00,2686,-2.246,-7.738,0.098
1.00,2687,-3.256,-7.342,0.099
1.00,2688,-6.767,4.254,0.099
1.00,2689,1.750,7.893,0.101
1.00,2690,-3.725,7.095,0.102
1.00,2691,-7.012,3.866,0.106
1.00,2692,0.920,-8.046,0.091
1.00,2693,8.037,-0.933,0.092
1.00,2694,7.791,2.173,0.100
1.00,2695,-6.742,-4.317,0.097
1.00,2696,5.575,-5.714,0.090
1.00,2697,7.717,9.020,5.299
1.00,2698,8.031,1.087,0.092
1.00,2699,2.687,-7.603,0.103
1.00,2700,8.064,-0.731,0.091
1.00,2701,-0.894,8.025,0.099
1.00,2702,-7.971,0.196,0.092
1.00,2703,0.383,-8.088,0.090
1.00,2704,-6.353,-4.852,0.096
1.00,2705,0.609,8.072,0.097
1.00,2706,7.851,-1.892,0.097
1.00,2707,7.963,1.488,0.094
1.00,2708,5.138,-6.121,0.089
1.00,2709,2.730,7.571,0.110
1.00,2710,-0.564,-8.071,0.090
1.00,2711,2.608,-7.637,0.103
1.00,2712,7.358,-3.211,0.100
1.00,2713,6.594,-4.523,0.092
1.00,2714,3.544,-7.219,0.096
1.00,2715,-7.644,-0.503,0.100
1.00,2716,-2.988,7.449,0.106
1.00,2717,-1.886,-7.849,0.095
1.00,2718,6.524,-3.488,0.061
1.00,2719,6.518,-4.627,0.091
1.00,2720,5.622,5.674,0.095
1.00,2721,5.109,6.143,0.095
1.00,2722,1.365,-7.986,0.092
1.00,2723,-7.978,1.315,0.094
1.00,2724,3.620,7.164,0.104
1.00,2725,4.366,-6.718,0.093
1.00,2726,-8.018,1.021,0.093
1.00,2727,3.814,7.057,0.107
1.00,2728,7.921,-1.586,0.095
1.00,2729,5.253,6.022,0.092
1.00,2730,6.083,-5.174,0.088
1.00,2731,-0.731,8.047,0.098
1.00,2732,0.137,-8.095,0.090
1.00,2733,-8.076,0.378,0.093
1.00,2734,-5.956,5.303,0.090
1.00,2735,-0.674,8.055,0.098
1.00,2736,-8.183,0.500,0.093
1.00,2737,2.209,-7.777,0.097
1.00,2738,7.841,2.012,0.098
1.00,2739,-5.297,5.963,0.088
1.00,2740,-7.401,3.130,0.104
1.00,2741,-7.958,1.414,0.094
1.00,2742,0.029,-8.099,0.090
1.00,2743,4.776,6.410,0.097
1.00,2744,7.613,-2.593,0.106
1.00,2745,7.603,2.690,0.107
1.00,2746,3.141,-7.414,0.099
1.00,2747,5.000,6.230,0.097
1.00,2748,-7.363,3.213,0.103
1.00,2749,-6.440,-4.746,0.095
1.00,2750,6.922,-4.010,0.098
1.00,2751,-8.140,1.352,0.094
1.00,2752,0.134,8.145,0.097
1.00,2753,-2.536,-7.638,0.103
1.00,2754,5.293,-5.987,0.087
1.00,2755,-3.501,-7.221,0.098
1.00,2756,-7.093,3.731,0.105
1.00,2757,4.014,-6.941,0.098
1.00,2758,2.049,-7.828,0.096
1.00,2759,7.318,-3.150,0.100
1.00,2760,-6.777,-4.262,0.098
1.00,2761,3.720,7.109,0.106
1.00,2762,-7.971,1.349,0.094
1.00,2763,-7.817,5.025,-0.108
1.00,2764,-3.960,-9.274,-1.505
1.00,2765,4.893,0.276,-3.912
1.00,2766,-3.299,-7.321,0.098
1.00,2767,-6.874,4.086,0.102
1.00,2768,8.072,-0.675,0.091
1.00,2769,6.283,5.557,0.070
1.00,2770,-6.992,-3.914,0.105
1.00,2771,3.766,-7.102,0.098
1.00,2772,4.859,-6.348,0.093
1.00,2773,7.834,2.036,0.098
1.00,2774,-6.915,-4.039,0.102
1.00,2775,-6.158,-5.096,0.093
1.00,2776,6.858,4.153,0.100
1.00,2777,-0.479,-8.075,0.090
1.00,2778,-5.911,-3.899,6.532
1.00,2779,6.479,4.892,0.092
1.00,2780,7.366,3.261,0.102
1.00,2781,0.435,8.078,0.097
1.00,2782,7.406,3.176,0.103
1.00,2783,7.709,2.422,0.103
1.00,2784,-3.378,-7.283,0.098
1.00,2785,-2.920,3.174,8.224
1.00,2786,-5.148,-6.114,0.091
1.00,2787,6.811,-4.189,0.094
1.00,2788,-2.205,7.742,0.107
1.00,2789,1.873,7.866,0.102
1.00,2790,-2.522,-7.643,0.103
1.00,2791,7.271,3.445,0.101
1.00,2792,1.313,7.986,0.099
1.00,2793,-2.125,7.768,0.106
1.00,2794,2.367,-7.726,0.099
1.00,2795,-4.900,-1.934,6.807
1.00,2796,7.803,-6.081,0.320
1.00,2797,-7.467,2.968,0.104
1.00,2798,7.661,6.116,5.363
1.00,2799,4.795,6.395,0.098
1.00,2800,-0.009,8.092,0.097
1.00,2801,-5.820,-5.477,0.090
1.00,2802,8.090,0.555,0.091
1.00,2803,3.593,-7.192,0.097
1.00,2804,2.358,-7.728,0.099
1.00,2805,-2.813,7.550,0.109
1.00,2806,-4.087,-6.883,0.098
1.00,2807,4.161,-6.892,0.096
1.00,2808,7.675,-2.430,0.103
1.00,2809,-6.076,-5.196,0.091
1.00,2810,-7.526,-2.815,0.106
1.00,2811,8.070,0.761,0.091
1.00,2812,-6.686,-4.405,0.097
1.00,2813,3.259,-7.321,0.098
1.00,2814,4.644,6.513,0.097
1.00,2815,-7.599,-2.629,0.109
1.00,2816,8.088,-0.411,0.090
1.00,2817,-2.142,-7.770,0.097
1.00,2818,-7.154,-3.634,0.102
1.00,2819,4.597,-0.316,-10.357
1.00,2820,-7.694,-2.371,0.106
1.00,2821,6.920,-4.014,0.098
1.00,2822,5.379,-5.908,0.086
1.00,2823,8.122,6.643,-11.329
1.00,2824,7.990,-1.270,0.093
1.00,2825,-6.892,-4.077,0.101
1.00,2826,8.105,0.071,0.090
1.00,2827,2.204,-7.779,0.097
1.00,2828,5.977,-5.296,0.086
1.00,2829,-8.955,-6.339,-5.990
1.00,2830,1.037,-3.377,-6.979
1.00,2831,-5.402,5.883,0.088
1.00,2832,8.087,-0.421,0.090
1.00,2833,-0.031,7.991,0.096
1.00,2834,-5.483,5.786,0.090
1.00,2835,-4.996,-6.237,0.094
1.00,2836,8.050,0.931,0.092
1.00,2837,5.238,-6.035,0.087
1.00,2838,-7.684,-2.398,0.106
1.00,2839,-7.211,-3.525,0.102
1.00,2840,-3.973,6.943,0.101
1.00,2841,2.175,-2.305,9.638
1.00,2842,-3.704,7.106,0.102
1.00,2843,7.662,2.700,0.104
1.00,2844,8.129,0.155,0.090
1.00,2845,1.671,7.910,0.100
1.00,2846,-4.188,2.161,8.521
1.00,2847,-1.020,8.008,0.099
1.00,2848,-8.040,-0.806,0.094
1.00,2849,7.206,3.571,0.101
1.00,2850,2.567,7.639,0.111
1.00,2851,-1.268,-7.984,0.091
1.00,2852,-5.441,-7.293,2.264
1.00,2853,-7.579,2.705,0.107
1.00,2854,0.634,8.071,0.097
1.00,2855,-7.906,-1.594,0.098
1.00,2856,-8.001,1.159,0.093
1.00,2857,6.181,-5.052,0.091
1.00,2858,3.285,7.336,0.105
1.00,2859,-2.368,7.688,0.109
1.00,2860,-2.083,-7.789,0.096
1.00,2861,-0.073,-8.096,0.090
1.00,2862,-3.759,-7.084,0.101
1.00,2863,-0.501,8.066,0.098
1.00,2864,-4.755,6.412,0.093
1.00,2865,-2.391,-7.688,0.101
1.00,2866,7.612,-2.594,0.106
1.00,2867,4.039,-6.927,0.097
1.00,2868,7.656,2.567,0.106
1.00,2869,-2.379,-7.692,0.100
1.00,2870,-5.458,-5.837,0.090
1.00,2871,0.533,-8.083,0.090
1.00,2872,8.056,-0.789,0.091
1.00,2873,-2.942,-7.474,0.100
1.00,2874,-2.311,7.707,0.108
1.00,2875,7.143,-3.636,0.098
1.00,2876,4.097,-6.891,0.096
1.00,2877,-7.211,3.515,0.102
1.00,2878,-1.883,-3.947,0.952
1.00,2879,-7.755,-2.188,0.103
1.00,2880,6.134,-5.112,0.090
1.00,2881,7.693,2.470,0.104
1.00,2882,-6.804,4.195,0.100
1.00,2883,-0.811,8.036,0.099
1.00,2884,-1.099,7.997,0.100
1.00,2885,-4.161,-6.837,0.097
1.00,2886,-0.587,-8.070,0.090
1.00,2887,5.916,5.377,0.091
1.00,2888,0.845,8.046,0.097
1.00,2889,4.317,-6.750,0.093
1.00,2890,-5.259,-6.020,0.089
1.00,2891,-7.531,2.812,0.105
1.00,2892,-7.135,3.657,0.104
1.00,2893,-0.819,8.035,0.099
1.00,2894,1.167,8.007,0.098
1.00,2895,4.064,6.898,0.104
1.00,2896,7.394,3.196,0.103
1.00,2897,2.937,7.487,0.107
1.00,2898,8.049,0.941,0.092
1.00,2899,2.836,7.431,0.106
1.00,2900,-5.091,-6.161,0.093
1.00,2901,-3.232,7.347,0.104
1.00,2902,3.835,7.043,0.107
1.00,2903,7.894,-1.712,0.096
1.00,2904,-4.758,6.409,0.093
1.00,2905,-8.066,0.632,0.093
1.00,2906,2.109,-7.809,0.096
1.00,2907,6.081,7.306,7.393
1.00,2908,4.084,-6.880,0.096
1.00,2909,-3.687,-7.123,0.099
1.00,2910,-5.709,-5.588,0.093
1.00,2911,-0.453,-8.077,0.090
1.00,2912,-3.979,-6.922,2.386
1.00,2913,7.300,-1.440,-0.045
1.00,2914,-3.050,2.215,-3.655
1.00,2915,7.627,-2.560,0.106
1.00,2916,4.973,-6.256,0.091
1.00,2917,-7.570,-2.704,0.108
1.00,2918,-6.651,4.431,0.099
1.00,2919,2.915,-7.507,0.100
1.00,2920,-2.319,-7.712,0.099
1.00,2921,0.662,-8.076,0.090
1.00,2922,1.282,7.992,0.098
1.00,2923,-7.990,-2.106,0.094
1.00,2924,-7.490,-2.913,0.105
1.00,2925,-8.027,0.950,0.093
1.00,2926,9.003,4.472,7.064
1.00,2927,-7.258,3.424,0.102
1.00,2928,-7.968,-1.326,0.096
1.00,2929,-3.489,7.220,0.101
1.00,2930,6.252,4.986,0.096
1.00,2931,5.077,-6.173,0.091
1.00,2932,-2.812,7.520,0.108
1.00,2933,1.190,-4.601,1.079
1.00,2934,-2.055,-7.806,0.096
1.00,2935,8.007,1.280,0.093
1.00,2936,-7.914,-1.578,0.098
1.00,2937,-8.010,1.091,0.093
1.00,2938,7.535,2.871,0.105
1.00,2939,1.790,7.884,0.101
1.00,2940,-8.051,-0.719,0.094
1.00,2941,3.306,-7.340,0.097
1.00,2942,6.183,-0.291,-5.386
1.00,2943,8.078,-0.594,0.091
1.00,2944,-2.046,7.793,0.105
1.00,2945,-4.165,-6.835,0.097
1.00,2946,-3.874,7.017,0.103
1.00,2947,1.195,8.004,0.098
1.00,2948,6.160,-5.079,0.091
1.00,2949,-6.602,-4.530,0.096
1.00,2950,5.147,6.112,0.094
1.00,2951,-7.201,3.533,0.102
1.00,2952,7.819,2.085,0.099
1.00,2953,6.533,-4.608,0.091
1.00,2954,-4.551,-6.584,0.094
1.00,2955,-1.027,-8.016,0.090
1.00,2956,-8.025,0.967,0.093
1.00,2957,4.212,-8.449,-10.619
1.00,2958,-6.142,5.086,0.095
1.00,2959,-1.767,7.866,0.103
1.00,2960,6.718,4.371,0.098
1.00,2961,-4.266,-6.772,0.096
1.00,2962,5.418,-5.871,0.087
1.00,2963,-6.595,-4.539,0.096
1.00,2964,-0.360,8.074,0.097
1.00,2965,-6.506,-4.661,0.094
1.00,2966,2.998,7.465,0.107
1.00,2967,4.744,6.436,0.097
1.00,2968,6.401,-4.778,0.092
1.00,2969,2.697,7.584,0.111
1.00,2970,-3.760,-0.909,-10.394
1.00,2971,-4.485,-6.630,0.095
1.00,2972,-5.776,-5.521,0.091
1.00,2973,7.040,-3.821,0.101
1.00,2974,-3.216,7.355,0.104
1.00,2975,0.870,-8.052,0.091
1.00,2976,-2.392,-4.642,7.090
1.00,2977,-5.431,5.837,0.089
1.00,2978,-3.956,6.954,0.102
1.00,2979,-0.562,-8.071,0.090
1.00,2980,-1.040,3.468,-9.757
1.00,2981,-7.656,2.502,0.106
1.00,2982,4.647,6.511,0.097
1.00,2983,-8.066,-0.541,0.094
1.00,2984,0.702,8.063,0.097
1.00,2985,7.955,1.527,0.094
1.00,2986,5.771,-5.419,0.088
1.00,2987,8.098,0.292,0.090
1.00,2988,3.044,8.313,0.039
1.00,2989,6.097,-3.385,1.362
1.00,2990,4.813,6.380,0.098
1.00,2991,7.301,-3.329,0.099
1.00,2992,-7.245,-3.457,0.102
1.00,2993,3.633,-7.172,0.097
1.00,2994,-0.398,-8.080,0.090
1.00,2995,4.055,5.856,2.694
1.00,2996,-7.874,-1.762,0.099
1.00,2997,2.189,7.770,0.105
1.00,2998,7.766,-2.162,0.100
1.00,2999,3.753,-7.106,0.098
2.00,0,-6.417,-4.774,0.095
2.00,1,7.230,3.525,0.101
2.00,2,6.524,-4.619,0.091
2.00,3,0.266,8.084,0.097
2.00,4,6.667,-4.415,0.093
2.00,5,8.097,0.315,0.090
2.00,6,-2.588,7.609,0.112
2.00,7,6.733,4.348,0.098
2.00,8,-3.513,-7.215,0.098
2.00,9,-6.573,-4.569,0.095
2.00,10,-2.532,7.632,0.112
2.00,11,-7.144,3.641,0.103
2.00,12,-7.403,3.124,0.104
2.00,13,7.542,-2.768,0.103
2.00,14,0.910,-8.047,0.091
2.00,15,-6.453,4.701,0.097
2.00,16,5.036,-6.205,0.091
2.00,17,6.832,4.194,0.100
2.00,18,6.935,4.031,0.103
2.00,19,-7.822,-1.972,0.101
2.00,20,-8.063,-0.611,0.094
2.00,21,7.605,-2.612,0.106
2.00,22,5.849,5.448,0.092
2.00,23,2.690,7.587,0.111
2.00,24,-1.983,-7.821,0.096
2.00,25,6.608,-4.503,0.092
2.00,26,5.736,5.562,0.095
2.00,27,-3.505,7.212,0.101
2.00,28,6.616,4.523,0.097
2.00,29,-8.078,0.316,0.093
2.00,30,-3.395,7.268,0.102
2.00,31,-3.107,-7.408,0.100
2.00,32,6.764,4.300,0.098
2.00,33,-3.280,-7.330,0.099
2.00,34,-2.817,7.518,0.108
2.00,35,7.085,-3.742,0.100
2.00,36,-6.158,-5.097,0.093
2.00,37,3.412,-7.287,0.096
2.00,38,-5.207,-6.065,0.090
2.00,39,0.648,-8.078,0.090
2.00,40,-7.406,3.116,0.104
2.00,41,-7.252,3.437,0.102
2.00,42,-4.468,6.628,0.094
2.00,43,-1.164,7.989,0.100
2.00,44,-7.966,1.373,0.094
2.00,45,4.185,-6.835,0.094
2.00,46,7.807,2.121,0.099
2.00,47,8.101,-0.146,0.090
2.00,48,1.555,-7.946,0.093
2.00,49,3.399,7.279,0.104
2.00,50,2.763,7.557,0.109
2.00,51,-7.967,-1.333,0.096
2.00,52,-6.934,-4.008,0.103
2.00,53,-7.454,3.000,0.104
2.00,54,-6.869,4.093,0.102
2.00,55,-7.808,2.047,0.099
2.00,56,8.106,0.044,0.090
2.00,57,-7.731,2.283,0.102
2.00,58,1.139,-8.021,0.091
2.00,59,7.768,-2.157,0.099
2.00,60,-3.034,-7.438,0.100
2.00,61,-0.663,-8.064,0.090
2.00,62,-8.018,1.027,0.093
2.00,63,8.105,0.074,0.090
2.00,64,-5.835,5.433,0.090
2.00,65,2.465,-7.693,0.101
2.00,66,-0.580,8.062,0.098
2.00,67,7.993,1.346,0.093
2.00,68,1.982,7.835,0.103
2.00,69,-3.178,-7.378,0.100
2.00,70,0.637,-8.079,0.090
2.00,71,-3.507,7.211,0.101
2.00,72,-7.154,-3.634,0.102
2.00,73,-3.481,-7.231,0.098
2.00,74,6.170,5.087,0.096
2.00,75,-3.219,-7.359,0.099
2.00,76,-3.021,7.436,0.105
2.00,77,8.019,-1.065,0.092
2.00,78,-3.097,-7.412,0.100
2.00,79,4.587,-6.565,0.091
2.00,80,-7.658,-2.480,0.108
2.00,81,-8.066,0.625,0.093
2.00,82,-1.691,-7.892,0.093
2.00,83,-7.647,2.528,0.107
2.00,84,-7.815,2.025,0.099
2.00,85,-6.657,-4.449,0.097
2.00,86,7.928,-1.554,0.094
2.00,87,-6.815,-4.202,0.099
2.00,88,4.415,6.676,0.100
2.00,89,0.966,8.032,0.097
2.00,90,0.820,8.049,0.097
2.00,91,-6.541,4.586,0.097
2.00,92,3.255,7.351,0.105
2.00,93,6.460,-4.704,0.091
2.00,94,5.670,-5.617,0.090
2.00,95,8.021,-1.052,0.092
2.00,96,7.757,-2.185,0.100
2.00,97,-5.350,-5.938,0.089
2.00,98,-6.877,4.081,0.102
2.00,99,-1.343,7.960,0.101
2.00,100,5.502,5.794,0.093
2.00,101,7.159,-3.608,0.098
2.00,102,-7.130,3.666,0.104
2.00,103,7.890,1.835,0.097
2.00,104,-7.793,2.092,0.099
2.00,105,1.965,-7.854,0.095
2.00,106,-3.532,7.198,0.101
2.00,107,-6.782,4.231,0.100
2.00,108,6.146,-5.097,0.090
2.00,109,0.560,-8.082,0.090
2.00,110,-3.403,7.264,0.101
2.00,111,-7.067,-3.795,0.105
2.00,112,8.081,-0.536,0.091
2.00,113,-7.438,3.038,0.104
2.00,114,-4.890,-6.321,0.095
2.00,115,-2.357,7.692,0.109
2.00,116,-4.408,6.668,0.094
2.00,117,-7.519,-2.831,0.106
2.00,118,7.612,-2.594,0.106
2.00,119,-7.968,1.365,0.094
2.00,120,7.962,1.497,0.094
2.00,121,-8.044,-0.773,0.094
2.00,122,-7.979,1.313,0.094
2.00,123,-7.514,-2.845,0.106
2.00,124,8.069,-0.697,0.091
2.00,125,-7.533,2.805,0.105
2.00,126,-4.564,6.559,0.092
2.00,127,-4.389,-6.693,0.095
2.00,128,-1.112,-8.005,0.091
2.00,129,-7.606,-2.613,0.109
2.00,130,0.311,8.082,0.097
2.00,131,-0.304,-8.084,0.090
2.00,132,-5.538,5.731,0.092
2.00,133,-3.213,-7.362,0.099
2.00,134,-7.200,3.535,0.102
2.00,135,0.550,8.074,0.097
2.00,136,3.869,-7.036,0.099
2.00,137,6.708,4.387,0.098
2.00,138,3.219,-7.383,0.098
2.00,139,-7.782,2.221,0.100
2.00,140,2.020,7.823,0.103
2.00,141,-7.284,3.373,0.102
2.00,142,-1.555,7.914,0.102
2.00,143,-7.662,2.486,0.106
2.00,144,5.594,-5.694,0.090
2.00,145,1.677,7.908,0.100
2.00,146,-1.098,7.998,0.100
2.00,147,-7.601,-2.626,0.109
2.00,148,-4.934,-2.583,5.023
2.00,149,7.140,-3.743,0.098
2.00,150,5.912,-5.369,0.086
2.00,151,6.688,4.417,0.098
2.00,152,7.684,-2.406,0.103
2.00,153,-6.192,5.024,0.095
2.00,154,-7.435,-3.042,0.104
2.00,155,6.667,4.449,0.098
2.00,156,-0.817,8.036,0.099
2.00,157,7.199,3.584,0.101
2.00,158,-7.238,-3.471,0.102
2.00,159,-2.344,-7.704,0.100
2.00,160,6.088,-5.168,0.088
2.00,161,-7.361,-3.219,0.104
2.00,162,-7.538,2.793,0.105
2.00,163,7.205,3.574,0.101
2.00,164,-2.614,-7.605,0.104
2.00,165,1.733,7.896,0.101
2.00,166,7.159,3.658,0.102
2.00,167,-3.471,7.229,0.101
2.00,168,3.452,7.253,0.104
2.00,169,-5.948,5.311,0.090
2.00,170,-7.066,-3.796,0.105
2.00,171,3.324,7.317,0.105
2.00,172,-8.001,1.162,0.093
2.00,173,-8.071,-0.428,0.094
2.00,174,-3.834,7.031,0.103
2.00,175,-3.520,7.204,0.101
2.00,176,7.949,1.555,0.094
2.00,177,8.056,0.879,0.091
2.00,178,2.562,-7.657,0.102
2.00,179,1.333,7.981,0.099
2.00,180,-7.719,-2.297,0.104
2.00,181,-6.322,4.862,0.098
2.00,182,-8.018,1.027,0.093
2.00,183,0.062,-8.098,0.090
2.00,184,-7.310,-3.327,0.102
2.00,185,5.473,-5.817,0.088
2.00,186,-2.265,-3.960,-5.154
2.00,187,2.068,7.808,0.103
2.00,188,7.557,-2.731,0.104
2.00,189,7.549,-2.752,0.103
2.00,190,6.657,-4.431,0.093
2.00,191,-4.441,-6.660,0.096
2.00,192,-4.664,6.484,0.092
2.00,193,7.884,-1.750,0.096
2.00,194,1.845,-7.885,0.094
2.00,195,0.439,8.078,0.097
2.00,196,-7.944,1.478,0.095
2.00,197,-4.536,6.580,0.093
2.00,198,6.007,-5.262,0.087
2.00,199,-6.608,-4.521,0.096
2.00,200,-8.089,-0.028,0.093
2.00,201,-7.822,2.002,0.098
2.00,202,7.953,1.538,0.094
2.00,203,6.676,-4.401,0.093
2.00,204,-6.367,-4.835,0.096
2.00,205,3.975,6.954,0.106
2.00,206,5.950,5.342,0.091
2.00,207,-7.775,-2.125,0.102
2.00,208,-7.153,3.623,0.103
2.00,209,5.193,6.074,0.093
2.00,210,-7.910,1.636,0.095
2.00,211,-0.206,-8.090,0.090
2.00,212,-8.012,1.076,0.093
2.00,213,7.304,-3.324,0.099
2.00,214,-2.838,-7.516,0.101
2.00,215,7.820,-1.996,0.098
2.00,216,-1.764,7.867,0.103
2.00,217,-3.688,-7.123,0.099
2.00,218,-2.546,-7.633,0.103
2.00,219,-6.847,4.129,0.101
2.00,220,6.045,-5.219,0.087
2.00,221,1.279,-8.003,0.092
2.00,222,-7.551,-2.752,0.107
2.00,223,8.097,-0.240,0.090
2.00,224,-5.448,-5.847,0.089
2.00,225,-3.618,-7.132,0.099
2.00,226,-4.507,6.601,0.093
2.00,227,-7.390,-3.155,0.104
2.00,228,-6.662,-4.441,0.097
2.00,229,-8.068,0.563,0.093
2.00,230,-4.002,6.925,0.100
2.00,231,8.043,-0.885,0.091
2.00,232,1.772,7.888,0.101
2.00,233,-7.305,3.332,0.102
2.00,234,-1.209,7.983,0.100
2.00,235,7.220,3.544,0.101
2.00,236,-4.594,6.537,0.092
2.00,237,7.578,-2.678,0.105
2.00,238,-8.000,1.170,0.093
2.00,239,-6.434,4.724,0.097
2.00,240,-0.902,-8.033,0.090
2.00,241,-6.903,4.039,0.103
2.00,242,8.055,-0.797,0.091
2.00,243,-7.492,2.907,0.104
2.00,244,1.939,-7.861,0.095
2.00,245,0.785,8.053,0.097
2.00,246,-7.490,-2.905,0.105
2.00,247,-7.628,2.573,0.107
2.00,248,-3.260,7.334,0.103
2.00,249,-1.517,7.922,0.102
2.00,250,-6.899,-4.066,0.101
2.00,251,-4.875,-6.332,0.095
2.00,252,-3.849,7.022,0.103
2.00,253,0.491,8.076,0.097
2.00,254,1.443,7.958,0.099
2.00,255,-1.641,-7.903,0.093
2.00,256,-8.018,1.026,0.093
2.00,257,-1.642,7.894,0.102
2.00,258,-7.610,-2.601,0.110
2.00,259,6.889,-1.490,5.727
2.00,260,-1.474,-7.940,0.092
2.00,261,-3.465,-7.239,0.098
2.00,262,7.980,-1.324,0.093
2.00,263,-7.991,-1.185,0.096
2.00,264,7.483,2.986,0.104
2.00,265,7.907,-1.651,0.095
2.00,266,6.032,-5.234,0.087
2.00,267,7.892,-1.713,0.096
2.00,268,-7.901,1.679,0.096
2.00,269,1.325,7.983,0.099
2.00,270,0.570,-8.082,0.090
2.00,271,2.874,7.512,0.108
2.00,272,2.600,-7.641,0.103
2.00,273,6.191,-5.040,0.091
2.00,274,6.182,-5.052,0.091
2.00,275,2.289,-7.752,0.098
2.00,276,-3.889,6.996,0.103
2.00,277,6.993,-3.895,0.101
2.00,278,3.293,-7.347,0.097
2.00,279,-2.123,7.769,0.106
2.00,280,-5.992,5.263,0.090
2.00,281,6.072,5.204,0.092
2.00,282,-2.267,-7.730,0.099
2.00,283,-7.018,3.857,0.106
2.00,284,2.966,7.475,0.107
2.00,285,-0.851,-8.039,0.090
2.00,286,7.306,-3.320,0.099
2.00,287,-3.492,7.219,0.101
2.00,288,8.026,-1.009,0.092
2.00,289,7.123,3.726,0.103
2.00,290,7.602,2.691,0.107
2.00,291,-5.417,5.851,0.089
2.00,292,-6.434,-4.754,0.095
2.00,293,6.127,5.139,0.094
2.00,294,-7.061,3.788,0.106
2.00,295,7.014,3.907,0.105
2.00,296,-6.620,4.476,0.099
2.00,297,2.701,7.582,0.110
2.00,298,4.698,-6.480,0.091
2.00,299,7.800,-2.060,0.098
2.00,300,-7.349,-3.244,0.103
2.00,301,-8.013,-1.011,0.095
2.00,302,-0.008,8.092,0.097
2.00,303,-5.298,5.962,0.088
2.00,304,-8.044,-0.770,0.094
2.00,305,-5.295,5.965,0.088
2.00,306,7.240,-3.451,0.098
2.00,307,5.417,-5.872,0.087
2.00,308,8.018,1.195,0.093
2.00,309,-5.127,-6.132,0.092
2.00,310,-7.581,-2.677,0.108
2.00,311,5.289,-5.990,0.087
2.00,312,-2.811,-7.527,0.101
2.00,313,1.872,-7.879,0.095
2.00,314,7.606,-2.609,0.106
2.00,315,8.035,1.061,0.092
2.00,316,3.459,-7.263,0.096
2.00,317,7.909,1.745,0.096
2.00,318,2.548,-7.664,0.102
2.00,319,7.708,-2.336,0.102
2.00,320,-5.957,5.302,0.090
2.00,321,-6.522,-4.640,0.095
2.00,322,-5.874,-5.421,0.089
2.00,323,-6.007,-5.275,0.089
2.00,324,2.759,-7.573,0.102
2.00,325,3.576,7.188,0.104
2.00,326,-7.926,-1.524,0.097
2.00,327,7.351,3.285,0.102
2.00,328,-6.188,-5.059,0.094
2.00,329,-3.516,-7.213,0.098
2.00,330,7.272,-3.388,0.098
2.00,331,-1.128,-8.002,0.091
2.00,332,7.533,-2.791,0.103
2.00,333,-1.375,-7.961,0.092
2.00,334,2.779,-7.566,0.102
2.00,335,8.080,-0.560,0.091
2.00,336,5.503,-5.787,0.088
2.00,337,-4.001,6.926,0.100
2.00,338,7.124,-3.672,0.099
2.00,339,3.884,7.012,0.107
2.00,340,-6.523,-4.638,0.095
2.00,341,3.890,7.009,0.107
2.00,342,3.340,7.309,0.104
2.00,343,6.071,-5.188,0.088
2.00,344,-7.225,3.489,0.102
2.00,345,-3.775,-7.075,0.101
2.00,346,7.225,3.534,0.101
2.00,347,-3.863,7.013,0.103
2.00,348,3.232,-7.377,0.098
2.00,349,-1.756,-7.878,0.094
2.00,350,-7.873,-1.768,0.099
2.00,351,7.922,1.686,0.095
2.00,352,-6.655,4.427,0.099
2.00,353,7.844,-1.920,0.097
2.00,354,7.864,-1.837,0.097
2.00,355,-8.024,0.978,0.093
2.00,356,-2.725,-7.561,0.102
2.00,357,-3.997,6.929,0.101
2.00,358,6.162,5.098,0.095
2.00,359,-3.713,7.101,0.102
2.00,360,-4.033,6.906,0.099
2.00,361,7.501,-2.870,0.102
2.00,362,2.192,-3.486,1.785
2.00,363,7.927,-1.559,0.094
2.00,364,-1.083,-8.008,0.091
2.00,365,0.105,-8.096,0.090
2.00,366,-0.110,8.087,0.097
2.00,367,-7.650,2.521,0.106
2.00,368,-5.191,-6.079,0.090
2.00,369,-7.386,3.165,0.104
2.00,370,-7.758,-2.178,0.103
2.00,371,-0.815,8.036,0.099
2.00,372,7.497,-2.880,0.102
2.00,373,-7.943,-1.446,0.097
2.00,374,-2.552,-7.631,0.103
2.00,375,-7.379,-3.180,0.104
2.00,376,7.802,2.138,0.099
2.00,377,3.204,7.375,0.106
2.00,378,-1.396,7.948,0.101
2.00,379,7.994,-1.248,0.093
2.00,380,-7.387,3.162,0.104
2.00,381,-3.101,7.404,0.105
2.00,382,5.483,-5.807,0.088
2.00,383,4.206,-6.821,0.094
2.00,384,1.141,8.010,0.098
2.00,385,7.599,2.700,0.107
2.00,386,-7.749,-2.204,0.103
2.00,387,0.631,8.072,0.097
2.00,388,-3.451,7.239,0.101
2.00,389,-4.145,-6.847,0.097
2.00,390,6.137,8.127,0.749
2.00,391,-5.139,6.100,0.090
2.00,392,-8.087,0.088,0.093
2.00,393,-8.021,-0.949,0.095
2.00,394,-2.527,-7.641,0.103
2.00,395,-1.989,-7.819,0.096
2.00,396,-6.159,5.065,0.095
2.00,397,3.932,6.981,0.107
2.00,398,-7.967,-1.334,0.096
2.00,399,-3.153,0.914,2.879
2.00,400,-3.454,7.238,0.101
2.00,401,-4.511,-6.612,0.094
2.00,402,-5.117,-6.140,0.092
2.00,403,7.089,3.786,0.104
2.00,404,-6.046,5.201,0.092
2.00,405,-4.270,-6.769,0.096
2.00,406,7.735,-2.257,0.101
2.00,407,4.581,6.560,0.097
2.00,408,-8.050,-0.726,0.094
2.00,409,-4.249,-6.783,0.096
2.00,410,-2.550,7.625,0.112
2.00,411,-4.488,6.614,0.094
2.00,412,-5.801,-5.496,0.091
2.00,413,-0.950,-8.026,0.090
2.00,414,-6.950,-3.982,0.104
2.00,415,0.430,-8.086,0.090
2.00,416,0.000,8.092,0.097
2.00,417,-7.583,2.682,0.107
2.00,418,5.956,5.335,0.091
2.00,419,-1.416,-7.953,0.092
2.00,420,-5.882,-5.412,0.089
2.00,421,-1.544,7.916,0.102
2.00,422,-3.653,7.134,0.101
2.00,423,6.075,5.200,0.093
2.00,424,7.503,-2.863,0.102
2.00,425,-7.909,1.644,0.095
2.00,426,7.735,2.344,0.102
2.00,427,-3.797,7.054,0.103
2.00,428,7.984,-1.303,0.093
2.00,429,-5.858,5.408,0.090
2.00,430,7.740,-2.240,0.100
2.00,431,1.531,7.940,0.099
2.00,432,-6.010,5.242,0.091
2.00,433,4.499,6.619,0.098
2.00,434,-7.877,1.789,0.097
2.00,435,7.070,3.817,0.104
2.00,436,-6.201,-5.043,0.094
2.00,437,-6.637,-4.478,0.097
2.00,438,-3.885,4.687,0.597
2.00,439,-5.095,6.136,0.091
2.00,440,7.772,2.230,0.100
2.00,441,-6.610,4.491,0.098
2.00,442,-6.267,-4.960,0.095
2.00,443,8.096,0.354,0.090
2.00,444,8.045,-0.872,0.091
2.00,445,-3.276,7.326,0.103
2.00,446,-1.371,-7.962,0.092
2.00,447,-1.978,-7.822,0.096
2.00,448,-7.619,2.594,0.108
2.00,449,-6.288,-4.933,0.095
2.00,450,-1.650,-7.901,0.093
2.00,451,-0.410,-8.079,0.090
2.00,452,-3.363,-7.290,0.098
2.00,453,3.393,7.282,0.104
2.00,454,1.509,-7.956,0.092
2.00,455,-1.752,3.164,1.285
2.00,456,-4.488,6.614,0.094
2.00,457,7.953,1.539,0.094
2.00,458,1.417,-7.975,0.092
2.00,459,-5.098,6.134,0.091
2.00,460,8.085,0.641,0.091
2.00,461,2.617,-7.633,0.103
2.00,462,-2.268,-7.729,0.099
2.00,463,7.173,-3.580,0.098
2.00,464,-1.751,-7.879,0.094
2.00,465,-6.145,-5.112,0.093
2.00,466,-8.060,-0.648,0.094
2.00,467,-2.109,7.773,0.106
2.00,468,-7.775,2.150,0.100
2.00,469,4.593,6.551,0.097
2.00,470,4.036,6.916,0.104
2.00,471,-8.046,-0.760,0.094
2.00,472,1.994,-7.845,0.095
2.00,473,-5.719,-5.577,0.093
2.00,474,-8.069,0.559,0.093
2.00,475,-2.494,-7.653,0.102
2.00,476,-1.702,-7.890,0.093
2.00,477,6.627,4.506,0.097
2.00,478,-7.401,3.129,0.104
2.00,479,5.245,6.029,0.092
2.00,480,-4.766,6.403,0.093
2.00,481,-7.274,3.393,0.102
2.00,482,1.298,-7.999,0.092
2.00,483,4.700,6.471,0.097
2.00,484,-3.357,-7.293,0.098
2.00,485,-2.649,7.584,0.111
2.00,486,5.870,5.426,0.092
2.00,487,6.608,4.534,0.097
2.00,488,-3.946,-6.969,0.101
2.00,489,-7.538,-2.785,0.107
2.00,490,7.817,-2.005,0.098
2.00,491,5.311,-5.970,0.086
2.00,492,-5.184,6.062,0.089
2.00,493,3.794,7.069,0.107
2.00,494,8.093,-0.313,0.090
2.00,495,-6.124,5.108,0.094
2.00,496,-7.329,-3.286,0.103
2.00,497,-1.608,7.902,0.102
2.00,498,4.067,6.897,0.103
2.00,499,-4.306,6.734,0.095
2.00,500,7.167,-3.592,0.098
2.00,501,5.507,5.788,0.093
2.00,502,3.491,-7.247,0.096
2.00,503,-7.372,-3.196,0.104
2.00,504,-5.373,5.893,0.088
2.00,505,6.787,4.265,0.099
2.00,506,1.969,7.839,0.103
2.00,507,8.043,0.989,0.092
2.00,508,-5.160,6.082,0.090
2.00,509,-7.877,1.787,0.097
2.00,510,-2.853,-7.510,0.101
2.00,511,6.614,4.526,0.097
2.00,512,-2.563,7.620,0.112
2.00,513,-7.489,-2.907,0.105
2.00,514,5.345,5.941,0.091
2.00,515,-7.941,1.493,0.095
2.00,516,0.593,-8.081,0.090
2.00,517,-0.005,-8.100,0.090
2.00,518,-6.118,-5.145,0.092
2.00,519,1.963,-7.854,0.095
2.00,520,-7.128,3.669,0.104
2.00,521,7.836,2.028,0.098
2.00,522,-3.455,7.237,0.101
2.00,523,7.414,3.152,0.104
2.00,524,7.835,-1.947,0.098
2.00,525,-8.071,-0.434,0.094
2.00,526,-7.117,-3.703,0.103
2.00,527,5.336,5.949,0.091
2.00,528,8.080,0.684,0.091
2.00,529,5.506,-5.785,0.088
2.00,530,-3.157,-7.388,0.100
2.00,531,-7.554,-2.743,0.107
2.00,532,-8.035,-0.840,0.094
2.00,533,3.472,-7.256,0.096
2.00,534,2.538,-7.668,0.102
2.00,535,1.505,7.945,0.099
2.00,536,-2.236,7.730,0.107
2.00,537,0.969,-8.041,0.091
2.00,538,-7.815,2.024,0.099
2.00,539,2.837,7.528,0.108
2.00,540,4.536,6.593,0.098
2.00,541,3.485,-7.250,0.096
2.00,542,-1.232,7.979,0.100
2.00,543,-7.937,-1.471,0.097
2.00,544,-7.263,-3.422,0.102
2.00,545,-7.834,1.962,0.098
2.00,546,5.873,5.423,0.091
2.00,547,3.609,-7.184,0.097
2.00,548,-4.078,-6.889,0.098
2.00,549,-7.288,3.366,0.102
2.00,550,3.408,-7.289,0.097
2.00,551,-1.879,7.841,0.104
2.00,552,-0.563,8.063,0.098
2.00,553,-3.124,-7.401,0.100
2.00,554,6.021,5.263,0.092
2.00,555,-7.786,2.114,0.100
2.00,556,-1.131,-8.002,0.091
2.00,557,4.580,-6.570,0.091
2.00,558,2.588,7.630,0.111
2.00,559,2.013,7.825,0.103
2.00,560,0.891,8.041,0.097
2.00,561,-7.213,-3.521,0.102
2.00,562,6.809,-4.192,0.094
2.00,563,-6.713,-4.362,0.097
2.00,564,0.713,-8.070,0.090
2.00,565,5.234,6.039,0.092
2.00,566,-6.198,-5.047,0.094
2.00,567,-2.651,-7.590,0.103
2.00,568,4.643,-6.523,0.091
2.00,569,-1.114,7.995,0.100
2.00,570,-7.807,-2.023,0.101
2.00,571,5.967,-5.308,0.086
2.00,572,6.722,4.366,0.098
2.00,573,6.000,5.287,0.091
2.00,574,2.084,-7.817,0.096
2.00,575,-3.419,-7.250,0.098
2.00,576,-6.820,4.170,0.100
2.00,577,-6.562,-4.585,0.095
2.00,578,-2.786,7.530,0.108
2.00,579,8.061,-0.754,0.091
2.00,580,7.778,-2.127,0.099
2.00,581,7.910,1.739,0.096
2.00,582,-4.428,-6.669,0.096
2.00,583,5.959,5.331,0.091
2.00,584,6.366,-4.820,0.092
2.00,585,3.291,-7.348,0.097
2.00,586,-2.988,-7.456,0.100
2.00,587,-5.349,3.451,-9.431
2.00,588,-0.995,-8.020,0.090
2.00,589,-7.647,2.530,0.107
2.00,590,5.614,5.682,0.095
2.00,591,5.980,-5.293,0.086
2.00,592,-6.030,5.219,0.091
2.00,593,-4.595,6.537,0.092
2.00,594,-0.609,8.061,0.098
2.00,595,-3.419,7.256,0.101
2.00,596,7.864,1.937,0.097
2.00,597,3.520,7.217,0.104
2.00,598,-2.971,-7.463,0.100
2.00,599,1.339,-7.991,0.092
2.00,600,3.019,-7.468,0.100
2.00,601,3.670,-7.152,0.097
2.00,602,-8.079,-0.247,0.093
2.00,603,7.796,2.157,0.099
2.00,604,-7.114,-3.708,0.103
2.00,605,7.924,1.674,0.095
2.00,606,-7.826,1.987,0.098
2.00,607,-5.310,5.951,0.088
2.00,608,1.359,7.976,0.099
2.00,609,-7.536,-2.790,0.106
2.00,610,8.029,1.107,0.092
2.00,611,5.181,6.084,0.093
2.00,612,-6.058,5.186,0.092
2.00,613,-2.786,7.530,0.108
2.00,614,8.108,-0.000,0.090
2.00,615,-3.414,7.258,0.101
2.00,616,5.346,5.940,0.091
2.00,617,7.041,3.865,0.104
2.00,618,-8.033,0.903,0.093
2.00,619,7.773,-2.141,0.099
2.00,620,4.746,-6.442,0.091
2.00,621,-7.450,-3.004,0.105
2.00,622,-7.951,-1.406,0.097
2.00,623,-4.589,-6.557,0.093
2.00,624,1.157,8.008,0.098
2.00,625,7.383,-3.156,0.101
2.00,626,8.105,-0.002,0.090
2.00,627,7.357,-3.215,0.100
2.00,628,2.170,-7.790,0.097
2.00,629,7.808,2.120,0.099
2.00,630,7.081,-3.750,0.100
2.00,631,4.726,6.451,0.097
2.00,632,-4.531,6.583,0.093
2.00,633,-7.628,-2.562,0.109
2.00,634,-6.290,-4.932,0.095
2.00,635,-6.528,-4.630,0.095
2.00,636,-2.988,-7.456,0.100
2.00,637,3.114,7.414,0.107
2.00,638,0.893,-8.049,0.091
2.00,639,-7.368,3.203,0.104
2.00,640,3.305,-7.341,0.097
2.00,641,2.492,-7.684,0.101
2.00,642,4.481,6.631,0.099
2.00,643,-4.350,-6.719,0.095
2.00,644,-5.383,5.883,0.088
2.00,645,1.973,-7.851,0.095
2.00,646,6.656,-4.432,0.093
2.00,647,7.674,2.524,0.105
2.00,648,-6.599,-4.533,0.096
2.00,649,5.658,-5.630,0.090
2.00,650,3.341,7.309,0.104
2.00,651,7.357,3.273,0.102
2.00,652,-3.657,7.131,0.101
2.00,653,5.445,5.848,0.092
2.00,654,-7.512,-2.851,0.106
2.00,655,7.349,-3.231,0.100
2.00,656,1.932,-7.864,0.095
2.00,657,-8.028,-0.899,0.095
2.00,658,0.591,-8.081,0.090
2.00,659,4.735,-6.451,0.091
2.00,660,7.089,-3.736,0.100
2.00,661,-7.810,2.039,0.099
2.00,662,7.923,1.679,0.095
2.00,663,7.550,-2.747,0.104
2.00,664,8.020,1.185,0.093
2.00,665,2.514,-7.676,0.102
2.00,666,-4.475,-6.637,0.095
2.00,667,4.485,6.628,0.099
2.00,668,7.922,1.685,0.095
2.00,669,-7.975,1.330,0.094
2.00,670,-3.587,-7.176,0.098
2.00,671,7.304,-3.324,0.099
2.00,672,1.922,-7.867,0.095
2.00,673,-7.057,-3.811,0.105
2.00,674,4.686,6.481,0.097
2.00,675,3.200,-7.392,0.099
2.00,676,8.099,-0.183,0.090
2.00,677,6.624,-4.479,0.093
2.00,678,8.035,1.060,0.092
2.00,679,4.413,6.677,0.100
2.00,680,-7.568,-2.708,0.108
2.00,681,6.819,4.215,0.099
2.00,682,-3.130,7.392,0.105
2.00,683,-2.356,-7.700,0.100
2.00,684,6.527,-4.615,0.091
2.00,685,-7.973,-1.306,0.096
2.00,686,7.687,2.488,0.105
2.00,687,4.537,6.592,0.098
2.00,688,-7.713,2.338,0.103
2.00,689,7.779,-2.123,0.099
2.00,690,1.766,-7.902,0.094
2.00,691,1.665,-7.923,0.093
2.00,692,-7.650,-2.503,0.108
2.00,693,5.140,6.118,0.094
2.00,694,5.873,5.424,0.092
2.00,695,6.813,-4.186,0.094
2.00,696,-8.070,-0.440,0.094
2.00,697,3.970,-6.970,0.099
2.00,698,-6.764,4.258,0.099
2.00,699,-6.212,-5.029,0.094
2.00,700,-6.897,-4.069,0.101
2.00,701,4.662,-6.508,0.091
2.00,702,-5.232,6.020,0.088
2.00,703,-3.106,3.238,-10.178
2.00,704,-3.216,-7.361,0.099
2.00,705,4.473,6.637,0.099
2.00,706,-8.044,-0.775,0.094
2.00,707,7.696,2.461,0.104
2.00,708,7.802,-2.051,0.098
2.00,709,-7.237,3.465,0.102
2.00,710,-5.982,5.274,0.090
2.00,711,1.591,7.927,0.100
2.00,712,-0.625,-8.068,0.090
2.00,713,-0.732,-8.055,0.090
2.00,714,6.966,-3.937,0.100
2.00,715,-3.360,-7.292,0.098
2.00,716,-7.786,2.114,0.100
2.00,717,-3.268,7.330,0.103
2.00,718,-3.923,-6.983,0.102
2.00,719,2.439,-7.702,0.100
2.00,720,0.821,8.049,0.097
2.00,721,-0.033,8.091,0.097
2.00,722,3.488,7.234,0.104
2.00,723,7.560,-2.724,0.104
2.00,724,3.805,-7.076,0.099
2.00,725,0.063,8.090,0.097
2.00,726,-4.432,-6.666,0.096
2.00,727,0.797,-8.061,0.090
2.00,728,-7.122,-3.695,0.103
2.00,729,7.298,3.392,0.101
2.00,730,-3.848,7.023,0.103
2.00,731,-7.181,-3.582,0.102
2.00,732,2.654,7.601,0.111
2.00,733,-6.541,-4.613,0.095
2.00,734,1.474,7.952,0.099
2.00,735,6.721,-4.332,0.093
2.00,736,-1.612,7.901,0.102
2.00,737,8.033,-0.958,0.092
2.00,738,-1.658,-7.900,0.093
2.00,739,-6.045,-5.232,0.090
2.00,740,-6.881,4.074,0.102
2.00,741,-2.144,-7.770,0.097
2.00,742,6.587,-4.533,0.092
2.00,743,0.466,-8.085,0.090
2.00,744,3.608,7.171,0.104
2.00,745,7.029,-3.839,0.101
2.00,746,-8.056,-0.677,0.094
2.00,747,1.928,-7.865,0.095
2.00,748,4.580,-6.570,0.091
2.00,749,3.045,-7.458,0.099
2.00,750,-6.724,-4.345,0.097
2.00,751,7.959,-1.416,0.094
2.00,752,-0.773,-8.050,0.090
2.00,753,7.333,-3.265,0.099
2.00,754,-2.090,-7.787,0.096
2.00,755,5.233,-6.040,0.087
2.00,756,3.341,-7.323,0.097
2.00,757,-8.047,-0.750,0.094
2.00,758,3.802,7.064,0.107
2.00,759,-7.434,3.048,0.104
2.00,760,7.638,2.608,0.107
2.00,761,7.229,-3.473,0.098
2.00,762,7.954,1.534,0.094
2.00,763,-5.224,-6.050,0.090
2.00,764,-7.634,-2.547,0.109
2.00,765,5.330,-5.953,0.086
2.00,766,1.415,-7.975,0.092
2.00,767,-7.245,3.450,0.102
2.00,768,-7.461,2.983,0.104
2.00,769,5.373,5.915,0.091
2.00,770,4.509,-6.621,0.092
2.00,771,7.898,1.797,0.096
2.00,772,-5.850,-5.446,0.090
2.00,773,-7.474,-2.945,0.105
2.00,774,-6.186,-5.062,0.094
2.00,775,-7.247,3.447,0.102
2.00,776,5.214,6.056,0.093
2.00,777,-5.864,-5.431,0.089
2.00,778,2.622,7.615,0.112
2.00,779,6.494,4.686,0.096
2.00,780,-6.704,4.351,0.099
2.00,781,7.965,-1.388,0.093
2.00,782,7.038,-3.824,0.101
2.00,783,6.084,5.190,0.093
2.00,784,1.492,7.948,0.099
2.00,785,-4.750,6.416,0.093
2.00,786,-2.467,-7.662,0.102
2.00,787,-5.186,6.061,0.089
2.00,788,6.404,-4.774,0.092
2.00,789,-7.512,-2.850,0.106
2.00,790,1.811,-7.892,0.094
2.00,791,1.688,-7.918,0.093
2.00,792,7.630,2.626,0.107
2.00,793,-7.710,-2.324,0.105
2.00,794,-8.062,0.667,0.093
2.00,795,-2.888,-7.496,0.100
2.00,796,5.523,5.773,0.094
2.00,797,-7.272,-3.404,0.102
2.00,798,-3.190,-7.373,0.100
2.00,799,-7.962,-1.354,0.096
2.00,800,7.495,-2.884,0.102
2.00,801,-3.631,-7.153,0.099
2.00,802,6.910,-4.030,0.098
2.00,803,2.197,-7.781,0.097
2.00,804,7.794,-2.076,0.099
2.00,805,-2.230,-7.742,0.098
2.00,806,7.169,-3.588,0.098
2.00,807,8.106,0.054,0.090
2.00,808,2.739,7.567,0.110
2.00,809,-6.437,-4.749,0.095
2.00,810,6.445,4.749,0.096
2.00,811,5.884,5.411,0.091
2.00,812,0.470,8.077,0.097
2.00,813,4.520,6.604,0.098
2.00,814,7.926,-1.565,0.094
2.00,815,3.288,-7.349,0.097
2.00,816,7.132,3.709,0.103
2.00,817,-3.516,-7.213,0.098
2.00,818,4.462,-6.654,0.093
2.00,819,7.067,3.823,0.104
2.00,820,6.835,4.188,0.100
2.00,821,-7.198,3.539,0.102
2.00,822,-6.669,4.405,0.099
2.00,823,-3.522,7.203,0.101
2.00,824,2.207,-7.778,0.097
2.00,825,3.877,7.017,0.107
2.00,826,-7.443,3.026,0.104
2.00,827,-7.083,-3.766,0.104
2.00,828,-4.457,6.636,0.094
2.00,829,5.598,-5.690,0.090
2.00,830,-6.112,5.122,0.094
2.00,831,2.152,7.781,0.104
2.00,832,7.497,2.952,0.104
2.00,833,-8.073,-0.369,0.093
2.00,834,-2.280,-7.725,0.099
2.00,835,2.032,7.819,0.103
2.00,836,8.080,0.680,0.091
2.00,837,-7.554,2.754,0.106
2.00,838,1.916,7.856,0.102
2.00,839,4.660,6.502,0.097
2.00,840,2.675,-7.608,0.104
2.00,841,-2.376,7.685,0.109
2.00,842,2.628,7.612,0.112
2.00,843,4.206,6.809,0.101
2.00,844,4.741,6.439,0.097
2.00,845,8.093,0.447,0.090
2.00,846,7.975,1.434,0.094
2.00,847,5.892,5.403,0.091
2.00,848,7.294,3.400,0.101
2.00,849,2.215,7.761,0.105
2.00,850,5.023,6.212,0.097
2.00,851,-2.067,7.786,0.106
2.00,852,3.299,7.329,0.105
2.00,853,6.042,-5.222,0.087
2.00,854,-8.052,-0.706,0.094
2.00,855,2.613,-7.635,0.103
2.00,856,-5.311,-5.974,0.089
2.00,857,-7.198,-3.549,0.102
2.00,858,2.590,7.629,0.111
2.00,859,7.868,1.924,0.097
2.00,860,8.023,-1.032,0.092
2.00,861,-7.553,-2.747,0.107
2.00,862,2.104,7.797,0.104
2.00,863,-7.072,-3.786,0.104
2.00,864,-3.260,-7.340,0.099
2.00,865,-6.147,5.080,0.095
2.00,866,1.750,-7.905,0.094
2.00,867,-2.834,-7.518,0.101
2.00,868,6.670,-4.410,0.093
2.00,869,-4.525,6.588,0.093
2.00,870,5.357,5.930,0.091
2.00,871,7.061,-3.786,0.100
2.00,872,-3.132,7.391,0.105
2.00,873,-7.765,2.182,0.100
2.00,874,3.393,-7.297,0.097
2.00,875,-1.727,7.875,0.103
2.00,876,7.524,2.884,0.105
2.00,877,-0.181,8.083,0.097
2.00,878,-7.331,3.279,0.103
2.00,879,5.823,5.475,0.092
2.00,880,-5.141,6.098,0.090
2.00,881,7.736,2.342,0.102
2.00,882,-7.904,1.666,0.096
2.00,883,6.854,-4.121,0.096
2.00,884,3.432,7.263,0.104
2.00,885,0.586,8.073,0.097
2.00,886,-2.780,-7.539,0.102
2.00,887,-2.564,-7.626,0.104
2.00,888,-7.854,-1.854,0.100
2.00,889,2.084,7.803,0.104
2.00,890,-2.557,-7.629,0.104
2.00,891,4.125,6.861,7.064
2.00,892,0.841,-8.056,0.091
2.00,893,-7.865,-1.802,0.099
2.00,894,3.822,-7.066,0.099
2.00,895,-7.237,3.465,0.102
2.00,896,7.981,1.402,0.093
2.00,897,8.076,-0.636,0.091
2.00,898,5.201,6.066,0.093
2.00,899,-7.994,1.219,0.094
2.00,900,6.596,-4.520,0.092
2.00,901,3.800,7.066,0.107
2.00,902,0.692,-8.073,0.090
2.00,903,1.589,-7.939,0.093
2.00,904,-7.244,3.452,0.102
2.00,905,3.320,-7.333,0.097
2.00,906,7.057,-3.793,0.101
2.00,907,3.356,-7.316,0.097
2.00,908,7.590,-2.648,0.105
2.00,909,3.720,-7.124,0.098
2.00,910,7.609,-2.602,0.106
2.00,911,-3.296,7.317,0.103
2.00,912,-4.312,6.730,0.095
2.00,913,2.941,-4.434,5.294
2.00,914,5.981,5.307,0.091
2.00,915,7.915,1.719,0.095
2.00,916,-6.019,5.232,0.091
2.00,917,7.009,3.914,0.105
2.00,918,-5.760,-5.537,0.092
2.00,919,2.806,7.540,0.109
2.00,920,7.897,1.803,0.096
2.00,921,-7.695,-2.368,0.106
2.00,922,-7.915,1.612,0.095
2.00,923,7.152,-3.619,0.098
2.00,924,-6.594,-4.540,0.096
2.00,925,5.342,-5.942,0.086
2.00,926,7.567,-2.705,0.104
2.00,927,3.473,7.241,0.104
2.00,928,-7.070,-3.789,0.104
2.00,929,7.916,-1.610,0.095
2.00,930,-6.685,4.381,0.099
2.00,931,-7.075,-3.780,0.104
2.00,932,6.637,4.493,0.097
2.00,933,7.474,-2.936,0.101
2.00,934,6.366,-4.820,0.092
2.00,935,6.542,4.624,0.096
2.00,936,-7.470,2.960,0.104
2.00,937,-7.074,-3.783,0.104
2.00,938,-7.251,3.439,0.102
2.00,939,4.994,6.235,0.097
2.00,940,7.711,2.416,0.103
2.00,941,7.892,1.825,0.096
2.00,942,-4.443,6.645,0.095
2.00,943,-8.090,0.018,0.093
2.00,944,-4.184,-6.823,0.096
2.00,945,-7.825,1.991,0.098
2.00,946,-6.470,4.679,0.097
2.00,947,-7.823,1.997,0.098
2.00,948,6.146,5.116,0.095
2.00,949,-7.381,3.175,0.104
2.00,950,5.779,5.132,6.889
2.00,951,-8.005,-1.079,0.095
2.00,952,-2.086,7.780,0.106
2.00,953,3.808,7.061,0.107
2.00,954,7.620,-2.577,0.106
2.00,955,-7.612,-2.596,0.109
2.00,956,8.013,1.242,0.093
2.00,957,7.860,1.951,0.098
2.00,958,-7.962,1.393,0.094
2.00,959,-4.962,6.244,0.092
2.00,960,-8.068,-0.485,0.094
2.00,961,1.272,8.433,0.062
2.00,962,2.192,7.769,0.105
2.00,963,0.568,8.074,0.097
2.00,964,-2.102,-7.783,0.097
2.00,965,6.767,4.296,0.098
2.00,966,8.076,-0.636,0.091
2.00,967,5.778,-5.509,0.088
2.00,968,3.812,-7.072,0.099
2.00,969,-7.176,3.581,0.103
2.00,970,8.018,1.202,0.093
2.00,971,-7.164,-3.615,0.102
2.00,972,-7.791,2.100,0.099
2.00,973,-4.219,6.790,0.095
2.00,974,4.422,6.671,0.100
2.00,975,-2.446,-7.644,0.103
2.00,976,6.950,4.007,0.104
2.00,977,5.243,6.031,0.092
2.00,978,-1.504,-7.934,0.092
2.00,979,-8.090,-0.006,0.093
2.00,980,-5.782,-5.515,0.091
2.00,981,-0.944,8.018,0.099
2.00,982,-6.691,-4.396,0.097
2.00,983,6.783,-4.234,0.094
2.00,984,6.035,5.246,0.092
2.00,985,2.519,-7.674,0.102
2.00,986,-0.427,-8.078,0.090
2.00,987,-4.355,6.703,0.094
2.00,988,-7.396,3.140,0.104
2.00,989,-7.674,-2.433,0.107
2.00,990,-6.012,-5.270,0.089
2.00,991,-7.264,3.412,0.102
2.00,992,-7.258,-3.432,0.102
2.00,993,-5.830,5.438,0.090
2.00,994,7.745,2.314,0.102
2.00,995,-0.537,8.064,0.098
2.00,996,-7.653,2.512,0.106
2.00,997,-8.067,0.597,0.093
2.00,998,-7.844,-1.898,0.100
2.00,999,8.017,1.205,0.093
2.00,1000,-3.451,7.240,0.101
2.00,1001,6.074,5.201,0.093
2.00,1002,-5.948,-2.263,0.305
2.00,1003,-5.307,5.954,0.088
2.00,1004,2.108,7.795,0.104
2.00,1005,3.888,7.010,0.107
2.00,1006,8.106,-0.047,0.090
2.00,1007,-0.559,-8.071,0.090
2.00,1008,-2.174,-7.760,0.097
2.00,1009,3.624,7.162,0.104
2.00,1010,7.883,-1.755,0.096
2.00,1011,-2.164,-7.763,0.097
2.00,1012,8.005,-1.163,0.092
2.00,1013,6.592,4.556,0.096
2.00,1014,1.250,7.997,0.098
2.00,1015,-7.570,-2.704,0.108
2.00,1016,-3.439,-7.252,0.098
2.00,1017,-1.327,7.963,0.101
2.00,1018,-6.832,4.152,0.101
2.00,1019,-6.996,-3.908,0.105
2.00,1020,8.055,0.895,0.091
2.00,1021,-2.953,-7.470,0.100
2.00,1022,7.811,-2.025,0.098
2.00,1023,-8.073,0.451,0.093
2.00,1024,6.485,4.699,0.096
2.00,1025,2.517,-7.675,0.102
2.00,1026,-7.361,3.218,0.103
2.00,1027,-3.181,-7.377,0.100
2.00,1028,5.467,-5.823,0.087
2.00,1029,-3.779,-7.073,0.101
2.00,1030,-7.891,1.723,0.096
2.00,1031,1.644,6.430,1.496
2.00,1032,2.716,-7.591,0.103
2.00,1033,-4.509,6.599,0.093
2.00,1034,7.696,2.459,0.104
2.00,1035,-6.097,5.140,0.093
2.00,1036,5.468,5.826,0.092
2.00,1037,5.839,-5.447,0.087
2.00,1038,-7.540,-2.780,0.107
2.00,1039,4.003,-6.950,0.098
2.00,1040,4.457,5.874,0.099
2.00,1041,-7.311,3.319,0.102
2.00,1042,4.566,6.571,0.097
2.00,1043,7.585,-2.662,0.105
2.00,1044,1.858,7.869,0.102
2.00,1045,3.342,-7.323,0.097
2.00,1046,1.945,-7.860,0.095
2.00,1047,1.437,-7.971,0.092
2.00,1048,0.113,8.089,0.097
2.00,1049,2.159,7.779,0.104
2.00,1050,6.165,-5.073,0.091
2.00,1051,5.413,5.878,0.092
2.00,1052,-7.915,-1.574,0.098
2.00,1053,-8.089,-0.028,0.093
2.00,1054,2.613,7.619,0.112
2.00,1055,5.236,6.037,0.092
2.00,1056,6.067,-2.021,5.366
2.00,1057,-2.417,7.672,0.110
2.00,1058,3.605,7.172,0.104
2.00,1059,-2.435,7.665,0.110
2.00,1060,-2.609,-7.607,0.104
2.00,1061,-7.306,3.330,0.102
2.00,1062,-1.378,-7.961,0.092
2.00,1063,6.540,-4.598,0.091
2.00,1064,0.975,-8.040,0.091
2.00,1065,7.197,3.588,0.101
2.00,1066,-3.002,7.444,0.106
2.00,1067,4.649,6.509,0.097
2.00,1068,1.810,-7.892,0.094
2.00,1069,3.945,-6.986,0.100
2.00,1070,5.443,5.850,0.092
2.00,1071,-7.104,-3.728,0.103
2.00,1072,2.151,-7.796,0.097
2.00,1073,-8.053,0.738,0.093
2.00,1074,3.767,7.084,0.106
2.00,1075,7.538,2.850,0.105
2.00,1076,5.994,-5.277,0.086
2.00,1077,-1.286,-7.980,0.091
2.00,1078,6.529,-4.613,0.091
2.00,1079,4.816,-6.385,0.092
2.00,1080,7.357,-3.214,0.100
2.00,1081,0.453,8.077,0.097
2.00,1082,-3.863,7.013,0.103
2.00,1083,7.751,2.297,0.101
2.00,1084,0.296,8.083,0.097
2.00,1085,3.821,7.052,0.107
2.00,1086,-2.582,-7.618,0.104
2.00,1087,0.276,3.716,-1.953
2.00,1088,7.482,2.986,0.104
2.00,1089,1.272,-8.004,0.092
2.00,1090,7.691,2.474,0.104
2.00,1091,-0.060,-8.097,0.090
2.00,1092,-3.403,-7.270,0.098
2.00,1093,2.172,-7.789,0.097
2.00,1094,6.518,-4.628,0.091
2.00,1095,-4.552,6.568,0.093
2.00,1096,4.660,-6.510,0.091
2.00,1097,-7.660,2.494,0.106
2.00,1098,1.403,-7.978,0.092
2.00,1099,7.735,2.346,0.102
2.00,1100,7.713,2.410,0.103
2.00,1101,2.045,7.815,0.103
2.00,1102,0.550,-8.082,0.090
2.00,1103,4.754,-6.436,0.091
2.00,1104,8.100,-0.162,0.090
2.00,1105,-8.033,0.900,0.093
2.00,1106,-7.778,2.141,0.100
2.00,1107,-0.560,8.063,0.098
2.00,1108,0.906,8.039,0.097
2.00,1109,-7.371,-3.198,0.104
2.00,1110,-3.498,7.216,0.101
2.00,1111,7.068,-3.772,0.100
2.00,1112,3.579,7.186,0.104
2.00,1113,-7.066,3.780,0.106
2.00,1114,-8.087,-0.070,0.093
2.00,1115,1.395,-7.979,0.092
2.00,1116,-7.992,1.234,0.094
2.00,1117,-2.735,7.550,0.109
2.00,1118,4.772,6.413,0.097
2.00,1119,-4.270,6.757,0.095
2.00,1120,-2.881,-7.499,0.101
2.00,1121,4.750,-6.439,0.091
2.00,1122,-6.181,-7.574,-4.857
2.00,1123,-7.722,-2.289,0.104
2.00,1124,1.039,8.023,0.098
2.00,1125,-3.700,-7.116,0.100
2.00,1126,-4.485,6.616,0.094
2.00,1127,-4.353,-6.717,0.095
2.00,1128,-3.832,7.033,0.103
2.00,1129,8.077,-0.617,0.091
2.00,1130,-7.903,1.668,0.096
2.00,1131,-6.685,4.380,0.099
2.00,1132,1.071,8.019,0.098
2.00,1133,-4.469,6.627,0.094
2.00,1134,-7.234,3.470,0.102
2.00,1135,4.638,-6.527,0.091
2.00,1136,7.164,3.650,0.102
2.00,1137,-3.268,3.048,1.224
2.00,1138,-6.557,4.564,0.097
2.00,1139,3.893,7.006,0.107
2.00,1140,-5.253,-6.025,0.089
2.00,1141,-2.018,-7.810,0.096
2.00,1142,-0.438,8.070,0.098
2.00,1143,-4.252,-6.798,0.096
2.00,1144,1.562,7.933,0.100
2.00,1145,-3.543,7.192,0.101
2.00,1146,-4.109,-6.869,0.097
2.00,1147,3.332,7.313,0.104
2.00,1148,4.537,6.592,0.098
2.00,1149,-6.735,-4.328,0.097
2.00,1150,6.586,-4.535,0.092
2.00,1151,0.460,8.077,0.097
2.00,1152,6.211,-5.015,0.091
2.00,1153,2.010,7.826,0.103
2.00,1154,-7.328,-3.289,0.103
2.00,1155,-7.362,3.215,0.103
2.00,1156,0.671,8.067,0.097
2.00,1157,-8.063,-0.595,0.094
2.00,1158,-2.527,7.633,0.112
2.00,1159,-3.549,7.189,0.101
2.00,1160,-7.338,-3.268,0.103
2.00,1161,-2.436,-7.673,0.101
2.00,1162,5.358,-5.927,0.086
2.00,1163,3.453,7.252,0.104
2.00,1164,8.077,-0.627,0.091
2.00,1165,-7.254,-3.440,0.102
2.00,1166,-2.534,7.631,0.112
2.00,1167,-7.988,-1.204,0.096
2.00,1168,-6.582,4.530,0.098
2.00,1169,2.839,7.527,0.108
2.00,1170,-5.853,5.414,0.090
2.00,1171,-1.072,8.001,0.100
2.00,1172,-3.569,-7.185,0.098
2.00,1173,-3.205,-7.366,0.099
2.00,1174,-7.650,-2.502,0.108
2.00,1175,4.229,6.795,0.100
2.00,1176,-5.048,-6.195,0.094
2.00,1177,7.772,-2.146,0.099
2.00,1178,-5.348,-5.941,0.089
2.00,1179,0.475,-8.085,0.090
2.00,1180,-1.812,7.856,0.104
2.00,1181,-1.991,-7.818,0.096
2.00,1182,7.228,-3.476,0.098
2.00,1183,-3.676,7.121,0.102
2.00,1184,5.281,5.998,0.092
2.00,1185,3.863,7.026,0.107
2.00,1186,0.512,8.076,0.097
2.00,1187,-8.073,0.441,0.093
2.00,1188,-2.305,-7.717,0.099
2.00,1189,-3.535,7.196,0.101
2.00,1190,4.220,6.800,0.100
2.00,1191,7.658,2.563,0.106
2.00,1192,0.638,-8.079,0.090
2.00,1193,-8.056,-0.676,0.094
2.00,1194,7.844,2.002,0.098
2.00,1195,7.316,3.356,0.101
2.00,1196,4.613,6.537,0.097
2.00,1197,-6.775,4.241,0.100
2.00,1198,-7.194,3.547,0.102
2.00,1199,-3.282,-7.329,0.098
2.00,1200,-8.082,0.226,0.093
2.00,1201,2.048,-7.828,0.096
2.00,1202,-7.638,2.551,0.107
2.00,1203,-3.618,7.152,0.101
2.00,1204,-5.321,5.941,0.088
2.00,1205,3.347,7.306,0.104
2.00,1206,0.487,-8.084,0.090
2.00,1207,1.357,7.976,0.099
2.00,1208,-7.634,-2.547,0.109
2.00,1209,7.431,-3.040,0.101
2.00,1210,-7.944,-1.439,0.097
2.00,1211,1.395,7.968,0.099
2.00,1212,-2.075,-7.792,0.096
2.00,1213,0.286,-8.091,0.090
2.00,1214,-3.956,-1.389,-4.768
2.00,1215,3.275,7.341,0.105
2.00,1216,4.298,6.751,0.100
2.00,1217,3.335,7.311,0.104
2.00,1218,5.303,5.978,0.091
2.00,1219,6.318,-4.880,0.092
2.00,1220,-5.391,5.876,0.088
2.00,1221,-7.961,-1.359,0.096
2.00,1222,-2.885,-7.497,0.100
2.00,1223,-7.983,-1.243,0.096
2.00,1224,-2.180,7.750,0.107
2.00,1225,7.315,3.358,0.101
2.00,1226,-8.033,0.901,0.093
2.00,1227,7.227,-3.477,0.098
2.00,1228,4.642,-6.524,0.091
2.00,1229,-7.795,2.088,0.099
2.00,1230,2.298,7.734,0.106
2.00,1231,8.102,-0.132,0.090
2.00,1232,-4.333,-6.729,0.095
2.00,1233,-7.025,-3.863,0.105
2.00,1234,-7.761,2.193,0.101
2.00,1235,6.553,-4.580,0.091
2.00,1236,-4.529,6.585,0.093
2.00,1237,-8.072,-0.409,0.093
2.00,1238,5.349,-5.935,0.086
2.00,1239,-5.200,-6.071,0.090
2.00,1240,2.593,0.578,7.491
2.00,1241,7.499,-2.874,0.102
2.00,1242,-7.826,-1.960,0.101
2.00,1243,-6.752,-4.301,0.098
2.00,1244,7.844,2.003,0.098
2.00,1245,4.525,6.600,0.098
2.00,1246,-5.786,5.483,0.091
2.00,1247,3.068,7.433,0.107
2.00,1248,-8.066,-0.538,0.094
2.00,1249,-5.253,-6.026,0.089
2.00,1250,-3.941,6.963,0.102
2.00,1251,-7.353,-3.235,0.103
2.00,1252,6.498,4.682,0.096
2.00,1253,8.012,1.249,0.093
2.00,1254,1.413,7.965,0.099
2.00,1255,-7.058,-3.809,0.105
2.00,1256,-1.433,7.940,0.101
2.00,1257,-8.088,0.061,0.093
2.00,1258,5.511,-5.779,0.088
2.00,1259,5.630,-5.658,0.090
2.00,1260,2.717,7.576,0.110
2.00,1261,1.404,-7.978,0.092
2.00,1262,-3.312,-7.315,0.098
2.00,1263,-5.074,-6.174,0.093
2.00,1264,8.098,0.294,0.090
2.00,1265,1.098,8.016,0.098
2.00,1266,-4.544,6.574,0.093
2.00,1267,-1.608,-7.911,0.093
2.00,1268,-5.263,-6.016,0.089
2.00,1269,-3.826,7.037,0.103
2.00,1270,-7.657,2.499,0.106
2.00,1271,8.007,-1.150,0.092
2.00,1272,-8.022,0.994,0.093
2.00,1273,8.089,0.558,0.091
2.00,1274,7.810,-2.027,0.098
2.00,1275,2.585,7.631,0.111
2.00,1276,-2.019,7.801,0.105
2.00,1277,-0.913,-8.031,0.090
2.00,1278,-2.957,-7.469,0.100
2.00,1279,7.071,3.816,0.104
2.00,1280,7.491,2.965,0.104
2.00,1281,4.566,-6.580,0.091
2.00,1282,-6.013,-5.268,0.090
2.00,1283,9.257,-6.484,-6.067
2.00,1284,5.903,-5.378,0.086
2.00,1285,5.564,5.732,0.095
2.00,1286,0.751,-8.066,0.090
2.00,1287,4.052,-6.919,0.097
2.00,1288,-0.711,-8.058,0.090
2.00,1289,-3.855,7.018,0.103
2.00,1290,-4.589,6.541,0.092
2.00,1291,5.986,-5.286,0.086
2.00,1292,7.978,-1.332,0.093
2.00,1293,5.522,5.774,0.094
2.00,1294,-4.442,6.646,0.095
2.00,1295,5.165,-6.098,0.088
2.00,1296,-8.072,-0.411,0.093
2.00,1297,-4.541,-6.591,0.094
2.00,1298,-5.903,-5.390,0.089
2.00,1299,3.841,-7.054,0.099
2.00,1300,-3.335,-7.304,0.098
2.00,1301,1.207,-8.013,0.092
2.00,1302,4.154,6.842,0.102
2.00,1303,-6.498,-4.671,0.094
2.00,1304,0.304,-8.090,0.090
2.00,1305,7.686,2.489,0.105
2.00,1306,-7.269,-3.409,0.102
2.00,1307,-8.086,-0.085,0.093
2.00,1308,7.123,-3.674,0.099
2.00,1309,6.467,4.722,0.096
2.00,1310,7.003,-3.879,0.101
2.00,1311,2.237,7.754,0.105
2.00,1312,5.527,-5.763,0.089
2.00,1313,6.728,-4.321,0.093
2.00,1314,-7.819,-1.983,0.101
2.00,1315,-7.634,2.559,0.107
2.00,1316,-2.359,7.691,0.109
2.00,1317,-0.963,-8.025,0.090
2.00,1318,-3.559,7.184,0.101
2.00,1319,-7.782,2.127,0.100
2.00,1320,7.614,-2.589,0.106
2.00,1321,3.821,7.053,0.107
2.00,1322,-0.155,8.084,0.097
2.00,1323,-3.153,7.382,0.105
2.00,1324,-3.902,-6.997,0.102
2.00,1325,-7.381,-3.176,0.104
2.00,1326,-3.625,7.149,0.101
2.00,1327,2.806,-7.555,0.102
2.00,1328,4.516,-6.617,0.092
2.00,1329,-0.824,8.035,0.099
2.00,1330,-7.913,1.624,0.095
2.00,1331,-7.790,2.102,0.099
2.00,1332,-0.817,-8.044,0.090
2.00,1333,-3.287,7.321,0.103
2.00,1334,6.616,-4.491,0.092
2.00,1335,7.324,-3.283,0.099
2.00,1336,2.847,7.523,0.108
2.00,1337,7.320,3.344,0.101
2.00,1338,-1.431,-7.949,0.092
2.00,1339,1.655,-7.925,0.093
2.00,1340,3.392,7.274,0.104
2.00,1341,8.052,0.915,0.091
2.00,1342,0.481,-8.085,0.090
2.00,1343,7.188,-3.552,0.098
2.00,1344,8.091,0.500,0.091
2.00,1345,-0.823,-8.043,0.090
2.00,1346,-7.747,2.235,0.101
2.00,1347,-7.840,1.944,0.098
2.00,1348,-1.382,4.191,-8.099
2.00,1349,8.103,-0.117,0.090
2.00,1350,8.052,-0.824,0.091
2.00,1351,-0.212,-8.081,0.090
2.00,1352,5.279,-5.999,0.087
2.00,1353,-5.200,-6.071,0.090
2.00,1354,-0.612,-8.069,0.090
2.00,1355,-7.874,-1.760,0.099
2.00,1356,7.800,-2.057,0.098
2.00,1357,-7.591,-2.650,0.109
2.00,1358,-5.857,-5.439,0.090
2.00,1359,0.077,-8.097,0.090
2.00,1360,-5.367,5.898,0.088
2.00,1361,-4.887,6.304,0.093
2.00,1362,4.594,-6.560,0.091
2.00,1363,-7.505,2.876,0.105
2.00,1364,-3.640,-7.148,0.099
2.00,1365,4.161,-6.850,0.095
2.00,1366,-2.666,7.578,0.111
2.00,1367,-8.089,-0.015,0.093
2.00,1368,3.788,-7.086,0.099
2.00,1369,-8.090,0.020,0.093
2.00,1370,-3.763,7.073,0.103
2.00,1371,3.852,-7.047,0.099
2.00,1372,-2.311,7.707,0.108
2.00,1373,-3.357,-7.293,0.098
2.00,1374,6.123,5.144,0.094
2.00,1375,4.521,6.603,0.098
2.00,1376,3.454,7.251,0.104
2.00,1377,2.289,7.737,0.106
2.00,1378,7.878,1.889,0.097
2.00,1379,-5.559,-5.738,0.092
2.00,1380,-7.384,3.168,0.104
2.00,1381,-7.278,3.385,0.102
2.00,1382,7.810,2.112,0.099
2.00,1383,2.925,-7.506,0.100
2.00,1384,1.968,-7.853,0.095
2.00,1385,-8.019,-0.533,0.093
2.00,1386,7.930,-1.549,0.094
2.00,1387,6.712,4.381,0.098
2.00,1388,-7.394,3.145,0.104
2.00,1389,6.528,4.643,0.096
2.00,1390,-3.567,7.180,0.101
2.00,1391,0.172,-8.094,0.090
2.00,1392,7.837,-1.942,0.098
2.00,1393,-5.169,-6.097,0.091
2.00,1394,4.762,-6.429,0.091
2.00,1395,0.903,-8.048,0.091
2.00,1396,6.167,5.092,0.095
2.00,1397,-6.438,4.720,0.097
2.00,1398,5.533,-5.757,0.089
2.00,1399,2.585,-7.647,0.103
2.00,1400,-0.235,-8.088,0.090
2.00,1401,7.817,-2.004,0.098
2.00,1402,-3.499,7.215,0.101
2.00,1403,5.566,5.729,0.095
2.00,1404,-7.564,-2.719,0.107
2.00,1405,8.036,-0.938,0.092
2.00,1406,2.683,7.590,0.111
2.00,1407,-2.676,-7.580,0.103
2.00,1408,-0.470,8.068,0.098
2.00,1409,-8.072,-0.399,0.093
2.00,1410,-3.877,-7.013,0.102
2.00,1411,-6.737,-4.326,0.097
2.00,1412,2.622,-7.631,0.103
2.00,1413,-3.876,7.005,0.103
2.00,1414,8.025,1.138,0.092
2.00,1415,-7.968,1.364,0.094
2.00,1416,7.064,-3.781,0.100
2.00,1417,-7.357,3.225,0.103
2.00,1418,-7.078,-3.774,0.104
2.00,1419,-8.074,0.432,0.093
2.00,1420,-6.435,-4.752,0.095
2.00,1421,3.264,7.346,0.105
2.00,1422,-5.847,-5.448,0.090
2.00,1423,-6.238,-4.996,0.095
2.00,1424,5.315,5.968,0.091
2.00,1425,-1.409,-7.954,0.092
2.00,1426,-7.100,-3.735,0.104
2.00,1427,7.961,1.501,0.094
2.00,1428,1.739,-7.908,0.094
2.00,1429,6.370,-4.816,0.092
2.00,1430,-7.489,2.558,0.103
2.00,1431,-7.780,2.135,0.100
2.00,1432,-7.117,-3.703,0.103
2.00,1433,8.037,1.045,0.092
2.00,1434,-7.750,2.225,0.101
2.00,1435,-4.084,6.874,0.098
2.00,1436,3.878,-7.031,0.099
2.00,1437,6.614,4.526,0.097
2.00,1438,6.498,-4.654,0.091
2.00,1439,7.981,-1.316,0.093
2.00,1440,-5.123,6.114,0.090
2.00,1441,5.927,-5.352,0.086
2.00,1442,-2.159,-7.765,0.097
2.00,1443,7.217,3.550,0.101
2.00,1444,-7.824,-1.967,0.101
2.00,1445,-5.736,5.533,0.092
2.00,1446,-4.626,6.513,0.092
2.00,1447,1.219,-8.011,0.092
2.00,1448,-6.008,-5.274,0.089
2.00,1449,-2.444,-7.670,0.101
2.00,1450,-2.926,-7.481,0.100
2.00,1451,-3.099,7.404,0.105
2.00,1452,3.819,7.054,0.107
2.00,1453,4.236,-6.802,0.094
2.00,1454,6.635,4.496,0.097
2.00,1455,0.915,8.038,0.097
2.00,1456,7.912,1.733,0.096
2.00,1457,-3.267,7.330,0.103
2.00,1458,-0.122,8.086,0.097
2.00,1459,-2.142,7.763,0.106
2.00,1460,4.481,-6.641,0.093
2.00,1461,-8.058,0.698,0.093
2.00,1462,0.823,8.049,0.097
2.00,1463,-2.912,7.480,0.107
2.00,1464,5.564,5.732,0.095
2.00,1465,7.767,-2.159,0.099
2.00,1466,-5.327,5.936,0.088
2.00,1467,-7.875,1.795,0.097
2.00,1468,-6.977,-3.938,0.105
2.00,1469,6.523,-4.621,0.091
2.00,1470,-7.114,3.695,0.104
2.00,1471,-1.277,7.973,0.101
2.00,1472,-7.566,2.724,0.106
2.00,1473,-6.765,4.256,0.099
2.00,1474,7.818,-2.002,0.098
2.00,1475,-4.224,-6.798,0.096
2.00,1476,8.096,0.338,0.090
2.00,1477,6.640,-4.456,0.093
2.00,1478,7.838,2.022,0.098
2.00,1479,-7.788,2.109,0.100
2.00,1480,-7.160,3.611,0.103
2.00,1481,4.656,6.505,0.097
2.00,1482,1.276,-8.004,0.092
2.00,1483,5.518,-5.772,0.089
2.00,1484,5.389,5.901,0.091
2.00,1485,-2.256,7.725,0.107
2.00,1486,-7.318,3.305,0.103
2.00,1487,-5.346,5.918,0.088
2.00,1488,-7.774,-2.127,0.102
2.00,1489,-7.719,-2.298,0.104
2.00,1490,3.231,-7.377,0.098
2.00,1491,2.458,-7.695,0.101
2.00,1492,-3.063,-2.921,-3.977
2.00,1493,-7.873,-1.768,0.099
2.00,1494,-3.318,-7.312,0.098
2.00,1495,7.874,1.904,0.097
2.00,1496,-7.551,2.761,0.106
2.00,1497,-6.498,4.643,0.097
2.00,1498,7.053,-3.801,0.101
2.00,1499,-7.109,3.704,0.104
2.00,1500,5.739,5.559,0.095
2.00,1501,-6.794,4.212,0.100
2.00,1502,2.259,7.747,0.106
2.00,1503,7.793,-2.081,0.099
2.00,1504,-0.215,-8.089,0.090
2.00,1505,7.338,3.312,0.102
2.00,1506,-7.521,-2.826,0.106
2.00,1507,7.748,-2.216,0.100
2.00,1508,2.478,-7.688,0.101
2.00,1509,-7.323,3.296,0.103
2.00,1510,1.695,-7.917,0.093
2.00,1511,4.699,6.471,0.097
2.00,1512,7.203,-3.523,0.098
2.00,1513,-7.854,1.892,0.098
2.00,1514,-4.693,6.461,0.092
2.00,1515,-5.034,-6.206,0.094
2.00,1516,7.049,-3.807,0.101
2.00,1517,5.308,5.974,0.091
2.00,1518,8.108,-0.023,0.090
2.00,1519,6.748,4.325,0.098
2.00,1520,7.754,-2.199,0.100
2.00,1521,-4.709,6.449,0.092
2.00,1522,-5.410,5.857,0.089
2.00,1523,1.210,8.002,0.098
2.00,1524,0.149,-8.095,0.090
2.00,1525,7.499,-2.874,0.102
2.00,1526,-5.447,-5.848,0.089
2.00,1527,-7.810,2.038,0.099
2.00,1528,6.668,4.448,0.098
2.00,1529,7.635,2.616,0.107
2.00,1530,-8.089,-0.024,0.093
2.00,1531,6.628,4.505,0.097
2.00,1532,6.600,-4.514,0.092
2.00,1533,-1.506,-7.933,0.092
2.00,1534,-7.635,2.557,0.107
2.00,1535,-4.806,6.369,0.093
2.00,1536,2.557,7.644,0.111
2.00,1537,6.658,-4.430,0.093
2.00,1538,0.070,-8.097,0.090
2.00,1539,7.711,-2.327,0.102
2.00,1540,7.634,2.616,0.107
2.00,1541,-4.624,-6.531,0.093
2.00,1542,-7.762,2.190,0.101
2.00,1543,-6.579,-4.561,0.095
2.00,1544,7.931,1.642,0.095
2.00,1545,-6.667,-4.435,0.098
2.00,1546,-8.083,0.181,0.093
2.00,1547,7.881,1.875,0.097
2.00,1548,7.949,1.555,0.094
2.00,1549,-1.430,-7.950,0.092
2.00,1550,-0.803,8.037,0.099
2.00,1551,-4.596,6.536,0.092
2.00,1552,-8.078,-0.272,0.093
2.00,1553,-4.660,-6.504,0.093
2.00,1554,-6.019,5.232,0.091
2.00,1555,7.951,1.549,0.094
2.00,1556,-7.646,2.532,0.107
2.00,1557,-7.540,-2.780,0.107
2.00,1558,5.136,-6.123,0.089
2.00,1559,8.467,0.477,0.060
2.00,1560,-0.794,-8.047,0.090
2.00,1561,-6.872,-4.109,0.100
2.00,1562,4.469,6.640,0.099
2.00,1563,-1.616,8.321,0.142
2.00,1564,-6.581,4.532,0.098
2.00,1565,-2.249,-7.736,0.098
2.00,1566,-7.319,-3.307,0.103
2.00,1567,7.236,-3.460,0.098
2.00,1568,2.936,7.487,0.107
2.00,1569,7.323,-3.285,0.099
2.00,1570,3.421,7.268,0.104
2.00,1571,-6.212,-5.028,0.094
2.00,1572,-7.386,3.165,0.104
2.00,1573,7.722,-2.294,0.101
2.00,1574,-7.769,2.168,0.100
2.00,1575,-5.541,-6.718,0.073
2.00,1576,-3.558,7.184,0.101
2.00,1577,7.786,2.188,0.100
2.00,1578,-4.531,6.583,0.093
2.00,1579,-3.353,-7.295,0.098
2.00,1580,1.552,7.935,0.100
2.00,1581,-2.290,-7.722,0.099
2.00,1582,-7.675,-2.430,0.107
2.00,1583,-8.054,-0.695,0.094
2.00,1584,-7.927,1.557,0.095
2.00,1585,-2.161,-7.764,0.097
2.00,1586,-7.714,-2.314,0.105
2.00,1587,7.733,-2.263,0.101
2.00,1588,1.458,-7.967,0.092
2.00,1589,1.804,7.881,0.101
2.00,1590,5.929,-5.350,0.086
2.00,1591,7.816,2.093,0.099
2.00,1592,-3.506,7.211,0.101
2.00,1593,-3.881,7.001,0.103
2.00,1594,-3.100,-7.411,0.100
2.00,1595,7.331,3.326,0.102
2.00,1596,-7.689,2.408,0.104
2.00,1597,-3.637,-7.150,0.099
2.00,1598,1.604,-7.936,0.093
2.00,1599,1.140,8.010,0.098
2.00,1600,2.081,-7.818,0.096
2.00,1601,4.417,6.674,0.100
2.00,1602,-3.825,-7.045,0.101
2.00,1603,0.256,8.084,0.097
2.00,1604,-7.213,3.512,0.102
2.00,1605,8.046,-0.835,0.091
2.00,1606,-3.694,7.111,0.102
2.00,1607,-4.508,6.600,0.093
2.00,1608,7.105,-3.706,0.099
2.00,1609,-2.552,-7.631,0.103
2.00,1610,0.645,8.070,0.097
2.00,1611,-7.571,2.712,0.106
2.00,1612,-7.049,3.808,0.106
2.00,1613,-8.032,0.913,0.093
2.00,1614,-3.521,7.204,0.101
2.00,1615,-7.326,3.289,0.103
2.00,1616,2.604,7.623,0.111
2.00,1617,8.079,0.693,0.091
2.00,1618,-6.592,4.516,0.098
2.00,1619,2.126,-7.804,0.096
2.00,1620,5.572,-5.716,0.090
2.00,1621,-0.150,8.085,0.097
2.00,1622,2.091,7.801,0.104
2.00,1623,6.629,4.503,0.097
2.00,1624,4.030,-6.933,0.098
2.00,1625,4.607,-6.550,0.091
2.00,1626,-6.773,-4.267,0.098
2.00,1627,-3.151,-7.390,0.100
2.00,1628,7.694,2.467,0.104
2.00,1629,8.081,-0.550,0.091
2.00,1630,-7.300,-3.346,0.102
2.00,1631,5.959,5.331,0.091
2.00,1632,7.240,-3.451,0.098
2.00,1633,6.438,4.758,0.096
2.00,1634,-4.535,6.580,0.093
2.00,1635,-1.613,-7.910,0.093
2.00,1636,4.692,-6.485,0.091
2.00,1637,-7.491,-2.902,0.105
2.00,1638,7.770,2.237,0.100
2.00,1639,-6.063,-5.210,0.090
2.00,1640,-2.525,-7.642,0.103
2.00,1641,2.256,-7.763,0.098
2.00,1642,7.910,1.740,0.096
2.00,1643,-7.745,-2.218,0.103
2.00,1644,3.239,-7.373,0.098
2.00,1645,2.625,7.614,0.112
2.00,1646,8.019,1.188,0.093
2.00,1647,1.903,-7.872,0.095
2.00,1648,-6.577,-4.564,0.095
2.00,1649,7.166,3.647,0.102
2.00,1650,-1.085,-8.008,0.091
2.00,1651,5.544,5.751,0.094
2.00,1652,7.263,3.460,0.101
2.00,1653,-3.867,7.010,0.103
2.00,1654,1.329,7.982,0.099
2.00,1655,8.073,-0.663,0.091
2.00,1656,-8.035,0.884,0.093
2.00,1657,-4.556,6.566,0.093
2.00,1658,8.097,-0.225,0.090
2.00,1659,6.908,-4.032,0.098
2.00,1660,-6.774,-4.266,0.098
2.00,1661,-3.537,7.195,0.101
2.00,1662,3.768,7.083,0.106
2.00,1663,-2.029,-7.806,0.096
2.00,1664,2.045,7.815,0.103
2.00,1665,-7.346,3.249,0.103
2.00,1666,4.049,-6.921,0.097
2.00,1667,-3.178,-7.378,0.100
2.00,1668,8.100,-0.171,0.090
2.00,1669,4.574,-6.574,0.091
2.00,1670,7.789,-2.093,0.099
2.00,1671,-3.530,7.199,0.101
2.00,1672,0.652,-8.077,0.090
2.00,1673,4.193,-6.830,0.094
2.00,1674,3.356,7.301,0.104
2.00,1675,6.634,-4.465,0.093
2.00,1676,-2.129,-7.775,0.097
2.00,1677,-3.850,-7.030,0.101
2.00,1678,1.327,-7.993,0.092
2.00,1679,0.437,-8.086,0.090
2.00,1680,7.909,1.745,0.096
2.00,1681,-8.007,-1.062,0.095
2.00,1682,-3.430,7.250,0.101
2.00,1683,5.239,-6.035,0.087
2.00,1684,-4.695,-6.477,0.093
2.00,1685,4.318,6.738,0.100
2.00,1686,-7.540,-2.780,0.107
2.00,1687,-3.277,7.326,0.103
2.00,1688,-0.259,8.079,0.097
2.00,1689,2.114,-7.808,0.096
2.00,1690,7.752,2.294,0.101
2.00,1691,-2.644,-7.593,0.103
2.00,1692,-7.174,3.585,0.103
2.00,1693,1.964,-7.854,0.095
2.00,1694,5.593,-5.695,0.090
2.00,1695,-5.907,5.356,0.090
2.00,1696,7.735,-2.256,0.101
2.00,1697,-5.105,-6.150,0.092
2.00,1698,-0.862,-8.038,0.090
2.00,1699,8.052,-0.825,0.091
2.00,1700,4.171,6.831,0.101
2.00,1701,-6.687,4.377,0.099
2.00,1702,-4.092,6.870,0.098
2.00,1703,5.177,6.087,0.093
2.00,1704,5.950,5.341,0.091
2.00,1705,6.571,4.585,0.096
2.00,1706,-4.470,6.627,0.094
2.00,1707,-0.767,8.042,0.098
2.00,1708,0.278,-8.091,0.090
2.00,1709,-3.529,7.199,0.101
2.00,1710,-5.271,-6.093,0.088
2.00,1711,-3.567,7.180,0.101
2.00,1712,-2.998,-7.452,0.100
2.00,1713,8.084,-0.488,0.091
2.00,1714,-3.667,-7.134,0.099
2.00,1715,4.288,-6.769,0.093
2.00,1716,-3.450,7.240,0.101
2.00,1717,8.083,-0.495,0.091
2.00,1718,2.889,7.506,0.108
2.00,1719,-4.739,6.425,0.092
2.00,1720,3.617,7.166,0.104
2.00,1721,-6.696,4.364,0.099
2.00,1722,8.028,1.116,0.092
2.00,1723,8.053,0.909,0.091
2.00,1724,-2.961,-7.467,0.100
2.00,1725,-4.745,-6.438,0.094
2.00,1726,4.494,-6.632,0.092
2.00,1727,6.785,4.286,0.099
2.00,1728,2.682,7.590,0.111
2.00,1729,-5.834,-5.462,0.090
2.00,1730,-7.648,-2.509,0.108
2.00,1731,8.007,-1.150,0.092
2.00,1732,-6.132,-5.129,0.092
2.00,1733,-7.215,-3.517,0.102
2.00,1734,7.618,2.654,0.107
2.00,1735,2.518,-7.675,0.102
2.00,1736,8.098,0.281,0.090
2.00,1737,-8.041,0.842,0.093
2.00,1738,6.065,-5.195,0.088
2.00,1739,-7.429,-3.058,0.104
2.00,1740,5.965,5.324,0.091
2.00,1741,2.161,-7.793,0.097
2.00,1742,-3.571,-7.185,0.098
2.00,1743,0.914,8.038,0.097
2.00,1744,6.042,-5.222,0.087
2.00,1745,4.768,6.417,0.097
2.00,1746,2.592,7.628,0.111
2.00,1747,-8.090,0.009,0.093
2.00,1748,-8.075,-0.334,0.093
2.00,1749,7.937,1.614,0.095
2.00,1750,1.564,-7.944,0.093
2.00,1751,-2.678,-7.051,1.152
2.00,1752,8.005,1.290,0.093
2.00,1753,-0.439,8.070,0.098
2.00,1754,-4.628,6.512,0.092
2.00,1755,3.414,7.272,0.104
2.00,1756,-5.408,-5.885,0.089
2.00,1757,-7.279,3.384,0.102
2.00,1758,1.987,7.833,0.103
2.00,1759,-6.510,4.628,0.097
2.00,1760,-2.532,7.632,0.112
2.00,1761,-1.695,7.883,0.103
2.00,1762,7.950,-1.459,0.094
2.00,1763,-5.111,6.123,0.091
2.00,1764,3.820,7.053,0.107
2.00,1765,-1.206,7.983,0.100
2.00,1766,-7.010,3.869,0.106
2.00,1767,-7.045,-3.831,0.105
2.00,1768,8.033,-0.958,0.092
2.00,1769,5.350,5.936,0.091
2.00,1770,-7.097,3.725,0.105
2.00,1771,-2.443,7.662,0.110
2.00,1772,3.966,-6.973,0.100
2.00,1773,-0.961,8.016,0.099
2.00,1774,-2.269,-7.729,0.099
2.00,1775,-8.080,0.272,0.093
2.00,1776,-2.586,7.610,0.112
2.00,1777,5.557,5.739,0.095
2.00,1778,4.243,6.786,0.100
2.00,1779,-6.224,-5.014,0.094
2.00,1780,-7.937,-1.474,0.097
2.00,1781,3.686,7.129,0.105
2.00,1782,6.300,4.927,0.097
2.00,1783,8.013,-1.106,0.092
2.00,1784,-2.251,-7.735,0.098
2.00,1785,-6.525,4.608,0.097
2.00,1786,-3.404,7.263,0.101
2.00,1787,2.016,7.825,0.103
2.00,1788,-6.530,4.601,0.097
2.00,1789,-1.694,-7.892,0.093
2.00,1790,7.881,1.873,0.097
2.00,1791,7.063,3.830,0.104
2.00,1792,7.289,-3.354,0.098
2.00,1793,-6.604,-4.527,0.096
2.00,1794,-2.063,-7.796,0.096
2.00,1795,-7.431,-3.052,0.104
2.00,1796,-7.430,3.059,0.104
2.00,1797,7.637,2.611,0.107
2.00,1798,-0.701,8.051,0.098
2.00,1799,8.035,-0.946,0.092
2.00,1800,-3.106,-7.408,0.100
2.00,1801,-0.321,8.076,0.097
2.00,1802,-7.674,-2.432,0.107
2.00,1803,-4.267,-6.771,0.096
2.00,1804,-3.799,-7.061,0.101
2.00,1805,-5.982,5.274,0.090
2.00,1806,-4.749,6.417,0.093
2.00,1807,4.531,6.596,0.098
2.00,1808,-5.528,5.742,0.091
2.00,1809,-8.077,0.333,0.093
2.00,1810,-7.867,1.832,0.097
2.00,1811,5.486,-5.804,0.088
2.00,1812,7.521,2.892,0.105
2.00,1813,0.103,-8.096,0.090
2.00,1814,6.047,-5.216,0.087
2.00,1815,3.289,-7.349,0.097
2.00,1816,7.260,-3.412,0.098
2.00,1817,8.105,0.097,0.090
2.00,1818,-8.077,0.344,0.093
2.00,1819,-5.846,5.422,0.090
2.00,1820,-4.491,6.612,0.094
2.00,1821,8.037,-0.929,0.092
2.00,1822,3.982,-6.963,0.099
2.00,1823,-3.613,-7.163,0.099
2.00,1824,1.551,-7.947,0.093
2.00,1825,-4.713,6.446,0.092
2.00,1826,-6.068,-5.205,0.091
2.00,1827,-7.588,2.669,0.107
2.00,1828,3.173,-7.404,0.099
2.00,1829,8.077,-0.626,0.091
2.00,1830,-6.101,-5.166,0.091
2.00,1831,2.146,-7.798,0.097
2.00,1832,6.067,-5.193,0.088
2.00,1833,3.034,7.447,0.107
2.00,1834,-0.868,-8.171,0.089
2.00,1835,7.989,1.366,0.093
2.00,1836,5.355,5.931,0.091
2.00,1837,7.701,2.445,0.104
2.00,1838,7.736,2.342,0.102
2.00,1839,-7.399,3.133,0.104
2.00,1840,-7.278,-3.392,0.102
2.00,1841,8.037,1.039,0.092
2.00,1842,1.926,-7.866,0.095
2.00,1843,-5.988,5.268,0.090
2.00,1844,-5.897,5.367,0.090
2.00,1845,-7.989,-1.203,0.096
2.00,1846,0.916,-8.047,0.091
2.00,1847,7.944,-1.486,0.094
2.00,1848,5.240,-6.034,0.087
2.00,1849,2.267,-7.759,0.098
2.00,1850,-2.237,-7.740,0.098
2.00,1851,2.554,7.645,0.111
2.00,1852,7.308,3.371,0.101
2.00,1853,7.688,2.484,0.104
2.00,1854,7.579,2.749,0.106
2.00,1855,-2.014,7.803,0.105
2.00,1856,0.275,-8.091,0.090
2.00,1857,-6.061,5.183,0.092
2.00,1858,6.228,-4.993,0.091
2.00,1859,-7.640,2.546,0.107
2.00,1860,7.028,-3.841,0.101
2.00,1861,5.573,-5.716,0.090
2.00,1862,5.898,-5.383,0.086
2.00,1863,-7.296,-3.354,0.102
2.00,1864,3.437,7.260,0.104
2.00,1865,-1.988,7.811,0.105
2.00,1866,6.386,4.822,0.097
2.00,1867,-3.883,7.000,0.103
2.00,1868,-2.343,-7.705,0.100
2.00,1869,-2.622,7.595,0.111
2.00,1870,-3.232,7.347,0.104
2.00,1871,5.762,5.535,0.094
2.00,1872,4.952,-6.273,0.092
2.00,1873,-4.466,6.629,0.094
2.00,1874,6.577,-4.546,0.092
2.00,1875,-2.250,-3.319,-9.890
2.00,1876,7.881,1.875,0.097
2.00,1877,-7.182,3.569,0.103
2.00,1878,7.704,2.437,0.104
2.00,1879,-5.112,-6.144,0.092
2.00,1880,2.701,7.582,0.110
2.00,1881,-4.721,-6.457,0.093
2.00,1882,-4.606,6.528,0.092
2.00,1883,-8.088,-0.035,0.093
2.00,1884,7.878,1.887,0.097
2.00,1885,-7.368,-3.203,0.104
2.00,1886,-2.517,7.637,0.111
2.00,1887,-7.099,-3.736,0.104
2.00,1888,3.850,-7.048,0.099
2.00,1889,7.753,2.289,0.101
2.00,1890,6.179,-5.055,0.091
2.00,1891,2.380,-6.460,-0.099
2.00,1892,7.465,3.030,0.104
2.00,1893,-4.545,6.573,0.093
2.00,1894,-3.064,-7.425,0.100
2.00,1895,4.724,-6.459,0.091
2.00,1896,3.885,-7.026,0.099
2.00,1897,5.430,5.862,0.092
2.00,1898,7.655,-2.488,0.104
2.00,1899,6.624,-4.480,0.093
2.00,1900,3.345,-7.321,0.097
2.00,1901,3.807,-7.076,0.099
2.00,1902,-6.257,-4.973,0.095
2.00,1903,-7.139,-3.662,0.103
2.00,1904,-7.819,2.009,0.099
2.00,1905,-4.089,-6.882,0.098
2.00,1906,6.709,-4.350,0.093
2.00,1907,1.546,7.937,0.100
2.00,1908,6.632,-4.468,0.093
2.00,1909,7.368,-3.191,0.100
2.00,1910,-7.180,3.573,0.103
2.00,1911,-1.514,-7.931,0.092
2.00,1912,-6.859,-4.130,0.100
2.00,1913,7.897,1.801,0.096
2.00,1914,3.032,7.448,0.107
2.00,1915,-0.114,8.087,0.097
2.00,1916,-7.418,-3.086,0.104
2.00,1917,7.801,-2.054,0.098
2.00,1918,-3.947,6.959,0.102
2.00,1919,7.051,-3.803,0.101
2.00,1920,4.695,-6.483,0.091
2.00,1921,8.076,-0.631,0.091
2.00,1922,-2.581,-7.618,0.104
2.00,1923,-3.254,-7.342,0.099
2.00,1924,-7.105,-3.726,0.103
2.00,1925,2.571,7.637,0.111
2.00,1926,-3.772,-7.077,0.101
2.00,1927,0.719,-8.070,0.090
2.00,1928,-0.160,-8.092,0.090
2.00,1929,-8.083,-0.165,0.093
2.00,1930,7.333,3.321,0.102
2.00,1931,8.013,1.243,0.093
2.00,1932,5.077,6.169,0.096
2.00,1933,-1.679,7.886,0.103
2.00,1934,-2.936,-7.477,0.100
2.00,1935,-4.654,6.492,0.092
2.00,1936,4.624,6.528,0.097
2.00,1937,-7.316,-3.314,0.102
2.00,1938,7.889,1.840,0.097
2.00,1939,-7.776,2.146,0.100
2.00,1940,7.967,1.472,0.094
2.00,1941,-0.877,8.028,0.099
2.00,1942,-7.378,-3.183,0.104
2.00,1943,-1.869,-7.852,0.095
2.00,1944,5.486,-5.804,0.088
2.00,1945,8.038,-0.926,0.092
2.00,1946,3.857,7.030,0.107
2.00,1947,6.425,4.774,0.096
2.00,1948,-4.479,6.620,0.094
2.00,1949,-6.616,4.482,0.098
2.00,1950,7.268,3.451,0.101
2.00,1951,-7.811,2.036,0.099
2.00,1952,6.113,5.156,0.094
2.00,1953,7.032,-3.834,0.101
2.00,1954,-0.494,8.067,0.098
2.00,1955,8.100,0.227,0.090
2.00,1956,-4.214,-6.805,0.096
2.00,1957,-3.903,6.987,0.103
2.00,1958,-7.182,-3.581,0.102
2.00,1959,7.593,-2.641,0.105
2.00,1960,-7.066,-3.796,0.105
2.00,1961,7.753,-2.202,0.100
2.00,1962,7.667,2.541,0.106
2.00,1963,7.545,2.832,0.105
2.00,1964,6.820,-4.175,0.095
2.00,1965,-1.600,-7.912,0.093
2.00,1966,-3.603,-7.168,0.098
2.00,1967,-8.088,0.072,0.093
2.00,1968,6.918,-4.017,0.098
2.00,1969,-7.616,-2.588,0.109
2.00,1970,5.337,5.948,0.091
2.00,1971,-7.595,2.652,0.107
2.00,1972,-2.138,-7.772,0.097
2.00,1973,6.054,5.225,0.092
2.00,1974,7.592,2.718,0.107
2.00,1975,2.782,7.550,0.109
2.00,1976,-1.860,7.845,0.104
2.00,1977,1.408,-7.977,0.092
2.00,1978,-7.869,-1.786,0.099
2.00,1979,-3.486,-7.228,0.098
2.00,1980,6.027,-5.240,0.087
2.00,1981,7.345,3.296,0.102
2.00,1982,-1.062,-8.011,0.091
2.00,1983,-5.130,6.108,0.090
2.00,1984,-3.513,-7.215,0.098
2.00,1985,-2.504,7.641,0.111
2.00,1986,-7.344,-3.255,0.103
2.00,1987,-7.281,3.379,0.102
2.00,1988,5.459,5.834,0.092
2.00,1989,-1.155,-7.999,0.091
2.00,1990,-7.544,-2.769,0.107
2.00,1991,-5.988,-5.297,0.089
2.00,1992,-2.019,-7.809,0.096
2.00,1993,3.543,7.205,0.104
2.00,1994,5.289,-5.990,0.087
2.00,1995,-5.649,5.620,0.093
2.00,1996,4.619,6.532,0.097
2.00,1997,-4.408,6.668,0.094
2.00,1998,-7.140,3.647,0.103
2.00,1999,5.453,5.840,0.092
2.00,2000,-3.992,6.931,0.101
2.00,2001,-6.853,-4.141,0.100
2.00,2002,-8.033,-0.858,0.095
2.00,2003,-3.045,-7.433,0.100
2.00,2004,6.572,4.584,0.096
2.00,2005,3.064,7.435,0.107
2.00,2006,4.618,6.532,0.097
2.00,2007,1.342,7.980,0.099
2.00,2008,5.420,-5.869,0.087
2.00,2009,1.487,-7.961,0.092
2.00,2010,2.644,7.605,0.112
2.00,2011,-4.629,6.511,0.092
2.00,2012,7.176,3.627,0.102
2.00,2013,2.869,-7.529,0.101
2.00,2014,-0.501,-8.074,0.090
2.00,2015,-7.363,-3.215,0.104
2.00,2016,7.674,-2.432,0.103
2.00,2017,-2.248,7.728,0.107
2.00,2018,-0.072,8.089,0.097
2.00,2019,7.769,-2.154,0.099
2.00,2020,-2.748,-7.552,0.102
2.00,2021,7.734,2.347,0.102
2.00,2022,2.021,7.823,0.103
2.00,2023,-7.947,-1.426,0.097
2.00,2024,-7.534,2.804,0.105
2.00,2025,7.792,-2.084,0.099
2.00,2026,0.716,-8.070,0.090
2.00,2027,-7.911,-1.593,0.098
2.00,2028,-2.608,-7.607,0.104
2.00,2029,1.230,7.999,0.098
2.00,2030,6.599,-4.516,0.092
2.00,2031,8.069,0.770,0.091
2.00,2032,-7.994,1.218,0.094
2.00,2033,-7.966,1.375,0.094
2.00,2034,7.977,1.425,0.094
2.00,2035,-7.370,3.199,0.104
2.00,2036,-3.774,7.067,0.103
2.00,2037,-2.268,7.721,0.108
2.00,2038,-8.062,0.668,0.093
2.00,2039,7.421,3.136,0.104
2.00,2040,-4.471,6.626,0.094
2.00,2041,1.146,-8.020,0.091
2.00,2042,3.986,6.947,0.106
2.00,2043,-3.879,-7.011,0.102
2.00,2044,3.407,-7.290,0.097
2.00,2045,7.772,-2.145,0.099
2.00,2046,5.134,6.123,0.095
2.00,2047,-4.113,-6.867,0.097
2.00,2048,-3.554,7.187,0.101
2.00,2049,4.555,-6.589,0.091
2.00,2050,-7.619,2.593,0.108
2.00,2051,-3.803,7.050,0.103
2.00,2052,3.524,-7.230,0.096
2.00,2053,7.234,3.518,0.101
2.00,2054,5.933,-5.346,0.086
2.00,2055,-6.515,4.621,0.097
2.00,2056,5.560,-5.729,0.090
2.00,2057,-2.046,-7.801,0.096
2.00,2058,-3.465,7.233,0.101
2.00,2059,8.002,-1.187,0.093
2.00,2060,8.107,0.017,0.090
2.00,2061,-7.886,1.748,0.096
2.00,2062,-6.603,-4.527,0.096
2.00,2063,-0.271,8.078,0.097
2.00,2064,8.025,-1.023,0.092
2.00,2065,-1.108,7.996,0.100
2.00,2066,3.265,-7.360,0.098
2.00,2067,-3.060,7.420,0.105
2.00,2068,-3.808,7.047,0.103
2.00,2069,-0.949,8.018,0.099
2.00,2070,-7.610,-2.601,0.110
2.00,2071,7.104,-3.708,0.099
2.00,2072,4.772,-6.421,0.091
2.00,2073,7.149,3.676,0.102
2.00,2074,-7.368,-3.204,0.104
2.00,2075,-7.140,3.647,0.103
2.00,2076,2.390,-7.718,0.100
2.00,2077,-5.181,6.064,0.089
2.00,2078,-8.088,-0.051,0.093
2.00,2079,1.131,-8.022,0.091
2.00,2080,-1.407,-7.955,0.092
2.00,2081,-2.513,7.638,0.111
2.00,2082,-0.970,8.015,0.099
2.00,2083,-2.939,7.469,0.106
2.00,2084,-0.829,8.034,0.099
2.00,2085,7.041,-3.820,0.101
2.00,2086,-3.396,-7.274,0.098
2.00,2087,2.183,7.771,0.105
2.00,2088,4.538,6.591,0.098
2.00,2089,8.061,0.838,0.091
2.00,2090,-7.185,-3.575,0.102
2.00,2091,-7.297,3.347,0.102
2.00,2092,7.416,3.148,0.104
2.00,2093,0.178,-8.094,0.090
2.00,2094,2.050,7.814,0.103
2.00,2095,-3.981,6.939,0.101
2.00,2096,-6.682,4.385,0.099
2.00,2097,4.487,6.627,0.099
2.00,2098,2.557,-7.659,0.102
2.00,2099,-3.045,-7.433,0.100
2.00,2100,4.511,-6.620,0.092
2.00,2101,-7.857,-1.837,0.100
2.00,2102,-7.458,-2.986,0.105
2.00,2103,-8.005,-1.076,0.095
2.00,2104,-3.606,7.159,0.101
2.00,2105,7.977,-1.336,0.093
2.00,2106,0.836,8.047,0.097
2.00,2107,6.585,-4.535,0.092
2.00,2108,8.038,-0.927,0.092
2.00,2109,-6.889,-4.082,0.101
2.00,2110,-7.369,-3.203,0.104
2.00,2111,-8.073,-0.372,0.093
2.00,2112,2.601,7.624,0.111
2.00,2113,-5.219,6.032,0.088
2.00,2114,-1.359,-7.965,0.091
2.00,2115,5.186,-6.080,0.088
2.00,2116,-7.213,3.512,0.102
2.00,2117,0.765,-8.064,0.090
2.00,2118,-6.512,-4.652,0.095
2.00,2119,7.859,1.953,0.098
2.00,2120,8.077,-0.619,0.091
2.00,2121,0.027,-8.099,0.090
2.00,2122,-3.426,7.252,0.101
2.00,2123,8.100,0.233,0.090
2.00,2124,-7.925,-1.530,0.097
2.00,2125,6.499,-4.652,0.091
2.00,2126,5.848,-5.437,0.087
2.00,2127,-3.524,7.202,0.101
2.00,2128,-4.306,-6.746,0.095
2.00,2129,1.767,-7.902,0.094
2.00,2130,8.093,0.426,0.090
2.00,2131,-3.048,-7.432,0.100
2.00,2132,2.507,-7.679,0.101
2.00,2133,4.532,-6.605,0.092
2.00,2134,7.995,1.336,0.093
2.00,2135,-3.694,-7.119,0.100
2.00,2136,4.568,6.569,0.097
2.00,2137,7.446,-3.003,0.101
2.00,2138,-2.442,-7.671,0.101
2.00,2139,-3.054,7.423,0.105
2.00,2140,0.877,-8.051,0.091
2.00,2141,2.169,7.776,0.105
2.00,2142,-7.239,-3.470,0.102
2.00,2143,-7.343,-3.257,0.103
2.00,2144,7.074,-3.763,0.100
2.00,2145,5.824,5.474,0.092
2.00,2146,7.120,-3.679,0.099
2.00,2147,8.024,-1.027,0.092
2.00,2148,6.650,-4.442,0.093
2.00,2149,3.379,-7.304,0.097
2.00,2150,-2.617,-7.604,0.104
2.00,2151,7.281,-3.370,0.098
2.00,2152,7.953,1.539,0.094
2.00,2153,-8.047,0.790,0.093
2.00,2154,-2.141,-7.771,0.097
2.00,2155,6.562,-4.568,0.091
2.00,2156,5.270,6.008,0.092
2.00,2157,-2.553,7.624,0.112
2.00,2158,-4.316,6.727,0.095
2.00,2159,7.275,3.439,0.101
2.00,2160,-3.867,7.011,0.103
2.00,2161,-4.517,6.594,0.093
2.00,2162,-5.806,5.463,0.091
2.00,2163,-2.044,-7.802,0.096
2.00,2164,-7.344,-3.255,0.103
2.00,2165,2.189,7.770,0.105
2.00,2166,8.612,-9.435,-5.356
2.00,2167,-6.102,5.134,0.093
2.00,2168,-7.609,2.618,0.108
2.00,2169,-7.982,1.296,0.094
2.00,2170,-1.215,7.982,0.100
2.00,2171,6.648,-4.444,0.093
2.00,2172,8.085,0.636,0.091
2.00,2173,6.978,3.961,0.105
2.00,2174,0.447,-4.179,-7.801
2.00,2175,3.870,7.022,0.107
2.00,2176,7.659,2.561,0.106
2.00,2177,-7.439,3.037,0.104
2.00,2178,7.292,-3.347,0.098
2.00,2179,4.177,-6.840,0.095
2.00,2180,2.626,7.613,0.112
2.00,2181,-2.998,7.445,0.106
2.00,2182,-3.425,-7.259,0.098
2.00,2183,-2.085,-7.789,0.096
2.00,2184,1.196,8.004,0.098
2.00,2185,2.597,7.626,0.111
2.00,2186,-4.548,6.571,0.093
2.00,2187,-7.177,-3.591,0.102
2.00,2188,-7.995,-1.150,0.096
2.00,2189,-7.172,3.588,0.103
2.00,2190,7.451,-2.991,0.101
2.00,2191,-7.700,2.376,0.103
2.00,2192,5.855,-5.430,0.087
2.00,2193,-2.196,7.745,0.107
2.00,2194,-4.677,-6.491,0.093
2.00,2195,-1.394,7.949,0.101
2.00,2196,5.422,5.869,0.092
2.00,2197,4.546,-6.595,0.091
2.00,2198,6.703,4.394,0.098
2.00,2199,-8.079,0.282,0.093
2.00,2200,-4.053,6.894,0.099
2.00,2201,-2.729,7.553,0.109
2.00,2202,3.867,-7.038,0.099
2.00,2203,6.746,4.329,0.098
2.00,2204,6.699,4.401,0.098
2.00,2205,6.162,-5.077,0.091
2.00,2206,7.774,2.226,0.100
2.00,2207,7.551,-2.746,0.104
2.00,2208,0.580,8.073,0.097
2.00,2209,-6.558,4.563,0.097
2.00,2210,1.544,-7.949,0.093
2.00,2211,-7.372,-3.196,0.104
2.00,2212,-7.463,2.978,0.104
2.00,2213,0.343,8.081,0.097
2.00,2214,7.282,-3.367,0.098
2.00,2215,-7.866,-1.799,0.099
2.00,2216,-1.468,-7.941,0.092
2.00,2217,-8.078,-0.278,0.093
2.00,2218,-7.641,2.545,0.107
2.00,2219,6.660,4.459,0.098
2.00,2220,7.505,2.931,0.104
2.00,2221,1.409,7.966,0.099
2.00,2222,7.891,1.831,0.096
2.00,2223,7.859,-1.856,0.097
2.00,2224,-3.506,-7.218,0.098
2.00,2225,7.896,-1.695,0.095
2.00,2226,-8.087,-0.065,0.093
2.00,2227,-1.716,-7.887,0.093
2.00,2228,-7.408,-3.109,0.104
2.00,2229,-8.064,-0.577,0.094
2.00,2230,-7.647,2.528,0.106
2.00,2231,3.209,7.373,0.106
2.00,2232,-7.975,1.330,0.094
2.00,2233,7.436,3.100,0.104
2.00,2234,6.897,4.091,0.101
2.00,2235,1.377,-7.983,0.092
2.00,2236,1.580,7.929,0.100
2.00,2237,-2.637,-7.596,0.103
2.00,2238,7.765,2.252,0.101
2.00,2239,-8.001,1.161,0.093
2.00,2240,-7.418,3.088,0.104
2.00,2241,-2.407,7.675,0.110
2.00,2242,-7.745,2.242,0.101
2.00,2243,-7.931,1.537,0.095
2.00,2244,8.029,-0.992,0.092
2.00,2245,8.099,0.260,0.090
2.00,2246,-1.386,7.950,0.101
2.00,2247,7.024,-3.847,0.101
2.00,2248,-7.987,1.274,0.094
2.00,2249,7.957,1.518,0.094
2.00,2250,-5.313,-5.972,0.089
2.00,2251,-0.375,-8.081,0.090
2.00,2252,5.530,5.766,0.094
2.00,2253,-6.244,2.553,0.571
2.00,2254,-7.958,1.414,0.094
2.00,2255,4.678,-6.496,0.091
2.00,2256,6.324,6.263,0.711
2.00,2257,7.707,-2.337,0.102
2.00,2258,-7.959,-1.371,0.097
2.00,2259,-2.921,-7.483,0.100
2.00,2260,-5.307,5.954,0.088
2.00,2261,-3.569,7.179,0.101
2.00,2262,-6.864,4.101,0.102
2.00,2263,3.857,7.030,0.107
2.00,2264,7.310,3.368,0.101
2.00,2265,7.618,-2.581,0.106
2.00,2266,0.065,8.090,0.097
2.00,2267,5.260,6.016,0.092
2.00,2268,5.527,5.769,0.094
2.00,2269,6.459,-4.705,0.091
2.00,2270,8.026,1.131,0.092
2.00,2271,-2.887,7.490,0.107
2.00,2272,3.319,7.320,0.105
2.00,2273,6.518,-4.628,0.091
2.00,2274,3.537,7.209,0.104
2.00,2275,-7.558,2.744,0.106
2.00,2276,2.581,-7.649,0.103
2.00,2277,0.343,8.081,0.097
2.00,2278,-7.534,-2.795,0.106
2.00,2279,-6.080,-5.191,0.091
2.00,2280,7.665,-2.458,0.104
2.00,2281,-7.646,2.533,0.107
2.00,2282,7.303,3.382,0.101
2.00,2283,5.924,5.369,0.091
2.00,2284,5.588,-5.700,0.090
2.00,2285,-6.119,5.113,0.094
2.00,2286,-6.969,3.933,0.106
2.00,2287,7.660,-2.473,0.104
2.00,2288,-7.267,3.406,0.102
2.00,2289,5.944,5.348,0.091
2.00,2290,-8.059,0.696,0.093
2.00,2291,-5.127,-6.132,0.092
2.00,2292,1.545,-7.948,0.093
2.00,2293,-7.374,-3.191,0.104
2.00,2294,8.092,-0.323,0.090
2.00,2295,5.415,5.876,0.092
2.00,2296,-2.256,5.899,-8.990
2.00,2297,1.761,7.890,0.101
2.00,2298,4.582,6.559,0.097
2.00,2299,-1.112,-8.005,0.091
2.00,2300,5.867,5.430,0.092
2.00,2301,-6.634,-4.483,0.097
2.00,2302,-8.033,-0.856,0.095
2.00,2303,-0.797,8.038,0.099
2.00,2304,6.615,4.524,0.097
2.00,2305,5.848,-5.437,0.087
2.00,2306,-6.678,4.392,0.099
2.00,2307,-7.142,-3.656,0.103
2.00,2308,-8.066,-0.527,0.094
2.00,2309,-7.344,3.252,0.103
2.00,2310,8.101,-0.155,0.090
2.00,2311,-1.895,7.837,0.105
2.00,2312,7.620,-2.577,0.106
2.00,2313,1.684,7.907,0.100
2.00,2314,-6.713,4.337,0.099
2.00,2315,-6.671,-4.429,0.097
2.00,2316,6.123,-5.125,0.089
2.00,2317,-7.736,2.270,0.102
2.00,2318,-7.327,3.287,0.103
2.00,2319,7.708,-2.334,0.102
2.00,2320,-7.239,3.461,0.102
2.00,2321,5.942,-5.336,0.086
2.00,2322,-7.656,2.505,0.106
2.00,2323,7.594,-2.639,0.105
2.00,2324,-2.609,-7.607,0.104
2.00,2325,-2.233,-7.741,0.098
2.00,2326,2.578,7.634,0.111
2.00,2327,-3.587,-7.176,0.098
2.00,2328,8.090,-0.374,0.090
2.00,2329,-6.286,4.907,0.097
2.00,2330,-7.934,1.526,0.095
2.00,2331,7.691,-2.384,0.103
2.00,2332,-3.134,-7.397,0.100
2.00,2333,3.871,7.021,0.107
2.00,2334,7.539,2.847,0.105
2.00,2335,7.221,-3.488,0.098
2.00,2336,-7.274,-3.400,0.102
2.00,2337,-0.238,-8.088,0.090
2.00,2338,-4.057,6.892,0.099
2.00,2339,5.867,5.429,0.092
2.00,2340,-7.515,2.851,0.105
2.00,2341,7.569,-2.700,0.104
2.00,2342,7.005,3.920,0.105
2.00,2343,-7.814,-1.999,0.101
2.00,2344,8.040,1.013,0.092
2.00,2345,-1.433,-7.949,0.092
2.00,2346,-7.445,3.022,0.104
2.00,2347,-7.859,1.868,0.097
2.00,2348,1.508,7.945,0.099
2.00,2349,6.133,5.132,0.094
2.00,2350,-4.456,6.636,0.094
2.00,2351,1.117,-8.023,0.091
2.00,2352,-7.300,-3.347,0.102
2.00,2353,-2.816,-7.525,0.101
2.00,2354,-8.090,-0.009,0.093
2.00,2355,-5.350,5.914,0.088
2.00,2356,8.010,1.261,0.093
2.00,2357,-1.092,-8.007,0.091
2.00,2358,3.237,7.360,0.106
2.00,2359,-7.920,1.591,0.095
2.00,2360,-7.270,-3.408,0.102
2.00,2361,-3.121,-7.402,0.100
2.00,2362,-4.414,-6.678,0.095
2.00,2363,1.979,-7.850,0.095
2.00,2364,3.170,4.379,1.775
2.00,2365,6.037,5.244,0.092
2.00,2366,2.618,-7.633,0.103
2.00,2367,-8.061,0.679,0.093
2.00,2368,-2.368,-7.696,0.100
2.00,2369,-4.711,-6.465,0.093
2.00,2370,-2.473,-7.660,0.102
2.00,2371,-1.642,-7.903,0.093
2.00,2372,-8.090,0.008,0.093
2.00,2373,4.774,-6.420,0.091
2.00,2374,7.192,-3.544,0.098
2.00,2375,-7.300,-3.347,0.102
2.00,2376,-8.035,-0.842,0.094
2.00,2377,1.002,-8.037,0.091
2.00,2378,-7.947,1.462,0.094
2.00,2379,2.542,-7.666,0.102
2.00,2380,-7.971,-1.315,0.096
2.00,2381,-6.681,-4.413,0.097
2.00,2382,4.655,6.505,0.097
2.00,2383,-7.757,2.206,0.101
2.00,2384,4.487,6.627,0.099
2.00,2385,-7.307,-3.331,0.102
2.00,2386,-2.031,-7.806,0.096
2.00,2387,3.849,7.035,0.107
2.00,2388,3.649,7.148,0.105
2.00,2389,-3.190,7.367,0.104
2.00,2390,-8.318,-3.573,2.702
2.00,2391,-6.949,3.965,0.105
2.00,2392,-3.688,7.115,0.102
2.00,2393,7.263,3.461,0.101
2.00,2394,-7.167,3.598,0.103
2.00,2395,-0.202,-2.827,-1.290
2.00,2396,4.594,-6.560,0.091
2.00,2397,1.025,-8.034,0.091
2.00,2398,3.764,7.086,0.106
2.00,2399,1.381,-7.982,0.092
2.00,2400,-6.788,4.222,0.100
2.00,2401,6.008,-5.261,0.087
2.00,2402,-7.604,-2.616,0.109
2.00,2403,6.516,4.658,0.096
2.00,2404,3.779,-7.092,0.099
2.00,2405,3.114,7.415,0.107
2.00,2406,-1.829,7.852,0.104
2.00,2407,-3.047,-7.432,0.100
2.00,2408,7.493,-2.888,0.102
2.00,2409,-5.160,-6.104,0.091
2.00,2410,5.204,6.064,0.093
2.00,2411,5.289,5.990,0.092
2.00,2412,-6.627,4.467,0.099
2.00,2413,-3.699,-7.117,0.100
2.00,2414,-7.263,-3.422,0.102
2.00,2415,-8.015,-0.996,0.095
2.00,2416,7.220,3.545,0.101
2.00,2417,-3.301,7.314,0.103
2.00,2418,-4.931,-6.288,0.094
2.00,2419,-5.363,5.902,0.088
2.00,2420,-5.634,5.634,0.092
2.00,2421,8.082,-0.529,0.091
2.00,2422,2.665,-7.612,0.104
2.00,2423,2.356,-7.730,0.099
2.00,2424,3.810,-7.073,0.099
2.00,2425,-1.714,7.878,0.103
2.00,2426,-2.578,-7.620,0.104
2.00,2427,-5.949,-5.340,0.089
2.00,2428,8.026,1.133,0.092
2.00,2429,7.948,1.564,0.094
2.00,2430,-3.162,-7.385,0.100
2.00,2431,2.573,-7.653,0.102
2.00,2432,-5.342,5.921,0.088
2.00,2433,7.905,1.764,0.096
2.00,2434,6.564,4.595,0.096
2.00,2435,-1.649,7.893,0.102
2.00,2436,3.927,6.984,0.107
2.00,2437,7.676,-2.427,0.103
2.00,2438,-7.604,-2.618,0.109
2.00,2439,6.202,5.048,0.096
2.00,2440,5.282,5.997,0.092
2.00,2441,7.362,3.261,0.102
2.00,2442,5.497,5.798,0.093
2.00,2443,3.828,7.048,0.107
2.00,2444,6.647,-4.446,0.093
2.00,2445,4.683,6.483,0.097
2.00,2446,-5.542,-5.754,0.092
2.00,2447,-5.231,-6.044,0.090
2.00,2448,-2.478,-7.658,0.102
2.00,2449,7.185,-3.558,0.098
2.00,2450,-7.358,-3.226,0.104
2.00,2451,-7.930,1.545,0.095
2.00,2452,8.102,0.170,0.090
2.00,2453,5.364,5.924,0.091
2.00,2454,-2.183,-7.757,0.098
2.00,2455,2.561,-7.658,0.102
2.00,2456,-1.311,7.966,0.101
2.00,2457,1.042,-8.032,0.091
2.00,2458,-7.037,-3.844,0.105
2.00,2459,6.952,-3.961,0.100
2.00,2460,-3.530,-7.206,0.098
2.00,2461,-0.538,-8.072,0.090
2.00,2462,4.534,6.594,0.098
2.00,2463,0.600,-8.081,0.090
2.00,2464,1.956,7.843,0.103
2.00,2465,-7.994,1.213,0.094
2.00,2466,-7.972,-1.309,0.096
2.00,2467,2.673,7.594,0.111
2.00,2468,-7.392,3.151,0.104
2.00,2469,-5.984,-5.302,0.089
2.00,2470,2.969,7.474,0.107
2.00,2471,-7.346,-3.250,0.103
2.00,2472,-7.020,-3.871,0.105
2.00,2473,-7.885,1.751,0.096
2.00,2474,-0.667,8.056,0.098
2.00,2475,-7.362,3.216,0.103
2.00,2476,7.952,-1.449,0.094
2.00,2477,7.083,3.796,0.104
2.00,2478,-2.075,7.784,0.106
2.00,2479,7.766,-2.164,0.100
2.00,2480,-7.112,-3.713,0.103
2.00,2481,-0.118,8.086,0.097
2.00,2482,-1.655,7.891,0.103
2.00,2483,3.361,7.298,0.104
2.00,2484,-8.042,0.829,0.093
2.00,2485,-7.985,1.284,0.094
2.00,2486,8.093,0.440,0.090
2.00,2487,-7.258,3.425,0.102
2.00,2488,7.749,-2.213,0.100
2.00,2489,-7.803,2.061,0.099
2.00,2490,6.115,-5.135,0.089
2.00,2491,0.396,-8.087,0.090
2.00,2492,7.912,-1.629,0.095
2.00,2493,-1.784,-7.872,0.094
2.00,2494,-4.141,-6.850,0.097
2.00,2495,-4.634,6.508,0.092
2.00,2496,8.064,0.812,0.091
2.00,2497,-5.107,6.126,0.091
2.00,2498,7.311,3.366,0.101
2.00,2499,-7.356,-3.230,0.103
2.00,2500,2.315,-7.743,0.098
2.00,2501,0.614,8.072,0.097
2.00,2502,6.676,-4.402,0.093
2.00,2503,2.033,-7.833,0.096
2.00,2504,-7.630,2.568,0.107
2.00,2505,-7.102,-3.731,0.103
2.00,2506,2.478,-7.689,0.101
2.00,2507,-7.985,-1.229,0.096
2.00,2508,-5.469,5.801,0.090
2.00,2509,7.701,-2.355,0.102
2.00,2510,3.362,7.298,0.104
2.00,2511,4.651,-6.517,0.091
2.00,2512,6.378,-4.806,0.092
2.00,2513,-0.918,-8.031,0.090
2.00,2514,0.736,8.059,0.097
2.00,2515,8.078,-0.610,0.091
2.00,2516,3.287,7.335,0.105
2.00,2517,-7.610,2.614,0.108
2.00,2518,-6.830,4.155,0.101
2.00,2519,-1.421,7.943,0.101
2.00,2520,-7.089,3.739,0.105
2.00,2521,2.404,2.790,-9.545
2.00,2522,-7.633,2.562,0.107
2.00,2523,-6.693,4.369,0.099
2.00,2524,-7.569,-2.707,0.108
2.00,2525,2.448,-7.699,0.100
2.00,2526,5.868,5.428,0.092
2.00,2527,-6.592,4.517,0.098
2.00,2528,3.816,7.056,0.107
2.00,2529,7.356,3.275,0.102
2.00,2530,-5.118,6.118,0.091
2.00,2531,-7.620,2.592,0.108
2.00,2532,1.359,-7.987,0.092
2.00,2533,4.634,6.521,0.097
2.00,2534,-0.382,8.073,0.098
2.00,2535,8.099,0.261,0.090
2.00,2536,4.520,6.604,0.098
2.00,2537,6.789,4.261,0.099
2.00,2538,-4.484,6.617,0.094
2.00,2539,7.799,-2.061,0.098
2.00,2540,8.098,0.305,0.090
2.00,2541,-8.086,-0.079,0.093
2.00,2542,-7.285,3.371,0.102
2.00,2543,2.376,7.708,0.107
2.00,2544,-3.414,7.258,0.101
2.00,2545,-7.188,3.559,0.103
2.00,2546,3.033,7.448,0.107
2.00,2547,-1.974,-7.823,0.095
2.00,2548,7.357,-3.214,0.100
2.00,2549,-7.361,3.217,0.103
2.00,2550,-7.157,3.617,0.103
2.00,2551,-7.997,-1.138,0.096
2.00,2552,-7.383,3.171,0.104
2.00,2553,6.577,4.576,0.096
2.00,2554,6.565,4.592,0.096
2.00,2555,-7.535,2.800,0.105
2.00,2556,6.643,4.484,0.097
2.00,2557,-3.560,7.183,0.101
2.00,2558,8.014,-1.099,0.092
2.00,2559,-0.806,8.037,0.099
2.00,2560,-2.636,-7.596,0.103
2.00,2561,-5.320,-5.966,0.089
2.00,2562,5.116,-6.138,0.090
2.00,2563,-2.057,-7.797,0.096
2.00,2564,-1.901,-7.845,0.095
2.00,2565,4.572,-6.576,0.091
2.00,2566,7.538,-2.778,0.103
2.00,2567,-0.672,8.055,0.098
2.00,2568,4.926,-6.294,0.092
2.00,2569,8.074,-0.656,0.091
2.00,2570,0.771,8.055,0.097
2.00,2571,5.145,6.113,0.094
2.00,2572,2.825,7.532,0.109
2.00,2573,8.024,-1.030,0.092
2.00,2574,-3.852,7.020,0.103
2.00,2575,6.755,4.315,0.098
2.00,2576,7.793,-2.079,0.099
2.00,2577,-4.557,1.787,-11.175
2.00,2578,6.647,4.478,0.098
2.00,2579,2.088,-7.816,0.096
2.00,2580,-6.805,4.195,0.100
2.00,2581,7.880,1.880,0.097
2.00,2582,3.393,-7.297,0.097
2.00,2583,-8.076,0.373,0.093
2.00,2584,-7.178,3.577,0.103
2.00,2585,-8.071,0.506,0.093
2.00,2586,3.270,-7.358,0.098
2.00,2587,-4.514,6.596,0.093
2.00,2588,9.347,9.157,2.796
2.00,2589,-7.815,2.022,0.099
2.00,2590,8.056,-0.793,0.091
2.00,2591,2.539,-7.667,0.102
2.00,2592,1.415,-7.975,0.092
2.00,2593,7.088,-3.737,0.100
2.00,2594,-8.001,1.162,0.093
2.00,2595,7.949,-1.464,0.094
2.00,2596,8.097,-0.235,0.090
2.00,2597,7.551,2.819,0.105
2.00,2598,-6.657,4.422,0.099
2.00,2599,3.278,7.340,0.105
2.00,2600,-7.907,1.651,0.096
2.00,2601,5.967,-5.308,0.086
2.00,2602,7.477,2.999,0.104
2.00,2603,-8.041,0.838,0.093
2.00,2604,0.356,8.081,0.097
2.00,2605,3.249,7.354,0.105
2.00,2606,7.864,1.936,0.097
2.00,2607,5.190,6.076,0.093
2.00,2608,-2.369,7.688,0.109
2.00,2609,0.107,-8.096,0.090
2.00,2610,4.340,-6.735,0.093
2.00,2611,-0.051,-8.098,0.090
2.00,2612,-7.795,-2.060,0.102
2.00,2613,-4.195,-6.817,0.096
2.00,2614,-7.940,-1.461,0.097
2.00,2615,1.425,7.962,0.099
2.00,2616,-7.132,-3.676,0.103
2.00,2617,-6.500,-4.669,0.094
2.00,2618,-6.157,-5.098,0.093
2.00,2619,-2.312,-7.715,0.099
2.00,2620,-7.627,2.575,0.107
2.00,2621,-7.943,-1.443,0.097
2.00,2622,4.938,6.279,0.097
2.00,2623,-8.072,0.481,0.093
2.00,2624,-7.699,-2.357,0.105
2.00,2625,3.550,-7.216,0.096
2.00,2626,-7.275,-3.396,0.102
2.00,2627,8.097,-0.238,0.090
2.00,2628,-5.336,5.927,0.088
2.00,2629,2.470,-7.691,0.101
2.00,2630,7.258,-3.416,0.098
2.00,2631,7.758,2.274,0.101
2.00,2632,-1.812,7.856,0.104
2.00,2633,-2.352,-7.701,0.100
2.00,2634,7.314,-3.303,0.099
2.00,2635,4.553,6.581,0.098
2.00,2636,7.806,2.126,0.099
2.00,2637,0.212,-8.093,0.090
2.00,2638,-7.872,1.812,0.097
2.00,2639,-4.538,6.578,0.093
2.00,2640,-7.874,1.803,0.097
2.00,2641,1.654,7.913,0.100
2.00,2642,6.722,4.366,0.098
2.00,2643,-3.870,-7.017,0.102
2.00,2644,-7.829,-1.949,0.101
2.00,2645,8.093,0.435,0.090
2.00,2646,4.087,6.884,0.103
2.00,2647,7.951,-1.455,0.094
2.00,2648,1.978,7.836,0.103
2.00,2649,-7.539,-2.783,0.107
2.00,2650,8.079,-0.573,0.091
2.00,2651,-3.332,7.299,0.102
2.00,2652,-0.151,-8.092,0.090
2.00,2653,4.315,2.991,-2.647
2.00,2654,-7.766,2.176,0.100
2.00,2655,-5.868,-5.426,0.089
2.00,2656,0.026,-8.099,0.090
2.00,2657,-7.829,1.978,0.098
2.00,2658,-4.080,-6.887,0.098
2.00,2659,-3.222,7.352,0.104
2.00,2660,7.698,2.455,0.104
2.00,2661,7.852,1.976,0.098
2.00,2662,-3.645,7.138,0.101
2.00,2663,8.099,-0.183,0.090
2.00,2664,7.706,-2.340,0.102
2.00,2665,-0.896,8.025,0.099
2.00,2666,7.775,-2.134,0.099
2.00,2667,-1.078,8.000,0.100
2.00,2668,8.047,-0.856,0.091
2.00,2669,-1.735,-7.883,0.094
2.00,2670,-2.399,-7.685,0.101
2.00,2671,6.114,5.155,0.094
2.00,2672,-6.181,5.038,0.095
2.00,2673,3.973,-6.968,0.099
2.00,2674,-7.372,3.194,0.104
2.00,2675,5.486,-5.804,0.088
2.00,2676,-7.606,-2.611,0.109
2.00,2677,2.711,7.000,4.787
2.00,2678,-7.753,-2.194,0.103
2.00,2679,2.016,7.824,0.103
2.00,2680,7.740,-2.240,0.100
2.00,2681,8.093,0.437,0.090
2.00,2682,-6.659,4.421,0.099
2.00,2683,4.363,-6.720,0.093
2.00,2684,-4.544,-6.589,0.094
2.00,2685,0.713,8.062,0.097
2.00,2686,-2.187,-7.756,0.098
2.00,2687,-3.023,-7.442,0.100
2.00,2688,-7.007,3.874,0.106
2.00,2689,1.767,7.889,0.101
2.00,2690,-3.797,7.054,0.103
2.00,2691,-7.201,3.534,0.102
2.00,2692,0.840,-8.056,0.091
2.00,2693,8.007,-1.150,0.092
2.00,2694,7.877,1.892,0.097
2.00,2695,-6.891,-4.078,0.101
2.00,2696,5.619,-5.669,0.090
2.00,2697,-5.829,5.439,0.090
2.00,2698,8.063,0.825,0.091
2.00,2699,2.579,-7.650,0.102
2.00,2700,8.033,-0.957,0.092
2.00,2701,-1.104,7.997,0.100
2.00,2702,-8.078,0.320,0.093
2.00,2703,0.263,-8.091,0.090
2.00,2704,-6.551,-4.599,0.095
2.00,2705,0.611,8.072,0.097
2.00,2706,7.808,-2.032,0.098
2.00,2707,8.012,1.249,0.093
2.00,2708,5.246,-6.029,0.087
2.00,2709,2.669,7.595,0.111
2.00,2710,-0.771,-8.050,0.090
2.00,2711,2.540,-7.667,0.102
2.00,2712,7.346,-3.238,0.100
2.00,2713,6.636,-4.462,0.093
2.00,2714,3.460,-7.263,0.096
2.00,2715,-8.067,-0.510,0.094
2.00,2716,-3.271,7.329,0.103
2.00,2717,-1.982,-7.821,0.096
2.00,2718,7.098,-3.719,0.099
2.00,2719,6.598,-4.518,0.092
2.00,2720,5.662,5.634,0.095
2.00,2721,5.177,6.087,0.093
2.00,2722,1.336,-7.991,0.092
2.00,2723,-7.949,1.457,0.094
2.00,2724,3.556,7.199,0.104
2.00,2725,4.436,-6.672,0.093
2.00,2726,-7.998,1.182,0.093
2.00,2727,3.799,7.066,0.107
2.00,2728,7.888,-1.733,0.096
2.00,2729,5.290,5.990,0.092
2.00,2730,6.141,-5.103,0.090
2.00,2731,-0.904,8.024,0.099
2.00,2732,-0.011,-8.099,0.090
2.00,2733,-8.070,0.524,0.093
2.00,2734,-6.030,5.219,0.091
2.00,2735,-0.841,8.032,0.099
2.00,2736,-8.063,0.660,0.093
2.00,2737,2.123,-7.805,0.096
2.00,2738,7.905,1.763,0.096
2.00,2739,-5.239,6.014,0.088
2.00,2740,-7.491,2.909,0.104
2.00,2741,-7.933,1.529,0.095
2.00,2742,-0.124,-8.094,0.090
2.00,2743,4.697,6.473,0.097
2.00,2744,7.611,-2.596,0.106
2.00,2745,7.736,2.341,0.102
2.00,2746,3.129,-7.423,0.099
2.00,2747,5.025,6.210,0.097
2.00,2748,-7.447,3.017,0.104
2.00,2749,-6.604,-4.526,0.096
2.00,2750,7.018,-3.856,0.101
2.00,2751,-7.948,1.461,0.094
2.00,2752,0.084,8.090,0.097
2.00,2753,-2.435,-7.673,0.101
2.00,2754,5.367,-5.919,0.086
2.00,2755,-3.198,-7.369,0.099
2.00,2756,-7.270,3.401,0.102
2.00,2757,3.900,-7.017,0.099
2.00,2758,2.004,-7.842,0.095
2.00,2759,7.354,-3.219,0.100
2.00,2760,-6.936,-4.005,0.103
2.00,2761,3.671,7.137,0.105
2.00,2762,-7.944,1.481,0.095
2.00,2763,-6.968,3.934,0.106
2.00,2764,-5.002,-6.232,0.094
2.00,2765,5.629,5.666,0.095
2.00,2766,-3.063,-7.426,0.100
2.00,2767,-7.099,3.721,0.105
2.00,2768,8.040,-0.910,0.091
2.00,2769,6.057,5.222,0.092
2.00,2770,-7.095,-3.743,0.104
2.00,2771,3.730,-7.119,0.098
2.00,2772,4.803,-6.396,0.092
2.00,2773,7.900,1.786,0.096
2.00,2774,-7.058,-3.810,0.105
2.00,2775,-6.238,-4.997,0.095
2.00,2776,7.064,3.828,0.104
2.00,2777,-0.686,-8.061,0.090
2.00,2778,-6.779,-4.258,0.098
2.00,2779,6.543,4.623,0.096
2.00,2780,7.504,2.935,0.104
2.00,2781,0.411,8.079,0.097
2.00,2782,7.553,2.813,0.105
2.00,2783,7.821,2.078,0.099
2.00,2784,-3.122,-7.402,0.100
2.00,2785,7.028,3.885,0.104
2.00,2786,-5.018,-6.219,0.094
2.00,2787,6.909,-4.031,0.098
2.00,2788,-2.538,7.630,0.112
2.00,2789,1.933,7.850,0.103
2.00,2790,-2.420,-7.678,0.101
2.00,2791,7.422,3.133,0.104
2.00,2792,1.337,7.981,0.099
2.00,2793,-2.453,7.659,0.110
2.00,2794,2.272,-7.757,0.098
2.00,2795,6.174,-1.548,-0.416
2.00,2796,8.083,0.652,0.091
2.00,2797,-7.561,2.738,0.106
2.00,2798,6.426,4.774,0.096
2.00,2799,4.711,6.462,0.097
2.00,2800,-0.064,8.089,0.097
2.00,2801,-5.905,-5.387,0.089
2.00,2802,8.098,0.296,0.090
2.00,2803,3.511,-7.236,0.096
2.00,2804,2.263,-7.760,0.098
2.00,2805,-3.058,7.421,0.105
2.00,2806,-3.671,-7.132,0.099
2.00,2807,4.043,-6.925,0.097
2.00,2808,7.663,-2.466,0.104
2.00,2809,-6.143,-5.115,0.093
2.00,2810,-7.547,-2.762,0.107
2.00,2811,8.090,0.514,0.091
2.00,2812,-6.808,-4.212,0.098
2.00,2813,3.245,-7.370,0.098
2.00,2814,4.606,6.542,0.097
2.00,2815,-7.603,-2.620,0.109
2.00,2816,8.072,-0.677,0.091
2.00,2817,-2.120,-7.778,0.097
2.00,2818,-7.233,-3.481,0.102
2.00,2819,0.765,-7.921,0.162
2.00,2820,-7.686,-2.395,0.106
2.00,2821,7.017,-3.858,0.101
2.00,2822,5.436,-5.853,0.087
2.00,2823,1.058,8.020,0.098
2.00,2824,7.947,-1.470,0.094
2.00,2825,-7.045,-3.832,0.105
2.00,2826,8.099,-0.194,0.090
2.00,2827,2.119,-7.806,0.096
2.00,2828,6.067,-5.193,0.088
2.00,2829,7.845,-1.917,0.097
2.00,2830,3.560,-7.211,0.096
2.00,2831,-5.321,5.941,0.088
2.00,2832,8.070,-0.687,0.091
2.00,2833,-0.090,8.088,0.097
2.00,2834,-5.402,5.865,0.088
2.00,2835,-4.673,-6.494,0.093
2.00,2836,8.081,0.671,0.091
2.00,2837,5.324,-5.959,0.086
2.00,2838,-7.676,-2.426,0.107
2.00,2839,-7.276,-3.395,0.102
2.00,2840,-3.912,6.981,0.103
2.00,2841,3.491,7.233,0.104
2.00,2842,-3.775,7.066,0.103
2.00,2843,7.739,2.332,0.102
2.00,2844,8.103,-0.114,0.090
2.00,2845,1.669,7.910,0.100
2.00,2846,-2.608,7.601,0.112
2.00,2847,-1.282,7.972,0.101
2.00,2848,-8.040,-0.801,0.094
2.00,2849,7.375,3.236,0.103
2.00,2850,2.569,7.639,0.111
2.00,2851,-1.446,-7.946,0.092
2.00,2852,-4.468,-6.641,0.095
2.00,2853,-7.638,2.551,0.107
2.00,2854,0.640,8.071,0.097
2.00,2855,-7.897,-1.658,0.098
2.00,2856,-7.973,1.339,0.094
2.00,2857,6.272,-4.938,0.091
2.00,2858,3.284,7.336,0.105
2.00,2859,-2.692,7.567,0.110
2.00,2860,-2.085,-7.789,0.096
2.00,2861,-0.230,-8.088,0.090
2.00,2862,-3.387,-7.278,0.098
2.00,2863,-0.647,8.058,0.098
2.00,2864,-4.614,6.522,0.092
2.00,2865,-2.298,-7.720,0.099
2.00,2866,7.611,-2.597,0.106
2.00,2867,3.918,-7.004,0.099
2.00,2868,7.774,2.225,0.100
2.00,2869,-2.288,-7.723,0.099
2.00,2870,-5.346,-5.942,0.089
2.00,2871,0.438,-8.086,0.090
2.00,2872,8.026,-1.010,0.092
2.00,2873,-2.698,-7.572,0.103
2.00,2874,-2.642,7.587,0.111
2.00,2875,7.190,-3.549,0.098
2.00,2876,3.982,-6.963,0.099
2.00,2877,-7.352,3.236,0.103
2.00,2878,-9.336,4.425,-8.696
2.00,2879,-7.746,-2.216,0.103
2.00,2880,6.179,-5.055,0.091
2.00,2881,7.806,2.123,0.099
2.00,2882,-7.044,3.816,0.106
2.00,2883,-0.999,8.011,0.099
2.00,2884,-1.387,7.950,0.101
2.00,2885,-3.735,-7.097,0.100
2.00,2886,-0.792,-8.047,0.090
2.00,2887,5.995,5.292,0.091
2.00,2888,0.828,8.048,0.097
2.00,2889,4.335,-6.738,0.093
2.00,2890,-5.139,-6.122,0.092
2.00,2891,-7.610,2.614,0.108
2.00,2892,-7.302,3.338,0.102
2.00,2893,-1.008,8.010,0.099
2.00,2894,1.184,8.005,0.098
2.00,2895,3.941,6.975,0.107
2.00,2896,7.540,2.846,0.105
2.00,2897,2.881,7.510,0.108
2.00,2898,8.080,0.680,0.091
2.00,2899,2.805,7.541,0.109
2.00,2900,-4.896,-6.316,0.095
2.00,2901,-3.427,7.252,0.101
2.00,2902,3.809,7.060,0.107
2.00,2903,7.857,-1.868,0.097
2.00,2904,-4.616,6.521,0.092
2.00,2905,-8.046,0.795,0.093
2.00,2906,2.046,-7.829,0.096
2.00,2907,5.148,6.111,0.094
2.00,2908,3.978,-6.965,0.099
2.00,2909,-3.326,-7.308,0.098
2.00,2910,-5.793,-5.504,0.091
2.00,2911,-0.657,-8.065,0.090
2.00,2912,-3.604,-7.168,0.098
2.00,2913,7.888,-1.731,0.096
2.00,2914,4.683,-6.492,0.091
2.00,2915,7.617,-2.582,0.106
2.00,2916,5.036,-6.204,0.091
2.00,2917,-7.583,-2.672,0.108
2.00,2918,-6.842,4.137,0.101
2.00,2919,2.778,-7.566,0.102
2.00,2920,-2.241,-7.738,0.098
2.00,2921,0.591,-8.081,0.090
2.00,2922,1.314,7.985,0.099
2.00,2923,-7.780,-2.108,0.102
2.00,2924,-7.510,-2.854,0.106
2.00,2925,-8.008,1.101,0.093
2.00,2926,7.376,3.233,0.103
2.00,2927,-7.378,3.181,0.104
2.00,2928,-7.952,-1.400,0.097
2.00,2929,-3.588,7.168,0.101
2.00,2930,6.409,4.794,0.097
2.00,2931,5.199,-6.070,0.088
2.00,2932,-3.070,7.416,0.105
2.00,2933,-1.152,8.013,0.100
2.00,2934,-2.068,-7.794,0.096
2.00,2935,8.037,1.045,0.092
2.00,2936,-7.901,-1.638,0.098
2.00,2937,-7.988,1.266,0.094
2.00,2938,7.687,2.488,0.105
2.00,2939,1.821,7.877,0.102
2.00,2940,-8.051,-0.715,0.094
2.00,2941,3.264,-7.361,0.098
2.00,2942,-2.198,-7.752,0.098
2.00,2943,8.049,-0.844,0.091
2.00,2944,-2.377,7.685,0.109
2.00,2945,-3.738,-7.095,0.100
2.00,2946,-3.869,7.009,0.103
2.00,2947,1.221,8.001,0.098
2.00,2948,6.219,-5.004,0.091
2.00,2949,-6.698,-4.386,0.097
2.00,2950,5.206,6.062,0.093
2.00,2951,-7.346,3.248,0.103
2.00,2952,7.891,1.827,0.096
2.00,2953,6.605,-4.507,0.092
2.00,2954,-4.243,-6.786,0.096
2.00,2955,-1.222,-7.990,0.091
2.00,2956,-8.006,1.120,0.093
2.00,2957,-6.691,4.371,0.099
2.00,2958,-6.226,4.981,0.096
2.00,2959,-2.145,7.762,0.106
2.00,2960,6.860,4.149,0.100
2.00,2961,-3.830,-7.042,0.101
2.00,2962,5.468,-5.822,0.087
2.00,2963,-6.693,-4.394,0.097
2.00,2964,-0.469,8.068,0.098
2.00,2965,-6.641,-4.473,0.097
2.00,2966,2.961,7.477,0.107
2.00,2967,4.674,6.491,0.097
2.00,2968,6.534,-4.607,0.091
2.00,2969,2.642,7.607,0.112
2.00,2970,7.978,1.419,0.093
2.00,2971,-4.149,-6.845,0.097
2.00,2972,-5.862,-5.433,0.090
2.00,2973,7.077,-3.757,0.100
2.00,2974,-3.418,7.256,0.101
2.00,2975,0.788,-8.062,0.090
2.00,2976,6.937,-3.986,0.099
2.00,2977,-5.355,5.910,0.088
2.00,2978,-3.901,6.988,0.103
2.00,2979,-0.770,-8.050,0.090
2.00,2980,9.770,7.223,2.420
2.00,2981,-7.688,2.411,0.104
2.00,2982,4.608,6.540,0.097
2.00,2983,-8.067,-0.517,0.094
2.00,2984,0.697,8.064,0.097
2.00,2985,8.007,1.278,0.093
2.00,2986,5.952,-5.325,0.086
2.00,2987,8.107,0.020,0.090
2.00,2988,2.676,7.593,0.111
2.00,2989,7.046,-3.811,0.101
2.00,2990,4.724,6.452,0.097
2.00,2991,7.312,-3.308,0.099
2.00,2992,-7.299,-3.348,0.102
2.00,2993,3.556,-7.213,0.096
2.00,2994,-0.592,-8.070,0.090
2.00,2995,4.554,6.580,0.098
2.00,2996,-7.851,-1.868,0.100
2.00,2997,2.161,7.778,0.104
2.00,2998,7.750,-2.212,0.100
2.00,2999,3.713,-7.128,0.098
4.00,0,-6.690,-4.399,0.097
4.00,1,7.539,2.849,0.105
4.00,2,6.639,-4.457,0.093
4.00,3,0.181,8.086,0.097
4.00,4,6.762,-4.266,0.094
4.00,5,8.098,-0.220,0.090
4.00,6,-3.124,7.394,0.105
4.00,7,7.088,3.787,0.104
4.00,8,-2.970,-7.463,0.100
4.00,9,-6.796,-4.232,0.098
4.00,10,-3.076,7.414,0.105
4.00,11,-7.405,3.119,0.104
4.00,12,-7.583,2.681,0.107
4.00,13,7.570,-2.698,0.104
4.00,14,0.749,-8.066,0.090
4.00,15,-6.822,4.168,0.100
4.00,16,5.264,-6.013,0.087
4.00,17,7.205,3.572,0.101
4.00,18,7.298,3.391,0.101
4.00,19,-7.779,-2.112,0.102
4.00,20,-8.063,-0.602,0.094
4.00,21,7.607,-2.606,0.106
4.00,22,6.014,5.271,0.091
4.00,23,2.602,7.624,0.111
4.00,24,-2.055,-7.798,0.096
4.00,25,6.664,-4.420,0.093
4.00,26,5.938,5.355,0.091
4.00,27,-3.678,7.120,0.102
4.00,28,6.809,4.230,0.099
4.00,29,-8.066,0.614,0.093
4.00,30,-3.614,7.154,0.101
4.00,31,-2.632,-7.598,0.104
4.00,32,7.128,3.715,0.103
4.00,33,-2.791,-7.535,0.101
4.00,34,-3.340,7.295,0.102
4.00,35,7.176,-3.574,0.098
4.00,36,-6.434,-4.753,0.095
4.00,37,3.291,-7.348,0.097
4.00,38,-4.886,-6.325,0.095
4.00,39,0.489,-8.084,0.090
4.00,40,-7.586,2.674,0.107
4.00,41,-7.460,2.986,0.104
4.00,42,-4.460,6.633,0.094
4.00,43,-1.785,7.862,0.104
4.00,44,-7.918,1.598,0.095
4.00,45,3.997,-6.953,0.099
4.00,46,7.943,1.587,0.094
4.00,47,8.073,-0.668,0.091
4.00,48,1.446,-7.969,0.092
4.00,49,3.335,7.311,0.104
4.00,50,2.643,7.606,0.112
4.00,51,-7.938,-1.469,0.097
4.00,52,-7.151,-3.639,0.102
4.00,53,-7.622,2.586,0.107
4.00,54,-7.272,3.398,0.102
4.00,55,-7.801,2.068,0.099
4.00,56,8.084,-0.477,0.090
4.00,57,-7.770,2.165,0.100
4.00,58,1.032,-8.033,0.091
4.00,59,7.738,-2.248,0.101
4.00,60,-2.582,-7.618,0.104
4.00,61,-1.038,-8.014,0.091
4.00,62,-7.968,1.366,0.094
4.00,63,8.086,-0.448,0.090
4.00,64,-5.996,5.258,0.091
4.00,65,2.293,-7.750,0.098
4.00,66,-0.915,8.022,0.099
4.00,67,8.059,0.860,0.091
4.00,68,2.020,7.823,0.103
4.00,69,-2.696,-7.573,0.103
4.00,70,0.472,-8.085,0.090
4.00,71,-3.679,7.119,0.102
4.00,72,-7.291,-3.364,0.102
4.00,73,-2.948,-7.472,0.100
4.00,74,6.272,4.961,0.097
4.00,75,-2.735,-7.557,0.102
4.00,76,-3.464,7.233,0.101
4.00,77,7.944,-1.487,0.094
4.00,78,-2.624,-7.601,0.104
4.00,79,4.620,-6.540,0.091
4.00,80,-7.623,-2.571,0.109
4.00,81,-8.029,0.938,0.093
4.00,82,-1.913,-7.842,0.095
4.00,83,-7.710,2.348,0.103
4.00,84,-7.803,2.061,0.099
4.00,85,-6.916,-4.037,0.102
4.00,86,7.859,-1.856,0.097
4.00,87,-7.089,-3.755,0.104
4.00,88,4.496,6.621,0.099
4.00,89,0.934,8.035,0.097
4.00,90,0.788,8.053,0.097
4.00,91,-6.923,4.008,0.104
4.00,92,3.273,7.342,0.105
4.00,93,6.622,-4.482,0.093
4.00,94,5.957,-5.320,0.086
4.00,95,7.946,-1.477,0.094
4.00,96,7.731,-2.267,0.101
4.00,97,-5.112,-6.144,0.092
4.00,98,-7.276,3.388,0.102
4.00,99,-2.022,7.800,0.105
4.00,100,5.490,5.805,0.093
4.00,101,7.243,-3.447,0.098
4.00,102,-7.399,3.133,0.104
4.00,103,8.001,1.307,0.093
4.00,104,-7.796,2.083,0.099
4.00,105,1.942,-7.861,0.095
4.00,106,-3.696,7.110,0.102
4.00,107,-7.209,3.518,0.102
4.00,108,6.304,-4.898,0.092
4.00,109,0.363,-8.088,0.090
4.00,110,-3.619,7.152,0.101
4.00,111,-7.231,-3.486,0.102
4.00,112,8.026,-1.014,0.092
4.00,113,-7.612,2.610,0.108
4.00,114,-4.240,-6.788,0.096
4.00,115,-2.939,7.469,0.106
4.00,116,-4.405,6.670,0.094
4.00,117,-7.560,-2.728,0.107
4.00,118,7.610,-2.598,0.106
4.00,119,-7.920,1.593,0.095
4.00,120,8.040,1.016,0.092
4.00,121,-8.045,-0.762,0.094
4.00,122,-7.926,1.562,0.095
4.00,123,-7.556,-2.738,0.107
4.00,124,8.008,-1.145,0.092
4.00,125,-7.655,2.507,0.106
4.00,126,-4.482,6.618,0.094
4.00,127,-3.591,-7.174,0.098
4.00,128,-1.481,-7.939,0.092
4.00,129,-7.608,-2.607,0.109
4.00,130,0.234,8.085,0.097
4.00,131,-0.689,-8.061,0.090
4.00,132,-5.375,5.891,0.088
4.00,133,-2.729,-7.559,0.102
4.00,134,-7.432,3.055,0.104
4.00,135,0.534,8.075,0.097
4.00,136,3.809,-7.074,0.099
4.00,137,7.048,3.854,0.104
4.00,138,3.201,-7.391,0.099
4.00,139,-7.781,2.131,0.100
4.00,140,2.038,7.818,0.103
4.00,141,-7.480,2.937,0.104
4.00,142,-2.262,7.724,0.108
4.00,143,-7.724,2.305,0.102
4.00,144,5.835,-5.451,0.087
4.00,145,1.676,7.909,0.100
4.00,146,-1.694,7.883,0.103
4.00,147,-7.606,-2.613,0.109
4.00,148,-7.223,-3.501,0.102
4.00,149,7.189,-3.550,0.098
4.00,150,6.096,-5.157,0.088
4.00,151,7.000,3.928,0.105
4.00,152,7.660,-2.474,0.104
4.00,153,-6.586,4.524,0.098
4.00,154,-7.467,-2.964,0.105
4.00,155,6.929,4.041,0.103
4.00,156,-1.261,7.975,0.101
4.00,157,7.510,2.919,0.104
4.00,158,-7.329,-3.286,0.103
4.00,159,-2.197,-7.753,0.098
4.00,160,6.193,-5.038,0.091
4.00,161,-7.365,-3.210,0.104
4.00,162,-7.656,2.502,0.106
4.00,163,7.515,2.907,0.104
4.00,164,-2.394,-7.687,0.101
4.00,165,1.760,7.890,0.101
4.00,166,7.474,3.007,0.104
4.00,167,-3.656,7.132,0.101
4.00,168,3.364,7.297,0.104
4.00,169,-6.090,5.149,0.093
4.00,170,-7.230,-3.487,0.102
4.00,171,3.300,7.329,0.105
4.00,172,-7.945,1.476,0.094
4.00,173,-8.076,-0.316,0.093
4.00,174,-3.865,7.012,0.103
4.00,175,-3.688,7.115,0.102
4.00,176,8.034,1.070,0.092
4.00,177,8.095,0.371,0.090
4.00,178,2.451,-7.698,0.100
4.00,179,1.368,7.974,0.099
4.00,180,-7.706,-2.336,0.105
4.00,181,-6.713,4.337,0.099
4.00,182,-7.968,1.366,0.094
4.00,183,-0.247,-8.087,0.090
4.00,184,-7.352,-3.238,0.103
4.00,185,5.550,-5.739,0.090
4.00,186,-2.622,-7.602,0.104
4.00,187,2.062,7.810,0.103
4.00,188,7.580,-2.673,0.105
4.00,189,7.575,-2.686,0.105
4.00,190,6.733,-4.313,0.093
4.00,191,-3.662,-7.136,0.099
4.00,192,-4.508,6.600,0.093
4.00,193,7.804,-2.046,0.098
4.00,194,1.824,-7.889,0.094
4.00,195,0.390,8.080,0.097
4.00,196,-7.903,1.671,0.096
4.00,197,-4.476,6.623,0.094
4.00,198,6.145,-5.098,0.090
4.00,199,-6.836,-4.167,0.099
4.00,200,-8.083,0.186,0.093
4.00,201,-7.805,2.054,0.099
4.00,202,8.035,1.054,0.092
4.00,203,6.786,-4.229,0.094
4.00,204,-6.670,-4.429,0.097
4.00,205,3.823,7.051,0.107
4.00,206,6.078,5.197,0.093
4.00,207,-7.752,-2.196,0.103
4.00,208,-7.409,3.109,0.104
4.00,209,5.281,5.998,0.092
4.00,210,-7.871,1.817,0.097
4.00,211,-0.561,-8.071,0.090
4.00,212,-7.958,1.410,0.094
4.00,213,7.319,-3.292,0.099
4.00,214,-2.500,-7.651,0.103
4.00,215,7.767,-2.161,0.099
4.00,216,-2.471,7.653,0.111
4.00,217,-3.085,-7.417,0.100
4.00,218,-2.346,-7.703,0.100
4.00,219,-7.257,3.426,0.102
4.00,220,6.164,-5.075,0.091
4.00,221,1.270,-8.005,0.092
4.00,222,-7.581,-2.676,0.108
4.00,223,8.060,-0.759,0.091
4.00,224,-5.215,-6.058,0.090
4.00,225,-3.048,-7.432,0.100
4.00,226,-4.469,6.627,0.094
4.00,227,-7.373,-3.193,0.104
4.00,228,-6.926,-4.021,0.102
4.00,229,-8.035,0.885,0.093
4.00,230,-3.891,6.995,0.103
4.00,231,7.978,-1.331,0.093
4.00,232,1.829,7.875,0.102
4.00,233,-7.494,2.902,0.104
4.00,234,-1.848,7.848,0.104
4.00,235,7.529,2.872,0.105
4.00,236,-4.490,6.613,0.094
4.00,237,7.593,-2.641,0.105
4.00,238,-7.944,1.481,0.095
4.00,239,-6.804,4.195,0.100
4.00,240,-1.289,-7.980,0.091
4.00,241,-7.292,3.358,0.102
4.00,242,7.995,-1.241,0.093
4.00,243,-7.641,2.543,0.107
4.00,244,1.933,-7.863,0.095
4.00,245,0.758,8.057,0.097
4.00,246,-7.536,-2.791,0.106
4.00,247,-7.695,2.391,0.104
4.00,248,-3.555,7.186,0.101
4.00,249,-2.221,7.737,0.107
4.00,250,-7.133,-3.673,0.103
4.00,251,-4.223,-6.799,0.096
4.00,252,-3.866,7.011,0.103
4.00,253,0.456,8.077,0.097
4.00,254,1.441,7.959,0.099
4.00,255,-1.856,-7.855,0.095
4.00,256,-7.968,1.364,0.094
4.00,257,-2.352,7.694,0.109
4.00,258,-7.610,-2.603,0.110
4.00,259,7.804,-2.047,0.098
4.00,260,-1.703,-7.890,0.093
4.00,261,-2.937,-7.477,0.100
4.00,262,7.905,-1.658,0.095
4.00,263,-7.962,-1.355,0.096
4.00,264,7.769,2.240,0.100
4.00,265,7.830,-1.965,0.098
4.00,266,6.157,-5.083,0.090
4.00,267,7.813,-2.019,0.098
4.00,268,-7.860,1.867,0.097
4.00,269,1.363,7.975,0.099
4.00,270,0.377,-8.088,0.090
4.00,271,2.739,7.567,0.110
4.00,272,2.485,-7.686,0.101
4.00,273,6.464,-4.699,0.091
4.00,274,6.442,-4.727,0.091
4.00,275,2.110,-7.809,0.096
4.00,276,-3.871,7.008,0.103
4.00,277,7.089,-3.736,0.100
4.00,278,3.231,-7.377,0.098
4.00,279,-2.759,7.541,0.109
4.00,280,-6.125,5.107,0.094
4.00,281,6.152,5.109,0.095
4.00,282,-2.158,-7.765,0.097
4.00,283,-7.349,3.242,0.103
4.00,284,2.858,7.519,0.108
4.00,285,-1.227,-7.989,0.091
4.00,286,7.320,-3.291,0.099
4.00,287,-3.669,7.125,0.101
4.00,288,7.953,-1.443,0.094
4.00,289,7.442,3.084,0.104
4.00,290,7.841,2.011,0.098
4.00,291,-5.278,5.980,0.088
4.00,292,-6.697,-4.387,0.097
4.00,293,6.185,5.069,0.096
4.00,294,-7.370,3.199,0.104
4.00,295,7.356,3.275,0.102
4.00,296,-7.034,3.832,0.106
4.00,297,2.607,7.622,0.111
4.00,298,4.671,-6.502,0.091
4.00,299,7.756,-2.192,0.100
4.00,300,-7.362,-3.216,0.104
4.00,301,-8.007,-1.060,0.095
4.00,302,-0.123,8.086,0.097
4.00,303,-5.193,6.054,0.089
4.00,304,-8.046,-0.760,0.094
4.00,305,-5.192,6.056,0.089
4.00,306,7.291,-3.349,0.098
4.00,307,5.510,-5.780,0.088
4.00,308,8.080,0.683,0.091
4.00,309,-4.649,-6.512,0.093
4.00,310,-7.597,-2.636,0.109
4.00,311,5.424,-5.865,0.087
4.00,312,-2.489,-7.655,0.102
4.00,313,1.881,-7.877,0.095
4.00,314,7.608,-2.605,0.106
4.00,315,8.089,0.549,0.091
4.00,316,3.319,-7.334,0.097
4.00,317,8.014,1.233,0.093
4.00,318,2.431,-7.705,0.100
4.00,319,7.688,-2.392,0.103
4.00,320,-6.096,5.141,0.093
4.00,321,-6.750,-4.305,0.098
4.00,322,-6.037,-5.240,0.090
4.00,323,-6.149,-5.108,0.093
4.00,324,2.548,-7.663,0.102
4.00,325,3.452,7.252,0.104
4.00,326,-7.900,-1.643,0.098
4.00,327,7.657,2.565,0.106
4.00,328,-6.529,-4.629,0.095
4.00,329,-2.973,-7.462,0.100
4.00,330,7.306,-3.319,0.099
4.00,331,-1.493,-7.936,0.092
4.00,332,7.563,-2.716,0.104
4.00,333,-1.635,-7.905,0.093
4.00,334,2.555,-7.660,0.102
4.00,335,8.023,-1.034,0.092
4.00,336,5.573,-5.716,0.090
4.00,337,-3.891,6.995,0.103
4.00,338,7.215,-3.501,0.098
4.00,339,3.807,7.061,0.107
4.00,340,-6.751,-4.303,0.098
4.00,341,3.808,7.061,0.107
4.00,342,3.307,7.325,0.105
4.00,343,6.179,-5.055,0.091
4.00,344,-7.444,3.023,0.104
4.00,345,-3.138,-7.395,0.100
4.00,346,7.534,2.859,0.105
4.00,347,-3.868,7.010,0.103
4.00,348,3.206,-7.389,0.099
4.00,349,-1.971,-7.824,0.095
4.00,350,-7.815,-1.995,0.101
4.00,351,8.020,1.183,0.092
4.00,352,-7.079,3.758,0.105
4.00,353,7.777,-2.129,0.099
4.00,354,7.788,-2.095,0.099
4.00,355,-7.979,1.313,0.094
4.00,356,-2.452,-7.668,0.102
4.00,357,-3.889,6.996,0.103
4.00,358,6.239,5.003,0.096
4.00,359,-3.841,7.027,0.103
4.00,360,-3.904,6.986,0.103
4.00,361,7.535,-2.786,0.103
4.00,362,2.033,-7.833,0.096
4.00,363,7.858,-1.862,0.097
4.00,364,-1.460,-7.943,0.092
4.00,365,-0.201,-8.090,0.090
4.00,366,-0.248,8.080,0.097
4.00,367,-7.712,2.340,0.103
4.00,368,-4.836,-6.364,0.095
4.00,369,-7.565,2.727,0.106
4.00,370,-7.740,-2.233,0.104
4.00,371,-1.258,7.976,0.101
4.00,372,7.531,-2.796,0.103
4.00,373,-7.918,-1.562,0.098
4.00,374,-2.351,-7.702,0.100
4.00,375,-7.369,-3.201,0.104
4.00,376,7.940,1.601,0.095
4.00,377,3.255,7.351,0.105
4.00,378,-2.086,7.780,0.106
4.00,379,7.916,-1.611,0.095
4.00,380,-7.567,2.723,0.106
4.00,381,-3.498,7.215,0.101
4.00,382,5.558,-5.731,0.090
4.00,383,4.041,-6.926,0.097
4.00,384,1.166,8.007,0.098
4.00,385,7.840,2.017,0.098
4.00,386,-7.733,-2.253,0.104
4.00,387,0.642,8.071,0.097
4.00,388,-3.645,7.138,0.101
4.00,389,-3.354,-7.294,0.098
4.00,390,5.447,-5.842,0.087
4.00,391,-5.094,6.137,0.091
4.00,392,-8.078,0.321,0.093
4.00,393,-8.019,-0.969,0.095
4.00,394,-2.329,-7.709,0.100
4.00,395,-2.057,-7.798,0.096
4.00,396,-6.507,4.631,0.097
4.00,397,3.815,7.056,0.107
4.00,398,-7.938,-1.469,0.097
4.00,399,7.093,3.779,0.104
4.00,400,-3.646,7.137,0.101
4.00,401,-3.760,-7.083,0.101
4.00,402,-4.622,-6.532,0.093
4.00,403,7.415,3.151,0.104
4.00,404,-6.170,5.051,0.095
4.00,405,-3.459,-7.242,0.098
4.00,406,7.713,-2.320,0.102
4.00,407,4.557,6.578,0.098
4.00,408,-8.051,-0.718,0.094
4.00,409,-3.438,-7.253,0.098
4.00,410,-3.090,7.408,0.105
4.00,411,-4.464,6.630,0.094
4.00,412,-5.971,-5.316,0.089
4.00,413,-1.342,-7.969,0.091
4.00,414,-7.159,-3.623,0.102
4.00,415,0.187,-8.094,0.090
4.00,416,-0.113,8.087,0.097
4.00,417,-7.673,2.454,0.105
4.00,418,6.082,5.192,0.093
4.00,419,-1.662,-7.899,0.093
4.00,420,-6.045,-5.232,0.090
4.00,421,-2.251,7.727,0.107
4.00,422,-3.797,7.054,0.103
4.00,423,6.154,5.106,0.095
4.00,424,7.538,-2.779,0.103
4.00,425,-7.869,1.826,0.097
4.00,426,7.905,1.764,0.096
4.00,427,-3.861,7.014,0.103
4.00,428,7.908,-1.644,0.095
4.00,429,-6.016,5.235,0.091
4.00,430,7.718,-2.307,0.101
4.00,431,1.514,7.943,0.099
4.00,432,-6.139,5.090,0.095
4.00,433,4.527,6.599,0.098
4.00,434,-7.828,1.980,0.098
4.00,435,7.399,3.185,0.103
4.00,436,-6.555,-4.595,0.095
4.00,437,-6.880,-4.097,0.100
4.00,438,-5.075,6.152,0.092
4.00,439,-5.068,6.158,0.092
4.00,440,7.924,1.677,0.095
4.00,441,-7.019,3.855,0.106
4.00,442,-6.626,-4.495,0.096
4.00,443,8.099,-0.183,0.090
4.00,444,7.981,-1.319,0.093
4.00,445,-3.561,7.183,0.101
4.00,446,-1.633,-7.905,0.093
4.00,447,-2.054,-7.799,0.096
4.00,448,-7.690,2.406,0.104
4.00,449,-6.638,-4.477,0.097
4.00,450,-1.865,-7.853,0.095
4.00,451,-0.809,-8.045,0.090
4.00,452,-2.860,-7.507,0.101
4.00,453,3.332,7.313,0.104
4.00,454,1.409,-7.977,0.092
4.00,455,3.684,7.130,0.105
4.00,456,-4.464,6.630,0.094
4.00,457,8.035,1.055,0.092
4.00,458,1.345,-7.990,0.092
4.00,459,-5.070,6.156,0.092
4.00,460,8.104,0.120,0.090
4.00,461,2.495,-7.683,0.101
4.00,462,-2.159,-7.765,0.097
4.00,463,7.253,-3.427,0.098
4.00,464,-1.968,-7.825,0.095
4.00,465,-6.388,-4.810,0.096
4.00,466,-8.060,-0.650,0.094
4.00,467,-2.748,7.545,0.109
4.00,468,-7.789,2.105,0.099
4.00,469,4.561,6.574,0.097
4.00,470,3.841,7.040,0.107
4.00,471,-8.047,-0.750,0.094
4.00,472,1.952,-7.857,0.095
4.00,473,-5.890,-5.404,0.089
4.00,474,-8.036,0.882,0.093
4.00,475,-2.300,-7.719,0.099
4.00,476,-1.925,-7.838,0.095
4.00,477,6.829,4.198,0.099
4.00,478,-7.581,2.687,0.107
4.00,479,5.314,5.969,0.091
4.00,480,-4.539,6.578,0.093
4.00,481,-7.473,2.953,0.104
4.00,482,1.279,-8.003,0.092
4.00,483,4.605,6.542,0.097
4.00,484,-2.855,-7.509,0.101
4.00,485,-3.188,7.368,0.104
4.00,486,6.028,5.255,0.092
4.00,487,6.795,4.251,0.099
4.00,488,-3.231,-7.353,0.099
4.00,489,-7.573,-2.696,0.108
4.00,490,7.765,-2.166,0.100
4.00,491,5.438,-5.851,0.087
4.00,492,-5.121,6.115,0.090
4.00,493,3.743,7.097,0.106
4.00,494,8.051,-0.826,0.091
4.00,495,-6.362,4.813,0.098
4.00,496,-7.357,-3.227,0.104
4.00,497,-2.317,7.705,0.108
4.00,498,3.855,7.031,0.107
4.00,499,-4.196,6.804,0.096
4.00,500,7.249,-3.435,0.098
4.00,501,5.494,5.801,0.093
4.00,502,3.341,-7.323,0.097
4.00,503,-7.368,-3.204,0.104
4.00,504,-5.245,6.009,0.088
4.00,505,7.156,3.665,0.102
4.00,506,2.014,7.825,0.103
4.00,507,8.092,0.479,0.091
4.00,508,-5.107,6.127,0.091
4.00,509,-7.829,1.978,0.098
4.00,510,-2.506,-7.649,0.103
4.00,511,6.805,4.236,0.099
4.00,512,-3.101,7.403,0.105
4.00,513,-7.535,-2.792,0.106
4.00,514,5.379,5.910,0.091
4.00,515,-7.900,1.682,0.096
4.00,516,0.409,-8.087,0.090
4.00,517,-0.321,-8.084,0.090
4.00,518,-6.295,-4.925,0.095
4.00,519,1.941,-7.861,0.095
4.00,520,-7.399,3.134,0.104
4.00,521,7.960,1.503,0.094
4.00,522,-3.647,7.137,0.101
4.00,523,7.711,2.415,0.103
4.00,524,7.774,-2.140,0.099
4.00,525,-8.075,-0.326,0.093
4.00,526,-7.269,-3.409,0.102
4.00,527,5.373,5.915,0.091
4.00,528,8.102,0.168,0.090
4.00,529,5.574,-5.714,0.090
4.00,530,-2.675,-7.581,0.103
4.00,531,-7.583,-2.671,0.108
4.00,532,-8.036,-0.834,0.094
4.00,533,3.328,-7.329,0.097
4.00,534,2.415,-7.710,0.100
4.00,535,1.491,7.948,0.099
4.00,536,-2.846,7.506,0.107
4.00,537,0.812,-8.059,0.090
4.00,538,-7.803,2.061,0.099
4.00,539,2.702,7.582,0.110
4.00,540,4.540,6.590,0.098
4.00,541,3.337,-7.325,0.097
4.00,542,-1.880,7.841,0.104
4.00,543,-7.913,-1.586,0.098
4.00,544,-7.338,-3.268,0.103
4.00,545,-7.809,2.042,0.099
4.00,546,6.030,5.253,0.092
4.00,547,3.445,-7.270,0.096
4.00,548,-3.307,-7.317,0.098
4.00,549,-7.482,2.931,0.104
4.00,550,3.288,-7.349,0.097
4.00,551,-2.574,7.615,0.112
4.00,552,-0.894,8.025,0.099
4.00,553,-2.645,-7.593,0.103
4.00,554,6.122,5.146,0.094
4.00,555,-7.794,2.091,0.099
4.00,556,-1.494,-7.936,0.092
4.00,557,4.617,-6.542,0.091
4.00,558,2.574,7.636,0.111
4.00,559,2.034,7.819,0.103
4.00,560,0.854,8.045,0.097
4.00,561,-7.319,-3.307,0.103
4.00,562,7.008,-3.872,0.101
4.00,563,-7.015,-3.879,0.105
4.00,564,0.567,-8.082,0.090
4.00,565,5.307,5.975,0.091
4.00,566,-6.548,-4.604,0.095
4.00,567,-2.415,-7.680,0.101
4.00,568,4.645,-6.522,0.091
4.00,569,-1.716,7.878,0.103
4.00,570,-7.771,-2.137,0.102
4.00,571,6.125,-5.123,0.089
4.00,572,7.072,3.815,0.104
4.00,573,6.109,5.161,0.093
4.00,574,1.990,-7.846,0.095
4.00,575,-2.907,-7.489,0.100
4.00,576,-7.239,3.461,0.102
4.00,577,-6.784,-4.250,0.098
4.00,578,-3.315,7.307,0.102
4.00,579,8.001,-1.197,0.093
4.00,580,7.744,-2.229,0.100
4.00,581,8.015,1.227,0.093
4.00,582,-3.643,-7.147,0.099
4.00,583,6.084,5.190,0.093
4.00,584,6.595,-4.521,0.092
4.00,585,3.230,-7.377,0.098
4.00,586,-2.559,-7.628,0.104
4.00,587,2.666,-7.611,0.104
4.00,588,-1.386,-7.959,0.092
4.00,589,-7.709,2.349,0.103
4.00,590,5.714,5.583,0.095
4.00,591,6.131,-5.115,0.090
4.00,592,-6.154,5.071,0.095
4.00,593,-4.490,6.613,0.094
4.00,594,-0.953,8.017,0.099
4.00,595,-3.627,7.148,0.101
4.00,596,7.979,1.412,0.093
4.00,597,3.408,7.275,0.104
4.00,598,-2.551,-7.631,0.103
4.00,599,1.301,-7.999,0.092
4.00,600,2.775,-7.567,0.102
4.00,601,3.518,-7.233,0.096
4.00,602,-8.087,-0.072,0.093
4.00,603,7.936,1.617,0.095
4.00,604,-7.267,-3.412,0.102
4.00,605,8.021,1.174,0.092
4.00,606,-7.807,2.050,0.099
4.00,607,-5.202,6.047,0.089
4.00,608,1.384,7.971,0.099
4.00,609,-7.572,-2.699,0.108
4.00,610,8.088,0.594,0.091
4.00,611,5.273,6.005,0.092
4.00,612,-6.185,5.033,0.095
4.00,613,-3.315,7.307,0.102
4.00,614,8.082,-0.519,0.091
4.00,615,-3.624,7.149,0.101
4.00,616,5.380,5.909,0.091
4.00,617,7.376,3.233,0.103
4.00,618,-7.994,1.218,0.094
4.00,619,7.741,-2.238,0.100
4.00,620,4.695,-6.483,0.091
4.00,621,-7.490,-2.906,0.105
4.00,622,-7.925,-1.527,0.097
4.00,623,-3.855,-7.026,0.102
4.00,624,1.191,8.004,0.098
4.00,625,7.347,-3.235,0.100
4.00,626,8.082,-0.521,0.091
4.00,627,7.338,-3.254,0.099
4.00,628,2.033,-7.833,0.096
4.00,629,7.943,1.585,0.094
4.00,630,7.172,-3.583,0.098
4.00,631,4.617,6.534,0.097
4.00,632,-4.474,6.623,0.094
4.00,633,-7.613,-2.595,0.109
4.00,634,-6.639,-4.476,0.097
4.00,635,-6.755,-4.296,0.098
4.00,636,-2.559,-7.628,0.104
4.00,637,3.206,7.375,0.106
4.00,638,0.732,-8.068,0.090
4.00,639,-7.547,2.772,0.106
4.00,640,3.236,-7.374,0.098
4.00,641,2.332,-7.737,0.099
4.00,642,4.521,6.603,0.098
4.00,643,-3.542,-7.200,0.098
4.00,644,-5.253,6.002,0.088
4.00,645,1.945,-7.860,0.095
4.00,646,6.731,-4.315,0.093
4.00,647,7.876,1.895,0.097
4.00,648,-6.825,-4.185,0.099
4.00,649,5.945,-5.332,0.086
4.00,650,3.307,7.325,0.105
4.00,651,7.662,2.553,0.106
4.00,652,-3.802,7.051,0.103
4.00,653,5.449,5.844,0.092
4.00,654,-7.554,-2.743,0.107
4.00,655,7.335,-3.259,0.099
4.00,656,1.930,-7.864,0.095
4.00,657,-8.027,-0.904,0.095
4.00,658,0.406,-8.087,0.090
4.00,659,4.689,-6.488,0.091
4.00,660,7.181,-3.566,0.098
4.00,661,-7.802,2.065,0.099
4.00,662,8.021,1.178,0.092
4.00,663,7.576,-2.684,0.105
4.00,664,8.081,0.673,0.091
4.00,665,2.369,-7.725,0.099
4.00,666,-3.712,-7.110,0.100
4.00,667,4.522,6.602,0.098
4.00,668,8.020,1.183,0.092
4.00,669,-7.924,1.572,0.095
4.00,670,-3.021,-7.443,0.100
4.00,671,7.319,-3.293,0.099
4.00,672,1.927,-7.865,0.095
4.00,673,-7.222,-3.502,0.102
4.00,674,4.599,6.547,0.097
4.00,675,3.194,-7.394,0.099
4.00,676,8.068,-0.705,0.091
4.00,677,6.674,-4.404,0.093
4.00,678,8.089,0.548,0.091
4.00,679,4.495,6.621,0.099
4.00,680,-7.590,-2.652,0.109
4.00,681,7.192,3.598,0.101
4.00,682,-3.509,7.210,0.101
4.00,683,-2.204,-7.750,0.098
4.00,684,6.640,-4.456,0.093
4.00,685,-7.942,-1.449,0.097
4.00,686,7.882,1.869,0.097
4.00,687,4.540,6.590,0.098
4.00,688,-7.760,2.196,0.101
4.00,689,7.745,-2.227,0.100
4.00,690,1.684,-7.919,0.093
4.00,691,1.552,-7.947,0.093
4.00,692,-7.619,-2.582,0.109
4.00,693,5.248,6.026,0.092
4.00,694,6.029,5.253,0.092
4.00,695,7.011,-3.867,0.101
4.00,696,-8.075,-0.333,0.093
4.00,697,3.829,-7.062,0.099
4.00,698,-7.195,3.546,0.102
4.00,699,-6.572,-4.572,0.095
4.00,700,-7.132,-3.674,0.103
4.00,701,4.653,-6.515,0.091
4.00,702,-5.151,6.090,0.090
4.00,703,7.035,-3.829,0.101
4.00,704,-2.732,-7.558,0.102
4.00,705,4.518,6.605,0.098
4.00,706,-8.045,-0.764,0.094
4.00,707,7.886,1.850,0.097
4.00,708,7.758,-2.187,0.100
4.00,709,-7.451,3.007,0.104
4.00,710,-6.116,5.117,0.094
4.00,711,1.573,7.931,0.100
4.00,712,-1.006,-8.019,0.090
4.00,713,-1.101,-8.006,0.091
4.00,714,7.078,-3.755,0.100
4.00,715,-2.857,-7.508,0.101
4.00,716,-7.794,2.091,0.099
4.00,717,-3.558,7.184,0.101
4.00,718,-3.219,-7.359,0.099
4.00,719,2.257,-7.762,0.098
4.00,720,0.789,8.053,0.097
4.00,721,-0.153,8.085,0.097
4.00,722,3.386,7.286,0.104
4.00,723,7.582,-2.668,0.105
4.00,724,3.779,-7.092,0.099
4.00,725,-0.042,8.090,0.097
4.00,726,-3.649,-7.143,0.099
4.00,727,0.644,-8.078,0.090
4.00,728,-7.272,-3.403,0.102
4.00,729,7.604,2.686,0.107
4.00,730,-3.866,7.011,0.103
4.00,731,-7.305,-3.336,0.102
4.00,732,2.590,7.629,0.111
4.00,733,-6.766,-4.279,0.098
4.00,734,1.465,7.954,0.099
4.00,735,6.882,-4.075,0.097
4.00,736,-2.321,7.704,0.108
4.00,737,7.963,-1.399,0.093
4.00,738,-1.874,-7.851,0.095
4.00,739,-6.178,-5.072,0.094
4.00,740,-7.279,3.383,0.102
4.00,741,-2.107,-7.782,0.097
4.00,742,6.655,-4.434,0.093
4.00,743,0.235,-8.092,0.090
4.00,744,3.480,7.238,0.104
4.00,745,7.110,-3.697,0.099
4.00,746,-8.057,-0.674,0.094
4.00,747,1.929,-7.865,0.095
4.00,748,4.617,-6.542,0.091
4.00,749,2.823,-7.548,0.101
4.00,750,-7.028,-3.859,0.105
4.00,751,7.890,-1.725,0.096
4.00,752,-1.141,-8.001,0.091
4.00,753,7.330,-3.271,0.099
4.00,754,-2.088,-7.788,0.096
4.00,755,5.388,-5.899,0.086
4.00,756,3.253,-7.366,0.098
4.00,757,-8.048,-0.740,0.094
4.00,758,3.760,7.088,0.106
4.00,759,-7.609,2.617,0.108
4.00,760,7.859,1.954,0.098
4.00,761,7.286,-3.361,0.098
4.00,762,8.036,1.051,0.092
4.00,763,-4.931,-6.289,0.094
4.00,764,-7.614,-2.592,0.109
4.00,765,5.451,-5.839,0.087
4.00,766,1.344,-7.990,0.092
4.00,767,-7.455,2.996,0.104
4.00,768,-7.627,2.577,0.107
4.00,769,5.398,5.892,0.091
4.00,770,4.589,-6.563,0.091
4.00,771,8.008,1.274,0.093
4.00,772,-6.016,-5.265,0.090
4.00,773,-7.519,-2.831,0.106
4.00,774,-6.523,-4.638,0.095
4.00,775,-7.457,2.994,0.104
4.00,776,5.294,5.986,0.092
4.00,777,-6.029,-5.250,0.090
4.00,778,2.582,7.633,0.111
4.00,779,6.692,4.412,0.098
4.00,780,-7.137,3.653,0.103
4.00,781,7.895,-1.703,0.095
4.00,782,7.118,-3.682,0.099
4.00,783,6.160,5.100,0.095
4.00,784,1.480,7.951,0.099
4.00,785,-4.534,6.582,0.093
4.00,786,-2.278,-7.726,0.099
4.00,787,-5.122,6.114,0.090
4.00,788,6.606,-4.505,0.092
4.00,789,-7.555,-2.742,0.107
4.00,790,1.758,-7.903,0.094
4.00,791,1.580,-7.941,0.093
4.00,792,7.855,1.966,0.098
4.00,793,-7.696,-2.365,0.105
4.00,794,-8.024,0.973,0.093
4.00,795,-2.519,-7.644,0.103
4.00,796,5.506,5.789,0.093
4.00,797,-7.340,-3.262,0.103
4.00,798,-2.707,-7.568,0.102
4.00,799,-7.934,-1.485,0.097
4.00,800,7.529,-2.800,0.103
4.00,801,-3.049,-7.431,0.100
4.00,802,7.058,-3.791,0.100
4.00,803,2.048,-7.828,0.096
4.00,804,7.753,-2.201,0.100
4.00,805,-2.141,-7.771,0.097
4.00,806,7.250,-3.432,0.098
4.00,807,8.085,-0.467,0.090
4.00,808,2.626,7.613,0.112
4.00,809,-6.699,-4.385,0.097
4.00,810,6.670,4.445,0.098
4.00,811,6.037,5.244,0.092
4.00,812,0.429,8.078,0.097
4.00,813,4.534,6.594,0.098
4.00,814,7.857,-1.868,0.097
4.00,815,3.229,-7.378,0.098
4.00,816,7.450,3.065,0.104
4.00,817,-2.973,-7.462,0.100
4.00,818,4.572,-6.576,0.091
4.00,819,7.396,3.191,0.103
4.00,820,7.209,3.565,0.101
4.00,821,-7.431,3.057,0.104
4.00,822,-7.097,3.726,0.105
4.00,823,-3.689,7.114,0.102
4.00,824,2.054,-7.826,0.096
4.00,825,3.806,7.062,0.107
4.00,826,-7.615,2.602,0.108
4.00,827,-7.245,-3.458,0.102
4.00,828,-4.458,6.635,0.094
4.00,829,5.848,-5.437,0.087
4.00,830,-6.314,4.872,0.097
4.00,831,2.113,7.794,0.104
4.00,832,7.779,2.210,0.100
4.00,833,-8.080,-0.232,0.093
4.00,834,-2.164,-7.763,0.097
4.00,835,2.044,7.816,0.103
4.00,836,8.102,0.164,0.090
4.00,837,-7.662,2.486,0.106
4.00,838,1.992,7.832,0.103
4.00,839,4.588,6.555,0.097
4.00,840,2.521,-7.674,0.102
4.00,841,-2.954,7.463,0.106
4.00,842,2.583,7.632,0.111
4.00,843,4.004,6.936,0.105
4.00,844,4.624,6.528,0.097
4.00,845,8.104,-0.090,0.090
4.00,846,8.048,0.953,0.092
4.00,847,6.042,5.239,0.092
4.00,848,7.600,2.696,0.107
4.00,849,2.158,7.779,0.104
4.00,850,5.159,6.102,0.094
4.00,851,-2.716,7.558,0.110
4.00,852,3.290,7.334,0.105
4.00,853,6.162,-5.077,0.091
4.00,854,-8.053,-0.699,0.094
4.00,855,2.493,-7.683,0.101
4.00,856,-5.073,-6.176,0.094
4.00,857,-7.313,-3.320,0.102
4.00,858,2.575,7.636,0.111
4.00,859,7.982,1.397,0.093
4.00,860,7.949,-1.461,0.094
4.00,861,-7.582,-2.673,0.108
4.00,862,2.082,7.804,0.104
4.00,863,-7.235,-3.476,0.102
4.00,864,-2.773,-7.542,0.102
4.00,865,-6.460,4.692,0.097
4.00,866,1.660,-7.924,0.093
4.00,867,-2.498,-7.651,0.102
4.00,868,6.771,-4.253,0.094
4.00,869,-4.473,6.625,0.094
4.00,870,5.387,5.902,0.091
4.00,871,7.147,-3.630,0.098
4.00,872,-3.510,7.209,0.101
4.00,873,-7.785,2.118,0.100
4.00,874,3.279,-7.353,0.098
4.00,875,-2.435,7.665,0.110
4.00,876,7.797,2.153,0.099
4.00,877,-0.343,8.075,0.097
4.00,878,-7.514,2.853,0.105
4.00,879,5.997,5.290,0.091
4.00,880,-5.096,6.136,0.091
4.00,881,7.905,1.763,0.096
4.00,882,-7.863,1.851,0.097
4.00,883,7.037,-3.826,0.101
4.00,884,3.353,7.303,0.104
4.00,885,0.582,8.073,0.097
4.00,886,-2.476,-7.659,0.102
4.00,887,-2.361,-7.699,0.100
4.00,888,-7.796,-2.058,0.102
4.00,889,2.071,7.807,0.104
4.00,890,-2.355,-7.700,0.100
4.00,891,3.924,6.986,0.107
4.00,892,0.683,-8.074,0.090
4.00,893,-7.806,-2.025,0.101
4.00,894,3.798,-7.081,0.099
4.00,895,-7.451,3.007,0.104
4.00,896,8.051,0.921,0.091
4.00,897,8.015,-1.094,0.092
4.00,898,5.286,5.993,0.092
4.00,899,-7.937,1.511,0.095
4.00,900,6.658,-4.429,0.093
4.00,901,3.755,7.091,0.106
4.00,902,0.544,-8.083,0.090
4.00,903,1.476,-7.963,0.092
4.00,904,-7.455,2.998,0.104
4.00,905,3.243,-7.371,0.098
4.00,906,7.142,-3.639,0.098
4.00,907,3.260,-7.363,0.098
4.00,908,7.600,-2.624,0.106
4.00,909,3.595,-7.192,0.097
4.00,910,7.609,-2.602,0.106
4.00,911,-3.569,7.178,0.101
4.00,912,-4.206,6.798,0.096
4.00,913,-7.278,3.386,0.102
4.00,914,6.098,5.174,0.093
4.00,915,8.017,1.211,0.093
4.00,916,-6.145,5.082,0.095
4.00,917,7.353,3.281,0.102
4.00,918,-5.931,-5.360,0.089
4.00,919,2.675,7.593,0.111
4.00,920,8.007,1.279,0.093
4.00,921,-7.679,-2.418,0.106
4.00,922,-7.877,1.790,0.097
4.00,923,7.238,-3.456,0.098
4.00,924,-6.819,-4.195,0.099
4.00,925,5.459,-5.831,0.087
4.00,926,7.587,-2.656,0.105
4.00,927,3.377,7.290,0.104
4.00,928,-7.234,-3.479,0.102
4.00,929,7.843,-1.922,0.097
4.00,930,-7.115,3.692,0.104
4.00,931,-7.238,-3.471,0.102
4.00,932,6.849,4.167,0.100
4.00,933,7.504,-2.862,0.102
4.00,934,6.595,-4.521,0.092
4.00,935,6.722,4.365,0.098
4.00,936,-7.632,2.565,0.107
4.00,937,-7.237,-3.473,0.102
4.00,938,-7.459,2.988,0.104
4.00,939,5.045,6.194,0.097
4.00,940,7.894,1.817,0.096
4.00,941,8.003,1.298,0.093
4.00,942,-4.455,6.637,0.094
4.00,943,-8.081,0.239,0.093
4.00,944,-3.383,-7.280,0.098
4.00,945,-7.806,2.051,0.099
4.00,946,-6.840,4.139,0.101
4.00,947,-7.806,2.052,0.099
4.00,948,6.205,5.044,0.096
4.00,949,-7.560,2.739,0.106
4.00,950,6.094,5.179,0.093
4.00,951,-7.992,-1.176,0.096
4.00,952,-2.731,7.552,0.109
4.00,953,3.773,7.081,0.106
4.00,954,7.612,-2.595,0.106
4.00,955,-7.610,-2.601,0.110
4.00,956,8.073,0.736,0.091
4.00,957,7.976,1.426,0.094
4.00,958,-7.916,1.610,0.095
4.00,959,-4.637,6.505,0.092
4.00,960,-8.072,-0.401,0.093
4.00,961,1.261,7.996,0.098
4.00,962,2.140,7.785,0.104
4.00,963,0.557,8.074,0.097
4.00,964,-2.092,-7.786,0.097
4.00,965,7.132,3.709,0.103
4.00,966,8.015,-1.094,0.092
4.00,967,6.024,-5.242,0.087
4.00,968,3.790,-7.085,0.099
4.00,969,-7.420,3.083,0.104
4.00,970,8.079,0.691,0.091
4.00,971,-7.297,-3.353,0.102
4.00,972,-7.795,2.086,0.099
4.00,973,-4.074,6.881,0.098
4.00,974,4.500,6.618,0.098
4.00,975,-2.268,-7.730,0.099
4.00,976,7.310,3.368,0.101
4.00,977,5.312,5.970,0.091
4.00,978,-1.726,-7.884,0.094
4.00,979,-8.082,0.211,0.093
4.00,980,-5.952,-5.336,0.089
4.00,981,-1.472,7.932,0.101
4.00,982,-6.983,-3.929,0.105
4.00,983,6.979,-3.917,0.101
4.00,984,6.131,5.135,0.094
4.00,985,2.378,-7.722,0.099
4.00,986,-0.826,-8.043,0.090
4.00,987,-4.285,6.748,0.095
4.00,988,-7.576,2.698,0.107
4.00,989,-7.647,-2.512,0.108
4.00,990,-6.152,-5.104,0.093
4.00,991,-7.467,2.968,0.104
4.00,992,-7.336,-3.272,0.103
4.00,993,-5.992,5.263,0.090
4.00,994,7.910,1.742,0.096
4.00,995,-0.861,8.030,0.099
4.00,996,-7.715,2.330,0.103
4.00,997,-8.032,0.915,0.093
4.00,998,-7.789,-2.079,0.102
4.00,999,8.078,0.694,0.091
4.00,1000,-3.644,7.138,0.101
4.00,1001,6.154,5.107,0.095
4.00,1002,-7.534,-2.795,0.106
4.00,1003,-5.199,6.049,0.089
4.00,1004,2.085,7.803,0.104
4.00,1005,3.807,7.061,0.107
4.00,1006,8.080,-0.566,0.091
4.00,1007,-0.950,-8.026,0.090
4.00,1008,-2.118,-7.778,0.097
4.00,1009,3.496,7.230,0.104
4.00,1010,7.803,-2.049,0.098
4.00,1011,-2.114,-7.779,0.097
4.00,1012,7.928,-1.557,0.094
4.00,1013,6.773,4.287,0.099
4.00,1014,1.320,7.984,0.099
4.00,1015,-7.591,-2.649,0.109
4.00,1016,-2.918,-7.484,0.100
4.00,1017,-2.003,7.806,0.105
4.00,1018,-7.247,3.446,0.102
4.00,1019,-7.183,-3.579,0.102
4.00,1020,8.095,0.387,0.090
4.00,1021,-2.544,-7.634,0.103
4.00,1022,7.762,-2.175,0.100
4.00,1023,-8.049,0.778,0.093
4.00,1024,6.687,4.419,0.098
4.00,1025,2.375,-7.723,0.099
4.00,1026,-7.540,2.789,0.105
4.00,1027,-2.699,-7.572,0.103
4.00,1028,5.546,-5.744,0.089
4.00,1029,-3.140,-7.394,0.100
4.00,1030,-7.846,1.923,0.098
4.00,1031,2.051,7.814,0.103
4.00,1032,2.534,-7.669,0.102
4.00,1033,-4.469,6.627,0.094
4.00,1034,7.887,1.849,0.097
4.00,1035,-6.264,4.934,0.096
4.00,1036,5.466,5.828,0.092
4.00,1037,6.058,-5.204,0.087
4.00,1038,-7.574,-2.693,0.108
4.00,1039,3.837,-7.057,0.099
4.00,1040,4.676,6.489,0.097
4.00,1041,-7.499,2.890,0.105
4.00,1042,4.551,6.582,0.098
4.00,1043,7.597,-2.632,0.105
4.00,1044,1.964,7.841,0.103
4.00,1045,3.253,-7.366,0.098
4.00,1046,1.935,-7.863,0.095
4.00,1047,1.358,-7.987,0.092
4.00,1048,0.012,8.092,0.097
4.00,1049,2.117,7.792,0.104
4.00,1050,6.383,-4.800,0.092
4.00,1051,5.426,5.866,0.092
4.00,1052,-7.887,-1.703,0.099
4.00,1053,-8.083,0.186,0.093
4.00,1054,2.580,7.634,0.111
4.00,1055,5.308,5.974,0.091
4.00,1056,7.599,-2.625,0.106
4.00,1057,-2.986,7.450,0.106
4.00,1058,3.478,7.239,0.104
4.00,1059,-3.000,7.444,0.106
4.00,1060,-2.391,-7.688,0.101
4.00,1061,-7.495,2.900,0.104
4.00,1062,-1.637,-7.904,0.093
4.00,1063,6.643,-4.452,0.093
4.00,1064,0.818,-8.058,0.090
4.00,1065,7.508,2.924,0.104
4.00,1066,-3.455,7.238,0.101
4.00,1067,4.584,6.558,0.097
4.00,1068,1.757,-7.904,0.094
4.00,1069,3.824,-7.065,0.099
4.00,1070,5.448,5.846,0.092
4.00,1071,-7.260,-3.427,0.102
4.00,1072,2.023,-7.836,0.096
4.00,1073,-8.016,1.037,0.093
4.00,1074,3.689,7.127,0.105
4.00,1075,7.806,2.126,0.099
4.00,1076,6.139,-5.106,0.090
4.00,1077,-1.584,-7.916,0.093
4.00,1078,6.640,-4.456,0.093
4.00,1079,4.733,-6.453,0.091
4.00,1080,7.338,-3.254,0.099
4.00,1081,0.407,8.079,0.097
4.00,1082,-3.868,7.010,0.103
4.00,1083,7.913,1.728,0.096
4.00,1084,0.216,8.085,0.097
4.00,1085,3.787,7.073,0.107
4.00,1086,-2.374,-7.694,0.100
4.00,1087,6.532,4.637,0.096
4.00,1088,7.769,2.241,0.100
4.00,1089,1.266,-8.006,0.092
4.00,1090,7.884,1.859,0.097
4.00,1091,-0.383,-8.080,0.090
4.00,1092,-2.891,-7.495,0.100
4.00,1093,2.034,-7.832,0.096
4.00,1094,6.638,-4.460,0.093
4.00,1095,-4.479,6.620,0.094
4.00,1096,4.652,-6.516,0.091
4.00,1097,-7.721,2.313,0.102
4.00,1098,1.337,-7.991,0.092
4.00,1099,7.905,1.765,0.096
4.00,1100,7.894,1.813,0.096
4.00,1101,2.050,7.814,0.103
4.00,1102,0.349,-8.089,0.090
4.00,1103,4.699,-6.480,0.091
4.00,1104,8.071,-0.684,0.091
4.00,1105,-7.994,1.214,0.094
4.00,1106,-7.790,2.101,0.099
4.00,1107,-0.890,8.026,0.099
4.00,1108,0.869,8.043,0.097
4.00,1109,-7.368,-3.205,0.104
4.00,1110,-3.673,7.123,0.102
4.00,1111,7.157,-3.611,0.098
4.00,1112,3.454,7.251,0.104
4.00,1113,-7.372,3.195,0.104
4.00,1114,-8.085,0.138,0.093
4.00,1115,1.332,-7.992,0.092
4.00,1116,-7.935,1.520,0.095
4.00,1117,-3.272,7.328,0.103
4.00,1118,4.639,6.517,0.097
4.00,1119,-4.142,6.838,0.097
4.00,1120,-2.517,-7.645,0.103
4.00,1121,4.697,-6.481,0.091
4.00,1122,4.571,6.567,0.097
4.00,1123,-7.709,-2.328,0.105
4.00,1124,1.021,8.025,0.098
4.00,1125,-3.092,-7.414,0.100
4.00,1126,-4.464,6.631,0.094
4.00,1127,-3.546,-7.198,0.098
4.00,1128,-3.865,7.012,0.103
4.00,1129,8.017,-1.079,0.092
4.00,1130,-7.863,1.854,0.097
4.00,1131,-7.116,3.691,0.104
4.00,1132,1.064,8.020,0.098
4.00,1133,-4.460,6.633,0.094
4.00,1134,-7.450,3.011,0.104
4.00,1135,4.642,-6.523,0.091
4.00,1136,7.478,2.997,0.104
4.00,1137,7.897,1.802,0.096
4.00,1138,-6.944,3.973,0.105
4.00,1139,3.808,7.061,0.107
4.00,1140,-4.992,-6.240,0.094
4.00,1141,-2.065,-7.795,0.096
4.00,1142,-0.725,8.048,0.098
4.00,1143,-3.434,-7.255,0.098
4.00,1144,1.543,7.937,0.100
4.00,1145,-3.704,7.106,0.102
4.00,1146,-3.329,-7.307,0.098
4.00,1147,3.304,7.327,0.105
4.00,1148,4.540,6.589,0.098
4.00,1149,-7.038,-3.842,0.105
4.00,1150,6.655,-4.434,0.093
4.00,1151,0.417,8.079,0.097
4.00,1152,6.500,-4.652,0.091
4.00,1153,2.033,7.819,0.103
4.00,1154,-7.357,-3.228,0.103
4.00,1155,-7.541,2.786,0.105
4.00,1156,0.670,8.067,0.097
4.00,1157,-8.064,-0.574,0.094
4.00,1158,-3.072,7.415,0.105
4.00,1159,-3.709,7.103,0.102
4.00,1160,-7.360,-3.222,0.104
4.00,1161,-2.255,-7.734,0.098
4.00,1162,5.470,-5.820,0.087
4.00,1163,3.365,7.297,0.104
4.00,1164,8.016,-1.087,0.092
4.00,1165,-7.334,-3.275,0.103
4.00,1166,-3.077,7.413,0.105
4.00,1167,-7.958,-1.375,0.097
4.00,1168,-6.979,3.916,0.107
4.00,1169,2.704,7.581,0.110
4.00,1170,-6.012,5.240,0.091
4.00,1171,-1.657,7.891,0.103
4.00,1172,-3.009,-7.448,0.100
4.00,1173,-2.722,-7.562,0.102
4.00,1174,-7.619,-2.582,0.109
4.00,1175,4.043,6.911,0.104
4.00,1176,-4.456,-6.650,0.095
4.00,1177,7.740,-2.241,0.100
4.00,1178,-5.109,-6.146,0.092
4.00,1179,0.247,-8.092,0.090
4.00,1180,-2.516,7.637,0.111
4.00,1181,-2.058,-7.797,0.096
4.00,1182,7.285,-3.362,0.098
4.00,1183,-3.819,7.041,0.103
4.00,1184,5.337,5.948,0.091
4.00,1185,3.803,7.064,0.107
4.00,1186,0.484,8.076,0.097
4.00,1187,-8.050,0.767,0.093
4.00,1188,-2.177,-7.759,0.097
4.00,1189,-3.698,7.109,0.102
4.00,1190,4.028,6.921,0.105
4.00,1191,7.868,1.922,0.097
4.00,1192,0.474,-8.085,0.090
4.00,1193,-8.057,-0.673,0.094
4.00,1194,7.966,1.478,0.094
4.00,1195,7.622,2.644,0.107
4.00,1196,4.569,6.569,0.097
4.00,1197,-7.204,3.529,0.102
4.00,1198,-7.428,3.062,0.104
4.00,1199,-2.793,-7.534,0.101
4.00,1200,-8.071,0.492,0.093
4.00,1201,1.974,-7.851,0.095
4.00,1202,-7.702,2.372,0.103
4.00,1203,-3.765,7.072,0.103
4.00,1204,-5.209,6.040,0.089
4.00,1205,3.310,7.324,0.105
4.00,1206,0.262,-8.091,0.090
4.00,1207,1.382,7.971,0.099
4.00,1208,-7.614,-2.592,0.109
4.00,1209,7.433,-3.035,0.101
4.00,1210,-7.919,-1.556,0.097
4.00,1211,1.407,7.966,0.099
4.00,1212,-2.083,-7.789,0.096
4.00,1213,0.006,-8.099,0.090
4.00,1214,-1.490,-7.936,0.092
4.00,1215,3.280,7.338,0.105
4.00,1216,4.193,6.817,0.101
4.00,1217,3.305,7.326,0.105
4.00,1218,5.351,5.935,0.091
4.00,1219,6.579,-4.544,0.092
4.00,1220,-5.258,5.997,0.088
4.00,1221,-7.934,-1.489,0.097
4.00,1222,-2.518,-7.644,0.103
4.00,1223,-7.951,-1.407,0.097
4.00,1224,-2.802,7.524,0.108
4.00,1225,7.622,2.645,0.107
4.00,1226,-7.994,1.215,0.094
4.00,1227,7.285,-3.363,0.098
4.00,1228,4.644,-6.522,0.091
4.00,1229,-7.797,2.082,0.099
4.00,1230,2.231,7.756,0.105
4.00,1231,8.074,-0.654,0.091
4.00,1232,-3.523,-7.209,0.098
4.00,1233,-7.199,-3.547,0.102
4.00,1234,-7.784,2.123,0.100
4.00,1235,6.647,-4.447,0.093
4.00,1236,-4.474,6.624,0.094
4.00,1237,-8.077,-0.290,0.093
4.00,1238,5.464,-5.826,0.087
4.00,1239,-4.864,-6.342,0.095
4.00,1240,-5.911,8.820,-10.369
4.00,1241,7.533,-2.790,0.103
4.00,1242,-7.781,-2.106,0.102
4.00,1243,-7.052,-3.820,0.105
4.00,1244,7.966,1.478,0.094
4.00,1245,4.536,6.593,0.098
4.00,1246,-5.955,5.304,0.090
4.00,1247,3.074,7.431,0.107
4.00,1248,-8.068,-0.482,0.094
4.00,1249,-4.992,-6.240,0.094
4.00,1250,-3.876,7.004,0.103
4.00,1251,-7.363,-3.214,0.104
4.00,1252,6.693,4.410,0.098
4.00,1253,8.073,0.744,0.091
4.00,1254,1.419,7.963,0.099
4.00,1255,-7.224,-3.500,0.102
4.00,1256,-2.128,7.767,0.106
4.00,1257,-8.079,0.289,0.093
4.00,1258,5.578,-5.710,0.090
4.00,1259,5.912,-5.369,0.086
4.00,1260,2.614,7.618,0.112
4.00,1261,1.338,-7.991,0.092
4.00,1262,-2.818,-7.524,0.101
4.00,1263,-4.511,-6.612,0.094
4.00,1264,8.097,-0.240,0.090
4.00,1265,1.101,8.015,0.098
4.00,1266,-4.477,6.621,0.094
4.00,1267,-1.821,-7.863,0.094
4.00,1268,-5.010,-6.226,0.094
4.00,1269,-3.864,7.012,0.103
4.00,1270,-7.719,2.319,0.102
4.00,1271,7.930,-1.548,0.094
4.00,1272,-7.975,1.330,0.094
4.00,1273,8.107,0.027,0.090
4.00,1274,7.762,-2.176,0.100
4.00,1275,2.573,7.636,0.111
4.00,1276,-2.680,7.572,0.110
4.00,1277,-1.302,-7.977,0.091
4.00,1278,-2.545,-7.634,0.103
4.00,1279,7.400,3.184,0.103
4.00,1280,7.775,2.222,0.100
4.00,1281,4.612,-6.546,0.091
4.00,1282,-6.153,-5.102,0.093
4.00,1283,-3.982,6.938,0.101
4.00,1284,6.092,-5.163,0.088
4.00,1285,5.538,5.758,0.094
4.00,1286,0.605,-8.081,0.090
4.00,1287,3.854,-7.046,0.099
4.00,1288,-1.081,-8.009,0.091
4.00,1289,-3.867,7.010,0.103
4.00,1290,-4.488,6.614,0.094
4.00,1291,6.135,-5.111,0.090
4.00,1292,7.904,-1.663,0.095
4.00,1293,5.505,5.790,0.093
4.00,1294,-4.454,6.637,0.094
4.00,1295,5.346,-5.939,0.086
4.00,1296,-8.077,-0.292,0.093
4.00,1297,-3.797,-7.062,0.101
4.00,1298,-6.063,-5.211,0.090
4.00,1299,3.804,-7.077,0.099
4.00,1300,-2.837,-7.516,0.101
4.00,1301,1.145,-8.020,0.091
4.00,1302,3.924,6.986,0.107
4.00,1303,-6.733,-4.331,0.097
4.00,1304,0.027,-8.099,0.090
4.00,1305,7.882,1.870,0.097
4.00,1306,-7.340,-3.264,0.103
4.00,1307,-8.086,0.121,0.093
4.00,1308,7.214,-3.503,0.098
4.00,1309,6.679,4.432,0.098
4.00,1310,7.094,-3.727,0.099
4.00,1311,2.176,7.774,0.105
4.00,1312,5.593,-5.695,0.090
4.00,1313,6.896,-4.053,0.097
4.00,1314,-7.777,-2.117,0.102
4.00,1315,-7.699,2.379,0.104
4.00,1316,-2.941,7.468,0.106
4.00,1317,-1.355,-7.966,0.091
4.00,1318,-3.716,7.099,0.102
4.00,1319,-7.792,2.096,0.099
4.00,1320,7.611,-2.597,0.106
4.00,1321,3.787,7.073,0.107
4.00,1322,-0.307,8.077,0.097
4.00,1323,-3.517,7.206,0.101
4.00,1324,-3.208,-7.364,0.099
4.00,1325,-7.370,-3.200,0.104
4.00,1326,-3.770,7.069,0.103
4.00,1327,2.566,-7.656,0.102
4.00,1328,4.592,-6.561,0.091
4.00,1329,-1.274,7.974,0.101
4.00,1330,-7.874,1.803,0.097
4.00,1331,-7.795,2.087,0.099
4.00,1332,-1.189,-7.994,0.091
4.00,1333,-3.565,7.180,0.101
4.00,1334,6.668,-4.414,0.093
4.00,1335,7.327,-3.277,0.099
4.00,1336,2.711,7.578,0.110
4.00,1337,7.628,2.630,0.107
4.00,1338,-1.672,-7.897,0.093
4.00,1339,1.541,-7.949,0.093
4.00,1340,3.334,7.312,0.104
4.00,1341,8.094,0.406,0.090
4.00,1342,0.255,-8.092,0.090
4.00,1343,7.262,-3.408,0.098
4.00,1344,8.107,-0.035,0.090
4.00,1345,-1.195,-7.993,0.091
4.00,1346,-7.777,2.142,0.100
4.00,1347,-7.811,2.037,0.099
4.00,1348,6.688,-4.383,0.093
4.00,1349,8.076,-0.638,0.091
4.00,1350,7.991,-1.268,0.093
4.00,1351,-0.570,-8.071,0.090
4.00,1352,5.417,-5.871,0.087
4.00,1353,-4.865,-6.341,0.095
4.00,1354,-0.995,-8.020,0.090
4.00,1355,-7.818,-1.987,0.101
4.00,1356,7.757,-2.191,0.100
4.00,1357,-7.602,-2.623,0.109
4.00,1358,-6.022,-5.258,0.090
4.00,1359,-0.232,-8.088,0.090
4.00,1360,-5.241,6.012,0.088
4.00,1361,-4.583,6.545,0.092
4.00,1362,4.623,-6.538,0.091
4.00,1363,-7.646,2.532,0.107
4.00,1364,-3.055,-7.429,0.100
4.00,1365,3.951,-6.983,0.100
4.00,1366,-3.205,7.360,0.104
4.00,1367,-8.083,0.201,0.093
4.00,1368,3.734,-7.117,0.098
4.00,1369,-8.081,0.240,0.093
4.00,1370,-3.856,7.017,0.103
4.00,1371,3.806,-7.076,0.099
4.00,1372,-2.904,7.483,0.107
4.00,1373,-2.855,-7.509,0.101
4.00,1374,6.182,5.073,0.096
4.00,1375,4.534,6.594,0.098
4.00,1376,3.365,7.296,0.104
4.00,1377,2.222,7.759,0.105
4.00,1378,7.990,1.359,0.093
4.00,1379,-5.345,-5.944,0.089
4.00,1380,-7.564,2.730,0.106
4.00,1381,-7.476,2.947,0.104
4.00,1382,7.945,1.578,0.094
4.00,1383,2.646,-7.620,0.103
4.00,1384,1.943,-7.860,0.095
4.00,1385,-8.068,-0.481,0.094
4.00,1386,7.861,-1.850,0.097
4.00,1387,7.055,3.842,0.104
4.00,1388,-7.574,2.704,0.106
4.00,1389,6.711,4.381,0.098
4.00,1390,-3.722,7.096,0.102
4.00,1391,-0.126,-8.094,0.090
4.00,1392,7.774,-2.138,0.099
4.00,1393,-4.773,-6.416,0.094
4.00,1394,4.703,-6.476,0.091
4.00,1395,0.742,-8.067,0.090
4.00,1396,6.256,4.981,0.096
4.00,1397,-6.808,4.190,0.100
4.00,1398,5.601,-5.687,0.090
4.00,1399,2.473,-7.690,0.101
4.00,1400,-0.600,-8.069,0.090
4.00,1401,7.765,-2.165,0.100
4.00,1402,-3.674,7.122,0.102
4.00,1403,5.540,5.756,0.094
4.00,1404,-7.588,-2.657,0.108
4.00,1405,7.967,-1.381,0.093
4.00,1406,2.599,7.625,0.111
4.00,1407,-2.428,-7.676,0.101
4.00,1408,-0.771,8.042,0.098
4.00,1409,-8.078,-0.274,0.093
4.00,1410,-3.195,-7.370,0.099
4.00,1411,-7.039,-3.840,0.105
4.00,1412,2.498,-7.682,0.101
4.00,1413,-3.869,7.009,0.103
4.00,1414,8.086,0.625,0.091
4.00,1415,-7.920,1.592,0.095
4.00,1416,7.151,-3.623,0.098
4.00,1417,-7.536,2.797,0.105
4.00,1418,-7.241,-3.466,0.102
4.00,1419,-8.051,0.757,0.093
4.00,1420,-6.698,-4.386,0.097
4.00,1421,3.276,7.341,0.105
4.00,1422,-6.014,-5.267,0.090
4.00,1423,-6.603,-4.528,0.096
4.00,1424,5.359,5.928,0.091
4.00,1425,-1.657,-7.900,0.093
4.00,1426,-7.257,-3.433,0.102
4.00,1427,8.040,1.019,0.092
4.00,1428,1.644,-7.928,0.093
4.00,1429,6.596,-4.520,0.092
4.00,1430,-7.687,2.415,0.104
4.00,1431,-7.791,2.099,0.099
4.00,1432,-7.269,-3.408,0.102
4.00,1433,8.090,0.534,0.091
4.00,1434,-7.779,2.137,0.100
4.00,1435,-3.941,6.963,0.102
4.00,1436,3.811,-7.073,0.099
4.00,1437,6.805,4.236,0.099
4.00,1438,6.633,-4.467,0.093
4.00,1439,7.906,-1.653,0.095
4.00,1440,-5.085,6.145,0.091
4.00,1441,6.104,-5.148,0.089
4.00,1442,-2.113,-7.780,0.097
4.00,1443,7.526,2.879,0.105
4.00,1444,-7.780,-2.110,0.102
4.00,1445,-5.910,5.353,0.090
4.00,1446,-4.498,6.607,0.093
4.00,1447,1.167,-8.017,0.091
4.00,1448,-6.149,-5.107,0.093
4.00,1449,-2.261,-7.732,0.099
4.00,1450,-2.534,-7.639,0.103
4.00,1451,-3.498,7.216,0.101
4.00,1452,3.786,7.073,0.107
4.00,1453,4.113,-6.880,0.096
4.00,1454,6.844,4.175,0.100
4.00,1455,0.879,8.042,0.097
4.00,1456,8.015,1.223,0.093
4.00,1457,-3.558,7.184,0.101
4.00,1458,-0.264,8.079,0.097
4.00,1459,-2.773,7.535,0.109
4.00,1460,4.579,-6.571,0.091
4.00,1461,-8.021,1.001,0.093
4.00,1462,0.791,8.053,0.097
4.00,1463,-3.405,7.263,0.101
4.00,1464,5.538,5.758,0.094
4.00,1465,7.737,-2.249,0.101
4.00,1466,-5.213,6.037,0.089
4.00,1467,-7.827,1.984,0.098
4.00,1468,-7.173,-3.598,0.102
4.00,1469,6.639,-4.458,0.093
4.00,1470,-7.393,3.149,0.104
4.00,1471,-1.940,7.825,0.105
4.00,1472,-7.666,2.473,0.105
4.00,1473,-7.196,3.544,0.102
4.00,1474,7.766,-2.164,0.100
4.00,1475,-3.416,-7.264,0.098
4.00,1476,8.099,-0.197,0.090
4.00,1477,6.692,-4.377,0.093
4.00,1478,7.962,1.497,0.094
4.00,1479,-7.794,2.089,0.099
4.00,1480,-7.412,3.101,0.104
4.00,1481,4.586,6.556,0.097
4.00,1482,1.269,-8.005,0.092
4.00,1483,5.584,-5.704,0.090
4.00,1484,5.409,5.882,0.092
4.00,1485,-2.861,7.500,0.107
4.00,1486,-7.504,2.878,0.105
4.00,1487,-5.226,6.025,0.088
4.00,1488,-7.752,-2.197,0.103
4.00,1489,-7.706,-2.337,0.105
4.00,1490,3.206,-7.389,0.099
4.00,1491,2.282,-7.754,0.098
4.00,1492,7.947,1.569,0.094
4.00,1493,-7.815,-1.995,0.101
4.00,1494,-2.823,-7.522,0.101
4.00,1495,7.987,1.376,0.093
4.00,1496,-7.661,2.489,0.106
4.00,1497,-6.870,4.091,0.102
4.00,1498,7.136,-3.651,0.099
4.00,1499,-7.391,3.153,0.104
4.00,1500,5.940,5.352,0.091
4.00,1501,-7.219,3.500,0.102
4.00,1502,2.194,7.768,0.105
4.00,1503,7.753,-2.203,0.100
4.00,1504,-0.573,-8.071,0.090
4.00,1505,7.644,2.594,0.106
4.00,1506,-7.562,-2.724,0.107
4.00,1507,7.724,-2.288,0.101
4.00,1508,2.312,-7.744,0.098
4.00,1509,-7.508,2.869,0.105
4.00,1510,1.587,-7.940,0.093
4.00,1511,4.605,6.543,0.097
4.00,1512,7.271,-3.390,0.098
4.00,1513,-7.815,2.024,0.099
4.00,1514,-4.517,6.594,0.093
4.00,1515,-4.434,-6.665,0.096
4.00,1516,7.131,-3.660,0.099
4.00,1517,5.355,5.932,0.091
4.00,1518,8.081,-0.542,0.091
4.00,1519,7.108,3.752,0.103
4.00,1520,7.728,-2.276,0.101
4.00,1521,-4.521,6.590,0.093
4.00,1522,-5.273,5.985,0.088
4.00,1523,1.280,7.992,0.098
4.00,1524,-0.152,-8.092,0.090
4.00,1525,7.533,-2.790,0.103
4.00,1526,-5.214,-6.059,0.090
4.00,1527,-7.802,2.065,0.099
4.00,1528,6.932,4.035,0.103
4.00,1529,7.857,1.959,0.098
4.00,1530,-8.083,0.190,0.093
4.00,1531,6.831,4.195,0.099
4.00,1532,6.660,-4.426,0.093
4.00,1533,-1.728,-7.884,0.094
4.00,1534,-7.700,2.378,0.103
4.00,1535,-4.552,6.568,0.093
4.00,1536,2.567,7.639,0.111
4.00,1537,6.736,-4.308,0.093
4.00,1538,-0.239,-8.088,0.090
4.00,1539,7.691,-2.384,0.103
4.00,1540,7.857,1.959,0.098
4.00,1541,-3.901,-6.998,0.102
4.00,1542,-7.784,2.121,0.100
4.00,1543,-6.802,-4.221,0.098
4.00,1544,8.024,1.147,0.092
4.00,1545,-6.935,-4.007,0.103
4.00,1546,-8.073,0.435,0.093
4.00,1547,7.993,1.345,0.093
4.00,1548,8.034,1.070,0.092
4.00,1549,-1.672,-7.897,0.093
4.00,1550,-1.236,7.979,0.100
4.00,1551,-4.490,6.612,0.094
4.00,1552,-8.085,-0.104,0.093
4.00,1553,-3.952,-6.966,0.101
4.00,1554,-6.146,5.081,0.095
4.00,1555,8.034,1.064,0.092
4.00,1556,-7.708,2.352,0.103
4.00,1557,-7.574,-2.693,0.108
4.00,1558,5.328,-5.955,0.086
4.00,1559,8.105,-0.082,0.090
4.00,1560,-1.163,-7.998,0.091
4.00,1561,-7.120,-3.698,0.103
4.00,1562,4.517,6.606,0.098
4.00,1563,-2.230,7.734,0.107
4.00,1564,-6.977,3.921,0.107
4.00,1565,-2.150,-7.768,0.097
4.00,1566,-7.355,-3.232,0.103
4.00,1567,7.289,-3.354,0.098
4.00,1568,2.813,7.537,0.109
4.00,1569,7.326,-3.278,0.099
4.00,1570,3.347,7.305,0.104
4.00,1571,-6.573,-4.570,0.095
4.00,1572,-7.565,2.727,0.106
4.00,1573,7.702,-2.352,0.102
4.00,1574,-7.787,2.112,0.100
4.00,1575,-4.505,-6.616,0.094
4.00,1576,-3.715,7.100,0.102
4.00,1577,7.931,1.642,0.095
4.00,1578,-4.474,6.623,0.094
4.00,1579,-2.852,-7.511,0.101
4.00,1580,1.534,7.939,0.099
4.00,1581,-2.169,-7.762,0.097
4.00,1582,-7.648,-2.507,0.108
4.00,1583,-8.055,-0.690,0.094
4.00,1584,-7.888,1.736,0.096
4.00,1585,-2.113,-7.780,0.097
4.00,1586,-7.700,-2.354,0.105
4.00,1587,7.711,-2.325,0.102
4.00,1588,1.372,-7.984,0.092
4.00,1589,1.892,7.862,0.102
4.00,1590,6.106,-5.146,0.089
4.00,1591,7.948,1.562,0.094
4.00,1592,-3.678,7.120,0.102
4.00,1593,-3.870,7.009,0.103
4.00,1594,-2.627,-7.600,0.104
4.00,1595,7.637,2.609,0.107
4.00,1596,-7.745,2.242,0.101
4.00,1597,-3.053,-7.430,0.100
4.00,1598,1.490,-7.960,0.092
4.00,1599,1.164,8.008,0.098
4.00,1600,1.989,-7.847,0.095
4.00,1601,4.497,6.620,0.098
4.00,1602,-3.167,-7.383,0.100
4.00,1603,0.170,8.087,0.097
4.00,1604,-7.438,3.039,0.104
4.00,1605,7.989,-1.281,0.093
4.00,1606,-3.831,7.033,0.103
4.00,1607,-4.469,6.627,0.094
4.00,1608,7.197,-3.534,0.098
4.00,1609,-2.351,-7.702,0.100
4.00,1610,0.652,8.069,0.097
4.00,1611,-7.668,2.468,0.105
4.00,1612,-7.364,3.211,0.103
4.00,1613,-7.992,1.229,0.094
4.00,1614,-3.688,7.114,0.102
4.00,1615,-7.510,2.863,0.105
4.00,1616,2.578,7.635,0.111
4.00,1617,8.102,0.178,0.090
4.00,1618,-6.993,3.895,0.106
4.00,1619,2.010,-7.840,0.095
4.00,1620,5.732,-5.555,0.090
4.00,1621,-0.300,8.077,0.097
4.00,1622,2.075,7.806,0.104
4.00,1623,6.834,4.191,0.100
4.00,1624,3.846,-7.051,0.099
4.00,1625,4.629,-6.534,0.091
4.00,1626,-7.066,-3.797,0.105
4.00,1627,-2.669,-7.583,0.103
4.00,1628,7.886,1.854,0.097
4.00,1629,8.024,-1.025,0.092
4.00,1630,-7.349,-3.244,0.103
4.00,1631,6.084,5.190,0.093
4.00,1632,7.292,-3.349,0.098
4.00,1633,6.667,4.449,0.098
4.00,1634,-4.475,6.623,0.094
4.00,1635,-1.826,-7.862,0.094
4.00,1636,4.667,-6.504,0.091
4.00,1637,-7.537,-2.787,0.107
4.00,1638,7.923,1.682,0.095
4.00,1639,-6.195,-5.051,0.094
4.00,1640,-2.326,-7.710,0.099
4.00,1641,2.086,-7.816,0.096
4.00,1642,8.014,1.229,0.093
4.00,1643,-7.730,-2.264,0.104
4.00,1644,3.209,-7.387,0.099
4.00,1645,2.582,7.633,0.111
4.00,1646,8.081,0.675,0.091
4.00,1647,1.921,-7.867,0.095
4.00,1648,-6.800,-4.225,0.098
4.00,1649,7.479,2.993,0.104
4.00,1650,-1.462,-7.943,0.092
4.00,1651,5.523,5.773,0.094
4.00,1652,7.571,2.770,0.106
4.00,1653,-3.868,7.010,0.103
4.00,1654,1.365,7.975,0.099
4.00,1655,8.012,-1.116,0.092
4.00,1656,-7.997,1.194,0.094
4.00,1657,-4.480,6.619,0.094
4.00,1658,8.062,-0.746,0.091
4.00,1659,7.058,-3.792,0.101
4.00,1660,-7.066,-3.796,0.105
4.00,1661,-3.699,7.108,0.102
4.00,1662,3.692,7.125,0.105
4.00,1663,-2.069,-7.794,0.096
4.00,1664,2.050,7.814,0.103
4.00,1665,-7.526,2.823,0.105
4.00,1666,3.853,-7.047,0.099
4.00,1667,-2.696,-7.573,0.103
4.00,1668,8.069,-0.693,0.091
4.00,1669,4.615,-6.544,0.091
4.00,1670,7.750,-2.210,0.100
4.00,1671,-3.695,7.111,0.102
4.00,1672,0.494,-8.084,0.090
4.00,1673,4.013,-6.944,0.098
4.00,1674,3.314,7.322,0.105
4.00,1675,6.684,-4.389,0.093
4.00,1676,-2.102,-7.783,0.097
4.00,1677,-3.181,-7.377,0.100
4.00,1678,1.294,-8.000,0.092
4.00,1679,0.196,-8.094,0.090
4.00,1680,8.014,1.232,0.093
4.00,1681,-7.996,-1.146,0.096
4.00,1682,-3.633,7.144,0.101
4.00,1683,5.392,-5.896,0.086
4.00,1684,-4.001,-6.936,0.100
4.00,1685,4.247,6.783,0.100
4.00,1686,-7.574,-2.693,0.108
4.00,1687,-3.562,7.182,0.101
4.00,1688,-0.453,8.069,0.098
4.00,1689,2.004,-7.842,0.095
4.00,1690,7.913,1.726,0.096
4.00,1691,-2.411,-7.681,0.101
4.00,1692,-7.419,3.086,0.104
4.00,1693,1.942,-7.861,0.095
4.00,1694,5.832,-5.454,0.087
4.00,1695,-6.057,5.188,0.092
4.00,1696,7.713,-2.320,0.102
4.00,1697,-4.590,-6.556,0.093
4.00,1698,-1.241,-7.987,0.091
4.00,1699,7.991,-1.270,0.093
4.00,1700,3.948,6.971,0.107
4.00,1701,-7.118,3.688,0.104
4.00,1702,-3.947,6.959,0.102
4.00,1703,5.271,6.007,0.092
4.00,1704,6.078,5.197,0.093
4.00,1705,6.748,4.324,0.098
4.00,1706,-4.460,6.633,0.094
4.00,1707,-1.175,7.987,0.100
4.00,1708,-0.004,-8.100,0.090
4.00,1709,-3.694,7.111,0.102
4.00,1710,-4.943,-6.279,0.094
4.00,1711,-3.722,7.096,0.102
4.00,1712,-2.563,-7.626,0.104
4.00,1713,8.031,-0.975,0.092
4.00,1714,-3.072,-7.422,0.100
4.00,1715,4.264,-6.784,0.094
4.00,1716,-3.644,7.138,0.101
4.00,1717,8.030,-0.981,0.092
4.00,1718,2.755,7.561,0.110
4.00,1719,-4.530,6.584,0.093
4.00,1720,3.489,7.234,0.104
4.00,1721,-7.128,3.670,0.104
4.00,1722,8.087,0.603,0.091
4.00,1723,8.094,0.401,0.090
4.00,1724,-2.547,-7.633,0.103
4.00,1725,-4.067,-6.896,0.098
4.00,1726,4.584,-6.567,0.091
4.00,1727,7.144,3.687,0.102
4.00,1728,2.599,7.625,0.111
4.00,1729,-6.002,-5.281,0.089
4.00,1730,-7.618,-2.584,0.109
4.00,1731,7.930,-1.548,0.094
4.00,1732,-6.338,-4.871,0.096
4.00,1733,-7.320,-3.306,0.103
4.00,1734,7.849,1.985,0.098
4.00,1735,2.377,-7.723,0.099
4.00,1736,8.096,-0.252,0.090
4.00,1737,-8.003,1.144,0.093
4.00,1738,6.175,-5.061,0.091
4.00,1739,-7.455,-2.992,0.105
4.00,1740,6.088,5.186,0.093
4.00,1741,2.028,-7.834,0.096
4.00,1742,-3.010,-7.447,0.100
4.00,1743,0.878,8.042,0.097
4.00,1744,6.162,-5.077,0.091
4.00,1745,4.637,6.519,0.097
4.00,1746,2.575,7.636,0.111
4.00,1747,-8.081,0.228,0.093
4.00,1748,-8.082,-0.186,0.093
4.00,1749,8.027,1.122,0.092
4.00,1750,1.454,-7.967,0.092
4.00,1751,-2.514,-7.646,0.103
4.00,1752,8.067,0.794,0.091
4.00,1753,-0.727,8.048,0.098
4.00,1754,-4.499,6.606,0.093
4.00,1755,3.343,7.307,0.104
4.00,1756,-5.172,-6.094,0.091
4.00,1757,-7.476,2.945,0.104
4.00,1758,2.022,7.822,0.103
4.00,1759,-6.884,4.070,0.102
4.00,1760,-3.076,7.414,0.105
4.00,1761,-2.403,7.676,0.110
4.00,1762,7.881,-1.762,0.096
4.00,1763,-5.079,6.150,0.092
4.00,1764,3.786,7.073,0.107
4.00,1765,-1.843,7.849,0.104
4.00,1766,-7.345,3.250,0.103
4.00,1767,-7.213,-3.521,0.102
4.00,1768,7.963,-1.399,0.093
4.00,1769,5.383,5.906,0.091
4.00,1770,-7.386,3.165,0.104
4.00,1771,-3.007,7.442,0.106
4.00,1772,3.828,-7.062,0.099
4.00,1773,-1.498,7.926,0.102
4.00,1774,-2.159,-7.765,0.097
4.00,1775,-8.069,0.554,0.093
4.00,1776,-3.123,7.395,0.105
4.00,1777,5.532,5.763,0.094
4.00,1778,4.071,6.894,0.103
4.00,1779,-6.587,-4.550,0.095
4.00,1780,-7.912,-1.590,0.098
4.00,1781,3.565,7.193,0.104
4.00,1782,6.603,4.541,0.097
4.00,1783,7.937,-1.517,0.094
4.00,1784,-2.151,-7.768,0.097
4.00,1785,-6.902,4.041,0.103
4.00,1786,-3.619,7.152,0.101
4.00,1787,2.036,7.818,0.103
4.00,1788,-6.909,4.030,0.103
4.00,1789,-1.917,-7.841,0.095
4.00,1790,7.994,1.343,0.093
4.00,1791,7.393,3.198,0.103
4.00,1792,7.313,-3.305,0.099
4.00,1793,-6.831,-4.176,0.099
4.00,1794,-2.079,-7.791,0.096
4.00,1795,-7.460,-2.981,0.105
4.00,1796,-7.606,2.625,0.108
4.00,1797,7.858,1.956,0.098
4.00,1798,-1.073,8.001,0.100
4.00,1799,7.965,-1.388,0.093
4.00,1800,-2.631,-7.598,0.104
4.00,1801,-0.545,8.064,0.098
4.00,1802,-7.647,-2.511,0.108
4.00,1803,-3.455,-7.244,0.098
4.00,1804,-3.152,-7.390,0.100
4.00,1805,-6.116,5.117,0.094
4.00,1806,-4.533,6.582,0.093
4.00,1807,4.538,6.591,0.098
4.00,1808,-5.366,5.900,0.088
4.00,1809,-8.065,0.636,0.093
4.00,1810,-7.821,2.003,0.098
4.00,1811,5.560,-5.729,0.090
4.00,1812,7.795,2.159,0.099
4.00,1813,-0.202,-8.090,0.090
4.00,1814,6.165,-5.073,0.091
4.00,1815,3.229,-7.378,0.098
4.00,1816,7.301,-3.330,0.099
4.00,1817,8.087,-0.425,0.090
4.00,1818,-8.064,0.652,0.093
4.00,1819,-6.005,5.248,0.091
4.00,1820,-4.465,6.630,0.094
4.00,1821,7.969,-1.373,0.093
4.00,1822,3.831,-7.060,0.099
4.00,1823,-3.037,-7.436,0.100
4.00,1824,1.442,-7.970,0.092
4.00,1825,-4.522,6.590,0.093
4.00,1826,-6.200,-5.044,0.094
4.00,1827,-7.675,2.448,0.105
4.00,1828,3.185,-7.399,0.099
4.00,1829,8.016,-1.087,0.092
4.00,1830,-6.253,-4.978,0.095
4.00,1831,2.020,-7.837,0.096
4.00,1832,6.176,-5.059,0.091
4.00,1833,2.989,7.466,0.107
4.00,1834,-1.226,-7.989,0.091
4.00,1835,8.056,0.882,0.091
4.00,1836,5.386,5.903,0.091
4.00,1837,7.889,1.838,0.097
4.00,1838,7.905,1.763,0.096
4.00,1839,-7.579,2.691,0.107
4.00,1840,-7.342,-3.258,0.103
4.00,1841,8.090,0.528,0.091
4.00,1842,1.928,-7.865,0.095
4.00,1843,-6.121,5.111,0.094
4.00,1844,-6.048,5.198,0.092
4.00,1845,-7.958,-1.373,0.097
4.00,1846,0.755,-8.066,0.090
4.00,1847,7.876,-1.786,0.096
4.00,1848,5.392,-5.895,0.086
4.00,1849,2.094,-7.814,0.096
4.00,1850,-2.145,-7.770,0.097
4.00,1851,2.567,7.639,0.111
4.00,1852,7.615,2.661,0.107
4.00,1853,7.883,1.866,0.097
4.00,1854,7.829,2.051,0.098
4.00,1855,-2.676,7.574,0.110
4.00,1856,-0.008,-8.100,0.090
4.00,1857,-6.189,5.028,0.095
4.00,1858,6.521,-4.624,0.091
4.00,1859,-7.703,2.367,0.103
4.00,1860,7.109,-3.699,0.099
4.00,1861,5.735,-5.552,0.090
4.00,1862,6.090,-5.166,0.088
4.00,1863,-7.348,-3.246,0.103
4.00,1864,3.356,7.301,0.104
4.00,1865,-2.656,7.582,0.111
4.00,1866,6.646,4.480,0.098
4.00,1867,-3.870,7.009,0.103
4.00,1868,-2.197,-7.753,0.098
4.00,1869,-3.160,7.380,0.105
4.00,1870,-3.544,7.192,0.101
4.00,1871,5.956,5.335,0.091
4.00,1872,5.055,-6.189,0.091
4.00,1873,-4.460,6.634,0.094
4.00,1874,6.653,-4.438,0.093
4.00,1875,2.043,7.816,0.103
4.00,1876,7.993,1.345,0.093
4.00,1877,-7.423,3.076,0.104
4.00,1878,7.890,1.832,0.096
4.00,1879,-4.608,-6.543,0.093
4.00,1880,2.607,7.622,0.111
4.00,1881,-4.036,-6.915,0.099
4.00,1882,-4.493,6.611,0.093
4.00,1883,-8.083,0.178,0.093
4.00,1884,7.991,1.357,0.093
4.00,1885,-7.367,-3.206,0.104
4.00,1886,-3.065,7.418,0.105
4.00,1887,-7.257,-3.433,0.102
4.00,1888,3.806,-7.076,0.099
4.00,1889,7.914,1.723,0.095
4.00,1890,6.434,-4.737,0.091
4.00,1891,2.583,-7.648,0.103
4.00,1892,7.756,2.282,0.101
4.00,1893,-4.478,6.621,0.094
4.00,1894,-2.601,-7.610,0.104
4.00,1895,4.683,-6.492,0.091
4.00,1896,3.812,-7.072,0.099
4.00,1897,5.438,5.854,0.092
4.00,1898,7.622,-2.572,0.106
4.00,1899,6.674,-4.405,0.093
4.00,1900,3.255,-7.365,0.098
4.00,1901,3.782,-7.090,0.099
4.00,1902,-6.618,-4.505,0.096
4.00,1903,-7.283,-3.381,0.102
4.00,1904,-7.805,2.056,0.099
4.00,1905,-3.315,-7.313,0.098
4.00,1906,6.860,-4.110,0.096
4.00,1907,1.528,7.940,0.099
4.00,1908,6.682,-4.392,0.093
4.00,1909,7.342,-3.246,0.099
4.00,1910,-7.422,3.078,0.104
4.00,1911,-1.735,-7.883,0.094
4.00,1912,-7.113,-3.711,0.103
4.00,1913,8.007,1.278,0.093
4.00,1914,2.984,7.467,0.107
4.00,1915,-0.254,8.079,0.097
4.00,1916,-7.434,-3.046,0.104
4.00,1917,7.757,-2.189,0.100
4.00,1918,-3.877,7.004,0.103
4.00,1919,7.134,-3.654,0.099
4.00,1920,4.669,-6.503,0.091
4.00,1921,8.015,-1.090,0.092
4.00,1922,-2.373,-7.694,0.100
4.00,1923,-2.768,-7.544,0.102
4.00,1924,-7.261,-3.425,0.102
4.00,1925,2.571,7.638,0.111
4.00,1926,-3.136,-7.396,0.100
4.00,1927,0.573,-8.082,0.090
4.00,1928,-0.503,-8.074,0.090
4.00,1929,-8.089,0.029,0.093
4.00,1930,7.640,2.604,0.107
4.00,1931,8.073,0.736,0.091
4.00,1932,5.210,6.059,0.093
4.00,1933,-2.388,7.681,0.109
4.00,1934,-2.538,-7.637,0.103
4.00,1935,-4.505,6.602,0.093
4.00,1936,4.574,6.566,0.097
4.00,1937,-7.354,-3.235,0.103
4.00,1938,8.000,1.311,0.093
4.00,1939,-7.790,2.103,0.099
4.00,1940,8.043,0.991,0.092
4.00,1941,-1.365,7.955,0.101
4.00,1942,-7.369,-3.201,0.104
4.00,1943,-2.025,-7.808,0.096
4.00,1944,5.560,-5.729,0.090
4.00,1945,7.969,-1.371,0.093
4.00,1946,3.802,7.064,0.107
4.00,1947,6.662,4.456,0.098
4.00,1948,-4.462,6.632,0.094
4.00,1949,-7.028,3.841,0.106
4.00,1950,7.575,2.759,0.106
4.00,1951,-7.802,2.064,0.099
4.00,1952,6.177,5.079,0.096
4.00,1953,7.113,-3.692,0.099
4.00,1954,-0.804,8.037,0.099
4.00,1955,8.093,-0.303,0.090
4.00,1956,-3.408,-7.268,0.098
4.00,1957,-3.872,7.007,0.103
4.00,1958,-7.305,-3.336,0.102
4.00,1959,7.601,-2.621,0.106
4.00,1960,-7.231,-3.486,0.102
4.00,1961,7.728,-2.278,0.101
4.00,1962,7.873,1.907,0.097
4.00,1963,7.810,2.111,0.099
4.00,1964,7.017,-3.858,0.101
4.00,1965,-1.812,-7.865,0.094
4.00,1966,-3.031,-7.439,0.100
4.00,1967,-8.079,0.302,0.093
4.00,1968,7.061,-3.786,0.100
4.00,1969,-7.611,-2.600,0.110
4.00,1970,5.374,5.915,0.091
4.00,1971,-7.678,2.439,0.105
4.00,1972,-2.105,-7.782,0.097
4.00,1973,6.142,5.122,0.095
4.00,1974,7.836,2.029,0.098
4.00,1975,2.656,7.601,0.111
4.00,1976,-2.559,7.621,0.112
4.00,1977,1.340,-7.991,0.092
4.00,1978,-7.810,-2.012,0.101
4.00,1979,-2.952,-7.471,0.100
4.00,1980,6.155,-5.086,0.090
4.00,1981,7.652,2.577,0.106
4.00,1982,-1.444,-7.947,0.092
4.00,1983,-5.089,6.141,0.091
4.00,1984,-2.971,-7.463,0.100
4.00,1985,-3.054,7.423,0.105
4.00,1986,-7.361,-3.219,0.104
4.00,1987,-7.478,2.942,0.104
4.00,1988,5.459,5.834,0.092
4.00,1989,-1.510,-7.932,0.092
4.00,1990,-7.577,-2.686,0.108
4.00,1991,-6.133,-5.127,0.093
4.00,1992,-2.066,-7.795,0.096
4.00,1993,3.425,7.266,0.104
4.00,1994,5.424,-5.865,0.087
4.00,1995,-5.773,5.496,0.091
4.00,1996,4.571,6.567,0.097
4.00,1997,-4.404,6.670,0.094
4.00,1998,-7.404,3.122,0.104
4.00,1999,5.455,5.839,0.092
4.00,2000,-3.888,6.997,0.103
4.00,2001,-7.109,-3.717,0.103
4.00,2002,-8.033,-0.854,0.095
4.00,2003,-2.589,-7.615,0.104
4.00,2004,6.749,4.323,0.098
4.00,2005,3.062,7.436,0.107
4.00,2006,4.571,6.567,0.097
4.00,2007,1.373,7.973,0.099
4.00,2008,5.512,-5.778,0.088
4.00,2009,1.392,-7.980,0.092
4.00,2010,2.587,7.630,0.111
4.00,2011,-4.499,6.606,0.093
4.00,2012,7.489,2.970,0.104
4.00,2013,2.601,-7.640,0.103
4.00,2014,-0.897,-8.033,0.090
4.00,2015,-7.366,-3.209,0.104
4.00,2016,7.647,-2.510,0.105
4.00,2017,-2.855,7.503,0.107
4.00,2018,-0.200,8.082,0.097
4.00,2019,7.738,-2.246,0.101
4.00,2020,-2.462,-7.664,0.102
4.00,2021,7.905,1.766,0.096
4.00,2022,2.038,7.817,0.103
4.00,2023,-7.922,-1.544,0.097
4.00,2024,-7.655,2.506,0.106
4.00,2025,7.752,-2.205,0.100
4.00,2026,0.569,-8.082,0.090
4.00,2027,-7.882,-1.728,0.099
4.00,2028,-2.391,-7.688,0.101
4.00,2029,1.304,7.987,0.099
4.00,2030,6.659,-4.427,0.093
4.00,2031,8.099,0.260,0.090
4.00,2032,-7.937,1.510,0.095
4.00,2033,-7.918,1.599,0.095
4.00,2034,8.049,0.944,0.092
4.00,2035,-7.549,2.767,0.106
4.00,2036,-3.858,7.016,0.103
4.00,2037,-2.871,7.497,0.107
4.00,2038,-8.024,0.974,0.093
4.00,2039,7.718,2.395,0.103
4.00,2040,-4.461,6.633,0.094
4.00,2041,1.045,-8.032,0.091
4.00,2042,3.826,7.049,0.107
4.00,2043,-3.196,-7.370,0.099
4.00,2044,3.287,-7.349,0.098
4.00,2045,7.740,-2.240,0.100
4.00,2046,5.245,6.030,0.092
4.00,2047,-3.331,-7.305,0.098
4.00,2048,-3.712,7.102,0.102
4.00,2049,4.607,-6.550,0.091
4.00,2050,-7.690,2.405,0.104
4.00,2051,-3.862,7.014,0.103
4.00,2052,3.366,-7.310,0.097
4.00,2053,7.542,2.840,0.105
4.00,2054,6.107,-5.144,0.089
4.00,2055,-6.890,4.060,0.103
4.00,2056,5.668,-5.619,0.090
4.00,2057,-2.074,-7.792,0.096
4.00,2058,-3.653,7.134,0.101
4.00,2059,7.924,-1.573,0.095
4.00,2060,8.083,-0.502,0.091
4.00,2061,-7.838,1.948,0.098
4.00,2062,-6.830,-4.176,0.099
4.00,2063,-0.470,8.068,0.098
4.00,2064,7.951,-1.454,0.094
4.00,2065,-1.707,7.880,0.103
4.00,2066,3.219,-7.382,0.098
4.00,2067,-3.482,7.224,0.101
4.00,2068,-3.862,7.013,0.103
4.00,2069,-1.479,7.930,0.101
4.00,2070,-7.610,-2.603,0.110
4.00,2071,7.196,-3.537,0.098
4.00,2072,4.708,-6.472,0.091
4.00,2073,7.465,3.028,0.104
4.00,2074,-7.367,-3.206,0.104
4.00,2075,-7.404,3.122,0.104
4.00,2076,2.201,-7.780,0.097
4.00,2077,-5.120,6.116,0.090
4.00,2078,-8.084,0.160,0.093
4.00,2079,1.020,-8.035,0.091
4.00,2080,-1.656,-7.900,0.093
4.00,2081,-3.061,7.420,0.105
4.00,2082,-1.511,7.923,0.102
4.00,2083,-3.421,7.255,0.101
4.00,2084,-1.283,7.972,0.101
4.00,2085,7.121,-3.677,0.099
4.00,2086,-2.886,-7.497,0.100
4.00,2087,2.134,7.787,0.104
4.00,2088,4.541,6.589,0.098
4.00,2089,8.097,0.330,0.090
4.00,2090,-7.307,-3.332,0.102
4.00,2091,-7.489,2.915,0.104
4.00,2092,7.713,2.410,0.103
4.00,2093,-0.120,-8.094,0.090
4.00,2094,2.053,7.813,0.103
4.00,2095,-3.884,6.999,0.103
4.00,2096,-7.112,3.698,0.104
4.00,2097,4.523,6.602,0.098
4.00,2098,2.444,-7.700,0.100
4.00,2099,-2.589,-7.615,0.104
4.00,2100,4.590,-6.563,0.091
4.00,2101,-7.799,-2.049,0.101
4.00,2102,-7.500,-2.880,0.105
4.00,2103,-7.993,-1.170,0.096
4.00,2104,-3.754,7.078,0.102
4.00,2105,7.903,-1.666,0.095
4.00,2106,0.803,8.051,0.097
4.00,2107,6.655,-4.434,0.093
4.00,2108,7.969,-1.371,0.093
4.00,2109,-7.128,-3.682,0.103
4.00,2110,-7.367,-3.206,0.104
4.00,2111,-8.079,-0.238,0.093
4.00,2112,2.577,7.635,0.111
4.00,2113,-5.143,6.097,0.090
4.00,2114,-1.626,-7.907,0.093
4.00,2115,5.359,-5.926,0.086
4.00,2116,-7.438,3.039,0.104
4.00,2117,0.617,-8.080,0.090
4.00,2118,-6.743,-4.316,0.097
4.00,2119,7.976,1.428,0.094
4.00,2120,8.017,-1.081,0.092
4.00,2121,-0.286,-8.085,0.090
4.00,2122,-3.631,7.146,0.101
4.00,2123,8.094,-0.298,0.090
4.00,2124,-7.899,-1.650,0.098
4.00,2125,6.633,-4.467,0.093
4.00,2126,6.063,-5.198,0.088
4.00,2127,-3.690,7.113,0.102
4.00,2128,-3.494,-7.224,0.098
4.00,2129,1.687,-7.919,0.093
4.00,2130,8.103,-0.111,0.090
4.00,2131,-2.591,-7.614,0.104
4.00,2132,2.357,-7.729,0.099
4.00,2133,4.598,-6.557,0.091
4.00,2134,8.060,0.848,0.091
4.00,2135,-3.089,-7.415,0.100
4.00,2136,4.552,6.581,0.098
4.00,2137,7.463,-2.963,0.101
4.00,2138,-2.259,-7.732,0.098
4.00,2139,-3.479,7.225,0.101
4.00,2140,0.717,-8.070,0.090
4.00,2141,2.124,7.790,0.104
4.00,2142,-7.329,-3.286,0.103
4.00,2143,-7.361,-3.219,0.104
4.00,2144,7.163,-3.599,0.098
4.00,2145,5.997,5.289,0.091
4.00,2146,7.211,-3.508,0.098
4.00,2147,7.950,-1.457,0.094
4.00,2148,6.712,-4.345,0.093
4.00,2149,3.272,-7.357,0.098
4.00,2150,-2.396,-7.687,0.101
4.00,2151,7.310,-3.312,0.099
4.00,2152,8.035,1.055,0.092
4.00,2153,-8.010,1.089,0.093
4.00,2154,-2.106,-7.782,0.097
4.00,2155,6.649,-4.444,0.093
4.00,2156,5.330,5.955,0.091
4.00,2157,-3.093,7.407,0.105
4.00,2158,-4.214,6.793,0.096
4.00,2159,7.581,2.743,0.106
4.00,2160,-3.868,7.010,0.103
4.00,2161,-4.471,6.626,0.094
4.00,2162,-5.972,5.286,0.090
4.00,2163,-2.073,-7.792,0.096
4.00,2164,-7.361,-3.219,0.104
4.00,2165,2.138,7.786,0.104
4.00,2166,-3.226,-7.356,0.099
4.00,2167,-6.279,4.915,0.097
4.00,2168,-7.685,2.421,0.104
4.00,2169,-7.928,1.553,0.095
4.00,2170,-1.855,7.846,0.104
4.00,2171,6.709,-4.351,0.093
4.00,2172,8.104,0.115,0.090
4.00,2173,7.331,3.326,0.102
4.00,2174,6.210,5.038,0.096
4.00,2175,3.804,7.063,0.107
4.00,2176,7.869,1.921,0.097
4.00,2177,-7.612,2.609,0.108
4.00,2178,7.315,-3.302,0.099
4.00,2179,3.981,-6.964,0.099
4.00,2180,2.583,7.632,0.111
4.00,2181,-3.453,7.239,0.101
4.00,2182,-2.907,-7.488,0.100
4.00,2183,-2.086,-7.788,0.096
4.00,2184,1.257,7.996,0.098
4.00,2185,2.576,7.635,0.111
4.00,2186,-4.478,6.621,0.094
4.00,2187,-7.303,-3.340,0.102
4.00,2188,-7.972,-1.308,0.096
4.00,2189,-7.418,3.087,0.104
4.00,2190,7.471,-2.943,0.101
4.00,2191,-7.752,2.220,0.101
4.00,2192,6.066,-5.193,0.088
4.00,2193,-2.815,7.519,0.108
4.00,2194,-3.975,-6.952,0.101
4.00,2195,-2.083,7.781,0.106
4.00,2196,5.433,5.860,0.092
4.00,2197,4.604,-6.552,0.091
4.00,2198,7.037,3.870,0.104
4.00,2199,-8.068,0.567,0.093
4.00,2200,-3.917,6.978,0.103
4.00,2201,-3.266,7.331,0.103
4.00,2202,3.809,-7.074,0.099
4.00,2203,7.105,3.758,0.103
4.00,2204,7.027,3.887,0.104
4.00,2205,6.369,-4.817,0.092
4.00,2206,7.924,1.674,0.095
4.00,2207,7.576,-2.683,0.105
4.00,2208,0.575,8.073,0.097
4.00,2209,-6.945,3.972,0.105
4.00,2210,1.436,-7.971,0.092
4.00,2211,-7.368,-3.204,0.104
4.00,2212,-7.628,2.574,0.107
4.00,2213,0.271,8.083,0.097
4.00,2214,7.311,-3.310,0.099
4.00,2215,-7.807,-2.023,0.101
4.00,2216,-1.699,-7.891,0.093
4.00,2217,-8.085,-0.112,0.093
4.00,2218,-7.704,2.365,0.103
4.00,2219,6.909,4.072,0.102
4.00,2220,7.785,2.192,0.100
4.00,2221,1.416,7.964,0.099
4.00,2222,8.002,1.303,0.093
4.00,2223,7.785,-2.104,0.099
4.00,2224,-2.966,-7.465,0.100
4.00,2225,7.817,-2.005,0.098
4.00,2226,-8.085,0.144,0.093
4.00,2227,-1.939,-7.834,0.095
4.00,2228,-7.412,-3.099,0.104
4.00,2229,-8.066,-0.545,0.094
4.00,2230,-7.710,2.347,0.103
4.00,2231,3.256,7.350,0.105
4.00,2232,-7.924,1.572,0.095
4.00,2233,7.732,2.355,0.102
4.00,2234,7.267,3.453,0.101
4.00,2235,1.322,-7.994,0.092
4.00,2236,1.561,7.933,0.100
4.00,2237,-2.407,-7.683,0.101
4.00,2238,7.920,1.694,0.095
4.00,2239,-7.945,1.475,0.094
4.00,2240,-7.596,2.649,0.107
4.00,2241,-2.979,7.453,0.106
4.00,2242,-7.777,2.145,0.100
4.00,2243,-7.892,1.719,0.096
4.00,2244,7.957,-1.428,0.094
4.00,2245,8.095,-0.272,0.090
4.00,2246,-2.075,7.784,0.106
4.00,2247,7.107,-3.704,0.099
4.00,2248,-7.931,1.541,0.095
4.00,2249,8.038,1.036,0.092
4.00,2250,-5.075,-6.174,0.093
4.00,2251,-0.771,-8.050,0.090
4.00,2252,5.512,5.784,0.093
4.00,2253,-7.598,2.646,0.107
4.00,2254,-7.913,1.624,0.095
4.00,2255,4.661,-6.509,0.091
4.00,2256,5.888,5.408,0.091
4.00,2257,7.688,-2.394,0.103
4.00,2258,-7.932,-1.498,0.097
4.00,2259,-2.532,-7.640,0.103
4.00,2260,-5.200,6.049,0.089
4.00,2261,-3.723,7.095,0.102
4.00,2262,-7.269,3.404,0.102
4.00,2263,3.802,7.064,0.107
4.00,2264,7.616,2.657,0.107
4.00,2265,7.611,-2.596,0.106
4.00,2266,-0.040,8.091,0.097
4.00,2267,5.323,5.960,0.091
4.00,2268,5.510,5.786,0.093
4.00,2269,6.622,-4.483,0.093
4.00,2270,8.087,0.618,0.091
4.00,2271,-3.389,7.271,0.102
4.00,2272,3.298,7.330,0.105
4.00,2273,6.638,-4.460,0.093
4.00,2274,3.420,7.269,0.104
4.00,2275,-7.663,2.482,0.106
4.00,2276,2.470,-7.691,0.101
4.00,2277,0.272,8.083,0.097
4.00,2278,-7.571,-2.702,0.108
4.00,2279,-6.215,-5.025,0.094
4.00,2280,7.633,-2.547,0.106
4.00,2281,-7.708,2.353,0.103
4.00,2282,7.609,2.674,0.107
4.00,2283,6.062,5.216,0.092
4.00,2284,5.814,-5.473,0.088
4.00,2285,-6.343,4.836,0.098
4.00,2286,-7.326,3.289,0.103
4.00,2287,7.626,-2.562,0.106
4.00,2288,-7.469,2.963,0.104
4.00,2289,6.075,5.201,0.093
4.00,2290,-8.021,0.998,0.093
4.00,2291,-4.649,-6.512,0.093
4.00,2292,1.437,-7.971,0.092
4.00,2293,-7.368,-3.203,0.104
4.00,2294,8.050,-0.835,0.091
4.00,2295,5.428,5.864,0.092
4.00,2296,3.949,6.970,0.107
4.00,2297,1.808,7.880,0.101
4.00,2298,4.557,6.578,0.098
4.00,2299,-1.481,-7.938,0.092
4.00,2300,6.025,5.257,0.092
4.00,2301,-6.875,-4.105,0.100
4.00,2302,-8.034,-0.852,0.094
4.00,2303,-1.226,7.980,0.100
4.00,2304,6.807,4.233,0.099
4.00,2305,6.063,-5.198,0.088
4.00,2306,-7.107,3.707,0.104
4.00,2307,-7.285,-3.377,0.102
4.00,2308,-8.069,-0.465,0.094
4.00,2309,-7.525,2.825,0.105
4.00,2310,8.071,-0.677,0.091
4.00,2311,-2.587,7.609,0.112
4.00,2312,7.612,-2.595,0.106
4.00,2313,1.686,7.906,0.100
4.00,2314,-7.146,3.636,0.103
4.00,2315,-6.944,-3.993,0.103
4.00,2316,6.243,-4.975,0.091
4.00,2317,-7.772,2.159,0.100
4.00,2318,-7.511,2.861,0.105
4.00,2319,7.689,-2.391,0.103
4.00,2320,-7.452,3.004,0.104
4.00,2321,6.112,-5.138,0.089
4.00,2322,-7.718,2.324,0.103
4.00,2323,7.602,-2.620,0.106
4.00,2324,-2.391,-7.688,0.101
4.00,2325,-2.143,-7.770,0.097
4.00,2326,2.572,7.637,0.111
4.00,2327,-3.021,-7.443,0.100
4.00,2328,8.044,-0.879,0.091
4.00,2329,-6.685,4.380,0.099
4.00,2330,-7.894,1.709,0.096
4.00,2331,7.669,-2.447,0.104
4.00,2332,-2.654,-7.589,0.103
4.00,2333,3.805,7.063,0.107
4.00,2334,7.806,2.123,0.099
4.00,2335,7.282,-3.369,0.098
4.00,2336,-7.341,-3.261,0.103
4.00,2337,-0.604,-8.069,0.090
4.00,2338,-3.919,6.976,0.103
4.00,2339,6.026,5.257,0.092
4.00,2340,-7.649,2.524,0.106
4.00,2341,7.588,-2.653,0.105
4.00,2342,7.350,3.288,0.102
4.00,2343,-7.775,-2.125,0.102
4.00,2344,8.091,0.503,0.091
4.00,2345,-1.674,-7.896,0.093
4.00,2346,-7.617,2.599,0.108
4.00,2347,-7.817,2.016,0.099
4.00,2348,1.493,7.948,0.099
4.00,2349,6.190,5.063,0.096
4.00,2350,-4.457,6.635,0.094
4.00,2351,1.000,-8.037,0.091
4.00,2352,-7.349,-3.244,0.103
4.00,2353,-2.491,-7.654,0.102
4.00,2354,-8.082,0.207,0.093
4.00,2355,-5.229,6.023,0.088
4.00,2356,8.071,0.758,0.091
4.00,2357,-1.467,-7.942,0.092
4.00,2358,3.266,7.345,0.105
4.00,2359,-7.881,1.769,0.096
4.00,2360,-7.340,-3.264,0.103
4.00,2361,-2.643,-7.593,0.103
4.00,2362,-3.624,-7.157,0.099
4.00,2363,1.947,-7.859,0.095
4.00,2364,4.620,6.532,0.097
4.00,2365,6.132,5.134,0.094
4.00,2366,2.496,-7.683,0.101
4.00,2367,-8.023,0.983,0.093
4.00,2368,-2.211,-7.748,0.098
4.00,2369,-4.022,-6.923,0.099
4.00,2370,-2.283,-7.725,0.099
4.00,2371,-1.856,-7.855,0.095
4.00,2372,-8.081,0.228,0.093
4.00,2373,4.709,-6.472,0.091
4.00,2374,7.265,-3.403,0.098
4.00,2375,-7.349,-3.244,0.103
4.00,2376,-8.036,-0.836,0.094
4.00,2377,0.850,-8.055,0.091
4.00,2378,-7.905,1.658,0.096
4.00,2379,2.421,-7.708,0.100
4.00,2380,-7.941,-1.456,0.097
4.00,2381,-6.964,-3.960,0.104
4.00,2382,4.586,6.556,0.097
4.00,2383,-7.782,2.128,0.100
4.00,2384,4.523,6.602,0.098
4.00,2385,-7.351,-3.239,0.103
4.00,2386,-2.069,-7.794,0.096
4.00,2387,3.800,7.066,0.107
4.00,2388,3.523,7.216,0.104
4.00,2389,-3.530,7.199,0.101
4.00,2390,-7.381,-3.177,0.104
4.00,2391,-7.316,3.309,0.103
4.00,2392,-3.828,7.035,0.103
4.00,2393,7.570,2.771,0.106
4.00,2394,-7.415,3.094,0.104
4.00,2395,2.245,7.751,0.105
4.00,2396,4.623,-6.538,0.091
4.00,2397,0.877,-8.051,0.091
4.00,2398,3.684,7.130,0.105
4.00,2399,1.324,-7.994,0.092
4.00,2400,-7.214,3.509,0.102
4.00,2401,6.146,-5.097,0.090
4.00,2402,-7.607,-2.609,0.109
4.00,2403,6.704,4.393,0.098
4.00,2404,3.711,-7.129,0.098
4.00,2405,3.205,7.375,0.106
4.00,2406,-2.532,7.632,0.112
4.00,2407,-2.590,-7.615,0.104
4.00,2408,7.527,-2.805,0.103
4.00,2409,-4.746,-6.438,0.094
4.00,2410,5.288,5.992,0.092
4.00,2411,5.342,5.943,0.091
4.00,2412,-7.043,3.818,0.106
4.00,2413,-3.092,-7.414,0.100
4.00,2414,-7.337,-3.269,0.103
4.00,2415,-8.010,-1.038,0.095
4.00,2416,7.529,2.872,0.105
4.00,2417,-3.571,7.177,0.101
4.00,2418,-4.289,-6.757,0.095
4.00,2419,-5.238,6.015,0.088
4.00,2420,-5.639,5.629,0.092
4.00,2421,8.027,-1.009,0.092
4.00,2422,2.517,-7.675,0.102
4.00,2423,2.167,-7.791,0.097
4.00,2424,3.788,-7.086,0.099
4.00,2425,-2.422,7.670,0.110
4.00,2426,-2.371,-7.695,0.100
4.00,2427,-6.102,-5.165,0.091
4.00,2428,8.087,0.620,0.091
4.00,2429,8.033,1.077,0.092
4.00,2430,-2.680,-7.579,0.103
4.00,2431,2.462,-7.694,0.101
4.00,2432,-5.224,6.028,0.088
4.00,2433,8.012,1.248,0.093
4.00,2434,6.741,4.336,0.098
4.00,2435,-2.358,7.691,0.109
4.00,2436,3.814,7.057,0.107
4.00,2437,7.649,-2.503,0.105
4.00,2438,-7.607,-2.610,0.109
4.00,2439,6.457,4.735,0.096
4.00,2440,5.337,5.948,0.091
4.00,2441,7.667,2.541,0.106
4.00,2442,5.487,5.808,0.093
4.00,2443,3.792,7.070,0.107
4.00,2444,6.705,-4.357,0.093
4.00,2445,4.598,6.548,0.097
4.00,2446,-5.325,-5.962,0.089
4.00,2447,-4.947,-6.275,0.094
4.00,2448,-2.287,-7.723,0.099
4.00,2449,7.260,-3.412,0.098
4.00,2450,-7.365,-3.211,0.104
4.00,2451,-7.891,1.726,0.096
4.00,2452,8.091,-0.357,0.090
4.00,2453,5.392,5.898,0.091
4.00,2454,-2.122,-7.777,0.097
4.00,2455,2.449,-7.698,0.100
4.00,2456,-1.982,7.813,0.105
4.00,2457,0.899,-8.049,0.091
4.00,2458,-7.207,-3.532,0.102
4.00,2459,7.073,-3.765,0.100
4.00,2460,-2.982,-7.458,0.100
4.00,2461,-0.932,-8.029,0.090
4.00,2462,4.539,6.590,0.098
4.00,2463,0.420,-8.086,0.090
4.00,2464,2.009,7.827,0.103
4.00,2465,-7.938,1.507,0.095
4.00,2466,-7.942,-1.452,0.097
4.00,2467,2.595,7.627,0.111
4.00,2468,-7.572,2.710,0.106
4.00,2469,-6.130,-5.131,0.092
4.00,2470,2.863,7.517,0.108
4.00,2471,-7.362,-3.217,0.104
4.00,2472,-7.196,-3.554,0.102
4.00,2473,-7.837,1.951,0.098
4.00,2474,-1.027,8.007,0.099
4.00,2475,-7.541,2.787,0.105
4.00,2476,7.883,-1.753,0.096
4.00,2477,7.410,3.162,0.104
4.00,2478,-2.722,7.555,0.109
4.00,2479,7.736,-2.252,0.101
4.00,2480,-7.266,-3.416,0.102
4.00,2481,-0.259,8.079,0.097
4.00,2482,-2.364,7.689,0.109
4.00,2483,3.317,7.321,0.105
4.00,2484,-8.005,1.131,0.093
4.00,2485,-7.930,1.546,0.095
4.00,2486,8.104,-0.097,0.090
4.00,2487,-7.463,2.977,0.104
4.00,2488,7.725,-2.286,0.101
4.00,2489,-7.800,2.073,0.099
4.00,2490,6.228,-4.994,0.091
4.00,2491,0.143,-8.095,0.090
4.00,2492,7.837,-1.943,0.098
4.00,2493,-1.989,-7.819,0.096
4.00,2494,-3.351,-7.296,0.098
4.00,2495,-4.500,6.605,0.093
4.00,2496,8.098,0.304,0.090
4.00,2497,-5.076,6.152,0.092
4.00,2498,7.618,2.655,0.107
4.00,2499,-7.364,-3.212,0.104
4.00,2500,2.131,-7.802,0.096
4.00,2501,0.621,8.072,0.097
4.00,2502,6.785,-4.231,0.094
4.00,2503,1.968,-7.853,0.095
4.00,2504,-7.696,2.387,0.104
4.00,2505,-7.259,-3.429,0.102
4.00,2506,2.311,-7.745,0.098
4.00,2507,-7.953,-1.396,0.097
4.00,2508,-5.317,5.944,0.088
4.00,2509,7.681,-2.413,0.103
4.00,2510,3.317,7.320,0.105
4.00,2511,4.648,-6.519,0.091
4.00,2512,6.599,-4.516,0.092
4.00,2513,-1.307,-7.976,0.091
4.00,2514,0.718,8.061,0.097
4.00,2515,8.018,-1.074,0.092
4.00,2516,3.285,7.336,0.105
4.00,2517,-7.685,2.419,0.104
4.00,2518,-7.246,3.448,0.102
4.00,2519,-2.115,7.771,0.106
4.00,2520,-7.383,3.172,0.104
4.00,2521,-5.736,-5.561,0.092
4.00,2522,-7.698,2.382,0.104
4.00,2523,-7.124,3.676,0.104
4.00,2524,-7.591,-2.651,0.109
4.00,2525,2.269,-7.758,0.098
4.00,2526,6.026,5.256,0.092
4.00,2527,-6.993,3.895,0.106
4.00,2528,3.783,7.075,0.107
4.00,2529,7.661,2.554,0.106
4.00,2530,-5.082,6.147,0.092
4.00,2531,-7.690,2.405,0.104
4.00,2532,1.312,-7.996,0.092
4.00,2533,4.577,6.563,0.097
4.00,2534,-0.642,8.059,0.098
4.00,2535,8.095,-0.271,0.090
4.00,2536,4.534,6.594,0.098
4.00,2537,7.158,3.660,0.102
4.00,2538,-4.464,6.631,0.094
4.00,2539,7.756,-2.193,0.100
4.00,2540,8.097,-0.229,0.090
4.00,2541,-8.085,0.129,0.093
4.00,2542,-7.481,2.935,0.104
4.00,2543,2.321,7.726,0.107
4.00,2544,-3.624,7.149,0.101
4.00,2545,-7.425,3.070,0.104
4.00,2546,2.986,7.467,0.107
4.00,2547,-2.053,-7.799,0.096
4.00,2548,7.338,-3.254,0.099
4.00,2549,-7.540,2.789,0.105
4.00,2550,-7.411,3.105,0.104
4.00,2551,-7.976,-1.289,0.096
4.00,2552,-7.562,2.734,0.106
4.00,2553,6.755,4.314,0.098
4.00,2554,6.743,4.333,0.098
4.00,2555,-7.656,2.505,0.106
4.00,2556,6.862,4.146,0.100
4.00,2557,-3.717,7.099,0.102
4.00,2558,7.938,-1.512,0.094
4.00,2559,-1.242,7.978,0.100
4.00,2560,-2.407,-7.683,0.101
4.00,2561,-5.081,-6.169,0.093
4.00,2562,5.316,-5.965,0.086
4.00,2563,-2.077,-7.791,0.096
4.00,2564,-2.034,-7.805,0.096
4.00,2565,4.614,-6.545,0.091
4.00,2566,7.567,-2.705,0.104
4.00,2567,-1.033,8.006,0.099
4.00,2568,4.869,-6.340,0.093
4.00,2569,8.013,-1.111,0.092
4.00,2570,0.746,8.058,0.097
4.00,2571,5.251,6.024,0.092
4.00,2572,2.691,7.586,0.111
4.00,2573,7.950,-1.459,0.094
4.00,2574,-3.867,7.011,0.103
4.00,2575,7.117,3.736,0.103
4.00,2576,7.753,-2.202,0.100
4.00,2577,4.795,-6.402,0.092
4.00,2578,6.873,4.128,0.101
4.00,2579,1.991,-7.846,0.095
4.00,2580,-7.228,3.483,0.102
4.00,2581,7.992,1.350,0.093
4.00,2582,3.280,-7.353,0.098
4.00,2583,-8.059,0.689,0.093
4.00,2584,-7.421,3.081,0.104
4.00,2585,-8.042,0.833,0.093
4.00,2586,3.221,-7.382,0.098
4.00,2587,-4.470,6.626,0.094
4.00,2588,2.863,7.517,0.108
4.00,2589,-7.803,2.060,0.099
4.00,2590,7.995,-1.236,0.093
4.00,2591,2.415,-7.710,0.100
4.00,2592,1.344,-7.990,0.092
4.00,2593,7.180,-3.568,0.098
4.00,2594,-7.945,1.476,0.094
4.00,2595,7.880,-1.766,0.096
4.00,2596,8.061,-0.755,0.091
4.00,2597,7.813,2.102,0.099
4.00,2598,-7.082,3.751,0.105
4.00,2599,3.281,7.338,0.105
4.00,2600,-7.867,1.834,0.097
4.00,2601,6.125,-5.123,0.089
4.00,2602,7.765,2.253,0.101
4.00,2603,-8.003,1.141,0.093
4.00,2604,0.288,8.083,0.097
4.00,2605,3.270,7.343,0.105
4.00,2606,7.980,1.410,0.093
4.00,2607,5.279,5.999,0.092
4.00,2608,-2.949,7.465,0.106
4.00,2609,-0.198,-8.090,0.090
4.00,2610,4.461,-6.655,0.093
4.00,2611,-0.373,-8.081,0.090
4.00,2612,-7.764,-2.157,0.103
4.00,2613,-3.392,-7.276,0.098
4.00,2614,-7.915,-1.577,0.098
4.00,2615,1.428,7.962,0.099
4.00,2616,-7.279,-3.390,0.102
4.00,2617,-6.734,-4.329,0.097
4.00,2618,-6.432,-4.755,0.095
4.00,2619,-2.180,-7.758,0.097
4.00,2620,-7.695,2.392,0.104
4.00,2621,-7.918,-1.560,0.098
4.00,2622,4.766,6.419,0.097
4.00,2623,-8.045,0.808,0.093
4.00,2624,-7.684,-2.403,0.106
4.00,2625,3.388,-7.300,0.097
4.00,2626,-7.342,-3.260,0.103
4.00,2627,8.061,-0.757,0.091
4.00,2628,-5.219,6.031,0.088
4.00,2629,2.299,-7.748,0.098
4.00,2630,7.300,-3.332,0.099
4.00,2631,7.916,1.711,0.095
4.00,2632,-2.516,7.637,0.111
4.00,2633,-2.202,-7.751,0.098
4.00,2634,7.323,-3.284,0.099
4.00,2635,4.546,6.585,0.098
4.00,2636,7.942,1.591,0.094
4.00,2637,-0.081,-8.096,0.090
4.00,2638,-7.824,1.993,0.098
4.00,2639,-4.476,6.622,0.094
4.00,2640,-7.826,1.988,0.098
4.00,2641,1.646,7.915,0.100
4.00,2642,7.072,3.815,0.104
4.00,2643,-3.192,-7.372,0.099
4.00,2644,-7.782,-2.101,0.102
4.00,2645,8.104,-0.102,0.090
4.00,2646,3.866,7.024,0.107
4.00,2647,7.882,-1.758,0.096
4.00,2648,2.018,7.824,0.103
4.00,2649,-7.574,-2.694,0.108
4.00,2650,8.022,-1.044,0.092
4.00,2651,-3.584,7.170,0.101
4.00,2652,-0.492,-8.075,0.090
4.00,2653,7.259,-3.414,0.098
4.00,2654,-7.786,2.116,0.100
4.00,2655,-6.032,-5.246,0.090
4.00,2656,-0.287,-8.085,0.090
4.00,2657,-7.808,2.047,0.099
4.00,2658,-3.309,-7.316,0.098
4.00,2659,-3.541,7.193,0.101
4.00,2660,7.887,1.845,0.097
4.00,2661,7.971,1.452,0.094
4.00,2662,-3.790,7.058,0.103
4.00,2663,8.068,-0.705,0.091
4.00,2664,7.687,-2.397,0.103
4.00,2665,-1.396,7.948,0.101
4.00,2666,7.743,-2.233,0.100
4.00,2667,-1.666,7.889,0.103
4.00,2668,7.984,-1.303,0.093
4.00,2669,-1.955,-7.829,0.095
4.00,2670,-2.231,-7.742,0.098
4.00,2671,6.177,5.079,0.096
4.00,2672,-6.565,4.553,0.097
4.00,2673,3.829,-7.062,0.099
4.00,2674,-7.551,2.762,0.106
4.00,2675,5.560,-5.729,0.090
4.00,2676,-7.608,-2.607,0.109
4.00,2677,2.842,7.526,0.108
4.00,2678,-7.736,-2.244,0.104
4.00,2679,2.036,7.818,0.103
4.00,2680,7.718,-2.307,0.101
4.00,2681,8.104,-0.101,0.090
4.00,2682,-7.084,3.748,0.105
4.00,2683,4.511,-6.620,0.092
4.00,2684,-3.801,-7.060,0.101
4.00,2685,0.701,8.064,0.097
4.00,2686,-2.124,-7.776,0.097
4.00,2687,-2.577,-7.620,0.104
4.00,2688,-7.344,3.253,0.103
4.00,2689,1.820,7.877,0.102
4.00,2690,-3.861,7.014,0.103
4.00,2691,-7.432,3.053,0.104
4.00,2692,0.682,-8.074,0.090
4.00,2693,7.930,-1.548,0.094
4.00,2694,7.990,1.362,0.093
4.00,2695,-7.129,-3.680,0.103
4.00,2696,5.894,-5.388,0.086
4.00,2697,-5.991,5.264,0.090
4.00,2698,8.097,0.316,0.090
4.00,2699,2.468,-7.692,0.101
4.00,2700,7.963,-1.398,0.093
4.00,2701,-1.702,7.881,0.103
4.00,2702,-8.066,0.619,0.093
4.00,2703,-0.022,-8.099,0.090
4.00,2704,-6.774,-4.266,0.098
4.00,2705,0.617,8.072,0.097
4.00,2706,7.761,-2.178,0.100
4.00,2707,8.073,0.744,0.091
4.00,2708,5.396,-5.891,0.087
4.00,2709,2.594,7.627,0.111
4.00,2710,-1.139,-8.001,0.091
4.00,2711,2.418,-7.709,0.100
4.00,2712,7.334,-3.261,0.099
4.00,2713,6.686,-4.385,0.093
4.00,2714,3.320,-7.333,0.097
4.00,2715,-8.070,-0.439,0.094
4.00,2716,-3.559,7.184,0.101
4.00,2717,-2.055,-7.798,0.096
4.00,2718,7.190,-3.548,0.098
4.00,2719,6.659,-4.428,0.093
4.00,2720,5.872,5.424,0.092
4.00,2721,5.271,6.007,0.092
4.00,2722,1.299,-7.999,0.092
4.00,2723,-7.906,1.655,0.096
4.00,2724,3.435,7.261,0.104
4.00,2725,4.562,-6.583,0.091
4.00,2726,-7.942,1.489,0.095
4.00,2727,3.754,7.091,0.106
4.00,2728,7.808,-2.033,0.098
4.00,2729,5.342,5.943,0.091
4.00,2730,6.288,-4.918,0.092
4.00,2731,-1.409,7.945,0.101
4.00,2732,-0.328,-8.083,0.090
4.00,2733,-8.040,0.850,0.093
4.00,2734,-6.154,5.071,0.095
4.00,2735,-1.304,7.968,0.101
4.00,2736,-8.025,0.967,0.093
4.00,2737,2.009,-7.840,0.095
4.00,2738,8.012,1.248,0.093
4.00,2739,-5.155,6.086,0.090
4.00,2740,-7.641,2.544,0.107
4.00,2741,-7.894,1.712,0.096
4.00,2742,-0.459,-8.076,0.090
4.00,2743,4.604,6.543,0.097
4.00,2744,7.610,-2.599,0.106
4.00,2745,7.906,1.762,0.096
4.00,2746,3.048,-7.456,0.099
4.00,2747,5.162,6.099,0.094
4.00,2748,-7.618,2.596,0.108
4.00,2749,-6.831,-4.175,0.099
4.00,2750,7.103,-3.711,0.099
4.00,2751,-7.906,1.657,0.096
4.00,2752,-0.019,8.092,0.097
4.00,2753,-2.254,-7.734,0.098
4.00,2754,5.476,-5.814,0.088
4.00,2755,-2.715,-7.565,0.102
4.00,2756,-7.471,2.959,0.104
4.00,2757,3.815,-7.071,0.099
4.00,2758,1.956,-7.856,0.095
4.00,2759,7.337,-3.255,0.099
4.00,2760,-7.152,-3.637,0.102
4.00,2761,3.548,7.203,0.104
4.00,2762,-7.902,1.673,0.096
4.00,2763,-7.326,3.290,0.103
4.00,2764,-4.384,-6.697,0.095
4.00,2765,5.800,5.498,0.093
4.00,2766,-2.600,-7.610,0.104
4.00,2767,-7.387,3.163,0.104
4.00,2768,7.973,-1.355,0.093
4.00,2769,6.143,5.120,0.095
4.00,2770,-7.254,-3.439,0.102
4.00,2771,3.613,-7.183,0.097
4.00,2772,4.725,-6.459,0.091
4.00,2773,8.009,1.265,0.093
4.00,2774,-7.223,-3.501,0.102
4.00,2775,-6.602,-4.529,0.096
4.00,2776,7.394,3.196,0.103
4.00,2777,-1.058,-8.012,0.091
4.00,2778,-7.069,-3.791,0.104
4.00,2779,6.723,4.364,0.098
4.00,2780,7.784,2.195,0.100
4.00,2781,0.355,8.081,0.097
4.00,2782,7.815,2.097,0.099
4.00,2783,7.951,1.548,0.094
4.00,2784,-2.644,-7.593,0.103
4.00,2785,7.366,3.254,0.102
4.00,2786,-4.408,-6.682,0.095
4.00,2787,7.058,-3.791,0.101
4.00,2788,-3.080,7.412,0.105
4.00,2789,1.999,7.830,0.103
4.00,2790,-2.244,-7.737,0.098
4.00,2791,7.719,2.392,0.103
4.00,2792,1.370,7.974,0.099
4.00,2793,-3.014,7.439,0.106
4.00,2794,2.098,-7.813,0.096
4.00,2795,-7.881,1.769,0.096
4.00,2796,8.103,0.132,0.090
4.00,2797,-7.664,2.480,0.105
4.00,2798,6.662,4.456,0.098
4.00,2799,4.610,6.539,0.097
4.00,2800,-0.191,8.083,0.097
4.00,2801,-6.065,-5.208,0.090
4.00,2802,8.097,-0.238,0.090
4.00,2803,3.356,-7.315,0.097
4.00,2804,2.091,-7.815,0.096
4.00,2805,-3.481,7.224,0.101
4.00,2806,-3.074,-7.421,0.100
4.00,2807,3.850,-7.048,0.099
4.00,2808,7.629,-2.556,0.106
4.00,2809,-6.381,-4.819,0.096
4.00,2810,-7.579,-2.681,0.108
4.00,2811,8.108,-0.021,0.090
4.00,2812,-7.085,-3.761,0.104
4.00,2813,3.211,-7.386,0.099
4.00,2814,4.566,6.571,0.097
4.00,2815,-7.607,-2.610,0.109
4.00,2816,8.010,-1.127,0.092
4.00,2817,-2.098,-7.784,0.097
4.00,2818,-7.327,-3.291,0.103
4.00,2819,0.630,-8.080,0.090
4.00,2820,-7.666,-2.454,0.107
4.00,2821,7.102,-3.713,0.099
4.00,2822,5.524,-5.766,0.089
4.00,2823,1.047,8.022,0.098
4.00,2824,7.879,-1.771,0.096
4.00,2825,-7.213,-3.521,0.102
4.00,2826,8.066,-0.716,0.091
4.00,2827,2.006,-7.841,0.095
4.00,2828,6.176,-5.059,0.091
4.00,2829,7.777,-2.128,0.099
4.00,2830,3.397,-7.295,0.097
4.00,2831,-5.209,6.040,0.089
4.00,2832,8.009,-1.137,0.092
4.00,2833,-0.222,8.081,0.097
4.00,2834,-5.266,5.990,0.088
4.00,2835,-3.969,-6.955,0.101
4.00,2836,8.103,0.154,0.090
4.00,2837,5.447,-5.843,0.087
4.00,2838,-7.651,-2.500,0.108
4.00,2839,-7.342,-3.259,0.103
4.00,2840,-3.873,7.007,0.103
4.00,2841,3.388,7.285,0.104
4.00,2842,-3.858,7.016,0.103
4.00,2843,7.907,1.755,0.096
4.00,2844,8.076,-0.635,0.091
4.00,2845,1.666,7.911,0.100
4.00,2846,-3.145,7.386,0.105
4.00,2847,-1.946,7.824,0.105
4.00,2848,-8.041,-0.792,0.094
4.00,2849,7.677,2.515,0.105
4.00,2850,2.570,7.638,0.111
4.00,2851,-1.683,-7.894,0.093
4.00,2852,-3.702,-7.115,0.100
4.00,2853,-7.701,2.372,0.103
4.00,2854,0.648,8.070,0.097
4.00,2855,-7.860,-1.826,0.100
4.00,2856,-7.923,1.577,0.095
4.00,2857,6.556,-4.576,0.091
4.00,2858,3.284,7.337,0.105
4.00,2859,-3.232,7.347,0.104
4.00,2860,-2.086,-7.788,0.096
4.00,2861,-0.593,-8.070,0.090
4.00,2862,-2.878,-7.500,0.101
4.00,2863,-1.000,8.011,0.099
4.00,2864,-4.495,6.609,0.093
4.00,2865,-2.173,-7.760,0.097
4.00,2866,7.610,-2.599,0.106
4.00,2867,3.818,-7.068,0.099
4.00,2868,7.925,1.672,0.095
4.00,2869,-2.168,-7.762,0.097
4.00,2870,-5.108,-6.148,0.092
4.00,2871,0.197,-8.093,0.090
4.00,2872,7.953,-1.443,0.094
4.00,2873,-2.439,-7.672,0.101
4.00,2874,-3.181,7.371,0.105
4.00,2875,7.264,-3.405,0.098
4.00,2876,3.832,-7.060,0.099
4.00,2877,-7.532,2.809,0.105
4.00,2878,-7.484,2.926,0.104
4.00,2879,-7.731,-2.262,0.104
4.00,2880,6.435,-4.735,0.091
4.00,2881,7.942,1.588,0.094
4.00,2882,-7.361,3.217,0.103
4.00,2883,-1.553,7.914,0.102
4.00,2884,-2.075,7.784,0.106
4.00,2885,-3.114,-7.405,0.100
4.00,2886,-1.161,-7.998,0.091
4.00,2887,6.106,5.164,0.093
4.00,2888,0.795,8.052,0.097
4.00,2889,4.443,-6.667,0.093
4.00,2890,-4.684,-6.486,0.093
4.00,2891,-7.686,2.418,0.104
4.00,2892,-7.492,2.907,0.104
4.00,2893,-1.566,7.911,0.102
4.00,2894,1.237,7.999,0.098
4.00,2895,3.817,7.055,0.107
4.00,2896,7.807,2.122,0.099
4.00,2897,2.746,7.564,0.110
4.00,2898,8.102,0.164,0.090
4.00,2899,2.674,7.593,0.111
4.00,2900,-4.246,-6.784,0.096
4.00,2901,-3.631,7.145,0.101
4.00,2902,3.775,7.079,0.106
4.00,2903,7.784,-2.109,0.099
4.00,2904,-4.495,6.609,0.093
4.00,2905,-8.009,1.095,0.093
4.00,2906,1.973,-7.851,0.095
4.00,2907,5.253,6.022,0.092
4.00,2908,3.830,-7.061,0.099
4.00,2909,-2.830,-7.519,0.101
4.00,2910,-5.963,-5.325,0.089
4.00,2911,-1.032,-8.015,0.090
4.00,2912,-3.031,-7.439,0.100
4.00,2913,7.808,-2.032,0.098
4.00,2914,4.663,-6.508,0.091
4.00,2915,7.611,-2.596,0.106
4.00,2916,5.264,-6.013,0.087
4.00,2917,-7.598,-2.633,0.109
4.00,2918,-7.254,3.433,0.102
4.00,2919,2.554,-7.661,0.102
4.00,2920,-2.146,-7.769,0.097
4.00,2921,0.407,-8.087,0.090
4.00,2922,1.357,7.976,0.099
4.00,2923,-7.755,-2.186,0.103
4.00,2924,-7.553,-2.746,0.107
4.00,2925,-7.954,1.431,0.094
4.00,2926,7.678,2.512,0.105
4.00,2927,-7.557,2.746,0.106
4.00,2928,-7.927,-1.522,0.097
4.00,2929,-3.739,7.086,0.102
4.00,2930,6.655,4.466,0.098
4.00,2931,5.366,-5.919,0.086
4.00,2932,-3.486,7.222,0.101
4.00,2933,-1.763,7.867,0.103
4.00,2934,-2.081,-7.790,0.096
4.00,2935,8.090,0.534,0.091
4.00,2936,-7.867,-1.794,0.099
4.00,2937,-7.932,1.537,0.095
4.00,2938,7.882,1.869,0.097
4.00,2939,1.924,7.853,0.102
4.00,2940,-8.052,-0.707,0.094
4.00,2941,3.219,-7.383,0.098
4.00,2942,-2.128,-7.775,0.097
4.00,2943,7.987,-1.290,0.093
4.00,2944,-2.955,7.463,0.106
4.00,2945,-3.116,-7.404,0.100
4.00,2946,-3.868,7.009,0.103
4.00,2947,1.295,7.989,0.098
4.00,2948,6.510,-4.638,0.091
4.00,2949,-6.994,-3.911,0.105
4.00,2950,5.289,5.991,0.092
4.00,2951,-7.527,2.822,0.105
4.00,2952,8.002,1.300,0.093
4.00,2953,6.662,-4.423,0.093
4.00,2954,-3.433,-7.255,0.098
4.00,2955,-1.551,-7.923,0.092
4.00,2956,-7.951,1.446,0.094
4.00,2957,-7.123,3.679,0.104
4.00,2958,-6.633,4.459,0.099
4.00,2959,-2.776,7.534,0.108
4.00,2960,7.234,3.518,0.101
4.00,2961,-3.170,-7.382,0.100
4.00,2962,5.547,-5.742,0.089
4.00,2963,-6.985,-3.925,0.105
4.00,2964,-0.769,8.042,0.098
4.00,2965,-6.886,-4.086,0.101
4.00,2966,2.850,7.522,0.108
4.00,2967,4.594,6.551,0.097
4.00,2968,6.642,-4.454,0.093
4.00,2969,2.586,7.631,0.111
4.00,2970,8.049,0.938,0.092
4.00,2971,-3.357,-7.293,0.098
4.00,2972,-6.027,-5.252,0.090
4.00,2973,7.167,-3.592,0.098
4.00,2974,-3.626,7.148,0.101
4.00,2975,0.637,-8.079,0.090
4.00,2976,7.067,-3.774,0.100
4.00,2977,-5.232,6.020,0.088
4.00,2978,-3.872,7.007,0.103
4.00,2979,-1.138,-8.001,0.091
4.00,2980,8.009,1.267,0.093
4.00,2981,-7.744,2.245,0.101
4.00,2982,4.567,6.570,0.097
4.00,2983,-8.070,-0.450,0.094
4.00,2984,0.689,8.065,0.097
4.00,2985,8.068,0.780,0.091
4.00,2986,6.117,-5.132,0.089
4.00,2987,8.083,-0.499,0.091
4.00,2988,2.597,7.626,0.111
4.00,2989,7.127,-3.666,0.099
4.00,2990,4.616,6.534,0.097
4.00,2991,7.322,-3.286,0.099
4.00,2992,-7.349,-3.244,0.103
4.00,2993,3.393,-7.297,0.097
4.00,2994,-0.978,-8.022,0.090
4.00,2995,4.546,6.585,0.098
4.00,2996,-7.793,-2.066,0.102
4.00,2997,2.119,7.792,0.104
4.00,2998,7.725,-2.285,0.101
4.00,2999,3.583,-7.199,0.097
8.00,0,-7.174,-3.595,0.102
8.00,1,7.942,1.589,0.094
8.00,2,6.822,-4.172,0.095
8.00,3,-0.018,8.092,0.097
8.00,4,7.072,-3.765,0.100
8.00,5,8.002,-1.184,0.093
8.00,6,-3.679,7.119,0.102
8.00,7,7.712,2.415,0.103
8.00,8,-2.350,-7.702,0.100
8.00,9,-7.241,-3.465,0.102
8.00,10,-3.667,7.126,0.101
8.00,11,-7.674,2.452,0.105
8.00,12,-7.733,2.278,0.102
8.00,13,7.599,-2.627,0.106
8.00,14,0.423,-8.086,0.090
8.00,15,-7.453,3.003,0.104
8.00,16,5.504,-5.786,0.088
8.00,17,7.792,2.170,0.100
8.00,18,7.843,2.007,0.098
8.00,19,-7.738,-2.240,0.104
8.00,20,-8.065,-0.558,0.094
8.00,21,7.608,-2.602,0.106
8.00,22,6.179,5.076,0.096
8.00,23,2.572,7.637,0.111
8.00,24,-2.084,-7.789,0.096
8.00,25,6.937,-3.986,0.099
8.00,26,6.152,5.110,0.095
8.00,27,-3.864,7.013,0.103
8.00,28,7.493,2.961,0.104
8.00,29,-7.990,1.250,0.094
8.00,30,-3.856,7.017,0.103
8.00,31,-2.234,-7.741,0.098
8.00,32,7.741,2.325,0.102
8.00,33,-2.288,-7.723,0.099
8.00,34,-3.739,7.087,0.102
8.00,35,7.298,-3.335,0.098
8.00,36,-6.993,-3.913,0.105
8.00,37,3.205,-7.389,0.099
8.00,38,-3.426,-7.259,0.098
8.00,39,-0.020,-8.099,0.090
8.00,40,-7.734,2.275,0.102
8.00,41,-7.694,2.395,0.104
8.00,42,-4.458,6.635,0.094
8.00,43,-3.043,7.427,0.105
8.00,44,-7.831,1.971,0.098
8.00,45,3.803,-7.078,0.099
8.00,46,8.088,0.585,0.091
8.00,47,7.934,-1.527,0.094
8.00,48,1.314,-7.996,0.092
8.00,49,3.292,7.333,0.105
8.00,50,2.574,7.636,0.111
8.00,51,-7.884,-1.717,0.099
8.00,52,-7.346,-3.250,0.103
8.00,53,-7.747,2.237,0.101
8.00,54,-7.632,2.564,0.107
8.00,55,-7.798,2.077,0.099
8.00,56,7.961,-1.406,0.094
8.00,57,-7.794,2.090,0.099
8.00,58,0.725,-8.069,0.090
8.00,59,7.696,-2.369,0.102
8.00,60,-2.215,-7.747,0.098
8.00,61,-1.667,-7.898,0.093
8.00,62,-7.881,1.771,0.096
8.00,63,7.966,-1.385,0.093
8.00,64,-6.380,4.791,0.098
8.00,65,2.004,-7.842,0.095
8.00,66,-2.121,7.769,0.106
8.00,67,8.099,-0.184,0.090
8.00,68,2.047,7.815,0.103
8.00,69,-2.256,-7.733,0.098
8.00,70,-0.046,-8.098,0.090
8.00,71,-3.864,7.013,0.103
8.00,72,-7.362,-3.217,0.104
8.00,73,-2.342,-7.705,0.100
8.00,74,6.759,4.308,0.098
8.00,75,-2.270,-7.729,0.099
8.00,76,-3.797,7.054,0.103
8.00,77,7.797,-2.068,0.099
8.00,78,-2.231,-7.742,0.098
8.00,79,4.641,-6.524,0.091
8.00,80,-7.610,-2.601,0.110
8.00,81,-7.932,1.535,0.095
8.00,82,-2.071,-7.793,0.096
8.00,83,-7.782,2.126,0.100
8.00,84,-7.798,2.076,0.099
8.00,85,-7.285,-3.377,0.102
8.00,86,7.749,-2.216,0.100
8.00,87,-7.333,-3.278,0.103
8.00,88,4.536,6.592,0.098
8.00,89,0.862,8.044,0.097
8.00,90,0.738,8.059,0.097
8.00,91,-7.492,2.906,0.104
8.00,92,3.282,7.338,0.105
8.00,93,6.777,-4.244,0.094
8.00,94,6.236,-4.983,0.091
8.00,95,7.799,-2.063,0.099
8.00,96,7.691,-2.385,0.103
8.00,97,-3.881,-7.010,0.102
8.00,98,-7.634,2.560,0.107
8.00,99,-3.222,7.352,0.104
8.00,100,5.476,5.819,0.093
8.00,101,7.315,-3.302,0.099
8.00,102,-7.672,2.458,0.105
8.00,103,8.097,0.306,0.090
8.00,104,-7.797,2.079,0.099
8.00,105,1.931,-7.864,0.095
8.00,106,-3.865,7.012,0.103
8.00,107,-7.610,2.614,0.108
8.00,108,6.652,-4.439,0.093
8.00,109,-0.205,-8.090,0.090
8.00,110,-3.857,7.017,0.103
8.00,111,-7.356,-3.228,0.103
8.00,112,7.884,-1.751,0.096
8.00,113,-7.743,2.248,0.101
8.00,114,-2.912,-7.487,0.100
8.00,115,-3.628,7.147,0.101
8.00,116,-4.379,6.687,0.094
8.00,117,-7.599,-2.629,0.109
8.00,118,7.609,-2.601,0.106
8.00,119,-7.832,1.967,0.098
8.00,120,8.107,-0.030,0.090
8.00,121,-8.048,-0.742,0.094
8.00,122,-7.840,1.943,0.098
8.00,123,-7.598,-2.632,0.109
8.00,124,7.862,-1.845,0.097
8.00,125,-7.762,2.189,0.101
8.00,126,-4.459,6.634,0.094
8.00,127,-2.576,-7.621,0.104
8.00,128,-1.932,-7.836,0.095
8.00,129,-7.609,-2.604,0.109
8.00,130,0.045,8.091,0.097
8.00,131,-1.443,-7.947,0.092
8.00,132,-5.160,6.082,0.090
8.00,133,-2.268,-7.730,0.099
8.00,134,-7.684,2.423,0.104
8.00,135,0.484,8.076,0.097
8.00,136,3.728,-7.120,0.098
8.00,137,7.683,2.499,0.105
8.00,138,3.193,-7.395,0.099
8.00,139,-7.795,2.085,0.099
8.00,140,2.051,7.813,0.103
8.00,141,-7.700,2.375,0.103
8.00,142,-3.375,7.278,0.102
8.00,143,-7.786,2.116,0.100
8.00,144,6.169,-5.068,0.091
8.00,145,1.675,7.909,0.100
8.00,146,-2.975,7.455,0.106
8.00,147,-7.609,-2.605,0.109
8.00,148,-7.356,-3.230,0.103
8.00,149,7.302,-3.327,0.099
8.00,150,6.485,-4.671,0.091
8.00,151,7.652,2.576,0.106
8.00,152,7.613,-2.592,0.106
8.00,153,-7.334,3.274,0.103
8.00,154,-7.554,-2.745,0.107
8.00,155,7.600,2.697,0.107
8.00,156,-2.605,7.602,0.112
8.00,157,7.932,1.637,0.095
8.00,158,-7.364,-3.212,0.104
8.00,159,-2.101,-7.784,0.097
8.00,160,6.625,-4.479,0.093
8.00,161,-7.367,-3.207,0.104
8.00,162,-7.763,2.186,0.100
8.00,163,7.934,1.629,0.095
8.00,164,-2.140,-7.771,0.097
8.00,165,1.900,7.860,0.102
8.00,166,7.919,1.700,0.095
8.00,167,-3.862,7.014,0.103
8.00,168,3.298,7.330,0.105
8.00,169,-6.650,4.434,0.099
8.00,170,-7.356,-3.229,0.103
8.00,171,3.286,7.336,0.105
8.00,172,-7.862,1.855,0.097
8.00,173,-8.089,0.033,0.093
8.00,174,-3.868,7.010,0.103
8.00,175,-3.864,7.012,0.103
8.00,176,8.107,0.027,0.090
8.00,177,8.070,-0.688,0.091
8.00,178,2.098,-7.813,0.096
8.00,179,1.403,7.967,0.099
8.00,180,-7.674,-2.431,0.107
8.00,181,-7.406,3.116,0.104
8.00,182,-7.881,1.771,0.096
8.00,183,-0.998,-8.020,0.090
8.00,184,-7.366,-3.209,0.104
8.00,185,5.921,-5.359,0.086
8.00,186,-2.230,-7.742,0.098
8.00,187,2.058,7.811,0.103
8.00,188,7.602,-2.619,0.106
8.00,189,7.600,-2.623,0.106
8.00,190,7.056,-3.794,0.101
8.00,191,-2.604,-7.609,0.104
8.00,192,-4.460,6.633,0.094
8.00,193,7.732,-2.266,0.101
8.00,194,1.708,-7.914,0.093
8.00,195,0.254,8.084,0.097
8.00,196,-7.818,2.012,0.099
8.00,197,-4.459,6.634,0.094
8.00,198,6.571,-4.555,0.091
8.00,199,-7.258,-3.431,0.102
8.00,200,-8.050,0.767,0.093
8.00,201,-7.799,2.076,0.099
8.00,202,8.107,0.010,0.090
8.00,203,7.085,-3.743,0.100
8.00,204,-7.156,-3.630,0.102
8.00,205,3.732,7.103,0.106
8.00,206,6.224,5.021,0.096
8.00,207,-7.722,-2.288,0.104
8.00,208,-7.676,2.447,0.105
8.00,209,5.374,5.915,0.091
8.00,210,-7.806,2.052,0.099
8.00,211,-1.344,-7.968,0.091
8.00,212,-7.874,1.801,0.097
8.00,213,7.327,-3.276,0.099
8.00,214,-2.176,-7.759,0.097
8.00,215,7.715,-2.315,0.101
8.00,216,-3.468,7.231,0.101
8.00,217,-2.395,-7.687,0.101
8.00,218,-2.128,-7.775,0.097
8.00,219,-7.628,2.574,0.107
8.00,220,6.599,-4.516,0.092
8.00,221,1.252,-8.007,0.092
8.00,222,-7.604,-2.617,0.109
8.00,223,7.922,-1.583,0.095
8.00,224,-4.261,-6.775,0.096
8.00,225,-2.380,-7.692,0.100
8.00,226,-4.458,6.635,0.094
8.00,227,-7.367,-3.206,0.104
8.00,228,-7.288,-3.371,0.102
8.00,229,-7.940,1.497,0.095
8.00,230,-3.869,7.009,0.103
8.00,231,7.826,-1.976,0.098
8.00,232,2.000,7.829,0.103
8.00,233,-7.705,2.362,0.103
8.00,234,-3.090,7.408,0.105
8.00,235,7.939,1.605,0.095
8.00,236,-4.459,6.634,0.094
8.00,237,7.605,-2.610,0.106
8.00,238,-7.861,1.859,0.097
8.00,239,-7.446,3.020,0.104
8.00,240,-1.798,-7.868,0.094
8.00,241,-7.638,2.550,0.107
8.00,242,7.844,-1.918,0.097
8.00,243,-7.755,2.212,0.101
8.00,244,1.930,-7.864,0.095
8.00,245,0.719,8.061,0.097
8.00,246,-7.592,-2.647,0.109
8.00,247,-7.778,2.139,0.100
8.00,248,-3.841,7.027,0.103
8.00,249,-3.352,7.289,0.102
8.00,250,-7.343,-3.257,0.103
8.00,251,-2.901,-7.491,0.100
8.00,252,-3.868,7.010,0.103
8.00,253,0.355,8.081,0.097
8.00,254,1.439,7.959,0.099
8.00,255,-2.066,-7.795,0.096
8.00,256,-7.881,1.770,0.096
8.00,257,-3.419,7.256,0.101
8.00,258,-7.609,-2.603,0.109
8.00,259,7.731,-2.267,0.101
8.00,260,-2.040,-7.803,0.096
8.00,261,-2.338,-7.706,0.100
8.00,262,7.770,-2.150,0.099
8.00,263,-7.909,-1.601,0.098
8.00,264,8.020,1.183,0.092
8.00,265,7.740,-2.242,0.100
8.00,266,6.589,-4.530,0.092
8.00,267,7.735,-2.257,0.101
8.00,268,-7.804,2.058,0.099
8.00,269,1.401,7.967,0.099
8.00,270,-0.185,-8.091,0.090
8.00,271,2.583,7.632,0.111
8.00,272,2.136,-7.801,0.096
8.00,273,6.673,-4.405,0.093
8.00,274,6.669,-4.412,0.093
8.00,275,1.956,-7.857,0.095
8.00,276,-3.868,7.009,0.103
8.00,277,7.258,-3.417,0.098
8.00,278,3.197,-7.393,0.099
8.00,279,-3.568,7.179,0.101
8.00,280,-6.746,4.286,0.099
8.00,281,6.497,4.684,0.096
8.00,282,-2.096,-7.785,0.097
8.00,283,-7.653,2.511,0.106
8.00,284,2.617,7.617,0.112
8.00,285,-1.768,-7.875,0.094
8.00,286,7.327,-3.276,0.099
8.00,287,-3.863,7.013,0.103
8.00,288,7.805,-2.044,0.098
8.00,289,7.906,1.759,0.096
8.00,290,8.041,1.005,0.092
8.00,291,-5.119,6.117,0.091
8.00,292,-7.181,-3.583,0.102
8.00,293,6.639,4.490,0.097
8.00,294,-7.660,2.492,0.106
8.00,295,7.870,1.917,0.097
8.00,296,-7.536,2.799,0.105
8.00,297,2.572,7.637,0.111
8.00,298,4.651,-6.517,0.091
8.00,299,7.709,-2.332,0.102
8.00,300,-7.366,-3.207,0.104
8.00,301,-7.975,-1.296,0.096
8.00,302,-0.461,8.069,0.098
8.00,303,-5.087,6.142,0.091
8.00,304,-8.048,-0.740,0.094
8.00,305,-5.087,6.143,0.091
8.00,306,7.323,-3.284,0.099
8.00,307,5.763,-5.524,0.089
8.00,308,8.090,-0.360,0.090
8.00,309,-3.226,-7.356,0.099
8.00,310,-7.607,-2.609,0.109
8.00,311,5.582,-5.707,0.091
8.00,312,-2.172,-7.761,0.097
8.00,313,1.920,-7.867,0.095
8.00,314,7.609,-2.602,0.106
8.00,315,8.083,-0.503,0.091
8.00,316,3.210,-7.387,0.099
8.00,317,8.101,0.213,0.090
8.00,318,2.080,-7.818,0.096
8.00,319,7.633,-2.546,0.105
8.00,320,-6.665,4.411,0.099
8.00,321,-7.217,-3.512,0.102
8.00,322,-6.483,-4.691,0.094
8.00,323,-6.684,-4.409,0.097
8.00,324,2.248,-7.765,0.098
8.00,325,3.318,7.320,0.105
8.00,326,-7.806,-2.024,0.101
8.00,327,7.982,1.397,0.093
8.00,328,-7.055,-3.815,0.105
8.00,329,-2.351,-7.702,0.100
8.00,330,7.325,-3.280,0.099
8.00,331,-1.940,-7.834,0.095
8.00,332,7.597,-2.632,0.105
8.00,333,-2.018,-7.810,0.096
8.00,334,2.260,-7.761,0.098
8.00,335,7.881,-1.764,0.096
8.00,336,5.999,-5.272,0.087
8.00,337,-3.869,7.009,0.103
8.00,338,7.309,-3.314,0.099
8.00,339,3.696,7.123,0.105
8.00,340,-7.218,-3.511,0.102
8.00,341,3.699,7.121,0.105
8.00,342,3.287,7.335,0.105
8.00,343,6.615,-4.493,0.092
8.00,344,-7.688,2.410,0.104
8.00,345,-2.418,-7.679,0.101
8.00,346,7.941,1.596,0.095
8.00,347,-3.868,7.010,0.103
8.00,348,3.193,-7.395,0.099
8.00,349,-2.076,-7.792,0.096
8.00,350,-7.752,-2.195,0.103
8.00,351,8.103,0.153,0.090
8.00,352,-7.557,2.747,0.106
8.00,353,7.720,-2.299,0.101
8.00,354,7.725,-2.284,0.101
8.00,355,-7.887,1.742,0.096
8.00,356,-2.158,-7.765,0.097
8.00,357,-3.869,7.009,0.103
8.00,358,6.721,4.366,0.098
8.00,359,-3.868,7.010,0.103
8.00,360,-3.869,7.009,0.103
8.00,361,7.585,-2.660,0.105
8.00,362,1.943,-7.860,0.095
8.00,363,7.748,-2.217,0.100
8.00,364,-1.915,-7.841,0.095
8.00,365,-0.946,-8.027,0.090
8.00,366,-0.723,8.048,0.098
8.00,367,-7.783,2.124,0.100
8.00,368,-3.380,-7.282,0.098
8.00,369,-7.727,2.296,0.102
8.00,370,-7.713,-2.316,0.105
8.00,371,-2.602,7.603,0.112
8.00,372,7.583,-2.665,0.105
8.00,373,-7.848,-1.879,0.100
8.00,374,-2.129,-7.775,0.097
8.00,375,-7.367,-3.207,0.104
8.00,376,8.088,0.598,0.091
8.00,377,3.279,7.339,0.105
8.00,378,-3.268,7.330,0.103
8.00,379,7.777,-2.130,0.099
8.00,380,-7.727,2.294,0.102
8.00,381,-3.817,7.042,0.103
8.00,382,5.949,-5.327,0.086
8.00,383,3.806,-7.076,0.099
8.00,384,1.275,7.994,0.098
8.00,385,8.041,1.010,0.092
8.00,386,-7.707,-2.333,0.105
8.00,387,0.655,8.069,0.097
8.00,388,-3.860,7.015,0.103
8.00,389,-2.506,-7.649,0.103
8.00,390,5.599,-5.689,0.090
8.00,391,-4.966,6.240,0.092
8.00,392,-8.029,0.934,0.093
8.00,393,-8.009,-1.041,0.095
8.00,394,-2.124,-7.776,0.097
8.00,395,-2.084,-7.789,0.096
8.00,396,-7.279,3.384,0.102
8.00,397,3.718,7.111,0.106
8.00,398,-7.884,-1.717,0.099
8.00,399,7.715,2.404,0.103
8.00,400,-3.861,7.014,0.103
8.00,401,-2.650,-7.591,0.103
8.00,402,-3.207,-7.365,0.099
8.00,403,7.894,1.815,0.096
8.00,404,-6.920,4.011,0.104
8.00,405,-2.536,-7.638,0.103
8.00,406,7.672,-2.438,0.104
8.00,407,4.544,6.587,0.098
8.00,408,-8.053,-0.702,0.094
8.00,409,-2.531,-7.640,0.103
8.00,410,-3.671,7.124,0.101
8.00,411,-4.458,6.635,0.094
8.00,412,-6.299,-4.920,0.095
8.00,413,-1.828,-7.862,0.094
8.00,414,-7.347,-3.247,0.103
8.00,415,-0.442,-8.077,0.090
8.00,416,-0.442,8.069,0.098
8.00,417,-7.771,2.163,0.100
8.00,418,6.229,5.014,0.096
8.00,419,-2.028,-7.807,0.096
8.00,420,-6.501,-4.667,0.094
8.00,421,-3.369,7.281,0.102
8.00,422,-3.868,7.010,0.103
8.00,423,6.507,4.670,0.096
8.00,424,7.587,-2.657,0.105
8.00,425,-7.806,2.053,0.099
8.00,426,8.073,0.743,0.091
8.00,427,-3.868,7.010,0.103
8.00,428,7.772,-2.145,0.099
8.00,429,-6.447,4.709,0.097
8.00,430,7.678,-2.423,0.103
8.00,431,1.485,7.950,0.099
8.00,432,-6.798,4.206,0.100
8.00,433,4.540,6.590,0.098
8.00,434,-7.801,2.068,0.099
8.00,435,7.887,1.846,0.097
8.00,436,-7.068,-3.792,0.105
8.00,437,-7.274,-3.400,0.102
8.00,438,-4.733,6.430,0.092
8.00,439,-4.649,6.496,0.092
8.00,440,8.082,0.663,0.091
8.00,441,-7.530,2.814,0.105
8.00,442,-7.114,-3.709,0.103
8.00,443,8.007,-1.152,0.092
8.00,444,7.829,-1.969,0.098
8.00,445,-3.843,7.026,0.103
8.00,446,-2.017,-7.810,0.096
8.00,447,-2.084,-7.789,0.096
8.00,448,-7.777,2.144,0.100
8.00,449,-7.125,-3.689,0.103
8.00,450,-2.067,-7.794,0.096
8.00,451,-1.526,-7.929,0.092
8.00,452,-2.312,-7.715,0.099
8.00,453,3.292,7.333,0.105
8.00,454,1.301,-7.999,0.092
8.00,455,3.441,7.258,0.104
8.00,456,-4.458,6.635,0.094
8.00,457,8.107,0.011,0.090
8.00,458,1.282,-8.002,0.092
8.00,459,-4.669,6.481,0.092
8.00,460,8.041,-0.906,0.091
8.00,461,2.150,-7.796,0.097
8.00,462,-2.096,-7.785,0.097
8.00,463,7.317,-3.298,0.099
8.00,464,-2.075,-7.792,0.096
8.00,465,-6.958,-3.969,0.104
8.00,466,-8.059,-0.651,0.094
8.00,467,-3.564,7.181,0.101
8.00,468,-7.797,2.082,0.099
8.00,469,4.545,6.586,0.098
8.00,470,3.750,7.093,0.106
8.00,471,-8.049,-0.731,0.094
8.00,472,1.932,-7.864,0.095
8.00,473,-6.183,-5.065,0.094
8.00,474,-7.941,1.494,0.095
8.00,475,-2.118,-7.778,0.097
8.00,476,-2.072,-7.793,0.096
8.00,477,7.513,2.911,0.104
8.00,478,-7.732,2.280,0.102
8.00,479,5.388,5.901,0.091
8.00,480,-4.462,6.632,0.094
8.00,481,-7.698,2.382,0.104
8.00,482,1.264,-8.006,0.092
8.00,483,4.551,6.582,0.098
8.00,484,-2.310,-7.716,0.099
8.00,485,-3.694,7.111,0.102
8.00,486,6.184,5.070,0.096
8.00,487,7.479,2.993,0.104
8.00,488,-2.462,-7.664,0.102
8.00,489,-7.602,-2.621,0.109
8.00,490,7.714,-2.317,0.102
8.00,491,5.592,-5.696,0.090
8.00,492,-5.052,6.171,0.092
8.00,493,3.522,7.216,0.104
8.00,494,7.912,-1.625,0.095
8.00,495,-7.176,3.582,0.103
8.00,496,-7.366,-3.208,0.104
8.00,497,-3.403,7.264,0.101
8.00,498,3.758,7.089,0.106
8.00,499,-3.913,6.980,0.103
8.00,500,7.316,-3.299,0.099
8.00,501,5.478,5.816,0.093
8.00,502,3.214,-7.385,0.098
8.00,503,-7.367,-3.207,0.104
8.00,504,-5.106,6.127,0.091
8.00,505,7.760,2.268,0.101
8.00,506,2.045,7.815,0.103
8.00,507,8.079,-0.576,0.091
8.00,508,-5.022,6.195,0.092
8.00,509,-7.801,2.068,0.099
8.00,510,-2.179,-7.759,0.097
8.00,511,7.489,2.970,0.104
8.00,512,-3.674,7.122,0.102
8.00,513,-7.592,-2.648,0.109
8.00,514,5.419,5.873,0.092
8.00,515,-7.817,2.017,0.099
8.00,516,-0.139,-8.093,0.090
8.00,517,-1.080,-8.009,0.091
8.00,518,-6.888,-4.084,0.101
8.00,519,1.931,-7.864,0.095
8.00,520,-7.671,2.459,0.105
8.00,521,8.091,0.510,0.091
8.00,522,-3.861,7.014,0.103
8.00,523,8.004,1.291,0.093
8.00,524,7.719,-2.304,0.101
8.00,525,-8.090,0.018,0.093
8.00,526,-7.360,-3.221,0.104
8.00,527,5.416,5.876,0.092
8.00,528,8.046,-0.867,0.091
8.00,529,6.005,-5.265,0.087
8.00,530,-2.249,-7.736,0.098
8.00,531,-7.605,-2.616,0.109
8.00,532,-8.038,-0.819,0.094
8.00,533,3.212,-7.386,0.099
8.00,534,2.068,-7.822,0.096
8.00,535,1.469,7.953,0.099
8.00,536,-3.598,7.163,0.101
8.00,537,0.501,-8.084,0.090
8.00,538,-7.798,2.076,0.099
8.00,539,2.578,7.634,0.111
8.00,540,4.542,6.588,0.098
8.00,541,3.214,-7.385,0.098
8.00,542,-3.113,7.399,0.105
8.00,543,-7.834,-1.934,0.101
8.00,544,-7.365,-3.211,0.104
8.00,545,-7.799,2.074,0.099
8.00,546,6.185,5.069,0.096
8.00,547,3.239,-7.373,0.098
8.00,548,-2.490,-7.654,0.102
8.00,549,-7.701,2.373,0.103
8.00,550,3.205,-7.389,0.099
8.00,551,-3.503,7.213,0.101
8.00,552,-2.082,7.782,0.106
8.00,553,-2.239,-7.739,0.098
8.00,554,6.343,4.874,0.098
8.00,555,-7.797,2.080,0.099
8.00,556,-1.941,-7.833,0.095
8.00,557,4.640,-6.525,0.091
8.00,558,2.570,7.638,0.111
8.00,559,2.050,7.814,0.103
8.00,560,0.788,8.053,0.097
8.00,561,-7.364,-3.213,0.104
8.00,562,7.188,-3.551,0.098
8.00,563,-7.311,-3.324,0.102
8.00,564,0.113,-8.096,0.090
8.00,565,5.385,5.904,0.091
8.00,566,-7.065,-3.799,0.105
8.00,567,-2.146,-7.769,0.097
8.00,568,4.646,-6.521,0.091
8.00,569,-2.992,7.448,0.106
8.00,570,-7.734,-2.253,0.104
8.00,571,6.538,-4.600,0.091
8.00,572,7.699,2.452,0.104
8.00,573,6.291,4.938,0.097
8.00,574,1.937,-7.862,0.095
8.00,575,-2.328,-7.710,0.099
8.00,576,-7.621,2.588,0.108
8.00,577,-7.235,-3.476,0.102
8.00,578,-3.730,7.091,0.102
8.00,579,7.853,-1.885,0.097
8.00,580,7.701,-2.356,0.102
8.00,581,8.101,0.206,0.090
8.00,582,-2.596,-7.612,0.104
8.00,583,6.232,5.010,0.096
8.00,584,6.737,-4.306,0.093
8.00,585,3.197,-7.393,0.099
8.00,586,-2.205,-7.750,0.098
8.00,587,2.376,-7.723,0.099
8.00,588,-1.857,-7.855,0.095
8.00,589,-7.782,2.127,0.100
8.00,590,6.061,5.217,0.092
8.00,591,6.549,-4.585,0.091
8.00,592,-6.863,4.104,0.102
8.00,593,-4.459,6.634,0.094
8.00,594,-2.186,7.748,0.107
8.00,595,-3.858,7.016,0.103
8.00,596,8.094,0.422,0.090
8.00,597,3.307,7.325,0.105
8.00,598,-2.201,-7.751,0.098
8.00,599,1.271,-8.005,0.092
8.00,600,2.439,-7.702,0.100
8.00,601,3.263,-7.361,0.098
8.00,602,-8.076,0.380,0.093
8.00,603,8.087,0.611,0.091
8.00,604,-7.360,-3.221,0.104
8.00,605,8.103,0.142,0.090
8.00,606,-7.799,2.075,0.099
8.00,607,-5.090,6.140,0.091
8.00,608,1.410,7.965,0.099
8.00,609,-7.602,-2.622,0.109
8.00,610,8.086,-0.455,0.090
8.00,611,5.370,5.918,0.091
8.00,612,-6.966,3.937,0.106
8.00,613,-3.730,7.091,0.102
8.00,614,7.955,-1.436,0.094
8.00,615,-3.858,7.016,0.103
8.00,616,5.419,5.872,0.092
8.00,617,7.879,1.886,0.097
8.00,618,-7.897,1.696,0.096
8.00,619,7.699,-2.362,0.102
8.00,620,4.656,-6.513,0.091
8.00,621,-7.571,-2.700,0.108
8.00,622,-7.864,-1.806,0.099
8.00,623,-2.701,-7.570,0.103
8.00,624,1.320,7.984,0.099
8.00,625,7.331,-3.269,0.099
8.00,626,7.955,-1.437,0.094
8.00,627,7.330,-3.271,0.099
8.00,628,1.943,-7.860,0.095
8.00,629,8.088,0.584,0.091
8.00,630,7.297,-3.338,0.098
8.00,631,4.553,6.581,0.098
8.00,632,-4.459,6.634,0.094
8.00,633,-7.610,-2.603,0.110
8.00,634,-7.125,-3.688,0.103
8.00,635,-7.220,-3.506,0.102
8.00,636,-2.205,-7.750,0.098
8.00,637,3.273,7.342,0.105
8.00,638,0.400,-8.087,0.090
8.00,639,-7.721,2.313,0.102
8.00,640,3.197,-7.393,0.099
8.00,641,2.020,-7.837,0.096
8.00,642,4.539,6.590,0.098
8.00,643,-2.560,-7.628,0.104
8.00,644,-5.109,6.125,0.091
8.00,645,1.931,-7.864,0.095
8.00,646,7.055,-3.796,0.101
8.00,647,8.056,0.881,0.091
8.00,648,-7.254,-3.440,0.102
8.00,649,6.226,-4.996,0.091
8.00,650,3.287,7.335,0.105
8.00,651,7.984,1.388,0.093
8.00,652,-3.868,7.010,0.103
8.00,653,5.454,5.840,0.092
8.00,654,-7.598,-2.633,0.109
8.00,655,7.329,-3.272,0.099
8.00,656,1.930,-7.864,0.095
8.00,657,-8.025,-0.918,0.095
8.00,658,-0.144,-8.093,0.090
8.00,659,4.655,-6.514,0.091
8.00,660,7.300,-3.332,0.099
8.00,661,-7.798,2.077,0.099
8.00,662,8.103,0.147,0.090
8.00,663,7.601,-2.622,0.106
8.00,664,8.090,-0.371,0.090
8.00,665,2.039,-7.831,0.096
8.00,666,-2.626,-7.600,0.104
8.00,667,4.540,6.590,0.098
8.00,668,8.103,0.153,0.090
8.00,669,-7.837,1.951,0.098
8.00,670,-2.369,-7.696,0.100
8.00,671,7.327,-3.276,0.099
8.00,672,1.929,-7.864,0.095
8.00,673,-7.356,-3.230,0.103
8.00,674,4.550,6.583,0.098
8.00,675,3.192,-7.396,0.099
8.00,676,7.929,-1.550,0.094
8.00,677,6.977,-3.920,0.101
8.00,678,8.083,-0.503,0.091
8.00,679,4.536,6.592,0.098
8.00,680,-7.606,-2.612,0.109
8.00,681,7.783,2.196,0.100
8.00,682,-3.823,7.039,0.103
8.00,683,-2.102,-7.783,0.097
8.00,684,6.824,-4.168,0.095
8.00,685,-7.890,-1.692,0.098
8.00,686,8.060,0.852,0.091
8.00,687,4.542,6.588,0.098
8.00,688,-7.792,2.095,0.099
8.00,689,7.701,-2.354,0.102
8.00,690,1.462,-7.966,0.092
8.00,691,1.363,-7.986,0.092
8.00,692,-7.610,-2.602,0.110
8.00,693,5.360,5.927,0.091
8.00,694,6.185,5.069,0.096
8.00,695,7.191,-3.547,0.098
8.00,696,-8.090,0.006,0.093
8.00,697,3.765,-7.099,0.099
8.00,698,-7.605,2.627,0.108
8.00,699,-7.077,-3.776,0.104
8.00,700,-7.343,-3.257,0.103
8.00,701,4.648,-6.519,0.091
8.00,702,-5.073,6.154,0.092
8.00,703,7.207,-3.515,0.098
8.00,704,-2.269,-7.729,0.099
8.00,705,4.539,6.590,0.098
8.00,706,-8.048,-0.744,0.094
8.00,707,8.062,0.831,0.091
8.00,708,7.710,-2.329,0.102
8.00,709,-7.691,2.403,0.104
8.00,710,-6.720,4.327,0.099
8.00,711,1.536,7.939,0.099
8.00,712,-1.649,-7.902,0.093
8.00,713,-1.702,-7.890,0.093
8.00,714,7.250,-3.433,0.098
8.00,715,-2.311,-7.715,0.099
8.00,716,-7.797,2.080,0.099
8.00,717,-3.842,7.026,0.103
8.00,718,-2.456,-7.666,0.102
8.00,719,1.991,-7.846,0.095
8.00,720,0.738,8.059,0.097
8.00,721,-0.520,8.065,0.098
8.00,722,3.302,7.328,0.105
8.00,723,7.602,-2.618,0.106
8.00,724,3.580,-7.200,0.097
8.00,725,-0.318,8.076,0.097
8.00,726,-2.599,-7.611,0.104
8.00,727,0.258,-8.092,0.090
8.00,728,-7.360,-3.220,0.104
8.00,729,7.965,1.483,0.094
8.00,730,-3.868,7.010,0.103
8.00,731,-7.363,-3.215,0.104
8.00,732,2.571,7.637,0.111
8.00,733,-7.226,-3.495,0.102
8.00,734,1.452,7.956,0.099
8.00,735,7.131,-3.659,0.099
8.00,736,-3.405,7.263,0.101
8.00,737,7.813,-2.018,0.098
8.00,738,-2.068,-7.794,0.096
8.00,739,-6.735,-4.328,0.097
8.00,740,-7.635,2.558,0.107
8.00,741,-2.089,-7.787,0.096
8.00,742,6.896,-4.052,0.097
8.00,743,-0.378,-8.081,0.090
8.00,744,3.326,7.316,0.105
8.00,745,7.271,-3.391,0.098
8.00,746,-8.057,-0.669,0.094
8.00,747,1.929,-7.864,0.095
8.00,748,4.640,-6.525,0.091
8.00,749,2.463,-7.694,0.101
8.00,750,-7.314,-3.317,0.102
8.00,751,7.762,-2.176,0.100
8.00,752,-1.724,-7.885,0.093
8.00,753,7.329,-3.273,0.099
8.00,754,-2.087,-7.788,0.096
8.00,755,5.563,-5.726,0.090
8.00,756,3.200,-7.392,0.099
8.00,757,-8.050,-0.722,0.094
8.00,758,3.555,7.199,0.104
8.00,759,-7.742,2.251,0.101
8.00,760,8.048,0.949,0.092
8.00,761,7.322,-3.286,0.099
8.00,762,8.108,0.006,0.090
8.00,763,-3.476,-7.233,0.098
8.00,764,-7.610,-2.602,0.110
8.00,765,5.603,-5.685,0.090
8.00,766,1.282,-8.002,0.092
8.00,767,-7.692,2.399,0.104
8.00,768,-7.748,2.232,0.101
8.00,769,5.428,5.864,0.092
8.00,770,4.635,-6.529,0.091
8.00,771,8.099,0.265,0.090
8.00,772,-6.426,-4.763,0.095
8.00,773,-7.586,-2.662,0.108
8.00,774,-7.051,-3.821,0.105
8.00,775,-7.693,2.398,0.104
8.00,776,5.379,5.909,0.091
8.00,777,-6.461,-4.719,0.095
8.00,778,2.571,7.638,0.111
8.00,779,7.352,3.282,0.102
8.00,780,-7.582,2.683,0.107
8.00,781,7.764,-2.168,0.100
8.00,782,7.275,-3.382,0.098
8.00,783,6.532,4.638,0.096
8.00,784,1.462,7.954,0.099
8.00,785,-4.462,6.632,0.094
8.00,786,-2.114,-7.779,0.097
8.00,787,-5.053,6.171,0.092
8.00,788,6.751,-4.285,0.093
8.00,789,-7.598,-2.633,0.109
8.00,790,1.561,-7.945,0.093
8.00,791,1.379,-7.983,0.092
8.00,792,8.047,0.961,0.092
8.00,793,-7.657,-2.482,0.108
8.00,794,-7.927,1.559,0.095
8.00,795,-2.185,-7.757,0.098
8.00,796,5.485,5.810,0.093
8.00,797,-7.365,-3.210,0.104
8.00,798,-2.260,-7.732,0.099
8.00,799,-7.879,-1.738,0.099
8.00,800,7.582,-2.667,0.105
8.00,801,-2.380,-7.692,0.100
8.00,802,7.231,-3.469,0.098
8.00,803,1.945,-7.860,0.095
8.00,804,7.707,-2.337,0.102
8.00,805,-2.093,-7.786,0.097
8.00,806,7.316,-3.299,0.099
8.00,807,7.963,-1.399,0.094
8.00,808,2.573,7.637,0.111
8.00,809,-7.182,-3.580,0.102
8.00,810,7.302,3.384,0.101
8.00,811,6.188,5.065,0.096
8.00,812,0.313,8.082,0.097
8.00,813,4.541,6.589,0.098
8.00,814,7.748,-2.219,0.100
8.00,815,3.196,-7.393,0.099
8.00,816,7.909,1.744,0.096
8.00,817,-2.351,-7.702,0.100
8.00,818,4.632,-6.531,0.091
8.00,819,7.886,1.851,0.097
8.00,820,7.794,2.163,0.099
8.00,821,-7.684,2.424,0.104
8.00,822,-7.565,2.727,0.106
8.00,823,-3.864,7.012,0.103
8.00,824,1.946,-7.859,0.095
8.00,825,3.692,7.125,0.105
8.00,826,-7.744,2.245,0.101
8.00,827,-7.358,-3.226,0.104
8.00,828,-4.458,6.635,0.094
8.00,829,6.173,-5.063,0.091
8.00,830,-7.140,3.647,0.103
8.00,831,2.073,7.806,0.104
8.00,832,8.022,1.162,0.092
8.00,833,-8.084,0.158,0.093
8.00,834,-2.096,-7.785,0.097
8.00,835,2.053,7.813,0.103
8.00,836,8.045,-0.870,0.091
8.00,837,-7.766,2.178,0.100
8.00,838,2.040,7.817,0.103
8.00,839,4.548,6.584,0.098
8.00,840,2.192,-7.783,0.097
8.00,841,-3.633,7.145,0.101
8.00,842,2.571,7.638,0.111
8.00,843,3.793,7.069,0.107
8.00,844,4.554,6.580,0.098
8.00,845,8.018,-1.073,0.092
8.00,846,8.104,-0.093,0.090
8.00,847,6.191,5.062,0.096
8.00,848,7.963,1.489,0.094
8.00,849,2.090,7.801,0.104
8.00,850,5.323,5.961,0.091
8.00,851,-3.553,7.187,0.101
8.00,852,3.284,7.336,0.105
8.00,853,6.596,-4.520,0.092
8.00,854,-8.055,-0.687,0.094
8.00,855,2.148,-7.797,0.097
8.00,856,-3.754,-7.087,0.100
8.00,857,-7.363,-3.214,0.104
8.00,858,2.571,7.638,0.111
8.00,859,8.094,0.407,0.090
8.00,860,7.802,-2.054,0.098
8.00,861,-7.604,-2.616,0.109
8.00,862,2.064,7.809,0.103
8.00,863,-7.357,-3.228,0.103
8.00,864,-2.282,-7.725,0.099
8.00,865,-7.246,3.449,0.102
8.00,866,1.439,-7.970,0.092
8.00,867,-2.176,-7.760,0.097
8.00,868,7.077,-3.757,0.100
8.00,869,-4.459,6.634,0.094
8.00,870,5.423,5.869,0.092
8.00,871,7.288,-3.356,0.098
8.00,872,-3.823,7.038,0.103
8.00,873,-7.796,2.083,0.099
8.00,874,3.204,-7.390,0.099
8.00,875,-3.454,7.238,0.101
8.00,876,8.027,1.121,0.092
8.00,877,-0.913,8.023,0.099
8.00,878,-7.711,2.344,0.103
8.00,879,6.173,5.084,0.096
8.00,880,-4.974,6.234,0.092
8.00,881,8.073,0.742,0.091
8.00,882,-7.805,2.056,0.099
8.00,883,7.209,-3.512,0.098
8.00,884,3.295,7.331,0.105
8.00,885,0.570,8.074,0.097
8.00,886,-2.167,-7.763,0.097
8.00,887,-2.132,-7.774,0.097
8.00,888,-7.745,-2.217,0.103
8.00,889,2.060,7.811,0.103
8.00,890,-2.130,-7.774,0.097
8.00,891,3.780,7.076,0.107
8.00,892,0.324,-8.089,0.090
8.00,893,-7.749,-2.205,0.103
8.00,894,3.666,-7.154,0.097
8.00,895,-7.691,2.403,0.104
8.00,896,8.102,-0.125,0.090
8.00,897,7.871,-1.808,0.096
8.00,898,5.376,5.913,0.091
8.00,899,-7.854,1.890,0.098
8.00,900,6.913,-4.025,0.098
8.00,901,3.544,7.205,0.104
8.00,902,0.073,-8.097,0.090
8.00,903,1.326,-7.994,0.092
8.00,904,-7.692,2.399,0.104
8.00,905,3.198,-7.393,0.099
8.00,906,7.286,-3.360,0.098
8.00,907,3.201,-7.391,0.099
8.00,908,7.607,-2.606,0.106
8.00,909,3.301,-7.343,0.097
8.00,910,7.609,-2.601,0.106
8.00,911,-3.846,7.024,0.103
8.00,912,-3.921,6.975,0.103
8.00,913,-7.634,2.559,0.107
8.00,914,6.259,4.977,0.097
8.00,915,8.102,0.186,0.090
8.00,916,-6.825,4.163,0.101
8.00,917,7.869,1.921,0.097
8.00,918,-6.226,-5.012,0.094
8.00,919,2.576,7.635,0.111
8.00,920,8.099,0.272,0.090
8.00,921,-7.621,-2.576,0.109
8.00,922,-7.807,2.048,0.099
8.00,923,7.314,-3.304,0.099
8.00,924,-7.251,-3.446,0.102
8.00,925,5.613,-5.675,0.090
8.00,926,7.604,-2.615,0.106
8.00,927,3.300,7.329,0.105
8.00,928,-7.357,-3.228,0.103
8.00,929,7.743,-2.231,0.100
8.00,930,-7.573,2.706,0.106
8.00,931,-7.357,-3.227,0.104
8.00,932,7.532,2.865,0.105
8.00,933,7.567,-2.705,0.104
8.00,934,6.737,-4.306,0.093
8.00,935,7.401,3.181,0.103
8.00,936,-7.750,2.226,0.101
8.00,937,-7.357,-3.227,0.104
8.00,938,-7.693,2.395,0.104
8.00,939,5.277,6.001,0.092
8.00,940,8.066,0.796,0.091
8.00,941,8.098,0.296,0.090
8.00,942,-4.458,6.635,0.094
8.00,943,-8.041,0.836,0.093
8.00,944,-2.515,-7.646,0.103
8.00,945,-7.799,2.075,0.099
8.00,946,-7.460,2.985,0.104
8.00,947,-7.799,2.076,0.099
8.00,948,6.679,4.432,0.098
8.00,949,-7.725,2.301,0.102
8.00,950,6.251,4.987,0.096
8.00,951,-7.936,-1.477,0.097
8.00,952,-3.558,7.184,0.101
8.00,953,3.584,7.183,0.104
8.00,954,7.609,-2.600,0.106
8.00,955,-7.609,-2.603,0.109
8.00,956,8.093,-0.305,0.090
8.00,957,8.093,0.436,0.090
8.00,958,-7.829,1.980,0.098
8.00,959,-4.467,6.628,0.094
8.00,960,-8.085,-0.111,0.093
8.00,961,1.365,7.975,0.099
8.00,962,2.083,7.803,0.104
8.00,963,0.525,8.075,0.097
8.00,964,-2.088,-7.788,0.096
8.00,965,7.744,2.318,0.102
8.00,966,7.871,-1.808,0.096
8.00,967,6.332,-4.862,0.093
8.00,968,3.629,-7.174,0.097
8.00,969,-7.680,2.436,0.105
8.00,970,8.091,-0.351,0.090
8.00,971,-7.362,-3.216,0.104
8.00,972,-7.797,2.079,0.099
8.00,973,-3.875,7.005,0.103
8.00,974,4.537,6.592,0.098
8.00,975,-2.112,-7.780,0.097
8.00,976,7.848,1.988,0.098
8.00,977,5.388,5.902,0.091
8.00,978,-2.046,-7.801,0.096
8.00,979,-8.046,0.801,0.093
8.00,980,-6.260,-4.969,0.095
8.00,981,-2.797,7.526,0.108
8.00,982,-7.302,-3.341,0.102
8.00,983,7.174,-3.578,0.098
8.00,984,6.388,4.819,0.097
8.00,985,2.044,-7.830,0.096
8.00,986,-1.537,-7.926,0.092
8.00,987,-4.012,6.919,0.100
8.00,988,-7.731,2.285,0.102
8.00,989,-7.611,-2.599,0.110
8.00,990,-6.689,-4.401,0.097
8.00,991,-7.696,2.387,0.104
8.00,992,-7.365,-3.211,0.104
8.00,993,-6.365,4.809,0.098
8.00,994,8.075,0.722,0.091
8.00,995,-2.016,7.802,0.105
8.00,996,-7.784,2.122,0.100
8.00,997,-7.935,1.519,0.095
8.00,998,-7.742,-2.226,0.103
8.00,999,8.091,-0.348,0.090
8.00,1000,-3.860,7.015,0.103
8.00,1001,6.504,4.674,0.096
8.00,1002,-7.592,-2.649,0.109
8.00,1003,-5.090,6.141,0.091
8.00,1004,2.064,7.809,0.103
8.00,1005,3.698,7.122,0.105
8.00,1006,7.948,-1.466,0.094
8.00,1007,-1.615,-7.909,0.093
8.00,1008,-2.091,-7.787,0.096
8.00,1009,3.332,7.313,0.104
8.00,1010,7.731,-2.267,0.101
8.00,1011,-2.090,-7.787,0.096
8.00,1012,7.785,-2.105,0.099
8.00,1013,7.456,3.050,0.104
8.00,1014,1.385,7.971,0.099
8.00,1015,-7.606,-2.612,0.109
8.00,1016,-2.332,-7.708,0.100
8.00,1017,-3.207,7.359,0.104
8.00,1018,-7.624,2.582,0.107
8.00,1019,-7.351,-3.240,0.103
8.00,1020,8.072,-0.672,0.091
8.00,1021,-2.198,-7.753,0.098
8.00,1022,7.713,-2.322,0.102
8.00,1023,-7.958,1.411,0.094
8.00,1024,7.343,3.302,0.102
8.00,1025,2.042,-7.830,0.096
8.00,1026,-7.719,2.320,0.102
8.00,1027,-2.257,-7.733,0.098
8.00,1028,5.905,-5.376,0.086
8.00,1029,-2.419,-7.679,0.101
8.00,1030,-7.803,2.063,0.099
8.00,1031,2.055,7.812,0.103
8.00,1032,2.219,-7.774,0.097
8.00,1033,-4.458,6.635,0.094
8.00,1034,8.062,0.829,0.091
8.00,1035,-7.094,3.730,0.105
8.00,1036,5.462,5.831,0.092
8.00,1037,6.405,-4.773,0.092
8.00,1038,-7.603,-2.620,0.109
8.00,1039,3.772,-7.095,0.099
8.00,1040,4.562,6.574,0.097
8.00,1041,-7.706,2.357,0.103
8.00,1042,4.543,6.587,0.098
8.00,1043,7.606,-2.608,0.106
8.00,1044,2.034,7.819,0.103
8.00,1045,3.200,-7.392,0.099
8.00,1046,1.930,-7.864,0.095
8.00,1047,1.286,-8.002,0.092
8.00,1048,-0.235,8.080,0.097
8.00,1049,2.075,7.806,0.104
8.00,1050,6.660,-4.426,0.093
8.00,1051,5.442,5.851,0.092
8.00,1052,-7.788,-2.083,0.102
8.00,1053,-8.050,0.767,0.093
8.00,1054,2.571,7.638,0.111
8.00,1055,5.386,5.904,0.091
8.00,1056,7.607,-2.607,0.106
8.00,1057,-3.642,7.139,0.101
8.00,1058,3.326,7.316,0.105
8.00,1059,-3.646,7.137,0.101
8.00,1060,-2.139,-7.771,0.097
8.00,1061,-7.705,2.361,0.103
8.00,1062,-2.019,-7.809,0.096
8.00,1063,6.836,-4.149,0.095
8.00,1064,0.507,-8.084,0.090
8.00,1065,7.931,1.641,0.095
8.00,1066,-3.792,7.057,0.103
8.00,1067,4.548,6.584,0.098
8.00,1068,1.559,-7.946,0.093
8.00,1069,3.760,-7.102,0.098
8.00,1070,5.453,5.840,0.092
8.00,1071,-7.359,-3.223,0.104
8.00,1072,1.941,-7.861,0.095
8.00,1073,-7.918,1.599,0.095
8.00,1074,3.447,7.255,0.104
8.00,1075,8.030,1.101,0.092
8.00,1076,6.561,-4.569,0.091
8.00,1077,-1.996,-7.817,0.096
8.00,1078,6.826,-4.166,0.095
8.00,1079,4.665,-6.506,0.091
8.00,1080,7.330,-3.271,0.099
8.00,1081,0.281,8.083,0.097
8.00,1082,-3.868,7.010,0.103
8.00,1083,8.077,0.709,0.091
8.00,1084,0.024,8.092,0.097
8.00,1085,3.626,7.161,0.104
8.00,1086,-2.135,-7.773,0.097
8.00,1087,7.060,3.834,0.104
8.00,1088,8.020,1.183,0.092
8.00,1089,1.237,-8.009,0.092
8.00,1090,8.061,0.841,0.091
8.00,1091,-1.149,-8.000,0.091
8.00,1092,-2.322,-7.712,0.099
8.00,1093,1.943,-7.860,0.095
8.00,1094,6.816,-4.181,0.095
8.00,1095,-4.459,6.634,0.094
8.00,1096,4.647,-6.520,0.091
8.00,1097,-7.785,2.118,0.100
8.00,1098,1.280,-8.003,0.092
8.00,1099,8.072,0.744,0.091
8.00,1100,8.067,0.792,0.091
8.00,1101,2.054,7.812,0.103
8.00,1102,-0.224,-8.089,0.090
8.00,1103,4.657,-6.512,0.091
8.00,1104,7.932,-1.537,0.094
8.00,1105,-7.898,1.694,0.096
8.00,1106,-7.797,2.081,0.099
8.00,1107,-2.075,7.784,0.106
8.00,1108,0.800,8.052,0.097
8.00,1109,-7.367,-3.207,0.104
8.00,1110,-3.863,7.013,0.103
8.00,1111,7.292,-3.349,0.098
8.00,1112,3.319,7.320,0.105
8.00,1113,-7.661,2.490,0.106
8.00,1114,-8.058,0.700,0.093
8.00,1115,1.279,-8.003,0.092
8.00,1116,-7.852,1.900,0.098
8.00,1117,-3.716,7.099,0.102
8.00,1118,4.556,6.578,0.098
8.00,1119,-3.887,6.997,0.103
8.00,1120,-2.184,-7.757,0.098
8.00,1121,4.657,-6.512,0.091
8.00,1122,4.546,6.585,0.098
8.00,1123,-7.678,-2.419,0.106
8.00,1124,0.971,8.031,0.097
8.00,1125,-2.398,-7.686,0.101
8.00,1126,-4.458,6.635,0.094
8.00,1127,-2.561,-7.627,0.104
8.00,1128,-3.868,7.010,0.103
8.00,1129,7.873,-1.797,0.096
8.00,1130,-7.805,2.057,0.099
8.00,1131,-7.574,2.705,0.106
8.00,1132,1.040,8.023,0.098
8.00,1133,-4.458,6.635,0.094
8.00,1134,-7.690,2.405,0.104
8.00,1135,4.645,-6.521,0.091
8.00,1136,7.920,1.693,0.095
8.00,1137,8.068,0.781,0.091
8.00,1138,-7.501,2.886,0.105
8.00,1139,3.701,7.120,0.105
8.00,1140,-3.567,-7.187,0.098
8.00,1141,-2.085,-7.789,0.096
8.00,1142,-1.709,7.879,0.103
8.00,1143,-2.529,-7.640,0.103
8.00,1144,1.508,7.945,0.099
8.00,1145,-3.865,7.012,0.103
8.00,1146,-2.497,-7.652,0.102
8.00,1147,3.287,7.335,0.105
8.00,1148,4.542,6.588,0.098
8.00,1149,-7.317,-3.311,0.102
8.00,1150,6.895,-4.055,0.097
8.00,1151,0.294,8.083,0.097
8.00,1152,6.683,-4.391,0.093
8.00,1153,2.050,7.814,0.103
8.00,1154,-7.366,-3.208,0.104
8.00,1155,-7.719,2.318,0.102
8.00,1156,0.669,8.067,0.097
8.00,1157,-8.068,-0.484,0.094
8.00,1158,-3.666,7.126,0.101
8.00,1159,-3.865,7.011,0.103
8.00,1160,-7.366,-3.208,0.104
8.00,1161,-2.110,-7.781,0.097
8.00,1162,5.631,-5.657,0.090
8.00,1163,3.298,7.330,0.105
8.00,1164,7.872,-1.802,0.096
8.00,1165,-7.365,-3.211,0.104
8.00,1166,-3.668,7.126,0.101
8.00,1167,-7.906,-1.617,0.098
8.00,1168,-7.514,2.853,0.105
8.00,1169,2.579,7.634,0.111
8.00,1170,-6.434,4.725,0.097
8.00,1171,-2.947,7.466,0.106
8.00,1172,-2.365,-7.697,0.100
8.00,1173,-2.265,-7.730,0.099
8.00,1174,-7.610,-2.602,0.110
8.00,1175,3.798,7.066,0.107
8.00,1176,-3.083,-7.418,0.100
8.00,1177,7.698,-2.364,0.102
8.00,1178,-3.871,-7.017,0.102
8.00,1179,-0.361,-8.082,0.090
8.00,1180,-3.484,7.223,0.101
8.00,1181,-2.084,-7.789,0.096
8.00,1182,7.322,-3.286,0.099
8.00,1183,-3.868,7.010,0.103
8.00,1184,5.399,5.891,0.091
8.00,1185,3.681,7.131,0.105
8.00,1186,0.400,8.079,0.097
8.00,1187,-7.960,1.402,0.094
8.00,1188,-2.098,-7.785,0.097
8.00,1189,-3.865,7.012,0.103
8.00,1190,3.796,7.068,0.107
8.00,1191,8.052,0.914,0.091
8.00,1192,-0.044,-8.098,0.090
8.00,1193,-8.057,-0.668,0.094
8.00,1194,8.091,0.487,0.091
8.00,1195,7.971,1.454,0.094
8.00,1196,4.546,6.586,0.098
8.00,1197,-7.608,2.619,0.108
8.00,1198,-7.683,2.426,0.104
8.00,1199,-2.289,-7.723,0.099
8.00,1200,-8.006,1.120,0.093
8.00,1201,1.935,-7.863,0.095
8.00,1202,-7.780,2.133,0.100
8.00,1203,-3.867,7.010,0.103
8.00,1204,-5.093,6.138,0.091
8.00,1205,3.288,7.335,0.105
8.00,1206,-0.341,-8.083,0.090
8.00,1207,1.409,7.965,0.099
8.00,1208,-7.610,-2.602,0.110
8.00,1209,7.447,-3.000,0.101
8.00,1210,-7.852,-1.864,0.100
8.00,1211,1.421,7.963,0.099
8.00,1212,-2.087,-7.788,0.096
8.00,1213,-0.695,-8.060,0.090
8.00,1214,-1.939,-7.834,0.095
8.00,1215,3.283,7.337,0.105
8.00,1216,3.825,7.050,0.107
8.00,1217,3.287,7.335,0.105
8.00,1218,5.406,5.885,0.092
8.00,1219,6.722,-4.330,0.093
8.00,1220,-5.111,6.123,0.091
8.00,1221,-7.878,-1.744,0.099
8.00,1222,-2.185,-7.757,0.098
8.00,1223,-7.900,-1.646,0.098
8.00,1224,-3.583,7.171,0.101
8.00,1225,7.970,1.455,0.094
8.00,1226,-7.897,1.695,0.096
8.00,1227,7.322,-3.286,0.099
8.00,1228,4.646,-6.521,0.091
8.00,1229,-7.797,2.079,0.099
8.00,1230,2.125,7.790,0.104
8.00,1231,7.936,-1.519,0.094
8.00,1232,-2.554,-7.630,0.103
8.00,1233,-7.353,-3.236,0.103
8.00,1234,-7.796,2.084,0.099
8.00,1235,6.851,-4.125,0.095
8.00,1236,-4.459,6.634,0.094
8.00,1237,-8.087,0.074,0.093
8.00,1238,5.620,-5.667,0.090
8.00,1239,-3.405,-7.269,0.098
8.00,1240,7.774,2.226,0.100
8.00,1241,7.585,-2.662,0.105
8.00,1242,-7.739,-2.237,0.104
8.00,1243,-7.321,-3.302,0.103
8.00,1244,8.091,0.487,0.091
8.00,1245,4.541,6.589,0.098
8.00,1246,-6.258,4.942,0.096
8.00,1247,3.147,7.401,0.107
8.00,1248,-8.078,-0.270,0.093
8.00,1249,-3.566,-7.187,0.098
8.00,1250,-3.868,7.009,0.103
8.00,1251,-7.366,-3.207,0.104
8.00,1252,7.356,3.275,0.102
8.00,1253,8.094,-0.298,0.090
8.00,1254,1.427,7.962,0.099
8.00,1255,-7.356,-3.230,0.103
8.00,1256,-3.296,7.317,0.103
8.00,1257,-8.034,0.897,0.093
8.00,1258,6.017,-5.251,0.087
8.00,1259,6.202,-5.026,0.091
8.00,1260,2.572,7.637,0.111
8.00,1261,1.280,-8.003,0.092
8.00,1262,-2.297,-7.720,0.099
8.00,1263,-3.129,-7.399,0.100
8.00,1264,8.000,-1.203,0.093
8.00,1265,1.112,8.014,0.098
8.00,1266,-4.459,6.634,0.094
8.00,1267,-2.062,-7.796,0.096
8.00,1268,-3.599,-7.170,0.098
8.00,1269,-3.868,7.010,0.103
8.00,1270,-7.785,2.119,0.100
8.00,1271,7.787,-2.100,0.099
8.00,1272,-7.885,1.751,0.096
8.00,1273,8.031,-0.979,0.092
8.00,1274,7.712,-2.322,0.102
8.00,1275,2.570,7.638,0.111
8.00,1276,-3.540,7.194,0.101
8.00,1277,-1.805,-7.867,0.094
8.00,1278,-2.198,-7.752,0.098
8.00,1279,7.888,1.845,0.097
8.00,1280,8.021,1.170,0.092
8.00,1281,4.639,-6.526,0.091
8.00,1282,-6.691,-4.398,0.097
8.00,1283,-3.870,7.008,0.103
8.00,1284,6.477,-4.682,0.091
8.00,1285,5.503,5.793,0.093
8.00,1286,0.182,-8.094,0.090
8.00,1287,3.781,-7.090,0.099
8.00,1288,-1.692,-7.892,0.093
8.00,1289,-3.868,7.010,0.103
8.00,1290,-4.459,6.634,0.094
8.00,1291,6.555,-4.578,0.091
8.00,1292,7.769,-2.153,0.099
8.00,1293,5.484,5.811,0.093
8.00,1294,-4.458,6.635,0.094
8.00,1295,5.542,-5.748,0.089
8.00,1296,-8.088,0.071,0.093
8.00,1297,-2.669,-7.583,0.103
8.00,1298,-6.541,-4.613,0.095
8.00,1299,3.701,-7.135,0.098
8.00,1300,-2.304,-7.718,0.099
8.00,1301,0.898,-8.049,0.091
8.00,1302,3.780,7.076,0.107
8.00,1303,-7.207,-3.532,0.102
8.00,1304,-0.666,-8.064,0.090
8.00,1305,8.060,0.852,0.091
8.00,1306,-7.365,-3.210,0.104
8.00,1307,-8.061,0.674,0.093
8.00,1308,7.309,-3.314,0.099
8.00,1309,7.324,3.340,0.102
8.00,1310,7.261,-3.410,0.098
8.00,1311,2.097,7.799,0.104
8.00,1312,6.054,-5.208,0.087
8.00,1313,7.137,-3.648,0.099
8.00,1314,-7.737,-2.243,0.104
8.00,1315,-7.779,2.135,0.100
8.00,1316,-3.629,7.147,0.101
8.00,1317,-1.836,-7.860,0.094
8.00,1318,-3.866,7.011,0.103
8.00,1319,-7.797,2.081,0.099
8.00,1320,7.609,-2.601,0.106
8.00,1321,3.624,7.162,0.104
8.00,1322,-0.843,8.032,0.099
8.00,1323,-3.826,7.036,0.103
8.00,1324,-2.452,-7.668,0.102
8.00,1325,-7.367,-3.207,0.104
8.00,1326,-3.867,7.010,0.103
8.00,1327,2.278,-7.755,0.098
8.00,1328,4.636,-6.529,0.091
8.00,1329,-2.617,7.597,0.112
8.00,1330,-7.807,2.050,0.099
8.00,1331,-7.797,2.079,0.099
8.00,1332,-1.749,-7.879,0.094
8.00,1333,-3.845,7.025,0.103
8.00,1334,6.955,-3.956,0.100
8.00,1335,7.328,-3.274,0.099
8.00,1336,2.579,7.634,0.111
8.00,1337,7.972,1.445,0.094
8.00,1338,-2.031,-7.806,0.096
8.00,1339,1.357,-7.987,0.092
8.00,1340,3.292,7.333,0.105
8.00,1341,8.075,-0.652,0.091
8.00,1342,-0.351,-8.082,0.090
8.00,1343,7.318,-3.294,0.099
8.00,1344,8.024,-1.029,0.092
8.00,1345,-1.752,-7.879,0.094
8.00,1346,-7.795,2.087,0.099
8.00,1347,-7.799,2.074,0.099
8.00,1348,7.012,-3.865,0.101
8.00,1349,7.938,-1.509,0.094
8.00,1350,7.839,-1.936,0.098
8.00,1351,-1.351,-7.967,0.091
8.00,1352,5.578,-5.710,0.090
8.00,1353,-3.406,-7.269,0.098
8.00,1354,-1.642,-7.903,0.093
8.00,1355,-7.753,-2.192,0.103
8.00,1356,7.709,-2.331,0.102
8.00,1357,-7.608,-2.607,0.109
8.00,1358,-6.443,-4.742,0.095
8.00,1359,-0.981,-8.022,0.090
8.00,1360,-5.105,6.128,0.091
8.00,1361,-4.464,6.631,0.094
8.00,1362,4.641,-6.524,0.091
8.00,1363,-7.757,2.205,0.101
8.00,1364,-2.383,-7.691,0.100
8.00,1365,3.799,-7.080,0.099
8.00,1366,-3.698,7.109,0.102
8.00,1367,-8.047,0.787,0.093
8.00,1368,3.455,-7.265,0.096
8.00,1369,-8.041,0.838,0.093
8.00,1370,-3.868,7.010,0.103
8.00,1371,3.714,-7.127,0.098
8.00,1372,-3.617,7.153,0.101
8.00,1373,-2.310,-7.716,0.099
8.00,1374,6.629,4.503,0.097
8.00,1375,4.541,6.589,0.098
8.00,1376,3.298,7.330,0.105
8.00,1377,2.120,7.792,0.104
8.00,1378,8.095,0.366,0.090
8.00,1379,-4.593,-6.554,0.093
8.00,1380,-7.727,2.297,0.102
8.00,1381,-7.699,2.379,0.104
8.00,1382,8.088,0.578,0.091
8.00,1383,2.362,-7.727,0.099
8.00,1384,1.931,-7.864,0.095
8.00,1385,-8.078,-0.269,0.093
8.00,1386,7.749,-2.214,0.100
8.00,1387,7.687,2.486,0.105
8.00,1388,-7.730,2.287,0.102
8.00,1389,7.387,3.212,0.103
8.00,1390,-3.866,7.011,0.103
8.00,1391,-0.860,-8.038,0.090
8.00,1392,7.719,-2.303,0.101
8.00,1393,-3.324,-7.309,0.098
8.00,1394,4.658,-6.511,0.091
8.00,1395,0.413,-8.087,0.090
8.00,1396,6.741,4.335,0.098
8.00,1397,-7.447,3.017,0.104
8.00,1398,6.066,-5.194,0.088
8.00,1399,2.122,-7.805,0.096
8.00,1400,-1.377,-7.961,0.092
8.00,1401,7.714,-2.317,0.102
8.00,1402,-3.863,7.013,0.103
8.00,1403,5.504,5.792,0.093
8.00,1404,-7.606,-2.613,0.109
8.00,1405,7.816,-2.007,0.098
8.00,1406,2.572,7.637,0.111
8.00,1407,-2.150,-7.768,0.097
8.00,1408,-1.810,7.857,0.104
8.00,1409,-8.087,0.097,0.093
8.00,1410,-2.446,-7.670,0.101
8.00,1411,-7.317,-3.310,0.102
8.00,1412,2.154,-7.795,0.097
8.00,1413,-3.868,7.009,0.103
8.00,1414,8.087,-0.422,0.090
8.00,1415,-7.832,1.967,0.098
8.00,1416,7.290,-3.353,0.098
8.00,1417,-7.718,2.323,0.103
8.00,1418,-7.357,-3.226,0.104
8.00,1419,-7.962,1.393,0.094
8.00,1420,-7.181,-3.582,0.102
8.00,1421,3.282,7.337,0.105
8.00,1422,-6.420,-4.771,0.095
8.00,1423,-7.097,-3.740,0.104
8.00,1424,5.409,5.882,0.092
8.00,1425,-2.026,-7.807,0.096
8.00,1426,-7.359,-3.223,0.104
8.00,1427,8.107,-0.027,0.090
8.00,1428,1.425,-7.973,0.092
8.00,1429,6.738,-4.305,0.093
8.00,1430,-7.776,2.147,0.100
8.00,1431,-7.797,2.081,0.099
8.00,1432,-7.360,-3.221,0.104
8.00,1433,8.082,-0.519,0.091
8.00,1434,-7.795,2.086,0.099
8.00,1435,-3.869,7.009,0.103
8.00,1436,3.734,-7.117,0.098
8.00,1437,7.489,2.970,0.104
8.00,1438,6.801,-4.205,0.094
8.00,1439,7.771,-2.148,0.099
8.00,1440,-4.877,6.312,0.093
8.00,1441,6.501,-4.650,0.091
8.00,1442,-2.090,-7.787,0.096
8.00,1443,7.938,1.609,0.095
8.00,1444,-7.738,-2.239,0.104
8.00,1445,-6.185,5.032,0.095
8.00,1446,-4.460,6.634,0.094
8.00,1447,0.945,-8.043,0.091
8.00,1448,-6.684,-4.408,0.097
8.00,1449,-2.111,-7.780,0.097
8.00,1450,-2.192,-7.754,0.098
8.00,1451,-3.817,7.042,0.103
8.00,1452,3.622,7.163,0.104
8.00,1453,3.813,-7.072,0.099
8.00,1454,7.527,2.876,0.105
8.00,1455,0.808,8.051,0.097
8.00,1456,8.101,0.200,0.090
8.00,1457,-3.842,7.026,0.103
8.00,1458,-0.755,8.044,0.098
8.00,1459,-3.573,7.176,0.101
8.00,1460,4.633,-6.530,0.091
8.00,1461,-7.923,1.576,0.095
8.00,1462,0.740,8.059,0.097
8.00,1463,-3.766,7.071,0.103
8.00,1464,5.502,5.793,0.093
8.00,1465,7.696,-2.370,0.102
8.00,1466,-5.095,6.137,0.091
8.00,1467,-7.801,2.068,0.099
8.00,1468,-7.350,-3.243,0.103
8.00,1469,6.821,-4.174,0.095
8.00,1470,-7.669,2.466,0.105
8.00,1471,-3.157,7.381,0.105
8.00,1472,-7.768,2.171,0.100
8.00,1473,-7.605,2.626,0.108
8.00,1474,7.715,-2.316,0.102
8.00,1475,-2.524,-7.642,0.103
8.00,1476,8.005,-1.165,0.092
8.00,1477,7.019,-3.854,0.101
8.00,1478,8.091,0.505,0.091
8.00,1479,-7.797,2.080,0.099
8.00,1480,-7.677,2.444,0.105
8.00,1481,4.548,6.584,0.098
8.00,1482,1.248,-8.008,0.092
8.00,1483,6.034,-5.231,0.087
8.00,1484,5.433,5.859,0.092
8.00,1485,-3.603,7.160,0.101
8.00,1486,-7.708,2.353,0.103
8.00,1487,-5.099,6.133,0.091
8.00,1488,-7.722,-2.289,0.104
8.00,1489,-7.674,-2.433,0.107
8.00,1490,3.193,-7.395,0.099
8.00,1491,2.000,-7.843,0.095
8.00,1492,8.089,0.569,0.091
8.00,1493,-7.752,-2.195,0.103
8.00,1494,-2.299,-7.719,0.099
8.00,1495,8.095,0.385,0.090
8.00,1496,-7.765,2.179,0.100
8.00,1497,-7.472,2.956,0.104
8.00,1498,7.283,-3.365,0.098
8.00,1499,-7.668,2.469,0.105
8.00,1500,6.152,5.109,0.095
8.00,1501,-7.614,2.605,0.108
8.00,1502,2.106,7.796,0.104
8.00,1503,7.707,-2.339,0.102
8.00,1504,-1.354,-7.966,0.091
8.00,1505,7.978,1.419,0.093
8.00,1506,-7.600,-2.628,0.109
8.00,1507,7.684,-2.404,0.103
8.00,1508,2.011,-7.840,0.096
8.00,1509,-7.709,2.350,0.103
8.00,1510,1.383,-7.982,0.092
8.00,1511,4.551,6.582,0.098
8.00,1512,7.320,-3.291,0.099
8.00,1513,-7.800,2.072,0.099
8.00,1514,-4.461,6.633,0.094
8.00,1515,-3.062,-7.426,0.100
8.00,1516,7.281,-3.370,0.098
8.00,1517,5.407,5.884,0.092
8.00,1518,7.952,-1.450,0.094
8.00,1519,7.726,2.370,0.102
8.00,1520,7.688,-2.393,0.103
8.00,1521,-4.461,6.633,0.094
8.00,1522,-5.117,6.118,0.091
8.00,1523,1.371,7.974,0.099
8.00,1524,-0.891,-8.034,0.090
8.00,1525,7.585,-2.662,0.105
8.00,1526,-4.258,-6.777,0.096
8.00,1527,-7.798,2.077,0.099
8.00,1528,7.603,2.691,0.107
8.00,1529,8.047,0.954,0.092
8.00,1530,-8.049,0.773,0.093
8.00,1531,7.515,2.907,0.104
8.00,1532,6.921,-4.012,0.098
8.00,1533,-2.046,-7.801,0.096
8.00,1534,-7.780,2.135,0.100
8.00,1535,-4.463,6.632,0.094
8.00,1536,2.570,7.638,0.111
8.00,1537,7.058,-3.791,0.101
8.00,1538,-0.989,-8.021,0.090
8.00,1539,7.639,-2.531,0.105
8.00,1540,8.047,0.954,0.092
8.00,1541,-2.725,-7.561,0.102
8.00,1542,-7.796,2.084,0.099
8.00,1543,-7.244,-3.460,0.102
8.00,1544,8.104,0.111,0.090
8.00,1545,-7.290,-3.366,0.102
8.00,1546,-8.014,1.059,0.093
8.00,1547,8.096,0.350,0.090
8.00,1548,8.107,0.027,0.090
8.00,1549,-2.031,-7.806,0.096
8.00,1550,-2.580,7.612,0.112
8.00,1551,-4.459,6.634,0.094
8.00,1552,-8.077,0.335,0.093
8.00,1553,-2.750,-7.551,0.102
8.00,1554,-6.826,4.162,0.101
8.00,1555,8.107,0.021,0.090
8.00,1556,-7.782,2.128,0.100
8.00,1557,-7.603,-2.621,0.109
8.00,1558,5.533,-5.756,0.089
8.00,1559,8.019,-1.067,0.092
8.00,1560,-1.736,-7.882,0.094
8.00,1561,-7.340,-3.263,0.103
8.00,1562,4.539,6.591,0.098
8.00,1563,-3.357,7.286,0.102
8.00,1564,-7.513,2.855,0.105
8.00,1565,-2.095,-7.786,0.097
8.00,1566,-7.366,-3.208,0.104
8.00,1567,7.323,-3.285,0.099
8.00,1568,2.598,7.625,0.111
8.00,1569,7.328,-3.274,0.099
8.00,1570,3.294,7.332,0.105
8.00,1571,-7.078,-3.775,0.104
8.00,1572,-7.727,2.296,0.102
8.00,1573,7.657,-2.480,0.104
8.00,1574,-7.796,2.083,0.099
8.00,1575,-3.124,-7.401,0.100
8.00,1576,-3.866,7.011,0.103
8.00,1577,8.086,0.633,0.091
8.00,1578,-4.459,6.634,0.094
8.00,1579,-2.309,-7.716,0.099
8.00,1580,1.501,7.946,0.099
8.00,1581,-2.097,-7.785,0.097
8.00,1582,-7.611,-2.599,0.110
8.00,1583,-8.056,-0.680,0.094
8.00,1584,-7.811,2.035,0.099
8.00,1585,-2.090,-7.787,0.096
8.00,1586,-7.664,-2.461,0.107
8.00,1587,7.670,-2.444,0.104
8.00,1588,1.290,-8.001,0.092
8.00,1589,2.021,7.823,0.103
8.00,1590,6.503,-4.647,0.091
8.00,1591,8.089,0.564,0.091
8.00,1592,-3.864,7.013,0.103
8.00,1593,-3.868,7.009,0.103
8.00,1594,-2.232,-7.741,0.098
8.00,1595,7.976,1.430,0.094
8.00,1596,-7.790,2.103,0.099
8.00,1597,-2.382,-7.691,0.100
8.00,1598,1.332,-7.992,0.092
8.00,1599,1.269,7.995,0.098
8.00,1600,1.937,-7.862,0.095
8.00,1601,4.536,6.592,0.098
8.00,1602,-2.432,-7.674,0.101
8.00,1603,-0.031,8.091,0.097
8.00,1604,-7.686,2.416,0.104
8.00,1605,7.836,-1.945,0.098
8.00,1606,-3.868,7.010,0.103
8.00,1607,-4.458,6.635,0.094
8.00,1608,7.304,-3.323,0.099
8.00,1609,-2.129,-7.775,0.097
8.00,1610,0.660,8.068,0.097
8.00,1611,-7.769,2.169,0.100
8.00,1612,-7.658,2.498,0.106
8.00,1613,-7.896,1.702,0.096
8.00,1614,-3.864,7.012,0.103
8.00,1615,-7.710,2.347,0.103
8.00,1616,2.571,7.638,0.111
8.00,1617,8.047,-0.858,0.091
8.00,1618,-7.519,2.840,0.105
8.00,1619,1.940,-7.861,0.095
8.00,1620,6.140,-5.104,0.090
8.00,1621,-0.829,8.034,0.099
8.00,1622,2.061,7.810,0.103
8.00,1623,7.517,2.901,0.105
8.00,1624,3.777,-7.092,0.099
8.00,1625,4.643,-6.523,0.091
8.00,1626,-7.326,-3.293,0.103
8.00,1627,-2.247,-7.736,0.098
8.00,1628,8.062,0.835,0.091
8.00,1629,7.882,-1.758,0.096
8.00,1630,-7.366,-3.209,0.104
8.00,1631,6.232,5.011,0.096
8.00,1632,7.323,-3.284,0.099
8.00,1633,7.294,3.399,0.101
8.00,1634,-4.459,6.634,0.094
8.00,1635,-2.063,-7.796,0.096
8.00,1636,4.651,-6.517,0.091
8.00,1637,-7.593,-2.646,0.109
8.00,1638,8.082,0.667,0.091
8.00,1639,-6.767,-4.277,0.098
8.00,1640,-2.124,-7.776,0.097
8.00,1641,1.951,-7.858,0.095
8.00,1642,8.101,0.208,0.090
8.00,1643,-7.704,-2.343,0.105
8.00,1644,3.194,-7.395,0.099
8.00,1645,2.571,7.638,0.111
8.00,1646,8.090,-0.368,0.090
8.00,1647,1.929,-7.865,0.095
8.00,1648,-7.243,-3.462,0.102
8.00,1649,7.921,1.690,0.095
8.00,1650,-1.917,-7.841,0.095
8.00,1651,5.494,5.801,0.093
8.00,1652,7.953,1.537,0.094
8.00,1653,-3.868,7.010,0.103
8.00,1654,1.402,7.967,0.099
8.00,1655,7.867,-1.824,0.097
8.00,1656,-7.900,1.685,0.096
8.00,1657,-4.459,6.634,0.094
8.00,1658,7.924,-1.574,0.095
8.00,1659,7.230,-3.471,0.098
8.00,1660,-7.326,-3.293,0.103
8.00,1661,-3.865,7.012,0.103
8.00,1662,3.450,7.254,0.104
8.00,1663,-2.085,-7.789,0.096
8.00,1664,2.054,7.812,0.103
8.00,1665,-7.715,2.332,0.103
8.00,1666,3.780,-7.091,0.099
8.00,1667,-2.256,-7.733,0.098
8.00,1668,7.931,-1.542,0.094
8.00,1669,4.640,-6.525,0.091
8.00,1670,7.705,-2.343,0.102
8.00,1671,-3.865,7.012,0.103
8.00,1672,-0.011,-8.099,0.090
8.00,1673,3.804,-7.077,0.099
8.00,1674,3.288,7.334,0.105
8.00,1675,7.004,-3.878,0.101
8.00,1676,-2.089,-7.788,0.096
8.00,1677,-2.439,-7.672,0.101
8.00,1678,1.269,-8.005,0.092
8.00,1679,-0.429,-8.078,0.090
8.00,1680,8.101,0.212,0.090
8.00,1681,-7.942,-1.447,0.097
8.00,1682,-3.859,7.016,0.103
8.00,1683,5.565,-5.724,0.090
8.00,1684,-2.774,-7.542,0.102
8.00,1685,3.862,7.027,0.107
8.00,1686,-7.603,-2.621,0.109
8.00,1687,-3.843,7.025,0.103
8.00,1688,-1.142,7.992,0.100
8.00,1689,1.939,-7.862,0.095
8.00,1690,8.077,0.707,0.091
8.00,1691,-2.145,-7.770,0.097
8.00,1692,-7.679,2.437,0.105
8.00,1693,1.931,-7.864,0.095
8.00,1694,6.168,-5.069,0.091
8.00,1695,-6.569,4.549,0.097
8.00,1696,7.673,-2.437,0.103
8.00,1697,-3.185,-7.375,0.100
8.00,1698,-1.775,-7.874,0.094
8.00,1699,7.838,-1.937,0.098
8.00,1700,3.785,7.074,0.107
8.00,1701,-7.574,2.703,0.107
8.00,1702,-3.869,7.009,0.103
8.00,1703,5.369,5.919,0.091
8.00,1704,6.224,5.021,0.096
8.00,1705,7.430,3.113,0.104
8.00,1706,-4.458,6.635,0.094
8.00,1707,-2.504,7.641,0.111
8.00,1708,-0.709,-8.058,0.090
8.00,1709,-3.865,7.012,0.103
8.00,1710,-3.491,-7.226,0.098
8.00,1711,-3.866,7.011,0.103
8.00,1712,-2.207,-7.750,0.098
8.00,1713,7.890,-1.724,0.096
8.00,1714,-2.390,-7.689,0.101
8.00,1715,4.010,-6.945,0.098
8.00,1716,-3.860,7.015,0.103
8.00,1717,7.889,-1.727,0.096
8.00,1718,2.585,7.631,0.111
8.00,1719,-4.461,6.633,0.094
8.00,1720,3.329,7.314,0.105
8.00,1721,-7.579,2.693,0.107
8.00,1722,8.086,-0.445,0.090
8.00,1723,8.074,-0.658,0.091
8.00,1724,-2.199,-7.752,0.098
8.00,1725,-2.808,-7.528,0.101
8.00,1726,4.634,-6.530,0.091
8.00,1727,7.752,2.292,0.101
8.00,1728,2.572,7.637,0.111
8.00,1729,-6.386,-4.812,0.096
8.00,1730,-7.610,-2.602,0.110
8.00,1731,7.787,-2.100,0.099
8.00,1732,-6.922,-4.028,0.102
8.00,1733,-7.364,-3.213,0.104
8.00,1734,8.044,0.981,0.092
8.00,1735,2.043,-7.830,0.096
8.00,1736,7.998,-1.214,0.093
8.00,1737,-7.905,1.660,0.096
8.00,1738,6.611,-4.498,0.092
8.00,1739,-7.542,-2.775,0.107
8.00,1740,6.239,5.002,0.096
8.00,1741,1.942,-7.861,0.095
8.00,1742,-2.365,-7.697,0.100
8.00,1743,0.807,8.051,0.097
8.00,1744,6.597,-4.519,0.092
8.00,1745,4.556,6.578,0.098
8.00,1746,2.571,7.638,0.111
8.00,1747,-8.043,0.823,0.093
8.00,1748,-8.082,0.222,0.093
8.00,1749,8.105,0.084,0.090
8.00,1750,1.317,-7.995,0.092
8.00,1751,-2.183,-7.757,0.097
8.00,1752,8.096,-0.249,0.090
8.00,1753,-1.714,7.878,0.103
8.00,1754,-4.460,6.634,0.094
8.00,1755,3.294,7.332,0.105
8.00,1756,-4.113,-6.867,0.097
8.00,1757,-7.699,2.379,0.104
8.00,1758,2.047,7.815,0.103
8.00,1759,-7.477,2.943,0.104
8.00,1760,-3.667,7.126,0.101
8.00,1761,-3.442,7.244,0.101
8.00,1762,7.758,-2.189,0.100
8.00,1763,-4.779,6.392,0.093
8.00,1764,3.623,7.163,0.104
8.00,1765,-3.086,7.410,0.105
8.00,1766,-7.652,2.514,0.106
8.00,1767,-7.355,-3.233,0.103
8.00,1768,7.813,-2.018,0.098
8.00,1769,5.421,5.871,0.092
8.00,1770,-7.666,2.475,0.105
8.00,1771,-3.648,7.136,0.101
8.00,1772,3.764,-7.100,0.099
8.00,1773,-2.818,7.517,0.108
8.00,1774,-2.096,-7.785,0.097
8.00,1775,-7.998,1.186,0.093
8.00,1776,-3.679,7.120,0.102
8.00,1777,5.499,5.796,0.093
8.00,1778,3.802,7.064,0.107
8.00,1779,-7.087,-3.759,0.104
8.00,1780,-7.832,-1.941,0.101
8.00,1781,3.359,7.300,0.104
8.00,1782,7.157,3.662,0.102
8.00,1783,7.792,-2.085,0.099
8.00,1784,-2.095,-7.786,0.097
8.00,1785,-7.484,2.925,0.104
8.00,1786,-3.857,7.017,0.103
8.00,1787,2.051,7.814,0.103
8.00,1788,-7.487,2.919,0.104
8.00,1789,-2.071,-7.793,0.096
8.00,1790,8.096,0.349,0.090
8.00,1791,7.885,1.857,0.097
8.00,1792,7.326,-3.278,0.099
8.00,1793,-7.256,-3.436,0.102
8.00,1794,-2.086,-7.788,0.096
8.00,1795,-7.547,-2.762,0.107
8.00,1796,-7.741,2.255,0.101
8.00,1797,8.048,0.951,0.092
8.00,1798,-2.368,7.688,0.109
8.00,1799,7.815,-2.011,0.098
8.00,1800,-2.233,-7.741,0.098
8.00,1801,-1.353,7.957,0.101
8.00,1802,-7.611,-2.599,0.110
8.00,1803,-2.535,-7.638,0.103
8.00,1804,-2.425,-7.677,0.101
8.00,1805,-6.720,4.327,0.099
8.00,1806,-4.462,6.632,0.094
8.00,1807,4.542,6.589,0.098
8.00,1808,-5.156,6.086,0.090
8.00,1809,-7.986,1.275,0.094
8.00,1810,-7.800,2.070,0.099
8.00,1811,5.957,-5.319,0.086
8.00,1812,8.027,1.126,0.092
8.00,1813,-0.948,-8.027,0.090
8.00,1814,6.600,-4.514,0.092
8.00,1815,3.196,-7.393,0.099
8.00,1816,7.325,-3.281,0.099
8.00,1817,7.970,-1.368,0.093
8.00,1818,-7.983,1.291,0.094
8.00,1819,-6.412,4.753,0.097
8.00,1820,-4.458,6.635,0.094
8.00,1821,7.818,-2.002,0.098
8.00,1822,3.768,-7.098,0.099
8.00,1823,-2.376,-7.694,0.100
8.00,1824,1.313,-7.996,0.092
8.00,1825,-4.461,6.633,0.094
8.00,1826,-6.776,-4.263,0.098
8.00,1827,-7.772,2.160,0.100
8.00,1828,3.191,-7.396,0.099
8.00,1829,7.872,-1.802,0.096
8.00,1830,-6.846,-4.151,0.099
8.00,1831,1.941,-7.861,0.095
8.00,1832,6.612,-4.496,0.092
8.00,1833,2.763,7.557,0.109
8.00,1834,-1.768,-7.875,0.094
8.00,1835,8.100,-0.163,0.090
8.00,1836,5.422,5.870,0.092
8.00,1837,8.064,0.818,0.091
8.00,1838,8.073,0.742,0.091
8.00,1839,-7.732,2.282,0.102
8.00,1840,-7.365,-3.210,0.104
8.00,1841,8.082,-0.525,0.091
8.00,1842,1.929,-7.864,0.095
8.00,1843,-6.735,4.304,0.099
8.00,1844,-6.545,4.581,0.097
8.00,1845,-7.906,-1.616,0.098
8.00,1846,0.430,-8.086,0.090
8.00,1847,7.755,-2.196,0.100
8.00,1848,5.565,-5.724,0.090
8.00,1849,1.953,-7.857,0.095
8.00,1850,-2.094,-7.786,0.097
8.00,1851,2.570,7.638,0.111
8.00,1852,7.968,1.466,0.094
8.00,1853,8.060,0.849,0.091
8.00,1854,8.037,1.041,0.092
8.00,1855,-3.538,7.194,0.101
8.00,1856,-0.714,-8.058,0.090
8.00,1857,-6.977,3.921,0.107
8.00,1858,6.690,-4.380,0.093
8.00,1859,-7.781,2.132,0.100
8.00,1860,7.270,-3.391,0.098
8.00,1861,6.141,-5.103,0.090
8.00,1862,6.472,-4.689,0.091
8.00,1863,-7.366,-3.209,0.104
8.00,1864,3.296,7.331,0.105
8.00,1865,-3.531,7.198,0.101
8.00,1866,7.243,3.500,0.101
8.00,1867,-3.868,7.009,0.103
8.00,1868,-2.101,-7.784,0.097
8.00,1869,-3.687,7.115,0.102
8.00,1870,-3.838,7.029,0.103
8.00,1871,6.158,5.102,0.095
8.00,1872,5.417,-5.871,0.087
8.00,1873,-4.458,6.635,0.094
8.00,1874,6.882,-4.075,0.097
8.00,1875,2.052,7.813,0.103
8.00,1876,8.096,0.351,0.090
8.00,1877,-7.681,2.432,0.105
8.00,1878,8.064,0.812,0.091
8.00,1879,-3.197,-7.370,0.099
8.00,1880,2.572,7.637,0.111
8.00,1881,-2.792,-7.535,0.101
8.00,1882,-4.459,6.634,0.094
8.00,1883,-8.051,0.757,0.093
8.00,1884,8.096,0.364,0.090
8.00,1885,-7.367,-3.207,0.104
8.00,1886,-3.664,7.128,0.101
8.00,1887,-7.359,-3.223,0.104
8.00,1888,3.713,-7.128,0.098
8.00,1889,8.077,0.704,0.091
8.00,1890,6.668,-4.414,0.093
8.00,1891,2.301,-7.748,0.098
8.00,1892,8.017,1.210,0.093
8.00,1893,-4.459,6.634,0.094
8.00,1894,-2.222,-7.745,0.098
8.00,1895,4.654,-6.515,0.091
8.00,1896,3.738,-7.114,0.098
8.00,1897,5.448,5.845,0.092
8.00,1898,7.610,-2.599,0.106
8.00,1899,6.975,-3.924,0.101
8.00,1900,3.200,-7.392,0.099
8.00,1901,3.591,-7.194,0.097
8.00,1902,-7.108,-3.719,0.103
8.00,1903,-7.361,-3.219,0.104
8.00,1904,-7.798,2.076,0.099
8.00,1905,-2.493,-7.653,0.102
8.00,1906,7.121,-3.678,0.099
8.00,1907,1.496,7.947,0.099
8.00,1908,6.999,-3.886,0.101
8.00,1909,7.330,-3.270,0.099
8.00,1910,-7.680,2.433,0.105
8.00,1911,-2.048,-7.800,0.096
8.00,1912,-7.339,-3.266,0.103
8.00,1913,8.099,0.270,0.090
8.00,1914,2.755,7.561,0.110
8.00,1915,-0.735,8.047,0.098
8.00,1916,-7.507,-2.862,0.106
8.00,1917,7.710,-2.330,0.102
8.00,1918,-3.868,7.009,0.103
8.00,1919,7.283,-3.367,0.098
8.00,1920,4.651,-6.517,0.091
8.00,1921,7.871,-1.805,0.096
8.00,1922,-2.135,-7.773,0.097
8.00,1923,-2.281,-7.725,0.099
8.00,1924,-7.359,-3.222,0.104
8.00,1925,2.570,7.638,0.111
8.00,1926,-2.417,-7.679,0.101
8.00,1927,0.124,-8.096,0.090
8.00,1928,-1.286,-7.980,0.091
8.00,1929,-8.070,0.526,0.093
8.00,1930,7.976,1.426,0.094
8.00,1931,8.093,-0.305,0.090
8.00,1932,5.344,5.942,0.091
8.00,1933,-3.435,7.248,0.101
8.00,1934,-2.194,-7.754,0.098
8.00,1935,-4.460,6.633,0.094
8.00,1936,4.546,6.585,0.098
8.00,1937,-7.366,-3.208,0.104
8.00,1938,8.097,0.312,0.090
8.00,1939,-7.797,2.082,0.099
8.00,1940,8.106,-0.055,0.090
8.00,1941,-2.702,7.563,0.110
8.00,1942,-7.367,-3.207,0.104
8.00,1943,-2.081,-7.790,0.096
8.00,1944,5.957,-5.319,0.086
8.00,1945,7.818,-2.001,0.098
8.00,1946,3.676,7.134,0.105
8.00,1947,7.282,3.424,0.101
8.00,1948,-4.458,6.635,0.094
8.00,1949,-7.533,2.805,0.105
8.00,1950,7.955,1.530,0.094
8.00,1951,-7.798,2.077,0.099
8.00,1952,6.607,4.535,0.097
8.00,1953,7.273,-3.387,0.098
8.00,1954,-1.886,7.839,0.105
8.00,1955,7.992,-1.262,0.093
8.00,1956,-2.522,-7.643,0.103
8.00,1957,-3.868,7.009,0.103
8.00,1958,-7.363,-3.215,0.104
8.00,1959,7.607,-2.606,0.106
8.00,1960,-7.356,-3.229,0.103
8.00,1961,7.687,-2.395,0.103
8.00,1962,8.054,0.896,0.091
8.00,1963,8.031,1.090,0.092
8.00,1964,7.194,-3.541,0.098
8.00,1965,-2.061,-7.796,0.096
8.00,1966,-2.373,-7.694,0.100
8.00,1967,-8.032,0.912,0.093
8.00,1968,7.234,-3.464,0.098
8.00,1969,-7.610,-2.603,0.110
8.00,1970,5.416,5.875,0.092
8.00,1971,-7.773,2.157,0.100
8.00,1972,-2.089,-7.787,0.096
8.00,1973,6.445,4.750,0.096
8.00,1974,8.039,1.021,0.092
8.00,1975,2.575,7.636,0.111
8.00,1976,-3.497,7.216,0.101
8.00,1977,1.281,-8.003,0.092
8.00,1978,-7.751,-2.200,0.103
8.00,1979,-2.344,-7.704,0.100
8.00,1980,6.586,-4.534,0.092
8.00,1981,7.980,1.407,0.093
8.00,1982,-1.902,-7.845,0.095
8.00,1983,-4.924,6.274,0.092
8.00,1984,-2.350,-7.702,0.100
8.00,1985,-3.661,7.129,0.101
8.00,1986,-7.366,-3.208,0.104
8.00,1987,-7.700,2.377,0.103
8.00,1988,5.459,5.835,0.092
8.00,1989,-1.953,-7.830,0.095
8.00,1990,-7.603,-2.619,0.109
8.00,1991,-6.662,-4.441,0.097
8.00,1992,-2.085,-7.789,0.096
8.00,1993,3.311,7.323,0.105
8.00,1994,5.582,-5.707,0.091
8.00,1995,-6.085,5.154,0.093
8.00,1996,4.546,6.585,0.098
8.00,1997,-4.373,6.691,0.094
8.00,1998,-7.673,2.453,0.105
8.00,1999,5.457,5.837,0.092
8.00,2000,-3.869,7.009,0.103
8.00,2001,-7.338,-3.267,0.103
8.00,2002,-8.035,-0.846,0.094
8.00,2003,-2.218,-7.746,0.098
8.00,2004,7.431,3.111,0.104
8.00,2005,3.051,7.440,0.107
8.00,2006,4.546,6.585,0.098
8.00,2007,1.405,7.966,0.099
8.00,2008,5.772,-5.515,0.089
8.00,2009,1.296,-8.000,0.092
8.00,2010,2.571,7.637,0.111
8.00,2011,-4.460,6.634,0.094
8.00,2012,7.924,1.673,0.095
8.00,2013,2.322,-7.741,0.099
8.00,2014,-1.583,-7.916,0.093
8.00,2015,-7.367,-3.207,0.104
8.00,2016,7.611,-2.596,0.106
8.00,2017,-3.601,7.162,0.101
8.00,2018,-0.620,8.060,0.098
8.00,2019,7.697,-2.368,0.102
8.00,2020,-2.161,-7.764,0.097
8.00,2021,8.072,0.745,0.091
8.00,2022,2.051,7.813,0.103
8.00,2023,-7.857,-1.840,0.100
8.00,2024,-7.762,2.189,0.101
8.00,2025,7.706,-2.340,0.102
8.00,2026,0.118,-8.096,0.090
8.00,2027,-7.782,-2.100,0.102
8.00,2028,-2.139,-7.771,0.097
8.00,2029,1.379,7.972,0.099
8.00,2030,6.918,-4.017,0.098
8.00,2031,8.056,-0.789,0.091
8.00,2032,-7.855,1.889,0.098
8.00,2033,-7.831,1.972,0.098
8.00,2034,8.104,-0.102,0.090
8.00,2035,-7.722,2.311,0.102
8.00,2036,-3.868,7.010,0.103
8.00,2037,-3.606,7.159,0.101
8.00,2038,-7.927,1.559,0.095
8.00,2039,8.007,1.278,0.093
8.00,2040,-4.458,6.635,0.094
8.00,2041,0.740,-8.067,0.090
8.00,2042,3.735,7.101,0.106
8.00,2043,-2.446,-7.669,0.101
8.00,2044,3.205,-7.389,0.099
8.00,2045,7.698,-2.364,0.102
8.00,2046,5.358,5.929,0.091
8.00,2047,-2.498,-7.651,0.102
8.00,2048,-3.866,7.011,0.103
8.00,2049,4.638,-6.526,0.091
8.00,2050,-7.777,2.144,0.100
8.00,2051,-3.868,7.010,0.103
8.00,2052,3.219,-7.382,0.098
8.00,2053,7.944,1.583,0.094
8.00,2054,6.506,-4.643,0.091
8.00,2055,-7.480,2.937,0.104
8.00,2056,6.119,-5.130,0.089
8.00,2057,-2.086,-7.788,0.096
8.00,2058,-3.861,7.014,0.103
8.00,2059,7.783,-2.112,0.099
8.00,2060,7.957,-1.424,0.094
8.00,2061,-7.802,2.065,0.099
8.00,2062,-7.256,-3.436,0.102
8.00,2063,-1.180,7.987,0.100
8.00,2064,7.803,-2.050,0.098
8.00,2065,-2.985,7.450,0.106
8.00,2066,3.195,-7.394,0.099
8.00,2067,-3.808,7.048,0.103
8.00,2068,-3.868,7.010,0.103
8.00,2069,-2.802,7.524,0.108
8.00,2070,-7.609,-2.603,0.109
8.00,2071,7.304,-3.323,0.099
8.00,2072,4.660,-6.510,0.091
8.00,2073,7.915,1.716,0.095
8.00,2074,-7.367,-3.207,0.104
8.00,2075,-7.673,2.453,0.105
8.00,2076,1.975,-7.851,0.095
8.00,2077,-5.049,6.173,0.092
8.00,2078,-8.054,0.731,0.093
8.00,2079,0.711,-8.071,0.090
8.00,2080,-2.026,-7.807,0.096
8.00,2081,-3.663,7.128,0.101
8.00,2082,-2.829,7.513,0.108
8.00,2083,-3.773,7.067,0.103
8.00,2084,-2.626,7.594,0.111
8.00,2085,7.277,-3.379,0.098
8.00,2086,-2.320,-7.712,0.099
8.00,2087,2.081,7.804,0.104
8.00,2088,4.542,6.588,0.098
8.00,2089,8.065,-0.727,0.091
8.00,2090,-7.363,-3.215,0.104
8.00,2091,-7.703,2.367,0.103
8.00,2092,8.005,1.288,0.093
8.00,2093,-0.853,-8.039,0.090
8.00,2094,2.055,7.812,0.103
8.00,2095,-3.869,7.009,0.103
8.00,2096,-7.572,2.710,0.106
8.00,2097,4.540,6.590,0.098
8.00,2098,2.092,-7.814,0.096
8.00,2099,-2.218,-7.746,0.098
8.00,2100,4.635,-6.529,0.091
8.00,2101,-7.746,-2.214,0.103
8.00,2102,-7.577,-2.685,0.108
8.00,2103,-7.937,-1.472,0.097
8.00,2104,-3.867,7.010,0.103
8.00,2105,7.769,-2.154,0.099
8.00,2106,0.748,8.058,0.097
8.00,2107,6.894,-4.056,0.097
8.00,2108,7.818,-2.001,0.098
8.00,2109,-7.342,-3.259,0.103
8.00,2110,-7.367,-3.207,0.104
8.00,2111,-8.085,0.150,0.093
8.00,2112,2.571,7.638,0.111
8.00,2113,-5.069,6.157,0.092
8.00,2114,-2.014,-7.811,0.096
8.00,2115,5.548,-5.741,0.089
8.00,2116,-7.686,2.416,0.104
8.00,2117,0.205,-8.093,0.090
8.00,2118,-7.213,-3.521,0.102
8.00,2119,8.093,0.438,0.090
8.00,2120,7.873,-1.798,0.096
8.00,2121,-1.041,-8.014,0.091
8.00,2122,-3.859,7.016,0.103
8.00,2123,7.992,-1.257,0.093
8.00,2124,-7.804,-2.033,0.101
8.00,2125,6.802,-4.204,0.094
8.00,2126,6.416,-4.759,0.091
8.00,2127,-3.864,7.012,0.103
8.00,2128,-2.546,-7.634,0.103
8.00,2129,1.465,-7.965,0.092
8.00,2130,8.015,-1.091,0.092
8.00,2131,-2.218,-7.746,0.098
8.00,2132,2.032,-7.833,0.096
8.00,2133,4.637,-6.528,0.091
8.00,2134,8.099,-0.196,0.090
8.00,2135,-2.397,-7.686,0.101
8.00,2136,4.543,6.587,0.098
8.00,2137,7.522,-2.818,0.103
8.00,2138,-2.111,-7.780,0.097
8.00,2139,-3.806,7.049,0.103
8.00,2140,0.378,-8.088,0.090
8.00,2141,2.077,7.805,0.104
8.00,2142,-7.364,-3.212,0.104
8.00,2143,-7.366,-3.208,0.104
8.00,2144,7.294,-3.344,0.098
8.00,2145,6.173,5.083,0.096
8.00,2146,7.308,-3.316,0.099
8.00,2147,7.802,-2.052,0.098
8.00,2148,7.043,-3.816,0.101
8.00,2149,3.203,-7.391,0.099
8.00,2150,-2.141,-7.771,0.097
8.00,2151,7.326,-3.279,0.099
8.00,2152,8.107,0.011,0.090
8.00,2153,-7.912,1.629,0.095
8.00,2154,-2.089,-7.787,0.096
8.00,2155,6.861,-4.110,0.096
8.00,2156,5.395,5.894,0.091
8.00,2157,-3.672,7.124,0.102
8.00,2158,-3.928,6.971,0.103
8.00,2159,7.957,1.520,0.094
8.00,2160,-3.868,7.010,0.103
8.00,2161,-4.458,6.635,0.094
8.00,2162,-6.300,4.890,0.097
8.00,2163,-2.086,-7.789,0.096
8.00,2164,-7.366,-3.208,0.104
8.00,2165,2.082,7.804,0.104
8.00,2166,-2.459,-7.665,0.102
8.00,2167,-7.109,3.703,0.104
8.00,2168,-7.775,2.150,0.100
8.00,2169,-7.843,1.934,0.098
8.00,2170,-3.095,7.406,0.105
8.00,2171,7.040,-3.821,0.101
8.00,2172,8.040,-0.910,0.091
8.00,2173,7.858,1.955,0.098
8.00,2174,6.685,4.422,0.098
8.00,2175,3.686,7.128,0.105
8.00,2176,8.052,0.912,0.091
8.00,2177,-7.743,2.248,0.101
8.00,2178,7.327,-3.277,0.099
8.00,2179,3.801,-7.079,0.099
8.00,2180,2.571,7.638,0.111
8.00,2181,-3.790,7.058,0.103
8.00,2182,-2.328,-7.710,0.100
8.00,2183,-2.087,-7.788,0.096
8.00,2184,1.363,7.975,0.099
8.00,2185,2.571,7.638,0.111
8.00,2186,-4.459,6.634,0.094
8.00,2187,-7.363,-3.215,0.104
8.00,2188,-7.917,-1.567,0.098
8.00,2189,-7.679,2.437,0.105
8.00,2190,7.534,-2.787,0.103
8.00,2191,-7.791,2.099,0.099
8.00,2192,6.424,-4.750,0.091
8.00,2193,-3.587,7.169,0.101
8.00,2194,-2.761,-7.547,0.102
8.00,2195,-3.266,7.331,0.103
8.00,2196,5.445,5.848,0.092
8.00,2197,4.638,-6.527,0.091
8.00,2198,7.676,2.517,0.105
8.00,2199,-7.996,1.200,0.094
8.00,2200,-3.869,7.009,0.103
8.00,2201,-3.714,7.100,0.102
8.00,2202,3.727,-7.120,0.098
8.00,2203,7.724,2.377,0.103
8.00,2204,7.670,2.535,0.106
8.00,2205,6.658,-4.429,0.093
8.00,2206,8.082,0.660,0.091
8.00,2207,7.601,-2.622,0.106
8.00,2208,0.556,8.074,0.097
8.00,2209,-7.501,2.885,0.105
8.00,2210,1.311,-7.997,0.092
8.00,2211,-7.367,-3.207,0.104
8.00,2212,-7.749,2.230,0.101
8.00,2213,0.093,8.089,0.097
8.00,2214,7.326,-3.279,0.099
8.00,2215,-7.749,-2.204,0.103
8.00,2216,-2.039,-7.803,0.096
8.00,2217,-8.078,0.324,0.093
8.00,2218,-7.781,2.131,0.100
8.00,2219,7.584,2.737,0.106
8.00,2220,8.024,1.149,0.092
8.00,2221,1.426,7.962,0.099
8.00,2222,8.098,0.302,0.090
8.00,2223,7.724,-2.288,0.101
8.00,2224,-2.349,-7.703,0.100
8.00,2225,7.736,-2.253,0.101
8.00,2226,-8.057,0.708,0.093
8.00,2227,-2.073,-7.792,0.096
8.00,2228,-7.443,-3.024,0.105
8.00,2229,-8.071,-0.415,0.094
8.00,2230,-7.782,2.126,0.100
8.00,2231,3.280,7.339,0.105
8.00,2232,-7.837,1.951,0.098
8.00,2233,8.011,1.255,0.093
8.00,2234,7.827,2.058,0.098
8.00,2235,1.276,-8.004,0.092
8.00,2236,1.524,7.941,0.099
8.00,2237,-2.144,-7.770,0.097
8.00,2238,8.080,0.678,0.091
8.00,2239,-7.863,1.854,0.097
8.00,2240,-7.737,2.265,0.102
8.00,2241,-3.640,7.141,0.101
8.00,2242,-7.795,2.087,0.099
8.00,2243,-7.813,2.030,0.099
8.00,2244,7.807,-2.035,0.098
8.00,2245,7.996,-1.233,0.093
8.00,2246,-3.260,7.334,0.103
8.00,2247,7.269,-3.395,0.098
8.00,2248,-7.846,1.923,0.098
8.00,2249,8.108,-0.009,0.090
8.00,2250,-3.761,-7.083,0.101
8.00,2251,-1.500,-7.934,0.092
8.00,2252,5.488,5.807,0.093
8.00,2253,-7.738,2.263,0.102
8.00,2254,-7.826,1.988,0.098
8.00,2255,4.649,-6.518,0.091
8.00,2256,6.133,5.132,0.094
8.00,2257,7.633,-2.548,0.106
8.00,2258,-7.875,-1.758,0.099
8.00,2259,-2.191,-7.755,0.098
8.00,2260,-5.090,6.141,0.091
8.00,2261,-3.866,7.011,0.103
8.00,2262,-7.631,2.566,0.107
8.00,2263,3.676,7.134,0.105
8.00,2264,7.969,1.463,0.094
8.00,2265,7.609,-2.600,0.106
8.00,2266,-0.315,8.076,0.097
8.00,2267,5.393,5.897,0.091
8.00,2268,5.486,5.808,0.093
8.00,2269,6.776,-4.245,0.094
8.00,2270,8.087,-0.429,0.090
8.00,2271,-3.759,7.075,0.102
8.00,2272,3.286,7.336,0.105
8.00,2273,6.816,-4.181,0.095
8.00,2274,3.310,7.324,0.105
8.00,2275,-7.766,2.176,0.100
8.00,2276,2.118,-7.806,0.096
8.00,2277,0.093,8.089,0.097
8.00,2278,-7.602,-2.623,0.109
8.00,2279,-6.799,-4.226,0.098
8.00,2280,7.610,-2.598,0.106
8.00,2281,-7.782,2.128,0.100
8.00,2282,7.966,1.474,0.094
8.00,2283,6.205,5.044,0.096
8.00,2284,6.163,-5.075,0.091
8.00,2285,-7.162,3.607,0.103
8.00,2286,-7.647,2.528,0.106
8.00,2287,7.610,-2.598,0.106
8.00,2288,-7.697,2.386,0.104
8.00,2289,6.219,5.027,0.096
8.00,2290,-7.923,1.575,0.095
8.00,2291,-3.226,-7.356,0.099
8.00,2292,1.311,-7.997,0.092
8.00,2293,-7.367,-3.207,0.104
8.00,2294,7.911,-1.631,0.095
8.00,2295,5.443,5.850,0.092
8.00,2296,3.785,7.074,0.107
8.00,2297,1.986,7.834,0.103
8.00,2298,4.544,6.587,0.098
8.00,2299,-1.932,-7.836,0.095
8.00,2300,6.183,5.071,0.096
8.00,2301,-7.272,-3.403,0.102
8.00,2302,-8.035,-0.843,0.094
8.00,2303,-2.568,7.617,0.112
8.00,2304,7.491,2.964,0.104
8.00,2305,6.416,-4.759,0.091
8.00,2306,-7.570,2.715,0.106
8.00,2307,-7.361,-3.218,0.104
8.00,2308,-8.079,-0.235,0.093
8.00,2309,-7.715,2.333,0.103
8.00,2310,7.933,-1.533,0.094
8.00,2311,-3.507,7.211,0.101
8.00,2312,7.609,-2.600,0.106
8.00,2313,1.694,7.905,0.101
8.00,2314,-7.586,2.674,0.107
8.00,2315,-7.293,-3.362,0.102
8.00,2316,6.642,-4.453,0.093
8.00,2317,-7.794,2.089,0.099
8.00,2318,-7.710,2.346,0.103
8.00,2319,7.634,-2.544,0.105
8.00,2320,-7.691,2.402,0.104
8.00,2321,6.515,-4.631,0.091
8.00,2322,-7.784,2.120,0.100
8.00,2323,7.607,-2.605,0.106
8.00,2324,-2.139,-7.771,0.097
8.00,2325,-2.094,-7.786,0.097
8.00,2326,2.570,7.638,0.111
8.00,2327,-2.369,-7.696,0.100
8.00,2328,7.905,-1.659,0.095
8.00,2329,-7.393,3.147,0.104
8.00,2330,-7.814,2.027,0.099
8.00,2331,7.615,-2.587,0.106
8.00,2332,-2.242,-7.738,0.098
8.00,2333,3.687,7.128,0.105
8.00,2334,8.030,1.100,0.092
8.00,2335,7.322,-3.287,0.099
8.00,2336,-7.365,-3.210,0.104
8.00,2337,-1.380,-7.960,0.092
8.00,2338,-3.869,7.009,0.103
8.00,2339,6.183,5.071,0.096
8.00,2340,-7.759,2.199,0.101
8.00,2341,7.604,-2.614,0.106
8.00,2342,7.867,1.926,0.097
8.00,2343,-7.736,-2.247,0.104
8.00,2344,8.081,-0.551,0.091
8.00,2345,-2.032,-7.806,0.096
8.00,2346,-7.744,2.243,0.101
8.00,2347,-7.800,2.072,0.099
8.00,2348,1.470,7.953,0.099
8.00,2349,6.653,4.470,0.098
8.00,2350,-4.458,6.635,0.094
8.00,2351,0.688,-8.073,0.090
8.00,2352,-7.366,-3.209,0.104
8.00,2353,-2.173,-7.761,0.097
8.00,2354,-8.046,0.796,0.093
8.00,2355,-5.100,6.132,0.091
8.00,2356,8.094,-0.284,0.090
8.00,2357,-1.921,-7.840,0.095
8.00,2358,3.281,7.338,0.105
8.00,2359,-7.809,2.043,0.099
8.00,2360,-7.365,-3.210,0.104
8.00,2361,-2.238,-7.739,0.098
8.00,2362,-2.588,-7.615,0.104
8.00,2363,1.931,-7.864,0.095
8.00,2364,4.553,6.580,0.098
8.00,2365,6.393,4.813,0.097
8.00,2366,2.151,-7.796,0.097
8.00,2367,-7.925,1.565,0.095
8.00,2368,-2.103,-7.783,0.097
8.00,2369,-2.785,-7.537,0.101
8.00,2370,-2.115,-7.779,0.097
8.00,2371,-2.066,-7.795,0.096
8.00,2372,-8.043,0.822,0.093
8.00,2373,4.660,-6.510,0.091
8.00,2374,7.319,-3.293,0.099
8.00,2375,-7.366,-3.209,0.104
8.00,2376,-8.038,-0.822,0.094
8.00,2377,0.542,-8.083,0.090
8.00,2378,-7.820,2.007,0.098
8.00,2379,2.072,-7.821,0.096
8.00,2380,-7.888,-1.700,0.099
8.00,2381,-7.298,-3.351,0.102
8.00,2382,4.548,6.584,0.098
8.00,2383,-7.796,2.085,0.099
8.00,2384,4.540,6.590,0.098
8.00,2385,-7.366,-3.209,0.104
8.00,2386,-2.085,-7.789,0.096
8.00,2387,3.668,7.139,0.105
8.00,2388,3.341,7.309,0.104
8.00,2389,-3.832,7.033,0.103
8.00,2390,-7.367,-3.205,0.104
8.00,2391,-7.645,2.534,0.107
8.00,2392,-3.868,7.010,0.103
8.00,2393,7.953,1.538,0.094
8.00,2394,-7.678,2.440,0.105
8.00,2395,2.133,7.787,0.104
8.00,2396,4.641,-6.524,0.091
8.00,2397,0.570,-8.082,0.090
8.00,2398,3.441,7.258,0.104
8.00,2399,1.277,-8.004,0.092
8.00,2400,-7.612,2.609,0.108
8.00,2401,6.572,-4.553,0.091
8.00,2402,-7.609,-2.605,0.109
8.00,2403,7.375,3.235,0.103
8.00,2404,3.415,-7.286,0.096
8.00,2405,3.273,7.342,0.105
8.00,2406,-3.489,7.220,0.101
8.00,2407,-2.218,-7.746,0.098
8.00,2408,7.581,-2.670,0.105
8.00,2409,-3.301,-7.320,0.098
8.00,2410,5.377,5.912,0.091
8.00,2411,5.401,5.889,0.092
8.00,2412,-7.540,2.790,0.105
8.00,2413,-2.398,-7.686,0.101
8.00,2414,-7.365,-3.211,0.104
8.00,2415,-7.986,-1.222,0.096
8.00,2416,7.939,1.605,0.095
8.00,2417,-3.846,7.024,0.103
8.00,2418,-2.945,-7.473,0.100
8.00,2419,-5.104,6.129,0.091
8.00,2420,-5.877,5.389,0.090
8.00,2421,7.885,-1.747,0.096
8.00,2422,2.186,-7.785,0.097
8.00,2423,1.967,-7.853,0.095
8.00,2424,3.618,-7.180,0.097
8.00,2425,-3.449,7.240,0.101
8.00,2426,-2.134,-7.773,0.097
8.00,2427,-6.616,-4.509,0.096
8.00,2428,8.087,-0.427,0.090
8.00,2429,8.107,0.035,0.090
8.00,2430,-2.251,-7.735,0.098
8.00,2431,2.110,-7.809,0.096
8.00,2432,-5.098,6.134,0.091
8.00,2433,8.100,0.231,0.090
8.00,2434,7.423,3.132,0.104
8.00,2435,-3.422,7.254,0.101
8.00,2436,3.716,7.112,0.105
8.00,2437,7.611,-2.595,0.106
8.00,2438,-7.609,-2.605,0.109
8.00,2439,6.954,4.000,0.104
8.00,2440,5.399,5.891,0.091
8.00,2441,7.986,1.379,0.093
8.00,2442,5.474,5.820,0.092
8.00,2443,3.640,7.154,0.105
8.00,2444,7.036,-3.828,0.101
8.00,2445,4.550,6.583,0.098
8.00,2446,-4.540,-6.591,0.094
8.00,2447,-3.498,-7.223,0.098
8.00,2448,-2.116,-7.779,0.097
8.00,2449,7.318,-3.295,0.099
8.00,2450,-7.366,-3.207,0.104
8.00,2451,-7.812,2.032,0.099
8.00,2452,7.982,-1.312,0.093
8.00,2453,5.425,5.867,0.092
8.00,2454,-2.091,-7.787,0.096
8.00,2455,2.097,-7.813,0.096
8.00,2456,-3.191,7.366,0.104
8.00,2457,0.591,-8.081,0.090
8.00,2458,-7.354,-3.234,0.103
8.00,2459,7.245,-3.442,0.098
8.00,2460,-2.355,-7.701,0.100
8.00,2461,-1.604,-7.912,0.093
8.00,2462,4.542,6.588,0.098
8.00,2463,-0.125,-8.094,0.090
8.00,2464,2.044,7.816,0.103
8.00,2465,-7.855,1.886,0.098
8.00,2466,-7.889,-1.695,0.099
8.00,2467,2.571,7.637,0.111
8.00,2468,-7.729,2.289,0.102
8.00,2469,-6.658,-4.448,0.097
8.00,2470,2.620,7.616,0.112
8.00,2471,-7.366,-3.208,0.104
8.00,2472,-7.353,-3.237,0.103
8.00,2473,-7.802,2.065,0.099
8.00,2474,-2.302,7.710,0.108
8.00,2475,-7.719,2.319,0.102
8.00,2476,7.758,-2.186,0.100
8.00,2477,7.892,1.825,0.096
8.00,2478,-3.555,7.186,0.101
8.00,2479,7.695,-2.373,0.102
8.00,2480,-7.360,-3.222,0.104
8.00,2481,-0.746,8.045,0.098
8.00,2482,-3.425,7.253,0.101
8.00,2483,3.289,7.334,0.105
8.00,2484,-7.907,1.652,0.096
8.00,2485,-7.844,1.928,0.098
8.00,2486,8.017,-1.079,0.092
8.00,2487,-7.695,2.391,0.104
8.00,2488,7.685,-2.402,0.103
8.00,2489,-7.798,2.078,0.099
8.00,2490,6.638,-4.459,0.093
8.00,2491,-0.502,-8.074,0.090
8.00,2492,7.742,-2.236,0.100
8.00,2493,-2.077,-7.791,0.096
8.00,2494,-2.505,-7.649,0.103
8.00,2495,-4.460,6.634,0.094
8.00,2496,8.062,-0.751,0.091
8.00,2497,-4.743,6.422,0.092
8.00,2498,7.969,1.462,0.094
8.00,2499,-7.366,-3.207,0.104
8.00,2500,1.960,-7.855,0.095
8.00,2501,0.642,8.071,0.097
8.00,2502,7.084,-3.745,0.100
8.00,2503,1.934,-7.863,0.095
8.00,2504,-7.779,2.138,0.100
8.00,2505,-7.359,-3.223,0.104
8.00,2506,2.011,-7.840,0.095
8.00,2507,-7.902,-1.636,0.098
8.00,2508,-5.135,6.103,0.090
8.00,2509,7.623,-2.569,0.106
8.00,2510,3.289,7.334,0.105
8.00,2511,4.647,-6.520,0.091
8.00,2512,6.741,-4.300,0.093
8.00,2513,-1.808,-7.866,0.094
8.00,2514,0.694,8.064,0.097
8.00,2515,7.874,-1.793,0.096
8.00,2516,3.284,7.337,0.105
8.00,2517,-7.775,2.149,0.100
8.00,2518,-7.624,2.583,0.107
8.00,2519,-3.287,7.321,0.103
8.00,2520,-7.665,2.479,0.105
8.00,2521,-6.066,-5.207,0.090
8.00,2522,-7.779,2.136,0.100
8.00,2523,-7.577,2.696,0.107
8.00,2524,-7.606,-2.612,0.109
8.00,2525,1.995,-7.844,0.095
8.00,2526,6.184,5.071,0.096
8.00,2527,-7.519,2.840,0.105
8.00,2528,3.613,7.168,0.104
8.00,2529,7.984,1.389,0.093
8.00,2530,-4.835,6.346,0.094
8.00,2531,-7.777,2.144,0.100
8.00,2532,1.274,-8.004,0.092
8.00,2533,4.547,6.585,0.098
8.00,2534,-1.545,7.916,0.102
8.00,2535,7.996,-1.231,0.093
8.00,2536,4.541,6.589,0.098
8.00,2537,7.762,2.262,0.101
8.00,2538,-4.458,6.635,0.094
8.00,2539,7.709,-2.332,0.102
8.00,2540,8.001,-1.193,0.093
8.00,2541,-8.060,0.685,0.093
8.00,2542,-7.700,2.375,0.103
8.00,2543,2.191,7.769,0.105
8.00,2544,-3.858,7.016,0.103
8.00,2545,-7.682,2.430,0.104
8.00,2546,2.757,7.560,0.110
8.00,2547,-2.083,-7.789,0.096
8.00,2548,7.330,-3.271,0.099
8.00,2549,-7.719,2.319,0.102
8.00,2550,-7.676,2.445,0.105
8.00,2551,-7.919,-1.555,0.097
8.00,2552,-7.726,2.299,0.102
8.00,2553,7.438,3.095,0.104
8.00,2554,7.424,3.127,0.104
8.00,2555,-7.763,2.188,0.101
8.00,2556,7.544,2.835,0.105
8.00,2557,-3.866,7.011,0.103
8.00,2558,7.792,-2.082,0.099
8.00,2559,-2.586,7.610,0.112
8.00,2560,-2.144,-7.770,0.097
8.00,2561,-3.782,-7.071,0.101
8.00,2562,5.528,-5.762,0.089
8.00,2563,-2.086,-7.788,0.096
8.00,2564,-2.081,-7.790,0.096
8.00,2565,4.640,-6.525,0.091
8.00,2566,7.598,-2.629,0.106
8.00,2567,-2.310,7.707,0.108
8.00,2568,4.704,-6.476,0.091
8.00,2569,7.868,-1.820,0.097
8.00,2570,0.711,8.062,0.097
8.00,2571,5.361,5.926,0.091
8.00,2572,2.577,7.635,0.111
8.00,2573,7.802,-2.053,0.098
8.00,2574,-3.868,7.010,0.103
8.00,2575,7.733,2.351,0.102
8.00,2576,7.707,-2.338,0.102
8.00,2577,4.682,-6.493,0.091
8.00,2578,7.554,2.811,0.105
8.00,2579,1.937,-7.862,0.095
8.00,2580,-7.617,2.598,0.108
8.00,2581,8.096,0.356,0.090
8.00,2582,3.204,-7.390,0.099
8.00,2583,-7.975,1.329,0.094
8.00,2584,-7.680,2.435,0.105
8.00,2585,-7.949,1.457,0.094
8.00,2586,3.195,-7.394,0.099
8.00,2587,-4.458,6.635,0.094
8.00,2588,2.619,7.616,0.112
8.00,2589,-7.798,2.076,0.099
8.00,2590,7.845,-1.915,0.097
8.00,2591,2.068,-7.822,0.096
8.00,2592,1.282,-8.002,0.092
8.00,2593,7.299,-3.333,0.099
8.00,2594,-7.862,1.855,0.097
8.00,2595,7.757,-2.190,0.100
8.00,2596,7.923,-1.580,0.095
8.00,2597,8.032,1.083,0.092
8.00,2598,-7.559,2.743,0.106
8.00,2599,3.283,7.337,0.105
8.00,2600,-7.805,2.054,0.099
8.00,2601,6.538,-4.600,0.091
8.00,2602,8.019,1.191,0.093
8.00,2603,-7.906,1.658,0.096
8.00,2604,0.114,8.089,0.097
8.00,2605,3.282,7.338,0.105
8.00,2606,8.094,0.420,0.090
8.00,2607,5.373,5.915,0.091
8.00,2608,-3.631,7.145,0.101
8.00,2609,-0.943,-8.027,0.090
8.00,2610,4.614,-6.545,0.091
8.00,2611,-1.138,-8.001,0.091
8.00,2612,-7.730,-2.264,0.104
8.00,2613,-2.517,-7.645,0.103
8.00,2614,-7.840,-1.913,0.100
8.00,2615,1.432,7.961,0.099
8.00,2616,-7.361,-3.219,0.104
8.00,2617,-7.208,-3.531,0.102
8.00,2618,-6.991,-3.915,0.105
8.00,2619,-2.099,-7.784,0.097
8.00,2620,-7.778,2.140,0.100
8.00,2621,-7.850,-1.873,0.100
8.00,2622,4.578,6.562,0.097
8.00,2623,-7.953,1.437,0.094
8.00,2624,-7.628,-2.561,0.109
8.00,2625,3.224,-7.380,0.098
8.00,2626,-7.365,-3.210,0.104
8.00,2627,7.922,-1.581,0.095
8.00,2628,-5.097,6.135,0.091
8.00,2629,2.006,-7.841,0.095
8.00,2630,7.325,-3.282,0.099
8.00,2631,8.079,0.693,0.091
8.00,2632,-3.483,7.223,0.101
8.00,2633,-2.102,-7.783,0.097
8.00,2634,7.328,-3.275,0.099
8.00,2635,4.543,6.588,0.098
8.00,2636,8.088,0.589,0.091
8.00,2637,-0.806,-8.045,0.090
8.00,2638,-7.801,2.069,0.099
8.00,2639,-4.459,6.634,0.094
8.00,2640,-7.801,2.069,0.099
8.00,2641,1.625,7.920,0.100
8.00,2642,7.699,2.452,0.104
8.00,2643,-2.444,-7.670,0.101
8.00,2644,-7.739,-2.235,0.104
8.00,2645,8.016,-1.083,0.092
8.00,2646,3.764,7.086,0.106
8.00,2647,7.758,-2.187,0.100
8.00,2648,2.046,7.815,0.103
8.00,2649,-7.603,-2.621,0.109
8.00,2650,7.879,-1.772,0.096
8.00,2651,-3.850,7.021,0.103
8.00,2652,-1.273,-7.983,0.091
8.00,2653,7.318,-3.295,0.099
8.00,2654,-7.796,2.083,0.099
8.00,2655,-6.470,-4.707,0.095
8.00,2656,-1.042,-8.014,0.091
8.00,2657,-7.799,2.075,0.099
8.00,2658,-2.491,-7.654,0.102
8.00,2659,-3.836,7.030,0.103
8.00,2660,8.063,0.826,0.091
8.00,2661,8.092,0.462,0.090
8.00,2662,-3.868,7.010,0.103
8.00,2663,7.930,-1.549,0.094
8.00,2664,7.630,-2.552,0.106
8.00,2665,-2.730,7.552,0.109
8.00,2666,7.700,-2.359,0.102
8.00,2667,-2.954,7.463,0.106
8.00,2668,7.832,-1.958,0.098
8.00,2669,-2.074,-7.792,0.096
8.00,2670,-2.106,-7.782,0.097
8.00,2671,6.609,4.532,0.097
8.00,2672,-7.319,3.303,0.103
8.00,2673,3.766,-7.099,0.099
8.00,2674,-7.723,2.309,0.102
8.00,2675,5.957,-5.319,0.086
8.00,2676,-7.609,-2.604,0.109
8.00,2677,2.609,7.621,0.111
8.00,2678,-7.710,-2.325,0.105
8.00,2679,2.051,7.814,0.103
8.00,2680,7.678,-2.423,0.103
8.00,2681,8.016,-1.082,0.092
8.00,2682,-7.559,2.741,0.106
8.00,2683,4.622,-6.539,0.091
8.00,2684,-2.671,-7.582,0.103
8.00,2685,0.685,8.065,0.097
8.00,2686,-2.091,-7.787,0.096
8.00,2687,-2.213,-7.748,0.098
8.00,2688,-7.652,2.515,0.106
8.00,2689,1.995,7.831,0.103
8.00,2690,-3.868,7.010,0.103
8.00,2691,-7.684,2.423,0.104
8.00,2692,0.324,-8.090,0.090
8.00,2693,7.786,-2.100,0.099
8.00,2694,8.095,0.370,0.090
8.00,2695,-7.342,-3.259,0.103
8.00,2696,6.192,-5.039,0.091
8.00,2697,-6.363,4.812,0.098
8.00,2698,8.063,-0.739,0.091
8.00,2699,2.116,-7.807,0.096
8.00,2700,7.813,-2.018,0.098
8.00,2701,-2.981,7.452,0.106
8.00,2702,-7.989,1.256,0.094
8.00,2703,-0.733,-8.055,0.090
8.00,2704,-7.231,-3.486,0.102
8.00,2705,0.636,8.071,0.097
8.00,2706,7.712,-2.324,0.102
8.00,2707,8.094,-0.298,0.090
8.00,2708,5.567,-5.722,0.090
8.00,2709,2.571,7.637,0.111
8.00,2710,-1.723,-7.885,0.093
8.00,2711,2.071,-7.821,0.096
8.00,2712,7.329,-3.272,0.099
8.00,2713,7.009,-3.870,0.101
8.00,2714,3.210,-7.387,0.099
8.00,2715,-8.082,-0.183,0.093
8.00,2716,-3.843,7.026,0.103
8.00,2717,-2.084,-7.789,0.096
8.00,2718,7.303,-3.327,0.099
8.00,2719,6.916,-4.021,0.098
8.00,2720,6.127,5.140,0.094
8.00,2721,5.369,5.919,0.091
8.00,2722,1.270,-8.005,0.092
8.00,2723,-7.821,2.005,0.098
8.00,2724,3.314,7.322,0.105
8.00,2725,4.630,-6.533,0.091
8.00,2726,-7.860,1.867,0.097
8.00,2727,3.542,7.206,0.104
8.00,2728,7.733,-2.262,0.101
8.00,2729,5.401,5.889,0.092
8.00,2730,6.650,-4.442,0.093
8.00,2731,-2.742,7.548,0.109
8.00,2732,-1.088,-8.008,0.091
8.00,2733,-7.946,1.471,0.094
8.00,2734,-6.862,4.104,0.102
8.00,2735,-2.646,7.586,0.111
8.00,2736,-7.928,1.555,0.095
8.00,2737,1.939,-7.861,0.095
8.00,2738,8.100,0.231,0.090
8.00,2739,-5.074,6.153,0.092
8.00,2740,-7.754,2.213,0.101
8.00,2741,-7.813,2.028,0.099
8.00,2742,-1.235,-7.988,0.091
8.00,2743,4.551,6.582,0.098
8.00,2744,7.609,-2.601,0.106
8.00,2745,8.073,0.741,0.091
8.00,2746,2.578,-7.651,0.102
8.00,2747,5.324,5.959,0.091
8.00,2748,-7.745,2.242,0.101
8.00,2749,-7.256,-3.435,0.102
8.00,2750,7.267,-3.399,0.098
8.00,2751,-7.820,2.006,0.098
8.00,2752,-0.282,8.078,0.097
8.00,2753,-2.110,-7.781,0.097
8.00,2754,5.643,-5.645,0.090
8.00,2755,-2.263,-7.731,0.099
8.00,2756,-7.697,2.384,0.104
8.00,2757,3.745,-7.110,0.098
8.00,2758,1.933,-7.863,0.095
8.00,2759,7.329,-3.271,0.099
8.00,2760,-7.346,-3.250,0.103
8.00,2761,3.351,7.303,0.104
8.00,2762,-7.818,2.013,0.099
8.00,2763,-7.647,2.528,0.106
8.00,2764,-3.018,-7.444,0.100
8.00,2765,6.098,5.174,0.093
8.00,2766,-2.222,-7.745,0.098
8.00,2767,-7.666,2.474,0.105
8.00,2768,7.821,-1.991,0.098
8.00,2769,6.453,4.740,0.096
8.00,2770,-7.359,-3.224,0.104
8.00,2771,3.313,-7.337,0.097
8.00,2772,4.664,-6.507,0.091
8.00,2773,8.099,0.254,0.090
8.00,2774,-7.356,-3.230,0.103
8.00,2775,-7.097,-3.741,0.104
8.00,2776,7.885,1.855,0.097
8.00,2777,-1.679,-7.895,0.093
8.00,2778,-7.327,-3.291,0.103
8.00,2779,7.402,3.179,0.103
8.00,2780,8.024,1.152,0.092
8.00,2781,0.205,8.086,0.097
8.00,2782,8.032,1.079,0.092
8.00,2783,8.089,0.551,0.091
8.00,2784,-2.238,-7.739,0.098
8.00,2785,7.875,1.901,0.097
8.00,2786,-3.039,-7.436,0.100
8.00,2787,7.231,-3.470,0.098
8.00,2788,-3.668,7.125,0.101
8.00,2789,2.042,7.816,0.103
8.00,2790,-2.108,-7.781,0.097
8.00,2791,8.007,1.277,0.093
8.00,2792,1.404,7.967,0.099
8.00,2793,-3.650,7.135,0.101
8.00,2794,1.953,-7.857,0.095
8.00,2795,-7.809,2.043,0.099
8.00,2796,8.042,-0.896,0.091
8.00,2797,-7.767,2.174,0.100
8.00,2798,7.282,3.424,0.101
8.00,2799,4.552,6.581,0.098
8.00,2800,-0.599,8.061,0.098
8.00,2801,-6.547,-4.606,0.095
8.00,2802,8.000,-1.202,0.093
8.00,2803,3.217,-7.383,0.098
8.00,2804,1.952,-7.858,0.095
8.00,2805,-3.807,7.048,0.103
8.00,2806,-2.390,-7.688,0.101
8.00,2807,3.779,-7.091,0.099
8.00,2808,7.610,-2.598,0.106
8.00,2809,-6.953,-3.978,0.104
8.00,2810,-7.604,-2.618,0.109
8.00,2811,8.025,-1.017,0.092
8.00,2812,-7.332,-3.280,0.103
8.00,2813,3.194,-7.395,0.099
8.00,2814,4.545,6.586,0.098
8.00,2815,-7.609,-2.605,0.109
8.00,2816,7.865,-1.832,0.097
8.00,2817,-2.088,-7.788,0.096
8.00,2818,-7.364,-3.212,0.104
8.00,2819,0.229,-8.092,0.090
8.00,2820,-7.614,-2.592,0.109
8.00,2821,7.266,-3.400,0.098
8.00,2822,5.819,-5.467,0.087
8.00,2823,1.011,8.026,0.098
8.00,2824,7.757,-2.192,0.100
8.00,2825,-7.355,-3.233,0.103
8.00,2826,7.928,-1.556,0.094
8.00,2827,1.939,-7.862,0.095
8.00,2828,6.612,-4.497,0.092
8.00,2829,7.721,-2.299,0.101
8.00,2830,3.226,-7.379,0.098
8.00,2831,-5.093,6.138,0.091
8.00,2832,7.863,-1.839,0.097
8.00,2833,-0.669,8.055,0.098
8.00,2834,-5.115,6.120,0.091
8.00,2835,-2.758,-7.548,0.102
8.00,2836,8.044,-0.878,0.091
8.00,2837,5.599,-5.689,0.090
8.00,2838,-7.611,-2.599,0.109
8.00,2839,-7.365,-3.210,0.104
8.00,2840,-3.868,7.009,0.103
8.00,2841,3.303,7.328,0.105
8.00,2842,-3.868,7.010,0.103
8.00,2843,8.074,0.734,0.091
8.00,2844,7.939,-1.508,0.094
8.00,2845,1.658,7.913,0.100
8.00,2846,-3.684,7.117,0.102
8.00,2847,-3.162,7.379,0.105
8.00,2848,-8.044,-0.772,0.094
8.00,2849,7.990,1.359,0.093
8.00,2850,2.570,7.638,0.111
8.00,2851,-2.034,-7.805,0.096
8.00,2852,-2.622,-7.602,0.104
8.00,2853,-7.780,2.133,0.100
8.00,2854,0.658,8.069,0.097
8.00,2855,-7.768,-2.147,0.102
8.00,2856,-7.836,1.955,0.098
8.00,2857,6.706,-4.355,0.093
8.00,2858,3.284,7.337,0.105
8.00,2859,-3.705,7.105,0.102
8.00,2860,-2.087,-7.788,0.096
8.00,2861,-1.371,-7.962,0.092
8.00,2862,-2.318,-7.713,0.099
8.00,2863,-2.262,7.724,0.108
8.00,2864,-4.460,6.634,0.094
8.00,2865,-2.098,-7.785,0.097
8.00,2866,7.609,-2.601,0.106
8.00,2867,3.752,-7.106,0.098
8.00,2868,8.083,0.659,0.091
8.00,2869,-2.097,-7.785,0.097
8.00,2870,-3.865,-7.020,0.102
8.00,2871,-0.428,-8.078,0.090
8.00,2872,7.805,-2.044,0.098
8.00,2873,-2.154,-7.767,0.097
8.00,2874,-3.692,7.112,0.102
8.00,2875,7.319,-3.294,0.099
8.00,2876,3.768,-7.098,0.099
8.00,2877,-7.717,2.327,0.103
8.00,2878,-7.702,2.371,0.103
8.00,2879,-7.704,-2.341,0.105
8.00,2880,6.668,-4.414,0.093
8.00,2881,8.088,0.587,0.091
8.00,2882,-7.657,2.500,0.106
8.00,2883,-2.864,7.499,0.107
8.00,2884,-3.260,7.334,0.103
8.00,2885,-2.407,-7.683,0.101
8.00,2886,-1.735,-7.883,0.094
8.00,2887,6.282,4.949,0.097
8.00,2888,0.743,8.059,0.097
8.00,2889,4.611,-6.547,0.091
8.00,2890,-3.252,-7.344,0.099
8.00,2891,-7.775,2.149,0.100
8.00,2892,-7.704,2.364,0.103
8.00,2893,-2.875,7.495,0.107
8.00,2894,1.355,7.977,0.099
8.00,2895,3.721,7.109,0.106
8.00,2896,8.030,1.098,0.092
8.00,2897,2.584,7.632,0.111
8.00,2898,8.045,-0.870,0.091
8.00,2899,2.576,7.635,0.111
8.00,2900,-2.916,-7.485,0.100
8.00,2901,-3.859,7.016,0.103
8.00,2902,3.590,7.180,0.104
8.00,2903,7.723,-2.290,0.101
8.00,2904,-4.460,6.634,0.094
8.00,2905,-7.911,1.632,0.095
8.00,2906,1.935,-7.863,0.095
8.00,2907,5.362,5.925,0.091
8.00,2908,3.767,-7.098,0.099
8.00,2909,-2.301,-7.718,0.099
8.00,2910,-6.281,-4.943,0.095
8.00,2911,-1.664,-7.898,0.093
8.00,2912,-2.373,-7.694,0.100
8.00,2913,7.733,-2.262,0.101
8.00,2914,4.650,-6.518,0.091
8.00,2915,7.609,-2.600,0.106
8.00,2916,5.504,-5.786,0.088
8.00,2917,-7.607,-2.609,0.109
8.00,2918,-7.626,2.577,0.107
8.00,2919,2.260,-7.761,0.098
8.00,2920,-2.094,-7.786,0.097
8.00,2921,-0.143,-8.093,0.090
8.00,2922,1.399,7.968,0.099
8.00,2923,-7.724,-2.281,0.104
8.00,2924,-7.598,-2.633,0.109
8.00,2925,-7.871,1.817,0.097
8.00,2926,7.991,1.356,0.093
8.00,2927,-7.725,2.303,0.102
8.00,2928,-7.866,-1.797,0.099
8.00,2929,-3.867,7.011,0.103
8.00,2930,7.265,3.457,0.101
8.00,2931,5.552,-5.737,0.090
8.00,2932,-3.810,7.046,0.103
8.00,2933,-3.027,7.433,0.105
8.00,2934,-2.086,-7.788,0.096
8.00,2935,8.082,-0.518,0.091
8.00,2936,-7.772,-2.135,0.102
8.00,2937,-7.847,1.918,0.098
8.00,2938,8.060,0.852,0.091
8.00,2939,2.026,7.821,0.103
8.00,2940,-8.054,-0.694,0.094
8.00,2941,3.195,-7.394,0.099
8.00,2942,-2.092,-7.787,0.097
8.00,2943,7.834,-1.950,0.098
8.00,2944,-3.633,7.144,0.101
8.00,2945,-2.408,-7.682,0.101
8.00,2946,-3.868,7.009,0.103
8.00,2947,1.375,7.973,0.099
8.00,2948,6.686,-4.386,0.093
8.00,2949,-7.305,-3.336,0.102
8.00,2950,5.377,5.911,0.091
8.00,2951,-7.715,2.332,0.103
8.00,2952,8.098,0.297,0.090
8.00,2953,6.930,-3.997,0.099
8.00,2954,-2.529,-7.641,0.103
8.00,2955,-1.978,-7.822,0.096
8.00,2956,-7.868,1.829,0.097
8.00,2957,-7.576,2.698,0.107
8.00,2958,-7.364,3.211,0.103
8.00,2959,-3.574,7.176,0.101
8.00,2960,7.808,2.117,0.099
8.00,2961,-2.434,-7.674,0.101
8.00,2962,5.909,-5.372,0.086
8.00,2963,-7.303,-3.340,0.102
8.00,2964,-1.805,7.858,0.104
8.00,2965,-7.276,-3.396,0.102
8.00,2966,2.613,7.619,0.112
8.00,2967,4.549,6.583,0.098
8.00,2968,6.830,-4.158,0.095
8.00,2969,2.571,7.637,0.111
8.00,2970,8.103,-0.108,0.090
8.00,2971,-2.507,-7.649,0.103
8.00,2972,-6.457,-4.724,0.095
8.00,2973,7.295,-3.341,0.098
8.00,2974,-3.858,7.016,0.103
8.00,2975,0.244,-8.092,0.090
8.00,2976,7.240,-3.452,0.098
8.00,2977,-5.102,6.131,0.091
8.00,2978,-3.868,7.009,0.103
8.00,2979,-1.722,-7.885,0.093
8.00,2980,8.099,0.256,0.090
8.00,2981,-7.790,2.103,0.099
8.00,2982,4.545,6.586,0.098
8.00,2983,-8.081,-0.204,0.093
8.00,2984,0.678,8.066,0.097
8.00,2985,8.095,-0.262,0.090
8.00,2986,6.524,-4.619,0.091
8.00,2987,7.958,-1.422,0.094
8.00,2988,2.572,7.637,0.111
8.00,2989,7.280,-3.373,0.098
8.00,2990,4.552,6.581,0.098
8.00,2991,7.328,-3.275,0.099
8.00,2992,-7.366,-3.209,0.104
8.00,2993,3.225,-7.380,0.098
8.00,2994,-1.633,-7.905,0.093
8.00,2995,4.543,6.588,0.098
8.00,2996,-7.744,-2.220,0.103
8.00,2997,2.075,7.806,0.104
8.00,2998,7.685,-2.401,0.103
8.00,2999,3.294,-7.346,0.097
