t_s,grain,x_mm,y_mm,z_mm
0.00,0,8.057,1.938,-9.508
0.00,1,8.335,5.107,0.616
0.00,2,7.612,-6.068,0.438
0.00,3,-3.725,1.201,3.194
0.00,4,8.121,5.942,-1.223
0.00,5,9.012,0.932,0.373
0.00,6,-7.949,-7.932,8.604
0.00,7,3.994,-9.149,0.166
0.00,8,1.549,6.362,-7.364
0.00,9,-6.809,-5.511,7.558
0.00,10,0.347,1.447,-4.966
0.00,11,-8.399,-0.893,-5.500
0.00,12,-7.521,3.144,-6.415
0.00,13,1.502,-4.464,8.945
0.00,14,2.100,-3.629,6.711
0.00,15,-7.486,-4.947,-4.419
0.00,16,-5.496,-4.130,-6.760
0.00,17,7.115,-5.417,-3.315
0.00,18,5.339,3.508,4.558
0.00,19,-5.053,1.799,-0.073
0.00,20,-9.115,-0.716,3.480
0.00,21,-9.377,-6.955,4.192
0.00,22,-2.240,-5.254,-8.748
0.00,23,7.673,-6.071,-5.053
0.00,24,1.573,0.606,-4.065
0.00,25,4.389,1.064,-0.654
0.00,26,-2.538,0.780,-3.117
0.00,27,-0.597,-4.073,7.277
0.00,28,-0.764,5.063,-3.756
0.00,29,-6.340,3.667,-4.591
0.00,30,5.201,-1.183,-3.285
0.00,31,-3.897,-0.698,6.904
0.00,32,6.727,4.654,3.680
0.00,33,-4.447,-7.740,7.551
0.00,34,-1.497,-4.716,5.898
0.00,35,6.370,-3.528,-0.371
0.00,36,-6.054,-5.279,4.364
0.00,37,2.933,-5.981,1.512
0.00,38,-6.607,-7.137,8.440
0.00,39,0.766,-7.867,6.710
0.00,40,-6.806,3.402,7.184
0.00,41,-4.493,2.576,2.235
0.00,42,5.199,2.360,-4.919
0.00,43,9.742,7.976,3.213
0.00,44,-8.283,-8.592,3.123
0.00,45,-4.673,-9.150,-2.203
0.00,46,-5.189,4.833,-6.753
0.00,47,-3.286,-9.704,6.726
0.00,48,-9.756,5.747,-8.002
0.00,49,1.621,6.370,-8.213
0.00,50,9.015,-7.247,-8.636
0.00,51,5.080,-6.032,-2.803
0.00,52,2.337,9.762,-8.595
0.00,53,-4.736,2.723,-3.475
0.00,54,3.615,9.597,-4.905
0.00,55,-8.815,2.254,5.273
0.00,56,3.198,4.315,8.561
0.00,57,9.773,-4.308,3.811
0.00,58,5.936,8.021,-4.127
0.00,59,6.159,-1.516,3.609
0.00,60,-2.343,1.653,7.854
0.00,61,-9.557,4.597,-8.193
0.00,62,-9.379,0.889,8.668
0.00,63,-4.608,3.868,-0.368
0.00,64,-4.739,4.677,5.375
0.00,65,-3.677,-6.400,-7.173
0.00,66,-0.409,9.129,0.905
0.00,67,-1.283,-4.811,-6.537
0.00,68,2.054,8.399,-0.127
0.00,69,-2.528,-1.619,1.288
0.00,70,9.229,4.215,-5.266
0.00,71,-2.356,5.665,6.298
0.00,72,-5.329,-3.011,1.814
0.00,73,-4.147,-6.534,1.422
0.00,74,-1.062,-9.579,-8.399
0.00,75,-9.326,-5.808,4.537
0.00,76,-1.772,5.663,5.198
0.00,77,-6.150,-2.513,-7.616
0.00,78,-0.280,5.642,-7.090
0.00,79,9.240,-2.146,-8.410
0.00,80,-8.989,0.137,-9.183
0.00,81,2.793,2.159,0.635
0.00,82,-1.451,-7.949,7.562
0.00,83,-6.752,2.505,6.789
0.00,84,-2.534,-6.273,-2.652
0.00,85,-3.497,0.762,3.949
0.00,86,5.475,-0.750,4.431
0.00,87,4.246,-9.562,-5.687
0.00,88,-5.427,-1.885,-3.551
0.00,89,1.316,4.233,1.407
0.00,90,5.499,-0.809,-4.114
0.00,91,-2.899,1.724,-4.898
0.00,92,-2.569,0.430,9.057
0.00,93,7.471,-6.112,6.806
0.00,94,-4.955,6.377,-5.086
0.00,95,0.895,-8.423,-6.884
0.00,96,3.353,2.188,9.127
0.00,97,-8.079,-2.183,-4.128
0.00,98,-9.333,-8.846,-3.073
0.00,99,-7.336,-3.737,-0.978
0.00,100,0.363,-1.711,-4.396
0.00,101,8.630,2.108,-9.056
0.00,102,0.879,-3.092,-4.333
0.00,103,5.667,1.723,6.535
0.00,104,-6.254,1.638,7.395
0.00,105,-4.194,-4.586,-4.708
0.00,106,-3.964,8.800,8.167
0.00,107,-6.900,5.105,4.308
0.00,108,7.173,-6.290,2.548
0.00,109,2.185,3.473,9.268
0.00,110,-3.642,9.117,5.976
0.00,111,-3.700,9.816,2.509
0.00,112,1.775,-2.587,-2.340
0.00,113,-6.317,-2.049,-9.017
0.00,114,-4.853,-5.658,-0.001
0.00,115,2.790,1.306,1.256
0.00,116,8.778,-7.218,-2.282
0.00,117,-2.662,-1.853,9.374
0.00,118,-1.346,-1.497,5.681
0.00,119,-7.755,-8.860,-0.467
0.00,120,-2.624,-8.842,-7.794
0.00,121,1.988,-7.657,-2.202
0.00,122,-8.032,1.000,8.058
0.00,123,-2.735,4.558,-1.489
0.00,124,7.412,-0.173,6.337
0.00,125,7.899,6.961,9.384
0.00,126,-1.734,2.284,4.770
0.00,127,2.060,1.334,1.572
0.00,128,9.129,-9.561,1.113
0.00,129,-5.323,-1.782,7.063
0.00,130,0.684,0.282,8.292
0.00,131,-4.951,0.944,-9.570
0.00,132,-5.550,5.573,4.003
0.00,133,-9.295,2.292,-3.536
0.00,134,9.169,7.309,7.790
0.00,135,-1.620,-7.245,-1.831
0.00,136,2.084,1.971,-5.365
0.00,137,-7.168,-5.579,-3.249
0.00,138,2.832,-6.461,0.382
0.00,139,4.077,-9.647,-2.448
0.00,140,1.700,6.901,6.264
0.00,141,2.323,0.295,7.935
0.00,142,-3.851,-3.375,4.240
0.00,143,-7.500,2.737,0.302
0.00,144,2.525,-4.096,-9.165
0.00,145,-2.472,-1.510,-7.202
0.00,146,2.279,-6.633,-3.634
0.00,147,-7.093,-2.454,6.218
0.00,148,-8.185,-8.228,3.441
0.00,149,-2.475,4.087,-5.897
0.00,150,4.290,-4.299,6.771
0.00,151,6.176,4.430,4.538
0.00,152,6.295,-1.849,5.180
0.00,153,-3.258,-3.091,-5.457
0.00,154,-9.684,0.747,-0.775
0.00,155,0.234,3.480,5.961
0.00,156,3.244,8.747,-7.986
0.00,157,6.246,3.773,7.357
0.00,158,-8.360,-4.506,5.136
0.00,159,-0.408,-4.031,-6.087
0.00,160,5.960,-7.055,-1.824
0.00,161,2.776,6.624,-3.393
0.00,162,-8.240,3.625,7.118
0.00,163,3.453,-6.074,-9.626
0.00,164,-8.036,-6.122,0.123
0.00,165,1.567,7.324,7.461
0.00,166,-3.326,1.074,-5.211
0.00,167,1.571,4.057,-3.962
0.00,168,-2.169,-6.121,-4.251
0.00,169,-2.853,-9.361,-8.055
0.00,170,8.095,-2.069,-4.446
0.00,171,2.981,-5.789,-6.578
0.00,172,-7.292,0.786,8.832
0.00,173,0.973,1.987,-0.285
0.00,174,6.851,-0.099,-5.999
0.00,175,7.875,-8.736,0.252
0.00,176,6.654,1.696,8.503
0.00,177,1.651,-1.605,9.385
0.00,178,1.851,-4.672,7.847
0.00,179,1.441,8.892,2.734
0.00,180,-4.907,-5.702,-8.609
0.00,181,7.262,7.842,3.712
0.00,182,-5.271,0.453,6.474
0.00,183,0.377,-9.606,2.589
0.00,184,-7.004,-3.470,0.093
0.00,185,3.938,-4.368,1.856
0.00,186,-9.027,5.891,-9.333
0.00,187,-9.227,-4.477,0.279
0.00,188,5.742,-5.099,-4.577
0.00,189,8.966,1.442,-4.165
0.00,190,-6.116,8.514,5.067
0.00,191,1.435,-1.672,7.020
0.00,192,6.789,7.323,-8.142
0.00,193,-5.777,9.061,-5.098
0.00,194,1.288,-5.677,5.690
0.00,195,-5.969,8.281,-8.655
0.00,196,-8.079,1.184,5.258
0.00,197,-3.770,5.148,4.550
0.00,198,7.166,-6.807,7.869
0.00,199,-7.270,-5.826,2.504
0.00,200,6.842,-5.106,-4.858
0.00,201,2.574,-9.338,-8.077
0.00,202,-0.176,9.358,-4.089
0.00,203,-3.971,-0.764,-7.673
0.00,204,-2.239,-3.264,-3.572
0.00,205,-8.869,7.200,-0.025
0.00,206,4.118,3.918,4.307
0.00,207,-8.092,-7.787,3.089
0.00,208,-8.068,5.241,2.724
0.00,209,5.038,6.170,5.626
0.00,210,-6.140,1.060,9.511
0.00,211,-6.074,2.441,-9.803
0.00,212,7.028,7.665,6.027
0.00,213,-0.843,1.307,-2.968
0.00,214,8.350,-7.289,6.677
0.00,215,3.626,-9.706,5.543
0.00,216,-1.233,8.414,6.684
0.00,217,-4.787,-7.132,6.242
0.00,218,-8.853,-5.153,0.077
0.00,219,2.328,3.907,-3.252
0.00,220,-3.103,-7.686,-2.437
0.00,221,5.946,-5.834,-3.817
0.00,222,-9.017,-3.498,6.916
0.00,223,-9.249,-1.013,-5.118
0.00,224,-6.280,-6.333,5.117
0.00,225,-6.424,-7.861,-4.842
0.00,226,4.726,5.920,-7.754
0.00,227,-5.062,-4.292,-2.626
0.00,228,-4.412,-3.006,-1.857
0.00,229,-8.634,0.323,7.621
0.00,230,-5.118,8.288,1.299
0.00,231,8.681,5.162,-9.258
0.00,232,8.600,8.380,5.389
0.00,233,6.285,-7.725,-9.833
0.00,234,7.861,8.110,-5.682
0.00,235,4.827,7.915,-5.139
0.00,236,-4.446,5.720,2.216
0.00,237,2.399,0.583,-9.429
0.00,238,5.399,-9.208,7.038
0.00,239,-5.344,4.528,-0.779
0.00,240,2.034,-2.644,4.977
0.00,241,6.222,-0.805,-0.207
0.00,242,9.547,-0.379,6.010
0.00,243,9.644,-3.424,-0.896
0.00,244,2.186,-8.666,1.658
0.00,245,-4.552,-0.728,-0.122
0.00,246,-8.002,-3.250,2.266
0.00,247,7.510,-8.821,5.838
0.00,248,-3.275,8.824,9.824
0.00,249,4.764,9.138,-6.267
0.00,250,-2.051,-6.559,-4.987
0.00,251,6.066,9.046,-3.011
0.00,252,-4.577,4.904,-3.231
0.00,253,-6.047,-9.562,8.562
0.00,254,-9.427,3.868,-7.401
0.00,255,0.164,3.738,7.943
0.00,256,-5.661,0.144,-6.095
0.00,257,-6.805,3.649,-8.446
0.00,258,5.730,8.821,-7.635
0.00,259,-4.702,-8.960,2.367
0.00,260,-0.920,-6.878,4.953
0.00,261,1.075,-3.394,-7.314
0.00,262,6.687,-0.712,2.744
0.00,263,-3.831,1.393,-5.476
0.00,264,7.203,3.618,6.588
0.00,265,9.154,-1.562,2.258
0.00,266,-8.708,3.680,-9.599
0.00,267,-6.436,-0.055,-9.059
0.00,268,-8.037,1.505,5.160
0.00,269,1.319,8.420,5.145
0.00,270,0.803,-8.986,0.263
0.00,271,-4.049,-8.749,-3.159
0.00,272,1.816,-4.044,3.156
0.00,273,-3.304,-8.566,-1.821
0.00,274,7.055,1.401,-5.279
0.00,275,0.903,-6.865,-6.048
0.00,276,-1.706,-4.333,7.393
0.00,277,6.894,-4.266,5.792
0.00,278,3.147,-5.873,-6.669
0.00,279,-8.118,-1.409,-9.033
0.00,280,-4.721,-2.701,-3.224
0.00,281,-0.893,-5.423,8.593
0.00,282,-3.914,-1.751,4.579
0.00,283,-7.096,4.835,4.786
0.00,284,3.331,8.104,1.020
0.00,285,5.177,-5.796,-8.888
0.00,286,-3.323,2.383,6.268
0.00,287,0.803,2.065,8.882
0.00,288,0.835,0.899,-7.476
0.00,289,1.884,0.689,-0.908
0.00,290,-7.953,8.423,4.234
0.00,291,-4.736,4.838,3.808
0.00,292,4.773,-9.211,8.390
0.00,293,8.451,-5.913,-1.106
0.00,294,-8.736,-8.421,-0.684
0.00,295,-9.289,6.972,8.455
0.00,296,-4.600,3.648,6.951
0.00,297,2.602,6.954,2.401
0.00,298,8.024,-8.511,-3.145
0.00,299,-1.134,5.592,-8.980
0.00,300,8.654,-8.157,-6.854
0.00,301,4.026,-1.272,2.626
0.00,302,9.241,8.623,-3.177
0.00,303,1.037,1.268,2.957
0.00,304,-3.903,7.304,-4.271
0.00,305,-6.506,8.789,-4.591
0.00,306,7.167,-3.622,3.449
0.00,307,-3.930,7.550,-1.211
0.00,308,-4.145,1.005,-4.842
0.00,309,-6.952,1.809,-8.934
0.00,310,2.550,1.278,-4.711
0.00,311,4.017,-3.689,-1.149
0.00,312,-2.863,-6.564,8.026
0.00,313,4.454,5.329,-9.051
0.00,314,2.024,1.135,-0.202
0.00,315,6.471,1.223,1.896
0.00,316,2.661,-5.393,0.872
0.00,317,-1.364,-2.258,3.528
0.00,318,3.279,-8.927,7.598
0.00,319,-4.741,1.516,-4.223
0.00,320,8.586,-6.914,-3.868
0.00,321,4.395,2.672,7.416
0.00,322,-6.790,-6.604,7.890
0.00,323,-7.000,-2.577,-2.940
0.00,324,5.117,0.553,2.471
0.00,325,-8.601,-6.586,7.540
0.00,326,9.373,-3.355,-3.415
0.00,327,-9.607,-3.847,-7.654
0.00,328,-6.640,7.944,-8.403
0.00,329,6.104,1.027,-1.076
0.00,330,8.327,-4.090,8.710
0.00,331,-4.965,-5.030,-4.308
0.00,332,3.354,-8.260,-6.800
0.00,333,-3.107,4.350,-2.240
0.00,334,-8.736,-0.865,-7.770
0.00,335,8.352,-0.065,5.562
0.00,336,5.077,-5.517,2.355
0.00,337,-2.789,-3.416,1.937
0.00,338,-8.060,0.247,-3.269
0.00,339,-8.549,9.696,7.849
0.00,340,-9.641,-5.744,3.994
0.00,341,0.342,9.216,-2.988
0.00,342,-2.279,9.650,-8.524
0.00,343,6.625,-6.067,8.553
0.00,344,9.204,4.728,0.722
0.00,345,-5.227,-7.573,0.179
0.00,346,-5.871,2.104,-3.174
0.00,347,-9.360,9.338,6.372
0.00,348,-9.573,-5.139,-8.950
0.00,349,-4.345,6.406,-7.840
0.00,350,1.449,-5.689,-8.128
0.00,351,9.022,2.631,1.857
0.00,352,2.134,-5.856,-2.742
0.00,353,6.790,-1.358,2.323
0.00,354,-8.075,2.420,-5.300
0.00,355,4.531,2.043,1.879
0.00,356,-7.062,1.511,-9.305
0.00,357,-0.160,3.229,-2.779
0.00,358,6.798,5.815,8.759
0.00,359,8.997,-9.435,-7.726
0.00,360,-5.094,8.173,1.491
0.00,361,4.630,-0.134,1.743
0.00,362,0.531,-1.246,1.076
0.00,363,9.029,8.683,-5.942
0.00,364,-4.561,3.718,-1.046
0.00,365,9.347,-7.123,4.628
0.00,366,3.595,-1.353,7.577
0.00,367,-8.395,-9.454,-5.213
0.00,368,-6.654,-7.225,7.725
0.00,369,-6.839,3.513,9.497
0.00,370,-8.317,-2.255,9.535
0.00,371,7.429,7.235,9.204
0.00,372,-8.015,4.394,-5.390
0.00,373,-6.087,-0.965,9.118
0.00,374,-2.891,-7.409,9.690
0.00,375,-6.828,-2.895,2.550
0.00,376,9.302,3.541,6.674
0.00,377,-2.345,-4.695,-2.524
0.00,378,8.992,7.097,-6.635
0.00,379,6.816,-0.662,3.433
0.00,380,-3.785,-4.730,-8.060
0.00,381,-2.719,7.900,7.471
0.00,382,7.978,1.863,-5.441
0.00,383,4.648,-7.323,7.813
0.00,384,-5.087,3.355,-1.254
0.00,385,9.258,3.276,-8.335
0.00,386,1.724,4.296,1.327
0.00,387,9.251,9.599,3.558
0.00,388,-2.116,5.397,4.716
0.00,389,-4.519,-6.008,0.204
0.00,390,6.704,-2.306,-1.816
0.00,391,-5.065,5.869,2.639
0.00,392,1.845,-1.117,-3.689
0.00,393,-6.606,-1.559,-1.661
0.00,394,-2.037,-0.498,-1.438
0.00,395,-1.717,4.275,-9.021
0.00,396,-6.757,-2.748,-2.326
0.00,397,4.984,8.108,8.231
0.00,398,4.362,4.629,-7.153
0.00,399,0.809,5.532,-0.844
0.00,400,6.425,0.685,-3.517
0.00,401,-2.317,-2.554,-8.142
0.00,402,-6.186,-5.470,-6.727
0.00,403,7.694,4.973,7.823
0.00,404,-5.076,4.614,-0.083
0.00,405,9.166,-6.103,4.651
0.00,406,-7.926,-9.516,-9.618
0.00,407,-4.355,-7.018,-2.662
0.00,408,-2.962,2.523,8.162
0.00,409,8.436,6.716,-6.593
0.00,410,-6.498,-9.467,-1.809
0.00,411,-9.243,-6.812,-1.588
0.00,412,2.283,-0.522,3.015
0.00,413,0.275,-3.788,-5.118
0.00,414,-8.714,-6.916,-4.168
0.00,415,0.714,-9.535,2.078
0.00,416,-8.522,-0.951,-6.699
0.00,417,-5.109,8.685,-6.311
0.00,418,5.125,5.305,-7.211
0.00,419,-9.663,-9.508,6.388
0.00,420,-6.810,-6.608,7.745
0.00,421,-1.252,9.638,8.029
0.00,422,-2.744,5.836,6.284
0.00,423,-6.265,-4.601,-2.616
0.00,424,1.797,-3.671,-1.969
0.00,425,-5.209,0.900,6.532
0.00,426,-2.285,3.863,-7.027
0.00,427,6.302,8.603,-9.249
0.00,428,9.159,-1.002,4.271
0.00,429,-8.885,4.574,-8.745
0.00,430,6.683,-1.791,8.096
0.00,431,1.374,-2.436,9.699
0.00,432,8.113,-9.773,-0.674
0.00,433,9.689,3.770,3.719
0.00,434,-8.839,1.823,1.554
0.00,435,5.045,3.231,5.762
0.00,436,-0.290,-3.661,-6.706
0.00,437,-7.997,-6.215,7.616
0.00,438,-3.740,-3.330,2.887
0.00,439,4.148,-0.341,-3.859
0.00,440,7.466,2.963,1.912
0.00,441,-4.324,1.352,-5.730
0.00,442,-6.146,-5.204,2.424
0.00,443,4.243,0.433,-9.278
0.00,444,2.867,-5.715,-2.808
0.00,445,-2.486,6.899,1.145
0.00,446,-1.272,-9.741,2.202
0.00,447,0.345,0.572,-1.090
0.00,448,-8.899,3.664,3.638
0.00,449,-4.482,-3.755,3.044
0.00,450,-6.078,8.101,2.440
0.00,451,-1.374,-8.849,-1.268
0.00,452,-5.483,0.622,-0.756
0.00,453,-4.261,3.840,-8.959
0.00,454,2.803,2.934,0.100
0.00,455,-7.070,7.747,-4.353
0.00,456,1.379,2.366,7.746
0.00,457,7.528,1.934,4.431
0.00,458,-1.969,-0.978,-8.902
0.00,459,-9.754,-5.728,6.487
0.00,460,5.052,9.589,-3.523
0.00,461,0.360,-9.746,-2.702
0.00,462,-3.088,-9.465,7.994
0.00,463,6.217,5.048,-8.047
0.00,464,-1.364,6.800,-1.773
0.00,465,-8.252,8.108,-1.117
0.00,466,1.508,0.241,-9.389
0.00,467,-1.620,8.862,2.149
0.00,468,-9.230,2.715,4.787
0.00,469,-2.112,-0.468,4.204
0.00,470,-0.450,-3.471,-5.597
0.00,471,-5.039,-4.834,-2.633
0.00,472,3.529,-9.094,-8.604
0.00,473,-5.687,2.565,-9.408
0.00,474,-8.699,0.308,6.048
0.00,475,-8.107,-8.676,9.341
0.00,476,-1.590,-8.481,8.189
0.00,477,2.337,-4.470,-4.442
0.00,478,-7.602,-0.482,-4.984
0.00,479,5.736,6.788,2.288
0.00,480,-5.846,7.140,7.830
0.00,481,-5.239,3.047,0.858
0.00,482,0.714,3.967,0.155
0.00,483,8.319,-4.561,-5.314
0.00,484,-4.452,-7.308,0.732
0.00,485,8.368,-8.649,5.872
0.00,486,-7.167,-1.861,-1.122
0.00,487,6.417,4.985,5.671
0.00,488,-8.489,3.211,-1.053
0.00,489,9.004,-9.511,8.865
0.00,490,7.557,-7.596,-9.588
0.00,491,-9.459,-7.839,-6.584
0.00,492,6.545,4.668,-5.726
0.00,493,-0.802,-5.594,-5.008
0.00,494,8.046,0.204,3.231
0.00,495,-7.593,-9.391,-9.079
0.00,496,-7.464,-3.594,0.856
0.00,497,-5.944,8.660,-1.972
0.00,498,3.454,9.668,-2.747
0.00,499,6.405,3.942,-7.175
0.00,500,5.452,5.183,-8.661
0.00,501,6.284,6.595,0.118
0.00,502,4.638,-8.944,7.864
0.00,503,-7.970,-3.493,-2.320
0.00,504,-1.078,4.566,-2.127
0.00,505,3.683,-3.716,4.262
0.00,506,0.217,0.687,-0.841
0.00,507,4.330,0.176,2.241
0.00,508,0.504,-6.562,-3.689
0.00,509,9.100,0.021,-2.675
0.00,510,-3.863,1.973,-3.002
0.00,511,-7.778,-8.710,-5.245
0.00,512,5.505,-7.030,-4.732
0.00,513,5.529,-4.523,-1.518
0.00,514,5.210,5.885,1.482
0.00,515,-8.534,5.839,-0.770
0.00,516,-9.321,9.396,3.199
0.00,517,0.305,-9.798,5.180
0.00,518,2.256,-3.048,5.907
0.00,519,7.626,1.761,-7.314
0.00,520,-2.889,-5.441,-5.597
0.00,521,-9.055,-7.329,-3.958
0.00,522,1.946,-2.822,-2.933
0.00,523,-4.995,7.023,-8.988
0.00,524,0.194,-3.873,-8.774
0.00,525,-6.259,-0.380,7.294
0.00,526,-4.875,-2.849,3.630
0.00,527,5.098,5.791,7.145
0.00,528,9.787,-3.130,-5.078
0.00,529,2.017,3.183,3.643
0.00,530,-3.571,-6.651,2.426
0.00,531,-3.906,2.371,6.400
0.00,532,1.269,-2.805,4.670
0.00,533,7.821,-6.390,-7.918
0.00,534,5.031,-1.067,4.453
0.00,535,1.186,6.372,8.448
0.00,536,-3.167,1.507,9.376
0.00,537,5.043,-6.922,-6.221
0.00,538,6.228,4.721,-5.843
0.00,539,0.371,4.500,5.321
0.00,540,-1.277,-3.746,-3.276
0.00,541,4.243,-1.839,-1.591
0.00,542,7.291,4.737,-7.709
0.00,543,9.493,-3.387,0.985
0.00,544,-7.346,-3.850,2.429
0.00,545,-7.180,1.589,6.305
0.00,546,0.631,5.165,-2.381
0.00,547,4.586,-8.605,3.283
0.00,548,-6.591,-7.829,-3.771
0.00,549,-4.584,2.586,1.704
0.00,550,9.214,-7.759,-3.824
0.00,551,-1.217,7.823,2.656
0.00,552,-5.636,0.739,-1.312
0.00,553,-5.325,-1.498,-2.293
0.00,554,9.160,-2.482,-5.036
0.00,555,-9.599,2.795,1.248
0.00,556,-0.774,-8.126,5.190
0.00,557,2.615,1.131,-2.012
0.00,558,2.359,6.868,1.170
0.00,559,-3.140,6.412,-1.849
0.00,560,1.359,4.819,-8.190
0.00,561,1.970,7.566,-8.958
0.00,562,7.023,-4.633,7.333
0.00,563,-4.236,8.705,-5.382
0.00,564,-8.237,5.020,-9.148
0.00,565,-2.578,-1.965,-3.438
0.00,566,-6.794,-5.848,4.449
0.00,567,-4.535,1.749,-3.425
0.00,568,3.379,-4.817,2.226
0.00,569,-3.433,8.999,-7.238
0.00,570,-8.743,-2.034,5.256
0.00,571,8.218,-4.374,-4.159
0.00,572,8.010,5.703,6.894
0.00,573,7.436,6.954,8.218
0.00,574,1.524,-5.487,6.348
0.00,575,-3.290,-1.889,8.034
0.00,576,-0.070,-2.268,-6.925
0.00,577,-3.076,-1.745,6.381
0.00,578,3.486,5.807,-6.550
0.00,579,6.659,-0.175,0.433
0.00,580,1.899,6.772,-7.911
0.00,581,-6.395,-7.308,-7.433
0.00,582,-5.152,-3.967,-5.075
0.00,583,4.772,4.553,5.476
0.00,584,8.798,-9.362,3.691
0.00,585,9.706,-2.939,-8.154
0.00,586,-2.377,-4.964,0.963
0.00,587,-9.246,-9.128,8.945
0.00,588,-0.630,-8.274,3.855
0.00,589,3.674,-0.161,9.505
0.00,590,3.404,6.088,-2.938
0.00,591,6.890,-6.705,1.161
0.00,592,8.694,6.983,0.889
0.00,593,-2.199,-4.423,5.161
0.00,594,-0.236,5.862,0.274
0.00,595,2.133,-0.536,-0.359
0.00,596,-6.934,8.095,-9.704
0.00,597,-2.659,3.152,5.752
0.00,598,-8.759,-7.874,-2.674
0.00,599,0.949,6.358,-6.386
0.00,600,8.174,6.255,-3.914
0.00,601,4.844,-8.977,7.195
0.00,602,-6.430,-9.187,-0.951
0.00,603,-4.550,3.046,-2.788
0.00,604,9.263,0.582,-7.988
0.00,605,-8.586,-8.169,-2.224
0.00,606,9.221,-0.145,-5.266
0.00,607,-1.494,-6.806,-5.501
0.00,608,8.285,3.075,-4.652
0.00,609,-8.407,-3.298,7.607
0.00,610,-5.391,-0.561,8.116
0.00,611,8.892,4.048,-1.051
0.00,612,2.088,-3.710,7.978
0.00,613,1.983,-0.993,4.971
0.00,614,6.926,0.458,0.054
0.00,615,-3.059,7.668,7.861
0.00,616,0.521,-0.951,7.079
0.00,617,1.074,-0.317,-2.539
0.00,618,-8.748,0.651,5.454
0.00,619,1.011,-1.033,8.958
0.00,620,-4.356,0.444,6.879
0.00,621,4.163,-3.383,-7.985
0.00,622,-8.177,-1.277,2.308
0.00,623,1.080,-6.396,-3.126
0.00,624,2.534,8.575,-9.834
0.00,625,1.251,-2.957,9.698
0.00,626,5.865,-6.182,-9.251
0.00,627,6.258,-2.617,7.252
0.00,628,-8.099,1.417,-1.057
0.00,629,-6.321,-8.285,9.430
0.00,630,-2.582,-4.538,5.566
0.00,631,0.694,-5.792,-3.314
0.00,632,-4.232,5.754,1.099
0.00,633,-8.212,-2.669,7.065
0.00,634,-0.901,9.498,-9.638
0.00,635,8.020,-2.993,-7.241
0.00,636,9.024,1.399,-6.844
0.00,637,-0.300,8.198,-7.580
0.00,638,3.881,0.378,5.183
0.00,639,-6.071,3.202,5.974
0.00,640,-3.068,3.359,-0.121
0.00,641,-3.774,-1.509,7.656
0.00,642,5.662,8.433,7.820
0.00,643,7.229,9.090,4.900
0.00,644,8.636,0.329,-6.945
0.00,645,6.551,-2.356,-9.031
0.00,646,0.107,-0.202,-9.179
0.00,647,4.262,-0.335,-7.103
0.00,648,-0.958,4.334,-1.859
0.00,649,1.815,4.784,-6.249
0.00,650,-0.153,3.491,3.054
0.00,651,8.802,7.772,-4.583
0.00,652,-3.346,-3.751,-4.347
0.00,653,-2.366,-4.076,6.688
0.00,654,-2.649,-5.955,-0.925
0.00,655,7.262,-3.100,1.585
0.00,656,1.961,-8.012,5.204
0.00,657,-7.739,-0.856,2.278
0.00,658,1.372,2.897,-7.661
0.00,659,5.363,0.776,-4.299
0.00,660,8.287,-4.662,2.218
0.00,661,-6.348,-0.310,-8.177
0.00,662,9.029,0.494,-4.821
0.00,663,3.158,1.534,-3.456
0.00,664,7.184,1.463,7.545
0.00,665,-1.789,4.258,4.095
0.00,666,-4.634,7.828,-2.826
0.00,667,-5.423,8.805,9.398
0.00,668,6.300,7.759,3.393
0.00,669,1.118,-4.621,-2.787
0.00,670,-6.062,-9.379,8.651
0.00,671,4.651,2.380,-1.262
0.00,672,7.058,-3.429,-1.740
0.00,673,8.271,-7.390,-8.637
0.00,674,-1.082,6.399,-4.866
0.00,675,-9.150,-8.269,-7.073
0.00,676,3.970,9.342,-2.729
0.00,677,6.233,-4.521,-0.099
0.00,678,-0.356,-4.120,3.699
0.00,679,4.818,6.352,-7.315
0.00,680,-4.739,3.351,-5.423
0.00,681,-4.392,-8.142,-4.280
0.00,682,-2.000,5.987,2.750
0.00,683,7.695,7.369,1.029
0.00,684,4.660,-3.704,0.909
0.00,685,-8.699,-1.262,1.798
0.00,686,-3.847,-4.083,-6.222
0.00,687,3.460,5.129,9.632
0.00,688,8.194,5.783,-2.121
0.00,689,7.477,3.264,-7.674
0.00,690,-6.026,-6.935,-2.339
0.00,691,-8.682,2.233,-2.782
0.00,692,-7.431,-2.334,9.529
0.00,693,5.269,6.509,1.126
0.00,694,-6.452,9.671,4.446
0.00,695,-9.070,1.660,-0.645
0.00,696,-7.812,-0.483,5.674
0.00,697,-4.466,-2.415,-0.305
0.00,698,-4.196,6.606,-9.253
0.00,699,-2.701,7.916,-6.899
0.00,700,-4.656,-0.380,8.270
0.00,701,4.454,-6.187,4.403
0.00,702,-6.712,7.395,4.595
0.00,703,-2.476,-3.483,8.506
0.00,704,0.010,4.991,-2.315
0.00,705,4.707,7.143,8.806
0.00,706,1.228,-6.537,-2.056
0.00,707,-8.718,9.011,-4.924
0.00,708,6.619,-1.443,7.983
0.00,709,3.256,1.591,-6.860
0.00,710,9.519,-7.597,-1.410
0.00,711,1.691,8.280,0.857
0.00,712,9.775,-6.403,-7.843
0.00,713,-8.426,-3.920,-8.614
0.00,714,6.357,-3.948,8.140
0.00,715,-4.271,-7.093,5.553
0.00,716,-9.252,2.615,9.557
0.00,717,-8.211,-9.205,5.479
0.00,718,7.897,6.468,-4.555
0.00,719,1.729,-5.376,1.215
0.00,720,0.548,5.177,1.916
0.00,721,7.071,7.719,0.355
0.00,722,-9.263,-8.355,-1.685
0.00,723,7.585,0.114,-6.321
0.00,724,-0.242,5.028,5.086
0.00,725,1.802,5.333,-6.555
0.00,726,3.164,-1.373,-7.983
0.00,727,0.800,-6.835,3.870
0.00,728,-7.271,-7.214,4.566
0.00,729,-7.295,7.549,9.488
0.00,730,-4.449,8.339,0.485
0.00,731,-6.733,-3.697,9.538
0.00,732,4.914,2.344,0.247
0.00,733,-1.378,-0.547,-3.374
0.00,734,1.437,7.820,5.555
0.00,735,7.005,-4.709,6.780
0.00,736,-7.316,5.040,-6.099
0.00,737,7.714,-0.450,9.111
0.00,738,-1.566,-8.661,5.341
0.00,739,6.683,9.302,8.462
0.00,740,-2.906,8.843,-7.250
0.00,741,-1.571,-5.631,0.414
0.00,742,7.583,-5.766,7.325
0.00,743,-3.632,-9.637,0.678
0.00,744,-1.347,1.688,8.076
0.00,745,2.335,0.233,9.313
0.00,746,-5.621,-2.809,-9.068
0.00,747,8.462,-5.678,1.764
0.00,748,-5.155,5.617,-3.722
0.00,749,-2.383,-3.087,-3.060
0.00,750,-2.807,3.047,2.653
0.00,751,-9.146,9.488,5.893
0.00,752,-0.390,-8.155,6.272
0.00,753,6.105,-2.665,2.607
0.00,754,-0.167,0.551,6.002
0.00,755,-3.646,-0.764,-4.759
0.00,756,3.132,-6.606,7.599
0.00,757,4.559,5.468,-6.669
0.00,758,3.457,6.451,9.553
0.00,759,-6.260,-7.961,-7.437
0.00,760,8.666,-4.782,-0.551
0.00,761,-4.055,8.576,-9.093
0.00,762,6.770,1.761,-0.520
0.00,763,7.673,-4.342,-1.930
0.00,764,-0.734,2.457,-6.768
0.00,765,6.565,-7.689,4.844
0.00,766,4.477,-2.291,4.484
0.00,767,-0.908,-0.312,-4.672
0.00,768,-7.920,2.423,-5.170
0.00,769,7.559,1.664,-1.102
0.00,770,1.643,-7.543,-3.229
0.00,771,6.714,2.016,3.800
0.00,772,-1.514,7.429,-5.326
0.00,773,-4.272,7.670,-9.139
0.00,774,-6.064,-5.221,3.263
0.00,775,3.485,3.685,3.295
0.00,776,-5.237,0.409,4.505
0.00,777,-6.522,-6.388,0.704
0.00,778,3.312,6.292,-4.160
0.00,779,-1.514,7.579,-6.240
0.00,780,4.968,9.108,-0.007
0.00,781,-9.531,7.639,3.003
0.00,782,6.865,-4.103,5.733
0.00,783,8.707,5.785,7.520
0.00,784,1.825,9.473,5.144
0.00,785,5.174,9.741,7.391
0.00,786,9.192,8.119,-3.592
0.00,787,-3.940,4.472,7.740
0.00,788,4.602,-3.745,5.979
0.00,789,-2.924,3.983,0.863
0.00,790,-5.918,6.927,-5.469
0.00,791,1.909,-8.478,1.297
0.00,792,0.851,3.435,-0.395
0.00,793,-6.499,-1.877,9.579
0.00,794,-6.943,0.317,9.077
0.00,795,7.231,2.010,-1.157
0.00,796,6.765,7.061,8.623
0.00,797,6.232,8.431,-1.372
0.00,798,-2.457,-3.288,-9.724
0.00,799,-2.114,2.171,-6.601
0.00,800,-1.524,-3.695,9.648
0.00,801,1.574,2.287,-4.509
0.00,802,-5.540,-8.588,3.598
0.00,803,1.584,-5.309,3.014
0.00,804,-5.980,-7.332,-8.324
0.00,805,8.209,4.415,-7.310
0.00,806,4.092,-2.907,9.603
0.00,807,-5.510,-8.715,8.048
0.00,808,-3.731,-0.977,-4.479
0.00,809,6.263,-4.233,-7.499
0.00,810,1.304,-2.753,1.770
0.00,811,6.092,8.906,9.284
0.00,812,3.616,1.071,1.101
0.00,813,-8.017,-8.999,9.601
0.00,814,-5.581,8.111,-9.695
0.00,815,4.200,-8.816,7.771
0.00,816,-8.504,2.362,-8.502
0.00,817,-4.051,-6.338,2.865
0.00,818,9.293,-9.743,-5.251
0.00,819,-0.611,4.175,8.766
0.00,820,-8.607,-8.896,5.408
0.00,821,0.099,2.488,-4.546
0.00,822,-8.492,7.184,-8.545
0.00,823,-4.758,5.888,-3.909
0.00,824,6.081,8.071,-2.159
0.00,825,-7.734,7.265,3.085
0.00,826,-1.601,4.022,5.020
0.00,827,3.661,-6.488,-7.738
0.00,828,-6.226,6.357,-7.572
0.00,829,3.717,4.236,-5.704
0.00,830,-4.979,-0.519,-1.367
0.00,831,2.499,8.753,6.082
0.00,832,5.794,2.805,8.690
0.00,833,-6.894,5.963,-3.658
0.00,834,-4.838,1.267,9.465
0.00,835,2.465,9.329,3.788
0.00,836,6.594,0.942,6.657
0.00,837,1.490,-1.941,-4.248
0.00,838,2.611,4.064,1.509
0.00,839,4.955,6.568,2.667
0.00,840,2.609,-6.777,7.299
0.00,841,-1.460,6.948,2.362
0.00,842,8.009,4.543,-5.785
0.00,843,5.330,9.788,3.872
0.00,844,-8.709,7.413,-4.610
0.00,845,4.817,2.800,-0.304
0.00,846,8.766,2.174,5.840
0.00,847,5.539,5.449,7.403
0.00,848,-3.392,-4.733,-9.402
0.00,849,-0.435,-7.726,-3.886
0.00,850,1.992,3.114,5.281
0.00,851,-9.054,5.174,2.358
0.00,852,4.244,9.124,9.715
0.00,853,8.493,-5.641,-2.459
0.00,854,-7.921,-0.696,1.948
0.00,855,2.597,-6.924,4.932
0.00,856,-2.916,-0.995,-5.071
0.00,857,-2.297,-0.320,-1.633
0.00,858,4.753,8.037,-2.471
0.00,859,-2.108,0.915,0.957
0.00,860,-9.681,-0.127,-0.624
0.00,861,-5.965,-2.189,4.545
0.00,862,1.439,0.860,2.852
0.00,863,-0.184,2.366,-9.432
0.00,864,3.542,-5.920,-3.694
0.00,865,-8.989,-2.104,-3.139
0.00,866,-2.289,1.450,3.097
0.00,867,-3.480,-7.658,4.503
0.00,868,5.291,-3.517,9.635
0.00,869,-5.685,7.767,9.697
0.00,870,-7.894,8.405,4.438
0.00,871,6.941,-7.908,7.071
0.00,872,-6.605,8.558,0.483
0.00,873,-9.540,2.904,7.510
0.00,874,-9.464,1.473,-9.821
0.00,875,-4.954,-1.295,-2.948
0.00,876,-3.519,1.321,8.482
0.00,877,-0.832,3.541,8.673
0.00,878,3.410,4.906,-8.036
0.00,879,5.405,5.416,2.609
0.00,880,0.070,-3.208,-5.288
0.00,881,7.443,3.096,0.866
0.00,882,-6.039,0.002,-0.826
0.00,883,6.555,-7.770,-9.724
0.00,884,7.566,-3.367,-3.165
0.00,885,-1.537,5.019,-3.415
0.00,886,3.585,-4.461,-2.027
0.00,887,1.639,-4.690,-0.553
0.00,888,7.417,-5.670,-2.054
0.00,889,-9.264,-8.953,-4.813
0.00,890,-8.543,-6.076,-8.172
0.00,891,-0.930,5.016,3.724
0.00,892,-8.089,8.903,-0.965
0.00,893,-7.914,-1.646,1.062
0.00,894,-3.963,-0.278,2.959
0.00,895,-8.166,5.040,3.762
0.00,896,7.445,1.765,7.561
0.00,897,-0.854,1.789,-8.973
0.00,898,5.872,-3.977,-7.932
0.00,899,8.952,7.401,-1.645
0.00,900,-8.223,-1.157,-8.837
0.00,901,4.228,7.683,3.978
0.00,902,-1.401,1.133,1.265
0.00,903,1.405,-6.651,3.197
0.00,904,-8.319,-0.916,-9.684
0.00,905,3.597,-7.505,0.027
0.00,906,8.705,-5.097,8.920
0.00,907,2.639,-5.645,8.893
0.00,908,6.727,-2.302,8.620
0.00,909,4.036,-7.505,0.903
0.00,910,4.501,-6.150,-7.993
0.00,911,-5.782,3.893,-7.922
0.00,912,4.967,3.052,-2.708
0.00,913,2.807,-0.920,4.153
0.00,914,-1.067,3.934,4.874
0.00,915,6.192,2.595,-5.097
0.00,916,-6.004,5.534,2.077
0.00,917,-6.933,-4.804,-5.704
0.00,918,1.075,4.059,-7.906
0.00,919,-7.536,-0.107,-1.092
0.00,920,8.306,2.537,5.066
0.00,921,3.938,-1.893,9.051
0.00,922,-1.133,0.882,2.355
0.00,923,-2.149,6.893,-8.463
0.00,924,-3.305,3.532,-8.353
0.00,925,6.093,9.349,4.537
0.00,926,-7.672,7.288,-9.027
0.00,927,-2.633,8.216,-3.821
0.00,928,-5.267,-3.231,5.985
0.00,929,8.364,-1.320,1.104
0.00,930,2.232,-8.766,-6.337
0.00,931,-6.217,9.610,-7.767
0.00,932,-3.355,-3.413,-5.167
0.00,933,6.758,-2.682,3.566
0.00,934,-0.719,-2.656,5.444
0.00,935,7.601,5.049,-2.530
0.00,936,-7.426,3.477,2.596
0.00,937,-0.838,-8.289,-3.345
0.00,938,0.180,4.620,6.744
0.00,939,6.726,-0.419,-5.624
0.00,940,-2.465,-5.680,-5.084
0.00,941,-1.834,2.903,-7.482
0.00,942,7.464,9.326,-3.368
0.00,943,2.283,5.453,-5.482
0.00,944,1.854,9.088,-9.782
0.00,945,6.493,4.680,-7.317
0.00,946,-2.753,-0.100,2.087
0.00,947,-8.635,2.013,4.202
0.00,948,6.095,8.133,-7.793
0.00,949,-1.159,8.294,-4.141
0.00,950,1.162,-4.921,2.839
0.00,951,1.251,8.810,-4.237
0.00,952,-6.420,-8.148,-3.789
0.00,953,3.653,6.597,0.986
0.00,954,1.427,-1.524,-8.058
0.00,955,-7.181,-2.394,5.691
0.00,956,-4.030,7.136,-5.925
0.00,957,8.579,-9.360,6.387
0.00,958,-3.075,-5.339,-0.872
0.00,959,-9.683,2.802,-0.659
0.00,960,-9.801,3.373,-6.133
0.00,961,9.596,9.004,1.310
0.00,962,2.028,7.019,1.896
0.00,963,-2.071,-8.190,-6.014
0.00,964,-0.000,-0.370,-9.751
0.00,965,7.369,9.326,-3.568
0.00,966,8.982,-0.159,5.585
0.00,967,-6.062,9.754,9.564
0.00,968,3.258,-5.979,3.555
0.00,969,-0.302,4.708,-7.359
0.00,970,8.036,1.675,8.432
0.00,971,8.707,-3.505,-0.523
0.00,972,1.337,-3.245,-3.461
0.00,973,-5.667,6.730,-5.287
0.00,974,9.803,-4.269,4.120
0.00,975,7.252,-6.119,-5.025
0.00,976,7.231,6.339,-1.006
0.00,977,0.655,-0.027,-8.738
0.00,978,-0.813,-5.782,8.793
0.00,979,-8.397,-0.179,9.159
0.00,980,-2.787,6.329,-4.032
0.00,981,-9.813,-4.518,5.463
0.00,982,-7.711,-5.701,7.610
0.00,983,5.163,-3.352,5.614
0.00,984,-8.277,-9.677,2.559
0.00,985,5.608,2.569,-6.727
0.00,986,6.487,-8.223,8.712
0.00,987,6.853,-9.605,-4.964
0.00,988,8.401,-7.131,7.896
0.00,989,3.821,8.380,-3.627
0.00,990,9.673,-7.311,4.094
0.00,991,-5.443,3.117,8.556
0.00,992,-5.954,-3.077,4.474
0.00,993,7.590,-1.069,-9.138
0.00,994,0.977,-2.282,4.007
0.00,995,4.714,1.895,7.746
0.00,996,4.003,3.659,-8.788
0.00,997,7.586,1.614,-4.180
0.00,998,-6.495,3.294,-1.904
0.00,999,1.068,2.309,-6.291
0.00,1000,-1.065,-2.136,-8.364
0.00,1001,7.426,6.718,5.797
0.00,1002,9.467,7.951,3.005
0.00,1003,-1.462,-9.324,-7.280
0.00,1004,0.494,5.826,-6.250
0.00,1005,2.531,0.432,-7.936
0.00,1006,-9.159,7.878,-3.170
0.00,1007,-1.145,6.943,-5.872
0.00,1008,7.039,-8.632,-2.314
0.00,1009,-3.508,-1.824,9.067
0.00,1010,-2.909,5.496,-2.523
0.00,1011,1.651,4.029,-0.006
0.00,1012,8.743,-0.801,0.391
0.00,1013,-2.539,-7.450,-3.751
0.00,1014,-5.743,-0.397,-2.282
0.00,1015,2.186,-3.004,-9.416
0.00,1016,-5.163,-8.213,2.403
0.00,1017,9.502,0.848,0.045
0.00,1018,-0.259,-4.899,-5.153
0.00,1019,6.136,9.363,4.691
0.00,1020,7.972,1.334,4.557
0.00,1021,3.813,0.221,2.621
0.00,1022,7.884,-1.722,0.490
0.00,1023,-9.222,0.236,7.011
0.00,1024,6.804,5.546,2.084
0.00,1025,2.669,1.807,-6.695
0.00,1026,5.837,-3.836,-7.480
0.00,1027,-9.085,-3.663,-3.111
0.00,1028,-3.700,-2.856,-6.170
0.00,1029,-3.691,-5.457,4.185
0.00,1030,-6.615,1.252,4.625
0.00,1031,5.444,-8.510,-2.216
0.00,1032,-1.685,0.100,0.456
0.00,1033,-6.442,4.593,-5.275
0.00,1034,7.312,3.107,6.898
0.00,1035,-8.008,6.036,-9.074
0.00,1036,-1.795,-0.078,7.801
0.00,1037,6.284,5.400,-6.391
0.00,1038,-1.104,-0.480,6.198
0.00,1039,3.390,-6.567,-2.926
0.00,1040,3.452,-6.403,-2.457
0.00,1041,-7.097,-8.323,8.793
0.00,1042,4.550,6.472,4.511
0.00,1043,7.387,-2.627,7.824
0.00,1044,2.143,9.325,9.625
0.00,1045,3.938,-8.089,4.685
0.00,1046,1.861,-7.525,4.244
0.00,1047,5.345,-2.285,-5.119
0.00,1048,1.483,0.404,-5.514
0.00,1049,2.803,9.437,3.232
0.00,1050,7.662,9.395,0.271
0.00,1051,-6.205,-9.614,-9.027
0.00,1052,-1.112,3.151,7.658
0.00,1053,1.078,-8.880,-2.519
0.00,1054,8.695,5.842,0.670
0.00,1055,4.598,0.182,6.277
0.00,1056,2.641,-2.498,6.133
0.00,1057,2.617,5.928,-9.152
0.00,1058,-2.848,-9.790,-9.685
0.00,1059,2.645,4.407,-4.030
0.00,1060,-3.286,7.030,-0.934
0.00,1061,-6.493,5.645,-9.809
0.00,1062,4.743,1.790,8.677
0.00,1063,6.140,-4.864,4.679
0.00,1064,-3.046,6.845,-7.474
0.00,1065,6.823,4.146,7.781
0.00,1066,3.515,-4.815,-6.756
0.00,1067,-1.605,-5.992,-2.701
0.00,1068,2.039,-8.724,9.291
0.00,1069,-9.136,8.758,3.590
0.00,1070,6.743,7.291,6.466
0.00,1071,5.309,5.039,-2.731
0.00,1072,1.723,-5.923,5.625
0.00,1073,-7.147,0.382,7.793
0.00,1074,4.752,8.653,5.507
0.00,1075,6.199,2.975,2.869
0.00,1076,3.407,0.555,0.600
0.00,1077,2.607,-4.587,-7.241
0.00,1078,4.523,-9.572,-6.115
0.00,1079,5.931,-7.554,6.338
0.00,1080,-2.296,-0.459,-3.616
0.00,1081,-0.249,-4.418,4.074
0.00,1082,-6.052,-9.194,5.040
0.00,1083,4.492,-9.805,-9.279
0.00,1084,0.305,6.648,3.494
0.00,1085,2.847,5.147,0.203
0.00,1086,-8.495,-8.896,-6.342
0.00,1087,-7.068,1.922,-6.641
0.00,1088,-2.831,-9.604,-7.894
0.00,1089,-1.243,4.888,0.837
0.00,1090,9.244,-6.316,-0.036
0.00,1091,7.917,7.888,1.925
0.00,1092,-7.933,-6.723,-6.049
0.00,1093,-1.943,-0.940,0.637
0.00,1094,-0.480,4.732,-4.217
0.00,1095,-5.434,7.205,4.143
0.00,1096,5.565,-7.646,7.510
0.00,1097,-2.249,3.718,5.302
0.00,1098,1.523,-8.172,6.851
0.00,1099,7.775,-1.978,-1.338
0.00,1100,8.854,3.749,9.367
0.00,1101,-1.794,4.978,-0.433
0.00,1102,0.664,-7.747,3.696
0.00,1103,5.459,-8.245,2.861
0.00,1104,-9.167,9.087,-5.088
0.00,1105,3.642,-0.945,0.520
0.00,1106,-3.116,3.559,5.148
0.00,1107,-0.365,8.735,6.134
0.00,1108,1.719,-8.720,-0.897
0.00,1109,0.487,-3.252,-4.521
0.00,1110,-3.754,8.759,1.027
0.00,1111,7.692,-4.445,1.903
0.00,1112,3.878,7.484,6.967
0.00,1113,2.418,-6.178,-8.736
0.00,1114,6.122,-7.726,-2.628
0.00,1115,1.038,-5.796,5.773
0.00,1116,-5.988,4.757,-9.617
0.00,1117,4.050,-7.285,-7.790
0.00,1118,3.559,4.553,1.815
0.00,1119,6.918,0.439,-2.441
0.00,1120,-0.599,0.174,-6.960
0.00,1121,4.173,-5.554,8.422
0.00,1122,-4.848,-3.049,-4.206
0.00,1123,8.381,2.250,-4.298
0.00,1124,0.917,7.168,5.348
0.00,1125,-6.486,5.723,-6.709
0.00,1126,0.616,0.889,6.905
0.00,1127,3.769,4.619,-3.175
0.00,1128,-4.174,-8.566,-5.463
0.00,1129,4.784,2.567,-7.124
0.00,1130,-8.830,5.722,6.012
0.00,1131,9.803,-1.831,-6.854
0.00,1132,1.150,8.467,-0.047
0.00,1133,7.372,5.579,-4.787
0.00,1134,1.634,-6.948,-3.534
0.00,1135,-8.159,8.926,4.976
0.00,1136,7.976,5.028,3.797
0.00,1137,3.987,-0.215,0.227
0.00,1138,-6.333,8.609,1.040
0.00,1139,4.575,7.533,1.254
0.00,1140,-6.975,-7.436,5.214
0.00,1141,3.965,-4.873,-5.018
0.00,1142,-0.162,5.938,5.390
0.00,1143,3.137,0.312,7.279
0.00,1144,1.967,9.575,2.171
0.00,1145,-3.834,8.493,4.089
0.00,1146,-4.435,-6.081,8.126
0.00,1147,-6.914,-8.781,7.919
0.00,1148,-7.276,-4.461,-7.643
0.00,1149,2.113,-1.826,-0.404
0.00,1150,-6.617,5.011,-5.058
0.00,1151,0.520,8.456,8.238
0.00,1152,5.792,-4.853,9.365
0.00,1153,-6.227,-4.460,-4.903
0.00,1154,-7.885,-3.814,2.419
0.00,1155,-4.510,9.130,-0.856
0.00,1156,0.552,6.743,6.786
0.00,1157,-4.342,4.827,-0.618
0.00,1158,-1.677,1.672,-1.007
0.00,1159,3.514,7.579,-5.813
0.00,1160,-8.260,-3.931,2.384
0.00,1161,-2.904,-8.174,4.045
0.00,1162,6.064,-7.018,5.971
0.00,1163,4.331,6.882,-2.942
0.00,1164,-5.211,-5.395,-8.002
0.00,1165,-1.943,-3.368,-6.142
0.00,1166,1.469,-4.208,2.904
0.00,1167,5.122,-0.043,1.112
0.00,1168,6.662,-5.179,-8.457
0.00,1169,3.160,8.019,6.069
0.00,1170,8.868,1.221,-7.862
0.00,1171,0.728,9.016,-9.359
0.00,1172,-3.443,-5.316,1.061
0.00,1173,1.355,-0.025,4.557
0.00,1174,-4.162,0.846,0.365
0.00,1175,0.484,5.599,-7.859
0.00,1176,8.468,2.889,-5.849
0.00,1177,7.277,-4.327,-1.893
0.00,1178,-6.396,-6.641,8.226
0.00,1179,4.991,2.356,-5.988
0.00,1180,-1.485,9.479,3.468
0.00,1181,8.440,8.268,-1.277
0.00,1182,3.098,3.917,-0.958
0.00,1183,-3.632,7.423,1.850
0.00,1184,-8.251,-4.386,-0.282
0.00,1185,-6.748,-3.343,-3.703
0.00,1186,0.593,8.978,5.397
0.00,1187,7.257,7.053,-6.918
0.00,1188,-0.301,-0.013,-9.521
0.00,1189,-8.565,-5.664,-4.579
0.00,1190,-0.047,2.454,6.818
0.00,1191,7.596,3.364,6.328
0.00,1192,0.535,-5.616,2.135
0.00,1193,-0.017,-8.305,-7.915
0.00,1194,-2.842,3.362,1.063
0.00,1195,8.530,-8.255,5.081
0.00,1196,9.723,1.652,-1.468
0.00,1197,-6.976,-7.725,-3.139
0.00,1198,-6.183,8.697,9.190
0.00,1199,-5.342,5.714,-8.056
0.00,1200,4.985,-0.513,-2.445
0.00,1201,-0.110,-5.385,-7.111
0.00,1202,8.269,6.801,-0.024
0.00,1203,-4.369,9.631,8.308
0.00,1204,7.574,7.177,-1.180
0.00,1205,-4.873,-1.902,-0.466
0.00,1206,2.565,9.788,-1.624
0.00,1207,1.654,9.738,6.868
0.00,1208,-5.253,-2.192,-6.463
0.00,1209,6.081,-2.444,0.145
0.00,1210,1.477,1.172,-0.658
0.00,1211,5.855,-1.497,-7.028
0.00,1212,-5.403,-7.867,-3.444
0.00,1213,-4.057,2.387,-6.625
0.00,1214,-5.834,-3.453,-7.859
0.00,1215,5.099,2.410,-6.940
0.00,1216,7.225,3.966,-5.515
0.00,1217,7.741,5.162,-9.226
0.00,1218,6.361,7.316,2.826
0.00,1219,6.614,1.528,-1.189
0.00,1220,6.840,-3.555,-7.427
0.00,1221,1.123,6.252,-2.991
0.00,1222,0.378,-7.521,-6.377
0.00,1223,-8.874,6.724,-0.767
0.00,1224,7.333,8.356,-1.378
0.00,1225,8.667,9.690,-2.180
0.00,1226,5.508,-8.903,2.004
0.00,1227,7.357,7.661,3.188
0.00,1228,3.769,-5.380,8.067
0.00,1229,-5.349,1.369,5.863
0.00,1230,-2.868,3.689,1.431
0.00,1231,-9.046,-7.139,-6.627
0.00,1232,5.747,9.765,-4.431
0.00,1233,3.328,0.940,-1.312
0.00,1234,-8.903,-7.264,-5.895
0.00,1235,3.789,-4.237,-1.351
0.00,1236,-9.378,-2.015,-4.096
0.00,1237,-9.170,-0.572,1.156
0.00,1238,5.792,7.395,-2.056
0.00,1239,-9.494,-0.232,-9.132
0.00,1240,2.911,-3.566,1.613
0.00,1241,8.576,-3.405,9.241
0.00,1242,-7.613,-7.644,5.744
0.00,1243,-7.633,-5.462,1.154
0.00,1244,5.298,1.754,8.627
0.00,1245,4.134,6.086,2.043
0.00,1246,-5.437,0.288,-9.146
0.00,1247,-4.331,-2.975,-6.159
0.00,1248,7.439,5.768,-5.802
0.00,1249,-4.422,6.846,-5.082
0.00,1250,-5.014,8.313,1.820
0.00,1251,-9.364,-7.777,-5.686
0.00,1252,5.898,2.318,-3.076
0.00,1253,7.834,-8.538,5.763
0.00,1254,1.445,8.239,8.548
0.00,1255,2.762,3.255,-1.225
0.00,1256,-0.665,2.559,-1.632
0.00,1257,9.032,9.510,-8.885
0.00,1258,-1.203,3.354,4.035
0.00,1259,-3.441,-7.614,-4.917
0.00,1260,-2.478,5.164,-2.844
0.00,1261,1.257,-6.834,5.860
0.00,1262,-3.703,-6.428,7.422
0.00,1263,-9.446,-3.430,-8.104
0.00,1264,8.329,0.832,0.353
0.00,1265,1.119,8.190,7.851
0.00,1266,0.552,-6.669,-1.605
0.00,1267,-0.819,6.028,-7.947
0.00,1268,-5.344,-9.271,-5.999
0.00,1269,-3.014,5.879,3.928
0.00,1270,3.508,-2.952,1.796
0.00,1271,5.950,8.385,3.230
0.00,1272,-0.076,0.956,1.629
0.00,1273,-4.020,2.494,9.361
0.00,1274,1.664,-1.382,-7.548
0.00,1275,6.217,5.340,-8.790
0.00,1276,-1.153,6.988,-0.070
0.00,1277,-4.317,6.509,-5.799
0.00,1278,-2.627,-7.745,-1.013
0.00,1279,-3.568,-1.321,-0.985
0.00,1280,-4.559,5.219,-7.230
0.00,1281,6.767,-7.833,6.020
0.00,1282,2.815,-3.433,1.514
0.00,1283,8.070,-0.692,-3.708
0.00,1284,-3.949,5.732,-2.575
0.00,1285,-9.574,5.916,7.249
0.00,1286,3.528,3.161,-0.004
0.00,1287,5.502,-3.128,-9.268
0.00,1288,0.848,7.307,-3.165
0.00,1289,-4.149,7.722,8.345
0.00,1290,3.403,-1.411,2.733
0.00,1291,5.584,-5.449,0.579
0.00,1292,-8.199,-6.329,-8.769
0.00,1293,3.937,4.096,5.606
0.00,1294,-3.796,2.788,-0.807
0.00,1295,5.875,-7.306,8.690
0.00,1296,3.750,-6.586,-2.738
0.00,1297,1.906,-0.913,-1.846
0.00,1298,2.928,0.364,-2.025
0.00,1299,-9.041,-5.648,5.279
0.00,1300,2.305,4.914,-9.084
0.00,1301,-0.360,2.132,-7.487
0.00,1302,4.634,7.312,6.275
0.00,1303,2.509,-0.958,-4.203
0.00,1304,-6.612,5.653,-2.106
0.00,1305,5.143,2.126,9.129
0.00,1306,8.497,9.715,0.685
0.00,1307,-6.382,-0.199,2.276
0.00,1308,-3.230,-9.554,-2.513
0.00,1309,4.276,3.438,1.985
0.00,1310,0.802,7.210,-9.136
0.00,1311,-0.200,9.583,-8.903
0.00,1312,5.934,-6.353,8.183
0.00,1313,4.458,-2.895,5.381
0.00,1314,-2.585,-4.200,5.634
0.00,1315,2.971,-3.578,7.652
0.00,1316,-1.806,8.490,2.277
0.00,1317,-0.711,-9.240,0.035
0.00,1318,-3.683,8.055,8.307
0.00,1319,-8.590,2.439,7.172
0.00,1320,-7.758,-6.198,-8.790
0.00,1321,2.424,4.439,1.766
0.00,1322,-4.275,8.099,-4.947
0.00,1323,1.470,0.683,-4.353
0.00,1324,-4.158,-6.006,8.168
0.00,1325,-2.276,-7.373,-0.931
0.00,1326,-2.450,-8.240,-4.944
0.00,1327,1.139,0.149,-6.515
0.00,1328,5.352,-8.064,9.657
0.00,1329,-7.177,4.987,-9.384
0.00,1330,3.539,1.825,-8.470
0.00,1331,-9.392,2.648,1.794
0.00,1332,-9.017,-7.739,-5.912
0.00,1333,8.823,3.000,-4.288
0.00,1334,6.267,-4.599,-0.345
0.00,1335,0.756,7.517,-5.528
0.00,1336,-9.077,2.127,-7.163
0.00,1337,3.635,-2.588,8.012
0.00,1338,-1.161,-8.677,7.662
0.00,1339,-0.187,9.574,-5.463
0.00,1340,-5.383,-7.201,-7.578
0.00,1341,7.254,1.231,3.823
0.00,1342,0.439,-5.813,8.710
0.00,1343,7.999,3.180,-4.438
0.00,1344,-2.360,2.093,3.663
0.00,1345,-9.622,-1.670,-7.642
0.00,1346,9.635,1.835,-5.753
0.00,1347,3.742,-7.421,-6.170
0.00,1348,8.152,0.483,-8.101
0.00,1349,8.262,0.403,4.759
0.00,1350,-4.106,-0.972,-0.646
0.00,1351,8.982,-8.671,-8.735
0.00,1352,-7.361,-0.964,-9.729
0.00,1353,-4.204,7.804,-4.565
0.00,1354,-0.356,-9.777,7.242
0.00,1355,0.830,6.429,-6.215
0.00,1356,7.791,-1.759,7.307
0.00,1357,1.504,9.168,-2.395
0.00,1358,-6.251,-6.120,7.049
0.00,1359,-8.286,8.610,-8.011
0.00,1360,3.567,-0.749,5.296
0.00,1361,-4.093,-1.578,0.592
0.00,1362,9.780,-8.826,-3.986
0.00,1363,5.033,9.198,1.046
0.00,1364,5.414,8.845,2.297
0.00,1365,9.302,-7.486,9.757
0.00,1366,8.059,8.903,-1.299
0.00,1367,0.808,8.182,-2.338
0.00,1368,-9.169,4.793,1.254
0.00,1369,-6.484,-0.123,9.092
0.00,1370,-6.412,-3.252,-7.309
0.00,1371,-8.141,-1.761,-5.626
0.00,1372,-1.181,5.995,4.237
0.00,1373,-0.516,-6.772,-2.938
0.00,1374,3.452,-2.705,7.058
0.00,1375,-8.995,7.682,8.377
0.00,1376,2.705,5.595,6.517
0.00,1377,-8.559,-4.867,-2.320
0.00,1378,7.009,2.240,3.934
0.00,1379,5.743,5.582,-9.007
0.00,1380,-7.322,3.856,1.652
0.00,1381,-6.210,3.650,0.485
0.00,1382,5.577,1.975,7.308
0.00,1383,-7.766,-0.550,-6.264
0.00,1384,2.433,-9.238,6.173
0.00,1385,-6.744,-8.403,-5.025
0.00,1386,5.632,-7.071,-5.479
0.00,1387,-0.026,0.070,-1.447
0.00,1388,5.225,3.059,-1.196
0.00,1389,-8.084,-1.043,-8.902
0.00,1390,-3.764,8.151,7.176
0.00,1391,0.332,-6.636,7.416
0.00,1392,-2.285,5.906,-6.545
0.00,1393,-1.824,-2.094,6.671
0.00,1394,4.090,-5.397,5.069
0.00,1395,1.245,-9.400,0.508
0.00,1396,-1.102,-2.939,-1.527
0.00,1397,-1.020,3.335,1.295
0.00,1398,5.669,-6.085,-0.450
0.00,1399,6.873,6.216,-8.831
0.00,1400,0.067,-9.023,0.072
0.00,1401,0.337,-2.883,5.065
0.00,1402,2.312,-1.255,9.738
0.00,1403,-1.217,2.038,1.816
0.00,1404,-7.703,-1.800,-9.095
0.00,1405,6.570,-0.348,1.824
0.00,1406,-5.707,-8.536,0.050
0.00,1407,-2.443,-5.806,6.217
0.00,1408,-8.803,3.592,-3.126
0.00,1409,-5.338,-0.346,8.465
0.00,1410,1.501,0.781,5.938
0.00,1411,-0.701,6.682,-1.601
0.00,1412,-8.838,8.225,7.796
0.00,1413,7.049,1.562,-0.774
0.00,1414,5.697,1.106,4.567
0.00,1415,4.380,6.348,-8.677
0.00,1416,0.417,-0.632,7.010
0.00,1417,-7.506,4.108,-0.259
0.00,1418,-5.423,-3.339,1.977
0.00,1419,8.034,1.028,-5.781
0.00,1420,-7.054,-5.875,3.821
0.00,1421,-1.632,0.782,-8.798
0.00,1422,1.344,-0.770,-5.939
0.00,1423,-6.789,-7.010,-0.903
0.00,1424,0.385,0.602,5.090
0.00,1425,-6.575,-5.094,-4.038
0.00,1426,-6.511,-3.966,0.369
0.00,1427,1.424,-0.394,2.828
0.00,1428,-1.813,1.220,-7.346
0.00,1429,5.231,-4.295,5.984
0.00,1430,-5.747,-7.394,-1.042
0.00,1431,2.018,1.271,-6.828
0.00,1432,-4.502,-1.824,-3.687
0.00,1433,-7.468,-8.798,7.039
0.00,1434,-7.468,2.305,1.677
0.00,1435,-4.185,6.714,4.253
0.00,1436,3.093,-3.458,5.080
0.00,1437,-6.793,2.900,-9.576
0.00,1438,-5.155,7.285,-6.054
0.00,1439,9.022,7.732,-9.317
0.00,1440,-4.723,5.525,3.830
0.00,1441,5.706,-5.703,3.244
0.00,1442,-7.898,5.510,-7.308
0.00,1443,3.661,-2.581,5.958
0.00,1444,3.263,0.432,-6.150
0.00,1445,5.074,0.672,-1.941
0.00,1446,-5.455,6.880,3.477
0.00,1447,-1.198,-3.447,-3.629
0.00,1448,-7.810,-3.929,-1.984
0.00,1449,0.934,-3.421,-7.346
0.00,1450,-3.613,-7.573,-0.502
0.00,1451,-4.033,-2.162,-6.002
0.00,1452,-7.420,9.674,2.109
0.00,1453,5.037,-7.864,6.091
0.00,1454,-9.753,9.556,5.690
0.00,1455,-6.326,-9.261,8.480
0.00,1456,4.344,0.281,-6.207
0.00,1457,-3.165,8.605,1.242
0.00,1458,0.004,7.627,3.363
0.00,1459,7.932,-0.912,-8.481
0.00,1460,7.037,-6.039,-4.453
0.00,1461,7.314,-7.737,-9.133
0.00,1462,-3.223,-5.233,-4.758
0.00,1463,-4.052,6.613,-5.389
0.00,1464,-2.641,-3.067,-5.230
0.00,1465,-1.579,0.521,-6.107
0.00,1466,4.923,-0.707,-2.707
0.00,1467,2.714,4.172,-9.707
0.00,1468,-4.548,-7.315,-7.616
0.00,1469,-9.506,2.211,-3.423
0.00,1470,-4.594,-6.252,-8.049
0.00,1471,8.454,-5.269,-7.790
0.00,1472,-9.057,7.572,5.914
0.00,1473,-8.002,5.941,9.244
0.00,1474,0.860,-5.533,-8.526
0.00,1475,-6.397,2.920,-7.330
0.00,1476,9.335,1.000,0.312
0.00,1477,5.487,-3.800,9.398
0.00,1478,4.815,-5.136,-6.526
0.00,1479,-7.318,2.001,4.325
0.00,1480,3.270,-4.393,-8.051
0.00,1481,4.863,6.513,6.269
0.00,1482,3.590,-7.051,-6.993
0.00,1483,-2.138,-1.686,2.395
0.00,1484,-0.186,-6.332,-1.511
0.00,1485,-8.124,-1.293,-0.997
0.00,1486,-7.587,4.337,1.958
0.00,1487,-1.621,4.292,-9.723
0.00,1488,-8.981,6.641,6.530
0.00,1489,2.049,3.631,0.605
0.00,1490,-1.434,-2.721,5.441
0.00,1491,0.524,1.948,8.985
0.00,1492,-6.565,8.502,-7.587
0.00,1493,-7.014,7.748,-3.044
0.00,1494,-2.833,-4.986,9.632
0.00,1495,4.418,-1.475,-8.162
0.00,1496,-6.643,2.824,7.242
0.00,1497,-6.075,5.002,4.017
0.00,1498,1.841,1.232,-6.337
0.00,1499,-7.643,5.043,6.189
0.00,1500,-2.862,4.014,-2.249
0.00,1501,-6.209,4.516,9.389
0.00,1502,-7.943,6.617,8.309
0.00,1503,7.998,0.289,-3.020
0.00,1504,-2.013,2.867,-9.815
0.00,1505,5.910,-8.677,6.179
0.00,1506,9.340,-4.174,0.965
0.00,1507,-4.268,-0.883,-2.191
0.00,1508,2.290,-6.841,1.631
0.00,1509,-5.701,7.568,-9.243
0.00,1510,3.679,-6.969,-0.970
0.00,1511,4.893,6.358,3.433
0.00,1512,8.109,-4.249,5.051
0.00,1513,6.920,-8.316,-7.812
0.00,1514,7.445,0.624,-5.329
0.00,1515,-5.598,8.504,-8.454
0.00,1516,-1.337,-4.744,6.317
0.00,1517,4.834,5.563,8.718
0.00,1518,6.831,9.138,-2.843
0.00,1519,6.966,-0.498,-7.484
0.00,1520,7.391,-1.947,7.972
0.00,1521,-9.270,8.401,-5.211
0.00,1522,1.810,4.493,-9.522
0.00,1523,-4.969,0.320,-6.212
0.00,1524,5.228,7.410,-6.440
0.00,1525,-7.835,-3.088,-5.634
0.00,1526,5.401,-5.413,-5.635
0.00,1527,9.097,4.977,6.810
0.00,1528,-3.465,3.426,-3.839
0.00,1529,7.024,3.131,4.424
0.00,1530,-9.216,-0.240,3.659
0.00,1531,9.824,3.345,3.017
0.00,1532,-7.637,7.749,4.464
0.00,1533,-7.270,-3.740,-6.465
0.00,1534,-6.654,2.584,1.805
0.00,1535,-3.295,1.465,-5.958
0.00,1536,-3.497,4.273,-9.486
0.00,1537,4.792,0.776,-0.676
0.00,1538,-1.919,3.623,8.977
0.00,1539,-9.039,-9.039,-0.156
0.00,1540,-4.999,9.392,7.826
0.00,1541,-4.817,2.512,-1.014
0.00,1542,2.071,-3.328,-5.615
0.00,1543,4.525,-7.549,-3.250
0.00,1544,7.584,2.123,0.978
0.00,1545,-1.255,1.688,-1.765
0.00,1546,-6.643,8.753,3.062
0.00,1547,-1.676,0.841,-1.363
0.00,1548,8.824,2.388,0.862
0.00,1549,0.349,5.012,-8.066
0.00,1550,-5.332,3.221,-9.396
0.00,1551,3.703,1.827,7.316
0.00,1552,-8.351,-0.486,-1.730
0.00,1553,5.624,4.349,-5.857
0.00,1554,-4.805,4.414,5.192
0.00,1555,5.815,-3.157,-4.268
0.00,1556,-7.055,2.681,1.676
0.00,1557,9.734,8.938,-9.311
0.00,1558,-1.793,-9.402,-9.819
0.00,1559,-7.350,-3.931,-4.444
0.00,1560,-3.184,2.683,0.257
0.00,1561,-8.477,-8.175,4.026
0.00,1562,3.406,5.241,0.330
0.00,1563,5.228,7.048,-4.353
0.00,1564,-8.973,-8.638,-9.459
0.00,1565,2.350,-4.072,5.583
0.00,1566,-4.948,-2.328,4.991
0.00,1567,-5.436,8.774,2.197
0.00,1568,-1.520,5.591,-0.669
0.00,1569,1.057,1.435,-2.737
0.00,1570,4.269,8.530,1.359
0.00,1571,-8.647,4.262,-5.700
0.00,1572,-8.363,4.375,8.204
0.00,1573,8.990,6.496,6.883
0.00,1574,-7.715,2.299,-0.713
0.00,1575,-3.471,-1.126,-4.516
0.00,1576,8.323,-6.646,-9.405
0.00,1577,-2.974,2.831,2.035
0.00,1578,-5.787,7.780,1.388
0.00,1579,-3.952,-6.704,9.141
0.00,1580,-6.289,-8.608,-5.007
0.00,1581,-2.767,-8.414,-0.143
0.00,1582,0.152,-5.142,0.471
0.00,1583,-1.965,8.032,-5.654
0.00,1584,7.929,1.386,-4.214
0.00,1585,0.159,-0.081,3.232
0.00,1586,-6.791,-1.975,3.525
0.00,1587,8.101,-2.301,-0.206
0.00,1588,-1.011,-3.302,-3.424
0.00,1589,-3.510,1.075,-9.480
0.00,1590,-2.730,-1.279,7.060
0.00,1591,-6.925,-7.956,-3.058
0.00,1592,-9.724,-6.751,1.365
0.00,1593,-5.012,8.647,4.242
0.00,1594,-4.423,-8.490,6.991
0.00,1595,8.795,1.073,-4.257
0.00,1596,4.677,-9.217,-2.221
0.00,1597,-6.978,-9.430,2.385
0.00,1598,2.098,-9.425,0.531
0.00,1599,1.384,9.596,1.182
0.00,1600,6.194,-9.467,3.028
0.00,1601,-0.408,4.418,-6.894
0.00,1602,-2.717,-1.620,7.437
0.00,1603,0.300,-3.614,9.481
0.00,1604,8.476,9.615,5.434
0.00,1605,7.459,6.780,1.639
0.00,1606,-3.484,-3.665,-8.795
0.00,1607,4.533,-1.266,-0.798
0.00,1608,7.820,-4.323,3.677
0.00,1609,-6.094,4.720,-4.387
0.00,1610,-3.666,2.491,0.853
0.00,1611,-6.380,2.641,8.166
0.00,1612,-9.708,1.223,-1.139
0.00,1613,2.241,-8.297,-7.436
0.00,1614,-0.877,-5.171,-5.759
0.00,1615,-4.654,-9.137,4.395
0.00,1616,9.613,-4.453,-1.032
0.00,1617,9.055,1.262,-4.285
0.00,1618,2.056,4.731,8.292
0.00,1619,2.313,-7.764,1.476
0.00,1620,5.837,-6.123,8.126
0.00,1621,-0.030,8.566,7.647
0.00,1622,1.493,5.718,6.768
0.00,1623,-7.437,3.959,-9.046
0.00,1624,4.729,-7.625,8.244
0.00,1625,-3.048,1.120,-4.043
0.00,1626,-2.882,7.357,-6.477
0.00,1627,5.072,0.084,0.573
0.00,1628,-1.742,-4.970,-6.122
0.00,1629,8.839,-0.068,6.309
0.00,1630,2.002,-2.120,9.631
0.00,1631,5.875,7.738,-5.354
0.00,1632,5.310,-2.626,1.813
0.00,1633,-0.136,-9.665,-8.573
0.00,1634,0.025,4.029,-0.866
0.00,1635,0.499,1.891,9.398
0.00,1636,-2.204,-4.605,6.280
0.00,1637,6.145,-8.309,8.682
0.00,1638,-0.414,9.456,-2.113
0.00,1639,-8.124,-9.018,-9.333
0.00,1640,-0.022,-5.406,-1.958
0.00,1641,-8.867,9.833,-8.906
0.00,1642,-8.843,5.395,5.850
0.00,1643,-6.514,-1.773,3.680
0.00,1644,0.511,1.435,-9.067
0.00,1645,2.131,7.325,-8.626
0.00,1646,8.663,1.808,7.094
0.00,1647,6.685,4.235,-4.791
0.00,1648,7.982,-7.413,-2.516
0.00,1649,4.778,2.882,4.389
0.00,1650,-0.467,-5.594,3.818
0.00,1651,2.238,3.773,-2.934
0.00,1652,8.973,-8.246,-3.382
0.00,1653,-4.500,8.071,2.154
0.00,1654,5.786,-0.639,-5.146
0.00,1655,-9.531,-6.037,0.238
0.00,1656,-5.405,0.357,1.098
0.00,1657,3.535,1.256,-9.329
0.00,1658,-4.778,-0.754,-4.688
0.00,1659,4.671,-2.925,3.825
0.00,1660,7.344,4.351,-8.840
0.00,1661,-3.429,7.733,9.494
0.00,1662,-5.213,2.928,-6.838
0.00,1663,-9.289,-6.305,2.006
0.00,1664,2.419,9.153,4.849
0.00,1665,-6.924,3.773,4.579
0.00,1666,-8.799,7.181,-0.678
0.00,1667,-4.534,9.708,-9.120
0.00,1668,9.676,-6.141,-3.803
0.00,1669,-0.222,-4.711,-8.690
0.00,1670,0.577,4.887,9.178
0.00,1671,4.432,-3.157,-9.204
0.00,1672,-5.712,9.316,9.308
0.00,1673,-9.739,-8.981,-4.427
0.00,1674,3.080,6.536,2.243
0.00,1675,2.438,-1.274,7.303
0.00,1676,2.139,-7.300,-8.448
0.00,1677,-1.396,3.996,9.184
0.00,1678,1.209,-7.039,2.940
0.00,1679,0.691,-9.169,1.653
0.00,1680,-7.826,7.815,-5.294
0.00,1681,-8.494,-1.081,6.051
0.00,1682,-3.769,9.232,4.403
0.00,1683,8.254,6.498,-8.603
0.00,1684,-2.841,-2.901,3.268
0.00,1685,3.854,5.974,1.298
0.00,1686,-7.369,6.058,-2.734
0.00,1687,6.387,-8.382,1.338
0.00,1688,-0.068,5.835,7.802
0.00,1689,1.046,3.790,9.407
0.00,1690,-7.881,-9.255,-4.620
0.00,1691,2.671,4.229,6.836
0.00,1692,-8.458,5.416,1.888
0.00,1693,8.069,-6.621,3.144
0.00,1694,-4.022,7.947,-1.580
0.00,1695,-5.858,5.619,8.200
0.00,1696,2.670,-5.973,-4.931
0.00,1697,-2.729,-0.186,-8.901
0.00,1698,5.552,-9.607,5.172
0.00,1699,5.334,-0.196,2.643
0.00,1700,1.573,2.986,8.292
0.00,1701,4.950,6.310,-2.024
0.00,1702,2.971,-0.052,-9.310
0.00,1703,4.335,5.339,3.868
0.00,1704,-2.738,4.607,-5.693
0.00,1705,-7.984,-9.723,0.157
0.00,1706,-0.828,5.132,9.822
0.00,1707,-0.577,9.369,9.731
0.00,1708,0.453,-7.500,9.323
0.00,1709,0.839,-3.492,-1.138
0.00,1710,8.208,-0.399,-4.272
0.00,1711,3.899,0.330,-0.896
0.00,1712,-4.396,-8.790,0.772
0.00,1713,8.513,-0.001,8.591
0.00,1714,-4.560,-6.910,8.205
0.00,1715,-0.688,3.909,3.826
0.00,1716,-7.203,7.442,8.593
0.00,1717,8.301,0.022,0.047
0.00,1718,9.006,7.662,-6.766
0.00,1719,-4.256,5.286,6.906
0.00,1720,5.224,-0.615,-8.987
0.00,1721,-5.246,4.008,4.029
0.00,1722,7.711,1.496,9.414
0.00,1723,9.228,7.032,-4.948
0.00,1724,9.836,-5.717,-2.930
0.00,1725,-4.468,-5.301,-0.329
0.00,1726,7.414,8.999,-9.008
0.00,1727,-7.826,7.262,8.473
0.00,1728,-7.460,-3.151,-8.237
0.00,1729,-4.139,-4.082,2.910
0.00,1730,2.644,-3.307,0.266
0.00,1731,6.848,-0.573,0.763
0.00,1732,5.650,-0.423,-4.291
0.00,1733,-0.601,-9.614,-9.792
0.00,1734,8.205,3.791,4.178
0.00,1735,2.931,-8.281,0.604
0.00,1736,6.784,0.619,7.116
0.00,1737,9.417,-4.437,5.269
0.00,1738,-7.210,4.995,-1.878
0.00,1739,-8.846,-3.758,5.499
0.00,1740,-8.585,2.467,-9.123
0.00,1741,2.928,-0.242,6.298
0.00,1742,-4.358,1.105,-1.278
0.00,1743,0.948,8.129,8.914
0.00,1744,2.640,-8.265,-3.921
0.00,1745,1.092,2.162,5.736
0.00,1746,2.788,8.018,6.121
0.00,1747,-3.089,1.673,-7.856
0.00,1748,-7.295,-3.072,-7.595
0.00,1749,-0.324,4.774,5.783
0.00,1750,3.523,7.662,-7.602
0.00,1751,-5.679,5.759,-1.077
0.00,1752,-7.764,-1.204,-7.701
0.00,1753,-0.272,8.406,-0.206
0.00,1754,0.980,2.308,0.433
0.00,1755,2.930,-0.700,-0.454
0.00,1756,-7.467,-5.835,-1.623
0.00,1757,-6.410,3.718,4.506
0.00,1758,7.969,1.874,-5.095
0.00,1759,-0.740,-8.247,-6.127
0.00,1760,-1.831,7.797,2.342
0.00,1761,8.734,-8.376,-1.400
0.00,1762,-9.725,-6.547,-0.135
0.00,1763,-2.082,1.871,8.903
0.00,1764,3.838,6.816,7.791
0.00,1765,-0.777,7.921,2.044
0.00,1766,-5.533,-4.109,-2.136
0.00,1767,-6.423,-4.112,0.990
0.00,1768,7.776,-0.468,6.727
0.00,1769,5.910,-9.572,4.587
0.00,1770,4.415,1.821,6.039
0.00,1771,-0.834,1.708,0.071
0.00,1772,-7.076,0.130,-5.611
0.00,1773,-7.714,8.107,-0.830
0.00,1774,-2.979,-9.184,7.945
0.00,1775,3.582,9.256,-6.020
0.00,1776,9.459,-6.399,-5.462
0.00,1777,8.841,2.562,-5.674
0.00,1778,-3.728,0.218,-6.211
0.00,1779,-6.305,-5.369,8.025
0.00,1780,-7.955,-1.338,0.989
0.00,1781,3.086,5.857,1.393
0.00,1782,-6.820,5.067,-6.397
0.00,1783,-6.040,7.205,-0.092
0.00,1784,-2.104,-6.819,9.612
0.00,1785,-3.164,4.615,-0.375
0.00,1786,-4.047,9.677,4.371
0.00,1787,7.445,-9.182,4.204
0.00,1788,-5.829,9.004,8.688
0.00,1789,-1.177,-6.669,4.355
0.00,1790,4.882,-9.206,6.452
0.00,1791,-4.247,2.457,-8.399
0.00,1792,-2.205,-8.323,-8.424
0.00,1793,3.065,2.111,8.019
0.00,1794,-2.078,-8.040,2.772
0.00,1795,2.573,3.726,-0.189
0.00,1796,4.346,7.159,-9.593
0.00,1797,-2.335,-2.241,3.415
0.00,1798,8.393,9.740,-8.862
0.00,1799,-6.638,9.601,0.692
0.00,1800,-4.268,-8.139,2.952
0.00,1801,8.237,5.092,-2.866
0.00,1802,6.954,5.652,-5.796
0.00,1803,-6.086,-7.924,9.075
0.00,1804,-4.097,-5.977,3.594
0.00,1805,-0.468,9.016,-5.972
0.00,1806,-3.793,-0.011,8.655
0.00,1807,5.885,-2.132,-4.170
0.00,1808,2.169,-2.435,8.378
0.00,1809,4.568,-0.665,-0.170
0.00,1810,-1.011,-6.133,-1.838
0.00,1811,4.292,-9.828,-4.664
0.00,1812,5.822,2.763,-0.285
0.00,1813,0.237,-5.605,8.183
0.00,1814,7.567,3.551,-5.106
0.00,1815,-1.202,-1.641,-0.916
0.00,1816,-0.785,5.867,-5.530
0.00,1817,5.194,6.664,-4.431
0.00,1818,9.208,5.403,8.851
0.00,1819,-7.090,2.426,-3.290
0.00,1820,-5.067,9.660,-4.529
0.00,1821,-7.190,-0.966,-6.724
0.00,1822,3.933,-6.457,2.438
0.00,1823,9.268,3.115,-6.049
0.00,1824,9.747,-5.535,-6.553
0.00,1825,-4.803,8.211,-6.196
0.00,1826,-6.948,-6.302,8.383
0.00,1827,0.076,4.461,2.236
0.00,1828,-8.303,-1.987,-3.900
0.00,1829,0.294,1.663,5.669
0.00,1830,4.037,-3.239,-0.994
0.00,1831,2.067,-7.052,9.031
0.00,1832,4.453,-4.114,2.501
0.00,1833,0.346,1.184,7.177
0.00,1834,5.449,0.220,-4.543
0.00,1835,-1.283,-2.816,8.553
0.00,1836,-1.751,2.072,-3.468
0.00,1837,4.663,-0.114,-8.368
0.00,1838,2.935,-5.483,-9.430
0.00,1839,-2.108,-0.988,-2.470
0.00,1840,-5.737,-8.153,0.392
0.00,1841,3.111,9.832,-8.899
0.00,1842,-1.779,5.442,-7.912
0.00,1843,-4.032,3.749,1.774
0.00,1844,1.427,1.027,-9.085
0.00,1845,-1.434,-6.822,-5.009
0.00,1846,1.309,-9.834,5.498
0.00,1847,8.803,-1.202,7.606
0.00,1848,-1.297,-1.118,3.884
0.00,1849,6.471,-6.658,-9.692
0.00,1850,9.186,6.337,-2.612
0.00,1851,-7.397,2.025,-4.167
0.00,1852,-2.301,-4.027,-1.779
0.00,1853,-4.015,4.875,-3.313
0.00,1854,6.770,3.181,-0.535
0.00,1855,1.491,3.208,-6.085
0.00,1856,-1.170,3.401,1.291
0.00,1857,8.706,-5.463,7.627
0.00,1858,-7.950,2.714,-5.380
0.00,1859,-8.443,3.282,6.618
0.00,1860,-8.834,-0.074,-2.490
0.00,1861,5.837,-6.142,2.120
0.00,1862,3.734,-3.770,1.721
0.00,1863,4.771,3.703,-1.340
0.00,1864,-1.138,-1.048,8.120
0.00,1865,-1.392,8.239,8.061
0.00,1866,1.044,4.992,-8.442
0.00,1867,-7.963,7.100,-4.412
0.00,1868,-2.474,8.522,-9.414
0.00,1869,-2.343,9.097,6.388
0.00,1870,-3.429,9.360,5.522
0.00,1871,-1.429,-2.052,3.051
0.00,1872,1.904,6.036,-2.293
0.00,1873,-4.872,7.101,3.830
0.00,1874,-6.011,-4.870,-5.388
0.00,1875,4.523,-1.020,6.072
0.00,1876,8.569,2.818,0.620
0.00,1877,3.820,0.887,6.887
0.00,1878,8.247,3.594,-0.034
0.00,1879,6.252,-9.099,2.299
0.00,1880,9.818,-1.021,3.444
0.00,1881,3.436,-3.205,4.466
0.00,1882,-3.491,-0.470,0.103
0.00,1883,-9.238,-0.266,0.137
0.00,1884,-3.951,3.027,-1.459
0.00,1885,-7.641,-3.317,8.479
0.00,1886,-1.654,7.216,0.485
0.00,1887,-3.915,2.173,-4.825
0.00,1888,-1.903,0.586,-4.726
0.00,1889,7.614,3.059,4.024
0.00,1890,5.067,-4.321,1.671
0.00,1891,0.620,-8.787,-2.434
0.00,1892,-8.362,7.932,9.482
0.00,1893,-5.776,7.685,3.814
0.00,1894,-7.314,0.637,-8.782
0.00,1895,5.778,-7.658,8.276
0.00,1896,0.065,2.637,6.394
0.00,1897,5.847,6.338,3.017
0.00,1898,-0.983,2.171,1.654
0.00,1899,-9.106,-6.351,5.890
0.00,1900,4.179,-8.532,6.780
0.00,1901,-1.740,-5.094,9.618
0.00,1902,7.875,6.106,-7.610
0.00,1903,7.199,-6.330,-3.152
0.00,1904,8.715,-9.201,-2.916
0.00,1905,-5.818,-7.867,2.281
0.00,1906,0.486,4.465,7.057
0.00,1907,-0.162,-1.946,9.251
0.00,1908,-3.798,-3.394,-0.442
0.00,1909,9.182,3.389,-7.963
0.00,1910,-6.652,8.971,7.027
0.00,1911,9.601,8.728,3.929
0.00,1912,0.307,4.114,-4.369
0.00,1913,8.577,2.629,6.018
0.00,1914,6.831,9.731,9.260
0.00,1915,0.004,6.953,5.382
0.00,1916,-6.117,-2.528,3.711
0.00,1917,-4.656,1.692,-5.072
0.00,1918,-3.697,6.253,7.917
0.00,1919,-9.648,5.205,-4.010
0.00,1920,9.733,-4.930,8.925
0.00,1921,-0.602,-2.038,7.843
0.00,1922,-1.671,-9.672,-9.436
0.00,1923,-4.616,-8.152,8.270
0.00,1924,5.291,1.230,9.088
0.00,1925,3.196,9.278,5.772
0.00,1926,-0.029,8.408,-1.414
0.00,1927,0.613,-5.887,7.406
0.00,1928,0.145,-8.740,0.223
0.00,1929,-0.839,7.945,-9.564
0.00,1930,4.282,-3.503,-3.355
0.00,1931,-9.732,-7.355,-0.511
0.00,1932,-5.163,-3.563,-2.418
0.00,1933,-1.140,6.722,-7.199
0.00,1934,7.453,9.711,3.214
0.00,1935,-9.050,4.057,-1.210
0.00,1936,3.999,7.774,-0.613
0.00,1937,-3.979,3.674,9.267
0.00,1938,-9.394,-2.792,-7.037
0.00,1939,-9.383,2.783,1.980
0.00,1940,6.305,1.530,8.143
0.00,1941,-4.208,0.808,6.578
0.00,1942,7.268,-8.178,4.458
0.00,1943,-1.872,-8.798,9.541
0.00,1944,5.900,-6.433,7.603
0.00,1945,8.153,-8.785,-2.214
0.00,1946,-5.524,4.677,-6.865
0.00,1947,2.326,2.455,6.137
0.00,1948,-3.296,4.859,6.548
0.00,1949,-2.609,-1.576,4.728
0.00,1950,1.115,-8.439,-4.335
0.00,1951,-9.829,-5.130,2.357
0.00,1952,7.997,9.619,8.378
0.00,1953,6.102,-9.123,7.445
0.00,1954,7.413,-2.283,-2.221
0.00,1955,6.776,9.742,-3.650
0.00,1956,-0.454,-2.016,-9.400
0.00,1957,-4.908,8.296,4.565
0.00,1958,-7.308,-4.069,5.283
0.00,1959,-7.676,6.057,-0.419
0.00,1960,-6.862,-4.292,6.053
0.00,1961,5.820,-1.492,1.218
0.00,1962,6.353,2.778,1.731
0.00,1963,-7.366,-5.837,-2.421
0.00,1964,3.461,-0.901,-4.184
0.00,1965,-1.278,-7.776,0.863
0.00,1966,-4.616,-7.104,8.308
0.00,1967,5.961,-9.200,8.525
0.00,1968,5.947,8.515,4.649
0.00,1969,-9.192,-3.115,4.349
0.00,1970,-3.597,0.064,-4.644
0.00,1971,7.570,9.532,5.914
0.00,1972,-1.926,-6.853,5.500
0.00,1973,-4.350,-2.702,3.060
0.00,1974,1.606,-4.194,-5.752
0.00,1975,-5.608,-7.211,-6.674
0.00,1976,-1.348,8.565,8.807
0.00,1977,1.899,-9.807,7.227
0.00,1978,-8.550,-1.781,4.884
0.00,1979,-9.123,-5.121,3.609
0.00,1980,-5.121,-5.638,-5.334
0.00,1981,0.075,-1.043,5.231
0.00,1982,4.815,-1.887,-7.218
0.00,1983,-3.506,4.120,8.102
0.00,1984,1.409,3.869,1.468
0.00,1985,1.852,-0.557,3.000
0.00,1986,-8.670,-4.083,6.098
0.00,1987,9.027,-7.885,5.543
0.00,1988,5.629,6.034,5.658
0.00,1989,-0.679,-7.115,0.412
0.00,1990,-3.234,3.523,-7.589
0.00,1991,-3.684,-3.437,1.744
0.00,1992,2.936,-2.061,0.756
0.00,1993,3.834,7.489,5.503
0.00,1994,6.064,-7.291,1.686
0.00,1995,2.054,1.649,0.624
0.00,1996,-9.694,2.806,-1.235
0.00,1997,-4.657,6.994,2.743
0.00,1998,-7.100,4.550,8.568
0.00,1999,8.100,-0.657,-8.682
0.00,2000,-3.773,6.285,6.796
0.00,2001,-4.703,-3.167,2.679
0.00,2002,2.122,-9.234,-6.921
0.00,2003,-4.095,-8.073,3.519
0.00,2004,5.079,3.999,1.967
0.00,2005,-2.987,-4.368,4.153
0.00,2006,5.133,2.240,-4.635
0.00,2007,0.625,-0.614,8.692
0.00,2008,6.465,-7.241,9.666
0.00,2009,1.550,-7.715,3.289
0.00,2010,3.008,0.423,0.140
0.00,2011,-5.865,7.357,2.397
0.00,2012,6.645,5.590,-7.295
0.00,2013,2.047,-5.169,5.659
0.00,2014,-0.218,-9.555,2.068
0.00,2015,-9.041,-4.082,1.344
0.00,2016,7.764,2.444,-5.561
0.00,2017,5.803,-8.870,-9.290
0.00,2018,0.033,6.304,4.709
0.00,2019,-5.089,4.974,-5.383
0.00,2020,-4.881,-6.208,-6.349
0.00,2021,9.466,3.972,7.980
0.00,2022,-2.047,2.955,-0.508
0.00,2023,5.051,-9.042,-7.526
0.00,2024,-6.829,2.978,2.389
0.00,2025,-8.821,1.300,-7.495
0.00,2026,0.915,-8.514,3.868
0.00,2027,6.957,-8.661,-1.221
0.00,2028,5.552,-1.046,-2.473
0.00,2029,3.482,0.214,1.841
0.00,2030,6.791,6.471,-4.812
0.00,2031,-1.708,0.285,-0.313
0.00,2032,-6.381,0.701,4.008
0.00,2033,-7.616,-7.156,-1.772
0.00,2034,1.216,3.592,-7.533
0.00,2035,-6.602,3.534,0.157
0.00,2036,5.100,-0.117,8.023
0.00,2037,-4.102,-3.740,-0.481
0.00,2038,-3.041,-0.192,9.219
0.00,2039,4.449,5.918,-8.321
0.00,2040,-3.734,-6.827,-7.991
0.00,2041,8.142,-8.897,-1.293
0.00,2042,5.012,8.037,4.215
0.00,2043,-3.382,-4.950,8.458
0.00,2044,3.878,-7.785,6.305
0.00,2045,3.363,-2.263,4.988
0.00,2046,3.265,2.385,6.689
0.00,2047,-4.169,-5.636,2.973
0.00,2048,-2.792,6.322,8.658
0.00,2049,4.007,-6.067,4.404
0.00,2050,-0.550,-1.635,-4.911
0.00,2051,-4.690,9.637,-9.200
0.00,2052,7.816,9.219,9.293
0.00,2053,3.942,5.638,-4.424
0.00,2054,7.442,7.318,-2.760
0.00,2055,8.961,6.032,4.809
0.00,2056,4.756,9.156,-3.783
0.00,2057,5.448,9.211,-4.654
0.00,2058,5.241,-3.157,-7.431
0.00,2059,8.837,-0.859,9.763
0.00,2060,7.654,0.510,1.480
0.00,2061,-6.371,1.229,2.801
0.00,2062,-3.864,2.767,5.676
0.00,2063,-3.141,0.262,4.241
0.00,2064,6.753,-8.934,9.597
0.00,2065,1.189,2.606,6.124
0.00,2066,-6.489,2.742,-3.546
0.00,2067,-1.435,-4.163,4.067
0.00,2068,5.920,-6.825,-7.482
0.00,2069,7.257,4.153,-3.382
0.00,2070,-5.445,3.052,-6.603
0.00,2071,3.287,-1.347,1.565
0.00,2072,6.956,-5.062,-5.508
0.00,2073,-7.434,-8.222,-0.443
0.00,2074,-3.027,4.088,-5.396
0.00,2075,-9.645,-5.154,8.970
0.00,2076,8.331,2.529,-3.566
0.00,2077,-1.085,-2.808,3.600
0.00,2078,-0.110,3.585,7.755
0.00,2079,9.336,7.456,-1.935
0.00,2080,-9.808,3.482,9.745
0.00,2081,-1.832,7.917,3.878
0.00,2082,-7.394,-7.125,4.933
0.00,2083,-2.387,7.684,8.663
0.00,2084,-9.288,-1.594,-6.279
0.00,2085,5.007,-2.894,5.041
0.00,2086,-3.181,-3.655,-1.952
0.00,2087,1.493,5.346,9.573
0.00,2088,3.634,1.035,-4.188
0.00,2089,9.126,1.493,6.878
0.00,2090,-7.108,-3.935,5.641
0.00,2091,-7.384,4.321,1.473
0.00,2092,0.539,-1.194,-2.380
0.00,2093,-3.400,-9.553,0.031
0.00,2094,2.387,8.941,3.530
0.00,2095,6.887,3.882,-6.288
0.00,2096,-7.036,5.480,5.577
0.00,2097,3.799,-1.242,9.297
0.00,2098,-0.463,-2.522,0.518
0.00,2099,-2.502,-5.152,7.372
0.00,2100,7.727,-4.795,-5.885
0.00,2101,-7.079,-3.617,-8.598
0.00,2102,-8.203,-3.414,-0.228
0.00,2103,-9.302,-1.223,0.727
0.00,2104,-3.536,-8.109,-3.595
0.00,2105,-3.147,0.301,-4.188
0.00,2106,-3.488,4.852,-6.269
0.00,2107,2.350,1.980,-4.058
0.00,2108,5.403,-0.265,1.785
0.00,2109,-5.676,2.040,-5.932
0.00,2110,4.528,-9.605,9.181
0.00,2111,3.501,0.829,-3.917
0.00,2112,1.837,5.382,8.651
0.00,2113,-6.262,6.935,1.626
0.00,2114,-9.334,7.444,2.330
0.00,2115,-3.769,-7.423,-3.855
0.00,2116,-8.516,-2.059,-1.023
0.00,2117,-0.473,-2.992,5.717
0.00,2118,-2.639,-5.815,-9.154
0.00,2119,-3.196,-3.946,7.282
0.00,2120,7.697,-0.113,8.466
0.00,2121,-7.718,-8.453,9.557
0.00,2122,-2.376,-4.516,0.848
0.00,2123,9.434,0.824,9.233
0.00,2124,-7.218,-1.253,9.220
0.00,2125,-3.255,-5.888,-7.528
0.00,2126,7.017,-7.119,1.775
0.00,2127,-2.737,6.389,3.212
0.00,2128,-0.668,1.568,8.762
0.00,2129,-2.797,-1.375,-6.006
0.00,2130,-8.699,7.371,-2.627
0.00,2131,6.379,-7.711,-3.379
0.00,2132,7.576,8.008,-7.435
0.00,2133,4.929,-7.436,8.239
0.00,2134,8.588,2.010,4.430
0.00,2135,0.906,1.563,1.548
0.00,2136,-1.597,-2.353,-9.037
0.00,2137,8.840,-3.678,0.267
0.00,2138,-9.192,-1.532,-5.537
0.00,2139,-2.068,6.402,4.060
0.00,2140,0.995,-7.930,8.762
0.00,2141,-0.078,0.287,-4.375
0.00,2142,-2.800,9.308,-4.230
0.00,2143,-8.801,-4.160,2.619
0.00,2144,7.731,-4.431,1.294
0.00,2145,2.375,-1.166,-8.639
0.00,2146,2.829,-1.526,-4.714
0.00,2147,8.977,-5.869,3.089
0.00,2148,2.286,4.334,0.823
0.00,2149,1.112,5.380,-6.491
0.00,2150,-2.453,-6.055,3.974
0.00,2151,-1.515,8.811,-3.388
0.00,2152,9.022,2.411,2.488
0.00,2153,-8.290,0.488,6.817
0.00,2154,-1.830,-6.582,4.298
0.00,2155,7.999,-7.788,9.286
0.00,2156,3.831,4.501,8.813
0.00,2157,-1.848,7.654,7.557
0.00,2158,-2.919,4.543,1.876
0.00,2159,2.089,4.156,6.883
0.00,2160,-3.747,6.824,2.960
0.00,2161,-5.532,7.586,6.900
0.00,2162,4.806,-7.697,-4.307
0.00,2163,-1.624,-6.729,5.016
0.00,2164,-1.392,-1.904,7.621
0.00,2165,6.403,8.170,-8.178
0.00,2166,8.653,-7.254,-9.386
0.00,2167,1.524,0.970,-5.274
0.00,2168,-5.910,2.372,0.978
0.00,2169,-9.513,1.188,8.562
0.00,2170,-0.823,8.266,7.878
0.00,2171,-8.657,-2.463,-6.754
0.00,2172,-6.103,8.851,5.653
0.00,2173,1.834,-3.143,6.368
0.00,2174,0.814,-4.423,5.843
0.00,2175,-5.195,-8.021,-6.371
0.00,2176,1.983,-3.882,3.776
0.00,2177,-6.608,3.138,7.291
0.00,2178,6.936,-3.248,9.058
0.00,2179,1.276,2.044,-2.594
0.00,2180,5.462,2.302,-7.394
0.00,2181,-4.398,-0.879,-6.705
0.00,2182,-4.417,-7.099,2.530
0.00,2183,8.839,1.735,-1.473
0.00,2184,6.248,9.052,-5.635
0.00,2185,9.339,4.385,-5.486
0.00,2186,0.277,9.496,-3.956
0.00,2187,-5.204,-2.831,4.954
0.00,2188,8.367,8.008,5.785
0.00,2189,-8.655,9.760,-8.516
0.00,2190,8.107,-3.329,1.194
0.00,2191,-8.950,-4.628,-0.470
0.00,2192,9.096,-8.347,-5.905
0.00,2193,3.096,-4.059,-5.618
0.00,2194,-0.609,-2.257,9.836
0.00,2195,1.809,-1.841,-2.517
0.00,2196,1.279,-1.491,-4.275
0.00,2197,8.813,5.114,-4.569
0.00,2198,-1.934,-4.062,0.635
0.00,2199,7.992,-8.621,-3.746
0.00,2200,-3.950,6.407,0.504
0.00,2201,-2.074,7.707,1.783
0.00,2202,1.562,9.339,-8.019
0.00,2203,-1.584,-0.640,1.555
0.00,2204,3.652,0.835,-4.947
0.00,2205,3.117,4.004,9.024
0.00,2206,-1.792,-2.473,3.519
0.00,2207,3.021,-5.254,-5.293
0.00,2208,3.586,2.392,-2.799
0.00,2209,8.253,1.192,-3.320
0.00,2210,1.431,-7.028,7.398
0.00,2211,-5.362,-2.251,1.405
0.00,2212,-9.430,6.660,0.181
0.00,2213,-5.553,5.906,-3.501
0.00,2214,1.470,-7.453,-7.125
0.00,2215,-8.849,-1.869,4.273
0.00,2216,-1.202,-8.624,2.668
0.00,2217,-8.492,1.311,-7.084
0.00,2218,9.421,5.791,3.201
0.00,2219,0.232,-4.131,1.131
0.00,2220,6.675,6.190,-6.265
0.00,2221,-2.553,1.513,3.271
0.00,2222,-8.451,3.910,-4.966
0.00,2223,6.395,-1.210,4.161
0.00,2224,-0.521,2.471,0.632
0.00,2225,4.217,1.864,-9.075
0.00,2226,3.583,-5.924,-7.582
0.00,2227,-1.559,-8.258,9.652
0.00,2228,-6.101,-2.536,0.784
0.00,2229,-7.588,-0.558,-0.010
0.00,2230,-1.731,0.399,-6.403
0.00,2231,-2.897,0.308,-8.577
0.00,2232,-6.942,-9.288,-6.185
0.00,2233,-8.383,-2.486,-5.239
0.00,2234,-7.405,7.287,5.492
0.00,2235,1.040,-5.826,0.789
0.00,2236,0.915,-3.234,-0.873
0.00,2237,-3.374,-7.958,0.972
0.00,2238,7.458,2.999,-0.268
0.00,2239,6.526,6.618,-9.474
0.00,2240,2.807,-5.126,-6.642
0.00,2241,-1.705,7.891,4.291
0.00,2242,-8.539,2.700,3.082
0.00,2243,-9.617,1.584,6.041
0.00,2244,9.570,-0.662,2.965
0.00,2245,5.742,0.523,6.606
0.00,2246,4.413,3.369,-2.806
0.00,2247,8.022,-4.916,5.356
0.00,2248,-5.534,0.625,7.970
0.00,2249,7.919,2.078,-0.041
0.00,2250,0.159,-7.907,-1.680
0.00,2251,-0.100,-9.509,4.382
0.00,2252,-5.479,7.727,-4.714
0.00,2253,-0.377,-2.109,-3.196
0.00,2254,-6.870,0.911,1.526
0.00,2255,3.722,-5.164,0.837
0.00,2256,-4.149,-2.241,-3.143
0.00,2257,2.926,-9.501,0.455
0.00,2258,-3.309,-6.617,-2.565
0.00,2259,-4.411,-9.217,5.158
0.00,2260,0.155,-7.279,-2.493
0.00,2261,-0.361,1.868,5.139
0.00,2262,7.075,6.037,-0.889
0.00,2263,-3.200,8.702,-6.930
0.00,2264,7.278,4.182,3.051
0.00,2265,-1.389,-3.133,7.619
0.00,2266,0.171,8.891,9.612
0.00,2267,5.784,-0.328,-9.278
0.00,2268,1.465,4.580,7.104
0.00,2269,6.190,9.426,6.432
0.00,2270,5.327,1.048,6.043
0.00,2271,9.661,-8.961,-9.428
0.00,2272,4.001,8.517,4.224
0.00,2273,6.632,-5.335,0.353
0.00,2274,5.817,6.077,-2.837
0.00,2275,3.311,-1.816,-4.821
0.00,2276,-4.637,-5.226,-7.059
0.00,2277,9.209,5.296,-2.435
0.00,2278,-5.073,-1.916,6.330
0.00,2279,7.375,-2.548,-4.635
0.00,2280,9.410,-3.003,6.217
0.00,2281,9.180,5.859,-7.642
0.00,2282,0.630,4.218,8.714
0.00,2283,3.750,3.621,2.027
0.00,2284,4.366,-4.585,-0.098
0.00,2285,3.512,-6.405,-4.131
0.00,2286,-1.111,-3.794,2.210
0.00,2287,9.093,-2.914,0.787
0.00,2288,-6.581,3.881,3.947
0.00,2289,9.699,6.112,-0.521
0.00,2290,0.536,5.528,-4.210
0.00,2291,-1.247,-1.429,-6.244
0.00,2292,4.985,-4.067,-5.223
0.00,2293,9.232,8.510,-0.429
0.00,2294,1.740,-5.575,-6.861
0.00,2295,0.586,-8.006,-6.570
0.00,2296,-2.002,-3.548,6.482
0.00,2297,-0.207,-7.549,-9.347
0.00,2298,-3.534,0.506,-5.121
0.00,2299,-9.286,2.635,-3.756
0.00,2300,3.822,-0.307,5.720
0.00,2301,0.040,-5.965,-5.034
0.00,2302,-0.953,3.712,-6.365
0.00,2303,8.984,2.470,-8.418
0.00,2304,5.256,4.014,5.436
0.00,2305,3.103,-6.500,-5.877
0.00,2306,1.241,0.222,-2.292
0.00,2307,5.641,-6.672,-8.887
0.00,2308,-7.590,-9.395,-9.447
0.00,2309,-6.223,3.372,5.775
0.00,2310,-9.272,-4.663,5.123
0.00,2311,-1.844,-3.228,9.393
0.00,2312,-3.408,-8.753,-7.068
0.00,2313,-0.074,-2.431,3.633
0.00,2314,2.362,2.082,5.130
0.00,2315,9.005,-0.843,-0.627
0.00,2316,-6.516,5.150,-4.435
0.00,2317,-8.505,9.291,-2.728
0.00,2318,7.458,-3.332,-5.774
0.00,2319,2.993,-2.153,-8.982
0.00,2320,-7.054,-7.562,-5.039
0.00,2321,6.606,-6.525,4.606
0.00,2322,1.072,0.690,-8.503
0.00,2323,-7.708,-7.767,5.378
0.00,2324,7.822,-4.984,-8.259
0.00,2325,1.381,5.848,-4.856
0.00,2326,2.810,8.229,5.360
0.00,2327,-2.903,-2.545,3.863
0.00,2328,0.897,4.355,-1.408
0.00,2329,-6.090,5.123,6.907
0.00,2330,-9.582,-6.753,-6.359
0.00,2331,-4.676,-2.083,5.509
0.00,2332,-3.509,-6.735,9.533
0.00,2333,-3.569,2.596,-5.926
0.00,2334,-9.502,9.802,8.377
0.00,2335,-5.694,-2.696,-0.463
0.00,2336,8.490,5.603,0.976
0.00,2337,-5.632,-7.506,-7.099
0.00,2338,5.413,7.432,-8.024
0.00,2339,0.340,-9.156,-6.976
0.00,2340,4.826,5.244,-4.713
0.00,2341,-1.388,-4.966,6.378
0.00,2342,1.839,-8.316,-5.813
0.00,2343,-4.453,-7.730,-1.634
0.00,2344,-8.588,6.225,4.908
0.00,2345,-1.133,2.877,-4.046
0.00,2346,-0.949,1.988,-1.871
0.00,2347,-9.654,2.138,1.037
0.00,2348,-6.696,-6.754,-0.422
0.00,2349,-1.563,0.741,-0.474
0.00,2350,4.385,1.432,9.462
0.00,2351,-2.717,-0.688,9.036
0.00,2352,1.148,9.450,-2.482
0.00,2353,-7.425,-7.701,-6.460
0.00,2354,-8.174,-0.440,-8.222
0.00,2355,-8.795,-7.664,0.895
0.00,2356,0.390,1.348,-3.041
0.00,2357,3.011,9.705,4.088
0.00,2358,-1.246,1.824,4.999
0.00,2359,3.544,-3.998,-0.267
0.00,2360,-0.968,-1.190,-4.405
0.00,2361,-3.114,-5.980,6.296
0.00,2362,-9.323,-3.756,-0.771
0.00,2363,0.328,3.148,6.222
0.00,2364,-1.295,6.914,-3.057
0.00,2365,6.060,5.571,0.026
0.00,2366,6.831,-3.104,-0.852
0.00,2367,0.067,1.807,5.070
0.00,2368,8.087,-6.443,8.790
0.00,2369,4.358,-2.126,4.177
0.00,2370,3.594,5.579,-8.533
0.00,2371,-1.153,-6.768,5.398
0.00,2372,-3.577,-2.490,1.162
0.00,2373,-8.246,3.224,-8.581
0.00,2374,7.686,-4.045,6.676
0.00,2375,-5.882,-2.874,8.802
0.00,2376,9.796,-1.347,3.602
0.00,2377,-0.218,-4.093,-5.898
0.00,2378,-9.715,1.446,8.078
0.00,2379,3.213,1.622,-1.131
0.00,2380,-7.970,-4.797,-0.361
0.00,2381,-4.420,-3.154,8.934
0.00,2382,1.558,3.667,0.619
0.00,2383,-9.196,2.831,8.599
0.00,2384,9.346,4.440,-1.946
0.00,2385,-8.462,-4.240,6.256
0.00,2386,-2.110,-8.603,7.427
0.00,2387,4.989,8.414,5.514
0.00,2388,-8.785,-7.733,-3.874
0.00,2389,-1.833,5.408,3.001
0.00,2390,-4.870,9.441,9.263
0.00,2391,-7.479,5.242,1.778
0.00,2392,-2.752,5.699,7.244
0.00,2393,7.430,4.388,-0.586
0.00,2394,0.572,2.780,7.643
0.00,2395,9.448,-8.762,-0.554
0.00,2396,5.616,-8.087,2.455
0.00,2397,0.628,-0.979,-1.373
0.00,2398,5.825,8.614,0.803
0.00,2399,-0.863,-1.532,-2.740
0.00,2400,-7.997,8.416,-4.618
0.00,2401,9.653,-4.006,-6.910
0.00,2402,0.109,-5.534,-5.420
0.00,2403,-5.927,6.539,-1.016
0.00,2404,-4.784,-8.129,-5.506
0.00,2405,3.726,8.710,0.049
0.00,2406,8.484,9.734,7.332
0.00,2407,3.043,7.686,-9.216
0.00,2408,2.070,-2.750,2.824
0.00,2409,-1.263,-0.892,-3.422
0.00,2410,5.769,6.977,0.926
0.00,2411,4.932,5.742,1.149
0.00,2412,-6.087,4.834,8.873
0.00,2413,6.948,-0.887,-9.806
0.00,2414,-8.155,-6.947,3.395
0.00,2415,-6.995,-0.808,8.417
0.00,2416,-7.794,-6.815,-4.168
0.00,2417,3.723,-8.971,-2.963
0.00,2418,-1.599,-4.650,0.580
0.00,2419,-1.896,2.115,1.001
0.00,2420,-5.084,5.110,9.478
0.00,2421,6.557,5.248,-8.302
0.00,2422,2.321,-6.048,2.668
0.00,2423,-1.287,4.943,9.594
0.00,2424,-5.281,0.375,-8.980
0.00,2425,7.460,7.230,-4.639
0.00,2426,-6.680,-6.100,-4.121
0.00,2427,5.551,9.229,-1.940
0.00,2428,-0.094,-9.619,-1.153
0.00,2429,7.813,2.096,0.420
0.00,2430,-4.697,-8.677,6.816
0.00,2431,5.122,-3.168,-3.256
0.00,2432,-5.164,5.417,-0.515
0.00,2433,8.924,2.724,3.051
0.00,2434,6.624,5.291,1.505
0.00,2435,-0.205,0.048,4.321
0.00,2436,2.138,-3.360,-5.171
0.00,2437,8.591,-2.678,2.295
0.00,2438,-5.234,-1.766,6.116
0.00,2439,7.607,6.415,6.989
0.00,2440,5.875,6.802,7.608
0.00,2441,8.266,-7.893,9.210
0.00,2442,-3.673,8.848,-3.840
0.00,2443,-3.258,0.883,-6.726
0.00,2444,-8.738,-4.167,-7.984
0.00,2445,3.059,0.983,-9.583
0.00,2446,-0.360,3.992,-5.842
0.00,2447,3.314,6.012,-3.721
0.00,2448,-6.773,4.296,-9.522
0.00,2449,-3.924,3.732,-6.899
0.00,2450,6.301,9.288,3.688
0.00,2451,-9.224,1.523,0.626
0.00,2452,-0.891,-5.245,-3.144
0.00,2453,5.823,6.508,2.791
0.00,2454,1.755,1.017,-7.019
0.00,2455,3.155,-8.448,3.017
0.00,2456,-0.770,7.393,9.523
0.00,2457,-3.116,0.689,-9.672
0.00,2458,-7.484,7.426,-6.484
0.00,2459,-8.437,0.446,-1.668
0.00,2460,6.630,7.310,-6.715
0.00,2461,7.467,-3.395,-7.854
0.00,2462,4.627,-2.111,3.296
0.00,2463,0.711,-7.748,1.825
0.00,2464,1.909,8.171,4.315
0.00,2465,-9.354,1.077,6.744
0.00,2466,-2.091,-1.859,-5.797
0.00,2467,7.699,5.068,-5.433
0.00,2468,5.114,-8.732,-5.706
0.00,2469,0.395,0.913,6.186
0.00,2470,8.814,4.626,-1.415
0.00,2471,-8.807,-4.137,6.750
0.00,2472,-6.678,-4.310,5.072
0.00,2473,5.037,3.990,-7.896
0.00,2474,-1.738,3.949,1.605
0.00,2475,9.416,-5.553,-1.988
0.00,2476,6.141,-0.736,5.474
0.00,2477,5.599,-8.787,0.432
0.00,2478,-3.723,-9.737,-8.150
0.00,2479,8.288,-2.154,0.074
0.00,2480,-4.913,-2.900,2.584
0.00,2481,-0.013,8.958,9.291
0.00,2482,0.067,7.067,-9.590
0.00,2483,3.663,7.702,3.790
0.00,2484,-9.443,0.624,8.724
0.00,2485,4.580,-9.393,7.881
0.00,2486,1.743,2.259,-2.433
0.00,2487,-4.547,7.810,-5.156
0.00,2488,1.762,-4.416,5.748
0.00,2489,-6.446,1.631,1.448
0.00,2490,6.520,-5.818,7.747
0.00,2491,0.464,-6.620,5.031
0.00,2492,-3.801,5.030,-7.745
0.00,2493,-4.417,5.139,-3.489
0.00,2494,-5.350,-7.217,9.071
0.00,2495,-3.958,5.059,-0.286
0.00,2496,3.606,-7.480,-2.374
0.00,2497,-4.080,4.841,6.981
0.00,2498,-8.618,-6.635,5.464
0.00,2499,-8.202,-3.743,1.673
0.00,2500,-8.867,6.315,4.318
0.00,2501,-0.980,-1.433,-6.097
0.00,2502,5.753,6.566,-0.906
0.00,2503,2.490,-1.073,6.138
0.00,2504,-9.328,3.756,7.459
0.00,2505,3.733,1.326,-4.868
0.00,2506,2.129,-6.513,9.681
0.00,2507,-7.123,-0.956,8.918
0.00,2508,-4.629,4.673,4.271
0.00,2509,7.933,-2.371,2.649
0.00,2510,3.933,8.186,7.255
0.00,2511,0.665,-8.308,-6.190
0.00,2512,4.364,-3.561,6.133
0.00,2513,-2.632,0.692,-2.802
0.00,2514,-9.335,7.787,-1.675
0.00,2515,8.665,-0.106,0.443
0.00,2516,2.213,5.104,9.370
0.00,2517,9.386,9.231,6.285
0.00,2518,-7.665,3.283,-2.460
0.00,2519,-1.027,8.805,0.502
0.00,2520,-4.729,3.027,9.387
0.00,2521,0.210,-4.372,5.547
0.00,2522,1.606,1.587,-1.085
0.00,2523,-4.530,3.459,2.434
0.00,2524,-8.846,8.454,-1.180
0.00,2525,1.872,-5.803,5.656
0.00,2526,-3.061,-8.714,-5.471
0.00,2527,2.576,8.860,-8.027
0.00,2528,3.605,6.782,-6.146
0.00,2529,-8.566,-4.030,-4.701
0.00,2530,-5.116,5.991,0.815
0.00,2531,-8.866,9.238,3.316
0.00,2532,1.659,-9.160,7.637
0.00,2533,9.412,5.428,-1.227
0.00,2534,-3.147,2.874,-7.459
0.00,2535,2.559,-4.440,-2.723
0.00,2536,4.314,6.385,0.754
0.00,2537,-6.054,9.832,-6.149
0.00,2538,-2.999,4.407,7.361
0.00,2539,8.638,-1.965,9.063
0.00,2540,2.831,8.812,-6.867
0.00,2541,-9.439,-0.292,9.653
0.00,2542,0.614,3.660,-1.267
0.00,2543,9.441,4.352,-1.828
0.00,2544,-6.106,7.231,-4.961
0.00,2545,-6.171,3.844,4.393
0.00,2546,1.657,-1.127,-3.574
0.00,2547,-6.128,9.752,-6.742
0.00,2548,-2.071,-1.141,9.494
0.00,2549,-7.699,4.209,1.015
0.00,2550,-6.072,3.856,5.863
0.00,2551,-6.700,-0.869,0.037
0.00,2552,5.413,1.530,-3.464
0.00,2553,1.277,3.502,-0.585
0.00,2554,8.008,2.652,-0.733
0.00,2555,-5.745,-5.692,-0.784
0.00,2556,-9.709,-7.595,-8.748
0.00,2557,-3.211,7.169,3.329
0.00,2558,8.005,-0.654,8.191
0.00,2559,0.486,-5.040,5.864
0.00,2560,3.624,3.843,4.018
0.00,2561,-1.501,-8.335,-3.294
0.00,2562,-6.264,8.556,8.222
0.00,2563,3.625,-2.879,8.071
0.00,2564,-2.125,-9.573,8.346
0.00,2565,4.552,-6.746,1.451
0.00,2566,-3.818,-2.358,1.278
0.00,2567,-0.284,6.105,5.133
0.00,2568,6.167,-7.786,6.159
0.00,2569,6.774,-0.109,3.649
0.00,2570,-8.358,2.379,-8.347
0.00,2571,-1.635,4.259,-9.763
0.00,2572,2.226,5.841,5.506
0.00,2573,0.911,9.316,-4.703
0.00,2574,-4.299,8.040,9.095
0.00,2575,5.608,3.881,1.103
0.00,2576,1.645,2.828,-0.524
0.00,2577,-5.041,1.310,3.063
0.00,2578,4.098,8.423,-9.141
0.00,2579,-7.482,0.978,-8.834
0.00,2580,-6.354,4.592,8.043
0.00,2581,-8.548,-5.381,-9.032
0.00,2582,-6.895,3.087,-4.028
0.00,2583,-4.072,-7.937,-4.901
0.00,2584,-1.125,-9.077,-5.874
0.00,2585,-5.484,-6.887,-8.790
0.00,2586,3.973,-8.483,8.375
0.00,2587,-5.325,9.788,-3.681
0.00,2588,-4.079,2.247,0.720
0.00,2589,3.385,-1.463,5.323
0.00,2590,-3.356,-3.834,-5.110
0.00,2591,2.785,-7.796,4.497
0.00,2592,1.390,-7.315,-0.368
0.00,2593,7.077,-3.946,3.167
0.00,2594,-6.682,0.698,0.055
0.00,2595,-7.896,-3.804,-9.627
0.00,2596,7.218,0.264,1.076
0.00,2597,-3.207,2.534,-0.240
0.00,2598,-6.234,-1.989,-2.980
0.00,2599,3.553,7.879,0.182
0.00,2600,1.900,-2.955,-0.559
0.00,2601,0.163,-1.789,3.095
0.00,2602,0.076,-1.575,-1.475
0.00,2603,8.394,-3.566,-7.806
0.00,2604,-9.808,7.208,-0.630
0.00,2605,5.593,-8.684,5.584
0.00,2606,-2.182,-7.905,-6.880
0.00,2607,9.815,-6.570,2.840
0.00,2608,0.081,-3.700,7.500
0.00,2609,0.373,-8.305,2.351
0.00,2610,-8.199,-7.264,5.395
0.00,2611,-8.796,-1.253,-4.852
0.00,2612,1.405,-3.279,-2.674
0.00,2613,-4.002,-2.907,0.599
0.00,2614,0.975,8.914,-9.173
0.00,2615,-6.056,-4.729,-2.769
0.00,2616,4.714,-7.049,-1.640
0.00,2617,4.152,6.606,-1.343
0.00,2618,-5.441,-4.734,6.923
0.00,2619,-2.869,-8.700,7.453
0.00,2620,-4.989,1.903,1.196
0.00,2621,-9.007,-1.500,0.916
0.00,2622,1.460,-3.524,9.668
0.00,2623,-7.375,0.199,1.921
0.00,2624,9.172,8.534,1.495
0.00,2625,2.680,-5.351,9.324
0.00,2626,-5.697,-2.884,4.338
0.00,2627,9.688,0.297,9.269
0.00,2628,7.515,-1.452,-5.646
0.00,2629,-3.043,-8.073,-0.647
0.00,2630,5.612,-2.667,9.182
0.00,2631,6.642,2.585,8.040
0.00,2632,2.620,0.539,-0.135
0.00,2633,8.890,0.442,-9.786
0.00,2634,6.714,-3.018,9.160
0.00,2635,4.599,-8.242,-8.588
0.00,2636,-3.255,-9.186,-4.568
0.00,2637,-8.499,-8.622,-7.360
0.00,2638,6.426,-7.789,-4.858
0.00,2639,2.747,1.372,8.243
0.00,2640,-3.761,-0.841,-2.118
0.00,2641,3.350,1.433,-5.199
0.00,2642,5.654,8.694,-7.200
0.00,2643,-4.413,5.720,-9.669
0.00,2644,0.182,1.383,-4.565
0.00,2645,5.623,0.628,3.859
0.00,2646,2.070,-2.012,5.792
0.00,2647,0.541,3.567,5.389
0.00,2648,-6.054,-0.195,-5.038
0.00,2649,-7.868,-3.060,1.500
0.00,2650,-4.098,6.305,-7.218
0.00,2651,3.573,3.786,4.839
0.00,2652,1.522,6.685,-4.663
0.00,2653,2.137,4.057,-5.513
0.00,2654,-9.339,2.844,1.826
0.00,2655,-3.885,-3.799,4.514
0.00,2656,9.746,5.806,6.875
0.00,2657,1.129,0.906,0.801
0.00,2658,-8.883,-8.763,-3.516
0.00,2659,-2.671,7.520,5.427
0.00,2660,2.669,2.118,8.537
0.00,2661,-6.507,-1.784,-1.429
0.00,2662,1.330,-6.598,-7.025
0.00,2663,5.881,6.325,-7.718
0.00,2664,0.452,-5.436,-7.962
0.00,2665,-0.725,9.674,1.866
0.00,2666,-5.250,3.960,-5.636
0.00,2667,0.058,5.764,-8.521
0.00,2668,7.022,-0.299,2.271
0.00,2669,-3.411,-3.326,7.471
0.00,2670,-2.618,-7.573,-0.279
0.00,2671,6.226,-8.566,-2.465
0.00,2672,-7.109,6.131,1.542
0.00,2673,-7.517,8.016,4.520
0.00,2674,-6.829,-9.632,6.506
0.00,2675,-4.686,1.277,-4.210
0.00,2676,9.369,-0.368,-5.553
0.00,2677,-1.823,5.085,-4.830
0.00,2678,-9.747,-5.276,-4.618
0.00,2679,-1.609,-5.583,-2.942
0.00,2680,1.845,-9.569,-5.531
0.00,2681,8.491,9.738,-6.027
0.00,2682,1.054,-3.219,4.211
0.00,2683,-6.810,-0.950,-2.209
0.00,2684,-0.220,2.204,-3.639
0.00,2685,0.626,7.126,4.956
0.00,2686,9.773,1.134,-0.941
0.00,2687,-3.240,-6.575,4.061
0.00,2688,-6.028,4.088,6.434
0.00,2689,-8.059,2.204,-8.260
0.00,2690,-7.796,0.934,-2.852
0.00,2691,-0.654,-1.238,-9.629
0.00,2692,-1.435,-1.984,-2.060
0.00,2693,-5.272,4.181,-6.374
0.00,2694,9.756,4.804,-6.019
0.00,2695,-5.153,-1.787,-1.749
0.00,2696,-7.412,8.724,-4.582
0.00,2697,2.636,-2.631,-4.139
0.00,2698,-1.337,-4.643,-9.043
0.00,2699,-1.645,3.014,-4.389
0.00,2700,-2.178,-9.537,-0.594
0.00,2701,8.534,-8.663,-2.826
0.00,2702,2.954,1.888,0.984
0.00,2703,-1.112,5.203,-1.424
0.00,2704,0.905,4.973,8.701
0.00,2705,0.698,9.218,4.804
0.00,2706,1.987,-0.753,0.646
0.00,2707,-9.246,-8.106,-5.982
0.00,2708,-2.629,-0.364,8.226
0.00,2709,-7.638,8.590,9.177
0.00,2710,-0.289,-6.716,4.078
0.00,2711,2.389,-6.753,-0.655
0.00,2712,-8.439,8.377,-1.456
0.00,2713,8.011,-5.706,9.245
0.00,2714,-4.006,9.261,-2.169
0.00,2715,4.037,2.321,7.699
0.00,2716,-0.590,7.375,-7.024
0.00,2717,-2.039,-8.875,5.452
0.00,2718,-4.330,-0.053,6.922
0.00,2719,-5.798,4.138,-3.561
0.00,2720,5.339,5.412,1.243
0.00,2721,8.795,7.934,8.927
0.00,2722,-8.810,2.245,-1.080
0.00,2723,-9.478,-8.034,7.598
0.00,2724,7.454,0.766,-3.496
0.00,2725,8.224,-5.823,-8.350
0.00,2726,-8.540,-8.914,8.883
0.00,2727,8.196,-0.310,-5.745
0.00,2728,2.436,1.313,-6.831
0.00,2729,5.860,6.050,-7.561
0.00,2730,5.688,-4.986,-0.536
0.00,2731,-0.603,8.419,3.463
0.00,2732,-4.851,7.675,-5.976
0.00,2733,-2.314,9.828,1.944
0.00,2734,-9.799,-5.373,7.364
0.00,2735,-0.535,8.209,1.122
0.00,2736,-9.788,7.300,5.951
0.00,2737,-2.765,1.802,-3.937
0.00,2738,5.572,9.265,0.082
0.00,2739,6.716,-5.719,-7.257
0.00,2740,-7.505,3.378,9.670
0.00,2741,-9.634,1.564,1.517
0.00,2742,0.161,-8.078,7.948
0.00,2743,-5.299,-9.805,-9.745
0.00,2744,5.463,-1.730,9.582
0.00,2745,-1.256,-8.302,-8.896
0.00,2746,-9.342,7.435,3.115
0.00,2747,3.467,4.373,6.908
0.00,2748,7.558,-8.589,6.910
0.00,2749,-6.978,-5.586,4.253
0.00,2750,0.819,-7.896,-2.584
0.00,2751,-0.581,3.950,6.379
0.00,2752,-2.126,3.982,1.424
0.00,2753,-2.277,-6.539,2.874
0.00,2754,9.651,-3.548,-9.387
0.00,2755,1.726,4.412,-2.079
0.00,2756,-8.700,5.166,9.789
0.00,2757,-7.474,-4.551,-1.191
0.00,2758,4.589,-8.291,-8.682
0.00,2759,-3.035,4.070,2.790
0.00,2760,-8.436,-5.784,-3.756
0.00,2761,-2.157,-1.737,-3.074
0.00,2762,7.673,4.178,-1.798
0.00,2763,-4.200,2.079,8.840
0.00,2764,5.198,9.039,6.704
0.00,2765,8.184,8.202,9.180
0.00,2766,-4.191,-8.252,7.569
0.00,2767,-1.823,-4.573,6.128
0.00,2768,8.581,-0.457,3.154
0.00,2769,-8.597,7.835,7.819
0.00,2770,-8.111,-5.020,1.243
0.00,2771,0.026,7.177,-2.714
0.00,2772,0.164,4.372,8.267
0.00,2773,-7.011,8.470,-4.050
0.00,2774,-5.045,-3.158,2.527
0.00,2775,-1.662,1.033,6.682
0.00,2776,-7.598,1.374,-3.580
0.00,2777,5.434,1.464,-8.375
0.00,2778,9.497,-0.530,-1.757
0.00,2779,6.413,8.393,6.416
0.00,2780,-3.954,6.849,-2.642
0.00,2781,0.358,6.511,4.971
0.00,2782,-7.923,-9.821,1.712
0.00,2783,-1.944,3.918,4.576
0.00,2784,3.427,-1.590,-8.194
0.00,2785,1.610,-1.741,-3.218
0.00,2786,3.567,-6.202,-2.543
0.00,2787,-6.399,9.417,-3.537
0.00,2788,-1.979,8.275,6.454
0.00,2789,3.629,-0.289,-7.700
0.00,2790,2.665,4.645,3.865
0.00,2791,5.769,3.016,2.827
0.00,2792,1.435,8.895,8.967
0.00,2793,4.208,-1.589,-4.822
0.00,2794,-0.522,-0.879,-4.839
0.00,2795,-9.493,8.055,-1.963
0.00,2796,-4.026,-0.911,8.767
0.00,2797,5.798,6.491,-0.925
0.00,2798,-3.015,-8.931,-6.082
0.00,2799,-9.368,8.764,-5.987
0.00,2800,3.514,1.178,5.492
0.00,2801,-7.283,-8.401,-2.267
0.00,2802,4.735,3.052,-3.276
0.00,2803,-5.215,-3.390,-1.252
0.00,2804,-8.028,1.557,-4.115
0.00,2805,9.103,-7.819,1.664
0.00,2806,-5.477,-8.198,9.655
0.00,2807,-2.565,-3.039,2.890
0.00,2808,7.516,-7.316,-8.201
0.00,2809,1.786,-8.958,-2.090
0.00,2810,-7.319,-2.769,8.574
0.00,2811,6.688,-8.221,-6.921
0.00,2812,-8.121,-5.667,4.257
0.00,2813,-1.313,9.577,0.361
0.00,2814,-3.537,8.028,-3.486
0.00,2815,-6.802,2.610,-8.599
0.00,2816,8.727,-0.199,6.342
0.00,2817,-7.209,2.475,-9.518
0.00,2818,-7.821,-4.225,2.000
0.00,2819,-7.695,1.731,-1.882
0.00,2820,-7.623,-2.325,3.666
0.00,2821,-2.292,6.982,-6.140
0.00,2822,4.179,-4.733,0.224
0.00,2823,2.794,5.847,-0.377
0.00,2824,-3.261,-2.330,-2.409
0.00,2825,6.155,8.337,8.295
0.00,2826,9.283,-8.009,-3.041
0.00,2827,1.172,-4.657,-0.262
0.00,2828,6.785,-6.261,3.850
0.00,2829,2.004,-0.360,6.237
0.00,2830,-6.462,-9.077,3.528
0.00,2831,2.251,-3.386,-0.090
0.00,2832,-6.893,-1.674,-7.199
0.00,2833,9.757,-7.580,8.332
0.00,2834,1.412,-4.088,-5.049
0.00,2835,-5.308,-6.325,2.632
0.00,2836,7.001,-6.358,-5.684
0.00,2837,4.461,7.269,-8.354
0.00,2838,-8.385,3.791,-1.558
0.00,2839,-8.523,-4.456,0.407
0.00,2840,0.644,9.397,-5.937
0.00,2841,-8.787,-6.563,-2.659
0.00,2842,-3.384,6.695,5.941
0.00,2843,2.105,4.437,2.692
0.00,2844,-1.699,2.199,1.187
0.00,2845,-5.700,8.923,-6.514
0.00,2846,-7.966,8.976,-3.148
0.00,2847,9.734,7.579,-0.273
0.00,2848,-5.567,-0.546,5.401
0.00,2849,2.272,3.003,-6.906
0.00,2850,-8.651,-6.065,-8.607
0.00,2851,-1.070,-8.020,7.021
0.00,2852,4.124,2.400,9.589
0.00,2853,-8.342,7.111,-2.280
0.00,2854,0.714,9.034,3.510
0.00,2855,-1.191,8.193,-3.339
0.00,2856,-5.154,-6.391,-2.219
0.00,2857,5.166,-4.299,0.395
0.00,2858,3.171,7.131,7.602
0.00,2859,-6.680,-7.458,0.751
0.00,2860,-7.224,9.129,-1.389
0.00,2861,0.062,-9.064,4.394
0.00,2862,-1.217,3.794,7.289
0.00,2863,8.003,7.694,7.932
0.00,2864,-4.084,5.250,8.374
0.00,2865,0.803,5.255,-5.253
0.00,2866,0.652,-4.544,-3.275
0.00,2867,1.224,6.461,-3.581
0.00,2868,9.496,3.791,6.643
0.00,2869,-2.731,-8.414,4.556
0.00,2870,1.956,-4.525,-3.556
0.00,2871,-8.998,-9.185,4.923
0.00,2872,5.981,-0.352,8.967
0.00,2873,3.291,-3.918,4.859
0.00,2874,-8.643,5.676,5.137
0.00,2875,6.976,-3.661,6.834
0.00,2876,4.702,-7.613,3.929
0.00,2877,-7.739,4.255,3.019
0.00,2878,0.731,-7.003,-9.122
0.00,2879,-8.485,-2.380,6.023
0.00,2880,-1.283,2.444,5.498
0.00,2881,6.012,-4.508,-3.180
0.00,2882,-3.521,-5.959,-2.420
0.00,2883,-0.714,8.656,9.395
0.00,2884,4.387,-8.247,-8.170
0.00,2885,3.601,-1.159,8.569
0.00,2886,-7.488,-7.845,-3.637
0.00,2887,7.604,4.980,-0.650
0.00,2888,0.686,6.552,7.818
0.00,2889,4.540,-7.073,6.330
0.00,2890,-3.323,-3.703,1.070
0.00,2891,2.765,3.420,4.451
0.00,2892,-8.087,4.631,9.503
0.00,2893,-0.519,6.628,2.248
0.00,2894,1.232,8.589,9.050
0.00,2895,-7.921,9.736,1.609
0.00,2896,8.753,4.264,7.643
0.00,2897,-9.312,4.628,-6.334
0.00,2898,8.460,1.213,8.305
0.00,2899,-9.488,-4.759,7.860
0.00,2900,2.324,0.992,-8.271
0.00,2901,-3.065,7.700,5.294
0.00,2902,6.925,5.115,-6.540
0.00,2903,5.780,-4.810,-0.920
0.00,2904,1.792,-0.873,9.133
0.00,2905,1.993,2.796,9.561
0.00,2906,2.716,-9.444,4.192
0.00,2907,-4.419,-8.431,-1.653
0.00,2908,-0.606,-6.779,-1.026
0.00,2909,-3.853,-6.487,1.765
0.00,2910,2.481,6.290,-7.040
0.00,2911,-2.168,-4.292,-5.673
0.00,2912,0.177,4.628,-9.428
0.00,2913,-1.399,4.147,3.045
0.00,2914,-9.774,-4.499,8.093
0.00,2915,-7.020,8.142,7.587
0.00,2916,5.973,-7.511,1.834
0.00,2917,9.277,0.534,-9.136
0.00,2918,-7.474,2.798,-1.161
0.00,2919,-9.410,2.984,-5.760
0.00,2920,6.661,-4.509,-7.000
0.00,2921,8.122,-9.740,4.156
0.00,2922,0.857,5.618,2.164
0.00,2923,1.288,2.559,5.052
0.00,2924,1.566,-7.580,-4.626
0.00,2925,-8.165,0.832,9.326
0.00,2926,3.622,-4.795,-5.189
0.00,2927,-6.418,3.313,8.847
0.00,2928,4.244,-5.228,-7.434
0.00,2929,5.606,7.585,-4.791
0.00,2930,2.432,3.466,-7.189
0.00,2931,-9.311,0.919,-2.926
0.00,2932,3.615,5.532,-6.926
0.00,2933,-3.987,-1.168,9.266
0.00,2934,-7.214,1.770,-1.409
0.00,2935,7.031,1.316,3.570
0.00,2936,-0.383,3.057,-3.480
0.00,2937,-6.983,-7.277,-6.357
0.00,2938,0.393,-3.002,3.614
0.00,2939,6.609,-8.527,8.754
0.00,2940,-5.564,8.426,0.871
0.00,2941,-5.318,2.976,-6.875
0.00,2942,8.201,-9.398,4.948
0.00,2943,-8.506,-8.867,-5.618
0.00,2944,-1.309,6.317,5.672
0.00,2945,-3.962,-5.869,5.864
0.00,2946,-7.549,8.528,1.788
0.00,2947,-5.676,-7.666,-7.699
0.00,2948,-4.745,-8.054,-0.911
0.00,2949,0.779,0.499,3.469
0.00,2950,-4.288,-0.019,-4.627
0.00,2951,-4.665,2.429,5.352
0.00,2952,-0.809,4.649,-3.445
0.00,2953,4.400,0.896,-1.014
0.00,2954,-0.979,8.743,-7.823
0.00,2955,-9.357,-6.992,-6.060
0.00,2956,-9.264,-8.872,0.125
0.00,2957,-8.231,-3.157,-2.026
0.00,2958,-6.346,5.374,7.841
0.00,2959,-9.044,-3.991,-5.277
0.00,2960,-2.002,0.829,-3.785
0.00,2961,-3.676,-5.416,7.601
0.00,2962,4.895,-5.412,8.660
0.00,2963,1.956,9.411,-6.869
0.00,2964,-3.083,-5.181,-6.261
0.00,2965,9.161,9.239,-4.387
0.00,2966,-6.157,-0.494,-0.318
0.00,2967,5.816,7.671,9.686
0.00,2968,8.862,9.053,5.665
0.00,2969,1.845,5.292,9.689
0.00,2970,1.983,4.550,-2.077
0.00,2971,-5.680,-7.535,0.535
0.00,2972,-6.388,-6.228,5.610
0.00,2973,6.470,-3.625,7.119
0.00,2974,-2.309,5.984,6.448
0.00,2975,2.237,-2.325,-1.512
0.00,2976,7.306,-1.409,-5.008
0.00,2977,-6.799,7.121,3.628
0.00,2978,-4.419,-0.757,6.805
0.00,2979,-0.299,-6.555,9.087
0.00,2980,-7.642,-8.730,3.037
0.00,2981,-8.357,2.882,1.294
0.00,2982,0.980,8.000,-2.577
0.00,2983,1.202,-1.673,-8.046
0.00,2984,0.850,9.514,1.160
0.00,2985,4.993,5.273,-7.483
0.00,2986,0.195,3.796,1.757
0.00,2987,2.043,-0.146,-8.127
0.00,2988,-2.461,0.184,7.135
0.00,2989,2.562,1.285,-8.411
0.00,2990,-1.852,-3.320,-7.559
0.00,2991,6.176,5.954,-1.947
0.00,2992,-7.101,-3.575,1.612
0.00,2993,3.976,7.926,-1.988
0.00,2994,-7.671,0.315,-6.404
0.00,2995,-6.167,-7.726,-8.295
0.00,2996,-0.292,-8.542,-1.226
0.00,2997,-9.226,1.697,-2.385
0.00,2998,7.159,-1.911,-0.323
0.00,2999,8.301,5.996,-1.561
0.05,0,9.008,1.277,-11.106
0.05,1,6.911,4.353,-0.177
0.05,2,6.731,-5.354,-0.212
0.05,3,-3.915,1.696,4.261
0.05,4,6.698,5.085,-0.191
0.05,5,8.443,0.335,-0.205
0.05,6,-6.835,-6.892,9.741
0.05,7,3.180,-8.180,-0.208
0.05,8,1.972,7.569,-7.317
0.05,9,-5.872,-6.096,4.809
0.05,10,1.982,3.341,-6.272
0.05,11,-8.989,-0.479,-6.028
0.05,12,-8.756,1.682,-6.267
0.05,13,0.182,-3.648,9.363
0.05,14,2.436,-3.627,4.472
0.05,15,-6.700,-5.497,-5.992
0.05,16,-6.041,-3.280,-6.666
0.05,17,7.030,-6.013,-6.254
0.05,18,4.250,2.968,4.517
0.05,19,-6.858,0.942,-0.165
0.05,20,-9.683,-1.022,5.014
0.05,21,-8.721,-8.266,3.763
0.05,22,-1.386,-3.578,-10.454
0.05,23,8.035,-7.166,-6.591
0.05,24,3.779,1.516,-4.927
0.05,25,6.043,1.653,-0.253
0.05,26,-3.926,0.692,-5.542
0.05,27,-0.282,-4.027,4.512
0.05,28,-1.518,5.061,-5.031
0.05,29,-6.570,4.982,-4.959
0.05,30,5.770,-0.837,-5.466
0.05,31,-4.172,0.149,4.575
0.05,32,7.726,4.825,4.552
0.05,33,-4.495,-7.131,4.656
0.05,34,-1.844,-4.702,4.392
0.05,35,6.778,-4.323,-0.214
0.05,36,-4.753,-6.150,4.662
0.05,37,3.706,-6.491,-0.203
0.05,38,-5.196,-6.827,9.474
0.05,39,0.915,-8.977,4.694
0.05,40,-8.122,3.613,4.571
0.05,41,-5.916,2.595,-0.248
0.05,42,4.101,2.659,-5.318
0.05,43,9.075,7.190,3.478
0.05,44,-8.659,-8.402,3.699
0.05,45,-4.361,-8.483,-5.380
0.05,46,-5.509,5.705,-4.959
0.05,47,-3.181,-9.723,4.611
0.05,51,4.666,-6.883,-5.817
0.05,53,-3.870,1.906,-5.108
0.05,54,2.622,9.771,-6.210
0.05,55,-8.627,2.987,4.558
0.05,56,2.882,1.969,9.250
0.05,58,5.474,7.324,-6.260
0.05,59,6.469,-0.537,4.739
0.05,60,-3.276,1.255,9.024
0.05,62,-8.816,1.155,5.402
0.05,63,-5.828,4.764,-0.187
0.05,64,-4.857,5.510,4.431
0.05,65,-4.352,-7.271,-10.424
0.05,66,-0.343,8.442,-0.211
0.05,67,-0.894,-4.383,-5.043
0.05,68,2.418,8.247,-0.198
0.05,69,-2.671,-2.440,-0.346
0.05,70,8.904,3.553,-5.226
0.05,71,-2.262,5.191,4.347
0.05,72,-6.735,-3.352,-0.225
0.05,73,-4.251,-6.585,-0.177
0.05,74,-2.120,-10.252,-11.156
0.05,75,-8.688,-7.896,3.926
0.05,76,-1.854,4.975,4.190
0.05,77,-6.995,-2.975,-7.960
0.05,78,-0.899,4.216,-10.341
0.05,80,-9.059,-0.689,-11.091
0.05,81,3.829,3.578,-0.334
0.05,82,-2.308,-8.377,4.596
0.05,83,-8.096,2.729,4.557
0.05,84,-2.816,-6.571,-4.954
0.05,85,-4.130,1.080,4.460
0.05,86,5.498,0.087,4.560
0.05,87,3.890,-8.042,-5.920
0.05,88,-4.177,-0.863,-6.035
0.05,89,2.099,5.696,-0.250
0.05,90,6.250,-0.843,-5.456
0.05,91,-3.957,0.938,-5.458
0.05,92,-3.341,1.008,9.266
0.05,93,6.714,-6.797,4.893
0.05,94,-5.602,6.779,-5.180
0.05,95,2.176,-8.892,-5.436
0.05,96,3.098,1.537,9.235
0.05,97,-9.180,-1.188,-5.964
0.05,98,-9.533,-8.126,-5.230
0.05,99,-7.433,-3.414,-0.216
0.05,100,0.994,-3.646,-5.377
0.05,101,9.015,1.265,-11.064
0.05,102,1.333,-3.768,-5.381
0.05,103,5.827,1.041,4.463
0.05,104,-6.728,1.439,4.483
0.05,105,-4.303,-5.418,-5.134
0.05,106,-4.309,8.156,9.822
0.05,107,-6.475,5.495,4.466
0.05,108,6.769,-5.802,-0.214
0.05,109,2.924,1.912,9.283
0.05,110,-3.975,9.190,4.462
0.05,112,2.606,-3.273,-5.201
0.05,114,-5.260,-6.008,-0.188
0.05,115,3.626,1.752,-0.393
0.05,116,8.722,-9.166,-5.604
0.05,117,-1.967,-2.376,9.479
0.05,118,-2.307,-3.114,4.173
0.05,119,-6.425,-8.694,-0.226
0.05,121,2.473,-7.775,-5.575
0.05,122,-8.762,0.911,5.117
0.05,123,-3.569,5.980,-0.183
0.05,124,7.879,-0.104,4.677
0.05,125,9.013,7.861,6.619
0.05,126,-2.819,3.654,4.248
0.05,127,1.980,1.612,-0.709
0.05,128,10.407,-10.782,-0.210
0.05,129,-4.325,-0.943,4.556
0.05,130,3.115,1.242,9.202
0.05,131,-3.717,0.627,-10.705
0.05,132,-5.732,5.743,4.470
0.05,133,-8.787,2.101,-5.726
0.05,134,9.102,7.414,4.720
0.05,135,-1.910,-7.433,-0.199
0.05,136,3.091,3.753,-5.590
0.05,137,-6.143,-6.457,-5.566
0.05,138,3.604,-6.843,-0.198
0.05,139,3.459,-8.721,-5.597
0.05,140,1.379,5.545,4.917
0.05,141,3.126,1.360,9.209
0.05,142,-2.836,-3.674,4.237
0.05,143,-7.504,2.471,-0.194
0.05,144,1.489,-3.548,-10.919
0.05,145,-2.948,-1.418,-10.571
0.05,146,3.323,-7.567,-5.856
0.05,147,-7.144,-1.821,5.350
0.05,148,-8.585,-8.336,3.758
0.05,149,-2.550,4.535,-4.940
0.05,150,3.121,-3.930,4.533
0.05,151,7.477,4.518,4.579
0.05,152,7.146,-0.870,4.775
0.05,153,-3.319,-3.614,-5.157
0.05,154,-8.616,0.209,-0.191
0.05,155,-0.177,4.619,4.141
0.05,157,6.158,3.896,4.636
0.05,158,-8.398,-5.767,4.918
0.05,159,0.252,-3.993,-5.249
0.05,160,5.566,-6.242,-0.227
0.05,161,3.121,5.484,-5.776
0.05,162,-8.609,3.595,4.540
0.05,164,-6.865,-5.027,-0.214
0.05,165,1.090,7.179,5.496
0.05,166,-4.024,0.455,-5.608
0.05,167,2.649,4.421,-5.519
0.05,168,-2.748,-6.660,-4.955
0.05,169,-2.591,-9.965,-10.780
0.05,170,7.367,-1.327,-5.486
0.05,171,3.909,-7.076,-5.897
0.05,172,-8.623,1.238,6.708
0.05,173,0.877,2.228,-0.687
0.05,174,6.960,-0.793,-5.418
0.05,175,7.390,-8.224,-0.514
0.05,176,8.385,0.452,9.388
0.05,177,2.413,-1.872,9.227
0.05,178,1.706,-4.163,4.936
0.05,179,1.564,8.541,-0.226
0.05,180,-5.120,-7.257,-10.988
0.05,181,8.219,6.256,4.327
0.05,182,-4.408,0.616,4.561
0.05,183,0.552,-9.254,-0.244
0.05,184,-7.401,-3.340,-0.216
0.05,185,4.581,-5.294,-0.238
0.05,187,-7.985,-3.383,-0.226
0.05,188,4.979,-5.681,-5.923
0.05,189,9.350,1.597,-5.477
0.05,190,-5.893,7.672,4.593
0.05,191,2.417,-3.271,4.427
0.05,193,-5.783,7.845,-5.263
0.05,194,1.203,-4.552,4.433
0.05,195,-5.003,7.566,-10.740
0.05,196,-8.437,1.813,4.722
0.05,197,-3.401,5.184,4.427
0.05,198,6.649,-7.475,4.829
0.05,199,-6.973,-5.239,-0.224
0.05,200,6.564,-4.973,-6.439
0.05,201,2.670,-8.770,-11.110
0.05,202,0.548,9.451,-6.303
0.05,203,-3.533,-0.479,-10.840
0.05,204,-2.289,-3.787,-4.933
0.05,205,-7.399,6.120,-0.237
0.05,206,3.172,3.634,4.629
0.05,207,-8.577,-8.315,3.767
0.05,208,-7.758,5.318,4.457
0.05,209,5.480,6.435,5.158
0.05,210,-6.359,0.457,8.974
0.05,211,-4.561,2.228,-11.104
0.05,212,6.898,6.417,4.762
0.05,213,-2.818,2.963,-4.968
0.05,214,8.331,-8.731,4.054
0.05,215,2.566,-9.154,4.602
0.05,216,-1.880,7.391,4.779
0.05,217,-4.567,-6.742,4.650
0.05,218,-7.690,-3.927,-0.224
0.05,219,2.944,4.154,-5.551
0.05,220,-3.295,-7.930,-5.262
0.05,221,4.981,-6.921,-5.812
0.05,222,-10.007,-2.652,5.121
0.05,223,-9.193,-0.820,-5.950
0.05,224,-5.309,-6.679,4.734
0.05,225,-5.512,-7.036,-5.476
0.05,226,5.139,6.818,-11.090
0.05,227,-4.084,-4.855,-5.137
0.05,228,-3.328,-2.977,-4.955
0.05,229,-8.845,0.375,5.172
0.05,230,-4.611,7.925,-0.221
0.05,232,8.520,6.454,4.198
0.05,234,7.150,7.744,-6.165
0.05,235,5.127,7.185,-6.358
0.05,236,-4.556,6.050,-0.184
0.05,237,3.323,1.356,-10.640
0.05,238,4.486,-7.706,5.048
0.05,239,-6.141,4.788,-0.182
0.05,240,2.693,-3.375,4.394
0.05,241,7.859,-0.772,-0.195
0.05,242,9.085,-0.010,4.582
0.05,243,8.654,-2.553,-0.236
0.05,244,2.243,-8.318,-0.200
0.05,245,-6.672,-0.154,-0.167
0.05,246,-7.846,-2.925,-0.222
0.05,247,7.822,-9.592,4.057
0.05,248,-3.942,8.360,9.849
0.05,249,5.184,7.483,-6.454
0.05,250,-2.362,-7.233,-4.990
0.05,252,-4.752,5.505,-4.928
0.05,253,-4.345,-7.595,9.466
0.05,254,-10.421,2.379,-9.860
0.05,255,1.012,4.638,4.651
0.05,256,-4.314,0.224,-5.581
0.05,258,5.265,7.539,-6.511
0.05,259,-4.688,-8.570,-0.232
0.05,260,-1.709,-7.305,4.474
0.05,261,0.341,-3.805,-10.481
0.05,262,6.530,-1.345,-0.291
0.05,263,-4.074,0.521,-5.576
0.05,264,7.959,3.029,4.639
0.05,265,8.839,-1.348,-0.207
0.05,267,-8.337,-0.613,-10.496
0.05,268,-8.427,2.257,4.624
0.05,269,0.890,8.352,5.621
0.05,270,1.127,-8.386,-0.205
0.05,271,-3.713,-8.657,-5.388
0.05,272,2.453,-3.714,4.474
0.05,273,-3.305,-7.973,-0.203
0.05,274,7.993,1.141,-5.353
0.05,275,1.531,-7.648,-5.477
0.05,276,-0.939,-3.237,9.258
0.05,277,6.935,-2.824,5.014
0.05,278,3.984,-7.307,-5.908
0.05,279,-9.034,-1.335,-11.130
0.05,280,-3.403,-3.099,-5.297
0.05,281,-0.730,-3.532,9.367
0.05,282,-3.365,-1.922,3.914
0.05,283,-6.683,5.369,4.466
0.05,284,3.064,7.971,-0.188
0.05,286,-3.621,2.270,4.180
0.05,287,2.916,1.823,9.180
0.05,288,3.040,1.867,-10.490
0.05,289,1.630,0.862,-0.909
0.05,290,-7.100,7.628,4.519
0.05,291,-4.767,5.537,4.429
0.05,292,4.096,-8.097,5.099
0.05,293,7.134,-5.246,-0.214
0.05,294,-7.147,-8.002,-0.250
0.05,295,-8.110,7.817,8.390
0.05,296,-3.610,3.614,4.207
0.05,297,2.793,7.414,-0.214
0.05,298,8.286,-9.527,-5.677
0.05,299,-1.314,3.531,-10.519
0.05,300,8.898,-8.376,-6.936
0.05,301,3.038,-1.338,3.056
0.05,302,9.101,7.842,-6.492
0.05,303,1.551,1.679,-0.481
0.05,304,-4.280,7.790,-5.088
0.05,305,-6.223,7.661,-5.282
0.05,306,7.612,-1.736,4.789
0.05,307,-3.513,7.404,-0.182
0.05,308,-4.113,0.480,-5.575
0.05,309,-8.622,0.140,-10.616
0.05,310,3.599,2.268,-5.121
0.05,311,4.869,-5.088,-0.246
0.05,312,-3.787,-6.758,9.211
0.05,314,1.734,1.270,-0.802
0.05,315,7.297,1.509,-0.203
0.05,316,3.775,-6.204,-0.208
0.05,317,-2.285,-3.214,4.195
0.05,318,3.186,-8.466,4.801
0.05,319,-4.208,0.668,-5.500
0.05,320,8.750,-8.167,-6.724
0.05,321,3.396,3.197,4.530
0.05,322,-5.891,-6.333,4.802
0.05,323,-7.546,-1.771,-6.518
0.05,324,6.042,0.649,-0.260
0.05,325,-8.390,-7.213,4.286
0.05,326,10.985,-2.835,-4.929
0.05,327,-7.703,-3.528,-7.330
0.05,328,-5.338,7.361,-10.611
0.05,329,7.338,1.383,-0.205
0.05,330,7.860,-2.564,9.565
0.05,331,-4.807,-5.820,-5.275
0.05,332,3.895,-7.945,-5.927
0.05,333,-2.800,4.298,-4.913
0.05,334,-8.781,-0.788,-10.746
0.05,335,8.618,0.108,4.606
0.05,336,5.314,-5.664,-0.234
0.05,337,-2.933,-4.319,-0.272
0.05,338,-8.806,0.365,-6.139
0.05,339,-7.234,11.175,5.539
0.05,340,-9.094,-7.982,3.949
0.05,341,0.452,9.462,-6.266
0.05,343,6.558,-5.998,5.674
0.05,344,7.332,3.875,-0.172
0.05,345,-5.052,-6.842,-0.189
0.05,346,-4.756,1.104,-5.326
0.05,347,-7.946,8.490,4.331
0.05,349,-4.889,7.429,-10.729
0.05,350,0.394,-4.204,-10.576
0.05,351,8.017,2.293,-0.190
0.05,352,1.843,-4.500,-5.416
0.05,353,7.549,-1.563,-0.212
0.05,354,-8.788,1.553,-6.101
0.05,355,5.808,2.853,-0.243
0.05,356,-8.678,-0.118,-10.656
0.05,357,-0.825,4.729,-5.014
0.05,358,6.810,6.641,8.926
0.05,359,11.079,-9.796,-9.555
0.05,360,-4.589,7.830,-0.218
0.05,361,6.094,0.214,-0.277
0.05,362,0.326,-1.790,-0.433
0.05,363,9.724,8.573,-9.079
0.05,364,-5.893,4.557,-0.189
0.05,365,8.898,-8.602,3.388
0.05,366,3.594,-1.696,4.082
0.05,367,-8.909,-8.071,-5.013
0.05,368,-5.679,-6.651,4.764
0.05,369,-7.906,3.387,8.904
0.05,370,-8.574,-1.045,9.556
0.05,371,8.682,7.640,7.208
0.05,372,-8.305,4.288,-5.201
0.05,373,-6.668,-0.181,8.888
0.05,374,-3.847,-7.088,9.319
0.05,375,-7.400,-2.683,-0.227
0.05,376,8.955,2.631,4.655
0.05,377,-2.657,-4.600,-4.960
0.05,378,9.802,8.665,-9.644
0.05,379,7.266,-0.285,4.724
0.05,380,-2.832,-4.609,-9.924
0.05,381,-3.217,7.577,4.556
0.05,382,8.857,1.680,-5.451
0.05,383,4.426,-7.536,5.065
0.05,384,-6.546,3.790,-0.190
0.05,385,9.037,1.501,-11.132
0.05,386,2.483,5.778,-0.242
0.05,387,9.377,8.805,1.884
0.05,388,-2.019,4.898,4.234
0.05,389,-4.765,-6.290,-0.179
0.05,390,7.358,-2.754,-0.224
0.05,391,-5.279,5.953,4.457
0.05,392,2.910,-2.767,-5.248
0.05,393,-7.530,-1.342,-0.217
0.05,394,-1.844,-0.439,-3.050
0.05,395,-1.311,3.324,-10.578
0.05,396,-7.388,-2.412,-0.232
0.05,397,5.349,7.047,5.343
0.05,398,3.965,5.542,-5.873
0.05,399,1.584,6.887,-0.263
0.05,400,6.663,-0.108,-5.303
0.05,401,-1.941,-2.767,-10.428
0.05,402,-6.141,-5.641,-5.810
0.05,403,8.057,5.674,4.472
0.05,404,-5.827,5.065,-0.183
0.05,405,9.516,-6.550,4.730
0.05,407,-4.618,-7.117,-5.340
0.05,408,-3.137,1.917,9.303
0.05,409,9.456,8.184,-8.794
0.05,410,-6.038,-9.469,-0.234
0.05,411,-8.416,-5.918,-0.335
0.05,412,2.710,-0.994,2.664
0.05,413,0.805,-3.901,-5.340
0.05,414,-8.403,-7.406,-5.204
0.05,415,1.014,-8.769,-0.214
0.05,416,-8.939,-0.438,-6.058
0.05,417,-5.437,7.847,-5.228
0.05,418,4.899,6.941,-6.407
0.05,419,-9.962,-8.544,4.061
0.05,420,-5.860,-6.451,4.781
0.05,421,-1.432,10.123,4.827
0.05,422,-2.564,5.357,4.411
0.05,423,-5.298,-5.658,-5.425
0.05,424,2.197,-3.703,-5.241
0.05,425,-4.387,0.750,4.539
0.05,426,-1.857,3.358,-10.375
0.05,428,8.946,-0.267,4.593
0.05,430,6.414,-1.835,5.077
0.05,431,0.841,-3.088,9.186
0.05,432,9.047,-10.476,-0.292
0.05,433,9.079,3.023,4.582
0.05,434,-8.219,1.163,-0.186
0.05,435,3.601,3.052,4.488
0.05,436,0.903,-3.737,-5.373
0.05,437,-7.350,-6.571,4.616
0.05,438,-3.313,-2.712,3.733
0.05,439,5.052,0.011,-5.147
0.05,440,7.289,3.025,-0.169
0.05,441,-4.116,0.492,-5.573
0.05,442,-6.292,-5.085,-0.203
0.05,443,3.351,1.346,-10.635
0.05,444,2.414,-4.457,-5.378
0.05,445,-2.686,7.538,-0.178
0.05,446,-1.201,-8.732,-0.236
0.05,447,0.287,0.447,-0.476
0.05,448,-8.865,4.209,4.486
0.05,449,-3.270,-2.878,3.814
0.05,450,-5.545,7.783,-0.224
0.05,451,-1.329,-8.033,-0.205
0.05,452,-6.929,0.338,-0.161
0.05,453,-2.396,2.947,-10.298
0.05,454,3.593,5.081,-0.231
0.05,455,-6.432,7.449,-5.267
0.05,456,2.789,3.577,4.747
0.05,457,8.205,2.021,4.699
0.05,458,-2.845,-1.658,-10.635
0.05,459,-9.224,-6.491,4.692
0.05,461,0.543,-9.773,-5.380
0.05,462,-2.685,-10.505,8.935
0.05,464,-1.197,7.812,-0.192
0.05,465,-6.753,7.829,-0.208
0.05,466,3.304,0.847,-10.682
0.05,467,-1.407,8.488,-0.191
0.05,468,-8.760,3.555,4.522
0.05,469,-3.694,-0.950,4.177
0.05,470,0.066,-3.927,-5.216
0.05,471,-4.408,-5.337,-5.162
0.05,473,-3.792,1.543,-10.566
0.05,474,-8.901,0.167,5.177
0.05,475,-7.771,-7.306,9.849
0.05,476,-2.821,-9.359,8.993
0.05,477,2.213,-3.866,-5.308
0.05,478,-8.870,-0.179,-6.099
0.05,479,4.991,6.495,-0.215
0.05,480,-5.987,7.168,4.740
0.05,481,-6.770,3.377,-0.194
0.05,482,1.657,5.674,-0.257
0.05,483,8.365,-5.185,-6.164
0.05,484,-4.330,-6.856,-0.180
0.05,485,8.094,-9.539,4.062
0.05,486,-7.842,-1.605,-0.219
0.05,487,7.322,5.564,4.596
0.05,488,-7.801,2.942,-0.192
0.05,489,10.806,-9.384,6.745
0.05,491,-10.120,-7.923,-5.974
0.05,492,6.533,6.149,-5.466
0.05,493,-1.430,-5.760,-4.993
0.05,494,8.570,0.349,4.617
0.05,496,-7.515,-3.288,-0.217
0.05,497,-5.371,8.308,-0.227
0.05,499,6.039,5.608,-10.880
0.05,501,5.319,6.013,-0.215
0.05,502,4.006,-7.948,5.039
0.05,503,-7.818,-3.123,-0.222
0.05,504,-1.571,4.851,-4.974
0.05,505,2.771,-3.440,4.408
0.05,506,0.236,0.496,-0.480
0.05,507,5.141,0.221,-0.312
0.05,508,-0.780,-7.084,-5.005
0.05,509,9.011,0.384,-5.255
0.05,510,-3.925,1.445,-5.266
0.05,511,-7.135,-7.549,-5.111
0.05,512,4.471,-7.550,-5.905
0.05,513,5.961,-5.113,-0.230
0.05,514,4.803,6.123,-0.215
0.05,515,-7.537,4.527,-0.190
0.05,516,-10.077,9.157,1.457
0.05,517,0.477,-9.706,4.665
0.05,518,2.643,-3.458,4.417
0.05,519,8.895,0.908,-10.642
0.05,520,-3.668,-5.745,-4.995
0.05,521,-9.142,-7.735,-5.277
0.05,522,2.415,-3.530,-5.249
0.05,523,-4.865,7.594,-10.845
0.05,524,-0.289,-3.885,-10.518
0.05,525,-5.469,0.095,4.676
0.05,526,-3.098,-2.784,3.951
0.05,527,5.259,6.458,5.209
0.05,528,10.914,-2.595,-4.978
0.05,529,2.959,3.278,4.368
0.05,530,-3.738,-6.758,-0.176
0.05,531,-3.858,1.853,4.252
0.05,532,2.273,-3.610,4.489
0.05,533,6.897,-5.963,-11.206
0.05,534,4.926,0.153,4.475
0.05,535,0.771,6.113,5.128
0.05,536,-3.249,1.549,9.297
0.05,537,4.253,-7.663,-5.933
0.05,538,5.424,6.580,-6.008
0.05,539,-0.476,4.679,4.083
0.05,540,-1.427,-3.947,-4.957
0.05,541,3.951,-1.585,-5.092
0.05,543,8.513,-2.544,-0.231
0.05,544,-7.420,-3.547,-0.214
0.05,545,-8.215,2.010,4.620
0.05,546,-0.045,4.936,-5.187
0.05,547,6.602,-9.160,3.890
0.05,548,-5.760,-7.095,-5.453
0.05,549,-6.298,2.663,-0.220
0.05,550,8.851,-8.906,-6.273
0.05,551,-1.245,7.903,-0.190
0.05,552,-6.898,0.407,-0.160
0.05,553,-3.814,-1.484,-5.627
0.05,554,8.725,-1.346,-5.349
0.05,555,-8.547,2.167,-0.197
0.05,556,-1.420,-7.801,4.513
0.05,557,3.660,1.689,-4.943
0.05,558,2.818,7.542,-0.209
0.05,559,-3.277,7.010,-0.176
0.05,560,0.961,3.474,-10.953
0.05,562,6.778,-4.382,5.070
0.05,563,-4.153,8.591,-5.033
0.05,565,-2.742,-3.160,-5.025
0.05,566,-5.719,-6.758,4.745
0.05,567,-4.155,0.941,-5.425
0.05,568,3.991,-5.535,-0.225
0.05,569,-3.280,8.460,-10.929
0.05,570,-9.827,-1.262,4.981
0.05,571,7.879,-4.007,-5.941
0.05,572,8.010,5.746,4.458
0.05,573,7.714,7.133,4.808
0.05,574,1.856,-4.246,4.501
0.05,575,-3.817,-0.626,4.736
0.05,576,-0.623,-3.422,-10.257
0.05,577,-3.717,-1.076,4.229
0.05,578,4.408,6.525,-6.221
0.05,579,7.895,-0.266,-0.195
0.05,580,1.923,7.973,-10.738
0.05,582,-5.083,-4.782,-5.491
0.05,583,3.311,4.201,4.821
0.05,584,8.438,-9.132,3.802
0.05,586,-3.020,-6.024,-0.193
0.05,588,-1.385,-7.838,4.515
0.05,589,3.222,1.124,9.290
0.05,590,3.281,5.108,-5.663
0.05,591,6.339,-5.748,-0.217
0.05,592,7.143,5.896,-0.228
0.05,593,-2.466,-4.620,4.406
0.05,594,0.262,7.559,-0.221
0.05,595,1.571,-0.799,-0.571
0.05,596,-5.200,7.418,-10.672
0.05,597,-2.760,3.896,4.272
0.05,598,-8.779,-7.910,-4.971
0.05,599,1.400,7.511,-6.649
0.05,600,7.710,5.969,-5.252
0.05,601,4.051,-7.876,5.036
0.05,602,-5.956,-9.088,-0.231
0.05,603,-3.573,2.624,-4.929
0.05,604,9.000,0.816,-10.779
0.05,605,-8.760,-8.003,-4.911
0.05,606,8.937,0.334,-5.255
0.05,607,-1.806,-7.585,-4.997
0.05,608,8.736,2.260,-5.372
0.05,609,-8.657,-3.376,5.342
0.05,610,-4.170,-0.286,4.710
0.05,611,7.399,3.410,-0.168
0.05,612,1.850,-2.965,9.049
0.05,613,3.071,-1.655,3.437
0.05,614,7.843,0.320,-0.200
0.05,615,-2.977,7.332,4.623
0.05,616,1.413,-3.419,4.639
0.05,617,3.769,-0.565,-5.090
0.05,618,-8.801,0.563,5.151
0.05,619,2.237,-2.066,9.162
0.05,620,-4.242,0.560,4.563
0.05,621,2.610,-2.477,-10.834
0.05,622,-8.084,-1.139,-0.208
0.05,623,0.736,-5.205,-5.373
0.05,625,0.049,-3.369,9.290
0.05,627,6.744,-1.577,4.857
0.05,628,-7.753,0.730,-0.176
0.05,629,-4.923,-7.062,9.482
0.05,630,-2.945,-5.081,4.456
0.05,631,0.509,-4.642,-5.304
0.05,632,-4.235,6.327,-0.180
0.05,633,-9.415,-1.518,5.110
0.05,635,8.518,-2.047,-10.849
0.05,636,9.471,1.692,-5.500
0.05,637,0.656,8.718,-10.459
0.05,638,4.255,0.838,4.319
0.05,639,-6.516,4.767,4.514
0.05,640,-3.991,5.005,-0.209
0.05,641,-4.017,-0.396,4.556
0.05,642,5.635,7.098,5.316
0.05,643,7.350,8.325,4.613
0.05,644,8.737,0.405,-10.407
0.05,646,2.257,-1.939,-10.487
0.05,647,3.222,-0.308,-10.568
0.05,648,-1.450,4.785,-4.954
0.05,649,2.808,4.589,-5.547
0.05,650,-1.165,4.616,3.940
0.05,651,8.483,7.722,-6.432
0.05,652,-3.298,-4.480,-5.022
0.05,653,-2.461,-4.121,4.357
0.05,654,-3.197,-6.647,-0.181
0.05,655,7.323,-3.440,-0.217
0.05,656,2.330,-9.064,4.631
0.05,657,-7.841,-0.763,-0.198
0.05,658,2.673,2.538,-10.744
0.05,659,5.694,-0.021,-5.216
0.05,660,7.460,-4.506,-0.218
0.05,661,-8.088,-0.593,-10.416
0.05,662,9.169,1.079,-5.381
0.05,663,3.692,2.063,-5.037
0.05,664,8.085,1.251,4.674
0.05,665,-1.682,4.710,4.105
0.05,666,-4.677,7.963,-5.110
0.05,667,-5.072,7.658,9.732
0.05,668,8.065,6.838,4.218
0.05,669,1.253,-4.106,-5.378
0.05,670,-4.431,-7.442,9.472
0.05,671,6.114,3.347,-0.209
0.05,672,7.081,-3.889,-0.215
0.05,674,-1.001,6.662,-5.702
0.05,677,6.447,-4.947,-0.219
0.05,678,-1.015,-4.221,4.419
0.05,679,4.892,7.041,-6.460
0.05,680,-3.782,3.360,-4.878
0.05,681,-4.298,-7.955,-5.394
0.05,682,-1.424,4.815,4.014
0.05,683,6.230,6.077,-0.213
0.05,684,5.425,-4.976,-0.245
0.05,685,-8.323,-1.101,-0.205
0.05,686,-4.622,-4.261,-5.479
0.05,687,2.708,2.596,9.600
0.05,688,8.429,5.829,-5.161
0.05,689,8.708,1.820,-11.116
0.05,690,-5.612,-7.047,-5.463
0.05,691,-8.705,2.208,-5.640
0.05,692,-8.432,-1.025,9.410
0.05,693,4.575,6.448,-0.211
0.05,694,-5.937,8.000,4.592
0.05,695,-8.257,0.862,-0.185
0.05,696,-8.931,-0.199,5.176
0.05,697,-6.471,-2.580,-0.271
0.05,698,-4.665,7.697,-10.932
0.05,699,-2.014,7.765,-5.597
0.05,700,-3.751,-0.233,5.199
0.05,701,4.673,-6.970,4.996
0.05,702,-6.404,7.239,4.583
0.05,703,-1.252,-3.080,9.379
0.05,704,-1.026,4.924,-5.018
0.05,705,5.009,6.919,5.408
0.05,706,0.865,-4.956,-5.303
0.05,707,-7.019,7.957,-5.188
0.05,708,6.558,-1.627,4.953
0.05,709,3.183,1.835,-10.475
0.05,710,8.896,-8.319,-3.240
0.05,711,2.115,8.245,-0.210
0.05,714,6.282,-3.122,5.161
0.05,715,-4.083,-6.631,4.586
0.05,716,-8.938,1.795,6.511
0.05,717,-8.556,-8.363,3.760
0.05,718,7.263,6.281,-5.349
0.05,719,3.013,-6.321,-0.212
0.05,720,1.171,6.393,-0.264
0.05,721,5.579,6.336,-0.218
0.05,722,-9.006,-8.189,-4.885
0.05,723,7.458,-0.404,-5.351
0.05,724,-1.195,4.762,3.981
0.05,725,2.419,5.370,-5.734
0.05,726,3.043,-0.678,-10.756
0.05,727,-0.860,-6.913,4.448
0.05,728,-7.779,-7.898,4.096
0.05,729,-6.266,7.380,9.457
0.05,730,-3.793,7.845,-0.196
0.05,731,-7.193,-4.080,5.709
0.05,732,6.534,3.188,-0.186
0.05,733,-3.435,-1.088,-5.969
0.05,734,0.526,7.344,5.427
0.05,735,6.816,-4.324,5.071
0.05,736,-7.186,5.182,-5.016
0.05,737,8.491,-0.003,9.415
0.05,738,-1.622,-7.938,4.524
0.05,739,6.304,7.756,5.405
0.05,740,-2.966,8.455,-10.846
0.05,741,-2.549,-6.588,-0.197
0.05,742,7.141,-6.357,4.953
0.05,743,-3.811,-8.919,-0.224
0.05,744,-3.201,1.471,9.085
0.05,745,3.173,1.259,9.244
0.05,747,7.311,-5.182,-0.216
0.05,748,-5.639,5.924,-4.992
0.05,749,-2.447,-3.644,-4.937
0.05,750,-3.125,3.236,4.207
0.05,751,-7.816,8.385,4.364
0.05,752,-1.148,-8.031,4.533
0.05,753,6.700,-2.989,-0.257
0.05,754,-1.727,1.178,2.818
0.05,755,-3.896,-0.169,-5.954
0.05,756,3.673,-7.758,4.973
0.05,757,4.817,6.795,-6.280
0.05,758,3.892,7.011,7.331
0.05,760,7.247,-4.624,-0.214
0.05,762,7.397,2.240,-0.183
0.05,763,7.123,-4.445,-0.213
0.05,764,-0.953,3.212,-10.208
0.05,765,6.488,-8.396,4.387
0.05,766,3.176,-2.155,3.805
0.05,767,-3.396,-0.530,-6.419
0.05,768,-8.750,1.695,-6.008
0.05,769,7.648,1.846,-0.194
0.05,770,2.437,-8.503,-5.510
0.05,771,7.798,1.921,4.681
0.05,772,-1.059,7.190,-5.793
0.05,773,-4.327,7.937,-11.086
0.05,774,-4.742,-6.120,4.660
0.05,775,3.318,2.741,4.238
0.05,776,-4.399,0.705,4.545
0.05,777,-6.037,-5.833,-0.200
0.05,778,3.602,5.597,-5.854
0.05,779,-0.764,7.291,-5.892
0.05,780,3.392,8.045,-0.188
0.05,781,-9.934,8.385,3.045
0.05,782,6.984,-2.536,4.967
0.05,783,8.497,5.937,4.302
0.05,784,1.696,9.598,5.681
0.05,785,4.700,8.631,5.114
0.05,786,8.884,7.529,-6.182
0.05,787,-2.631,4.013,9.363
0.05,788,3.007,-3.575,4.452
0.05,789,-3.863,5.573,-0.188
0.05,790,-6.105,7.252,-5.269
0.05,791,2.058,-8.266,-0.200
0.05,792,1.600,5.188,-0.261
0.05,793,-8.123,-0.553,9.098
0.05,794,-8.237,0.735,8.428
0.05,795,7.449,2.331,-0.180
0.05,796,6.868,7.465,6.059
0.05,797,4.715,7.477,-0.231
0.05,798,-1.740,-2.991,-10.433
0.05,799,-3.083,1.639,-10.026
0.05,800,-1.025,-3.189,9.357
0.05,801,3.014,3.826,-5.589
0.05,802,-5.404,-7.536,4.657
0.05,803,0.978,-5.360,3.593
0.05,806,2.695,-2.449,9.030
0.05,807,-4.307,-7.296,9.414
0.05,808,-3.899,-0.278,-5.979
0.05,809,7.225,-4.658,-10.568
0.05,810,1.150,-3.277,-0.346
0.05,811,6.531,7.617,9.622
0.05,812,5.006,1.531,-0.286
0.05,813,-8.075,-7.533,9.905
0.05,814,-4.722,7.704,-10.910
0.05,815,3.770,-8.067,5.003
0.05,816,-9.013,0.911,-10.877
0.05,817,-3.776,-6.256,4.543
0.05,818,8.668,-9.234,-6.136
0.05,819,-1.693,4.238,9.427
0.05,820,-8.645,-8.367,3.730
0.05,821,0.996,4.460,-5.380
0.05,822,-7.148,7.062,-10.841
0.05,823,-5.287,6.124,-5.006
0.05,824,5.846,8.530,-0.765
0.05,825,-7.195,7.245,4.498
0.05,826,-1.738,4.684,4.121
0.05,828,-5.426,7.185,-10.595
0.05,829,3.262,4.296,-5.569
0.05,830,-6.708,-0.145,-0.167
0.05,831,2.056,9.196,5.639
0.05,832,3.400,1.617,9.443
0.05,833,-6.372,6.203,-5.073
0.05,834,-3.325,1.321,9.310
0.05,836,7.339,0.728,4.647
0.05,837,1.988,-3.547,-5.342
0.05,838,3.216,5.616,-0.225
0.05,839,4.577,6.514,-0.211
0.05,840,3.339,-7.997,4.870
0.05,841,-1.353,7.598,-0.194
0.05,842,8.189,4.753,-5.148
0.05,844,-7.314,7.133,-5.220
0.05,845,6.261,3.744,-0.194
0.05,846,8.791,1.952,4.722
0.05,847,5.426,6.421,5.167
0.05,848,-1.757,-3.448,-10.381
0.05,849,-1.247,-8.014,-5.031
0.05,850,2.802,3.879,4.618
0.05,851,-8.361,4.598,-0.217
0.05,852,3.567,8.707,9.288
0.05,853,9.526,-6.131,-6.011
0.05,854,-7.921,-0.599,-0.195
0.05,855,2.953,-8.317,4.751
0.05,856,-3.730,-0.446,-6.184
0.05,857,-2.501,-0.529,-4.295
0.05,858,5.182,11.158,-4.629
0.05,859,-2.414,0.894,-0.787
0.05,860,-8.543,-0.338,-0.195
0.05,861,-4.382,-0.381,4.524
0.05,862,1.910,0.822,-0.409
0.05,863,-0.276,3.362,-10.896
0.05,864,3.892,-6.112,-5.781
0.05,865,-9.541,-1.436,-5.891
0.05,866,-3.352,2.079,3.991
0.05,867,-3.165,-6.984,4.511
0.05,868,5.256,-2.673,7.631
0.05,869,-5.302,7.468,9.690
0.05,870,-7.047,7.618,4.527
0.05,871,7.068,-8.754,4.210
0.05,872,-5.898,8.177,-0.218
0.05,873,-8.734,2.162,4.726
0.05,875,-4.057,-0.510,-5.843
0.05,876,-3.289,1.395,9.251
0.05,877,-1.921,3.887,9.513
0.05,878,2.510,3.229,-10.957
0.05,879,5.239,5.562,-0.220
0.05,880,0.676,-3.848,-5.327
0.05,881,7.227,3.163,-0.168
0.05,882,-7.067,0.129,-0.164
0.05,884,7.171,-2.125,-5.634
0.05,885,-2.035,4.975,-4.987
0.05,886,4.171,-5.146,-0.236
0.05,887,2.954,-5.565,-0.237
0.05,888,6.850,-5.271,-0.211
0.05,889,-9.976,-8.170,-5.513
0.05,891,-1.383,4.765,4.003
0.05,892,-6.612,8.440,-0.208
0.05,893,-8.096,-1.381,-0.212
0.05,894,-4.035,-0.280,4.374
0.05,895,-8.118,4.834,4.499
0.05,896,8.306,1.487,4.692
0.05,897,-1.110,3.254,-10.683
0.05,898,7.467,-4.049,-10.480
0.05,899,8.858,6.916,-4.997
0.05,900,-8.997,-1.183,-11.062
0.05,901,5.010,6.864,5.332
0.05,902,-1.200,1.055,-0.898
0.05,903,1.009,-5.482,3.695
0.05,904,-9.094,-1.242,-11.183
0.05,905,3.641,-7.145,-0.200
0.05,906,7.534,-3.725,9.340
0.05,907,1.039,-4.175,9.293
0.05,908,7.360,-1.506,8.935
0.05,909,3.911,-6.998,-0.204
0.05,910,5.158,-6.791,-11.138
0.05,911,-5.361,4.335,-11.101
0.05,912,3.678,3.057,-5.406
0.05,913,3.034,-1.358,3.233
0.05,914,-1.470,4.715,4.033
0.05,915,7.547,2.075,-5.247
0.05,916,-5.986,5.355,-0.185
0.05,917,-6.768,-4.801,-6.285
0.05,918,1.035,3.406,-10.933
0.05,919,-7.633,-0.111,-0.179
0.05,920,8.459,2.266,4.695
0.05,921,2.681,-1.671,9.232
0.05,922,-1.071,0.752,-0.679
0.05,923,-2.999,7.924,-10.858
0.05,924,-2.273,2.941,-10.333
0.05,926,-5.709,7.161,-10.590
0.05,927,-3.664,8.417,-5.114
0.05,928,-4.224,-4.962,4.549
0.05,929,8.356,-1.143,-0.197
0.05,930,3.191,-8.363,-5.645
0.05,931,-7.279,10.612,-9.965
0.05,932,-3.294,-4.153,-5.057
0.05,933,7.332,-1.141,4.784
0.05,934,-1.290,-3.824,4.401
0.05,935,7.961,5.382,-5.167
0.05,936,-7.587,2.799,-0.191
0.05,937,-1.361,-8.192,-5.068
0.05,938,-0.149,4.736,4.216
0.05,939,6.871,-0.942,-5.451
0.05,940,-3.281,-6.014,-4.961
0.05,941,-2.095,2.967,-10.381
0.05,942,7.035,8.040,-6.118
0.05,943,2.914,4.724,-5.562
0.05,946,-3.394,-0.271,-0.470
0.05,947,-8.593,2.971,4.559
0.05,948,5.215,7.428,-7.052
0.05,949,-1.218,7.735,-5.796
0.05,950,0.785,-5.495,0.754
0.05,951,1.369,8.856,-6.544
0.05,952,-5.648,-7.171,-5.449
0.05,953,3.635,7.046,-0.203
0.05,954,2.583,-1.743,-10.643
0.05,955,-8.293,-1.139,5.161
0.05,956,-4.376,7.717,-5.091
0.05,957,8.148,-9.662,4.124
0.05,958,-3.564,-6.335,-0.177
0.05,959,-8.511,2.109,-0.197
0.05,960,-8.922,1.803,-6.481
0.05,961,9.412,9.218,-0.460
0.05,962,2.429,7.623,-0.220
0.05,963,-2.804,-8.735,-5.349
0.05,964,-0.336,-3.429,-10.308
0.05,965,6.895,8.005,-6.133
0.05,966,8.885,0.090,4.591
0.05,967,-5.195,7.751,9.717
0.05,968,2.591,-4.672,4.470
0.05,969,-0.617,3.585,-10.664
0.05,970,8.770,0.653,9.575
0.05,971,7.725,-3.221,-0.221
0.05,972,1.771,-3.730,-5.352
0.05,973,-6.030,7.167,-5.260
0.05,975,7.600,-7.083,-6.518
0.05,976,6.108,5.539,-0.204
0.05,977,3.173,0.045,-10.686
0.05,978,-0.675,-3.681,9.379
0.05,979,-8.284,0.112,9.040
0.05,980,-2.904,6.112,-5.095
0.05,981,-9.869,-4.420,5.111
0.05,982,-6.856,-6.180,4.790
0.05,983,3.974,-3.158,4.587
0.05,984,-8.944,-8.768,3.509
0.05,985,3.999,3.402,-5.529
0.05,986,6.213,-7.757,4.950
0.05,987,8.151,-9.634,-5.590
0.05,988,8.350,-8.404,4.580
0.05,989,4.571,7.598,-6.394
0.05,990,8.876,-8.594,3.340
0.05,991,-3.134,2.187,9.303
0.05,992,-4.333,-5.137,4.571
0.05,994,2.345,-3.490,4.461
0.05,995,3.088,1.518,9.186
0.05,996,3.200,2.270,-10.718
0.05,997,8.410,1.526,-5.395
0.05,998,-7.074,3.184,-0.193
0.05,999,2.238,2.574,-9.034
0.05,1000,-1.462,-3.156,-10.391
0.05,1001,7.507,6.029,4.572
0.05,1002,8.985,7.848,2.070
0.05,1003,-2.475,-10.614,-10.166
0.05,1004,0.821,7.056,-6.300
0.05,1005,3.309,1.291,-10.567
0.05,1006,-7.777,7.288,-5.211
0.05,1007,-0.491,7.055,-5.958
0.05,1008,7.873,-9.558,-5.401
0.05,1009,-2.667,-1.501,9.529
0.05,1010,-2.602,5.139,-4.986
0.05,1011,2.508,5.820,-0.242
0.05,1012,8.478,-0.835,-0.197
0.05,1013,-2.611,-7.846,-5.153
0.05,1014,-4.322,-0.192,-5.579
0.05,1015,2.023,-3.017,-11.119
0.05,1016,-4.983,-7.871,-0.218
0.05,1017,8.799,0.119,-0.208
0.05,1018,-0.020,-4.199,-5.193
0.05,1020,8.429,1.454,4.690
0.05,1021,2.822,-0.972,2.856
0.05,1022,8.154,-1.462,-0.199
0.05,1023,-8.934,0.120,5.179
0.05,1024,6.250,5.246,-0.199
0.05,1025,3.047,1.988,-10.443
0.05,1026,7.478,-3.228,-10.296
0.05,1027,-9.755,-3.252,-6.056
0.05,1028,-4.682,-2.202,-6.801
0.05,1029,-3.686,-5.923,4.529
0.05,1030,-5.820,1.159,4.513
0.05,1031,7.318,-9.347,-5.201
0.05,1032,-1.536,-0.174,-0.951
0.05,1033,-6.350,5.391,-4.957
0.05,1034,8.043,2.579,4.673
0.05,1036,-3.896,0.074,4.687
0.05,1037,5.189,6.972,-6.227
0.05,1038,-3.677,-0.717,4.395
0.05,1039,3.770,-7.389,-5.869
0.05,1040,3.357,-6.383,-5.747
0.05,1041,-5.731,-6.921,9.664
0.05,1042,5.075,6.341,5.213
0.05,1043,6.939,-1.709,4.879
0.05,1044,0.968,8.937,9.562
0.05,1045,3.247,-8.365,4.822
0.05,1046,2.348,-8.847,4.658
0.05,1047,6.075,-2.046,-6.055
0.05,1048,3.707,1.427,-4.929
0.05,1050,7.174,9.584,-0.364
0.05,1052,-1.022,4.357,4.108
0.05,1053,1.296,-9.365,-5.388
0.05,1054,6.920,4.915,-0.189
0.05,1055,4.698,0.456,4.413
0.05,1056,2.763,-3.253,4.357
0.05,1059,3.014,4.327,-5.548
0.05,1060,-3.247,7.311,-0.178
0.05,1061,-5.435,7.070,-10.790
0.05,1062,3.180,1.455,9.275
0.05,1063,5.268,-6.106,4.899
0.05,1064,-3.645,7.711,-10.749
0.05,1065,7.070,5.613,4.645
0.05,1066,3.629,-4.938,-5.560
0.05,1067,-1.989,-6.461,-4.936
0.05,1068,2.556,-9.106,9.221
0.05,1069,-9.318,8.189,3.646
0.05,1070,6.597,6.488,4.868
0.05,1071,4.666,5.423,-5.799
0.05,1072,1.860,-4.570,4.414
0.05,1073,-8.762,0.366,5.183
0.05,1074,5.159,7.244,5.366
0.05,1075,4.525,1.600,4.252
0.05,1076,4.793,1.038,-0.287
0.05,1077,1.396,-3.803,-10.586
0.05,1078,3.998,-8.002,-5.947
0.05,1079,5.190,-7.277,4.952
0.05,1080,-3.755,-0.295,-5.996
0.05,1081,-0.902,-4.298,4.423
0.05,1082,-5.826,-7.900,4.548
0.05,1084,-1.202,4.848,4.001
0.05,1085,3.460,6.371,-0.218
0.05,1086,-9.991,-8.196,-5.780
0.05,1087,-8.722,1.616,-8.679
0.05,1088,-2.561,-10.643,-10.309
0.05,1089,-1.597,6.691,-0.246
0.05,1090,7.641,-5.439,-0.230
0.05,1091,6.819,7.047,-0.306
0.05,1092,-6.818,-6.308,-5.658
0.05,1093,-2.043,-1.812,-0.458
0.05,1094,-1.068,5.075,-5.091
0.05,1095,-5.387,7.133,4.529
0.05,1096,4.987,-7.343,5.002
0.05,1097,-2.315,4.417,4.268
0.05,1098,2.255,-9.013,4.645
0.05,1099,8.050,-1.788,-0.204
0.05,1100,8.971,1.251,9.714
0.05,1101,-2.856,6.623,-0.188
0.05,1102,-0.901,-7.975,4.538
0.05,1103,5.780,-8.805,-0.299
0.05,1104,-7.346,8.545,-5.257
0.05,1105,4.610,-1.182,-0.511
0.05,1106,-2.742,4.091,4.295
0.05,1107,-0.912,7.763,5.090
0.05,1108,1.902,-8.355,-0.201
0.05,1109,0.970,-3.828,-5.355
0.05,1110,-3.227,8.164,-0.188
0.05,1111,7.103,-4.506,-0.213
0.05,1112,4.918,6.717,5.313
0.05,1113,1.056,-4.474,-10.659
0.05,1114,7.284,-9.001,-5.442
0.05,1115,0.562,-4.882,4.296
0.05,1116,-5.727,6.489,-11.062
0.05,1118,3.907,5.731,-0.219
0.05,1119,6.775,0.065,-5.288
0.05,1120,-3.331,0.324,-10.297
0.05,1121,5.819,-5.681,9.057
0.05,1122,-4.553,-3.710,-5.693
0.05,1123,8.982,1.853,-5.467
0.05,1124,-0.157,6.104,4.920
0.05,1125,-6.371,6.916,-5.231
0.05,1126,2.726,3.042,4.329
0.05,1127,3.254,4.257,-5.565
0.05,1128,-3.791,-8.521,-5.387
0.05,1129,3.295,1.884,-10.414
0.05,1130,-8.765,5.042,4.477
0.05,1131,8.529,-1.246,-5.366
0.05,1132,1.488,8.278,-0.231
0.05,1133,7.229,6.083,-5.315
0.05,1134,2.326,-7.942,-5.601
0.05,1135,-7.150,7.743,4.508
0.05,1136,8.144,5.242,4.466
0.05,1137,5.482,0.394,-0.296
0.05,1138,-5.772,8.235,-0.221
0.05,1139,3.791,7.284,-0.199
0.05,1140,-7.006,-7.612,4.396
0.05,1141,3.504,-4.596,-5.471
0.05,1142,-1.205,4.932,4.040
0.05,1143,3.722,0.137,4.444
0.05,1144,2.097,8.752,-0.205
0.05,1145,-4.283,8.478,4.456
0.05,1146,-4.218,-6.570,9.156
0.05,1147,-5.381,-6.981,9.336
0.05,1148,-7.824,-4.109,-9.789
0.05,1149,1.849,-2.907,-0.378
0.05,1150,-6.325,5.539,-4.961
0.05,1151,1.143,8.352,5.689
0.05,1152,6.368,-5.183,8.964
0.05,1153,-5.709,-5.347,-5.635
0.05,1154,-7.673,-3.430,-0.220
0.05,1155,-3.982,8.437,-0.208
0.05,1156,-0.166,6.092,4.913
0.05,1157,-4.777,5.772,-0.185
0.05,1158,-1.388,1.333,-1.426
0.05,1159,4.639,7.016,-6.457
0.05,1160,-7.821,-3.456,-0.223
0.05,1161,-2.415,-7.516,4.509
0.05,1162,5.238,-7.194,4.940
0.05,1163,4.744,6.754,-6.229
0.05,1164,-5.172,-7.008,-10.713
0.05,1165,-2.096,-3.782,-4.929
0.05,1166,1.524,-4.559,4.299
0.05,1167,6.879,0.365,-0.225
0.05,1169,4.191,7.246,5.277
0.05,1170,8.999,0.958,-10.810
0.05,1171,0.966,9.492,-10.774
0.05,1172,-3.852,-6.269,-0.174
0.05,1173,2.842,-0.856,3.050
0.05,1174,-6.565,0.405,-0.159
0.05,1175,-0.215,3.594,-10.737
0.05,1176,9.117,1.954,-5.466
0.05,1177,6.939,-4.537,-0.212
0.05,1178,-4.920,-6.495,9.179
0.05,1179,3.631,3.564,-5.546
0.05,1180,-3.082,11.190,4.141
0.05,1181,7.687,7.871,-0.463
0.05,1182,3.677,5.693,-0.220
0.05,1183,-3.388,7.421,-0.181
0.05,1184,-7.587,-3.551,-0.217
0.05,1185,-6.347,-3.560,-6.580
0.05,1186,0.506,8.728,5.543
0.05,1187,6.080,7.577,-6.201
0.05,1188,-2.295,-2.162,-10.441
0.05,1189,-8.438,-5.429,-6.126
0.05,1190,0.013,4.512,4.161
0.05,1191,8.132,2.757,4.659
0.05,1192,0.703,-6.596,-0.311
0.05,1193,0.489,-8.951,-10.983
0.05,1194,-3.710,4.822,-0.223
0.05,1195,8.387,-9.154,3.827
0.05,1196,8.806,0.930,-0.220
0.05,1197,-6.461,-7.272,-5.320
0.05,1198,-5.437,7.475,9.675
0.05,1199,-5.223,7.173,-10.654
0.05,1200,5.163,-0.405,-5.285
0.05,1201,-0.006,-4.115,-10.472
0.05,1202,6.598,5.586,-0.202
0.05,1203,-4.122,8.386,9.824
0.05,1204,6.166,6.040,-0.212
0.05,1205,-6.825,-1.460,-0.229
0.05,1206,2.503,8.676,-0.188
0.05,1207,1.471,9.631,5.699
0.05,1208,-5.135,-2.424,-6.826
0.05,1209,7.178,-3.342,-0.221
0.05,1210,1.120,1.196,-0.643
0.05,1211,6.819,-1.996,-9.726
0.05,1212,-5.124,-7.309,-5.439
0.05,1213,-3.610,0.223,-6.803
0.05,1214,-5.320,-4.465,-10.051
0.05,1215,3.502,3.628,-5.652
0.05,1216,7.989,3.603,-5.086
0.05,1218,5.860,7.268,-0.274
0.05,1219,7.394,1.944,-0.192
0.05,1220,8.223,-2.517,-10.648
0.05,1221,1.482,5.299,-5.571
0.05,1222,0.428,-8.775,-5.264
0.05,1223,-7.715,5.329,-0.222
0.05,1224,6.025,7.492,-0.336
0.05,1225,8.615,8.638,-5.878
0.05,1226,4.679,-7.871,-0.276
0.05,1227,8.872,6.978,3.667
0.05,1228,3.530,-5.053,4.745
0.05,1229,-4.402,0.931,4.501
0.05,1230,-3.740,5.102,-0.208
0.05,1231,-9.735,-7.067,-5.987
0.05,1233,3.557,1.317,-0.391
0.05,1234,-9.478,-7.260,-5.710
0.05,1235,4.609,-5.383,-0.236
0.05,1236,-9.656,-1.518,-5.890
0.05,1237,-8.418,-0.608,-0.198
0.05,1238,4.786,7.110,-0.221
0.05,1239,-9.121,-0.863,-11.169
0.05,1240,3.726,-4.790,-0.240
0.05,1241,8.215,-1.794,9.741
0.05,1242,-7.925,-7.944,4.041
0.05,1243,-6.956,-4.611,-0.210
0.05,1244,3.249,1.420,9.313
0.05,1245,4.029,6.523,-0.209
0.05,1246,-3.821,0.137,-11.079
0.05,1247,-5.005,-2.479,-6.757
0.05,1248,6.888,6.407,-5.445
0.05,1249,-4.906,7.309,-5.152
0.05,1250,-4.546,7.960,-0.220
0.05,1251,-9.927,-7.909,-5.638
0.05,1252,5.949,1.281,-5.167
0.05,1253,7.898,-9.546,4.047
0.05,1254,1.470,8.130,5.714
0.05,1255,3.323,4.969,-0.237
0.05,1256,-1.398,3.642,-4.771
0.05,1257,9.866,9.120,-10.331
0.05,1258,-1.510,4.647,4.040
0.05,1259,-3.776,-8.139,-5.365
0.05,1260,-2.389,4.971,-4.977
0.05,1261,0.300,-7.478,4.528
0.05,1262,-4.461,-6.634,4.639
0.05,1264,8.158,0.407,-0.201
0.05,1265,1.184,8.229,5.684
0.05,1266,0.724,-7.623,-0.214
0.05,1267,-1.350,3.896,-10.401
0.05,1268,-4.007,-8.676,-5.394
0.05,1269,-2.818,5.276,4.423
0.05,1270,4.190,-4.339,-0.256
0.05,1271,5.419,8.273,-0.314
0.05,1272,0.043,0.737,-0.504
0.05,1273,-3.154,1.890,9.317
0.05,1274,2.732,-1.402,-10.612
0.05,1276,-1.036,8.069,-0.190
0.05,1277,-4.823,7.081,-5.124
0.05,1278,-2.766,-7.438,-0.192
0.05,1279,-5.354,-1.122,-0.288
0.05,1280,-4.655,6.321,-10.370
0.05,1281,6.471,-8.320,4.431
0.05,1282,3.621,-4.689,-0.244
0.05,1283,7.764,-0.609,-5.348
0.05,1284,-4.040,5.746,-4.948
0.05,1285,-8.974,5.273,4.453
0.05,1286,4.315,5.091,-0.233
0.05,1287,7.789,-2.922,-10.437
0.05,1288,0.710,7.094,-6.230
0.05,1289,-4.887,7.618,9.729
0.05,1290,2.959,-1.309,3.065
0.05,1291,5.783,-5.555,-0.229
0.05,1293,3.081,3.963,4.721
0.05,1294,-5.353,3.675,-0.255
0.05,1295,6.096,-6.987,6.937
0.05,1296,3.908,-7.361,-5.868
0.05,1297,3.454,-1.483,-5.065
0.05,1298,4.106,0.461,-4.948
0.05,1299,-8.478,-7.375,4.186
0.05,1300,1.913,3.330,-11.104
0.05,1301,-0.719,3.290,-10.740
0.05,1302,5.346,6.721,5.264
0.05,1303,3.729,-1.758,-5.509
0.05,1304,-6.524,6.098,-5.041
0.05,1305,3.216,1.499,9.318
0.05,1306,7.954,9.828,-0.354
0.05,1307,-7.054,-0.129,-0.169
0.05,1308,-3.219,-9.466,-5.285
0.05,1309,4.942,4.579,-0.245
0.05,1311,-0.645,10.331,-11.069
0.05,1312,5.905,-6.733,4.964
0.05,1313,2.970,-3.105,4.292
0.05,1314,-2.704,-4.536,4.405
0.05,1315,2.676,-2.835,4.946
0.05,1316,-1.629,8.341,-0.187
0.05,1317,-0.422,-8.205,-0.206
0.05,1318,-4.476,7.914,9.784
0.05,1319,-8.603,2.057,4.710
0.05,1321,3.016,5.734,-0.229
0.05,1322,-4.323,8.290,-5.051
0.05,1323,3.651,1.779,-4.973
0.05,1324,-4.137,-6.571,9.160
0.05,1325,-2.569,-7.352,-0.193
0.05,1326,-2.902,-8.680,-5.348
0.05,1327,2.976,0.102,-10.096
0.05,1328,5.120,-6.940,9.640
0.05,1330,3.283,1.863,-10.619
0.05,1331,-8.558,2.064,-0.197
0.05,1332,-9.803,-7.789,-5.650
0.05,1333,9.079,2.132,-5.435
0.05,1334,6.439,-4.978,-0.219
0.05,1335,1.363,8.047,-6.631
0.05,1336,-9.063,1.495,-9.982
0.05,1337,3.071,-2.397,8.665
0.05,1338,-2.135,-8.924,4.607
0.05,1339,0.980,9.623,-6.409
0.05,1341,7.989,1.323,4.670
0.05,1342,-0.025,-3.940,9.408
0.05,1343,8.504,2.452,-5.302
0.05,1344,-3.234,2.998,4.191
0.05,1345,-8.787,-1.022,-10.660
0.05,1346,9.713,1.702,-5.494
0.05,1347,3.989,-7.853,-5.931
0.05,1348,8.969,0.606,-10.747
0.05,1349,8.617,0.435,4.616
0.05,1350,-6.327,-0.415,-0.178
0.05,1351,10.754,-9.833,-10.114
0.05,1352,-8.949,-1.129,-11.015
0.05,1353,-4.375,8.136,-5.066
0.05,1354,-0.206,-9.595,4.630
0.05,1355,1.269,7.495,-6.581
0.05,1356,7.620,-1.060,4.761
0.05,1357,1.405,8.668,-0.233
0.05,1358,-5.356,-6.448,4.746
0.05,1359,-7.404,7.585,-10.307
0.05,1360,4.150,0.083,4.268
0.05,1361,-6.171,-0.989,-0.219
0.05,1362,8.865,-9.095,-6.190
0.05,1363,3.482,8.106,-0.189
0.05,1364,4.229,7.998,-0.221
0.05,1365,10.989,-8.873,7.213
0.05,1366,7.362,8.654,-0.451
0.05,1367,1.178,8.223,-0.236
0.05,1368,-8.050,4.000,-0.194
0.05,1369,-8.044,0.286,8.798
0.05,1370,-7.276,-3.323,-7.943
0.05,1371,-9.099,-0.952,-5.988
0.05,1372,-1.587,4.909,4.097
0.05,1373,-1.319,-7.292,-4.964
0.05,1374,2.991,-2.932,4.231
0.05,1375,-8.165,8.053,8.321
0.05,1376,2.690,4.555,4.777
0.05,1377,-7.933,-4.417,-0.249
0.05,1378,8.006,2.158,4.687
0.05,1380,-7.298,3.683,-0.184
0.05,1381,-6.993,3.788,-0.184
0.05,1382,5.314,1.357,4.387
0.05,1383,-8.890,-0.265,-6.090
0.05,1384,2.363,-9.205,4.607
0.05,1385,-5.645,-7.142,-5.455
0.05,1386,4.465,-7.566,-5.910
0.05,1387,-0.148,-0.104,-0.504
0.05,1388,6.381,3.841,-0.188
0.05,1389,-8.979,-1.123,-11.035
0.05,1390,-4.147,8.133,4.465
0.05,1391,0.682,-5.757,4.245
0.05,1392,-1.384,6.608,-5.564
0.05,1393,-2.668,-2.742,4.073
0.05,1394,3.285,-4.654,4.628
0.05,1395,1.548,-8.536,-0.205
0.05,1396,-1.169,-3.519,-0.263
0.05,1397,-1.035,4.176,-0.394
0.05,1398,5.655,-5.784,-0.230
0.05,1400,0.415,-8.300,-0.206
0.05,1401,0.051,-3.996,4.546
0.05,1402,2.909,-0.626,9.450
0.05,1403,-1.092,2.099,-0.688
0.05,1404,-9.028,-1.498,-11.178
0.05,1405,7.690,-0.383,-0.196
0.05,1406,-5.501,-7.987,-0.220
0.05,1407,-2.883,-6.253,4.467
0.05,1408,-8.629,3.718,-5.264
0.05,1409,-3.521,-0.296,6.877
0.05,1410,3.627,1.508,4.141
0.05,1411,-0.464,7.852,-0.202
0.05,1412,-8.414,8.960,6.787
0.05,1413,7.530,1.909,-0.191
0.05,1414,5.283,0.631,4.455
0.05,1416,1.172,-3.386,4.660
0.05,1417,-7.300,3.778,-0.184
0.05,1418,-6.630,-3.664,-0.218
0.05,1419,8.726,1.326,-5.423
0.05,1420,-6.502,-7.150,4.603
0.05,1421,-3.471,1.230,-10.362
0.05,1422,2.090,-2.792,-5.610
0.05,1423,-6.016,-6.272,-0.201
0.05,1424,2.516,0.486,3.079
0.05,1425,-5.737,-6.143,-5.550
0.05,1426,-7.048,-3.891,-0.208
0.05,1427,2.213,-0.690,0.163
0.05,1428,-3.317,1.466,-10.254
0.05,1429,3.684,-4.211,4.689
0.05,1430,-5.482,-6.703,-0.193
0.05,1431,3.106,1.880,-10.451
0.05,1432,-3.948,-1.068,-6.114
0.05,1433,-8.073,-8.126,3.954
0.05,1434,-7.509,1.813,-0.188
0.05,1435,-4.434,6.807,4.447
0.05,1436,2.739,-3.444,4.410
0.05,1438,-5.832,7.420,-5.282
0.05,1439,9.895,9.047,-10.387
0.05,1440,-4.961,5.774,4.438
0.05,1441,5.165,-6.804,4.937
0.05,1442,-7.025,6.687,-10.652
0.05,1443,2.913,-3.033,4.252
0.05,1444,4.508,0.480,-4.981
0.05,1445,4.915,0.454,-5.006
0.05,1446,-5.440,6.711,4.510
0.05,1447,-1.366,-3.901,-4.959
0.05,1448,-7.614,-3.439,-0.218
0.05,1449,0.203,-3.821,-10.472
0.05,1450,-3.531,-7.174,-0.185
0.05,1451,-4.436,-1.883,-6.989
0.05,1452,-6.626,9.223,-0.229
0.05,1453,4.557,-7.464,5.048
0.05,1454,-9.292,9.028,3.702
0.05,1455,-4.588,-7.369,9.479
0.05,1456,5.342,-0.193,-5.234
0.05,1457,-2.758,8.142,-0.182
0.05,1458,-1.634,5.609,4.332
0.05,1460,6.805,-6.886,-6.178
0.05,1462,-3.840,-5.641,-5.018
0.05,1463,-4.349,7.107,-5.070
0.05,1464,-2.585,-3.785,-4.949
0.05,1465,-3.340,-0.225,-7.332
0.05,1466,5.240,-0.456,-5.312
0.05,1467,2.563,2.774,-10.975
0.05,1468,-4.757,-7.529,-11.017
0.05,1469,-8.814,2.076,-5.733
0.05,1470,-4.850,-7.356,-10.862
0.05,1471,7.905,-4.903,-11.057
0.05,1472,-7.801,7.167,4.421
0.05,1473,-7.377,7.298,8.907
0.05,1474,0.166,-4.133,-10.574
0.05,1475,-8.376,1.337,-10.175
0.05,1476,8.629,0.303,-0.208
0.05,1477,5.806,-3.031,7.991
0.05,1478,4.644,-5.845,-5.866
0.05,1479,-8.240,2.572,4.562
0.05,1480,2.095,-3.286,-10.884
0.05,1481,5.352,6.555,5.216
0.05,1482,3.977,-7.829,-5.934
0.05,1483,-1.907,-1.797,-0.434
0.05,1484,-0.393,-7.328,-0.220
0.05,1485,-8.145,-1.086,-0.206
0.05,1486,-7.336,3.964,-0.183
0.05,1487,-1.133,3.319,-10.644
0.05,1488,-8.340,5.991,4.452
0.05,1489,2.813,5.602,-0.234
0.05,1490,-1.869,-3.649,4.321
0.05,1491,2.798,2.012,9.255
0.05,1492,-5.837,7.396,-10.472
0.05,1493,-6.551,7.457,-5.252
0.05,1494,-2.542,-4.718,9.238
0.05,1495,3.108,-0.608,-10.836
0.05,1496,-8.156,2.844,4.567
0.05,1497,-6.061,5.576,4.470
0.05,1498,2.688,2.117,-9.945
0.05,1499,-7.462,5.089,4.469
0.05,1500,-2.716,4.190,-4.915
0.05,1501,-5.501,6.614,9.546
0.05,1502,-7.814,7.591,8.546
0.05,1503,8.157,0.295,-5.297
0.05,1504,-1.470,3.208,-10.557
0.05,1505,5.540,-7.609,4.837
0.05,1506,7.878,-3.788,-0.234
0.05,1507,-3.954,-0.684,-5.754
0.05,1508,2.892,-7.300,-0.196
0.05,1509,-4.926,7.576,-10.815
0.05,1510,3.925,-6.815,-0.203
0.05,1511,5.677,6.253,5.064
0.05,1512,8.402,-2.753,4.689
0.05,1513,5.937,-7.545,-11.195
0.05,1514,7.703,0.185,-5.308
0.05,1515,-4.843,7.671,-10.797
0.05,1516,-1.597,-4.642,4.389
0.05,1517,4.999,6.734,5.437
0.05,1518,6.603,8.284,-6.063
0.05,1519,8.631,-1.117,-10.793
0.05,1520,6.680,-1.832,5.382
0.05,1521,-7.415,7.478,-5.185
0.05,1522,1.714,3.306,-11.106
0.05,1523,-4.062,0.170,-5.739
0.05,1524,5.132,7.171,-6.363
0.05,1525,-7.515,-3.208,-7.453
0.05,1526,4.741,-6.356,-5.861
0.05,1527,8.525,5.074,4.397
0.05,1528,-2.963,3.774,-4.887
0.05,1529,8.037,2.667,4.665
0.05,1530,-9.345,-0.675,5.109
0.05,1531,9.619,2.983,4.531
0.05,1532,-6.914,7.477,4.550
0.05,1533,-7.369,-3.541,-7.770
0.05,1534,-7.209,2.274,-0.194
0.05,1535,-3.978,0.428,-5.655
0.05,1536,-1.988,3.222,-10.384
0.05,1537,6.481,1.341,-0.238
0.05,1538,-2.325,3.566,9.488
0.05,1539,-7.555,-8.940,-0.285
0.05,1540,-7.014,10.690,6.060
0.05,1541,-6.653,2.384,-0.206
0.05,1542,2.020,-3.727,-5.324
0.05,1543,4.158,-7.768,-5.925
0.05,1544,7.506,2.387,-0.179
0.05,1545,-2.129,2.770,-4.811
0.05,1546,-6.450,7.710,4.592
0.05,1547,-1.696,0.740,-2.605
0.05,1548,7.815,2.201,-0.188
0.05,1549,-0.119,3.482,-10.822
0.05,1550,-3.781,1.986,-10.557
0.05,1551,3.198,3.231,4.562
0.05,1552,-8.110,-0.524,-0.195
0.05,1553,4.042,5.124,-5.758
0.05,1554,-4.854,5.443,4.429
0.05,1555,6.135,-2.322,-6.081
0.05,1556,-7.361,2.398,-0.194
0.05,1557,9.913,9.078,-10.355
0.05,1559,-7.258,-4.043,-6.929
0.05,1560,-4.108,4.001,-0.277
0.05,1561,-8.592,-8.326,3.760
0.05,1562,3.768,6.363,-0.212
0.05,1563,5.158,7.073,-6.274
0.05,1565,2.607,-3.618,4.453
0.05,1566,-3.378,-2.087,3.936
0.05,1567,-5.016,8.397,-0.229
0.05,1568,-2.040,7.350,-0.191
0.05,1569,3.163,2.755,-5.315
0.05,1570,3.343,7.939,-0.189
0.05,1571,-8.531,4.141,-5.227
0.05,1572,-8.844,2.622,4.961
0.05,1573,8.659,6.195,4.179
0.05,1574,-7.590,1.720,-0.187
0.05,1575,-3.835,-0.438,-6.074
0.05,1577,-3.778,3.499,-0.316
0.05,1578,-5.280,7.522,-0.223
0.05,1579,-4.042,-6.878,9.259
0.05,1580,-5.344,-7.281,-5.446
0.05,1581,-2.813,-7.686,-0.196
0.05,1582,-0.305,-5.822,-0.381
0.05,1583,-1.820,7.696,-5.612
0.05,1584,8.621,1.449,-5.417
0.05,1585,0.095,-0.313,-0.352
0.05,1586,-6.088,0.088,4.695
0.05,1587,8.067,-1.941,-0.206
0.05,1588,-1.232,-3.877,-4.967
0.05,1589,-3.597,0.966,-10.493
0.05,1590,-3.967,-0.278,4.531
0.05,1591,-6.519,-7.357,-5.283
0.05,1592,-9.106,-5.796,-0.346
0.05,1593,-4.570,8.274,4.464
0.05,1594,-4.030,-7.870,4.654
0.05,1595,9.200,1.442,-5.451
0.05,1596,7.009,-9.283,-5.126
0.05,1597,-6.749,-9.377,-0.235
0.05,1598,2.145,-8.576,-0.205
0.05,1599,1.750,8.606,-0.219
0.05,1600,7.471,-9.500,3.942
0.05,1601,-0.545,3.878,-10.508
0.05,1602,-3.879,-0.483,4.534
0.05,1603,-0.540,-3.371,9.331
0.05,1604,8.228,8.984,3.840
0.05,1605,6.256,5.855,-0.208
0.05,1606,-1.856,-2.970,-10.432
0.05,1607,6.179,-1.901,-0.424
0.05,1608,8.984,-2.918,4.548
0.05,1609,-6.149,5.532,-4.956
0.05,1610,-5.187,3.234,-0.303
0.05,1611,-8.712,1.348,5.462
0.05,1612,-8.712,0.549,-0.191
0.05,1613,2.702,-8.551,-10.970
0.05,1614,-0.850,-4.614,-5.060
0.05,1615,-3.690,-9.038,4.680
0.05,1616,8.173,-4.109,-0.262
0.05,1617,9.405,1.558,-5.473
0.05,1618,1.944,3.792,5.631
0.05,1619,2.574,-7.851,-0.196
0.05,1620,5.866,-6.621,4.950
0.05,1621,0.350,8.259,5.464
0.05,1622,1.747,4.794,4.666
0.05,1624,4.484,-7.629,5.077
0.05,1625,-4.016,0.675,-5.538
0.05,1626,-2.681,7.540,-5.367
0.05,1627,6.875,0.564,-0.224
0.05,1628,-2.073,-4.827,-4.962
0.05,1629,8.822,0.156,4.595
0.05,1630,2.348,-2.092,9.180
0.05,1631,5.299,7.253,-6.306
0.05,1632,6.422,-3.729,-0.241
0.05,1633,0.171,-9.623,-11.130
0.05,1634,0.955,5.513,-0.270
0.05,1635,2.604,2.279,9.356
0.05,1636,-2.549,-4.862,4.423
0.05,1637,5.758,-7.704,5.032
0.05,1638,-0.099,8.739,-0.228
0.05,1640,0.177,-4.910,-5.185
0.05,1641,-10.688,9.651,-11.060
0.05,1642,-8.813,4.852,4.476
0.05,1643,-4.842,0.204,4.607
0.05,1644,1.785,3.050,-10.967
0.05,1646,8.934,1.710,4.725
0.05,1647,7.662,4.493,-5.086
0.05,1648,8.449,-9.309,-5.632
0.05,1649,3.726,2.087,4.200
0.05,1650,-1.343,-5.837,4.357
0.05,1651,2.933,4.056,-5.553
0.05,1652,8.633,-9.251,-5.958
0.05,1653,-4.081,7.776,-0.204
0.05,1654,6.485,-0.982,-5.484
0.05,1655,-8.340,-4.734,-0.279
0.05,1656,-6.851,0.261,-0.160
0.05,1657,3.303,1.747,-10.639
0.05,1658,-4.098,0.015,-5.753
0.05,1659,3.074,-2.479,3.957
0.05,1661,-4.333,8.048,9.821
0.05,1662,-3.672,1.572,-9.336
0.05,1663,-8.382,-5.352,-0.305
0.05,1664,3.116,9.822,5.171
0.05,1665,-7.095,4.967,4.486
0.05,1666,-7.421,6.130,-0.238
0.05,1668,10.033,-6.434,-6.296
0.05,1669,-0.326,-3.927,-10.534
0.05,1670,0.056,4.084,9.560
0.05,1671,2.610,-2.518,-11.192
0.05,1672,-5.082,7.700,9.734
0.05,1673,-10.114,-8.236,-5.536
0.05,1674,3.239,7.077,-0.210
0.05,1675,2.961,-2.490,4.082
0.05,1677,-2.149,3.847,9.480
0.05,1678,0.967,-5.505,3.526
0.05,1679,0.983,-8.511,-0.208
0.05,1680,-6.648,7.445,-5.244
0.05,1681,-9.291,-0.744,5.113
0.05,1682,-3.954,9.354,4.458
0.05,1684,-2.725,-3.080,4.108
0.05,1685,3.885,6.598,-0.209
0.05,1686,-6.713,6.323,-5.106
0.05,1687,5.551,-6.805,-0.238
0.05,1688,-0.396,5.707,4.663
0.05,1689,1.709,3.174,9.675
0.05,1690,-7.653,-7.867,-4.931
0.05,1691,2.797,4.173,4.715
0.05,1692,-7.665,4.545,-0.194
0.05,1693,8.799,-8.533,3.199
0.05,1694,-3.586,7.658,-0.188
0.05,1695,-5.415,7.072,9.608
0.05,1696,3.448,-5.808,-5.732
0.05,1697,-3.660,-0.239,-10.986
0.05,1698,7.327,-9.420,3.945
0.05,1699,5.768,-1.215,-0.359
0.05,1700,2.856,1.828,9.019
0.05,1701,4.481,6.419,-0.211
0.05,1702,3.313,0.721,-10.735
0.05,1703,3.227,4.407,4.849
0.05,1704,-2.658,4.836,-4.956
0.05,1705,-6.549,-9.859,-0.237
0.05,1706,-1.903,4.305,9.396
0.05,1707,-0.170,9.511,9.664
0.05,1708,0.435,-7.139,9.237
0.05,1709,0.756,-3.767,-0.330
0.05,1710,7.893,-0.395,-5.323
0.05,1711,5.296,0.836,-0.281
0.05,1712,-4.192,-8.218,-0.219
0.05,1713,8.649,0.291,9.498
0.05,1714,-4.195,-6.817,9.239
0.05,1715,-1.314,4.706,3.974
0.05,1716,-7.178,7.561,8.998
0.05,1717,8.294,-0.344,-0.195
0.05,1718,9.881,8.870,-9.902
0.05,1719,-4.323,5.645,4.428
0.05,1720,3.406,0.718,-10.650
0.05,1721,-5.196,5.390,4.444
0.05,1722,8.787,0.681,9.588
0.05,1723,8.467,6.710,-5.536
0.05,1724,10.722,-5.575,-6.195
0.05,1725,-5.006,-6.015,-0.185
0.05,1726,9.209,9.025,-10.745
0.05,1727,-7.755,7.732,8.652
0.05,1728,-8.864,-2.422,-11.205
0.05,1729,-3.240,-2.977,3.861
0.05,1730,3.594,-4.772,-0.242
0.05,1731,7.978,-0.619,-0.192
0.05,1732,6.312,-0.710,-5.417
0.05,1734,8.291,3.076,4.625
0.05,1735,2.862,-7.896,-0.197
0.05,1736,7.463,0.423,4.669
0.05,1738,-7.026,4.469,-0.181
0.05,1739,-9.942,-3.236,5.148
0.05,1741,4.008,0.092,4.220
0.05,1742,-6.362,0.653,-0.161
0.05,1743,1.015,8.398,8.907
0.05,1744,3.157,-8.393,-5.623
0.05,1745,2.714,3.716,4.530
0.05,1746,3.356,7.666,5.279
0.05,1747,-3.355,1.529,-10.292
0.05,1748,-7.966,-3.007,-9.664
0.05,1749,-1.144,4.764,3.988
0.05,1750,3.288,7.570,-10.084
0.05,1751,-5.632,5.585,-0.186
0.05,1752,-8.708,-0.995,-10.732
0.05,1753,-0.201,8.282,-0.210
0.05,1754,1.024,3.087,-0.524
0.05,1755,3.159,-1.005,-0.548
0.05,1756,-6.816,-4.962,-0.211
0.05,1757,-6.546,5.203,4.480
0.05,1758,8.821,1.695,-5.448
0.05,1759,-1.307,-8.381,-5.102
0.05,1760,-1.709,8.020,-0.184
0.05,1761,8.766,-8.930,-4.877
0.05,1762,-8.911,-5.420,-0.326
0.05,1763,-3.143,1.866,9.308
0.05,1764,4.731,6.584,5.291
0.05,1765,-0.631,8.169,-0.197
0.05,1766,-5.836,-3.830,-0.279
0.05,1767,-6.941,-4.032,-0.206
0.05,1768,8.051,-0.287,4.675
0.05,1769,7.542,-9.568,4.005
0.05,1770,3.934,1.609,4.211
0.05,1771,-0.633,1.716,-0.917
0.05,1772,-8.795,0.036,-6.142
0.05,1773,-6.401,7.882,-0.210
0.05,1774,-2.713,-10.293,8.899
0.05,1775,2.179,9.153,-6.398
0.05,1776,9.744,-6.929,-6.461
0.05,1777,9.367,1.830,-5.506
0.05,1778,-3.791,-0.067,-6.046
0.05,1779,-5.774,-5.808,4.840
0.05,1780,-8.087,-1.090,-0.207
0.05,1781,3.468,6.663,-0.214
0.05,1782,-6.558,5.537,-4.968
0.05,1783,-5.366,6.879,-0.211
0.05,1784,-3.598,-6.808,9.222
0.05,1785,-3.939,6.090,-0.178
0.05,1786,-3.614,10.199,4.382
0.05,1787,7.789,-9.613,4.050
0.05,1788,-5.328,7.558,9.691
0.05,1789,-1.857,-7.154,4.461
0.05,1790,3.909,-7.972,5.015
0.05,1791,-3.263,1.789,-10.259
0.05,1793,3.041,1.582,9.180
0.05,1794,-1.911,-7.586,4.497
0.05,1795,3.297,5.690,-0.224
0.05,1797,-2.667,-2.955,4.094
0.05,1798,9.818,9.150,-10.324
0.05,1799,-5.901,8.774,-0.221
0.05,1800,-4.102,-7.384,4.622
0.05,1801,8.199,5.308,-5.178
0.05,1802,6.204,6.721,-5.746
0.05,1803,-4.741,-7.058,9.434
0.05,1804,-3.814,-6.097,4.544
0.05,1805,0.987,9.176,-6.416
0.05,1806,-3.375,0.704,9.213
0.05,1807,6.430,-1.703,-5.776
0.05,1808,2.255,-2.390,9.080
0.05,1809,6.396,-0.298,-0.281
0.05,1810,-1.214,-6.682,-0.243
0.05,1811,3.637,-8.228,-5.818
0.05,1812,6.899,3.338,-0.170
0.05,1813,-0.109,-3.848,9.392
0.05,1814,8.224,2.860,-5.187
0.05,1815,-1.016,-2.358,-0.400
0.05,1816,-0.503,6.646,-5.909
0.05,1817,5.118,7.009,-6.265
0.05,1818,9.108,7.481,5.896
0.05,1819,-8.280,2.389,-5.550
0.05,1820,-4.093,9.053,-4.989
0.05,1821,-8.345,-1.095,-6.567
0.05,1822,4.089,-6.490,-0.209
0.05,1823,9.544,1.930,-5.502
0.05,1824,10.652,-6.172,-6.570
0.05,1825,-5.213,7.808,-5.197
0.05,1826,-5.742,-6.151,9.074
0.05,1827,0.368,5.530,-0.291
0.05,1828,-9.212,-1.113,-5.946
0.05,1829,1.256,4.241,4.341
0.05,1830,4.928,-4.832,-0.251
0.05,1831,1.886,-7.313,8.372
0.05,1832,4.946,-4.805,-0.251
0.05,1833,1.566,4.043,4.443
0.05,1834,6.037,-0.365,-5.326
0.05,1835,-1.012,-3.130,9.345
0.05,1836,-2.974,3.189,-4.909
0.05,1837,3.375,0.939,-10.622
0.05,1838,2.041,-3.916,-10.991
0.05,1839,-3.221,-1.834,-5.513
0.05,1840,-5.482,-7.434,-0.207
0.05,1842,-1.711,3.828,-10.312
0.05,1843,-5.060,4.757,-0.205
0.05,1844,3.229,1.801,-10.628
0.05,1845,-1.779,-7.602,-4.999
0.05,1846,1.306,-9.872,4.627
0.05,1847,8.007,-0.911,4.721
0.05,1848,-2.605,-2.635,4.016
0.05,1850,8.481,5.931,-5.204
0.05,1851,-8.648,1.645,-5.941
0.05,1852,-2.644,-4.899,-0.240
0.05,1853,-3.709,5.224,-4.927
0.05,1854,7.061,3.379,-0.169
0.05,1855,2.762,3.823,-5.754
0.05,1856,-1.332,4.246,-0.390
0.05,1857,8.933,-5.837,5.004
0.05,1858,-8.665,2.140,-5.735
0.05,1859,-8.631,3.528,4.539
0.05,1860,-8.927,0.075,-6.014
0.05,1861,5.763,-5.822,-0.227
0.05,1862,4.465,-4.975,-0.243
0.05,1863,5.466,4.817,-0.226
0.05,1864,-1.884,-2.185,8.979
0.05,1865,-1.464,7.249,4.893
0.05,1866,0.668,3.486,-10.938
0.05,1867,-6.803,7.217,-5.225
0.05,1869,-3.527,9.620,4.459
0.05,1870,-3.736,9.786,4.429
0.05,1871,-2.551,-2.690,4.029
0.05,1872,2.292,7.019,-0.247
0.05,1873,-4.845,7.217,4.475
0.05,1874,-5.605,-5.787,-5.533
0.05,1875,4.831,-0.020,4.469
0.05,1876,7.569,2.678,-0.175
0.05,1877,4.073,1.113,4.265
0.05,1878,7.272,3.271,-0.168
0.05,1879,5.516,-8.332,-0.400
0.05,1880,9.203,-0.397,4.583
0.05,1881,2.791,-3.335,4.378
0.05,1882,-5.876,-0.274,-0.188
0.05,1883,-8.365,-0.432,-0.195
0.05,1884,-5.537,3.461,-0.255
0.05,1885,-7.309,-3.717,5.562
0.05,1886,-1.614,8.028,-0.185
0.05,1887,-4.027,1.073,-5.400
0.05,1888,-3.847,0.311,-5.777
0.05,1889,8.179,2.628,4.670
0.05,1890,5.632,-5.081,-0.240
0.05,1891,0.648,-9.379,-5.355
0.05,1892,-7.861,7.853,8.580
0.05,1893,-5.637,7.464,4.579
0.05,1894,-8.752,-0.469,-10.726
0.05,1895,5.415,-7.417,4.958
0.05,1896,0.026,4.545,4.168
0.05,1897,7.105,6.015,4.658
0.05,1898,-0.879,2.325,-0.648
0.05,1899,-8.612,-7.852,3.952
0.05,1900,3.669,-8.065,4.979
0.05,1901,-1.097,-3.408,9.380
0.05,1902,7.646,7.091,-10.867
0.05,1903,7.026,-7.269,-6.137
0.05,1904,8.443,-9.503,-5.732
0.05,1905,-5.481,-7.491,-0.208
0.05,1906,0.722,4.694,4.435
0.05,1907,-0.785,-3.194,9.314
0.05,1908,-4.718,-4.670,-0.281
0.05,1909,9.053,1.552,-11.082
0.05,1910,-6.493,8.319,4.582
0.05,1911,9.145,7.567,3.270
0.05,1912,0.923,4.934,-5.390
0.05,1913,8.621,2.195,4.702
0.05,1914,9.331,10.896,8.162
0.05,1915,-1.207,5.757,4.445
0.05,1916,-3.645,-1.661,3.922
0.05,1917,-4.185,0.650,-5.511
0.05,1918,-3.819,6.044,9.180
0.05,1919,-9.017,4.879,-5.180
0.05,1920,10.556,-5.196,5.564
0.05,1921,-0.904,-3.096,9.294
0.05,1923,-4.145,-7.195,9.377
0.05,1924,3.267,1.370,9.313
0.05,1925,4.008,10.606,4.490
0.05,1926,0.120,8.285,-0.219
0.05,1927,1.045,-4.743,4.422
0.05,1928,0.443,-8.257,-0.205
0.05,1930,2.904,-3.598,-5.219
0.05,1931,-9.434,-6.468,-0.384
0.05,1932,-3.311,-3.647,-5.099
0.05,1933,-1.490,4.913,-10.038
0.05,1935,-7.965,3.566,-0.190
0.05,1936,3.398,7.623,-0.195
0.05,1937,-2.684,3.056,9.441
0.05,1938,-9.775,-2.036,-5.956
0.05,1939,-8.590,2.236,-0.198
0.05,1940,7.815,0.285,9.177
0.05,1941,-4.242,0.717,4.544
0.05,1942,7.715,-9.479,3.991
0.05,1943,-3.008,-8.886,9.159
0.05,1944,5.428,-7.012,4.917
0.05,1945,8.334,-9.464,-5.598
0.05,1946,-5.710,5.586,-4.954
0.05,1947,3.107,3.326,4.491
0.05,1948,-2.836,4.874,4.391
0.05,1949,-2.931,-2.566,3.981
0.05,1950,1.286,-9.295,-5.392
0.05,1951,-8.965,-4.364,-0.297
0.05,1952,9.956,10.486,8.014
0.05,1953,5.766,-7.843,4.753
0.05,1954,7.530,-2.487,-0.219
0.05,1956,-1.149,-3.392,-10.415
0.05,1957,-4.642,8.126,4.469
0.05,1958,-5.830,-5.906,4.818
0.05,1959,-6.901,4.894,-0.183
0.05,1960,-5.370,-5.845,4.759
0.05,1961,7.547,-1.734,-0.215
0.05,1962,6.974,3.165,-0.170
0.05,1963,-7.094,-6.908,-5.368
0.05,1964,4.826,-0.596,-5.346
0.05,1965,-1.443,-7.738,-0.203
0.05,1966,-4.190,-6.899,9.271
0.05,1967,5.349,-7.899,5.059
0.05,1968,6.086,6.969,5.153
0.05,1969,-10.712,-1.786,4.692
0.05,1970,-4.002,0.206,-5.730
0.05,1971,7.283,7.592,4.823
0.05,1972,-2.131,-7.074,4.461
0.05,1973,-3.399,-2.534,3.611
0.05,1974,1.759,-3.858,-5.361
0.05,1975,-5.376,-6.934,-5.474
0.05,1976,-2.696,8.415,9.936
0.05,1977,1.840,-9.621,4.605
0.05,1978,-9.644,-1.106,5.028
0.05,1979,-8.662,-7.647,4.038
0.05,1980,-5.253,-6.384,-5.431
0.05,1981,-0.300,-3.715,4.536
0.05,1982,5.792,-2.207,-9.742
0.05,1983,-2.533,3.570,9.440
0.05,1984,2.133,5.445,-0.250
0.05,1985,2.622,-0.928,2.542
0.05,1986,-9.392,-4.417,5.234
0.05,1987,8.763,-8.837,3.605
0.05,1988,6.181,6.332,4.948
0.05,1989,-0.909,-7.752,-0.204
0.05,1990,-2.443,2.859,-10.281
0.05,1991,-4.681,-4.523,-0.304
0.05,1992,3.346,-3.658,-0.288
0.05,1993,4.904,6.683,5.303
0.05,1994,5.612,-6.294,-0.228
0.05,1995,2.057,2.082,-0.835
0.05,1996,-8.609,2.117,-0.198
0.05,1997,-4.761,7.224,4.470
0.05,1998,-7.009,5.875,9.201
0.05,2000,-3.932,6.422,4.464
0.05,2001,-5.516,-3.471,-0.337
0.05,2002,3.305,-8.270,-5.814
0.05,2003,-3.795,-7.278,4.588
0.05,2004,5.582,4.750,-0.223
0.05,2005,-3.085,-4.951,4.454
0.05,2006,4.213,1.961,-5.079
0.05,2007,1.990,-2.255,9.118
0.05,2008,5.585,-6.456,9.446
0.05,2009,2.112,-8.622,4.661
0.05,2010,4.089,0.791,-0.319
0.05,2011,-5.413,7.089,-0.215
0.05,2012,5.929,6.614,-10.940
0.05,2013,2.380,-3.920,4.492
0.05,2014,0.073,-8.650,-0.218
0.05,2015,-8.056,-3.227,-0.226
0.05,2016,8.687,1.889,-5.426
0.05,2018,-1.210,4.940,4.042
0.05,2019,-5.662,5.679,-4.959
0.05,2020,-5.344,-6.739,-5.467
0.05,2021,9.352,3.368,4.551
0.05,2022,-2.725,4.022,-0.290
0.05,2023,4.323,-8.115,-11.015
0.05,2024,-7.187,2.640,-0.196
0.05,2025,-8.839,0.896,-10.363
0.05,2026,0.596,-9.262,4.695
0.05,2027,6.194,-7.361,-0.302
0.05,2028,5.475,-0.800,-5.438
0.05,2029,4.142,0.449,-0.329
0.05,2030,5.930,6.948,-5.950
0.05,2031,-1.615,0.112,-1.137
0.05,2032,-5.010,0.877,4.546
0.05,2033,-6.823,-6.275,-0.233
0.05,2034,1.812,3.102,-10.878
0.05,2035,-7.151,3.574,-0.186
0.05,2036,3.525,0.747,9.395
0.05,2037,-5.350,-4.977,-0.223
0.05,2038,-3.366,0.489,9.356
0.05,2040,-4.424,-7.548,-10.740
0.05,2041,8.229,-8.203,-1.048
0.05,2042,5.405,6.953,5.301
0.05,2043,-3.660,-5.947,9.094
0.05,2044,3.716,-7.964,4.987
0.05,2045,2.936,-2.807,4.130
0.05,2046,3.252,3.166,4.464
0.05,2047,-3.866,-5.889,4.545
0.05,2048,-2.449,4.998,9.221
0.05,2049,4.337,-6.626,4.947
0.05,2050,-0.465,-3.732,-5.119
0.05,2051,-3.774,8.290,-11.197
0.05,2052,9.971,9.831,8.489
0.05,2053,3.650,5.213,-5.750
0.05,2054,7.431,6.657,-5.444
0.05,2055,8.646,5.902,4.213
0.05,2056,3.974,10.603,-5.475
0.05,2057,5.312,7.678,-6.433
0.05,2058,6.555,-2.603,-9.913
0.05,2059,8.608,0.001,9.481
0.05,2060,7.979,0.290,-0.199
0.05,2061,-5.301,1.188,4.503
0.05,2062,-3.457,2.761,4.154
0.05,2063,-4.189,0.710,4.537
0.05,2064,6.591,-8.730,7.551
0.05,2065,2.553,3.993,4.594
0.05,2066,-7.332,3.196,-5.288
0.05,2067,-1.794,-4.126,4.375
0.05,2068,5.808,-6.586,-11.046
0.05,2069,7.922,4.094,-5.084
0.05,2070,-4.747,1.493,-5.290
0.05,2071,3.625,-2.210,-0.434
0.05,2072,6.736,-4.935,-6.586
0.05,2073,-6.249,-7.704,-0.215
0.05,2074,-2.730,4.496,-4.928
0.05,2075,-9.307,-4.828,10.067
0.05,2076,8.817,2.050,-5.417
0.05,2077,-1.921,-3.593,4.305
0.05,2078,0.627,4.589,4.422
0.05,2079,8.794,6.679,-5.282
0.05,2080,-9.624,2.591,7.288
0.05,2081,-3.282,7.050,4.524
0.05,2082,-7.714,-7.852,4.127
0.05,2083,-3.396,7.652,9.682
0.05,2084,-9.423,-1.238,-5.899
0.05,2085,3.445,-2.699,4.244
0.05,2086,-3.145,-3.510,-5.029
0.05,2087,1.282,3.557,9.705
0.05,2088,4.181,1.165,-4.914
0.05,2089,9.154,1.574,4.725
0.05,2090,-5.577,-5.696,4.806
0.05,2091,-7.231,3.957,-0.183
0.05,2092,2.578,-2.556,-5.203
0.05,2093,-3.575,-8.687,-0.221
0.05,2094,3.994,10.328,4.593
0.05,2095,7.744,3.661,-5.065
0.05,2096,-6.511,5.559,4.460
0.05,2097,3.115,0.076,9.434
0.05,2098,-0.675,-3.396,-0.276
0.05,2099,-2.859,-5.357,4.463
0.05,2100,7.664,-5.276,-6.378
0.05,2102,-7.891,-2.852,-0.223
0.05,2103,-8.452,-1.067,-0.204
0.05,2104,-3.610,-8.376,-5.369
0.05,2105,-3.992,0.298,-5.684
0.05,2106,-3.052,5.148,-4.960
0.05,2107,3.269,3.347,-5.515
0.05,2108,7.055,-0.135,-0.219
0.05,2109,-4.531,0.846,-5.403
0.05,2110,3.173,-9.994,8.723
0.05,2111,4.227,1.059,-4.919
0.05,2112,0.624,4.736,8.043
0.05,2113,-5.696,6.599,-0.207
0.05,2114,-8.558,7.127,-0.367
0.05,2115,-4.176,-7.591,-5.331
0.05,2116,-8.261,-1.722,-0.214
0.05,2117,-0.923,-3.939,4.442
0.05,2118,-2.876,-5.421,-9.887
0.05,2119,-3.200,-3.929,4.307
0.05,2120,8.496,0.089,9.410
0.05,2121,-6.838,-6.985,9.788
0.05,2122,-2.861,-5.603,-0.211
0.05,2123,8.835,0.668,9.608
0.05,2124,-8.258,-0.361,9.197
0.05,2125,-3.846,-6.741,-10.012
0.05,2126,6.391,-6.017,-0.218
0.05,2127,-2.553,5.384,4.413
0.05,2128,-2.819,2.476,9.402
0.05,2129,-3.600,-0.777,-6.828
0.05,2130,-7.737,7.211,-5.214
0.05,2131,6.524,-8.106,-5.774
0.05,2132,9.726,8.834,-10.044
0.05,2133,4.747,-7.502,5.060
0.05,2134,8.653,1.953,4.717
0.05,2135,0.755,1.586,-0.600
0.05,2136,-1.700,-2.991,-10.418
0.05,2137,7.691,-3.369,-0.221
0.05,2138,-9.389,-1.164,-5.901
0.05,2139,-2.254,5.238,4.350
0.05,2140,1.822,-8.031,8.992
0.05,2141,-1.346,0.561,-5.910
0.05,2142,-3.668,9.429,-4.981
0.05,2143,-8.149,-3.635,-0.235
0.05,2144,7.037,-4.525,-0.213
0.05,2145,3.087,-0.537,-10.816
0.05,2146,2.839,-3.078,-5.234
0.05,2147,9.008,-8.317,2.755
0.05,2148,3.037,5.928,-0.228
0.05,2149,1.366,6.621,-6.286
0.05,2150,-2.769,-6.474,4.463
0.05,2151,-2.814,8.877,-5.324
0.05,2152,8.537,2.019,-0.214
0.05,2153,-8.832,0.373,5.167
0.05,2154,-2.189,-6.949,4.453
0.05,2155,8.192,-8.261,5.499
0.05,2156,2.974,2.098,9.438
0.05,2157,-2.029,6.685,4.614
0.05,2158,-3.658,5.763,-0.186
0.05,2159,2.624,4.234,4.690
0.05,2160,-4.239,6.965,4.454
0.05,2161,-5.699,7.413,4.580
0.05,2162,4.188,-7.762,-5.938
0.05,2163,-2.009,-7.099,4.459
0.05,2164,-3.167,-1.212,4.745
0.05,2167,3.125,3.102,-5.497
0.05,2168,-7.064,1.862,-0.188
0.05,2169,-8.823,1.231,5.284
0.05,2170,-0.882,7.306,5.060
0.05,2171,-8.984,-1.785,-6.147
0.05,2172,-5.817,7.809,4.587
0.05,2173,2.411,-3.564,4.465
0.05,2174,0.938,-4.110,4.562
0.05,2175,-5.009,-7.334,-5.439
0.05,2176,2.591,-3.585,4.446
0.05,2177,-8.076,3.214,4.572
0.05,2178,7.567,-1.963,9.279
0.05,2179,3.021,3.326,-5.496
0.05,2180,3.552,1.806,-10.531
0.05,2181,-3.691,-0.928,-8.469
0.05,2182,-4.552,-7.271,-0.193
0.05,2183,8.160,1.380,-0.206
0.05,2184,5.500,7.477,-6.342
0.05,2185,8.921,3.923,-5.236
0.05,2186,0.873,9.540,-6.385
0.05,2187,-3.419,-4.127,4.341
0.05,2188,8.121,6.318,4.375
0.05,2189,-9.785,9.359,-10.925
0.05,2190,7.565,-3.318,-0.217
0.05,2191,-7.847,-3.539,-0.224
0.05,2192,8.987,-8.439,-6.900
0.05,2193,2.554,-3.853,-5.268
0.05,2194,-0.931,-3.156,9.337
0.05,2195,2.858,-2.892,-5.180
0.05,2196,1.929,-3.450,-5.363
0.05,2197,8.282,5.183,-5.192
0.05,2198,-2.251,-4.834,-0.249
0.05,2199,8.288,-9.538,-5.704
0.05,2200,-3.817,6.793,-0.177
0.05,2201,-1.948,8.007,-0.182
0.05,2202,1.363,9.034,-10.814
0.05,2203,-1.396,-1.120,-0.669
0.05,2204,4.333,0.933,-4.929
0.05,2205,2.974,1.897,9.314
0.05,2206,-2.389,-3.211,4.183
0.05,2207,2.839,-4.328,-5.355
0.05,2208,3.437,2.943,-5.370
0.05,2209,8.744,1.339,-5.422
0.05,2210,2.727,-8.160,4.714
0.05,2211,-6.996,-2.207,-0.241
0.05,2212,-8.338,5.090,-0.237
0.05,2213,-5.864,6.113,-5.039
0.05,2214,2.497,-8.153,-10.725
0.05,2215,-9.854,-1.252,4.971
0.05,2216,-1.528,-8.328,4.546
0.05,2217,-8.768,1.286,-9.789
0.05,2218,8.926,6.032,4.102
0.05,2219,-0.155,-4.131,-0.311
0.05,2220,5.381,7.126,-6.216
0.05,2221,-3.587,2.245,4.161
0.05,2222,-8.478,3.931,-5.247
0.05,2223,7.075,-0.539,4.753
0.05,2224,-0.352,2.987,-0.528
0.05,2225,3.301,1.918,-10.639
0.05,2226,3.458,-6.297,-10.959
0.05,2227,-3.247,-7.629,9.349
0.05,2228,-7.385,-2.619,-0.229
0.05,2229,-7.731,-0.344,-0.187
0.05,2230,-3.267,0.095,-9.384
0.05,2231,-3.648,0.485,-10.642
0.05,2232,-5.472,-8.340,-5.306
0.05,2233,-9.455,-1.570,-5.940
0.05,2234,-6.733,7.212,4.557
0.05,2235,1.852,-7.213,-0.222
0.05,2236,0.766,-3.618,-0.331
0.05,2237,-3.305,-7.443,-0.190
0.05,2238,7.247,3.101,-0.168
0.05,2240,2.845,-4.702,-5.459
0.05,2241,-2.982,6.792,4.535
0.05,2242,-8.688,3.460,4.535
0.05,2243,-8.682,1.625,4.847
0.05,2244,9.093,-0.145,4.584
0.05,2245,5.938,0.268,4.584
0.05,2246,3.442,3.479,-5.519
0.05,2247,8.176,-4.661,4.932
0.05,2248,-4.150,0.277,4.751
0.05,2249,7.594,2.264,-0.183
0.05,2250,0.319,-8.089,-0.202
0.05,2251,-0.345,-9.066,4.621
0.05,2252,-5.878,7.512,-5.284
0.05,2253,-0.894,-3.723,-5.029
0.05,2254,-7.242,0.496,-0.165
0.05,2255,4.399,-5.910,-0.223
0.05,2256,-3.471,-2.457,-5.510
0.05,2257,2.594,-8.604,-0.209
0.05,2258,-3.583,-6.696,-5.051
0.05,2259,-3.495,-9.357,4.664
0.05,2260,-0.765,-7.203,-5.002
0.05,2261,-1.329,4.437,3.951
0.05,2262,6.120,5.401,-0.203
0.05,2263,-2.855,8.320,-5.359
0.05,2264,7.994,3.978,4.568
0.05,2265,-1.024,-3.093,9.321
0.05,2266,0.447,9.079,9.558
0.05,2267,5.723,0.392,-10.087
0.05,2268,2.095,4.513,4.647
0.05,2269,5.949,7.237,5.260
0.05,2270,5.041,0.650,4.429
0.05,2271,10.909,-9.830,-10.237
0.05,2272,4.196,9.037,4.952
0.05,2273,6.445,-5.228,-0.217
0.05,2274,5.869,6.632,-5.838
0.05,2275,2.967,-3.098,-5.219
0.05,2276,-4.868,-6.161,-10.035
0.05,2277,8.610,5.392,-5.200
0.05,2278,-4.124,-0.775,4.430
0.05,2279,6.907,-1.695,-5.604
0.05,2280,10.354,-2.447,4.429
0.05,2281,9.950,8.603,-10.200
0.05,2282,0.632,3.858,9.645
0.05,2283,4.256,4.899,-0.238
0.05,2284,4.991,-5.535,-0.238
0.05,2285,4.060,-7.529,-5.908
0.05,2286,-1.362,-4.142,-0.260
0.05,2287,8.342,-2.188,-0.216
0.05,2288,-6.608,5.222,4.477
0.05,2289,8.702,5.740,-0.367
0.05,2290,0.983,5.423,-5.582
0.05,2291,-2.939,-0.999,-9.137
0.05,2292,4.986,-3.956,-5.914
0.05,2293,8.899,8.581,-0.481
0.05,2294,2.140,-5.715,-6.623
0.05,2295,1.421,-9.156,-5.394
0.05,2296,-2.094,-3.719,4.316
0.05,2298,-4.007,0.292,-5.691
0.05,2299,-8.724,2.538,-5.558
0.05,2300,4.355,0.477,4.366
0.05,2301,-0.732,-5.950,-5.073
0.05,2302,-0.674,4.565,-5.240
0.05,2303,9.019,1.313,-11.030
0.05,2304,3.745,3.847,4.775
0.05,2305,3.973,-7.724,-5.923
0.05,2306,3.884,0.368,-4.937
0.05,2309,-6.605,4.945,4.497
0.05,2310,-9.394,-5.079,5.150
0.05,2311,-1.127,-3.107,9.364
0.05,2312,-3.317,-8.804,-5.397
0.05,2313,-1.127,-3.806,4.421
0.05,2314,3.459,2.350,4.154
0.05,2315,8.593,-0.855,-0.199
0.05,2316,-6.252,5.622,-4.961
0.05,2317,-7.538,8.124,-5.131
0.05,2318,6.610,-2.267,-5.904
0.05,2319,2.900,-1.281,-10.919
0.05,2320,-5.804,-6.934,-5.483
0.05,2321,5.451,-7.145,4.901
0.05,2322,3.233,1.552,-10.575
0.05,2323,-8.161,-8.063,3.938
0.05,2324,7.865,-5.154,-11.224
0.05,2325,2.145,5.230,-5.615
0.05,2326,3.722,8.033,5.207
0.05,2327,-2.713,-3.043,4.104
0.05,2328,1.774,5.800,-0.257
0.05,2329,-6.096,5.595,4.470
0.05,2330,-9.827,-6.583,-6.096
0.05,2331,-3.746,-1.280,4.134
0.05,2332,-3.950,-6.910,9.265
0.05,2333,-3.899,1.307,-5.330
0.05,2334,-10.296,9.423,7.942
0.05,2335,-7.206,-2.903,-0.225
0.05,2336,6.892,4.756,-0.185
0.05,2337,-5.383,-6.931,-5.489
0.05,2339,0.788,-9.626,-5.381
0.05,2340,4.460,6.119,-6.071
0.05,2341,-1.724,-4.968,4.390
0.05,2342,2.727,-8.620,-5.512
0.05,2343,-4.314,-7.259,-0.192
0.05,2344,-8.186,5.514,4.456
0.05,2345,-2.254,4.381,-4.940
0.05,2346,-1.962,3.451,-4.912
0.05,2347,-8.671,1.344,-0.193
0.05,2348,-6.003,-6.063,-0.200
0.05,2349,-1.497,0.634,-1.199
0.05,2350,3.178,1.443,9.274
0.05,2351,-3.234,-0.286,9.436
0.05,2352,1.082,8.911,-0.250
0.05,2353,-6.092,-6.800,-5.502
0.05,2354,-8.837,-0.755,-10.817
0.05,2355,-7.323,-6.838,-0.269
0.05,2356,1.974,3.393,-5.788
0.05,2358,-2.894,3.409,4.226
0.05,2359,4.446,-5.358,-0.235
0.05,2360,-1.865,-3.417,-4.932
0.05,2361,-3.416,-6.199,4.509
0.05,2362,-8.172,-2.854,-0.224
0.05,2363,0.589,4.566,4.336
0.05,2364,-1.820,6.213,-5.327
0.05,2365,5.638,5.561,-0.214
0.05,2366,7.135,-3.731,-0.216
0.05,2367,-0.693,4.428,3.920
0.05,2368,7.181,-6.627,5.183
0.05,2369,3.197,-1.882,3.594
0.05,2371,-1.790,-7.220,4.466
0.05,2372,-4.350,-3.061,-0.513
0.05,2374,7.407,-2.774,4.919
0.05,2375,-5.656,-3.204,5.453
0.05,2376,9.316,-0.659,4.584
0.05,2377,0.415,-3.986,-5.278
0.05,2378,-8.784,1.282,5.049
0.05,2379,3.703,2.504,-0.422
0.05,2380,-7.322,-3.932,-0.213
0.05,2381,-2.186,-2.802,9.402
0.05,2382,2.340,5.565,-0.245
0.05,2383,-8.892,1.592,5.479
0.05,2384,9.225,4.644,-5.182
0.05,2385,-9.042,-4.864,5.196
0.05,2386,-2.532,-8.711,4.634
0.05,2387,5.426,6.992,5.308
0.05,2388,-8.794,-7.754,-5.087
0.05,2389,-1.472,4.793,4.037
0.05,2390,-4.531,8.078,9.808
0.05,2391,-7.081,4.553,-0.183
0.05,2392,-2.352,5.553,4.407
0.05,2393,6.876,4.030,-0.172
0.05,2394,2.245,4.082,4.598
0.05,2395,10.387,-10.238,-0.234
0.05,2396,5.153,-7.453,-0.266
0.05,2397,0.380,-1.399,-0.460
0.05,2398,4.107,7.472,-0.203
0.05,2399,-2.011,-3.295,-4.931
0.05,2400,-6.703,7.588,-5.232
0.05,2401,10.787,-5.658,-6.694
0.05,2402,0.208,-4.525,-5.244
0.05,2403,-5.426,6.199,-0.196
0.05,2404,-4.630,-7.674,-5.403
0.05,2405,3.049,8.112,-0.185
0.05,2406,9.665,8.084,5.251
0.05,2408,3.025,-1.725,3.389
0.05,2409,-2.721,-2.633,-5.168
0.05,2410,4.746,6.473,-0.213
0.05,2411,4.617,6.172,-0.214
0.05,2412,-5.457,6.820,9.571
0.05,2414,-8.504,-8.217,3.819
0.05,2415,-8.540,-0.518,5.332
0.05,2416,-6.617,-6.946,-5.412
0.05,2417,3.256,-8.484,-5.613
0.05,2418,-2.329,-5.390,-0.237
0.05,2419,-2.271,2.759,-0.417
0.05,2420,-4.938,6.606,9.467
0.05,2422,1.229,-5.811,-0.098
0.05,2423,-2.080,4.215,9.405
0.05,2424,-3.778,0.272,-10.943
0.05,2425,6.383,7.005,-5.822
0.05,2426,-5.732,-6.627,-5.520
0.05,2427,5.112,8.636,-0.452
0.05,2428,0.328,-8.484,-0.211
0.05,2429,7.563,2.316,-0.181
0.05,2430,-4.117,-7.981,4.664
0.05,2431,4.618,-2.736,-5.741
0.05,2432,-5.312,5.646,-0.186
0.05,2433,8.904,2.408,4.687
0.05,2434,6.224,5.082,-0.199
0.05,2435,-1.302,-0.157,0.651
0.05,2436,2.089,-3.731,-5.313
0.05,2437,8.261,-2.438,-0.219
0.05,2438,-4.243,-0.446,4.493
0.05,2439,7.458,6.148,4.587
0.05,2440,5.647,6.772,5.230
0.05,2441,8.532,-8.537,5.233
0.05,2442,-3.950,8.891,-5.017
0.05,2443,-3.366,0.285,-9.672
0.05,2445,3.309,1.636,-10.641
0.05,2446,-0.147,4.969,-5.261
0.05,2447,3.295,5.044,-5.657
0.05,2449,-2.822,2.696,-10.183
0.05,2451,-8.362,0.757,-0.186
0.05,2452,-1.142,-4.934,-5.033
0.05,2453,5.530,6.534,-0.219
0.05,2454,3.151,1.748,-10.464
0.05,2455,2.576,-9.030,4.624
0.05,2456,-1.907,6.289,9.117
0.05,2457,-3.662,0.649,-10.616
0.05,2458,-6.619,7.306,-5.245
0.05,2459,-8.041,0.092,-0.184
0.05,2460,5.430,7.340,-6.304
0.05,2461,8.756,-2.200,-11.117
0.05,2462,3.229,-1.542,3.367
0.05,2463,0.911,-8.077,-0.203
0.05,2464,1.809,7.851,5.644
0.05,2465,-8.798,0.800,5.105
0.05,2466,-3.566,-1.035,-6.538
0.05,2467,7.728,5.575,-5.195
0.05,2468,4.120,-7.890,-5.955
0.05,2469,2.743,2.429,3.903
0.05,2470,7.352,3.922,-0.173
0.05,2471,-9.339,-4.458,5.237
0.05,2472,-5.050,-5.944,4.703
0.05,2473,3.614,2.568,-10.684
0.05,2474,-2.434,5.077,-0.282
0.05,2475,8.642,-4.985,-0.323
0.05,2476,6.779,-0.327,4.730
0.05,2477,4.567,-7.248,-0.230
0.05,2478,-2.663,-10.190,-10.558
0.05,2479,8.194,-1.716,-0.203
0.05,2480,-5.880,-3.244,-0.308
0.05,2481,0.390,9.096,9.560
0.05,2482,-0.755,7.593,-10.988
0.05,2483,4.675,6.867,5.315
0.05,2484,-8.801,1.150,5.643
0.05,2485,3.885,-8.090,5.021
0.05,2486,3.143,3.237,-5.459
0.05,2487,-4.771,7.924,-5.128
0.05,2488,2.312,-3.790,4.497
0.05,2489,-7.116,0.968,-0.168
0.05,2490,5.934,-6.603,4.887
0.05,2491,-1.269,-7.243,4.473
0.05,2492,-2.666,4.278,-10.023
0.05,2493,-4.620,5.621,-4.931
0.05,2494,-4.401,-6.996,9.348
0.05,2495,-4.296,6.117,-0.180
0.05,2496,3.527,-8.038,-5.774
0.05,2497,-3.833,5.218,4.419
0.05,2498,-8.406,-8.015,3.908
0.05,2499,-7.795,-3.212,-0.222
0.05,2500,-8.727,5.395,4.471
0.05,2501,-2.853,-1.076,-8.312
0.05,2502,4.874,6.284,-0.214
0.05,2503,3.102,-2.016,3.720
0.05,2504,-8.806,3.168,4.541
0.05,2505,4.037,1.475,-4.937
0.05,2506,1.203,-5.518,9.019
0.05,2507,-8.180,-0.154,8.973
0.05,2508,-4.562,5.458,4.422
0.05,2509,8.028,-2.370,-0.213
0.05,2510,4.904,6.997,5.346
0.05,2511,1.103,-9.318,-5.382
0.05,2512,2.958,-3.477,4.422
0.05,2513,-3.921,0.665,-5.547
0.05,2514,-9.302,7.909,-4.823
0.05,2515,8.432,-0.444,-0.197
0.05,2516,1.978,3.087,9.636
0.05,2517,9.395,7.156,4.269
0.05,2518,-8.359,3.259,-5.340
0.05,2519,-0.862,8.382,-0.198
0.05,2520,-3.069,2.159,9.342
0.05,2521,-0.206,-4.234,4.484
0.05,2522,1.600,1.992,-1.306
0.05,2523,-5.519,3.484,-0.251
0.05,2524,-7.483,8.130,-0.231
0.05,2525,2.116,-4.330,4.477
0.05,2526,-3.260,-8.874,-5.367
0.05,2528,4.697,6.903,-6.400
0.05,2529,-8.992,-3.933,-6.219
0.05,2530,-4.908,6.094,-0.189
0.05,2531,-9.898,8.714,2.973
0.05,2532,2.240,-9.152,4.634
0.05,2533,7.791,4.664,-0.224
0.05,2534,-2.897,2.279,-10.225
0.05,2535,2.319,-3.878,-5.287
0.05,2536,4.006,6.737,-0.206
0.05,2538,-2.616,4.594,4.367
0.05,2539,8.307,-0.915,9.495
0.05,2540,1.677,8.352,-6.724
0.05,2541,-8.432,-0.285,9.403
0.05,2542,1.353,5.040,-0.268
0.05,2543,9.706,4.638,-4.698
0.05,2544,-6.158,7.324,-5.277
0.05,2545,-6.312,5.326,4.481
0.05,2546,2.854,-2.807,-5.247
0.05,2548,-2.269,-1.999,9.521
0.05,2549,-7.360,3.815,-0.184
0.05,2550,-6.303,5.243,4.485
0.05,2551,-7.402,-0.334,-0.182
0.05,2552,5.180,0.533,-5.049
0.05,2553,2.027,5.350,-0.253
0.05,2554,7.463,2.720,-0.172
0.05,2555,-5.918,-5.587,-0.199
0.05,2556,-9.239,-8.018,-11.172
0.05,2557,-4.004,7.131,4.466
0.05,2558,8.384,-0.185,9.362
0.05,2559,0.108,-4.441,4.462
0.05,2560,3.117,3.536,4.578
0.05,2561,-1.802,-8.266,-5.134
0.05,2562,-6.702,7.590,9.228
0.05,2563,2.888,-2.477,8.869
0.05,2564,-2.619,-10.702,8.959
0.05,2565,4.531,-6.456,-0.218
0.05,2566,-5.204,-2.646,-0.463
0.05,2567,-1.323,4.966,4.046
0.05,2568,5.401,-7.373,4.904
0.05,2569,7.258,0.062,4.694
0.05,2570,-8.976,0.913,-10.780
0.05,2571,-1.132,3.317,-10.646
0.05,2572,2.428,4.530,4.719
0.05,2573,1.256,9.232,-6.475
0.05,2574,-4.787,7.789,9.762
0.05,2575,6.282,4.383,-0.192
0.05,2576,2.108,4.610,-0.285
0.05,2577,-4.042,1.583,4.298
0.05,2579,-8.784,-0.341,-10.756
0.05,2580,-5.835,6.540,9.509
0.05,2582,-7.873,3.761,-5.235
0.05,2583,-4.144,-8.026,-5.387
0.05,2584,-1.768,-8.817,-5.240
0.05,2586,3.775,-8.161,5.056
0.05,2587,-4.140,9.136,-4.981
0.05,2588,-6.185,2.139,-0.219
0.05,2589,3.204,-1.763,3.571
0.05,2590,-3.493,-4.603,-5.046
0.05,2591,2.677,-8.807,4.671
0.05,2592,1.770,-8.000,-0.200
0.05,2593,7.665,-2.325,4.817
0.05,2594,-7.225,0.341,-0.166
0.05,2596,7.920,0.075,-0.197
0.05,2597,-4.191,3.615,-0.312
0.05,2598,-4.726,-0.935,-5.923
0.05,2599,3.188,7.808,-0.192
0.05,2600,2.198,-3.914,-0.318
0.05,2601,-0.138,-1.759,-0.324
0.05,2602,-0.103,-1.979,-0.445
0.05,2604,-8.920,5.801,-0.308
0.05,2605,5.170,-7.487,4.946
0.05,2606,-3.082,-8.804,-5.371
0.05,2607,9.514,-7.813,-0.291
0.05,2608,-0.076,-3.227,9.050
0.05,2609,0.566,-8.235,-0.204
0.05,2610,-8.352,-8.098,3.889
0.05,2611,-9.169,-0.833,-5.958
0.05,2612,2.009,-3.677,-5.321
0.05,2613,-5.442,-3.694,-0.348
0.05,2614,1.152,9.320,-10.823
0.05,2615,-5.185,-5.702,-5.389
0.05,2616,4.599,-6.537,-0.219
0.05,2617,3.876,6.892,-0.204
0.05,2618,-4.732,-5.732,4.649
0.05,2619,-2.919,-8.781,4.663
0.05,2620,-6.731,1.184,-0.171
0.05,2621,-8.395,-1.269,-0.207
0.05,2622,0.147,-3.465,9.318
0.05,2623,-7.500,0.092,-0.174
0.05,2624,8.817,8.583,-0.469
0.05,2625,1.230,-3.868,9.282
0.05,2626,-3.572,-4.330,4.392
0.05,2627,8.812,0.573,9.591
0.05,2628,7.049,-1.284,-5.508
0.05,2629,-3.040,-7.515,-0.191
0.05,2630,5.735,-2.288,5.930
0.05,2631,8.152,0.592,9.310
0.05,2632,2.943,0.733,-0.493
0.05,2633,9.014,0.862,-10.981
0.05,2634,7.517,-1.825,9.190
0.05,2636,-3.275,-9.033,-5.351
0.05,2637,-10.696,-8.738,-10.168
0.05,2638,5.416,-7.594,-5.820
0.05,2639,3.083,1.506,9.206
0.05,2640,-3.903,-0.654,-5.742
0.05,2641,3.701,2.105,-5.054
0.05,2642,5.283,7.424,-6.424
0.05,2643,-5.018,7.369,-10.765
0.05,2644,1.697,3.325,-6.228
0.05,2645,5.063,0.579,4.440
0.05,2646,2.735,-3.220,4.345
0.05,2647,0.347,4.608,4.287
0.05,2648,-4.586,0.227,-5.510
0.05,2649,-7.852,-2.736,-0.223
0.05,2650,-4.786,7.303,-10.638
0.05,2651,3.054,3.776,4.655
0.05,2652,1.500,7.037,-6.505
0.05,2653,3.000,4.296,-5.551
0.05,2654,-8.501,2.308,-0.198
0.05,2655,-3.282,-4.799,4.447
0.05,2656,8.866,5.860,4.178
0.05,2657,0.745,0.698,-0.499
0.05,2658,-9.100,-7.990,-5.083
0.05,2659,-3.668,7.184,4.490
0.05,2660,3.057,1.572,9.201
0.05,2661,-7.538,-1.555,-0.222
0.05,2662,1.493,-5.998,-10.364
0.05,2664,0.091,-4.127,-10.554
0.05,2665,-0.586,8.748,-0.214
0.05,2666,-5.816,5.265,-4.944
0.05,2667,-0.506,3.519,-10.742
0.05,2668,7.718,-0.344,-0.196
0.05,2669,-3.311,-2.646,4.144
0.05,2670,-2.802,-7.351,-0.191
0.05,2671,7.634,-9.443,-5.341
0.05,2672,-6.543,5.367,-0.188
0.05,2673,-6.858,7.522,4.559
0.05,2674,-6.054,-10.425,4.642
0.05,2675,-4.199,0.601,-5.520
0.05,2676,8.954,0.126,-5.226
0.05,2677,-2.318,5.081,-4.997
0.05,2678,-9.442,-4.886,-6.091
0.05,2679,-2.088,-5.925,-4.944
0.05,2680,1.732,-9.253,-5.387
0.05,2681,9.737,8.660,-9.039
0.05,2682,1.839,-3.784,4.556
0.05,2683,-7.517,-1.118,-0.211
0.05,2684,-1.077,4.556,-5.003
0.05,2685,-0.614,5.916,4.688
0.05,2686,8.980,0.328,-0.214
0.05,2687,-3.201,-6.466,4.495
0.05,2688,-6.247,5.247,4.486
0.05,2689,-8.895,0.742,-10.755
0.05,2690,-8.647,1.038,-6.026
0.05,2691,-1.625,-3.018,-10.403
0.05,2692,-2.330,-2.937,-4.961
0.05,2693,-5.794,5.276,-4.944
0.05,2694,9.054,4.515,-5.317
0.05,2695,-6.466,-2.209,-0.271
0.05,2696,-6.512,7.654,-5.252
0.05,2697,2.468,-3.590,-5.248
0.05,2698,-0.952,-3.631,-10.489
0.05,2699,-2.532,4.196,-4.928
0.05,2700,-2.399,-8.259,-0.211
0.05,2701,8.457,-9.426,-5.748
0.05,2702,4.113,2.849,-0.357
0.05,2703,-1.040,6.883,-0.245
0.05,2704,0.010,4.663,8.892
0.05,2705,0.587,9.055,5.594
0.05,2706,1.358,-1.199,-0.515
0.05,2707,-10.011,-8.031,-5.678
0.05,2708,-3.530,-0.235,5.438
0.05,2709,-7.760,7.925,8.644
0.05,2710,-1.572,-7.259,4.471
0.05,2711,3.150,-7.223,-0.194
0.05,2712,-7.210,8.074,-0.216
0.05,2713,6.792,-4.746,9.119
0.05,2714,-3.893,9.253,-4.979
0.05,2715,2.927,1.705,9.011
0.05,2716,0.398,7.336,-6.189
0.05,2717,-1.951,-8.199,4.552
0.05,2718,-4.230,0.394,4.570
0.05,2719,-6.033,5.325,-4.948
0.05,2720,5.107,5.806,-0.219
0.05,2721,9.701,8.424,6.564
0.05,2722,-8.099,1.559,-0.189
0.05,2723,-9.921,-8.229,4.192
0.05,2724,7.776,0.488,-5.309
0.05,2726,-9.513,-8.265,9.737
0.05,2727,7.763,-0.454,-5.336
0.05,2728,3.151,1.827,-10.468
0.05,2729,5.461,6.708,-10.658
0.05,2730,5.984,-5.319,-0.227
0.05,2731,-2.442,7.540,4.672
0.05,2732,-5.482,7.603,-5.249
0.05,2733,-2.023,8.900,-0.192
0.05,2734,-9.455,-5.656,5.017
0.05,2735,-0.429,8.260,-0.204
0.05,2736,-8.898,6.297,4.410
0.05,2737,-3.785,1.490,-5.265
0.05,2738,3.748,8.077,-0.196
0.05,2739,6.648,-5.733,-10.887
0.05,2740,-8.815,2.081,7.606
0.05,2741,-8.759,0.893,-0.192
0.05,2742,1.186,-7.672,9.082
0.05,2744,6.158,-1.998,7.660
0.05,2746,-9.497,7.873,3.664
0.05,2747,2.996,4.153,4.757
0.05,2748,7.914,-9.405,4.064
0.05,2749,-5.865,-6.764,4.740
0.05,2750,0.511,-8.488,-5.251
0.05,2751,-1.150,4.711,3.983
0.05,2752,-3.078,5.290,-0.223
0.05,2753,-2.395,-6.740,4.448
0.05,2755,2.388,4.100,-5.438
0.05,2756,-7.878,6.250,8.914
0.05,2757,-7.218,-3.950,-0.211
0.05,2759,-2.610,4.212,4.297
0.05,2760,-7.674,-6.384,-5.625
0.05,2761,-2.636,-3.117,-4.997
0.05,2762,7.052,3.883,-0.171
0.05,2763,-3.229,1.653,9.290
0.05,2764,5.469,7.194,5.344
0.05,2765,9.907,8.795,7.637
0.05,2766,-4.010,-7.713,4.645
0.05,2767,-2.091,-4.610,4.396
0.05,2768,8.828,-0.031,4.590
0.05,2769,-8.315,8.277,7.644
0.05,2770,-7.354,-4.106,-0.215
0.05,2771,-0.745,6.366,-5.655
0.05,2772,-0.214,5.229,7.914
0.05,2773,-6.430,7.599,-5.262
0.05,2774,-5.974,-3.493,-0.278
0.05,2775,-3.954,0.932,4.508
0.05,2776,-8.703,1.149,-6.090
0.05,2777,3.454,1.679,-10.582
0.05,2778,9.027,-0.683,-0.206
0.05,2779,6.209,6.838,5.088
0.05,2780,-4.316,7.229,-5.072
0.05,2781,-0.885,5.105,4.196
0.05,2782,-6.818,-10.002,-0.241
0.05,2783,-1.970,4.603,4.186
0.05,2784,3.020,-0.799,-10.795
0.05,2785,2.576,-3.246,-5.227
0.05,2786,3.367,-5.868,-5.678
0.05,2787,-6.133,7.971,-5.273
0.05,2788,-3.144,7.803,4.574
0.05,2789,3.300,0.544,-10.622
0.05,2790,2.621,4.233,4.685
0.05,2791,3.857,2.025,4.111
0.05,2792,0.851,8.761,9.431
0.05,2793,5.341,-1.529,-5.852
0.05,2794,-1.027,-3.353,-5.083
0.05,2795,-8.793,7.619,-5.082
0.05,2796,-3.338,0.004,9.225
0.05,2797,4.946,6.226,-0.214
0.05,2798,-3.243,-8.922,-5.362
0.05,2799,-7.774,10.194,-6.336
0.05,2800,3.964,1.337,4.225
0.05,2801,-7.909,-7.896,-4.886
0.05,2802,3.541,3.394,-5.508
0.05,2803,-6.694,-3.774,-0.213
0.05,2804,-8.824,1.066,-6.203
0.05,2805,8.621,-7.093,-0.449
0.05,2806,-4.432,-7.172,9.413
0.05,2807,-2.717,-3.060,4.105
0.05,2809,1.971,-8.622,-0.205
0.05,2810,-7.329,-3.045,5.609
0.05,2811,8.317,-8.150,-6.792
0.05,2812,-7.884,-7.718,4.120
0.05,2813,-1.112,8.564,-0.197
0.05,2814,-4.061,8.337,-5.065
0.05,2816,8.762,0.048,4.592
0.05,2818,-7.500,-3.707,-0.215
0.05,2819,-7.624,1.156,-0.178
0.05,2820,-9.202,-0.964,5.110
0.05,2821,-1.776,7.034,-5.529
0.05,2822,4.810,-5.649,-0.234
0.05,2823,3.359,6.782,-0.214
0.05,2824,-3.035,-2.942,-5.125
0.05,2825,5.815,7.157,5.292
0.05,2826,8.744,-9.180,-5.932
0.05,2827,2.101,-5.237,-0.309
0.05,2828,5.579,-7.099,4.883
0.05,2829,3.224,-1.266,3.506
0.05,2830,-7.768,-8.128,4.042
0.05,2831,3.139,-4.620,-0.254
0.05,2832,-7.550,-2.571,-8.516
0.05,2833,9.565,-8.550,4.640
0.05,2834,1.655,-3.847,-5.366
0.05,2835,-4.644,-6.505,4.652
0.05,2836,7.550,-7.279,-6.528
0.05,2838,-7.735,3.444,-0.188
0.05,2839,-7.686,-3.521,-0.220
0.05,2840,1.252,9.286,-6.470
0.05,2841,-8.558,-7.645,-5.055
0.05,2842,-3.683,6.506,4.478
0.05,2843,2.210,2.620,1.041
0.05,2844,-1.971,2.756,-0.451
0.05,2845,-5.960,7.843,-5.270
0.05,2846,-6.973,7.814,-5.187
0.05,2847,9.647,7.243,-0.397
0.05,2848,-4.448,0.439,4.567
0.05,2849,2.833,2.211,-10.422
0.05,2851,-1.536,-7.944,4.524
0.05,2852,3.141,1.562,9.284
0.05,2853,-7.721,7.119,-5.218
0.05,2854,-0.800,8.752,5.136
0.05,2855,-1.696,7.728,-5.646
0.05,2856,-5.040,-6.726,-5.391
0.05,2857,5.779,-5.163,-0.235
0.05,2858,3.876,6.352,5.207
0.05,2859,-5.928,-6.739,-0.202
0.05,2860,-6.267,8.603,-0.212
0.05,2861,-0.588,-8.693,4.589
0.05,2862,-1.195,4.672,4.021
0.05,2863,8.306,7.097,4.570
0.05,2864,-2.900,4.869,9.228
0.05,2865,1.692,5.255,-5.580
0.05,2866,0.840,-4.077,-5.339
0.05,2867,1.538,5.725,-5.816
0.05,2868,8.984,2.867,4.616
0.05,2869,-2.298,-7.831,4.539
0.05,2870,2.017,-3.902,-5.337
0.05,2871,-8.766,-8.441,3.682
0.05,2872,7.753,-0.496,9.120
0.05,2873,2.727,-3.523,4.430
0.05,2874,-8.626,4.969,4.483
0.05,2875,7.008,-2.250,4.923
0.05,2876,4.538,-7.448,5.047
0.05,2877,-8.009,4.679,4.513
0.05,2878,0.405,-5.412,-10.964
0.05,2879,-9.783,-1.321,5.004
0.05,2880,-2.345,4.111,4.239
0.05,2881,5.558,-4.247,-6.058
0.05,2882,-3.819,-5.988,-5.023
0.05,2883,-0.311,9.052,9.577
0.05,2885,3.043,-0.186,9.438
0.05,2886,-6.989,-7.400,-5.192
0.05,2887,6.723,4.445,-0.180
0.05,2888,0.290,6.102,5.029
0.05,2889,4.482,-7.395,5.048
0.05,2890,-3.532,-5.116,-0.228
0.05,2891,2.992,3.624,4.577
0.05,2892,-7.706,5.107,9.094
0.05,2893,-0.393,7.561,-0.207
0.05,2894,0.811,8.769,9.441
0.05,2895,-6.775,9.124,-0.226
0.05,2896,8.671,4.318,4.468
0.05,2897,-8.740,4.436,-5.216
0.05,2898,8.762,0.591,9.564
0.05,2899,-9.327,-4.947,5.192
0.05,2900,3.280,1.639,-10.590
0.05,2901,-4.107,7.804,4.464
0.05,2902,5.996,6.739,-5.836
0.05,2903,6.088,-5.208,-0.225
0.05,2904,2.966,-0.401,9.447
0.05,2905,2.991,1.774,9.244
0.05,2906,2.340,-9.329,4.591
0.05,2907,-4.274,-7.911,-0.212
0.05,2908,-0.923,-7.643,-0.204
0.05,2909,-4.001,-6.618,-0.176
0.05,2910,2.247,7.492,-7.181
0.05,2911,-2.472,-4.345,-4.952
0.05,2912,-0.044,3.414,-10.922
0.05,2913,-1.389,4.709,3.998
0.05,2914,-9.689,-4.536,5.175
0.05,2915,-7.089,7.815,4.557
0.05,2916,5.472,-6.478,-0.230
0.05,2917,9.014,0.881,-10.932
0.05,2918,-7.490,2.540,-0.194
0.05,2919,-8.830,1.819,-6.023
0.05,2920,6.860,-4.814,-10.318
0.05,2921,7.904,-9.730,4.111
0.05,2922,1.318,6.682,-0.263
0.05,2923,2.647,3.870,4.566
0.05,2924,2.349,-8.719,-5.466
0.05,2925,-8.576,1.345,7.445
0.05,2926,3.070,-4.254,-5.342
0.05,2927,-8.318,2.355,8.240
0.05,2928,5.768,-5.518,-10.418
0.05,2929,5.254,7.197,-6.293
0.05,2930,2.849,2.288,-10.539
0.05,2931,-8.914,0.872,-6.129
0.05,2932,4.491,6.586,-6.242
0.05,2933,-3.242,-0.339,9.451
0.05,2934,-7.396,1.118,-0.174
0.05,2935,7.780,1.333,4.662
0.05,2936,-1.182,4.741,-4.994
0.05,2937,-5.753,-6.760,-5.511
0.05,2938,-0.072,-4.017,4.533
0.05,2939,6.563,-7.967,4.973
0.05,2940,-5.094,8.069,-0.229
0.05,2941,-3.639,1.718,-9.603
0.05,2942,7.931,-9.727,4.117
0.05,2943,-9.670,-8.048,-5.453
0.05,2944,-1.822,5.242,4.236
0.05,2945,-3.910,-6.078,4.553
0.05,2946,-6.556,8.237,-0.207
0.05,2948,-4.516,-7.379,-0.198
0.05,2949,2.158,0.012,0.830
0.05,2950,-4.089,0.237,-5.661
0.05,2951,-3.875,1.988,4.198
0.05,2952,-1.566,4.949,-5.001
0.05,2953,6.002,1.456,-0.257
0.05,2955,-9.723,-7.088,-5.927
0.05,2956,-8.301,-8.596,-0.372
0.05,2957,-7.972,-2.755,-0.223
0.05,2958,-6.318,7.029,9.352
0.05,2959,-9.413,-3.578,-6.107
0.05,2960,-3.885,0.677,-5.564
0.05,2961,-4.328,-6.245,9.032
0.05,2962,6.136,-5.622,8.955
0.05,2963,1.429,8.994,-6.531
0.05,2964,-3.832,-5.504,-5.023
0.05,2965,9.315,8.177,-7.403
0.05,2966,-7.154,-0.071,-0.169
0.05,2967,6.039,7.034,9.743
0.05,2968,8.759,6.807,4.091
0.05,2969,1.641,3.339,9.698
0.05,2970,2.522,3.959,-5.417
0.05,2971,-5.424,-6.788,-0.193
0.05,2972,-5.347,-6.643,4.738
0.05,2973,6.702,-2.345,4.974
0.05,2974,-2.266,5.388,4.371
0.05,2975,3.043,-1.899,-4.531
0.05,2976,7.023,-1.241,-5.503
0.05,2977,-6.478,6.977,4.559
0.05,2978,-4.223,0.136,4.570
0.05,2979,-0.289,-4.433,9.400
0.05,2980,-8.571,-8.358,3.754
0.05,2981,-7.837,2.548,-0.194
0.05,2982,1.477,8.025,-0.235
0.05,2983,2.017,-2.584,-10.630
0.05,2984,1.112,8.566,-0.238
0.05,2985,4.733,6.978,-6.852
0.05,2986,0.878,5.011,-0.279
0.05,2987,3.268,0.500,-10.652
0.05,2988,-4.068,0.356,4.589
0.05,2989,3.274,1.745,-10.607
0.05,2990,-1.502,-3.166,-10.381
0.05,2991,5.503,5.823,-0.215
0.05,2992,-7.376,-3.387,-0.216
0.05,2993,3.460,7.690,-0.194
0.05,2994,-8.856,0.236,-6.197
0.05,2996,-0.078,-8.166,-0.204
0.05,2997,-8.817,2.089,-5.647
0.05,2998,7.960,-1.817,-0.206
0.05,2999,6.956,5.205,-0.197
0.15,1,6.750,4.081,-0.175
0.15,2,6.400,-5.210,-0.218
0.15,3,-3.829,1.928,4.211
0.15,4,6.236,4.892,-0.197
0.15,5,8.310,-0.433,-0.195
0.15,6,-4.642,-6.945,9.378
0.15,7,3.223,-7.503,-0.195
0.15,8,1.944,7.828,-7.214
0.15,9,-4.318,-6.330,4.607
0.15,10,3.165,4.212,-5.564
0.15,11,-8.946,-0.188,-6.075
0.15,12,-8.785,0.930,-6.834
0.15,13,-0.824,-3.252,9.335
0.15,14,2.715,-3.451,4.412
0.15,15,-5.581,-6.571,-5.513
0.15,16,-6.319,-2.990,-6.854
0.15,17,8.459,-8.073,-6.818
0.15,18,3.587,2.118,4.152
0.15,19,-7.423,0.214,-0.171
0.15,21,-8.630,-8.365,3.732
0.15,22,-1.186,-3.454,-10.466
0.15,23,8.877,-8.373,-6.925
0.15,24,3.719,2.206,-5.095
0.15,25,7.366,2.662,-0.174
0.15,26,-4.000,0.199,-5.752
0.15,27,-1.435,-4.151,4.393
0.15,28,-2.456,5.112,-4.995
0.15,29,-6.144,5.851,-4.991
0.15,30,6.728,-1.275,-5.538
0.15,31,-4.252,0.816,4.517
0.15,32,8.106,5.057,4.489
0.15,33,-3.848,-6.352,4.553
0.15,34,-2.838,-5.457,4.459
0.15,35,6.600,-4.924,-0.216
0.15,36,-3.886,-6.180,4.553
0.15,37,4.287,-6.490,-0.213
0.15,38,-4.129,-6.970,9.301
0.15,39,1.026,-9.778,4.655
0.15,40,-8.684,4.388,4.507
0.15,41,-7.406,1.692,-0.185
0.15,42,3.223,4.191,-5.569
0.15,43,8.796,6.079,4.132
0.15,44,-8.633,-8.368,3.729
0.15,45,-3.788,-8.466,-5.385
0.15,46,-6.030,6.403,-5.110
0.15,47,-3.154,-10.389,4.524
0.15,51,4.029,-7.850,-5.936
0.15,53,-4.075,0.369,-5.618
0.15,54,1.378,9.072,-6.512
0.15,55,-8.754,4.164,4.507
0.15,56,3.112,1.484,9.231
0.15,58,5.109,7.136,-6.355
0.15,59,7.728,-0.071,4.687
0.15,60,-3.263,1.502,9.293
0.15,62,-8.511,2.140,4.663
0.15,63,-6.752,4.372,-0.179
0.15,64,-5.367,5.874,4.460
0.15,66,-0.191,8.262,-0.210
0.15,67,-0.584,-4.059,-5.082
0.15,68,2.762,8.121,-0.191
0.15,69,-2.395,-4.572,-0.250
0.15,70,9.447,1.810,-5.509
0.15,71,-1.821,4.774,4.155
0.15,72,-7.580,-3.115,-0.219
0.15,73,-4.399,-6.567,-0.178
0.15,75,-8.622,-8.359,3.738
0.15,76,-1.614,4.771,4.089
0.15,78,-0.483,3.359,-10.881
0.15,81,4.324,6.219,-0.213
0.15,82,-1.878,-7.428,4.483
0.15,83,-8.708,4.045,4.517
0.15,84,-3.940,-7.152,-5.203
0.15,85,-4.178,1.091,4.459
0.15,86,4.824,0.566,4.417
0.15,87,3.983,-7.885,-5.933
0.15,88,-3.696,-0.430,-6.412
0.15,89,3.220,7.388,-0.202
0.15,90,6.791,-1.258,-5.527
0.15,91,-4.026,0.243,-5.710
0.15,92,-3.273,1.463,9.292
0.15,93,5.029,-7.209,4.983
0.15,94,-6.125,7.320,-5.276
0.15,95,3.302,-8.317,-5.687
0.15,96,3.114,1.477,9.231
0.15,97,-9.093,-0.657,-5.982
0.15,98,-10.114,-8.136,-5.612
0.15,99,-7.736,-2.867,-0.222
0.15,100,1.669,-3.810,-5.363
0.15,102,1.780,-3.801,-5.355
0.15,103,5.107,0.531,4.451
0.15,104,-5.799,1.222,4.503
0.15,105,-5.019,-6.501,-5.381
0.15,106,-5.019,7.639,9.737
0.15,107,-6.071,5.684,4.471
0.15,108,6.337,-5.297,-0.219
0.15,109,3.112,1.483,9.231
0.15,110,-4.076,9.083,4.459
0.15,112,2.166,-3.770,-5.302
0.15,114,-5.649,-5.900,-0.193
0.15,115,6.661,3.295,-0.179
0.15,116,8.910,-8.457,-6.872
0.15,117,-1.034,-3.134,9.352
0.15,118,-2.310,-3.697,4.293
0.15,119,-5.602,-7.693,-0.213
0.15,121,3.912,-7.931,-5.923
0.15,122,-8.584,1.532,4.849
0.15,123,-3.588,7.015,-0.178
0.15,124,8.690,0.205,4.603
0.15,125,8.792,6.136,4.122
0.15,126,-2.339,4.524,4.287
0.15,127,2.256,2.253,-3.302
0.15,129,-4.270,0.600,4.550
0.15,130,3.116,1.474,9.232
0.15,132,-5.862,5.806,4.474
0.15,133,-8.849,0.639,-6.412
0.15,134,8.774,6.054,4.142
0.15,135,-2.518,-7.396,-0.193
0.15,136,3.193,4.270,-5.564
0.15,137,-5.390,-6.874,-5.478
0.15,138,4.124,-6.637,-0.209
0.15,139,3.946,-7.911,-5.928
0.15,140,2.094,4.447,4.623
0.15,141,3.115,1.475,9.231
0.15,142,-2.388,-3.888,4.320
0.15,143,-7.492,1.305,-0.178
0.15,144,0.104,-4.017,-10.584
0.15,146,3.976,-7.888,-5.932
0.15,147,-9.214,-0.588,5.128
0.15,148,-8.626,-8.363,3.734
0.15,149,-2.651,4.886,-4.960
0.15,150,2.715,-3.454,4.413
0.15,151,8.178,3.666,4.577
0.15,152,8.293,-0.082,4.641
0.15,153,-3.732,-5.068,-5.032
0.15,154,-7.864,-0.179,-0.185
0.15,155,-1.449,4.759,4.028
0.15,157,8.157,2.808,4.654
0.15,158,-8.484,-8.237,3.818
0.15,159,1.267,-3.862,-5.382
0.15,160,5.603,-5.749,-0.231
0.15,161,3.202,4.470,-5.571
0.15,162,-8.779,4.351,4.498
0.15,164,-6.922,-4.196,-0.205
0.15,165,-1.098,4.914,4.049
0.15,166,-3.971,0.153,-5.797
0.15,167,3.171,4.306,-5.561
0.15,168,-3.741,-7.405,-5.218
0.15,170,6.904,-1.264,-5.517
0.15,171,4.002,-7.869,-5.934
0.15,172,-8.628,1.347,4.920
0.15,173,1.080,3.439,-0.456
0.15,174,6.898,-1.191,-5.502
0.15,175,6.080,-5.722,-0.222
0.15,176,8.795,0.561,9.582
0.15,177,2.724,-1.187,9.399
0.15,178,2.665,-3.521,4.430
0.15,179,2.383,8.229,-0.200
0.15,181,8.234,5.713,4.398
0.15,182,-4.231,0.903,4.498
0.15,183,1.197,-8.287,-0.203
0.15,184,-7.758,-2.819,-0.223
0.15,185,5.166,-5.893,-0.232
0.15,187,-7.911,-2.563,-0.223
0.15,188,4.162,-7.709,-5.933
0.15,189,9.697,1.680,-5.490
0.15,190,-5.792,7.294,4.577
0.15,191,2.723,-3.434,4.407
0.15,193,-6.117,7.421,-5.286
0.15,194,2.277,-3.758,4.501
0.15,196,-8.652,3.457,4.538
0.15,197,-2.573,4.799,4.362
0.15,198,5.708,-7.650,4.792
0.15,199,-6.855,-4.308,-0.204
0.15,202,1.358,9.090,-6.508
0.15,204,-2.629,-4.310,-4.959
0.15,205,-6.753,4.489,-0.179
0.15,206,2.947,3.819,4.639
0.15,207,-8.625,-8.363,3.735
0.15,208,-6.613,5.486,4.461
0.15,209,6.917,6.139,4.712
0.15,210,-8.754,0.983,5.622
0.15,211,-3.675,0.712,-10.620
0.15,212,7.845,5.745,4.498
0.15,213,-2.776,4.123,-4.910
0.15,214,8.096,-9.386,3.967
0.15,215,2.257,-9.322,4.603
0.15,216,-2.573,5.298,4.406
0.15,217,-3.858,-6.276,4.552
0.15,218,-7.599,-3.139,-0.219
0.15,219,3.184,4.290,-5.562
0.15,220,-3.456,-8.720,-5.384
0.15,221,4.040,-7.842,-5.937
0.15,223,-9.005,-0.421,-6.029
0.15,224,-4.178,-6.342,4.590
0.15,225,-5.293,-6.964,-5.461
0.15,227,-4.673,-6.055,-5.245
0.15,228,-3.124,-4.380,-4.998
0.15,229,-8.926,0.103,5.178
0.15,230,-3.470,7.375,-0.181
0.15,232,8.558,5.885,4.253
0.15,234,5.246,7.233,-6.328
0.15,235,5.094,7.125,-6.358
0.15,236,-4.032,6.697,-0.181
0.15,237,3.223,2.009,-10.721
0.15,238,4.115,-7.675,5.039
0.15,239,-6.879,4.225,-0.179
0.15,240,2.724,-3.433,4.407
0.15,241,8.312,-0.851,-0.195
0.15,242,8.886,0.272,4.600
0.15,243,8.209,-1.596,-0.202
0.15,244,2.521,-8.008,-0.196
0.15,245,-7.456,0.051,-0.173
0.15,246,-8.044,-2.226,-0.221
0.15,247,7.868,-9.701,4.094
0.15,248,-4.819,7.777,9.760
0.15,249,5.102,7.133,-6.358
0.15,250,-2.897,-8.492,-5.320
0.15,252,-5.809,6.218,-5.061
0.15,253,-4.072,-7.014,9.313
0.15,255,0.889,4.609,4.427
0.15,256,-3.973,0.148,-5.798
0.15,258,5.105,7.136,-6.358
0.15,259,-4.195,-7.268,-0.191
0.15,260,-1.957,-7.268,4.472
0.15,261,-0.311,-3.927,-10.550
0.15,262,8.229,-1.147,-0.196
0.15,263,-3.989,0.179,-5.770
0.15,264,8.436,2.309,4.692
0.15,265,8.400,-0.995,-0.197
0.15,268,-8.693,3.788,4.527
0.15,269,-0.682,6.831,5.026
0.15,270,1.633,-8.251,-0.201
0.15,271,-3.402,-8.823,-5.375
0.15,272,2.713,-3.454,4.413
0.15,273,-3.294,-7.168,-0.185
0.15,274,9.271,1.602,-5.473
0.15,275,3.262,-8.336,-5.669
0.15,276,-0.912,-3.205,9.342
0.15,277,7.907,-0.549,4.703
0.15,278,3.999,-7.873,-5.934
0.15,280,-3.454,-4.462,-5.055
0.15,281,-0.893,-3.217,9.341
0.15,282,-2.741,-3.029,4.097
0.15,283,-6.130,5.653,4.471
0.15,284,2.937,7.984,-0.191
0.15,286,-3.432,2.780,4.155
0.15,287,3.113,1.482,9.231
0.15,288,3.205,2.042,-10.733
0.15,289,1.025,1.022,-0.588
0.15,290,-6.368,7.243,4.586
0.15,291,-5.273,5.891,4.455
0.15,292,2.937,-8.622,4.722
0.15,293,6.496,-5.123,-0.217
0.15,294,-5.668,-6.622,-0.196
0.15,295,-7.955,7.963,8.447
0.15,296,-2.561,4.344,4.309
0.15,297,2.988,7.905,-0.192
0.15,298,8.793,-8.626,-6.707
0.15,299,-0.579,3.351,-10.862
0.15,300,9.434,-8.521,-7.258
0.15,301,2.978,-1.344,3.153
0.15,302,9.923,9.065,-10.367
0.15,303,1.436,2.218,-1.074
0.15,304,-4.488,8.192,-5.074
0.15,305,-6.173,7.393,-5.284
0.15,306,8.418,-0.194,4.633
0.15,307,-3.079,7.507,-0.177
0.15,308,-3.988,0.176,-5.773
0.15,310,3.225,4.141,-5.570
0.15,311,5.477,-5.728,-0.232
0.15,312,-4.052,-6.947,9.285
0.15,314,1.497,1.919,-1.153
0.15,315,7.613,2.038,-0.189
0.15,316,4.409,-6.387,-0.216
0.15,317,-2.286,-3.726,4.301
0.15,318,2.436,-9.173,4.604
0.15,319,-4.016,0.219,-5.730
0.15,320,9.144,-8.445,-7.066
0.15,321,3.321,2.887,4.355
0.15,322,-4.404,-6.407,4.620
0.15,323,-7.827,-2.406,-9.255
0.15,324,7.875,0.727,-0.203
0.15,325,-8.602,-8.338,3.752
0.15,329,7.704,1.713,-0.196
0.15,330,8.365,-0.635,9.448
0.15,331,-5.293,-6.821,-5.461
0.15,332,3.985,-7.883,-5.933
0.15,333,-2.665,4.814,-4.954
0.15,335,8.844,0.304,4.602
0.15,336,5.624,-5.702,-0.231
0.15,337,-3.695,-6.492,-0.175
0.15,338,-8.902,0.122,-6.134
0.15,340,-8.637,-8.369,3.726
0.15,341,1.350,9.116,-6.503
0.15,343,5.007,-7.165,4.985
0.15,344,6.991,3.630,-0.168
0.15,345,-5.146,-6.287,-0.184
0.15,346,-4.061,0.290,-5.661
0.15,347,-6.632,7.411,4.577
0.15,350,-0.283,-3.939,-10.552
0.15,351,7.397,2.715,-0.173
0.15,352,1.946,-3.802,-5.339
0.15,353,8.272,-1.178,-0.196
0.15,354,-8.855,0.560,-6.363
0.15,355,7.027,3.498,-0.169
0.15,357,-2.072,5.173,-5.031
0.15,358,7.008,6.849,8.840
0.15,359,11.166,-9.990,-9.906
0.15,360,-3.477,7.344,-0.181
0.15,361,8.054,-0.014,-0.195
0.15,362,-0.101,-3.244,-0.297
0.15,363,9.920,9.057,-10.388
0.15,364,-6.872,4.219,-0.179
0.15,365,8.774,-8.606,3.306
0.15,366,3.057,-1.530,3.318
0.15,367,-9.988,-8.000,-5.607
0.15,368,-4.380,-6.432,4.618
0.15,369,-8.603,1.787,4.779
0.15,370,-8.358,-0.259,9.359
0.15,371,8.722,6.117,4.142
0.15,372,-8.459,4.133,-5.224
0.15,373,-8.612,1.165,6.807
0.15,374,-4.052,-6.974,9.295
0.15,375,-8.030,-2.174,-0.221
0.15,376,8.686,2.044,4.712
0.15,377,-3.835,-5.492,-5.024
0.15,378,9.920,9.057,-10.389
0.15,379,8.427,0.092,4.624
0.15,380,-1.365,-3.317,-10.444
0.15,381,-4.452,7.933,4.454
0.15,382,9.614,1.681,-5.491
0.15,383,4.176,-7.632,5.046
0.15,384,-7.230,3.695,-0.184
0.15,386,3.354,7.310,-0.202
0.15,387,8.778,9.111,-0.437
0.15,388,-1.661,4.771,4.104
0.15,389,-5.093,-6.256,-0.183
0.15,390,7.518,-3.137,-0.216
0.15,391,-5.654,5.899,4.475
0.15,392,2.249,-3.753,-5.287
0.15,393,-8.010,-0.779,-0.200
0.15,394,-3.733,-0.374,-6.217
0.15,395,-0.575,3.352,-10.863
0.15,396,-8.107,-1.886,-0.218
0.15,397,6.479,6.315,4.857
0.15,398,4.823,6.845,-6.305
0.15,399,2.535,8.050,-0.199
0.15,400,6.911,-1.060,-5.474
0.15,401,-1.653,-3.055,-10.432
0.15,402,-5.444,-6.744,-5.486
0.15,403,8.147,5.660,4.428
0.15,404,-6.582,4.570,-0.180
0.15,405,8.808,-8.613,3.329
0.15,407,-5.162,-7.066,-5.444
0.15,408,-3.226,1.630,9.299
0.15,409,9.920,9.057,-10.388
0.15,410,-5.628,-9.324,-0.238
0.15,411,-7.053,-4.119,-0.208
0.15,412,2.802,-1.114,2.771
0.15,413,1.586,-3.822,-5.368
0.15,414,-6.921,-6.985,-5.373
0.15,415,1.550,-8.273,-0.202
0.15,416,-8.940,-0.159,-6.080
0.15,417,-6.067,7.439,-5.287
0.15,418,5.081,7.114,-6.360
0.15,419,-8.714,-8.408,3.685
0.15,420,-4.425,-6.432,4.623
0.15,422,-2.092,4.763,4.241
0.15,423,-5.355,-6.791,-5.470
0.15,424,2.050,-3.784,-5.322
0.15,425,-4.221,0.939,4.491
0.15,426,-0.733,3.332,-10.808
0.15,428,8.866,0.185,4.596
0.15,430,7.811,-0.387,4.702
0.15,431,-0.756,-3.279,9.330
0.15,433,8.646,2.162,4.704
0.15,434,-7.635,0.189,-0.175
0.15,435,3.474,2.413,4.172
0.15,436,1.633,-3.815,-5.365
0.15,437,-8.168,-8.087,3.929
0.15,438,-2.563,-3.335,4.191
0.15,439,6.511,-0.904,-5.461
0.15,440,7.158,3.261,-0.168
0.15,441,-3.990,0.179,-5.770
0.15,442,-6.704,-4.534,-0.206
0.15,443,3.224,2.008,-10.720
0.15,444,2.116,-3.799,-5.313
0.15,445,-2.476,7.898,-0.179
0.15,446,-1.235,-7.814,-0.203
0.15,447,0.263,0.004,-0.446
0.15,448,-8.838,4.490,4.483
0.15,449,-2.529,-3.416,4.213
0.15,450,-4.247,7.172,-0.195
0.15,451,-1.660,-7.691,-0.202
0.15,452,-7.460,0.112,-0.173
0.15,453,-1.016,3.297,-10.707
0.15,454,3.827,6.813,-0.206
0.15,455,-6.195,7.373,-5.282
0.15,456,2.889,3.921,4.658
0.15,457,8.605,1.967,4.714
0.15,459,-8.617,-8.346,3.744
0.15,461,0.893,-9.585,-5.381
0.15,462,-2.623,-11.119,9.047
0.15,464,-0.832,8.279,-0.196
0.15,465,-5.297,7.352,-0.220
0.15,466,3.253,1.908,-10.711
0.15,467,-0.966,8.301,-0.194
0.15,468,-8.792,4.352,4.495
0.15,469,-4.240,0.345,4.553
0.15,470,1.103,-3.885,-5.367
0.15,471,-5.054,-6.496,-5.390
0.15,473,-3.698,0.607,-10.687
0.15,474,-9.044,-0.214,5.166
0.15,475,-5.321,-6.863,9.548
0.15,476,-2.625,-10.974,9.016
0.15,477,2.052,-3.787,-5.322
0.15,478,-8.917,-0.036,-6.104
0.15,479,3.948,6.847,-0.205
0.15,480,-5.895,6.899,4.555
0.15,481,-7.347,3.310,-0.189
0.15,482,2.951,7.519,-0.205
0.15,483,8.735,-7.620,-6.708
0.15,484,-4.376,-6.594,-0.178
0.15,485,7.876,-9.699,4.095
0.15,486,-8.144,-1.075,-0.206
0.15,487,8.006,5.666,4.463
0.15,488,-7.530,2.442,-0.194
0.15,489,8.691,-8.938,3.652
0.15,491,-10.149,-8.137,-5.697
0.15,492,5.157,7.145,-6.324
0.15,493,-2.520,-7.057,-4.974
0.15,494,8.844,0.403,4.607
0.15,496,-7.813,-2.714,-0.223
0.15,497,-4.135,7.532,-0.200
0.15,501,4.294,6.512,-0.209
0.15,502,2.950,-8.610,4.725
0.15,503,-7.971,-2.418,-0.222
0.15,504,-2.498,4.997,-4.977
0.15,505,2.723,-3.435,4.407
0.15,506,0.255,0.045,-0.449
0.15,507,7.789,0.564,-0.202
0.15,508,-1.769,-8.069,-5.091
0.15,509,9.466,1.552,-5.472
0.15,510,-4.057,0.304,-5.657
0.15,511,-5.435,-6.892,-5.483
0.15,512,4.006,-7.869,-5.934
0.15,513,6.228,-5.316,-0.221
0.15,514,3.987,6.782,-0.206
0.15,515,-7.242,3.763,-0.184
0.15,516,-7.659,8.939,-0.262
0.15,517,0.801,-9.844,4.656
0.15,518,2.721,-3.438,4.408
0.15,520,-4.717,-6.441,-5.287
0.15,521,-10.046,-8.028,-5.635
0.15,522,2.110,-3.778,-5.312
0.15,524,-0.485,-3.856,-10.539
0.15,525,-4.268,0.800,4.520
0.15,526,-2.512,-3.431,4.219
0.15,527,6.560,6.268,4.823
0.15,529,3.174,3.278,4.481
0.15,530,-3.887,-6.755,-0.177
0.15,531,-3.713,2.169,4.166
0.15,532,2.712,-3.455,4.413
0.15,534,4.412,0.813,4.351
0.15,535,-1.031,4.711,3.978
0.15,536,-3.247,1.557,9.296
0.15,537,3.999,-7.874,-5.934
0.15,538,5.093,7.118,-6.353
0.15,539,-1.471,4.761,4.037
0.15,540,-1.480,-4.074,-4.960
0.15,541,5.961,-1.944,-6.080
0.15,543,8.171,-1.654,-0.202
0.15,544,-7.678,-2.983,-0.221
0.15,545,-8.663,3.594,4.534
0.15,546,0.515,6.426,-6.080
0.15,547,7.829,-9.670,4.076
0.15,548,-5.312,-6.952,-5.464
0.15,549,-7.434,1.901,-0.189
0.15,550,9.118,-8.445,-7.042
0.15,551,-0.864,8.282,-0.196
0.15,552,-7.453,0.124,-0.172
0.15,553,-3.639,-0.781,-7.316
0.15,554,7.404,-0.900,-5.415
0.15,555,-7.648,0.740,-0.174
0.15,556,-1.812,-7.417,4.482
0.15,557,3.336,3.572,-5.552
0.15,558,2.966,7.930,-0.192
0.15,559,-3.123,7.452,-0.177
0.15,560,1.654,3.289,-11.167
0.15,562,7.288,-1.506,4.808
0.15,563,-4.150,8.558,-5.036
0.15,565,-2.753,-4.271,-4.967
0.15,566,-4.443,-6.477,4.627
0.15,567,-4.034,0.252,-5.699
0.15,568,4.729,-6.144,-0.224
0.15,571,6.382,-2.251,-6.001
0.15,572,8.141,5.663,4.429
0.15,573,8.058,5.732,4.444
0.15,574,2.678,-3.509,4.427
0.15,575,-4.271,0.657,4.547
0.15,576,-0.755,-3.714,-10.510
0.15,577,-4.205,0.154,4.547
0.15,578,5.055,7.091,-6.363
0.15,579,8.304,-0.668,-0.194
0.15,582,-5.237,-6.359,-5.426
0.15,583,2.853,4.008,4.677
0.15,584,8.009,-9.494,4.016
0.15,586,-3.645,-6.786,-0.177
0.15,588,-1.803,-7.428,4.483
0.15,589,3.117,1.473,9.232
0.15,590,3.192,4.386,-5.564
0.15,591,6.240,-5.365,-0.220
0.15,592,5.925,5.257,-0.208
0.15,593,-3.283,-5.783,4.496
0.15,594,0.455,8.193,-0.226
0.15,595,0.567,-1.754,-0.431
0.15,597,-2.257,4.591,4.271
0.15,598,-9.799,-7.867,-5.573
0.15,599,1.653,8.184,-6.761
0.15,600,6.347,6.766,-5.715
0.15,601,3.112,-8.468,4.774
0.15,602,-5.530,-8.558,-0.230
0.15,603,-3.931,1.238,-5.350
0.15,605,-9.771,-7.862,-5.560
0.15,606,9.384,1.497,-5.464
0.15,607,-2.370,-8.403,-5.241
0.15,608,9.591,1.696,-5.493
0.15,610,-4.266,0.741,4.533
0.15,611,7.093,3.405,-0.168
0.15,612,1.361,-2.942,9.137
0.15,613,3.020,-1.427,3.234
0.15,614,8.233,-0.366,-0.194
0.15,615,-4.352,7.405,4.449
0.15,616,2.659,-3.518,4.430
0.15,617,6.064,-0.709,-5.420
0.15,618,-8.836,0.434,5.160
0.15,619,2.537,-1.748,9.256
0.15,620,-4.231,0.899,4.499
0.15,622,-8.079,-0.774,-0.200
0.15,623,1.464,-3.867,-5.377
0.15,625,-0.842,-3.242,9.337
0.15,627,7.992,-0.296,4.680
0.15,628,-7.565,0.119,-0.175
0.15,629,-4.104,-6.982,9.304
0.15,630,-3.468,-6.092,4.513
0.15,631,1.394,-3.858,-5.380
0.15,632,-3.755,6.912,-0.177
0.15,636,9.715,1.682,-5.490
0.15,638,4.141,1.091,4.270
0.15,639,-6.147,5.627,4.470
0.15,640,-4.153,6.519,-0.181
0.15,641,-4.269,0.712,4.538
0.15,642,6.798,6.201,4.749
0.15,643,7.856,5.845,4.490
0.15,647,3.290,0.971,-10.995
0.15,648,-2.468,4.994,-4.978
0.15,649,3.174,4.316,-5.561
0.15,650,-1.517,4.764,4.054
0.15,651,9.924,9.067,-10.354
0.15,652,-4.155,-5.658,-5.087
0.15,653,-2.580,-4.447,4.396
0.15,654,-3.591,-6.861,-0.178
0.15,655,6.953,-4.312,-0.213
0.15,656,2.213,-9.351,4.604
0.15,657,-7.891,-0.429,-0.191
0.15,658,3.164,2.096,-10.761
0.15,659,6.722,-1.040,-5.482
0.15,660,6.679,-4.859,-0.214
0.15,662,9.657,1.667,-5.488
0.15,663,3.241,4.063,-5.573
0.15,664,8.706,1.408,4.695
0.15,665,-1.586,4.767,4.079
0.15,666,-5.165,7.797,-5.189
0.15,667,-5.217,7.504,9.702
0.15,668,8.285,5.758,4.377
0.15,669,1.747,-3.810,-5.358
0.15,670,-4.075,-7.005,9.310
0.15,671,6.952,3.682,-0.168
0.15,672,6.763,-4.677,-0.213
0.15,674,0.166,7.217,-6.115
0.15,677,6.403,-5.172,-0.218
0.15,678,-1.823,-4.130,4.374
0.15,679,5.083,7.116,-6.361
0.15,680,-2.788,4.159,-4.911
0.15,681,-4.481,-7.753,-5.394
0.15,682,-1.547,4.767,4.065
0.15,683,5.042,5.967,-0.217
0.15,684,5.950,-5.468,-0.226
0.15,685,-8.097,-0.777,-0.200
0.15,686,-4.862,-5.811,-5.292
0.15,687,3.108,1.495,9.231
0.15,688,7.456,6.015,-5.270
0.15,690,-5.302,-6.958,-5.462
0.15,691,-8.848,0.660,-6.420
0.15,692,-8.350,-0.232,9.349
0.15,693,3.807,6.991,-0.203
0.15,694,-5.757,7.390,4.581
0.15,695,-7.676,0.093,-0.177
0.15,696,-9.245,-0.579,5.126
0.15,697,-7.898,-2.384,-0.223
0.15,699,-1.387,7.252,-5.685
0.15,700,-4.263,0.749,4.531
0.15,701,4.574,-7.357,5.037
0.15,702,-6.111,6.939,4.569
0.15,703,-0.936,-3.192,9.344
0.15,704,-2.226,5.167,-5.018
0.15,705,6.138,6.420,4.985
0.15,706,1.554,-3.848,-5.371
0.15,707,-6.229,7.398,-5.284
0.15,708,7.890,-0.328,4.691
0.15,709,3.207,2.040,-10.732
0.15,710,8.734,-8.785,-6.558
0.15,711,2.686,8.157,-0.193
0.15,714,7.602,-0.729,4.743
0.15,715,-3.676,-6.260,4.534
0.15,716,-8.548,2.629,4.582
0.15,717,-8.626,-8.363,3.735
0.15,718,5.344,7.170,-6.242
0.15,719,4.062,-6.648,-0.207
0.15,720,2.192,7.993,-0.214
0.15,721,4.324,6.507,-0.209
0.15,722,-10.034,-8.051,-5.607
0.15,723,7.053,-1.010,-5.455
0.15,724,-1.521,4.765,4.056
0.15,725,3.148,4.417,-5.562
0.15,727,-1.872,-7.314,4.473
0.15,728,-8.596,-8.335,3.755
0.15,729,-5.297,7.437,9.685
0.15,730,-3.076,7.568,-0.178
0.15,731,-4.689,-6.251,4.656
0.15,732,7.048,3.485,-0.169
0.15,733,-3.543,-0.640,-7.460
0.15,734,-1.536,5.052,4.120
0.15,735,7.363,-1.373,4.795
0.15,736,-6.233,5.779,-4.981
0.15,737,8.781,0.516,9.573
0.15,738,-1.819,-7.416,4.482
0.15,739,7.171,6.064,4.649
0.15,741,-3.252,-7.016,-0.183
0.15,742,5.118,-7.198,4.964
0.15,743,-3.483,-7.524,-0.192
0.15,744,-3.252,1.540,9.295
0.15,745,3.116,1.474,9.232
0.15,747,6.533,-5.087,-0.216
0.15,748,-6.080,6.714,-5.185
0.15,749,-2.718,-4.331,-4.965
0.15,750,-2.607,4.257,4.303
0.15,751,-6.594,7.397,4.579
0.15,752,-1.755,-7.490,4.489
0.15,753,7.009,-4.167,-0.214
0.15,754,-1.530,0.894,-1.237
0.15,755,-3.808,-0.139,-6.056
0.15,756,2.745,-8.811,4.676
0.15,757,5.077,7.109,-6.360
0.15,758,5.397,6.515,5.196
0.15,760,6.623,-4.935,-0.215
0.15,762,7.332,2.842,-0.171
0.15,763,6.640,-4.895,-0.215
0.15,764,-0.511,3.357,-10.876
0.15,765,7.809,-9.646,4.064
0.15,766,3.088,-1.810,3.488
0.15,767,-3.422,-0.349,-10.524
0.15,768,-8.852,0.582,-6.379
0.15,769,7.504,2.400,-0.178
0.15,770,3.779,-8.018,-5.897
0.15,771,8.529,1.988,4.711
0.15,772,0.242,7.316,-6.134
0.15,774,-3.881,-6.176,4.553
0.15,775,3.574,2.140,4.149
0.15,776,-4.224,0.926,4.493
0.15,777,-6.119,-5.379,-0.202
0.15,778,3.833,5.569,-5.865
0.15,779,0.651,7.559,-6.257
0.15,780,3.001,7.944,-0.191
0.15,781,-8.945,8.560,-0.555
0.15,782,7.981,-0.471,4.692
0.15,783,8.320,5.735,4.369
0.15,784,1.449,9.619,5.702
0.15,785,5.517,6.731,5.237
0.15,786,9.925,9.068,-10.347
0.15,787,-2.450,3.395,9.476
0.15,788,2.722,-3.438,4.408
0.15,789,-3.864,6.783,-0.178
0.15,790,-6.168,7.364,-5.281
0.15,791,2.387,-8.059,-0.196
0.15,792,3.043,7.272,-0.210
0.15,793,-8.278,0.220,8.945
0.15,794,-8.713,1.022,5.038
0.15,795,7.313,2.888,-0.171
0.15,796,7.417,5.954,4.591
0.15,797,3.504,7.374,-0.198
0.15,798,-1.449,-3.239,-10.435
0.15,799,-3.586,1.063,-10.470
0.15,800,-0.919,-3.201,9.343
0.15,801,3.190,4.274,-5.563
0.15,802,-4.446,-6.586,4.630
0.15,803,-0.115,-4.854,4.322
0.15,806,2.498,-1.895,9.215
0.15,807,-4.070,-6.993,9.305
0.15,808,-3.790,-0.185,-6.090
0.15,810,1.246,-4.031,-0.353
0.15,811,6.337,6.849,9.512
0.15,812,7.256,2.745,-0.174
0.15,813,-5.660,-6.825,9.639
0.15,815,2.655,-8.912,4.651
0.15,817,-3.596,-6.228,4.526
0.15,818,8.996,-8.428,-6.954
0.15,819,-2.320,3.614,9.484
0.15,820,-8.630,-8.366,3.731
0.15,821,2.987,4.460,-5.552
0.15,823,-6.061,6.951,-5.235
0.15,824,3.574,7.395,-0.197
0.15,825,-6.356,7.061,4.573
0.15,826,-1.597,4.767,4.083
0.15,828,-4.258,7.959,-11.212
0.15,829,3.189,4.298,-5.563
0.15,830,-7.460,0.049,-0.173
0.15,831,1.565,9.550,5.696
0.15,832,3.116,1.476,9.232
0.15,833,-6.202,7.148,-5.261
0.15,834,-3.258,1.517,9.294
0.15,836,8.503,0.752,4.637
0.15,837,1.993,-3.783,-5.330
0.15,838,3.619,7.071,-0.203
0.15,839,3.788,7.016,-0.202
0.15,840,2.526,-9.065,4.618
0.15,841,-0.976,8.274,-0.194
0.15,842,8.042,5.250,-5.170
0.15,844,-6.267,7.333,-5.275
0.15,845,6.843,3.902,-0.171
0.15,846,8.794,1.845,4.727
0.15,847,6.840,6.168,4.734
0.15,848,-1.338,-3.338,-10.447
0.15,849,-2.036,-8.330,-5.179
0.15,850,2.840,4.004,4.672
0.15,851,-7.346,3.655,-0.185
0.15,852,3.319,7.171,5.298
0.15,853,10.762,-7.569,-7.159
0.15,854,-7.869,-0.370,-0.189
0.15,855,2.426,-9.180,4.604
0.15,856,-3.737,-0.299,-6.189
0.15,857,-3.787,-0.193,-6.095
0.15,859,-2.430,0.551,-1.178
0.15,860,-7.964,-0.395,-0.191
0.15,861,-4.269,0.727,4.536
0.15,862,1.024,0.793,-0.549
0.15,863,-0.225,3.381,-10.928
0.15,864,4.047,-7.826,-5.936
0.15,865,-9.358,-1.088,-5.907
0.15,866,-3.464,2.710,4.149
0.15,867,-3.042,-6.550,4.484
0.15,868,7.025,-0.770,4.772
0.15,869,-5.245,7.485,9.698
0.15,870,-6.351,7.235,4.587
0.15,871,7.841,-9.665,4.076
0.15,872,-4.741,7.537,-0.217
0.15,873,-8.695,3.739,4.528
0.15,875,-3.790,-0.208,-6.100
0.15,876,-3.255,1.529,9.294
0.15,877,-2.395,3.475,9.481
0.15,878,3.027,2.274,-10.814
0.15,879,4.448,6.368,-0.211
0.15,880,1.533,-3.827,-5.372
0.15,881,7.124,3.332,-0.168
0.15,882,-7.489,0.066,-0.174
0.15,884,6.758,-1.486,-5.580
0.15,885,-2.592,5.011,-4.974
0.15,886,4.944,-5.989,-0.230
0.15,887,4.297,-6.402,-0.214
0.15,888,6.438,-5.172,-0.218
0.15,889,-10.128,-8.147,-5.621
0.15,891,-1.542,4.766,4.063
0.15,892,-5.342,7.815,-0.225
0.15,893,-8.130,-0.937,-0.203
0.15,894,-4.267,0.732,4.534
0.15,895,-8.283,4.674,4.508
0.15,896,8.726,1.592,4.708
0.15,897,-0.518,3.356,-10.875
0.15,899,7.174,6.402,-5.402
0.15,901,6.151,6.412,4.980
0.15,902,-1.548,1.126,-2.990
0.15,903,-0.104,-4.868,4.314
0.15,905,4.019,-6.742,-0.206
0.15,906,8.224,-1.236,9.552
0.15,907,-0.702,-3.309,9.330
0.15,908,8.512,-0.073,9.436
0.15,909,4.205,-6.584,-0.211
0.15,912,3.209,4.231,-5.566
0.15,913,2.989,-1.363,3.173
0.15,914,-1.553,4.766,4.067
0.15,915,9.215,1.678,-5.479
0.15,916,-6.495,4.678,-0.180
0.15,917,-7.381,-3.699,-7.905
0.15,918,1.761,3.246,-11.166
0.15,919,-7.652,-0.088,-0.179
0.15,920,8.625,2.006,4.713
0.15,921,2.970,-0.430,9.455
0.15,922,-1.321,0.677,-1.353
0.15,924,-0.939,3.306,-10.734
0.15,926,-4.351,7.906,-11.169
0.15,927,-4.109,8.583,-5.037
0.15,928,-3.763,-6.034,4.538
0.15,929,8.354,-0.959,-0.196
0.15,930,3.945,-7.911,-5.928
0.15,932,-4.033,-5.480,-5.068
0.15,933,8.362,-0.116,4.635
0.15,934,-1.954,-4.023,4.360
0.15,935,7.407,6.021,-5.276
0.15,936,-7.521,2.159,-0.191
0.15,937,-2.261,-8.481,-5.241
0.15,938,-1.447,4.759,4.028
0.15,939,6.865,-1.243,-5.516
0.15,940,-4.501,-6.485,-5.232
0.15,941,-0.841,3.318,-10.769
0.15,942,5.235,7.228,-6.332
0.15,943,3.176,4.326,-5.561
0.15,946,-7.004,0.082,-0.163
0.15,947,-8.751,4.157,4.508
0.15,948,5.096,7.131,-6.361
0.15,949,0.138,7.349,-6.104
0.15,950,1.974,-7.807,-0.201
0.15,951,1.485,8.641,-6.614
0.15,952,-5.295,-6.966,-5.461
0.15,953,3.317,7.567,-0.196
0.15,955,-9.530,-0.914,5.058
0.15,956,-4.714,8.023,-5.116
0.15,957,7.875,-9.711,4.099
0.15,958,-3.884,-6.726,-0.176
0.15,959,-7.641,0.683,-0.173
0.15,960,-8.859,0.805,-10.493
0.15,961,8.836,9.742,-0.414
0.15,962,2.840,8.021,-0.192
0.15,963,-3.278,-8.915,-5.363
0.15,964,-0.604,-3.804,-10.528
0.15,965,5.212,7.213,-6.336
0.15,966,8.871,0.305,4.601
0.15,967,-5.221,7.501,9.701
0.15,968,2.693,-3.497,4.424
0.15,969,-0.368,3.368,-10.901
0.15,970,8.809,0.606,9.590
0.15,971,7.208,-3.789,-0.215
0.15,972,1.929,-3.787,-5.340
0.15,973,-6.162,7.358,-5.280
0.15,975,8.814,-8.353,-6.900
0.15,976,5.341,5.732,-0.217
0.15,977,3.295,1.304,-10.868
0.15,978,-0.886,-3.221,9.340
0.15,979,-8.784,0.950,5.319
0.15,980,-2.912,5.910,-5.064
0.15,982,-5.242,-6.834,4.725
0.15,983,2.744,-3.393,4.396
0.15,984,-8.661,-8.388,3.706
0.15,985,3.211,4.252,-5.566
0.15,986,5.125,-7.278,4.965
0.15,987,8.709,-8.833,-6.505
0.15,988,8.091,-9.393,3.971
0.15,989,5.083,7.120,-6.363
0.15,990,8.774,-8.606,3.305
0.15,991,-3.207,1.695,9.303
0.15,992,-3.780,-6.057,4.540
0.15,994,2.716,-3.447,4.411
0.15,995,3.114,1.477,9.231
0.15,996,3.196,2.053,-10.740
0.15,997,9.495,1.669,-5.489
0.15,998,-7.414,3.111,-0.191
0.15,999,3.175,2.083,-10.752
0.15,1000,-1.322,-3.352,-10.449
0.15,1001,8.033,5.684,4.455
0.15,1002,7.036,6.519,-0.263
0.15,1004,1.647,8.155,-6.764
0.15,1005,3.226,2.004,-10.719
0.15,1006,-6.311,7.334,-5.271
0.15,1007,0.939,7.722,-6.405
0.15,1008,8.638,-9.022,-6.296
0.15,1009,-1.778,-2.562,9.457
0.15,1010,-2.717,5.131,-4.978
0.15,1011,3.352,7.323,-0.202
0.15,1012,8.368,-0.868,-0.196
0.15,1013,-3.246,-8.824,-5.372
0.15,1014,-3.911,0.051,-5.892
0.15,1016,-4.721,-6.663,-0.182
0.15,1017,8.378,-0.568,-0.195
0.15,1018,0.976,-3.907,-5.356
0.15,1020,8.770,1.532,4.705
0.15,1021,2.871,-1.191,2.895
0.15,1022,8.329,-1.073,-0.197
0.15,1023,-9.076,-0.275,5.160
0.15,1024,5.768,5.354,-0.212
0.15,1025,3.203,2.045,-10.735
0.15,1027,-9.946,-1.872,-5.900
0.15,1028,-3.231,-1.292,-10.503
0.15,1029,-3.602,-6.185,4.526
0.15,1030,-4.254,0.911,4.497
0.15,1031,8.585,-9.160,-6.150
0.15,1032,-1.631,-0.242,-2.073
0.15,1033,-6.102,6.069,-5.036
0.15,1034,8.495,2.169,4.700
0.15,1036,-4.253,0.803,4.519
0.15,1037,5.093,7.122,-6.357
0.15,1038,-4.267,0.589,4.550
0.15,1039,3.992,-7.878,-5.933
0.15,1040,4.012,-7.856,-5.934
0.15,1041,-4.213,-6.978,9.314
0.15,1042,6.288,6.350,4.922
0.15,1043,8.081,-0.298,4.673
0.15,1044,0.594,9.041,9.552
0.15,1045,2.457,-9.150,4.605
0.15,1046,2.253,-9.317,4.604
0.15,1047,6.320,-1.967,-5.962
0.15,1048,3.835,1.926,-5.002
0.15,1050,5.987,9.345,-0.465
0.15,1052,-1.506,4.762,4.050
0.15,1053,1.223,-9.489,-5.391
0.15,1054,6.439,4.591,-0.189
0.15,1055,4.272,0.923,4.314
0.15,1056,2.728,-3.424,4.405
0.15,1059,3.184,4.298,-5.562
0.15,1060,-2.980,7.569,-0.178
0.15,1062,3.115,1.476,9.231
0.15,1063,4.813,-7.202,5.007
0.15,1065,7.953,5.680,4.476
0.15,1066,2.776,-4.029,-5.294
0.15,1067,-2.486,-7.748,-5.112
0.15,1068,2.845,-9.592,8.916
0.15,1069,-7.971,7.559,4.351
0.15,1070,7.733,5.785,4.523
0.15,1071,4.993,7.018,-6.353
0.15,1072,2.665,-3.528,4.432
0.15,1073,-8.919,0.127,5.177
0.15,1074,6.234,6.403,4.954
0.15,1075,4.043,1.272,4.240
0.15,1076,7.350,2.175,-0.186
0.15,1077,-0.075,-4.006,-10.560
0.15,1078,3.987,-7.883,-5.933
0.15,1079,4.713,-7.280,5.020
0.15,1080,-3.776,-0.211,-6.114
0.15,1081,-1.762,-4.147,4.377
0.15,1082,-4.915,-6.817,4.698
0.15,1084,-1.523,4.766,4.056
0.15,1085,3.481,7.311,-0.200
0.15,1086,-10.138,-8.148,-5.650
0.15,1089,-1.499,8.181,-0.186
0.15,1090,6.553,-5.097,-0.216
0.15,1091,4.960,6.083,-0.216
0.15,1092,-5.448,-6.805,-5.487
0.15,1093,-1.909,-3.994,-0.251
0.15,1094,-2.172,5.288,-5.046
0.15,1095,-5.409,7.009,4.525
0.15,1096,4.629,-7.330,5.031
0.15,1097,-1.887,4.738,4.172
0.15,1098,2.202,-9.358,4.604
0.15,1099,8.285,-1.236,-0.197
0.15,1100,8.818,0.633,9.596
0.15,1101,-3.069,7.465,-0.177
0.15,1102,-1.734,-7.510,4.490
0.15,1103,4.506,-6.571,-0.217
0.15,1104,-6.246,7.430,-5.285
0.15,1105,7.832,-1.639,-0.206
0.15,1106,-2.206,4.631,4.261
0.15,1107,-2.148,5.178,4.314
0.15,1108,2.260,-8.119,-0.197
0.15,1109,1.654,-3.814,-5.364
0.15,1110,-2.627,7.867,-0.180
0.15,1111,6.624,-4.920,-0.215
0.15,1112,6.055,6.433,5.012
0.15,1113,-0.175,-3.979,-10.557
0.15,1114,8.740,-8.633,-6.675
0.15,1115,-0.783,-4.316,4.429
0.15,1116,-4.471,7.826,-11.131
0.15,1118,3.793,6.938,-0.204
0.15,1119,6.957,-0.996,-5.458
0.15,1121,6.293,-5.474,8.803
0.15,1122,-5.526,-2.951,-6.589
0.15,1123,9.643,1.685,-5.491
0.15,1124,-1.468,4.774,4.037
0.15,1125,-6.198,7.327,-5.278
0.15,1126,3.295,2.947,4.370
0.15,1127,3.189,4.296,-5.563
0.15,1128,-3.444,-8.777,-5.381
0.15,1129,3.207,2.041,-10.732
0.15,1130,-8.847,4.567,4.480
0.15,1131,7.289,-0.957,-5.431
0.15,1132,2.317,8.221,-0.203
0.15,1133,5.403,7.152,-6.218
0.15,1134,3.869,-7.960,-5.916
0.15,1135,-6.387,7.275,4.587
0.15,1136,8.142,5.460,4.448
0.15,1137,7.838,0.611,-0.203
0.15,1138,-4.620,7.559,-0.214
0.15,1139,3.283,7.620,-0.196
0.15,1140,-8.416,-8.216,3.840
0.15,1141,2.463,-3.835,-5.269
0.15,1142,-1.524,4.766,4.057
0.15,1143,4.194,0.995,4.289
0.15,1144,2.651,8.194,-0.193
0.15,1145,-4.384,8.344,4.452
0.15,1146,-4.072,-6.929,9.280
0.15,1147,-4.141,-6.976,9.305
0.15,1149,3.158,-4.924,-0.245
0.15,1150,-6.101,6.185,-5.062
0.15,1151,-0.058,7.447,5.296
0.15,1152,6.471,-5.152,8.491
0.15,1153,-5.411,-6.706,-5.479
0.15,1154,-7.800,-2.757,-0.223
0.15,1155,-3.030,7.712,-0.179
0.15,1156,-1.469,4.773,4.037
0.15,1157,-4.382,6.420,-0.183
0.15,1158,-3.237,2.475,-4.985
0.15,1159,5.073,7.109,-6.363
0.15,1160,-7.833,-2.705,-0.223
0.15,1161,-2.206,-7.115,4.467
0.15,1162,4.735,-7.267,5.018
0.15,1163,5.074,7.107,-6.361
0.15,1165,-2.361,-4.202,-4.947
0.15,1166,2.601,-3.586,4.446
0.15,1167,8.125,-0.129,-0.194
0.15,1169,5.610,6.532,5.161
0.15,1172,-4.148,-6.631,-0.177
0.15,1173,2.908,-1.238,2.969
0.15,1174,-7.418,0.141,-0.171
0.15,1175,-0.209,3.382,-10.931
0.15,1176,9.667,1.687,-5.491
0.15,1177,6.588,-4.961,-0.216
0.15,1178,-4.110,-6.926,9.282
0.15,1179,3.203,4.261,-5.565
0.15,1181,5.279,6.030,-0.215
0.15,1182,3.733,6.994,-0.203
0.15,1183,-3.009,7.557,-0.178
0.15,1184,-7.725,-2.904,-0.222
0.15,1185,-7.348,-3.358,-8.005
0.15,1186,-0.791,7.038,5.034
0.15,1187,5.138,7.159,-6.350
0.15,1188,-2.133,-2.548,-10.476
0.15,1189,-7.963,-4.234,-6.792
0.15,1190,-1.431,4.757,4.021
0.15,1191,8.490,2.212,4.698
0.15,1192,1.164,-8.184,-0.202
0.15,1193,1.357,-9.267,-11.166
0.15,1194,-4.081,6.559,-0.180
0.15,1195,7.965,-9.553,4.040
0.15,1196,8.260,-0.055,-0.197
0.15,1197,-5.365,-6.921,-5.472
0.15,1198,-5.252,7.479,9.696
0.15,1200,6.619,-1.094,-5.504
0.15,1201,-0.376,-3.901,-10.547
0.15,1202,5.774,5.372,-0.212
0.15,1203,-4.889,7.726,9.752
0.15,1204,5.004,5.993,-0.217
0.15,1205,-7.873,-0.678,-0.197
0.15,1206,2.746,8.146,-0.191
0.15,1207,1.377,9.618,5.708
0.15,1208,-5.063,-2.395,-6.917
0.15,1209,6.963,-4.285,-0.213
0.15,1210,0.581,0.931,-0.518
0.15,1212,-5.219,-7.026,-5.451
0.15,1213,-3.748,-0.137,-11.108
0.15,1215,3.200,4.265,-5.565
0.15,1216,8.966,2.022,-5.439
0.15,1218,4.098,6.746,-0.206
0.15,1219,7.426,2.612,-0.174
0.15,1221,3.022,4.506,-5.558
0.15,1222,0.841,-9.568,-5.378
0.15,1223,-7.138,3.971,-0.183
0.15,1224,4.104,6.756,-0.206
0.15,1225,9.925,9.070,-10.332
0.15,1226,4.234,-6.618,-0.211
0.15,1227,8.767,6.043,4.145
0.15,1228,2.691,-3.520,4.429
0.15,1229,-4.206,0.992,4.479
0.15,1230,-3.986,6.657,-0.179
0.15,1231,-10.063,-7.833,-5.832
0.15,1233,6.702,2.630,-0.192
0.15,1234,-10.049,-7.954,-5.718
0.15,1235,5.153,-5.906,-0.231
0.15,1236,-9.450,-1.228,-5.891
0.15,1237,-7.996,-0.489,-0.193
0.15,1238,3.665,7.180,-0.200
0.15,1240,4.804,-6.017,-0.227
0.15,1241,8.488,-0.203,9.440
0.15,1242,-8.603,-8.342,3.750
0.15,1243,-7.137,-3.872,-0.210
0.15,1244,3.116,1.475,9.232
0.15,1245,3.606,7.205,-0.201
0.15,1247,-4.932,-2.317,-7.048
0.15,1248,5.201,7.165,-6.308
0.15,1249,-5.960,7.449,-5.286
0.15,1250,-3.425,7.404,-0.181
0.15,1251,-10.125,-8.136,-5.636
0.15,1252,6.823,-0.661,-5.397
0.15,1253,7.870,-9.698,4.093
0.15,1254,0.118,7.458,5.339
0.15,1255,3.768,6.845,-0.205
0.15,1256,-2.514,4.788,-4.961
0.15,1257,9.919,9.057,-10.390
0.15,1258,-1.559,4.766,4.069
0.15,1259,-3.598,-8.631,-5.384
0.15,1260,-2.651,5.016,-4.971
0.15,1261,-1.641,-7.579,4.496
0.15,1262,-3.814,-6.253,4.547
0.15,1264,8.258,-0.352,-0.195
0.15,1265,-0.299,7.101,5.184
0.15,1266,1.169,-8.230,-0.203
0.15,1267,-0.594,3.350,-10.858
0.15,1268,-3.460,-8.772,-5.382
0.15,1269,-2.246,4.750,4.286
0.15,1270,5.201,-5.778,-0.233
0.15,1271,3.481,7.456,-0.197
0.15,1272,0.223,0.258,-0.464
0.15,1273,-3.228,1.624,9.299
0.15,1276,-0.703,8.284,-0.198
0.15,1277,-5.938,7.419,-5.283
0.15,1278,-3.121,-7.160,-0.185
0.15,1279,-7.413,-0.110,-0.175
0.15,1280,-4.307,7.931,-11.191
0.15,1281,7.803,-9.641,4.062
0.15,1282,4.776,-6.017,-0.227
0.15,1283,7.100,-1.007,-5.451
0.15,1284,-4.327,6.221,-4.973
0.15,1285,-8.921,4.614,4.467
0.15,1286,4.066,6.619,-0.208
0.15,1288,1.636,8.169,-6.756
0.15,1289,-5.204,7.512,9.704
0.15,1290,2.972,-1.336,3.143
0.15,1291,5.978,-5.504,-0.225
0.15,1293,2.864,3.979,4.670
0.15,1294,-7.022,3.948,-0.183
0.15,1295,4.965,-7.200,4.994
0.15,1296,3.996,-7.875,-5.934
0.15,1297,5.492,-1.937,-6.159
0.15,1298,5.455,-0.041,-5.198
0.15,1299,-8.609,-8.345,3.747
0.15,1300,2.666,2.632,-10.968
0.15,1301,-0.405,3.365,-10.894
0.15,1302,6.591,6.266,4.814
0.15,1303,5.802,-2.045,-6.170
0.15,1304,-6.211,7.067,-5.252
0.15,1305,3.115,1.476,9.232
0.15,1306,7.046,9.976,-0.338
0.15,1307,-7.508,0.017,-0.174
0.15,1308,-3.297,-8.967,-5.358
0.15,1309,4.778,6.051,-0.216
0.15,1312,4.880,-7.203,5.003
0.15,1313,2.737,-3.406,4.399
0.15,1314,-3.368,-5.784,4.502
0.15,1315,2.734,-3.410,4.401
0.15,1316,-1.147,8.293,-0.191
0.15,1317,-0.166,-8.047,-0.203
0.15,1318,-5.109,7.578,9.721
0.15,1319,-8.681,3.656,4.531
0.15,1321,3.533,7.157,-0.203
0.15,1322,-4.246,8.424,-5.042
0.15,1323,3.290,3.797,-5.575
0.15,1324,-4.068,-6.929,9.279
0.15,1325,-3.033,-7.188,-0.187
0.15,1326,-3.292,-8.905,-5.365
0.15,1327,3.300,1.450,-10.777
0.15,1328,5.422,-6.482,9.561
0.15,1330,3.206,2.040,-10.733
0.15,1331,-7.652,0.636,-0.173
0.15,1332,-10.118,-8.119,-5.648
0.15,1333,9.659,1.691,-5.492
0.15,1334,6.396,-5.180,-0.218
0.15,1335,1.593,8.322,-6.706
0.15,1337,2.502,-1.913,9.208
0.15,1338,-1.798,-7.641,4.500
0.15,1339,1.361,9.090,-6.508
0.15,1341,8.665,1.502,4.700
0.15,1342,-0.831,-3.250,9.336
0.15,1343,9.525,1.706,-5.495
0.15,1344,-2.769,4.007,4.286
0.15,1346,9.749,1.681,-5.490
0.15,1347,3.989,-7.881,-5.933
0.15,1349,8.853,0.441,4.608
0.15,1350,-7.439,0.023,-0.173
0.15,1353,-4.312,8.355,-5.044
0.15,1354,-1.030,-8.344,4.552
0.15,1355,1.647,8.195,-6.756
0.15,1356,8.513,-0.056,4.617
0.15,1357,2.239,8.246,-0.205
0.15,1358,-4.147,-6.295,4.585
0.15,1359,-4.767,7.647,-10.956
0.15,1360,4.228,0.955,4.301
0.15,1361,-7.513,-0.145,-0.178
0.15,1362,9.083,-8.440,-7.015
0.15,1363,3.007,7.942,-0.190
0.15,1364,3.197,7.746,-0.193
0.15,1365,8.796,-8.910,3.651
0.15,1366,4.684,6.832,-0.211
0.15,1367,1.935,8.235,-0.218
0.15,1368,-7.373,3.476,-0.187
0.15,1369,-8.751,0.920,5.077
0.15,1371,-9.020,-0.474,-6.018
0.15,1372,-1.570,4.769,4.073
0.15,1373,-1.946,-8.142,-5.128
0.15,1374,2.750,-3.375,4.391
0.15,1375,-8.002,8.023,8.403
0.15,1376,2.728,4.151,4.688
0.15,1377,-7.477,-3.351,-0.216
0.15,1378,8.540,2.039,4.708
0.15,1380,-7.339,3.442,-0.187
0.15,1381,-7.283,3.595,-0.186
0.15,1382,4.311,0.916,4.322
0.15,1383,-8.924,-0.075,-6.096
0.15,1384,2.199,-9.366,4.603
0.15,1385,-5.297,-6.964,-5.461
0.15,1386,4.005,-7.869,-5.934
0.15,1387,0.128,-0.612,-0.460
0.15,1388,6.833,3.923,-0.171
0.15,1390,-4.446,8.233,4.455
0.15,1391,-0.924,-5.131,4.338
0.15,1392,-0.310,7.057,-6.006
0.15,1393,-2.454,-3.505,4.241
0.15,1394,2.700,-3.490,4.422
0.15,1395,1.994,-8.218,-0.199
0.15,1396,-1.955,-4.683,-0.255
0.15,1397,-0.825,7.491,-0.204
0.15,1398,5.827,-5.607,-0.228
0.15,1400,0.891,-8.231,-0.204
0.15,1401,-1.182,-4.184,4.408
0.15,1402,3.160,1.378,9.243
0.15,1403,-0.834,1.755,-1.443
0.15,1405,8.295,-0.706,-0.194
0.15,1406,-5.139,-6.613,-0.187
0.15,1407,-3.133,-6.440,4.489
0.15,1408,-8.504,3.715,-5.275
0.15,1409,-4.266,0.685,4.543
0.15,1410,3.882,1.517,4.202
0.15,1411,-0.265,8.252,-0.208
0.15,1412,-6.781,7.587,4.567
0.15,1413,7.460,2.527,-0.175
0.15,1414,4.478,0.787,4.361
0.15,1416,2.568,-3.588,4.448
0.15,1417,-7.320,3.513,-0.186
0.15,1418,-7.417,-3.386,-0.216
0.15,1419,9.572,1.669,-5.489
0.15,1420,-5.517,-7.015,4.724
0.15,1421,-3.721,0.492,-10.776
0.15,1422,2.021,-3.769,-5.325
0.15,1423,-5.889,-5.688,-0.198
0.15,1424,2.707,-1.008,2.634
0.15,1425,-5.377,-6.864,-5.476
0.15,1426,-7.434,-3.377,-0.216
0.15,1427,1.101,-1.683,-0.462
0.15,1428,-3.651,0.801,-10.573
0.15,1429,2.712,-3.466,4.416
0.15,1430,-5.477,-6.079,-0.190
0.15,1431,3.206,2.042,-10.733
0.15,1432,-3.552,-0.692,-7.980
0.15,1433,-8.611,-8.349,3.745
0.15,1434,-7.446,0.485,-0.169
0.15,1435,-4.720,7.043,4.464
0.15,1436,2.723,-3.436,4.408
0.15,1438,-6.137,7.388,-5.283
0.15,1439,9.919,9.056,-10.390
0.15,1440,-5.424,5.914,4.464
0.15,1441,4.750,-7.252,5.015
0.15,1443,2.740,-3.398,4.397
0.15,1444,5.834,-0.321,-5.305
0.15,1445,6.239,-0.622,-5.395
0.15,1446,-5.611,6.286,4.492
0.15,1447,-1.375,-4.065,-4.965
0.15,1448,-7.779,-2.795,-0.223
0.15,1449,-0.344,-3.914,-10.548
0.15,1450,-3.633,-6.907,-0.179
0.15,1451,-3.501,-0.969,-11.161
0.15,1452,-5.378,8.158,-0.227
0.15,1453,4.341,-7.520,5.065
0.15,1454,-10.072,8.853,1.703
0.15,1455,-4.082,-7.000,9.309
0.15,1456,6.646,-1.048,-5.490
0.15,1457,-2.247,8.025,-0.180
0.15,1458,-1.612,4.781,4.089
0.15,1460,8.617,-8.247,-6.847
0.15,1462,-4.796,-6.443,-5.311
0.15,1463,-5.215,7.675,-5.205
0.15,1464,-3.007,-4.585,-4.979
0.15,1466,6.642,-1.125,-5.510
0.15,1467,3.115,2.161,-10.783
0.15,1469,-8.850,0.630,-6.404
0.15,1472,-6.531,7.110,4.565
0.15,1473,-6.318,7.388,9.435
0.15,1474,-0.330,-3.920,-10.550
0.15,1476,8.339,-0.470,-0.195
0.15,1477,7.131,-0.919,4.779
0.15,1478,4.107,-7.770,-5.936
0.15,1479,-8.708,3.967,4.520
0.15,1481,6.665,6.235,4.788
0.15,1482,3.989,-7.881,-5.933
0.15,1483,-1.815,-3.975,-0.251
0.15,1484,-0.422,-7.974,-0.203
0.15,1485,-8.073,-0.746,-0.199
0.15,1486,-7.296,3.608,-0.185
0.15,1487,-0.527,3.356,-10.873
0.15,1488,-7.261,5.287,4.457
0.15,1489,3.503,7.151,-0.203
0.15,1490,-2.129,-3.901,4.337
0.15,1491,3.111,1.485,9.231
0.15,1492,-4.353,7.905,-11.167
0.15,1493,-6.204,7.371,-5.282
0.15,1494,-1.025,-3.174,9.355
0.15,1496,-8.716,4.102,4.515
0.15,1497,-5.962,5.739,4.472
0.15,1498,3.198,2.052,-10.738
0.15,1499,-6.448,5.539,4.464
0.15,1500,-2.653,4.779,-4.952
0.15,1501,-5.276,7.447,9.688
0.15,1502,-7.800,7.837,8.607
0.15,1503,8.121,0.184,-5.295
0.15,1504,-0.617,3.347,-10.851
0.15,1505,4.804,-7.246,5.011
0.15,1506,6.929,-4.391,-0.212
0.15,1507,-3.773,-0.252,-6.135
0.15,1508,3.525,-7.171,-0.198
0.15,1510,4.274,-6.520,-0.213
0.15,1511,7.250,5.989,4.627
0.15,1512,8.751,-0.285,4.602
0.15,1514,7.374,-0.623,-5.375
0.15,1516,-2.419,-4.866,4.418
0.15,1517,6.124,6.416,4.988
0.15,1518,5.189,7.199,-6.343
0.15,1520,7.917,-0.375,4.692
0.15,1521,-6.266,7.362,-5.277
0.15,1522,2.500,2.765,-11.023
0.15,1523,-3.908,0.057,-5.892
0.15,1524,5.094,7.125,-6.358
0.15,1526,4.059,-7.823,-5.937
0.15,1527,8.185,5.365,4.446
0.15,1528,-2.666,4.617,-4.940
0.15,1529,8.483,2.197,4.699
0.15,1530,-9.824,-1.146,4.976
0.15,1531,8.939,1.993,4.722
0.15,1532,-6.300,7.163,4.585
0.15,1534,-7.441,0.906,-0.172
0.15,1535,-3.953,0.127,-5.824
0.15,1536,-0.777,3.326,-10.793
0.15,1537,7.566,2.088,-0.187
0.15,1538,-2.556,3.177,9.470
0.15,1539,-5.884,-8.476,-0.225
0.15,1541,-7.414,1.067,-0.174
0.15,1542,2.000,-3.786,-5.330
0.15,1543,3.995,-7.877,-5.934
0.15,1544,7.306,2.908,-0.171
0.15,1545,-2.719,4.282,-4.918
0.15,1546,-6.165,7.208,4.592
0.15,1547,-4.040,0.410,-5.618
0.15,1548,7.398,2.704,-0.173
0.15,1549,-0.170,3.386,-10.939
0.15,1550,-3.616,0.948,-10.514
0.15,1551,3.231,3.129,4.426
0.15,1552,-7.906,-0.389,-0.190
0.15,1553,3.267,4.549,-5.583
0.15,1554,-5.366,5.864,4.460
0.15,1555,6.294,-2.006,-5.983
0.15,1556,-7.464,1.137,-0.175
0.15,1557,9.919,9.056,-10.390
0.15,1559,-8.767,-2.999,-10.986
0.15,1560,-5.219,5.671,-0.187
0.15,1561,-8.626,-8.363,3.734
0.15,1562,3.574,7.223,-0.201
0.15,1563,5.094,7.123,-6.357
0.15,1565,2.717,-3.447,4.411
0.15,1566,-2.691,-3.102,4.119
0.15,1567,-3.760,7.556,-0.190
0.15,1568,-1.804,8.141,-0.182
0.15,1569,3.206,4.214,-5.567
0.15,1570,3.015,7.926,-0.191
0.15,1571,-8.487,4.030,-5.237
0.15,1572,-8.737,3.990,4.516
0.15,1573,8.581,5.886,4.243
0.15,1574,-7.460,0.435,-0.170
0.15,1575,-3.755,-0.266,-6.157
0.15,1577,-5.237,5.569,-0.186
0.15,1578,-4.016,7.052,-0.186
0.15,1579,-4.061,-6.959,9.290
0.15,1580,-5.250,-7.001,-5.454
0.15,1581,-3.081,-7.203,-0.186
0.15,1582,-1.221,-7.686,-0.203
0.15,1583,-0.806,7.193,-5.874
0.15,1584,9.551,1.671,-5.489
0.15,1585,0.163,-0.868,-0.463
0.15,1586,-4.291,0.797,4.521
0.15,1587,8.259,-1.320,-0.198
0.15,1588,-1.164,-4.056,-4.982
0.15,1589,-3.835,-0.001,-11.215
0.15,1590,-4.266,0.734,4.534
0.15,1591,-5.366,-6.922,-5.472
0.15,1592,-7.382,-3.730,-0.213
0.15,1593,-4.492,8.196,4.458
0.15,1594,-3.521,-6.606,4.526
0.15,1595,9.672,1.677,-5.489
0.15,1596,8.561,-9.201,-6.104
0.15,1597,-5.797,-9.284,-0.235
0.15,1598,2.382,-8.091,-0.196
0.15,1599,2.515,8.219,-0.195
0.15,1600,7.857,-9.692,4.089
0.15,1601,-0.349,3.370,-10.904
0.15,1602,-4.271,0.686,4.543
0.15,1603,-0.885,-3.220,9.340
0.15,1604,8.907,7.884,1.548
0.15,1605,5.230,5.827,-0.217
0.15,1606,-1.504,-3.187,-10.432
0.15,1607,7.927,-2.128,-0.211
0.15,1608,10.484,-2.117,4.491
0.15,1609,-6.084,6.194,-5.064
0.15,1610,-7.155,3.676,-0.185
0.15,1611,-8.538,2.599,4.585
0.15,1612,-7.831,-0.070,-0.182
0.15,1614,-0.553,-4.068,-5.088
0.15,1615,-3.144,-9.681,4.614
0.15,1616,6.874,-4.530,-0.212
0.15,1617,9.705,1.679,-5.490
0.15,1618,2.717,4.142,4.683
0.15,1619,2.971,-7.675,-0.196
0.15,1620,4.877,-7.201,5.003
0.15,1621,-1.637,5.834,4.414
0.15,1622,2.429,4.330,4.667
0.15,1624,4.169,-7.637,5.046
0.15,1625,-4.004,0.204,-5.746
0.15,1626,-3.676,7.996,-5.137
0.15,1627,8.071,0.116,-0.197
0.15,1628,-3.446,-5.312,-4.984
0.15,1629,8.867,0.330,4.603
0.15,1630,2.568,-1.668,9.277
0.15,1631,5.101,7.131,-6.356
0.15,1632,6.666,-4.783,-0.215
0.15,1633,1.015,-9.464,-11.167
0.15,1634,2.338,7.667,-0.222
0.15,1635,3.110,1.490,9.231
0.15,1636,-3.350,-6.011,4.502
0.15,1637,4.860,-7.231,5.006
0.15,1638,-0.010,8.256,-0.215
0.15,1640,1.051,-3.914,-5.363
0.15,1642,-8.852,4.553,4.479
0.15,1643,-4.256,0.818,4.516
0.15,1644,2.710,2.594,-10.949
0.15,1646,8.907,1.637,4.718
0.15,1647,8.099,4.939,-5.150
0.15,1648,8.856,-8.513,-6.810
0.15,1649,3.735,1.770,4.166
0.15,1650,-2.375,-6.844,4.451
0.15,1651,3.186,4.285,-5.563
0.15,1652,8.953,-8.433,-6.918
0.15,1653,-3.227,7.461,-0.179
0.15,1654,6.808,-1.280,-5.530
0.15,1655,-7.482,-3.378,-0.216
0.15,1656,-7.455,0.105,-0.173
0.15,1657,3.209,2.036,-10.731
0.15,1658,-3.887,0.024,-5.924
0.15,1659,2.919,-2.793,4.117
0.15,1661,-5.049,7.619,9.732
0.15,1662,-3.618,0.939,-10.517
0.15,1663,-7.276,-3.743,-0.211
0.15,1665,-6.293,5.588,4.468
0.15,1666,-6.756,4.487,-0.179
0.15,1669,-0.491,-3.853,-10.539
0.15,1670,-0.725,3.761,9.776
0.15,1672,-5.215,7.505,9.702
0.15,1673,-10.132,-8.150,-5.624
0.15,1674,3.204,7.692,-0.194
0.15,1675,2.866,-2.986,4.218
0.15,1677,-2.433,3.414,9.478
0.15,1678,-0.093,-4.957,4.274
0.15,1679,1.506,-8.265,-0.202
0.15,1680,-6.211,7.369,-5.282
0.15,1681,-9.831,-1.151,4.974
0.15,1682,-3.824,9.687,4.436
0.15,1684,-2.412,-3.611,4.267
0.15,1685,3.535,7.284,-0.200
0.15,1686,-6.233,7.215,-5.267
0.15,1687,5.351,-5.906,-0.231
0.15,1688,-1.480,4.768,4.041
0.15,1689,3.087,1.551,9.230
0.15,1690,-5.585,-6.870,-5.501
0.15,1691,2.793,4.073,4.682
0.15,1692,-7.258,3.748,-0.184
0.15,1693,8.776,-8.603,3.301
0.15,1694,-3.029,7.571,-0.178
0.15,1695,-5.263,7.465,9.693
0.15,1696,4.086,-7.766,-5.934
0.15,1698,7.852,-9.688,4.087
0.15,1699,8.175,-1.127,-0.195
0.15,1700,3.112,1.483,9.231
0.15,1701,3.783,7.014,-0.202
0.15,1702,3.261,1.843,-10.718
0.15,1703,2.814,4.065,4.684
0.15,1704,-2.684,4.993,-4.966
0.15,1705,-5.832,-9.866,-0.239
0.15,1706,-2.325,3.613,9.483
0.15,1707,0.391,9.224,9.600
0.15,1708,-0.086,-3.906,9.410
0.15,1709,0.403,-3.982,-0.329
0.15,1710,7.204,-0.893,-5.425
0.15,1711,7.568,1.647,-0.196
0.15,1712,-3.787,-7.086,-0.182
0.15,1713,8.795,0.560,9.582
0.15,1714,-4.068,-6.955,9.289
0.15,1715,-1.533,4.765,4.060
0.15,1716,-5.645,7.335,9.628
0.15,1717,8.347,-0.716,-0.195
0.15,1718,9.920,9.057,-10.389
0.15,1719,-4.682,5.914,4.437
0.15,1720,3.261,1.859,-10.713
0.15,1721,-5.666,5.810,4.472
0.15,1722,8.810,0.609,9.591
0.15,1723,6.401,6.856,-5.737
0.15,1725,-5.424,-6.048,-0.190
0.15,1726,9.913,9.056,-10.394
0.15,1727,-7.768,7.821,8.642
0.15,1729,-2.509,-3.467,4.227
0.15,1730,4.744,-6.044,-0.226
0.15,1731,8.321,-0.803,-0.195
0.15,1732,6.809,-1.222,-5.517
0.15,1734,8.481,2.289,4.694
0.15,1735,3.166,-7.530,-0.194
0.15,1736,8.554,0.482,4.621
0.15,1738,-7.174,3.838,-0.184
0.15,1741,4.217,0.966,4.297
0.15,1742,-7.391,0.181,-0.171
0.15,1743,0.706,8.884,9.499
0.15,1744,3.941,-7.914,-5.928
0.15,1745,2.855,3.975,4.667
0.15,1746,5.216,6.522,5.233
0.15,1747,-3.644,0.830,-10.561
0.15,1749,-1.517,4.765,4.054
0.15,1751,-5.893,5.276,-0.184
0.15,1753,-0.079,8.248,-0.213
0.15,1754,2.484,6.213,-0.247
0.15,1755,4.252,-2.993,-0.363
0.15,1756,-6.938,-4.170,-0.206
0.15,1757,-6.112,5.653,4.470
0.15,1758,9.607,1.681,-5.491
0.15,1759,-2.319,-8.549,-5.262
0.15,1760,-1.245,8.273,-0.189
0.15,1761,8.810,-8.601,-6.731
0.15,1762,-7.424,-3.574,-0.214
0.15,1763,-3.229,1.620,9.299
0.15,1764,5.854,6.471,5.079
0.15,1765,-0.404,8.272,-0.205
0.15,1766,-7.158,-3.799,-0.210
0.15,1767,-7.353,-3.514,-0.214
0.15,1768,8.731,0.152,4.598
0.15,1769,7.860,-9.697,4.091
0.15,1770,3.915,1.468,4.209
0.15,1771,-0.896,1.617,-1.717
0.15,1772,-8.907,0.044,-6.119
0.15,1773,-5.094,7.356,-0.219
0.15,1774,-2.622,-11.103,9.043
0.15,1775,1.462,8.735,-6.592
0.15,1777,9.702,1.684,-5.490
0.15,1778,-3.800,-0.147,-6.066
0.15,1779,-4.192,-6.229,4.589
0.15,1780,-8.066,-0.740,-0.199
0.15,1781,3.393,7.441,-0.198
0.15,1782,-6.125,6.150,-5.055
0.15,1783,-4.264,6.682,-0.185
0.15,1784,-4.043,-6.950,9.285
0.15,1785,-3.703,6.928,-0.177
0.15,1787,7.867,-9.702,4.094
0.15,1788,-5.242,7.487,9.698
0.15,1789,-2.068,-7.187,4.469
0.15,1790,2.806,-8.748,4.692
0.15,1791,-3.581,1.081,-10.464
0.15,1793,3.114,1.478,9.231
0.15,1794,-1.930,-7.299,4.474
0.15,1795,3.625,7.081,-0.203
0.15,1797,-2.421,-3.575,4.259
0.15,1798,9.919,9.057,-10.390
0.15,1799,-4.852,7.933,-0.226
0.15,1800,-3.633,-6.416,4.533
0.15,1801,7.642,5.818,-5.231
0.15,1802,5.128,7.141,-6.344
0.15,1803,-4.091,-6.980,9.301
0.15,1804,-3.629,-6.195,4.528
0.15,1805,1.419,8.877,-6.555
0.15,1806,-3.290,1.399,9.290
0.15,1807,6.628,-1.605,-5.672
0.15,1808,2.408,-2.096,9.164
0.15,1809,8.187,-0.537,-0.192
0.15,1810,-2.110,-7.496,-0.197
0.15,1811,3.972,-7.893,-5.931
0.15,1812,7.057,3.474,-0.169
0.15,1813,-0.841,-3.244,9.337
0.15,1814,9.382,1.742,-5.499
0.15,1815,-1.411,-4.017,-0.256
0.15,1816,0.737,7.534,-6.294
0.15,1817,5.091,7.121,-6.358
0.15,1818,8.775,6.073,4.138
0.15,1819,-8.848,0.731,-6.445
0.15,1820,-4.027,8.804,-5.022
0.15,1821,-8.978,-0.341,-6.047
0.15,1822,4.451,-6.379,-0.217
0.15,1823,9.726,1.685,-5.490
0.15,1825,-6.009,7.458,-5.287
0.15,1826,-4.190,-6.894,9.276
0.15,1827,1.504,7.845,-0.238
0.15,1828,-9.074,-0.617,-5.989
0.15,1829,1.900,4.485,4.591
0.15,1830,5.632,-5.632,-0.232
0.15,1831,2.828,-8.656,4.704
0.15,1832,5.658,-5.617,-0.232
0.15,1833,2.369,4.348,4.658
0.15,1834,6.788,-1.143,-5.501
0.15,1835,-0.920,-3.201,9.343
0.15,1836,-2.734,4.282,-4.917
0.15,1837,3.246,1.944,-10.710
0.15,1839,-3.673,-0.887,-7.600
0.15,1840,-5.253,-6.346,-0.187
0.15,1842,-0.688,3.338,-10.825
0.15,1843,-6.038,5.088,-0.182
0.15,1844,3.207,2.038,-10.732
0.15,1845,-2.350,-8.397,-5.237
0.15,1846,1.376,-9.927,4.610
0.15,1847,8.676,0.012,4.598
0.15,1848,-2.464,-3.477,4.234
0.15,1850,7.434,6.041,-5.277
0.15,1851,-8.862,0.526,-6.324
0.15,1852,-3.600,-6.638,-0.177
0.15,1853,-3.266,5.539,-4.977
0.15,1854,7.065,3.459,-0.169
0.15,1855,3.185,4.273,-5.563
0.15,1856,-2.677,7.178,-0.182
0.15,1857,9.754,-5.902,4.845
0.15,1858,-8.845,0.661,-6.433
0.15,1859,-8.779,4.334,4.498
0.15,1860,-8.907,0.043,-6.119
0.15,1861,5.881,-5.581,-0.227
0.15,1862,5.197,-5.849,-0.232
0.15,1863,5.283,5.722,-0.218
0.15,1864,-1.033,-3.135,9.352
0.15,1865,-2.194,5.023,4.304
0.15,1866,1.026,3.408,-11.120
0.15,1867,-6.225,7.348,-5.280
0.15,1871,-2.447,-3.504,4.241
0.15,1872,2.911,7.906,-0.194
0.15,1873,-4.796,7.578,4.479
0.15,1874,-5.382,-6.813,-5.476
0.15,1875,4.412,0.807,4.352
0.15,1876,7.254,3.040,-0.169
0.15,1877,4.079,1.200,4.250
0.15,1878,7.108,3.370,-0.168
0.15,1879,4.582,-6.438,-0.219
0.15,1880,8.886,0.156,4.594
0.15,1881,2.726,-3.428,4.406
0.15,1882,-7.382,0.079,-0.171
0.15,1883,-7.946,-0.404,-0.191
0.15,1884,-7.148,3.758,-0.184
0.15,1885,-4.803,-6.202,4.672
0.15,1886,-1.157,8.282,-0.191
0.15,1887,-4.038,0.263,-5.691
0.15,1888,-3.898,0.047,-5.905
0.15,1889,8.514,2.166,4.701
0.15,1890,6.043,-5.423,-0.224
0.15,1891,0.948,-9.563,-5.381
0.15,1892,-7.865,7.885,8.538
0.15,1893,-5.610,7.231,4.563
0.15,1895,4.766,-7.257,5.015
0.15,1896,-1.430,4.757,4.021
0.15,1897,7.937,5.703,4.478
0.15,1898,-0.592,2.235,-0.997
0.15,1899,-8.620,-8.357,3.739
0.15,1900,2.610,-8.964,4.639
0.15,1901,-0.919,-3.202,9.343
0.15,1903,8.728,-8.318,-6.870
0.15,1904,8.838,-8.547,-6.780
0.15,1905,-5.238,-6.369,-0.186
0.15,1906,-1.172,4.721,3.971
0.15,1907,-0.904,-3.209,9.341
0.15,1908,-5.980,-5.466,-0.201
0.15,1910,-6.169,7.329,4.601
0.15,1911,8.842,6.150,4.108
0.15,1912,2.888,4.559,-5.550
0.15,1913,8.676,1.959,4.718
0.15,1915,-1.567,4.778,4.073
0.15,1916,-2.895,-2.784,4.020
0.15,1917,-4.013,0.215,-5.734
0.15,1918,-2.743,4.922,9.229
0.15,1919,-8.561,4.412,-5.208
0.15,1921,-0.914,-3.204,9.342
0.15,1923,-4.063,-6.984,9.300
0.15,1924,3.116,1.475,9.232
0.15,1926,0.241,8.230,-0.221
0.15,1927,1.260,-4.057,4.569
0.15,1928,0.915,-8.231,-0.204
0.15,1930,2.224,-3.773,-5.294
0.15,1931,-7.416,-4.066,-0.216
0.15,1932,-3.743,-5.097,-5.031
0.15,1933,-0.709,3.335,-10.816
0.15,1935,-7.432,3.232,-0.189
0.15,1936,3.105,7.833,-0.191
0.15,1937,-2.883,2.497,9.392
0.15,1938,-9.696,-1.561,-5.892
0.15,1939,-7.656,0.812,-0.175
0.15,1940,8.773,0.497,9.568
0.15,1941,-4.219,0.941,4.490
0.15,1942,7.865,-9.692,4.090
0.15,1943,-3.986,-7.240,9.380
0.15,1944,4.791,-7.238,5.011
0.15,1945,8.793,-8.627,-6.706
0.15,1946,-6.042,6.271,-5.080
0.15,1947,3.162,3.314,4.495
0.15,1948,-2.232,4.705,4.277
0.15,1949,-2.519,-3.391,4.209
0.15,1950,1.243,-9.479,-5.391
0.15,1951,-7.799,-2.906,-0.222
0.15,1953,4.924,-7.229,5.001
0.15,1954,7.923,-2.240,-0.212
0.15,1956,-1.110,-3.500,-10.471
0.15,1957,-4.548,8.128,4.462
0.15,1958,-4.242,-6.266,4.596
0.15,1959,-7.064,4.008,-0.182
0.15,1960,-4.044,-6.179,4.570
0.15,1961,8.242,-1.286,-0.197
0.15,1962,7.099,3.382,-0.168
0.15,1963,-5.445,-6.855,-5.487
0.15,1964,6.550,-1.122,-5.517
0.15,1965,-1.934,-7.604,-0.200
0.15,1966,-4.067,-6.962,9.292
0.15,1967,4.713,-7.293,5.021
0.15,1968,7.342,5.964,4.607
0.15,1970,-3.908,0.058,-5.891
0.15,1971,7.851,5.790,4.494
0.15,1972,-2.237,-7.064,4.464
0.15,1973,-2.611,-3.238,4.162
0.15,1974,1.924,-3.789,-5.341
0.15,1975,-5.289,-6.965,-5.460
0.15,1976,-4.297,8.145,9.828
0.15,1977,1.931,-9.618,4.591
0.15,1979,-8.618,-8.354,3.741
0.15,1980,-5.325,-6.919,-5.466
0.15,1981,-1.465,-4.123,4.391
0.15,1983,-2.590,3.094,9.467
0.15,1984,3.293,7.253,-0.204
0.15,1985,2.737,-1.050,2.667
0.15,1986,-9.753,-4.609,5.124
0.15,1987,8.766,-8.615,3.316
0.15,1988,7.586,5.838,4.555
0.15,1989,-1.106,-7.821,-0.203
0.15,1990,-1.095,3.286,-10.679
0.15,1991,-6.067,-5.360,-0.202
0.15,1992,4.806,-5.816,-0.231
0.15,1993,6.039,6.435,5.017
0.15,1994,5.621,-5.744,-0.231
0.15,1995,2.430,2.437,-3.656
0.15,1996,-7.663,0.682,-0.174
0.15,1997,-4.759,7.614,4.476
0.15,1998,-5.383,7.369,9.667
0.15,2000,-4.413,6.273,4.441
0.15,2001,-7.233,-3.659,-0.211
0.15,2002,3.958,-7.902,-5.930
0.15,2003,-3.437,-6.445,4.515
0.15,2004,5.520,5.539,-0.216
0.15,2005,-3.521,-6.045,4.517
0.15,2006,3.288,3.845,-5.576
0.15,2007,2.363,-2.165,9.149
0.15,2008,5.704,-6.209,9.430
0.15,2009,2.225,-9.332,4.605
0.15,2010,7.113,1.959,-0.198
0.15,2011,-4.211,6.769,-0.185
0.15,2013,2.707,-3.465,4.416
0.15,2014,0.575,-8.200,-0.204
0.15,2015,-7.992,-2.401,-0.222
0.15,2016,9.586,1.686,-5.492
0.15,2018,-1.525,4.766,4.057
0.15,2019,-6.044,6.373,-5.104
0.15,2020,-5.304,-6.950,-5.463
0.15,2021,8.669,2.237,4.700
0.15,2022,-3.947,6.511,-0.178
0.15,2024,-7.485,1.771,-0.187
0.15,2026,0.687,-9.730,4.671
0.15,2027,5.648,-5.796,-0.230
0.15,2028,6.688,-1.265,-5.541
0.15,2029,7.187,1.515,-0.206
0.15,2030,5.118,7.139,-6.349
0.15,2031,-2.241,-0.203,-4.053
0.15,2032,-4.230,0.923,4.494
0.15,2033,-6.199,-5.328,-0.202
0.15,2034,2.713,2.591,-10.947
0.15,2035,-7.345,3.391,-0.188
0.15,2036,3.122,1.466,9.234
0.15,2037,-6.301,-5.108,-0.203
0.15,2038,-3.302,1.351,9.290
0.15,2041,6.929,-6.196,-0.225
0.15,2042,6.584,6.275,4.818
0.15,2043,-4.043,-6.843,9.247
0.15,2044,2.669,-8.896,4.655
0.15,2045,2.770,-3.321,4.374
0.15,2046,3.330,2.861,4.346
0.15,2047,-3.666,-6.156,4.531
0.15,2048,-2.294,3.780,9.466
0.15,2049,4.545,-7.364,5.040
0.15,2050,0.332,-3.979,-5.263
0.15,2052,10.103,10.988,7.271
0.15,2053,3.225,4.469,-5.573
0.15,2054,5.312,7.192,-6.265
0.15,2055,8.458,5.804,4.307
0.15,2056,2.010,10.165,-6.291
0.15,2057,5.110,7.141,-6.357
0.15,2059,8.784,0.526,9.575
0.15,2060,8.253,-0.404,-0.194
0.15,2061,-4.225,0.959,4.486
0.15,2062,-3.020,3.570,4.249
0.15,2063,-4.219,0.943,4.490
0.15,2064,7.697,-9.560,4.020
0.15,2065,2.787,4.071,4.679
0.15,2066,-8.516,3.334,-5.351
0.15,2067,-2.165,-4.150,4.367
0.15,2069,8.489,2.937,-5.212
0.15,2070,-4.073,0.319,-5.640
0.15,2071,5.106,-5.268,-0.243
0.15,2073,-5.534,-6.353,-0.191
0.15,2074,-2.670,4.880,-4.959
0.15,2075,-9.375,-3.707,10.084
0.15,2076,9.613,1.690,-5.492
0.15,2077,-2.144,-3.878,4.333
0.15,2078,-1.263,4.736,3.971
0.15,2079,7.151,6.370,-5.394
0.15,2080,-8.613,3.015,4.557
0.15,2081,-4.320,7.054,4.450
0.15,2082,-8.591,-8.331,3.758
0.15,2083,-4.761,7.817,9.768
0.15,2084,-9.176,-0.808,-5.957
0.15,2085,2.805,-3.201,4.323
0.15,2086,-3.441,-4.847,-5.013
0.15,2087,3.015,1.732,9.242
0.15,2088,4.707,0.602,-4.977
0.15,2089,9.013,1.504,4.713
0.15,2090,-4.093,-6.181,4.576
0.15,2091,-7.285,3.627,-0.185
0.15,2092,2.187,-3.755,-5.297
0.15,2093,-3.340,-7.372,-0.189
0.15,2095,8.826,2.130,-5.406
0.15,2096,-6.075,5.688,4.471
0.15,2097,3.130,1.449,9.236
0.15,2098,-1.541,-4.316,-0.260
0.15,2099,-3.394,-6.188,4.507
0.15,2100,8.242,-7.697,-6.754
0.15,2102,-8.074,-2.143,-0.220
0.15,2103,-8.104,-0.770,-0.200
0.15,2104,-3.436,-8.773,-5.381
0.15,2105,-3.930,0.090,-5.859
0.15,2106,-2.819,5.209,-4.979
0.15,2107,3.200,4.250,-5.565
0.15,2108,8.224,-0.534,-0.193
0.15,2109,-4.042,0.258,-5.691
0.15,2110,2.932,-10.306,8.589
0.15,2111,4.889,0.427,-5.031
0.15,2112,-0.487,4.720,4.101
0.15,2113,-4.774,6.298,-0.188
0.15,2114,-6.479,5.257,-0.186
0.15,2115,-4.778,-7.455,-5.412
0.15,2116,-8.188,-1.182,-0.208
0.15,2117,-1.798,-4.086,4.372
0.15,2118,-1.321,-3.372,-10.455
0.15,2119,-3.041,-4.988,4.455
0.15,2120,8.784,0.527,9.575
0.15,2121,-4.648,-6.946,9.380
0.15,2122,-3.644,-6.743,-0.177
0.15,2123,8.810,0.610,9.591
0.15,2124,-8.280,0.286,8.895
0.15,2126,6.191,-5.415,-0.221
0.15,2127,-2.089,4.766,4.241
0.15,2128,-3.146,1.882,9.317
0.15,2130,-6.310,7.328,-5.271
0.15,2131,8.047,-8.094,-6.646
0.15,2132,9.919,9.057,-10.390
0.15,2133,4.461,-7.444,5.054
0.15,2134,8.733,1.877,4.725
0.15,2135,0.501,1.449,-0.593
0.15,2136,-1.434,-3.252,-10.436
0.15,2137,7.091,-4.039,-0.214
0.15,2138,-9.129,-0.725,-5.971
0.15,2139,-1.823,4.776,4.156
0.15,2140,2.665,-9.178,9.127
0.15,2141,-3.362,-0.166,-9.868
0.15,2142,-3.877,9.151,-4.991
0.15,2143,-7.857,-2.689,-0.223
0.15,2144,6.608,-4.938,-0.215
0.15,2146,2.221,-3.763,-5.293
0.15,2147,8.813,-8.500,3.082
0.15,2148,3.491,7.230,-0.202
0.15,2149,1.693,8.067,-6.796
0.15,2150,-2.949,-6.560,4.478
0.15,2151,-3.929,8.890,-5.019
0.15,2152,7.599,2.187,-0.185
0.15,2153,-8.925,0.107,5.178
0.15,2154,-2.315,-6.998,4.461
0.15,2155,7.909,-9.631,4.070
0.15,2156,3.112,1.484,9.231
0.15,2157,-2.218,4.931,4.299
0.15,2158,-3.694,6.911,-0.176
0.15,2159,2.760,4.109,4.684
0.15,2160,-4.623,7.403,4.464
0.15,2161,-5.673,7.162,4.562
0.15,2162,3.995,-7.876,-5.934
0.15,2163,-2.166,-7.117,4.466
0.15,2164,-3.745,-1.132,4.106
0.15,2167,3.200,4.237,-5.565
0.15,2168,-7.411,0.498,-0.169
0.15,2169,-8.523,2.450,4.605
0.15,2170,-1.893,4.971,4.202
0.15,2171,-9.310,-1.022,-5.918
0.15,2172,-5.686,7.370,4.576
0.15,2173,2.716,-3.448,4.411
0.15,2174,1.550,-3.968,4.562
0.15,2175,-5.200,-7.042,-5.448
0.15,2176,2.718,-3.446,4.410
0.15,2177,-8.707,4.258,4.510
0.15,2178,8.446,-0.288,9.427
0.15,2179,3.196,4.249,-5.565
0.15,2180,3.209,2.037,-10.730
0.15,2182,-4.449,-6.613,-0.179
0.15,2183,7.886,1.164,-0.204
0.15,2184,5.112,7.140,-6.355
0.15,2185,9.195,2.044,-5.462
0.15,2186,1.365,9.071,-6.512
0.15,2187,-3.477,-5.681,4.509
0.15,2188,8.203,5.705,4.408
0.15,2190,7.082,-4.051,-0.214
0.15,2191,-7.807,-2.761,-0.223
0.15,2192,9.583,-8.549,-7.359
0.15,2193,2.145,-3.783,-5.307
0.15,2194,-0.914,-3.204,9.342
0.15,2195,2.233,-3.758,-5.290
0.15,2196,1.978,-3.782,-5.332
0.15,2197,7.780,5.665,-5.205
0.15,2198,-3.420,-6.624,-0.179
0.15,2199,8.799,-8.614,-6.718
0.15,2200,-3.430,7.215,-0.179
0.15,2201,-1.474,8.237,-0.187
0.15,2203,-1.004,-2.634,-0.347
0.15,2204,5.160,0.197,-5.116
0.15,2205,3.113,1.482,9.231
0.15,2206,-2.316,-3.708,4.295
0.15,2207,2.231,-3.792,-5.295
0.15,2208,3.207,4.225,-5.566
0.15,2209,9.577,1.670,-5.489
0.15,2210,2.418,-9.186,4.604
0.15,2211,-8.095,-1.717,-0.216
0.15,2212,-7.291,3.785,-0.184
0.15,2213,-6.140,7.027,-5.247
0.15,2216,-1.765,-7.501,4.489
0.15,2218,8.659,5.922,4.204
0.15,2219,-1.353,-4.398,-0.267
0.15,2220,5.102,7.130,-6.355
0.15,2221,-3.437,2.769,4.154
0.15,2222,-8.490,3.900,-5.251
0.15,2223,8.283,-0.006,4.638
0.15,2224,0.900,5.346,-0.273
0.15,2225,3.205,2.042,-10.733
0.15,2227,-4.031,-7.011,9.308
0.15,2228,-8.046,-2.114,-0.220
0.15,2229,-7.746,-0.209,-0.184
0.15,2232,-5.095,-7.165,-5.439
0.15,2233,-9.396,-1.146,-5.900
0.15,2234,-6.215,6.963,4.575
0.15,2235,2.654,-7.848,-0.196
0.15,2236,0.337,-3.897,-0.320
0.15,2237,-3.429,-7.035,-0.182
0.15,2238,7.139,3.302,-0.168
0.15,2240,2.262,-3.807,-5.292
0.15,2241,-3.502,5.849,4.466
0.15,2242,-8.782,4.319,4.498
0.15,2243,-8.633,3.279,4.544
0.15,2244,8.882,0.224,4.597
0.15,2245,5.972,0.297,4.583
0.15,2246,3.201,4.256,-5.565
0.15,2247,10.288,-2.741,4.367
0.15,2248,-4.246,0.839,4.512
0.15,2249,7.347,2.813,-0.172
0.15,2250,0.740,-8.211,-0.204
0.15,2251,-1.461,-7.826,4.514
0.15,2252,-6.140,7.395,-5.283
0.15,2253,-0.539,-4.038,-5.091
0.15,2254,-7.487,0.119,-0.173
0.15,2255,4.836,-6.116,-0.226
0.15,2256,-4.270,-1.726,-7.518
0.15,2257,2.654,-7.959,-0.197
0.15,2258,-4.865,-7.137,-5.399
0.15,2259,-3.165,-10.183,4.552
0.15,2260,-1.762,-8.091,-5.094
0.15,2261,-1.534,4.764,4.060
0.15,2262,5.488,5.612,-0.216
0.15,2263,-3.995,8.606,-5.045
0.15,2264,8.337,2.669,4.664
0.15,2265,-0.921,-3.200,9.343
0.15,2266,0.532,9.081,9.563
0.15,2267,3.278,1.834,-10.689
0.15,2268,2.601,4.240,4.683
0.15,2269,7.103,6.079,4.665
0.15,2270,4.342,0.872,4.334
0.15,2273,6.357,-5.233,-0.219
0.15,2274,5.110,7.130,-6.349
0.15,2275,2.246,-3.761,-5.288
0.15,2277,7.809,5.669,-5.205
0.15,2278,-4.271,0.622,4.550
0.15,2279,6.783,-1.407,-5.559
0.15,2281,9.921,9.056,-10.389
0.15,2282,1.858,3.056,9.648
0.15,2283,4.092,6.578,-0.208
0.15,2284,5.398,-5.800,-0.232
0.15,2285,3.996,-7.875,-5.934
0.15,2286,-2.551,-5.557,-0.223
0.15,2287,8.249,-1.417,-0.199
0.15,2288,-6.126,5.649,4.470
0.15,2289,6.540,4.556,-0.186
0.15,2290,2.613,4.916,-5.553
0.15,2292,6.002,-2.498,-6.169
0.15,2293,7.768,8.725,-0.437
0.15,2294,2.917,-4.857,-5.491
0.15,2295,1.478,-9.347,-5.388
0.15,2296,-2.195,-3.929,4.337
0.15,2298,-3.929,0.089,-5.860
0.15,2299,-8.847,0.751,-6.454
0.15,2300,4.200,1.003,4.290
0.15,2301,-1.838,-7.552,-4.993
0.15,2302,-1.732,5.298,-5.096
0.15,2304,2.948,3.846,4.649
0.15,2305,3.991,-7.879,-5.933
0.15,2306,5.359,0.029,-5.174
0.15,2309,-6.151,5.631,4.470
0.15,2310,-8.566,-7.697,4.026
0.15,2311,-0.927,-3.197,9.343
0.15,2312,-3.336,-8.886,-5.367
0.15,2313,-1.893,-4.035,4.363
0.15,2314,3.667,1.925,4.152
0.15,2315,8.379,-0.872,-0.196
0.15,2316,-6.098,6.284,-5.085
0.15,2317,-6.266,7.404,-5.281
0.15,2318,6.453,-1.851,-5.872
0.15,2320,-5.330,-6.937,-5.466
0.15,2321,4.791,-7.241,5.012
0.15,2322,3.215,2.026,-10.726
0.15,2323,-8.613,-8.350,3.744
0.15,2325,3.129,4.407,-5.560
0.15,2326,5.401,6.636,5.230
0.15,2327,-2.415,-3.599,4.264
0.15,2328,2.993,7.550,-0.203
0.15,2329,-5.970,5.739,4.472
0.15,2330,-9.794,-5.922,-6.135
0.15,2331,-3.553,-1.536,3.978
0.15,2332,-4.057,-6.961,9.291
0.15,2333,-4.049,0.287,-5.671
0.15,2335,-7.909,-2.478,-0.223
0.15,2336,6.523,4.455,-0.186
0.15,2337,-5.290,-6.964,-5.460
0.15,2339,0.974,-9.561,-5.382
0.15,2340,5.045,7.077,-6.362
0.15,2341,-2.906,-6.009,4.468
0.15,2342,3.853,-7.971,-5.914
0.15,2343,-4.218,-6.689,-0.178
0.15,2344,-7.526,5.069,4.471
0.15,2345,-2.612,4.843,-4.959
0.15,2346,-2.607,4.635,-4.944
0.15,2347,-7.735,0.210,-0.177
0.15,2348,-5.973,-5.564,-0.200
0.15,2349,-2.738,0.878,-4.869
0.15,2350,3.115,1.476,9.231
0.15,2351,-3.354,0.986,9.317
0.15,2352,1.822,8.266,-0.221
0.15,2353,-5.365,-6.911,-5.472
0.15,2355,-6.032,-5.633,-0.200
0.15,2356,3.170,4.249,-5.563
0.15,2358,-2.446,4.424,4.303
0.15,2359,5.047,-5.956,-0.231
0.15,2360,-2.024,-4.056,-4.938
0.15,2361,-3.441,-6.296,4.513
0.15,2362,-8.124,-2.045,-0.219
0.15,2363,-1.299,4.742,3.976
0.15,2364,-1.806,6.360,-5.376
0.15,2365,4.807,6.106,-0.215
0.15,2366,6.814,-4.585,-0.212
0.15,2367,-1.482,4.761,4.041
0.15,2368,5.144,-7.223,4.959
0.15,2369,3.046,-1.499,3.294
0.15,2371,-2.014,-7.227,4.470
0.15,2372,-7.019,-3.845,-0.208
0.15,2374,8.118,-0.464,4.679
0.15,2375,-3.952,-5.828,4.552
0.15,2376,8.892,0.098,4.591
0.15,2377,1.386,-3.846,-5.380
0.15,2378,-8.554,2.732,4.574
0.15,2379,5.674,4.907,-0.218
0.15,2380,-7.490,-3.294,-0.217
0.15,2381,-1.020,-3.143,9.351
0.15,2382,3.352,7.250,-0.204
0.15,2383,-8.589,2.962,4.560
0.15,2384,8.514,4.326,-5.172
0.15,2385,-8.448,-7.528,4.112
0.15,2386,-1.959,-7.611,4.501
0.15,2387,6.593,6.273,4.815
0.15,2388,-9.821,-7.862,-5.587
0.15,2389,-1.553,4.767,4.067
0.15,2390,-5.095,7.588,9.724
0.15,2391,-7.168,3.854,-0.183
0.15,2392,-1.988,4.783,4.211
0.15,2393,6.888,3.844,-0.170
0.15,2394,2.716,4.144,4.683
0.15,2396,4.744,-6.269,-0.223
0.15,2397,0.048,-2.836,-0.330
0.15,2398,3.313,7.598,-0.196
0.15,2399,-2.159,-4.074,-4.941
0.15,2400,-6.212,7.379,-5.283
0.15,2402,1.174,-3.885,-5.374
0.15,2403,-4.795,6.193,-0.187
0.15,2404,-5.022,-7.217,-5.435
0.15,2405,2.903,8.019,-0.191
0.15,2406,8.864,6.150,4.103
0.15,2408,3.021,-1.430,3.237
0.15,2409,-2.676,-4.048,-4.960
0.15,2410,3.861,6.936,-0.204
0.15,2411,3.902,6.872,-0.205
0.15,2412,-5.270,7.455,9.690
0.15,2414,-8.622,-8.360,3.737
0.15,2415,-9.308,-0.681,5.114
0.15,2416,-5.399,-6.892,-5.478
0.15,2417,3.943,-7.912,-5.928
0.15,2418,-3.431,-6.772,-0.179
0.15,2419,-3.902,5.525,-0.189
0.15,2420,-5.259,7.461,9.693
0.15,2422,2.866,-7.520,-0.194
0.15,2423,-2.349,3.567,9.483
0.15,2425,5.142,7.154,-6.343
0.15,2426,-5.348,-6.916,-5.470
0.15,2427,3.253,7.720,-0.194
0.15,2428,0.829,-8.230,-0.204
0.15,2429,7.329,2.854,-0.171
0.15,2430,-3.576,-6.652,4.533
0.15,2431,6.083,-2.146,-6.103
0.15,2432,-5.277,5.789,-0.188
0.15,2433,8.719,1.976,4.718
0.15,2434,5.890,5.232,-0.209
0.15,2435,-0.822,-0.899,-0.775
0.15,2436,2.018,-3.786,-5.327
0.15,2437,8.146,-1.668,-0.202
0.15,2438,-4.271,0.709,4.539
0.15,2439,8.018,5.692,4.458
0.15,2440,6.972,6.125,4.698
0.15,2441,7.969,-9.570,4.048
0.15,2442,-4.055,8.739,-5.027
0.15,2445,3.212,2.030,-10.728
0.15,2446,0.291,6.593,-6.096
0.15,2447,3.191,4.377,-5.563
0.15,2449,-1.773,3.108,-10.478
0.15,2451,-7.714,0.048,-0.178
0.15,2452,-1.354,-4.190,-4.972
0.15,2453,4.202,6.614,-0.208
0.15,2454,3.209,2.037,-10.730
0.15,2455,2.278,-9.304,4.602
0.15,2456,-2.226,4.171,9.399
0.15,2458,-6.211,7.358,-5.281
0.15,2459,-7.727,-0.104,-0.181
0.15,2460,5.107,7.136,-6.355
0.15,2462,3.013,-1.409,3.218
0.15,2463,1.400,-8.253,-0.202
0.15,2464,0.062,6.945,5.246
0.15,2465,-8.705,1.031,5.033
0.15,2466,-3.555,-0.576,-10.958
0.15,2467,6.954,6.375,-5.425
0.15,2468,3.992,-7.879,-5.933
0.15,2469,3.593,2.088,4.148
0.15,2470,6.983,3.649,-0.168
0.15,2471,-9.609,-4.869,5.133
0.15,2472,-3.956,-6.168,4.560
0.15,2473,3.194,2.059,-10.741
0.15,2474,-3.497,7.019,-0.177
0.15,2475,6.759,-4.863,-0.212
0.15,2476,8.049,0.014,4.657
0.15,2477,4.420,-6.444,-0.216
0.15,2479,8.314,-1.178,-0.197
0.15,2480,-7.428,-3.321,-0.216
0.15,2481,0.524,9.087,9.565
0.15,2483,5.864,6.487,5.081
0.15,2484,-8.532,1.865,4.734
0.15,2485,2.714,-8.846,4.667
0.15,2486,3.199,4.244,-5.565
0.15,2487,-5.448,7.667,-5.239
0.15,2488,2.709,-3.462,4.415
0.15,2489,-7.447,0.211,-0.172
0.15,2490,4.888,-7.198,5.002
0.15,2491,-1.875,-7.327,4.475
0.15,2492,-0.997,3.301,-10.712
0.15,2493,-5.701,6.271,-5.070
0.15,2494,-4.075,-6.972,9.297
0.15,2495,-3.862,6.824,-0.178
0.15,2496,3.972,-7.892,-5.931
0.15,2497,-3.167,5.135,4.428
0.15,2498,-8.618,-8.355,3.741
0.15,2499,-7.928,-2.507,-0.223
0.15,2500,-8.839,4.601,4.480
0.15,2502,3.966,6.814,-0.205
0.15,2503,3.068,-1.594,3.359
0.15,2504,-8.775,4.240,4.501
0.15,2505,4.121,1.380,-4.929
0.15,2506,-0.548,-3.391,9.337
0.15,2507,-8.612,1.206,6.892
0.15,2508,-5.009,5.886,4.442
0.15,2509,8.126,-1.702,-0.202
0.15,2510,6.048,6.449,5.019
0.15,2511,1.133,-9.514,-5.387
0.15,2512,2.724,-3.433,4.407
0.15,2513,-3.996,0.194,-5.757
0.15,2514,-6.661,7.239,-5.236
0.15,2515,8.364,-0.754,-0.195
0.15,2516,3.096,1.526,9.230
0.15,2517,8.790,6.061,4.136
0.15,2518,-8.615,2.718,-5.512
0.15,2519,-0.579,8.290,-0.201
0.15,2520,-3.207,1.697,9.303
0.15,2521,-1.373,-4.174,4.396
0.15,2522,3.222,3.425,-5.527
0.15,2523,-7.136,3.777,-0.184
0.15,2524,-5.632,7.669,-0.223
0.15,2525,2.689,-3.496,4.424
0.15,2526,-3.326,-8.898,-5.366
0.15,2528,5.073,7.108,-6.362
0.15,2529,-9.748,-2.766,-6.040
0.15,2530,-4.285,6.519,-0.183
0.15,2531,-8.744,8.689,-0.495
0.15,2532,2.175,-9.384,4.603
0.15,2533,6.820,3.995,-0.172
0.15,2534,-3.031,2.067,-10.241
0.15,2535,2.082,-3.787,-5.317
0.15,2536,3.527,7.302,-0.200
0.15,2538,-2.109,4.702,4.240
0.15,2539,8.699,0.324,9.524
0.15,2540,1.570,8.383,-6.686
0.15,2541,-8.289,0.042,9.122
0.15,2542,2.894,7.260,-0.215
0.15,2543,8.701,3.816,-5.189
0.15,2544,-6.172,7.369,-5.281
0.15,2545,-6.045,5.684,4.471
0.15,2546,2.235,-3.756,-5.290
0.15,2548,-1.150,-3.076,9.364
0.15,2549,-7.321,3.522,-0.186
0.15,2550,-6.049,5.678,4.471
0.15,2551,-7.641,-0.121,-0.180
0.15,2552,6.421,-0.746,-5.424
0.15,2553,3.264,7.239,-0.205
0.15,2554,7.236,3.082,-0.168
0.15,2555,-6.220,-5.244,-0.202
0.15,2557,-4.559,7.651,4.461
0.15,2558,8.770,0.485,9.566
0.15,2559,-1.139,-4.216,4.410
0.15,2560,2.997,3.709,4.612
0.15,2561,-2.880,-8.796,-5.355
0.15,2562,-5.340,7.409,9.677
0.15,2563,2.493,-1.931,9.205
0.15,2564,-2.623,-11.132,9.049
0.15,2565,4.728,-6.220,-0.223
0.15,2566,-7.605,-2.833,-0.223
0.15,2567,-1.536,4.767,4.061
0.15,2568,4.767,-7.256,5.014
0.15,2569,8.444,0.254,4.624
0.15,2571,-0.526,3.356,-10.873
0.15,2572,2.693,4.177,4.687
0.15,2573,1.424,8.861,-6.559
0.15,2574,-5.178,7.530,9.709
0.15,2575,6.499,4.467,-0.186
0.15,2576,3.400,6.939,-0.211
0.15,2577,-3.935,1.683,4.291
0.15,2580,-5.289,7.435,9.685
0.15,2582,-8.465,3.866,-5.255
0.15,2583,-4.117,-8.113,-5.394
0.15,2584,-3.025,-8.905,-5.356
0.15,2586,2.629,-8.943,4.643
0.15,2587,-4.009,8.844,-5.018
0.15,2588,-7.357,0.673,-0.168
0.15,2589,3.037,-1.469,3.270
0.15,2590,-4.290,-5.769,-5.122
0.15,2591,2.327,-9.265,4.602
0.15,2592,2.219,-8.107,-0.197
0.15,2593,8.353,-0.306,4.646
0.15,2594,-7.496,0.092,-0.174
0.15,2596,8.274,-0.518,-0.194
0.15,2597,-6.011,4.996,-0.181
0.15,2598,-3.725,-0.476,-6.388
0.15,2599,3.009,7.923,-0.191
0.15,2600,4.240,-5.941,-0.220
0.15,2601,-0.406,-3.343,-0.285
0.15,2602,-0.482,-3.479,-0.280
0.15,2604,-7.341,3.890,-0.184
0.15,2605,4.684,-7.300,5.024
0.15,2606,-3.310,-8.904,-5.365
0.15,2607,8.371,-6.275,-0.305
0.15,2608,-0.855,-3.235,9.337
0.15,2609,1.047,-8.241,-0.203
0.15,2610,-8.618,-8.355,3.741
0.15,2611,-9.005,-0.422,-6.029
0.15,2612,1.997,-3.785,-5.330
0.15,2613,-7.108,-3.860,-0.209
0.15,2615,-5.342,-6.801,-5.468
0.15,2616,4.741,-6.217,-0.223
0.15,2617,3.435,7.417,-0.198
0.15,2618,-3.863,-6.132,4.550
0.15,2619,-2.380,-8.124,4.574
0.15,2620,-7.402,0.263,-0.170
0.15,2621,-8.134,-0.888,-0.202
0.15,2622,-0.831,-3.247,9.336
0.15,2623,-7.569,0.010,-0.176
0.15,2624,7.611,8.656,-0.442
0.15,2625,-0.677,-3.315,9.328
0.15,2626,-3.593,-5.868,4.521
0.15,2627,8.807,0.599,9.589
0.15,2628,6.853,-1.301,-5.529
0.15,2629,-3.257,-7.112,-0.184
0.15,2630,7.421,-0.565,4.744
0.15,2631,8.795,0.562,9.582
0.15,2632,5.394,1.590,-0.277
0.15,2634,8.471,-0.204,9.430
0.15,2636,-3.320,-8.915,-5.364
0.15,2638,4.041,-7.846,-5.937
0.15,2639,3.115,1.477,9.231
0.15,2640,-3.775,-0.243,-6.129
0.15,2641,3.237,4.082,-5.573
0.15,2642,5.104,7.134,-6.357
0.15,2644,3.153,4.201,-5.564
0.15,2645,4.371,0.852,4.340
0.15,2646,2.729,-3.423,4.404
0.15,2647,-1.381,4.752,4.002
0.15,2648,-4.001,0.185,-5.758
0.15,2649,-8.099,-2.056,-0.219
0.15,2651,2.892,3.927,4.661
0.15,2652,1.683,8.114,-6.789
0.15,2653,3.184,4.296,-5.562
0.15,2654,-7.637,0.915,-0.175
0.15,2655,-3.573,-6.000,4.521
0.15,2656,8.586,5.871,4.243
0.15,2657,0.374,0.256,-0.457
0.15,2658,-10.057,-8.061,-5.617
0.15,2659,-4.500,7.665,4.457
0.15,2660,3.114,1.478,9.231
0.15,2661,-8.084,-0.981,-0.204
0.15,2662,-0.096,-4.010,-10.561
0.15,2664,-0.348,-3.913,-10.549
0.15,2665,-0.384,8.286,-0.206
0.15,2666,-6.048,6.055,-5.032
0.15,2667,-0.319,3.373,-10.910
0.15,2668,8.295,-0.691,-0.194
0.15,2669,-2.547,-3.364,4.200
0.15,2670,-3.168,-7.131,-0.185
0.15,2671,8.623,-9.056,-6.258
0.15,2672,-6.791,4.366,-0.179
0.15,2673,-6.286,7.179,4.587
0.15,2675,-4.009,0.208,-5.740
0.15,2676,9.136,1.202,-5.409
0.15,2677,-2.653,5.068,-4.976
0.15,2678,-9.346,-4.039,-6.109
0.15,2679,-3.330,-6.729,-5.012
0.15,2680,1.906,-9.142,-5.396
0.15,2681,9.919,9.058,-10.388
0.15,2682,2.692,-3.486,4.421
0.15,2683,-7.922,-0.574,-0.194
0.15,2684,-2.341,5.008,-4.983
0.15,2685,-1.514,4.774,4.054
0.15,2686,8.390,-0.495,-0.196
0.15,2687,-3.258,-6.404,4.499
0.15,2688,-6.034,5.684,4.471
0.15,2690,-8.894,0.267,-6.166
0.15,2691,-1.401,-3.283,-10.439
0.15,2692,-2.418,-4.077,-4.944
0.15,2693,-6.046,6.062,-5.033
0.15,2694,8.534,4.063,-5.166
0.15,2695,-8.025,-1.785,-0.219
0.15,2696,-6.198,7.386,-5.283
0.15,2697,2.123,-3.779,-5.310
0.15,2698,-0.849,-3.658,-10.498
0.15,2699,-2.637,4.782,-4.953
0.15,2700,-2.730,-7.392,-0.192
0.15,2701,8.861,-8.509,-6.814
0.15,2702,5.807,4.973,-0.212
0.15,2703,-0.746,8.250,-0.197
0.15,2704,-1.945,4.211,9.419
0.15,2705,0.741,8.873,5.621
0.15,2706,0.507,-2.539,-0.367
0.15,2707,-10.131,-8.144,-5.635
0.15,2708,-4.262,0.744,4.532
0.15,2709,-7.826,7.860,8.578
0.15,2710,-1.933,-7.282,4.472
0.15,2711,3.720,-6.997,-0.200
0.15,2712,-5.539,7.608,-0.223
0.15,2713,6.555,-4.808,8.733
0.15,2714,-3.945,8.981,-5.007
0.15,2715,3.113,1.481,9.231
0.15,2716,1.599,8.230,-6.727
0.15,2717,-1.826,-7.428,4.483
0.15,2718,-4.240,0.862,4.507
0.15,2719,-6.070,6.065,-5.035
0.15,2720,4.245,6.538,-0.209
0.15,2721,8.949,6.257,4.066
0.15,2722,-7.573,0.342,-0.173
0.15,2723,-8.704,-8.401,3.689
0.15,2724,7.882,-0.002,-5.298
0.15,2727,7.134,-0.958,-5.440
0.15,2728,3.207,2.040,-10.732
0.15,2730,6.175,-5.366,-0.222
0.15,2731,-4.061,6.928,4.463
0.15,2732,-6.091,7.418,-5.285
0.15,2733,-1.425,8.285,-0.188
0.15,2734,-8.599,-8.279,3.774
0.15,2735,-0.252,8.262,-0.208
0.15,2736,-8.829,4.785,4.476
0.15,2737,-4.056,0.309,-5.655
0.15,2738,3.074,7.884,-0.190
0.15,2740,-8.526,2.294,4.635
0.15,2741,-7.804,0.039,-0.180
0.15,2742,2.290,-8.469,9.007
0.15,2744,7.309,-0.685,4.756
0.15,2746,-8.126,7.500,4.322
0.15,2747,2.823,4.040,4.679
0.15,2748,7.872,-9.689,4.090
0.15,2749,-4.549,-6.531,4.642
0.15,2750,0.853,-9.554,-5.378
0.15,2751,-1.517,4.764,4.054
0.15,2752,-3.641,6.917,-0.176
0.15,2753,-2.505,-6.834,4.455
0.15,2755,3.168,4.293,-5.561
0.15,2756,-7.375,7.619,8.892
0.15,2757,-7.456,-3.347,-0.216
0.15,2759,-2.121,4.670,4.240
0.15,2760,-5.581,-6.700,-5.509
0.15,2761,-2.660,-4.200,-4.960
0.15,2762,6.957,3.701,-0.168
0.15,2763,-3.242,1.576,9.297
0.15,2764,6.562,6.289,4.827
0.15,2765,9.187,6.505,4.014
0.15,2766,-3.533,-6.535,4.526
0.15,2767,-2.984,-5.482,4.469
0.15,2768,8.862,0.255,4.599
0.15,2769,-7.139,7.980,4.507
0.15,2770,-7.432,-3.394,-0.216
0.15,2771,0.316,7.252,-6.156
0.15,2772,-1.256,4.826,3.993
0.15,2773,-6.192,7.384,-5.283
0.15,2774,-7.334,-3.501,-0.214
0.15,2775,-4.189,1.049,4.468
0.15,2776,-8.891,0.311,-6.178
0.15,2777,3.212,2.033,-10.728
0.15,2778,8.433,-0.826,-0.197
0.15,2779,7.471,5.902,4.579
0.15,2780,-5.029,7.776,-5.170
0.15,2781,-1.503,4.765,4.049
0.15,2782,-5.912,-10.037,-0.239
0.15,2783,-1.653,4.767,4.101
0.15,2785,2.158,-3.770,-5.303
0.15,2786,4.074,-7.780,-5.934
0.15,2787,-6.155,7.414,-5.285
0.15,2788,-4.447,8.104,4.455
0.15,2789,3.272,1.762,-10.724
0.15,2790,2.760,4.109,4.684
0.15,2791,3.759,1.720,4.173
0.15,2792,0.598,9.034,9.550
0.15,2793,6.294,-1.932,-5.962
0.15,2794,-0.804,-4.033,-5.044
0.15,2795,-6.510,7.280,-5.250
0.15,2796,-3.331,1.177,9.299
0.15,2797,4.014,6.763,-0.206
0.15,2798,-3.322,-8.904,-5.365
0.15,2800,4.008,1.321,4.232
0.15,2801,-5.777,-6.869,-5.497
0.15,2802,3.203,4.252,-5.565
0.15,2803,-7.388,-3.441,-0.215
0.15,2804,-8.891,0.308,-6.178
0.15,2805,6.630,-5.267,-0.214
0.15,2806,-4.075,-6.986,9.302
0.15,2807,-2.413,-3.604,4.265
0.15,2809,2.265,-8.141,-0.197
0.15,2810,-5.492,-5.173,4.867
0.15,2811,9.002,-8.409,-6.983
0.15,2812,-8.596,-8.335,3.755
0.15,2813,-0.756,8.299,-0.198
0.15,2814,-4.188,8.482,-5.041
0.15,2816,8.858,0.284,4.601
0.15,2818,-7.633,-3.071,-0.220
0.15,2819,-7.496,0.237,-0.172
0.15,2820,-9.936,-1.221,4.942
0.15,2821,-0.780,7.051,-5.873
0.15,2822,5.201,-5.903,-0.231
0.15,2823,3.326,7.532,-0.197
0.15,2824,-2.893,-4.264,-4.979
0.15,2825,6.988,6.128,4.695
0.15,2826,8.975,-8.431,-6.936
0.15,2827,4.074,-6.482,-0.209
0.15,2828,4.821,-7.228,5.009
0.15,2829,3.002,-1.386,3.197
0.15,2830,-8.600,-8.339,3.752
0.15,2831,4.581,-6.096,-0.222
0.15,2833,8.746,-8.650,3.357
0.15,2834,1.890,-3.791,-5.346
0.15,2835,-3.873,-6.233,4.553
0.15,2836,8.826,-8.359,-6.904
0.15,2838,-7.428,3.190,-0.190
0.15,2839,-7.767,-2.828,-0.223
0.15,2840,1.417,8.887,-6.553
0.15,2841,-8.489,-7.454,-5.206
0.15,2842,-4.233,6.260,4.447
0.15,2843,3.453,6.089,-0.220
0.15,2844,-3.585,5.306,-0.204
0.15,2845,-6.138,7.414,-5.285
0.15,2846,-6.228,7.391,-5.283
0.15,2847,8.623,6.375,-0.378
0.15,2848,-4.241,0.864,4.506
0.15,2849,3.194,2.057,-10.741
0.15,2851,-1.808,-7.429,4.483
0.15,2852,3.115,1.477,9.231
0.15,2853,-6.312,7.320,-5.270
0.15,2854,-3.541,7.412,4.508
0.15,2855,-0.568,7.201,-5.935
0.15,2856,-5.275,-6.969,-5.458
0.15,2857,6.104,-5.394,-0.223
0.15,2858,2.968,4.369,4.798
0.15,2859,-5.694,-5.941,-0.194
0.15,2860,-5.145,7.876,-0.226
0.15,2861,-1.603,-7.673,4.503
0.15,2862,-1.522,4.765,4.056
0.15,2863,8.416,5.830,4.319
0.15,2864,-2.310,3.726,9.473
0.15,2865,3.072,4.458,-5.559
0.15,2866,1.594,-3.825,-5.368
0.15,2867,2.657,5.230,-5.678
0.15,2868,8.646,2.125,4.706
0.15,2869,-2.030,-7.259,4.473
0.15,2870,1.998,-3.789,-5.330
0.15,2871,-8.641,-8.373,3.723
0.15,2872,8.714,0.361,9.533
0.15,2873,2.721,-3.440,4.409
0.15,2874,-8.801,4.544,4.488
0.15,2875,8.039,-0.404,4.682
0.15,2876,4.334,-7.525,5.065
0.15,2877,-8.212,4.685,4.510
0.15,2878,-0.242,-3.959,-10.556
0.15,2880,-1.966,4.709,4.195
0.15,2881,6.071,-2.446,-6.149
0.15,2882,-4.909,-6.677,-5.367
0.15,2883,0.422,9.160,9.582
0.15,2885,3.137,1.435,9.238
0.15,2886,-5.418,-6.896,-5.481
0.15,2887,6.635,4.262,-0.180
0.15,2888,-1.381,4.764,4.004
0.15,2889,4.316,-7.535,5.063
0.15,2890,-4.159,-6.538,-0.176
0.15,2891,2.919,3.870,4.649
0.15,2892,-6.108,7.277,9.509
0.15,2893,-0.195,8.237,-0.209
0.15,2894,0.594,9.036,9.550
0.15,2895,-5.448,8.121,-0.226
0.15,2896,8.339,2.995,4.631
0.15,2897,-8.501,4.188,-5.219
0.15,2898,8.807,0.599,9.589
0.15,2899,-8.648,-7.232,4.263
0.15,2900,3.212,2.031,-10.728
0.15,2901,-4.513,8.102,4.460
0.15,2902,5.117,7.136,-6.347
0.15,2903,6.266,-5.300,-0.220
0.15,2904,3.146,1.415,9.240
0.15,2905,3.113,1.481,9.231
0.15,2906,2.172,-9.392,4.602
0.15,2907,-3.953,-6.925,-0.180
0.15,2908,-1.176,-7.801,-0.203
0.15,2909,-4.164,-6.650,-0.177
0.15,2910,1.982,7.797,-7.254
0.15,2911,-3.453,-5.090,-4.996
0.15,2912,-0.140,3.389,-10.946
0.15,2913,-1.542,4.766,4.063
0.15,2914,-9.873,-4.490,5.102
0.15,2915,-6.370,7.282,4.589
0.15,2916,5.422,-5.851,-0.231
0.15,2918,-7.501,1.482,-0.182
0.15,2919,-8.840,0.653,-6.451
0.15,2921,7.869,-9.712,4.099
0.15,2922,2.285,8.046,-0.208
0.15,2923,2.820,4.028,4.674
0.15,2924,3.637,-8.106,-5.851
0.15,2925,-8.611,1.433,4.888
0.15,2926,2.284,-3.791,-5.287
0.15,2927,-8.543,1.985,4.705
0.15,2929,5.099,7.128,-6.357
0.15,2930,3.191,2.061,-10.744
0.15,2931,-8.896,0.230,-6.158
0.15,2932,5.060,7.095,-6.363
0.15,2933,-3.358,0.947,9.321
0.15,2934,-7.465,0.237,-0.172
0.15,2935,8.605,1.543,4.700
0.15,2936,-2.371,5.031,-4.986
0.15,2937,-5.340,-6.927,-5.468
0.15,2938,-1.282,-4.171,4.401
0.15,2939,7.720,-9.586,4.031
0.15,2940,-3.815,7.366,-0.187
0.15,2941,-3.602,1.003,-10.493
0.15,2942,7.869,-9.712,4.099
0.15,2943,-10.117,-8.137,-5.616
0.15,2944,-1.615,4.775,4.090
0.15,2945,-3.662,-6.181,4.531
0.15,2946,-5.284,7.684,-0.224
0.15,2948,-4.363,-6.655,-0.178
0.15,2949,1.081,-0.146,-0.498
0.15,2950,-3.936,0.097,-5.851
0.15,2951,-3.638,2.330,4.148
0.15,2952,-2.491,5.036,-4.982
0.15,2953,7.435,2.436,-0.178
0.15,2955,-10.063,-7.866,-5.810
0.15,2956,-5.976,-7.759,-0.214
0.15,2957,-8.115,-2.031,-0.219
0.15,2958,-5.305,7.427,9.683
0.15,2959,-9.967,-2.001,-5.921
0.15,2960,-3.994,0.191,-5.761
0.15,2961,-4.081,-6.887,9.265
0.15,2962,6.392,-5.325,8.553
0.15,2963,1.467,8.710,-6.598
0.15,2964,-4.738,-6.343,-5.283
0.15,2965,9.920,9.060,-10.383
0.15,2966,-7.517,0.020,-0.174
0.15,2967,6.215,6.867,9.593
0.15,2968,8.728,6.001,4.162
0.15,2969,3.077,1.577,9.230
0.15,2970,3.176,4.283,-5.562
0.15,2971,-5.403,-6.134,-0.188
0.15,2972,-4.189,-6.341,4.591
0.15,2973,7.900,-0.464,4.699
0.15,2974,-1.873,4.780,4.172
0.15,2975,2.371,-3.710,-5.266
0.15,2976,6.854,-1.295,-5.528
0.15,2977,-6.103,6.724,4.548
0.15,2978,-4.253,0.813,4.517
0.15,2979,-0.832,-3.251,9.337
0.15,2980,-8.626,-8.363,3.734
0.15,2981,-7.546,1.452,-0.181
0.15,2982,2.308,8.209,-0.203
0.15,2984,1.850,8.250,-0.221
0.15,2985,5.071,7.110,-6.365
0.15,2986,2.473,7.379,-0.228
0.15,2987,3.274,1.725,-10.732
0.15,2988,-4.240,0.859,4.507
0.15,2989,3.209,2.036,-10.731
0.15,2990,-1.331,-3.344,-10.447
0.15,2991,4.527,6.325,-0.212
0.15,2992,-7.732,-2.871,-0.222
0.15,2993,3.103,7.838,-0.191
0.15,2994,-8.904,0.092,-6.128
0.15,2996,0.282,-8.136,-0.203
0.15,2997,-8.854,0.616,-6.383
0.15,2998,8.269,-1.267,-0.197
0.15,2999,6.278,4.840,-0.196
0.40,1,6.938,3.739,-0.168
0.40,2,6.330,-5.255,-0.219
0.40,3,-3.248,3.135,4.188
0.40,4,5.576,5.520,-0.216
0.40,5,8.356,-0.862,-0.196
0.40,6,-4.062,-6.966,9.293
0.40,7,4.197,-6.585,-0.211
0.40,8,1.619,8.264,-6.729
0.40,9,-3.555,-6.242,4.522
0.40,10,3.188,4.297,-5.562
0.40,11,-8.909,0.025,-6.115
0.40,13,-0.912,-3.206,9.342
0.40,14,2.723,-3.435,4.408
0.40,15,-5.280,-6.972,-5.459
0.40,18,3.839,1.587,4.192
0.40,19,-7.597,-0.022,-0.177
0.40,21,-8.629,-8.365,3.732
0.40,22,-0.963,-3.589,-10.485
0.40,24,3.188,4.295,-5.563
0.40,25,7.113,3.356,-0.168
0.40,26,-3.830,-0.076,-6.011
0.40,27,-2.379,-4.294,4.381
0.40,28,-2.735,5.132,-4.977
0.40,29,-6.177,7.350,-5.280
0.40,30,6.811,-1.339,-5.542
0.40,31,-4.190,1.047,4.468
0.40,32,8.148,5.600,4.433
0.40,33,-3.500,-6.274,4.518
0.40,34,-3.412,-6.320,4.511
0.40,35,6.353,-5.232,-0.219
0.40,36,-3.517,-6.263,4.519
0.40,37,4.899,-6.107,-0.227
0.40,38,-4.061,-6.966,9.293
0.40,39,1.340,-9.974,4.607
0.40,40,-8.844,4.520,4.482
0.40,41,-7.553,0.036,-0.175
0.40,42,3.188,4.297,-5.562
0.40,43,8.339,5.741,4.362
0.40,44,-8.629,-8.365,3.732
0.40,45,-3.343,-8.883,-5.368
0.40,46,-6.174,7.369,-5.281
0.40,47,-3.141,-10.567,4.499
0.40,51,3.989,-7.881,-5.933
0.40,53,-3.853,-0.025,-5.973
0.40,54,1.517,8.535,-6.640
0.40,55,-8.844,4.520,4.482
0.40,56,3.115,1.476,9.231
0.40,58,5.092,7.123,-6.358
0.40,59,8.870,0.386,4.606
0.40,60,-3.247,1.558,9.296
0.40,62,-8.818,4.471,4.487
0.40,63,-7.325,3.483,-0.187
0.40,64,-5.873,5.822,4.474
0.40,66,0.070,8.236,-0.216
0.40,67,1.470,-3.836,-5.376
0.40,68,2.868,8.040,-0.191
0.40,69,-3.824,-6.776,-0.177
0.40,70,9.752,1.681,-5.490
0.40,71,-1.570,4.767,4.073
0.40,72,-8.191,-1.550,-0.213
0.40,73,-4.916,-6.358,-0.182
0.40,75,-8.629,-8.365,3.732
0.40,76,-1.568,4.767,4.073
0.40,78,-0.217,3.382,-10.929
0.40,81,3.232,7.673,-0.195
0.40,82,-2.130,-7.149,4.467
0.40,83,-8.842,4.518,4.482
0.40,84,-5.236,-7.008,-5.453
0.40,85,-4.180,1.085,4.460
0.40,86,4.105,1.153,4.258
0.40,87,3.989,-7.881,-5.933
0.40,89,2.952,7.967,-0.191
0.40,90,6.812,-1.338,-5.541
0.40,91,-3.837,-0.060,-6.000
0.40,92,-3.247,1.557,9.296
0.40,93,4.395,-7.488,5.063
0.40,94,-6.173,7.372,-5.282
0.40,95,3.988,-7.881,-5.933
0.40,96,3.115,1.476,9.231
0.40,97,-8.919,-0.047,-6.102
0.40,98,-10.133,-8.148,-5.632
0.40,99,-8.190,-1.307,-0.210
0.40,100,1.977,-3.787,-5.333
0.40,102,1.983,-3.787,-5.332
0.40,103,4.119,1.128,4.263
0.40,104,-4.195,1.030,4.472
0.40,105,-5.276,-6.975,-5.458
0.40,106,-5.239,7.489,9.699
0.40,107,-5.915,5.795,4.474
0.40,108,6.322,-5.263,-0.219
0.40,109,3.115,1.476,9.231
0.40,110,-4.362,8.388,4.451
0.40,112,1.998,-3.787,-5.330
0.40,114,-6.354,-5.063,-0.204
0.40,115,7.035,3.526,-0.169
0.40,117,-0.912,-3.205,9.342
0.40,118,-2.352,-4.196,4.369
0.40,119,-5.585,-5.960,-0.192
0.40,121,3.989,-7.881,-5.933
0.40,122,-8.800,4.414,4.492
0.40,123,-2.821,7.695,-0.179
0.40,124,8.883,0.429,4.608
0.40,125,8.359,5.751,4.353
0.40,126,-1.592,4.768,4.081
0.40,127,3.188,4.295,-5.563
0.40,129,-4.195,1.029,4.472
0.40,130,3.115,1.476,9.231
0.40,132,-5.902,5.804,4.474
0.40,133,-8.906,0.065,-6.123
0.40,134,8.319,5.731,4.370
0.40,135,-3.443,-6.989,-0.181
0.40,136,3.188,4.297,-5.562
0.40,137,-5.276,-6.975,-5.458
0.40,138,4.787,-6.177,-0.224
0.40,139,3.989,-7.881,-5.933
0.40,140,2.783,4.083,4.682
0.40,141,3.115,1.476,9.231
0.40,142,-2.627,-4.570,4.406
0.40,143,-7.566,0.019,-0.175
0.40,144,-0.543,-3.832,-10.534
0.40,146,3.989,-7.881,-5.933
0.40,148,-8.629,-8.365,3.732
0.40,149,-2.722,5.098,-4.975
0.40,150,2.723,-3.435,4.408
0.40,151,8.636,1.996,4.714
0.40,152,8.876,0.393,4.606
0.40,153,-5.287,-6.953,-5.460
0.40,154,-7.692,-0.127,-0.181
0.40,155,-1.566,4.767,4.072
0.40,157,8.687,1.929,4.720
0.40,158,-8.629,-8.365,3.732
0.40,159,1.956,-3.788,-5.336
0.40,160,6.041,-5.467,-0.224
0.40,161,3.188,4.297,-5.562
0.40,162,-8.845,4.521,4.481
0.40,164,-7.764,-2.810,-0.223
0.40,165,-1.564,4.767,4.071
0.40,166,-3.823,-0.093,-6.024
0.40,167,3.188,4.297,-5.562
0.40,168,-5.087,-7.151,-5.438
0.40,170,6.813,-1.337,-5.541
0.40,171,3.989,-7.881,-5.933
0.40,172,-8.790,4.373,4.495
0.40,173,3.141,7.773,-0.192
0.40,174,6.815,-1.335,-5.540
0.40,175,6.250,-5.328,-0.220
0.40,176,8.808,0.602,9.589
0.40,177,3.115,1.476,9.231
0.40,178,2.723,-3.436,4.408
0.40,179,2.852,8.055,-0.191
0.40,181,8.173,5.667,4.420
0.40,182,-4.188,1.056,4.466
0.40,183,2.299,-8.091,-0.196
0.40,184,-8.189,-1.268,-0.209
0.40,185,5.742,-5.650,-0.229
0.40,187,-8.169,-1.081,-0.206
0.40,188,3.989,-7.881,-5.933
0.40,189,9.754,1.681,-5.489
0.40,190,-5.775,6.540,4.518
0.40,191,2.723,-3.435,4.408
0.40,193,-6.173,7.373,-5.282
0.40,194,2.723,-3.436,4.408
0.40,196,-8.838,4.511,4.483
0.40,197,-1.618,4.769,4.090
0.40,198,4.505,-7.409,5.047
0.40,199,-7.709,-2.919,-0.222
0.40,202,1.515,8.539,-6.639
0.40,204,-4.979,-6.579,-5.377
0.40,205,-7.318,3.507,-0.186
0.40,206,2.828,4.025,4.676
0.40,207,-8.629,-8.365,3.732
0.40,208,-5.940,5.774,4.473
0.40,209,8.145,5.660,4.428
0.40,210,-8.667,3.564,4.534
0.40,212,8.165,5.664,4.422
0.40,213,-2.691,5.014,-4.968
0.40,214,7.868,-9.709,4.098
0.40,215,2.074,-9.481,4.597
0.40,216,-1.620,4.769,4.091
0.40,217,-3.507,-6.269,4.518
0.40,218,-8.191,-1.562,-0.213
0.40,219,3.188,4.297,-5.562
0.40,220,-3.335,-8.893,-5.367
0.40,221,3.989,-7.881,-5.933
0.40,223,-8.912,-0.004,-6.110
0.40,224,-3.542,-6.249,4.521
0.40,225,-5.274,-6.976,-5.458
0.40,227,-5.279,-6.973,-5.459
0.40,228,-5.221,-6.840,-5.449
0.40,229,-9.596,-0.967,5.040
0.40,230,-2.623,7.827,-0.179
0.40,232,8.196,5.676,4.413
0.40,234,5.092,7.123,-6.358
0.40,235,5.092,7.123,-6.358
0.40,236,-3.060,7.510,-0.177
0.40,237,3.201,2.046,-10.737
0.40,238,2.387,-9.217,4.602
0.40,239,-7.340,3.433,-0.187
0.40,240,2.723,-3.435,4.408
0.40,241,8.356,-0.882,-0.196
0.40,242,8.885,0.440,4.608
0.40,243,8.354,-0.921,-0.196
0.40,244,3.429,-7.278,-0.197
0.40,245,-7.608,-0.034,-0.177
0.40,246,-8.125,-0.898,-0.203
0.40,247,7.868,-9.710,4.098
0.40,248,-5.238,7.490,9.699
0.40,249,5.092,7.123,-6.358
0.40,250,-3.332,-8.896,-5.366
0.40,252,-6.174,7.366,-5.281
0.40,253,-4.061,-6.966,9.293
0.40,255,-1.535,4.766,4.061
0.40,256,-3.823,-0.094,-6.025
0.40,258,5.092,7.123,-6.358
0.40,259,-4.289,-6.611,-0.177
0.40,260,-2.201,-7.095,4.465
0.40,261,-0.587,-3.813,-10.530
0.40,262,8.355,-0.896,-0.196
0.40,263,-3.827,-0.083,-6.017
0.40,264,8.738,1.874,4.726
0.40,265,8.356,-0.888,-0.196
0.40,268,-8.841,4.515,4.482
0.40,269,-1.573,4.768,4.074
0.40,270,2.605,-7.945,-0.196
0.40,271,-3.334,-8.894,-5.366
0.40,272,2.723,-3.435,4.408
0.40,273,-3.743,-6.817,-0.176
0.40,274,9.751,1.681,-5.490
0.40,275,3.988,-7.881,-5.933
0.40,276,-0.912,-3.205,9.342
0.40,277,8.868,0.351,4.604
0.40,278,3.989,-7.881,-5.933
0.40,280,-5.271,-6.904,-5.459
0.40,281,-0.912,-3.205,9.342
0.40,282,-2.263,-3.922,4.333
0.40,283,-5.918,5.792,4.474
0.40,284,2.886,8.024,-0.191
0.40,286,-2.175,4.647,4.253
0.40,287,3.115,1.476,9.231
0.40,288,3.201,2.046,-10.737
0.40,289,0.282,0.005,-0.445
0.40,290,-5.880,6.389,4.507
0.40,291,-5.863,5.827,4.474
0.40,292,2.156,-9.405,4.601
0.40,293,6.339,-5.247,-0.219
0.40,294,-5.993,-5.521,-0.200
0.40,295,-7.928,7.941,8.473
0.40,296,-1.619,4.769,4.090
0.40,297,2.894,8.017,-0.191
0.40,299,-0.226,3.381,-10.928
0.40,301,2.983,-1.353,3.162
0.40,302,9.920,9.056,-10.390
0.40,303,3.201,4.237,-5.566
0.40,304,-4.251,8.422,-5.042
0.40,305,-6.173,7.372,-5.282
0.40,306,8.876,0.384,4.605
0.40,307,-2.289,7.991,-0.180
0.40,308,-3.827,-0.084,-6.018
0.40,310,3.188,4.297,-5.562
0.40,311,5.988,-5.502,-0.225
0.40,312,-4.061,-6.966,9.293
0.40,314,3.196,4.266,-5.564
0.40,315,7.195,3.180,-0.168
0.40,316,4.990,-6.051,-0.230
0.40,317,-2.370,-4.223,4.372
0.40,318,2.104,-9.453,4.599
0.40,319,-3.834,-0.068,-6.005
0.40,321,3.733,1.772,4.166
0.40,322,-3.561,-6.239,4.522
0.40,324,8.342,-0.714,-0.195
0.40,325,-8.629,-8.365,3.732
0.40,329,7.280,2.971,-0.170
0.40,330,8.805,0.593,9.588
0.40,331,-5.276,-6.975,-5.458
0.40,332,3.989,-7.881,-5.933
0.40,333,-2.717,5.087,-4.974
0.40,335,8.886,0.444,4.609
0.40,336,6.062,-5.453,-0.224
0.40,337,-4.139,-6.665,-0.177
0.40,338,-8.907,0.042,-6.118
0.40,340,-8.629,-8.365,3.732
0.40,341,1.514,8.544,-6.638
0.40,343,4.394,-7.489,5.063
0.40,344,7.020,3.559,-0.169
0.40,345,-5.836,-5.719,-0.197
0.40,346,-3.844,-0.043,-5.987
0.40,347,-5.936,6.631,4.532
0.40,350,-0.583,-3.814,-10.531
0.40,351,7.110,3.364,-0.168
0.40,352,1.990,-3.787,-5.331
0.40,353,8.355,-0.897,-0.196
0.40,354,-8.906,0.059,-6.122
0.40,355,7.032,3.531,-0.169
0.40,357,-2.729,5.130,-4.977
0.40,358,8.194,5.687,4.412
0.40,359,11.151,-10.028,-9.947
0.40,360,-2.640,7.816,-0.179
0.40,361,8.355,-0.834,-0.195
0.40,362,-2.843,-5.996,-0.200
0.40,363,9.920,9.056,-10.390
0.40,364,-7.340,3.432,-0.187
0.40,365,8.774,-8.605,3.304
0.40,366,2.986,-1.358,3.168
0.40,367,-10.133,-8.148,-5.632
0.40,368,-3.558,-6.240,4.522
0.40,369,-8.809,4.445,4.490
0.40,370,-8.710,1.047,5.031
0.40,371,8.316,5.729,4.371
0.40,372,-8.489,3.942,-5.247
0.40,373,-8.639,3.344,4.541
0.40,374,-4.061,-6.966,9.293
0.40,375,-8.118,-0.876,-0.202
0.40,376,8.793,1.812,4.725
0.40,377,-5.282,-6.966,-5.459
0.40,378,9.920,9.056,-10.390
0.40,379,8.879,0.414,4.607
0.40,380,-1.156,-3.472,-10.468
0.40,381,-4.524,8.152,4.460
0.40,382,9.753,1.681,-5.489
0.40,383,2.450,-9.158,4.605
0.40,384,-7.405,3.198,-0.190
0.40,386,2.971,7.951,-0.191
0.40,387,6.336,9.686,-0.402
0.40,388,-1.568,4.767,4.073
0.40,389,-5.816,-5.743,-0.197
0.40,390,6.656,-4.855,-0.215
0.40,391,-5.891,5.812,4.474
0.40,392,2.002,-3.787,-5.329
0.40,393,-7.810,-0.275,-0.186
0.40,394,-3.758,-0.246,-6.146
0.40,395,-0.226,3.381,-10.928
0.40,396,-8.075,-0.746,-0.199
0.40,397,8.131,5.659,4.432
0.40,398,5.092,7.123,-6.358
0.40,399,2.861,8.047,-0.191
0.40,400,6.818,-1.331,-5.539
0.40,401,-1.243,-3.417,-10.461
0.40,402,-5.277,-6.974,-5.458
0.40,403,8.171,5.666,4.421
0.40,404,-7.306,3.549,-0.186
0.40,405,8.774,-8.605,3.304
0.40,407,-5.272,-6.978,-5.458
0.40,408,-3.246,1.560,9.296
0.40,409,9.920,9.056,-10.390
0.40,410,-4.921,-7.482,-0.205
0.40,411,-7.823,-2.692,-0.223
0.40,412,2.919,-1.256,2.992
0.40,413,1.973,-3.788,-5.334
0.40,414,-5.285,-6.968,-5.460
0.40,415,2.546,-7.980,-0.196
0.40,416,-8.908,0.028,-6.116
0.40,417,-6.173,7.373,-5.282
0.40,418,5.092,7.123,-6.358
0.40,419,-8.629,-8.365,3.732
0.40,420,-3.562,-6.238,4.523
0.40,422,-1.576,4.768,4.075
0.40,423,-5.276,-6.975,-5.458
0.40,424,1.994,-3.787,-5.331
0.40,425,-4.186,1.061,4.465
0.40,426,-0.240,3.379,-10.925
0.40,428,8.884,0.430,4.608
0.40,430,8.868,0.359,4.604
0.40,431,-0.912,-3.206,9.342
0.40,433,8.772,1.841,4.726
0.40,434,-7.615,-0.040,-0.177
0.40,435,3.797,1.656,4.182
0.40,436,1.976,-3.787,-5.333
0.40,437,-8.629,-8.365,3.732
0.40,438,-2.275,-4.010,4.345
0.40,439,6.816,-1.331,-5.539
0.40,440,7.057,3.477,-0.169
0.40,441,-3.827,-0.083,-6.017
0.40,442,-7.595,-3.122,-0.219
0.40,443,3.201,2.046,-10.737
0.40,444,1.996,-3.787,-5.330
0.40,445,-1.334,8.265,-0.188
0.40,446,-2.423,-7.443,-0.194
0.40,447,0.129,-1.578,-0.457
0.40,448,-8.847,4.523,4.481
0.40,449,-2.282,-4.037,4.349
0.40,450,-3.001,7.556,-0.178
0.40,451,-2.962,-7.223,-0.188
0.40,452,-7.605,-0.030,-0.177
0.40,453,-0.262,3.378,-10.921
0.40,454,3.084,7.853,-0.191
0.40,455,-6.173,7.372,-5.282
0.40,456,2.823,4.033,4.677
0.40,457,8.794,1.808,4.724
0.40,459,-8.629,-8.365,3.732
0.40,461,1.070,-9.535,-5.385
0.40,462,-2.624,-11.165,9.056
0.40,464,-0.266,8.263,-0.208
0.40,465,-3.303,7.334,-0.179
0.40,466,3.201,2.046,-10.737
0.40,467,-0.330,8.269,-0.207
0.40,468,-8.846,4.521,4.481
0.40,469,-4.199,1.015,4.475
0.40,470,1.946,-3.788,-5.338
0.40,471,-5.277,-6.975,-5.458
0.40,474,-10.241,-1.367,4.830
0.40,475,-4.062,-6.967,9.293
0.40,476,-2.624,-11.165,9.056
0.40,477,1.994,-3.787,-5.331
0.40,478,-8.908,0.036,-6.117
0.40,479,3.094,7.843,-0.191
0.40,480,-5.841,5.914,4.478
0.40,481,-7.454,2.897,-0.192
0.40,482,2.919,7.995,-0.191
0.40,484,-4.859,-6.384,-0.181
0.40,485,7.868,-9.710,4.098
0.40,486,-7.896,-0.395,-0.190
0.40,487,8.168,5.665,4.422
0.40,488,-7.508,0.123,-0.173
0.40,489,8.774,-8.605,3.304
0.40,491,-10.133,-8.149,-5.633
0.40,492,5.092,7.123,-6.358
0.40,493,-3.336,-8.882,-5.368
0.40,494,8.888,0.456,4.609
0.40,496,-8.184,-1.187,-0.208
0.40,497,-2.856,7.669,-0.179
0.40,501,3.183,7.733,-0.193
0.40,502,2.157,-9.404,4.601
0.40,503,-8.151,-0.996,-0.204
0.40,504,-2.725,5.108,-4.975
0.40,505,2.723,-3.435,4.408
0.40,506,0.138,-1.465,-0.464
0.40,507,8.348,-0.751,-0.195
0.40,508,-3.310,-8.909,-5.364
0.40,509,9.752,1.681,-5.490
0.40,510,-3.845,-0.040,-5.985
0.40,511,-5.276,-6.975,-5.458
0.40,512,3.989,-7.881,-5.933
0.40,513,6.315,-5.269,-0.219
0.40,514,3.107,7.827,-0.191
0.40,515,-7.396,3.231,-0.189
0.40,516,-3.909,7.197,-0.186
0.40,517,1.291,-10.008,4.607
0.40,518,2.723,-3.435,4.408
0.40,520,-5.275,-6.976,-5.458
0.40,521,-10.133,-8.148,-5.632
0.40,522,1.996,-3.787,-5.330
0.40,524,-0.618,-3.799,-10.528
0.40,525,-4.191,1.045,4.469
0.40,526,-2.284,-4.044,4.350
0.40,527,8.134,5.659,4.431
0.40,529,3.402,2.640,4.257
0.40,530,-4.215,-6.638,-0.177
0.40,531,-2.865,3.835,4.270
0.40,532,2.723,-3.435,4.408
0.40,534,4.083,1.194,4.251
0.40,535,-1.564,4.767,4.071
0.40,536,-3.247,1.559,9.296
0.40,537,3.989,-7.881,-5.933
0.40,538,5.092,7.123,-6.358
0.40,539,-1.567,4.767,4.072
0.40,540,-1.896,-4.119,-4.939
0.40,541,6.452,-1.829,-5.862
0.40,543,8.354,-0.926,-0.196
0.40,544,-8.192,-1.408,-0.211
0.40,545,-8.839,4.513,4.483
0.40,546,1.591,8.329,-6.704
0.40,547,7.868,-9.710,4.098
0.40,548,-5.275,-6.976,-5.458
0.40,549,-7.545,0.049,-0.175
0.40,551,-0.281,8.265,-0.208
0.40,552,-7.603,-0.029,-0.177
0.40,554,6.835,-1.310,-5.533
0.40,555,-7.588,-0.009,-0.176
0.40,556,-2.116,-7.159,4.468
0.40,557,3.188,4.297,-5.563
0.40,558,2.891,8.020,-0.191
0.40,559,-2.364,7.960,-0.180
0.40,560,3.177,2.078,-10.753
0.40,562,8.843,0.278,4.600
0.40,563,-4.160,8.539,-5.037
0.40,565,-5.046,-6.645,-5.401
0.40,566,-3.563,-6.238,4.523
0.40,567,-3.838,-0.056,-5.997
0.40,568,5.255,-5.903,-0.231
0.40,571,6.499,-1.776,-5.814
0.40,572,8.171,5.666,4.421
0.40,573,8.169,5.665,4.421
0.40,574,2.723,-3.436,4.408
0.40,575,-4.194,1.033,4.471
0.40,576,-0.669,-3.768,-10.522
0.40,577,-4.201,1.007,4.476
0.40,578,5.092,7.123,-6.358
0.40,579,8.356,-0.873,-0.196
0.40,582,-5.279,-6.973,-5.459
0.40,583,2.819,4.038,4.677
0.40,584,7.868,-9.709,4.098
0.40,586,-4.004,-6.715,-0.177
0.40,588,-2.112,-7.162,4.468
0.40,589,3.115,1.476,9.231
0.40,590,3.188,4.297,-5.562
0.40,591,6.314,-5.271,-0.219
0.40,592,4.121,6.650,-0.208
0.40,593,-3.450,-6.301,4.514
0.40,594,1.195,8.217,-0.236
0.40,595,-1.309,-4.220,-0.263
0.40,597,-1.585,4.768,4.079
0.40,598,-10.133,-8.148,-5.632
0.40,599,1.563,8.401,-6.680
0.40,600,5.092,7.123,-6.358
0.40,601,2.167,-9.394,4.602
0.40,602,-5.177,-6.247,-0.184
0.40,603,-3.894,0.037,-5.913
0.40,605,-10.133,-8.148,-5.632
0.40,606,9.752,1.681,-5.490
0.40,607,-3.327,-8.900,-5.366
0.40,608,9.753,1.681,-5.489
0.40,610,-4.192,1.039,4.470
0.40,611,7.043,3.508,-0.169
0.40,612,-0.905,-3.209,9.342
0.40,613,2.984,-1.355,3.165
0.40,614,8.356,-0.858,-0.196
0.40,615,-4.569,8.063,4.464
0.40,616,2.723,-3.436,4.408
0.40,617,6.816,-1.330,-5.539
0.40,618,-9.124,-0.366,5.150
0.40,619,3.123,1.463,9.234
0.40,620,-4.188,1.056,4.466
0.40,622,-7.818,-0.285,-0.187
0.40,623,1.967,-3.788,-5.335
0.40,625,-0.912,-3.205,9.342
0.40,627,8.871,0.370,4.605
0.40,628,-7.614,-0.039,-0.177
0.40,629,-4.061,-6.966,9.293
0.40,630,-3.451,-6.301,4.514
0.40,631,1.963,-3.788,-5.335
0.40,632,-2.915,7.624,-0.179
0.40,636,9.754,1.681,-5.489
0.40,638,4.065,1.227,4.246
0.40,639,-5.919,5.791,4.474
0.40,640,-3.138,7.455,-0.177
0.40,641,-4.193,1.037,4.470
0.40,642,8.142,5.659,4.429
0.40,643,8.166,5.664,4.422
0.40,647,3.202,2.045,-10.736
0.40,648,-2.723,5.105,-4.975
0.40,649,3.188,4.297,-5.562
0.40,650,-1.567,4.767,4.072
0.40,651,9.920,9.056,-10.390
0.40,652,-5.281,-6.970,-5.459
0.40,653,-3.490,-6.251,4.516
0.40,654,-3.950,-6.735,-0.177
0.40,655,6.407,-5.176,-0.218
0.40,656,2.066,-9.489,4.597
0.40,657,-7.735,-0.179,-0.183
0.40,658,3.201,2.046,-10.737
0.40,659,6.816,-1.333,-5.540
0.40,660,6.360,-5.225,-0.219
0.40,662,9.754,1.681,-5.489
0.40,663,3.188,4.297,-5.562
0.40,664,8.938,1.450,4.707
0.40,665,-1.568,4.767,4.072
0.40,666,-6.166,7.378,-5.282
0.40,667,-5.239,7.488,9.698
0.40,668,8.175,5.667,4.419
0.40,669,1.981,-3.787,-5.332
0.40,670,-4.061,-6.966,9.293
0.40,671,7.013,3.573,-0.169
0.40,672,6.374,-5.211,-0.219
0.40,674,1.575,8.368,-6.691
0.40,677,6.332,-5.253,-0.219
0.40,678,-2.540,-4.466,4.397
0.40,679,5.092,7.123,-6.358
0.40,680,-2.692,5.017,-4.968
0.40,681,-5.230,-7.014,-5.452
0.40,682,-1.567,4.767,4.072
0.40,683,3.413,7.446,-0.198
0.40,684,6.257,-5.322,-0.220
0.40,685,-7.821,-0.289,-0.187
0.40,686,-5.282,-6.970,-5.459
0.40,687,3.115,1.476,9.231
0.40,688,5.096,7.126,-6.357
0.40,690,-5.274,-6.976,-5.458
0.40,691,-8.906,0.067,-6.123
0.40,692,-8.699,1.084,5.018
0.40,693,3.056,7.880,-0.191
0.40,694,-5.753,6.698,4.531
0.40,695,-7.627,-0.054,-0.178
0.40,697,-8.149,-0.988,-0.204
0.40,699,1.602,8.265,-6.722
0.40,700,-4.192,1.040,4.470
0.40,701,4.037,-7.729,5.029
0.40,702,-5.851,5.940,4.479
0.40,703,-0.912,-3.205,9.342
0.40,704,-2.733,5.132,-4.977
0.40,705,8.115,5.659,4.436
0.40,706,1.972,-3.788,-5.334
0.40,707,-6.173,7.372,-5.282
0.40,708,8.869,0.366,4.605
0.40,709,3.201,2.046,-10.737
0.40,711,2.864,8.044,-0.191
0.40,714,8.860,0.330,4.603
0.40,715,-3.476,-6.288,4.516
0.40,716,-8.827,4.493,4.485
0.40,717,-8.629,-8.365,3.732
0.40,718,5.092,7.123,-6.358
0.40,719,4.761,-6.194,-0.223
0.40,720,2.848,8.059,-0.191
0.40,721,3.188,7.727,-0.194
0.40,722,-10.133,-8.148,-5.632
0.40,723,6.822,-1.325,-5.537
0.40,724,-1.567,4.767,4.072
0.40,725,3.188,4.297,-5.562
0.40,727,-2.159,-7.127,4.466
0.40,728,-8.629,-8.365,3.732
0.40,729,-5.240,7.488,9.698
0.40,730,-2.251,8.007,-0.180
0.40,731,-3.584,-6.226,4.524
0.40,732,7.034,3.527,-0.169
0.40,734,-1.567,4.767,4.072
0.40,735,8.847,0.287,4.601
0.40,736,-6.178,7.342,-5.279
0.40,737,8.808,0.602,9.589
0.40,738,-2.118,-7.158,4.468
0.40,739,8.151,5.661,4.426
0.40,741,-3.760,-6.809,-0.176
0.40,742,4.419,-7.471,5.060
0.40,743,-3.733,-6.824,-0.176
0.40,744,-3.247,1.558,9.296
0.40,745,3.115,1.476,9.231
0.40,747,6.342,-5.243,-0.219
0.40,748,-6.174,7.371,-5.282
0.40,749,-5.057,-6.659,-5.404
0.40,750,-1.628,4.769,4.093
0.40,751,-5.929,6.612,4.530
0.40,752,-2.090,-7.178,4.468
0.40,753,6.420,-5.162,-0.218
0.40,754,-3.987,0.177,-5.772
0.40,755,-3.778,-0.200,-6.107
0.40,756,2.142,-9.418,4.601
0.40,757,5.092,7.123,-6.358
0.40,758,8.018,5.680,4.459
0.40,760,6.353,-5.232,-0.219
0.40,762,7.097,3.391,-0.168
0.40,763,6.356,-5.229,-0.219
0.40,764,-0.220,3.381,-10.929
0.40,765,7.868,-9.709,4.098
0.40,766,2.990,-1.366,3.176
0.40,768,-8.906,0.060,-6.122
0.40,769,7.141,3.297,-0.168
0.40,770,3.989,-7.881,-5.933
0.40,771,8.782,1.826,4.725
0.40,772,1.572,8.375,-6.688
0.40,774,-3.516,-6.264,4.519
0.40,775,3.835,1.594,4.191
0.40,776,-4.187,1.059,4.466
0.40,777,-7.054,-3.988,-0.208
0.40,778,5.087,7.119,-6.359
0.40,779,1.567,8.388,-6.684
0.40,780,2.892,8.018,-0.191
0.40,781,-4.214,7.127,-0.193
0.40,782,8.869,0.357,4.604
0.40,783,8.176,5.668,4.419
0.40,784,1.344,9.609,5.712
0.40,785,8.028,5.678,4.457
0.40,786,9.920,9.056,-10.390
0.40,787,-3.059,2.097,9.343
0.40,788,2.723,-3.435,4.408
0.40,789,-2.987,7.567,-0.178
0.40,790,-6.173,7.372,-5.282
0.40,791,3.284,-7.415,-0.195
0.40,792,2.949,7.970,-0.191
0.40,793,-8.522,2.489,4.598
0.40,794,-8.751,4.165,4.508
0.40,795,7.092,3.401,-0.169
0.40,796,8.157,5.662,4.425
0.40,797,2.977,7.946,-0.191
0.40,798,-1.193,-3.449,-10.465
0.40,800,-0.912,-3.205,9.342
0.40,801,3.188,4.297,-5.562
0.40,802,-3.562,-6.240,4.523
0.40,803,-2.159,-4.187,4.371
0.40,806,3.141,1.428,9.238
0.40,807,-4.061,-6.966,9.293
0.40,808,-3.773,-0.211,-6.116
0.40,810,4.553,-6.297,-0.219
0.40,811,6.318,6.825,9.517
0.40,812,7.102,3.380,-0.168
0.40,813,-4.063,-6.967,9.293
0.40,815,2.134,-9.425,4.600
0.40,817,-3.463,-6.295,4.515
0.40,819,-2.895,2.468,9.389
0.40,820,-8.629,-8.365,3.732
0.40,821,3.188,4.297,-5.562
0.40,823,-6.173,7.372,-5.282
0.40,824,2.981,7.943,-0.191
0.40,825,-5.861,6.078,4.485
0.40,826,-1.568,4.767,4.073
0.40,829,3.188,4.297,-5.562
0.40,830,-7.609,-0.035,-0.177
0.40,831,1.350,9.608,5.711
0.40,832,3.115,1.476,9.231
0.40,833,-6.173,7.372,-5.282
0.40,834,-3.247,1.558,9.296
0.40,836,8.895,0.516,4.613
0.40,837,1.992,-3.787,-5.331
0.40,838,3.025,7.907,-0.191
0.40,839,3.051,7.885,-0.191
0.40,840,2.119,-9.439,4.600
0.40,841,-0.335,8.269,-0.206
0.40,842,5.303,7.170,-6.258
0.40,844,-6.173,7.372,-5.282
0.40,845,6.984,3.638,-0.168
0.40,846,8.857,1.690,4.719
0.40,847,8.143,5.659,4.429
0.40,848,-1.140,-3.482,-10.469
0.40,849,-3.323,-8.903,-5.365
0.40,850,2.818,4.039,4.677
0.40,851,-7.416,3.160,-0.190
0.40,852,2.791,4.087,4.685
0.40,854,-7.723,-0.165,-0.182
0.40,855,2.103,-9.454,4.599
0.40,856,-3.762,-0.237,-6.138
0.40,857,-3.773,-0.213,-6.118
0.40,859,-3.917,0.076,-5.876
0.40,860,-7.739,-0.184,-0.183
0.40,861,-4.193,1.038,4.470
0.40,862,0.261,-0.244,-0.447
0.40,863,-0.194,3.384,-10.934
0.40,864,3.989,-7.881,-5.933
0.40,865,-8.945,-0.182,-6.076
0.40,866,-2.224,4.618,4.265
0.40,867,-3.251,-6.404,4.498
0.40,868,8.841,0.303,4.602
0.40,869,-5.239,7.488,9.698
0.40,870,-5.876,6.373,4.506
0.40,871,7.868,-9.710,4.098
0.40,872,-3.066,7.507,-0.177
0.40,873,-8.840,4.515,4.482
0.40,875,-3.772,-0.216,-6.120
0.40,876,-3.247,1.558,9.296
0.40,877,-3.000,2.234,9.358
0.40,878,3.201,2.046,-10.737
0.40,879,3.227,7.680,-0.195
0.40,880,1.970,-3.788,-5.334
0.40,881,7.050,3.493,-0.169
0.40,882,-7.610,-0.036,-0.177
0.40,884,6.807,-1.344,-5.543
0.40,885,-2.731,5.119,-4.976
0.40,886,5.495,-5.778,-0.231
0.40,887,4.932,-6.086,-0.228
0.40,888,6.334,-5.252,-0.219
0.40,889,-10.133,-8.148,-5.632
0.40,891,-1.567,4.767,4.072
0.40,892,-3.221,7.401,-0.178
0.40,893,-7.861,-0.345,-0.189
0.40,894,-4.193,1.039,4.470
0.40,895,-8.813,4.506,4.487
0.40,896,8.903,1.557,4.712
0.40,897,-0.220,3.381,-10.929
0.40,899,5.093,7.124,-6.358
0.40,901,8.116,5.659,4.436
0.40,902,-3.951,0.121,-5.828
0.40,903,-2.159,-4.190,4.371
0.40,905,4.716,-6.221,-0.222
0.40,906,8.802,0.583,9.586
0.40,907,-0.912,-3.206,9.342
0.40,908,8.807,0.598,9.589
0.40,909,4.835,-6.147,-0.225
0.40,912,3.188,4.297,-5.562
0.40,913,2.983,-1.354,3.163
0.40,914,-1.567,4.767,4.072
0.40,915,9.750,1.681,-5.490
0.40,916,-7.294,3.583,-0.186
0.40,918,3.186,2.066,-10.748
0.40,919,-7.650,-0.080,-0.179
0.40,920,8.791,1.814,4.725
0.40,921,3.115,1.476,9.231
0.40,922,-3.966,0.145,-5.805
0.40,924,-0.257,3.378,-10.922
0.40,927,-4.156,8.545,-5.037
0.40,928,-3.509,-6.267,4.518
0.40,929,8.356,-0.886,-0.196
0.40,930,3.989,-7.881,-5.933
0.40,932,-5.284,-6.966,-5.459
0.40,933,8.876,0.390,4.606
0.40,934,-2.544,-4.463,4.397
0.40,935,5.096,7.126,-6.357
0.40,936,-7.532,0.072,-0.174
0.40,937,-3.326,-8.901,-5.366
0.40,938,-1.566,4.767,4.072
0.40,939,6.813,-1.337,-5.541
0.40,940,-5.272,-6.978,-5.458
0.40,941,-0.249,3.379,-10.923
0.40,942,5.092,7.123,-6.358
0.40,943,3.188,4.297,-5.562
0.40,946,-7.586,-0.011,-0.176
0.40,947,-8.844,4.519,4.482
0.40,948,5.092,7.123,-6.358
0.40,949,1.572,8.377,-6.688
0.40,950,3.018,-7.643,-0.195
0.40,951,1.539,8.465,-6.660
0.40,952,-5.274,-6.976,-5.458
0.40,953,2.944,7.974,-0.191
0.40,956,-6.116,7.408,-5.284
0.40,957,7.868,-9.710,4.098
0.40,958,-4.222,-6.635,-0.177
0.40,959,-7.590,-0.011,-0.176
0.40,961,6.622,9.998,-0.353
0.40,962,2.878,8.031,-0.191
0.40,963,-3.332,-8.895,-5.366
0.40,964,-0.641,-3.786,-10.525
0.40,965,5.092,7.123,-6.358
0.40,966,8.886,0.444,4.609
0.40,967,-5.239,7.488,9.698
0.40,968,2.723,-3.435,4.408
0.40,969,-0.207,3.383,-10.932
0.40,970,8.808,0.603,9.589
0.40,971,6.467,-5.109,-0.217
0.40,972,1.989,-3.787,-5.331
0.40,973,-6.173,7.372,-5.282
0.40,976,3.551,7.276,-0.200
0.40,977,3.202,2.046,-10.736
0.40,978,-0.912,-3.205,9.342
0.40,979,-8.695,3.784,4.527
0.40,980,-2.851,5.450,-5.007
0.40,982,-3.637,-6.211,4.529
0.40,983,2.723,-3.435,4.408
0.40,984,-8.629,-8.365,3.732
0.40,985,3.188,4.297,-5.562
0.40,986,4.413,-7.475,5.061
0.40,988,7.868,-9.709,4.098
0.40,989,5.092,7.123,-6.358
0.40,990,8.774,-8.605,3.304
0.40,991,-3.246,1.561,9.296
0.40,992,-3.510,-6.267,4.518
0.40,994,2.723,-3.435,4.408
0.40,995,3.115,1.476,9.231
0.40,996,3.201,2.046,-10.737
0.40,997,9.752,1.681,-5.489
0.40,998,-7.508,2.077,-0.190
0.40,999,3.201,2.046,-10.737
0.40,1000,-1.129,-3.489,-10.470
0.40,1001,8.169,5.665,4.421
0.40,1002,4.137,6.636,-0.208
0.40,1004,1.564,8.397,-6.681
0.40,1005,3.201,2.046,-10.737
0.40,1006,-6.174,7.372,-5.282
0.40,1007,1.566,8.392,-6.683
0.40,1009,-0.914,-3.204,9.342
0.40,1010,-2.750,5.160,-4.979
0.40,1011,2.970,7.953,-0.191
0.40,1012,8.356,-0.882,-0.196
0.40,1013,-3.333,-8.895,-5.366
0.40,1014,-3.807,-0.132,-6.053
0.40,1016,-5.308,-6.136,-0.187
0.40,1017,8.356,-0.869,-0.196
0.40,1018,1.938,-3.788,-5.339
0.40,1020,8.921,1.513,4.710
0.40,1021,2.947,-1.298,3.077
0.40,1022,8.355,-0.892,-0.196
0.40,1023,-10.594,-1.486,4.674
0.40,1024,3.910,6.866,-0.205
0.40,1025,3.201,2.046,-10.737
0.40,1027,-9.353,-1.081,-5.908
0.40,1029,-3.468,-6.292,4.515
0.40,1030,-4.188,1.056,4.466
0.40,1032,-3.756,-0.250,-6.148
0.40,1033,-6.176,7.362,-5.281
0.40,1034,8.757,1.857,4.726
0.40,1036,-4.191,1.045,4.468
0.40,1037,5.092,7.123,-6.358
0.40,1038,-4.195,1.028,4.472
0.40,1039,3.989,-7.881,-5.933
0.40,1040,3.989,-7.881,-5.933
0.40,1041,-4.062,-6.966,9.293
0.40,1042,8.123,5.659,4.434
0.40,1043,8.872,0.371,4.605
0.40,1044,0.546,9.073,9.561
0.40,1045,2.108,-9.450,4.599
0.40,1046,2.074,-9.481,4.597
0.40,1047,6.558,-1.706,-5.754
0.40,1048,3.189,4.293,-5.563
0.40,1050,3.001,7.928,-0.191
0.40,1052,-1.567,4.767,4.072
0.40,1053,1.106,-9.525,-5.386
0.40,1054,6.452,4.549,-0.189
0.40,1055,4.075,1.207,4.249
0.40,1056,2.723,-3.435,4.408
0.40,1059,3.188,4.297,-5.562
0.40,1060,-2.148,8.047,-0.181
0.40,1062,3.115,1.476,9.231
0.40,1063,4.311,-7.539,5.062
0.40,1065,8.167,5.665,4.422
0.40,1066,2.022,-3.787,-5.326
0.40,1067,-3.329,-8.897,-5.366
0.40,1068,2.850,-10.548,8.452
0.40,1069,-6.081,6.886,4.563
0.40,1070,8.163,5.663,4.423
0.40,1071,5.092,7.123,-6.358
0.40,1072,2.723,-3.436,4.408
0.40,1073,-9.561,-0.937,5.050
0.40,1074,8.120,5.659,4.435
0.40,1075,4.048,1.258,4.241
0.40,1076,7.161,3.254,-0.168
0.40,1077,-0.558,-3.825,-10.533
0.40,1078,3.989,-7.881,-5.933
0.40,1079,4.227,-7.596,5.053
0.40,1080,-3.770,-0.218,-6.122
0.40,1081,-2.510,-4.427,4.394
0.40,1082,-3.606,-6.221,4.526
0.40,1084,-1.567,4.767,4.072
0.40,1085,2.982,7.942,-0.191
0.40,1086,-10.133,-8.149,-5.632
0.40,1089,-0.582,8.288,-0.201
0.40,1090,6.343,-5.243,-0.219
0.40,1091,3.373,7.499,-0.197
0.40,1092,-5.277,-6.974,-5.458
0.40,1093,-3.710,-6.808,-0.177
0.40,1094,-2.742,5.159,-4.979
0.40,1095,-5.701,6.159,4.486
0.40,1096,4.127,-7.666,5.040
0.40,1097,-1.571,4.767,4.074
0.40,1098,2.064,-9.492,4.597
0.40,1099,8.355,-0.900,-0.196
0.40,1100,8.808,0.603,9.589
0.40,1101,-2.304,7.985,-0.180
0.40,1102,-2.083,-7.183,4.469
0.40,1103,4.979,-6.057,-0.229
0.40,1104,-6.173,7.372,-5.282
0.40,1105,8.353,-0.932,-0.196
0.40,1106,-1.582,4.768,4.077
0.40,1107,-1.578,4.768,4.076
0.40,1108,3.132,-7.553,-0.194
0.40,1109,1.977,-3.787,-5.333
0.40,1110,-1.533,8.231,-0.186
0.40,1111,6.354,-5.231,-0.219
0.40,1112,8.110,5.660,4.437
0.40,1113,-0.569,-3.820,-10.532
0.40,1115,-2.248,-4.197,4.371
0.40,1118,3.062,7.874,-0.191
0.40,1119,6.820,-1.328,-5.538
0.40,1121,4.882,-7.191,5.002
0.40,1122,-5.358,-2.586,-6.782
0.40,1123,9.754,1.681,-5.489
0.40,1124,-1.567,4.767,4.072
0.40,1125,-6.173,7.372,-5.282
0.40,1126,3.722,1.798,4.162
0.40,1127,3.188,4.297,-5.562
0.40,1128,-3.334,-8.893,-5.367
0.40,1129,3.201,2.046,-10.737
0.40,1130,-8.848,4.523,4.481
0.40,1131,6.830,-1.316,-5.535
0.40,1132,2.849,8.057,-0.191
0.40,1133,5.092,7.123,-6.358
0.40,1134,3.989,-7.881,-5.933
0.40,1135,-5.887,6.437,4.512
0.40,1136,8.168,5.665,4.421
0.40,1137,8.347,-0.743,-0.195
0.40,1138,-3.020,7.542,-0.178
0.40,1139,2.937,7.980,-0.191
0.40,1140,-8.629,-8.365,3.732
0.40,1141,2.010,-3.787,-5.328
0.40,1142,-1.567,4.767,4.072
0.40,1143,4.071,1.217,4.248
0.40,1144,2.861,8.046,-0.191
0.40,1145,-4.469,8.220,4.457
0.40,1146,-4.061,-6.966,9.293
0.40,1147,-4.061,-6.966,9.293
0.40,1149,4.932,-6.084,-0.228
0.40,1150,-6.175,7.365,-5.281
0.40,1151,-1.577,4.768,4.076
0.40,1152,4.705,-7.281,5.021
0.40,1153,-5.277,-6.974,-5.458
0.40,1154,-8.187,-1.217,-0.208
0.40,1155,-2.111,8.061,-0.181
0.40,1156,-1.567,4.767,4.072
0.40,1157,-3.225,7.393,-0.178
0.40,1158,-3.983,0.169,-5.780
0.40,1159,5.092,7.123,-6.358
0.40,1160,-8.183,-1.177,-0.208
0.40,1161,-2.335,-6.988,4.461
0.40,1162,4.247,-7.582,5.055
0.40,1163,5.092,7.123,-6.358
0.40,1165,-4.593,-6.176,-5.228
0.40,1166,2.723,-3.436,4.408
0.40,1167,8.355,-0.842,-0.196
0.40,1169,8.059,5.670,4.450
0.40,1172,-4.511,-6.528,-0.179
0.40,1173,2.971,-1.334,3.141
0.40,1174,-7.600,-0.025,-0.177
0.40,1175,-0.193,3.384,-10.934
0.40,1176,9.754,1.681,-5.489
0.40,1177,6.350,-5.235,-0.219
0.40,1178,-4.061,-6.966,9.293
0.40,1179,3.188,4.297,-5.562
0.40,1181,3.464,7.381,-0.199
0.40,1182,3.048,7.887,-0.191
0.40,1183,-2.187,8.032,-0.181
0.40,1184,-8.191,-1.336,-0.210
0.40,1186,-1.578,4.768,4.076
0.40,1187,5.092,7.123,-6.358
0.40,1188,-1.423,-3.263,-10.437
0.40,1190,-1.566,4.767,4.072
0.40,1191,8.752,1.862,4.726
0.40,1192,2.276,-8.101,-0.197
0.40,1194,-3.108,7.475,-0.177
0.40,1195,7.868,-9.709,4.098
0.40,1196,8.356,-0.839,-0.195
0.40,1197,-5.275,-6.976,-5.458
0.40,1198,-5.240,7.488,9.698
0.40,1200,6.814,-1.336,-5.541
0.40,1201,-0.597,-3.808,-10.530
0.40,1202,3.904,6.873,-0.205
0.40,1203,-5.238,7.489,9.699
0.40,1204,3.399,7.465,-0.198
0.40,1205,-7.773,-0.227,-0.185
0.40,1206,2.867,8.041,-0.191
0.40,1207,1.341,9.608,5.712
0.40,1209,6.409,-5.174,-0.218
0.40,1210,0.257,-0.172,-0.446
0.40,1212,-5.273,-6.977,-5.458
0.40,1215,3.188,4.297,-5.562
0.40,1216,9.749,1.681,-5.490
0.40,1218,3.125,7.805,-0.192
0.40,1219,7.119,3.343,-0.168
0.40,1221,3.188,4.297,-5.562
0.40,1222,1.066,-9.536,-5.385
0.40,1223,-7.369,3.327,-0.188
0.40,1224,3.124,7.806,-0.192
0.40,1225,9.920,9.056,-10.390
0.40,1226,4.836,-6.147,-0.226
0.40,1227,8.311,5.727,4.373
0.40,1228,2.723,-3.436,4.408
0.40,1229,-4.184,1.068,4.464
0.40,1230,-3.056,7.512,-0.177
0.40,1231,-10.134,-8.149,-5.635
0.40,1233,7.093,3.399,-0.169
0.40,1234,-10.133,-8.149,-5.633
0.40,1235,5.726,-5.659,-0.230
0.40,1236,-8.964,-0.267,-6.060
0.40,1237,-7.758,-0.208,-0.184
0.40,1238,3.016,7.915,-0.191
0.40,1240,5.363,-5.846,-0.231
0.40,1241,8.806,0.598,9.589
0.40,1242,-8.629,-8.365,3.732
0.40,1243,-7.943,-2.458,-0.223
0.40,1244,3.115,1.476,9.231
0.40,1245,3.007,7.922,-0.191
0.40,1248,5.092,7.123,-6.358
0.40,1249,-6.172,7.373,-5.282
0.40,1250,-2.586,7.849,-0.179
0.40,1251,-10.133,-8.149,-5.632
0.40,1252,6.825,-1.320,-5.536
0.40,1253,7.868,-9.710,4.098
0.40,1254,-1.575,4.768,4.075
0.40,1255,3.073,7.864,-0.191
0.40,1256,-2.712,5.075,-4.973
0.40,1257,9.920,9.056,-10.390
0.40,1258,-1.567,4.767,4.072
0.40,1259,-3.337,-8.890,-5.367
0.40,1260,-2.734,5.126,-4.977
0.40,1261,-2.059,-7.200,4.469
0.40,1262,-3.502,-6.272,4.518
0.40,1264,8.356,-0.857,-0.196
0.40,1265,-1.573,4.768,4.075
0.40,1266,2.280,-8.099,-0.196
0.40,1267,-0.227,3.381,-10.927
0.40,1268,-3.334,-8.893,-5.367
0.40,1269,-1.583,4.768,4.078
0.40,1270,5.811,-5.612,-0.228
0.40,1271,2.967,7.955,-0.191
0.40,1272,0.179,-1.005,-0.465
0.40,1273,-3.246,1.560,9.296
0.40,1276,-0.202,8.258,-0.210
0.40,1277,-6.172,7.373,-5.282
0.40,1278,-3.689,-6.847,-0.177
0.40,1279,-7.623,-0.051,-0.178
0.40,1281,7.868,-9.709,4.098
0.40,1282,5.342,-5.857,-0.231
0.40,1283,6.823,-1.324,-5.537
0.40,1284,-6.144,7.367,-5.281
0.40,1285,-8.850,4.525,4.480
0.40,1286,3.138,7.788,-0.192
0.40,1288,1.563,8.400,-6.680
0.40,1289,-5.239,7.488,9.699
0.40,1290,2.983,-1.353,3.162
0.40,1291,6.259,-5.320,-0.220
0.40,1293,2.820,4.037,4.677
0.40,1294,-7.366,3.338,-0.188
0.40,1295,4.375,-7.500,5.064
0.40,1296,3.989,-7.881,-5.933
0.40,1297,6.406,-1.880,-5.902
0.40,1298,6.825,-1.311,-5.534
0.40,1299,-8.629,-8.365,3.732
0.40,1300,3.201,2.047,-10.737
0.40,1301,-0.210,3.382,-10.931
0.40,1302,8.135,5.659,4.431
0.40,1303,6.422,-1.863,-5.890
0.40,1304,-6.174,7.372,-5.282
0.40,1305,3.115,1.476,9.231
0.40,1306,3.141,7.920,-0.189
0.40,1307,-7.616,-0.043,-0.177
0.40,1308,-3.332,-8.896,-5.366
0.40,1309,3.340,7.542,-0.197
0.40,1312,4.341,-7.519,5.065
0.40,1313,2.723,-3.435,4.408
0.40,1314,-3.464,-6.292,4.515
0.40,1315,2.723,-3.435,4.408
0.40,1316,-0.415,8.276,-0.205
0.40,1317,0.757,-8.215,-0.204
0.40,1318,-5.239,7.489,9.699
0.40,1319,-8.839,4.514,4.482
0.40,1321,3.006,7.923,-0.191
0.40,1322,-4.174,8.518,-5.038
0.40,1323,3.188,4.297,-5.562
0.40,1324,-4.061,-6.966,9.293
0.40,1325,-3.655,-6.868,-0.178
0.40,1326,-3.333,-8.895,-5.366
0.40,1327,3.202,2.046,-10.736
0.40,1328,5.810,-6.038,9.389
0.40,1330,3.201,2.046,-10.737
0.40,1331,-7.592,-0.014,-0.176
0.40,1332,-10.133,-8.149,-5.632
0.40,1333,9.754,1.681,-5.489
0.40,1334,6.331,-5.254,-0.219
0.40,1335,1.555,8.421,-6.673
0.40,1337,3.145,1.419,9.239
0.40,1338,-2.069,-7.193,4.469
0.40,1339,1.515,8.539,-6.639
0.40,1341,8.914,1.514,4.710
0.40,1342,-0.912,-3.205,9.342
0.40,1343,9.753,1.681,-5.489
0.40,1344,-1.667,4.768,4.106
0.40,1346,9.754,1.681,-5.489
0.40,1347,3.989,-7.881,-5.933
0.40,1349,8.888,0.461,4.610
0.40,1350,-7.609,-0.035,-0.177
0.40,1353,-4.182,8.507,-5.039
0.40,1354,-1.956,-7.274,4.472
0.40,1355,1.562,8.402,-6.679
0.40,1356,8.878,0.398,4.606
0.40,1357,2.846,8.060,-0.191
0.40,1358,-3.540,-6.250,4.521
0.40,1360,4.073,1.212,4.248
0.40,1361,-7.641,-0.071,-0.179
0.40,1363,2.892,8.018,-0.191
0.40,1364,2.920,7.994,-0.191
0.40,1365,8.774,-8.605,3.304
0.40,1366,3.192,7.722,-0.194
0.40,1367,2.833,8.072,-0.191
0.40,1368,-7.437,3.065,-0.191
0.40,1369,-8.715,3.932,4.521
0.40,1371,-8.913,-0.012,-6.108
0.40,1372,-1.567,4.767,4.072
0.40,1373,-3.319,-8.905,-5.365
0.40,1374,2.723,-3.435,4.408
0.40,1375,-7.938,7.951,8.463
0.40,1376,2.811,4.049,4.679
0.40,1377,-8.168,-1.803,-0.216
0.40,1378,8.776,1.834,4.725
0.40,1380,-7.439,3.047,-0.191
0.40,1381,-7.421,3.140,-0.190
0.40,1382,4.077,1.205,4.249
0.40,1383,-8.908,0.034,-6.117
0.40,1384,2.062,-9.493,4.597
0.40,1385,-5.274,-6.976,-5.458
0.40,1386,3.989,-7.881,-5.933
0.40,1387,-0.363,-3.458,-0.284
0.40,1388,6.980,3.646,-0.168
0.40,1390,-4.488,8.195,4.458
0.40,1391,-3.007,-6.522,4.481
0.40,1392,1.584,8.347,-6.698
0.40,1393,-2.295,-4.079,4.355
0.40,1394,2.723,-3.435,4.408
0.40,1395,2.862,-7.764,-0.196
0.40,1396,-3.739,-6.809,-0.176
0.40,1397,-0.254,8.262,-0.208
0.40,1398,6.173,-5.380,-0.222
0.40,1400,2.085,-8.174,-0.198
0.40,1401,-2.322,-4.246,4.375
0.40,1402,3.115,1.476,9.231
0.40,1403,-2.654,4.844,-4.957
0.40,1405,8.356,-0.875,-0.196
0.40,1406,-5.710,-5.855,-0.195
0.40,1407,-3.312,-6.375,4.503
0.40,1408,-8.496,3.767,-5.267
0.40,1409,-4.194,1.035,4.471
0.40,1410,3.984,1.359,4.226
0.40,1411,0.022,8.238,-0.215
0.40,1412,-5.971,6.758,4.546
0.40,1413,7.128,3.324,-0.168
0.40,1414,4.085,1.189,4.252
0.40,1416,2.723,-3.436,4.408
0.40,1417,-7.432,3.096,-0.190
0.40,1418,-8.154,-1.865,-0.217
0.40,1419,9.753,1.681,-5.489
0.40,1420,-3.674,-6.207,4.532
0.40,1422,1.993,-3.787,-5.331
0.40,1423,-6.680,-4.573,-0.206
0.40,1424,2.882,-1.206,2.915
0.40,1425,-5.276,-6.975,-5.458
0.40,1426,-8.158,-1.849,-0.217
0.40,1427,-0.849,-3.991,-0.271
0.40,1429,2.723,-3.435,4.408
0.40,1430,-6.136,-5.349,-0.202
0.40,1431,3.201,2.046,-10.737
0.40,1433,-8.629,-8.365,3.732
0.40,1434,-7.587,-0.010,-0.176
0.40,1435,-4.679,7.815,4.471
0.40,1436,2.723,-3.435,4.408
0.40,1438,-6.173,7.373,-5.282
0.40,1439,9.920,9.056,-10.390
0.40,1440,-5.877,5.820,4.474
0.40,1441,4.262,-7.572,5.057
0.40,1443,2.723,-3.435,4.408
0.40,1444,6.822,-1.320,-5.536
0.40,1445,6.819,-1.326,-5.538
0.40,1446,-5.879,5.823,4.475
0.40,1447,-1.521,-4.087,-4.958
0.40,1448,-8.188,-1.247,-0.209
0.40,1449,-0.592,-3.810,-10.530
0.40,1450,-3.960,-6.731,-0.177
0.40,1452,-3.177,7.437,-0.178
0.40,1453,2.880,-8.675,4.708
0.40,1454,-5.022,7.502,-0.222
0.40,1455,-4.061,-6.966,9.293
0.40,1456,6.815,-1.334,-5.540
0.40,1457,-1.058,8.293,-0.193
0.40,1458,-1.568,4.767,4.073
0.40,1462,-5.275,-6.976,-5.458
0.40,1463,-6.167,7.377,-5.282
0.40,1464,-5.235,-6.866,-5.453
0.40,1466,6.813,-1.336,-5.541
0.40,1467,3.201,2.046,-10.737
0.40,1469,-8.906,0.064,-6.123
0.40,1472,-5.879,6.201,4.491
0.40,1473,-5.242,7.487,9.698
0.40,1474,-0.590,-3.811,-10.530
0.40,1476,8.356,-0.864,-0.196
0.40,1477,8.844,0.299,4.601
0.40,1478,3.989,-7.881,-5.933
0.40,1479,-8.842,4.517,4.482
0.40,1481,8.138,5.659,4.430
0.40,1482,3.989,-7.881,-5.933
0.40,1483,-3.694,-6.811,-0.177
0.40,1484,0.207,-8.120,-0.202
0.40,1485,-7.812,-0.277,-0.186
0.40,1486,-7.420,3.145,-0.190
0.40,1487,-0.221,3.381,-10.929
0.40,1488,-5.972,5.751,4.473
0.40,1489,3.004,7.925,-0.191
0.40,1490,-2.511,-4.403,4.392
0.40,1491,3.115,1.476,9.231
0.40,1493,-6.173,7.372,-5.282
0.40,1494,-0.912,-3.205,9.342
0.40,1496,-8.843,4.519,4.482
0.40,1497,-5.909,5.799,4.474
0.40,1498,3.201,2.046,-10.737
0.40,1499,-5.933,5.780,4.473
0.40,1500,-2.715,5.081,-4.973
0.40,1501,-5.240,7.488,9.698
0.40,1502,-7.872,7.892,8.529
0.40,1503,7.053,-1.029,-5.458
0.40,1504,-0.230,3.380,-10.927
0.40,1505,4.295,-7.550,5.060
0.40,1506,6.400,-5.183,-0.218
0.40,1507,-3.767,-0.225,-6.128
0.40,1508,4.419,-6.408,-0.216
0.40,1510,4.884,-6.116,-0.227
0.40,1511,8.153,5.661,4.426
0.40,1512,8.877,0.382,4.605
0.40,1514,6.842,-1.299,-5.530
0.40,1516,-3.432,-6.302,4.512
0.40,1517,8.114,5.659,4.436
0.40,1518,5.092,7.123,-6.358
0.40,1520,8.869,0.363,4.604
0.40,1521,-6.173,7.372,-5.282
0.40,1522,3.201,2.047,-10.737
0.40,1523,-3.808,-0.131,-6.053
0.40,1524,5.092,7.123,-6.358
0.40,1526,3.989,-7.881,-5.933
0.40,1527,8.166,5.663,4.422
0.40,1528,-2.707,5.060,-4.972
0.40,1529,8.753,1.861,4.726
0.40,1531,8.861,1.705,4.720
0.40,1532,-5.861,6.239,4.494
0.40,1534,-7.575,0.005,-0.176
0.40,1535,-3.819,-0.103,-6.032
0.40,1536,-0.244,3.379,-10.924
0.40,1537,7.183,3.205,-0.168
0.40,1538,-3.170,1.817,9.311
0.40,1539,-5.348,-6.137,-0.188
0.40,1541,-7.571,0.011,-0.176
0.40,1542,1.992,-3.787,-5.331
0.40,1543,3.989,-7.881,-5.933
0.40,1544,7.090,3.405,-0.169
0.40,1545,-2.695,5.027,-4.969
0.40,1546,-5.847,6.329,4.501
0.40,1547,-3.854,-0.023,-5.971
0.40,1548,7.111,3.362,-0.168
0.40,1549,-0.189,3.384,-10.935
0.40,1551,3.655,1.952,4.152
0.40,1552,-7.731,-0.174,-0.183
0.40,1553,3.188,4.297,-5.562
0.40,1554,-5.873,5.822,4.474
0.40,1555,6.531,-1.739,-5.782
0.40,1556,-7.570,0.013,-0.176
0.40,1557,9.920,9.056,-10.390
0.40,1560,-4.275,6.525,-0.183
0.40,1561,-8.629,-8.365,3.732
0.40,1562,3.001,7.927,-0.191
0.40,1563,5.092,7.123,-6.358
0.40,1565,2.723,-3.435,4.408
0.40,1566,-2.264,-3.941,4.335
0.40,1567,-2.689,7.786,-0.179
0.40,1568,-0.746,8.291,-0.198
0.40,1569,3.188,4.297,-5.562
0.40,1570,2.894,8.016,-0.191
0.40,1571,-8.491,3.906,-5.251
0.40,1572,-8.842,4.518,4.482
0.40,1573,8.200,5.677,4.412
0.40,1574,-7.590,-0.013,-0.176
0.40,1575,-3.765,-0.230,-6.132
0.40,1577,-4.720,6.207,-0.186
0.40,1578,-2.960,7.588,-0.178
0.40,1579,-4.061,-6.966,9.293
0.40,1580,-5.274,-6.977,-5.458
0.40,1581,-3.667,-6.861,-0.177
0.40,1582,-2.459,-7.430,-0.194
0.40,1583,1.592,8.323,-6.706
0.40,1584,9.753,1.681,-5.489
0.40,1585,-0.717,-3.770,-0.266
0.40,1586,-4.191,1.044,4.469
0.40,1587,8.355,-0.904,-0.196
0.40,1588,-0.789,-4.055,-5.047
0.40,1590,-4.192,1.039,4.470
0.40,1591,-5.275,-6.976,-5.458
0.40,1592,-8.046,-2.200,-0.221
0.40,1593,-4.497,8.184,4.459
0.40,1594,-3.398,-6.332,4.510
0.40,1595,9.754,1.681,-5.489
0.40,1597,-4.985,-7.386,-0.203
0.40,1598,3.261,-7.437,-0.195
0.40,1599,2.856,8.051,-0.191
0.40,1600,7.868,-9.710,4.098
0.40,1601,-0.205,3.383,-10.932
0.40,1602,-4.194,1.035,4.471
0.40,1603,-0.912,-3.205,9.342
0.40,1604,4.927,6.027,-0.217
0.40,1605,3.492,7.346,-0.199
0.40,1606,-1.211,-3.439,-10.464
0.40,1607,8.347,-0.991,-0.196
0.40,1609,-6.175,7.366,-5.281
0.40,1610,-7.405,3.200,-0.190
0.40,1611,-8.827,4.492,4.485
0.40,1612,-7.670,-0.102,-0.180
0.40,1614,1.507,-3.832,-5.373
0.40,1615,-3.143,-10.554,4.501
0.40,1616,6.388,-5.196,-0.219
0.40,1617,9.754,1.681,-5.489
0.40,1618,2.811,4.049,4.679
0.40,1619,3.988,-6.768,-0.205
0.40,1620,4.340,-7.520,5.065
0.40,1621,-1.572,4.768,4.074
0.40,1622,2.799,4.064,4.680
0.40,1624,2.442,-9.167,4.604
0.40,1625,-3.831,-0.073,-6.010
0.40,1626,-4.181,8.507,-5.039
0.40,1627,8.355,-0.824,-0.195
0.40,1628,-5.280,-6.958,-5.459
0.40,1629,8.886,0.448,4.609
0.40,1630,3.119,1.469,9.233
0.40,1631,5.092,7.123,-6.358
0.40,1632,6.363,-5.222,-0.219
0.40,1634,2.867,8.041,-0.191
0.40,1635,3.115,1.476,9.231
0.40,1636,-3.436,-6.309,4.512
0.40,1637,4.326,-7.529,5.064
0.40,1638,0.263,8.228,-0.221
0.40,1640,1.943,-3.788,-5.338
0.40,1642,-8.848,4.523,4.481
0.40,1643,-4.190,1.047,4.468
0.40,1644,3.201,2.046,-10.737
0.40,1646,8.920,1.543,4.712
0.40,1647,6.271,6.800,-5.757
0.40,1649,3.912,1.472,4.209
0.40,1650,-2.485,-6.857,4.455
0.40,1651,3.188,4.297,-5.562
0.40,1653,-2.441,7.925,-0.179
0.40,1654,6.812,-1.338,-5.541
0.40,1655,-8.164,-1.824,-0.217
0.40,1656,-7.605,-0.030,-0.177
0.40,1657,3.201,2.046,-10.737
0.40,1658,-3.802,-0.145,-6.063
0.40,1659,2.724,-3.433,4.407
0.40,1661,-5.239,7.489,9.699
0.40,1663,-8.021,-2.270,-0.221
0.40,1665,-5.926,5.785,4.474
0.40,1666,-7.318,3.506,-0.186
0.40,1669,-0.619,-3.799,-10.528
0.40,1670,-2.590,3.093,9.468
0.40,1672,-5.239,7.488,9.698
0.40,1673,-10.133,-8.149,-5.632
0.40,1674,2.925,7.990,-0.191
0.40,1675,2.723,-3.435,4.407
0.40,1677,-3.045,2.132,9.347
0.40,1678,-2.195,-4.243,4.376
0.40,1679,2.514,-7.996,-0.196
0.40,1680,-6.173,7.372,-5.282
0.40,1684,-2.318,-4.132,4.362
0.40,1685,2.990,7.936,-0.191
0.40,1686,-6.173,7.372,-5.282
0.40,1687,5.868,-5.579,-0.227
0.40,1688,-1.567,4.767,4.072
0.40,1689,3.115,1.476,9.231
0.40,1690,-5.277,-6.974,-5.458
0.40,1691,2.815,4.043,4.678
0.40,1692,-7.399,3.220,-0.189
0.40,1693,8.774,-8.605,3.304
0.40,1694,-2.200,8.027,-0.181
0.40,1695,-5.240,7.488,9.698
0.40,1696,3.989,-7.881,-5.933
0.40,1698,7.868,-9.710,4.098
0.40,1699,8.355,-0.895,-0.196
0.40,1700,3.115,1.476,9.231
0.40,1701,3.050,7.885,-0.191
0.40,1702,3.201,2.046,-10.736
0.40,1703,2.816,4.042,4.678
0.40,1704,-2.733,5.123,-4.976
0.40,1705,-5.506,-9.489,-0.240
0.40,1706,-2.897,2.463,9.388
0.40,1707,0.542,9.075,9.562
0.40,1708,-0.910,-3.206,9.342
0.40,1709,-2.276,-5.260,-0.243
0.40,1710,6.829,-1.317,-5.535
0.40,1711,7.290,2.945,-0.170
0.40,1712,-4.004,-6.716,-0.177
0.40,1713,8.808,0.602,9.589
0.40,1714,-4.061,-6.966,9.293
0.40,1715,-1.567,4.767,4.072
0.40,1716,-5.240,7.488,9.698
0.40,1717,8.356,-0.875,-0.196
0.40,1718,9.920,9.056,-10.390
0.40,1719,-5.693,5.893,4.475
0.40,1720,3.201,2.046,-10.736
0.40,1721,-5.893,5.810,4.474
0.40,1722,8.808,0.603,9.589
0.40,1723,5.092,7.123,-6.358
0.40,1725,-6.117,-5.371,-0.202
0.40,1726,9.920,9.056,-10.390
0.40,1727,-7.851,7.876,8.551
0.40,1729,-2.289,-4.056,4.352
0.40,1730,5.306,-5.875,-0.231
0.40,1731,8.356,-0.879,-0.196
0.40,1732,6.813,-1.337,-5.541
0.40,1734,8.743,1.870,4.726
0.40,1735,4.160,-6.616,-0.210
0.40,1736,8.887,0.462,4.610
0.40,1738,-7.384,3.275,-0.189
0.40,1741,4.072,1.213,4.248
0.40,1742,-7.597,-0.022,-0.177
0.40,1743,0.548,9.071,9.561
0.40,1744,3.989,-7.881,-5.933
0.40,1745,2.820,4.037,4.677
0.40,1746,7.968,5.695,4.471
0.40,1749,-1.567,4.767,4.072
0.40,1751,-7.159,3.844,-0.183
0.40,1753,0.172,8.232,-0.219
0.40,1754,3.023,7.908,-0.191
0.40,1755,6.037,-5.464,-0.224
0.40,1756,-7.777,-2.785,-0.223
0.40,1757,-5.917,5.793,4.474
0.40,1758,9.753,1.681,-5.489
0.40,1759,-3.327,-8.901,-5.366
0.40,1760,-0.460,8.280,-0.204
0.40,1762,-8.104,-2.032,-0.219
0.40,1763,-3.246,1.560,9.296
0.40,1764,8.093,5.663,4.441
0.40,1765,-0.050,8.244,-0.213
0.40,1766,-7.976,-2.385,-0.222
0.40,1767,-8.109,-2.014,-0.219
0.40,1768,8.882,0.424,4.608
0.40,1769,7.868,-9.710,4.098
0.40,1770,3.997,1.338,4.229
0.40,1771,-2.658,4.852,-4.957
0.40,1772,-8.908,0.039,-6.118
0.40,1773,-3.230,7.391,-0.178
0.40,1774,-2.624,-11.165,9.056
0.40,1775,1.535,8.478,-6.656
0.40,1777,9.754,1.681,-5.489
0.40,1778,-3.777,-0.203,-6.110
0.40,1779,-3.546,-6.246,4.521
0.40,1780,-7.810,-0.274,-0.186
0.40,1781,2.961,7.960,-0.191
0.40,1782,-6.175,7.365,-5.281
0.40,1783,-3.129,7.461,-0.177
0.40,1784,-4.061,-6.966,9.293
0.40,1785,-2.892,7.641,-0.179
0.40,1787,7.868,-9.710,4.098
0.40,1788,-5.239,7.488,9.698
0.40,1789,-2.263,-7.046,4.463
0.40,1790,2.146,-9.413,4.601
0.40,1793,3.115,1.476,9.231
0.40,1794,-2.183,-7.109,4.466
0.40,1795,3.025,7.907,-0.191
0.40,1797,-2.309,-4.113,4.360
0.40,1798,9.920,9.056,-10.390
0.40,1799,-3.013,7.549,-0.178
0.40,1800,-3.451,-6.303,4.514
0.40,1801,5.103,7.130,-6.355
0.40,1802,5.092,7.123,-6.358
0.40,1803,-4.061,-6.966,9.293
0.40,1804,-3.473,-6.289,4.515
0.40,1805,1.528,8.500,-6.650
0.40,1806,-3.247,1.556,9.296
0.40,1807,6.802,-1.352,-5.545
0.40,1808,3.215,1.015,9.297
0.40,1809,8.356,-0.867,-0.196
0.40,1810,-3.256,-7.083,-0.184
0.40,1811,3.989,-7.881,-5.933
0.40,1812,7.036,3.524,-0.169
0.40,1813,-0.912,-3.205,9.342
0.40,1814,9.752,1.681,-5.490
0.40,1815,-3.638,-6.822,-0.177
0.40,1816,1.569,8.383,-6.686
0.40,1817,5.092,7.123,-6.358
0.40,1818,8.327,5.735,4.367
0.40,1819,-8.905,0.075,-6.125
0.40,1820,-4.137,8.578,-5.035
0.40,1821,-8.910,0.008,-6.112
0.40,1822,5.013,-6.037,-0.230
0.40,1823,9.754,1.681,-5.489
0.40,1825,-6.172,7.373,-5.282
0.40,1826,-4.062,-6.966,9.293
0.40,1827,2.805,8.093,-0.191
0.40,1828,-8.917,-0.039,-6.103
0.40,1829,2.773,4.095,4.683
0.40,1830,6.083,-5.440,-0.223
0.40,1831,2.151,-9.409,4.601
0.40,1832,6.098,-5.430,-0.223
0.40,1833,2.796,4.067,4.681
0.40,1834,6.814,-1.335,-5.540
0.40,1835,-0.912,-3.205,9.342
0.40,1836,-2.695,5.027,-4.969
0.40,1837,3.201,2.046,-10.737
0.40,1840,-5.877,-5.669,-0.198
0.40,1842,-0.237,3.380,-10.926
0.40,1843,-7.225,3.743,-0.184
0.40,1844,3.201,2.046,-10.737
0.40,1845,-3.327,-8.900,-5.366
0.40,1846,1.445,-9.889,4.607
0.40,1847,8.880,0.407,4.607
0.40,1848,-2.291,-4.067,4.353
0.40,1850,5.096,7.126,-6.357
0.40,1851,-8.906,0.056,-6.121
0.40,1852,-4.020,-6.709,-0.177
0.40,1853,-2.837,5.352,-4.995
0.40,1854,7.037,3.521,-0.169
0.40,1855,3.188,4.297,-5.562
0.40,1856,-2.083,8.070,-0.181
0.40,1858,-8.906,0.068,-6.124
0.40,1859,-8.845,4.521,4.481
0.40,1860,-8.908,0.039,-6.118
0.40,1861,6.203,-5.360,-0.221
0.40,1862,5.782,-5.628,-0.229
0.40,1863,3.533,7.297,-0.200
0.40,1864,-0.912,-3.205,9.342
0.40,1865,-1.579,4.768,4.077
0.40,1866,2.947,2.366,-10.845
0.40,1867,-6.173,7.372,-5.282
0.40,1871,-2.295,-4.079,4.355
0.40,1872,2.889,8.021,-0.191
0.40,1873,-4.583,8.029,4.464
0.40,1874,-5.276,-6.975,-5.458
0.40,1875,4.083,1.193,4.251
0.40,1876,7.078,3.432,-0.169
0.40,1877,4.058,1.241,4.244
0.40,1878,7.046,3.501,-0.169
0.40,1879,5.061,-6.009,-0.230
0.40,1880,8.883,0.426,4.608
0.40,1881,2.723,-3.435,4.408
0.40,1882,-7.601,-0.027,-0.177
0.40,1883,-7.738,-0.183,-0.183
0.40,1884,-7.392,3.245,-0.189
0.40,1885,-3.591,-6.222,4.525
0.40,1886,-0.420,8.277,-0.204
0.40,1887,-3.840,-0.053,-5.994
0.40,1888,-3.805,-0.136,-6.057
0.40,1889,8.759,1.855,4.726
0.40,1890,6.287,-5.296,-0.220
0.40,1891,1.075,-9.533,-5.385
0.40,1892,-7.903,7.917,8.498
0.40,1893,-5.737,6.459,4.509
0.40,1895,4.270,-7.566,5.058
0.40,1896,-1.566,4.767,4.072
0.40,1897,8.167,5.665,4.422
0.40,1898,-2.598,4.586,-4.941
0.40,1899,-8.629,-8.365,3.732
0.40,1900,2.129,-9.430,4.600
0.40,1901,-0.912,-3.205,9.342
0.40,1905,-5.860,-5.690,-0.198
0.40,1906,-1.565,4.767,4.071
0.40,1907,-0.912,-3.205,9.342
0.40,1908,-6.920,-4.190,-0.205
0.40,1910,-5.859,6.517,4.518
0.40,1911,8.381,5.763,4.343
0.40,1912,3.187,4.297,-5.562
0.40,1913,8.806,1.790,4.724
0.40,1915,-1.567,4.767,4.072
0.40,1916,-2.265,-3.866,4.324
0.40,1917,-3.833,-0.069,-6.007
0.40,1918,-2.583,3.110,9.469
0.40,1919,-8.484,4.019,-5.238
0.40,1921,-0.912,-3.205,9.342
0.40,1923,-4.061,-6.966,9.293
0.40,1924,3.115,1.476,9.231
0.40,1926,0.666,8.209,-0.232
0.40,1927,2.721,-3.439,4.408
0.40,1928,2.103,-8.168,-0.198
0.40,1930,2.001,-3.787,-5.330
0.40,1931,-7.937,-2.471,-0.223
0.40,1932,-5.287,-6.954,-5.460
0.40,1933,-0.238,3.380,-10.925
0.40,1935,-7.473,2.687,-0.193
0.40,1936,2.907,8.005,-0.191
0.40,1937,-3.239,1.586,9.297
0.40,1938,-9.101,-0.671,-5.980
0.40,1939,-7.586,-0.006,-0.176
0.40,1940,8.808,0.602,9.589
0.40,1941,-4.186,1.061,4.465
0.40,1942,7.868,-9.710,4.098
0.40,1943,-4.061,-6.967,9.293
0.40,1944,4.290,-7.553,5.060
0.40,1946,-6.174,7.367,-5.281
0.40,1947,3.263,3.038,4.396
0.40,1948,-1.583,4.768,4.078
0.40,1949,-2.280,-4.031,4.348
0.40,1950,1.109,-9.524,-5.386
0.40,1951,-8.190,-1.314,-0.210
0.40,1953,4.354,-7.512,5.066
0.40,1954,8.343,-1.018,-0.196
0.40,1956,-0.881,-3.639,-10.494
0.40,1957,-4.509,8.169,4.459
0.40,1958,-3.550,-6.244,4.522
0.40,1959,-7.363,3.350,-0.188
0.40,1960,-3.534,-6.253,4.520
0.40,1961,8.355,-0.903,-0.196
0.40,1962,7.045,3.504,-0.169
0.40,1963,-5.276,-6.975,-5.458
0.40,1964,6.812,-1.337,-5.541
0.40,1965,-3.149,-7.135,-0.185
0.40,1966,-4.061,-6.966,9.293
0.40,1967,4.222,-7.600,5.052
0.40,1968,8.155,5.661,4.425
0.40,1970,-3.808,-0.131,-6.053
0.40,1971,8.165,5.664,4.422
0.40,1972,-2.362,-6.965,4.460
0.40,1973,-2.269,-3.979,4.341
0.40,1974,1.989,-3.787,-5.331
0.40,1975,-5.274,-6.977,-5.458
0.40,1976,-5.231,7.494,9.700
0.40,1977,1.993,-9.560,4.594
0.40,1979,-8.629,-8.365,3.732
0.40,1980,-5.275,-6.976,-5.458
0.40,1981,-2.382,-4.295,4.381
0.40,1983,-3.192,1.745,9.306
0.40,1984,2.972,7.951,-0.191
0.40,1985,2.894,-1.221,2.939
0.40,1986,-9.298,-5.690,5.011
0.40,1987,8.774,-8.605,3.304
0.40,1988,8.160,5.663,4.424
0.40,1989,-2.162,-7.535,-0.197
0.40,1990,-0.268,3.377,-10.919
0.40,1991,-7.041,-4.007,-0.208
0.40,1992,5.458,-5.797,-0.231
0.40,1993,8.109,5.660,4.437
0.40,1994,6.050,-5.461,-0.224
0.40,1995,3.188,4.295,-5.563
0.40,1996,-7.591,-0.012,-0.176
0.40,1997,-4.578,8.043,4.464
0.40,1998,-5.240,7.488,9.698
0.40,2000,-5.440,5.967,4.467
0.40,2001,-8.041,-2.214,-0.221
0.40,2002,3.989,-7.881,-5.933
0.40,2003,-3.398,-6.331,4.510
0.40,2004,3.681,7.128,-0.201
0.40,2005,-3.466,-6.293,4.515
0.40,2006,3.188,4.297,-5.562
0.40,2007,3.180,0.495,9.375
0.40,2008,5.954,-5.832,9.317
0.40,2009,2.069,-9.486,4.597
0.40,2010,7.181,3.210,-0.168
0.40,2011,-3.093,7.486,-0.177
0.40,2013,2.723,-3.435,4.408
0.40,2014,1.793,-8.230,-0.200
0.40,2015,-8.148,-0.985,-0.204
0.40,2016,9.753,1.681,-5.489
0.40,2018,-1.567,4.767,4.072
0.40,2019,-6.174,7.368,-5.281
0.40,2020,-5.275,-6.976,-5.458
0.40,2021,8.765,1.850,4.726
0.40,2022,-3.082,7.493,-0.177
0.40,2024,-7.551,0.040,-0.175
0.40,2026,1.261,-10.003,4.612
0.40,2027,6.049,-5.462,-0.224
0.40,2028,6.811,-1.339,-5.542
0.40,2029,7.303,2.914,-0.171
0.40,2030,5.092,7.123,-6.358
0.40,2031,-3.798,-0.154,-6.070
0.40,2032,-4.187,1.059,4.466
0.40,2033,-7.120,-3.889,-0.209
0.40,2034,3.201,2.046,-10.737
0.40,2035,-7.444,3.001,-0.191
0.40,2036,3.115,1.476,9.231
0.40,2037,-7.266,-3.665,-0.212
0.40,2038,-3.247,1.556,9.296
0.40,2041,6.313,-5.273,-0.219
0.40,2042,8.135,5.659,4.431
0.40,2043,-4.061,-6.966,9.293
0.40,2044,2.135,-9.424,4.600
0.40,2045,2.723,-3.435,4.408
0.40,2046,3.737,1.763,4.167
0.40,2047,-3.483,-6.283,4.516
0.40,2048,-2.807,2.671,9.411
0.40,2049,3.984,-7.767,5.022
0.40,2050,1.876,-3.792,-5.348
0.40,2053,3.188,4.297,-5.562
0.40,2054,5.092,7.123,-6.358
0.40,2055,8.182,5.670,4.417
0.40,2056,1.463,8.722,-6.595
0.40,2057,5.092,7.123,-6.358
0.40,2059,8.808,0.602,9.589
0.40,2060,8.356,-0.860,-0.196
0.40,2061,-4.186,1.063,4.465
0.40,2062,-1.768,4.761,4.137
0.40,2063,-4.186,1.061,4.465
0.40,2064,7.868,-9.709,4.098
0.40,2065,2.815,4.044,4.678
0.40,2066,-8.845,0.663,-6.436
0.40,2067,-3.168,-5.479,4.481
0.40,2069,9.739,1.681,-5.490
0.40,2070,-3.848,-0.035,-5.980
0.40,2071,5.917,-5.548,-0.226
0.40,2073,-6.032,-5.474,-0.201
0.40,2074,-2.722,5.098,-4.975
0.40,2075,-8.356,-0.250,9.356
0.40,2076,9.753,1.681,-5.489
0.40,2077,-2.490,-4.376,4.390
0.40,2078,-1.565,4.767,4.072
0.40,2079,5.093,7.124,-6.358
0.40,2080,-8.833,4.503,4.484
0.40,2081,-4.615,7.935,4.466
0.40,2082,-8.629,-8.365,3.732
0.40,2083,-5.237,7.490,9.699
0.40,2084,-8.925,-0.083,-6.095
0.40,2085,2.723,-3.435,4.407
0.40,2086,-5.282,-6.936,-5.460
0.40,2087,3.115,1.476,9.231
0.40,2088,6.824,-1.256,-5.523
0.40,2089,8.953,1.462,4.708
0.40,2090,-3.539,-6.250,4.521
0.40,2091,-7.417,3.156,-0.190
0.40,2092,1.999,-3.787,-5.330
0.40,2093,-3.718,-6.831,-0.177
0.40,2095,9.747,1.681,-5.490
0.40,2096,-5.915,5.795,4.474
0.40,2097,3.115,1.476,9.231
0.40,2098,-3.677,-6.825,-0.177
0.40,2099,-3.423,-6.317,4.511
0.40,2102,-8.113,-0.859,-0.202
0.40,2103,-7.820,-0.288,-0.187
0.40,2104,-3.334,-8.893,-5.367
0.40,2105,-3.813,-0.118,-6.043
0.40,2106,-2.765,5.190,-4.981
0.40,2107,3.188,4.297,-5.562
0.40,2108,8.356,-0.867,-0.196
0.40,2109,-3.840,-0.053,-5.995
0.40,2111,6.827,-1.280,-5.528
0.40,2112,-1.562,4.767,4.071
0.40,2113,-3.384,7.262,-0.179
0.40,2114,-7.250,3.698,-0.184
0.40,2115,-5.261,-6.987,-5.456
0.40,2116,-7.925,-0.439,-0.191
0.40,2117,-2.492,-4.401,4.392
0.40,2118,-1.121,-3.494,-10.470
0.40,2119,-3.492,-6.271,4.517
0.40,2120,8.808,0.602,9.589
0.40,2121,-4.062,-6.966,9.293
0.40,2122,-4.017,-6.711,-0.177
0.40,2123,8.808,0.603,9.589
0.40,2124,-8.535,2.608,4.583
0.40,2126,6.308,-5.277,-0.220
0.40,2127,-1.576,4.768,4.075
0.40,2128,-3.245,1.564,9.296
0.40,2130,-6.174,7.372,-5.282
0.40,2131,11.186,-9.329,-9.124
0.40,2132,9.920,9.056,-10.390
0.40,2133,3.631,-8.027,4.965
0.40,2134,8.834,1.735,4.721
0.40,2135,0.299,0.500,-0.477
0.40,2136,-1.188,-3.453,-10.465
0.40,2137,6.435,-5.145,-0.218
0.40,2138,-8.921,-0.062,-6.099
0.40,2139,-1.570,4.767,4.073
0.40,2140,2.946,-10.235,8.639
0.40,2142,-4.083,8.686,-5.030
0.40,2143,-8.182,-1.163,-0.207
0.40,2144,6.352,-5.233,-0.219
0.40,2146,2.001,-3.787,-5.330
0.40,2147,8.774,-8.605,3.304
0.40,2148,2.993,7.934,-0.191
0.40,2149,1.569,8.384,-6.685
0.40,2150,-3.196,-6.430,4.494
0.40,2151,-4.124,8.603,-5.034
0.40,2152,7.171,3.233,-0.168
0.40,2153,-9.590,-0.962,5.041
0.40,2154,-2.412,-6.922,4.458
0.40,2155,7.868,-9.710,4.098
0.40,2156,3.115,1.476,9.231
0.40,2157,-1.581,4.768,4.077
0.40,2158,-2.894,7.640,-0.179
0.40,2159,2.813,4.046,4.678
0.40,2160,-4.586,8.018,4.465
0.40,2161,-5.762,6.291,4.496
0.40,2162,3.989,-7.881,-5.933
0.40,2163,-2.319,-7.001,4.461
0.40,2164,-4.239,0.869,4.505
0.40,2167,3.188,4.297,-5.562
0.40,2168,-7.586,-0.008,-0.176
0.40,2169,-8.824,4.486,4.486
0.40,2170,-1.571,4.767,4.074
0.40,2171,-8.939,-0.153,-6.082
0.40,2172,-5.731,6.692,4.530
0.40,2173,2.723,-3.435,4.408
0.40,2174,2.722,-3.437,4.408
0.40,2175,-5.273,-6.978,-5.458
0.40,2176,2.723,-3.435,4.408
0.40,2177,-8.844,4.520,4.482
0.40,2178,8.806,0.597,9.588
0.40,2179,3.188,4.297,-5.562
0.40,2180,3.201,2.046,-10.737
0.40,2182,-4.973,-6.332,-0.182
0.40,2183,8.224,-0.272,-0.195
0.40,2184,5.092,7.123,-6.358
0.40,2185,9.750,1.681,-5.490
0.40,2186,1.517,8.535,-6.640
0.40,2187,-3.491,-6.276,4.517
0.40,2188,8.173,5.667,4.420
0.40,2190,6.434,-5.147,-0.218
0.40,2191,-8.187,-1.218,-0.209
0.40,2193,1.998,-3.787,-5.330
0.40,2194,-0.912,-3.205,9.342
0.40,2195,2.001,-3.787,-5.329
0.40,2196,1.991,-3.787,-5.331
0.40,2197,5.115,7.137,-6.351
0.40,2198,-3.920,-6.746,-0.177
0.40,2200,-2.674,7.795,-0.179
0.40,2201,-0.568,8.287,-0.201
0.40,2203,-3.284,-6.550,-0.180
0.40,2204,6.827,-1.300,-5.532
0.40,2205,3.115,1.476,9.231
0.40,2206,-2.359,-4.205,4.370
0.40,2207,2.001,-3.787,-5.329
0.40,2208,3.188,4.297,-5.562
0.40,2209,9.753,1.681,-5.489
0.40,2210,2.102,-9.455,4.599
0.40,2211,-8.044,-0.668,-0.198
0.40,2212,-7.396,3.232,-0.189
0.40,2213,-6.173,7.372,-5.282
0.40,2216,-2.089,-7.178,4.468
0.40,2218,8.224,5.687,4.404
0.40,2219,-3.654,-6.834,-0.177
0.40,2220,5.092,7.123,-6.358
0.40,2221,-2.182,4.643,4.255
0.40,2222,-8.493,3.857,-5.256
0.40,2223,8.877,0.401,4.606
0.40,2224,2.856,8.040,-0.191
0.40,2225,3.201,2.046,-10.737
0.40,2227,-4.061,-6.966,9.293
0.40,2228,-8.110,-0.848,-0.202
0.40,2229,-7.681,-0.115,-0.180
0.40,2232,-5.270,-6.980,-5.457
0.40,2233,-8.951,-0.211,-6.070
0.40,2234,-5.857,5.959,4.480
0.40,2235,3.643,-7.077,-0.199
0.40,2236,-2.428,-5.456,-0.231
0.40,2237,-3.823,-6.783,-0.177
0.40,2238,7.053,3.486,-0.169
0.40,2240,2.002,-3.787,-5.329
0.40,2241,-2.206,4.719,4.271
0.40,2242,-8.845,4.521,4.481
0.40,2243,-8.836,4.509,4.483
0.40,2244,8.884,0.434,4.608
0.40,2245,7.166,0.201,4.682
0.40,2246,3.188,4.297,-5.562
0.40,2248,-4.190,1.049,4.468
0.40,2249,7.100,3.385,-0.168
0.40,2250,1.957,-8.208,-0.199
0.40,2251,-2.014,-7.232,4.471
0.40,2252,-6.173,7.373,-5.282
0.40,2253,1.525,-3.830,-5.372
0.40,2254,-7.607,-0.032,-0.177
0.40,2255,5.344,-5.856,-0.231
0.40,2257,3.569,-7.146,-0.199
0.40,2258,-5.268,-6.981,-5.457
0.40,2259,-3.141,-10.563,4.499
0.40,2260,-3.311,-8.909,-5.364
0.40,2261,-1.567,4.767,4.072
0.40,2262,3.643,7.171,-0.201
0.40,2263,-4.150,8.555,-5.036
0.40,2264,8.704,1.910,4.722
0.40,2265,-0.912,-3.205,9.342
0.40,2266,0.545,9.073,9.561
0.40,2267,3.201,2.046,-10.736
0.40,2268,2.805,4.056,4.679
0.40,2269,8.150,5.660,4.427
0.40,2270,4.079,1.200,4.250
0.40,2273,6.326,-5.259,-0.219
0.40,2274,5.092,7.123,-6.358
0.40,2275,2.002,-3.787,-5.329
0.40,2277,5.117,7.138,-6.350
0.40,2278,-4.195,1.030,4.472
0.40,2279,6.809,-1.342,-5.542
0.40,2281,9.920,9.056,-10.390
0.40,2282,3.115,1.477,9.231
0.40,2283,3.147,7.777,-0.192
0.40,2284,5.927,-5.542,-0.226
0.40,2285,3.989,-7.881,-5.933
0.40,2286,-3.793,-6.792,-0.176
0.40,2287,8.355,-0.909,-0.196
0.40,2288,-5.918,5.792,4.474
0.40,2289,6.549,4.396,-0.184
0.40,2290,3.187,4.298,-5.562
0.40,2292,6.414,-1.872,-5.896
0.40,2293,3.609,7.221,-0.200
0.40,2294,2.037,-3.786,-5.324
0.40,2295,1.343,-9.425,-5.389
0.40,2296,-2.586,-4.514,4.401
0.40,2298,-3.813,-0.118,-6.043
0.40,2299,-8.905,0.078,-6.125
0.40,2300,4.070,1.217,4.248
0.40,2301,-3.293,-8.911,-5.364
0.40,2302,-2.731,5.161,-4.980
0.40,2304,2.827,4.026,4.676
0.40,2305,3.989,-7.881,-5.933
0.40,2306,6.825,-1.309,-5.534
0.40,2309,-5.919,5.791,4.474
0.40,2310,-8.629,-8.365,3.732
0.40,2311,-0.912,-3.205,9.342
0.40,2312,-3.333,-8.895,-5.366
0.40,2313,-2.514,-4.423,4.393
0.40,2314,3.874,1.532,4.200
0.40,2315,8.356,-0.882,-0.196
0.40,2316,-6.175,7.367,-5.281
0.40,2317,-6.173,7.372,-5.282
0.40,2318,6.718,-1.478,-5.584
0.40,2320,-5.275,-6.976,-5.458
0.40,2321,4.289,-7.553,5.060
0.40,2322,3.201,2.046,-10.737
0.40,2323,-8.629,-8.365,3.732
0.40,2325,3.188,4.297,-5.562
0.40,2326,8.010,5.683,4.461
0.40,2327,-2.315,-4.125,4.361
0.40,2328,2.920,7.994,-0.191
0.40,2329,-5.909,5.799,4.474
0.40,2330,-9.608,-3.279,-6.080
0.40,2331,-2.396,-3.634,4.273
0.40,2332,-4.061,-6.966,9.293
0.40,2333,-3.843,-0.046,-5.989
0.40,2335,-8.160,-1.036,-0.205
0.40,2336,6.631,4.263,-0.181
0.40,2337,-5.274,-6.976,-5.458
0.40,2339,1.078,-9.533,-5.385
0.40,2340,5.092,7.123,-6.358
0.40,2341,-3.328,-6.366,4.504
0.40,2342,3.989,-7.881,-5.933
0.40,2343,-4.567,-6.507,-0.179
0.40,2344,-6.000,5.731,4.472
0.40,2345,-2.718,5.088,-4.974
0.40,2346,-2.706,5.061,-4.972
0.40,2347,-7.623,-0.049,-0.178
0.40,2348,-6.840,-4.316,-0.204
0.40,2349,-3.877,0.014,-5.936
0.40,2350,3.115,1.476,9.231
0.40,2351,-3.249,1.551,9.295
0.40,2352,2.827,8.077,-0.191
0.40,2353,-5.275,-6.976,-5.458
0.40,2355,-6.822,-4.347,-0.204
0.40,2356,3.188,4.297,-5.562
0.40,2358,-1.604,4.768,4.085
0.40,2359,5.610,-5.720,-0.231
0.40,2360,-3.859,-5.471,-5.030
0.40,2361,-3.420,-6.319,4.511
0.40,2362,-8.099,-0.814,-0.201
0.40,2363,-1.565,4.767,4.072
0.40,2364,0.027,7.182,-6.080
0.40,2365,3.336,7.547,-0.197
0.40,2366,6.382,-5.203,-0.219
0.40,2367,-1.567,4.767,4.072
0.40,2368,4.422,-7.469,5.059
0.40,2369,2.985,-1.357,3.167
0.40,2371,-2.232,-7.071,4.464
0.40,2372,-7.924,-2.495,-0.223
0.40,2374,8.871,0.361,4.604
0.40,2375,-3.539,-6.248,4.521
0.40,2376,8.882,0.420,4.607
0.40,2377,1.963,-3.788,-5.335
0.40,2378,-8.829,4.496,4.485
0.40,2379,4.189,6.590,-0.208
0.40,2380,-8.177,-1.746,-0.216
0.40,2381,-0.912,-3.205,9.342
0.40,2382,2.978,7.946,-0.191
0.40,2383,-8.832,4.502,4.484
0.40,2384,9.544,1.717,-5.497
0.40,2385,-8.629,-8.365,3.732
0.40,2386,-2.107,-7.165,4.468
0.40,2387,8.135,5.659,4.431
0.40,2388,-10.133,-8.148,-5.632
0.40,2389,-1.567,4.767,4.072
0.40,2390,-5.239,7.489,9.699
0.40,2391,-7.382,3.282,-0.189
0.40,2392,-1.573,4.768,4.074
0.40,2393,6.994,3.616,-0.168
0.40,2394,2.811,4.049,4.679
0.40,2396,5.216,-5.924,-0.231
0.40,2397,-2.382,-5.346,-0.236
0.40,2398,2.941,7.976,-0.191
0.40,2399,-4.157,-5.757,-5.091
0.40,2400,-6.173,7.372,-5.282
0.40,2402,1.951,-3.788,-5.337
0.40,2403,-3.421,7.228,-0.179
0.40,2404,-5.269,-6.981,-5.457
0.40,2405,2.881,8.028,-0.191
0.40,2406,8.388,5.767,4.339
0.40,2408,2.984,-1.356,3.165
0.40,2409,-4.816,-6.402,-5.312
0.40,2410,3.070,7.866,-0.191
0.40,2411,3.084,7.852,-0.191
0.40,2412,-5.240,7.488,9.698
0.40,2414,-8.629,-8.365,3.732
0.40,2416,-5.276,-6.975,-5.458
0.40,2417,3.989,-7.881,-5.933
0.40,2418,-3.890,-6.757,-0.177
0.40,2419,-3.308,7.326,-0.179
0.40,2420,-5.240,7.488,9.698
0.40,2422,4.006,-6.752,-0.205
0.40,2423,-2.932,2.386,9.378
0.40,2425,5.092,7.123,-6.358
0.40,2426,-5.275,-6.976,-5.458
0.40,2427,2.926,7.989,-0.191
0.40,2428,2.035,-8.189,-0.198
0.40,2429,7.096,3.394,-0.168
0.40,2430,-3.407,-6.327,4.510
0.40,2431,6.446,-1.836,-5.867
0.40,2432,-4.177,6.601,-0.182
0.40,2433,8.810,1.784,4.723
0.40,2434,4.106,6.664,-0.207
0.40,2435,-1.321,-4.112,-0.260
0.40,2436,1.993,-3.787,-5.331
0.40,2437,8.353,-0.928,-0.196
0.40,2438,-4.193,1.037,4.470
0.40,2439,8.168,5.665,4.421
0.40,2440,8.146,5.660,4.428
0.40,2441,7.868,-9.709,4.098
0.40,2442,-4.144,8.566,-5.036
0.40,2445,3.201,2.046,-10.737
0.40,2446,1.587,8.337,-6.701
0.40,2447,3.188,4.297,-5.562
0.40,2449,-0.315,3.373,-10.910
0.40,2451,-7.637,-0.065,-0.178
0.40,2452,-1.480,-4.084,-4.960
0.40,2453,3.156,7.766,-0.193
0.40,2454,3.201,2.046,-10.737
0.40,2455,2.078,-9.477,4.598
0.40,2456,-2.680,2.924,9.444
0.40,2458,-6.173,7.372,-5.282
0.40,2459,-7.662,-0.093,-0.180
0.40,2460,5.092,7.123,-6.358
0.40,2462,2.984,-1.355,3.164
0.40,2463,2.437,-8.031,-0.196
0.40,2464,-1.566,4.767,4.072
0.40,2465,-8.754,4.179,4.507
0.40,2467,5.093,7.124,-6.358
0.40,2468,3.989,-7.881,-5.933
0.40,2469,3.844,1.580,4.193
0.40,2470,7.018,3.564,-0.169
0.40,2471,-8.621,-8.358,3.738
0.40,2472,-3.525,-6.258,4.520
0.40,2473,3.201,2.046,-10.737
0.40,2474,-2.783,7.722,-0.179
0.40,2475,6.363,-5.222,-0.219
0.40,2476,8.875,0.401,4.606
0.40,2477,4.977,-6.058,-0.229
0.40,2479,8.355,-0.897,-0.196
0.40,2480,-8.168,-1.801,-0.216
0.40,2481,0.545,9.073,9.561
0.40,2483,8.093,5.662,4.441
0.40,2484,-8.812,4.452,4.489
0.40,2485,2.139,-9.420,4.600
0.40,2486,3.188,4.297,-5.562
0.40,2487,-6.170,7.375,-5.282
0.40,2488,2.723,-3.435,4.408
0.40,2489,-7.599,-0.023,-0.177
0.40,2490,4.346,-7.517,5.066
0.40,2491,-2.157,-7.129,4.466
0.40,2492,-0.261,3.378,-10.921
0.40,2493,-6.173,7.367,-5.281
0.40,2494,-4.061,-6.966,9.293
0.40,2495,-2.975,7.576,-0.178
0.40,2496,3.989,-7.881,-5.933
0.40,2497,-1.751,4.764,4.132
0.40,2498,-8.629,-8.365,3.732
0.40,2499,-8.162,-1.048,-0.205
0.40,2500,-8.848,4.524,4.481
0.40,2502,3.100,7.835,-0.191
0.40,2503,2.987,-1.360,3.169
0.40,2504,-8.845,4.520,4.481
0.40,2505,5.869,-0.336,-5.311
0.40,2506,-0.911,-3.206,9.342
0.40,2507,-8.657,3.482,4.537
0.40,2508,-5.820,5.847,4.475
0.40,2509,8.353,-0.931,-0.196
0.40,2510,8.109,5.660,4.437
0.40,2511,1.095,-9.528,-5.386
0.40,2512,2.723,-3.435,4.408
0.40,2513,-3.829,-0.078,-6.013
0.40,2514,-6.175,7.371,-5.282
0.40,2515,8.356,-0.877,-0.196
0.40,2516,3.115,1.476,9.231
0.40,2517,8.329,5.736,4.366
0.40,2518,-8.896,0.224,-6.157
0.40,2519,-0.140,8.252,-0.211
0.40,2520,-3.246,1.561,9.296
0.40,2521,-2.366,-4.284,4.379
0.40,2522,3.188,4.297,-5.563
0.40,2523,-7.389,3.256,-0.189
0.40,2524,-3.362,7.292,-0.179
0.40,2525,2.723,-3.435,4.408
0.40,2526,-3.333,-8.895,-5.366
0.40,2528,5.092,7.123,-6.358
0.40,2529,-9.514,-1.323,-5.891
0.40,2530,-3.175,7.429,-0.178
0.40,2531,-4.160,7.163,-0.192
0.40,2532,2.057,-9.498,4.597
0.40,2533,6.968,3.675,-0.168
0.40,2534,-3.778,0.220,-11.008
0.40,2535,1.995,-3.787,-5.330
0.40,2536,2.988,7.938,-0.191
0.40,2538,-1.577,4.768,4.076
0.40,2539,8.807,0.601,9.589
0.40,2540,1.552,8.430,-6.671
0.40,2541,-8.515,1.996,4.695
0.40,2542,2.936,7.980,-0.191
0.40,2543,9.724,1.682,-5.490
0.40,2544,-6.173,7.372,-5.282
0.40,2545,-5.913,5.795,4.474
0.40,2546,2.001,-3.787,-5.329
0.40,2548,-0.912,-3.205,9.342
0.40,2549,-7.431,3.101,-0.190
0.40,2550,-5.914,5.795,4.474
0.40,2551,-7.654,-0.084,-0.179
0.40,2552,6.819,-1.328,-5.538
0.40,2553,2.971,7.951,-0.191
0.40,2554,7.074,3.441,-0.169
0.40,2555,-7.173,-3.809,-0.210
0.40,2557,-4.563,8.086,4.463
0.40,2558,8.808,0.602,9.589
0.40,2559,-2.315,-4.242,4.375
0.40,2560,2.835,4.015,4.674
0.40,2561,-3.330,-8.898,-5.366
0.40,2562,-5.240,7.488,9.698
0.40,2563,3.149,1.408,9.240
0.40,2564,-2.624,-11.165,9.056
0.40,2565,5.224,-5.919,-0.231
0.40,2566,-8.190,-1.324,-0.210
0.40,2567,-1.567,4.767,4.072
0.40,2568,4.271,-7.566,5.058
0.40,2569,8.882,0.433,4.608
0.40,2571,-0.221,3.381,-10.929
0.40,2572,2.809,4.051,4.679
0.40,2573,1.529,8.497,-6.651
0.40,2574,-5.239,7.489,9.699
0.40,2575,6.607,4.302,-0.182
0.40,2576,3.021,7.910,-0.191
0.40,2577,-3.588,2.436,4.139
0.40,2580,-5.240,7.488,9.698
0.40,2582,-8.493,3.845,-5.258
0.40,2583,-3.472,-8.748,-5.384
0.40,2584,-3.331,-8.897,-5.366
0.40,2586,2.131,-9.428,4.600
0.40,2587,-4.132,8.586,-5.035
0.40,2588,-7.580,-0.001,-0.176
0.40,2589,2.985,-1.357,3.166
0.40,2590,-5.280,-6.971,-5.459
0.40,2591,2.087,-9.469,4.598
0.40,2592,3.098,-7.580,-0.195
0.40,2593,8.874,0.375,4.605
0.40,2594,-7.609,-0.035,-0.177
0.40,2596,8.356,-0.866,-0.196
0.40,2597,-7.233,3.729,-0.184
0.40,2599,2.894,8.017,-0.191
0.40,2600,5.045,-6.018,-0.230
0.40,2601,-3.197,-6.471,-0.181
0.40,2602,-3.292,-6.588,-0.180
0.40,2604,-7.386,3.266,-0.189
0.40,2605,4.196,-7.618,5.049
0.40,2606,-3.333,-8.895,-5.366
0.40,2607,6.371,-5.216,-0.219
0.40,2608,-0.912,-3.205,9.342
0.40,2609,2.199,-8.133,-0.197
0.40,2610,-8.629,-8.365,3.732
0.40,2611,-8.912,-0.004,-6.109
0.40,2612,1.992,-3.787,-5.331
0.40,2613,-7.941,-2.463,-0.223
0.40,2615,-5.276,-6.975,-5.458
0.40,2616,5.234,-5.914,-0.231
0.40,2617,2.967,7.955,-0.191
0.40,2618,-3.516,-6.263,4.519
0.40,2619,-2.104,-7.168,4.468
0.40,2620,-7.594,-0.018,-0.176
0.40,2621,-7.850,-0.329,-0.188
0.40,2622,-0.912,-3.205,9.342
0.40,2623,-7.624,-0.051,-0.178
0.40,2624,3.590,7.238,-0.200
0.40,2625,-0.911,-3.206,9.342
0.40,2626,-3.494,-6.276,4.517
0.40,2627,8.808,0.603,9.589
0.40,2628,6.812,-1.338,-5.541
0.40,2629,-3.742,-6.818,-0.176
0.40,2630,8.858,0.334,4.603
0.40,2631,8.808,0.602,9.589
0.40,2632,7.170,3.235,-0.168
0.40,2634,8.806,0.597,9.589
0.40,2636,-3.333,-8.895,-5.366
0.40,2638,3.989,-7.881,-5.933
0.40,2639,3.115,1.476,9.231
0.40,2640,-3.768,-0.223,-6.126
0.40,2641,3.188,4.297,-5.562
0.40,2642,5.092,7.123,-6.358
0.40,2644,3.188,4.297,-5.562
0.40,2645,4.080,1.198,4.251
0.40,2646,2.723,-3.435,4.408
0.40,2647,-1.566,4.767,4.072
0.40,2648,-3.829,-0.079,-6.014
0.40,2649,-8.101,-0.820,-0.201
0.40,2651,2.822,4.033,4.677
0.40,2652,1.567,8.390,-6.683
0.40,2653,3.188,4.297,-5.562
0.40,2654,-7.582,-0.001,-0.176
0.40,2655,-3.479,-6.285,4.516
0.40,2656,8.200,5.677,4.412
0.40,2657,0.183,-0.988,-0.464
0.40,2658,-10.133,-8.148,-5.632
0.40,2659,-4.559,8.099,4.463
0.40,2660,3.115,1.476,9.231
0.40,2661,-7.867,-0.353,-0.189
0.40,2662,-0.560,-3.824,-10.533
0.40,2664,-0.593,-3.810,-10.530
0.40,2665,-0.041,8.244,-0.213
0.40,2666,-6.175,7.362,-5.281
0.40,2667,-0.202,3.383,-10.932
0.40,2668,8.356,-0.874,-0.196
0.40,2669,-2.277,-4.019,4.347
0.40,2670,-3.710,-6.835,-0.177
0.40,2672,-7.327,3.476,-0.187
0.40,2673,-5.861,6.269,4.496
0.40,2675,-3.832,-0.072,-6.008
0.40,2676,9.749,1.681,-5.490
0.40,2677,-2.740,5.139,-4.978
0.40,2678,-9.716,-1.583,-5.892
0.40,2679,-5.217,-7.025,-5.450
0.40,2680,3.909,-7.935,-5.923
0.40,2681,9.920,9.056,-10.390
0.40,2682,2.723,-3.435,4.408
0.40,2683,-7.762,-0.213,-0.184
0.40,2684,-2.721,5.100,-4.975
0.40,2685,-1.567,4.767,4.072
0.40,2686,8.356,-0.865,-0.196
0.40,2687,-3.355,-6.353,4.506
0.40,2688,-5.913,5.796,4.474
0.40,2690,-8.907,0.046,-6.119
0.40,2691,-1.174,-3.461,-10.466
0.40,2692,-4.548,-6.127,-5.211
0.40,2693,-6.175,7.362,-5.281
0.40,2694,9.693,1.684,-5.491
0.40,2695,-8.057,-0.700,-0.198
0.40,2696,-6.173,7.372,-5.282
0.40,2697,1.997,-3.787,-5.330
0.40,2698,-0.700,-3.748,-10.518
0.40,2699,-2.715,5.081,-4.973
0.40,2700,-3.515,-6.950,-0.180
0.40,2702,4.294,6.500,-0.209
0.40,2703,-0.223,8.260,-0.209
0.40,2704,-2.652,2.975,9.452
0.40,2705,-1.685,5.719,4.373
0.40,2706,-1.662,-4.508,-0.261
0.40,2707,-10.133,-8.149,-5.632
0.40,2708,-4.192,1.040,4.470
0.40,2709,-7.887,7.904,8.514
0.40,2710,-2.189,-7.104,4.465
0.40,2711,4.538,-6.330,-0.219
0.40,2712,-3.337,7.310,-0.179
0.40,2713,4.938,-7.159,4.995
0.40,2714,-4.113,8.623,-5.033
0.40,2715,3.115,1.476,9.231
0.40,2716,1.559,8.409,-6.677
0.40,2717,-2.116,-7.159,4.468
0.40,2718,-4.189,1.051,4.467
0.40,2719,-6.175,7.362,-5.281
0.40,2720,3.173,7.745,-0.193
0.40,2721,8.433,5.791,4.318
0.40,2722,-7.601,-0.025,-0.177
0.40,2723,-8.629,-8.365,3.732
0.40,2724,6.916,-1.196,-5.502
0.40,2727,6.825,-1.321,-5.536
0.40,2728,3.201,2.046,-10.737
0.40,2730,6.309,-5.275,-0.220
0.40,2731,-4.641,7.858,4.468
0.40,2732,-6.173,7.373,-5.282
0.40,2733,-0.543,8.286,-0.202
0.40,2734,-8.629,-8.365,3.732
0.40,2735,0.029,8.238,-0.215
0.40,2736,-8.849,4.525,4.481
0.40,2737,-3.846,-0.040,-5.984
0.40,2738,2.901,8.011,-0.191
0.40,2740,-8.821,4.479,4.487
0.40,2741,-7.650,-0.079,-0.179
0.40,2742,2.964,-10.038,8.737
0.40,2744,8.853,0.321,4.602
0.40,2746,-6.092,6.894,4.564
0.40,2747,2.817,4.041,4.678
0.40,2748,7.868,-9.710,4.098
0.40,2749,-3.572,-6.234,4.523
0.40,2750,1.067,-9.535,-5.385
0.40,2751,-1.567,4.767,4.072
0.40,2752,-2.874,7.656,-0.179
0.40,2753,-2.593,-6.787,4.460
0.40,2755,3.188,4.297,-5.562
0.40,2756,-5.291,7.441,9.686
0.40,2757,-8.167,-1.811,-0.217
0.40,2759,-1.577,4.768,4.076
0.40,2760,-5.279,-6.973,-5.459
0.40,2761,-4.924,-6.519,-5.356
0.40,2762,7.012,3.577,-0.169
0.40,2763,-3.247,1.559,9.296
0.40,2764,8.134,5.659,4.431
0.40,2765,8.491,5.823,4.290
0.40,2766,-3.411,-6.325,4.511
0.40,2767,-3.436,-6.307,4.512
0.40,2768,8.885,0.438,4.608
0.40,2769,-6.023,6.857,4.558
0.40,2770,-8.154,-1.865,-0.217
0.40,2771,1.574,8.371,-6.690
0.40,2772,-1.565,4.767,4.072
0.40,2773,-6.173,7.372,-5.282
0.40,2774,-8.110,-2.013,-0.219
0.40,2775,-4.182,1.077,4.462
0.40,2776,-8.907,0.048,-6.120
0.40,2777,3.201,2.046,-10.737
0.40,2778,8.356,-0.880,-0.196
0.40,2779,8.158,5.662,4.425
0.40,2780,-6.164,7.379,-5.282
0.40,2781,-1.567,4.767,4.072
0.40,2782,-5.593,-9.743,-0.241
0.40,2783,-1.568,4.767,4.073
0.40,2785,1.998,-3.787,-5.330
0.40,2786,3.989,-7.881,-5.933
0.40,2787,-6.173,7.373,-5.282
0.40,2788,-4.503,8.176,4.459
0.40,2789,3.201,2.046,-10.736
0.40,2790,2.813,4.046,4.678
0.40,2791,3.926,1.450,4.212
0.40,2792,0.546,9.073,9.561
0.40,2793,6.558,-1.705,-5.753
0.40,2794,0.987,-3.902,-5.357
0.40,2795,-6.174,7.372,-5.282
0.40,2796,-3.248,1.554,9.295
0.40,2797,3.113,7.820,-0.191
0.40,2798,-3.333,-8.895,-5.366
0.40,2800,4.036,1.278,4.238
0.40,2801,-5.279,-6.973,-5.459
0.40,2802,3.188,4.297,-5.562
0.40,2803,-8.135,-1.930,-0.218
0.40,2804,-8.907,0.048,-6.120
0.40,2805,6.339,-5.247,-0.219
0.40,2806,-4.061,-6.966,9.293
0.40,2807,-2.316,-4.128,4.362
0.40,2809,3.125,-7.558,-0.194
0.40,2810,-3.617,-6.207,4.527
0.40,2812,-8.629,-8.365,3.732
0.40,2813,-0.229,8.260,-0.209
0.40,2814,-4.167,8.528,-5.038
0.40,2816,8.885,0.441,4.608
0.40,2818,-8.192,-1.491,-0.212
0.40,2819,-7.601,-0.025,-0.177
0.40,2821,1.594,8.320,-6.707
0.40,2822,5.765,-5.638,-0.229
0.40,2823,2.948,7.971,-0.191
0.40,2824,-5.119,-6.722,-5.422
0.40,2825,8.147,5.660,4.428
0.40,2827,4.815,-6.160,-0.225
0.40,2828,4.308,-7.541,5.062
0.40,2829,2.984,-1.354,3.164
0.40,2830,-8.629,-8.365,3.732
0.40,2831,5.179,-5.944,-0.231
0.40,2833,8.774,-8.605,3.304
0.40,2834,1.987,-3.787,-5.332
0.40,2835,-3.512,-6.266,4.519
0.40,2838,-7.486,2.550,-0.193
0.40,2839,-8.189,-1.272,-0.209
0.40,2840,1.527,8.502,-6.650
0.40,2841,-5.380,-6.901,-5.475
0.40,2842,-5.284,6.006,4.459
0.40,2843,3.143,7.782,-0.192
0.40,2844,-3.275,7.352,-0.178
0.40,2845,-6.173,7.373,-5.282
0.40,2846,-6.173,7.372,-5.282
0.40,2847,5.906,5.211,-0.208
0.40,2848,-4.189,1.052,4.467
0.40,2849,3.201,2.046,-10.737
0.40,2851,-2.113,-7.161,4.468
0.40,2852,3.115,1.476,9.231
0.40,2853,-6.174,7.372,-5.282
0.40,2854,-4.556,8.097,4.463
0.40,2855,1.586,8.340,-6.700
0.40,2856,-5.274,-6.977,-5.458
0.40,2857,6.299,-5.285,-0.220
0.40,2858,2.810,4.050,4.679
0.40,2859,-6.353,-5.064,-0.204
0.40,2860,-3.135,7.461,-0.177
0.40,2861,-2.043,-7.212,4.470
0.40,2862,-1.567,4.767,4.072
0.40,2863,8.181,5.670,4.418
0.40,2864,-2.836,2.608,9.404
0.40,2865,3.188,4.297,-5.562
0.40,2866,1.974,-3.788,-5.334
0.40,2867,3.187,4.298,-5.562
0.40,2868,8.777,1.835,4.726
0.40,2869,-2.228,-7.074,4.464
0.40,2870,1.992,-3.787,-5.331
0.40,2871,-8.629,-8.365,3.732
0.40,2872,8.807,0.601,9.589
0.40,2873,2.723,-3.435,4.408
0.40,2874,-8.847,4.523,4.481
0.40,2875,8.870,0.363,4.604
0.40,2876,2.841,-8.713,4.700
0.40,2877,-8.793,4.502,4.490
0.40,2878,-0.577,-3.817,-10.531
0.40,2880,-1.572,4.768,4.074
0.40,2881,6.422,-1.863,-5.890
0.40,2882,-5.274,-6.977,-5.458
0.40,2883,0.543,9.075,9.561
0.40,2885,3.115,1.476,9.231
0.40,2886,-5.276,-6.975,-5.458
0.40,2887,6.826,3.949,-0.172
0.40,2888,-1.566,4.767,4.072
0.40,2889,2.760,-8.796,4.680
0.40,2890,-4.570,-6.505,-0.179
0.40,2891,2.825,4.029,4.676
0.40,2892,-5.241,7.487,9.698
0.40,2893,0.067,8.236,-0.216
0.40,2894,0.546,9.073,9.561
0.40,2895,-3.212,7.413,-0.178
0.40,2896,8.683,1.935,4.719
0.40,2897,-8.488,3.958,-5.245
0.40,2898,8.808,0.603,9.589
0.40,2899,-8.629,-8.365,3.732
0.40,2900,3.201,2.046,-10.737
0.40,2901,-4.509,8.169,4.459
0.40,2902,5.092,7.123,-6.358
0.40,2903,6.318,-5.266,-0.219
0.40,2904,3.115,1.476,9.231
0.40,2905,3.115,1.476,9.231
0.40,2906,2.056,-9.499,4.597
0.40,2907,-4.212,-6.639,-0.177
0.40,2908,-2.322,-7.481,-0.195
0.40,2909,-4.521,-6.524,-0.179
0.40,2910,1.640,8.219,-6.748
0.40,2911,-5.282,-6.949,-5.460
0.40,2912,-0.187,3.384,-10.936
0.40,2913,-1.567,4.767,4.072
0.40,2915,-5.885,6.446,4.513
0.40,2916,5.926,-5.543,-0.226
0.40,2918,-7.561,0.026,-0.175
0.40,2919,-8.906,0.069,-6.124
0.40,2921,7.868,-9.710,4.098
0.40,2922,2.851,8.056,-0.191
0.40,2923,2.817,4.040,4.678
0.40,2924,3.989,-7.881,-5.933
0.40,2925,-8.796,4.395,4.494
0.40,2926,2.003,-3.787,-5.329
0.40,2927,-8.815,4.461,4.488
0.40,2929,5.092,7.123,-6.358
0.40,2930,3.201,2.046,-10.737
0.40,2931,-8.907,0.045,-6.119
0.40,2932,5.092,7.123,-6.358
0.40,2933,-3.249,1.551,9.295
0.40,2934,-7.598,-0.023,-0.177
0.40,2935,8.897,1.553,4.712
0.40,2936,-2.724,5.107,-4.975
0.40,2937,-5.275,-6.976,-5.458
0.40,2938,-2.343,-4.263,4.377
0.40,2939,7.868,-9.709,4.098
0.40,2940,-2.786,7.721,-0.179
0.40,2942,7.868,-9.710,4.098
0.40,2943,-10.133,-8.148,-5.632
0.40,2944,-1.568,4.767,4.073
0.40,2945,-3.480,-6.285,4.516
0.40,2946,-3.225,7.397,-0.178
0.40,2948,-4.795,-6.412,-0.181
0.40,2949,0.126,-1.856,-0.439
0.40,2950,-3.814,-0.114,-6.040
0.40,2951,-2.633,4.225,4.302
0.40,2952,-2.729,5.117,-4.976
0.40,2953,7.135,3.309,-0.168
0.40,2955,-10.134,-8.149,-5.634
0.40,2956,-5.721,-5.849,-0.195
0.40,2957,-8.097,-0.809,-0.201
0.40,2958,-5.240,7.488,9.698
0.40,2959,-9.405,-1.160,-5.898
0.40,2960,-3.829,-0.079,-6.014
0.40,2961,-4.061,-6.966,9.293
0.40,2962,4.709,-7.279,5.020
0.40,2963,1.536,8.474,-6.657
0.40,2964,-5.276,-6.975,-5.458
0.40,2965,9.920,9.056,-10.390
0.40,2966,-7.617,-0.043,-0.178
0.40,2967,6.303,6.830,9.528
0.40,2968,8.276,5.710,4.386
0.40,2969,3.115,1.476,9.231
0.40,2970,3.188,4.297,-5.562
0.40,2971,-6.057,-5.443,-0.201
0.40,2972,-3.543,-6.249,4.521
0.40,2973,8.868,0.356,4.604
0.40,2974,-1.571,4.767,4.074
0.40,2975,2.007,-3.787,-5.329
0.40,2976,6.812,-1.338,-5.541
0.40,2977,-5.881,5.847,4.475
0.40,2978,-4.190,1.046,4.468
0.40,2979,-0.912,-3.205,9.342
0.40,2980,-8.629,-8.365,3.732
0.40,2981,-7.562,0.024,-0.175
0.40,2982,2.849,8.058,-0.191
0.40,2984,2.829,8.076,-0.191
0.40,2985,5.092,7.123,-6.358
0.40,2986,2.891,8.018,-0.191
0.40,2987,3.201,2.046,-10.736
0.40,2988,-4.189,1.051,4.467
0.40,2989,3.201,2.046,-10.737
0.40,2990,-1.135,-3.485,-10.469
0.40,2991,3.247,7.656,-0.195
0.40,2992,-8.190,-1.311,-0.210
0.40,2993,2.906,8.006,-0.191
0.40,2994,-8.907,0.041,-6.118
0.40,2996,1.448,-8.257,-0.202
0.40,2997,-8.906,0.062,-6.122
0.40,2998,8.355,-0.901,-0.196
0.40,2999,5.863,5.251,-0.210
1.00,1,7.026,3.545,-0.169
1.00,2,6.323,-5.262,-0.219
1.00,3,-1.568,4.767,4.073
1.00,4,2.945,7.973,-0.191
1.00,5,8.356,-0.883,-0.196
1.00,6,-4.061,-6.966,9.293
1.00,7,5.550,-5.750,-0.232
1.00,8,1.550,8.436,-6.669
1.00,9,-3.417,-6.321,4.511
1.00,10,3.188,4.297,-5.562
1.00,11,-8.908,0.039,-6.118
1.00,13,-0.912,-3.205,9.342
1.00,14,2.723,-3.435,4.408
1.00,15,-5.274,-6.977,-5.458
1.00,18,4.029,1.288,4.237
1.00,19,-7.645,-0.074,-0.179
1.00,21,-8.629,-8.365,3.732
1.00,22,-0.660,-3.774,-10.523
1.00,24,3.188,4.297,-5.562
1.00,25,7.031,3.533,-0.169
1.00,26,-3.772,-0.216,-6.120
1.00,27,-3.431,-6.313,4.512
1.00,28,-2.756,5.173,-4.980
1.00,29,-6.173,7.372,-5.282
1.00,30,6.811,-1.340,-5.542
1.00,31,-4.180,1.083,4.461
1.00,32,8.172,5.666,4.420
1.00,33,-3.414,-6.323,4.511
1.00,34,-3.408,-6.326,4.510
1.00,35,6.323,-5.262,-0.219
1.00,36,-3.415,-6.322,4.511
1.00,37,6.062,-5.453,-0.224
1.00,38,-4.061,-6.966,9.293
1.00,39,1.488,-9.859,4.606
1.00,40,-8.848,4.523,4.481
1.00,41,-7.643,-0.071,-0.179
1.00,42,3.188,4.297,-5.562
1.00,43,8.172,5.666,4.420
1.00,44,-8.629,-8.365,3.732
1.00,45,-3.333,-8.895,-5.366
1.00,46,-6.173,7.372,-5.282
1.00,47,-3.141,-10.569,4.498
1.00,51,3.989,-7.881,-5.933
1.00,53,-3.773,-0.213,-6.118
1.00,54,1.549,8.439,-6.668
1.00,55,-8.848,4.523,4.481
1.00,56,3.115,1.476,9.231
1.00,58,5.092,7.123,-6.358
1.00,59,8.889,0.465,4.610
1.00,60,-3.247,1.559,9.296
1.00,62,-8.848,4.523,4.481
1.00,63,-7.448,0.443,-0.170
1.00,64,-5.904,5.803,4.474
1.00,66,1.637,8.227,-0.227
1.00,67,1.991,-3.787,-5.331
1.00,68,2.879,8.030,-0.191
1.00,69,-4.700,-6.453,-0.180
1.00,70,9.754,1.681,-5.489
1.00,71,-1.567,4.767,4.072
1.00,72,-7.729,-0.172,-0.183
1.00,73,-6.731,-4.493,-0.206
1.00,75,-8.629,-8.365,3.732
1.00,76,-1.567,4.767,4.072
1.00,78,-0.191,3.384,-10.935
1.00,81,2.882,8.028,-0.191
1.00,82,-2.428,-6.908,4.457
1.00,83,-8.848,4.523,4.481
1.00,84,-5.274,-6.977,-5.458
1.00,85,-4.180,1.084,4.461
1.00,86,4.055,1.247,4.243
1.00,87,3.989,-7.881,-5.933
1.00,89,2.880,8.029,-0.191
1.00,90,6.811,-1.340,-5.542
1.00,91,-3.772,-0.215,-6.120
1.00,92,-3.247,1.559,9.296
1.00,93,2.107,-9.450,4.599
1.00,94,-6.173,7.372,-5.282
1.00,95,3.989,-7.881,-5.933
1.00,96,3.115,1.476,9.231
1.00,97,-8.908,0.039,-6.118
1.00,98,-10.133,-8.149,-5.632
1.00,99,-7.714,-0.154,-0.182
1.00,100,1.991,-3.787,-5.331
1.00,102,1.991,-3.787,-5.331
1.00,103,4.055,1.247,4.243
1.00,104,-4.180,1.083,4.461
1.00,105,-5.274,-6.977,-5.458
1.00,106,-5.239,7.488,9.698
1.00,107,-5.904,5.803,4.474
1.00,108,6.323,-5.262,-0.219
1.00,109,3.115,1.476,9.231
1.00,110,-4.494,8.188,4.458
1.00,112,1.991,-3.787,-5.331
1.00,114,-8.192,-1.502,-0.212
1.00,115,7.029,3.538,-0.169
1.00,117,-0.912,-3.205,9.342
1.00,118,-3.436,-6.310,4.513
1.00,119,-7.552,-3.188,-0.218
1.00,121,3.989,-7.881,-5.933
1.00,122,-8.848,4.523,4.481
1.00,123,-0.525,8.285,-0.202
1.00,124,8.889,0.465,4.610
1.00,125,8.172,5.666,4.420
1.00,126,-1.567,4.767,4.072
1.00,127,3.188,4.297,-5.562
1.00,129,-4.180,1.083,4.461
1.00,130,3.115,1.476,9.231
1.00,132,-5.904,5.803,4.474
1.00,133,-8.908,0.039,-6.118
1.00,134,8.172,5.666,4.420
1.00,135,-4.299,-6.607,-0.177
1.00,136,3.188,4.297,-5.562
1.00,137,-5.274,-6.977,-5.458
1.00,138,5.989,-5.502,-0.225
1.00,139,3.989,-7.881,-5.933
1.00,140,2.816,4.041,4.678
1.00,141,3.115,1.476,9.231
1.00,142,-3.424,-6.317,4.512
1.00,143,-7.643,-0.072,-0.179
1.00,144,-0.647,-3.783,-10.524
1.00,146,3.989,-7.881,-5.933
1.00,148,-8.629,-8.365,3.732
1.00,149,-2.755,5.171,-4.980
1.00,150,2.723,-3.435,4.408
1.00,151,8.886,1.623,4.716
1.00,152,8.889,0.465,4.610
1.00,153,-5.274,-6.977,-5.458
1.00,154,-7.650,-0.080,-0.179
1.00,155,-1.567,4.767,4.072
1.00,157,8.895,1.602,4.715
1.00,158,-8.629,-8.365,3.732
1.00,159,1.991,-3.787,-5.331
1.00,160,6.322,-5.263,-0.219
1.00,161,3.188,4.297,-5.562
1.00,162,-8.848,4.523,4.481
1.00,164,-7.843,-0.319,-0.188
1.00,165,-1.567,4.767,4.072
1.00,166,-3.771,-0.216,-6.121
1.00,167,3.188,4.297,-5.562
1.00,168,-5.274,-6.977,-5.458
1.00,170,6.811,-1.340,-5.542
1.00,171,3.989,-7.881,-5.933
1.00,172,-8.848,4.523,4.481
1.00,173,2.881,8.028,-0.191
1.00,174,6.811,-1.340,-5.542
1.00,175,6.323,-5.262,-0.219
1.00,176,8.808,0.603,9.589
1.00,177,3.115,1.476,9.231
1.00,178,2.723,-3.435,4.408
1.00,179,2.879,8.030,-0.191
1.00,181,8.172,5.666,4.420
1.00,182,-4.180,1.083,4.461
1.00,183,4.456,-6.383,-0.217
1.00,184,-7.712,-0.151,-0.182
1.00,185,6.314,-5.270,-0.219
1.00,187,-7.701,-0.138,-0.181
1.00,188,3.989,-7.881,-5.933
1.00,189,9.754,1.681,-5.489
1.00,190,-5.904,5.803,4.474
1.00,191,2.723,-3.435,4.408
1.00,193,-6.173,7.372,-5.282
1.00,194,2.723,-3.435,4.408
1.00,196,-8.848,4.523,4.481
1.00,197,-1.567,4.767,4.072
1.00,198,2.147,-9.413,4.601
1.00,199,-7.858,-0.340,-0.188
1.00,202,1.549,8.439,-6.668
1.00,204,-5.274,-6.977,-5.458
1.00,205,-7.446,0.528,-0.169
1.00,206,2.816,4.041,4.678
1.00,207,-8.629,-8.365,3.732
1.00,208,-5.904,5.803,4.474
1.00,209,8.172,5.666,4.420
1.00,210,-8.848,4.523,4.481
1.00,212,8.172,5.666,4.420
1.00,213,-2.753,5.167,-4.980
1.00,214,7.868,-9.710,4.098
1.00,215,2.019,-9.534,4.595
1.00,216,-1.567,4.767,4.072
1.00,217,-3.414,-6.322,4.511
1.00,218,-7.730,-0.173,-0.183
1.00,219,3.188,4.297,-5.562
1.00,220,-3.333,-8.895,-5.366
1.00,221,3.989,-7.881,-5.933
1.00,223,-8.908,0.039,-6.118
1.00,224,-3.416,-6.321,4.511
1.00,225,-5.274,-6.977,-5.458
1.00,227,-5.274,-6.977,-5.458
1.00,228,-5.274,-6.977,-5.458
1.00,230,-0.389,8.274,-0.205
1.00,232,8.172,5.666,4.420
1.00,234,5.092,7.123,-6.358
1.00,235,5.092,7.123,-6.358
1.00,236,-0.737,8.291,-0.198
1.00,237,3.201,2.046,-10.737
1.00,238,2.029,-9.525,4.595
1.00,239,-7.461,0.305,-0.171
1.00,240,2.723,-3.435,4.408
1.00,241,8.356,-0.883,-0.196
1.00,242,8.889,0.465,4.610
1.00,243,8.356,-0.883,-0.196
1.00,244,5.130,-5.971,-0.230
1.00,245,-7.646,-0.075,-0.179
1.00,246,-7.690,-0.125,-0.181
1.00,247,7.868,-9.710,4.098
1.00,248,-5.239,7.488,9.698
1.00,249,5.092,7.123,-6.358
1.00,250,-3.333,-8.895,-5.366
1.00,252,-6.173,7.372,-5.282
1.00,253,-4.061,-6.966,9.293
1.00,255,-1.567,4.767,4.072
1.00,256,-3.771,-0.217,-6.121
1.00,258,5.092,7.123,-6.358
1.00,259,-5.702,-5.862,-0.194
1.00,260,-2.451,-6.887,4.456
1.00,261,-0.648,-3.782,-10.524
1.00,262,8.356,-0.883,-0.196
1.00,263,-3.771,-0.216,-6.120
1.00,264,8.906,1.574,4.714
1.00,265,8.356,-0.883,-0.196
1.00,268,-8.848,4.523,4.481
1.00,269,-1.567,4.767,4.072
1.00,270,4.676,-6.245,-0.222
1.00,271,-3.333,-8.895,-5.366
1.00,272,2.723,-3.435,4.408
1.00,273,-4.567,-6.506,-0.179
1.00,274,9.754,1.681,-5.489
1.00,275,3.989,-7.881,-5.933
1.00,276,-0.912,-3.205,9.342
1.00,277,8.889,0.465,4.610
1.00,278,3.989,-7.881,-5.933
1.00,280,-5.274,-6.977,-5.458
1.00,281,-0.912,-3.205,9.342
1.00,282,-3.460,-6.295,4.514
1.00,283,-5.904,5.803,4.474
1.00,284,2.879,8.030,-0.191
1.00,286,-1.567,4.767,4.072
1.00,287,3.115,1.476,9.231
1.00,288,3.201,2.046,-10.737
1.00,289,-2.794,-5.922,-0.203
1.00,290,-5.904,5.803,4.474
1.00,291,-5.904,5.803,4.474
1.00,292,2.022,-9.531,4.595
1.00,293,6.323,-5.262,-0.219
1.00,294,-8.042,-2.210,-0.221
1.00,295,-7.920,7.933,8.481
1.00,296,-1.567,4.767,4.072
1.00,297,2.880,8.030,-0.191
1.00,299,-0.191,3.384,-10.935
1.00,301,2.983,-1.353,3.163
1.00,302,9.920,9.056,-10.390
1.00,303,3.188,4.297,-5.562
1.00,304,-4.163,8.535,-5.037
1.00,305,-6.173,7.372,-5.282
1.00,306,8.889,0.465,4.610
1.00,307,-0.227,8.260,-0.209
1.00,308,-3.771,-0.216,-6.120
1.00,310,3.188,4.297,-5.562
1.00,311,6.321,-5.264,-0.219
1.00,312,-4.061,-6.966,9.293
1.00,314,3.188,4.297,-5.562
1.00,315,7.034,3.529,-0.169
1.00,316,6.121,-5.414,-0.223
1.00,317,-3.434,-6.311,4.512
1.00,318,2.020,-9.533,4.595
1.00,319,-3.772,-0.215,-6.120
1.00,321,4.013,1.313,4.233
1.00,322,-3.417,-6.321,4.511
1.00,324,8.356,-0.883,-0.196
1.00,325,-8.629,-8.365,3.732
1.00,329,7.036,3.523,-0.169
1.00,330,8.808,0.603,9.589
1.00,331,-5.274,-6.977,-5.458
1.00,332,3.989,-7.881,-5.933
1.00,333,-2.755,5.171,-4.980
1.00,335,8.889,0.465,4.610
1.00,336,6.322,-5.263,-0.219
1.00,337,-5.348,-6.111,-0.188
1.00,338,-8.908,0.039,-6.118
1.00,340,-8.629,-8.365,3.732
1.00,341,1.549,8.439,-6.668
1.00,343,2.107,-9.450,4.599
1.00,344,7.029,3.539,-0.169
1.00,345,-7.838,-2.663,-0.223
1.00,346,-3.772,-0.214,-6.119
1.00,347,-5.904,5.803,4.474
1.00,350,-0.648,-3.782,-10.524
1.00,351,7.031,3.534,-0.169
1.00,352,1.991,-3.787,-5.331
1.00,353,8.356,-0.883,-0.196
1.00,354,-8.908,0.039,-6.118
1.00,355,7.029,3.538,-0.169
1.00,357,-2.756,5.173,-4.980
1.00,358,8.172,5.666,4.420
1.00,359,11.151,-10.029,-9.948
1.00,360,-0.400,8.275,-0.205
1.00,361,8.356,-0.883,-0.196
1.00,362,-4.273,-6.616,-0.177
1.00,363,9.920,9.056,-10.390
1.00,364,-7.461,0.304,-0.171
1.00,365,8.774,-8.605,3.304
1.00,366,2.983,-1.353,3.163
1.00,367,-10.133,-8.149,-5.632
1.00,368,-3.417,-6.321,4.511
1.00,369,-8.848,4.523,4.481
1.00,370,-8.847,4.522,4.481
1.00,371,8.172,5.666,4.420
1.00,372,-8.493,3.840,-5.258
1.00,373,-8.848,4.523,4.481
1.00,374,-4.061,-6.966,9.293
1.00,375,-7.688,-0.124,-0.181
1.00,376,8.919,1.541,4.712
1.00,377,-5.274,-6.977,-5.458
1.00,378,9.920,9.056,-10.390
1.00,379,8.889,0.465,4.610
1.00,380,-0.697,-3.750,-10.518
1.00,381,-4.500,8.181,4.459
1.00,382,9.754,1.681,-5.489
1.00,383,2.031,-9.523,4.595
1.00,384,-7.556,0.033,-0.175
1.00,386,2.880,8.029,-0.191
1.00,387,2.885,8.025,-0.191
1.00,388,-1.567,4.767,4.072
1.00,389,-7.810,-2.718,-0.223
1.00,390,6.325,-5.260,-0.219
1.00,391,-5.904,5.803,4.474
1.00,392,1.991,-3.787,-5.331
1.00,393,-7.658,-0.089,-0.179
1.00,394,-3.769,-0.221,-6.125
1.00,395,-0.191,3.384,-10.935
1.00,396,-7.681,-0.115,-0.180
1.00,397,8.172,5.666,4.420
1.00,398,5.092,7.123,-6.358
1.00,399,2.879,8.030,-0.191
1.00,400,6.811,-1.340,-5.542
1.00,401,-0.755,-3.715,-10.510
1.00,402,-5.274,-6.977,-5.458
1.00,403,8.172,5.666,4.420
1.00,404,-7.454,0.713,-0.170
1.00,405,8.774,-8.605,3.304
1.00,407,-5.274,-6.977,-5.458
1.00,408,-3.247,1.559,9.296
1.00,409,9.920,9.056,-10.390
1.00,410,-6.126,-5.361,-0.202
1.00,411,-7.828,-0.298,-0.187
1.00,412,2.983,-1.353,3.163
1.00,413,1.991,-3.787,-5.331
1.00,414,-5.274,-6.977,-5.458
1.00,415,4.634,-6.271,-0.221
1.00,416,-8.908,0.039,-6.118
1.00,417,-6.173,7.372,-5.282
1.00,418,5.092,7.123,-6.358
1.00,419,-8.629,-8.365,3.732
1.00,420,-3.417,-6.321,4.511
1.00,422,-1.567,4.767,4.072
1.00,423,-5.274,-6.977,-5.458
1.00,424,1.991,-3.787,-5.331
1.00,425,-4.180,1.083,4.461
1.00,426,-0.191,3.384,-10.935
1.00,428,8.889,0.465,4.610
1.00,430,8.889,0.465,4.610
1.00,431,-0.912,-3.205,9.342
1.00,433,8.914,1.554,4.713
1.00,434,-7.646,-0.075,-0.179
1.00,435,4.023,1.297,4.235
1.00,436,1.991,-3.787,-5.331
1.00,437,-8.629,-8.365,3.732
1.00,438,-3.450,-6.302,4.514
1.00,439,6.811,-1.340,-5.542
1.00,440,7.030,3.537,-0.169
1.00,441,-3.771,-0.216,-6.120
1.00,442,-7.893,-0.391,-0.190
1.00,443,3.201,2.046,-10.737
1.00,444,1.991,-3.787,-5.331
1.00,445,-0.001,8.240,-0.214
1.00,446,-3.947,-6.736,-0.177
1.00,447,-3.811,-6.786,-0.177
1.00,448,-8.848,4.523,4.481
1.00,449,-3.448,-6.303,4.513
1.00,450,-0.679,8.290,-0.199
1.00,451,-4.092,-6.683,-0.177
1.00,452,-7.645,-0.075,-0.179
1.00,453,-0.191,3.384,-10.935
1.00,454,2.881,8.029,-0.191
1.00,455,-6.173,7.372,-5.282
1.00,456,2.816,4.041,4.678
1.00,457,8.920,1.540,4.712
1.00,459,-8.629,-8.365,3.732
1.00,461,1.090,-9.529,-5.385
1.00,462,-2.624,-11.165,9.056
1.00,464,0.476,8.218,-0.227
1.00,465,-1.002,8.293,-0.194
1.00,466,3.201,2.046,-10.737
1.00,467,0.409,8.221,-0.225
1.00,468,-8.848,4.523,4.481
1.00,469,-4.180,1.082,4.461
1.00,470,1.991,-3.787,-5.331
1.00,471,-5.274,-6.977,-5.458
1.00,475,-4.061,-6.966,9.293
1.00,476,-2.624,-11.165,9.056
1.00,477,1.991,-3.787,-5.331
1.00,478,-8.908,0.039,-6.118
1.00,479,2.881,8.029,-0.191
1.00,480,-5.904,5.803,4.474
1.00,481,-7.608,-0.034,-0.177
1.00,482,2.880,8.029,-0.191
1.00,484,-6.649,-4.620,-0.206
1.00,485,7.868,-9.710,4.098
1.00,486,-7.664,-0.096,-0.180
1.00,487,8.172,5.666,4.420
1.00,488,-7.640,-0.069,-0.179
1.00,489,8.774,-8.605,3.304
1.00,491,-10.133,-8.149,-5.632
1.00,492,5.092,7.123,-6.358
1.00,493,-3.333,-8.895,-5.366
1.00,494,8.889,0.465,4.610
1.00,496,-7.707,-0.145,-0.182
1.00,497,-0.553,8.286,-0.201
1.00,501,2.881,8.028,-0.191
1.00,502,2.022,-9.531,4.595
1.00,503,-7.696,-0.132,-0.181
1.00,504,-2.755,5.172,-4.980
1.00,505,2.723,-3.435,4.408
1.00,506,-3.798,-6.790,-0.176
1.00,507,8.356,-0.883,-0.196
1.00,508,-3.333,-8.895,-5.366
1.00,509,9.754,1.681,-5.489
1.00,510,-3.772,-0.214,-6.119
1.00,511,-5.274,-6.977,-5.458
1.00,512,3.989,-7.881,-5.933
1.00,513,6.323,-5.262,-0.219
1.00,514,2.881,8.028,-0.191
1.00,515,-7.544,0.051,-0.175
1.00,516,-1.482,8.240,-0.187
1.00,517,1.473,-9.870,4.606
1.00,518,2.723,-3.435,4.408
1.00,520,-5.274,-6.977,-5.458
1.00,521,-10.133,-8.149,-5.632
1.00,522,1.991,-3.787,-5.331
1.00,524,-0.648,-3.782,-10.524
1.00,525,-4.180,1.083,4.461
1.00,526,-3.447,-6.304,4.513
1.00,527,8.172,5.666,4.420
1.00,529,3.968,1.384,4.222
1.00,530,-5.523,-5.998,-0.191
1.00,531,-1.568,4.767,4.072
1.00,532,2.723,-3.435,4.408
1.00,534,4.055,1.248,4.243
1.00,535,-1.567,4.767,4.072
1.00,536,-3.247,1.559,9.296
1.00,537,3.989,-7.881,-5.933
1.00,538,5.092,7.123,-6.358
1.00,539,-1.567,4.767,4.072
1.00,540,-5.277,-6.974,-5.458
1.00,541,6.810,-1.341,-5.542
1.00,543,8.356,-0.883,-0.196
1.00,544,-7.720,-0.161,-0.182
1.00,545,-8.848,4.523,4.481
1.00,546,1.550,8.437,-6.669
1.00,547,7.868,-9.710,4.098
1.00,548,-5.274,-6.977,-5.458
1.00,549,-7.642,-0.071,-0.179
1.00,551,0.459,8.218,-0.227
1.00,552,-7.645,-0.075,-0.179
1.00,554,6.811,-1.340,-5.542
1.00,555,-7.644,-0.074,-0.179
1.00,556,-2.424,-6.912,4.457
1.00,557,3.188,4.297,-5.562
1.00,558,2.880,8.030,-0.191
1.00,559,-0.255,8.262,-0.208
1.00,560,3.201,2.046,-10.737
1.00,562,8.889,0.464,4.610
1.00,563,-4.162,8.536,-5.037
1.00,565,-5.274,-6.977,-5.458
1.00,566,-3.417,-6.321,4.511
1.00,567,-3.772,-0.215,-6.119
1.00,568,6.255,-5.324,-0.220
1.00,571,6.810,-1.340,-5.542
1.00,572,8.172,5.666,4.420
1.00,573,8.172,5.666,4.420
1.00,574,2.723,-3.435,4.408
1.00,575,-4.180,1.083,4.461
1.00,576,-0.649,-3.781,-10.524
1.00,577,-4.181,1.082,4.461
1.00,578,5.092,7.123,-6.358
1.00,579,8.356,-0.883,-0.196
1.00,582,-5.274,-6.977,-5.458
1.00,583,2.816,4.041,4.678
1.00,584,7.868,-9.710,4.098
1.00,586,-5.068,-6.283,-0.183
1.00,588,-2.422,-6.913,4.457
1.00,589,3.115,1.476,9.231
1.00,590,3.188,4.297,-5.562
1.00,591,6.323,-5.262,-0.219
1.00,592,2.893,8.017,-0.191
1.00,593,-3.411,-6.324,4.511
1.00,594,2.875,8.034,-0.191
1.00,595,-4.118,-6.673,-0.177
1.00,597,-1.567,4.767,4.072
1.00,598,-10.133,-8.149,-5.632
1.00,599,1.549,8.437,-6.668
1.00,600,5.092,7.123,-6.358
1.00,601,2.023,-9.531,4.595
1.00,602,-7.070,-3.964,-0.209
1.00,603,-3.774,-0.210,-6.115
1.00,605,-10.133,-8.149,-5.632
1.00,606,9.754,1.681,-5.489
1.00,607,-3.333,-8.895,-5.366
1.00,608,9.754,1.681,-5.489
1.00,610,-4.180,1.083,4.461
1.00,611,7.029,3.538,-0.169
1.00,612,-0.912,-3.205,9.342
1.00,613,2.983,-1.353,3.163
1.00,614,8.356,-0.883,-0.196
1.00,615,-4.501,8.178,4.459
1.00,616,2.723,-3.435,4.408
1.00,617,6.811,-1.340,-5.542
1.00,619,3.115,1.476,9.231
1.00,620,-4.180,1.083,4.461
1.00,622,-7.659,-0.089,-0.179
1.00,623,1.991,-3.787,-5.331
1.00,625,-0.912,-3.205,9.342
1.00,627,8.889,0.465,4.610
1.00,628,-7.646,-0.075,-0.179
1.00,629,-4.061,-6.966,9.293
1.00,630,-3.411,-6.324,4.511
1.00,631,1.991,-3.787,-5.331
1.00,632,-0.601,8.289,-0.200
1.00,636,9.754,1.681,-5.489
1.00,638,4.054,1.249,4.243
1.00,639,-5.904,5.803,4.474
1.00,640,-0.819,8.292,-0.197
1.00,641,-4.180,1.083,4.461
1.00,642,8.172,5.666,4.420
1.00,643,8.172,5.666,4.420
1.00,647,3.201,2.046,-10.737
1.00,648,-2.755,5.171,-4.980
1.00,649,3.188,4.297,-5.562
1.00,650,-1.567,4.767,4.072
1.00,651,9.920,9.056,-10.390
1.00,652,-5.274,-6.977,-5.458
1.00,653,-3.414,-6.323,4.511
1.00,654,-4.944,-6.345,-0.182
1.00,655,6.324,-5.261,-0.219
1.00,656,2.019,-9.535,4.595
1.00,657,-7.653,-0.083,-0.179
1.00,658,3.201,2.046,-10.737
1.00,659,6.811,-1.340,-5.542
1.00,660,6.323,-5.262,-0.219
1.00,662,9.754,1.681,-5.489
1.00,663,3.188,4.297,-5.562
1.00,664,8.956,1.441,4.707
1.00,665,-1.567,4.767,4.072
1.00,666,-6.173,7.372,-5.282
1.00,667,-5.239,7.488,9.698
1.00,668,8.172,5.666,4.420
1.00,669,1.991,-3.787,-5.331
1.00,670,-4.061,-6.966,9.293
1.00,671,7.029,3.540,-0.169
1.00,672,6.323,-5.262,-0.219
1.00,674,1.549,8.437,-6.668
1.00,677,6.323,-5.262,-0.219
1.00,678,-3.426,-6.316,4.512
1.00,679,5.092,7.123,-6.358
1.00,680,-2.753,5.167,-4.980
1.00,681,-5.274,-6.977,-5.458
1.00,682,-1.567,4.767,4.072
1.00,683,2.883,8.026,-0.191
1.00,684,6.323,-5.262,-0.219
1.00,685,-7.659,-0.090,-0.179
1.00,686,-5.274,-6.977,-5.458
1.00,687,3.115,1.476,9.231
1.00,688,5.092,7.123,-6.358
1.00,690,-5.274,-6.977,-5.458
1.00,691,-8.908,0.039,-6.118
1.00,692,-8.847,4.523,4.481
1.00,693,2.880,8.029,-0.191
1.00,694,-5.903,5.803,4.474
1.00,695,-7.647,-0.076,-0.179
1.00,697,-7.695,-0.131,-0.181
1.00,699,1.550,8.436,-6.669
1.00,700,-4.180,1.083,4.461
1.00,701,2.058,-9.497,4.597
1.00,702,-5.904,5.803,4.474
1.00,703,-0.912,-3.205,9.342
1.00,704,-2.756,5.173,-4.980
1.00,705,8.172,5.666,4.420
1.00,706,1.991,-3.787,-5.331
1.00,707,-6.173,7.372,-5.282
1.00,708,8.889,0.465,4.610
1.00,709,3.201,2.046,-10.737
1.00,711,2.879,8.030,-0.191
1.00,714,8.889,0.464,4.610
1.00,715,-3.412,-6.323,4.511
1.00,716,-8.848,4.523,4.481
1.00,717,-8.629,-8.365,3.732
1.00,718,5.092,7.123,-6.358
1.00,719,5.971,-5.513,-0.225
1.00,720,2.879,8.030,-0.191
1.00,721,2.881,8.028,-0.191
1.00,722,-10.133,-8.149,-5.632
1.00,723,6.811,-1.340,-5.542
1.00,724,-1.567,4.767,4.072
1.00,725,3.188,4.297,-5.562
1.00,727,-2.437,-6.900,4.457
1.00,728,-8.629,-8.365,3.732
1.00,729,-5.239,7.488,9.698
1.00,730,-0.213,8.259,-0.209
1.00,731,-3.418,-6.320,4.511
1.00,732,7.029,3.538,-0.169
1.00,734,-1.567,4.767,4.072
1.00,735,8.889,0.464,4.610
1.00,736,-6.173,7.372,-5.282
1.00,737,8.808,0.603,9.589
1.00,738,-2.424,-6.911,4.457
1.00,739,8.172,5.666,4.420
1.00,741,-4.592,-6.496,-0.179
1.00,742,2.114,-9.443,4.599
1.00,743,-4.552,-6.512,-0.179
1.00,744,-3.247,1.559,9.296
1.00,745,3.115,1.476,9.231
1.00,747,6.323,-5.262,-0.219
1.00,748,-6.173,7.372,-5.282
1.00,749,-5.274,-6.977,-5.458
1.00,750,-1.567,4.767,4.072
1.00,751,-5.904,5.803,4.474
1.00,752,-2.416,-6.919,4.458
1.00,753,6.324,-5.261,-0.219
1.00,754,-3.778,-0.201,-6.108
1.00,755,-3.770,-0.220,-6.124
1.00,756,2.022,-9.532,4.595
1.00,757,5.092,7.123,-6.358
1.00,758,8.172,5.666,4.420
1.00,760,6.323,-5.262,-0.219
1.00,762,7.031,3.534,-0.169
1.00,763,6.323,-5.262,-0.219
1.00,764,-0.191,3.384,-10.935
1.00,765,7.868,-9.710,4.098
1.00,766,2.983,-1.353,3.163
1.00,768,-8.908,0.039,-6.118
1.00,769,7.032,3.532,-0.169
1.00,770,3.989,-7.881,-5.933
1.00,771,8.917,1.547,4.712
1.00,772,1.549,8.437,-6.668
1.00,774,-3.415,-6.322,4.511
1.00,775,4.028,1.289,4.236
1.00,776,-4.180,1.083,4.461
1.00,777,-8.081,-0.761,-0.200
1.00,778,5.092,7.123,-6.358
1.00,779,1.549,8.437,-6.668
1.00,780,2.880,8.030,-0.191
1.00,781,-1.692,8.197,-0.184
1.00,782,8.889,0.465,4.610
1.00,783,8.172,5.666,4.420
1.00,784,1.340,9.607,5.712
1.00,785,8.172,5.666,4.420
1.00,786,9.920,9.056,-10.390
1.00,787,-3.247,1.559,9.296
1.00,788,2.723,-3.435,4.408
1.00,789,-0.666,8.290,-0.199
1.00,790,-6.173,7.372,-5.282
1.00,791,5.060,-6.009,-0.230
1.00,792,2.880,8.029,-0.191
1.00,793,-8.847,4.523,4.481
1.00,794,-8.848,4.523,4.481
1.00,795,7.031,3.535,-0.169
1.00,796,8.172,5.666,4.420
1.00,797,2.880,8.029,-0.191
1.00,798,-0.716,-3.738,-10.516
1.00,800,-0.912,-3.205,9.342
1.00,801,3.188,4.297,-5.562
1.00,802,-3.417,-6.321,4.511
1.00,803,-3.442,-6.307,4.513
1.00,806,3.115,1.476,9.231
1.00,807,-4.061,-6.966,9.293
1.00,808,-3.769,-0.220,-6.124
1.00,810,5.840,-5.596,-0.228
1.00,811,6.317,6.826,9.518
1.00,812,7.031,3.534,-0.169
1.00,813,-4.061,-6.966,9.293
1.00,815,2.022,-9.532,4.595
1.00,817,-3.411,-6.324,4.511
1.00,819,-3.247,1.559,9.296
1.00,820,-8.629,-8.365,3.732
1.00,821,3.188,4.297,-5.562
1.00,823,-6.173,7.372,-5.282
1.00,824,2.880,8.029,-0.191
1.00,825,-5.904,5.803,4.474
1.00,826,-1.567,4.767,4.072
1.00,829,3.188,4.297,-5.562
1.00,830,-7.646,-0.075,-0.179
1.00,831,1.340,9.607,5.712
1.00,832,3.115,1.476,9.231
1.00,833,-6.173,7.372,-5.282
1.00,834,-3.247,1.559,9.296
1.00,836,8.889,0.466,4.610
1.00,837,1.991,-3.787,-5.331
1.00,838,2.880,8.029,-0.191
1.00,839,2.880,8.029,-0.191
1.00,840,2.021,-9.533,4.595
1.00,841,0.405,8.221,-0.225
1.00,842,5.092,7.123,-6.358
1.00,844,-6.173,7.372,-5.282
1.00,845,7.028,3.541,-0.169
1.00,846,8.936,1.498,4.710
1.00,847,8.172,5.666,4.420
1.00,848,-0.691,-3.754,-10.519
1.00,849,-3.333,-8.895,-5.366
1.00,850,2.816,4.041,4.678
1.00,851,-7.568,0.015,-0.175
1.00,852,2.816,4.041,4.678
1.00,854,-7.652,-0.082,-0.179
1.00,855,2.020,-9.533,4.595
1.00,856,-3.769,-0.221,-6.124
1.00,857,-3.769,-0.221,-6.124
1.00,859,-3.775,-0.207,-6.113
1.00,860,-7.653,-0.084,-0.179
1.00,861,-4.180,1.083,4.461
1.00,862,-3.375,-6.680,-0.179
1.00,863,-0.191,3.384,-10.935
1.00,864,3.989,-7.881,-5.933
1.00,865,-8.908,0.039,-6.118
1.00,866,-1.567,4.767,4.072
1.00,867,-3.396,-6.332,4.509
1.00,868,8.889,0.464,4.610
1.00,869,-5.239,7.488,9.698
1.00,870,-5.904,5.803,4.474
1.00,871,7.868,-9.710,4.098
1.00,872,-0.743,8.291,-0.198
1.00,873,-8.848,4.523,4.481
1.00,875,-3.769,-0.221,-6.124
1.00,876,-3.247,1.559,9.296
1.00,877,-3.247,1.559,9.296
1.00,878,3.201,2.046,-10.737
1.00,879,2.882,8.028,-0.191
1.00,880,1.991,-3.787,-5.331
1.00,881,7.030,3.537,-0.169
1.00,882,-7.646,-0.075,-0.179
1.00,884,6.811,-1.340,-5.542
1.00,885,-2.756,5.172,-4.980
1.00,886,6.299,-5.285,-0.220
1.00,887,6.084,-5.439,-0.223
1.00,888,6.323,-5.262,-0.219
1.00,889,-10.133,-8.149,-5.632
1.00,891,-1.567,4.767,4.072
1.00,892,-0.906,8.293,-0.195
1.00,893,-7.662,-0.093,-0.180
1.00,894,-4.180,1.083,4.461
1.00,895,-8.848,4.523,4.481
1.00,896,8.948,1.464,4.708
1.00,897,-0.191,3.384,-10.935
1.00,899,5.092,7.123,-6.358
1.00,901,8.172,5.666,4.420
1.00,902,-3.777,-0.204,-6.111
1.00,903,-3.442,-6.307,4.513
1.00,905,5.942,-5.532,-0.226
1.00,906,8.808,0.603,9.589
1.00,907,-0.912,-3.205,9.342
1.00,908,8.808,0.603,9.589
1.00,909,6.020,-5.481,-0.224
1.00,912,3.188,4.297,-5.562
1.00,913,2.983,-1.353,3.163
1.00,914,-1.567,4.767,4.072
1.00,915,9.754,1.681,-5.489
1.00,916,-7.464,0.892,-0.172
1.00,918,3.201,2.046,-10.737
1.00,919,-7.648,-0.078,-0.179
1.00,920,8.919,1.542,4.712
1.00,921,3.115,1.476,9.231
1.00,922,-3.777,-0.203,-6.109
1.00,924,-0.191,3.384,-10.935
1.00,927,-4.162,8.536,-5.037
1.00,928,-3.414,-6.322,4.511
1.00,929,8.356,-0.883,-0.196
1.00,930,3.989,-7.881,-5.933
1.00,932,-5.274,-6.977,-5.458
1.00,933,8.889,0.465,4.610
1.00,934,-3.426,-6.316,4.512
1.00,935,5.092,7.123,-6.358
1.00,936,-7.642,-0.070,-0.179
1.00,937,-3.333,-8.895,-5.366
1.00,938,-1.567,4.767,4.072
1.00,939,6.811,-1.340,-5.542
1.00,940,-5.274,-6.977,-5.458
1.00,941,-0.191,3.384,-10.935
1.00,942,5.092,7.123,-6.358
1.00,943,3.188,4.297,-5.562
1.00,946,-7.644,-0.074,-0.179
1.00,947,-8.848,4.523,4.481
1.00,948,5.092,7.123,-6.358
1.00,949,1.549,8.437,-6.668
1.00,950,4.936,-6.084,-0.228
1.00,951,1.549,8.438,-6.668
1.00,952,-5.274,-6.977,-5.458
1.00,953,2.880,8.029,-0.191
1.00,956,-6.173,7.372,-5.282
1.00,957,7.868,-9.710,4.098
1.00,958,-5.540,-5.987,-0.191
1.00,959,-7.645,-0.074,-0.179
1.00,961,2.885,8.025,-0.191
1.00,962,2.879,8.030,-0.191
1.00,963,-3.333,-8.895,-5.366
1.00,964,-0.648,-3.782,-10.524
1.00,965,5.092,7.123,-6.358
1.00,966,8.889,0.465,4.610
1.00,967,-5.239,7.488,9.698
1.00,968,2.723,-3.435,4.408
1.00,969,-0.191,3.384,-10.935
1.00,970,8.808,0.603,9.589
1.00,971,6.324,-5.261,-0.219
1.00,972,1.991,-3.787,-5.331
1.00,973,-6.173,7.372,-5.282
1.00,976,2.885,8.025,-0.191
1.00,977,3.201,2.046,-10.737
1.00,978,-0.912,-3.205,9.342
1.00,979,-8.848,4.523,4.481
1.00,980,-2.765,5.191,-4.981
1.00,982,-3.421,-6.319,4.511
1.00,983,2.723,-3.435,4.408
1.00,984,-8.629,-8.365,3.732
1.00,985,3.188,4.297,-5.562
1.00,986,2.113,-9.445,4.599
1.00,988,7.868,-9.710,4.098
1.00,989,5.092,7.123,-6.358
1.00,990,8.774,-8.605,3.304
1.00,991,-3.247,1.559,9.296
1.00,992,-3.414,-6.322,4.511
1.00,994,2.723,-3.435,4.408
1.00,995,3.115,1.476,9.231
1.00,996,3.201,2.046,-10.737
1.00,997,9.754,1.681,-5.489
1.00,998,-7.628,-0.055,-0.178
1.00,999,3.201,2.046,-10.737
1.00,1000,-0.688,-3.756,-10.519
1.00,1001,8.172,5.666,4.420
1.00,1002,2.894,8.017,-0.191
1.00,1004,1.549,8.437,-6.668
1.00,1005,3.201,2.046,-10.737
1.00,1006,-6.173,7.372,-5.282
1.00,1007,1.549,8.437,-6.668
1.00,1009,-0.912,-3.205,9.342
1.00,1010,-2.757,5.175,-4.980
1.00,1011,2.880,8.029,-0.191
1.00,1012,8.356,-0.883,-0.196
1.00,1013,-3.333,-8.895,-5.366
1.00,1014,-3.771,-0.218,-6.122
1.00,1016,-7.264,-3.668,-0.212
1.00,1017,8.356,-0.883,-0.196
1.00,1018,1.991,-3.787,-5.331
1.00,1020,8.952,1.454,4.708
1.00,1021,2.983,-1.353,3.163
1.00,1022,8.356,-0.883,-0.196
1.00,1024,2.890,8.020,-0.191
1.00,1025,3.201,2.046,-10.737
1.00,1027,-8.908,0.035,-6.117
1.00,1029,-3.412,-6.324,4.511
1.00,1030,-4.180,1.083,4.461
1.00,1032,-3.769,-0.222,-6.125
1.00,1033,-6.173,7.372,-5.282
1.00,1034,8.910,1.563,4.713
1.00,1036,-4.180,1.083,4.461
1.00,1037,5.092,7.123,-6.358
1.00,1038,-4.180,1.083,4.461
1.00,1039,3.989,-7.881,-5.933
1.00,1040,3.989,-7.881,-5.933
1.00,1041,-4.061,-6.966,9.293
1.00,1042,8.172,5.666,4.420
1.00,1043,8.889,0.465,4.610
1.00,1044,0.545,9.073,9.561
1.00,1045,2.021,-9.533,4.595
1.00,1046,2.019,-9.534,4.595
1.00,1047,6.811,-1.340,-5.542
1.00,1048,3.188,4.297,-5.562
1.00,1050,2.880,8.029,-0.191
1.00,1052,-1.567,4.767,4.072
1.00,1053,1.090,-9.529,-5.385
1.00,1054,6.667,4.205,-0.179
1.00,1055,4.054,1.248,4.243
1.00,1056,2.723,-3.435,4.408
1.00,1059,3.188,4.297,-5.562
1.00,1060,-0.181,8.256,-0.210
1.00,1062,3.115,1.476,9.231
1.00,1063,2.088,-9.468,4.598
1.00,1065,8.172,5.666,4.420
1.00,1066,1.991,-3.787,-5.331
1.00,1067,-3.333,-8.895,-5.366
1.00,1069,-5.903,5.804,4.474
1.00,1070,8.172,5.666,4.420
1.00,1071,5.092,7.123,-6.358
1.00,1072,2.723,-3.435,4.408
1.00,1074,8.172,5.666,4.420
1.00,1075,4.053,1.251,4.242
1.00,1076,7.033,3.531,-0.169
1.00,1077,-0.647,-3.782,-10.524
1.00,1078,3.989,-7.881,-5.933
1.00,1079,2.075,-9.481,4.597
1.00,1080,-3.769,-0.221,-6.124
1.00,1081,-3.426,-6.316,4.512
1.00,1082,-3.419,-6.319,4.511
1.00,1084,-1.567,4.767,4.072
1.00,1085,2.880,8.029,-0.191
1.00,1086,-10.133,-8.149,-5.632
1.00,1089,0.230,8.229,-0.220
1.00,1090,6.323,-5.262,-0.219
1.00,1091,2.883,8.027,-0.191
1.00,1092,-5.274,-6.977,-5.458
1.00,1093,-4.533,-6.520,-0.179
1.00,1094,-2.757,5.174,-4.980
1.00,1095,-5.904,5.803,4.474
1.00,1096,2.064,-9.491,4.597
1.00,1097,-1.567,4.767,4.072
1.00,1098,2.019,-9.535,4.595
1.00,1099,8.356,-0.883,-0.196
1.00,1100,8.808,0.603,9.589
1.00,1101,-0.232,8.260,-0.209
1.00,1102,-2.413,-6.921,4.458
1.00,1103,6.114,-5.419,-0.223
1.00,1104,-6.173,7.372,-5.282
1.00,1105,8.356,-0.883,-0.196
1.00,1106,-1.567,4.767,4.072
1.00,1107,-1.567,4.767,4.072
1.00,1108,4.989,-6.051,-0.230
1.00,1109,1.991,-3.787,-5.331
1.00,1110,-0.039,8.243,-0.214
1.00,1111,6.323,-5.262,-0.219
1.00,1112,8.172,5.666,4.420
1.00,1113,-0.647,-3.782,-10.524
1.00,1115,-3.438,-6.309,4.513
1.00,1118,2.880,8.029,-0.191
1.00,1119,6.811,-1.340,-5.542
1.00,1121,2.376,-9.226,4.602
1.00,1122,-5.107,-2.421,-6.876
1.00,1123,9.754,1.681,-5.489
1.00,1124,-1.567,4.767,4.072
1.00,1125,-6.173,7.372,-5.282
1.00,1126,4.011,1.316,4.232
1.00,1127,3.188,4.297,-5.562
1.00,1128,-3.333,-8.895,-5.366
1.00,1129,3.201,2.046,-10.737
1.00,1130,-8.848,4.523,4.481
1.00,1131,6.811,-1.340,-5.542
1.00,1132,2.879,8.030,-0.191
1.00,1133,5.092,7.123,-6.358
1.00,1134,3.989,-7.881,-5.933
1.00,1135,-5.904,5.803,4.474
1.00,1136,8.172,5.666,4.420
1.00,1137,8.356,-0.883,-0.196
1.00,1138,-0.697,8.291,-0.199
1.00,1139,2.880,8.029,-0.191
1.00,1140,-8.629,-8.365,3.732
1.00,1141,1.991,-3.787,-5.331
1.00,1142,-1.567,4.767,4.072
1.00,1143,4.054,1.248,4.243
1.00,1144,2.879,8.030,-0.191
1.00,1145,-4.498,8.183,4.459
1.00,1146,-4.061,-6.966,9.293
1.00,1147,-4.061,-6.966,9.293
1.00,1149,6.084,-5.439,-0.223
1.00,1150,-6.173,7.372,-5.282
1.00,1151,-1.567,4.767,4.072
1.00,1152,2.254,-9.322,4.603
1.00,1153,-5.274,-6.977,-5.458
1.00,1154,-7.709,-0.148,-0.182
1.00,1155,-0.171,8.255,-0.210
1.00,1156,-1.567,4.767,4.072
1.00,1157,-0.914,8.293,-0.195
1.00,1158,-3.778,-0.201,-6.108
1.00,1159,5.092,7.123,-6.358
1.00,1160,-7.706,-0.145,-0.182
1.00,1161,-2.501,-6.844,4.455
1.00,1162,2.078,-9.478,4.598
1.00,1163,5.092,7.123,-6.358
1.00,1165,-5.274,-6.977,-5.458
1.00,1166,2.723,-3.435,4.408
1.00,1167,8.356,-0.883,-0.196
1.00,1169,8.172,5.666,4.420
1.00,1172,-6.075,-5.422,-0.201
1.00,1173,2.983,-1.353,3.163
1.00,1174,-7.645,-0.074,-0.179
1.00,1175,-0.191,3.384,-10.935
1.00,1176,9.754,1.681,-5.489
1.00,1177,6.323,-5.262,-0.219
1.00,1178,-4.061,-6.966,9.293
1.00,1179,3.188,4.297,-5.562
1.00,1181,2.884,8.026,-0.191
1.00,1182,2.880,8.029,-0.191
1.00,1183,-0.193,8.257,-0.210
1.00,1184,-7.716,-0.156,-0.182
1.00,1186,-1.567,4.767,4.072
1.00,1187,5.092,7.123,-6.358
1.00,1188,-0.871,-3.645,-10.495
1.00,1190,-1.567,4.767,4.072
1.00,1191,8.909,1.566,4.713
1.00,1192,4.438,-6.395,-0.217
1.00,1194,-0.787,8.292,-0.197
1.00,1195,7.868,-9.710,4.098
1.00,1196,8.356,-0.883,-0.196
1.00,1197,-5.274,-6.977,-5.458
1.00,1198,-5.239,7.488,9.698
1.00,1200,6.811,-1.340,-5.542
1.00,1201,-0.648,-3.782,-10.524
1.00,1202,2.890,8.021,-0.191
1.00,1203,-5.239,7.488,9.698
1.00,1204,2.883,8.026,-0.191
1.00,1205,-7.656,-0.086,-0.179
1.00,1206,2.879,8.030,-0.191
1.00,1207,1.340,9.607,5.712
1.00,1209,6.324,-5.261,-0.219
1.00,1210,-3.272,-6.567,-0.180
1.00,1212,-5.274,-6.977,-5.458
1.00,1215,3.188,4.297,-5.562
1.00,1216,9.754,1.681,-5.489
1.00,1218,2.881,8.028,-0.191
1.00,1219,7.032,3.533,-0.169
1.00,1221,3.188,4.297,-5.562
1.00,1222,1.090,-9.529,-5.385
1.00,1223,-7.503,0.133,-0.173
1.00,1224,2.881,8.028,-0.191
1.00,1225,9.920,9.056,-10.390
1.00,1226,6.021,-5.481,-0.224
1.00,1227,8.172,5.666,4.420
1.00,1228,2.723,-3.435,4.408
1.00,1229,-4.180,1.083,4.461
1.00,1230,-0.734,8.291,-0.198
1.00,1231,-10.133,-8.149,-5.632
1.00,1233,7.031,3.535,-0.169
1.00,1234,-10.133,-8.149,-5.632
1.00,1235,6.314,-5.271,-0.219
1.00,1236,-8.908,0.038,-6.118
1.00,1237,-7.655,-0.085,-0.179
1.00,1238,2.880,8.029,-0.191
1.00,1240,6.281,-5.302,-0.220
1.00,1241,8.808,0.603,9.589
1.00,1242,-8.629,-8.365,3.732
1.00,1243,-7.801,-0.263,-0.186
1.00,1244,3.115,1.476,9.231
1.00,1245,2.880,8.029,-0.191
1.00,1248,5.092,7.123,-6.358
1.00,1249,-6.173,7.372,-5.282
1.00,1250,-0.367,8.272,-0.206
1.00,1251,-10.133,-8.149,-5.632
1.00,1252,6.811,-1.340,-5.542
1.00,1253,7.868,-9.710,4.098
1.00,1254,-1.567,4.767,4.072
1.00,1255,2.880,8.029,-0.191
1.00,1256,-2.755,5.170,-4.980
1.00,1257,9.920,9.056,-10.390
1.00,1258,-1.567,4.767,4.072
1.00,1259,-3.333,-8.895,-5.366
1.00,1260,-2.756,5.173,-4.980
1.00,1261,-2.406,-6.927,4.458
1.00,1262,-3.414,-6.323,4.511
1.00,1264,8.356,-0.883,-0.196
1.00,1265,-1.567,4.767,4.072
1.00,1266,4.441,-6.393,-0.217
1.00,1267,-0.191,3.384,-10.935
1.00,1268,-3.333,-8.895,-5.366
1.00,1269,-1.567,4.767,4.072
1.00,1270,6.317,-5.268,-0.219
1.00,1271,2.880,8.029,-0.191
1.00,1272,-3.734,-6.812,-0.176
1.00,1273,-3.247,1.559,9.296
1.00,1276,0.554,8.214,-0.229
1.00,1277,-6.173,7.372,-5.282
1.00,1278,-4.494,-6.534,-0.178
1.00,1279,-7.647,-0.076,-0.179
1.00,1281,7.868,-9.710,4.098
1.00,1282,6.277,-5.305,-0.220
1.00,1283,6.811,-1.340,-5.542
1.00,1284,-6.173,7.372,-5.282
1.00,1285,-8.848,4.523,4.481
1.00,1286,2.881,8.028,-0.191
1.00,1288,1.549,8.437,-6.668
1.00,1289,-5.239,7.488,9.698
1.00,1290,2.983,-1.353,3.163
1.00,1291,6.323,-5.262,-0.219
1.00,1293,2.816,4.041,4.678
1.00,1294,-7.498,0.146,-0.173
1.00,1295,2.102,-9.455,4.599
1.00,1296,3.989,-7.881,-5.933
1.00,1297,6.809,-1.342,-5.542
1.00,1298,6.811,-1.340,-5.542
1.00,1299,-8.629,-8.365,3.732
1.00,1300,3.201,2.046,-10.737
1.00,1301,-0.191,3.384,-10.935
1.00,1302,8.172,5.666,4.420
1.00,1303,6.809,-1.342,-5.542
1.00,1304,-6.173,7.372,-5.282
1.00,1305,3.115,1.476,9.231
1.00,1306,2.881,8.029,-0.191
1.00,1307,-7.646,-0.075,-0.179
1.00,1308,-3.333,-8.895,-5.366
1.00,1309,2.883,8.027,-0.191
1.00,1312,2.094,-9.462,4.598
1.00,1313,2.723,-3.435,4.408
1.00,1314,-3.411,-6.324,4.511
1.00,1315,2.723,-3.435,4.408
1.00,1316,0.338,8.224,-0.223
1.00,1317,3.227,-7.469,-0.195
1.00,1318,-5.239,7.488,9.698
1.00,1319,-8.848,4.523,4.481
1.00,1321,2.880,8.029,-0.191
1.00,1322,-4.162,8.536,-5.037
1.00,1323,3.188,4.297,-5.562
1.00,1324,-4.061,-6.966,9.293
1.00,1325,-4.457,-6.548,-0.178
1.00,1326,-3.333,-8.895,-5.366
1.00,1327,3.201,2.046,-10.737
1.00,1328,4.757,-7.252,5.015
1.00,1330,3.201,2.046,-10.737
1.00,1331,-7.645,-0.074,-0.179
1.00,1332,-10.133,-8.149,-5.632
1.00,1333,9.754,1.681,-5.489
1.00,1334,6.323,-5.262,-0.219
1.00,1335,1.549,8.438,-6.668
1.00,1337,3.115,1.476,9.231
1.00,1338,-2.409,-6.924,4.458
1.00,1339,1.549,8.439,-6.668
1.00,1341,8.951,1.454,4.708
1.00,1342,-0.912,-3.205,9.342
1.00,1343,9.754,1.681,-5.489
1.00,1344,-1.567,4.767,4.072
1.00,1346,9.754,1.681,-5.489
1.00,1347,3.989,-7.881,-5.933
1.00,1349,8.889,0.466,4.610
1.00,1350,-7.646,-0.075,-0.179
1.00,1353,-4.162,8.536,-5.037
1.00,1354,-2.377,-6.952,4.459
1.00,1355,1.549,8.437,-6.668
1.00,1356,8.889,0.465,4.610
1.00,1357,2.879,8.030,-0.191
1.00,1358,-3.416,-6.321,4.511
1.00,1360,4.054,1.248,4.243
1.00,1361,-7.648,-0.077,-0.179
1.00,1363,2.880,8.030,-0.191
1.00,1364,2.880,8.029,-0.191
1.00,1365,8.774,-8.605,3.304
1.00,1366,2.881,8.028,-0.191
1.00,1367,2.879,8.030,-0.191
1.00,1368,-7.591,-0.015,-0.176
1.00,1369,-8.848,4.523,4.481
1.00,1371,-8.908,0.039,-6.118
1.00,1372,-1.567,4.767,4.072
1.00,1373,-3.333,-8.895,-5.366
1.00,1374,2.723,-3.435,4.408
1.00,1375,-7.920,7.933,8.480
1.00,1376,2.816,4.041,4.678
1.00,1377,-7.747,-0.194,-0.183
1.00,1378,8.915,1.551,4.712
1.00,1380,-7.594,-0.018,-0.176
1.00,1381,-7.574,0.007,-0.176
1.00,1382,4.054,1.248,4.243
1.00,1383,-8.908,0.039,-6.118
1.00,1384,2.019,-9.535,4.595
1.00,1385,-5.274,-6.977,-5.458
1.00,1386,3.989,-7.881,-5.933
1.00,1387,-3.986,-6.722,-0.177
1.00,1388,7.028,3.542,-0.169
1.00,1390,-4.499,8.182,4.459
1.00,1391,-3.371,-6.345,4.507
1.00,1392,1.549,8.437,-6.668
1.00,1393,-3.444,-6.305,4.513
1.00,1394,2.723,-3.435,4.408
1.00,1395,4.850,-6.138,-0.226
1.00,1396,-4.566,-6.507,-0.179
1.00,1397,0.489,8.217,-0.227
1.00,1398,6.323,-5.262,-0.219
1.00,1400,4.296,-6.503,-0.213
1.00,1401,-3.434,-6.311,4.512
1.00,1402,3.115,1.476,9.231
1.00,1403,-2.750,5.160,-4.979
1.00,1405,8.356,-0.883,-0.196
1.00,1406,-7.682,-2.972,-0.221
1.00,1407,-3.401,-6.329,4.510
1.00,1408,-8.494,3.818,-5.261
1.00,1409,-4.180,1.083,4.461
1.00,1410,4.046,1.262,4.241
1.00,1411,1.274,8.219,-0.237
1.00,1412,-5.903,5.803,4.474
1.00,1413,7.032,3.532,-0.169
1.00,1414,4.055,1.248,4.243
1.00,1416,2.723,-3.435,4.408
1.00,1417,-7.585,-0.008,-0.176
1.00,1418,-7.751,-0.199,-0.184
1.00,1419,9.754,1.681,-5.489
1.00,1420,-3.422,-6.318,4.511
1.00,1422,1.991,-3.787,-5.331
1.00,1423,-8.169,-1.083,-0.206
1.00,1424,2.983,-1.353,3.162
1.00,1425,-5.274,-6.977,-5.458
1.00,1426,-7.750,-0.198,-0.183
1.00,1427,-4.064,-6.693,-0.177
1.00,1429,2.723,-3.435,4.408
1.00,1430,-8.150,-1.878,-0.217
1.00,1431,3.201,2.046,-10.737
1.00,1433,-8.629,-8.365,3.732
1.00,1434,-7.644,-0.074,-0.179
1.00,1435,-4.507,8.172,4.459
1.00,1436,2.723,-3.435,4.408
1.00,1438,-6.173,7.372,-5.282
1.00,1439,9.920,9.056,-10.390
1.00,1440,-5.904,5.803,4.474
1.00,1441,2.080,-9.476,4.598
1.00,1443,2.723,-3.435,4.408
1.00,1444,6.811,-1.340,-5.542
1.00,1445,6.811,-1.340,-5.542
1.00,1446,-5.904,5.803,4.474
1.00,1447,-4.878,-6.475,-5.338
1.00,1448,-7.710,-0.150,-0.182
1.00,1449,-0.648,-3.782,-10.524
1.00,1450,-4.967,-6.334,-0.182
1.00,1452,-0.856,8.293,-0.196
1.00,1453,2.037,-9.517,4.596
1.00,1454,-1.977,8.108,-0.181
1.00,1455,-4.061,-6.966,9.293
1.00,1456,6.811,-1.340,-5.542
1.00,1457,0.056,8.237,-0.216
1.00,1458,-1.567,4.767,4.072
1.00,1462,-5.274,-6.977,-5.458
1.00,1463,-6.173,7.372,-5.282
1.00,1464,-5.274,-6.977,-5.458
1.00,1466,6.811,-1.340,-5.542
1.00,1467,3.201,2.046,-10.737
1.00,1469,-8.908,0.039,-6.118
1.00,1472,-5.904,5.803,4.474
1.00,1473,-5.239,7.488,9.698
1.00,1474,-0.648,-3.782,-10.524
1.00,1476,8.356,-0.883,-0.196
1.00,1477,8.889,0.464,4.610
1.00,1478,3.989,-7.881,-5.933
1.00,1479,-8.848,4.523,4.481
1.00,1481,8.172,5.666,4.420
1.00,1482,3.989,-7.881,-5.933
1.00,1483,-4.515,-6.526,-0.179
1.00,1484,2.745,-7.851,-0.197
1.00,1485,-7.658,-0.089,-0.179
1.00,1486,-7.573,0.009,-0.176
1.00,1487,-0.191,3.384,-10.935
1.00,1488,-5.905,5.803,4.474
1.00,1489,2.880,8.029,-0.191
1.00,1490,-3.427,-6.315,4.512
1.00,1491,3.115,1.476,9.231
1.00,1493,-6.173,7.372,-5.282
1.00,1494,-0.912,-3.205,9.342
1.00,1496,-8.848,4.523,4.481
1.00,1497,-5.904,5.803,4.474
1.00,1498,3.201,2.046,-10.737
1.00,1499,-5.904,5.803,4.474
1.00,1500,-2.755,5.170,-4.980
1.00,1501,-5.239,7.488,9.698
1.00,1502,-7.917,7.931,8.483
1.00,1503,6.811,-1.340,-5.542
1.00,1504,-0.191,3.384,-10.935
1.00,1505,2.085,-9.471,4.598
1.00,1506,6.324,-5.261,-0.219
1.00,1507,-3.769,-0.221,-6.124
1.00,1508,5.732,-5.656,-0.229
1.00,1510,6.052,-5.460,-0.224
1.00,1511,8.172,5.666,4.420
1.00,1512,8.889,0.465,4.610
1.00,1514,6.811,-1.340,-5.542
1.00,1516,-3.410,-6.325,4.510
1.00,1517,8.172,5.666,4.420
1.00,1518,5.092,7.123,-6.358
1.00,1520,8.889,0.465,4.610
1.00,1521,-6.173,7.372,-5.282
1.00,1522,3.201,2.046,-10.737
1.00,1523,-3.771,-0.218,-6.122
1.00,1524,5.092,7.123,-6.358
1.00,1526,3.989,-7.881,-5.933
1.00,1527,8.172,5.666,4.420
1.00,1528,-2.754,5.169,-4.980
1.00,1529,8.909,1.566,4.713
1.00,1531,8.934,1.501,4.710
1.00,1532,-5.904,5.803,4.474
1.00,1534,-7.644,-0.073,-0.179
1.00,1535,-3.771,-0.217,-6.121
1.00,1536,-0.191,3.384,-10.935
1.00,1537,7.033,3.529,-0.169
1.00,1538,-3.247,1.559,9.296
1.00,1539,-7.295,-3.616,-0.212
1.00,1541,-7.643,-0.072,-0.179
1.00,1542,1.991,-3.787,-5.331
1.00,1543,3.989,-7.881,-5.933
1.00,1544,7.031,3.535,-0.169
1.00,1545,-2.753,5.167,-4.980
1.00,1546,-5.904,5.803,4.474
1.00,1547,-3.773,-0.213,-6.118
1.00,1548,7.031,3.533,-0.169
1.00,1549,-0.191,3.384,-10.935
1.00,1551,4.001,1.333,4.230
1.00,1552,-7.653,-0.083,-0.179
1.00,1553,3.188,4.297,-5.562
1.00,1554,-5.904,5.803,4.474
1.00,1555,6.811,-1.340,-5.542
1.00,1556,-7.643,-0.072,-0.179
1.00,1557,9.920,9.056,-10.390
1.00,1560,-1.978,8.107,-0.181
1.00,1561,-8.629,-8.365,3.732
1.00,1562,2.880,8.029,-0.191
1.00,1563,5.092,7.123,-6.358
1.00,1565,2.723,-3.435,4.408
1.00,1566,-3.457,-6.297,4.514
1.00,1567,-0.431,8.278,-0.204
1.00,1568,0.153,8.232,-0.218
1.00,1569,3.188,4.297,-5.562
1.00,1570,2.880,8.030,-0.191
1.00,1571,-8.494,3.836,-5.259
1.00,1572,-8.848,4.523,4.481
1.00,1573,8.172,5.666,4.420
1.00,1574,-7.645,-0.074,-0.179
1.00,1575,-3.769,-0.221,-6.124
1.00,1577,-2.291,7.991,-0.180
1.00,1578,-0.641,8.290,-0.200
1.00,1579,-4.061,-6.966,9.293
1.00,1580,-5.274,-6.977,-5.458
1.00,1581,-4.470,-6.543,-0.178
1.00,1582,-3.956,-6.733,-0.177
1.00,1583,1.550,8.437,-6.669
1.00,1584,9.754,1.681,-5.489
1.00,1585,-4.039,-6.702,-0.177
1.00,1586,-4.180,1.083,4.461
1.00,1587,8.356,-0.883,-0.196
1.00,1588,1.978,-3.787,-5.333
1.00,1590,-4.180,1.083,4.461
1.00,1591,-5.274,-6.977,-5.458
1.00,1592,-7.777,-0.232,-0.185
1.00,1593,-4.499,8.182,4.459
1.00,1594,-3.407,-6.326,4.510
1.00,1595,9.754,1.681,-5.489
1.00,1597,-6.277,-5.171,-0.203
1.00,1598,5.049,-6.016,-0.230
1.00,1599,2.879,8.030,-0.191
1.00,1600,7.868,-9.710,4.098
1.00,1601,-0.191,3.384,-10.935
1.00,1602,-4.180,1.083,4.461
1.00,1603,-0.912,-3.205,9.342
1.00,1604,2.911,8.002,-0.191
1.00,1605,2.884,8.025,-0.191
1.00,1606,-0.727,-3.731,-10.514
1.00,1607,8.356,-0.883,-0.196
1.00,1609,-6.173,7.372,-5.282
1.00,1610,-7.555,0.034,-0.175
1.00,1611,-8.848,4.523,4.481
1.00,1612,-7.649,-0.079,-0.179
1.00,1614,1.991,-3.787,-5.331
1.00,1615,-3.141,-10.569,4.498
1.00,1616,6.324,-5.261,-0.219
1.00,1617,9.754,1.681,-5.489
1.00,1618,2.816,4.041,4.678
1.00,1619,5.414,-5.819,-0.231
1.00,1620,2.094,-9.462,4.598
1.00,1621,-1.567,4.767,4.072
1.00,1622,2.816,4.041,4.678
1.00,1624,2.030,-9.523,4.595
1.00,1625,-3.772,-0.216,-6.120
1.00,1626,-4.162,8.536,-5.037
1.00,1627,8.356,-0.883,-0.196
1.00,1628,-5.274,-6.977,-5.458
1.00,1629,8.889,0.465,4.610
1.00,1630,3.115,1.476,9.231
1.00,1631,5.092,7.123,-6.358
1.00,1632,6.323,-5.262,-0.219
1.00,1634,2.879,8.030,-0.191
1.00,1635,3.115,1.476,9.231
1.00,1636,-3.410,-6.325,4.510
1.00,1637,2.091,-9.465,4.598
1.00,1638,2.707,8.147,-0.192
1.00,1640,1.991,-3.787,-5.331
1.00,1642,-8.848,4.523,4.481
1.00,1643,-4.180,1.083,4.461
1.00,1644,3.201,2.046,-10.737
1.00,1646,8.949,1.460,4.708
1.00,1647,5.092,7.123,-6.358
1.00,1649,4.038,1.274,4.239
1.00,1650,-2.726,-6.707,4.466
1.00,1651,3.188,4.297,-5.562
1.00,1653,-0.288,8.265,-0.208
1.00,1654,6.811,-1.340,-5.542
1.00,1655,-7.748,-0.195,-0.183
1.00,1656,-7.645,-0.075,-0.179
1.00,1657,3.201,2.046,-10.737
1.00,1658,-3.770,-0.218,-6.122
1.00,1659,2.723,-3.435,4.408
1.00,1661,-5.239,7.488,9.698
1.00,1663,-7.783,-0.240,-0.185
1.00,1665,-5.904,5.803,4.474
1.00,1666,-7.446,0.526,-0.169
1.00,1669,-0.648,-3.782,-10.524
1.00,1670,-3.246,1.559,9.296
1.00,1672,-5.239,7.488,9.698
1.00,1673,-10.133,-8.149,-5.632
1.00,1674,2.880,8.029,-0.191
1.00,1675,2.723,-3.435,4.408
1.00,1677,-3.247,1.559,9.296
1.00,1678,-3.438,-6.309,4.513
1.00,1679,4.612,-6.284,-0.220
1.00,1680,-6.173,7.372,-5.282
1.00,1684,-3.440,-6.308,4.513
1.00,1685,2.880,8.029,-0.191
1.00,1686,-6.173,7.372,-5.282
1.00,1687,6.318,-5.266,-0.219
1.00,1688,-1.567,4.767,4.072
1.00,1689,3.115,1.476,9.231
1.00,1690,-5.274,-6.977,-5.458
1.00,1691,2.816,4.041,4.678
1.00,1692,-7.548,0.045,-0.175
1.00,1693,8.774,-8.605,3.304
1.00,1694,-0.197,8.257,-0.210
1.00,1695,-5.239,7.488,9.698
1.00,1696,3.989,-7.881,-5.933
1.00,1698,7.868,-9.710,4.098
1.00,1699,8.356,-0.883,-0.196
1.00,1700,3.115,1.476,9.231
1.00,1701,2.880,8.029,-0.191
1.00,1702,3.201,2.046,-10.737
1.00,1703,2.816,4.041,4.678
1.00,1704,-2.756,5.172,-4.980
1.00,1705,-5.112,-6.257,-0.183
1.00,1706,-3.247,1.559,9.296
1.00,1707,0.545,9.073,9.561
1.00,1708,-0.912,-3.205,9.342
1.00,1709,-4.219,-6.636,-0.177
1.00,1710,6.811,-1.340,-5.542
1.00,1711,7.036,3.523,-0.169
1.00,1712,-5.067,-6.284,-0.183
1.00,1713,8.808,0.603,9.589
1.00,1714,-4.061,-6.966,9.293
1.00,1715,-1.567,4.767,4.072
1.00,1716,-5.239,7.488,9.698
1.00,1717,8.356,-0.883,-0.196
1.00,1718,9.920,9.056,-10.390
1.00,1719,-5.904,5.803,4.474
1.00,1720,3.201,2.046,-10.737
1.00,1721,-5.904,5.803,4.474
1.00,1722,8.808,0.603,9.589
1.00,1723,5.092,7.123,-6.358
1.00,1725,-8.140,-1.915,-0.218
1.00,1726,9.920,9.056,-10.390
1.00,1727,-7.916,7.929,8.485
1.00,1729,-3.446,-6.304,4.513
1.00,1730,6.269,-5.312,-0.220
1.00,1731,8.356,-0.883,-0.196
1.00,1732,6.811,-1.340,-5.542
1.00,1734,8.907,1.571,4.713
1.00,1735,5.524,-5.763,-0.232
1.00,1736,8.889,0.466,4.610
1.00,1738,-7.526,0.083,-0.174
1.00,1741,4.054,1.248,4.243
1.00,1742,-7.645,-0.074,-0.179
1.00,1743,0.545,9.073,9.561
1.00,1744,3.989,-7.881,-5.933
1.00,1745,2.816,4.041,4.678
1.00,1746,8.172,5.666,4.420
1.00,1749,-1.567,4.767,4.072
1.00,1751,-7.505,2.269,-0.192
1.00,1753,2.396,8.212,-0.200
1.00,1754,2.880,8.029,-0.191
1.00,1755,6.322,-5.263,-0.219
1.00,1756,-7.839,-0.314,-0.188
1.00,1757,-5.904,5.803,4.474
1.00,1758,9.754,1.681,-5.489
1.00,1759,-3.333,-8.895,-5.366
1.00,1760,0.305,8.226,-0.222
1.00,1762,-7.764,-0.215,-0.184
1.00,1763,-3.247,1.559,9.296
1.00,1764,8.172,5.666,4.420
1.00,1765,0.884,8.211,-0.234
1.00,1766,-7.794,-0.253,-0.185
1.00,1767,-7.762,-0.213,-0.184
1.00,1768,8.889,0.465,4.610
1.00,1769,7.868,-9.710,4.098
1.00,1770,4.047,1.259,4.241
1.00,1771,-2.750,5.160,-4.979
1.00,1772,-8.908,0.039,-6.118
1.00,1773,-0.918,8.293,-0.195
1.00,1774,-2.624,-11.165,9.056
1.00,1775,1.549,8.438,-6.668
1.00,1777,9.754,1.681,-5.489
1.00,1778,-3.770,-0.220,-6.124
1.00,1779,-3.416,-6.321,4.511
1.00,1780,-7.658,-0.089,-0.179
1.00,1781,2.880,8.029,-0.191
1.00,1782,-6.173,7.372,-5.282
1.00,1783,-0.809,8.292,-0.197
1.00,1784,-4.061,-6.966,9.293
1.00,1785,-0.582,8.288,-0.201
1.00,1787,7.868,-9.710,4.098
1.00,1788,-5.239,7.488,9.698
1.00,1789,-2.473,-6.868,4.456
1.00,1790,2.022,-9.532,4.595
1.00,1793,3.115,1.476,9.231
1.00,1794,-2.445,-6.893,4.457
1.00,1795,2.880,8.029,-0.191
1.00,1797,-3.441,-6.307,4.513
1.00,1798,9.920,9.056,-10.390
1.00,1799,-0.690,8.290,-0.199
1.00,1800,-3.411,-6.324,4.511
1.00,1801,5.092,7.123,-6.358
1.00,1802,5.092,7.123,-6.358
1.00,1803,-4.061,-6.966,9.293
1.00,1804,-3.412,-6.323,4.511
1.00,1805,1.549,8.438,-6.668
1.00,1806,-3.247,1.559,9.296
1.00,1807,6.811,-1.340,-5.542
1.00,1808,3.115,1.476,9.231
1.00,1809,8.356,-0.883,-0.196
1.00,1810,-4.204,-6.642,-0.177
1.00,1811,3.989,-7.881,-5.933
1.00,1812,7.029,3.538,-0.169
1.00,1813,-0.912,-3.205,9.342
1.00,1814,9.754,1.681,-5.489
1.00,1815,-4.461,-6.547,-0.178
1.00,1816,1.549,8.437,-6.668
1.00,1817,5.092,7.123,-6.358
1.00,1818,8.172,5.666,4.420
1.00,1819,-8.908,0.039,-6.118
1.00,1820,-4.162,8.537,-5.037
1.00,1821,-8.908,0.039,-6.118
1.00,1822,6.136,-5.405,-0.222
1.00,1823,9.754,1.681,-5.489
1.00,1825,-6.173,7.372,-5.282
1.00,1826,-4.061,-6.966,9.293
1.00,1827,2.879,8.030,-0.191
1.00,1828,-8.908,0.039,-6.118
1.00,1829,2.816,4.041,4.678
1.00,1830,6.322,-5.263,-0.219
1.00,1831,2.022,-9.531,4.595
1.00,1832,6.322,-5.263,-0.219
1.00,1833,2.816,4.041,4.678
1.00,1834,6.811,-1.340,-5.542
1.00,1835,-0.912,-3.205,9.342
1.00,1836,-2.753,5.167,-4.980
1.00,1837,3.201,2.046,-10.737
1.00,1840,-7.897,-2.548,-0.223
1.00,1842,-0.191,3.384,-10.935
1.00,1843,-7.510,1.877,-0.189
1.00,1844,3.201,2.046,-10.737
1.00,1845,-3.333,-8.895,-5.366
1.00,1846,1.536,-9.829,4.605
1.00,1847,8.889,0.465,4.610
1.00,1848,-3.445,-6.305,4.513
1.00,1850,5.092,7.123,-6.358
1.00,1851,-8.908,0.039,-6.118
1.00,1852,-5.101,-6.263,-0.183
1.00,1853,-2.762,5.186,-4.981
1.00,1854,7.029,3.538,-0.169
1.00,1855,3.188,4.297,-5.562
1.00,1856,-0.163,8.254,-0.211
1.00,1858,-8.908,0.039,-6.118
1.00,1859,-8.848,4.523,4.481
1.00,1860,-8.908,0.039,-6.118
1.00,1861,6.323,-5.262,-0.219
1.00,1862,6.316,-5.269,-0.219
1.00,1863,2.884,8.025,-0.191
1.00,1864,-0.912,-3.205,9.342
1.00,1865,-1.567,4.767,4.072
1.00,1866,3.201,2.046,-10.737
1.00,1867,-6.173,7.372,-5.282
1.00,1871,-3.444,-6.305,4.513
1.00,1872,2.880,8.030,-0.191
1.00,1873,-4.502,8.178,4.459
1.00,1874,-5.274,-6.977,-5.458
1.00,1875,4.055,1.248,4.243
1.00,1876,7.030,3.535,-0.169
1.00,1877,4.054,1.249,4.243
1.00,1878,7.030,3.537,-0.169
1.00,1879,6.164,-5.386,-0.222
1.00,1880,8.889,0.465,4.610
1.00,1881,2.723,-3.435,4.408
1.00,1882,-7.645,-0.074,-0.179
1.00,1883,-7.653,-0.084,-0.179
1.00,1884,-7.538,0.061,-0.175
1.00,1885,-3.419,-6.320,4.511
1.00,1886,0.334,8.224,-0.223
1.00,1887,-3.772,-0.215,-6.119
1.00,1888,-3.771,-0.218,-6.122
1.00,1889,8.911,1.562,4.713
1.00,1890,6.323,-5.262,-0.219
1.00,1891,1.090,-9.529,-5.385
1.00,1892,-7.919,7.932,8.482
1.00,1893,-5.904,5.803,4.474
1.00,1895,2.081,-9.475,4.598
1.00,1896,-1.567,4.767,4.072
1.00,1897,8.172,5.666,4.420
1.00,1898,-2.747,5.154,-4.979
1.00,1899,-8.629,-8.365,3.732
1.00,1900,2.021,-9.532,4.595
1.00,1901,-0.912,-3.205,9.342
1.00,1905,-7.872,-2.596,-0.223
1.00,1906,-1.567,4.767,4.072
1.00,1907,-0.912,-3.205,9.342
1.00,1908,-8.114,-0.864,-0.202
1.00,1910,-5.904,5.803,4.474
1.00,1911,8.172,5.666,4.420
1.00,1912,3.188,4.297,-5.562
1.00,1913,8.923,1.532,4.711
1.00,1915,-1.567,4.767,4.072
1.00,1916,-3.466,-6.290,4.515
1.00,1917,-3.772,-0.216,-6.120
1.00,1918,-3.246,1.559,9.296
1.00,1919,-8.493,3.848,-5.257
1.00,1921,-0.912,-3.205,9.342
1.00,1923,-4.061,-6.966,9.293
1.00,1924,3.115,1.476,9.231
1.00,1926,2.863,8.045,-0.191
1.00,1927,2.723,-3.435,4.408
1.00,1928,4.309,-6.492,-0.214
1.00,1930,1.991,-3.787,-5.331
1.00,1931,-7.802,-0.264,-0.186
1.00,1932,-5.274,-6.977,-5.458
1.00,1933,-0.191,3.384,-10.935
1.00,1935,-7.617,-0.044,-0.178
1.00,1936,2.880,8.029,-0.191
1.00,1937,-3.247,1.559,9.296
1.00,1938,-8.908,0.038,-6.118
1.00,1939,-7.644,-0.073,-0.179
1.00,1940,8.808,0.603,9.589
1.00,1941,-4.180,1.083,4.461
1.00,1942,7.868,-9.710,4.098
1.00,1943,-4.061,-6.966,9.293
1.00,1944,2.084,-9.472,4.598
1.00,1946,-6.173,7.372,-5.282
1.00,1947,3.939,1.430,4.215
1.00,1948,-1.567,4.767,4.072
1.00,1949,-3.448,-6.303,4.513
1.00,1950,1.090,-9.529,-5.385
1.00,1951,-7.714,-0.154,-0.182
1.00,1953,2.097,-9.459,4.599
1.00,1954,8.356,-0.883,-0.196
1.00,1956,-0.654,-3.778,-10.523
1.00,1957,-4.499,8.181,4.459
1.00,1958,-3.416,-6.321,4.511
1.00,1959,-7.493,0.160,-0.173
1.00,1960,-3.416,-6.321,4.511
1.00,1961,8.356,-0.883,-0.196
1.00,1962,7.030,3.537,-0.169
1.00,1963,-5.274,-6.977,-5.458
1.00,1964,6.811,-1.340,-5.542
1.00,1965,-4.159,-6.658,-0.177
1.00,1966,-4.061,-6.966,9.293
1.00,1967,2.074,-9.481,4.597
1.00,1968,8.172,5.666,4.420
1.00,1970,-3.771,-0.218,-6.122
1.00,1971,8.172,5.666,4.420
1.00,1972,-2.517,-6.834,4.456
1.00,1973,-3.453,-6.300,4.514
1.00,1974,1.991,-3.787,-5.331
1.00,1975,-5.274,-6.977,-5.458
1.00,1976,-5.239,7.488,9.698
1.00,1977,2.016,-9.538,4.595
1.00,1979,-8.629,-8.365,3.732
1.00,1980,-5.274,-6.977,-5.458
1.00,1981,-3.431,-6.313,4.512
1.00,1983,-3.247,1.559,9.296
1.00,1984,2.880,8.029,-0.191
1.00,1985,2.983,-1.353,3.162
1.00,1986,-8.629,-8.365,3.732
1.00,1987,8.774,-8.605,3.304
1.00,1988,8.172,5.666,4.420
1.00,1989,-3.885,-6.759,-0.177
1.00,1990,-0.191,3.384,-10.935
1.00,1991,-8.084,-0.770,-0.200
1.00,1992,6.295,-5.289,-0.220
1.00,1993,8.172,5.666,4.420
1.00,1994,6.322,-5.263,-0.219
1.00,1995,3.188,4.297,-5.562
1.00,1996,-7.645,-0.074,-0.179
1.00,1997,-4.502,8.178,4.459
1.00,1998,-5.239,7.488,9.698
1.00,2000,-5.904,5.803,4.474
1.00,2001,-7.778,-0.233,-0.185
1.00,2002,3.989,-7.881,-5.933
1.00,2003,-3.407,-6.326,4.510
1.00,2004,2.886,8.023,-0.191
1.00,2005,-3.411,-6.324,4.511
1.00,2006,3.188,4.297,-5.562
1.00,2007,3.115,1.476,9.231
1.00,2008,4.467,-7.436,5.053
1.00,2009,2.019,-9.534,4.595
1.00,2010,7.033,3.529,-0.169
1.00,2011,-0.771,8.292,-0.197
1.00,2013,2.723,-3.435,4.408
1.00,2014,4.081,-6.685,-0.207
1.00,2015,-7.695,-0.131,-0.181
1.00,2016,9.754,1.681,-5.489
1.00,2018,-1.567,4.767,4.072
1.00,2019,-6.173,7.372,-5.282
1.00,2020,-5.274,-6.977,-5.458
1.00,2021,8.912,1.559,4.713
1.00,2022,-0.760,8.292,-0.198
1.00,2024,-7.642,-0.071,-0.179
1.00,2026,1.466,-9.874,4.606
1.00,2027,6.322,-5.263,-0.219
1.00,2028,6.811,-1.340,-5.542
1.00,2029,7.037,3.522,-0.169
1.00,2030,5.092,7.123,-6.358
1.00,2031,-3.770,-0.219,-6.122
1.00,2032,-4.180,1.083,4.461
1.00,2033,-8.062,-0.711,-0.199
1.00,2034,3.201,2.046,-10.737
1.00,2035,-7.600,-0.024,-0.177
1.00,2036,3.115,1.476,9.231
1.00,2037,-8.013,-0.596,-0.196
1.00,2038,-3.247,1.559,9.296
1.00,2041,6.323,-5.262,-0.219
1.00,2042,8.172,5.666,4.420
1.00,2043,-4.061,-6.966,9.293
1.00,2044,2.022,-9.532,4.595
1.00,2045,2.723,-3.435,4.408
1.00,2046,4.014,1.311,4.233
1.00,2047,-3.413,-6.323,4.511
1.00,2048,-3.247,1.559,9.296
1.00,2049,2.055,-9.499,4.597
1.00,2050,1.991,-3.787,-5.331
1.00,2053,3.188,4.297,-5.562
1.00,2054,5.092,7.123,-6.358
1.00,2055,8.172,5.666,4.420
1.00,2056,1.548,8.440,-6.667
1.00,2057,5.092,7.123,-6.358
1.00,2059,8.808,0.603,9.589
1.00,2060,8.356,-0.883,-0.196
1.00,2061,-4.180,1.083,4.461
1.00,2062,-1.567,4.767,4.072
1.00,2063,-4.180,1.083,4.461
1.00,2064,7.868,-9.710,4.098
1.00,2065,2.816,4.041,4.678
1.00,2066,-8.908,0.039,-6.118
1.00,2067,-3.419,-6.319,4.511
1.00,2069,9.754,1.681,-5.489
1.00,2070,-3.772,-0.214,-6.119
1.00,2071,6.320,-5.265,-0.219
1.00,2073,-8.078,-2.109,-0.220
1.00,2074,-2.755,5.171,-4.980
1.00,2075,-8.821,4.478,4.487
1.00,2076,9.754,1.681,-5.489
1.00,2077,-3.428,-6.315,4.512
1.00,2078,-1.567,4.767,4.072
1.00,2079,5.092,7.123,-6.358
1.00,2080,-8.848,4.523,4.481
1.00,2081,-4.504,8.175,4.459
1.00,2082,-8.629,-8.365,3.732
1.00,2083,-5.239,7.488,9.698
1.00,2084,-8.908,0.039,-6.118
1.00,2085,2.723,-3.435,4.408
1.00,2086,-5.274,-6.977,-5.458
1.00,2087,3.115,1.476,9.231
1.00,2088,6.811,-1.340,-5.542
1.00,2089,8.956,1.442,4.707
1.00,2090,-3.416,-6.321,4.511
1.00,2091,-7.570,0.013,-0.176
1.00,2092,1.991,-3.787,-5.331
1.00,2093,-4.530,-6.521,-0.179
1.00,2095,9.754,1.681,-5.489
1.00,2096,-5.904,5.803,4.474
1.00,2097,3.115,1.476,9.231
1.00,2098,-4.493,-6.535,-0.178
1.00,2099,-3.409,-6.325,4.510
1.00,2102,-7.687,-0.123,-0.181
1.00,2103,-7.659,-0.090,-0.179
1.00,2104,-3.333,-8.895,-5.366
1.00,2105,-3.771,-0.217,-6.121
1.00,2106,-2.758,5.176,-4.980
1.00,2107,3.188,4.297,-5.562
1.00,2108,8.356,-0.883,-0.196
1.00,2109,-3.772,-0.215,-6.119
1.00,2111,6.811,-1.340,-5.542
1.00,2112,-1.567,4.767,4.072
1.00,2113,-1.101,8.291,-0.192
1.00,2114,-7.505,1.613,-0.184
1.00,2115,-5.274,-6.977,-5.458
1.00,2116,-7.666,-0.098,-0.180
1.00,2117,-3.427,-6.315,4.512
1.00,2118,-0.685,-3.758,-10.520
1.00,2119,-3.413,-6.323,4.511
1.00,2120,8.808,0.603,9.589
1.00,2121,-4.061,-6.966,9.293
1.00,2122,-5.094,-6.267,-0.183
1.00,2123,8.808,0.603,9.589
1.00,2124,-8.847,4.523,4.481
1.00,2126,6.323,-5.262,-0.219
1.00,2127,-1.567,4.767,4.072
1.00,2128,-3.247,1.559,9.296
1.00,2130,-6.173,7.372,-5.282
1.00,2132,9.920,9.056,-10.390
1.00,2133,2.046,-9.509,4.596
1.00,2134,8.930,1.512,4.711
1.00,2135,-1.356,-4.224,-0.262
1.00,2136,-0.713,-3.740,-10.516
1.00,2137,6.324,-5.261,-0.219
1.00,2138,-8.908,0.039,-6.118
1.00,2139,-1.567,4.767,4.072
1.00,2142,-4.161,8.538,-5.037
1.00,2143,-7.705,-0.144,-0.181
1.00,2144,6.323,-5.262,-0.219
1.00,2146,1.991,-3.787,-5.331
1.00,2147,8.774,-8.605,3.304
1.00,2148,2.880,8.029,-0.191
1.00,2149,1.549,8.437,-6.668
1.00,2150,-3.392,-6.334,4.509
1.00,2151,-4.161,8.537,-5.037
1.00,2152,7.033,3.530,-0.169
1.00,2154,-2.565,-6.804,4.458
1.00,2155,7.868,-9.710,4.098
1.00,2156,3.115,1.476,9.231
1.00,2157,-1.567,4.767,4.072
1.00,2158,-0.584,8.288,-0.201
1.00,2159,2.816,4.041,4.678
1.00,2160,-4.502,8.177,4.459
1.00,2161,-5.904,5.803,4.474
1.00,2162,3.989,-7.881,-5.933
1.00,2163,-2.494,-6.849,4.455
1.00,2164,-4.181,1.081,4.461
1.00,2167,3.188,4.297,-5.562
1.00,2168,-7.644,-0.073,-0.179
1.00,2169,-8.848,4.523,4.481
1.00,2170,-1.567,4.767,4.072
1.00,2171,-8.908,0.039,-6.118
1.00,2172,-5.903,5.803,4.474
1.00,2173,2.723,-3.435,4.408
1.00,2174,2.723,-3.435,4.408
1.00,2175,-5.274,-6.977,-5.458
1.00,2176,2.723,-3.435,4.408
1.00,2177,-8.848,4.523,4.481
1.00,2178,8.808,0.603,9.589
1.00,2179,3.188,4.297,-5.562
1.00,2180,3.201,2.046,-10.737
1.00,2182,-6.807,-4.371,-0.204
1.00,2183,8.356,-0.883,-0.196
1.00,2184,5.092,7.123,-6.358
1.00,2185,9.754,1.681,-5.489
1.00,2186,1.549,8.439,-6.668
1.00,2187,-3.413,-6.323,4.511
1.00,2188,8.172,5.666,4.420
1.00,2190,6.324,-5.261,-0.219
1.00,2191,-7.709,-0.148,-0.182
1.00,2193,1.991,-3.787,-5.331
1.00,2194,-0.912,-3.205,9.342
1.00,2195,1.991,-3.787,-5.331
1.00,2196,1.991,-3.787,-5.331
1.00,2197,5.092,7.123,-6.358
1.00,2198,-4.878,-6.376,-0.181
1.00,2200,-0.421,8.277,-0.204
1.00,2201,0.237,8.229,-0.221
1.00,2203,-4.333,-6.594,-0.177
1.00,2204,6.811,-1.340,-5.542
1.00,2205,3.115,1.476,9.231
1.00,2206,-3.435,-6.311,4.512
1.00,2207,1.991,-3.787,-5.331
1.00,2208,3.188,4.297,-5.562
1.00,2209,9.754,1.681,-5.489
1.00,2210,2.020,-9.533,4.595
1.00,2211,-7.677,-0.110,-0.180
1.00,2212,-7.543,0.052,-0.175
1.00,2213,-6.173,7.372,-5.282
1.00,2216,-2.415,-6.919,4.458
1.00,2218,8.172,5.666,4.420
1.00,2219,-4.469,-6.544,-0.178
1.00,2220,5.092,7.123,-6.358
1.00,2221,-1.567,4.767,4.072
1.00,2222,-8.494,3.830,-5.260
1.00,2223,8.889,0.465,4.610
1.00,2224,2.879,8.030,-0.191
1.00,2225,3.201,2.046,-10.737
1.00,2227,-4.061,-6.966,9.293
1.00,2228,-7.687,-0.122,-0.181
1.00,2229,-7.650,-0.080,-0.179
1.00,2232,-5.274,-6.977,-5.458
1.00,2233,-8.908,0.038,-6.118
1.00,2234,-5.904,5.803,4.474
1.00,2235,5.234,-5.914,-0.231
1.00,2236,-4.233,-6.631,-0.177
1.00,2237,-4.694,-6.455,-0.180
1.00,2238,7.030,3.537,-0.169
1.00,2240,1.991,-3.787,-5.331
1.00,2241,-1.567,4.767,4.072
1.00,2242,-8.848,4.523,4.481
1.00,2243,-8.848,4.523,4.481
1.00,2244,8.889,0.465,4.610
1.00,2245,8.889,0.462,4.610
1.00,2246,3.188,4.297,-5.562
1.00,2248,-4.180,1.083,4.461
1.00,2249,7.031,3.534,-0.169
1.00,2250,4.201,-6.581,-0.211
1.00,2251,-2.393,-6.938,4.459
1.00,2252,-6.173,7.372,-5.282
1.00,2253,1.991,-3.787,-5.331
1.00,2254,-7.646,-0.075,-0.179
1.00,2255,6.277,-5.305,-0.220
1.00,2257,5.197,-5.934,-0.231
1.00,2258,-5.274,-6.977,-5.458
1.00,2259,-3.141,-10.569,4.498
1.00,2260,-3.333,-8.895,-5.366
1.00,2261,-1.567,4.767,4.072
1.00,2262,2.886,8.024,-0.191
1.00,2263,-4.162,8.536,-5.037
1.00,2264,8.898,1.593,4.714
1.00,2265,-0.912,-3.205,9.342
1.00,2266,0.545,9.073,9.561
1.00,2267,3.201,2.046,-10.737
1.00,2268,2.816,4.041,4.678
1.00,2269,8.172,5.666,4.420
1.00,2270,4.055,1.248,4.243
1.00,2273,6.323,-5.262,-0.219
1.00,2274,5.092,7.123,-6.358
1.00,2275,1.991,-3.787,-5.331
1.00,2277,5.092,7.123,-6.358
1.00,2278,-4.180,1.083,4.461
1.00,2279,6.811,-1.340,-5.542
1.00,2281,9.920,9.056,-10.390
1.00,2282,3.115,1.476,9.231
1.00,2283,2.881,8.028,-0.191
1.00,2284,6.320,-5.265,-0.219
1.00,2285,3.989,-7.881,-5.933
1.00,2286,-4.646,-6.475,-0.180
1.00,2287,8.356,-0.883,-0.196
1.00,2288,-5.904,5.803,4.474
1.00,2289,6.954,3.706,-0.168
1.00,2290,3.188,4.297,-5.562
1.00,2292,6.809,-1.342,-5.542
1.00,2293,2.885,8.024,-0.191
1.00,2294,1.991,-3.787,-5.331
1.00,2295,1.092,-9.529,-5.386
1.00,2296,-3.425,-6.316,4.512
1.00,2298,-3.771,-0.217,-6.121
1.00,2299,-8.908,0.039,-6.118
1.00,2300,4.054,1.248,4.243
1.00,2301,-3.333,-8.895,-5.366
1.00,2302,-2.757,5.174,-4.980
1.00,2304,2.816,4.041,4.678
1.00,2305,3.989,-7.881,-5.933
1.00,2306,6.811,-1.340,-5.542
1.00,2309,-5.904,5.803,4.474
1.00,2310,-8.629,-8.365,3.732
1.00,2311,-0.912,-3.205,9.342
1.00,2312,-3.333,-8.895,-5.366
1.00,2313,-3.426,-6.316,4.512
1.00,2314,4.033,1.281,4.238
1.00,2315,8.356,-0.883,-0.196
1.00,2316,-6.173,7.372,-5.282
1.00,2317,-6.173,7.372,-5.282
1.00,2318,6.811,-1.340,-5.542
1.00,2320,-5.274,-6.977,-5.458
1.00,2321,2.084,-9.472,4.598
1.00,2322,3.201,2.046,-10.737
1.00,2323,-8.629,-8.365,3.732
1.00,2325,3.188,4.297,-5.562
1.00,2326,8.172,5.666,4.420
1.00,2327,-3.440,-6.308,4.513
1.00,2328,2.880,8.029,-0.191
1.00,2329,-5.904,5.803,4.474
1.00,2330,-8.944,-0.178,-6.077
1.00,2331,-3.490,-6.234,4.516
1.00,2332,-4.061,-6.966,9.293
1.00,2333,-3.772,-0.215,-6.119
1.00,2335,-7.698,-0.135,-0.181
1.00,2336,6.999,3.605,-0.168
1.00,2337,-5.274,-6.977,-5.458
1.00,2339,1.090,-9.529,-5.385
1.00,2340,5.092,7.123,-6.358
1.00,2341,-3.402,-6.329,4.510
1.00,2342,3.989,-7.881,-5.933
1.00,2343,-6.172,-5.304,-0.202
1.00,2344,-5.905,5.803,4.474
1.00,2345,-2.755,5.171,-4.980
1.00,2346,-2.754,5.169,-4.980
1.00,2347,-7.646,-0.076,-0.179
1.00,2348,-8.134,-0.931,-0.203
1.00,2349,-3.774,-0.211,-6.116
1.00,2350,3.115,1.476,9.231
1.00,2351,-3.247,1.559,9.296
1.00,2352,2.879,8.030,-0.191
1.00,2353,-5.274,-6.977,-5.458
1.00,2355,-8.138,-0.947,-0.203
1.00,2356,3.188,4.297,-5.562
1.00,2358,-1.567,4.767,4.072
1.00,2359,6.308,-5.277,-0.220
1.00,2360,-5.274,-6.977,-5.458
1.00,2361,-3.409,-6.325,4.510
1.00,2362,-7.685,-0.119,-0.181
1.00,2363,-1.567,4.767,4.072
1.00,2364,1.551,8.433,-6.670
1.00,2365,2.883,8.027,-0.191
1.00,2366,6.324,-5.261,-0.219
1.00,2367,-1.567,4.767,4.072
1.00,2368,2.115,-9.442,4.599
1.00,2369,2.983,-1.353,3.163
1.00,2371,-2.462,-6.878,4.456
1.00,2372,-7.805,-0.268,-0.186
1.00,2374,8.889,0.465,4.610
1.00,2375,-3.416,-6.321,4.511
1.00,2376,8.889,0.465,4.610
1.00,2377,1.991,-3.787,-5.331
1.00,2378,-8.848,4.523,4.481
1.00,2379,2.895,8.016,-0.191
1.00,2380,-7.743,-0.189,-0.183
1.00,2381,-0.912,-3.205,9.342
1.00,2382,2.880,8.029,-0.191
1.00,2383,-8.848,4.523,4.481
1.00,2384,9.754,1.681,-5.489
1.00,2385,-8.629,-8.365,3.732
1.00,2386,-2.421,-6.914,4.458
1.00,2387,8.172,5.666,4.420
1.00,2388,-10.133,-8.149,-5.632
1.00,2389,-1.567,4.767,4.072
1.00,2390,-5.239,7.488,9.698
1.00,2391,-7.523,0.089,-0.174
1.00,2392,-1.567,4.767,4.072
1.00,2393,7.028,3.541,-0.169
1.00,2394,2.816,4.041,4.678
1.00,2396,6.241,-5.334,-0.220
1.00,2397,-4.234,-6.630,-0.177
1.00,2398,2.880,8.029,-0.191
1.00,2399,-5.274,-6.977,-5.458
1.00,2400,-6.173,7.372,-5.282
1.00,2402,1.991,-3.787,-5.331
1.00,2403,-1.147,8.289,-0.191
1.00,2404,-5.274,-6.977,-5.458
1.00,2405,2.879,8.030,-0.191
1.00,2406,8.172,5.666,4.420
1.00,2408,2.983,-1.353,3.163
1.00,2409,-5.274,-6.977,-5.458
1.00,2410,2.880,8.029,-0.191
1.00,2411,2.881,8.029,-0.191
1.00,2412,-5.239,7.488,9.698
1.00,2414,-8.629,-8.365,3.732
1.00,2416,-5.274,-6.977,-5.458
1.00,2417,3.989,-7.881,-5.933
1.00,2418,-4.818,-6.403,-0.181
1.00,2419,-1.010,8.293,-0.193
1.00,2420,-5.239,7.488,9.698
1.00,2422,5.424,-5.814,-0.231
1.00,2423,-3.247,1.559,9.296
1.00,2425,5.092,7.123,-6.358
1.00,2426,-5.274,-6.977,-5.458
1.00,2427,2.880,8.029,-0.191
1.00,2428,4.259,-6.533,-0.212
1.00,2429,7.031,3.534,-0.169
1.00,2430,-3.408,-6.326,4.510
1.00,2431,6.810,-1.341,-5.542
1.00,2432,-1.903,8.134,-0.182
1.00,2433,8.924,1.530,4.711
1.00,2434,2.893,8.017,-0.191
1.00,2435,-4.115,-6.674,-0.177
1.00,2436,1.991,-3.787,-5.331
1.00,2437,8.356,-0.883,-0.196
1.00,2438,-4.180,1.083,4.461
1.00,2439,8.172,5.666,4.420
1.00,2440,8.172,5.666,4.420
1.00,2441,7.868,-9.710,4.098
1.00,2442,-4.162,8.537,-5.037
1.00,2445,3.201,2.046,-10.737
1.00,2446,1.550,8.437,-6.669
1.00,2447,3.188,4.297,-5.562
1.00,2449,-0.192,3.384,-10.935
1.00,2451,-7.647,-0.077,-0.179
1.00,2452,-4.465,-6.051,-5.183
1.00,2453,2.881,8.028,-0.191
1.00,2454,3.201,2.046,-10.737
1.00,2455,2.019,-9.534,4.595
1.00,2456,-3.247,1.559,9.296
1.00,2458,-6.173,7.372,-5.282
1.00,2459,-7.649,-0.078,-0.179
1.00,2460,5.092,7.123,-6.358
1.00,2462,2.983,-1.353,3.163
1.00,2463,4.558,-6.317,-0.219
1.00,2464,-1.567,4.767,4.072
1.00,2465,-8.848,4.523,4.481
1.00,2467,5.092,7.123,-6.358
1.00,2468,3.989,-7.881,-5.933
1.00,2469,4.029,1.288,4.237
1.00,2470,7.029,3.539,-0.169
1.00,2471,-8.629,-8.365,3.732
1.00,2472,-3.415,-6.322,4.511
1.00,2473,3.201,2.046,-10.737
1.00,2474,-0.497,8.283,-0.203
1.00,2475,6.323,-5.262,-0.219
1.00,2476,8.889,0.465,4.610
1.00,2477,6.113,-5.420,-0.223
1.00,2479,8.356,-0.883,-0.196
1.00,2480,-7.747,-0.193,-0.183
1.00,2481,0.545,9.073,9.561
1.00,2483,8.172,5.666,4.420
1.00,2484,-8.848,4.523,4.481
1.00,2485,2.022,-9.532,4.595
1.00,2486,3.188,4.297,-5.562
1.00,2487,-6.173,7.372,-5.282
1.00,2488,2.723,-3.435,4.408
1.00,2489,-7.645,-0.074,-0.179
1.00,2490,2.095,-9.461,4.598
1.00,2491,-2.437,-6.900,4.457
1.00,2492,-0.191,3.384,-10.935
1.00,2493,-6.173,7.372,-5.282
1.00,2494,-4.061,-6.966,9.293
1.00,2495,-0.655,8.290,-0.199
1.00,2496,3.989,-7.881,-5.933
1.00,2497,-1.567,4.767,4.072
1.00,2498,-8.629,-8.365,3.732
1.00,2499,-7.699,-0.136,-0.181
1.00,2500,-8.848,4.523,4.481
1.00,2502,2.881,8.029,-0.191
1.00,2503,2.983,-1.353,3.163
1.00,2504,-8.848,4.523,4.481
1.00,2505,6.811,-1.340,-5.542
1.00,2506,-0.912,-3.205,9.342
1.00,2507,-8.848,4.523,4.481
1.00,2508,-5.904,5.803,4.474
1.00,2509,8.356,-0.883,-0.196
1.00,2510,8.172,5.666,4.420
1.00,2511,1.090,-9.529,-5.385
1.00,2512,2.723,-3.435,4.408
1.00,2513,-3.771,-0.216,-6.120
1.00,2514,-6.173,7.372,-5.282
1.00,2515,8.356,-0.883,-0.196
1.00,2516,3.115,1.476,9.231
1.00,2517,8.172,5.666,4.420
1.00,2518,-8.908,0.039,-6.118
1.00,2519,0.649,8.209,-0.232
1.00,2520,-3.247,1.559,9.296
1.00,2521,-3.432,-6.313,4.512
1.00,2522,3.188,4.297,-5.562
1.00,2523,-7.534,0.068,-0.174
1.00,2524,-1.067,8.292,-0.192
1.00,2525,2.723,-3.435,4.408
1.00,2526,-3.333,-8.895,-5.366
1.00,2528,5.092,7.123,-6.358
1.00,2529,-8.908,0.030,-6.116
1.00,2530,-0.858,8.293,-0.196
1.00,2531,-1.645,8.208,-0.185
1.00,2532,2.019,-9.535,4.595
1.00,2533,7.027,3.543,-0.169
1.00,2535,1.991,-3.787,-5.331
1.00,2536,2.880,8.029,-0.191
1.00,2538,-1.567,4.767,4.072
1.00,2539,8.808,0.603,9.589
1.00,2540,1.549,8.438,-6.668
1.00,2541,-8.847,4.523,4.481
1.00,2542,2.880,8.029,-0.191
1.00,2543,9.754,1.681,-5.489
1.00,2544,-6.173,7.372,-5.282
1.00,2545,-5.904,5.803,4.474
1.00,2546,1.991,-3.787,-5.331
1.00,2548,-0.912,-3.205,9.342
1.00,2549,-7.584,-0.006,-0.176
1.00,2550,-5.904,5.803,4.474
1.00,2551,-7.648,-0.078,-0.179
1.00,2552,6.811,-1.340,-5.542
1.00,2553,2.880,8.029,-0.191
1.00,2554,7.030,3.536,-0.169
1.00,2555,-8.045,-0.670,-0.198
1.00,2557,-4.501,8.179,4.459
1.00,2558,8.808,0.603,9.589
1.00,2559,-3.434,-6.311,4.512
1.00,2560,2.816,4.041,4.678
1.00,2561,-3.333,-8.895,-5.366
1.00,2562,-5.239,7.488,9.698
1.00,2563,3.115,1.476,9.231
1.00,2564,-2.624,-11.165,9.056
1.00,2565,6.244,-5.332,-0.220
1.00,2566,-7.715,-0.155,-0.182
1.00,2567,-1.567,4.767,4.072
1.00,2568,2.081,-9.475,4.598
1.00,2569,8.889,0.465,4.610
1.00,2571,-0.191,3.384,-10.935
1.00,2572,2.816,4.041,4.678
1.00,2573,1.549,8.438,-6.668
1.00,2574,-5.239,7.488,9.698
1.00,2575,6.991,3.623,-0.168
1.00,2576,2.880,8.029,-0.191
1.00,2577,-1.574,4.768,4.075
1.00,2580,-5.239,7.488,9.698
1.00,2582,-8.494,3.829,-5.260
1.00,2583,-3.333,-8.895,-5.366
1.00,2584,-3.333,-8.895,-5.366
1.00,2586,2.021,-9.532,4.595
1.00,2587,-4.162,8.537,-5.037
1.00,2588,-7.644,-0.073,-0.179
1.00,2589,2.983,-1.353,3.163
1.00,2590,-5.274,-6.977,-5.458
1.00,2591,2.020,-9.534,4.595
1.00,2592,4.974,-6.060,-0.229
1.00,2593,8.889,0.465,4.610
1.00,2594,-7.646,-0.075,-0.179
1.00,2596,8.356,-0.883,-0.196
1.00,2597,-7.509,1.795,-0.187
1.00,2599,2.880,8.030,-0.191
1.00,2600,6.155,-5.392,-0.222
1.00,2601,-4.313,-6.601,-0.177
1.00,2602,-4.329,-6.596,-0.177
1.00,2604,-7.530,0.076,-0.174
1.00,2605,2.071,-9.484,4.597
1.00,2606,-3.333,-8.895,-5.366
1.00,2607,6.323,-5.262,-0.219
1.00,2608,-0.912,-3.205,9.342
1.00,2609,4.379,-6.437,-0.215
1.00,2610,-8.629,-8.365,3.732
1.00,2611,-8.908,0.039,-6.118
1.00,2612,1.991,-3.787,-5.331
1.00,2613,-7.801,-0.263,-0.186
1.00,2615,-5.274,-6.977,-5.458
1.00,2616,6.248,-5.329,-0.220
1.00,2617,2.880,8.029,-0.191
1.00,2618,-3.415,-6.322,4.511
1.00,2619,-2.420,-6.915,4.458
1.00,2620,-7.645,-0.074,-0.179
1.00,2621,-7.661,-0.092,-0.179
1.00,2622,-0.912,-3.205,9.342
1.00,2623,-7.647,-0.076,-0.179
1.00,2624,2.885,8.025,-0.191
1.00,2625,-0.912,-3.205,9.342
1.00,2626,-3.413,-6.323,4.511
1.00,2627,8.808,0.603,9.589
1.00,2628,6.811,-1.340,-5.542
1.00,2629,-4.565,-6.507,-0.179
1.00,2630,8.889,0.464,4.610
1.00,2631,8.808,0.603,9.589
1.00,2632,7.033,3.530,-0.169
1.00,2634,8.808,0.603,9.589
1.00,2636,-3.333,-8.895,-5.366
1.00,2638,3.989,-7.881,-5.933
1.00,2639,3.115,1.476,9.231
1.00,2640,-3.769,-0.221,-6.124
1.00,2641,3.188,4.297,-5.562
1.00,2642,5.092,7.123,-6.358
1.00,2644,3.188,4.297,-5.562
1.00,2645,4.055,1.248,4.243
1.00,2646,2.723,-3.435,4.408
1.00,2647,-1.567,4.767,4.072
1.00,2648,-3.771,-0.216,-6.120
1.00,2649,-7.685,-0.120,-0.181
1.00,2651,2.816,4.041,4.678
1.00,2652,1.549,8.437,-6.668
1.00,2653,3.188,4.297,-5.562
1.00,2654,-7.644,-0.073,-0.179
1.00,2655,-3.412,-6.323,4.511
1.00,2656,8.172,5.666,4.420
1.00,2657,-3.731,-6.813,-0.176
1.00,2658,-10.133,-8.149,-5.632
1.00,2659,-4.501,8.179,4.459
1.00,2660,3.115,1.476,9.231
1.00,2661,-7.662,-0.093,-0.180
1.00,2662,-0.647,-3.782,-10.524
1.00,2664,-0.648,-3.782,-10.524
1.00,2665,0.922,8.212,-0.234
1.00,2666,-6.173,7.372,-5.282
1.00,2667,-0.191,3.384,-10.935
1.00,2668,8.356,-0.883,-0.196
1.00,2669,-3.449,-6.302,4.514
1.00,2670,-4.520,-6.525,-0.179
1.00,2672,-7.449,0.421,-0.170
1.00,2673,-5.904,5.803,4.474
1.00,2675,-3.772,-0.216,-6.120
1.00,2676,9.754,1.681,-5.489
1.00,2677,-2.756,5.173,-4.980
1.00,2678,-8.910,0.009,-6.112
1.00,2679,-5.274,-6.977,-5.458
1.00,2680,3.989,-7.881,-5.933
1.00,2681,9.920,9.056,-10.390
1.00,2682,2.723,-3.435,4.408
1.00,2683,-7.655,-0.085,-0.179
1.00,2684,-2.755,5.171,-4.980
1.00,2685,-1.567,4.767,4.072
1.00,2686,8.356,-0.883,-0.196
1.00,2687,-3.404,-6.328,4.510
1.00,2688,-5.904,5.803,4.474
1.00,2690,-8.908,0.039,-6.118
1.00,2691,-0.705,-3.744,-10.517
1.00,2692,-5.274,-6.977,-5.458
1.00,2693,-6.173,7.372,-5.282
1.00,2694,9.754,1.681,-5.489
1.00,2695,-7.679,-0.112,-0.180
1.00,2696,-6.173,7.372,-5.282
1.00,2697,1.991,-3.787,-5.331
1.00,2698,-0.649,-3.781,-10.524
1.00,2699,-2.755,5.170,-4.980
1.00,2700,-4.343,-6.590,-0.177
1.00,2702,2.896,8.014,-0.191
1.00,2703,0.527,8.215,-0.229
1.00,2704,-3.247,1.559,9.296
1.00,2705,-1.567,4.767,4.072
1.00,2706,-4.161,-6.657,-0.177
1.00,2707,-10.133,-8.149,-5.632
1.00,2708,-4.180,1.083,4.461
1.00,2709,-7.918,7.931,8.483
1.00,2710,-2.447,-6.891,4.457
1.00,2711,5.822,-5.606,-0.228
1.00,2712,-1.039,8.293,-0.193
1.00,2713,2.416,-9.192,4.603
1.00,2714,-4.161,8.537,-5.037
1.00,2715,3.115,1.476,9.231
1.00,2716,1.549,8.437,-6.668
1.00,2717,-2.424,-6.912,4.457
1.00,2718,-4.180,1.083,4.461
1.00,2719,-6.173,7.372,-5.282
1.00,2720,2.881,8.028,-0.191
1.00,2721,8.172,5.666,4.420
1.00,2722,-7.645,-0.074,-0.179
1.00,2723,-8.629,-8.365,3.732
1.00,2724,6.811,-1.340,-5.542
1.00,2727,6.811,-1.340,-5.542
1.00,2728,3.201,2.046,-10.737
1.00,2730,6.323,-5.262,-0.219
1.00,2731,-4.506,8.173,4.459
1.00,2732,-6.173,7.372,-5.282
1.00,2733,0.251,8.228,-0.221
1.00,2734,-8.629,-8.365,3.732
1.00,2735,1.326,8.220,-0.235
1.00,2736,-8.848,4.523,4.481
1.00,2737,-3.772,-0.214,-6.119
1.00,2738,2.880,8.030,-0.191
1.00,2740,-8.848,4.523,4.481
1.00,2741,-7.648,-0.077,-0.179
1.00,2744,8.889,0.464,4.610
1.00,2746,-5.903,5.804,4.474
1.00,2747,2.816,4.041,4.678
1.00,2748,7.868,-9.710,4.098
1.00,2749,-3.418,-6.320,4.511
1.00,2750,1.090,-9.529,-5.385
1.00,2751,-1.567,4.767,4.072
1.00,2752,-0.567,8.287,-0.201
1.00,2753,-3.039,-6.517,4.483
1.00,2755,3.188,4.297,-5.562
1.00,2756,-5.239,7.488,9.698
1.00,2757,-7.747,-0.194,-0.183
1.00,2759,-1.567,4.767,4.072
1.00,2760,-5.274,-6.977,-5.458
1.00,2761,-5.274,-6.977,-5.458
1.00,2762,7.029,3.540,-0.169
1.00,2763,-3.247,1.559,9.296
1.00,2764,8.172,5.666,4.420
1.00,2765,8.172,5.666,4.420
1.00,2766,-3.408,-6.326,4.510
1.00,2767,-3.410,-6.325,4.510
1.00,2768,8.889,0.465,4.610
1.00,2769,-5.903,5.804,4.474
1.00,2770,-7.751,-0.199,-0.184
1.00,2771,1.549,8.437,-6.668
1.00,2772,-1.567,4.767,4.072
1.00,2773,-6.173,7.372,-5.282
1.00,2774,-7.762,-0.213,-0.184
1.00,2775,-4.180,1.083,4.461
1.00,2776,-8.908,0.039,-6.118
1.00,2777,3.201,2.046,-10.737
1.00,2778,8.356,-0.883,-0.196
1.00,2779,8.172,5.666,4.420
1.00,2780,-6.173,7.372,-5.282
1.00,2781,-1.567,4.767,4.072
1.00,2782,-4.742,-6.455,-0.181
1.00,2783,-1.567,4.767,4.072
1.00,2785,1.991,-3.787,-5.331
1.00,2786,3.989,-7.881,-5.933
1.00,2787,-6.173,7.372,-5.282
1.00,2788,-4.499,8.181,4.459
1.00,2789,3.201,2.046,-10.737
1.00,2790,2.816,4.041,4.678
1.00,2791,4.039,1.272,4.239
1.00,2792,0.545,9.073,9.561
1.00,2793,6.811,-1.340,-5.542
1.00,2794,1.991,-3.787,-5.331
1.00,2795,-6.173,7.372,-5.282
1.00,2796,-3.247,1.559,9.296
1.00,2797,2.881,8.028,-0.191
1.00,2798,-3.333,-8.895,-5.366
1.00,2800,4.052,1.253,4.242
1.00,2801,-5.274,-6.977,-5.458
1.00,2802,3.188,4.297,-5.562
1.00,2803,-7.756,-0.205,-0.184
1.00,2804,-8.908,0.039,-6.118
1.00,2805,6.323,-5.262,-0.219
1.00,2806,-4.061,-6.966,9.293
1.00,2807,-3.440,-6.308,4.513
1.00,2809,4.986,-6.053,-0.229
1.00,2810,-3.420,-6.319,4.511
1.00,2812,-8.629,-8.365,3.732
1.00,2813,0.520,8.215,-0.228
1.00,2814,-4.162,8.536,-5.037
1.00,2816,8.889,0.465,4.610
1.00,2818,-7.726,-0.168,-0.182
1.00,2819,-7.645,-0.074,-0.179
1.00,2821,1.550,8.437,-6.669
1.00,2822,6.315,-5.270,-0.219
1.00,2823,2.880,8.029,-0.191
1.00,2824,-5.274,-6.977,-5.458
1.00,2825,8.172,5.666,4.420
1.00,2827,6.007,-5.490,-0.225
1.00,2828,2.088,-9.469,4.598
1.00,2829,2.983,-1.353,3.163
1.00,2830,-8.629,-8.365,3.732
1.00,2831,6.225,-5.345,-0.221
1.00,2833,8.774,-8.605,3.304
1.00,2834,1.991,-3.787,-5.331
1.00,2835,-3.414,-6.322,4.511
1.00,2838,-7.621,-0.048,-0.178
1.00,2839,-7.712,-0.151,-0.182
1.00,2840,1.549,8.438,-6.668
1.00,2841,-5.274,-6.977,-5.458
1.00,2842,-5.904,5.803,4.474
1.00,2843,2.881,8.028,-0.191
1.00,2844,-0.972,8.294,-0.194
1.00,2845,-6.173,7.372,-5.282
1.00,2846,-6.173,7.372,-5.282
1.00,2847,3.006,7.923,-0.191
1.00,2848,-4.180,1.083,4.461
1.00,2849,3.201,2.046,-10.737
1.00,2851,-2.423,-6.913,4.457
1.00,2852,3.115,1.476,9.231
1.00,2853,-6.173,7.372,-5.282
1.00,2854,-4.501,8.179,4.459
1.00,2855,1.550,8.437,-6.669
1.00,2856,-5.274,-6.977,-5.458
1.00,2857,6.323,-5.262,-0.219
1.00,2858,2.816,4.041,4.678
1.00,2859,-8.192,-1.504,-0.212
1.00,2860,-0.813,8.292,-0.197
1.00,2861,-2.401,-6.931,4.458
1.00,2862,-1.567,4.767,4.072
1.00,2863,8.172,5.666,4.420
1.00,2864,-3.247,1.559,9.296
1.00,2865,3.188,4.297,-5.562
1.00,2866,1.991,-3.787,-5.331
1.00,2867,3.188,4.297,-5.562
1.00,2868,8.915,1.551,4.712
1.00,2869,-2.461,-6.879,4.456
1.00,2870,1.991,-3.787,-5.331
1.00,2871,-8.629,-8.365,3.732
1.00,2872,8.808,0.603,9.589
1.00,2873,2.723,-3.435,4.408
1.00,2874,-8.848,4.523,4.481
1.00,2875,8.889,0.465,4.610
1.00,2876,2.037,-9.517,4.596
1.00,2877,-8.848,4.523,4.481
1.00,2878,-0.647,-3.782,-10.524
1.00,2880,-1.567,4.767,4.072
1.00,2881,6.809,-1.342,-5.542
1.00,2882,-5.274,-6.977,-5.458
1.00,2883,0.545,9.073,9.561
1.00,2885,3.115,1.476,9.231
1.00,2886,-5.274,-6.977,-5.458
1.00,2887,7.022,3.554,-0.169
1.00,2888,-1.567,4.767,4.072
1.00,2889,2.036,-9.518,4.596
1.00,2890,-6.178,-5.296,-0.202
1.00,2891,2.816,4.041,4.678
1.00,2892,-5.239,7.488,9.698
1.00,2893,1.615,8.226,-0.227
1.00,2894,0.545,9.073,9.561
1.00,2895,-0.894,8.293,-0.195
1.00,2896,8.894,1.604,4.715
1.00,2897,-8.493,3.842,-5.258
1.00,2898,8.808,0.603,9.589
1.00,2899,-8.629,-8.365,3.732
1.00,2900,3.201,2.046,-10.737
1.00,2901,-4.499,8.181,4.459
1.00,2902,5.092,7.123,-6.358
1.00,2903,6.323,-5.262,-0.219
1.00,2904,3.115,1.476,9.231
1.00,2905,3.115,1.476,9.231
1.00,2906,2.018,-9.535,4.595
1.00,2907,-5.516,-6.003,-0.191
1.00,2908,-3.923,-6.745,-0.177
1.00,2909,-6.093,-5.400,-0.202
1.00,2910,1.550,8.436,-6.669
1.00,2911,-5.274,-6.977,-5.458
1.00,2912,-0.191,3.384,-10.935
1.00,2913,-1.567,4.767,4.072
1.00,2915,-5.904,5.803,4.474
1.00,2916,6.320,-5.265,-0.219
1.00,2918,-7.643,-0.072,-0.179
1.00,2919,-8.908,0.039,-6.118
1.00,2921,7.868,-9.710,4.098
1.00,2922,2.879,8.030,-0.191
1.00,2923,2.816,4.041,4.678
1.00,2924,3.989,-7.881,-5.933
1.00,2925,-8.848,4.523,4.481
1.00,2926,1.991,-3.787,-5.331
1.00,2927,-8.848,4.523,4.481
1.00,2929,5.092,7.123,-6.358
1.00,2930,3.201,2.046,-10.737
1.00,2931,-8.908,0.039,-6.118
1.00,2932,5.092,7.123,-6.358
1.00,2933,-3.247,1.559,9.296
1.00,2934,-7.645,-0.074,-0.179
1.00,2935,8.948,1.463,4.708
1.00,2936,-2.755,5.172,-4.980
1.00,2937,-5.274,-6.977,-5.458
1.00,2938,-3.433,-6.312,4.512
1.00,2939,7.868,-9.710,4.098
1.00,2940,-0.499,8.283,-0.203
1.00,2942,7.868,-9.710,4.098
1.00,2943,-10.133,-8.149,-5.632
1.00,2944,-1.567,4.767,4.072
1.00,2945,-3.412,-6.323,4.511
1.00,2946,-0.911,8.293,-0.195
1.00,2948,-6.553,-4.766,-0.206
1.00,2949,-3.837,-6.777,-0.177
1.00,2950,-3.771,-0.217,-6.121
1.00,2951,-1.568,4.767,4.072
1.00,2952,-2.756,5.172,-4.980
1.00,2953,7.032,3.532,-0.169
1.00,2955,-10.133,-8.149,-5.632
1.00,2956,-7.691,-2.954,-0.221
1.00,2957,-7.685,-0.119,-0.181
1.00,2958,-5.239,7.488,9.698
1.00,2959,-8.908,0.034,-6.117
1.00,2960,-3.771,-0.216,-6.120
1.00,2961,-4.061,-6.966,9.293
1.00,2962,2.257,-9.320,4.603
1.00,2963,1.549,8.438,-6.668
1.00,2964,-5.274,-6.977,-5.458
1.00,2965,9.920,9.056,-10.390
1.00,2966,-7.646,-0.075,-0.179
1.00,2967,6.317,6.826,9.518
1.00,2968,8.172,5.666,4.420
1.00,2969,3.115,1.476,9.231
1.00,2970,3.188,4.297,-5.562
1.00,2971,-8.098,-2.048,-0.219
1.00,2972,-3.416,-6.321,4.511
1.00,2973,8.889,0.465,4.610
1.00,2974,-1.567,4.767,4.072
1.00,2975,1.991,-3.787,-5.331
1.00,2976,6.811,-1.340,-5.542
1.00,2977,-5.904,5.803,4.474
1.00,2978,-4.180,1.083,4.461
1.00,2979,-0.912,-3.205,9.342
1.00,2980,-8.629,-8.365,3.732
1.00,2981,-7.643,-0.072,-0.179
1.00,2982,2.879,8.030,-0.191
1.00,2984,2.879,8.030,-0.191
1.00,2985,5.092,7.123,-6.358
1.00,2986,2.880,8.030,-0.191
1.00,2987,3.201,2.046,-10.737
1.00,2988,-4.180,1.083,4.461
1.00,2989,3.201,2.046,-10.737
1.00,2990,-0.690,-3.755,-10.519
1.00,2991,2.882,8.027,-0.191
1.00,2992,-7.714,-0.154,-0.182
1.00,2993,2.880,8.029,-0.191
1.00,2994,-8.908,0.039,-6.118
1.00,2996,3.799,-6.935,-0.200
1.00,2997,-8.908,0.039,-6.118
1.00,2998,8.356,-0.883,-0.196
1.00,2999,2.994,7.933,-0.191
2.00,1,7.029,3.539,-0.169
2.00,2,6.323,-5.262,-0.219
2.00,3,-1.567,4.767,4.072
2.00,4,2.879,8.030,-0.191
2.00,5,8.356,-0.883,-0.196
2.00,6,-4.061,-6.966,9.293
2.00,7,6.323,-5.262,-0.219
2.00,8,1.549,8.438,-6.668
2.00,9,-3.408,-6.326,4.510
2.00,10,3.188,4.297,-5.562
2.00,11,-8.908,0.039,-6.118
2.00,13,-0.912,-3.205,9.342
2.00,14,2.723,-3.435,4.408
2.00,15,-5.274,-6.977,-5.458
2.00,18,4.053,1.251,4.242
2.00,19,-7.648,-0.077,-0.179
2.00,21,-8.629,-8.365,3.732
2.00,22,-0.648,-3.782,-10.524
2.00,24,3.188,4.297,-5.562
2.00,25,7.029,3.538,-0.169
2.00,26,-3.769,-0.221,-6.124
2.00,27,-3.408,-6.326,4.510
2.00,28,-2.757,5.175,-4.980
2.00,29,-6.173,7.372,-5.282
2.00,30,6.811,-1.340,-5.542
2.00,31,-4.180,1.084,4.461
2.00,32,8.172,5.666,4.420
2.00,33,-3.408,-6.326,4.510
2.00,34,-3.408,-6.326,4.510
2.00,35,6.323,-5.262,-0.219
2.00,36,-3.408,-6.326,4.510
2.00,37,6.323,-5.262,-0.219
2.00,38,-4.061,-6.966,9.293
2.00,39,1.635,-9.774,4.601
2.00,40,-8.848,4.523,4.481
2.00,41,-7.648,-0.077,-0.179
2.00,42,3.188,4.297,-5.562
2.00,43,8.172,5.666,4.420
2.00,44,-8.629,-8.365,3.732
2.00,45,-3.333,-8.895,-5.366
2.00,46,-6.173,7.372,-5.282
2.00,47,-3.141,-10.569,4.498
2.00,51,3.989,-7.881,-5.933
2.00,53,-3.769,-0.221,-6.124
2.00,54,1.549,8.438,-6.668
2.00,55,-8.848,4.523,4.481
2.00,56,3.115,1.476,9.231
2.00,58,5.092,7.123,-6.358
2.00,59,8.889,0.466,4.610
2.00,60,-3.247,1.559,9.296
2.00,62,-8.848,4.523,4.481
2.00,63,-7.646,-0.076,-0.179
2.00,64,-5.904,5.803,4.474
2.00,66,2.879,8.030,-0.191
2.00,67,1.991,-3.787,-5.331
2.00,68,2.879,8.030,-0.191
2.00,69,-7.819,-2.701,-0.223
2.00,70,9.754,1.681,-5.489
2.00,71,-1.567,4.767,4.072
2.00,72,-7.649,-0.078,-0.179
2.00,73,-7.772,-0.226,-0.184
2.00,75,-8.629,-8.365,3.732
2.00,76,-1.567,4.767,4.072
2.00,78,-0.191,3.384,-10.935
2.00,81,2.879,8.030,-0.191
2.00,82,-2.842,-6.637,4.472
2.00,83,-8.848,4.523,4.481
2.00,84,-5.274,-6.977,-5.458
2.00,85,-4.180,1.084,4.461
2.00,86,4.053,1.250,4.242
2.00,87,3.989,-7.881,-5.933
2.00,89,2.879,8.030,-0.191
2.00,90,6.811,-1.340,-5.542
2.00,91,-3.769,-0.221,-6.124
2.00,92,-3.247,1.559,9.296
2.00,93,2.017,-9.536,4.595
2.00,94,-6.173,7.372,-5.282
2.00,95,3.989,-7.881,-5.933
2.00,96,3.115,1.476,9.231
2.00,97,-8.908,0.039,-6.118
2.00,98,-10.133,-8.149,-5.632
2.00,99,-7.648,-0.078,-0.179
2.00,100,1.991,-3.787,-5.331
2.00,102,1.991,-3.787,-5.331
2.00,103,4.053,1.250,4.242
2.00,104,-4.180,1.084,4.461
2.00,105,-5.274,-6.977,-5.458
2.00,106,-5.239,7.488,9.698
2.00,107,-5.904,5.803,4.474
2.00,108,6.323,-5.262,-0.219
2.00,109,3.115,1.476,9.231
2.00,110,-4.499,8.181,4.459
2.00,112,1.991,-3.787,-5.331
2.00,114,-7.660,-0.091,-0.179
2.00,115,7.029,3.538,-0.169
2.00,117,-0.912,-3.205,9.342
2.00,118,-3.408,-6.326,4.510
2.00,119,-7.691,-0.127,-0.181
2.00,121,3.989,-7.881,-5.933
2.00,122,-8.848,4.523,4.481
2.00,123,1.358,8.220,-0.234
2.00,124,8.889,0.466,4.610
2.00,125,8.172,5.666,4.420
2.00,126,-1.567,4.767,4.072
2.00,127,3.188,4.297,-5.562
2.00,129,-4.180,1.084,4.461
2.00,130,3.115,1.476,9.231
2.00,132,-5.904,5.803,4.474
2.00,133,-8.908,0.039,-6.118
2.00,134,8.172,5.666,4.420
2.00,135,-7.028,-4.027,-0.208
2.00,136,3.188,4.297,-5.562
2.00,137,-5.274,-6.977,-5.458
2.00,138,6.323,-5.262,-0.219
2.00,139,3.989,-7.881,-5.933
2.00,140,2.816,4.041,4.678
2.00,141,3.115,1.476,9.231
2.00,142,-3.408,-6.326,4.510
2.00,143,-7.648,-0.077,-0.179
2.00,144,-0.648,-3.782,-10.524
2.00,146,3.989,-7.881,-5.933
2.00,148,-8.629,-8.365,3.732
2.00,149,-2.757,5.175,-4.980
2.00,150,2.723,-3.435,4.408
2.00,151,8.952,1.452,4.708
2.00,152,8.889,0.466,4.610
2.00,153,-5.274,-6.977,-5.458
2.00,154,-7.648,-0.077,-0.179
2.00,155,-1.567,4.767,4.072
2.00,157,8.953,1.450,4.707
2.00,158,-8.629,-8.365,3.732
2.00,159,1.991,-3.787,-5.331
2.00,160,6.323,-5.262,-0.219
2.00,161,3.188,4.297,-5.562
2.00,162,-8.848,4.523,4.481
2.00,164,-7.650,-0.079,-0.179
2.00,165,-1.567,4.767,4.072
2.00,166,-3.769,-0.221,-6.124
2.00,167,3.188,4.297,-5.562
2.00,168,-5.274,-6.977,-5.458
2.00,170,6.811,-1.340,-5.542
2.00,171,3.989,-7.881,-5.933
2.00,172,-8.848,4.523,4.481
2.00,173,2.879,8.030,-0.191
2.00,174,6.811,-1.340,-5.542
2.00,175,6.323,-5.262,-0.219
2.00,176,8.808,0.603,9.589
2.00,177,3.115,1.476,9.231
2.00,178,2.723,-3.435,4.408
2.00,179,2.879,8.030,-0.191
2.00,181,8.172,5.666,4.420
2.00,182,-4.180,1.084,4.461
2.00,183,6.271,-5.311,-0.220
2.00,184,-7.648,-0.078,-0.179
2.00,185,6.323,-5.262,-0.219
2.00,187,-7.648,-0.078,-0.179
2.00,188,3.989,-7.881,-5.933
2.00,189,9.754,1.681,-5.489
2.00,190,-5.904,5.803,4.474
2.00,191,2.723,-3.435,4.408
2.00,193,-6.173,7.372,-5.282
2.00,194,2.723,-3.435,4.408
2.00,196,-8.848,4.523,4.481
2.00,197,-1.567,4.767,4.072
2.00,198,2.017,-9.536,4.595
2.00,199,-7.650,-0.080,-0.179
2.00,202,1.549,8.438,-6.668
2.00,204,-5.274,-6.977,-5.458
2.00,205,-7.646,-0.075,-0.179
2.00,206,2.816,4.041,4.678
2.00,207,-8.629,-8.365,3.732
2.00,208,-5.904,5.803,4.474
2.00,209,8.172,5.666,4.420
2.00,210,-8.848,4.523,4.481
2.00,212,8.172,5.666,4.420
2.00,213,-2.757,5.175,-4.980
2.00,214,7.868,-9.710,4.098
2.00,215,2.017,-9.537,4.595
2.00,216,-1.567,4.767,4.072
2.00,217,-3.408,-6.326,4.510
2.00,218,-7.649,-0.078,-0.179
2.00,219,3.188,4.297,-5.562
2.00,220,-3.333,-8.895,-5.366
2.00,221,3.989,-7.881,-5.933
2.00,223,-8.908,0.039,-6.118
2.00,224,-3.408,-6.326,4.510
2.00,225,-5.274,-6.977,-5.458
2.00,227,-5.274,-6.977,-5.458
2.00,228,-5.274,-6.977,-5.458
2.00,230,1.883,8.234,-0.220
2.00,232,8.172,5.666,4.420
2.00,234,5.092,7.123,-6.358
2.00,235,5.092,7.123,-6.358
2.00,236,0.921,8.212,-0.234
2.00,237,3.201,2.046,-10.737
2.00,238,2.017,-9.537,4.595
2.00,239,-7.646,-0.076,-0.179
2.00,240,2.723,-3.435,4.408
2.00,241,8.356,-0.883,-0.196
2.00,242,8.889,0.466,4.610
2.00,243,8.356,-0.883,-0.196
2.00,244,6.320,-5.265,-0.219
2.00,245,-7.648,-0.077,-0.179
2.00,246,-7.648,-0.078,-0.179
2.00,247,7.868,-9.710,4.098
2.00,248,-5.239,7.488,9.698
2.00,249,5.092,7.123,-6.358
2.00,250,-3.333,-8.895,-5.366
2.00,252,-6.173,7.372,-5.282
2.00,253,-4.061,-6.966,9.293
2.00,255,-1.567,4.767,4.072
2.00,256,-3.769,-0.221,-6.124
2.00,258,5.092,7.123,-6.358
2.00,259,-8.095,-0.803,-0.201
2.00,260,-2.922,-6.588,4.476
2.00,261,-0.648,-3.782,-10.524
2.00,262,8.356,-0.883,-0.196
2.00,263,-3.769,-0.221,-6.124
2.00,264,8.954,1.448,4.707
2.00,265,8.356,-0.883,-0.196
2.00,268,-8.848,4.523,4.481
2.00,269,-1.567,4.767,4.072
2.00,270,6.300,-5.284,-0.220
2.00,271,-3.333,-8.895,-5.366
2.00,272,2.723,-3.435,4.408
2.00,273,-7.618,-3.085,-0.220
2.00,274,9.754,1.681,-5.489
2.00,275,3.989,-7.881,-5.933
2.00,276,-0.912,-3.205,9.342
2.00,277,8.889,0.466,4.610
2.00,278,3.989,-7.881,-5.933
2.00,280,-5.274,-6.977,-5.458
2.00,281,-0.912,-3.205,9.342
2.00,282,-3.408,-6.325,4.510
2.00,283,-5.904,5.803,4.474
2.00,284,2.879,8.030,-0.191
2.00,286,-1.567,4.767,4.072
2.00,287,3.115,1.476,9.231
2.00,288,3.201,2.046,-10.737
2.00,289,-5.073,-6.280,-0.183
2.00,290,-5.904,5.803,4.474
2.00,291,-5.904,5.803,4.474
2.00,292,2.017,-9.537,4.595
2.00,293,6.323,-5.262,-0.219
2.00,294,-7.668,-0.101,-0.180
2.00,295,-7.920,7.933,8.481
2.00,296,-1.567,4.767,4.072
2.00,297,2.879,8.030,-0.191
2.00,299,-0.191,3.384,-10.935
2.00,301,2.983,-1.353,3.163
2.00,302,9.920,9.056,-10.390
2.00,303,3.188,4.297,-5.562
2.00,304,-4.162,8.536,-5.037
2.00,305,-6.173,7.372,-5.282
2.00,306,8.889,0.466,4.610
2.00,307,2.586,8.188,-0.194
2.00,308,-3.769,-0.221,-6.124
2.00,310,3.188,4.297,-5.562
2.00,311,6.323,-5.262,-0.219
2.00,312,-4.061,-6.966,9.293
2.00,314,3.188,4.297,-5.562
2.00,315,7.029,3.538,-0.169
2.00,316,6.323,-5.262,-0.219
2.00,317,-3.408,-6.326,4.510
2.00,318,2.017,-9.537,4.595
2.00,319,-3.769,-0.221,-6.124
2.00,321,4.052,1.251,4.242
2.00,322,-3.408,-6.326,4.510
2.00,324,8.356,-0.883,-0.196
2.00,325,-8.629,-8.365,3.732
2.00,329,7.029,3.538,-0.169
2.00,330,8.808,0.603,9.589
2.00,331,-5.274,-6.977,-5.458
2.00,332,3.989,-7.881,-5.933
2.00,333,-2.757,5.175,-4.980
2.00,335,8.889,0.466,4.610
2.00,336,6.323,-5.262,-0.219
2.00,337,-8.187,-1.227,-0.209
2.00,338,-8.908,0.039,-6.118
2.00,340,-8.629,-8.365,3.732
2.00,341,1.549,8.438,-6.668
2.00,343,2.017,-9.536,4.595
2.00,344,7.029,3.538,-0.169
2.00,345,-7.676,-0.110,-0.180
2.00,346,-3.769,-0.221,-6.124
2.00,347,-5.904,5.803,4.474
2.00,350,-0.648,-3.782,-10.524
2.00,351,7.029,3.538,-0.169
2.00,352,1.991,-3.787,-5.331
2.00,353,8.356,-0.883,-0.196
2.00,354,-8.908,0.039,-6.118
2.00,355,7.029,3.538,-0.169
2.00,357,-2.757,5.175,-4.980
2.00,358,8.172,5.666,4.420
2.00,359,11.151,-10.029,-9.948
2.00,360,1.830,8.232,-0.222
2.00,361,8.356,-0.883,-0.196
2.00,362,-6.951,-4.142,-0.206
2.00,363,9.920,9.056,-10.390
2.00,364,-7.646,-0.076,-0.179
2.00,365,8.774,-8.605,3.304
2.00,366,2.983,-1.353,3.163
2.00,367,-10.133,-8.149,-5.632
2.00,368,-3.408,-6.326,4.510
2.00,369,-8.848,4.523,4.481
2.00,370,-8.848,4.523,4.481
2.00,371,8.172,5.666,4.420
2.00,372,-8.494,3.827,-5.260
2.00,373,-8.848,4.523,4.481
2.00,374,-4.061,-6.966,9.293
2.00,375,-7.648,-0.078,-0.179
2.00,376,8.955,1.445,4.707
2.00,377,-5.274,-6.977,-5.458
2.00,378,9.920,9.056,-10.390
2.00,379,8.889,0.466,4.610
2.00,380,-0.649,-3.782,-10.524
2.00,381,-4.499,8.181,4.459
2.00,382,9.754,1.681,-5.489
2.00,383,2.017,-9.537,4.595
2.00,384,-7.647,-0.077,-0.179
2.00,386,2.879,8.030,-0.191
2.00,387,2.879,8.030,-0.191
2.00,388,-1.567,4.767,4.072
2.00,389,-7.677,-0.111,-0.180
2.00,390,6.323,-5.262,-0.219
2.00,391,-5.904,5.803,4.474
2.00,392,1.991,-3.787,-5.331
2.00,393,-7.648,-0.078,-0.179
2.00,394,-3.769,-0.221,-6.124
2.00,395,-0.191,3.384,-10.935
2.00,396,-7.648,-0.078,-0.179
2.00,397,8.172,5.666,4.420
2.00,398,5.092,7.123,-6.358
2.00,399,2.879,8.030,-0.191
2.00,400,6.811,-1.340,-5.542
2.00,401,-0.649,-3.781,-10.524
2.00,402,-5.274,-6.977,-5.458
2.00,403,8.172,5.666,4.420
2.00,404,-7.646,-0.075,-0.179
2.00,405,8.774,-8.605,3.304
2.00,407,-5.274,-6.977,-5.458
2.00,408,-3.247,1.559,9.296
2.00,409,9.920,9.056,-10.390
2.00,410,-7.901,-0.402,-0.190
2.00,411,-7.650,-0.079,-0.179
2.00,412,2.983,-1.353,3.163
2.00,413,1.991,-3.787,-5.331
2.00,414,-5.274,-6.977,-5.458
2.00,415,6.296,-5.288,-0.220
2.00,416,-8.908,0.039,-6.118
2.00,417,-6.173,7.372,-5.282
2.00,418,5.092,7.123,-6.358
2.00,419,-8.629,-8.365,3.732
2.00,420,-3.408,-6.326,4.510
2.00,422,-1.567,4.767,4.072
2.00,423,-5.274,-6.977,-5.458
2.00,424,1.991,-3.787,-5.331
2.00,425,-4.180,1.084,4.461
2.00,426,-0.191,3.384,-10.935
2.00,428,8.889,0.466,4.610
2.00,430,8.889,0.466,4.610
2.00,431,-0.912,-3.205,9.342
2.00,433,8.954,1.446,4.707
2.00,434,-7.648,-0.077,-0.179
2.00,435,4.053,1.251,4.242
2.00,436,1.991,-3.787,-5.331
2.00,437,-8.629,-8.365,3.732
2.00,438,-3.408,-6.326,4.510
2.00,439,6.811,-1.340,-5.542
2.00,440,7.029,3.538,-0.169
2.00,441,-3.769,-0.221,-6.124
2.00,442,-7.650,-0.080,-0.179
2.00,443,3.201,2.046,-10.737
2.00,444,1.991,-3.787,-5.331
2.00,445,2.847,8.059,-0.191
2.00,446,-6.041,-5.463,-0.201
2.00,447,-5.795,-5.767,-0.196
2.00,448,-8.848,4.523,4.481
2.00,449,-3.408,-6.326,4.510
2.00,450,1.009,8.214,-0.235
2.00,451,-6.415,-4.972,-0.205
2.00,452,-7.648,-0.077,-0.179
2.00,453,-0.191,3.384,-10.935
2.00,454,2.879,8.030,-0.191
2.00,455,-6.173,7.372,-5.282
2.00,456,2.816,4.041,4.678
2.00,457,8.955,1.445,4.707
2.00,459,-8.629,-8.365,3.732
2.00,461,1.090,-9.529,-5.385
2.00,462,-2.624,-11.165,9.056
2.00,464,2.878,8.031,-0.191
2.00,465,0.674,8.209,-0.232
2.00,466,3.201,2.046,-10.737
2.00,467,2.878,8.031,-0.191
2.00,468,-8.848,4.523,4.481
2.00,469,-4.180,1.084,4.461
2.00,470,1.991,-3.787,-5.331
2.00,471,-5.274,-6.977,-5.458
2.00,475,-4.061,-6.966,9.293
2.00,476,-2.624,-11.165,9.056
2.00,477,1.991,-3.787,-5.331
2.00,478,-8.908,0.039,-6.118
2.00,479,2.879,8.030,-0.191
2.00,480,-5.904,5.803,4.474
2.00,481,-7.648,-0.077,-0.179
2.00,482,2.879,8.030,-0.191
2.00,484,-7.784,-0.241,-0.185
2.00,485,7.868,-9.710,4.098
2.00,486,-7.648,-0.078,-0.179
2.00,487,8.172,5.666,4.420
2.00,488,-7.648,-0.077,-0.179
2.00,489,8.774,-8.605,3.304
2.00,491,-10.133,-8.149,-5.632
2.00,492,5.092,7.123,-6.358
2.00,493,-3.333,-8.895,-5.366
2.00,494,8.889,0.466,4.610
2.00,496,-7.648,-0.078,-0.179
2.00,497,1.280,8.219,-0.236
2.00,501,2.879,8.030,-0.191
2.00,502,2.017,-9.537,4.595
2.00,503,-7.648,-0.078,-0.179
2.00,504,-2.757,5.175,-4.980
2.00,505,2.723,-3.435,4.408
2.00,506,-5.771,-5.793,-0.196
2.00,507,8.356,-0.883,-0.196
2.00,508,-3.333,-8.895,-5.366
2.00,509,9.754,1.681,-5.489
2.00,510,-3.769,-0.221,-6.124
2.00,511,-5.274,-6.977,-5.458
2.00,512,3.989,-7.881,-5.933
2.00,513,6.323,-5.262,-0.219
2.00,514,2.879,8.030,-0.191
2.00,515,-7.647,-0.076,-0.179
2.00,516,0.464,8.218,-0.227
2.00,517,1.616,-9.784,4.602
2.00,518,2.723,-3.435,4.408
2.00,520,-5.274,-6.977,-5.458
2.00,521,-10.133,-8.149,-5.632
2.00,522,1.991,-3.787,-5.331
2.00,524,-0.648,-3.782,-10.524
2.00,525,-4.180,1.084,4.461
2.00,526,-3.408,-6.326,4.510
2.00,527,8.172,5.666,4.420
2.00,529,4.051,1.253,4.242
2.00,530,-8.148,-0.985,-0.204
2.00,531,-1.567,4.767,4.072
2.00,532,2.723,-3.435,4.408
2.00,534,4.053,1.250,4.242
2.00,535,-1.567,4.767,4.072
2.00,536,-3.247,1.559,9.296
2.00,537,3.989,-7.881,-5.933
2.00,538,5.092,7.123,-6.358
2.00,539,-1.567,4.767,4.072
2.00,540,-5.274,-6.977,-5.458
2.00,541,6.811,-1.340,-5.542
2.00,543,8.356,-0.883,-0.196
2.00,544,-7.649,-0.078,-0.179
2.00,545,-8.848,4.523,4.481
2.00,546,1.549,8.438,-6.668
2.00,547,7.868,-9.710,4.098
2.00,548,-5.274,-6.977,-5.458
2.00,549,-7.648,-0.077,-0.179
2.00,551,2.878,8.031,-0.191
2.00,552,-7.648,-0.077,-0.179
2.00,554,6.811,-1.340,-5.542
2.00,555,-7.648,-0.077,-0.179
2.00,556,-2.829,-6.644,4.471
2.00,557,3.188,4.297,-5.562
2.00,558,2.879,8.030,-0.191
2.00,559,2.486,8.204,-0.197
2.00,560,3.201,2.046,-10.737
2.00,562,8.889,0.466,4.610
2.00,563,-4.162,8.536,-5.037
2.00,565,-5.274,-6.977,-5.458
2.00,566,-3.408,-6.326,4.510
2.00,567,-3.769,-0.221,-6.124
2.00,568,6.323,-5.262,-0.219
2.00,571,6.811,-1.340,-5.542
2.00,572,8.172,5.666,4.420
2.00,573,8.172,5.666,4.420
2.00,574,2.723,-3.435,4.408
2.00,575,-4.180,1.084,4.461
2.00,576,-0.648,-3.782,-10.524
2.00,577,-4.180,1.084,4.461
2.00,578,5.092,7.123,-6.358
2.00,579,8.356,-0.883,-0.196
2.00,582,-5.274,-6.977,-5.458
2.00,583,2.816,4.041,4.678
2.00,584,7.868,-9.710,4.098
2.00,586,-8.169,-1.801,-0.216
2.00,588,-2.825,-6.647,4.471
2.00,589,3.115,1.476,9.231
2.00,590,3.188,4.297,-5.562
2.00,591,6.323,-5.262,-0.219
2.00,592,2.879,8.030,-0.191
2.00,593,-3.408,-6.326,4.510
2.00,594,2.879,8.030,-0.191
2.00,595,-6.489,-4.861,-0.206
2.00,597,-1.567,4.767,4.072
2.00,598,-10.133,-8.149,-5.632
2.00,599,1.549,8.438,-6.668
2.00,600,5.092,7.123,-6.358
2.00,601,2.017,-9.537,4.595
2.00,602,-7.732,-0.175,-0.183
2.00,603,-3.769,-0.221,-6.124
2.00,605,-10.133,-8.149,-5.632
2.00,606,9.754,1.681,-5.489
2.00,607,-3.333,-8.895,-5.366
2.00,608,9.754,1.681,-5.489
2.00,610,-4.180,1.084,4.461
2.00,611,7.029,3.538,-0.169
2.00,612,-0.912,-3.205,9.342
2.00,613,2.983,-1.353,3.163
2.00,614,8.356,-0.883,-0.196
2.00,615,-4.499,8.181,4.459
2.00,616,2.723,-3.435,4.408
2.00,617,6.811,-1.340,-5.542
2.00,619,3.115,1.476,9.231
2.00,620,-4.180,1.084,4.461
2.00,622,-7.648,-0.078,-0.179
2.00,623,1.991,-3.787,-5.331
2.00,625,-0.912,-3.205,9.342
2.00,627,8.889,0.466,4.610
2.00,628,-7.648,-0.077,-0.179
2.00,629,-4.061,-6.966,9.293
2.00,630,-3.408,-6.326,4.510
2.00,631,1.991,-3.787,-5.331
2.00,632,1.161,8.216,-0.236
2.00,636,9.754,1.681,-5.489
2.00,638,4.053,1.250,4.242
2.00,639,-5.904,5.803,4.474
2.00,640,0.823,8.210,-0.233
2.00,641,-4.180,1.084,4.461
2.00,642,8.172,5.666,4.420
2.00,643,8.172,5.666,4.420
2.00,647,3.201,2.046,-10.737
2.00,648,-2.757,5.175,-4.980
2.00,649,3.188,4.297,-5.562
2.00,650,-1.567,4.767,4.072
2.00,651,9.920,9.056,-10.390
2.00,652,-5.274,-6.977,-5.458
2.00,653,-3.408,-6.326,4.510
2.00,654,-8.090,-2.073,-0.219
2.00,655,6.323,-5.262,-0.219
2.00,656,2.017,-9.537,4.595
2.00,657,-7.648,-0.077,-0.179
2.00,658,3.201,2.046,-10.737
2.00,659,6.811,-1.340,-5.542
2.00,660,6.323,-5.262,-0.219
2.00,662,9.754,1.681,-5.489
2.00,663,3.188,4.297,-5.562
2.00,664,8.957,1.438,4.707
2.00,665,-1.567,4.767,4.072
2.00,666,-6.173,7.372,-5.282
2.00,667,-5.239,7.488,9.698
2.00,668,8.172,5.666,4.420
2.00,669,1.991,-3.787,-5.331
2.00,670,-4.061,-6.966,9.293
2.00,671,7.029,3.538,-0.169
2.00,672,6.323,-5.262,-0.219
2.00,674,1.549,8.438,-6.668
2.00,677,6.323,-5.262,-0.219
2.00,678,-3.408,-6.326,4.510
2.00,679,5.092,7.123,-6.358
2.00,680,-2.757,5.175,-4.980
2.00,681,-5.274,-6.977,-5.458
2.00,682,-1.567,4.767,4.072
2.00,683,2.879,8.030,-0.191
2.00,684,6.323,-5.262,-0.219
2.00,685,-7.648,-0.078,-0.179
2.00,686,-5.274,-6.977,-5.458
2.00,687,3.115,1.476,9.231
2.00,688,5.092,7.123,-6.358
2.00,690,-5.274,-6.977,-5.458
2.00,691,-8.908,0.039,-6.118
2.00,692,-8.848,4.523,4.481
2.00,693,2.879,8.030,-0.191
2.00,694,-5.904,5.803,4.474
2.00,695,-7.648,-0.077,-0.179
2.00,697,-7.648,-0.078,-0.179
2.00,699,1.549,8.438,-6.668
2.00,700,-4.180,1.084,4.461
2.00,701,2.017,-9.536,4.595
2.00,702,-5.904,5.803,4.474
2.00,703,-0.912,-3.205,9.342
2.00,704,-2.757,5.175,-4.980
2.00,705,8.172,5.666,4.420
2.00,706,1.991,-3.787,-5.331
2.00,707,-6.173,7.372,-5.282
2.00,708,8.889,0.466,4.610
2.00,709,3.201,2.046,-10.737
2.00,711,2.879,8.030,-0.191
2.00,714,8.889,0.466,4.610
2.00,715,-3.408,-6.326,4.510
2.00,716,-8.848,4.523,4.481
2.00,717,-8.629,-8.365,3.732
2.00,718,5.092,7.123,-6.358
2.00,719,6.323,-5.262,-0.219
2.00,720,2.879,8.030,-0.191
2.00,721,2.879,8.030,-0.191
2.00,722,-10.133,-8.149,-5.632
2.00,723,6.811,-1.340,-5.542
2.00,724,-1.567,4.767,4.072
2.00,725,3.188,4.297,-5.562
2.00,727,-2.872,-6.618,4.474
2.00,728,-8.629,-8.365,3.732
2.00,729,-5.239,7.488,9.698
2.00,730,2.623,8.178,-0.194
2.00,731,-3.408,-6.326,4.510
2.00,732,7.029,3.538,-0.169
2.00,734,-1.567,4.767,4.072
2.00,735,8.889,0.466,4.610
2.00,736,-6.173,7.372,-5.282
2.00,737,8.808,0.603,9.589
2.00,738,-2.830,-6.644,4.471
2.00,739,8.172,5.666,4.420
2.00,741,-7.660,-3.012,-0.221
2.00,742,2.017,-9.536,4.595
2.00,743,-7.592,-3.126,-0.219
2.00,744,-3.247,1.559,9.296
2.00,745,3.115,1.476,9.231
2.00,747,6.323,-5.262,-0.219
2.00,748,-6.173,7.372,-5.282
2.00,749,-5.274,-6.977,-5.458
2.00,750,-1.567,4.767,4.072
2.00,751,-5.904,5.803,4.474
2.00,752,-2.806,-6.658,4.470
2.00,753,6.323,-5.262,-0.219
2.00,754,-3.769,-0.221,-6.124
2.00,755,-3.769,-0.221,-6.124
2.00,756,2.017,-9.537,4.595
2.00,757,5.092,7.123,-6.358
2.00,758,8.172,5.666,4.420
2.00,760,6.323,-5.262,-0.219
2.00,762,7.029,3.538,-0.169
2.00,763,6.323,-5.262,-0.219
2.00,764,-0.191,3.384,-10.935
2.00,765,7.868,-9.710,4.098
2.00,766,2.983,-1.353,3.163
2.00,768,-8.908,0.039,-6.118
2.00,769,7.029,3.538,-0.169
2.00,770,3.989,-7.881,-5.933
2.00,771,8.954,1.445,4.707
2.00,772,1.549,8.438,-6.668
2.00,774,-3.408,-6.326,4.510
2.00,775,4.053,1.251,4.242
2.00,776,-4.180,1.084,4.461
2.00,777,-7.653,-0.083,-0.179
2.00,778,5.092,7.123,-6.358
2.00,779,1.549,8.438,-6.668
2.00,780,2.879,8.030,-0.191
2.00,781,0.393,8.222,-0.225
2.00,782,8.889,0.466,4.610
2.00,783,8.172,5.666,4.420
2.00,784,1.340,9.607,5.712
2.00,785,8.172,5.666,4.420
2.00,786,9.920,9.056,-10.390
2.00,787,-3.247,1.559,9.296
2.00,788,2.723,-3.435,4.408
2.00,789,1.031,8.214,-0.235
2.00,790,-6.173,7.372,-5.282
2.00,791,6.319,-5.266,-0.219
2.00,792,2.879,8.030,-0.191
2.00,793,-8.848,4.523,4.481
2.00,794,-8.848,4.523,4.481
2.00,795,7.029,3.538,-0.169
2.00,796,8.172,5.666,4.420
2.00,797,2.879,8.030,-0.191
2.00,798,-0.649,-3.782,-10.524
2.00,800,-0.912,-3.205,9.342
2.00,801,3.188,4.297,-5.562
2.00,802,-3.408,-6.326,4.510
2.00,803,-3.408,-6.326,4.510
2.00,806,3.115,1.476,9.231
2.00,807,-4.061,-6.966,9.293
2.00,808,-3.769,-0.221,-6.124
2.00,810,6.323,-5.262,-0.219
2.00,811,6.317,6.826,9.518
2.00,812,7.029,3.538,-0.169
2.00,813,-4.061,-6.966,9.293
2.00,815,2.017,-9.537,4.595
2.00,817,-3.408,-6.326,4.510
2.00,819,-3.247,1.559,9.296
2.00,820,-8.629,-8.365,3.732
2.00,821,3.188,4.297,-5.562
2.00,823,-6.173,7.372,-5.282
2.00,824,2.879,8.030,-0.191
2.00,825,-5.904,5.803,4.474
2.00,826,-1.567,4.767,4.072
2.00,829,3.188,4.297,-5.562
2.00,830,-7.648,-0.077,-0.179
2.00,831,1.340,9.607,5.712
2.00,832,3.115,1.476,9.231
2.00,833,-6.173,7.372,-5.282
2.00,834,-3.247,1.559,9.296
2.00,836,8.889,0.466,4.610
2.00,837,1.991,-3.787,-5.331
2.00,838,2.879,8.030,-0.191
2.00,839,2.879,8.030,-0.191
2.00,840,2.017,-9.537,4.595
2.00,841,2.878,8.031,-0.191
2.00,842,5.092,7.123,-6.358
2.00,844,-6.173,7.372,-5.282
2.00,845,7.029,3.538,-0.169
2.00,846,8.956,1.442,4.707
2.00,847,8.172,5.666,4.420
2.00,848,-0.649,-3.782,-10.524
2.00,849,-3.333,-8.895,-5.366
2.00,850,2.816,4.041,4.678
2.00,851,-7.647,-0.077,-0.179
2.00,852,2.816,4.041,4.678
2.00,854,-7.648,-0.077,-0.179
2.00,855,2.017,-9.537,4.595
2.00,856,-3.769,-0.221,-6.124
2.00,857,-3.769,-0.221,-6.124
2.00,859,-3.769,-0.221,-6.124
2.00,860,-7.648,-0.077,-0.179
2.00,861,-4.180,1.084,4.461
2.00,862,-5.226,-6.185,-0.185
2.00,863,-0.191,3.384,-10.935
2.00,864,3.989,-7.881,-5.933
2.00,865,-8.908,0.039,-6.118
2.00,866,-1.567,4.767,4.072
2.00,867,-3.408,-6.326,4.510
2.00,868,8.889,0.466,4.610
2.00,869,-5.239,7.488,9.698
2.00,870,-5.904,5.803,4.474
2.00,871,7.868,-9.710,4.098
2.00,872,0.914,8.212,-0.234
2.00,873,-8.848,4.523,4.481
2.00,875,-3.769,-0.221,-6.124
2.00,876,-3.247,1.559,9.296
2.00,877,-3.247,1.559,9.296
2.00,878,3.201,2.046,-10.737
2.00,879,2.879,8.030,-0.191
2.00,880,1.991,-3.787,-5.331
2.00,881,7.029,3.538,-0.169
2.00,882,-7.648,-0.077,-0.179
2.00,884,6.811,-1.340,-5.542
2.00,885,-2.757,5.175,-4.980
2.00,886,6.323,-5.262,-0.219
2.00,887,6.323,-5.262,-0.219
2.00,888,6.323,-5.262,-0.219
2.00,889,-10.133,-8.149,-5.632
2.00,891,-1.567,4.767,4.072
2.00,892,0.742,8.209,-0.232
2.00,893,-7.648,-0.078,-0.179
2.00,894,-4.180,1.084,4.461
2.00,895,-8.848,4.523,4.481
2.00,896,8.957,1.439,4.707
2.00,897,-0.191,3.384,-10.935
2.00,899,5.092,7.123,-6.358
2.00,901,8.172,5.666,4.420
2.00,902,-3.769,-0.221,-6.124
2.00,903,-3.408,-6.326,4.510
2.00,905,6.323,-5.262,-0.219
2.00,906,8.808,0.603,9.589
2.00,907,-0.912,-3.205,9.342
2.00,908,8.808,0.603,9.589
2.00,909,6.323,-5.262,-0.219
2.00,912,3.188,4.297,-5.562
2.00,913,2.983,-1.353,3.163
2.00,914,-1.567,4.767,4.072
2.00,915,9.754,1.681,-5.489
2.00,916,-7.646,-0.075,-0.179
2.00,918,3.201,2.046,-10.737
2.00,919,-7.648,-0.077,-0.179
2.00,920,8.955,1.445,4.707
2.00,921,3.115,1.476,9.231
2.00,922,-3.769,-0.221,-6.124
2.00,924,-0.191,3.384,-10.935
2.00,927,-4.162,8.536,-5.037
2.00,928,-3.408,-6.326,4.510
2.00,929,8.356,-0.883,-0.196
2.00,930,3.989,-7.881,-5.933
2.00,932,-5.274,-6.977,-5.458
2.00,933,8.889,0.466,4.610
2.00,934,-3.408,-6.326,4.510
2.00,935,5.092,7.123,-6.358
2.00,936,-7.648,-0.077,-0.179
2.00,937,-3.333,-8.895,-5.366
2.00,938,-1.567,4.767,4.072
2.00,939,6.811,-1.340,-5.542
2.00,940,-5.274,-6.977,-5.458
2.00,941,-0.191,3.384,-10.935
2.00,942,5.092,7.123,-6.358
2.00,943,3.188,4.297,-5.562
2.00,946,-7.648,-0.077,-0.179
2.00,947,-8.848,4.523,4.481
2.00,948,5.092,7.123,-6.358
2.00,949,1.549,8.438,-6.668
2.00,950,6.316,-5.269,-0.219
2.00,951,1.549,8.438,-6.668
2.00,952,-5.274,-6.977,-5.458
2.00,953,2.879,8.030,-0.191
2.00,956,-6.173,7.372,-5.282
2.00,957,7.868,-9.710,4.098
2.00,958,-8.143,-0.967,-0.204
2.00,959,-7.648,-0.077,-0.179
2.00,961,2.879,8.030,-0.191
2.00,962,2.879,8.030,-0.191
2.00,963,-3.333,-8.895,-5.366
2.00,964,-0.648,-3.782,-10.524
2.00,965,5.092,7.123,-6.358
2.00,966,8.889,0.466,4.610
2.00,967,-5.239,7.488,9.698
2.00,968,2.723,-3.435,4.408
2.00,969,-0.191,3.384,-10.935
2.00,970,8.808,0.603,9.589
2.00,971,6.323,-5.262,-0.219
2.00,972,1.991,-3.787,-5.331
2.00,973,-6.173,7.372,-5.282
2.00,976,2.879,8.030,-0.191
2.00,977,3.201,2.046,-10.737
2.00,978,-0.912,-3.205,9.342
2.00,979,-8.848,4.523,4.481
2.00,980,-2.757,5.175,-4.980
2.00,982,-3.408,-6.326,4.510
2.00,983,2.723,-3.435,4.408
2.00,984,-8.629,-8.365,3.732
2.00,985,3.188,4.297,-5.562
2.00,986,2.017,-9.536,4.595
2.00,988,7.868,-9.710,4.098
2.00,989,5.092,7.123,-6.358
2.00,990,8.774,-8.605,3.304
2.00,991,-3.247,1.559,9.296
2.00,992,-3.408,-6.326,4.510
2.00,994,2.723,-3.435,4.408
2.00,995,3.115,1.476,9.231
2.00,996,3.201,2.046,-10.737
2.00,997,9.754,1.681,-5.489
2.00,998,-7.648,-0.077,-0.179
2.00,999,3.201,2.046,-10.737
2.00,1000,-0.649,-3.782,-10.524
2.00,1001,8.172,5.666,4.420
2.00,1002,2.879,8.030,-0.191
2.00,1004,1.549,8.438,-6.668
2.00,1005,3.201,2.046,-10.737
2.00,1006,-6.173,7.372,-5.282
2.00,1007,1.549,8.438,-6.668
2.00,1009,-0.912,-3.205,9.342
2.00,1010,-2.757,5.175,-4.980
2.00,1011,2.879,8.030,-0.191
2.00,1012,8.356,-0.883,-0.196
2.00,1013,-3.333,-8.895,-5.366
2.00,1014,-3.769,-0.221,-6.124
2.00,1016,-7.714,-0.153,-0.182
2.00,1017,8.356,-0.883,-0.196
2.00,1018,1.991,-3.787,-5.331
2.00,1020,8.957,1.438,4.707
2.00,1021,2.983,-1.353,3.163
2.00,1022,8.356,-0.883,-0.196
2.00,1024,2.879,8.030,-0.191
2.00,1025,3.201,2.046,-10.737
2.00,1027,-8.908,0.039,-6.118
2.00,1029,-3.408,-6.326,4.510
2.00,1030,-4.180,1.084,4.461
2.00,1032,-3.769,-0.221,-6.124
2.00,1033,-6.173,7.372,-5.282
2.00,1034,8.954,1.447,4.707
2.00,1036,-4.180,1.084,4.461
2.00,1037,5.092,7.123,-6.358
2.00,1038,-4.180,1.084,4.461
2.00,1039,3.989,-7.881,-5.933
2.00,1040,3.989,-7.881,-5.933
2.00,1041,-4.061,-6.966,9.293
2.00,1042,8.172,5.666,4.420
2.00,1043,8.889,0.466,4.610
2.00,1044,0.545,9.073,9.561
2.00,1045,2.017,-9.537,4.595
2.00,1046,2.017,-9.537,4.595
2.00,1047,6.811,-1.340,-5.542
2.00,1048,3.188,4.297,-5.562
2.00,1050,2.879,8.030,-0.191
2.00,1052,-1.567,4.767,4.072
2.00,1053,1.090,-9.529,-5.385
2.00,1054,7.027,3.543,-0.169
2.00,1055,4.053,1.250,4.242
2.00,1056,2.723,-3.435,4.408
2.00,1059,3.188,4.297,-5.562
2.00,1060,2.694,8.153,-0.193
2.00,1062,3.115,1.476,9.231
2.00,1063,2.017,-9.536,4.595
2.00,1065,8.172,5.666,4.420
2.00,1066,1.991,-3.787,-5.331
2.00,1067,-3.333,-8.895,-5.366
2.00,1069,-5.904,5.803,4.474
2.00,1070,8.172,5.666,4.420
2.00,1071,5.092,7.123,-6.358
2.00,1072,2.723,-3.435,4.408
2.00,1074,8.172,5.666,4.420
2.00,1075,4.053,1.250,4.242
2.00,1076,7.029,3.538,-0.169
2.00,1077,-0.648,-3.782,-10.524
2.00,1078,3.989,-7.881,-5.933
2.00,1079,2.017,-9.536,4.595
2.00,1080,-3.769,-0.221,-6.124
2.00,1081,-3.408,-6.326,4.510
2.00,1082,-3.408,-6.326,4.510
2.00,1084,-1.567,4.767,4.072
2.00,1085,2.879,8.030,-0.191
2.00,1086,-10.133,-8.149,-5.632
2.00,1089,2.875,8.034,-0.191
2.00,1090,6.323,-5.262,-0.219
2.00,1091,2.879,8.030,-0.191
2.00,1092,-5.274,-6.977,-5.458
2.00,1093,-7.558,-3.179,-0.219
2.00,1094,-2.757,5.175,-4.980
2.00,1095,-5.904,5.803,4.474
2.00,1096,2.017,-9.536,4.595
2.00,1097,-1.567,4.767,4.072
2.00,1098,2.017,-9.537,4.595
2.00,1099,8.356,-0.883,-0.196
2.00,1100,8.808,0.603,9.589
2.00,1101,2.569,8.192,-0.195
2.00,1102,-2.800,-6.662,4.470
2.00,1103,6.323,-5.262,-0.219
2.00,1104,-6.173,7.372,-5.282
2.00,1105,8.356,-0.883,-0.196
2.00,1106,-1.567,4.767,4.072
2.00,1107,-1.567,4.767,4.072
2.00,1108,6.317,-5.267,-0.219
2.00,1109,1.991,-3.787,-5.331
2.00,1110,2.832,8.073,-0.191
2.00,1111,6.323,-5.262,-0.219
2.00,1112,8.172,5.666,4.420
2.00,1113,-0.648,-3.782,-10.524
2.00,1115,-3.408,-6.326,4.510
2.00,1118,2.879,8.030,-0.191
2.00,1119,6.811,-1.340,-5.542
2.00,1121,2.018,-9.535,4.595
2.00,1123,9.754,1.681,-5.489
2.00,1124,-1.567,4.767,4.072
2.00,1125,-6.173,7.372,-5.282
2.00,1126,4.052,1.251,4.242
2.00,1127,3.188,4.297,-5.562
2.00,1128,-3.333,-8.895,-5.366
2.00,1129,3.201,2.046,-10.737
2.00,1130,-8.848,4.523,4.481
2.00,1131,6.811,-1.340,-5.542
2.00,1132,2.879,8.030,-0.191
2.00,1133,5.092,7.123,-6.358
2.00,1134,3.989,-7.881,-5.933
2.00,1135,-5.904,5.803,4.474
2.00,1136,8.172,5.666,4.420
2.00,1137,8.356,-0.883,-0.196
2.00,1138,0.980,8.213,-0.234
2.00,1139,2.879,8.030,-0.191
2.00,1140,-8.629,-8.365,3.732
2.00,1141,1.991,-3.787,-5.331
2.00,1142,-1.567,4.767,4.072
2.00,1143,4.053,1.250,4.242
2.00,1144,2.879,8.030,-0.191
2.00,1145,-4.499,8.181,4.459
2.00,1146,-4.061,-6.966,9.293
2.00,1147,-4.061,-6.966,9.293
2.00,1149,6.323,-5.262,-0.219
2.00,1150,-6.173,7.372,-5.282
2.00,1151,-1.567,4.767,4.072
2.00,1152,2.018,-9.536,4.595
2.00,1153,-5.274,-6.977,-5.458
2.00,1154,-7.648,-0.078,-0.179
2.00,1155,2.713,8.144,-0.192
2.00,1156,-1.567,4.767,4.072
2.00,1157,0.737,8.209,-0.232
2.00,1158,-3.769,-0.221,-6.124
2.00,1159,5.092,7.123,-6.358
2.00,1160,-7.648,-0.078,-0.179
2.00,1161,-3.157,-6.449,4.491
2.00,1162,2.017,-9.536,4.595
2.00,1163,5.092,7.123,-6.358
2.00,1165,-5.274,-6.977,-5.458
2.00,1166,2.723,-3.435,4.408
2.00,1167,8.356,-0.883,-0.196
2.00,1169,8.172,5.666,4.420
2.00,1172,-7.918,-0.429,-0.191
2.00,1173,2.983,-1.353,3.163
2.00,1174,-7.648,-0.077,-0.179
2.00,1175,-0.191,3.384,-10.935
2.00,1176,9.754,1.681,-5.489
2.00,1177,6.323,-5.262,-0.219
2.00,1178,-4.061,-6.966,9.293
2.00,1179,3.188,4.297,-5.562
2.00,1181,2.879,8.030,-0.191
2.00,1182,2.879,8.030,-0.191
2.00,1183,2.671,8.162,-0.193
2.00,1184,-7.649,-0.078,-0.179
2.00,1186,-1.567,4.767,4.072
2.00,1187,5.092,7.123,-6.358
2.00,1188,-0.649,-3.781,-10.524
2.00,1190,-1.567,4.767,4.072
2.00,1191,8.954,1.447,4.707
2.00,1192,6.267,-5.314,-0.220
2.00,1194,0.858,8.211,-0.233
2.00,1195,7.868,-9.710,4.098
2.00,1196,8.356,-0.883,-0.196
2.00,1197,-5.274,-6.977,-5.458
2.00,1198,-5.239,7.488,9.698
2.00,1200,6.811,-1.340,-5.542
2.00,1201,-0.648,-3.782,-10.524
2.00,1202,2.879,8.030,-0.191
2.00,1203,-5.239,7.488,9.698
2.00,1204,2.879,8.030,-0.191
2.00,1205,-7.648,-0.077,-0.179
2.00,1206,2.879,8.030,-0.191
2.00,1207,1.340,9.607,5.712
2.00,1209,6.323,-5.262,-0.219
2.00,1210,-5.184,-6.211,-0.184
2.00,1212,-5.274,-6.977,-5.458
2.00,1215,3.188,4.297,-5.562
2.00,1216,9.754,1.681,-5.489
2.00,1218,2.879,8.030,-0.191
2.00,1219,7.029,3.538,-0.169
2.00,1221,3.188,4.297,-5.562
2.00,1222,1.090,-9.529,-5.385
2.00,1223,-7.647,-0.076,-0.179
2.00,1224,2.879,8.030,-0.191
2.00,1225,9.920,9.056,-10.390
2.00,1226,6.323,-5.262,-0.219
2.00,1227,8.172,5.666,4.420
2.00,1228,2.723,-3.435,4.408
2.00,1229,-4.180,1.084,4.461
2.00,1230,0.925,8.212,-0.234
2.00,1231,-10.133,-8.149,-5.632
2.00,1233,7.029,3.538,-0.169
2.00,1234,-10.133,-8.149,-5.632
2.00,1235,6.323,-5.262,-0.219
2.00,1236,-8.908,0.039,-6.118
2.00,1237,-7.648,-0.077,-0.179
2.00,1238,2.879,8.030,-0.191
2.00,1240,6.323,-5.262,-0.219
2.00,1241,8.808,0.603,9.589
2.00,1242,-8.629,-8.365,3.732
2.00,1243,-7.649,-0.079,-0.179
2.00,1244,3.115,1.476,9.231
2.00,1245,2.879,8.030,-0.191
2.00,1248,5.092,7.123,-6.358
2.00,1249,-6.173,7.372,-5.282
2.00,1250,1.991,8.234,-0.216
2.00,1251,-10.133,-8.149,-5.632
2.00,1252,6.811,-1.340,-5.542
2.00,1253,7.868,-9.710,4.098
2.00,1254,-1.567,4.767,4.072
2.00,1255,2.879,8.030,-0.191
2.00,1256,-2.757,5.175,-4.980
2.00,1257,9.920,9.056,-10.390
2.00,1258,-1.567,4.767,4.072
2.00,1259,-3.333,-8.895,-5.366
2.00,1260,-2.757,5.175,-4.980
2.00,1261,-2.782,-6.673,4.469
2.00,1262,-3.408,-6.326,4.510
2.00,1264,8.356,-0.883,-0.196
2.00,1265,-1.567,4.767,4.072
2.00,1266,6.268,-5.313,-0.220
2.00,1267,-0.191,3.384,-10.935
2.00,1268,-3.333,-8.895,-5.366
2.00,1269,-1.567,4.767,4.072
2.00,1270,6.323,-5.262,-0.219
2.00,1271,2.879,8.030,-0.191
2.00,1272,-5.635,-5.920,-0.193
2.00,1273,-3.247,1.559,9.296
2.00,1276,2.879,8.030,-0.191
2.00,1277,-6.173,7.372,-5.282
2.00,1278,-7.486,-3.292,-0.217
2.00,1279,-7.648,-0.077,-0.179
2.00,1281,7.868,-9.710,4.098
2.00,1282,6.323,-5.262,-0.219
2.00,1283,6.811,-1.340,-5.542
2.00,1284,-6.173,7.372,-5.282
2.00,1285,-8.848,4.523,4.481
2.00,1286,2.879,8.030,-0.191
2.00,1288,1.549,8.438,-6.668
2.00,1289,-5.239,7.488,9.698
2.00,1290,2.983,-1.353,3.163
2.00,1291,6.323,-5.262,-0.219
2.00,1293,2.816,4.041,4.678
2.00,1294,-7.647,-0.076,-0.179
2.00,1295,2.017,-9.536,4.595
2.00,1296,3.989,-7.881,-5.933
2.00,1297,6.811,-1.340,-5.542
2.00,1298,6.811,-1.340,-5.542
2.00,1299,-8.629,-8.365,3.732
2.00,1300,3.201,2.046,-10.737
2.00,1301,-0.191,3.384,-10.935
2.00,1302,8.172,5.666,4.420
2.00,1303,6.811,-1.340,-5.542
2.00,1304,-6.173,7.372,-5.282
2.00,1305,3.115,1.476,9.231
2.00,1306,2.879,8.030,-0.191
2.00,1307,-7.648,-0.077,-0.179
2.00,1308,-3.333,-8.895,-5.366
2.00,1309,2.879,8.030,-0.191
2.00,1312,2.017,-9.536,4.595
2.00,1313,2.723,-3.435,4.408
2.00,1314,-3.408,-6.326,4.510
2.00,1315,2.723,-3.435,4.408
2.00,1316,2.877,8.032,-0.191
2.00,1317,5.873,-5.576,-0.227
2.00,1318,-5.239,7.488,9.698
2.00,1319,-8.848,4.523,4.481
2.00,1321,2.879,8.030,-0.191
2.00,1322,-4.162,8.536,-5.037
2.00,1323,3.188,4.297,-5.562
2.00,1324,-4.061,-6.966,9.293
2.00,1325,-7.414,-3.412,-0.216
2.00,1326,-3.333,-8.895,-5.366
2.00,1327,3.201,2.046,-10.737
2.00,1328,2.045,-9.509,4.596
2.00,1330,3.201,2.046,-10.737
2.00,1331,-7.648,-0.077,-0.179
2.00,1332,-10.133,-8.149,-5.632
2.00,1333,9.754,1.681,-5.489
2.00,1334,6.323,-5.262,-0.219
2.00,1335,1.549,8.438,-6.668
2.00,1337,3.115,1.476,9.231
2.00,1338,-2.789,-6.668,4.469
2.00,1339,1.549,8.438,-6.668
2.00,1341,8.957,1.439,4.707
2.00,1342,-0.912,-3.205,9.342
2.00,1343,9.754,1.681,-5.489
2.00,1344,-1.567,4.767,4.072
2.00,1346,9.754,1.681,-5.489
2.00,1347,3.989,-7.881,-5.933
2.00,1349,8.889,0.466,4.610
2.00,1350,-7.648,-0.077,-0.179
2.00,1353,-4.162,8.536,-5.037
2.00,1354,-2.718,-6.711,4.466
2.00,1355,1.549,8.438,-6.668
2.00,1356,8.889,0.466,4.610
2.00,1357,2.879,8.030,-0.191
2.00,1358,-3.408,-6.326,4.510
2.00,1360,4.053,1.250,4.242
2.00,1361,-7.648,-0.077,-0.179
2.00,1363,2.879,8.030,-0.191
2.00,1364,2.879,8.030,-0.191
2.00,1365,8.774,-8.605,3.304
2.00,1366,2.879,8.030,-0.191
2.00,1367,2.879,8.030,-0.191
2.00,1368,-7.647,-0.077,-0.179
2.00,1369,-8.848,4.523,4.481
2.00,1371,-8.908,0.039,-6.118
2.00,1372,-1.567,4.767,4.072
2.00,1373,-3.333,-8.895,-5.366
2.00,1374,2.723,-3.435,4.408
2.00,1375,-7.920,7.933,8.481
2.00,1376,2.816,4.041,4.678
2.00,1377,-7.649,-0.078,-0.179
2.00,1378,8.954,1.446,4.707
2.00,1380,-7.647,-0.077,-0.179
2.00,1381,-7.647,-0.077,-0.179
2.00,1382,4.053,1.250,4.242
2.00,1383,-8.908,0.039,-6.118
2.00,1384,2.017,-9.537,4.595
2.00,1385,-5.274,-6.977,-5.458
2.00,1386,3.989,-7.881,-5.933
2.00,1387,-6.130,-5.356,-0.202
2.00,1388,7.029,3.538,-0.169
2.00,1390,-4.499,8.181,4.459
2.00,1391,-3.407,-6.326,4.510
2.00,1392,1.549,8.438,-6.668
2.00,1393,-3.408,-6.326,4.510
2.00,1394,2.723,-3.435,4.408
2.00,1395,6.312,-5.273,-0.220
2.00,1396,-7.617,-3.087,-0.220
2.00,1397,2.878,8.031,-0.191
2.00,1398,6.323,-5.262,-0.219
2.00,1400,6.228,-5.343,-0.221
2.00,1401,-3.408,-6.326,4.510
2.00,1402,3.115,1.476,9.231
2.00,1403,-2.757,5.175,-4.980
2.00,1405,8.356,-0.883,-0.196
2.00,1406,-7.684,-0.118,-0.181
2.00,1407,-3.408,-6.326,4.510
2.00,1408,-8.494,3.826,-5.260
2.00,1409,-4.180,1.084,4.461
2.00,1410,4.053,1.250,4.242
2.00,1411,2.879,8.030,-0.191
2.00,1412,-5.904,5.803,4.474
2.00,1413,7.029,3.538,-0.169
2.00,1414,4.053,1.250,4.242
2.00,1416,2.723,-3.435,4.408
2.00,1417,-7.647,-0.077,-0.179
2.00,1418,-7.649,-0.078,-0.179
2.00,1419,9.754,1.681,-5.489
2.00,1420,-3.408,-6.326,4.510
2.00,1422,1.991,-3.787,-5.331
2.00,1423,-7.656,-0.086,-0.179
2.00,1424,2.983,-1.353,3.163
2.00,1425,-5.274,-6.977,-5.458
2.00,1426,-7.649,-0.078,-0.179
2.00,1427,-6.338,-5.086,-0.204
2.00,1429,2.723,-3.435,4.408
2.00,1430,-7.664,-0.096,-0.180
2.00,1431,3.201,2.046,-10.737
2.00,1433,-8.629,-8.365,3.732
2.00,1434,-7.648,-0.077,-0.179
2.00,1435,-4.499,8.181,4.459
2.00,1436,2.723,-3.435,4.408
2.00,1438,-6.173,7.372,-5.282
2.00,1439,9.920,9.056,-10.390
2.00,1440,-5.904,5.803,4.474
2.00,1441,2.017,-9.536,4.595
2.00,1443,2.723,-3.435,4.408
2.00,1444,6.811,-1.340,-5.542
2.00,1445,6.811,-1.340,-5.542
2.00,1446,-5.904,5.803,4.474
2.00,1447,-5.274,-6.977,-5.458
2.00,1448,-7.648,-0.078,-0.179
2.00,1449,-0.648,-3.782,-10.524
2.00,1450,-8.107,-2.021,-0.219
2.00,1452,0.786,8.210,-0.233
2.00,1453,2.017,-9.537,4.595
2.00,1454,0.305,8.226,-0.222
2.00,1455,-4.061,-6.966,9.293
2.00,1456,6.811,-1.340,-5.542
2.00,1457,2.861,8.047,-0.191
2.00,1458,-1.567,4.767,4.072
2.00,1462,-5.274,-6.977,-5.458
2.00,1463,-6.173,7.372,-5.282
2.00,1464,-5.274,-6.977,-5.458
2.00,1466,6.811,-1.340,-5.542
2.00,1467,3.201,2.046,-10.737
2.00,1469,-8.908,0.039,-6.118
2.00,1472,-5.904,5.803,4.474
2.00,1473,-5.239,7.488,9.698
2.00,1474,-0.648,-3.782,-10.524
2.00,1476,8.356,-0.883,-0.196
2.00,1477,8.889,0.466,4.610
2.00,1478,3.989,-7.881,-5.933
2.00,1479,-8.848,4.523,4.481
2.00,1481,8.172,5.666,4.420
2.00,1482,3.989,-7.881,-5.933
2.00,1483,-7.525,-3.230,-0.218
2.00,1484,5.607,-5.722,-0.231
2.00,1485,-7.648,-0.078,-0.179
2.00,1486,-7.647,-0.077,-0.179
2.00,1487,-0.191,3.384,-10.935
2.00,1488,-5.904,5.803,4.474
2.00,1489,2.879,8.030,-0.191
2.00,1490,-3.408,-6.326,4.510
2.00,1491,3.115,1.476,9.231
2.00,1493,-6.173,7.372,-5.282
2.00,1494,-0.912,-3.205,9.342
2.00,1496,-8.848,4.523,4.481
2.00,1497,-5.904,5.803,4.474
2.00,1498,3.201,2.046,-10.737
2.00,1499,-5.904,5.803,4.474
2.00,1500,-2.757,5.175,-4.980
2.00,1501,-5.239,7.488,9.698
2.00,1502,-7.920,7.933,8.481
2.00,1503,6.811,-1.340,-5.542
2.00,1504,-0.191,3.384,-10.935
2.00,1505,2.017,-9.536,4.595
2.00,1506,6.323,-5.262,-0.219
2.00,1507,-3.769,-0.221,-6.124
2.00,1508,6.323,-5.262,-0.219
2.00,1510,6.323,-5.262,-0.219
2.00,1511,8.172,5.666,4.420
2.00,1512,8.889,0.466,4.610
2.00,1514,6.811,-1.340,-5.542
2.00,1516,-3.408,-6.326,4.510
2.00,1517,8.172,5.666,4.420
2.00,1518,5.092,7.123,-6.358
2.00,1520,8.889,0.466,4.610
2.00,1521,-6.173,7.372,-5.282
2.00,1522,3.201,2.046,-10.737
2.00,1523,-3.769,-0.221,-6.124
2.00,1524,5.092,7.123,-6.358
2.00,1526,3.989,-7.881,-5.933
2.00,1527,8.172,5.666,4.420
2.00,1528,-2.757,5.175,-4.980
2.00,1529,8.954,1.447,4.707
2.00,1531,8.956,1.442,4.707
2.00,1532,-5.904,5.803,4.474
2.00,1534,-7.648,-0.077,-0.179
2.00,1535,-3.769,-0.221,-6.124
2.00,1536,-0.191,3.384,-10.935
2.00,1537,7.029,3.538,-0.169
2.00,1538,-3.247,1.559,9.296
2.00,1539,-7.711,-0.150,-0.182
2.00,1541,-7.648,-0.077,-0.179
2.00,1542,1.991,-3.787,-5.331
2.00,1543,3.989,-7.881,-5.933
2.00,1544,7.029,3.538,-0.169
2.00,1545,-2.757,5.175,-4.980
2.00,1546,-5.904,5.803,4.474
2.00,1547,-3.769,-0.221,-6.124
2.00,1548,7.029,3.538,-0.169
2.00,1549,-0.191,3.384,-10.935
2.00,1551,4.052,1.252,4.242
2.00,1552,-7.648,-0.077,-0.179
2.00,1553,3.188,4.297,-5.562
2.00,1554,-5.904,5.803,4.474
2.00,1555,6.811,-1.340,-5.542
2.00,1556,-7.648,-0.077,-0.179
2.00,1557,9.920,9.056,-10.390
2.00,1560,0.304,8.226,-0.222
2.00,1561,-8.629,-8.365,3.732
2.00,1562,2.879,8.030,-0.191
2.00,1563,5.092,7.123,-6.358
2.00,1565,2.723,-3.435,4.408
2.00,1566,-3.408,-6.325,4.510
2.00,1567,1.691,8.228,-0.225
2.00,1568,2.871,8.037,-0.191
2.00,1569,3.188,4.297,-5.562
2.00,1570,2.879,8.030,-0.191
2.00,1571,-8.494,3.826,-5.260
2.00,1572,-8.848,4.523,4.481
2.00,1573,8.172,5.666,4.420
2.00,1574,-7.648,-0.077,-0.179
2.00,1575,-3.769,-0.221,-6.124
2.00,1577,0.212,8.230,-0.220
2.00,1578,1.077,8.215,-0.235
2.00,1579,-4.061,-6.966,9.293
2.00,1580,-5.274,-6.977,-5.458
2.00,1581,-7.440,-3.368,-0.216
2.00,1582,-6.059,-5.441,-0.201
2.00,1583,1.549,8.438,-6.668
2.00,1584,9.754,1.681,-5.489
2.00,1585,-6.270,-5.179,-0.203
2.00,1586,-4.180,1.084,4.461
2.00,1587,8.356,-0.883,-0.196
2.00,1588,1.991,-3.787,-5.331
2.00,1590,-4.180,1.084,4.461
2.00,1591,-5.274,-6.977,-5.458
2.00,1592,-7.649,-0.079,-0.179
2.00,1593,-4.499,8.181,4.459
2.00,1594,-3.408,-6.326,4.510
2.00,1595,9.754,1.681,-5.489
2.00,1597,-7.858,-0.340,-0.188
2.00,1598,6.319,-5.266,-0.219
2.00,1599,2.879,8.030,-0.191
2.00,1600,7.868,-9.710,4.098
2.00,1601,-0.191,3.384,-10.935
2.00,1602,-4.180,1.084,4.461
2.00,1603,-0.912,-3.205,9.342
2.00,1604,2.879,8.030,-0.191
2.00,1605,2.879,8.030,-0.191
2.00,1606,-0.649,-3.781,-10.524
2.00,1607,8.356,-0.883,-0.196
2.00,1609,-6.173,7.372,-5.282
2.00,1610,-7.647,-0.077,-0.179
2.00,1611,-8.848,4.523,4.481
2.00,1612,-7.648,-0.077,-0.179
2.00,1614,1.991,-3.787,-5.331
2.00,1615,-3.141,-10.569,4.498
2.00,1616,6.323,-5.262,-0.219
2.00,1617,9.754,1.681,-5.489
2.00,1618,2.816,4.041,4.678
2.00,1619,6.322,-5.263,-0.219
2.00,1620,2.017,-9.536,4.595
2.00,1621,-1.567,4.767,4.072
2.00,1622,2.816,4.041,4.678
2.00,1624,2.017,-9.537,4.595
2.00,1625,-3.769,-0.221,-6.124
2.00,1626,-4.162,8.536,-5.037
2.00,1627,8.356,-0.883,-0.196
2.00,1628,-5.274,-6.977,-5.458
2.00,1629,8.889,0.466,4.610
2.00,1630,3.115,1.476,9.231
2.00,1631,5.092,7.123,-6.358
2.00,1632,6.323,-5.262,-0.219
2.00,1634,2.879,8.030,-0.191
2.00,1635,3.115,1.476,9.231
2.00,1636,-3.408,-6.326,4.510
2.00,1637,2.017,-9.536,4.595
2.00,1638,2.879,8.030,-0.191
2.00,1640,1.991,-3.787,-5.331
2.00,1642,-8.848,4.523,4.481
2.00,1643,-4.180,1.084,4.461
2.00,1644,3.201,2.046,-10.737
2.00,1646,8.957,1.439,4.707
2.00,1647,5.092,7.123,-6.358
2.00,1649,4.053,1.250,4.242
2.00,1650,-3.379,-6.341,4.508
2.00,1651,3.188,4.297,-5.562
2.00,1653,2.346,8.216,-0.202
2.00,1654,6.811,-1.340,-5.542
2.00,1655,-7.649,-0.078,-0.179
2.00,1656,-7.648,-0.077,-0.179
2.00,1657,3.201,2.046,-10.737
2.00,1658,-3.769,-0.221,-6.124
2.00,1659,2.723,-3.435,4.408
2.00,1661,-5.239,7.488,9.698
2.00,1663,-7.649,-0.079,-0.179
2.00,1665,-5.904,5.803,4.474
2.00,1666,-7.646,-0.075,-0.179
2.00,1669,-0.648,-3.782,-10.524
2.00,1670,-3.247,1.559,9.296
2.00,1672,-5.239,7.488,9.698
2.00,1673,-10.133,-8.149,-5.632
2.00,1674,2.879,8.030,-0.191
2.00,1675,2.723,-3.435,4.408
2.00,1677,-3.247,1.559,9.296
2.00,1678,-3.408,-6.326,4.510
2.00,1679,6.294,-5.290,-0.220
2.00,1680,-6.173,7.372,-5.282
2.00,1684,-3.408,-6.326,4.510
2.00,1685,2.879,8.030,-0.191
2.00,1686,-6.173,7.372,-5.282
2.00,1687,6.323,-5.262,-0.219
2.00,1688,-1.567,4.767,4.072
2.00,1689,3.115,1.476,9.231
2.00,1690,-5.274,-6.977,-5.458
2.00,1691,2.816,4.041,4.678
2.00,1692,-7.647,-0.076,-0.179
2.00,1693,8.774,-8.605,3.304
2.00,1694,2.662,8.165,-0.193
2.00,1695,-5.239,7.488,9.698
2.00,1696,3.989,-7.881,-5.933
2.00,1698,7.868,-9.710,4.098
2.00,1699,8.356,-0.883,-0.196
2.00,1700,3.115,1.476,9.231
2.00,1701,2.879,8.030,-0.191
2.00,1702,3.201,2.046,-10.737
2.00,1703,2.816,4.041,4.678
2.00,1704,-2.757,5.175,-4.980
2.00,1705,-8.183,-1.702,-0.215
2.00,1706,-3.247,1.559,9.296
2.00,1707,0.545,9.073,9.561
2.00,1708,-0.912,-3.205,9.342
2.00,1709,-6.792,-4.396,-0.204
2.00,1710,6.811,-1.340,-5.542
2.00,1711,7.029,3.538,-0.169
2.00,1712,-8.168,-1.804,-0.216
2.00,1713,8.808,0.603,9.589
2.00,1714,-4.061,-6.966,9.293
2.00,1715,-1.567,4.767,4.072
2.00,1716,-5.239,7.488,9.698
2.00,1717,8.356,-0.883,-0.196
2.00,1718,9.920,9.056,-10.390
2.00,1719,-5.904,5.803,4.474
2.00,1720,3.201,2.046,-10.737
2.00,1721,-5.904,5.803,4.474
2.00,1722,8.808,0.603,9.589
2.00,1723,5.092,7.123,-6.358
2.00,1725,-7.665,-0.096,-0.180
2.00,1726,9.920,9.056,-10.390
2.00,1727,-7.920,7.933,8.481
2.00,1729,-3.408,-6.326,4.510
2.00,1730,6.323,-5.262,-0.219
2.00,1731,8.356,-0.883,-0.196
2.00,1732,6.811,-1.340,-5.542
2.00,1734,8.954,1.447,4.707
2.00,1735,6.323,-5.262,-0.219
2.00,1736,8.889,0.466,4.610
2.00,1738,-7.647,-0.076,-0.179
2.00,1741,4.053,1.250,4.242
2.00,1742,-7.648,-0.077,-0.179
2.00,1743,0.545,9.073,9.561
2.00,1744,3.989,-7.881,-5.933
2.00,1745,2.816,4.041,4.678
2.00,1746,8.172,5.666,4.420
2.00,1749,-1.567,4.767,4.072
2.00,1751,-7.645,-0.074,-0.179
2.00,1753,2.879,8.030,-0.191
2.00,1754,2.879,8.030,-0.191
2.00,1755,6.323,-5.262,-0.219
2.00,1756,-7.650,-0.079,-0.179
2.00,1757,-5.904,5.803,4.474
2.00,1758,9.754,1.681,-5.489
2.00,1759,-3.333,-8.895,-5.366
2.00,1760,2.877,8.032,-0.191
2.00,1762,-7.649,-0.079,-0.179
2.00,1763,-3.247,1.559,9.296
2.00,1764,8.172,5.666,4.420
2.00,1765,2.879,8.030,-0.191
2.00,1766,-7.649,-0.079,-0.179
2.00,1767,-7.649,-0.079,-0.179
2.00,1768,8.889,0.466,4.610
2.00,1769,7.868,-9.710,4.098
2.00,1770,4.053,1.250,4.242
2.00,1771,-2.757,5.175,-4.980
2.00,1772,-8.908,0.039,-6.118
2.00,1773,0.733,8.209,-0.232
2.00,1774,-2.624,-11.165,9.056
2.00,1775,1.549,8.438,-6.668
2.00,1777,9.754,1.681,-5.489
2.00,1778,-3.769,-0.221,-6.124
2.00,1779,-3.408,-6.326,4.510
2.00,1780,-7.648,-0.078,-0.179
2.00,1781,2.879,8.030,-0.191
2.00,1782,-6.173,7.372,-5.282
2.00,1783,0.833,8.210,-0.233
2.00,1784,-4.061,-6.966,9.293
2.00,1785,1.205,8.217,-0.236
2.00,1787,7.868,-9.710,4.098
2.00,1788,-5.239,7.488,9.698
2.00,1789,-3.015,-6.532,4.482
2.00,1790,2.017,-9.537,4.595
2.00,1793,3.115,1.476,9.231
2.00,1794,-2.899,-6.602,4.475
2.00,1795,2.879,8.030,-0.191
2.00,1797,-3.408,-6.326,4.510
2.00,1798,9.920,9.056,-10.390
2.00,1799,0.992,8.213,-0.235
2.00,1800,-3.408,-6.326,4.510
2.00,1801,5.092,7.123,-6.358
2.00,1802,5.092,7.123,-6.358
2.00,1803,-4.061,-6.966,9.293
2.00,1804,-3.408,-6.326,4.510
2.00,1805,1.549,8.438,-6.668
2.00,1806,-3.247,1.559,9.296
2.00,1807,6.811,-1.340,-5.542
2.00,1808,3.115,1.476,9.231
2.00,1809,8.356,-0.883,-0.196
2.00,1810,-6.747,-4.467,-0.205
2.00,1811,3.989,-7.881,-5.933
2.00,1812,7.029,3.538,-0.169
2.00,1813,-0.912,-3.205,9.342
2.00,1814,9.754,1.681,-5.489
2.00,1815,-7.422,-3.400,-0.216
2.00,1816,1.549,8.438,-6.668
2.00,1817,5.092,7.123,-6.358
2.00,1818,8.172,5.666,4.420
2.00,1819,-8.908,0.039,-6.118
2.00,1820,-4.162,8.536,-5.037
2.00,1821,-8.908,0.039,-6.118
2.00,1822,6.323,-5.262,-0.219
2.00,1823,9.754,1.681,-5.489
2.00,1825,-6.173,7.372,-5.282
2.00,1826,-4.061,-6.966,9.293
2.00,1827,2.879,8.030,-0.191
2.00,1828,-8.908,0.039,-6.118
2.00,1829,2.816,4.041,4.678
2.00,1830,6.323,-5.262,-0.219
2.00,1831,2.017,-9.537,4.595
2.00,1832,6.323,-5.262,-0.219
2.00,1833,2.816,4.041,4.678
2.00,1834,6.811,-1.340,-5.542
2.00,1835,-0.912,-3.205,9.342
2.00,1836,-2.757,5.175,-4.980
2.00,1837,3.201,2.046,-10.737
2.00,1840,-7.674,-0.107,-0.180
2.00,1842,-0.191,3.384,-10.935
2.00,1843,-7.645,-0.074,-0.179
2.00,1844,3.201,2.046,-10.737
2.00,1845,-3.333,-8.895,-5.366
2.00,1846,1.737,-9.725,4.597
2.00,1847,8.889,0.466,4.610
2.00,1848,-3.408,-6.326,4.510
2.00,1850,5.092,7.123,-6.358
2.00,1851,-8.908,0.039,-6.118
2.00,1852,-8.180,-1.726,-0.215
2.00,1853,-2.757,5.175,-4.980
2.00,1854,7.029,3.538,-0.169
2.00,1855,3.188,4.297,-5.562
2.00,1856,2.725,8.139,-0.192
2.00,1858,-8.908,0.039,-6.118
2.00,1859,-8.848,4.523,4.481
2.00,1860,-8.908,0.039,-6.118
2.00,1861,6.323,-5.262,-0.219
2.00,1862,6.323,-5.262,-0.219
2.00,1863,2.879,8.030,-0.191
2.00,1864,-0.912,-3.205,9.342
2.00,1865,-1.567,4.767,4.072
2.00,1866,3.201,2.046,-10.737
2.00,1867,-6.173,7.372,-5.282
2.00,1871,-3.408,-6.326,4.510
2.00,1872,2.879,8.030,-0.191
2.00,1873,-4.499,8.181,4.459
2.00,1874,-5.274,-6.977,-5.458
2.00,1875,4.053,1.250,4.242
2.00,1876,7.029,3.538,-0.169
2.00,1877,4.053,1.250,4.242
2.00,1878,7.029,3.538,-0.169
2.00,1879,6.323,-5.262,-0.219
2.00,1880,8.889,0.466,4.610
2.00,1881,2.723,-3.435,4.408
2.00,1882,-7.648,-0.077,-0.179
2.00,1883,-7.648,-0.077,-0.179
2.00,1884,-7.647,-0.076,-0.179
2.00,1885,-3.408,-6.326,4.510
2.00,1886,2.877,8.032,-0.191
2.00,1887,-3.769,-0.221,-6.124
2.00,1888,-3.769,-0.221,-6.124
2.00,1889,8.954,1.447,4.707
2.00,1890,6.323,-5.262,-0.219
2.00,1891,1.090,-9.529,-5.385
2.00,1892,-7.920,7.933,8.481
2.00,1893,-5.904,5.803,4.474
2.00,1895,2.017,-9.536,4.595
2.00,1896,-1.567,4.767,4.072
2.00,1897,8.172,5.666,4.420
2.00,1898,-2.757,5.175,-4.980
2.00,1899,-8.629,-8.365,3.732
2.00,1900,2.017,-9.537,4.595
2.00,1901,-0.912,-3.205,9.342
2.00,1905,-7.675,-0.108,-0.180
2.00,1906,-1.567,4.767,4.072
2.00,1907,-0.912,-3.205,9.342
2.00,1908,-7.654,-0.084,-0.179
2.00,1910,-5.904,5.803,4.474
2.00,1911,8.172,5.666,4.420
2.00,1912,3.188,4.297,-5.562
2.00,1913,8.955,1.444,4.707
2.00,1915,-1.567,4.767,4.072
2.00,1916,-3.408,-6.325,4.510
2.00,1917,-3.769,-0.221,-6.124
2.00,1918,-3.247,1.559,9.296
2.00,1919,-8.494,3.827,-5.260
2.00,1921,-0.912,-3.205,9.342
2.00,1923,-4.061,-6.966,9.293
2.00,1924,3.115,1.476,9.231
2.00,1926,2.879,8.030,-0.191
2.00,1927,2.723,-3.435,4.408
2.00,1928,6.233,-5.340,-0.220
2.00,1930,1.991,-3.787,-5.331
2.00,1931,-7.649,-0.079,-0.179
2.00,1932,-5.274,-6.977,-5.458
2.00,1933,-0.191,3.384,-10.935
2.00,1935,-7.648,-0.077,-0.179
2.00,1936,2.879,8.030,-0.191
2.00,1937,-3.247,1.559,9.296
2.00,1938,-8.908,0.039,-6.118
2.00,1939,-7.648,-0.077,-0.179
2.00,1940,8.808,0.603,9.589
2.00,1941,-4.180,1.084,4.461
2.00,1942,7.868,-9.710,4.098
2.00,1943,-4.061,-6.966,9.293
2.00,1944,2.017,-9.536,4.595
2.00,1946,-6.173,7.372,-5.282
2.00,1947,4.051,1.254,4.242
2.00,1948,-1.567,4.767,4.072
2.00,1949,-3.408,-6.326,4.510
2.00,1950,1.090,-9.529,-5.385
2.00,1951,-7.649,-0.078,-0.179
2.00,1953,2.017,-9.536,4.595
2.00,1954,8.356,-0.883,-0.196
2.00,1956,-0.648,-3.782,-10.524
2.00,1957,-4.499,8.181,4.459
2.00,1958,-3.408,-6.326,4.510
2.00,1959,-7.647,-0.076,-0.179
2.00,1960,-3.408,-6.326,4.510
2.00,1961,8.356,-0.883,-0.196
2.00,1962,7.029,3.538,-0.169
2.00,1963,-5.274,-6.977,-5.458
2.00,1964,6.811,-1.340,-5.542
2.00,1965,-6.611,-4.678,-0.206
2.00,1966,-4.061,-6.966,9.293
2.00,1967,2.017,-9.536,4.595
2.00,1968,8.172,5.666,4.420
2.00,1970,-3.769,-0.221,-6.124
2.00,1971,8.172,5.666,4.420
2.00,1972,-3.214,-6.422,4.495
2.00,1973,-3.408,-6.326,4.510
2.00,1974,1.991,-3.787,-5.331
2.00,1975,-5.274,-6.977,-5.458
2.00,1976,-5.239,7.488,9.698
2.00,1977,2.017,-9.537,4.595
2.00,1979,-8.629,-8.365,3.732
2.00,1980,-5.274,-6.977,-5.458
2.00,1981,-3.408,-6.326,4.510
2.00,1983,-3.247,1.559,9.296
2.00,1984,2.879,8.030,-0.191
2.00,1985,2.983,-1.353,3.163
2.00,1986,-8.629,-8.365,3.732
2.00,1987,8.774,-8.605,3.304
2.00,1988,8.172,5.666,4.420
2.00,1989,-5.923,-5.609,-0.199
2.00,1990,-0.191,3.384,-10.935
2.00,1991,-7.653,-0.083,-0.179
2.00,1992,6.323,-5.262,-0.219
2.00,1993,8.172,5.666,4.420
2.00,1994,6.323,-5.262,-0.219
2.00,1995,3.188,4.297,-5.562
2.00,1996,-7.648,-0.077,-0.179
2.00,1997,-4.499,8.181,4.459
2.00,1998,-5.239,7.488,9.698
2.00,2000,-5.904,5.803,4.474
2.00,2001,-7.649,-0.079,-0.179
2.00,2002,3.989,-7.881,-5.933
2.00,2003,-3.408,-6.326,4.510
2.00,2004,2.879,8.030,-0.191
2.00,2005,-3.408,-6.326,4.510
2.00,2006,3.188,4.297,-5.562
2.00,2007,3.115,1.476,9.231
2.00,2008,2.030,-9.524,4.595
2.00,2009,2.017,-9.537,4.595
2.00,2010,7.029,3.538,-0.169
2.00,2011,0.878,8.211,-0.234
2.00,2013,2.723,-3.435,4.408
2.00,2014,6.160,-5.389,-0.222
2.00,2015,-7.648,-0.078,-0.179
2.00,2016,9.754,1.681,-5.489
2.00,2018,-1.567,4.767,4.072
2.00,2019,-6.173,7.372,-5.282
2.00,2020,-5.274,-6.977,-5.458
2.00,2021,8.954,1.446,4.707
2.00,2022,0.891,8.211,-0.234
2.00,2024,-7.648,-0.077,-0.179
2.00,2026,1.609,-9.788,4.602
2.00,2027,6.323,-5.262,-0.219
2.00,2028,6.811,-1.340,-5.542
2.00,2029,7.029,3.538,-0.169
2.00,2030,5.092,7.123,-6.358
2.00,2031,-3.769,-0.221,-6.124
2.00,2032,-4.180,1.084,4.461
2.00,2033,-7.653,-0.083,-0.179
2.00,2034,3.201,2.046,-10.737
2.00,2035,-7.647,-0.077,-0.179
2.00,2036,3.115,1.476,9.231
2.00,2037,-7.652,-0.082,-0.179
2.00,2038,-3.247,1.559,9.296
2.00,2041,6.323,-5.262,-0.219
2.00,2042,8.172,5.666,4.420
2.00,2043,-4.061,-6.966,9.293
2.00,2044,2.017,-9.537,4.595
2.00,2045,2.723,-3.435,4.408
2.00,2046,4.052,1.251,4.242
2.00,2047,-3.408,-6.326,4.510
2.00,2048,-3.247,1.559,9.296
2.00,2049,2.017,-9.536,4.595
2.00,2050,1.991,-3.787,-5.331
2.00,2053,3.188,4.297,-5.562
2.00,2054,5.092,7.123,-6.358
2.00,2055,8.172,5.666,4.420
2.00,2056,1.549,8.438,-6.668
2.00,2057,5.092,7.123,-6.358
2.00,2059,8.808,0.603,9.589
2.00,2060,8.356,-0.883,-0.196
2.00,2061,-4.180,1.084,4.461
2.00,2062,-1.567,4.767,4.072
2.00,2063,-4.180,1.084,4.461
2.00,2064,7.868,-9.710,4.098
2.00,2065,2.816,4.041,4.678
2.00,2066,-8.908,0.039,-6.118
2.00,2067,-3.408,-6.326,4.510
2.00,2069,9.754,1.681,-5.489
2.00,2070,-3.769,-0.221,-6.124
2.00,2071,6.323,-5.262,-0.219
2.00,2073,-7.667,-0.099,-0.180
2.00,2074,-2.757,5.175,-4.980
2.00,2075,-8.848,4.523,4.481
2.00,2076,9.754,1.681,-5.489
2.00,2077,-3.408,-6.326,4.510
2.00,2078,-1.567,4.767,4.072
2.00,2079,5.092,7.123,-6.358
2.00,2080,-8.848,4.523,4.481
2.00,2081,-4.499,8.181,4.459
2.00,2082,-8.629,-8.365,3.732
2.00,2083,-5.239,7.488,9.698
2.00,2084,-8.908,0.039,-6.118
2.00,2085,2.723,-3.435,4.408
2.00,2086,-5.274,-6.977,-5.458
2.00,2087,3.115,1.476,9.231
2.00,2088,6.811,-1.340,-5.542
2.00,2089,8.957,1.438,4.707
2.00,2090,-3.408,-6.326,4.510
2.00,2091,-7.647,-0.077,-0.179
2.00,2092,1.991,-3.787,-5.331
2.00,2093,-7.553,-3.186,-0.218
2.00,2095,9.754,1.681,-5.489
2.00,2096,-5.904,5.803,4.474
2.00,2097,3.115,1.476,9.231
2.00,2098,-7.483,-3.297,-0.217
2.00,2099,-3.408,-6.326,4.510
2.00,2102,-7.648,-0.078,-0.179
2.00,2103,-7.648,-0.078,-0.179
2.00,2104,-3.333,-8.895,-5.366
2.00,2105,-3.769,-0.221,-6.124
2.00,2106,-2.757,5.175,-4.980
2.00,2107,3.188,4.297,-5.562
2.00,2108,8.356,-0.883,-0.196
2.00,2109,-3.769,-0.221,-6.124
2.00,2111,6.811,-1.340,-5.542
2.00,2112,-1.567,4.767,4.072
2.00,2113,0.620,8.210,-0.231
2.00,2114,-7.645,-0.075,-0.179
2.00,2115,-5.274,-6.977,-5.458
2.00,2116,-7.648,-0.078,-0.179
2.00,2117,-3.408,-6.326,4.510
2.00,2118,-0.648,-3.782,-10.524
2.00,2119,-3.408,-6.326,4.510
2.00,2120,8.808,0.603,9.589
2.00,2121,-4.061,-6.966,9.293
2.00,2122,-8.178,-1.742,-0.215
2.00,2123,8.808,0.603,9.589
2.00,2124,-8.848,4.523,4.481
2.00,2126,6.323,-5.262,-0.219
2.00,2127,-1.567,4.767,4.072
2.00,2128,-3.247,1.559,9.296
2.00,2130,-6.173,7.372,-5.282
2.00,2132,9.920,9.056,-10.390
2.00,2133,2.017,-9.536,4.595
2.00,2134,8.955,1.443,4.707
2.00,2135,-4.764,-6.426,-0.181
2.00,2136,-0.649,-3.782,-10.524
2.00,2137,6.323,-5.262,-0.219
2.00,2138,-8.908,0.039,-6.118
2.00,2139,-1.567,4.767,4.072
2.00,2142,-4.162,8.536,-5.037
2.00,2143,-7.648,-0.078,-0.179
2.00,2144,6.323,-5.262,-0.219
2.00,2146,1.991,-3.787,-5.331
2.00,2147,8.774,-8.605,3.304
2.00,2148,2.879,8.030,-0.191
2.00,2149,1.549,8.438,-6.668
2.00,2150,-3.408,-6.326,4.510
2.00,2151,-4.162,8.536,-5.037
2.00,2152,7.029,3.538,-0.169
2.00,2154,-3.302,-6.380,4.502
2.00,2155,7.868,-9.710,4.098
2.00,2156,3.115,1.476,9.231
2.00,2157,-1.567,4.767,4.072
2.00,2158,1.201,8.217,-0.236
2.00,2159,2.816,4.041,4.678
2.00,2160,-4.499,8.181,4.459
2.00,2161,-5.904,5.803,4.474
2.00,2162,3.989,-7.881,-5.933
2.00,2163,-3.124,-6.466,4.488
2.00,2164,-4.180,1.084,4.461
2.00,2167,3.188,4.297,-5.562
2.00,2168,-7.648,-0.077,-0.179
2.00,2169,-8.848,4.523,4.481
2.00,2170,-1.567,4.767,4.072
2.00,2171,-8.908,0.039,-6.118
2.00,2172,-5.904,5.803,4.474
2.00,2173,2.723,-3.435,4.408
2.00,2174,2.723,-3.435,4.408
2.00,2175,-5.274,-6.977,-5.458
2.00,2176,2.723,-3.435,4.408
2.00,2177,-8.848,4.523,4.481
2.00,2178,8.808,0.603,9.589
2.00,2179,3.188,4.297,-5.562
2.00,2180,3.201,2.046,-10.737
2.00,2182,-7.762,-0.212,-0.184
2.00,2183,8.356,-0.883,-0.196
2.00,2184,5.092,7.123,-6.358
2.00,2185,9.754,1.681,-5.489
2.00,2186,1.549,8.438,-6.668
2.00,2187,-3.408,-6.326,4.510
2.00,2188,8.172,5.666,4.420
2.00,2190,6.323,-5.262,-0.219
2.00,2191,-7.648,-0.078,-0.179
2.00,2193,1.991,-3.787,-5.331
2.00,2194,-0.912,-3.205,9.342
2.00,2195,1.991,-3.787,-5.331
2.00,2196,1.991,-3.787,-5.331
2.00,2197,5.092,7.123,-6.358
2.00,2198,-8.035,-2.232,-0.221
2.00,2200,1.732,8.229,-0.224
2.00,2201,2.875,8.034,-0.191
2.00,2203,-7.127,-3.879,-0.209
2.00,2204,6.811,-1.340,-5.542
2.00,2205,3.115,1.476,9.231
2.00,2206,-3.408,-6.326,4.510
2.00,2207,1.991,-3.787,-5.331
2.00,2208,3.188,4.297,-5.562
2.00,2209,9.754,1.681,-5.489
2.00,2210,2.017,-9.537,4.595
2.00,2211,-7.648,-0.078,-0.179
2.00,2212,-7.647,-0.076,-0.179
2.00,2213,-6.173,7.372,-5.282
2.00,2216,-2.805,-6.659,4.470
2.00,2218,8.172,5.666,4.420
2.00,2219,-7.439,-3.371,-0.216
2.00,2220,5.092,7.123,-6.358
2.00,2221,-1.567,4.767,4.072
2.00,2222,-8.494,3.826,-5.260
2.00,2223,8.889,0.466,4.610
2.00,2224,2.879,8.030,-0.191
2.00,2225,3.201,2.046,-10.737
2.00,2227,-4.061,-6.966,9.293
2.00,2228,-7.648,-0.078,-0.179
2.00,2229,-7.648,-0.077,-0.179
2.00,2232,-5.274,-6.977,-5.458
2.00,2233,-8.908,0.039,-6.118
2.00,2234,-5.904,5.803,4.474
2.00,2235,6.321,-5.264,-0.219
2.00,2236,-6.833,-4.329,-0.204
2.00,2237,-7.810,-2.719,-0.223
2.00,2238,7.029,3.538,-0.169
2.00,2240,1.991,-3.787,-5.331
2.00,2241,-1.567,4.767,4.072
2.00,2242,-8.848,4.523,4.481
2.00,2243,-8.848,4.523,4.481
2.00,2244,8.889,0.466,4.610
2.00,2245,8.889,0.466,4.610
2.00,2246,3.188,4.297,-5.562
2.00,2248,-4.180,1.084,4.461
2.00,2249,7.029,3.538,-0.169
2.00,2250,6.197,-5.364,-0.221
2.00,2251,-2.752,-6.691,4.467
2.00,2252,-6.173,7.372,-5.282
2.00,2253,1.991,-3.787,-5.331
2.00,2254,-7.648,-0.077,-0.179
2.00,2255,6.323,-5.262,-0.219
2.00,2257,6.321,-5.264,-0.219
2.00,2258,-5.274,-6.977,-5.458
2.00,2259,-3.141,-10.569,4.498
2.00,2260,-3.333,-8.895,-5.366
2.00,2261,-1.567,4.767,4.072
2.00,2262,2.879,8.030,-0.191
2.00,2263,-4.162,8.536,-5.037
2.00,2264,8.953,1.449,4.707
2.00,2265,-0.912,-3.205,9.342
2.00,2266,0.545,9.073,9.561
2.00,2267,3.201,2.046,-10.737
2.00,2268,2.816,4.041,4.678
2.00,2269,8.172,5.666,4.420
2.00,2270,4.053,1.250,4.242
2.00,2273,6.323,-5.262,-0.219
2.00,2274,5.092,7.123,-6.358
2.00,2275,1.991,-3.787,-5.331
2.00,2277,5.092,7.123,-6.358
2.00,2278,-4.180,1.084,4.461
2.00,2279,6.811,-1.340,-5.542
2.00,2281,9.920,9.056,-10.390
2.00,2282,3.115,1.476,9.231
2.00,2283,2.879,8.030,-0.191
2.00,2284,6.323,-5.262,-0.219
2.00,2285,3.989,-7.881,-5.933
2.00,2286,-7.741,-2.856,-0.222
2.00,2287,8.356,-0.883,-0.196
2.00,2288,-5.904,5.803,4.474
2.00,2289,7.029,3.539,-0.169
2.00,2290,3.188,4.297,-5.562
2.00,2292,6.811,-1.340,-5.542
2.00,2293,2.879,8.030,-0.191
2.00,2294,1.991,-3.787,-5.331
2.00,2295,1.090,-9.529,-5.385
2.00,2296,-3.408,-6.326,4.510
2.00,2298,-3.769,-0.221,-6.124
2.00,2299,-8.908,0.039,-6.118
2.00,2300,4.053,1.250,4.242
2.00,2301,-3.333,-8.895,-5.366
2.00,2302,-2.757,5.175,-4.980
2.00,2304,2.816,4.041,4.678
2.00,2305,3.989,-7.881,-5.933
2.00,2306,6.811,-1.340,-5.542
2.00,2309,-5.904,5.803,4.474
2.00,2310,-8.629,-8.365,3.732
2.00,2311,-0.912,-3.205,9.342
2.00,2312,-3.333,-8.895,-5.366
2.00,2313,-3.408,-6.326,4.510
2.00,2314,4.053,1.251,4.242
2.00,2315,8.356,-0.883,-0.196
2.00,2316,-6.173,7.372,-5.282
2.00,2317,-6.173,7.372,-5.282
2.00,2318,6.811,-1.340,-5.542
2.00,2320,-5.274,-6.977,-5.458
2.00,2321,2.017,-9.536,4.595
2.00,2322,3.201,2.046,-10.737
2.00,2323,-8.629,-8.365,3.732
2.00,2325,3.188,4.297,-5.562
2.00,2326,8.172,5.666,4.420
2.00,2327,-3.408,-6.326,4.510
2.00,2328,2.879,8.030,-0.191
2.00,2329,-5.904,5.803,4.474
2.00,2330,-8.908,0.039,-6.118
2.00,2331,-3.409,-6.325,4.510
2.00,2332,-4.061,-6.966,9.293
2.00,2333,-3.769,-0.221,-6.124
2.00,2335,-7.648,-0.078,-0.179
2.00,2336,7.029,3.539,-0.169
2.00,2337,-5.274,-6.977,-5.458
2.00,2339,1.090,-9.529,-5.385
2.00,2340,5.092,7.123,-6.358
2.00,2341,-3.408,-6.326,4.510
2.00,2342,3.989,-7.881,-5.933
2.00,2343,-7.886,-0.380,-0.190
2.00,2344,-5.904,5.803,4.474
2.00,2345,-2.757,5.175,-4.980
2.00,2346,-2.757,5.175,-4.980
2.00,2347,-7.648,-0.077,-0.179
2.00,2348,-7.655,-0.085,-0.179
2.00,2349,-3.769,-0.221,-6.124
2.00,2350,3.115,1.476,9.231
2.00,2351,-3.247,1.559,9.296
2.00,2352,2.879,8.030,-0.191
2.00,2353,-5.274,-6.977,-5.458
2.00,2355,-7.655,-0.085,-0.179
2.00,2356,3.188,4.297,-5.562
2.00,2358,-1.567,4.767,4.072
2.00,2359,6.323,-5.262,-0.219
2.00,2360,-5.274,-6.977,-5.458
2.00,2361,-3.408,-6.326,4.510
2.00,2362,-7.648,-0.078,-0.179
2.00,2363,-1.567,4.767,4.072
2.00,2364,1.549,8.438,-6.668
2.00,2365,2.879,8.030,-0.191
2.00,2366,6.323,-5.262,-0.219
2.00,2367,-1.567,4.767,4.072
2.00,2368,2.017,-9.536,4.595
2.00,2369,2.983,-1.353,3.163
2.00,2371,-2.966,-6.562,4.479
2.00,2372,-7.649,-0.079,-0.179
2.00,2374,8.889,0.466,4.610
2.00,2375,-3.408,-6.326,4.510
2.00,2376,8.889,0.466,4.610
2.00,2377,1.991,-3.787,-5.331
2.00,2378,-8.848,4.523,4.481
2.00,2379,2.879,8.030,-0.191
2.00,2380,-7.649,-0.078,-0.179
2.00,2381,-0.912,-3.205,9.342
2.00,2382,2.879,8.030,-0.191
2.00,2383,-8.848,4.523,4.481
2.00,2384,9.754,1.681,-5.489
2.00,2385,-8.629,-8.365,3.732
2.00,2386,-2.821,-6.649,4.471
2.00,2387,8.172,5.666,4.420
2.00,2388,-10.133,-8.149,-5.632
2.00,2389,-1.567,4.767,4.072
2.00,2390,-5.239,7.488,9.698
2.00,2391,-7.647,-0.076,-0.179
2.00,2392,-1.567,4.767,4.072
2.00,2393,7.029,3.538,-0.169
2.00,2394,2.816,4.041,4.678
2.00,2396,6.323,-5.262,-0.219
2.00,2397,-6.837,-4.321,-0.204
2.00,2398,2.879,8.030,-0.191
2.00,2399,-5.274,-6.977,-5.458
2.00,2400,-6.173,7.372,-5.282
2.00,2402,1.991,-3.787,-5.331
2.00,2403,0.599,8.212,-0.231
2.00,2404,-5.274,-6.977,-5.458
2.00,2405,2.879,8.030,-0.191
2.00,2406,8.172,5.666,4.420
2.00,2408,2.983,-1.353,3.163
2.00,2409,-5.274,-6.977,-5.458
2.00,2410,2.879,8.030,-0.191
2.00,2411,2.879,8.030,-0.191
2.00,2412,-5.239,7.488,9.698
2.00,2414,-8.629,-8.365,3.732
2.00,2416,-5.274,-6.977,-5.458
2.00,2417,3.989,-7.881,-5.933
2.00,2418,-7.975,-2.387,-0.222
2.00,2419,0.670,8.209,-0.232
2.00,2420,-5.239,7.488,9.698
2.00,2422,6.322,-5.263,-0.219
2.00,2423,-3.247,1.559,9.296
2.00,2425,5.092,7.123,-6.358
2.00,2426,-5.274,-6.977,-5.458
2.00,2427,2.879,8.030,-0.191
2.00,2428,6.216,-5.351,-0.221
2.00,2429,7.029,3.538,-0.169
2.00,2430,-3.408,-6.326,4.510
2.00,2431,6.811,-1.340,-5.542
2.00,2432,0.327,8.225,-0.223
2.00,2433,8.955,1.444,4.707
2.00,2434,2.879,8.030,-0.191
2.00,2435,-6.480,-4.874,-0.206
2.00,2436,1.991,-3.787,-5.331
2.00,2437,8.356,-0.883,-0.196
2.00,2438,-4.180,1.084,4.461
2.00,2439,8.172,5.666,4.420
2.00,2440,8.172,5.666,4.420
2.00,2441,7.868,-9.710,4.098
2.00,2442,-4.162,8.536,-5.037
2.00,2445,3.201,2.046,-10.737
2.00,2446,1.549,8.438,-6.668
2.00,2447,3.188,4.297,-5.562
2.00,2449,-0.191,3.384,-10.935
2.00,2451,-7.648,-0.077,-0.179
2.00,2452,-5.274,-6.977,-5.458
2.00,2453,2.879,8.030,-0.191
2.00,2454,3.201,2.046,-10.737
2.00,2455,2.017,-9.537,4.595
2.00,2456,-3.247,1.559,9.296
2.00,2458,-6.173,7.372,-5.282
2.00,2459,-7.648,-0.077,-0.179
2.00,2460,5.092,7.123,-6.358
2.00,2462,2.983,-1.353,3.163
2.00,2463,6.287,-5.296,-0.220
2.00,2464,-1.567,4.767,4.072
2.00,2465,-8.848,4.523,4.481
2.00,2467,5.092,7.123,-6.358
2.00,2468,3.989,-7.881,-5.933
2.00,2469,4.053,1.251,4.242
2.00,2470,7.029,3.538,-0.169
2.00,2471,-8.629,-8.365,3.732
2.00,2472,-3.408,-6.326,4.510
2.00,2473,3.201,2.046,-10.737
2.00,2474,1.447,8.222,-0.232
2.00,2475,6.323,-5.262,-0.219
2.00,2476,8.889,0.466,4.610
2.00,2477,6.323,-5.262,-0.219
2.00,2479,8.356,-0.883,-0.196
2.00,2480,-7.649,-0.078,-0.179
2.00,2481,0.545,9.073,9.561
2.00,2483,8.172,5.666,4.420
2.00,2484,-8.848,4.523,4.481
2.00,2485,2.017,-9.537,4.595
2.00,2486,3.188,4.297,-5.562
2.00,2487,-6.173,7.372,-5.282
2.00,2488,2.723,-3.435,4.408
2.00,2489,-7.648,-0.077,-0.179
2.00,2490,2.017,-9.536,4.595
2.00,2491,-2.869,-6.620,4.474
2.00,2492,-0.191,3.384,-10.935
2.00,2493,-6.173,7.372,-5.282
2.00,2494,-4.061,-6.966,9.293
2.00,2495,1.052,8.214,-0.235
2.00,2496,3.989,-7.881,-5.933
2.00,2497,-1.567,4.767,4.072
2.00,2498,-8.629,-8.365,3.732
2.00,2499,-7.648,-0.078,-0.179
2.00,2500,-8.848,4.523,4.481
2.00,2502,2.879,8.030,-0.191
2.00,2503,2.983,-1.353,3.163
2.00,2504,-8.848,4.523,4.481
2.00,2505,6.811,-1.340,-5.542
2.00,2506,-0.912,-3.205,9.342
2.00,2507,-8.848,4.523,4.481
2.00,2508,-5.904,5.803,4.474
2.00,2509,8.356,-0.883,-0.196
2.00,2510,8.172,5.666,4.420
2.00,2511,1.090,-9.529,-5.385
2.00,2512,2.723,-3.435,4.408
2.00,2513,-3.769,-0.221,-6.124
2.00,2514,-6.173,7.372,-5.282
2.00,2515,8.356,-0.883,-0.196
2.00,2516,3.115,1.476,9.231
2.00,2517,8.172,5.666,4.420
2.00,2518,-8.908,0.039,-6.118
2.00,2519,2.879,8.030,-0.191
2.00,2520,-3.247,1.559,9.296
2.00,2521,-3.408,-6.326,4.510
2.00,2522,3.188,4.297,-5.562
2.00,2523,-7.647,-0.076,-0.179
2.00,2524,0.637,8.210,-0.232
2.00,2525,2.723,-3.435,4.408
2.00,2526,-3.333,-8.895,-5.366
2.00,2528,5.092,7.123,-6.358
2.00,2529,-8.908,0.039,-6.118
2.00,2530,0.784,8.210,-0.233
2.00,2531,0.408,8.221,-0.225
2.00,2532,2.017,-9.537,4.595
2.00,2533,7.029,3.539,-0.169
2.00,2535,1.991,-3.787,-5.331
2.00,2536,2.879,8.030,-0.191
2.00,2538,-1.567,4.767,4.072
2.00,2539,8.808,0.603,9.589
2.00,2540,1.549,8.438,-6.668
2.00,2541,-8.848,4.523,4.481
2.00,2542,2.879,8.030,-0.191
2.00,2543,9.754,1.681,-5.489
2.00,2544,-6.173,7.372,-5.282
2.00,2545,-5.904,5.803,4.474
2.00,2546,1.991,-3.787,-5.331
2.00,2548,-0.912,-3.205,9.342
2.00,2549,-7.647,-0.077,-0.179
2.00,2550,-5.904,5.803,4.474
2.00,2551,-7.648,-0.077,-0.179
2.00,2552,6.811,-1.340,-5.542
2.00,2553,2.879,8.030,-0.191
2.00,2554,7.029,3.538,-0.169
2.00,2555,-7.652,-0.082,-0.179
2.00,2557,-4.499,8.181,4.459
2.00,2558,8.808,0.603,9.589
2.00,2559,-3.408,-6.326,4.510
2.00,2560,2.816,4.041,4.678
2.00,2561,-3.333,-8.895,-5.366
2.00,2562,-5.239,7.488,9.698
2.00,2563,3.115,1.476,9.231
2.00,2564,-2.624,-11.165,9.056
2.00,2565,6.323,-5.262,-0.219
2.00,2566,-7.649,-0.078,-0.179
2.00,2567,-1.567,4.767,4.072
2.00,2568,2.017,-9.536,4.595
2.00,2569,8.889,0.466,4.610
2.00,2571,-0.191,3.384,-10.935
2.00,2572,2.816,4.041,4.678
2.00,2573,1.549,8.438,-6.668
2.00,2574,-5.239,7.488,9.698
2.00,2575,7.029,3.539,-0.169
2.00,2576,2.879,8.030,-0.191
2.00,2577,-1.567,4.767,4.072
2.00,2580,-5.239,7.488,9.698
2.00,2582,-8.494,3.826,-5.260
2.00,2583,-3.333,-8.895,-5.366
2.00,2584,-3.333,-8.895,-5.366
2.00,2586,2.017,-9.537,4.595
2.00,2587,-4.162,8.536,-5.037
2.00,2588,-7.648,-0.077,-0.179
2.00,2589,2.983,-1.353,3.163
2.00,2590,-5.274,-6.977,-5.458
2.00,2591,2.017,-9.537,4.595
2.00,2592,6.317,-5.268,-0.219
2.00,2593,8.889,0.466,4.610
2.00,2594,-7.648,-0.077,-0.179
2.00,2596,8.356,-0.883,-0.196
2.00,2597,-7.645,-0.074,-0.179
2.00,2599,2.879,8.030,-0.191
2.00,2600,6.323,-5.262,-0.219
2.00,2601,-7.070,-3.964,-0.209
2.00,2602,-7.114,-3.899,-0.209
2.00,2604,-7.647,-0.076,-0.179
2.00,2605,2.017,-9.536,4.595
2.00,2606,-3.333,-8.895,-5.366
2.00,2607,6.323,-5.262,-0.219
2.00,2608,-0.912,-3.205,9.342
2.00,2609,6.254,-5.325,-0.220
2.00,2610,-8.629,-8.365,3.732
2.00,2611,-8.908,0.039,-6.118
2.00,2612,1.991,-3.787,-5.331
2.00,2613,-7.649,-0.079,-0.179
2.00,2615,-5.274,-6.977,-5.458
2.00,2616,6.323,-5.262,-0.219
2.00,2617,2.879,8.030,-0.191
2.00,2618,-3.408,-6.326,4.510
2.00,2619,-2.818,-6.651,4.471
2.00,2620,-7.648,-0.077,-0.179
2.00,2621,-7.648,-0.078,-0.179
2.00,2622,-0.912,-3.205,9.342
2.00,2623,-7.648,-0.077,-0.179
2.00,2624,2.879,8.030,-0.191
2.00,2625,-0.912,-3.205,9.342
2.00,2626,-3.408,-6.326,4.510
2.00,2627,8.808,0.603,9.589
2.00,2628,6.811,-1.340,-5.542
2.00,2629,-7.616,-3.089,-0.220
2.00,2630,8.889,0.466,4.610
2.00,2631,8.808,0.603,9.589
2.00,2632,7.029,3.538,-0.169
2.00,2634,8.808,0.603,9.589
2.00,2636,-3.333,-8.895,-5.366
2.00,2638,3.989,-7.881,-5.933
2.00,2639,3.115,1.476,9.231
2.00,2640,-3.769,-0.221,-6.124
2.00,2641,3.188,4.297,-5.562
2.00,2642,5.092,7.123,-6.358
2.00,2644,3.188,4.297,-5.562
2.00,2645,4.053,1.250,4.242
2.00,2646,2.723,-3.435,4.408
2.00,2647,-1.567,4.767,4.072
2.00,2648,-3.769,-0.221,-6.124
2.00,2649,-7.648,-0.078,-0.179
2.00,2651,2.816,4.041,4.678
2.00,2652,1.549,8.438,-6.668
2.00,2653,3.188,4.297,-5.562
2.00,2654,-7.648,-0.077,-0.179
2.00,2655,-3.408,-6.326,4.510
2.00,2656,8.172,5.666,4.420
2.00,2657,-5.627,-5.925,-0.193
2.00,2658,-10.133,-8.149,-5.632
2.00,2659,-4.499,8.181,4.459
2.00,2660,3.115,1.476,9.231
2.00,2661,-7.648,-0.078,-0.179
2.00,2662,-0.648,-3.782,-10.524
2.00,2664,-0.648,-3.782,-10.524
2.00,2665,2.879,8.030,-0.191
2.00,2666,-6.173,7.372,-5.282
2.00,2667,-0.191,3.384,-10.935
2.00,2668,8.356,-0.883,-0.196
2.00,2669,-3.408,-6.326,4.510
2.00,2670,-7.534,-3.215,-0.218
2.00,2672,-7.646,-0.076,-0.179
2.00,2673,-5.904,5.803,4.474
2.00,2675,-3.769,-0.221,-6.124
2.00,2676,9.754,1.681,-5.489
2.00,2677,-2.757,5.175,-4.980
2.00,2678,-8.908,0.039,-6.118
2.00,2679,-5.274,-6.977,-5.458
2.00,2680,3.989,-7.881,-5.933
2.00,2681,9.920,9.056,-10.390
2.00,2682,2.723,-3.435,4.408
2.00,2683,-7.648,-0.077,-0.179
2.00,2684,-2.757,5.175,-4.980
2.00,2685,-1.567,4.767,4.072
2.00,2686,8.356,-0.883,-0.196
2.00,2687,-3.408,-6.326,4.510
2.00,2688,-5.904,5.803,4.474
2.00,2690,-8.908,0.039,-6.118
2.00,2691,-0.649,-3.782,-10.524
2.00,2692,-5.274,-6.977,-5.458
2.00,2693,-6.173,7.372,-5.282
2.00,2694,9.754,1.681,-5.489
2.00,2695,-7.648,-0.078,-0.179
2.00,2696,-6.173,7.372,-5.282
2.00,2697,1.991,-3.787,-5.331
2.00,2698,-0.648,-3.782,-10.524
2.00,2699,-2.757,5.175,-4.980
2.00,2700,-7.154,-3.838,-0.210
2.00,2702,2.879,8.030,-0.191
2.00,2703,2.879,8.030,-0.191
2.00,2704,-3.247,1.559,9.296
2.00,2705,-1.567,4.767,4.072
2.00,2706,-6.617,-4.668,-0.206
2.00,2707,-10.133,-8.149,-5.632
2.00,2708,-4.180,1.084,4.461
2.00,2709,-7.920,7.933,8.481
2.00,2710,-2.906,-6.598,4.476
2.00,2711,6.323,-5.262,-0.219
2.00,2712,0.652,8.209,-0.232
2.00,2713,2.018,-9.535,4.595
2.00,2714,-4.162,8.536,-5.037
2.00,2715,3.115,1.476,9.231
2.00,2716,1.549,8.438,-6.668
2.00,2717,-2.829,-6.644,4.471
2.00,2718,-4.180,1.084,4.461
2.00,2719,-6.173,7.372,-5.282
2.00,2720,2.879,8.030,-0.191
2.00,2721,8.172,5.666,4.420
2.00,2722,-7.648,-0.077,-0.179
2.00,2723,-8.629,-8.365,3.732
2.00,2724,6.811,-1.340,-5.542
2.00,2727,6.811,-1.340,-5.542
2.00,2728,3.201,2.046,-10.737
2.00,2730,6.323,-5.262,-0.219
2.00,2731,-4.499,8.181,4.459
2.00,2732,-6.173,7.372,-5.282
2.00,2733,2.875,8.033,-0.191
2.00,2734,-8.629,-8.365,3.732
2.00,2735,2.879,8.030,-0.191
2.00,2736,-8.848,4.523,4.481
2.00,2737,-3.769,-0.221,-6.124
2.00,2738,2.879,8.030,-0.191
2.00,2740,-8.848,4.523,4.481
2.00,2741,-7.648,-0.077,-0.179
2.00,2744,8.889,0.466,4.610
2.00,2746,-5.904,5.803,4.474
2.00,2747,2.816,4.041,4.678
2.00,2748,7.868,-9.710,4.098
2.00,2749,-3.408,-6.326,4.510
2.00,2750,1.090,-9.529,-5.385
2.00,2751,-1.567,4.767,4.072
2.00,2752,1.243,8.218,-0.237
2.00,2753,-3.402,-6.329,4.510
2.00,2755,3.188,4.297,-5.562
2.00,2756,-5.239,7.488,9.698
2.00,2757,-7.649,-0.078,-0.179
2.00,2759,-1.567,4.767,4.072
2.00,2760,-5.274,-6.977,-5.458
2.00,2761,-5.274,-6.977,-5.458
2.00,2762,7.029,3.538,-0.169
2.00,2763,-3.247,1.559,9.296
2.00,2764,8.172,5.666,4.420
2.00,2765,8.172,5.666,4.420
2.00,2766,-3.408,-6.326,4.510
2.00,2767,-3.408,-6.326,4.510
2.00,2768,8.889,0.466,4.610
2.00,2769,-5.904,5.803,4.474
2.00,2770,-7.649,-0.078,-0.179
2.00,2771,1.549,8.438,-6.668
2.00,2772,-1.567,4.767,4.072
2.00,2773,-6.173,7.372,-5.282
2.00,2774,-7.649,-0.079,-0.179
2.00,2775,-4.180,1.084,4.461
2.00,2776,-8.908,0.039,-6.118
2.00,2777,3.201,2.046,-10.737
2.00,2778,8.356,-0.883,-0.196
2.00,2779,8.172,5.666,4.420
2.00,2780,-6.173,7.372,-5.282
2.00,2781,-1.567,4.767,4.072
2.00,2782,-7.868,-2.604,-0.223
2.00,2783,-1.567,4.767,4.072
2.00,2785,1.991,-3.787,-5.331
2.00,2786,3.989,-7.881,-5.933
2.00,2787,-6.173,7.372,-5.282
2.00,2788,-4.499,8.181,4.459
2.00,2789,3.201,2.046,-10.737
2.00,2790,2.816,4.041,4.678
2.00,2791,4.053,1.250,4.242
2.00,2792,0.545,9.073,9.561
2.00,2793,6.811,-1.340,-5.542
2.00,2794,1.991,-3.787,-5.331
2.00,2795,-6.173,7.372,-5.282
2.00,2796,-3.247,1.559,9.296
2.00,2797,2.879,8.030,-0.191
2.00,2798,-3.333,-8.895,-5.366
2.00,2800,4.053,1.250,4.242
2.00,2801,-5.274,-6.977,-5.458
2.00,2802,3.188,4.297,-5.562
2.00,2803,-7.649,-0.079,-0.179
2.00,2804,-8.908,0.039,-6.118
2.00,2805,6.323,-5.262,-0.219
2.00,2806,-4.061,-6.966,9.293
2.00,2807,-3.408,-6.326,4.510
2.00,2809,6.317,-5.268,-0.219
2.00,2810,-3.408,-6.326,4.510
2.00,2812,-8.629,-8.365,3.732
2.00,2813,2.879,8.030,-0.191
2.00,2814,-4.162,8.536,-5.037
2.00,2816,8.889,0.466,4.610
2.00,2818,-7.649,-0.078,-0.179
2.00,2819,-7.648,-0.077,-0.179
2.00,2821,1.549,8.438,-6.668
2.00,2822,6.323,-5.262,-0.219
2.00,2823,2.879,8.030,-0.191
2.00,2824,-5.274,-6.977,-5.458
2.00,2825,8.172,5.666,4.420
2.00,2827,6.323,-5.262,-0.219
2.00,2828,2.017,-9.536,4.595
2.00,2829,2.983,-1.353,3.163
2.00,2830,-8.629,-8.365,3.732
2.00,2831,6.323,-5.262,-0.219
2.00,2833,8.774,-8.605,3.304
2.00,2834,1.991,-3.787,-5.331
2.00,2835,-3.408,-6.326,4.510
2.00,2838,-7.648,-0.077,-0.179
2.00,2839,-7.648,-0.078,-0.179
2.00,2840,1.549,8.438,-6.668
2.00,2841,-5.274,-6.977,-5.458
2.00,2842,-5.904,5.803,4.474
2.00,2843,2.879,8.030,-0.191
2.00,2844,0.694,8.209,-0.232
2.00,2845,-6.173,7.372,-5.282
2.00,2846,-6.173,7.372,-5.282
2.00,2847,2.879,8.030,-0.191
2.00,2848,-4.180,1.084,4.461
2.00,2849,3.201,2.046,-10.737
2.00,2851,-2.826,-6.646,4.471
2.00,2852,3.115,1.476,9.231
2.00,2853,-6.173,7.372,-5.282
2.00,2854,-4.499,8.181,4.459
2.00,2855,1.549,8.438,-6.668
2.00,2856,-5.274,-6.977,-5.458
2.00,2857,6.323,-5.262,-0.219
2.00,2858,2.816,4.041,4.678
2.00,2859,-7.660,-0.091,-0.179
2.00,2860,0.829,8.210,-0.233
2.00,2861,-2.770,-6.680,4.468
2.00,2862,-1.567,4.767,4.072
2.00,2863,8.172,5.666,4.420
2.00,2864,-3.247,1.559,9.296
2.00,2865,3.188,4.297,-5.562
2.00,2866,1.991,-3.787,-5.331
2.00,2867,3.188,4.297,-5.562
2.00,2868,8.954,1.446,4.707
2.00,2869,-2.960,-6.565,4.479
2.00,2870,1.991,-3.787,-5.331
2.00,2871,-8.629,-8.365,3.732
2.00,2872,8.808,0.603,9.589
2.00,2873,2.723,-3.435,4.408
2.00,2874,-8.848,4.523,4.481
2.00,2875,8.889,0.466,4.610
2.00,2876,2.017,-9.537,4.595
2.00,2877,-8.848,4.523,4.481
2.00,2878,-0.648,-3.782,-10.524
2.00,2880,-1.567,4.767,4.072
2.00,2881,6.811,-1.340,-5.542
2.00,2882,-5.274,-6.977,-5.458
2.00,2883,0.545,9.073,9.561
2.00,2885,3.115,1.476,9.231
2.00,2886,-5.274,-6.977,-5.458
2.00,2887,7.029,3.539,-0.169
2.00,2888,-1.567,4.767,4.072
2.00,2889,2.017,-9.537,4.595
2.00,2890,-7.884,-0.378,-0.190
2.00,2891,2.816,4.041,4.678
2.00,2892,-5.239,7.488,9.698
2.00,2893,2.879,8.030,-0.191
2.00,2894,0.545,9.073,9.561
2.00,2895,0.753,8.209,-0.233
2.00,2896,8.953,1.450,4.707
2.00,2897,-8.494,3.827,-5.260
2.00,2898,8.808,0.603,9.589
2.00,2899,-8.629,-8.365,3.732
2.00,2900,3.201,2.046,-10.737
2.00,2901,-4.499,8.181,4.459
2.00,2902,5.092,7.123,-6.358
2.00,2903,6.323,-5.262,-0.219
2.00,2904,3.115,1.476,9.231
2.00,2905,3.115,1.476,9.231
2.00,2906,2.017,-9.537,4.595
2.00,2907,-8.150,-0.994,-0.204
2.00,2908,-5.991,-5.523,-0.200
2.00,2909,-7.912,-0.419,-0.191
2.00,2910,1.549,8.438,-6.668
2.00,2911,-5.274,-6.977,-5.458
2.00,2912,-0.191,3.384,-10.935
2.00,2913,-1.567,4.767,4.072
2.00,2915,-5.904,5.803,4.474
2.00,2916,6.323,-5.262,-0.219
2.00,2918,-7.648,-0.077,-0.179
2.00,2919,-8.908,0.039,-6.118
2.00,2921,7.868,-9.710,4.098
2.00,2922,2.879,8.030,-0.191
2.00,2923,2.816,4.041,4.678
2.00,2924,3.989,-7.881,-5.933
2.00,2925,-8.848,4.523,4.481
2.00,2926,1.991,-3.787,-5.331
2.00,2927,-8.848,4.523,4.481
2.00,2929,5.092,7.123,-6.358
2.00,2930,3.201,2.046,-10.737
2.00,2931,-8.908,0.039,-6.118
2.00,2932,5.092,7.123,-6.358
2.00,2933,-3.247,1.559,9.296
2.00,2934,-7.648,-0.077,-0.179
2.00,2935,8.957,1.439,4.707
2.00,2936,-2.757,5.175,-4.980
2.00,2937,-5.274,-6.977,-5.458
2.00,2938,-3.408,-6.326,4.510
2.00,2939,7.868,-9.710,4.098
2.00,2940,1.441,8.222,-0.232
2.00,2942,7.868,-9.710,4.098
2.00,2943,-10.133,-8.149,-5.632
2.00,2944,-1.567,4.767,4.072
2.00,2945,-3.408,-6.326,4.510
2.00,2946,0.738,8.209,-0.232
2.00,2948,-7.800,-0.261,-0.186
2.00,2949,-5.840,-5.714,-0.197
2.00,2950,-3.769,-0.221,-6.124
2.00,2951,-1.567,4.767,4.072
2.00,2952,-2.757,5.175,-4.980
2.00,2953,7.029,3.538,-0.169
2.00,2955,-10.133,-8.149,-5.632
2.00,2956,-7.683,-0.118,-0.180
2.00,2957,-7.648,-0.078,-0.179
2.00,2958,-5.239,7.488,9.698
2.00,2959,-8.908,0.039,-6.118
2.00,2960,-3.769,-0.221,-6.124
2.00,2961,-4.061,-6.966,9.293
2.00,2962,2.018,-9.536,4.595
2.00,2963,1.549,8.438,-6.668
2.00,2964,-5.274,-6.977,-5.458
2.00,2965,9.920,9.056,-10.390
2.00,2966,-7.648,-0.077,-0.179
2.00,2967,6.317,6.826,9.518
2.00,2968,8.172,5.666,4.420
2.00,2969,3.115,1.476,9.231
2.00,2970,3.188,4.297,-5.562
2.00,2971,-7.666,-0.098,-0.180
2.00,2972,-3.408,-6.326,4.510
2.00,2973,8.889,0.466,4.610
2.00,2974,-1.567,4.767,4.072
2.00,2975,1.991,-3.787,-5.331
2.00,2976,6.811,-1.340,-5.542
2.00,2977,-5.904,5.803,4.474
2.00,2978,-4.180,1.084,4.461
2.00,2979,-0.912,-3.205,9.342
2.00,2980,-8.629,-8.365,3.732
2.00,2981,-7.648,-0.077,-0.179
2.00,2982,2.879,8.030,-0.191
2.00,2984,2.879,8.030,-0.191
2.00,2985,5.092,7.123,-6.358
2.00,2986,2.879,8.030,-0.191
2.00,2987,3.201,2.046,-10.737
2.00,2988,-4.180,1.084,4.461
2.00,2989,3.201,2.046,-10.737
2.00,2990,-0.649,-3.782,-10.524
2.00,2991,2.879,8.030,-0.191
2.00,2992,-7.648,-0.078,-0.179
2.00,2993,2.879,8.030,-0.191
2.00,2994,-8.908,0.039,-6.118
2.00,2996,6.076,-5.444,-0.223
2.00,2997,-8.908,0.039,-6.118
2.00,2998,8.356,-0.883,-0.196
2.00,2999,2.879,8.030,-0.191
4.00,1,7.029,3.538,-0.169
4.00,2,6.323,-5.262,-0.219
4.00,3,-1.567,4.767,4.072
4.00,4,2.879,8.030,-0.191
4.00,5,8.356,-0.883,-0.196
4.00,6,-4.061,-6.966,9.293
4.00,7,6.323,-5.262,-0.219
4.00,8,1.549,8.438,-6.668
4.00,9,-3.408,-6.326,4.510
4.00,10,3.188,4.297,-5.562
4.00,11,-8.908,0.039,-6.118
4.00,13,-0.912,-3.205,9.342
4.00,14,2.723,-3.435,4.408
4.00,15,-5.274,-6.977,-5.458
4.00,18,4.053,1.250,4.242
4.00,19,-7.648,-0.077,-0.179
4.00,21,-8.629,-8.365,3.732
4.00,22,-0.648,-3.782,-10.524
4.00,24,3.188,4.297,-5.562
4.00,25,7.029,3.538,-0.169
4.00,26,-3.769,-0.221,-6.124
4.00,27,-3.408,-6.326,4.510
4.00,28,-2.757,5.175,-4.980
4.00,29,-6.173,7.372,-5.282
4.00,30,6.811,-1.340,-5.542
4.00,31,-4.180,1.084,4.461
4.00,32,8.172,5.666,4.420
4.00,33,-3.408,-6.326,4.510
4.00,34,-3.408,-6.326,4.510
4.00,35,6.323,-5.262,-0.219
4.00,36,-3.408,-6.326,4.510
4.00,37,6.323,-5.262,-0.219
4.00,38,-4.061,-6.966,9.293
4.00,39,2.017,-9.537,4.595
4.00,40,-8.848,4.523,4.481
4.00,41,-7.648,-0.077,-0.179
4.00,42,3.188,4.297,-5.562
4.00,43,8.172,5.666,4.420
4.00,44,-8.629,-8.365,3.732
4.00,45,-3.333,-8.895,-5.366
4.00,46,-6.173,7.372,-5.282
4.00,47,-3.141,-10.569,4.498
4.00,51,3.989,-7.881,-5.933
4.00,53,-3.769,-0.221,-6.124
4.00,54,1.549,8.438,-6.668
4.00,55,-8.848,4.523,4.481
4.00,56,3.115,1.476,9.231
4.00,58,5.092,7.123,-6.358
4.00,59,8.889,0.466,4.610
4.00,60,-3.247,1.559,9.296
4.00,62,-8.848,4.523,4.481
4.00,63,-7.648,-0.077,-0.179
4.00,64,-5.904,5.803,4.474
4.00,66,2.879,8.030,-0.191
4.00,67,1.991,-3.787,-5.331
4.00,68,2.879,8.030,-0.191
4.00,69,-7.648,-0.078,-0.179
4.00,70,9.754,1.681,-5.489
4.00,71,-1.567,4.767,4.072
4.00,72,-7.648,-0.077,-0.179
4.00,73,-7.648,-0.077,-0.179
4.00,75,-8.629,-8.365,3.732
4.00,76,-1.567,4.767,4.072
4.00,78,-0.191,3.384,-10.935
4.00,81,2.879,8.030,-0.191
4.00,82,-3.408,-6.326,4.510
4.00,83,-8.848,4.523,4.481
4.00,84,-5.274,-6.977,-5.458
4.00,85,-4.180,1.084,4.461
4.00,86,4.053,1.250,4.242
4.00,87,3.989,-7.881,-5.933
4.00,89,2.879,8.030,-0.191
4.00,90,6.811,-1.340,-5.542
4.00,91,-3.769,-0.221,-6.124
4.00,92,-3.247,1.559,9.296
4.00,93,2.017,-9.537,4.595
4.00,94,-6.173,7.372,-5.282
4.00,95,3.989,-7.881,-5.933
4.00,96,3.115,1.476,9.231
4.00,97,-8.908,0.039,-6.118
4.00,98,-10.133,-8.149,-5.632
4.00,99,-7.648,-0.077,-0.179
4.00,100,1.991,-3.787,-5.331
4.00,102,1.991,-3.787,-5.331
4.00,103,4.053,1.250,4.242
4.00,104,-4.180,1.084,4.461
4.00,105,-5.274,-6.977,-5.458
4.00,106,-5.239,7.488,9.698
4.00,107,-5.904,5.803,4.474
4.00,108,6.323,-5.262,-0.219
4.00,109,3.115,1.476,9.231
4.00,110,-4.499,8.181,4.459
4.00,112,1.991,-3.787,-5.331
4.00,114,-7.648,-0.077,-0.179
4.00,115,7.029,3.538,-0.169
4.00,117,-0.912,-3.205,9.342
4.00,118,-3.408,-6.326,4.510
4.00,119,-7.648,-0.077,-0.179
4.00,121,3.989,-7.881,-5.933
4.00,122,-8.848,4.523,4.481
4.00,123,2.879,8.030,-0.191
4.00,124,8.889,0.466,4.610
4.00,125,8.172,5.666,4.420
4.00,126,-1.567,4.767,4.072
4.00,127,3.188,4.297,-5.562
4.00,129,-4.180,1.084,4.461
4.00,130,3.115,1.476,9.231
4.00,132,-5.904,5.803,4.474
4.00,133,-8.908,0.039,-6.118
4.00,134,8.172,5.666,4.420
4.00,135,-7.649,-0.078,-0.179
4.00,136,3.188,4.297,-5.562
4.00,137,-5.274,-6.977,-5.458
4.00,138,6.323,-5.262,-0.219
4.00,139,3.989,-7.881,-5.933
4.00,140,2.816,4.041,4.678
4.00,141,3.115,1.476,9.231
4.00,142,-3.408,-6.326,4.510
4.00,143,-7.648,-0.077,-0.179
4.00,144,-0.648,-3.782,-10.524
4.00,146,3.989,-7.881,-5.933
4.00,148,-8.629,-8.365,3.732
4.00,149,-2.757,5.175,-4.980
4.00,150,2.723,-3.435,4.408
4.00,151,8.957,1.437,4.707
4.00,152,8.889,0.466,4.610
4.00,153,-5.274,-6.977,-5.458
4.00,154,-7.648,-0.077,-0.179
4.00,155,-1.567,4.767,4.072
4.00,157,8.957,1.437,4.707
4.00,158,-8.629,-8.365,3.732
4.00,159,1.991,-3.787,-5.331
4.00,160,6.323,-5.262,-0.219
4.00,161,3.188,4.297,-5.562
4.00,162,-8.848,4.523,4.481
4.00,164,-7.648,-0.077,-0.179
4.00,165,-1.567,4.767,4.072
4.00,166,-3.769,-0.221,-6.124
4.00,167,3.188,4.297,-5.562
4.00,168,-5.274,-6.977,-5.458
4.00,170,6.811,-1.340,-5.542
4.00,171,3.989,-7.881,-5.933
4.00,172,-8.848,4.523,4.481
4.00,173,2.879,8.030,-0.191
4.00,174,6.811,-1.340,-5.542
4.00,175,6.323,-5.262,-0.219
4.00,176,8.808,0.603,9.589
4.00,177,3.115,1.476,9.231
4.00,178,2.723,-3.435,4.408
4.00,179,2.879,8.030,-0.191
4.00,181,8.172,5.666,4.420
4.00,182,-4.180,1.084,4.461
4.00,183,6.323,-5.262,-0.219
4.00,184,-7.648,-0.077,-0.179
4.00,185,6.323,-5.262,-0.219
4.00,187,-7.648,-0.077,-0.179
4.00,188,3.989,-7.881,-5.933
4.00,189,9.754,1.681,-5.489
4.00,190,-5.904,5.803,4.474
4.00,191,2.723,-3.435,4.408
4.00,193,-6.173,7.372,-5.282
4.00,194,2.723,-3.435,4.408
4.00,196,-8.848,4.523,4.481
4.00,197,-1.567,4.767,4.072
4.00,198,2.017,-9.537,4.595
4.00,199,-7.648,-0.077,-0.179
4.00,202,1.549,8.438,-6.668
4.00,204,-5.274,-6.977,-5.458
4.00,205,-7.648,-0.077,-0.179
4.00,206,2.816,4.041,4.678
4.00,207,-8.629,-8.365,3.732
4.00,208,-5.904,5.803,4.474
4.00,209,8.172,5.666,4.420
4.00,210,-8.848,4.523,4.481
4.00,212,8.172,5.666,4.420
4.00,213,-2.757,5.175,-4.980
4.00,214,7.868,-9.710,4.098
4.00,215,2.017,-9.537,4.595
4.00,216,-1.567,4.767,4.072
4.00,217,-3.408,-6.326,4.510
4.00,218,-7.648,-0.077,-0.179
4.00,219,3.188,4.297,-5.562
4.00,220,-3.333,-8.895,-5.366
4.00,221,3.989,-7.881,-5.933
4.00,223,-8.908,0.039,-6.118
4.00,224,-3.408,-6.326,4.510
4.00,225,-5.274,-6.977,-5.458
4.00,227,-5.274,-6.977,-5.458
4.00,228,-5.274,-6.977,-5.458
4.00,230,2.879,8.030,-0.191
4.00,232,8.172,5.666,4.420
4.00,234,5.092,7.123,-6.358
4.00,235,5.092,7.123,-6.358
4.00,236,2.879,8.030,-0.191
4.00,237,3.201,2.046,-10.737
4.00,238,2.017,-9.537,4.595
4.00,239,-7.648,-0.077,-0.179
4.00,240,2.723,-3.435,4.408
4.00,241,8.356,-0.883,-0.196
4.00,242,8.889,0.466,4.610
4.00,243,8.356,-0.883,-0.196
4.00,244,6.323,-5.262,-0.219
4.00,245,-7.648,-0.077,-0.179
4.00,246,-7.648,-0.077,-0.179
4.00,247,7.868,-9.710,4.098
4.00,248,-5.239,7.488,9.698
4.00,249,5.092,7.123,-6.358
4.00,250,-3.333,-8.895,-5.366
4.00,252,-6.173,7.372,-5.282
4.00,253,-4.061,-6.966,9.293
4.00,255,-1.567,4.767,4.072
4.00,256,-3.769,-0.221,-6.124
4.00,258,5.092,7.123,-6.358
4.00,259,-7.648,-0.077,-0.179
4.00,260,-3.408,-6.326,4.510
4.00,261,-0.648,-3.782,-10.524
4.00,262,8.356,-0.883,-0.196
4.00,263,-3.769,-0.221,-6.124
4.00,264,8.957,1.437,4.707
4.00,265,8.356,-0.883,-0.196
4.00,268,-8.848,4.523,4.481
4.00,269,-1.567,4.767,4.072
4.00,270,6.323,-5.262,-0.219
4.00,271,-3.333,-8.895,-5.366
4.00,272,2.723,-3.435,4.408
4.00,273,-7.648,-0.078,-0.179
4.00,274,9.754,1.681,-5.489
4.00,275,3.989,-7.881,-5.933
4.00,276,-0.912,-3.205,9.342
4.00,277,8.889,0.466,4.610
4.00,278,3.989,-7.881,-5.933
4.00,280,-5.274,-6.977,-5.458
4.00,281,-0.912,-3.205,9.342
4.00,282,-3.408,-6.326,4.510
4.00,283,-5.904,5.803,4.474
4.00,284,2.879,8.030,-0.191
4.00,286,-1.567,4.767,4.072
4.00,287,3.115,1.476,9.231
4.00,288,3.201,2.046,-10.737
4.00,289,-7.663,-0.095,-0.180
4.00,290,-5.904,5.803,4.474
4.00,291,-5.904,5.803,4.474
4.00,292,2.017,-9.537,4.595
4.00,293,6.323,-5.262,-0.219
4.00,294,-7.648,-0.077,-0.179
4.00,295,-7.920,7.933,8.481
4.00,296,-1.567,4.767,4.072
4.00,297,2.879,8.030,-0.191
4.00,299,-0.191,3.384,-10.935
4.00,301,2.983,-1.353,3.163
4.00,302,9.920,9.056,-10.390
4.00,303,3.188,4.297,-5.562
4.00,304,-4.162,8.536,-5.037
4.00,305,-6.173,7.372,-5.282
4.00,306,8.889,0.466,4.610
4.00,307,2.879,8.030,-0.191
4.00,308,-3.769,-0.221,-6.124
4.00,310,3.188,4.297,-5.562
4.00,311,6.323,-5.262,-0.219
4.00,312,-4.061,-6.966,9.293
4.00,314,3.188,4.297,-5.562
4.00,315,7.029,3.538,-0.169
4.00,316,6.323,-5.262,-0.219
4.00,317,-3.408,-6.326,4.510
4.00,318,2.017,-9.537,4.595
4.00,319,-3.769,-0.221,-6.124
4.00,321,4.053,1.250,4.242
4.00,322,-3.408,-6.326,4.510
4.00,324,8.356,-0.883,-0.196
4.00,325,-8.629,-8.365,3.732
4.00,329,7.029,3.538,-0.169
4.00,330,8.808,0.603,9.589
4.00,331,-5.274,-6.977,-5.458
4.00,332,3.989,-7.881,-5.933
4.00,333,-2.757,5.175,-4.980
4.00,335,8.889,0.466,4.610
4.00,336,6.323,-5.262,-0.219
4.00,337,-7.648,-0.078,-0.179
4.00,338,-8.908,0.039,-6.118
4.00,340,-8.629,-8.365,3.732
4.00,341,1.549,8.438,-6.668
4.00,343,2.017,-9.537,4.595
4.00,344,7.029,3.538,-0.169
4.00,345,-7.648,-0.077,-0.179
4.00,346,-3.769,-0.221,-6.124
4.00,347,-5.904,5.803,4.474
4.00,350,-0.648,-3.782,-10.524
4.00,351,7.029,3.538,-0.169
4.00,352,1.991,-3.787,-5.331
4.00,353,8.356,-0.883,-0.196
4.00,354,-8.908,0.039,-6.118
4.00,355,7.029,3.538,-0.169
4.00,357,-2.757,5.175,-4.980
4.00,358,8.172,5.666,4.420
4.00,359,11.151,-10.029,-9.948
4.00,360,2.879,8.030,-0.191
4.00,361,8.356,-0.883,-0.196
4.00,362,-7.649,-0.078,-0.179
4.00,363,9.920,9.056,-10.390
4.00,364,-7.648,-0.077,-0.179
4.00,365,8.774,-8.605,3.304
4.00,366,2.983,-1.353,3.163
4.00,367,-10.133,-8.149,-5.632
4.00,368,-3.408,-6.326,4.510
4.00,369,-8.848,4.523,4.481
4.00,370,-8.848,4.523,4.481
4.00,371,8.172,5.666,4.420
4.00,372,-8.494,3.826,-5.260
4.00,373,-8.848,4.523,4.481
4.00,374,-4.061,-6.966,9.293
4.00,375,-7.648,-0.077,-0.179
4.00,376,8.957,1.437,4.707
4.00,377,-5.274,-6.977,-5.458
4.00,378,9.920,9.056,-10.390
4.00,379,8.889,0.466,4.610
4.00,380,-0.648,-3.782,-10.524
4.00,381,-4.499,8.181,4.459
4.00,382,9.754,1.681,-5.489
4.00,383,2.017,-9.537,4.595
4.00,384,-7.648,-0.077,-0.179
4.00,386,2.879,8.030,-0.191
4.00,387,2.879,8.030,-0.191
4.00,388,-1.567,4.767,4.072
4.00,389,-7.648,-0.077,-0.179
4.00,390,6.323,-5.262,-0.219
4.00,391,-5.904,5.803,4.474
4.00,392,1.991,-3.787,-5.331
4.00,393,-7.648,-0.077,-0.179
4.00,394,-3.769,-0.221,-6.124
4.00,395,-0.191,3.384,-10.935
4.00,396,-7.648,-0.077,-0.179
4.00,397,8.172,5.666,4.420
4.00,398,5.092,7.123,-6.358
4.00,399,2.879,8.030,-0.191
4.00,400,6.811,-1.340,-5.542
4.00,401,-0.648,-3.782,-10.524
4.00,402,-5.274,-6.977,-5.458
4.00,403,8.172,5.666,4.420
4.00,404,-7.648,-0.077,-0.179
4.00,405,8.774,-8.605,3.304
4.00,407,-5.274,-6.977,-5.458
4.00,408,-3.247,1.559,9.296
4.00,409,9.920,9.056,-10.390
4.00,410,-7.648,-0.077,-0.179
4.00,411,-7.648,-0.077,-0.179
4.00,412,2.983,-1.353,3.163
4.00,413,1.991,-3.787,-5.331
4.00,414,-5.274,-6.977,-5.458
4.00,415,6.323,-5.262,-0.219
4.00,416,-8.908,0.039,-6.118
4.00,417,-6.173,7.372,-5.282
4.00,418,5.092,7.123,-6.358
4.00,419,-8.629,-8.365,3.732
4.00,420,-3.408,-6.326,4.510
4.00,422,-1.567,4.767,4.072
4.00,423,-5.274,-6.977,-5.458
4.00,424,1.991,-3.787,-5.331
4.00,425,-4.180,1.084,4.461
4.00,426,-0.191,3.384,-10.935
4.00,428,8.889,0.466,4.610
4.00,430,8.889,0.466,4.610
4.00,431,-0.912,-3.205,9.342
4.00,433,8.957,1.437,4.707
4.00,434,-7.648,-0.077,-0.179
4.00,435,4.053,1.250,4.242
4.00,436,1.991,-3.787,-5.331
4.00,437,-8.629,-8.365,3.732
4.00,438,-3.408,-6.326,4.510
4.00,439,6.811,-1.340,-5.542
4.00,440,7.029,3.538,-0.169
4.00,441,-3.769,-0.221,-6.124
4.00,442,-7.648,-0.077,-0.179
4.00,443,3.201,2.046,-10.737
4.00,444,1.991,-3.787,-5.331
4.00,445,2.879,8.030,-0.191
4.00,446,-7.651,-0.081,-0.179
4.00,447,-7.653,-0.083,-0.179
4.00,448,-8.848,4.523,4.481
4.00,449,-3.408,-6.326,4.510
4.00,450,2.879,8.030,-0.191
4.00,451,-7.650,-0.079,-0.179
4.00,452,-7.648,-0.077,-0.179
4.00,453,-0.191,3.384,-10.935
4.00,454,2.879,8.030,-0.191
4.00,455,-6.173,7.372,-5.282
4.00,456,2.816,4.041,4.678
4.00,457,8.957,1.437,4.707
4.00,459,-8.629,-8.365,3.732
4.00,461,1.090,-9.529,-5.385
4.00,462,-2.624,-11.165,9.056
4.00,464,2.879,8.030,-0.191
4.00,465,2.879,8.030,-0.191
4.00,466,3.201,2.046,-10.737
4.00,467,2.879,8.030,-0.191
4.00,468,-8.848,4.523,4.481
4.00,469,-4.180,1.084,4.461
4.00,470,1.991,-3.787,-5.331
4.00,471,-5.274,-6.977,-5.458
4.00,475,-4.061,-6.966,9.293
4.00,476,-2.624,-11.165,9.056
4.00,477,1.991,-3.787,-5.331
4.00,478,-8.908,0.039,-6.118
4.00,479,2.879,8.030,-0.191
4.00,480,-5.904,5.803,4.474
4.00,481,-7.648,-0.077,-0.179
4.00,482,2.879,8.030,-0.191
4.00,484,-7.648,-0.077,-0.179
4.00,485,7.868,-9.710,4.098
4.00,486,-7.648,-0.077,-0.179
4.00,487,8.172,5.666,4.420
4.00,488,-7.648,-0.077,-0.179
4.00,489,8.774,-8.605,3.304
4.00,491,-10.133,-8.149,-5.632
4.00,492,5.092,7.123,-6.358
4.00,493,-3.333,-8.895,-5.366
4.00,494,8.889,0.466,4.610
4.00,496,-7.648,-0.077,-0.179
4.00,497,2.879,8.030,-0.191
4.00,501,2.879,8.030,-0.191
4.00,502,2.017,-9.537,4.595
4.00,503,-7.648,-0.077,-0.179
4.00,504,-2.757,5.175,-4.980
4.00,505,2.723,-3.435,4.408
4.00,506,-7.653,-0.083,-0.179
4.00,507,8.356,-0.883,-0.196
4.00,508,-3.333,-8.895,-5.366
4.00,509,9.754,1.681,-5.489
4.00,510,-3.769,-0.221,-6.124
4.00,511,-5.274,-6.977,-5.458
4.00,512,3.989,-7.881,-5.933
4.00,513,6.323,-5.262,-0.219
4.00,514,2.879,8.030,-0.191
4.00,515,-7.648,-0.077,-0.179
4.00,516,2.879,8.030,-0.191
4.00,517,2.017,-9.537,4.595
4.00,518,2.723,-3.435,4.408
4.00,520,-5.274,-6.977,-5.458
4.00,521,-10.133,-8.149,-5.632
4.00,522,1.991,-3.787,-5.331
4.00,524,-0.648,-3.782,-10.524
4.00,525,-4.180,1.084,4.461
4.00,526,-3.408,-6.326,4.510
4.00,527,8.172,5.666,4.420
4.00,529,4.053,1.250,4.242
4.00,530,-7.648,-0.077,-0.179
4.00,531,-1.567,4.767,4.072
4.00,532,2.723,-3.435,4.408
4.00,534,4.053,1.250,4.242
4.00,535,-1.567,4.767,4.072
4.00,536,-3.247,1.559,9.296
4.00,537,3.989,-7.881,-5.933
4.00,538,5.092,7.123,-6.358
4.00,539,-1.567,4.767,4.072
4.00,540,-5.274,-6.977,-5.458
4.00,541,6.811,-1.340,-5.542
4.00,543,8.356,-0.883,-0.196
4.00,544,-7.648,-0.077,-0.179
4.00,545,-8.848,4.523,4.481
4.00,546,1.549,8.438,-6.668
4.00,547,7.868,-9.710,4.098
4.00,548,-5.274,-6.977,-5.458
4.00,549,-7.648,-0.077,-0.179
4.00,551,2.879,8.030,-0.191
4.00,552,-7.648,-0.077,-0.179
4.00,554,6.811,-1.340,-5.542
4.00,555,-7.648,-0.077,-0.179
4.00,556,-3.408,-6.326,4.510
4.00,557,3.188,4.297,-5.562
4.00,558,2.879,8.030,-0.191
4.00,559,2.879,8.030,-0.191
4.00,560,3.201,2.046,-10.737
4.00,562,8.889,0.466,4.610
4.00,563,-4.162,8.536,-5.037
4.00,565,-5.274,-6.977,-5.458
4.00,566,-3.408,-6.326,4.510
4.00,567,-3.769,-0.221,-6.124
4.00,568,6.323,-5.262,-0.219
4.00,571,6.811,-1.340,-5.542
4.00,572,8.172,5.666,4.420
4.00,573,8.172,5.666,4.420
4.00,574,2.723,-3.435,4.408
4.00,575,-4.180,1.084,4.461
4.00,576,-0.648,-3.782,-10.524
4.00,577,-4.180,1.084,4.461
4.00,578,5.092,7.123,-6.358
4.00,579,8.356,-0.883,-0.196
4.00,582,-5.274,-6.977,-5.458
4.00,583,2.816,4.041,4.678
4.00,584,7.868,-9.710,4.098
4.00,586,-7.648,-0.078,-0.179
4.00,588,-3.408,-6.326,4.510
4.00,589,3.115,1.476,9.231
4.00,590,3.188,4.297,-5.562
4.00,591,6.323,-5.262,-0.219
4.00,592,2.879,8.030,-0.191
4.00,593,-3.408,-6.326,4.510
4.00,594,2.879,8.030,-0.191
4.00,595,-7.649,-0.079,-0.179
4.00,597,-1.567,4.767,4.072
4.00,598,-10.133,-8.149,-5.632
4.00,599,1.549,8.438,-6.668
4.00,600,5.092,7.123,-6.358
4.00,601,2.017,-9.537,4.595
4.00,602,-7.648,-0.077,-0.179
4.00,603,-3.769,-0.221,-6.124
4.00,605,-10.133,-8.149,-5.632
4.00,606,9.754,1.681,-5.489
4.00,607,-3.333,-8.895,-5.366
4.00,608,9.754,1.681,-5.489
4.00,610,-4.180,1.084,4.461
4.00,611,7.029,3.538,-0.169
4.00,612,-0.912,-3.205,9.342
4.00,613,2.983,-1.353,3.163
4.00,614,8.356,-0.883,-0.196
4.00,615,-4.499,8.181,4.459
4.00,616,2.723,-3.435,4.408
4.00,617,6.811,-1.340,-5.542
4.00,619,3.115,1.476,9.231
4.00,620,-4.180,1.084,4.461
4.00,622,-7.648,-0.077,-0.179
4.00,623,1.991,-3.787,-5.331
4.00,625,-0.912,-3.205,9.342
4.00,627,8.889,0.466,4.610
4.00,628,-7.648,-0.077,-0.179
4.00,629,-4.061,-6.966,9.293
4.00,630,-3.408,-6.326,4.510
4.00,631,1.991,-3.787,-5.331
4.00,632,2.879,8.030,-0.191
4.00,636,9.754,1.681,-5.489
4.00,638,4.053,1.250,4.242
4.00,639,-5.904,5.803,4.474
4.00,640,2.879,8.030,-0.191
4.00,641,-4.180,1.084,4.461
4.00,642,8.172,5.666,4.420
4.00,643,8.172,5.666,4.420
4.00,647,3.201,2.046,-10.737
4.00,648,-2.757,5.175,-4.980
4.00,649,3.188,4.297,-5.562
4.00,650,-1.567,4.767,4.072
4.00,651,9.920,9.056,-10.390
4.00,652,-5.274,-6.977,-5.458
4.00,653,-3.408,-6.326,4.510
4.00,654,-7.648,-0.078,-0.179
4.00,655,6.323,-5.262,-0.219
4.00,656,2.017,-9.537,4.595
4.00,657,-7.648,-0.077,-0.179
4.00,658,3.201,2.046,-10.737
4.00,659,6.811,-1.340,-5.542
4.00,660,6.323,-5.262,-0.219
4.00,662,9.754,1.681,-5.489
4.00,663,3.188,4.297,-5.562
4.00,664,8.957,1.437,4.707
4.00,665,-1.567,4.767,4.072
4.00,666,-6.173,7.372,-5.282
4.00,667,-5.239,7.488,9.698
4.00,668,8.172,5.666,4.420
4.00,669,1.991,-3.787,-5.331
4.00,670,-4.061,-6.966,9.293
4.00,671,7.029,3.538,-0.169
4.00,672,6.323,-5.262,-0.219
4.00,674,1.549,8.438,-6.668
4.00,677,6.323,-5.262,-0.219
4.00,678,-3.408,-6.326,4.510
4.00,679,5.092,7.123,-6.358
4.00,680,-2.757,5.175,-4.980
4.00,681,-5.274,-6.977,-5.458
4.00,682,-1.567,4.767,4.072
4.00,683,2.879,8.030,-0.191
4.00,684,6.323,-5.262,-0.219
4.00,685,-7.648,-0.077,-0.179
4.00,686,-5.274,-6.977,-5.458
4.00,687,3.115,1.476,9.231
4.00,688,5.092,7.123,-6.358
4.00,690,-5.274,-6.977,-5.458
4.00,691,-8.908,0.039,-6.118
4.00,692,-8.848,4.523,4.481
4.00,693,2.879,8.030,-0.191
4.00,694,-5.904,5.803,4.474
4.00,695,-7.648,-0.077,-0.179
4.00,697,-7.648,-0.077,-0.179
4.00,699,1.549,8.438,-6.668
4.00,700,-4.180,1.084,4.461
4.00,701,2.017,-9.537,4.595
4.00,702,-5.904,5.803,4.474
4.00,703,-0.912,-3.205,9.342
4.00,704,-2.757,5.175,-4.980
4.00,705,8.172,5.666,4.420
4.00,706,1.991,-3.787,-5.331
4.00,707,-6.173,7.372,-5.282
4.00,708,8.889,0.466,4.610
4.00,709,3.201,2.046,-10.737
4.00,711,2.879,8.030,-0.191
4.00,714,8.889,0.466,4.610
4.00,715,-3.408,-6.326,4.510
4.00,716,-8.848,4.523,4.481
4.00,717,-8.629,-8.365,3.732
4.00,718,5.092,7.123,-6.358
4.00,719,6.323,-5.262,-0.219
4.00,720,2.879,8.030,-0.191
4.00,721,2.879,8.030,-0.191
4.00,722,-10.133,-8.149,-5.632
4.00,723,6.811,-1.340,-5.542
4.00,724,-1.567,4.767,4.072
4.00,725,3.188,4.297,-5.562
4.00,727,-3.408,-6.326,4.510
4.00,728,-8.629,-8.365,3.732
4.00,729,-5.239,7.488,9.698
4.00,730,2.879,8.030,-0.191
4.00,731,-3.408,-6.326,4.510
4.00,732,7.029,3.538,-0.169
4.00,734,-1.567,4.767,4.072
4.00,735,8.889,0.466,4.610
4.00,736,-6.173,7.372,-5.282
4.00,737,8.808,0.603,9.589
4.00,738,-3.408,-6.326,4.510
4.00,739,8.172,5.666,4.420
4.00,741,-7.648,-0.078,-0.179
4.00,742,2.017,-9.537,4.595
4.00,743,-7.648,-0.078,-0.179
4.00,744,-3.247,1.559,9.296
4.00,745,3.115,1.476,9.231
4.00,747,6.323,-5.262,-0.219
4.00,748,-6.173,7.372,-5.282
4.00,749,-5.274,-6.977,-5.458
4.00,750,-1.567,4.767,4.072
4.00,751,-5.904,5.803,4.474
4.00,752,-3.408,-6.326,4.510
4.00,753,6.323,-5.262,-0.219
4.00,754,-3.769,-0.221,-6.124
4.00,755,-3.769,-0.221,-6.124
4.00,756,2.017,-9.537,4.595
4.00,757,5.092,7.123,-6.358
4.00,758,8.172,5.666,4.420
4.00,760,6.323,-5.262,-0.219
4.00,762,7.029,3.538,-0.169
4.00,763,6.323,-5.262,-0.219
4.00,764,-0.191,3.384,-10.935
4.00,765,7.868,-9.710,4.098
4.00,766,2.983,-1.353,3.163
4.00,768,-8.908,0.039,-6.118
4.00,769,7.029,3.538,-0.169
4.00,770,3.989,-7.881,-5.933
4.00,771,8.957,1.437,4.707
4.00,772,1.549,8.438,-6.668
4.00,774,-3.408,-6.326,4.510
4.00,775,4.053,1.250,4.242
4.00,776,-4.180,1.084,4.461
4.00,777,-7.648,-0.077,-0.179
4.00,778,5.092,7.123,-6.358
4.00,779,1.549,8.438,-6.668
4.00,780,2.879,8.030,-0.191
4.00,781,2.879,8.030,-0.191
4.00,782,8.889,0.466,4.610
4.00,783,8.172,5.666,4.420
4.00,784,1.340,9.607,5.712
4.00,785,8.172,5.666,4.420
4.00,786,9.920,9.056,-10.390
4.00,787,-3.247,1.559,9.296
4.00,788,2.723,-3.435,4.408
4.00,789,2.879,8.030,-0.191
4.00,790,-6.173,7.372,-5.282
4.00,791,6.323,-5.262,-0.219
4.00,792,2.879,8.030,-0.191
4.00,793,-8.848,4.523,4.481
4.00,794,-8.848,4.523,4.481
4.00,795,7.029,3.538,-0.169
4.00,796,8.172,5.666,4.420
4.00,797,2.879,8.030,-0.191
4.00,798,-0.648,-3.782,-10.524
4.00,800,-0.912,-3.205,9.342
4.00,801,3.188,4.297,-5.562
4.00,802,-3.408,-6.326,4.510
4.00,803,-3.408,-6.326,4.510
4.00,806,3.115,1.476,9.231
4.00,807,-4.061,-6.966,9.293
4.00,808,-3.769,-0.221,-6.124
4.00,810,6.323,-5.262,-0.219
4.00,811,6.317,6.826,9.518
4.00,812,7.029,3.538,-0.169
4.00,813,-4.061,-6.966,9.293
4.00,815,2.017,-9.537,4.595
4.00,817,-3.408,-6.326,4.510
4.00,819,-3.247,1.559,9.296
4.00,820,-8.629,-8.365,3.732
4.00,821,3.188,4.297,-5.562
4.00,823,-6.173,7.372,-5.282
4.00,824,2.879,8.030,-0.191
4.00,825,-5.904,5.803,4.474
4.00,826,-1.567,4.767,4.072
4.00,829,3.188,4.297,-5.562
4.00,830,-7.648,-0.077,-0.179
4.00,831,1.340,9.607,5.712
4.00,832,3.115,1.476,9.231
4.00,833,-6.173,7.372,-5.282
4.00,834,-3.247,1.559,9.296
4.00,836,8.889,0.466,4.610
4.00,837,1.991,-3.787,-5.331
4.00,838,2.879,8.030,-0.191
4.00,839,2.879,8.030,-0.191
4.00,840,2.017,-9.537,4.595
4.00,841,2.879,8.030,-0.191
4.00,842,5.092,7.123,-6.358
4.00,844,-6.173,7.372,-5.282
4.00,845,7.029,3.538,-0.169
4.00,846,8.957,1.437,4.707
4.00,847,8.172,5.666,4.420
4.00,848,-0.648,-3.782,-10.524
4.00,849,-3.333,-8.895,-5.366
4.00,850,2.816,4.041,4.678
4.00,851,-7.648,-0.077,-0.179
4.00,852,2.816,4.041,4.678
4.00,854,-7.648,-0.077,-0.179
4.00,855,2.017,-9.537,4.595
4.00,856,-3.769,-0.221,-6.124
4.00,857,-3.769,-0.221,-6.124
4.00,859,-3.769,-0.221,-6.124
4.00,860,-7.648,-0.077,-0.179
4.00,861,-4.180,1.084,4.461
4.00,862,-7.660,-0.090,-0.179
4.00,863,-0.191,3.384,-10.935
4.00,864,3.989,-7.881,-5.933
4.00,865,-8.908,0.039,-6.118
4.00,866,-1.567,4.767,4.072
4.00,867,-3.408,-6.326,4.510
4.00,868,8.889,0.466,4.610
4.00,869,-5.239,7.488,9.698
4.00,870,-5.904,5.803,4.474
4.00,871,7.868,-9.710,4.098
4.00,872,2.879,8.030,-0.191
4.00,873,-8.848,4.523,4.481
4.00,875,-3.769,-0.221,-6.124
4.00,876,-3.247,1.559,9.296
4.00,877,-3.247,1.559,9.296
4.00,878,3.201,2.046,-10.737
4.00,879,2.879,8.030,-0.191
4.00,880,1.991,-3.787,-5.331
4.00,881,7.029,3.538,-0.169
4.00,882,-7.648,-0.077,-0.179
4.00,884,6.811,-1.340,-5.542
4.00,885,-2.757,5.175,-4.980
4.00,886,6.323,-5.262,-0.219
4.00,887,6.323,-5.262,-0.219
4.00,888,6.323,-5.262,-0.219
4.00,889,-10.133,-8.149,-5.632
4.00,891,-1.567,4.767,4.072
4.00,892,2.879,8.030,-0.191
4.00,893,-7.648,-0.077,-0.179
4.00,894,-4.180,1.084,4.461
4.00,895,-8.848,4.523,4.481
4.00,896,8.957,1.437,4.707
4.00,897,-0.191,3.384,-10.935
4.00,899,5.092,7.123,-6.358
4.00,901,8.172,5.666,4.420
4.00,902,-3.769,-0.221,-6.124
4.00,903,-3.408,-6.326,4.510
4.00,905,6.323,-5.262,-0.219
4.00,906,8.808,0.603,9.589
4.00,907,-0.912,-3.205,9.342
4.00,908,8.808,0.603,9.589
4.00,909,6.323,-5.262,-0.219
4.00,912,3.188,4.297,-5.562
4.00,913,2.983,-1.353,3.163
4.00,914,-1.567,4.767,4.072
4.00,915,9.754,1.681,-5.489
4.00,916,-7.648,-0.077,-0.179
4.00,918,3.201,2.046,-10.737
4.00,919,-7.648,-0.077,-0.179
4.00,920,8.957,1.437,4.707
4.00,921,3.115,1.476,9.231
4.00,922,-3.769,-0.221,-6.124
4.00,924,-0.191,3.384,-10.935
4.00,927,-4.162,8.536,-5.037
4.00,928,-3.408,-6.326,4.510
4.00,929,8.356,-0.883,-0.196
4.00,930,3.989,-7.881,-5.933
4.00,932,-5.274,-6.977,-5.458
4.00,933,8.889,0.466,4.610
4.00,934,-3.408,-6.326,4.510
4.00,935,5.092,7.123,-6.358
4.00,936,-7.648,-0.077,-0.179
4.00,937,-3.333,-8.895,-5.366
4.00,938,-1.567,4.767,4.072
4.00,939,6.811,-1.340,-5.542
4.00,940,-5.274,-6.977,-5.458
4.00,941,-0.191,3.384,-10.935
4.00,942,5.092,7.123,-6.358
4.00,943,3.188,4.297,-5.562
4.00,946,-7.648,-0.077,-0.179
4.00,947,-8.848,4.523,4.481
4.00,948,5.092,7.123,-6.358
4.00,949,1.549,8.438,-6.668
4.00,950,6.323,-5.262,-0.219
4.00,951,1.549,8.438,-6.668
4.00,952,-5.274,-6.977,-5.458
4.00,953,2.879,8.030,-0.191
4.00,956,-6.173,7.372,-5.282
4.00,957,7.868,-9.710,4.098
4.00,958,-7.648,-0.077,-0.179
4.00,959,-7.648,-0.077,-0.179
4.00,961,2.879,8.030,-0.191
4.00,962,2.879,8.030,-0.191
4.00,963,-3.333,-8.895,-5.366
4.00,964,-0.648,-3.782,-10.524
4.00,965,5.092,7.123,-6.358
4.00,966,8.889,0.466,4.610
4.00,967,-5.239,7.488,9.698
4.00,968,2.723,-3.435,4.408
4.00,969,-0.191,3.384,-10.935
4.00,970,8.808,0.603,9.589
4.00,971,6.323,-5.262,-0.219
4.00,972,1.991,-3.787,-5.331
4.00,973,-6.173,7.372,-5.282
4.00,976,2.879,8.030,-0.191
4.00,977,3.201,2.046,-10.737
4.00,978,-0.912,-3.205,9.342
4.00,979,-8.848,4.523,4.481
4.00,980,-2.757,5.175,-4.980
4.00,982,-3.408,-6.326,4.510
4.00,983,2.723,-3.435,4.408
4.00,984,-8.629,-8.365,3.732
4.00,985,3.188,4.297,-5.562
4.00,986,2.017,-9.537,4.595
4.00,988,7.868,-9.710,4.098
4.00,989,5.092,7.123,-6.358
4.00,990,8.774,-8.605,3.304
4.00,991,-3.247,1.559,9.296
4.00,992,-3.408,-6.326,4.510
4.00,994,2.723,-3.435,4.408
4.00,995,3.115,1.476,9.231
4.00,996,3.201,2.046,-10.737
4.00,997,9.754,1.681,-5.489
4.00,998,-7.648,-0.077,-0.179
4.00,999,3.201,2.046,-10.737
4.00,1000,-0.648,-3.782,-10.524
4.00,1001,8.172,5.666,4.420
4.00,1002,2.879,8.030,-0.191
4.00,1004,1.549,8.438,-6.668
4.00,1005,3.201,2.046,-10.737
4.00,1006,-6.173,7.372,-5.282
4.00,1007,1.549,8.438,-6.668
4.00,1009,-0.912,-3.205,9.342
4.00,1010,-2.757,5.175,-4.980
4.00,1011,2.879,8.030,-0.191
4.00,1012,8.356,-0.883,-0.196
4.00,1013,-3.333,-8.895,-5.366
4.00,1014,-3.769,-0.221,-6.124
4.00,1016,-7.648,-0.077,-0.179
4.00,1017,8.356,-0.883,-0.196
4.00,1018,1.991,-3.787,-5.331
4.00,1020,8.957,1.437,4.707
4.00,1021,2.983,-1.353,3.163
4.00,1022,8.356,-0.883,-0.196
4.00,1024,2.879,8.030,-0.191
4.00,1025,3.201,2.046,-10.737
4.00,1027,-8.908,0.039,-6.118
4.00,1029,-3.408,-6.326,4.510
4.00,1030,-4.180,1.084,4.461
4.00,1032,-3.769,-0.221,-6.124
4.00,1033,-6.173,7.372,-5.282
4.00,1034,8.957,1.437,4.707
4.00,1036,-4.180,1.084,4.461
4.00,1037,5.092,7.123,-6.358
4.00,1038,-4.180,1.084,4.461
4.00,1039,3.989,-7.881,-5.933
4.00,1040,3.989,-7.881,-5.933
4.00,1041,-4.061,-6.966,9.293
4.00,1042,8.172,5.666,4.420
4.00,1043,8.889,0.466,4.610
4.00,1044,0.545,9.073,9.561
4.00,1045,2.017,-9.537,4.595
4.00,1046,2.017,-9.537,4.595
4.00,1047,6.811,-1.340,-5.542
4.00,1048,3.188,4.297,-5.562
4.00,1050,2.879,8.030,-0.191
4.00,1052,-1.567,4.767,4.072
4.00,1053,1.090,-9.529,-5.385
4.00,1054,7.029,3.538,-0.169
4.00,1055,4.053,1.250,4.242
4.00,1056,2.723,-3.435,4.408
4.00,1059,3.188,4.297,-5.562
4.00,1060,2.879,8.030,-0.191
4.00,1062,3.115,1.476,9.231
4.00,1063,2.017,-9.537,4.595
4.00,1065,8.172,5.666,4.420
4.00,1066,1.991,-3.787,-5.331
4.00,1067,-3.333,-8.895,-5.366
4.00,1069,-5.904,5.803,4.474
4.00,1070,8.172,5.666,4.420
4.00,1071,5.092,7.123,-6.358
4.00,1072,2.723,-3.435,4.408
4.00,1074,8.172,5.666,4.420
4.00,1075,4.053,1.250,4.242
4.00,1076,7.029,3.538,-0.169
4.00,1077,-0.648,-3.782,-10.524
4.00,1078,3.989,-7.881,-5.933
4.00,1079,2.017,-9.537,4.595
4.00,1080,-3.769,-0.221,-6.124
4.00,1081,-3.408,-6.326,4.510
4.00,1082,-3.408,-6.326,4.510
4.00,1084,-1.567,4.767,4.072
4.00,1085,2.879,8.030,-0.191
4.00,1086,-10.133,-8.149,-5.632
4.00,1089,2.879,8.030,-0.191
4.00,1090,6.323,-5.262,-0.219
4.00,1091,2.879,8.030,-0.191
4.00,1092,-5.274,-6.977,-5.458
4.00,1093,-7.648,-0.078,-0.179
4.00,1094,-2.757,5.175,-4.980
4.00,1095,-5.904,5.803,4.474
4.00,1096,2.017,-9.537,4.595
4.00,1097,-1.567,4.767,4.072
4.00,1098,2.017,-9.537,4.595
4.00,1099,8.356,-0.883,-0.196
4.00,1100,8.808,0.603,9.589
4.00,1101,2.879,8.030,-0.191
4.00,1102,-3.408,-6.326,4.510
4.00,1103,6.323,-5.262,-0.219
4.00,1104,-6.173,7.372,-5.282
4.00,1105,8.356,-0.883,-0.196
4.00,1106,-1.567,4.767,4.072
4.00,1107,-1.567,4.767,4.072
4.00,1108,6.323,-5.262,-0.219
4.00,1109,1.991,-3.787,-5.331
4.00,1110,2.879,8.030,-0.191
4.00,1111,6.323,-5.262,-0.219
4.00,1112,8.172,5.666,4.420
4.00,1113,-0.648,-3.782,-10.524
4.00,1115,-3.408,-6.326,4.510
4.00,1118,2.879,8.030,-0.191
4.00,1119,6.811,-1.340,-5.542
4.00,1121,2.017,-9.537,4.595
4.00,1123,9.754,1.681,-5.489
4.00,1124,-1.567,4.767,4.072
4.00,1125,-6.173,7.372,-5.282
4.00,1126,4.053,1.250,4.242
4.00,1127,3.188,4.297,-5.562
4.00,1128,-3.333,-8.895,-5.366
4.00,1129,3.201,2.046,-10.737
4.00,1130,-8.848,4.523,4.481
4.00,1131,6.811,-1.340,-5.542
4.00,1132,2.879,8.030,-0.191
4.00,1133,5.092,7.123,-6.358
4.00,1134,3.989,-7.881,-5.933
4.00,1135,-5.904,5.803,4.474
4.00,1136,8.172,5.666,4.420
4.00,1137,8.356,-0.883,-0.196
4.00,1138,2.879,8.030,-0.191
4.00,1139,2.879,8.030,-0.191
4.00,1140,-8.629,-8.365,3.732
4.00,1141,1.991,-3.787,-5.331
4.00,1142,-1.567,4.767,4.072
4.00,1143,4.053,1.250,4.242
4.00,1144,2.879,8.030,-0.191
4.00,1145,-4.499,8.181,4.459
4.00,1146,-4.061,-6.966,9.293
4.00,1147,-4.061,-6.966,9.293
4.00,1149,6.323,-5.262,-0.219
4.00,1150,-6.173,7.372,-5.282
4.00,1151,-1.567,4.767,4.072
4.00,1152,2.017,-9.537,4.595
4.00,1153,-5.274,-6.977,-5.458
4.00,1154,-7.648,-0.077,-0.179
4.00,1155,2.879,8.030,-0.191
4.00,1156,-1.567,4.767,4.072
4.00,1157,2.879,8.030,-0.191
4.00,1158,-3.769,-0.221,-6.124
4.00,1159,5.092,7.123,-6.358
4.00,1160,-7.648,-0.077,-0.179
4.00,1161,-3.408,-6.326,4.510
4.00,1162,2.017,-9.537,4.595
4.00,1163,5.092,7.123,-6.358
4.00,1165,-5.274,-6.977,-5.458
4.00,1166,2.723,-3.435,4.408
4.00,1167,8.356,-0.883,-0.196
4.00,1169,8.172,5.666,4.420
4.00,1172,-7.648,-0.077,-0.179
4.00,1173,2.983,-1.353,3.163
4.00,1174,-7.648,-0.077,-0.179
4.00,1175,-0.191,3.384,-10.935
4.00,1176,9.754,1.681,-5.489
4.00,1177,6.323,-5.262,-0.219
4.00,1178,-4.061,-6.966,9.293
4.00,1179,3.188,4.297,-5.562
4.00,1181,2.879,8.030,-0.191
4.00,1182,2.879,8.030,-0.191
4.00,1183,2.879,8.030,-0.191
4.00,1184,-7.648,-0.077,-0.179
4.00,1186,-1.567,4.767,4.072
4.00,1187,5.092,7.123,-6.358
4.00,1188,-0.648,-3.782,-10.524
4.00,1190,-1.567,4.767,4.072
4.00,1191,8.957,1.437,4.707
4.00,1192,6.323,-5.262,-0.219
4.00,1194,2.879,8.030,-0.191
4.00,1195,7.868,-9.710,4.098
4.00,1196,8.356,-0.883,-0.196
4.00,1197,-5.274,-6.977,-5.458
4.00,1198,-5.239,7.488,9.698
4.00,1200,6.811,-1.340,-5.542
4.00,1201,-0.648,-3.782,-10.524
4.00,1202,2.879,8.030,-0.191
4.00,1203,-5.239,7.488,9.698
4.00,1204,2.879,8.030,-0.191
4.00,1205,-7.648,-0.077,-0.179
4.00,1206,2.879,8.030,-0.191
4.00,1207,1.340,9.607,5.712
4.00,1209,6.323,-5.262,-0.219
4.00,1210,-7.660,-0.091,-0.179
4.00,1212,-5.274,-6.977,-5.458
4.00,1215,3.188,4.297,-5.562
4.00,1216,9.754,1.681,-5.489
4.00,1218,2.879,8.030,-0.191
4.00,1219,7.029,3.538,-0.169
4.00,1221,3.188,4.297,-5.562
4.00,1222,1.090,-9.529,-5.385
4.00,1223,-7.648,-0.077,-0.179
4.00,1224,2.879,8.030,-0.191
4.00,1225,9.920,9.056,-10.390
4.00,1226,6.323,-5.262,-0.219
4.00,1227,8.172,5.666,4.420
4.00,1228,2.723,-3.435,4.408
4.00,1229,-4.180,1.084,4.461
4.00,1230,2.879,8.030,-0.191
4.00,1231,-10.133,-8.149,-5.632
4.00,1233,7.029,3.538,-0.169
4.00,1234,-10.133,-8.149,-5.632
4.00,1235,6.323,-5.262,-0.219
4.00,1236,-8.908,0.039,-6.118
4.00,1237,-7.648,-0.077,-0.179
4.00,1238,2.879,8.030,-0.191
4.00,1240,6.323,-5.262,-0.219
4.00,1241,8.808,0.603,9.589
4.00,1242,-8.629,-8.365,3.732
4.00,1243,-7.648,-0.077,-0.179
4.00,1244,3.115,1.476,9.231
4.00,1245,2.879,8.030,-0.191
4.00,1248,5.092,7.123,-6.358
4.00,1249,-6.173,7.372,-5.282
4.00,1250,2.879,8.030,-0.191
4.00,1251,-10.133,-8.149,-5.632
4.00,1252,6.811,-1.340,-5.542
4.00,1253,7.868,-9.710,4.098
4.00,1254,-1.567,4.767,4.072
4.00,1255,2.879,8.030,-0.191
4.00,1256,-2.757,5.175,-4.980
4.00,1257,9.920,9.056,-10.390
4.00,1258,-1.567,4.767,4.072
4.00,1259,-3.333,-8.895,-5.366
4.00,1260,-2.757,5.175,-4.980
4.00,1261,-3.407,-6.326,4.510
4.00,1262,-3.408,-6.326,4.510
4.00,1264,8.356,-0.883,-0.196
4.00,1265,-1.567,4.767,4.072
4.00,1266,6.323,-5.262,-0.219
4.00,1267,-0.191,3.384,-10.935
4.00,1268,-3.333,-8.895,-5.366
4.00,1269,-1.567,4.767,4.072
4.00,1270,6.323,-5.262,-0.219
4.00,1271,2.879,8.030,-0.191
4.00,1272,-7.654,-0.084,-0.179
4.00,1273,-3.247,1.559,9.296
4.00,1276,2.879,8.030,-0.191
4.00,1277,-6.173,7.372,-5.282
4.00,1278,-7.648,-0.078,-0.179
4.00,1279,-7.648,-0.077,-0.179
4.00,1281,7.868,-9.710,4.098
4.00,1282,6.323,-5.262,-0.219
4.00,1283,6.811,-1.340,-5.542
4.00,1284,-6.173,7.372,-5.282
4.00,1285,-8.848,4.523,4.481
4.00,1286,2.879,8.030,-0.191
4.00,1288,1.549,8.438,-6.668
4.00,1289,-5.239,7.488,9.698
4.00,1290,2.983,-1.353,3.163
4.00,1291,6.323,-5.262,-0.219
4.00,1293,2.816,4.041,4.678
4.00,1294,-7.648,-0.077,-0.179
4.00,1295,2.017,-9.537,4.595
4.00,1296,3.989,-7.881,-5.933
4.00,1297,6.811,-1.340,-5.542
4.00,1298,6.811,-1.340,-5.542
4.00,1299,-8.629,-8.365,3.732
4.00,1300,3.201,2.046,-10.737
4.00,1301,-0.191,3.384,-10.935
4.00,1302,8.172,5.666,4.420
4.00,1303,6.811,-1.340,-5.542
4.00,1304,-6.173,7.372,-5.282
4.00,1305,3.115,1.476,9.231
4.00,1306,2.879,8.030,-0.191
4.00,1307,-7.648,-0.077,-0.179
4.00,1308,-3.333,-8.895,-5.366
4.00,1309,2.879,8.030,-0.191
4.00,1312,2.017,-9.537,4.595
4.00,1313,2.723,-3.435,4.408
4.00,1314,-3.408,-6.326,4.510
4.00,1315,2.723,-3.435,4.408
4.00,1316,2.879,8.030,-0.191
4.00,1317,6.323,-5.262,-0.219
4.00,1318,-5.239,7.488,9.698
4.00,1319,-8.848,4.523,4.481
4.00,1321,2.879,8.030,-0.191
4.00,1322,-4.162,8.536,-5.037
4.00,1323,3.188,4.297,-5.562
4.00,1324,-4.061,-6.966,9.293
4.00,1325,-7.648,-0.078,-0.179
4.00,1326,-3.333,-8.895,-5.366
4.00,1327,3.201,2.046,-10.737
4.00,1328,2.017,-9.537,4.595
4.00,1330,3.201,2.046,-10.737
4.00,1331,-7.648,-0.077,-0.179
4.00,1332,-10.133,-8.149,-5.632
4.00,1333,9.754,1.681,-5.489
4.00,1334,6.323,-5.262,-0.219
4.00,1335,1.549,8.438,-6.668
4.00,1337,3.115,1.476,9.231
4.00,1338,-3.407,-6.326,4.510
4.00,1339,1.549,8.438,-6.668
4.00,1341,8.957,1.437,4.707
4.00,1342,-0.912,-3.205,9.342
4.00,1343,9.754,1.681,-5.489
4.00,1344,-1.567,4.767,4.072
4.00,1346,9.754,1.681,-5.489
4.00,1347,3.989,-7.881,-5.933
4.00,1349,8.889,0.466,4.610
4.00,1350,-7.648,-0.077,-0.179
4.00,1353,-4.162,8.536,-5.037
4.00,1354,-3.407,-6.326,4.510
4.00,1355,1.549,8.438,-6.668
4.00,1356,8.889,0.466,4.610
4.00,1357,2.879,8.030,-0.191
4.00,1358,-3.408,-6.326,4.510
4.00,1360,4.053,1.250,4.242
4.00,1361,-7.648,-0.077,-0.179
4.00,1363,2.879,8.030,-0.191
4.00,1364,2.879,8.030,-0.191
4.00,1365,8.774,-8.605,3.304
4.00,1366,2.879,8.030,-0.191
4.00,1367,2.879,8.030,-0.191
4.00,1368,-7.648,-0.077,-0.179
4.00,1369,-8.848,4.523,4.481
4.00,1371,-8.908,0.039,-6.118
4.00,1372,-1.567,4.767,4.072
4.00,1373,-3.333,-8.895,-5.366
4.00,1374,2.723,-3.435,4.408
4.00,1375,-7.920,7.933,8.481
4.00,1376,2.816,4.041,4.678
4.00,1377,-7.648,-0.077,-0.179
4.00,1378,8.957,1.437,4.707
4.00,1380,-7.648,-0.077,-0.179
4.00,1381,-7.648,-0.077,-0.179
4.00,1382,4.053,1.250,4.242
4.00,1383,-8.908,0.039,-6.118
4.00,1384,2.017,-9.537,4.595
4.00,1385,-5.274,-6.977,-5.458
4.00,1386,3.989,-7.881,-5.933
4.00,1387,-7.650,-0.080,-0.179
4.00,1388,7.029,3.538,-0.169
4.00,1390,-4.499,8.181,4.459
4.00,1391,-3.408,-6.326,4.510
4.00,1392,1.549,8.438,-6.668
4.00,1393,-3.408,-6.326,4.510
4.00,1394,2.723,-3.435,4.408
4.00,1395,6.323,-5.262,-0.219
4.00,1396,-7.648,-0.078,-0.179
4.00,1397,2.879,8.030,-0.191
4.00,1398,6.323,-5.262,-0.219
4.00,1400,6.323,-5.262,-0.219
4.00,1401,-3.408,-6.326,4.510
4.00,1402,3.115,1.476,9.231
4.00,1403,-2.757,5.175,-4.980
4.00,1405,8.356,-0.883,-0.196
4.00,1406,-7.648,-0.077,-0.179
4.00,1407,-3.408,-6.326,4.510
4.00,1408,-8.494,3.826,-5.260
4.00,1409,-4.180,1.084,4.461
4.00,1410,4.053,1.250,4.242
4.00,1411,2.879,8.030,-0.191
4.00,1412,-5.904,5.803,4.474
4.00,1413,7.029,3.538,-0.169
4.00,1414,4.053,1.250,4.242
4.00,1416,2.723,-3.435,4.408
4.00,1417,-7.648,-0.077,-0.179
4.00,1418,-7.648,-0.077,-0.179
4.00,1419,9.754,1.681,-5.489
4.00,1420,-3.408,-6.326,4.510
4.00,1422,1.991,-3.787,-5.331
4.00,1423,-7.648,-0.077,-0.179
4.00,1424,2.983,-1.353,3.163
4.00,1425,-5.274,-6.977,-5.458
4.00,1426,-7.648,-0.077,-0.179
4.00,1427,-7.650,-0.079,-0.179
4.00,1429,2.723,-3.435,4.408
4.00,1430,-7.648,-0.077,-0.179
4.00,1431,3.201,2.046,-10.737
4.00,1433,-8.629,-8.365,3.732
4.00,1434,-7.648,-0.077,-0.179
4.00,1435,-4.499,8.181,4.459
4.00,1436,2.723,-3.435,4.408
4.00,1438,-6.173,7.372,-5.282
4.00,1439,9.920,9.056,-10.390
4.00,1440,-5.904,5.803,4.474
4.00,1441,2.017,-9.537,4.595
4.00,1443,2.723,-3.435,4.408
4.00,1444,6.811,-1.340,-5.542
4.00,1445,6.811,-1.340,-5.542
4.00,1446,-5.904,5.803,4.474
4.00,1447,-5.274,-6.977,-5.458
4.00,1448,-7.648,-0.077,-0.179
4.00,1449,-0.648,-3.782,-10.524
4.00,1450,-7.648,-0.078,-0.179
4.00,1452,2.879,8.030,-0.191
4.00,1453,2.017,-9.537,4.595
4.00,1454,2.879,8.030,-0.191
4.00,1455,-4.061,-6.966,9.293
4.00,1456,6.811,-1.340,-5.542
4.00,1457,2.879,8.030,-0.191
4.00,1458,-1.567,4.767,4.072
4.00,1462,-5.274,-6.977,-5.458
4.00,1463,-6.173,7.372,-5.282
4.00,1464,-5.274,-6.977,-5.458
4.00,1466,6.811,-1.340,-5.542
4.00,1467,3.201,2.046,-10.737
4.00,1469,-8.908,0.039,-6.118
4.00,1472,-5.904,5.803,4.474
4.00,1473,-5.239,7.488,9.698
4.00,1474,-0.648,-3.782,-10.524
4.00,1476,8.356,-0.883,-0.196
4.00,1477,8.889,0.466,4.610
4.00,1478,3.989,-7.881,-5.933
4.00,1479,-8.848,4.523,4.481
4.00,1481,8.172,5.666,4.420
4.00,1482,3.989,-7.881,-5.933
4.00,1483,-7.648,-0.078,-0.179
4.00,1484,6.323,-5.262,-0.219
4.00,1485,-7.648,-0.077,-0.179
4.00,1486,-7.648,-0.077,-0.179
4.00,1487,-0.191,3.384,-10.935
4.00,1488,-5.904,5.803,4.474
4.00,1489,2.879,8.030,-0.191
4.00,1490,-3.408,-6.326,4.510
4.00,1491,3.115,1.476,9.231
4.00,1493,-6.173,7.372,-5.282
4.00,1494,-0.912,-3.205,9.342
4.00,1496,-8.848,4.523,4.481
4.00,1497,-5.904,5.803,4.474
4.00,1498,3.201,2.046,-10.737
4.00,1499,-5.904,5.803,4.474
4.00,1500,-2.757,5.175,-4.980
4.00,1501,-5.239,7.488,9.698
4.00,1502,-7.920,7.933,8.481
4.00,1503,6.811,-1.340,-5.542
4.00,1504,-0.191,3.384,-10.935
4.00,1505,2.017,-9.537,4.595
4.00,1506,6.323,-5.262,-0.219
4.00,1507,-3.769,-0.221,-6.124
4.00,1508,6.323,-5.262,-0.219
4.00,1510,6.323,-5.262,-0.219
4.00,1511,8.172,5.666,4.420
4.00,1512,8.889,0.466,4.610
4.00,1514,6.811,-1.340,-5.542
4.00,1516,-3.408,-6.326,4.510
4.00,1517,8.172,5.666,4.420
4.00,1518,5.092,7.123,-6.358
4.00,1520,8.889,0.466,4.610
4.00,1521,-6.173,7.372,-5.282
4.00,1522,3.201,2.046,-10.737
4.00,1523,-3.769,-0.221,-6.124
4.00,1524,5.092,7.123,-6.358
4.00,1526,3.989,-7.881,-5.933
4.00,1527,8.172,5.666,4.420
4.00,1528,-2.757,5.175,-4.980
4.00,1529,8.957,1.437,4.707
4.00,1531,8.957,1.437,4.707
4.00,1532,-5.904,5.803,4.474
4.00,1534,-7.648,-0.077,-0.179
4.00,1535,-3.769,-0.221,-6.124
4.00,1536,-0.191,3.384,-10.935
4.00,1537,7.029,3.538,-0.169
4.00,1538,-3.247,1.559,9.296
4.00,1539,-7.648,-0.077,-0.179
4.00,1541,-7.648,-0.077,-0.179
4.00,1542,1.991,-3.787,-5.331
4.00,1543,3.989,-7.881,-5.933
4.00,1544,7.029,3.538,-0.169
4.00,1545,-2.757,5.175,-4.980
4.00,1546,-5.904,5.803,4.474
4.00,1547,-3.769,-0.221,-6.124
4.00,1548,7.029,3.538,-0.169
4.00,1549,-0.191,3.384,-10.935
4.00,1551,4.053,1.250,4.242
4.00,1552,-7.648,-0.077,-0.179
4.00,1553,3.188,4.297,-5.562
4.00,1554,-5.904,5.803,4.474
4.00,1555,6.811,-1.340,-5.542
4.00,1556,-7.648,-0.077,-0.179
4.00,1557,9.920,9.056,-10.390
4.00,1560,2.879,8.030,-0.191
4.00,1561,-8.629,-8.365,3.732
4.00,1562,2.879,8.030,-0.191
4.00,1563,5.092,7.123,-6.358
4.00,1565,2.723,-3.435,4.408
4.00,1566,-3.408,-6.326,4.510
4.00,1567,2.879,8.030,-0.191
4.00,1568,2.879,8.030,-0.191
4.00,1569,3.188,4.297,-5.562
4.00,1570,2.879,8.030,-0.191
4.00,1571,-8.494,3.826,-5.260
4.00,1572,-8.848,4.523,4.481
4.00,1573,8.172,5.666,4.420
4.00,1574,-7.648,-0.077,-0.179
4.00,1575,-3.769,-0.221,-6.124
4.00,1577,2.879,8.030,-0.191
4.00,1578,2.879,8.030,-0.191
4.00,1579,-4.061,-6.966,9.293
4.00,1580,-5.274,-6.977,-5.458
4.00,1581,-7.648,-0.078,-0.179
4.00,1582,-7.651,-0.080,-0.179
4.00,1583,1.549,8.438,-6.668
4.00,1584,9.754,1.681,-5.489
4.00,1585,-7.650,-0.080,-0.179
4.00,1586,-4.180,1.084,4.461
4.00,1587,8.356,-0.883,-0.196
4.00,1588,1.991,-3.787,-5.331
4.00,1590,-4.180,1.084,4.461
4.00,1591,-5.274,-6.977,-5.458
4.00,1592,-7.648,-0.077,-0.179
4.00,1593,-4.499,8.181,4.459
4.00,1594,-3.408,-6.326,4.510
4.00,1595,9.754,1.681,-5.489
4.00,1597,-7.648,-0.077,-0.179
4.00,1598,6.323,-5.262,-0.219
4.00,1599,2.879,8.030,-0.191
4.00,1600,7.868,-9.710,4.098
4.00,1601,-0.191,3.384,-10.935
4.00,1602,-4.180,1.084,4.461
4.00,1603,-0.912,-3.205,9.342
4.00,1604,2.879,8.030,-0.191
4.00,1605,2.879,8.030,-0.191
4.00,1606,-0.648,-3.782,-10.524
4.00,1607,8.356,-0.883,-0.196
4.00,1609,-6.173,7.372,-5.282
4.00,1610,-7.648,-0.077,-0.179
4.00,1611,-8.848,4.523,4.481
4.00,1612,-7.648,-0.077,-0.179
4.00,1614,1.991,-3.787,-5.331
4.00,1615,-3.141,-10.569,4.498
4.00,1616,6.323,-5.262,-0.219
4.00,1617,9.754,1.681,-5.489
4.00,1618,2.816,4.041,4.678
4.00,1619,6.323,-5.262,-0.219
4.00,1620,2.017,-9.537,4.595
4.00,1621,-1.567,4.767,4.072
4.00,1622,2.816,4.041,4.678
4.00,1624,2.017,-9.537,4.595
4.00,1625,-3.769,-0.221,-6.124
4.00,1626,-4.162,8.536,-5.037
4.00,1627,8.356,-0.883,-0.196
4.00,1628,-5.274,-6.977,-5.458
4.00,1629,8.889,0.466,4.610
4.00,1630,3.115,1.476,9.231
4.00,1631,5.092,7.123,-6.358
4.00,1632,6.323,-5.262,-0.219
4.00,1634,2.879,8.030,-0.191
4.00,1635,3.115,1.476,9.231
4.00,1636,-3.408,-6.326,4.510
4.00,1637,2.017,-9.537,4.595
4.00,1638,2.879,8.030,-0.191
4.00,1640,1.991,-3.787,-5.331
4.00,1642,-8.848,4.523,4.481
4.00,1643,-4.180,1.084,4.461
4.00,1644,3.201,2.046,-10.737
4.00,1646,8.957,1.437,4.707
4.00,1647,5.092,7.123,-6.358
4.00,1649,4.053,1.250,4.242
4.00,1650,-3.408,-6.326,4.510
4.00,1651,3.188,4.297,-5.562
4.00,1653,2.879,8.030,-0.191
4.00,1654,6.811,-1.340,-5.542
4.00,1655,-7.648,-0.077,-0.179
4.00,1656,-7.648,-0.077,-0.179
4.00,1657,3.201,2.046,-10.737
4.00,1658,-3.769,-0.221,-6.124
4.00,1659,2.723,-3.435,4.408
4.00,1661,-5.239,7.488,9.698
4.00,1663,-7.648,-0.077,-0.179
4.00,1665,-5.904,5.803,4.474
4.00,1666,-7.648,-0.077,-0.179
4.00,1669,-0.648,-3.782,-10.524
4.00,1670,-3.247,1.559,9.296
4.00,1672,-5.239,7.488,9.698
4.00,1673,-10.133,-8.149,-5.632
4.00,1674,2.879,8.030,-0.191
4.00,1675,2.723,-3.435,4.408
4.00,1677,-3.247,1.559,9.296
4.00,1678,-3.408,-6.326,4.510
4.00,1679,6.323,-5.262,-0.219
4.00,1680,-6.173,7.372,-5.282
4.00,1684,-3.408,-6.326,4.510
4.00,1685,2.879,8.030,-0.191
4.00,1686,-6.173,7.372,-5.282
4.00,1687,6.323,-5.262,-0.219
4.00,1688,-1.567,4.767,4.072
4.00,1689,3.115,1.476,9.231
4.00,1690,-5.274,-6.977,-5.458
4.00,1691,2.816,4.041,4.678
4.00,1692,-7.648,-0.077,-0.179
4.00,1693,8.774,-8.605,3.304
4.00,1694,2.879,8.030,-0.191
4.00,1695,-5.239,7.488,9.698
4.00,1696,3.989,-7.881,-5.933
4.00,1698,7.868,-9.710,4.098
4.00,1699,8.356,-0.883,-0.196
4.00,1700,3.115,1.476,9.231
4.00,1701,2.879,8.030,-0.191
4.00,1702,3.201,2.046,-10.737
4.00,1703,2.816,4.041,4.678
4.00,1704,-2.757,5.175,-4.980
4.00,1705,-7.648,-0.078,-0.179
4.00,1706,-3.247,1.559,9.296
4.00,1707,0.545,9.073,9.561
4.00,1708,-0.912,-3.205,9.342
4.00,1709,-7.649,-0.079,-0.179
4.00,1710,6.811,-1.340,-5.542
4.00,1711,7.029,3.538,-0.169
4.00,1712,-7.648,-0.078,-0.179
4.00,1713,8.808,0.603,9.589
4.00,1714,-4.061,-6.966,9.293
4.00,1715,-1.567,4.767,4.072
4.00,1716,-5.239,7.488,9.698
4.00,1717,8.356,-0.883,-0.196
4.00,1718,9.920,9.056,-10.390
4.00,1719,-5.904,5.803,4.474
4.00,1720,3.201,2.046,-10.737
4.00,1721,-5.904,5.803,4.474
4.00,1722,8.808,0.603,9.589
4.00,1723,5.092,7.123,-6.358
4.00,1725,-7.648,-0.077,-0.179
4.00,1726,9.920,9.056,-10.390
4.00,1727,-7.920,7.933,8.481
4.00,1729,-3.408,-6.326,4.510
4.00,1730,6.323,-5.262,-0.219
4.00,1731,8.356,-0.883,-0.196
4.00,1732,6.811,-1.340,-5.542
4.00,1734,8.957,1.437,4.707
4.00,1735,6.323,-5.262,-0.219
4.00,1736,8.889,0.466,4.610
4.00,1738,-7.648,-0.077,-0.179
4.00,1741,4.053,1.250,4.242
4.00,1742,-7.648,-0.077,-0.179
4.00,1743,0.545,9.073,9.561
4.00,1744,3.989,-7.881,-5.933
4.00,1745,2.816,4.041,4.678
4.00,1746,8.172,5.666,4.420
4.00,1749,-1.567,4.767,4.072
4.00,1751,-7.648,-0.077,-0.179
4.00,1753,2.879,8.030,-0.191
4.00,1754,2.879,8.030,-0.191
4.00,1755,6.323,-5.262,-0.219
4.00,1756,-7.648,-0.077,-0.179
4.00,1757,-5.904,5.803,4.474
4.00,1758,9.754,1.681,-5.489
4.00,1759,-3.333,-8.895,-5.366
4.00,1760,2.879,8.030,-0.191
4.00,1762,-7.648,-0.077,-0.179
4.00,1763,-3.247,1.559,9.296
4.00,1764,8.172,5.666,4.420
4.00,1765,2.879,8.030,-0.191
4.00,1766,-7.648,-0.077,-0.179
4.00,1767,-7.648,-0.077,-0.179
4.00,1768,8.889,0.466,4.610
4.00,1769,7.868,-9.710,4.098
4.00,1770,4.053,1.250,4.242
4.00,1771,-2.757,5.175,-4.980
4.00,1772,-8.908,0.039,-6.118
4.00,1773,2.879,8.030,-0.191
4.00,1774,-2.624,-11.165,9.056
4.00,1775,1.549,8.438,-6.668
4.00,1777,9.754,1.681,-5.489
4.00,1778,-3.769,-0.221,-6.124
4.00,1779,-3.408,-6.326,4.510
4.00,1780,-7.648,-0.077,-0.179
4.00,1781,2.879,8.030,-0.191
4.00,1782,-6.173,7.372,-5.282
4.00,1783,2.879,8.030,-0.191
4.00,1784,-4.061,-6.966,9.293
4.00,1785,2.879,8.030,-0.191
4.00,1787,7.868,-9.710,4.098
4.00,1788,-5.239,7.488,9.698
4.00,1789,-3.408,-6.326,4.510
4.00,1790,2.017,-9.537,4.595
4.00,1793,3.115,1.476,9.231
4.00,1794,-3.408,-6.326,4.510
4.00,1795,2.879,8.030,-0.191
4.00,1797,-3.408,-6.326,4.510
4.00,1798,9.920,9.056,-10.390
4.00,1799,2.879,8.030,-0.191
4.00,1800,-3.408,-6.326,4.510
4.00,1801,5.092,7.123,-6.358
4.00,1802,5.092,7.123,-6.358
4.00,1803,-4.061,-6.966,9.293
4.00,1804,-3.408,-6.326,4.510
4.00,1805,1.549,8.438,-6.668
4.00,1806,-3.247,1.559,9.296
4.00,1807,6.811,-1.340,-5.542
4.00,1808,3.115,1.476,9.231
4.00,1809,8.356,-0.883,-0.196
4.00,1810,-7.649,-0.079,-0.179
4.00,1811,3.989,-7.881,-5.933
4.00,1812,7.029,3.538,-0.169
4.00,1813,-0.912,-3.205,9.342
4.00,1814,9.754,1.681,-5.489
4.00,1815,-7.648,-0.078,-0.179
4.00,1816,1.549,8.438,-6.668
4.00,1817,5.092,7.123,-6.358
4.00,1818,8.172,5.666,4.420
4.00,1819,-8.908,0.039,-6.118
4.00,1820,-4.162,8.536,-5.037
4.00,1821,-8.908,0.039,-6.118
4.00,1822,6.323,-5.262,-0.219
4.00,1823,9.754,1.681,-5.489
4.00,1825,-6.173,7.372,-5.282
4.00,1826,-4.061,-6.966,9.293
4.00,1827,2.879,8.030,-0.191
4.00,1828,-8.908,0.039,-6.118
4.00,1829,2.816,4.041,4.678
4.00,1830,6.323,-5.262,-0.219
4.00,1831,2.017,-9.537,4.595
4.00,1832,6.323,-5.262,-0.219
4.00,1833,2.816,4.041,4.678
4.00,1834,6.811,-1.340,-5.542
4.00,1835,-0.912,-3.205,9.342
4.00,1836,-2.757,5.175,-4.980
4.00,1837,3.201,2.046,-10.737
4.00,1840,-7.648,-0.077,-0.179
4.00,1842,-0.191,3.384,-10.935
4.00,1843,-7.648,-0.077,-0.179
4.00,1844,3.201,2.046,-10.737
4.00,1845,-3.333,-8.895,-5.366
4.00,1846,2.017,-9.537,4.595
4.00,1847,8.889,0.466,4.610
4.00,1848,-3.408,-6.326,4.510
4.00,1850,5.092,7.123,-6.358
4.00,1851,-8.908,0.039,-6.118
4.00,1852,-7.648,-0.078,-0.179
4.00,1853,-2.757,5.175,-4.980
4.00,1854,7.029,3.538,-0.169
4.00,1855,3.188,4.297,-5.562
4.00,1856,2.879,8.030,-0.191
4.00,1858,-8.908,0.039,-6.118
4.00,1859,-8.848,4.523,4.481
4.00,1860,-8.908,0.039,-6.118
4.00,1861,6.323,-5.262,-0.219
4.00,1862,6.323,-5.262,-0.219
4.00,1863,2.879,8.030,-0.191
4.00,1864,-0.912,-3.205,9.342
4.00,1865,-1.567,4.767,4.072
4.00,1866,3.201,2.046,-10.737
4.00,1867,-6.173,7.372,-5.282
4.00,1871,-3.408,-6.326,4.510
4.00,1872,2.879,8.030,-0.191
4.00,1873,-4.499,8.181,4.459
4.00,1874,-5.274,-6.977,-5.458
4.00,1875,4.053,1.250,4.242
4.00,1876,7.029,3.538,-0.169
4.00,1877,4.053,1.250,4.242
4.00,1878,7.029,3.538,-0.169
4.00,1879,6.323,-5.262,-0.219
4.00,1880,8.889,0.466,4.610
4.00,1881,2.723,-3.435,4.408
4.00,1882,-7.648,-0.077,-0.179
4.00,1883,-7.648,-0.077,-0.179
4.00,1884,-7.648,-0.077,-0.179
4.00,1885,-3.408,-6.326,4.510
4.00,1886,2.879,8.030,-0.191
4.00,1887,-3.769,-0.221,-6.124
4.00,1888,-3.769,-0.221,-6.124
4.00,1889,8.957,1.437,4.707
4.00,1890,6.323,-5.262,-0.219
4.00,1891,1.090,-9.529,-5.385
4.00,1892,-7.920,7.933,8.481
4.00,1893,-5.904,5.803,4.474
4.00,1895,2.017,-9.537,4.595
4.00,1896,-1.567,4.767,4.072
4.00,1897,8.172,5.666,4.420
4.00,1898,-2.757,5.175,-4.980
4.00,1899,-8.629,-8.365,3.732
4.00,1900,2.017,-9.537,4.595
4.00,1901,-0.912,-3.205,9.342
4.00,1905,-7.648,-0.077,-0.179
4.00,1906,-1.567,4.767,4.072
4.00,1907,-0.912,-3.205,9.342
4.00,1908,-7.648,-0.077,-0.179
4.00,1910,-5.904,5.803,4.474
4.00,1911,8.172,5.666,4.420
4.00,1912,3.188,4.297,-5.562
4.00,1913,8.957,1.437,4.707
4.00,1915,-1.567,4.767,4.072
4.00,1916,-3.408,-6.326,4.510
4.00,1917,-3.769,-0.221,-6.124
4.00,1918,-3.247,1.559,9.296
4.00,1919,-8.494,3.826,-5.260
4.00,1921,-0.912,-3.205,9.342
4.00,1923,-4.061,-6.966,9.293
4.00,1924,3.115,1.476,9.231
4.00,1926,2.879,8.030,-0.191
4.00,1927,2.723,-3.435,4.408
4.00,1928,6.323,-5.262,-0.219
4.00,1930,1.991,-3.787,-5.331
4.00,1931,-7.648,-0.077,-0.179
4.00,1932,-5.274,-6.977,-5.458
4.00,1933,-0.191,3.384,-10.935
4.00,1935,-7.648,-0.077,-0.179
4.00,1936,2.879,8.030,-0.191
4.00,1937,-3.247,1.559,9.296
4.00,1938,-8.908,0.039,-6.118
4.00,1939,-7.648,-0.077,-0.179
4.00,1940,8.808,0.603,9.589
4.00,1941,-4.180,1.084,4.461
4.00,1942,7.868,-9.710,4.098
4.00,1943,-4.061,-6.966,9.293
4.00,1944,2.017,-9.537,4.595
4.00,1946,-6.173,7.372,-5.282
4.00,1947,4.053,1.250,4.242
4.00,1948,-1.567,4.767,4.072
4.00,1949,-3.408,-6.326,4.510
4.00,1950,1.090,-9.529,-5.385
4.00,1951,-7.648,-0.077,-0.179
4.00,1953,2.017,-9.537,4.595
4.00,1954,8.356,-0.883,-0.196
4.00,1956,-0.648,-3.782,-10.524
4.00,1957,-4.499,8.181,4.459
4.00,1958,-3.408,-6.326,4.510
4.00,1959,-7.648,-0.077,-0.179
4.00,1960,-3.408,-6.326,4.510
4.00,1961,8.356,-0.883,-0.196
4.00,1962,7.029,3.538,-0.169
4.00,1963,-5.274,-6.977,-5.458
4.00,1964,6.811,-1.340,-5.542
4.00,1965,-7.649,-0.079,-0.179
4.00,1966,-4.061,-6.966,9.293
4.00,1967,2.017,-9.537,4.595
4.00,1968,8.172,5.666,4.420
4.00,1970,-3.769,-0.221,-6.124
4.00,1971,8.172,5.666,4.420
4.00,1972,-3.408,-6.326,4.510
4.00,1973,-3.408,-6.326,4.510
4.00,1974,1.991,-3.787,-5.331
4.00,1975,-5.274,-6.977,-5.458
4.00,1976,-5.239,7.488,9.698
4.00,1977,2.017,-9.537,4.595
4.00,1979,-8.629,-8.365,3.732
4.00,1980,-5.274,-6.977,-5.458
4.00,1981,-3.408,-6.326,4.510
4.00,1983,-3.247,1.559,9.296
4.00,1984,2.879,8.030,-0.191
4.00,1985,2.983,-1.353,3.163
4.00,1986,-8.629,-8.365,3.732
4.00,1987,8.774,-8.605,3.304
4.00,1988,8.172,5.666,4.420
4.00,1989,-7.651,-0.081,-0.179
4.00,1990,-0.191,3.384,-10.935
4.00,1991,-7.648,-0.077,-0.179
4.00,1992,6.323,-5.262,-0.219
4.00,1993,8.172,5.666,4.420
4.00,1994,6.323,-5.262,-0.219
4.00,1995,3.188,4.297,-5.562
4.00,1996,-7.648,-0.077,-0.179
4.00,1997,-4.499,8.181,4.459
4.00,1998,-5.239,7.488,9.698
4.00,2000,-5.904,5.803,4.474
4.00,2001,-7.648,-0.077,-0.179
4.00,2002,3.989,-7.881,-5.933
4.00,2003,-3.408,-6.326,4.510
4.00,2004,2.879,8.030,-0.191
4.00,2005,-3.408,-6.326,4.510
4.00,2006,3.188,4.297,-5.562
4.00,2007,3.115,1.476,9.231
4.00,2008,2.017,-9.537,4.595
4.00,2009,2.017,-9.537,4.595
4.00,2010,7.029,3.538,-0.169
4.00,2011,2.879,8.030,-0.191
4.00,2013,2.723,-3.435,4.408
4.00,2014,6.323,-5.262,-0.219
4.00,2015,-7.648,-0.077,-0.179
4.00,2016,9.754,1.681,-5.489
4.00,2018,-1.567,4.767,4.072
4.00,2019,-6.173,7.372,-5.282
4.00,2020,-5.274,-6.977,-5.458
4.00,2021,8.957,1.437,4.707
4.00,2022,2.879,8.030,-0.191
4.00,2024,-7.648,-0.077,-0.179
4.00,2026,2.017,-9.537,4.595
4.00,2027,6.323,-5.262,-0.219
4.00,2028,6.811,-1.340,-5.542
4.00,2029,7.029,3.538,-0.169
4.00,2030,5.092,7.123,-6.358
4.00,2031,-3.769,-0.221,-6.124
4.00,2032,-4.180,1.084,4.461
4.00,2033,-7.648,-0.077,-0.179
4.00,2034,3.201,2.046,-10.737
4.00,2035,-7.648,-0.077,-0.179
4.00,2036,3.115,1.476,9.231
4.00,2037,-7.648,-0.077,-0.179
4.00,2038,-3.247,1.559,9.296
4.00,2041,6.323,-5.262,-0.219
4.00,2042,8.172,5.666,4.420
4.00,2043,-4.061,-6.966,9.293
4.00,2044,2.017,-9.537,4.595
4.00,2045,2.723,-3.435,4.408
4.00,2046,4.053,1.250,4.242
4.00,2047,-3.408,-6.326,4.510
4.00,2048,-3.247,1.559,9.296
4.00,2049,2.017,-9.537,4.595
4.00,2050,1.991,-3.787,-5.331
4.00,2053,3.188,4.297,-5.562
4.00,2054,5.092,7.123,-6.358
4.00,2055,8.172,5.666,4.420
4.00,2056,1.549,8.438,-6.668
4.00,2057,5.092,7.123,-6.358
4.00,2059,8.808,0.603,9.589
4.00,2060,8.356,-0.883,-0.196
4.00,2061,-4.180,1.084,4.461
4.00,2062,-1.567,4.767,4.072
4.00,2063,-4.180,1.084,4.461
4.00,2064,7.868,-9.710,4.098
4.00,2065,2.816,4.041,4.678
4.00,2066,-8.908,0.039,-6.118
4.00,2067,-3.408,-6.326,4.510
4.00,2069,9.754,1.681,-5.489
4.00,2070,-3.769,-0.221,-6.124
4.00,2071,6.323,-5.262,-0.219
4.00,2073,-7.648,-0.077,-0.179
4.00,2074,-2.757,5.175,-4.980
4.00,2075,-8.848,4.523,4.481
4.00,2076,9.754,1.681,-5.489
4.00,2077,-3.408,-6.326,4.510
4.00,2078,-1.567,4.767,4.072
4.00,2079,5.092,7.123,-6.358
4.00,2080,-8.848,4.523,4.481
4.00,2081,-4.499,8.181,4.459
4.00,2082,-8.629,-8.365,3.732
4.00,2083,-5.239,7.488,9.698
4.00,2084,-8.908,0.039,-6.118
4.00,2085,2.723,-3.435,4.408
4.00,2086,-5.274,-6.977,-5.458
4.00,2087,3.115,1.476,9.231
4.00,2088,6.811,-1.340,-5.542
4.00,2089,8.957,1.437,4.707
4.00,2090,-3.408,-6.326,4.510
4.00,2091,-7.648,-0.077,-0.179
4.00,2092,1.991,-3.787,-5.331
4.00,2093,-7.648,-0.078,-0.179
4.00,2095,9.754,1.681,-5.489
4.00,2096,-5.904,5.803,4.474
4.00,2097,3.115,1.476,9.231
4.00,2098,-7.648,-0.078,-0.179
4.00,2099,-3.408,-6.326,4.510
4.00,2102,-7.648,-0.077,-0.179
4.00,2103,-7.648,-0.077,-0.179
4.00,2104,-3.333,-8.895,-5.366
4.00,2105,-3.769,-0.221,-6.124
4.00,2106,-2.757,5.175,-4.980
4.00,2107,3.188,4.297,-5.562
4.00,2108,8.356,-0.883,-0.196
4.00,2109,-3.769,-0.221,-6.124
4.00,2111,6.811,-1.340,-5.542
4.00,2112,-1.567,4.767,4.072
4.00,2113,2.879,8.030,-0.191
4.00,2114,-7.648,-0.077,-0.179
4.00,2115,-5.274,-6.977,-5.458
4.00,2116,-7.648,-0.077,-0.179
4.00,2117,-3.408,-6.326,4.510
4.00,2118,-0.648,-3.782,-10.524
4.00,2119,-3.408,-6.326,4.510
4.00,2120,8.808,0.603,9.589
4.00,2121,-4.061,-6.966,9.293
4.00,2122,-7.648,-0.078,-0.179
4.00,2123,8.808,0.603,9.589
4.00,2124,-8.848,4.523,4.481
4.00,2126,6.323,-5.262,-0.219
4.00,2127,-1.567,4.767,4.072
4.00,2128,-3.247,1.559,9.296
4.00,2130,-6.173,7.372,-5.282
4.00,2132,9.920,9.056,-10.390
4.00,2133,2.017,-9.537,4.595
4.00,2134,8.957,1.437,4.707
4.00,2135,-7.674,-0.106,-0.180
4.00,2136,-0.648,-3.782,-10.524
4.00,2137,6.323,-5.262,-0.219
4.00,2138,-8.908,0.039,-6.118
4.00,2139,-1.567,4.767,4.072
4.00,2142,-4.162,8.536,-5.037
4.00,2143,-7.648,-0.077,-0.179
4.00,2144,6.323,-5.262,-0.219
4.00,2146,1.991,-3.787,-5.331
4.00,2147,8.774,-8.605,3.304
4.00,2148,2.879,8.030,-0.191
4.00,2149,1.549,8.438,-6.668
4.00,2150,-3.408,-6.326,4.510
4.00,2151,-4.162,8.536,-5.037
4.00,2152,7.029,3.538,-0.169
4.00,2154,-3.408,-6.326,4.510
4.00,2155,7.868,-9.710,4.098
4.00,2156,3.115,1.476,9.231
4.00,2157,-1.567,4.767,4.072
4.00,2158,2.879,8.030,-0.191
4.00,2159,2.816,4.041,4.678
4.00,2160,-4.499,8.181,4.459
4.00,2161,-5.904,5.803,4.474
4.00,2162,3.989,-7.881,-5.933
4.00,2163,-3.408,-6.326,4.510
4.00,2164,-4.180,1.084,4.461
4.00,2167,3.188,4.297,-5.562
4.00,2168,-7.648,-0.077,-0.179
4.00,2169,-8.848,4.523,4.481
4.00,2170,-1.567,4.767,4.072
4.00,2171,-8.908,0.039,-6.118
4.00,2172,-5.904,5.803,4.474
4.00,2173,2.723,-3.435,4.408
4.00,2174,2.723,-3.435,4.408
4.00,2175,-5.274,-6.977,-5.458
4.00,2176,2.723,-3.435,4.408
4.00,2177,-8.848,4.523,4.481
4.00,2178,8.808,0.603,9.589
4.00,2179,3.188,4.297,-5.562
4.00,2180,3.201,2.046,-10.737
4.00,2182,-7.648,-0.077,-0.179
4.00,2183,8.356,-0.883,-0.196
4.00,2184,5.092,7.123,-6.358
4.00,2185,9.754,1.681,-5.489
4.00,2186,1.549,8.438,-6.668
4.00,2187,-3.408,-6.326,4.510
4.00,2188,8.172,5.666,4.420
4.00,2190,6.323,-5.262,-0.219
4.00,2191,-7.648,-0.077,-0.179
4.00,2193,1.991,-3.787,-5.331
4.00,2194,-0.912,-3.205,9.342
4.00,2195,1.991,-3.787,-5.331
4.00,2196,1.991,-3.787,-5.331
4.00,2197,5.092,7.123,-6.358
4.00,2198,-7.648,-0.078,-0.179
4.00,2200,2.879,8.030,-0.191
4.00,2201,2.879,8.030,-0.191
4.00,2203,-7.649,-0.078,-0.179
4.00,2204,6.811,-1.340,-5.542
4.00,2205,3.115,1.476,9.231
4.00,2206,-3.408,-6.326,4.510
4.00,2207,1.991,-3.787,-5.331
4.00,2208,3.188,4.297,-5.562
4.00,2209,9.754,1.681,-5.489
4.00,2210,2.017,-9.537,4.595
4.00,2211,-7.648,-0.077,-0.179
4.00,2212,-7.648,-0.077,-0.179
4.00,2213,-6.173,7.372,-5.282
4.00,2216,-3.408,-6.326,4.510
4.00,2218,8.172,5.666,4.420
4.00,2219,-7.648,-0.078,-0.179
4.00,2220,5.092,7.123,-6.358
4.00,2221,-1.567,4.767,4.072
4.00,2222,-8.494,3.826,-5.260
4.00,2223,8.889,0.466,4.610
4.00,2224,2.879,8.030,-0.191
4.00,2225,3.201,2.046,-10.737
4.00,2227,-4.061,-6.966,9.293
4.00,2228,-7.648,-0.077,-0.179
4.00,2229,-7.648,-0.077,-0.179
4.00,2232,-5.274,-6.977,-5.458
4.00,2233,-8.908,0.039,-6.118
4.00,2234,-5.904,5.803,4.474
4.00,2235,6.323,-5.262,-0.219
4.00,2236,-7.649,-0.079,-0.179
4.00,2237,-7.648,-0.078,-0.179
4.00,2238,7.029,3.538,-0.169
4.00,2240,1.991,-3.787,-5.331
4.00,2241,-1.567,4.767,4.072
4.00,2242,-8.848,4.523,4.481
4.00,2243,-8.848,4.523,4.481
4.00,2244,8.889,0.466,4.610
4.00,2245,8.889,0.466,4.610
4.00,2246,3.188,4.297,-5.562
4.00,2248,-4.180,1.084,4.461
4.00,2249,7.029,3.538,-0.169
4.00,2250,6.323,-5.262,-0.219
4.00,2251,-3.407,-6.326,4.510
4.00,2252,-6.173,7.372,-5.282
4.00,2253,1.991,-3.787,-5.331
4.00,2254,-7.648,-0.077,-0.179
4.00,2255,6.323,-5.262,-0.219
4.00,2257,6.323,-5.262,-0.219
4.00,2258,-5.274,-6.977,-5.458
4.00,2259,-3.141,-10.569,4.498
4.00,2260,-3.333,-8.895,-5.366
4.00,2261,-1.567,4.767,4.072
4.00,2262,2.879,8.030,-0.191
4.00,2263,-4.162,8.536,-5.037
4.00,2264,8.957,1.437,4.707
4.00,2265,-0.912,-3.205,9.342
4.00,2266,0.545,9.073,9.561
4.00,2267,3.201,2.046,-10.737
4.00,2268,2.816,4.041,4.678
4.00,2269,8.172,5.666,4.420
4.00,2270,4.053,1.250,4.242
4.00,2273,6.323,-5.262,-0.219
4.00,2274,5.092,7.123,-6.358
4.00,2275,1.991,-3.787,-5.331
4.00,2277,5.092,7.123,-6.358
4.00,2278,-4.180,1.084,4.461
4.00,2279,6.811,-1.340,-5.542
4.00,2281,9.920,9.056,-10.390
4.00,2282,3.115,1.476,9.231
4.00,2283,2.879,8.030,-0.191
4.00,2284,6.323,-5.262,-0.219
4.00,2285,3.989,-7.881,-5.933
4.00,2286,-7.648,-0.078,-0.179
4.00,2287,8.356,-0.883,-0.196
4.00,2288,-5.904,5.803,4.474
4.00,2289,7.029,3.538,-0.169
4.00,2290,3.188,4.297,-5.562
4.00,2292,6.811,-1.340,-5.542
4.00,2293,2.879,8.030,-0.191
4.00,2294,1.991,-3.787,-5.331
4.00,2295,1.090,-9.529,-5.385
4.00,2296,-3.408,-6.326,4.510
4.00,2298,-3.769,-0.221,-6.124
4.00,2299,-8.908,0.039,-6.118
4.00,2300,4.053,1.250,4.242
4.00,2301,-3.333,-8.895,-5.366
4.00,2302,-2.757,5.175,-4.980
4.00,2304,2.816,4.041,4.678
4.00,2305,3.989,-7.881,-5.933
4.00,2306,6.811,-1.340,-5.542
4.00,2309,-5.904,5.803,4.474
4.00,2310,-8.629,-8.365,3.732
4.00,2311,-0.912,-3.205,9.342
4.00,2312,-3.333,-8.895,-5.366
4.00,2313,-3.408,-6.326,4.510
4.00,2314,4.053,1.250,4.242
4.00,2315,8.356,-0.883,-0.196
4.00,2316,-6.173,7.372,-5.282
4.00,2317,-6.173,7.372,-5.282
4.00,2318,6.811,-1.340,-5.542
4.00,2320,-5.274,-6.977,-5.458
4.00,2321,2.017,-9.537,4.595
4.00,2322,3.201,2.046,-10.737
4.00,2323,-8.629,-8.365,3.732
4.00,2325,3.188,4.297,-5.562
4.00,2326,8.172,5.666,4.420
4.00,2327,-3.408,-6.326,4.510
4.00,2328,2.879,8.030,-0.191
4.00,2329,-5.904,5.803,4.474
4.00,2330,-8.908,0.039,-6.118
4.00,2331,-3.408,-6.326,4.510
4.00,2332,-4.061,-6.966,9.293
4.00,2333,-3.769,-0.221,-6.124
4.00,2335,-7.648,-0.077,-0.179
4.00,2336,7.029,3.538,-0.169
4.00,2337,-5.274,-6.977,-5.458
4.00,2339,1.090,-9.529,-5.385
4.00,2340,5.092,7.123,-6.358
4.00,2341,-3.408,-6.326,4.510
4.00,2342,3.989,-7.881,-5.933
4.00,2343,-7.648,-0.077,-0.179
4.00,2344,-5.904,5.803,4.474
4.00,2345,-2.757,5.175,-4.980
4.00,2346,-2.757,5.175,-4.980
4.00,2347,-7.648,-0.077,-0.179
4.00,2348,-7.648,-0.077,-0.179
4.00,2349,-3.769,-0.221,-6.124
4.00,2350,3.115,1.476,9.231
4.00,2351,-3.247,1.559,9.296
4.00,2352,2.879,8.030,-0.191
4.00,2353,-5.274,-6.977,-5.458
4.00,2355,-7.648,-0.077,-0.179
4.00,2356,3.188,4.297,-5.562
4.00,2358,-1.567,4.767,4.072
4.00,2359,6.323,-5.262,-0.219
4.00,2360,-5.274,-6.977,-5.458
4.00,2361,-3.408,-6.326,4.510
4.00,2362,-7.648,-0.077,-0.179
4.00,2363,-1.567,4.767,4.072
4.00,2364,1.549,8.438,-6.668
4.00,2365,2.879,8.030,-0.191
4.00,2366,6.323,-5.262,-0.219
4.00,2367,-1.567,4.767,4.072
4.00,2368,2.017,-9.537,4.595
4.00,2369,2.983,-1.353,3.163
4.00,2371,-3.408,-6.326,4.510
4.00,2372,-7.648,-0.077,-0.179
4.00,2374,8.889,0.466,4.610
4.00,2375,-3.408,-6.326,4.510
4.00,2376,8.889,0.466,4.610
4.00,2377,1.991,-3.787,-5.331
4.00,2378,-8.848,4.523,4.481
4.00,2379,2.879,8.030,-0.191
4.00,2380,-7.648,-0.077,-0.179
4.00,2381,-0.912,-3.205,9.342
4.00,2382,2.879,8.030,-0.191
4.00,2383,-8.848,4.523,4.481
4.00,2384,9.754,1.681,-5.489
4.00,2385,-8.629,-8.365,3.732
4.00,2386,-3.408,-6.326,4.510
4.00,2387,8.172,5.666,4.420
4.00,2388,-10.133,-8.149,-5.632
4.00,2389,-1.567,4.767,4.072
4.00,2390,-5.239,7.488,9.698
4.00,2391,-7.648,-0.077,-0.179
4.00,2392,-1.567,4.767,4.072
4.00,2393,7.029,3.538,-0.169
4.00,2394,2.816,4.041,4.678
4.00,2396,6.323,-5.262,-0.219
4.00,2397,-7.649,-0.079,-0.179
4.00,2398,2.879,8.030,-0.191
4.00,2399,-5.274,-6.977,-5.458
4.00,2400,-6.173,7.372,-5.282
4.00,2402,1.991,-3.787,-5.331
4.00,2403,2.879,8.030,-0.191
4.00,2404,-5.274,-6.977,-5.458
4.00,2405,2.879,8.030,-0.191
4.00,2406,8.172,5.666,4.420
4.00,2408,2.983,-1.353,3.163
4.00,2409,-5.274,-6.977,-5.458
4.00,2410,2.879,8.030,-0.191
4.00,2411,2.879,8.030,-0.191
4.00,2412,-5.239,7.488,9.698
4.00,2414,-8.629,-8.365,3.732
4.00,2416,-5.274,-6.977,-5.458
4.00,2417,3.989,-7.881,-5.933
4.00,2418,-7.648,-0.078,-0.179
4.00,2419,2.879,8.030,-0.191
4.00,2420,-5.239,7.488,9.698
4.00,2422,6.323,-5.262,-0.219
4.00,2423,-3.247,1.559,9.296
4.00,2425,5.092,7.123,-6.358
4.00,2426,-5.274,-6.977,-5.458
4.00,2427,2.879,8.030,-0.191
4.00,2428,6.323,-5.262,-0.219
4.00,2429,7.029,3.538,-0.169
4.00,2430,-3.408,-6.326,4.510
4.00,2431,6.811,-1.340,-5.542
4.00,2432,2.879,8.030,-0.191
4.00,2433,8.957,1.437,4.707
4.00,2434,2.879,8.030,-0.191
4.00,2435,-7.649,-0.079,-0.179
4.00,2436,1.991,-3.787,-5.331
4.00,2437,8.356,-0.883,-0.196
4.00,2438,-4.180,1.084,4.461
4.00,2439,8.172,5.666,4.420
4.00,2440,8.172,5.666,4.420
4.00,2441,7.868,-9.710,4.098
4.00,2442,-4.162,8.536,-5.037
4.00,2445,3.201,2.046,-10.737
4.00,2446,1.549,8.438,-6.668
4.00,2447,3.188,4.297,-5.562
4.00,2449,-0.191,3.384,-10.935
4.00,2451,-7.648,-0.077,-0.179
4.00,2452,-5.274,-6.977,-5.458
4.00,2453,2.879,8.030,-0.191
4.00,2454,3.201,2.046,-10.737
4.00,2455,2.017,-9.537,4.595
4.00,2456,-3.247,1.559,9.296
4.00,2458,-6.173,7.372,-5.282
4.00,2459,-7.648,-0.077,-0.179
4.00,2460,5.092,7.123,-6.358
4.00,2462,2.983,-1.353,3.163
4.00,2463,6.323,-5.262,-0.219
4.00,2464,-1.567,4.767,4.072
4.00,2465,-8.848,4.523,4.481
4.00,2467,5.092,7.123,-6.358
4.00,2468,3.989,-7.881,-5.933
4.00,2469,4.053,1.250,4.242
4.00,2470,7.029,3.538,-0.169
4.00,2471,-8.629,-8.365,3.732
4.00,2472,-3.408,-6.326,4.510
4.00,2473,3.201,2.046,-10.737
4.00,2474,2.879,8.030,-0.191
4.00,2475,6.323,-5.262,-0.219
4.00,2476,8.889,0.466,4.610
4.00,2477,6.323,-5.262,-0.219
4.00,2479,8.356,-0.883,-0.196
4.00,2480,-7.648,-0.077,-0.179
4.00,2481,0.545,9.073,9.561
4.00,2483,8.172,5.666,4.420
4.00,2484,-8.848,4.523,4.481
4.00,2485,2.017,-9.537,4.595
4.00,2486,3.188,4.297,-5.562
4.00,2487,-6.173,7.372,-5.282
4.00,2488,2.723,-3.435,4.408
4.00,2489,-7.648,-0.077,-0.179
4.00,2490,2.017,-9.537,4.595
4.00,2491,-3.408,-6.326,4.510
4.00,2492,-0.191,3.384,-10.935
4.00,2493,-6.173,7.372,-5.282
4.00,2494,-4.061,-6.966,9.293
4.00,2495,2.879,8.030,-0.191
4.00,2496,3.989,-7.881,-5.933
4.00,2497,-1.567,4.767,4.072
4.00,2498,-8.629,-8.365,3.732
4.00,2499,-7.648,-0.077,-0.179
4.00,2500,-8.848,4.523,4.481
4.00,2502,2.879,8.030,-0.191
4.00,2503,2.983,-1.353,3.163
4.00,2504,-8.848,4.523,4.481
4.00,2505,6.811,-1.340,-5.542
4.00,2506,-0.912,-3.205,9.342
4.00,2507,-8.848,4.523,4.481
4.00,2508,-5.904,5.803,4.474
4.00,2509,8.356,-0.883,-0.196
4.00,2510,8.172,5.666,4.420
4.00,2511,1.090,-9.529,-5.385
4.00,2512,2.723,-3.435,4.408
4.00,2513,-3.769,-0.221,-6.124
4.00,2514,-6.173,7.372,-5.282
4.00,2515,8.356,-0.883,-0.196
4.00,2516,3.115,1.476,9.231
4.00,2517,8.172,5.666,4.420
4.00,2518,-8.908,0.039,-6.118
4.00,2519,2.879,8.030,-0.191
4.00,2520,-3.247,1.559,9.296
4.00,2521,-3.408,-6.326,4.510
4.00,2522,3.188,4.297,-5.562
4.00,2523,-7.648,-0.077,-0.179
4.00,2524,2.879,8.030,-0.191
4.00,2525,2.723,-3.435,4.408
4.00,2526,-3.333,-8.895,-5.366
4.00,2528,5.092,7.123,-6.358
4.00,2529,-8.908,0.039,-6.118
4.00,2530,2.879,8.030,-0.191
4.00,2531,2.879,8.030,-0.191
4.00,2532,2.017,-9.537,4.595
4.00,2533,7.029,3.538,-0.169
4.00,2535,1.991,-3.787,-5.331
4.00,2536,2.879,8.030,-0.191
4.00,2538,-1.567,4.767,4.072
4.00,2539,8.808,0.603,9.589
4.00,2540,1.549,8.438,-6.668
4.00,2541,-8.848,4.523,4.481
4.00,2542,2.879,8.030,-0.191
4.00,2543,9.754,1.681,-5.489
4.00,2544,-6.173,7.372,-5.282
4.00,2545,-5.904,5.803,4.474
4.00,2546,1.991,-3.787,-5.331
4.00,2548,-0.912,-3.205,9.342
4.00,2549,-7.648,-0.077,-0.179
4.00,2550,-5.904,5.803,4.474
4.00,2551,-7.648,-0.077,-0.179
4.00,2552,6.811,-1.340,-5.542
4.00,2553,2.879,8.030,-0.191
4.00,2554,7.029,3.538,-0.169
4.00,2555,-7.648,-0.077,-0.179
4.00,2557,-4.499,8.181,4.459
4.00,2558,8.808,0.603,9.589
4.00,2559,-3.408,-6.326,4.510
4.00,2560,2.816,4.041,4.678
4.00,2561,-3.333,-8.895,-5.366
4.00,2562,-5.239,7.488,9.698
4.00,2563,3.115,1.476,9.231
4.00,2564,-2.624,-11.165,9.056
4.00,2565,6.323,-5.262,-0.219
4.00,2566,-7.648,-0.077,-0.179
4.00,2567,-1.567,4.767,4.072
4.00,2568,2.017,-9.537,4.595
4.00,2569,8.889,0.466,4.610
4.00,2571,-0.191,3.384,-10.935
4.00,2572,2.816,4.041,4.678
4.00,2573,1.549,8.438,-6.668
4.00,2574,-5.239,7.488,9.698
4.00,2575,7.029,3.538,-0.169
4.00,2576,2.879,8.030,-0.191
4.00,2577,-1.567,4.767,4.072
4.00,2580,-5.239,7.488,9.698
4.00,2582,-8.494,3.826,-5.260
4.00,2583,-3.333,-8.895,-5.366
4.00,2584,-3.333,-8.895,-5.366
4.00,2586,2.017,-9.537,4.595
4.00,2587,-4.162,8.536,-5.037
4.00,2588,-7.648,-0.077,-0.179
4.00,2589,2.983,-1.353,3.163
4.00,2590,-5.274,-6.977,-5.458
4.00,2591,2.017,-9.537,4.595
4.00,2592,6.323,-5.262,-0.219
4.00,2593,8.889,0.466,4.610
4.00,2594,-7.648,-0.077,-0.179
4.00,2596,8.356,-0.883,-0.196
4.00,2597,-7.648,-0.077,-0.179
4.00,2599,2.879,8.030,-0.191
4.00,2600,6.323,-5.262,-0.219
4.00,2601,-7.649,-0.078,-0.179
4.00,2602,-7.649,-0.078,-0.179
4.00,2604,-7.648,-0.077,-0.179
4.00,2605,2.017,-9.537,4.595
4.00,2606,-3.333,-8.895,-5.366
4.00,2607,6.323,-5.262,-0.219
4.00,2608,-0.912,-3.205,9.342
4.00,2609,6.323,-5.262,-0.219
4.00,2610,-8.629,-8.365,3.732
4.00,2611,-8.908,0.039,-6.118
4.00,2612,1.991,-3.787,-5.331
4.00,2613,-7.648,-0.077,-0.179
4.00,2615,-5.274,-6.977,-5.458
4.00,2616,6.323,-5.262,-0.219
4.00,2617,2.879,8.030,-0.191
4.00,2618,-3.408,-6.326,4.510
4.00,2619,-3.408,-6.326,4.510
4.00,2620,-7.648,-0.077,-0.179
4.00,2621,-7.648,-0.077,-0.179
4.00,2622,-0.912,-3.205,9.342
4.00,2623,-7.648,-0.077,-0.179
4.00,2624,2.879,8.030,-0.191
4.00,2625,-0.912,-3.205,9.342
4.00,2626,-3.408,-6.326,4.510
4.00,2627,8.808,0.603,9.589
4.00,2628,6.811,-1.340,-5.542
4.00,2629,-7.648,-0.078,-0.179
4.00,2630,8.889,0.466,4.610
4.00,2631,8.808,0.603,9.589
4.00,2632,7.029,3.538,-0.169
4.00,2634,8.808,0.603,9.589
4.00,2636,-3.333,-8.895,-5.366
4.00,2638,3.989,-7.881,-5.933
4.00,2639,3.115,1.476,9.231
4.00,2640,-3.769,-0.221,-6.124
4.00,2641,3.188,4.297,-5.562
4.00,2642,5.092,7.123,-6.358
4.00,2644,3.188,4.297,-5.562
4.00,2645,4.053,1.250,4.242
4.00,2646,2.723,-3.435,4.408
4.00,2647,-1.567,4.767,4.072
4.00,2648,-3.769,-0.221,-6.124
4.00,2649,-7.648,-0.077,-0.179
4.00,2651,2.816,4.041,4.678
4.00,2652,1.549,8.438,-6.668
4.00,2653,3.188,4.297,-5.562
4.00,2654,-7.648,-0.077,-0.179
4.00,2655,-3.408,-6.326,4.510
4.00,2656,8.172,5.666,4.420
4.00,2657,-7.654,-0.084,-0.179
4.00,2658,-10.133,-8.149,-5.632
4.00,2659,-4.499,8.181,4.459
4.00,2660,3.115,1.476,9.231
4.00,2661,-7.648,-0.077,-0.179
4.00,2662,-0.648,-3.782,-10.524
4.00,2664,-0.648,-3.782,-10.524
4.00,2665,2.879,8.030,-0.191
4.00,2666,-6.173,7.372,-5.282
4.00,2667,-0.191,3.384,-10.935
4.00,2668,8.356,-0.883,-0.196
4.00,2669,-3.408,-6.326,4.510
4.00,2670,-7.648,-0.078,-0.179
4.00,2672,-7.648,-0.077,-0.179
4.00,2673,-5.904,5.803,4.474
4.00,2675,-3.769,-0.221,-6.124
4.00,2676,9.754,1.681,-5.489
4.00,2677,-2.757,5.175,-4.980
4.00,2678,-8.908,0.039,-6.118
4.00,2679,-5.274,-6.977,-5.458
4.00,2680,3.989,-7.881,-5.933
4.00,2681,9.920,9.056,-10.390
4.00,2682,2.723,-3.435,4.408
4.00,2683,-7.648,-0.077,-0.179
4.00,2684,-2.757,5.175,-4.980
4.00,2685,-1.567,4.767,4.072
4.00,2686,8.356,-0.883,-0.196
4.00,2687,-3.408,-6.326,4.510
4.00,2688,-5.904,5.803,4.474
4.00,2690,-8.908,0.039,-6.118
4.00,2691,-0.648,-3.782,-10.524
4.00,2692,-5.274,-6.977,-5.458
4.00,2693,-6.173,7.372,-5.282
4.00,2694,9.754,1.681,-5.489
4.00,2695,-7.648,-0.077,-0.179
4.00,2696,-6.173,7.372,-5.282
4.00,2697,1.991,-3.787,-5.331
4.00,2698,-0.648,-3.782,-10.524
4.00,2699,-2.757,5.175,-4.980
4.00,2700,-7.649,-0.078,-0.179
4.00,2702,2.879,8.030,-0.191
4.00,2703,2.879,8.030,-0.191
4.00,2704,-3.247,1.559,9.296
4.00,2705,-1.567,4.767,4.072
4.00,2706,-7.649,-0.079,-0.179
4.00,2707,-10.133,-8.149,-5.632
4.00,2708,-4.180,1.084,4.461
4.00,2709,-7.920,7.933,8.481
4.00,2710,-3.408,-6.326,4.510
4.00,2711,6.323,-5.262,-0.219
4.00,2712,2.879,8.030,-0.191
4.00,2713,2.017,-9.537,4.595
4.00,2714,-4.162,8.536,-5.037
4.00,2715,3.115,1.476,9.231
4.00,2716,1.549,8.438,-6.668
4.00,2717,-3.408,-6.326,4.510
4.00,2718,-4.180,1.084,4.461
4.00,2719,-6.173,7.372,-5.282
4.00,2720,2.879,8.030,-0.191
4.00,2721,8.172,5.666,4.420
4.00,2722,-7.648,-0.077,-0.179
4.00,2723,-8.629,-8.365,3.732
4.00,2724,6.811,-1.340,-5.542
4.00,2727,6.811,-1.340,-5.542
4.00,2728,3.201,2.046,-10.737
4.00,2730,6.323,-5.262,-0.219
4.00,2731,-4.499,8.181,4.459
4.00,2732,-6.173,7.372,-5.282
4.00,2733,2.879,8.030,-0.191
4.00,2734,-8.629,-8.365,3.732
4.00,2735,2.879,8.030,-0.191
4.00,2736,-8.848,4.523,4.481
4.00,2737,-3.769,-0.221,-6.124
4.00,2738,2.879,8.030,-0.191
4.00,2740,-8.848,4.523,4.481
4.00,2741,-7.648,-0.077,-0.179
4.00,2744,8.889,0.466,4.610
4.00,2746,-5.904,5.803,4.474
4.00,2747,2.816,4.041,4.678
4.00,2748,7.868,-9.710,4.098
4.00,2749,-3.408,-6.326,4.510
4.00,2750,1.090,-9.529,-5.385
4.00,2751,-1.567,4.767,4.072
4.00,2752,2.879,8.030,-0.191
4.00,2753,-3.408,-6.326,4.510
4.00,2755,3.188,4.297,-5.562
4.00,2756,-5.239,7.488,9.698
4.00,2757,-7.648,-0.077,-0.179
4.00,2759,-1.567,4.767,4.072
4.00,2760,-5.274,-6.977,-5.458
4.00,2761,-5.274,-6.977,-5.458
4.00,2762,7.029,3.538,-0.169
4.00,2763,-3.247,1.559,9.296
4.00,2764,8.172,5.666,4.420
4.00,2765,8.172,5.666,4.420
4.00,2766,-3.408,-6.326,4.510
4.00,2767,-3.408,-6.326,4.510
4.00,2768,8.889,0.466,4.610
4.00,2769,-5.904,5.803,4.474
4.00,2770,-7.648,-0.077,-0.179
4.00,2771,1.549,8.438,-6.668
4.00,2772,-1.567,4.767,4.072
4.00,2773,-6.173,7.372,-5.282
4.00,2774,-7.648,-0.077,-0.179
4.00,2775,-4.180,1.084,4.461
4.00,2776,-8.908,0.039,-6.118
4.00,2777,3.201,2.046,-10.737
4.00,2778,8.356,-0.883,-0.196
4.00,2779,8.172,5.666,4.420
4.00,2780,-6.173,7.372,-5.282
4.00,2781,-1.567,4.767,4.072
4.00,2782,-7.648,-0.078,-0.179
4.00,2783,-1.567,4.767,4.072
4.00,2785,1.991,-3.787,-5.331
4.00,2786,3.989,-7.881,-5.933
4.00,2787,-6.173,7.372,-5.282
4.00,2788,-4.499,8.181,4.459
4.00,2789,3.201,2.046,-10.737
4.00,2790,2.816,4.041,4.678
4.00,2791,4.053,1.250,4.242
4.00,2792,0.545,9.073,9.561
4.00,2793,6.811,-1.340,-5.542
4.00,2794,1.991,-3.787,-5.331
4.00,2795,-6.173,7.372,-5.282
4.00,2796,-3.247,1.559,9.296
4.00,2797,2.879,8.030,-0.191
4.00,2798,-3.333,-8.895,-5.366
4.00,2800,4.053,1.250,4.242
4.00,2801,-5.274,-6.977,-5.458
4.00,2802,3.188,4.297,-5.562
4.00,2803,-7.648,-0.077,-0.179
4.00,2804,-8.908,0.039,-6.118
4.00,2805,6.323,-5.262,-0.219
4.00,2806,-4.061,-6.966,9.293
4.00,2807,-3.408,-6.326,4.510
4.00,2809,6.323,-5.262,-0.219
4.00,2810,-3.408,-6.326,4.510
4.00,2812,-8.629,-8.365,3.732
4.00,2813,2.879,8.030,-0.191
4.00,2814,-4.162,8.536,-5.037
4.00,2816,8.889,0.466,4.610
4.00,2818,-7.648,-0.077,-0.179
4.00,2819,-7.648,-0.077,-0.179
4.00,2821,1.549,8.438,-6.668
4.00,2822,6.323,-5.262,-0.219
4.00,2823,2.879,8.030,-0.191
4.00,2824,-5.274,-6.977,-5.458
4.00,2825,8.172,5.666,4.420
4.00,2827,6.323,-5.262,-0.219
4.00,2828,2.017,-9.537,4.595
4.00,2829,2.983,-1.353,3.163
4.00,2830,-8.629,-8.365,3.732
4.00,2831,6.323,-5.262,-0.219
4.00,2833,8.774,-8.605,3.304
4.00,2834,1.991,-3.787,-5.331
4.00,2835,-3.408,-6.326,4.510
4.00,2838,-7.648,-0.077,-0.179
4.00,2839,-7.648,-0.077,-0.179
4.00,2840,1.549,8.438,-6.668
4.00,2841,-5.274,-6.977,-5.458
4.00,2842,-5.904,5.803,4.474
4.00,2843,2.879,8.030,-0.191
4.00,2844,2.879,8.030,-0.191
4.00,2845,-6.173,7.372,-5.282
4.00,2846,-6.173,7.372,-5.282
4.00,2847,2.879,8.030,-0.191
4.00,2848,-4.180,1.084,4.461
4.00,2849,3.201,2.046,-10.737
4.00,2851,-3.408,-6.326,4.510
4.00,2852,3.115,1.476,9.231
4.00,2853,-6.173,7.372,-5.282
4.00,2854,-4.499,8.181,4.459
4.00,2855,1.549,8.438,-6.668
4.00,2856,-5.274,-6.977,-5.458
4.00,2857,6.323,-5.262,-0.219
4.00,2858,2.816,4.041,4.678
4.00,2859,-7.648,-0.077,-0.179
4.00,2860,2.879,8.030,-0.191
4.00,2861,-3.407,-6.326,4.510
4.00,2862,-1.567,4.767,4.072
4.00,2863,8.172,5.666,4.420
4.00,2864,-3.247,1.559,9.296
4.00,2865,3.188,4.297,-5.562
4.00,2866,1.991,-3.787,-5.331
4.00,2867,3.188,4.297,-5.562
4.00,2868,8.957,1.437,4.707
4.00,2869,-3.408,-6.326,4.510
4.00,2870,1.991,-3.787,-5.331
4.00,2871,-8.629,-8.365,3.732
4.00,2872,8.808,0.603,9.589
4.00,2873,2.723,-3.435,4.408
4.00,2874,-8.848,4.523,4.481
4.00,2875,8.889,0.466,4.610
4.00,2876,2.017,-9.537,4.595
4.00,2877,-8.848,4.523,4.481
4.00,2878,-0.648,-3.782,-10.524
4.00,2880,-1.567,4.767,4.072
4.00,2881,6.811,-1.340,-5.542
4.00,2882,-5.274,-6.977,-5.458
4.00,2883,0.545,9.073,9.561
4.00,2885,3.115,1.476,9.231
4.00,2886,-5.274,-6.977,-5.458
4.00,2887,7.029,3.538,-0.169
4.00,2888,-1.567,4.767,4.072
4.00,2889,2.017,-9.537,4.595
4.00,2890,-7.648,-0.077,-0.179
4.00,2891,2.816,4.041,4.678
4.00,2892,-5.239,7.488,9.698
4.00,2893,2.879,8.030,-0.191
4.00,2894,0.545,9.073,9.561
4.00,2895,2.879,8.030,-0.191
4.00,2896,8.957,1.437,4.707
4.00,2897,-8.494,3.826,-5.260
4.00,2898,8.808,0.603,9.589
4.00,2899,-8.629,-8.365,3.732
4.00,2900,3.201,2.046,-10.737
4.00,2901,-4.499,8.181,4.459
4.00,2902,5.092,7.123,-6.358
4.00,2903,6.323,-5.262,-0.219
4.00,2904,3.115,1.476,9.231
4.00,2905,3.115,1.476,9.231
4.00,2906,2.017,-9.537,4.595
4.00,2907,-7.648,-0.077,-0.179
4.00,2908,-7.651,-0.081,-0.179
4.00,2909,-7.648,-0.077,-0.179
4.00,2910,1.549,8.438,-6.668
4.00,2911,-5.274,-6.977,-5.458
4.00,2912,-0.191,3.384,-10.935
4.00,2913,-1.567,4.767,4.072
4.00,2915,-5.904,5.803,4.474
4.00,2916,6.323,-5.262,-0.219
4.00,2918,-7.648,-0.077,-0.179
4.00,2919,-8.908,0.039,-6.118
4.00,2921,7.868,-9.710,4.098
4.00,2922,2.879,8.030,-0.191
4.00,2923,2.816,4.041,4.678
4.00,2924,3.989,-7.881,-5.933
4.00,2925,-8.848,4.523,4.481
4.00,2926,1.991,-3.787,-5.331
4.00,2927,-8.848,4.523,4.481
4.00,2929,5.092,7.123,-6.358
4.00,2930,3.201,2.046,-10.737
4.00,2931,-8.908,0.039,-6.118
4.00,2932,5.092,7.123,-6.358
4.00,2933,-3.247,1.559,9.296
4.00,2934,-7.648,-0.077,-0.179
4.00,2935,8.957,1.437,4.707
4.00,2936,-2.757,5.175,-4.980
4.00,2937,-5.274,-6.977,-5.458
4.00,2938,-3.408,-6.326,4.510
4.00,2939,7.868,-9.710,4.098
4.00,2940,2.879,8.030,-0.191
4.00,2942,7.868,-9.710,4.098
4.00,2943,-10.133,-8.149,-5.632
4.00,2944,-1.567,4.767,4.072
4.00,2945,-3.408,-6.326,4.510
4.00,2946,2.879,8.030,-0.191
4.00,2948,-7.648,-0.077,-0.179
4.00,2949,-7.652,-0.082,-0.179
4.00,2950,-3.769,-0.221,-6.124
4.00,2951,-1.567,4.767,4.072
4.00,2952,-2.757,5.175,-4.980
4.00,2953,7.029,3.538,-0.169
4.00,2955,-10.133,-8.149,-5.632
4.00,2956,-7.648,-0.077,-0.179
4.00,2957,-7.648,-0.077,-0.179
4.00,2958,-5.239,7.488,9.698
4.00,2959,-8.908,0.039,-6.118
4.00,2960,-3.769,-0.221,-6.124
4.00,2961,-4.061,-6.966,9.293
4.00,2962,2.017,-9.537,4.595
4.00,2963,1.549,8.438,-6.668
4.00,2964,-5.274,-6.977,-5.458
4.00,2965,9.920,9.056,-10.390
4.00,2966,-7.648,-0.077,-0.179
4.00,2967,6.317,6.826,9.518
4.00,2968,8.172,5.666,4.420
4.00,2969,3.115,1.476,9.231
4.00,2970,3.188,4.297,-5.562
4.00,2971,-7.648,-0.077,-0.179
4.00,2972,-3.408,-6.326,4.510
4.00,2973,8.889,0.466,4.610
4.00,2974,-1.567,4.767,4.072
4.00,2975,1.991,-3.787,-5.331
4.00,2976,6.811,-1.340,-5.542
4.00,2977,-5.904,5.803,4.474
4.00,2978,-4.180,1.084,4.461
4.00,2979,-0.912,-3.205,9.342
4.00,2980,-8.629,-8.365,3.732
4.00,2981,-7.648,-0.077,-0.179
4.00,2982,2.879,8.030,-0.191
4.00,2984,2.879,8.030,-0.191
4.00,2985,5.092,7.123,-6.358
4.00,2986,2.879,8.030,-0.191
4.00,2987,3.201,2.046,-10.737
4.00,2988,-4.180,1.084,4.461
4.00,2989,3.201,2.046,-10.737
4.00,2990,-0.648,-3.782,-10.524
4.00,2991,2.879,8.030,-0.191
4.00,2992,-7.648,-0.077,-0.179
4.00,2993,2.879,8.030,-0.191
4.00,2994,-8.908,0.039,-6.118
4.00,2996,6.323,-5.262,-0.219
4.00,2997,-8.908,0.039,-6.118
4.00,2998,8.356,-0.883,-0.196
4.00,2999,2.879,8.030,-0.191
8.00,1,7.029,3.538,-0.169
8.00,2,6.323,-5.262,-0.219
8.00,3,-1.567,4.767,4.072
8.00,4,2.879,8.030,-0.191
8.00,5,8.356,-0.883,-0.196
8.00,6,-4.061,-6.966,9.293
8.00,7,6.323,-5.262,-0.219
8.00,8,1.549,8.438,-6.668
8.00,9,-3.408,-6.326,4.510
8.00,10,3.188,4.297,-5.562
8.00,11,-8.908,0.039,-6.118
8.00,13,-0.912,-3.205,9.342
8.00,14,2.723,-3.435,4.408
8.00,15,-5.274,-6.977,-5.458
8.00,18,4.053,1.250,4.242
8.00,19,-7.648,-0.077,-0.179
8.00,21,-8.629,-8.365,3.732
8.00,22,-0.648,-3.782,-10.524
8.00,24,3.188,4.297,-5.562
8.00,25,7.029,3.538,-0.169
8.00,26,-3.769,-0.221,-6.124
8.00,27,-3.408,-6.326,4.510
8.00,28,-2.757,5.175,-4.980
8.00,29,-6.173,7.372,-5.282
8.00,30,6.811,-1.340,-5.542
8.00,31,-4.180,1.084,4.461
8.00,32,8.172,5.666,4.420
8.00,33,-3.408,-6.326,4.510
8.00,34,-3.408,-6.326,4.510
8.00,35,6.323,-5.262,-0.219
8.00,36,-3.408,-6.326,4.510
8.00,37,6.323,-5.262,-0.219
8.00,38,-4.061,-6.966,9.293
8.00,39,2.017,-9.537,4.595
8.00,40,-8.848,4.523,4.481
8.00,41,-7.648,-0.077,-0.179
8.00,42,3.188,4.297,-5.562
8.00,43,8.172,5.666,4.420
8.00,44,-8.629,-8.365,3.732
8.00,45,-3.333,-8.895,-5.366
8.00,46,-6.173,7.372,-5.282
8.00,47,-3.141,-10.569,4.498
8.00,51,3.989,-7.881,-5.933
8.00,53,-3.769,-0.221,-6.124
8.00,54,1.549,8.438,-6.668
8.00,55,-8.848,4.523,4.481
8.00,56,3.115,1.476,9.231
8.00,58,5.092,7.123,-6.358
8.00,59,8.889,0.466,4.610
8.00,60,-3.247,1.559,9.296
8.00,62,-8.848,4.523,4.481
8.00,63,-7.648,-0.077,-0.179
8.00,64,-5.904,5.803,4.474
8.00,66,2.879,8.030,-0.191
8.00,67,1.991,-3.787,-5.331
8.00,68,2.879,8.030,-0.191
8.00,69,-7.648,-0.077,-0.179
8.00,70,9.754,1.681,-5.489
8.00,71,-1.567,4.767,4.072
8.00,72,-7.648,-0.077,-0.179
8.00,73,-7.648,-0.077,-0.179
8.00,75,-8.629,-8.365,3.732
8.00,76,-1.567,4.767,4.072
8.00,78,-0.191,3.384,-10.935
8.00,81,2.879,8.030,-0.191
8.00,82,-3.408,-6.326,4.510
8.00,83,-8.848,4.523,4.481
8.00,84,-5.274,-6.977,-5.458
8.00,85,-4.180,1.084,4.461
8.00,86,4.053,1.250,4.242
8.00,87,3.989,-7.881,-5.933
8.00,89,2.879,8.030,-0.191
8.00,90,6.811,-1.340,-5.542
8.00,91,-3.769,-0.221,-6.124
8.00,92,-3.247,1.559,9.296
8.00,93,2.017,-9.537,4.595
8.00,94,-6.173,7.372,-5.282
8.00,95,3.989,-7.881,-5.933
8.00,96,3.115,1.476,9.231
8.00,97,-8.908,0.039,-6.118
8.00,98,-10.133,-8.149,-5.632
8.00,99,-7.648,-0.077,-0.179
8.00,100,1.991,-3.787,-5.331
8.00,102,1.991,-3.787,-5.331
8.00,103,4.053,1.250,4.242
8.00,104,-4.180,1.084,4.461
8.00,105,-5.274,-6.977,-5.458
8.00,106,-5.239,7.488,9.698
8.00,107,-5.904,5.803,4.474
8.00,108,6.323,-5.262,-0.219
8.00,109,3.115,1.476,9.231
8.00,110,-4.499,8.181,4.459
8.00,112,1.991,-3.787,-5.331
8.00,114,-7.648,-0.077,-0.179
8.00,115,7.029,3.538,-0.169
8.00,117,-0.912,-3.205,9.342
8.00,118,-3.408,-6.326,4.510
8.00,119,-7.648,-0.077,-0.179
8.00,121,3.989,-7.881,-5.933
8.00,122,-8.848,4.523,4.481
8.00,123,2.879,8.030,-0.191
8.00,124,8.889,0.466,4.610
8.00,125,8.172,5.666,4.420
8.00,126,-1.567,4.767,4.072
8.00,127,3.188,4.297,-5.562
8.00,129,-4.180,1.084,4.461
8.00,130,3.115,1.476,9.231
8.00,132,-5.904,5.803,4.474
8.00,133,-8.908,0.039,-6.118
8.00,134,8.172,5.666,4.420
8.00,135,-7.648,-0.077,-0.179
8.00,136,3.188,4.297,-5.562
8.00,137,-5.274,-6.977,-5.458
8.00,138,6.323,-5.262,-0.219
8.00,139,3.989,-7.881,-5.933
8.00,140,2.816,4.041,4.678
8.00,141,3.115,1.476,9.231
8.00,142,-3.408,-6.326,4.510
8.00,143,-7.648,-0.077,-0.179
8.00,144,-0.648,-3.782,-10.524
8.00,146,3.989,-7.881,-5.933
8.00,148,-8.629,-8.365,3.732
8.00,149,-2.757,5.175,-4.980
8.00,150,2.723,-3.435,4.408
8.00,151,8.957,1.437,4.707
8.00,152,8.889,0.466,4.610
8.00,153,-5.274,-6.977,-5.458
8.00,154,-7.648,-0.077,-0.179
8.00,155,-1.567,4.767,4.072
8.00,157,8.957,1.437,4.707
8.00,158,-8.629,-8.365,3.732
8.00,159,1.991,-3.787,-5.331
8.00,160,6.323,-5.262,-0.219
8.00,161,3.188,4.297,-5.562
8.00,162,-8.848,4.523,4.481
8.00,164,-7.648,-0.077,-0.179
8.00,165,-1.567,4.767,4.072
8.00,166,-3.769,-0.221,-6.124
8.00,167,3.188,4.297,-5.562
8.00,168,-5.274,-6.977,-5.458
8.00,170,6.811,-1.340,-5.542
8.00,171,3.989,-7.881,-5.933
8.00,172,-8.848,4.523,4.481
8.00,173,2.879,8.030,-0.191
8.00,174,6.811,-1.340,-5.542
8.00,175,6.323,-5.262,-0.219
8.00,176,8.808,0.603,9.589
8.00,177,3.115,1.476,9.231
8.00,178,2.723,-3.435,4.408
8.00,179,2.879,8.030,-0.191
8.00,181,8.172,5.666,4.420
8.00,182,-4.180,1.084,4.461
8.00,183,6.323,-5.262,-0.219
8.00,184,-7.648,-0.077,-0.179
8.00,185,6.323,-5.262,-0.219
8.00,187,-7.648,-0.077,-0.179
8.00,188,3.989,-7.881,-5.933
8.00,189,9.754,1.681,-5.489
8.00,190,-5.904,5.803,4.474
8.00,191,2.723,-3.435,4.408
8.00,193,-6.173,7.372,-5.282
8.00,194,2.723,-3.435,4.408
8.00,196,-8.848,4.523,4.481
8.00,197,-1.567,4.767,4.072
8.00,198,2.017,-9.537,4.595
8.00,199,-7.648,-0.077,-0.179
8.00,202,1.549,8.438,-6.668
8.00,204,-5.274,-6.977,-5.458
8.00,205,-7.648,-0.077,-0.179
8.00,206,2.816,4.041,4.678
8.00,207,-8.629,-8.365,3.732
8.00,208,-5.904,5.803,4.474
8.00,209,8.172,5.666,4.420
8.00,210,-8.848,4.523,4.481
8.00,212,8.172,5.666,4.420
8.00,213,-2.757,5.175,-4.980
8.00,214,7.868,-9.710,4.098
8.00,215,2.017,-9.537,4.595
8.00,216,-1.567,4.767,4.072
8.00,217,-3.408,-6.326,4.510
8.00,218,-7.648,-0.077,-0.179
8.00,219,3.188,4.297,-5.562
8.00,220,-3.333,-8.895,-5.366
8.00,221,3.989,-7.881,-5.933
8.00,223,-8.908,0.039,-6.118
8.00,224,-3.408,-6.326,4.510
8.00,225,-5.274,-6.977,-5.458
8.00,227,-5.274,-6.977,-5.458
8.00,228,-5.274,-6.977,-5.458
8.00,230,2.879,8.030,-0.191
8.00,232,8.172,5.666,4.420
8.00,234,5.092,7.123,-6.358
8.00,235,5.092,7.123,-6.358
8.00,236,2.879,8.030,-0.191
8.00,237,3.201,2.046,-10.737
8.00,238,2.017,-9.537,4.595
8.00,239,-7.648,-0.077,-0.179
8.00,240,2.723,-3.435,4.408
8.00,241,8.356,-0.883,-0.196
8.00,242,8.889,0.466,4.610
8.00,243,8.356,-0.883,-0.196
8.00,244,6.323,-5.262,-0.219
8.00,245,-7.648,-0.077,-0.179
8.00,246,-7.648,-0.077,-0.179
8.00,247,7.868,-9.710,4.098
8.00,248,-5.239,7.488,9.698
8.00,249,5.092,7.123,-6.358
8.00,250,-3.333,-8.895,-5.366
8.00,252,-6.173,7.372,-5.282
8.00,253,-4.061,-6.966,9.293
8.00,255,-1.567,4.767,4.072
8.00,256,-3.769,-0.221,-6.124
8.00,258,5.092,7.123,-6.358
8.00,259,-7.648,-0.077,-0.179
8.00,260,-3.408,-6.326,4.510
8.00,261,-0.648,-3.782,-10.524
8.00,262,8.356,-0.883,-0.196
8.00,263,-3.769,-0.221,-6.124
8.00,264,8.957,1.437,4.707
8.00,265,8.356,-0.883,-0.196
8.00,268,-8.848,4.523,4.481
8.00,269,-1.567,4.767,4.072
8.00,270,6.323,-5.262,-0.219
8.00,271,-3.333,-8.895,-5.366
8.00,272,2.723,-3.435,4.408
8.00,273,-7.648,-0.077,-0.179
8.00,274,9.754,1.681,-5.489
8.00,275,3.989,-7.881,-5.933
8.00,276,-0.912,-3.205,9.342
8.00,277,8.889,0.466,4.610
8.00,278,3.989,-7.881,-5.933
8.00,280,-5.274,-6.977,-5.458
8.00,281,-0.912,-3.205,9.342
8.00,282,-3.408,-6.326,4.510
8.00,283,-5.904,5.803,4.474
8.00,284,2.879,8.030,-0.191
8.00,286,-1.567,4.767,4.072
8.00,287,3.115,1.476,9.231
8.00,288,3.201,2.046,-10.737
8.00,289,-7.648,-0.077,-0.179
8.00,290,-5.904,5.803,4.474
8.00,291,-5.904,5.803,4.474
8.00,292,2.017,-9.537,4.595
8.00,293,6.323,-5.262,-0.219
8.00,294,-7.648,-0.077,-0.179
8.00,295,-7.920,7.933,8.481
8.00,296,-1.567,4.767,4.072
8.00,297,2.879,8.030,-0.191
8.00,299,-0.191,3.384,-10.935
8.00,301,2.983,-1.353,3.163
8.00,302,9.920,9.056,-10.390
8.00,303,3.188,4.297,-5.562
8.00,304,-4.162,8.536,-5.037
8.00,305,-6.173,7.372,-5.282
8.00,306,8.889,0.466,4.610
8.00,307,2.879,8.030,-0.191
8.00,308,-3.769,-0.221,-6.124
8.00,310,3.188,4.297,-5.562
8.00,311,6.323,-5.262,-0.219
8.00,312,-4.061,-6.966,9.293
8.00,314,3.188,4.297,-5.562
8.00,315,7.029,3.538,-0.169
8.00,316,6.323,-5.262,-0.219
8.00,317,-3.408,-6.326,4.510
8.00,318,2.017,-9.537,4.595
8.00,319,-3.769,-0.221,-6.124
8.00,321,4.053,1.250,4.242
8.00,322,-3.408,-6.326,4.510
8.00,324,8.356,-0.883,-0.196
8.00,325,-8.629,-8.365,3.732
8.00,329,7.029,3.538,-0.169
8.00,330,8.808,0.603,9.589
8.00,331,-5.274,-6.977,-5.458
8.00,332,3.989,-7.881,-5.933
8.00,333,-2.757,5.175,-4.980
8.00,335,8.889,0.466,4.610
8.00,336,6.323,-5.262,-0.219
8.00,337,-7.648,-0.077,-0.179
8.00,338,-8.908,0.039,-6.118
8.00,340,-8.629,-8.365,3.732
8.00,341,1.549,8.438,-6.668
8.00,343,2.017,-9.537,4.595
8.00,344,7.029,3.538,-0.169
8.00,345,-7.648,-0.077,-0.179
8.00,346,-3.769,-0.221,-6.124
8.00,347,-5.904,5.803,4.474
8.00,350,-0.648,-3.782,-10.524
8.00,351,7.029,3.538,-0.169
8.00,352,1.991,-3.787,-5.331
8.00,353,8.356,-0.883,-0.196
8.00,354,-8.908,0.039,-6.118
8.00,355,7.029,3.538,-0.169
8.00,357,-2.757,5.175,-4.980
8.00,358,8.172,5.666,4.420
8.00,359,11.151,-10.029,-9.948
8.00,360,2.879,8.030,-0.191
8.00,361,8.356,-0.883,-0.196
8.00,362,-7.648,-0.077,-0.179
8.00,363,9.920,9.056,-10.390
8.00,364,-7.648,-0.077,-0.179
8.00,365,8.774,-8.605,3.304
8.00,366,2.983,-1.353,3.163
8.00,367,-10.133,-8.149,-5.632
8.00,368,-3.408,-6.326,4.510
8.00,369,-8.848,4.523,4.481
8.00,370,-8.848,4.523,4.481
8.00,371,8.172,5.666,4.420
8.00,372,-8.494,3.826,-5.260
8.00,373,-8.848,4.523,4.481
8.00,374,-4.061,-6.966,9.293
8.00,375,-7.648,-0.077,-0.179
8.00,376,8.957,1.437,4.707
8.00,377,-5.274,-6.977,-5.458
8.00,378,9.920,9.056,-10.390
8.00,379,8.889,0.466,4.610
8.00,380,-0.648,-3.782,-10.524
8.00,381,-4.499,8.181,4.459
8.00,382,9.754,1.681,-5.489
8.00,383,2.017,-9.537,4.595
8.00,384,-7.648,-0.077,-0.179
8.00,386,2.879,8.030,-0.191
8.00,387,2.879,8.030,-0.191
8.00,388,-1.567,4.767,4.072
8.00,389,-7.648,-0.077,-0.179
8.00,390,6.323,-5.262,-0.219
8.00,391,-5.904,5.803,4.474
8.00,392,1.991,-3.787,-5.331
8.00,393,-7.648,-0.077,-0.179
8.00,394,-3.769,-0.221,-6.124
8.00,395,-0.191,3.384,-10.935
8.00,396,-7.648,-0.077,-0.179
8.00,397,8.172,5.666,4.420
8.00,398,5.092,7.123,-6.358
8.00,399,2.879,8.030,-0.191
8.00,400,6.811,-1.340,-5.542
8.00,401,-0.648,-3.782,-10.524
8.00,402,-5.274,-6.977,-5.458
8.00,403,8.172,5.666,4.420
8.00,404,-7.648,-0.077,-0.179
8.00,405,8.774,-8.605,3.304
8.00,407,-5.274,-6.977,-5.458
8.00,408,-3.247,1.559,9.296
8.00,409,9.920,9.056,-10.390
8.00,410,-7.648,-0.077,-0.179
8.00,411,-7.648,-0.077,-0.179
8.00,412,2.983,-1.353,3.163
8.00,413,1.991,-3.787,-5.331
8.00,414,-5.274,-6.977,-5.458
8.00,415,6.323,-5.262,-0.219
8.00,416,-8.908,0.039,-6.118
8.00,417,-6.173,7.372,-5.282
8.00,418,5.092,7.123,-6.358
8.00,419,-8.629,-8.365,3.732
8.00,420,-3.408,-6.326,4.510
8.00,422,-1.567,4.767,4.072
8.00,423,-5.274,-6.977,-5.458
8.00,424,1.991,-3.787,-5.331
8.00,425,-4.180,1.084,4.461
8.00,426,-0.191,3.384,-10.935
8.00,428,8.889,0.466,4.610
8.00,430,8.889,0.466,4.610
8.00,431,-0.912,-3.205,9.342
8.00,433,8.957,1.437,4.707
8.00,434,-7.648,-0.077,-0.179
8.00,435,4.053,1.250,4.242
8.00,436,1.991,-3.787,-5.331
8.00,437,-8.629,-8.365,3.732
8.00,438,-3.408,-6.326,4.510
8.00,439,6.811,-1.340,-5.542
8.00,440,7.029,3.538,-0.169
8.00,441,-3.769,-0.221,-6.124
8.00,442,-7.648,-0.077,-0.179
8.00,443,3.201,2.046,-10.737
8.00,444,1.991,-3.787,-5.331
8.00,445,2.879,8.030,-0.191
8.00,446,-7.648,-0.077,-0.179
8.00,447,-7.648,-0.077,-0.179
8.00,448,-8.848,4.523,4.481
8.00,449,-3.408,-6.326,4.510
8.00,450,2.879,8.030,-0.191
8.00,451,-7.648,-0.077,-0.179
8.00,452,-7.648,-0.077,-0.179
8.00,453,-0.191,3.384,-10.935
8.00,454,2.879,8.030,-0.191
8.00,455,-6.173,7.372,-5.282
8.00,456,2.816,4.041,4.678
8.00,457,8.957,1.437,4.707
8.00,459,-8.629,-8.365,3.732
8.00,461,1.090,-9.529,-5.385
8.00,462,-2.624,-11.165,9.056
8.00,464,2.879,8.030,-0.191
8.00,465,2.879,8.030,-0.191
8.00,466,3.201,2.046,-10.737
8.00,467,2.879,8.030,-0.191
8.00,468,-8.848,4.523,4.481
8.00,469,-4.180,1.084,4.461
8.00,470,1.991,-3.787,-5.331
8.00,471,-5.274,-6.977,-5.458
8.00,475,-4.061,-6.966,9.293
8.00,476,-2.624,-11.165,9.056
8.00,477,1.991,-3.787,-5.331
8.00,478,-8.908,0.039,-6.118
8.00,479,2.879,8.030,-0.191
8.00,480,-5.904,5.803,4.474
8.00,481,-7.648,-0.077,-0.179
8.00,482,2.879,8.030,-0.191
8.00,484,-7.648,-0.077,-0.179
8.00,485,7.868,-9.710,4.098
8.00,486,-7.648,-0.077,-0.179
8.00,487,8.172,5.666,4.420
8.00,488,-7.648,-0.077,-0.179
8.00,489,8.774,-8.605,3.304
8.00,491,-10.133,-8.149,-5.632
8.00,492,5.092,7.123,-6.358
8.00,493,-3.333,-8.895,-5.366
8.00,494,8.889,0.466,4.610
8.00,496,-7.648,-0.077,-0.179
8.00,497,2.879,8.030,-0.191
8.00,501,2.879,8.030,-0.191
8.00,502,2.017,-9.537,4.595
8.00,503,-7.648,-0.077,-0.179
8.00,504,-2.757,5.175,-4.980
8.00,505,2.723,-3.435,4.408
8.00,506,-7.648,-0.077,-0.179
8.00,507,8.356,-0.883,-0.196
8.00,508,-3.333,-8.895,-5.366
8.00,509,9.754,1.681,-5.489
8.00,510,-3.769,-0.221,-6.124
8.00,511,-5.274,-6.977,-5.458
8.00,512,3.989,-7.881,-5.933
8.00,513,6.323,-5.262,-0.219
8.00,514,2.879,8.030,-0.191
8.00,515,-7.648,-0.077,-0.179
8.00,516,2.879,8.030,-0.191
8.00,517,2.017,-9.537,4.595
8.00,518,2.723,-3.435,4.408
8.00,520,-5.274,-6.977,-5.458
8.00,521,-10.133,-8.149,-5.632
8.00,522,1.991,-3.787,-5.331
8.00,524,-0.648,-3.782,-10.524
8.00,525,-4.180,1.084,4.461
8.00,526,-3.408,-6.326,4.510
8.00,527,8.172,5.666,4.420
8.00,529,4.053,1.250,4.242
8.00,530,-7.648,-0.077,-0.179
8.00,531,-1.567,4.767,4.072
8.00,532,2.723,-3.435,4.408
8.00,534,4.053,1.250,4.242
8.00,535,-1.567,4.767,4.072
8.00,536,-3.247,1.559,9.296
8.00,537,3.989,-7.881,-5.933
8.00,538,5.092,7.123,-6.358
8.00,539,-1.567,4.767,4.072
8.00,540,-5.274,-6.977,-5.458
8.00,541,6.811,-1.340,-5.542
8.00,543,8.356,-0.883,-0.196
8.00,544,-7.648,-0.077,-0.179
8.00,545,-8.848,4.523,4.481
8.00,546,1.549,8.438,-6.668
8.00,547,7.868,-9.710,4.098
8.00,548,-5.274,-6.977,-5.458
8.00,549,-7.648,-0.077,-0.179
8.00,551,2.879,8.030,-0.191
8.00,552,-7.648,-0.077,-0.179
8.00,554,6.811,-1.340,-5.542
8.00,555,-7.648,-0.077,-0.179
8.00,556,-3.408,-6.326,4.510
8.00,557,3.188,4.297,-5.562
8.00,558,2.879,8.030,-0.191
8.00,559,2.879,8.030,-0.191
8.00,560,3.201,2.046,-10.737
8.00,562,8.889,0.466,4.610
8.00,563,-4.162,8.536,-5.037
8.00,565,-5.274,-6.977,-5.458
8.00,566,-3.408,-6.326,4.510
8.00,567,-3.769,-0.221,-6.124
8.00,568,6.323,-5.262,-0.219
8.00,571,6.811,-1.340,-5.542
8.00,572,8.172,5.666,4.420
8.00,573,8.172,5.666,4.420
8.00,574,2.723,-3.435,4.408
8.00,575,-4.180,1.084,4.461
8.00,576,-0.648,-3.782,-10.524
8.00,577,-4.180,1.084,4.461
8.00,578,5.092,7.123,-6.358
8.00,579,8.356,-0.883,-0.196
8.00,582,-5.274,-6.977,-5.458
8.00,583,2.816,4.041,4.678
8.00,584,7.868,-9.710,4.098
8.00,586,-7.648,-0.077,-0.179
8.00,588,-3.408,-6.326,4.510
8.00,589,3.115,1.476,9.231
8.00,590,3.188,4.297,-5.562
8.00,591,6.323,-5.262,-0.219
8.00,592,2.879,8.030,-0.191
8.00,593,-3.408,-6.326,4.510
8.00,594,2.879,8.030,-0.191
8.00,595,-7.648,-0.077,-0.179
8.00,597,-1.567,4.767,4.072
8.00,598,-10.133,-8.149,-5.632
8.00,599,1.549,8.438,-6.668
8.00,600,5.092,7.123,-6.358
8.00,601,2.017,-9.537,4.595
8.00,602,-7.648,-0.077,-0.179
8.00,603,-3.769,-0.221,-6.124
8.00,605,-10.133,-8.149,-5.632
8.00,606,9.754,1.681,-5.489
8.00,607,-3.333,-8.895,-5.366
8.00,608,9.754,1.681,-5.489
8.00,610,-4.180,1.084,4.461
8.00,611,7.029,3.538,-0.169
8.00,612,-0.912,-3.205,9.342
8.00,613,2.983,-1.353,3.163
8.00,614,8.356,-0.883,-0.196
8.00,615,-4.499,8.181,4.459
8.00,616,2.723,-3.435,4.408
8.00,617,6.811,-1.340,-5.542
8.00,619,3.115,1.476,9.231
8.00,620,-4.180,1.084,4.461
8.00,622,-7.648,-0.077,-0.179
8.00,623,1.991,-3.787,-5.331
8.00,625,-0.912,-3.205,9.342
8.00,627,8.889,0.466,4.610
8.00,628,-7.648,-0.077,-0.179
8.00,629,-4.061,-6.966,9.293
8.00,630,-3.408,-6.326,4.510
8.00,631,1.991,-3.787,-5.331
8.00,632,2.879,8.030,-0.191
8.00,636,9.754,1.681,-5.489
8.00,638,4.053,1.250,4.242
8.00,639,-5.904,5.803,4.474
8.00,640,2.879,8.030,-0.191
8.00,641,-4.180,1.084,4.461
8.00,642,8.172,5.666,4.420
8.00,643,8.172,5.666,4.420
8.00,647,3.201,2.046,-10.737
8.00,648,-2.757,5.175,-4.980
8.00,649,3.188,4.297,-5.562
8.00,650,-1.567,4.767,4.072
8.00,651,9.920,9.056,-10.390
8.00,652,-5.274,-6.977,-5.458
8.00,653,-3.408,-6.326,4.510
8.00,654,-7.648,-0.077,-0.179
8.00,655,6.323,-5.262,-0.219
8.00,656,2.017,-9.537,4.595
8.00,657,-7.648,-0.077,-0.179
8.00,658,3.201,2.046,-10.737
8.00,659,6.811,-1.340,-5.542
8.00,660,6.323,-5.262,-0.219
8.00,662,9.754,1.681,-5.489
8.00,663,3.188,4.297,-5.562
8.00,664,8.957,1.437,4.707
8.00,665,-1.567,4.767,4.072
8.00,666,-6.173,7.372,-5.282
8.00,667,-5.239,7.488,9.698
8.00,668,8.172,5.666,4.420
8.00,669,1.991,-3.787,-5.331
8.00,670,-4.061,-6.966,9.293
8.00,671,7.029,3.538,-0.169
8.00,672,6.323,-5.262,-0.219
8.00,674,1.549,8.438,-6.668
8.00,677,6.323,-5.262,-0.219
8.00,678,-3.408,-6.326,4.510
8.00,679,5.092,7.123,-6.358
8.00,680,-2.757,5.175,-4.980
8.00,681,-5.274,-6.977,-5.458
8.00,682,-1.567,4.767,4.072
8.00,683,2.879,8.030,-0.191
8.00,684,6.323,-5.262,-0.219
8.00,685,-7.648,-0.077,-0.179
8.00,686,-5.274,-6.977,-5.458
8.00,687,3.115,1.476,9.231
8.00,688,5.092,7.123,-6.358
8.00,690,-5.274,-6.977,-5.458
8.00,691,-8.908,0.039,-6.118
8.00,692,-8.848,4.523,4.481
8.00,693,2.879,8.030,-0.191
8.00,694,-5.904,5.803,4.474
8.00,695,-7.648,-0.077,-0.179
8.00,697,-7.648,-0.077,-0.179
8.00,699,1.549,8.438,-6.668
8.00,700,-4.180,1.084,4.461
8.00,701,2.017,-9.537,4.595
8.00,702,-5.904,5.803,4.474
8.00,703,-0.912,-3.205,9.342
8.00,704,-2.757,5.175,-4.980
8.00,705,8.172,5.666,4.420
8.00,706,1.991,-3.787,-5.331
8.00,707,-6.173,7.372,-5.282
8.00,708,8.889,0.466,4.610
8.00,709,3.201,2.046,-10.737
8.00,711,2.879,8.030,-0.191
8.00,714,8.889,0.466,4.610
8.00,715,-3.408,-6.326,4.510
8.00,716,-8.848,4.523,4.481
8.00,717,-8.629,-8.365,3.732
8.00,718,5.092,7.123,-6.358
8.00,719,6.323,-5.262,-0.219
8.00,720,2.879,8.030,-0.191
8.00,721,2.879,8.030,-0.191
8.00,722,-10.133,-8.149,-5.632
8.00,723,6.811,-1.340,-5.542
8.00,724,-1.567,4.767,4.072
8.00,725,3.188,4.297,-5.562
8.00,727,-3.408,-6.326,4.510
8.00,728,-8.629,-8.365,3.732
8.00,729,-5.239,7.488,9.698
8.00,730,2.879,8.030,-0.191
8.00,731,-3.408,-6.326,4.510
8.00,732,7.029,3.538,-0.169
8.00,734,-1.567,4.767,4.072
8.00,735,8.889,0.466,4.610
8.00,736,-6.173,7.372,-5.282
8.00,737,8.808,0.603,9.589
8.00,738,-3.408,-6.326,4.510
8.00,739,8.172,5.666,4.420
8.00,741,-7.648,-0.077,-0.179
8.00,742,2.017,-9.537,4.595
8.00,743,-7.648,-0.077,-0.179
8.00,744,-3.247,1.559,9.296
8.00,745,3.115,1.476,9.231
8.00,747,6.323,-5.262,-0.219
8.00,748,-6.173,7.372,-5.282
8.00,749,-5.274,-6.977,-5.458
8.00,750,-1.567,4.767,4.072
8.00,751,-5.904,5.803,4.474
8.00,752,-3.408,-6.326,4.510
8.00,753,6.323,-5.262,-0.219
8.00,754,-3.769,-0.221,-6.124
8.00,755,-3.769,-0.221,-6.124
8.00,756,2.017,-9.537,4.595
8.00,757,5.092,7.123,-6.358
8.00,758,8.172,5.666,4.420
8.00,760,6.323,-5.262,-0.219
8.00,762,7.029,3.538,-0.169
8.00,763,6.323,-5.262,-0.219
8.00,764,-0.191,3.384,-10.935
8.00,765,7.868,-9.710,4.098
8.00,766,2.983,-1.353,3.163
8.00,768,-8.908,0.039,-6.118
8.00,769,7.029,3.538,-0.169
8.00,770,3.989,-7.881,-5.933
8.00,771,8.957,1.437,4.707
8.00,772,1.549,8.438,-6.668
8.00,774,-3.408,-6.326,4.510
8.00,775,4.053,1.250,4.242
8.00,776,-4.180,1.084,4.461
8.00,777,-7.648,-0.077,-0.179
8.00,778,5.092,7.123,-6.358
8.00,779,1.549,8.438,-6.668
8.00,780,2.879,8.030,-0.191
8.00,781,2.879,8.030,-0.191
8.00,782,8.889,0.466,4.610
8.00,783,8.172,5.666,4.420
8.00,784,1.340,9.607,5.712
8.00,785,8.172,5.666,4.420
8.00,786,9.920,9.056,-10.390
8.00,787,-3.247,1.559,9.296
8.00,788,2.723,-3.435,4.408
8.00,789,2.879,8.030,-0.191
8.00,790,-6.173,7.372,-5.282
8.00,791,6.323,-5.262,-0.219
8.00,792,2.879,8.030,-0.191
8.00,793,-8.848,4.523,4.481
8.00,794,-8.848,4.523,4.481
8.00,795,7.029,3.538,-0.169
8.00,796,8.172,5.666,4.420
8.00,797,2.879,8.030,-0.191
8.00,798,-0.648,-3.782,-10.524
8.00,800,-0.912,-3.205,9.342
8.00,801,3.188,4.297,-5.562
8.00,802,-3.408,-6.326,4.510
8.00,803,-3.408,-6.326,4.510
8.00,806,3.115,1.476,9.231
8.00,807,-4.061,-6.966,9.293
8.00,808,-3.769,-0.221,-6.124
8.00,810,6.323,-5.262,-0.219
8.00,811,6.317,6.826,9.518
8.00,812,7.029,3.538,-0.169
8.00,813,-4.061,-6.966,9.293
8.00,815,2.017,-9.537,4.595
8.00,817,-3.408,-6.326,4.510
8.00,819,-3.247,1.559,9.296
8.00,820,-8.629,-8.365,3.732
8.00,821,3.188,4.297,-5.562
8.00,823,-6.173,7.372,-5.282
8.00,824,2.879,8.030,-0.191
8.00,825,-5.904,5.803,4.474
8.00,826,-1.567,4.767,4.072
8.00,829,3.188,4.297,-5.562
8.00,830,-7.648,-0.077,-0.179
8.00,831,1.340,9.607,5.712
8.00,832,3.115,1.476,9.231
8.00,833,-6.173,7.372,-5.282
8.00,834,-3.247,1.559,9.296
8.00,836,8.889,0.466,4.610
8.00,837,1.991,-3.787,-5.331
8.00,838,2.879,8.030,-0.191
8.00,839,2.879,8.030,-0.191
8.00,840,2.017,-9.537,4.595
8.00,841,2.879,8.030,-0.191
8.00,842,5.092,7.123,-6.358
8.00,844,-6.173,7.372,-5.282
8.00,845,7.029,3.538,-0.169
8.00,846,8.957,1.437,4.707
8.00,847,8.172,5.666,4.420
8.00,848,-0.648,-3.782,-10.524
8.00,849,-3.333,-8.895,-5.366
8.00,850,2.816,4.041,4.678
8.00,851,-7.648,-0.077,-0.179
8.00,852,2.816,4.041,4.678
8.00,854,-7.648,-0.077,-0.179
8.00,855,2.017,-9.537,4.595
8.00,856,-3.769,-0.221,-6.124
8.00,857,-3.769,-0.221,-6.124
8.00,859,-3.769,-0.221,-6.124
8.00,860,-7.648,-0.077,-0.179
8.00,861,-4.180,1.084,4.461
8.00,862,-7.648,-0.077,-0.179
8.00,863,-0.191,3.384,-10.935
8.00,864,3.989,-7.881,-5.933
8.00,865,-8.908,0.039,-6.118
8.00,866,-1.567,4.767,4.072
8.00,867,-3.408,-6.326,4.510
8.00,868,8.889,0.466,4.610
8.00,869,-5.239,7.488,9.698
8.00,870,-5.904,5.803,4.474
8.00,871,7.868,-9.710,4.098
8.00,872,2.879,8.030,-0.191
8.00,873,-8.848,4.523,4.481
8.00,875,-3.769,-0.221,-6.124
8.00,876,-3.247,1.559,9.296
8.00,877,-3.247,1.559,9.296
8.00,878,3.201,2.046,-10.737
8.00,879,2.879,8.030,-0.191
8.00,880,1.991,-3.787,-5.331
8.00,881,7.029,3.538,-0.169
8.00,882,-7.648,-0.077,-0.179
8.00,884,6.811,-1.340,-5.542
8.00,885,-2.757,5.175,-4.980
8.00,886,6.323,-5.262,-0.219
8.00,887,6.323,-5.262,-0.219
8.00,888,6.323,-5.262,-0.219
8.00,889,-10.133,-8.149,-5.632
8.00,891,-1.567,4.767,4.072
8.00,892,2.879,8.030,-0.191
8.00,893,-7.648,-0.077,-0.179
8.00,894,-4.180,1.084,4.461
8.00,895,-8.848,4.523,4.481
8.00,896,8.957,1.437,4.707
8.00,897,-0.191,3.384,-10.935
8.00,899,5.092,7.123,-6.358
8.00,901,8.172,5.666,4.420
8.00,902,-3.769,-0.221,-6.124
8.00,903,-3.408,-6.326,4.510
8.00,905,6.323,-5.262,-0.219
8.00,906,8.808,0.603,9.589
8.00,907,-0.912,-3.205,9.342
8.00,908,8.808,0.603,9.589
8.00,909,6.323,-5.262,-0.219
8.00,912,3.188,4.297,-5.562
8.00,913,2.983,-1.353,3.163
8.00,914,-1.567,4.767,4.072
8.00,915,9.754,1.681,-5.489
8.00,916,-7.648,-0.077,-0.179
8.00,918,3.201,2.046,-10.737
8.00,919,-7.648,-0.077,-0.179
8.00,920,8.957,1.437,4.707
8.00,921,3.115,1.476,9.231
8.00,922,-3.769,-0.221,-6.124
8.00,924,-0.191,3.384,-10.935
8.00,927,-4.162,8.536,-5.037
8.00,928,-3.408,-6.326,4.510
8.00,929,8.356,-0.883,-0.196
8.00,930,3.989,-7.881,-5.933
8.00,932,-5.274,-6.977,-5.458
8.00,933,8.889,0.466,4.610
8.00,934,-3.408,-6.326,4.510
8.00,935,5.092,7.123,-6.358
8.00,936,-7.648,-0.077,-0.179
8.00,937,-3.333,-8.895,-5.366
8.00,938,-1.567,4.767,4.072
8.00,939,6.811,-1.340,-5.542
8.00,940,-5.274,-6.977,-5.458
8.00,941,-0.191,3.384,-10.935
8.00,942,5.092,7.123,-6.358
8.00,943,3.188,4.297,-5.562
8.00,946,-7.648,-0.077,-0.179
8.00,947,-8.848,4.523,4.481
8.00,948,5.092,7.123,-6.358
8.00,949,1.549,8.438,-6.668
8.00,950,6.323,-5.262,-0.219
8.00,951,1.549,8.438,-6.668
8.00,952,-5.274,-6.977,-5.458
8.00,953,2.879,8.030,-0.191
8.00,956,-6.173,7.372,-5.282
8.00,957,7.868,-9.710,4.098
8.00,958,-7.648,-0.077,-0.179
8.00,959,-7.648,-0.077,-0.179
8.00,961,2.879,8.030,-0.191
8.00,962,2.879,8.030,-0.191
8.00,963,-3.333,-8.895,-5.366
8.00,964,-0.648,-3.782,-10.524
8.00,965,5.092,7.123,-6.358
8.00,966,8.889,0.466,4.610
8.00,967,-5.239,7.488,9.698
8.00,968,2.723,-3.435,4.408
8.00,969,-0.191,3.384,-10.935
8.00,970,8.808,0.603,9.589
8.00,971,6.323,-5.262,-0.219
8.00,972,1.991,-3.787,-5.331
8.00,973,-6.173,7.372,-5.282
8.00,976,2.879,8.030,-0.191
8.00,977,3.201,2.046,-10.737
8.00,978,-0.912,-3.205,9.342
8.00,979,-8.848,4.523,4.481
8.00,980,-2.757,5.175,-4.980
8.00,982,-3.408,-6.326,4.510
8.00,983,2.723,-3.435,4.408
8.00,984,-8.629,-8.365,3.732
8.00,985,3.188,4.297,-5.562
8.00,986,2.017,-9.537,4.595
8.00,988,7.868,-9.710,4.098
8.00,989,5.092,7.123,-6.358
8.00,990,8.774,-8.605,3.304
8.00,991,-3.247,1.559,9.296
8.00,992,-3.408,-6.326,4.510
8.00,994,2.723,-3.435,4.408
8.00,995,3.115,1.476,9.231
8.00,996,3.201,2.046,-10.737
8.00,997,9.754,1.681,-5.489
8.00,998,-7.648,-0.077,-0.179
8.00,999,3.201,2.046,-10.737
8.00,1000,-0.648,-3.782,-10.524
8.00,1001,8.172,5.666,4.420
8.00,1002,2.879,8.030,-0.191
8.00,1004,1.549,8.438,-6.668
8.00,1005,3.201,2.046,-10.737
8.00,1006,-6.173,7.372,-5.282
8.00,1007,1.549,8.438,-6.668
8.00,1009,-0.912,-3.205,9.342
8.00,1010,-2.757,5.175,-4.980
8.00,1011,2.879,8.030,-0.191
8.00,1012,8.356,-0.883,-0.196
8.00,1013,-3.333,-8.895,-5.366
8.00,1014,-3.769,-0.221,-6.124
8.00,1016,-7.648,-0.077,-0.179
8.00,1017,8.356,-0.883,-0.196
8.00,1018,1.991,-3.787,-5.331
8.00,1020,8.957,1.437,4.707
8.00,1021,2.983,-1.353,3.163
8.00,1022,8.356,-0.883,-0.196
8.00,1024,2.879,8.030,-0.191
8.00,1025,3.201,2.046,-10.737
8.00,1027,-8.908,0.039,-6.118
8.00,1029,-3.408,-6.326,4.510
8.00,1030,-4.180,1.084,4.461
8.00,1032,-3.769,-0.221,-6.124
8.00,1033,-6.173,7.372,-5.282
8.00,1034,8.957,1.437,4.707
8.00,1036,-4.180,1.084,4.461
8.00,1037,5.092,7.123,-6.358
8.00,1038,-4.180,1.084,4.461
8.00,1039,3.989,-7.881,-5.933
8.00,1040,3.989,-7.881,-5.933
8.00,1041,-4.061,-6.966,9.293
8.00,1042,8.172,5.666,4.420
8.00,1043,8.889,0.466,4.610
8.00,1044,0.545,9.073,9.561
8.00,1045,2.017,-9.537,4.595
8.00,1046,2.017,-9.537,4.595
8.00,1047,6.811,-1.340,-5.542
8.00,1048,3.188,4.297,-5.562
8.00,1050,2.879,8.030,-0.191
8.00,1052,-1.567,4.767,4.072
8.00,1053,1.090,-9.529,-5.385
8.00,1054,7.029,3.538,-0.169
8.00,1055,4.053,1.250,4.242
8.00,1056,2.723,-3.435,4.408
8.00,1059,3.188,4.297,-5.562
8.00,1060,2.879,8.030,-0.191
8.00,1062,3.115,1.476,9.231
8.00,1063,2.017,-9.537,4.595
8.00,1065,8.172,5.666,4.420
8.00,1066,1.991,-3.787,-5.331
8.00,1067,-3.333,-8.895,-5.366
8.00,1069,-5.904,5.803,4.474
8.00,1070,8.172,5.666,4.420
8.00,1071,5.092,7.123,-6.358
8.00,1072,2.723,-3.435,4.408
8.00,1074,8.172,5.666,4.420
8.00,1075,4.053,1.250,4.242
8.00,1076,7.029,3.538,-0.169
8.00,1077,-0.648,-3.782,-10.524
8.00,1078,3.989,-7.881,-5.933
8.00,1079,2.017,-9.537,4.595
8.00,1080,-3.769,-0.221,-6.124
8.00,1081,-3.408,-6.326,4.510
8.00,1082,-3.408,-6.326,4.510
8.00,1084,-1.567,4.767,4.072
8.00,1085,2.879,8.030,-0.191
8.00,1086,-10.133,-8.149,-5.632
8.00,1089,2.879,8.030,-0.191
8.00,1090,6.323,-5.262,-0.219
8.00,1091,2.879,8.030,-0.191
8.00,1092,-5.274,-6.977,-5.458
8.00,1093,-7.648,-0.077,-0.179
8.00,1094,-2.757,5.175,-4.980
8.00,1095,-5.904,5.803,4.474
8.00,1096,2.017,-9.537,4.595
8.00,1097,-1.567,4.767,4.072
8.00,1098,2.017,-9.537,4.595
8.00,1099,8.356,-0.883,-0.196
8.00,1100,8.808,0.603,9.589
8.00,1101,2.879,8.030,-0.191
8.00,1102,-3.408,-6.326,4.510
8.00,1103,6.323,-5.262,-0.219
8.00,1104,-6.173,7.372,-5.282
8.00,1105,8.356,-0.883,-0.196
8.00,1106,-1.567,4.767,4.072
8.00,1107,-1.567,4.767,4.072
8.00,1108,6.323,-5.262,-0.219
8.00,1109,1.991,-3.787,-5.331
8.00,1110,2.879,8.030,-0.191
8.00,1111,6.323,-5.262,-0.219
8.00,1112,8.172,5.666,4.420
8.00,1113,-0.648,-3.782,-10.524
8.00,1115,-3.408,-6.326,4.510
8.00,1118,2.879,8.030,-0.191
8.00,1119,6.811,-1.340,-5.542
8.00,1121,2.017,-9.537,4.595
8.00,1123,9.754,1.681,-5.489
8.00,1124,-1.567,4.767,4.072
8.00,1125,-6.173,7.372,-5.282
8.00,1126,4.053,1.250,4.242
8.00,1127,3.188,4.297,-5.562
8.00,1128,-3.333,-8.895,-5.366
8.00,1129,3.201,2.046,-10.737
8.00,1130,-8.848,4.523,4.481
8.00,1131,6.811,-1.340,-5.542
8.00,1132,2.879,8.030,-0.191
8.00,1133,5.092,7.123,-6.358
8.00,1134,3.989,-7.881,-5.933
8.00,1135,-5.904,5.803,4.474
8.00,1136,8.172,5.666,4.420
8.00,1137,8.356,-0.883,-0.196
8.00,1138,2.879,8.030,-0.191
8.00,1139,2.879,8.030,-0.191
8.00,1140,-8.629,-8.365,3.732
8.00,1141,1.991,-3.787,-5.331
8.00,1142,-1.567,4.767,4.072
8.00,1143,4.053,1.250,4.242
8.00,1144,2.879,8.030,-0.191
8.00,1145,-4.499,8.181,4.459
8.00,1146,-4.061,-6.966,9.293
8.00,1147,-4.061,-6.966,9.293
8.00,1149,6.323,-5.262,-0.219
8.00,1150,-6.173,7.372,-5.282
8.00,1151,-1.567,4.767,4.072
8.00,1152,2.017,-9.537,4.595
8.00,1153,-5.274,-6.977,-5.458
8.00,1154,-7.648,-0.077,-0.179
8.00,1155,2.879,8.030,-0.191
8.00,1156,-1.567,4.767,4.072
8.00,1157,2.879,8.030,-0.191
8.00,1158,-3.769,-0.221,-6.124
8.00,1159,5.092,7.123,-6.358
8.00,1160,-7.648,-0.077,-0.179
8.00,1161,-3.408,-6.326,4.510
8.00,1162,2.017,-9.537,4.595
8.00,1163,5.092,7.123,-6.358
8.00,1165,-5.274,-6.977,-5.458
8.00,1166,2.723,-3.435,4.408
8.00,1167,8.356,-0.883,-0.196
8.00,1169,8.172,5.666,4.420
8.00,1172,-7.648,-0.077,-0.179
8.00,1173,2.983,-1.353,3.163
8.00,1174,-7.648,-0.077,-0.179
8.00,1175,-0.191,3.384,-10.935
8.00,1176,9.754,1.681,-5.489
8.00,1177,6.323,-5.262,-0.219
8.00,1178,-4.061,-6.966,9.293
8.00,1179,3.188,4.297,-5.562
8.00,1181,2.879,8.030,-0.191
8.00,1182,2.879,8.030,-0.191
8.00,1183,2.879,8.030,-0.191
8.00,1184,-7.648,-0.077,-0.179
8.00,1186,-1.567,4.767,4.072
8.00,1187,5.092,7.123,-6.358
8.00,1188,-0.648,-3.782,-10.524
8.00,1190,-1.567,4.767,4.072
8.00,1191,8.957,1.437,4.707
8.00,1192,6.323,-5.262,-0.219
8.00,1194,2.879,8.030,-0.191
8.00,1195,7.868,-9.710,4.098
8.00,1196,8.356,-0.883,-0.196
8.00,1197,-5.274,-6.977,-5.458
8.00,1198,-5.239,7.488,9.698
8.00,1200,6.811,-1.340,-5.542
8.00,1201,-0.648,-3.782,-10.524
8.00,1202,2.879,8.030,-0.191
8.00,1203,-5.239,7.488,9.698
8.00,1204,2.879,8.030,-0.191
8.00,1205,-7.648,-0.077,-0.179
8.00,1206,2.879,8.030,-0.191
8.00,1207,1.340,9.607,5.712
8.00,1209,6.323,-5.262,-0.219
8.00,1210,-7.648,-0.077,-0.179
8.00,1212,-5.274,-6.977,-5.458
8.00,1215,3.188,4.297,-5.562
8.00,1216,9.754,1.681,-5.489
8.00,1218,2.879,8.030,-0.191
8.00,1219,7.029,3.538,-0.169
8.00,1221,3.188,4.297,-5.562
8.00,1222,1.090,-9.529,-5.385
8.00,1223,-7.648,-0.077,-0.179
8.00,1224,2.879,8.030,-0.191
8.00,1225,9.920,9.056,-10.390
8.00,1226,6.323,-5.262,-0.219
8.00,1227,8.172,5.666,4.420
8.00,1228,2.723,-3.435,4.408
8.00,1229,-4.180,1.084,4.461
8.00,1230,2.879,8.030,-0.191
8.00,1231,-10.133,-8.149,-5.632
8.00,1233,7.029,3.538,-0.169
8.00,1234,-10.133,-8.149,-5.632
8.00,1235,6.323,-5.262,-0.219
8.00,1236,-8.908,0.039,-6.118
8.00,1237,-7.648,-0.077,-0.179
8.00,1238,2.879,8.030,-0.191
8.00,1240,6.323,-5.262,-0.219
8.00,1241,8.808,0.603,9.589
8.00,1242,-8.629,-8.365,3.732
8.00,1243,-7.648,-0.077,-0.179
8.00,1244,3.115,1.476,9.231
8.00,1245,2.879,8.030,-0.191
8.00,1248,5.092,7.123,-6.358
8.00,1249,-6.173,7.372,-5.282
8.00,1250,2.879,8.030,-0.191
8.00,1251,-10.133,-8.149,-5.632
8.00,1252,6.811,-1.340,-5.542
8.00,1253,7.868,-9.710,4.098
8.00,1254,-1.567,4.767,4.072
8.00,1255,2.879,8.030,-0.191
8.00,1256,-2.757,5.175,-4.980
8.00,1257,9.920,9.056,-10.390
8.00,1258,-1.567,4.767,4.072
8.00,1259,-3.333,-8.895,-5.366
8.00,1260,-2.757,5.175,-4.980
8.00,1261,-3.408,-6.326,4.510
8.00,1262,-3.408,-6.326,4.510
8.00,1264,8.356,-0.883,-0.196
8.00,1265,-1.567,4.767,4.072
8.00,1266,6.323,-5.262,-0.219
8.00,1267,-0.191,3.384,-10.935
8.00,1268,-3.333,-8.895,-5.366
8.00,1269,-1.567,4.767,4.072
8.00,1270,6.323,-5.262,-0.219
8.00,1271,2.879,8.030,-0.191
8.00,1272,-7.648,-0.077,-0.179
8.00,1273,-3.247,1.559,9.296
8.00,1276,2.879,8.030,-0.191
8.00,1277,-6.173,7.372,-5.282
8.00,1278,-7.648,-0.077,-0.179
8.00,1279,-7.648,-0.077,-0.179
8.00,1281,7.868,-9.710,4.098
8.00,1282,6.323,-5.262,-0.219
8.00,1283,6.811,-1.340,-5.542
8.00,1284,-6.173,7.372,-5.282
8.00,1285,-8.848,4.523,4.481
8.00,1286,2.879,8.030,-0.191
8.00,1288,1.549,8.438,-6.668
8.00,1289,-5.239,7.488,9.698
8.00,1290,2.983,-1.353,3.163
8.00,1291,6.323,-5.262,-0.219
8.00,1293,2.816,4.041,4.678
8.00,1294,-7.648,-0.077,-0.179
8.00,1295,2.017,-9.537,4.595
8.00,1296,3.989,-7.881,-5.933
8.00,1297,6.811,-1.340,-5.542
8.00,1298,6.811,-1.340,-5.542
8.00,1299,-8.629,-8.365,3.732
8.00,1300,3.201,2.046,-10.737
8.00,1301,-0.191,3.384,-10.935
8.00,1302,8.172,5.666,4.420
8.00,1303,6.811,-1.340,-5.542
8.00,1304,-6.173,7.372,-5.282
8.00,1305,3.115,1.476,9.231
8.00,1306,2.879,8.030,-0.191
8.00,1307,-7.648,-0.077,-0.179
8.00,1308,-3.333,-8.895,-5.366
8.00,1309,2.879,8.030,-0.191
8.00,1312,2.017,-9.537,4.595
8.00,1313,2.723,-3.435,4.408
8.00,1314,-3.408,-6.326,4.510
8.00,1315,2.723,-3.435,4.408
8.00,1316,2.879,8.030,-0.191
8.00,1317,6.323,-5.262,-0.219
8.00,1318,-5.239,7.488,9.698
8.00,1319,-8.848,4.523,4.481
8.00,1321,2.879,8.030,-0.191
8.00,1322,-4.162,8.536,-5.037
8.00,1323,3.188,4.297,-5.562
8.00,1324,-4.061,-6.966,9.293
8.00,1325,-7.648,-0.077,-0.179
8.00,1326,-3.333,-8.895,-5.366
8.00,1327,3.201,2.046,-10.737
8.00,1328,2.017,-9.537,4.595
8.00,1330,3.201,2.046,-10.737
8.00,1331,-7.648,-0.077,-0.179
8.00,1332,-10.133,-8.149,-5.632
8.00,1333,9.754,1.681,-5.489
8.00,1334,6.323,-5.262,-0.219
8.00,1335,1.549,8.438,-6.668
8.00,1337,3.115,1.476,9.231
8.00,1338,-3.408,-6.326,4.510
8.00,1339,1.549,8.438,-6.668
8.00,1341,8.957,1.437,4.707
8.00,1342,-0.912,-3.205,9.342
8.00,1343,9.754,1.681,-5.489
8.00,1344,-1.567,4.767,4.072
8.00,1346,9.754,1.681,-5.489
8.00,1347,3.989,-7.881,-5.933
8.00,1349,8.889,0.466,4.610
8.00,1350,-7.648,-0.077,-0.179
8.00,1353,-4.162,8.536,-5.037
8.00,1354,-3.408,-6.326,4.510
8.00,1355,1.549,8.438,-6.668
8.00,1356,8.889,0.466,4.610
8.00,1357,2.879,8.030,-0.191
8.00,1358,-3.408,-6.326,4.510
8.00,1360,4.053,1.250,4.242
8.00,1361,-7.648,-0.077,-0.179
8.00,1363,2.879,8.030,-0.191
8.00,1364,2.879,8.030,-0.191
8.00,1365,8.774,-8.605,3.304
8.00,1366,2.879,8.030,-0.191
8.00,1367,2.879,8.030,-0.191
8.00,1368,-7.648,-0.077,-0.179
8.00,1369,-8.848,4.523,4.481
8.00,1371,-8.908,0.039,-6.118
8.00,1372,-1.567,4.767,4.072
8.00,1373,-3.333,-8.895,-5.366
8.00,1374,2.723,-3.435,4.408
8.00,1375,-7.920,7.933,8.481
8.00,1376,2.816,4.041,4.678
8.00,1377,-7.648,-0.077,-0.179
8.00,1378,8.957,1.437,4.707
8.00,1380,-7.648,-0.077,-0.179
8.00,1381,-7.648,-0.077,-0.179
8.00,1382,4.053,1.250,4.242
8.00,1383,-8.908,0.039,-6.118
8.00,1384,2.017,-9.537,4.595
8.00,1385,-5.274,-6.977,-5.458
8.00,1386,3.989,-7.881,-5.933
8.00,1387,-7.648,-0.077,-0.179
8.00,1388,7.029,3.538,-0.169
8.00,1390,-4.499,8.181,4.459
8.00,1391,-3.408,-6.326,4.510
8.00,1392,1.549,8.438,-6.668
8.00,1393,-3.408,-6.326,4.510
8.00,1394,2.723,-3.435,4.408
8.00,1395,6.323,-5.262,-0.219
8.00,1396,-7.648,-0.077,-0.179
8.00,1397,2.879,8.030,-0.191
8.00,1398,6.323,-5.262,-0.219
8.00,1400,6.323,-5.262,-0.219
8.00,1401,-3.408,-6.326,4.510
8.00,1402,3.115,1.476,9.231
8.00,1403,-2.757,5.175,-4.980
8.00,1405,8.356,-0.883,-0.196
8.00,1406,-7.648,-0.077,-0.179
8.00,1407,-3.408,-6.326,4.510
8.00,1408,-8.494,3.826,-5.260
8.00,1409,-4.180,1.084,4.461
8.00,1410,4.053,1.250,4.242
8.00,1411,2.879,8.030,-0.191
8.00,1412,-5.904,5.803,4.474
8.00,1413,7.029,3.538,-0.169
8.00,1414,4.053,1.250,4.242
8.00,1416,2.723,-3.435,4.408
8.00,1417,-7.648,-0.077,-0.179
8.00,1418,-7.648,-0.077,-0.179
8.00,1419,9.754,1.681,-5.489
8.00,1420,-3.408,-6.326,4.510
8.00,1422,1.991,-3.787,-5.331
8.00,1423,-7.648,-0.077,-0.179
8.00,1424,2.983,-1.353,3.163
8.00,1425,-5.274,-6.977,-5.458
8.00,1426,-7.648,-0.077,-0.179
8.00,1427,-7.648,-0.077,-0.179
8.00,1429,2.723,-3.435,4.408
8.00,1430,-7.648,-0.077,-0.179
8.00,1431,3.201,2.046,-10.737
8.00,1433,-8.629,-8.365,3.732
8.00,1434,-7.648,-0.077,-0.179
8.00,1435,-4.499,8.181,4.459
8.00,1436,2.723,-3.435,4.408
8.00,1438,-6.173,7.372,-5.282
8.00,1439,9.920,9.056,-10.390
8.00,1440,-5.904,5.803,4.474
8.00,1441,2.017,-9.537,4.595
8.00,1443,2.723,-3.435,4.408
8.00,1444,6.811,-1.340,-5.542
8.00,1445,6.811,-1.340,-5.542
8.00,1446,-5.904,5.803,4.474
8.00,1447,-5.274,-6.977,-5.458
8.00,1448,-7.648,-0.077,-0.179
8.00,1449,-0.648,-3.782,-10.524
8.00,1450,-7.648,-0.077,-0.179
8.00,1452,2.879,8.030,-0.191
8.00,1453,2.017,-9.537,4.595
8.00,1454,2.879,8.030,-0.191
8.00,1455,-4.061,-6.966,9.293
8.00,1456,6.811,-1.340,-5.542
8.00,1457,2.879,8.030,-0.191
8.00,1458,-1.567,4.767,4.072
8.00,1462,-5.274,-6.977,-5.458
8.00,1463,-6.173,7.372,-5.282
8.00,1464,-5.274,-6.977,-5.458
8.00,1466,6.811,-1.340,-5.542
8.00,1467,3.201,2.046,-10.737
8.00,1469,-8.908,0.039,-6.118
8.00,1472,-5.904,5.803,4.474
8.00,1473,-5.239,7.488,9.698
8.00,1474,-0.648,-3.782,-10.524
8.00,1476,8.356,-0.883,-0.196
8.00,1477,8.889,0.466,4.610
8.00,1478,3.989,-7.881,-5.933
8.00,1479,-8.848,4.523,4.481
8.00,1481,8.172,5.666,4.420
8.00,1482,3.989,-7.881,-5.933
8.00,1483,-7.648,-0.077,-0.179
8.00,1484,6.323,-5.262,-0.219
8.00,1485,-7.648,-0.077,-0.179
8.00,1486,-7.648,-0.077,-0.179
8.00,1487,-0.191,3.384,-10.935
8.00,1488,-5.904,5.803,4.474
8.00,1489,2.879,8.030,-0.191
8.00,1490,-3.408,-6.326,4.510
8.00,1491,3.115,1.476,9.231
8.00,1493,-6.173,7.372,-5.282
8.00,1494,-0.912,-3.205,9.342
8.00,1496,-8.848,4.523,4.481
8.00,1497,-5.904,5.803,4.474
8.00,1498,3.201,2.046,-10.737
8.00,1499,-5.904,5.803,4.474
8.00,1500,-2.757,5.175,-4.980
8.00,1501,-5.239,7.488,9.698
8.00,1502,-7.920,7.933,8.481
8.00,1503,6.811,-1.340,-5.542
8.00,1504,-0.191,3.384,-10.935
8.00,1505,2.017,-9.537,4.595
8.00,1506,6.323,-5.262,-0.219
8.00,1507,-3.769,-0.221,-6.124
8.00,1508,6.323,-5.262,-0.219
8.00,1510,6.323,-5.262,-0.219
8.00,1511,8.172,5.666,4.420
8.00,1512,8.889,0.466,4.610
8.00,1514,6.811,-1.340,-5.542
8.00,1516,-3.408,-6.326,4.510
8.00,1517,8.172,5.666,4.420
8.00,1518,5.092,7.123,-6.358
8.00,1520,8.889,0.466,4.610
8.00,1521,-6.173,7.372,-5.282
8.00,1522,3.201,2.046,-10.737
8.00,1523,-3.769,-0.221,-6.124
8.00,1524,5.092,7.123,-6.358
8.00,1526,3.989,-7.881,-5.933
8.00,1527,8.172,5.666,4.420
8.00,1528,-2.757,5.175,-4.980
8.00,1529,8.957,1.437,4.707
8.00,1531,8.957,1.437,4.707
8.00,1532,-5.904,5.803,4.474
8.00,1534,-7.648,-0.077,-0.179
8.00,1535,-3.769,-0.221,-6.124
8.00,1536,-0.191,3.384,-10.935
8.00,1537,7.029,3.538,-0.169
8.00,1538,-3.247,1.559,9.296
8.00,1539,-7.648,-0.077,-0.179
8.00,1541,-7.648,-0.077,-0.179
8.00,1542,1.991,-3.787,-5.331
8.00,1543,3.989,-7.881,-5.933
8.00,1544,7.029,3.538,-0.169
8.00,1545,-2.757,5.175,-4.980
8.00,1546,-5.904,5.803,4.474
8.00,1547,-3.769,-0.221,-6.124
8.00,1548,7.029,3.538,-0.169
8.00,1549,-0.191,3.384,-10.935
8.00,1551,4.053,1.250,4.242
8.00,1552,-7.648,-0.077,-0.179
8.00,1553,3.188,4.297,-5.562
8.00,1554,-5.904,5.803,4.474
8.00,1555,6.811,-1.340,-5.542
8.00,1556,-7.648,-0.077,-0.179
8.00,1557,9.920,9.056,-10.390
8.00,1560,2.879,8.030,-0.191
8.00,1561,-8.629,-8.365,3.732
8.00,1562,2.879,8.030,-0.191
8.00,1563,5.092,7.123,-6.358
8.00,1565,2.723,-3.435,4.408
8.00,1566,-3.408,-6.326,4.510
8.00,1567,2.879,8.030,-0.191
8.00,1568,2.879,8.030,-0.191
8.00,1569,3.188,4.297,-5.562
8.00,1570,2.879,8.030,-0.191
8.00,1571,-8.494,3.826,-5.260
8.00,1572,-8.848,4.523,4.481
8.00,1573,8.172,5.666,4.420
8.00,1574,-7.648,-0.077,-0.179
8.00,1575,-3.769,-0.221,-6.124
8.00,1577,2.879,8.030,-0.191
8.00,1578,2.879,8.030,-0.191
8.00,1579,-4.061,-6.966,9.293
8.00,1580,-5.274,-6.977,-5.458
8.00,1581,-7.648,-0.077,-0.179
8.00,1582,-7.648,-0.077,-0.179
8.00,1583,1.549,8.438,-6.668
8.00,1584,9.754,1.681,-5.489
8.00,1585,-7.648,-0.077,-0.179
8.00,1586,-4.180,1.084,4.461
8.00,1587,8.356,-0.883,-0.196
8.00,1588,1.991,-3.787,-5.331
8.00,1590,-4.180,1.084,4.461
8.00,1591,-5.274,-6.977,-5.458
8.00,1592,-7.648,-0.077,-0.179
8.00,1593,-4.499,8.181,4.459
8.00,1594,-3.408,-6.326,4.510
8.00,1595,9.754,1.681,-5.489
8.00,1597,-7.648,-0.077,-0.179
8.00,1598,6.323,-5.262,-0.219
8.00,1599,2.879,8.030,-0.191
8.00,1600,7.868,-9.710,4.098
8.00,1601,-0.191,3.384,-10.935
8.00,1602,-4.180,1.084,4.461
8.00,1603,-0.912,-3.205,9.342
8.00,1604,2.879,8.030,-0.191
8.00,1605,2.879,8.030,-0.191
8.00,1606,-0.648,-3.782,-10.524
8.00,1607,8.356,-0.883,-0.196
8.00,1609,-6.173,7.372,-5.282
8.00,1610,-7.648,-0.077,-0.179
8.00,1611,-8.848,4.523,4.481
8.00,1612,-7.648,-0.077,-0.179
8.00,1614,1.991,-3.787,-5.331
8.00,1615,-3.141,-10.569,4.498
8.00,1616,6.323,-5.262,-0.219
8.00,1617,9.754,1.681,-5.489
8.00,1618,2.816,4.041,4.678
8.00,1619,6.323,-5.262,-0.219
8.00,1620,2.017,-9.537,4.595
8.00,1621,-1.567,4.767,4.072
8.00,1622,2.816,4.041,4.678
8.00,1624,2.017,-9.537,4.595
8.00,1625,-3.769,-0.221,-6.124
8.00,1626,-4.162,8.536,-5.037
8.00,1627,8.356,-0.883,-0.196
8.00,1628,-5.274,-6.977,-5.458
8.00,1629,8.889,0.466,4.610
8.00,1630,3.115,1.476,9.231
8.00,1631,5.092,7.123,-6.358
8.00,1632,6.323,-5.262,-0.219
8.00,1634,2.879,8.030,-0.191
8.00,1635,3.115,1.476,9.231
8.00,1636,-3.408,-6.326,4.510
8.00,1637,2.017,-9.537,4.595
8.00,1638,2.879,8.030,-0.191
8.00,1640,1.991,-3.787,-5.331
8.00,1642,-8.848,4.523,4.481
8.00,1643,-4.180,1.084,4.461
8.00,1644,3.201,2.046,-10.737
8.00,1646,8.957,1.437,4.707
8.00,1647,5.092,7.123,-6.358
8.00,1649,4.053,1.250,4.242
8.00,1650,-3.408,-6.326,4.510
8.00,1651,3.188,4.297,-5.562
8.00,1653,2.879,8.030,-0.191
8.00,1654,6.811,-1.340,-5.542
8.00,1655,-7.648,-0.077,-0.179
8.00,1656,-7.648,-0.077,-0.179
8.00,1657,3.201,2.046,-10.737
8.00,1658,-3.769,-0.221,-6.124
8.00,1659,2.723,-3.435,4.408
8.00,1661,-5.239,7.488,9.698
8.00,1663,-7.648,-0.077,-0.179
8.00,1665,-5.904,5.803,4.474
8.00,1666,-7.648,-0.077,-0.179
8.00,1669,-0.648,-3.782,-10.524
8.00,1670,-3.247,1.559,9.296
8.00,1672,-5.239,7.488,9.698
8.00,1673,-10.133,-8.149,-5.632
8.00,1674,2.879,8.030,-0.191
8.00,1675,2.723,-3.435,4.408
8.00,1677,-3.247,1.559,9.296
8.00,1678,-3.408,-6.326,4.510
8.00,1679,6.323,-5.262,-0.219
8.00,1680,-6.173,7.372,-5.282
8.00,1684,-3.408,-6.326,4.510
8.00,1685,2.879,8.030,-0.191
8.00,1686,-6.173,7.372,-5.282
8.00,1687,6.323,-5.262,-0.219
8.00,1688,-1.567,4.767,4.072
8.00,1689,3.115,1.476,9.231
8.00,1690,-5.274,-6.977,-5.458
8.00,1691,2.816,4.041,4.678
8.00,1692,-7.648,-0.077,-0.179
8.00,1693,8.774,-8.605,3.304
8.00,1694,2.879,8.030,-0.191
8.00,1695,-5.239,7.488,9.698
8.00,1696,3.989,-7.881,-5.933
8.00,1698,7.868,-9.710,4.098
8.00,1699,8.356,-0.883,-0.196
8.00,1700,3.115,1.476,9.231
8.00,1701,2.879,8.030,-0.191
8.00,1702,3.201,2.046,-10.737
8.00,1703,2.816,4.041,4.678
8.00,1704,-2.757,5.175,-4.980
8.00,1705,-7.648,-0.077,-0.179
8.00,1706,-3.247,1.559,9.296
8.00,1707,0.545,9.073,9.561
8.00,1708,-0.912,-3.205,9.342
8.00,1709,-7.648,-0.077,-0.179
8.00,1710,6.811,-1.340,-5.542
8.00,1711,7.029,3.538,-0.169
8.00,1712,-7.648,-0.077,-0.179
8.00,1713,8.808,0.603,9.589
8.00,1714,-4.061,-6.966,9.293
8.00,1715,-1.567,4.767,4.072
8.00,1716,-5.239,7.488,9.698
8.00,1717,8.356,-0.883,-0.196
8.00,1718,9.920,9.056,-10.390
8.00,1719,-5.904,5.803,4.474
8.00,1720,3.201,2.046,-10.737
8.00,1721,-5.904,5.803,4.474
8.00,1722,8.808,0.603,9.589
8.00,1723,5.092,7.123,-6.358
8.00,1725,-7.648,-0.077,-0.179
8.00,1726,9.920,9.056,-10.390
8.00,1727,-7.920,7.933,8.481
8.00,1729,-3.408,-6.326,4.510
8.00,1730,6.323,-5.262,-0.219
8.00,1731,8.356,-0.883,-0.196
8.00,1732,6.811,-1.340,-5.542
8.00,1734,8.957,1.437,4.707
8.00,1735,6.323,-5.262,-0.219
8.00,1736,8.889,0.466,4.610
8.00,1738,-7.648,-0.077,-0.179
8.00,1741,4.053,1.250,4.242
8.00,1742,-7.648,-0.077,-0.179
8.00,1743,0.545,9.073,9.561
8.00,1744,3.989,-7.881,-5.933
8.00,1745,2.816,4.041,4.678
8.00,1746,8.172,5.666,4.420
8.00,1749,-1.567,4.767,4.072
8.00,1751,-7.648,-0.077,-0.179
8.00,1753,2.879,8.030,-0.191
8.00,1754,2.879,8.030,-0.191
8.00,1755,6.323,-5.262,-0.219
8.00,1756,-7.648,-0.077,-0.179
8.00,1757,-5.904,5.803,4.474
8.00,1758,9.754,1.681,-5.489
8.00,1759,-3.333,-8.895,-5.366
8.00,1760,2.879,8.030,-0.191
8.00,1762,-7.648,-0.077,-0.179
8.00,1763,-3.247,1.559,9.296
8.00,1764,8.172,5.666,4.420
8.00,1765,2.879,8.030,-0.191
8.00,1766,-7.648,-0.077,-0.179
8.00,1767,-7.648,-0.077,-0.179
8.00,1768,8.889,0.466,4.610
8.00,1769,7.868,-9.710,4.098
8.00,1770,4.053,1.250,4.242
8.00,1771,-2.757,5.175,-4.980
8.00,1772,-8.908,0.039,-6.118
8.00,1773,2.879,8.030,-0.191
8.00,1774,-2.624,-11.165,9.056
8.00,1775,1.549,8.438,-6.668
8.00,1777,9.754,1.681,-5.489
8.00,1778,-3.769,-0.221,-6.124
8.00,1779,-3.408,-6.326,4.510
8.00,1780,-7.648,-0.077,-0.179
8.00,1781,2.879,8.030,-0.191
8.00,1782,-6.173,7.372,-5.282
8.00,1783,2.879,8.030,-0.191
8.00,1784,-4.061,-6.966,9.293
8.00,1785,2.879,8.030,-0.191
8.00,1787,7.868,-9.710,4.098
8.00,1788,-5.239,7.488,9.698
8.00,1789,-3.408,-6.326,4.510
8.00,1790,2.017,-9.537,4.595
8.00,1793,3.115,1.476,9.231
8.00,1794,-3.408,-6.326,4.510
8.00,1795,2.879,8.030,-0.191
8.00,1797,-3.408,-6.326,4.510
8.00,1798,9.920,9.056,-10.390
8.00,1799,2.879,8.030,-0.191
8.00,1800,-3.408,-6.326,4.510
8.00,1801,5.092,7.123,-6.358
8.00,1802,5.092,7.123,-6.358
8.00,1803,-4.061,-6.966,9.293
8.00,1804,-3.408,-6.326,4.510
8.00,1805,1.549,8.438,-6.668
8.00,1806,-3.247,1.559,9.296
8.00,1807,6.811,-1.340,-5.542
8.00,1808,3.115,1.476,9.231
8.00,1809,8.356,-0.883,-0.196
8.00,1810,-7.648,-0.077,-0.179
8.00,1811,3.989,-7.881,-5.933
8.00,1812,7.029,3.538,-0.169
8.00,1813,-0.912,-3.205,9.342
8.00,1814,9.754,1.681,-5.489
8.00,1815,-7.648,-0.077,-0.179
8.00,1816,1.549,8.438,-6.668
8.00,1817,5.092,7.123,-6.358
8.00,1818,8.172,5.666,4.420
8.00,1819,-8.908,0.039,-6.118
8.00,1820,-4.162,8.536,-5.037
8.00,1821,-8.908,0.039,-6.118
8.00,1822,6.323,-5.262,-0.219
8.00,1823,9.754,1.681,-5.489
8.00,1825,-6.173,7.372,-5.282
8.00,1826,-4.061,-6.966,9.293
8.00,1827,2.879,8.030,-0.191
8.00,1828,-8.908,0.039,-6.118
8.00,1829,2.816,4.041,4.678
8.00,1830,6.323,-5.262,-0.219
8.00,1831,2.017,-9.537,4.595
8.00,1832,6.323,-5.262,-0.219
8.00,1833,2.816,4.041,4.678
8.00,1834,6.811,-1.340,-5.542
8.00,1835,-0.912,-3.205,9.342
8.00,1836,-2.757,5.175,-4.980
8.00,1837,3.201,2.046,-10.737
8.00,1840,-7.648,-0.077,-0.179
8.00,1842,-0.191,3.384,-10.935
8.00,1843,-7.648,-0.077,-0.179
8.00,1844,3.201,2.046,-10.737
8.00,1845,-3.333,-8.895,-5.366
8.00,1846,2.017,-9.537,4.595
8.00,1847,8.889,0.466,4.610
8.00,1848,-3.408,-6.326,4.510
8.00,1850,5.092,7.123,-6.358
8.00,1851,-8.908,0.039,-6.118
8.00,1852,-7.648,-0.077,-0.179
8.00,1853,-2.757,5.175,-4.980
8.00,1854,7.029,3.538,-0.169
8.00,1855,3.188,4.297,-5.562
8.00,1856,2.879,8.030,-0.191
8.00,1858,-8.908,0.039,-6.118
8.00,1859,-8.848,4.523,4.481
8.00,1860,-8.908,0.039,-6.118
8.00,1861,6.323,-5.262,-0.219
8.00,1862,6.323,-5.262,-0.219
8.00,1863,2.879,8.030,-0.191
8.00,1864,-0.912,-3.205,9.342
8.00,1865,-1.567,4.767,4.072
8.00,1866,3.201,2.046,-10.737
8.00,1867,-6.173,7.372,-5.282
8.00,1871,-3.408,-6.326,4.510
8.00,1872,2.879,8.030,-0.191
8.00,1873,-4.499,8.181,4.459
8.00,1874,-5.274,-6.977,-5.458
8.00,1875,4.053,1.250,4.242
8.00,1876,7.029,3.538,-0.169
8.00,1877,4.053,1.250,4.242
8.00,1878,7.029,3.538,-0.169
8.00,1879,6.323,-5.262,-0.219
8.00,1880,8.889,0.466,4.610
8.00,1881,2.723,-3.435,4.408
8.00,1882,-7.648,-0.077,-0.179
8.00,1883,-7.648,-0.077,-0.179
8.00,1884,-7.648,-0.077,-0.179
8.00,1885,-3.408,-6.326,4.510
8.00,1886,2.879,8.030,-0.191
8.00,1887,-3.769,-0.221,-6.124
8.00,1888,-3.769,-0.221,-6.124
8.00,1889,8.957,1.437,4.707
8.00,1890,6.323,-5.262,-0.219
8.00,1891,1.090,-9.529,-5.385
8.00,1892,-7.920,7.933,8.481
8.00,1893,-5.904,5.803,4.474
8.00,1895,2.017,-9.537,4.595
8.00,1896,-1.567,4.767,4.072
8.00,1897,8.172,5.666,4.420
8.00,1898,-2.757,5.175,-4.980
8.00,1899,-8.629,-8.365,3.732
8.00,1900,2.017,-9.537,4.595
8.00,1901,-0.912,-3.205,9.342
8.00,1905,-7.648,-0.077,-0.179
8.00,1906,-1.567,4.767,4.072
8.00,1907,-0.912,-3.205,9.342
8.00,1908,-7.648,-0.077,-0.179
8.00,1910,-5.904,5.803,4.474
8.00,1911,8.172,5.666,4.420
8.00,1912,3.188,4.297,-5.562
8.00,1913,8.957,1.437,4.707
8.00,1915,-1.567,4.767,4.072
8.00,1916,-3.408,-6.326,4.510
8.00,1917,-3.769,-0.221,-6.124
8.00,1918,-3.247,1.559,9.296
8.00,1919,-8.494,3.826,-5.260
8.00,1921,-0.912,-3.205,9.342
8.00,1923,-4.061,-6.966,9.293
8.00,1924,3.115,1.476,9.231
8.00,1926,2.879,8.030,-0.191
8.00,1927,2.723,-3.435,4.408
8.00,1928,6.323,-5.262,-0.219
8.00,1930,1.991,-3.787,-5.331
8.00,1931,-7.648,-0.077,-0.179
8.00,1932,-5.274,-6.977,-5.458
8.00,1933,-0.191,3.384,-10.935
8.00,1935,-7.648,-0.077,-0.179
8.00,1936,2.879,8.030,-0.191
8.00,1937,-3.247,1.559,9.296
8.00,1938,-8.908,0.039,-6.118
8.00,1939,-7.648,-0.077,-0.179
8.00,1940,8.808,0.603,9.589
8.00,1941,-4.180,1.084,4.461
8.00,1942,7.868,-9.710,4.098
8.00,1943,-4.061,-6.966,9.293
8.00,1944,2.017,-9.537,4.595
8.00,1946,-6.173,7.372,-5.282
8.00,1947,4.053,1.250,4.242
8.00,1948,-1.567,4.767,4.072
8.00,1949,-3.408,-6.326,4.510
8.00,1950,1.090,-9.529,-5.385
8.00,1951,-7.648,-0.077,-0.179
8.00,1953,2.017,-9.537,4.595
8.00,1954,8.356,-0.883,-0.196
8.00,1956,-0.648,-3.782,-10.524
8.00,1957,-4.499,8.181,4.459
8.00,1958,-3.408,-6.326,4.510
8.00,1959,-7.648,-0.077,-0.179
8.00,1960,-3.408,-6.326,4.510
8.00,1961,8.356,-0.883,-0.196
8.00,1962,7.029,3.538,-0.169
8.00,1963,-5.274,-6.977,-5.458
8.00,1964,6.811,-1.340,-5.542
8.00,1965,-7.648,-0.077,-0.179
8.00,1966,-4.061,-6.966,9.293
8.00,1967,2.017,-9.537,4.595
8.00,1968,8.172,5.666,4.420
8.00,1970,-3.769,-0.221,-6.124
8.00,1971,8.172,5.666,4.420
8.00,1972,-3.408,-6.326,4.510
8.00,1973,-3.408,-6.326,4.510
8.00,1974,1.991,-3.787,-5.331
8.00,1975,-5.274,-6.977,-5.458
8.00,1976,-5.239,7.488,9.698
8.00,1977,2.017,-9.537,4.595
8.00,1979,-8.629,-8.365,3.732
8.00,1980,-5.274,-6.977,-5.458
8.00,1981,-3.408,-6.326,4.510
8.00,1983,-3.247,1.559,9.296
8.00,1984,2.879,8.030,-0.191
8.00,1985,2.983,-1.353,3.163
8.00,1986,-8.629,-8.365,3.732
8.00,1987,8.774,-8.605,3.304
8.00,1988,8.172,5.666,4.420
8.00,1989,-7.648,-0.077,-0.179
8.00,1990,-0.191,3.384,-10.935
8.00,1991,-7.648,-0.077,-0.179
8.00,1992,6.323,-5.262,-0.219
8.00,1993,8.172,5.666,4.420
8.00,1994,6.323,-5.262,-0.219
8.00,1995,3.188,4.297,-5.562
8.00,1996,-7.648,-0.077,-0.179
8.00,1997,-4.499,8.181,4.459
8.00,1998,-5.239,7.488,9.698
8.00,2000,-5.904,5.803,4.474
8.00,2001,-7.648,-0.077,-0.179
8.00,2002,3.989,-7.881,-5.933
8.00,2003,-3.408,-6.326,4.510
8.00,2004,2.879,8.030,-0.191
8.00,2005,-3.408,-6.326,4.510
8.00,2006,3.188,4.297,-5.562
8.00,2007,3.115,1.476,9.231
8.00,2008,2.017,-9.537,4.595
8.00,2009,2.017,-9.537,4.595
8.00,2010,7.029,3.538,-0.169
8.00,2011,2.879,8.030,-0.191
8.00,2013,2.723,-3.435,4.408
8.00,2014,6.323,-5.262,-0.219
8.00,2015,-7.648,-0.077,-0.179
8.00,2016,9.754,1.681,-5.489
8.00,2018,-1.567,4.767,4.072
8.00,2019,-6.173,7.372,-5.282
8.00,2020,-5.274,-6.977,-5.458
8.00,2021,8.957,1.437,4.707
8.00,2022,2.879,8.030,-0.191
8.00,2024,-7.648,-0.077,-0.179
8.00,2026,2.017,-9.537,4.595
8.00,2027,6.323,-5.262,-0.219
8.00,2028,6.811,-1.340,-5.542
8.00,2029,7.029,3.538,-0.169
8.00,2030,5.092,7.123,-6.358
8.00,2031,-3.769,-0.221,-6.124
8.00,2032,-4.180,1.084,4.461
8.00,2033,-7.648,-0.077,-0.179
8.00,2034,3.201,2.046,-10.737
8.00,2035,-7.648,-0.077,-0.179
8.00,2036,3.115,1.476,9.231
8.00,2037,-7.648,-0.077,-0.179
8.00,2038,-3.247,1.559,9.296
8.00,2041,6.323,-5.262,-0.219
8.00,2042,8.172,5.666,4.420
8.00,2043,-4.061,-6.966,9.293
8.00,2044,2.017,-9.537,4.595
8.00,2045,2.723,-3.435,4.408
8.00,2046,4.053,1.250,4.242
8.00,2047,-3.408,-6.326,4.510
8.00,2048,-3.247,1.559,9.296
8.00,2049,2.017,-9.537,4.595
8.00,2050,1.991,-3.787,-5.331
8.00,2053,3.188,4.297,-5.562
8.00,2054,5.092,7.123,-6.358
8.00,2055,8.172,5.666,4.420
8.00,2056,1.549,8.438,-6.668
8.00,2057,5.092,7.123,-6.358
8.00,2059,8.808,0.603,9.589
8.00,2060,8.356,-0.883,-0.196
8.00,2061,-4.180,1.084,4.461
8.00,2062,-1.567,4.767,4.072
8.00,2063,-4.180,1.084,4.461
8.00,2064,7.868,-9.710,4.098
8.00,2065,2.816,4.041,4.678
8.00,2066,-8.908,0.039,-6.118
8.00,2067,-3.408,-6.326,4.510
8.00,2069,9.754,1.681,-5.489
8.00,2070,-3.769,-0.221,-6.124
8.00,2071,6.323,-5.262,-0.219
8.00,2073,-7.648,-0.077,-0.179
8.00,2074,-2.757,5.175,-4.980
8.00,2075,-8.848,4.523,4.481
8.00,2076,9.754,1.681,-5.489
8.00,2077,-3.408,-6.326,4.510
8.00,2078,-1.567,4.767,4.072
8.00,2079,5.092,7.123,-6.358
8.00,2080,-8.848,4.523,4.481
8.00,2081,-4.499,8.181,4.459
8.00,2082,-8.629,-8.365,3.732
8.00,2083,-5.239,7.488,9.698
8.00,2084,-8.908,0.039,-6.118
8.00,2085,2.723,-3.435,4.408
8.00,2086,-5.274,-6.977,-5.458
8.00,2087,3.115,1.476,9.231
8.00,2088,6.811,-1.340,-5.542
8.00,2089,8.957,1.437,4.707
8.00,2090,-3.408,-6.326,4.510
8.00,2091,-7.648,-0.077,-0.179
8.00,2092,1.991,-3.787,-5.331
8.00,2093,-7.648,-0.077,-0.179
8.00,2095,9.754,1.681,-5.489
8.00,2096,-5.904,5.803,4.474
8.00,2097,3.115,1.476,9.231
8.00,2098,-7.648,-0.077,-0.179
8.00,2099,-3.408,-6.326,4.510
8.00,2102,-7.648,-0.077,-0.179
8.00,2103,-7.648,-0.077,-0.179
8.00,2104,-3.333,-8.895,-5.366
8.00,2105,-3.769,-0.221,-6.124
8.00,2106,-2.757,5.175,-4.980
8.00,2107,3.188,4.297,-5.562
8.00,2108,8.356,-0.883,-0.196
8.00,2109,-3.769,-0.221,-6.124
8.00,2111,6.811,-1.340,-5.542
8.00,2112,-1.567,4.767,4.072
8.00,2113,2.879,8.030,-0.191
8.00,2114,-7.648,-0.077,-0.179
8.00,2115,-5.274,-6.977,-5.458
8.00,2116,-7.648,-0.077,-0.179
8.00,2117,-3.408,-6.326,4.510
8.00,2118,-0.648,-3.782,-10.524
8.00,2119,-3.408,-6.326,4.510
8.00,2120,8.808,0.603,9.589
8.00,2121,-4.061,-6.966,9.293
8.00,2122,-7.648,-0.077,-0.179
8.00,2123,8.808,0.603,9.589
8.00,2124,-8.848,4.523,4.481
8.00,2126,6.323,-5.262,-0.219
8.00,2127,-1.567,4.767,4.072
8.00,2128,-3.247,1.559,9.296
8.00,2130,-6.173,7.372,-5.282
8.00,2132,9.920,9.056,-10.390
8.00,2133,2.017,-9.537,4.595
8.00,2134,8.957,1.437,4.707
8.00,2135,-7.648,-0.077,-0.179
8.00,2136,-0.648,-3.782,-10.524
8.00,2137,6.323,-5.262,-0.219
8.00,2138,-8.908,0.039,-6.118
8.00,2139,-1.567,4.767,4.072
8.00,2142,-4.162,8.536,-5.037
8.00,2143,-7.648,-0.077,-0.179
8.00,2144,6.323,-5.262,-0.219
8.00,2146,1.991,-3.787,-5.331
8.00,2147,8.774,-8.605,3.304
8.00,2148,2.879,8.030,-0.191
8.00,2149,1.549,8.438,-6.668
8.00,2150,-3.408,-6.326,4.510
8.00,2151,-4.162,8.536,-5.037
8.00,2152,7.029,3.538,-0.169
8.00,2154,-3.408,-6.326,4.510
8.00,2155,7.868,-9.710,4.098
8.00,2156,3.115,1.476,9.231
8.00,2157,-1.567,4.767,4.072
8.00,2158,2.879,8.030,-0.191
8.00,2159,2.816,4.041,4.678
8.00,2160,-4.499,8.181,4.459
8.00,2161,-5.904,5.803,4.474
8.00,2162,3.989,-7.881,-5.933
8.00,2163,-3.408,-6.326,4.510
8.00,2164,-4.180,1.084,4.461
8.00,2167,3.188,4.297,-5.562
8.00,2168,-7.648,-0.077,-0.179
8.00,2169,-8.848,4.523,4.481
8.00,2170,-1.567,4.767,4.072
8.00,2171,-8.908,0.039,-6.118
8.00,2172,-5.904,5.803,4.474
8.00,2173,2.723,-3.435,4.408
8.00,2174,2.723,-3.435,4.408
8.00,2175,-5.274,-6.977,-5.458
8.00,2176,2.723,-3.435,4.408
8.00,2177,-8.848,4.523,4.481
8.00,2178,8.808,0.603,9.589
8.00,2179,3.188,4.297,-5.562
8.00,2180,3.201,2.046,-10.737
8.00,2182,-7.648,-0.077,-0.179
8.00,2183,8.356,-0.883,-0.196
8.00,2184,5.092,7.123,-6.358
8.00,2185,9.754,1.681,-5.489
8.00,2186,1.549,8.438,-6.668
8.00,2187,-3.408,-6.326,4.510
8.00,2188,8.172,5.666,4.420
8.00,2190,6.323,-5.262,-0.219
8.00,2191,-7.648,-0.077,-0.179
8.00,2193,1.991,-3.787,-5.331
8.00,2194,-0.912,-3.205,9.342
8.00,2195,1.991,-3.787,-5.331
8.00,2196,1.991,-3.787,-5.331
8.00,2197,5.092,7.123,-6.358
8.00,2198,-7.648,-0.077,-0.179
8.00,2200,2.879,8.030,-0.191
8.00,2201,2.879,8.030,-0.191
8.00,2203,-7.648,-0.077,-0.179
8.00,2204,6.811,-1.340,-5.542
8.00,2205,3.115,1.476,9.231
8.00,2206,-3.408,-6.326,4.510
8.00,2207,1.991,-3.787,-5.331
8.00,2208,3.188,4.297,-5.562
8.00,2209,9.754,1.681,-5.489
8.00,2210,2.017,-9.537,4.595
8.00,2211,-7.648,-0.077,-0.179
8.00,2212,-7.648,-0.077,-0.179
8.00,2213,-6.173,7.372,-5.282
8.00,2216,-3.408,-6.326,4.510
8.00,2218,8.172,5.666,4.420
8.00,2219,-7.648,-0.077,-0.179
8.00,2220,5.092,7.123,-6.358
8.00,2221,-1.567,4.767,4.072
8.00,2222,-8.494,3.826,-5.260
8.00,2223,8.889,0.466,4.610
8.00,2224,2.879,8.030,-0.191
8.00,2225,3.201,2.046,-10.737
8.00,2227,-4.061,-6.966,9.293
8.00,2228,-7.648,-0.077,-0.179
8.00,2229,-7.648,-0.077,-0.179
8.00,2232,-5.274,-6.977,-5.458
8.00,2233,-8.908,0.039,-6.118
8.00,2234,-5.904,5.803,4.474
8.00,2235,6.323,-5.262,-0.219
8.00,2236,-7.648,-0.077,-0.179
8.00,2237,-7.648,-0.077,-0.179
8.00,2238,7.029,3.538,-0.169
8.00,2240,1.991,-3.787,-5.331
8.00,2241,-1.567,4.767,4.072
8.00,2242,-8.848,4.523,4.481
8.00,2243,-8.848,4.523,4.481
8.00,2244,8.889,0.466,4.610
8.00,2245,8.889,0.466,4.610
8.00,2246,3.188,4.297,-5.562
8.00,2248,-4.180,1.084,4.461
8.00,2249,7.029,3.538,-0.169
8.00,2250,6.323,-5.262,-0.219
8.00,2251,-3.408,-6.326,4.510
8.00,2252,-6.173,7.372,-5.282
8.00,2253,1.991,-3.787,-5.331
8.00,2254,-7.648,-0.077,-0.179
8.00,2255,6.323,-5.262,-0.219
8.00,2257,6.323,-5.262,-0.219
8.00,2258,-5.274,-6.977,-5.458
8.00,2259,-3.141,-10.569,4.498
8.00,2260,-3.333,-8.895,-5.366
8.00,2261,-1.567,4.767,4.072
8.00,2262,2.879,8.030,-0.191
8.00,2263,-4.162,8.536,-5.037
8.00,2264,8.957,1.437,4.707
8.00,2265,-0.912,-3.205,9.342
8.00,2266,0.545,9.073,9.561
8.00,2267,3.201,2.046,-10.737
8.00,2268,2.816,4.041,4.678
8.00,2269,8.172,5.666,4.420
8.00,2270,4.053,1.250,4.242
8.00,2273,6.323,-5.262,-0.219
8.00,2274,5.092,7.123,-6.358
8.00,2275,1.991,-3.787,-5.331
8.00,2277,5.092,7.123,-6.358
8.00,2278,-4.180,1.084,4.461
8.00,2279,6.811,-1.340,-5.542
8.00,2281,9.920,9.056,-10.390
8.00,2282,3.115,1.476,9.231
8.00,2283,2.879,8.030,-0.191
8.00,2284,6.323,-5.262,-0.219
8.00,2285,3.989,-7.881,-5.933
8.00,2286,-7.648,-0.077,-0.179
8.00,2287,8.356,-0.883,-0.196
8.00,2288,-5.904,5.803,4.474
8.00,2289,7.029,3.538,-0.169
8.00,2290,3.188,4.297,-5.562
8.00,2292,6.811,-1.340,-5.542
8.00,2293,2.879,8.030,-0.191
8.00,2294,1.991,-3.787,-5.331
8.00,2295,1.090,-9.529,-5.385
8.00,2296,-3.408,-6.326,4.510
8.00,2298,-3.769,-0.221,-6.124
8.00,2299,-8.908,0.039,-6.118
8.00,2300,4.053,1.250,4.242
8.00,2301,-3.333,-8.895,-5.366
8.00,2302,-2.757,5.175,-4.980
8.00,2304,2.816,4.041,4.678
8.00,2305,3.989,-7.881,-5.933
8.00,2306,6.811,-1.340,-5.542
8.00,2309,-5.904,5.803,4.474
8.00,2310,-8.629,-8.365,3.732
8.00,2311,-0.912,-3.205,9.342
8.00,2312,-3.333,-8.895,-5.366
8.00,2313,-3.408,-6.326,4.510
8.00,2314,4.053,1.250,4.242
8.00,2315,8.356,-0.883,-0.196
8.00,2316,-6.173,7.372,-5.282
8.00,2317,-6.173,7.372,-5.282
8.00,2318,6.811,-1.340,-5.542
8.00,2320,-5.274,-6.977,-5.458
8.00,2321,2.017,-9.537,4.595
8.00,2322,3.201,2.046,-10.737
8.00,2323,-8.629,-8.365,3.732
8.00,2325,3.188,4.297,-5.562
8.00,2326,8.172,5.666,4.420
8.00,2327,-3.408,-6.326,4.510
8.00,2328,2.879,8.030,-0.191
8.00,2329,-5.904,5.803,4.474
8.00,2330,-8.908,0.039,-6.118
8.00,2331,-3.408,-6.326,4.510
8.00,2332,-4.061,-6.966,9.293
8.00,2333,-3.769,-0.221,-6.124
8.00,2335,-7.648,-0.077,-0.179
8.00,2336,7.029,3.538,-0.169
8.00,2337,-5.274,-6.977,-5.458
8.00,2339,1.090,-9.529,-5.385
8.00,2340,5.092,7.123,-6.358
8.00,2341,-3.408,-6.326,4.510
8.00,2342,3.989,-7.881,-5.933
8.00,2343,-7.648,-0.077,-0.179
8.00,2344,-5.904,5.803,4.474
8.00,2345,-2.757,5.175,-4.980
8.00,2346,-2.757,5.175,-4.980
8.00,2347,-7.648,-0.077,-0.179
8.00,2348,-7.648,-0.077,-0.179
8.00,2349,-3.769,-0.221,-6.124
8.00,2350,3.115,1.476,9.231
8.00,2351,-3.247,1.559,9.296
8.00,2352,2.879,8.030,-0.191
8.00,2353,-5.274,-6.977,-5.458
8.00,2355,-7.648,-0.077,-0.179
8.00,2356,3.188,4.297,-5.562
8.00,2358,-1.567,4.767,4.072
8.00,2359,6.323,-5.262,-0.219
8.00,2360,-5.274,-6.977,-5.458
8.00,2361,-3.408,-6.326,4.510
8.00,2362,-7.648,-0.077,-0.179
8.00,2363,-1.567,4.767,4.072
8.00,2364,1.549,8.438,-6.668
8.00,2365,2.879,8.030,-0.191
8.00,2366,6.323,-5.262,-0.219
8.00,2367,-1.567,4.767,4.072
8.00,2368,2.017,-9.537,4.595
8.00,2369,2.983,-1.353,3.163
8.00,2371,-3.408,-6.326,4.510
8.00,2372,-7.648,-0.077,-0.179
8.00,2374,8.889,0.466,4.610
8.00,2375,-3.408,-6.326,4.510
8.00,2376,8.889,0.466,4.610
8.00,2377,1.991,-3.787,-5.331
8.00,2378,-8.848,4.523,4.481
8.00,2379,2.879,8.030,-0.191
8.00,2380,-7.648,-0.077,-0.179
8.00,2381,-0.912,-3.205,9.342
8.00,2382,2.879,8.030,-0.191
8.00,2383,-8.848,4.523,4.481
8.00,2384,9.754,1.681,-5.489
8.00,2385,-8.629,-8.365,3.732
8.00,2386,-3.408,-6.326,4.510
8.00,2387,8.172,5.666,4.420
8.00,2388,-10.133,-8.149,-5.632
8.00,2389,-1.567,4.767,4.072
8.00,2390,-5.239,7.488,9.698
8.00,2391,-7.648,-0.077,-0.179
8.00,2392,-1.567,4.767,4.072
8.00,2393,7.029,3.538,-0.169
8.00,2394,2.816,4.041,4.678
8.00,2396,6.323,-5.262,-0.219
8.00,2397,-7.648,-0.077,-0.179
8.00,2398,2.879,8.030,-0.191
8.00,2399,-5.274,-6.977,-5.458
8.00,2400,-6.173,7.372,-5.282
8.00,2402,1.991,-3.787,-5.331
8.00,2403,2.879,8.030,-0.191
8.00,2404,-5.274,-6.977,-5.458
8.00,2405,2.879,8.030,-0.191
8.00,2406,8.172,5.666,4.420
8.00,2408,2.983,-1.353,3.163
8.00,2409,-5.274,-6.977,-5.458
8.00,2410,2.879,8.030,-0.191
8.00,2411,2.879,8.030,-0.191
8.00,2412,-5.239,7.488,9.698
8.00,2414,-8.629,-8.365,3.732
8.00,2416,-5.274,-6.977,-5.458
8.00,2417,3.989,-7.881,-5.933
8.00,2418,-7.648,-0.077,-0.179
8.00,2419,2.879,8.030,-0.191
8.00,2420,-5.239,7.488,9.698
8.00,2422,6.323,-5.262,-0.219
8.00,2423,-3.247,1.559,9.296
8.00,2425,5.092,7.123,-6.358
8.00,2426,-5.274,-6.977,-5.458
8.00,2427,2.879,8.030,-0.191
8.00,2428,6.323,-5.262,-0.219
8.00,2429,7.029,3.538,-0.169
8.00,2430,-3.408,-6.326,4.510
8.00,2431,6.811,-1.340,-5.542
8.00,2432,2.879,8.030,-0.191
8.00,2433,8.957,1.437,4.707
8.00,2434,2.879,8.030,-0.191
8.00,2435,-7.648,-0.077,-0.179
8.00,2436,1.991,-3.787,-5.331
8.00,2437,8.356,-0.883,-0.196
8.00,2438,-4.180,1.084,4.461
8.00,2439,8.172,5.666,4.420
8.00,2440,8.172,5.666,4.420
8.00,2441,7.868,-9.710,4.098
8.00,2442,-4.162,8.536,-5.037
8.00,2445,3.201,2.046,-10.737
8.00,2446,1.549,8.438,-6.668
8.00,2447,3.188,4.297,-5.562
8.00,2449,-0.191,3.384,-10.935
8.00,2451,-7.648,-0.077,-0.179
8.00,2452,-5.274,-6.977,-5.458
8.00,2453,2.879,8.030,-0.191
8.00,2454,3.201,2.046,-10.737
8.00,2455,2.017,-9.537,4.595
8.00,2456,-3.247,1.559,9.296
8.00,2458,-6.173,7.372,-5.282
8.00,2459,-7.648,-0.077,-0.179
8.00,2460,5.092,7.123,-6.358
8.00,2462,2.983,-1.353,3.163
8.00,2463,6.323,-5.262,-0.219
8.00,2464,-1.567,4.767,4.072
8.00,2465,-8.848,4.523,4.481
8.00,2467,5.092,7.123,-6.358
8.00,2468,3.989,-7.881,-5.933
8.00,2469,4.053,1.250,4.242
8.00,2470,7.029,3.538,-0.169
8.00,2471,-8.629,-8.365,3.732
8.00,2472,-3.408,-6.326,4.510
8.00,2473,3.201,2.046,-10.737
8.00,2474,2.879,8.030,-0.191
8.00,2475,6.323,-5.262,-0.219
8.00,2476,8.889,0.466,4.610
8.00,2477,6.323,-5.262,-0.219
8.00,2479,8.356,-0.883,-0.196
8.00,2480,-7.648,-0.077,-0.179
8.00,2481,0.545,9.073,9.561
8.00,2483,8.172,5.666,4.420
8.00,2484,-8.848,4.523,4.481
8.00,2485,2.017,-9.537,4.595
8.00,2486,3.188,4.297,-5.562
8.00,2487,-6.173,7.372,-5.282
8.00,2488,2.723,-3.435,4.408
8.00,2489,-7.648,-0.077,-0.179
8.00,2490,2.017,-9.537,4.595
8.00,2491,-3.408,-6.326,4.510
8.00,2492,-0.191,3.384,-10.935
8.00,2493,-6.173,7.372,-5.282
8.00,2494,-4.061,-6.966,9.293
8.00,2495,2.879,8.030,-0.191
8.00,2496,3.989,-7.881,-5.933
8.00,2497,-1.567,4.767,4.072
8.00,2498,-8.629,-8.365,3.732
8.00,2499,-7.648,-0.077,-0.179
8.00,2500,-8.848,4.523,4.481
8.00,2502,2.879,8.030,-0.191
8.00,2503,2.983,-1.353,3.163
8.00,2504,-8.848,4.523,4.481
8.00,2505,6.811,-1.340,-5.542
8.00,2506,-0.912,-3.205,9.342
8.00,2507,-8.848,4.523,4.481
8.00,2508,-5.904,5.803,4.474
8.00,2509,8.356,-0.883,-0.196
8.00,2510,8.172,5.666,4.420
8.00,2511,1.090,-9.529,-5.385
8.00,2512,2.723,-3.435,4.408
8.00,2513,-3.769,-0.221,-6.124
8.00,2514,-6.173,7.372,-5.282
8.00,2515,8.356,-0.883,-0.196
8.00,2516,3.115,1.476,9.231
8.00,2517,8.172,5.666,4.420
8.00,2518,-8.908,0.039,-6.118
8.00,2519,2.879,8.030,-0.191
8.00,2520,-3.247,1.559,9.296
8.00,2521,-3.408,-6.326,4.510
8.00,2522,3.188,4.297,-5.562
8.00,2523,-7.648,-0.077,-0.179
8.00,2524,2.879,8.030,-0.191
8.00,2525,2.723,-3.435,4.408
8.00,2526,-3.333,-8.895,-5.366
8.00,2528,5.092,7.123,-6.358
8.00,2529,-8.908,0.039,-6.118
8.00,2530,2.879,8.030,-0.191
8.00,2531,2.879,8.030,-0.191
8.00,2532,2.017,-9.537,4.595
8.00,2533,7.029,3.538,-0.169
8.00,2535,1.991,-3.787,-5.331
8.00,2536,2.879,8.030,-0.191
8.00,2538,-1.567,4.767,4.072
8.00,2539,8.808,0.603,9.589
8.00,2540,1.549,8.438,-6.668
8.00,2541,-8.848,4.523,4.481
8.00,2542,2.879,8.030,-0.191
8.00,2543,9.754,1.681,-5.489
8.00,2544,-6.173,7.372,-5.282
8.00,2545,-5.904,5.803,4.474
8.00,2546,1.991,-3.787,-5.331
8.00,2548,-0.912,-3.205,9.342
8.00,2549,-7.648,-0.077,-0.179
8.00,2550,-5.904,5.803,4.474
8.00,2551,-7.648,-0.077,-0.179
8.00,2552,6.811,-1.340,-5.542
8.00,2553,2.879,8.030,-0.191
8.00,2554,7.029,3.538,-0.169
8.00,2555,-7.648,-0.077,-0.179
8.00,2557,-4.499,8.181,4.459
8.00,2558,8.808,0.603,9.589
8.00,2559,-3.408,-6.326,4.510
8.00,2560,2.816,4.041,4.678
8.00,2561,-3.333,-8.895,-5.366
8.00,2562,-5.239,7.488,9.698
8.00,2563,3.115,1.476,9.231
8.00,2564,-2.624,-11.165,9.056
8.00,2565,6.323,-5.262,-0.219
8.00,2566,-7.648,-0.077,-0.179
8.00,2567,-1.567,4.767,4.072
8.00,2568,2.017,-9.537,4.595
8.00,2569,8.889,0.466,4.610
8.00,2571,-0.191,3.384,-10.935
8.00,2572,2.816,4.041,4.678
8.00,2573,1.549,8.438,-6.668
8.00,2574,-5.239,7.488,9.698
8.00,2575,7.029,3.538,-0.169
8.00,2576,2.879,8.030,-0.191
8.00,2577,-1.567,4.767,4.072
8.00,2580,-5.239,7.488,9.698
8.00,2582,-8.494,3.826,-5.260
8.00,2583,-3.333,-8.895,-5.366
8.00,2584,-3.333,-8.895,-5.366
8.00,2586,2.017,-9.537,4.595
8.00,2587,-4.162,8.536,-5.037
8.00,2588,-7.648,-0.077,-0.179
8.00,2589,2.983,-1.353,3.163
8.00,2590,-5.274,-6.977,-5.458
8.00,2591,2.017,-9.537,4.595
8.00,2592,6.323,-5.262,-0.219
8.00,2593,8.889,0.466,4.610
8.00,2594,-7.648,-0.077,-0.179
8.00,2596,8.356,-0.883,-0.196
8.00,2597,-7.648,-0.077,-0.179
8.00,2599,2.879,8.030,-0.191
8.00,2600,6.323,-5.262,-0.219
8.00,2601,-7.648,-0.077,-0.179
8.00,2602,-7.648,-0.077,-0.179
8.00,2604,-7.648,-0.077,-0.179
8.00,2605,2.017,-9.537,4.595
8.00,2606,-3.333,-8.895,-5.366
8.00,2607,6.323,-5.262,-0.219
8.00,2608,-0.912,-3.205,9.342
8.00,2609,6.323,-5.262,-0.219
8.00,2610,-8.629,-8.365,3.732
8.00,2611,-8.908,0.039,-6.118
8.00,2612,1.991,-3.787,-5.331
8.00,2613,-7.648,-0.077,-0.179
8.00,2615,-5.274,-6.977,-5.458
8.00,2616,6.323,-5.262,-0.219
8.00,2617,2.879,8.030,-0.191
8.00,2618,-3.408,-6.326,4.510
8.00,2619,-3.408,-6.326,4.510
8.00,2620,-7.648,-0.077,-0.179
8.00,2621,-7.648,-0.077,-0.179
8.00,2622,-0.912,-3.205,9.342
8.00,2623,-7.648,-0.077,-0.179
8.00,2624,2.879,8.030,-0.191
8.00,2625,-0.912,-3.205,9.342
8.00,2626,-3.408,-6.326,4.510
8.00,2627,8.808,0.603,9.589
8.00,2628,6.811,-1.340,-5.542
8.00,2629,-7.648,-0.077,-0.179
8.00,2630,8.889,0.466,4.610
8.00,2631,8.808,0.603,9.589
8.00,2632,7.029,3.538,-0.169
8.00,2634,8.808,0.603,9.589
8.00,2636,-3.333,-8.895,-5.366
8.00,2638,3.989,-7.881,-5.933
8.00,2639,3.115,1.476,9.231
8.00,2640,-3.769,-0.221,-6.124
8.00,2641,3.188,4.297,-5.562
8.00,2642,5.092,7.123,-6.358
8.00,2644,3.188,4.297,-5.562
8.00,2645,4.053,1.250,4.242
8.00,2646,2.723,-3.435,4.408
8.00,2647,-1.567,4.767,4.072
8.00,2648,-3.769,-0.221,-6.124
8.00,2649,-7.648,-0.077,-0.179
8.00,2651,2.816,4.041,4.678
8.00,2652,1.549,8.438,-6.668
8.00,2653,3.188,4.297,-5.562
8.00,2654,-7.648,-0.077,-0.179
8.00,2655,-3.408,-6.326,4.510
8.00,2656,8.172,5.666,4.420
8.00,2657,-7.648,-0.077,-0.179
8.00,2658,-10.133,-8.149,-5.632
8.00,2659,-4.499,8.181,4.459
8.00,2660,3.115,1.476,9.231
8.00,2661,-7.648,-0.077,-0.179
8.00,2662,-0.648,-3.782,-10.524
8.00,2664,-0.648,-3.782,-10.524
8.00,2665,2.879,8.030,-0.191
8.00,2666,-6.173,7.372,-5.282
8.00,2667,-0.191,3.384,-10.935
8.00,2668,8.356,-0.883,-0.196
8.00,2669,-3.408,-6.326,4.510
8.00,2670,-7.648,-0.077,-0.179
8.00,2672,-7.648,-0.077,-0.179
8.00,2673,-5.904,5.803,4.474
8.00,2675,-3.769,-0.221,-6.124
8.00,2676,9.754,1.681,-5.489
8.00,2677,-2.757,5.175,-4.980
8.00,2678,-8.908,0.039,-6.118
8.00,2679,-5.274,-6.977,-5.458
8.00,2680,3.989,-7.881,-5.933
8.00,2681,9.920,9.056,-10.390
8.00,2682,2.723,-3.435,4.408
8.00,2683,-7.648,-0.077,-0.179
8.00,2684,-2.757,5.175,-4.980
8.00,2685,-1.567,4.767,4.072
8.00,2686,8.356,-0.883,-0.196
8.00,2687,-3.408,-6.326,4.510
8.00,2688,-5.904,5.803,4.474
8.00,2690,-8.908,0.039,-6.118
8.00,2691,-0.648,-3.782,-10.524
8.00,2692,-5.274,-6.977,-5.458
8.00,2693,-6.173,7.372,-5.282
8.00,2694,9.754,1.681,-5.489
8.00,2695,-7.648,-0.077,-0.179
8.00,2696,-6.173,7.372,-5.282
8.00,2697,1.991,-3.787,-5.331
8.00,2698,-0.648,-3.782,-10.524
8.00,2699,-2.757,5.175,-4.980
8.00,2700,-7.648,-0.077,-0.179
8.00,2702,2.879,8.030,-0.191
8.00,2703,2.879,8.030,-0.191
8.00,2704,-3.247,1.559,9.296
8.00,2705,-1.567,4.767,4.072
8.00,2706,-7.648,-0.077,-0.179
8.00,2707,-10.133,-8.149,-5.632
8.00,2708,-4.180,1.084,4.461
8.00,2709,-7.920,7.933,8.481
8.00,2710,-3.408,-6.326,4.510
8.00,2711,6.323,-5.262,-0.219
8.00,2712,2.879,8.030,-0.191
8.00,2713,2.017,-9.537,4.595
8.00,2714,-4.162,8.536,-5.037
8.00,2715,3.115,1.476,9.231
8.00,2716,1.549,8.438,-6.668
8.00,2717,-3.408,-6.326,4.510
8.00,2718,-4.180,1.084,4.461
8.00,2719,-6.173,7.372,-5.282
8.00,2720,2.879,8.030,-0.191
8.00,2721,8.172,5.666,4.420
8.00,2722,-7.648,-0.077,-0.179
8.00,2723,-8.629,-8.365,3.732
8.00,2724,6.811,-1.340,-5.542
8.00,2727,6.811,-1.340,-5.542
8.00,2728,3.201,2.046,-10.737
8.00,2730,6.323,-5.262,-0.219
8.00,2731,-4.499,8.181,4.459
8.00,2732,-6.173,7.372,-5.282
8.00,2733,2.879,8.030,-0.191
8.00,2734,-8.629,-8.365,3.732
8.00,2735,2.879,8.030,-0.191
8.00,2736,-8.848,4.523,4.481
8.00,2737,-3.769,-0.221,-6.124
8.00,2738,2.879,8.030,-0.191
8.00,2740,-8.848,4.523,4.481
8.00,2741,-7.648,-0.077,-0.179
8.00,2744,8.889,0.466,4.610
8.00,2746,-5.904,5.803,4.474
8.00,2747,2.816,4.041,4.678
8.00,2748,7.868,-9.710,4.098
8.00,2749,-3.408,-6.326,4.510
8.00,2750,1.090,-9.529,-5.385
8.00,2751,-1.567,4.767,4.072
8.00,2752,2.879,8.030,-0.191
8.00,2753,-3.408,-6.326,4.510
8.00,2755,3.188,4.297,-5.562
8.00,2756,-5.239,7.488,9.698
8.00,2757,-7.648,-0.077,-0.179
8.00,2759,-1.567,4.767,4.072
8.00,2760,-5.274,-6.977,-5.458
8.00,2761,-5.274,-6.977,-5.458
8.00,2762,7.029,3.538,-0.169
8.00,2763,-3.247,1.559,9.296
8.00,2764,8.172,5.666,4.420
8.00,2765,8.172,5.666,4.420
8.00,2766,-3.408,-6.326,4.510
8.00,2767,-3.408,-6.326,4.510
8.00,2768,8.889,0.466,4.610
8.00,2769,-5.904,5.803,4.474
8.00,2770,-7.648,-0.077,-0.179
8.00,2771,1.549,8.438,-6.668
8.00,2772,-1.567,4.767,4.072
8.00,2773,-6.173,7.372,-5.282
8.00,2774,-7.648,-0.077,-0.179
8.00,2775,-4.180,1.084,4.461
8.00,2776,-8.908,0.039,-6.118
8.00,2777,3.201,2.046,-10.737
8.00,2778,8.356,-0.883,-0.196
8.00,2779,8.172,5.666,4.420
8.00,2780,-6.173,7.372,-5.282
8.00,2781,-1.567,4.767,4.072
8.00,2782,-7.648,-0.077,-0.179
8.00,2783,-1.567,4.767,4.072
8.00,2785,1.991,-3.787,-5.331
8.00,2786,3.989,-7.881,-5.933
8.00,2787,-6.173,7.372,-5.282
8.00,2788,-4.499,8.181,4.459
8.00,2789,3.201,2.046,-10.737
8.00,2790,2.816,4.041,4.678
8.00,2791,4.053,1.250,4.242
8.00,2792,0.545,9.073,9.561
8.00,2793,6.811,-1.340,-5.542
8.00,2794,1.991,-3.787,-5.331
8.00,2795,-6.173,7.372,-5.282
8.00,2796,-3.247,1.559,9.296
8.00,2797,2.879,8.030,-0.191
8.00,2798,-3.333,-8.895,-5.366
8.00,2800,4.053,1.250,4.242
8.00,2801,-5.274,-6.977,-5.458
8.00,2802,3.188,4.297,-5.562
8.00,2803,-7.648,-0.077,-0.179
8.00,2804,-8.908,0.039,-6.118
8.00,2805,6.323,-5.262,-0.219
8.00,2806,-4.061,-6.966,9.293
8.00,2807,-3.408,-6.326,4.510
8.00,2809,6.323,-5.262,-0.219
8.00,2810,-3.408,-6.326,4.510
8.00,2812,-8.629,-8.365,3.732
8.00,2813,2.879,8.030,-0.191
8.00,2814,-4.162,8.536,-5.037
8.00,2816,8.889,0.466,4.610
8.00,2818,-7.648,-0.077,-0.179
8.00,2819,-7.648,-0.077,-0.179
8.00,2821,1.549,8.438,-6.668
8.00,2822,6.323,-5.262,-0.219
8.00,2823,2.879,8.030,-0.191
8.00,2824,-5.274,-6.977,-5.458
8.00,2825,8.172,5.666,4.420
8.00,2827,6.323,-5.262,-0.219
8.00,2828,2.017,-9.537,4.595
8.00,2829,2.983,-1.353,3.163
8.00,2830,-8.629,-8.365,3.732
8.00,2831,6.323,-5.262,-0.219
8.00,2833,8.774,-8.605,3.304
8.00,2834,1.991,-3.787,-5.331
8.00,2835,-3.408,-6.326,4.510
8.00,2838,-7.648,-0.077,-0.179
8.00,2839,-7.648,-0.077,-0.179
8.00,2840,1.549,8.438,-6.668
8.00,2841,-5.274,-6.977,-5.458
8.00,2842,-5.904,5.803,4.474
8.00,2843,2.879,8.030,-0.191
8.00,2844,2.879,8.030,-0.191
8.00,2845,-6.173,7.372,-5.282
8.00,2846,-6.173,7.372,-5.282
8.00,2847,2.879,8.030,-0.191
8.00,2848,-4.180,1.084,4.461
8.00,2849,3.201,2.046,-10.737
8.00,2851,-3.408,-6.326,4.510
8.00,2852,3.115,1.476,9.231
8.00,2853,-6.173,7.372,-5.282
8.00,2854,-4.499,8.181,4.459
8.00,2855,1.549,8.438,-6.668
8.00,2856,-5.274,-6.977,-5.458
8.00,2857,6.323,-5.262,-0.219
8.00,2858,2.816,4.041,4.678
8.00,2859,-7.648,-0.077,-0.179
8.00,2860,2.879,8.030,-0.191
8.00,2861,-3.408,-6.326,4.510
8.00,2862,-1.567,4.767,4.072
8.00,2863,8.172,5.666,4.420
8.00,2864,-3.247,1.559,9.296
8.00,2865,3.188,4.297,-5.562
8.00,2866,1.991,-3.787,-5.331
8.00,2867,3.188,4.297,-5.562
8.00,2868,8.957,1.437,4.707
8.00,2869,-3.408,-6.326,4.510
8.00,2870,1.991,-3.787,-5.331
8.00,2871,-8.629,-8.365,3.732
8.00,2872,8.808,0.603,9.589
8.00,2873,2.723,-3.435,4.408
8.00,2874,-8.848,4.523,4.481
8.00,2875,8.889,0.466,4.610
8.00,2876,2.017,-9.537,4.595
8.00,2877,-8.848,4.523,4.481
8.00,2878,-0.648,-3.782,-10.524
8.00,2880,-1.567,4.767,4.072
8.00,2881,6.811,-1.340,-5.542
8.00,2882,-5.274,-6.977,-5.458
8.00,2883,0.545,9.073,9.561
8.00,2885,3.115,1.476,9.231
8.00,2886,-5.274,-6.977,-5.458
8.00,2887,7.029,3.538,-0.169
8.00,2888,-1.567,4.767,4.072
8.00,2889,2.017,-9.537,4.595
8.00,2890,-7.648,-0.077,-0.179
8.00,2891,2.816,4.041,4.678
8.00,2892,-5.239,7.488,9.698
8.00,2893,2.879,8.030,-0.191
8.00,2894,0.545,9.073,9.561
8.00,2895,2.879,8.030,-0.191
8.00,2896,8.957,1.437,4.707
8.00,2897,-8.494,3.826,-5.260
8.00,2898,8.808,0.603,9.589
8.00,2899,-8.629,-8.365,3.732
8.00,2900,3.201,2.046,-10.737
8.00,2901,-4.499,8.181,4.459
8.00,2902,5.092,7.123,-6.358
8.00,2903,6.323,-5.262,-0.219
8.00,2904,3.115,1.476,9.231
8.00,2905,3.115,1.476,9.231
8.00,2906,2.017,-9.537,4.595
8.00,2907,-7.648,-0.077,-0.179
8.00,2908,-7.648,-0.077,-0.179
8.00,2909,-7.648,-0.077,-0.179
8.00,2910,1.549,8.438,-6.668
8.00,2911,-5.274,-6.977,-5.458
8.00,2912,-0.191,3.384,-10.935
8.00,2913,-1.567,4.767,4.072
8.00,2915,-5.904,5.803,4.474
8.00,2916,6.323,-5.262,-0.219
8.00,2918,-7.648,-0.077,-0.179
8.00,2919,-8.908,0.039,-6.118
8.00,2921,7.868,-9.710,4.098
8.00,2922,2.879,8.030,-0.191
8.00,2923,2.816,4.041,4.678
8.00,2924,3.989,-7.881,-5.933
8.00,2925,-8.848,4.523,4.481
8.00,2926,1.991,-3.787,-5.331
8.00,2927,-8.848,4.523,4.481
8.00,2929,5.092,7.123,-6.358
8.00,2930,3.201,2.046,-10.737
8.00,2931,-8.908,0.039,-6.118
8.00,2932,5.092,7.123,-6.358
8.00,2933,-3.247,1.559,9.296
8.00,2934,-7.648,-0.077,-0.179
8.00,2935,8.957,1.437,4.707
8.00,2936,-2.757,5.175,-4.980
8.00,2937,-5.274,-6.977,-5.458
8.00,2938,-3.408,-6.326,4.510
8.00,2939,7.868,-9.710,4.098
8.00,2940,2.879,8.030,-0.191
8.00,2942,7.868,-9.710,4.098
8.00,2943,-10.133,-8.149,-5.632
8.00,2944,-1.567,4.767,4.072
8.00,2945,-3.408,-6.326,4.510
8.00,2946,2.879,8.030,-0.191
8.00,2948,-7.648,-0.077,-0.179
8.00,2949,-7.648,-0.077,-0.179
8.00,2950,-3.769,-0.221,-6.124
8.00,2951,-1.567,4.767,4.072
8.00,2952,-2.757,5.175,-4.980
8.00,2953,7.029,3.538,-0.169
8.00,2955,-10.133,-8.149,-5.632
8.00,2956,-7.648,-0.077,-0.179
8.00,2957,-7.648,-0.077,-0.179
8.00,2958,-5.239,7.488,9.698
8.00,2959,-8.908,0.039,-6.118
8.00,2960,-3.769,-0.221,-6.124
8.00,2961,-4.061,-6.966,9.293
8.00,2962,2.017,-9.537,4.595
8.00,2963,1.549,8.438,-6.668
8.00,2964,-5.274,-6.977,-5.458
8.00,2965,9.920,9.056,-10.390
8.00,2966,-7.648,-0.077,-0.179
8.00,2967,6.317,6.826,9.518
8.00,2968,8.172,5.666,4.420
8.00,2969,3.115,1.476,9.231
8.00,2970,3.188,4.297,-5.562
8.00,2971,-7.648,-0.077,-0.179
8.00,2972,-3.408,-6.326,4.510
8.00,2973,8.889,0.466,4.610
8.00,2974,-1.567,4.767,4.072
8.00,2975,1.991,-3.787,-5.331
8.00,2976,6.811,-1.340,-5.542
8.00,2977,-5.904,5.803,4.474
8.00,2978,-4.180,1.084,4.461
8.00,2979,-0.912,-3.205,9.342
8.00,2980,-8.629,-8.365,3.732
8.00,2981,-7.648,-0.077,-0.179
8.00,2982,2.879,8.030,-0.191
8.00,2984,2.879,8.030,-0.191
8.00,2985,5.092,7.123,-6.358
8.00,2986,2.879,8.030,-0.191
8.00,2987,3.201,2.046,-10.737
8.00,2988,-4.180,1.084,4.461
8.00,2989,3.201,2.046,-10.737
8.00,2990,-0.648,-3.782,-10.524
8.00,2991,2.879,8.030,-0.191
8.00,2992,-7.648,-0.077,-0.179
8.00,2993,2.879,8.030,-0.191
8.00,2994,-8.908,0.039,-6.118
8.00,2996,6.323,-5.262,-0.219
8.00,2997,-8.908,0.039,-6.118
8.00,2998,8.356,-0.883,-0.196
8.00,2999,2.879,8.030,-0.191
