t_s,grain,x_mm,y_mm,z_mm
0.00,0,7.987,1.921,-9.425
0.00,1,8.263,5.063,0.610
0.00,2,7.546,-6.015,0.434
0.00,3,-3.693,1.191,3.166
0.00,4,8.051,5.891,-1.213
0.00,5,8.934,0.924,0.370
0.00,6,-7.880,-7.863,8.529
0.00,7,3.960,-9.070,0.165
0.00,8,1.535,6.307,-7.300
0.00,9,-6.750,-5.464,7.492
0.00,10,0.344,1.434,-4.923
0.00,11,-8.326,-0.886,-5.452
0.00,12,-7.456,3.117,-6.360
0.00,13,1.489,-4.425,8.867
0.00,14,2.082,-3.598,6.653
0.00,15,-7.421,-4.904,-4.381
0.00,16,-5.449,-4.094,-6.701
0.00,17,7.054,-5.370,-3.286
0.00,18,5.293,3.478,4.519
0.00,19,-5.009,1.784,-0.072
0.00,20,-9.036,-0.710,3.450
0.00,21,-9.296,-6.895,4.155
0.00,22,-2.220,-5.208,-8.672
0.00,23,7.606,-6.018,-5.009
0.00,24,1.559,0.601,-4.030
0.00,25,4.351,1.055,-0.649
0.00,26,-2.516,0.774,-3.090
0.00,27,-0.592,-4.038,7.214
0.00,28,-0.757,5.019,-3.724
0.00,29,-6.285,3.635,-4.552
0.00,30,5.156,-1.173,-3.256
0.00,31,-3.863,-0.692,6.844
0.00,32,6.669,4.613,3.648
0.00,33,-4.409,-7.673,7.486
0.00,34,-1.484,-4.676,5.846
0.00,35,6.315,-3.497,-0.368
0.00,36,-6.001,-5.234,4.326
0.00,37,2.907,-5.929,1.499
0.00,38,-6.550,-7.076,8.367
0.00,39,0.760,-7.799,6.652
0.00,40,-6.748,3.373,7.122
0.00,41,-4.454,2.554,2.216
0.00,42,5.154,2.339,-4.876
0.00,43,9.657,7.906,3.185
0.00,44,-8.211,-8.518,3.096
0.00,45,-4.633,-9.071,-2.184
0.00,46,-5.144,4.791,-6.695
0.00,47,-3.257,-9.620,6.667
0.00,48,-9.672,5.697,-7.933
0.00,49,1.607,6.315,-8.142
0.00,50,8.937,-7.185,-8.561
0.00,51,5.036,-5.980,-2.779
0.00,52,2.317,9.677,-8.521
0.00,53,-4.695,2.700,-3.445
0.00,54,3.584,9.514,-4.863
0.00,55,-8.739,2.235,5.227
0.00,56,3.170,4.277,8.487
0.00,57,9.688,-4.271,3.778
0.00,58,5.885,7.952,-4.091
0.00,59,6.105,-1.503,3.578
0.00,60,-2.323,1.638,7.786
0.00,61,-9.474,4.557,-8.122
0.00,62,-9.298,0.881,8.593
0.00,63,-4.568,3.835,-0.365
0.00,64,-4.698,4.637,5.329
0.00,65,-3.646,-6.345,-7.111
0.00,66,-0.406,9.050,0.897
0.00,67,-1.271,-4.769,-6.481
0.00,68,2.036,8.327,-0.126
0.00,69,-2.506,-1.605,1.277
0.00,70,9.149,4.179,-5.221
0.00,71,-2.336,5.616,6.244
0.00,72,-5.282,-2.985,1.799
0.00,73,-4.112,-6.477,1.410
0.00,74,-1.053,-9.496,-8.327
0.00,75,-9.245,-5.758,4.498
0.00,76,-1.757,5.614,5.153
0.00,77,-6.096,-2.491,-7.550
0.00,78,-0.277,5.593,-7.029
0.00,79,9.160,-2.127,-8.337
0.00,80,-8.911,0.136,-9.104
0.00,81,2.769,2.140,0.629
0.00,82,-1.438,-7.880,7.497
0.00,83,-6.693,2.484,6.731
0.00,84,-2.512,-6.218,-2.629
0.00,85,-3.467,0.755,3.915
0.00,86,5.428,-0.743,4.393
0.00,87,4.209,-9.479,-5.637
0.00,88,-5.380,-1.869,-3.520
0.00,89,1.305,4.196,1.395
0.00,90,5.451,-0.802,-4.079
0.00,91,-2.874,1.709,-4.856
0.00,92,-2.547,0.427,8.978
0.00,93,7.406,-6.059,6.747
0.00,94,-4.912,6.322,-5.042
0.00,95,0.887,-8.350,-6.824
0.00,96,3.324,2.169,9.048
0.00,97,-8.009,-2.164,-4.092
0.00,98,-9.252,-8.770,-3.047
0.00,99,-7.273,-3.705,-0.969
0.00,100,0.360,-1.696,-4.358
0.00,101,8.555,2.090,-8.978
0.00,102,0.871,-3.066,-4.296
0.00,103,5.618,1.708,6.478
0.00,104,-6.199,1.624,7.331
0.00,105,-4.158,-4.547,-4.668
0.00,106,-3.930,8.724,8.096
0.00,107,-6.840,5.061,4.271
0.00,108,7.111,-6.236,2.526
0.00,109,2.166,3.443,9.188
0.00,110,-3.610,9.038,5.924
0.00,111,-3.668,9.731,2.487
0.00,112,1.759,-2.564,-2.320
0.00,113,-6.262,-2.031,-8.938
0.00,114,-4.811,-5.609,-0.001
0.00,115,2.766,1.295,1.246
0.00,116,8.702,-7.155,-2.263
0.00,117,-2.639,-1.837,9.292
0.00,118,-1.334,-1.484,5.632
0.00,119,-7.688,-8.783,-0.463
0.00,120,-2.601,-8.766,-7.726
0.00,121,1.970,-7.590,-2.183
0.00,122,-7.962,0.991,7.989
0.00,123,-2.712,4.518,-1.476
0.00,124,7.348,-0.171,6.283
0.00,125,7.830,6.900,9.302
0.00,126,-1.719,2.265,4.729
0.00,127,2.043,1.322,1.558
0.00,128,9.050,-9.478,1.103
0.00,129,-5.277,-1.767,7.002
0.00,130,0.678,0.279,8.220
0.00,131,-4.908,0.936,-9.488
0.00,132,-5.502,5.525,3.969
0.00,133,-9.214,2.272,-3.506
0.00,134,9.090,7.246,7.722
0.00,135,-1.606,-7.182,-1.815
0.00,136,2.066,1.953,-5.318
0.00,137,-7.106,-5.531,-3.221
0.00,138,2.808,-6.405,0.379
0.00,139,4.042,-9.564,-2.426
0.00,140,1.685,6.841,6.210
0.00,141,2.303,0.293,7.866
0.00,142,-3.818,-3.346,4.204
0.00,143,-7.435,2.714,0.299
0.00,144,2.503,-4.061,-9.086
0.00,145,-2.450,-1.497,-7.140
0.00,146,2.259,-6.576,-3.603
0.00,147,-7.032,-2.433,6.164
0.00,148,-8.114,-8.157,3.411
0.00,149,-2.454,4.051,-5.846
0.00,150,4.253,-4.261,6.712
0.00,151,6.123,4.392,4.499
0.00,152,6.241,-1.833,5.135
0.00,153,-3.230,-3.064,-5.410
0.00,154,-9.600,0.740,-0.769
0.00,155,0.232,3.450,5.909
0.00,156,3.216,8.671,-7.917
0.00,157,6.191,3.740,7.293
0.00,158,-8.288,-4.467,5.092
0.00,159,-0.404,-3.996,-6.034
0.00,160,5.908,-6.994,-1.808
0.00,161,2.752,6.567,-3.364
0.00,162,-8.168,3.593,7.056
0.00,163,3.424,-6.021,-9.542
0.00,164,-7.967,-6.069,0.122
0.00,165,1.554,7.261,7.396
0.00,166,-3.297,1.065,-5.166
0.00,167,1.558,4.021,-3.928
0.00,168,-2.150,-6.068,-4.214
0.00,169,-2.828,-9.280,-7.985
0.00,170,8.025,-2.051,-4.408
0.00,171,2.955,-5.739,-6.521
0.00,172,-7.228,0.780,8.756
0.00,173,0.964,1.970,-0.282
0.00,174,6.791,-0.098,-5.947
0.00,175,7.807,-8.661,0.250
0.00,176,6.596,1.681,8.430
0.00,177,1.637,-1.591,9.304
0.00,178,1.835,-4.631,7.779
0.00,179,1.428,8.815,2.710
0.00,180,-4.864,-5.653,-8.535
0.00,181,7.199,7.774,3.679
0.00,182,-5.226,0.449,6.418
0.00,183,0.374,-9.522,2.567
0.00,184,-6.943,-3.440,0.092
0.00,185,3.904,-4.330,1.840
0.00,186,-8.949,5.840,-9.252
0.00,187,-9.147,-4.439,0.277
0.00,188,5.692,-5.055,-4.537
0.00,189,8.888,1.430,-4.129
0.00,190,-6.063,8.440,5.023
0.00,191,1.423,-1.658,6.959
0.00,192,6.731,7.260,-8.071
0.00,193,-5.727,8.982,-5.054
0.00,194,1.277,-5.628,5.641
0.00,195,-5.917,8.210,-8.580
0.00,196,-8.009,1.174,5.212
0.00,197,-3.737,5.103,4.511
0.00,198,7.104,-6.748,7.801
0.00,199,-7.207,-5.775,2.483
0.00,200,6.783,-5.061,-4.816
0.00,201,2.552,-9.258,-8.007
0.00,202,-0.175,9.277,-4.054
0.00,203,-3.937,-0.758,-7.606
0.00,204,-2.219,-3.236,-3.541
0.00,205,-8.793,7.138,-0.025
0.00,206,4.082,3.884,4.270
0.00,207,-8.022,-7.719,3.063
0.00,208,-7.998,5.196,2.700
0.00,209,4.994,6.117,5.577
0.00,210,-6.087,1.050,9.429
0.00,211,-6.021,2.420,-9.718
0.00,212,6.967,7.599,5.974
0.00,213,-0.835,1.296,-2.942
0.00,214,8.277,-7.226,6.619
0.00,215,3.595,-9.622,5.495
0.00,216,-1.222,8.341,6.626
0.00,217,-4.746,-7.070,6.188
0.00,218,-8.776,-5.108,0.077
0.00,219,2.307,3.874,-3.224
0.00,220,-3.076,-7.619,-2.416
0.00,221,5.894,-5.783,-3.784
0.00,222,-8.939,-3.468,6.856
0.00,223,-9.169,-1.004,-5.074
0.00,224,-6.226,-6.278,5.073
0.00,225,-6.368,-7.792,-4.800
0.00,226,4.685,5.869,-7.687
0.00,227,-5.019,-4.254,-2.603
0.00,228,-4.374,-2.980,-1.841
0.00,229,-8.559,0.320,7.555
0.00,230,-5.074,8.217,1.288
0.00,231,8.606,5.117,-9.178
0.00,232,8.525,8.307,5.342
0.00,233,6.230,-7.658,-9.748
0.00,234,7.792,8.039,-5.633
0.00,235,4.786,7.847,-5.094
0.00,236,-4.407,5.670,2.197
0.00,237,2.378,0.578,-9.347
0.00,238,5.352,-9.128,6.977
0.00,239,-5.298,4.489,-0.772
0.00,240,2.017,-2.621,4.934
0.00,241,6.168,-0.798,-0.205
0.00,242,9.464,-0.376,5.958
0.00,243,9.560,-3.395,-0.888
0.00,244,2.167,-8.591,1.643
0.00,245,-4.513,-0.722,-0.121
0.00,246,-7.933,-3.222,2.247
0.00,247,7.445,-8.745,5.787
0.00,248,-3.246,8.748,9.739
0.00,249,4.722,9.059,-6.213
0.00,250,-2.033,-6.503,-4.943
0.00,251,6.014,8.968,-2.985
0.00,252,-4.537,4.861,-3.203
0.00,253,-5.994,-9.479,8.488
0.00,254,-9.345,3.834,-7.337
0.00,255,0.162,3.705,7.874
0.00,256,-5.612,0.143,-6.043
0.00,257,-6.746,3.617,-8.373
0.00,258,5.680,8.745,-7.569
0.00,259,-4.662,-8.882,2.347
0.00,260,-0.912,-6.819,4.911
0.00,261,1.065,-3.364,-7.251
0.00,262,6.629,-0.706,2.721
0.00,263,-3.798,1.381,-5.428
0.00,264,7.141,3.587,6.531
0.00,265,9.075,-1.548,2.239
0.00,266,-8.633,3.648,-9.516
0.00,267,-6.380,-0.055,-8.981
0.00,268,-7.967,1.492,5.115
0.00,269,1.308,8.347,5.100
0.00,270,0.796,-8.908,0.261
0.00,271,-4.014,-8.673,-3.132
0.00,272,1.800,-4.009,3.129
0.00,273,-3.275,-8.492,-1.805
0.00,274,6.994,1.389,-5.234
0.00,275,0.895,-6.806,-5.996
0.00,276,-1.691,-4.295,7.329
0.00,277,6.834,-4.229,5.741
0.00,278,3.120,-5.822,-6.612
0.00,279,-8.048,-1.397,-8.955
0.00,280,-4.681,-2.678,-3.196
0.00,281,-0.885,-5.376,8.519
0.00,282,-3.880,-1.736,4.539
0.00,283,-7.034,4.794,4.745
0.00,284,3.302,8.034,1.011
0.00,285,5.132,-5.746,-8.811
0.00,286,-3.294,2.362,6.214
0.00,287,0.796,2.047,8.805
0.00,288,0.828,0.892,-7.412
0.00,289,1.868,0.683,-0.900
0.00,290,-7.884,8.350,4.197
0.00,291,-4.695,4.796,3.775
0.00,292,4.731,-9.132,8.318
0.00,293,8.378,-5.862,-1.097
0.00,294,-8.660,-8.349,-0.678
0.00,295,-9.208,6.912,8.382
0.00,296,-4.561,3.616,6.891
0.00,297,2.580,6.893,2.380
0.00,298,7.955,-8.437,-3.118
0.00,299,-1.124,5.544,-8.902
0.00,300,8.579,-8.086,-6.795
0.00,301,3.991,-1.261,2.603
0.00,302,9.161,8.549,-3.150
0.00,303,1.028,1.257,2.932
0.00,304,-3.869,7.240,-4.234
0.00,305,-6.450,8.713,-4.551
0.00,306,7.105,-3.590,3.420
0.00,307,-3.895,7.485,-1.201
0.00,308,-4.109,0.996,-4.800
0.00,309,-6.892,1.794,-8.856
0.00,310,2.528,1.267,-4.670
0.00,311,3.982,-3.657,-1.139
0.00,312,-2.838,-6.508,7.957
0.00,313,4.416,5.283,-8.973
0.00,314,2.007,1.125,-0.201
0.00,315,6.415,1.213,1.880
0.00,316,2.638,-5.346,0.865
0.00,317,-1.353,-2.239,3.497
0.00,318,3.250,-8.850,7.532
0.00,319,-4.700,1.503,-4.186
0.00,320,8.512,-6.854,-3.835
0.00,321,4.357,2.649,7.352
0.00,322,-6.731,-6.547,7.821
0.00,323,-6.939,-2.554,-2.914
0.00,324,5.073,0.548,2.450
0.00,325,-8.526,-6.529,7.475
0.00,326,9.292,-3.326,-3.385
0.00,327,-9.524,-3.814,-7.588
0.00,328,-6.582,7.876,-8.330
0.00,329,6.051,1.018,-1.067
0.00,330,8.255,-4.054,8.635
0.00,331,-4.922,-4.987,-4.271
0.00,332,3.325,-8.189,-6.741
0.00,333,-3.080,4.312,-2.221
0.00,334,-8.660,-0.857,-7.703
0.00,335,8.280,-0.065,5.514
0.00,336,5.033,-5.469,2.335
0.00,337,-2.765,-3.387,1.920
0.00,338,-7.990,0.245,-3.241
0.00,339,-8.475,9.612,7.781
0.00,340,-9.558,-5.694,3.959
0.00,341,0.339,9.136,-2.962
0.00,342,-2.259,9.567,-8.450
0.00,343,6.567,-6.015,8.479
0.00,344,9.124,4.687,0.716
0.00,345,-5.181,-7.508,0.177
0.00,346,-5.820,2.086,-3.147
0.00,347,-9.279,9.257,6.317
0.00,348,-9.490,-5.094,-8.873
0.00,349,-4.307,6.350,-7.772
0.00,350,1.437,-5.640,-8.058
0.00,351,8.944,2.608,1.841
0.00,352,2.116,-5.806,-2.718
0.00,353,6.731,-1.346,2.303
0.00,354,-8.005,2.399,-5.254
0.00,355,4.492,2.025,1.862
0.00,356,-7.001,1.498,-9.225
0.00,357,-0.158,3.201,-2.755
0.00,358,6.739,5.765,8.683
0.00,359,8.919,-9.353,-7.659
0.00,360,-5.050,8.102,1.478
0.00,361,4.590,-0.133,1.728
0.00,362,0.527,-1.236,1.067
0.00,363,8.950,8.608,-5.891
0.00,364,-4.522,3.686,-1.037
0.00,365,9.266,-7.061,4.588
0.00,366,3.563,-1.341,7.512
0.00,367,-8.323,-9.372,-5.168
0.00,368,-6.596,-7.163,7.658
0.00,369,-6.780,3.482,9.415
0.00,370,-8.245,-2.235,9.452
0.00,371,7.364,7.172,9.124
0.00,372,-7.946,4.356,-5.344
0.00,373,-6.034,-0.957,9.040
0.00,374,-2.866,-7.345,9.606
0.00,375,-6.769,-2.870,2.528
0.00,376,9.221,3.510,6.617
0.00,377,-2.325,-4.655,-2.502
0.00,378,8.914,7.035,-6.577
0.00,379,6.757,-0.656,3.404
0.00,380,-3.753,-4.689,-7.990
0.00,381,-2.695,7.832,7.406
0.00,382,7.909,1.847,-5.394
0.00,383,4.608,-7.259,7.745
0.00,384,-5.043,3.326,-1.244
0.00,385,9.178,3.248,-8.262
0.00,386,1.709,4.259,1.315
0.00,387,9.171,9.516,3.527
0.00,388,-2.098,5.350,4.675
0.00,389,-4.480,-5.956,0.202
0.00,390,6.646,-2.286,-1.801
0.00,391,-5.021,5.818,2.616
0.00,392,1.829,-1.107,-3.657
0.00,393,-6.549,-1.546,-1.647
0.00,394,-2.019,-0.494,-1.426
0.00,395,-1.702,4.238,-8.942
0.00,396,-6.699,-2.724,-2.306
0.00,397,4.941,8.038,8.160
0.00,398,4.324,4.589,-7.091
0.00,399,0.802,5.484,-0.836
0.00,400,6.369,0.679,-3.486
0.00,401,-2.297,-2.532,-8.071
0.00,402,-6.132,-5.422,-6.669
0.00,403,7.627,4.930,7.755
0.00,404,-5.032,4.575,-0.083
0.00,405,9.087,-6.050,4.611
0.00,406,-7.857,-9.434,-9.534
0.00,407,-4.317,-6.957,-2.639
0.00,408,-2.936,2.501,8.091
0.00,409,8.363,6.658,-6.536
0.00,410,-6.442,-9.385,-1.793
0.00,411,-9.163,-6.753,-1.575
0.00,412,2.263,-0.518,2.988
0.00,413,0.272,-3.755,-5.074
0.00,414,-8.638,-6.856,-4.132
0.00,415,0.707,-9.453,2.060
0.00,416,-8.448,-0.943,-6.641
0.00,417,-5.065,8.609,-6.256
0.00,418,5.081,5.259,-7.149
0.00,419,-9.579,-9.425,6.332
0.00,420,-6.751,-6.551,7.678
0.00,421,-1.241,9.554,7.960
0.00,422,-2.720,5.785,6.229
0.00,423,-6.211,-4.561,-2.593
0.00,424,1.781,-3.639,-1.952
0.00,425,-5.164,0.892,6.476
0.00,426,-2.265,3.830,-6.966
0.00,427,6.247,8.528,-9.169
0.00,428,9.079,-0.994,4.234
0.00,429,-8.808,4.534,-8.670
0.00,430,6.626,-1.775,8.026
0.00,431,1.362,-2.415,9.615
0.00,432,8.043,-9.688,-0.668
0.00,433,9.605,3.737,3.687
0.00,434,-8.762,1.807,1.540
0.00,435,5.001,3.203,5.712
0.00,436,-0.287,-3.630,-6.648
0.00,437,-7.928,-6.161,7.550
0.00,438,-3.707,-3.301,2.862
0.00,439,4.112,-0.338,-3.825
0.00,440,7.401,2.937,1.895
0.00,441,-4.286,1.341,-5.680
0.00,442,-6.093,-5.159,2.403
0.00,443,4.207,0.430,-9.198
0.00,444,2.843,-5.666,-2.784
0.00,445,-2.464,6.839,1.135
0.00,446,-1.261,-9.657,2.183
0.00,447,0.342,0.567,-1.081
0.00,448,-8.822,3.633,3.606
0.00,449,-4.443,-3.723,3.017
0.00,450,-6.025,8.031,2.419
0.00,451,-1.362,-8.773,-1.257
0.00,452,-5.435,0.617,-0.750
0.00,453,-4.224,3.807,-8.882
0.00,454,2.779,2.909,0.100
0.00,455,-7.008,7.679,-4.316
0.00,456,1.367,2.346,7.679
0.00,457,7.463,1.917,4.393
0.00,458,-1.952,-0.969,-8.825
0.00,459,-9.670,-5.678,6.430
0.00,460,5.009,9.506,-3.493
0.00,461,0.356,-9.661,-2.679
0.00,462,-3.061,-9.383,7.925
0.00,463,6.163,5.004,-7.977
0.00,464,-1.352,6.741,-1.758
0.00,465,-8.181,8.038,-1.107
0.00,466,1.495,0.239,-9.308
0.00,467,-1.606,8.785,2.130
0.00,468,-9.150,2.692,4.745
0.00,469,-2.094,-0.464,4.167
0.00,470,-0.446,-3.440,-5.549
0.00,471,-4.995,-4.792,-2.610
0.00,472,3.498,-9.015,-8.529
0.00,473,-5.638,2.543,-9.327
0.00,474,-8.624,0.306,5.996
0.00,475,-8.037,-8.601,9.260
0.00,476,-1.577,-8.407,8.118
0.00,477,2.317,-4.432,-4.404
0.00,478,-7.536,-0.478,-4.941
0.00,479,5.686,6.729,2.269
0.00,480,-5.796,7.078,7.762
0.00,481,-5.194,3.021,0.851
0.00,482,0.708,3.933,0.154
0.00,483,8.247,-4.522,-5.268
0.00,484,-4.413,-7.245,0.726
0.00,485,8.296,-8.574,5.821
0.00,486,-7.105,-1.845,-1.113
0.00,487,6.361,4.941,5.622
0.00,488,-8.416,3.183,-1.044
0.00,489,8.926,-9.429,8.789
0.00,490,7.492,-7.530,-9.505
0.00,491,-9.377,-7.771,-6.527
0.00,492,6.488,4.628,-5.676
0.00,493,-0.795,-5.546,-4.965
0.00,494,7.976,0.202,3.203
0.00,495,-7.527,-9.310,-9.001
0.00,496,-7.399,-3.563,0.848
0.00,497,-5.893,8.585,-1.955
0.00,498,3.424,9.584,-2.723
0.00,499,6.349,3.908,-7.112
0.00,500,5.404,5.138,-8.586
0.00,501,6.229,6.538,0.117
0.00,502,4.598,-8.866,7.796
0.00,503,-7.901,-3.463,-2.300
0.00,504,-1.069,4.526,-2.108
0.00,505,3.651,-3.684,4.225
0.00,506,0.215,0.681,-0.833
0.00,507,4.293,0.175,2.221
0.00,508,0.499,-6.506,-3.657
0.00,509,9.022,0.021,-2.652
0.00,510,-3.830,1.956,-2.976
0.00,511,-7.710,-8.634,-5.199
0.00,512,5.458,-6.969,-4.691
0.00,513,5.481,-4.484,-1.504
0.00,514,5.165,5.834,1.469
0.00,515,-8.460,5.789,-0.763
0.00,516,-9.241,9.315,3.171
0.00,517,0.302,-9.713,5.135
0.00,518,2.237,-3.021,5.855
0.00,519,7.560,1.746,-7.250
0.00,520,-2.864,-5.394,-5.548
0.00,521,-8.977,-7.266,-3.924
0.00,522,1.929,-2.798,-2.908
0.00,523,-4.952,6.962,-8.911
0.00,524,0.192,-3.839,-8.698
0.00,525,-6.205,-0.377,7.231
0.00,526,-4.833,-2.824,3.598
0.00,527,5.054,5.741,7.083
0.00,528,9.702,-3.103,-5.034
0.00,529,1.999,3.155,3.611
0.00,530,-3.540,-6.594,2.405
0.00,531,-3.872,2.350,6.345
0.00,532,1.258,-2.781,4.629
0.00,533,7.753,-6.335,-7.849
0.00,534,4.988,-1.058,4.415
0.00,535,1.176,6.317,8.375
0.00,536,-3.139,1.494,9.294
0.00,537,5.000,-6.862,-6.167
0.00,538,6.174,4.680,-5.793
0.00,539,0.368,4.461,5.275
0.00,540,-1.266,-3.713,-3.248
0.00,541,4.207,-1.823,-1.578
0.00,542,7.228,4.696,-7.642
0.00,543,9.411,-3.358,0.976
0.00,544,-7.282,-3.817,2.408
0.00,545,-7.118,1.575,6.251
0.00,546,0.626,5.120,-2.360
0.00,547,4.546,-8.530,3.255
0.00,548,-6.534,-7.761,-3.738
0.00,549,-4.545,2.563,1.689
0.00,550,9.135,-7.692,-3.791
0.00,551,-1.207,7.755,2.633
0.00,552,-5.587,0.733,-1.301
0.00,553,-5.279,-1.485,-2.273
0.00,554,9.080,-2.460,-4.993
0.00,555,-9.516,2.771,1.237
0.00,556,-0.768,-8.056,5.145
0.00,557,2.593,1.121,-1.994
0.00,558,2.338,6.808,1.160
0.00,559,-3.113,6.357,-1.833
0.00,560,1.347,4.777,-8.119
0.00,561,1.952,7.500,-8.880
0.00,562,6.962,-4.593,7.269
0.00,563,-4.200,8.630,-5.336
0.00,564,-8.166,4.977,-9.069
0.00,565,-2.556,-1.948,-3.408
0.00,566,-6.735,-5.797,4.410
0.00,567,-4.496,1.734,-3.396
0.00,568,3.350,-4.776,2.207
0.00,569,-3.403,8.921,-7.175
0.00,570,-8.668,-2.016,5.211
0.00,571,8.147,-4.336,-4.123
0.00,572,7.940,5.653,6.835
0.00,573,7.372,6.894,8.147
0.00,574,1.510,-5.440,6.293
0.00,575,-3.261,-1.873,7.965
0.00,576,-0.069,-2.248,-6.865
0.00,577,-3.049,-1.729,6.326
0.00,578,3.456,5.757,-6.493
0.00,579,6.602,-0.174,0.429
0.00,580,1.883,6.713,-7.843
0.00,581,-6.339,-7.244,-7.369
0.00,582,-5.108,-3.932,-5.031
0.00,583,4.731,4.513,5.429
0.00,584,8.722,-9.281,3.659
0.00,585,9.622,-2.913,-8.083
0.00,586,-2.356,-4.921,0.955
0.00,587,-9.166,-9.049,8.868
0.00,588,-0.625,-8.203,3.821
0.00,589,3.642,-0.159,9.423
0.00,590,3.375,6.036,-2.913
0.00,591,6.831,-6.647,1.151
0.00,592,8.619,6.923,0.881
0.00,593,-2.180,-4.385,5.117
0.00,594,-0.234,5.811,0.272
0.00,595,2.114,-0.531,-0.356
0.00,596,-6.874,8.024,-9.620
0.00,597,-2.636,3.125,5.702
0.00,598,-8.683,-7.806,-2.651
0.00,599,0.941,6.303,-6.331
0.00,600,8.104,6.201,-3.880
0.00,601,4.802,-8.899,7.133
0.00,602,-6.374,-9.108,-0.943
0.00,603,-4.511,3.019,-2.764
0.00,604,9.183,0.577,-7.919
0.00,605,-8.512,-8.098,-2.204
0.00,606,9.141,-0.143,-5.220
0.00,607,-1.481,-6.747,-5.453
0.00,608,8.213,3.048,-4.612
0.00,609,-8.335,-3.270,7.541
0.00,610,-5.345,-0.556,8.045
0.00,611,8.815,4.013,-1.042
0.00,612,2.070,-3.678,7.909
0.00,613,1.966,-0.984,4.928
0.00,614,6.866,0.454,0.054
0.00,615,-3.033,7.602,7.793
0.00,616,0.516,-0.943,7.018
0.00,617,1.064,-0.314,-2.517
0.00,618,-8.673,0.646,5.406
0.00,619,1.002,-1.024,8.881
0.00,620,-4.319,0.440,6.820
0.00,621,4.127,-3.354,-7.916
0.00,622,-8.107,-1.266,2.288
0.00,623,1.070,-6.341,-3.099
0.00,624,2.512,8.501,-9.749
0.00,625,1.240,-2.931,9.614
0.00,626,5.814,-6.129,-9.171
0.00,627,6.204,-2.594,7.190
0.00,628,-8.029,1.405,-1.048
0.00,629,-6.266,-8.213,9.348
0.00,630,-2.560,-4.499,5.518
0.00,631,0.688,-5.742,-3.285
0.00,632,-4.195,5.704,1.089
0.00,633,-8.141,-2.646,7.004
0.00,634,-0.893,9.416,-9.554
0.00,635,7.950,-2.967,-7.178
0.00,636,8.946,1.387,-6.785
0.00,637,-0.297,8.127,-7.514
0.00,638,3.848,0.374,5.138
0.00,639,-6.018,3.174,5.923
0.00,640,-3.042,3.330,-0.120
0.00,641,-3.742,-1.496,7.590
0.00,642,5.613,8.360,7.752
0.00,643,7.167,9.012,4.858
0.00,644,8.561,0.326,-6.884
0.00,645,6.494,-2.335,-8.952
0.00,646,0.106,-0.200,-9.100
0.00,647,4.225,-0.332,-7.042
0.00,648,-0.949,4.296,-1.843
0.00,649,1.800,4.743,-6.195
0.00,650,-0.152,3.460,3.027
0.00,651,8.726,7.705,-4.543
0.00,652,-3.317,-3.719,-4.309
0.00,653,-2.345,-4.041,6.630
0.00,654,-2.626,-5.904,-0.917
0.00,655,7.200,-3.073,1.571
0.00,656,1.944,-7.943,5.159
0.00,657,-7.672,-0.849,2.259
0.00,658,1.360,2.871,-7.594
0.00,659,5.317,0.769,-4.261
0.00,660,8.215,-4.622,2.199
0.00,661,-6.293,-0.307,-8.107
0.00,662,8.951,0.490,-4.780
0.00,663,3.131,1.521,-3.426
0.00,664,7.122,1.450,7.480
0.00,665,-1.774,4.221,4.059
0.00,666,-4.594,7.761,-2.801
0.00,667,-5.376,8.729,9.317
0.00,668,6.246,7.692,3.364
0.00,669,1.108,-4.581,-2.763
0.00,670,-6.010,-9.298,8.576
0.00,671,4.610,2.359,-1.251
0.00,672,6.997,-3.400,-1.725
0.00,673,8.199,-7.326,-8.562
0.00,674,-1.072,6.343,-4.824
0.00,675,-9.071,-8.197,-7.012
0.00,676,3.936,9.261,-2.706
0.00,677,6.179,-4.482,-0.098
0.00,678,-0.353,-4.084,3.667
0.00,679,4.776,6.297,-7.252
0.00,680,-4.698,3.322,-5.376
0.00,681,-4.354,-8.072,-4.243
0.00,682,-1.983,5.935,2.727
0.00,683,7.628,7.305,1.020
0.00,684,4.620,-3.672,0.901
0.00,685,-8.624,-1.251,1.783
0.00,686,-3.814,-4.047,-6.168
0.00,687,3.430,5.085,9.548
0.00,688,8.123,5.733,-2.103
0.00,689,7.412,3.235,-7.608
0.00,690,-5.974,-6.875,-2.319
0.00,691,-8.607,2.213,-2.758
0.00,692,-7.366,-2.314,9.447
0.00,693,5.223,6.453,1.116
0.00,694,-6.396,9.587,4.408
0.00,695,-8.992,1.646,-0.639
0.00,696,-7.745,-0.479,5.625
0.00,697,-4.428,-2.394,-0.303
0.00,698,-4.160,6.549,-9.173
0.00,699,-2.677,7.848,-6.839
0.00,700,-4.616,-0.377,8.199
0.00,701,4.416,-6.133,4.365
0.00,702,-6.654,7.331,4.556
0.00,703,-2.454,-3.453,8.433
0.00,704,0.010,4.948,-2.295
0.00,705,4.666,7.081,8.730
0.00,706,1.217,-6.481,-2.038
0.00,707,-8.643,8.933,-4.881
0.00,708,6.562,-1.431,7.914
0.00,709,3.227,1.578,-6.801
0.00,710,9.437,-7.531,-1.398
0.00,711,1.676,8.208,0.850
0.00,712,9.691,-6.348,-7.775
0.00,713,-8.353,-3.886,-8.539
0.00,714,6.302,-3.914,8.070
0.00,715,-4.234,-7.032,5.505
0.00,716,-9.172,2.592,9.474
0.00,717,-8.140,-9.126,5.431
0.00,718,7.829,6.412,-4.516
0.00,719,1.714,-5.329,1.205
0.00,720,0.543,5.132,1.900
0.00,721,7.009,7.652,0.352
0.00,722,-9.183,-8.282,-1.670
0.00,723,7.519,0.113,-6.266
0.00,724,-0.240,4.985,5.042
0.00,725,1.787,5.287,-6.498
0.00,726,3.137,-1.361,-7.914
0.00,727,0.793,-6.776,3.837
0.00,728,-7.208,-7.152,4.526
0.00,729,-7.232,7.483,9.406
0.00,730,-4.411,8.267,0.481
0.00,731,-6.675,-3.665,9.455
0.00,732,4.872,2.324,0.244
0.00,733,-1.366,-0.542,-3.345
0.00,734,1.424,7.752,5.507
0.00,735,6.944,-4.668,6.721
0.00,736,-7.253,4.996,-6.046
0.00,737,7.647,-0.446,9.032
0.00,738,-1.553,-8.586,5.295
0.00,739,6.625,9.222,8.389
0.00,740,-2.881,8.767,-7.187
0.00,741,-1.558,-5.582,0.410
0.00,742,7.517,-5.716,7.262
0.00,743,-3.600,-9.553,0.672
0.00,744,-1.335,1.673,8.006
0.00,745,2.315,0.231,9.233
0.00,746,-5.573,-2.785,-8.990
0.00,747,8.389,-5.629,1.749
0.00,748,-5.110,5.568,-3.690
0.00,749,-2.363,-3.060,-3.034
0.00,750,-2.783,3.021,2.630
0.00,751,-9.067,9.406,5.842
0.00,752,-0.387,-8.084,6.218
0.00,753,6.052,-2.642,2.585
0.00,754,-0.166,0.546,5.950
0.00,755,-3.615,-0.758,-4.718
0.00,756,3.104,-6.549,7.533
0.00,757,4.519,5.421,-6.611
0.00,758,3.427,6.395,9.471
0.00,759,-6.205,-7.892,-7.373
0.00,760,8.591,-4.741,-0.546
0.00,761,-4.020,8.501,-9.014
0.00,762,6.712,1.746,-0.515
0.00,763,7.607,-4.305,-1.914
0.00,764,-0.728,2.435,-6.710
0.00,765,6.508,-7.622,4.802
0.00,766,4.439,-2.271,4.445
0.00,767,-0.900,-0.310,-4.631
0.00,768,-7.852,2.402,-5.126
0.00,769,7.494,1.650,-1.092
0.00,770,1.629,-7.478,-3.201
0.00,771,6.655,1.999,3.767
0.00,772,-1.501,7.365,-5.280
0.00,773,-4.235,7.604,-9.060
0.00,774,-6.011,-5.175,3.235
0.00,775,3.455,3.653,3.266
0.00,776,-5.192,0.405,4.466
0.00,777,-6.466,-6.333,0.698
0.00,778,3.283,6.238,-4.124
0.00,779,-1.501,7.513,-6.186
0.00,780,4.925,9.029,-0.007
0.00,781,-9.449,7.572,2.977
0.00,782,6.805,-4.068,5.683
0.00,783,8.632,5.735,7.455
0.00,784,1.809,9.391,5.100
0.00,785,5.129,9.657,7.327
0.00,786,9.113,8.049,-3.561
0.00,787,-3.905,4.433,7.673
0.00,788,4.562,-3.712,5.927
0.00,789,-2.899,3.949,0.856
0.00,790,-5.867,6.867,-5.421
0.00,791,1.892,-8.405,1.286
0.00,792,0.844,3.405,-0.391
0.00,793,-6.443,-1.861,9.496
0.00,794,-6.883,0.314,8.999
0.00,795,7.168,1.992,-1.147
0.00,796,6.706,7.000,8.548
0.00,797,6.178,8.358,-1.360
0.00,798,-2.435,-3.259,-9.640
0.00,799,-2.096,2.153,-6.544
0.00,800,-1.511,-3.663,9.564
0.00,801,1.560,2.267,-4.470
0.00,802,-5.492,-8.514,3.567
0.00,803,1.570,-5.263,2.988
0.00,804,-5.928,-7.268,-8.252
0.00,805,8.138,4.377,-7.247
0.00,806,4.057,-2.881,9.520
0.00,807,-5.463,-8.640,7.978
0.00,808,-3.699,-0.968,-4.440
0.00,809,6.209,-4.196,-7.434
0.00,810,1.292,-2.730,1.755
0.00,811,6.039,8.829,9.204
0.00,812,3.585,1.062,1.092
0.00,813,-7.947,-8.921,9.518
0.00,814,-5.533,8.041,-9.611
0.00,815,4.164,-8.740,7.704
0.00,816,-8.431,2.342,-8.428
0.00,817,-4.016,-6.283,2.840
0.00,818,9.213,-9.659,-5.206
0.00,819,-0.605,4.138,8.690
0.00,820,-8.532,-8.819,5.361
0.00,821,0.098,2.467,-4.507
0.00,822,-8.418,7.122,-8.471
0.00,823,-4.717,5.837,-3.875
0.00,824,6.028,8.001,-2.141
0.00,825,-7.667,7.202,3.058
0.00,826,-1.587,3.987,4.976
0.00,827,3.629,-6.432,-7.671
0.00,828,-6.172,6.302,-7.506
0.00,829,3.684,4.199,-5.655
0.00,830,-4.936,-0.515,-1.355
0.00,831,2.477,8.677,6.030
0.00,832,5.744,2.780,8.615
0.00,833,-6.835,5.911,-3.626
0.00,834,-4.796,1.256,9.383
0.00,835,2.444,9.248,3.755
0.00,836,6.537,0.934,6.599
0.00,837,1.477,-1.924,-4.211
0.00,838,2.588,4.029,1.496
0.00,839,4.913,6.511,2.644
0.00,840,2.586,-6.718,7.236
0.00,841,-1.448,6.888,2.341
0.00,842,7.940,4.503,-5.735
0.00,843,5.283,9.704,3.839
0.00,844,-8.634,7.349,-4.570
0.00,845,4.775,2.776,-0.301
0.00,846,8.690,2.155,5.790
0.00,847,5.491,5.402,7.339
0.00,848,-3.362,-4.692,-9.320
0.00,849,-0.432,-7.659,-3.852
0.00,850,1.975,3.087,5.235
0.00,851,-8.976,5.129,2.338
0.00,852,4.207,9.045,9.631
0.00,853,8.420,-5.592,-2.437
0.00,854,-7.853,-0.690,1.931
0.00,855,2.574,-6.864,4.890
0.00,856,-2.890,-0.987,-5.027
0.00,857,-2.277,-0.317,-1.619
0.00,858,4.712,7.968,-2.450
0.00,859,-2.090,0.907,0.949
0.00,860,-9.597,-0.125,-0.618
0.00,861,-5.913,-2.170,4.505
0.00,862,1.427,0.852,2.827
0.00,863,-0.183,2.345,-9.350
0.00,864,3.511,-5.868,-3.662
0.00,865,-8.911,-2.086,-3.112
0.00,866,-2.269,1.438,3.070
0.00,867,-3.450,-7.592,4.464
0.00,868,5.245,-3.486,9.551
0.00,869,-5.636,7.699,9.613
0.00,870,-7.825,8.332,4.400
0.00,871,6.881,-7.840,7.010
0.00,872,-6.548,8.484,0.479
0.00,873,-9.457,2.878,7.445
0.00,874,-9.382,1.461,-9.736
0.00,875,-4.911,-1.284,-2.922
0.00,876,-3.488,1.310,8.409
0.00,877,-0.825,3.510,8.598
0.00,878,3.381,4.863,-7.966
0.00,879,5.358,5.369,2.586
0.00,880,0.069,-3.180,-5.242
0.00,881,7.378,3.069,0.859
0.00,882,-5.987,0.002,-0.819
0.00,883,6.499,-7.703,-9.640
0.00,884,7.501,-3.338,-3.137
0.00,885,-1.524,4.975,-3.385
0.00,886,3.554,-4.422,-2.009
0.00,887,1.625,-4.650,-0.548
0.00,888,7.353,-5.621,-2.036
0.00,889,-9.184,-8.876,-4.771
0.00,890,-8.469,-6.023,-8.101
0.00,891,-0.922,4.973,3.692
0.00,892,-8.019,8.826,-0.957
0.00,893,-7.845,-1.631,1.053
0.00,894,-3.929,-0.276,2.934
0.00,895,-8.095,4.997,3.729
0.00,896,7.380,1.749,7.496
0.00,897,-0.847,1.773,-8.896
0.00,898,5.821,-3.943,-7.864
0.00,899,8.874,7.337,-1.631
0.00,900,-8.152,-1.147,-8.761
0.00,901,4.191,7.617,3.944
0.00,902,-1.389,1.123,1.254
0.00,903,1.393,-6.593,3.169
0.00,904,-8.247,-0.908,-9.600
0.00,905,3.566,-7.440,0.027
0.00,906,8.630,-5.053,8.843
0.00,907,2.616,-5.596,8.816
0.00,908,6.669,-2.283,8.546
0.00,909,4.001,-7.440,0.895
0.00,910,4.462,-6.097,-7.924
0.00,911,-5.732,3.860,-7.853
0.00,912,4.924,3.025,-2.684
0.00,913,2.782,-0.912,4.117
0.00,914,-1.058,3.900,4.832
0.00,915,6.138,2.572,-5.053
0.00,916,-5.952,5.486,2.059
0.00,917,-6.873,-4.762,-5.655
0.00,918,1.066,4.023,-7.837
0.00,919,-7.471,-0.106,-1.083
0.00,920,8.234,2.515,5.023
0.00,921,3.904,-1.876,8.973
0.00,922,-1.123,0.874,2.334
0.00,923,-2.130,6.834,-8.390
0.00,924,-3.277,3.501,-8.280
0.00,925,6.040,9.268,4.498
0.00,926,-7.606,7.225,-8.948
0.00,927,-2.610,8.145,-3.788
0.00,928,-5.221,-3.203,5.934
0.00,929,8.291,-1.309,1.095
0.00,930,2.212,-8.691,-6.282
0.00,931,-6.163,9.527,-7.699
0.00,932,-3.326,-3.384,-5.122
0.00,933,6.700,-2.658,3.535
0.00,934,-0.713,-2.633,5.397
0.00,935,7.535,5.005,-2.508
0.00,936,-7.362,3.447,2.573
0.00,937,-0.831,-8.217,-3.316
0.00,938,0.179,4.580,6.686
0.00,939,6.667,-0.416,-5.575
0.00,940,-2.443,-5.631,-5.040
0.00,941,-1.818,2.878,-7.417
0.00,942,7.399,9.245,-3.338
0.00,943,2.263,5.406,-5.434
0.00,944,1.838,9.010,-9.697
0.00,945,6.437,4.640,-7.254
0.00,946,-2.729,-0.099,2.068
0.00,947,-8.560,1.995,4.166
0.00,948,6.042,8.063,-7.726
0.00,949,-1.149,8.223,-4.105
0.00,950,1.152,-4.878,2.814
0.00,951,1.240,8.734,-4.200
0.00,952,-6.364,-8.077,-3.756
0.00,953,3.621,6.540,0.978
0.00,954,1.415,-1.511,-7.988
0.00,955,-7.118,-2.373,5.641
0.00,956,-3.995,7.075,-5.874
0.00,957,8.504,-9.279,6.332
0.00,958,-3.048,-5.293,-0.865
0.00,959,-9.599,2.778,-0.653
0.00,960,-9.716,3.344,-6.080
0.00,961,9.513,8.926,1.299
0.00,962,2.010,6.959,1.879
0.00,963,-2.053,-8.119,-5.962
0.00,964,-0.000,-0.367,-9.667
0.00,965,7.305,9.246,-3.537
0.00,966,8.904,-0.158,5.536
0.00,967,-6.010,9.669,9.482
0.00,968,3.230,-5.927,3.525
0.00,969,-0.299,4.667,-7.295
0.00,970,7.967,1.660,8.359
0.00,971,8.632,-3.475,-0.519
0.00,972,1.326,-3.217,-3.431
0.00,973,-5.618,6.672,-5.242
0.00,974,9.718,-4.232,4.085
0.00,975,7.189,-6.066,-4.981
0.00,976,7.168,6.284,-0.997
0.00,977,0.649,-0.027,-8.662
0.00,978,-0.806,-5.732,8.717
0.00,979,-8.324,-0.178,9.080
0.00,980,-2.763,6.274,-3.997
0.00,981,-9.728,-4.479,5.416
0.00,982,-7.645,-5.651,7.544
0.00,983,5.118,-3.323,5.566
0.00,984,-8.205,-9.594,2.536
0.00,985,5.560,2.547,-6.668
0.00,986,6.431,-8.151,8.636
0.00,987,6.794,-9.522,-4.921
0.00,988,8.329,-7.069,7.828
0.00,989,3.788,8.307,-3.596
0.00,990,9.589,-7.247,4.059
0.00,991,-5.396,3.090,8.482
0.00,992,-5.902,-3.050,4.435
0.00,993,7.524,-1.060,-9.059
0.00,994,0.969,-2.262,3.972
0.00,995,4.673,1.879,7.679
0.00,996,3.968,3.628,-8.712
0.00,997,7.520,1.600,-4.143
0.00,998,-6.439,3.265,-1.888
0.00,999,1.058,2.289,-6.237
0.00,1000,-1.056,-2.118,-8.291
0.00,1001,7.361,6.659,5.746
0.00,1002,9.385,7.883,2.979
0.00,1003,-1.449,-9.244,-7.217
0.00,1004,0.490,5.775,-6.196
0.00,1005,2.509,0.428,-7.868
0.00,1006,-9.080,7.809,-3.143
0.00,1007,-1.135,6.883,-5.821
0.00,1008,6.978,-8.558,-2.294
0.00,1009,-3.478,-1.808,8.989
0.00,1010,-2.884,5.448,-2.502
0.00,1011,1.637,3.995,-0.006
0.00,1012,8.667,-0.794,0.387
0.00,1013,-2.517,-7.386,-3.718
0.00,1014,-5.694,-0.393,-2.262
0.00,1015,2.167,-2.978,-9.334
0.00,1016,-5.118,-8.142,2.382
0.00,1017,9.420,0.841,0.045
0.00,1018,-0.257,-4.857,-5.109
0.00,1019,6.083,9.282,4.650
0.00,1020,7.903,1.323,4.517
0.00,1021,3.780,0.219,2.598
0.00,1022,7.816,-1.708,0.485
0.00,1023,-9.142,0.233,6.950
0.00,1024,6.745,5.498,2.066
0.00,1025,2.646,1.791,-6.637
0.00,1026,5.787,-3.802,-7.415
0.00,1027,-9.006,-3.631,-3.084
0.00,1028,-3.668,-2.831,-6.116
0.00,1029,-3.659,-5.410,4.149
0.00,1030,-6.558,1.241,4.585
0.00,1031,5.397,-8.436,-2.197
0.00,1032,-1.670,0.099,0.452
0.00,1033,-6.387,4.553,-5.230
0.00,1034,7.249,3.080,6.838
0.00,1035,-7.939,5.983,-8.995
0.00,1036,-1.779,-0.077,7.733
0.00,1037,6.230,5.353,-6.335
0.00,1038,-1.094,-0.476,6.145
0.00,1039,3.361,-6.511,-2.901
0.00,1040,3.423,-6.347,-2.436
0.00,1041,-7.035,-8.251,8.717
0.00,1042,4.511,6.416,4.472
0.00,1043,7.323,-2.605,7.756
0.00,1044,2.124,9.245,9.541
0.00,1045,3.904,-8.019,4.645
0.00,1046,1.845,-7.460,4.208
0.00,1047,5.299,-2.265,-5.075
0.00,1048,1.470,0.401,-5.467
0.00,1049,2.779,9.355,3.204
0.00,1050,7.596,9.314,0.269
0.00,1051,-6.152,-9.531,-8.949
0.00,1052,-1.102,3.124,7.592
0.00,1053,1.068,-8.803,-2.497
0.00,1054,8.619,5.791,0.664
0.00,1055,4.558,0.181,6.222
0.00,1056,2.618,-2.476,6.080
0.00,1057,2.595,5.877,-9.073
0.00,1058,-2.824,-9.705,-9.601
0.00,1059,2.622,4.369,-3.995
0.00,1060,-3.258,6.969,-0.926
0.00,1061,-6.437,5.597,-9.724
0.00,1062,4.702,1.774,8.601
0.00,1063,6.087,-4.822,4.639
0.00,1064,-3.020,6.786,-7.410
0.00,1065,6.764,4.110,7.713
0.00,1066,3.485,-4.773,-6.698
0.00,1067,-1.591,-5.940,-2.678
0.00,1068,2.021,-8.649,9.210
0.00,1069,-9.057,8.682,3.559
0.00,1070,6.685,7.228,6.410
0.00,1071,5.263,4.995,-2.708
0.00,1072,1.708,-5.872,5.577
0.00,1073,-7.085,0.379,7.726
0.00,1074,4.711,8.578,5.459
0.00,1075,6.145,2.950,2.844
0.00,1076,3.377,0.550,0.595
0.00,1077,2.584,-4.547,-7.179
0.00,1078,4.484,-9.490,-6.062
0.00,1079,5.880,-7.489,6.283
0.00,1080,-2.276,-0.455,-3.584
0.00,1081,-0.247,-4.380,4.039
0.00,1082,-6.000,-9.115,4.997
0.00,1083,4.453,-9.720,-9.199
0.00,1084,0.302,6.591,3.464
0.00,1085,2.823,5.102,0.201
0.00,1086,-8.421,-8.819,-6.287
0.00,1087,-7.007,1.905,-6.584
0.00,1088,-2.806,-9.521,-7.826
0.00,1089,-1.232,4.846,0.830
0.00,1090,9.164,-6.262,-0.036
0.00,1091,7.848,7.820,1.908
0.00,1092,-7.865,-6.665,-5.996
0.00,1093,-1.926,-0.932,0.632
0.00,1094,-0.476,4.691,-4.180
0.00,1095,-5.387,7.143,4.107
0.00,1096,5.517,-7.580,7.445
0.00,1097,-2.230,3.686,5.256
0.00,1098,1.510,-8.102,6.792
0.00,1099,7.708,-1.961,-1.326
0.00,1100,8.778,3.717,9.286
0.00,1101,-1.778,4.934,-0.429
0.00,1102,0.658,-7.680,3.664
0.00,1103,5.411,-8.174,2.836
0.00,1104,-9.088,9.008,-5.044
0.00,1105,3.611,-0.936,0.516
0.00,1106,-3.089,3.528,5.103
0.00,1107,-0.362,8.660,6.081
0.00,1108,1.704,-8.644,-0.889
0.00,1109,0.483,-3.224,-4.482
0.00,1110,-3.721,8.683,1.018
0.00,1111,7.625,-4.407,1.886
0.00,1112,3.844,7.419,6.907
0.00,1113,2.398,-6.125,-8.660
0.00,1114,6.069,-7.659,-2.606
0.00,1115,1.029,-5.745,5.723
0.00,1116,-5.936,4.716,-9.533
0.00,1117,4.015,-7.222,-7.723
0.00,1118,3.528,4.513,1.799
0.00,1119,6.858,0.435,-2.420
0.00,1120,-0.593,0.173,-6.900
0.00,1121,4.137,-5.506,8.349
0.00,1122,-4.806,-3.023,-4.169
0.00,1123,8.308,2.231,-4.261
0.00,1124,0.909,7.106,5.301
0.00,1125,-6.430,5.673,-6.650
0.00,1126,0.611,0.881,6.846
0.00,1127,3.736,4.579,-3.147
0.00,1128,-4.137,-8.492,-5.416
0.00,1129,4.742,2.545,-7.062
0.00,1130,-8.753,5.672,5.960
0.00,1131,9.718,-1.816,-6.794
0.00,1132,1.141,8.393,-0.046
0.00,1133,7.308,5.530,-4.745
0.00,1134,1.620,-6.888,-3.504
0.00,1135,-8.088,8.848,4.932
0.00,1136,7.907,4.985,3.764
0.00,1137,3.953,-0.213,0.225
0.00,1138,-6.278,8.535,1.031
0.00,1139,4.535,7.468,1.243
0.00,1140,-6.914,-7.371,5.168
0.00,1141,3.930,-4.830,-4.975
0.00,1142,-0.160,5.886,5.343
0.00,1143,3.110,0.309,7.216
0.00,1144,1.950,9.492,2.152
0.00,1145,-3.801,8.419,4.054
0.00,1146,-4.396,-6.028,8.055
0.00,1147,-6.854,-8.705,7.851
0.00,1148,-7.213,-4.423,-7.577
0.00,1149,2.095,-1.810,-0.401
0.00,1150,-6.560,4.967,-5.014
0.00,1151,0.516,8.383,8.166
0.00,1152,5.742,-4.811,9.284
0.00,1153,-6.173,-4.421,-4.861
0.00,1154,-7.817,-3.781,2.398
0.00,1155,-4.471,9.051,-0.848
0.00,1156,0.547,6.685,6.727
0.00,1157,-4.304,4.785,-0.612
0.00,1158,-1.663,1.657,-0.999
0.00,1159,3.483,7.514,-5.763
0.00,1160,-8.189,-3.897,2.364
0.00,1161,-2.879,-8.103,4.010
0.00,1162,6.011,-6.957,5.919
0.00,1163,4.293,6.822,-2.917
0.00,1164,-5.165,-5.348,-7.933
0.00,1165,-1.926,-3.339,-6.089
0.00,1166,1.456,-4.172,2.878
0.00,1167,5.077,-0.043,1.103
0.00,1168,6.605,-5.134,-8.384
0.00,1169,3.132,7.949,6.017
0.00,1170,8.791,1.210,-7.794
0.00,1171,0.722,8.938,-9.278
0.00,1172,-3.413,-5.270,1.052
0.00,1173,1.344,-0.025,4.518
0.00,1174,-4.126,0.839,0.362
0.00,1175,0.480,5.551,-7.791
0.00,1176,8.395,2.864,-5.798
0.00,1177,7.214,-4.289,-1.877
0.00,1178,-6.341,-6.584,8.155
0.00,1179,4.948,2.335,-5.936
0.00,1180,-1.472,9.397,3.438
0.00,1181,8.367,8.196,-1.266
0.00,1182,3.071,3.883,-0.950
0.00,1183,-3.600,7.358,1.834
0.00,1184,-8.179,-4.348,-0.279
0.00,1185,-6.689,-3.314,-3.670
0.00,1186,0.588,8.900,5.350
0.00,1187,7.194,6.992,-6.858
0.00,1188,-0.298,-0.013,-9.438
0.00,1189,-8.491,-5.615,-4.539
0.00,1190,-0.046,2.432,6.759
0.00,1191,7.530,3.335,6.274
0.00,1192,0.530,-5.568,2.116
0.00,1193,-0.017,-8.233,-7.846
0.00,1194,-2.818,3.333,1.054
0.00,1195,8.456,-8.184,5.037
0.00,1196,9.639,1.638,-1.456
0.00,1197,-6.915,-7.658,-3.112
0.00,1198,-6.130,8.622,9.110
0.00,1199,-5.296,5.665,-7.987
0.00,1200,4.942,-0.509,-2.424
0.00,1201,-0.109,-5.338,-7.050
0.00,1202,8.197,6.742,-0.024
0.00,1203,-4.331,9.548,8.236
0.00,1204,7.509,7.115,-1.170
0.00,1205,-4.831,-1.886,-0.462
0.00,1206,2.543,9.703,-1.609
0.00,1207,1.639,9.653,6.808
0.00,1208,-5.208,-2.173,-6.407
0.00,1209,6.028,-2.423,0.143
0.00,1210,1.464,1.161,-0.653
0.00,1211,5.804,-1.484,-6.967
0.00,1212,-5.356,-7.799,-3.414
0.00,1213,-4.022,2.367,-6.568
0.00,1214,-5.783,-3.423,-7.791
0.00,1215,5.055,2.389,-6.880
0.00,1216,7.163,3.932,-5.467
0.00,1217,7.674,5.118,-9.146
0.00,1218,6.306,7.253,2.802
0.00,1219,6.557,1.515,-1.178
0.00,1220,6.781,-3.524,-7.363
0.00,1221,1.113,6.198,-2.965
0.00,1222,0.375,-7.456,-6.322
0.00,1223,-8.797,6.666,-0.761
0.00,1224,7.269,8.283,-1.366
0.00,1225,8.592,9.606,-2.161
0.00,1226,5.461,-8.826,1.987
0.00,1227,7.294,7.595,3.160
0.00,1228,3.736,-5.333,7.997
0.00,1229,-5.302,1.358,5.812
0.00,1230,-2.843,3.657,1.418
0.00,1231,-8.968,-7.077,-6.569
0.00,1232,5.697,9.681,-4.393
0.00,1233,3.299,0.932,-1.300
0.00,1234,-8.826,-7.201,-5.844
0.00,1235,3.757,-4.200,-1.340
0.00,1236,-9.297,-1.997,-4.061
0.00,1237,-9.091,-0.567,1.146
0.00,1238,5.741,7.331,-2.038
0.00,1239,-9.412,-0.230,-9.053
0.00,1240,2.886,-3.535,1.599
0.00,1241,8.502,-3.376,9.161
0.00,1242,-7.547,-7.578,5.694
0.00,1243,-7.567,-5.415,1.144
0.00,1244,5.252,1.739,8.553
0.00,1245,4.099,6.033,2.025
0.00,1246,-5.390,0.286,-9.067
0.00,1247,-4.294,-2.949,-6.106
0.00,1248,7.375,5.718,-5.751
0.00,1249,-4.384,6.787,-5.038
0.00,1250,-4.971,8.241,1.804
0.00,1251,-9.283,-7.710,-5.637
0.00,1252,5.847,2.298,-3.049
0.00,1253,7.766,-8.464,5.713
0.00,1254,1.433,8.168,8.474
0.00,1255,2.738,3.227,-1.215
0.00,1256,-0.659,2.537,-1.618
0.00,1257,8.954,9.427,-8.808
0.00,1258,-1.193,3.325,4.000
0.00,1259,-3.411,-7.548,-4.875
0.00,1260,-2.457,5.119,-2.819
0.00,1261,1.246,-6.775,5.809
0.00,1262,-3.671,-6.372,7.358
0.00,1263,-9.364,-3.400,-8.034
0.00,1264,8.257,0.824,0.350
0.00,1265,1.109,8.119,7.783
0.00,1266,0.547,-6.611,-1.591
0.00,1267,-0.812,5.976,-7.878
0.00,1268,-5.298,-9.191,-5.947
0.00,1269,-2.988,5.828,3.894
0.00,1270,3.477,-2.927,1.781
0.00,1271,5.899,8.312,3.202
0.00,1272,-0.075,0.948,1.615
0.00,1273,-3.986,2.473,9.280
0.00,1274,1.650,-1.370,-7.482
0.00,1275,6.163,5.294,-8.714
0.00,1276,-1.143,6.928,-0.069
0.00,1277,-4.280,6.452,-5.748
0.00,1278,-2.605,-7.678,-1.004
0.00,1279,-3.537,-1.310,-0.976
0.00,1280,-4.520,5.174,-7.167
0.00,1281,6.708,-7.765,5.968
0.00,1282,2.790,-3.403,1.501
0.00,1283,8.000,-0.686,-3.676
0.00,1284,-3.914,5.682,-2.552
0.00,1285,-9.491,5.865,7.186
0.00,1286,3.498,3.134,-0.004
0.00,1287,5.454,-3.101,-9.188
0.00,1288,0.841,7.244,-3.138
0.00,1289,-4.113,7.655,8.273
0.00,1290,3.374,-1.399,2.709
0.00,1291,5.535,-5.401,0.574
0.00,1292,-8.128,-6.274,-8.693
0.00,1293,3.903,4.061,5.557
0.00,1294,-3.763,2.764,-0.801
0.00,1295,5.824,-7.243,8.614
0.00,1296,3.717,-6.529,-2.715
0.00,1297,1.889,-0.905,-1.830
0.00,1298,2.903,0.361,-2.007
0.00,1299,-8.963,-5.599,5.233
0.00,1300,2.285,4.871,-9.006
0.00,1301,-0.357,2.114,-7.422
0.00,1302,4.594,7.248,6.221
0.00,1303,2.487,-0.949,-4.167
0.00,1304,-6.555,5.604,-2.087
0.00,1305,5.099,2.107,9.050
0.00,1306,8.423,9.631,0.679
0.00,1307,-6.327,-0.197,2.256
0.00,1308,-3.202,-9.471,-2.491
0.00,1309,4.239,3.408,1.968
0.00,1310,0.795,7.148,-9.057
0.00,1311,-0.199,9.500,-8.826
0.00,1312,5.882,-6.298,8.112
0.00,1313,4.420,-2.870,5.335
0.00,1314,-2.562,-4.163,5.585
0.00,1315,2.946,-3.547,7.586
0.00,1316,-1.790,8.417,2.257
0.00,1317,-0.704,-9.160,0.034
0.00,1318,-3.651,7.985,8.235
0.00,1319,-8.515,2.418,7.110
0.00,1320,-7.691,-6.145,-8.714
0.00,1321,2.403,4.401,1.751
0.00,1322,-4.238,8.029,-4.904
0.00,1323,1.457,0.677,-4.315
0.00,1324,-4.122,-5.954,8.098
0.00,1325,-2.257,-7.309,-0.923
0.00,1326,-2.428,-8.169,-4.901
0.00,1327,1.129,0.148,-6.459
0.00,1328,5.305,-7.994,9.574
0.00,1329,-7.115,4.944,-9.302
0.00,1330,3.509,1.809,-8.396
0.00,1331,-9.311,2.625,1.779
0.00,1332,-8.939,-7.672,-5.861
0.00,1333,8.746,2.974,-4.251
0.00,1334,6.213,-4.559,-0.342
0.00,1335,0.750,7.452,-5.480
0.00,1336,-8.999,2.108,-7.101
0.00,1337,3.604,-2.566,7.943
0.00,1338,-1.151,-8.601,7.596
0.00,1339,-0.185,9.491,-5.416
0.00,1340,-5.337,-7.138,-7.513
0.00,1341,7.191,1.220,3.790
0.00,1342,0.435,-5.763,8.635
0.00,1343,7.930,3.153,-4.399
0.00,1344,-2.339,2.075,3.631
0.00,1345,-9.539,-1.656,-7.575
0.00,1346,9.552,1.819,-5.703
0.00,1347,3.710,-7.356,-6.116
0.00,1348,8.082,0.479,-8.031
0.00,1349,8.191,0.400,4.717
0.00,1350,-4.071,-0.963,-0.641
0.00,1351,8.904,-8.596,-8.660
0.00,1352,-7.297,-0.956,-9.645
0.00,1353,-4.167,7.737,-4.525
0.00,1354,-0.353,-9.692,7.179
0.00,1355,0.823,6.374,-6.161
0.00,1356,7.723,-1.743,7.244
0.00,1357,1.491,9.089,-2.374
0.00,1358,-6.197,-6.067,6.988
0.00,1359,-8.214,8.535,-7.942
0.00,1360,3.536,-0.742,5.250
0.00,1361,-4.058,-1.564,0.587
0.00,1362,9.695,-8.750,-3.952
0.00,1363,4.990,9.118,1.037
0.00,1364,5.367,8.768,2.277
0.00,1365,9.221,-7.421,9.673
0.00,1366,7.989,8.826,-1.288
0.00,1367,0.801,8.111,-2.318
0.00,1368,-9.090,4.751,1.243
0.00,1369,-6.428,-0.122,9.013
0.00,1370,-6.357,-3.223,-7.246
0.00,1371,-8.070,-1.746,-5.577
0.00,1372,-1.170,5.943,4.200
0.00,1373,-0.512,-6.713,-2.913
0.00,1374,3.422,-2.681,6.997
0.00,1375,-8.917,7.615,8.305
0.00,1376,2.682,5.546,6.460
0.00,1377,-8.484,-4.825,-2.300
0.00,1378,6.949,2.220,3.900
0.00,1379,5.693,5.534,-8.929
0.00,1380,-7.259,3.823,1.638
0.00,1381,-6.156,3.618,0.481
0.00,1382,5.529,1.958,7.245
0.00,1383,-7.698,-0.545,-6.210
0.00,1384,2.412,-9.158,6.120
0.00,1385,-6.686,-8.330,-4.982
0.00,1386,5.583,-7.010,-5.432
0.00,1387,-0.026,0.069,-1.434
0.00,1388,5.180,3.033,-1.186
0.00,1389,-8.014,-1.034,-8.824
0.00,1390,-3.731,8.081,7.114
0.00,1391,0.329,-6.578,7.352
0.00,1392,-2.265,5.855,-6.488
0.00,1393,-1.808,-2.076,6.614
0.00,1394,4.055,-5.350,5.025
0.00,1395,1.235,-9.319,0.503
0.00,1396,-1.093,-2.913,-1.514
0.00,1397,-1.011,3.306,1.283
0.00,1398,5.620,-6.033,-0.446
0.00,1399,6.814,6.162,-8.755
0.00,1400,0.066,-8.945,0.072
0.00,1401,0.334,-2.858,5.021
0.00,1402,2.292,-1.245,9.654
0.00,1403,-1.207,2.020,1.801
0.00,1404,-7.636,-1.785,-9.016
0.00,1405,6.513,-0.345,1.808
0.00,1406,-5.658,-8.462,0.050
0.00,1407,-2.422,-5.755,6.164
0.00,1408,-8.727,3.561,-3.099
0.00,1409,-5.292,-0.343,8.392
0.00,1410,1.488,0.774,5.887
0.00,1411,-0.695,6.624,-1.587
0.00,1412,-8.762,8.154,7.728
0.00,1413,6.988,1.549,-0.768
0.00,1414,5.648,1.096,4.527
0.00,1415,4.342,6.293,-8.602
0.00,1416,0.413,-0.627,6.949
0.00,1417,-7.441,4.073,-0.257
0.00,1418,-5.376,-3.310,1.960
0.00,1419,7.965,1.019,-5.731
0.00,1420,-6.993,-5.824,3.788
0.00,1421,-1.618,0.775,-8.722
0.00,1422,1.332,-0.764,-5.888
0.00,1423,-6.730,-6.950,-0.895
0.00,1424,0.382,0.597,5.046
0.00,1425,-6.518,-5.050,-4.003
0.00,1426,-6.455,-3.932,0.366
0.00,1427,1.412,-0.391,2.803
0.00,1428,-1.797,1.210,-7.283
0.00,1429,5.185,-4.258,5.932
0.00,1430,-5.698,-7.330,-1.033
0.00,1431,2.000,1.260,-6.769
0.00,1432,-4.463,-1.808,-3.655
0.00,1433,-7.403,-8.722,6.978
0.00,1434,-7.403,2.285,1.663
0.00,1435,-4.148,6.656,4.217
0.00,1436,3.066,-3.428,5.036
0.00,1437,-6.734,2.875,-9.493
0.00,1438,-5.111,7.222,-6.002
0.00,1439,8.944,7.665,-9.236
0.00,1440,-4.682,5.477,3.797
0.00,1441,5.657,-5.654,3.216
0.00,1442,-7.830,5.462,-7.245
0.00,1443,3.629,-2.559,5.907
0.00,1444,3.235,0.428,-6.097
0.00,1445,5.030,0.666,-1.924
0.00,1446,-5.408,6.821,3.447
0.00,1447,-1.188,-3.417,-3.598
0.00,1448,-7.742,-3.895,-1.966
0.00,1449,0.926,-3.391,-7.283
0.00,1450,-3.582,-7.508,-0.498
0.00,1451,-3.999,-2.143,-5.950
0.00,1452,-7.356,9.591,2.090
0.00,1453,4.994,-7.796,6.038
0.00,1454,-9.669,9.473,5.640
0.00,1455,-6.272,-9.181,8.407
0.00,1456,4.307,0.278,-6.154
0.00,1457,-3.137,8.531,1.232
0.00,1458,0.004,7.561,3.334
0.00,1459,7.863,-0.905,-8.407
0.00,1460,6.976,-5.986,-4.415
0.00,1461,7.251,-7.670,-9.054
0.00,1462,-3.195,-5.187,-4.717
0.00,1463,-4.016,6.556,-5.343
0.00,1464,-2.618,-3.041,-5.185
0.00,1465,-1.566,0.516,-6.054
0.00,1466,4.881,-0.701,-2.684
0.00,1467,2.691,4.136,-9.623
0.00,1468,-4.509,-7.252,-7.550
0.00,1469,-9.423,2.192,-3.394
0.00,1470,-4.554,-6.198,-7.980
0.00,1471,8.381,-5.223,-7.723
0.00,1472,-8.979,7.506,5.863
0.00,1473,-7.933,5.889,9.164
0.00,1474,0.852,-5.485,-8.452
0.00,1475,-6.341,2.894,-7.266
0.00,1476,9.254,0.991,0.309
0.00,1477,5.439,-3.768,9.317
0.00,1478,4.773,-5.092,-6.469
0.00,1479,-7.255,1.984,4.287
0.00,1480,3.242,-4.355,-7.981
0.00,1481,4.821,6.457,6.215
0.00,1482,3.559,-6.990,-6.932
0.00,1483,-2.119,-1.671,2.374
0.00,1484,-0.185,-6.277,-1.498
0.00,1485,-8.053,-1.282,-0.988
0.00,1486,-7.522,4.299,1.941
0.00,1487,-1.607,4.255,-9.639
0.00,1488,-8.903,6.583,6.473
0.00,1489,2.031,3.599,0.600
0.00,1490,-1.422,-2.697,5.394
0.00,1491,0.519,1.931,8.907
0.00,1492,-6.508,8.429,-7.521
0.00,1493,-6.953,7.681,-3.018
0.00,1494,-2.809,-4.943,9.549
0.00,1495,4.380,-1.462,-8.091
0.00,1496,-6.585,2.799,7.179
0.00,1497,-6.023,4.959,3.982
0.00,1498,1.825,1.222,-6.282
0.00,1499,-7.576,5.000,6.136
0.00,1500,-2.837,3.979,-2.230
0.00,1501,-6.155,4.477,9.307
0.00,1502,-7.874,6.560,8.237
0.00,1503,7.929,0.287,-2.994
0.00,1504,-1.996,2.842,-9.730
0.00,1505,5.859,-8.602,6.125
0.00,1506,9.259,-4.138,0.956
0.00,1507,-4.231,-0.875,-2.172
0.00,1508,2.270,-6.782,1.617
0.00,1509,-5.652,7.503,-9.163
0.00,1510,3.647,-6.909,-0.962
0.00,1511,4.851,6.303,3.404
0.00,1512,8.039,-4.213,5.007
0.00,1513,6.860,-8.244,-7.744
0.00,1514,7.380,0.619,-5.283
0.00,1515,-5.550,8.430,-8.381
0.00,1516,-1.325,-4.702,6.263
0.00,1517,4.792,5.515,8.643
0.00,1518,6.772,9.059,-2.818
0.00,1519,6.906,-0.493,-7.419
0.00,1520,7.327,-1.930,7.903
0.00,1521,-9.190,8.329,-5.166
0.00,1522,1.794,4.454,-9.440
0.00,1523,-4.926,0.317,-6.158
0.00,1524,5.183,7.346,-6.384
0.00,1525,-7.767,-3.062,-5.585
0.00,1526,5.354,-5.366,-5.586
0.00,1527,9.018,4.934,6.751
0.00,1528,-3.435,3.396,-3.806
0.00,1529,6.963,3.104,4.386
0.00,1530,-9.136,-0.238,3.627
0.00,1531,9.739,3.317,2.991
0.00,1532,-7.571,7.682,4.426
0.00,1533,-7.208,-3.708,-6.409
0.00,1534,-6.597,2.562,1.789
0.00,1535,-3.266,1.452,-5.907
0.00,1536,-3.467,4.236,-9.404
0.00,1537,4.750,0.769,-0.670
0.00,1538,-1.903,3.592,8.899
0.00,1539,-8.960,-8.961,-0.154
0.00,1540,-4.956,9.311,7.758
0.00,1541,-4.775,2.490,-1.006
0.00,1542,2.053,-3.299,-5.566
0.00,1543,4.486,-7.484,-3.222
0.00,1544,7.518,2.105,0.970
0.00,1545,-1.244,1.673,-1.749
0.00,1546,-6.585,8.677,3.035
0.00,1547,-1.661,0.834,-1.351
0.00,1548,8.748,2.368,0.854
0.00,1549,0.346,4.969,-7.996
0.00,1550,-5.286,3.193,-9.314
0.00,1551,3.671,1.811,7.253
0.00,1552,-8.278,-0.482,-1.715
0.00,1553,5.576,4.311,-5.806
0.00,1554,-4.763,4.376,5.147
0.00,1555,5.765,-3.130,-4.231
0.00,1556,-6.994,2.658,1.661
0.00,1557,9.650,8.861,-9.230
0.00,1558,-1.778,-9.320,-9.734
0.00,1559,-7.286,-3.897,-4.406
0.00,1560,-3.156,2.660,0.254
0.00,1561,-8.404,-8.105,3.991
0.00,1562,3.376,5.196,0.327
0.00,1563,5.182,6.987,-4.316
0.00,1564,-8.896,-8.564,-9.377
0.00,1565,2.329,-4.036,5.534
0.00,1566,-4.905,-2.308,4.948
0.00,1567,-5.389,8.698,2.178
0.00,1568,-1.507,5.542,-0.663
0.00,1569,1.048,1.422,-2.713
0.00,1570,4.232,8.456,1.347
0.00,1571,-8.572,4.225,-5.651
0.00,1572,-8.291,4.338,8.132
0.00,1573,8.912,6.439,6.823
0.00,1574,-7.648,2.280,-0.707
0.00,1575,-3.441,-1.117,-4.476
0.00,1576,8.251,-6.589,-9.323
0.00,1577,-2.948,2.807,2.017
0.00,1578,-5.737,7.713,1.376
0.00,1579,-3.918,-6.646,9.062
0.00,1580,-6.235,-8.533,-4.963
0.00,1581,-2.743,-8.342,-0.141
0.00,1582,0.151,-5.098,0.467
0.00,1583,-1.948,7.963,-5.605
0.00,1584,7.861,1.374,-4.177
0.00,1585,0.157,-0.080,3.204
0.00,1586,-6.732,-1.957,3.495
0.00,1587,8.031,-2.281,-0.204
0.00,1588,-1.003,-3.273,-3.394
0.00,1589,-3.479,1.066,-9.398
0.00,1590,-2.707,-1.268,6.999
0.00,1591,-6.865,-7.887,-3.031
0.00,1592,-9.639,-6.693,1.353
0.00,1593,-4.969,8.572,4.205
0.00,1594,-4.385,-8.416,6.930
0.00,1595,8.719,1.064,-4.220
0.00,1596,4.637,-9.137,-2.202
0.00,1597,-6.918,-9.348,2.365
0.00,1598,2.080,-9.344,0.527
0.00,1599,1.372,9.513,1.172
0.00,1600,6.141,-9.385,3.001
0.00,1601,-0.404,4.380,-6.835
0.00,1602,-2.694,-1.606,7.372
0.00,1603,0.297,-3.583,9.399
0.00,1604,8.403,9.532,5.387
0.00,1605,7.394,6.721,1.625
0.00,1606,-3.454,-3.634,-8.719
0.00,1607,4.494,-1.255,-0.791
0.00,1608,7.753,-4.286,3.645
0.00,1609,-6.041,4.679,-4.349
0.00,1610,-3.634,2.469,0.846
0.00,1611,-6.325,2.618,8.095
0.00,1612,-9.624,1.212,-1.129
0.00,1613,2.222,-8.225,-7.371
0.00,1614,-0.869,-5.126,-5.709
0.00,1615,-4.614,-9.058,4.357
0.00,1616,9.530,-4.415,-1.023
0.00,1617,8.977,1.251,-4.247
0.00,1618,2.039,4.690,8.220
0.00,1619,2.293,-7.697,1.463
0.00,1620,5.786,-6.070,8.056
0.00,1621,-0.030,8.492,7.581
0.00,1622,1.480,5.669,6.710
0.00,1623,-7.373,3.924,-8.968
0.00,1624,4.688,-7.559,8.172
0.00,1625,-3.021,1.111,-4.008
0.00,1626,-2.857,7.293,-6.421
0.00,1627,5.028,0.084,0.568
0.00,1628,-1.727,-4.927,-6.069
0.00,1629,8.762,-0.068,6.254
0.00,1630,1.984,-2.102,9.547
0.00,1631,5.825,7.671,-5.308
0.00,1632,5.264,-2.604,1.797
0.00,1633,-0.135,-9.581,-8.499
0.00,1634,0.024,3.995,-0.858
0.00,1635,0.495,1.875,9.316
0.00,1636,-2.185,-4.565,6.225
0.00,1637,6.092,-8.237,8.607
0.00,1638,-0.410,9.374,-2.095
0.00,1639,-8.054,-8.940,-9.252
0.00,1640,-0.022,-5.360,-1.942
0.00,1641,-8.791,9.747,-8.829
0.00,1642,-8.766,5.348,5.799
0.00,1643,-6.457,-1.758,3.649
0.00,1644,0.506,1.423,-8.989
0.00,1645,2.112,7.261,-8.551
0.00,1646,8.588,1.792,7.033
0.00,1647,6.627,4.198,-4.749
0.00,1648,7.913,-7.348,-2.495
0.00,1649,4.737,2.857,4.351
0.00,1650,-0.463,-5.545,3.785
0.00,1651,2.219,3.740,-2.908
0.00,1652,8.896,-8.174,-3.353
0.00,1653,-4.461,8.001,2.135
0.00,1654,5.736,-0.633,-5.102
0.00,1655,-9.448,-5.985,0.236
0.00,1656,-5.358,0.353,1.088
0.00,1657,3.504,1.245,-9.248
0.00,1658,-4.737,-0.748,-4.647
0.00,1659,4.630,-2.900,3.792
0.00,1660,7.280,4.314,-8.763
0.00,1661,-3.400,7.666,9.412
0.00,1662,-5.168,2.903,-6.778
0.00,1663,-9.208,-6.250,1.988
0.00,1664,2.398,9.074,4.807
0.00,1665,-6.864,3.741,4.540
0.00,1666,-8.723,7.119,-0.672
0.00,1667,-4.495,9.624,-9.041
0.00,1668,9.593,-6.088,-3.771
0.00,1669,-0.220,-4.670,-8.615
0.00,1670,0.572,4.845,9.099
0.00,1671,4.394,-3.130,-9.124
0.00,1672,-5.663,9.235,9.227
0.00,1673,-9.655,-8.904,-4.389
0.00,1674,3.054,6.479,2.223
0.00,1675,2.417,-1.262,7.240
0.00,1676,2.121,-7.237,-8.375
0.00,1677,-1.384,3.962,9.104
0.00,1678,1.199,-6.978,2.914
0.00,1679,0.685,-9.090,1.639
0.00,1680,-7.758,7.747,-5.248
0.00,1681,-8.420,-1.072,5.999
0.00,1682,-3.736,9.152,4.365
0.00,1683,8.182,6.441,-8.529
0.00,1684,-2.817,-2.876,3.239
0.00,1685,3.821,5.922,1.286
0.00,1686,-7.305,6.005,-2.710
0.00,1687,6.332,-8.310,1.326
0.00,1688,-0.067,5.785,7.734
0.00,1689,1.037,3.757,9.325
0.00,1690,-7.813,-9.175,-4.580
0.00,1691,2.647,4.192,6.777
0.00,1692,-8.385,5.369,1.871
0.00,1693,7.999,-6.564,3.117
0.00,1694,-3.987,7.878,-1.566
0.00,1695,-5.807,5.570,8.129
0.00,1696,2.647,-5.922,-4.889
0.00,1697,-2.705,-0.184,-8.824
0.00,1698,5.504,-9.524,5.127
0.00,1699,5.288,-0.194,2.620
0.00,1700,1.559,2.960,8.220
0.00,1701,4.907,6.256,-2.007
0.00,1702,2.945,-0.051,-9.230
0.00,1703,4.298,5.293,3.834
0.00,1704,-2.714,4.567,-5.644
0.00,1705,-7.915,-9.639,0.156
0.00,1706,-0.821,5.087,9.737
0.00,1707,-0.572,9.288,9.647
0.00,1708,0.449,-7.435,9.242
0.00,1709,0.832,-3.462,-1.128
0.00,1710,8.137,-0.395,-4.235
0.00,1711,3.865,0.327,-0.888
0.00,1712,-4.358,-8.714,0.765
0.00,1713,8.440,-0.001,8.517
0.00,1714,-4.520,-6.851,8.134
0.00,1715,-0.682,3.875,3.793
0.00,1716,-7.141,7.377,8.518
0.00,1717,8.229,0.021,0.047
0.00,1718,8.928,7.596,-6.707
0.00,1719,-4.220,5.240,6.846
0.00,1720,5.179,-0.610,-8.909
0.00,1721,-5.201,3.973,3.994
0.00,1722,7.645,1.483,9.333
0.00,1723,9.148,6.971,-4.905
0.00,1724,9.751,-5.667,-2.904
0.00,1725,-4.429,-5.255,-0.326
0.00,1726,7.349,8.921,-8.930
0.00,1727,-7.759,7.199,8.399
0.00,1728,-7.395,-3.124,-8.166
0.00,1729,-4.103,-4.046,2.885
0.00,1730,2.621,-3.279,0.264
0.00,1731,6.789,-0.568,0.756
0.00,1732,5.601,-0.419,-4.253
0.00,1733,-0.596,-9.530,-9.707
0.00,1734,8.134,3.758,4.142
0.00,1735,2.905,-8.209,0.599
0.00,1736,6.726,0.614,7.054
0.00,1737,9.335,-4.399,5.224
0.00,1738,-7.148,4.951,-1.861
0.00,1739,-8.770,-3.726,5.451
0.00,1740,-8.510,2.446,-9.044
0.00,1741,2.903,-0.240,6.243
0.00,1742,-4.321,1.095,-1.267
0.00,1743,0.940,8.058,8.836
0.00,1744,2.617,-8.193,-3.887
0.00,1745,1.082,2.144,5.686
0.00,1746,2.764,7.948,6.068
0.00,1747,-3.063,1.658,-7.788
0.00,1748,-7.232,-3.046,-7.530
0.00,1749,-0.321,4.733,5.733
0.00,1750,3.492,7.595,-7.537
0.00,1751,-5.630,5.709,-1.068
0.00,1752,-7.696,-1.194,-7.634
0.00,1753,-0.270,8.333,-0.204
0.00,1754,0.971,2.288,0.429
0.00,1755,2.905,-0.694,-0.450
0.00,1756,-7.403,-5.784,-1.609
0.00,1757,-6.354,3.686,4.467
0.00,1758,7.900,1.857,-5.051
0.00,1759,-0.733,-8.176,-6.074
0.00,1760,-1.815,7.729,2.322
0.00,1761,8.659,-8.303,-1.388
0.00,1762,-9.641,-6.491,-0.133
0.00,1763,-2.064,1.855,8.826
0.00,1764,3.805,6.757,7.723
0.00,1765,-0.770,7.852,2.026
0.00,1766,-5.486,-4.073,-2.117
0.00,1767,-6.367,-4.076,0.982
0.00,1768,7.709,-0.464,6.669
0.00,1769,5.859,-9.489,4.547
0.00,1770,4.376,1.805,5.987
0.00,1771,-0.826,1.694,0.070
0.00,1772,-7.015,0.129,-5.562
0.00,1773,-7.647,8.037,-0.822
0.00,1774,-2.954,-9.104,7.876
0.00,1775,3.551,9.176,-5.968
0.00,1776,9.378,-6.344,-5.415
0.00,1777,8.765,2.540,-5.625
0.00,1778,-3.696,0.217,-6.157
0.00,1779,-6.250,-5.322,7.956
0.00,1780,-7.887,-1.327,0.980
0.00,1781,3.059,5.806,1.381
0.00,1782,-6.761,5.023,-6.342
0.00,1783,-5.987,7.142,-0.091
0.00,1784,-2.086,-6.760,9.529
0.00,1785,-3.136,4.575,-0.372
0.00,1786,-4.012,9.594,4.333
0.00,1787,7.380,-9.102,4.168
0.00,1788,-5.778,8.926,8.613
0.00,1789,-1.167,-6.611,4.317
0.00,1790,4.840,-9.126,6.396
0.00,1791,-4.210,2.436,-8.326
0.00,1792,-2.186,-8.251,-8.351
0.00,1793,3.038,2.092,7.950
0.00,1794,-2.060,-7.970,2.748
0.00,1795,2.551,3.694,-0.188
0.00,1796,4.309,7.097,-9.510
0.00,1797,-2.314,-2.222,3.386
0.00,1798,8.320,9.656,-8.785
0.00,1799,-6.581,9.518,0.686
0.00,1800,-4.231,-8.068,2.927
0.00,1801,8.166,5.047,-2.842
0.00,1802,6.894,5.603,-5.746
0.00,1803,-6.034,-7.856,8.997
0.00,1804,-4.061,-5.925,3.563
0.00,1805,-0.464,8.938,-5.921
0.00,1806,-3.760,-0.011,8.580
0.00,1807,5.834,-2.114,-4.134
0.00,1808,2.150,-2.413,8.306
0.00,1809,4.528,-0.659,-0.168
0.00,1810,-1.002,-6.080,-1.822
0.00,1811,4.255,-9.743,-4.624
0.00,1812,5.771,2.740,-0.283
0.00,1813,0.235,-5.557,8.112
0.00,1814,7.502,3.521,-5.062
0.00,1815,-1.192,-1.627,-0.908
0.00,1816,-0.778,5.816,-5.482
0.00,1817,5.149,6.606,-4.392
0.00,1818,9.129,5.356,8.775
0.00,1819,-7.028,2.405,-3.261
0.00,1820,-5.023,9.577,-4.490
0.00,1821,-7.128,-0.958,-6.666
0.00,1822,3.899,-6.401,2.417
0.00,1823,9.187,3.088,-5.997
0.00,1824,9.662,-5.488,-6.496
0.00,1825,-4.761,8.140,-6.143
0.00,1826,-6.888,-6.248,8.310
0.00,1827,0.076,4.422,2.217
0.00,1828,-8.231,-1.970,-3.867
0.00,1829,0.291,1.649,5.620
0.00,1830,4.002,-3.211,-0.985
0.00,1831,2.049,-6.991,8.953
0.00,1832,4.414,-4.078,2.480
0.00,1833,0.343,1.173,7.115
0.00,1834,5.402,0.218,-4.504
0.00,1835,-1.272,-2.792,8.479
0.00,1836,-1.736,2.054,-3.438
0.00,1837,4.623,-0.113,-8.296
0.00,1838,2.909,-5.436,-9.348
0.00,1839,-2.090,-0.980,-2.448
0.00,1840,-5.688,-8.083,0.388
0.00,1841,3.084,9.747,-8.822
0.00,1842,-1.764,5.395,-7.844
0.00,1843,-3.997,3.717,1.759
0.00,1844,1.414,1.018,-9.006
0.00,1845,-1.421,-6.763,-4.966
0.00,1846,1.297,-9.749,5.451
0.00,1847,8.727,-1.191,7.540
0.00,1848,-1.286,-1.108,3.850
0.00,1849,6.415,-6.601,-9.608
0.00,1850,9.106,6.282,-2.590
0.00,1851,-7.333,2.007,-4.131
0.00,1852,-2.281,-3.992,-1.764
0.00,1853,-3.980,4.833,-3.284
0.00,1854,6.712,3.154,-0.530
0.00,1855,1.478,3.180,-6.033
0.00,1856,-1.160,3.372,1.280
0.00,1857,8.631,-5.416,7.561
0.00,1858,-7.881,2.690,-5.333
0.00,1859,-8.370,3.254,6.560
0.00,1860,-8.758,-0.074,-2.469
0.00,1861,5.787,-6.089,2.102
0.00,1862,3.702,-3.738,1.707
0.00,1863,4.729,3.671,-1.328
0.00,1864,-1.128,-1.039,8.049
0.00,1865,-1.380,8.168,7.991
0.00,1866,1.035,4.949,-8.369
0.00,1867,-7.894,7.039,-4.374
0.00,1868,-2.453,8.448,-9.332
0.00,1869,-2.323,9.018,6.333
0.00,1870,-3.399,9.279,5.474
0.00,1871,-1.417,-2.034,3.025
0.00,1872,1.888,5.984,-2.273
0.00,1873,-4.830,7.040,3.796
0.00,1874,-5.959,-4.827,-5.341
0.00,1875,4.484,-1.011,6.020
0.00,1876,8.494,2.794,0.615
0.00,1877,3.787,0.879,6.827
0.00,1878,8.175,3.563,-0.034
0.00,1879,6.198,-9.021,2.279
0.00,1880,9.733,-1.012,3.415
0.00,1881,3.406,-3.177,4.428
0.00,1882,-3.461,-0.465,0.102
0.00,1883,-9.158,-0.264,0.136
0.00,1884,-3.917,3.001,-1.446
0.00,1885,-7.575,-3.289,8.406
0.00,1886,-1.640,7.153,0.481
0.00,1887,-3.881,2.154,-4.783
0.00,1888,-1.887,0.580,-4.685
0.00,1889,7.548,3.033,3.989
0.00,1890,5.023,-4.284,1.656
0.00,1891,0.614,-8.711,-2.413
0.00,1892,-8.290,7.864,9.400
0.00,1893,-5.726,7.618,3.781
0.00,1894,-7.251,0.632,-8.706
0.00,1895,5.728,-7.592,8.204
0.00,1896,0.064,2.614,6.338
0.00,1897,5.797,6.283,2.991
0.00,1898,-0.975,2.152,1.639
0.00,1899,-9.027,-6.296,5.839
0.00,1900,4.143,-8.459,6.721
0.00,1901,-1.725,-5.050,9.535
0.00,1902,7.807,6.054,-7.544
0.00,1903,7.137,-6.276,-3.124
0.00,1904,8.639,-9.121,-2.891
0.00,1905,-5.768,-7.799,2.262
0.00,1906,0.482,4.426,6.996
0.00,1907,-0.160,-1.929,9.171
0.00,1908,-3.765,-3.364,-0.438
0.00,1909,9.102,3.360,-7.894
0.00,1910,-6.595,8.894,6.967
0.00,1911,9.518,8.652,3.895
0.00,1912,0.304,4.078,-4.331
0.00,1913,8.503,2.606,5.966
0.00,1914,6.772,9.647,9.180
0.00,1915,0.003,6.892,5.336
0.00,1916,-6.064,-2.506,3.678
0.00,1917,-4.616,1.678,-5.028
0.00,1918,-3.665,6.199,7.848
0.00,1919,-9.564,5.160,-3.975
0.00,1920,9.648,-4.888,8.848
0.00,1921,-0.596,-2.020,7.775
0.00,1922,-1.656,-9.588,-9.354
0.00,1923,-4.576,-8.082,8.199
0.00,1924,5.245,1.219,9.010
0.00,1925,3.168,9.197,5.722
0.00,1926,-0.029,8.335,-1.401
0.00,1927,0.607,-5.836,7.342
0.00,1928,0.143,-8.664,0.221
0.00,1929,-0.832,7.876,-9.482
0.00,1930,4.245,-3.473,-3.326
0.00,1931,-9.648,-7.291,-0.507
0.00,1932,-5.118,-3.533,-2.397
0.00,1933,-1.130,6.664,-7.137
0.00,1934,7.388,9.627,3.186
0.00,1935,-8.972,4.022,-1.200
0.00,1936,3.965,7.706,-0.607
0.00,1937,-3.944,3.642,9.187
0.00,1938,-9.313,-2.768,-6.976
0.00,1939,-9.302,2.759,1.962
0.00,1940,6.250,1.516,8.072
0.00,1941,-4.171,0.801,6.521
0.00,1942,7.205,-8.107,4.420
0.00,1943,-1.856,-8.722,9.458
0.00,1944,5.849,-6.378,7.537
0.00,1945,8.082,-8.709,-2.195
0.00,1946,-5.476,4.637,-6.806
0.00,1947,2.306,2.434,6.084
0.00,1948,-3.268,4.817,6.491
0.00,1949,-2.587,-1.562,4.687
0.00,1950,1.105,-8.366,-4.298
0.00,1951,-9.744,-5.086,2.336
0.00,1952,7.927,9.536,8.305
0.00,1953,6.049,-9.044,7.380
0.00,1954,7.349,-2.263,-2.202
0.00,1955,6.717,9.658,-3.619
0.00,1956,-0.450,-1.999,-9.319
0.00,1957,-4.865,8.225,4.525
0.00,1958,-7.244,-4.034,5.237
0.00,1959,-7.609,6.005,-0.416
0.00,1960,-6.803,-4.255,6.000
0.00,1961,5.770,-1.479,1.208
0.00,1962,6.298,2.754,1.716
0.00,1963,-7.303,-5.787,-2.401
0.00,1964,3.431,-0.893,-4.147
0.00,1965,-1.267,-7.708,0.855
0.00,1966,-4.576,-7.043,8.236
0.00,1967,5.910,-9.120,8.451
0.00,1968,5.896,8.441,4.609
0.00,1969,-9.113,-3.088,4.311
0.00,1970,-3.566,0.063,-4.603
0.00,1971,7.504,9.449,5.863
0.00,1972,-1.909,-6.793,5.452
0.00,1973,-4.312,-2.679,3.034
0.00,1974,1.592,-4.158,-5.702
0.00,1975,-5.559,-7.149,-6.616
0.00,1976,-1.336,8.491,8.730
0.00,1977,1.883,-9.723,7.164
0.00,1978,-8.476,-1.765,4.842
0.00,1979,-9.044,-5.077,3.578
0.00,1980,-5.077,-5.589,-5.288
0.00,1981,0.074,-1.034,5.186
0.00,1982,4.773,-1.871,-7.156
0.00,1983,-3.476,4.084,8.032
0.00,1984,1.397,3.836,1.455
0.00,1985,1.836,-0.552,2.974
0.00,1986,-8.595,-4.047,6.045
0.00,1987,8.949,-7.817,5.495
0.00,1988,5.580,5.982,5.609
0.00,1989,-0.673,-7.053,0.408
0.00,1990,-3.206,3.493,-7.523
0.00,1991,-3.652,-3.407,1.729
0.00,1992,2.911,-2.043,0.750
0.00,1993,3.801,7.424,5.455
0.00,1994,6.011,-7.228,1.671
0.00,1995,2.036,1.635,0.619
0.00,1996,-9.610,2.781,-1.225
0.00,1997,-4.616,6.934,2.720
0.00,1998,-7.039,4.511,8.494
0.00,1999,8.030,-0.651,-8.607
0.00,2000,-3.740,6.231,6.737
0.00,2001,-4.663,-3.139,2.656
0.00,2002,2.104,-9.154,-6.861
0.00,2003,-4.060,-8.003,3.488
0.00,2004,5.035,3.965,1.950
0.00,2005,-2.961,-4.330,4.117
0.00,2006,5.089,2.220,-4.595
0.00,2007,0.620,-0.609,8.617
0.00,2008,6.409,-7.178,9.583
0.00,2009,1.536,-7.648,3.261
0.00,2010,2.982,0.420,0.139
0.00,2011,-5.814,7.293,2.376
0.00,2012,6.587,5.541,-7.232
0.00,2013,2.030,-5.124,5.610
0.00,2014,-0.217,-9.473,2.050
0.00,2015,-8.963,-4.046,1.332
0.00,2016,7.697,2.423,-5.513
0.00,2017,5.753,-8.793,-9.210
0.00,2018,0.033,6.249,4.668
0.00,2019,-5.044,4.931,-5.337
0.00,2020,-4.839,-6.154,-6.294
0.00,2021,9.384,3.937,7.911
0.00,2022,-2.029,2.929,-0.503
0.00,2023,5.007,-8.964,-7.460
0.00,2024,-6.770,2.952,2.368
0.00,2025,-8.744,1.289,-7.430
0.00,2026,0.907,-8.440,3.835
0.00,2027,6.896,-8.586,-1.210
0.00,2028,5.504,-1.037,-2.452
0.00,2029,3.452,0.213,1.825
0.00,2030,6.732,6.415,-4.770
0.00,2031,-1.693,0.282,-0.311
0.00,2032,-6.326,0.695,3.974
0.00,2033,-7.550,-7.094,-1.756
0.00,2034,1.206,3.561,-7.468
0.00,2035,-6.545,3.503,0.156
0.00,2036,5.055,-0.116,7.953
0.00,2037,-4.066,-3.707,-0.477
0.00,2038,-3.015,-0.190,9.139
0.00,2039,4.410,5.866,-8.249
0.00,2040,-3.702,-6.768,-7.922
0.00,2041,8.072,-8.820,-1.282
0.00,2042,4.969,7.967,4.179
0.00,2043,-3.353,-4.907,8.384
0.00,2044,3.845,-7.717,6.250
0.00,2045,3.333,-2.244,4.945
0.00,2046,3.237,2.364,6.631
0.00,2047,-4.133,-5.587,2.947
0.00,2048,-2.768,6.268,8.583
0.00,2049,3.972,-6.015,4.366
0.00,2050,-0.545,-1.621,-4.868
0.00,2051,-4.650,9.554,-9.120
0.00,2052,7.749,9.140,9.213
0.00,2053,3.908,5.589,-4.386
0.00,2054,7.377,7.255,-2.736
0.00,2055,8.884,5.980,4.767
0.00,2056,4.714,9.077,-3.751
0.00,2057,5.401,9.132,-4.614
0.00,2058,5.196,-3.130,-7.366
0.00,2059,8.760,-0.852,9.678
0.00,2060,7.587,0.506,1.468
0.00,2061,-6.316,1.219,2.777
0.00,2062,-3.831,2.743,5.627
0.00,2063,-3.113,0.259,4.205
0.00,2064,6.695,-8.857,9.514
0.00,2065,1.178,2.584,6.071
0.00,2066,-6.433,2.718,-3.515
0.00,2067,-1.423,-4.127,4.032
0.00,2068,5.869,-6.766,-7.418
0.00,2069,7.195,4.117,-3.353
0.00,2070,-5.398,3.025,-6.546
0.00,2071,3.258,-1.335,1.551
0.00,2072,6.896,-5.019,-5.461
0.00,2073,-7.370,-8.151,-0.440
0.00,2074,-3.001,4.052,-5.350
0.00,2075,-9.561,-5.110,8.893
0.00,2076,8.259,2.507,-3.535
0.00,2077,-1.075,-2.784,3.569
0.00,2078,-0.109,3.554,7.688
0.00,2079,9.255,7.391,-1.918
0.00,2080,-9.723,3.452,9.660
0.00,2081,-1.816,7.848,3.845
0.00,2082,-7.330,-7.063,4.891
0.00,2083,-2.367,7.617,8.588
0.00,2084,-9.208,-1.580,-6.224
0.00,2085,4.964,-2.869,4.998
0.00,2086,-3.153,-3.623,-1.936
0.00,2087,1.480,5.299,9.491
0.00,2088,3.602,1.026,-4.151
0.00,2089,9.047,1.481,6.819
0.00,2090,-7.046,-3.901,5.593
0.00,2091,-7.320,4.284,1.460
0.00,2092,0.534,-1.183,-2.359
0.00,2093,-3.371,-9.471,0.031
0.00,2094,2.366,8.864,3.499
0.00,2095,6.828,3.849,-6.233
0.00,2096,-6.975,5.432,5.529
0.00,2097,3.766,-1.231,9.216
0.00,2098,-0.459,-2.500,0.514
0.00,2099,-2.480,-5.108,7.308
0.00,2100,7.661,-4.754,-5.834
0.00,2101,-7.018,-3.586,-8.523
0.00,2102,-8.132,-3.384,-0.226
0.00,2103,-9.222,-1.212,0.721
0.00,2104,-3.505,-8.039,-3.564
0.00,2105,-3.120,0.299,-4.152
0.00,2106,-3.458,4.810,-6.215
0.00,2107,2.330,1.963,-4.023
0.00,2108,5.357,-0.263,1.769
0.00,2109,-5.626,2.022,-5.881
0.00,2110,4.489,-9.522,9.102
0.00,2111,3.471,0.821,-3.883
0.00,2112,1.821,5.335,8.576
0.00,2113,-6.208,6.875,1.612
0.00,2114,-9.253,7.379,2.310
0.00,2115,-3.737,-7.359,-3.821
0.00,2116,-8.442,-2.041,-1.014
0.00,2117,-0.469,-2.966,5.667
0.00,2118,-2.616,-5.765,-9.075
0.00,2119,-3.168,-3.912,7.218
0.00,2120,7.630,-0.112,8.393
0.00,2121,-7.652,-8.380,9.474
0.00,2122,-2.355,-4.477,0.840
0.00,2123,9.352,0.816,9.153
0.00,2124,-7.156,-1.242,9.140
0.00,2125,-3.227,-5.837,-7.463
0.00,2126,6.956,-7.057,1.760
0.00,2127,-2.713,6.333,3.184
0.00,2128,-0.663,1.555,8.687
0.00,2129,-2.773,-1.363,-5.954
0.00,2130,-8.624,7.307,-2.604
0.00,2131,6.324,-7.644,-3.349
0.00,2132,7.511,7.939,-7.370
0.00,2133,4.886,-7.371,8.167
0.00,2134,8.513,1.993,4.391
0.00,2135,0.899,1.550,1.534
0.00,2136,-1.583,-2.333,-8.959
0.00,2137,8.764,-3.646,0.265
0.00,2138,-9.113,-1.519,-5.489
0.00,2139,-2.050,6.347,4.024
0.00,2140,0.987,-7.861,8.686
0.00,2141,-0.078,0.285,-4.338
0.00,2142,-2.775,9.228,-4.193
0.00,2143,-8.725,-4.124,2.596
0.00,2144,7.664,-4.393,1.283
0.00,2145,2.355,-1.156,-8.564
0.00,2146,2.805,-1.513,-4.673
0.00,2147,8.900,-5.818,3.063
0.00,2148,2.266,4.296,0.816
0.00,2149,1.102,5.333,-6.435
0.00,2150,-2.432,-6.003,3.940
0.00,2151,-1.502,8.734,-3.359
0.00,2152,8.944,2.391,2.466
0.00,2153,-8.218,0.484,6.758
0.00,2154,-1.814,-6.525,4.261
0.00,2155,7.930,-7.721,9.205
0.00,2156,3.798,4.462,8.736
0.00,2157,-1.832,7.588,7.492
0.00,2158,-2.894,4.504,1.860
0.00,2159,2.071,4.120,6.823
0.00,2160,-3.714,6.765,2.935
0.00,2161,-5.484,7.521,6.840
0.00,2162,4.764,-7.630,-4.270
0.00,2163,-1.610,-6.671,4.972
0.00,2164,-1.380,-1.887,7.555
0.00,2165,6.347,8.100,-8.108
0.00,2166,8.578,-7.191,-9.304
0.00,2167,1.511,0.961,-5.228
0.00,2168,-5.859,2.351,0.970
0.00,2169,-9.431,1.178,8.488
0.00,2170,-0.815,8.194,7.810
0.00,2171,-8.582,-2.442,-6.695
0.00,2172,-6.051,8.775,5.604
0.00,2173,1.818,-3.116,6.313
0.00,2174,0.807,-4.385,5.792
0.00,2175,-5.150,-7.952,-6.316
0.00,2176,1.966,-3.849,3.743
0.00,2177,-6.551,3.111,7.228
0.00,2178,6.876,-3.220,8.980
0.00,2179,1.265,2.027,-2.571
0.00,2180,5.415,2.282,-7.330
0.00,2181,-4.360,-0.871,-6.647
0.00,2182,-4.379,-7.037,2.508
0.00,2183,8.762,1.720,-1.460
0.00,2184,6.194,8.973,-5.587
0.00,2185,9.258,4.347,-5.438
0.00,2186,0.275,9.414,-3.921
0.00,2187,-5.159,-2.806,4.911
0.00,2188,8.294,7.939,5.735
0.00,2189,-8.580,9.676,-8.442
0.00,2190,8.037,-3.300,1.183
0.00,2191,-8.872,-4.588,-0.466
0.00,2192,9.017,-8.275,-5.854
0.00,2193,3.069,-4.023,-5.569
0.00,2194,-0.603,-2.237,9.751
0.00,2195,1.793,-1.825,-2.495
0.00,2196,1.268,-1.478,-4.238
0.00,2197,8.736,5.070,-4.530
0.00,2198,-1.917,-4.027,0.629
0.00,2199,7.923,-8.546,-3.713
0.00,2200,-3.916,6.352,0.500
0.00,2201,-2.057,7.640,1.768
0.00,2202,1.549,9.258,-7.950
0.00,2203,-1.570,-0.635,1.541
0.00,2204,3.621,0.828,-4.904
0.00,2205,3.090,3.970,8.946
0.00,2206,-1.776,-2.452,3.488
0.00,2207,2.995,-5.209,-5.247
0.00,2208,3.555,2.371,-2.775
0.00,2209,8.182,1.182,-3.292
0.00,2210,1.419,-6.967,7.334
0.00,2211,-5.316,-2.232,1.393
0.00,2212,-9.348,6.603,0.180
0.00,2213,-5.505,5.855,-3.471
0.00,2214,1.457,-7.388,-7.064
0.00,2215,-8.773,-1.853,4.236
0.00,2216,-1.192,-8.549,2.645
0.00,2217,-8.418,1.300,-7.023
0.00,2218,9.339,5.741,3.173
0.00,2219,0.230,-4.095,1.121
0.00,2220,6.617,6.136,-6.211
0.00,2221,-2.531,1.500,3.242
0.00,2222,-8.378,3.877,-4.923
0.00,2223,6.339,-1.200,4.125
0.00,2224,-0.516,2.450,0.627
0.00,2225,4.181,1.847,-8.996
0.00,2226,3.552,-5.872,-7.517
0.00,2227,-1.545,-8.186,9.568
0.00,2228,-6.049,-2.514,0.778
0.00,2229,-7.522,-0.553,-0.009
0.00,2230,-1.716,0.396,-6.347
0.00,2231,-2.871,0.305,-8.502
0.00,2232,-6.882,-9.208,-6.132
0.00,2233,-8.311,-2.464,-5.194
0.00,2234,-7.341,7.223,5.445
0.00,2235,1.031,-5.775,0.782
0.00,2236,0.907,-3.206,-0.865
0.00,2237,-3.345,-7.889,0.963
0.00,2238,7.393,2.973,-0.265
0.00,2239,6.469,6.560,-9.392
0.00,2240,2.782,-5.081,-6.585
0.00,2241,-1.690,7.823,4.254
0.00,2242,-8.465,2.677,3.056
0.00,2243,-9.534,1.571,5.988
0.00,2244,9.487,-0.657,2.939
0.00,2245,5.693,0.519,6.549
0.00,2246,4.375,3.340,-2.782
0.00,2247,7.953,-4.873,5.310
0.00,2248,-5.486,0.619,7.901
0.00,2249,7.850,2.060,-0.040
0.00,2250,0.158,-7.838,-1.665
0.00,2251,-0.099,-9.426,4.344
0.00,2252,-5.431,7.660,-4.674
0.00,2253,-0.374,-2.091,-3.168
0.00,2254,-6.811,0.903,1.513
0.00,2255,3.690,-5.119,0.830
0.00,2256,-4.113,-2.222,-3.116
0.00,2257,2.901,-9.419,0.451
0.00,2258,-3.280,-6.560,-2.543
0.00,2259,-4.372,-9.137,5.113
0.00,2260,0.153,-7.216,-2.472
0.00,2261,-0.358,1.852,5.095
0.00,2262,7.014,5.985,-0.882
0.00,2263,-3.172,8.627,-6.870
0.00,2264,7.215,4.146,3.024
0.00,2265,-1.377,-3.106,7.553
0.00,2266,0.170,8.814,9.529
0.00,2267,5.734,-0.325,-9.198
0.00,2268,1.452,4.541,7.042
0.00,2269,6.136,9.345,6.376
0.00,2270,5.281,1.039,5.991
0.00,2271,9.578,-8.883,-9.346
0.00,2272,3.966,8.443,4.187
0.00,2273,6.575,-5.289,0.350
0.00,2274,5.766,6.024,-2.812
0.00,2275,3.282,-1.800,-4.779
0.00,2276,-4.597,-5.180,-6.998
0.00,2277,9.129,5.250,-2.414
0.00,2278,-5.029,-1.899,6.275
0.00,2279,7.311,-2.526,-4.595
0.00,2280,9.329,-2.977,6.163
0.00,2281,9.101,5.809,-7.576
0.00,2282,0.625,4.182,8.638
0.00,2283,3.718,3.590,2.009
0.00,2284,4.328,-4.546,-0.097
0.00,2285,3.481,-6.349,-4.096
0.00,2286,-1.102,-3.761,2.190
0.00,2287,9.015,-2.889,0.780
0.00,2288,-6.524,3.847,3.913
0.00,2289,9.615,6.059,-0.516
0.00,2290,0.532,5.480,-4.174
0.00,2291,-1.237,-1.417,-6.190
0.00,2292,4.942,-4.032,-5.178
0.00,2293,9.152,8.437,-0.425
0.00,2294,1.725,-5.527,-6.802
0.00,2295,0.581,-7.936,-6.513
0.00,2296,-1.984,-3.517,6.426
0.00,2297,-0.205,-7.484,-9.266
0.00,2298,-3.503,0.502,-5.077
0.00,2299,-9.206,2.613,-3.723
0.00,2300,3.789,-0.304,5.671
0.00,2301,0.040,-5.913,-4.991
0.00,2302,-0.945,3.680,-6.310
0.00,2303,8.906,2.449,-8.345
0.00,2304,5.210,3.979,5.389
0.00,2305,3.076,-6.444,-5.826
0.00,2306,1.231,0.220,-2.272
0.00,2307,5.592,-6.614,-8.810
0.00,2308,-7.525,-9.313,-9.365
0.00,2309,-6.169,3.342,5.725
0.00,2310,-9.191,-4.623,5.078
0.00,2311,-1.828,-3.200,9.311
0.00,2312,-3.379,-8.678,-7.007
0.00,2313,-0.074,-2.410,3.602
0.00,2314,2.342,2.064,5.085
0.00,2315,8.927,-0.836,-0.621
0.00,2316,-6.460,5.105,-4.396
0.00,2317,-8.431,9.210,-2.704
0.00,2318,7.393,-3.303,-5.724
0.00,2319,2.968,-2.134,-8.904
0.00,2320,-6.993,-7.496,-4.995
0.00,2321,6.549,-6.468,4.567
0.00,2322,1.062,0.684,-8.429
0.00,2323,-7.641,-7.700,5.332
0.00,2324,7.754,-4.941,-8.187
0.00,2325,1.369,5.797,-4.814
0.00,2326,2.785,8.158,5.314
0.00,2327,-2.878,-2.523,3.829
0.00,2328,0.889,4.318,-1.396
0.00,2329,-6.037,5.079,6.847
0.00,2330,-9.499,-6.695,-6.304
0.00,2331,-4.635,-2.065,5.461
0.00,2332,-3.478,-6.676,9.450
0.00,2333,-3.538,2.573,-5.875
0.00,2334,-9.420,9.717,8.304
0.00,2335,-5.645,-2.673,-0.459
0.00,2336,8.417,5.554,0.968
0.00,2337,-5.583,-7.441,-7.037
0.00,2338,5.366,7.368,-7.954
0.00,2339,0.337,-9.077,-6.915
0.00,2340,4.784,5.199,-4.673
0.00,2341,-1.376,-4.923,6.323
0.00,2342,1.823,-8.244,-5.763
0.00,2343,-4.414,-7.663,-1.620
0.00,2344,-8.514,6.172,4.866
0.00,2345,-1.123,2.852,-4.011
0.00,2346,-0.940,1.970,-1.855
0.00,2347,-9.570,2.119,1.028
0.00,2348,-6.638,-6.695,-0.419
0.00,2349,-1.550,0.734,-0.470
0.00,2350,4.347,1.420,9.380
0.00,2351,-2.694,-0.682,8.958
0.00,2352,1.138,9.368,-2.461
0.00,2353,-7.361,-7.634,-6.404
0.00,2354,-8.103,-0.436,-8.151
0.00,2355,-8.719,-7.598,0.887
0.00,2356,0.386,1.336,-3.015
0.00,2357,2.985,9.621,4.052
0.00,2358,-1.235,1.809,4.956
0.00,2359,3.514,-3.963,-0.265
0.00,2360,-0.960,-1.180,-4.366
0.00,2361,-3.087,-5.928,6.241
0.00,2362,-9.242,-3.723,-0.764
0.00,2363,0.325,3.121,6.168
0.00,2364,-1.284,6.854,-3.030
0.00,2365,6.007,5.523,0.026
0.00,2366,6.772,-3.077,-0.844
0.00,2367,0.067,1.791,5.026
0.00,2368,8.017,-6.387,8.714
0.00,2369,4.320,-2.108,4.141
0.00,2370,3.563,5.531,-8.459
0.00,2371,-1.143,-6.709,5.352
0.00,2372,-3.546,-2.468,1.152
0.00,2373,-8.175,3.196,-8.506
0.00,2374,7.620,-4.010,6.618
0.00,2375,-5.831,-2.850,8.726
0.00,2376,9.711,-1.335,3.571
0.00,2377,-0.216,-4.058,-5.847
0.00,2378,-9.631,1.433,8.008
0.00,2379,3.185,1.608,-1.121
0.00,2380,-7.901,-4.755,-0.358
0.00,2381,-4.382,-3.126,8.857
0.00,2382,1.544,3.635,0.613
0.00,2383,-9.117,2.807,8.525
0.00,2384,9.265,4.402,-1.929
0.00,2385,-8.388,-4.203,6.202
0.00,2386,-2.092,-8.529,7.363
0.00,2387,4.946,8.341,5.466
0.00,2388,-8.709,-7.666,-3.840
0.00,2389,-1.817,5.361,2.975
0.00,2390,-4.828,9.360,9.183
0.00,2391,-7.414,5.196,1.763
0.00,2392,-2.728,5.650,7.181
0.00,2393,7.366,4.350,-0.581
0.00,2394,0.567,2.756,7.577
0.00,2395,9.367,-8.686,-0.549
0.00,2396,5.567,-8.017,2.434
0.00,2397,0.622,-0.971,-1.361
0.00,2398,5.774,8.539,0.796
0.00,2399,-0.855,-1.519,-2.716
0.00,2400,-7.928,8.343,-4.578
0.00,2401,9.569,-3.972,-6.850
0.00,2402,0.108,-5.486,-5.373
0.00,2403,-5.876,6.482,-1.007
0.00,2404,-4.743,-8.059,-5.458
0.00,2405,3.693,8.634,0.049
0.00,2406,8.411,9.649,7.268
0.00,2407,3.017,7.619,-9.136
0.00,2408,2.052,-2.726,2.800
0.00,2409,-1.253,-0.885,-3.393
0.00,2410,5.719,6.917,0.918
0.00,2411,4.889,5.692,1.139
0.00,2412,-6.034,4.792,8.797
0.00,2413,6.888,-0.880,-9.721
0.00,2414,-8.084,-6.887,3.366
0.00,2415,-6.934,-0.801,8.344
0.00,2416,-7.727,-6.756,-4.132
0.00,2417,3.691,-8.894,-2.938
0.00,2418,-1.585,-4.609,0.575
0.00,2419,-1.879,2.097,0.993
0.00,2420,-5.040,5.066,9.396
0.00,2421,6.501,5.202,-8.230
0.00,2422,2.301,-5.996,2.644
0.00,2423,-1.276,4.900,9.511
0.00,2424,-5.235,0.372,-8.902
0.00,2425,7.395,7.168,-4.599
0.00,2426,-6.622,-6.047,-4.085
0.00,2427,5.503,9.150,-1.923
0.00,2428,-0.093,-9.536,-1.143
0.00,2429,7.745,2.078,0.416
0.00,2430,-4.656,-8.602,6.757
0.00,2431,5.078,-3.141,-3.228
0.00,2432,-5.120,5.370,-0.510
0.00,2433,8.847,2.701,3.025
0.00,2434,6.567,5.245,1.492
0.00,2435,-0.203,0.047,4.284
0.00,2436,2.120,-3.331,-5.126
0.00,2437,8.517,-2.655,2.275
0.00,2438,-5.189,-1.751,6.063
0.00,2439,7.541,6.359,6.928
0.00,2440,5.824,6.743,7.542
0.00,2441,8.194,-7.824,9.130
0.00,2442,-3.642,8.771,-3.807
0.00,2443,-3.230,0.875,-6.668
0.00,2444,-8.662,-4.131,-7.915
0.00,2445,3.033,0.975,-9.500
0.00,2446,-0.357,3.958,-5.792
0.00,2447,3.285,5.960,-3.689
0.00,2448,-6.715,4.259,-9.440
0.00,2449,-3.890,3.700,-6.839
0.00,2450,6.246,9.208,3.656
0.00,2451,-9.144,1.510,0.621
0.00,2452,-0.883,-5.199,-3.117
0.00,2453,5.773,6.452,2.767
0.00,2454,1.740,1.008,-6.958
0.00,2455,3.128,-8.375,2.991
0.00,2456,-0.763,7.329,9.440
0.00,2457,-3.089,0.683,-9.588
0.00,2458,-7.419,7.361,-6.428
0.00,2459,-8.364,0.442,-1.654
0.00,2460,6.572,7.246,-6.657
0.00,2461,7.402,-3.366,-7.786
0.00,2462,4.587,-2.092,3.268
0.00,2463,0.705,-7.681,1.809
0.00,2464,1.893,8.101,4.278
0.00,2465,-9.273,1.068,6.686
0.00,2466,-2.073,-1.843,-5.747
0.00,2467,7.632,5.024,-5.386
0.00,2468,5.070,-8.657,-5.657
0.00,2469,0.392,0.905,6.133
0.00,2470,8.737,4.586,-1.402
0.00,2471,-8.730,-4.101,6.691
0.00,2472,-6.620,-4.272,5.028
0.00,2473,4.994,3.955,-7.827
0.00,2474,-1.723,3.914,1.591
0.00,2475,9.335,-5.505,-1.971
0.00,2476,6.088,-0.729,5.426
0.00,2477,5.550,-8.711,0.428
0.00,2478,-3.691,-9.653,-8.080
0.00,2479,8.216,-2.135,0.073
0.00,2480,-4.870,-2.875,2.561
0.00,2481,-0.013,8.881,9.210
0.00,2482,0.067,7.006,-9.507
0.00,2483,3.632,7.635,3.757
0.00,2484,-9.361,0.619,8.649
0.00,2485,4.540,-9.312,7.812
0.00,2486,1.728,2.240,-2.411
0.00,2487,-4.508,7.743,-5.111
0.00,2488,1.747,-4.377,5.698
0.00,2489,-6.390,1.617,1.436
0.00,2490,6.464,-5.767,7.680
0.00,2491,0.460,-6.563,4.988
0.00,2492,-3.768,4.987,-7.678
0.00,2493,-4.379,5.094,-3.459
0.00,2494,-5.304,-7.155,8.992
0.00,2495,-3.924,5.015,-0.283
0.00,2496,3.575,-7.415,-2.354
0.00,2497,-4.045,4.799,6.920
0.00,2498,-8.544,-6.577,5.416
0.00,2499,-8.131,-3.710,1.659
0.00,2500,-8.790,6.260,4.281
0.00,2501,-0.971,-1.421,-6.045
0.00,2502,5.703,6.509,-0.898
0.00,2503,2.468,-1.064,6.084
0.00,2504,-9.247,3.723,7.394
0.00,2505,3.701,1.315,-4.826
0.00,2506,2.110,-6.457,9.597
0.00,2507,-7.061,-0.947,8.841
0.00,2508,-4.589,4.632,4.234
0.00,2509,7.864,-2.350,2.626
0.00,2510,3.899,8.115,7.192
0.00,2511,0.659,-8.236,-6.137
0.00,2512,4.326,-3.530,6.080
0.00,2513,-2.609,0.686,-2.778
0.00,2514,-9.254,7.719,-1.660
0.00,2515,8.590,-0.105,0.439
0.00,2516,2.194,5.060,9.289
0.00,2517,9.305,9.151,6.231
0.00,2518,-7.599,3.255,-2.438
0.00,2519,-1.018,8.729,0.497
0.00,2520,-4.688,3.001,9.305
0.00,2521,0.209,-4.334,5.499
0.00,2522,1.592,1.573,-1.075
0.00,2523,-4.491,3.429,2.413
0.00,2524,-8.769,8.380,-1.170
0.00,2525,1.856,-5.753,5.607
0.00,2526,-3.034,-8.639,-5.424
0.00,2527,2.554,8.783,-7.957
0.00,2528,3.574,6.723,-6.093
0.00,2529,-8.492,-3.995,-4.660
0.00,2530,-5.072,5.939,0.807
0.00,2531,-8.789,9.158,3.287
0.00,2532,1.644,-9.081,7.571
0.00,2533,9.330,5.381,-1.217
0.00,2534,-3.120,2.849,-7.394
0.00,2535,2.537,-4.401,-2.699
0.00,2536,4.276,6.330,0.747
0.00,2537,-6.002,9.747,-6.096
0.00,2538,-2.973,4.369,7.297
0.00,2539,8.563,-1.948,8.984
0.00,2540,2.807,8.735,-6.808
0.00,2541,-9.357,-0.290,9.569
0.00,2542,0.609,3.628,-1.256
0.00,2543,9.359,4.314,-1.812
0.00,2544,-6.053,7.169,-4.918
0.00,2545,-6.117,3.811,4.355
0.00,2546,1.643,-1.118,-3.543
0.00,2547,-6.075,9.667,-6.683
0.00,2548,-2.053,-1.131,9.412
0.00,2549,-7.633,4.172,1.006
0.00,2550,-6.019,3.823,5.812
0.00,2551,-6.642,-0.861,0.037
0.00,2552,5.366,1.516,-3.434
0.00,2553,1.266,3.471,-0.580
0.00,2554,7.938,2.629,-0.727
0.00,2555,-5.695,-5.643,-0.778
0.00,2556,-9.625,-7.529,-8.672
0.00,2557,-3.183,7.107,3.300
0.00,2558,7.935,-0.649,8.120
0.00,2559,0.481,-4.997,5.813
0.00,2560,3.593,3.810,3.984
0.00,2561,-1.488,-8.263,-3.266
0.00,2562,-6.210,8.482,8.151
0.00,2563,3.594,-2.854,8.001
0.00,2564,-2.107,-9.490,8.274
0.00,2565,4.513,-6.688,1.439
0.00,2566,-3.785,-2.337,1.267
0.00,2567,-0.281,6.052,5.089
0.00,2568,6.114,-7.718,6.105
0.00,2569,6.716,-0.108,3.617
0.00,2570,-8.285,2.358,-8.274
0.00,2571,-1.621,4.223,-9.678
0.00,2572,2.207,5.790,5.459
0.00,2573,0.903,9.235,-4.662
0.00,2574,-4.261,7.971,9.016
0.00,2575,5.560,3.847,1.093
0.00,2576,1.631,2.804,-0.520
0.00,2577,-4.997,1.299,3.036
0.00,2578,4.062,8.351,-9.062
0.00,2579,-7.417,0.969,-8.757
0.00,2580,-6.299,4.552,7.973
0.00,2581,-8.474,-5.335,-8.954
0.00,2582,-6.835,3.060,-3.993
0.00,2583,-4.037,-7.868,-4.859
0.00,2584,-1.116,-8.998,-5.823
0.00,2585,-5.436,-6.828,-8.714
0.00,2586,3.938,-8.410,8.303
0.00,2587,-5.279,9.703,-3.649
0.00,2588,-4.043,2.228,0.714
0.00,2589,3.356,-1.451,5.277
0.00,2590,-3.327,-3.800,-5.066
0.00,2591,2.761,-7.729,4.458
0.00,2592,1.378,-7.252,-0.365
0.00,2593,7.015,-3.912,3.140
0.00,2594,-6.624,0.692,0.054
0.00,2595,-7.828,-3.771,-9.543
0.00,2596,7.156,0.262,1.067
0.00,2597,-3.179,2.512,-0.238
0.00,2598,-6.180,-1.971,-2.955
0.00,2599,3.522,7.810,0.180
0.00,2600,1.884,-2.930,-0.554
0.00,2601,0.162,-1.773,3.068
0.00,2602,0.076,-1.562,-1.462
0.00,2603,8.321,-3.535,-7.739
0.00,2604,-9.723,7.145,-0.625
0.00,2605,5.544,-8.609,5.536
0.00,2606,-2.163,-7.836,-6.820
0.00,2607,9.730,-6.513,2.816
0.00,2608,0.080,-3.668,7.435
0.00,2609,0.369,-8.233,2.330
0.00,2610,-8.128,-7.201,5.349
0.00,2611,-8.720,-1.242,-4.810
0.00,2612,1.393,-3.251,-2.650
0.00,2613,-3.967,-2.882,0.594
0.00,2614,0.966,8.837,-9.094
0.00,2615,-6.004,-4.688,-2.745
0.00,2616,4.673,-6.988,-1.626
0.00,2617,4.116,6.549,-1.332
0.00,2618,-5.394,-4.693,6.863
0.00,2619,-2.844,-8.624,7.388
0.00,2620,-4.946,1.886,1.185
0.00,2621,-8.929,-1.487,0.908
0.00,2622,1.448,-3.494,9.585
0.00,2623,-7.311,0.198,1.904
0.00,2624,9.093,8.460,1.482
0.00,2625,2.657,-5.305,9.243
0.00,2626,-5.648,-2.859,4.301
0.00,2627,9.605,0.295,9.189
0.00,2628,7.450,-1.440,-5.597
0.00,2629,-3.016,-8.003,-0.642
0.00,2630,5.564,-2.644,9.102
0.00,2631,6.584,2.563,7.970
0.00,2632,2.598,0.534,-0.134
0.00,2633,8.813,0.438,-9.701
0.00,2634,6.656,-2.992,9.081
0.00,2635,4.559,-8.171,-8.514
0.00,2636,-3.227,-9.106,-4.528
0.00,2637,-8.425,-8.548,-7.297
0.00,2638,6.371,-7.721,-4.816
0.00,2639,2.723,1.360,8.172
0.00,2640,-3.728,-0.834,-2.099
0.00,2641,3.321,1.420,-5.154
0.00,2642,5.605,8.619,-7.138
0.00,2643,-4.375,5.670,-9.585
0.00,2644,0.180,1.371,-4.525
0.00,2645,5.574,0.623,3.825
0.00,2646,2.052,-1.994,5.741
0.00,2647,0.536,3.536,5.343
0.00,2648,-6.002,-0.193,-4.995
0.00,2649,-7.800,-3.034,1.487
0.00,2650,-4.063,6.250,-7.155
0.00,2651,3.542,3.753,4.797
0.00,2652,1.509,6.627,-4.622
0.00,2653,2.119,4.022,-5.465
0.00,2654,-9.258,2.819,1.810
0.00,2655,-3.851,-3.766,4.475
0.00,2656,9.662,5.756,6.816
0.00,2657,1.119,0.898,0.794
0.00,2658,-8.806,-8.687,-3.486
0.00,2659,-2.647,7.455,5.380
0.00,2660,2.646,2.100,8.463
0.00,2661,-6.451,-1.769,-1.417
0.00,2662,1.318,-6.541,-6.964
0.00,2663,5.830,6.270,-7.652
0.00,2664,0.449,-5.389,-7.893
0.00,2665,-0.719,9.590,1.850
0.00,2666,-5.204,3.926,-5.587
0.00,2667,0.058,5.714,-8.447
0.00,2668,6.962,-0.296,2.251
0.00,2669,-3.382,-3.298,7.406
0.00,2670,-2.596,-7.508,-0.277
0.00,2671,6.172,-8.492,-2.444
0.00,2672,-7.048,6.078,1.528
0.00,2673,-7.452,7.947,4.481
0.00,2674,-6.770,-9.549,6.450
0.00,2675,-4.645,1.266,-4.174
0.00,2676,9.287,-0.365,-5.505
0.00,2677,-1.808,5.041,-4.788
0.00,2678,-9.662,-5.230,-4.578
0.00,2679,-1.595,-5.535,-2.916
0.00,2680,1.829,-9.486,-5.483
0.00,2681,8.418,9.654,-5.975
0.00,2682,1.045,-3.191,4.174
0.00,2683,-6.751,-0.941,-2.190
0.00,2684,-0.218,2.185,-3.607
0.00,2685,0.620,7.064,4.913
0.00,2686,9.688,1.124,-0.932
0.00,2687,-3.212,-6.518,4.026
0.00,2688,-5.976,4.053,6.378
0.00,2689,-7.989,2.185,-8.188
0.00,2690,-7.729,0.926,-2.828
0.00,2691,-0.648,-1.227,-9.546
0.00,2692,-1.423,-1.967,-2.043
0.00,2693,-5.226,4.145,-6.319
0.00,2694,9.671,4.762,-5.966
0.00,2695,-5.108,-1.772,-1.734
0.00,2696,-7.348,8.648,-4.542
0.00,2697,2.613,-2.608,-4.103
0.00,2698,-1.326,-4.603,-8.965
0.00,2699,-1.631,2.987,-4.351
0.00,2700,-2.159,-9.455,-0.589
0.00,2701,8.460,-8.588,-2.802
0.00,2702,2.929,1.871,0.976
0.00,2703,-1.102,5.158,-1.412
0.00,2704,0.898,4.930,8.626
0.00,2705,0.692,9.139,4.762
0.00,2706,1.970,-0.747,0.640
0.00,2707,-9.166,-8.036,-5.930
0.00,2708,-2.606,-0.361,8.155
0.00,2709,-7.572,8.515,9.098
0.00,2710,-0.286,-6.658,4.042
0.00,2711,2.368,-6.694,-0.649
0.00,2712,-8.366,8.305,-1.443
0.00,2713,7.941,-5.656,9.165
0.00,2714,-3.971,9.181,-2.150
0.00,2715,4.002,2.300,7.632
0.00,2716,-0.585,7.311,-6.963
0.00,2717,-2.022,-8.798,5.405
0.00,2718,-4.293,-0.053,6.862
0.00,2719,-5.748,4.102,-3.530
0.00,2720,5.293,5.365,1.233
0.00,2721,8.719,7.865,8.849
0.00,2722,-8.733,2.225,-1.071
0.00,2723,-9.396,-7.964,7.532
0.00,2724,7.390,0.760,-3.466
0.00,2725,8.153,-5.773,-8.278
0.00,2726,-8.466,-8.837,8.806
0.00,2727,8.125,-0.307,-5.695
0.00,2728,2.415,1.302,-6.772
0.00,2729,5.809,5.998,-7.495
0.00,2730,5.639,-4.943,-0.532
0.00,2731,-0.598,8.346,3.433
0.00,2732,-4.809,7.608,-5.924
0.00,2733,-2.294,9.743,1.927
0.00,2734,-9.714,-5.326,7.301
0.00,2735,-0.530,8.138,1.112
0.00,2736,-9.703,7.236,5.900
0.00,2737,-2.741,1.787,-3.903
0.00,2738,5.523,9.185,0.081
0.00,2739,6.658,-5.669,-7.195
0.00,2740,-7.440,3.349,9.587
0.00,2741,-9.551,1.550,1.504
0.00,2742,0.160,-8.008,7.879
0.00,2743,-5.253,-9.720,-9.661
0.00,2744,5.416,-1.715,9.499
0.00,2745,-1.245,-8.230,-8.819
0.00,2746,-9.261,7.370,3.088
0.00,2747,3.437,4.335,6.848
0.00,2748,7.493,-8.515,6.850
0.00,2749,-6.918,-5.537,4.216
0.00,2750,0.812,-7.828,-2.562
0.00,2751,-0.576,3.916,6.324
0.00,2752,-2.108,3.947,1.411
0.00,2753,-2.257,-6.482,2.849
0.00,2754,9.568,-3.517,-9.306
0.00,2755,1.711,4.374,-2.061
0.00,2756,-8.625,5.121,9.704
0.00,2757,-7.410,-4.511,-1.181
0.00,2758,4.549,-8.219,-8.606
0.00,2759,-3.009,4.035,2.766
0.00,2760,-8.363,-5.734,-3.724
0.00,2761,-2.138,-1.722,-3.047
0.00,2762,7.606,4.141,-1.782
0.00,2763,-4.164,2.061,8.763
0.00,2764,5.153,8.960,6.646
0.00,2765,8.113,8.131,9.100
0.00,2766,-4.155,-8.181,7.504
0.00,2767,-1.808,-4.533,6.075
0.00,2768,8.507,-0.453,3.127
0.00,2769,-8.522,7.767,7.751
0.00,2770,-8.041,-4.977,1.233
0.00,2771,0.026,7.115,-2.690
0.00,2772,0.163,4.334,8.195
0.00,2773,-6.950,8.396,-4.015
0.00,2774,-5.001,-3.131,2.505
0.00,2775,-1.647,1.024,6.624
0.00,2776,-7.532,1.362,-3.549
0.00,2777,5.387,1.452,-8.303
0.00,2778,9.415,-0.526,-1.741
0.00,2779,6.358,8.320,6.361
0.00,2780,-3.920,6.789,-2.619
0.00,2781,0.355,6.454,4.928
0.00,2782,-7.854,-9.736,1.697
0.00,2783,-1.927,3.884,4.536
0.00,2784,3.397,-1.576,-8.123
0.00,2785,1.596,-1.726,-3.191
0.00,2786,3.536,-6.148,-2.521
0.00,2787,-6.344,9.335,-3.507
0.00,2788,-1.962,8.204,6.398
0.00,2789,3.598,-0.286,-7.634
0.00,2790,2.642,4.605,3.832
0.00,2791,5.719,2.990,2.802
0.00,2792,1.422,8.818,8.890
0.00,2793,4.171,-1.575,-4.780
0.00,2794,-0.518,-0.871,-4.797
0.00,2795,-9.411,7.985,-1.946
0.00,2796,-3.991,-0.903,8.691
0.00,2797,5.748,6.435,-0.917
0.00,2798,-2.989,-8.854,-6.030
0.00,2799,-9.286,8.688,-5.935
0.00,2800,3.484,1.168,5.445
0.00,2801,-7.220,-8.329,-2.248
0.00,2802,4.694,3.025,-3.248
0.00,2803,-5.170,-3.361,-1.241
0.00,2804,-7.959,1.544,-4.080
0.00,2805,9.024,-7.751,1.650
0.00,2806,-5.429,-8.127,9.572
0.00,2807,-2.543,-3.013,2.865
0.00,2808,7.451,-7.253,-8.130
0.00,2809,1.770,-8.881,-2.072
0.00,2810,-7.256,-2.745,8.500
0.00,2811,6.630,-8.150,-6.861
0.00,2812,-8.050,-5.618,4.220
0.00,2813,-1.302,9.494,0.358
0.00,2814,-3.506,7.959,-3.455
0.00,2815,-6.743,2.588,-8.525
0.00,2816,8.652,-0.197,6.287
0.00,2817,-7.147,2.453,-9.436
0.00,2818,-7.753,-4.189,1.982
0.00,2819,-7.628,1.716,-1.866
0.00,2820,-7.557,-2.304,3.634
0.00,2821,-2.272,6.922,-6.086
0.00,2822,4.143,-4.692,0.222
0.00,2823,2.770,5.796,-0.374
0.00,2824,-3.233,-2.310,-2.388
0.00,2825,6.102,8.265,8.223
0.00,2826,9.203,-7.940,-3.015
0.00,2827,1.161,-4.616,-0.260
0.00,2828,6.726,-6.207,3.816
0.00,2829,1.987,-0.357,6.183
0.00,2830,-6.406,-8.998,3.498
0.00,2831,2.232,-3.357,-0.089
0.00,2832,-6.833,-1.659,-7.136
0.00,2833,9.673,-7.515,8.260
0.00,2834,1.399,-4.053,-5.005
0.00,2835,-5.262,-6.270,2.609
0.00,2836,6.941,-6.303,-5.635
0.00,2837,4.422,7.206,-8.282
0.00,2838,-8.313,3.758,-1.545
0.00,2839,-8.449,-4.417,0.403
0.00,2840,0.638,9.315,-5.886
0.00,2841,-8.711,-6.506,-2.636
0.00,2842,-3.354,6.637,5.889
0.00,2843,2.087,4.398,2.669
0.00,2844,-1.684,2.180,1.177
0.00,2845,-5.650,8.845,-6.457
0.00,2846,-7.897,8.898,-3.121
0.00,2847,9.649,7.513,-0.270
0.00,2848,-5.519,-0.541,5.354
0.00,2849,2.253,2.977,-6.846
0.00,2850,-8.576,-6.013,-8.533
0.00,2851,-1.061,-7.950,6.960
0.00,2852,4.089,2.379,9.506
0.00,2853,-8.270,7.049,-2.261
0.00,2854,0.708,8.955,3.479
0.00,2855,-1.181,8.122,-3.310
0.00,2856,-5.110,-6.336,-2.200
0.00,2857,5.122,-4.262,0.392
0.00,2858,3.143,7.070,7.536
0.00,2859,-6.622,-7.394,0.745
0.00,2860,-7.161,9.050,-1.377
0.00,2861,0.062,-8.985,4.356
0.00,2862,-1.206,3.762,7.226
0.00,2863,7.933,7.628,7.863
0.00,2864,-4.049,5.204,8.302
0.00,2865,0.796,5.210,-5.207
0.00,2866,0.646,-4.505,-3.247
0.00,2867,1.213,6.405,-3.550
0.00,2868,9.414,3.758,6.586
0.00,2869,-2.707,-8.341,4.517
0.00,2870,1.939,-4.486,-3.525
0.00,2871,-8.920,-9.105,4.881
0.00,2872,5.929,-0.349,8.889
0.00,2873,3.263,-3.885,4.816
0.00,2874,-8.569,5.627,5.093
0.00,2875,6.915,-3.629,6.775
0.00,2876,4.661,-7.548,3.895
0.00,2877,-7.672,4.218,2.993
0.00,2878,0.725,-6.943,-9.043
0.00,2879,-8.412,-2.359,5.971
0.00,2880,-1.272,2.423,5.450
0.00,2881,5.960,-4.469,-3.153
0.00,2882,-3.490,-5.908,-2.399
0.00,2883,-0.708,8.581,9.313
0.00,2884,4.349,-8.176,-8.100
0.00,2885,3.570,-1.149,8.495
0.00,2886,-7.423,-7.777,-3.605
0.00,2887,7.538,4.937,-0.644
0.00,2888,0.680,6.495,7.750
0.00,2889,4.501,-7.011,6.276
0.00,2890,-3.294,-3.671,1.061
0.00,2891,2.741,3.390,4.412
0.00,2892,-8.017,4.591,9.421
0.00,2893,-0.514,6.571,2.229
0.00,2894,1.221,8.515,8.971
0.00,2895,-7.852,9.651,1.595
0.00,2896,8.677,4.227,7.577
0.00,2897,-9.232,4.587,-6.279
0.00,2898,8.387,1.202,8.234
0.00,2899,-9.406,-4.718,7.792
0.00,2900,2.304,0.983,-8.200
0.00,2901,-3.038,7.633,5.248
0.00,2902,6.865,5.070,-6.483
0.00,2903,5.730,-4.768,-0.912
0.00,2904,1.777,-0.865,9.054
0.00,2905,1.975,2.772,9.479
0.00,2906,2.693,-9.362,4.156
0.00,2907,-4.381,-8.358,-1.639
0.00,2908,-0.601,-6.720,-1.017
0.00,2909,-3.820,-6.431,1.749
0.00,2910,2.460,6.235,-6.979
0.00,2911,-2.149,-4.255,-5.624
0.00,2912,0.175,4.587,-9.347
0.00,2913,-1.387,4.111,3.019
0.00,2914,-9.689,-4.460,8.023
0.00,2915,-6.959,8.071,7.521
0.00,2916,5.921,-7.446,1.818
0.00,2917,9.197,0.530,-9.057
0.00,2918,-7.410,2.774,-1.151
0.00,2919,-9.329,2.958,-5.710
0.00,2920,6.603,-4.470,-6.940
0.00,2921,8.052,-9.656,4.120
0.00,2922,0.850,5.570,2.145
0.00,2923,1.277,2.537,5.008
0.00,2924,1.553,-7.515,-4.586
0.00,2925,-8.095,0.825,9.246
0.00,2926,3.591,-4.753,-5.144
0.00,2927,-6.362,3.284,8.771
0.00,2928,4.208,-5.182,-7.370
0.00,2929,5.557,7.520,-4.750
0.00,2930,2.411,3.436,-7.127
0.00,2931,-9.230,0.911,-2.900
0.00,2932,3.584,5.484,-6.866
0.00,2933,-3.952,-1.157,9.186
0.00,2934,-7.152,1.755,-1.396
0.00,2935,6.970,1.305,3.539
0.00,2936,-0.380,3.031,-3.450
0.00,2937,-6.923,-7.214,-6.302
0.00,2938,0.389,-2.976,3.582
0.00,2939,6.552,-8.453,8.678
0.00,2940,-5.516,8.353,0.863
0.00,2941,-5.272,2.951,-6.815
0.00,2942,8.130,-9.316,4.906
0.00,2943,-8.433,-8.790,-5.569
0.00,2944,-1.298,6.263,5.623
0.00,2945,-3.928,-5.818,5.813
0.00,2946,-7.483,8.454,1.773
0.00,2947,-5.627,-7.600,-7.632
0.00,2948,-4.704,-7.984,-0.903
0.00,2949,0.773,0.494,3.439
0.00,2950,-4.251,-0.019,-4.587
0.00,2951,-4.625,2.408,5.306
0.00,2952,-0.802,4.609,-3.415
0.00,2953,4.362,0.888,-1.005
0.00,2954,-0.971,8.667,-7.755
0.00,2955,-9.276,-6.931,-6.007
0.00,2956,-9.184,-8.795,0.124
0.00,2957,-8.160,-3.130,-2.009
0.00,2958,-6.291,5.327,7.773
0.00,2959,-8.966,-3.957,-5.231
0.00,2960,-1.985,0.822,-3.752
0.00,2961,-3.644,-5.369,7.535
0.00,2962,4.853,-5.365,8.585
0.00,2963,1.940,9.330,-6.809
0.00,2964,-3.056,-5.136,-6.207
0.00,2965,9.082,9.159,-4.349
0.00,2966,-6.104,-0.490,-0.316
0.00,2967,5.765,7.605,9.602
0.00,2968,8.785,8.975,5.616
0.00,2969,1.829,5.246,9.605
0.00,2970,1.966,4.511,-2.059
0.00,2971,-5.631,-7.470,0.530
0.00,2972,-6.333,-6.174,5.562
0.00,2973,6.414,-3.593,7.057
0.00,2974,-2.289,5.932,6.392
0.00,2975,2.218,-2.305,-1.499
0.00,2976,7.242,-1.397,-4.964
0.00,2977,-6.740,7.059,3.597
0.00,2978,-4.381,-0.750,6.746
0.00,2979,-0.296,-6.498,9.008
0.00,2980,-7.576,-8.655,3.010
0.00,2981,-8.285,2.857,1.283
0.00,2982,0.971,7.931,-2.555
0.00,2983,1.191,-1.659,-7.976
0.00,2984,0.842,9.432,1.150
0.00,2985,4.950,5.228,-7.419
0.00,2986,0.193,3.763,1.741
0.00,2987,2.025,-0.145,-8.057
0.00,2988,-2.440,0.183,7.073
0.00,2989,2.539,1.274,-8.338
0.00,2990,-1.836,-3.291,-7.493
0.00,2991,6.123,5.903,-1.930
0.00,2992,-7.040,-3.544,1.598
0.00,2993,3.942,7.858,-1.971
0.00,2994,-7.605,0.312,-6.348
0.00,2995,-6.114,-7.660,-8.223
0.00,2996,-0.290,-8.468,-1.215
0.00,2997,-9.146,1.682,-2.364
0.00,2998,7.097,-1.894,-0.321
0.00,2999,8.229,5.944,-1.547
0.05,0,6.673,0.944,-11.113
0.05,1,8.581,5.223,-1.177
0.05,2,6.465,-4.322,-2.066
0.05,3,-4.074,1.473,1.753
0.05,4,7.579,6.557,-4.385
0.05,5,10.079,1.365,-2.394
0.05,6,-7.742,-8.211,5.538
0.05,7,3.549,-9.107,-2.569
0.05,8,1.984,6.696,-9.924
0.05,9,-6.014,-5.873,5.108
0.05,10,-0.217,0.170,-8.016
0.05,11,-7.014,-1.335,-7.839
0.05,12,-6.232,3.258,-8.520
0.05,13,-0.115,-4.874,7.093
0.05,14,2.673,-2.811,3.093
0.05,15,-6.508,-3.421,-7.112
0.05,16,-6.423,-3.120,-7.963
0.05,17,6.013,-5.076,-6.423
0.05,18,5.489,3.542,2.595
0.05,19,-3.349,2.052,-2.169
0.05,20,-9.727,0.054,0.303
0.05,21,-8.092,-6.360,1.512
0.05,22,-1.465,-5.281,-11.124
0.05,23,5.850,-4.825,-7.162
0.05,24,0.820,-0.342,-7.197
0.05,25,3.343,1.852,-2.137
0.05,26,-2.775,1.480,-2.943
0.05,27,-0.773,-4.455,5.709
0.05,28,-0.481,5.634,-7.040
0.05,29,-5.848,3.493,-7.760
0.05,30,5.394,-1.070,-6.599
0.05,31,-3.941,-0.807,3.018
0.05,32,6.332,5.070,1.647
0.05,33,-4.921,-7.021,5.081
0.05,34,-1.165,-4.729,2.926
0.05,35,6.212,-3.699,-2.069
0.05,36,-6.382,-5.950,1.230
0.05,37,2.022,-5.325,-1.463
0.05,38,-6.187,-6.842,4.988
0.05,39,0.902,-7.722,3.709
0.05,40,-5.813,2.422,4.321
0.05,41,-4.365,2.572,-0.756
0.05,42,5.626,2.227,-7.737
0.05,43,9.513,8.574,0.727
0.05,44,-7.276,-7.867,0.476
0.05,45,-3.827,-9.409,-4.380
0.05,46,-5.075,4.931,-9.543
0.05,47,-2.999,-9.658,3.504
0.05,48,-10.757,5.073,-10.047
0.05,49,1.964,6.543,-10.510
0.05,50,-3.835,1.985,9.106
0.05,51,5.388,-5.650,-6.321
0.05,52,1.631,8.189,-10.485
0.05,53,-5.252,2.904,-6.432
0.05,54,3.932,9.130,-7.579
0.05,55,-9.478,2.283,1.743
0.05,56,4.447,4.163,5.815
0.05,57,9.991,-3.809,1.670
0.05,58,6.370,7.464,-6.670
0.05,59,5.972,-1.634,1.903
0.05,60,-1.787,1.272,6.145
0.05,61,-10.859,3.817,-10.633
0.05,62,-9.103,1.020,5.423
0.05,63,-3.310,2.152,-2.130
0.05,64,-4.856,3.839,2.799
0.05,65,-3.268,-6.679,-9.613
0.05,66,-0.066,7.726,-2.064
0.05,67,-1.714,-5.873,-8.299
0.05,68,0.513,7.639,-2.263
0.05,69,-3.258,-1.688,-1.664
0.05,70,8.894,3.503,-7.436
0.05,71,-1.773,4.991,3.733
0.05,72,-4.928,-3.194,-1.734
0.05,73,-4.862,-5.552,-1.164
0.05,74,-0.329,-9.752,-10.798
0.05,75,-8.414,-5.838,1.796
0.05,76,-0.695,4.361,3.037
0.05,77,-6.987,-1.966,-9.723
0.05,78,-0.231,6.294,-9.003
0.05,79,6.916,-1.172,8.892
0.05,80,7.386,-0.323,8.076
0.05,81,3.277,1.920,-2.121
0.05,82,-1.827,-7.323,4.543
0.05,83,-5.927,1.553,3.896
0.05,84,-2.159,-6.380,-6.374
0.05,85,-3.772,0.678,1.953
0.05,86,4.153,-1.652,2.919
0.05,87,3.598,-8.460,-7.270
0.05,88,-6.418,-2.737,-6.983
0.05,89,0.491,4.067,-1.537
0.05,90,5.817,-0.528,-7.301
0.05,91,-1.975,1.108,-7.081
0.05,92,-0.402,0.139,7.713
0.05,93,7.028,-6.435,3.160
0.05,94,-4.975,5.513,-8.815
0.05,95,1.062,-9.071,-9.557
0.05,96,3.796,1.934,7.531
0.05,97,-7.003,-2.059,-7.388
0.05,98,-10.001,-8.829,-5.971
0.05,99,-6.229,-3.762,-2.179
0.05,100,0.398,-1.219,-7.376
0.05,101,6.811,1.410,-10.662
0.05,102,0.501,-2.094,-6.894
0.05,103,5.876,2.208,3.622
0.05,104,-6.144,0.657,4.528
0.05,105,-5.513,-4.271,-7.256
0.05,106,-3.218,8.336,5.534
0.05,107,-6.555,4.676,1.828
0.05,108,7.755,-6.547,0.406
0.05,109,3.328,2.215,7.794
0.05,110,-3.818,9.676,2.616
0.05,111,-3.203,9.242,0.366
0.05,112,1.068,-1.800,-3.913
0.05,113,-9.202,4.498,9.115
0.05,114,-5.832,-4.039,-2.176
0.05,115,3.321,1.790,-2.041
0.05,116,8.760,-8.132,-4.722
0.05,117,-0.346,-0.535,7.776
0.05,118,-2.758,-1.987,3.007
0.05,119,-7.393,-9.868,-3.236
0.05,120,-2.908,-7.500,-9.801
0.05,121,1.557,-7.912,-5.320
0.05,122,-6.885,0.254,5.005
0.05,123,-2.582,2.779,-2.436
0.05,124,6.703,-0.663,3.654
0.05,125,8.609,7.484,6.547
0.05,126,-0.342,3.629,2.923
0.05,127,3.216,1.806,-1.946
0.05,128,9.384,-9.340,-2.136
0.05,129,-6.513,-0.752,4.702
0.05,130,-0.050,-0.083,7.818
0.05,131,5.744,2.858,8.207
0.05,132,-5.820,4.999,1.615
0.05,133,-9.227,2.103,-5.847
0.05,134,8.701,7.809,5.138
0.05,135,-1.370,-6.535,-5.702
0.05,136,1.209,1.084,-7.810
0.05,137,-6.408,-5.761,-5.618
0.05,138,2.872,-6.574,-2.778
0.05,139,3.433,-9.881,-5.499
0.05,140,1.831,7.244,3.721
0.05,141,0.481,0.167,7.428
0.05,142,-3.180,-1.982,2.804
0.05,143,-7.823,2.517,-2.393
0.05,144,3.199,-5.896,8.720
0.05,145,-1.064,-0.958,-9.330
0.05,146,1.626,-7.147,-6.354
0.05,147,-7.019,-1.283,4.429
0.05,148,-7.217,-7.455,0.641
0.05,149,-3.154,4.683,-8.144
0.05,150,4.499,-4.261,4.527
0.05,151,5.763,4.373,2.729
0.05,152,5.595,-1.418,3.230
0.05,153,-2.966,-2.986,-7.784
0.05,154,-9.996,1.411,-3.526
0.05,155,0.038,3.690,2.979
0.05,156,2.488,7.311,-10.221
0.05,157,5.304,3.489,5.026
0.05,158,-8.312,-5.326,2.038
0.05,159,-0.772,-3.948,-7.688
0.05,160,6.162,-6.426,-5.085
0.05,161,1.974,6.624,-7.055
0.05,162,-9.559,2.694,5.142
0.05,163,-1.449,-1.713,9.204
0.05,164,-7.046,-4.549,-2.301
0.05,165,1.923,7.375,4.352
0.05,166,-1.685,0.646,-7.271
0.05,167,0.987,5.499,-6.559
0.05,168,-1.905,-6.465,-7.515
0.05,169,-3.374,-8.534,-10.350
0.05,170,7.610,-1.545,-7.052
0.05,171,4.265,-5.668,-9.745
0.05,172,-6.561,0.118,5.434
0.05,173,2.938,2.045,-2.228
0.05,174,7.117,0.252,-8.619
0.05,175,8.875,-9.145,-2.705
0.05,176,6.628,1.691,6.289
0.05,177,0.021,-0.201,7.818
0.05,178,1.517,-5.647,5.433
0.05,179,2.104,9.211,-0.187
0.05,180,-5.052,-5.759,-11.038
0.05,181,6.788,7.847,1.091
0.05,182,-6.041,0.264,3.877
0.05,183,1.340,-9.440,0.235
0.05,184,-6.228,-3.751,-2.153
0.05,185,3.933,-3.123,-1.331
0.05,186,-9.346,6.675,-10.996
0.05,187,-8.221,-4.507,-2.356
0.05,188,5.613,-4.680,-7.449
0.05,189,8.687,1.495,-7.270
0.05,190,-5.513,9.009,2.296
0.05,191,0.626,-0.754,4.516
0.05,192,7.048,7.796,-11.134
0.05,193,-5.327,8.918,-7.356
0.05,194,0.944,-4.919,2.926
0.05,195,-1.896,-1.083,9.415
0.05,196,-6.909,0.487,3.006
0.05,197,-4.311,4.505,2.775
0.05,198,7.139,-7.361,5.047
0.05,199,-6.905,-6.546,0.192
0.05,200,5.788,-4.501,-7.400
0.05,201,2.891,-10.132,-10.999
0.05,202,-0.245,9.462,-6.241
0.05,203,-1.172,2.377,9.582
0.05,204,-0.691,-2.347,-6.018
0.05,205,-8.469,7.567,-2.794
0.05,206,3.870,3.583,1.928
0.05,207,-7.091,-7.068,0.469
0.05,208,-8.123,5.575,-0.369
0.05,209,5.369,5.609,2.878
0.05,210,-5.913,1.498,6.560
0.05,211,-7.030,9.756,7.925
0.05,212,7.155,7.430,3.027
0.05,213,-1.346,1.241,-6.285
0.05,214,8.611,-7.814,3.315
0.05,215,2.991,-9.691,2.312
0.05,216,-1.731,7.283,4.838
0.05,217,-5.929,-6.902,3.791
0.05,218,-8.038,-4.803,-2.528
0.05,219,2.530,4.457,-6.114
0.05,220,-3.054,-7.537,-6.074
0.05,221,5.535,-5.148,-6.946
0.05,222,-8.084,-2.640,4.142
0.05,223,-7.148,-1.308,-7.523
0.05,224,-6.691,-6.747,2.161
0.05,225,-5.687,-8.067,-7.183
0.05,226,3.726,6.221,-10.372
0.05,227,-5.904,-3.900,-2.307
0.05,228,-5.821,-3.639,-2.261
0.05,229,-7.342,-0.033,4.601
0.05,230,-4.472,8.798,-1.194
0.05,231,8.388,-9.023,7.980
0.05,232,7.834,7.981,2.304
0.05,233,-0.189,-4.718,8.339
0.05,234,7.958,8.566,-7.499
0.05,235,5.111,6.762,-7.238
0.05,236,-4.338,5.717,0.080
0.05,237,-4.832,2.578,8.568
0.05,238,5.223,-8.914,3.935
0.05,239,-3.647,2.345,-2.261
0.05,240,3.022,-1.933,2.796
0.05,241,5.807,-2.268,-2.098
0.05,242,9.459,-1.946,3.300
0.05,243,8.950,-3.894,-2.939
0.05,244,2.452,-8.890,-0.216
0.05,245,-3.594,-1.270,-1.942
0.05,246,-8.243,-3.844,-0.977
0.05,247,7.811,-8.387,2.526
0.05,248,-3.233,7.725,6.982
0.05,249,5.394,9.846,-8.324
0.05,250,-1.968,-6.720,-8.103
0.05,251,6.881,8.833,-5.864
0.05,252,-4.939,4.024,-7.044
0.05,253,-6.592,-9.851,6.452
0.05,254,-10.690,3.425,-10.472
0.05,255,-0.628,3.001,4.755
0.05,256,-6.792,-0.789,-8.656
0.05,257,-5.433,4.333,-10.040
0.05,258,6.164,9.374,-10.067
0.05,259,-4.618,-9.138,-0.534
0.05,260,-1.476,-6.917,2.615
0.05,261,0.202,-2.290,-10.197
0.05,262,6.851,-0.958,-0.200
0.05,263,-3.528,2.115,-7.422
0.05,264,6.443,3.310,3.449
0.05,265,9.126,-2.081,-0.362
0.05,266,-5.296,-3.558,9.220
0.05,267,-7.071,-0.870,-10.985
0.05,268,-6.965,0.753,2.771
0.05,269,1.698,8.885,2.853
0.05,270,1.549,-8.818,-2.687
0.05,271,-3.463,-8.708,-5.954
0.05,272,1.464,-3.449,1.551
0.05,273,-3.425,-9.367,-4.506
0.05,274,7.005,1.568,-8.761
0.05,275,0.210,-7.070,-7.423
0.05,276,-1.005,-4.464,5.552
0.05,277,6.462,-4.626,3.188
0.05,278,4.415,-5.613,-9.806
0.05,279,1.670,0.469,9.555
0.05,280,-5.571,-3.581,-6.173
0.05,281,-0.440,-4.806,6.887
0.05,282,-3.221,-1.884,2.803
0.05,283,-6.698,4.527,2.096
0.05,284,2.627,8.598,-1.600
0.05,285,4.954,-4.862,-11.025
0.05,286,-3.702,2.718,3.101
0.05,287,0.021,0.073,7.793
0.05,288,0.578,0.508,-9.973
0.05,289,3.235,1.842,-2.172
0.05,290,-7.876,7.870,0.954
0.05,291,-5.313,4.293,2.088
0.05,292,4.240,-9.123,5.884
0.05,293,7.229,-5.453,-3.979
0.05,294,-8.990,-9.014,-4.273
0.05,295,-9.168,7.425,5.863
0.05,296,-4.374,3.426,3.684
0.05,297,2.130,7.416,-1.021
0.05,298,8.308,-8.601,-5.222
0.05,299,7.429,2.651,9.435
0.05,300,9.119,-8.341,-10.189
0.05,301,3.184,-1.865,2.770
0.05,302,8.102,8.346,-6.010
0.05,303,1.561,2.859,1.869
0.05,304,-4.306,7.763,-7.250
0.05,305,-5.857,8.687,-6.842
0.05,306,8.229,-3.496,1.289
0.05,307,-3.505,8.084,-4.370
0.05,308,-3.762,1.973,-7.264
0.05,309,-1.244,-5.673,8.825
0.05,310,2.110,0.670,-7.231
0.05,311,5.937,-3.527,-2.041
0.05,312,-2.691,-6.988,5.306
0.05,313,-5.952,-5.928,8.640
0.05,314,3.250,1.870,-2.145
0.05,315,5.256,1.089,-1.237
0.05,316,0.992,-4.247,-1.792
0.05,317,-3.030,-2.019,2.819
0.05,318,2.771,-9.074,5.429
0.05,319,-5.340,2.636,-7.049
0.05,320,8.717,-7.553,-5.876
0.05,321,4.927,3.232,4.628
0.05,322,-6.200,-6.695,4.636
0.05,323,-6.931,-3.292,-3.480
0.05,324,4.363,0.703,-1.336
0.05,325,-7.454,-7.461,5.047
0.05,326,9.458,-2.042,-5.765
0.05,327,5.311,9.616,9.751
0.05,328,-6.429,7.603,-10.912
0.05,329,3.682,1.639,-2.161
0.05,330,7.261,-3.031,6.199
0.05,331,-5.618,-4.326,-7.001
0.05,332,2.772,-8.444,-8.209
0.05,333,-2.921,2.624,-2.635
0.05,334,-7.219,-1.340,-10.269
0.05,335,7.463,-0.735,2.793
0.05,336,5.357,-5.418,-1.335
0.05,337,-2.267,-3.244,-1.024
0.05,338,-7.617,0.311,-6.788
0.05,339,-8.137,9.158,5.415
0.05,340,-8.563,-5.735,1.653
0.05,341,0.592,9.056,-5.353
0.05,342,-1.862,9.116,-11.008
0.05,343,5.020,-5.957,6.474
0.05,344,9.701,4.571,-1.447
0.05,345,-6.015,-8.147,-1.823
0.05,346,-5.893,2.609,-6.468
0.05,347,-10.414,9.616,3.715
0.05,348,7.077,-2.516,9.107
0.05,349,-4.467,5.627,-9.923
0.05,350,1.005,-5.381,-11.142
0.05,351,9.586,2.605,-0.819
0.05,352,1.427,-6.364,-5.550
0.05,353,6.680,-1.404,-0.953
0.05,354,-7.359,1.412,-7.077
0.05,355,3.619,1.873,-1.846
0.05,356,-9.768,3.983,8.267
0.05,357,-0.637,3.155,-5.379
0.05,358,5.488,4.641,6.371
0.05,359,9.179,-9.079,-10.852
0.05,360,-4.107,8.680,-0.673
0.05,361,4.115,0.459,-1.719
0.05,362,0.957,-2.743,-2.169
0.05,363,8.706,9.287,-8.268
0.05,364,-3.295,2.113,-2.174
0.05,365,8.683,-7.330,1.699
0.05,366,3.847,-1.570,3.468
0.05,367,-8.997,-10.149,-7.646
0.05,368,-6.331,-7.027,4.320
0.05,369,-5.553,2.872,7.327
0.05,370,-7.381,-2.130,6.531
0.05,371,8.187,7.814,6.256
0.05,372,-6.474,3.908,-7.512
0.05,373,-6.625,-0.835,5.519
0.05,374,-2.369,-6.824,6.690
0.05,375,-7.554,-4.221,0.592
0.05,376,9.523,2.702,3.384
0.05,377,-1.735,-5.517,-5.522
0.05,378,9.441,6.927,-9.557
0.05,379,7.331,-0.927,1.433
0.05,380,-4.532,-5.561,-10.362
0.05,381,-2.386,7.655,5.241
0.05,382,7.352,1.761,-8.702
0.05,383,4.376,-6.506,5.206
0.05,384,-3.379,2.112,-2.229
0.05,385,8.606,3.100,-10.969
0.05,386,0.757,3.927,-1.496
0.05,387,8.678,9.339,0.584
0.05,388,-0.669,4.129,2.914
0.05,389,-5.603,-4.243,-2.177
0.05,390,6.204,-3.579,-2.111
0.05,391,-5.473,5.937,0.858
0.05,392,1.142,-1.048,-6.791
0.05,393,-6.318,-3.415,-2.336
0.05,394,-2.541,0.949,-2.755
0.05,395,-4.043,8.225,8.697
0.05,396,-6.261,-3.664,-2.237
0.05,397,5.138,7.965,4.679
0.05,398,4.657,4.794,-9.314
0.05,399,-0.177,6.620,-2.198
0.05,400,6.117,1.006,-7.210
0.05,401,-1.679,-1.867,-10.979
0.05,402,-5.324,-4.909,-9.146
0.05,403,7.016,5.043,4.476
0.05,404,-3.483,2.347,-2.053
0.05,405,8.663,-6.405,1.481
0.05,406,-9.324,-8.568,-11.010
0.05,407,-4.237,-6.577,-6.053
0.05,408,-3.762,2.726,6.528
0.05,409,8.995,6.776,-9.494
0.05,410,-7.409,-10.063,-3.762
0.05,411,-9.694,-7.123,-4.434
0.05,412,3.042,-1.784,2.753
0.05,413,-0.148,-3.163,-7.049
0.05,414,-9.025,-7.776,-6.092
0.05,415,1.370,-9.338,-0.314
0.05,416,-6.982,-1.329,-8.509
0.05,417,-4.590,8.738,-8.473
0.05,418,5.005,5.056,-8.971
0.05,419,-9.759,-9.681,4.984
0.05,420,-6.238,-6.745,4.497
0.05,421,-2.087,8.334,5.530
0.05,422,-2.040,5.087,3.812
0.05,423,-6.134,-3.840,-2.202
0.05,424,0.068,-3.897,-2.140
0.05,425,-5.933,0.496,3.792
0.05,426,-3.098,5.163,-8.760
0.05,427,-3.680,0.546,9.056
0.05,428,8.944,-1.621,1.305
0.05,429,-9.596,3.571,-10.937
0.05,430,7.117,-1.146,6.497
0.05,431,0.032,-0.686,7.848
0.05,432,8.812,-9.787,-3.415
0.05,433,9.672,2.756,0.634
0.05,434,-10.030,1.157,0.111
0.05,435,5.415,3.402,3.182
0.05,436,-0.497,-2.970,-8.886
0.05,437,-6.642,-6.811,4.595
0.05,438,-3.209,-1.969,2.751
0.05,439,4.377,-0.116,-6.644
0.05,440,7.808,3.226,-0.398
0.05,441,-4.838,2.708,-8.213
0.05,442,-6.492,-6.460,0.088
0.05,443,-1.999,3.017,8.195
0.05,444,2.490,-6.206,-5.505
0.05,445,-1.607,6.963,-1.823
0.05,446,-1.822,-10.743,-0.575
0.05,447,0.957,-0.152,-4.889
0.05,448,-9.532,2.760,1.173
0.05,449,-3.399,-2.144,2.569
0.05,450,-6.111,8.413,-0.198
0.05,451,-2.330,-9.959,-4.026
0.05,452,-3.574,1.862,-2.319
0.05,453,-4.740,4.381,-10.784
0.05,454,3.264,1.962,-2.154
0.05,455,-6.654,7.599,-6.894
0.05,456,0.662,1.172,5.465
0.05,457,7.504,2.009,1.914
0.05,458,-4.180,-6.950,9.398
0.05,459,-9.685,-5.350,3.001
0.05,460,5.854,10.543,-6.495
0.05,461,0.366,-8.829,-5.230
0.05,462,-3.457,-9.614,4.907
0.05,463,5.887,4.206,-10.905
0.05,464,-0.237,6.845,-2.193
0.05,465,-8.304,7.660,-3.670
0.05,466,-7.499,-9.269,8.772
0.05,467,-2.739,8.912,-0.099
0.05,468,-9.740,2.470,1.382
0.05,469,-3.175,-1.791,2.817
0.05,470,-0.429,-3.127,-7.508
0.05,471,-5.177,-4.711,-4.344
0.05,472,-5.831,4.467,9.335
0.05,473,-9.128,5.652,9.049
0.05,474,-7.471,-0.086,3.699
0.05,475,-8.376,-9.610,6.708
0.05,476,-1.928,-7.494,5.174
0.05,477,0.964,-4.735,-6.197
0.05,478,-7.023,-1.105,-7.749
0.05,479,6.340,7.657,0.616
0.05,480,-6.045,7.135,5.027
0.05,481,-3.504,2.201,-2.069
0.05,482,-0.222,4.496,-2.016
0.05,483,6.177,-4.078,-7.249
0.05,484,-5.750,-7.240,-1.233
0.05,485,8.668,-8.361,2.651
0.05,486,-6.409,-3.488,-2.310
0.05,487,6.012,4.981,3.049
0.05,488,-9.308,2.917,-4.220
0.05,489,8.889,-9.565,6.219
0.05,490,0.424,2.373,8.930
0.05,491,-10.764,-8.122,-8.950
0.05,492,5.713,4.539,-7.851
0.05,493,-1.428,-6.126,-7.375
0.05,494,8.336,0.204,1.303
0.05,495,-9.030,-8.547,-10.797
0.05,496,-6.404,-3.748,-2.145
0.05,497,-6.281,8.757,-4.808
0.05,498,3.480,10.577,-5.062
0.05,499,6.161,2.750,-9.828
0.05,500,0.325,2.020,9.072
0.05,501,6.386,6.951,-2.770
0.05,502,3.783,-8.278,5.353
0.05,503,-6.755,-3.596,-2.698
0.05,504,-0.851,4.766,-2.781
0.05,505,3.206,-1.987,2.791
0.05,506,0.367,0.389,-4.639
0.05,507,3.971,0.536,-1.427
0.05,508,-0.082,-6.729,-6.331
0.05,509,9.875,-0.290,-5.844
0.05,510,-3.489,2.036,-2.491
0.05,511,-7.564,-9.389,-7.199
0.05,512,5.123,-6.026,-7.127
0.05,513,6.207,-3.770,-2.105
0.05,514,5.775,5.928,-1.639
0.05,515,-8.531,7.061,-3.204
0.05,516,-9.119,8.501,-0.291
0.05,517,0.627,-9.118,2.672
0.05,518,3.013,-2.043,2.843
0.05,519,6.800,1.672,-9.865
0.05,520,-2.506,-6.515,-8.530
0.05,521,-9.829,-8.334,-6.317
0.05,522,0.979,-1.829,-5.768
0.05,523,-4.796,5.792,-10.569
0.05,524,9.440,-7.136,8.492
0.05,525,-6.434,-0.327,4.518
0.05,526,-3.289,-1.939,2.737
0.05,527,5.098,4.996,4.033
0.05,528,10.183,-1.694,-6.375
0.05,529,0.842,3.382,2.597
0.05,530,-4.181,-6.252,0.037
0.05,531,-4.257,2.776,3.139
0.05,532,2.779,-2.031,2.710
0.05,533,6.635,-5.751,-10.908
0.05,534,3.416,-1.839,2.845
0.05,535,1.715,7.158,5.143
0.05,536,-3.533,2.147,7.405
0.05,537,5.026,-5.977,-8.292
0.05,538,5.525,4.750,-7.827
0.05,539,-0.005,3.793,2.933
0.05,540,-0.237,-2.978,-5.914
0.05,541,5.190,-2.600,-2.074
0.05,542,6.541,3.666,-10.362
0.05,543,8.957,-3.542,-1.214
0.05,544,-7.754,-5.153,-0.031
0.05,545,-6.317,0.595,3.754
0.05,546,-0.153,6.494,-2.271
0.05,547,3.307,-8.820,1.107
0.05,548,-6.163,-7.743,-6.429
0.05,549,-3.611,2.277,-1.877
0.05,550,10.217,-7.873,-5.759
0.05,551,-2.733,8.349,0.434
0.05,552,-4.033,1.820,-2.939
0.05,553,-5.631,-3.058,-2.810
0.05,554,8.897,-1.323,-6.579
0.05,555,-10.381,2.199,-0.379
0.05,556,-0.919,-8.104,2.740
0.05,557,3.254,1.882,-2.181
0.05,558,0.919,7.301,-1.971
0.05,559,-1.448,6.738,-3.156
0.05,560,1.523,5.751,-10.900
0.05,561,1.989,6.893,-10.687
0.05,562,5.417,-3.997,4.950
0.05,563,-4.551,9.000,-7.888
0.05,564,-8.140,4.227,-10.946
0.05,565,-1.287,-1.391,-6.494
0.05,566,-7.147,-6.296,1.249
0.05,567,-5.048,2.494,-5.785
0.05,568,2.891,-3.779,-0.969
0.05,569,-2.897,8.106,-9.925
0.05,570,-8.464,-2.329,3.000
0.05,571,6.408,-3.981,-6.923
0.05,572,7.439,6.270,3.493
0.05,573,7.332,7.374,4.760
0.05,574,1.646,-5.309,3.899
0.05,575,-2.083,-2.170,4.277
0.05,576,-0.245,-1.122,-9.116
0.05,577,-3.069,-1.924,2.949
0.05,578,2.797,6.398,-9.520
0.05,579,5.789,-1.293,-1.993
0.05,580,2.140,6.726,-10.299
0.05,581,-5.690,-6.852,-10.732
0.05,582,-6.330,-3.276,-7.389
0.05,583,5.154,4.528,2.955
0.05,584,8.567,-8.210,1.303
0.05,585,-8.838,6.979,9.347
0.05,586,-0.626,-4.110,-1.716
0.05,587,-9.179,-9.417,6.230
0.05,588,-0.995,-8.188,2.249
0.05,589,2.829,0.879,7.256
0.05,590,3.032,6.200,-6.552
0.05,591,6.400,-5.486,-1.593
0.05,592,8.202,7.000,-2.242
0.05,593,-2.299,-2.995,2.753
0.05,594,-0.227,6.607,-2.169
0.05,595,2.604,-0.532,-3.086
0.05,596,4.285,5.936,8.876
0.05,597,-2.335,3.312,3.181
0.05,598,-9.596,-8.420,-5.601
0.05,599,1.102,6.788,-8.304
0.05,600,7.338,6.560,-5.981
0.05,601,4.135,-8.383,4.403
0.05,602,-6.875,-9.831,-3.227
0.05,603,-4.760,2.603,-4.786
0.05,604,7.346,0.867,-10.011
0.05,605,-9.418,-8.570,-5.350
0.05,606,8.176,0.080,-7.599
0.05,607,-1.865,-6.842,-8.340
0.05,608,7.744,2.699,-7.515
0.05,609,-7.247,-2.352,5.358
0.05,610,-6.369,-0.364,4.817
0.05,611,9.699,3.620,-4.333
0.05,612,1.552,-4.916,5.021
0.05,613,3.002,-1.795,2.798
0.05,614,5.720,-0.575,-2.106
0.05,615,-2.610,7.560,5.506
0.05,616,-0.050,-0.186,7.563
0.05,617,1.307,-0.858,-5.891
0.05,618,-7.523,0.122,3.298
0.05,619,-0.032,-0.139,7.822
0.05,620,-5.690,0.464,3.900
0.05,621,4.796,-3.899,-11.068
0.05,622,-8.614,-1.115,-1.147
0.05,623,0.388,-6.710,-6.048
0.05,624,2.071,7.194,-11.008
0.05,625,-0.214,-3.337,7.921
0.05,626,5.126,-4.960,-11.048
0.05,627,5.372,-2.290,4.450
0.05,628,-9.283,1.517,-3.108
0.05,629,-6.496,-8.333,6.579
0.05,630,-2.672,-3.300,3.033
0.05,631,0.031,-6.370,-6.081
0.05,632,-3.276,4.089,-1.451
0.05,633,-7.245,-1.737,4.701
0.05,634,-9.894,-8.136,8.740
0.05,635,6.377,-2.491,-9.791
0.05,636,7.536,1.469,-9.144
0.05,637,0.513,7.057,-9.544
0.05,638,3.260,-1.312,2.766
0.05,639,-5.241,3.022,2.950
0.05,640,-3.168,2.096,-2.110
0.05,641,-3.302,-1.719,3.224
0.05,642,6.421,7.947,4.558
0.05,643,7.161,8.368,1.610
0.05,644,7.437,0.884,-9.181
0.05,645,-8.952,7.782,8.617
0.05,646,5.061,7.717,9.534
0.05,647,5.251,-0.304,-9.571
0.05,648,-0.935,4.473,-2.752
0.05,649,1.818,6.469,-8.906
0.05,650,-0.039,3.755,2.870
0.05,651,8.553,7.979,-7.097
0.05,652,-4.947,-4.208,-7.120
0.05,653,-2.060,-3.843,3.441
0.05,654,-1.557,-5.091,-3.337
0.05,655,6.797,-3.360,-1.793
0.05,656,2.268,-8.848,1.919
0.05,657,-8.396,-0.463,-1.062
0.05,658,0.909,2.018,-11.032
0.05,659,5.566,1.006,-7.335
0.05,660,8.551,-4.591,-0.555
0.05,661,-7.052,-1.041,-10.536
0.05,662,8.211,0.441,-7.675
0.05,663,3.148,1.766,-2.630
0.05,664,7.140,1.203,5.657
0.05,665,-0.183,3.816,2.847
0.05,666,-4.662,8.498,-5.956
0.05,667,-5.455,9.238,6.869
0.05,668,6.526,7.912,0.846
0.05,669,0.459,-4.766,-4.197
0.05,670,-6.539,-9.611,6.499
0.05,671,3.340,1.930,-2.167
0.05,672,6.263,-3.729,-2.122
0.05,673,-7.958,-9.652,8.758
0.05,674,-0.161,6.570,-7.700
0.05,675,-10.069,-8.563,-10.140
0.05,676,3.938,10.422,-5.107
0.05,677,6.229,-3.789,-2.080
0.05,678,-0.372,-4.209,1.637
0.05,679,4.035,6.082,-9.698
0.05,680,-5.206,4.025,-8.573
0.05,681,-4.002,-7.956,-7.311
0.05,682,-1.896,6.004,-0.812
0.05,683,6.903,7.894,-1.636
0.05,684,5.781,-3.434,-1.930
0.05,685,-8.883,-1.028,-1.419
0.05,686,-4.871,-5.078,-8.782
0.05,687,4.612,4.830,7.193
0.05,688,7.777,5.823,-5.161
0.05,689,6.517,2.249,-9.939
0.05,690,-5.884,-6.395,-5.562
0.05,691,-9.250,2.193,-5.559
0.05,692,-7.258,-2.175,6.504
0.05,693,5.938,6.739,-2.021
0.05,694,-5.195,9.538,2.102
0.05,695,-9.765,1.747,-3.523
0.05,696,-6.811,-0.261,3.754
0.05,697,-5.149,-3.079,-2.307
0.05,698,-4.307,5.745,-10.579
0.05,699,-2.562,6.913,-9.791
0.05,700,-6.108,-0.027,4.817
0.05,701,4.012,-7.110,2.265
0.05,702,-7.081,7.361,1.782
0.05,703,-1.129,-4.053,6.294
0.05,704,-0.244,6.316,-2.288
0.05,705,4.137,5.823,7.004
0.05,706,0.778,-6.536,-5.487
0.05,707,-8.849,8.535,-8.146
0.05,708,7.150,-0.759,6.524
0.05,709,4.311,1.630,-9.199
0.05,710,9.488,-8.339,-4.348
0.05,711,0.726,7.823,-2.111
0.05,712,9.988,-6.889,-11.117
0.05,713,4.615,-6.230,9.025
0.05,714,5.407,-3.608,5.357
0.05,715,-5.124,-6.644,2.737
0.05,716,-10.144,3.193,6.479
0.05,717,-7.191,-8.912,2.384
0.05,718,6.994,6.946,-6.461
0.05,719,0.215,-4.155,-1.886
0.05,720,0.207,4.656,-1.444
0.05,721,6.736,7.828,-2.571
0.05,722,-10.021,-8.510,-4.987
0.05,723,7.318,0.556,-8.862
0.05,724,-0.079,3.851,2.900
0.05,725,1.894,6.604,-9.291
0.05,726,-2.263,6.988,9.555
0.05,727,1.372,-7.361,1.610
0.05,728,-7.086,-7.081,1.396
0.05,729,-7.661,8.070,6.262
0.05,730,-4.247,8.871,-2.037
0.05,731,-6.730,-3.585,6.565
0.05,732,3.407,1.926,-2.108
0.05,733,-0.883,-0.671,-6.973
0.05,734,1.597,8.051,3.201
0.05,735,5.591,-4.549,4.295
0.05,736,-5.651,4.819,-8.987
0.05,737,7.315,-0.290,6.837
0.05,738,-1.489,-8.525,2.744
0.05,739,7.489,9.938,6.282
0.05,740,-2.584,7.613,-10.079
0.05,741,-0.187,-4.063,-1.937
0.05,742,6.754,-6.038,3.721
0.05,743,-3.461,-10.030,-2.260
0.05,744,-0.283,0.187,7.614
0.05,745,0.239,0.056,7.815
0.05,746,-6.993,0.304,8.419
0.05,747,8.297,-5.152,-0.614
0.05,748,-5.366,4.939,-7.784
0.05,749,-0.947,-2.241,-5.577
0.05,750,-3.080,3.030,-0.913
0.05,751,-10.219,9.757,3.369
0.05,752,-0.733,-8.017,3.145
0.05,753,5.635,-1.957,-0.159
0.05,754,0.154,0.460,3.886
0.05,755,-1.512,-0.359,-7.414
0.05,756,3.467,-6.112,5.350
0.05,757,4.672,5.351,-8.385
0.05,758,3.311,6.505,7.642
0.05,759,-5.792,-7.347,-10.374
0.05,760,6.608,-3.977,-2.252
0.05,761,-8.287,1.656,9.688
0.05,762,4.219,1.791,-2.223
0.05,763,6.373,-3.864,-2.233
0.05,764,-0.261,1.109,-9.414
0.05,765,7.161,-7.621,2.038
0.05,766,3.243,-1.922,2.807
0.05,767,-0.582,-0.277,-7.999
0.05,768,-7.303,1.471,-7.071
0.05,769,7.721,2.025,-4.094
0.05,770,1.070,-7.333,-6.182
0.05,771,7.103,2.149,1.909
0.05,772,-0.427,6.742,-7.941
0.05,773,6.778,-0.713,9.672
0.05,774,-6.459,-6.259,0.569
0.05,775,2.917,3.184,1.364
0.05,776,-4.738,0.829,2.465
0.05,777,-6.403,-6.937,-0.784
0.05,778,2.511,6.481,-7.449
0.05,779,-1.131,6.697,-8.789
0.05,780,5.581,9.067,-2.448
0.05,781,-9.064,7.615,-0.601
0.05,782,6.358,-4.386,3.160
0.05,783,8.282,6.211,4.469
0.05,784,1.950,9.786,2.600
0.05,785,6.239,9.218,5.021
0.05,786,8.438,7.939,-6.558
0.05,787,-3.404,4.192,4.888
0.05,788,4.100,-2.947,3.395
0.05,789,-3.086,2.297,-2.002
0.05,790,-5.514,5.908,-8.611
0.05,791,2.208,-8.475,-1.364
0.05,792,-0.109,4.154,-2.004
0.05,793,-7.126,-1.775,6.433
0.05,794,-6.555,-0.157,5.526
0.05,795,6.346,2.558,-4.250
0.05,796,6.987,7.286,5.027
0.05,797,6.869,8.189,-3.652
0.05,798,2.147,-9.781,7.366
0.05,799,-1.060,0.687,-8.048
0.05,800,-0.704,-4.365,7.082
0.05,801,0.824,1.329,-7.424
0.05,802,-6.237,-8.296,1.065
0.05,803,0.657,-4.978,0.249
0.05,804,4.154,3.475,9.319
0.05,805,7.237,3.499,-9.881
0.05,806,5.531,-3.152,6.826
0.05,807,-5.758,-7.848,5.203
0.05,808,-1.745,-0.541,-7.251
0.05,809,5.402,-4.732,-9.934
0.05,810,2.147,-2.828,-1.281
0.05,811,7.242,9.986,6.665
0.05,812,3.381,1.763,-2.053
0.05,813,-8.139,-9.898,6.979
0.05,814,0.823,-0.017,8.239
0.05,815,3.403,-8.391,5.353
0.05,816,7.567,4.796,9.680
0.05,817,-4.823,-6.219,0.202
0.05,818,9.282,-9.673,-8.064
0.05,819,-1.848,4.454,5.808
0.05,820,-7.338,-8.860,2.395
0.05,821,-0.241,1.534,-7.497
0.05,822,-9.177,8.167,-10.495
0.05,823,-5.069,5.234,-7.988
0.05,824,6.947,7.905,-4.463
0.05,825,-8.323,7.289,-0.234
0.05,826,-0.209,3.807,2.889
0.05,827,4.418,-5.454,-10.619
0.05,828,-5.130,5.356,-9.828
0.05,829,4.625,4.724,-7.746
0.05,830,-4.178,-1.041,-2.753
0.05,831,2.102,9.013,3.285
0.05,832,5.876,2.909,6.791
0.05,833,-6.988,5.667,-6.419
0.05,834,-4.791,2.296,7.244
0.05,835,2.207,9.812,1.429
0.05,836,6.379,0.645,4.088
0.05,837,0.768,-1.246,-7.291
0.05,838,2.206,3.029,-1.652
0.05,839,6.171,7.351,0.708
0.05,840,2.908,-6.221,5.381
0.05,841,-2.621,7.831,0.125
0.05,842,7.210,3.135,-8.318
0.05,843,6.259,9.174,0.908
0.05,844,-8.256,7.101,-6.257
0.05,845,3.381,1.956,-2.143
0.05,846,9.008,2.129,2.768
0.05,847,5.112,4.523,4.650
0.05,848,4.175,-6.615,8.480
0.05,849,-0.549,-7.000,-6.659
0.05,850,0.733,3.384,2.818
0.05,851,-8.574,5.729,-0.747
0.05,852,3.090,8.363,7.227
0.05,853,6.821,-5.534,-5.347
0.05,854,-8.596,-0.334,-1.336
0.05,855,2.914,-7.600,2.004
0.05,856,-1.080,-0.408,-7.832
0.05,857,-2.795,1.322,-2.471
0.05,858,6.148,7.614,-4.465
0.05,859,-3.086,1.898,-2.077
0.05,860,-9.885,0.807,-2.936
0.05,861,-4.499,-1.661,2.492
0.05,862,2.442,1.704,0.909
0.05,863,0.034,-1.012,8.237
0.05,864,4.439,-6.309,-6.630
0.05,865,-7.518,-2.154,-6.694
0.05,866,-3.628,1.308,1.806
0.05,867,-3.059,-7.673,1.501
0.05,868,5.888,-3.446,6.952
0.05,869,-5.130,7.703,6.637
0.05,870,-7.683,7.844,1.275
0.05,871,7.556,-8.291,4.482
0.05,872,-7.292,8.354,-2.421
0.05,873,-10.766,2.723,4.938
0.05,874,9.866,-2.672,8.722
0.05,875,-5.190,-2.059,-5.627
0.05,876,-4.037,2.303,6.980
0.05,877,-1.640,3.653,6.004
0.05,878,2.691,6.142,-10.512
0.05,879,6.271,5.704,0.147
0.05,880,0.130,-2.382,-7.215
0.05,881,7.360,3.081,-0.970
0.05,882,-5.962,-0.195,-3.053
0.05,883,5.365,3.925,8.093
0.05,884,7.056,-3.485,-6.205
0.05,885,-1.075,5.070,-6.613
0.05,886,4.346,-4.929,-4.793
0.05,887,0.019,-3.962,-2.066
0.05,888,6.833,-5.241,-4.532
0.05,889,-10.415,-9.242,-7.202
0.05,890,7.998,-3.226,9.454
0.05,891,-0.111,3.833,2.839
0.05,892,-8.210,7.870,-3.381
0.05,893,-7.773,-2.186,-2.052
0.05,894,-3.387,-1.559,2.631
0.05,895,-7.580,4.577,1.761
0.05,896,7.279,1.370,5.619
0.05,897,0.479,-4.615,8.810
0.05,898,5.200,-4.404,-10.729
0.05,899,8.088,7.369,-4.711
0.05,900,-7.300,-1.951,-11.080
0.05,901,5.037,7.715,1.387
0.05,902,-2.926,2.039,-2.000
0.05,903,1.899,-7.105,0.409
0.05,904,6.093,-0.683,8.897
0.05,905,3.418,-7.354,-2.724
0.05,906,7.641,-3.624,6.650
0.05,907,2.716,-6.013,5.838
0.05,908,7.059,-1.563,6.798
0.05,909,3.757,-7.517,-2.291
0.05,910,4.809,-5.157,-10.695
0.05,911,-5.169,4.586,-9.903
0.05,912,5.165,3.209,-5.531
0.05,913,3.101,-1.830,2.802
0.05,914,-0.112,3.782,2.894
0.05,915,6.314,2.471,-8.326
0.05,916,-6.890,5.399,0.091
0.05,917,-6.524,-3.097,-7.540
0.05,918,-2.699,5.391,9.751
0.05,919,-7.577,-0.194,-2.731
0.05,920,8.075,2.158,2.095
0.05,921,5.146,-2.152,5.759
0.05,922,-2.286,1.509,-0.688
0.05,923,-2.282,6.813,-10.322
0.05,924,-4.685,4.414,-10.438
0.05,925,6.651,8.684,1.114
0.05,926,-8.437,7.953,-10.742
0.05,927,-3.307,9.088,-5.933
0.05,928,-4.677,-3.139,3.023
0.05,929,7.443,-2.195,-1.463
0.05,930,1.973,-9.115,-8.647
0.05,931,-6.849,10.683,-10.257
0.05,932,-4.338,-3.850,-7.706
0.05,933,7.383,-2.233,1.345
0.05,934,-2.177,-2.535,2.880
0.05,935,7.227,5.012,-5.444
0.05,936,-7.592,4.073,0.384
0.05,937,-0.639,-7.342,-6.522
0.05,938,-0.186,4.047,3.091
0.05,939,7.026,-0.073,-8.364
0.05,940,-2.196,-6.495,-8.151
0.05,941,-0.945,2.412,-9.931
0.05,942,7.235,8.768,-6.177
0.05,943,1.759,6.648,-8.276
0.05,944,3.143,0.927,9.092
0.05,945,6.043,3.408,-9.888
0.05,946,-3.361,-0.718,-1.001
0.05,947,-9.634,1.727,1.079
0.05,948,6.614,8.051,-10.984
0.05,949,-0.999,7.793,-6.933
0.05,950,0.141,-4.661,0.802
0.05,951,1.136,7.227,-7.180
0.05,952,-6.166,-7.979,-6.583
0.05,953,3.316,7.085,-1.825
0.05,954,1.158,-0.807,-10.642
0.05,955,-7.198,-1.390,4.052
0.05,956,-3.810,6.328,-9.239
0.05,957,8.881,-9.639,4.681
0.05,958,-3.706,-4.877,-3.312
0.05,959,-10.089,2.470,-4.079
0.05,960,-10.835,3.459,-9.406
0.05,961,8.601,9.387,-0.113
0.05,962,1.312,7.407,-1.614
0.05,963,-2.161,-7.101,-8.778
0.05,964,-5.825,-4.878,8.116
0.05,965,7.214,8.849,-6.383
0.05,966,8.213,-1.067,2.690
0.05,967,-5.876,10.181,6.936
0.05,968,3.109,-7.199,1.605
0.05,969,-0.220,5.728,-9.773
0.05,970,7.551,1.244,6.063
0.05,971,6.483,-3.770,-2.140
0.05,972,0.538,-2.440,-6.399
0.05,973,-5.356,5.731,-8.647
0.05,974,9.931,-3.745,1.868
0.05,975,5.713,-4.901,-7.219
0.05,976,6.842,7.002,-3.579
0.05,977,1.019,0.803,-11.136
0.05,978,-0.391,-4.921,7.069
0.05,979,-6.977,-0.741,5.951
0.05,980,-2.196,6.090,-7.559
0.05,981,-9.847,-4.528,1.990
0.05,982,-6.338,-5.922,5.084
0.05,983,3.828,-2.309,3.013
0.05,984,-8.032,-10.115,0.134
0.05,985,6.205,2.331,-9.643
0.05,986,7.616,-8.885,6.528
0.05,987,6.694,-10.430,-7.091
0.05,988,8.636,-8.718,6.061
0.05,989,3.036,7.342,-6.721
0.05,990,8.719,-7.385,1.577
0.05,991,-5.032,2.610,6.932
0.05,992,-5.389,-3.638,2.288
0.05,993,-6.729,2.702,8.053
0.05,994,2.802,-1.965,2.701
0.05,995,5.233,2.475,5.118
0.05,996,-5.610,-5.357,9.000
0.05,997,7.385,1.867,-7.862
0.05,998,-6.152,3.038,-5.579
0.05,999,0.254,0.796,-8.853
0.05,1000,-0.788,-1.915,-10.813
0.05,1001,7.185,6.945,2.544
0.05,1002,8.861,8.674,0.630
0.05,1003,-1.911,-7.692,-9.435
0.05,1004,0.705,6.704,-8.000
0.05,1005,1.609,0.709,-11.064
0.05,1006,-8.898,7.321,-4.919
0.05,1007,-0.212,6.670,-8.030
0.05,1008,7.515,-8.396,-5.070
0.05,1009,-1.600,-2.327,6.912
0.05,1010,-2.026,5.205,-5.175
0.05,1011,0.688,3.720,-1.810
0.05,1012,7.817,-1.399,-2.053
0.05,1013,-2.184,-6.917,-7.288
0.05,1014,-5.588,0.215,-4.775
0.05,1015,-6.736,-6.204,7.993
0.05,1016,-5.933,-7.643,-0.312
0.05,1017,10.200,1.354,-2.583
0.05,1018,-1.070,-5.150,-7.117
0.05,1019,6.662,8.662,1.226
0.05,1020,8.058,1.584,1.774
0.05,1021,3.567,-0.349,0.165
0.05,1022,6.457,-2.980,-1.997
0.05,1023,-8.789,0.283,4.473
0.05,1024,6.774,5.621,-0.375
0.05,1025,2.203,0.999,-9.279
0.05,1026,5.382,-4.595,-9.895
0.05,1027,-7.731,-3.069,-6.211
0.05,1028,-4.876,-3.274,-8.336
0.05,1029,-4.307,-5.458,1.972
0.05,1030,-5.929,1.036,2.847
0.05,1031,5.451,-7.687,-5.608
0.05,1032,-2.904,1.347,-2.259
0.05,1033,-5.565,4.426,-8.597
0.05,1034,6.672,2.645,4.005
0.05,1035,-7.721,6.470,-10.741
0.05,1036,-0.207,-0.055,7.699
0.05,1037,5.477,5.217,-7.979
0.05,1038,-1.148,-0.927,3.711
0.05,1039,3.220,-6.556,-5.848
0.05,1040,3.036,-6.162,-5.098
0.05,1041,-7.251,-8.316,5.880
0.05,1042,5.084,5.609,2.548
0.05,1043,6.820,-2.301,5.464
0.05,1044,1.870,8.249,7.447
0.05,1045,3.262,-8.262,1.821
0.05,1046,2.435,-8.714,1.578
0.05,1047,5.951,-3.219,-7.533
0.05,1048,0.244,-0.262,-8.213
0.05,1049,2.443,9.636,0.492
0.05,1050,6.848,8.875,-2.134
0.05,1051,7.374,7.138,9.215
0.05,1052,-1.527,3.260,4.502
0.05,1053,1.140,-8.345,-5.407
0.05,1054,8.795,5.958,-1.814
0.05,1055,4.889,-1.020,3.540
0.05,1056,3.107,-1.970,2.880
0.05,1057,2.224,6.361,-10.863
0.05,1058,-4.734,4.949,8.492
0.05,1059,2.675,5.651,-6.994
0.05,1060,-1.219,6.916,-2.614
0.05,1061,-5.213,5.432,-10.971
0.05,1062,5.406,2.423,6.644
0.05,1063,6.927,-5.082,2.704
0.05,1064,-2.775,6.599,-9.872
0.05,1065,5.585,3.407,6.023
0.05,1066,4.800,-5.083,-10.056
0.05,1067,-1.325,-6.167,-6.289
0.05,1068,2.289,-9.006,6.183
0.05,1069,-9.039,8.141,-0.125
0.05,1070,7.024,7.276,3.394
0.05,1071,5.421,4.536,-6.153
0.05,1072,1.526,-5.277,3.009
0.05,1073,-6.488,-0.194,4.764
0.05,1074,4.441,8.927,3.380
0.05,1075,6.555,3.144,0.479
0.05,1076,3.362,1.738,-2.088
0.05,1077,3.950,-4.929,-10.648
0.05,1078,4.211,-8.443,-7.633
0.05,1079,5.880,-7.288,3.233
0.05,1080,-1.287,-0.316,-7.189
0.05,1081,-0.279,-4.232,1.802
0.05,1082,-6.582,-8.635,2.086
0.05,1083,4.688,-5.771,8.850
0.05,1084,0.262,5.585,2.157
0.05,1085,2.697,3.432,-2.103
0.05,1086,-9.010,-9.849,-8.763
0.05,1087,-6.801,1.676,-8.027
0.05,1088,-3.305,-8.998,-10.297
0.05,1089,-0.638,5.217,-2.183
0.05,1090,9.553,-6.533,-2.422
0.05,1091,6.991,8.578,-0.023
0.05,1092,-7.665,-7.359,-8.241
0.05,1093,-3.193,-1.385,-1.822
0.05,1094,-0.436,5.650,-7.274
0.05,1095,-5.072,7.569,1.265
0.05,1096,4.919,-6.741,4.788
0.05,1097,-0.714,3.776,2.948
0.05,1098,2.322,-8.595,5.144
0.05,1099,6.289,-3.467,-2.157
0.05,1100,7.549,2.757,6.770
0.05,1101,-0.651,5.473,-2.342
0.05,1102,1.782,-8.906,1.841
0.05,1103,6.088,-8.158,1.241
0.05,1104,-9.401,8.770,-8.640
0.05,1105,3.632,-0.866,-1.984
0.05,1106,-3.468,3.212,3.009
0.05,1107,0.219,7.884,3.266
0.05,1108,1.927,-8.903,-4.126
0.05,1109,0.330,-2.330,-6.892
0.05,1110,-3.188,8.843,-0.666
0.05,1111,7.799,-4.340,-1.181
0.05,1112,2.980,7.326,4.248
0.05,1113,3.188,-6.016,-11.116
0.05,1114,5.920,-6.829,-5.838
0.05,1115,0.711,-5.055,2.996
0.05,1116,-4.992,4.790,-10.738
0.05,1117,4.463,-5.826,-10.454
0.05,1118,3.260,3.088,-1.557
0.05,1119,6.489,0.093,-5.911
0.05,1120,-0.422,-0.283,-8.655
0.05,1121,4.280,-5.545,5.491
0.05,1122,-6.266,-3.243,-7.209
0.05,1123,8.006,2.327,-7.367
0.05,1124,1.051,7.043,2.971
0.05,1125,-5.280,5.105,-9.452
0.05,1126,0.356,0.591,4.861
0.05,1127,4.700,4.385,-6.329
0.05,1128,-3.862,-8.557,-8.125
0.05,1129,5.809,2.447,-9.906
0.05,1130,-8.101,5.731,3.204
0.05,1131,4.748,5.733,9.521
0.05,1132,0.049,7.208,-2.182
0.05,1133,6.123,5.790,-6.740
0.05,1134,0.881,-7.071,-6.259
0.05,1135,-7.547,8.265,1.899
0.05,1136,7.236,6.013,1.197
0.05,1137,3.499,1.431,-2.054
0.05,1138,-6.961,8.635,-2.005
0.05,1139,5.204,8.209,-1.690
0.05,1140,-6.756,-7.560,2.275
0.05,1141,5.325,-4.930,-7.790
0.05,1142,-0.115,4.253,2.921
0.05,1143,2.577,0.348,4.016
0.05,1144,2.249,9.279,-0.840
0.05,1145,-3.532,8.881,1.076
0.05,1146,-5.218,-6.315,5.685
0.05,1147,-7.075,-8.325,4.859
0.05,1148,-6.986,-2.696,-9.673
0.05,1149,1.969,-1.773,-2.648
0.05,1150,-5.698,4.643,-8.399
0.05,1151,0.607,7.740,5.523
0.05,1152,5.173,-5.264,7.126
0.05,1153,-6.422,-3.229,-7.390
0.05,1154,-8.217,-4.605,-0.539
0.05,1155,-4.906,9.586,-3.781
0.05,1156,1.030,7.009,3.714
0.05,1157,-3.296,2.323,-2.094
0.05,1158,-3.118,2.013,-2.141
0.05,1159,2.440,6.830,-8.681
0.05,1160,-8.384,-4.526,-0.634
0.05,1161,-2.707,-8.313,1.285
0.05,1162,6.145,-7.092,3.084
0.05,1163,4.539,6.143,-6.420
0.05,1164,-5.052,-5.600,-10.332
0.05,1165,-1.110,-2.932,-8.485
0.05,1166,0.507,-4.158,1.430
0.05,1167,4.236,0.529,-1.879
0.05,1168,5.310,-4.776,-10.912
0.05,1169,2.381,8.125,3.728
0.05,1170,7.143,1.358,-9.831
0.05,1171,-3.932,-4.435,8.687
0.05,1172,-3.698,-4.363,-1.204
0.05,1173,2.747,-1.469,2.779
0.05,1174,-3.265,1.930,-2.145
0.05,1175,1.236,6.143,-10.524
0.05,1176,7.430,2.215,-8.668
0.05,1177,6.321,-3.826,-2.188
0.05,1178,-5.979,-6.524,5.047
0.05,1179,5.924,2.246,-8.665
0.05,1180,-2.521,9.434,0.458
0.05,1181,7.605,8.235,-4.384
0.05,1182,3.284,2.015,-2.195
0.05,1183,-3.116,8.447,0.132
0.05,1184,-6.472,-3.825,-2.215
0.05,1185,-6.663,-2.899,-7.142
0.05,1186,1.572,9.322,2.856
0.05,1187,7.225,6.956,-9.709
0.05,1188,-9.976,-8.528,8.989
0.05,1189,-7.656,-4.868,-6.045
0.05,1190,0.070,2.362,3.696
0.05,1191,6.847,2.942,3.221
0.05,1192,-0.074,-4.405,-1.629
0.05,1193,0.075,-8.356,-10.171
0.05,1194,-3.099,2.208,-2.024
0.05,1195,8.512,-7.776,1.873
0.05,1196,10.131,2.171,-4.183
0.05,1197,-6.660,-7.662,-5.919
0.05,1198,-6.342,9.099,6.555
0.05,1199,-4.939,5.227,-9.991
0.05,1200,4.582,-0.220,-3.475
0.05,1201,-0.824,-5.616,-10.178
0.05,1202,7.513,7.244,-3.044
0.05,1203,-4.280,10.183,6.302
0.05,1204,7.147,7.505,-3.877
0.05,1205,-5.240,-3.064,-2.324
0.05,1206,2.787,10.401,-3.914
0.05,1207,1.877,9.596,3.377
0.05,1208,-6.710,-2.226,-8.285
0.05,1209,6.089,-3.478,-2.026
0.05,1210,3.199,1.886,-2.170
0.05,1211,6.211,-1.430,-10.044
0.05,1212,-5.304,-7.290,-6.534
0.05,1213,-5.047,3.719,-8.959
0.05,1214,-6.655,-2.609,-10.137
0.05,1215,6.014,2.337,-9.737
0.05,1216,6.729,2.951,-8.331
0.05,1217,-4.090,-4.812,8.524
0.05,1218,6.491,7.819,0.770
0.05,1219,4.263,1.782,-2.607
0.05,1220,5.713,-4.178,-9.464
0.05,1221,1.119,6.215,-5.556
0.05,1222,-0.690,-7.172,-8.504
0.05,1223,-8.496,7.409,-3.388
0.05,1224,7.237,8.232,-4.221
0.05,1225,7.713,8.989,-5.017
0.05,1226,5.025,-9.209,-0.986
0.05,1227,6.733,7.872,0.935
0.05,1228,4.151,-5.326,5.222
0.05,1229,-5.413,1.265,3.185
0.05,1230,-3.055,2.359,-1.948
0.05,1231,-10.442,-7.588,-9.313
0.05,1232,6.468,10.186,-7.524
0.05,1233,3.296,1.870,-2.160
0.05,1234,-10.521,-7.908,-8.134
0.05,1235,5.935,-3.658,-2.090
0.05,1236,-7.311,-1.902,-7.086
0.05,1237,-9.472,0.095,-1.604
0.05,1238,6.624,7.215,-4.079
0.05,1239,-6.036,-7.657,8.241
0.05,1240,3.089,-2.688,-1.375
0.05,1241,7.769,-2.585,6.314
0.05,1242,-6.774,-7.812,2.716
0.05,1243,-7.140,-4.907,-1.588
0.05,1244,5.779,2.340,6.572
0.05,1245,4.653,6.090,-1.302
0.05,1246,-6.760,6.987,9.324
0.05,1247,-6.290,-3.016,-7.778
0.05,1248,6.023,5.811,-7.541
0.05,1249,-4.444,6.209,-8.675
0.05,1250,-3.746,8.658,-0.130
0.05,1251,-10.715,-8.579,-7.774
0.05,1252,5.473,2.994,-6.080
0.05,1253,8.104,-8.143,2.354
0.05,1254,1.512,7.629,5.550
0.05,1255,3.263,1.963,-2.186
0.05,1256,-2.000,2.856,-2.792
0.05,1257,4.669,-1.930,9.178
0.05,1258,-0.095,3.759,2.880
0.05,1259,-2.752,-7.178,-8.045
0.05,1260,-1.768,4.791,-5.583
0.05,1261,1.095,-6.657,3.298
0.05,1262,-4.133,-6.729,5.310
0.05,1263,-2.084,-2.475,9.445
0.05,1264,9.257,0.886,-2.483
0.05,1265,1.478,7.687,4.744
0.05,1266,0.418,-6.057,-4.945
0.05,1267,-1.582,6.653,-10.215
0.05,1268,-4.773,-8.843,-8.018
0.05,1269,-3.465,6.199,1.766
0.05,1270,3.577,-2.475,-1.275
0.05,1271,6.469,8.318,0.495
0.05,1272,-0.385,3.132,-1.340
0.05,1273,-4.475,2.477,7.276
0.05,1274,0.929,-0.573,-9.825
0.05,1275,0.843,-7.428,8.437
0.05,1276,-0.240,6.854,-2.167
0.05,1277,-4.489,5.699,-9.283
0.05,1278,-3.003,-8.408,-4.567
0.05,1279,-3.538,-1.678,-2.185
0.05,1280,-4.859,5.185,-9.756
0.05,1281,6.916,-7.640,2.593
0.05,1282,3.044,-2.616,-1.434
0.05,1283,7.913,-0.689,-7.074
0.05,1284,-3.799,5.243,-6.118
0.05,1285,-9.779,6.233,5.534
0.05,1286,3.315,1.970,-2.153
0.05,1287,-1.616,7.079,9.009
0.05,1288,0.252,7.014,-2.696
0.05,1289,-3.579,7.355,6.058
0.05,1290,3.136,-1.866,2.781
0.05,1291,6.171,-4.003,-2.051
0.05,1292,-3.655,6.194,8.683
0.05,1293,4.532,4.114,3.000
0.05,1294,-3.220,2.058,-2.155
0.05,1295,4.853,-6.710,6.216
0.05,1296,3.587,-6.394,-5.658
0.05,1297,1.734,-0.850,-4.889
0.05,1298,3.262,1.804,-2.197
0.05,1299,-8.425,-5.753,2.028
0.05,1300,-6.826,6.332,9.710
0.05,1301,0.246,1.397,-10.498
0.05,1302,4.549,7.213,3.824
0.05,1303,1.351,-0.997,-7.000
0.05,1304,-7.400,5.745,-5.366
0.05,1305,5.716,2.749,7.297
0.05,1306,7.629,9.610,-0.976
0.05,1307,-5.658,0.397,-0.684
0.05,1308,-3.225,-9.652,-4.892
0.05,1309,3.843,2.559,-1.521
0.05,1310,6.376,-3.947,9.406
0.05,1311,7.684,-0.120,8.321
0.05,1312,4.704,-6.013,5.710
0.05,1313,3.363,-2.005,2.853
0.05,1314,-2.802,-2.624,2.954
0.05,1315,3.851,-3.862,4.308
0.05,1316,-2.847,8.727,0.056
0.05,1317,-1.409,-10.099,-2.214
0.05,1318,-3.111,7.648,5.814
0.05,1319,-9.427,1.644,5.201
0.05,1320,4.102,6.349,9.147
0.05,1321,1.542,3.667,-1.264
0.05,1322,-4.609,8.412,-7.621
0.05,1323,0.562,-0.241,-7.512
0.05,1324,-5.023,-6.342,5.809
0.05,1325,-1.860,-6.638,-4.634
0.05,1326,-2.194,-7.283,-8.208
0.05,1327,0.135,-0.285,-8.708
0.05,1328,4.925,-6.815,7.119
0.05,1329,-5.594,4.911,-10.686
0.05,1330,-4.480,-3.536,9.032
0.05,1331,-10.262,1.729,0.235
0.05,1332,-10.617,-8.430,-7.881
0.05,1333,8.382,2.806,-6.924
0.05,1334,6.234,-3.791,-2.090
0.05,1335,0.835,6.888,-7.870
0.05,1336,-9.231,2.243,-10.264
0.05,1337,4.385,-2.757,4.112
0.05,1338,-1.757,-7.691,4.653
0.05,1339,0.319,7.622,-7.698
0.05,1340,-4.931,-6.485,-10.288
0.05,1341,7.747,1.549,1.663
0.05,1342,-0.033,-5.135,6.775
0.05,1343,7.565,2.828,-7.382
0.05,1344,-3.599,1.935,2.230
0.05,1345,-7.588,-2.005,-10.534
0.05,1346,8.717,1.644,-8.265
0.05,1347,4.044,-7.405,-7.467
0.05,1348,6.891,0.627,-10.573
0.05,1349,8.057,0.299,1.918
0.05,1350,-3.575,-1.550,-2.067
0.05,1351,7.507,-1.412,9.118
0.05,1352,9.489,-6.204,9.366
0.05,1353,-4.594,8.232,-7.357
0.05,1354,-0.329,-9.848,4.107
0.05,1355,0.960,6.793,-8.110
0.05,1356,7.404,-1.358,4.525
0.05,1357,1.468,8.633,-4.796
0.05,1358,-6.126,-6.591,4.218
0.05,1359,-9.271,8.817,-10.576
0.05,1360,3.189,-1.793,2.835
0.05,1361,-3.656,-1.759,-1.895
0.05,1362,10.544,-8.010,-5.939
0.05,1363,5.537,8.958,-1.922
0.05,1364,6.174,8.653,-0.527
0.05,1365,9.038,-8.876,6.719
0.05,1366,7.465,8.585,-4.417
0.05,1367,-0.052,7.058,-2.213
0.05,1368,-8.697,5.678,-1.295
0.05,1369,-6.538,-0.354,5.479
0.05,1370,-6.802,-2.387,-8.655
0.05,1371,-6.938,-1.795,-7.884
0.05,1372,-0.228,4.076,2.818
0.05,1373,-0.583,-6.548,-6.309
0.05,1374,3.626,-2.320,3.153
0.05,1375,-8.644,7.848,5.595
0.05,1376,2.745,6.198,3.832
0.05,1377,-8.212,-4.976,-4.841
0.05,1378,7.196,2.212,1.889
0.05,1379,-5.675,7.455,8.755
0.05,1380,-7.873,4.713,-0.867
0.05,1381,-4.109,2.472,-2.056
0.05,1382,5.691,2.349,4.571
0.05,1383,-6.948,-1.218,-8.311
0.05,1384,2.778,-9.682,3.691
0.05,1385,-5.960,-8.467,-7.313
0.05,1386,5.109,-6.018,-7.480
0.05,1387,0.088,-0.827,-5.138
0.05,1388,3.416,2.003,-2.197
0.05,1389,-7.288,-1.858,-11.073
0.05,1390,-2.879,8.013,5.185
0.05,1391,0.581,-5.963,5.217
0.05,1392,-2.495,6.490,-9.551
0.05,1393,-2.346,-2.123,3.181
0.05,1394,4.415,-4.943,3.779
0.05,1395,1.803,-9.158,-2.552
0.05,1396,-0.071,-3.959,-2.077
0.05,1397,-1.461,3.397,-2.121
0.05,1398,6.182,-4.112,-2.128
0.05,1399,-4.730,-0.094,9.358
0.05,1400,0.537,-8.964,-2.261
0.05,1401,0.191,-3.718,2.377
0.05,1402,0.148,-0.158,7.831
0.05,1403,-2.295,2.580,-1.853
0.05,1404,7.583,-5.286,9.501
0.05,1405,5.906,-1.055,-1.466
0.05,1406,-5.936,-9.109,-2.525
0.05,1407,-2.026,-5.939,3.330
0.05,1408,-8.475,3.083,-5.712
0.05,1409,-6.322,-0.242,4.939
0.05,1410,1.762,1.030,3.376
0.05,1411,-0.203,6.847,-2.188
0.05,1412,-8.393,7.958,5.205
0.05,1413,5.343,1.602,-2.902
0.05,1414,6.203,1.565,2.483
0.05,1415,3.408,6.585,-10.933
0.05,1416,-0.071,-0.138,7.557
0.05,1417,-7.933,3.996,-3.258
0.05,1418,-5.000,-3.573,-1.566
0.05,1419,7.442,1.104,-8.771
0.05,1420,-7.195,-6.360,0.904
0.05,1421,1.149,-1.933,8.977
0.05,1422,0.298,-0.573,-8.379
0.05,1423,-6.744,-6.903,-3.567
0.05,1424,0.887,0.901,3.446
0.05,1425,-6.074,-3.994,-6.911
0.05,1426,-6.160,-3.801,-2.131
0.05,1427,2.876,-1.709,2.664
0.05,1428,-0.650,-0.017,-8.743
0.05,1429,4.775,-4.007,4.096
0.05,1430,-5.928,-8.465,-2.978
0.05,1431,1.011,0.531,-9.794
0.05,1432,-5.567,-2.698,-6.876
0.05,1433,-7.063,-8.437,3.714
0.05,1434,-7.806,1.980,-1.387
0.05,1435,-3.813,7.316,1.335
0.05,1436,3.158,-1.988,2.819
0.05,1437,-3.002,-5.484,8.473
0.05,1438,-4.705,6.204,-9.055
0.05,1439,-9.405,2.236,8.979
0.05,1440,-5.224,5.137,1.737
0.05,1441,7.240,-6.531,1.338
0.05,1442,-6.449,5.337,-9.699
0.05,1443,3.293,-1.990,2.871
0.05,1444,4.230,0.545,-7.705
0.05,1445,3.437,1.765,-2.180
0.05,1446,-5.236,7.073,1.101
0.05,1447,-0.121,-2.716,-6.306
0.05,1448,-6.361,-3.737,-2.249
0.05,1449,0.149,-2.424,-10.326
0.05,1450,-3.978,-8.952,-3.475
0.05,1451,-5.714,-2.734,-8.104
0.05,1452,-7.671,8.991,-1.314
0.05,1453,5.108,-7.525,3.146
0.05,1454,-10.934,9.918,3.449
0.05,1455,-6.876,-9.572,6.392
0.05,1456,5.534,0.641,-7.584
0.05,1457,-3.002,8.813,-0.407
0.05,1458,-0.103,7.309,1.975
0.05,1459,-9.943,-8.643,9.189
0.05,1460,5.694,-5.021,-6.992
0.05,1461,-6.749,9.005,8.272
0.05,1462,-2.861,-6.165,-7.913
0.05,1463,-4.219,5.926,-9.063
0.05,1464,-1.618,-2.255,-8.077
0.05,1465,-0.655,-0.167,-8.241
0.05,1466,4.654,-0.590,-4.675
0.05,1467,2.313,1.393,8.369
0.05,1468,-4.047,-6.783,-10.078
0.05,1469,-9.552,2.165,-5.645
0.05,1470,-4.597,-6.206,-10.189
0.05,1471,4.085,8.630,9.703
0.05,1472,-8.089,7.005,3.241
0.05,1473,-8.915,6.110,6.987
0.05,1474,-8.413,6.507,9.396
0.05,1475,-5.528,4.002,-9.427
0.05,1476,10.209,1.462,-2.410
0.05,1477,5.665,-3.751,6.477
0.05,1478,5.269,-5.093,-9.171
0.05,1479,-6.657,1.970,2.161
0.05,1480,4.497,-4.530,-11.019
0.05,1481,5.079,5.927,3.278
0.05,1482,4.311,-6.357,-9.390
0.05,1483,-3.162,-1.920,2.775
0.05,1484,-0.072,-4.159,-2.232
0.05,1485,-7.395,-2.387,-2.700
0.05,1486,-8.076,5.220,-0.651
0.05,1487,3.200,-7.399,7.515
0.05,1488,-8.066,6.624,3.573
0.05,1489,2.561,2.457,-2.081
0.05,1490,-2.827,-2.144,2.903
0.05,1491,-0.027,0.031,7.819
0.05,1492,-6.876,8.204,-10.454
0.05,1493,-7.618,7.416,-5.094
0.05,1494,-1.958,-5.213,7.205
0.05,1495,2.950,7.144,9.536
0.05,1496,-5.938,1.772,4.489
0.05,1497,-6.084,4.590,1.787
0.05,1498,0.570,0.210,-8.866
0.05,1499,-7.586,5.221,3.047
0.05,1500,-3.009,2.322,-2.270
0.05,1501,-5.324,3.456,7.422
0.05,1502,-8.031,7.370,5.282
0.05,1503,8.083,0.099,-6.897
0.05,1504,-4.623,6.917,7.628
0.05,1505,6.107,-8.218,2.880
0.05,1506,8.794,-4.164,-1.365
0.05,1507,-3.558,-1.139,-3.362
0.05,1508,1.949,-6.938,-1.395
0.05,1509,-7.183,-4.122,9.178
0.05,1510,3.387,-6.872,-3.110
0.05,1511,6.173,6.688,1.236
0.05,1512,8.895,-3.865,2.136
0.05,1513,6.843,-8.097,-10.847
0.05,1514,7.346,0.739,-8.507
0.05,1515,3.782,1.668,9.683
0.05,1516,-1.201,-4.975,3.411
0.05,1517,4.880,4.501,6.356
0.05,1518,7.110,8.688,-5.719
0.05,1519,6.828,-0.145,-10.426
0.05,1520,7.235,-1.364,6.088
0.05,1521,-9.357,8.473,-8.603
0.05,1522,-5.194,2.364,8.504
0.05,1523,-6.529,-0.290,-8.865
0.05,1524,5.293,6.289,-7.743
0.05,1525,-6.827,-2.355,-7.789
0.05,1526,5.476,-4.858,-8.014
0.05,1527,8.548,5.414,3.851
0.05,1528,-4.025,3.358,-7.033
0.05,1529,6.602,2.768,2.484
0.05,1530,-9.804,0.577,0.484
0.05,1531,9.890,2.606,-0.193
0.05,1532,-7.559,7.425,1.581
0.05,1533,-6.732,-2.598,-7.952
0.05,1534,-5.368,2.437,-1.256
0.05,1535,-2.100,1.112,-7.330
0.05,1536,8.710,-8.834,8.604
0.05,1537,3.384,1.804,-2.125
0.05,1538,-2.406,3.979,6.027
0.05,1539,-8.728,-9.557,-3.775
0.05,1540,-4.866,9.754,6.228
0.05,1541,-3.293,2.061,-2.189
0.05,1542,0.829,-1.493,-7.416
0.05,1543,4.662,-6.988,-6.579
0.05,1544,7.641,2.472,-1.290
0.05,1545,-3.049,1.993,-2.189
0.05,1546,-6.300,8.581,0.507
0.05,1547,-3.075,1.884,-2.195
0.05,1548,9.850,2.307,-1.575
0.05,1549,1.043,5.688,-10.849
0.05,1550,-4.828,3.861,-11.118
0.05,1551,4.417,2.398,4.541
0.05,1552,-8.299,-0.104,-3.108
0.05,1553,5.437,4.484,-7.940
0.05,1554,-4.933,3.649,2.719
0.05,1555,5.929,-3.951,-7.254
0.05,1556,-6.349,2.485,-1.252
0.05,1557,6.690,-2.280,8.897
0.05,1558,5.786,-8.555,9.360
0.05,1559,-6.679,-2.850,-7.401
0.05,1560,-3.177,2.077,-2.106
0.05,1561,-7.427,-7.515,0.990
0.05,1562,3.545,3.523,-2.343
0.05,1563,5.370,6.168,-7.062
0.05,1564,-7.142,9.264,9.268
0.05,1565,2.863,-2.396,2.863
0.05,1566,-3.313,-1.903,2.777
0.05,1567,-4.195,8.814,0.085
0.05,1568,-0.310,6.541,-2.202
0.05,1569,1.499,0.607,-5.527
0.05,1570,4.459,8.876,-1.627
0.05,1571,-7.634,3.449,-7.756
0.05,1572,-9.846,3.668,6.406
0.05,1573,8.147,6.765,3.817
0.05,1574,-8.814,2.104,-2.971
0.05,1575,-1.533,-0.570,-7.408
0.05,1576,3.335,3.187,8.983
0.05,1577,-3.110,2.416,-1.787
0.05,1578,-6.139,8.677,-1.361
0.05,1579,-4.478,-6.458,6.249
0.05,1580,-5.696,-8.469,-7.462
0.05,1581,-3.235,-9.713,-3.090
0.05,1582,-0.066,-4.003,-2.005
0.05,1583,-1.607,6.856,-8.790
0.05,1584,7.713,1.527,-7.826
0.05,1585,1.103,-0.714,1.784
0.05,1586,-6.525,-1.647,1.879
0.05,1587,6.358,-3.507,-2.079
0.05,1588,-0.093,-2.614,-6.182
0.05,1589,9.164,8.506,8.017
0.05,1590,-2.544,-1.669,3.252
0.05,1591,-6.856,-7.923,-5.926
0.05,1592,-9.186,-5.542,-1.468
0.05,1593,-4.294,9.285,1.695
0.05,1594,-4.051,-8.298,4.418
0.05,1595,8.426,1.048,-7.521
0.05,1596,3.682,-9.523,-5.288
0.05,1597,-7.052,-9.230,0.117
0.05,1598,2.376,-9.176,-2.571
0.05,1599,1.459,8.828,-1.788
0.05,1600,6.643,-9.461,1.191
0.05,1601,-0.710,5.527,-9.035
0.05,1602,-2.085,-1.760,3.597
0.05,1603,-0.403,-4.501,7.389
0.05,1604,8.023,8.908,2.369
0.05,1605,6.778,7.242,0.262
0.05,1606,-0.421,-6.209,8.888
0.05,1607,4.960,-2.087,-2.031
0.05,1608,8.590,-4.149,1.224
0.05,1609,-5.658,4.289,-8.010
0.05,1610,-3.226,2.104,-2.083
0.05,1611,-5.751,2.019,6.175
0.05,1612,-10.089,1.784,-4.095
0.05,1613,2.011,-9.260,-9.794
0.05,1614,-1.561,-5.848,-7.656
0.05,1615,-4.893,-9.001,1.391
0.05,1616,9.413,-4.438,-3.196
0.05,1617,8.698,1.237,-7.401
0.05,1618,2.948,5.805,5.023
0.05,1619,2.336,-8.099,-1.376
0.05,1620,4.681,-5.786,5.582
0.05,1621,-0.110,7.619,5.209
0.05,1622,1.907,6.714,3.893
0.05,1623,-6.720,3.939,-10.880
0.05,1624,4.318,-6.704,5.486
0.05,1625,-2.020,0.940,-6.869
0.05,1626,-2.695,6.734,-9.617
0.05,1627,3.858,1.109,-1.987
0.05,1628,-1.994,-6.218,-8.284
0.05,1629,7.797,-0.775,3.768
0.05,1630,0.109,-0.399,7.802
0.05,1631,5.880,6.901,-7.135
0.05,1632,5.180,-2.650,-1.618
0.05,1633,0.423,-9.785,-10.937
0.05,1634,-0.517,4.852,-2.331
0.05,1635,-0.025,0.026,7.843
0.05,1636,-1.978,-4.613,3.311
0.05,1637,7.057,-8.693,6.462
0.05,1638,-0.029,7.986,-2.960
0.05,1639,-9.301,-8.337,-11.049
0.05,1640,-0.051,-4.010,-2.125
0.05,1641,-0.768,-1.838,9.343
0.05,1642,-8.201,5.353,3.104
0.05,1643,-5.714,-1.085,1.940
0.05,1644,-4.135,9.685,8.893
0.05,1645,2.146,6.829,-10.543
0.05,1646,8.433,1.925,4.682
0.05,1647,6.066,3.983,-7.299
0.05,1648,7.884,-7.890,-4.876
0.05,1649,4.391,2.979,2.227
0.05,1650,-0.398,-4.556,1.438
0.05,1651,3.181,3.359,-4.778
0.05,1652,9.543,-8.187,-5.345
0.05,1653,-3.339,8.563,0.222
0.05,1654,6.298,-0.355,-7.829
0.05,1655,-9.634,-5.737,-2.862
0.05,1656,-3.922,1.425,-1.954
0.05,1657,1.364,5.774,8.452
0.05,1658,-6.427,-1.169,-7.766
0.05,1659,3.276,-1.964,2.775
0.05,1660,-6.373,-8.556,9.483
0.05,1661,-3.286,7.004,6.743
0.05,1662,-5.314,4.093,-9.288
0.05,1663,-7.749,-6.066,0.363
0.05,1664,2.087,9.623,2.528
0.05,1665,-6.390,4.069,2.176
0.05,1666,-8.444,7.536,-3.368
0.05,1667,-3.122,9.917,-10.421
0.05,1668,10.593,-7.184,-6.303
0.05,1669,9.154,8.787,8.982
0.05,1670,-0.576,5.709,6.249
0.05,1671,-5.518,3.217,9.026
0.05,1672,-5.694,9.875,6.919
0.05,1673,-10.548,-9.133,-7.104
0.05,1674,2.426,6.911,-1.024
0.05,1675,1.745,-0.490,4.202
0.05,1676,2.626,-6.973,-11.129
0.05,1677,-2.107,4.316,6.106
0.05,1678,1.941,-7.823,0.234
0.05,1679,1.105,-9.146,-1.036
0.05,1680,-7.510,7.398,-8.087
0.05,1681,-7.301,-0.853,3.902
0.05,1682,-3.825,9.572,1.608
0.05,1683,-3.757,5.889,9.402
0.05,1684,-3.152,-1.955,2.801
0.05,1685,4.032,5.924,-1.928
0.05,1686,-7.753,6.073,-5.380
0.05,1687,6.752,-7.836,-1.177
0.05,1688,-0.830,6.290,4.654
0.05,1689,0.823,1.571,7.397
0.05,1690,-8.134,-9.701,-6.825
0.05,1691,3.655,4.368,3.830
0.05,1692,-8.503,6.180,-1.083
0.05,1693,8.050,-6.865,0.911
0.05,1694,-3.925,8.448,-4.812
0.05,1695,-5.203,5.983,5.956
0.05,1696,3.059,-7.394,-6.917
0.05,1697,-0.457,8.935,8.677
0.05,1698,5.592,-9.348,2.322
0.05,1699,4.949,-0.446,-0.929
0.05,1700,0.915,1.408,6.003
0.05,1701,5.788,6.071,-4.687
0.05,1702,3.936,0.940,8.591
0.05,1703,4.548,4.719,2.212
0.05,1704,-3.445,5.022,-8.442
0.05,1705,-7.574,-10.167,-3.122
0.05,1706,-1.897,5.565,6.902
0.05,1707,-0.277,8.369,6.858
0.05,1708,0.598,-6.543,6.691
0.05,1709,-0.013,-3.950,-2.075
0.05,1710,7.797,-0.201,-7.529
0.05,1711,3.342,1.797,-2.142
0.05,1712,-4.164,-9.564,-2.299
0.05,1713,7.549,0.190,6.372
0.05,1714,-5.197,-6.534,5.504
0.05,1715,-0.068,3.773,2.876
0.05,1716,-7.336,7.729,5.277
0.05,1717,8.004,-0.544,-2.712
0.05,1718,9.150,7.474,-9.593
0.05,1719,-3.540,4.686,4.037
0.05,1720,6.738,-0.378,8.299
0.05,1721,-5.346,3.686,2.294
0.05,1722,7.091,1.333,6.621
0.05,1723,9.090,7.356,-7.481
0.05,1724,10.312,-6.074,-6.004
0.05,1725,-5.833,-3.979,-2.185
0.05,1726,-4.862,-6.222,8.878
0.05,1727,-7.913,7.739,5.420
0.05,1728,-7.213,-2.534,-11.034
0.05,1729,-3.458,-3.227,0.500
0.05,1730,2.548,-2.310,-1.877
0.05,1731,5.970,-1.722,-1.933
0.05,1732,5.922,-0.151,-7.377
0.05,1733,3.204,2.341,9.050
0.05,1734,7.517,3.022,1.776
0.05,1735,2.867,-8.297,-2.474
0.05,1736,6.731,0.548,5.194
0.05,1737,9.641,-3.734,2.339
0.05,1738,-7.575,4.802,-5.246
0.05,1739,-8.824,-4.196,2.272
0.05,1740,-2.804,-3.027,9.164
0.05,1741,2.979,-1.267,2.938
0.05,1742,-3.257,1.998,-2.190
0.05,1743,1.011,7.675,5.984
0.05,1744,2.621,-8.274,-6.967
0.05,1745,0.572,3.322,2.957
0.05,1746,2.192,8.102,3.682
0.05,1747,-2.646,0.565,9.480
0.05,1748,-7.100,-2.137,-9.778
0.05,1749,-0.122,3.884,2.931
0.05,1750,2.617,6.941,-10.230
0.05,1751,-6.358,5.712,-4.685
0.05,1752,-7.152,-1.488,-10.253
0.05,1753,-0.136,7.038,-2.168
0.05,1754,1.695,2.800,-2.039
0.05,1755,3.167,-0.090,-2.564
0.05,1756,-7.245,-5.236,-3.945
0.05,1757,-6.000,3.934,2.303
0.05,1758,7.443,1.810,-8.439
0.05,1759,-1.675,-7.111,-8.588
0.05,1760,-2.868,8.472,0.208
0.05,1761,9.153,-8.487,-4.345
0.05,1762,-9.891,-6.352,-3.442
0.05,1763,-1.026,0.779,7.512
0.05,1764,2.975,6.756,4.695
0.05,1765,-2.530,8.409,0.045
0.05,1766,-6.074,-3.810,-2.193
0.05,1767,-6.161,-3.848,-2.095
0.05,1768,7.013,-0.681,4.118
0.05,1769,6.201,-9.273,2.078
0.05,1770,4.512,2.341,3.008
0.05,1771,-2.838,2.188,-2.111
0.05,1772,-6.984,-0.797,-7.998
0.05,1773,-8.135,7.722,-3.494
0.05,1774,-3.028,-9.004,4.552
0.05,1775,3.593,8.821,-8.848
0.05,1776,10.866,-7.003,-7.178
0.05,1777,7.801,2.066,-8.448
0.05,1778,-1.444,0.179,-7.687
0.05,1779,-5.892,-5.597,5.580
0.05,1780,-7.923,-1.787,-1.976
0.05,1781,2.143,5.853,-1.535
0.05,1782,-5.410,4.856,-9.259
0.05,1783,-7.123,7.827,-3.225
0.05,1784,-1.372,-6.011,7.268
0.05,1785,-3.076,2.325,-2.081
0.05,1786,-3.930,9.786,1.715
0.05,1787,7.789,-8.213,1.519
0.05,1788,-5.976,9.407,6.532
0.05,1789,-1.645,-6.761,2.159
0.05,1790,4.236,-9.136,3.126
0.05,1791,-4.746,3.397,-10.829
0.05,1792,-2.546,-7.016,-9.944
0.05,1793,3.098,1.550,6.386
0.05,1794,-2.578,-8.246,0.664
0.05,1795,3.212,2.027,-2.170
0.05,1796,-2.598,-9.047,8.824
0.05,1797,-3.145,-1.940,2.812
0.05,1798,-1.652,-2.096,9.313
0.05,1799,-7.078,8.839,-2.013
0.05,1800,-4.510,-8.202,0.241
0.05,1801,7.797,4.951,-5.348
0.05,1802,5.668,5.587,-7.529
0.05,1803,-6.172,-7.407,5.803
0.05,1804,-4.789,-6.058,0.790
0.05,1805,0.272,7.107,-7.833
0.05,1806,-3.741,1.917,6.996
0.05,1807,6.114,-2.881,-7.317
0.05,1808,0.610,-0.747,6.956
0.05,1809,4.232,-0.194,-2.151
0.05,1810,-0.213,-4.568,-2.965
0.05,1811,3.888,-9.252,-6.639
0.05,1812,3.543,2.002,-2.110
0.05,1813,-0.041,-5.151,6.420
0.05,1814,7.069,2.792,-8.023
0.05,1815,-0.814,-3.183,-2.971
0.05,1816,-0.135,6.494,-7.885
0.05,1817,5.271,5.931,-7.141
0.05,1818,9.355,6.160,6.086
0.05,1819,-6.742,2.342,-6.735
0.05,1820,-4.895,9.616,-7.276
0.05,1821,-6.920,-1.400,-8.834
0.05,1822,3.248,-7.536,0.625
0.05,1823,8.218,2.335,-8.451
0.05,1824,-1.176,-4.940,8.523
0.05,1825,-4.297,7.978,-8.639
0.05,1826,-6.044,-6.313,5.288
0.05,1827,-0.080,3.835,2.746
0.05,1828,-7.078,-1.981,-7.285
0.05,1829,0.357,3.207,3.053
0.05,1830,5.809,-3.373,-2.005
0.05,1831,2.235,-6.692,6.127
0.05,1832,3.807,-2.889,-0.581
0.05,1833,0.007,0.562,6.348
0.05,1834,5.739,0.491,-7.380
0.05,1835,-0.917,-3.502,6.340
0.05,1836,-1.790,1.608,-6.403
0.05,1837,8.496,9.548,8.967
0.05,1838,4.067,-7.358,9.453
0.05,1839,-1.490,-1.128,-5.528
0.05,1840,-6.115,-8.546,-1.971
0.05,1841,2.233,8.120,-10.545
0.05,1842,-2.323,6.535,-10.030
0.05,1843,-3.364,2.468,-1.854
0.05,1844,9.832,-5.502,9.195
0.05,1845,-1.709,-6.785,-7.956
0.05,1846,1.933,-9.392,2.147
0.05,1847,7.920,-1.056,4.904
0.05,1848,-3.089,-1.911,2.851
0.05,1849,-3.811,3.930,9.264
0.05,1850,9.090,5.861,-5.232
0.05,1851,-7.193,1.546,-6.938
0.05,1852,-0.236,-3.994,-2.206
0.05,1853,-4.435,4.056,-7.007
0.05,1854,4.621,2.508,-2.526
0.05,1855,0.771,2.023,-8.085
0.05,1856,-1.762,3.181,-2.106
0.05,1857,8.242,-5.727,3.751
0.05,1858,-7.223,1.681,-7.135
0.05,1859,-9.854,2.708,4.390
0.05,1860,-9.129,1.044,-5.337
0.05,1861,6.205,-5.782,-1.240
0.05,1862,3.834,-2.767,-1.394
0.05,1863,3.436,2.096,-2.260
0.05,1864,-0.118,-0.134,7.765
0.05,1865,-1.804,7.527,5.393
0.05,1866,1.378,5.742,-11.038
0.05,1867,-7.610,6.593,-6.291
0.05,1868,-4.125,9.542,8.958
0.05,1869,-2.871,8.872,4.200
0.05,1870,-3.817,9.820,2.243
0.05,1871,-3.051,-2.003,2.794
0.05,1872,1.251,6.185,-4.881
0.05,1873,-4.022,7.766,1.089
0.05,1874,-6.333,-3.373,-7.413
0.05,1875,3.897,-1.715,3.055
0.05,1876,9.424,2.645,-1.491
0.05,1877,4.018,0.886,3.611
0.05,1878,8.927,3.185,-1.836
0.05,1879,7.082,-8.882,0.237
0.05,1880,9.996,-1.338,0.425
0.05,1881,3.171,-1.946,2.799
0.05,1882,-3.140,-0.443,-2.079
0.05,1883,-9.359,0.420,-2.211
0.05,1884,-3.237,2.063,-2.174
0.05,1885,-7.001,-2.818,5.998
0.05,1886,-0.351,6.858,-2.148
0.05,1887,-4.318,3.066,-7.564
0.05,1888,-0.905,0.032,-7.772
0.05,1889,7.305,2.538,1.794
0.05,1890,5.755,-3.595,-1.860
0.05,1891,0.859,-8.190,-5.480
0.05,1892,-8.338,8.095,6.282
0.05,1893,-5.276,8.079,1.165
0.05,1894,-7.251,-0.314,-11.103
0.05,1895,4.933,-6.893,5.622
0.05,1896,0.127,3.367,3.104
0.05,1897,6.467,7.173,0.994
0.05,1898,-1.963,2.821,-1.919
0.05,1899,-8.449,-5.943,2.303
0.05,1900,3.849,-8.199,4.121
0.05,1901,-0.611,-4.804,7.296
0.05,1902,8.002,6.769,-10.447
0.05,1903,6.010,-5.767,-6.096
0.05,1904,8.968,-8.683,-5.047
0.05,1905,-6.393,-7.306,-0.345
0.05,1906,-0.098,4.012,3.225
0.05,1907,-0.070,-0.228,7.822
0.05,1908,-5.371,-3.403,-2.232
0.05,1909,7.805,2.703,-10.100
0.05,1910,-6.745,8.478,4.038
0.05,1911,9.131,8.907,0.932
0.05,1912,-0.172,5.300,-6.992
0.05,1913,8.727,2.293,2.909
0.05,1914,7.407,10.122,6.523
0.05,1915,0.178,5.961,2.929
0.05,1916,-4.569,-2.384,2.048
0.05,1917,-5.180,2.985,-7.909
0.05,1918,-3.513,6.560,6.433
0.05,1919,-8.816,4.967,-5.757
0.05,1920,-0.410,-0.965,9.154
0.05,1921,-0.121,-0.316,7.658
0.05,1922,-0.973,8.082,9.541
0.05,1923,-5.023,-7.306,5.386
0.05,1924,5.827,2.072,6.853
0.05,1925,2.407,9.515,3.046
0.05,1926,-0.133,7.003,-2.186
0.05,1927,0.684,-5.767,5.354
0.05,1928,0.781,-8.494,-2.317
0.05,1929,4.820,4.108,8.383
0.05,1930,5.397,-4.261,-6.667
0.05,1931,-10.260,-7.645,-4.044
0.05,1932,-6.034,-3.772,-2.203
0.05,1933,-1.727,6.688,-9.635
0.05,1934,7.241,9.087,0.265
0.05,1935,-9.408,3.501,-4.405
0.05,1936,4.616,7.934,-2.512
0.05,1937,-4.449,2.983,7.117
0.05,1938,-7.343,-2.073,-9.560
0.05,1939,-10.257,1.808,0.314
0.05,1940,6.507,1.507,5.954
0.05,1941,-5.215,0.900,3.481
0.05,1942,7.755,-7.662,1.588
0.05,1943,-1.539,-7.797,6.762
0.05,1944,5.020,-5.961,4.870
0.05,1945,8.714,-8.543,-4.756
0.05,1946,-5.142,4.850,-9.551
0.05,1947,1.971,2.701,2.708
0.05,1948,-2.902,4.413,3.775
0.05,1949,-3.153,-1.907,2.838
0.05,1950,0.922,-7.467,-6.469
0.05,1951,-9.323,-4.816,0.003
0.05,1952,7.769,9.707,6.087
0.05,1953,7.443,-9.747,5.828
0.05,1954,6.321,-3.511,-2.240
0.05,1955,6.967,9.744,-6.795
0.05,1956,1.210,-5.714,8.674
0.05,1957,-4.313,9.128,1.749
0.05,1958,-7.617,-4.708,2.312
0.05,1959,-8.380,7.140,-2.801
0.05,1960,-6.844,-4.347,3.197
0.05,1961,5.642,-2.348,-1.859
0.05,1962,5.385,2.801,-1.114
0.05,1963,-7.102,-5.955,-4.949
0.05,1964,2.780,-0.859,-6.722
0.05,1965,-0.629,-6.739,-1.722
0.05,1966,-5.205,-6.581,5.508
0.05,1967,7.150,-9.772,6.344
0.05,1968,6.567,8.034,1.432
0.05,1969,-9.630,-3.595,1.573
0.05,1970,-1.582,0.180,-7.268
0.05,1971,7.619,8.657,3.121
0.05,1972,-1.734,-6.702,2.890
0.05,1973,-3.253,-1.920,2.747
0.05,1974,0.141,-2.936,-7.140
0.05,1975,-4.799,-6.609,-9.334
0.05,1976,-1.607,7.720,5.801
0.05,1977,2.348,-9.781,5.458
0.05,1978,-8.376,-2.147,2.980
0.05,1979,-8.449,-5.617,1.466
0.05,1980,-5.241,-4.917,-7.849
0.05,1981,0.407,-1.420,3.349
0.05,1982,5.551,-2.079,-10.383
0.05,1983,-3.304,4.071,5.179
0.05,1984,0.726,3.777,-1.462
0.05,1985,2.993,-1.778,2.735
0.05,1986,-8.449,-4.205,2.702
0.05,1987,8.885,-7.795,2.213
0.05,1988,5.963,5.820,2.720
0.05,1989,-0.261,-4.704,-1.837
0.05,1990,-4.758,4.710,-9.543
0.05,1991,-3.568,-3.014,-1.286
0.05,1992,3.068,-1.955,-1.815
0.05,1993,2.898,7.448,3.858
0.05,1994,6.246,-6.388,-1.191
0.05,1995,3.228,1.904,-2.119
0.05,1996,-10.127,2.478,-4.474
0.05,1997,-3.669,7.976,0.719
0.05,1998,-5.966,3.708,6.969
0.05,1999,8.364,-5.272,8.933
0.05,2000,-2.817,6.114,4.642
0.05,2001,-3.371,-1.992,2.608
0.05,2002,1.877,-9.726,-9.572
0.05,2003,-4.316,-8.171,0.609
0.05,2004,4.660,3.275,-1.274
0.05,2005,-3.028,-2.200,2.836
0.05,2006,5.489,2.183,-7.485
0.05,2007,-0.051,-0.118,7.820
0.05,2008,5.251,-6.570,7.499
0.05,2009,2.394,-8.897,1.249
0.05,2010,3.329,1.763,-2.118
0.05,2011,-5.905,7.606,0.468
0.05,2012,6.188,5.140,-9.772
0.05,2013,1.738,-4.477,3.050
0.05,2014,-0.788,-10.290,-0.618
0.05,2015,-8.161,-4.250,-1.614
0.05,2016,7.132,2.137,-8.758
0.05,2017,0.693,0.350,8.191
0.05,2018,-0.023,4.411,2.839
0.05,2019,-5.157,4.771,-8.973
0.05,2020,-4.574,-6.015,-9.219
0.05,2021,9.637,3.733,4.605
0.05,2022,-3.092,2.096,-2.120
0.05,2023,4.813,-8.736,-10.457
0.05,2024,-6.559,3.425,-0.039
0.05,2025,-8.050,1.091,-10.399
0.05,2026,2.102,-9.134,1.634
0.05,2027,7.784,-8.460,-4.358
0.05,2028,5.998,-1.597,-3.591
0.05,2029,3.575,1.050,-1.766
0.05,2030,6.019,6.406,-6.936
0.05,2031,-3.009,1.728,-2.223
0.05,2032,-6.106,0.708,2.580
0.05,2033,-7.402,-6.838,-4.786
0.05,2034,0.835,3.443,-11.141
0.05,2035,-4.958,2.740,-2.411
0.05,2036,5.786,-0.150,4.890
0.05,2037,-5.846,-3.753,-2.153
0.05,2038,-0.498,0.129,7.716
0.05,2039,3.388,6.420,-10.761
0.05,2040,-3.257,-6.792,-10.032
0.05,2041,8.894,-8.752,-4.189
0.05,2042,6.143,7.883,1.268
0.05,2043,-4.045,-6.071,6.592
0.05,2044,4.163,-7.384,3.598
0.05,2045,3.167,-1.909,2.819
0.05,2046,3.396,2.529,3.142
0.05,2047,-4.865,-5.913,0.229
0.05,2048,-3.094,6.396,6.749
0.05,2049,3.540,-7.061,2.120
0.05,2050,-0.138,-0.895,-7.799
0.05,2051,-3.468,9.678,-10.606
0.05,2052,7.758,9.694,6.420
0.05,2053,4.340,5.592,-7.294
0.05,2054,7.174,7.383,-5.780
0.05,2055,7.793,6.771,1.986
0.05,2056,5.288,9.462,-7.116
0.05,2057,6.152,9.592,-7.544
0.05,2058,5.294,-3.981,-10.210
0.05,2059,7.469,-0.742,7.227
0.05,2060,6.685,-0.322,-1.250
0.05,2061,-5.811,1.292,0.097
0.05,2062,-4.242,2.652,2.741
0.05,2063,-3.345,-1.323,2.654
0.05,2064,7.817,-9.301,6.651
0.05,2065,0.542,3.358,2.995
0.05,2066,-6.274,2.719,-6.925
0.05,2067,-0.918,-3.921,1.575
0.05,2068,5.223,-5.543,-10.244
0.05,2069,6.766,3.997,-6.230
0.05,2070,-5.369,4.094,-9.159
0.05,2071,3.413,-1.637,-1.504
0.05,2072,5.792,-4.462,-7.598
0.05,2073,-6.749,-9.281,-2.686
0.05,2074,-3.894,4.473,-8.143
0.05,2075,-8.771,-4.633,6.806
0.05,2076,8.200,2.682,-6.666
0.05,2077,-2.465,-2.515,2.567
0.05,2078,-0.725,2.972,4.544
0.05,2079,8.639,6.991,-4.912
0.05,2080,-10.393,3.596,6.654
0.05,2081,-2.780,8.280,0.767
0.05,2082,-7.068,-7.112,1.736
0.05,2083,-2.453,7.323,5.879
0.05,2084,-7.044,-1.607,-7.945
0.05,2085,3.430,-2.008,2.844
0.05,2086,-3.578,-3.442,-4.027
0.05,2087,2.060,6.624,6.295
0.05,2088,4.549,0.959,-6.794
0.05,2089,9.006,2.076,4.342
0.05,2090,-7.378,-4.048,2.775
0.05,2091,-8.137,5.297,-0.907
0.05,2092,0.800,-1.413,-5.816
0.05,2093,-3.378,-9.882,-2.781
0.05,2094,2.248,9.544,1.030
0.05,2095,6.514,2.743,-9.154
0.05,2096,-7.239,5.433,2.754
0.05,2097,4.474,-0.701,6.147
0.05,2098,-0.101,-3.939,-1.986
0.05,2099,-1.831,-5.482,4.347
0.05,2100,5.940,-4.289,-7.562
0.05,2101,3.803,3.074,9.352
0.05,2102,-6.474,-3.669,-2.233
0.05,2103,-9.074,-0.964,-1.801
0.05,2104,-3.189,-7.824,-6.810
0.05,2105,-1.536,0.271,-7.207
0.05,2106,-4.540,5.183,-9.234
0.05,2107,2.129,1.343,-6.783
0.05,2108,4.908,-0.430,-1.606
0.05,2109,-5.782,3.062,-8.307
0.05,2110,4.556,-10.739,7.152
0.05,2111,3.969,0.579,-6.523
0.05,2112,2.376,6.654,5.286
0.05,2113,-7.776,6.927,-0.472
0.05,2114,-8.878,7.514,-1.085
0.05,2115,-3.257,-7.101,-6.980
0.05,2116,-7.291,-3.032,-2.796
0.05,2117,-1.180,-3.186,2.705
0.05,2118,-1.841,-5.592,-11.143
0.05,2119,-2.774,-3.776,3.742
0.05,2120,7.370,0.083,6.480
0.05,2121,-7.955,-9.501,6.958
0.05,2122,-0.584,-4.041,-1.751
0.05,2123,8.427,0.983,6.198
0.05,2124,-6.971,-1.279,6.006
0.05,2125,-2.993,-6.660,-9.684
0.05,2126,7.330,-6.784,-0.173
0.05,2127,-2.975,7.799,0.717
0.05,2128,-0.126,0.014,7.794
0.05,2129,-0.979,-0.656,-8.292
0.05,2130,-8.564,7.113,-4.659
0.05,2131,5.704,-6.736,-6.198
0.05,2132,7.679,8.088,-10.802
0.05,2133,4.415,-6.571,5.507
0.05,2134,8.823,1.920,1.465
0.05,2135,1.702,2.783,-1.656
0.05,2136,-4.030,1.350,9.046
0.05,2137,6.814,-3.795,-2.060
0.05,2138,-7.061,-1.630,-7.640
0.05,2139,-1.585,5.783,1.772
0.05,2140,1.742,-7.507,6.341
0.05,2141,-0.284,-0.180,-7.901
0.05,2142,-3.459,10.097,-6.418
0.05,2143,-8.762,-4.581,-0.127
0.05,2144,6.784,-4.008,-1.941
0.05,2145,3.986,8.615,9.343
0.05,2146,1.440,-1.149,-7.300
0.05,2147,8.530,-5.977,0.581
0.05,2148,1.633,3.324,-1.727
0.05,2149,1.278,6.642,-8.612
0.05,2150,-2.272,-6.415,1.737
0.05,2151,-2.498,9.420,-5.611
0.05,2152,9.501,2.460,-0.327
0.05,2153,-7.042,-0.028,4.147
0.05,2154,-1.873,-6.716,2.049
0.05,2155,8.440,-8.982,6.605
0.05,2156,4.772,4.203,6.298
0.05,2157,-1.969,7.242,5.112
0.05,2158,-2.883,2.993,-1.701
0.05,2159,2.326,3.882,3.285
0.05,2160,-3.243,8.088,0.672
0.05,2161,-6.255,7.377,4.445
0.05,2162,4.713,-6.910,-6.981
0.05,2163,-1.701,-6.698,2.595
0.05,2164,-0.662,-1.147,5.313
0.05,2165,3.271,-7.772,9.703
0.05,2166,0.840,-4.564,8.617
0.05,2167,0.290,-0.028,-8.082
0.05,2168,-3.852,2.200,-2.027
0.05,2169,-9.575,1.389,5.373
0.05,2170,-1.352,7.450,5.354
0.05,2171,-6.951,-1.977,-8.394
0.05,2172,-5.622,9.083,2.548
0.05,2173,2.734,-2.236,2.868
0.05,2174,0.350,-4.201,2.552
0.05,2175,-4.742,-8.049,-8.310
0.05,2176,2.648,-2.264,2.559
0.05,2177,-5.824,2.143,4.572
0.05,2178,6.584,-2.779,6.377
0.05,2179,2.825,1.861,-2.584
0.05,2180,6.042,2.217,-10.084
0.05,2181,-6.527,-1.198,-9.244
0.05,2182,-5.440,-6.807,-0.014
0.05,2183,9.756,2.141,-4.419
0.05,2184,6.662,9.797,-7.888
0.05,2185,9.198,3.902,-7.723
0.05,2186,0.271,9.439,-6.269
0.05,2187,-3.389,-2.018,2.751
0.05,2188,7.691,7.756,2.673
0.05,2189,-4.598,6.559,9.714
0.05,2190,6.938,-3.599,-1.878
0.05,2191,-7.755,-4.442,-2.829
0.05,2192,9.865,-8.598,-8.824
0.05,2193,5.108,-4.593,-8.104
0.05,2194,-0.106,-0.490,7.865
0.05,2195,1.415,-1.169,-5.290
0.05,2196,0.692,-1.071,-7.386
0.05,2197,8.417,4.465,-6.026
0.05,2198,-0.242,-3.989,-1.914
0.05,2199,7.936,-9.002,-5.752
0.05,2200,-2.109,6.197,-2.068
0.05,2201,-2.871,8.497,-0.051
0.05,2202,1.591,7.857,-10.385
0.05,2203,-3.075,-1.357,-1.489
0.05,2204,4.825,0.909,-7.025
0.05,2205,4.758,3.900,6.942
0.05,2206,-3.084,-1.987,2.817
0.05,2207,4.604,-5.902,-7.594
0.05,2208,3.307,1.965,-2.225
0.05,2209,8.371,1.599,-6.858
0.05,2210,1.807,-6.274,5.500
0.05,2211,-4.720,-2.603,-1.952
0.05,2212,-8.628,7.360,-2.456
0.05,2213,-5.808,5.389,-7.334
0.05,2214,1.248,-8.216,-9.561
0.05,2215,-9.247,-2.640,2.010
0.05,2216,-1.849,-9.169,0.269
0.05,2217,-7.353,0.349,-8.737
0.05,2218,8.542,5.834,0.380
0.05,2219,-0.074,-3.992,-1.956
0.05,2220,5.714,5.795,-7.778
0.05,2221,-3.781,1.441,1.947
0.05,2222,-7.432,2.805,-6.624
0.05,2223,6.502,-1.221,2.677
0.05,2224,-1.214,3.495,-2.263
0.05,2225,4.789,7.213,9.385
0.05,2226,4.506,-5.258,-10.606
0.05,2227,-1.418,-7.275,6.714
0.05,2228,-6.077,-3.620,-2.131
0.05,2229,-7.564,-0.772,-2.329
0.05,2230,-0.656,-0.204,-8.319
0.05,2231,-1.382,-2.351,8.875
0.05,2232,-7.064,-9.875,-8.649
0.05,2233,-6.932,-2.074,-7.657
0.05,2234,-7.521,6.919,2.851
0.05,2235,0.013,-4.141,-1.915
0.05,2236,0.000,-3.936,-2.074
0.05,2237,-3.807,-9.410,-1.435
0.05,2238,7.017,2.779,-2.596
0.05,2239,3.008,1.210,8.489
0.05,2240,4.191,-5.296,-10.164
0.05,2241,-2.526,8.049,1.121
0.05,2242,-9.794,1.884,0.865
0.05,2243,-10.636,2.004,4.161
0.05,2244,9.918,-0.846,0.320
0.05,2245,5.909,-0.360,3.887
0.05,2246,5.041,3.261,-5.421
0.05,2247,8.349,-4.685,2.046
0.05,2248,-6.165,0.251,4.772
0.05,2249,8.543,2.135,-2.507
0.05,2250,0.555,-7.537,-5.324
0.05,2251,0.486,-9.003,2.460
0.05,2252,-5.377,7.898,-7.332
0.05,2253,0.093,-2.012,-6.344
0.05,2254,-6.430,1.141,-1.394
0.05,2255,4.697,-4.032,-1.808
0.05,2256,-4.659,-3.016,-5.614
0.05,2257,2.977,-9.430,-2.482
0.05,2258,-2.989,-6.548,-6.161
0.05,2259,-3.954,-9.454,2.254
0.05,2260,0.118,-6.938,-5.987
0.05,2261,0.001,3.598,2.970
0.05,2262,6.708,6.827,-3.458
0.05,2263,-2.829,7.519,-9.758
0.05,2264,7.146,4.267,0.159
0.05,2265,-1.029,-3.771,5.504
0.05,2266,0.288,8.066,6.668
0.05,2267,-7.063,-0.770,8.466
0.05,2268,1.366,4.666,3.352
0.05,2269,6.843,8.251,3.782
0.05,2270,5.759,0.840,3.349
0.05,2271,-0.170,-8.710,8.421
0.05,2272,2.978,9.333,2.387
0.05,2273,6.275,-3.934,-2.092
0.05,2274,6.008,5.883,-6.081
0.05,2275,2.283,-1.259,-7.217
0.05,2276,-4.786,-5.726,-9.552
0.05,2277,9.223,5.117,-5.171
0.05,2278,-6.358,-0.619,4.397
0.05,2279,6.517,-3.032,-7.274
0.05,2280,9.664,-3.173,2.832
0.05,2281,9.896,6.620,-10.250
0.05,2282,-0.766,3.950,5.911
0.05,2283,3.387,2.854,-1.163
0.05,2284,6.043,-3.738,-2.034
0.05,2285,4.380,-6.665,-6.879
0.05,2286,-0.640,-4.006,-1.419
0.05,2287,8.095,-3.257,-1.445
0.05,2288,-6.243,4.148,1.996
0.05,2289,10.022,5.946,-3.751
0.05,2290,0.597,6.568,-7.286
0.05,2291,-0.609,-0.595,-8.538
0.05,2292,5.672,-4.434,-7.649
0.05,2293,8.329,8.288,-3.537
0.05,2294,1.589,-5.872,-10.157
0.05,2295,0.382,-8.031,-9.220
0.05,2296,-2.030,-3.010,3.155
0.05,2297,-0.694,-6.115,-10.964
0.05,2298,-1.518,0.345,-7.359
0.05,2299,-9.075,2.180,-5.984
0.05,2300,3.299,-1.685,2.876
0.05,2301,-0.937,-6.375,-7.035
0.05,2302,-1.228,4.513,-8.265
0.05,2303,7.067,1.838,-10.040
0.05,2304,5.501,4.027,3.007
0.05,2305,3.840,-7.223,-7.372
0.05,2306,1.610,-0.504,-5.534
0.05,2307,5.076,-5.194,-10.852
0.05,2308,-9.003,-8.432,-10.969
0.05,2309,-5.383,3.242,2.854
0.05,2310,-8.918,-5.154,1.999
0.05,2311,-0.916,-3.996,6.857
0.05,2312,-3.236,-7.984,-9.505
0.05,2313,-0.329,-3.847,1.899
0.05,2314,2.190,2.633,2.436
0.05,2315,9.355,-0.439,-3.389
0.05,2316,-5.929,4.701,-7.835
0.05,2317,-8.379,8.072,-4.744
0.05,2318,6.093,-3.887,-7.485
0.05,2319,8.629,9.274,8.635
0.05,2320,-5.958,-8.060,-7.007
0.05,2321,7.378,-7.008,1.938
0.05,2322,-6.064,-5.865,9.679
0.05,2323,-6.877,-7.925,2.379
0.05,2324,-4.386,9.406,9.552
0.05,2325,1.061,6.723,-7.658
0.05,2326,2.139,8.705,3.222
0.05,2327,-3.161,-1.938,2.812
0.05,2328,-0.307,5.365,-2.308
0.05,2329,-5.930,5.229,3.741
0.05,2330,-10.675,-7.462,-9.121
0.05,2331,-3.336,-1.858,2.804
0.05,2332,-3.601,-6.511,6.553
0.05,2333,-4.499,3.589,-8.151
0.05,2334,-9.012,9.437,5.520
0.05,2335,-6.072,-3.712,-2.164
0.05,2336,8.554,5.568,-1.243
0.05,2337,-4.931,-6.768,-9.765
0.05,2338,9.434,-6.383,9.523
0.05,2339,0.898,-9.573,-9.785
0.05,2340,5.058,5.228,-7.318
0.05,2341,-1.303,-5.221,3.491
0.05,2342,2.122,-8.620,-7.960
0.05,2343,-3.983,-8.870,-4.269
0.05,2344,-7.922,6.101,2.879
0.05,2345,-1.406,2.358,-6.824
0.05,2346,-2.869,2.086,-2.269
0.05,2347,-10.233,1.466,-0.413
0.05,2348,-6.411,-6.800,-2.067
0.05,2349,-3.069,1.889,-2.166
0.05,2350,4.960,2.305,7.490
0.05,2351,-0.240,-0.092,7.776
0.05,2352,1.319,8.815,-4.915
0.05,2353,-6.364,-8.403,-8.434
0.05,2354,-7.224,-1.224,-10.635
0.05,2355,-6.799,-7.578,-0.630
0.05,2356,0.125,0.726,-6.788
0.05,2357,2.310,10.059,1.732
0.05,2358,-0.253,3.554,2.966
0.05,2359,5.087,-3.113,-1.873
0.05,2360,-0.461,-0.709,-7.662
0.05,2361,-2.521,-5.899,3.428
0.05,2362,-9.266,-3.738,-3.267
0.05,2363,0.117,3.595,3.017
0.05,2364,-0.380,6.853,-2.338
0.05,2365,5.944,6.205,-2.677
0.05,2366,6.229,-3.679,-2.087
0.05,2367,0.119,3.562,2.959
0.05,2368,8.074,-8.055,6.358
0.05,2369,3.217,-1.911,2.801
0.05,2370,2.737,6.366,-10.656
0.05,2371,-1.512,-6.699,2.859
0.05,2372,-3.611,-2.105,-1.779
0.05,2373,-8.693,2.648,-11.118
0.05,2374,6.300,-3.291,4.475
0.05,2375,-6.633,-2.944,5.967
0.05,2376,9.850,-1.877,0.638
0.05,2377,-0.718,-3.962,-7.511
0.05,2378,-10.167,1.736,5.046
0.05,2379,3.287,1.901,-2.163
0.05,2380,-6.401,-3.858,-2.207
0.05,2381,-5.559,-4.696,6.827
0.05,2382,0.909,3.537,-1.736
0.05,2383,-10.341,2.900,5.731
0.05,2384,9.608,4.235,-5.180
0.05,2385,-8.177,-4.182,2.903
0.05,2386,-2.132,-8.075,4.288
0.05,2387,5.155,8.476,3.207
0.05,2388,-9.582,-8.517,-6.248
0.05,2389,-1.168,4.477,0.867
0.05,2390,-5.014,10.076,6.958
0.05,2391,-8.288,5.877,-0.872
0.05,2392,-2.234,5.377,4.422
0.05,2393,6.991,4.847,-3.486
0.05,2394,0.281,1.529,4.915
0.05,2395,9.511,-8.836,-3.548
0.05,2396,6.490,-7.753,0.366
0.05,2397,1.112,-1.256,-4.733
0.05,2398,6.096,8.584,-1.944
0.05,2399,-0.259,-1.818,-6.065
0.05,2400,-7.426,8.010,-7.003
0.05,2401,10.678,-4.109,-9.953
0.05,2402,-1.096,-5.969,-7.199
0.05,2403,-7.083,7.336,-4.070
0.05,2404,-4.545,-8.227,-7.928
0.05,2405,3.340,9.164,-2.107
0.05,2406,7.989,9.294,5.271
0.05,2407,2.591,6.870,-10.678
0.05,2408,3.007,-1.943,2.724
0.05,2409,-0.669,-0.982,-6.891
0.05,2410,6.222,7.422,-1.942
0.05,2411,5.373,5.681,-2.017
0.05,2412,-5.211,3.859,7.125
0.05,2413,-4.857,5.628,7.933
0.05,2414,-7.329,-6.636,0.784
0.05,2415,-6.633,-0.767,5.162
0.05,2416,-6.699,-7.216,-5.878
0.05,2417,3.282,-9.204,-6.025
0.05,2418,-0.167,-4.007,-1.955
0.05,2419,-2.996,2.127,-2.049
0.05,2420,-4.462,4.671,7.206
0.05,2421,2.821,8.667,9.464
0.05,2422,1.896,-6.195,-0.233
0.05,2423,-2.114,5.267,6.563
0.05,2424,3.555,3.427,9.284
0.05,2425,6.904,7.318,-6.619
0.05,2426,-5.705,-5.792,-6.198
0.05,2427,6.505,9.416,-4.136
0.05,2428,-0.133,-10.069,-4.295
0.05,2429,8.109,2.263,-1.892
0.05,2430,-4.575,-8.415,4.026
0.05,2431,5.887,-3.779,-3.872
0.05,2432,-3.799,2.924,-2.232
0.05,2433,9.241,2.538,0.115
0.05,2434,6.398,5.344,-0.928
0.05,2435,-0.213,-0.225,3.045
0.05,2436,0.890,-1.628,-7.209
0.05,2437,8.774,-2.654,-0.377
0.05,2438,-6.346,-0.498,4.287
0.05,2439,7.264,6.813,3.541
0.05,2440,6.472,6.895,4.192
0.05,2441,8.549,-9.042,6.566
0.05,2442,-3.851,9.519,-6.364
0.05,2443,-1.227,0.229,-7.952
0.05,2444,-0.947,5.514,9.353
0.05,2445,10.190,-3.583,8.118
0.05,2446,-0.950,4.931,-8.090
0.05,2447,2.713,6.336,-7.105
0.05,2448,-5.326,4.521,-10.770
0.05,2449,-4.958,4.647,-9.350
0.05,2450,6.738,8.739,0.551
0.05,2451,-9.553,1.038,-1.879
0.05,2452,-0.765,-5.689,-6.187
0.05,2453,6.431,7.344,0.884
0.05,2454,0.928,0.465,-9.917
0.05,2455,2.642,-9.019,0.997
0.05,2456,-1.190,7.250,6.629
0.05,2457,2.373,7.881,8.658
0.05,2458,-7.639,7.093,-9.367
0.05,2459,-9.397,1.172,-3.479
0.05,2460,6.283,6.624,-8.209
0.05,2461,5.834,-3.298,-10.631
0.05,2462,3.242,-1.923,2.774
0.05,2463,1.068,-7.424,-1.202
0.05,2464,1.818,8.819,2.404
0.05,2465,-9.823,1.133,4.692
0.05,2466,-0.888,-0.784,-8.392
0.05,2467,6.404,4.575,-7.356
0.05,2468,4.669,-7.675,-7.549
0.05,2469,0.647,0.970,3.846
0.05,2470,9.097,4.667,-4.793
0.05,2471,-8.111,-3.350,3.776
0.05,2472,-6.955,-5.123,2.013
0.05,2473,5.325,3.085,-10.537
0.05,2474,-2.225,3.036,-1.881
0.05,2475,8.052,-5.620,-4.205
0.05,2476,5.845,-1.110,3.401
0.05,2477,4.726,-8.749,-2.201
0.05,2478,-3.616,-9.375,-10.604
0.05,2479,6.492,-3.361,-2.040
0.05,2480,-3.439,-1.979,2.437
0.05,2481,0.066,8.022,6.478
0.05,2482,-6.487,-5.285,8.029
0.05,2483,2.843,8.364,1.475
0.05,2484,-9.048,0.809,5.399
0.05,2485,3.624,-9.215,5.243
0.05,2486,3.170,1.935,-2.221
0.05,2487,-4.648,7.959,-7.864
0.05,2488,1.528,-3.715,2.773
0.05,2489,-4.865,2.015,-1.591
0.05,2490,5.236,-5.421,4.911
0.05,2491,-0.252,-6.545,2.801
0.05,2492,-4.630,5.329,-9.875
0.05,2493,-4.810,4.360,-7.410
0.05,2494,-5.523,-6.544,5.763
0.05,2495,-3.185,2.523,-2.040
0.05,2496,2.989,-7.360,-4.454
0.05,2497,-3.479,4.319,3.995
0.05,2498,-7.972,-6.259,1.879
0.05,2499,-7.620,-3.997,-1.678
0.05,2500,-8.062,6.221,2.422
0.05,2501,-0.538,-0.575,-8.481
0.05,2502,6.280,6.832,-3.249
0.05,2503,2.961,-1.672,2.884
0.05,2504,-10.741,3.031,5.264
0.05,2505,4.894,1.287,-7.134
0.05,2506,2.061,-6.440,6.305
0.05,2507,-6.775,-0.986,5.598
0.05,2508,-5.092,3.982,2.424
0.05,2509,8.451,-2.307,-0.093
0.05,2510,3.245,8.033,4.228
0.05,2511,0.757,-8.184,-8.670
0.05,2512,3.970,-2.784,3.311
0.05,2513,-3.043,1.737,-2.366
0.05,2514,-8.690,7.455,-4.106
0.05,2515,8.791,-0.242,-2.512
0.05,2516,3.116,5.805,6.371
0.05,2517,8.997,8.849,3.704
0.05,2518,-7.505,3.303,-5.684
0.05,2519,-0.254,7.299,-2.135
0.05,2520,-4.780,2.647,7.297
0.05,2521,-0.012,-4.191,2.358
0.05,2522,3.210,1.911,-2.180
0.05,2523,-4.251,3.036,-0.789
0.05,2524,-8.448,7.718,-3.664
0.05,2525,1.698,-5.203,3.088
0.05,2526,-2.938,-8.008,-8.451
0.05,2527,2.161,7.422,-10.241
0.05,2528,2.631,6.626,-9.122
0.05,2529,-6.912,-2.708,-7.246
0.05,2530,-4.115,4.305,-1.212
0.05,2531,-8.873,8.381,-0.318
0.05,2532,2.309,-9.494,5.676
0.05,2533,9.873,5.496,-4.433
0.05,2534,-4.754,4.094,-9.363
0.05,2535,1.995,-5.506,-5.105
0.05,2536,4.949,6.409,-2.413
0.05,2537,-5.270,10.344,-8.483
0.05,2538,-2.816,4.357,4.241
0.05,2539,7.467,-1.076,7.021
0.05,2540,2.288,7.468,-9.875
0.05,2541,-7.824,-0.764,6.778
0.05,2542,-0.446,4.480,-2.310
0.05,2543,9.796,4.108,-5.086
0.05,2544,-5.881,6.802,-7.772
0.05,2545,-5.885,3.931,2.285
0.05,2546,1.087,-1.069,-6.755
0.05,2547,-5.559,10.707,-8.948
0.05,2548,-0.162,-0.167,7.815
0.05,2549,-8.304,5.257,-1.220
0.05,2550,-5.456,3.508,2.816
0.05,2551,-6.631,-1.927,-2.502
0.05,2552,5.289,2.238,-6.581
0.05,2553,0.919,3.416,-2.061
0.05,2554,8.775,2.613,-3.738
0.05,2555,-6.035,-3.928,-2.189
0.05,2556,-6.078,2.165,8.997
0.05,2557,-3.102,8.223,0.638
0.05,2558,7.427,-0.142,6.460
0.05,2559,0.176,-4.524,2.705
0.05,2560,3.146,3.245,1.719
0.05,2561,-1.483,-7.503,-6.963
0.05,2562,-6.649,8.314,5.443
0.05,2563,4.481,-3.246,4.450
0.05,2564,-2.599,-10.361,5.769
0.05,2565,4.590,-6.656,-1.924
0.05,2566,-3.665,-2.069,-1.751
0.05,2567,-0.123,4.303,2.900
0.05,2568,6.250,-7.570,2.934
0.05,2569,7.330,-0.428,1.709
0.05,2570,-9.177,-6.331,9.731
0.05,2571,0.170,-2.373,8.432
0.05,2572,1.944,6.162,3.186
0.05,2573,0.779,7.597,-7.393
0.05,2574,-3.761,7.407,6.342
0.05,2575,4.372,2.904,-1.718
0.05,2576,3.128,1.998,-2.192
0.05,2577,-4.415,1.691,1.510
0.05,2578,9.472,4.490,9.371
0.05,2579,-3.738,7.129,9.234
0.05,2580,-5.336,3.830,6.396
0.05,2581,0.404,9.518,8.810
0.05,2582,-6.438,2.736,-7.084
0.05,2583,-3.661,-7.805,-7.839
0.05,2584,-1.792,-7.396,-8.335
0.05,2585,-9.647,2.717,9.230
0.05,2586,3.399,-8.025,5.716
0.05,2587,-5.318,9.611,-6.450
0.05,2588,-3.273,2.081,-2.108
0.05,2589,3.174,-1.859,2.838
0.05,2590,-4.424,-4.712,-7.928
0.05,2591,2.664,-8.634,1.537
0.05,2592,1.866,-7.375,-3.120
0.05,2593,8.241,-3.854,1.128
0.05,2594,-6.579,0.476,-2.409
0.05,2595,1.428,-9.205,7.674
0.05,2596,6.078,-0.827,-1.689
0.05,2597,-3.186,2.055,-2.130
0.05,2598,-6.439,-2.966,-4.867
0.05,2599,2.832,8.471,-1.920
0.05,2600,0.655,-3.219,-2.308
0.05,2601,1.329,-2.597,1.657
0.05,2602,0.381,-2.131,-4.258
0.05,2603,6.289,-6.616,9.660
0.05,2604,-8.677,7.501,-3.271
0.05,2605,5.897,-8.304,2.659
0.05,2606,-2.292,-6.960,-9.248
0.05,2607,8.740,-6.575,0.820
0.05,2608,-0.659,-4.376,5.946
0.05,2609,1.230,-8.627,-0.351
0.05,2610,-7.213,-7.253,2.057
0.05,2611,-7.074,-1.517,-7.549
0.05,2612,0.141,-3.770,-2.334
0.05,2613,-4.471,-2.705,-2.082
0.05,2614,4.317,-3.362,9.413
0.05,2615,-6.082,-3.914,-2.265
0.05,2616,4.055,-6.760,-3.223
0.05,2617,5.168,6.310,-3.693
0.05,2618,-5.805,-5.623,4.830
0.05,2619,-2.554,-8.442,4.321
0.05,2620,-3.556,2.097,-2.052
0.05,2621,-8.726,-1.528,-1.795
0.05,2622,-0.226,-4.440,7.681
0.05,2623,-8.204,0.482,-1.207
0.05,2624,8.172,9.228,-0.173
0.05,2625,2.717,-6.021,6.053
0.05,2626,-3.881,-2.264,2.509
0.05,2627,8.388,0.629,6.331
0.05,2628,7.161,-0.717,-8.199
0.05,2629,-3.438,-9.446,-3.678
0.05,2630,6.518,-2.285,6.945
0.05,2631,6.262,2.363,6.214
0.05,2632,3.299,1.803,-2.135
0.05,2633,5.577,2.753,8.248
0.05,2634,6.734,-2.435,6.717
0.05,2635,-8.432,1.722,9.495
0.05,2636,-3.307,-8.713,-7.537
0.05,2637,-9.153,-8.751,-10.482
0.05,2638,5.243,-6.728,-6.972
0.05,2639,1.787,0.935,6.869
0.05,2640,-2.926,-0.410,-3.252
0.05,2641,4.635,1.409,-7.145
0.05,2642,6.014,9.690,-8.912
0.05,2643,-4.590,5.296,-10.850
0.05,2644,-0.282,0.212,-7.846
0.05,2645,5.964,0.696,1.760
0.05,2646,2.976,-1.887,2.837
0.05,2647,0.060,3.703,2.945
0.05,2648,-6.886,-0.955,-7.946
0.05,2649,-7.153,-3.423,-2.042
0.05,2650,-4.308,5.713,-9.777
0.05,2651,3.234,3.159,2.129
0.05,2652,1.179,6.796,-7.718
0.05,2653,2.533,5.279,-7.849
0.05,2654,-10.277,1.907,0.212
0.05,2655,-3.176,-2.077,2.819
0.05,2656,9.234,5.974,4.125
0.05,2657,3.136,1.841,-2.090
0.05,2658,-9.677,-8.925,-6.198
0.05,2659,-1.899,6.531,3.762
0.05,2660,2.230,1.234,7.117
0.05,2661,-6.242,-3.547,-2.256
0.05,2662,0.851,-6.813,-9.772
0.05,2663,5.614,5.991,-10.480
0.05,2664,-0.415,-5.017,-11.068
0.05,2665,-1.018,10.019,-0.717
0.05,2666,-5.292,4.334,-8.861
0.05,2667,-8.345,-7.242,9.679
0.05,2668,6.601,-0.894,-0.871
0.05,2669,-2.918,-3.083,3.542
0.05,2670,-2.103,-7.327,-3.579
0.05,2671,6.364,-7.829,-5.573
0.05,2672,-8.369,6.379,-1.028
0.05,2673,-7.404,7.624,1.577
0.05,2674,-6.979,-8.931,3.011
0.05,2675,-5.258,2.479,-7.011
0.05,2676,8.217,0.007,-7.599
0.05,2677,-1.469,5.355,-7.908
0.05,2678,-9.259,-5.341,-5.922
0.05,2679,-1.313,-6.056,-6.377
0.05,2680,1.952,-9.211,-8.338
0.05,2681,8.180,10.040,-8.636
0.05,2682,1.510,-3.037,2.165
0.05,2683,-6.675,-2.204,-3.716
0.05,2684,-0.690,1.633,-6.794
0.05,2685,0.725,6.711,2.768
0.05,2686,10.211,1.651,-3.366
0.05,2687,-3.170,-6.614,1.366
0.05,2688,-5.360,3.510,3.083
0.05,2689,-6.406,-5.678,9.528
0.05,2690,-7.740,0.990,-6.436
0.05,2691,-0.686,4.987,8.763
0.05,2692,-0.714,-2.095,-5.362
0.05,2693,-5.209,4.613,-9.292
0.05,2694,9.747,5.430,-8.603
0.05,2695,-5.763,-3.405,-2.326
0.05,2696,-6.439,8.514,-6.700
0.05,2697,1.297,-1.494,-7.014
0.05,2698,4.016,-0.757,8.838
0.05,2699,-1.868,2.616,-7.003
0.05,2700,-2.827,-10.090,-3.414
0.05,2701,8.924,-8.477,-4.997
0.05,2702,3.298,1.890,-2.087
0.05,2703,-0.313,6.356,-2.245
0.05,2704,0.904,6.463,5.678
0.05,2705,1.644,9.618,2.528
0.05,2706,2.835,-1.151,-2.185
0.05,2707,-10.715,-8.749,-7.865
0.05,2708,-0.330,-0.032,7.633
0.05,2709,-7.731,8.526,6.165
0.05,2710,-1.196,-6.702,2.014
0.05,2711,2.663,-6.790,-3.337
0.05,2712,-8.369,7.661,-3.832
0.05,2713,6.417,-4.996,7.047
0.05,2714,-4.288,9.497,-5.350
0.05,2715,4.787,2.929,5.026
0.05,2716,-0.132,6.700,-8.446
0.05,2717,-1.962,-8.926,2.864
0.05,2718,-5.749,0.208,3.920
0.05,2719,-5.749,3.534,-7.141
0.05,2720,5.436,5.273,-1.666
0.05,2721,8.723,8.298,6.007
0.05,2722,-9.817,2.163,-4.014
0.05,2723,-9.375,-8.883,5.736
0.05,2724,7.421,0.894,-7.493
0.05,2725,-3.971,-3.628,9.212
0.05,2726,-8.806,-9.513,6.320
0.05,2727,7.539,0.174,-8.255
0.05,2728,1.430,0.670,-10.027
0.05,2729,5.505,5.572,-9.784
0.05,2730,6.211,-3.820,-2.092
0.05,2731,-1.807,8.265,1.158
0.05,2732,-4.353,7.083,-8.748
0.05,2733,-2.645,9.347,-0.274
0.05,2734,-10.448,-5.293,4.468
0.05,2735,-0.196,7.201,-2.096
0.05,2736,-8.659,7.308,3.299
0.05,2737,-2.238,1.437,-6.723
0.05,2738,5.994,8.931,-2.509
0.05,2739,5.367,-5.171,-10.104
0.05,2740,-6.066,2.851,7.252
0.05,2741,-10.162,1.093,-0.005
0.05,2742,0.777,-7.020,6.024
0.05,2743,-1.825,5.764,7.886
0.05,2744,6.830,-1.307,7.538
0.05,2745,-1.440,-6.851,-10.571
0.05,2746,-8.990,7.528,-0.552
0.05,2747,4.369,4.307,4.168
0.05,2748,8.347,-9.432,5.531
0.05,2749,-7.278,-6.193,1.185
0.05,2750,0.752,-7.497,-5.868
0.05,2751,-0.252,3.819,3.015
0.05,2752,-2.694,2.659,-1.928
0.05,2753,-2.143,-6.306,0.329
0.05,2754,8.815,0.122,8.350
0.05,2755,1.241,4.578,-4.855
0.05,2756,-9.636,4.949,7.241
0.05,2757,-6.244,-3.805,-2.193
0.05,2758,-7.416,3.012,9.162
0.05,2759,-2.996,3.447,-0.923
0.05,2760,-8.025,-5.543,-5.258
0.05,2761,-1.028,-1.544,-6.193
0.05,2762,7.363,4.263,-5.330
0.05,2763,-4.539,2.435,7.070
0.05,2764,5.494,8.376,3.815
0.05,2765,8.302,8.744,6.108
0.05,2766,-4.006,-7.790,4.963
0.05,2767,-1.532,-4.619,3.147
0.05,2768,8.510,-0.882,0.778
0.05,2769,-8.247,7.799,5.106
0.05,2770,-7.385,-4.475,-1.819
0.05,2771,-0.154,6.905,-2.201
0.05,2772,-1.489,4.588,5.278
0.05,2773,-6.346,8.526,-6.463
0.05,2774,-3.644,-2.514,0.882
0.05,2775,-1.144,0.918,4.059
0.05,2776,-7.441,1.117,-6.799
0.05,2777,5.916,1.539,-10.793
0.05,2778,10.323,-0.567,-4.958
0.05,2779,6.902,7.751,3.603
0.05,2780,-3.777,7.805,-5.615
0.05,2781,0.245,5.242,2.801
0.05,2782,-7.892,-10.203,-0.682
0.05,2783,-0.243,3.802,2.872
0.05,2784,-4.173,2.176,9.230
0.05,2785,1.091,-1.299,-6.442
0.05,2786,3.281,-6.122,-5.330
0.05,2787,-6.022,9.335,-6.132
0.05,2788,-2.099,7.521,4.823
0.05,2789,2.856,-0.517,-11.055
0.05,2790,2.070,3.737,1.431
0.05,2791,5.842,3.244,0.266
0.05,2792,1.298,7.981,6.365
0.05,2793,4.899,-1.115,-7.172
0.05,2794,-0.351,-0.478,-8.015
0.05,2795,-8.826,7.482,-4.296
0.05,2796,-3.064,0.443,6.196
0.05,2797,6.284,6.799,-3.272
0.05,2798,-3.092,-8.209,-8.810
0.05,2799,-9.516,8.740,-9.688
0.05,2800,3.155,1.700,2.489
0.05,2801,-7.788,-8.895,-5.224
0.05,2802,5.169,3.244,-6.000
0.05,2803,-6.060,-3.767,-2.171
0.05,2804,-7.540,1.056,-6.874
0.05,2805,8.972,-8.155,-0.572
0.05,2806,-5.865,-8.049,6.548
0.05,2807,-3.119,-1.992,2.782
0.05,2808,-1.810,-8.458,9.496
0.05,2809,1.791,-8.897,-5.012
0.05,2810,-7.002,-2.281,5.744
0.05,2811,6.268,-7.696,-9.638
0.05,2812,-7.857,-6.074,1.474
0.05,2813,-0.829,8.579,-1.948
0.05,2814,-3.751,8.860,-6.046
0.05,2815,-5.782,3.434,-10.493
0.05,2816,7.739,-0.897,3.680
0.05,2817,-1.469,-7.662,8.302
0.05,2818,-7.884,-4.654,-1.111
0.05,2819,-9.129,1.968,-4.291
0.05,2820,-8.273,-3.121,1.945
0.05,2821,-2.296,6.713,-9.501
0.05,2822,5.932,-3.756,-2.001
0.05,2823,1.504,6.069,-2.859
0.05,2824,-2.889,-2.284,-3.989
0.05,2825,6.949,8.286,5.024
0.05,2826,9.788,-8.103,-5.289
0.05,2827,-0.011,-3.970,-2.051
0.05,2828,7.732,-6.821,1.361
0.05,2829,2.355,-0.861,3.108
0.05,2830,-6.689,-8.668,1.179
0.05,2831,1.222,-2.829,-2.232
0.05,2832,-6.979,-1.638,-9.349
0.05,2833,9.502,-8.924,6.004
0.05,2834,0.188,-2.946,-6.843
0.05,2835,-6.109,-6.649,-0.037
0.05,2836,5.592,-5.052,-7.641
0.05,2837,3.427,6.889,-10.787
0.05,2838,-8.551,3.595,-4.849
0.05,2839,-6.890,-3.980,-2.192
0.05,2840,1.004,7.467,-8.374
0.05,2841,-8.699,-6.523,-4.815
0.05,2842,-2.394,5.739,3.885
0.05,2843,1.559,3.825,-0.150
0.05,2844,-2.913,2.187,-2.024
0.05,2845,-4.877,9.062,-8.456
0.05,2846,-7.714,8.318,-5.292
0.05,2847,9.577,7.049,-3.345
0.05,2848,-6.000,0.118,3.521
0.05,2849,2.189,2.410,-9.062
0.05,2850,-6.489,-6.570,8.922
0.05,2851,-1.529,-7.377,3.922
0.05,2852,5.051,2.786,7.886
0.05,2853,-8.421,7.106,-4.522
0.05,2854,1.675,9.458,1.340
0.05,2855,-1.949,8.406,-5.338
0.05,2856,-5.236,-5.695,-5.522
0.05,2857,6.111,-3.731,-2.029
0.05,2858,2.569,7.092,4.500
0.05,2859,-6.406,-7.547,-0.977
0.05,2860,-7.752,7.962,-3.581
0.05,2861,0.785,-8.955,2.390
0.05,2862,-1.883,4.194,4.111
0.05,2863,7.711,8.048,4.823
0.05,2864,-3.671,5.662,6.820
0.05,2865,0.681,6.643,-7.568
0.05,2866,0.028,-4.807,-5.784
0.05,2867,1.111,6.660,-7.081
0.05,2868,9.638,2.907,3.439
0.05,2869,-2.380,-8.636,1.954
0.05,2870,0.892,-5.455,-5.727
0.05,2871,-7.680,-9.051,1.915
0.05,2872,7.061,-0.216,6.847
0.05,2873,3.185,-2.045,2.820
0.05,2874,-8.033,5.566,2.977
0.05,2875,5.470,-3.188,4.731
0.05,2876,4.067,-7.804,1.854
0.05,2877,-7.491,4.449,0.686
0.05,2878,0.080,-5.827,-11.127
0.05,2879,-7.851,-2.012,3.679
0.05,2880,-0.223,3.643,2.959
0.05,2881,6.215,-4.901,-5.703
0.05,2882,-3.658,-6.133,-5.789
0.05,2883,-0.715,7.848,6.389
0.05,2884,3.987,-7.713,-11.037
0.05,2885,3.572,-0.599,5.234
0.05,2886,-7.139,-8.167,-6.026
0.05,2887,7.075,6.054,-3.447
0.05,2888,1.271,7.221,4.723
0.05,2889,4.826,-6.670,3.898
0.05,2890,-3.409,-3.158,-1.357
0.05,2891,2.078,2.958,2.152
0.05,2892,-8.681,4.492,7.202
0.05,2893,-0.794,6.108,-1.151
0.05,2894,1.203,7.849,6.315
0.05,2895,-7.940,8.858,-1.597
0.05,2896,8.476,4.433,4.378
0.05,2897,-10.483,4.304,-9.543
0.05,2898,7.816,0.999,5.989
0.05,2899,-9.077,-4.383,5.936
0.05,2900,-7.994,-3.154,9.450
0.05,2901,-2.951,7.791,2.290
0.05,2902,6.014,4.602,-8.694
0.05,2903,6.219,-3.796,-2.100
0.05,2904,0.025,-0.127,7.823
0.05,2905,1.984,1.257,7.733
0.05,2906,2.499,-9.291,1.444
0.05,2907,-3.877,-9.281,-4.119
0.05,2908,-0.181,-4.474,-2.383
0.05,2909,-4.424,-5.547,-0.818
0.05,2910,2.240,6.685,-9.891
0.05,2911,-1.863,-5.495,-7.825
0.05,2912,4.631,-7.496,8.732
0.05,2913,-0.159,3.823,2.784
0.05,2914,-9.462,-4.137,5.920
0.05,2915,-7.103,7.720,4.536
0.05,2916,6.387,-6.750,-0.888
0.05,2917,9.136,9.007,8.723
0.05,2918,-8.046,3.128,-4.174
0.05,2919,-8.743,2.317,-7.637
0.05,2920,5.626,-4.710,-8.906
0.05,2921,8.200,-8.493,1.483
0.05,2922,0.458,4.861,-1.214
0.05,2923,0.346,3.532,2.906
0.05,2924,1.395,-7.473,-6.786
0.05,2925,-6.934,0.171,5.948
0.05,2926,5.246,-4.988,-7.894
0.05,2927,-5.412,2.652,7.043
0.05,2928,4.859,-5.016,-10.476
0.05,2929,5.741,6.672,-7.039
0.05,2930,2.527,4.327,-10.181
0.05,2931,-9.431,1.717,-5.523
0.05,2932,2.927,6.316,-9.763
0.05,2933,-1.487,-0.481,7.765
0.05,2934,-8.217,1.767,-3.381
0.05,2935,7.646,1.651,1.586
0.05,2936,-0.772,2.954,-6.345
0.05,2937,-5.682,-7.836,-8.165
0.05,2938,0.042,-3.980,1.944
0.05,2939,7.834,-9.190,6.480
0.05,2940,-5.889,8.866,-2.175
0.05,2941,-5.325,4.116,-9.311
0.05,2942,8.329,-8.369,1.950
0.05,2943,-9.703,-9.702,-7.534
0.05,2944,-0.776,5.123,3.315
0.05,2945,-4.063,-5.329,3.029
0.05,2946,-8.161,8.170,-1.652
0.05,2947,-5.266,-6.906,-10.745
0.05,2948,-4.698,-9.123,-3.273
0.05,2949,1.959,0.884,1.863
0.05,2950,-3.094,0.649,-6.983
0.05,2951,-4.505,2.438,2.566
0.05,2952,-0.693,4.921,-6.533
0.05,2953,3.343,1.844,-2.144
0.05,2954,-1.167,7.578,-10.868
0.05,2955,-10.707,-7.624,-8.679
0.05,2956,-9.257,-9.191,-3.578
0.05,2957,-6.867,-3.517,-2.794
0.05,2958,-5.788,5.930,5.368
0.05,2959,-6.985,-2.575,-7.321
0.05,2960,-1.385,0.474,-7.110
0.05,2961,-4.647,-6.350,5.652
0.05,2962,4.482,-5.557,5.870
0.05,2963,1.927,7.849,-9.877
0.05,2964,-2.827,-6.498,-8.890
0.05,2965,8.692,9.313,-7.585
0.05,2966,-6.149,-1.154,-2.622
0.05,2967,5.178,5.999,8.006
0.05,2968,8.235,8.571,2.752
0.05,2969,2.541,6.370,6.599
0.05,2970,1.661,4.737,-5.055
0.05,2971,-6.228,-7.765,-1.309
0.05,2972,-6.568,-6.810,2.729
0.05,2973,5.224,-3.367,4.731
0.05,2974,-1.755,5.323,3.921
0.05,2975,1.565,-1.715,-3.158
0.05,2976,7.102,-0.905,-7.900
0.05,2977,-7.238,7.096,0.783
0.05,2978,-5.851,-0.069,3.968
0.05,2979,-0.222,-5.260,7.155
0.05,2980,-7.136,-8.136,0.523
0.05,2981,-8.967,2.541,-1.581
0.05,2982,-0.009,7.077,-2.242
0.05,2983,0.908,-1.034,-10.523
0.05,2984,0.828,8.436,-1.940
0.05,2985,4.829,5.020,-9.626
0.05,2986,0.219,3.919,-1.229
0.05,2987,1.505,0.449,-11.027
0.05,2988,-1.334,0.171,4.524
0.05,2989,-7.993,-3.906,9.140
0.05,2990,-0.910,-2.441,-10.302
0.05,2991,6.559,6.202,-4.786
0.05,2992,-6.653,-3.855,-1.981
0.05,2993,4.803,7.607,-3.811
0.05,2994,-7.006,-0.715,-8.248
0.05,2995,7.454,-1.219,9.143
0.05,2996,0.435,-8.243,-4.489
0.05,2997,-9.899,2.091,-5.004
0.05,2998,6.191,-3.430,-2.059
0.05,2999,7.834,6.296,-4.835
0.15,0,-5.842,-6.171,4.668
0.15,1,8.425,5.454,-5.849
0.15,2,6.245,-3.752,-2.131
0.15,3,-3.229,2.025,-2.181
0.15,4,6.342,6.481,-8.092
0.15,5,9.547,1.881,-7.779
0.15,6,-6.767,-7.581,-0.052
0.15,7,2.572,-8.801,-7.720
0.15,8,1.802,7.831,7.059
0.15,9,-6.566,-6.881,-0.161
0.15,10,3.140,7.015,8.995
0.15,11,2.421,-10.223,7.510
0.15,12,-7.325,-1.698,8.881
0.15,13,-0.339,-4.520,2.422
0.15,14,3.124,-1.889,2.782
0.15,15,-7.085,-2.366,-11.101
0.15,16,5.163,4.667,7.660
0.15,17,5.067,-4.606,-11.076
0.15,18,3.560,2.136,-2.157
0.15,19,-3.211,2.024,-2.180
0.15,20,-10.031,1.768,-4.780
0.15,21,-6.416,-7.055,-1.420
0.15,22,-0.282,6.919,4.054
0.15,23,6.767,-4.704,9.034
0.15,24,-5.513,-6.587,9.255
0.15,25,3.282,1.920,-2.184
0.15,26,-3.209,2.021,-2.180
0.15,27,-0.758,-4.437,-0.146
0.15,28,6.998,3.995,8.423
0.15,29,1.624,-9.353,9.717
0.15,30,3.020,6.691,8.877
0.15,31,-3.221,-1.892,2.773
0.15,32,6.152,6.058,-3.497
0.15,33,-6.484,-7.027,-0.231
0.15,34,-0.083,-3.982,-2.030
0.15,35,6.240,-3.744,-2.124
0.15,36,-6.380,-6.882,-2.385
0.15,37,-0.152,-5.961,-6.303
0.15,38,-6.578,-7.066,-0.238
0.15,39,2.457,-9.078,0.064
0.15,40,-4.621,2.546,0.039
0.15,41,-3.213,2.026,-2.181
0.15,42,6.276,-7.038,8.803
0.15,43,7.797,8.652,-4.173
0.15,44,-6.634,-9.346,-3.382
0.15,45,-3.435,-8.405,-9.793
0.15,46,7.285,-2.162,7.948
0.15,47,-3.089,-10.253,-2.291
0.15,48,6.977,-1.540,6.909
0.15,49,-0.104,-0.136,7.784
0.15,50,-4.667,2.763,5.140
0.15,51,5.015,-4.645,-11.137
0.15,52,-0.082,-0.102,7.794
0.15,53,-4.928,4.495,-10.615
0.15,54,10.117,-3.271,8.528
0.15,55,-10.062,1.152,-2.325
0.15,56,4.753,4.037,1.600
0.15,57,3.988,1.750,9.648
0.15,58,1.935,3.030,9.683
0.15,59,6.076,-3.445,-2.082
0.15,60,-0.826,3.354,2.536
0.15,61,5.255,2.859,6.267
0.15,62,-9.937,1.064,0.600
0.15,63,-3.211,2.024,-2.180
0.15,64,-3.429,2.220,-2.061
0.15,65,-0.083,-0.090,7.814
0.15,66,-0.172,6.886,-2.194
0.15,67,-5.970,8.730,7.654
0.15,68,-0.170,6.888,-2.194
0.15,69,-3.173,-2.189,-3.894
0.15,70,6.374,1.636,-10.964
0.15,71,-0.060,3.779,2.840
0.15,72,-6.133,-3.780,-2.181
0.15,73,-6.117,-3.796,-2.187
0.15,74,4.604,-6.123,5.306
0.15,75,-6.533,-4.341,-2.213
0.15,76,-0.047,3.771,2.851
0.15,77,5.041,-4.908,6.334
0.15,78,-2.798,6.846,6.385
0.15,79,6.898,-0.494,4.838
0.15,80,6.689,-0.456,3.879
0.15,81,3.282,1.920,-2.184
0.15,82,-1.641,-6.690,-0.154
0.15,83,-4.646,2.078,-0.381
0.15,84,-1.932,-6.027,-10.867
0.15,85,-3.217,1.962,-2.180
0.15,86,3.130,-1.889,2.782
0.15,87,-3.983,-8.133,8.764
0.15,88,3.442,0.560,9.751
0.15,89,-0.283,6.298,-2.291
0.15,90,-7.465,-2.417,7.573
0.15,91,-0.400,-0.088,-10.276
0.15,92,-0.084,-0.093,7.788
0.15,93,7.181,-6.177,-0.999
0.15,94,-3.516,2.464,8.753
0.15,95,1.332,0.868,7.523
0.15,96,4.429,2.736,2.519
0.15,97,-5.485,-4.205,8.699
0.15,98,-10.331,-8.789,-10.749
0.15,99,-6.143,-3.780,-2.179
0.15,100,6.522,-6.802,9.330
0.15,101,-0.394,-4.747,6.509
0.15,102,1.593,-3.790,9.751
0.15,103,6.278,2.816,-0.580
0.15,104,-5.350,0.928,0.433
0.15,105,-4.097,3.974,8.064
0.15,106,-3.186,8.981,0.325
0.15,107,-8.431,6.188,-2.357
0.15,108,6.324,-3.894,-2.222
0.15,109,3.769,2.506,2.618
0.15,110,-3.134,9.015,-1.195
0.15,111,-3.452,9.032,-4.599
0.15,112,0.105,-0.671,-9.037
0.15,113,-11.111,3.087,4.482
0.15,114,-6.139,-3.782,-2.180
0.15,115,3.282,1.919,-2.184
0.15,116,10.971,-8.354,-9.363
0.15,117,-0.083,-0.094,7.787
0.15,118,-3.209,-1.903,2.778
0.15,119,-8.110,-10.593,-8.287
0.15,120,-4.992,3.168,7.166
0.15,121,1.851,-9.179,-9.858
0.15,122,-6.332,0.536,1.655
0.15,123,-3.206,2.025,-2.178
0.15,124,6.709,-1.495,-1.306
0.15,125,6.999,7.807,1.165
0.15,126,-0.043,3.767,2.856
0.15,127,3.282,1.919,-2.184
0.15,128,10.575,-8.242,-6.542
0.15,129,-6.309,0.411,1.780
0.15,130,-0.083,-0.094,7.789
0.15,131,5.744,3.168,3.525
0.15,132,-5.606,3.330,-3.579
0.15,133,-7.117,0.154,-9.084
0.15,134,6.923,8.405,0.249
0.15,135,-1.899,-6.222,-10.406
0.15,136,-8.365,-1.827,7.228
0.15,137,-6.378,-3.101,-9.152
0.15,138,2.580,-7.915,-7.302
0.15,139,2.544,-9.662,-10.157
0.15,140,1.434,7.827,-1.409
0.15,141,-0.082,-0.093,7.788
0.15,142,-3.211,-1.902,2.777
0.15,143,-7.268,1.633,-7.227
0.15,144,4.245,-5.642,4.246
0.15,145,-5.482,8.169,6.301
0.15,146,1.997,-9.087,-10.640
0.15,147,-6.797,0.307,1.672
0.15,148,-6.305,-8.889,-2.805
0.15,149,-2.804,-3.705,8.840
0.15,150,3.162,-1.913,2.771
0.15,151,4.704,3.765,-2.072
0.15,152,3.185,-1.909,2.764
0.15,153,5.047,-6.280,7.834
0.15,154,-8.164,1.436,-6.955
0.15,155,-0.042,3.766,2.858
0.15,156,-9.723,-8.548,6.653
0.15,157,5.602,3.671,0.232
0.15,158,-6.541,-4.080,-2.230
0.15,159,-0.022,-0.547,7.860
0.15,160,5.137,-5.071,-10.287
0.15,161,-6.313,7.347,9.522
0.15,162,-10.442,2.011,0.066
0.15,163,-0.084,-0.099,7.787
0.15,164,-6.152,-3.781,-2.179
0.15,165,2.022,8.275,-0.304
0.15,166,-0.390,-0.106,-10.684
0.15,167,1.622,6.618,-10.904
0.15,168,-0.047,-6.040,9.288
0.15,169,4.593,-5.843,6.118
0.15,170,-7.827,-5.842,7.767
0.15,171,8.966,-9.653,6.175
0.15,172,-6.229,0.470,2.195
0.15,173,3.282,1.920,-2.184
0.15,174,5.683,-4.839,7.187
0.15,175,10.313,-8.585,-7.201
0.15,176,7.110,2.187,1.700
0.15,177,-0.083,-0.094,7.789
0.15,178,0.081,-4.678,0.716
0.15,179,1.089,8.213,-4.126
0.15,180,-2.296,6.931,5.058
0.15,181,6.963,8.299,-3.715
0.15,182,-5.153,0.937,-0.576
0.15,183,2.103,-8.906,-5.681
0.15,184,-6.143,-3.780,-2.179
0.15,185,6.194,-3.685,-2.102
0.15,186,-0.087,-0.087,7.790
0.15,187,-6.700,-2.927,-7.389
0.15,188,-1.860,5.378,8.032
0.15,189,2.188,1.677,9.266
0.15,190,-4.331,9.203,-2.280
0.15,191,3.074,-1.873,2.774
0.15,192,-6.998,-1.311,4.664
0.15,193,-3.211,8.550,-11.160
0.15,194,-0.093,-4.014,-1.953
0.15,195,-0.085,-0.096,7.788
0.15,196,-7.943,0.755,-1.874
0.15,197,-3.365,2.238,-2.064
0.15,198,7.770,-7.124,0.220
0.15,199,-6.625,-6.972,-3.869
0.15,200,-1.437,-4.765,8.296
0.15,201,-6.016,-6.514,4.192
0.15,202,1.167,7.128,-10.956
0.15,203,-0.103,-0.063,7.777
0.15,204,-0.363,-1.288,-10.505
0.15,205,-8.015,6.947,-6.556
0.15,206,3.298,1.941,-2.180
0.15,207,-6.289,-8.640,-2.761
0.15,208,-8.493,6.929,-4.719
0.15,209,6.360,6.632,-2.209
0.15,210,-5.434,0.993,2.329
0.15,211,-6.059,9.614,2.760
0.15,212,6.443,8.375,-1.549
0.15,213,-0.350,-0.221,-9.761
0.15,214,8.174,-7.571,-0.463
0.15,215,2.941,-9.527,-2.329
0.15,216,-1.083,5.517,0.262
0.15,217,-6.422,-7.228,-0.792
0.15,218,-6.643,-3.128,-7.308
0.15,219,2.288,6.406,-10.791
0.15,220,-2.329,-6.385,-10.674
0.15,221,-1.641,-1.162,8.872
0.15,222,-8.538,-3.737,-1.060
0.15,223,8.755,5.230,8.321
0.15,224,-6.335,-7.622,-1.553
0.15,225,-3.118,5.511,7.940
0.15,226,-1.551,-7.317,5.381
0.15,227,-6.140,-3.781,-2.180
0.15,228,-6.140,-3.781,-2.180
0.15,229,-6.830,0.565,1.150
0.15,230,-4.895,9.405,-7.040
0.15,231,8.981,-9.584,4.135
0.15,232,6.641,8.374,-2.480
0.15,233,-0.702,-5.081,4.566
0.15,234,6.775,3.358,7.512
0.15,235,-6.925,7.819,8.607
0.15,236,-3.154,2.150,-2.178
0.15,237,-5.051,2.630,4.143
0.15,238,5.311,-9.375,-0.825
0.15,239,-3.213,2.025,-2.182
0.15,240,3.125,-1.888,2.783
0.15,241,6.226,-3.720,-2.113
0.15,242,9.727,-2.621,-1.043
0.15,243,6.492,-3.252,-7.463
0.15,244,2.605,-8.776,-6.403
0.15,245,-2.354,-1.664,-5.022
0.15,246,-6.173,-3.771,-2.180
0.15,247,8.720,-8.338,-1.869
0.15,248,-2.339,7.394,2.595
0.15,249,1.475,-5.477,6.773
0.15,250,-1.363,9.342,9.093
0.15,251,-5.943,8.040,9.561
0.15,252,-4.805,4.737,-10.877
0.15,253,-6.980,-8.977,0.892
0.15,254,-6.968,-1.613,5.133
0.15,255,-0.041,3.765,2.861
0.15,256,6.989,1.140,7.220
0.15,257,7.818,8.769,6.565
0.15,258,-0.062,-0.095,7.805
0.15,259,-3.496,-9.279,-5.733
0.15,260,-0.194,-4.130,-1.952
0.15,261,8.370,-9.627,5.910
0.15,262,6.180,-3.604,-2.110
0.15,263,8.650,-6.909,8.742
0.15,264,5.954,3.166,-0.804
0.15,265,6.365,-3.659,-2.214
0.15,266,-5.966,-5.130,4.659
0.15,267,-6.945,-2.095,5.028
0.15,268,-8.454,0.929,-2.137
0.15,269,1.667,8.857,-2.346
0.15,270,2.025,-8.580,-7.858
0.15,271,-3.730,-7.749,-10.850
0.15,272,-0.010,-3.951,-2.095
0.15,273,-3.394,-8.176,-9.914
0.15,274,-4.768,4.290,7.713
0.15,275,3.167,7.596,9.266
0.15,276,-0.769,-4.372,-0.553
0.15,277,7.053,-4.176,-1.838
0.15,278,0.148,0.158,7.818
0.15,279,-0.076,-0.093,7.796
0.15,280,-7.082,-2.098,-10.069
0.15,281,-0.375,-4.408,2.149
0.15,282,-3.211,-1.901,2.777
0.15,283,-8.391,5.952,-1.987
0.15,284,1.546,7.356,-6.744
0.15,285,6.214,2.444,5.340
0.15,286,-3.702,2.255,-1.745
0.15,287,-0.083,-0.094,7.789
0.15,288,-9.705,-8.971,6.157
0.15,289,3.282,1.919,-2.184
0.15,290,-8.443,7.390,-4.358
0.15,291,-3.330,2.128,-2.165
0.15,292,2.785,-9.367,0.715
0.15,293,5.436,-4.939,-9.273
0.15,294,-10.725,-9.197,-8.507
0.15,295,-8.474,7.241,-0.110
0.15,296,-4.125,2.603,-1.218
0.15,297,-0.157,6.904,-2.194
0.15,298,8.367,-9.511,-11.008
0.15,299,6.188,2.377,4.535
0.15,300,4.678,-5.716,6.210
0.15,301,3.126,-1.888,2.783
0.15,302,8.289,9.089,-10.965
0.15,303,2.946,2.099,-2.261
0.15,304,6.213,4.949,9.046
0.15,305,-7.124,-2.522,9.658
0.15,306,6.289,-3.763,-2.145
0.15,307,-3.894,8.928,-9.139
0.15,308,-4.828,1.944,9.012
0.15,309,-0.593,-4.956,5.455
0.15,310,8.663,-8.355,7.368
0.15,311,6.238,-3.741,-2.121
0.15,312,-2.016,-6.596,0.386
0.15,313,-6.250,-6.637,3.181
0.15,314,3.282,1.920,-2.184
0.15,315,3.287,1.916,-2.182
0.15,316,-0.042,-3.971,-2.100
0.15,317,-3.210,-1.902,2.777
0.15,318,2.622,-9.291,0.640
0.15,319,-4.854,4.363,-10.892
0.15,320,5.960,9.940,8.860
0.15,321,4.871,3.216,-0.596
0.15,322,-6.537,-7.070,-0.385
0.15,323,-6.835,-2.257,-8.480
0.15,324,3.285,1.916,-2.182
0.15,325,-6.610,-7.216,-0.291
0.15,326,8.881,-0.933,-9.911
0.15,327,-8.827,8.236,9.165
0.15,328,-5.913,-7.069,4.258
0.15,329,3.283,1.919,-2.184
0.15,330,6.776,-1.617,1.790
0.15,331,-1.262,0.210,8.856
0.15,332,-6.163,-4.905,6.821
0.15,333,-3.209,2.025,-2.179
0.15,334,-0.475,-4.714,6.705
0.15,335,6.341,-2.631,-2.081
0.15,336,6.244,-3.757,-2.131
0.15,337,-0.048,-3.972,-2.100
0.15,338,-7.169,-1.479,-10.944
0.15,339,-7.929,8.431,-0.791
0.15,340,-6.481,-3.981,-2.269
0.15,341,1.655,6.937,-10.143
0.15,342,5.572,-3.044,5.133
0.15,343,5.851,-6.195,3.098
0.15,344,10.322,4.443,-6.925
0.15,345,-6.774,-8.882,-6.492
0.15,346,-4.996,4.369,-10.527
0.15,347,-9.527,8.552,-0.956
0.15,348,6.778,-1.087,4.469
0.15,349,9.323,6.946,6.844
0.15,350,4.577,-5.632,5.277
0.15,351,9.911,2.745,-5.921
0.15,352,0.449,-7.477,-9.656
0.15,353,6.214,-3.690,-2.109
0.15,354,-7.209,-0.538,-11.111
0.15,355,3.283,1.919,-2.184
0.15,356,0.147,2.550,9.168
0.15,357,-0.068,2.725,-11.060
0.15,358,5.308,4.417,1.898
0.15,359,5.172,-4.175,5.182
0.15,360,-4.618,9.433,-6.556
0.15,361,3.284,1.915,-2.182
0.15,362,-0.036,-3.968,-2.103
0.15,363,5.668,-3.144,7.392
0.15,364,-3.211,2.024,-2.180
0.15,365,8.603,-7.742,-2.726
0.15,366,3.128,-1.888,2.783
0.15,367,-5.263,-5.770,8.528
0.15,368,-6.505,-7.176,-0.546
0.15,369,-4.701,2.515,2.563
0.15,370,-6.734,-0.260,3.285
0.15,371,6.869,7.946,0.965
0.15,372,-4.831,4.624,-10.978
0.15,373,-6.346,0.313,2.551
0.15,374,-2.026,-7.018,1.642
0.15,375,-6.166,-3.779,-2.179
0.15,376,10.485,2.094,-2.279
0.15,377,-1.951,-6.249,-10.316
0.15,378,-6.178,10.234,6.351
0.15,379,6.153,-3.421,-2.116
0.15,380,10.852,2.277,4.440
0.15,381,-2.683,7.812,0.763
0.15,382,-0.227,-0.145,7.915
0.15,383,3.761,-7.705,1.244
0.15,384,-3.211,2.024,-2.181
0.15,385,-6.569,-0.357,4.509
0.15,386,-0.354,5.961,-2.357
0.15,387,7.316,8.986,-4.047
0.15,388,-0.047,3.770,2.851
0.15,389,-6.136,-3.784,-2.181
0.15,390,6.239,-3.743,-2.123
0.15,391,-4.227,2.680,-2.949
0.15,392,0.729,-0.074,-11.132
0.15,393,-6.146,-3.779,-2.179
0.15,394,-3.205,2.016,-2.179
0.15,395,-2.858,7.890,4.358
0.15,396,-6.144,-3.780,-2.179
0.15,397,6.396,8.428,-0.205
0.15,398,-6.655,-0.810,5.232
0.15,399,-0.175,6.878,-2.194
0.15,400,-3.414,6.899,8.455
0.15,401,-6.432,-0.071,4.226
0.15,402,-0.699,-4.299,6.684
0.15,403,6.714,5.893,-0.027
0.15,404,-3.211,2.025,-2.181
0.15,405,6.726,-4.323,-2.359
0.15,406,-6.566,-9.612,8.830
0.15,407,-2.214,5.970,9.504
0.15,408,-4.325,2.424,1.980
0.15,409,-4.795,3.316,6.987
0.15,410,-7.905,-10.641,-8.821
0.15,411,-10.809,-8.502,-9.289
0.15,412,3.125,-1.887,2.783
0.15,413,-5.422,-7.596,8.168
0.15,414,-10.267,-8.569,-10.993
0.15,415,2.290,-8.669,-6.367
0.15,416,7.271,-0.510,7.324
0.15,417,-3.480,7.224,7.376
0.15,418,9.209,5.960,5.600
0.15,419,-8.698,-10.199,-0.224
0.15,420,-6.522,-7.094,-0.450
0.15,421,-2.954,8.524,0.505
0.15,422,-0.070,3.786,2.831
0.15,423,-6.142,-3.781,-2.180
0.15,424,-0.042,-3.971,-2.100
0.15,425,-4.877,1.162,-0.874
0.15,426,-7.009,-1.114,7.766
0.15,427,-4.371,2.741,5.633
0.15,428,6.716,-3.342,-2.226
0.15,429,-0.084,-0.092,7.791
0.15,430,7.082,-1.137,1.857
0.15,431,-0.083,-0.095,7.788
0.15,432,7.784,-10.400,-8.145
0.15,433,10.271,2.727,-4.811
0.15,434,-9.991,1.968,-5.049
0.15,435,3.982,2.460,-1.872
0.15,436,2.786,-8.276,5.968
0.15,437,-6.545,-7.089,-0.418
0.15,438,-3.211,-1.902,2.777
0.15,439,-8.627,-4.503,9.751
0.15,440,8.300,3.018,-6.150
0.15,441,2.366,7.747,8.870
0.15,442,-6.426,-6.202,-4.595
0.15,443,-1.940,3.595,3.201
0.15,444,2.429,-8.537,-9.217
0.15,445,-0.179,6.877,-2.195
0.15,446,-1.990,-10.939,-5.434
0.15,447,0.113,-0.364,-9.627
0.15,448,-10.312,2.141,-3.823
0.15,449,-3.212,-1.901,2.776
0.15,450,-7.018,8.287,-5.427
0.15,451,-3.097,-9.194,-8.830
0.15,452,-3.212,2.024,-2.182
0.15,453,7.121,-0.005,5.993
0.15,454,3.282,1.920,-2.184
0.15,455,9.085,6.383,9.393
0.15,456,0.239,3.603,2.821
0.15,457,9.157,2.490,-2.907
0.15,458,-5.753,-6.575,4.087
0.15,459,-8.560,-4.927,-1.904
0.15,460,5.367,3.874,6.886
0.15,461,-1.187,-6.874,-9.361
0.15,462,-3.133,-10.396,-1.025
0.15,463,-7.089,-1.380,4.710
0.15,464,-0.175,6.879,-2.194
0.15,465,-7.872,7.042,-8.022
0.15,466,-8.575,-10.173,5.204
0.15,467,-2.917,8.724,-5.177
0.15,468,-10.230,1.579,-3.055
0.15,469,-3.211,-1.901,2.777
0.15,470,-7.242,-3.720,7.273
0.15,471,-6.581,-2.854,-8.236
0.15,472,-4.839,3.013,5.111
0.15,473,-10.727,4.117,5.050
0.15,474,-7.976,0.689,-1.070
0.15,475,-7.680,-9.535,2.183
0.15,476,-1.993,-7.185,0.497
0.15,477,4.436,-3.609,9.751
0.15,478,-5.667,-4.819,7.945
0.15,479,7.080,8.008,-4.737
0.15,480,-8.019,7.439,-0.559
0.15,481,-3.211,2.025,-2.181
0.15,482,-0.224,6.624,-2.231
0.15,483,3.773,3.623,9.232
0.15,484,-5.901,-7.655,-6.529
0.15,485,9.079,-8.509,-1.929
0.15,486,-6.146,-3.779,-2.179
0.15,487,6.184,6.112,-2.084
0.15,488,-7.664,1.279,-7.454
0.15,489,8.863,-8.459,1.710
0.15,490,-0.082,-0.085,7.791
0.15,491,7.435,-3.201,6.507
0.15,492,8.334,-9.238,7.207
0.15,493,-0.191,-6.085,9.252
0.15,494,7.433,-1.387,-4.028
0.15,495,7.339,-0.787,6.499
0.15,496,-6.145,-3.780,-2.179
0.15,497,-4.778,8.902,-8.943
0.15,498,4.875,4.679,7.487
0.15,499,0.388,8.931,7.377
0.15,500,-0.082,-0.089,7.792
0.15,501,6.142,6.660,-7.245
0.15,502,2.769,-9.015,0.392
0.15,503,-6.155,-3.776,-2.178
0.15,504,-0.559,5.437,-6.958
0.15,505,3.126,-1.888,2.782
0.15,506,-0.096,-0.296,-9.516
0.15,507,3.284,1.916,-2.182
0.15,508,-1.560,-6.001,-10.565
0.15,509,7.535,0.573,-9.510
0.15,510,-3.212,2.024,-2.182
0.15,511,-9.580,-8.868,-11.090
0.15,512,3.900,7.906,9.056
0.15,513,6.240,-3.745,-2.124
0.15,514,5.865,6.204,-6.869
0.15,515,-7.714,6.671,-7.205
0.15,516,-8.529,7.282,-4.795
0.15,517,2.409,-9.124,-1.656
0.15,518,3.125,-1.888,2.783
0.15,519,-4.997,-5.135,7.201
0.15,520,6.525,-0.975,8.120
0.15,521,-10.317,-8.693,-11.151
0.15,522,0.275,-0.635,-9.959
0.15,523,8.075,-7.207,5.318
0.15,524,9.558,-8.817,3.727
0.15,525,-6.130,0.523,1.262
0.15,526,-3.211,-1.901,2.777
0.15,527,5.697,4.738,-0.521
0.15,528,7.088,-0.981,6.982
0.15,529,-0.031,3.760,2.861
0.15,530,-6.050,-3.841,-2.206
0.15,531,-3.744,2.284,-1.728
0.15,532,3.124,-1.888,2.783
0.15,533,7.955,7.390,4.507
0.15,534,3.127,-1.888,2.782
0.15,535,1.706,7.657,1.075
0.15,536,-4.402,2.729,2.785
0.15,537,-9.715,5.122,7.565
0.15,538,6.236,-4.821,8.223
0.15,539,-0.042,3.767,2.857
0.15,540,-0.212,-1.702,-10.447
0.15,541,6.224,-3.721,-2.111
0.15,542,4.498,-5.283,5.448
0.15,543,6.279,-3.779,-2.162
0.15,544,-6.172,-3.784,-2.182
0.15,545,-5.586,1.005,-0.534
0.15,546,-0.176,6.876,-2.194
0.15,547,2.630,-9.307,-4.580
0.15,548,9.587,-8.806,9.222
0.15,549,-3.211,2.025,-2.181
0.15,550,-6.997,-1.048,5.889
0.15,551,-2.480,8.134,-4.288
0.15,552,-3.294,2.028,-2.249
0.15,553,-6.140,-3.776,-2.180
0.15,554,5.462,6.758,9.417
0.15,555,-9.951,2.265,-5.574
0.15,556,-1.601,-8.793,-1.879
0.15,557,3.282,1.920,-2.184
0.15,558,-0.170,6.887,-2.194
0.15,559,-0.533,6.518,-6.861
0.15,560,4.312,-5.827,4.906
0.15,561,-8.593,7.543,4.892
0.15,562,3.275,-1.978,2.734
0.15,563,6.920,-4.057,8.915
0.15,564,-5.420,2.987,5.855
0.15,565,-0.605,-0.823,-10.379
0.15,566,-6.347,-7.468,-1.893
0.15,567,-5.023,4.413,-10.364
0.15,568,1.554,-1.385,-3.907
0.15,569,8.091,8.538,5.586
0.15,570,-8.075,-3.005,-2.415
0.15,571,5.104,-4.467,-11.128
0.15,572,6.561,8.000,-0.432
0.15,573,6.604,8.202,0.220
0.15,574,-0.108,-4.237,-1.617
0.15,575,-3.204,-1.906,2.781
0.15,576,5.190,-6.385,7.599
0.15,577,-3.210,-1.902,2.777
0.15,578,-2.433,-6.221,7.341
0.15,579,6.185,-3.623,-2.118
0.15,580,0.374,-5.470,6.295
0.15,581,4.563,4.479,5.279
0.15,582,4.341,7.979,9.449
0.15,583,4.367,3.201,-1.821
0.15,584,9.376,-8.631,-4.265
0.15,585,-8.233,7.132,3.781
0.15,586,-0.043,-3.971,-2.099
0.15,587,-8.388,-9.624,1.904
0.15,588,-2.168,-9.707,-2.971
0.15,589,2.884,1.087,2.328
0.15,590,2.088,6.538,-11.080
0.15,591,6.253,-3.766,-2.141
0.15,592,7.131,7.455,-6.930
0.15,593,-3.202,-1.910,2.780
0.15,594,-0.176,6.877,-2.194
0.15,595,0.494,-0.601,-8.412
0.15,596,4.910,4.473,4.100
0.15,597,-0.112,3.803,2.786
0.15,598,-10.398,-8.745,-10.444
0.15,599,7.297,-1.270,7.884
0.15,600,6.518,6.770,-10.765
0.15,601,2.912,-9.041,-0.326
0.15,602,-7.964,-10.613,-8.264
0.15,603,-5.128,4.412,-9.984
0.15,604,6.968,-1.720,6.779
0.15,605,-10.488,-8.781,-10.102
0.15,606,4.749,-6.096,8.222
0.15,607,-4.471,5.711,8.224
0.15,608,-1.295,-8.030,9.293
0.15,609,-7.396,-1.229,2.563
0.15,610,-6.184,0.470,1.772
0.15,611,8.725,2.608,-8.765
0.15,612,-0.203,-4.567,0.440
0.15,613,3.125,-1.887,2.783
0.15,614,6.227,-1.458,-6.754
0.15,615,-2.152,7.010,1.295
0.15,616,-0.083,-0.094,7.788
0.15,617,0.464,-0.318,-10.326
0.15,618,-8.814,0.777,-1.726
0.15,619,-0.083,-0.094,7.789
0.15,620,-4.670,1.195,-0.858
0.15,621,8.144,8.845,4.638
0.15,622,-7.629,-2.349,-6.029
0.15,623,-1.497,-6.294,-10.093
0.15,624,10.816,-2.619,4.631
0.15,625,-0.751,-4.334,3.334
0.15,626,7.989,-8.775,5.490
0.15,627,3.150,-1.896,2.779
0.15,628,-7.977,1.295,-6.956
0.15,629,-6.812,-7.416,0.537
0.15,630,-3.203,-1.908,2.780
0.15,631,-1.661,-6.223,-10.233
0.15,632,-3.207,2.029,-2.177
0.15,633,-6.976,-0.110,2.001
0.15,634,-10.113,-9.211,4.536
0.15,635,-4.950,-5.890,6.451
0.15,636,-0.702,-4.156,7.279
0.15,637,-8.820,7.673,5.554
0.15,638,3.125,-1.887,2.783
0.15,639,-3.485,2.216,-2.011
0.15,640,-3.210,2.024,-2.180
0.15,641,-3.211,-1.901,2.777
0.15,642,6.536,8.454,-0.357
0.15,643,6.859,8.433,-3.250
0.15,644,-0.084,-0.040,7.821
0.15,645,-7.982,7.177,3.228
0.15,646,3.651,5.842,5.416
0.15,647,-0.112,-0.082,7.787
0.15,648,-1.049,4.728,-7.132
0.15,649,-0.020,-6.990,7.490
0.15,650,-0.042,3.767,2.857
0.15,651,-9.402,6.555,7.772
0.15,652,-7.599,-2.062,8.077
0.15,653,-3.168,-1.941,2.781
0.15,654,-2.017,-6.684,-8.967
0.15,655,6.240,-3.743,-2.123
0.15,656,2.647,-9.020,-2.640
0.15,657,-8.644,0.900,-5.734
0.15,658,7.136,1.391,5.107
0.15,659,-6.707,-0.910,8.962
0.15,660,6.271,-3.777,-2.155
0.15,661,-0.522,0.229,7.580
0.15,662,5.745,6.489,8.899
0.15,663,3.282,1.919,-2.184
0.15,664,7.762,2.069,0.921
0.15,665,-0.043,3.768,2.855
0.15,666,-3.120,7.778,-10.408
0.15,667,-4.675,9.502,1.777
0.15,668,7.042,8.270,-4.207
0.15,669,-1.386,-5.777,-8.601
0.15,670,-6.945,-8.630,0.807
0.15,671,3.282,1.920,-2.184
0.15,672,6.241,-3.745,-2.124
0.15,673,-8.652,-10.222,5.068
0.15,674,-1.346,-10.111,8.289
0.15,675,-3.354,5.551,6.411
0.15,676,-6.718,0.560,7.064
0.15,677,6.241,-3.745,-2.124
0.15,678,-0.048,-3.972,-2.087
0.15,679,7.263,-0.783,6.978
0.15,680,1.269,0.240,8.405
0.15,681,-6.171,4.742,8.659
0.15,682,-0.186,6.856,-2.195
0.15,683,7.011,7.753,-6.571
0.15,684,6.236,-3.739,-2.119
0.15,685,-7.724,-1.237,-6.591
0.15,686,7.117,-0.970,7.300
0.15,687,5.000,4.318,2.483
0.15,688,5.979,5.860,-8.619
0.15,689,4.746,2.063,7.412
0.15,690,-4.942,-5.981,-10.514
0.15,691,-7.193,0.294,-8.581
0.15,692,-6.723,-0.254,3.295
0.15,693,6.251,6.756,-6.736
0.15,694,-3.863,9.187,-1.915
0.15,695,-8.191,1.493,-6.988
0.15,696,-6.410,0.751,-0.429
0.15,697,-6.134,-3.779,-2.181
0.15,698,5.287,-9.839,5.688
0.15,699,-0.715,7.490,6.085
0.15,700,-5.856,0.581,1.532
0.15,701,3.042,-8.124,-2.665
0.15,702,-8.377,7.510,-3.839
0.15,703,-0.735,-4.207,1.122
0.15,704,-0.177,6.874,-2.194
0.15,705,4.420,4.808,2.294
0.15,706,-1.369,-6.706,-9.364
0.15,707,-1.005,0.708,7.930
0.15,708,7.073,-1.064,1.991
0.15,709,4.696,4.901,6.818
0.15,710,-0.638,0.705,8.066
0.15,711,-0.168,6.891,-2.194
0.15,712,-4.218,5.929,5.680
0.15,713,4.684,-5.688,4.620
0.15,714,3.206,-1.933,2.766
0.15,715,-6.243,-7.256,-1.386
0.15,716,-10.583,2.641,1.263
0.15,717,-6.533,-9.147,-2.482
0.15,718,0.335,-8.229,9.424
0.15,719,-0.042,-3.971,-2.100
0.15,720,-0.198,6.757,-2.207
0.15,721,6.910,7.784,-7.031
0.15,722,-10.545,-8.738,-10.025
0.15,723,4.715,-5.872,7.016
0.15,724,-0.043,3.767,2.856
0.15,725,2.598,-10.313,6.795
0.15,726,-2.001,6.404,4.680
0.15,727,1.556,-7.643,-4.584
0.15,728,-6.294,-8.105,-2.032
0.15,729,-7.944,7.375,0.434
0.15,730,-4.628,9.619,-7.808
0.15,731,-7.505,-2.075,3.313
0.15,732,3.282,1.920,-2.184
0.15,733,-0.384,-0.530,-10.652
0.15,734,1.476,8.503,-1.971
0.15,735,7.735,-3.920,1.152
0.15,736,-0.620,-1.705,8.648
0.15,737,6.924,-0.794,2.746
0.15,738,-2.844,-10.131,-2.415
0.15,739,7.457,8.920,0.957
0.15,740,4.330,-5.818,5.640
0.15,741,-0.043,-3.971,-2.100
0.15,742,7.410,-6.262,-0.556
0.15,743,-3.386,-9.219,-7.454
0.15,744,-0.084,-0.093,7.787
0.15,745,-0.082,-0.094,7.789
0.15,746,-6.327,0.148,3.461
0.15,747,6.274,-3.786,-2.161
0.15,748,-4.726,4.876,-11.109
0.15,749,-0.396,-1.018,-9.995
0.15,750,-3.208,2.025,-2.178
0.15,751,-8.841,8.286,-1.930
0.15,752,-1.247,-8.193,-1.170
0.15,753,6.209,-3.695,-2.105
0.15,754,0.746,3.232,2.131
0.15,755,-0.701,-0.508,-11.121
0.15,756,3.188,-7.572,1.335
0.15,757,4.701,-5.388,6.901
0.15,758,1.994,6.765,3.138
0.15,759,-4.915,2.858,6.373
0.15,760,6.245,-3.751,-2.130
0.15,761,-6.599,0.285,4.054
0.15,762,3.284,1.920,-2.184
0.15,763,6.243,-3.748,-2.127
0.15,764,-7.051,0.063,5.739
0.15,765,7.462,-6.885,-2.451
0.15,766,3.126,-1.888,2.782
0.15,767,2.995,7.025,9.168
0.15,768,7.717,-1.798,9.751
0.15,769,6.664,1.840,-9.980
0.15,770,0.884,-8.102,-10.364
0.15,771,7.472,2.760,-3.101
0.15,772,7.884,-8.922,7.140
0.15,773,7.083,-0.260,5.475
0.15,774,-6.562,-6.399,-3.657
0.15,775,3.279,1.926,-2.185
0.15,776,-3.279,1.989,-2.174
0.15,777,-6.080,-6.872,-5.793
0.15,778,-5.723,0.925,8.865
0.15,779,-4.568,-5.204,7.508
0.15,780,7.001,9.877,-7.674
0.15,781,-8.518,7.135,-4.983
0.15,782,7.171,-4.058,-1.758
0.15,783,6.682,7.700,0.461
0.15,784,2.001,9.295,-2.522
0.15,785,6.572,8.708,-0.696
0.15,786,-1.720,-3.288,8.695
0.15,787,-4.356,2.859,1.312
0.15,788,3.132,-1.892,2.780
0.15,789,-3.209,2.024,-2.179
0.15,790,6.569,9.176,8.887
0.15,791,2.410,-8.486,-7.173
0.15,792,-0.377,5.959,-2.392
0.15,793,-6.562,-0.055,3.203
0.15,794,-6.264,0.419,2.350
0.15,795,6.212,2.263,-10.047
0.15,796,6.589,8.035,0.472
0.15,797,7.065,8.293,-7.860
0.15,798,2.586,-9.686,2.281
0.15,799,-1.889,1.328,8.222
0.15,800,-0.455,-4.320,2.408
0.15,801,-4.659,9.589,7.690
0.15,802,-6.447,-9.283,-3.189
0.15,803,-0.043,-3.971,-2.096
0.15,804,5.071,3.504,4.981
0.15,805,8.468,-9.385,6.221
0.15,806,3.308,-1.979,2.782
0.15,807,-6.583,-7.266,-0.218
0.15,808,-0.757,-0.629,-10.951
0.15,809,-6.792,3.256,6.745
0.15,810,0.513,-2.061,-5.123
0.15,811,7.618,9.101,1.790
0.15,812,3.282,1.919,-2.184
0.15,813,-7.938,-9.891,2.721
0.15,814,-0.081,-0.094,7.791
0.15,815,2.695,-9.137,0.401
0.15,816,5.376,3.488,4.898
0.15,817,-6.078,-3.832,-2.198
0.15,818,-0.221,-4.875,7.381
0.15,819,-0.097,3.795,2.830
0.15,820,-6.512,-9.085,-2.437
0.15,821,-8.223,7.764,7.885
0.15,822,-7.610,-3.097,5.901
0.15,823,7.052,-3.345,9.675
0.15,824,6.849,7.670,-8.470
0.15,825,-8.471,7.149,-4.864
0.15,826,-0.043,3.768,2.855
0.15,827,-4.909,2.428,6.527
0.15,828,-6.372,0.790,6.772
0.15,829,-0.189,-0.325,7.874
0.15,830,-1.369,-0.541,-7.672
0.15,831,2.080,9.133,-1.891
0.15,832,5.783,3.104,2.397
0.15,833,-4.944,5.019,-10.512
0.15,834,-4.625,2.467,2.550
0.15,835,1.827,9.171,-3.762
0.15,836,6.679,0.310,-0.568
0.15,837,5.988,0.153,9.136
0.15,838,3.280,1.921,-2.185
0.15,839,7.022,7.863,-4.497
0.15,840,2.923,-7.735,1.045
0.15,841,-0.239,6.895,-2.207
0.15,842,9.632,-5.448,9.003
0.15,843,7.045,8.619,-4.369
0.15,844,4.705,2.893,9.751
0.15,845,3.282,1.920,-2.184
0.15,846,10.429,2.163,-2.638
0.15,847,5.598,4.407,-0.152
0.15,848,4.727,-6.002,4.061
0.15,849,-1.560,-5.809,-10.886
0.15,850,-0.034,3.762,2.861
0.15,851,-8.459,6.829,-5.014
0.15,852,2.009,8.883,2.335
0.15,853,5.209,-4.871,-10.360
0.15,854,-9.031,1.392,-5.715
0.15,855,2.579,-8.573,-3.122
0.15,856,-6.177,-8.445,9.089
0.15,857,-3.209,2.022,-2.179
0.15,858,6.004,6.396,-8.267
0.15,859,-3.210,2.024,-2.179
0.15,860,-8.286,1.457,-6.768
0.15,861,-3.221,-1.895,2.771
0.15,862,3.282,1.918,-2.182
0.15,863,-0.082,-0.096,7.789
0.15,864,9.649,-6.748,9.453
0.15,865,-7.132,-2.171,-11.070
0.15,866,-3.223,2.016,-2.177
0.15,867,-3.605,-9.579,-3.236
0.15,868,3.420,-2.052,2.790
0.15,869,-5.997,7.987,1.676
0.15,870,-8.420,7.444,-4.215
0.15,871,7.921,-7.501,-0.004
0.15,872,-7.588,7.343,-6.721
0.15,873,-10.594,2.265,0.093
0.15,874,9.010,5.550,6.489
0.15,875,-7.148,-1.995,-10.489
0.15,876,-4.450,2.525,2.359
0.15,877,-0.075,3.779,2.845
0.15,878,-4.017,6.073,6.590
0.15,879,6.563,6.444,-5.609
0.15,880,-2.912,-8.788,8.901
0.15,881,6.712,3.034,-7.456
0.15,882,-6.882,-0.651,-8.685
0.15,883,5.444,3.776,3.226
0.15,884,5.268,-4.562,-10.459
0.15,885,4.358,-2.075,9.669
0.15,886,5.105,-4.879,-10.559
0.15,887,-0.042,-3.971,-2.100
0.15,888,5.315,-4.930,-9.898
0.15,889,-3.505,-9.010,8.848
0.15,890,6.714,-1.462,4.122
0.15,891,-0.043,3.768,2.856
0.15,892,-7.873,7.135,-7.574
0.15,893,-6.362,-3.664,-2.320
0.15,894,-3.213,-1.899,2.776
0.15,895,-8.533,6.844,-3.186
0.15,896,7.829,2.286,0.736
0.15,897,-0.546,-5.013,5.288
0.15,898,2.093,7.364,5.763
0.15,899,7.961,7.953,-9.722
0.15,900,1.517,8.050,4.256
0.15,901,6.681,8.222,-3.395
0.15,902,-3.209,2.024,-2.179
0.15,903,1.527,-7.262,-5.681
0.15,904,6.807,-0.381,4.790
0.15,905,2.996,-8.016,-7.342
0.15,906,6.685,-1.960,2.168
0.15,907,2.823,-6.358,1.625
0.15,908,6.887,-1.194,2.258
0.15,909,3.232,-7.817,-6.989
0.15,910,-5.506,-6.333,5.262
0.15,911,-1.573,-1.188,8.102
0.15,912,5.742,2.396,-10.548
0.15,913,3.125,-1.888,2.783
0.15,914,-0.043,3.767,2.856
0.15,915,4.350,3.545,8.770
0.15,916,-8.466,6.934,-4.328
0.15,917,2.596,-0.194,8.794
0.15,918,-2.357,5.680,4.650
0.15,919,-6.960,-0.986,-8.382
0.15,920,10.026,2.369,-2.864
0.15,921,3.173,-1.899,2.781
0.15,922,-3.206,2.023,-2.177
0.15,923,-0.016,-0.166,7.776
0.15,924,7.898,9.105,5.607
0.15,925,7.017,8.515,-3.960
0.15,926,-6.708,-8.094,4.288
0.15,927,-0.025,4.243,9.751
0.15,928,-3.217,-1.902,2.771
0.15,929,6.236,-3.730,-2.119
0.15,930,-10.215,2.854,7.156
0.15,931,-6.928,-1.388,5.194
0.15,932,-3.371,6.853,7.122
0.15,933,6.230,-3.666,-2.111
0.15,934,-3.204,-1.907,2.780
0.15,935,5.725,3.973,-9.973
0.15,936,-8.108,4.605,-5.080
0.15,937,-1.617,-5.896,-10.801
0.15,938,-0.043,3.768,2.856
0.15,939,8.019,9.607,6.466
0.15,940,-7.237,-2.136,8.701
0.15,941,0.098,0.075,7.757
0.15,942,-0.597,0.936,9.353
0.15,943,-1.073,7.155,7.985
0.15,944,1.288,0.707,5.204
0.15,945,-0.023,-0.071,7.835
0.15,946,-2.823,1.238,-2.778
0.15,947,-10.177,1.401,-3.324
0.15,948,5.841,-2.599,5.274
0.15,949,3.162,-8.820,9.432
0.15,950,-0.044,-3.971,-2.095
0.15,951,-8.499,-9.701,9.438
0.15,952,-6.382,9.398,9.092
0.15,953,2.045,6.745,-8.263
0.15,954,-6.014,-6.532,4.429
0.15,955,-7.023,0.253,0.843
0.15,956,-3.511,1.867,7.903
0.15,957,9.040,-8.626,-0.676
0.15,958,-4.624,-5.808,-9.108
0.15,959,-9.566,2.507,-8.102
0.15,960,2.940,1.506,7.394
0.15,961,7.290,8.596,-5.535
0.15,962,-0.168,6.890,-2.194
0.15,963,-10.093,4.326,7.746
0.15,964,-6.133,-6.113,3.163
0.15,965,8.934,1.559,9.142
0.15,966,6.557,-2.990,-2.068
0.15,967,-5.055,10.206,2.051
0.15,968,2.485,-8.292,-3.746
0.15,969,8.401,7.163,5.403
0.15,970,7.781,1.919,1.374
0.15,971,6.242,-3.747,-2.126
0.15,972,0.190,-0.989,-10.440
0.15,973,5.818,9.812,8.721
0.15,974,11.050,-4.173,-3.015
0.15,975,-1.276,-8.723,8.580
0.15,976,6.171,6.553,-7.721
0.15,977,-6.289,-6.878,3.608
0.15,978,-0.382,-4.490,2.361
0.15,979,-6.375,0.263,2.746
0.15,980,-2.489,7.055,8.438
0.15,981,-9.837,-4.884,-2.844
0.15,982,-6.595,-6.900,-0.182
0.15,983,3.129,-1.890,2.781
0.15,984,-8.160,-10.355,-5.388
0.15,985,7.631,-8.678,6.992
0.15,986,8.523,-8.593,2.145
0.15,987,-8.185,-3.399,6.844
0.15,988,8.607,-7.913,1.159
0.15,989,-7.773,-6.072,9.751
0.15,990,8.870,-8.108,-3.080
0.15,991,-4.540,2.464,2.240
0.15,992,-5.994,-3.830,-2.174
0.15,993,-5.526,1.530,3.234
0.15,994,3.124,-1.887,2.783
0.15,995,5.716,3.125,0.401
0.15,996,-6.066,-6.392,3.746
0.15,997,4.237,-3.210,9.079
0.15,998,-5.115,4.410,-10.192
0.15,999,-3.119,-6.296,6.716
0.15,1000,-6.849,-1.081,4.868
0.15,1001,6.451,8.255,-1.617
0.15,1002,7.362,8.716,-4.203
0.15,1003,9.434,6.573,7.047
0.15,1004,3.734,1.797,8.293
0.15,1005,0.742,0.111,6.141
0.15,1006,-9.095,8.098,-10.086
0.15,1007,5.513,-0.977,7.682
0.15,1008,7.349,-10.260,-10.201
0.15,1009,-3.094,-1.974,2.819
0.15,1010,-2.273,6.569,-10.261
0.15,1011,-0.651,5.005,-2.879
0.15,1012,7.035,-1.554,-7.756
0.15,1013,-1.475,-1.510,9.527
0.15,1014,-7.071,-1.110,-10.325
0.15,1015,-6.623,-6.825,2.163
0.15,1016,-6.739,-9.318,-4.232
0.15,1017,9.550,1.841,-7.934
0.15,1018,1.129,-4.764,9.188
0.15,1019,6.985,8.507,-3.809
0.15,1020,10.121,2.250,-3.107
0.15,1021,3.291,1.892,-2.175
0.15,1022,6.237,-3.738,-2.120
0.15,1023,-9.447,0.683,-0.327
0.15,1024,6.589,6.687,-6.022
0.15,1025,-10.194,4.625,6.744
0.15,1026,0.478,7.482,5.823
0.15,1027,-7.168,-2.047,-10.621
0.15,1028,8.001,1.185,6.243
0.15,1029,-5.959,-3.896,-2.203
0.15,1030,-3.475,2.007,-2.156
0.15,1031,4.978,-5.488,-10.333
0.15,1032,-3.209,2.022,-2.179
0.15,1033,2.358,8.632,9.083
0.15,1034,7.125,2.956,-0.300
0.15,1035,2.458,7.075,5.727
0.15,1036,-0.083,-0.093,7.788
0.15,1037,-6.681,0.364,6.413
0.15,1038,-3.203,-1.904,2.783
0.15,1039,4.546,-5.896,-10.163
0.15,1040,4.566,-6.088,-9.725
0.15,1041,-6.787,-7.553,0.125
0.15,1042,6.184,6.550,-2.618
0.15,1043,6.792,-1.337,1.032
0.15,1044,1.707,8.390,2.526
0.15,1045,2.620,-8.868,-3.285
0.15,1046,2.467,-8.973,-3.406
0.15,1047,-0.150,-0.200,8.000
0.15,1048,4.841,-6.198,8.246
0.15,1049,1.973,9.152,-4.610
0.15,1050,7.239,8.821,-7.193
0.15,1051,7.656,7.754,3.435
0.15,1052,-0.048,3.769,2.855
0.15,1053,1.553,-9.033,-9.971
0.15,1054,8.608,6.451,-6.941
0.15,1055,3.136,-1.889,2.782
0.15,1056,3.126,-1.888,2.783
0.15,1057,-1.714,-5.453,5.075
0.15,1058,-3.513,4.483,3.919
0.15,1059,7.143,-8.340,9.105
0.15,1060,-0.179,6.877,-2.195
0.15,1061,7.051,-1.497,5.980
0.15,1062,5.729,3.000,2.265
0.15,1063,6.549,-4.080,-2.127
0.15,1064,-5.719,-5.168,6.366
0.15,1065,5.566,3.561,1.650
0.15,1066,9.621,6.703,6.295
0.15,1067,-1.784,-6.000,-10.717
0.15,1068,2.510,-9.333,1.389
0.15,1069,-8.527,7.258,-4.756
0.15,1070,6.461,8.394,-1.145
0.15,1071,5.352,3.799,-10.894
0.15,1072,-0.041,-3.993,-2.015
0.15,1073,-6.200,0.503,1.605
0.15,1074,5.435,9.017,-2.287
0.15,1075,3.356,1.960,-2.196
0.15,1076,3.282,1.919,-2.184
0.15,1077,6.076,2.291,6.113
0.15,1078,-3.861,-4.839,7.984
0.15,1079,7.339,-7.060,-0.413
0.15,1080,-0.486,-0.461,-10.758
0.15,1081,-0.050,-3.972,-2.083
0.15,1082,-6.337,-8.937,-2.461
0.15,1083,4.744,-5.537,4.557
0.15,1084,-0.273,6.088,-2.250
0.15,1085,3.281,1.923,-2.186
0.15,1086,-7.521,-1.598,7.117
0.15,1087,-6.192,9.511,7.163
0.15,1088,-3.475,6.868,6.069
0.15,1089,-0.189,6.827,-2.197
0.15,1090,10.914,-8.028,-6.786
0.15,1091,7.136,8.111,-5.665
0.15,1092,-1.133,7.696,6.561
0.15,1093,-2.096,-1.524,-5.289
0.15,1094,-4.234,5.070,8.203
0.15,1095,-4.764,9.091,-3.763
0.15,1096,5.277,-7.609,0.541
0.15,1097,-0.046,3.769,2.853
0.15,1098,2.590,-9.186,0.367
0.15,1099,6.239,-3.743,-2.123
0.15,1100,7.314,2.257,1.799
0.15,1101,-0.185,6.846,-2.195
0.15,1102,2.467,-8.978,-2.965
0.15,1103,6.253,-6.750,-4.879
0.15,1104,6.856,0.220,7.091
0.15,1105,1.661,-0.804,-6.742
0.15,1106,-3.413,2.204,-1.974
0.15,1107,0.282,7.536,-1.789
0.15,1108,1.939,-9.246,-9.186
0.15,1109,9.085,-7.312,9.612
0.15,1110,-3.688,9.441,-6.111
0.15,1111,6.251,-3.758,-2.136
0.15,1112,2.205,8.337,-0.121
0.15,1113,4.938,-4.551,5.035
0.15,1114,5.025,-5.044,-10.666
0.15,1115,-0.099,-4.014,-1.954
0.15,1116,-4.662,6.363,6.083
0.15,1117,-9.642,0.588,5.313
0.15,1118,3.282,1.921,-2.185
0.15,1119,-8.489,-9.175,9.272
0.15,1120,-7.508,-1.369,7.365
0.15,1121,5.349,-5.384,3.001
0.15,1122,-9.715,7.346,9.627
0.15,1123,3.823,7.836,9.517
0.15,1124,0.094,6.955,-2.101
0.15,1125,-3.301,6.997,7.761
0.15,1126,1.254,2.913,2.414
0.15,1127,5.203,3.919,-11.128
0.15,1128,-6.504,-7.068,7.332
0.15,1129,-4.743,2.850,7.409
0.15,1130,-8.516,6.805,-1.918
0.15,1131,4.881,4.242,4.571
0.15,1132,-0.173,6.883,-2.194
0.15,1133,-0.390,7.988,9.338
0.15,1134,-0.301,-6.520,-10.476
0.15,1135,-8.354,7.586,-3.924
0.15,1136,6.771,6.765,-3.890
0.15,1137,3.283,1.919,-2.184
0.15,1138,-7.363,7.609,-6.525
0.15,1139,6.925,7.745,-6.190
0.15,1140,-6.324,-7.960,-1.709
0.15,1141,-3.427,6.344,7.604
0.15,1142,-0.044,3.769,2.854
0.15,1143,3.114,-1.863,2.783
0.15,1144,1.774,8.240,-5.736
0.15,1145,-3.389,8.824,-3.151
0.15,1146,-6.579,-6.826,0.194
0.15,1147,-6.630,-7.574,-0.421
0.15,1148,-0.593,-4.128,6.965
0.15,1149,0.465,-0.731,-8.129
0.15,1150,9.239,2.543,9.317
0.15,1151,1.620,8.036,1.059
0.15,1152,5.122,-4.472,3.549
0.15,1153,2.299,0.805,9.060
0.15,1154,-6.179,-3.777,-2.183
0.15,1155,-4.675,10.315,-8.888
0.15,1156,0.817,6.463,-1.216
0.15,1157,-3.210,2.025,-2.180
0.15,1158,-3.210,2.024,-2.180
0.15,1159,9.001,9.545,8.026
0.15,1160,-6.190,-3.775,-2.188
0.15,1161,-3.258,-9.824,-3.908
0.15,1162,7.261,-6.801,-0.721
0.15,1163,3.783,6.161,-10.940
0.15,1164,-6.769,-0.993,4.924
0.15,1165,-3.371,-6.624,6.394
0.15,1166,-0.044,-3.971,-2.090
0.15,1167,3.284,1.915,-2.182
0.15,1168,-7.118,9.274,4.424
0.15,1169,2.128,8.962,-1.401
0.15,1170,7.139,10.472,6.407
0.15,1171,-5.785,-6.309,4.542
0.15,1172,-6.105,-3.793,-2.188
0.15,1173,3.123,-1.886,2.783
0.15,1174,-3.210,2.024,-2.180
0.15,1175,-0.058,-0.575,7.672
0.15,1176,0.075,-0.357,8.007
0.15,1177,6.242,-3.747,-2.126
0.15,1178,-6.574,-6.996,-0.181
0.15,1179,6.054,4.587,7.767
0.15,1180,-2.807,8.827,-4.278
0.15,1181,7.677,8.948,-8.691
0.15,1182,3.282,1.920,-2.184
0.15,1183,-3.087,8.606,-4.958
0.15,1184,-6.145,-3.780,-2.179
0.15,1185,6.337,-5.746,9.547
0.15,1186,1.822,9.049,-2.289
0.15,1187,-0.112,-0.085,7.793
0.15,1188,-10.116,-9.289,4.757
0.15,1189,-7.041,-2.131,-9.774
0.15,1190,-0.036,3.761,2.864
0.15,1191,7.018,2.910,-0.997
0.15,1192,-0.043,-3.971,-2.099
0.15,1193,0.777,-5.601,6.404
0.15,1194,-3.209,2.024,-2.179
0.15,1195,9.007,-8.360,-2.765
0.15,1196,8.943,1.956,-8.656
0.15,1197,-5.306,-7.431,-10.654
0.15,1198,-5.133,9.236,1.551
0.15,1199,-9.884,-8.531,6.988
0.15,1200,5.934,0.483,-8.119
0.15,1201,8.443,-9.364,6.203
0.15,1202,6.766,7.287,-7.345
0.15,1203,-3.505,9.775,0.858
0.15,1204,6.660,7.179,-7.835
0.15,1205,-6.135,-3.778,-2.181
0.15,1206,-1.077,0.551,8.157
0.15,1207,2.184,9.323,-1.730
0.15,1208,8.734,6.989,7.358
0.15,1209,6.238,-3.741,-2.121
0.15,1210,3.282,1.920,-2.184
0.15,1211,7.268,1.137,5.768
0.15,1212,1.589,7.290,9.165
0.15,1213,6.513,-1.628,8.146
0.15,1214,-0.082,-0.089,7.798
0.15,1215,5.334,4.889,7.313
0.15,1216,7.512,0.127,8.405
0.15,1217,-5.902,-6.427,4.122
0.15,1218,7.059,8.201,-4.361
0.15,1219,3.284,1.920,-2.185
0.15,1220,1.774,-9.007,6.437
0.15,1221,1.800,6.736,-10.345
0.15,1222,-6.308,7.989,8.242
0.15,1223,-7.822,6.873,-7.395
0.15,1224,7.362,8.650,-8.450
0.15,1225,8.050,10.534,-9.724
0.15,1226,3.651,-9.852,-5.836
0.15,1227,7.029,8.285,-4.032
0.15,1228,4.461,-3.498,2.606
0.15,1229,-3.655,2.058,-1.909
0.15,1230,-3.209,2.024,-2.179
0.15,1231,7.500,10.121,6.230
0.15,1232,-6.955,-0.939,5.998
0.15,1233,3.282,1.920,-2.184
0.15,1234,-4.128,-5.927,7.179
0.15,1235,6.238,-3.742,-2.122
0.15,1236,-0.205,4.450,9.338
0.15,1237,-9.290,1.809,-5.913
0.15,1238,6.116,6.471,-7.992
0.15,1239,-6.654,-7.272,2.136
0.15,1240,1.844,-0.975,-4.764
0.15,1241,8.336,-1.982,0.545
0.15,1242,-6.359,-7.853,-1.452
0.15,1243,-6.149,-3.782,-2.179
0.15,1244,6.052,2.815,2.220
0.15,1245,5.503,5.820,-6.895
0.15,1246,-7.209,7.227,3.275
0.15,1247,-0.993,-2.983,8.358
0.15,1248,2.635,2.120,8.523
0.15,1249,5.947,-5.666,8.961
0.15,1250,-4.064,9.312,-5.788
0.15,1251,-0.291,8.093,7.308
0.15,1252,5.791,2.094,-10.825
0.15,1253,8.782,-8.265,-2.019
0.15,1254,1.926,8.589,1.007
0.15,1255,3.282,1.920,-2.184
0.15,1256,-3.177,2.037,-2.181
0.15,1257,6.110,-1.368,4.403
0.15,1258,-0.043,3.767,2.856
0.15,1259,-3.901,-5.181,8.622
0.15,1260,-2.283,6.529,-10.287
0.15,1261,1.185,-6.065,-2.065
0.15,1262,-5.615,-6.402,-0.208
0.15,1263,-0.100,-0.166,7.741
0.15,1264,8.876,1.393,-8.048
0.15,1265,2.068,8.725,-0.048
0.15,1266,-1.739,-6.728,-9.201
0.15,1267,1.326,-8.975,6.473
0.15,1268,-2.331,6.241,7.555
0.15,1269,-0.644,6.856,-2.272
0.15,1270,5.329,-2.818,-2.157
0.15,1271,7.095,8.248,-4.916
0.15,1272,-1.246,3.339,-4.209
0.15,1273,-4.602,2.619,2.599
0.15,1274,-9.102,-8.441,6.154
0.15,1275,1.346,-6.130,3.869
0.15,1276,-0.175,6.879,-2.194
0.15,1277,-2.465,-10.282,8.161
0.15,1278,-2.670,-6.979,-9.738
0.15,1279,-2.562,-1.816,-5.499
0.15,1280,7.148,-0.069,7.122
0.15,1281,7.506,-7.029,-1.368
0.15,1282,1.772,-0.977,-5.040
0.15,1283,0.174,-4.157,8.544
0.15,1284,-4.741,5.097,-10.652
0.15,1285,-8.487,6.395,-0.276
0.15,1286,3.282,1.920,-2.184
0.15,1287,-1.634,6.196,4.298
0.15,1288,-0.173,6.882,-2.194
0.15,1289,-2.952,7.907,1.162
0.15,1290,3.125,-1.888,2.783
0.15,1291,6.241,-3.747,-2.126
0.15,1292,-2.617,6.414,4.877
0.15,1293,3.517,2.188,-2.039
0.15,1294,-3.210,2.024,-2.180
0.15,1295,5.290,-7.364,2.213
0.15,1296,4.858,-5.384,-10.430
0.15,1297,0.315,-0.489,-9.562
0.15,1298,3.282,1.919,-2.184
0.15,1299,-6.695,-4.828,-2.050
0.15,1300,-6.872,6.724,4.171
0.15,1301,3.458,-6.884,5.357
0.15,1302,6.302,8.226,-0.552
0.15,1303,-4.776,9.613,9.186
0.15,1304,-5.113,5.093,-10.026
0.15,1305,5.766,3.076,2.720
0.15,1306,7.240,8.858,-6.769
0.15,1307,-3.722,2.004,-2.785
0.15,1308,-3.508,-8.331,-10.209
0.15,1309,3.283,1.920,-2.185
0.15,1310,4.953,-3.551,4.405
0.15,1311,6.760,-0.321,4.056
0.15,1312,5.786,-6.985,2.463
0.15,1313,3.127,-1.888,2.782
0.15,1314,-3.207,-1.904,2.779
0.15,1315,3.135,-1.895,2.779
0.15,1316,-2.921,8.610,-4.995
0.15,1317,-1.578,-10.789,-6.907
0.15,1318,-2.911,8.065,0.972
0.15,1319,-10.315,1.606,0.379
0.15,1320,4.338,5.044,4.426
0.15,1321,3.262,1.930,-2.191
0.15,1322,3.523,6.757,8.929
0.15,1323,-1.824,-2.476,8.941
0.15,1324,-6.559,-6.786,0.291
0.15,1325,-2.081,-6.513,-9.912
0.15,1326,-3.174,0.066,9.145
0.15,1327,1.879,8.229,7.840
0.15,1328,5.057,-7.052,2.800
0.15,1329,-0.081,-0.095,7.797
0.15,1330,-5.829,-5.875,4.760
0.15,1331,-10.092,2.062,-4.922
0.15,1332,-6.765,2.854,7.430
0.15,1333,6.348,1.187,-11.027
0.15,1334,6.241,-3.745,-2.125
0.15,1335,-6.666,9.975,7.960
0.15,1336,-3.872,3.840,6.013
0.15,1337,3.134,-1.892,2.781
0.15,1338,-1.968,-7.495,0.161
0.15,1339,7.900,2.972,8.183
0.15,1340,-1.828,7.201,5.154
0.15,1341,9.698,2.283,-3.334
0.15,1342,-0.289,-4.458,2.000
0.15,1343,5.256,8.898,9.485
0.15,1344,-3.276,2.054,-2.144
0.15,1345,-0.479,7.096,5.265
0.15,1346,-9.597,-8.709,8.731
0.15,1347,7.966,-8.395,8.257
0.15,1348,-4.724,2.582,6.398
0.15,1349,6.951,-1.232,-2.601
0.15,1350,-2.694,-1.930,-4.960
0.15,1351,7.003,-0.497,5.045
0.15,1352,10.244,-8.284,3.811
0.15,1353,-2.718,8.544,9.351
0.15,1354,0.444,-9.523,-0.415
0.15,1355,-8.139,-2.048,7.858
0.15,1356,7.293,-1.521,-0.768
0.15,1357,1.899,6.889,-10.073
0.15,1358,-6.483,-7.093,-0.566
0.15,1359,-4.608,-6.440,5.738
0.15,1360,3.126,-1.888,2.783
0.15,1361,-3.820,-2.581,-3.791
0.15,1362,-0.078,-0.138,7.797
0.15,1363,6.987,9.025,-6.881
0.15,1364,7.087,8.128,-5.905
0.15,1365,9.051,-8.390,2.173
0.15,1366,7.748,9.647,-8.776
0.15,1367,-0.174,6.881,-2.194
0.15,1368,-8.233,6.504,-5.551
0.15,1369,-6.282,0.395,2.381
0.15,1370,-7.184,-1.337,6.489
0.15,1371,2.590,1.640,8.336
0.15,1372,-0.045,3.769,2.854
0.15,1373,-1.679,-6.004,-10.625
0.15,1374,3.128,-1.889,2.782
0.15,1375,-8.477,7.284,-0.408
0.15,1376,1.109,5.265,-1.238
0.15,1377,-6.808,-2.399,-8.486
0.15,1378,7.887,2.746,-3.071
0.15,1379,-6.283,7.603,3.483
0.15,1380,-7.774,5.065,-5.663
0.15,1381,-3.215,2.025,-2.183
0.15,1382,6.382,2.976,0.070
0.15,1383,0.237,0.143,7.925
0.15,1384,2.805,-9.385,-0.675
0.15,1385,-1.224,-6.776,8.220
0.15,1386,-7.337,-0.239,8.083
0.15,1387,-0.101,-0.489,-9.669
0.15,1388,3.282,1.920,-2.184
0.15,1389,-5.432,3.441,5.618
0.15,1390,-3.052,8.767,0.044
0.15,1391,-0.412,-4.732,-0.368
0.15,1392,6.628,1.672,6.852
0.15,1393,-3.207,-1.904,2.779
0.15,1394,3.571,-2.596,-0.213
0.15,1395,2.179,-8.763,-7.884
0.15,1396,-0.042,-3.971,-2.100
0.15,1397,-2.599,2.437,-2.865
0.15,1398,6.242,-3.748,-2.127
0.15,1399,-5.528,1.810,4.635
0.15,1400,0.949,-7.594,-7.097
0.15,1401,-0.079,-3.981,-2.018
0.15,1402,-0.083,-0.094,7.789
0.15,1403,-3.206,2.025,-2.177
0.15,1404,5.038,-4.407,4.853
0.15,1405,6.172,-3.605,-2.115
0.15,1406,-7.053,-9.578,-7.261
0.15,1407,-0.296,-4.170,-1.858
0.15,1408,-7.062,1.253,-9.148
0.15,1409,-6.162,0.479,1.881
0.15,1410,2.665,2.507,-1.005
0.15,1411,-0.175,6.879,-2.194
0.15,1412,-8.521,7.377,-0.878
0.15,1413,5.980,2.464,-8.642
0.15,1414,3.769,1.878,-2.056
0.15,1415,-9.915,6.255,5.841
0.15,1416,-0.083,-0.094,7.788
0.15,1417,-6.109,3.552,-8.262
0.15,1418,-6.134,-3.782,-2.181
0.15,1419,4.898,3.352,8.004
0.15,1420,-6.379,-7.395,-2.263
0.15,1421,-0.079,-0.100,7.790
0.15,1422,-7.352,-0.691,7.629
0.15,1423,-5.031,-6.879,-8.377
0.15,1424,1.497,3.339,0.317
0.15,1425,-7.111,-2.257,-10.691
0.15,1426,-6.142,-3.781,-2.179
0.15,1427,3.124,-1.887,2.783
0.15,1428,5.316,2.706,7.955
0.15,1429,3.158,-1.909,2.771
0.15,1430,-5.617,-8.463,-7.855
0.15,1431,5.383,-3.359,5.908
0.15,1432,-7.094,-2.295,-11.069
0.15,1433,-6.508,-7.822,-1.006
0.15,1434,-9.185,1.987,-5.890
0.15,1435,-3.042,8.375,-2.453
0.15,1436,3.126,-1.888,2.783
0.15,1437,-2.372,-6.351,3.628
0.15,1438,-0.423,-4.109,8.437
0.15,1439,-11.033,2.861,3.762
0.15,1440,-3.372,2.184,-2.156
0.15,1441,6.350,-4.035,-2.234
0.15,1442,5.066,-10.436,7.547
0.15,1443,3.126,-1.888,2.782
0.15,1444,10.167,-3.334,7.239
0.15,1445,3.282,1.919,-2.184
0.15,1446,-5.288,8.863,-3.920
0.15,1447,-0.120,-1.619,-10.801
0.15,1448,-6.145,-3.780,-2.179
0.15,1449,-8.195,-10.313,6.211
0.15,1450,-3.356,-8.468,-8.920
0.15,1451,-9.895,5.240,7.317
0.15,1452,-8.251,7.278,-5.221
0.15,1453,4.402,-7.714,-1.856
0.15,1454,-5.756,-6.450,4.955
0.15,1455,-6.990,-8.579,0.656
0.15,1456,3.650,-5.885,8.001
0.15,1457,-3.372,9.109,-5.699
0.15,1458,-0.186,6.882,-2.186
0.15,1459,-10.095,-9.314,4.939
0.15,1460,-0.665,-7.228,8.790
0.15,1461,-6.318,8.943,2.814
0.15,1462,6.480,1.670,8.660
0.15,1463,0.441,3.491,8.982
0.15,1464,-1.550,6.482,7.647
0.15,1465,6.542,1.031,8.166
0.15,1466,6.395,0.043,-9.830
0.15,1467,-0.015,-0.014,7.741
0.15,1468,4.562,-5.613,5.876
0.15,1469,-7.321,0.565,-8.703
0.15,1470,-6.555,-0.446,4.685
0.15,1471,2.390,7.208,5.172
0.15,1472,-8.401,7.596,-2.909
0.15,1473,-7.837,6.693,1.918
0.15,1474,-8.288,7.039,3.971
0.15,1475,-6.142,1.518,7.160
0.15,1476,9.607,1.964,-7.748
0.15,1477,3.409,-2.069,2.770
0.15,1478,0.226,-1.448,7.817
0.15,1479,-3.665,2.092,-2.339
0.15,1480,-7.044,8.171,4.181
0.15,1481,6.428,6.719,-1.530
0.15,1482,-5.784,10.201,6.985
0.15,1483,-3.211,-1.902,2.777
0.15,1484,-0.042,-3.972,-2.101
0.15,1485,-6.789,-2.586,-7.411
0.15,1486,-8.420,6.628,-4.955
0.15,1487,3.556,-7.312,2.574
0.15,1488,-8.470,7.379,-2.127
0.15,1489,3.281,1.920,-2.185
0.15,1490,-3.209,-1.903,2.778
0.15,1491,-0.083,-0.094,7.789
0.15,1492,-10.531,2.666,5.098
0.15,1493,-7.316,7.072,-10.186
0.15,1494,-0.890,-4.898,1.939
0.15,1495,2.412,7.156,4.906
0.15,1496,-4.604,2.122,0.580
0.15,1497,-6.071,3.537,-3.572
0.15,1498,-6.605,-8.750,6.824
0.15,1499,-8.446,6.185,-1.525
0.15,1500,-3.209,2.024,-2.179
0.15,1501,-4.715,2.774,2.611
0.15,1502,-8.418,7.096,-0.573
0.15,1503,6.522,-4.815,9.081
0.15,1504,-4.456,7.237,3.024
0.15,1505,7.635,-7.670,-0.838
0.15,1506,6.292,-3.799,-2.180
0.15,1507,-0.745,-0.476,-8.540
0.15,1508,1.719,-7.499,-6.776
0.15,1509,-6.973,-2.597,4.837
0.15,1510,3.909,-7.355,-7.555
0.15,1511,6.700,7.408,-3.338
0.15,1512,7.097,-3.969,-2.266
0.15,1513,-10.747,3.627,5.601
0.15,1514,-4.219,6.366,7.129
0.15,1515,4.983,2.783,5.328
0.15,1516,-0.120,-4.000,-1.969
0.15,1517,4.991,4.224,2.004
0.15,1518,7.790,10.798,-9.886
0.15,1519,3.174,1.477,6.804
0.15,1520,7.327,-1.173,1.179
0.15,1521,-7.899,-2.069,7.208
0.15,1522,-5.187,2.438,3.920
0.15,1523,2.232,-7.619,6.767
0.15,1524,-6.993,0.999,6.918
0.15,1525,6.828,-0.644,7.903
0.15,1526,4.219,0.955,7.667
0.15,1527,7.097,6.291,-1.034
0.15,1528,-4.812,4.640,-10.821
0.15,1529,5.468,2.655,-2.054
0.15,1530,-10.101,1.784,-4.580
0.15,1531,10.121,2.764,-5.370
0.15,1532,-8.429,7.451,-4.038
0.15,1533,-7.982,-1.538,7.796
0.15,1534,-3.225,2.027,-2.189
0.15,1535,-0.458,0.211,-10.989
0.15,1536,9.077,-9.570,4.487
0.15,1537,3.282,1.919,-2.184
0.15,1538,-0.240,3.827,2.779
0.15,1539,-10.138,-9.838,-8.094
0.15,1540,-3.677,9.621,0.894
0.15,1541,-3.211,2.024,-2.180
0.15,1542,6.751,3.160,8.587
0.15,1543,4.891,-4.965,-11.013
0.15,1544,7.455,2.535,-7.879
0.15,1545,-3.210,2.024,-2.179
0.15,1546,-7.607,7.895,-4.554
0.15,1547,-3.210,2.024,-2.180
0.15,1548,9.737,2.609,-6.746
0.15,1549,7.138,-0.802,6.419
0.15,1550,-3.846,-9.451,4.137
0.15,1551,3.042,2.661,0.195
0.15,1552,-6.976,-0.816,-8.644
0.15,1553,0.120,-5.369,7.824
0.15,1554,-3.376,2.170,-2.099
0.15,1555,-2.177,-4.600,8.792
0.15,1556,-5.461,2.918,-6.862
0.15,1557,6.741,-1.024,4.434
0.15,1558,7.844,-9.515,5.123
0.15,1559,-0.524,-1.561,8.779
0.15,1560,-3.210,2.024,-2.180
0.15,1561,-6.278,-8.660,-2.488
0.15,1562,3.285,1.928,-2.190
0.15,1563,5.830,-3.188,9.224
0.15,1564,-6.649,9.285,3.503
0.15,1565,3.125,-1.888,2.782
0.15,1566,-3.211,-1.901,2.777
0.15,1567,-4.596,9.478,-5.762
0.15,1568,-0.176,6.876,-2.194
0.15,1569,0.478,0.119,-10.260
0.15,1570,6.145,10.605,-6.347
0.15,1571,0.007,-0.288,8.218
0.15,1572,-10.516,2.686,1.221
0.15,1573,6.632,8.202,-0.135
0.15,1574,-7.861,1.299,-7.024
0.15,1575,0.905,-0.225,9.751
0.15,1576,5.004,3.383,5.065
0.15,1577,-3.209,2.025,-2.179
0.15,1578,-6.208,8.556,-6.464
0.15,1579,-6.374,-6.633,0.821
0.15,1580,-8.953,5.336,8.024
0.15,1581,-3.443,-9.062,-8.223
0.15,1582,-0.042,-3.971,-2.100
0.15,1583,6.374,2.650,7.436
0.15,1584,-4.312,-5.066,8.408
0.15,1585,2.260,-1.321,-3.067
0.15,1586,-6.240,-3.557,-2.263
0.15,1587,6.240,-3.743,-2.123
0.15,1588,-0.113,-1.382,-10.467
0.15,1589,8.033,8.302,2.360
0.15,1590,-3.208,-1.903,2.779
0.15,1591,-5.530,-7.613,-10.668
0.15,1592,-9.254,-6.461,-5.712
0.15,1593,-3.555,9.020,-2.409
0.15,1594,-4.043,-9.693,-1.678
0.15,1595,8.905,7.109,8.699
0.15,1596,2.448,-9.298,-9.661
0.15,1597,-7.946,-9.959,-4.949
0.15,1598,2.304,-8.860,-7.907
0.15,1599,-0.132,6.944,-2.197
0.15,1600,8.172,-10.360,-4.438
0.15,1601,-5.746,-4.881,6.611
0.15,1602,-3.206,-1.904,2.780
0.15,1603,-0.522,-4.555,2.812
0.15,1604,6.880,8.639,-2.735
0.15,1605,7.038,7.482,-5.645
0.15,1606,-0.424,-5.157,5.387
0.15,1607,6.208,-3.694,-2.107
0.15,1608,6.351,-3.819,-2.190
0.15,1609,1.964,4.952,9.618
0.15,1610,-3.210,2.024,-2.180
0.15,1611,-4.475,2.066,1.845
0.15,1612,-8.058,1.394,-7.181
0.15,1613,-1.463,0.900,7.255
0.15,1614,-9.537,3.360,8.651
0.15,1615,-3.908,-9.479,-4.081
0.15,1616,8.225,-1.748,-6.969
0.15,1617,3.659,1.201,9.043
0.15,1618,2.103,5.177,0.318
0.15,1619,2.386,-8.360,-7.079
0.15,1620,6.001,-6.576,2.655
0.15,1621,0.332,6.486,1.374
0.15,1622,1.052,6.375,-1.197
0.15,1623,-0.082,-0.098,7.791
0.15,1624,3.821,-7.655,1.409
0.15,1625,-0.431,-0.247,-9.969
0.15,1626,-3.004,-6.676,6.461
0.15,1627,3.283,1.918,-2.183
0.15,1628,8.400,-2.590,8.274
0.15,1629,6.927,-1.941,-1.587
0.15,1630,-0.083,-0.095,7.788
0.15,1631,-8.079,-1.414,8.452
0.15,1632,6.225,-3.722,-2.111
0.15,1633,-4.395,2.750,6.032
0.15,1634,-0.202,6.749,-2.209
0.15,1635,-0.083,-0.094,7.789
0.15,1636,-0.122,-3.984,-1.990
0.15,1637,8.116,-8.057,1.432
0.15,1638,-0.168,6.895,-2.195
0.15,1639,-6.465,-0.286,4.382
0.15,1640,-0.042,-3.971,-2.100
0.15,1641,-0.082,-0.100,7.789
0.15,1642,-8.534,6.507,-1.826
0.15,1643,-3.661,-1.434,-2.244
0.15,1644,-4.080,10.558,3.318
0.15,1645,-0.064,-0.212,7.793
0.15,1646,9.540,2.352,-0.792
0.15,1647,-0.563,-5.413,9.506
0.15,1648,7.904,-8.682,-10.504
0.15,1649,3.316,1.939,-2.169
0.15,1650,-0.046,-3.972,-2.091
0.15,1651,5.352,2.976,-10.076
0.15,1652,-6.051,3.770,7.754
0.15,1653,-3.413,8.788,-4.961
0.15,1654,-4.248,2.435,7.428
0.15,1655,-10.285,-7.539,-7.398
0.15,1656,-3.213,2.024,-2.182
0.15,1657,1.654,7.233,3.236
0.15,1658,-1.563,-6.125,8.330
0.15,1659,3.126,-1.888,2.782
0.15,1660,-7.023,-8.725,3.793
0.15,1661,-1.635,5.901,3.256
0.15,1662,-6.156,-7.210,7.321
0.15,1663,-6.211,-3.825,-2.204
0.15,1664,1.957,9.234,-2.629
0.15,1665,-6.342,3.655,-2.872
0.15,1666,-7.859,6.946,-7.371
0.15,1667,-6.742,-0.862,5.135
0.15,1668,1.025,0.580,7.122
0.15,1669,8.069,8.554,3.531
0.15,1670,-0.091,3.825,2.829
0.15,1671,-5.126,2.592,4.719
0.15,1672,-4.908,9.969,1.998
0.15,1673,5.320,3.822,8.734
0.15,1674,-0.152,6.903,-2.195
0.15,1675,3.115,-1.881,2.785
0.15,1676,-6.060,-6.456,4.062
0.15,1677,-0.156,3.814,2.811
0.15,1678,1.862,-8.169,-5.779
0.15,1679,2.185,-8.408,-6.927
0.15,1680,7.973,8.611,8.070
0.15,1681,-7.124,0.536,0.101
0.15,1682,-3.412,9.033,-2.424
0.15,1683,-2.852,6.363,5.206
0.15,1684,-3.211,-1.902,2.777
0.15,1685,4.905,5.378,-7.539
0.15,1686,-5.243,5.233,-9.964
0.15,1687,5.606,-6.444,-6.629
0.15,1688,-0.071,3.804,2.827
0.15,1689,0.419,0.611,4.080
0.15,1690,-9.489,-9.128,-10.962
0.15,1691,3.305,2.441,-1.819
0.15,1692,-8.374,6.830,-5.285
0.15,1693,6.631,-4.558,-2.697
0.15,1694,-3.727,8.998,-9.452
0.15,1695,-6.022,5.596,0.944
0.15,1696,-1.086,7.918,9.508
0.15,1697,-0.437,6.749,3.593
0.15,1698,5.092,-10.694,-2.479
0.15,1699,3.401,1.675,-2.213
0.15,1700,0.363,3.534,2.794
0.15,1701,5.138,5.368,-8.889
0.15,1702,4.575,2.063,3.537
0.15,1703,3.498,2.176,-2.237
0.15,1704,-0.729,-2.087,8.784
0.15,1705,-8.104,-10.697,-8.204
0.15,1706,-0.272,3.928,2.812
0.15,1707,-0.059,6.610,2.504
0.15,1708,0.068,-4.739,2.016
0.15,1709,-0.042,-3.971,-2.100
0.15,1710,0.007,0.053,7.962
0.15,1711,3.282,1.919,-2.184
0.15,1712,-3.553,-9.034,-7.570
0.15,1713,7.254,-0.603,2.115
0.15,1714,-6.565,-6.889,0.071
0.15,1715,-0.043,3.767,2.856
0.15,1716,-8.346,7.345,-0.660
0.15,1717,7.462,-0.257,-8.298
0.15,1718,5.333,4.890,6.768
0.15,1719,-4.413,3.573,-0.180
0.15,1720,6.623,-0.474,4.011
0.15,1721,-3.314,2.107,-2.166
0.15,1722,7.233,1.691,2.133
0.15,1723,-7.518,-2.491,7.695
0.15,1724,5.301,3.402,5.899
0.15,1725,-6.139,-3.782,-2.180
0.15,1726,-6.102,-6.651,3.517
0.15,1727,-8.395,7.237,-0.539
0.15,1728,-6.734,-3.145,5.290
0.15,1729,-4.940,-3.042,-2.687
0.15,1730,1.123,-1.156,-6.713
0.15,1731,6.216,-3.698,-2.111
0.15,1732,1.747,7.717,8.183
0.15,1733,4.607,2.559,5.075
0.15,1734,8.508,2.921,-2.965
0.15,1735,2.396,-8.665,-7.725
0.15,1736,7.099,-0.523,0.317
0.15,1737,10.327,-4.241,-2.097
0.15,1738,-5.178,4.829,-9.879
0.15,1739,-7.079,-4.062,-2.498
0.15,1740,-1.164,-4.107,4.210
0.15,1741,3.124,-1.886,2.783
0.15,1742,-3.211,2.024,-2.180
0.15,1743,1.703,8.303,1.435
0.15,1744,9.449,3.369,9.117
0.15,1745,-0.036,3.763,2.861
0.15,1746,2.069,8.917,-1.453
0.15,1747,-0.119,-0.057,7.764
0.15,1748,1.627,7.937,6.218
0.15,1749,-0.043,3.768,2.856
0.15,1750,3.467,6.675,8.033
0.15,1751,-5.053,5.050,-10.015
0.15,1752,4.363,-5.686,5.795
0.15,1753,-0.174,6.881,-2.194
0.15,1754,3.277,1.921,-2.186
0.15,1755,1.112,-0.687,-7.505
0.15,1756,-6.569,-2.937,-7.871
0.15,1757,-3.866,2.424,-2.116
0.15,1758,-7.558,-9.310,8.005
0.15,1759,10.155,-4.044,8.143
0.15,1760,-2.755,8.380,-4.732
0.15,1761,-4.796,2.197,8.656
0.15,1762,-10.908,-8.424,-8.054
0.15,1763,-0.089,-0.087,7.783
0.15,1764,1.846,6.537,0.969
0.15,1765,-0.679,7.105,-2.587
0.15,1766,-6.142,-3.781,-2.180
0.15,1767,-6.142,-3.781,-2.179
0.15,1768,7.032,-1.337,-0.885
0.15,1769,7.444,-10.278,-2.647
0.15,1770,3.366,2.054,-1.875
0.15,1771,-3.209,2.024,-2.179
0.15,1772,3.329,2.995,8.819
0.15,1773,-7.773,7.016,-7.764
0.15,1774,-3.060,-10.330,-1.178
0.15,1775,5.162,-5.190,8.423
0.15,1776,2.208,7.280,5.557
0.15,1777,7.250,-0.913,8.074
0.15,1778,-3.159,5.155,9.119
0.15,1779,-6.595,-6.758,0.075
0.15,1780,-7.107,-3.036,-6.173
0.15,1781,-0.160,6.865,-2.196
0.15,1782,5.349,-2.265,8.595
0.15,1783,-7.288,7.143,-8.119
0.15,1784,-1.425,-5.969,2.051
0.15,1785,-3.209,2.024,-2.179
0.15,1786,-3.409,9.096,-2.208
0.15,1787,9.071,-8.610,-3.707
0.15,1788,-4.738,9.562,1.564
0.15,1789,-0.099,-4.012,-2.039
0.15,1790,3.192,-9.471,-1.733
0.15,1791,-6.961,-2.730,5.428
0.15,1792,-8.869,-4.730,6.630
0.15,1793,2.736,2.515,1.681
0.15,1794,-3.164,-9.878,-4.482
0.15,1795,3.282,1.920,-2.184
0.15,1796,-3.200,-10.018,3.656
0.15,1797,-3.211,-1.902,2.777
0.15,1798,-0.084,-0.106,7.785
0.15,1799,-7.387,7.676,-6.523
0.15,1800,-3.897,-9.416,-4.664
0.15,1801,6.238,2.838,-9.931
0.15,1802,-8.734,-6.602,7.942
0.15,1803,-6.681,-7.095,0.097
0.15,1804,-6.058,-3.852,-2.201
0.15,1805,-8.774,-2.767,7.786
0.15,1806,-4.383,2.449,2.406
0.15,1807,3.762,9.511,8.393
0.15,1808,-0.086,-0.095,7.772
0.15,1809,3.288,1.902,-2.180
0.15,1810,-0.042,-3.978,-2.121
0.15,1811,2.057,-7.291,9.612
0.15,1812,3.283,1.920,-2.184
0.15,1813,-0.353,-4.455,1.568
0.15,1814,-1.971,-3.517,8.795
0.15,1815,0.059,-1.618,-7.864
0.15,1816,2.218,1.890,8.492
0.15,1817,-5.192,-6.188,8.631
0.15,1818,7.233,7.116,1.229
0.15,1819,-5.164,4.074,-10.384
0.15,1820,-0.026,0.362,8.027
0.15,1821,7.539,-0.213,6.993
0.15,1822,2.479,-8.133,-5.233
0.15,1823,-3.875,7.158,8.266
0.15,1824,-0.773,-4.960,4.804
0.15,1825,-7.957,-10.112,7.389
0.15,1826,-6.606,-6.940,-0.064
0.15,1827,-0.043,3.768,2.855
0.15,1828,-3.234,9.045,9.222
0.15,1829,-0.038,3.763,2.861
0.15,1830,6.236,-3.739,-2.119
0.15,1831,2.868,-7.072,1.772
0.15,1832,6.117,-3.594,-2.092
0.15,1833,0.710,0.953,2.905
0.15,1834,-3.751,1.900,8.299
0.15,1835,-1.076,-3.868,0.938
0.15,1836,-0.412,-0.197,-9.584
0.15,1837,7.877,9.057,4.076
0.15,1838,4.581,-5.951,4.589
0.15,1839,-0.510,-0.594,-9.653
0.15,1840,-7.323,-9.332,-6.362
0.15,1841,6.506,-2.750,5.741
0.15,1842,9.360,-9.524,5.805
0.15,1843,-3.210,2.025,-2.180
0.15,1844,-1.414,-7.114,6.090
0.15,1845,-2.352,-8.865,8.930
0.15,1846,2.727,-9.221,-2.044
0.15,1847,7.549,-1.560,-0.615
0.15,1848,-3.210,-1.902,2.777
0.15,1849,-4.178,3.427,3.901
0.15,1850,10.189,6.884,-10.713
0.15,1851,-7.170,-0.321,-10.997
0.15,1852,-0.043,-3.972,-2.101
0.15,1853,-4.796,4.779,-10.842
0.15,1854,4.628,2.883,-4.346
0.15,1855,-0.145,-0.056,7.829
0.15,1856,-3.187,2.034,-2.171
0.15,1857,7.557,-5.203,-1.226
0.15,1858,8.588,8.738,9.082
0.15,1859,-10.435,1.837,-0.336
0.15,1860,-6.986,-0.518,-9.203
0.15,1861,6.251,-3.766,-2.139
0.15,1862,6.145,-3.624,-2.099
0.15,1863,3.282,1.920,-2.185
0.15,1864,-0.083,-0.094,7.788
0.15,1865,-0.470,4.714,2.325
0.15,1866,-5.938,-6.601,4.214
0.15,1867,-5.588,6.015,-10.838
0.15,1868,-4.003,10.349,3.225
0.15,1869,-3.023,8.976,-0.573
0.15,1870,-3.190,9.041,-1.523
0.15,1871,-3.210,-1.902,2.777
0.15,1872,1.840,6.765,-10.137
0.15,1873,-3.367,8.533,-3.129
0.15,1874,0.195,-2.014,9.100
0.15,1875,3.129,-1.889,2.782
0.15,1876,9.619,2.660,-6.829
0.15,1877,3.442,1.631,-1.926
0.15,1878,8.955,2.663,-7.515
0.15,1879,8.383,-9.288,-5.108
0.15,1880,4.451,-2.642,7.845
0.15,1881,3.126,-1.888,2.783
0.15,1882,-3.182,1.956,-2.190
0.15,1883,-8.684,1.625,-6.394
0.15,1884,-3.210,2.024,-2.180
0.15,1885,-7.163,-0.998,3.092
0.15,1886,-0.175,6.879,-2.194
0.15,1887,-9.204,-9.613,9.628
0.15,1888,-0.131,-6.443,9.176
0.15,1889,8.063,2.839,-3.156
0.15,1890,6.237,-3.740,-2.120
0.15,1891,0.629,-8.083,-9.865
0.15,1892,-8.087,7.328,0.528
0.15,1893,-5.441,9.280,-4.665
0.15,1894,-7.598,-8.468,4.293
0.15,1895,5.558,-7.577,1.559
0.15,1896,-0.040,3.765,2.860
0.15,1897,6.921,7.892,-3.758
0.15,1898,-3.202,2.026,-2.175
0.15,1899,-6.621,-6.541,-0.974
0.15,1900,2.847,-8.995,-0.641
0.15,1901,-0.489,-4.544,2.649
0.15,1902,5.984,3.728,5.379
0.15,1903,5.061,-4.722,-10.943
0.15,1904,10.184,-8.290,-10.418
0.15,1905,-6.708,-9.138,-4.041
0.15,1906,-0.042,3.767,2.857
0.15,1907,-0.083,-0.094,7.788
0.15,1908,-6.137,-3.780,-2.180
0.15,1909,-3.268,7.158,6.035
0.15,1910,-6.640,8.869,-1.508
0.15,1911,7.375,8.943,-3.392
0.15,1912,-7.450,0.067,8.665
0.15,1913,10.334,2.178,-2.440
0.15,1914,7.618,9.241,1.569
0.15,1915,-0.063,3.795,2.822
0.15,1916,-3.653,-1.935,-1.990
0.15,1917,-4.804,1.625,8.999
0.15,1918,-1.820,5.134,2.744
0.15,1919,-8.885,4.419,-10.664
0.15,1920,-0.082,-0.096,7.790
0.15,1921,-0.083,-0.094,7.788
0.15,1922,-1.357,6.583,4.365
0.15,1923,-6.562,-7.068,-0.031
0.15,1924,6.225,2.607,2.432
0.15,1925,2.175,9.321,-2.139
0.15,1926,-0.174,6.881,-2.194
0.15,1927,-0.397,-4.703,0.055
0.15,1928,1.168,-7.692,-7.305
0.15,1929,5.355,3.897,3.356
0.15,1930,5.066,-4.545,-11.121
0.15,1931,-10.895,-8.689,-8.856
0.15,1932,-6.142,-3.781,-2.180
0.15,1933,-0.058,-0.089,7.824
0.15,1934,7.152,8.449,-5.174
0.15,1935,-8.696,2.284,-8.818
0.15,1936,5.991,6.877,-6.964
0.15,1937,-4.519,2.654,2.362
0.15,1938,-2.851,8.127,6.238
0.15,1939,-10.129,2.064,-4.820
0.15,1940,7.254,2.195,1.334
0.15,1941,-3.898,1.899,-1.663
0.15,1942,8.248,-7.762,-3.209
0.15,1943,-1.955,-7.419,1.629
0.15,1944,6.909,-7.247,1.360
0.15,1945,9.893,-8.417,-10.074
0.15,1946,-0.355,-0.030,7.900
0.15,1947,2.368,2.575,-1.941
0.15,1948,-2.615,3.069,-1.531
0.15,1949,-3.211,-1.902,2.777
0.15,1950,0.689,-7.986,-10.664
0.15,1951,-8.892,-5.442,-4.825
0.15,1952,7.323,8.835,0.611
0.15,1953,8.233,-8.402,1.067
0.15,1954,6.240,-3.744,-2.124
0.15,1955,6.844,-1.608,8.029
0.15,1956,0.380,-5.555,3.848
0.15,1957,-3.505,8.966,-2.312
0.15,1958,-6.505,-4.144,-2.177
0.15,1959,-7.821,6.737,-6.735
0.15,1960,-6.671,-6.316,-0.819
0.15,1961,6.226,-3.722,-2.112
0.15,1962,3.288,1.923,-2.185
0.15,1963,-6.098,-3.654,-8.441
0.15,1964,6.683,-1.753,8.729
0.15,1965,-1.265,-6.472,-7.385
0.15,1966,-6.573,-6.899,0.078
0.15,1967,8.295,-9.093,2.188
0.15,1968,6.810,8.329,-3.286
0.15,1969,-8.654,-3.873,-3.800
0.15,1970,-0.459,-0.287,-10.724
0.15,1971,6.606,8.506,-2.218
0.15,1972,-0.320,-4.272,-1.860
0.15,1973,-3.211,-1.901,2.777
0.15,1974,-7.200,-9.370,8.316
0.15,1975,-6.813,-0.885,5.537
0.15,1976,-0.509,5.053,2.459
0.15,1977,2.634,-9.405,0.679
0.15,1978,-8.058,-2.885,-2.445
0.15,1979,-6.411,-3.898,-2.266
0.15,1980,-7.858,9.483,7.188
0.15,1981,3.080,-1.888,2.769
0.15,1982,-0.387,-4.823,6.512
0.15,1983,-4.247,2.792,1.538
0.15,1984,-0.464,5.574,-2.435
0.15,1985,3.125,-1.887,2.783
0.15,1986,-7.076,-4.157,-2.312
0.15,1987,9.032,-8.301,-2.152
0.15,1988,6.515,7.070,-2.192
0.15,1989,-0.043,-3.972,-2.100
0.15,1990,-8.438,7.228,7.212
0.15,1991,-5.808,-3.625,-2.348
0.15,1992,1.414,-1.062,-6.423
0.15,1993,2.083,8.539,-1.118
0.15,1994,6.274,-3.810,-2.173
0.15,1995,3.282,1.920,-2.184
0.15,1996,-9.977,2.667,-9.033
0.15,1997,-3.248,8.470,-4.010
0.15,1998,-4.792,2.859,2.226
0.15,1999,5.517,-3.579,4.717
0.15,2000,-2.485,4.999,-0.344
0.15,2001,-3.212,-1.901,2.776
0.15,2002,-1.569,7.156,5.678
0.15,2003,-3.865,-9.430,-4.442
0.15,2004,3.286,1.923,-2.186
0.15,2005,-3.209,-1.903,2.778
0.15,2006,6.491,-2.406,9.184
0.15,2007,-0.083,-0.094,7.788
0.15,2008,5.268,-6.606,3.249
0.15,2009,2.321,-9.101,-4.082
0.15,2010,3.282,1.919,-2.184
0.15,2011,-7.332,8.005,-4.785
0.15,2012,4.416,2.370,7.171
0.15,2013,-0.027,-4.030,-1.896
0.15,2014,-9.950,3.538,8.481
0.15,2015,-6.178,-3.773,-2.183
0.15,2016,7.342,-1.672,8.186
0.15,2017,-0.081,-0.094,7.791
0.15,2018,-0.045,3.769,2.854
0.15,2019,9.127,1.680,8.438
0.15,2020,-6.025,1.234,5.985
0.15,2021,10.278,2.174,-1.099
0.15,2022,-3.210,2.024,-2.179
0.15,2023,7.089,0.374,5.720
0.15,2024,-5.005,2.605,-5.064
0.15,2025,-6.409,0.065,4.394
0.15,2026,2.491,-9.059,-3.166
0.15,2027,7.404,-10.306,-8.691
0.15,2028,6.248,-1.691,-10.110
0.15,2029,3.283,1.918,-2.183
0.15,2030,-4.431,-4.256,8.954
0.15,2031,-3.210,2.023,-2.180
0.15,2032,-3.540,1.967,-2.213
0.15,2033,-5.287,-7.598,-8.542
0.15,2034,9.118,8.448,4.722
0.15,2035,-5.223,3.086,-7.240
0.15,2036,5.318,-1.508,1.508
0.15,2037,-6.140,-3.781,-2.180
0.15,2038,-0.084,-0.093,7.787
0.15,2039,7.382,-0.238,6.182
0.15,2040,-4.761,2.406,6.748
0.15,2041,10.715,-8.565,-8.824
0.15,2042,6.822,8.284,-3.419
0.15,2043,-5.651,-6.225,1.249
0.15,2044,2.995,-8.577,-1.032
0.15,2045,3.126,-1.888,2.783
0.15,2046,3.028,2.288,-1.720
0.15,2047,-6.095,-3.813,-2.192
0.15,2048,-1.000,4.625,2.930
0.15,2049,2.844,-8.195,-2.853
0.15,2050,-0.138,6.099,8.947
0.15,2051,-6.240,-4.267,5.743
0.15,2052,7.388,8.714,1.036
0.15,2053,-9.089,-4.858,8.686
0.15,2054,6.927,7.283,-10.166
0.15,2055,6.630,7.731,-2.235
0.15,2056,-0.766,-9.870,8.034
0.15,2057,8.480,-8.964,6.741
0.15,2058,-8.522,7.735,5.367
0.15,2059,6.827,-0.800,3.125
0.15,2060,6.760,-2.030,-4.695
0.15,2061,-3.245,2.027,-2.199
0.15,2062,-3.424,2.148,-2.025
0.15,2063,-3.214,-1.898,2.775
0.15,2064,8.667,-9.063,2.627
0.15,2065,-0.037,3.763,2.861
0.15,2066,-4.950,4.363,-10.689
0.15,2067,-0.048,-3.971,-2.089
0.15,2068,-5.289,-5.761,6.327
0.15,2069,5.880,2.201,-10.745
0.15,2070,9.373,-8.465,7.477
0.15,2071,1.930,-0.874,-5.571
0.15,2072,1.498,0.485,8.178
0.15,2073,-8.066,-10.441,-7.707
0.15,2074,8.927,-6.433,9.287
0.15,2075,-8.267,-5.382,1.443
0.15,2076,6.343,1.208,-10.997
0.15,2077,-3.206,-1.905,2.779
0.15,2078,-0.042,3.765,2.860
0.15,2079,8.828,7.664,-10.441
0.15,2080,-7.498,-7.524,6.124
0.15,2081,-2.694,8.271,-3.693
0.15,2082,-6.317,-7.927,-1.817
0.15,2083,-0.696,4.885,2.637
0.15,2084,-4.865,2.645,7.932
0.15,2085,3.127,-1.889,2.782
0.15,2086,-6.497,-2.968,-8.049
0.15,2087,1.494,7.184,2.198
0.15,2088,6.099,1.213,-10.970
0.15,2089,10.304,1.970,-1.455
0.15,2090,-6.764,-4.341,-2.046
0.15,2091,-8.306,6.485,-5.219
0.15,2092,0.249,-0.560,-10.049
0.15,2093,-3.463,-9.154,-7.923
0.15,2094,1.628,8.912,-4.098
0.15,2095,-7.789,-1.188,7.898
0.15,2096,-8.487,6.598,-1.987
0.15,2097,3.188,-1.888,2.787
0.15,2098,-0.042,-3.971,-2.100
0.15,2099,-0.486,-4.358,-1.561
0.15,2100,-7.610,-6.528,8.215
0.15,2101,5.108,3.333,5.423
0.15,2102,-6.146,-3.779,-2.179
0.15,2103,-7.791,-0.173,-6.838
0.15,2104,-7.324,-0.953,9.751
0.15,2105,-0.413,-0.260,-10.624
0.15,2106,-1.817,6.571,7.984
0.15,2107,8.044,-0.273,8.194
0.15,2108,3.361,1.755,-2.204
0.15,2109,9.379,7.269,8.768
0.15,2110,3.015,-10.166,1.910
0.15,2111,6.139,1.261,-10.622
0.15,2112,1.575,6.856,1.573
0.15,2113,-8.406,7.067,-4.993
0.15,2114,-8.457,7.058,-5.244
0.15,2115,6.748,-1.259,9.405
0.15,2116,-7.169,-3.498,-4.605
0.15,2117,-0.096,-3.972,-2.026
0.15,2118,-0.078,-0.100,7.792
0.15,2119,-3.200,-1.910,2.781
0.15,2120,7.128,-0.714,2.313
0.15,2121,-7.390,-9.291,2.152
0.15,2122,-0.043,-3.971,-2.099
0.15,2123,8.400,1.848,1.404
0.15,2124,-6.443,0.152,2.915
0.15,2125,3.556,6.183,7.304
0.15,2126,6.344,-3.925,-2.266
0.15,2127,-2.255,7.883,-3.755
0.15,2128,-0.083,-0.093,7.788
0.15,2129,1.050,7.950,8.206
0.15,2130,-8.134,7.133,-9.448
0.15,2131,4.987,-4.905,-10.928
0.15,2132,10.379,-2.471,4.681
0.15,2133,4.136,-7.518,1.581
0.15,2134,10.326,2.437,-3.904
0.15,2135,3.278,1.921,-2.185
0.15,2136,-4.745,2.692,5.119
0.15,2137,6.244,-3.749,-2.128
0.15,2138,-8.389,-8.749,8.299
0.15,2139,-0.235,6.711,-2.207
0.15,2140,2.505,-8.662,1.463
0.15,2141,-5.239,2.183,8.580
0.15,2142,-1.930,-7.164,6.281
0.15,2143,-6.319,-3.780,-2.248
0.15,2144,6.245,-3.750,-2.129
0.15,2145,2.359,7.303,4.604
0.15,2146,1.427,0.095,8.550
0.15,2147,6.411,-3.934,-2.277
0.15,2148,3.275,1.923,-2.187
0.15,2149,5.247,3.012,8.051
0.15,2150,-0.087,-3.992,-2.057
0.15,2151,-5.533,-4.711,7.474
0.15,2152,10.017,2.673,-5.447
0.15,2153,-6.676,0.702,0.286
0.15,2154,-0.102,-4.011,-2.039
0.15,2155,8.848,-8.677,2.356
0.15,2156,4.942,4.063,1.966
0.15,2157,-0.361,4.263,2.534
0.15,2158,-3.208,2.025,-2.178
0.15,2159,1.420,3.290,-1.495
0.15,2160,-2.933,8.339,-3.884
0.15,2161,-7.972,7.866,-1.342
0.15,2162,-9.525,-3.771,9.012
0.15,2163,-0.175,-4.089,-1.968
0.15,2164,-3.145,-1.933,2.811
0.15,2165,4.011,-6.571,4.482
0.15,2166,-0.519,-5.109,5.071
0.15,2167,-7.526,-1.230,8.133
0.15,2168,-3.213,2.025,-2.182
0.15,2169,-10.309,1.668,0.593
0.15,2170,-0.293,4.411,2.475
0.15,2171,9.928,7.011,7.817
0.15,2172,-3.935,9.067,-1.542
0.15,2173,3.124,-1.888,2.783
0.15,2174,-0.091,-3.993,-1.988
0.15,2175,-7.985,8.076,6.478
0.15,2176,3.123,-1.888,2.782
0.15,2177,-4.597,2.324,0.517
0.15,2178,3.417,-1.938,2.787
0.15,2179,3.281,1.920,-2.184
0.15,2180,-5.587,-6.025,6.081
0.15,2181,-7.091,-0.808,6.414
0.15,2182,-6.240,-6.617,-5.020
0.15,2183,7.979,1.784,-8.977
0.15,2184,-9.181,5.145,7.201
0.15,2185,7.135,2.665,7.419
0.15,2186,1.240,7.124,-11.117
0.15,2187,-3.211,-1.901,2.776
0.15,2188,6.514,8.364,-2.031
0.15,2189,-3.344,6.819,5.516
0.15,2190,6.243,-3.747,-2.126
0.15,2191,-6.686,-2.793,-7.596
0.15,2192,8.686,-9.120,6.557
0.15,2193,-4.677,-4.748,7.859
0.15,2194,-0.083,-0.095,7.788
0.15,2195,0.320,-0.512,-9.810
0.15,2196,-0.461,-5.324,9.087
0.15,2197,6.450,2.335,-10.379
0.15,2198,-0.043,-3.971,-2.100
0.15,2199,7.662,-10.623,-11.047
0.15,2200,-0.189,6.857,-2.195
0.15,2201,-2.757,8.405,-5.041
0.15,2202,-7.042,7.501,4.923
0.15,2203,-2.531,-1.655,-4.298
0.15,2204,3.647,4.566,9.634
0.15,2205,5.037,3.896,2.346
0.15,2206,-3.210,-1.902,2.777
0.15,2207,-3.220,-5.434,8.009
0.15,2208,3.282,1.920,-2.184
0.15,2209,4.186,-4.018,9.595
0.15,2210,1.449,-5.702,-0.223
0.15,2211,-6.121,-3.773,-2.183
0.15,2212,-8.122,6.896,-6.215
0.15,2213,-4.786,4.932,-10.932
0.15,2214,8.785,-9.529,6.243
0.15,2215,-8.287,-3.067,-3.333
0.15,2216,-2.452,-10.458,-4.923
0.15,2217,3.278,6.814,8.245
0.15,2218,8.391,6.058,-5.132
0.15,2219,-0.042,-3.971,-2.100
0.15,2220,2.854,-3.365,8.056
0.15,2221,-3.234,2.022,-2.175
0.15,2222,-5.271,4.065,-10.288
0.15,2223,6.056,-2.905,-2.085
0.15,2224,-1.621,2.756,-5.937
0.15,2225,3.991,5.393,5.038
0.15,2226,-6.976,-3.096,5.898
0.15,2227,-1.912,-7.095,1.565
0.15,2228,-6.142,-3.780,-2.179
0.15,2229,-6.949,-1.758,-7.658
0.15,2230,-7.798,-1.667,8.160
0.15,2231,-0.085,-0.112,7.778
0.15,2232,8.877,-6.629,8.962
0.15,2233,0.586,-5.224,8.234
0.15,2234,-8.375,7.554,-3.154
0.15,2235,-0.042,-3.971,-2.100
0.15,2236,-0.042,-3.971,-2.100
0.15,2237,-3.364,-9.130,-6.823
0.15,2238,6.484,2.562,-9.172
0.15,2239,1.530,0.788,4.346
0.15,2240,-6.919,7.941,5.555
0.15,2241,-2.598,8.211,-3.056
0.15,2242,-10.231,1.678,-3.807
0.15,2243,-10.388,1.537,-0.525
0.15,2244,-7.351,2.849,7.879
0.15,2245,6.289,-1.038,-0.562
0.15,2246,5.726,2.476,-10.491
0.15,2247,6.543,-3.933,-2.240
0.15,2248,-5.751,0.669,1.278
0.15,2249,8.007,2.044,-8.403
0.15,2250,-1.272,-6.757,-9.363
0.15,2251,2.133,-9.021,-2.720
0.15,2252,-5.152,4.135,9.200
0.15,2253,0.062,-0.893,-10.533
0.15,2254,-6.272,2.185,-7.096
0.15,2255,6.233,-3.739,-2.118
0.15,2256,-6.986,-2.143,-9.589
0.15,2257,2.496,-8.883,-7.733
0.15,2258,-2.208,-6.218,-10.814
0.15,2259,-3.421,-9.757,-3.569
0.15,2260,-1.624,-6.311,-10.113
0.15,2261,-0.041,3.766,2.858
0.15,2262,6.007,6.363,-7.697
0.15,2263,3.091,6.140,6.008
0.15,2264,5.901,4.410,-4.596
0.15,2265,-0.871,-4.030,-0.981
0.15,2266,1.091,7.675,2.188
0.15,2267,-6.481,-0.152,3.737
0.15,2268,-0.034,3.764,2.860
0.15,2269,6.453,8.495,-1.575
0.15,2270,4.322,1.183,-1.786
0.15,2271,1.821,-8.872,4.705
0.15,2272,2.236,9.478,-2.881
0.15,2273,6.242,-3.747,-2.126
0.15,2274,5.101,5.227,-10.245
0.15,2275,-4.717,-5.548,8.164
0.15,2276,3.018,-7.841,5.845
0.15,2277,10.177,6.171,-10.327
0.15,2278,-6.076,0.486,1.158
0.15,2279,-6.232,-1.976,9.053
0.15,2280,10.151,-3.813,-1.399
0.15,2281,-6.027,-4.594,6.173
0.15,2282,-0.050,3.770,2.856
0.15,2283,3.283,1.921,-2.185
0.15,2284,6.239,-3.744,-2.123
0.15,2285,-6.201,5.408,9.318
0.15,2286,-0.043,-3.971,-2.099
0.15,2287,6.248,-3.750,-2.131
0.15,2288,-5.213,3.063,-2.974
0.15,2289,10.234,6.150,-9.180
0.15,2290,-1.732,-0.045,9.366
0.15,2291,1.005,-7.886,7.618
0.15,2292,6.284,1.277,8.035
0.15,2293,7.900,8.911,-8.117
0.15,2294,4.754,-5.629,6.356
0.15,2295,-1.312,7.034,7.508
0.15,2296,-3.199,-1.911,2.781
0.15,2297,-6.685,-7.872,3.941
0.15,2298,-0.415,-0.160,-10.880
0.15,2299,-7.084,0.130,-9.377
0.15,2300,3.126,-1.888,2.783
0.15,2301,-1.512,-5.599,-11.127
0.15,2302,-4.891,4.472,7.710
0.15,2303,-0.406,0.047,7.756
0.15,2304,4.212,2.853,-1.877
0.15,2305,-2.553,-5.343,8.628
0.15,2306,0.466,-0.286,-10.129
0.15,2307,-0.083,-0.094,7.793
0.15,2308,-3.224,-6.677,5.122
0.15,2309,-3.484,2.225,-2.041
0.15,2310,-7.015,-4.196,-2.560
0.15,2311,-0.483,-4.156,2.047
0.15,2312,-2.791,7.084,6.650
0.15,2313,-0.052,-3.972,-2.079
0.15,2314,3.053,2.084,-2.156
0.15,2315,-1.057,-0.485,9.121
0.15,2316,-4.753,4.801,-11.100
0.15,2317,-9.096,8.291,-10.188
0.15,2318,-1.540,-9.878,8.508
0.15,2319,7.861,8.797,3.560
0.15,2320,1.062,-8.636,8.171
0.15,2321,6.710,-5.414,-2.230
0.15,2322,-6.014,-6.385,4.103
0.15,2323,-6.329,-8.090,-1.726
0.15,2324,-4.195,10.376,3.935
0.15,2325,0.219,-8.455,8.439
0.15,2326,1.964,9.008,-1.986
0.15,2327,-3.211,-1.902,2.777
0.15,2328,-0.184,6.844,-2.195
0.15,2329,-6.686,4.642,-0.693
0.15,2330,5.535,3.677,6.507
0.15,2331,-3.211,-1.901,2.777
0.15,2332,-3.100,-6.605,1.691
0.15,2333,-1.001,3.384,8.797
0.15,2334,-9.733,8.987,0.007
0.15,2335,-6.142,-3.780,-2.179
0.15,2336,7.892,6.267,-6.082
0.15,2337,-7.144,-3.025,5.959
0.15,2338,10.028,-8.579,4.196
0.15,2339,0.067,-7.430,6.518
0.15,2340,-6.256,5.125,8.364
0.15,2341,-0.116,-4.001,-1.976
0.15,2342,5.824,1.891,7.820
0.15,2343,-3.399,-8.077,-9.777
0.15,2344,-8.433,7.353,-2.959
0.15,2345,7.418,-3.424,9.144
0.15,2346,-3.209,2.024,-2.179
0.15,2347,-9.832,2.088,-5.523
0.15,2348,-5.237,-6.241,-7.379
0.15,2349,-3.210,2.024,-2.180
0.15,2350,5.621,3.038,2.728
0.15,2351,-0.083,-0.094,7.788
0.15,2352,1.850,6.910,-10.079
0.15,2353,-0.083,7.366,6.541
0.15,2354,-5.923,-6.418,4.822
0.15,2355,-7.307,-9.266,-4.786
0.15,2356,0.323,0.382,-10.863
0.15,2357,2.160,9.578,-3.384
0.15,2358,-0.043,3.767,2.857
0.15,2359,6.229,-3.730,-2.114
0.15,2360,8.521,-3.862,9.405
0.15,2361,-0.918,-4.561,-1.522
0.15,2362,-6.833,-2.343,-7.958
0.15,2363,-0.041,3.766,2.859
0.15,2364,-0.175,6.879,-2.194
0.15,2365,5.574,5.815,-7.491
0.15,2366,6.240,-3.744,-2.124
0.15,2367,-0.041,3.766,2.858
0.15,2368,8.418,-7.719,1.266
0.15,2369,3.126,-1.888,2.783
0.15,2370,-10.514,3.691,6.064
0.15,2371,-0.224,-4.156,-1.918
0.15,2372,-4.291,-2.894,-3.773
0.15,2373,-2.922,4.594,4.255
0.15,2374,5.271,-2.378,-1.276
0.15,2375,-7.113,-0.974,3.159
0.15,2376,7.521,-0.865,7.844
0.15,2377,-2.744,7.569,7.461
0.15,2378,-10.444,1.830,0.282
0.15,2379,3.282,1.920,-2.184
0.15,2380,-6.145,-3.780,-2.179
0.15,2381,-6.288,-6.046,1.624
0.15,2382,-0.747,4.071,-3.880
0.15,2383,-10.558,2.382,0.573
0.15,2384,9.980,4.014,-10.386
0.15,2385,-7.097,-4.266,-2.160
0.15,2386,-2.464,-8.720,-0.165
0.15,2387,6.362,8.368,-2.333
0.15,2388,-10.305,-8.748,-10.955
0.15,2389,-0.811,4.782,-2.800
0.15,2390,-4.160,10.230,1.864
0.15,2391,-8.404,6.822,-5.117
0.15,2392,-0.104,3.806,2.811
0.15,2393,5.798,4.419,-8.300
0.15,2394,-0.008,3.742,2.872
0.15,2395,5.285,6.097,9.212
0.15,2396,6.008,-6.079,-5.658
0.15,2397,0.164,-0.582,-9.451
0.15,2398,7.074,8.229,-6.702
0.15,2399,-0.127,-0.795,-10.237
0.15,2400,3.446,-1.648,9.201
0.15,2401,8.433,-9.559,5.972
0.15,2402,-4.664,-2.674,9.532
0.15,2403,-6.569,6.294,-9.380
0.15,2404,4.016,9.244,7.574
0.15,2405,3.645,10.347,-7.147
0.15,2406,7.117,8.909,-0.179
0.15,2407,7.378,-0.717,6.646
0.15,2408,3.125,-1.888,2.783
0.15,2409,-0.355,-0.641,-10.662
0.15,2410,6.705,7.326,-6.534
0.15,2411,5.381,5.534,-7.359
0.15,2412,-4.667,2.850,2.321
0.15,2413,-4.018,5.779,3.886
0.15,2414,-6.329,-7.877,-2.248
0.15,2415,-6.359,0.357,2.290
0.15,2416,-5.224,-7.173,-10.676
0.15,2417,2.807,-9.854,-10.821
0.15,2418,-0.043,-3.971,-2.100
0.15,2419,-3.209,2.024,-2.179
0.15,2420,-4.479,3.472,2.657
0.15,2421,2.227,7.361,4.752
0.15,2422,0.463,-5.994,-5.632
0.15,2423,-0.229,3.874,2.801
0.15,2424,5.019,3.466,5.264
0.15,2425,-7.002,0.525,9.526
0.15,2426,-2.250,-9.641,8.945
0.15,2427,7.364,10.729,-9.197
0.15,2428,-1.576,-7.450,-8.445
0.15,2429,7.963,2.210,-8.129
0.15,2430,-5.878,-8.519,-1.679
0.15,2431,5.462,-4.797,-9.384
0.15,2432,-3.214,2.026,-2.183
0.15,2433,10.099,2.657,-5.090
0.15,2434,6.118,6.304,-6.503
0.15,2435,-1.945,-2.367,-1.198
0.15,2436,-3.929,-4.915,9.143
0.15,2437,6.258,-3.742,-2.132
0.15,2438,-5.981,0.540,0.842
0.15,2439,6.518,8.294,-0.633
0.15,2440,6.500,8.207,-0.202
0.15,2441,8.867,-8.627,2.279
0.15,2442,-2.272,0.366,8.718
0.15,2443,6.925,2.679,8.427
0.15,2444,-1.668,5.510,4.079
0.15,2445,-1.890,5.850,5.583
0.15,2446,8.498,7.932,7.583
0.15,2447,-5.440,4.281,9.199
0.15,2448,-5.413,-5.886,5.911
0.15,2449,-5.325,-5.111,7.582
0.15,2450,7.108,8.421,-4.794
0.15,2451,-9.178,1.934,-6.185
0.15,2452,-1.715,-6.048,-10.505
0.15,2453,6.993,7.989,-4.034
0.15,2454,-2.991,7.311,6.017
0.15,2455,2.423,-9.267,-4.612
0.15,2456,-0.364,4.604,2.752
0.15,2457,1.974,7.491,3.769
0.15,2458,-8.813,8.490,6.924
0.15,2459,-7.645,0.891,-7.240
0.15,2460,-4.698,-5.836,6.868
0.15,2461,5.086,-6.805,5.161
0.15,2462,3.126,-1.888,2.782
0.15,2463,1.062,-7.362,-6.657
0.15,2464,1.300,8.550,-2.762
0.15,2465,-10.265,1.238,-0.058
0.15,2466,2.863,7.104,8.720
0.15,2467,-5.403,-7.708,9.087
0.15,2468,6.597,-5.101,9.091
0.15,2469,0.101,3.689,2.832
0.15,2470,8.306,3.471,-9.244
0.15,2471,-7.914,-4.361,-1.638
0.15,2472,-6.469,-5.724,-1.984
0.15,2473,2.516,7.194,7.010
0.15,2474,-3.203,2.026,-2.176
0.15,2475,5.524,-4.843,-8.998
0.15,2476,5.025,-2.035,-1.517
0.15,2477,3.404,-8.188,-7.257
0.15,2478,-6.948,-1.375,4.925
0.15,2479,6.240,-3.743,-2.123
0.15,2480,-3.212,-1.901,2.776
0.15,2481,0.707,7.171,2.204
0.15,2482,-6.262,-6.221,2.917
0.15,2483,1.319,8.503,-3.408
0.15,2484,-9.529,0.915,0.625
0.15,2485,2.750,-9.381,0.417
0.15,2486,3.282,1.920,-2.184
0.15,2487,0.537,-3.667,8.824
0.15,2488,0.271,-3.838,-1.966
0.15,2489,-3.219,2.025,-2.186
0.15,2490,7.434,-6.463,1.550
0.15,2491,-0.069,-3.993,-2.050
0.15,2492,2.486,8.220,7.585
0.15,2493,-4.752,4.801,-11.008
0.15,2494,-6.651,-6.898,0.243
0.15,2495,-3.210,2.025,-2.180
0.15,2496,2.627,-8.494,-8.776
0.15,2497,-4.344,3.176,-0.245
0.15,2498,-6.427,-7.098,-1.186
0.15,2499,-6.158,-3.777,-2.179
0.15,2500,-8.442,7.395,-3.554
0.15,2501,4.394,2.733,8.620
0.15,2502,5.843,6.204,-7.648
0.15,2503,3.125,-1.887,2.783
0.15,2504,-10.609,2.401,0.285
0.15,2505,-4.125,-4.707,9.406
0.15,2506,2.363,-6.093,1.925
0.15,2507,-6.389,0.268,2.642
0.15,2508,-3.335,2.138,-2.144
0.15,2509,6.248,-3.725,-2.124
0.15,2510,2.383,9.164,-0.598
0.15,2511,5.657,4.044,7.491
0.15,2512,3.131,-1.891,2.781
0.15,2513,-3.210,2.023,-2.180
0.15,2514,-8.188,7.179,-8.666
0.15,2515,8.773,-0.233,-7.360
0.15,2516,2.421,5.646,2.029
0.15,2517,7.388,9.171,-1.024
0.15,2518,-5.465,4.013,-9.761
0.15,2519,-0.174,6.883,-2.194
0.15,2520,-4.640,2.607,2.573
0.15,2521,-0.070,-3.979,-2.039
0.15,2522,3.282,1.920,-2.184
0.15,2523,-3.212,2.026,-2.181
0.15,2524,-7.996,7.139,-7.977
0.15,2525,-0.031,-3.996,-2.006
0.15,2526,-7.472,-0.901,8.072
0.15,2527,-8.212,8.016,5.673
0.15,2528,2.723,1.736,8.281
0.15,2529,8.228,6.108,9.162
0.15,2530,-3.213,2.030,-2.181
0.15,2531,-8.502,7.260,-4.839
0.15,2532,2.587,-9.359,0.885
0.15,2533,10.335,6.252,-9.767
0.15,2534,7.285,-4.210,7.502
0.15,2535,1.270,-7.918,-9.024
0.15,2536,5.348,5.661,-7.448
0.15,2537,-5.660,7.954,5.817
0.15,2538,-0.648,3.966,2.041
0.15,2539,7.063,-0.984,2.535
0.15,2540,2.792,7.140,8.002
0.15,2541,-6.477,0.104,3.081
0.15,2542,-0.265,6.435,-2.272
0.15,2543,10.371,3.917,-10.291
0.15,2544,9.189,5.752,9.673
0.15,2545,-3.642,2.296,-2.129
0.15,2546,0.687,-0.126,-11.073
0.15,2547,-10.852,2.842,5.478
0.15,2548,-0.083,-0.094,7.788
0.15,2549,-8.005,6.110,-5.678
0.15,2550,-3.600,2.315,-1.993
0.15,2551,-6.214,-3.725,-2.208
0.15,2552,5.895,1.657,-11.041
0.15,2553,-0.135,3.846,-6.666
0.15,2554,7.345,2.021,-9.119
0.15,2555,-6.141,-3.781,-2.180
0.15,2556,-5.522,1.916,3.922
0.15,2557,-2.901,8.356,-3.926
0.15,2558,7.159,-0.844,2.198
0.15,2559,-0.096,-3.997,-1.983
0.15,2560,3.278,1.932,-2.183
0.15,2561,-1.750,-5.872,-11.018
0.15,2562,-6.751,8.547,-0.346
0.15,2563,3.138,-1.895,2.779
0.15,2564,-2.484,-10.618,-0.092
0.15,2565,4.820,-6.212,-6.877
0.15,2566,-4.396,-2.931,-3.687
0.15,2567,-0.045,3.769,2.854
0.15,2568,7.373,-7.056,-0.795
0.15,2569,6.102,-3.097,-2.169
0.15,2570,-9.230,-7.852,5.330
0.15,2571,-0.081,-0.104,7.785
0.15,2572,0.025,6.087,-2.067
0.15,2573,-7.941,-7.964,9.154
0.15,2574,-3.044,8.014,1.327
0.15,2575,3.285,1.922,-2.186
0.15,2576,3.282,1.920,-2.184
0.15,2577,-3.226,2.028,-2.184
0.15,2578,9.269,5.695,3.681
0.15,2579,-2.595,6.888,4.980
0.15,2580,-4.700,2.864,1.657
0.15,2581,1.270,8.035,3.630
0.15,2582,-4.941,4.347,-10.745
0.15,2583,-6.612,0.247,8.172
0.15,2584,-1.439,5.783,8.539
0.15,2585,-9.238,7.871,9.507
0.15,2586,2.723,-8.893,0.736
0.15,2587,5.369,-1.518,8.620
0.15,2588,-3.210,2.024,-2.180
0.15,2589,3.126,-1.888,2.783
0.15,2590,-10.168,2.397,8.128
0.15,2591,2.463,-8.989,-3.590
0.15,2592,1.435,-7.936,-7.947
0.15,2593,6.287,-3.775,-2.152
0.15,2594,-7.017,0.369,-7.696
0.15,2595,2.584,-9.690,2.634
0.15,2596,6.150,-3.385,-2.209
0.15,2597,-3.210,2.024,-2.180
0.15,2598,-7.065,-1.991,-9.834
0.15,2599,1.586,7.116,-7.339
0.15,2600,-0.041,-3.971,-2.101
0.15,2601,1.393,-2.092,-2.848
0.15,2602,-0.009,-0.773,-9.074
0.15,2603,4.571,-5.795,5.198
0.15,2604,-7.982,6.969,-7.121
0.15,2605,7.536,-7.868,-1.267
0.15,2606,-8.908,8.048,7.098
0.15,2607,7.229,-5.550,-4.109
0.15,2608,-0.693,-4.417,0.508
0.15,2609,1.923,-8.253,-6.317
0.15,2610,-6.342,-7.795,-1.596
0.15,2611,-2.240,-6.631,8.491
0.15,2612,-0.042,-3.971,-2.100
0.15,2613,-6.109,-3.770,-2.186
0.15,2614,4.717,-3.494,4.133
0.15,2615,-6.142,-3.781,-2.180
0.15,2616,5.013,-5.740,-9.143
0.15,2617,5.087,5.414,-8.415
0.15,2618,-6.468,-6.822,-0.366
0.15,2619,-2.918,-9.975,-1.040
0.15,2620,-3.212,2.024,-2.181
0.15,2621,-7.050,-2.320,-7.137
0.15,2622,-0.649,-4.791,3.304
0.15,2623,-9.308,1.704,-5.605
0.15,2624,7.229,8.433,-5.752
0.15,2625,2.827,-6.106,1.913
0.15,2626,-3.213,-1.901,2.775
0.15,2627,7.945,1.247,1.934
0.15,2628,5.826,-3.317,6.735
0.15,2629,-3.342,-8.653,-8.989
0.15,2630,3.873,-1.891,2.801
0.15,2631,6.612,2.652,1.768
0.15,2632,3.282,1.919,-2.184
0.15,2633,5.723,3.167,3.540
0.15,2634,4.109,-1.881,2.749
0.15,2635,-6.909,0.339,3.969
0.15,2636,0.132,-6.630,8.448
0.15,2637,4.603,-6.301,6.334
0.15,2638,-4.899,4.036,8.998
0.15,2639,2.290,1.868,2.504
0.15,2640,-0.665,-0.328,-8.475
0.15,2641,3.423,-2.113,9.566
0.15,2642,-0.083,-0.104,7.803
0.15,2643,-2.562,4.214,4.063
0.15,2644,-6.261,-8.621,8.768
0.15,2645,3.394,1.780,-2.155
0.15,2646,3.125,-1.888,2.783
0.15,2647,-0.041,3.766,2.858
0.15,2648,3.473,7.478,8.865
0.15,2649,-6.156,-3.775,-2.178
0.15,2650,5.203,-5.926,7.874
0.15,2651,3.264,1.955,-2.172
0.15,2652,3.344,7.784,9.131
0.15,2653,-0.010,0.256,8.065
0.15,2654,-10.099,2.118,-4.960
0.15,2655,-3.210,-1.902,2.777
0.15,2656,7.172,6.932,-0.067
0.15,2657,3.282,1.919,-2.184
0.15,2658,-10.304,-8.825,-10.799
0.15,2659,-1.426,7.002,-1.897
0.15,2660,2.320,2.058,2.522
0.15,2661,-6.144,-3.779,-2.179
0.15,2662,7.514,8.218,6.362
0.15,2663,-0.076,-0.103,7.794
0.15,2664,-3.961,-9.805,4.242
0.15,2665,-0.143,7.061,-2.223
0.15,2666,4.010,-6.631,8.400
0.15,2667,-7.291,-8.365,3.899
0.15,2668,6.181,-3.608,-2.114
0.15,2669,-3.206,-1.906,2.780
0.15,2670,-2.202,-6.727,-9.509
0.15,2671,5.075,-5.557,-10.405
0.15,2672,-8.374,6.885,-5.259
0.15,2673,-8.402,7.480,-4.039
0.15,2674,-6.484,-8.651,-1.840
0.15,2675,-4.857,4.312,-10.892
0.15,2676,-6.380,-7.909,7.829
0.15,2677,4.469,-3.599,8.826
0.15,2678,-1.235,0.905,8.382
0.15,2679,-1.762,-5.964,-10.759
0.15,2680,-4.917,2.303,7.410
0.15,2681,4.061,1.866,7.555
0.15,2682,2.105,-2.172,-2.198
0.15,2683,-6.975,-1.931,-9.256
0.15,2684,0.238,0.706,-11.018
0.15,2685,-0.114,6.590,-2.130
0.15,2686,9.299,1.864,-8.335
0.15,2687,-4.857,-4.478,-2.729
0.15,2688,-3.820,2.491,-1.814
0.15,2689,-6.043,-6.300,4.013
0.15,2690,-7.096,-0.960,-10.455
0.15,2691,-1.093,4.507,3.263
0.15,2692,-0.260,-0.853,-9.674
0.15,2693,-5.463,-3.695,8.076
0.15,2694,-4.746,2.358,7.352
0.15,2695,-6.140,-3.780,-2.180
0.15,2696,9.134,-2.493,9.332
0.15,2697,0.183,1.375,9.314
0.15,2698,4.458,-1.381,3.241
0.15,2699,-5.859,3.862,8.375
0.15,2700,-3.250,-9.368,-8.268
0.15,2701,10.426,-8.234,-10.160
0.15,2702,3.282,1.920,-2.184
0.15,2703,-0.177,6.874,-2.194
0.15,2704,0.809,5.712,1.404
0.15,2705,1.760,9.076,-2.608
0.15,2706,0.818,-0.804,-7.682
0.15,2707,-4.337,7.218,7.224
0.15,2708,-0.084,-0.093,7.787
0.15,2709,-7.885,7.650,0.314
0.15,2710,-0.067,-3.988,-2.066
0.15,2711,2.298,-8.295,-7.840
0.15,2712,-7.981,7.118,-8.342
0.15,2713,5.608,-4.191,3.060
0.15,2714,-0.968,1.954,9.325
0.15,2715,4.713,3.160,0.028
0.15,2716,-1.311,1.045,7.639
0.15,2717,-2.916,-10.189,-2.674
0.15,2718,-4.760,0.943,-0.762
0.15,2719,-4.839,4.592,-10.891
0.15,2720,5.362,5.342,-7.297
0.15,2721,7.175,8.383,0.734
0.15,2722,-8.090,1.470,-7.219
0.15,2723,-8.014,-8.998,0.601
0.15,2724,0.270,-6.296,8.264
0.15,2725,-5.668,-6.015,5.195
0.15,2726,-7.784,-9.619,1.715
0.15,2727,-3.458,-5.694,7.280
0.15,2728,-0.787,-1.405,6.957
0.15,2729,6.957,1.338,5.748
0.15,2730,6.241,-3.745,-2.125
0.15,2731,-2.058,7.949,-3.158
0.15,2732,4.467,-4.339,8.614
0.15,2733,-3.147,9.270,-5.511
0.15,2734,-9.979,-4.543,-0.485
0.15,2735,-0.174,6.882,-2.194
0.15,2736,-8.432,7.634,-3.081
0.15,2737,-0.463,-0.207,-9.643
0.15,2738,7.138,9.389,-7.520
0.15,2739,7.137,-0.779,7.008
0.15,2740,-4.741,2.336,2.531
0.15,2741,-9.966,1.982,-5.146
0.15,2742,0.189,-7.545,1.540
0.15,2743,-1.022,4.568,3.148
0.15,2744,6.620,-0.932,3.264
0.15,2745,5.344,3.409,5.668
0.15,2746,-8.513,7.132,-4.966
0.15,2747,4.310,3.236,-1.112
0.15,2748,8.526,-8.137,0.547
0.15,2749,-6.379,-7.159,-1.989
0.15,2750,-0.483,-6.697,-10.045
0.15,2751,-0.043,3.768,2.856
0.15,2752,-3.207,2.025,-2.178
0.15,2753,-0.055,-3.976,-2.090
0.15,2754,7.002,-0.042,3.809
0.15,2755,1.587,6.722,-9.529
0.15,2756,-10.954,3.235,3.317
0.15,2757,-6.143,-3.780,-2.179
0.15,2758,-5.765,1.647,3.886
0.15,2759,-3.207,2.026,-2.177
0.15,2760,-6.744,-2.565,-8.409
0.15,2761,-0.503,-0.788,-10.180
0.15,2762,6.214,2.335,-10.205
0.15,2763,-4.545,2.530,2.408
0.15,2764,6.342,8.463,-1.782
0.15,2765,7.119,8.423,0.742
0.15,2766,-4.337,-8.912,-0.722
0.15,2767,-0.099,-3.984,-2.010
0.15,2768,6.289,-3.405,-2.202
0.15,2769,-8.500,7.315,-0.902
0.15,2770,-6.154,-3.780,-2.179
0.15,2771,-0.175,6.880,-2.194
0.15,2772,-0.060,3.778,2.846
0.15,2773,-5.405,7.398,-11.123
0.15,2774,-4.137,-2.442,-2.694
0.15,2775,-3.055,1.219,-0.274
0.15,2776,-7.145,-0.948,-10.748
0.15,2777,1.820,7.398,4.876
0.15,2778,-7.675,-9.582,7.356
0.15,2779,6.449,8.445,-1.370
0.15,2780,-2.913,6.682,-10.264
0.15,2781,-0.048,3.774,2.848
0.15,2782,-8.210,-10.533,-6.369
0.15,2783,-0.044,3.768,2.855
0.15,2784,-4.823,2.669,5.173
0.15,2785,0.567,-0.350,-10.723
0.15,2786,4.824,-5.551,-10.210
0.15,2787,-4.859,10.458,-9.595
0.15,2788,-2.811,8.171,0.240
0.15,2789,-0.469,-4.593,6.586
0.15,2790,3.124,2.007,-2.226
0.15,2791,3.304,1.932,-2.187
0.15,2792,1.851,8.745,1.576
0.15,2793,-8.114,-6.046,7.641
0.15,2794,3.015,5.924,8.886
0.15,2795,-8.547,7.507,-9.131
0.15,2796,-3.333,-1.568,2.652
0.15,2797,5.819,6.165,-7.671
0.15,2798,-0.006,0.075,7.902
0.15,2799,5.248,5.759,7.738
0.15,2800,3.283,1.935,-2.079
0.15,2801,-8.341,-9.892,-9.752
0.15,2802,5.656,2.336,-10.750
0.15,2803,-6.142,-3.781,-2.180
0.15,2804,-7.159,-1.002,-10.827
0.15,2805,10.167,-8.057,-5.658
0.15,2806,-6.773,-7.200,0.599
0.15,2807,-3.210,-1.902,2.777
0.15,2808,-1.654,-7.189,3.729
0.15,2809,2.233,-9.602,-10.221
0.15,2810,-6.799,-0.262,2.958
0.15,2811,1.194,-7.629,6.413
0.15,2812,-6.495,-6.120,-2.069
0.15,2813,-0.172,6.893,-2.195
0.15,2814,-2.875,8.742,-10.358
0.15,2815,-0.071,-0.148,7.793
0.15,2816,6.865,-2.061,-1.666
0.15,2817,-1.674,-7.005,2.795
0.15,2818,-6.162,-3.779,-2.180
0.15,2819,-7.373,0.551,-7.709
0.15,2820,-6.459,-3.668,-2.284
0.15,2821,-0.440,-4.758,7.201
0.15,2822,6.239,-3.743,-2.122
0.15,2823,1.356,6.811,-8.492
0.15,2824,-0.722,-0.734,-9.016
0.15,2825,6.657,8.418,0.091
0.15,2826,9.210,7.774,7.128
0.15,2827,-0.042,-3.971,-2.100
0.15,2828,6.516,-4.499,-2.378
0.15,2829,3.121,-1.884,2.784
0.15,2830,-6.720,-9.502,-3.350
0.15,2831,-0.033,-3.966,-2.105
0.15,2832,-0.063,-0.015,7.833
0.15,2833,8.885,-7.991,1.139
0.15,2834,-2.356,5.798,8.738
0.15,2835,-6.516,-6.891,-4.600
0.15,2836,0.498,-4.138,8.509
0.15,2837,-0.240,-4.973,6.293
0.15,2838,-6.955,1.976,-8.129
0.15,2839,-6.150,-3.779,-2.179
0.15,2840,-5.619,-6.662,7.162
0.15,2841,-10.568,-7.947,-9.548
0.15,2842,-1.522,4.450,-1.605
0.15,2843,-0.213,4.001,-2.857
0.15,2844,-3.209,2.024,-2.179
0.15,2845,7.567,-1.593,8.047
0.15,2846,-8.709,8.189,-10.343
0.15,2847,9.766,6.626,-9.288
0.15,2848,-4.777,1.043,-1.194
0.15,2849,-3.619,2.552,6.940
0.15,2850,-6.386,-6.896,3.035
0.15,2851,-1.407,-6.607,-0.570
0.15,2852,5.574,3.331,3.059
0.15,2853,-7.801,6.854,-9.256
0.15,2854,0.949,8.251,-3.258
0.15,2855,-2.157,6.995,-10.453
0.15,2856,-5.156,-5.331,-10.835
0.15,2857,6.239,-3.744,-2.123
0.15,2858,1.983,7.637,0.440
0.15,2859,-7.249,-8.974,-5.367
0.15,2860,-7.728,7.211,-8.384
0.15,2861,2.358,-9.008,-2.352
0.15,2862,-0.055,3.774,2.848
0.15,2863,6.713,8.473,-0.068
0.15,2864,-2.806,4.602,2.892
0.15,2865,-4.531,1.077,8.965
0.15,2866,-1.113,-5.566,-10.298
0.15,2867,4.240,-0.850,9.680
0.15,2868,10.500,2.117,-2.258
0.15,2869,-3.097,-9.966,-3.487
0.15,2870,-1.494,-6.306,-9.852
0.15,2871,-7.245,-9.857,-3.273
0.15,2872,6.829,-0.822,2.753
0.15,2873,3.126,-1.888,2.782
0.15,2874,-8.507,6.910,-2.307
0.15,2875,3.164,-1.907,2.773
0.15,2876,2.839,-8.534,-3.427
0.15,2877,-8.543,6.568,-4.122
0.15,2878,-1.750,-7.633,4.250
0.15,2879,-8.486,-2.908,-1.317
0.15,2880,-0.043,3.767,2.856
0.15,2881,5.155,-4.730,-10.653
0.15,2882,-2.808,-6.514,-10.694
0.15,2883,-0.290,5.376,2.453
0.15,2884,-7.643,7.746,4.107
0.15,2885,3.129,-1.884,2.785
0.15,2886,-6.443,-7.953,-10.707
0.15,2887,5.734,5.889,-7.701
0.15,2888,1.692,7.346,0.423
0.15,2889,3.736,-8.134,-0.651
0.15,2890,-5.374,-3.489,-2.988
0.15,2891,3.113,2.027,-2.198
0.15,2892,-10.630,3.217,2.863
0.15,2893,-0.179,6.869,-2.194
0.15,2894,1.773,8.555,1.622
0.15,2895,-8.291,7.226,-5.431
0.15,2896,7.646,4.715,-0.295
0.15,2897,-0.200,-5.003,6.984
0.15,2898,7.948,1.738,1.348
0.15,2899,-8.645,-4.954,-0.195
0.15,2900,-7.121,-1.748,4.637
0.15,2901,-2.993,8.636,-1.613
0.15,2902,8.630,8.871,6.390
0.15,2903,6.241,-3.745,-2.125
0.15,2904,-0.083,-0.094,7.789
0.15,2905,0.143,0.414,5.790
0.15,2906,2.538,-9.193,-3.477
0.15,2907,-3.380,-8.410,-9.524
0.15,2908,-0.043,-3.972,-2.101
0.15,2909,-6.105,-3.802,-2.190
0.15,2910,5.419,-4.884,7.239
0.15,2911,-6.988,-7.663,8.358
0.15,2912,4.790,-6.470,3.855
0.15,2913,-0.044,3.768,2.855
0.15,2914,-9.538,-4.381,0.185
0.15,2915,-8.328,7.644,-1.478
0.15,2916,6.310,-3.881,-2.230
0.15,2917,7.981,8.584,3.359
0.15,2918,-6.788,2.065,-8.152
0.15,2919,-8.229,8.369,7.357
0.15,2920,-4.627,3.448,7.354
0.15,2921,9.270,-8.735,-4.077
0.15,2922,-0.191,6.800,-2.200
0.15,2923,-0.039,3.765,2.859
0.15,2924,5.793,-0.241,9.387
0.15,2925,-6.296,0.406,2.498
0.15,2926,-0.262,0.363,7.951
0.15,2927,-4.576,2.413,2.333
0.15,2928,-0.093,-0.155,7.787
0.15,2929,2.642,-8.278,8.928
0.15,2930,-8.806,-10.005,6.013
0.15,2931,-7.140,0.026,-8.626
0.15,2932,-2.725,7.211,7.185
0.15,2933,-0.087,-0.092,7.783
0.15,2934,-7.280,0.448,-7.779
0.15,2935,9.413,2.371,-3.564
0.15,2936,-6.454,0.739,8.535
0.15,2937,2.821,5.931,6.510
0.15,2938,-0.053,-3.973,-2.073
0.15,2939,8.612,-8.788,2.279
0.15,2940,-5.470,8.942,-7.306
0.15,2941,2.783,7.569,8.683
0.15,2942,9.234,-8.734,-3.290
0.15,2943,6.891,-1.004,8.088
0.15,2944,-0.050,3.774,2.848
0.15,2945,-5.716,-4.159,-2.151
0.15,2946,-8.291,7.100,-5.544
0.15,2947,0.872,-5.906,4.976
0.15,2948,-3.599,-8.915,-8.417
0.15,2949,3.285,1.900,-2.171
0.15,2950,-0.680,-0.253,-10.036
0.15,2951,-3.346,2.101,-2.107
0.15,2952,-5.387,-0.259,9.640
0.15,2953,3.282,1.919,-2.184
0.15,2954,-7.012,-1.468,4.835
0.15,2955,-1.197,-3.472,6.889
0.15,2956,-10.767,-9.237,-8.092
0.15,2957,-6.164,-3.771,-2.179
0.15,2958,-7.047,5.452,0.141
0.15,2959,-3.989,-7.482,9.236
0.15,2960,-0.329,-0.187,-10.511
0.15,2961,-6.309,-6.691,0.089
0.15,2962,5.509,-5.254,3.222
0.15,2963,2.635,7.111,7.555
0.15,2964,6.958,9.903,7.261
0.15,2965,-5.522,3.717,8.230
0.15,2966,-6.781,-2.290,-7.733
0.15,2967,5.229,4.539,3.110
0.15,2968,6.798,8.599,-2.353
0.15,2969,1.612,6.868,2.490
0.15,2970,1.887,6.724,-9.986
0.15,2971,-7.215,-8.969,-5.757
0.15,2972,-6.364,-7.454,-1.277
0.15,2973,3.159,-1.905,2.774
0.15,2974,-0.064,3.783,2.837
0.15,2975,0.250,-0.654,-8.607
0.15,2976,5.376,2.427,7.573
0.15,2977,-8.444,7.305,-4.358
0.15,2978,-4.910,0.717,-0.549
0.15,2979,-0.336,-4.582,2.381
0.15,2980,-6.845,-9.496,-3.606
0.15,2981,-9.408,2.202,-6.174
0.15,2982,-0.174,6.882,-2.194
0.15,2983,-7.465,8.579,4.789
0.15,2984,-0.163,6.901,-2.195
0.15,2985,-0.080,-0.094,7.799
0.15,2986,-0.369,5.945,-2.360
0.15,2987,-4.643,2.811,5.797
0.15,2988,-3.225,-1.843,2.768
0.15,2989,-7.095,-2.243,4.787
0.15,2990,5.399,2.769,6.294
0.15,2991,5.432,5.562,-8.546
0.15,2992,-6.146,-3.780,-2.179
0.15,2993,5.016,5.759,-8.377
0.15,2994,2.345,6.196,7.851
0.15,2995,6.996,-0.448,5.039
0.15,2996,-1.163,-7.006,-8.782
0.15,2997,-7.662,1.039,-7.733
0.15,2998,6.238,-3.742,-2.122
0.15,2999,6.521,6.454,-8.494
0.40,0,-6.005,-8.264,-7.068
0.40,1,-7.518,-1.971,3.491
0.40,2,6.241,-3.745,-2.124
0.40,3,-3.210,2.024,-2.180
0.40,4,-6.481,-8.764,-1.441
0.40,5,-6.979,-9.183,2.024
0.40,6,-8.798,-9.621,-10.496
0.40,7,6.113,3.101,1.337
0.40,8,-0.091,6.997,-2.204
0.40,9,1.217,0.221,8.673
0.40,10,0.206,7.291,-2.217
0.40,11,2.744,-9.605,-5.120
0.40,12,-5.602,0.918,-1.798
0.40,13,-0.042,-3.971,-2.100
0.40,14,3.125,-1.888,2.783
0.40,15,-3.401,2.133,-2.064
0.40,16,3.312,1.949,-2.196
0.40,17,-10.287,2.828,-2.122
0.40,18,3.282,1.920,-2.184
0.40,19,-3.210,2.024,-2.180
0.40,20,2.599,7.507,7.461
0.40,21,-6.065,-4.653,6.199
0.40,22,-0.178,6.870,-2.194
0.40,23,3.129,-1.890,2.781
0.40,24,-6.292,-8.282,-2.710
0.40,25,3.282,1.920,-2.184
0.40,26,-3.210,2.024,-2.180
0.40,27,-0.042,-3.971,-2.100
0.40,28,3.487,2.053,-2.174
0.40,29,2.647,-9.308,-3.200
0.40,30,0.057,7.133,-2.208
0.40,31,-3.211,-1.901,2.777
0.40,32,-1.094,6.569,4.445
0.40,33,7.093,-1.591,9.255
0.40,34,-0.042,-3.971,-2.100
0.40,35,6.241,-3.745,-2.124
0.40,36,-6.822,-3.977,6.150
0.40,37,-0.104,-0.075,7.772
0.40,38,-7.678,-8.265,-11.026
0.40,39,-8.883,5.304,7.439
0.40,40,-3.210,2.024,-2.180
0.40,41,-3.210,2.024,-2.180
0.40,42,5.986,-5.522,-2.228
0.40,43,-6.237,-6.747,3.517
0.40,44,-4.727,6.281,6.494
0.40,45,-0.473,-4.311,-1.241
0.40,46,6.180,-3.559,-2.106
0.40,47,8.815,-9.519,6.072
0.40,48,6.209,-3.676,-2.108
0.40,49,-0.083,-0.094,7.788
0.40,50,-3.211,2.024,-2.180
0.40,51,-0.083,-0.094,7.788
0.40,52,-0.083,-0.094,7.788
0.40,53,-3.920,2.434,-1.568
0.40,54,7.060,-1.121,-0.461
0.40,55,6.133,-2.481,8.179
0.40,56,3.282,1.920,-2.184
0.40,57,3.877,2.312,-1.963
0.40,58,2.181,2.803,1.259
0.40,59,6.241,-3.745,-2.124
0.40,60,-0.042,3.767,2.856
0.40,61,3.285,1.922,-2.185
0.40,62,-7.154,0.214,-9.457
0.40,63,-3.210,2.024,-2.180
0.40,64,-3.210,2.024,-2.180
0.40,65,-0.083,-0.094,7.788
0.40,66,-0.175,6.880,-2.194
0.40,67,-6.266,8.836,-5.961
0.40,68,-0.175,6.880,-2.194
0.40,69,-0.702,-1.441,5.086
0.40,70,-5.131,1.139,-1.461
0.40,71,-0.042,3.767,2.856
0.40,72,-6.142,-3.781,-2.179
0.40,73,-6.142,-3.781,-2.179
0.40,74,4.998,-6.243,-6.528
0.40,75,-6.142,-3.781,-2.179
0.40,76,-0.042,3.767,2.856
0.40,77,3.127,-1.889,2.782
0.40,78,-0.043,3.768,2.855
0.40,79,6.233,-3.732,-2.117
0.40,80,6.236,-3.738,-2.120
0.40,81,3.282,1.920,-2.184
0.40,82,-0.042,-3.971,-2.100
0.40,83,-3.210,2.024,-2.180
0.40,84,-3.643,2.260,-1.850
0.40,85,-3.210,2.024,-2.180
0.40,86,3.125,-1.888,2.783
0.40,87,-3.745,-9.433,-4.711
0.40,88,2.944,2.258,-1.548
0.40,89,-0.175,6.880,-2.194
0.40,90,-6.497,0.367,-2.607
0.40,91,-3.608,2.202,-1.890
0.40,92,-0.083,-0.094,7.788
0.40,93,6.241,-3.745,-2.125
0.40,94,-3.287,2.077,-2.151
0.40,95,-0.083,-0.094,7.788
0.40,96,3.282,1.920,-2.184
0.40,97,-6.407,-7.235,-2.755
0.40,98,-5.939,0.821,-0.820
0.40,99,-6.142,-3.781,-2.179
0.40,100,5.889,-6.326,-1.473
0.40,101,-0.043,-3.971,-2.099
0.40,102,-0.126,-4.008,-1.947
0.40,103,3.282,1.920,-2.184
0.40,104,-3.210,2.024,-2.180
0.40,105,-3.221,2.034,-2.181
0.40,106,-0.020,-0.595,7.923
0.40,107,-0.209,-5.033,7.653
0.40,108,6.241,-3.745,-2.124
0.40,109,3.282,1.920,-2.184
0.40,110,4.552,-6.272,5.045
0.40,111,-6.522,-6.757,1.498
0.40,112,1.890,7.355,0.678
0.40,113,-10.023,2.721,-7.326
0.40,114,-6.142,-3.781,-2.179
0.40,115,3.282,1.920,-2.184
0.40,116,-7.748,-6.403,0.604
0.40,117,-0.083,-0.094,7.788
0.40,118,-3.211,-1.901,2.777
0.40,119,1.697,7.314,2.840
0.40,120,-3.214,2.027,-2.181
0.40,121,-6.328,-7.396,-1.227
0.40,122,-3.210,2.024,-2.180
0.40,123,-3.210,2.024,-2.180
0.40,124,6.240,-3.745,-2.124
0.40,125,7.491,8.318,-11.094
0.40,126,-0.042,3.767,2.856
0.40,127,3.282,1.920,-2.184
0.40,128,4.468,3.215,-1.530
0.40,129,-3.210,2.024,-2.180
0.40,130,-0.083,-0.094,7.788
0.40,131,3.282,1.920,-2.184
0.40,132,1.611,8.052,4.751
0.40,133,4.270,4.269,1.051
0.40,134,6.894,2.845,7.947
0.40,135,3.065,-2.124,2.236
0.40,136,-6.816,0.208,-2.931
0.40,137,5.341,3.524,0.020
0.40,138,3.940,-1.893,2.778
0.40,139,-0.044,3.768,2.855
0.40,140,-0.175,6.880,-2.194
0.40,141,-0.083,-0.094,7.788
0.40,142,-3.211,-1.901,2.777
0.40,143,-6.615,-6.673,0.844
0.40,144,2.441,-8.548,-7.721
0.40,145,-5.563,8.924,-7.110
0.40,146,9.286,-8.777,-1.863
0.40,147,-9.296,9.588,9.696
0.40,148,-2.086,5.781,6.913
0.40,149,-0.049,-3.972,-2.086
0.40,150,3.125,-1.888,2.783
0.40,151,0.072,-0.286,7.798
0.40,152,3.125,-1.888,2.783
0.40,153,6.016,-5.050,-2.461
0.40,154,-1.998,-7.053,2.252
0.40,155,-0.042,3.767,2.856
0.40,156,-8.298,-10.074,-5.746
0.40,157,3.282,1.920,-2.184
0.40,158,-6.142,-3.781,-2.179
0.40,159,-0.083,-0.094,7.788
0.40,160,5.346,3.371,-0.507
0.40,161,-8.381,7.418,-4.272
0.40,162,5.216,-3.739,9.563
0.40,163,-0.083,-0.094,7.788
0.40,164,-6.142,-3.781,-2.179
0.40,165,-0.175,6.880,-2.194
0.40,166,3.753,2.384,-2.150
0.40,167,-4.199,1.654,-2.089
0.40,168,-0.076,-3.982,-2.032
0.40,169,6.373,-4.157,-2.295
0.40,170,-6.596,-8.286,-3.999
0.40,171,10.393,-8.058,-5.982
0.40,172,-3.210,2.024,-2.180
0.40,173,3.282,1.920,-2.184
0.40,174,3.127,-1.889,2.782
0.40,175,-3.739,2.444,-1.630
0.40,176,5.940,1.687,-11.078
0.40,177,-0.083,-0.094,7.788
0.40,178,-0.042,-3.971,-2.100
0.40,179,-0.091,-0.084,7.785
0.40,180,-0.043,3.767,2.856
0.40,181,7.286,-0.435,5.805
0.40,182,-3.210,2.024,-2.180
0.40,183,6.719,-0.778,3.309
0.40,184,-6.142,-3.781,-2.179
0.40,185,6.241,-3.745,-2.124
0.40,186,-0.083,-0.094,7.788
0.40,187,-4.503,2.622,2.459
0.40,188,-0.043,3.768,2.855
0.40,189,-0.083,-0.094,7.788
0.40,190,6.690,1.761,4.654
0.40,191,3.125,-1.888,2.783
0.40,192,-6.929,0.871,-6.751
0.40,193,-4.117,1.678,-2.105
0.40,194,-0.042,-3.971,-2.100
0.40,195,-0.083,-0.094,7.788
0.40,196,-8.247,-1.360,8.700
0.40,197,-3.210,2.024,-2.180
0.40,198,5.133,5.566,8.265
0.40,199,4.695,-5.890,4.876
0.40,200,-0.049,-3.972,-2.085
0.40,201,-6.064,-8.482,-7.279
0.40,202,4.487,2.802,-1.513
0.40,203,-0.083,-0.094,7.788
0.40,204,4.919,3.728,-1.131
0.40,205,-6.279,7.833,1.654
0.40,206,3.282,1.920,-2.184
0.40,207,-1.081,7.872,6.727
0.40,208,-10.537,1.455,4.631
0.40,209,3.301,-5.468,6.006
0.40,210,-3.210,2.024,-2.180
0.40,211,-4.555,10.867,-9.126
0.40,212,5.790,-4.842,7.451
0.40,213,-4.131,2.495,-1.255
0.40,214,-10.953,3.309,5.221
0.40,215,3.312,6.408,6.814
0.40,216,-0.175,6.880,-2.194
0.40,217,4.298,7.967,8.621
0.40,218,3.461,-2.030,2.794
0.40,219,9.226,-8.865,-1.719
0.40,220,-3.612,2.376,-1.899
0.40,221,-0.083,-0.094,7.788
0.40,222,-6.142,-3.781,-2.179
0.40,223,7.009,7.868,-4.023
0.40,224,5.236,3.184,7.649
0.40,225,-0.048,3.771,2.850
0.40,226,-0.043,-3.972,-2.100
0.40,227,-6.142,-3.781,-2.179
0.40,228,-6.142,-3.781,-2.179
0.40,229,9.190,3.216,9.268
0.40,230,6.984,2.004,2.201
0.40,231,2.676,-9.318,8.502
0.40,232,-6.977,-10.185,6.476
0.40,233,-0.042,-3.971,-2.100
0.40,234,3.381,1.974,-2.190
0.40,235,-8.432,7.139,-4.989
0.40,236,-3.210,2.024,-2.180
0.40,237,-3.210,2.024,-2.180
0.40,238,-2.813,6.728,5.758
0.40,239,-3.210,2.024,-2.180
0.40,240,3.125,-1.888,2.783
0.40,241,6.241,-3.745,-2.124
0.40,242,-0.501,-4.421,2.529
0.40,243,-0.083,-0.094,7.788
0.40,244,7.481,7.326,1.517
0.40,245,-8.966,7.054,4.292
0.40,246,-6.142,-3.781,-2.179
0.40,247,6.276,-1.363,3.975
0.40,248,-4.188,10.331,-8.665
0.40,249,-0.043,-3.971,-2.098
0.40,250,-0.263,6.769,-2.187
0.40,251,-7.622,7.879,-4.000
0.40,252,0.797,7.405,2.860
0.40,253,-8.946,-9.747,-10.674
0.40,254,-6.480,1.193,-5.898
0.40,255,-0.042,3.767,2.856
0.40,256,9.099,2.458,-4.827
0.40,257,7.109,8.065,-6.432
0.40,258,-0.083,-0.094,7.788
0.40,259,-6.529,-4.639,2.510
0.40,260,-0.042,-3.971,-2.100
0.40,261,10.490,-8.088,-6.206
0.40,262,6.241,-3.745,-2.124
0.40,263,9.385,-8.772,-3.475
0.40,264,3.282,1.920,-2.184
0.40,265,6.241,-3.745,-2.124
0.40,266,-5.219,-6.384,-7.447
0.40,267,-7.379,0.255,-5.867
0.40,268,-3.500,-9.692,8.525
0.40,269,-5.267,7.925,6.080
0.40,270,5.261,3.232,2.106
0.40,271,-6.321,-7.617,-1.610
0.40,272,-0.042,-3.971,-2.100
0.40,273,-5.240,-4.771,-1.860
0.40,274,-3.218,2.031,-2.182
0.40,275,0.654,7.696,-2.156
0.40,276,-0.042,-3.971,-2.100
0.40,277,6.241,-3.745,-2.124
0.40,278,-0.083,-0.094,7.788
0.40,279,-0.083,-0.094,7.788
0.40,280,-5.013,1.217,-1.409
0.40,281,-0.042,-3.971,-2.100
0.40,282,-3.211,-1.901,2.777
0.40,283,5.364,5.581,8.109
0.40,284,9.325,2.216,0.799
0.40,285,3.291,1.925,-2.188
0.40,286,-3.210,2.024,-2.180
0.40,287,-0.083,-0.094,7.788
0.40,288,-8.469,-10.286,-6.696
0.40,289,3.282,1.920,-2.184
0.40,290,-2.779,8.098,5.253
0.40,291,-3.210,2.024,-2.180
0.40,292,7.254,-1.400,8.065
0.40,293,-0.094,3.836,2.786
0.40,294,-0.083,-0.094,7.788
0.40,295,-7.222,7.525,9.489
0.40,296,-3.210,2.024,-2.180
0.40,297,-0.175,6.880,-2.194
0.40,298,-3.507,9.076,-1.934
0.40,299,3.291,1.928,-2.190
0.40,300,6.363,-4.074,-2.235
0.40,301,3.125,-1.888,2.783
0.40,302,3.131,-1.890,2.781
0.40,303,3.282,1.920,-2.184
0.40,304,3.425,2.051,-2.208
0.40,305,-6.483,0.673,-1.030
0.40,306,6.241,-3.745,-2.124
0.40,307,-0.083,-0.094,7.788
0.40,308,-3.301,2.080,-2.144
0.40,309,-0.042,-3.971,-2.100
0.40,310,9.477,-8.545,-4.494
0.40,311,6.241,-3.745,-2.124
0.40,312,-0.042,-3.971,-2.100
0.40,313,-5.758,-8.504,-7.873
0.40,314,3.282,1.920,-2.184
0.40,315,3.282,1.920,-2.184
0.40,316,-0.042,-3.971,-2.100
0.40,317,-3.211,-1.901,2.777
0.40,318,-6.149,-2.988,7.838
0.40,319,-6.582,-6.484,-0.685
0.40,320,-0.730,-5.013,4.121
0.40,321,3.282,1.920,-2.184
0.40,322,3.268,-9.591,9.092
0.40,323,-8.278,-3.401,1.581
0.40,324,3.282,1.920,-2.184
0.40,325,-8.900,-9.088,-10.555
0.40,326,-6.345,-7.222,-1.298
0.40,327,-8.491,7.260,-4.551
0.40,328,-6.616,-8.866,-7.075
0.40,329,3.282,1.920,-2.184
0.40,330,6.240,-3.745,-2.124
0.40,331,-0.083,-0.094,7.788
0.40,332,-6.591,-7.259,-5.069
0.40,333,-3.210,2.024,-2.180
0.40,334,-0.043,-3.971,-2.099
0.40,335,6.241,-3.745,-2.124
0.40,336,6.241,-3.745,-2.124
0.40,337,-0.042,-3.971,-2.100
0.40,338,-3.544,2.210,-1.934
0.40,339,-3.753,5.658,8.308
0.40,340,-6.142,-3.781,-2.179
0.40,341,-4.387,2.511,-0.775
0.40,342,3.125,-1.888,2.783
0.40,343,6.246,-3.753,-2.131
0.40,344,-3.165,8.778,0.577
0.40,345,5.271,-1.656,3.655
0.40,346,5.168,-7.345,-0.538
0.40,347,-2.398,-5.917,8.443
0.40,348,6.235,-3.736,-2.118
0.40,349,7.122,7.980,-5.857
0.40,350,6.326,-3.932,-2.241
0.40,351,-6.322,0.218,3.066
0.40,352,-0.116,3.846,2.781
0.40,353,6.241,-3.745,-2.124
0.40,354,-3.463,9.106,-2.842
0.40,355,3.282,1.920,-2.184
0.40,356,-0.083,-0.094,7.788
0.40,357,0.473,7.342,-2.068
0.40,358,3.282,1.920,-2.184
0.40,359,3.126,-1.888,2.783
0.40,360,-4.631,2.826,2.582
0.40,361,3.282,1.920,-2.184
0.40,362,-0.042,-3.971,-2.100
0.40,363,3.126,-1.888,2.783
0.40,364,-3.210,2.024,-2.180
0.40,365,-4.179,9.696,6.469
0.40,366,3.125,-1.888,2.783
0.40,367,-6.328,-8.273,-2.968
0.40,368,-8.412,-8.330,-11.055
0.40,369,-3.210,2.024,-2.180
0.40,370,-6.908,0.004,-8.822
0.40,371,-4.580,-4.055,9.446
0.40,372,1.040,8.057,-2.062
0.40,373,-3.211,2.024,-2.180
0.40,374,-0.042,-3.971,-2.100
0.40,375,-6.142,-3.781,-2.179
0.40,376,-5.342,-5.784,6.254
0.40,377,-0.083,-0.094,7.788
0.40,378,-4.331,9.831,-5.580
0.40,379,6.241,-3.745,-2.124
0.40,380,9.705,2.213,-8.609
0.40,381,-2.277,6.952,-10.772
0.40,382,-0.083,-0.094,7.788
0.40,383,3.655,9.662,8.645
0.40,384,-3.210,2.024,-2.180
0.40,385,-3.224,2.024,-2.190
0.40,386,-0.175,6.880,-2.194
0.40,387,-6.550,-3.913,5.333
0.40,388,-0.042,3.767,2.856
0.40,389,-6.142,-3.781,-2.179
0.40,390,6.241,-3.745,-2.124
0.40,391,-0.426,-4.765,7.416
0.40,392,-0.083,-0.094,7.788
0.40,393,-6.142,-3.781,-2.179
0.40,394,-3.210,2.024,-2.180
0.40,395,-4.183,10.221,-8.027
0.40,396,-6.142,-3.781,-2.179
0.40,397,8.147,9.247,7.454
0.40,398,-3.272,2.020,-2.219
0.40,399,-0.175,6.880,-2.194
0.40,400,-0.193,3.878,2.580
0.40,401,-3.216,2.024,-2.184
0.40,402,-0.043,-3.971,-2.099
0.40,403,5.300,2.394,8.373
0.40,404,-3.210,2.024,-2.180
0.40,405,6.241,-3.745,-2.124
0.40,406,-7.726,-10.729,-3.443
0.40,407,-0.050,3.773,2.848
0.40,408,-3.210,2.024,-2.180
0.40,409,-3.213,2.026,-2.181
0.40,410,-0.082,-0.093,7.789
0.40,411,-4.661,2.859,3.125
0.40,412,3.125,-1.888,2.783
0.40,413,-6.542,-8.773,-3.795
0.40,414,3.858,2.566,-2.120
0.40,415,-4.718,2.414,2.513
0.40,416,6.159,-3.480,-2.113
0.40,417,-0.469,6.952,-2.259
0.40,418,6.948,7.623,-6.445
0.40,419,-1.297,-6.658,8.108
0.40,420,-0.412,-2.949,9.082
0.40,421,-0.978,-7.197,8.263
0.40,422,-0.042,3.767,2.856
0.40,423,-6.142,-3.781,-2.179
0.40,424,-0.042,-3.971,-2.100
0.40,425,-3.210,2.024,-2.180
0.40,426,-3.740,1.888,-2.442
0.40,427,-3.211,2.024,-2.180
0.40,428,6.241,-3.745,-2.124
0.40,429,-0.083,-0.094,7.788
0.40,430,6.240,-3.745,-2.124
0.40,431,-0.083,-0.094,7.788
0.40,432,6.683,8.656,-1.838
0.40,433,0.229,0.253,7.276
0.40,434,-8.385,-10.139,6.312
0.40,435,3.282,1.920,-2.184
0.40,436,2.702,-8.760,-7.065
0.40,437,-4.210,1.044,9.137
0.40,438,-3.211,-1.901,2.777
0.40,439,-8.096,-3.224,-1.491
0.40,440,1.212,7.188,2.817
0.40,441,0.249,7.388,-2.279
0.40,442,-7.289,-9.487,3.698
0.40,443,-0.042,3.767,2.856
0.40,444,2.041,8.493,-0.683
0.40,445,-0.175,6.880,-2.194
0.40,446,6.636,2.343,2.362
0.40,447,0.875,7.776,-1.952
0.40,448,-4.634,6.776,5.896
0.40,449,-3.211,-1.901,2.777
0.40,450,3.904,-6.838,3.094
0.40,451,1.836,6.508,0.271
0.40,452,-3.210,2.024,-2.180
0.40,453,6.222,-3.708,-2.112
0.40,454,3.282,1.920,-2.184
0.40,455,6.729,8.182,-2.830
0.40,456,-0.042,3.767,2.856
0.40,457,-0.236,-4.670,7.284
0.40,458,-5.950,-8.466,-7.402
0.40,459,2.153,-9.428,6.783
0.40,460,3.290,1.927,-2.188
0.40,461,-0.083,-0.094,7.788
0.40,462,-0.033,-4.950,7.632
0.40,463,-7.127,0.483,-6.668
0.40,464,-0.175,6.880,-2.194
0.40,465,-0.277,-4.496,1.477
0.40,466,-7.860,-10.885,-8.505
0.40,467,-6.278,0.347,2.854
0.40,468,-4.893,2.363,6.832
0.40,469,-3.211,-1.901,2.777
0.40,470,-6.965,-3.298,-2.599
0.40,471,-5.826,9.185,-0.363
0.40,472,-3.211,2.024,-2.180
0.40,473,-10.360,2.869,-7.395
0.40,474,-7.177,-0.932,-10.902
0.40,475,-8.382,-10.388,-10.140
0.40,476,-0.042,-3.971,-2.100
0.40,477,3.128,-1.890,2.781
0.40,478,-6.507,-7.653,-3.556
0.40,479,-2.196,-6.754,3.662
0.40,480,-4.491,1.592,8.811
0.40,481,-3.210,2.024,-2.180
0.40,482,-0.175,6.880,-2.194
0.40,483,3.594,2.175,-2.130
0.40,484,-1.604,4.700,3.044
0.40,485,7.677,1.516,3.017
0.40,486,-6.142,-3.781,-2.179
0.40,487,-3.216,8.000,6.107
0.40,488,-4.501,2.826,2.084
0.40,489,-1.340,-6.478,6.156
0.40,490,-0.083,-0.094,7.788
0.40,491,6.221,-3.706,-2.110
0.40,492,9.502,-8.529,-4.634
0.40,493,-0.076,-3.982,-2.032
0.40,494,7.410,7.985,1.877
0.40,495,6.222,-3.705,-2.111
0.40,496,-6.142,-3.781,-2.179
0.40,497,-4.538,2.427,0.697
0.40,498,3.304,1.941,-2.193
0.40,499,-0.067,7.030,-2.209
0.40,500,-0.083,-0.094,7.788
0.40,501,-6.593,-6.806,0.109
0.40,502,1.758,7.843,8.010
0.40,503,-6.142,-3.781,-2.179
0.40,504,-7.185,-1.073,3.239
0.40,505,3.125,-1.888,2.783
0.40,506,6.036,3.108,-0.422
0.40,507,3.282,1.920,-2.184
0.40,508,-6.357,-7.293,-1.240
0.40,509,-0.404,-4.221,-1.446
0.40,510,-3.210,2.024,-2.180
0.40,511,-3.335,2.115,-2.111
0.40,512,0.461,7.537,-2.205
0.40,513,6.241,-3.745,-2.124
0.40,514,-0.083,-0.094,7.788
0.40,515,7.394,8.646,0.993
0.40,516,-5.079,-6.383,4.732
0.40,517,-6.998,-1.001,5.469
0.40,518,3.125,-1.888,2.783
0.40,519,-6.657,-8.004,-4.285
0.40,520,6.126,-3.055,-2.120
0.40,521,5.724,-6.713,-1.075
0.40,522,-0.083,-0.094,7.788
0.40,523,5.521,-5.660,-7.066
0.40,524,-2.178,6.285,8.194
0.40,525,-3.210,2.024,-2.180
0.40,526,-3.211,-1.901,2.777
0.40,527,3.399,-0.431,7.448
0.40,528,6.203,-3.657,-2.108
0.40,529,-0.042,3.767,2.856
0.40,530,-6.142,-3.781,-2.179
0.40,531,-3.210,2.024,-2.180
0.40,532,3.125,-1.888,2.783
0.40,533,7.059,8.131,-7.151
0.40,534,3.125,-1.888,2.783
0.40,535,-0.175,6.880,-2.194
0.40,536,-3.210,2.024,-2.180
0.40,537,-10.372,2.396,-4.378
0.40,538,3.127,-1.889,2.782
0.40,539,-0.042,3.767,2.856
0.40,540,-2.757,7.138,-0.666
0.40,541,6.241,-3.745,-2.124
0.40,542,6.173,-3.655,-2.093
0.40,543,6.241,-3.745,-2.124
0.40,544,-6.142,-3.781,-2.179
0.40,545,-3.210,2.024,-2.180
0.40,546,-0.175,6.880,-2.194
0.40,547,6.709,-0.919,4.484
0.40,548,9.451,-8.737,-3.897
0.40,549,-3.210,2.024,-2.180
0.40,550,-3.468,1.994,-2.359
0.40,551,-10.469,-8.427,5.710
0.40,552,-3.210,2.024,-2.180
0.40,553,-6.142,-3.781,-2.179
0.40,554,3.931,2.636,-2.122
0.40,555,6.607,-0.707,3.752
0.40,556,-0.038,-0.075,7.828
0.40,557,3.282,1.920,-2.184
0.40,558,-0.175,6.880,-2.194
0.40,559,1.698,7.693,3.034
0.40,560,2.750,-8.251,-6.881
0.40,561,-7.850,6.955,-7.981
0.40,562,3.125,-1.888,2.783
0.40,563,3.126,-1.888,2.782
0.40,564,-3.211,2.024,-2.180
0.40,565,-0.170,-4.041,-1.877
0.40,566,-6.679,-0.782,5.111
0.40,567,-4.430,2.531,-0.496
0.40,568,4.538,-6.034,4.611
0.40,569,7.113,8.223,-6.964
0.40,570,-5.252,-7.695,5.944
0.40,571,5.479,-6.771,-1.227
0.40,572,-1.875,-9.736,8.069
0.40,573,-4.835,1.468,8.378
0.40,574,-0.042,-3.971,-2.100
0.40,575,-3.211,-1.901,2.777
0.40,576,6.221,-4.606,-2.466
0.40,577,-3.211,-1.901,2.777
0.40,578,-0.046,-3.973,-2.097
0.40,579,6.241,-3.745,-2.124
0.40,580,-0.043,-3.971,-2.100
0.40,581,3.284,1.922,-2.186
0.40,582,0.903,7.760,-1.954
0.40,583,3.282,1.920,-2.184
0.40,584,-7.189,-4.699,1.907
0.40,585,-8.084,7.103,-9.179
0.40,586,-0.042,-3.971,-2.100
0.40,587,-8.445,-10.504,-10.417
0.40,588,2.282,-6.941,5.565
0.40,589,3.282,1.920,-2.184
0.40,590,-0.105,-3.997,-1.982
0.40,591,6.241,-3.745,-2.124
0.40,592,-3.365,9.408,0.575
0.40,593,-3.211,-1.901,2.777
0.40,594,-0.175,6.880,-2.194
0.40,595,5.253,3.540,2.312
0.40,596,3.283,1.920,-2.185
0.40,597,-0.042,3.767,2.856
0.40,598,7.055,-6.782,-0.975
0.40,599,6.142,-3.298,-2.114
0.40,600,-0.047,3.771,2.851
0.40,601,-1.536,-6.460,7.051
0.40,602,-6.614,-7.156,-0.189
0.40,603,-3.405,-10.170,-1.984
0.40,604,6.210,-3.682,-2.108
0.40,605,-6.215,3.937,-1.325
0.40,606,5.838,-5.457,-2.169
0.40,607,-1.379,6.022,-2.255
0.40,608,-0.081,-3.998,-2.066
0.40,609,-7.148,-1.870,-10.289
0.40,610,-3.210,2.024,-2.180
0.40,611,6.688,7.956,0.675
0.40,612,-0.042,-3.971,-2.100
0.40,613,3.125,-1.888,2.783
0.40,614,-4.515,2.496,2.005
0.40,615,-0.175,6.880,-2.194
0.40,616,-0.083,-0.094,7.788
0.40,617,4.199,2.690,-1.807
0.40,618,-6.193,-6.717,9.502
0.40,619,-0.083,-0.094,7.788
0.40,620,-3.210,2.024,-2.180
0.40,621,7.317,9.005,-7.904
0.40,622,-0.081,-0.099,7.788
0.40,623,-1.657,6.420,-0.577
0.40,624,-10.213,-9.143,5.086
0.40,625,-0.042,-3.971,-2.100
0.40,626,10.740,-8.231,-6.831
0.40,627,3.125,-1.888,2.783
0.40,628,10.888,-3.058,6.350
0.40,629,-8.258,-9.778,-9.896
0.40,630,-3.211,-1.901,2.777
0.40,631,6.712,-7.302,-0.765
0.40,632,-3.210,2.024,-2.180
0.40,633,-7.167,-1.483,-10.818
0.40,634,-10.744,-9.123,-8.723
0.40,635,-6.855,-8.049,-5.350
0.40,636,-0.044,-3.971,-2.097
0.40,637,-7.876,6.961,-7.156
0.40,638,3.125,-1.888,2.783
0.40,639,-3.210,2.024,-2.180
0.40,640,-3.210,2.024,-2.180
0.40,641,-3.211,-1.901,2.777
0.40,642,7.784,2.626,7.404
0.40,643,1.413,7.642,4.368
0.40,644,-0.083,-0.094,7.788
0.40,645,-8.310,7.344,-9.697
0.40,646,3.283,1.921,-2.185
0.40,647,-0.083,-0.094,7.788
0.40,648,1.621,1.096,3.365
0.40,649,-0.043,-3.971,-2.098
0.40,650,-0.042,3.767,2.856
0.40,651,-8.479,7.117,-4.928
0.40,652,-6.051,0.599,-2.366
0.40,653,-3.211,-1.901,2.777
0.40,654,4.602,-3.254,2.544
0.40,655,6.241,-3.745,-2.124
0.40,656,-2.162,-6.974,4.672
0.40,657,4.675,-5.704,4.629
0.40,658,8.469,2.301,-7.836
0.40,659,-4.295,1.605,-2.321
0.40,660,6.241,-3.745,-2.124
0.40,661,-0.083,-0.094,7.788
0.40,662,3.627,2.295,-2.280
0.40,663,3.282,1.920,-2.184
0.40,664,6.437,0.970,-11.099
0.40,665,-0.042,3.767,2.856
0.40,666,3.705,2.366,-2.041
0.40,667,2.131,7.499,9.384
0.40,668,-7.794,6.514,3.627
0.40,669,-5.779,0.725,0.360
0.40,670,-8.822,-9.774,-10.515
0.40,671,3.282,1.920,-2.184
0.40,672,6.241,-3.745,-2.124
0.40,673,-7.742,-10.994,-8.621
0.40,674,-2.509,-10.483,-4.065
0.40,675,-1.316,3.628,-3.525
0.40,676,-3.294,2.015,-2.224
0.40,677,6.241,-3.745,-2.124
0.40,678,-0.042,-3.971,-2.100
0.40,679,6.199,-3.641,-2.108
0.40,680,-0.083,-0.094,7.788
0.40,681,-3.255,2.060,-2.171
0.40,682,-0.175,6.880,-2.194
0.40,683,-3.260,8.496,1.305
0.40,684,6.241,-3.745,-2.124
0.40,685,-0.417,-4.962,2.942
0.40,686,6.179,-3.572,-2.109
0.40,687,3.282,1.920,-2.184
0.40,688,7.638,8.818,-0.374
0.40,689,3.293,1.925,-2.186
0.40,690,0.340,6.968,-2.045
0.40,691,-0.073,3.784,2.832
0.40,692,-6.884,0.307,-8.718
0.40,693,-1.973,-7.385,1.522
0.40,694,-0.544,-4.861,5.712
0.40,695,-7.431,-2.538,3.471
0.40,696,1.876,0.005,7.735
0.40,697,-6.142,-3.781,-2.179
0.40,698,3.231,-9.749,-7.321
0.40,699,-0.043,3.768,2.855
0.40,700,-3.210,2.024,-2.180
0.40,701,9.664,-9.020,5.437
0.40,702,-6.661,-4.263,6.285
0.40,703,-0.042,-3.971,-2.100
0.40,704,-0.175,6.880,-2.194
0.40,705,3.282,1.920,-2.184
0.40,706,2.054,8.848,-0.715
0.40,707,-0.083,-0.094,7.788
0.40,708,6.240,-3.744,-2.124
0.40,709,3.294,1.933,-2.191
0.40,710,-0.083,-0.094,7.788
0.40,711,-0.175,6.880,-2.194
0.40,712,-3.211,2.026,-2.180
0.40,713,5.378,-5.269,-7.201
0.40,714,3.125,-1.888,2.783
0.40,715,-0.042,-0.087,7.826
0.40,716,-10.865,2.945,-10.863
0.40,717,2.837,7.293,8.372
0.40,718,2.630,-8.960,-2.430
0.40,719,-0.042,-3.971,-2.100
0.40,720,-0.175,6.880,-2.194
0.40,721,-6.603,-6.829,0.131
0.40,722,-0.083,-0.093,7.788
0.40,723,6.394,-4.391,-2.202
0.40,724,-0.042,3.767,2.856
0.40,725,3.004,-9.470,-6.014
0.40,726,-0.043,3.767,2.856
0.40,727,6.871,-0.259,4.838
0.40,728,-3.981,2.513,7.554
0.40,729,-9.090,8.292,-11.067
0.40,730,-0.085,-0.091,7.786
0.40,731,-6.146,-3.779,-2.179
0.40,732,3.282,1.920,-2.184
0.40,733,3.126,-1.887,2.783
0.40,734,-0.175,6.880,-2.194
0.40,735,6.241,-3.745,-2.124
0.40,736,-0.083,-0.094,7.788
0.40,737,6.240,-3.744,-2.123
0.40,738,7.429,-0.958,6.810
0.40,739,-0.550,-6.942,9.515
0.40,740,6.293,-3.946,-2.237
0.40,741,-0.042,-3.971,-2.100
0.40,742,6.241,-3.745,-2.125
0.40,743,-7.353,0.672,1.699
0.40,744,-0.083,-0.094,7.788
0.40,745,-0.083,-0.094,7.788
0.40,746,-3.212,2.024,-2.181
0.40,747,6.241,-3.745,-2.124
0.40,748,0.794,7.422,-1.888
0.40,749,-0.396,-4.177,-1.494
0.40,750,-3.210,2.024,-2.180
0.40,751,6.726,-1.430,7.934
0.40,752,2.419,7.723,7.951
0.40,753,6.241,-3.745,-2.124
0.40,754,-0.257,6.466,-2.261
0.40,755,-3.367,2.142,-2.090
0.40,756,1.304,9.476,8.773
0.40,757,5.491,-3.021,-1.963
0.40,758,-0.175,6.880,-2.194
0.40,759,-3.211,2.025,-2.181
0.40,760,6.241,-3.745,-2.124
0.40,761,-3.217,2.024,-2.185
0.40,762,3.282,1.920,-2.184
0.40,763,6.241,-3.745,-2.124
0.40,764,-3.263,2.021,-2.213
0.40,765,6.816,-6.836,5.856
0.40,766,3.125,-1.888,2.783
0.40,767,0.336,7.416,-2.210
0.40,768,6.351,-2.084,-1.859
0.40,769,-6.915,-8.752,-1.224
0.40,770,-3.843,2.521,-1.656
0.40,771,5.326,3.145,5.935
0.40,772,9.459,-8.555,-4.552
0.40,773,6.230,-3.724,-2.114
0.40,774,-5.947,-6.488,4.138
0.40,775,3.282,1.920,-2.184
0.40,776,-3.210,2.024,-2.180
0.40,777,1.856,7.519,3.433
0.40,778,-3.262,2.023,-2.193
0.40,779,-6.474,-8.232,-3.627
0.40,780,1.684,7.505,1.581
0.40,781,5.332,3.930,3.613
0.40,782,6.241,-3.745,-2.124
0.40,783,-4.175,-4.813,8.525
0.40,784,-0.172,-0.128,7.782
0.40,785,-1.736,1.310,7.913
0.40,786,-0.048,-3.972,-2.088
0.40,787,-3.210,2.024,-2.180
0.40,788,3.125,-1.888,2.783
0.40,789,-3.210,2.024,-2.180
0.40,790,7.079,8.672,-3.661
0.40,791,2.469,-9.201,1.328
0.40,792,-0.175,6.880,-2.194
0.40,793,-5.429,3.838,-9.029
0.40,794,-3.210,2.024,-2.180
0.40,795,-4.544,2.408,0.590
0.40,796,-8.833,6.923,8.432
0.40,797,9.083,-8.404,-0.345
0.40,798,2.451,-9.713,-10.270
0.40,799,-0.083,-0.094,7.788
0.40,800,-0.042,-3.971,-2.100
0.40,801,-3.697,9.288,-4.090
0.40,802,-2.260,4.906,5.639
0.40,803,-0.042,-3.971,-2.100
0.40,804,3.283,1.920,-2.185
0.40,805,10.197,-8.087,-5.766
0.40,806,3.125,-1.888,2.783
0.40,807,-8.869,-9.225,-10.506
0.40,808,-3.655,2.271,-1.823
0.40,809,-3.213,2.026,-2.181
0.40,810,-1.620,-6.406,3.455
0.40,811,7.822,9.786,-10.283
0.40,812,3.282,1.920,-2.184
0.40,813,-7.892,-10.934,-9.740
0.40,814,-0.083,-0.094,7.788
0.40,815,2.247,7.737,8.404
0.40,816,3.283,1.920,-2.185
0.40,817,-6.142,-3.781,-2.179
0.40,818,-0.044,-3.971,-2.096
0.40,819,-0.042,3.767,2.856
0.40,820,-5.635,2.319,7.301
0.40,821,-8.428,7.062,-5.145
0.40,822,-6.192,-3.760,-2.186
0.40,823,3.133,-1.891,2.781
0.40,824,-0.083,-0.094,7.788
0.40,825,5.851,2.557,4.702
0.40,826,-0.042,3.767,2.856
0.40,827,-3.212,2.025,-2.181
0.40,828,-3.257,2.021,-2.206
0.40,829,-0.083,-0.094,7.788
0.40,830,1.753,8.574,2.252
0.40,831,-7.305,-10.183,7.237
0.40,832,3.282,1.920,-2.184
0.40,833,-8.343,7.632,-3.445
0.40,834,-3.210,2.024,-2.180
0.40,835,6.547,-2.106,5.368
0.40,836,2.034,-8.020,6.818
0.40,837,6.118,-2.690,-2.125
0.40,838,3.282,1.920,-2.184
0.40,839,2.082,7.589,4.367
0.40,840,-6.897,2.596,8.026
0.40,841,-0.175,6.880,-2.194
0.40,842,9.402,-8.802,-1.380
0.40,843,4.893,4.295,5.017
0.40,844,3.995,2.461,-1.925
0.40,845,3.282,1.920,-2.184
0.40,846,-2.844,3.426,5.656
0.40,847,3.282,1.920,-2.184
0.40,848,2.639,-8.414,-7.665
0.40,849,-0.126,3.842,2.762
0.40,850,-0.042,3.767,2.856
0.40,851,6.277,-7.241,3.385
0.40,852,1.875,6.785,-10.486
0.40,853,4.937,3.817,-1.011
0.40,854,-6.434,-7.439,3.456
0.40,855,2.145,7.350,4.906
0.40,856,-6.362,-9.055,-3.064
0.40,857,-3.210,2.024,-2.180
0.40,858,2.652,2.445,1.362
0.40,859,-3.210,2.024,-2.180
0.40,860,9.667,1.781,1.845
0.40,861,-3.211,-1.901,2.777
0.40,862,3.282,1.920,-2.184
0.40,863,-0.083,-0.094,7.788
0.40,864,9.459,-8.692,-3.822
0.40,865,-0.163,-4.094,-1.998
0.40,866,-3.210,2.024,-2.180
0.40,867,0.064,-0.412,7.930
0.40,868,3.125,-1.888,2.783
0.40,869,-7.628,7.671,-10.680
0.40,870,4.680,-6.914,4.892
0.40,871,5.786,6.320,8.891
0.40,872,7.089,8.109,1.091
0.40,873,-4.681,4.142,8.477
0.40,874,6.989,7.504,-6.051
0.40,875,-8.184,7.817,-3.351
0.40,876,-3.210,2.024,-2.180
0.40,877,-0.042,3.767,2.856
0.40,878,-1.780,3.536,-3.464
0.40,879,-0.081,-0.093,7.791
0.40,880,-2.995,-10.058,-4.783
0.40,881,5.549,3.427,2.965
0.40,882,-0.109,3.845,2.796
0.40,883,3.282,1.920,-2.184
0.40,884,5.199,3.022,-1.025
0.40,885,3.137,-1.892,2.780
0.40,886,-7.112,-5.712,-0.711
0.40,887,-0.042,-3.971,-2.100
0.40,888,2.616,2.597,0.771
0.40,889,-3.131,-9.976,-4.599
0.40,890,6.237,-3.739,-2.120
0.40,891,-0.042,3.767,2.856
0.40,892,-7.925,-10.134,1.703
0.40,893,-6.142,-3.781,-2.179
0.40,894,-3.211,-1.901,2.777
0.40,895,-5.254,10.070,6.827
0.40,896,6.447,0.956,-11.104
0.40,897,-0.042,-3.971,-2.100
0.40,898,-0.153,6.913,-2.195
0.40,899,4.873,3.270,-1.046
0.40,900,-0.120,6.949,-2.204
0.40,901,-6.171,0.495,4.154
0.40,902,-3.210,2.024,-2.180
0.40,903,-11.044,2.701,3.921
0.40,904,6.233,-3.731,-2.116
0.40,905,5.300,-4.548,3.420
0.40,906,6.240,-3.745,-2.124
0.40,907,2.541,-9.617,-11.132
0.40,908,6.240,-3.744,-2.124
0.40,909,-3.509,9.402,1.215
0.40,910,-6.507,-8.302,-6.523
0.40,911,-0.083,-0.094,7.788
0.40,912,4.577,-1.797,-0.137
0.40,913,3.125,-1.888,2.783
0.40,914,-0.042,3.767,2.856
0.40,915,3.408,2.021,-2.188
0.40,916,7.706,-2.330,5.019
0.40,917,-0.083,-0.094,7.788
0.40,918,-0.043,3.767,2.856
0.40,919,-6.582,-6.765,0.309
0.40,920,5.505,2.102,7.340
0.40,921,3.125,-1.888,2.783
0.40,922,-3.210,2.024,-2.180
0.40,923,-0.083,-0.094,7.788
0.40,924,7.153,8.409,-7.129
0.40,925,3.159,-10.742,4.054
0.40,926,-7.291,-9.599,-7.186
0.40,927,-0.043,3.768,2.855
0.40,928,-3.211,-1.901,2.777
0.40,929,6.241,-3.745,-2.124
0.40,930,-10.098,2.310,-5.314
0.40,931,-5.489,2.026,-5.434
0.40,932,-0.376,5.968,-2.323
0.40,933,6.241,-3.745,-2.124
0.40,934,-3.211,-1.901,2.777
0.40,935,-6.314,-7.968,-1.766
0.40,936,-0.377,-4.826,6.439
0.40,937,-3.800,2.340,-1.621
0.40,938,-0.042,3.767,2.856
0.40,939,7.142,8.235,-6.534
0.40,940,-6.128,0.658,-1.824
0.40,941,-0.083,-0.094,7.788
0.40,942,-0.083,-0.094,7.788
0.40,943,-0.045,3.769,2.854
0.40,944,3.282,1.920,-2.184
0.40,945,-0.083,-0.094,7.788
0.40,946,-3.210,2.024,-2.180
0.40,947,8.332,1.744,6.774
0.40,948,3.125,-1.888,2.783
0.40,949,2.522,-9.290,-3.737
0.40,950,-0.042,-3.971,-2.100
0.40,951,-7.688,-10.902,-3.143
0.40,952,-4.071,9.391,-2.408
0.40,953,6.637,7.858,0.696
0.40,954,-6.237,-8.507,-7.090
0.40,955,6.633,-8.344,8.769
0.40,956,-3.240,2.045,-2.177
0.40,957,-4.818,2.723,4.972
0.40,958,-3.105,8.876,-0.776
0.40,959,-0.489,-4.478,1.127
0.40,960,3.281,1.921,-2.184
0.40,961,-0.749,-5.054,4.490
0.40,962,-0.175,6.880,-2.194
0.40,963,-6.440,0.270,2.514
0.40,964,-5.344,-7.904,-8.081
0.40,965,10.148,2.447,-3.906
0.40,966,6.241,-3.745,-2.124
0.40,967,8.627,-2.356,9.158
0.40,968,7.027,-0.504,5.180
0.40,969,7.055,7.981,-6.725
0.40,970,6.695,1.448,-10.461
0.40,971,6.241,-3.745,-2.124
0.40,972,-3.180,9.187,-1.360
0.40,973,5.520,3.477,2.802
0.40,974,-0.175,-4.039,-1.873
0.40,975,-0.113,-4.047,-2.083
0.40,976,3.177,-1.916,2.771
0.40,977,-6.128,-8.730,-7.583
0.40,978,-0.042,-3.971,-2.100
0.40,979,-3.211,2.024,-2.181
0.40,980,-0.051,3.774,2.847
0.40,981,-7.627,-7.667,5.478
0.40,982,7.458,-2.118,9.142
0.40,983,3.125,-1.888,2.783
0.40,984,8.279,6.799,2.639
0.40,985,9.473,-8.506,-4.650
0.40,986,-0.639,-4.779,7.377
0.40,987,-6.400,-3.654,-2.290
0.40,988,8.194,-9.878,5.966
0.40,989,-6.319,-7.650,-1.912
0.40,990,-2.135,4.999,3.614
0.40,991,-3.210,2.024,-2.180
0.40,992,-6.142,-3.781,-2.179
0.40,993,-3.210,2.024,-2.180
0.40,994,3.125,-1.888,2.783
0.40,995,3.282,1.920,-2.184
0.40,996,-5.724,-8.369,-7.594
0.40,997,3.126,-1.888,2.782
0.40,998,-0.090,-4.085,-1.866
0.40,999,-0.045,-3.972,-2.098
0.40,1000,-5.194,2.378,-5.676
0.40,1001,-9.076,-9.092,6.623
0.40,1002,7.875,2.483,3.801
0.40,1003,7.128,7.987,-5.449
0.40,1004,3.296,1.925,-2.177
0.40,1005,3.125,-1.888,2.783
0.40,1006,2.031,7.999,-0.189
0.40,1007,3.134,-1.893,2.777
0.40,1008,6.663,8.266,-1.708
0.40,1009,-3.211,-1.901,2.777
0.40,1010,4.686,3.536,-1.333
0.40,1011,-0.175,6.879,-2.194
0.40,1012,1.732,7.832,1.482
0.40,1013,-0.083,-0.094,7.788
0.40,1014,-0.083,-0.094,7.788
0.40,1015,-5.929,-8.663,-8.409
0.40,1016,-1.704,5.092,4.856
0.40,1017,6.534,-1.267,2.889
0.40,1018,-0.072,-3.980,-2.040
0.40,1019,7.679,9.917,5.393
0.40,1020,5.993,2.390,7.313
0.40,1021,3.282,1.920,-2.184
0.40,1022,6.241,-3.745,-2.124
0.40,1023,-7.128,-0.506,-10.591
0.40,1024,4.539,-6.782,3.140
0.40,1025,-10.128,2.393,-5.408
0.40,1026,-0.173,6.883,-2.194
0.40,1027,-5.374,1.033,-1.269
0.40,1028,9.668,2.623,-5.867
0.40,1029,-6.142,-3.781,-2.179
0.40,1030,-3.210,2.024,-2.180
0.40,1031,-0.187,-4.094,-1.923
0.40,1032,-3.210,2.024,-2.180
0.40,1033,0.624,7.793,-2.403
0.40,1034,-0.827,-6.292,8.200
0.40,1035,-0.162,6.900,-2.194
0.40,1036,-0.083,-0.094,7.788
0.40,1037,-3.265,2.020,-2.211
0.40,1038,-3.211,-1.901,2.777
0.40,1039,-0.083,-0.094,7.788
0.40,1040,-3.183,8.182,0.397
0.40,1041,-8.627,-9.706,-10.321
0.40,1042,4.489,-5.821,6.030
0.40,1043,6.240,-3.745,-2.124
0.40,1044,-0.173,6.883,-2.194
0.40,1045,7.246,-0.040,5.281
0.40,1046,-2.774,8.553,4.753
0.40,1047,-0.083,-0.094,7.788
0.40,1048,5.476,-5.927,-2.297
0.40,1049,8.962,-9.274,5.161
0.40,1050,-0.383,3.820,2.737
0.40,1051,7.230,8.643,-8.085
0.40,1052,-0.042,3.767,2.856
0.40,1053,4.681,3.286,-1.191
0.40,1054,-8.357,-9.658,1.618
0.40,1055,3.125,-1.888,2.783
0.40,1056,3.125,-1.888,2.783
0.40,1057,-0.042,-3.971,-2.100
0.40,1058,-3.210,2.024,-2.180
0.40,1059,9.358,-8.865,-3.024
0.40,1060,-0.175,6.880,-2.194
0.40,1061,6.228,-3.720,-2.113
0.40,1062,3.282,1.920,-2.184
0.40,1063,6.241,-3.745,-2.124
0.40,1064,-6.546,-7.553,-5.646
0.40,1065,3.282,1.920,-2.184
0.40,1066,7.109,7.922,-6.265
0.40,1067,-3.739,2.282,-1.768
0.40,1068,4.311,-5.027,9.480
0.40,1069,-0.052,-0.068,7.792
0.40,1070,5.251,4.945,7.391
0.40,1071,-3.416,2.160,-2.043
0.40,1072,-0.042,-3.971,-2.100
0.40,1073,-3.210,2.024,-2.180
0.40,1074,-6.935,-1.191,4.759
0.40,1075,3.282,1.920,-2.184
0.40,1076,3.282,1.920,-2.184
0.40,1077,3.296,1.927,-2.188
0.40,1078,-6.296,-8.113,-2.619
0.40,1079,-7.621,-1.086,7.011
0.40,1080,-7.784,-10.228,-2.608
0.40,1081,-0.042,-3.971,-2.100
0.40,1082,-7.067,-0.681,6.864
0.40,1083,6.266,-3.790,-2.158
0.40,1084,-0.175,6.880,-2.194
0.40,1085,3.282,1.920,-2.184
0.40,1086,-4.613,1.605,-3.283
0.40,1087,-4.449,9.640,-5.054
0.40,1088,-0.184,6.858,-2.195
0.40,1089,-0.175,6.880,-2.194
0.40,1090,3.919,2.400,-1.590
0.40,1091,6.211,2.602,3.246
0.40,1092,-0.044,3.768,2.855
0.40,1093,-2.312,5.535,4.237
0.40,1094,-3.212,2.102,-2.135
0.40,1095,-5.542,-5.752,5.947
0.40,1096,-3.942,-4.655,8.367
0.40,1097,-0.042,3.767,2.856
0.40,1098,-0.259,-0.750,7.950
0.40,1099,6.241,-3.745,-2.124
0.40,1100,6.353,1.399,-10.830
0.40,1101,-0.175,6.880,-2.194
0.40,1102,-6.638,-0.654,4.618
0.40,1103,-0.069,-0.099,7.788
0.40,1104,6.161,-3.524,-2.115
0.40,1105,1.790,7.493,3.264
0.40,1106,-3.210,2.024,-2.180
0.40,1107,-0.175,6.880,-2.194
0.40,1108,1.977,7.784,0.427
0.40,1109,9.422,-8.798,-3.286
0.40,1110,-10.594,2.629,0.958
0.40,1111,6.241,-3.745,-2.124
0.40,1112,-0.175,6.880,-2.194
0.40,1113,3.126,-1.888,2.783
0.40,1114,3.133,-1.892,2.780
0.40,1115,-0.042,-3.971,-2.100
0.40,1116,-3.512,8.499,-5.903
0.40,1117,-9.435,2.001,-6.013
0.40,1118,3.282,1.920,-2.184
0.40,1119,-7.694,-10.530,-3.224
0.40,1120,-4.144,1.773,-2.844
0.40,1121,6.241,-3.746,-2.125
0.40,1122,-8.493,7.348,-4.312
0.40,1123,0.998,7.872,-1.927
0.40,1124,-0.175,6.880,-2.194
0.40,1125,-0.441,5.730,-2.316
0.40,1126,-0.253,6.485,-2.258
0.40,1127,8.338,-7.811,-3.127
0.40,1128,-7.007,-8.706,-4.913
0.40,1129,-3.217,2.029,-2.182
0.40,1130,-4.683,2.367,7.695
0.40,1131,3.283,1.921,-2.185
0.40,1132,-0.175,6.880,-2.194
0.40,1133,-0.063,3.787,2.826
0.40,1134,6.681,8.527,-2.390
0.40,1135,-8.374,8.835,5.610
0.40,1136,-7.921,-9.003,4.409
0.40,1137,3.282,1.920,-2.184
0.40,1138,-6.307,0.320,2.758
0.40,1139,-8.499,-9.751,3.510
0.40,1140,6.242,2.653,8.287
0.40,1141,-0.056,3.778,2.840
0.40,1142,-0.042,3.767,2.856
0.40,1143,3.125,-1.888,2.783
0.40,1144,-6.681,-0.366,3.789
0.40,1145,-0.076,-0.088,7.794
0.40,1146,-5.643,-7.678,-11.040
0.40,1147,-9.104,-9.405,-10.791
0.40,1148,-0.043,-3.971,-2.098
0.40,1149,-6.642,-7.462,-0.238
0.40,1150,10.153,2.579,-5.015
0.40,1151,-0.175,6.880,-2.194
0.40,1152,6.227,-3.725,-2.112
0.40,1153,-0.083,-0.094,7.788
0.40,1154,-6.142,-3.781,-2.179
0.40,1155,7.015,-6.454,1.640
0.40,1156,-0.175,6.880,-2.194
0.40,1157,-3.210,2.024,-2.180
0.40,1158,-3.210,2.024,-2.180
0.40,1159,7.150,8.348,-5.157
0.40,1160,-6.142,-3.781,-2.179
0.40,1161,-7.089,-2.472,5.047
0.40,1162,6.412,3.219,7.147
0.40,1163,-5.756,0.894,-1.089
0.40,1164,-3.820,2.042,-2.920
0.40,1165,-0.046,-3.973,-2.098
0.40,1166,-0.042,-3.971,-2.100
0.40,1167,3.282,1.920,-2.184
0.40,1168,-4.936,9.660,-8.407
0.40,1169,7.429,-8.432,7.253
0.40,1170,7.084,2.840,-0.196
0.40,1171,-6.011,-8.330,-7.143
0.40,1172,-6.142,-3.781,-2.179
0.40,1173,3.125,-1.888,2.783
0.40,1174,-3.210,2.024,-2.180
0.40,1175,-0.083,-0.094,7.788
0.40,1176,-0.083,-0.094,7.788
0.40,1177,6.241,-3.745,-2.124
0.40,1178,8.055,7.640,9.348
0.40,1179,3.330,1.964,-2.200
0.40,1180,-4.790,2.639,2.914
0.40,1181,3.143,-1.895,2.779
0.40,1182,3.282,1.920,-2.184
0.40,1183,-4.809,2.761,3.405
0.40,1184,-6.142,-3.781,-2.179
0.40,1185,7.405,-6.721,0.375
0.40,1186,-9.539,3.889,6.716
0.40,1187,-0.083,-0.094,7.788
0.40,1188,-10.781,-9.124,-8.544
0.40,1189,3.139,-1.893,2.780
0.40,1190,-0.042,3.767,2.856
0.40,1191,4.678,-10.178,7.291
0.40,1192,-0.042,-3.971,-2.100
0.40,1193,-0.043,-3.971,-2.099
0.40,1194,-3.210,2.024,-2.180
0.40,1195,-0.075,-0.100,7.799
0.40,1196,5.911,3.034,2.100
0.40,1197,1.695,7.631,-1.087
0.40,1198,-5.420,2.215,8.018
0.40,1199,-8.515,-9.798,-5.381
0.40,1200,3.209,-1.908,2.774
0.40,1201,10.213,-8.082,-5.791
0.40,1202,-10.589,2.851,0.956
0.40,1203,-0.166,-9.044,7.851
0.40,1204,-0.815,5.163,1.527
0.40,1205,-6.142,-3.781,-2.179
0.40,1206,-0.083,-0.094,7.788
0.40,1207,-5.171,2.348,7.220
0.40,1208,7.120,8.014,-5.612
0.40,1209,6.241,-3.745,-2.124
0.40,1210,3.282,1.920,-2.184
0.40,1211,8.992,2.505,-6.879
0.40,1212,0.202,7.339,-2.271
0.40,1213,6.130,-3.181,-2.111
0.40,1214,-0.083,-0.094,7.788
0.40,1215,3.308,1.947,-2.197
0.40,1216,6.120,-2.988,-2.151
0.40,1217,-5.895,-8.402,-7.386
0.40,1218,-0.556,-6.380,3.970
0.40,1219,3.282,1.920,-2.184
0.40,1220,2.831,-9.259,-5.960
0.40,1221,-0.049,3.772,2.849
0.40,1222,-8.372,7.146,-5.098
0.40,1223,7.944,6.866,1.264
0.40,1224,-6.415,-7.209,-0.851
0.40,1225,6.739,8.493,-2.664
0.40,1226,-3.532,-2.355,2.929
0.40,1227,4.603,-6.516,4.314
0.40,1228,3.125,-1.888,2.783
0.40,1229,-3.210,2.024,-2.180
0.40,1230,-3.210,2.024,-2.180
0.40,1231,7.168,8.399,-6.640
0.40,1232,-3.385,2.002,-2.285
0.40,1233,3.282,1.920,-2.184
0.40,1234,-6.629,-8.103,-4.195
0.40,1235,6.241,-3.745,-2.124
0.40,1236,-0.043,3.768,2.855
0.40,1237,-1.025,-6.811,4.280
0.40,1238,-0.088,3.796,2.820
0.40,1239,-6.856,-9.389,-8.787
0.40,1240,4.756,-5.001,4.541
0.40,1241,6.241,-3.745,-2.124
0.40,1242,0.932,8.780,8.793
0.40,1243,-6.142,-3.781,-2.179
0.40,1244,3.282,1.920,-2.184
0.40,1245,-0.083,-0.094,7.788
0.40,1246,-8.203,7.235,-9.532
0.40,1247,-0.046,-3.971,-2.092
0.40,1248,3.102,2.075,-2.077
0.40,1249,7.338,-6.483,-0.100
0.40,1250,-0.089,-0.093,7.782
0.40,1251,-0.206,6.711,-2.211
0.40,1252,6.623,8.370,-2.563
0.40,1253,8.122,6.710,2.525
0.40,1254,-0.175,6.880,-2.194
0.40,1255,3.282,1.920,-2.184
0.40,1256,-3.210,2.024,-2.180
0.40,1257,6.229,-3.728,-2.114
0.40,1258,-0.042,3.767,2.856
0.40,1259,-6.290,-7.971,-2.249
0.40,1260,-0.083,-0.094,7.788
0.40,1261,2.713,7.603,8.419
0.40,1262,-6.142,-3.781,-2.179
0.40,1263,-0.083,-0.094,7.788
0.40,1264,-5.928,8.375,0.663
0.40,1265,-0.175,6.880,-2.194
0.40,1266,-6.984,-8.478,-0.298
0.40,1267,2.812,-9.172,-6.077
0.40,1268,-0.044,3.768,2.855
0.40,1269,-0.175,6.880,-2.194
0.40,1270,6.241,-3.745,-2.124
0.40,1271,-4.804,2.916,4.069
0.40,1272,2.940,-10.139,3.934
0.40,1273,-3.210,2.024,-2.180
0.40,1274,-7.968,-9.803,-6.054
0.40,1275,-0.042,-3.971,-2.100
0.40,1276,-0.175,6.880,-2.194
0.40,1277,-0.449,-4.444,-1.724
0.40,1278,-6.481,-7.003,-0.448
0.40,1279,-6.965,-3.260,3.778
0.40,1280,6.164,-3.516,-2.114
0.40,1281,-4.635,2.831,7.240
0.40,1282,-6.675,-0.417,4.058
0.40,1283,-0.056,-3.974,-2.072
0.40,1284,-10.355,2.024,-2.161
0.40,1285,-9.354,9.213,9.576
0.40,1286,3.282,1.920,-2.184
0.40,1287,-0.043,3.767,2.856
0.40,1288,-0.175,6.880,-2.194
0.40,1289,-3.880,11.036,-9.558
0.40,1290,3.125,-1.888,2.783
0.40,1291,6.241,-3.745,-2.124
0.40,1292,-0.044,3.768,2.854
0.40,1293,3.282,1.920,-2.184
0.40,1294,-3.210,2.024,-2.180
0.40,1295,5.001,-4.702,-11.095
0.40,1296,-6.742,0.485,0.665
0.40,1297,-10.567,2.341,-0.874
0.40,1298,3.282,1.920,-2.184
0.40,1299,-6.142,-3.781,-2.179
0.40,1300,-7.824,6.889,-8.334
0.40,1301,2.443,-8.651,-7.621
0.40,1302,-0.814,-5.586,7.996
0.40,1303,7.337,7.590,1.422
0.40,1304,3.169,-1.916,2.769
0.40,1305,3.282,1.920,-2.184
0.40,1306,5.554,3.386,2.675
0.40,1307,-3.210,2.024,-2.180
0.40,1308,-0.047,3.771,2.851
0.40,1309,3.282,1.920,-2.184
0.40,1310,3.125,-1.888,2.783
0.40,1311,6.236,-3.737,-2.119
0.40,1312,6.243,-3.749,-2.128
0.40,1313,3.125,-1.888,2.783
0.40,1314,-3.211,-1.901,2.777
0.40,1315,3.125,-1.888,2.783
0.40,1316,-4.776,2.791,3.149
0.40,1317,-0.391,-4.358,1.820
0.40,1318,7.377,7.509,9.597
0.40,1319,-7.442,0.541,-10.425
0.40,1320,3.283,1.921,-2.185
0.40,1321,3.282,1.920,-2.184
0.40,1322,0.048,7.064,-2.190
0.40,1323,-0.084,-0.093,7.787
0.40,1324,-5.570,-7.662,-10.911
0.40,1325,-3.025,8.844,-0.549
0.40,1326,-0.083,-0.094,7.788
0.40,1327,0.043,7.167,-2.264
0.40,1328,4.729,-6.161,-9.447
0.40,1329,-0.083,-0.094,7.788
0.40,1330,-5.765,-7.984,-7.106
0.40,1331,-11.071,2.948,4.375
0.40,1332,-3.222,2.029,-2.184
0.40,1333,-0.457,-4.692,-2.183
0.40,1334,6.241,-3.745,-2.124
0.40,1335,-4.333,9.718,-3.165
0.40,1336,-3.211,2.025,-2.180
0.40,1337,3.125,-1.888,2.783
0.40,1338,6.301,1.083,8.126
0.40,1339,7.100,2.949,-3.884
0.40,1340,-0.043,3.767,2.856
0.40,1341,-1.866,5.657,5.731
0.40,1342,-0.042,-3.971,-2.100
0.40,1343,6.870,9.039,-1.712
0.40,1344,-3.210,2.024,-2.180
0.40,1345,-0.043,3.767,2.856
0.40,1346,-8.062,-10.252,-3.903
0.40,1347,9.389,-8.788,-3.748
0.40,1348,-3.211,2.025,-2.181
0.40,1349,-0.080,-0.096,7.791
0.40,1350,-7.064,-1.278,4.277
0.40,1351,6.233,-3.731,-2.116
0.40,1352,-4.097,-9.487,8.411
0.40,1353,-0.672,6.915,-2.199
0.40,1354,-8.105,8.832,7.369
0.40,1355,-6.504,0.402,-2.432
0.40,1356,6.240,-3.745,-2.124
0.40,1357,6.512,8.355,-1.275
0.40,1358,-3.951,7.821,8.235
0.40,1359,-6.235,-7.770,-6.359
0.40,1360,3.125,-1.888,2.783
0.40,1361,-2.768,8.122,5.309
0.40,1362,-0.083,-0.094,7.788
0.40,1363,-6.672,-0.019,2.830
0.40,1364,-6.706,7.372,2.684
0.40,1365,-0.106,0.039,7.826
0.40,1366,-0.083,-0.094,7.788
0.40,1367,-0.175,6.880,-2.194
0.40,1368,-0.054,-0.062,7.781
0.40,1369,-3.210,2.024,-2.180
0.40,1370,-3.862,1.927,-2.783
0.40,1371,2.856,2.280,-1.911
0.40,1372,-0.042,3.767,2.856
0.40,1373,6.809,-1.342,-1.040
0.40,1374,3.125,-1.888,2.783
0.40,1375,-4.946,3.066,9.040
0.40,1376,-0.175,6.880,-2.194
0.40,1377,-4.517,2.319,0.944
0.40,1378,-0.052,-0.143,7.785
0.40,1379,-7.950,7.103,-9.201
0.40,1380,-0.453,-4.940,5.922
0.40,1381,-3.210,2.024,-2.180
0.40,1382,3.282,1.920,-2.184
0.40,1383,-0.083,-0.094,7.788
0.40,1384,8.127,9.027,6.207
0.40,1385,-0.048,-3.973,-2.093
0.40,1386,-3.588,1.936,-2.337
0.40,1387,-0.047,3.770,2.851
0.40,1388,3.282,1.920,-2.184
0.40,1389,-3.211,2.024,-2.180
0.40,1390,9.229,7.372,7.565
0.40,1391,-0.042,-3.971,-2.100
0.40,1392,7.174,3.147,-5.920
0.40,1393,-3.211,-1.901,2.777
0.40,1394,6.239,-3.743,-2.123
0.40,1395,-6.530,-6.832,-0.219
0.40,1396,-0.042,-3.971,-2.100
0.40,1397,-3.210,2.024,-2.180
0.40,1398,6.241,-3.745,-2.124
0.40,1399,-3.211,2.024,-2.180
0.40,1400,-3.365,-10.057,1.203
0.40,1401,-0.042,-3.971,-2.100
0.40,1402,-0.083,-0.094,7.788
0.40,1403,-3.210,2.024,-2.180
0.40,1404,3.126,-1.888,2.783
0.40,1405,6.241,-3.745,-2.124
0.40,1406,-7.085,-1.044,3.782
0.40,1407,-0.042,-3.971,-2.100
0.40,1408,-8.342,-10.299,-0.192
0.40,1409,-3.210,2.024,-2.180
0.40,1410,3.282,1.920,-2.184
0.40,1411,-0.175,6.880,-2.194
0.40,1412,9.379,1.528,8.541
0.40,1413,-1.819,-7.422,1.334
0.40,1414,3.282,1.920,-2.184
0.40,1415,-8.033,6.865,-6.338
0.40,1416,-0.083,-0.094,7.788
0.40,1417,-6.395,0.214,2.840
0.40,1418,-6.142,-3.781,-2.179
0.40,1419,3.314,1.945,-2.191
0.40,1420,-7.522,-3.665,6.173
0.40,1421,-0.083,-0.094,7.788
0.40,1422,-3.605,1.936,-2.370
0.40,1423,6.563,-0.659,-0.650
0.40,1424,3.282,1.920,-2.184
0.40,1425,3.135,-1.894,2.779
0.40,1426,-6.142,-3.781,-2.179
0.40,1427,3.125,-1.888,2.783
0.40,1428,3.333,1.953,-2.189
0.40,1429,3.125,-1.888,2.783
0.40,1430,-0.083,-0.094,7.788
0.40,1431,3.126,-1.888,2.783
0.40,1432,6.519,2.616,-1.640
0.40,1433,9.172,6.971,9.369
0.40,1434,8.919,-9.686,5.213
0.40,1435,-3.281,-7.441,5.100
0.40,1436,3.125,-1.888,2.783
0.40,1437,-0.042,-3.971,-2.100
0.40,1438,-0.052,-3.973,-2.079
0.40,1439,-10.030,2.716,-8.649
0.40,1440,-3.210,2.024,-2.180
0.40,1441,6.241,-3.745,-2.124
0.40,1442,3.406,-10.745,-5.283
0.40,1443,3.125,-1.888,2.783
0.40,1444,-4.296,-6.721,6.171
0.40,1445,3.282,1.920,-2.184
0.40,1446,-9.959,-8.708,6.196
0.40,1447,-0.083,-0.094,7.788
0.40,1448,-6.142,-3.781,-2.179
0.40,1449,-6.343,9.098,3.310
0.40,1450,-7.689,-5.090,0.837
0.40,1451,-10.302,2.437,-4.759
0.40,1452,2.628,-9.843,3.221
0.40,1453,-9.155,7.139,7.585
0.40,1454,-6.466,-8.425,-6.714
0.40,1455,-8.912,-9.709,-10.609
0.40,1456,3.399,-7.466,-2.661
0.40,1457,-10.823,3.340,3.030
0.40,1458,-0.175,6.880,-2.194
0.40,1459,-10.766,-9.231,-8.269
0.40,1460,-0.048,-3.973,-2.090
0.40,1461,-4.619,9.637,-9.274
0.40,1462,6.120,2.698,-3.108
0.40,1463,-0.041,3.766,2.858
0.40,1464,-0.043,3.768,2.855
0.40,1465,5.642,0.327,-2.906
0.40,1466,-0.172,-4.032,-1.882
0.40,1467,-0.083,-0.094,7.788
0.40,1468,6.335,-3.968,-2.213
0.40,1469,-0.083,-0.094,7.788
0.40,1470,-3.228,2.024,-2.192
0.40,1471,-0.164,6.897,-2.194
0.40,1472,6.726,3.059,7.135
0.40,1473,-8.579,7.684,-10.270
0.40,1474,-7.979,7.010,-8.861
0.40,1475,-3.232,2.023,-2.191
0.40,1476,6.601,-0.971,3.442
0.40,1477,3.125,-1.888,2.783
0.40,1478,-0.083,-0.094,7.788
0.40,1479,-3.210,2.024,-2.180
0.40,1480,-7.972,7.084,-8.820
0.40,1481,-4.832,2.068,7.478
0.40,1482,-4.345,9.930,-4.427
0.40,1483,-3.211,-1.901,2.777
0.40,1484,-0.042,-3.971,-2.100
0.40,1485,-0.207,3.920,2.797
0.40,1486,7.513,9.066,4.928
0.40,1487,2.406,-9.633,-10.293
0.40,1488,3.208,6.699,8.240
0.40,1489,3.282,1.920,-2.184
0.40,1490,-3.211,-1.901,2.777
0.40,1491,-0.083,-0.094,7.788
0.40,1492,-9.662,2.350,-6.496
0.40,1493,7.175,8.740,-0.921
0.40,1494,-0.042,-3.971,-2.100
0.40,1495,-0.168,6.891,-2.194
0.40,1496,-3.210,2.024,-2.180
0.40,1497,5.916,-5.257,5.056
0.40,1498,-7.397,-9.146,-5.463
0.40,1499,10.206,2.660,7.612
0.40,1500,-3.210,2.024,-2.180
0.40,1501,-3.210,2.024,-2.180
0.40,1502,4.432,-1.603,9.063
0.40,1503,3.134,-1.894,2.779
0.40,1504,-4.261,10.221,-8.538
0.40,1505,-1.216,-3.624,6.520
0.40,1506,6.241,-3.745,-2.124
0.40,1507,3.235,-1.920,2.776
0.40,1508,-5.033,3.302,2.581
0.40,1509,-6.157,-3.775,-2.178
0.40,1510,5.305,-7.006,2.675
0.40,1511,4.900,-4.430,5.236
0.40,1512,6.241,-3.745,-2.124
0.40,1513,-9.959,2.475,-6.267
0.40,1514,-2.812,8.236,-3.871
0.40,1515,3.283,1.920,-2.184
0.40,1516,-0.042,-3.971,-2.100
0.40,1517,3.282,1.920,-2.184
0.40,1518,-0.167,4.368,2.520
0.40,1519,3.282,1.920,-2.184
0.40,1520,6.240,-3.745,-2.124
0.40,1521,-6.430,0.373,-3.024
0.40,1522,-3.210,2.024,-2.180
0.40,1523,2.636,-9.091,-5.758
0.40,1524,-3.276,2.019,-2.215
0.40,1525,6.127,-3.202,-2.121
0.40,1526,3.285,1.919,-2.183
0.40,1527,2.420,7.620,8.367
0.40,1528,-10.585,2.555,-0.736
0.40,1529,0.090,0.051,7.829
0.40,1530,-3.760,-7.606,6.078
0.40,1531,-1.617,-6.453,2.983
0.40,1532,-6.424,-0.181,4.711
0.40,1533,-5.218,1.100,-2.838
0.40,1534,-3.210,2.024,-2.180
0.40,1535,-0.086,-3.988,-2.011
0.40,1536,0.324,-0.027,8.469
0.40,1537,3.282,1.920,-2.184
0.40,1538,-0.042,3.767,2.856
0.40,1539,5.764,-6.649,2.493
0.40,1540,8.411,3.342,7.394
0.40,1541,-3.210,2.024,-2.180
0.40,1542,3.643,2.108,-2.144
0.40,1543,6.236,-2.110,-1.993
0.40,1544,-6.376,-6.425,2.091
0.40,1545,-3.210,2.024,-2.180
0.40,1546,-11.121,2.809,4.405
0.40,1547,-3.210,2.024,-2.180
0.40,1548,7.661,9.134,1.914
0.40,1549,6.221,-3.704,-2.111
0.40,1550,-3.356,-8.865,-9.287
0.40,1551,3.282,1.920,-2.184
0.40,1552,2.002,8.496,-0.455
0.40,1553,-0.046,-3.972,-2.093
0.40,1554,-3.210,2.024,-2.180
0.40,1555,-0.052,-3.973,-2.079
0.40,1556,6.020,2.794,3.230
0.40,1557,6.235,-3.736,-2.118
0.40,1558,11.000,-8.400,-7.476
0.40,1559,-0.083,-0.094,7.788
0.40,1560,-3.210,2.024,-2.180
0.40,1561,-7.872,8.314,6.892
0.40,1562,3.282,1.920,-2.184
0.40,1563,3.126,-1.888,2.782
0.40,1564,-4.760,10.280,-8.862
0.40,1565,3.125,-1.888,2.783
0.40,1566,-3.211,-1.901,2.777
0.40,1567,-8.392,4.236,2.149
0.40,1568,-0.175,6.880,-2.194
0.40,1569,-0.059,3.780,2.839
0.40,1570,6.781,8.728,-0.933
0.40,1571,-0.083,-0.094,7.788
0.40,1572,-10.936,2.988,-10.947
0.40,1573,7.746,6.613,8.202
0.40,1574,6.055,2.921,3.034
0.40,1575,-0.083,-0.094,7.788
0.40,1576,3.283,1.920,-2.185
0.40,1577,-3.210,2.024,-2.180
0.40,1578,-7.128,-3.742,2.732
0.40,1579,-5.410,-7.665,-10.200
0.40,1580,-10.438,2.417,-3.845
0.40,1581,-2.614,5.701,1.948
0.40,1582,-0.042,-3.971,-2.100
0.40,1583,3.393,1.973,-2.199
0.40,1584,-6.293,-8.101,-2.534
0.40,1585,5.694,2.758,6.046
0.40,1586,-6.142,-3.781,-2.179
0.40,1587,6.241,-3.745,-2.124
0.40,1588,-0.044,3.768,2.855
0.40,1589,7.698,9.356,-9.711
0.40,1590,-3.211,-1.901,2.777
0.40,1591,-6.277,-8.249,-2.315
0.40,1592,7.443,1.397,2.205
0.40,1593,-1.334,-2.336,4.366
0.40,1594,9.462,-8.530,6.521
0.40,1595,7.056,8.339,-3.993
0.40,1596,3.139,-1.894,2.779
0.40,1597,-0.086,-0.071,7.789
0.40,1598,-0.523,-4.382,1.235
0.40,1599,-0.175,6.880,-2.194
0.40,1600,-6.104,0.561,2.421
0.40,1601,-6.482,-7.205,-5.385
0.40,1602,-3.211,-1.901,2.777
0.40,1603,-0.042,-3.971,-2.100
0.40,1604,8.958,7.026,5.605
0.40,1605,-1.555,5.947,4.024
0.40,1606,-0.042,-3.971,-2.100
0.40,1607,6.241,-3.745,-2.124
0.40,1608,6.241,-3.745,-2.124
0.40,1609,-0.090,5.888,-2.216
0.40,1610,-3.210,2.024,-2.180
0.40,1611,-3.210,2.024,-2.180
0.40,1612,5.206,-5.825,3.818
0.40,1613,1.823,-1.310,0.892
0.40,1614,-10.368,2.306,-4.285
0.40,1615,-1.254,6.086,4.063
0.40,1616,-0.083,-0.094,7.788
0.40,1617,3.275,1.942,-2.146
0.40,1618,-0.175,6.879,-2.194
0.40,1619,7.003,-0.842,2.604
0.40,1620,6.244,-3.750,-2.128
0.40,1621,-0.175,6.880,-2.194
0.40,1622,-0.175,6.880,-2.194
0.40,1623,-0.083,-0.094,7.788
0.40,1624,4.846,2.334,9.042
0.40,1625,-0.813,-5.421,-1.445
0.40,1626,-0.045,-3.972,-2.098
0.40,1627,3.282,1.920,-2.184
0.40,1628,6.229,-3.693,-2.116
0.40,1629,6.241,-3.745,-2.124
0.40,1630,-0.083,-0.094,7.788
0.40,1631,-5.374,1.007,-2.152
0.40,1632,6.241,-3.745,-2.124
0.40,1633,-3.211,2.024,-2.180
0.40,1634,-0.175,6.880,-2.194
0.40,1635,-0.083,-0.094,7.788
0.40,1636,-0.042,-3.971,-2.100
0.40,1637,-6.399,0.852,6.085
0.40,1638,-0.175,6.880,-2.194
0.40,1639,-3.219,2.024,-2.186
0.40,1640,-0.042,-3.971,-2.100
0.40,1641,-0.083,-0.094,7.788
0.40,1642,-7.831,0.638,7.549
0.40,1643,-4.529,9.365,7.802
0.40,1644,-4.093,10.719,-8.095
0.40,1645,-0.083,-0.094,7.788
0.40,1646,-3.534,-10.363,7.802
0.40,1647,-0.083,-3.985,-2.019
0.40,1648,-0.207,-4.064,-1.826
0.40,1649,3.282,1.920,-2.184
0.40,1650,-0.042,-3.971,-2.100
0.40,1651,9.259,-8.704,-1.155
0.40,1652,-3.225,2.035,-2.182
0.40,1653,5.491,-1.091,3.214
0.40,1654,-3.220,2.031,-2.182
0.40,1655,5.110,-7.271,2.218
0.40,1656,-3.210,2.024,-2.180
0.40,1657,-0.174,6.880,-2.194
0.40,1658,-0.046,-3.972,-2.092
0.40,1659,3.125,-1.888,2.783
0.40,1660,-7.774,-10.327,-8.074
0.40,1661,-0.176,6.876,-2.194
0.40,1662,-6.978,-8.709,-4.835
0.40,1663,-6.142,-3.781,-2.179
0.40,1664,-2.437,8.109,5.858
0.40,1665,6.607,2.027,6.106
0.40,1666,-1.842,-6.585,1.173
0.40,1667,-3.294,2.018,-2.235
0.40,1668,-0.083,-0.094,7.788
0.40,1669,7.533,9.364,-8.701
0.40,1670,-0.042,3.767,2.856
0.40,1671,-3.211,2.024,-2.180
0.40,1672,4.956,-3.982,9.486
0.40,1673,3.382,2.001,-2.194
0.40,1674,-0.175,6.880,-2.194
0.40,1675,3.125,-1.888,2.783
0.40,1676,-5.946,-8.445,-7.381
0.40,1677,-0.042,3.767,2.856
0.40,1678,-0.081,-0.092,7.791
0.40,1679,6.068,2.849,2.485
0.40,1680,7.135,8.231,-5.398
0.40,1681,0.844,-5.291,8.704
0.40,1682,5.469,3.815,3.618
0.40,1683,-0.044,3.768,2.854
0.40,1684,-3.211,-1.901,2.777
0.40,1685,7.704,-9.935,2.046
0.40,1686,5.318,3.477,1.610
0.40,1687,-4.647,2.717,2.618
0.40,1688,-0.042,3.767,2.856
0.40,1689,-0.042,3.767,2.857
0.40,1690,5.477,-6.942,-0.926
0.40,1691,3.282,1.920,-2.184
0.40,1692,7.859,9.559,3.784
0.40,1693,6.241,-3.745,-2.125
0.40,1694,-4.427,2.293,1.939
0.40,1695,-6.665,6.247,-9.981
0.40,1696,-0.051,3.775,2.845
0.40,1697,-0.176,6.878,-2.194
0.40,1698,-0.065,3.792,2.826
0.40,1699,3.282,1.920,-2.184
0.40,1700,-0.042,3.767,2.856
0.40,1701,5.424,-7.370,0.284
0.40,1702,3.282,1.920,-2.184
0.40,1703,3.282,1.920,-2.184
0.40,1704,-0.083,-0.094,7.788
0.40,1705,-0.447,4.038,2.760
0.40,1706,-0.042,3.767,2.856
0.40,1707,-0.175,6.880,-2.194
0.40,1708,-0.042,-3.971,-2.100
0.40,1709,-0.042,-3.971,-2.100
0.40,1710,-0.083,-0.094,7.788
0.40,1711,3.282,1.920,-2.184
0.40,1712,-6.464,-6.326,0.608
0.40,1713,6.240,-3.744,-2.124
0.40,1714,-6.855,-4.431,9.751
0.40,1715,-0.042,3.767,2.856
0.40,1716,-0.278,-3.186,9.048
0.40,1717,-0.270,-4.324,-1.406
0.40,1718,3.305,1.948,-2.201
0.40,1719,-3.210,2.024,-2.180
0.40,1720,6.236,-3.737,-2.119
0.40,1721,-3.210,2.024,-2.180
0.40,1722,6.680,1.637,-10.263
0.40,1723,-6.656,0.324,-2.463
0.40,1724,3.285,1.922,-2.185
0.40,1725,-6.142,-3.781,-2.179
0.40,1726,-5.851,-8.535,-7.683
0.40,1727,0.579,8.051,8.922
0.40,1728,-6.152,-3.778,-2.179
0.40,1729,-6.142,-3.781,-2.179
0.40,1730,-10.812,2.995,2.393
0.40,1731,6.241,-3.745,-2.124
0.40,1732,-0.031,7.073,-2.216
0.40,1733,3.282,1.920,-2.184
0.40,1734,7.475,0.744,5.943
0.40,1735,-0.720,-4.394,0.573
0.40,1736,6.240,-3.745,-2.124
0.40,1737,-6.309,-8.340,-1.943
0.40,1738,-5.598,-6.106,5.339
0.40,1739,-6.142,-3.781,-2.179
0.40,1740,-0.042,-3.971,-2.100
0.40,1741,3.125,-1.888,2.783
0.40,1742,-3.210,2.024,-2.180
0.40,1743,-0.175,6.880,-2.194
0.40,1744,10.092,2.599,-5.300
0.40,1745,-0.042,3.767,2.856
0.40,1746,6.342,-0.522,7.703
0.40,1747,-0.083,-0.094,7.788
0.40,1748,0.017,7.107,-2.292
0.40,1749,-0.042,3.767,2.856
0.40,1750,-0.137,6.912,-2.192
0.40,1751,-0.665,-4.547,0.264
0.40,1752,6.319,-3.975,-2.221
0.40,1753,-0.175,6.880,-2.194
0.40,1754,3.282,1.920,-2.184
0.40,1755,-0.155,5.655,1.904
0.40,1756,6.579,-1.307,2.303
0.40,1757,-3.210,2.024,-2.180
0.40,1758,-7.899,-10.317,-4.003
0.40,1759,3.250,2.469,-0.733
0.40,1760,5.916,3.002,3.560
0.40,1761,-3.276,2.066,-2.161
0.40,1762,-6.452,-7.235,-0.759
0.40,1763,-0.083,-0.094,7.788
0.40,1764,-0.175,6.880,-2.194
0.40,1765,-0.175,6.880,-2.194
0.40,1766,-6.142,-3.781,-2.179
0.40,1767,-6.142,-3.781,-2.179
0.40,1768,6.240,-3.745,-2.124
0.40,1769,-3.394,4.189,3.433
0.40,1770,3.282,1.920,-2.184
0.40,1771,-3.210,2.024,-2.180
0.40,1772,3.474,2.056,-2.149
0.40,1773,-0.477,-4.430,1.804
0.40,1774,-0.123,-0.530,7.883
0.40,1775,5.385,-2.959,-1.798
0.40,1776,-0.158,6.906,-2.195
0.40,1777,6.133,-3.113,-2.122
0.40,1778,-0.057,3.777,2.840
0.40,1779,-1.042,8.311,9.528
0.40,1780,4.333,-6.583,3.127
0.40,1781,-0.175,6.880,-2.194
0.40,1782,3.127,-1.888,2.782
0.40,1783,8.855,-8.183,0.844
0.40,1784,-0.042,-3.971,-2.100
0.40,1785,-3.210,2.024,-2.180
0.40,1786,4.861,4.422,4.399
0.40,1787,-4.726,2.614,2.741
0.40,1788,-8.933,-7.561,8.711
0.40,1789,-0.042,-3.971,-2.100
0.40,1790,-2.626,4.753,5.096
0.40,1791,-6.290,-3.701,-2.240
0.40,1792,-6.157,-3.781,-2.180
0.40,1793,3.282,1.920,-2.184
0.40,1794,-6.574,-0.385,4.066
0.40,1795,3.282,1.920,-2.184
0.40,1796,-3.302,-9.002,-9.559
0.40,1797,-3.211,-1.901,2.777
0.40,1798,-0.083,-0.094,7.788
0.40,1799,3.057,1.934,2.759
0.40,1800,1.472,0.804,4.351
0.40,1801,-3.184,4.242,0.882
0.40,1802,-6.473,-9.099,-3.419
0.40,1803,-8.335,-9.168,-10.213
0.40,1804,-6.142,-3.781,-2.179
0.40,1805,-7.754,-0.371,-2.428
0.40,1806,-3.210,2.024,-2.180
0.40,1807,2.275,9.488,-5.050
0.40,1808,-0.083,-0.094,7.788
0.40,1809,3.282,1.920,-2.184
0.40,1810,-0.042,-3.971,-2.100
0.40,1811,2.568,-8.453,-3.215
0.40,1812,3.282,1.920,-2.184
0.40,1813,-0.042,-3.971,-2.100
0.40,1814,-0.049,-3.972,-2.086
0.40,1815,-0.083,-0.094,7.788
0.40,1816,-0.083,-0.094,7.788
0.40,1817,-6.330,-8.339,-3.019
0.40,1818,7.236,7.982,-10.901
0.40,1819,-7.927,-1.254,0.275
0.40,1820,-0.083,-0.094,7.788
0.40,1821,6.175,-3.553,-2.112
0.40,1822,1.618,7.406,3.158
0.40,1823,-1.232,7.210,-2.387
0.40,1824,-0.042,-3.971,-2.100
0.40,1825,2.716,1.274,7.201
0.40,1826,-2.112,-7.010,9.528
0.40,1827,-0.042,3.767,2.856
0.40,1828,-3.311,8.805,-3.374
0.40,1829,-0.042,3.767,2.856
0.40,1830,6.241,-3.745,-2.124
0.40,1831,8.812,-7.850,9.214
0.40,1832,6.241,-3.745,-2.124
0.40,1833,3.282,1.920,-2.184
0.40,1834,-3.262,2.060,-2.167
0.40,1835,-0.042,-3.971,-2.100
0.40,1836,-6.417,-6.887,-0.677
0.40,1837,7.519,9.450,-8.514
0.40,1838,2.837,-8.210,-7.187
0.40,1839,-0.284,3.978,2.582
0.40,1840,4.444,-2.921,3.442
0.40,1841,3.126,-1.888,2.783
0.40,1842,10.815,-8.144,-6.645
0.40,1843,-3.210,2.024,-2.180
0.40,1844,-0.043,-3.972,-2.099
0.40,1845,-3.013,-10.043,-4.408
0.40,1846,6.295,2.086,6.163
0.40,1847,6.240,-3.745,-2.124
0.40,1848,-3.211,-1.901,2.777
0.40,1849,-3.210,2.024,-2.180
0.40,1850,6.717,8.437,-2.263
0.40,1851,4.204,2.980,-1.893
0.40,1852,-0.042,-3.971,-2.100
0.40,1853,-3.521,2.216,-1.948
0.40,1854,9.921,-8.841,4.433
0.40,1855,-0.083,-0.094,7.788
0.40,1856,-3.210,2.024,-2.180
0.40,1857,6.241,-3.745,-2.124
0.40,1858,7.124,8.465,-4.394
0.40,1859,-7.977,1.266,8.389
0.40,1860,1.690,7.460,1.544
0.40,1861,6.241,-3.745,-2.124
0.40,1862,6.241,-3.745,-2.124
0.40,1863,3.282,1.920,-2.184
0.40,1864,-0.083,-0.094,7.788
0.40,1865,-0.042,3.767,2.856
0.40,1866,-6.136,-8.528,-7.250
0.40,1867,-10.601,2.449,-0.693
0.40,1868,-4.136,10.698,-8.225
0.40,1869,-7.043,-2.980,6.050
0.40,1870,-10.940,3.505,5.177
0.40,1871,-3.211,-1.901,2.777
0.40,1872,-4.819,1.303,-0.975
0.40,1873,5.066,4.134,4.653
0.40,1874,-0.083,-0.094,7.788
0.40,1875,3.125,-1.888,2.783
0.40,1876,-7.226,-2.433,4.306
0.40,1877,3.282,1.920,-2.184
0.40,1878,-0.584,-4.910,3.197
0.40,1879,-6.454,-0.064,3.568
0.40,1880,3.126,-1.888,2.783
0.40,1881,3.125,-1.888,2.783
0.40,1882,-3.210,2.024,-2.180
0.40,1883,0.024,0.011,7.720
0.40,1884,-3.210,2.024,-2.180
0.40,1885,-6.977,-1.075,-9.530
0.40,1886,-0.175,6.880,-2.194
0.40,1887,-7.702,-10.601,-2.819
0.40,1888,-0.067,-3.979,-2.048
0.40,1889,7.992,8.060,4.801
0.40,1890,6.241,-3.745,-2.124
0.40,1891,2.762,-9.420,-0.270
0.40,1892,-9.066,8.250,-10.981
0.40,1893,8.283,7.519,5.335
0.40,1894,-7.640,-10.056,-7.583
0.40,1895,7.088,-2.330,9.149
0.40,1896,-0.042,3.767,2.856
0.40,1897,-6.250,-4.847,7.060
0.40,1898,-3.210,2.024,-2.180
0.40,1899,-1.121,-5.572,8.067
0.40,1900,7.520,-0.672,7.036
0.40,1901,-0.042,-3.971,-2.100
0.40,1902,3.284,1.922,-2.185
0.40,1903,-6.309,-7.853,-1.955
0.40,1904,-6.443,-6.666,-0.543
0.40,1905,7.663,-1.251,6.371
0.40,1906,-0.042,3.767,2.856
0.40,1907,-0.083,-0.094,7.788
0.40,1908,-6.142,-3.781,-2.179
0.40,1909,-0.181,6.870,-2.194
0.40,1910,-5.076,-6.215,6.884
0.40,1911,-6.752,-0.677,5.218
0.40,1912,-3.730,1.879,-2.349
0.40,1913,-0.167,0.003,7.767
0.40,1914,7.841,9.982,-10.409
0.40,1915,-0.042,3.767,2.856
0.40,1916,-7.079,-2.360,-11.060
0.40,1917,-3.296,2.076,-2.148
0.40,1918,-1.312,4.977,-8.193
0.40,1919,-3.621,2.261,-1.859
0.40,1920,-0.083,-0.094,7.788
0.40,1921,-0.083,-0.094,7.788
0.40,1922,-0.043,3.767,2.856
0.40,1923,-8.227,-8.821,-10.423
0.40,1924,3.282,1.920,-2.184
0.40,1925,4.727,-6.046,7.009
0.40,1926,-0.175,6.880,-2.194
0.40,1927,-0.042,-3.971,-2.100
0.40,1928,-6.634,-6.974,0.090
0.40,1929,3.282,1.920,-2.184
0.40,1930,-0.097,-3.993,-1.994
0.40,1931,-6.897,0.206,1.691
0.40,1932,-6.142,-3.781,-2.179
0.40,1933,-0.083,-0.094,7.788
0.40,1934,-0.959,3.876,3.039
0.40,1935,-0.083,-0.094,7.788
0.40,1936,-0.083,-0.094,7.788
0.40,1937,-3.210,2.024,-2.180
0.40,1938,-3.310,9.043,-5.623
0.40,1939,-0.083,-0.094,7.790
0.40,1940,-4.794,-7.001,9.507
0.40,1941,-3.210,2.024,-2.180
0.40,1942,-8.793,7.493,4.787
0.40,1943,-0.042,-3.971,-2.100
0.40,1944,6.243,-3.749,-2.128
0.40,1945,5.315,3.081,-0.905
0.40,1946,-0.083,-0.094,7.788
0.40,1947,3.282,1.920,-2.184
0.40,1948,-3.210,2.024,-2.180
0.40,1949,-3.211,-1.901,2.777
0.40,1950,3.508,-2.008,2.248
0.40,1951,-4.373,2.491,6.822
0.40,1952,-9.007,-4.743,8.721
0.40,1953,2.362,7.421,7.208
0.40,1954,6.241,-3.745,-2.124
0.40,1955,6.138,-3.289,-2.111
0.40,1956,-0.042,-3.971,-2.100
0.40,1957,4.202,-8.638,3.462
0.40,1958,-6.142,-3.781,-2.179
0.40,1959,-9.956,-8.781,3.012
0.40,1960,-6.142,-3.781,-2.179
0.40,1961,6.241,-3.745,-2.124
0.40,1962,3.282,1.920,-2.184
0.40,1963,6.112,-6.966,2.104
0.40,1964,6.163,-2.726,-2.085
0.40,1965,5.372,3.618,2.527
0.40,1966,-5.928,-7.786,-11.129
0.40,1967,-4.923,-5.450,7.162
0.40,1968,-1.347,-4.216,5.513
0.40,1969,5.258,3.567,4.932
0.40,1970,-3.516,2.206,-1.958
0.40,1971,0.062,-4.995,7.041
0.40,1972,-0.042,-3.971,-2.100
0.40,1973,-3.211,-1.901,2.777
0.40,1974,-7.832,-10.500,-3.715
0.40,1975,-3.321,2.013,-2.250
0.40,1976,-0.042,3.767,2.856
0.40,1977,5.637,-6.849,8.214
0.40,1978,0.080,-0.014,7.810
0.40,1979,-6.142,-3.781,-2.179
0.40,1980,-7.181,8.167,-5.555
0.40,1981,3.125,-1.888,2.783
0.40,1982,-0.043,-3.971,-2.099
0.40,1983,-3.210,2.024,-2.180
0.40,1984,-0.175,6.880,-2.194
0.40,1985,3.125,-1.888,2.783
0.40,1986,-6.142,-3.781,-2.179
0.40,1987,0.304,0.407,5.984
0.40,1988,9.385,-2.540,6.598
0.40,1989,-0.042,-3.971,-2.100
0.40,1990,-8.328,6.981,-5.515
0.40,1991,-6.142,-3.781,-2.179
0.40,1992,7.074,1.488,2.558
0.40,1993,-0.175,6.880,-2.194
0.40,1994,6.241,-3.745,-2.124
0.40,1995,3.282,1.920,-2.184
0.40,1996,-0.656,-4.568,0.144
0.40,1997,7.050,-0.313,4.445
0.40,1998,-3.210,2.024,-2.180
0.40,1999,3.125,-1.888,2.783
0.40,2000,-2.195,6.207,-10.329
0.40,2001,-3.211,-1.901,2.777
0.40,2002,-0.043,3.767,2.856
0.40,2003,-1.083,-4.425,3.646
0.40,2004,3.282,1.920,-2.184
0.40,2005,-3.211,-1.901,2.777
0.40,2006,6.168,-2.661,-2.057
0.40,2007,-0.083,-0.094,7.788
0.40,2008,5.526,-4.837,-8.620
0.40,2009,-5.492,2.077,3.784
0.40,2010,3.282,1.920,-2.184
0.40,2011,-1.009,5.334,3.569
0.40,2012,3.286,1.922,-2.185
0.40,2013,-0.042,-3.971,-2.100
0.40,2014,-1.101,-4.077,1.387
0.40,2015,-6.142,-3.781,-2.179
0.40,2016,6.142,-3.236,-2.113
0.40,2017,-0.083,-0.094,7.788
0.40,2018,-0.042,3.767,2.856
0.40,2019,10.087,2.606,-5.184
0.40,2020,-3.214,2.024,-2.182
0.40,2021,-7.102,-9.843,7.586
0.40,2022,-3.210,2.024,-2.180
0.40,2023,6.224,-3.711,-2.112
0.40,2024,7.089,0.616,4.551
0.40,2025,-3.216,2.024,-2.184
0.40,2026,-0.659,-4.761,5.859
0.40,2027,-4.598,2.154,-0.289
0.40,2028,-6.364,-7.326,-1.166
0.40,2029,3.282,1.920,-2.184
0.40,2030,-6.306,-7.737,-1.960
0.40,2031,-3.210,2.024,-2.180
0.40,2032,-3.210,2.024,-2.180
0.40,2033,-0.083,-0.094,7.788
0.40,2034,7.344,9.062,-7.747
0.40,2035,-0.083,-0.094,7.789
0.40,2036,6.240,-3.745,-2.124
0.40,2037,-6.142,-3.781,-2.179
0.40,2038,-0.083,-0.094,7.788
0.40,2039,6.223,-3.708,-2.112
0.40,2040,-3.212,2.025,-2.181
0.40,2041,-0.083,-0.094,7.788
0.40,2042,4.664,-5.536,5.513
0.40,2043,-4.903,-6.462,-10.444
0.40,2044,1.714,1.002,7.505
0.40,2045,3.125,-1.888,2.783
0.40,2046,3.282,1.920,-2.184
0.40,2047,-6.142,-3.781,-2.179
0.40,2048,-0.042,3.767,2.856
0.40,2049,-6.391,-7.142,3.758
0.40,2050,-0.045,3.769,2.853
0.40,2051,-5.704,-5.394,-6.264
0.40,2052,-3.904,3.508,9.596
0.40,2053,-7.117,-3.800,-2.098
0.40,2054,1.955,7.719,-0.535
0.40,2055,5.181,-5.537,7.293
0.40,2056,2.325,-9.206,-3.835
0.40,2057,9.710,-8.319,-5.079
0.40,2058,-7.850,6.958,-7.375
0.40,2059,6.239,-3.743,-2.123
0.40,2060,6.461,-0.969,3.632
0.40,2061,-3.210,2.024,-2.180
0.40,2062,-3.210,2.024,-2.180
0.40,2063,-3.211,-1.901,2.777
0.40,2064,8.617,1.430,6.836
0.40,2065,-0.042,3.767,2.856
0.40,2066,6.325,-3.252,-2.088
0.40,2067,-0.042,-3.971,-2.100
0.40,2068,-6.831,-8.034,-5.536
0.40,2069,-8.179,7.785,-3.396
0.40,2070,9.629,-8.403,-4.832
0.40,2071,-7.109,-1.132,3.939
0.40,2072,-0.083,-0.094,7.788
0.40,2073,-6.412,0.149,3.003
0.40,2074,9.391,-8.760,-3.278
0.40,2075,-6.143,-3.781,-2.179
0.40,2076,-0.083,-0.094,7.788
0.40,2077,-3.211,-1.901,2.777
0.40,2078,-0.042,3.767,2.856
0.40,2079,-4.018,9.151,-1.726
0.40,2080,-7.276,-8.938,-5.704
0.40,2081,-2.564,6.978,4.894
0.40,2082,5.045,4.438,7.274
0.40,2083,-0.042,3.767,2.856
0.40,2084,-3.234,2.041,-2.180
0.40,2085,3.125,-1.888,2.783
0.40,2086,-0.717,0.311,3.591
0.40,2087,-0.175,6.880,-2.194
0.40,2088,0.484,6.706,-1.937
0.40,2089,-7.693,9.492,6.761
0.40,2090,-6.142,-3.781,-2.179
0.40,2091,-10.261,-8.660,5.303
0.40,2092,2.485,2.513,1.202
0.40,2093,-0.083,-0.094,7.788
0.40,2094,-6.322,1.427,4.378
0.40,2095,-4.319,1.636,-2.688
0.40,2096,5.532,-5.274,8.075
0.40,2097,3.125,-1.888,2.783
0.40,2098,-0.042,-3.971,-2.100
0.40,2099,-0.042,-3.971,-2.100
0.40,2100,-6.613,-8.769,-3.960
0.40,2101,3.283,1.921,-2.185
0.40,2102,-6.142,-3.781,-2.179
0.40,2103,-0.262,3.996,2.829
0.40,2104,-5.530,0.969,-1.400
0.40,2105,-3.509,2.202,-1.972
0.40,2106,-0.044,3.768,2.854
0.40,2107,6.133,-3.100,-2.137
0.40,2108,3.282,1.920,-2.184
0.40,2109,7.041,8.403,-3.710
0.40,2110,2.818,-10.071,-10.874
0.40,2111,5.211,3.016,-1.014
0.40,2112,-0.175,6.880,-2.194
0.40,2113,-0.083,-0.093,7.790
0.40,2114,-2.640,-10.749,3.844
0.40,2115,6.266,-2.259,-1.957
0.40,2116,-0.086,-0.091,7.787
0.40,2117,-0.042,-3.971,-2.100
0.40,2118,-0.083,-0.094,7.788
0.40,2119,-3.211,-1.901,2.777
0.40,2120,6.240,-3.744,-2.124
0.40,2121,-8.358,-10.268,-9.971
0.40,2122,-0.042,-3.971,-2.100
0.40,2123,7.641,1.882,-10.080
0.40,2124,-3.214,2.024,-2.183
0.40,2125,-0.175,6.847,-2.194
0.40,2126,6.241,-3.745,-2.124
0.40,2127,-6.102,-6.660,5.259
0.40,2128,-0.083,-0.094,7.788
0.40,2129,-0.033,7.072,-2.216
0.40,2130,1.749,7.911,1.461
0.40,2131,3.265,-8.159,-1.917
0.40,2132,2.631,6.960,5.339
0.40,2133,4.369,2.525,9.553
0.40,2134,-5.989,-4.918,5.566
0.40,2135,3.282,1.920,-2.184
0.40,2136,-3.211,2.024,-2.180
0.40,2137,6.241,-3.745,-2.124
0.40,2138,-7.882,-10.175,-4.129
0.40,2139,-0.175,6.880,-2.194
0.40,2140,3.523,-7.190,9.305
0.40,2141,-3.263,2.056,-2.169
0.40,2142,-0.044,-3.972,-2.099
0.40,2143,-6.142,-3.781,-2.179
0.40,2144,6.241,-3.745,-2.124
0.40,2145,-0.168,6.892,-2.194
0.40,2146,-0.083,-0.094,7.788
0.40,2147,6.241,-3.745,-2.124
0.40,2148,3.282,1.920,-2.184
0.40,2149,3.338,1.960,-2.192
0.40,2150,-0.042,-3.971,-2.100
0.40,2151,-6.620,-7.384,-4.203
0.40,2152,4.918,-5.486,4.325
0.40,2153,-3.298,5.791,8.276
0.40,2154,-0.042,-3.971,-2.100
0.40,2155,-6.064,8.805,6.982
0.40,2156,3.282,1.920,-2.184
0.40,2157,-0.042,3.767,2.856
0.40,2158,-3.210,2.024,-2.180
0.40,2159,3.282,1.920,-2.184
0.40,2160,4.865,4.238,4.155
0.40,2161,-2.281,4.796,7.740
0.40,2162,-7.282,-3.343,-2.332
0.40,2163,-0.042,-3.971,-2.100
0.40,2164,-3.211,-1.901,2.777
0.40,2165,2.252,-8.839,-8.146
0.40,2166,-0.042,-3.971,-2.100
0.40,2167,-4.308,1.623,-2.575
0.40,2168,-3.210,2.024,-2.180
0.40,2169,-7.468,0.722,-9.903
0.40,2170,-0.042,3.767,2.856
0.40,2171,7.218,8.346,-5.058
0.40,2172,-0.503,-4.748,6.132
0.40,2173,3.125,-1.888,2.783
0.40,2174,-0.042,-3.971,-2.100
0.40,2175,-8.153,6.962,-6.047
0.40,2176,3.125,-1.888,2.783
0.40,2177,-3.210,2.024,-2.180
0.40,2178,3.125,-1.888,2.783
0.40,2179,3.282,1.920,-2.184
0.40,2180,-6.878,-8.217,-5.753
0.40,2181,-3.404,1.996,-2.292
0.40,2182,9.002,5.479,2.454
0.40,2183,2.595,-9.362,0.785
0.40,2184,-10.260,2.432,-4.914
0.40,2185,6.044,3.114,-4.802
0.40,2186,-6.354,-7.322,-1.244
0.40,2187,-3.211,-1.901,2.777
0.40,2188,-3.355,2.651,6.913
0.40,2189,-0.178,6.876,-2.195
0.40,2190,6.241,-3.745,-2.124
0.40,2191,-0.083,-0.094,7.788
0.40,2192,9.938,-8.188,-5.401
0.40,2193,-6.370,-8.109,-3.120
0.40,2194,-0.083,-0.094,7.788
0.40,2195,5.787,-3.421,1.936
0.40,2196,-0.069,-3.979,-2.045
0.40,2197,-0.943,-4.799,-1.366
0.40,2198,-0.042,-3.971,-2.100
0.40,2199,3.586,2.101,-2.043
0.40,2200,-0.175,6.880,-2.194
0.40,2201,-1.410,5.770,3.912
0.40,2202,-7.831,6.959,-7.853
0.40,2203,8.590,7.194,4.073
0.40,2204,3.550,2.173,-2.178
0.40,2205,3.282,1.920,-2.184
0.40,2206,-3.211,-1.901,2.777
0.40,2207,-5.998,-3.867,-2.214
0.40,2208,3.282,1.920,-2.184
0.40,2209,3.136,-1.895,2.778
0.40,2210,-0.042,-3.971,-2.100
0.40,2211,-6.142,-3.781,-2.179
0.40,2212,-8.316,-9.748,3.139
0.40,2213,-5.628,0.929,-1.168
0.40,2214,10.271,-8.071,-5.830
0.40,2215,5.238,3.589,4.530
0.40,2216,0.576,0.615,6.595
0.40,2217,-0.097,6.971,-2.194
0.40,2218,4.910,-5.505,4.286
0.40,2219,-0.042,-3.971,-2.100
0.40,2220,3.126,-1.888,2.783
0.40,2221,-3.210,2.024,-2.180
0.40,2222,-6.336,0.896,-0.930
0.40,2223,6.241,-3.745,-2.124
0.40,2224,7.097,1.829,2.349
0.40,2225,3.283,1.921,-2.185
0.40,2226,-6.331,-3.679,-2.261
0.40,2227,-0.042,-3.971,-2.100
0.40,2228,-6.142,-3.781,-2.179
0.40,2229,-6.591,-6.873,0.013
0.40,2230,-5.406,0.975,-2.438
0.40,2231,-0.083,-0.094,7.788
0.40,2232,9.392,-8.754,-3.498
0.40,2233,-0.048,-3.972,-2.087
0.40,2234,7.242,-0.294,6.864
0.40,2235,-0.042,-3.971,-2.100
0.40,2236,-0.042,-3.971,-2.100
0.40,2237,-0.117,3.826,2.830
0.40,2238,-4.463,2.529,1.391
0.40,2239,3.282,1.920,-2.184
0.40,2240,-7.852,7.003,-7.211
0.40,2241,7.663,8.406,4.631
0.40,2242,-6.656,1.542,6.220
0.40,2243,5.837,-4.743,8.606
0.40,2244,-3.242,2.027,-2.191
0.40,2245,6.240,-3.745,-2.124
0.40,2246,-8.396,7.703,-2.968
0.40,2247,6.241,-3.745,-2.124
0.40,2248,-3.210,2.024,-2.180
0.40,2249,-3.020,3.032,5.134
0.40,2250,-0.463,-4.363,1.449
0.40,2251,5.455,3.046,5.464
0.40,2252,-3.306,2.092,-2.138
0.40,2253,-0.668,4.087,1.614
0.40,2254,-11.048,2.848,3.374
0.40,2255,6.241,-3.745,-2.124
0.40,2256,-0.083,-0.094,7.788
0.40,2257,-0.083,-0.094,7.788
0.40,2258,4.587,2.661,-1.599
0.40,2259,-0.082,-0.090,7.793
0.40,2260,-0.092,3.811,2.810
0.40,2261,-0.042,3.767,2.856
0.40,2262,2.681,-9.353,0.246
0.40,2263,-0.175,6.873,-2.194
0.40,2264,2.175,7.410,4.412
0.40,2265,-0.042,-3.971,-2.100
0.40,2266,-0.175,6.880,-2.194
0.40,2267,-3.215,2.024,-2.183
0.40,2268,-0.042,3.767,2.856
0.40,2269,-0.081,-0.098,7.827
0.40,2270,3.282,1.920,-2.184
0.40,2271,2.243,-8.966,-8.196
0.40,2272,-0.413,-4.776,6.649
0.40,2273,6.241,-3.745,-2.124
0.40,2274,-0.190,-4.019,-1.876
0.40,2275,-6.340,-8.289,-3.055
0.40,2276,2.564,-8.689,-7.389
0.40,2277,-0.959,5.600,-1.732
0.40,2278,-3.210,2.024,-2.180
0.40,2279,-5.712,0.867,-1.760
0.40,2280,-6.387,-7.187,-1.014
0.40,2281,-5.939,-6.503,-5.826
0.40,2282,-0.042,3.767,2.856
0.40,2283,3.282,1.920,-2.184
0.40,2284,6.241,-3.745,-2.124
0.40,2285,-3.283,2.090,-2.155
0.40,2286,-0.042,-3.971,-2.100
0.40,2287,6.241,-3.745,-2.124
0.40,2288,-5.623,-5.537,6.067
0.40,2289,-7.591,8.276,-2.049
0.40,2290,-0.083,-0.094,7.788
0.40,2291,2.381,-9.250,-4.703
0.40,2292,7.879,2.778,-4.221
0.40,2293,-9.027,-9.488,0.384
0.40,2294,6.346,-3.961,-2.195
0.40,2295,-0.044,3.768,2.855
0.40,2296,-3.211,-1.901,2.777
0.40,2297,-7.165,-9.564,-7.403
0.40,2298,-0.105,-3.996,-1.981
0.40,2299,6.016,3.242,0.385
0.40,2300,3.125,-1.888,2.783
0.40,2301,-0.094,6.950,-2.180
0.40,2302,-3.219,2.032,-2.182
0.40,2303,-0.083,-0.094,7.788
0.40,2304,3.282,1.920,-2.184
0.40,2305,-0.046,-3.972,-2.093
0.40,2306,1.848,8.086,-0.982
0.40,2307,-0.083,-0.094,7.788
0.40,2308,-0.043,-3.972,-2.100
0.40,2309,-3.210,2.024,-2.180
0.40,2310,-6.142,-3.781,-2.179
0.40,2311,-0.042,-3.971,-2.100
0.40,2312,-0.045,3.769,2.853
0.40,2313,-0.042,-3.971,-2.100
0.40,2314,3.282,1.920,-2.184
0.40,2315,-0.083,-0.094,7.788
0.40,2316,3.281,1.922,-2.077
0.40,2317,0.565,6.770,-1.871
0.40,2318,-2.567,-10.442,-3.901
0.40,2319,7.586,9.476,-8.838
0.40,2320,2.468,-9.298,-3.983
0.40,2321,-2.211,5.484,8.566
0.40,2322,-5.891,-8.396,-7.385
0.40,2323,0.727,-8.475,8.096
0.40,2324,-4.079,10.490,-7.711
0.40,2325,2.551,-9.104,-3.202
0.40,2326,-3.042,1.821,7.471
0.40,2327,-3.211,-1.901,2.777
0.40,2328,-0.175,6.880,-2.194
0.40,2329,-6.956,-1.491,8.031
0.40,2330,3.287,1.924,-2.186
0.40,2331,-3.211,-1.901,2.777
0.40,2332,-6.638,-2.741,-8.606
0.40,2333,-0.043,3.767,2.856
0.40,2334,-9.288,8.520,-11.145
0.40,2335,-6.142,-3.781,-2.179
0.40,2336,-0.694,5.452,2.789
0.40,2337,-6.452,-3.616,-2.358
0.40,2338,8.111,-2.687,9.071
0.40,2339,-0.045,-3.972,-2.099
0.40,2340,-3.245,2.054,-2.183
0.40,2341,-0.042,-3.971,-2.100
0.40,2342,3.625,2.073,-2.292
0.40,2343,2.060,8.217,0.038
0.40,2344,-3.347,6.877,6.812
0.40,2345,3.128,-1.889,2.782
0.40,2346,-3.210,2.024,-2.180
0.40,2347,-0.386,-4.979,5.736
0.40,2348,1.968,8.405,0.163
0.40,2349,-3.210,2.024,-2.180
0.40,2350,3.282,1.920,-2.184
0.40,2351,-0.083,-0.094,7.788
0.40,2352,9.381,-8.633,-1.537
0.40,2353,-0.188,6.825,-2.196
0.40,2354,-6.391,-8.437,-6.816
0.40,2355,1.475,-10.136,6.059
0.40,2356,-8.446,7.431,-4.117
0.40,2357,-7.044,-1.996,5.176
0.40,2358,-0.042,3.767,2.856
0.40,2359,6.241,-3.745,-2.124
0.40,2360,6.257,-3.661,-2.124
0.40,2361,-0.042,-3.971,-2.100
0.40,2362,-7.409,-1.267,2.559
0.40,2363,-0.042,3.767,2.856
0.40,2364,-0.175,6.880,-2.194
0.40,2365,-6.971,-5.643,1.089
0.40,2366,6.241,-3.745,-2.124
0.40,2367,-0.042,3.767,2.856
0.40,2368,1.562,-6.124,6.093
0.40,2369,3.125,-1.888,2.783
0.40,2370,-9.984,2.390,-5.902
0.40,2371,-0.042,-3.971,-2.100
0.40,2372,4.492,-5.579,5.281
0.40,2373,-3.210,2.024,-2.179
0.40,2374,6.241,-3.745,-2.124
0.40,2375,-6.961,-1.032,-9.410
0.40,2376,6.138,-3.240,-2.120
0.40,2377,-0.201,6.848,-2.194
0.40,2378,-0.181,-9.702,9.333
0.40,2379,3.282,1.920,-2.184
0.40,2380,-6.142,-3.781,-2.179
0.40,2381,-4.936,-6.856,-9.821
0.40,2382,-3.877,3.918,4.073
0.40,2383,-2.499,-4.990,9.205
0.40,2384,-6.331,-7.603,-1.509
0.40,2385,-6.142,-3.781,-2.179
0.40,2386,-9.398,0.207,7.970
0.40,2387,4.164,-4.268,5.790
0.40,2388,-0.192,6.570,-2.178
0.40,2389,-5.914,3.195,7.114
0.40,2390,4.787,-1.038,8.862
0.40,2391,-0.082,-0.095,7.790
0.40,2392,-0.042,3.767,2.856
0.40,2393,-0.562,-4.192,1.481
0.40,2394,-0.042,3.767,2.856
0.40,2395,3.608,2.259,-2.223
0.40,2396,-5.156,4.110,2.948
0.40,2397,-0.896,-5.479,-1.141
0.40,2398,-6.660,-6.715,0.668
0.40,2399,3.351,1.908,-2.066
0.40,2400,3.126,-1.888,2.783
0.40,2401,10.450,-8.077,-6.135
0.40,2402,-6.329,-6.943,-1.446
0.40,2403,8.590,-7.869,0.619
0.40,2404,2.199,8.888,-5.597
0.40,2405,-0.300,-4.160,-1.740
0.40,2406,-7.092,1.514,7.465
0.40,2407,6.217,-3.692,-2.111
0.40,2408,3.125,-1.888,2.783
0.40,2409,3.239,-1.942,2.712
0.40,2410,-0.480,-4.969,2.083
0.40,2411,7.328,-0.331,1.566
0.40,2412,-3.210,2.024,-2.180
0.40,2413,-1.731,4.123,-7.046
0.40,2414,-5.311,2.734,6.626
0.40,2415,-3.211,2.024,-2.180
0.40,2416,-0.042,3.767,2.857
0.40,2417,-4.371,9.056,-2.447
0.40,2418,-0.042,-3.971,-2.100
0.40,2419,-3.210,2.024,-2.180
0.40,2420,-3.210,2.024,-2.180
0.40,2421,-0.166,6.895,-2.194
0.40,2422,-2.632,6.993,5.055
0.40,2423,-0.042,3.767,2.856
0.40,2424,3.283,1.920,-2.185
0.40,2425,-3.823,1.831,-2.284
0.40,2426,-0.083,-0.094,7.788
0.40,2427,-0.057,3.778,2.841
0.40,2428,-4.826,9.209,1.208
0.40,2429,2.707,-8.578,1.163
0.40,2430,5.072,5.604,8.931
0.40,2431,3.705,-7.831,0.611
0.40,2432,-3.210,2.024,-2.180
0.40,2433,7.653,8.445,3.148
0.40,2434,8.568,-9.371,2.912
0.40,2435,3.884,-8.684,7.473
0.40,2436,-6.307,-7.737,-1.850
0.40,2437,6.241,-3.745,-2.124
0.40,2438,-3.210,2.024,-2.180
0.40,2439,-2.342,8.145,7.995
0.40,2440,-7.344,1.139,7.489
0.40,2441,-5.182,2.384,7.276
0.40,2442,-0.083,-0.094,7.788
0.40,2443,4.151,2.261,-2.245
0.40,2444,-0.042,3.767,2.856
0.40,2445,-0.043,3.767,2.856
0.40,2446,7.126,8.083,-5.836
0.40,2447,-3.306,2.093,-2.137
0.40,2448,-6.677,-8.055,-6.000
0.40,2449,-6.529,-8.061,-3.805
0.40,2450,-0.084,-0.091,7.790
0.40,2451,4.476,-5.557,4.417
0.40,2452,6.809,-7.027,1.206
0.40,2453,-0.057,-0.079,7.797
0.40,2454,-0.183,6.861,-2.194
0.40,2455,-0.754,4.046,2.946
0.40,2456,-0.042,3.767,2.856
0.40,2457,-0.173,6.884,-2.194
0.40,2458,-8.279,6.998,-5.712
0.40,2459,8.777,-8.926,2.595
0.40,2460,-6.788,-8.149,-4.693
0.40,2461,6.606,-4.451,-3.272
0.40,2462,3.125,-1.888,2.783
0.40,2463,6.696,-0.809,3.373
0.40,2464,6.250,-7.601,6.064
0.40,2465,-7.245,-0.019,-10.706
0.40,2466,0.050,7.149,-2.219
0.40,2467,-6.330,-8.722,-3.131
0.40,2468,3.173,-1.919,2.760
0.40,2469,-0.042,3.767,2.856
0.40,2470,-3.027,7.768,0.492
0.40,2471,-6.142,-3.781,-2.179
0.40,2472,-6.142,-3.781,-2.179
0.40,2473,-0.140,6.931,-2.195
0.40,2474,-3.210,2.024,-2.180
0.40,2475,-6.438,-7.131,-0.720
0.40,2476,6.240,-3.745,-2.124
0.40,2477,6.981,-1.241,2.187
0.40,2478,-6.368,1.547,-6.290
0.40,2479,6.241,-3.745,-2.124
0.40,2480,-3.211,-1.901,2.777
0.40,2481,-0.175,6.880,-2.194
0.40,2482,-5.401,-8.057,-8.122
0.40,2483,-4.801,2.329,6.447
0.40,2484,-7.093,0.057,-9.540
0.40,2485,-1.858,5.221,7.313
0.40,2486,3.282,1.920,-2.184
0.40,2487,-0.067,-3.978,-2.049
0.40,2488,-0.042,-3.971,-2.100
0.40,2489,-3.210,2.024,-2.180
0.40,2490,6.241,-3.746,-2.125
0.40,2491,-0.042,-3.971,-2.100
0.40,2492,0.097,7.224,-2.321
0.40,2493,-5.857,0.683,0.459
0.40,2494,-6.366,-8.052,-10.689
0.40,2495,-3.210,2.024,-2.180
0.40,2496,5.074,3.773,-0.722
0.40,2497,-3.210,2.024,-2.180
0.40,2498,7.658,1.317,6.300
0.40,2499,-6.142,-3.781,-2.179
0.40,2500,5.711,3.043,6.900
0.40,2501,3.440,2.032,-2.176
0.40,2502,-4.854,1.306,1.514
0.40,2503,3.125,-1.888,2.783
0.40,2504,4.038,-5.534,8.737
0.40,2505,-6.315,-7.655,-1.733
0.40,2506,-0.042,-3.971,-2.100
0.40,2507,-3.211,2.024,-2.181
0.40,2508,-3.210,2.024,-2.180
0.40,2509,6.241,-3.745,-2.124
0.40,2510,-7.497,3.300,7.933
0.40,2511,3.306,1.941,-2.192
0.40,2512,3.125,-1.888,2.783
0.40,2513,-3.210,2.024,-2.180
0.40,2514,2.598,6.932,5.997
0.40,2515,6.669,7.828,0.803
0.40,2516,-0.175,6.879,-2.194
0.40,2517,8.083,-3.127,6.928
0.40,2518,6.398,8.483,-1.421
0.40,2519,-0.175,6.880,-2.194
0.40,2520,-3.210,2.024,-2.180
0.40,2521,-0.042,-3.971,-2.100
0.40,2522,3.282,1.920,-2.184
0.40,2523,-3.210,2.024,-2.180
0.40,2524,-0.069,3.778,2.845
0.40,2525,-0.042,-3.971,-2.100
0.40,2526,-3.937,1.801,-2.492
0.40,2527,-7.894,6.967,-7.021
0.40,2528,3.166,2.018,-2.119
0.40,2529,6.853,8.175,-3.293
0.40,2530,-3.210,2.024,-2.180
0.40,2531,-0.400,-5.086,5.486
0.40,2532,-1.834,0.485,8.353
0.40,2533,-5.500,0.926,-0.684
0.40,2534,3.126,-1.888,2.782
0.40,2535,-6.656,0.297,2.008
0.40,2536,-4.443,2.459,2.075
0.40,2537,-5.577,8.778,-7.338
0.40,2538,-0.043,3.767,2.856
0.40,2539,6.240,-3.744,-2.124
0.40,2540,-0.099,6.981,-2.197
0.40,2541,-3.236,2.025,-2.200
0.40,2542,-0.175,6.880,-2.194
0.40,2543,-3.854,-9.557,-3.343
0.40,2544,6.694,8.117,-2.671
0.40,2545,-3.210,2.024,-2.180
0.40,2546,4.490,2.875,-1.445
0.40,2547,7.005,-1.321,-0.861
0.40,2548,-0.083,-0.094,7.788
0.40,2549,5.673,2.836,4.684
0.40,2550,-3.210,2.024,-2.180
0.40,2551,-6.142,-3.781,-2.179
0.40,2552,-6.612,-9.473,-3.042
0.40,2553,-7.665,-2.692,2.993
0.40,2554,-8.065,-3.585,1.793
0.40,2555,-6.142,-3.781,-2.179
0.40,2556,-3.211,2.024,-2.180
0.40,2557,-0.078,-0.121,7.783
0.40,2558,6.240,-3.744,-2.124
0.40,2559,-0.042,-3.971,-2.100
0.40,2560,3.282,1.920,-2.184
0.40,2561,4.312,3.130,-1.795
0.40,2562,2.682,-8.315,8.835
0.40,2563,3.125,-1.888,2.783
0.40,2564,-0.225,8.891,8.132
0.40,2565,-7.274,-3.680,2.771
0.40,2566,2.490,6.798,4.496
0.40,2567,-0.042,3.767,2.856
0.40,2568,-4.857,-5.997,6.641
0.40,2569,6.241,-3.745,-2.124
0.40,2570,-7.246,-8.877,-5.840
0.40,2571,-0.083,-0.094,7.788
0.40,2572,-0.175,6.880,-2.194
0.40,2573,-6.708,-9.453,-3.386
0.40,2574,-3.928,11.040,-9.499
0.40,2575,3.282,1.920,-2.184
0.40,2576,3.282,1.920,-2.184
0.40,2577,-3.210,2.024,-2.180
0.40,2578,6.388,6.566,-8.269
0.40,2579,-0.190,6.819,-2.198
0.40,2580,-3.210,2.024,-2.180
0.40,2581,-0.171,6.886,-2.194
0.40,2582,3.139,-1.896,2.777
0.40,2583,-3.418,1.986,-2.267
0.40,2584,-0.044,3.768,2.855
0.40,2585,-8.491,7.309,-4.406
0.40,2586,9.131,6.604,7.825
0.40,2587,6.123,-2.763,-2.084
0.40,2588,-3.210,2.024,-2.180
0.40,2589,3.125,-1.888,2.783
0.40,2590,-10.219,2.304,-4.887
0.40,2591,6.757,-0.063,4.629
0.40,2592,7.384,8.870,0.122
0.40,2593,6.241,-3.745,-2.124
0.40,2594,-0.083,-0.094,7.788
0.40,2595,2.239,-9.553,-9.800
0.40,2596,6.241,-3.745,-2.124
0.40,2597,-3.210,2.024,-2.180
0.40,2598,-0.083,-0.094,7.788
0.40,2599,-7.780,7.602,0.267
0.40,2600,-0.042,-3.971,-2.100
0.40,2601,7.594,-10.102,5.895
0.40,2602,-0.083,-0.094,7.788
0.40,2603,6.287,-3.852,-2.199
0.40,2604,7.576,1.820,1.776
0.40,2605,9.516,-7.555,5.892
0.40,2606,-8.327,6.999,-5.553
0.40,2607,7.036,-0.810,5.371
0.40,2608,-0.042,-3.971,-2.100
0.40,2609,6.580,-1.072,3.186
0.40,2610,-2.884,-8.987,8.362
0.40,2611,-0.056,-3.978,-2.087
0.40,2612,-0.042,-3.971,-2.100
0.40,2613,-6.142,-3.781,-2.179
0.40,2614,3.125,-1.888,2.783
0.40,2615,-6.142,-3.781,-2.179
0.40,2616,-0.083,-0.094,7.788
0.40,2617,1.974,7.450,0.128
0.40,2618,8.107,8.936,7.794
0.40,2619,4.725,-6.160,7.580
0.40,2620,-3.210,2.024,-2.180
0.40,2621,-2.656,6.077,2.983
0.40,2622,-0.042,-3.971,-2.100
0.40,2623,-1.590,6.989,4.856
0.40,2624,-6.101,9.286,2.676
0.40,2625,1.000,-7.820,-10.550
0.40,2626,-3.211,-1.901,2.777
0.40,2627,7.996,1.916,-9.414
0.40,2628,3.126,-1.888,2.783
0.40,2629,-6.484,-7.007,-0.465
0.40,2630,3.125,-1.888,2.783
0.40,2631,3.282,1.920,-2.184
0.40,2632,3.282,1.920,-2.184
0.40,2633,3.282,1.920,-2.184
0.40,2634,3.125,-1.888,2.783
0.40,2635,-6.610,1.644,-7.807
0.40,2636,-0.047,-3.972,-2.089
0.40,2637,5.643,-5.936,-5.477
0.40,2638,-3.281,2.076,-2.155
0.40,2639,3.282,1.920,-2.184
0.40,2640,-7.488,8.437,-0.947
0.40,2641,3.126,-1.888,2.783
0.40,2642,-0.083,-0.094,7.788
0.40,2643,-0.043,3.767,2.856
0.40,2644,-6.489,-9.205,-3.330
0.40,2645,3.282,1.920,-2.184
0.40,2646,3.125,-1.888,2.783
0.40,2647,-0.042,3.767,2.856
0.40,2648,0.236,7.335,-2.227
0.40,2649,-6.142,-3.781,-2.179
0.40,2650,6.479,-5.231,-1.890
0.40,2651,3.282,1.920,-2.184
0.40,2652,0.535,7.613,-2.206
0.40,2653,-0.083,-0.094,7.788
0.40,2654,-6.436,-8.471,3.346
0.40,2655,-3.211,-1.901,2.777
0.40,2656,-5.327,8.174,7.951
0.40,2657,3.282,1.920,-2.184
0.40,2658,7.391,-6.901,0.737
0.40,2659,-0.175,6.880,-2.194
0.40,2660,3.282,1.920,-2.184
0.40,2661,-6.142,-3.781,-2.179
0.40,2662,7.089,8.000,-6.465
0.40,2663,-0.083,-0.094,7.788
0.40,2664,-3.366,-8.949,-9.095
0.40,2665,-0.175,6.880,-2.194
0.40,2666,3.113,-7.963,-2.934
0.40,2667,-7.526,-10.048,-7.778
0.40,2668,6.241,-3.745,-2.124
0.40,2669,-3.211,-1.901,2.777
0.40,2670,4.165,4.249,0.930
0.40,2671,7.756,-3.464,-1.810
0.40,2672,-6.023,0.739,3.366
0.40,2673,2.005,7.349,5.730
0.40,2674,9.449,-8.029,7.753
0.40,2675,6.366,-1.705,-1.521
0.40,2676,-6.858,-8.947,-4.396
0.40,2677,3.126,-1.888,2.782
0.40,2678,-0.083,-0.094,7.788
0.40,2679,-0.108,-3.994,-1.981
0.40,2680,-3.219,2.030,-2.182
0.40,2681,3.286,1.921,-2.184
0.40,2682,-0.315,-4.342,7.509
0.40,2683,-4.527,2.367,-0.395
0.40,2684,-0.087,-3.998,-2.049
0.40,2685,-0.175,6.880,-2.194
0.40,2686,6.030,2.842,2.573
0.40,2687,7.861,-1.154,7.396
0.40,2688,-3.210,2.024,-2.180
0.40,2689,-5.776,-8.332,-7.452
0.40,2690,-2.933,2.402,-1.991
0.40,2691,-0.042,3.767,2.856
0.40,2692,-6.393,-7.056,-0.908
0.40,2693,-6.368,-5.284,-2.716
0.40,2694,-3.218,2.029,-2.182
0.40,2695,-6.142,-3.781,-2.179
0.40,2696,6.637,-3.703,-2.199
0.40,2697,-0.083,-0.094,7.788
0.40,2698,3.125,-1.888,2.783
0.40,2699,-3.255,2.056,-2.172
0.40,2700,6.806,8.643,-0.216
0.40,2701,6.671,8.458,-2.499
0.40,2702,3.282,1.920,-2.184
0.40,2703,-0.175,6.880,-2.194
0.40,2704,-0.175,6.880,-2.194
0.40,2705,7.029,10.523,6.383
0.40,2706,1.677,7.287,2.753
0.40,2707,-3.162,8.600,-4.720
0.40,2708,-0.083,-0.094,7.788
0.40,2709,-4.344,4.196,9.681
0.40,2710,-0.042,-3.971,-2.100
0.40,2711,2.601,-9.253,0.667
0.40,2712,-7.785,-2.743,2.756
0.40,2713,6.240,-3.744,-2.123
0.40,2714,-0.083,-0.094,7.788
0.40,2715,3.282,1.920,-2.184
0.40,2716,-0.083,-0.094,7.788
0.40,2717,4.343,2.141,6.896
0.40,2718,-3.210,2.024,-2.180
0.40,2719,-7.629,-11.006,-2.376
0.40,2720,-2.787,-10.863,0.368
0.40,2721,-9.824,-9.105,9.346
0.40,2722,8.737,-8.732,2.136
0.40,2723,-7.214,-1.690,9.690
0.40,2724,-0.046,-3.972,-2.090
0.40,2725,-6.227,-8.137,-6.700
0.40,2726,-8.627,-10.263,-10.546
0.40,2727,-6.109,-3.802,-2.188
0.40,2728,-3.211,-1.902,2.777
0.40,2729,8.232,2.552,-7.332
0.40,2730,6.241,-3.745,-2.124
0.40,2731,6.874,-1.148,7.588
0.40,2732,3.128,-1.889,2.782
0.40,2733,6.980,-0.928,2.560
0.40,2734,-0.083,-0.094,7.788
0.40,2735,-0.175,6.880,-2.194
0.40,2736,9.313,-8.823,6.537
0.40,2737,3.133,-1.892,2.780
0.40,2738,5.098,4.065,0.815
0.40,2739,6.196,-3.635,-2.108
0.40,2740,-3.210,2.024,-2.180
0.40,2741,-4.937,2.937,6.607
0.40,2742,-0.042,-3.971,-2.100
0.40,2743,-0.042,3.767,2.856
0.40,2744,6.239,-3.742,-2.122
0.40,2745,3.284,1.921,-2.185
0.40,2746,-6.373,9.333,3.178
0.40,2747,3.282,1.920,-2.184
0.40,2748,-6.962,-1.619,5.075
0.40,2749,-6.722,-0.844,5.070
0.40,2750,-6.432,-6.833,-0.632
0.40,2751,-0.042,3.767,2.856
0.40,2752,-3.210,2.024,-2.180
0.40,2753,-0.042,-3.971,-2.100
0.40,2754,6.236,-3.737,-2.119
0.40,2755,3.594,-7.768,0.758
0.40,2756,-10.797,2.999,-9.672
0.40,2757,-6.142,-3.781,-2.179
0.40,2758,-3.211,2.024,-2.180
0.40,2759,-3.210,2.024,-2.180
0.40,2760,-8.002,-10.282,0.474
0.40,2761,-7.941,-10.155,-1.772
0.40,2762,6.644,8.642,-1.639
0.40,2763,-3.210,2.024,-2.180
0.40,2764,-10.010,5.263,6.955
0.40,2765,6.168,-2.430,9.206
0.40,2766,3.161,6.645,7.943
0.40,2767,-0.042,-3.971,-2.100
0.40,2768,6.241,-3.745,-2.124
0.40,2769,-4.165,3.887,8.583
0.40,2770,-6.142,-3.781,-2.179
0.40,2771,-0.175,6.880,-2.194
0.40,2772,-0.042,3.767,2.856
0.40,2773,-3.840,2.355,-1.629
0.40,2774,-9.820,5.884,7.236
0.40,2775,-3.210,2.024,-2.180
0.40,2776,-3.441,9.103,-1.016
0.40,2777,-0.167,6.893,-2.194
0.40,2778,-8.043,-10.162,-4.817
0.40,2779,2.890,-8.291,6.437
0.40,2780,-6.398,-8.021,-1.467
0.40,2781,-0.042,3.767,2.856
0.40,2782,4.631,4.985,3.021
0.40,2783,-0.042,3.767,2.856
0.40,2784,-3.211,2.024,-2.180
0.40,2785,-0.043,3.767,2.856
0.40,2786,-8.064,-4.755,-0.238
0.40,2787,6.858,-6.989,0.796
0.40,2788,-8.468,-9.101,9.244
0.40,2789,-0.043,-3.971,-2.099
0.40,2790,3.282,1.920,-2.184
0.40,2791,3.282,1.920,-2.184
0.40,2792,-0.174,6.881,-2.194
0.40,2793,-6.693,-8.583,-4.197
0.40,2794,-0.117,6.854,-2.185
0.40,2795,2.030,8.751,-0.605
0.40,2796,-3.211,-1.901,2.777
0.40,2797,-5.607,0.793,0.340
0.40,2798,-0.083,-0.094,7.788
0.40,2799,3.399,2.058,-2.268
0.40,2800,3.282,1.920,-2.184
0.40,2801,-6.908,-0.456,2.624
0.40,2802,-0.083,-0.094,7.788
0.40,2803,-6.142,-3.781,-2.179
0.40,2804,6.807,2.641,-1.288
0.40,2805,3.273,-1.919,2.752
0.40,2806,-8.042,-9.605,-9.793
0.40,2807,-3.211,-1.901,2.777
0.40,2808,-0.043,-3.971,-2.100
0.40,2809,9.266,-8.649,-1.614
0.40,2810,-6.988,-0.936,-9.779
0.40,2811,2.696,-8.837,-6.501
0.40,2812,-3.844,5.466,6.373
0.40,2813,-0.175,6.880,-2.194
0.40,2814,-8.028,-4.399,-1.025
0.40,2815,-0.083,-0.094,7.788
0.40,2816,6.241,-3.745,-2.124
0.40,2817,-0.042,-3.971,-2.100
0.40,2818,-6.142,-3.781,-2.179
0.40,2819,10.312,-3.689,1.019
0.40,2820,-6.142,-3.781,-2.179
0.40,2821,-0.043,-3.971,-2.097
0.40,2822,6.241,-3.745,-2.124
0.40,2823,-0.399,-4.439,1.594
0.40,2824,2.710,-9.399,0.088
0.40,2825,6.843,9.220,7.986
0.40,2826,7.143,8.134,-6.035
0.40,2827,-0.042,-3.971,-2.100
0.40,2828,6.241,-3.745,-2.124
0.40,2829,3.125,-1.888,2.783
0.40,2830,7.433,0.277,6.328
0.40,2831,-0.042,-3.971,-2.100
0.40,2832,-0.083,-0.094,7.788
0.40,2833,4.816,4.011,5.471
0.40,2834,-0.047,3.770,2.851
0.40,2835,-6.699,-0.537,4.140
0.40,2836,-0.056,-3.974,-2.071
0.40,2837,-0.043,-3.971,-2.100
0.40,2838,4.103,-7.302,1.496
0.40,2839,-6.142,-3.781,-2.179
0.40,2840,-6.874,-8.508,-4.698
0.40,2841,3.138,-1.891,2.781
0.40,2842,-1.703,-4.401,9.207
0.40,2843,-2.256,6.733,5.576
0.40,2844,-3.210,2.024,-2.180
0.40,2845,6.148,-3.317,-2.112
0.40,2846,1.471,8.360,-1.776
0.40,2847,-6.019,0.650,0.351
0.40,2848,-3.210,2.024,-2.180
0.40,2849,-3.214,2.026,-2.181
0.40,2850,-5.975,-8.712,-7.928
0.40,2851,-0.042,-3.971,-2.100
0.40,2852,3.282,1.920,-2.184
0.40,2853,-0.083,-0.094,7.788
0.40,2854,7.462,0.019,5.979
0.40,2855,1.545,8.551,-1.953
0.40,2856,-8.423,7.541,-3.088
0.40,2857,6.241,-3.745,-2.124
0.40,2858,-0.175,6.880,-2.194
0.40,2859,-8.568,-8.958,4.900
0.40,2860,-0.166,3.963,2.744
0.40,2861,-2.157,6.139,5.091
0.40,2862,-0.042,3.767,2.856
0.40,2863,-3.218,-10.200,8.011
0.40,2864,-3.210,2.024,-2.180
0.40,2865,-3.299,2.078,-2.146
0.40,2866,-6.309,0.876,-1.022
0.40,2867,3.208,-1.933,2.699
0.40,2868,-5.289,-5.691,6.425
0.40,2869,-6.921,-1.214,4.839
0.40,2870,-1.014,5.031,1.018
0.40,2871,4.512,-7.048,5.973
0.40,2872,6.240,-3.744,-2.123
0.40,2873,3.125,-1.888,2.783
0.40,2874,-8.455,-9.187,7.022
0.40,2875,3.125,-1.888,2.783
0.40,2876,-1.858,4.977,3.858
0.40,2877,-7.093,0.142,5.725
0.40,2878,-1.828,-6.749,-8.628
0.40,2879,-6.143,-3.781,-2.179
0.40,2880,-0.042,3.767,2.856
0.40,2881,-8.064,-4.437,-0.942
0.40,2882,3.550,-8.059,-1.538
0.40,2883,-0.043,3.767,2.856
0.40,2884,-8.052,7.087,-9.020
0.40,2885,3.125,-1.888,2.783
0.40,2886,-0.692,4.984,-1.699
0.40,2887,3.118,-7.932,0.909
0.40,2888,-0.175,6.880,-2.194
0.40,2889,2.948,-8.919,7.008
0.40,2890,-6.142,-3.781,-2.179
0.40,2891,3.282,1.920,-2.184
0.40,2892,-10.688,2.910,-9.891
0.40,2893,-0.175,6.880,-2.194
0.40,2894,-0.174,6.880,-2.194
0.40,2895,-0.083,-0.095,7.788
0.40,2896,-1.883,2.767,8.200
0.40,2897,-0.043,-3.971,-2.098
0.40,2898,6.897,1.559,-10.245
0.40,2899,-6.151,-3.778,-2.179
0.40,2900,-7.398,0.107,-6.620
0.40,2901,-0.933,-7.283,5.820
0.40,2902,7.134,8.188,-6.565
0.40,2903,6.241,-3.745,-2.124
0.40,2904,-0.083,-0.094,7.788
0.40,2905,3.286,1.888,-2.178
0.40,2906,9.222,5.907,3.824
0.40,2907,-0.083,-0.094,7.788
0.40,2908,-0.042,-3.971,-2.100
0.40,2909,-6.142,-3.781,-2.179
0.40,2910,3.127,-1.889,2.782
0.40,2911,-6.674,-9.026,-3.971
0.40,2912,2.439,-8.634,-8.051
0.40,2913,-0.042,3.767,2.856
0.40,2914,-7.137,-2.293,-10.246
0.40,2915,9.216,7.350,8.140
0.40,2916,6.241,-3.745,-2.124
0.40,2917,7.581,9.419,-8.885
0.40,2918,-0.083,-0.094,7.788
0.40,2919,-8.379,7.033,-5.352
0.40,2920,-3.215,2.027,-2.182
0.40,2921,-0.083,-0.094,7.789
0.40,2922,-0.175,6.880,-2.194
0.40,2923,-0.042,3.767,2.856
0.40,2924,6.187,-2.397,-2.034
0.40,2925,-3.211,2.024,-2.180
0.40,2926,-0.083,-0.094,7.788
0.40,2927,-3.210,2.024,-2.180
0.40,2928,-0.083,-0.094,7.788
0.40,2929,2.444,-9.243,-3.995
0.40,2930,-8.111,-10.928,-7.188
0.40,2931,6.873,8.125,0.473
0.40,2932,-0.075,3.793,2.809
0.40,2933,-0.083,-0.094,7.788
0.40,2934,-10.599,2.828,1.500
0.40,2935,-3.052,7.177,5.926
0.40,2936,-3.402,1.990,-2.247
0.40,2937,-0.174,6.873,-2.194
0.40,2938,-0.042,-3.971,-2.100
0.40,2939,-2.532,6.475,7.174
0.40,2940,-10.359,2.900,2.427
0.40,2941,0.121,7.241,-2.244
0.40,2942,-0.083,-0.094,7.788
0.40,2943,6.130,-3.097,-2.121
0.40,2944,-0.042,3.767,2.856
0.40,2945,-6.142,-3.781,-2.179
0.40,2946,1.655,0.915,4.152
0.40,2947,-0.042,-3.971,-2.100
0.40,2948,-6.569,-7.657,-0.649
0.40,2949,3.282,1.920,-2.184
0.40,2950,7.198,-6.469,0.878
0.40,2951,-3.210,2.024,-2.180
0.40,2952,-3.772,1.847,-2.226
0.40,2953,3.282,1.920,-2.184
0.40,2954,-6.946,0.787,-6.500
0.40,2955,-0.043,-3.971,-2.099
0.40,2956,-0.140,3.863,2.782
0.40,2957,-6.142,-3.781,-2.179
0.40,2958,-7.554,7.104,-10.609
0.40,2959,-6.293,-7.884,-2.633
0.40,2960,6.602,-1.698,-1.526
0.40,2961,1.910,4.254,9.395
0.40,2962,6.242,-3.747,-2.126
0.40,2963,-0.128,6.945,-2.195
0.40,2964,7.165,8.475,-5.168
0.40,2965,-3.244,2.049,-2.177
0.40,2966,7.171,-1.077,2.029
0.40,2967,3.282,1.920,-2.185
0.40,2968,-6.834,-1.015,5.465
0.40,2969,-0.175,6.880,-2.194
0.40,2970,-0.083,-0.094,7.788
0.40,2971,4.188,5.200,3.815
0.40,2972,-7.637,-4.151,7.195
0.40,2973,3.125,-1.888,2.783
0.40,2974,-0.042,3.767,2.856
0.40,2975,7.292,-0.624,0.733
0.40,2976,3.309,1.935,-2.187
0.40,2977,-1.839,5.836,4.615
0.40,2978,-3.210,2.024,-2.180
0.40,2979,-0.042,-3.971,-2.100
0.40,2980,5.531,3.210,6.112
0.40,2981,6.716,-0.866,3.271
0.40,2982,-0.175,6.880,-2.194
0.40,2983,-7.848,7.050,-8.216
0.40,2984,-0.175,6.880,-2.194
0.40,2985,-0.083,-0.094,7.788
0.40,2986,-0.175,6.880,-2.194
0.40,2987,-3.211,2.024,-2.180
0.40,2988,-3.211,-1.901,2.777
0.40,2989,-6.256,-3.720,-2.221
0.40,2990,3.286,1.922,-2.185
0.40,2991,5.502,3.520,-0.091
0.40,2992,-6.142,-3.781,-2.179
0.40,2993,7.423,9.249,0.015
0.40,2994,-0.145,6.916,-2.193
0.40,2995,6.232,-3.730,-2.116
0.40,2996,3.221,-1.941,2.765
0.40,2997,-4.458,2.287,1.900
0.40,2998,6.241,-3.745,-2.124
0.40,2999,-6.790,0.232,1.895
1.00,0,5.403,-3.661,5.079
1.00,1,-6.142,-3.781,-2.179
1.00,2,6.241,-3.745,-2.124
1.00,3,-3.210,2.024,-2.180
1.00,4,-3.210,2.024,-2.180
1.00,5,-0.043,-3.971,-2.099
1.00,6,-3.210,2.024,-2.180
1.00,7,3.282,1.920,-2.184
1.00,8,-0.175,6.880,-2.194
1.00,9,-0.083,-0.094,7.788
1.00,10,-0.175,6.880,-2.194
1.00,11,-8.740,-4.355,7.158
1.00,12,-0.042,-3.971,-2.100
1.00,13,-0.042,-3.971,-2.100
1.00,14,3.125,-1.888,2.783
1.00,15,-3.210,2.024,-2.180
1.00,16,3.282,1.920,-2.184
1.00,17,-3.210,2.024,-2.180
1.00,18,3.282,1.920,-2.184
1.00,19,-3.210,2.024,-2.180
1.00,20,-0.175,6.880,-2.194
1.00,21,3.133,-1.891,2.781
1.00,22,-0.175,6.880,-2.194
1.00,23,3.125,-1.888,2.783
1.00,24,-0.083,-0.094,7.788
1.00,25,3.282,1.920,-2.184
1.00,26,-3.210,2.024,-2.180
1.00,27,-0.042,-3.971,-2.100
1.00,28,3.282,1.920,-2.184
1.00,29,-0.083,-0.094,7.788
1.00,30,-0.175,6.880,-2.194
1.00,31,-3.211,-1.901,2.777
1.00,32,-0.042,3.767,2.856
1.00,33,6.241,-3.745,-2.124
1.00,34,-0.042,-3.971,-2.100
1.00,35,6.241,-3.745,-2.124
1.00,36,-6.142,-3.781,-2.179
1.00,37,-0.083,-0.094,7.788
1.00,38,1.621,7.737,2.738
1.00,39,3.846,2.474,-2.078
1.00,40,-3.210,2.024,-2.180
1.00,41,-3.210,2.024,-2.180
1.00,42,6.241,-3.745,-2.124
1.00,43,-0.083,-0.094,7.788
1.00,44,-6.337,-8.216,-1.770
1.00,45,-0.042,-3.971,-2.100
1.00,46,6.241,-3.745,-2.124
1.00,47,-0.043,-3.971,-2.099
1.00,48,6.241,-3.745,-2.124
1.00,49,-0.083,-0.094,7.788
1.00,50,-3.210,2.024,-2.180
1.00,51,-0.083,-0.094,7.788
1.00,52,-0.083,-0.094,7.788
1.00,53,-3.210,2.024,-2.180
1.00,54,6.241,-3.745,-2.124
1.00,55,3.125,-1.888,2.783
1.00,56,3.282,1.920,-2.184
1.00,57,3.282,1.920,-2.184
1.00,58,3.282,1.920,-2.184
1.00,59,6.241,-3.745,-2.124
1.00,60,-0.042,3.767,2.856
1.00,61,3.282,1.920,-2.184
1.00,62,-3.211,-1.901,2.777
1.00,63,-3.210,2.024,-2.180
1.00,64,-3.210,2.024,-2.180
1.00,65,-0.083,-0.094,7.788
1.00,66,-0.175,6.880,-2.194
1.00,67,-0.083,-0.094,7.788
1.00,68,-0.175,6.880,-2.194
1.00,69,-3.211,-1.901,2.777
1.00,70,-3.210,2.024,-2.180
1.00,71,-0.042,3.767,2.856
1.00,72,-6.142,-3.781,-2.179
1.00,73,-6.142,-3.781,-2.179
1.00,74,-6.142,-3.781,-2.179
1.00,75,-6.142,-3.781,-2.179
1.00,76,-0.042,3.767,2.856
1.00,77,3.125,-1.888,2.783
1.00,78,-0.042,3.767,2.856
1.00,79,6.241,-3.745,-2.124
1.00,80,6.241,-3.745,-2.124
1.00,81,3.282,1.920,-2.184
1.00,82,-0.042,-3.971,-2.100
1.00,83,-3.210,2.024,-2.180
1.00,84,-3.210,2.024,-2.180
1.00,85,-3.210,2.024,-2.180
1.00,86,3.125,-1.888,2.783
1.00,87,-0.042,3.767,2.856
1.00,88,3.282,1.920,-2.184
1.00,89,-0.175,6.880,-2.194
1.00,90,-0.083,-0.094,7.788
1.00,91,-3.210,2.024,-2.180
1.00,92,-0.083,-0.094,7.788
1.00,93,6.241,-3.745,-2.124
1.00,94,-3.210,2.024,-2.180
1.00,95,-0.083,-0.094,7.788
1.00,96,3.282,1.920,-2.184
1.00,97,-0.175,6.880,-2.194
1.00,98,-7.870,6.952,-8.233
1.00,99,-6.142,-3.781,-2.179
1.00,100,6.241,-3.745,-2.124
1.00,101,-0.042,-3.971,-2.100
1.00,102,-0.042,-3.971,-2.100
1.00,103,3.282,1.920,-2.184
1.00,104,-3.210,2.024,-2.180
1.00,105,-3.210,2.024,-2.180
1.00,106,-0.083,-0.094,7.788
1.00,107,-0.042,-3.971,-2.100
1.00,108,6.241,-3.745,-2.124
1.00,109,3.282,1.920,-2.184
1.00,110,-6.290,-8.547,-2.849
1.00,111,-7.159,-9.026,-6.421
1.00,112,-0.175,6.880,-2.194
1.00,113,-0.569,-5.028,5.236
1.00,114,-6.142,-3.781,-2.179
1.00,115,3.282,1.920,-2.184
1.00,116,-6.142,-3.781,-2.179
1.00,117,-0.083,-0.094,7.788
1.00,118,-3.211,-1.901,2.777
1.00,119,-0.175,6.880,-2.194
1.00,120,-3.210,2.024,-2.180
1.00,121,3.282,1.920,-2.184
1.00,122,-3.210,2.024,-2.180
1.00,123,-3.210,2.024,-2.180
1.00,124,6.241,-3.745,-2.124
1.00,125,6.241,-3.745,-2.124
1.00,126,-0.042,3.767,2.856
1.00,127,3.282,1.920,-2.184
1.00,128,3.282,1.920,-2.184
1.00,129,-3.210,2.024,-2.180
1.00,130,-0.083,-0.094,7.788
1.00,131,3.282,1.920,-2.184
1.00,132,-6.269,-8.295,-2.515
1.00,133,3.282,1.920,-2.184
1.00,134,3.282,1.920,-2.184
1.00,135,3.125,-1.888,2.783
1.00,136,3.282,1.920,-2.184
1.00,137,3.282,1.920,-2.184
1.00,138,3.125,-1.888,2.783
1.00,139,-0.042,3.767,2.856
1.00,140,-0.175,6.880,-2.194
1.00,141,-0.083,-0.094,7.788
1.00,142,-3.211,-1.901,2.777
1.00,143,1.103,7.079,-7.216
1.00,144,-3.210,2.024,-2.180
1.00,145,-3.210,2.024,-2.180
1.00,146,3.282,1.920,-2.184
1.00,147,4.700,-6.998,2.078
1.00,148,-0.042,3.767,2.856
1.00,149,-0.042,-3.971,-2.100
1.00,150,3.125,-1.888,2.783
1.00,151,-0.083,-0.094,7.788
1.00,152,3.125,-1.888,2.783
1.00,153,6.241,-3.745,-2.124
1.00,154,-0.042,-3.971,-2.100
1.00,155,-0.042,3.767,2.856
1.00,156,8.790,5.777,8.685
1.00,157,3.282,1.920,-2.184
1.00,158,-6.142,-3.781,-2.179
1.00,159,-0.083,-0.094,7.788
1.00,160,3.282,1.920,-2.184
1.00,161,-7.100,-0.984,-10.517
1.00,162,3.125,-1.888,2.783
1.00,163,-0.083,-0.094,7.788
1.00,164,-6.142,-3.781,-2.179
1.00,165,-0.175,6.880,-2.194
1.00,166,3.282,1.920,-2.184
1.00,167,-3.210,2.024,-2.180
1.00,168,-0.042,-3.971,-2.100
1.00,169,6.241,-3.745,-2.124
1.00,170,5.931,-3.018,8.371
1.00,171,6.241,-3.745,-2.124
1.00,172,-3.210,2.024,-2.180
1.00,173,3.282,1.920,-2.184
1.00,174,3.125,-1.888,2.783
1.00,175,-3.210,2.024,-2.180
1.00,176,-0.083,-0.094,7.788
1.00,177,-0.083,-0.094,7.788
1.00,178,-0.042,-3.971,-2.100
1.00,179,-0.083,-0.094,7.788
1.00,180,-0.042,3.767,2.856
1.00,181,6.241,-3.745,-2.124
1.00,182,-3.210,2.024,-2.180
1.00,183,6.241,-3.745,-2.124
1.00,184,-6.142,-3.781,-2.179
1.00,185,6.241,-3.745,-2.124
1.00,186,-0.083,-0.094,7.788
1.00,187,-3.210,2.024,-2.180
1.00,188,-0.042,3.767,2.856
1.00,189,-0.083,-0.094,7.788
1.00,190,-2.089,3.110,-2.555
1.00,191,3.125,-1.888,2.783
1.00,192,6.241,-3.745,-2.124
1.00,193,-3.210,2.024,-2.180
1.00,194,-0.042,-3.971,-2.100
1.00,195,-0.083,-0.094,7.788
1.00,196,8.564,7.722,2.398
1.00,197,-3.210,2.024,-2.180
1.00,198,3.282,1.920,-2.184
1.00,199,0.564,7.616,-2.172
1.00,200,-0.042,-3.971,-2.100
1.00,201,-3.320,-5.077,7.427
1.00,202,3.282,1.920,-2.184
1.00,203,-0.083,-0.094,7.788
1.00,204,3.282,1.920,-2.184
1.00,205,-0.042,-3.971,-2.100
1.00,206,3.282,1.920,-2.184
1.00,207,-0.042,3.767,2.856
1.00,208,-0.083,-0.094,7.788
1.00,209,3.125,-1.888,2.783
1.00,210,-3.210,2.024,-2.180
1.00,211,-0.175,6.880,-2.194
1.00,212,3.125,-1.888,2.783
1.00,213,-3.210,2.024,-2.180
1.00,214,1.126,6.427,-0.514
1.00,215,-0.175,6.880,-2.194
1.00,216,-0.175,6.880,-2.194
1.00,217,-0.175,6.880,-2.194
1.00,218,3.125,-1.888,2.783
1.00,219,6.100,-2.206,7.305
1.00,220,-3.210,2.024,-2.180
1.00,221,-0.083,-0.094,7.788
1.00,222,-6.142,-3.781,-2.179
1.00,223,-4.076,-9.979,8.230
1.00,224,3.282,1.920,-2.184
1.00,225,-0.042,3.767,2.856
1.00,226,-0.042,-3.971,-2.100
1.00,227,-6.142,-3.781,-2.179
1.00,228,-6.142,-3.781,-2.179
1.00,229,-8.795,-9.774,-0.611
1.00,230,-0.083,-0.094,7.788
1.00,231,-6.326,-7.902,-1.669
1.00,232,2.595,2.682,-0.465
1.00,233,-0.042,-3.971,-2.100
1.00,234,3.282,1.920,-2.184
1.00,235,3.125,-1.888,2.783
1.00,236,-3.210,2.024,-2.180
1.00,237,-3.210,2.024,-2.180
1.00,238,-0.042,3.767,2.856
1.00,239,-3.210,2.024,-2.180
1.00,240,3.125,-1.888,2.783
1.00,241,6.241,-3.745,-2.124
1.00,242,-0.042,-3.971,-2.100
1.00,243,-0.083,-0.094,7.788
1.00,244,6.217,-3.694,-2.111
1.00,245,-0.911,4.467,2.715
1.00,246,-6.142,-3.781,-2.179
1.00,247,6.241,-3.745,-2.124
1.00,248,8.814,-9.727,5.010
1.00,249,-0.042,-3.971,-2.100
1.00,250,-0.175,6.880,-2.194
1.00,251,-7.387,5.552,7.811
1.00,252,-0.175,6.880,-2.194
1.00,253,6.241,-3.745,-2.124
1.00,254,-6.143,-3.780,-2.179
1.00,255,-0.042,3.767,2.856
1.00,256,1.315,0.784,5.528
1.00,257,-0.175,6.880,-2.194
1.00,258,-0.083,-0.094,7.788
1.00,259,-0.048,-3.973,-2.094
1.00,260,-0.042,-3.971,-2.100
1.00,261,5.972,3.035,2.006
1.00,262,6.241,-3.745,-2.124
1.00,263,-0.083,-0.094,7.788
1.00,264,3.282,1.920,-2.184
1.00,265,6.241,-3.745,-2.124
1.00,266,-2.080,4.484,3.466
1.00,267,6.243,-3.748,-2.127
1.00,268,-0.666,-4.537,0.253
1.00,269,-3.655,1.909,-2.347
1.00,270,3.282,1.920,-2.184
1.00,271,-0.083,-0.094,7.788
1.00,272,-0.042,-3.971,-2.100
1.00,273,-6.142,-3.781,-2.179
1.00,274,-3.210,2.024,-2.180
1.00,275,-0.175,6.880,-2.194
1.00,276,-0.042,-3.971,-2.100
1.00,277,6.241,-3.745,-2.124
1.00,278,-0.083,-0.094,7.788
1.00,279,-0.083,-0.094,7.788
1.00,280,-3.210,2.024,-2.180
1.00,281,-0.042,-3.971,-2.100
1.00,282,-3.211,-1.901,2.777
1.00,283,3.282,1.920,-2.184
1.00,284,-0.179,6.871,-2.194
1.00,285,3.282,1.920,-2.184
1.00,286,-3.210,2.024,-2.180
1.00,287,-0.083,-0.094,7.788
1.00,288,6.240,-3.745,-2.124
1.00,289,3.282,1.920,-2.184
1.00,290,-0.044,-3.971,-2.097
1.00,291,-3.210,2.024,-2.180
1.00,292,6.241,-3.745,-2.124
1.00,293,-0.042,3.767,2.856
1.00,294,-0.083,-0.094,7.788
1.00,295,-0.585,-4.564,0.553
1.00,296,-3.210,2.024,-2.180
1.00,297,-0.175,6.880,-2.194
1.00,298,-0.886,-3.960,7.253
1.00,299,3.282,1.920,-2.184
1.00,300,6.241,-3.745,-2.124
1.00,301,3.125,-1.888,2.783
1.00,302,3.125,-1.888,2.783
1.00,303,3.282,1.920,-2.184
1.00,304,3.282,1.920,-2.184
1.00,305,-0.042,-3.971,-2.100
1.00,306,6.241,-3.745,-2.124
1.00,307,-0.083,-0.094,7.788
1.00,308,-3.210,2.024,-2.180
1.00,309,-0.042,-3.971,-2.100
1.00,310,-0.175,6.880,-2.194
1.00,311,6.241,-3.745,-2.124
1.00,312,-0.042,-3.971,-2.100
1.00,313,2.625,7.043,5.681
1.00,314,3.282,1.920,-2.184
1.00,315,3.282,1.920,-2.184
1.00,316,-0.042,-3.971,-2.100
1.00,317,-3.211,-1.901,2.777
1.00,318,-0.083,-0.094,7.788
1.00,319,-6.142,-3.781,-2.179
1.00,320,-0.042,-3.971,-2.100
1.00,321,3.282,1.920,-2.184
1.00,322,8.627,-8.192,-0.069
1.00,323,-6.142,-3.781,-2.179
1.00,324,3.282,1.920,-2.184
1.00,325,-0.083,-0.094,7.788
1.00,326,-11.104,3.137,-10.728
1.00,327,5.807,4.085,8.105
1.00,328,3.282,1.920,-2.184
1.00,329,3.282,1.920,-2.184
1.00,330,6.241,-3.745,-2.124
1.00,331,-0.083,-0.094,7.788
1.00,332,3.282,1.920,-2.184
1.00,333,-3.210,2.024,-2.180
1.00,334,-0.042,-3.971,-2.100
1.00,335,6.241,-3.745,-2.124
1.00,336,6.241,-3.745,-2.124
1.00,337,-0.042,-3.971,-2.100
1.00,338,-3.210,2.024,-2.180
1.00,339,-6.710,-8.003,3.074
1.00,340,-6.142,-3.781,-2.179
1.00,341,-3.210,2.024,-2.180
1.00,342,3.125,-1.888,2.783
1.00,343,6.241,-3.745,-2.124
1.00,344,-0.042,-3.971,-2.100
1.00,345,3.125,-1.888,2.783
1.00,346,3.282,1.920,-2.184
1.00,347,-0.042,-3.971,-2.100
1.00,348,6.241,-3.745,-2.124
1.00,349,-0.175,6.880,-2.194
1.00,350,6.241,-3.745,-2.124
1.00,351,-3.210,2.024,-2.180
1.00,352,-0.042,3.767,2.856
1.00,353,6.241,-3.745,-2.124
1.00,354,0.002,4.329,9.144
1.00,355,3.282,1.920,-2.184
1.00,356,-0.083,-0.094,7.788
1.00,357,-0.175,6.880,-2.194
1.00,358,3.282,1.920,-2.184
1.00,359,3.125,-1.888,2.783
1.00,360,-3.210,2.024,-2.180
1.00,361,3.282,1.920,-2.184
1.00,362,-0.042,-3.971,-2.100
1.00,363,3.125,-1.888,2.783
1.00,364,-3.210,2.024,-2.180
1.00,365,3.430,2.030,-2.173
1.00,366,3.125,-1.888,2.783
1.00,367,-6.795,5.646,8.768
1.00,368,-6.107,-5.860,2.426
1.00,369,-3.210,2.024,-2.180
1.00,370,6.241,-3.745,-2.124
1.00,371,5.720,3.100,2.551
1.00,372,-0.175,6.880,-2.194
1.00,373,-3.210,2.024,-2.180
1.00,374,-0.042,-3.971,-2.100
1.00,375,-6.142,-3.781,-2.179
1.00,376,2.067,9.446,-3.235
1.00,377,-0.083,-0.094,7.788
1.00,378,0.267,-6.249,7.122
1.00,379,6.241,-3.745,-2.124
1.00,380,-3.210,2.024,-2.180
1.00,381,-3.210,2.024,-2.180
1.00,382,-0.083,-0.094,7.788
1.00,383,-0.083,-0.094,7.788
1.00,384,-3.210,2.024,-2.180
1.00,385,-3.210,2.024,-2.180
1.00,386,-0.175,6.880,-2.194
1.00,387,-6.142,-3.781,-2.179
1.00,388,-0.042,3.767,2.856
1.00,389,-6.142,-3.781,-2.179
1.00,390,6.241,-3.745,-2.124
1.00,391,-0.042,-3.971,-2.100
1.00,392,-0.083,-0.094,7.788
1.00,393,-6.142,-3.781,-2.179
1.00,394,-3.210,2.024,-2.180
1.00,395,-0.677,6.916,4.400
1.00,396,-6.142,-3.781,-2.179
1.00,397,6.721,-1.465,-1.257
1.00,398,-3.210,2.024,-2.180
1.00,399,-0.175,6.880,-2.194
1.00,400,-0.042,3.767,2.856
1.00,401,-3.210,2.024,-2.180
1.00,402,-0.042,-3.971,-2.100
1.00,403,3.282,1.920,-2.184
1.00,404,-3.210,2.024,-2.180
1.00,405,6.241,-3.745,-2.124
1.00,406,-0.083,-0.094,7.788
1.00,407,-0.042,3.767,2.856
1.00,408,-3.210,2.024,-2.180
1.00,409,-3.210,2.024,-2.180
1.00,410,-0.083,-0.094,7.788
1.00,411,-3.210,2.024,-2.180
1.00,412,3.125,-1.888,2.783
1.00,413,-7.168,-1.518,-10.880
1.00,414,3.282,1.920,-2.184
1.00,415,-3.210,2.024,-2.180
1.00,416,6.241,-3.745,-2.124
1.00,417,-0.175,6.880,-2.194
1.00,418,6.241,-3.745,-2.125
1.00,419,-0.042,-3.971,-2.100
1.00,420,-0.042,-3.971,-2.100
1.00,421,-0.042,-3.971,-2.100
1.00,422,-0.042,3.767,2.856
1.00,423,-6.142,-3.781,-2.179
1.00,424,-0.042,-3.971,-2.100
1.00,425,-3.210,2.024,-2.180
1.00,426,-3.210,2.024,-2.180
1.00,427,-3.210,2.024,-2.180
1.00,428,6.241,-3.745,-2.124
1.00,429,-0.083,-0.094,7.788
1.00,430,6.241,-3.745,-2.124
1.00,431,-0.083,-0.094,7.788
1.00,432,-0.083,-0.094,7.788
1.00,433,-0.083,-0.094,7.788
1.00,434,-3.237,2.074,-2.165
1.00,435,3.282,1.920,-2.184
1.00,436,-6.604,-0.393,4.098
1.00,437,-3.210,2.024,-2.180
1.00,438,-3.211,-1.901,2.777
1.00,439,-6.142,-3.781,-2.179
1.00,440,-0.175,6.880,-2.194
1.00,441,-0.175,6.880,-2.194
1.00,442,-6.222,3.308,-5.025
1.00,443,-0.042,3.767,2.856
1.00,444,-0.175,6.880,-2.194
1.00,445,-0.175,6.880,-2.194
1.00,446,-7.924,6.929,-6.789
1.00,447,-0.175,6.880,-2.194
1.00,448,-0.083,-0.094,7.788
1.00,449,-3.211,-1.901,2.777
1.00,450,7.022,7.782,-6.375
1.00,451,-0.175,6.880,-2.194
1.00,452,-3.210,2.024,-2.180
1.00,453,6.241,-3.745,-2.124
1.00,454,3.282,1.920,-2.184
1.00,455,-0.175,6.880,-2.194
1.00,456,-0.042,3.767,2.856
1.00,457,-0.042,-3.971,-2.100
1.00,458,-5.782,6.351,5.633
1.00,459,-10.465,2.300,-1.459
1.00,460,3.282,1.920,-2.184
1.00,461,-0.083,-0.094,7.788
1.00,462,-0.042,-3.971,-2.100
1.00,463,6.241,-3.745,-2.124
1.00,464,-0.175,6.880,-2.194
1.00,465,-0.042,-3.971,-2.100
1.00,466,-0.042,-3.971,-2.100
1.00,467,-3.210,2.024,-2.180
1.00,468,-3.210,2.024,-2.180
1.00,469,-3.211,-1.901,2.777
1.00,470,-6.142,-3.781,-2.179
1.00,471,6.235,-3.735,-2.118
1.00,472,-3.210,2.024,-2.180
1.00,473,6.241,-3.745,-2.124
1.00,474,3.125,-1.888,2.783
1.00,475,3.282,1.920,-2.184
1.00,476,-0.042,-3.971,-2.100
1.00,477,3.125,-1.888,2.783
1.00,478,-0.042,3.767,2.856
1.00,479,-0.042,-3.971,-2.100
1.00,480,-3.210,2.024,-2.180
1.00,481,-3.210,2.024,-2.180
1.00,482,-0.175,6.880,-2.194
1.00,483,3.282,1.920,-2.184
1.00,484,-0.042,3.767,2.856
1.00,485,0.293,7.470,-2.427
1.00,486,-6.142,-3.781,-2.179
1.00,487,-0.092,-4.014,-2.073
1.00,488,-3.210,2.024,-2.180
1.00,489,-0.042,-3.971,-2.100
1.00,490,-0.083,-0.094,7.788
1.00,491,6.241,-3.745,-2.124
1.00,492,-3.210,2.024,-2.180
1.00,493,-0.042,-3.971,-2.100
1.00,494,-0.043,-3.971,-2.100
1.00,495,6.241,-3.745,-2.124
1.00,496,-6.142,-3.781,-2.179
1.00,497,-3.210,2.024,-2.180
1.00,498,3.282,1.920,-2.184
1.00,499,-0.175,6.880,-2.194
1.00,500,-0.083,-0.094,7.788
1.00,501,-0.169,6.890,-2.194
1.00,502,-0.175,6.880,-2.194
1.00,503,-6.142,-3.781,-2.179
1.00,504,-0.043,-3.971,-2.099
1.00,505,3.125,-1.888,2.783
1.00,506,3.282,1.920,-2.184
1.00,507,3.282,1.920,-2.184
1.00,508,-0.083,-0.094,7.788
1.00,509,-0.042,-3.971,-2.100
1.00,510,-3.210,2.024,-2.180
1.00,511,-3.210,2.024,-2.180
1.00,512,-0.175,6.880,-2.194
1.00,513,6.241,-3.745,-2.124
1.00,514,-0.083,-0.094,7.788
1.00,515,5.398,-5.255,-8.105
1.00,516,-3.246,2.049,-2.177
1.00,517,-3.210,2.024,-2.180
1.00,518,3.125,-1.888,2.783
1.00,519,5.593,-5.946,8.082
1.00,520,6.241,-3.745,-2.124
1.00,521,6.241,-3.745,-2.124
1.00,522,-0.083,-0.094,7.788
1.00,523,-0.083,-0.094,7.788
1.00,524,-0.042,3.767,2.856
1.00,525,-3.210,2.024,-2.180
1.00,526,-3.211,-1.901,2.777
1.00,527,3.125,-1.888,2.783
1.00,528,6.241,-3.745,-2.124
1.00,529,-0.042,3.767,2.856
1.00,530,-6.142,-3.781,-2.179
1.00,531,-3.210,2.024,-2.180
1.00,532,3.125,-1.888,2.783
1.00,533,-4.276,7.961,4.743
1.00,534,3.125,-1.888,2.783
1.00,535,-0.175,6.880,-2.194
1.00,536,-3.210,2.024,-2.180
1.00,537,-3.210,2.024,-2.180
1.00,538,3.125,-1.888,2.783
1.00,539,-0.042,3.767,2.856
1.00,540,-0.175,6.880,-2.194
1.00,541,6.241,-3.745,-2.124
1.00,542,6.241,-3.745,-2.124
1.00,543,6.241,-3.745,-2.124
1.00,544,-6.142,-3.781,-2.179
1.00,545,-3.210,2.024,-2.180
1.00,546,-0.175,6.880,-2.194
1.00,547,6.241,-3.745,-2.124
1.00,548,-0.076,-0.097,7.796
1.00,549,-3.210,2.024,-2.180
1.00,550,-3.210,2.024,-2.180
1.00,551,-0.042,-3.971,-2.100
1.00,552,-3.210,2.024,-2.180
1.00,553,-6.142,-3.781,-2.179
1.00,554,3.282,1.920,-2.184
1.00,555,6.241,-3.745,-2.124
1.00,556,-0.083,-0.094,7.788
1.00,557,3.282,1.920,-2.184
1.00,558,-0.175,6.880,-2.194
1.00,559,-0.175,6.880,-2.194
1.00,560,3.282,1.920,-2.184
1.00,561,-8.464,7.262,-4.461
1.00,562,3.125,-1.888,2.783
1.00,563,3.125,-1.888,2.783
1.00,564,-3.210,2.024,-2.180
1.00,565,-0.042,-3.971,-2.100
1.00,566,-3.210,2.024,-2.180
1.00,567,-3.210,2.024,-2.180
1.00,568,9.463,-8.607,-4.278
1.00,569,-0.083,-0.094,7.788
1.00,570,1.929,8.100,0.879
1.00,571,-0.042,3.767,2.856
1.00,572,-4.083,2.749,-1.538
1.00,573,-3.210,2.024,-2.180
1.00,574,-0.042,-3.971,-2.100
1.00,575,-3.211,-1.901,2.777
1.00,576,6.241,-3.745,-2.124
1.00,577,-3.211,-1.901,2.777
1.00,578,-0.042,-3.971,-2.100
1.00,579,6.241,-3.745,-2.124
1.00,580,-0.042,-3.971,-2.100
1.00,581,3.282,1.920,-2.184
1.00,582,-0.175,6.880,-2.194
1.00,583,3.282,1.920,-2.184
1.00,584,-6.142,-3.781,-2.179
1.00,585,-0.083,-0.094,7.788
1.00,586,-0.042,-3.971,-2.100
1.00,587,-7.108,-8.910,0.609
1.00,588,-6.626,-7.232,-4.319
1.00,589,3.282,1.920,-2.184
1.00,590,-0.042,-3.971,-2.100
1.00,591,6.241,-3.745,-2.124
1.00,592,-4.462,2.415,1.997
1.00,593,-3.211,-1.901,2.777
1.00,594,-0.175,6.880,-2.194
1.00,595,3.282,1.920,-2.184
1.00,596,3.282,1.920,-2.184
1.00,597,-0.042,3.767,2.856
1.00,598,3.282,1.920,-2.184
1.00,599,6.241,-3.745,-2.124
1.00,600,-0.042,3.767,2.856
1.00,601,-0.042,-3.971,-2.100
1.00,602,3.297,1.928,-2.187
1.00,603,0.761,4.361,9.663
1.00,604,6.241,-3.745,-2.124
1.00,605,7.376,8.214,-10.597
1.00,606,6.241,-3.745,-2.124
1.00,607,-0.175,6.880,-2.194
1.00,608,-0.042,-3.971,-2.100
1.00,609,3.125,-1.888,2.783
1.00,610,-3.210,2.024,-2.180
1.00,611,3.282,1.920,-2.184
1.00,612,-0.042,-3.971,-2.100
1.00,613,3.125,-1.888,2.783
1.00,614,-3.210,2.024,-2.180
1.00,615,-0.175,6.880,-2.194
1.00,616,-0.083,-0.094,7.788
1.00,617,3.282,1.920,-2.184
1.00,618,-0.083,-0.094,7.788
1.00,619,-0.083,-0.094,7.788
1.00,620,-3.210,2.024,-2.180
1.00,621,-3.210,2.024,-2.180
1.00,622,-0.083,-0.094,7.788
1.00,623,-0.175,6.880,-2.194
1.00,624,-3.221,2.024,-2.186
1.00,625,-0.042,-3.971,-2.100
1.00,626,-0.083,-0.094,7.788
1.00,627,3.125,-1.888,2.783
1.00,628,-4.628,4.820,6.775
1.00,629,-0.042,-3.971,-2.100
1.00,630,-3.211,-1.901,2.777
1.00,631,3.282,1.920,-2.184
1.00,632,-3.210,2.024,-2.180
1.00,633,-3.821,9.096,-1.439
1.00,634,2.072,8.581,0.043
1.00,635,-6.463,-8.190,5.758
1.00,636,-0.042,-3.971,-2.100
1.00,637,-2.288,5.748,7.680
1.00,638,3.125,-1.888,2.783
1.00,639,-3.210,2.024,-2.180
1.00,640,-3.210,2.024,-2.180
1.00,641,-3.211,-1.901,2.777
1.00,642,-8.460,7.549,-2.268
1.00,643,-0.175,6.880,-2.194
1.00,644,-0.083,-0.094,7.788
1.00,645,7.153,1.974,2.391
1.00,646,3.282,1.920,-2.184
1.00,647,-0.083,-0.094,7.788
1.00,648,3.282,1.920,-2.184
1.00,649,-0.042,-3.971,-2.100
1.00,650,-0.042,3.767,2.856
1.00,651,0.562,8.126,7.153
1.00,652,5.078,-4.801,-10.796
1.00,653,-3.211,-1.901,2.777
1.00,654,3.125,-1.888,2.783
1.00,655,6.241,-3.745,-2.124
1.00,656,-0.042,-3.971,-2.100
1.00,657,-6.238,0.611,-1.867
1.00,658,-6.142,-3.781,-2.179
1.00,659,-3.210,2.024,-2.180
1.00,660,6.241,-3.745,-2.124
1.00,661,-0.083,-0.094,7.788
1.00,662,3.282,1.920,-2.184
1.00,663,3.282,1.920,-2.184
1.00,664,3.800,-7.966,-1.485
1.00,665,-0.042,3.767,2.856
1.00,666,3.282,1.920,-2.184
1.00,667,-0.175,6.880,-2.194
1.00,668,-0.050,3.773,2.847
1.00,669,-3.210,2.024,-2.180
1.00,670,-0.042,-3.971,-2.100
1.00,671,3.282,1.920,-2.184
1.00,672,6.241,-3.745,-2.124
1.00,673,1.033,-9.349,7.208
1.00,674,-3.210,2.024,-2.180
1.00,675,-0.042,-3.971,-2.100
1.00,676,-3.210,2.024,-2.180
1.00,677,6.241,-3.745,-2.124
1.00,678,-0.042,-3.971,-2.100
1.00,679,6.241,-3.745,-2.124
1.00,680,-0.083,-0.094,7.788
1.00,681,-3.210,2.024,-2.180
1.00,682,-0.175,6.880,-2.194
1.00,683,2.579,-8.815,-7.475
1.00,684,6.241,-3.745,-2.124
1.00,685,-0.042,-3.971,-2.100
1.00,686,6.241,-3.745,-2.124
1.00,687,3.282,1.920,-2.184
1.00,688,-0.175,6.879,-2.194
1.00,689,3.282,1.920,-2.184
1.00,690,-0.175,6.880,-2.194
1.00,691,-0.042,3.767,2.856
1.00,692,-6.142,-3.781,-2.179
1.00,693,-0.042,-3.971,-2.100
1.00,694,-0.042,-3.971,-2.100
1.00,695,-6.142,-3.781,-2.179
1.00,696,-0.083,-0.094,7.788
1.00,697,-6.142,-3.781,-2.179
1.00,698,3.282,1.920,-2.184
1.00,699,-0.042,3.767,2.856
1.00,700,-3.210,2.024,-2.180
1.00,701,-3.211,2.025,-2.181
1.00,702,5.854,3.139,1.963
1.00,703,-0.042,-3.971,-2.100
1.00,704,-0.175,6.880,-2.194
1.00,705,3.282,1.920,-2.184
1.00,706,-0.175,6.880,-2.194
1.00,707,-0.083,-0.094,7.788
1.00,708,6.241,-3.745,-2.124
1.00,709,3.282,1.920,-2.184
1.00,710,-0.083,-0.094,7.788
1.00,711,-0.175,6.880,-2.194
1.00,712,-3.210,2.024,-2.180
1.00,713,-0.042,-3.971,-2.100
1.00,714,3.125,-1.888,2.783
1.00,715,-0.083,-0.094,7.788
1.00,716,-6.788,-3.051,4.949
1.00,717,-0.175,6.880,-2.194
1.00,718,6.240,-3.744,-2.124
1.00,719,-0.042,-3.971,-2.100
1.00,720,-0.175,6.880,-2.194
1.00,721,-3.224,2.024,-2.190
1.00,722,-0.083,-0.094,7.788
1.00,723,6.241,-3.745,-2.124
1.00,724,-0.042,3.767,2.856
1.00,725,-0.083,-0.094,7.788
1.00,726,-0.042,3.767,2.856
1.00,727,6.241,-3.745,-2.124
1.00,728,-3.210,2.024,-2.180
1.00,729,3.125,-1.888,2.783
1.00,730,-0.083,-0.094,7.788
1.00,731,-6.142,-3.781,-2.179
1.00,732,3.282,1.920,-2.184
1.00,733,3.125,-1.888,2.783
1.00,734,-0.175,6.880,-2.194
1.00,735,6.241,-3.745,-2.124
1.00,736,-0.083,-0.094,7.788
1.00,737,6.241,-3.745,-2.124
1.00,738,6.241,-3.745,-2.124
1.00,739,-0.042,-3.971,-2.100
1.00,740,6.241,-3.745,-2.124
1.00,741,-0.042,-3.971,-2.100
1.00,742,6.241,-3.745,-2.124
1.00,743,-4.836,1.491,-3.426
1.00,744,-0.083,-0.094,7.788
1.00,745,-0.083,-0.094,7.788
1.00,746,-3.210,2.024,-2.180
1.00,747,6.241,-3.745,-2.124
1.00,748,-0.175,6.880,-2.194
1.00,749,-0.042,-3.971,-2.100
1.00,750,-3.210,2.024,-2.180
1.00,751,6.241,-3.745,-2.124
1.00,752,-0.175,6.880,-2.194
1.00,753,6.241,-3.745,-2.124
1.00,754,-0.175,6.880,-2.194
1.00,755,-3.210,2.024,-2.180
1.00,756,-6.424,-7.347,-0.905
1.00,757,6.241,-3.745,-2.124
1.00,758,-0.175,6.880,-2.194
1.00,759,-3.210,2.024,-2.180
1.00,760,6.241,-3.745,-2.124
1.00,761,-3.210,2.024,-2.180
1.00,762,3.282,1.920,-2.184
1.00,763,6.241,-3.745,-2.124
1.00,764,-3.210,2.024,-2.180
1.00,765,9.375,-8.780,-3.214
1.00,766,3.125,-1.888,2.783
1.00,767,-0.175,6.880,-2.194
1.00,768,6.241,-3.745,-2.124
1.00,769,-0.042,3.767,2.856
1.00,770,-3.210,2.024,-2.180
1.00,771,3.282,1.920,-2.184
1.00,772,-0.083,-0.094,7.788
1.00,773,6.241,-3.745,-2.124
1.00,774,3.333,1.970,-2.202
1.00,775,3.282,1.920,-2.184
1.00,776,-3.210,2.024,-2.180
1.00,777,-0.175,6.880,-2.194
1.00,778,-3.210,2.024,-2.180
1.00,779,3.282,1.920,-2.184
1.00,780,-0.175,6.880,-2.194
1.00,781,3.282,1.920,-2.184
1.00,782,6.241,-3.745,-2.124
1.00,783,7.544,9.211,0.826
1.00,784,-0.083,-0.094,7.788
1.00,785,-0.083,-0.094,7.788
1.00,786,-0.042,-3.971,-2.100
1.00,787,-3.210,2.024,-2.180
1.00,788,3.125,-1.888,2.783
1.00,789,-3.210,2.024,-2.180
1.00,790,-9.338,-8.722,-11.013
1.00,791,5.585,3.258,-7.885
1.00,792,-0.175,6.880,-2.194
1.00,793,-0.042,-3.971,-2.100
1.00,794,-3.210,2.024,-2.180
1.00,795,-3.210,2.024,-2.180
1.00,796,-0.083,-0.094,7.788
1.00,797,-3.210,2.024,-2.180
1.00,798,-2.563,7.536,1.457
1.00,799,-0.083,-0.094,7.788
1.00,800,-0.042,-3.971,-2.100
1.00,801,-1.444,-6.617,4.043
1.00,802,-0.042,3.767,2.856
1.00,803,-0.042,-3.971,-2.100
1.00,804,3.282,1.920,-2.184
1.00,805,3.282,1.920,-2.184
1.00,806,3.125,-1.888,2.783
1.00,807,2.917,-8.567,-0.854
1.00,808,-3.210,2.024,-2.180
1.00,809,-3.210,2.024,-2.180
1.00,810,-0.042,-3.971,-2.100
1.00,811,3.650,-1.937,2.787
1.00,812,3.282,1.920,-2.184
1.00,813,6.241,-3.745,-2.124
1.00,814,-0.083,-0.094,7.788
1.00,815,-0.175,6.880,-2.194
1.00,816,3.282,1.920,-2.184
1.00,817,-6.142,-3.781,-2.179
1.00,818,-0.042,-3.971,-2.100
1.00,819,-0.042,3.767,2.856
1.00,820,-3.210,2.024,-2.180
1.00,821,-4.851,4.431,-10.881
1.00,822,-6.142,-3.781,-2.179
1.00,823,3.125,-1.888,2.783
1.00,824,-0.083,-0.094,7.788
1.00,825,3.282,1.920,-2.184
1.00,826,-0.042,3.767,2.856
1.00,827,-3.210,2.024,-2.180
1.00,828,-3.210,2.024,-2.180
1.00,829,-0.083,-0.094,7.788
1.00,830,-0.175,6.880,-2.194
1.00,831,-3.269,2.068,-2.160
1.00,832,3.282,1.920,-2.184
1.00,833,-0.175,6.879,-2.194
1.00,834,-3.210,2.024,-2.180
1.00,835,6.241,-3.745,-2.124
1.00,836,0.446,7.409,-2.117
1.00,837,6.241,-3.745,-2.124
1.00,838,3.282,1.920,-2.184
1.00,839,-0.175,6.880,-2.194
1.00,840,-3.210,2.024,-2.180
1.00,841,-0.175,6.880,-2.194
1.00,842,4.539,2.673,9.344
1.00,843,3.282,1.920,-2.184
1.00,844,3.282,1.920,-2.184
1.00,845,3.282,1.920,-2.184
1.00,846,-3.210,2.024,-2.180
1.00,847,3.282,1.920,-2.184
1.00,848,5.471,-5.685,3.284
1.00,849,-0.042,3.767,2.856
1.00,850,-0.042,3.767,2.856
1.00,851,2.602,-9.276,-5.419
1.00,852,-0.083,-0.094,7.788
1.00,853,3.282,1.920,-2.184
1.00,854,-4.221,9.323,-2.478
1.00,855,-0.175,6.880,-2.194
1.00,856,3.282,1.920,-2.184
1.00,857,-3.210,2.024,-2.180
1.00,858,3.282,1.920,-2.184
1.00,859,-3.210,2.024,-2.180
1.00,860,1.930,-8.002,-7.681
1.00,861,-3.211,-1.901,2.777
1.00,862,3.282,1.920,-2.184
1.00,863,-0.083,-0.094,7.788
1.00,864,-10.277,4.175,6.724
1.00,865,-0.042,-3.971,-2.100
1.00,866,-3.210,2.024,-2.180
1.00,867,-0.083,-0.094,7.788
1.00,868,3.125,-1.888,2.783
1.00,869,-0.078,3.910,2.767
1.00,870,3.128,-1.889,2.782
1.00,871,3.282,1.920,-2.184
1.00,872,-7.436,-10.006,-7.849
1.00,873,-3.210,2.024,-2.180
1.00,874,-0.083,-0.094,7.788
1.00,875,5.698,6.263,9.703
1.00,876,-3.210,2.024,-2.180
1.00,877,-0.042,3.767,2.856
1.00,878,-8.466,-9.397,-10.175
1.00,879,-0.083,-0.094,7.788
1.00,880,8.385,8.080,7.270
1.00,881,3.282,1.920,-2.184
1.00,882,-0.042,3.767,2.856
1.00,883,3.282,1.920,-2.184
1.00,884,3.282,1.920,-2.184
1.00,885,3.125,-1.888,2.783
1.00,886,-6.142,-3.781,-2.179
1.00,887,-0.042,-3.971,-2.100
1.00,888,3.282,1.920,-2.184
1.00,889,-3.210,2.024,-2.180
1.00,890,6.241,-3.745,-2.124
1.00,891,-0.042,3.767,2.856
1.00,892,-0.083,-0.094,7.788
1.00,893,-6.142,-3.781,-2.179
1.00,894,-3.211,-1.901,2.777
1.00,895,-0.053,-3.973,-2.078
1.00,896,-3.210,2.024,-2.180
1.00,897,-0.042,-3.971,-2.100
1.00,898,-0.175,6.880,-2.194
1.00,899,3.282,1.920,-2.184
1.00,900,-0.175,6.880,-2.194
1.00,901,-3.210,2.024,-2.180
1.00,902,-3.210,2.024,-2.180
1.00,903,-0.045,-3.972,-2.093
1.00,904,6.241,-3.745,-2.124
1.00,905,6.241,-3.745,-2.124
1.00,906,6.241,-3.745,-2.124
1.00,907,5.593,-6.420,-1.589
1.00,908,6.241,-3.745,-2.124
1.00,909,-1.000,-0.327,8.182
1.00,910,3.282,1.920,-2.184
1.00,911,-0.083,-0.094,7.788
1.00,912,6.241,-3.745,-2.124
1.00,913,3.125,-1.888,2.783
1.00,914,-0.042,3.767,2.856
1.00,915,3.282,1.920,-2.184
1.00,916,6.241,-3.745,-2.124
1.00,917,-0.083,-0.094,7.788
1.00,918,-0.042,3.767,2.856
1.00,919,-0.042,3.767,2.856
1.00,920,3.282,1.920,-2.184
1.00,921,3.125,-1.888,2.783
1.00,922,-3.210,2.024,-2.180
1.00,923,-0.083,-0.094,7.788
1.00,924,3.125,-1.888,2.783
1.00,925,-8.319,6.968,-5.544
1.00,926,-0.042,3.767,2.856
1.00,927,-0.042,3.767,2.856
1.00,928,-3.211,-1.901,2.777
1.00,929,6.241,-3.745,-2.124
1.00,930,-3.210,2.024,-2.180
1.00,931,-0.175,6.880,-2.194
1.00,932,-0.175,6.880,-2.194
1.00,933,6.241,-3.745,-2.124
1.00,934,-3.211,-1.901,2.777
1.00,935,-0.042,-3.971,-2.100
1.00,936,-0.042,-3.971,-2.100
1.00,937,-3.210,2.024,-2.180
1.00,938,-0.042,3.767,2.856
1.00,939,5.320,-3.567,5.262
1.00,940,-3.211,2.025,-2.181
1.00,941,-0.083,-0.094,7.788
1.00,942,-0.083,-0.094,7.788
1.00,943,-0.042,3.767,2.856
1.00,944,3.282,1.920,-2.184
1.00,945,-0.083,-0.094,7.788
1.00,946,-3.210,2.024,-2.180
1.00,947,10.501,2.185,-2.999
1.00,948,3.125,-1.888,2.783
1.00,949,6.995,-1.103,7.459
1.00,950,-0.042,-3.971,-2.100
1.00,951,0.857,7.162,8.383
1.00,952,-3.177,7.730,5.660
1.00,953,3.283,1.920,-2.185
1.00,954,-9.057,-9.717,5.060
1.00,955,3.559,2.184,-2.190
1.00,956,-3.210,2.024,-2.180
1.00,957,-3.210,2.024,-2.180
1.00,958,-0.083,-0.094,7.788
1.00,959,-0.042,-3.971,-2.100
1.00,960,3.282,1.920,-2.184
1.00,961,-0.042,-3.971,-2.100
1.00,962,-0.175,6.880,-2.194
1.00,963,-3.210,2.024,-2.180
1.00,964,7.420,0.274,0.325
1.00,965,-0.083,-0.094,7.788
1.00,966,6.241,-3.745,-2.124
1.00,967,6.241,-3.745,-2.124
1.00,968,6.241,-3.745,-2.124
1.00,969,-0.083,-0.094,7.788
1.00,970,3.125,-1.888,2.783
1.00,971,6.241,-3.745,-2.124
1.00,972,0.003,-0.212,7.846
1.00,973,3.282,1.920,-2.184
1.00,974,-0.042,-3.971,-2.100
1.00,975,-0.042,-3.971,-2.100
1.00,976,3.125,-1.888,2.783
1.00,977,-3.210,2.024,-2.180
1.00,978,-0.042,-3.971,-2.100
1.00,979,-3.210,2.024,-2.180
1.00,980,-0.042,3.767,2.856
1.00,981,-0.120,-4.026,-1.975
1.00,982,6.241,-3.745,-2.124
1.00,983,3.125,-1.888,2.783
1.00,984,-8.013,-9.960,-5.384
1.00,985,-3.210,2.024,-2.180
1.00,986,-0.042,-3.971,-2.100
1.00,987,-6.142,-3.781,-2.179
1.00,988,-8.074,-10.031,-6.289
1.00,989,4.747,4.335,5.695
1.00,990,-0.042,3.767,2.856
1.00,991,-3.210,2.024,-2.180
1.00,992,-6.142,-3.781,-2.179
1.00,993,-3.210,2.024,-2.180
1.00,994,3.125,-1.888,2.783
1.00,995,3.282,1.920,-2.184
1.00,996,-3.210,2.024,-2.180
1.00,997,3.125,-1.888,2.783
1.00,998,-0.042,-3.971,-2.100
1.00,999,-0.042,-3.971,-2.100
1.00,1000,-3.210,2.024,-2.180
1.00,1001,6.985,-1.217,-0.670
1.00,1002,0.839,8.078,-3.198
1.00,1003,5.121,3.490,7.987
1.00,1004,3.282,1.920,-2.184
1.00,1005,3.125,-1.888,2.783
1.00,1006,-0.175,6.880,-2.194
1.00,1007,3.125,-1.888,2.783
1.00,1008,-9.655,6.180,6.650
1.00,1009,-3.211,-1.901,2.777
1.00,1010,3.282,1.920,-2.184
1.00,1011,-0.175,6.880,-2.194
1.00,1012,-0.175,6.880,-2.194
1.00,1013,-0.083,-0.094,7.788
1.00,1014,-0.083,-0.094,7.788
1.00,1015,4.628,3.810,4.515
1.00,1016,-0.042,3.767,2.856
1.00,1017,6.241,-3.745,-2.124
1.00,1018,-0.042,-3.971,-2.100
1.00,1019,6.157,-3.423,-2.107
1.00,1020,3.282,1.920,-2.184
1.00,1021,3.282,1.920,-2.184
1.00,1022,6.241,-3.745,-2.124
1.00,1023,-7.638,-10.277,1.373
1.00,1024,0.588,7.613,-3.227
1.00,1025,-10.074,3.547,6.781
1.00,1026,-0.175,6.880,-2.194
1.00,1027,-3.210,2.024,-2.180
1.00,1028,3.282,1.920,-2.184
1.00,1029,-6.142,-3.781,-2.179
1.00,1030,-3.210,2.024,-2.180
1.00,1031,-0.042,-3.971,-2.100
1.00,1032,-3.210,2.024,-2.180
1.00,1033,-0.175,6.880,-2.194
1.00,1034,-0.042,-3.971,-2.100
1.00,1035,-0.175,6.880,-2.194
1.00,1036,-0.083,-0.094,7.788
1.00,1037,-3.210,2.024,-2.180
1.00,1038,-3.211,-1.901,2.777
1.00,1039,-0.083,-0.094,7.788
1.00,1040,3.284,1.922,-2.186
1.00,1041,6.241,-3.745,-2.124
1.00,1042,6.241,-3.745,-2.124
1.00,1043,6.241,-3.745,-2.124
1.00,1044,-0.175,6.880,-2.194
1.00,1045,6.241,-3.745,-2.124
1.00,1046,-0.083,-0.094,7.788
1.00,1047,-0.083,-0.094,7.788
1.00,1048,-4.457,-7.260,9.325
1.00,1049,-3.213,8.938,-5.927
1.00,1050,-0.042,3.767,2.856
1.00,1051,-3.210,2.024,-2.180
1.00,1052,-0.042,3.767,2.856
1.00,1053,3.282,1.920,-2.184
1.00,1054,-0.042,3.767,2.856
1.00,1055,3.125,-1.888,2.783
1.00,1056,3.125,-1.888,2.783
1.00,1057,-0.042,-3.971,-2.100
1.00,1058,-3.210,2.024,-2.180
1.00,1059,4.637,-6.370,6.621
1.00,1060,-0.175,6.880,-2.194
1.00,1061,6.241,-3.745,-2.124
1.00,1062,3.282,1.920,-2.184
1.00,1063,6.241,-3.745,-2.124
1.00,1064,-6.260,-6.840,3.260
1.00,1065,3.282,1.920,-2.184
1.00,1066,-0.119,-0.028,7.789
1.00,1067,-3.210,2.024,-2.180
1.00,1068,6.241,-3.745,-2.124
1.00,1069,-0.083,-0.094,7.788
1.00,1070,3.282,1.920,-2.184
1.00,1071,-3.210,2.024,-2.180
1.00,1072,-0.042,-3.971,-2.100
1.00,1073,-3.210,2.024,-2.180
1.00,1074,6.324,-7.173,1.142
1.00,1075,3.282,1.920,-2.184
1.00,1076,3.282,1.920,-2.184
1.00,1077,3.282,1.920,-2.184
1.00,1078,3.125,-1.888,2.783
1.00,1079,-3.210,2.024,-2.180
1.00,1080,3.282,1.920,-2.184
1.00,1081,-0.042,-3.971,-2.100
1.00,1082,-3.210,2.024,-2.180
1.00,1083,6.241,-3.745,-2.124
1.00,1084,-0.175,6.880,-2.194
1.00,1085,3.282,1.920,-2.184
1.00,1086,-7.450,0.714,-8.417
1.00,1087,-0.175,6.880,-2.194
1.00,1088,-0.175,6.880,-2.194
1.00,1089,-0.175,6.880,-2.194
1.00,1090,3.282,1.920,-2.184
1.00,1091,3.282,1.920,-2.184
1.00,1092,-0.042,3.767,2.856
1.00,1093,-0.042,3.767,2.856
1.00,1094,-3.210,2.024,-2.180
1.00,1095,-0.113,-4.002,-1.966
1.00,1096,-0.441,-4.348,1.597
1.00,1097,-0.042,3.767,2.856
1.00,1098,-0.083,-0.094,7.788
1.00,1099,6.241,-3.745,-2.124
1.00,1100,6.231,-3.731,-2.115
1.00,1101,-0.175,6.880,-2.194
1.00,1102,-3.210,2.024,-2.180
1.00,1103,-0.083,-0.094,7.788
1.00,1104,6.241,-3.745,-2.124
1.00,1105,-0.175,6.880,-2.194
1.00,1106,-3.210,2.024,-2.180
1.00,1107,-0.175,6.880,-2.194
1.00,1108,-0.175,6.880,-2.194
1.00,1109,3.282,1.920,-2.184
1.00,1110,-3.211,2.024,-2.180
1.00,1111,6.241,-3.745,-2.124
1.00,1112,-0.175,6.880,-2.194
1.00,1113,3.125,-1.888,2.783
1.00,1114,3.125,-1.888,2.783
1.00,1115,-0.042,-3.971,-2.100
1.00,1116,-0.081,-0.095,7.791
1.00,1117,-2.988,5.431,6.538
1.00,1118,3.282,1.920,-2.184
1.00,1119,-0.042,3.767,2.856
1.00,1120,-3.210,2.024,-2.180
1.00,1121,6.241,-3.745,-2.124
1.00,1122,-2.906,5.807,8.219
1.00,1123,-0.175,6.880,-2.194
1.00,1124,-0.175,6.880,-2.194
1.00,1125,-0.175,6.880,-2.194
1.00,1126,-0.175,6.880,-2.194
1.00,1127,-3.210,2.024,-2.180
1.00,1128,-3.210,2.024,-2.180
1.00,1129,-3.210,2.024,-2.180
1.00,1130,-3.210,2.024,-2.180
1.00,1131,3.282,1.920,-2.184
1.00,1132,-0.175,6.880,-2.194
1.00,1133,-0.042,3.767,2.856
1.00,1134,-7.850,-8.309,-10.976
1.00,1135,-0.083,-0.094,7.788
1.00,1136,-0.060,-3.976,-2.061
1.00,1137,3.282,1.920,-2.184
1.00,1138,-3.210,2.024,-2.180
1.00,1139,-0.043,3.767,2.856
1.00,1140,3.282,1.920,-2.184
1.00,1141,-0.042,3.767,2.856
1.00,1142,-0.042,3.767,2.856
1.00,1143,3.125,-1.888,2.783
1.00,1144,-6.082,0.758,-1.396
1.00,1145,-0.083,-0.094,7.788
1.00,1146,-3.210,2.024,-2.180
1.00,1147,-0.696,-4.052,2.670
1.00,1148,-0.042,-3.971,-2.100
1.00,1149,-3.264,2.021,-2.215
1.00,1150,-0.175,6.880,-2.194
1.00,1151,-0.175,6.880,-2.194
1.00,1152,6.241,-3.745,-2.124
1.00,1153,-0.083,-0.094,7.788
1.00,1154,-6.142,-3.781,-2.179
1.00,1155,6.241,-3.745,-2.124
1.00,1156,-0.175,6.880,-2.194
1.00,1157,-3.210,2.024,-2.180
1.00,1158,-3.210,2.024,-2.180
1.00,1159,3.282,1.920,-2.184
1.00,1160,-6.142,-3.781,-2.179
1.00,1161,-6.142,-3.781,-2.179
1.00,1162,3.282,1.920,-2.184
1.00,1163,-3.210,2.024,-2.180
1.00,1164,-3.210,2.024,-2.180
1.00,1165,-0.042,-3.971,-2.100
1.00,1166,-0.042,-3.971,-2.100
1.00,1167,3.282,1.920,-2.184
1.00,1168,2.359,-8.251,-3.814
1.00,1169,7.066,8.151,-3.827
1.00,1170,-7.762,-10.921,-8.852
1.00,1171,8.934,-9.690,4.522
1.00,1172,-6.142,-3.781,-2.179
1.00,1173,3.125,-1.888,2.783
1.00,1174,-3.210,2.024,-2.180
1.00,1175,-0.083,-0.094,7.788
1.00,1176,-0.083,-0.094,7.788
1.00,1177,6.241,-3.745,-2.124
1.00,1178,-4.387,2.345,1.402
1.00,1179,3.282,1.920,-2.184
1.00,1180,-3.210,2.024,-2.180
1.00,1181,3.125,-1.888,2.783
1.00,1182,3.282,1.920,-2.184
1.00,1183,-3.210,2.024,-2.180
1.00,1184,-6.142,-3.781,-2.179
1.00,1185,6.241,-3.745,-2.124
1.00,1186,1.862,8.162,-1.009
1.00,1187,-0.083,-0.094,7.788
1.00,1188,3.282,1.920,-2.184
1.00,1189,3.125,-1.888,2.783
1.00,1190,-0.042,3.767,2.856
1.00,1191,3.181,-1.924,2.759
1.00,1192,-0.042,-3.971,-2.100
1.00,1193,-0.042,-3.971,-2.100
1.00,1194,-3.210,2.024,-2.180
1.00,1195,-0.083,-0.094,7.788
1.00,1196,3.282,1.920,-2.184
1.00,1197,-0.175,6.880,-2.194
1.00,1198,-3.210,2.024,-2.180
1.00,1199,-7.107,-2.329,5.923
1.00,1200,3.125,-1.888,2.783
1.00,1201,-0.042,3.767,2.856
1.00,1202,-3.211,2.024,-2.180
1.00,1203,-6.402,-7.515,-1.056
1.00,1204,-0.175,6.880,-2.194
1.00,1205,-6.142,-3.781,-2.179
1.00,1206,-0.083,-0.094,7.788
1.00,1207,-3.210,2.024,-2.180
1.00,1208,3.282,1.920,-2.184
1.00,1209,6.241,-3.745,-2.124
1.00,1210,3.282,1.920,-2.184
1.00,1211,-3.210,2.024,-2.180
1.00,1212,-0.175,6.880,-2.194
1.00,1213,6.241,-3.745,-2.124
1.00,1214,-0.083,-0.094,7.788
1.00,1215,3.282,1.920,-2.184
1.00,1216,6.241,-3.745,-2.124
1.00,1217,-6.142,-3.781,-2.179
1.00,1218,-0.042,-3.971,-2.100
1.00,1219,3.282,1.920,-2.184
1.00,1220,-3.210,2.024,-2.180
1.00,1221,-0.042,3.767,2.856
1.00,1222,-3.210,2.024,-2.180
1.00,1223,-0.042,-3.971,-2.100
1.00,1224,-5.563,-8.258,7.922
1.00,1225,-0.042,-3.971,-2.100
1.00,1226,-3.211,-1.901,2.777
1.00,1227,3.126,-1.888,2.783
1.00,1228,3.125,-1.888,2.783
1.00,1229,-3.210,2.024,-2.180
1.00,1230,-3.210,2.024,-2.180
1.00,1231,-6.813,-0.850,4.453
1.00,1232,-3.210,2.024,-2.180
1.00,1233,3.282,1.920,-2.184
1.00,1234,6.241,-3.745,-2.124
1.00,1235,6.241,-3.745,-2.124
1.00,1236,-0.042,3.767,2.856
1.00,1237,-0.042,-3.971,-2.100
1.00,1238,-0.042,3.767,2.856
1.00,1239,-0.042,-3.971,-2.100
1.00,1240,6.241,-3.745,-2.124
1.00,1241,6.241,-3.745,-2.124
1.00,1242,-0.175,6.880,-2.194
1.00,1243,-6.142,-3.781,-2.179
1.00,1244,3.282,1.920,-2.184
1.00,1245,-0.083,-0.094,7.788
1.00,1246,-0.082,-0.092,7.791
1.00,1247,-0.042,-3.971,-2.100
1.00,1248,3.282,1.920,-2.184
1.00,1249,6.241,-3.745,-2.124
1.00,1250,-0.083,-0.094,7.788
1.00,1251,-0.175,6.880,-2.194
1.00,1252,-0.083,-0.094,7.788
1.00,1253,-3.211,-1.902,2.777
1.00,1254,-0.175,6.880,-2.194
1.00,1255,3.282,1.920,-2.184
1.00,1256,-3.210,2.024,-2.180
1.00,1257,6.241,-3.745,-2.124
1.00,1258,-0.042,3.767,2.856
1.00,1259,-3.210,2.024,-2.180
1.00,1260,-0.083,-0.094,7.788
1.00,1261,-0.175,6.880,-2.194
1.00,1262,-6.142,-3.781,-2.179
1.00,1263,-0.083,-0.094,7.788
1.00,1264,-3.211,2.024,-2.180
1.00,1265,-0.175,6.880,-2.194
1.00,1266,6.232,-3.729,-2.116
1.00,1267,-0.083,-0.094,7.788
1.00,1268,-0.042,3.767,2.856
1.00,1269,-0.175,6.880,-2.194
1.00,1270,6.241,-3.745,-2.124
1.00,1271,-3.210,2.024,-2.180
1.00,1272,-0.043,-3.971,-2.099
1.00,1273,-3.210,2.024,-2.180
1.00,1274,6.241,-3.745,-2.124
1.00,1275,-0.042,-3.971,-2.100
1.00,1276,-0.175,6.880,-2.194
1.00,1277,-0.042,-3.971,-2.100
1.00,1278,-0.083,-0.094,7.788
1.00,1279,-6.142,-3.781,-2.179
1.00,1280,6.241,-3.745,-2.124
1.00,1281,-3.210,2.024,-2.180
1.00,1282,-3.210,2.024,-2.180
1.00,1283,-0.042,-3.971,-2.100
1.00,1284,-3.210,2.024,-2.180
1.00,1285,-0.413,-4.706,0.026
1.00,1286,3.282,1.920,-2.184
1.00,1287,-0.042,3.767,2.856
1.00,1288,-0.175,6.880,-2.194
1.00,1289,3.125,-1.888,2.783
1.00,1290,3.125,-1.888,2.783
1.00,1291,6.241,-3.745,-2.124
1.00,1292,-0.042,3.767,2.856
1.00,1293,3.282,1.920,-2.184
1.00,1294,-3.210,2.024,-2.180
1.00,1295,-1.948,-7.026,1.570
1.00,1296,-6.632,-9.272,-8.471
1.00,1297,-0.174,6.880,-2.194
1.00,1298,3.282,1.920,-2.184
1.00,1299,-6.142,-3.781,-2.179
1.00,1300,-3.210,2.024,-2.180
1.00,1301,-6.338,7.915,5.535
1.00,1302,-0.042,-3.971,-2.100
1.00,1303,-0.083,-0.094,7.788
1.00,1304,3.125,-1.888,2.783
1.00,1305,3.282,1.920,-2.184
1.00,1306,3.282,1.920,-2.184
1.00,1307,-3.210,2.024,-2.180
1.00,1308,-0.042,3.767,2.856
1.00,1309,3.282,1.920,-2.184
1.00,1310,3.125,-1.888,2.783
1.00,1311,6.241,-3.745,-2.124
1.00,1312,6.241,-3.745,-2.124
1.00,1313,3.125,-1.888,2.783
1.00,1314,-3.211,-1.901,2.777
1.00,1315,3.125,-1.888,2.783
1.00,1316,-3.210,2.024,-2.180
1.00,1317,-0.042,-3.971,-2.100
1.00,1318,-8.455,7.487,-1.968
1.00,1319,-3.210,2.024,-2.180
1.00,1320,3.282,1.920,-2.184
1.00,1321,3.282,1.920,-2.184
1.00,1322,-0.175,6.880,-2.194
1.00,1323,-0.083,-0.094,7.788
1.00,1324,3.388,4.758,1.862
1.00,1325,-3.210,2.024,-2.180
1.00,1326,-0.083,-0.094,7.788
1.00,1327,-0.175,6.880,-2.194
1.00,1328,3.282,1.920,-2.184
1.00,1329,-0.083,-0.094,7.788
1.00,1330,-0.042,-3.971,-2.100
1.00,1331,2.274,-8.678,-5.153
1.00,1332,-3.210,2.024,-2.180
1.00,1333,-0.042,-3.971,-2.100
1.00,1334,6.241,-3.745,-2.124
1.00,1335,-0.042,-3.971,-2.100
1.00,1336,-3.210,2.024,-2.180
1.00,1337,3.125,-1.888,2.783
1.00,1338,1.987,8.056,0.513
1.00,1339,-0.083,-0.094,7.788
1.00,1340,-0.042,3.767,2.856
1.00,1341,-0.042,3.767,2.856
1.00,1342,-0.042,-3.971,-2.100
1.00,1343,-0.083,-0.094,7.788
1.00,1344,-3.210,2.024,-2.180
1.00,1345,-0.042,3.767,2.856
1.00,1346,-0.175,6.880,-2.194
1.00,1347,-0.083,-0.094,7.788
1.00,1348,-3.210,2.024,-2.180
1.00,1349,-0.083,-0.094,7.788
1.00,1350,-4.540,9.607,-3.060
1.00,1351,6.241,-3.745,-2.124
1.00,1352,-3.651,2.194,-1.863
1.00,1353,-0.175,6.880,-2.194
1.00,1354,5.126,-7.305,0.350
1.00,1355,3.282,1.920,-2.184
1.00,1356,6.241,-3.745,-2.124
1.00,1357,-10.815,2.974,-10.035
1.00,1358,6.497,8.455,-0.745
1.00,1359,3.125,-1.888,2.783
1.00,1360,3.125,-1.888,2.783
1.00,1361,3.107,1.746,-1.447
1.00,1362,-0.083,-0.094,7.788
1.00,1363,-0.203,6.790,-2.201
1.00,1364,-0.044,-3.971,-2.097
1.00,1365,-0.083,-0.094,7.788
1.00,1366,-0.083,-0.094,7.788
1.00,1367,-0.175,6.880,-2.194
1.00,1368,-0.083,-0.094,7.788
1.00,1369,-3.210,2.024,-2.180
1.00,1370,-3.210,2.024,-2.180
1.00,1371,3.282,1.920,-2.184
1.00,1372,-0.042,3.767,2.856
1.00,1373,6.241,-3.745,-2.124
1.00,1374,3.125,-1.888,2.783
1.00,1375,-3.210,2.024,-2.180
1.00,1376,-0.175,6.880,-2.194
1.00,1377,-3.210,2.024,-2.180
1.00,1378,-0.083,-0.094,7.788
1.00,1379,-0.042,3.767,2.856
1.00,1380,-0.042,-3.971,-2.100
1.00,1381,-3.210,2.024,-2.180
1.00,1382,3.282,1.920,-2.184
1.00,1383,-0.083,-0.094,7.788
1.00,1384,-6.852,0.486,-1.575
1.00,1385,-0.042,-3.971,-2.100
1.00,1386,-3.210,2.024,-2.180
1.00,1387,-0.042,3.767,2.856
1.00,1388,3.282,1.920,-2.184
1.00,1389,-3.210,2.024,-2.180
1.00,1390,-10.596,2.339,-0.512
1.00,1391,-0.042,-3.971,-2.100
1.00,1392,-6.606,7.339,5.532
1.00,1393,-3.211,-1.901,2.777
1.00,1394,6.241,-3.745,-2.124
1.00,1395,6.235,-3.735,-2.118
1.00,1396,-0.042,-3.971,-2.100
1.00,1397,-3.210,2.024,-2.180
1.00,1398,6.241,-3.745,-2.124
1.00,1399,-3.210,2.024,-2.180
1.00,1400,3.282,1.920,-2.185
1.00,1401,-0.042,-3.971,-2.100
1.00,1402,-0.083,-0.094,7.788
1.00,1403,-3.210,2.024,-2.180
1.00,1404,3.125,-1.888,2.783
1.00,1405,6.241,-3.745,-2.124
1.00,1406,-6.795,-9.154,-4.105
1.00,1407,-0.042,-3.971,-2.100
1.00,1408,-3.210,2.024,-2.180
1.00,1409,-3.210,2.024,-2.180
1.00,1410,3.282,1.920,-2.184
1.00,1411,-0.175,6.880,-2.194
1.00,1412,9.248,-8.979,-1.832
1.00,1413,-0.042,-3.971,-2.100
1.00,1414,3.282,1.920,-2.184
1.00,1415,6.241,-3.745,-2.124
1.00,1416,-0.083,-0.094,7.788
1.00,1417,-3.210,2.024,-2.180
1.00,1418,-6.142,-3.781,-2.179
1.00,1419,3.282,1.920,-2.184
1.00,1420,-6.142,-3.781,-2.179
1.00,1421,-0.083,-0.094,7.788
1.00,1422,-3.210,2.024,-2.180
1.00,1423,6.241,-3.745,-2.124
1.00,1424,3.282,1.920,-2.184
1.00,1425,3.125,-1.888,2.783
1.00,1426,-6.142,-3.781,-2.179
1.00,1427,3.125,-1.888,2.783
1.00,1428,3.282,1.920,-2.184
1.00,1429,3.125,-1.888,2.783
1.00,1430,-0.083,-0.094,7.788
1.00,1431,3.125,-1.888,2.783
1.00,1432,7.563,8.472,-10.895
1.00,1433,5.116,4.139,0.787
1.00,1434,-0.043,-3.971,-2.100
1.00,1435,-0.060,-3.976,-2.062
1.00,1436,3.125,-1.888,2.783
1.00,1437,-0.042,-3.971,-2.100
1.00,1438,-0.042,-3.971,-2.100
1.00,1439,-0.042,-3.971,-2.100
1.00,1440,-3.210,2.024,-2.180
1.00,1441,6.241,-3.745,-2.124
1.00,1442,-0.083,-0.094,7.788
1.00,1443,3.125,-1.888,2.783
1.00,1444,-0.127,-4.035,-2.008
1.00,1445,3.282,1.920,-2.184
1.00,1446,2.605,-9.276,-3.318
1.00,1447,-0.083,-0.094,7.788
1.00,1448,-6.142,-3.781,-2.179
1.00,1449,-0.083,-0.094,7.788
1.00,1450,-6.142,-3.781,-2.179
1.00,1451,-0.042,-3.971,-2.100
1.00,1452,6.018,-3.486,-2.048
1.00,1453,6.438,-7.098,1.346
1.00,1454,-0.042,3.767,2.856
1.00,1455,7.425,1.294,2.355
1.00,1456,0.011,-8.173,7.940
1.00,1457,-0.043,-3.971,-2.099
1.00,1458,-0.175,6.880,-2.194
1.00,1459,-0.042,3.767,2.856
1.00,1460,-0.042,-3.971,-2.100
1.00,1461,-5.612,1.818,4.042
1.00,1462,-0.175,6.880,-2.194
1.00,1463,-0.042,3.767,2.856
1.00,1464,-0.042,3.767,2.856
1.00,1465,-3.604,2.587,8.735
1.00,1466,-0.042,-3.971,-2.100
1.00,1467,-0.083,-0.094,7.788
1.00,1468,6.241,-3.745,-2.124
1.00,1469,-0.083,-0.094,7.788
1.00,1470,-3.210,2.024,-2.180
1.00,1471,-0.175,6.880,-2.194
1.00,1472,3.282,1.920,-2.184
1.00,1473,3.282,1.920,-2.184
1.00,1474,-3.210,2.024,-2.180
1.00,1475,-3.210,2.024,-2.180
1.00,1476,6.241,-3.745,-2.124
1.00,1477,3.125,-1.888,2.783
1.00,1478,-0.083,-0.094,7.788
1.00,1479,-3.210,2.024,-2.180
1.00,1480,6.241,-3.745,-2.124
1.00,1481,-3.210,2.024,-2.180
1.00,1482,-0.042,-3.971,-2.100
1.00,1483,-3.211,-1.901,2.777
1.00,1484,-0.042,-3.971,-2.100
1.00,1485,-0.042,3.767,2.856
1.00,1486,-3.107,8.579,-4.702
1.00,1487,-3.210,2.024,-2.180
1.00,1488,-0.175,6.880,-2.194
1.00,1489,3.282,1.920,-2.184
1.00,1490,-3.211,-1.901,2.777
1.00,1491,-0.083,-0.094,7.788
1.00,1492,-0.042,-3.971,-2.100
1.00,1493,6.240,-3.744,-2.123
1.00,1494,-0.042,-3.971,-2.100
1.00,1495,-0.175,6.880,-2.194
1.00,1496,-3.210,2.024,-2.180
1.00,1497,6.241,-3.745,-2.124
1.00,1498,-7.158,-0.950,-10.922
1.00,1499,-0.083,-0.094,7.788
1.00,1500,-3.210,2.024,-2.180
1.00,1501,-3.210,2.024,-2.180
1.00,1502,3.125,-1.888,2.783
1.00,1503,3.125,-1.888,2.783
1.00,1504,3.125,-1.888,2.783
1.00,1505,-0.042,-3.971,-2.100
1.00,1506,6.241,-3.745,-2.124
1.00,1507,3.125,-1.888,2.783
1.00,1508,-3.210,2.024,-2.180
1.00,1509,-6.142,-3.781,-2.179
1.00,1510,-6.164,-3.779,-2.180
1.00,1511,3.125,-1.888,2.783
1.00,1512,6.241,-3.745,-2.124
1.00,1513,-6.736,-6.792,1.453
1.00,1514,-0.083,-0.094,7.788
1.00,1515,3.282,1.920,-2.184
1.00,1516,-0.042,-3.971,-2.100
1.00,1517,3.282,1.920,-2.184
1.00,1518,-0.042,3.767,2.856
1.00,1519,3.282,1.920,-2.184
1.00,1520,6.241,-3.745,-2.124
1.00,1521,-8.771,-7.190,8.794
1.00,1522,-3.210,2.024,-2.180
1.00,1523,-6.142,-3.781,-2.179
1.00,1524,-3.210,2.024,-2.180
1.00,1525,6.241,-3.745,-2.124
1.00,1526,3.282,1.920,-2.184
1.00,1527,-0.175,6.880,-2.194
1.00,1528,-3.211,2.024,-2.180
1.00,1529,-0.083,-0.094,7.788
1.00,1530,6.798,8.146,-3.151
1.00,1531,-0.042,-3.971,-2.100
1.00,1532,-3.210,2.024,-2.180
1.00,1533,-0.174,6.881,-2.194
1.00,1534,-3.210,2.024,-2.180
1.00,1535,-0.042,-3.971,-2.100
1.00,1536,-0.083,-0.094,7.788
1.00,1537,3.282,1.920,-2.184
1.00,1538,-0.042,3.767,2.856
1.00,1539,6.241,-3.745,-2.124
1.00,1540,-0.907,-5.366,-1.143
1.00,1541,-3.210,2.024,-2.180
1.00,1542,3.282,1.920,-2.184
1.00,1543,6.241,-3.745,-2.124
1.00,1544,9.471,-8.491,-5.067
1.00,1545,-3.210,2.024,-2.180
1.00,1546,-3.210,2.024,-2.180
1.00,1547,-3.210,2.024,-2.180
1.00,1548,2.477,-8.360,-7.303
1.00,1549,6.241,-3.745,-2.124
1.00,1550,-0.175,6.880,-2.194
1.00,1551,3.282,1.920,-2.184
1.00,1552,-0.175,6.880,-2.194
1.00,1553,-0.042,-3.971,-2.100
1.00,1554,-3.210,2.024,-2.180
1.00,1555,-0.042,-3.971,-2.100
1.00,1556,3.282,1.920,-2.184
1.00,1557,6.241,-3.745,-2.124
1.00,1558,3.125,-1.888,2.783
1.00,1559,-0.083,-0.094,7.788
1.00,1560,-3.210,2.024,-2.180
1.00,1561,-0.066,3.785,2.833
1.00,1562,3.282,1.920,-2.184
1.00,1563,3.125,-1.888,2.783
1.00,1564,-0.082,-0.093,7.789
1.00,1565,3.125,-1.888,2.783
1.00,1566,-3.211,-1.901,2.777
1.00,1567,3.382,1.969,-2.190
1.00,1568,-0.175,6.880,-2.194
1.00,1569,-0.042,3.767,2.856
1.00,1570,2.809,-10.087,-11.083
1.00,1571,-0.083,-0.094,7.788
1.00,1572,-3.210,2.024,-2.180
1.00,1573,-3.877,2.420,-1.567
1.00,1574,3.282,1.920,-2.184
1.00,1575,-0.083,-0.094,7.788
1.00,1576,3.282,1.920,-2.184
1.00,1577,-3.210,2.024,-2.180
1.00,1578,-6.142,-3.781,-2.179
1.00,1579,-3.329,7.416,1.253
1.00,1580,-0.091,-0.095,7.813
1.00,1581,-0.175,6.880,-2.194
1.00,1582,-0.042,-3.971,-2.100
1.00,1583,3.282,1.920,-2.184
1.00,1584,-0.175,6.880,-2.194
1.00,1585,3.282,1.920,-2.184
1.00,1586,-6.142,-3.781,-2.179
1.00,1587,6.241,-3.745,-2.124
1.00,1588,-0.042,3.767,2.856
1.00,1589,-0.042,3.767,2.856
1.00,1590,-3.211,-1.901,2.777
1.00,1591,-6.256,-3.416,-8.190
1.00,1592,-0.011,4.463,-2.474
1.00,1593,-3.211,-1.901,2.777
1.00,1594,-3.213,2.026,-2.181
1.00,1595,-8.458,7.541,-2.039
1.00,1596,3.125,-1.888,2.783
1.00,1597,-0.083,-0.094,7.788
1.00,1598,-0.042,-3.971,-2.100
1.00,1599,-0.175,6.880,-2.194
1.00,1600,-3.210,2.024,-2.180
1.00,1601,-0.083,-0.094,7.788
1.00,1602,-3.211,-1.901,2.777
1.00,1603,-0.042,-3.971,-2.100
1.00,1604,-6.309,-8.608,-3.003
1.00,1605,-0.042,3.767,2.856
1.00,1606,-0.042,-3.971,-2.100
1.00,1607,6.241,-3.745,-2.124
1.00,1608,6.241,-3.745,-2.124
1.00,1609,-0.175,6.880,-2.194
1.00,1610,-3.210,2.024,-2.180
1.00,1611,-3.210,2.024,-2.180
1.00,1612,6.241,-3.745,-2.124
1.00,1613,3.283,1.920,-2.184
1.00,1614,-3.210,2.024,-2.180
1.00,1615,-0.042,3.767,2.856
1.00,1616,-0.083,-0.094,7.788
1.00,1617,3.282,1.920,-2.184
1.00,1618,-0.175,6.880,-2.194
1.00,1619,6.241,-3.745,-2.124
1.00,1620,6.241,-3.745,-2.124
1.00,1621,-0.175,6.880,-2.194
1.00,1622,-0.175,6.880,-2.194
1.00,1623,-0.083,-0.094,7.788
1.00,1624,3.282,1.920,-2.184
1.00,1625,-0.042,-3.971,-2.100
1.00,1626,-0.042,-3.971,-2.100
1.00,1627,3.282,1.920,-2.184
1.00,1628,6.241,-3.745,-2.124
1.00,1629,6.241,-3.745,-2.124
1.00,1630,-0.083,-0.094,7.788
1.00,1631,6.241,-3.745,-2.124
1.00,1632,6.241,-3.745,-2.124
1.00,1633,-3.210,2.024,-2.180
1.00,1634,-0.175,6.880,-2.194
1.00,1635,-0.083,-0.094,7.788
1.00,1636,-0.042,-3.971,-2.100
1.00,1637,-3.210,2.024,-2.180
1.00,1638,-0.175,6.880,-2.194
1.00,1639,-3.210,2.024,-2.180
1.00,1640,-0.042,-3.971,-2.100
1.00,1641,-0.083,-0.094,7.788
1.00,1642,-3.210,2.024,-2.180
1.00,1643,-7.624,-10.814,-2.780
1.00,1644,-0.083,-0.094,7.788
1.00,1645,-0.083,-0.094,7.788
1.00,1646,-8.323,7.194,0.584
1.00,1647,-0.042,-3.971,-2.100
1.00,1648,-0.042,-3.971,-2.100
1.00,1649,3.282,1.920,-2.184
1.00,1650,-0.042,-3.971,-2.100
1.00,1651,-0.042,-3.971,-2.100
1.00,1652,-3.210,2.024,-2.180
1.00,1653,3.125,-1.888,2.783
1.00,1654,-3.210,2.024,-2.180
1.00,1655,10.714,-8.216,-6.696
1.00,1656,-3.210,2.024,-2.180
1.00,1657,-0.175,6.880,-2.194
1.00,1658,-0.042,-3.971,-2.100
1.00,1659,3.125,-1.888,2.783
1.00,1660,-6.328,0.286,2.770
1.00,1661,-0.175,6.880,-2.194
1.00,1662,5.703,-3.433,7.587
1.00,1663,-6.142,-3.781,-2.179
1.00,1664,-0.057,3.779,2.839
1.00,1665,-3.381,2.140,-2.074
1.00,1666,-0.042,-3.971,-2.100
1.00,1667,-3.210,2.024,-2.180
1.00,1668,-0.083,-0.094,7.788
1.00,1669,-0.083,-0.094,7.788
1.00,1670,-0.042,3.767,2.856
1.00,1671,-3.210,2.024,-2.180
1.00,1672,3.125,-1.888,2.783
1.00,1673,3.282,1.920,-2.184
1.00,1674,-0.175,6.880,-2.194
1.00,1675,3.125,-1.888,2.783
1.00,1676,6.263,1.914,4.677
1.00,1677,-0.042,3.767,2.856
1.00,1678,-0.083,-0.094,7.788
1.00,1679,3.282,1.920,-2.184
1.00,1680,6.240,-3.745,-2.124
1.00,1681,-0.042,-3.971,-2.100
1.00,1682,3.282,1.920,-2.184
1.00,1683,-0.042,3.767,2.856
1.00,1684,-3.211,-1.901,2.777
1.00,1685,2.238,-8.974,-8.221
1.00,1686,3.282,1.920,-2.184
1.00,1687,-3.210,2.024,-2.180
1.00,1688,-0.042,3.767,2.856
1.00,1689,-0.042,3.767,2.856
1.00,1690,-5.387,-7.773,-9.555
1.00,1691,3.282,1.920,-2.184
1.00,1692,3.126,-1.888,2.783
1.00,1693,6.241,-3.745,-2.124
1.00,1694,-3.210,2.024,-2.180
1.00,1695,-6.500,-7.407,3.093
1.00,1696,-0.042,3.767,2.856
1.00,1697,-0.175,6.880,-2.194
1.00,1698,-0.042,3.767,2.856
1.00,1699,3.282,1.920,-2.184
1.00,1700,-0.042,3.767,2.856
1.00,1701,-0.042,-3.971,-2.100
1.00,1702,3.282,1.920,-2.184
1.00,1703,3.282,1.920,-2.184
1.00,1704,-0.083,-0.094,7.788
1.00,1705,-0.042,3.767,2.856
1.00,1706,-0.042,3.767,2.856
1.00,1707,-0.175,6.880,-2.194
1.00,1708,-0.042,-3.971,-2.100
1.00,1709,-0.042,-3.971,-2.100
1.00,1710,-0.083,-0.094,7.788
1.00,1711,3.282,1.920,-2.184
1.00,1712,7.344,9.118,-7.924
1.00,1713,6.241,-3.745,-2.124
1.00,1714,-6.142,-3.781,-2.179
1.00,1715,-0.042,3.767,2.856
1.00,1716,-0.042,-3.971,-2.100
1.00,1717,-0.042,-3.971,-2.100
1.00,1718,3.282,1.920,-2.184
1.00,1719,-3.210,2.024,-2.180
1.00,1720,6.241,-3.745,-2.124
1.00,1721,-3.210,2.024,-2.180
1.00,1722,6.241,-3.745,-2.124
1.00,1723,-3.210,2.024,-2.180
1.00,1724,3.282,1.920,-2.184
1.00,1725,-6.142,-3.781,-2.179
1.00,1726,-3.210,2.024,-2.180
1.00,1727,-0.175,6.880,-2.194
1.00,1728,-6.142,-3.781,-2.179
1.00,1729,-6.142,-3.781,-2.179
1.00,1730,7.143,8.262,-5.074
1.00,1731,6.241,-3.745,-2.124
1.00,1732,-0.175,6.880,-2.194
1.00,1733,3.282,1.920,-2.184
1.00,1734,-3.396,2.137,-2.052
1.00,1735,-0.042,-3.971,-2.100
1.00,1736,6.241,-3.745,-2.124
1.00,1737,6.239,-3.743,-2.123
1.00,1738,2.650,-9.120,-2.846
1.00,1739,-6.142,-3.781,-2.179
1.00,1740,-0.042,-3.971,-2.100
1.00,1741,3.125,-1.888,2.783
1.00,1742,-3.210,2.024,-2.180
1.00,1743,-0.175,6.880,-2.194
1.00,1744,-0.042,3.767,2.856
1.00,1745,-0.042,3.767,2.856
1.00,1746,6.241,-3.745,-2.124
1.00,1747,-0.083,-0.094,7.788
1.00,1748,-0.175,6.880,-2.194
1.00,1749,-0.042,3.767,2.856
1.00,1750,-0.175,6.880,-2.194
1.00,1751,-0.042,-3.971,-2.100
1.00,1752,6.241,-3.745,-2.124
1.00,1753,-0.175,6.880,-2.194
1.00,1754,3.282,1.920,-2.184
1.00,1755,-0.175,6.880,-2.194
1.00,1756,6.241,-3.745,-2.124
1.00,1757,-3.210,2.024,-2.180
1.00,1758,-7.812,-1.664,7.405
1.00,1759,3.282,1.920,-2.184
1.00,1760,3.282,1.920,-2.184
1.00,1761,-3.210,2.024,-2.180
1.00,1762,2.345,-8.937,-8.004
1.00,1763,-0.083,-0.094,7.788
1.00,1764,-0.175,6.880,-2.194
1.00,1765,-0.175,6.880,-2.194
1.00,1766,-6.142,-3.781,-2.179
1.00,1767,-6.142,-3.781,-2.179
1.00,1768,6.241,-3.745,-2.124
1.00,1769,-3.210,2.024,-2.180
1.00,1770,3.282,1.920,-2.184
1.00,1771,-3.210,2.024,-2.180
1.00,1772,3.282,1.920,-2.184
1.00,1773,-0.042,-3.971,-2.100
1.00,1774,-0.083,-0.094,7.788
1.00,1775,6.241,-3.745,-2.124
1.00,1776,-0.175,6.880,-2.194
1.00,1777,6.241,-3.745,-2.124
1.00,1778,-0.042,3.767,2.856
1.00,1779,-0.042,3.767,2.856
1.00,1780,6.187,-3.603,-2.108
1.00,1781,-0.175,6.880,-2.194
1.00,1782,3.125,-1.888,2.783
1.00,1783,3.125,-1.888,2.783
1.00,1784,-0.042,-3.971,-2.100
1.00,1785,-3.210,2.024,-2.180
1.00,1786,3.282,1.920,-2.184
1.00,1787,-3.210,2.024,-2.180
1.00,1788,-1.080,-7.111,1.744
1.00,1789,-0.042,-3.971,-2.100
1.00,1790,-0.042,3.767,2.856
1.00,1791,-6.142,-3.781,-2.179
1.00,1792,-6.142,-3.781,-2.179
1.00,1793,3.282,1.920,-2.184
1.00,1794,-3.210,2.024,-2.180
1.00,1795,3.282,1.920,-2.184
1.00,1796,-10.665,2.748,1.626
1.00,1797,-3.211,-1.901,2.777
1.00,1798,-0.083,-0.094,7.788
1.00,1799,3.282,1.920,-2.184
1.00,1800,3.282,1.920,-2.184
1.00,1801,-3.210,2.024,-2.180
1.00,1802,-3.585,9.530,-10.831
1.00,1803,-6.142,-3.781,-2.179
1.00,1804,-6.142,-3.781,-2.179
1.00,1805,-5.787,1.281,9.527
1.00,1806,-3.210,2.024,-2.180
1.00,1807,-6.143,-3.781,-2.179
1.00,1808,-0.083,-0.094,7.788
1.00,1809,3.282,1.920,-2.184
1.00,1810,-0.042,-3.971,-2.100
1.00,1811,-8.861,-6.382,7.421
1.00,1812,3.282,1.920,-2.184
1.00,1813,-0.042,-3.971,-2.100
1.00,1814,-0.042,-3.971,-2.100
1.00,1815,-0.083,-0.094,7.788
1.00,1816,-0.083,-0.094,7.788
1.00,1817,-3.210,2.024,-2.180
1.00,1818,-3.210,2.024,-2.180
1.00,1819,-8.048,6.898,-6.327
1.00,1820,-0.083,-0.094,7.788
1.00,1821,6.241,-3.745,-2.124
1.00,1822,-0.175,6.880,-2.194
1.00,1823,-0.175,6.880,-2.194
1.00,1824,-0.042,-3.971,-2.100
1.00,1825,3.282,1.920,-2.184
1.00,1826,-0.042,-3.971,-2.100
1.00,1827,-0.042,3.767,2.856
1.00,1828,-0.042,-3.971,-2.100
1.00,1829,-0.042,3.767,2.856
1.00,1830,6.241,-3.745,-2.124
1.00,1831,-6.314,-7.748,-2.240
1.00,1832,6.241,-3.745,-2.124
1.00,1833,3.282,1.920,-2.184
1.00,1834,-3.210,2.024,-2.180
1.00,1835,-0.042,-3.971,-2.100
1.00,1836,-4.200,10.383,-8.554
1.00,1837,-5.405,1.018,-0.858
1.00,1838,-0.745,-4.617,6.538
1.00,1839,-0.042,3.767,2.856
1.00,1840,3.125,-1.888,2.783
1.00,1841,3.125,-1.888,2.783
1.00,1842,-0.175,6.880,-2.194
1.00,1843,-3.210,2.024,-2.180
1.00,1844,-0.042,-3.971,-2.100
1.00,1845,-0.083,-0.094,7.788
1.00,1846,6.802,8.816,-1.289
1.00,1847,6.241,-3.745,-2.124
1.00,1848,-3.211,-1.901,2.777
1.00,1849,-3.210,2.024,-2.180
1.00,1850,-7.468,-8.214,-11.085
1.00,1851,3.282,1.920,-2.184
1.00,1852,-0.042,-3.971,-2.100
1.00,1853,-3.210,2.024,-2.180
1.00,1854,6.234,-3.734,-2.117
1.00,1855,-0.083,-0.094,7.788
1.00,1856,-3.210,2.024,-2.180
1.00,1857,6.241,-3.745,-2.124
1.00,1858,6.020,2.880,6.557
1.00,1859,-3.210,2.024,-2.180
1.00,1860,-0.175,6.880,-2.194
1.00,1861,6.241,-3.745,-2.124
1.00,1862,6.241,-3.745,-2.124
1.00,1863,3.282,1.920,-2.184
1.00,1864,-0.083,-0.094,7.788
1.00,1865,-0.042,3.767,2.856
1.00,1866,7.320,7.018,1.048
1.00,1867,-0.042,3.767,2.856
1.00,1868,-3.210,2.024,-2.180
1.00,1869,-0.083,-0.094,7.788
1.00,1870,6.093,-3.227,-2.150
1.00,1871,-3.211,-1.901,2.777
1.00,1872,-3.210,2.024,-2.180
1.00,1873,3.282,1.920,-2.184
1.00,1874,-0.083,-0.094,7.788
1.00,1875,3.125,-1.888,2.783
1.00,1876,-6.142,-3.781,-2.179
1.00,1877,3.282,1.920,-2.184
1.00,1878,-0.042,-3.971,-2.100
1.00,1879,-3.210,2.024,-2.180
1.00,1880,3.125,-1.888,2.783
1.00,1881,3.125,-1.888,2.783
1.00,1882,-3.210,2.024,-2.180
1.00,1883,-0.083,-0.094,7.788
1.00,1884,-3.210,2.024,-2.180
1.00,1885,6.241,-3.745,-2.124
1.00,1886,-0.175,6.880,-2.194
1.00,1887,-0.042,-3.971,-2.100
1.00,1888,-0.042,-3.971,-2.100
1.00,1889,-3.245,2.049,-2.175
1.00,1890,6.241,-3.745,-2.124
1.00,1891,3.125,-1.888,2.783
1.00,1892,9.000,7.400,3.368
1.00,1893,-0.083,-0.094,7.788
1.00,1894,3.282,1.920,-2.184
1.00,1895,6.241,-3.745,-2.124
1.00,1896,-0.042,3.767,2.856
1.00,1897,-0.083,-0.094,7.788
1.00,1898,-3.210,2.024,-2.180
1.00,1899,-0.042,-3.971,-2.100
1.00,1900,6.241,-3.745,-2.124
1.00,1901,-0.042,-3.971,-2.100
1.00,1902,3.282,1.920,-2.184
1.00,1903,3.282,1.920,-2.184
1.00,1904,-0.042,3.767,2.856
1.00,1905,6.241,-3.745,-2.124
1.00,1906,-0.042,3.767,2.856
1.00,1907,-0.083,-0.094,7.788
1.00,1908,-6.142,-3.781,-2.179
1.00,1909,-0.175,6.880,-2.194
1.00,1910,10.763,-3.736,-1.698
1.00,1911,-3.210,2.024,-2.180
1.00,1912,-3.210,2.024,-2.180
1.00,1913,-0.083,-0.094,7.788
1.00,1914,-0.175,6.880,-2.194
1.00,1915,-0.042,3.767,2.856
1.00,1916,-0.042,-3.971,-2.100
1.00,1917,-3.210,2.024,-2.180
1.00,1918,-3.210,2.024,-2.180
1.00,1919,-3.210,2.024,-2.180
1.00,1920,-0.083,-0.094,7.788
1.00,1921,-0.083,-0.094,7.788
1.00,1922,-0.042,3.767,2.856
1.00,1923,-0.267,6.584,-2.175
1.00,1924,3.282,1.920,-2.184
1.00,1925,6.241,-3.745,-2.124
1.00,1926,-0.175,6.880,-2.194
1.00,1927,-0.042,-3.971,-2.100
1.00,1928,3.289,1.924,-2.186
1.00,1929,3.282,1.920,-2.184
1.00,1930,-0.042,-3.971,-2.100
1.00,1931,-0.168,6.891,-2.194
1.00,1932,-6.142,-3.781,-2.179
1.00,1933,-0.083,-0.094,7.788
1.00,1934,-0.042,3.767,2.856
1.00,1935,-0.083,-0.094,7.788
1.00,1936,-0.083,-0.094,7.788
1.00,1937,-3.210,2.024,-2.180
1.00,1938,3.282,1.920,-2.184
1.00,1939,-0.083,-0.094,7.788
1.00,1940,-4.508,2.521,1.932
1.00,1941,-3.210,2.024,-2.180
1.00,1942,-6.337,-6.883,-2.068
1.00,1943,-0.042,-3.971,-2.100
1.00,1944,6.241,-3.745,-2.124
1.00,1945,3.282,1.920,-2.184
1.00,1946,-0.083,-0.094,7.788
1.00,1947,3.282,1.920,-2.184
1.00,1948,-3.210,2.024,-2.180
1.00,1949,-3.211,-1.901,2.777
1.00,1950,3.125,-1.888,2.783
1.00,1951,-3.210,2.024,-2.180
1.00,1952,-6.142,-3.781,-2.179
1.00,1953,-0.175,6.880,-2.194
1.00,1954,6.241,-3.745,-2.124
1.00,1955,6.241,-3.745,-2.124
1.00,1956,-0.042,-3.971,-2.100
1.00,1957,3.313,1.956,-2.204
1.00,1958,-6.142,-3.781,-2.179
1.00,1959,3.288,1.924,-2.186
1.00,1960,-6.142,-3.781,-2.179
1.00,1961,6.241,-3.745,-2.124
1.00,1962,3.282,1.920,-2.184
1.00,1963,6.241,-3.745,-2.124
1.00,1964,6.241,-3.745,-2.124
1.00,1965,3.282,1.920,-2.184
1.00,1966,2.621,-9.377,0.691
1.00,1967,1.390,8.115,-1.603
1.00,1968,-0.042,-3.971,-2.100
1.00,1969,3.282,1.920,-2.184
1.00,1970,-3.210,2.024,-2.180
1.00,1971,-0.042,-3.971,-2.100
1.00,1972,-0.042,-3.971,-2.100
1.00,1973,-3.211,-1.901,2.777
1.00,1974,3.282,1.920,-2.184
1.00,1975,-3.210,2.024,-2.180
1.00,1976,-0.042,3.767,2.856
1.00,1977,-6.469,0.409,1.723
1.00,1978,-0.083,-0.094,7.788
1.00,1979,-6.142,-3.781,-2.179
1.00,1980,-0.175,6.880,-2.194
1.00,1981,3.125,-1.888,2.783
1.00,1982,-0.042,-3.971,-2.100
1.00,1983,-3.210,2.024,-2.180
1.00,1984,-0.175,6.880,-2.194
1.00,1985,3.125,-1.888,2.783
1.00,1986,-6.142,-3.781,-2.179
1.00,1987,8.466,-8.228,0.659
1.00,1988,-3.210,2.024,-2.180
1.00,1989,-0.042,-3.971,-2.100
1.00,1990,-1.806,6.658,7.936
1.00,1991,-6.142,-3.781,-2.179
1.00,1992,-0.083,-0.094,7.788
1.00,1993,-0.175,6.880,-2.194
1.00,1994,6.241,-3.745,-2.124
1.00,1995,3.282,1.920,-2.184
1.00,1996,-0.042,-3.971,-2.100
1.00,1997,6.241,-3.745,-2.124
1.00,1998,-3.210,2.024,-2.180
1.00,1999,3.125,-1.888,2.783
1.00,2000,-3.210,2.024,-2.180
1.00,2001,-3.211,-1.901,2.777
1.00,2002,-0.042,3.767,2.856
1.00,2003,-0.042,-3.971,-2.100
1.00,2004,3.282,1.920,-2.184
1.00,2005,-3.211,-1.901,2.777
1.00,2006,6.241,-3.745,-2.124
1.00,2007,-0.083,-0.094,7.788
1.00,2008,-3.038,-9.735,3.098
1.00,2009,-3.210,2.024,-2.180
1.00,2010,3.282,1.920,-2.184
1.00,2011,-0.042,3.767,2.856
1.00,2012,3.282,1.920,-2.184
1.00,2013,-0.042,-3.971,-2.100
1.00,2014,-0.042,-3.971,-2.100
1.00,2015,-6.142,-3.781,-2.179
1.00,2016,6.241,-3.745,-2.124
1.00,2017,-0.083,-0.094,7.788
1.00,2018,-0.042,3.767,2.856
1.00,2019,-0.042,-3.971,-2.100
1.00,2020,-3.210,2.024,-2.180
1.00,2021,7.218,-1.098,0.063
1.00,2022,-3.210,2.024,-2.180
1.00,2023,6.241,-3.745,-2.124
1.00,2024,3.128,-1.890,2.782
1.00,2025,-3.210,2.024,-2.180
1.00,2026,-0.042,-3.971,-2.100
1.00,2027,-3.210,2.024,-2.180
1.00,2028,-3.210,2.024,-2.180
1.00,2029,3.282,1.920,-2.184
1.00,2030,-0.083,-0.094,7.788
1.00,2031,-3.210,2.024,-2.180
1.00,2032,-3.210,2.024,-2.180
1.00,2033,-0.083,-0.094,7.788
1.00,2034,-0.042,-3.971,-2.100
1.00,2035,-0.083,-0.094,7.788
1.00,2036,6.241,-3.745,-2.124
1.00,2037,-6.142,-3.781,-2.179
1.00,2038,-0.083,-0.094,7.788
1.00,2039,6.241,-3.745,-2.124
1.00,2040,-3.210,2.024,-2.180
1.00,2041,-0.083,-0.094,7.788
1.00,2042,6.241,-3.745,-2.124
1.00,2043,-5.744,8.460,0.187
1.00,2044,-0.083,-0.094,7.788
1.00,2045,3.125,-1.888,2.783
1.00,2046,3.282,1.920,-2.184
1.00,2047,-6.142,-3.781,-2.179
1.00,2048,-0.042,3.767,2.856
1.00,2049,5.472,-0.481,-2.365
1.00,2050,-0.042,3.767,2.856
1.00,2051,7.197,-0.526,6.607
1.00,2052,-3.210,2.024,-2.180
1.00,2053,-6.142,-3.781,-2.179
1.00,2054,-0.175,6.880,-2.194
1.00,2055,6.241,-3.745,-2.124
1.00,2056,6.192,1.171,7.630
1.00,2057,-0.042,3.767,2.856
1.00,2058,-0.083,-0.094,7.788
1.00,2059,6.241,-3.745,-2.124
1.00,2060,6.241,-3.745,-2.124
1.00,2061,-3.210,2.024,-2.180
1.00,2062,-3.210,2.024,-2.180
1.00,2063,-3.211,-1.901,2.777
1.00,2064,-0.283,3.992,2.396
1.00,2065,-0.042,3.767,2.856
1.00,2066,6.241,-3.745,-2.124
1.00,2067,-0.042,-3.971,-2.100
1.00,2068,3.993,5.157,5.567
1.00,2069,-0.083,-0.094,7.788
1.00,2070,3.282,1.920,-2.184
1.00,2071,-0.138,6.924,-2.192
1.00,2072,-0.083,-0.094,7.788
1.00,2073,-3.210,2.024,-2.180
1.00,2074,-8.076,8.434,6.361
1.00,2075,-6.142,-3.781,-2.179
1.00,2076,-0.083,-0.094,7.788
1.00,2077,-3.211,-1.901,2.777
1.00,2078,-0.042,3.767,2.856
1.00,2079,3.125,-1.888,2.783
1.00,2080,-0.599,9.526,9.161
1.00,2081,-0.175,6.880,-2.194
1.00,2082,3.282,1.920,-2.184
1.00,2083,-0.042,3.767,2.856
1.00,2084,-3.210,2.024,-2.180
1.00,2085,3.125,-1.888,2.783
1.00,2086,-3.210,2.024,-2.180
1.00,2087,-0.175,6.880,-2.194
1.00,2088,-0.175,6.880,-2.194
1.00,2089,1.786,8.219,-1.177
1.00,2090,-6.142,-3.781,-2.179
1.00,2091,-3.225,2.034,-2.180
1.00,2092,3.282,1.920,-2.184
1.00,2093,-0.083,-0.094,7.788
1.00,2094,-3.210,2.024,-2.180
1.00,2095,-3.210,2.024,-2.180
1.00,2096,6.241,-3.745,-2.124
1.00,2097,3.125,-1.888,2.783
1.00,2098,-0.042,-3.971,-2.100
1.00,2099,-0.042,-3.971,-2.100
1.00,2100,-4.931,-2.349,9.543
1.00,2101,3.282,1.920,-2.184
1.00,2102,-6.142,-3.781,-2.179
1.00,2103,-0.042,3.767,2.856
1.00,2104,-3.210,2.024,-2.180
1.00,2105,-3.210,2.024,-2.180
1.00,2106,-0.042,3.767,2.856
1.00,2107,6.241,-3.745,-2.124
1.00,2108,3.282,1.920,-2.184
1.00,2109,-1.307,1.752,8.223
1.00,2110,3.125,-1.888,2.783
1.00,2111,3.282,1.920,-2.184
1.00,2112,-0.175,6.880,-2.194
1.00,2113,-0.083,-0.094,7.788
1.00,2114,7.096,7.877,-6.038
1.00,2115,6.241,-3.745,-2.124
1.00,2116,-0.083,-0.094,7.788
1.00,2117,-0.042,-3.971,-2.100
1.00,2118,-0.083,-0.094,7.788
1.00,2119,-3.211,-1.901,2.777
1.00,2120,6.241,-3.745,-2.124
1.00,2121,3.125,-1.888,2.783
1.00,2122,-0.042,-3.971,-2.100
1.00,2123,-6.142,-3.781,-2.179
1.00,2124,-3.210,2.024,-2.180
1.00,2125,-0.175,6.880,-2.194
1.00,2126,6.241,-3.745,-2.124
1.00,2127,-3.401,2.137,-2.061
1.00,2128,-0.083,-0.094,7.788
1.00,2129,-0.175,6.880,-2.194
1.00,2130,-0.175,6.880,-2.194
1.00,2131,3.282,1.920,-2.184
1.00,2132,-0.175,6.880,-2.194
1.00,2133,3.282,1.920,-2.184
1.00,2134,-10.300,1.661,-3.461
1.00,2135,3.282,1.920,-2.184
1.00,2136,-3.210,2.024,-2.180
1.00,2137,6.241,-3.745,-2.124
1.00,2138,6.243,-3.749,-2.128
1.00,2139,-0.175,6.880,-2.194
1.00,2140,7.491,9.204,0.353
1.00,2141,-3.210,2.024,-2.180
1.00,2142,-0.042,-3.971,-2.100
1.00,2143,-6.142,-3.781,-2.179
1.00,2144,6.241,-3.745,-2.124
1.00,2145,-0.175,6.880,-2.194
1.00,2146,-0.083,-0.094,7.788
1.00,2147,6.241,-3.745,-2.124
1.00,2148,3.282,1.920,-2.184
1.00,2149,3.282,1.920,-2.184
1.00,2150,-0.042,-3.971,-2.100
1.00,2151,-1.232,3.321,7.147
1.00,2152,6.241,-3.745,-2.124
1.00,2153,-0.042,3.767,2.856
1.00,2154,-0.042,-3.971,-2.100
1.00,2155,3.129,-1.890,2.782
1.00,2156,3.282,1.920,-2.184
1.00,2157,-0.042,3.767,2.856
1.00,2158,-3.210,2.024,-2.180
1.00,2159,3.282,1.920,-2.184
1.00,2160,3.282,1.920,-2.184
1.00,2161,-0.042,3.767,2.856
1.00,2162,-6.142,-3.781,-2.179
1.00,2163,-0.042,-3.971,-2.100
1.00,2164,-3.211,-1.901,2.777
1.00,2165,6.241,-3.745,-2.124
1.00,2166,-0.042,-3.971,-2.100
1.00,2167,-3.210,2.024,-2.180
1.00,2168,-3.210,2.024,-2.180
1.00,2169,-0.299,3.967,2.643
1.00,2170,-0.042,3.767,2.856
1.00,2171,-0.175,6.880,-2.194
1.00,2172,-0.042,-3.971,-2.100
1.00,2173,3.125,-1.888,2.783
1.00,2174,-0.042,-3.971,-2.100
1.00,2175,3.282,1.920,-2.184
1.00,2176,3.125,-1.888,2.783
1.00,2177,-3.210,2.024,-2.180
1.00,2178,3.125,-1.888,2.783
1.00,2179,3.282,1.920,-2.184
1.00,2180,3.282,1.920,-2.184
1.00,2181,-3.210,2.024,-2.180
1.00,2182,-0.156,6.909,-2.195
1.00,2183,3.282,1.920,-2.184
1.00,2184,-8.509,8.719,6.536
1.00,2185,3.125,-1.888,2.783
1.00,2186,-10.840,2.939,-10.728
1.00,2187,-3.211,-1.901,2.777
1.00,2188,-3.210,2.024,-2.180
1.00,2189,-0.175,6.880,-2.194
1.00,2190,6.241,-3.745,-2.124
1.00,2191,-0.083,-0.094,7.788
1.00,2192,-3.210,2.024,-2.180
1.00,2193,-6.035,-6.420,3.896
1.00,2194,-0.083,-0.094,7.788
1.00,2195,6.241,-3.745,-2.124
1.00,2196,-0.042,-3.971,-2.100
1.00,2197,-0.042,-3.971,-2.100
1.00,2198,-0.042,-3.971,-2.100
1.00,2199,3.282,1.920,-2.184
1.00,2200,-0.175,6.880,-2.194
1.00,2201,-0.042,3.767,2.856
1.00,2202,-3.210,2.024,-2.180
1.00,2203,0.046,7.169,-2.248
1.00,2204,3.282,1.920,-2.184
1.00,2205,3.282,1.920,-2.184
1.00,2206,-3.211,-1.901,2.777
1.00,2207,-6.142,-3.781,-2.179
1.00,2208,3.282,1.920,-2.184
1.00,2209,3.125,-1.888,2.783
1.00,2210,-0.042,-3.971,-2.100
1.00,2211,-6.142,-3.781,-2.179
1.00,2212,-3.215,2.028,-2.182
1.00,2213,-3.210,2.024,-2.180
1.00,2214,-0.083,-0.094,7.788
1.00,2215,3.282,1.920,-2.184
1.00,2216,3.282,1.920,-2.184
1.00,2217,-0.175,6.880,-2.194
1.00,2218,6.241,-3.745,-2.124
1.00,2219,-0.042,-3.971,-2.100
1.00,2220,3.125,-1.888,2.783
1.00,2221,-3.210,2.024,-2.180
1.00,2222,-0.042,-3.971,-2.100
1.00,2223,6.241,-3.745,-2.124
1.00,2224,-0.083,-0.094,7.788
1.00,2225,3.282,1.920,-2.184
1.00,2226,-6.142,-3.781,-2.179
1.00,2227,-0.042,-3.971,-2.100
1.00,2228,-6.142,-3.781,-2.179
1.00,2229,3.957,4.261,8.858
1.00,2230,-8.746,8.111,-10.821
1.00,2231,-0.083,-0.094,7.788
1.00,2232,-0.386,-7.142,5.615
1.00,2233,-0.042,-3.971,-2.100
1.00,2234,6.241,-3.745,-2.124
1.00,2235,-0.042,-3.971,-2.100
1.00,2236,-0.042,-3.971,-2.100
1.00,2237,-0.042,3.767,2.856
1.00,2238,-3.210,2.024,-2.180
1.00,2239,3.282,1.920,-2.184
1.00,2240,-1.465,3.334,7.424
1.00,2241,-6.253,-3.850,-2.207
1.00,2242,-3.210,2.024,-2.180
1.00,2243,3.125,-1.888,2.783
1.00,2244,-3.210,2.024,-2.180
1.00,2245,6.241,-3.745,-2.124
1.00,2246,-0.174,6.881,-2.194
1.00,2247,6.241,-3.745,-2.124
1.00,2248,-3.210,2.024,-2.180
1.00,2249,-3.210,2.024,-2.180
1.00,2250,-0.042,-3.971,-2.100
1.00,2251,3.282,1.920,-2.184
1.00,2252,-3.210,2.024,-2.180
1.00,2253,-0.175,6.880,-2.194
1.00,2254,5.129,3.022,-4.959
1.00,2255,6.241,-3.745,-2.124
1.00,2256,-0.083,-0.094,7.788
1.00,2257,-0.083,-0.094,7.788
1.00,2258,3.282,1.920,-2.184
1.00,2259,-0.083,-0.094,7.788
1.00,2260,-0.042,3.767,2.856
1.00,2261,-0.042,3.767,2.856
1.00,2262,-0.175,6.879,-2.194
1.00,2263,-0.175,6.880,-2.194
1.00,2264,-0.175,6.880,-2.194
1.00,2265,-0.042,-3.971,-2.100
1.00,2266,-0.175,6.880,-2.194
1.00,2267,-3.210,2.024,-2.180
1.00,2268,-0.042,3.767,2.856
1.00,2269,-0.083,-0.094,7.788
1.00,2270,3.282,1.920,-2.184
1.00,2271,-0.042,-3.971,-2.100
1.00,2272,-0.042,-3.971,-2.100
1.00,2273,6.241,-3.745,-2.124
1.00,2274,-0.042,-3.971,-2.100
1.00,2275,6.240,-3.745,-2.124
1.00,2276,-3.210,2.024,-2.180
1.00,2277,-0.175,6.880,-2.194
1.00,2278,-3.210,2.024,-2.180
1.00,2279,-0.042,-3.971,-2.100
1.00,2280,3.125,-1.888,2.783
1.00,2281,-3.156,-4.041,8.023
1.00,2282,-0.042,3.767,2.856
1.00,2283,3.282,1.920,-2.184
1.00,2284,6.241,-3.745,-2.124
1.00,2285,-3.210,2.024,-2.180
1.00,2286,-0.042,-3.971,-2.100
1.00,2287,6.241,-3.745,-2.124
1.00,2288,-6.356,-7.282,-1.226
1.00,2289,-0.175,6.879,-2.194
1.00,2290,-0.083,-0.094,7.788
1.00,2291,-0.042,-3.971,-2.100
1.00,2292,-0.175,6.880,-2.194
1.00,2293,-0.042,-3.971,-2.100
1.00,2294,6.241,-3.745,-2.124
1.00,2295,-0.042,3.767,2.856
1.00,2296,-3.211,-1.901,2.777
1.00,2297,3.125,-1.888,2.783
1.00,2298,-0.042,-3.971,-2.100
1.00,2299,3.282,1.920,-2.184
1.00,2300,3.125,-1.888,2.783
1.00,2301,-0.175,6.880,-2.194
1.00,2302,-3.210,2.024,-2.180
1.00,2303,-0.083,-0.094,7.788
1.00,2304,3.282,1.920,-2.184
1.00,2305,-0.042,-3.971,-2.100
1.00,2306,-0.175,6.880,-2.194
1.00,2307,-0.083,-0.094,7.788
1.00,2308,-0.042,-3.971,-2.100
1.00,2309,-3.210,2.024,-2.180
1.00,2310,-6.142,-3.781,-2.179
1.00,2311,-0.042,-3.971,-2.100
1.00,2312,-0.042,3.767,2.856
1.00,2313,-0.042,-3.971,-2.100
1.00,2314,3.282,1.920,-2.184
1.00,2315,-0.083,-0.094,7.788
1.00,2316,3.282,1.920,-2.184
1.00,2317,-0.175,6.880,-2.194
1.00,2318,-0.042,-3.971,-2.100
1.00,2319,-0.175,6.880,-2.194
1.00,2320,-3.210,2.024,-2.180
1.00,2321,-0.042,3.767,2.856
1.00,2322,3.282,1.920,-2.184
1.00,2323,-0.083,-0.094,7.788
1.00,2324,8.769,7.237,2.620
1.00,2325,-0.042,-3.971,-2.100
1.00,2326,-3.210,2.024,-2.180
1.00,2327,-3.211,-1.901,2.777
1.00,2328,-0.175,6.880,-2.194
1.00,2329,-3.210,2.024,-2.180
1.00,2330,3.282,1.920,-2.184
1.00,2331,-3.211,-1.901,2.777
1.00,2332,6.241,-3.745,-2.124
1.00,2333,-0.042,3.767,2.856
1.00,2334,-0.042,-3.971,-2.100
1.00,2335,-6.142,-3.781,-2.179
1.00,2336,-0.042,3.767,2.856
1.00,2337,-6.142,-3.781,-2.179
1.00,2338,6.241,-3.745,-2.124
1.00,2339,-0.042,-3.971,-2.100
1.00,2340,-3.210,2.024,-2.180
1.00,2341,-0.042,-3.971,-2.100
1.00,2342,3.282,1.920,-2.184
1.00,2343,-0.175,6.880,-2.194
1.00,2344,-0.175,6.880,-2.194
1.00,2345,3.125,-1.888,2.783
1.00,2346,-3.210,2.024,-2.180
1.00,2347,-0.042,-3.971,-2.100
1.00,2348,-0.175,6.880,-2.194
1.00,2349,-3.210,2.024,-2.180
1.00,2350,3.282,1.920,-2.184
1.00,2351,-0.083,-0.094,7.788
1.00,2352,-2.362,9.174,-11.028
1.00,2353,-0.175,6.880,-2.194
1.00,2354,7.794,8.748,4.616
1.00,2355,-0.083,-0.094,7.788
1.00,2356,3.282,1.920,-2.184
1.00,2357,-8.495,-2.469,0.236
1.00,2358,-0.042,3.767,2.856
1.00,2359,6.241,-3.745,-2.124
1.00,2360,6.241,-3.745,-2.124
1.00,2361,-0.042,-3.971,-2.100
1.00,2362,2.884,-9.331,-5.972
1.00,2363,-0.042,3.767,2.856
1.00,2364,-0.175,6.880,-2.194
1.00,2365,-6.142,-3.781,-2.179
1.00,2366,6.241,-3.745,-2.124
1.00,2367,-0.042,3.767,2.856
1.00,2368,-0.042,-3.971,-2.100
1.00,2369,3.125,-1.888,2.783
1.00,2370,-0.083,-0.094,7.788
1.00,2371,-0.042,-3.971,-2.100
1.00,2372,6.241,-3.745,-2.124
1.00,2373,-3.210,2.024,-2.180
1.00,2374,6.241,-3.745,-2.124
1.00,2375,6.241,-3.745,-2.124
1.00,2376,6.241,-3.745,-2.124
1.00,2377,-0.175,6.880,-2.194
1.00,2378,-0.083,-0.094,7.788
1.00,2379,3.282,1.920,-2.184
1.00,2380,-6.142,-3.781,-2.179
1.00,2381,-0.083,-0.094,7.788
1.00,2382,-3.210,2.024,-2.180
1.00,2383,-0.042,-3.971,-2.100
1.00,2384,-3.210,2.024,-2.180
1.00,2385,-6.142,-3.781,-2.179
1.00,2386,-1.059,3.936,1.896
1.00,2387,3.125,-1.888,2.783
1.00,2388,-0.175,6.880,-2.194
1.00,2389,-3.210,2.024,-2.180
1.00,2390,6.241,-3.745,-2.124
1.00,2391,-0.083,-0.094,7.788
1.00,2392,-0.042,3.767,2.856
1.00,2393,-0.042,-3.971,-2.100
1.00,2394,-0.042,3.767,2.856
1.00,2395,3.282,1.920,-2.184
1.00,2396,-3.210,2.024,-2.180
1.00,2397,-0.042,-3.971,-2.100
1.00,2398,5.907,3.077,-7.377
1.00,2399,3.282,1.920,-2.184
1.00,2400,3.125,-1.888,2.783
1.00,2401,-3.250,-10.361,-1.842
1.00,2402,-4.933,-5.728,-9.463
1.00,2403,6.243,-3.748,-2.127
1.00,2404,3.282,1.920,-2.184
1.00,2405,-0.042,-3.971,-2.100
1.00,2406,-3.210,2.024,-2.180
1.00,2407,6.241,-3.745,-2.124
1.00,2408,3.125,-1.888,2.783
1.00,2409,3.125,-1.888,2.783
1.00,2410,-0.042,-3.971,-2.100
1.00,2411,6.241,-3.745,-2.124
1.00,2412,-3.210,2.024,-2.180
1.00,2413,-6.401,-3.536,8.301
1.00,2414,-3.210,2.024,-2.180
1.00,2415,-3.210,2.024,-2.180
1.00,2416,-0.042,3.767,2.856
1.00,2417,-5.085,4.364,-10.203
1.00,2418,-0.042,-3.971,-2.100
1.00,2419,-3.210,2.024,-2.180
1.00,2420,-3.210,2.024,-2.180
1.00,2421,-0.175,6.880,-2.194
1.00,2422,-0.175,6.880,-2.194
1.00,2423,-0.042,3.767,2.856
1.00,2424,3.282,1.920,-2.184
1.00,2425,-3.210,2.024,-2.180
1.00,2426,-0.083,-0.094,7.788
1.00,2427,-0.042,3.767,2.856
1.00,2428,-0.083,-0.094,7.788
1.00,2429,6.288,-3.829,-2.190
1.00,2430,3.282,1.920,-2.184
1.00,2431,6.235,-3.736,-2.119
1.00,2432,-3.210,2.024,-2.180
1.00,2433,-3.217,2.029,-2.182
1.00,2434,3.282,1.920,-2.184
1.00,2435,-0.113,-4.004,-1.964
1.00,2436,6.240,-3.744,-2.124
1.00,2437,6.241,-3.745,-2.124
1.00,2438,-3.210,2.024,-2.180
1.00,2439,-0.175,6.880,-2.194
1.00,2440,-3.210,2.024,-2.180
1.00,2441,-3.210,2.024,-2.180
1.00,2442,-0.083,-0.094,7.788
1.00,2443,3.282,1.920,-2.184
1.00,2444,-0.042,3.767,2.856
1.00,2445,-0.042,3.767,2.856
1.00,2446,3.282,1.920,-2.184
1.00,2447,-3.210,2.024,-2.180
1.00,2448,-0.042,3.767,2.856
1.00,2449,-0.083,-0.094,7.788
1.00,2450,-0.083,-0.094,7.788
1.00,2451,-6.410,-3.935,-2.232
1.00,2452,6.241,-3.745,-2.124
1.00,2453,-0.083,-0.094,7.788
1.00,2454,-0.175,6.880,-2.194
1.00,2455,-0.042,3.767,2.856
1.00,2456,-0.042,3.767,2.856
1.00,2457,-0.175,6.880,-2.194
1.00,2458,3.125,-1.888,2.783
1.00,2459,6.239,-3.742,-2.122
1.00,2460,-0.083,-0.094,7.788
1.00,2461,-9.203,3.130,9.261
1.00,2462,3.125,-1.888,2.783
1.00,2463,6.241,-3.745,-2.124
1.00,2464,-0.110,6.945,-2.189
1.00,2465,-0.151,-4.070,-1.990
1.00,2466,-0.175,6.880,-2.194
1.00,2467,7.782,9.348,-10.734
1.00,2468,3.125,-1.888,2.783
1.00,2469,-0.042,3.767,2.856
1.00,2470,-1.911,7.506,-5.105
1.00,2471,-6.142,-3.781,-2.179
1.00,2472,-6.142,-3.781,-2.179
1.00,2473,-0.175,6.880,-2.194
1.00,2474,-3.210,2.024,-2.180
1.00,2475,-0.174,6.881,-2.194
1.00,2476,6.241,-3.745,-2.124
1.00,2477,6.241,-3.745,-2.124
1.00,2478,2.382,-9.696,5.613
1.00,2479,6.241,-3.745,-2.124
1.00,2480,-3.211,-1.901,2.777
1.00,2481,-0.175,6.880,-2.194
1.00,2482,-0.042,3.767,2.856
1.00,2483,-3.210,2.024,-2.180
1.00,2484,-6.142,-3.781,-2.179
1.00,2485,-0.042,3.767,2.856
1.00,2486,3.282,1.920,-2.184
1.00,2487,-0.042,-3.971,-2.100
1.00,2488,-0.042,-3.971,-2.100
1.00,2489,-3.210,2.024,-2.180
1.00,2490,6.241,-3.745,-2.124
1.00,2491,-0.042,-3.971,-2.100
1.00,2492,-0.175,6.880,-2.194
1.00,2493,-3.210,2.024,-2.180
1.00,2494,-0.083,-0.094,7.788
1.00,2495,-3.210,2.024,-2.180
1.00,2496,3.282,1.920,-2.184
1.00,2497,-3.210,2.024,-2.180
1.00,2498,3.200,-1.936,2.756
1.00,2499,-6.142,-3.781,-2.179
1.00,2500,3.282,1.920,-2.184
1.00,2501,3.282,1.920,-2.184
1.00,2502,-3.210,2.024,-2.180
1.00,2503,3.125,-1.888,2.783
1.00,2504,6.241,-3.745,-2.124
1.00,2505,-8.765,-9.766,-10.465
1.00,2506,-0.042,-3.971,-2.100
1.00,2507,-3.210,2.024,-2.180
1.00,2508,-3.210,2.024,-2.180
1.00,2509,6.241,-3.745,-2.124
1.00,2510,-3.210,2.024,-2.180
1.00,2511,3.282,1.920,-2.184
1.00,2512,3.125,-1.888,2.783
1.00,2513,-3.210,2.024,-2.180
1.00,2514,-0.175,6.880,-2.194
1.00,2515,2.373,-8.903,-7.929
1.00,2516,-0.175,6.880,-2.194
1.00,2517,6.241,-3.745,-2.124
1.00,2518,3.282,1.920,-2.184
1.00,2519,-0.175,6.880,-2.194
1.00,2520,-3.210,2.024,-2.180
1.00,2521,-0.042,-3.971,-2.100
1.00,2522,3.282,1.920,-2.184
1.00,2523,-3.210,2.024,-2.180
1.00,2524,-0.042,3.767,2.856
1.00,2525,-0.042,-3.971,-2.100
1.00,2526,-3.210,2.024,-2.180
1.00,2527,6.241,-3.745,-2.124
1.00,2528,3.282,1.920,-2.184
1.00,2529,3.125,-1.888,2.783
1.00,2530,-3.210,2.024,-2.180
1.00,2531,-0.042,-3.971,-2.100
1.00,2532,-0.083,-0.094,7.788
1.00,2533,-3.210,2.024,-2.180
1.00,2534,3.125,-1.888,2.783
1.00,2535,-0.083,-0.094,7.788
1.00,2536,-3.210,2.024,-2.180
1.00,2537,6.588,-3.827,7.237
1.00,2538,-0.042,3.767,2.856
1.00,2539,6.241,-3.745,-2.124
1.00,2540,-0.175,6.880,-2.194
1.00,2541,-3.210,2.024,-2.180
1.00,2542,-0.175,6.880,-2.194
1.00,2543,-0.176,6.875,-2.194
1.00,2544,-5.470,0.428,9.673
1.00,2545,-3.210,2.024,-2.180
1.00,2546,3.282,1.920,-2.184
1.00,2547,6.241,-3.745,-2.124
1.00,2548,-0.083,-0.094,7.788
1.00,2549,3.282,1.920,-2.184
1.00,2550,-3.210,2.024,-2.180
1.00,2551,-6.142,-3.781,-2.179
1.00,2552,-0.083,-0.094,7.788
1.00,2553,-6.142,-3.781,-2.179
1.00,2554,-6.142,-3.781,-2.179
1.00,2555,-6.142,-3.781,-2.179
1.00,2556,-3.210,2.024,-2.180
1.00,2557,-0.083,-0.094,7.788
1.00,2558,6.241,-3.745,-2.124
1.00,2559,-0.042,-3.971,-2.100
1.00,2560,3.282,1.920,-2.184
1.00,2561,3.282,1.920,-2.184
1.00,2562,-8.466,-3.874,0.206
1.00,2563,3.125,-1.888,2.783
1.00,2564,-0.175,6.880,-2.194
1.00,2565,-6.142,-3.781,-2.179
1.00,2566,-0.175,6.880,-2.194
1.00,2567,-0.042,3.767,2.856
1.00,2568,-0.083,-0.094,7.788
1.00,2569,6.241,-3.745,-2.124
1.00,2570,-2.583,5.528,6.958
1.00,2571,-0.083,-0.094,7.788
1.00,2572,-0.175,6.880,-2.194
1.00,2573,-3.210,2.024,-2.180
1.00,2574,-0.083,-0.094,7.788
1.00,2575,3.282,1.920,-2.184
1.00,2576,3.282,1.920,-2.184
1.00,2577,-3.210,2.024,-2.180
1.00,2578,6.241,-3.745,-2.124
1.00,2579,-0.175,6.880,-2.194
1.00,2580,-3.210,2.024,-2.180
1.00,2581,-0.175,6.880,-2.194
1.00,2582,3.125,-1.888,2.783
1.00,2583,-3.210,2.024,-2.180
1.00,2584,-0.042,3.767,2.856
1.00,2585,-5.733,2.084,-5.932
1.00,2586,6.948,-0.390,-0.496
1.00,2587,6.241,-3.745,-2.124
1.00,2588,-3.210,2.024,-2.180
1.00,2589,3.125,-1.888,2.783
1.00,2590,-1.977,3.337,6.836
1.00,2591,6.241,-3.745,-2.124
1.00,2592,-8.312,7.349,-9.734
1.00,2593,6.241,-3.745,-2.124
1.00,2594,-0.083,-0.094,7.788
1.00,2595,-3.210,2.024,-2.180
1.00,2596,6.241,-3.745,-2.124
1.00,2597,-3.210,2.024,-2.180
1.00,2598,-0.083,-0.094,7.788
1.00,2599,-3.228,2.024,-2.192
1.00,2600,-0.042,-3.971,-2.100
1.00,2601,6.200,-3.648,-2.111
1.00,2602,-0.083,-0.094,7.788
1.00,2603,6.241,-3.745,-2.124
1.00,2604,3.293,1.926,-2.186
1.00,2605,-2.799,8.356,-1.414
1.00,2606,-0.083,-0.094,7.788
1.00,2607,6.241,-3.745,-2.124
1.00,2608,-0.042,-3.971,-2.100
1.00,2609,6.241,-3.745,-2.124
1.00,2610,-2.926,8.510,-0.657
1.00,2611,-0.042,-3.971,-2.100
1.00,2612,-0.042,-3.971,-2.100
1.00,2613,-6.142,-3.781,-2.179
1.00,2614,3.125,-1.888,2.783
1.00,2615,-6.142,-3.781,-2.179
1.00,2616,-0.083,-0.094,7.788
1.00,2617,-0.175,6.880,-2.194
1.00,2618,2.007,8.195,-0.598
1.00,2619,6.241,-3.745,-2.124
1.00,2620,-3.210,2.024,-2.180
1.00,2621,-0.175,6.880,-2.194
1.00,2622,-0.042,-3.971,-2.100
1.00,2623,-0.042,3.767,2.856
1.00,2624,9.166,2.280,-7.804
1.00,2625,-0.042,3.767,2.856
1.00,2626,-3.211,-1.901,2.777
1.00,2627,-0.042,3.767,2.856
1.00,2628,3.125,-1.888,2.783
1.00,2629,3.282,1.920,-2.184
1.00,2630,3.125,-1.888,2.783
1.00,2631,3.282,1.920,-2.184
1.00,2632,3.282,1.920,-2.184
1.00,2633,3.282,1.920,-2.184
1.00,2634,3.125,-1.888,2.783
1.00,2635,-6.142,-3.781,-2.179
1.00,2636,-0.042,-3.971,-2.100
1.00,2637,-0.042,-3.971,-2.100
1.00,2638,-3.210,2.024,-2.180
1.00,2639,3.282,1.920,-2.184
1.00,2640,3.125,-1.888,2.783
1.00,2641,3.125,-1.888,2.783
1.00,2642,-0.083,-0.094,7.788
1.00,2643,-0.042,3.767,2.856
1.00,2644,-0.083,-0.094,7.788
1.00,2645,3.282,1.920,-2.184
1.00,2646,3.125,-1.888,2.783
1.00,2647,-0.042,3.767,2.856
1.00,2648,-0.175,6.880,-2.194
1.00,2649,-6.142,-3.781,-2.179
1.00,2650,6.241,-3.745,-2.124
1.00,2651,3.282,1.920,-2.184
1.00,2652,-0.175,6.880,-2.194
1.00,2653,-0.083,-0.094,7.788
1.00,2654,-3.527,1.958,-2.273
1.00,2655,-3.211,-1.901,2.777
1.00,2656,5.312,4.102,-0.032
1.00,2657,3.282,1.920,-2.184
1.00,2658,6.241,-3.745,-2.124
1.00,2659,-0.175,6.880,-2.194
1.00,2660,3.282,1.920,-2.184
1.00,2661,-6.142,-3.781,-2.179
1.00,2662,-6.142,-3.781,-2.179
1.00,2663,-0.083,-0.094,7.788
1.00,2664,-0.042,-3.971,-2.100
1.00,2665,-0.175,6.880,-2.194
1.00,2666,-10.121,4.372,7.628
1.00,2667,-0.175,6.880,-2.194
1.00,2668,6.241,-3.745,-2.124
1.00,2669,-3.211,-1.901,2.777
1.00,2670,3.282,1.920,-2.184
1.00,2671,6.241,-3.745,-2.124
1.00,2672,-3.210,2.024,-2.180
1.00,2673,-0.175,6.880,-2.194
1.00,2674,-3.233,2.040,-2.181
1.00,2675,6.241,-3.745,-2.124
1.00,2676,-3.211,2.024,-2.180
1.00,2677,3.125,-1.888,2.783
1.00,2678,-0.083,-0.094,7.788
1.00,2679,-0.042,-3.971,-2.100
1.00,2680,-3.210,2.024,-2.180
1.00,2681,3.282,1.920,-2.184
1.00,2682,-0.042,-3.971,-2.100
1.00,2683,-3.210,2.024,-2.180
1.00,2684,-0.042,-3.971,-2.100
1.00,2685,-0.175,6.880,-2.194
1.00,2686,3.282,1.920,-2.184
1.00,2687,6.241,-3.745,-2.124
1.00,2688,-3.210,2.024,-2.180
1.00,2689,5.145,3.356,4.513
1.00,2690,-3.210,2.024,-2.180
1.00,2691,-0.042,3.767,2.856
1.00,2692,-2.700,8.256,-4.002
1.00,2693,-0.042,3.767,2.856
1.00,2694,-3.210,2.024,-2.180
1.00,2695,-6.142,-3.781,-2.179
1.00,2696,6.241,-3.745,-2.124
1.00,2697,-0.083,-0.094,7.788
1.00,2698,3.125,-1.888,2.783
1.00,2699,-3.210,2.024,-2.180
1.00,2700,9.354,-3.513,7.973
1.00,2701,-3.210,2.024,-2.180
1.00,2702,3.282,1.920,-2.184
1.00,2703,-0.175,6.880,-2.194
1.00,2704,-0.175,6.880,-2.194
1.00,2705,7.345,6.616,2.557
1.00,2706,-0.175,6.880,-2.194
1.00,2707,3.282,1.920,-2.184
1.00,2708,-0.083,-0.094,7.788
1.00,2709,-3.210,2.024,-2.180
1.00,2710,-0.042,-3.971,-2.100
1.00,2711,6.241,-3.746,-2.125
1.00,2712,-6.142,-3.781,-2.179
1.00,2713,6.241,-3.745,-2.124
1.00,2714,-0.083,-0.094,7.788
1.00,2715,3.282,1.920,-2.184
1.00,2716,-0.083,-0.094,7.788
1.00,2717,3.282,1.920,-2.184
1.00,2718,-3.210,2.024,-2.180
1.00,2719,3.282,1.920,-2.184
1.00,2720,-3.211,2.024,-2.180
1.00,2721,1.593,7.621,2.510
1.00,2722,-0.042,3.767,2.856
1.00,2723,-0.083,-0.103,7.785
1.00,2724,-0.042,-3.971,-2.100
1.00,2725,-0.042,-3.971,-2.100
1.00,2726,-0.083,-0.094,7.788
1.00,2727,-6.142,-3.781,-2.179
1.00,2728,-3.211,-1.901,2.777
1.00,2729,4.292,-5.980,5.663
1.00,2730,6.241,-3.745,-2.124
1.00,2731,6.241,-3.745,-2.124
1.00,2732,3.125,-1.888,2.783
1.00,2733,6.241,-3.745,-2.124
1.00,2734,-0.083,-0.094,7.788
1.00,2735,-0.175,6.880,-2.194
1.00,2736,-6.795,-8.224,-5.984
1.00,2737,3.125,-1.888,2.783
1.00,2738,3.282,1.920,-2.184
1.00,2739,6.241,-3.745,-2.124
1.00,2740,-3.210,2.024,-2.180
1.00,2741,-3.210,2.024,-2.180
1.00,2742,-0.042,-3.971,-2.100
1.00,2743,-0.042,3.767,2.856
1.00,2744,6.241,-3.745,-2.124
1.00,2745,3.282,1.920,-2.184
1.00,2746,-0.043,-3.971,-2.099
1.00,2747,3.282,1.920,-2.184
1.00,2748,-3.825,2.724,-1.442
1.00,2749,-3.210,2.024,-2.180
1.00,2750,-0.083,-0.094,7.788
1.00,2751,-0.042,3.767,2.856
1.00,2752,-3.210,2.024,-2.180
1.00,2753,-0.042,-3.971,-2.100
1.00,2754,6.241,-3.745,-2.124
1.00,2755,-6.143,-3.781,-2.180
1.00,2756,-0.042,-3.971,-2.100
1.00,2757,-6.142,-3.781,-2.179
1.00,2758,-3.210,2.024,-2.180
1.00,2759,-3.210,2.024,-2.180
1.00,2760,2.313,-8.764,-8.104
1.00,2761,-0.083,-0.094,7.788
1.00,2762,-0.083,-0.094,7.788
1.00,2763,-3.210,2.024,-2.180
1.00,2764,-3.208,-9.919,-4.049
1.00,2765,6.241,-3.745,-2.124
1.00,2766,-0.175,6.880,-2.194
1.00,2767,-0.042,-3.971,-2.100
1.00,2768,6.241,-3.745,-2.124
1.00,2769,-3.210,2.024,-2.180
1.00,2770,-6.142,-3.781,-2.179
1.00,2771,-0.175,6.880,-2.194
1.00,2772,-0.042,3.767,2.856
1.00,2773,-3.210,2.024,-2.180
1.00,2774,-0.117,3.836,2.798
1.00,2775,-3.210,2.024,-2.180
1.00,2776,3.282,1.920,-2.184
1.00,2777,-0.175,6.880,-2.194
1.00,2778,-0.175,6.880,-2.194
1.00,2779,-0.178,-4.048,-1.863
1.00,2780,-0.083,-0.094,7.788
1.00,2781,-0.042,3.767,2.856
1.00,2782,3.282,1.920,-2.184
1.00,2783,-0.042,3.767,2.856
1.00,2784,-3.210,2.024,-2.180
1.00,2785,-0.042,3.767,2.856
1.00,2786,-6.142,-3.781,-2.179
1.00,2787,6.241,-3.745,-2.124
1.00,2788,-6.706,-0.053,2.800
1.00,2789,-0.042,-3.971,-2.100
1.00,2790,3.282,1.920,-2.184
1.00,2791,3.282,1.920,-2.184
1.00,2792,-0.175,6.880,-2.194
1.00,2793,-1.415,-7.714,7.401
1.00,2794,-0.175,6.880,-2.194
1.00,2795,-0.175,6.880,-2.194
1.00,2796,-3.211,-1.901,2.777
1.00,2797,-3.210,2.024,-2.180
1.00,2798,-0.083,-0.094,7.788
1.00,2799,3.282,1.920,-2.184
1.00,2800,3.282,1.920,-2.184
1.00,2801,2.777,-9.425,-5.569
1.00,2802,-0.083,-0.094,7.788
1.00,2803,-6.142,-3.781,-2.179
1.00,2804,-6.888,0.097,-8.978
1.00,2805,3.125,-1.888,2.783
1.00,2806,-4.785,-9.820,5.280
1.00,2807,-3.211,-1.901,2.777
1.00,2808,-0.042,-3.971,-2.100
1.00,2809,-0.042,3.767,2.856
1.00,2810,-0.042,-3.971,-2.100
1.00,2811,-0.783,-4.908,5.149
1.00,2812,-3.210,2.024,-2.180
1.00,2813,-0.175,6.880,-2.194
1.00,2814,-6.142,-3.781,-2.179
1.00,2815,-0.083,-0.094,7.788
1.00,2816,6.241,-3.745,-2.124
1.00,2817,-0.042,-3.971,-2.100
1.00,2818,-6.142,-3.781,-2.179
1.00,2819,3.125,-1.888,2.783
1.00,2820,-6.142,-3.781,-2.179
1.00,2821,-0.042,-3.971,-2.100
1.00,2822,6.241,-3.745,-2.124
1.00,2823,-0.042,-3.971,-2.100
1.00,2824,-5.991,-8.316,-9.536
1.00,2825,-4.539,2.498,0.009
1.00,2826,-0.062,-4.799,7.324
1.00,2827,-0.042,-3.971,-2.100
1.00,2828,6.241,-3.745,-2.124
1.00,2829,3.125,-1.888,2.783
1.00,2830,6.241,-3.745,-2.124
1.00,2831,-0.042,-3.971,-2.100
1.00,2832,-0.083,-0.094,7.788
1.00,2833,3.282,1.920,-2.184
1.00,2834,-0.042,3.767,2.856
1.00,2835,-0.083,-0.094,7.788
1.00,2836,-0.042,-3.971,-2.100
1.00,2837,-0.042,-3.971,-2.100
1.00,2838,-0.043,3.767,2.856
1.00,2839,-6.142,-3.781,-2.179
1.00,2840,-0.175,6.880,-2.194
1.00,2841,3.125,-1.888,2.783
1.00,2842,-0.042,-3.971,-2.100
1.00,2843,-0.042,3.767,2.856
1.00,2844,-3.210,2.024,-2.180
1.00,2845,6.241,-3.745,-2.124
1.00,2846,-0.175,6.880,-2.194
1.00,2847,-3.210,2.024,-2.180
1.00,2848,-3.210,2.024,-2.180
1.00,2849,-3.210,2.024,-2.180
1.00,2850,-0.042,-3.971,-2.100
1.00,2851,-0.042,-3.971,-2.100
1.00,2852,3.282,1.920,-2.184
1.00,2853,-0.083,-0.094,7.788
1.00,2854,6.241,-3.745,-2.124
1.00,2855,-0.175,6.880,-2.194
1.00,2856,-3.210,2.024,-2.180
1.00,2857,6.241,-3.745,-2.124
1.00,2858,-0.175,6.880,-2.194
1.00,2859,-6.305,-7.777,-2.081
1.00,2860,-0.042,3.767,2.856
1.00,2861,-0.042,3.767,2.856
1.00,2862,-0.042,3.767,2.856
1.00,2863,3.282,1.920,-2.184
1.00,2864,-3.210,2.024,-2.180
1.00,2865,-3.210,2.024,-2.180
1.00,2866,-0.083,-0.095,7.789
1.00,2867,3.125,-1.888,2.783
1.00,2868,3.206,-1.912,2.757
1.00,2869,7.515,-6.825,-1.374
1.00,2870,-0.175,6.880,-2.194
1.00,2871,6.753,8.216,-3.042
1.00,2872,6.241,-3.745,-2.124
1.00,2873,3.125,-1.888,2.783
1.00,2874,-3.070,9.029,-0.949
1.00,2875,3.125,-1.888,2.783
1.00,2876,-0.042,3.767,2.856
1.00,2877,-3.210,2.024,-2.180
1.00,2878,-5.386,5.179,3.631
1.00,2879,-6.142,-3.781,-2.179
1.00,2880,-0.042,3.767,2.856
1.00,2881,-6.142,-3.781,-2.179
1.00,2882,-0.042,-3.971,-2.100
1.00,2883,-0.042,3.767,2.856
1.00,2884,-0.042,3.767,2.856
1.00,2885,3.125,-1.888,2.783
1.00,2886,-0.175,6.880,-2.194
1.00,2887,3.125,-1.888,2.783
1.00,2888,-0.175,6.880,-2.194
1.00,2889,-4.493,9.167,-2.641
1.00,2890,-6.142,-3.781,-2.179
1.00,2891,3.282,1.920,-2.184
1.00,2892,-0.042,-3.971,-2.100
1.00,2893,-0.175,6.880,-2.194
1.00,2894,-0.175,6.880,-2.194
1.00,2895,-0.083,-0.094,7.788
1.00,2896,-0.042,3.767,2.856
1.00,2897,-0.042,-3.971,-2.100
1.00,2898,-6.142,-3.781,-2.179
1.00,2899,-6.142,-3.781,-2.179
1.00,2900,5.817,2.713,6.536
1.00,2901,-0.042,-3.971,-2.100
1.00,2902,-8.376,6.664,6.686
1.00,2903,6.241,-3.745,-2.124
1.00,2904,-0.083,-0.094,7.788
1.00,2905,3.282,1.920,-2.184
1.00,2906,0.015,7.117,-2.217
1.00,2907,-0.083,-0.094,7.788
1.00,2908,-0.042,-3.971,-2.100
1.00,2909,-6.142,-3.781,-2.179
1.00,2910,3.125,-1.888,2.783
1.00,2911,-0.042,3.767,2.856
1.00,2912,-0.083,-0.094,7.788
1.00,2913,-0.042,3.767,2.856
1.00,2914,-3.210,2.024,-2.180
1.00,2915,6.641,-7.197,1.415
1.00,2916,6.241,-3.745,-2.124
1.00,2917,-3.210,2.024,-2.180
1.00,2918,-0.083,-0.094,7.788
1.00,2919,-8.252,-1.752,8.226
1.00,2920,-3.210,2.024,-2.180
1.00,2921,-0.083,-0.094,7.788
1.00,2922,-0.175,6.880,-2.194
1.00,2923,-0.042,3.767,2.856
1.00,2924,6.241,-3.745,-2.124
1.00,2925,-3.210,2.024,-2.180
1.00,2926,-0.083,-0.094,7.788
1.00,2927,-3.210,2.024,-2.180
1.00,2928,-0.083,-0.094,7.788
1.00,2929,-3.280,-6.349,6.498
1.00,2930,-4.711,2.895,3.775
1.00,2931,6.276,-3.807,-2.169
1.00,2932,-0.042,3.767,2.856
1.00,2933,-0.083,-0.094,7.788
1.00,2934,-0.042,-3.971,-2.100
1.00,2935,-0.175,6.880,-2.194
1.00,2936,-3.210,2.024,-2.180
1.00,2937,-0.175,6.880,-2.194
1.00,2938,-0.042,-3.971,-2.100
1.00,2939,-0.042,3.767,2.856
1.00,2940,3.294,1.929,-2.188
1.00,2941,-0.175,6.880,-2.194
1.00,2942,-0.083,-0.094,7.788
1.00,2943,6.241,-3.745,-2.124
1.00,2944,-0.042,3.767,2.856
1.00,2945,-6.142,-3.781,-2.179
1.00,2946,3.282,1.920,-2.184
1.00,2947,-0.042,-3.971,-2.100
1.00,2948,-0.043,3.767,2.856
1.00,2949,3.282,1.920,-2.184
1.00,2950,6.241,-3.745,-2.124
1.00,2951,-3.210,2.024,-2.180
1.00,2952,-3.210,2.024,-2.180
1.00,2953,3.282,1.920,-2.184
1.00,2954,-7.056,-2.435,4.884
1.00,2955,-0.042,-3.971,-2.100
1.00,2956,-0.042,3.767,2.856
1.00,2957,-6.142,-3.781,-2.179
1.00,2958,-0.042,3.767,2.856
1.00,2959,6.225,-3.713,-2.112
1.00,2960,6.241,-3.745,-2.124
1.00,2961,3.282,1.920,-2.184
1.00,2962,6.241,-3.745,-2.124
1.00,2963,-0.175,6.880,-2.194
1.00,2964,-0.083,-0.094,7.788
1.00,2965,-3.210,2.024,-2.180
1.00,2966,6.241,-3.745,-2.124
1.00,2967,3.282,1.920,-2.184
1.00,2968,-3.210,2.024,-2.180
1.00,2969,-0.175,6.880,-2.194
1.00,2970,-0.083,-0.094,7.788
1.00,2971,3.282,1.920,-2.184
1.00,2972,-6.142,-3.781,-2.179
1.00,2973,3.125,-1.888,2.783
1.00,2974,-0.042,3.767,2.856
1.00,2975,6.241,-3.745,-2.124
1.00,2976,3.282,1.920,-2.184
1.00,2977,-0.042,3.767,2.856
1.00,2978,-3.210,2.024,-2.180
1.00,2979,-0.042,-3.971,-2.100
1.00,2980,3.282,1.920,-2.184
1.00,2981,6.241,-3.745,-2.124
1.00,2982,-0.175,6.880,-2.194
1.00,2983,-0.077,-0.110,7.790
1.00,2984,-0.175,6.880,-2.194
1.00,2985,-0.083,-0.094,7.788
1.00,2986,-0.175,6.880,-2.194
1.00,2987,-3.210,2.024,-2.180
1.00,2988,-3.211,-1.901,2.777
1.00,2989,-6.142,-3.781,-2.179
1.00,2990,3.282,1.920,-2.184
1.00,2991,3.282,1.920,-2.184
1.00,2992,-6.142,-3.781,-2.179
1.00,2993,-3.210,2.024,-2.180
1.00,2994,-0.175,6.880,-2.194
1.00,2995,6.241,-3.745,-2.124
1.00,2996,3.125,-1.888,2.783
1.00,2997,-3.210,2.024,-2.180
1.00,2998,6.241,-3.745,-2.124
1.00,2999,6.278,-3.807,-2.163
2.00,0,3.125,-1.888,2.783
2.00,1,-6.142,-3.781,-2.179
2.00,2,6.241,-3.745,-2.124
2.00,3,-3.210,2.024,-2.180
2.00,4,-3.210,2.024,-2.180
2.00,5,-0.042,-3.971,-2.100
2.00,6,-3.210,2.024,-2.180
2.00,7,3.282,1.920,-2.184
2.00,8,-0.175,6.880,-2.194
2.00,9,-0.083,-0.094,7.788
2.00,10,-0.175,6.880,-2.194
2.00,11,-6.142,-3.781,-2.179
2.00,12,-0.042,-3.971,-2.100
2.00,13,-0.042,-3.971,-2.100
2.00,14,3.125,-1.888,2.783
2.00,15,-3.210,2.024,-2.180
2.00,16,3.282,1.920,-2.184
2.00,17,-3.210,2.024,-2.180
2.00,18,3.282,1.920,-2.184
2.00,19,-3.210,2.024,-2.180
2.00,20,-0.175,6.880,-2.194
2.00,21,3.125,-1.888,2.783
2.00,22,-0.175,6.880,-2.194
2.00,23,3.125,-1.888,2.783
2.00,24,-0.083,-0.094,7.788
2.00,25,3.282,1.920,-2.184
2.00,26,-3.210,2.024,-2.180
2.00,27,-0.042,-3.971,-2.100
2.00,28,3.282,1.920,-2.184
2.00,29,-0.083,-0.094,7.788
2.00,30,-0.175,6.880,-2.194
2.00,31,-3.211,-1.901,2.777
2.00,32,-0.042,3.767,2.856
2.00,33,6.241,-3.745,-2.124
2.00,34,-0.042,-3.971,-2.100
2.00,35,6.241,-3.745,-2.124
2.00,36,-6.142,-3.781,-2.179
2.00,37,-0.083,-0.094,7.788
2.00,38,-0.175,6.880,-2.194
2.00,39,3.282,1.920,-2.184
2.00,40,-3.210,2.024,-2.180
2.00,41,-3.210,2.024,-2.180
2.00,42,6.241,-3.745,-2.124
2.00,43,-0.083,-0.094,7.788
2.00,44,6.241,-3.745,-2.124
2.00,45,-0.042,-3.971,-2.100
2.00,46,6.241,-3.745,-2.124
2.00,47,-0.042,-3.971,-2.100
2.00,48,6.241,-3.745,-2.124
2.00,49,-0.083,-0.094,7.788
2.00,50,-3.210,2.024,-2.180
2.00,51,-0.083,-0.094,7.788
2.00,52,-0.083,-0.094,7.788
2.00,53,-3.210,2.024,-2.180
2.00,54,6.241,-3.745,-2.124
2.00,55,3.125,-1.888,2.783
2.00,56,3.282,1.920,-2.184
2.00,57,3.282,1.920,-2.184
2.00,58,3.282,1.920,-2.184
2.00,59,6.241,-3.745,-2.124
2.00,60,-0.042,3.767,2.856
2.00,61,3.282,1.920,-2.184
2.00,62,-3.211,-1.901,2.777
2.00,63,-3.210,2.024,-2.180
2.00,64,-3.210,2.024,-2.180
2.00,65,-0.083,-0.094,7.788
2.00,66,-0.175,6.880,-2.194
2.00,67,-0.083,-0.094,7.788
2.00,68,-0.175,6.880,-2.194
2.00,69,-3.211,-1.901,2.777
2.00,70,-3.210,2.024,-2.180
2.00,71,-0.042,3.767,2.856
2.00,72,-6.142,-3.781,-2.179
2.00,73,-6.142,-3.781,-2.179
2.00,74,-6.142,-3.781,-2.179
2.00,75,-6.142,-3.781,-2.179
2.00,76,-0.042,3.767,2.856
2.00,77,3.125,-1.888,2.783
2.00,78,-0.042,3.767,2.856
2.00,79,6.241,-3.745,-2.124
2.00,80,6.241,-3.745,-2.124
2.00,81,3.282,1.920,-2.184
2.00,82,-0.042,-3.971,-2.100
2.00,83,-3.210,2.024,-2.180
2.00,84,-3.210,2.024,-2.180
2.00,85,-3.210,2.024,-2.180
2.00,86,3.125,-1.888,2.783
2.00,87,-0.042,3.767,2.856
2.00,88,3.282,1.920,-2.184
2.00,89,-0.175,6.880,-2.194
2.00,90,-0.083,-0.094,7.788
2.00,91,-3.210,2.024,-2.180
2.00,92,-0.083,-0.094,7.788
2.00,93,6.241,-3.745,-2.124
2.00,94,-3.210,2.024,-2.180
2.00,95,-0.083,-0.094,7.788
2.00,96,3.282,1.920,-2.184
2.00,97,-0.175,6.880,-2.194
2.00,98,-0.042,-3.971,-2.100
2.00,99,-6.142,-3.781,-2.179
2.00,100,6.241,-3.745,-2.124
2.00,101,-0.042,-3.971,-2.100
2.00,102,-0.042,-3.971,-2.100
2.00,103,3.282,1.920,-2.184
2.00,104,-3.210,2.024,-2.180
2.00,105,-3.210,2.024,-2.180
2.00,106,-0.083,-0.094,7.788
2.00,107,-0.042,-3.971,-2.100
2.00,108,6.241,-3.745,-2.124
2.00,109,3.282,1.920,-2.184
2.00,110,3.282,1.920,-2.184
2.00,111,6.241,-3.745,-2.124
2.00,112,-0.175,6.880,-2.194
2.00,113,-0.042,-3.971,-2.100
2.00,114,-6.142,-3.781,-2.179
2.00,115,3.282,1.920,-2.184
2.00,116,-6.142,-3.781,-2.179
2.00,117,-0.083,-0.094,7.788
2.00,118,-3.211,-1.901,2.777
2.00,119,-0.175,6.880,-2.194
2.00,120,-3.210,2.024,-2.180
2.00,121,3.282,1.920,-2.184
2.00,122,-3.210,2.024,-2.180
2.00,123,-3.210,2.024,-2.180
2.00,124,6.241,-3.745,-2.124
2.00,125,6.241,-3.745,-2.124
2.00,126,-0.042,3.767,2.856
2.00,127,3.282,1.920,-2.184
2.00,128,3.282,1.920,-2.184
2.00,129,-3.210,2.024,-2.180
2.00,130,-0.083,-0.094,7.788
2.00,131,3.282,1.920,-2.184
2.00,132,-0.175,6.880,-2.194
2.00,133,3.282,1.920,-2.184
2.00,134,3.282,1.920,-2.184
2.00,135,3.125,-1.888,2.783
2.00,136,3.282,1.920,-2.184
2.00,137,3.282,1.920,-2.184
2.00,138,3.125,-1.888,2.783
2.00,139,-0.042,3.767,2.856
2.00,140,-0.175,6.880,-2.194
2.00,141,-0.083,-0.094,7.788
2.00,142,-3.211,-1.901,2.777
2.00,143,-0.042,-3.971,-2.100
2.00,144,-3.210,2.024,-2.180
2.00,145,-3.210,2.024,-2.180
2.00,146,3.282,1.920,-2.184
2.00,147,6.241,-3.745,-2.124
2.00,148,-0.042,3.767,2.856
2.00,149,-0.042,-3.971,-2.100
2.00,150,3.125,-1.888,2.783
2.00,151,-0.083,-0.094,7.788
2.00,152,3.125,-1.888,2.783
2.00,153,6.241,-3.745,-2.124
2.00,154,-0.042,-3.971,-2.100
2.00,155,-0.042,3.767,2.856
2.00,156,5.093,4.333,2.572
2.00,157,3.282,1.920,-2.184
2.00,158,-6.142,-3.781,-2.179
2.00,159,-0.083,-0.094,7.788
2.00,160,3.282,1.920,-2.184
2.00,161,-0.042,-3.971,-2.100
2.00,162,3.125,-1.888,2.783
2.00,163,-0.083,-0.094,7.788
2.00,164,-6.142,-3.781,-2.179
2.00,165,-0.175,6.880,-2.194
2.00,166,3.282,1.920,-2.184
2.00,167,-3.210,2.024,-2.180
2.00,168,-0.042,-3.971,-2.100
2.00,169,6.241,-3.745,-2.124
2.00,170,3.125,-1.888,2.783
2.00,171,6.241,-3.745,-2.124
2.00,172,-3.210,2.024,-2.180
2.00,173,3.282,1.920,-2.184
2.00,174,3.125,-1.888,2.783
2.00,175,-3.210,2.024,-2.180
2.00,176,-0.083,-0.094,7.788
2.00,177,-0.083,-0.094,7.788
2.00,178,-0.042,-3.971,-2.100
2.00,179,-0.083,-0.094,7.788
2.00,180,-0.042,3.767,2.856
2.00,181,6.241,-3.745,-2.124
2.00,182,-3.210,2.024,-2.180
2.00,183,6.241,-3.745,-2.124
2.00,184,-6.142,-3.781,-2.179
2.00,185,6.241,-3.745,-2.124
2.00,186,-0.083,-0.094,7.788
2.00,187,-3.210,2.024,-2.180
2.00,188,-0.042,3.767,2.856
2.00,189,-0.083,-0.094,7.788
2.00,190,-3.210,2.024,-2.180
2.00,191,3.125,-1.888,2.783
2.00,192,6.241,-3.745,-2.124
2.00,193,-3.210,2.024,-2.180
2.00,194,-0.042,-3.971,-2.100
2.00,195,-0.083,-0.094,7.788
2.00,196,-0.045,3.769,2.853
2.00,197,-3.210,2.024,-2.180
2.00,198,3.282,1.920,-2.184
2.00,199,-0.175,6.880,-2.194
2.00,200,-0.042,-3.971,-2.100
2.00,201,-6.142,-3.781,-2.179
2.00,202,3.282,1.920,-2.184
2.00,203,-0.083,-0.094,7.788
2.00,204,3.282,1.920,-2.184
2.00,205,-0.042,-3.971,-2.100
2.00,206,3.282,1.920,-2.184
2.00,207,-0.042,3.767,2.856
2.00,208,-0.083,-0.094,7.788
2.00,209,3.125,-1.888,2.783
2.00,210,-3.210,2.024,-2.180
2.00,211,-0.175,6.880,-2.194
2.00,212,3.125,-1.888,2.783
2.00,213,-3.210,2.024,-2.180
2.00,214,-0.175,6.880,-2.194
2.00,215,-0.175,6.880,-2.194
2.00,216,-0.175,6.880,-2.194
2.00,217,-0.175,6.880,-2.194
2.00,218,3.125,-1.888,2.783
2.00,219,3.125,-1.888,2.783
2.00,220,-3.210,2.024,-2.180
2.00,221,-0.083,-0.094,7.788
2.00,222,-6.142,-3.781,-2.179
2.00,223,-0.068,3.781,2.840
2.00,224,3.282,1.920,-2.184
2.00,225,-0.042,3.767,2.856
2.00,226,-0.042,-3.971,-2.100
2.00,227,-6.142,-3.781,-2.179
2.00,228,-6.142,-3.781,-2.179
2.00,229,3.125,-1.888,2.783
2.00,230,-0.083,-0.094,7.788
2.00,231,-0.042,3.767,2.856
2.00,232,3.282,1.920,-2.184
2.00,233,-0.042,-3.971,-2.100
2.00,234,3.282,1.920,-2.184
2.00,235,3.125,-1.888,2.783
2.00,236,-3.210,2.024,-2.180
2.00,237,-3.210,2.024,-2.180
2.00,238,-0.042,3.767,2.856
2.00,239,-3.210,2.024,-2.180
2.00,240,3.125,-1.888,2.783
2.00,241,6.241,-3.745,-2.124
2.00,242,-0.042,-3.971,-2.100
2.00,243,-0.083,-0.094,7.788
2.00,244,6.241,-3.745,-2.124
2.00,245,-0.042,3.767,2.856
2.00,246,-6.142,-3.781,-2.179
2.00,247,6.241,-3.745,-2.124
2.00,248,-0.043,-3.971,-2.100
2.00,249,-0.042,-3.971,-2.100
2.00,250,-0.175,6.880,-2.194
2.00,251,6.241,-3.745,-2.124
2.00,252,-0.175,6.880,-2.194
2.00,253,6.241,-3.745,-2.124
2.00,254,-6.142,-3.781,-2.179
2.00,255,-0.042,3.767,2.856
2.00,256,3.282,1.920,-2.184
2.00,257,-0.175,6.880,-2.194
2.00,258,-0.083,-0.094,7.788
2.00,259,-0.042,-3.971,-2.100
2.00,260,-0.042,-3.971,-2.100
2.00,261,3.282,1.920,-2.184
2.00,262,6.241,-3.745,-2.124
2.00,263,-0.083,-0.094,7.788
2.00,264,3.282,1.920,-2.184
2.00,265,6.241,-3.745,-2.124
2.00,266,-0.042,3.767,2.856
2.00,267,6.241,-3.745,-2.124
2.00,268,-0.042,-3.971,-2.100
2.00,269,-3.210,2.024,-2.180
2.00,270,3.282,1.920,-2.184
2.00,271,-0.083,-0.094,7.788
2.00,272,-0.042,-3.971,-2.100
2.00,273,-6.142,-3.781,-2.179
2.00,274,-3.210,2.024,-2.180
2.00,275,-0.175,6.880,-2.194
2.00,276,-0.042,-3.971,-2.100
2.00,277,6.241,-3.745,-2.124
2.00,278,-0.083,-0.094,7.788
2.00,279,-0.083,-0.094,7.788
2.00,280,-3.210,2.024,-2.180
2.00,281,-0.042,-3.971,-2.100
2.00,282,-3.211,-1.901,2.777
2.00,283,3.282,1.920,-2.184
2.00,284,-0.175,6.880,-2.194
2.00,285,3.282,1.920,-2.184
2.00,286,-3.210,2.024,-2.180
2.00,287,-0.083,-0.094,7.788
2.00,288,6.241,-3.745,-2.124
2.00,289,3.282,1.920,-2.184
2.00,290,-0.042,-3.971,-2.100
2.00,291,-3.210,2.024,-2.180
2.00,292,6.241,-3.745,-2.124
2.00,293,-0.042,3.767,2.856
2.00,294,-0.083,-0.094,7.788
2.00,295,-0.042,-3.971,-2.100
2.00,296,-3.210,2.024,-2.180
2.00,297,-0.175,6.880,-2.194
2.00,298,-0.042,-3.971,-2.100
2.00,299,3.282,1.920,-2.184
2.00,300,6.241,-3.745,-2.124
2.00,301,3.125,-1.888,2.783
2.00,302,3.125,-1.888,2.783
2.00,303,3.282,1.920,-2.184
2.00,304,3.282,1.920,-2.184
2.00,305,-0.042,-3.971,-2.100
2.00,306,6.241,-3.745,-2.124
2.00,307,-0.083,-0.094,7.788
2.00,308,-3.210,2.024,-2.180
2.00,309,-0.042,-3.971,-2.100
2.00,310,-0.175,6.880,-2.194
2.00,311,6.241,-3.745,-2.124
2.00,312,-0.042,-3.971,-2.100
2.00,313,-0.175,6.880,-2.194
2.00,314,3.282,1.920,-2.184
2.00,315,3.282,1.920,-2.184
2.00,316,-0.042,-3.971,-2.100
2.00,317,-3.211,-1.901,2.777
2.00,318,-0.083,-0.094,7.788
2.00,319,-6.142,-3.781,-2.179
2.00,320,-0.042,-3.971,-2.100
2.00,321,3.282,1.920,-2.184
2.00,322,-6.369,-9.217,9.172
2.00,323,-6.142,-3.781,-2.179
2.00,324,3.282,1.920,-2.184
2.00,325,-0.083,-0.094,7.788
2.00,326,-3.210,2.024,-2.180
2.00,327,3.282,1.920,-2.184
2.00,328,3.282,1.920,-2.184
2.00,329,3.282,1.920,-2.184
2.00,330,6.241,-3.745,-2.124
2.00,331,-0.083,-0.094,7.788
2.00,332,3.282,1.920,-2.184
2.00,333,-3.210,2.024,-2.180
2.00,334,-0.042,-3.971,-2.100
2.00,335,6.241,-3.745,-2.124
2.00,336,6.241,-3.745,-2.124
2.00,337,-0.042,-3.971,-2.100
2.00,338,-3.210,2.024,-2.180
2.00,339,-6.171,-3.804,-2.187
2.00,340,-6.142,-3.781,-2.179
2.00,341,-3.210,2.024,-2.180
2.00,342,3.125,-1.888,2.783
2.00,343,6.241,-3.745,-2.124
2.00,344,-0.042,-3.971,-2.100
2.00,345,3.125,-1.888,2.783
2.00,346,3.282,1.920,-2.184
2.00,347,-0.042,-3.971,-2.100
2.00,348,6.241,-3.745,-2.124
2.00,349,-0.175,6.880,-2.194
2.00,350,6.241,-3.745,-2.124
2.00,351,-3.210,2.024,-2.180
2.00,352,-0.042,3.767,2.856
2.00,353,6.241,-3.745,-2.124
2.00,354,-0.042,3.767,2.856
2.00,355,3.282,1.920,-2.184
2.00,356,-0.083,-0.094,7.788
2.00,357,-0.175,6.880,-2.194
2.00,358,3.282,1.920,-2.184
2.00,359,3.125,-1.888,2.783
2.00,360,-3.210,2.024,-2.180
2.00,361,3.282,1.920,-2.184
2.00,362,-0.042,-3.971,-2.100
2.00,363,3.125,-1.888,2.783
2.00,364,-3.210,2.024,-2.180
2.00,365,3.282,1.920,-2.184
2.00,366,3.125,-1.888,2.783
2.00,367,-0.083,-0.094,7.788
2.00,368,6.241,-3.745,-2.124
2.00,369,-3.210,2.024,-2.180
2.00,370,6.241,-3.745,-2.124
2.00,371,3.282,1.920,-2.184
2.00,372,-0.175,6.880,-2.194
2.00,373,-3.210,2.024,-2.180
2.00,374,-0.042,-3.971,-2.100
2.00,375,-6.142,-3.781,-2.179
2.00,376,-0.042,3.767,2.856
2.00,377,-0.083,-0.094,7.788
2.00,378,-0.042,-3.971,-2.100
2.00,379,6.241,-3.745,-2.124
2.00,380,-3.210,2.024,-2.180
2.00,381,-3.210,2.024,-2.180
2.00,382,-0.083,-0.094,7.788
2.00,383,-0.083,-0.094,7.788
2.00,384,-3.210,2.024,-2.180
2.00,385,-3.210,2.024,-2.180
2.00,386,-0.175,6.880,-2.194
2.00,387,-6.142,-3.781,-2.179
2.00,388,-0.042,3.767,2.856
2.00,389,-6.142,-3.781,-2.179
2.00,390,6.241,-3.745,-2.124
2.00,391,-0.042,-3.971,-2.100
2.00,392,-0.083,-0.094,7.788
2.00,393,-6.142,-3.781,-2.179
2.00,394,-3.210,2.024,-2.180
2.00,395,-0.175,6.880,-2.194
2.00,396,-6.142,-3.781,-2.179
2.00,397,6.241,-3.745,-2.124
2.00,398,-3.210,2.024,-2.180
2.00,399,-0.175,6.880,-2.194
2.00,400,-0.042,3.767,2.856
2.00,401,-3.210,2.024,-2.180
2.00,402,-0.042,-3.971,-2.100
2.00,403,3.282,1.920,-2.184
2.00,404,-3.210,2.024,-2.180
2.00,405,6.241,-3.745,-2.124
2.00,406,-0.083,-0.094,7.788
2.00,407,-0.042,3.767,2.856
2.00,408,-3.210,2.024,-2.180
2.00,409,-3.210,2.024,-2.180
2.00,410,-0.083,-0.094,7.788
2.00,411,-3.210,2.024,-2.180
2.00,412,3.125,-1.888,2.783
2.00,413,6.241,-3.745,-2.124
2.00,414,3.282,1.920,-2.184
2.00,415,-3.210,2.024,-2.180
2.00,416,6.241,-3.745,-2.124
2.00,417,-0.175,6.880,-2.194
2.00,418,6.241,-3.745,-2.124
2.00,419,-0.042,-3.971,-2.100
2.00,420,-0.042,-3.971,-2.100
2.00,421,-0.042,-3.971,-2.100
2.00,422,-0.042,3.767,2.856
2.00,423,-6.142,-3.781,-2.179
2.00,424,-0.042,-3.971,-2.100
2.00,425,-3.210,2.024,-2.180
2.00,426,-3.210,2.024,-2.180
2.00,427,-3.210,2.024,-2.180
2.00,428,6.241,-3.745,-2.124
2.00,429,-0.083,-0.094,7.788
2.00,430,6.241,-3.745,-2.124
2.00,431,-0.083,-0.094,7.788
2.00,432,-0.083,-0.094,7.788
2.00,433,-0.083,-0.094,7.788
2.00,434,-3.210,2.024,-2.180
2.00,435,3.282,1.920,-2.184
2.00,436,-3.210,2.024,-2.180
2.00,437,-3.210,2.024,-2.180
2.00,438,-3.211,-1.901,2.777
2.00,439,-6.142,-3.781,-2.179
2.00,440,-0.175,6.880,-2.194
2.00,441,-0.175,6.880,-2.194
2.00,442,-6.148,-3.778,-2.179
2.00,443,-0.042,3.767,2.856
2.00,444,-0.175,6.880,-2.194
2.00,445,-0.175,6.880,-2.194
2.00,446,-3.210,2.024,-2.180
2.00,447,-0.175,6.880,-2.194
2.00,448,-0.083,-0.094,7.788
2.00,449,-3.211,-1.901,2.777
2.00,450,-0.083,-0.094,7.788
2.00,451,-0.175,6.880,-2.194
2.00,452,-3.210,2.024,-2.180
2.00,453,6.241,-3.745,-2.124
2.00,454,3.282,1.920,-2.184
2.00,455,-0.175,6.880,-2.194
2.00,456,-0.042,3.767,2.856
2.00,457,-0.042,-3.971,-2.100
2.00,458,-0.175,6.880,-2.194
2.00,459,-0.042,-3.971,-2.100
2.00,460,3.282,1.920,-2.184
2.00,461,-0.083,-0.094,7.788
2.00,462,-0.042,-3.971,-2.100
2.00,463,6.241,-3.745,-2.124
2.00,464,-0.175,6.880,-2.194
2.00,465,-0.042,-3.971,-2.100
2.00,466,-0.042,-3.971,-2.100
2.00,467,-3.210,2.024,-2.180
2.00,468,-3.210,2.024,-2.180
2.00,469,-3.211,-1.901,2.777
2.00,470,-6.142,-3.781,-2.179
2.00,471,6.241,-3.745,-2.124
2.00,472,-3.210,2.024,-2.180
2.00,473,6.241,-3.745,-2.124
2.00,474,3.125,-1.888,2.783
2.00,475,3.282,1.920,-2.184
2.00,476,-0.042,-3.971,-2.100
2.00,477,3.125,-1.888,2.783
2.00,478,-0.042,3.767,2.856
2.00,479,-0.042,-3.971,-2.100
2.00,480,-3.210,2.024,-2.180
2.00,481,-3.210,2.024,-2.180
2.00,482,-0.175,6.880,-2.194
2.00,483,3.282,1.920,-2.184
2.00,484,-0.042,3.767,2.856
2.00,485,-0.175,6.880,-2.194
2.00,486,-6.142,-3.781,-2.179
2.00,487,-0.042,-3.971,-2.100
2.00,488,-3.210,2.024,-2.180
2.00,489,-0.042,-3.971,-2.100
2.00,490,-0.083,-0.094,7.788
2.00,491,6.241,-3.745,-2.124
2.00,492,-3.210,2.024,-2.180
2.00,493,-0.042,-3.971,-2.100
2.00,494,-0.042,-3.971,-2.100
2.00,495,6.241,-3.745,-2.124
2.00,496,-6.142,-3.781,-2.179
2.00,497,-3.210,2.024,-2.180
2.00,498,3.282,1.920,-2.184
2.00,499,-0.175,6.880,-2.194
2.00,500,-0.083,-0.094,7.788
2.00,501,-0.175,6.880,-2.194
2.00,502,-0.175,6.880,-2.194
2.00,503,-6.142,-3.781,-2.179
2.00,504,-0.042,-3.971,-2.100
2.00,505,3.125,-1.888,2.783
2.00,506,3.282,1.920,-2.184
2.00,507,3.282,1.920,-2.184
2.00,508,-0.083,-0.094,7.788
2.00,509,-0.042,-3.971,-2.100
2.00,510,-3.210,2.024,-2.180
2.00,511,-3.210,2.024,-2.180
2.00,512,-0.175,6.880,-2.194
2.00,513,6.241,-3.745,-2.124
2.00,514,-0.083,-0.094,7.788
2.00,515,3.282,1.920,-2.184
2.00,516,-3.210,2.024,-2.180
2.00,517,-3.210,2.024,-2.180
2.00,518,3.125,-1.888,2.783
2.00,519,6.241,-3.745,-2.124
2.00,520,6.241,-3.745,-2.124
2.00,521,6.241,-3.745,-2.124
2.00,522,-0.083,-0.094,7.788
2.00,523,-0.083,-0.094,7.788
2.00,524,-0.042,3.767,2.856
2.00,525,-3.210,2.024,-2.180
2.00,526,-3.211,-1.901,2.777
2.00,527,3.125,-1.888,2.783
2.00,528,6.241,-3.745,-2.124
2.00,529,-0.042,3.767,2.856
2.00,530,-6.142,-3.781,-2.179
2.00,531,-3.210,2.024,-2.180
2.00,532,3.125,-1.888,2.783
2.00,533,-3.213,2.026,-2.181
2.00,534,3.125,-1.888,2.783
2.00,535,-0.175,6.880,-2.194
2.00,536,-3.210,2.024,-2.180
2.00,537,-3.210,2.024,-2.180
2.00,538,3.125,-1.888,2.783
2.00,539,-0.042,3.767,2.856
2.00,540,-0.175,6.880,-2.194
2.00,541,6.241,-3.745,-2.124
2.00,542,6.241,-3.745,-2.124
2.00,543,6.241,-3.745,-2.124
2.00,544,-6.142,-3.781,-2.179
2.00,545,-3.210,2.024,-2.180
2.00,546,-0.175,6.880,-2.194
2.00,547,6.241,-3.745,-2.124
2.00,548,-0.083,-0.094,7.788
2.00,549,-3.210,2.024,-2.180
2.00,550,-3.210,2.024,-2.180
2.00,551,-0.042,-3.971,-2.100
2.00,552,-3.210,2.024,-2.180
2.00,553,-6.142,-3.781,-2.179
2.00,554,3.282,1.920,-2.184
2.00,555,6.241,-3.745,-2.124
2.00,556,-0.083,-0.094,7.788
2.00,557,3.282,1.920,-2.184
2.00,558,-0.175,6.880,-2.194
2.00,559,-0.175,6.880,-2.194
2.00,560,3.282,1.920,-2.184
2.00,561,3.282,1.920,-2.184
2.00,562,3.125,-1.888,2.783
2.00,563,3.125,-1.888,2.783
2.00,564,-3.210,2.024,-2.180
2.00,565,-0.042,-3.971,-2.100
2.00,566,-3.210,2.024,-2.180
2.00,567,-3.210,2.024,-2.180
2.00,568,-0.175,6.880,-2.194
2.00,569,-0.083,-0.094,7.788
2.00,570,-0.175,6.880,-2.194
2.00,571,-0.042,3.767,2.856
2.00,572,-3.210,2.024,-2.180
2.00,573,-3.210,2.024,-2.180
2.00,574,-0.042,-3.971,-2.100
2.00,575,-3.211,-1.901,2.777
2.00,576,6.241,-3.745,-2.124
2.00,577,-3.211,-1.901,2.777
2.00,578,-0.042,-3.971,-2.100
2.00,579,6.241,-3.745,-2.124
2.00,580,-0.042,-3.971,-2.100
2.00,581,3.282,1.920,-2.184
2.00,582,-0.175,6.880,-2.194
2.00,583,3.282,1.920,-2.184
2.00,584,-6.142,-3.781,-2.179
2.00,585,-0.083,-0.094,7.788
2.00,586,-0.042,-3.971,-2.100
2.00,587,-3.211,2.024,-2.180
2.00,588,-6.142,-3.781,-2.179
2.00,589,3.282,1.920,-2.184
2.00,590,-0.042,-3.971,-2.100
2.00,591,6.241,-3.745,-2.124
2.00,592,-3.210,2.024,-2.180
2.00,593,-3.211,-1.901,2.777
2.00,594,-0.175,6.880,-2.194
2.00,595,3.282,1.920,-2.184
2.00,596,3.282,1.920,-2.184
2.00,597,-0.042,3.767,2.856
2.00,598,3.282,1.920,-2.184
2.00,599,6.241,-3.745,-2.124
2.00,600,-0.042,3.767,2.856
2.00,601,-0.042,-3.971,-2.100
2.00,602,3.282,1.920,-2.184
2.00,603,-0.042,3.767,2.856
2.00,604,6.241,-3.745,-2.124
2.00,605,3.282,1.920,-2.184
2.00,606,6.241,-3.745,-2.124
2.00,607,-0.175,6.880,-2.194
2.00,608,-0.042,-3.971,-2.100
2.00,609,3.125,-1.888,2.783
2.00,610,-3.210,2.024,-2.180
2.00,611,3.282,1.920,-2.184
2.00,612,-0.042,-3.971,-2.100
2.00,613,3.125,-1.888,2.783
2.00,614,-3.210,2.024,-2.180
2.00,615,-0.175,6.880,-2.194
2.00,616,-0.083,-0.094,7.788
2.00,617,3.282,1.920,-2.184
2.00,618,-0.083,-0.094,7.788
2.00,619,-0.083,-0.094,7.788
2.00,620,-3.210,2.024,-2.180
2.00,621,-3.210,2.024,-2.180
2.00,622,-0.083,-0.094,7.788
2.00,623,-0.175,6.880,-2.194
2.00,624,-3.210,2.024,-2.180
2.00,625,-0.042,-3.971,-2.100
2.00,626,-0.083,-0.094,7.788
2.00,627,3.125,-1.888,2.783
2.00,628,-3.210,2.024,-2.180
2.00,629,-0.042,-3.971,-2.100
2.00,630,-3.211,-1.901,2.777
2.00,631,3.282,1.920,-2.184
2.00,632,-3.210,2.024,-2.180
2.00,633,-3.210,2.024,-2.180
2.00,634,-0.175,6.880,-2.194
2.00,635,-3.256,8.747,1.147
2.00,636,-0.042,-3.971,-2.100
2.00,637,-0.042,3.767,2.856
2.00,638,3.125,-1.888,2.783
2.00,639,-3.210,2.024,-2.180
2.00,640,-3.210,2.024,-2.180
2.00,641,-3.211,-1.901,2.777
2.00,642,-3.211,2.025,-2.181
2.00,643,-0.175,6.880,-2.194
2.00,644,-0.083,-0.094,7.788
2.00,645,4.919,-6.629,-2.193
2.00,646,3.282,1.920,-2.184
2.00,647,-0.083,-0.094,7.788
2.00,648,3.282,1.920,-2.184
2.00,649,-0.042,-3.971,-2.100
2.00,650,-0.042,3.767,2.856
2.00,651,-0.175,6.880,-2.194
2.00,652,-0.042,-3.971,-2.100
2.00,653,-3.211,-1.901,2.777
2.00,654,3.125,-1.888,2.783
2.00,655,6.241,-3.745,-2.124
2.00,656,-0.042,-3.971,-2.100
2.00,657,6.241,-3.745,-2.124
2.00,658,-6.142,-3.781,-2.179
2.00,659,-3.210,2.024,-2.180
2.00,660,6.241,-3.745,-2.124
2.00,661,-0.083,-0.094,7.788
2.00,662,3.282,1.920,-2.184
2.00,663,3.282,1.920,-2.184
2.00,664,3.282,1.920,-2.184
2.00,665,-0.042,3.767,2.856
2.00,666,3.282,1.920,-2.184
2.00,667,-0.175,6.880,-2.194
2.00,668,-0.042,3.767,2.856
2.00,669,-3.210,2.024,-2.180
2.00,670,-0.042,-3.971,-2.100
2.00,671,3.282,1.920,-2.184
2.00,672,6.241,-3.745,-2.124
2.00,673,-3.210,2.024,-2.180
2.00,674,-3.210,2.024,-2.180
2.00,675,-0.042,-3.971,-2.100
2.00,676,-3.210,2.024,-2.180
2.00,677,6.241,-3.745,-2.124
2.00,678,-0.042,-3.971,-2.100
2.00,679,6.241,-3.745,-2.124
2.00,680,-0.083,-0.094,7.788
2.00,681,-3.210,2.024,-2.180
2.00,682,-0.175,6.880,-2.194
2.00,683,-3.354,3.878,4.176
2.00,684,6.241,-3.745,-2.124
2.00,685,-0.042,-3.971,-2.100
2.00,686,6.241,-3.745,-2.124
2.00,687,3.282,1.920,-2.184
2.00,688,-0.175,6.880,-2.194
2.00,689,3.282,1.920,-2.184
2.00,690,-0.175,6.880,-2.194
2.00,691,-0.042,3.767,2.856
2.00,692,-6.142,-3.781,-2.179
2.00,693,-0.042,-3.971,-2.100
2.00,694,-0.042,-3.971,-2.100
2.00,695,-6.142,-3.781,-2.179
2.00,696,-0.083,-0.094,7.788
2.00,697,-6.142,-3.781,-2.179
2.00,698,3.282,1.920,-2.184
2.00,699,-0.042,3.767,2.856
2.00,700,-3.210,2.024,-2.180
2.00,701,-3.210,2.024,-2.180
2.00,702,3.282,1.920,-2.184
2.00,703,-0.042,-3.971,-2.100
2.00,704,-0.175,6.880,-2.194
2.00,705,3.282,1.920,-2.184
2.00,706,-0.175,6.880,-2.194
2.00,707,-0.083,-0.094,7.788
2.00,708,6.241,-3.745,-2.124
2.00,709,3.282,1.920,-2.184
2.00,710,-0.083,-0.094,7.788
2.00,711,-0.175,6.880,-2.194
2.00,712,-3.210,2.024,-2.180
2.00,713,-0.042,-3.971,-2.100
2.00,714,3.125,-1.888,2.783
2.00,715,-0.083,-0.094,7.788
2.00,716,-6.142,-3.781,-2.179
2.00,717,-0.175,6.880,-2.194
2.00,718,6.241,-3.745,-2.124
2.00,719,-0.042,-3.971,-2.100
2.00,720,-0.175,6.880,-2.194
2.00,721,-3.210,2.024,-2.180
2.00,722,-0.083,-0.094,7.788
2.00,723,6.241,-3.745,-2.124
2.00,724,-0.042,3.767,2.856
2.00,725,-0.083,-0.094,7.788
2.00,726,-0.042,3.767,2.856
2.00,727,6.241,-3.745,-2.124
2.00,728,-3.210,2.024,-2.180
2.00,729,3.125,-1.888,2.783
2.00,730,-0.083,-0.094,7.788
2.00,731,-6.142,-3.781,-2.179
2.00,732,3.282,1.920,-2.184
2.00,733,3.125,-1.888,2.783
2.00,734,-0.175,6.880,-2.194
2.00,735,6.241,-3.745,-2.124
2.00,736,-0.083,-0.094,7.788
2.00,737,6.241,-3.745,-2.124
2.00,738,6.241,-3.745,-2.124
2.00,739,-0.042,-3.971,-2.100
2.00,740,6.241,-3.745,-2.124
2.00,741,-0.042,-3.971,-2.100
2.00,742,6.241,-3.745,-2.124
2.00,743,-6.143,-3.781,-2.179
2.00,744,-0.083,-0.094,7.788
2.00,745,-0.083,-0.094,7.788
2.00,746,-3.210,2.024,-2.180
2.00,747,6.241,-3.745,-2.124
2.00,748,-0.175,6.880,-2.194
2.00,749,-0.042,-3.971,-2.100
2.00,750,-3.210,2.024,-2.180
2.00,751,6.241,-3.745,-2.124
2.00,752,-0.175,6.880,-2.194
2.00,753,6.241,-3.745,-2.124
2.00,754,-0.175,6.880,-2.194
2.00,755,-3.210,2.024,-2.180
2.00,756,-0.042,-3.971,-2.100
2.00,757,6.241,-3.745,-2.124
2.00,758,-0.175,6.880,-2.194
2.00,759,-3.210,2.024,-2.180
2.00,760,6.241,-3.745,-2.124
2.00,761,-3.210,2.024,-2.180
2.00,762,3.282,1.920,-2.184
2.00,763,6.241,-3.745,-2.124
2.00,764,-3.210,2.024,-2.180
2.00,765,-6.142,-3.781,-2.179
2.00,766,3.125,-1.888,2.783
2.00,767,-0.175,6.880,-2.194
2.00,768,6.241,-3.745,-2.124
2.00,769,-0.042,3.767,2.856
2.00,770,-3.210,2.024,-2.180
2.00,771,3.282,1.920,-2.184
2.00,772,-0.083,-0.094,7.788
2.00,773,6.241,-3.745,-2.124
2.00,774,3.282,1.920,-2.184
2.00,775,3.282,1.920,-2.184
2.00,776,-3.210,2.024,-2.180
2.00,777,-0.175,6.880,-2.194
2.00,778,-3.210,2.024,-2.180
2.00,779,3.282,1.920,-2.184
2.00,780,-0.175,6.880,-2.194
2.00,781,3.282,1.920,-2.184
2.00,782,6.241,-3.745,-2.124
2.00,783,6.241,-3.745,-2.124
2.00,784,-0.083,-0.094,7.788
2.00,785,-0.083,-0.094,7.788
2.00,786,-0.042,-3.971,-2.100
2.00,787,-3.210,2.024,-2.180
2.00,788,3.125,-1.888,2.783
2.00,789,-3.210,2.024,-2.180
2.00,790,3.125,-1.888,2.783
2.00,791,-3.210,2.024,-2.180
2.00,792,-0.175,6.880,-2.194
2.00,793,-0.042,-3.971,-2.100
2.00,794,-3.210,2.024,-2.180
2.00,795,-3.210,2.024,-2.180
2.00,796,-0.083,-0.094,7.788
2.00,797,-3.210,2.024,-2.180
2.00,798,6.241,-3.745,-2.124
2.00,799,-0.083,-0.094,7.788
2.00,800,-0.042,-3.971,-2.100
2.00,801,-0.042,-3.971,-2.100
2.00,802,-0.042,3.767,2.856
2.00,803,-0.042,-3.971,-2.100
2.00,804,3.282,1.920,-2.184
2.00,805,3.282,1.920,-2.184
2.00,806,3.125,-1.888,2.783
2.00,807,-3.210,2.024,-2.180
2.00,808,-3.210,2.024,-2.180
2.00,809,-3.210,2.024,-2.180
2.00,810,-0.042,-3.971,-2.100
2.00,811,3.125,-1.888,2.783
2.00,812,3.282,1.920,-2.184
2.00,813,6.241,-3.745,-2.124
2.00,814,-0.083,-0.094,7.788
2.00,815,-0.175,6.880,-2.194
2.00,816,3.282,1.920,-2.184
2.00,817,-6.142,-3.781,-2.179
2.00,818,-0.042,-3.971,-2.100
2.00,819,-0.042,3.767,2.856
2.00,820,-3.210,2.024,-2.180
2.00,821,-3.210,2.024,-2.180
2.00,822,-6.142,-3.781,-2.179
2.00,823,3.125,-1.888,2.783
2.00,824,-0.083,-0.094,7.788
2.00,825,3.282,1.920,-2.184
2.00,826,-0.042,3.767,2.856
2.00,827,-3.210,2.024,-2.180
2.00,828,-3.210,2.024,-2.180
2.00,829,-0.083,-0.094,7.788
2.00,830,-0.175,6.880,-2.194
2.00,831,-3.210,2.024,-2.180
2.00,832,3.282,1.920,-2.184
2.00,833,-0.175,6.880,-2.194
2.00,834,-3.210,2.024,-2.180
2.00,835,6.241,-3.745,-2.124
2.00,836,-0.175,6.880,-2.194
2.00,837,6.241,-3.745,-2.124
2.00,838,3.282,1.920,-2.184
2.00,839,-0.175,6.880,-2.194
2.00,840,-3.210,2.024,-2.180
2.00,841,-0.175,6.880,-2.194
2.00,842,3.282,1.920,-2.184
2.00,843,3.282,1.920,-2.184
2.00,844,3.282,1.920,-2.184
2.00,845,3.282,1.920,-2.184
2.00,846,-3.210,2.024,-2.180
2.00,847,3.282,1.920,-2.184
2.00,848,6.241,-3.745,-2.124
2.00,849,-0.042,3.767,2.856
2.00,850,-0.042,3.767,2.856
2.00,851,-6.142,-3.781,-2.179
2.00,852,-0.083,-0.094,7.788
2.00,853,3.282,1.920,-2.184
2.00,854,-3.210,2.024,-2.180
2.00,855,-0.175,6.880,-2.194
2.00,856,3.282,1.920,-2.184
2.00,857,-3.210,2.024,-2.180
2.00,858,3.282,1.920,-2.184
2.00,859,-3.210,2.024,-2.180
2.00,860,-0.083,-0.094,7.788
2.00,861,-3.211,-1.901,2.777
2.00,862,3.282,1.920,-2.184
2.00,863,-0.083,-0.094,7.788
2.00,864,3.125,-1.888,2.783
2.00,865,-0.042,-3.971,-2.100
2.00,866,-3.210,2.024,-2.180
2.00,867,-0.083,-0.094,7.788
2.00,868,3.125,-1.888,2.783
2.00,869,-0.042,3.767,2.856
2.00,870,3.125,-1.888,2.783
2.00,871,3.282,1.920,-2.184
2.00,872,-0.042,-3.971,-2.100
2.00,873,-3.210,2.024,-2.180
2.00,874,-0.083,-0.094,7.788
2.00,875,3.282,1.920,-2.184
2.00,876,-3.210,2.024,-2.180
2.00,877,-0.042,3.767,2.856
2.00,878,-3.210,2.024,-2.180
2.00,879,-0.083,-0.094,7.788
2.00,880,3.282,1.920,-2.184
2.00,881,3.282,1.920,-2.184
2.00,882,-0.042,3.767,2.856
2.00,883,3.282,1.920,-2.184
2.00,884,3.282,1.920,-2.184
2.00,885,3.125,-1.888,2.783
2.00,886,-6.142,-3.781,-2.179
2.00,887,-0.042,-3.971,-2.100
2.00,888,3.282,1.920,-2.184
2.00,889,-3.210,2.024,-2.180
2.00,890,6.241,-3.745,-2.124
2.00,891,-0.042,3.767,2.856
2.00,892,-0.083,-0.094,7.788
2.00,893,-6.142,-3.781,-2.179
2.00,894,-3.211,-1.901,2.777
2.00,895,-0.042,-3.971,-2.100
2.00,896,-3.210,2.024,-2.180
2.00,897,-0.042,-3.971,-2.100
2.00,898,-0.175,6.880,-2.194
2.00,899,3.282,1.920,-2.184
2.00,900,-0.175,6.880,-2.194
2.00,901,-3.210,2.024,-2.180
2.00,902,-3.210,2.024,-2.180
2.00,903,-0.042,-3.971,-2.100
2.00,904,6.241,-3.745,-2.124
2.00,905,6.241,-3.745,-2.124
2.00,906,6.241,-3.745,-2.124
2.00,907,-0.042,-3.971,-2.100
2.00,908,6.241,-3.745,-2.124
2.00,909,-0.083,-0.094,7.788
2.00,910,3.282,1.920,-2.184
2.00,911,-0.083,-0.094,7.788
2.00,912,6.241,-3.745,-2.124
2.00,913,3.125,-1.888,2.783
2.00,914,-0.042,3.767,2.856
2.00,915,3.282,1.920,-2.184
2.00,916,6.241,-3.745,-2.124
2.00,917,-0.083,-0.094,7.788
2.00,918,-0.042,3.767,2.856
2.00,919,-0.042,3.767,2.856
2.00,920,3.282,1.920,-2.184
2.00,921,3.125,-1.888,2.783
2.00,922,-3.210,2.024,-2.180
2.00,923,-0.083,-0.094,7.788
2.00,924,3.125,-1.888,2.783
2.00,925,-3.210,2.024,-2.180
2.00,926,-0.042,3.767,2.856
2.00,927,-0.042,3.767,2.856
2.00,928,-3.211,-1.901,2.777
2.00,929,6.241,-3.745,-2.124
2.00,930,-3.210,2.024,-2.180
2.00,931,-0.175,6.880,-2.194
2.00,932,-0.175,6.880,-2.194
2.00,933,6.241,-3.745,-2.124
2.00,934,-3.211,-1.901,2.777
2.00,935,-0.042,-3.971,-2.100
2.00,936,-0.042,-3.971,-2.100
2.00,937,-3.210,2.024,-2.180
2.00,938,-0.042,3.767,2.856
2.00,939,3.125,-1.888,2.783
2.00,940,-3.210,2.024,-2.180
2.00,941,-0.083,-0.094,7.788
2.00,942,-0.083,-0.094,7.788
2.00,943,-0.042,3.767,2.856
2.00,944,3.282,1.920,-2.184
2.00,945,-0.083,-0.094,7.788
2.00,946,-3.210,2.024,-2.180
2.00,947,-0.042,3.767,2.856
2.00,948,3.125,-1.888,2.783
2.00,949,6.241,-3.745,-2.124
2.00,950,-0.042,-3.971,-2.100
2.00,951,-0.175,6.880,-2.194
2.00,952,-0.056,3.776,2.842
2.00,953,3.282,1.920,-2.184
2.00,954,6.241,-3.745,-2.124
2.00,955,3.282,1.920,-2.184
2.00,956,-3.210,2.024,-2.180
2.00,957,-3.210,2.024,-2.180
2.00,958,-0.083,-0.094,7.788
2.00,959,-0.042,-3.971,-2.100
2.00,960,3.282,1.920,-2.184
2.00,961,-0.042,-3.971,-2.100
2.00,962,-0.175,6.880,-2.194
2.00,963,-3.210,2.024,-2.180
2.00,964,3.125,-1.888,2.783
2.00,965,-0.083,-0.094,7.788
2.00,966,6.241,-3.745,-2.124
2.00,967,6.241,-3.745,-2.124
2.00,968,6.241,-3.745,-2.124
2.00,969,-0.083,-0.094,7.788
2.00,970,3.125,-1.888,2.783
2.00,971,6.241,-3.745,-2.124
2.00,972,-0.083,-0.094,7.788
2.00,973,3.282,1.920,-2.184
2.00,974,-0.042,-3.971,-2.100
2.00,975,-0.042,-3.971,-2.100
2.00,976,3.125,-1.888,2.783
2.00,977,-3.210,2.024,-2.180
2.00,978,-0.042,-3.971,-2.100
2.00,979,-3.210,2.024,-2.180
2.00,980,-0.042,3.767,2.856
2.00,981,-0.042,-3.971,-2.100
2.00,982,6.241,-3.745,-2.124
2.00,983,3.125,-1.888,2.783
2.00,984,-0.083,-0.094,7.788
2.00,985,-3.210,2.024,-2.180
2.00,986,-0.042,-3.971,-2.100
2.00,987,-6.142,-3.781,-2.179
2.00,988,-0.175,6.880,-2.194
2.00,989,3.282,1.920,-2.184
2.00,990,-0.042,3.767,2.856
2.00,991,-3.210,2.024,-2.180
2.00,992,-6.142,-3.781,-2.179
2.00,993,-3.210,2.024,-2.180
2.00,994,3.125,-1.888,2.783
2.00,995,3.282,1.920,-2.184
2.00,996,-3.210,2.024,-2.180
2.00,997,3.125,-1.888,2.783
2.00,998,-0.042,-3.971,-2.100
2.00,999,-0.042,-3.971,-2.100
2.00,1000,-3.210,2.024,-2.180
2.00,1001,6.241,-3.745,-2.124
2.00,1002,7.485,9.812,6.442
2.00,1003,3.282,1.920,-2.184
2.00,1004,3.282,1.920,-2.184
2.00,1005,3.125,-1.888,2.783
2.00,1006,-0.175,6.880,-2.194
2.00,1007,3.125,-1.888,2.783
2.00,1008,-0.042,-3.971,-2.100
2.00,1009,-3.211,-1.901,2.777
2.00,1010,3.282,1.920,-2.184
2.00,1011,-0.175,6.880,-2.194
2.00,1012,-0.175,6.880,-2.194
2.00,1013,-0.083,-0.094,7.788
2.00,1014,-0.083,-0.094,7.788
2.00,1015,3.282,1.920,-2.184
2.00,1016,-0.042,3.767,2.856
2.00,1017,6.241,-3.745,-2.124
2.00,1018,-0.042,-3.971,-2.100
2.00,1019,6.241,-3.745,-2.124
2.00,1020,3.282,1.920,-2.184
2.00,1021,3.282,1.920,-2.184
2.00,1022,6.241,-3.745,-2.124
2.00,1023,-0.042,3.767,2.856
2.00,1024,-0.175,6.880,-2.194
2.00,1025,-0.042,-3.971,-2.100
2.00,1026,-0.175,6.880,-2.194
2.00,1027,-3.210,2.024,-2.180
2.00,1028,3.282,1.920,-2.184
2.00,1029,-6.142,-3.781,-2.179
2.00,1030,-3.210,2.024,-2.180
2.00,1031,-0.042,-3.971,-2.100
2.00,1032,-3.210,2.024,-2.180
2.00,1033,-0.175,6.880,-2.194
2.00,1034,-0.042,-3.971,-2.100
2.00,1035,-0.175,6.880,-2.194
2.00,1036,-0.083,-0.094,7.788
2.00,1037,-3.210,2.024,-2.180
2.00,1038,-3.211,-1.901,2.777
2.00,1039,-0.083,-0.094,7.788
2.00,1040,3.282,1.920,-2.184
2.00,1041,6.241,-3.745,-2.124
2.00,1042,6.241,-3.745,-2.124
2.00,1043,6.241,-3.745,-2.124
2.00,1044,-0.175,6.880,-2.194
2.00,1045,6.241,-3.745,-2.124
2.00,1046,-0.083,-0.094,7.788
2.00,1047,-0.083,-0.094,7.788
2.00,1048,6.241,-3.745,-2.124
2.00,1049,-0.042,-3.971,-2.100
2.00,1050,-0.042,3.767,2.856
2.00,1051,-3.210,2.024,-2.180
2.00,1052,-0.042,3.767,2.856
2.00,1053,3.282,1.920,-2.184
2.00,1054,-0.042,3.767,2.856
2.00,1055,3.125,-1.888,2.783
2.00,1056,3.125,-1.888,2.783
2.00,1057,-0.042,-3.971,-2.100
2.00,1058,-3.210,2.024,-2.180
2.00,1059,-3.210,2.024,-2.180
2.00,1060,-0.175,6.880,-2.194
2.00,1061,6.241,-3.745,-2.124
2.00,1062,3.282,1.920,-2.184
2.00,1063,6.241,-3.745,-2.124
2.00,1064,7.106,8.112,-4.824
2.00,1065,3.282,1.920,-2.184
2.00,1066,-0.083,-0.094,7.788
2.00,1067,-3.210,2.024,-2.180
2.00,1068,6.241,-3.745,-2.124
2.00,1069,-0.083,-0.094,7.788
2.00,1070,3.282,1.920,-2.184
2.00,1071,-3.210,2.024,-2.180
2.00,1072,-0.042,-3.971,-2.100
2.00,1073,-3.210,2.024,-2.180
2.00,1074,6.241,-3.745,-2.124
2.00,1075,3.282,1.920,-2.184
2.00,1076,3.282,1.920,-2.184
2.00,1077,3.282,1.920,-2.184
2.00,1078,3.125,-1.888,2.783
2.00,1079,-3.210,2.024,-2.180
2.00,1080,3.282,1.920,-2.184
2.00,1081,-0.042,-3.971,-2.100
2.00,1082,-3.210,2.024,-2.180
2.00,1083,6.241,-3.745,-2.124
2.00,1084,-0.175,6.880,-2.194
2.00,1085,3.282,1.920,-2.184
2.00,1086,-3.210,2.024,-2.180
2.00,1087,-0.175,6.880,-2.194
2.00,1088,-0.175,6.880,-2.194
2.00,1089,-0.175,6.880,-2.194
2.00,1090,3.282,1.920,-2.184
2.00,1091,3.282,1.920,-2.184
2.00,1092,-0.042,3.767,2.856
2.00,1093,-0.042,3.767,2.856
2.00,1094,-3.210,2.024,-2.180
2.00,1095,-0.042,-3.971,-2.100
2.00,1096,-0.042,-3.971,-2.100
2.00,1097,-0.042,3.767,2.856
2.00,1098,-0.083,-0.094,7.788
2.00,1099,6.241,-3.745,-2.124
2.00,1100,6.241,-3.745,-2.124
2.00,1101,-0.175,6.880,-2.194
2.00,1102,-3.210,2.024,-2.180
2.00,1103,-0.083,-0.094,7.788
2.00,1104,6.241,-3.745,-2.124
2.00,1105,-0.175,6.880,-2.194
2.00,1106,-3.210,2.024,-2.180
2.00,1107,-0.175,6.880,-2.194
2.00,1108,-0.175,6.880,-2.194
2.00,1109,3.282,1.920,-2.184
2.00,1110,-3.210,2.024,-2.180
2.00,1111,6.241,-3.745,-2.124
2.00,1112,-0.175,6.880,-2.194
2.00,1113,3.125,-1.888,2.783
2.00,1114,3.125,-1.888,2.783
2.00,1115,-0.042,-3.971,-2.100
2.00,1116,-0.083,-0.094,7.788
2.00,1117,-0.042,3.767,2.856
2.00,1118,3.282,1.920,-2.184
2.00,1119,-0.042,3.767,2.856
2.00,1120,-3.210,2.024,-2.180
2.00,1121,6.241,-3.745,-2.124
2.00,1122,-0.042,3.767,2.856
2.00,1123,-0.175,6.880,-2.194
2.00,1124,-0.175,6.880,-2.194
2.00,1125,-0.175,6.880,-2.194
2.00,1126,-0.175,6.880,-2.194
2.00,1127,-3.210,2.024,-2.180
2.00,1128,-3.210,2.024,-2.180
2.00,1129,-3.210,2.024,-2.180
2.00,1130,-3.210,2.024,-2.180
2.00,1131,3.282,1.920,-2.184
2.00,1132,-0.175,6.880,-2.194
2.00,1133,-0.042,3.767,2.856
2.00,1134,-0.042,-3.971,-2.100
2.00,1135,-0.083,-0.094,7.788
2.00,1136,-0.042,-3.971,-2.100
2.00,1137,3.282,1.920,-2.184
2.00,1138,-3.210,2.024,-2.180
2.00,1139,-0.042,3.767,2.856
2.00,1140,3.282,1.920,-2.184
2.00,1141,-0.042,3.767,2.856
2.00,1142,-0.042,3.767,2.856
2.00,1143,3.125,-1.888,2.783
2.00,1144,-0.042,3.767,2.856
2.00,1145,-0.083,-0.094,7.788
2.00,1146,-3.210,2.024,-2.180
2.00,1147,-0.042,-3.971,-2.100
2.00,1148,-0.042,-3.971,-2.100
2.00,1149,-3.210,2.024,-2.180
2.00,1150,-0.175,6.880,-2.194
2.00,1151,-0.175,6.880,-2.194
2.00,1152,6.241,-3.745,-2.124
2.00,1153,-0.083,-0.094,7.788
2.00,1154,-6.142,-3.781,-2.179
2.00,1155,6.241,-3.745,-2.124
2.00,1156,-0.175,6.880,-2.194
2.00,1157,-3.210,2.024,-2.180
2.00,1158,-3.210,2.024,-2.180
2.00,1159,3.282,1.920,-2.184
2.00,1160,-6.142,-3.781,-2.179
2.00,1161,-6.142,-3.781,-2.179
2.00,1162,3.282,1.920,-2.184
2.00,1163,-3.210,2.024,-2.180
2.00,1164,-3.210,2.024,-2.180
2.00,1165,-0.042,-3.971,-2.100
2.00,1166,-0.042,-3.971,-2.100
2.00,1167,3.282,1.920,-2.184
2.00,1168,-0.042,-3.971,-2.100
2.00,1169,6.241,-3.745,-2.124
2.00,1170,3.125,-1.888,2.783
2.00,1171,-3.210,2.024,-2.180
2.00,1172,-6.142,-3.781,-2.179
2.00,1173,3.125,-1.888,2.783
2.00,1174,-3.210,2.024,-2.180
2.00,1175,-0.083,-0.094,7.788
2.00,1176,-0.083,-0.094,7.788
2.00,1177,6.241,-3.745,-2.124
2.00,1178,-3.210,2.024,-2.180
2.00,1179,3.282,1.920,-2.184
2.00,1180,-3.210,2.024,-2.180
2.00,1181,3.125,-1.888,2.783
2.00,1182,3.282,1.920,-2.184
2.00,1183,-3.210,2.024,-2.180
2.00,1184,-6.142,-3.781,-2.179
2.00,1185,6.241,-3.745,-2.124
2.00,1186,-0.175,6.880,-2.194
2.00,1187,-0.083,-0.094,7.788
2.00,1188,3.282,1.920,-2.184
2.00,1189,3.125,-1.888,2.783
2.00,1190,-0.042,3.767,2.856
2.00,1191,3.125,-1.888,2.783
2.00,1192,-0.042,-3.971,-2.100
2.00,1193,-0.042,-3.971,-2.100
2.00,1194,-3.210,2.024,-2.180
2.00,1195,-0.083,-0.094,7.788
2.00,1196,3.282,1.920,-2.184
2.00,1197,-0.175,6.880,-2.194
2.00,1198,-3.210,2.024,-2.180
2.00,1199,3.125,-1.888,2.783
2.00,1200,3.125,-1.888,2.783
2.00,1201,-0.042,3.767,2.856
2.00,1202,-3.210,2.024,-2.180
2.00,1203,3.304,1.935,-2.189
2.00,1204,-0.175,6.880,-2.194
2.00,1205,-6.142,-3.781,-2.179
2.00,1206,-0.083,-0.094,7.788
2.00,1207,-3.210,2.024,-2.180
2.00,1208,3.282,1.920,-2.184
2.00,1209,6.241,-3.745,-2.124
2.00,1210,3.282,1.920,-2.184
2.00,1211,-3.210,2.024,-2.180
2.00,1212,-0.175,6.880,-2.194
2.00,1213,6.241,-3.745,-2.124
2.00,1214,-0.083,-0.094,7.788
2.00,1215,3.282,1.920,-2.184
2.00,1216,6.241,-3.745,-2.124
2.00,1217,-6.142,-3.781,-2.179
2.00,1218,-0.042,-3.971,-2.100
2.00,1219,3.282,1.920,-2.184
2.00,1220,-3.210,2.024,-2.180
2.00,1221,-0.042,3.767,2.856
2.00,1222,-3.210,2.024,-2.180
2.00,1223,-0.042,-3.971,-2.100
2.00,1224,-0.175,6.880,-2.194
2.00,1225,-0.042,-3.971,-2.100
2.00,1226,-3.211,-1.901,2.777
2.00,1227,3.125,-1.888,2.783
2.00,1228,3.125,-1.888,2.783
2.00,1229,-3.210,2.024,-2.180
2.00,1230,-3.210,2.024,-2.180
2.00,1231,-0.042,3.767,2.856
2.00,1232,-3.210,2.024,-2.180
2.00,1233,3.282,1.920,-2.184
2.00,1234,6.241,-3.745,-2.124
2.00,1235,6.241,-3.745,-2.124
2.00,1236,-0.042,3.767,2.856
2.00,1237,-0.042,-3.971,-2.100
2.00,1238,-0.042,3.767,2.856
2.00,1239,-0.042,-3.971,-2.100
2.00,1240,6.241,-3.745,-2.124
2.00,1241,6.241,-3.745,-2.124
2.00,1242,-0.175,6.880,-2.194
2.00,1243,-6.142,-3.781,-2.179
2.00,1244,3.282,1.920,-2.184
2.00,1245,-0.083,-0.094,7.788
2.00,1246,-0.083,-0.094,7.788
2.00,1247,-0.042,-3.971,-2.100
2.00,1248,3.282,1.920,-2.184
2.00,1249,6.241,-3.745,-2.124
2.00,1250,-0.083,-0.094,7.788
2.00,1251,-0.175,6.880,-2.194
2.00,1252,-0.083,-0.094,7.788
2.00,1253,-3.211,-1.901,2.777
2.00,1254,-0.175,6.880,-2.194
2.00,1255,3.282,1.920,-2.184
2.00,1256,-3.210,2.024,-2.180
2.00,1257,6.241,-3.745,-2.124
2.00,1258,-0.042,3.767,2.856
2.00,1259,-3.210,2.024,-2.180
2.00,1260,-0.083,-0.094,7.788
2.00,1261,-0.175,6.880,-2.194
2.00,1262,-6.142,-3.781,-2.179
2.00,1263,-0.083,-0.094,7.788
2.00,1264,-3.210,2.024,-2.180
2.00,1265,-0.175,6.880,-2.194
2.00,1266,6.241,-3.745,-2.124
2.00,1267,-0.083,-0.094,7.788
2.00,1268,-0.042,3.767,2.856
2.00,1269,-0.175,6.880,-2.194
2.00,1270,6.241,-3.745,-2.124
2.00,1271,-3.210,2.024,-2.180
2.00,1272,-0.042,-3.971,-2.100
2.00,1273,-3.210,2.024,-2.180
2.00,1274,6.241,-3.745,-2.124
2.00,1275,-0.042,-3.971,-2.100
2.00,1276,-0.175,6.880,-2.194
2.00,1277,-0.042,-3.971,-2.100
2.00,1278,-0.083,-0.094,7.788
2.00,1279,-6.142,-3.781,-2.179
2.00,1280,6.241,-3.745,-2.124
2.00,1281,-3.210,2.024,-2.180
2.00,1282,-3.210,2.024,-2.180
2.00,1283,-0.042,-3.971,-2.100
2.00,1284,-3.210,2.024,-2.180
2.00,1285,-0.042,-3.971,-2.100
2.00,1286,3.282,1.920,-2.184
2.00,1287,-0.042,3.767,2.856
2.00,1288,-0.175,6.880,-2.194
2.00,1289,3.125,-1.888,2.783
2.00,1290,3.125,-1.888,2.783
2.00,1291,6.241,-3.745,-2.124
2.00,1292,-0.042,3.767,2.856
2.00,1293,3.282,1.920,-2.184
2.00,1294,-3.210,2.024,-2.180
2.00,1295,-0.042,-3.971,-2.100
2.00,1296,-0.175,6.880,-2.194
2.00,1297,-0.175,6.880,-2.194
2.00,1298,3.282,1.920,-2.184
2.00,1299,-6.142,-3.781,-2.179
2.00,1300,-3.210,2.024,-2.180
2.00,1301,6.241,-3.745,-2.124
2.00,1302,-0.042,-3.971,-2.100
2.00,1303,-0.083,-0.094,7.788
2.00,1304,3.125,-1.888,2.783
2.00,1305,3.282,1.920,-2.184
2.00,1306,3.282,1.920,-2.184
2.00,1307,-3.210,2.024,-2.180
2.00,1308,-0.042,3.767,2.856
2.00,1309,3.282,1.920,-2.184
2.00,1310,3.125,-1.888,2.783
2.00,1311,6.241,-3.745,-2.124
2.00,1312,6.241,-3.745,-2.124
2.00,1313,3.125,-1.888,2.783
2.00,1314,-3.211,-1.901,2.777
2.00,1315,3.125,-1.888,2.783
2.00,1316,-3.210,2.024,-2.180
2.00,1317,-0.042,-3.971,-2.100
2.00,1318,-0.042,-3.971,-2.100
2.00,1319,-3.210,2.024,-2.180
2.00,1320,3.282,1.920,-2.184
2.00,1321,3.282,1.920,-2.184
2.00,1322,-0.175,6.880,-2.194
2.00,1323,-0.083,-0.094,7.788
2.00,1324,3.282,1.920,-2.184
2.00,1325,-3.210,2.024,-2.180
2.00,1326,-0.083,-0.094,7.788
2.00,1327,-0.175,6.880,-2.194
2.00,1328,3.282,1.920,-2.184
2.00,1329,-0.083,-0.094,7.788
2.00,1330,-0.042,-3.971,-2.100
2.00,1331,6.241,-3.745,-2.124
2.00,1332,-3.210,2.024,-2.180
2.00,1333,-0.042,-3.971,-2.100
2.00,1334,6.241,-3.745,-2.124
2.00,1335,-0.042,-3.971,-2.100
2.00,1336,-3.210,2.024,-2.180
2.00,1337,3.125,-1.888,2.783
2.00,1338,-0.175,6.880,-2.194
2.00,1339,-0.083,-0.094,7.788
2.00,1340,-0.042,3.767,2.856
2.00,1341,-0.042,3.767,2.856
2.00,1342,-0.042,-3.971,-2.100
2.00,1343,-0.083,-0.094,7.788
2.00,1344,-3.210,2.024,-2.180
2.00,1345,-0.042,3.767,2.856
2.00,1346,-0.175,6.880,-2.194
2.00,1347,-0.083,-0.094,7.788
2.00,1348,-3.210,2.024,-2.180
2.00,1349,-0.083,-0.094,7.788
2.00,1350,-3.210,2.024,-2.180
2.00,1351,6.241,-3.745,-2.124
2.00,1352,-3.210,2.024,-2.180
2.00,1353,-0.175,6.880,-2.194
2.00,1354,-0.042,3.767,2.856
2.00,1355,3.282,1.920,-2.184
2.00,1356,6.241,-3.745,-2.124
2.00,1357,-3.210,2.024,-2.180
2.00,1358,-0.175,6.879,-2.194
2.00,1359,3.125,-1.888,2.783
2.00,1360,3.125,-1.888,2.783
2.00,1361,3.282,1.920,-2.184
2.00,1362,-0.083,-0.094,7.788
2.00,1363,-0.175,6.880,-2.194
2.00,1364,-0.042,-3.971,-2.100
2.00,1365,-0.083,-0.094,7.788
2.00,1366,-0.083,-0.094,7.788
2.00,1367,-0.175,6.880,-2.194
2.00,1368,-0.083,-0.094,7.788
2.00,1369,-3.210,2.024,-2.180
2.00,1370,-3.210,2.024,-2.180
2.00,1371,3.282,1.920,-2.184
2.00,1372,-0.042,3.767,2.856
2.00,1373,6.241,-3.745,-2.124
2.00,1374,3.125,-1.888,2.783
2.00,1375,-3.210,2.024,-2.180
2.00,1376,-0.175,6.880,-2.194
2.00,1377,-3.210,2.024,-2.180
2.00,1378,-0.083,-0.094,7.788
2.00,1379,-0.042,3.767,2.856
2.00,1380,-0.042,-3.971,-2.100
2.00,1381,-3.210,2.024,-2.180
2.00,1382,3.282,1.920,-2.184
2.00,1383,-0.083,-0.094,7.788
2.00,1384,-3.210,2.024,-2.180
2.00,1385,-0.042,-3.971,-2.100
2.00,1386,-3.210,2.024,-2.180
2.00,1387,-0.042,3.767,2.856
2.00,1388,3.282,1.920,-2.184
2.00,1389,-3.210,2.024,-2.180
2.00,1390,-0.083,-0.094,7.788
2.00,1391,-0.042,-3.971,-2.100
2.00,1392,-0.083,-0.094,7.788
2.00,1393,-3.211,-1.901,2.777
2.00,1394,6.241,-3.745,-2.124
2.00,1395,6.241,-3.745,-2.124
2.00,1396,-0.042,-3.971,-2.100
2.00,1397,-3.210,2.024,-2.180
2.00,1398,6.241,-3.745,-2.124
2.00,1399,-3.210,2.024,-2.180
2.00,1400,3.282,1.920,-2.184
2.00,1401,-0.042,-3.971,-2.100
2.00,1402,-0.083,-0.094,7.788
2.00,1403,-3.210,2.024,-2.180
2.00,1404,3.125,-1.888,2.783
2.00,1405,6.241,-3.745,-2.124
2.00,1406,-0.042,3.767,2.856
2.00,1407,-0.042,-3.971,-2.100
2.00,1408,-3.210,2.024,-2.180
2.00,1409,-3.210,2.024,-2.180
2.00,1410,3.282,1.920,-2.184
2.00,1411,-0.175,6.880,-2.194
2.00,1412,6.241,-3.745,-2.124
2.00,1413,-0.042,-3.971,-2.100
2.00,1414,3.282,1.920,-2.184
2.00,1415,6.241,-3.745,-2.124
2.00,1416,-0.083,-0.094,7.788
2.00,1417,-3.210,2.024,-2.180
2.00,1418,-6.142,-3.781,-2.179
2.00,1419,3.282,1.920,-2.184
2.00,1420,-6.142,-3.781,-2.179
2.00,1421,-0.083,-0.094,7.788
2.00,1422,-3.210,2.024,-2.180
2.00,1423,6.241,-3.745,-2.124
2.00,1424,3.282,1.920,-2.184
2.00,1425,3.125,-1.888,2.783
2.00,1426,-6.142,-3.781,-2.179
2.00,1427,3.125,-1.888,2.783
2.00,1428,3.282,1.920,-2.184
2.00,1429,3.125,-1.888,2.783
2.00,1430,-0.083,-0.094,7.788
2.00,1431,3.125,-1.888,2.783
2.00,1432,-0.175,6.880,-2.194
2.00,1433,3.282,1.920,-2.184
2.00,1434,-0.042,-3.971,-2.100
2.00,1435,-0.042,-3.971,-2.100
2.00,1436,3.125,-1.888,2.783
2.00,1437,-0.042,-3.971,-2.100
2.00,1438,-0.042,-3.971,-2.100
2.00,1439,-0.042,-3.971,-2.100
2.00,1440,-3.210,2.024,-2.180
2.00,1441,6.241,-3.745,-2.124
2.00,1442,-0.083,-0.094,7.788
2.00,1443,3.125,-1.888,2.783
2.00,1444,-0.042,-3.971,-2.100
2.00,1445,3.282,1.920,-2.184
2.00,1446,3.282,1.920,-2.184
2.00,1447,-0.083,-0.094,7.788
2.00,1448,-6.142,-3.781,-2.179
2.00,1449,-0.083,-0.094,7.788
2.00,1450,-6.142,-3.781,-2.179
2.00,1451,-0.042,-3.971,-2.100
2.00,1452,6.241,-3.745,-2.124
2.00,1453,6.241,-3.745,-2.124
2.00,1454,-0.042,3.767,2.856
2.00,1455,6.241,-3.745,-2.124
2.00,1456,-0.042,-3.971,-2.100
2.00,1457,-0.042,-3.971,-2.100
2.00,1458,-0.175,6.880,-2.194
2.00,1459,-0.042,3.767,2.856
2.00,1460,-0.042,-3.971,-2.100
2.00,1461,-3.210,2.024,-2.180
2.00,1462,-0.175,6.880,-2.194
2.00,1463,-0.042,3.767,2.856
2.00,1464,-0.042,3.767,2.856
2.00,1465,-3.210,2.024,-2.180
2.00,1466,-0.042,-3.971,-2.100
2.00,1467,-0.083,-0.094,7.788
2.00,1468,6.241,-3.745,-2.124
2.00,1469,-0.083,-0.094,7.788
2.00,1470,-3.210,2.024,-2.180
2.00,1471,-0.175,6.880,-2.194
2.00,1472,3.282,1.920,-2.184
2.00,1473,3.282,1.920,-2.184
2.00,1474,-3.210,2.024,-2.180
2.00,1475,-3.210,2.024,-2.180
2.00,1476,6.241,-3.745,-2.124
2.00,1477,3.125,-1.888,2.783
2.00,1478,-0.083,-0.094,7.788
2.00,1479,-3.210,2.024,-2.180
2.00,1480,6.241,-3.745,-2.124
2.00,1481,-3.210,2.024,-2.180
2.00,1482,-0.042,-3.971,-2.100
2.00,1483,-3.211,-1.901,2.777
2.00,1484,-0.042,-3.971,-2.100
2.00,1485,-0.042,3.767,2.856
2.00,1486,3.282,1.920,-2.184
2.00,1487,-3.210,2.024,-2.180
2.00,1488,-0.175,6.880,-2.194
2.00,1489,3.282,1.920,-2.184
2.00,1490,-3.211,-1.901,2.777
2.00,1491,-0.083,-0.094,7.788
2.00,1492,-0.042,-3.971,-2.100
2.00,1493,6.241,-3.745,-2.124
2.00,1494,-0.042,-3.971,-2.100
2.00,1495,-0.175,6.880,-2.194
2.00,1496,-3.210,2.024,-2.180
2.00,1497,6.241,-3.745,-2.124
2.00,1498,6.241,-3.745,-2.124
2.00,1499,-0.083,-0.094,7.788
2.00,1500,-3.210,2.024,-2.180
2.00,1501,-3.210,2.024,-2.180
2.00,1502,3.125,-1.888,2.783
2.00,1503,3.125,-1.888,2.783
2.00,1504,3.125,-1.888,2.783
2.00,1505,-0.042,-3.971,-2.100
2.00,1506,6.241,-3.745,-2.124
2.00,1507,3.125,-1.888,2.783
2.00,1508,-3.210,2.024,-2.180
2.00,1509,-6.142,-3.781,-2.179
2.00,1510,-6.142,-3.781,-2.179
2.00,1511,3.125,-1.888,2.783
2.00,1512,6.241,-3.745,-2.124
2.00,1513,-6.142,-3.781,-2.179
2.00,1514,-0.083,-0.094,7.788
2.00,1515,3.282,1.920,-2.184
2.00,1516,-0.042,-3.971,-2.100
2.00,1517,3.282,1.920,-2.184
2.00,1518,-0.042,3.767,2.856
2.00,1519,3.282,1.920,-2.184
2.00,1520,6.241,-3.745,-2.124
2.00,1521,-0.175,6.880,-2.194
2.00,1522,-3.210,2.024,-2.180
2.00,1523,-6.142,-3.781,-2.179
2.00,1524,-3.210,2.024,-2.180
2.00,1525,6.241,-3.745,-2.124
2.00,1526,3.282,1.920,-2.184
2.00,1527,-0.175,6.880,-2.194
2.00,1528,-3.210,2.024,-2.180
2.00,1529,-0.083,-0.094,7.788
2.00,1530,6.241,-3.745,-2.124
2.00,1531,-0.042,-3.971,-2.100
2.00,1532,-3.210,2.024,-2.180
2.00,1533,-0.175,6.880,-2.194
2.00,1534,-3.210,2.024,-2.180
2.00,1535,-0.042,-3.971,-2.100
2.00,1536,-0.083,-0.094,7.788
2.00,1537,3.282,1.920,-2.184
2.00,1538,-0.042,3.767,2.856
2.00,1539,6.241,-3.745,-2.124
2.00,1540,-0.042,-3.971,-2.100
2.00,1541,-3.210,2.024,-2.180
2.00,1542,3.282,1.920,-2.184
2.00,1543,6.241,-3.745,-2.124
2.00,1544,3.282,1.920,-2.184
2.00,1545,-3.210,2.024,-2.180
2.00,1546,-3.210,2.024,-2.180
2.00,1547,-3.210,2.024,-2.180
2.00,1548,5.657,2.544,7.690
2.00,1549,6.241,-3.745,-2.124
2.00,1550,-0.175,6.880,-2.194
2.00,1551,3.282,1.920,-2.184
2.00,1552,-0.175,6.880,-2.194
2.00,1553,-0.042,-3.971,-2.100
2.00,1554,-3.210,2.024,-2.180
2.00,1555,-0.042,-3.971,-2.100
2.00,1556,3.282,1.920,-2.184
2.00,1557,6.241,-3.745,-2.124
2.00,1558,3.125,-1.888,2.783
2.00,1559,-0.083,-0.094,7.788
2.00,1560,-3.210,2.024,-2.180
2.00,1561,-0.042,3.767,2.856
2.00,1562,3.282,1.920,-2.184
2.00,1563,3.125,-1.888,2.783
2.00,1564,-0.083,-0.094,7.788
2.00,1565,3.125,-1.888,2.783
2.00,1566,-3.211,-1.901,2.777
2.00,1567,3.282,1.920,-2.184
2.00,1568,-0.175,6.880,-2.194
2.00,1569,-0.042,3.767,2.856
2.00,1570,-0.083,-0.094,7.788
2.00,1571,-0.083,-0.094,7.788
2.00,1572,-3.210,2.024,-2.180
2.00,1573,-3.210,2.024,-2.180
2.00,1574,3.282,1.920,-2.184
2.00,1575,-0.083,-0.094,7.788
2.00,1576,3.282,1.920,-2.184
2.00,1577,-3.210,2.024,-2.180
2.00,1578,-6.142,-3.781,-2.179
2.00,1579,6.241,-3.745,-2.124
2.00,1580,-0.083,-0.094,7.788
2.00,1581,-0.175,6.880,-2.194
2.00,1582,-0.042,-3.971,-2.100
2.00,1583,3.282,1.920,-2.184
2.00,1584,-0.175,6.880,-2.194
2.00,1585,3.282,1.920,-2.184
2.00,1586,-6.142,-3.781,-2.179
2.00,1587,6.241,-3.745,-2.124
2.00,1588,-0.042,3.767,2.856
2.00,1589,-0.042,3.767,2.856
2.00,1590,-3.211,-1.901,2.777
2.00,1591,4.552,-5.742,5.654
2.00,1592,-0.175,6.880,-2.194
2.00,1593,-3.211,-1.901,2.777
2.00,1594,-3.210,2.024,-2.180
2.00,1595,3.282,1.920,-2.184
2.00,1596,3.125,-1.888,2.783
2.00,1597,-0.083,-0.094,7.788
2.00,1598,-0.042,-3.971,-2.100
2.00,1599,-0.175,6.880,-2.194
2.00,1600,-3.210,2.024,-2.180
2.00,1601,-0.083,-0.094,7.788
2.00,1602,-3.211,-1.901,2.777
2.00,1603,-0.042,-3.971,-2.100
2.00,1604,3.125,-1.888,2.783
2.00,1605,-0.042,3.767,2.856
2.00,1606,-0.042,-3.971,-2.100
2.00,1607,6.241,-3.745,-2.124
2.00,1608,6.241,-3.745,-2.124
2.00,1609,-0.175,6.880,-2.194
2.00,1610,-3.210,2.024,-2.180
2.00,1611,-3.210,2.024,-2.180
2.00,1612,6.241,-3.745,-2.124
2.00,1613,3.282,1.920,-2.184
2.00,1614,-3.210,2.024,-2.180
2.00,1615,-0.042,3.767,2.856
2.00,1616,-0.083,-0.094,7.788
2.00,1617,3.282,1.920,-2.184
2.00,1618,-0.175,6.880,-2.194
2.00,1619,6.241,-3.745,-2.124
2.00,1620,6.241,-3.745,-2.124
2.00,1621,-0.175,6.880,-2.194
2.00,1622,-0.175,6.880,-2.194
2.00,1623,-0.083,-0.094,7.788
2.00,1624,3.282,1.920,-2.184
2.00,1625,-0.042,-3.971,-2.100
2.00,1626,-0.042,-3.971,-2.100
2.00,1627,3.282,1.920,-2.184
2.00,1628,6.241,-3.745,-2.124
2.00,1629,6.241,-3.745,-2.124
2.00,1630,-0.083,-0.094,7.788
2.00,1631,6.241,-3.745,-2.124
2.00,1632,6.241,-3.745,-2.124
2.00,1633,-3.210,2.024,-2.180
2.00,1634,-0.175,6.880,-2.194
2.00,1635,-0.083,-0.094,7.788
2.00,1636,-0.042,-3.971,-2.100
2.00,1637,-3.210,2.024,-2.180
2.00,1638,-0.175,6.880,-2.194
2.00,1639,-3.210,2.024,-2.180
2.00,1640,-0.042,-3.971,-2.100
2.00,1641,-0.083,-0.094,7.788
2.00,1642,-3.210,2.024,-2.180
2.00,1643,-6.142,-3.781,-2.179
2.00,1644,-0.083,-0.094,7.788
2.00,1645,-0.083,-0.094,7.788
2.00,1646,-0.042,-3.971,-2.100
2.00,1647,-0.042,-3.971,-2.100
2.00,1648,-0.042,-3.971,-2.100
2.00,1649,3.282,1.920,-2.184
2.00,1650,-0.042,-3.971,-2.100
2.00,1651,-0.042,-3.971,-2.100
2.00,1652,-3.210,2.024,-2.180
2.00,1653,3.125,-1.888,2.783
2.00,1654,-3.210,2.024,-2.180
2.00,1655,3.282,1.920,-2.184
2.00,1656,-3.210,2.024,-2.180
2.00,1657,-0.175,6.880,-2.194
2.00,1658,-0.042,-3.971,-2.100
2.00,1659,3.125,-1.888,2.783
2.00,1660,-3.210,2.024,-2.180
2.00,1661,-0.175,6.880,-2.194
2.00,1662,3.125,-1.888,2.783
2.00,1663,-6.142,-3.781,-2.179
2.00,1664,-0.042,3.767,2.856
2.00,1665,-3.210,2.024,-2.180
2.00,1666,-0.042,-3.971,-2.100
2.00,1667,-3.210,2.024,-2.180
2.00,1668,-0.083,-0.094,7.788
2.00,1669,-0.083,-0.094,7.788
2.00,1670,-0.042,3.767,2.856
2.00,1671,-3.210,2.024,-2.180
2.00,1672,3.125,-1.888,2.783
2.00,1673,3.282,1.920,-2.184
2.00,1674,-0.175,6.880,-2.194
2.00,1675,3.125,-1.888,2.783
2.00,1676,-0.042,3.767,2.856
2.00,1677,-0.042,3.767,2.856
2.00,1678,-0.083,-0.094,7.788
2.00,1679,3.282,1.920,-2.184
2.00,1680,6.241,-3.745,-2.124
2.00,1681,-0.042,-3.971,-2.100
2.00,1682,3.282,1.920,-2.184
2.00,1683,-0.042,3.767,2.856
2.00,1684,-3.211,-1.901,2.777
2.00,1685,3.282,1.920,-2.184
2.00,1686,3.282,1.920,-2.184
2.00,1687,-3.210,2.024,-2.180
2.00,1688,-0.042,3.767,2.856
2.00,1689,-0.042,3.767,2.856
2.00,1690,-7.407,4.801,2.799
2.00,1691,3.282,1.920,-2.184
2.00,1692,3.125,-1.888,2.783
2.00,1693,6.241,-3.745,-2.124
2.00,1694,-3.210,2.024,-2.180
2.00,1695,-6.273,-8.327,-2.187
2.00,1696,-0.042,3.767,2.856
2.00,1697,-0.175,6.880,-2.194
2.00,1698,-0.042,3.767,2.856
2.00,1699,3.282,1.920,-2.184
2.00,1700,-0.042,3.767,2.856
2.00,1701,-0.042,-3.971,-2.100
2.00,1702,3.282,1.920,-2.184
2.00,1703,3.282,1.920,-2.184
2.00,1704,-0.083,-0.094,7.788
2.00,1705,-0.042,3.767,2.856
2.00,1706,-0.042,3.767,2.856
2.00,1707,-0.175,6.880,-2.194
2.00,1708,-0.042,-3.971,-2.100
2.00,1709,-0.042,-3.971,-2.100
2.00,1710,-0.083,-0.094,7.788
2.00,1711,3.282,1.920,-2.184
2.00,1712,-0.083,-0.094,7.788
2.00,1713,6.241,-3.745,-2.124
2.00,1714,-6.142,-3.781,-2.179
2.00,1715,-0.042,3.767,2.856
2.00,1716,-0.042,-3.971,-2.100
2.00,1717,-0.042,-3.971,-2.100
2.00,1718,3.282,1.920,-2.184
2.00,1719,-3.210,2.024,-2.180
2.00,1720,6.241,-3.745,-2.124
2.00,1721,-3.210,2.024,-2.180
2.00,1722,6.241,-3.745,-2.124
2.00,1723,-3.210,2.024,-2.180
2.00,1724,3.282,1.920,-2.184
2.00,1725,-6.142,-3.781,-2.179
2.00,1726,-3.210,2.024,-2.180
2.00,1727,-0.175,6.880,-2.194
2.00,1728,-6.142,-3.781,-2.179
2.00,1729,-6.142,-3.781,-2.179
2.00,1730,-3.210,2.024,-2.180
2.00,1731,6.241,-3.745,-2.124
2.00,1732,-0.175,6.880,-2.194
2.00,1733,3.282,1.920,-2.184
2.00,1734,-3.210,2.024,-2.180
2.00,1735,-0.042,-3.971,-2.100
2.00,1736,6.241,-3.745,-2.124
2.00,1737,6.241,-3.745,-2.124
2.00,1738,-3.210,2.024,-2.180
2.00,1739,-6.142,-3.781,-2.179
2.00,1740,-0.042,-3.971,-2.100
2.00,1741,3.125,-1.888,2.783
2.00,1742,-3.210,2.024,-2.180
2.00,1743,-0.175,6.880,-2.194
2.00,1744,-0.042,3.767,2.856
2.00,1745,-0.042,3.767,2.856
2.00,1746,6.241,-3.745,-2.124
2.00,1747,-0.083,-0.094,7.788
2.00,1748,-0.175,6.880,-2.194
2.00,1749,-0.042,3.767,2.856
2.00,1750,-0.175,6.880,-2.194
2.00,1751,-0.042,-3.971,-2.100
2.00,1752,6.241,-3.745,-2.124
2.00,1753,-0.175,6.880,-2.194
2.00,1754,3.282,1.920,-2.184
2.00,1755,-0.175,6.880,-2.194
2.00,1756,6.241,-3.745,-2.124
2.00,1757,-3.210,2.024,-2.180
2.00,1758,-1.833,-6.941,1.903
2.00,1759,3.282,1.920,-2.184
2.00,1760,3.282,1.920,-2.184
2.00,1761,-3.210,2.024,-2.180
2.00,1762,-0.083,-0.094,7.788
2.00,1763,-0.083,-0.094,7.788
2.00,1764,-0.175,6.880,-2.194
2.00,1765,-0.175,6.880,-2.194
2.00,1766,-6.142,-3.781,-2.179
2.00,1767,-6.142,-3.781,-2.179
2.00,1768,6.241,-3.745,-2.124
2.00,1769,-3.210,2.024,-2.180
2.00,1770,3.282,1.920,-2.184
2.00,1771,-3.210,2.024,-2.180
2.00,1772,3.282,1.920,-2.184
2.00,1773,-0.042,-3.971,-2.100
2.00,1774,-0.083,-0.094,7.788
2.00,1775,6.241,-3.745,-2.124
2.00,1776,-0.175,6.880,-2.194
2.00,1777,6.241,-3.745,-2.124
2.00,1778,-0.042,3.767,2.856
2.00,1779,-0.042,3.767,2.856
2.00,1780,6.241,-3.745,-2.124
2.00,1781,-0.175,6.880,-2.194
2.00,1782,3.125,-1.888,2.783
2.00,1783,3.125,-1.888,2.783
2.00,1784,-0.042,-3.971,-2.100
2.00,1785,-3.210,2.024,-2.180
2.00,1786,3.282,1.920,-2.184
2.00,1787,-3.210,2.024,-2.180
2.00,1788,-0.042,-3.971,-2.100
2.00,1789,-0.042,-3.971,-2.100
2.00,1790,-0.042,3.767,2.856
2.00,1791,-6.142,-3.781,-2.179
2.00,1792,-6.142,-3.781,-2.179
2.00,1793,3.282,1.920,-2.184
2.00,1794,-3.210,2.024,-2.180
2.00,1795,3.282,1.920,-2.184
2.00,1796,-6.957,0.230,1.425
2.00,1797,-3.211,-1.901,2.777
2.00,1798,-0.083,-0.094,7.788
2.00,1799,3.282,1.920,-2.184
2.00,1800,3.282,1.920,-2.184
2.00,1801,-3.210,2.024,-2.180
2.00,1802,3.282,1.920,-2.184
2.00,1803,-6.142,-3.781,-2.179
2.00,1804,-6.142,-3.781,-2.179
2.00,1805,-3.210,2.024,-2.180
2.00,1806,-3.210,2.024,-2.180
2.00,1807,-6.142,-3.781,-2.179
2.00,1808,-0.083,-0.094,7.788
2.00,1809,3.282,1.920,-2.184
2.00,1810,-0.042,-3.971,-2.100
2.00,1811,-6.527,-6.432,0.605
2.00,1812,3.282,1.920,-2.184
2.00,1813,-0.042,-3.971,-2.100
2.00,1814,-0.042,-3.971,-2.100
2.00,1815,-0.083,-0.094,7.788
2.00,1816,-0.083,-0.094,7.788
2.00,1817,-3.210,2.024,-2.180
2.00,1818,-3.210,2.024,-2.180
2.00,1819,-0.175,6.880,-2.194
2.00,1820,-0.083,-0.094,7.788
2.00,1821,6.241,-3.745,-2.124
2.00,1822,-0.175,6.880,-2.194
2.00,1823,-0.175,6.880,-2.194
2.00,1824,-0.042,-3.971,-2.100
2.00,1825,3.282,1.920,-2.184
2.00,1826,-0.042,-3.971,-2.100
2.00,1827,-0.042,3.767,2.856
2.00,1828,-0.042,-3.971,-2.100
2.00,1829,-0.042,3.767,2.856
2.00,1830,6.241,-3.745,-2.124
2.00,1831,3.282,1.920,-2.184
2.00,1832,6.241,-3.745,-2.124
2.00,1833,3.282,1.920,-2.184
2.00,1834,-3.210,2.024,-2.180
2.00,1835,-0.042,-3.971,-2.100
2.00,1836,-3.210,2.024,-2.180
2.00,1837,-3.210,2.024,-2.180
2.00,1838,-0.042,-3.971,-2.100
2.00,1839,-0.042,3.767,2.856
2.00,1840,3.125,-1.888,2.783
2.00,1841,3.125,-1.888,2.783
2.00,1842,-0.175,6.880,-2.194
2.00,1843,-3.210,2.024,-2.180
2.00,1844,-0.042,-3.971,-2.100
2.00,1845,-0.083,-0.094,7.788
2.00,1846,-8.467,7.530,-9.969
2.00,1847,6.241,-3.745,-2.124
2.00,1848,-3.211,-1.901,2.777
2.00,1849,-3.210,2.024,-2.180
2.00,1850,-0.083,-0.094,7.788
2.00,1851,3.282,1.920,-2.184
2.00,1852,-0.042,-3.971,-2.100
2.00,1853,-3.210,2.024,-2.180
2.00,1854,6.241,-3.745,-2.124
2.00,1855,-0.083,-0.094,7.788
2.00,1856,-3.210,2.024,-2.180
2.00,1857,6.241,-3.745,-2.124
2.00,1858,3.282,1.920,-2.184
2.00,1859,-3.210,2.024,-2.180
2.00,1860,-0.175,6.880,-2.194
2.00,1861,6.241,-3.745,-2.124
2.00,1862,6.241,-3.745,-2.124
2.00,1863,3.282,1.920,-2.184
2.00,1864,-0.083,-0.094,7.788
2.00,1865,-0.042,3.767,2.856
2.00,1866,6.241,-3.745,-2.124
2.00,1867,-0.042,3.767,2.856
2.00,1868,-3.210,2.024,-2.180
2.00,1869,-0.083,-0.094,7.788
2.00,1870,6.241,-3.745,-2.124
2.00,1871,-3.211,-1.901,2.777
2.00,1872,-3.210,2.024,-2.180
2.00,1873,3.282,1.920,-2.184
2.00,1874,-0.083,-0.094,7.788
2.00,1875,3.125,-1.888,2.783
2.00,1876,-6.142,-3.781,-2.179
2.00,1877,3.282,1.920,-2.184
2.00,1878,-0.042,-3.971,-2.100
2.00,1879,-3.210,2.024,-2.180
2.00,1880,3.125,-1.888,2.783
2.00,1881,3.125,-1.888,2.783
2.00,1882,-3.210,2.024,-2.180
2.00,1883,-0.083,-0.094,7.788
2.00,1884,-3.210,2.024,-2.180
2.00,1885,6.241,-3.745,-2.124
2.00,1886,-0.175,6.880,-2.194
2.00,1887,-0.042,-3.971,-2.100
2.00,1888,-0.042,-3.971,-2.100
2.00,1889,-3.210,2.024,-2.180
2.00,1890,6.241,-3.745,-2.124
2.00,1891,3.125,-1.888,2.783
2.00,1892,-3.210,2.024,-2.180
2.00,1893,-0.083,-0.094,7.788
2.00,1894,3.282,1.920,-2.184
2.00,1895,6.241,-3.745,-2.124
2.00,1896,-0.042,3.767,2.856
2.00,1897,-0.083,-0.094,7.788
2.00,1898,-3.210,2.024,-2.180
2.00,1899,-0.042,-3.971,-2.100
2.00,1900,6.241,-3.745,-2.124
2.00,1901,-0.042,-3.971,-2.100
2.00,1902,3.282,1.920,-2.184
2.00,1903,3.282,1.920,-2.184
2.00,1904,-0.042,3.767,2.856
2.00,1905,6.241,-3.745,-2.124
2.00,1906,-0.042,3.767,2.856
2.00,1907,-0.083,-0.094,7.788
2.00,1908,-6.142,-3.781,-2.179
2.00,1909,-0.175,6.880,-2.194
2.00,1910,-0.083,-0.094,7.788
2.00,1911,-3.210,2.024,-2.180
2.00,1912,-3.210,2.024,-2.180
2.00,1913,-0.083,-0.094,7.788
2.00,1914,-0.175,6.880,-2.194
2.00,1915,-0.042,3.767,2.856
2.00,1916,-0.042,-3.971,-2.100
2.00,1917,-3.210,2.024,-2.180
2.00,1918,-3.210,2.024,-2.180
2.00,1919,-3.210,2.024,-2.180
2.00,1920,-0.083,-0.094,7.788
2.00,1921,-0.083,-0.094,7.788
2.00,1922,-0.042,3.767,2.856
2.00,1923,-0.175,6.880,-2.194
2.00,1924,3.282,1.920,-2.184
2.00,1925,6.241,-3.745,-2.124
2.00,1926,-0.175,6.880,-2.194
2.00,1927,-0.042,-3.971,-2.100
2.00,1928,3.282,1.920,-2.184
2.00,1929,3.282,1.920,-2.184
2.00,1930,-0.042,-3.971,-2.100
2.00,1931,-0.175,6.880,-2.194
2.00,1932,-6.142,-3.781,-2.179
2.00,1933,-0.083,-0.094,7.788
2.00,1934,-0.042,3.767,2.856
2.00,1935,-0.083,-0.094,7.788
2.00,1936,-0.083,-0.094,7.788
2.00,1937,-3.210,2.024,-2.180
2.00,1938,3.282,1.920,-2.184
2.00,1939,-0.083,-0.094,7.788
2.00,1940,-3.210,2.024,-2.180
2.00,1941,-3.210,2.024,-2.180
2.00,1942,-0.042,-3.971,-2.100
2.00,1943,-0.042,-3.971,-2.100
2.00,1944,6.241,-3.745,-2.124
2.00,1945,3.282,1.920,-2.184
2.00,1946,-0.083,-0.094,7.788
2.00,1947,3.282,1.920,-2.184
2.00,1948,-3.210,2.024,-2.180
2.00,1949,-3.211,-1.901,2.777
2.00,1950,3.125,-1.888,2.783
2.00,1951,-3.210,2.024,-2.180
2.00,1952,-6.142,-3.781,-2.179
2.00,1953,-0.175,6.880,-2.194
2.00,1954,6.241,-3.745,-2.124
2.00,1955,6.241,-3.745,-2.124
2.00,1956,-0.042,-3.971,-2.100
2.00,1957,3.282,1.920,-2.184
2.00,1958,-6.142,-3.781,-2.179
2.00,1959,3.282,1.920,-2.184
2.00,1960,-6.142,-3.781,-2.179
2.00,1961,6.241,-3.745,-2.124
2.00,1962,3.282,1.920,-2.184
2.00,1963,6.241,-3.745,-2.124
2.00,1964,6.241,-3.745,-2.124
2.00,1965,3.282,1.920,-2.184
2.00,1966,-0.042,3.767,2.856
2.00,1967,-0.175,6.880,-2.194
2.00,1968,-0.042,-3.971,-2.100
2.00,1969,3.282,1.920,-2.184
2.00,1970,-3.210,2.024,-2.180
2.00,1971,-0.042,-3.971,-2.100
2.00,1972,-0.042,-3.971,-2.100
2.00,1973,-3.211,-1.901,2.777
2.00,1974,3.282,1.920,-2.184
2.00,1975,-3.210,2.024,-2.180
2.00,1976,-0.042,3.767,2.856
2.00,1977,-3.210,2.024,-2.180
2.00,1978,-0.083,-0.094,7.788
2.00,1979,-6.142,-3.781,-2.179
2.00,1980,-0.175,6.880,-2.194
2.00,1981,3.125,-1.888,2.783
2.00,1982,-0.042,-3.971,-2.100
2.00,1983,-3.210,2.024,-2.180
2.00,1984,-0.175,6.880,-2.194
2.00,1985,3.125,-1.888,2.783
2.00,1986,-6.142,-3.781,-2.179
2.00,1987,5.171,-5.456,-8.826
2.00,1988,-3.210,2.024,-2.180
2.00,1989,-0.042,-3.971,-2.100
2.00,1990,-0.042,3.767,2.856
2.00,1991,-6.142,-3.781,-2.179
2.00,1992,-0.083,-0.094,7.788
2.00,1993,-0.175,6.880,-2.194
2.00,1994,6.241,-3.745,-2.124
2.00,1995,3.282,1.920,-2.184
2.00,1996,-0.042,-3.971,-2.100
2.00,1997,6.241,-3.745,-2.124
2.00,1998,-3.210,2.024,-2.180
2.00,1999,3.125,-1.888,2.783
2.00,2000,-3.210,2.024,-2.180
2.00,2001,-3.211,-1.901,2.777
2.00,2002,-0.042,3.767,2.856
2.00,2003,-0.042,-3.971,-2.100
2.00,2004,3.282,1.920,-2.184
2.00,2005,-3.211,-1.901,2.777
2.00,2006,6.241,-3.745,-2.124
2.00,2007,-0.083,-0.094,7.788
2.00,2008,0.321,-8.787,-4.166
2.00,2009,-3.210,2.024,-2.180
2.00,2010,3.282,1.920,-2.184
2.00,2011,-0.042,3.767,2.856
2.00,2012,3.282,1.920,-2.184
2.00,2013,-0.042,-3.971,-2.100
2.00,2014,-0.042,-3.971,-2.100
2.00,2015,-6.142,-3.781,-2.179
2.00,2016,6.241,-3.745,-2.124
2.00,2017,-0.083,-0.094,7.788
2.00,2018,-0.042,3.767,2.856
2.00,2019,-0.042,-3.971,-2.100
2.00,2020,-3.210,2.024,-2.180
2.00,2021,6.241,-3.745,-2.124
2.00,2022,-3.210,2.024,-2.180
2.00,2023,6.241,-3.745,-2.124
2.00,2024,3.125,-1.888,2.783
2.00,2025,-3.210,2.024,-2.180
2.00,2026,-0.042,-3.971,-2.100
2.00,2027,-3.210,2.024,-2.180
2.00,2028,-3.210,2.024,-2.180
2.00,2029,3.282,1.920,-2.184
2.00,2030,-0.083,-0.094,7.788
2.00,2031,-3.210,2.024,-2.180
2.00,2032,-3.210,2.024,-2.180
2.00,2033,-0.083,-0.094,7.788
2.00,2034,-0.042,-3.971,-2.100
2.00,2035,-0.083,-0.094,7.788
2.00,2036,6.241,-3.745,-2.124
2.00,2037,-6.142,-3.781,-2.179
2.00,2038,-0.083,-0.094,7.788
2.00,2039,6.241,-3.745,-2.124
2.00,2040,-3.210,2.024,-2.180
2.00,2041,-0.083,-0.094,7.788
2.00,2042,6.241,-3.745,-2.124
2.00,2043,-0.141,6.930,-2.197
2.00,2044,-0.083,-0.094,7.788
2.00,2045,3.125,-1.888,2.783
2.00,2046,3.282,1.920,-2.184
2.00,2047,-6.142,-3.781,-2.179
2.00,2048,-0.042,3.767,2.856
2.00,2049,-0.083,-0.094,7.788
2.00,2050,-0.042,3.767,2.856
2.00,2051,6.241,-3.745,-2.124
2.00,2052,-3.210,2.024,-2.180
2.00,2053,-6.142,-3.781,-2.179
2.00,2054,-0.175,6.880,-2.194
2.00,2055,6.241,-3.745,-2.124
2.00,2056,2.543,-9.325,1.159
2.00,2057,-0.042,3.767,2.856
2.00,2058,-0.083,-0.094,7.788
2.00,2059,6.241,-3.745,-2.124
2.00,2060,6.241,-3.745,-2.124
2.00,2061,-3.210,2.024,-2.180
2.00,2062,-3.210,2.024,-2.180
2.00,2063,-3.211,-1.901,2.777
2.00,2064,-0.042,3.767,2.856
2.00,2065,-0.042,3.767,2.856
2.00,2066,6.241,-3.745,-2.124
2.00,2067,-0.042,-3.971,-2.100
2.00,2068,3.282,1.920,-2.184
2.00,2069,-0.083,-0.094,7.788
2.00,2070,3.282,1.920,-2.184
2.00,2071,-0.175,6.880,-2.194
2.00,2072,-0.083,-0.094,7.788
2.00,2073,-3.210,2.024,-2.180
2.00,2074,-0.175,6.880,-2.194
2.00,2075,-6.142,-3.781,-2.179
2.00,2076,-0.083,-0.094,7.788
2.00,2077,-3.211,-1.901,2.777
2.00,2078,-0.042,3.767,2.856
2.00,2079,3.125,-1.888,2.783
2.00,2080,-0.175,6.880,-2.194
2.00,2081,-0.175,6.880,-2.194
2.00,2082,3.282,1.920,-2.184
2.00,2083,-0.042,3.767,2.856
2.00,2084,-3.210,2.024,-2.180
2.00,2085,3.125,-1.888,2.783
2.00,2086,-3.210,2.024,-2.180
2.00,2087,-0.175,6.880,-2.194
2.00,2088,-0.175,6.880,-2.194
2.00,2089,-0.175,6.880,-2.194
2.00,2090,-6.142,-3.781,-2.179
2.00,2091,-3.210,2.024,-2.180
2.00,2092,3.282,1.920,-2.184
2.00,2093,-0.083,-0.094,7.788
2.00,2094,-3.210,2.024,-2.180
2.00,2095,-3.210,2.024,-2.180
2.00,2096,6.241,-3.745,-2.124
2.00,2097,3.125,-1.888,2.783
2.00,2098,-0.042,-3.971,-2.100
2.00,2099,-0.042,-3.971,-2.100
2.00,2100,-6.142,-3.781,-2.179
2.00,2101,3.282,1.920,-2.184
2.00,2102,-6.142,-3.781,-2.179
2.00,2103,-0.042,3.767,2.856
2.00,2104,-3.210,2.024,-2.180
2.00,2105,-3.210,2.024,-2.180
2.00,2106,-0.042,3.767,2.856
2.00,2107,6.241,-3.745,-2.124
2.00,2108,3.282,1.920,-2.184
2.00,2109,-0.083,-0.094,7.788
2.00,2110,3.125,-1.888,2.783
2.00,2111,3.282,1.920,-2.184
2.00,2112,-0.175,6.880,-2.194
2.00,2113,-0.083,-0.094,7.788
2.00,2114,-0.175,6.880,-2.194
2.00,2115,6.241,-3.745,-2.124
2.00,2116,-0.083,-0.094,7.788
2.00,2117,-0.042,-3.971,-2.100
2.00,2118,-0.083,-0.094,7.788
2.00,2119,-3.211,-1.901,2.777
2.00,2120,6.241,-3.745,-2.124
2.00,2121,3.125,-1.888,2.783
2.00,2122,-0.042,-3.971,-2.100
2.00,2123,-6.142,-3.781,-2.179
2.00,2124,-3.210,2.024,-2.180
2.00,2125,-0.175,6.880,-2.194
2.00,2126,6.241,-3.745,-2.124
2.00,2127,-3.210,2.024,-2.180
2.00,2128,-0.083,-0.094,7.788
2.00,2129,-0.175,6.880,-2.194
2.00,2130,-0.175,6.880,-2.194
2.00,2131,3.282,1.920,-2.184
2.00,2132,-0.175,6.880,-2.194
2.00,2133,3.282,1.920,-2.184
2.00,2134,-3.211,2.024,-2.180
2.00,2135,3.282,1.920,-2.184
2.00,2136,-3.210,2.024,-2.180
2.00,2137,6.241,-3.745,-2.124
2.00,2138,6.241,-3.745,-2.124
2.00,2139,-0.175,6.880,-2.194
2.00,2140,3.125,-1.888,2.783
2.00,2141,-3.210,2.024,-2.180
2.00,2142,-0.042,-3.971,-2.100
2.00,2143,-6.142,-3.781,-2.179
2.00,2144,6.241,-3.745,-2.124
2.00,2145,-0.175,6.880,-2.194
2.00,2146,-0.083,-0.094,7.788
2.00,2147,6.241,-3.745,-2.124
2.00,2148,3.282,1.920,-2.184
2.00,2149,3.282,1.920,-2.184
2.00,2150,-0.042,-3.971,-2.100
2.00,2151,-0.042,3.767,2.856
2.00,2152,6.241,-3.745,-2.124
2.00,2153,-0.042,3.767,2.856
2.00,2154,-0.042,-3.971,-2.100
2.00,2155,3.125,-1.888,2.783
2.00,2156,3.282,1.920,-2.184
2.00,2157,-0.042,3.767,2.856
2.00,2158,-3.210,2.024,-2.180
2.00,2159,3.282,1.920,-2.184
2.00,2160,3.282,1.920,-2.184
2.00,2161,-0.042,3.767,2.856
2.00,2162,-6.142,-3.781,-2.179
2.00,2163,-0.042,-3.971,-2.100
2.00,2164,-3.211,-1.901,2.777
2.00,2165,6.241,-3.745,-2.124
2.00,2166,-0.042,-3.971,-2.100
2.00,2167,-3.210,2.024,-2.180
2.00,2168,-3.210,2.024,-2.180
2.00,2169,-0.042,3.767,2.856
2.00,2170,-0.042,3.767,2.856
2.00,2171,-0.175,6.880,-2.194
2.00,2172,-0.042,-3.971,-2.100
2.00,2173,3.125,-1.888,2.783
2.00,2174,-0.042,-3.971,-2.100
2.00,2175,3.282,1.920,-2.184
2.00,2176,3.125,-1.888,2.783
2.00,2177,-3.210,2.024,-2.180
2.00,2178,3.125,-1.888,2.783
2.00,2179,3.282,1.920,-2.184
2.00,2180,3.282,1.920,-2.184
2.00,2181,-3.210,2.024,-2.180
2.00,2182,-0.175,6.880,-2.194
2.00,2183,3.282,1.920,-2.184
2.00,2184,3.282,1.920,-2.184
2.00,2185,3.125,-1.888,2.783
2.00,2186,-0.042,-3.971,-2.100
2.00,2187,-3.211,-1.901,2.777
2.00,2188,-3.210,2.024,-2.180
2.00,2189,-0.175,6.880,-2.194
2.00,2190,6.241,-3.745,-2.124
2.00,2191,-0.083,-0.094,7.788
2.00,2192,-3.210,2.024,-2.180
2.00,2193,9.619,2.290,-1.785
2.00,2194,-0.083,-0.094,7.788
2.00,2195,6.241,-3.745,-2.124
2.00,2196,-0.042,-3.971,-2.100
2.00,2197,-0.042,-3.971,-2.100
2.00,2198,-0.042,-3.971,-2.100
2.00,2199,3.282,1.920,-2.184
2.00,2200,-0.175,6.880,-2.194
2.00,2201,-0.042,3.767,2.856
2.00,2202,-3.210,2.024,-2.180
2.00,2203,-0.175,6.880,-2.194
2.00,2204,3.282,1.920,-2.184
2.00,2205,3.282,1.920,-2.184
2.00,2206,-3.211,-1.901,2.777
2.00,2207,-6.142,-3.781,-2.179
2.00,2208,3.282,1.920,-2.184
2.00,2209,3.125,-1.888,2.783
2.00,2210,-0.042,-3.971,-2.100
2.00,2211,-6.142,-3.781,-2.179
2.00,2212,-3.210,2.024,-2.180
2.00,2213,-3.210,2.024,-2.180
2.00,2214,-0.083,-0.094,7.788
2.00,2215,3.282,1.920,-2.184
2.00,2216,3.282,1.920,-2.184
2.00,2217,-0.175,6.880,-2.194
2.00,2218,6.241,-3.745,-2.124
2.00,2219,-0.042,-3.971,-2.100
2.00,2220,3.125,-1.888,2.783
2.00,2221,-3.210,2.024,-2.180
2.00,2222,-0.042,-3.971,-2.100
2.00,2223,6.241,-3.745,-2.124
2.00,2224,-0.083,-0.094,7.788
2.00,2225,3.282,1.920,-2.184
2.00,2226,-6.142,-3.781,-2.179
2.00,2227,-0.042,-3.971,-2.100
2.00,2228,-6.142,-3.781,-2.179
2.00,2229,3.282,1.920,-2.184
2.00,2230,-0.042,-3.971,-2.100
2.00,2231,-0.083,-0.094,7.788
2.00,2232,-0.042,-3.971,-2.100
2.00,2233,-0.042,-3.971,-2.100
2.00,2234,6.241,-3.745,-2.124
2.00,2235,-0.042,-3.971,-2.100
2.00,2236,-0.042,-3.971,-2.100
2.00,2237,-0.042,3.767,2.856
2.00,2238,-3.210,2.024,-2.180
2.00,2239,3.282,1.920,-2.184
2.00,2240,-0.042,3.767,2.856
2.00,2241,-6.142,-3.781,-2.179
2.00,2242,-3.210,2.024,-2.180
2.00,2243,3.125,-1.888,2.783
2.00,2244,-3.210,2.024,-2.180
2.00,2245,6.241,-3.745,-2.124
2.00,2246,-0.175,6.880,-2.194
2.00,2247,6.241,-3.745,-2.124
2.00,2248,-3.210,2.024,-2.180
2.00,2249,-3.210,2.024,-2.180
2.00,2250,-0.042,-3.971,-2.100
2.00,2251,3.282,1.920,-2.184
2.00,2252,-3.210,2.024,-2.180
2.00,2253,-0.175,6.880,-2.194
2.00,2254,3.282,1.920,-2.184
2.00,2255,6.241,-3.745,-2.124
2.00,2256,-0.083,-0.094,7.788
2.00,2257,-0.083,-0.094,7.788
2.00,2258,3.282,1.920,-2.184
2.00,2259,-0.083,-0.094,7.788
2.00,2260,-0.042,3.767,2.856
2.00,2261,-0.042,3.767,2.856
2.00,2262,-0.175,6.880,-2.194
2.00,2263,-0.175,6.880,-2.194
2.00,2264,-0.175,6.880,-2.194
2.00,2265,-0.042,-3.971,-2.100
2.00,2266,-0.175,6.880,-2.194
2.00,2267,-3.210,2.024,-2.180
2.00,2268,-0.042,3.767,2.856
2.00,2269,-0.083,-0.094,7.788
2.00,2270,3.282,1.920,-2.184
2.00,2271,-0.042,-3.971,-2.100
2.00,2272,-0.042,-3.971,-2.100
2.00,2273,6.241,-3.745,-2.124
2.00,2274,-0.042,-3.971,-2.100
2.00,2275,6.241,-3.745,-2.124
2.00,2276,-3.210,2.024,-2.180
2.00,2277,-0.175,6.880,-2.194
2.00,2278,-3.210,2.024,-2.180
2.00,2279,-0.042,-3.971,-2.100
2.00,2280,3.125,-1.888,2.783
2.00,2281,-0.042,-3.971,-2.100
2.00,2282,-0.042,3.767,2.856
2.00,2283,3.282,1.920,-2.184
2.00,2284,6.241,-3.745,-2.124
2.00,2285,-3.210,2.024,-2.180
2.00,2286,-0.042,-3.971,-2.100
2.00,2287,6.241,-3.745,-2.124
2.00,2288,3.282,1.920,-2.184
2.00,2289,-0.175,6.880,-2.194
2.00,2290,-0.083,-0.094,7.788
2.00,2291,-0.042,-3.971,-2.100
2.00,2292,-0.175,6.880,-2.194
2.00,2293,-0.042,-3.971,-2.100
2.00,2294,6.241,-3.745,-2.124
2.00,2295,-0.042,3.767,2.856
2.00,2296,-3.211,-1.901,2.777
2.00,2297,3.125,-1.888,2.783
2.00,2298,-0.042,-3.971,-2.100
2.00,2299,3.282,1.920,-2.184
2.00,2300,3.125,-1.888,2.783
2.00,2301,-0.175,6.880,-2.194
2.00,2302,-3.210,2.024,-2.180
2.00,2303,-0.083,-0.094,7.788
2.00,2304,3.282,1.920,-2.184
2.00,2305,-0.042,-3.971,-2.100
2.00,2306,-0.175,6.880,-2.194
2.00,2307,-0.083,-0.094,7.788
2.00,2308,-0.042,-3.971,-2.100
2.00,2309,-3.210,2.024,-2.180
2.00,2310,-6.142,-3.781,-2.179
2.00,2311,-0.042,-3.971,-2.100
2.00,2312,-0.042,3.767,2.856
2.00,2313,-0.042,-3.971,-2.100
2.00,2314,3.282,1.920,-2.184
2.00,2315,-0.083,-0.094,7.788
2.00,2316,3.282,1.920,-2.184
2.00,2317,-0.175,6.880,-2.194
2.00,2318,-0.042,-3.971,-2.100
2.00,2319,-0.175,6.880,-2.194
2.00,2320,-3.210,2.024,-2.180
2.00,2321,-0.042,3.767,2.856
2.00,2322,3.282,1.920,-2.184
2.00,2323,-0.083,-0.094,7.788
2.00,2324,-3.210,2.024,-2.180
2.00,2325,-0.042,-3.971,-2.100
2.00,2326,-3.210,2.024,-2.180
2.00,2327,-3.211,-1.901,2.777
2.00,2328,-0.175,6.880,-2.194
2.00,2329,-3.210,2.024,-2.180
2.00,2330,3.282,1.920,-2.184
2.00,2331,-3.211,-1.901,2.777
2.00,2332,6.241,-3.745,-2.124
2.00,2333,-0.042,3.767,2.856
2.00,2334,-0.042,-3.971,-2.100
2.00,2335,-6.142,-3.781,-2.179
2.00,2336,-0.042,3.767,2.856
2.00,2337,-6.142,-3.781,-2.179
2.00,2338,6.241,-3.745,-2.124
2.00,2339,-0.042,-3.971,-2.100
2.00,2340,-3.210,2.024,-2.180
2.00,2341,-0.042,-3.971,-2.100
2.00,2342,3.282,1.920,-2.184
2.00,2343,-0.175,6.880,-2.194
2.00,2344,-0.175,6.880,-2.194
2.00,2345,3.125,-1.888,2.783
2.00,2346,-3.210,2.024,-2.180
2.00,2347,-0.042,-3.971,-2.100
2.00,2348,-0.175,6.880,-2.194
2.00,2349,-3.210,2.024,-2.180
2.00,2350,3.282,1.920,-2.184
2.00,2351,-0.083,-0.094,7.788
2.00,2352,-0.175,6.880,-2.194
2.00,2353,-0.175,6.880,-2.194
2.00,2354,9.642,2.210,-8.418
2.00,2355,-0.083,-0.094,7.788
2.00,2356,3.282,1.920,-2.184
2.00,2357,-6.142,-3.781,-2.179
2.00,2358,-0.042,3.767,2.856
2.00,2359,6.241,-3.745,-2.124
2.00,2360,6.241,-3.745,-2.124
2.00,2361,-0.042,-3.971,-2.100
2.00,2362,6.241,-3.745,-2.124
2.00,2363,-0.042,3.767,2.856
2.00,2364,-0.175,6.880,-2.194
2.00,2365,-6.142,-3.781,-2.179
2.00,2366,6.241,-3.745,-2.124
2.00,2367,-0.042,3.767,2.856
2.00,2368,-0.042,-3.971,-2.100
2.00,2369,3.125,-1.888,2.783
2.00,2370,-0.083,-0.094,7.788
2.00,2371,-0.042,-3.971,-2.100
2.00,2372,6.241,-3.745,-2.124
2.00,2373,-3.210,2.024,-2.180
2.00,2374,6.241,-3.745,-2.124
2.00,2375,6.241,-3.745,-2.124
2.00,2376,6.241,-3.745,-2.124
2.00,2377,-0.175,6.880,-2.194
2.00,2378,-0.083,-0.094,7.788
2.00,2379,3.282,1.920,-2.184
2.00,2380,-6.142,-3.781,-2.179
2.00,2381,-0.083,-0.094,7.788
2.00,2382,-3.210,2.024,-2.180
2.00,2383,-0.042,-3.971,-2.100
2.00,2384,-3.210,2.024,-2.180
2.00,2385,-6.142,-3.781,-2.179
2.00,2386,-0.042,-3.971,-2.100
2.00,2387,3.125,-1.888,2.783
2.00,2388,-0.175,6.880,-2.194
2.00,2389,-3.210,2.024,-2.180
2.00,2390,6.241,-3.745,-2.124
2.00,2391,-0.083,-0.094,7.788
2.00,2392,-0.042,3.767,2.856
2.00,2393,-0.042,-3.971,-2.100
2.00,2394,-0.042,3.767,2.856
2.00,2395,3.282,1.920,-2.184
2.00,2396,-3.210,2.024,-2.180
2.00,2397,-0.042,-3.971,-2.100
2.00,2398,-3.210,2.024,-2.180
2.00,2399,3.282,1.920,-2.184
2.00,2400,3.125,-1.888,2.783
2.00,2401,-0.083,-0.094,7.788
2.00,2402,-3.210,2.024,-2.180
2.00,2403,6.241,-3.745,-2.124
2.00,2404,3.282,1.920,-2.184
2.00,2405,-0.042,-3.971,-2.100
2.00,2406,-3.210,2.024,-2.180
2.00,2407,6.241,-3.745,-2.124
2.00,2408,3.125,-1.888,2.783
2.00,2409,3.125,-1.888,2.783
2.00,2410,-0.042,-3.971,-2.100
2.00,2411,6.241,-3.745,-2.124
2.00,2412,-3.210,2.024,-2.180
2.00,2413,-6.142,-3.781,-2.179
2.00,2414,-3.210,2.024,-2.180
2.00,2415,-3.210,2.024,-2.180
2.00,2416,-0.042,3.767,2.856
2.00,2417,-6.296,-6.395,2.709
2.00,2418,-0.042,-3.971,-2.100
2.00,2419,-3.210,2.024,-2.180
2.00,2420,-3.210,2.024,-2.180
2.00,2421,-0.175,6.880,-2.194
2.00,2422,-0.175,6.880,-2.194
2.00,2423,-0.042,3.767,2.856
2.00,2424,3.282,1.920,-2.184
2.00,2425,-3.210,2.024,-2.180
2.00,2426,-0.083,-0.094,7.788
2.00,2427,-0.042,3.767,2.856
2.00,2428,-0.083,-0.094,7.788
2.00,2429,6.241,-3.745,-2.124
2.00,2430,3.282,1.920,-2.184
2.00,2431,6.241,-3.745,-2.124
2.00,2432,-3.210,2.024,-2.180
2.00,2433,-3.210,2.024,-2.180
2.00,2434,3.282,1.920,-2.184
2.00,2435,-0.042,-3.971,-2.100
2.00,2436,6.241,-3.745,-2.124
2.00,2437,6.241,-3.745,-2.124
2.00,2438,-3.210,2.024,-2.180
2.00,2439,-0.175,6.880,-2.194
2.00,2440,-3.210,2.024,-2.180
2.00,2441,-3.210,2.024,-2.180
2.00,2442,-0.083,-0.094,7.788
2.00,2443,3.282,1.920,-2.184
2.00,2444,-0.042,3.767,2.856
2.00,2445,-0.042,3.767,2.856
2.00,2446,3.282,1.920,-2.184
2.00,2447,-3.210,2.024,-2.180
2.00,2448,-0.042,3.767,2.856
2.00,2449,-0.083,-0.094,7.788
2.00,2450,-0.083,-0.094,7.788
2.00,2451,-6.142,-3.781,-2.179
2.00,2452,6.241,-3.745,-2.124
2.00,2453,-0.083,-0.094,7.788
2.00,2454,-0.175,6.880,-2.194
2.00,2455,-0.042,3.767,2.856
2.00,2456,-0.042,3.767,2.856
2.00,2457,-0.175,6.880,-2.194
2.00,2458,3.125,-1.888,2.783
2.00,2459,6.241,-3.745,-2.124
2.00,2460,-0.083,-0.094,7.788
2.00,2461,-5.346,4.887,1.887
2.00,2462,3.125,-1.888,2.783
2.00,2463,6.241,-3.745,-2.124
2.00,2464,-0.175,6.880,-2.194
2.00,2465,-0.042,-3.971,-2.100
2.00,2466,-0.175,6.880,-2.194
2.00,2467,6.241,-3.745,-2.124
2.00,2468,3.125,-1.888,2.783
2.00,2469,-0.042,3.767,2.856
2.00,2470,-9.602,-5.715,9.727
2.00,2471,-6.142,-3.781,-2.179
2.00,2472,-6.142,-3.781,-2.179
2.00,2473,-0.175,6.880,-2.194
2.00,2474,-3.210,2.024,-2.180
2.00,2475,-0.175,6.880,-2.194
2.00,2476,6.241,-3.745,-2.124
2.00,2477,6.241,-3.745,-2.124
2.00,2478,-3.210,2.024,-2.180
2.00,2479,6.241,-3.745,-2.124
2.00,2480,-3.211,-1.901,2.777
2.00,2481,-0.175,6.880,-2.194
2.00,2482,-0.042,3.767,2.856
2.00,2483,-3.210,2.024,-2.180
2.00,2484,-6.142,-3.781,-2.179
2.00,2485,-0.042,3.767,2.856
2.00,2486,3.282,1.920,-2.184
2.00,2487,-0.042,-3.971,-2.100
2.00,2488,-0.042,-3.971,-2.100
2.00,2489,-3.210,2.024,-2.180
2.00,2490,6.241,-3.745,-2.124
2.00,2491,-0.042,-3.971,-2.100
2.00,2492,-0.175,6.880,-2.194
2.00,2493,-3.210,2.024,-2.180
2.00,2494,-0.083,-0.094,7.788
2.00,2495,-3.210,2.024,-2.180
2.00,2496,3.282,1.920,-2.184
2.00,2497,-3.210,2.024,-2.180
2.00,2498,3.125,-1.888,2.783
2.00,2499,-6.142,-3.781,-2.179
2.00,2500,3.282,1.920,-2.184
2.00,2501,3.282,1.920,-2.184
2.00,2502,-3.210,2.024,-2.180
2.00,2503,3.125,-1.888,2.783
2.00,2504,6.241,-3.745,-2.124
2.00,2505,-6.185,0.528,4.901
2.00,2506,-0.042,-3.971,-2.100
2.00,2507,-3.210,2.024,-2.180
2.00,2508,-3.210,2.024,-2.180
2.00,2509,6.241,-3.745,-2.124
2.00,2510,-3.210,2.024,-2.180
2.00,2511,3.282,1.920,-2.184
2.00,2512,3.125,-1.888,2.783
2.00,2513,-3.210,2.024,-2.180
2.00,2514,-0.175,6.880,-2.194
2.00,2515,3.282,1.920,-2.184
2.00,2516,-0.175,6.880,-2.194
2.00,2517,6.241,-3.745,-2.124
2.00,2518,3.282,1.920,-2.184
2.00,2519,-0.175,6.880,-2.194
2.00,2520,-3.210,2.024,-2.180
2.00,2521,-0.042,-3.971,-2.100
2.00,2522,3.282,1.920,-2.184
2.00,2523,-3.210,2.024,-2.180
2.00,2524,-0.042,3.767,2.856
2.00,2525,-0.042,-3.971,-2.100
2.00,2526,-3.210,2.024,-2.180
2.00,2527,6.241,-3.745,-2.124
2.00,2528,3.282,1.920,-2.184
2.00,2529,3.125,-1.888,2.783
2.00,2530,-3.210,2.024,-2.180
2.00,2531,-0.042,-3.971,-2.100
2.00,2532,-0.083,-0.094,7.788
2.00,2533,-3.210,2.024,-2.180
2.00,2534,3.125,-1.888,2.783
2.00,2535,-0.083,-0.094,7.788
2.00,2536,-3.210,2.024,-2.180
2.00,2537,3.125,-1.888,2.783
2.00,2538,-0.042,3.767,2.856
2.00,2539,6.241,-3.745,-2.124
2.00,2540,-0.175,6.880,-2.194
2.00,2541,-3.210,2.024,-2.180
2.00,2542,-0.175,6.880,-2.194
2.00,2543,-0.175,6.880,-2.194
2.00,2544,-3.210,2.024,-2.180
2.00,2545,-3.210,2.024,-2.180
2.00,2546,3.282,1.920,-2.184
2.00,2547,6.241,-3.745,-2.124
2.00,2548,-0.083,-0.094,7.788
2.00,2549,3.282,1.920,-2.184
2.00,2550,-3.210,2.024,-2.180
2.00,2551,-6.142,-3.781,-2.179
2.00,2552,-0.083,-0.094,7.788
2.00,2553,-6.142,-3.781,-2.179
2.00,2554,-6.142,-3.781,-2.179
2.00,2555,-6.142,-3.781,-2.179
2.00,2556,-3.210,2.024,-2.180
2.00,2557,-0.083,-0.094,7.788
2.00,2558,6.241,-3.745,-2.124
2.00,2559,-0.042,-3.971,-2.100
2.00,2560,3.282,1.920,-2.184
2.00,2561,3.282,1.920,-2.184
2.00,2562,-6.142,-3.781,-2.179
2.00,2563,3.125,-1.888,2.783
2.00,2564,-0.175,6.880,-2.194
2.00,2565,-6.142,-3.781,-2.179
2.00,2566,-0.175,6.880,-2.194
2.00,2567,-0.042,3.767,2.856
2.00,2568,-0.083,-0.094,7.788
2.00,2569,6.241,-3.745,-2.124
2.00,2570,-0.042,3.767,2.856
2.00,2571,-0.083,-0.094,7.788
2.00,2572,-0.175,6.880,-2.194
2.00,2573,-3.210,2.024,-2.180
2.00,2574,-0.083,-0.094,7.788
2.00,2575,3.282,1.920,-2.184
2.00,2576,3.282,1.920,-2.184
2.00,2577,-3.210,2.024,-2.180
2.00,2578,6.241,-3.745,-2.124
2.00,2579,-0.175,6.880,-2.194
2.00,2580,-3.210,2.024,-2.180
2.00,2581,-0.175,6.880,-2.194
2.00,2582,3.125,-1.888,2.783
2.00,2583,-3.210,2.024,-2.180
2.00,2584,-0.042,3.767,2.856
2.00,2585,-0.083,-0.094,7.788
2.00,2586,6.241,-3.745,-2.124
2.00,2587,6.241,-3.745,-2.124
2.00,2588,-3.210,2.024,-2.180
2.00,2589,3.125,-1.888,2.783
2.00,2590,-0.042,3.767,2.856
2.00,2591,6.241,-3.745,-2.124
2.00,2592,-6.142,-3.781,-2.179
2.00,2593,6.241,-3.745,-2.124
2.00,2594,-0.083,-0.094,7.788
2.00,2595,-3.210,2.024,-2.180
2.00,2596,6.241,-3.745,-2.124
2.00,2597,-3.210,2.024,-2.180
2.00,2598,-0.083,-0.094,7.788
2.00,2599,-3.210,2.024,-2.180
2.00,2600,-0.042,-3.971,-2.100
2.00,2601,6.241,-3.745,-2.124
2.00,2602,-0.083,-0.094,7.788
2.00,2603,6.241,-3.745,-2.124
2.00,2604,3.282,1.920,-2.184
2.00,2605,-0.083,-0.094,7.788
2.00,2606,-0.083,-0.094,7.788
2.00,2607,6.241,-3.745,-2.124
2.00,2608,-0.042,-3.971,-2.100
2.00,2609,6.241,-3.745,-2.124
2.00,2610,3.282,1.920,-2.184
2.00,2611,-0.042,-3.971,-2.100
2.00,2612,-0.042,-3.971,-2.100
2.00,2613,-6.142,-3.781,-2.179
2.00,2614,3.125,-1.888,2.783
2.00,2615,-6.142,-3.781,-2.179
2.00,2616,-0.083,-0.094,7.788
2.00,2617,-0.175,6.880,-2.194
2.00,2618,-0.175,6.880,-2.194
2.00,2619,6.241,-3.745,-2.124
2.00,2620,-3.210,2.024,-2.180
2.00,2621,-0.175,6.880,-2.194
2.00,2622,-0.042,-3.971,-2.100
2.00,2623,-0.042,3.767,2.856
2.00,2624,6.241,-3.745,-2.124
2.00,2625,-0.042,3.767,2.856
2.00,2626,-3.211,-1.901,2.777
2.00,2627,-0.042,3.767,2.856
2.00,2628,3.125,-1.888,2.783
2.00,2629,3.282,1.920,-2.184
2.00,2630,3.125,-1.888,2.783
2.00,2631,3.282,1.920,-2.184
2.00,2632,3.282,1.920,-2.184
2.00,2633,3.282,1.920,-2.184
2.00,2634,3.125,-1.888,2.783
2.00,2635,-6.142,-3.781,-2.179
2.00,2636,-0.042,-3.971,-2.100
2.00,2637,-0.042,-3.971,-2.100
2.00,2638,-3.210,2.024,-2.180
2.00,2639,3.282,1.920,-2.184
2.00,2640,3.125,-1.888,2.783
2.00,2641,3.125,-1.888,2.783
2.00,2642,-0.083,-0.094,7.788
2.00,2643,-0.042,3.767,2.856
2.00,2644,-0.083,-0.094,7.788
2.00,2645,3.282,1.920,-2.184
2.00,2646,3.125,-1.888,2.783
2.00,2647,-0.042,3.767,2.856
2.00,2648,-0.175,6.880,-2.194
2.00,2649,-6.142,-3.781,-2.179
2.00,2650,6.241,-3.745,-2.124
2.00,2651,3.282,1.920,-2.184
2.00,2652,-0.175,6.880,-2.194
2.00,2653,-0.083,-0.094,7.788
2.00,2654,-3.210,2.024,-2.180
2.00,2655,-3.211,-1.901,2.777
2.00,2656,3.282,1.920,-2.184
2.00,2657,3.282,1.920,-2.184
2.00,2658,6.241,-3.745,-2.124
2.00,2659,-0.175,6.880,-2.194
2.00,2660,3.282,1.920,-2.184
2.00,2661,-6.142,-3.781,-2.179
2.00,2662,-6.142,-3.781,-2.179
2.00,2663,-0.083,-0.094,7.788
2.00,2664,-0.042,-3.971,-2.100
2.00,2665,-0.175,6.880,-2.194
2.00,2666,6.241,-3.745,-2.124
2.00,2667,-0.175,6.880,-2.194
2.00,2668,6.241,-3.745,-2.124
2.00,2669,-3.211,-1.901,2.777
2.00,2670,3.282,1.920,-2.184
2.00,2671,6.241,-3.745,-2.124
2.00,2672,-3.210,2.024,-2.180
2.00,2673,-0.175,6.880,-2.194
2.00,2674,-3.210,2.024,-2.180
2.00,2675,6.241,-3.745,-2.124
2.00,2676,-3.210,2.024,-2.180
2.00,2677,3.125,-1.888,2.783
2.00,2678,-0.083,-0.094,7.788
2.00,2679,-0.042,-3.971,-2.100
2.00,2680,-3.210,2.024,-2.180
2.00,2681,3.282,1.920,-2.184
2.00,2682,-0.042,-3.971,-2.100
2.00,2683,-3.210,2.024,-2.180
2.00,2684,-0.042,-3.971,-2.100
2.00,2685,-0.175,6.880,-2.194
2.00,2686,3.282,1.920,-2.184
2.00,2687,6.241,-3.745,-2.124
2.00,2688,-3.210,2.024,-2.180
2.00,2689,3.282,1.920,-2.184
2.00,2690,-3.210,2.024,-2.180
2.00,2691,-0.042,3.767,2.856
2.00,2692,6.241,-3.745,-2.124
2.00,2693,-0.042,3.767,2.856
2.00,2694,-3.210,2.024,-2.180
2.00,2695,-6.142,-3.781,-2.179
2.00,2696,6.241,-3.745,-2.124
2.00,2697,-0.083,-0.094,7.788
2.00,2698,3.125,-1.888,2.783
2.00,2699,-3.210,2.024,-2.180
2.00,2700,-3.211,2.025,-2.180
2.00,2701,-3.210,2.024,-2.180
2.00,2702,3.282,1.920,-2.184
2.00,2703,-0.175,6.880,-2.194
2.00,2704,-0.175,6.880,-2.194
2.00,2705,-3.210,2.024,-2.180
2.00,2706,-0.175,6.880,-2.194
2.00,2707,3.282,1.920,-2.184
2.00,2708,-0.083,-0.094,7.788
2.00,2709,-3.210,2.024,-2.180
2.00,2710,-0.042,-3.971,-2.100
2.00,2711,6.241,-3.745,-2.124
2.00,2712,-6.142,-3.781,-2.179
2.00,2713,6.241,-3.745,-2.124
2.00,2714,-0.083,-0.094,7.788
2.00,2715,3.282,1.920,-2.184
2.00,2716,-0.083,-0.094,7.788
2.00,2717,3.282,1.920,-2.184
2.00,2718,-3.210,2.024,-2.180
2.00,2719,3.282,1.920,-2.184
2.00,2720,-3.210,2.024,-2.180
2.00,2721,-0.175,6.880,-2.194
2.00,2722,-0.042,3.767,2.856
2.00,2723,-0.083,-0.094,7.788
2.00,2724,-0.042,-3.971,-2.100
2.00,2725,-0.042,-3.971,-2.100
2.00,2726,-0.083,-0.094,7.788
2.00,2727,-6.142,-3.781,-2.179
2.00,2728,-3.211,-1.901,2.777
2.00,2729,-0.042,-3.971,-2.100
2.00,2730,6.241,-3.745,-2.124
2.00,2731,6.241,-3.745,-2.124
2.00,2732,3.125,-1.888,2.783
2.00,2733,6.241,-3.745,-2.124
2.00,2734,-0.083,-0.094,7.788
2.00,2735,-0.175,6.880,-2.194
2.00,2736,-0.083,-0.094,7.788
2.00,2737,3.125,-1.888,2.783
2.00,2738,3.282,1.920,-2.184
2.00,2739,6.241,-3.745,-2.124
2.00,2740,-3.210,2.024,-2.180
2.00,2741,-3.210,2.024,-2.180
2.00,2742,-0.042,-3.971,-2.100
2.00,2743,-0.042,3.767,2.856
2.00,2744,6.241,-3.745,-2.124
2.00,2745,3.282,1.920,-2.184
2.00,2746,-0.042,-3.971,-2.100
2.00,2747,3.282,1.920,-2.184
2.00,2748,-3.210,2.024,-2.180
2.00,2749,-3.210,2.024,-2.180
2.00,2750,-0.083,-0.094,7.788
2.00,2751,-0.042,3.767,2.856
2.00,2752,-3.210,2.024,-2.180
2.00,2753,-0.042,-3.971,-2.100
2.00,2754,6.241,-3.745,-2.124
2.00,2755,-6.142,-3.781,-2.179
2.00,2756,-0.042,-3.971,-2.100
2.00,2757,-6.142,-3.781,-2.179
2.00,2758,-3.210,2.024,-2.180
2.00,2759,-3.210,2.024,-2.180
2.00,2760,-0.042,-3.971,-2.100
2.00,2761,-0.083,-0.094,7.788
2.00,2762,-0.083,-0.094,7.788
2.00,2763,-3.210,2.024,-2.180
2.00,2764,5.357,-0.480,8.048
2.00,2765,6.241,-3.745,-2.124
2.00,2766,-0.175,6.880,-2.194
2.00,2767,-0.042,-3.971,-2.100
2.00,2768,6.241,-3.745,-2.124
2.00,2769,-3.210,2.024,-2.180
2.00,2770,-6.142,-3.781,-2.179
2.00,2771,-0.175,6.880,-2.194
2.00,2772,-0.042,3.767,2.856
2.00,2773,-3.210,2.024,-2.180
2.00,2774,-0.042,3.767,2.856
2.00,2775,-3.210,2.024,-2.180
2.00,2776,3.282,1.920,-2.184
2.00,2777,-0.175,6.880,-2.194
2.00,2778,-0.175,6.880,-2.194
2.00,2779,-0.042,-3.971,-2.100
2.00,2780,-0.083,-0.094,7.788
2.00,2781,-0.042,3.767,2.856
2.00,2782,3.282,1.920,-2.184
2.00,2783,-0.042,3.767,2.856
2.00,2784,-3.210,2.024,-2.180
2.00,2785,-0.042,3.767,2.856
2.00,2786,-6.142,-3.781,-2.179
2.00,2787,6.241,-3.745,-2.124
2.00,2788,-10.350,2.255,-4.300
2.00,2789,-0.042,-3.971,-2.100
2.00,2790,3.282,1.920,-2.184
2.00,2791,3.282,1.920,-2.184
2.00,2792,-0.175,6.880,-2.194
2.00,2793,-0.042,-3.971,-2.100
2.00,2794,-0.175,6.880,-2.194
2.00,2795,-0.175,6.880,-2.194
2.00,2796,-3.211,-1.901,2.777
2.00,2797,-3.210,2.024,-2.180
2.00,2798,-0.083,-0.094,7.788
2.00,2799,3.282,1.920,-2.184
2.00,2800,3.282,1.920,-2.184
2.00,2801,6.240,-3.745,-2.124
2.00,2802,-0.083,-0.094,7.788
2.00,2803,-6.142,-3.781,-2.179
2.00,2804,-3.210,2.024,-2.180
2.00,2805,3.125,-1.888,2.783
2.00,2806,-3.545,9.187,-5.258
2.00,2807,-3.211,-1.901,2.777
2.00,2808,-0.042,-3.971,-2.100
2.00,2809,-0.042,3.767,2.856
2.00,2810,-0.042,-3.971,-2.100
2.00,2811,-0.042,-3.971,-2.100
2.00,2812,-3.210,2.024,-2.180
2.00,2813,-0.175,6.880,-2.194
2.00,2814,-6.142,-3.781,-2.179
2.00,2815,-0.083,-0.094,7.788
2.00,2816,6.241,-3.745,-2.124
2.00,2817,-0.042,-3.971,-2.100
2.00,2818,-6.142,-3.781,-2.179
2.00,2819,3.125,-1.888,2.783
2.00,2820,-6.142,-3.781,-2.179
2.00,2821,-0.042,-3.971,-2.100
2.00,2822,6.241,-3.745,-2.124
2.00,2823,-0.042,-3.971,-2.100
2.00,2824,-0.175,6.880,-2.194
2.00,2825,-3.210,2.024,-2.180
2.00,2826,-0.042,-3.971,-2.100
2.00,2827,-0.042,-3.971,-2.100
2.00,2828,6.241,-3.745,-2.124
2.00,2829,3.125,-1.888,2.783
2.00,2830,6.241,-3.745,-2.124
2.00,2831,-0.042,-3.971,-2.100
2.00,2832,-0.083,-0.094,7.788
2.00,2833,3.282,1.920,-2.184
2.00,2834,-0.042,3.767,2.856
2.00,2835,-0.083,-0.094,7.788
2.00,2836,-0.042,-3.971,-2.100
2.00,2837,-0.042,-3.971,-2.100
2.00,2838,-0.042,3.767,2.856
2.00,2839,-6.142,-3.781,-2.179
2.00,2840,-0.175,6.880,-2.194
2.00,2841,3.125,-1.888,2.783
2.00,2842,-0.042,-3.971,-2.100
2.00,2843,-0.042,3.767,2.856
2.00,2844,-3.210,2.024,-2.180
2.00,2845,6.241,-3.745,-2.124
2.00,2846,-0.175,6.880,-2.194
2.00,2847,-3.210,2.024,-2.180
2.00,2848,-3.210,2.024,-2.180
2.00,2849,-3.210,2.024,-2.180
2.00,2850,-0.042,-3.971,-2.100
2.00,2851,-0.042,-3.971,-2.100
2.00,2852,3.282,1.920,-2.184
2.00,2853,-0.083,-0.094,7.788
2.00,2854,6.241,-3.745,-2.124
2.00,2855,-0.175,6.880,-2.194
2.00,2856,-3.210,2.024,-2.180
2.00,2857,6.241,-3.745,-2.124
2.00,2858,-0.175,6.880,-2.194
2.00,2859,-0.175,6.880,-2.194
2.00,2860,-0.042,3.767,2.856
2.00,2861,-0.042,3.767,2.856
2.00,2862,-0.042,3.767,2.856
2.00,2863,3.282,1.920,-2.184
2.00,2864,-3.210,2.024,-2.180
2.00,2865,-3.210,2.024,-2.180
2.00,2866,-0.083,-0.094,7.788
2.00,2867,3.125,-1.888,2.783
2.00,2868,3.125,-1.888,2.783
2.00,2869,3.282,1.920,-2.184
2.00,2870,-0.175,6.880,-2.194
2.00,2871,6.241,-3.745,-2.124
2.00,2872,6.241,-3.745,-2.124
2.00,2873,3.125,-1.888,2.783
2.00,2874,-0.042,-3.971,-2.100
2.00,2875,3.125,-1.888,2.783
2.00,2876,-0.042,3.767,2.856
2.00,2877,-3.210,2.024,-2.180
2.00,2878,-3.210,2.024,-2.180
2.00,2879,-6.142,-3.781,-2.179
2.00,2880,-0.042,3.767,2.856
2.00,2881,-6.142,-3.781,-2.179
2.00,2882,-0.042,-3.971,-2.100
2.00,2883,-0.042,3.767,2.856
2.00,2884,-0.042,3.767,2.856
2.00,2885,3.125,-1.888,2.783
2.00,2886,-0.175,6.880,-2.194
2.00,2887,3.125,-1.888,2.783
2.00,2888,-0.175,6.880,-2.194
2.00,2889,-0.083,-0.094,7.788
2.00,2890,-6.142,-3.781,-2.179
2.00,2891,3.282,1.920,-2.184
2.00,2892,-0.042,-3.971,-2.100
2.00,2893,-0.175,6.880,-2.194
2.00,2894,-0.175,6.880,-2.194
2.00,2895,-0.083,-0.094,7.788
2.00,2896,-0.042,3.767,2.856
2.00,2897,-0.042,-3.971,-2.100
2.00,2898,-6.142,-3.781,-2.179
2.00,2899,-6.142,-3.781,-2.179
2.00,2900,3.282,1.920,-2.184
2.00,2901,-0.042,-3.971,-2.100
2.00,2902,3.282,1.920,-2.184
2.00,2903,6.241,-3.745,-2.124
2.00,2904,-0.083,-0.094,7.788
2.00,2905,3.282,1.920,-2.184
2.00,2906,-0.175,6.880,-2.194
2.00,2907,-0.083,-0.094,7.788
2.00,2908,-0.042,-3.971,-2.100
2.00,2909,-6.142,-3.781,-2.179
2.00,2910,3.125,-1.888,2.783
2.00,2911,-0.042,3.767,2.856
2.00,2912,-0.083,-0.094,7.788
2.00,2913,-0.042,3.767,2.856
2.00,2914,-3.210,2.024,-2.180
2.00,2915,6.241,-3.745,-2.124
2.00,2916,6.241,-3.745,-2.124
2.00,2917,-3.210,2.024,-2.180
2.00,2918,-0.083,-0.094,7.788
2.00,2919,3.282,1.920,-2.184
2.00,2920,-3.210,2.024,-2.180
2.00,2921,-0.083,-0.094,7.788
2.00,2922,-0.175,6.880,-2.194
2.00,2923,-0.042,3.767,2.856
2.00,2924,6.241,-3.745,-2.124
2.00,2925,-3.210,2.024,-2.180
2.00,2926,-0.083,-0.094,7.788
2.00,2927,-3.210,2.024,-2.180
2.00,2928,-0.083,-0.094,7.788
2.00,2929,-0.042,-3.971,-2.100
2.00,2930,-3.210,2.024,-2.180
2.00,2931,6.241,-3.745,-2.124
2.00,2932,-0.042,3.767,2.856
2.00,2933,-0.083,-0.094,7.788
2.00,2934,-0.042,-3.971,-2.100
2.00,2935,-0.175,6.880,-2.194
2.00,2936,-3.210,2.024,-2.180
2.00,2937,-0.175,6.880,-2.194
2.00,2938,-0.042,-3.971,-2.100
2.00,2939,-0.042,3.767,2.856
2.00,2940,3.282,1.920,-2.184
2.00,2941,-0.175,6.880,-2.194
2.00,2942,-0.083,-0.094,7.788
2.00,2943,6.241,-3.745,-2.124
2.00,2944,-0.042,3.767,2.856
2.00,2945,-6.142,-3.781,-2.179
2.00,2946,3.282,1.920,-2.184
2.00,2947,-0.042,-3.971,-2.100
2.00,2948,-0.042,3.767,2.856
2.00,2949,3.282,1.920,-2.184
2.00,2950,6.241,-3.745,-2.124
2.00,2951,-3.210,2.024,-2.180
2.00,2952,-3.210,2.024,-2.180
2.00,2953,3.282,1.920,-2.184
2.00,2954,-6.142,-3.781,-2.179
2.00,2955,-0.042,-3.971,-2.100
2.00,2956,-0.042,3.767,2.856
2.00,2957,-6.142,-3.781,-2.179
2.00,2958,-0.042,3.767,2.856
2.00,2959,6.241,-3.745,-2.124
2.00,2960,6.241,-3.745,-2.124
2.00,2961,3.282,1.920,-2.184
2.00,2962,6.241,-3.745,-2.124
2.00,2963,-0.175,6.880,-2.194
2.00,2964,-0.083,-0.094,7.788
2.00,2965,-3.210,2.024,-2.180
2.00,2966,6.241,-3.745,-2.124
2.00,2967,3.282,1.920,-2.184
2.00,2968,-3.210,2.024,-2.180
2.00,2969,-0.175,6.880,-2.194
2.00,2970,-0.083,-0.094,7.788
2.00,2971,3.282,1.920,-2.184
2.00,2972,-6.142,-3.781,-2.179
2.00,2973,3.125,-1.888,2.783
2.00,2974,-0.042,3.767,2.856
2.00,2975,6.241,-3.745,-2.124
2.00,2976,3.282,1.920,-2.184
2.00,2977,-0.042,3.767,2.856
2.00,2978,-3.210,2.024,-2.180
2.00,2979,-0.042,-3.971,-2.100
2.00,2980,3.282,1.920,-2.184
2.00,2981,6.241,-3.745,-2.124
2.00,2982,-0.175,6.880,-2.194
2.00,2983,-0.083,-0.094,7.788
2.00,2984,-0.175,6.880,-2.194
2.00,2985,-0.083,-0.094,7.788
2.00,2986,-0.175,6.880,-2.194
2.00,2987,-3.210,2.024,-2.180
2.00,2988,-3.211,-1.901,2.777
2.00,2989,-6.142,-3.781,-2.179
2.00,2990,3.282,1.920,-2.184
2.00,2991,3.282,1.920,-2.184
2.00,2992,-6.142,-3.781,-2.179
2.00,2993,-3.210,2.024,-2.180
2.00,2994,-0.175,6.880,-2.194
2.00,2995,6.241,-3.745,-2.124
2.00,2996,3.125,-1.888,2.783
2.00,2997,-3.210,2.024,-2.180
2.00,2998,6.241,-3.745,-2.124
2.00,2999,6.241,-3.745,-2.124
4.00,0,3.125,-1.888,2.783
4.00,1,-6.142,-3.781,-2.179
4.00,2,6.241,-3.745,-2.124
4.00,3,-3.210,2.024,-2.180
4.00,4,-3.210,2.024,-2.180
4.00,5,-0.042,-3.971,-2.100
4.00,6,-3.210,2.024,-2.180
4.00,7,3.282,1.920,-2.184
4.00,8,-0.175,6.880,-2.194
4.00,9,-0.083,-0.094,7.788
4.00,10,-0.175,6.880,-2.194
4.00,11,-6.142,-3.781,-2.179
4.00,12,-0.042,-3.971,-2.100
4.00,13,-0.042,-3.971,-2.100
4.00,14,3.125,-1.888,2.783
4.00,15,-3.210,2.024,-2.180
4.00,16,3.282,1.920,-2.184
4.00,17,-3.210,2.024,-2.180
4.00,18,3.282,1.920,-2.184
4.00,19,-3.210,2.024,-2.180
4.00,20,-0.175,6.880,-2.194
4.00,21,3.125,-1.888,2.783
4.00,22,-0.175,6.880,-2.194
4.00,23,3.125,-1.888,2.783
4.00,24,-0.083,-0.094,7.788
4.00,25,3.282,1.920,-2.184
4.00,26,-3.210,2.024,-2.180
4.00,27,-0.042,-3.971,-2.100
4.00,28,3.282,1.920,-2.184
4.00,29,-0.083,-0.094,7.788
4.00,30,-0.175,6.880,-2.194
4.00,31,-3.211,-1.901,2.777
4.00,32,-0.042,3.767,2.856
4.00,33,6.241,-3.745,-2.124
4.00,34,-0.042,-3.971,-2.100
4.00,35,6.241,-3.745,-2.124
4.00,36,-6.142,-3.781,-2.179
4.00,37,-0.083,-0.094,7.788
4.00,38,-0.175,6.880,-2.194
4.00,39,3.282,1.920,-2.184
4.00,40,-3.210,2.024,-2.180
4.00,41,-3.210,2.024,-2.180
4.00,42,6.241,-3.745,-2.124
4.00,43,-0.083,-0.094,7.788
4.00,44,6.241,-3.745,-2.124
4.00,45,-0.042,-3.971,-2.100
4.00,46,6.241,-3.745,-2.124
4.00,47,-0.042,-3.971,-2.100
4.00,48,6.241,-3.745,-2.124
4.00,49,-0.083,-0.094,7.788
4.00,50,-3.210,2.024,-2.180
4.00,51,-0.083,-0.094,7.788
4.00,52,-0.083,-0.094,7.788
4.00,53,-3.210,2.024,-2.180
4.00,54,6.241,-3.745,-2.124
4.00,55,3.125,-1.888,2.783
4.00,56,3.282,1.920,-2.184
4.00,57,3.282,1.920,-2.184
4.00,58,3.282,1.920,-2.184
4.00,59,6.241,-3.745,-2.124
4.00,60,-0.042,3.767,2.856
4.00,61,3.282,1.920,-2.184
4.00,62,-3.211,-1.901,2.777
4.00,63,-3.210,2.024,-2.180
4.00,64,-3.210,2.024,-2.180
4.00,65,-0.083,-0.094,7.788
4.00,66,-0.175,6.880,-2.194
4.00,67,-0.083,-0.094,7.788
4.00,68,-0.175,6.880,-2.194
4.00,69,-3.211,-1.901,2.777
4.00,70,-3.210,2.024,-2.180
4.00,71,-0.042,3.767,2.856
4.00,72,-6.142,-3.781,-2.179
4.00,73,-6.142,-3.781,-2.179
4.00,74,-6.142,-3.781,-2.179
4.00,75,-6.142,-3.781,-2.179
4.00,76,-0.042,3.767,2.856
4.00,77,3.125,-1.888,2.783
4.00,78,-0.042,3.767,2.856
4.00,79,6.241,-3.745,-2.124
4.00,80,6.241,-3.745,-2.124
4.00,81,3.282,1.920,-2.184
4.00,82,-0.042,-3.971,-2.100
4.00,83,-3.210,2.024,-2.180
4.00,84,-3.210,2.024,-2.180
4.00,85,-3.210,2.024,-2.180
4.00,86,3.125,-1.888,2.783
4.00,87,-0.042,3.767,2.856
4.00,88,3.282,1.920,-2.184
4.00,89,-0.175,6.880,-2.194
4.00,90,-0.083,-0.094,7.788
4.00,91,-3.210,2.024,-2.180
4.00,92,-0.083,-0.094,7.788
4.00,93,6.241,-3.745,-2.124
4.00,94,-3.210,2.024,-2.180
4.00,95,-0.083,-0.094,7.788
4.00,96,3.282,1.920,-2.184
4.00,97,-0.175,6.880,-2.194
4.00,98,-0.042,-3.971,-2.100
4.00,99,-6.142,-3.781,-2.179
4.00,100,6.241,-3.745,-2.124
4.00,101,-0.042,-3.971,-2.100
4.00,102,-0.042,-3.971,-2.100
4.00,103,3.282,1.920,-2.184
4.00,104,-3.210,2.024,-2.180
4.00,105,-3.210,2.024,-2.180
4.00,106,-0.083,-0.094,7.788
4.00,107,-0.042,-3.971,-2.100
4.00,108,6.241,-3.745,-2.124
4.00,109,3.282,1.920,-2.184
4.00,110,3.282,1.920,-2.184
4.00,111,6.241,-3.745,-2.124
4.00,112,-0.175,6.880,-2.194
4.00,113,-0.042,-3.971,-2.100
4.00,114,-6.142,-3.781,-2.179
4.00,115,3.282,1.920,-2.184
4.00,116,-6.142,-3.781,-2.179
4.00,117,-0.083,-0.094,7.788
4.00,118,-3.211,-1.901,2.777
4.00,119,-0.175,6.880,-2.194
4.00,120,-3.210,2.024,-2.180
4.00,121,3.282,1.920,-2.184
4.00,122,-3.210,2.024,-2.180
4.00,123,-3.210,2.024,-2.180
4.00,124,6.241,-3.745,-2.124
4.00,125,6.241,-3.745,-2.124
4.00,126,-0.042,3.767,2.856
4.00,127,3.282,1.920,-2.184
4.00,128,3.282,1.920,-2.184
4.00,129,-3.210,2.024,-2.180
4.00,130,-0.083,-0.094,7.788
4.00,131,3.282,1.920,-2.184
4.00,132,-0.175,6.880,-2.194
4.00,133,3.282,1.920,-2.184
4.00,134,3.282,1.920,-2.184
4.00,135,3.125,-1.888,2.783
4.00,136,3.282,1.920,-2.184
4.00,137,3.282,1.920,-2.184
4.00,138,3.125,-1.888,2.783
4.00,139,-0.042,3.767,2.856
4.00,140,-0.175,6.880,-2.194
4.00,141,-0.083,-0.094,7.788
4.00,142,-3.211,-1.901,2.777
4.00,143,-0.042,-3.971,-2.100
4.00,144,-3.210,2.024,-2.180
4.00,145,-3.210,2.024,-2.180
4.00,146,3.282,1.920,-2.184
4.00,147,6.241,-3.745,-2.124
4.00,148,-0.042,3.767,2.856
4.00,149,-0.042,-3.971,-2.100
4.00,150,3.125,-1.888,2.783
4.00,151,-0.083,-0.094,7.788
4.00,152,3.125,-1.888,2.783
4.00,153,6.241,-3.745,-2.124
4.00,154,-0.042,-3.971,-2.100
4.00,155,-0.042,3.767,2.856
4.00,156,3.282,1.920,-2.184
4.00,157,3.282,1.920,-2.184
4.00,158,-6.142,-3.781,-2.179
4.00,159,-0.083,-0.094,7.788
4.00,160,3.282,1.920,-2.184
4.00,161,-0.042,-3.971,-2.100
4.00,162,3.125,-1.888,2.783
4.00,163,-0.083,-0.094,7.788
4.00,164,-6.142,-3.781,-2.179
4.00,165,-0.175,6.880,-2.194
4.00,166,3.282,1.920,-2.184
4.00,167,-3.210,2.024,-2.180
4.00,168,-0.042,-3.971,-2.100
4.00,169,6.241,-3.745,-2.124
4.00,170,3.125,-1.888,2.783
4.00,171,6.241,-3.745,-2.124
4.00,172,-3.210,2.024,-2.180
4.00,173,3.282,1.920,-2.184
4.00,174,3.125,-1.888,2.783
4.00,175,-3.210,2.024,-2.180
4.00,176,-0.083,-0.094,7.788
4.00,177,-0.083,-0.094,7.788
4.00,178,-0.042,-3.971,-2.100
4.00,179,-0.083,-0.094,7.788
4.00,180,-0.042,3.767,2.856
4.00,181,6.241,-3.745,-2.124
4.00,182,-3.210,2.024,-2.180
4.00,183,6.241,-3.745,-2.124
4.00,184,-6.142,-3.781,-2.179
4.00,185,6.241,-3.745,-2.124
4.00,186,-0.083,-0.094,7.788
4.00,187,-3.210,2.024,-2.180
4.00,188,-0.042,3.767,2.856
4.00,189,-0.083,-0.094,7.788
4.00,190,-3.210,2.024,-2.180
4.00,191,3.125,-1.888,2.783
4.00,192,6.241,-3.745,-2.124
4.00,193,-3.210,2.024,-2.180
4.00,194,-0.042,-3.971,-2.100
4.00,195,-0.083,-0.094,7.788
4.00,196,-0.042,3.767,2.856
4.00,197,-3.210,2.024,-2.180
4.00,198,3.282,1.920,-2.184
4.00,199,-0.175,6.880,-2.194
4.00,200,-0.042,-3.971,-2.100
4.00,201,-6.142,-3.781,-2.179
4.00,202,3.282,1.920,-2.184
4.00,203,-0.083,-0.094,7.788
4.00,204,3.282,1.920,-2.184
4.00,205,-0.042,-3.971,-2.100
4.00,206,3.282,1.920,-2.184
4.00,207,-0.042,3.767,2.856
4.00,208,-0.083,-0.094,7.788
4.00,209,3.125,-1.888,2.783
4.00,210,-3.210,2.024,-2.180
4.00,211,-0.175,6.880,-2.194
4.00,212,3.125,-1.888,2.783
4.00,213,-3.210,2.024,-2.180
4.00,214,-0.175,6.880,-2.194
4.00,215,-0.175,6.880,-2.194
4.00,216,-0.175,6.880,-2.194
4.00,217,-0.175,6.880,-2.194
4.00,218,3.125,-1.888,2.783
4.00,219,3.125,-1.888,2.783
4.00,220,-3.210,2.024,-2.180
4.00,221,-0.083,-0.094,7.788
4.00,222,-6.142,-3.781,-2.179
4.00,223,-0.042,3.767,2.856
4.00,224,3.282,1.920,-2.184
4.00,225,-0.042,3.767,2.856
4.00,226,-0.042,-3.971,-2.100
4.00,227,-6.142,-3.781,-2.179
4.00,228,-6.142,-3.781,-2.179
4.00,229,3.125,-1.888,2.783
4.00,230,-0.083,-0.094,7.788
4.00,231,-0.042,3.767,2.856
4.00,232,3.282,1.920,-2.184
4.00,233,-0.042,-3.971,-2.100
4.00,234,3.282,1.920,-2.184
4.00,235,3.125,-1.888,2.783
4.00,236,-3.210,2.024,-2.180
4.00,237,-3.210,2.024,-2.180
4.00,238,-0.042,3.767,2.856
4.00,239,-3.210,2.024,-2.180
4.00,240,3.125,-1.888,2.783
4.00,241,6.241,-3.745,-2.124
4.00,242,-0.042,-3.971,-2.100
4.00,243,-0.083,-0.094,7.788
4.00,244,6.241,-3.745,-2.124
4.00,245,-0.042,3.767,2.856
4.00,246,-6.142,-3.781,-2.179
4.00,247,6.241,-3.745,-2.124
4.00,248,-0.042,-3.971,-2.100
4.00,249,-0.042,-3.971,-2.100
4.00,250,-0.175,6.880,-2.194
4.00,251,6.241,-3.745,-2.124
4.00,252,-0.175,6.880,-2.194
4.00,253,6.241,-3.745,-2.124
4.00,254,-6.142,-3.781,-2.179
4.00,255,-0.042,3.767,2.856
4.00,256,3.282,1.920,-2.184
4.00,257,-0.175,6.880,-2.194
4.00,258,-0.083,-0.094,7.788
4.00,259,-0.042,-3.971,-2.100
4.00,260,-0.042,-3.971,-2.100
4.00,261,3.282,1.920,-2.184
4.00,262,6.241,-3.745,-2.124
4.00,263,-0.083,-0.094,7.788
4.00,264,3.282,1.920,-2.184
4.00,265,6.241,-3.745,-2.124
4.00,266,-0.042,3.767,2.856
4.00,267,6.241,-3.745,-2.124
4.00,268,-0.042,-3.971,-2.100
4.00,269,-3.210,2.024,-2.180
4.00,270,3.282,1.920,-2.184
4.00,271,-0.083,-0.094,7.788
4.00,272,-0.042,-3.971,-2.100
4.00,273,-6.142,-3.781,-2.179
4.00,274,-3.210,2.024,-2.180
4.00,275,-0.175,6.880,-2.194
4.00,276,-0.042,-3.971,-2.100
4.00,277,6.241,-3.745,-2.124
4.00,278,-0.083,-0.094,7.788
4.00,279,-0.083,-0.094,7.788
4.00,280,-3.210,2.024,-2.180
4.00,281,-0.042,-3.971,-2.100
4.00,282,-3.211,-1.901,2.777
4.00,283,3.282,1.920,-2.184
4.00,284,-0.175,6.880,-2.194
4.00,285,3.282,1.920,-2.184
4.00,286,-3.210,2.024,-2.180
4.00,287,-0.083,-0.094,7.788
4.00,288,6.241,-3.745,-2.124
4.00,289,3.282,1.920,-2.184
4.00,290,-0.042,-3.971,-2.100
4.00,291,-3.210,2.024,-2.180
4.00,292,6.241,-3.745,-2.124
4.00,293,-0.042,3.767,2.856
4.00,294,-0.083,-0.094,7.788
4.00,295,-0.042,-3.971,-2.100
4.00,296,-3.210,2.024,-2.180
4.00,297,-0.175,6.880,-2.194
4.00,298,-0.042,-3.971,-2.100
4.00,299,3.282,1.920,-2.184
4.00,300,6.241,-3.745,-2.124
4.00,301,3.125,-1.888,2.783
4.00,302,3.125,-1.888,2.783
4.00,303,3.282,1.920,-2.184
4.00,304,3.282,1.920,-2.184
4.00,305,-0.042,-3.971,-2.100
4.00,306,6.241,-3.745,-2.124
4.00,307,-0.083,-0.094,7.788
4.00,308,-3.210,2.024,-2.180
4.00,309,-0.042,-3.971,-2.100
4.00,310,-0.175,6.880,-2.194
4.00,311,6.241,-3.745,-2.124
4.00,312,-0.042,-3.971,-2.100
4.00,313,-0.175,6.880,-2.194
4.00,314,3.282,1.920,-2.184
4.00,315,3.282,1.920,-2.184
4.00,316,-0.042,-3.971,-2.100
4.00,317,-3.211,-1.901,2.777
4.00,318,-0.083,-0.094,7.788
4.00,319,-6.142,-3.781,-2.179
4.00,320,-0.042,-3.971,-2.100
4.00,321,3.282,1.920,-2.184
4.00,322,-0.042,3.767,2.856
4.00,323,-6.142,-3.781,-2.179
4.00,324,3.282,1.920,-2.184
4.00,325,-0.083,-0.094,7.788
4.00,326,-3.210,2.024,-2.180
4.00,327,3.282,1.920,-2.184
4.00,328,3.282,1.920,-2.184
4.00,329,3.282,1.920,-2.184
4.00,330,6.241,-3.745,-2.124
4.00,331,-0.083,-0.094,7.788
4.00,332,3.282,1.920,-2.184
4.00,333,-3.210,2.024,-2.180
4.00,334,-0.042,-3.971,-2.100
4.00,335,6.241,-3.745,-2.124
4.00,336,6.241,-3.745,-2.124
4.00,337,-0.042,-3.971,-2.100
4.00,338,-3.210,2.024,-2.180
4.00,339,-6.142,-3.781,-2.179
4.00,340,-6.142,-3.781,-2.179
4.00,341,-3.210,2.024,-2.180
4.00,342,3.125,-1.888,2.783
4.00,343,6.241,-3.745,-2.124
4.00,344,-0.042,-3.971,-2.100
4.00,345,3.125,-1.888,2.783
4.00,346,3.282,1.920,-2.184
4.00,347,-0.042,-3.971,-2.100
4.00,348,6.241,-3.745,-2.124
4.00,349,-0.175,6.880,-2.194
4.00,350,6.241,-3.745,-2.124
4.00,351,-3.210,2.024,-2.180
4.00,352,-0.042,3.767,2.856
4.00,353,6.241,-3.745,-2.124
4.00,354,-0.042,3.767,2.856
4.00,355,3.282,1.920,-2.184
4.00,356,-0.083,-0.094,7.788
4.00,357,-0.175,6.880,-2.194
4.00,358,3.282,1.920,-2.184
4.00,359,3.125,-1.888,2.783
4.00,360,-3.210,2.024,-2.180
4.00,361,3.282,1.920,-2.184
4.00,362,-0.042,-3.971,-2.100
4.00,363,3.125,-1.888,2.783
4.00,364,-3.210,2.024,-2.180
4.00,365,3.282,1.920,-2.184
4.00,366,3.125,-1.888,2.783
4.00,367,-0.083,-0.094,7.788
4.00,368,6.241,-3.745,-2.124
4.00,369,-3.210,2.024,-2.180
4.00,370,6.241,-3.745,-2.124
4.00,371,3.282,1.920,-2.184
4.00,372,-0.175,6.880,-2.194
4.00,373,-3.210,2.024,-2.180
4.00,374,-0.042,-3.971,-2.100
4.00,375,-6.142,-3.781,-2.179
4.00,376,-0.042,3.767,2.856
4.00,377,-0.083,-0.094,7.788
4.00,378,-0.042,-3.971,-2.100
4.00,379,6.241,-3.745,-2.124
4.00,380,-3.210,2.024,-2.180
4.00,381,-3.210,2.024,-2.180
4.00,382,-0.083,-0.094,7.788
4.00,383,-0.083,-0.094,7.788
4.00,384,-3.210,2.024,-2.180
4.00,385,-3.210,2.024,-2.180
4.00,386,-0.175,6.880,-2.194
4.00,387,-6.142,-3.781,-2.179
4.00,388,-0.042,3.767,2.856
4.00,389,-6.142,-3.781,-2.179
4.00,390,6.241,-3.745,-2.124
4.00,391,-0.042,-3.971,-2.100
4.00,392,-0.083,-0.094,7.788
4.00,393,-6.142,-3.781,-2.179
4.00,394,-3.210,2.024,-2.180
4.00,395,-0.175,6.880,-2.194
4.00,396,-6.142,-3.781,-2.179
4.00,397,6.241,-3.745,-2.124
4.00,398,-3.210,2.024,-2.180
4.00,399,-0.175,6.880,-2.194
4.00,400,-0.042,3.767,2.856
4.00,401,-3.210,2.024,-2.180
4.00,402,-0.042,-3.971,-2.100
4.00,403,3.282,1.920,-2.184
4.00,404,-3.210,2.024,-2.180
4.00,405,6.241,-3.745,-2.124
4.00,406,-0.083,-0.094,7.788
4.00,407,-0.042,3.767,2.856
4.00,408,-3.210,2.024,-2.180
4.00,409,-3.210,2.024,-2.180
4.00,410,-0.083,-0.094,7.788
4.00,411,-3.210,2.024,-2.180
4.00,412,3.125,-1.888,2.783
4.00,413,6.241,-3.745,-2.124
4.00,414,3.282,1.920,-2.184
4.00,415,-3.210,2.024,-2.180
4.00,416,6.241,-3.745,-2.124
4.00,417,-0.175,6.880,-2.194
4.00,418,6.241,-3.745,-2.124
4.00,419,-0.042,-3.971,-2.100
4.00,420,-0.042,-3.971,-2.100
4.00,421,-0.042,-3.971,-2.100
4.00,422,-0.042,3.767,2.856
4.00,423,-6.142,-3.781,-2.179
4.00,424,-0.042,-3.971,-2.100
4.00,425,-3.210,2.024,-2.180
4.00,426,-3.210,2.024,-2.180
4.00,427,-3.210,2.024,-2.180
4.00,428,6.241,-3.745,-2.124
4.00,429,-0.083,-0.094,7.788
4.00,430,6.241,-3.745,-2.124
4.00,431,-0.083,-0.094,7.788
4.00,432,-0.083,-0.094,7.788
4.00,433,-0.083,-0.094,7.788
4.00,434,-3.210,2.024,-2.180
4.00,435,3.282,1.920,-2.184
4.00,436,-3.210,2.024,-2.180
4.00,437,-3.210,2.024,-2.180
4.00,438,-3.211,-1.901,2.777
4.00,439,-6.142,-3.781,-2.179
4.00,440,-0.175,6.880,-2.194
4.00,441,-0.175,6.880,-2.194
4.00,442,-6.142,-3.781,-2.179
4.00,443,-0.042,3.767,2.856
4.00,444,-0.175,6.880,-2.194
4.00,445,-0.175,6.880,-2.194
4.00,446,-3.210,2.024,-2.180
4.00,447,-0.175,6.880,-2.194
4.00,448,-0.083,-0.094,7.788
4.00,449,-3.211,-1.901,2.777
4.00,450,-0.083,-0.094,7.788
4.00,451,-0.175,6.880,-2.194
4.00,452,-3.210,2.024,-2.180
4.00,453,6.241,-3.745,-2.124
4.00,454,3.282,1.920,-2.184
4.00,455,-0.175,6.880,-2.194
4.00,456,-0.042,3.767,2.856
4.00,457,-0.042,-3.971,-2.100
4.00,458,-0.175,6.880,-2.194
4.00,459,-0.042,-3.971,-2.100
4.00,460,3.282,1.920,-2.184
4.00,461,-0.083,-0.094,7.788
4.00,462,-0.042,-3.971,-2.100
4.00,463,6.241,-3.745,-2.124
4.00,464,-0.175,6.880,-2.194
4.00,465,-0.042,-3.971,-2.100
4.00,466,-0.042,-3.971,-2.100
4.00,467,-3.210,2.024,-2.180
4.00,468,-3.210,2.024,-2.180
4.00,469,-3.211,-1.901,2.777
4.00,470,-6.142,-3.781,-2.179
4.00,471,6.241,-3.745,-2.124
4.00,472,-3.210,2.024,-2.180
4.00,473,6.241,-3.745,-2.124
4.00,474,3.125,-1.888,2.783
4.00,475,3.282,1.920,-2.184
4.00,476,-0.042,-3.971,-2.100
4.00,477,3.125,-1.888,2.783
4.00,478,-0.042,3.767,2.856
4.00,479,-0.042,-3.971,-2.100
4.00,480,-3.210,2.024,-2.180
4.00,481,-3.210,2.024,-2.180
4.00,482,-0.175,6.880,-2.194
4.00,483,3.282,1.920,-2.184
4.00,484,-0.042,3.767,2.856
4.00,485,-0.175,6.880,-2.194
4.00,486,-6.142,-3.781,-2.179
4.00,487,-0.042,-3.971,-2.100
4.00,488,-3.210,2.024,-2.180
4.00,489,-0.042,-3.971,-2.100
4.00,490,-0.083,-0.094,7.788
4.00,491,6.241,-3.745,-2.124
4.00,492,-3.210,2.024,-2.180
4.00,493,-0.042,-3.971,-2.100
4.00,494,-0.042,-3.971,-2.100
4.00,495,6.241,-3.745,-2.124
4.00,496,-6.142,-3.781,-2.179
4.00,497,-3.210,2.024,-2.180
4.00,498,3.282,1.920,-2.184
4.00,499,-0.175,6.880,-2.194
4.00,500,-0.083,-0.094,7.788
4.00,501,-0.175,6.880,-2.194
4.00,502,-0.175,6.880,-2.194
4.00,503,-6.142,-3.781,-2.179
4.00,504,-0.042,-3.971,-2.100
4.00,505,3.125,-1.888,2.783
4.00,506,3.282,1.920,-2.184
4.00,507,3.282,1.920,-2.184
4.00,508,-0.083,-0.094,7.788
4.00,509,-0.042,-3.971,-2.100
4.00,510,-3.210,2.024,-2.180
4.00,511,-3.210,2.024,-2.180
4.00,512,-0.175,6.880,-2.194
4.00,513,6.241,-3.745,-2.124
4.00,514,-0.083,-0.094,7.788
4.00,515,3.282,1.920,-2.184
4.00,516,-3.210,2.024,-2.180
4.00,517,-3.210,2.024,-2.180
4.00,518,3.125,-1.888,2.783
4.00,519,6.241,-3.745,-2.124
4.00,520,6.241,-3.745,-2.124
4.00,521,6.241,-3.745,-2.124
4.00,522,-0.083,-0.094,7.788
4.00,523,-0.083,-0.094,7.788
4.00,524,-0.042,3.767,2.856
4.00,525,-3.210,2.024,-2.180
4.00,526,-3.211,-1.901,2.777
4.00,527,3.125,-1.888,2.783
4.00,528,6.241,-3.745,-2.124
4.00,529,-0.042,3.767,2.856
4.00,530,-6.142,-3.781,-2.179
4.00,531,-3.210,2.024,-2.180
4.00,532,3.125,-1.888,2.783
4.00,533,-3.210,2.024,-2.180
4.00,534,3.125,-1.888,2.783
4.00,535,-0.175,6.880,-2.194
4.00,536,-3.210,2.024,-2.180
4.00,537,-3.210,2.024,-2.180
4.00,538,3.125,-1.888,2.783
4.00,539,-0.042,3.767,2.856
4.00,540,-0.175,6.880,-2.194
4.00,541,6.241,-3.745,-2.124
4.00,542,6.241,-3.745,-2.124
4.00,543,6.241,-3.745,-2.124
4.00,544,-6.142,-3.781,-2.179
4.00,545,-3.210,2.024,-2.180
4.00,546,-0.175,6.880,-2.194
4.00,547,6.241,-3.745,-2.124
4.00,548,-0.083,-0.094,7.788
4.00,549,-3.210,2.024,-2.180
4.00,550,-3.210,2.024,-2.180
4.00,551,-0.042,-3.971,-2.100
4.00,552,-3.210,2.024,-2.180
4.00,553,-6.142,-3.781,-2.179
4.00,554,3.282,1.920,-2.184
4.00,555,6.241,-3.745,-2.124
4.00,556,-0.083,-0.094,7.788
4.00,557,3.282,1.920,-2.184
4.00,558,-0.175,6.880,-2.194
4.00,559,-0.175,6.880,-2.194
4.00,560,3.282,1.920,-2.184
4.00,561,3.282,1.920,-2.184
4.00,562,3.125,-1.888,2.783
4.00,563,3.125,-1.888,2.783
4.00,564,-3.210,2.024,-2.180
4.00,565,-0.042,-3.971,-2.100
4.00,566,-3.210,2.024,-2.180
4.00,567,-3.210,2.024,-2.180
4.00,568,-0.175,6.880,-2.194
4.00,569,-0.083,-0.094,7.788
4.00,570,-0.175,6.880,-2.194
4.00,571,-0.042,3.767,2.856
4.00,572,-3.210,2.024,-2.180
4.00,573,-3.210,2.024,-2.180
4.00,574,-0.042,-3.971,-2.100
4.00,575,-3.211,-1.901,2.777
4.00,576,6.241,-3.745,-2.124
4.00,577,-3.211,-1.901,2.777
4.00,578,-0.042,-3.971,-2.100
4.00,579,6.241,-3.745,-2.124
4.00,580,-0.042,-3.971,-2.100
4.00,581,3.282,1.920,-2.184
4.00,582,-0.175,6.880,-2.194
4.00,583,3.282,1.920,-2.184
4.00,584,-6.142,-3.781,-2.179
4.00,585,-0.083,-0.094,7.788
4.00,586,-0.042,-3.971,-2.100
4.00,587,-3.210,2.024,-2.180
4.00,588,-6.142,-3.781,-2.179
4.00,589,3.282,1.920,-2.184
4.00,590,-0.042,-3.971,-2.100
4.00,591,6.241,-3.745,-2.124
4.00,592,-3.210,2.024,-2.180
4.00,593,-3.211,-1.901,2.777
4.00,594,-0.175,6.880,-2.194
4.00,595,3.282,1.920,-2.184
4.00,596,3.282,1.920,-2.184
4.00,597,-0.042,3.767,2.856
4.00,598,3.282,1.920,-2.184
4.00,599,6.241,-3.745,-2.124
4.00,600,-0.042,3.767,2.856
4.00,601,-0.042,-3.971,-2.100
4.00,602,3.282,1.920,-2.184
4.00,603,-0.042,3.767,2.856
4.00,604,6.241,-3.745,-2.124
4.00,605,3.282,1.920,-2.184
4.00,606,6.241,-3.745,-2.124
4.00,607,-0.175,6.880,-2.194
4.00,608,-0.042,-3.971,-2.100
4.00,609,3.125,-1.888,2.783
4.00,610,-3.210,2.024,-2.180
4.00,611,3.282,1.920,-2.184
4.00,612,-0.042,-3.971,-2.100
4.00,613,3.125,-1.888,2.783
4.00,614,-3.210,2.024,-2.180
4.00,615,-0.175,6.880,-2.194
4.00,616,-0.083,-0.094,7.788
4.00,617,3.282,1.920,-2.184
4.00,618,-0.083,-0.094,7.788
4.00,619,-0.083,-0.094,7.788
4.00,620,-3.210,2.024,-2.180
4.00,621,-3.210,2.024,-2.180
4.00,622,-0.083,-0.094,7.788
4.00,623,-0.175,6.880,-2.194
4.00,624,-3.210,2.024,-2.180
4.00,625,-0.042,-3.971,-2.100
4.00,626,-0.083,-0.094,7.788
4.00,627,3.125,-1.888,2.783
4.00,628,-3.210,2.024,-2.180
4.00,629,-0.042,-3.971,-2.100
4.00,630,-3.211,-1.901,2.777
4.00,631,3.282,1.920,-2.184
4.00,632,-3.210,2.024,-2.180
4.00,633,-3.210,2.024,-2.180
4.00,634,-0.175,6.880,-2.194
4.00,635,-0.042,-3.971,-2.100
4.00,636,-0.042,-3.971,-2.100
4.00,637,-0.042,3.767,2.856
4.00,638,3.125,-1.888,2.783
4.00,639,-3.210,2.024,-2.180
4.00,640,-3.210,2.024,-2.180
4.00,641,-3.211,-1.901,2.777
4.00,642,-3.210,2.024,-2.180
4.00,643,-0.175,6.880,-2.194
4.00,644,-0.083,-0.094,7.788
4.00,645,-0.042,-3.971,-2.100
4.00,646,3.282,1.920,-2.184
4.00,647,-0.083,-0.094,7.788
4.00,648,3.282,1.920,-2.184
4.00,649,-0.042,-3.971,-2.100
4.00,650,-0.042,3.767,2.856
4.00,651,-0.175,6.880,-2.194
4.00,652,-0.042,-3.971,-2.100
4.00,653,-3.211,-1.901,2.777
4.00,654,3.125,-1.888,2.783
4.00,655,6.241,-3.745,-2.124
4.00,656,-0.042,-3.971,-2.100
4.00,657,6.241,-3.745,-2.124
4.00,658,-6.142,-3.781,-2.179
4.00,659,-3.210,2.024,-2.180
4.00,660,6.241,-3.745,-2.124
4.00,661,-0.083,-0.094,7.788
4.00,662,3.282,1.920,-2.184
4.00,663,3.282,1.920,-2.184
4.00,664,3.282,1.920,-2.184
4.00,665,-0.042,3.767,2.856
4.00,666,3.282,1.920,-2.184
4.00,667,-0.175,6.880,-2.194
4.00,668,-0.042,3.767,2.856
4.00,669,-3.210,2.024,-2.180
4.00,670,-0.042,-3.971,-2.100
4.00,671,3.282,1.920,-2.184
4.00,672,6.241,-3.745,-2.124
4.00,673,-3.210,2.024,-2.180
4.00,674,-3.210,2.024,-2.180
4.00,675,-0.042,-3.971,-2.100
4.00,676,-3.210,2.024,-2.180
4.00,677,6.241,-3.745,-2.124
4.00,678,-0.042,-3.971,-2.100
4.00,679,6.241,-3.745,-2.124
4.00,680,-0.083,-0.094,7.788
4.00,681,-3.210,2.024,-2.180
4.00,682,-0.175,6.880,-2.194
4.00,683,-3.210,2.024,-2.180
4.00,684,6.241,-3.745,-2.124
4.00,685,-0.042,-3.971,-2.100
4.00,686,6.241,-3.745,-2.124
4.00,687,3.282,1.920,-2.184
4.00,688,-0.175,6.880,-2.194
4.00,689,3.282,1.920,-2.184
4.00,690,-0.175,6.880,-2.194
4.00,691,-0.042,3.767,2.856
4.00,692,-6.142,-3.781,-2.179
4.00,693,-0.042,-3.971,-2.100
4.00,694,-0.042,-3.971,-2.100
4.00,695,-6.142,-3.781,-2.179
4.00,696,-0.083,-0.094,7.788
4.00,697,-6.142,-3.781,-2.179
4.00,698,3.282,1.920,-2.184
4.00,699,-0.042,3.767,2.856
4.00,700,-3.210,2.024,-2.180
4.00,701,-3.210,2.024,-2.180
4.00,702,3.282,1.920,-2.184
4.00,703,-0.042,-3.971,-2.100
4.00,704,-0.175,6.880,-2.194
4.00,705,3.282,1.920,-2.184
4.00,706,-0.175,6.880,-2.194
4.00,707,-0.083,-0.094,7.788
4.00,708,6.241,-3.745,-2.124
4.00,709,3.282,1.920,-2.184
4.00,710,-0.083,-0.094,7.788
4.00,711,-0.175,6.880,-2.194
4.00,712,-3.210,2.024,-2.180
4.00,713,-0.042,-3.971,-2.100
4.00,714,3.125,-1.888,2.783
4.00,715,-0.083,-0.094,7.788
4.00,716,-6.142,-3.781,-2.179
4.00,717,-0.175,6.880,-2.194
4.00,718,6.241,-3.745,-2.124
4.00,719,-0.042,-3.971,-2.100
4.00,720,-0.175,6.880,-2.194
4.00,721,-3.210,2.024,-2.180
4.00,722,-0.083,-0.094,7.788
4.00,723,6.241,-3.745,-2.124
4.00,724,-0.042,3.767,2.856
4.00,725,-0.083,-0.094,7.788
4.00,726,-0.042,3.767,2.856
4.00,727,6.241,-3.745,-2.124
4.00,728,-3.210,2.024,-2.180
4.00,729,3.125,-1.888,2.783
4.00,730,-0.083,-0.094,7.788
4.00,731,-6.142,-3.781,-2.179
4.00,732,3.282,1.920,-2.184
4.00,733,3.125,-1.888,2.783
4.00,734,-0.175,6.880,-2.194
4.00,735,6.241,-3.745,-2.124
4.00,736,-0.083,-0.094,7.788
4.00,737,6.241,-3.745,-2.124
4.00,738,6.241,-3.745,-2.124
4.00,739,-0.042,-3.971,-2.100
4.00,740,6.241,-3.745,-2.124
4.00,741,-0.042,-3.971,-2.100
4.00,742,6.241,-3.745,-2.124
4.00,743,-6.142,-3.781,-2.179
4.00,744,-0.083,-0.094,7.788
4.00,745,-0.083,-0.094,7.788
4.00,746,-3.210,2.024,-2.180
4.00,747,6.241,-3.745,-2.124
4.00,748,-0.175,6.880,-2.194
4.00,749,-0.042,-3.971,-2.100
4.00,750,-3.210,2.024,-2.180
4.00,751,6.241,-3.745,-2.124
4.00,752,-0.175,6.880,-2.194
4.00,753,6.241,-3.745,-2.124
4.00,754,-0.175,6.880,-2.194
4.00,755,-3.210,2.024,-2.180
4.00,756,-0.042,-3.971,-2.100
4.00,757,6.241,-3.745,-2.124
4.00,758,-0.175,6.880,-2.194
4.00,759,-3.210,2.024,-2.180
4.00,760,6.241,-3.745,-2.124
4.00,761,-3.210,2.024,-2.180
4.00,762,3.282,1.920,-2.184
4.00,763,6.241,-3.745,-2.124
4.00,764,-3.210,2.024,-2.180
4.00,765,-6.142,-3.781,-2.179
4.00,766,3.125,-1.888,2.783
4.00,767,-0.175,6.880,-2.194
4.00,768,6.241,-3.745,-2.124
4.00,769,-0.042,3.767,2.856
4.00,770,-3.210,2.024,-2.180
4.00,771,3.282,1.920,-2.184
4.00,772,-0.083,-0.094,7.788
4.00,773,6.241,-3.745,-2.124
4.00,774,3.282,1.920,-2.184
4.00,775,3.282,1.920,-2.184
4.00,776,-3.210,2.024,-2.180
4.00,777,-0.175,6.880,-2.194
4.00,778,-3.210,2.024,-2.180
4.00,779,3.282,1.920,-2.184
4.00,780,-0.175,6.880,-2.194
4.00,781,3.282,1.920,-2.184
4.00,782,6.241,-3.745,-2.124
4.00,783,6.241,-3.745,-2.124
4.00,784,-0.083,-0.094,7.788
4.00,785,-0.083,-0.094,7.788
4.00,786,-0.042,-3.971,-2.100
4.00,787,-3.210,2.024,-2.180
4.00,788,3.125,-1.888,2.783
4.00,789,-3.210,2.024,-2.180
4.00,790,3.125,-1.888,2.783
4.00,791,-3.210,2.024,-2.180
4.00,792,-0.175,6.880,-2.194
4.00,793,-0.042,-3.971,-2.100
4.00,794,-3.210,2.024,-2.180
4.00,795,-3.210,2.024,-2.180
4.00,796,-0.083,-0.094,7.788
4.00,797,-3.210,2.024,-2.180
4.00,798,6.241,-3.745,-2.124
4.00,799,-0.083,-0.094,7.788
4.00,800,-0.042,-3.971,-2.100
4.00,801,-0.042,-3.971,-2.100
4.00,802,-0.042,3.767,2.856
4.00,803,-0.042,-3.971,-2.100
4.00,804,3.282,1.920,-2.184
4.00,805,3.282,1.920,-2.184
4.00,806,3.125,-1.888,2.783
4.00,807,-3.210,2.024,-2.180
4.00,808,-3.210,2.024,-2.180
4.00,809,-3.210,2.024,-2.180
4.00,810,-0.042,-3.971,-2.100
4.00,811,3.125,-1.888,2.783
4.00,812,3.282,1.920,-2.184
4.00,813,6.241,-3.745,-2.124
4.00,814,-0.083,-0.094,7.788
4.00,815,-0.175,6.880,-2.194
4.00,816,3.282,1.920,-2.184
4.00,817,-6.142,-3.781,-2.179
4.00,818,-0.042,-3.971,-2.100
4.00,819,-0.042,3.767,2.856
4.00,820,-3.210,2.024,-2.180
4.00,821,-3.210,2.024,-2.180
4.00,822,-6.142,-3.781,-2.179
4.00,823,3.125,-1.888,2.783
4.00,824,-0.083,-0.094,7.788
4.00,825,3.282,1.920,-2.184
4.00,826,-0.042,3.767,2.856
4.00,827,-3.210,2.024,-2.180
4.00,828,-3.210,2.024,-2.180
4.00,829,-0.083,-0.094,7.788
4.00,830,-0.175,6.880,-2.194
4.00,831,-3.210,2.024,-2.180
4.00,832,3.282,1.920,-2.184
4.00,833,-0.175,6.880,-2.194
4.00,834,-3.210,2.024,-2.180
4.00,835,6.241,-3.745,-2.124
4.00,836,-0.175,6.880,-2.194
4.00,837,6.241,-3.745,-2.124
4.00,838,3.282,1.920,-2.184
4.00,839,-0.175,6.880,-2.194
4.00,840,-3.210,2.024,-2.180
4.00,841,-0.175,6.880,-2.194
4.00,842,3.282,1.920,-2.184
4.00,843,3.282,1.920,-2.184
4.00,844,3.282,1.920,-2.184
4.00,845,3.282,1.920,-2.184
4.00,846,-3.210,2.024,-2.180
4.00,847,3.282,1.920,-2.184
4.00,848,6.241,-3.745,-2.124
4.00,849,-0.042,3.767,2.856
4.00,850,-0.042,3.767,2.856
4.00,851,-6.142,-3.781,-2.179
4.00,852,-0.083,-0.094,7.788
4.00,853,3.282,1.920,-2.184
4.00,854,-3.210,2.024,-2.180
4.00,855,-0.175,6.880,-2.194
4.00,856,3.282,1.920,-2.184
4.00,857,-3.210,2.024,-2.180
4.00,858,3.282,1.920,-2.184
4.00,859,-3.210,2.024,-2.180
4.00,860,-0.083,-0.094,7.788
4.00,861,-3.211,-1.901,2.777
4.00,862,3.282,1.920,-2.184
4.00,863,-0.083,-0.094,7.788
4.00,864,3.125,-1.888,2.783
4.00,865,-0.042,-3.971,-2.100
4.00,866,-3.210,2.024,-2.180
4.00,867,-0.083,-0.094,7.788
4.00,868,3.125,-1.888,2.783
4.00,869,-0.042,3.767,2.856
4.00,870,3.125,-1.888,2.783
4.00,871,3.282,1.920,-2.184
4.00,872,-0.042,-3.971,-2.100
4.00,873,-3.210,2.024,-2.180
4.00,874,-0.083,-0.094,7.788
4.00,875,3.282,1.920,-2.184
4.00,876,-3.210,2.024,-2.180
4.00,877,-0.042,3.767,2.856
4.00,878,-3.210,2.024,-2.180
4.00,879,-0.083,-0.094,7.788
4.00,880,3.282,1.920,-2.184
4.00,881,3.282,1.920,-2.184
4.00,882,-0.042,3.767,2.856
4.00,883,3.282,1.920,-2.184
4.00,884,3.282,1.920,-2.184
4.00,885,3.125,-1.888,2.783
4.00,886,-6.142,-3.781,-2.179
4.00,887,-0.042,-3.971,-2.100
4.00,888,3.282,1.920,-2.184
4.00,889,-3.210,2.024,-2.180
4.00,890,6.241,-3.745,-2.124
4.00,891,-0.042,3.767,2.856
4.00,892,-0.083,-0.094,7.788
4.00,893,-6.142,-3.781,-2.179
4.00,894,-3.211,-1.901,2.777
4.00,895,-0.042,-3.971,-2.100
4.00,896,-3.210,2.024,-2.180
4.00,897,-0.042,-3.971,-2.100
4.00,898,-0.175,6.880,-2.194
4.00,899,3.282,1.920,-2.184
4.00,900,-0.175,6.880,-2.194
4.00,901,-3.210,2.024,-2.180
4.00,902,-3.210,2.024,-2.180
4.00,903,-0.042,-3.971,-2.100
4.00,904,6.241,-3.745,-2.124
4.00,905,6.241,-3.745,-2.124
4.00,906,6.241,-3.745,-2.124
4.00,907,-0.042,-3.971,-2.100
4.00,908,6.241,-3.745,-2.124
4.00,909,-0.083,-0.094,7.788
4.00,910,3.282,1.920,-2.184
4.00,911,-0.083,-0.094,7.788
4.00,912,6.241,-3.745,-2.124
4.00,913,3.125,-1.888,2.783
4.00,914,-0.042,3.767,2.856
4.00,915,3.282,1.920,-2.184
4.00,916,6.241,-3.745,-2.124
4.00,917,-0.083,-0.094,7.788
4.00,918,-0.042,3.767,2.856
4.00,919,-0.042,3.767,2.856
4.00,920,3.282,1.920,-2.184
4.00,921,3.125,-1.888,2.783
4.00,922,-3.210,2.024,-2.180
4.00,923,-0.083,-0.094,7.788
4.00,924,3.125,-1.888,2.783
4.00,925,-3.210,2.024,-2.180
4.00,926,-0.042,3.767,2.856
4.00,927,-0.042,3.767,2.856
4.00,928,-3.211,-1.901,2.777
4.00,929,6.241,-3.745,-2.124
4.00,930,-3.210,2.024,-2.180
4.00,931,-0.175,6.880,-2.194
4.00,932,-0.175,6.880,-2.194
4.00,933,6.241,-3.745,-2.124
4.00,934,-3.211,-1.901,2.777
4.00,935,-0.042,-3.971,-2.100
4.00,936,-0.042,-3.971,-2.100
4.00,937,-3.210,2.024,-2.180
4.00,938,-0.042,3.767,2.856
4.00,939,3.125,-1.888,2.783
4.00,940,-3.210,2.024,-2.180
4.00,941,-0.083,-0.094,7.788
4.00,942,-0.083,-0.094,7.788
4.00,943,-0.042,3.767,2.856
4.00,944,3.282,1.920,-2.184
4.00,945,-0.083,-0.094,7.788
4.00,946,-3.210,2.024,-2.180
4.00,947,-0.042,3.767,2.856
4.00,948,3.125,-1.888,2.783
4.00,949,6.241,-3.745,-2.124
4.00,950,-0.042,-3.971,-2.100
4.00,951,-0.175,6.880,-2.194
4.00,952,-0.042,3.767,2.856
4.00,953,3.282,1.920,-2.184
4.00,954,6.241,-3.745,-2.124
4.00,955,3.282,1.920,-2.184
4.00,956,-3.210,2.024,-2.180
4.00,957,-3.210,2.024,-2.180
4.00,958,-0.083,-0.094,7.788
4.00,959,-0.042,-3.971,-2.100
4.00,960,3.282,1.920,-2.184
4.00,961,-0.042,-3.971,-2.100
4.00,962,-0.175,6.880,-2.194
4.00,963,-3.210,2.024,-2.180
4.00,964,3.125,-1.888,2.783
4.00,965,-0.083,-0.094,7.788
4.00,966,6.241,-3.745,-2.124
4.00,967,6.241,-3.745,-2.124
4.00,968,6.241,-3.745,-2.124
4.00,969,-0.083,-0.094,7.788
4.00,970,3.125,-1.888,2.783
4.00,971,6.241,-3.745,-2.124
4.00,972,-0.083,-0.094,7.788
4.00,973,3.282,1.920,-2.184
4.00,974,-0.042,-3.971,-2.100
4.00,975,-0.042,-3.971,-2.100
4.00,976,3.125,-1.888,2.783
4.00,977,-3.210,2.024,-2.180
4.00,978,-0.042,-3.971,-2.100
4.00,979,-3.210,2.024,-2.180
4.00,980,-0.042,3.767,2.856
4.00,981,-0.042,-3.971,-2.100
4.00,982,6.241,-3.745,-2.124
4.00,983,3.125,-1.888,2.783
4.00,984,-0.083,-0.094,7.788
4.00,985,-3.210,2.024,-2.180
4.00,986,-0.042,-3.971,-2.100
4.00,987,-6.142,-3.781,-2.179
4.00,988,-0.175,6.880,-2.194
4.00,989,3.282,1.920,-2.184
4.00,990,-0.042,3.767,2.856
4.00,991,-3.210,2.024,-2.180
4.00,992,-6.142,-3.781,-2.179
4.00,993,-3.210,2.024,-2.180
4.00,994,3.125,-1.888,2.783
4.00,995,3.282,1.920,-2.184
4.00,996,-3.210,2.024,-2.180
4.00,997,3.125,-1.888,2.783
4.00,998,-0.042,-3.971,-2.100
4.00,999,-0.042,-3.971,-2.100
4.00,1000,-3.210,2.024,-2.180
4.00,1001,6.241,-3.745,-2.124
4.00,1002,6.241,-3.745,-2.124
4.00,1003,3.282,1.920,-2.184
4.00,1004,3.282,1.920,-2.184
4.00,1005,3.125,-1.888,2.783
4.00,1006,-0.175,6.880,-2.194
4.00,1007,3.125,-1.888,2.783
4.00,1008,-0.042,-3.971,-2.100
4.00,1009,-3.211,-1.901,2.777
4.00,1010,3.282,1.920,-2.184
4.00,1011,-0.175,6.880,-2.194
4.00,1012,-0.175,6.880,-2.194
4.00,1013,-0.083,-0.094,7.788
4.00,1014,-0.083,-0.094,7.788
4.00,1015,3.282,1.920,-2.184
4.00,1016,-0.042,3.767,2.856
4.00,1017,6.241,-3.745,-2.124
4.00,1018,-0.042,-3.971,-2.100
4.00,1019,6.241,-3.745,-2.124
4.00,1020,3.282,1.920,-2.184
4.00,1021,3.282,1.920,-2.184
4.00,1022,6.241,-3.745,-2.124
4.00,1023,-0.042,3.767,2.856
4.00,1024,-0.175,6.880,-2.194
4.00,1025,-0.042,-3.971,-2.100
4.00,1026,-0.175,6.880,-2.194
4.00,1027,-3.210,2.024,-2.180
4.00,1028,3.282,1.920,-2.184
4.00,1029,-6.142,-3.781,-2.179
4.00,1030,-3.210,2.024,-2.180
4.00,1031,-0.042,-3.971,-2.100
4.00,1032,-3.210,2.024,-2.180
4.00,1033,-0.175,6.880,-2.194
4.00,1034,-0.042,-3.971,-2.100
4.00,1035,-0.175,6.880,-2.194
4.00,1036,-0.083,-0.094,7.788
4.00,1037,-3.210,2.024,-2.180
4.00,1038,-3.211,-1.901,2.777
4.00,1039,-0.083,-0.094,7.788
4.00,1040,3.282,1.920,-2.184
4.00,1041,6.241,-3.745,-2.124
4.00,1042,6.241,-3.745,-2.124
4.00,1043,6.241,-3.745,-2.124
4.00,1044,-0.175,6.880,-2.194
4.00,1045,6.241,-3.745,-2.124
4.00,1046,-0.083,-0.094,7.788
4.00,1047,-0.083,-0.094,7.788
4.00,1048,6.241,-3.745,-2.124
4.00,1049,-0.042,-3.971,-2.100
4.00,1050,-0.042,3.767,2.856
4.00,1051,-3.210,2.024,-2.180
4.00,1052,-0.042,3.767,2.856
4.00,1053,3.282,1.920,-2.184
4.00,1054,-0.042,3.767,2.856
4.00,1055,3.125,-1.888,2.783
4.00,1056,3.125,-1.888,2.783
4.00,1057,-0.042,-3.971,-2.100
4.00,1058,-3.210,2.024,-2.180
4.00,1059,-3.210,2.024,-2.180
4.00,1060,-0.175,6.880,-2.194
4.00,1061,6.241,-3.745,-2.124
4.00,1062,3.282,1.920,-2.184
4.00,1063,6.241,-3.745,-2.124
4.00,1064,-0.042,3.767,2.856
4.00,1065,3.282,1.920,-2.184
4.00,1066,-0.083,-0.094,7.788
4.00,1067,-3.210,2.024,-2.180
4.00,1068,6.241,-3.745,-2.124
4.00,1069,-0.083,-0.094,7.788
4.00,1070,3.282,1.920,-2.184
4.00,1071,-3.210,2.024,-2.180
4.00,1072,-0.042,-3.971,-2.100
4.00,1073,-3.210,2.024,-2.180
4.00,1074,6.241,-3.745,-2.124
4.00,1075,3.282,1.920,-2.184
4.00,1076,3.282,1.920,-2.184
4.00,1077,3.282,1.920,-2.184
4.00,1078,3.125,-1.888,2.783
4.00,1079,-3.210,2.024,-2.180
4.00,1080,3.282,1.920,-2.184
4.00,1081,-0.042,-3.971,-2.100
4.00,1082,-3.210,2.024,-2.180
4.00,1083,6.241,-3.745,-2.124
4.00,1084,-0.175,6.880,-2.194
4.00,1085,3.282,1.920,-2.184
4.00,1086,-3.210,2.024,-2.180
4.00,1087,-0.175,6.880,-2.194
4.00,1088,-0.175,6.880,-2.194
4.00,1089,-0.175,6.880,-2.194
4.00,1090,3.282,1.920,-2.184
4.00,1091,3.282,1.920,-2.184
4.00,1092,-0.042,3.767,2.856
4.00,1093,-0.042,3.767,2.856
4.00,1094,-3.210,2.024,-2.180
4.00,1095,-0.042,-3.971,-2.100
4.00,1096,-0.042,-3.971,-2.100
4.00,1097,-0.042,3.767,2.856
4.00,1098,-0.083,-0.094,7.788
4.00,1099,6.241,-3.745,-2.124
4.00,1100,6.241,-3.745,-2.124
4.00,1101,-0.175,6.880,-2.194
4.00,1102,-3.210,2.024,-2.180
4.00,1103,-0.083,-0.094,7.788
4.00,1104,6.241,-3.745,-2.124
4.00,1105,-0.175,6.880,-2.194
4.00,1106,-3.210,2.024,-2.180
4.00,1107,-0.175,6.880,-2.194
4.00,1108,-0.175,6.880,-2.194
4.00,1109,3.282,1.920,-2.184
4.00,1110,-3.210,2.024,-2.180
4.00,1111,6.241,-3.745,-2.124
4.00,1112,-0.175,6.880,-2.194
4.00,1113,3.125,-1.888,2.783
4.00,1114,3.125,-1.888,2.783
4.00,1115,-0.042,-3.971,-2.100
4.00,1116,-0.083,-0.094,7.788
4.00,1117,-0.042,3.767,2.856
4.00,1118,3.282,1.920,-2.184
4.00,1119,-0.042,3.767,2.856
4.00,1120,-3.210,2.024,-2.180
4.00,1121,6.241,-3.745,-2.124
4.00,1122,-0.042,3.767,2.856
4.00,1123,-0.175,6.880,-2.194
4.00,1124,-0.175,6.880,-2.194
4.00,1125,-0.175,6.880,-2.194
4.00,1126,-0.175,6.880,-2.194
4.00,1127,-3.210,2.024,-2.180
4.00,1128,-3.210,2.024,-2.180
4.00,1129,-3.210,2.024,-2.180
4.00,1130,-3.210,2.024,-2.180
4.00,1131,3.282,1.920,-2.184
4.00,1132,-0.175,6.880,-2.194
4.00,1133,-0.042,3.767,2.856
4.00,1134,-0.042,-3.971,-2.100
4.00,1135,-0.083,-0.094,7.788
4.00,1136,-0.042,-3.971,-2.100
4.00,1137,3.282,1.920,-2.184
4.00,1138,-3.210,2.024,-2.180
4.00,1139,-0.042,3.767,2.856
4.00,1140,3.282,1.920,-2.184
4.00,1141,-0.042,3.767,2.856
4.00,1142,-0.042,3.767,2.856
4.00,1143,3.125,-1.888,2.783
4.00,1144,-0.042,3.767,2.856
4.00,1145,-0.083,-0.094,7.788
4.00,1146,-3.210,2.024,-2.180
4.00,1147,-0.042,-3.971,-2.100
4.00,1148,-0.042,-3.971,-2.100
4.00,1149,-3.210,2.024,-2.180
4.00,1150,-0.175,6.880,-2.194
4.00,1151,-0.175,6.880,-2.194
4.00,1152,6.241,-3.745,-2.124
4.00,1153,-0.083,-0.094,7.788
4.00,1154,-6.142,-3.781,-2.179
4.00,1155,6.241,-3.745,-2.124
4.00,1156,-0.175,6.880,-2.194
4.00,1157,-3.210,2.024,-2.180
4.00,1158,-3.210,2.024,-2.180
4.00,1159,3.282,1.920,-2.184
4.00,1160,-6.142,-3.781,-2.179
4.00,1161,-6.142,-3.781,-2.179
4.00,1162,3.282,1.920,-2.184
4.00,1163,-3.210,2.024,-2.180
4.00,1164,-3.210,2.024,-2.180
4.00,1165,-0.042,-3.971,-2.100
4.00,1166,-0.042,-3.971,-2.100
4.00,1167,3.282,1.920,-2.184
4.00,1168,-0.042,-3.971,-2.100
4.00,1169,6.241,-3.745,-2.124
4.00,1170,3.125,-1.888,2.783
4.00,1171,-3.210,2.024,-2.180
4.00,1172,-6.142,-3.781,-2.179
4.00,1173,3.125,-1.888,2.783
4.00,1174,-3.210,2.024,-2.180
4.00,1175,-0.083,-0.094,7.788
4.00,1176,-0.083,-0.094,7.788
4.00,1177,6.241,-3.745,-2.124
4.00,1178,-3.210,2.024,-2.180
4.00,1179,3.282,1.920,-2.184
4.00,1180,-3.210,2.024,-2.180
4.00,1181,3.125,-1.888,2.783
4.00,1182,3.282,1.920,-2.184
4.00,1183,-3.210,2.024,-2.180
4.00,1184,-6.142,-3.781,-2.179
4.00,1185,6.241,-3.745,-2.124
4.00,1186,-0.175,6.880,-2.194
4.00,1187,-0.083,-0.094,7.788
4.00,1188,3.282,1.920,-2.184
4.00,1189,3.125,-1.888,2.783
4.00,1190,-0.042,3.767,2.856
4.00,1191,3.125,-1.888,2.783
4.00,1192,-0.042,-3.971,-2.100
4.00,1193,-0.042,-3.971,-2.100
4.00,1194,-3.210,2.024,-2.180
4.00,1195,-0.083,-0.094,7.788
4.00,1196,3.282,1.920,-2.184
4.00,1197,-0.175,6.880,-2.194
4.00,1198,-3.210,2.024,-2.180
4.00,1199,3.125,-1.888,2.783
4.00,1200,3.125,-1.888,2.783
4.00,1201,-0.042,3.767,2.856
4.00,1202,-3.210,2.024,-2.180
4.00,1203,3.282,1.920,-2.184
4.00,1204,-0.175,6.880,-2.194
4.00,1205,-6.142,-3.781,-2.179
4.00,1206,-0.083,-0.094,7.788
4.00,1207,-3.210,2.024,-2.180
4.00,1208,3.282,1.920,-2.184
4.00,1209,6.241,-3.745,-2.124
4.00,1210,3.282,1.920,-2.184
4.00,1211,-3.210,2.024,-2.180
4.00,1212,-0.175,6.880,-2.194
4.00,1213,6.241,-3.745,-2.124
4.00,1214,-0.083,-0.094,7.788
4.00,1215,3.282,1.920,-2.184
4.00,1216,6.241,-3.745,-2.124
4.00,1217,-6.142,-3.781,-2.179
4.00,1218,-0.042,-3.971,-2.100
4.00,1219,3.282,1.920,-2.184
4.00,1220,-3.210,2.024,-2.180
4.00,1221,-0.042,3.767,2.856
4.00,1222,-3.210,2.024,-2.180
4.00,1223,-0.042,-3.971,-2.100
4.00,1224,-0.175,6.880,-2.194
4.00,1225,-0.042,-3.971,-2.100
4.00,1226,-3.211,-1.901,2.777
4.00,1227,3.125,-1.888,2.783
4.00,1228,3.125,-1.888,2.783
4.00,1229,-3.210,2.024,-2.180
4.00,1230,-3.210,2.024,-2.180
4.00,1231,-0.042,3.767,2.856
4.00,1232,-3.210,2.024,-2.180
4.00,1233,3.282,1.920,-2.184
4.00,1234,6.241,-3.745,-2.124
4.00,1235,6.241,-3.745,-2.124
4.00,1236,-0.042,3.767,2.856
4.00,1237,-0.042,-3.971,-2.100
4.00,1238,-0.042,3.767,2.856
4.00,1239,-0.042,-3.971,-2.100
4.00,1240,6.241,-3.745,-2.124
4.00,1241,6.241,-3.745,-2.124
4.00,1242,-0.175,6.880,-2.194
4.00,1243,-6.142,-3.781,-2.179
4.00,1244,3.282,1.920,-2.184
4.00,1245,-0.083,-0.094,7.788
4.00,1246,-0.083,-0.094,7.788
4.00,1247,-0.042,-3.971,-2.100
4.00,1248,3.282,1.920,-2.184
4.00,1249,6.241,-3.745,-2.124
4.00,1250,-0.083,-0.094,7.788
4.00,1251,-0.175,6.880,-2.194
4.00,1252,-0.083,-0.094,7.788
4.00,1253,-3.211,-1.901,2.777
4.00,1254,-0.175,6.880,-2.194
4.00,1255,3.282,1.920,-2.184
4.00,1256,-3.210,2.024,-2.180
4.00,1257,6.241,-3.745,-2.124
4.00,1258,-0.042,3.767,2.856
4.00,1259,-3.210,2.024,-2.180
4.00,1260,-0.083,-0.094,7.788
4.00,1261,-0.175,6.880,-2.194
4.00,1262,-6.142,-3.781,-2.179
4.00,1263,-0.083,-0.094,7.788
4.00,1264,-3.210,2.024,-2.180
4.00,1265,-0.175,6.880,-2.194
4.00,1266,6.241,-3.745,-2.124
4.00,1267,-0.083,-0.094,7.788
4.00,1268,-0.042,3.767,2.856
4.00,1269,-0.175,6.880,-2.194
4.00,1270,6.241,-3.745,-2.124
4.00,1271,-3.210,2.024,-2.180
4.00,1272,-0.042,-3.971,-2.100
4.00,1273,-3.210,2.024,-2.180
4.00,1274,6.241,-3.745,-2.124
4.00,1275,-0.042,-3.971,-2.100
4.00,1276,-0.175,6.880,-2.194
4.00,1277,-0.042,-3.971,-2.100
4.00,1278,-0.083,-0.094,7.788
4.00,1279,-6.142,-3.781,-2.179
4.00,1280,6.241,-3.745,-2.124
4.00,1281,-3.210,2.024,-2.180
4.00,1282,-3.210,2.024,-2.180
4.00,1283,-0.042,-3.971,-2.100
4.00,1284,-3.210,2.024,-2.180
4.00,1285,-0.042,-3.971,-2.100
4.00,1286,3.282,1.920,-2.184
4.00,1287,-0.042,3.767,2.856
4.00,1288,-0.175,6.880,-2.194
4.00,1289,3.125,-1.888,2.783
4.00,1290,3.125,-1.888,2.783
4.00,1291,6.241,-3.745,-2.124
4.00,1292,-0.042,3.767,2.856
4.00,1293,3.282,1.920,-2.184
4.00,1294,-3.210,2.024,-2.180
4.00,1295,-0.042,-3.971,-2.100
4.00,1296,-0.175,6.880,-2.194
4.00,1297,-0.175,6.880,-2.194
4.00,1298,3.282,1.920,-2.184
4.00,1299,-6.142,-3.781,-2.179
4.00,1300,-3.210,2.024,-2.180
4.00,1301,6.241,-3.745,-2.124
4.00,1302,-0.042,-3.971,-2.100
4.00,1303,-0.083,-0.094,7.788
4.00,1304,3.125,-1.888,2.783
4.00,1305,3.282,1.920,-2.184
4.00,1306,3.282,1.920,-2.184
4.00,1307,-3.210,2.024,-2.180
4.00,1308,-0.042,3.767,2.856
4.00,1309,3.282,1.920,-2.184
4.00,1310,3.125,-1.888,2.783
4.00,1311,6.241,-3.745,-2.124
4.00,1312,6.241,-3.745,-2.124
4.00,1313,3.125,-1.888,2.783
4.00,1314,-3.211,-1.901,2.777
4.00,1315,3.125,-1.888,2.783
4.00,1316,-3.210,2.024,-2.180
4.00,1317,-0.042,-3.971,-2.100
4.00,1318,-0.042,-3.971,-2.100
4.00,1319,-3.210,2.024,-2.180
4.00,1320,3.282,1.920,-2.184
4.00,1321,3.282,1.920,-2.184
4.00,1322,-0.175,6.880,-2.194
4.00,1323,-0.083,-0.094,7.788
4.00,1324,3.282,1.920,-2.184
4.00,1325,-3.210,2.024,-2.180
4.00,1326,-0.083,-0.094,7.788
4.00,1327,-0.175,6.880,-2.194
4.00,1328,3.282,1.920,-2.184
4.00,1329,-0.083,-0.094,7.788
4.00,1330,-0.042,-3.971,-2.100
4.00,1331,6.241,-3.745,-2.124
4.00,1332,-3.210,2.024,-2.180
4.00,1333,-0.042,-3.971,-2.100
4.00,1334,6.241,-3.745,-2.124
4.00,1335,-0.042,-3.971,-2.100
4.00,1336,-3.210,2.024,-2.180
4.00,1337,3.125,-1.888,2.783
4.00,1338,-0.175,6.880,-2.194
4.00,1339,-0.083,-0.094,7.788
4.00,1340,-0.042,3.767,2.856
4.00,1341,-0.042,3.767,2.856
4.00,1342,-0.042,-3.971,-2.100
4.00,1343,-0.083,-0.094,7.788
4.00,1344,-3.210,2.024,-2.180
4.00,1345,-0.042,3.767,2.856
4.00,1346,-0.175,6.880,-2.194
4.00,1347,-0.083,-0.094,7.788
4.00,1348,-3.210,2.024,-2.180
4.00,1349,-0.083,-0.094,7.788
4.00,1350,-3.210,2.024,-2.180
4.00,1351,6.241,-3.745,-2.124
4.00,1352,-3.210,2.024,-2.180
4.00,1353,-0.175,6.880,-2.194
4.00,1354,-0.042,3.767,2.856
4.00,1355,3.282,1.920,-2.184
4.00,1356,6.241,-3.745,-2.124
4.00,1357,-3.210,2.024,-2.180
4.00,1358,-0.175,6.880,-2.194
4.00,1359,3.125,-1.888,2.783
4.00,1360,3.125,-1.888,2.783
4.00,1361,3.282,1.920,-2.184
4.00,1362,-0.083,-0.094,7.788
4.00,1363,-0.175,6.880,-2.194
4.00,1364,-0.042,-3.971,-2.100
4.00,1365,-0.083,-0.094,7.788
4.00,1366,-0.083,-0.094,7.788
4.00,1367,-0.175,6.880,-2.194
4.00,1368,-0.083,-0.094,7.788
4.00,1369,-3.210,2.024,-2.180
4.00,1370,-3.210,2.024,-2.180
4.00,1371,3.282,1.920,-2.184
4.00,1372,-0.042,3.767,2.856
4.00,1373,6.241,-3.745,-2.124
4.00,1374,3.125,-1.888,2.783
4.00,1375,-3.210,2.024,-2.180
4.00,1376,-0.175,6.880,-2.194
4.00,1377,-3.210,2.024,-2.180
4.00,1378,-0.083,-0.094,7.788
4.00,1379,-0.042,3.767,2.856
4.00,1380,-0.042,-3.971,-2.100
4.00,1381,-3.210,2.024,-2.180
4.00,1382,3.282,1.920,-2.184
4.00,1383,-0.083,-0.094,7.788
4.00,1384,-3.210,2.024,-2.180
4.00,1385,-0.042,-3.971,-2.100
4.00,1386,-3.210,2.024,-2.180
4.00,1387,-0.042,3.767,2.856
4.00,1388,3.282,1.920,-2.184
4.00,1389,-3.210,2.024,-2.180
4.00,1390,-0.083,-0.094,7.788
4.00,1391,-0.042,-3.971,-2.100
4.00,1392,-0.083,-0.094,7.788
4.00,1393,-3.211,-1.901,2.777
4.00,1394,6.241,-3.745,-2.124
4.00,1395,6.241,-3.745,-2.124
4.00,1396,-0.042,-3.971,-2.100
4.00,1397,-3.210,2.024,-2.180
4.00,1398,6.241,-3.745,-2.124
4.00,1399,-3.210,2.024,-2.180
4.00,1400,3.282,1.920,-2.184
4.00,1401,-0.042,-3.971,-2.100
4.00,1402,-0.083,-0.094,7.788
4.00,1403,-3.210,2.024,-2.180
4.00,1404,3.125,-1.888,2.783
4.00,1405,6.241,-3.745,-2.124
4.00,1406,-0.042,3.767,2.856
4.00,1407,-0.042,-3.971,-2.100
4.00,1408,-3.210,2.024,-2.180
4.00,1409,-3.210,2.024,-2.180
4.00,1410,3.282,1.920,-2.184
4.00,1411,-0.175,6.880,-2.194
4.00,1412,6.241,-3.745,-2.124
4.00,1413,-0.042,-3.971,-2.100
4.00,1414,3.282,1.920,-2.184
4.00,1415,6.241,-3.745,-2.124
4.00,1416,-0.083,-0.094,7.788
4.00,1417,-3.210,2.024,-2.180
4.00,1418,-6.142,-3.781,-2.179
4.00,1419,3.282,1.920,-2.184
4.00,1420,-6.142,-3.781,-2.179
4.00,1421,-0.083,-0.094,7.788
4.00,1422,-3.210,2.024,-2.180
4.00,1423,6.241,-3.745,-2.124
4.00,1424,3.282,1.920,-2.184
4.00,1425,3.125,-1.888,2.783
4.00,1426,-6.142,-3.781,-2.179
4.00,1427,3.125,-1.888,2.783
4.00,1428,3.282,1.920,-2.184
4.00,1429,3.125,-1.888,2.783
4.00,1430,-0.083,-0.094,7.788
4.00,1431,3.125,-1.888,2.783
4.00,1432,-0.175,6.880,-2.194
4.00,1433,3.282,1.920,-2.184
4.00,1434,-0.042,-3.971,-2.100
4.00,1435,-0.042,-3.971,-2.100
4.00,1436,3.125,-1.888,2.783
4.00,1437,-0.042,-3.971,-2.100
4.00,1438,-0.042,-3.971,-2.100
4.00,1439,-0.042,-3.971,-2.100
4.00,1440,-3.210,2.024,-2.180
4.00,1441,6.241,-3.745,-2.124
4.00,1442,-0.083,-0.094,7.788
4.00,1443,3.125,-1.888,2.783
4.00,1444,-0.042,-3.971,-2.100
4.00,1445,3.282,1.920,-2.184
4.00,1446,3.282,1.920,-2.184
4.00,1447,-0.083,-0.094,7.788
4.00,1448,-6.142,-3.781,-2.179
4.00,1449,-0.083,-0.094,7.788
4.00,1450,-6.142,-3.781,-2.179
4.00,1451,-0.042,-3.971,-2.100
4.00,1452,6.241,-3.745,-2.124
4.00,1453,6.241,-3.745,-2.124
4.00,1454,-0.042,3.767,2.856
4.00,1455,6.241,-3.745,-2.124
4.00,1456,-0.042,-3.971,-2.100
4.00,1457,-0.042,-3.971,-2.100
4.00,1458,-0.175,6.880,-2.194
4.00,1459,-0.042,3.767,2.856
4.00,1460,-0.042,-3.971,-2.100
4.00,1461,-3.210,2.024,-2.180
4.00,1462,-0.175,6.880,-2.194
4.00,1463,-0.042,3.767,2.856
4.00,1464,-0.042,3.767,2.856
4.00,1465,-3.210,2.024,-2.180
4.00,1466,-0.042,-3.971,-2.100
4.00,1467,-0.083,-0.094,7.788
4.00,1468,6.241,-3.745,-2.124
4.00,1469,-0.083,-0.094,7.788
4.00,1470,-3.210,2.024,-2.180
4.00,1471,-0.175,6.880,-2.194
4.00,1472,3.282,1.920,-2.184
4.00,1473,3.282,1.920,-2.184
4.00,1474,-3.210,2.024,-2.180
4.00,1475,-3.210,2.024,-2.180
4.00,1476,6.241,-3.745,-2.124
4.00,1477,3.125,-1.888,2.783
4.00,1478,-0.083,-0.094,7.788
4.00,1479,-3.210,2.024,-2.180
4.00,1480,6.241,-3.745,-2.124
4.00,1481,-3.210,2.024,-2.180
4.00,1482,-0.042,-3.971,-2.100
4.00,1483,-3.211,-1.901,2.777
4.00,1484,-0.042,-3.971,-2.100
4.00,1485,-0.042,3.767,2.856
4.00,1486,3.282,1.920,-2.184
4.00,1487,-3.210,2.024,-2.180
4.00,1488,-0.175,6.880,-2.194
4.00,1489,3.282,1.920,-2.184
4.00,1490,-3.211,-1.901,2.777
4.00,1491,-0.083,-0.094,7.788
4.00,1492,-0.042,-3.971,-2.100
4.00,1493,6.241,-3.745,-2.124
4.00,1494,-0.042,-3.971,-2.100
4.00,1495,-0.175,6.880,-2.194
4.00,1496,-3.210,2.024,-2.180
4.00,1497,6.241,-3.745,-2.124
4.00,1498,6.241,-3.745,-2.124
4.00,1499,-0.083,-0.094,7.788
4.00,1500,-3.210,2.024,-2.180
4.00,1501,-3.210,2.024,-2.180
4.00,1502,3.125,-1.888,2.783
4.00,1503,3.125,-1.888,2.783
4.00,1504,3.125,-1.888,2.783
4.00,1505,-0.042,-3.971,-2.100
4.00,1506,6.241,-3.745,-2.124
4.00,1507,3.125,-1.888,2.783
4.00,1508,-3.210,2.024,-2.180
4.00,1509,-6.142,-3.781,-2.179
4.00,1510,-6.142,-3.781,-2.179
4.00,1511,3.125,-1.888,2.783
4.00,1512,6.241,-3.745,-2.124
4.00,1513,-6.142,-3.781,-2.179
4.00,1514,-0.083,-0.094,7.788
4.00,1515,3.282,1.920,-2.184
4.00,1516,-0.042,-3.971,-2.100
4.00,1517,3.282,1.920,-2.184
4.00,1518,-0.042,3.767,2.856
4.00,1519,3.282,1.920,-2.184
4.00,1520,6.241,-3.745,-2.124
4.00,1521,-0.175,6.880,-2.194
4.00,1522,-3.210,2.024,-2.180
4.00,1523,-6.142,-3.781,-2.179
4.00,1524,-3.210,2.024,-2.180
4.00,1525,6.241,-3.745,-2.124
4.00,1526,3.282,1.920,-2.184
4.00,1527,-0.175,6.880,-2.194
4.00,1528,-3.210,2.024,-2.180
4.00,1529,-0.083,-0.094,7.788
4.00,1530,6.241,-3.745,-2.124
4.00,1531,-0.042,-3.971,-2.100
4.00,1532,-3.210,2.024,-2.180
4.00,1533,-0.175,6.880,-2.194
4.00,1534,-3.210,2.024,-2.180
4.00,1535,-0.042,-3.971,-2.100
4.00,1536,-0.083,-0.094,7.788
4.00,1537,3.282,1.920,-2.184
4.00,1538,-0.042,3.767,2.856
4.00,1539,6.241,-3.745,-2.124
4.00,1540,-0.042,-3.971,-2.100
4.00,1541,-3.210,2.024,-2.180
4.00,1542,3.282,1.920,-2.184
4.00,1543,6.241,-3.745,-2.124
4.00,1544,3.282,1.920,-2.184
4.00,1545,-3.210,2.024,-2.180
4.00,1546,-3.210,2.024,-2.180
4.00,1547,-3.210,2.024,-2.180
4.00,1548,3.282,1.920,-2.184
4.00,1549,6.241,-3.745,-2.124
4.00,1550,-0.175,6.880,-2.194
4.00,1551,3.282,1.920,-2.184
4.00,1552,-0.175,6.880,-2.194
4.00,1553,-0.042,-3.971,-2.100
4.00,1554,-3.210,2.024,-2.180
4.00,1555,-0.042,-3.971,-2.100
4.00,1556,3.282,1.920,-2.184
4.00,1557,6.241,-3.745,-2.124
4.00,1558,3.125,-1.888,2.783
4.00,1559,-0.083,-0.094,7.788
4.00,1560,-3.210,2.024,-2.180
4.00,1561,-0.042,3.767,2.856
4.00,1562,3.282,1.920,-2.184
4.00,1563,3.125,-1.888,2.783
4.00,1564,-0.083,-0.094,7.788
4.00,1565,3.125,-1.888,2.783
4.00,1566,-3.211,-1.901,2.777
4.00,1567,3.282,1.920,-2.184
4.00,1568,-0.175,6.880,-2.194
4.00,1569,-0.042,3.767,2.856
4.00,1570,-0.083,-0.094,7.788
4.00,1571,-0.083,-0.094,7.788
4.00,1572,-3.210,2.024,-2.180
4.00,1573,-3.210,2.024,-2.180
4.00,1574,3.282,1.920,-2.184
4.00,1575,-0.083,-0.094,7.788
4.00,1576,3.282,1.920,-2.184
4.00,1577,-3.210,2.024,-2.180
4.00,1578,-6.142,-3.781,-2.179
4.00,1579,6.241,-3.745,-2.124
4.00,1580,-0.083,-0.094,7.788
4.00,1581,-0.175,6.880,-2.194
4.00,1582,-0.042,-3.971,-2.100
4.00,1583,3.282,1.920,-2.184
4.00,1584,-0.175,6.880,-2.194
4.00,1585,3.282,1.920,-2.184
4.00,1586,-6.142,-3.781,-2.179
4.00,1587,6.241,-3.745,-2.124
4.00,1588,-0.042,3.767,2.856
4.00,1589,-0.042,3.767,2.856
4.00,1590,-3.211,-1.901,2.777
4.00,1591,6.241,-3.745,-2.124
4.00,1592,-0.175,6.880,-2.194
4.00,1593,-3.211,-1.901,2.777
4.00,1594,-3.210,2.024,-2.180
4.00,1595,3.282,1.920,-2.184
4.00,1596,3.125,-1.888,2.783
4.00,1597,-0.083,-0.094,7.788
4.00,1598,-0.042,-3.971,-2.100
4.00,1599,-0.175,6.880,-2.194
4.00,1600,-3.210,2.024,-2.180
4.00,1601,-0.083,-0.094,7.788
4.00,1602,-3.211,-1.901,2.777
4.00,1603,-0.042,-3.971,-2.100
4.00,1604,3.125,-1.888,2.783
4.00,1605,-0.042,3.767,2.856
4.00,1606,-0.042,-3.971,-2.100
4.00,1607,6.241,-3.745,-2.124
4.00,1608,6.241,-3.745,-2.124
4.00,1609,-0.175,6.880,-2.194
4.00,1610,-3.210,2.024,-2.180
4.00,1611,-3.210,2.024,-2.180
4.00,1612,6.241,-3.745,-2.124
4.00,1613,3.282,1.920,-2.184
4.00,1614,-3.210,2.024,-2.180
4.00,1615,-0.042,3.767,2.856
4.00,1616,-0.083,-0.094,7.788
4.00,1617,3.282,1.920,-2.184
4.00,1618,-0.175,6.880,-2.194
4.00,1619,6.241,-3.745,-2.124
4.00,1620,6.241,-3.745,-2.124
4.00,1621,-0.175,6.880,-2.194
4.00,1622,-0.175,6.880,-2.194
4.00,1623,-0.083,-0.094,7.788
4.00,1624,3.282,1.920,-2.184
4.00,1625,-0.042,-3.971,-2.100
4.00,1626,-0.042,-3.971,-2.100
4.00,1627,3.282,1.920,-2.184
4.00,1628,6.241,-3.745,-2.124
4.00,1629,6.241,-3.745,-2.124
4.00,1630,-0.083,-0.094,7.788
4.00,1631,6.241,-3.745,-2.124
4.00,1632,6.241,-3.745,-2.124
4.00,1633,-3.210,2.024,-2.180
4.00,1634,-0.175,6.880,-2.194
4.00,1635,-0.083,-0.094,7.788
4.00,1636,-0.042,-3.971,-2.100
4.00,1637,-3.210,2.024,-2.180
4.00,1638,-0.175,6.880,-2.194
4.00,1639,-3.210,2.024,-2.180
4.00,1640,-0.042,-3.971,-2.100
4.00,1641,-0.083,-0.094,7.788
4.00,1642,-3.210,2.024,-2.180
4.00,1643,-6.142,-3.781,-2.179
4.00,1644,-0.083,-0.094,7.788
4.00,1645,-0.083,-0.094,7.788
4.00,1646,-0.042,-3.971,-2.100
4.00,1647,-0.042,-3.971,-2.100
4.00,1648,-0.042,-3.971,-2.100
4.00,1649,3.282,1.920,-2.184
4.00,1650,-0.042,-3.971,-2.100
4.00,1651,-0.042,-3.971,-2.100
4.00,1652,-3.210,2.024,-2.180
4.00,1653,3.125,-1.888,2.783
4.00,1654,-3.210,2.024,-2.180
4.00,1655,3.282,1.920,-2.184
4.00,1656,-3.210,2.024,-2.180
4.00,1657,-0.175,6.880,-2.194
4.00,1658,-0.042,-3.971,-2.100
4.00,1659,3.125,-1.888,2.783
4.00,1660,-3.210,2.024,-2.180
4.00,1661,-0.175,6.880,-2.194
4.00,1662,3.125,-1.888,2.783
4.00,1663,-6.142,-3.781,-2.179
4.00,1664,-0.042,3.767,2.856
4.00,1665,-3.210,2.024,-2.180
4.00,1666,-0.042,-3.971,-2.100
4.00,1667,-3.210,2.024,-2.180
4.00,1668,-0.083,-0.094,7.788
4.00,1669,-0.083,-0.094,7.788
4.00,1670,-0.042,3.767,2.856
4.00,1671,-3.210,2.024,-2.180
4.00,1672,3.125,-1.888,2.783
4.00,1673,3.282,1.920,-2.184
4.00,1674,-0.175,6.880,-2.194
4.00,1675,3.125,-1.888,2.783
4.00,1676,-0.042,3.767,2.856
4.00,1677,-0.042,3.767,2.856
4.00,1678,-0.083,-0.094,7.788
4.00,1679,3.282,1.920,-2.184
4.00,1680,6.241,-3.745,-2.124
4.00,1681,-0.042,-3.971,-2.100
4.00,1682,3.282,1.920,-2.184
4.00,1683,-0.042,3.767,2.856
4.00,1684,-3.211,-1.901,2.777
4.00,1685,3.282,1.920,-2.184
4.00,1686,3.282,1.920,-2.184
4.00,1687,-3.210,2.024,-2.180
4.00,1688,-0.042,3.767,2.856
4.00,1689,-0.042,3.767,2.856
4.00,1690,6.241,-3.745,-2.124
4.00,1691,3.282,1.920,-2.184
4.00,1692,3.125,-1.888,2.783
4.00,1693,6.241,-3.745,-2.124
4.00,1694,-3.210,2.024,-2.180
4.00,1695,-0.042,3.767,2.856
4.00,1696,-0.042,3.767,2.856
4.00,1697,-0.175,6.880,-2.194
4.00,1698,-0.042,3.767,2.856
4.00,1699,3.282,1.920,-2.184
4.00,1700,-0.042,3.767,2.856
4.00,1701,-0.042,-3.971,-2.100
4.00,1702,3.282,1.920,-2.184
4.00,1703,3.282,1.920,-2.184
4.00,1704,-0.083,-0.094,7.788
4.00,1705,-0.042,3.767,2.856
4.00,1706,-0.042,3.767,2.856
4.00,1707,-0.175,6.880,-2.194
4.00,1708,-0.042,-3.971,-2.100
4.00,1709,-0.042,-3.971,-2.100
4.00,1710,-0.083,-0.094,7.788
4.00,1711,3.282,1.920,-2.184
4.00,1712,-0.083,-0.094,7.788
4.00,1713,6.241,-3.745,-2.124
4.00,1714,-6.142,-3.781,-2.179
4.00,1715,-0.042,3.767,2.856
4.00,1716,-0.042,-3.971,-2.100
4.00,1717,-0.042,-3.971,-2.100
4.00,1718,3.282,1.920,-2.184
4.00,1719,-3.210,2.024,-2.180
4.00,1720,6.241,-3.745,-2.124
4.00,1721,-3.210,2.024,-2.180
4.00,1722,6.241,-3.745,-2.124
4.00,1723,-3.210,2.024,-2.180
4.00,1724,3.282,1.920,-2.184
4.00,1725,-6.142,-3.781,-2.179
4.00,1726,-3.210,2.024,-2.180
4.00,1727,-0.175,6.880,-2.194
4.00,1728,-6.142,-3.781,-2.179
4.00,1729,-6.142,-3.781,-2.179
4.00,1730,-3.210,2.024,-2.180
4.00,1731,6.241,-3.745,-2.124
4.00,1732,-0.175,6.880,-2.194
4.00,1733,3.282,1.920,-2.184
4.00,1734,-3.210,2.024,-2.180
4.00,1735,-0.042,-3.971,-2.100
4.00,1736,6.241,-3.745,-2.124
4.00,1737,6.241,-3.745,-2.124
4.00,1738,-3.210,2.024,-2.180
4.00,1739,-6.142,-3.781,-2.179
4.00,1740,-0.042,-3.971,-2.100
4.00,1741,3.125,-1.888,2.783
4.00,1742,-3.210,2.024,-2.180
4.00,1743,-0.175,6.880,-2.194
4.00,1744,-0.042,3.767,2.856
4.00,1745,-0.042,3.767,2.856
4.00,1746,6.241,-3.745,-2.124
4.00,1747,-0.083,-0.094,7.788
4.00,1748,-0.175,6.880,-2.194
4.00,1749,-0.042,3.767,2.856
4.00,1750,-0.175,6.880,-2.194
4.00,1751,-0.042,-3.971,-2.100
4.00,1752,6.241,-3.745,-2.124
4.00,1753,-0.175,6.880,-2.194
4.00,1754,3.282,1.920,-2.184
4.00,1755,-0.175,6.880,-2.194
4.00,1756,6.241,-3.745,-2.124
4.00,1757,-3.210,2.024,-2.180
4.00,1758,-0.042,-3.971,-2.100
4.00,1759,3.282,1.920,-2.184
4.00,1760,3.282,1.920,-2.184
4.00,1761,-3.210,2.024,-2.180
4.00,1762,-0.083,-0.094,7.788
4.00,1763,-0.083,-0.094,7.788
4.00,1764,-0.175,6.880,-2.194
4.00,1765,-0.175,6.880,-2.194
4.00,1766,-6.142,-3.781,-2.179
4.00,1767,-6.142,-3.781,-2.179
4.00,1768,6.241,-3.745,-2.124
4.00,1769,-3.210,2.024,-2.180
4.00,1770,3.282,1.920,-2.184
4.00,1771,-3.210,2.024,-2.180
4.00,1772,3.282,1.920,-2.184
4.00,1773,-0.042,-3.971,-2.100
4.00,1774,-0.083,-0.094,7.788
4.00,1775,6.241,-3.745,-2.124
4.00,1776,-0.175,6.880,-2.194
4.00,1777,6.241,-3.745,-2.124
4.00,1778,-0.042,3.767,2.856
4.00,1779,-0.042,3.767,2.856
4.00,1780,6.241,-3.745,-2.124
4.00,1781,-0.175,6.880,-2.194
4.00,1782,3.125,-1.888,2.783
4.00,1783,3.125,-1.888,2.783
4.00,1784,-0.042,-3.971,-2.100
4.00,1785,-3.210,2.024,-2.180
4.00,1786,3.282,1.920,-2.184
4.00,1787,-3.210,2.024,-2.180
4.00,1788,-0.042,-3.971,-2.100
4.00,1789,-0.042,-3.971,-2.100
4.00,1790,-0.042,3.767,2.856
4.00,1791,-6.142,-3.781,-2.179
4.00,1792,-6.142,-3.781,-2.179
4.00,1793,3.282,1.920,-2.184
4.00,1794,-3.210,2.024,-2.180
4.00,1795,3.282,1.920,-2.184
4.00,1796,3.125,-1.888,2.783
4.00,1797,-3.211,-1.901,2.777
4.00,1798,-0.083,-0.094,7.788
4.00,1799,3.282,1.920,-2.184
4.00,1800,3.282,1.920,-2.184
4.00,1801,-3.210,2.024,-2.180
4.00,1802,3.282,1.920,-2.184
4.00,1803,-6.142,-3.781,-2.179
4.00,1804,-6.142,-3.781,-2.179
4.00,1805,-3.210,2.024,-2.180
4.00,1806,-3.210,2.024,-2.180
4.00,1807,-6.142,-3.781,-2.179
4.00,1808,-0.083,-0.094,7.788
4.00,1809,3.282,1.920,-2.184
4.00,1810,-0.042,-3.971,-2.100
4.00,1811,3.282,1.920,-2.184
4.00,1812,3.282,1.920,-2.184
4.00,1813,-0.042,-3.971,-2.100
4.00,1814,-0.042,-3.971,-2.100
4.00,1815,-0.083,-0.094,7.788
4.00,1816,-0.083,-0.094,7.788
4.00,1817,-3.210,2.024,-2.180
4.00,1818,-3.210,2.024,-2.180
4.00,1819,-0.175,6.880,-2.194
4.00,1820,-0.083,-0.094,7.788
4.00,1821,6.241,-3.745,-2.124
4.00,1822,-0.175,6.880,-2.194
4.00,1823,-0.175,6.880,-2.194
4.00,1824,-0.042,-3.971,-2.100
4.00,1825,3.282,1.920,-2.184
4.00,1826,-0.042,-3.971,-2.100
4.00,1827,-0.042,3.767,2.856
4.00,1828,-0.042,-3.971,-2.100
4.00,1829,-0.042,3.767,2.856
4.00,1830,6.241,-3.745,-2.124
4.00,1831,3.282,1.920,-2.184
4.00,1832,6.241,-3.745,-2.124
4.00,1833,3.282,1.920,-2.184
4.00,1834,-3.210,2.024,-2.180
4.00,1835,-0.042,-3.971,-2.100
4.00,1836,-3.210,2.024,-2.180
4.00,1837,-3.210,2.024,-2.180
4.00,1838,-0.042,-3.971,-2.100
4.00,1839,-0.042,3.767,2.856
4.00,1840,3.125,-1.888,2.783
4.00,1841,3.125,-1.888,2.783
4.00,1842,-0.175,6.880,-2.194
4.00,1843,-3.210,2.024,-2.180
4.00,1844,-0.042,-3.971,-2.100
4.00,1845,-0.083,-0.094,7.788
4.00,1846,-0.083,-0.094,7.788
4.00,1847,6.241,-3.745,-2.124
4.00,1848,-3.211,-1.901,2.777
4.00,1849,-3.210,2.024,-2.180
4.00,1850,-0.083,-0.094,7.788
4.00,1851,3.282,1.920,-2.184
4.00,1852,-0.042,-3.971,-2.100
4.00,1853,-3.210,2.024,-2.180
4.00,1854,6.241,-3.745,-2.124
4.00,1855,-0.083,-0.094,7.788
4.00,1856,-3.210,2.024,-2.180
4.00,1857,6.241,-3.745,-2.124
4.00,1858,3.282,1.920,-2.184
4.00,1859,-3.210,2.024,-2.180
4.00,1860,-0.175,6.880,-2.194
4.00,1861,6.241,-3.745,-2.124
4.00,1862,6.241,-3.745,-2.124
4.00,1863,3.282,1.920,-2.184
4.00,1864,-0.083,-0.094,7.788
4.00,1865,-0.042,3.767,2.856
4.00,1866,6.241,-3.745,-2.124
4.00,1867,-0.042,3.767,2.856
4.00,1868,-3.210,2.024,-2.180
4.00,1869,-0.083,-0.094,7.788
4.00,1870,6.241,-3.745,-2.124
4.00,1871,-3.211,-1.901,2.777
4.00,1872,-3.210,2.024,-2.180
4.00,1873,3.282,1.920,-2.184
4.00,1874,-0.083,-0.094,7.788
4.00,1875,3.125,-1.888,2.783
4.00,1876,-6.142,-3.781,-2.179
4.00,1877,3.282,1.920,-2.184
4.00,1878,-0.042,-3.971,-2.100
4.00,1879,-3.210,2.024,-2.180
4.00,1880,3.125,-1.888,2.783
4.00,1881,3.125,-1.888,2.783
4.00,1882,-3.210,2.024,-2.180
4.00,1883,-0.083,-0.094,7.788
4.00,1884,-3.210,2.024,-2.180
4.00,1885,6.241,-3.745,-2.124
4.00,1886,-0.175,6.880,-2.194
4.00,1887,-0.042,-3.971,-2.100
4.00,1888,-0.042,-3.971,-2.100
4.00,1889,-3.210,2.024,-2.180
4.00,1890,6.241,-3.745,-2.124
4.00,1891,3.125,-1.888,2.783
4.00,1892,-3.210,2.024,-2.180
4.00,1893,-0.083,-0.094,7.788
4.00,1894,3.282,1.920,-2.184
4.00,1895,6.241,-3.745,-2.124
4.00,1896,-0.042,3.767,2.856
4.00,1897,-0.083,-0.094,7.788
4.00,1898,-3.210,2.024,-2.180
4.00,1899,-0.042,-3.971,-2.100
4.00,1900,6.241,-3.745,-2.124
4.00,1901,-0.042,-3.971,-2.100
4.00,1902,3.282,1.920,-2.184
4.00,1903,3.282,1.920,-2.184
4.00,1904,-0.042,3.767,2.856
4.00,1905,6.241,-3.745,-2.124
4.00,1906,-0.042,3.767,2.856
4.00,1907,-0.083,-0.094,7.788
4.00,1908,-6.142,-3.781,-2.179
4.00,1909,-0.175,6.880,-2.194
4.00,1910,-0.083,-0.094,7.788
4.00,1911,-3.210,2.024,-2.180
4.00,1912,-3.210,2.024,-2.180
4.00,1913,-0.083,-0.094,7.788
4.00,1914,-0.175,6.880,-2.194
4.00,1915,-0.042,3.767,2.856
4.00,1916,-0.042,-3.971,-2.100
4.00,1917,-3.210,2.024,-2.180
4.00,1918,-3.210,2.024,-2.180
4.00,1919,-3.210,2.024,-2.180
4.00,1920,-0.083,-0.094,7.788
4.00,1921,-0.083,-0.094,7.788
4.00,1922,-0.042,3.767,2.856
4.00,1923,-0.175,6.880,-2.194
4.00,1924,3.282,1.920,-2.184
4.00,1925,6.241,-3.745,-2.124
4.00,1926,-0.175,6.880,-2.194
4.00,1927,-0.042,-3.971,-2.100
4.00,1928,3.282,1.920,-2.184
4.00,1929,3.282,1.920,-2.184
4.00,1930,-0.042,-3.971,-2.100
4.00,1931,-0.175,6.880,-2.194
4.00,1932,-6.142,-3.781,-2.179
4.00,1933,-0.083,-0.094,7.788
4.00,1934,-0.042,3.767,2.856
4.00,1935,-0.083,-0.094,7.788
4.00,1936,-0.083,-0.094,7.788
4.00,1937,-3.210,2.024,-2.180
4.00,1938,3.282,1.920,-2.184
4.00,1939,-0.083,-0.094,7.788
4.00,1940,-3.210,2.024,-2.180
4.00,1941,-3.210,2.024,-2.180
4.00,1942,-0.042,-3.971,-2.100
4.00,1943,-0.042,-3.971,-2.100
4.00,1944,6.241,-3.745,-2.124
4.00,1945,3.282,1.920,-2.184
4.00,1946,-0.083,-0.094,7.788
4.00,1947,3.282,1.920,-2.184
4.00,1948,-3.210,2.024,-2.180
4.00,1949,-3.211,-1.901,2.777
4.00,1950,3.125,-1.888,2.783
4.00,1951,-3.210,2.024,-2.180
4.00,1952,-6.142,-3.781,-2.179
4.00,1953,-0.175,6.880,-2.194
4.00,1954,6.241,-3.745,-2.124
4.00,1955,6.241,-3.745,-2.124
4.00,1956,-0.042,-3.971,-2.100
4.00,1957,3.282,1.920,-2.184
4.00,1958,-6.142,-3.781,-2.179
4.00,1959,3.282,1.920,-2.184
4.00,1960,-6.142,-3.781,-2.179
4.00,1961,6.241,-3.745,-2.124
4.00,1962,3.282,1.920,-2.184
4.00,1963,6.241,-3.745,-2.124
4.00,1964,6.241,-3.745,-2.124
4.00,1965,3.282,1.920,-2.184
4.00,1966,-0.042,3.767,2.856
4.00,1967,-0.175,6.880,-2.194
4.00,1968,-0.042,-3.971,-2.100
4.00,1969,3.282,1.920,-2.184
4.00,1970,-3.210,2.024,-2.180
4.00,1971,-0.042,-3.971,-2.100
4.00,1972,-0.042,-3.971,-2.100
4.00,1973,-3.211,-1.901,2.777
4.00,1974,3.282,1.920,-2.184
4.00,1975,-3.210,2.024,-2.180
4.00,1976,-0.042,3.767,2.856
4.00,1977,-3.210,2.024,-2.180
4.00,1978,-0.083,-0.094,7.788
4.00,1979,-6.142,-3.781,-2.179
4.00,1980,-0.175,6.880,-2.194
4.00,1981,3.125,-1.888,2.783
4.00,1982,-0.042,-3.971,-2.100
4.00,1983,-3.210,2.024,-2.180
4.00,1984,-0.175,6.880,-2.194
4.00,1985,3.125,-1.888,2.783
4.00,1986,-6.142,-3.781,-2.179
4.00,1987,-0.175,6.880,-2.194
4.00,1988,-3.210,2.024,-2.180
4.00,1989,-0.042,-3.971,-2.100
4.00,1990,-0.042,3.767,2.856
4.00,1991,-6.142,-3.781,-2.179
4.00,1992,-0.083,-0.094,7.788
4.00,1993,-0.175,6.880,-2.194
4.00,1994,6.241,-3.745,-2.124
4.00,1995,3.282,1.920,-2.184
4.00,1996,-0.042,-3.971,-2.100
4.00,1997,6.241,-3.745,-2.124
4.00,1998,-3.210,2.024,-2.180
4.00,1999,3.125,-1.888,2.783
4.00,2000,-3.210,2.024,-2.180
4.00,2001,-3.211,-1.901,2.777
4.00,2002,-0.042,3.767,2.856
4.00,2003,-0.042,-3.971,-2.100
4.00,2004,3.282,1.920,-2.184
4.00,2005,-3.211,-1.901,2.777
4.00,2006,6.241,-3.745,-2.124
4.00,2007,-0.083,-0.094,7.788
4.00,2008,-0.175,6.880,-2.194
4.00,2009,-3.210,2.024,-2.180
4.00,2010,3.282,1.920,-2.184
4.00,2011,-0.042,3.767,2.856
4.00,2012,3.282,1.920,-2.184
4.00,2013,-0.042,-3.971,-2.100
4.00,2014,-0.042,-3.971,-2.100
4.00,2015,-6.142,-3.781,-2.179
4.00,2016,6.241,-3.745,-2.124
4.00,2017,-0.083,-0.094,7.788
4.00,2018,-0.042,3.767,2.856
4.00,2019,-0.042,-3.971,-2.100
4.00,2020,-3.210,2.024,-2.180
4.00,2021,6.241,-3.745,-2.124
4.00,2022,-3.210,2.024,-2.180
4.00,2023,6.241,-3.745,-2.124
4.00,2024,3.125,-1.888,2.783
4.00,2025,-3.210,2.024,-2.180
4.00,2026,-0.042,-3.971,-2.100
4.00,2027,-3.210,2.024,-2.180
4.00,2028,-3.210,2.024,-2.180
4.00,2029,3.282,1.920,-2.184
4.00,2030,-0.083,-0.094,7.788
4.00,2031,-3.210,2.024,-2.180
4.00,2032,-3.210,2.024,-2.180
4.00,2033,-0.083,-0.094,7.788
4.00,2034,-0.042,-3.971,-2.100
4.00,2035,-0.083,-0.094,7.788
4.00,2036,6.241,-3.745,-2.124
4.00,2037,-6.142,-3.781,-2.179
4.00,2038,-0.083,-0.094,7.788
4.00,2039,6.241,-3.745,-2.124
4.00,2040,-3.210,2.024,-2.180
4.00,2041,-0.083,-0.094,7.788
4.00,2042,6.241,-3.745,-2.124
4.00,2043,-0.175,6.880,-2.194
4.00,2044,-0.083,-0.094,7.788
4.00,2045,3.125,-1.888,2.783
4.00,2046,3.282,1.920,-2.184
4.00,2047,-6.142,-3.781,-2.179
4.00,2048,-0.042,3.767,2.856
4.00,2049,-0.083,-0.094,7.788
4.00,2050,-0.042,3.767,2.856
4.00,2051,6.241,-3.745,-2.124
4.00,2052,-3.210,2.024,-2.180
4.00,2053,-6.142,-3.781,-2.179
4.00,2054,-0.175,6.880,-2.194
4.00,2055,6.241,-3.745,-2.124
4.00,2056,-0.042,-3.971,-2.100
4.00,2057,-0.042,3.767,2.856
4.00,2058,-0.083,-0.094,7.788
4.00,2059,6.241,-3.745,-2.124
4.00,2060,6.241,-3.745,-2.124
4.00,2061,-3.210,2.024,-2.180
4.00,2062,-3.210,2.024,-2.180
4.00,2063,-3.211,-1.901,2.777
4.00,2064,-0.042,3.767,2.856
4.00,2065,-0.042,3.767,2.856
4.00,2066,6.241,-3.745,-2.124
4.00,2067,-0.042,-3.971,-2.100
4.00,2068,3.282,1.920,-2.184
4.00,2069,-0.083,-0.094,7.788
4.00,2070,3.282,1.920,-2.184
4.00,2071,-0.175,6.880,-2.194
4.00,2072,-0.083,-0.094,7.788
4.00,2073,-3.210,2.024,-2.180
4.00,2074,-0.175,6.880,-2.194
4.00,2075,-6.142,-3.781,-2.179
4.00,2076,-0.083,-0.094,7.788
4.00,2077,-3.211,-1.901,2.777
4.00,2078,-0.042,3.767,2.856
4.00,2079,3.125,-1.888,2.783
4.00,2080,-0.175,6.880,-2.194
4.00,2081,-0.175,6.880,-2.194
4.00,2082,3.282,1.920,-2.184
4.00,2083,-0.042,3.767,2.856
4.00,2084,-3.210,2.024,-2.180
4.00,2085,3.125,-1.888,2.783
4.00,2086,-3.210,2.024,-2.180
4.00,2087,-0.175,6.880,-2.194
4.00,2088,-0.175,6.880,-2.194
4.00,2089,-0.175,6.880,-2.194
4.00,2090,-6.142,-3.781,-2.179
4.00,2091,-3.210,2.024,-2.180
4.00,2092,3.282,1.920,-2.184
4.00,2093,-0.083,-0.094,7.788
4.00,2094,-3.210,2.024,-2.180
4.00,2095,-3.210,2.024,-2.180
4.00,2096,6.241,-3.745,-2.124
4.00,2097,3.125,-1.888,2.783
4.00,2098,-0.042,-3.971,-2.100
4.00,2099,-0.042,-3.971,-2.100
4.00,2100,-6.142,-3.781,-2.179
4.00,2101,3.282,1.920,-2.184
4.00,2102,-6.142,-3.781,-2.179
4.00,2103,-0.042,3.767,2.856
4.00,2104,-3.210,2.024,-2.180
4.00,2105,-3.210,2.024,-2.180
4.00,2106,-0.042,3.767,2.856
4.00,2107,6.241,-3.745,-2.124
4.00,2108,3.282,1.920,-2.184
4.00,2109,-0.083,-0.094,7.788
4.00,2110,3.125,-1.888,2.783
4.00,2111,3.282,1.920,-2.184
4.00,2112,-0.175,6.880,-2.194
4.00,2113,-0.083,-0.094,7.788
4.00,2114,-0.175,6.880,-2.194
4.00,2115,6.241,-3.745,-2.124
4.00,2116,-0.083,-0.094,7.788
4.00,2117,-0.042,-3.971,-2.100
4.00,2118,-0.083,-0.094,7.788
4.00,2119,-3.211,-1.901,2.777
4.00,2120,6.241,-3.745,-2.124
4.00,2121,3.125,-1.888,2.783
4.00,2122,-0.042,-3.971,-2.100
4.00,2123,-6.142,-3.781,-2.179
4.00,2124,-3.210,2.024,-2.180
4.00,2125,-0.175,6.880,-2.194
4.00,2126,6.241,-3.745,-2.124
4.00,2127,-3.210,2.024,-2.180
4.00,2128,-0.083,-0.094,7.788
4.00,2129,-0.175,6.880,-2.194
4.00,2130,-0.175,6.880,-2.194
4.00,2131,3.282,1.920,-2.184
4.00,2132,-0.175,6.880,-2.194
4.00,2133,3.282,1.920,-2.184
4.00,2134,-3.210,2.024,-2.180
4.00,2135,3.282,1.920,-2.184
4.00,2136,-3.210,2.024,-2.180
4.00,2137,6.241,-3.745,-2.124
4.00,2138,6.241,-3.745,-2.124
4.00,2139,-0.175,6.880,-2.194
4.00,2140,3.125,-1.888,2.783
4.00,2141,-3.210,2.024,-2.180
4.00,2142,-0.042,-3.971,-2.100
4.00,2143,-6.142,-3.781,-2.179
4.00,2144,6.241,-3.745,-2.124
4.00,2145,-0.175,6.880,-2.194
4.00,2146,-0.083,-0.094,7.788
4.00,2147,6.241,-3.745,-2.124
4.00,2148,3.282,1.920,-2.184
4.00,2149,3.282,1.920,-2.184
4.00,2150,-0.042,-3.971,-2.100
4.00,2151,-0.042,3.767,2.856
4.00,2152,6.241,-3.745,-2.124
4.00,2153,-0.042,3.767,2.856
4.00,2154,-0.042,-3.971,-2.100
4.00,2155,3.125,-1.888,2.783
4.00,2156,3.282,1.920,-2.184
4.00,2157,-0.042,3.767,2.856
4.00,2158,-3.210,2.024,-2.180
4.00,2159,3.282,1.920,-2.184
4.00,2160,3.282,1.920,-2.184
4.00,2161,-0.042,3.767,2.856
4.00,2162,-6.142,-3.781,-2.179
4.00,2163,-0.042,-3.971,-2.100
4.00,2164,-3.211,-1.901,2.777
4.00,2165,6.241,-3.745,-2.124
4.00,2166,-0.042,-3.971,-2.100
4.00,2167,-3.210,2.024,-2.180
4.00,2168,-3.210,2.024,-2.180
4.00,2169,-0.042,3.767,2.856
4.00,2170,-0.042,3.767,2.856
4.00,2171,-0.175,6.880,-2.194
4.00,2172,-0.042,-3.971,-2.100
4.00,2173,3.125,-1.888,2.783
4.00,2174,-0.042,-3.971,-2.100
4.00,2175,3.282,1.920,-2.184
4.00,2176,3.125,-1.888,2.783
4.00,2177,-3.210,2.024,-2.180
4.00,2178,3.125,-1.888,2.783
4.00,2179,3.282,1.920,-2.184
4.00,2180,3.282,1.920,-2.184
4.00,2181,-3.210,2.024,-2.180
4.00,2182,-0.175,6.880,-2.194
4.00,2183,3.282,1.920,-2.184
4.00,2184,3.282,1.920,-2.184
4.00,2185,3.125,-1.888,2.783
4.00,2186,-0.042,-3.971,-2.100
4.00,2187,-3.211,-1.901,2.777
4.00,2188,-3.210,2.024,-2.180
4.00,2189,-0.175,6.880,-2.194
4.00,2190,6.241,-3.745,-2.124
4.00,2191,-0.083,-0.094,7.788
4.00,2192,-3.210,2.024,-2.180
4.00,2193,-0.175,6.880,-2.194
4.00,2194,-0.083,-0.094,7.788
4.00,2195,6.241,-3.745,-2.124
4.00,2196,-0.042,-3.971,-2.100
4.00,2197,-0.042,-3.971,-2.100
4.00,2198,-0.042,-3.971,-2.100
4.00,2199,3.282,1.920,-2.184
4.00,2200,-0.175,6.880,-2.194
4.00,2201,-0.042,3.767,2.856
4.00,2202,-3.210,2.024,-2.180
4.00,2203,-0.175,6.880,-2.194
4.00,2204,3.282,1.920,-2.184
4.00,2205,3.282,1.920,-2.184
4.00,2206,-3.211,-1.901,2.777
4.00,2207,-6.142,-3.781,-2.179
4.00,2208,3.282,1.920,-2.184
4.00,2209,3.125,-1.888,2.783
4.00,2210,-0.042,-3.971,-2.100
4.00,2211,-6.142,-3.781,-2.179
4.00,2212,-3.210,2.024,-2.180
4.00,2213,-3.210,2.024,-2.180
4.00,2214,-0.083,-0.094,7.788
4.00,2215,3.282,1.920,-2.184
4.00,2216,3.282,1.920,-2.184
4.00,2217,-0.175,6.880,-2.194
4.00,2218,6.241,-3.745,-2.124
4.00,2219,-0.042,-3.971,-2.100
4.00,2220,3.125,-1.888,2.783
4.00,2221,-3.210,2.024,-2.180
4.00,2222,-0.042,-3.971,-2.100
4.00,2223,6.241,-3.745,-2.124
4.00,2224,-0.083,-0.094,7.788
4.00,2225,3.282,1.920,-2.184
4.00,2226,-6.142,-3.781,-2.179
4.00,2227,-0.042,-3.971,-2.100
4.00,2228,-6.142,-3.781,-2.179
4.00,2229,3.282,1.920,-2.184
4.00,2230,-0.042,-3.971,-2.100
4.00,2231,-0.083,-0.094,7.788
4.00,2232,-0.042,-3.971,-2.100
4.00,2233,-0.042,-3.971,-2.100
4.00,2234,6.241,-3.745,-2.124
4.00,2235,-0.042,-3.971,-2.100
4.00,2236,-0.042,-3.971,-2.100
4.00,2237,-0.042,3.767,2.856
4.00,2238,-3.210,2.024,-2.180
4.00,2239,3.282,1.920,-2.184
4.00,2240,-0.042,3.767,2.856
4.00,2241,-6.142,-3.781,-2.179
4.00,2242,-3.210,2.024,-2.180
4.00,2243,3.125,-1.888,2.783
4.00,2244,-3.210,2.024,-2.180
4.00,2245,6.241,-3.745,-2.124
4.00,2246,-0.175,6.880,-2.194
4.00,2247,6.241,-3.745,-2.124
4.00,2248,-3.210,2.024,-2.180
4.00,2249,-3.210,2.024,-2.180
4.00,2250,-0.042,-3.971,-2.100
4.00,2251,3.282,1.920,-2.184
4.00,2252,-3.210,2.024,-2.180
4.00,2253,-0.175,6.880,-2.194
4.00,2254,3.282,1.920,-2.184
4.00,2255,6.241,-3.745,-2.124
4.00,2256,-0.083,-0.094,7.788
4.00,2257,-0.083,-0.094,7.788
4.00,2258,3.282,1.920,-2.184
4.00,2259,-0.083,-0.094,7.788
4.00,2260,-0.042,3.767,2.856
4.00,2261,-0.042,3.767,2.856
4.00,2262,-0.175,6.880,-2.194
4.00,2263,-0.175,6.880,-2.194
4.00,2264,-0.175,6.880,-2.194
4.00,2265,-0.042,-3.971,-2.100
4.00,2266,-0.175,6.880,-2.194
4.00,2267,-3.210,2.024,-2.180
4.00,2268,-0.042,3.767,2.856
4.00,2269,-0.083,-0.094,7.788
4.00,2270,3.282,1.920,-2.184
4.00,2271,-0.042,-3.971,-2.100
4.00,2272,-0.042,-3.971,-2.100
4.00,2273,6.241,-3.745,-2.124
4.00,2274,-0.042,-3.971,-2.100
4.00,2275,6.241,-3.745,-2.124
4.00,2276,-3.210,2.024,-2.180
4.00,2277,-0.175,6.880,-2.194
4.00,2278,-3.210,2.024,-2.180
4.00,2279,-0.042,-3.971,-2.100
4.00,2280,3.125,-1.888,2.783
4.00,2281,-0.042,-3.971,-2.100
4.00,2282,-0.042,3.767,2.856
4.00,2283,3.282,1.920,-2.184
4.00,2284,6.241,-3.745,-2.124
4.00,2285,-3.210,2.024,-2.180
4.00,2286,-0.042,-3.971,-2.100
4.00,2287,6.241,-3.745,-2.124
4.00,2288,3.282,1.920,-2.184
4.00,2289,-0.175,6.880,-2.194
4.00,2290,-0.083,-0.094,7.788
4.00,2291,-0.042,-3.971,-2.100
4.00,2292,-0.175,6.880,-2.194
4.00,2293,-0.042,-3.971,-2.100
4.00,2294,6.241,-3.745,-2.124
4.00,2295,-0.042,3.767,2.856
4.00,2296,-3.211,-1.901,2.777
4.00,2297,3.125,-1.888,2.783
4.00,2298,-0.042,-3.971,-2.100
4.00,2299,3.282,1.920,-2.184
4.00,2300,3.125,-1.888,2.783
4.00,2301,-0.175,6.880,-2.194
4.00,2302,-3.210,2.024,-2.180
4.00,2303,-0.083,-0.094,7.788
4.00,2304,3.282,1.920,-2.184
4.00,2305,-0.042,-3.971,-2.100
4.00,2306,-0.175,6.880,-2.194
4.00,2307,-0.083,-0.094,7.788
4.00,2308,-0.042,-3.971,-2.100
4.00,2309,-3.210,2.024,-2.180
4.00,2310,-6.142,-3.781,-2.179
4.00,2311,-0.042,-3.971,-2.100
4.00,2312,-0.042,3.767,2.856
4.00,2313,-0.042,-3.971,-2.100
4.00,2314,3.282,1.920,-2.184
4.00,2315,-0.083,-0.094,7.788
4.00,2316,3.282,1.920,-2.184
4.00,2317,-0.175,6.880,-2.194
4.00,2318,-0.042,-3.971,-2.100
4.00,2319,-0.175,6.880,-2.194
4.00,2320,-3.210,2.024,-2.180
4.00,2321,-0.042,3.767,2.856
4.00,2322,3.282,1.920,-2.184
4.00,2323,-0.083,-0.094,7.788
4.00,2324,-3.210,2.024,-2.180
4.00,2325,-0.042,-3.971,-2.100
4.00,2326,-3.210,2.024,-2.180
4.00,2327,-3.211,-1.901,2.777
4.00,2328,-0.175,6.880,-2.194
4.00,2329,-3.210,2.024,-2.180
4.00,2330,3.282,1.920,-2.184
4.00,2331,-3.211,-1.901,2.777
4.00,2332,6.241,-3.745,-2.124
4.00,2333,-0.042,3.767,2.856
4.00,2334,-0.042,-3.971,-2.100
4.00,2335,-6.142,-3.781,-2.179
4.00,2336,-0.042,3.767,2.856
4.00,2337,-6.142,-3.781,-2.179
4.00,2338,6.241,-3.745,-2.124
4.00,2339,-0.042,-3.971,-2.100
4.00,2340,-3.210,2.024,-2.180
4.00,2341,-0.042,-3.971,-2.100
4.00,2342,3.282,1.920,-2.184
4.00,2343,-0.175,6.880,-2.194
4.00,2344,-0.175,6.880,-2.194
4.00,2345,3.125,-1.888,2.783
4.00,2346,-3.210,2.024,-2.180
4.00,2347,-0.042,-3.971,-2.100
4.00,2348,-0.175,6.880,-2.194
4.00,2349,-3.210,2.024,-2.180
4.00,2350,3.282,1.920,-2.184
4.00,2351,-0.083,-0.094,7.788
4.00,2352,-0.175,6.880,-2.194
4.00,2353,-0.175,6.880,-2.194
4.00,2354,-0.042,3.767,2.856
4.00,2355,-0.083,-0.094,7.788
4.00,2356,3.282,1.920,-2.184
4.00,2357,-6.142,-3.781,-2.179
4.00,2358,-0.042,3.767,2.856
4.00,2359,6.241,-3.745,-2.124
4.00,2360,6.241,-3.745,-2.124
4.00,2361,-0.042,-3.971,-2.100
4.00,2362,6.241,-3.745,-2.124
4.00,2363,-0.042,3.767,2.856
4.00,2364,-0.175,6.880,-2.194
4.00,2365,-6.142,-3.781,-2.179
4.00,2366,6.241,-3.745,-2.124
4.00,2367,-0.042,3.767,2.856
4.00,2368,-0.042,-3.971,-2.100
4.00,2369,3.125,-1.888,2.783
4.00,2370,-0.083,-0.094,7.788
4.00,2371,-0.042,-3.971,-2.100
4.00,2372,6.241,-3.745,-2.124
4.00,2373,-3.210,2.024,-2.180
4.00,2374,6.241,-3.745,-2.124
4.00,2375,6.241,-3.745,-2.124
4.00,2376,6.241,-3.745,-2.124
4.00,2377,-0.175,6.880,-2.194
4.00,2378,-0.083,-0.094,7.788
4.00,2379,3.282,1.920,-2.184
4.00,2380,-6.142,-3.781,-2.179
4.00,2381,-0.083,-0.094,7.788
4.00,2382,-3.210,2.024,-2.180
4.00,2383,-0.042,-3.971,-2.100
4.00,2384,-3.210,2.024,-2.180
4.00,2385,-6.142,-3.781,-2.179
4.00,2386,-0.042,-3.971,-2.100
4.00,2387,3.125,-1.888,2.783
4.00,2388,-0.175,6.880,-2.194
4.00,2389,-3.210,2.024,-2.180
4.00,2390,6.241,-3.745,-2.124
4.00,2391,-0.083,-0.094,7.788
4.00,2392,-0.042,3.767,2.856
4.00,2393,-0.042,-3.971,-2.100
4.00,2394,-0.042,3.767,2.856
4.00,2395,3.282,1.920,-2.184
4.00,2396,-3.210,2.024,-2.180
4.00,2397,-0.042,-3.971,-2.100
4.00,2398,-3.210,2.024,-2.180
4.00,2399,3.282,1.920,-2.184
4.00,2400,3.125,-1.888,2.783
4.00,2401,-0.083,-0.094,7.788
4.00,2402,-3.210,2.024,-2.180
4.00,2403,6.241,-3.745,-2.124
4.00,2404,3.282,1.920,-2.184
4.00,2405,-0.042,-3.971,-2.100
4.00,2406,-3.210,2.024,-2.180
4.00,2407,6.241,-3.745,-2.124
4.00,2408,3.125,-1.888,2.783
4.00,2409,3.125,-1.888,2.783
4.00,2410,-0.042,-3.971,-2.100
4.00,2411,6.241,-3.745,-2.124
4.00,2412,-3.210,2.024,-2.180
4.00,2413,-6.142,-3.781,-2.179
4.00,2414,-3.210,2.024,-2.180
4.00,2415,-3.210,2.024,-2.180
4.00,2416,-0.042,3.767,2.856
4.00,2417,3.282,1.920,-2.184
4.00,2418,-0.042,-3.971,-2.100
4.00,2419,-3.210,2.024,-2.180
4.00,2420,-3.210,2.024,-2.180
4.00,2421,-0.175,6.880,-2.194
4.00,2422,-0.175,6.880,-2.194
4.00,2423,-0.042,3.767,2.856
4.00,2424,3.282,1.920,-2.184
4.00,2425,-3.210,2.024,-2.180
4.00,2426,-0.083,-0.094,7.788
4.00,2427,-0.042,3.767,2.856
4.00,2428,-0.083,-0.094,7.788
4.00,2429,6.241,-3.745,-2.124
4.00,2430,3.282,1.920,-2.184
4.00,2431,6.241,-3.745,-2.124
4.00,2432,-3.210,2.024,-2.180
4.00,2433,-3.210,2.024,-2.180
4.00,2434,3.282,1.920,-2.184
4.00,2435,-0.042,-3.971,-2.100
4.00,2436,6.241,-3.745,-2.124
4.00,2437,6.241,-3.745,-2.124
4.00,2438,-3.210,2.024,-2.180
4.00,2439,-0.175,6.880,-2.194
4.00,2440,-3.210,2.024,-2.180
4.00,2441,-3.210,2.024,-2.180
4.00,2442,-0.083,-0.094,7.788
4.00,2443,3.282,1.920,-2.184
4.00,2444,-0.042,3.767,2.856
4.00,2445,-0.042,3.767,2.856
4.00,2446,3.282,1.920,-2.184
4.00,2447,-3.210,2.024,-2.180
4.00,2448,-0.042,3.767,2.856
4.00,2449,-0.083,-0.094,7.788
4.00,2450,-0.083,-0.094,7.788
4.00,2451,-6.142,-3.781,-2.179
4.00,2452,6.241,-3.745,-2.124
4.00,2453,-0.083,-0.094,7.788
4.00,2454,-0.175,6.880,-2.194
4.00,2455,-0.042,3.767,2.856
4.00,2456,-0.042,3.767,2.856
4.00,2457,-0.175,6.880,-2.194
4.00,2458,3.125,-1.888,2.783
4.00,2459,6.241,-3.745,-2.124
4.00,2460,-0.083,-0.094,7.788
4.00,2461,-3.210,2.024,-2.180
4.00,2462,3.125,-1.888,2.783
4.00,2463,6.241,-3.745,-2.124
4.00,2464,-0.175,6.880,-2.194
4.00,2465,-0.042,-3.971,-2.100
4.00,2466,-0.175,6.880,-2.194
4.00,2467,6.241,-3.745,-2.124
4.00,2468,3.125,-1.888,2.783
4.00,2469,-0.042,3.767,2.856
4.00,2470,-6.142,-3.781,-2.179
4.00,2471,-6.142,-3.781,-2.179
4.00,2472,-6.142,-3.781,-2.179
4.00,2473,-0.175,6.880,-2.194
4.00,2474,-3.210,2.024,-2.180
4.00,2475,-0.175,6.880,-2.194
4.00,2476,6.241,-3.745,-2.124
4.00,2477,6.241,-3.745,-2.124
4.00,2478,-3.210,2.024,-2.180
4.00,2479,6.241,-3.745,-2.124
4.00,2480,-3.211,-1.901,2.777
4.00,2481,-0.175,6.880,-2.194
4.00,2482,-0.042,3.767,2.856
4.00,2483,-3.210,2.024,-2.180
4.00,2484,-6.142,-3.781,-2.179
4.00,2485,-0.042,3.767,2.856
4.00,2486,3.282,1.920,-2.184
4.00,2487,-0.042,-3.971,-2.100
4.00,2488,-0.042,-3.971,-2.100
4.00,2489,-3.210,2.024,-2.180
4.00,2490,6.241,-3.745,-2.124
4.00,2491,-0.042,-3.971,-2.100
4.00,2492,-0.175,6.880,-2.194
4.00,2493,-3.210,2.024,-2.180
4.00,2494,-0.083,-0.094,7.788
4.00,2495,-3.210,2.024,-2.180
4.00,2496,3.282,1.920,-2.184
4.00,2497,-3.210,2.024,-2.180
4.00,2498,3.125,-1.888,2.783
4.00,2499,-6.142,-3.781,-2.179
4.00,2500,3.282,1.920,-2.184
4.00,2501,3.282,1.920,-2.184
4.00,2502,-3.210,2.024,-2.180
4.00,2503,3.125,-1.888,2.783
4.00,2504,6.241,-3.745,-2.124
4.00,2505,-3.210,2.024,-2.180
4.00,2506,-0.042,-3.971,-2.100
4.00,2507,-3.210,2.024,-2.180
4.00,2508,-3.210,2.024,-2.180
4.00,2509,6.241,-3.745,-2.124
4.00,2510,-3.210,2.024,-2.180
4.00,2511,3.282,1.920,-2.184
4.00,2512,3.125,-1.888,2.783
4.00,2513,-3.210,2.024,-2.180
4.00,2514,-0.175,6.880,-2.194
4.00,2515,3.282,1.920,-2.184
4.00,2516,-0.175,6.880,-2.194
4.00,2517,6.241,-3.745,-2.124
4.00,2518,3.282,1.920,-2.184
4.00,2519,-0.175,6.880,-2.194
4.00,2520,-3.210,2.024,-2.180
4.00,2521,-0.042,-3.971,-2.100
4.00,2522,3.282,1.920,-2.184
4.00,2523,-3.210,2.024,-2.180
4.00,2524,-0.042,3.767,2.856
4.00,2525,-0.042,-3.971,-2.100
4.00,2526,-3.210,2.024,-2.180
4.00,2527,6.241,-3.745,-2.124
4.00,2528,3.282,1.920,-2.184
4.00,2529,3.125,-1.888,2.783
4.00,2530,-3.210,2.024,-2.180
4.00,2531,-0.042,-3.971,-2.100
4.00,2532,-0.083,-0.094,7.788
4.00,2533,-3.210,2.024,-2.180
4.00,2534,3.125,-1.888,2.783
4.00,2535,-0.083,-0.094,7.788
4.00,2536,-3.210,2.024,-2.180
4.00,2537,3.125,-1.888,2.783
4.00,2538,-0.042,3.767,2.856
4.00,2539,6.241,-3.745,-2.124
4.00,2540,-0.175,6.880,-2.194
4.00,2541,-3.210,2.024,-2.180
4.00,2542,-0.175,6.880,-2.194
4.00,2543,-0.175,6.880,-2.194
4.00,2544,-3.210,2.024,-2.180
4.00,2545,-3.210,2.024,-2.180
4.00,2546,3.282,1.920,-2.184
4.00,2547,6.241,-3.745,-2.124
4.00,2548,-0.083,-0.094,7.788
4.00,2549,3.282,1.920,-2.184
4.00,2550,-3.210,2.024,-2.180
4.00,2551,-6.142,-3.781,-2.179
4.00,2552,-0.083,-0.094,7.788
4.00,2553,-6.142,-3.781,-2.179
4.00,2554,-6.142,-3.781,-2.179
4.00,2555,-6.142,-3.781,-2.179
4.00,2556,-3.210,2.024,-2.180
4.00,2557,-0.083,-0.094,7.788
4.00,2558,6.241,-3.745,-2.124
4.00,2559,-0.042,-3.971,-2.100
4.00,2560,3.282,1.920,-2.184
4.00,2561,3.282,1.920,-2.184
4.00,2562,-6.142,-3.781,-2.179
4.00,2563,3.125,-1.888,2.783
4.00,2564,-0.175,6.880,-2.194
4.00,2565,-6.142,-3.781,-2.179
4.00,2566,-0.175,6.880,-2.194
4.00,2567,-0.042,3.767,2.856
4.00,2568,-0.083,-0.094,7.788
4.00,2569,6.241,-3.745,-2.124
4.00,2570,-0.042,3.767,2.856
4.00,2571,-0.083,-0.094,7.788
4.00,2572,-0.175,6.880,-2.194
4.00,2573,-3.210,2.024,-2.180
4.00,2574,-0.083,-0.094,7.788
4.00,2575,3.282,1.920,-2.184
4.00,2576,3.282,1.920,-2.184
4.00,2577,-3.210,2.024,-2.180
4.00,2578,6.241,-3.745,-2.124
4.00,2579,-0.175,6.880,-2.194
4.00,2580,-3.210,2.024,-2.180
4.00,2581,-0.175,6.880,-2.194
4.00,2582,3.125,-1.888,2.783
4.00,2583,-3.210,2.024,-2.180
4.00,2584,-0.042,3.767,2.856
4.00,2585,-0.083,-0.094,7.788
4.00,2586,6.241,-3.745,-2.124
4.00,2587,6.241,-3.745,-2.124
4.00,2588,-3.210,2.024,-2.180
4.00,2589,3.125,-1.888,2.783
4.00,2590,-0.042,3.767,2.856
4.00,2591,6.241,-3.745,-2.124
4.00,2592,-6.142,-3.781,-2.179
4.00,2593,6.241,-3.745,-2.124
4.00,2594,-0.083,-0.094,7.788
4.00,2595,-3.210,2.024,-2.180
4.00,2596,6.241,-3.745,-2.124
4.00,2597,-3.210,2.024,-2.180
4.00,2598,-0.083,-0.094,7.788
4.00,2599,-3.210,2.024,-2.180
4.00,2600,-0.042,-3.971,-2.100
4.00,2601,6.241,-3.745,-2.124
4.00,2602,-0.083,-0.094,7.788
4.00,2603,6.241,-3.745,-2.124
4.00,2604,3.282,1.920,-2.184
4.00,2605,-0.083,-0.094,7.788
4.00,2606,-0.083,-0.094,7.788
4.00,2607,6.241,-3.745,-2.124
4.00,2608,-0.042,-3.971,-2.100
4.00,2609,6.241,-3.745,-2.124
4.00,2610,3.282,1.920,-2.184
4.00,2611,-0.042,-3.971,-2.100
4.00,2612,-0.042,-3.971,-2.100
4.00,2613,-6.142,-3.781,-2.179
4.00,2614,3.125,-1.888,2.783
4.00,2615,-6.142,-3.781,-2.179
4.00,2616,-0.083,-0.094,7.788
4.00,2617,-0.175,6.880,-2.194
4.00,2618,-0.175,6.880,-2.194
4.00,2619,6.241,-3.745,-2.124
4.00,2620,-3.210,2.024,-2.180
4.00,2621,-0.175,6.880,-2.194
4.00,2622,-0.042,-3.971,-2.100
4.00,2623,-0.042,3.767,2.856
4.00,2624,6.241,-3.745,-2.124
4.00,2625,-0.042,3.767,2.856
4.00,2626,-3.211,-1.901,2.777
4.00,2627,-0.042,3.767,2.856
4.00,2628,3.125,-1.888,2.783
4.00,2629,3.282,1.920,-2.184
4.00,2630,3.125,-1.888,2.783
4.00,2631,3.282,1.920,-2.184
4.00,2632,3.282,1.920,-2.184
4.00,2633,3.282,1.920,-2.184
4.00,2634,3.125,-1.888,2.783
4.00,2635,-6.142,-3.781,-2.179
4.00,2636,-0.042,-3.971,-2.100
4.00,2637,-0.042,-3.971,-2.100
4.00,2638,-3.210,2.024,-2.180
4.00,2639,3.282,1.920,-2.184
4.00,2640,3.125,-1.888,2.783
4.00,2641,3.125,-1.888,2.783
4.00,2642,-0.083,-0.094,7.788
4.00,2643,-0.042,3.767,2.856
4.00,2644,-0.083,-0.094,7.788
4.00,2645,3.282,1.920,-2.184
4.00,2646,3.125,-1.888,2.783
4.00,2647,-0.042,3.767,2.856
4.00,2648,-0.175,6.880,-2.194
4.00,2649,-6.142,-3.781,-2.179
4.00,2650,6.241,-3.745,-2.124
4.00,2651,3.282,1.920,-2.184
4.00,2652,-0.175,6.880,-2.194
4.00,2653,-0.083,-0.094,7.788
4.00,2654,-3.210,2.024,-2.180
4.00,2655,-3.211,-1.901,2.777
4.00,2656,3.282,1.920,-2.184
4.00,2657,3.282,1.920,-2.184
4.00,2658,6.241,-3.745,-2.124
4.00,2659,-0.175,6.880,-2.194
4.00,2660,3.282,1.920,-2.184
4.00,2661,-6.142,-3.781,-2.179
4.00,2662,-6.142,-3.781,-2.179
4.00,2663,-0.083,-0.094,7.788
4.00,2664,-0.042,-3.971,-2.100
4.00,2665,-0.175,6.880,-2.194
4.00,2666,6.241,-3.745,-2.124
4.00,2667,-0.175,6.880,-2.194
4.00,2668,6.241,-3.745,-2.124
4.00,2669,-3.211,-1.901,2.777
4.00,2670,3.282,1.920,-2.184
4.00,2671,6.241,-3.745,-2.124
4.00,2672,-3.210,2.024,-2.180
4.00,2673,-0.175,6.880,-2.194
4.00,2674,-3.210,2.024,-2.180
4.00,2675,6.241,-3.745,-2.124
4.00,2676,-3.210,2.024,-2.180
4.00,2677,3.125,-1.888,2.783
4.00,2678,-0.083,-0.094,7.788
4.00,2679,-0.042,-3.971,-2.100
4.00,2680,-3.210,2.024,-2.180
4.00,2681,3.282,1.920,-2.184
4.00,2682,-0.042,-3.971,-2.100
4.00,2683,-3.210,2.024,-2.180
4.00,2684,-0.042,-3.971,-2.100
4.00,2685,-0.175,6.880,-2.194
4.00,2686,3.282,1.920,-2.184
4.00,2687,6.241,-3.745,-2.124
4.00,2688,-3.210,2.024,-2.180
4.00,2689,3.282,1.920,-2.184
4.00,2690,-3.210,2.024,-2.180
4.00,2691,-0.042,3.767,2.856
4.00,2692,6.241,-3.745,-2.124
4.00,2693,-0.042,3.767,2.856
4.00,2694,-3.210,2.024,-2.180
4.00,2695,-6.142,-3.781,-2.179
4.00,2696,6.241,-3.745,-2.124
4.00,2697,-0.083,-0.094,7.788
4.00,2698,3.125,-1.888,2.783
4.00,2699,-3.210,2.024,-2.180
4.00,2700,-3.210,2.024,-2.180
4.00,2701,-3.210,2.024,-2.180
4.00,2702,3.282,1.920,-2.184
4.00,2703,-0.175,6.880,-2.194
4.00,2704,-0.175,6.880,-2.194
4.00,2705,-3.210,2.024,-2.180
4.00,2706,-0.175,6.880,-2.194
4.00,2707,3.282,1.920,-2.184
4.00,2708,-0.083,-0.094,7.788
4.00,2709,-3.210,2.024,-2.180
4.00,2710,-0.042,-3.971,-2.100
4.00,2711,6.241,-3.745,-2.124
4.00,2712,-6.142,-3.781,-2.179
4.00,2713,6.241,-3.745,-2.124
4.00,2714,-0.083,-0.094,7.788
4.00,2715,3.282,1.920,-2.184
4.00,2716,-0.083,-0.094,7.788
4.00,2717,3.282,1.920,-2.184
4.00,2718,-3.210,2.024,-2.180
4.00,2719,3.282,1.920,-2.184
4.00,2720,-3.210,2.024,-2.180
4.00,2721,-0.175,6.880,-2.194
4.00,2722,-0.042,3.767,2.856
4.00,2723,-0.083,-0.094,7.788
4.00,2724,-0.042,-3.971,-2.100
4.00,2725,-0.042,-3.971,-2.100
4.00,2726,-0.083,-0.094,7.788
4.00,2727,-6.142,-3.781,-2.179
4.00,2728,-3.211,-1.901,2.777
4.00,2729,-0.042,-3.971,-2.100
4.00,2730,6.241,-3.745,-2.124
4.00,2731,6.241,-3.745,-2.124
4.00,2732,3.125,-1.888,2.783
4.00,2733,6.241,-3.745,-2.124
4.00,2734,-0.083,-0.094,7.788
4.00,2735,-0.175,6.880,-2.194
4.00,2736,-0.083,-0.094,7.788
4.00,2737,3.125,-1.888,2.783
4.00,2738,3.282,1.920,-2.184
4.00,2739,6.241,-3.745,-2.124
4.00,2740,-3.210,2.024,-2.180
4.00,2741,-3.210,2.024,-2.180
4.00,2742,-0.042,-3.971,-2.100
4.00,2743,-0.042,3.767,2.856
4.00,2744,6.241,-3.745,-2.124
4.00,2745,3.282,1.920,-2.184
4.00,2746,-0.042,-3.971,-2.100
4.00,2747,3.282,1.920,-2.184
4.00,2748,-3.210,2.024,-2.180
4.00,2749,-3.210,2.024,-2.180
4.00,2750,-0.083,-0.094,7.788
4.00,2751,-0.042,3.767,2.856
4.00,2752,-3.210,2.024,-2.180
4.00,2753,-0.042,-3.971,-2.100
4.00,2754,6.241,-3.745,-2.124
4.00,2755,-6.142,-3.781,-2.179
4.00,2756,-0.042,-3.971,-2.100
4.00,2757,-6.142,-3.781,-2.179
4.00,2758,-3.210,2.024,-2.180
4.00,2759,-3.210,2.024,-2.180
4.00,2760,-0.042,-3.971,-2.100
4.00,2761,-0.083,-0.094,7.788
4.00,2762,-0.083,-0.094,7.788
4.00,2763,-3.210,2.024,-2.180
4.00,2764,6.241,-3.745,-2.124
4.00,2765,6.241,-3.745,-2.124
4.00,2766,-0.175,6.880,-2.194
4.00,2767,-0.042,-3.971,-2.100
4.00,2768,6.241,-3.745,-2.124
4.00,2769,-3.210,2.024,-2.180
4.00,2770,-6.142,-3.781,-2.179
4.00,2771,-0.175,6.880,-2.194
4.00,2772,-0.042,3.767,2.856
4.00,2773,-3.210,2.024,-2.180
4.00,2774,-0.042,3.767,2.856
4.00,2775,-3.210,2.024,-2.180
4.00,2776,3.282,1.920,-2.184
4.00,2777,-0.175,6.880,-2.194
4.00,2778,-0.175,6.880,-2.194
4.00,2779,-0.042,-3.971,-2.100
4.00,2780,-0.083,-0.094,7.788
4.00,2781,-0.042,3.767,2.856
4.00,2782,3.282,1.920,-2.184
4.00,2783,-0.042,3.767,2.856
4.00,2784,-3.210,2.024,-2.180
4.00,2785,-0.042,3.767,2.856
4.00,2786,-6.142,-3.781,-2.179
4.00,2787,6.241,-3.745,-2.124
4.00,2788,-0.083,-0.094,7.788
4.00,2789,-0.042,-3.971,-2.100
4.00,2790,3.282,1.920,-2.184
4.00,2791,3.282,1.920,-2.184
4.00,2792,-0.175,6.880,-2.194
4.00,2793,-0.042,-3.971,-2.100
4.00,2794,-0.175,6.880,-2.194
4.00,2795,-0.175,6.880,-2.194
4.00,2796,-3.211,-1.901,2.777
4.00,2797,-3.210,2.024,-2.180
4.00,2798,-0.083,-0.094,7.788
4.00,2799,3.282,1.920,-2.184
4.00,2800,3.282,1.920,-2.184
4.00,2801,6.241,-3.745,-2.124
4.00,2802,-0.083,-0.094,7.788
4.00,2803,-6.142,-3.781,-2.179
4.00,2804,-3.210,2.024,-2.180
4.00,2805,3.125,-1.888,2.783
4.00,2806,3.282,1.920,-2.184
4.00,2807,-3.211,-1.901,2.777
4.00,2808,-0.042,-3.971,-2.100
4.00,2809,-0.042,3.767,2.856
4.00,2810,-0.042,-3.971,-2.100
4.00,2811,-0.042,-3.971,-2.100
4.00,2812,-3.210,2.024,-2.180
4.00,2813,-0.175,6.880,-2.194
4.00,2814,-6.142,-3.781,-2.179
4.00,2815,-0.083,-0.094,7.788
4.00,2816,6.241,-3.745,-2.124
4.00,2817,-0.042,-3.971,-2.100
4.00,2818,-6.142,-3.781,-2.179
4.00,2819,3.125,-1.888,2.783
4.00,2820,-6.142,-3.781,-2.179
4.00,2821,-0.042,-3.971,-2.100
4.00,2822,6.241,-3.745,-2.124
4.00,2823,-0.042,-3.971,-2.100
4.00,2824,-0.175,6.880,-2.194
4.00,2825,-3.210,2.024,-2.180
4.00,2826,-0.042,-3.971,-2.100
4.00,2827,-0.042,-3.971,-2.100
4.00,2828,6.241,-3.745,-2.124
4.00,2829,3.125,-1.888,2.783
4.00,2830,6.241,-3.745,-2.124
4.00,2831,-0.042,-3.971,-2.100
4.00,2832,-0.083,-0.094,7.788
4.00,2833,3.282,1.920,-2.184
4.00,2834,-0.042,3.767,2.856
4.00,2835,-0.083,-0.094,7.788
4.00,2836,-0.042,-3.971,-2.100
4.00,2837,-0.042,-3.971,-2.100
4.00,2838,-0.042,3.767,2.856
4.00,2839,-6.142,-3.781,-2.179
4.00,2840,-0.175,6.880,-2.194
4.00,2841,3.125,-1.888,2.783
4.00,2842,-0.042,-3.971,-2.100
4.00,2843,-0.042,3.767,2.856
4.00,2844,-3.210,2.024,-2.180
4.00,2845,6.241,-3.745,-2.124
4.00,2846,-0.175,6.880,-2.194
4.00,2847,-3.210,2.024,-2.180
4.00,2848,-3.210,2.024,-2.180
4.00,2849,-3.210,2.024,-2.180
4.00,2850,-0.042,-3.971,-2.100
4.00,2851,-0.042,-3.971,-2.100
4.00,2852,3.282,1.920,-2.184
4.00,2853,-0.083,-0.094,7.788
4.00,2854,6.241,-3.745,-2.124
4.00,2855,-0.175,6.880,-2.194
4.00,2856,-3.210,2.024,-2.180
4.00,2857,6.241,-3.745,-2.124
4.00,2858,-0.175,6.880,-2.194
4.00,2859,-0.175,6.880,-2.194
4.00,2860,-0.042,3.767,2.856
4.00,2861,-0.042,3.767,2.856
4.00,2862,-0.042,3.767,2.856
4.00,2863,3.282,1.920,-2.184
4.00,2864,-3.210,2.024,-2.180
4.00,2865,-3.210,2.024,-2.180
4.00,2866,-0.083,-0.094,7.788
4.00,2867,3.125,-1.888,2.783
4.00,2868,3.125,-1.888,2.783
4.00,2869,3.282,1.920,-2.184
4.00,2870,-0.175,6.880,-2.194
4.00,2871,6.241,-3.745,-2.124
4.00,2872,6.241,-3.745,-2.124
4.00,2873,3.125,-1.888,2.783
4.00,2874,-0.042,-3.971,-2.100
4.00,2875,3.125,-1.888,2.783
4.00,2876,-0.042,3.767,2.856
4.00,2877,-3.210,2.024,-2.180
4.00,2878,-3.210,2.024,-2.180
4.00,2879,-6.142,-3.781,-2.179
4.00,2880,-0.042,3.767,2.856
4.00,2881,-6.142,-3.781,-2.179
4.00,2882,-0.042,-3.971,-2.100
4.00,2883,-0.042,3.767,2.856
4.00,2884,-0.042,3.767,2.856
4.00,2885,3.125,-1.888,2.783
4.00,2886,-0.175,6.880,-2.194
4.00,2887,3.125,-1.888,2.783
4.00,2888,-0.175,6.880,-2.194
4.00,2889,-0.083,-0.094,7.788
4.00,2890,-6.142,-3.781,-2.179
4.00,2891,3.282,1.920,-2.184
4.00,2892,-0.042,-3.971,-2.100
4.00,2893,-0.175,6.880,-2.194
4.00,2894,-0.175,6.880,-2.194
4.00,2895,-0.083,-0.094,7.788
4.00,2896,-0.042,3.767,2.856
4.00,2897,-0.042,-3.971,-2.100
4.00,2898,-6.142,-3.781,-2.179
4.00,2899,-6.142,-3.781,-2.179
4.00,2900,3.282,1.920,-2.184
4.00,2901,-0.042,-3.971,-2.100
4.00,2902,3.282,1.920,-2.184
4.00,2903,6.241,-3.745,-2.124
4.00,2904,-0.083,-0.094,7.788
4.00,2905,3.282,1.920,-2.184
4.00,2906,-0.175,6.880,-2.194
4.00,2907,-0.083,-0.094,7.788
4.00,2908,-0.042,-3.971,-2.100
4.00,2909,-6.142,-3.781,-2.179
4.00,2910,3.125,-1.888,2.783
4.00,2911,-0.042,3.767,2.856
4.00,2912,-0.083,-0.094,7.788
4.00,2913,-0.042,3.767,2.856
4.00,2914,-3.210,2.024,-2.180
4.00,2915,6.241,-3.745,-2.124
4.00,2916,6.241,-3.745,-2.124
4.00,2917,-3.210,2.024,-2.180
4.00,2918,-0.083,-0.094,7.788
4.00,2919,3.282,1.920,-2.184
4.00,2920,-3.210,2.024,-2.180
4.00,2921,-0.083,-0.094,7.788
4.00,2922,-0.175,6.880,-2.194
4.00,2923,-0.042,3.767,2.856
4.00,2924,6.241,-3.745,-2.124
4.00,2925,-3.210,2.024,-2.180
4.00,2926,-0.083,-0.094,7.788
4.00,2927,-3.210,2.024,-2.180
4.00,2928,-0.083,-0.094,7.788
4.00,2929,-0.042,-3.971,-2.100
4.00,2930,-3.210,2.024,-2.180
4.00,2931,6.241,-3.745,-2.124
4.00,2932,-0.042,3.767,2.856
4.00,2933,-0.083,-0.094,7.788
4.00,2934,-0.042,-3.971,-2.100
4.00,2935,-0.175,6.880,-2.194
4.00,2936,-3.210,2.024,-2.180
4.00,2937,-0.175,6.880,-2.194
4.00,2938,-0.042,-3.971,-2.100
4.00,2939,-0.042,3.767,2.856
4.00,2940,3.282,1.920,-2.184
4.00,2941,-0.175,6.880,-2.194
4.00,2942,-0.083,-0.094,7.788
4.00,2943,6.241,-3.745,-2.124
4.00,2944,-0.042,3.767,2.856
4.00,2945,-6.142,-3.781,-2.179
4.00,2946,3.282,1.920,-2.184
4.00,2947,-0.042,-3.971,-2.100
4.00,2948,-0.042,3.767,2.856
4.00,2949,3.282,1.920,-2.184
4.00,2950,6.241,-3.745,-2.124
4.00,2951,-3.210,2.024,-2.180
4.00,2952,-3.210,2.024,-2.180
4.00,2953,3.282,1.920,-2.184
4.00,2954,-6.142,-3.781,-2.179
4.00,2955,-0.042,-3.971,-2.100
4.00,2956,-0.042,3.767,2.856
4.00,2957,-6.142,-3.781,-2.179
4.00,2958,-0.042,3.767,2.856
4.00,2959,6.241,-3.745,-2.124
4.00,2960,6.241,-3.745,-2.124
4.00,2961,3.282,1.920,-2.184
4.00,2962,6.241,-3.745,-2.124
4.00,2963,-0.175,6.880,-2.194
4.00,2964,-0.083,-0.094,7.788
4.00,2965,-3.210,2.024,-2.180
4.00,2966,6.241,-3.745,-2.124
4.00,2967,3.282,1.920,-2.184
4.00,2968,-3.210,2.024,-2.180
4.00,2969,-0.175,6.880,-2.194
4.00,2970,-0.083,-0.094,7.788
4.00,2971,3.282,1.920,-2.184
4.00,2972,-6.142,-3.781,-2.179
4.00,2973,3.125,-1.888,2.783
4.00,2974,-0.042,3.767,2.856
4.00,2975,6.241,-3.745,-2.124
4.00,2976,3.282,1.920,-2.184
4.00,2977,-0.042,3.767,2.856
4.00,2978,-3.210,2.024,-2.180
4.00,2979,-0.042,-3.971,-2.100
4.00,2980,3.282,1.920,-2.184
4.00,2981,6.241,-3.745,-2.124
4.00,2982,-0.175,6.880,-2.194
4.00,2983,-0.083,-0.094,7.788
4.00,2984,-0.175,6.880,-2.194
4.00,2985,-0.083,-0.094,7.788
4.00,2986,-0.175,6.880,-2.194
4.00,2987,-3.210,2.024,-2.180
4.00,2988,-3.211,-1.901,2.777
4.00,2989,-6.142,-3.781,-2.179
4.00,2990,3.282,1.920,-2.184
4.00,2991,3.282,1.920,-2.184
4.00,2992,-6.142,-3.781,-2.179
4.00,2993,-3.210,2.024,-2.180
4.00,2994,-0.175,6.880,-2.194
4.00,2995,6.241,-3.745,-2.124
4.00,2996,3.125,-1.888,2.783
4.00,2997,-3.210,2.024,-2.180
4.00,2998,6.241,-3.745,-2.124
4.00,2999,6.241,-3.745,-2.124
8.00,0,3.125,-1.888,2.783
8.00,1,-6.142,-3.781,-2.179
8.00,2,6.241,-3.745,-2.124
8.00,3,-3.210,2.024,-2.180
8.00,4,-3.210,2.024,-2.180
8.00,5,-0.042,-3.971,-2.100
8.00,6,-3.210,2.024,-2.180
8.00,7,3.282,1.920,-2.184
8.00,8,-0.175,6.880,-2.194
8.00,9,-0.083,-0.094,7.788
8.00,10,-0.175,6.880,-2.194
8.00,11,-6.142,-3.781,-2.179
8.00,12,-0.042,-3.971,-2.100
8.00,13,-0.042,-3.971,-2.100
8.00,14,3.125,-1.888,2.783
8.00,15,-3.210,2.024,-2.180
8.00,16,3.282,1.920,-2.184
8.00,17,-3.210,2.024,-2.180
8.00,18,3.282,1.920,-2.184
8.00,19,-3.210,2.024,-2.180
8.00,20,-0.175,6.880,-2.194
8.00,21,3.125,-1.888,2.783
8.00,22,-0.175,6.880,-2.194
8.00,23,3.125,-1.888,2.783
8.00,24,-0.083,-0.094,7.788
8.00,25,3.282,1.920,-2.184
8.00,26,-3.210,2.024,-2.180
8.00,27,-0.042,-3.971,-2.100
8.00,28,3.282,1.920,-2.184
8.00,29,-0.083,-0.094,7.788
8.00,30,-0.175,6.880,-2.194
8.00,31,-3.211,-1.901,2.777
8.00,32,-0.042,3.767,2.856
8.00,33,6.241,-3.745,-2.124
8.00,34,-0.042,-3.971,-2.100
8.00,35,6.241,-3.745,-2.124
8.00,36,-6.142,-3.781,-2.179
8.00,37,-0.083,-0.094,7.788
8.00,38,-0.175,6.880,-2.194
8.00,39,3.282,1.920,-2.184
8.00,40,-3.210,2.024,-2.180
8.00,41,-3.210,2.024,-2.180
8.00,42,6.241,-3.745,-2.124
8.00,43,-0.083,-0.094,7.788
8.00,44,6.241,-3.745,-2.124
8.00,45,-0.042,-3.971,-2.100
8.00,46,6.241,-3.745,-2.124
8.00,47,-0.042,-3.971,-2.100
8.00,48,6.241,-3.745,-2.124
8.00,49,-0.083,-0.094,7.788
8.00,50,-3.210,2.024,-2.180
8.00,51,-0.083,-0.094,7.788
8.00,52,-0.083,-0.094,7.788
8.00,53,-3.210,2.024,-2.180
8.00,54,6.241,-3.745,-2.124
8.00,55,3.125,-1.888,2.783
8.00,56,3.282,1.920,-2.184
8.00,57,3.282,1.920,-2.184
8.00,58,3.282,1.920,-2.184
8.00,59,6.241,-3.745,-2.124
8.00,60,-0.042,3.767,2.856
8.00,61,3.282,1.920,-2.184
8.00,62,-3.211,-1.901,2.777
8.00,63,-3.210,2.024,-2.180
8.00,64,-3.210,2.024,-2.180
8.00,65,-0.083,-0.094,7.788
8.00,66,-0.175,6.880,-2.194
8.00,67,-0.083,-0.094,7.788
8.00,68,-0.175,6.880,-2.194
8.00,69,-3.211,-1.901,2.777
8.00,70,-3.210,2.024,-2.180
8.00,71,-0.042,3.767,2.856
8.00,72,-6.142,-3.781,-2.179
8.00,73,-6.142,-3.781,-2.179
8.00,74,-6.142,-3.781,-2.179
8.00,75,-6.142,-3.781,-2.179
8.00,76,-0.042,3.767,2.856
8.00,77,3.125,-1.888,2.783
8.00,78,-0.042,3.767,2.856
8.00,79,6.241,-3.745,-2.124
8.00,80,6.241,-3.745,-2.124
8.00,81,3.282,1.920,-2.184
8.00,82,-0.042,-3.971,-2.100
8.00,83,-3.210,2.024,-2.180
8.00,84,-3.210,2.024,-2.180
8.00,85,-3.210,2.024,-2.180
8.00,86,3.125,-1.888,2.783
8.00,87,-0.042,3.767,2.856
8.00,88,3.282,1.920,-2.184
8.00,89,-0.175,6.880,-2.194
8.00,90,-0.083,-0.094,7.788
8.00,91,-3.210,2.024,-2.180
8.00,92,-0.083,-0.094,7.788
8.00,93,6.241,-3.745,-2.124
8.00,94,-3.210,2.024,-2.180
8.00,95,-0.083,-0.094,7.788
8.00,96,3.282,1.920,-2.184
8.00,97,-0.175,6.880,-2.194
8.00,98,-0.042,-3.971,-2.100
8.00,99,-6.142,-3.781,-2.179
8.00,100,6.241,-3.745,-2.124
8.00,101,-0.042,-3.971,-2.100
8.00,102,-0.042,-3.971,-2.100
8.00,103,3.282,1.920,-2.184
8.00,104,-3.210,2.024,-2.180
8.00,105,-3.210,2.024,-2.180
8.00,106,-0.083,-0.094,7.788
8.00,107,-0.042,-3.971,-2.100
8.00,108,6.241,-3.745,-2.124
8.00,109,3.282,1.920,-2.184
8.00,110,3.282,1.920,-2.184
8.00,111,6.241,-3.745,-2.124
8.00,112,-0.175,6.880,-2.194
8.00,113,-0.042,-3.971,-2.100
8.00,114,-6.142,-3.781,-2.179
8.00,115,3.282,1.920,-2.184
8.00,116,-6.142,-3.781,-2.179
8.00,117,-0.083,-0.094,7.788
8.00,118,-3.211,-1.901,2.777
8.00,119,-0.175,6.880,-2.194
8.00,120,-3.210,2.024,-2.180
8.00,121,3.282,1.920,-2.184
8.00,122,-3.210,2.024,-2.180
8.00,123,-3.210,2.024,-2.180
8.00,124,6.241,-3.745,-2.124
8.00,125,6.241,-3.745,-2.124
8.00,126,-0.042,3.767,2.856
8.00,127,3.282,1.920,-2.184
8.00,128,3.282,1.920,-2.184
8.00,129,-3.210,2.024,-2.180
8.00,130,-0.083,-0.094,7.788
8.00,131,3.282,1.920,-2.184
8.00,132,-0.175,6.880,-2.194
8.00,133,3.282,1.920,-2.184
8.00,134,3.282,1.920,-2.184
8.00,135,3.125,-1.888,2.783
8.00,136,3.282,1.920,-2.184
8.00,137,3.282,1.920,-2.184
8.00,138,3.125,-1.888,2.783
8.00,139,-0.042,3.767,2.856
8.00,140,-0.175,6.880,-2.194
8.00,141,-0.083,-0.094,7.788
8.00,142,-3.211,-1.901,2.777
8.00,143,-0.042,-3.971,-2.100
8.00,144,-3.210,2.024,-2.180
8.00,145,-3.210,2.024,-2.180
8.00,146,3.282,1.920,-2.184
8.00,147,6.241,-3.745,-2.124
8.00,148,-0.042,3.767,2.856
8.00,149,-0.042,-3.971,-2.100
8.00,150,3.125,-1.888,2.783
8.00,151,-0.083,-0.094,7.788
8.00,152,3.125,-1.888,2.783
8.00,153,6.241,-3.745,-2.124
8.00,154,-0.042,-3.971,-2.100
8.00,155,-0.042,3.767,2.856
8.00,156,3.282,1.920,-2.184
8.00,157,3.282,1.920,-2.184
8.00,158,-6.142,-3.781,-2.179
8.00,159,-0.083,-0.094,7.788
8.00,160,3.282,1.920,-2.184
8.00,161,-0.042,-3.971,-2.100
8.00,162,3.125,-1.888,2.783
8.00,163,-0.083,-0.094,7.788
8.00,164,-6.142,-3.781,-2.179
8.00,165,-0.175,6.880,-2.194
8.00,166,3.282,1.920,-2.184
8.00,167,-3.210,2.024,-2.180
8.00,168,-0.042,-3.971,-2.100
8.00,169,6.241,-3.745,-2.124
8.00,170,3.125,-1.888,2.783
8.00,171,6.241,-3.745,-2.124
8.00,172,-3.210,2.024,-2.180
8.00,173,3.282,1.920,-2.184
8.00,174,3.125,-1.888,2.783
8.00,175,-3.210,2.024,-2.180
8.00,176,-0.083,-0.094,7.788
8.00,177,-0.083,-0.094,7.788
8.00,178,-0.042,-3.971,-2.100
8.00,179,-0.083,-0.094,7.788
8.00,180,-0.042,3.767,2.856
8.00,181,6.241,-3.745,-2.124
8.00,182,-3.210,2.024,-2.180
8.00,183,6.241,-3.745,-2.124
8.00,184,-6.142,-3.781,-2.179
8.00,185,6.241,-3.745,-2.124
8.00,186,-0.083,-0.094,7.788
8.00,187,-3.210,2.024,-2.180
8.00,188,-0.042,3.767,2.856
8.00,189,-0.083,-0.094,7.788
8.00,190,-3.210,2.024,-2.180
8.00,191,3.125,-1.888,2.783
8.00,192,6.241,-3.745,-2.124
8.00,193,-3.210,2.024,-2.180
8.00,194,-0.042,-3.971,-2.100
8.00,195,-0.083,-0.094,7.788
8.00,196,-0.042,3.767,2.856
8.00,197,-3.210,2.024,-2.180
8.00,198,3.282,1.920,-2.184
8.00,199,-0.175,6.880,-2.194
8.00,200,-0.042,-3.971,-2.100
8.00,201,-6.142,-3.781,-2.179
8.00,202,3.282,1.920,-2.184
8.00,203,-0.083,-0.094,7.788
8.00,204,3.282,1.920,-2.184
8.00,205,-0.042,-3.971,-2.100
8.00,206,3.282,1.920,-2.184
8.00,207,-0.042,3.767,2.856
8.00,208,-0.083,-0.094,7.788
8.00,209,3.125,-1.888,2.783
8.00,210,-3.210,2.024,-2.180
8.00,211,-0.175,6.880,-2.194
8.00,212,3.125,-1.888,2.783
8.00,213,-3.210,2.024,-2.180
8.00,214,-0.175,6.880,-2.194
8.00,215,-0.175,6.880,-2.194
8.00,216,-0.175,6.880,-2.194
8.00,217,-0.175,6.880,-2.194
8.00,218,3.125,-1.888,2.783
8.00,219,3.125,-1.888,2.783
8.00,220,-3.210,2.024,-2.180
8.00,221,-0.083,-0.094,7.788
8.00,222,-6.142,-3.781,-2.179
8.00,223,-0.042,3.767,2.856
8.00,224,3.282,1.920,-2.184
8.00,225,-0.042,3.767,2.856
8.00,226,-0.042,-3.971,-2.100
8.00,227,-6.142,-3.781,-2.179
8.00,228,-6.142,-3.781,-2.179
8.00,229,3.125,-1.888,2.783
8.00,230,-0.083,-0.094,7.788
8.00,231,-0.042,3.767,2.856
8.00,232,3.282,1.920,-2.184
8.00,233,-0.042,-3.971,-2.100
8.00,234,3.282,1.920,-2.184
8.00,235,3.125,-1.888,2.783
8.00,236,-3.210,2.024,-2.180
8.00,237,-3.210,2.024,-2.180
8.00,238,-0.042,3.767,2.856
8.00,239,-3.210,2.024,-2.180
8.00,240,3.125,-1.888,2.783
8.00,241,6.241,-3.745,-2.124
8.00,242,-0.042,-3.971,-2.100
8.00,243,-0.083,-0.094,7.788
8.00,244,6.241,-3.745,-2.124
8.00,245,-0.042,3.767,2.856
8.00,246,-6.142,-3.781,-2.179
8.00,247,6.241,-3.745,-2.124
8.00,248,-0.042,-3.971,-2.100
8.00,249,-0.042,-3.971,-2.100
8.00,250,-0.175,6.880,-2.194
8.00,251,6.241,-3.745,-2.124
8.00,252,-0.175,6.880,-2.194
8.00,253,6.241,-3.745,-2.124
8.00,254,-6.142,-3.781,-2.179
8.00,255,-0.042,3.767,2.856
8.00,256,3.282,1.920,-2.184
8.00,257,-0.175,6.880,-2.194
8.00,258,-0.083,-0.094,7.788
8.00,259,-0.042,-3.971,-2.100
8.00,260,-0.042,-3.971,-2.100
8.00,261,3.282,1.920,-2.184
8.00,262,6.241,-3.745,-2.124
8.00,263,-0.083,-0.094,7.788
8.00,264,3.282,1.920,-2.184
8.00,265,6.241,-3.745,-2.124
8.00,266,-0.042,3.767,2.856
8.00,267,6.241,-3.745,-2.124
8.00,268,-0.042,-3.971,-2.100
8.00,269,-3.210,2.024,-2.180
8.00,270,3.282,1.920,-2.184
8.00,271,-0.083,-0.094,7.788
8.00,272,-0.042,-3.971,-2.100
8.00,273,-6.142,-3.781,-2.179
8.00,274,-3.210,2.024,-2.180
8.00,275,-0.175,6.880,-2.194
8.00,276,-0.042,-3.971,-2.100
8.00,277,6.241,-3.745,-2.124
8.00,278,-0.083,-0.094,7.788
8.00,279,-0.083,-0.094,7.788
8.00,280,-3.210,2.024,-2.180
8.00,281,-0.042,-3.971,-2.100
8.00,282,-3.211,-1.901,2.777
8.00,283,3.282,1.920,-2.184
8.00,284,-0.175,6.880,-2.194
8.00,285,3.282,1.920,-2.184
8.00,286,-3.210,2.024,-2.180
8.00,287,-0.083,-0.094,7.788
8.00,288,6.241,-3.745,-2.124
8.00,289,3.282,1.920,-2.184
8.00,290,-0.042,-3.971,-2.100
8.00,291,-3.210,2.024,-2.180
8.00,292,6.241,-3.745,-2.124
8.00,293,-0.042,3.767,2.856
8.00,294,-0.083,-0.094,7.788
8.00,295,-0.042,-3.971,-2.100
8.00,296,-3.210,2.024,-2.180
8.00,297,-0.175,6.880,-2.194
8.00,298,-0.042,-3.971,-2.100
8.00,299,3.282,1.920,-2.184
8.00,300,6.241,-3.745,-2.124
8.00,301,3.125,-1.888,2.783
8.00,302,3.125,-1.888,2.783
8.00,303,3.282,1.920,-2.184
8.00,304,3.282,1.920,-2.184
8.00,305,-0.042,-3.971,-2.100
8.00,306,6.241,-3.745,-2.124
8.00,307,-0.083,-0.094,7.788
8.00,308,-3.210,2.024,-2.180
8.00,309,-0.042,-3.971,-2.100
8.00,310,-0.175,6.880,-2.194
8.00,311,6.241,-3.745,-2.124
8.00,312,-0.042,-3.971,-2.100
8.00,313,-0.175,6.880,-2.194
8.00,314,3.282,1.920,-2.184
8.00,315,3.282,1.920,-2.184
8.00,316,-0.042,-3.971,-2.100
8.00,317,-3.211,-1.901,2.777
8.00,318,-0.083,-0.094,7.788
8.00,319,-6.142,-3.781,-2.179
8.00,320,-0.042,-3.971,-2.100
8.00,321,3.282,1.920,-2.184
8.00,322,-0.042,3.767,2.856
8.00,323,-6.142,-3.781,-2.179
8.00,324,3.282,1.920,-2.184
8.00,325,-0.083,-0.094,7.788
8.00,326,-3.210,2.024,-2.180
8.00,327,3.282,1.920,-2.184
8.00,328,3.282,1.920,-2.184
8.00,329,3.282,1.920,-2.184
8.00,330,6.241,-3.745,-2.124
8.00,331,-0.083,-0.094,7.788
8.00,332,3.282,1.920,-2.184
8.00,333,-3.210,2.024,-2.180
8.00,334,-0.042,-3.971,-2.100
8.00,335,6.241,-3.745,-2.124
8.00,336,6.241,-3.745,-2.124
8.00,337,-0.042,-3.971,-2.100
8.00,338,-3.210,2.024,-2.180
8.00,339,-6.142,-3.781,-2.179
8.00,340,-6.142,-3.781,-2.179
8.00,341,-3.210,2.024,-2.180
8.00,342,3.125,-1.888,2.783
8.00,343,6.241,-3.745,-2.124
8.00,344,-0.042,-3.971,-2.100
8.00,345,3.125,-1.888,2.783
8.00,346,3.282,1.920,-2.184
8.00,347,-0.042,-3.971,-2.100
8.00,348,6.241,-3.745,-2.124
8.00,349,-0.175,6.880,-2.194
8.00,350,6.241,-3.745,-2.124
8.00,351,-3.210,2.024,-2.180
8.00,352,-0.042,3.767,2.856
8.00,353,6.241,-3.745,-2.124
8.00,354,-0.042,3.767,2.856
8.00,355,3.282,1.920,-2.184
8.00,356,-0.083,-0.094,7.788
8.00,357,-0.175,6.880,-2.194
8.00,358,3.282,1.920,-2.184
8.00,359,3.125,-1.888,2.783
8.00,360,-3.210,2.024,-2.180
8.00,361,3.282,1.920,-2.184
8.00,362,-0.042,-3.971,-2.100
8.00,363,3.125,-1.888,2.783
8.00,364,-3.210,2.024,-2.180
8.00,365,3.282,1.920,-2.184
8.00,366,3.125,-1.888,2.783
8.00,367,-0.083,-0.094,7.788
8.00,368,6.241,-3.745,-2.124
8.00,369,-3.210,2.024,-2.180
8.00,370,6.241,-3.745,-2.124
8.00,371,3.282,1.920,-2.184
8.00,372,-0.175,6.880,-2.194
8.00,373,-3.210,2.024,-2.180
8.00,374,-0.042,-3.971,-2.100
8.00,375,-6.142,-3.781,-2.179
8.00,376,-0.042,3.767,2.856
8.00,377,-0.083,-0.094,7.788
8.00,378,-0.042,-3.971,-2.100
8.00,379,6.241,-3.745,-2.124
8.00,380,-3.210,2.024,-2.180
8.00,381,-3.210,2.024,-2.180
8.00,382,-0.083,-0.094,7.788
8.00,383,-0.083,-0.094,7.788
8.00,384,-3.210,2.024,-2.180
8.00,385,-3.210,2.024,-2.180
8.00,386,-0.175,6.880,-2.194
8.00,387,-6.142,-3.781,-2.179
8.00,388,-0.042,3.767,2.856
8.00,389,-6.142,-3.781,-2.179
8.00,390,6.241,-3.745,-2.124
8.00,391,-0.042,-3.971,-2.100
8.00,392,-0.083,-0.094,7.788
8.00,393,-6.142,-3.781,-2.179
8.00,394,-3.210,2.024,-2.180
8.00,395,-0.175,6.880,-2.194
8.00,396,-6.142,-3.781,-2.179
8.00,397,6.241,-3.745,-2.124
8.00,398,-3.210,2.024,-2.180
8.00,399,-0.175,6.880,-2.194
8.00,400,-0.042,3.767,2.856
8.00,401,-3.210,2.024,-2.180
8.00,402,-0.042,-3.971,-2.100
8.00,403,3.282,1.920,-2.184
8.00,404,-3.210,2.024,-2.180
8.00,405,6.241,-3.745,-2.124
8.00,406,-0.083,-0.094,7.788
8.00,407,-0.042,3.767,2.856
8.00,408,-3.210,2.024,-2.180
8.00,409,-3.210,2.024,-2.180
8.00,410,-0.083,-0.094,7.788
8.00,411,-3.210,2.024,-2.180
8.00,412,3.125,-1.888,2.783
8.00,413,6.241,-3.745,-2.124
8.00,414,3.282,1.920,-2.184
8.00,415,-3.210,2.024,-2.180
8.00,416,6.241,-3.745,-2.124
8.00,417,-0.175,6.880,-2.194
8.00,418,6.241,-3.745,-2.124
8.00,419,-0.042,-3.971,-2.100
8.00,420,-0.042,-3.971,-2.100
8.00,421,-0.042,-3.971,-2.100
8.00,422,-0.042,3.767,2.856
8.00,423,-6.142,-3.781,-2.179
8.00,424,-0.042,-3.971,-2.100
8.00,425,-3.210,2.024,-2.180
8.00,426,-3.210,2.024,-2.180
8.00,427,-3.210,2.024,-2.180
8.00,428,6.241,-3.745,-2.124
8.00,429,-0.083,-0.094,7.788
8.00,430,6.241,-3.745,-2.124
8.00,431,-0.083,-0.094,7.788
8.00,432,-0.083,-0.094,7.788
8.00,433,-0.083,-0.094,7.788
8.00,434,-3.210,2.024,-2.180
8.00,435,3.282,1.920,-2.184
8.00,436,-3.210,2.024,-2.180
8.00,437,-3.210,2.024,-2.180
8.00,438,-3.211,-1.901,2.777
8.00,439,-6.142,-3.781,-2.179
8.00,440,-0.175,6.880,-2.194
8.00,441,-0.175,6.880,-2.194
8.00,442,-6.142,-3.781,-2.179
8.00,443,-0.042,3.767,2.856
8.00,444,-0.175,6.880,-2.194
8.00,445,-0.175,6.880,-2.194
8.00,446,-3.210,2.024,-2.180
8.00,447,-0.175,6.880,-2.194
8.00,448,-0.083,-0.094,7.788
8.00,449,-3.211,-1.901,2.777
8.00,450,-0.083,-0.094,7.788
8.00,451,-0.175,6.880,-2.194
8.00,452,-3.210,2.024,-2.180
8.00,453,6.241,-3.745,-2.124
8.00,454,3.282,1.920,-2.184
8.00,455,-0.175,6.880,-2.194
8.00,456,-0.042,3.767,2.856
8.00,457,-0.042,-3.971,-2.100
8.00,458,-0.175,6.880,-2.194
8.00,459,-0.042,-3.971,-2.100
8.00,460,3.282,1.920,-2.184
8.00,461,-0.083,-0.094,7.788
8.00,462,-0.042,-3.971,-2.100
8.00,463,6.241,-3.745,-2.124
8.00,464,-0.175,6.880,-2.194
8.00,465,-0.042,-3.971,-2.100
8.00,466,-0.042,-3.971,-2.100
8.00,467,-3.210,2.024,-2.180
8.00,468,-3.210,2.024,-2.180
8.00,469,-3.211,-1.901,2.777
8.00,470,-6.142,-3.781,-2.179
8.00,471,6.241,-3.745,-2.124
8.00,472,-3.210,2.024,-2.180
8.00,473,6.241,-3.745,-2.124
8.00,474,3.125,-1.888,2.783
8.00,475,3.282,1.920,-2.184
8.00,476,-0.042,-3.971,-2.100
8.00,477,3.125,-1.888,2.783
8.00,478,-0.042,3.767,2.856
8.00,479,-0.042,-3.971,-2.100
8.00,480,-3.210,2.024,-2.180
8.00,481,-3.210,2.024,-2.180
8.00,482,-0.175,6.880,-2.194
8.00,483,3.282,1.920,-2.184
8.00,484,-0.042,3.767,2.856
8.00,485,-0.175,6.880,-2.194
8.00,486,-6.142,-3.781,-2.179
8.00,487,-0.042,-3.971,-2.100
8.00,488,-3.210,2.024,-2.180
8.00,489,-0.042,-3.971,-2.100
8.00,490,-0.083,-0.094,7.788
8.00,491,6.241,-3.745,-2.124
8.00,492,-3.210,2.024,-2.180
8.00,493,-0.042,-3.971,-2.100
8.00,494,-0.042,-3.971,-2.100
8.00,495,6.241,-3.745,-2.124
8.00,496,-6.142,-3.781,-2.179
8.00,497,-3.210,2.024,-2.180
8.00,498,3.282,1.920,-2.184
8.00,499,-0.175,6.880,-2.194
8.00,500,-0.083,-0.094,7.788
8.00,501,-0.175,6.880,-2.194
8.00,502,-0.175,6.880,-2.194
8.00,503,-6.142,-3.781,-2.179
8.00,504,-0.042,-3.971,-2.100
8.00,505,3.125,-1.888,2.783
8.00,506,3.282,1.920,-2.184
8.00,507,3.282,1.920,-2.184
8.00,508,-0.083,-0.094,7.788
8.00,509,-0.042,-3.971,-2.100
8.00,510,-3.210,2.024,-2.180
8.00,511,-3.210,2.024,-2.180
8.00,512,-0.175,6.880,-2.194
8.00,513,6.241,-3.745,-2.124
8.00,514,-0.083,-0.094,7.788
8.00,515,3.282,1.920,-2.184
8.00,516,-3.210,2.024,-2.180
8.00,517,-3.210,2.024,-2.180
8.00,518,3.125,-1.888,2.783
8.00,519,6.241,-3.745,-2.124
8.00,520,6.241,-3.745,-2.124
8.00,521,6.241,-3.745,-2.124
8.00,522,-0.083,-0.094,7.788
8.00,523,-0.083,-0.094,7.788
8.00,524,-0.042,3.767,2.856
8.00,525,-3.210,2.024,-2.180
8.00,526,-3.211,-1.901,2.777
8.00,527,3.125,-1.888,2.783
8.00,528,6.241,-3.745,-2.124
8.00,529,-0.042,3.767,2.856
8.00,530,-6.142,-3.781,-2.179
8.00,531,-3.210,2.024,-2.180
8.00,532,3.125,-1.888,2.783
8.00,533,-3.210,2.024,-2.180
8.00,534,3.125,-1.888,2.783
8.00,535,-0.175,6.880,-2.194
8.00,536,-3.210,2.024,-2.180
8.00,537,-3.210,2.024,-2.180
8.00,538,3.125,-1.888,2.783
8.00,539,-0.042,3.767,2.856
8.00,540,-0.175,6.880,-2.194
8.00,541,6.241,-3.745,-2.124
8.00,542,6.241,-3.745,-2.124
8.00,543,6.241,-3.745,-2.124
8.00,544,-6.142,-3.781,-2.179
8.00,545,-3.210,2.024,-2.180
8.00,546,-0.175,6.880,-2.194
8.00,547,6.241,-3.745,-2.124
8.00,548,-0.083,-0.094,7.788
8.00,549,-3.210,2.024,-2.180
8.00,550,-3.210,2.024,-2.180
8.00,551,-0.042,-3.971,-2.100
8.00,552,-3.210,2.024,-2.180
8.00,553,-6.142,-3.781,-2.179
8.00,554,3.282,1.920,-2.184
8.00,555,6.241,-3.745,-2.124
8.00,556,-0.083,-0.094,7.788
8.00,557,3.282,1.920,-2.184
8.00,558,-0.175,6.880,-2.194
8.00,559,-0.175,6.880,-2.194
8.00,560,3.282,1.920,-2.184
8.00,561,3.282,1.920,-2.184
8.00,562,3.125,-1.888,2.783
8.00,563,3.125,-1.888,2.783
8.00,564,-3.210,2.024,-2.180
8.00,565,-0.042,-3.971,-2.100
8.00,566,-3.210,2.024,-2.180
8.00,567,-3.210,2.024,-2.180
8.00,568,-0.175,6.880,-2.194
8.00,569,-0.083,-0.094,7.788
8.00,570,-0.175,6.880,-2.194
8.00,571,-0.042,3.767,2.856
8.00,572,-3.210,2.024,-2.180
8.00,573,-3.210,2.024,-2.180
8.00,574,-0.042,-3.971,-2.100
8.00,575,-3.211,-1.901,2.777
8.00,576,6.241,-3.745,-2.124
8.00,577,-3.211,-1.901,2.777
8.00,578,-0.042,-3.971,-2.100
8.00,579,6.241,-3.745,-2.124
8.00,580,-0.042,-3.971,-2.100
8.00,581,3.282,1.920,-2.184
8.00,582,-0.175,6.880,-2.194
8.00,583,3.282,1.920,-2.184
8.00,584,-6.142,-3.781,-2.179
8.00,585,-0.083,-0.094,7.788
8.00,586,-0.042,-3.971,-2.100
8.00,587,-3.210,2.024,-2.180
8.00,588,-6.142,-3.781,-2.179
8.00,589,3.282,1.920,-2.184
8.00,590,-0.042,-3.971,-2.100
8.00,591,6.241,-3.745,-2.124
8.00,592,-3.210,2.024,-2.180
8.00,593,-3.211,-1.901,2.777
8.00,594,-0.175,6.880,-2.194
8.00,595,3.282,1.920,-2.184
8.00,596,3.282,1.920,-2.184
8.00,597,-0.042,3.767,2.856
8.00,598,3.282,1.920,-2.184
8.00,599,6.241,-3.745,-2.124
8.00,600,-0.042,3.767,2.856
8.00,601,-0.042,-3.971,-2.100
8.00,602,3.282,1.920,-2.184
8.00,603,-0.042,3.767,2.856
8.00,604,6.241,-3.745,-2.124
8.00,605,3.282,1.920,-2.184
8.00,606,6.241,-3.745,-2.124
8.00,607,-0.175,6.880,-2.194
8.00,608,-0.042,-3.971,-2.100
8.00,609,3.125,-1.888,2.783
8.00,610,-3.210,2.024,-2.180
8.00,611,3.282,1.920,-2.184
8.00,612,-0.042,-3.971,-2.100
8.00,613,3.125,-1.888,2.783
8.00,614,-3.210,2.024,-2.180
8.00,615,-0.175,6.880,-2.194
8.00,616,-0.083,-0.094,7.788
8.00,617,3.282,1.920,-2.184
8.00,618,-0.083,-0.094,7.788
8.00,619,-0.083,-0.094,7.788
8.00,620,-3.210,2.024,-2.180
8.00,621,-3.210,2.024,-2.180
8.00,622,-0.083,-0.094,7.788
8.00,623,-0.175,6.880,-2.194
8.00,624,-3.210,2.024,-2.180
8.00,625,-0.042,-3.971,-2.100
8.00,626,-0.083,-0.094,7.788
8.00,627,3.125,-1.888,2.783
8.00,628,-3.210,2.024,-2.180
8.00,629,-0.042,-3.971,-2.100
8.00,630,-3.211,-1.901,2.777
8.00,631,3.282,1.920,-2.184
8.00,632,-3.210,2.024,-2.180
8.00,633,-3.210,2.024,-2.180
8.00,634,-0.175,6.880,-2.194
8.00,635,-0.042,-3.971,-2.100
8.00,636,-0.042,-3.971,-2.100
8.00,637,-0.042,3.767,2.856
8.00,638,3.125,-1.888,2.783
8.00,639,-3.210,2.024,-2.180
8.00,640,-3.210,2.024,-2.180
8.00,641,-3.211,-1.901,2.777
8.00,642,-3.210,2.024,-2.180
8.00,643,-0.175,6.880,-2.194
8.00,644,-0.083,-0.094,7.788
8.00,645,-0.042,-3.971,-2.100
8.00,646,3.282,1.920,-2.184
8.00,647,-0.083,-0.094,7.788
8.00,648,3.282,1.920,-2.184
8.00,649,-0.042,-3.971,-2.100
8.00,650,-0.042,3.767,2.856
8.00,651,-0.175,6.880,-2.194
8.00,652,-0.042,-3.971,-2.100
8.00,653,-3.211,-1.901,2.777
8.00,654,3.125,-1.888,2.783
8.00,655,6.241,-3.745,-2.124
8.00,656,-0.042,-3.971,-2.100
8.00,657,6.241,-3.745,-2.124
8.00,658,-6.142,-3.781,-2.179
8.00,659,-3.210,2.024,-2.180
8.00,660,6.241,-3.745,-2.124
8.00,661,-0.083,-0.094,7.788
8.00,662,3.282,1.920,-2.184
8.00,663,3.282,1.920,-2.184
8.00,664,3.282,1.920,-2.184
8.00,665,-0.042,3.767,2.856
8.00,666,3.282,1.920,-2.184
8.00,667,-0.175,6.880,-2.194
8.00,668,-0.042,3.767,2.856
8.00,669,-3.210,2.024,-2.180
8.00,670,-0.042,-3.971,-2.100
8.00,671,3.282,1.920,-2.184
8.00,672,6.241,-3.745,-2.124
8.00,673,-3.210,2.024,-2.180
8.00,674,-3.210,2.024,-2.180
8.00,675,-0.042,-3.971,-2.100
8.00,676,-3.210,2.024,-2.180
8.00,677,6.241,-3.745,-2.124
8.00,678,-0.042,-3.971,-2.100
8.00,679,6.241,-3.745,-2.124
8.00,680,-0.083,-0.094,7.788
8.00,681,-3.210,2.024,-2.180
8.00,682,-0.175,6.880,-2.194
8.00,683,-3.210,2.024,-2.180
8.00,684,6.241,-3.745,-2.124
8.00,685,-0.042,-3.971,-2.100
8.00,686,6.241,-3.745,-2.124
8.00,687,3.282,1.920,-2.184
8.00,688,-0.175,6.880,-2.194
8.00,689,3.282,1.920,-2.184
8.00,690,-0.175,6.880,-2.194
8.00,691,-0.042,3.767,2.856
8.00,692,-6.142,-3.781,-2.179
8.00,693,-0.042,-3.971,-2.100
8.00,694,-0.042,-3.971,-2.100
8.00,695,-6.142,-3.781,-2.179
8.00,696,-0.083,-0.094,7.788
8.00,697,-6.142,-3.781,-2.179
8.00,698,3.282,1.920,-2.184
8.00,699,-0.042,3.767,2.856
8.00,700,-3.210,2.024,-2.180
8.00,701,-3.210,2.024,-2.180
8.00,702,3.282,1.920,-2.184
8.00,703,-0.042,-3.971,-2.100
8.00,704,-0.175,6.880,-2.194
8.00,705,3.282,1.920,-2.184
8.00,706,-0.175,6.880,-2.194
8.00,707,-0.083,-0.094,7.788
8.00,708,6.241,-3.745,-2.124
8.00,709,3.282,1.920,-2.184
8.00,710,-0.083,-0.094,7.788
8.00,711,-0.175,6.880,-2.194
8.00,712,-3.210,2.024,-2.180
8.00,713,-0.042,-3.971,-2.100
8.00,714,3.125,-1.888,2.783
8.00,715,-0.083,-0.094,7.788
8.00,716,-6.142,-3.781,-2.179
8.00,717,-0.175,6.880,-2.194
8.00,718,6.241,-3.745,-2.124
8.00,719,-0.042,-3.971,-2.100
8.00,720,-0.175,6.880,-2.194
8.00,721,-3.210,2.024,-2.180
8.00,722,-0.083,-0.094,7.788
8.00,723,6.241,-3.745,-2.124
8.00,724,-0.042,3.767,2.856
8.00,725,-0.083,-0.094,7.788
8.00,726,-0.042,3.767,2.856
8.00,727,6.241,-3.745,-2.124
8.00,728,-3.210,2.024,-2.180
8.00,729,3.125,-1.888,2.783
8.00,730,-0.083,-0.094,7.788
8.00,731,-6.142,-3.781,-2.179
8.00,732,3.282,1.920,-2.184
8.00,733,3.125,-1.888,2.783
8.00,734,-0.175,6.880,-2.194
8.00,735,6.241,-3.745,-2.124
8.00,736,-0.083,-0.094,7.788
8.00,737,6.241,-3.745,-2.124
8.00,738,6.241,-3.745,-2.124
8.00,739,-0.042,-3.971,-2.100
8.00,740,6.241,-3.745,-2.124
8.00,741,-0.042,-3.971,-2.100
8.00,742,6.241,-3.745,-2.124
8.00,743,-6.142,-3.781,-2.179
8.00,744,-0.083,-0.094,7.788
8.00,745,-0.083,-0.094,7.788
8.00,746,-3.210,2.024,-2.180
8.00,747,6.241,-3.745,-2.124
8.00,748,-0.175,6.880,-2.194
8.00,749,-0.042,-3.971,-2.100
8.00,750,-3.210,2.024,-2.180
8.00,751,6.241,-3.745,-2.124
8.00,752,-0.175,6.880,-2.194
8.00,753,6.241,-3.745,-2.124
8.00,754,-0.175,6.880,-2.194
8.00,755,-3.210,2.024,-2.180
8.00,756,-0.042,-3.971,-2.100
8.00,757,6.241,-3.745,-2.124
8.00,758,-0.175,6.880,-2.194
8.00,759,-3.210,2.024,-2.180
8.00,760,6.241,-3.745,-2.124
8.00,761,-3.210,2.024,-2.180
8.00,762,3.282,1.920,-2.184
8.00,763,6.241,-3.745,-2.124
8.00,764,-3.210,2.024,-2.180
8.00,765,-6.142,-3.781,-2.179
8.00,766,3.125,-1.888,2.783
8.00,767,-0.175,6.880,-2.194
8.00,768,6.241,-3.745,-2.124
8.00,769,-0.042,3.767,2.856
8.00,770,-3.210,2.024,-2.180
8.00,771,3.282,1.920,-2.184
8.00,772,-0.083,-0.094,7.788
8.00,773,6.241,-3.745,-2.124
8.00,774,3.282,1.920,-2.184
8.00,775,3.282,1.920,-2.184
8.00,776,-3.210,2.024,-2.180
8.00,777,-0.175,6.880,-2.194
8.00,778,-3.210,2.024,-2.180
8.00,779,3.282,1.920,-2.184
8.00,780,-0.175,6.880,-2.194
8.00,781,3.282,1.920,-2.184
8.00,782,6.241,-3.745,-2.124
8.00,783,6.241,-3.745,-2.124
8.00,784,-0.083,-0.094,7.788
8.00,785,-0.083,-0.094,7.788
8.00,786,-0.042,-3.971,-2.100
8.00,787,-3.210,2.024,-2.180
8.00,788,3.125,-1.888,2.783
8.00,789,-3.210,2.024,-2.180
8.00,790,3.125,-1.888,2.783
8.00,791,-3.210,2.024,-2.180
8.00,792,-0.175,6.880,-2.194
8.00,793,-0.042,-3.971,-2.100
8.00,794,-3.210,2.024,-2.180
8.00,795,-3.210,2.024,-2.180
8.00,796,-0.083,-0.094,7.788
8.00,797,-3.210,2.024,-2.180
8.00,798,6.241,-3.745,-2.124
8.00,799,-0.083,-0.094,7.788
8.00,800,-0.042,-3.971,-2.100
8.00,801,-0.042,-3.971,-2.100
8.00,802,-0.042,3.767,2.856
8.00,803,-0.042,-3.971,-2.100
8.00,804,3.282,1.920,-2.184
8.00,805,3.282,1.920,-2.184
8.00,806,3.125,-1.888,2.783
8.00,807,-3.210,2.024,-2.180
8.00,808,-3.210,2.024,-2.180
8.00,809,-3.210,2.024,-2.180
8.00,810,-0.042,-3.971,-2.100
8.00,811,3.125,-1.888,2.783
8.00,812,3.282,1.920,-2.184
8.00,813,6.241,-3.745,-2.124
8.00,814,-0.083,-0.094,7.788
8.00,815,-0.175,6.880,-2.194
8.00,816,3.282,1.920,-2.184
8.00,817,-6.142,-3.781,-2.179
8.00,818,-0.042,-3.971,-2.100
8.00,819,-0.042,3.767,2.856
8.00,820,-3.210,2.024,-2.180
8.00,821,-3.210,2.024,-2.180
8.00,822,-6.142,-3.781,-2.179
8.00,823,3.125,-1.888,2.783
8.00,824,-0.083,-0.094,7.788
8.00,825,3.282,1.920,-2.184
8.00,826,-0.042,3.767,2.856
8.00,827,-3.210,2.024,-2.180
8.00,828,-3.210,2.024,-2.180
8.00,829,-0.083,-0.094,7.788
8.00,830,-0.175,6.880,-2.194
8.00,831,-3.210,2.024,-2.180
8.00,832,3.282,1.920,-2.184
8.00,833,-0.175,6.880,-2.194
8.00,834,-3.210,2.024,-2.180
8.00,835,6.241,-3.745,-2.124
8.00,836,-0.175,6.880,-2.194
8.00,837,6.241,-3.745,-2.124
8.00,838,3.282,1.920,-2.184
8.00,839,-0.175,6.880,-2.194
8.00,840,-3.210,2.024,-2.180
8.00,841,-0.175,6.880,-2.194
8.00,842,3.282,1.920,-2.184
8.00,843,3.282,1.920,-2.184
8.00,844,3.282,1.920,-2.184
8.00,845,3.282,1.920,-2.184
8.00,846,-3.210,2.024,-2.180
8.00,847,3.282,1.920,-2.184
8.00,848,6.241,-3.745,-2.124
8.00,849,-0.042,3.767,2.856
8.00,850,-0.042,3.767,2.856
8.00,851,-6.142,-3.781,-2.179
8.00,852,-0.083,-0.094,7.788
8.00,853,3.282,1.920,-2.184
8.00,854,-3.210,2.024,-2.180
8.00,855,-0.175,6.880,-2.194
8.00,856,3.282,1.920,-2.184
8.00,857,-3.210,2.024,-2.180
8.00,858,3.282,1.920,-2.184
8.00,859,-3.210,2.024,-2.180
8.00,860,-0.083,-0.094,7.788
8.00,861,-3.211,-1.901,2.777
8.00,862,3.282,1.920,-2.184
8.00,863,-0.083,-0.094,7.788
8.00,864,3.125,-1.888,2.783
8.00,865,-0.042,-3.971,-2.100
8.00,866,-3.210,2.024,-2.180
8.00,867,-0.083,-0.094,7.788
8.00,868,3.125,-1.888,2.783
8.00,869,-0.042,3.767,2.856
8.00,870,3.125,-1.888,2.783
8.00,871,3.282,1.920,-2.184
8.00,872,-0.042,-3.971,-2.100
8.00,873,-3.210,2.024,-2.180
8.00,874,-0.083,-0.094,7.788
8.00,875,3.282,1.920,-2.184
8.00,876,-3.210,2.024,-2.180
8.00,877,-0.042,3.767,2.856
8.00,878,-3.210,2.024,-2.180
8.00,879,-0.083,-0.094,7.788
8.00,880,3.282,1.920,-2.184
8.00,881,3.282,1.920,-2.184
8.00,882,-0.042,3.767,2.856
8.00,883,3.282,1.920,-2.184
8.00,884,3.282,1.920,-2.184
8.00,885,3.125,-1.888,2.783
8.00,886,-6.142,-3.781,-2.179
8.00,887,-0.042,-3.971,-2.100
8.00,888,3.282,1.920,-2.184
8.00,889,-3.210,2.024,-2.180
8.00,890,6.241,-3.745,-2.124
8.00,891,-0.042,3.767,2.856
8.00,892,-0.083,-0.094,7.788
8.00,893,-6.142,-3.781,-2.179
8.00,894,-3.211,-1.901,2.777
8.00,895,-0.042,-3.971,-2.100
8.00,896,-3.210,2.024,-2.180
8.00,897,-0.042,-3.971,-2.100
8.00,898,-0.175,6.880,-2.194
8.00,899,3.282,1.920,-2.184
8.00,900,-0.175,6.880,-2.194
8.00,901,-3.210,2.024,-2.180
8.00,902,-3.210,2.024,-2.180
8.00,903,-0.042,-3.971,-2.100
8.00,904,6.241,-3.745,-2.124
8.00,905,6.241,-3.745,-2.124
8.00,906,6.241,-3.745,-2.124
8.00,907,-0.042,-3.971,-2.100
8.00,908,6.241,-3.745,-2.124
8.00,909,-0.083,-0.094,7.788
8.00,910,3.282,1.920,-2.184
8.00,911,-0.083,-0.094,7.788
8.00,912,6.241,-3.745,-2.124
8.00,913,3.125,-1.888,2.783
8.00,914,-0.042,3.767,2.856
8.00,915,3.282,1.920,-2.184
8.00,916,6.241,-3.745,-2.124
8.00,917,-0.083,-0.094,7.788
8.00,918,-0.042,3.767,2.856
8.00,919,-0.042,3.767,2.856
8.00,920,3.282,1.920,-2.184
8.00,921,3.125,-1.888,2.783
8.00,922,-3.210,2.024,-2.180
8.00,923,-0.083,-0.094,7.788
8.00,924,3.125,-1.888,2.783
8.00,925,-3.210,2.024,-2.180
8.00,926,-0.042,3.767,2.856
8.00,927,-0.042,3.767,2.856
8.00,928,-3.211,-1.901,2.777
8.00,929,6.241,-3.745,-2.124
8.00,930,-3.210,2.024,-2.180
8.00,931,-0.175,6.880,-2.194
8.00,932,-0.175,6.880,-2.194
8.00,933,6.241,-3.745,-2.124
8.00,934,-3.211,-1.901,2.777
8.00,935,-0.042,-3.971,-2.100
8.00,936,-0.042,-3.971,-2.100
8.00,937,-3.210,2.024,-2.180
8.00,938,-0.042,3.767,2.856
8.00,939,3.125,-1.888,2.783
8.00,940,-3.210,2.024,-2.180
8.00,941,-0.083,-0.094,7.788
8.00,942,-0.083,-0.094,7.788
8.00,943,-0.042,3.767,2.856
8.00,944,3.282,1.920,-2.184
8.00,945,-0.083,-0.094,7.788
8.00,946,-3.210,2.024,-2.180
8.00,947,-0.042,3.767,2.856
8.00,948,3.125,-1.888,2.783
8.00,949,6.241,-3.745,-2.124
8.00,950,-0.042,-3.971,-2.100
8.00,951,-0.175,6.880,-2.194
8.00,952,-0.042,3.767,2.856
8.00,953,3.282,1.920,-2.184
8.00,954,6.241,-3.745,-2.124
8.00,955,3.282,1.920,-2.184
8.00,956,-3.210,2.024,-2.180
8.00,957,-3.210,2.024,-2.180
8.00,958,-0.083,-0.094,7.788
8.00,959,-0.042,-3.971,-2.100
8.00,960,3.282,1.920,-2.184
8.00,961,-0.042,-3.971,-2.100
8.00,962,-0.175,6.880,-2.194
8.00,963,-3.210,2.024,-2.180
8.00,964,3.125,-1.888,2.783
8.00,965,-0.083,-0.094,7.788
8.00,966,6.241,-3.745,-2.124
8.00,967,6.241,-3.745,-2.124
8.00,968,6.241,-3.745,-2.124
8.00,969,-0.083,-0.094,7.788
8.00,970,3.125,-1.888,2.783
8.00,971,6.241,-3.745,-2.124
8.00,972,-0.083,-0.094,7.788
8.00,973,3.282,1.920,-2.184
8.00,974,-0.042,-3.971,-2.100
8.00,975,-0.042,-3.971,-2.100
8.00,976,3.125,-1.888,2.783
8.00,977,-3.210,2.024,-2.180
8.00,978,-0.042,-3.971,-2.100
8.00,979,-3.210,2.024,-2.180
8.00,980,-0.042,3.767,2.856
8.00,981,-0.042,-3.971,-2.100
8.00,982,6.241,-3.745,-2.124
8.00,983,3.125,-1.888,2.783
8.00,984,-0.083,-0.094,7.788
8.00,985,-3.210,2.024,-2.180
8.00,986,-0.042,-3.971,-2.100
8.00,987,-6.142,-3.781,-2.179
8.00,988,-0.175,6.880,-2.194
8.00,989,3.282,1.920,-2.184
8.00,990,-0.042,3.767,2.856
8.00,991,-3.210,2.024,-2.180
8.00,992,-6.142,-3.781,-2.179
8.00,993,-3.210,2.024,-2.180
8.00,994,3.125,-1.888,2.783
8.00,995,3.282,1.920,-2.184
8.00,996,-3.210,2.024,-2.180
8.00,997,3.125,-1.888,2.783
8.00,998,-0.042,-3.971,-2.100
8.00,999,-0.042,-3.971,-2.100
8.00,1000,-3.210,2.024,-2.180
8.00,1001,6.241,-3.745,-2.124
8.00,1002,6.241,-3.745,-2.124
8.00,1003,3.282,1.920,-2.184
8.00,1004,3.282,1.920,-2.184
8.00,1005,3.125,-1.888,2.783
8.00,1006,-0.175,6.880,-2.194
8.00,1007,3.125,-1.888,2.783
8.00,1008,-0.042,-3.971,-2.100
8.00,1009,-3.211,-1.901,2.777
8.00,1010,3.282,1.920,-2.184
8.00,1011,-0.175,6.880,-2.194
8.00,1012,-0.175,6.880,-2.194
8.00,1013,-0.083,-0.094,7.788
8.00,1014,-0.083,-0.094,7.788
8.00,1015,3.282,1.920,-2.184
8.00,1016,-0.042,3.767,2.856
8.00,1017,6.241,-3.745,-2.124
8.00,1018,-0.042,-3.971,-2.100
8.00,1019,6.241,-3.745,-2.124
8.00,1020,3.282,1.920,-2.184
8.00,1021,3.282,1.920,-2.184
8.00,1022,6.241,-3.745,-2.124
8.00,1023,-0.042,3.767,2.856
8.00,1024,-0.175,6.880,-2.194
8.00,1025,-0.042,-3.971,-2.100
8.00,1026,-0.175,6.880,-2.194
8.00,1027,-3.210,2.024,-2.180
8.00,1028,3.282,1.920,-2.184
8.00,1029,-6.142,-3.781,-2.179
8.00,1030,-3.210,2.024,-2.180
8.00,1031,-0.042,-3.971,-2.100
8.00,1032,-3.210,2.024,-2.180
8.00,1033,-0.175,6.880,-2.194
8.00,1034,-0.042,-3.971,-2.100
8.00,1035,-0.175,6.880,-2.194
8.00,1036,-0.083,-0.094,7.788
8.00,1037,-3.210,2.024,-2.180
8.00,1038,-3.211,-1.901,2.777
8.00,1039,-0.083,-0.094,7.788
8.00,1040,3.282,1.920,-2.184
8.00,1041,6.241,-3.745,-2.124
8.00,1042,6.241,-3.745,-2.124
8.00,1043,6.241,-3.745,-2.124
8.00,1044,-0.175,6.880,-2.194
8.00,1045,6.241,-3.745,-2.124
8.00,1046,-0.083,-0.094,7.788
8.00,1047,-0.083,-0.094,7.788
8.00,1048,6.241,-3.745,-2.124
8.00,1049,-0.042,-3.971,-2.100
8.00,1050,-0.042,3.767,2.856
8.00,1051,-3.210,2.024,-2.180
8.00,1052,-0.042,3.767,2.856
8.00,1053,3.282,1.920,-2.184
8.00,1054,-0.042,3.767,2.856
8.00,1055,3.125,-1.888,2.783
8.00,1056,3.125,-1.888,2.783
8.00,1057,-0.042,-3.971,-2.100
8.00,1058,-3.210,2.024,-2.180
8.00,1059,-3.210,2.024,-2.180
8.00,1060,-0.175,6.880,-2.194
8.00,1061,6.241,-3.745,-2.124
8.00,1062,3.282,1.920,-2.184
8.00,1063,6.241,-3.745,-2.124
8.00,1064,-0.042,3.767,2.856
8.00,1065,3.282,1.920,-2.184
8.00,1066,-0.083,-0.094,7.788
8.00,1067,-3.210,2.024,-2.180
8.00,1068,6.241,-3.745,-2.124
8.00,1069,-0.083,-0.094,7.788
8.00,1070,3.282,1.920,-2.184
8.00,1071,-3.210,2.024,-2.180
8.00,1072,-0.042,-3.971,-2.100
8.00,1073,-3.210,2.024,-2.180
8.00,1074,6.241,-3.745,-2.124
8.00,1075,3.282,1.920,-2.184
8.00,1076,3.282,1.920,-2.184
8.00,1077,3.282,1.920,-2.184
8.00,1078,3.125,-1.888,2.783
8.00,1079,-3.210,2.024,-2.180
8.00,1080,3.282,1.920,-2.184
8.00,1081,-0.042,-3.971,-2.100
8.00,1082,-3.210,2.024,-2.180
8.00,1083,6.241,-3.745,-2.124
8.00,1084,-0.175,6.880,-2.194
8.00,1085,3.282,1.920,-2.184
8.00,1086,-3.210,2.024,-2.180
8.00,1087,-0.175,6.880,-2.194
8.00,1088,-0.175,6.880,-2.194
8.00,1089,-0.175,6.880,-2.194
8.00,1090,3.282,1.920,-2.184
8.00,1091,3.282,1.920,-2.184
8.00,1092,-0.042,3.767,2.856
8.00,1093,-0.042,3.767,2.856
8.00,1094,-3.210,2.024,-2.180
8.00,1095,-0.042,-3.971,-2.100
8.00,1096,-0.042,-3.971,-2.100
8.00,1097,-0.042,3.767,2.856
8.00,1098,-0.083,-0.094,7.788
8.00,1099,6.241,-3.745,-2.124
8.00,1100,6.241,-3.745,-2.124
8.00,1101,-0.175,6.880,-2.194
8.00,1102,-3.210,2.024,-2.180
8.00,1103,-0.083,-0.094,7.788
8.00,1104,6.241,-3.745,-2.124
8.00,1105,-0.175,6.880,-2.194
8.00,1106,-3.210,2.024,-2.180
8.00,1107,-0.175,6.880,-2.194
8.00,1108,-0.175,6.880,-2.194
8.00,1109,3.282,1.920,-2.184
8.00,1110,-3.210,2.024,-2.180
8.00,1111,6.241,-3.745,-2.124
8.00,1112,-0.175,6.880,-2.194
8.00,1113,3.125,-1.888,2.783
8.00,1114,3.125,-1.888,2.783
8.00,1115,-0.042,-3.971,-2.100
8.00,1116,-0.083,-0.094,7.788
8.00,1117,-0.042,3.767,2.856
8.00,1118,3.282,1.920,-2.184
8.00,1119,-0.042,3.767,2.856
8.00,1120,-3.210,2.024,-2.180
8.00,1121,6.241,-3.745,-2.124
8.00,1122,-0.042,3.767,2.856
8.00,1123,-0.175,6.880,-2.194
8.00,1124,-0.175,6.880,-2.194
8.00,1125,-0.175,6.880,-2.194
8.00,1126,-0.175,6.880,-2.194
8.00,1127,-3.210,2.024,-2.180
8.00,1128,-3.210,2.024,-2.180
8.00,1129,-3.210,2.024,-2.180
8.00,1130,-3.210,2.024,-2.180
8.00,1131,3.282,1.920,-2.184
8.00,1132,-0.175,6.880,-2.194
8.00,1133,-0.042,3.767,2.856
8.00,1134,-0.042,-3.971,-2.100
8.00,1135,-0.083,-0.094,7.788
8.00,1136,-0.042,-3.971,-2.100
8.00,1137,3.282,1.920,-2.184
8.00,1138,-3.210,2.024,-2.180
8.00,1139,-0.042,3.767,2.856
8.00,1140,3.282,1.920,-2.184
8.00,1141,-0.042,3.767,2.856
8.00,1142,-0.042,3.767,2.856
8.00,1143,3.125,-1.888,2.783
8.00,1144,-0.042,3.767,2.856
8.00,1145,-0.083,-0.094,7.788
8.00,1146,-3.210,2.024,-2.180
8.00,1147,-0.042,-3.971,-2.100
8.00,1148,-0.042,-3.971,-2.100
8.00,1149,-3.210,2.024,-2.180
8.00,1150,-0.175,6.880,-2.194
8.00,1151,-0.175,6.880,-2.194
8.00,1152,6.241,-3.745,-2.124
8.00,1153,-0.083,-0.094,7.788
8.00,1154,-6.142,-3.781,-2.179
8.00,1155,6.241,-3.745,-2.124
8.00,1156,-0.175,6.880,-2.194
8.00,1157,-3.210,2.024,-2.180
8.00,1158,-3.210,2.024,-2.180
8.00,1159,3.282,1.920,-2.184
8.00,1160,-6.142,-3.781,-2.179
8.00,1161,-6.142,-3.781,-2.179
8.00,1162,3.282,1.920,-2.184
8.00,1163,-3.210,2.024,-2.180
8.00,1164,-3.210,2.024,-2.180
8.00,1165,-0.042,-3.971,-2.100
8.00,1166,-0.042,-3.971,-2.100
8.00,1167,3.282,1.920,-2.184
8.00,1168,-0.042,-3.971,-2.100
8.00,1169,6.241,-3.745,-2.124
8.00,1170,3.125,-1.888,2.783
8.00,1171,-3.210,2.024,-2.180
8.00,1172,-6.142,-3.781,-2.179
8.00,1173,3.125,-1.888,2.783
8.00,1174,-3.210,2.024,-2.180
8.00,1175,-0.083,-0.094,7.788
8.00,1176,-0.083,-0.094,7.788
8.00,1177,6.241,-3.745,-2.124
8.00,1178,-3.210,2.024,-2.180
8.00,1179,3.282,1.920,-2.184
8.00,1180,-3.210,2.024,-2.180
8.00,1181,3.125,-1.888,2.783
8.00,1182,3.282,1.920,-2.184
8.00,1183,-3.210,2.024,-2.180
8.00,1184,-6.142,-3.781,-2.179
8.00,1185,6.241,-3.745,-2.124
8.00,1186,-0.175,6.880,-2.194
8.00,1187,-0.083,-0.094,7.788
8.00,1188,3.282,1.920,-2.184
8.00,1189,3.125,-1.888,2.783
8.00,1190,-0.042,3.767,2.856
8.00,1191,3.125,-1.888,2.783
8.00,1192,-0.042,-3.971,-2.100
8.00,1193,-0.042,-3.971,-2.100
8.00,1194,-3.210,2.024,-2.180
8.00,1195,-0.083,-0.094,7.788
8.00,1196,3.282,1.920,-2.184
8.00,1197,-0.175,6.880,-2.194
8.00,1198,-3.210,2.024,-2.180
8.00,1199,3.125,-1.888,2.783
8.00,1200,3.125,-1.888,2.783
8.00,1201,-0.042,3.767,2.856
8.00,1202,-3.210,2.024,-2.180
8.00,1203,3.282,1.920,-2.184
8.00,1204,-0.175,6.880,-2.194
8.00,1205,-6.142,-3.781,-2.179
8.00,1206,-0.083,-0.094,7.788
8.00,1207,-3.210,2.024,-2.180
8.00,1208,3.282,1.920,-2.184
8.00,1209,6.241,-3.745,-2.124
8.00,1210,3.282,1.920,-2.184
8.00,1211,-3.210,2.024,-2.180
8.00,1212,-0.175,6.880,-2.194
8.00,1213,6.241,-3.745,-2.124
8.00,1214,-0.083,-0.094,7.788
8.00,1215,3.282,1.920,-2.184
8.00,1216,6.241,-3.745,-2.124
8.00,1217,-6.142,-3.781,-2.179
8.00,1218,-0.042,-3.971,-2.100
8.00,1219,3.282,1.920,-2.184
8.00,1220,-3.210,2.024,-2.180
8.00,1221,-0.042,3.767,2.856
8.00,1222,-3.210,2.024,-2.180
8.00,1223,-0.042,-3.971,-2.100
8.00,1224,-0.175,6.880,-2.194
8.00,1225,-0.042,-3.971,-2.100
8.00,1226,-3.211,-1.901,2.777
8.00,1227,3.125,-1.888,2.783
8.00,1228,3.125,-1.888,2.783
8.00,1229,-3.210,2.024,-2.180
8.00,1230,-3.210,2.024,-2.180
8.00,1231,-0.042,3.767,2.856
8.00,1232,-3.210,2.024,-2.180
8.00,1233,3.282,1.920,-2.184
8.00,1234,6.241,-3.745,-2.124
8.00,1235,6.241,-3.745,-2.124
8.00,1236,-0.042,3.767,2.856
8.00,1237,-0.042,-3.971,-2.100
8.00,1238,-0.042,3.767,2.856
8.00,1239,-0.042,-3.971,-2.100
8.00,1240,6.241,-3.745,-2.124
8.00,1241,6.241,-3.745,-2.124
8.00,1242,-0.175,6.880,-2.194
8.00,1243,-6.142,-3.781,-2.179
8.00,1244,3.282,1.920,-2.184
8.00,1245,-0.083,-0.094,7.788
8.00,1246,-0.083,-0.094,7.788
8.00,1247,-0.042,-3.971,-2.100
8.00,1248,3.282,1.920,-2.184
8.00,1249,6.241,-3.745,-2.124
8.00,1250,-0.083,-0.094,7.788
8.00,1251,-0.175,6.880,-2.194
8.00,1252,-0.083,-0.094,7.788
8.00,1253,-3.211,-1.901,2.777
8.00,1254,-0.175,6.880,-2.194
8.00,1255,3.282,1.920,-2.184
8.00,1256,-3.210,2.024,-2.180
8.00,1257,6.241,-3.745,-2.124
8.00,1258,-0.042,3.767,2.856
8.00,1259,-3.210,2.024,-2.180
8.00,1260,-0.083,-0.094,7.788
8.00,1261,-0.175,6.880,-2.194
8.00,1262,-6.142,-3.781,-2.179
8.00,1263,-0.083,-0.094,7.788
8.00,1264,-3.210,2.024,-2.180
8.00,1265,-0.175,6.880,-2.194
8.00,1266,6.241,-3.745,-2.124
8.00,1267,-0.083,-0.094,7.788
8.00,1268,-0.042,3.767,2.856
8.00,1269,-0.175,6.880,-2.194
8.00,1270,6.241,-3.745,-2.124
8.00,1271,-3.210,2.024,-2.180
8.00,1272,-0.042,-3.971,-2.100
8.00,1273,-3.210,2.024,-2.180
8.00,1274,6.241,-3.745,-2.124
8.00,1275,-0.042,-3.971,-2.100
8.00,1276,-0.175,6.880,-2.194
8.00,1277,-0.042,-3.971,-2.100
8.00,1278,-0.083,-0.094,7.788
8.00,1279,-6.142,-3.781,-2.179
8.00,1280,6.241,-3.745,-2.124
8.00,1281,-3.210,2.024,-2.180
8.00,1282,-3.210,2.024,-2.180
8.00,1283,-0.042,-3.971,-2.100
8.00,1284,-3.210,2.024,-2.180
8.00,1285,-0.042,-3.971,-2.100
8.00,1286,3.282,1.920,-2.184
8.00,1287,-0.042,3.767,2.856
8.00,1288,-0.175,6.880,-2.194
8.00,1289,3.125,-1.888,2.783
8.00,1290,3.125,-1.888,2.783
8.00,1291,6.241,-3.745,-2.124
8.00,1292,-0.042,3.767,2.856
8.00,1293,3.282,1.920,-2.184
8.00,1294,-3.210,2.024,-2.180
8.00,1295,-0.042,-3.971,-2.100
8.00,1296,-0.175,6.880,-2.194
8.00,1297,-0.175,6.880,-2.194
8.00,1298,3.282,1.920,-2.184
8.00,1299,-6.142,-3.781,-2.179
8.00,1300,-3.210,2.024,-2.180
8.00,1301,6.241,-3.745,-2.124
8.00,1302,-0.042,-3.971,-2.100
8.00,1303,-0.083,-0.094,7.788
8.00,1304,3.125,-1.888,2.783
8.00,1305,3.282,1.920,-2.184
8.00,1306,3.282,1.920,-2.184
8.00,1307,-3.210,2.024,-2.180
8.00,1308,-0.042,3.767,2.856
8.00,1309,3.282,1.920,-2.184
8.00,1310,3.125,-1.888,2.783
8.00,1311,6.241,-3.745,-2.124
8.00,1312,6.241,-3.745,-2.124
8.00,1313,3.125,-1.888,2.783
8.00,1314,-3.211,-1.901,2.777
8.00,1315,3.125,-1.888,2.783
8.00,1316,-3.210,2.024,-2.180
8.00,1317,-0.042,-3.971,-2.100
8.00,1318,-0.042,-3.971,-2.100
8.00,1319,-3.210,2.024,-2.180
8.00,1320,3.282,1.920,-2.184
8.00,1321,3.282,1.920,-2.184
8.00,1322,-0.175,6.880,-2.194
8.00,1323,-0.083,-0.094,7.788
8.00,1324,3.282,1.920,-2.184
8.00,1325,-3.210,2.024,-2.180
8.00,1326,-0.083,-0.094,7.788
8.00,1327,-0.175,6.880,-2.194
8.00,1328,3.282,1.920,-2.184
8.00,1329,-0.083,-0.094,7.788
8.00,1330,-0.042,-3.971,-2.100
8.00,1331,6.241,-3.745,-2.124
8.00,1332,-3.210,2.024,-2.180
8.00,1333,-0.042,-3.971,-2.100
8.00,1334,6.241,-3.745,-2.124
8.00,1335,-0.042,-3.971,-2.100
8.00,1336,-3.210,2.024,-2.180
8.00,1337,3.125,-1.888,2.783
8.00,1338,-0.175,6.880,-2.194
8.00,1339,-0.083,-0.094,7.788
8.00,1340,-0.042,3.767,2.856
8.00,1341,-0.042,3.767,2.856
8.00,1342,-0.042,-3.971,-2.100
8.00,1343,-0.083,-0.094,7.788
8.00,1344,-3.210,2.024,-2.180
8.00,1345,-0.042,3.767,2.856
8.00,1346,-0.175,6.880,-2.194
8.00,1347,-0.083,-0.094,7.788
8.00,1348,-3.210,2.024,-2.180
8.00,1349,-0.083,-0.094,7.788
8.00,1350,-3.210,2.024,-2.180
8.00,1351,6.241,-3.745,-2.124
8.00,1352,-3.210,2.024,-2.180
8.00,1353,-0.175,6.880,-2.194
8.00,1354,-0.042,3.767,2.856
8.00,1355,3.282,1.920,-2.184
8.00,1356,6.241,-3.745,-2.124
8.00,1357,-3.210,2.024,-2.180
8.00,1358,-0.175,6.880,-2.194
8.00,1359,3.125,-1.888,2.783
8.00,1360,3.125,-1.888,2.783
8.00,1361,3.282,1.920,-2.184
8.00,1362,-0.083,-0.094,7.788
8.00,1363,-0.175,6.880,-2.194
8.00,1364,-0.042,-3.971,-2.100
8.00,1365,-0.083,-0.094,7.788
8.00,1366,-0.083,-0.094,7.788
8.00,1367,-0.175,6.880,-2.194
8.00,1368,-0.083,-0.094,7.788
8.00,1369,-3.210,2.024,-2.180
8.00,1370,-3.210,2.024,-2.180
8.00,1371,3.282,1.920,-2.184
8.00,1372,-0.042,3.767,2.856
8.00,1373,6.241,-3.745,-2.124
8.00,1374,3.125,-1.888,2.783
8.00,1375,-3.210,2.024,-2.180
8.00,1376,-0.175,6.880,-2.194
8.00,1377,-3.210,2.024,-2.180
8.00,1378,-0.083,-0.094,7.788
8.00,1379,-0.042,3.767,2.856
8.00,1380,-0.042,-3.971,-2.100
8.00,1381,-3.210,2.024,-2.180
8.00,1382,3.282,1.920,-2.184
8.00,1383,-0.083,-0.094,7.788
8.00,1384,-3.210,2.024,-2.180
8.00,1385,-0.042,-3.971,-2.100
8.00,1386,-3.210,2.024,-2.180
8.00,1387,-0.042,3.767,2.856
8.00,1388,3.282,1.920,-2.184
8.00,1389,-3.210,2.024,-2.180
8.00,1390,-0.083,-0.094,7.788
8.00,1391,-0.042,-3.971,-2.100
8.00,1392,-0.083,-0.094,7.788
8.00,1393,-3.211,-1.901,2.777
8.00,1394,6.241,-3.745,-2.124
8.00,1395,6.241,-3.745,-2.124
8.00,1396,-0.042,-3.971,-2.100
8.00,1397,-3.210,2.024,-2.180
8.00,1398,6.241,-3.745,-2.124
8.00,1399,-3.210,2.024,-2.180
8.00,1400,3.282,1.920,-2.184
8.00,1401,-0.042,-3.971,-2.100
8.00,1402,-0.083,-0.094,7.788
8.00,1403,-3.210,2.024,-2.180
8.00,1404,3.125,-1.888,2.783
8.00,1405,6.241,-3.745,-2.124
8.00,1406,-0.042,3.767,2.856
8.00,1407,-0.042,-3.971,-2.100
8.00,1408,-3.210,2.024,-2.180
8.00,1409,-3.210,2.024,-2.180
8.00,1410,3.282,1.920,-2.184
8.00,1411,-0.175,6.880,-2.194
8.00,1412,6.241,-3.745,-2.124
8.00,1413,-0.042,-3.971,-2.100
8.00,1414,3.282,1.920,-2.184
8.00,1415,6.241,-3.745,-2.124
8.00,1416,-0.083,-0.094,7.788
8.00,1417,-3.210,2.024,-2.180
8.00,1418,-6.142,-3.781,-2.179
8.00,1419,3.282,1.920,-2.184
8.00,1420,-6.142,-3.781,-2.179
8.00,1421,-0.083,-0.094,7.788
8.00,1422,-3.210,2.024,-2.180
8.00,1423,6.241,-3.745,-2.124
8.00,1424,3.282,1.920,-2.184
8.00,1425,3.125,-1.888,2.783
8.00,1426,-6.142,-3.781,-2.179
8.00,1427,3.125,-1.888,2.783
8.00,1428,3.282,1.920,-2.184
8.00,1429,3.125,-1.888,2.783
8.00,1430,-0.083,-0.094,7.788
8.00,1431,3.125,-1.888,2.783
8.00,1432,-0.175,6.880,-2.194
8.00,1433,3.282,1.920,-2.184
8.00,1434,-0.042,-3.971,-2.100
8.00,1435,-0.042,-3.971,-2.100
8.00,1436,3.125,-1.888,2.783
8.00,1437,-0.042,-3.971,-2.100
8.00,1438,-0.042,-3.971,-2.100
8.00,1439,-0.042,-3.971,-2.100
8.00,1440,-3.210,2.024,-2.180
8.00,1441,6.241,-3.745,-2.124
8.00,1442,-0.083,-0.094,7.788
8.00,1443,3.125,-1.888,2.783
8.00,1444,-0.042,-3.971,-2.100
8.00,1445,3.282,1.920,-2.184
8.00,1446,3.282,1.920,-2.184
8.00,1447,-0.083,-0.094,7.788
8.00,1448,-6.142,-3.781,-2.179
8.00,1449,-0.083,-0.094,7.788
8.00,1450,-6.142,-3.781,-2.179
8.00,1451,-0.042,-3.971,-2.100
8.00,1452,6.241,-3.745,-2.124
8.00,1453,6.241,-3.745,-2.124
8.00,1454,-0.042,3.767,2.856
8.00,1455,6.241,-3.745,-2.124
8.00,1456,-0.042,-3.971,-2.100
8.00,1457,-0.042,-3.971,-2.100
8.00,1458,-0.175,6.880,-2.194
8.00,1459,-0.042,3.767,2.856
8.00,1460,-0.042,-3.971,-2.100
8.00,1461,-3.210,2.024,-2.180
8.00,1462,-0.175,6.880,-2.194
8.00,1463,-0.042,3.767,2.856
8.00,1464,-0.042,3.767,2.856
8.00,1465,-3.210,2.024,-2.180
8.00,1466,-0.042,-3.971,-2.100
8.00,1467,-0.083,-0.094,7.788
8.00,1468,6.241,-3.745,-2.124
8.00,1469,-0.083,-0.094,7.788
8.00,1470,-3.210,2.024,-2.180
8.00,1471,-0.175,6.880,-2.194
8.00,1472,3.282,1.920,-2.184
8.00,1473,3.282,1.920,-2.184
8.00,1474,-3.210,2.024,-2.180
8.00,1475,-3.210,2.024,-2.180
8.00,1476,6.241,-3.745,-2.124
8.00,1477,3.125,-1.888,2.783
8.00,1478,-0.083,-0.094,7.788
8.00,1479,-3.210,2.024,-2.180
8.00,1480,6.241,-3.745,-2.124
8.00,1481,-3.210,2.024,-2.180
8.00,1482,-0.042,-3.971,-2.100
8.00,1483,-3.211,-1.901,2.777
8.00,1484,-0.042,-3.971,-2.100
8.00,1485,-0.042,3.767,2.856
8.00,1486,3.282,1.920,-2.184
8.00,1487,-3.210,2.024,-2.180
8.00,1488,-0.175,6.880,-2.194
8.00,1489,3.282,1.920,-2.184
8.00,1490,-3.211,-1.901,2.777
8.00,1491,-0.083,-0.094,7.788
8.00,1492,-0.042,-3.971,-2.100
8.00,1493,6.241,-3.745,-2.124
8.00,1494,-0.042,-3.971,-2.100
8.00,1495,-0.175,6.880,-2.194
8.00,1496,-3.210,2.024,-2.180
8.00,1497,6.241,-3.745,-2.124
8.00,1498,6.241,-3.745,-2.124
8.00,1499,-0.083,-0.094,7.788
8.00,1500,-3.210,2.024,-2.180
8.00,1501,-3.210,2.024,-2.180
8.00,1502,3.125,-1.888,2.783
8.00,1503,3.125,-1.888,2.783
8.00,1504,3.125,-1.888,2.783
8.00,1505,-0.042,-3.971,-2.100
8.00,1506,6.241,-3.745,-2.124
8.00,1507,3.125,-1.888,2.783
8.00,1508,-3.210,2.024,-2.180
8.00,1509,-6.142,-3.781,-2.179
8.00,1510,-6.142,-3.781,-2.179
8.00,1511,3.125,-1.888,2.783
8.00,1512,6.241,-3.745,-2.124
8.00,1513,-6.142,-3.781,-2.179
8.00,1514,-0.083,-0.094,7.788
8.00,1515,3.282,1.920,-2.184
8.00,1516,-0.042,-3.971,-2.100
8.00,1517,3.282,1.920,-2.184
8.00,1518,-0.042,3.767,2.856
8.00,1519,3.282,1.920,-2.184
8.00,1520,6.241,-3.745,-2.124
8.00,1521,-0.175,6.880,-2.194
8.00,1522,-3.210,2.024,-2.180
8.00,1523,-6.142,-3.781,-2.179
8.00,1524,-3.210,2.024,-2.180
8.00,1525,6.241,-3.745,-2.124
8.00,1526,3.282,1.920,-2.184
8.00,1527,-0.175,6.880,-2.194
8.00,1528,-3.210,2.024,-2.180
8.00,1529,-0.083,-0.094,7.788
8.00,1530,6.241,-3.745,-2.124
8.00,1531,-0.042,-3.971,-2.100
8.00,1532,-3.210,2.024,-2.180
8.00,1533,-0.175,6.880,-2.194
8.00,1534,-3.210,2.024,-2.180
8.00,1535,-0.042,-3.971,-2.100
8.00,1536,-0.083,-0.094,7.788
8.00,1537,3.282,1.920,-2.184
8.00,1538,-0.042,3.767,2.856
8.00,1539,6.241,-3.745,-2.124
8.00,1540,-0.042,-3.971,-2.100
8.00,1541,-3.210,2.024,-2.180
8.00,1542,3.282,1.920,-2.184
8.00,1543,6.241,-3.745,-2.124
8.00,1544,3.282,1.920,-2.184
8.00,1545,-3.210,2.024,-2.180
8.00,1546,-3.210,2.024,-2.180
8.00,1547,-3.210,2.024,-2.180
8.00,1548,3.282,1.920,-2.184
8.00,1549,6.241,-3.745,-2.124
8.00,1550,-0.175,6.880,-2.194
8.00,1551,3.282,1.920,-2.184
8.00,1552,-0.175,6.880,-2.194
8.00,1553,-0.042,-3.971,-2.100
8.00,1554,-3.210,2.024,-2.180
8.00,1555,-0.042,-3.971,-2.100
8.00,1556,3.282,1.920,-2.184
8.00,1557,6.241,-3.745,-2.124
8.00,1558,3.125,-1.888,2.783
8.00,1559,-0.083,-0.094,7.788
8.00,1560,-3.210,2.024,-2.180
8.00,1561,-0.042,3.767,2.856
8.00,1562,3.282,1.920,-2.184
8.00,1563,3.125,-1.888,2.783
8.00,1564,-0.083,-0.094,7.788
8.00,1565,3.125,-1.888,2.783
8.00,1566,-3.211,-1.901,2.777
8.00,1567,3.282,1.920,-2.184
8.00,1568,-0.175,6.880,-2.194
8.00,1569,-0.042,3.767,2.856
8.00,1570,-0.083,-0.094,7.788
8.00,1571,-0.083,-0.094,7.788
8.00,1572,-3.210,2.024,-2.180
8.00,1573,-3.210,2.024,-2.180
8.00,1574,3.282,1.920,-2.184
8.00,1575,-0.083,-0.094,7.788
8.00,1576,3.282,1.920,-2.184
8.00,1577,-3.210,2.024,-2.180
8.00,1578,-6.142,-3.781,-2.179
8.00,1579,6.241,-3.745,-2.124
8.00,1580,-0.083,-0.094,7.788
8.00,1581,-0.175,6.880,-2.194
8.00,1582,-0.042,-3.971,-2.100
8.00,1583,3.282,1.920,-2.184
8.00,1584,-0.175,6.880,-2.194
8.00,1585,3.282,1.920,-2.184
8.00,1586,-6.142,-3.781,-2.179
8.00,1587,6.241,-3.745,-2.124
8.00,1588,-0.042,3.767,2.856
8.00,1589,-0.042,3.767,2.856
8.00,1590,-3.211,-1.901,2.777
8.00,1591,6.241,-3.745,-2.124
8.00,1592,-0.175,6.880,-2.194
8.00,1593,-3.211,-1.901,2.777
8.00,1594,-3.210,2.024,-2.180
8.00,1595,3.282,1.920,-2.184
8.00,1596,3.125,-1.888,2.783
8.00,1597,-0.083,-0.094,7.788
8.00,1598,-0.042,-3.971,-2.100
8.00,1599,-0.175,6.880,-2.194
8.00,1600,-3.210,2.024,-2.180
8.00,1601,-0.083,-0.094,7.788
8.00,1602,-3.211,-1.901,2.777
8.00,1603,-0.042,-3.971,-2.100
8.00,1604,3.125,-1.888,2.783
8.00,1605,-0.042,3.767,2.856
8.00,1606,-0.042,-3.971,-2.100
8.00,1607,6.241,-3.745,-2.124
8.00,1608,6.241,-3.745,-2.124
8.00,1609,-0.175,6.880,-2.194
8.00,1610,-3.210,2.024,-2.180
8.00,1611,-3.210,2.024,-2.180
8.00,1612,6.241,-3.745,-2.124
8.00,1613,3.282,1.920,-2.184
8.00,1614,-3.210,2.024,-2.180
8.00,1615,-0.042,3.767,2.856
8.00,1616,-0.083,-0.094,7.788
8.00,1617,3.282,1.920,-2.184
8.00,1618,-0.175,6.880,-2.194
8.00,1619,6.241,-3.745,-2.124
8.00,1620,6.241,-3.745,-2.124
8.00,1621,-0.175,6.880,-2.194
8.00,1622,-0.175,6.880,-2.194
8.00,1623,-0.083,-0.094,7.788
8.00,1624,3.282,1.920,-2.184
8.00,1625,-0.042,-3.971,-2.100
8.00,1626,-0.042,-3.971,-2.100
8.00,1627,3.282,1.920,-2.184
8.00,1628,6.241,-3.745,-2.124
8.00,1629,6.241,-3.745,-2.124
8.00,1630,-0.083,-0.094,7.788
8.00,1631,6.241,-3.745,-2.124
8.00,1632,6.241,-3.745,-2.124
8.00,1633,-3.210,2.024,-2.180
8.00,1634,-0.175,6.880,-2.194
8.00,1635,-0.083,-0.094,7.788
8.00,1636,-0.042,-3.971,-2.100
8.00,1637,-3.210,2.024,-2.180
8.00,1638,-0.175,6.880,-2.194
8.00,1639,-3.210,2.024,-2.180
8.00,1640,-0.042,-3.971,-2.100
8.00,1641,-0.083,-0.094,7.788
8.00,1642,-3.210,2.024,-2.180
8.00,1643,-6.142,-3.781,-2.179
8.00,1644,-0.083,-0.094,7.788
8.00,1645,-0.083,-0.094,7.788
8.00,1646,-0.042,-3.971,-2.100
8.00,1647,-0.042,-3.971,-2.100
8.00,1648,-0.042,-3.971,-2.100
8.00,1649,3.282,1.920,-2.184
8.00,1650,-0.042,-3.971,-2.100
8.00,1651,-0.042,-3.971,-2.100
8.00,1652,-3.210,2.024,-2.180
8.00,1653,3.125,-1.888,2.783
8.00,1654,-3.210,2.024,-2.180
8.00,1655,3.282,1.920,-2.184
8.00,1656,-3.210,2.024,-2.180
8.00,1657,-0.175,6.880,-2.194
8.00,1658,-0.042,-3.971,-2.100
8.00,1659,3.125,-1.888,2.783
8.00,1660,-3.210,2.024,-2.180
8.00,1661,-0.175,6.880,-2.194
8.00,1662,3.125,-1.888,2.783
8.00,1663,-6.142,-3.781,-2.179
8.00,1664,-0.042,3.767,2.856
8.00,1665,-3.210,2.024,-2.180
8.00,1666,-0.042,-3.971,-2.100
8.00,1667,-3.210,2.024,-2.180
8.00,1668,-0.083,-0.094,7.788
8.00,1669,-0.083,-0.094,7.788
8.00,1670,-0.042,3.767,2.856
8.00,1671,-3.210,2.024,-2.180
8.00,1672,3.125,-1.888,2.783
8.00,1673,3.282,1.920,-2.184
8.00,1674,-0.175,6.880,-2.194
8.00,1675,3.125,-1.888,2.783
8.00,1676,-0.042,3.767,2.856
8.00,1677,-0.042,3.767,2.856
8.00,1678,-0.083,-0.094,7.788
8.00,1679,3.282,1.920,-2.184
8.00,1680,6.241,-3.745,-2.124
8.00,1681,-0.042,-3.971,-2.100
8.00,1682,3.282,1.920,-2.184
8.00,1683,-0.042,3.767,2.856
8.00,1684,-3.211,-1.901,2.777
8.00,1685,3.282,1.920,-2.184
8.00,1686,3.282,1.920,-2.184
8.00,1687,-3.210,2.024,-2.180
8.00,1688,-0.042,3.767,2.856
8.00,1689,-0.042,3.767,2.856
8.00,1690,6.241,-3.745,-2.124
8.00,1691,3.282,1.920,-2.184
8.00,1692,3.125,-1.888,2.783
8.00,1693,6.241,-3.745,-2.124
8.00,1694,-3.210,2.024,-2.180
8.00,1695,-0.042,3.767,2.856
8.00,1696,-0.042,3.767,2.856
8.00,1697,-0.175,6.880,-2.194
8.00,1698,-0.042,3.767,2.856
8.00,1699,3.282,1.920,-2.184
8.00,1700,-0.042,3.767,2.856
8.00,1701,-0.042,-3.971,-2.100
8.00,1702,3.282,1.920,-2.184
8.00,1703,3.282,1.920,-2.184
8.00,1704,-0.083,-0.094,7.788
8.00,1705,-0.042,3.767,2.856
8.00,1706,-0.042,3.767,2.856
8.00,1707,-0.175,6.880,-2.194
8.00,1708,-0.042,-3.971,-2.100
8.00,1709,-0.042,-3.971,-2.100
8.00,1710,-0.083,-0.094,7.788
8.00,1711,3.282,1.920,-2.184
8.00,1712,-0.083,-0.094,7.788
8.00,1713,6.241,-3.745,-2.124
8.00,1714,-6.142,-3.781,-2.179
8.00,1715,-0.042,3.767,2.856
8.00,1716,-0.042,-3.971,-2.100
8.00,1717,-0.042,-3.971,-2.100
8.00,1718,3.282,1.920,-2.184
8.00,1719,-3.210,2.024,-2.180
8.00,1720,6.241,-3.745,-2.124
8.00,1721,-3.210,2.024,-2.180
8.00,1722,6.241,-3.745,-2.124
8.00,1723,-3.210,2.024,-2.180
8.00,1724,3.282,1.920,-2.184
8.00,1725,-6.142,-3.781,-2.179
8.00,1726,-3.210,2.024,-2.180
8.00,1727,-0.175,6.880,-2.194
8.00,1728,-6.142,-3.781,-2.179
8.00,1729,-6.142,-3.781,-2.179
8.00,1730,-3.210,2.024,-2.180
8.00,1731,6.241,-3.745,-2.124
8.00,1732,-0.175,6.880,-2.194
8.00,1733,3.282,1.920,-2.184
8.00,1734,-3.210,2.024,-2.180
8.00,1735,-0.042,-3.971,-2.100
8.00,1736,6.241,-3.745,-2.124
8.00,1737,6.241,-3.745,-2.124
8.00,1738,-3.210,2.024,-2.180
8.00,1739,-6.142,-3.781,-2.179
8.00,1740,-0.042,-3.971,-2.100
8.00,1741,3.125,-1.888,2.783
8.00,1742,-3.210,2.024,-2.180
8.00,1743,-0.175,6.880,-2.194
8.00,1744,-0.042,3.767,2.856
8.00,1745,-0.042,3.767,2.856
8.00,1746,6.241,-3.745,-2.124
8.00,1747,-0.083,-0.094,7.788
8.00,1748,-0.175,6.880,-2.194
8.00,1749,-0.042,3.767,2.856
8.00,1750,-0.175,6.880,-2.194
8.00,1751,-0.042,-3.971,-2.100
8.00,1752,6.241,-3.745,-2.124
8.00,1753,-0.175,6.880,-2.194
8.00,1754,3.282,1.920,-2.184
8.00,1755,-0.175,6.880,-2.194
8.00,1756,6.241,-3.745,-2.124
8.00,1757,-3.210,2.024,-2.180
8.00,1758,-0.042,-3.971,-2.100
8.00,1759,3.282,1.920,-2.184
8.00,1760,3.282,1.920,-2.184
8.00,1761,-3.210,2.024,-2.180
8.00,1762,-0.083,-0.094,7.788
8.00,1763,-0.083,-0.094,7.788
8.00,1764,-0.175,6.880,-2.194
8.00,1765,-0.175,6.880,-2.194
8.00,1766,-6.142,-3.781,-2.179
8.00,1767,-6.142,-3.781,-2.179
8.00,1768,6.241,-3.745,-2.124
8.00,1769,-3.210,2.024,-2.180
8.00,1770,3.282,1.920,-2.184
8.00,1771,-3.210,2.024,-2.180
8.00,1772,3.282,1.920,-2.184
8.00,1773,-0.042,-3.971,-2.100
8.00,1774,-0.083,-0.094,7.788
8.00,1775,6.241,-3.745,-2.124
8.00,1776,-0.175,6.880,-2.194
8.00,1777,6.241,-3.745,-2.124
8.00,1778,-0.042,3.767,2.856
8.00,1779,-0.042,3.767,2.856
8.00,1780,6.241,-3.745,-2.124
8.00,1781,-0.175,6.880,-2.194
8.00,1782,3.125,-1.888,2.783
8.00,1783,3.125,-1.888,2.783
8.00,1784,-0.042,-3.971,-2.100
8.00,1785,-3.210,2.024,-2.180
8.00,1786,3.282,1.920,-2.184
8.00,1787,-3.210,2.024,-2.180
8.00,1788,-0.042,-3.971,-2.100
8.00,1789,-0.042,-3.971,-2.100
8.00,1790,-0.042,3.767,2.856
8.00,1791,-6.142,-3.781,-2.179
8.00,1792,-6.142,-3.781,-2.179
8.00,1793,3.282,1.920,-2.184
8.00,1794,-3.210,2.024,-2.180
8.00,1795,3.282,1.920,-2.184
8.00,1796,3.125,-1.888,2.783
8.00,1797,-3.211,-1.901,2.777
8.00,1798,-0.083,-0.094,7.788
8.00,1799,3.282,1.920,-2.184
8.00,1800,3.282,1.920,-2.184
8.00,1801,-3.210,2.024,-2.180
8.00,1802,3.282,1.920,-2.184
8.00,1803,-6.142,-3.781,-2.179
8.00,1804,-6.142,-3.781,-2.179
8.00,1805,-3.210,2.024,-2.180
8.00,1806,-3.210,2.024,-2.180
8.00,1807,-6.142,-3.781,-2.179
8.00,1808,-0.083,-0.094,7.788
8.00,1809,3.282,1.920,-2.184
8.00,1810,-0.042,-3.971,-2.100
8.00,1811,3.282,1.920,-2.184
8.00,1812,3.282,1.920,-2.184
8.00,1813,-0.042,-3.971,-2.100
8.00,1814,-0.042,-3.971,-2.100
8.00,1815,-0.083,-0.094,7.788
8.00,1816,-0.083,-0.094,7.788
8.00,1817,-3.210,2.024,-2.180
8.00,1818,-3.210,2.024,-2.180
8.00,1819,-0.175,6.880,-2.194
8.00,1820,-0.083,-0.094,7.788
8.00,1821,6.241,-3.745,-2.124
8.00,1822,-0.175,6.880,-2.194
8.00,1823,-0.175,6.880,-2.194
8.00,1824,-0.042,-3.971,-2.100
8.00,1825,3.282,1.920,-2.184
8.00,1826,-0.042,-3.971,-2.100
8.00,1827,-0.042,3.767,2.856
8.00,1828,-0.042,-3.971,-2.100
8.00,1829,-0.042,3.767,2.856
8.00,1830,6.241,-3.745,-2.124
8.00,1831,3.282,1.920,-2.184
8.00,1832,6.241,-3.745,-2.124
8.00,1833,3.282,1.920,-2.184
8.00,1834,-3.210,2.024,-2.180
8.00,1835,-0.042,-3.971,-2.100
8.00,1836,-3.210,2.024,-2.180
8.00,1837,-3.210,2.024,-2.180
8.00,1838,-0.042,-3.971,-2.100
8.00,1839,-0.042,3.767,2.856
8.00,1840,3.125,-1.888,2.783
8.00,1841,3.125,-1.888,2.783
8.00,1842,-0.175,6.880,-2.194
8.00,1843,-3.210,2.024,-2.180
8.00,1844,-0.042,-3.971,-2.100
8.00,1845,-0.083,-0.094,7.788
8.00,1846,-0.083,-0.094,7.788
8.00,1847,6.241,-3.745,-2.124
8.00,1848,-3.211,-1.901,2.777
8.00,1849,-3.210,2.024,-2.180
8.00,1850,-0.083,-0.094,7.788
8.00,1851,3.282,1.920,-2.184
8.00,1852,-0.042,-3.971,-2.100
8.00,1853,-3.210,2.024,-2.180
8.00,1854,6.241,-3.745,-2.124
8.00,1855,-0.083,-0.094,7.788
8.00,1856,-3.210,2.024,-2.180
8.00,1857,6.241,-3.745,-2.124
8.00,1858,3.282,1.920,-2.184
8.00,1859,-3.210,2.024,-2.180
8.00,1860,-0.175,6.880,-2.194
8.00,1861,6.241,-3.745,-2.124
8.00,1862,6.241,-3.745,-2.124
8.00,1863,3.282,1.920,-2.184
8.00,1864,-0.083,-0.094,7.788
8.00,1865,-0.042,3.767,2.856
8.00,1866,6.241,-3.745,-2.124
8.00,1867,-0.042,3.767,2.856
8.00,1868,-3.210,2.024,-2.180
8.00,1869,-0.083,-0.094,7.788
8.00,1870,6.241,-3.745,-2.124
8.00,1871,-3.211,-1.901,2.777
8.00,1872,-3.210,2.024,-2.180
8.00,1873,3.282,1.920,-2.184
8.00,1874,-0.083,-0.094,7.788
8.00,1875,3.125,-1.888,2.783
8.00,1876,-6.142,-3.781,-2.179
8.00,1877,3.282,1.920,-2.184
8.00,1878,-0.042,-3.971,-2.100
8.00,1879,-3.210,2.024,-2.180
8.00,1880,3.125,-1.888,2.783
8.00,1881,3.125,-1.888,2.783
8.00,1882,-3.210,2.024,-2.180
8.00,1883,-0.083,-0.094,7.788
8.00,1884,-3.210,2.024,-2.180
8.00,1885,6.241,-3.745,-2.124
8.00,1886,-0.175,6.880,-2.194
8.00,1887,-0.042,-3.971,-2.100
8.00,1888,-0.042,-3.971,-2.100
8.00,1889,-3.210,2.024,-2.180
8.00,1890,6.241,-3.745,-2.124
8.00,1891,3.125,-1.888,2.783
8.00,1892,-3.210,2.024,-2.180
8.00,1893,-0.083,-0.094,7.788
8.00,1894,3.282,1.920,-2.184
8.00,1895,6.241,-3.745,-2.124
8.00,1896,-0.042,3.767,2.856
8.00,1897,-0.083,-0.094,7.788
8.00,1898,-3.210,2.024,-2.180
8.00,1899,-0.042,-3.971,-2.100
8.00,1900,6.241,-3.745,-2.124
8.00,1901,-0.042,-3.971,-2.100
8.00,1902,3.282,1.920,-2.184
8.00,1903,3.282,1.920,-2.184
8.00,1904,-0.042,3.767,2.856
8.00,1905,6.241,-3.745,-2.124
8.00,1906,-0.042,3.767,2.856
8.00,1907,-0.083,-0.094,7.788
8.00,1908,-6.142,-3.781,-2.179
8.00,1909,-0.175,6.880,-2.194
8.00,1910,-0.083,-0.094,7.788
8.00,1911,-3.210,2.024,-2.180
8.00,1912,-3.210,2.024,-2.180
8.00,1913,-0.083,-0.094,7.788
8.00,1914,-0.175,6.880,-2.194
8.00,1915,-0.042,3.767,2.856
8.00,1916,-0.042,-3.971,-2.100
8.00,1917,-3.210,2.024,-2.180
8.00,1918,-3.210,2.024,-2.180
8.00,1919,-3.210,2.024,-2.180
8.00,1920,-0.083,-0.094,7.788
8.00,1921,-0.083,-0.094,7.788
8.00,1922,-0.042,3.767,2.856
8.00,1923,-0.175,6.880,-2.194
8.00,1924,3.282,1.920,-2.184
8.00,1925,6.241,-3.745,-2.124
8.00,1926,-0.175,6.880,-2.194
8.00,1927,-0.042,-3.971,-2.100
8.00,1928,3.282,1.920,-2.184
8.00,1929,3.282,1.920,-2.184
8.00,1930,-0.042,-3.971,-2.100
8.00,1931,-0.175,6.880,-2.194
8.00,1932,-6.142,-3.781,-2.179
8.00,1933,-0.083,-0.094,7.788
8.00,1934,-0.042,3.767,2.856
8.00,1935,-0.083,-0.094,7.788
8.00,1936,-0.083,-0.094,7.788
8.00,1937,-3.210,2.024,-2.180
8.00,1938,3.282,1.920,-2.184
8.00,1939,-0.083,-0.094,7.788
8.00,1940,-3.210,2.024,-2.180
8.00,1941,-3.210,2.024,-2.180
8.00,1942,-0.042,-3.971,-2.100
8.00,1943,-0.042,-3.971,-2.100
8.00,1944,6.241,-3.745,-2.124
8.00,1945,3.282,1.920,-2.184
8.00,1946,-0.083,-0.094,7.788
8.00,1947,3.282,1.920,-2.184
8.00,1948,-3.210,2.024,-2.180
8.00,1949,-3.211,-1.901,2.777
8.00,1950,3.125,-1.888,2.783
8.00,1951,-3.210,2.024,-2.180
8.00,1952,-6.142,-3.781,-2.179
8.00,1953,-0.175,6.880,-2.194
8.00,1954,6.241,-3.745,-2.124
8.00,1955,6.241,-3.745,-2.124
8.00,1956,-0.042,-3.971,-2.100
8.00,1957,3.282,1.920,-2.184
8.00,1958,-6.142,-3.781,-2.179
8.00,1959,3.282,1.920,-2.184
8.00,1960,-6.142,-3.781,-2.179
8.00,1961,6.241,-3.745,-2.124
8.00,1962,3.282,1.920,-2.184
8.00,1963,6.241,-3.745,-2.124
8.00,1964,6.241,-3.745,-2.124
8.00,1965,3.282,1.920,-2.184
8.00,1966,-0.042,3.767,2.856
8.00,1967,-0.175,6.880,-2.194
8.00,1968,-0.042,-3.971,-2.100
8.00,1969,3.282,1.920,-2.184
8.00,1970,-3.210,2.024,-2.180
8.00,1971,-0.042,-3.971,-2.100
8.00,1972,-0.042,-3.971,-2.100
8.00,1973,-3.211,-1.901,2.777
8.00,1974,3.282,1.920,-2.184
8.00,1975,-3.210,2.024,-2.180
8.00,1976,-0.042,3.767,2.856
8.00,1977,-3.210,2.024,-2.180
8.00,1978,-0.083,-0.094,7.788
8.00,1979,-6.142,-3.781,-2.179
8.00,1980,-0.175,6.880,-2.194
8.00,1981,3.125,-1.888,2.783
8.00,1982,-0.042,-3.971,-2.100
8.00,1983,-3.210,2.024,-2.180
8.00,1984,-0.175,6.880,-2.194
8.00,1985,3.125,-1.888,2.783
8.00,1986,-6.142,-3.781,-2.179
8.00,1987,-0.175,6.880,-2.194
8.00,1988,-3.210,2.024,-2.180
8.00,1989,-0.042,-3.971,-2.100
8.00,1990,-0.042,3.767,2.856
8.00,1991,-6.142,-3.781,-2.179
8.00,1992,-0.083,-0.094,7.788
8.00,1993,-0.175,6.880,-2.194
8.00,1994,6.241,-3.745,-2.124
8.00,1995,3.282,1.920,-2.184
8.00,1996,-0.042,-3.971,-2.100
8.00,1997,6.241,-3.745,-2.124
8.00,1998,-3.210,2.024,-2.180
8.00,1999,3.125,-1.888,2.783
8.00,2000,-3.210,2.024,-2.180
8.00,2001,-3.211,-1.901,2.777
8.00,2002,-0.042,3.767,2.856
8.00,2003,-0.042,-3.971,-2.100
8.00,2004,3.282,1.920,-2.184
8.00,2005,-3.211,-1.901,2.777
8.00,2006,6.241,-3.745,-2.124
8.00,2007,-0.083,-0.094,7.788
8.00,2008,-0.175,6.880,-2.194
8.00,2009,-3.210,2.024,-2.180
8.00,2010,3.282,1.920,-2.184
8.00,2011,-0.042,3.767,2.856
8.00,2012,3.282,1.920,-2.184
8.00,2013,-0.042,-3.971,-2.100
8.00,2014,-0.042,-3.971,-2.100
8.00,2015,-6.142,-3.781,-2.179
8.00,2016,6.241,-3.745,-2.124
8.00,2017,-0.083,-0.094,7.788
8.00,2018,-0.042,3.767,2.856
8.00,2019,-0.042,-3.971,-2.100
8.00,2020,-3.210,2.024,-2.180
8.00,2021,6.241,-3.745,-2.124
8.00,2022,-3.210,2.024,-2.180
8.00,2023,6.241,-3.745,-2.124
8.00,2024,3.125,-1.888,2.783
8.00,2025,-3.210,2.024,-2.180
8.00,2026,-0.042,-3.971,-2.100
8.00,2027,-3.210,2.024,-2.180
8.00,2028,-3.210,2.024,-2.180
8.00,2029,3.282,1.920,-2.184
8.00,2030,-0.083,-0.094,7.788
8.00,2031,-3.210,2.024,-2.180
8.00,2032,-3.210,2.024,-2.180
8.00,2033,-0.083,-0.094,7.788
8.00,2034,-0.042,-3.971,-2.100
8.00,2035,-0.083,-0.094,7.788
8.00,2036,6.241,-3.745,-2.124
8.00,2037,-6.142,-3.781,-2.179
8.00,2038,-0.083,-0.094,7.788
8.00,2039,6.241,-3.745,-2.124
8.00,2040,-3.210,2.024,-2.180
8.00,2041,-0.083,-0.094,7.788
8.00,2042,6.241,-3.745,-2.124
8.00,2043,-0.175,6.880,-2.194
8.00,2044,-0.083,-0.094,7.788
8.00,2045,3.125,-1.888,2.783
8.00,2046,3.282,1.920,-2.184
8.00,2047,-6.142,-3.781,-2.179
8.00,2048,-0.042,3.767,2.856
8.00,2049,-0.083,-0.094,7.788
8.00,2050,-0.042,3.767,2.856
8.00,2051,6.241,-3.745,-2.124
8.00,2052,-3.210,2.024,-2.180
8.00,2053,-6.142,-3.781,-2.179
8.00,2054,-0.175,6.880,-2.194
8.00,2055,6.241,-3.745,-2.124
8.00,2056,-0.042,-3.971,-2.100
8.00,2057,-0.042,3.767,2.856
8.00,2058,-0.083,-0.094,7.788
8.00,2059,6.241,-3.745,-2.124
8.00,2060,6.241,-3.745,-2.124
8.00,2061,-3.210,2.024,-2.180
8.00,2062,-3.210,2.024,-2.180
8.00,2063,-3.211,-1.901,2.777
8.00,2064,-0.042,3.767,2.856
8.00,2065,-0.042,3.767,2.856
8.00,2066,6.241,-3.745,-2.124
8.00,2067,-0.042,-3.971,-2.100
8.00,2068,3.282,1.920,-2.184
8.00,2069,-0.083,-0.094,7.788
8.00,2070,3.282,1.920,-2.184
8.00,2071,-0.175,6.880,-2.194
8.00,2072,-0.083,-0.094,7.788
8.00,2073,-3.210,2.024,-2.180
8.00,2074,-0.175,6.880,-2.194
8.00,2075,-6.142,-3.781,-2.179
8.00,2076,-0.083,-0.094,7.788
8.00,2077,-3.211,-1.901,2.777
8.00,2078,-0.042,3.767,2.856
8.00,2079,3.125,-1.888,2.783
8.00,2080,-0.175,6.880,-2.194
8.00,2081,-0.175,6.880,-2.194
8.00,2082,3.282,1.920,-2.184
8.00,2083,-0.042,3.767,2.856
8.00,2084,-3.210,2.024,-2.180
8.00,2085,3.125,-1.888,2.783
8.00,2086,-3.210,2.024,-2.180
8.00,2087,-0.175,6.880,-2.194
8.00,2088,-0.175,6.880,-2.194
8.00,2089,-0.175,6.880,-2.194
8.00,2090,-6.142,-3.781,-2.179
8.00,2091,-3.210,2.024,-2.180
8.00,2092,3.282,1.920,-2.184
8.00,2093,-0.083,-0.094,7.788
8.00,2094,-3.210,2.024,-2.180
8.00,2095,-3.210,2.024,-2.180
8.00,2096,6.241,-3.745,-2.124
8.00,2097,3.125,-1.888,2.783
8.00,2098,-0.042,-3.971,-2.100
8.00,2099,-0.042,-3.971,-2.100
8.00,2100,-6.142,-3.781,-2.179
8.00,2101,3.282,1.920,-2.184
8.00,2102,-6.142,-3.781,-2.179
8.00,2103,-0.042,3.767,2.856
8.00,2104,-3.210,2.024,-2.180
8.00,2105,-3.210,2.024,-2.180
8.00,2106,-0.042,3.767,2.856
8.00,2107,6.241,-3.745,-2.124
8.00,2108,3.282,1.920,-2.184
8.00,2109,-0.083,-0.094,7.788
8.00,2110,3.125,-1.888,2.783
8.00,2111,3.282,1.920,-2.184
8.00,2112,-0.175,6.880,-2.194
8.00,2113,-0.083,-0.094,7.788
8.00,2114,-0.175,6.880,-2.194
8.00,2115,6.241,-3.745,-2.124
8.00,2116,-0.083,-0.094,7.788
8.00,2117,-0.042,-3.971,-2.100
8.00,2118,-0.083,-0.094,7.788
8.00,2119,-3.211,-1.901,2.777
8.00,2120,6.241,-3.745,-2.124
8.00,2121,3.125,-1.888,2.783
8.00,2122,-0.042,-3.971,-2.100
8.00,2123,-6.142,-3.781,-2.179
8.00,2124,-3.210,2.024,-2.180
8.00,2125,-0.175,6.880,-2.194
8.00,2126,6.241,-3.745,-2.124
8.00,2127,-3.210,2.024,-2.180
8.00,2128,-0.083,-0.094,7.788
8.00,2129,-0.175,6.880,-2.194
8.00,2130,-0.175,6.880,-2.194
8.00,2131,3.282,1.920,-2.184
8.00,2132,-0.175,6.880,-2.194
8.00,2133,3.282,1.920,-2.184
8.00,2134,-3.210,2.024,-2.180
8.00,2135,3.282,1.920,-2.184
8.00,2136,-3.210,2.024,-2.180
8.00,2137,6.241,-3.745,-2.124
8.00,2138,6.241,-3.745,-2.124
8.00,2139,-0.175,6.880,-2.194
8.00,2140,3.125,-1.888,2.783
8.00,2141,-3.210,2.024,-2.180
8.00,2142,-0.042,-3.971,-2.100
8.00,2143,-6.142,-3.781,-2.179
8.00,2144,6.241,-3.745,-2.124
8.00,2145,-0.175,6.880,-2.194
8.00,2146,-0.083,-0.094,7.788
8.00,2147,6.241,-3.745,-2.124
8.00,2148,3.282,1.920,-2.184
8.00,2149,3.282,1.920,-2.184
8.00,2150,-0.042,-3.971,-2.100
8.00,2151,-0.042,3.767,2.856
8.00,2152,6.241,-3.745,-2.124
8.00,2153,-0.042,3.767,2.856
8.00,2154,-0.042,-3.971,-2.100
8.00,2155,3.125,-1.888,2.783
8.00,2156,3.282,1.920,-2.184
8.00,2157,-0.042,3.767,2.856
8.00,2158,-3.210,2.024,-2.180
8.00,2159,3.282,1.920,-2.184
8.00,2160,3.282,1.920,-2.184
8.00,2161,-0.042,3.767,2.856
8.00,2162,-6.142,-3.781,-2.179
8.00,2163,-0.042,-3.971,-2.100
8.00,2164,-3.211,-1.901,2.777
8.00,2165,6.241,-3.745,-2.124
8.00,2166,-0.042,-3.971,-2.100
8.00,2167,-3.210,2.024,-2.180
8.00,2168,-3.210,2.024,-2.180
8.00,2169,-0.042,3.767,2.856
8.00,2170,-0.042,3.767,2.856
8.00,2171,-0.175,6.880,-2.194
8.00,2172,-0.042,-3.971,-2.100
8.00,2173,3.125,-1.888,2.783
8.00,2174,-0.042,-3.971,-2.100
8.00,2175,3.282,1.920,-2.184
8.00,2176,3.125,-1.888,2.783
8.00,2177,-3.210,2.024,-2.180
8.00,2178,3.125,-1.888,2.783
8.00,2179,3.282,1.920,-2.184
8.00,2180,3.282,1.920,-2.184
8.00,2181,-3.210,2.024,-2.180
8.00,2182,-0.175,6.880,-2.194
8.00,2183,3.282,1.920,-2.184
8.00,2184,3.282,1.920,-2.184
8.00,2185,3.125,-1.888,2.783
8.00,2186,-0.042,-3.971,-2.100
8.00,2187,-3.211,-1.901,2.777
8.00,2188,-3.210,2.024,-2.180
8.00,2189,-0.175,6.880,-2.194
8.00,2190,6.241,-3.745,-2.124
8.00,2191,-0.083,-0.094,7.788
8.00,2192,-3.210,2.024,-2.180
8.00,2193,-0.175,6.880,-2.194
8.00,2194,-0.083,-0.094,7.788
8.00,2195,6.241,-3.745,-2.124
8.00,2196,-0.042,-3.971,-2.100
8.00,2197,-0.042,-3.971,-2.100
8.00,2198,-0.042,-3.971,-2.100
8.00,2199,3.282,1.920,-2.184
8.00,2200,-0.175,6.880,-2.194
8.00,2201,-0.042,3.767,2.856
8.00,2202,-3.210,2.024,-2.180
8.00,2203,-0.175,6.880,-2.194
8.00,2204,3.282,1.920,-2.184
8.00,2205,3.282,1.920,-2.184
8.00,2206,-3.211,-1.901,2.777
8.00,2207,-6.142,-3.781,-2.179
8.00,2208,3.282,1.920,-2.184
8.00,2209,3.125,-1.888,2.783
8.00,2210,-0.042,-3.971,-2.100
8.00,2211,-6.142,-3.781,-2.179
8.00,2212,-3.210,2.024,-2.180
8.00,2213,-3.210,2.024,-2.180
8.00,2214,-0.083,-0.094,7.788
8.00,2215,3.282,1.920,-2.184
8.00,2216,3.282,1.920,-2.184
8.00,2217,-0.175,6.880,-2.194
8.00,2218,6.241,-3.745,-2.124
8.00,2219,-0.042,-3.971,-2.100
8.00,2220,3.125,-1.888,2.783
8.00,2221,-3.210,2.024,-2.180
8.00,2222,-0.042,-3.971,-2.100
8.00,2223,6.241,-3.745,-2.124
8.00,2224,-0.083,-0.094,7.788
8.00,2225,3.282,1.920,-2.184
8.00,2226,-6.142,-3.781,-2.179
8.00,2227,-0.042,-3.971,-2.100
8.00,2228,-6.142,-3.781,-2.179
8.00,2229,3.282,1.920,-2.184
8.00,2230,-0.042,-3.971,-2.100
8.00,2231,-0.083,-0.094,7.788
8.00,2232,-0.042,-3.971,-2.100
8.00,2233,-0.042,-3.971,-2.100
8.00,2234,6.241,-3.745,-2.124
8.00,2235,-0.042,-3.971,-2.100
8.00,2236,-0.042,-3.971,-2.100
8.00,2237,-0.042,3.767,2.856
8.00,2238,-3.210,2.024,-2.180
8.00,2239,3.282,1.920,-2.184
8.00,2240,-0.042,3.767,2.856
8.00,2241,-6.142,-3.781,-2.179
8.00,2242,-3.210,2.024,-2.180
8.00,2243,3.125,-1.888,2.783
8.00,2244,-3.210,2.024,-2.180
8.00,2245,6.241,-3.745,-2.124
8.00,2246,-0.175,6.880,-2.194
8.00,2247,6.241,-3.745,-2.124
8.00,2248,-3.210,2.024,-2.180
8.00,2249,-3.210,2.024,-2.180
8.00,2250,-0.042,-3.971,-2.100
8.00,2251,3.282,1.920,-2.184
8.00,2252,-3.210,2.024,-2.180
8.00,2253,-0.175,6.880,-2.194
8.00,2254,3.282,1.920,-2.184
8.00,2255,6.241,-3.745,-2.124
8.00,2256,-0.083,-0.094,7.788
8.00,2257,-0.083,-0.094,7.788
8.00,2258,3.282,1.920,-2.184
8.00,2259,-0.083,-0.094,7.788
8.00,2260,-0.042,3.767,2.856
8.00,2261,-0.042,3.767,2.856
8.00,2262,-0.175,6.880,-2.194
8.00,2263,-0.175,6.880,-2.194
8.00,2264,-0.175,6.880,-2.194
8.00,2265,-0.042,-3.971,-2.100
8.00,2266,-0.175,6.880,-2.194
8.00,2267,-3.210,2.024,-2.180
8.00,2268,-0.042,3.767,2.856
8.00,2269,-0.083,-0.094,7.788
8.00,2270,3.282,1.920,-2.184
8.00,2271,-0.042,-3.971,-2.100
8.00,2272,-0.042,-3.971,-2.100
8.00,2273,6.241,-3.745,-2.124
8.00,2274,-0.042,-3.971,-2.100
8.00,2275,6.241,-3.745,-2.124
8.00,2276,-3.210,2.024,-2.180
8.00,2277,-0.175,6.880,-2.194
8.00,2278,-3.210,2.024,-2.180
8.00,2279,-0.042,-3.971,-2.100
8.00,2280,3.125,-1.888,2.783
8.00,2281,-0.042,-3.971,-2.100
8.00,2282,-0.042,3.767,2.856
8.00,2283,3.282,1.920,-2.184
8.00,2284,6.241,-3.745,-2.124
8.00,2285,-3.210,2.024,-2.180
8.00,2286,-0.042,-3.971,-2.100
8.00,2287,6.241,-3.745,-2.124
8.00,2288,3.282,1.920,-2.184
8.00,2289,-0.175,6.880,-2.194
8.00,2290,-0.083,-0.094,7.788
8.00,2291,-0.042,-3.971,-2.100
8.00,2292,-0.175,6.880,-2.194
8.00,2293,-0.042,-3.971,-2.100
8.00,2294,6.241,-3.745,-2.124
8.00,2295,-0.042,3.767,2.856
8.00,2296,-3.211,-1.901,2.777
8.00,2297,3.125,-1.888,2.783
8.00,2298,-0.042,-3.971,-2.100
8.00,2299,3.282,1.920,-2.184
8.00,2300,3.125,-1.888,2.783
8.00,2301,-0.175,6.880,-2.194
8.00,2302,-3.210,2.024,-2.180
8.00,2303,-0.083,-0.094,7.788
8.00,2304,3.282,1.920,-2.184
8.00,2305,-0.042,-3.971,-2.100
8.00,2306,-0.175,6.880,-2.194
8.00,2307,-0.083,-0.094,7.788
8.00,2308,-0.042,-3.971,-2.100
8.00,2309,-3.210,2.024,-2.180
8.00,2310,-6.142,-3.781,-2.179
8.00,2311,-0.042,-3.971,-2.100
8.00,2312,-0.042,3.767,2.856
8.00,2313,-0.042,-3.971,-2.100
8.00,2314,3.282,1.920,-2.184
8.00,2315,-0.083,-0.094,7.788
8.00,2316,3.282,1.920,-2.184
8.00,2317,-0.175,6.880,-2.194
8.00,2318,-0.042,-3.971,-2.100
8.00,2319,-0.175,6.880,-2.194
8.00,2320,-3.210,2.024,-2.180
8.00,2321,-0.042,3.767,2.856
8.00,2322,3.282,1.920,-2.184
8.00,2323,-0.083,-0.094,7.788
8.00,2324,-3.210,2.024,-2.180
8.00,2325,-0.042,-3.971,-2.100
8.00,2326,-3.210,2.024,-2.180
8.00,2327,-3.211,-1.901,2.777
8.00,2328,-0.175,6.880,-2.194
8.00,2329,-3.210,2.024,-2.180
8.00,2330,3.282,1.920,-2.184
8.00,2331,-3.211,-1.901,2.777
8.00,2332,6.241,-3.745,-2.124
8.00,2333,-0.042,3.767,2.856
8.00,2334,-0.042,-3.971,-2.100
8.00,2335,-6.142,-3.781,-2.179
8.00,2336,-0.042,3.767,2.856
8.00,2337,-6.142,-3.781,-2.179
8.00,2338,6.241,-3.745,-2.124
8.00,2339,-0.042,-3.971,-2.100
8.00,2340,-3.210,2.024,-2.180
8.00,2341,-0.042,-3.971,-2.100
8.00,2342,3.282,1.920,-2.184
8.00,2343,-0.175,6.880,-2.194
8.00,2344,-0.175,6.880,-2.194
8.00,2345,3.125,-1.888,2.783
8.00,2346,-3.210,2.024,-2.180
8.00,2347,-0.042,-3.971,-2.100
8.00,2348,-0.175,6.880,-2.194
8.00,2349,-3.210,2.024,-2.180
8.00,2350,3.282,1.920,-2.184
8.00,2351,-0.083,-0.094,7.788
8.00,2352,-0.175,6.880,-2.194
8.00,2353,-0.175,6.880,-2.194
8.00,2354,-0.042,3.767,2.856
8.00,2355,-0.083,-0.094,7.788
8.00,2356,3.282,1.920,-2.184
8.00,2357,-6.142,-3.781,-2.179
8.00,2358,-0.042,3.767,2.856
8.00,2359,6.241,-3.745,-2.124
8.00,2360,6.241,-3.745,-2.124
8.00,2361,-0.042,-3.971,-2.100
8.00,2362,6.241,-3.745,-2.124
8.00,2363,-0.042,3.767,2.856
8.00,2364,-0.175,6.880,-2.194
8.00,2365,-6.142,-3.781,-2.179
8.00,2366,6.241,-3.745,-2.124
8.00,2367,-0.042,3.767,2.856
8.00,2368,-0.042,-3.971,-2.100
8.00,2369,3.125,-1.888,2.783
8.00,2370,-0.083,-0.094,7.788
8.00,2371,-0.042,-3.971,-2.100
8.00,2372,6.241,-3.745,-2.124
8.00,2373,-3.210,2.024,-2.180
8.00,2374,6.241,-3.745,-2.124
8.00,2375,6.241,-3.745,-2.124
8.00,2376,6.241,-3.745,-2.124
8.00,2377,-0.175,6.880,-2.194
8.00,2378,-0.083,-0.094,7.788
8.00,2379,3.282,1.920,-2.184
8.00,2380,-6.142,-3.781,-2.179
8.00,2381,-0.083,-0.094,7.788
8.00,2382,-3.210,2.024,-2.180
8.00,2383,-0.042,-3.971,-2.100
8.00,2384,-3.210,2.024,-2.180
8.00,2385,-6.142,-3.781,-2.179
8.00,2386,-0.042,-3.971,-2.100
8.00,2387,3.125,-1.888,2.783
8.00,2388,-0.175,6.880,-2.194
8.00,2389,-3.210,2.024,-2.180
8.00,2390,6.241,-3.745,-2.124
8.00,2391,-0.083,-0.094,7.788
8.00,2392,-0.042,3.767,2.856
8.00,2393,-0.042,-3.971,-2.100
8.00,2394,-0.042,3.767,2.856
8.00,2395,3.282,1.920,-2.184
8.00,2396,-3.210,2.024,-2.180
8.00,2397,-0.042,-3.971,-2.100
8.00,2398,-3.210,2.024,-2.180
8.00,2399,3.282,1.920,-2.184
8.00,2400,3.125,-1.888,2.783
8.00,2401,-0.083,-0.094,7.788
8.00,2402,-3.210,2.024,-2.180
8.00,2403,6.241,-3.745,-2.124
8.00,2404,3.282,1.920,-2.184
8.00,2405,-0.042,-3.971,-2.100
8.00,2406,-3.210,2.024,-2.180
8.00,2407,6.241,-3.745,-2.124
8.00,2408,3.125,-1.888,2.783
8.00,2409,3.125,-1.888,2.783
8.00,2410,-0.042,-3.971,-2.100
8.00,2411,6.241,-3.745,-2.124
8.00,2412,-3.210,2.024,-2.180
8.00,2413,-6.142,-3.781,-2.179
8.00,2414,-3.210,2.024,-2.180
8.00,2415,-3.210,2.024,-2.180
8.00,2416,-0.042,3.767,2.856
8.00,2417,3.282,1.920,-2.184
8.00,2418,-0.042,-3.971,-2.100
8.00,2419,-3.210,2.024,-2.180
8.00,2420,-3.210,2.024,-2.180
8.00,2421,-0.175,6.880,-2.194
8.00,2422,-0.175,6.880,-2.194
8.00,2423,-0.042,3.767,2.856
8.00,2424,3.282,1.920,-2.184
8.00,2425,-3.210,2.024,-2.180
8.00,2426,-0.083,-0.094,7.788
8.00,2427,-0.042,3.767,2.856
8.00,2428,-0.083,-0.094,7.788
8.00,2429,6.241,-3.745,-2.124
8.00,2430,3.282,1.920,-2.184
8.00,2431,6.241,-3.745,-2.124
8.00,2432,-3.210,2.024,-2.180
8.00,2433,-3.210,2.024,-2.180
8.00,2434,3.282,1.920,-2.184
8.00,2435,-0.042,-3.971,-2.100
8.00,2436,6.241,-3.745,-2.124
8.00,2437,6.241,-3.745,-2.124
8.00,2438,-3.210,2.024,-2.180
8.00,2439,-0.175,6.880,-2.194
8.00,2440,-3.210,2.024,-2.180
8.00,2441,-3.210,2.024,-2.180
8.00,2442,-0.083,-0.094,7.788
8.00,2443,3.282,1.920,-2.184
8.00,2444,-0.042,3.767,2.856
8.00,2445,-0.042,3.767,2.856
8.00,2446,3.282,1.920,-2.184
8.00,2447,-3.210,2.024,-2.180
8.00,2448,-0.042,3.767,2.856
8.00,2449,-0.083,-0.094,7.788
8.00,2450,-0.083,-0.094,7.788
8.00,2451,-6.142,-3.781,-2.179
8.00,2452,6.241,-3.745,-2.124
8.00,2453,-0.083,-0.094,7.788
8.00,2454,-0.175,6.880,-2.194
8.00,2455,-0.042,3.767,2.856
8.00,2456,-0.042,3.767,2.856
8.00,2457,-0.175,6.880,-2.194
8.00,2458,3.125,-1.888,2.783
8.00,2459,6.241,-3.745,-2.124
8.00,2460,-0.083,-0.094,7.788
8.00,2461,-3.210,2.024,-2.180
8.00,2462,3.125,-1.888,2.783
8.00,2463,6.241,-3.745,-2.124
8.00,2464,-0.175,6.880,-2.194
8.00,2465,-0.042,-3.971,-2.100
8.00,2466,-0.175,6.880,-2.194
8.00,2467,6.241,-3.745,-2.124
8.00,2468,3.125,-1.888,2.783
8.00,2469,-0.042,3.767,2.856
8.00,2470,-6.142,-3.781,-2.179
8.00,2471,-6.142,-3.781,-2.179
8.00,2472,-6.142,-3.781,-2.179
8.00,2473,-0.175,6.880,-2.194
8.00,2474,-3.210,2.024,-2.180
8.00,2475,-0.175,6.880,-2.194
8.00,2476,6.241,-3.745,-2.124
8.00,2477,6.241,-3.745,-2.124
8.00,2478,-3.210,2.024,-2.180
8.00,2479,6.241,-3.745,-2.124
8.00,2480,-3.211,-1.901,2.777
8.00,2481,-0.175,6.880,-2.194
8.00,2482,-0.042,3.767,2.856
8.00,2483,-3.210,2.024,-2.180
8.00,2484,-6.142,-3.781,-2.179
8.00,2485,-0.042,3.767,2.856
8.00,2486,3.282,1.920,-2.184
8.00,2487,-0.042,-3.971,-2.100
8.00,2488,-0.042,-3.971,-2.100
8.00,2489,-3.210,2.024,-2.180
8.00,2490,6.241,-3.745,-2.124
8.00,2491,-0.042,-3.971,-2.100
8.00,2492,-0.175,6.880,-2.194
8.00,2493,-3.210,2.024,-2.180
8.00,2494,-0.083,-0.094,7.788
8.00,2495,-3.210,2.024,-2.180
8.00,2496,3.282,1.920,-2.184
8.00,2497,-3.210,2.024,-2.180
8.00,2498,3.125,-1.888,2.783
8.00,2499,-6.142,-3.781,-2.179
8.00,2500,3.282,1.920,-2.184
8.00,2501,3.282,1.920,-2.184
8.00,2502,-3.210,2.024,-2.180
8.00,2503,3.125,-1.888,2.783
8.00,2504,6.241,-3.745,-2.124
8.00,2505,-3.210,2.024,-2.180
8.00,2506,-0.042,-3.971,-2.100
8.00,2507,-3.210,2.024,-2.180
8.00,2508,-3.210,2.024,-2.180
8.00,2509,6.241,-3.745,-2.124
8.00,2510,-3.210,2.024,-2.180
8.00,2511,3.282,1.920,-2.184
8.00,2512,3.125,-1.888,2.783
8.00,2513,-3.210,2.024,-2.180
8.00,2514,-0.175,6.880,-2.194
8.00,2515,3.282,1.920,-2.184
8.00,2516,-0.175,6.880,-2.194
8.00,2517,6.241,-3.745,-2.124
8.00,2518,3.282,1.920,-2.184
8.00,2519,-0.175,6.880,-2.194
8.00,2520,-3.210,2.024,-2.180
8.00,2521,-0.042,-3.971,-2.100
8.00,2522,3.282,1.920,-2.184
8.00,2523,-3.210,2.024,-2.180
8.00,2524,-0.042,3.767,2.856
8.00,2525,-0.042,-3.971,-2.100
8.00,2526,-3.210,2.024,-2.180
8.00,2527,6.241,-3.745,-2.124
8.00,2528,3.282,1.920,-2.184
8.00,2529,3.125,-1.888,2.783
8.00,2530,-3.210,2.024,-2.180
8.00,2531,-0.042,-3.971,-2.100
8.00,2532,-0.083,-0.094,7.788
8.00,2533,-3.210,2.024,-2.180
8.00,2534,3.125,-1.888,2.783
8.00,2535,-0.083,-0.094,7.788
8.00,2536,-3.210,2.024,-2.180
8.00,2537,3.125,-1.888,2.783
8.00,2538,-0.042,3.767,2.856
8.00,2539,6.241,-3.745,-2.124
8.00,2540,-0.175,6.880,-2.194
8.00,2541,-3.210,2.024,-2.180
8.00,2542,-0.175,6.880,-2.194
8.00,2543,-0.175,6.880,-2.194
8.00,2544,-3.210,2.024,-2.180
8.00,2545,-3.210,2.024,-2.180
8.00,2546,3.282,1.920,-2.184
8.00,2547,6.241,-3.745,-2.124
8.00,2548,-0.083,-0.094,7.788
8.00,2549,3.282,1.920,-2.184
8.00,2550,-3.210,2.024,-2.180
8.00,2551,-6.142,-3.781,-2.179
8.00,2552,-0.083,-0.094,7.788
8.00,2553,-6.142,-3.781,-2.179
8.00,2554,-6.142,-3.781,-2.179
8.00,2555,-6.142,-3.781,-2.179
8.00,2556,-3.210,2.024,-2.180
8.00,2557,-0.083,-0.094,7.788
8.00,2558,6.241,-3.745,-2.124
8.00,2559,-0.042,-3.971,-2.100
8.00,2560,3.282,1.920,-2.184
8.00,2561,3.282,1.920,-2.184
8.00,2562,-6.142,-3.781,-2.179
8.00,2563,3.125,-1.888,2.783
8.00,2564,-0.175,6.880,-2.194
8.00,2565,-6.142,-3.781,-2.179
8.00,2566,-0.175,6.880,-2.194
8.00,2567,-0.042,3.767,2.856
8.00,2568,-0.083,-0.094,7.788
8.00,2569,6.241,-3.745,-2.124
8.00,2570,-0.042,3.767,2.856
8.00,2571,-0.083,-0.094,7.788
8.00,2572,-0.175,6.880,-2.194
8.00,2573,-3.210,2.024,-2.180
8.00,2574,-0.083,-0.094,7.788
8.00,2575,3.282,1.920,-2.184
8.00,2576,3.282,1.920,-2.184
8.00,2577,-3.210,2.024,-2.180
8.00,2578,6.241,-3.745,-2.124
8.00,2579,-0.175,6.880,-2.194
8.00,2580,-3.210,2.024,-2.180
8.00,2581,-0.175,6.880,-2.194
8.00,2582,3.125,-1.888,2.783
8.00,2583,-3.210,2.024,-2.180
8.00,2584,-0.042,3.767,2.856
8.00,2585,-0.083,-0.094,7.788
8.00,2586,6.241,-3.745,-2.124
8.00,2587,6.241,-3.745,-2.124
8.00,2588,-3.210,2.024,-2.180
8.00,2589,3.125,-1.888,2.783
8.00,2590,-0.042,3.767,2.856
8.00,2591,6.241,-3.745,-2.124
8.00,2592,-6.142,-3.781,-2.179
8.00,2593,6.241,-3.745,-2.124
8.00,2594,-0.083,-0.094,7.788
8.00,2595,-3.210,2.024,-2.180
8.00,2596,6.241,-3.745,-2.124
8.00,2597,-3.210,2.024,-2.180
8.00,2598,-0.083,-0.094,7.788
8.00,2599,-3.210,2.024,-2.180
8.00,2600,-0.042,-3.971,-2.100
8.00,2601,6.241,-3.745,-2.124
8.00,2602,-0.083,-0.094,7.788
8.00,2603,6.241,-3.745,-2.124
8.00,2604,3.282,1.920,-2.184
8.00,2605,-0.083,-0.094,7.788
8.00,2606,-0.083,-0.094,7.788
8.00,2607,6.241,-3.745,-2.124
8.00,2608,-0.042,-3.971,-2.100
8.00,2609,6.241,-3.745,-2.124
8.00,2610,3.282,1.920,-2.184
8.00,2611,-0.042,-3.971,-2.100
8.00,2612,-0.042,-3.971,-2.100
8.00,2613,-6.142,-3.781,-2.179
8.00,2614,3.125,-1.888,2.783
8.00,2615,-6.142,-3.781,-2.179
8.00,2616,-0.083,-0.094,7.788
8.00,2617,-0.175,6.880,-2.194
8.00,2618,-0.175,6.880,-2.194
8.00,2619,6.241,-3.745,-2.124
8.00,2620,-3.210,2.024,-2.180
8.00,2621,-0.175,6.880,-2.194
8.00,2622,-0.042,-3.971,-2.100
8.00,2623,-0.042,3.767,2.856
8.00,2624,6.241,-3.745,-2.124
8.00,2625,-0.042,3.767,2.856
8.00,2626,-3.211,-1.901,2.777
8.00,2627,-0.042,3.767,2.856
8.00,2628,3.125,-1.888,2.783
8.00,2629,3.282,1.920,-2.184
8.00,2630,3.125,-1.888,2.783
8.00,2631,3.282,1.920,-2.184
8.00,2632,3.282,1.920,-2.184
8.00,2633,3.282,1.920,-2.184
8.00,2634,3.125,-1.888,2.783
8.00,2635,-6.142,-3.781,-2.179
8.00,2636,-0.042,-3.971,-2.100
8.00,2637,-0.042,-3.971,-2.100
8.00,2638,-3.210,2.024,-2.180
8.00,2639,3.282,1.920,-2.184
8.00,2640,3.125,-1.888,2.783
8.00,2641,3.125,-1.888,2.783
8.00,2642,-0.083,-0.094,7.788
8.00,2643,-0.042,3.767,2.856
8.00,2644,-0.083,-0.094,7.788
8.00,2645,3.282,1.920,-2.184
8.00,2646,3.125,-1.888,2.783
8.00,2647,-0.042,3.767,2.856
8.00,2648,-0.175,6.880,-2.194
8.00,2649,-6.142,-3.781,-2.179
8.00,2650,6.241,-3.745,-2.124
8.00,2651,3.282,1.920,-2.184
8.00,2652,-0.175,6.880,-2.194
8.00,2653,-0.083,-0.094,7.788
8.00,2654,-3.210,2.024,-2.180
8.00,2655,-3.211,-1.901,2.777
8.00,2656,3.282,1.920,-2.184
8.00,2657,3.282,1.920,-2.184
8.00,2658,6.241,-3.745,-2.124
8.00,2659,-0.175,6.880,-2.194
8.00,2660,3.282,1.920,-2.184
8.00,2661,-6.142,-3.781,-2.179
8.00,2662,-6.142,-3.781,-2.179
8.00,2663,-0.083,-0.094,7.788
8.00,2664,-0.042,-3.971,-2.100
8.00,2665,-0.175,6.880,-2.194
8.00,2666,6.241,-3.745,-2.124
8.00,2667,-0.175,6.880,-2.194
8.00,2668,6.241,-3.745,-2.124
8.00,2669,-3.211,-1.901,2.777
8.00,2670,3.282,1.920,-2.184
8.00,2671,6.241,-3.745,-2.124
8.00,2672,-3.210,2.024,-2.180
8.00,2673,-0.175,6.880,-2.194
8.00,2674,-3.210,2.024,-2.180
8.00,2675,6.241,-3.745,-2.124
8.00,2676,-3.210,2.024,-2.180
8.00,2677,3.125,-1.888,2.783
8.00,2678,-0.083,-0.094,7.788
8.00,2679,-0.042,-3.971,-2.100
8.00,2680,-3.210,2.024,-2.180
8.00,2681,3.282,1.920,-2.184
8.00,2682,-0.042,-3.971,-2.100
8.00,2683,-3.210,2.024,-2.180
8.00,2684,-0.042,-3.971,-2.100
8.00,2685,-0.175,6.880,-2.194
8.00,2686,3.282,1.920,-2.184
8.00,2687,6.241,-3.745,-2.124
8.00,2688,-3.210,2.024,-2.180
8.00,2689,3.282,1.920,-2.184
8.00,2690,-3.210,2.024,-2.180
8.00,2691,-0.042,3.767,2.856
8.00,2692,6.241,-3.745,-2.124
8.00,2693,-0.042,3.767,2.856
8.00,2694,-3.210,2.024,-2.180
8.00,2695,-6.142,-3.781,-2.179
8.00,2696,6.241,-3.745,-2.124
8.00,2697,-0.083,-0.094,7.788
8.00,2698,3.125,-1.888,2.783
8.00,2699,-3.210,2.024,-2.180
8.00,2700,-3.210,2.024,-2.180
8.00,2701,-3.210,2.024,-2.180
8.00,2702,3.282,1.920,-2.184
8.00,2703,-0.175,6.880,-2.194
8.00,2704,-0.175,6.880,-2.194
8.00,2705,-3.210,2.024,-2.180
8.00,2706,-0.175,6.880,-2.194
8.00,2707,3.282,1.920,-2.184
8.00,2708,-0.083,-0.094,7.788
8.00,2709,-3.210,2.024,-2.180
8.00,2710,-0.042,-3.971,-2.100
8.00,2711,6.241,-3.745,-2.124
8.00,2712,-6.142,-3.781,-2.179
8.00,2713,6.241,-3.745,-2.124
8.00,2714,-0.083,-0.094,7.788
8.00,2715,3.282,1.920,-2.184
8.00,2716,-0.083,-0.094,7.788
8.00,2717,3.282,1.920,-2.184
8.00,2718,-3.210,2.024,-2.180
8.00,2719,3.282,1.920,-2.184
8.00,2720,-3.210,2.024,-2.180
8.00,2721,-0.175,6.880,-2.194
8.00,2722,-0.042,3.767,2.856
8.00,2723,-0.083,-0.094,7.788
8.00,2724,-0.042,-3.971,-2.100
8.00,2725,-0.042,-3.971,-2.100
8.00,2726,-0.083,-0.094,7.788
8.00,2727,-6.142,-3.781,-2.179
8.00,2728,-3.211,-1.901,2.777
8.00,2729,-0.042,-3.971,-2.100
8.00,2730,6.241,-3.745,-2.124
8.00,2731,6.241,-3.745,-2.124
8.00,2732,3.125,-1.888,2.783
8.00,2733,6.241,-3.745,-2.124
8.00,2734,-0.083,-0.094,7.788
8.00,2735,-0.175,6.880,-2.194
8.00,2736,-0.083,-0.094,7.788
8.00,2737,3.125,-1.888,2.783
8.00,2738,3.282,1.920,-2.184
8.00,2739,6.241,-3.745,-2.124
8.00,2740,-3.210,2.024,-2.180
8.00,2741,-3.210,2.024,-2.180
8.00,2742,-0.042,-3.971,-2.100
8.00,2743,-0.042,3.767,2.856
8.00,2744,6.241,-3.745,-2.124
8.00,2745,3.282,1.920,-2.184
8.00,2746,-0.042,-3.971,-2.100
8.00,2747,3.282,1.920,-2.184
8.00,2748,-3.210,2.024,-2.180
8.00,2749,-3.210,2.024,-2.180
8.00,2750,-0.083,-0.094,7.788
8.00,2751,-0.042,3.767,2.856
8.00,2752,-3.210,2.024,-2.180
8.00,2753,-0.042,-3.971,-2.100
8.00,2754,6.241,-3.745,-2.124
8.00,2755,-6.142,-3.781,-2.179
8.00,2756,-0.042,-3.971,-2.100
8.00,2757,-6.142,-3.781,-2.179
8.00,2758,-3.210,2.024,-2.180
8.00,2759,-3.210,2.024,-2.180
8.00,2760,-0.042,-3.971,-2.100
8.00,2761,-0.083,-0.094,7.788
8.00,2762,-0.083,-0.094,7.788
8.00,2763,-3.210,2.024,-2.180
8.00,2764,6.241,-3.745,-2.124
8.00,2765,6.241,-3.745,-2.124
8.00,2766,-0.175,6.880,-2.194
8.00,2767,-0.042,-3.971,-2.100
8.00,2768,6.241,-3.745,-2.124
8.00,2769,-3.210,2.024,-2.180
8.00,2770,-6.142,-3.781,-2.179
8.00,2771,-0.175,6.880,-2.194
8.00,2772,-0.042,3.767,2.856
8.00,2773,-3.210,2.024,-2.180
8.00,2774,-0.042,3.767,2.856
8.00,2775,-3.210,2.024,-2.180
8.00,2776,3.282,1.920,-2.184
8.00,2777,-0.175,6.880,-2.194
8.00,2778,-0.175,6.880,-2.194
8.00,2779,-0.042,-3.971,-2.100
8.00,2780,-0.083,-0.094,7.788
8.00,2781,-0.042,3.767,2.856
8.00,2782,3.282,1.920,-2.184
8.00,2783,-0.042,3.767,2.856
8.00,2784,-3.210,2.024,-2.180
8.00,2785,-0.042,3.767,2.856
8.00,2786,-6.142,-3.781,-2.179
8.00,2787,6.241,-3.745,-2.124
8.00,2788,-0.083,-0.094,7.788
8.00,2789,-0.042,-3.971,-2.100
8.00,2790,3.282,1.920,-2.184
8.00,2791,3.282,1.920,-2.184
8.00,2792,-0.175,6.880,-2.194
8.00,2793,-0.042,-3.971,-2.100
8.00,2794,-0.175,6.880,-2.194
8.00,2795,-0.175,6.880,-2.194
8.00,2796,-3.211,-1.901,2.777
8.00,2797,-3.210,2.024,-2.180
8.00,2798,-0.083,-0.094,7.788
8.00,2799,3.282,1.920,-2.184
8.00,2800,3.282,1.920,-2.184
8.00,2801,6.241,-3.745,-2.124
8.00,2802,-0.083,-0.094,7.788
8.00,2803,-6.142,-3.781,-2.179
8.00,2804,-3.210,2.024,-2.180
8.00,2805,3.125,-1.888,2.783
8.00,2806,3.282,1.920,-2.184
8.00,2807,-3.211,-1.901,2.777
8.00,2808,-0.042,-3.971,-2.100
8.00,2809,-0.042,3.767,2.856
8.00,2810,-0.042,-3.971,-2.100
8.00,2811,-0.042,-3.971,-2.100
8.00,2812,-3.210,2.024,-2.180
8.00,2813,-0.175,6.880,-2.194
8.00,2814,-6.142,-3.781,-2.179
8.00,2815,-0.083,-0.094,7.788
8.00,2816,6.241,-3.745,-2.124
8.00,2817,-0.042,-3.971,-2.100
8.00,2818,-6.142,-3.781,-2.179
8.00,2819,3.125,-1.888,2.783
8.00,2820,-6.142,-3.781,-2.179
8.00,2821,-0.042,-3.971,-2.100
8.00,2822,6.241,-3.745,-2.124
8.00,2823,-0.042,-3.971,-2.100
8.00,2824,-0.175,6.880,-2.194
8.00,2825,-3.210,2.024,-2.180
8.00,2826,-0.042,-3.971,-2.100
8.00,2827,-0.042,-3.971,-2.100
8.00,2828,6.241,-3.745,-2.124
8.00,2829,3.125,-1.888,2.783
8.00,2830,6.241,-3.745,-2.124
8.00,2831,-0.042,-3.971,-2.100
8.00,2832,-0.083,-0.094,7.788
8.00,2833,3.282,1.920,-2.184
8.00,2834,-0.042,3.767,2.856
8.00,2835,-0.083,-0.094,7.788
8.00,2836,-0.042,-3.971,-2.100
8.00,2837,-0.042,-3.971,-2.100
8.00,2838,-0.042,3.767,2.856
8.00,2839,-6.142,-3.781,-2.179
8.00,2840,-0.175,6.880,-2.194
8.00,2841,3.125,-1.888,2.783
8.00,2842,-0.042,-3.971,-2.100
8.00,2843,-0.042,3.767,2.856
8.00,2844,-3.210,2.024,-2.180
8.00,2845,6.241,-3.745,-2.124
8.00,2846,-0.175,6.880,-2.194
8.00,2847,-3.210,2.024,-2.180
8.00,2848,-3.210,2.024,-2.180
8.00,2849,-3.210,2.024,-2.180
8.00,2850,-0.042,-3.971,-2.100
8.00,2851,-0.042,-3.971,-2.100
8.00,2852,3.282,1.920,-2.184
8.00,2853,-0.083,-0.094,7.788
8.00,2854,6.241,-3.745,-2.124
8.00,2855,-0.175,6.880,-2.194
8.00,2856,-3.210,2.024,-2.180
8.00,2857,6.241,-3.745,-2.124
8.00,2858,-0.175,6.880,-2.194
8.00,2859,-0.175,6.880,-2.194
8.00,2860,-0.042,3.767,2.856
8.00,2861,-0.042,3.767,2.856
8.00,2862,-0.042,3.767,2.856
8.00,2863,3.282,1.920,-2.184
8.00,2864,-3.210,2.024,-2.180
8.00,2865,-3.210,2.024,-2.180
8.00,2866,-0.083,-0.094,7.788
8.00,2867,3.125,-1.888,2.783
8.00,2868,3.125,-1.888,2.783
8.00,2869,3.282,1.920,-2.184
8.00,2870,-0.175,6.880,-2.194
8.00,2871,6.241,-3.745,-2.124
8.00,2872,6.241,-3.745,-2.124
8.00,2873,3.125,-1.888,2.783
8.00,2874,-0.042,-3.971,-2.100
8.00,2875,3.125,-1.888,2.783
8.00,2876,-0.042,3.767,2.856
8.00,2877,-3.210,2.024,-2.180
8.00,2878,-3.210,2.024,-2.180
8.00,2879,-6.142,-3.781,-2.179
8.00,2880,-0.042,3.767,2.856
8.00,2881,-6.142,-3.781,-2.179
8.00,2882,-0.042,-3.971,-2.100
8.00,2883,-0.042,3.767,2.856
8.00,2884,-0.042,3.767,2.856
8.00,2885,3.125,-1.888,2.783
8.00,2886,-0.175,6.880,-2.194
8.00,2887,3.125,-1.888,2.783
8.00,2888,-0.175,6.880,-2.194
8.00,2889,-0.083,-0.094,7.788
8.00,2890,-6.142,-3.781,-2.179
8.00,2891,3.282,1.920,-2.184
8.00,2892,-0.042,-3.971,-2.100
8.00,2893,-0.175,6.880,-2.194
8.00,2894,-0.175,6.880,-2.194
8.00,2895,-0.083,-0.094,7.788
8.00,2896,-0.042,3.767,2.856
8.00,2897,-0.042,-3.971,-2.100
8.00,2898,-6.142,-3.781,-2.179
8.00,2899,-6.142,-3.781,-2.179
8.00,2900,3.282,1.920,-2.184
8.00,2901,-0.042,-3.971,-2.100
8.00,2902,3.282,1.920,-2.184
8.00,2903,6.241,-3.745,-2.124
8.00,2904,-0.083,-0.094,7.788
8.00,2905,3.282,1.920,-2.184
8.00,2906,-0.175,6.880,-2.194
8.00,2907,-0.083,-0.094,7.788
8.00,2908,-0.042,-3.971,-2.100
8.00,2909,-6.142,-3.781,-2.179
8.00,2910,3.125,-1.888,2.783
8.00,2911,-0.042,3.767,2.856
8.00,2912,-0.083,-0.094,7.788
8.00,2913,-0.042,3.767,2.856
8.00,2914,-3.210,2.024,-2.180
8.00,2915,6.241,-3.745,-2.124
8.00,2916,6.241,-3.745,-2.124
8.00,2917,-3.210,2.024,-2.180
8.00,2918,-0.083,-0.094,7.788
8.00,2919,3.282,1.920,-2.184
8.00,2920,-3.210,2.024,-2.180
8.00,2921,-0.083,-0.094,7.788
8.00,2922,-0.175,6.880,-2.194
8.00,2923,-0.042,3.767,2.856
8.00,2924,6.241,-3.745,-2.124
8.00,2925,-3.210,2.024,-2.180
8.00,2926,-0.083,-0.094,7.788
8.00,2927,-3.210,2.024,-2.180
8.00,2928,-0.083,-0.094,7.788
8.00,2929,-0.042,-3.971,-2.100
8.00,2930,-3.210,2.024,-2.180
8.00,2931,6.241,-3.745,-2.124
8.00,2932,-0.042,3.767,2.856
8.00,2933,-0.083,-0.094,7.788
8.00,2934,-0.042,-3.971,-2.100
8.00,2935,-0.175,6.880,-2.194
8.00,2936,-3.210,2.024,-2.180
8.00,2937,-0.175,6.880,-2.194
8.00,2938,-0.042,-3.971,-2.100
8.00,2939,-0.042,3.767,2.856
8.00,2940,3.282,1.920,-2.184
8.00,2941,-0.175,6.880,-2.194
8.00,2942,-0.083,-0.094,7.788
8.00,2943,6.241,-3.745,-2.124
8.00,2944,-0.042,3.767,2.856
8.00,2945,-6.142,-3.781,-2.179
8.00,2946,3.282,1.920,-2.184
8.00,2947,-0.042,-3.971,-2.100
8.00,2948,-0.042,3.767,2.856
8.00,2949,3.282,1.920,-2.184
8.00,2950,6.241,-3.745,-2.124
8.00,2951,-3.210,2.024,-2.180
8.00,2952,-3.210,2.024,-2.180
8.00,2953,3.282,1.920,-2.184
8.00,2954,-6.142,-3.781,-2.179
8.00,2955,-0.042,-3.971,-2.100
8.00,2956,-0.042,3.767,2.856
8.00,2957,-6.142,-3.781,-2.179
8.00,2958,-0.042,3.767,2.856
8.00,2959,6.241,-3.745,-2.124
8.00,2960,6.241,-3.745,-2.124
8.00,2961,3.282,1.920,-2.184
8.00,2962,6.241,-3.745,-2.124
8.00,2963,-0.175,6.880,-2.194
8.00,2964,-0.083,-0.094,7.788
8.00,2965,-3.210,2.024,-2.180
8.00,2966,6.241,-3.745,-2.124
8.00,2967,3.282,1.920,-2.184
8.00,2968,-3.210,2.024,-2.180
8.00,2969,-0.175,6.880,-2.194
8.00,2970,-0.083,-0.094,7.788
8.00,2971,3.282,1.920,-2.184
8.00,2972,-6.142,-3.781,-2.179
8.00,2973,3.125,-1.888,2.783
8.00,2974,-0.042,3.767,2.856
8.00,2975,6.241,-3.745,-2.124
8.00,2976,3.282,1.920,-2.184
8.00,2977,-0.042,3.767,2.856
8.00,2978,-3.210,2.024,-2.180
8.00,2979,-0.042,-3.971,-2.100
8.00,2980,3.282,1.920,-2.184
8.00,2981,6.241,-3.745,-2.124
8.00,2982,-0.175,6.880,-2.194
8.00,2983,-0.083,-0.094,7.788
8.00,2984,-0.175,6.880,-2.194
8.00,2985,-0.083,-0.094,7.788
8.00,2986,-0.175,6.880,-2.194
8.00,2987,-3.210,2.024,-2.180
8.00,2988,-3.211,-1.901,2.777
8.00,2989,-6.142,-3.781,-2.179
8.00,2990,3.282,1.920,-2.184
8.00,2991,3.282,1.920,-2.184
8.00,2992,-6.142,-3.781,-2.179
8.00,2993,-3.210,2.024,-2.180
8.00,2994,-0.175,6.880,-2.194
8.00,2995,6.241,-3.745,-2.124
8.00,2996,3.125,-1.888,2.783
8.00,2997,-3.210,2.024,-2.180
8.00,2998,6.241,-3.745,-2.124
8.00,2999,6.241,-3.745,-2.124
