t_s,grain,x_mm,y_mm,z_mm
0.00,0,7.987,1.921,-9.425
0.00,1,8.263,5.063,0.610
0.00,2,7.546,-6.015,0.434
0.00,3,-3.693,1.191,3.166
0.00,4,8.051,5.891,-1.213
0.00,5,8.934,0.924,0.370
0.00,6,-7.880,-7.863,8.529
0.00,7,3.960,-9.070,0.165
0.00,8,1.535,6.307,-7.300
0.00,9,-6.750,-5.464,7.492
0.00,10,0.344,1.434,-4.923
0.00,11,-8.326,-0.886,-5.452
0.00,12,-7.456,3.117,-6.360
0.00,13,1.489,-4.425,8.867
0.00,14,2.082,-3.598,6.653
0.00,15,-7.421,-4.904,-4.381
0.00,16,-5.449,-4.094,-6.701
0.00,17,7.054,-5.370,-3.286
0.00,18,5.293,3.478,4.519
0.00,19,-5.009,1.784,-0.072
0.00,20,-9.036,-0.710,3.450
0.00,21,-9.296,-6.895,4.155
0.00,22,-2.220,-5.208,-8.672
0.00,23,7.606,-6.018,-5.009
0.00,24,1.559,0.601,-4.030
0.00,25,4.351,1.055,-0.649
0.00,26,-2.516,0.774,-3.090
0.00,27,-0.592,-4.038,7.214
0.00,28,-0.757,5.019,-3.724
0.00,29,-6.285,3.635,-4.552
0.00,30,5.156,-1.173,-3.256
0.00,31,-3.863,-0.692,6.844
0.00,32,6.669,4.613,3.648
0.00,33,-4.409,-7.673,7.486
0.00,34,-1.484,-4.676,5.846
0.00,35,6.315,-3.497,-0.368
0.00,36,-6.001,-5.234,4.326
0.00,37,2.907,-5.929,1.499
0.00,38,-6.550,-7.076,8.367
0.00,39,0.760,-7.799,6.652
0.00,40,-6.748,3.373,7.122
0.00,41,-4.454,2.554,2.216
0.00,42,5.154,2.339,-4.876
0.00,43,9.657,7.906,3.185
0.00,44,-8.211,-8.518,3.096
0.00,45,-4.633,-9.071,-2.184
0.00,46,-5.144,4.791,-6.695
0.00,47,-3.257,-9.620,6.667
0.00,48,-9.672,5.697,-7.933
0.00,49,1.607,6.315,-8.142
0.00,50,8.937,-7.185,-8.561
0.00,51,5.036,-5.980,-2.779
0.00,52,2.317,9.677,-8.521
0.00,53,-4.695,2.700,-3.445
0.00,54,3.584,9.514,-4.863
0.00,55,-8.739,2.235,5.227
0.00,56,3.170,4.277,8.487
0.00,57,9.688,-4.271,3.778
0.00,58,5.885,7.952,-4.091
0.00,59,6.105,-1.503,3.578
0.00,60,-2.323,1.638,7.786
0.00,61,-9.474,4.557,-8.122
0.00,62,-9.298,0.881,8.593
0.00,63,-4.568,3.835,-0.365
0.00,64,-4.698,4.637,5.329
0.00,65,-3.646,-6.345,-7.111
0.00,66,-0.406,9.050,0.897
0.00,67,-1.271,-4.769,-6.481
0.00,68,2.036,8.327,-0.126
0.00,69,-2.506,-1.605,1.277
0.00,70,9.149,4.179,-5.221
0.00,71,-2.336,5.616,6.244
0.00,72,-5.282,-2.985,1.799
0.00,73,-4.112,-6.477,1.410
0.00,74,-1.053,-9.496,-8.327
0.00,75,-9.245,-5.758,4.498
0.00,76,-1.757,5.614,5.153
0.00,77,-6.096,-2.491,-7.550
0.00,78,-0.277,5.593,-7.029
0.00,79,9.160,-2.127,-8.337
0.00,80,-8.911,0.136,-9.104
0.00,81,2.769,2.140,0.629
0.00,82,-1.438,-7.880,7.497
0.00,83,-6.693,2.484,6.731
0.00,84,-2.512,-6.218,-2.629
0.00,85,-3.467,0.755,3.915
0.00,86,5.428,-0.743,4.393
0.00,87,4.209,-9.479,-5.637
0.00,88,-5.380,-1.869,-3.520
0.00,89,1.305,4.196,1.395
0.00,90,5.451,-0.802,-4.079
0.00,91,-2.874,1.709,-4.856
0.00,92,-2.547,0.427,8.978
0.00,93,7.406,-6.059,6.747
0.00,94,-4.912,6.322,-5.042
0.00,95,0.887,-8.350,-6.824
0.00,96,3.324,2.169,9.048
0.00,97,-8.009,-2.164,-4.092
0.00,98,-9.252,-8.770,-3.047
0.00,99,-7.273,-3.705,-0.969
0.00,100,0.360,-1.696,-4.358
0.00,101,8.555,2.090,-8.978
0.00,102,0.871,-3.066,-4.296
0.00,103,5.618,1.708,6.478
0.00,104,-6.199,1.624,7.331
0.00,105,-4.158,-4.547,-4.668
0.00,106,-3.930,8.724,8.096
0.00,107,-6.840,5.061,4.271
0.00,108,7.111,-6.236,2.526
0.00,109,2.166,3.443,9.188
0.00,110,-3.610,9.038,5.924
0.00,111,-3.668,9.731,2.487
0.00,112,1.759,-2.564,-2.320
0.00,113,-6.262,-2.031,-8.938
0.00,114,-4.811,-5.609,-0.001
0.00,115,2.766,1.295,1.246
0.00,116,8.702,-7.155,-2.263
0.00,117,-2.639,-1.837,9.292
0.00,118,-1.334,-1.484,5.632
0.00,119,-7.688,-8.783,-0.463
0.00,120,-2.601,-8.766,-7.726
0.00,121,1.970,-7.590,-2.183
0.00,122,-7.962,0.991,7.989
0.00,123,-2.712,4.518,-1.476
0.00,124,7.348,-0.171,6.283
0.00,125,7.830,6.900,9.302
0.00,126,-1.719,2.265,4.729
0.00,127,2.043,1.322,1.558
0.00,128,9.050,-9.478,1.103
0.00,129,-5.277,-1.767,7.002
0.00,130,0.678,0.279,8.220
0.00,131,-4.908,0.936,-9.488
0.00,132,-5.502,5.525,3.969
0.00,133,-9.214,2.272,-3.506
0.00,134,9.090,7.246,7.722
0.00,135,-1.606,-7.182,-1.815
0.00,136,2.066,1.953,-5.318
0.00,137,-7.106,-5.531,-3.221
0.00,138,2.808,-6.405,0.379
0.00,139,4.042,-9.564,-2.426
0.00,140,1.685,6.841,6.210
0.00,141,2.303,0.293,7.866
0.00,142,-3.818,-3.346,4.204
0.00,143,-7.435,2.714,0.299
0.00,144,2.503,-4.061,-9.086
0.00,145,-2.450,-1.497,-7.140
0.00,146,2.259,-6.576,-3.603
0.00,147,-7.032,-2.433,6.164
0.00,148,-8.114,-8.157,3.411
0.00,149,-2.454,4.051,-5.846
0.00,150,4.253,-4.261,6.712
0.00,151,6.123,4.392,4.499
0.00,152,6.241,-1.833,5.135
0.00,153,-3.230,-3.064,-5.410
0.00,154,-9.600,0.740,-0.769
0.00,155,0.232,3.450,5.909
0.00,156,3.216,8.671,-7.917
0.00,157,6.191,3.740,7.293
0.00,158,-8.288,-4.467,5.092
0.00,159,-0.404,-3.996,-6.034
0.00,160,5.908,-6.994,-1.808
0.00,161,2.752,6.567,-3.364
0.00,162,-8.168,3.593,7.056
0.00,163,3.424,-6.021,-9.542
0.00,164,-7.967,-6.069,0.122
0.00,165,1.554,7.261,7.396
0.00,166,-3.297,1.065,-5.166
0.00,167,1.558,4.021,-3.928
0.00,168,-2.150,-6.068,-4.214
0.00,169,-2.828,-9.280,-7.985
0.00,170,8.025,-2.051,-4.408
0.00,171,2.955,-5.739,-6.521
0.00,172,-7.228,0.780,8.756
0.00,173,0.964,1.970,-0.282
0.00,174,6.791,-0.098,-5.947
0.00,175,7.807,-8.661,0.250
0.00,176,6.596,1.681,8.430
0.00,177,1.637,-1.591,9.304
0.00,178,1.835,-4.631,7.779
0.00,179,1.428,8.815,2.710
0.00,180,-4.864,-5.653,-8.535
0.00,181,7.199,7.774,3.679
0.00,182,-5.226,0.449,6.418
0.00,183,0.374,-9.522,2.567
0.00,184,-6.943,-3.440,0.092
0.00,185,3.904,-4.330,1.840
0.00,186,-8.949,5.840,-9.252
0.00,187,-9.147,-4.439,0.277
0.00,188,5.692,-5.055,-4.537
0.00,189,8.888,1.430,-4.129
0.00,190,-6.063,8.440,5.023
0.00,191,1.423,-1.658,6.959
0.00,192,6.731,7.260,-8.071
0.00,193,-5.727,8.982,-5.054
0.00,194,1.277,-5.628,5.641
0.00,195,-5.917,8.210,-8.580
0.00,196,-8.009,1.174,5.212
0.00,197,-3.737,5.103,4.511
0.00,198,7.104,-6.748,7.801
0.00,199,-7.207,-5.775,2.483
0.00,200,6.783,-5.061,-4.816
0.00,201,2.552,-9.258,-8.007
0.00,202,-0.175,9.277,-4.054
0.00,203,-3.937,-0.758,-7.606
0.00,204,-2.219,-3.236,-3.541
0.00,205,-8.793,7.138,-0.025
0.00,206,4.082,3.884,4.270
0.00,207,-8.022,-7.719,3.063
0.00,208,-7.998,5.196,2.700
0.00,209,4.994,6.117,5.577
0.00,210,-6.087,1.050,9.429
0.00,211,-6.021,2.420,-9.718
0.00,212,6.967,7.599,5.974
0.00,213,-0.835,1.296,-2.942
0.00,214,8.277,-7.226,6.619
0.00,215,3.595,-9.622,5.495
0.00,216,-1.222,8.341,6.626
0.00,217,-4.746,-7.070,6.188
0.00,218,-8.776,-5.108,0.077
0.00,219,2.307,3.874,-3.224
0.00,220,-3.076,-7.619,-2.416
0.00,221,5.894,-5.783,-3.784
0.00,222,-8.939,-3.468,6.856
0.00,223,-9.169,-1.004,-5.074
0.00,224,-6.226,-6.278,5.073
0.00,225,-6.368,-7.792,-4.800
0.00,226,4.685,5.869,-7.687
0.00,227,-5.019,-4.254,-2.603
0.00,228,-4.374,-2.980,-1.841
0.00,229,-8.559,0.320,7.555
0.00,230,-5.074,8.217,1.288
0.00,231,8.606,5.117,-9.178
0.00,232,8.525,8.307,5.342
0.00,233,6.230,-7.658,-9.748
0.00,234,7.792,8.039,-5.633
0.00,235,4.786,7.847,-5.094
0.00,236,-4.407,5.670,2.197
0.00,237,2.378,0.578,-9.347
0.00,238,5.352,-9.128,6.977
0.00,239,-5.298,4.489,-0.772
0.00,240,2.017,-2.621,4.934
0.00,241,6.168,-0.798,-0.205
0.00,242,9.464,-0.376,5.958
0.00,243,9.560,-3.395,-0.888
0.00,244,2.167,-8.591,1.643
0.00,245,-4.513,-0.722,-0.121
0.00,246,-7.933,-3.222,2.247
0.00,247,7.445,-8.745,5.787
0.00,248,-3.246,8.748,9.739
0.00,249,4.722,9.059,-6.213
0.00,250,-2.033,-6.503,-4.943
0.00,251,6.014,8.968,-2.985
0.00,252,-4.537,4.861,-3.203
0.00,253,-5.994,-9.479,8.488
0.00,254,-9.345,3.834,-7.337
0.00,255,0.162,3.705,7.874
0.00,256,-5.612,0.143,-6.043
0.00,257,-6.746,3.617,-8.373
0.00,258,5.680,8.745,-7.569
0.00,259,-4.662,-8.882,2.347
0.00,260,-0.912,-6.819,4.911
0.00,261,1.065,-3.364,-7.251
0.00,262,6.629,-0.706,2.721
0.00,263,-3.798,1.381,-5.428
0.00,264,7.141,3.587,6.531
0.00,265,9.075,-1.548,2.239
0.00,266,-8.633,3.648,-9.516
0.00,267,-6.380,-0.055,-8.981
0.00,268,-7.967,1.492,5.115
0.00,269,1.308,8.347,5.100
0.00,270,0.796,-8.908,0.261
0.00,271,-4.014,-8.673,-3.132
0.00,272,1.800,-4.009,3.129
0.00,273,-3.275,-8.492,-1.805
0.00,274,6.994,1.389,-5.234
0.00,275,0.895,-6.806,-5.996
0.00,276,-1.691,-4.295,7.329
0.00,277,6.834,-4.229,5.741
0.00,278,3.120,-5.822,-6.612
0.00,279,-8.048,-1.397,-8.955
0.00,280,-4.681,-2.678,-3.196
0.00,281,-0.885,-5.376,8.519
0.00,282,-3.880,-1.736,4.539
0.00,283,-7.034,4.794,4.745
0.00,284,3.302,8.034,1.011
0.00,285,5.132,-5.746,-8.811
0.00,286,-3.294,2.362,6.214
0.00,287,0.796,2.047,8.805
0.00,288,0.828,0.892,-7.412
0.00,289,1.868,0.683,-0.900
0.00,290,-7.884,8.350,4.197
0.00,291,-4.695,4.796,3.775
0.00,292,4.731,-9.132,8.318
0.00,293,8.378,-5.862,-1.097
0.00,294,-8.660,-8.349,-0.678
0.00,295,-9.208,6.912,8.382
0.00,296,-4.561,3.616,6.891
0.00,297,2.580,6.893,2.380
0.00,298,7.955,-8.437,-3.118
0.00,299,-1.124,5.544,-8.902
0.00,300,8.579,-8.086,-6.795
0.00,301,3.991,-1.261,2.603
0.00,302,9.161,8.549,-3.150
0.00,303,1.028,1.257,2.932
0.00,304,-3.869,7.240,-4.234
0.00,305,-6.450,8.713,-4.551
0.00,306,7.105,-3.590,3.420
0.00,307,-3.895,7.485,-1.201
0.00,308,-4.109,0.996,-4.800
0.00,309,-6.892,1.794,-8.856
0.00,310,2.528,1.267,-4.670
0.00,311,3.982,-3.657,-1.139
0.00,312,-2.838,-6.508,7.957
0.00,313,4.416,5.283,-8.973
0.00,314,2.007,1.125,-0.201
0.00,315,6.415,1.213,1.880
0.00,316,2.638,-5.346,0.865
0.00,317,-1.353,-2.239,3.497
0.00,318,3.250,-8.850,7.532
0.00,319,-4.700,1.503,-4.186
0.00,320,8.512,-6.854,-3.835
0.00,321,4.357,2.649,7.352
0.00,322,-6.731,-6.547,7.821
0.00,323,-6.939,-2.554,-2.914
0.00,324,5.073,0.548,2.450
0.00,325,-8.526,-6.529,7.475
0.00,326,9.292,-3.326,-3.385
0.00,327,-9.524,-3.814,-7.588
0.00,328,-6.582,7.876,-8.330
0.00,329,6.051,1.018,-1.067
0.00,330,8.255,-4.054,8.635
0.00,331,-4.922,-4.987,-4.271
0.00,332,3.325,-8.189,-6.741
0.00,333,-3.080,4.312,-2.221
0.00,334,-8.660,-0.857,-7.703
0.00,335,8.280,-0.065,5.514
0.00,336,5.033,-5.469,2.335
0.00,337,-2.765,-3.387,1.920
0.00,338,-7.990,0.245,-3.241
0.00,339,-8.475,9.612,7.781
0.00,340,-9.558,-5.694,3.959
0.00,341,0.339,9.136,-2.962
0.00,342,-2.259,9.567,-8.450
0.00,343,6.567,-6.015,8.479
0.00,344,9.124,4.687,0.716
0.00,345,-5.181,-7.508,0.177
0.00,346,-5.820,2.086,-3.147
0.00,347,-9.279,9.257,6.317
0.00,348,-9.490,-5.094,-8.873
0.00,349,-4.307,6.350,-7.772
0.00,350,1.437,-5.640,-8.058
0.00,351,8.944,2.608,1.841
0.00,352,2.116,-5.806,-2.718
0.00,353,6.731,-1.346,2.303
0.00,354,-8.005,2.399,-5.254
0.00,355,4.492,2.025,1.862
0.00,356,-7.001,1.498,-9.225
0.00,357,-0.158,3.201,-2.755
0.00,358,6.739,5.765,8.683
0.00,359,8.919,-9.353,-7.659
0.00,360,-5.050,8.102,1.478
0.00,361,4.590,-0.133,1.728
0.00,362,0.527,-1.236,1.067
0.00,363,8.950,8.608,-5.891
0.00,364,-4.522,3.686,-1.037
0.00,365,9.266,-7.061,4.588
0.00,366,3.563,-1.341,7.512
0.00,367,-8.323,-9.372,-5.168
0.00,368,-6.596,-7.163,7.658
0.00,369,-6.780,3.482,9.415
0.00,370,-8.245,-2.235,9.452
0.00,371,7.364,7.172,9.124
0.00,372,-7.946,4.356,-5.344
0.00,373,-6.034,-0.957,9.040
0.00,374,-2.866,-7.345,9.606
0.00,375,-6.769,-2.870,2.528
0.00,376,9.221,3.510,6.617
0.00,377,-2.325,-4.655,-2.502
0.00,378,8.914,7.035,-6.577
0.00,379,6.757,-0.656,3.404
0.00,380,-3.753,-4.689,-7.990
0.00,381,-2.695,7.832,7.406
0.00,382,7.909,1.847,-5.394
0.00,383,4.608,-7.259,7.745
0.00,384,-5.043,3.326,-1.244
0.00,385,9.178,3.248,-8.262
0.00,386,1.709,4.259,1.315
0.00,387,9.171,9.516,3.527
0.00,388,-2.098,5.350,4.675
0.00,389,-4.480,-5.956,0.202
0.00,390,6.646,-2.286,-1.801
0.00,391,-5.021,5.818,2.616
0.00,392,1.829,-1.107,-3.657
0.00,393,-6.549,-1.546,-1.647
0.00,394,-2.019,-0.494,-1.426
0.00,395,-1.702,4.238,-8.942
0.00,396,-6.699,-2.724,-2.306
0.00,397,4.941,8.038,8.160
0.00,398,4.324,4.589,-7.091
0.00,399,0.802,5.484,-0.836
0.00,400,6.369,0.679,-3.486
0.00,401,-2.297,-2.532,-8.071
0.00,402,-6.132,-5.422,-6.669
0.00,403,7.627,4.930,7.755
0.00,404,-5.032,4.575,-0.083
0.00,405,9.087,-6.050,4.611
0.00,406,-7.857,-9.434,-9.534
0.00,407,-4.317,-6.957,-2.639
0.00,408,-2.936,2.501,8.091
0.00,409,8.363,6.658,-6.536
0.00,410,-6.442,-9.385,-1.793
0.00,411,-9.163,-6.753,-1.575
0.00,412,2.263,-0.518,2.988
0.00,413,0.272,-3.755,-5.074
0.00,414,-8.638,-6.856,-4.132
0.00,415,0.707,-9.453,2.060
0.00,416,-8.448,-0.943,-6.641
0.00,417,-5.065,8.609,-6.256
0.00,418,5.081,5.259,-7.149
0.00,419,-9.579,-9.425,6.332
0.00,420,-6.751,-6.551,7.678
0.00,421,-1.241,9.554,7.960
0.00,422,-2.720,5.785,6.229
0.00,423,-6.211,-4.561,-2.593
0.00,424,1.781,-3.639,-1.952
0.00,425,-5.164,0.892,6.476
0.00,426,-2.265,3.830,-6.966
0.00,427,6.247,8.528,-9.169
0.00,428,9.079,-0.994,4.234
0.00,429,-8.808,4.534,-8.670
0.00,430,6.626,-1.775,8.026
0.00,431,1.362,-2.415,9.615
0.00,432,8.043,-9.688,-0.668
0.00,433,9.605,3.737,3.687
0.00,434,-8.762,1.807,1.540
0.00,435,5.001,3.203,5.712
0.00,436,-0.287,-3.630,-6.648
0.00,437,-7.928,-6.161,7.550
0.00,438,-3.707,-3.301,2.862
0.00,439,4.112,-0.338,-3.825
0.00,440,7.401,2.937,1.895
0.00,441,-4.286,1.341,-5.680
0.00,442,-6.093,-5.159,2.403
0.00,443,4.207,0.430,-9.198
0.00,444,2.843,-5.666,-2.784
0.00,445,-2.464,6.839,1.135
0.00,446,-1.261,-9.657,2.183
0.00,447,0.342,0.567,-1.081
0.00,448,-8.822,3.633,3.606
0.00,449,-4.443,-3.723,3.017
0.00,450,-6.025,8.031,2.419
0.00,451,-1.362,-8.773,-1.257
0.00,452,-5.435,0.617,-0.750
0.00,453,-4.224,3.807,-8.882
0.00,454,2.779,2.909,0.100
0.00,455,-7.008,7.679,-4.316
0.00,456,1.367,2.346,7.679
0.00,457,7.463,1.917,4.393
0.00,458,-1.952,-0.969,-8.825
0.00,459,-9.670,-5.678,6.430
0.00,460,5.009,9.506,-3.493
0.00,461,0.356,-9.661,-2.679
0.00,462,-3.061,-9.383,7.925
0.00,463,6.163,5.004,-7.977
0.00,464,-1.352,6.741,-1.758
0.00,465,-8.181,8.038,-1.107
0.00,466,1.495,0.239,-9.308
0.00,467,-1.606,8.785,2.130
0.00,468,-9.150,2.692,4.745
0.00,469,-2.094,-0.464,4.167
0.00,470,-0.446,-3.440,-5.549
0.00,471,-4.995,-4.792,-2.610
0.00,472,3.498,-9.015,-8.529
0.00,473,-5.638,2.543,-9.327
0.00,474,-8.624,0.306,5.996
0.00,475,-8.037,-8.601,9.260
0.00,476,-1.577,-8.407,8.118
0.00,477,2.317,-4.432,-4.404
0.00,478,-7.536,-0.478,-4.941
0.00,479,5.686,6.729,2.269
0.00,480,-5.796,7.078,7.762
0.00,481,-5.194,3.021,0.851
0.00,482,0.708,3.933,0.154
0.00,483,8.247,-4.522,-5.268
0.00,484,-4.413,-7.245,0.726
0.00,485,8.296,-8.574,5.821
0.00,486,-7.105,-1.845,-1.113
0.00,487,6.361,4.941,5.622
0.00,488,-8.416,3.183,-1.044
0.00,489,8.926,-9.429,8.789
0.00,490,7.492,-7.530,-9.505
0.00,491,-9.377,-7.771,-6.527
0.00,492,6.488,4.628,-5.676
0.00,493,-0.795,-5.546,-4.965
0.00,494,7.976,0.202,3.203
0.00,495,-7.527,-9.310,-9.001
0.00,496,-7.399,-3.563,0.848
0.00,497,-5.893,8.585,-1.955
0.00,498,3.424,9.584,-2.723
0.00,499,6.349,3.908,-7.112
0.00,500,5.404,5.138,-8.586
0.00,501,6.229,6.538,0.117
0.00,502,4.598,-8.866,7.796
0.00,503,-7.901,-3.463,-2.300
0.00,504,-1.069,4.526,-2.108
0.00,505,3.651,-3.684,4.225
0.00,506,0.215,0.681,-0.833
0.00,507,4.293,0.175,2.221
0.00,508,0.499,-6.506,-3.657
0.00,509,9.022,0.021,-2.652
0.00,510,-3.830,1.956,-2.976
0.00,511,-7.710,-8.634,-5.199
0.00,512,5.458,-6.969,-4.691
0.00,513,5.481,-4.484,-1.504
0.00,514,5.165,5.834,1.469
0.00,515,-8.460,5.789,-0.763
0.00,516,-9.241,9.315,3.171
0.00,517,0.302,-9.713,5.135
0.00,518,2.237,-3.021,5.855
0.00,519,7.560,1.746,-7.250
0.00,520,-2.864,-5.394,-5.548
0.00,521,-8.977,-7.266,-3.924
0.00,522,1.929,-2.798,-2.908
0.00,523,-4.952,6.962,-8.911
0.00,524,0.192,-3.839,-8.698
0.00,525,-6.205,-0.377,7.231
0.00,526,-4.833,-2.824,3.598
0.00,527,5.054,5.741,7.083
0.00,528,9.702,-3.103,-5.034
0.00,529,1.999,3.155,3.611
0.00,530,-3.540,-6.594,2.405
0.00,531,-3.872,2.350,6.345
0.00,532,1.258,-2.781,4.629
0.00,533,7.753,-6.335,-7.849
0.00,534,4.988,-1.058,4.415
0.00,535,1.176,6.317,8.375
0.00,536,-3.139,1.494,9.294
0.00,537,5.000,-6.862,-6.167
0.00,538,6.174,4.680,-5.793
0.00,539,0.368,4.461,5.275
0.00,540,-1.266,-3.713,-3.248
0.00,541,4.207,-1.823,-1.578
0.00,542,7.228,4.696,-7.642
0.00,543,9.411,-3.358,0.976
0.00,544,-7.282,-3.817,2.408
0.00,545,-7.118,1.575,6.251
0.00,546,0.626,5.120,-2.360
0.00,547,4.546,-8.530,3.255
0.00,548,-6.534,-7.761,-3.738
0.00,549,-4.545,2.563,1.689
0.00,550,9.135,-7.692,-3.791
0.00,551,-1.207,7.755,2.633
0.00,552,-5.587,0.733,-1.301
0.00,553,-5.279,-1.485,-2.273
0.00,554,9.080,-2.460,-4.993
0.00,555,-9.516,2.771,1.237
0.00,556,-0.768,-8.056,5.145
0.00,557,2.593,1.121,-1.994
0.00,558,2.338,6.808,1.160
0.00,559,-3.113,6.357,-1.833
0.00,560,1.347,4.777,-8.119
0.00,561,1.952,7.500,-8.880
0.00,562,6.962,-4.593,7.269
0.00,563,-4.200,8.630,-5.336
0.00,564,-8.166,4.977,-9.069
0.00,565,-2.556,-1.948,-3.408
0.00,566,-6.735,-5.797,4.410
0.00,567,-4.496,1.734,-3.396
0.00,568,3.350,-4.776,2.207
0.00,569,-3.403,8.921,-7.175
0.00,570,-8.668,-2.016,5.211
0.00,571,8.147,-4.336,-4.123
0.00,572,7.940,5.653,6.835
0.00,573,7.372,6.894,8.147
0.00,574,1.510,-5.440,6.293
0.00,575,-3.261,-1.873,7.965
0.00,576,-0.069,-2.248,-6.865
0.00,577,-3.049,-1.729,6.326
0.00,578,3.456,5.757,-6.493
0.00,579,6.602,-0.174,0.429
0.00,580,1.883,6.713,-7.843
0.00,581,-6.339,-7.244,-7.369
0.00,582,-5.108,-3.932,-5.031
0.00,583,4.731,4.513,5.429
0.00,584,8.722,-9.281,3.659
0.00,585,9.622,-2.913,-8.083
0.00,586,-2.356,-4.921,0.955
0.00,587,-9.166,-9.049,8.868
0.00,588,-0.625,-8.203,3.821
0.00,589,3.642,-0.159,9.423
0.00,590,3.375,6.036,-2.913
0.00,591,6.831,-6.647,1.151
0.00,592,8.619,6.923,0.881
0.00,593,-2.180,-4.385,5.117
0.00,594,-0.234,5.811,0.272
0.00,595,2.114,-0.531,-0.356
0.00,596,-6.874,8.024,-9.620
0.00,597,-2.636,3.125,5.702
0.00,598,-8.683,-7.806,-2.651
0.00,599,0.941,6.303,-6.331
0.00,600,8.104,6.201,-3.880
0.00,601,4.802,-8.899,7.133
0.00,602,-6.374,-9.108,-0.943
0.00,603,-4.511,3.019,-2.764
0.00,604,9.183,0.577,-7.919
0.00,605,-8.512,-8.098,-2.204
0.00,606,9.141,-0.143,-5.220
0.00,607,-1.481,-6.747,-5.453
0.00,608,8.213,3.048,-4.612
0.00,609,-8.335,-3.270,7.541
0.00,610,-5.345,-0.556,8.045
0.00,611,8.815,4.013,-1.042
0.00,612,2.070,-3.678,7.909
0.00,613,1.966,-0.984,4.928
0.00,614,6.866,0.454,0.054
0.00,615,-3.033,7.602,7.793
0.00,616,0.516,-0.943,7.018
0.00,617,1.064,-0.314,-2.517
0.00,618,-8.673,0.646,5.406
0.00,619,1.002,-1.024,8.881
0.00,620,-4.319,0.440,6.820
0.00,621,4.127,-3.354,-7.916
0.00,622,-8.107,-1.266,2.288
0.00,623,1.070,-6.341,-3.099
0.00,624,2.512,8.501,-9.749
0.00,625,1.240,-2.931,9.614
0.00,626,5.814,-6.129,-9.171
0.00,627,6.204,-2.594,7.190
0.00,628,-8.029,1.405,-1.048
0.00,629,-6.266,-8.213,9.348
0.00,630,-2.560,-4.499,5.518
0.00,631,0.688,-5.742,-3.285
0.00,632,-4.195,5.704,1.089
0.00,633,-8.141,-2.646,7.004
0.00,634,-0.893,9.416,-9.554
0.00,635,7.950,-2.967,-7.178
0.00,636,8.946,1.387,-6.785
0.00,637,-0.297,8.127,-7.514
0.00,638,3.848,0.374,5.138
0.00,639,-6.018,3.174,5.923
0.00,640,-3.042,3.330,-0.120
0.00,641,-3.742,-1.496,7.590
0.00,642,5.613,8.360,7.752
0.00,643,7.167,9.012,4.858
0.00,644,8.561,0.326,-6.884
0.00,645,6.494,-2.335,-8.952
0.00,646,0.106,-0.200,-9.100
0.00,647,4.225,-0.332,-7.042
0.00,648,-0.949,4.296,-1.843
0.00,649,1.800,4.743,-6.195
0.00,650,-0.152,3.460,3.027
0.00,651,8.726,7.705,-4.543
0.00,652,-3.317,-3.719,-4.309
0.00,653,-2.345,-4.041,6.630
0.00,654,-2.626,-5.904,-0.917
0.00,655,7.200,-3.073,1.571
0.00,656,1.944,-7.943,5.159
0.00,657,-7.672,-0.849,2.259
0.00,658,1.360,2.871,-7.594
0.00,659,5.317,0.769,-4.261
0.00,660,8.215,-4.622,2.199
0.00,661,-6.293,-0.307,-8.107
0.00,662,8.951,0.490,-4.780
0.00,663,3.131,1.521,-3.426
0.00,664,7.122,1.450,7.480
0.00,665,-1.774,4.221,4.059
0.00,666,-4.594,7.761,-2.801
0.00,667,-5.376,8.729,9.317
0.00,668,6.246,7.692,3.364
0.00,669,1.108,-4.581,-2.763
0.00,670,-6.010,-9.298,8.576
0.00,671,4.610,2.359,-1.251
0.00,672,6.997,-3.400,-1.725
0.00,673,8.199,-7.326,-8.562
0.00,674,-1.072,6.343,-4.824
0.00,675,-9.071,-8.197,-7.012
0.00,676,3.936,9.261,-2.706
0.00,677,6.179,-4.482,-0.098
0.00,678,-0.353,-4.084,3.667
0.00,679,4.776,6.297,-7.252
0.00,680,-4.698,3.322,-5.376
0.00,681,-4.354,-8.072,-4.243
0.00,682,-1.983,5.935,2.727
0.00,683,7.628,7.305,1.020
0.00,684,4.620,-3.672,0.901
0.00,685,-8.624,-1.251,1.783
0.00,686,-3.814,-4.047,-6.168
0.00,687,3.430,5.085,9.548
0.00,688,8.123,5.733,-2.103
0.00,689,7.412,3.235,-7.608
0.00,690,-5.974,-6.875,-2.319
0.00,691,-8.607,2.213,-2.758
0.00,692,-7.366,-2.314,9.447
0.00,693,5.223,6.453,1.116
0.00,694,-6.396,9.587,4.408
0.00,695,-8.992,1.646,-0.639
0.00,696,-7.745,-0.479,5.625
0.00,697,-4.428,-2.394,-0.303
0.00,698,-4.160,6.549,-9.173
0.00,699,-2.677,7.848,-6.839
0.00,700,-4.616,-0.377,8.199
0.00,701,4.416,-6.133,4.365
0.00,702,-6.654,7.331,4.556
0.00,703,-2.454,-3.453,8.433
0.00,704,0.010,4.948,-2.295
0.00,705,4.666,7.081,8.730
0.00,706,1.217,-6.481,-2.038
0.00,707,-8.643,8.933,-4.881
0.00,708,6.562,-1.431,7.914
0.00,709,3.227,1.578,-6.801
0.00,710,9.437,-7.531,-1.398
0.00,711,1.676,8.208,0.850
0.00,712,9.691,-6.348,-7.775
0.00,713,-8.353,-3.886,-8.539
0.00,714,6.302,-3.914,8.070
0.00,715,-4.234,-7.032,5.505
0.00,716,-9.172,2.592,9.474
0.00,717,-8.140,-9.126,5.431
0.00,718,7.829,6.412,-4.516
0.00,719,1.714,-5.329,1.205
0.00,720,0.543,5.132,1.900
0.00,721,7.009,7.652,0.352
0.00,722,-9.183,-8.282,-1.670
0.00,723,7.519,0.113,-6.266
0.00,724,-0.240,4.985,5.042
0.00,725,1.787,5.287,-6.498
0.00,726,3.137,-1.361,-7.914
0.00,727,0.793,-6.776,3.837
0.00,728,-7.208,-7.152,4.526
0.00,729,-7.232,7.483,9.406
0.00,730,-4.411,8.267,0.481
0.00,731,-6.675,-3.665,9.455
0.00,732,4.872,2.324,0.244
0.00,733,-1.366,-0.542,-3.345
0.00,734,1.424,7.752,5.507
0.00,735,6.944,-4.668,6.721
0.00,736,-7.253,4.996,-6.046
0.00,737,7.647,-0.446,9.032
0.00,738,-1.553,-8.586,5.295
0.00,739,6.625,9.222,8.389
0.00,740,-2.881,8.767,-7.187
0.00,741,-1.558,-5.582,0.410
0.00,742,7.517,-5.716,7.262
0.00,743,-3.600,-9.553,0.672
0.00,744,-1.335,1.673,8.006
0.00,745,2.315,0.231,9.233
0.00,746,-5.573,-2.785,-8.990
0.00,747,8.389,-5.629,1.749
0.00,748,-5.110,5.568,-3.690
0.00,749,-2.363,-3.060,-3.034
0.00,750,-2.783,3.021,2.630
0.00,751,-9.067,9.406,5.842
0.00,752,-0.387,-8.084,6.218
0.00,753,6.052,-2.642,2.585
0.00,754,-0.166,0.546,5.950
0.00,755,-3.615,-0.758,-4.718
0.00,756,3.104,-6.549,7.533
0.00,757,4.519,5.421,-6.611
0.00,758,3.427,6.395,9.471
0.00,759,-6.205,-7.892,-7.373
0.00,760,8.591,-4.741,-0.546
0.00,761,-4.020,8.501,-9.014
0.00,762,6.712,1.746,-0.515
0.00,763,7.607,-4.305,-1.914
0.00,764,-0.728,2.435,-6.710
0.00,765,6.508,-7.622,4.802
0.00,766,4.439,-2.271,4.445
0.00,767,-0.900,-0.310,-4.631
0.00,768,-7.852,2.402,-5.126
0.00,769,7.494,1.650,-1.092
0.00,770,1.629,-7.478,-3.201
0.00,771,6.655,1.999,3.767
0.00,772,-1.501,7.365,-5.280
0.00,773,-4.235,7.604,-9.060
0.00,774,-6.011,-5.175,3.235
0.00,775,3.455,3.653,3.266
0.00,776,-5.192,0.405,4.466
0.00,777,-6.466,-6.333,0.698
0.00,778,3.283,6.238,-4.124
0.00,779,-1.501,7.513,-6.186
0.00,780,4.925,9.029,-0.007
0.00,781,-9.449,7.572,2.977
0.00,782,6.805,-4.068,5.683
0.00,783,8.632,5.735,7.455
0.00,784,1.809,9.391,5.100
0.00,785,5.129,9.657,7.327
0.00,786,9.113,8.049,-3.561
0.00,787,-3.905,4.433,7.673
0.00,788,4.562,-3.712,5.927
0.00,789,-2.899,3.949,0.856
0.00,790,-5.867,6.867,-5.421
0.00,791,1.892,-8.405,1.286
0.00,792,0.844,3.405,-0.391
0.00,793,-6.443,-1.861,9.496
0.00,794,-6.883,0.314,8.999
0.00,795,7.168,1.992,-1.147
0.00,796,6.706,7.000,8.548
0.00,797,6.178,8.358,-1.360
0.00,798,-2.435,-3.259,-9.640
0.00,799,-2.096,2.153,-6.544
0.00,800,-1.511,-3.663,9.564
0.00,801,1.560,2.267,-4.470
0.00,802,-5.492,-8.514,3.567
0.00,803,1.570,-5.263,2.988
0.00,804,-5.928,-7.268,-8.252
0.00,805,8.138,4.377,-7.247
0.00,806,4.057,-2.881,9.520
0.00,807,-5.463,-8.640,7.978
0.00,808,-3.699,-0.968,-4.440
0.00,809,6.209,-4.196,-7.434
0.00,810,1.292,-2.730,1.755
0.00,811,6.039,8.829,9.204
0.00,812,3.585,1.062,1.092
0.00,813,-7.947,-8.921,9.518
0.00,814,-5.533,8.041,-9.611
0.00,815,4.164,-8.740,7.704
0.00,816,-8.431,2.342,-8.428
0.00,817,-4.016,-6.283,2.840
0.00,818,9.213,-9.659,-5.206
0.00,819,-0.605,4.138,8.690
0.00,820,-8.532,-8.819,5.361
0.00,821,0.098,2.467,-4.507
0.00,822,-8.418,7.122,-8.471
0.00,823,-4.717,5.837,-3.875
0.00,824,6.028,8.001,-2.141
0.00,825,-7.667,7.202,3.058
0.00,826,-1.587,3.987,4.976
0.00,827,3.629,-6.432,-7.671
0.00,828,-6.172,6.302,-7.506
0.00,829,3.684,4.199,-5.655
0.00,830,-4.936,-0.515,-1.355
0.00,831,2.477,8.677,6.030
0.00,832,5.744,2.780,8.615
0.00,833,-6.835,5.911,-3.626
0.00,834,-4.796,1.256,9.383
0.00,835,2.444,9.248,3.755
0.00,836,6.537,0.934,6.599
0.00,837,1.477,-1.924,-4.211
0.00,838,2.588,4.029,1.496
0.00,839,4.913,6.511,2.644
0.00,840,2.586,-6.718,7.236
0.00,841,-1.448,6.888,2.341
0.00,842,7.940,4.503,-5.735
0.00,843,5.283,9.704,3.839
0.00,844,-8.634,7.349,-4.570
0.00,845,4.775,2.776,-0.301
0.00,846,8.690,2.155,5.790
0.00,847,5.491,5.402,7.339
0.00,848,-3.362,-4.692,-9.320
0.00,849,-0.432,-7.659,-3.852
0.00,850,1.975,3.087,5.235
0.00,851,-8.976,5.129,2.338
0.00,852,4.207,9.045,9.631
0.00,853,8.420,-5.592,-2.437
0.00,854,-7.853,-0.690,1.931
0.00,855,2.574,-6.864,4.890
0.00,856,-2.890,-0.987,-5.027
0.00,857,-2.277,-0.317,-1.619
0.00,858,4.712,7.968,-2.450
0.00,859,-2.090,0.907,0.949
0.00,860,-9.597,-0.125,-0.618
0.00,861,-5.913,-2.170,4.505
0.00,862,1.427,0.852,2.827
0.00,863,-0.183,2.345,-9.350
0.00,864,3.511,-5.868,-3.662
0.00,865,-8.911,-2.086,-3.112
0.00,866,-2.269,1.438,3.070
0.00,867,-3.450,-7.592,4.464
0.00,868,5.245,-3.486,9.551
0.00,869,-5.636,7.699,9.613
0.00,870,-7.825,8.332,4.400
0.00,871,6.881,-7.840,7.010
0.00,872,-6.548,8.484,0.479
0.00,873,-9.457,2.878,7.445
0.00,874,-9.382,1.461,-9.736
0.00,875,-4.911,-1.284,-2.922
0.00,876,-3.488,1.310,8.409
0.00,877,-0.825,3.510,8.598
0.00,878,3.381,4.863,-7.966
0.00,879,5.358,5.369,2.586
0.00,880,0.069,-3.180,-5.242
0.00,881,7.378,3.069,0.859
0.00,882,-5.987,0.002,-0.819
0.00,883,6.499,-7.703,-9.640
0.00,884,7.501,-3.338,-3.137
0.00,885,-1.524,4.975,-3.385
0.00,886,3.554,-4.422,-2.009
0.00,887,1.625,-4.650,-0.548
0.00,888,7.353,-5.621,-2.036
0.00,889,-9.184,-8.876,-4.771
0.00,890,-8.469,-6.023,-8.101
0.00,891,-0.922,4.973,3.692
0.00,892,-8.019,8.826,-0.957
0.00,893,-7.845,-1.631,1.053
0.00,894,-3.929,-0.276,2.934
0.00,895,-8.095,4.997,3.729
0.00,896,7.380,1.749,7.496
0.00,897,-0.847,1.773,-8.896
0.00,898,5.821,-3.943,-7.864
0.00,899,8.874,7.337,-1.631
0.00,900,-8.152,-1.147,-8.761
0.00,901,4.191,7.617,3.944
0.00,902,-1.389,1.123,1.254
0.00,903,1.393,-6.593,3.169
0.00,904,-8.247,-0.908,-9.600
0.00,905,3.566,-7.440,0.027
0.00,906,8.630,-5.053,8.843
0.00,907,2.616,-5.596,8.816
0.00,908,6.669,-2.283,8.546
0.00,909,4.001,-7.440,0.895
0.00,910,4.462,-6.097,-7.924
0.00,911,-5.732,3.860,-7.853
0.00,912,4.924,3.025,-2.684
0.00,913,2.782,-0.912,4.117
0.00,914,-1.058,3.900,4.832
0.00,915,6.138,2.572,-5.053
0.00,916,-5.952,5.486,2.059
0.00,917,-6.873,-4.762,-5.655
0.00,918,1.066,4.023,-7.837
0.00,919,-7.471,-0.106,-1.083
0.00,920,8.234,2.515,5.023
0.00,921,3.904,-1.876,8.973
0.00,922,-1.123,0.874,2.334
0.00,923,-2.130,6.834,-8.390
0.00,924,-3.277,3.501,-8.280
0.00,925,6.040,9.268,4.498
0.00,926,-7.606,7.225,-8.948
0.00,927,-2.610,8.145,-3.788
0.00,928,-5.221,-3.203,5.934
0.00,929,8.291,-1.309,1.095
0.00,930,2.212,-8.691,-6.282
0.00,931,-6.163,9.527,-7.699
0.00,932,-3.326,-3.384,-5.122
0.00,933,6.700,-2.658,3.535
0.00,934,-0.713,-2.633,5.397
0.00,935,7.535,5.005,-2.508
0.00,936,-7.362,3.447,2.573
0.00,937,-0.831,-8.217,-3.316
0.00,938,0.179,4.580,6.686
0.00,939,6.667,-0.416,-5.575
0.00,940,-2.443,-5.631,-5.040
0.00,941,-1.818,2.878,-7.417
0.00,942,7.399,9.245,-3.338
0.00,943,2.263,5.406,-5.434
0.00,944,1.838,9.010,-9.697
0.00,945,6.437,4.640,-7.254
0.00,946,-2.729,-0.099,2.068
0.00,947,-8.560,1.995,4.166
0.00,948,6.042,8.063,-7.726
0.00,949,-1.149,8.223,-4.105
0.00,950,1.152,-4.878,2.814
0.00,951,1.240,8.734,-4.200
0.00,952,-6.364,-8.077,-3.756
0.00,953,3.621,6.540,0.978
0.00,954,1.415,-1.511,-7.988
0.00,955,-7.118,-2.373,5.641
0.00,956,-3.995,7.075,-5.874
0.00,957,8.504,-9.279,6.332
0.00,958,-3.048,-5.293,-0.865
0.00,959,-9.599,2.778,-0.653
0.00,960,-9.716,3.344,-6.080
0.00,961,9.513,8.926,1.299
0.00,962,2.010,6.959,1.879
0.00,963,-2.053,-8.119,-5.962
0.00,964,-0.000,-0.367,-9.667
0.00,965,7.305,9.246,-3.537
0.00,966,8.904,-0.158,5.536
0.00,967,-6.010,9.669,9.482
0.00,968,3.230,-5.927,3.525
0.00,969,-0.299,4.667,-7.295
0.00,970,7.967,1.660,8.359
0.00,971,8.632,-3.475,-0.519
0.00,972,1.326,-3.217,-3.431
0.00,973,-5.618,6.672,-5.242
0.00,974,9.718,-4.232,4.085
0.00,975,7.189,-6.066,-4.981
0.00,976,7.168,6.284,-0.997
0.00,977,0.649,-0.027,-8.662
0.00,978,-0.806,-5.732,8.717
0.00,979,-8.324,-0.178,9.080
0.00,980,-2.763,6.274,-3.997
0.00,981,-9.728,-4.479,5.416
0.00,982,-7.645,-5.651,7.544
0.00,983,5.118,-3.323,5.566
0.00,984,-8.205,-9.594,2.536
0.00,985,5.560,2.547,-6.668
0.00,986,6.431,-8.151,8.636
0.00,987,6.794,-9.522,-4.921
0.00,988,8.329,-7.069,7.828
0.00,989,3.788,8.307,-3.596
0.00,990,9.589,-7.247,4.059
0.00,991,-5.396,3.090,8.482
0.00,992,-5.902,-3.050,4.435
0.00,993,7.524,-1.060,-9.059
0.00,994,0.969,-2.262,3.972
0.00,995,4.673,1.879,7.679
0.00,996,3.968,3.628,-8.712
0.00,997,7.520,1.600,-4.143
0.00,998,-6.439,3.265,-1.888
0.00,999,1.058,2.289,-6.237
0.00,1000,-1.056,-2.118,-8.291
0.00,1001,7.361,6.659,5.746
0.00,1002,9.385,7.883,2.979
0.00,1003,-1.449,-9.244,-7.217
0.00,1004,0.490,5.775,-6.196
0.00,1005,2.509,0.428,-7.868
0.00,1006,-9.080,7.809,-3.143
0.00,1007,-1.135,6.883,-5.821
0.00,1008,6.978,-8.558,-2.294
0.00,1009,-3.478,-1.808,8.989
0.00,1010,-2.884,5.448,-2.502
0.00,1011,1.637,3.995,-0.006
0.00,1012,8.667,-0.794,0.387
0.00,1013,-2.517,-7.386,-3.718
0.00,1014,-5.694,-0.393,-2.262
0.00,1015,2.167,-2.978,-9.334
0.00,1016,-5.118,-8.142,2.382
0.00,1017,9.420,0.841,0.045
0.00,1018,-0.257,-4.857,-5.109
0.00,1019,6.083,9.282,4.650
0.00,1020,7.903,1.323,4.517
0.00,1021,3.780,0.219,2.598
0.00,1022,7.816,-1.708,0.485
0.00,1023,-9.142,0.233,6.950
0.00,1024,6.745,5.498,2.066
0.00,1025,2.646,1.791,-6.637
0.00,1026,5.787,-3.802,-7.415
0.00,1027,-9.006,-3.631,-3.084
0.00,1028,-3.668,-2.831,-6.116
0.00,1029,-3.659,-5.410,4.149
0.00,1030,-6.558,1.241,4.585
0.00,1031,5.397,-8.436,-2.197
0.00,1032,-1.670,0.099,0.452
0.00,1033,-6.387,4.553,-5.230
0.00,1034,7.249,3.080,6.838
0.00,1035,-7.939,5.983,-8.995
0.00,1036,-1.779,-0.077,7.733
0.00,1037,6.230,5.353,-6.335
0.00,1038,-1.094,-0.476,6.145
0.00,1039,3.361,-6.511,-2.901
0.00,1040,3.423,-6.347,-2.436
0.00,1041,-7.035,-8.251,8.717
0.00,1042,4.511,6.416,4.472
0.00,1043,7.323,-2.605,7.756
0.00,1044,2.124,9.245,9.541
0.00,1045,3.904,-8.019,4.645
0.00,1046,1.845,-7.460,4.208
0.00,1047,5.299,-2.265,-5.075
0.00,1048,1.470,0.401,-5.467
0.00,1049,2.779,9.355,3.204
0.00,1050,7.596,9.314,0.269
0.00,1051,-6.152,-9.531,-8.949
0.00,1052,-1.102,3.124,7.592
0.00,1053,1.068,-8.803,-2.497
0.00,1054,8.619,5.791,0.664
0.00,1055,4.558,0.181,6.222
0.00,1056,2.618,-2.476,6.080
0.00,1057,2.595,5.877,-9.073
0.00,1058,-2.824,-9.705,-9.601
0.00,1059,2.622,4.369,-3.995
0.00,1060,-3.258,6.969,-0.926
0.00,1061,-6.437,5.597,-9.724
0.00,1062,4.702,1.774,8.601
0.00,1063,6.087,-4.822,4.639
0.00,1064,-3.020,6.786,-7.410
0.00,1065,6.764,4.110,7.713
0.00,1066,3.485,-4.773,-6.698
0.00,1067,-1.591,-5.940,-2.678
0.00,1068,2.021,-8.649,9.210
0.00,1069,-9.057,8.682,3.559
0.00,1070,6.685,7.228,6.410
0.00,1071,5.263,4.995,-2.708
0.00,1072,1.708,-5.872,5.577
0.00,1073,-7.085,0.379,7.726
0.00,1074,4.711,8.578,5.459
0.00,1075,6.145,2.950,2.844
0.00,1076,3.377,0.550,0.595
0.00,1077,2.584,-4.547,-7.179
0.00,1078,4.484,-9.490,-6.062
0.00,1079,5.880,-7.489,6.283
0.00,1080,-2.276,-0.455,-3.584
0.00,1081,-0.247,-4.380,4.039
0.00,1082,-6.000,-9.115,4.997
0.00,1083,4.453,-9.720,-9.199
0.00,1084,0.302,6.591,3.464
0.00,1085,2.823,5.102,0.201
0.00,1086,-8.421,-8.819,-6.287
0.00,1087,-7.007,1.905,-6.584
0.00,1088,-2.806,-9.521,-7.826
0.00,1089,-1.232,4.846,0.830
0.00,1090,9.164,-6.262,-0.036
0.00,1091,7.848,7.820,1.908
0.00,1092,-7.865,-6.665,-5.996
0.00,1093,-1.926,-0.932,0.632
0.00,1094,-0.476,4.691,-4.180
0.00,1095,-5.387,7.143,4.107
0.00,1096,5.517,-7.580,7.445
0.00,1097,-2.230,3.686,5.256
0.00,1098,1.510,-8.102,6.792
0.00,1099,7.708,-1.961,-1.326
0.00,1100,8.778,3.717,9.286
0.00,1101,-1.778,4.934,-0.429
0.00,1102,0.658,-7.680,3.664
0.00,1103,5.411,-8.174,2.836
0.00,1104,-9.088,9.008,-5.044
0.00,1105,3.611,-0.936,0.516
0.00,1106,-3.089,3.528,5.103
0.00,1107,-0.362,8.660,6.081
0.00,1108,1.704,-8.644,-0.889
0.00,1109,0.483,-3.224,-4.482
0.00,1110,-3.721,8.683,1.018
0.00,1111,7.625,-4.407,1.886
0.00,1112,3.844,7.419,6.907
0.00,1113,2.398,-6.125,-8.660
0.00,1114,6.069,-7.659,-2.606
0.00,1115,1.029,-5.745,5.723
0.00,1116,-5.936,4.716,-9.533
0.00,1117,4.015,-7.222,-7.723
0.00,1118,3.528,4.513,1.799
0.00,1119,6.858,0.435,-2.420
0.00,1120,-0.593,0.173,-6.900
0.00,1121,4.137,-5.506,8.349
0.00,1122,-4.806,-3.023,-4.169
0.00,1123,8.308,2.231,-4.261
0.00,1124,0.909,7.106,5.301
0.00,1125,-6.430,5.673,-6.650
0.00,1126,0.611,0.881,6.846
0.00,1127,3.736,4.579,-3.147
0.00,1128,-4.137,-8.492,-5.416
0.00,1129,4.742,2.545,-7.062
0.00,1130,-8.753,5.672,5.960
0.00,1131,9.718,-1.816,-6.794
0.00,1132,1.141,8.393,-0.046
0.00,1133,7.308,5.530,-4.745
0.00,1134,1.620,-6.888,-3.504
0.00,1135,-8.088,8.848,4.932
0.00,1136,7.907,4.985,3.764
0.00,1137,3.953,-0.213,0.225
0.00,1138,-6.278,8.535,1.031
0.00,1139,4.535,7.468,1.243
0.00,1140,-6.914,-7.371,5.168
0.00,1141,3.930,-4.830,-4.975
0.00,1142,-0.160,5.886,5.343
0.00,1143,3.110,0.309,7.216
0.00,1144,1.950,9.492,2.152
0.00,1145,-3.801,8.419,4.054
0.00,1146,-4.396,-6.028,8.055
0.00,1147,-6.854,-8.705,7.851
0.00,1148,-7.213,-4.423,-7.577
0.00,1149,2.095,-1.810,-0.401
0.00,1150,-6.560,4.967,-5.014
0.00,1151,0.516,8.383,8.166
0.00,1152,5.742,-4.811,9.284
0.00,1153,-6.173,-4.421,-4.861
0.00,1154,-7.817,-3.781,2.398
0.00,1155,-4.471,9.051,-0.848
0.00,1156,0.547,6.685,6.727
0.00,1157,-4.304,4.785,-0.612
0.00,1158,-1.663,1.657,-0.999
0.00,1159,3.483,7.514,-5.763
0.00,1160,-8.189,-3.897,2.364
0.00,1161,-2.879,-8.103,4.010
0.00,1162,6.011,-6.957,5.919
0.00,1163,4.293,6.822,-2.917
0.00,1164,-5.165,-5.348,-7.933
0.00,1165,-1.926,-3.339,-6.089
0.00,1166,1.456,-4.172,2.878
0.00,1167,5.077,-0.043,1.103
0.00,1168,6.605,-5.134,-8.384
0.00,1169,3.132,7.949,6.017
0.00,1170,8.791,1.210,-7.794
0.00,1171,0.722,8.938,-9.278
0.00,1172,-3.413,-5.270,1.052
0.00,1173,1.344,-0.025,4.518
0.00,1174,-4.126,0.839,0.362
0.00,1175,0.480,5.551,-7.791
0.00,1176,8.395,2.864,-5.798
0.00,1177,7.214,-4.289,-1.877
0.00,1178,-6.341,-6.584,8.155
0.00,1179,4.948,2.335,-5.936
0.00,1180,-1.472,9.397,3.438
0.00,1181,8.367,8.196,-1.266
0.00,1182,3.071,3.883,-0.950
0.00,1183,-3.600,7.358,1.834
0.00,1184,-8.179,-4.348,-0.279
0.00,1185,-6.689,-3.314,-3.670
0.00,1186,0.588,8.900,5.350
0.00,1187,7.194,6.992,-6.858
0.00,1188,-0.298,-0.013,-9.438
0.00,1189,-8.491,-5.615,-4.539
0.00,1190,-0.046,2.432,6.759
0.00,1191,7.530,3.335,6.274
0.00,1192,0.530,-5.568,2.116
0.00,1193,-0.017,-8.233,-7.846
0.00,1194,-2.818,3.333,1.054
0.00,1195,8.456,-8.184,5.037
0.00,1196,9.639,1.638,-1.456
0.00,1197,-6.915,-7.658,-3.112
0.00,1198,-6.130,8.622,9.110
0.00,1199,-5.296,5.665,-7.987
0.00,1200,4.942,-0.509,-2.424
0.00,1201,-0.109,-5.338,-7.050
0.00,1202,8.197,6.742,-0.024
0.00,1203,-4.331,9.548,8.236
0.00,1204,7.509,7.115,-1.170
0.00,1205,-4.831,-1.886,-0.462
0.00,1206,2.543,9.703,-1.609
0.00,1207,1.639,9.653,6.808
0.00,1208,-5.208,-2.173,-6.407
0.00,1209,6.028,-2.423,0.143
0.00,1210,1.464,1.161,-0.653
0.00,1211,5.804,-1.484,-6.967
0.00,1212,-5.356,-7.799,-3.414
0.00,1213,-4.022,2.367,-6.568
0.00,1214,-5.783,-3.423,-7.791
0.00,1215,5.055,2.389,-6.880
0.00,1216,7.163,3.932,-5.467
0.00,1217,7.674,5.118,-9.146
0.00,1218,6.306,7.253,2.802
0.00,1219,6.557,1.515,-1.178
0.00,1220,6.781,-3.524,-7.363
0.00,1221,1.113,6.198,-2.965
0.00,1222,0.375,-7.456,-6.322
0.00,1223,-8.797,6.666,-0.761
0.00,1224,7.269,8.283,-1.366
0.00,1225,8.592,9.606,-2.161
0.00,1226,5.461,-8.826,1.987
0.00,1227,7.294,7.595,3.160
0.00,1228,3.736,-5.333,7.997
0.00,1229,-5.302,1.358,5.812
0.00,1230,-2.843,3.657,1.418
0.00,1231,-8.968,-7.077,-6.569
0.00,1232,5.697,9.681,-4.393
0.00,1233,3.299,0.932,-1.300
0.00,1234,-8.826,-7.201,-5.844
0.00,1235,3.757,-4.200,-1.340
0.00,1236,-9.297,-1.997,-4.061
0.00,1237,-9.091,-0.567,1.146
0.00,1238,5.741,7.331,-2.038
0.00,1239,-9.412,-0.230,-9.053
0.00,1240,2.886,-3.535,1.599
0.00,1241,8.502,-3.376,9.161
0.00,1242,-7.547,-7.578,5.694
0.00,1243,-7.567,-5.415,1.144
0.00,1244,5.252,1.739,8.553
0.00,1245,4.099,6.033,2.025
0.00,1246,-5.390,0.286,-9.067
0.00,1247,-4.294,-2.949,-6.106
0.00,1248,7.375,5.718,-5.751
0.00,1249,-4.384,6.787,-5.038
0.00,1250,-4.971,8.241,1.804
0.00,1251,-9.283,-7.710,-5.637
0.00,1252,5.847,2.298,-3.049
0.00,1253,7.766,-8.464,5.713
0.00,1254,1.433,8.168,8.474
0.00,1255,2.738,3.227,-1.215
0.00,1256,-0.659,2.537,-1.618
0.00,1257,8.954,9.427,-8.808
0.00,1258,-1.193,3.325,4.000
0.00,1259,-3.411,-7.548,-4.875
0.00,1260,-2.457,5.119,-2.819
0.00,1261,1.246,-6.775,5.809
0.00,1262,-3.671,-6.372,7.358
0.00,1263,-9.364,-3.400,-8.034
0.00,1264,8.257,0.824,0.350
0.00,1265,1.109,8.119,7.783
0.00,1266,0.547,-6.611,-1.591
0.00,1267,-0.812,5.976,-7.878
0.00,1268,-5.298,-9.191,-5.947
0.00,1269,-2.988,5.828,3.894
0.00,1270,3.477,-2.927,1.781
0.00,1271,5.899,8.312,3.202
0.00,1272,-0.075,0.948,1.615
0.00,1273,-3.986,2.473,9.280
0.00,1274,1.650,-1.370,-7.482
0.00,1275,6.163,5.294,-8.714
0.00,1276,-1.143,6.928,-0.069
0.00,1277,-4.280,6.452,-5.748
0.00,1278,-2.605,-7.678,-1.004
0.00,1279,-3.537,-1.310,-0.976
0.00,1280,-4.520,5.174,-7.167
0.00,1281,6.708,-7.765,5.968
0.00,1282,2.790,-3.403,1.501
0.00,1283,8.000,-0.686,-3.676
0.00,1284,-3.914,5.682,-2.552
0.00,1285,-9.491,5.865,7.186
0.00,1286,3.498,3.134,-0.004
0.00,1287,5.454,-3.101,-9.188
0.00,1288,0.841,7.244,-3.138
0.00,1289,-4.113,7.655,8.273
0.00,1290,3.374,-1.399,2.709
0.00,1291,5.535,-5.401,0.574
0.00,1292,-8.128,-6.274,-8.693
0.00,1293,3.903,4.061,5.557
0.00,1294,-3.763,2.764,-0.801
0.00,1295,5.824,-7.243,8.614
0.00,1296,3.717,-6.529,-2.715
0.00,1297,1.889,-0.905,-1.830
0.00,1298,2.903,0.361,-2.007
0.00,1299,-8.963,-5.599,5.233
0.00,1300,2.285,4.871,-9.006
0.00,1301,-0.357,2.114,-7.422
0.00,1302,4.594,7.248,6.221
0.00,1303,2.487,-0.949,-4.167
0.00,1304,-6.555,5.604,-2.087
0.00,1305,5.099,2.107,9.050
0.00,1306,8.423,9.631,0.679
0.00,1307,-6.327,-0.197,2.256
0.00,1308,-3.202,-9.471,-2.491
0.00,1309,4.239,3.408,1.968
0.00,1310,0.795,7.148,-9.057
0.00,1311,-0.199,9.500,-8.826
0.00,1312,5.882,-6.298,8.112
0.00,1313,4.420,-2.870,5.335
0.00,1314,-2.562,-4.163,5.585
0.00,1315,2.946,-3.547,7.586
0.00,1316,-1.790,8.417,2.257
0.00,1317,-0.704,-9.160,0.034
0.00,1318,-3.651,7.985,8.235
0.00,1319,-8.515,2.418,7.110
0.00,1320,-7.691,-6.145,-8.714
0.00,1321,2.403,4.401,1.751
0.00,1322,-4.238,8.029,-4.904
0.00,1323,1.457,0.677,-4.315
0.00,1324,-4.122,-5.954,8.098
0.00,1325,-2.257,-7.309,-0.923
0.00,1326,-2.428,-8.169,-4.901
0.00,1327,1.129,0.148,-6.459
0.00,1328,5.305,-7.994,9.574
0.00,1329,-7.115,4.944,-9.302
0.00,1330,3.509,1.809,-8.396
0.00,1331,-9.311,2.625,1.779
0.00,1332,-8.939,-7.672,-5.861
0.00,1333,8.746,2.974,-4.251
0.00,1334,6.213,-4.559,-0.342
0.00,1335,0.750,7.452,-5.480
0.00,1336,-8.999,2.108,-7.101
0.00,1337,3.604,-2.566,7.943
0.00,1338,-1.151,-8.601,7.596
0.00,1339,-0.185,9.491,-5.416
0.00,1340,-5.337,-7.138,-7.513
0.00,1341,7.191,1.220,3.790
0.00,1342,0.435,-5.763,8.635
0.00,1343,7.930,3.153,-4.399
0.00,1344,-2.339,2.075,3.631
0.00,1345,-9.539,-1.656,-7.575
0.00,1346,9.552,1.819,-5.703
0.00,1347,3.710,-7.356,-6.116
0.00,1348,8.082,0.479,-8.031
0.00,1349,8.191,0.400,4.717
0.00,1350,-4.071,-0.963,-0.641
0.00,1351,8.904,-8.596,-8.660
0.00,1352,-7.297,-0.956,-9.645
0.00,1353,-4.167,7.737,-4.525
0.00,1354,-0.353,-9.692,7.179
0.00,1355,0.823,6.374,-6.161
0.00,1356,7.723,-1.743,7.244
0.00,1357,1.491,9.089,-2.374
0.00,1358,-6.197,-6.067,6.988
0.00,1359,-8.214,8.535,-7.942
0.00,1360,3.536,-0.742,5.250
0.00,1361,-4.058,-1.564,0.587
0.00,1362,9.695,-8.750,-3.952
0.00,1363,4.990,9.118,1.037
0.00,1364,5.367,8.768,2.277
0.00,1365,9.221,-7.421,9.673
0.00,1366,7.989,8.826,-1.288
0.00,1367,0.801,8.111,-2.318
0.00,1368,-9.090,4.751,1.243
0.00,1369,-6.428,-0.122,9.013
0.00,1370,-6.357,-3.223,-7.246
0.00,1371,-8.070,-1.746,-5.577
0.00,1372,-1.170,5.943,4.200
0.00,1373,-0.512,-6.713,-2.913
0.00,1374,3.422,-2.681,6.997
0.00,1375,-8.917,7.615,8.305
0.00,1376,2.682,5.546,6.460
0.00,1377,-8.484,-4.825,-2.300
0.00,1378,6.949,2.220,3.900
0.00,1379,5.693,5.534,-8.929
0.00,1380,-7.259,3.823,1.638
0.00,1381,-6.156,3.618,0.481
0.00,1382,5.529,1.958,7.245
0.00,1383,-7.698,-0.545,-6.210
0.00,1384,2.412,-9.158,6.120
0.00,1385,-6.686,-8.330,-4.982
0.00,1386,5.583,-7.010,-5.432
0.00,1387,-0.026,0.069,-1.434
0.00,1388,5.180,3.033,-1.186
0.00,1389,-8.014,-1.034,-8.824
0.00,1390,-3.731,8.081,7.114
0.00,1391,0.329,-6.578,7.352
0.00,1392,-2.265,5.855,-6.488
0.00,1393,-1.808,-2.076,6.614
0.00,1394,4.055,-5.350,5.025
0.00,1395,1.235,-9.319,0.503
0.00,1396,-1.093,-2.913,-1.514
0.00,1397,-1.011,3.306,1.283
0.00,1398,5.620,-6.033,-0.446
0.00,1399,6.814,6.162,-8.755
0.00,1400,0.066,-8.945,0.072
0.00,1401,0.334,-2.858,5.021
0.00,1402,2.292,-1.245,9.654
0.00,1403,-1.207,2.020,1.801
0.00,1404,-7.636,-1.785,-9.016
0.00,1405,6.513,-0.345,1.808
0.00,1406,-5.658,-8.462,0.050
0.00,1407,-2.422,-5.755,6.164
0.00,1408,-8.727,3.561,-3.099
0.00,1409,-5.292,-0.343,8.392
0.00,1410,1.488,0.774,5.887
0.00,1411,-0.695,6.624,-1.587
0.00,1412,-8.762,8.154,7.728
0.00,1413,6.988,1.549,-0.768
0.00,1414,5.648,1.096,4.527
0.00,1415,4.342,6.293,-8.602
0.00,1416,0.413,-0.627,6.949
0.00,1417,-7.441,4.073,-0.257
0.00,1418,-5.376,-3.310,1.960
0.00,1419,7.965,1.019,-5.731
0.00,1420,-6.993,-5.824,3.788
0.00,1421,-1.618,0.775,-8.722
0.00,1422,1.332,-0.764,-5.888
0.00,1423,-6.730,-6.950,-0.895
0.00,1424,0.382,0.597,5.046
0.00,1425,-6.518,-5.050,-4.003
0.00,1426,-6.455,-3.932,0.366
0.00,1427,1.412,-0.391,2.803
0.00,1428,-1.797,1.210,-7.283
0.00,1429,5.185,-4.258,5.932
0.00,1430,-5.698,-7.330,-1.033
0.00,1431,2.000,1.260,-6.769
0.00,1432,-4.463,-1.808,-3.655
0.00,1433,-7.403,-8.722,6.978
0.00,1434,-7.403,2.285,1.663
0.00,1435,-4.148,6.656,4.217
0.00,1436,3.066,-3.428,5.036
0.00,1437,-6.734,2.875,-9.493
0.00,1438,-5.111,7.222,-6.002
0.00,1439,8.944,7.665,-9.236
0.00,1440,-4.682,5.477,3.797
0.00,1441,5.657,-5.654,3.216
0.00,1442,-7.830,5.462,-7.245
0.00,1443,3.629,-2.559,5.907
0.00,1444,3.235,0.428,-6.097
0.00,1445,5.030,0.666,-1.924
0.00,1446,-5.408,6.821,3.447
0.00,1447,-1.188,-3.417,-3.598
0.00,1448,-7.742,-3.895,-1.966
0.00,1449,0.926,-3.391,-7.283
0.00,1450,-3.582,-7.508,-0.498
0.00,1451,-3.999,-2.143,-5.950
0.00,1452,-7.356,9.591,2.090
0.00,1453,4.994,-7.796,6.038
0.00,1454,-9.669,9.473,5.640
0.00,1455,-6.272,-9.181,8.407
0.00,1456,4.307,0.278,-6.154
0.00,1457,-3.137,8.531,1.232
0.00,1458,0.004,7.561,3.334
0.00,1459,7.863,-0.905,-8.407
0.00,1460,6.976,-5.986,-4.415
0.00,1461,7.251,-7.670,-9.054
0.00,1462,-3.195,-5.187,-4.717
0.00,1463,-4.016,6.556,-5.343
0.00,1464,-2.618,-3.041,-5.185
0.00,1465,-1.566,0.516,-6.054
0.00,1466,4.881,-0.701,-2.684
0.00,1467,2.691,4.136,-9.623
0.00,1468,-4.509,-7.252,-7.550
0.00,1469,-9.423,2.192,-3.394
0.00,1470,-4.554,-6.198,-7.980
0.00,1471,8.381,-5.223,-7.723
0.00,1472,-8.979,7.506,5.863
0.00,1473,-7.933,5.889,9.164
0.00,1474,0.852,-5.485,-8.452
0.00,1475,-6.341,2.894,-7.266
0.00,1476,9.254,0.991,0.309
0.00,1477,5.439,-3.768,9.317
0.00,1478,4.773,-5.092,-6.469
0.00,1479,-7.255,1.984,4.287
0.00,1480,3.242,-4.355,-7.981
0.00,1481,4.821,6.457,6.215
0.00,1482,3.559,-6.990,-6.932
0.00,1483,-2.119,-1.671,2.374
0.00,1484,-0.185,-6.277,-1.498
0.00,1485,-8.053,-1.282,-0.988
0.00,1486,-7.522,4.299,1.941
0.00,1487,-1.607,4.255,-9.639
0.00,1488,-8.903,6.583,6.473
0.00,1489,2.031,3.599,0.600
0.00,1490,-1.422,-2.697,5.394
0.00,1491,0.519,1.931,8.907
0.00,1492,-6.508,8.429,-7.521
0.00,1493,-6.953,7.681,-3.018
0.00,1494,-2.809,-4.943,9.549
0.00,1495,4.380,-1.462,-8.091
0.00,1496,-6.585,2.799,7.179
0.00,1497,-6.023,4.959,3.982
0.00,1498,1.825,1.222,-6.282
0.00,1499,-7.576,5.000,6.136
0.00,1500,-2.837,3.979,-2.230
0.00,1501,-6.155,4.477,9.307
0.00,1502,-7.874,6.560,8.237
0.00,1503,7.929,0.287,-2.994
0.00,1504,-1.996,2.842,-9.730
0.00,1505,5.859,-8.602,6.125
0.00,1506,9.259,-4.138,0.956
0.00,1507,-4.231,-0.875,-2.172
0.00,1508,2.270,-6.782,1.617
0.00,1509,-5.652,7.503,-9.163
0.00,1510,3.647,-6.909,-0.962
0.00,1511,4.851,6.303,3.404
0.00,1512,8.039,-4.213,5.007
0.00,1513,6.860,-8.244,-7.744
0.00,1514,7.380,0.619,-5.283
0.00,1515,-5.550,8.430,-8.381
0.00,1516,-1.325,-4.702,6.263
0.00,1517,4.792,5.515,8.643
0.00,1518,6.772,9.059,-2.818
0.00,1519,6.906,-0.493,-7.419
0.00,1520,7.327,-1.930,7.903
0.00,1521,-9.190,8.329,-5.166
0.00,1522,1.794,4.454,-9.440
0.00,1523,-4.926,0.317,-6.158
0.00,1524,5.183,7.346,-6.384
0.00,1525,-7.767,-3.062,-5.585
0.00,1526,5.354,-5.366,-5.586
0.00,1527,9.018,4.934,6.751
0.00,1528,-3.435,3.396,-3.806
0.00,1529,6.963,3.104,4.386
0.00,1530,-9.136,-0.238,3.627
0.00,1531,9.739,3.317,2.991
0.00,1532,-7.571,7.682,4.426
0.00,1533,-7.208,-3.708,-6.409
0.00,1534,-6.597,2.562,1.789
0.00,1535,-3.266,1.452,-5.907
0.00,1536,-3.467,4.236,-9.404
0.00,1537,4.750,0.769,-0.670
0.00,1538,-1.903,3.592,8.899
0.00,1539,-8.960,-8.961,-0.154
0.00,1540,-4.956,9.311,7.758
0.00,1541,-4.775,2.490,-1.006
0.00,1542,2.053,-3.299,-5.566
0.00,1543,4.486,-7.484,-3.222
0.00,1544,7.518,2.105,0.970
0.00,1545,-1.244,1.673,-1.749
0.00,1546,-6.585,8.677,3.035
0.00,1547,-1.661,0.834,-1.351
0.00,1548,8.748,2.368,0.854
0.00,1549,0.346,4.969,-7.996
0.00,1550,-5.286,3.193,-9.314
0.00,1551,3.671,1.811,7.253
0.00,1552,-8.278,-0.482,-1.715
0.00,1553,5.576,4.311,-5.806
0.00,1554,-4.763,4.376,5.147
0.00,1555,5.765,-3.130,-4.231
0.00,1556,-6.994,2.658,1.661
0.00,1557,9.650,8.861,-9.230
0.00,1558,-1.778,-9.320,-9.734
0.00,1559,-7.286,-3.897,-4.406
0.00,1560,-3.156,2.660,0.254
0.00,1561,-8.404,-8.105,3.991
0.00,1562,3.376,5.196,0.327
0.00,1563,5.182,6.987,-4.316
0.00,1564,-8.896,-8.564,-9.377
0.00,1565,2.329,-4.036,5.534
0.00,1566,-4.905,-2.308,4.948
0.00,1567,-5.389,8.698,2.178
0.00,1568,-1.507,5.542,-0.663
0.00,1569,1.048,1.422,-2.713
0.00,1570,4.232,8.456,1.347
0.00,1571,-8.572,4.225,-5.651
0.00,1572,-8.291,4.338,8.132
0.00,1573,8.912,6.439,6.823
0.00,1574,-7.648,2.280,-0.707
0.00,1575,-3.441,-1.117,-4.476
0.00,1576,8.251,-6.589,-9.323
0.00,1577,-2.948,2.807,2.017
0.00,1578,-5.737,7.713,1.376
0.00,1579,-3.918,-6.646,9.062
0.00,1580,-6.235,-8.533,-4.963
0.00,1581,-2.743,-8.342,-0.141
0.00,1582,0.151,-5.098,0.467
0.00,1583,-1.948,7.963,-5.605
0.00,1584,7.861,1.374,-4.177
0.00,1585,0.157,-0.080,3.204
0.00,1586,-6.732,-1.957,3.495
0.00,1587,8.031,-2.281,-0.204
0.00,1588,-1.003,-3.273,-3.394
0.00,1589,-3.479,1.066,-9.398
0.00,1590,-2.707,-1.268,6.999
0.00,1591,-6.865,-7.887,-3.031
0.00,1592,-9.639,-6.693,1.353
0.00,1593,-4.969,8.572,4.205
0.00,1594,-4.385,-8.416,6.930
0.00,1595,8.719,1.064,-4.220
0.00,1596,4.637,-9.137,-2.202
0.00,1597,-6.918,-9.348,2.365
0.00,1598,2.080,-9.344,0.527
0.00,1599,1.372,9.513,1.172
0.00,1600,6.141,-9.385,3.001
0.00,1601,-0.404,4.380,-6.835
0.00,1602,-2.694,-1.606,7.372
0.00,1603,0.297,-3.583,9.399
0.00,1604,8.403,9.532,5.387
0.00,1605,7.394,6.721,1.625
0.00,1606,-3.454,-3.634,-8.719
0.00,1607,4.494,-1.255,-0.791
0.00,1608,7.753,-4.286,3.645
0.00,1609,-6.041,4.679,-4.349
0.00,1610,-3.634,2.469,0.846
0.00,1611,-6.325,2.618,8.095
0.00,1612,-9.624,1.212,-1.129
0.00,1613,2.222,-8.225,-7.371
0.00,1614,-0.869,-5.126,-5.709
0.00,1615,-4.614,-9.058,4.357
0.00,1616,9.530,-4.415,-1.023
0.00,1617,8.977,1.251,-4.247
0.00,1618,2.039,4.690,8.220
0.00,1619,2.293,-7.697,1.463
0.00,1620,5.786,-6.070,8.056
0.00,1621,-0.030,8.492,7.581
0.00,1622,1.480,5.669,6.710
0.00,1623,-7.373,3.924,-8.968
0.00,1624,4.688,-7.559,8.172
0.00,1625,-3.021,1.111,-4.008
0.00,1626,-2.857,7.293,-6.421
0.00,1627,5.028,0.084,0.568
0.00,1628,-1.727,-4.927,-6.069
0.00,1629,8.762,-0.068,6.254
0.00,1630,1.984,-2.102,9.547
0.00,1631,5.825,7.671,-5.308
0.00,1632,5.264,-2.604,1.797
0.00,1633,-0.135,-9.581,-8.499
0.00,1634,0.024,3.995,-0.858
0.00,1635,0.495,1.875,9.316
0.00,1636,-2.185,-4.565,6.225
0.00,1637,6.092,-8.237,8.607
0.00,1638,-0.410,9.374,-2.095
0.00,1639,-8.054,-8.940,-9.252
0.00,1640,-0.022,-5.360,-1.942
0.00,1641,-8.791,9.747,-8.829
0.00,1642,-8.766,5.348,5.799
0.00,1643,-6.457,-1.758,3.649
0.00,1644,0.506,1.423,-8.989
0.00,1645,2.112,7.261,-8.551
0.00,1646,8.588,1.792,7.033
0.00,1647,6.627,4.198,-4.749
0.00,1648,7.913,-7.348,-2.495
0.00,1649,4.737,2.857,4.351
0.00,1650,-0.463,-5.545,3.785
0.00,1651,2.219,3.740,-2.908
0.00,1652,8.896,-8.174,-3.353
0.00,1653,-4.461,8.001,2.135
0.00,1654,5.736,-0.633,-5.102
0.00,1655,-9.448,-5.985,0.236
0.00,1656,-5.358,0.353,1.088
0.00,1657,3.504,1.245,-9.248
0.00,1658,-4.737,-0.748,-4.647
0.00,1659,4.630,-2.900,3.792
0.00,1660,7.280,4.314,-8.763
0.00,1661,-3.400,7.666,9.412
0.00,1662,-5.168,2.903,-6.778
0.00,1663,-9.208,-6.250,1.988
0.00,1664,2.398,9.074,4.807
0.00,1665,-6.864,3.741,4.540
0.00,1666,-8.723,7.119,-0.672
0.00,1667,-4.495,9.624,-9.041
0.00,1668,9.593,-6.088,-3.771
0.00,1669,-0.220,-4.670,-8.615
0.00,1670,0.572,4.845,9.099
0.00,1671,4.394,-3.130,-9.124
0.00,1672,-5.663,9.235,9.227
0.00,1673,-9.655,-8.904,-4.389
0.00,1674,3.054,6.479,2.223
0.00,1675,2.417,-1.262,7.240
0.00,1676,2.121,-7.237,-8.375
0.00,1677,-1.384,3.962,9.104
0.00,1678,1.199,-6.978,2.914
0.00,1679,0.685,-9.090,1.639
0.00,1680,-7.758,7.747,-5.248
0.00,1681,-8.420,-1.072,5.999
0.00,1682,-3.736,9.152,4.365
0.00,1683,8.182,6.441,-8.529
0.00,1684,-2.817,-2.876,3.239
0.00,1685,3.821,5.922,1.286
0.00,1686,-7.305,6.005,-2.710
0.00,1687,6.332,-8.310,1.326
0.00,1688,-0.067,5.785,7.734
0.00,1689,1.037,3.757,9.325
0.00,1690,-7.813,-9.175,-4.580
0.00,1691,2.647,4.192,6.777
0.00,1692,-8.385,5.369,1.871
0.00,1693,7.999,-6.564,3.117
0.00,1694,-3.987,7.878,-1.566
0.00,1695,-5.807,5.570,8.129
0.00,1696,2.647,-5.922,-4.889
0.00,1697,-2.705,-0.184,-8.824
0.00,1698,5.504,-9.524,5.127
0.00,1699,5.288,-0.194,2.620
0.00,1700,1.559,2.960,8.220
0.00,1701,4.907,6.256,-2.007
0.00,1702,2.945,-0.051,-9.230
0.00,1703,4.298,5.293,3.834
0.00,1704,-2.714,4.567,-5.644
0.00,1705,-7.915,-9.639,0.156
0.00,1706,-0.821,5.087,9.737
0.00,1707,-0.572,9.288,9.647
0.00,1708,0.449,-7.435,9.242
0.00,1709,0.832,-3.462,-1.128
0.00,1710,8.137,-0.395,-4.235
0.00,1711,3.865,0.327,-0.888
0.00,1712,-4.358,-8.714,0.765
0.00,1713,8.440,-0.001,8.517
0.00,1714,-4.520,-6.851,8.134
0.00,1715,-0.682,3.875,3.793
0.00,1716,-7.141,7.377,8.518
0.00,1717,8.229,0.021,0.047
0.00,1718,8.928,7.596,-6.707
0.00,1719,-4.220,5.240,6.846
0.00,1720,5.179,-0.610,-8.909
0.00,1721,-5.201,3.973,3.994
0.00,1722,7.645,1.483,9.333
0.00,1723,9.148,6.971,-4.905
0.00,1724,9.751,-5.667,-2.904
0.00,1725,-4.429,-5.255,-0.326
0.00,1726,7.349,8.921,-8.930
0.00,1727,-7.759,7.199,8.399
0.00,1728,-7.395,-3.124,-8.166
0.00,1729,-4.103,-4.046,2.885
0.00,1730,2.621,-3.279,0.264
0.00,1731,6.789,-0.568,0.756
0.00,1732,5.601,-0.419,-4.253
0.00,1733,-0.596,-9.530,-9.707
0.00,1734,8.134,3.758,4.142
0.00,1735,2.905,-8.209,0.599
0.00,1736,6.726,0.614,7.054
0.00,1737,9.335,-4.399,5.224
0.00,1738,-7.148,4.951,-1.861
0.00,1739,-8.770,-3.726,5.451
0.00,1740,-8.510,2.446,-9.044
0.00,1741,2.903,-0.240,6.243
0.00,1742,-4.321,1.095,-1.267
0.00,1743,0.940,8.058,8.836
0.00,1744,2.617,-8.193,-3.887
0.00,1745,1.082,2.144,5.686
0.00,1746,2.764,7.948,6.068
0.00,1747,-3.063,1.658,-7.788
0.00,1748,-7.232,-3.046,-7.530
0.00,1749,-0.321,4.733,5.733
0.00,1750,3.492,7.595,-7.537
0.00,1751,-5.630,5.709,-1.068
0.00,1752,-7.696,-1.194,-7.634
0.00,1753,-0.270,8.333,-0.204
0.00,1754,0.971,2.288,0.429
0.00,1755,2.905,-0.694,-0.450
0.00,1756,-7.403,-5.784,-1.609
0.00,1757,-6.354,3.686,4.467
0.00,1758,7.900,1.857,-5.051
0.00,1759,-0.733,-8.176,-6.074
0.00,1760,-1.815,7.729,2.322
0.00,1761,8.659,-8.303,-1.388
0.00,1762,-9.641,-6.491,-0.133
0.00,1763,-2.064,1.855,8.826
0.00,1764,3.805,6.757,7.723
0.00,1765,-0.770,7.852,2.026
0.00,1766,-5.486,-4.073,-2.117
0.00,1767,-6.367,-4.076,0.982
0.00,1768,7.709,-0.464,6.669
0.00,1769,5.859,-9.489,4.547
0.00,1770,4.376,1.805,5.987
0.00,1771,-0.826,1.694,0.070
0.00,1772,-7.015,0.129,-5.562
0.00,1773,-7.647,8.037,-0.822
0.00,1774,-2.954,-9.104,7.876
0.00,1775,3.551,9.176,-5.968
0.00,1776,9.378,-6.344,-5.415
0.00,1777,8.765,2.540,-5.625
0.00,1778,-3.696,0.217,-6.157
0.00,1779,-6.250,-5.322,7.956
0.00,1780,-7.887,-1.327,0.980
0.00,1781,3.059,5.806,1.381
0.00,1782,-6.761,5.023,-6.342
0.00,1783,-5.987,7.142,-0.091
0.00,1784,-2.086,-6.760,9.529
0.00,1785,-3.136,4.575,-0.372
0.00,1786,-4.012,9.594,4.333
0.00,1787,7.380,-9.102,4.168
0.00,1788,-5.778,8.926,8.613
0.00,1789,-1.167,-6.611,4.317
0.00,1790,4.840,-9.126,6.396
0.00,1791,-4.210,2.436,-8.326
0.00,1792,-2.186,-8.251,-8.351
0.00,1793,3.038,2.092,7.950
0.00,1794,-2.060,-7.970,2.748
0.00,1795,2.551,3.694,-0.188
0.00,1796,4.309,7.097,-9.510
0.00,1797,-2.314,-2.222,3.386
0.00,1798,8.320,9.656,-8.785
0.00,1799,-6.581,9.518,0.686
0.00,1800,-4.231,-8.068,2.927
0.00,1801,8.166,5.047,-2.842
0.00,1802,6.894,5.603,-5.746
0.00,1803,-6.034,-7.856,8.997
0.00,1804,-4.061,-5.925,3.563
0.00,1805,-0.464,8.938,-5.921
0.00,1806,-3.760,-0.011,8.580
0.00,1807,5.834,-2.114,-4.134
0.00,1808,2.150,-2.413,8.306
0.00,1809,4.528,-0.659,-0.168
0.00,1810,-1.002,-6.080,-1.822
0.00,1811,4.255,-9.743,-4.624
0.00,1812,5.771,2.740,-0.283
0.00,1813,0.235,-5.557,8.112
0.00,1814,7.502,3.521,-5.062
0.00,1815,-1.192,-1.627,-0.908
0.00,1816,-0.778,5.816,-5.482
0.00,1817,5.149,6.606,-4.392
0.00,1818,9.129,5.356,8.775
0.00,1819,-7.028,2.405,-3.261
0.00,1820,-5.023,9.577,-4.490
0.00,1821,-7.128,-0.958,-6.666
0.00,1822,3.899,-6.401,2.417
0.00,1823,9.187,3.088,-5.997
0.00,1824,9.662,-5.488,-6.496
0.00,1825,-4.761,8.140,-6.143
0.00,1826,-6.888,-6.248,8.310
0.00,1827,0.076,4.422,2.217
0.00,1828,-8.231,-1.970,-3.867
0.00,1829,0.291,1.649,5.620
0.00,1830,4.002,-3.211,-0.985
0.00,1831,2.049,-6.991,8.953
0.00,1832,4.414,-4.078,2.480
0.00,1833,0.343,1.173,7.115
0.00,1834,5.402,0.218,-4.504
0.00,1835,-1.272,-2.792,8.479
0.00,1836,-1.736,2.054,-3.438
0.00,1837,4.623,-0.113,-8.296
0.00,1838,2.909,-5.436,-9.348
0.00,1839,-2.090,-0.980,-2.448
0.00,1840,-5.688,-8.083,0.388
0.00,1841,3.084,9.747,-8.822
0.00,1842,-1.764,5.395,-7.844
0.00,1843,-3.997,3.717,1.759
0.00,1844,1.414,1.018,-9.006
0.00,1845,-1.421,-6.763,-4.966
0.00,1846,1.297,-9.749,5.451
0.00,1847,8.727,-1.191,7.540
0.00,1848,-1.286,-1.108,3.850
0.00,1849,6.415,-6.601,-9.608
0.00,1850,9.106,6.282,-2.590
0.00,1851,-7.333,2.007,-4.131
0.00,1852,-2.281,-3.992,-1.764
0.00,1853,-3.980,4.833,-3.284
0.00,1854,6.712,3.154,-0.530
0.00,1855,1.478,3.180,-6.033
0.00,1856,-1.160,3.372,1.280
0.00,1857,8.631,-5.416,7.561
0.00,1858,-7.881,2.690,-5.333
0.00,1859,-8.370,3.254,6.560
0.00,1860,-8.758,-0.074,-2.469
0.00,1861,5.787,-6.089,2.102
0.00,1862,3.702,-3.738,1.707
0.00,1863,4.729,3.671,-1.328
0.00,1864,-1.128,-1.039,8.049
0.00,1865,-1.380,8.168,7.991
0.00,1866,1.035,4.949,-8.369
0.00,1867,-7.894,7.039,-4.374
0.00,1868,-2.453,8.448,-9.332
0.00,1869,-2.323,9.018,6.333
0.00,1870,-3.399,9.279,5.474
0.00,1871,-1.417,-2.034,3.025
0.00,1872,1.888,5.984,-2.273
0.00,1873,-4.830,7.040,3.796
0.00,1874,-5.959,-4.827,-5.341
0.00,1875,4.484,-1.011,6.020
0.00,1876,8.494,2.794,0.615
0.00,1877,3.787,0.879,6.827
0.00,1878,8.175,3.563,-0.034
0.00,1879,6.198,-9.021,2.279
0.00,1880,9.733,-1.012,3.415
0.00,1881,3.406,-3.177,4.428
0.00,1882,-3.461,-0.465,0.102
0.00,1883,-9.158,-0.264,0.136
0.00,1884,-3.917,3.001,-1.446
0.00,1885,-7.575,-3.289,8.406
0.00,1886,-1.640,7.153,0.481
0.00,1887,-3.881,2.154,-4.783
0.00,1888,-1.887,0.580,-4.685
0.00,1889,7.548,3.033,3.989
0.00,1890,5.023,-4.284,1.656
0.00,1891,0.614,-8.711,-2.413
0.00,1892,-8.290,7.864,9.400
0.00,1893,-5.726,7.618,3.781
0.00,1894,-7.251,0.632,-8.706
0.00,1895,5.728,-7.592,8.204
0.00,1896,0.064,2.614,6.338
0.00,1897,5.797,6.283,2.991
0.00,1898,-0.975,2.152,1.639
0.00,1899,-9.027,-6.296,5.839
0.00,1900,4.143,-8.459,6.721
0.00,1901,-1.725,-5.050,9.535
0.00,1902,7.807,6.054,-7.544
0.00,1903,7.137,-6.276,-3.124
0.00,1904,8.639,-9.121,-2.891
0.00,1905,-5.768,-7.799,2.262
0.00,1906,0.482,4.426,6.996
0.00,1907,-0.160,-1.929,9.171
0.00,1908,-3.765,-3.364,-0.438
0.00,1909,9.102,3.360,-7.894
0.00,1910,-6.595,8.894,6.967
0.00,1911,9.518,8.652,3.895
0.00,1912,0.304,4.078,-4.331
0.00,1913,8.503,2.606,5.966
0.00,1914,6.772,9.647,9.180
0.00,1915,0.003,6.892,5.336
0.00,1916,-6.064,-2.506,3.678
0.00,1917,-4.616,1.678,-5.028
0.00,1918,-3.665,6.199,7.848
0.00,1919,-9.564,5.160,-3.975
0.00,1920,9.648,-4.888,8.848
0.00,1921,-0.596,-2.020,7.775
0.00,1922,-1.656,-9.588,-9.354
0.00,1923,-4.576,-8.082,8.199
0.00,1924,5.245,1.219,9.010
0.00,1925,3.168,9.197,5.722
0.00,1926,-0.029,8.335,-1.401
0.00,1927,0.607,-5.836,7.342
0.00,1928,0.143,-8.664,0.221
0.00,1929,-0.832,7.876,-9.482
0.00,1930,4.245,-3.473,-3.326
0.00,1931,-9.648,-7.291,-0.507
0.00,1932,-5.118,-3.533,-2.397
0.00,1933,-1.130,6.664,-7.137
0.00,1934,7.388,9.627,3.186
0.00,1935,-8.972,4.022,-1.200
0.00,1936,3.965,7.706,-0.607
0.00,1937,-3.944,3.642,9.187
0.00,1938,-9.313,-2.768,-6.976
0.00,1939,-9.302,2.759,1.962
0.00,1940,6.250,1.516,8.072
0.00,1941,-4.171,0.801,6.521
0.00,1942,7.205,-8.107,4.420
0.00,1943,-1.856,-8.722,9.458
0.00,1944,5.849,-6.378,7.537
0.00,1945,8.082,-8.709,-2.195
0.00,1946,-5.476,4.637,-6.806
0.00,1947,2.306,2.434,6.084
0.00,1948,-3.268,4.817,6.491
0.00,1949,-2.587,-1.562,4.687
0.00,1950,1.105,-8.366,-4.298
0.00,1951,-9.744,-5.086,2.336
0.00,1952,7.927,9.536,8.305
0.00,1953,6.049,-9.044,7.380
0.00,1954,7.349,-2.263,-2.202
0.00,1955,6.717,9.658,-3.619
0.00,1956,-0.450,-1.999,-9.319
0.00,1957,-4.865,8.225,4.525
0.00,1958,-7.244,-4.034,5.237
0.00,1959,-7.609,6.005,-0.416
0.00,1960,-6.803,-4.255,6.000
0.00,1961,5.770,-1.479,1.208
0.00,1962,6.298,2.754,1.716
0.00,1963,-7.303,-5.787,-2.401
0.00,1964,3.431,-0.893,-4.147
0.00,1965,-1.267,-7.708,0.855
0.00,1966,-4.576,-7.043,8.236
0.00,1967,5.910,-9.120,8.451
0.00,1968,5.896,8.441,4.609
0.00,1969,-9.113,-3.088,4.311
0.00,1970,-3.566,0.063,-4.603
0.00,1971,7.504,9.449,5.863
0.00,1972,-1.909,-6.793,5.452
0.00,1973,-4.312,-2.679,3.034
0.00,1974,1.592,-4.158,-5.702
0.00,1975,-5.559,-7.149,-6.616
0.00,1976,-1.336,8.491,8.730
0.00,1977,1.883,-9.723,7.164
0.00,1978,-8.476,-1.765,4.842
0.00,1979,-9.044,-5.077,3.578
0.00,1980,-5.077,-5.589,-5.288
0.00,1981,0.074,-1.034,5.186
0.00,1982,4.773,-1.871,-7.156
0.00,1983,-3.476,4.084,8.032
0.00,1984,1.397,3.836,1.455
0.00,1985,1.836,-0.552,2.974
0.00,1986,-8.595,-4.047,6.045
0.00,1987,8.949,-7.817,5.495
0.00,1988,5.580,5.982,5.609
0.00,1989,-0.673,-7.053,0.408
0.00,1990,-3.206,3.493,-7.523
0.00,1991,-3.652,-3.407,1.729
0.00,1992,2.911,-2.043,0.750
0.00,1993,3.801,7.424,5.455
0.00,1994,6.011,-7.228,1.671
0.00,1995,2.036,1.635,0.619
0.00,1996,-9.610,2.781,-1.225
0.00,1997,-4.616,6.934,2.720
0.00,1998,-7.039,4.511,8.494
0.00,1999,8.030,-0.651,-8.607
0.00,2000,-3.740,6.231,6.737
0.00,2001,-4.663,-3.139,2.656
0.00,2002,2.104,-9.154,-6.861
0.00,2003,-4.060,-8.003,3.488
0.00,2004,5.035,3.965,1.950
0.00,2005,-2.961,-4.330,4.117
0.00,2006,5.089,2.220,-4.595
0.00,2007,0.620,-0.609,8.617
0.00,2008,6.409,-7.178,9.583
0.00,2009,1.536,-7.648,3.261
0.00,2010,2.982,0.420,0.139
0.00,2011,-5.814,7.293,2.376
0.00,2012,6.587,5.541,-7.232
0.00,2013,2.030,-5.124,5.610
0.00,2014,-0.217,-9.473,2.050
0.00,2015,-8.963,-4.046,1.332
0.00,2016,7.697,2.423,-5.513
0.00,2017,5.753,-8.793,-9.210
0.00,2018,0.033,6.249,4.668
0.00,2019,-5.044,4.931,-5.337
0.00,2020,-4.839,-6.154,-6.294
0.00,2021,9.384,3.937,7.911
0.00,2022,-2.029,2.929,-0.503
0.00,2023,5.007,-8.964,-7.460
0.00,2024,-6.770,2.952,2.368
0.00,2025,-8.744,1.289,-7.430
0.00,2026,0.907,-8.440,3.835
0.00,2027,6.896,-8.586,-1.210
0.00,2028,5.504,-1.037,-2.452
0.00,2029,3.452,0.213,1.825
0.00,2030,6.732,6.415,-4.770
0.00,2031,-1.693,0.282,-0.311
0.00,2032,-6.326,0.695,3.974
0.00,2033,-7.550,-7.094,-1.756
0.00,2034,1.206,3.561,-7.468
0.00,2035,-6.545,3.503,0.156
0.00,2036,5.055,-0.116,7.953
0.00,2037,-4.066,-3.707,-0.477
0.00,2038,-3.015,-0.190,9.139
0.00,2039,4.410,5.866,-8.249
0.00,2040,-3.702,-6.768,-7.922
0.00,2041,8.072,-8.820,-1.282
0.00,2042,4.969,7.967,4.179
0.00,2043,-3.353,-4.907,8.384
0.00,2044,3.845,-7.717,6.250
0.00,2045,3.333,-2.244,4.945
0.00,2046,3.237,2.364,6.631
0.00,2047,-4.133,-5.587,2.947
0.00,2048,-2.768,6.268,8.583
0.00,2049,3.972,-6.015,4.366
0.00,2050,-0.545,-1.621,-4.868
0.00,2051,-4.650,9.554,-9.120
0.00,2052,7.749,9.140,9.213
0.00,2053,3.908,5.589,-4.386
0.00,2054,7.377,7.255,-2.736
0.00,2055,8.884,5.980,4.767
0.00,2056,4.714,9.077,-3.751
0.00,2057,5.401,9.132,-4.614
0.00,2058,5.196,-3.130,-7.366
0.00,2059,8.760,-0.852,9.678
0.00,2060,7.587,0.506,1.468
0.00,2061,-6.316,1.219,2.777
0.00,2062,-3.831,2.743,5.627
0.00,2063,-3.113,0.259,4.205
0.00,2064,6.695,-8.857,9.514
0.00,2065,1.178,2.584,6.071
0.00,2066,-6.433,2.718,-3.515
0.00,2067,-1.423,-4.127,4.032
0.00,2068,5.869,-6.766,-7.418
0.00,2069,7.195,4.117,-3.353
0.00,2070,-5.398,3.025,-6.546
0.00,2071,3.258,-1.335,1.551
0.00,2072,6.896,-5.019,-5.461
0.00,2073,-7.370,-8.151,-0.440
0.00,2074,-3.001,4.052,-5.350
0.00,2075,-9.561,-5.110,8.893
0.00,2076,8.259,2.507,-3.535
0.00,2077,-1.075,-2.784,3.569
0.00,2078,-0.109,3.554,7.688
0.00,2079,9.255,7.391,-1.918
0.00,2080,-9.723,3.452,9.660
0.00,2081,-1.816,7.848,3.845
0.00,2082,-7.330,-7.063,4.891
0.00,2083,-2.367,7.617,8.588
0.00,2084,-9.208,-1.580,-6.224
0.00,2085,4.964,-2.869,4.998
0.00,2086,-3.153,-3.623,-1.936
0.00,2087,1.480,5.299,9.491
0.00,2088,3.602,1.026,-4.151
0.00,2089,9.047,1.481,6.819
0.00,2090,-7.046,-3.901,5.593
0.00,2091,-7.320,4.284,1.460
0.00,2092,0.534,-1.183,-2.359
0.00,2093,-3.371,-9.471,0.031
0.00,2094,2.366,8.864,3.499
0.00,2095,6.828,3.849,-6.233
0.00,2096,-6.975,5.432,5.529
0.00,2097,3.766,-1.231,9.216
0.00,2098,-0.459,-2.500,0.514
0.00,2099,-2.480,-5.108,7.308
0.00,2100,7.661,-4.754,-5.834
0.00,2101,-7.018,-3.586,-8.523
0.00,2102,-8.132,-3.384,-0.226
0.00,2103,-9.222,-1.212,0.721
0.00,2104,-3.505,-8.039,-3.564
0.00,2105,-3.120,0.299,-4.152
0.00,2106,-3.458,4.810,-6.215
0.00,2107,2.330,1.963,-4.023
0.00,2108,5.357,-0.263,1.769
0.00,2109,-5.626,2.022,-5.881
0.00,2110,4.489,-9.522,9.102
0.00,2111,3.471,0.821,-3.883
0.00,2112,1.821,5.335,8.576
0.00,2113,-6.208,6.875,1.612
0.00,2114,-9.253,7.379,2.310
0.00,2115,-3.737,-7.359,-3.821
0.00,2116,-8.442,-2.041,-1.014
0.00,2117,-0.469,-2.966,5.667
0.00,2118,-2.616,-5.765,-9.075
0.00,2119,-3.168,-3.912,7.218
0.00,2120,7.630,-0.112,8.393
0.00,2121,-7.652,-8.380,9.474
0.00,2122,-2.355,-4.477,0.840
0.00,2123,9.352,0.816,9.153
0.00,2124,-7.156,-1.242,9.140
0.00,2125,-3.227,-5.837,-7.463
0.00,2126,6.956,-7.057,1.760
0.00,2127,-2.713,6.333,3.184
0.00,2128,-0.663,1.555,8.687
0.00,2129,-2.773,-1.363,-5.954
0.00,2130,-8.624,7.307,-2.604
0.00,2131,6.324,-7.644,-3.349
0.00,2132,7.511,7.939,-7.370
0.00,2133,4.886,-7.371,8.167
0.00,2134,8.513,1.993,4.391
0.00,2135,0.899,1.550,1.534
0.00,2136,-1.583,-2.333,-8.959
0.00,2137,8.764,-3.646,0.265
0.00,2138,-9.113,-1.519,-5.489
0.00,2139,-2.050,6.347,4.024
0.00,2140,0.987,-7.861,8.686
0.00,2141,-0.078,0.285,-4.338
0.00,2142,-2.775,9.228,-4.193
0.00,2143,-8.725,-4.124,2.596
0.00,2144,7.664,-4.393,1.283
0.00,2145,2.355,-1.156,-8.564
0.00,2146,2.805,-1.513,-4.673
0.00,2147,8.900,-5.818,3.063
0.00,2148,2.266,4.296,0.816
0.00,2149,1.102,5.333,-6.435
0.00,2150,-2.432,-6.003,3.940
0.00,2151,-1.502,8.734,-3.359
0.00,2152,8.944,2.391,2.466
0.00,2153,-8.218,0.484,6.758
0.00,2154,-1.814,-6.525,4.261
0.00,2155,7.930,-7.721,9.205
0.00,2156,3.798,4.462,8.736
0.00,2157,-1.832,7.588,7.492
0.00,2158,-2.894,4.504,1.860
0.00,2159,2.071,4.120,6.823
0.00,2160,-3.714,6.765,2.935
0.00,2161,-5.484,7.521,6.840
0.00,2162,4.764,-7.630,-4.270
0.00,2163,-1.610,-6.671,4.972
0.00,2164,-1.380,-1.887,7.555
0.00,2165,6.347,8.100,-8.108
0.00,2166,8.578,-7.191,-9.304
0.00,2167,1.511,0.961,-5.228
0.00,2168,-5.859,2.351,0.970
0.00,2169,-9.431,1.178,8.488
0.00,2170,-0.815,8.194,7.810
0.00,2171,-8.582,-2.442,-6.695
0.00,2172,-6.051,8.775,5.604
0.00,2173,1.818,-3.116,6.313
0.00,2174,0.807,-4.385,5.792
0.00,2175,-5.150,-7.952,-6.316
0.00,2176,1.966,-3.849,3.743
0.00,2177,-6.551,3.111,7.228
0.00,2178,6.876,-3.220,8.980
0.00,2179,1.265,2.027,-2.571
0.00,2180,5.415,2.282,-7.330
0.00,2181,-4.360,-0.871,-6.647
0.00,2182,-4.379,-7.037,2.508
0.00,2183,8.762,1.720,-1.460
0.00,2184,6.194,8.973,-5.587
0.00,2185,9.258,4.347,-5.438
0.00,2186,0.275,9.414,-3.921
0.00,2187,-5.159,-2.806,4.911
0.00,2188,8.294,7.939,5.735
0.00,2189,-8.580,9.676,-8.442
0.00,2190,8.037,-3.300,1.183
0.00,2191,-8.872,-4.588,-0.466
0.00,2192,9.017,-8.275,-5.854
0.00,2193,3.069,-4.023,-5.569
0.00,2194,-0.603,-2.237,9.751
0.00,2195,1.793,-1.825,-2.495
0.00,2196,1.268,-1.478,-4.238
0.00,2197,8.736,5.070,-4.530
0.00,2198,-1.917,-4.027,0.629
0.00,2199,7.923,-8.546,-3.713
0.00,2200,-3.916,6.352,0.500
0.00,2201,-2.057,7.640,1.768
0.00,2202,1.549,9.258,-7.950
0.00,2203,-1.570,-0.635,1.541
0.00,2204,3.621,0.828,-4.904
0.00,2205,3.090,3.970,8.946
0.00,2206,-1.776,-2.452,3.488
0.00,2207,2.995,-5.209,-5.247
0.00,2208,3.555,2.371,-2.775
0.00,2209,8.182,1.182,-3.292
0.00,2210,1.419,-6.967,7.334
0.00,2211,-5.316,-2.232,1.393
0.00,2212,-9.348,6.603,0.180
0.00,2213,-5.505,5.855,-3.471
0.00,2214,1.457,-7.388,-7.064
0.00,2215,-8.773,-1.853,4.236
0.00,2216,-1.192,-8.549,2.645
0.00,2217,-8.418,1.300,-7.023
0.00,2218,9.339,5.741,3.173
0.00,2219,0.230,-4.095,1.121
0.00,2220,6.617,6.136,-6.211
0.00,2221,-2.531,1.500,3.242
0.00,2222,-8.378,3.877,-4.923
0.00,2223,6.339,-1.200,4.125
0.00,2224,-0.516,2.450,0.627
0.00,2225,4.181,1.847,-8.996
0.00,2226,3.552,-5.872,-7.517
0.00,2227,-1.545,-8.186,9.568
0.00,2228,-6.049,-2.514,0.778
0.00,2229,-7.522,-0.553,-0.009
0.00,2230,-1.716,0.396,-6.347
0.00,2231,-2.871,0.305,-8.502
0.00,2232,-6.882,-9.208,-6.132
0.00,2233,-8.311,-2.464,-5.194
0.00,2234,-7.341,7.223,5.445
0.00,2235,1.031,-5.775,0.782
0.00,2236,0.907,-3.206,-0.865
0.00,2237,-3.345,-7.889,0.963
0.00,2238,7.393,2.973,-0.265
0.00,2239,6.469,6.560,-9.392
0.00,2240,2.782,-5.081,-6.585
0.00,2241,-1.690,7.823,4.254
0.00,2242,-8.465,2.677,3.056
0.00,2243,-9.534,1.571,5.988
0.00,2244,9.487,-0.657,2.939
0.00,2245,5.693,0.519,6.549
0.00,2246,4.375,3.340,-2.782
0.00,2247,7.953,-4.873,5.310
0.00,2248,-5.486,0.619,7.901
0.00,2249,7.850,2.060,-0.040
0.00,2250,0.158,-7.838,-1.665
0.00,2251,-0.099,-9.426,4.344
0.00,2252,-5.431,7.660,-4.674
0.00,2253,-0.374,-2.091,-3.168
0.00,2254,-6.811,0.903,1.513
0.00,2255,3.690,-5.119,0.830
0.00,2256,-4.113,-2.222,-3.116
0.00,2257,2.901,-9.419,0.451
0.00,2258,-3.280,-6.560,-2.543
0.00,2259,-4.372,-9.137,5.113
0.00,2260,0.153,-7.216,-2.472
0.00,2261,-0.358,1.852,5.095
0.00,2262,7.014,5.985,-0.882
0.00,2263,-3.172,8.627,-6.870
0.00,2264,7.215,4.146,3.024
0.00,2265,-1.377,-3.106,7.553
0.00,2266,0.170,8.814,9.529
0.00,2267,5.734,-0.325,-9.198
0.00,2268,1.452,4.541,7.042
0.00,2269,6.136,9.345,6.376
0.00,2270,5.281,1.039,5.991
0.00,2271,9.578,-8.883,-9.346
0.00,2272,3.966,8.443,4.187
0.00,2273,6.575,-5.289,0.350
0.00,2274,5.766,6.024,-2.812
0.00,2275,3.282,-1.800,-4.779
0.00,2276,-4.597,-5.180,-6.998
0.00,2277,9.129,5.250,-2.414
0.00,2278,-5.029,-1.899,6.275
0.00,2279,7.311,-2.526,-4.595
0.00,2280,9.329,-2.977,6.163
0.00,2281,9.101,5.809,-7.576
0.00,2282,0.625,4.182,8.638
0.00,2283,3.718,3.590,2.009
0.00,2284,4.328,-4.546,-0.097
0.00,2285,3.481,-6.349,-4.096
0.00,2286,-1.102,-3.761,2.190
0.00,2287,9.015,-2.889,0.780
0.00,2288,-6.524,3.847,3.913
0.00,2289,9.615,6.059,-0.516
0.00,2290,0.532,5.480,-4.174
0.00,2291,-1.237,-1.417,-6.190
0.00,2292,4.942,-4.032,-5.178
0.00,2293,9.152,8.437,-0.425
0.00,2294,1.725,-5.527,-6.802
0.00,2295,0.581,-7.936,-6.513
0.00,2296,-1.984,-3.517,6.426
0.00,2297,-0.205,-7.484,-9.266
0.00,2298,-3.503,0.502,-5.077
0.00,2299,-9.206,2.613,-3.723
0.00,2300,3.789,-0.304,5.671
0.00,2301,0.040,-5.913,-4.991
0.00,2302,-0.945,3.680,-6.310
0.00,2303,8.906,2.449,-8.345
0.00,2304,5.210,3.979,5.389
0.00,2305,3.076,-6.444,-5.826
0.00,2306,1.231,0.220,-2.272
0.00,2307,5.592,-6.614,-8.810
0.00,2308,-7.525,-9.313,-9.365
0.00,2309,-6.169,3.342,5.725
0.00,2310,-9.191,-4.623,5.078
0.00,2311,-1.828,-3.200,9.311
0.00,2312,-3.379,-8.678,-7.007
0.00,2313,-0.074,-2.410,3.602
0.00,2314,2.342,2.064,5.085
0.00,2315,8.927,-0.836,-0.621
0.00,2316,-6.460,5.105,-4.396
0.00,2317,-8.431,9.210,-2.704
0.00,2318,7.393,-3.303,-5.724
0.00,2319,2.968,-2.134,-8.904
0.00,2320,-6.993,-7.496,-4.995
0.00,2321,6.549,-6.468,4.567
0.00,2322,1.062,0.684,-8.429
0.00,2323,-7.641,-7.700,5.332
0.00,2324,7.754,-4.941,-8.187
0.00,2325,1.369,5.797,-4.814
0.00,2326,2.785,8.158,5.314
0.00,2327,-2.878,-2.523,3.829
0.00,2328,0.889,4.318,-1.396
0.00,2329,-6.037,5.079,6.847
0.00,2330,-9.499,-6.695,-6.304
0.00,2331,-4.635,-2.065,5.461
0.00,2332,-3.478,-6.676,9.450
0.00,2333,-3.538,2.573,-5.875
0.00,2334,-9.420,9.717,8.304
0.00,2335,-5.645,-2.673,-0.459
0.00,2336,8.417,5.554,0.968
0.00,2337,-5.583,-7.441,-7.037
0.00,2338,5.366,7.368,-7.954
0.00,2339,0.337,-9.077,-6.915
0.00,2340,4.784,5.199,-4.673
0.00,2341,-1.376,-4.923,6.323
0.00,2342,1.823,-8.244,-5.763
0.00,2343,-4.414,-7.663,-1.620
0.00,2344,-8.514,6.172,4.866
0.00,2345,-1.123,2.852,-4.011
0.00,2346,-0.940,1.970,-1.855
0.00,2347,-9.570,2.119,1.028
0.00,2348,-6.638,-6.695,-0.419
0.00,2349,-1.550,0.734,-0.470
0.00,2350,4.347,1.420,9.380
0.00,2351,-2.694,-0.682,8.958
0.00,2352,1.138,9.368,-2.461
0.00,2353,-7.361,-7.634,-6.404
0.00,2354,-8.103,-0.436,-8.151
0.00,2355,-8.719,-7.598,0.887
0.00,2356,0.386,1.336,-3.015
0.00,2357,2.985,9.621,4.052
0.00,2358,-1.235,1.809,4.956
0.00,2359,3.514,-3.963,-0.265
0.00,2360,-0.960,-1.180,-4.366
0.00,2361,-3.087,-5.928,6.241
0.00,2362,-9.242,-3.723,-0.764
0.00,2363,0.325,3.121,6.168
0.00,2364,-1.284,6.854,-3.030
0.00,2365,6.007,5.523,0.026
0.00,2366,6.772,-3.077,-0.844
0.00,2367,0.067,1.791,5.026
0.00,2368,8.017,-6.387,8.714
0.00,2369,4.320,-2.108,4.141
0.00,2370,3.563,5.531,-8.459
0.00,2371,-1.143,-6.709,5.352
0.00,2372,-3.546,-2.468,1.152
0.00,2373,-8.175,3.196,-8.506
0.00,2374,7.620,-4.010,6.618
0.00,2375,-5.831,-2.850,8.726
0.00,2376,9.711,-1.335,3.571
0.00,2377,-0.216,-4.058,-5.847
0.00,2378,-9.631,1.433,8.008
0.00,2379,3.185,1.608,-1.121
0.00,2380,-7.901,-4.755,-0.358
0.00,2381,-4.382,-3.126,8.857
0.00,2382,1.544,3.635,0.613
0.00,2383,-9.117,2.807,8.525
0.00,2384,9.265,4.402,-1.929
0.00,2385,-8.388,-4.203,6.202
0.00,2386,-2.092,-8.529,7.363
0.00,2387,4.946,8.341,5.466
0.00,2388,-8.709,-7.666,-3.840
0.00,2389,-1.817,5.361,2.975
0.00,2390,-4.828,9.360,9.183
0.00,2391,-7.414,5.196,1.763
0.00,2392,-2.728,5.650,7.181
0.00,2393,7.366,4.350,-0.581
0.00,2394,0.567,2.756,7.577
0.00,2395,9.367,-8.686,-0.549
0.00,2396,5.567,-8.017,2.434
0.00,2397,0.622,-0.971,-1.361
0.00,2398,5.774,8.539,0.796
0.00,2399,-0.855,-1.519,-2.716
0.00,2400,-7.928,8.343,-4.578
0.00,2401,9.569,-3.972,-6.850
0.00,2402,0.108,-5.486,-5.373
0.00,2403,-5.876,6.482,-1.007
0.00,2404,-4.743,-8.059,-5.458
0.00,2405,3.693,8.634,0.049
0.00,2406,8.411,9.649,7.268
0.00,2407,3.017,7.619,-9.136
0.00,2408,2.052,-2.726,2.800
0.00,2409,-1.253,-0.885,-3.393
0.00,2410,5.719,6.917,0.918
0.00,2411,4.889,5.692,1.139
0.00,2412,-6.034,4.792,8.797
0.00,2413,6.888,-0.880,-9.721
0.00,2414,-8.084,-6.887,3.366
0.00,2415,-6.934,-0.801,8.344
0.00,2416,-7.727,-6.756,-4.132
0.00,2417,3.691,-8.894,-2.938
0.00,2418,-1.585,-4.609,0.575
0.00,2419,-1.879,2.097,0.993
0.00,2420,-5.040,5.066,9.396
0.00,2421,6.501,5.202,-8.230
0.00,2422,2.301,-5.996,2.644
0.00,2423,-1.276,4.900,9.511
0.00,2424,-5.235,0.372,-8.902
0.00,2425,7.395,7.168,-4.599
0.00,2426,-6.622,-6.047,-4.085
0.00,2427,5.503,9.150,-1.923
0.00,2428,-0.093,-9.536,-1.143
0.00,2429,7.745,2.078,0.416
0.00,2430,-4.656,-8.602,6.757
0.00,2431,5.078,-3.141,-3.228
0.00,2432,-5.120,5.370,-0.510
0.00,2433,8.847,2.701,3.025
0.00,2434,6.567,5.245,1.492
0.00,2435,-0.203,0.047,4.284
0.00,2436,2.120,-3.331,-5.126
0.00,2437,8.517,-2.655,2.275
0.00,2438,-5.189,-1.751,6.063
0.00,2439,7.541,6.359,6.928
0.00,2440,5.824,6.743,7.542
0.00,2441,8.194,-7.824,9.130
0.00,2442,-3.642,8.771,-3.807
0.00,2443,-3.230,0.875,-6.668
0.00,2444,-8.662,-4.131,-7.915
0.00,2445,3.033,0.975,-9.500
0.00,2446,-0.357,3.958,-5.792
0.00,2447,3.285,5.960,-3.689
0.00,2448,-6.715,4.259,-9.440
0.00,2449,-3.890,3.700,-6.839
0.00,2450,6.246,9.208,3.656
0.00,2451,-9.144,1.510,0.621
0.00,2452,-0.883,-5.199,-3.117
0.00,2453,5.773,6.452,2.767
0.00,2454,1.740,1.008,-6.958
0.00,2455,3.128,-8.375,2.991
0.00,2456,-0.763,7.329,9.440
0.00,2457,-3.089,0.683,-9.588
0.00,2458,-7.419,7.361,-6.428
0.00,2459,-8.364,0.442,-1.654
0.00,2460,6.572,7.246,-6.657
0.00,2461,7.402,-3.366,-7.786
0.00,2462,4.587,-2.092,3.268
0.00,2463,0.705,-7.681,1.809
0.00,2464,1.893,8.101,4.278
0.00,2465,-9.273,1.068,6.686
0.00,2466,-2.073,-1.843,-5.747
0.00,2467,7.632,5.024,-5.386
0.00,2468,5.070,-8.657,-5.657
0.00,2469,0.392,0.905,6.133
0.00,2470,8.737,4.586,-1.402
0.00,2471,-8.730,-4.101,6.691
0.00,2472,-6.620,-4.272,5.028
0.00,2473,4.994,3.955,-7.827
0.00,2474,-1.723,3.914,1.591
0.00,2475,9.335,-5.505,-1.971
0.00,2476,6.088,-0.729,5.426
0.00,2477,5.550,-8.711,0.428
0.00,2478,-3.691,-9.653,-8.080
0.00,2479,8.216,-2.135,0.073
0.00,2480,-4.870,-2.875,2.561
0.00,2481,-0.013,8.881,9.210
0.00,2482,0.067,7.006,-9.507
0.00,2483,3.632,7.635,3.757
0.00,2484,-9.361,0.619,8.649
0.00,2485,4.540,-9.312,7.812
0.00,2486,1.728,2.240,-2.411
0.00,2487,-4.508,7.743,-5.111
0.00,2488,1.747,-4.377,5.698
0.00,2489,-6.390,1.617,1.436
0.00,2490,6.464,-5.767,7.680
0.00,2491,0.460,-6.563,4.988
0.00,2492,-3.768,4.987,-7.678
0.00,2493,-4.379,5.094,-3.459
0.00,2494,-5.304,-7.155,8.992
0.00,2495,-3.924,5.015,-0.283
0.00,2496,3.575,-7.415,-2.354
0.00,2497,-4.045,4.799,6.920
0.00,2498,-8.544,-6.577,5.416
0.00,2499,-8.131,-3.710,1.659
0.00,2500,-8.790,6.260,4.281
0.00,2501,-0.971,-1.421,-6.045
0.00,2502,5.703,6.509,-0.898
0.00,2503,2.468,-1.064,6.084
0.00,2504,-9.247,3.723,7.394
0.00,2505,3.701,1.315,-4.826
0.00,2506,2.110,-6.457,9.597
0.00,2507,-7.061,-0.947,8.841
0.00,2508,-4.589,4.632,4.234
0.00,2509,7.864,-2.350,2.626
0.00,2510,3.899,8.115,7.192
0.00,2511,0.659,-8.236,-6.137
0.00,2512,4.326,-3.530,6.080
0.00,2513,-2.609,0.686,-2.778
0.00,2514,-9.254,7.719,-1.660
0.00,2515,8.590,-0.105,0.439
0.00,2516,2.194,5.060,9.289
0.00,2517,9.305,9.151,6.231
0.00,2518,-7.599,3.255,-2.438
0.00,2519,-1.018,8.729,0.497
0.00,2520,-4.688,3.001,9.305
0.00,2521,0.209,-4.334,5.499
0.00,2522,1.592,1.573,-1.075
0.00,2523,-4.491,3.429,2.413
0.00,2524,-8.769,8.380,-1.170
0.00,2525,1.856,-5.753,5.607
0.00,2526,-3.034,-8.639,-5.424
0.00,2527,2.554,8.783,-7.957
0.00,2528,3.574,6.723,-6.093
0.00,2529,-8.492,-3.995,-4.660
0.00,2530,-5.072,5.939,0.807
0.00,2531,-8.789,9.158,3.287
0.00,2532,1.644,-9.081,7.571
0.00,2533,9.330,5.381,-1.217
0.00,2534,-3.120,2.849,-7.394
0.00,2535,2.537,-4.401,-2.699
0.00,2536,4.276,6.330,0.747
0.00,2537,-6.002,9.747,-6.096
0.00,2538,-2.973,4.369,7.297
0.00,2539,8.563,-1.948,8.984
0.00,2540,2.807,8.735,-6.808
0.00,2541,-9.357,-0.290,9.569
0.00,2542,0.609,3.628,-1.256
0.00,2543,9.359,4.314,-1.812
0.00,2544,-6.053,7.169,-4.918
0.00,2545,-6.117,3.811,4.355
0.00,2546,1.643,-1.118,-3.543
0.00,2547,-6.075,9.667,-6.683
0.00,2548,-2.053,-1.131,9.412
0.00,2549,-7.633,4.172,1.006
0.00,2550,-6.019,3.823,5.812
0.00,2551,-6.642,-0.861,0.037
0.00,2552,5.366,1.516,-3.434
0.00,2553,1.266,3.471,-0.580
0.00,2554,7.938,2.629,-0.727
0.00,2555,-5.695,-5.643,-0.778
0.00,2556,-9.625,-7.529,-8.672
0.00,2557,-3.183,7.107,3.300
0.00,2558,7.935,-0.649,8.120
0.00,2559,0.481,-4.997,5.813
0.00,2560,3.593,3.810,3.984
0.00,2561,-1.488,-8.263,-3.266
0.00,2562,-6.210,8.482,8.151
0.00,2563,3.594,-2.854,8.001
0.00,2564,-2.107,-9.490,8.274
0.00,2565,4.513,-6.688,1.439
0.00,2566,-3.785,-2.337,1.267
0.00,2567,-0.281,6.052,5.089
0.00,2568,6.114,-7.718,6.105
0.00,2569,6.716,-0.108,3.617
0.00,2570,-8.285,2.358,-8.274
0.00,2571,-1.621,4.223,-9.678
0.00,2572,2.207,5.790,5.459
0.00,2573,0.903,9.235,-4.662
0.00,2574,-4.261,7.971,9.016
0.00,2575,5.560,3.847,1.093
0.00,2576,1.631,2.804,-0.520
0.00,2577,-4.997,1.299,3.036
0.00,2578,4.062,8.351,-9.062
0.00,2579,-7.417,0.969,-8.757
0.00,2580,-6.299,4.552,7.973
0.00,2581,-8.474,-5.335,-8.954
0.00,2582,-6.835,3.060,-3.993
0.00,2583,-4.037,-7.868,-4.859
0.00,2584,-1.116,-8.998,-5.823
0.00,2585,-5.436,-6.828,-8.714
0.00,2586,3.938,-8.410,8.303
0.00,2587,-5.279,9.703,-3.649
0.00,2588,-4.043,2.228,0.714
0.00,2589,3.356,-1.451,5.277
0.00,2590,-3.327,-3.800,-5.066
0.00,2591,2.761,-7.729,4.458
0.00,2592,1.378,-7.252,-0.365
0.00,2593,7.015,-3.912,3.140
0.00,2594,-6.624,0.692,0.054
0.00,2595,-7.828,-3.771,-9.543
0.00,2596,7.156,0.262,1.067
0.00,2597,-3.179,2.512,-0.238
0.00,2598,-6.180,-1.971,-2.955
0.00,2599,3.522,7.810,0.180
0.00,2600,1.884,-2.930,-0.554
0.00,2601,0.162,-1.773,3.068
0.00,2602,0.076,-1.562,-1.462
0.00,2603,8.321,-3.535,-7.739
0.00,2604,-9.723,7.145,-0.625
0.00,2605,5.544,-8.609,5.536
0.00,2606,-2.163,-7.836,-6.820
0.00,2607,9.730,-6.513,2.816
0.00,2608,0.080,-3.668,7.435
0.00,2609,0.369,-8.233,2.330
0.00,2610,-8.128,-7.201,5.349
0.00,2611,-8.720,-1.242,-4.810
0.00,2612,1.393,-3.251,-2.650
0.00,2613,-3.967,-2.882,0.594
0.00,2614,0.966,8.837,-9.094
0.00,2615,-6.004,-4.688,-2.745
0.00,2616,4.673,-6.988,-1.626
0.00,2617,4.116,6.549,-1.332
0.00,2618,-5.394,-4.693,6.863
0.00,2619,-2.844,-8.624,7.388
0.00,2620,-4.946,1.886,1.185
0.00,2621,-8.929,-1.487,0.908
0.00,2622,1.448,-3.494,9.585
0.00,2623,-7.311,0.198,1.904
0.00,2624,9.093,8.460,1.482
0.00,2625,2.657,-5.305,9.243
0.00,2626,-5.648,-2.859,4.301
0.00,2627,9.605,0.295,9.189
0.00,2628,7.450,-1.440,-5.597
0.00,2629,-3.016,-8.003,-0.642
0.00,2630,5.564,-2.644,9.102
0.00,2631,6.584,2.563,7.970
0.00,2632,2.598,0.534,-0.134
0.00,2633,8.813,0.438,-9.701
0.00,2634,6.656,-2.992,9.081
0.00,2635,4.559,-8.171,-8.514
0.00,2636,-3.227,-9.106,-4.528
0.00,2637,-8.425,-8.548,-7.297
0.00,2638,6.371,-7.721,-4.816
0.00,2639,2.723,1.360,8.172
0.00,2640,-3.728,-0.834,-2.099
0.00,2641,3.321,1.420,-5.154
0.00,2642,5.605,8.619,-7.138
0.00,2643,-4.375,5.670,-9.585
0.00,2644,0.180,1.371,-4.525
0.00,2645,5.574,0.623,3.825
0.00,2646,2.052,-1.994,5.741
0.00,2647,0.536,3.536,5.343
0.00,2648,-6.002,-0.193,-4.995
0.00,2649,-7.800,-3.034,1.487
0.00,2650,-4.063,6.250,-7.155
0.00,2651,3.542,3.753,4.797
0.00,2652,1.509,6.627,-4.622
0.00,2653,2.119,4.022,-5.465
0.00,2654,-9.258,2.819,1.810
0.00,2655,-3.851,-3.766,4.475
0.00,2656,9.662,5.756,6.816
0.00,2657,1.119,0.898,0.794
0.00,2658,-8.806,-8.687,-3.486
0.00,2659,-2.647,7.455,5.380
0.00,2660,2.646,2.100,8.463
0.00,2661,-6.451,-1.769,-1.417
0.00,2662,1.318,-6.541,-6.964
0.00,2663,5.830,6.270,-7.652
0.00,2664,0.449,-5.389,-7.893
0.00,2665,-0.719,9.590,1.850
0.00,2666,-5.204,3.926,-5.587
0.00,2667,0.058,5.714,-8.447
0.00,2668,6.962,-0.296,2.251
0.00,2669,-3.382,-3.298,7.406
0.00,2670,-2.596,-7.508,-0.277
0.00,2671,6.172,-8.492,-2.444
0.00,2672,-7.048,6.078,1.528
0.00,2673,-7.452,7.947,4.481
0.00,2674,-6.770,-9.549,6.450
0.00,2675,-4.645,1.266,-4.174
0.00,2676,9.287,-0.365,-5.505
0.00,2677,-1.808,5.041,-4.788
0.00,2678,-9.662,-5.230,-4.578
0.00,2679,-1.595,-5.535,-2.916
0.00,2680,1.829,-9.486,-5.483
0.00,2681,8.418,9.654,-5.975
0.00,2682,1.045,-3.191,4.174
0.00,2683,-6.751,-0.941,-2.190
0.00,2684,-0.218,2.185,-3.607
0.00,2685,0.620,7.064,4.913
0.00,2686,9.688,1.124,-0.932
0.00,2687,-3.212,-6.518,4.026
0.00,2688,-5.976,4.053,6.378
0.00,2689,-7.989,2.185,-8.188
0.00,2690,-7.729,0.926,-2.828
0.00,2691,-0.648,-1.227,-9.546
0.00,2692,-1.423,-1.967,-2.043
0.00,2693,-5.226,4.145,-6.319
0.00,2694,9.671,4.762,-5.966
0.00,2695,-5.108,-1.772,-1.734
0.00,2696,-7.348,8.648,-4.542
0.00,2697,2.613,-2.608,-4.103
0.00,2698,-1.326,-4.603,-8.965
0.00,2699,-1.631,2.987,-4.351
0.00,2700,-2.159,-9.455,-0.589
0.00,2701,8.460,-8.588,-2.802
0.00,2702,2.929,1.871,0.976
0.00,2703,-1.102,5.158,-1.412
0.00,2704,0.898,4.930,8.626
0.00,2705,0.692,9.139,4.762
0.00,2706,1.970,-0.747,0.640
0.00,2707,-9.166,-8.036,-5.930
0.00,2708,-2.606,-0.361,8.155
0.00,2709,-7.572,8.515,9.098
0.00,2710,-0.286,-6.658,4.042
0.00,2711,2.368,-6.694,-0.649
0.00,2712,-8.366,8.305,-1.443
0.00,2713,7.941,-5.656,9.165
0.00,2714,-3.971,9.181,-2.150
0.00,2715,4.002,2.300,7.632
0.00,2716,-0.585,7.311,-6.963
0.00,2717,-2.022,-8.798,5.405
0.00,2718,-4.293,-0.053,6.862
0.00,2719,-5.748,4.102,-3.530
0.00,2720,5.293,5.365,1.233
0.00,2721,8.719,7.865,8.849
0.00,2722,-8.733,2.225,-1.071
0.00,2723,-9.396,-7.964,7.532
0.00,2724,7.390,0.760,-3.466
0.00,2725,8.153,-5.773,-8.278
0.00,2726,-8.466,-8.837,8.806
0.00,2727,8.125,-0.307,-5.695
0.00,2728,2.415,1.302,-6.772
0.00,2729,5.809,5.998,-7.495
0.00,2730,5.639,-4.943,-0.532
0.00,2731,-0.598,8.346,3.433
0.00,2732,-4.809,7.608,-5.924
0.00,2733,-2.294,9.743,1.927
0.00,2734,-9.714,-5.326,7.301
0.00,2735,-0.530,8.138,1.112
0.00,2736,-9.703,7.236,5.900
0.00,2737,-2.741,1.787,-3.903
0.00,2738,5.523,9.185,0.081
0.00,2739,6.658,-5.669,-7.195
0.00,2740,-7.440,3.349,9.587
0.00,2741,-9.551,1.550,1.504
0.00,2742,0.160,-8.008,7.879
0.00,2743,-5.253,-9.720,-9.661
0.00,2744,5.416,-1.715,9.499
0.00,2745,-1.245,-8.230,-8.819
0.00,2746,-9.261,7.370,3.088
0.00,2747,3.437,4.335,6.848
0.00,2748,7.493,-8.515,6.850
0.00,2749,-6.918,-5.537,4.216
0.00,2750,0.812,-7.828,-2.562
0.00,2751,-0.576,3.916,6.324
0.00,2752,-2.108,3.947,1.411
0.00,2753,-2.257,-6.482,2.849
0.00,2754,9.568,-3.517,-9.306
0.00,2755,1.711,4.374,-2.061
0.00,2756,-8.625,5.121,9.704
0.00,2757,-7.410,-4.511,-1.181
0.00,2758,4.549,-8.219,-8.606
0.00,2759,-3.009,4.035,2.766
0.00,2760,-8.363,-5.734,-3.724
0.00,2761,-2.138,-1.722,-3.047
0.00,2762,7.606,4.141,-1.782
0.00,2763,-4.164,2.061,8.763
0.00,2764,5.153,8.960,6.646
0.00,2765,8.113,8.131,9.100
0.00,2766,-4.155,-8.181,7.504
0.00,2767,-1.808,-4.533,6.075
0.00,2768,8.507,-0.453,3.127
0.00,2769,-8.522,7.767,7.751
0.00,2770,-8.041,-4.977,1.233
0.00,2771,0.026,7.115,-2.690
0.00,2772,0.163,4.334,8.195
0.00,2773,-6.950,8.396,-4.015
0.00,2774,-5.001,-3.131,2.505
0.00,2775,-1.647,1.024,6.624
0.00,2776,-7.532,1.362,-3.549
0.00,2777,5.387,1.452,-8.303
0.00,2778,9.415,-0.526,-1.741
0.00,2779,6.358,8.320,6.361
0.00,2780,-3.920,6.789,-2.619
0.00,2781,0.355,6.454,4.928
0.00,2782,-7.854,-9.736,1.697
0.00,2783,-1.927,3.884,4.536
0.00,2784,3.397,-1.576,-8.123
0.00,2785,1.596,-1.726,-3.191
0.00,2786,3.536,-6.148,-2.521
0.00,2787,-6.344,9.335,-3.507
0.00,2788,-1.962,8.204,6.398
0.00,2789,3.598,-0.286,-7.634
0.00,2790,2.642,4.605,3.832
0.00,2791,5.719,2.990,2.802
0.00,2792,1.422,8.818,8.890
0.00,2793,4.171,-1.575,-4.780
0.00,2794,-0.518,-0.871,-4.797
0.00,2795,-9.411,7.985,-1.946
0.00,2796,-3.991,-0.903,8.691
0.00,2797,5.748,6.435,-0.917
0.00,2798,-2.989,-8.854,-6.030
0.00,2799,-9.286,8.688,-5.935
0.00,2800,3.484,1.168,5.445
0.00,2801,-7.220,-8.329,-2.248
0.00,2802,4.694,3.025,-3.248
0.00,2803,-5.170,-3.361,-1.241
0.00,2804,-7.959,1.544,-4.080
0.00,2805,9.024,-7.751,1.650
0.00,2806,-5.429,-8.127,9.572
0.00,2807,-2.543,-3.013,2.865
0.00,2808,7.451,-7.253,-8.130
0.00,2809,1.770,-8.881,-2.072
0.00,2810,-7.256,-2.745,8.500
0.00,2811,6.630,-8.150,-6.861
0.00,2812,-8.050,-5.618,4.220
0.00,2813,-1.302,9.494,0.358
0.00,2814,-3.506,7.959,-3.455
0.00,2815,-6.743,2.588,-8.525
0.00,2816,8.652,-0.197,6.287
0.00,2817,-7.147,2.453,-9.436
0.00,2818,-7.753,-4.189,1.982
0.00,2819,-7.628,1.716,-1.866
0.00,2820,-7.557,-2.304,3.634
0.00,2821,-2.272,6.922,-6.086
0.00,2822,4.143,-4.692,0.222
0.00,2823,2.770,5.796,-0.374
0.00,2824,-3.233,-2.310,-2.388
0.00,2825,6.102,8.265,8.223
0.00,2826,9.203,-7.940,-3.015
0.00,2827,1.161,-4.616,-0.260
0.00,2828,6.726,-6.207,3.816
0.00,2829,1.987,-0.357,6.183
0.00,2830,-6.406,-8.998,3.498
0.00,2831,2.232,-3.357,-0.089
0.00,2832,-6.833,-1.659,-7.136
0.00,2833,9.673,-7.515,8.260
0.00,2834,1.399,-4.053,-5.005
0.00,2835,-5.262,-6.270,2.609
0.00,2836,6.941,-6.303,-5.635
0.00,2837,4.422,7.206,-8.282
0.00,2838,-8.313,3.758,-1.545
0.00,2839,-8.449,-4.417,0.403
0.00,2840,0.638,9.315,-5.886
0.00,2841,-8.711,-6.506,-2.636
0.00,2842,-3.354,6.637,5.889
0.00,2843,2.087,4.398,2.669
0.00,2844,-1.684,2.180,1.177
0.00,2845,-5.650,8.845,-6.457
0.00,2846,-7.897,8.898,-3.121
0.00,2847,9.649,7.513,-0.270
0.00,2848,-5.519,-0.541,5.354
0.00,2849,2.253,2.977,-6.846
0.00,2850,-8.576,-6.013,-8.533
0.00,2851,-1.061,-7.950,6.960
0.00,2852,4.089,2.379,9.506
0.00,2853,-8.270,7.049,-2.261
0.00,2854,0.708,8.955,3.479
0.00,2855,-1.181,8.122,-3.310
0.00,2856,-5.110,-6.336,-2.200
0.00,2857,5.122,-4.262,0.392
0.00,2858,3.143,7.070,7.536
0.00,2859,-6.622,-7.394,0.745
0.00,2860,-7.161,9.050,-1.377
0.00,2861,0.062,-8.985,4.356
0.00,2862,-1.206,3.762,7.226
0.00,2863,7.933,7.628,7.863
0.00,2864,-4.049,5.204,8.302
0.00,2865,0.796,5.210,-5.207
0.00,2866,0.646,-4.505,-3.247
0.00,2867,1.213,6.405,-3.550
0.00,2868,9.414,3.758,6.586
0.00,2869,-2.707,-8.341,4.517
0.00,2870,1.939,-4.486,-3.525
0.00,2871,-8.920,-9.105,4.881
0.00,2872,5.929,-0.349,8.889
0.00,2873,3.263,-3.885,4.816
0.00,2874,-8.569,5.627,5.093
0.00,2875,6.915,-3.629,6.775
0.00,2876,4.661,-7.548,3.895
0.00,2877,-7.672,4.218,2.993
0.00,2878,0.725,-6.943,-9.043
0.00,2879,-8.412,-2.359,5.971
0.00,2880,-1.272,2.423,5.450
0.00,2881,5.960,-4.469,-3.153
0.00,2882,-3.490,-5.908,-2.399
0.00,2883,-0.708,8.581,9.313
0.00,2884,4.349,-8.176,-8.100
0.00,2885,3.570,-1.149,8.495
0.00,2886,-7.423,-7.777,-3.605
0.00,2887,7.538,4.937,-0.644
0.00,2888,0.680,6.495,7.750
0.00,2889,4.501,-7.011,6.276
0.00,2890,-3.294,-3.671,1.061
0.00,2891,2.741,3.390,4.412
0.00,2892,-8.017,4.591,9.421
0.00,2893,-0.514,6.571,2.229
0.00,2894,1.221,8.515,8.971
0.00,2895,-7.852,9.651,1.595
0.00,2896,8.677,4.227,7.577
0.00,2897,-9.232,4.587,-6.279
0.00,2898,8.387,1.202,8.234
0.00,2899,-9.406,-4.718,7.792
0.00,2900,2.304,0.983,-8.200
0.00,2901,-3.038,7.633,5.248
0.00,2902,6.865,5.070,-6.483
0.00,2903,5.730,-4.768,-0.912
0.00,2904,1.777,-0.865,9.054
0.00,2905,1.975,2.772,9.479
0.00,2906,2.693,-9.362,4.156
0.00,2907,-4.381,-8.358,-1.639
0.00,2908,-0.601,-6.720,-1.017
0.00,2909,-3.820,-6.431,1.749
0.00,2910,2.460,6.235,-6.979
0.00,2911,-2.149,-4.255,-5.624
0.00,2912,0.175,4.587,-9.347
0.00,2913,-1.387,4.111,3.019
0.00,2914,-9.689,-4.460,8.023
0.00,2915,-6.959,8.071,7.521
0.00,2916,5.921,-7.446,1.818
0.00,2917,9.197,0.530,-9.057
0.00,2918,-7.410,2.774,-1.151
0.00,2919,-9.329,2.958,-5.710
0.00,2920,6.603,-4.470,-6.940
0.00,2921,8.052,-9.656,4.120
0.00,2922,0.850,5.570,2.145
0.00,2923,1.277,2.537,5.008
0.00,2924,1.553,-7.515,-4.586
0.00,2925,-8.095,0.825,9.246
0.00,2926,3.591,-4.753,-5.144
0.00,2927,-6.362,3.284,8.771
0.00,2928,4.208,-5.182,-7.370
0.00,2929,5.557,7.520,-4.750
0.00,2930,2.411,3.436,-7.127
0.00,2931,-9.230,0.911,-2.900
0.00,2932,3.584,5.484,-6.866
0.00,2933,-3.952,-1.157,9.186
0.00,2934,-7.152,1.755,-1.396
0.00,2935,6.970,1.305,3.539
0.00,2936,-0.380,3.031,-3.450
0.00,2937,-6.923,-7.214,-6.302
0.00,2938,0.389,-2.976,3.582
0.00,2939,6.552,-8.453,8.678
0.00,2940,-5.516,8.353,0.863
0.00,2941,-5.272,2.951,-6.815
0.00,2942,8.130,-9.316,4.906
0.00,2943,-8.433,-8.790,-5.569
0.00,2944,-1.298,6.263,5.623
0.00,2945,-3.928,-5.818,5.813
0.00,2946,-7.483,8.454,1.773
0.00,2947,-5.627,-7.600,-7.632
0.00,2948,-4.704,-7.984,-0.903
0.00,2949,0.773,0.494,3.439
0.00,2950,-4.251,-0.019,-4.587
0.00,2951,-4.625,2.408,5.306
0.00,2952,-0.802,4.609,-3.415
0.00,2953,4.362,0.888,-1.005
0.00,2954,-0.971,8.667,-7.755
0.00,2955,-9.276,-6.931,-6.007
0.00,2956,-9.184,-8.795,0.124
0.00,2957,-8.160,-3.130,-2.009
0.00,2958,-6.291,5.327,7.773
0.00,2959,-8.966,-3.957,-5.231
0.00,2960,-1.985,0.822,-3.752
0.00,2961,-3.644,-5.369,7.535
0.00,2962,4.853,-5.365,8.585
0.00,2963,1.940,9.330,-6.809
0.00,2964,-3.056,-5.136,-6.207
0.00,2965,9.082,9.159,-4.349
0.00,2966,-6.104,-0.490,-0.316
0.00,2967,5.765,7.605,9.602
0.00,2968,8.785,8.975,5.616
0.00,2969,1.829,5.246,9.605
0.00,2970,1.966,4.511,-2.059
0.00,2971,-5.631,-7.470,0.530
0.00,2972,-6.333,-6.174,5.562
0.00,2973,6.414,-3.593,7.057
0.00,2974,-2.289,5.932,6.392
0.00,2975,2.218,-2.305,-1.499
0.00,2976,7.242,-1.397,-4.964
0.00,2977,-6.740,7.059,3.597
0.00,2978,-4.381,-0.750,6.746
0.00,2979,-0.296,-6.498,9.008
0.00,2980,-7.576,-8.655,3.010
0.00,2981,-8.285,2.857,1.283
0.00,2982,0.971,7.931,-2.555
0.00,2983,1.191,-1.659,-7.976
0.00,2984,0.842,9.432,1.150
0.00,2985,4.950,5.228,-7.419
0.00,2986,0.193,3.763,1.741
0.00,2987,2.025,-0.145,-8.057
0.00,2988,-2.440,0.183,7.073
0.00,2989,2.539,1.274,-8.338
0.00,2990,-1.836,-3.291,-7.493
0.00,2991,6.123,5.903,-1.930
0.00,2992,-7.040,-3.544,1.598
0.00,2993,3.942,7.858,-1.971
0.00,2994,-7.605,0.312,-6.348
0.00,2995,-6.114,-7.660,-8.223
0.00,2996,-0.290,-8.468,-1.215
0.00,2997,-9.146,1.682,-2.364
0.00,2998,7.097,-1.894,-0.321
0.00,2999,8.229,5.944,-1.547
0.05,0,-3.192,-2.727,9.221
0.05,1,7.237,3.788,0.249
0.05,2,5.939,-5.199,0.167
0.05,3,-3.095,1.077,0.890
0.05,4,8.024,6.487,-4.144
0.05,5,8.282,0.032,0.151
0.05,6,-7.298,-7.566,6.061
0.05,7,4.533,-8.965,-2.577
0.05,8,0.883,5.933,-10.672
0.05,9,-6.099,-6.117,5.239
0.05,10,0.158,0.079,-8.039
0.05,11,-7.843,-1.038,-7.080
0.05,12,-7.895,2.849,-9.825
0.05,13,1.372,-4.525,4.911
0.05,14,1.644,-4.265,4.006
0.05,15,-7.370,-4.441,-5.954
0.05,16,-6.076,-4.200,-9.708
0.05,17,6.545,-4.476,-5.489
0.05,18,5.080,3.797,1.338
0.05,19,-3.834,2.299,-3.605
0.05,20,-8.369,-0.483,0.643
0.05,21,-9.764,-7.604,2.059
0.05,22,-1.116,-5.804,-10.382
0.05,23,6.474,-5.022,-6.390
0.05,24,0.653,0.110,-7.350
0.05,25,4.079,1.522,-4.088
0.05,26,-3.413,1.732,-4.656
0.05,27,0.323,-4.368,4.104
0.05,28,-0.690,4.752,-4.884
0.05,29,-5.388,3.127,-6.519
0.05,30,5.577,-1.501,-4.553
0.05,31,-4.377,0.046,4.074
0.05,32,6.413,4.627,0.494
0.05,33,-4.410,-7.851,4.871
0.05,34,-0.417,-4.148,3.684
0.05,35,6.849,-3.886,0.149
0.05,36,-5.898,-5.313,0.781
0.05,37,3.425,-7.300,0.262
0.05,38,-6.525,-7.094,5.544
0.05,39,1.179,-7.274,4.622
0.05,40,-6.164,3.715,4.744
0.05,41,-5.710,3.621,0.173
0.05,42,4.817,2.837,-7.025
0.05,43,9.161,8.509,1.652
0.05,44,-9.035,-8.893,1.266
0.05,45,-3.947,-9.234,-5.385
0.05,46,-5.172,4.524,-10.250
0.05,47,-3.311,-9.595,4.394
0.05,48,-10.084,5.465,-9.754
0.05,49,-2.003,-3.674,9.679
0.05,50,-3.629,4.700,9.679
0.05,51,5.156,-5.838,-6.007
0.05,52,7.711,-0.748,9.428
0.05,53,-4.343,2.417,-5.412
0.05,54,3.674,8.574,-7.363
0.05,55,-8.586,2.557,1.534
0.05,56,3.092,4.202,4.891
0.05,57,8.972,-3.924,0.819
0.05,58,5.853,7.857,-6.401
0.05,59,7.330,-1.943,0.649
0.05,60,-2.758,0.647,4.816
0.05,61,-9.930,5.181,-9.711
0.05,62,-9.764,0.272,6.090
0.05,63,-3.818,3.106,-3.660
0.05,64,-4.906,4.604,3.800
0.05,65,-2.577,-6.476,-10.052
0.05,66,-0.038,8.319,0.290
0.05,67,-0.988,-5.382,-9.654
0.05,68,2.462,7.741,0.169
0.05,69,-1.351,-0.977,-1.489
0.05,70,9.226,5.072,-7.722
0.05,71,-1.950,5.160,4.318
0.05,72,-6.586,-4.155,0.457
0.05,73,-4.397,-6.435,0.412
0.05,74,-6.174,-6.467,9.168
0.05,75,-9.648,-6.413,1.996
0.05,76,-1.326,4.593,3.460
0.05,77,-5.786,-3.257,-10.228
0.05,78,-0.236,5.228,-11.022
0.05,79,8.799,-1.988,-10.529
0.05,80,-7.038,-3.502,9.414
0.05,81,2.725,1.749,-3.207
0.05,82,-1.373,-8.156,5.098
0.05,83,-6.044,1.550,4.446
0.05,84,-1.664,-5.409,-4.722
0.05,85,-3.102,0.872,1.540
0.05,86,6.008,-1.214,2.073
0.05,87,3.914,-9.264,-8.332
0.05,88,-6.849,-2.481,-5.870
0.05,89,1.006,3.590,-1.561
0.05,90,6.243,-0.088,-5.287
0.05,91,-3.698,1.912,-6.172
0.05,92,-1.736,0.061,6.712
0.05,93,8.270,-6.763,4.472
0.05,94,-5.384,7.325,-8.028
0.05,95,0.800,-8.128,-9.886
0.05,96,3.243,3.001,5.546
0.05,97,-7.617,-2.286,-6.180
0.05,98,-8.548,-8.728,-5.111
0.05,99,-7.124,-4.478,-3.079
0.05,100,0.227,-0.430,-7.861
0.05,101,-9.615,-2.828,9.315
0.05,102,-0.052,-4.173,-5.944
0.05,103,5.236,1.109,4.774
0.05,104,-5.650,0.376,4.593
0.05,105,-5.071,-5.043,-6.771
0.05,106,-4.008,8.683,5.295
0.05,107,-6.738,4.849,0.856
0.05,108,5.717,-5.484,0.296
0.05,109,2.244,3.953,5.303
0.05,110,-3.866,8.685,3.587
0.05,111,-3.149,7.958,0.494
0.05,112,1.634,-2.510,-3.812
0.05,113,5.982,-5.453,9.125
0.05,114,-5.154,-5.938,0.437
0.05,115,2.333,0.487,-2.435
0.05,116,8.794,-7.277,-4.951
0.05,117,-2.019,-0.205,6.693
0.05,118,-0.774,-0.602,2.313
0.05,119,-8.168,-8.683,-4.155
0.05,120,-2.171,-7.932,-10.685
0.05,121,2.727,-7.816,-5.066
0.05,122,-6.908,0.221,4.923
0.05,123,-3.315,3.045,-4.056
0.05,124,6.608,-0.336,4.536
0.05,125,8.512,6.022,6.700
0.05,126,-1.365,1.509,2.044
0.05,127,0.636,0.086,-0.839
0.05,128,8.928,-10.137,-1.815
0.05,129,-5.722,-0.975,4.710
0.05,130,0.027,0.132,6.421
0.05,131,8.965,-2.567,8.944
0.05,132,-5.699,5.450,0.522
0.05,133,-8.262,2.040,-5.034
0.05,134,8.593,6.490,5.636
0.05,135,-1.558,-6.051,-4.647
0.05,136,1.342,0.729,-8.197
0.05,137,-7.144,-5.228,-5.591
0.05,138,3.311,-7.353,0.246
0.05,139,3.724,-9.024,-5.147
0.05,140,1.602,6.265,4.697
0.05,141,0.729,0.164,5.147
0.05,142,-4.843,-4.246,1.405
0.05,143,-7.578,2.927,0.378
0.05,144,5.615,-3.013,8.921
0.05,145,-1.834,-0.219,-9.829
0.05,146,3.018,-7.328,-5.514
0.05,147,-6.150,-1.063,4.603
0.05,148,-8.835,-8.403,1.544
0.05,149,-3.038,2.855,-8.910
0.05,150,4.142,-3.984,4.730
0.05,151,6.134,4.533,0.828
0.05,152,6.212,-1.899,2.194
0.05,153,-2.326,-3.193,-8.085
0.05,154,-9.477,0.558,-4.169
0.05,155,0.485,3.510,3.709
0.05,156,3.276,8.682,-10.838
0.05,157,5.310,3.579,5.169
0.05,158,-7.613,-4.585,1.154
0.05,159,-0.391,-4.422,-8.856
0.05,160,5.726,-7.344,-4.569
0.05,161,2.812,7.546,-6.313
0.05,162,-8.389,4.059,4.817
0.05,163,-6.938,-2.848,9.241
0.05,164,-7.149,-5.962,-2.719
0.05,165,1.580,6.561,5.095
0.05,166,-3.279,1.643,-7.325
0.05,167,1.884,3.143,-5.429
0.05,168,-1.258,-5.311,-5.471
0.05,169,-2.461,-8.503,-10.636
0.05,170,7.807,-2.579,-6.329
0.05,171,3.651,-5.912,-9.631
0.05,172,-6.371,-0.038,5.370
0.05,173,1.230,1.701,-3.370
0.05,174,8.096,0.054,-9.209
0.05,175,7.439,-9.383,-2.720
0.05,176,6.159,1.317,5.466
0.05,177,0.261,-0.344,7.592
0.05,178,1.457,-4.566,4.412
0.05,179,0.708,8.199,0.361
0.05,180,-6.238,-8.139,9.555
0.05,181,6.488,7.450,1.017
0.05,182,-5.089,0.145,4.020
0.05,183,0.193,-8.245,0.368
0.05,184,-7.147,-3.450,0.261
0.05,185,5.361,-5.353,0.292
0.05,186,-9.381,-3.200,9.524
0.05,187,-7.615,-3.526,0.056
0.05,188,5.589,-4.822,-6.658
0.05,189,9.371,0.681,-7.581
0.05,190,-5.616,7.738,1.688
0.05,191,1.264,-2.148,4.099
0.05,192,6.302,7.249,-10.165
0.05,193,-5.263,8.903,-7.993
0.05,194,1.091,-4.736,3.740
0.05,195,-6.441,7.256,-10.388
0.05,196,-6.650,0.410,3.439
0.05,197,-3.836,4.190,2.576
0.05,198,7.408,-6.677,5.617
0.05,199,-6.034,-5.239,0.652
0.05,200,6.078,-4.580,-6.422
0.05,201,3.664,-9.883,-9.975
0.05,202,-0.107,8.869,-5.700
0.05,203,-3.607,-0.605,-11.090
0.05,204,-0.929,-4.217,-4.815
0.05,205,-9.471,6.830,-3.375
0.05,206,3.723,3.898,1.752
0.05,207,-7.421,-7.226,0.751
0.05,208,-7.458,3.724,0.554
0.05,209,4.453,5.362,3.256
0.05,210,-6.011,0.105,5.863
0.05,211,-1.157,-6.304,8.570
0.05,212,7.961,7.575,3.884
0.05,213,-0.878,0.918,-5.956
0.05,214,8.914,-7.493,4.338
0.05,215,3.985,-10.871,3.164
0.05,216,-0.858,7.707,4.830
0.05,217,-5.306,-6.868,3.640
0.05,218,-8.013,-5.055,-2.327
0.05,219,2.951,3.067,-5.301
0.05,220,-3.214,-8.261,-5.591
0.05,221,5.603,-5.149,-6.200
0.05,222,-9.414,-3.910,4.902
0.05,223,-8.641,-0.585,-7.007
0.05,224,-6.216,-6.328,1.905
0.05,225,-6.058,-7.590,-7.274
0.05,226,4.736,6.111,-10.160
0.05,227,-6.050,-4.000,-5.016
0.05,228,-3.788,-3.462,-4.116
0.05,229,-7.150,-0.055,4.882
0.05,230,-3.381,7.632,0.363
0.05,231,-8.720,-8.989,8.610
0.05,232,8.497,7.809,3.236
0.05,233,-4.837,-6.241,8.143
0.05,234,7.741,7.740,-8.716
0.05,235,4.535,8.321,-7.559
0.05,236,-5.292,5.621,0.293
0.05,237,1.799,7.584,9.671
0.05,238,4.789,-10.158,4.917
0.05,239,-4.255,3.577,-3.319
0.05,240,1.629,-3.855,3.090
0.05,241,6.007,-0.579,-3.025
0.05,242,9.381,-0.137,3.196
0.05,243,9.106,-3.922,-4.132
0.05,244,2.190,-7.549,0.322
0.05,245,-3.486,-0.213,-3.347
0.05,246,-7.443,-3.128,0.318
0.05,247,8.311,-8.721,3.655
0.05,248,-3.616,9.177,6.306
0.05,249,4.836,8.547,-9.198
0.05,250,-1.449,-6.078,-7.410
0.05,251,6.021,8.390,-5.416
0.05,252,-4.579,3.552,-5.446
0.05,253,-5.943,-9.395,5.652
0.05,254,-9.898,4.586,-9.260
0.05,255,0.658,3.886,4.509
0.05,256,-6.237,-0.007,-8.565
0.05,257,6.599,3.238,9.079
0.05,258,5.569,8.252,-9.884
0.05,259,-3.407,-7.375,0.400
0.05,260,-0.113,-5.439,3.086
0.05,261,0.638,-2.754,-8.999
0.05,262,7.854,-0.498,0.393
0.05,263,-3.724,2.021,-7.370
0.05,264,6.823,3.412,4.682
0.05,265,7.991,-1.087,0.334
0.05,266,-1.191,7.024,8.499
0.05,267,-2.615,-3.871,9.434
0.05,268,-6.813,0.700,2.863
0.05,269,1.164,8.011,2.831
0.05,270,0.375,-8.130,0.249
0.05,271,-3.663,-8.948,-6.189
0.05,272,1.493,-4.298,1.016
0.05,273,-3.361,-9.000,-5.298
0.05,274,7.147,1.686,-7.746
0.05,275,0.071,-6.583,-9.265
0.05,276,-0.631,-4.281,4.099
0.05,277,5.459,-3.759,4.324
0.05,278,3.976,-6.009,-9.812
0.05,279,-8.881,-1.164,-10.866
0.05,280,-5.824,-3.326,-5.079
0.05,281,-0.296,-5.240,5.060
0.05,282,-4.359,-0.659,3.020
0.05,283,-7.109,4.944,1.407
0.05,284,3.321,7.514,0.278
0.05,285,6.946,-6.311,9.166
0.05,286,-3.620,1.644,3.164
0.05,287,0.162,0.617,6.253
0.05,288,0.395,-0.175,-9.097
0.05,289,2.000,0.391,-3.962
0.05,290,-7.658,7.755,1.302
0.05,291,-5.560,5.051,0.469
0.05,292,4.935,-9.647,5.638
0.05,293,8.122,-4.840,-4.446
0.05,294,-9.216,-8.662,-3.793
0.05,295,-9.697,5.950,6.442
0.05,296,-4.703,3.787,4.542
0.05,297,3.205,7.489,0.322
0.05,298,8.226,-8.576,-4.908
0.05,299,7.626,1.611,8.907
0.05,300,8.731,-7.780,-9.827
0.05,301,3.930,-1.812,-0.124
0.05,302,8.379,7.462,-5.122
0.05,303,0.244,0.302,0.111
0.05,304,-4.199,8.497,-7.095
0.05,305,-5.804,8.596,-7.730
0.05,306,7.392,-3.444,0.453
0.05,307,-3.362,8.407,-4.444
0.05,308,-4.166,1.890,-6.010
0.05,309,0.620,-1.909,9.175
0.05,310,1.890,0.875,-7.521
0.05,311,3.939,-2.655,-3.672
0.05,312,-2.882,-6.442,5.114
0.05,313,4.231,5.006,-11.079
0.05,314,2.048,0.607,-3.595
0.05,315,7.599,1.425,0.464
0.05,316,3.331,-7.218,0.235
0.05,317,-0.528,-0.703,1.266
0.05,318,3.156,-9.486,4.564
0.05,319,-4.388,2.109,-5.691
0.05,320,8.396,-6.619,-5.661
0.05,321,3.973,3.067,4.562
0.05,322,-6.416,-6.903,5.147
0.05,323,-7.377,-2.818,-5.700
0.05,324,7.326,0.637,0.522
0.05,325,-7.743,-6.670,5.707
0.05,326,8.018,-3.602,-5.140
0.05,327,-9.532,-3.690,-10.630
0.05,328,-6.794,7.148,-10.219
0.05,329,5.243,1.765,-4.356
0.05,330,7.779,-4.322,6.011
0.05,331,-6.033,-5.256,-6.721
0.05,332,3.702,-9.172,-9.502
0.05,333,-3.658,2.862,-4.432
0.05,334,-9.582,-1.014,-10.555
0.05,335,7.065,-0.428,4.232
0.05,336,5.294,-5.729,0.309
0.05,337,-2.687,-3.448,-1.749
0.05,338,-8.068,0.245,-5.643
0.05,339,-7.482,8.789,6.265
0.05,340,-10.007,-6.123,1.543
0.05,341,0.094,8.776,-5.461
0.05,342,-1.905,9.467,-10.287
0.05,343,6.714,-5.797,6.712
0.05,344,7.856,3.461,0.159
0.05,345,-4.790,-6.283,0.372
0.05,346,-4.973,2.381,-5.702
0.05,347,-9.634,9.382,3.599
0.05,348,-9.565,1.180,9.053
0.05,349,-5.320,5.907,-10.578
0.05,350,-0.094,-6.273,-10.870
0.05,351,7.748,2.853,0.406
0.05,352,1.412,-5.892,-5.745
0.05,353,7.841,-0.929,0.360
0.05,354,-8.448,1.841,-7.264
0.05,355,6.416,3.339,0.269
0.05,356,0.714,-0.104,8.987
0.05,357,-0.124,2.959,-5.097
0.05,358,7.130,5.863,5.789
0.05,359,9.060,-10.846,-10.259
0.05,360,-3.389,7.590,0.385
0.05,361,4.661,0.164,-1.754
0.05,362,0.199,-0.832,-1.407
0.05,363,8.446,7.766,-8.788
0.05,364,-3.800,2.774,-4.228
0.05,365,9.567,-6.809,2.729
0.05,366,4.061,-1.742,4.550
0.05,367,-7.949,-9.354,-7.189
0.05,368,-6.482,-7.283,4.877
0.05,369,-7.455,4.346,7.588
0.05,370,-8.721,-2.571,7.684
0.05,371,8.083,6.282,6.549
0.05,372,-9.033,3.850,-8.366
0.05,373,-6.092,-0.750,5.440
0.05,374,-3.126,-7.636,6.531
0.05,375,-7.219,-3.335,0.323
0.05,376,9.618,3.438,4.387
0.05,377,-1.011,-4.554,-4.519
0.05,378,8.916,7.242,-9.104
0.05,379,7.770,-0.553,0.464
0.05,380,7.519,7.110,9.252
0.05,381,-2.947,7.645,5.134
0.05,382,8.227,1.197,-8.736
0.05,383,4.785,-6.710,5.373
0.05,384,-3.935,2.711,-4.371
0.05,385,8.436,3.313,-10.993
0.05,386,1.362,3.732,-1.574
0.05,387,9.051,9.945,1.505
0.05,388,-1.445,4.351,3.207
0.05,389,-4.854,-6.134,0.426
0.05,390,6.770,-3.305,-4.844
0.05,391,-5.505,5.501,0.315
0.05,392,1.121,-0.047,-6.125
0.05,393,-7.061,-1.777,-5.462
0.05,394,-2.510,0.252,-3.791
0.05,395,-4.818,-0.953,8.475
0.05,396,-7.196,-3.121,-5.428
0.05,397,5.047,8.677,6.005
0.05,398,4.001,4.370,-10.034
0.05,399,0.094,4.565,-3.895
0.05,400,6.155,1.381,-5.498
0.05,401,-9.013,-7.941,9.341
0.05,402,-6.561,-5.200,-9.618
0.05,403,8.074,5.540,5.914
0.05,404,-5.643,5.081,0.206
0.05,405,9.509,-5.670,1.782
0.05,406,-7.631,6.678,9.604
0.05,407,-4.136,-7.550,-5.745
0.05,408,-3.571,1.452,4.689
0.05,409,8.570,7.260,-9.008
0.05,410,-6.933,-8.896,-5.080
0.05,411,-8.978,-6.946,-4.610
0.05,412,0.662,-0.326,-0.212
0.05,413,-0.028,-4.103,-7.888
0.05,414,-7.568,-6.549,-6.033
0.05,415,0.305,-8.168,0.345
0.05,416,-8.968,-0.977,-9.701
0.05,417,-4.851,8.962,-8.373
0.05,418,4.706,5.379,-10.024
0.05,419,-9.452,-9.243,2.971
0.05,420,-6.410,-6.944,5.034
0.05,421,-1.059,9.216,5.476
0.05,422,-2.418,5.479,4.403
0.05,423,-6.941,-4.298,-5.214
0.05,424,0.382,-4.032,-4.288
0.05,425,-4.900,0.336,3.965
0.05,426,-2.882,2.698,-9.394
0.05,427,5.851,7.965,-10.577
0.05,428,8.320,-0.871,0.572
0.05,429,7.885,4.181,9.582
0.05,430,6.081,-1.508,5.327
0.05,431,0.397,-0.850,7.531
0.05,432,8.056,-10.067,-3.627
0.05,433,9.140,3.254,0.683
0.05,434,-7.823,1.580,0.332
0.05,435,3.903,3.280,3.923
0.05,436,-0.296,-4.201,-9.000
0.05,437,-7.062,-6.668,5.498
0.05,438,-5.483,-5.104,0.698
0.05,439,3.455,0.717,-5.633
0.05,440,7.427,3.092,0.387
0.05,441,-3.893,2.167,-7.798
0.05,442,-5.873,-5.298,0.642
0.05,443,4.661,-8.877,9.271
0.05,444,3.164,-6.680,-5.481
0.05,445,-2.944,7.569,0.544
0.05,446,-0.687,-8.271,0.465
0.05,447,1.095,0.336,-3.720
0.05,448,-7.797,3.392,0.592
0.05,449,-5.729,-5.174,0.681
0.05,450,-5.216,6.339,0.345
0.05,451,-1.428,-9.461,-4.466
0.05,452,-4.010,1.423,-4.163
0.05,453,-5.401,9.244,9.168
0.05,454,2.999,2.548,-3.680
0.05,455,-6.340,7.995,-6.854
0.05,456,1.346,3.187,4.318
0.05,457,7.571,1.808,0.848
0.05,458,-3.412,-1.003,9.573
0.05,459,-10.344,-5.963,3.345
0.05,460,4.788,8.843,-6.284
0.05,461,0.257,-9.620,-5.311
0.05,462,-3.127,-9.542,5.429
0.05,463,5.696,4.942,-11.038
0.05,464,-1.112,7.279,-4.635
0.05,465,-8.174,8.039,-4.327
0.05,466,2.422,-0.960,-11.056
0.05,467,-1.667,7.944,0.562
0.05,468,-8.588,3.148,1.162
0.05,469,-1.277,0.059,0.988
0.05,470,-0.110,-3.964,-8.401
0.05,471,-6.073,-4.344,-5.053
0.05,472,4.197,-9.640,-10.650
0.05,473,-5.806,8.433,8.164
0.05,474,-6.875,-0.036,4.470
0.05,475,-7.544,-7.859,6.576
0.05,476,-1.472,-9.056,5.431
0.05,477,1.061,-4.549,-7.029
0.05,478,-7.519,-0.776,-6.540
0.05,479,5.150,5.966,0.320
0.05,480,-5.804,6.817,5.178
0.05,481,-6.032,4.213,0.213
0.05,482,0.322,3.380,-3.106
0.05,483,7.161,-3.964,-7.149
0.05,484,-4.180,-6.612,0.379
0.05,485,8.719,-8.278,3.969
0.05,486,-7.853,-1.976,-3.872
0.05,487,6.205,4.854,3.521
0.05,488,-8.865,3.144,-4.244
0.05,489,8.904,-9.438,5.197
0.05,490,-7.752,-5.426,9.276
0.05,491,-8.699,-7.830,-9.589
0.05,492,5.774,4.659,-8.806
0.05,493,-0.331,-4.731,-7.497
0.05,494,7.953,-0.110,0.421
0.05,495,-7.336,-8.871,-10.308
0.05,496,-7.204,-3.428,0.290
0.05,497,-6.155,8.708,-4.313
0.05,498,3.428,8.606,-5.750
0.05,499,6.158,3.245,-10.395
0.05,500,-7.697,3.197,9.709
0.05,501,5.421,5.706,0.255
0.05,502,4.720,-9.704,5.354
0.05,503,-7.696,-3.423,-5.364
0.05,504,-1.151,4.137,-4.162
0.05,505,3.523,-3.975,1.977
0.05,506,0.875,0.389,-3.265
0.05,507,4.577,0.336,-1.270
0.05,508,0.220,-5.510,-6.239
0.05,509,9.338,-0.032,-6.202
0.05,510,-3.883,2.098,-4.893
0.05,511,-6.564,-8.153,-6.756
0.05,512,5.007,-6.764,-7.091
0.05,513,6.108,-4.103,-4.991
0.05,514,5.225,5.786,0.287
0.05,515,-9.664,5.447,-3.913
0.05,516,-9.452,9.406,-0.234
0.05,517,0.880,-9.911,2.299
0.05,518,1.889,-4.081,3.760
0.05,519,7.290,1.510,-10.363
0.05,520,-1.734,-5.662,-9.018
0.05,521,-8.026,-7.095,-5.689
0.05,522,1.083,-3.448,-4.544
0.05,523,-4.507,9.422,9.308
0.05,524,-0.717,-5.235,-10.171
0.05,525,-6.021,-0.420,4.723
0.05,526,-6.013,-4.334,0.749
0.05,527,4.501,4.600,4.909
0.05,528,9.055,-2.653,-7.477
0.05,529,2.001,3.282,1.348
0.05,530,-3.835,-6.822,0.401
0.05,531,-3.951,1.521,3.361
0.05,532,1.013,-3.560,2.446
0.05,533,7.143,-6.328,-10.499
0.05,534,5.744,-1.508,2.187
0.05,535,1.264,6.119,5.303
0.05,536,-2.660,0.384,6.289
0.05,537,5.275,-7.272,-9.093
0.05,538,5.447,4.540,-8.969
0.05,539,0.746,3.903,3.512
0.05,540,-0.524,-4.375,-4.770
0.05,541,3.971,-1.962,-3.642
0.05,542,6.799,3.951,-10.960
0.05,543,7.933,-3.313,0.271
0.05,544,-6.995,-3.810,0.406
0.05,545,-6.337,0.306,4.185
0.05,546,0.161,4.508,-4.465
0.05,547,3.930,-7.503,0.375
0.05,548,-6.424,-7.529,-6.242
0.05,549,-5.719,3.763,0.060
0.05,550,9.485,-7.779,-5.641
0.05,551,-1.440,7.909,0.568
0.05,552,-4.211,1.611,-4.629
0.05,553,-5.450,-2.162,-4.898
0.05,554,8.760,-1.969,-7.682
0.05,555,-7.686,2.991,0.426
0.05,556,-0.104,-8.514,3.901
0.05,557,2.855,1.143,-4.566
0.05,558,3.131,7.524,0.289
0.05,559,-2.791,6.420,-4.608
0.05,560,0.501,4.479,-11.073
0.05,561,-5.345,-6.635,9.228
0.05,562,6.004,-4.118,5.306
0.05,563,-4.433,9.110,-8.226
0.05,564,7.218,8.604,9.259
0.05,565,-1.736,-2.844,-4.795
0.05,566,-6.084,-5.459,0.818
0.05,567,-4.175,2.108,-5.290
0.05,568,4.861,-5.870,0.329
0.05,569,-3.196,9.407,-9.327
0.05,570,-8.091,-1.507,1.897
0.05,571,7.164,-3.928,-5.398
0.05,572,7.879,6.669,4.548
0.05,573,7.722,6.702,5.229
0.05,574,1.164,-4.741,3.943
0.05,575,-3.974,-0.947,4.689
0.05,576,0.429,-1.009,-9.022
0.05,577,-3.811,-0.979,3.998
0.05,578,3.697,5.683,-9.788
0.05,579,7.916,-0.346,0.312
0.05,580,1.552,6.636,-10.963
0.05,581,-6.773,-7.102,-10.013
0.05,582,-6.372,-4.250,-7.368
0.05,583,3.602,3.961,3.559
0.05,584,8.757,-9.830,0.559
0.05,585,9.268,-2.933,-10.097
0.05,586,-3.578,-6.752,0.302
0.05,587,-8.764,-8.943,6.094
0.05,588,-0.307,-8.118,0.538
0.05,589,2.494,-0.222,7.901
0.05,590,3.638,6.958,-5.766
0.05,591,5.440,-5.816,0.264
0.05,592,6.826,5.654,-0.112
0.05,593,-1.016,-3.949,3.399
0.05,594,-0.292,7.743,-0.189
0.05,595,2.037,-0.586,-3.398
0.05,596,2.234,-4.604,9.348
0.05,597,-2.384,2.602,3.028
0.05,598,-7.812,-8.023,-5.025
0.05,599,0.581,6.474,-9.750
0.05,600,7.331,6.791,-5.627
0.05,601,4.623,-10.015,4.991
0.05,602,-6.843,-8.785,-4.810
0.05,603,-4.113,2.459,-4.993
0.05,604,8.639,-0.012,-10.091
0.05,605,-7.864,-8.287,-4.886
0.05,606,9.438,-0.213,-8.614
0.05,607,-1.202,-6.069,-9.088
0.05,608,7.491,2.774,-6.215
0.05,609,-8.014,-3.316,5.579
0.05,610,-5.788,-0.436,4.919
0.05,611,9.325,4.625,-4.024
0.05,612,1.639,-4.302,4.444
0.05,613,1.004,-0.321,1.919
0.05,614,7.921,-0.094,0.293
0.05,615,-3.074,7.614,5.227
0.05,616,0.081,-0.211,3.933
0.05,617,1.044,0.019,-5.392
0.05,618,-6.951,0.225,3.982
0.05,619,-0.052,-0.192,7.373
0.05,620,-4.495,0.390,3.983
0.05,621,-8.155,1.574,9.720
0.05,622,-8.187,-0.779,0.626
0.05,623,0.498,-5.610,-5.945
0.05,624,-9.158,-6.594,8.616
0.05,625,0.847,-2.654,6.490
0.05,626,-0.328,-0.894,9.147
0.05,627,5.174,-3.392,5.147
0.05,628,-8.577,1.644,-4.310
0.05,629,-6.574,-7.759,6.229
0.05,630,-1.604,-4.067,3.519
0.05,631,-0.167,-4.736,-5.202
0.05,632,-5.086,5.773,0.258
0.05,633,-6.737,-1.381,4.967
0.05,634,-8.555,-3.808,9.410
0.05,635,7.864,-3.375,-9.915
0.05,636,8.714,0.265,-9.505
0.05,637,-0.660,7.711,-10.216
0.05,638,3.543,0.522,3.651
0.05,639,-5.320,3.426,4.174
0.05,640,-3.329,2.697,-3.787
0.05,641,-4.427,-0.693,4.486
0.05,642,6.578,9.182,5.483
0.05,643,7.676,8.899,2.322
0.05,644,8.695,-0.028,-9.686
0.05,645,5.773,-4.680,9.435
0.05,646,0.207,-0.229,-10.182
0.05,647,3.310,-1.083,-10.898
0.05,648,-1.196,3.903,-4.067
0.05,649,1.575,4.456,-10.022
0.05,650,0.412,2.474,0.628
0.05,651,8.256,7.426,-7.670
0.05,652,-2.436,-4.254,-5.420
0.05,653,-1.532,-3.924,3.841
0.05,654,-1.510,-4.978,-4.108
0.05,655,7.422,-3.377,0.356
0.05,656,1.605,-7.776,3.307
0.05,657,-8.196,-0.472,0.618
0.05,658,0.969,3.945,-10.631
0.05,659,5.065,1.838,-5.766
0.05,660,7.541,-3.540,0.418
0.05,661,-9.003,-3.114,9.670
0.05,662,9.371,0.066,-8.251
0.05,663,3.611,1.770,-5.471
0.05,664,6.341,0.655,5.129
0.05,665,-1.344,3.243,2.963
0.05,666,-4.239,8.611,-6.150
0.05,667,-5.429,8.893,6.372
0.05,668,5.172,6.762,0.536
0.05,669,-0.131,-4.438,-4.727
0.05,670,-5.994,-9.203,5.686
0.05,671,4.556,2.497,-4.467
0.05,672,7.010,-3.779,-4.950
0.05,673,7.992,-7.044,-11.098
0.05,674,-0.653,7.747,-7.240
0.05,675,-7.898,-8.400,-9.815
0.05,676,3.823,8.492,-5.781
0.05,677,6.124,-4.646,0.201
0.05,678,0.290,-4.012,2.006
0.05,679,4.940,6.549,-9.948
0.05,680,-4.521,3.128,-7.749
0.05,681,-4.343,-8.745,-7.220
0.05,682,-2.511,7.509,0.643
0.05,683,5.849,5.806,0.284
0.05,684,5.745,-4.936,0.238
0.05,685,-8.231,-0.696,0.617
0.05,686,-4.736,-4.145,-9.848
0.05,687,3.307,4.991,5.792
0.05,688,7.836,6.510,-4.389
0.05,689,6.842,2.831,-10.649
0.05,690,-6.591,-6.692,-5.574
0.05,691,-8.206,1.999,-4.967
0.05,692,-7.400,-2.169,7.153
0.05,693,4.967,6.042,0.295
0.05,694,-5.419,8.680,1.540
0.05,695,-8.922,1.726,-4.063
0.05,696,-6.411,-0.308,4.322
0.05,697,-3.517,-2.717,-3.362
0.05,698,-2.681,0.637,8.655
0.05,699,-2.509,8.956,-9.588
0.05,700,-5.146,-0.173,4.833
0.05,701,4.573,-5.868,0.817
0.05,702,-6.482,6.808,1.364
0.05,703,-2.656,-3.585,4.668
0.05,704,-0.234,4.514,-4.343
0.05,705,4.277,6.986,6.249
0.05,706,0.419,-5.543,-5.229
0.05,707,-7.709,8.913,-7.605
0.05,708,6.303,-0.749,5.031
0.05,709,3.047,1.882,-9.578
0.05,710,9.697,-7.831,-4.549
0.05,711,1.428,7.911,0.259
0.05,712,9.758,-6.344,-10.788
0.05,713,-8.540,-4.555,-10.853
0.05,714,5.246,-3.934,5.454
0.05,715,-4.763,-6.802,2.872
0.05,716,-9.012,3.823,6.698
0.05,717,-8.448,-8.579,2.718
0.05,718,7.525,6.912,-7.175
0.05,719,1.951,-7.251,0.237
0.05,720,0.567,6.789,0.143
0.05,721,6.360,7.317,-2.093
0.05,722,-9.291,-8.510,-4.327
0.05,723,8.379,0.048,-9.530
0.05,724,-0.027,4.095,3.365
0.05,725,1.414,4.800,-10.155
0.05,726,2.602,-4.511,9.655
0.05,727,0.951,-7.332,0.581
0.05,728,-7.024,-6.690,1.490
0.05,729,-7.352,7.586,7.257
0.05,730,-3.285,7.757,0.294
0.05,731,-6.439,-3.257,6.694
0.05,732,4.966,2.477,-3.569
0.05,733,-0.304,0.005,-6.940
0.05,734,0.956,6.987,4.293
0.05,735,5.819,-4.116,5.065
0.05,736,-7.395,5.048,-9.789
0.05,737,6.816,-0.207,5.428
0.05,738,-1.930,-8.818,3.874
0.05,739,6.984,9.561,5.525
0.05,740,-2.715,9.311,-9.563
0.05,741,-1.423,-5.799,-2.465
0.05,742,7.849,-5.563,5.273
0.05,743,-3.023,-8.263,-0.447
0.05,744,-0.965,0.487,5.545
0.05,745,0.540,-0.044,7.553
0.05,746,-2.107,-0.456,8.858
0.05,747,7.594,-3.760,0.438
0.05,748,-5.163,4.832,-6.022
0.05,749,-1.146,-4.112,-4.509
0.05,750,-3.085,1.980,0.168
0.05,751,-9.540,9.383,3.341
0.05,752,0.166,-8.439,4.562
0.05,753,7.215,-3.442,0.379
0.05,754,-0.424,0.205,2.630
0.05,755,-2.828,0.599,-7.400
0.05,756,2.152,-5.604,4.657
0.05,757,4.393,5.287,-9.801
0.05,758,3.246,6.544,6.436
0.05,759,-6.748,-7.631,-9.929
0.05,760,8.458,-4.242,-4.024
0.05,761,-3.237,8.801,-10.773
0.05,762,5.730,2.187,-3.598
0.05,763,7.264,-3.950,-4.930
0.05,764,-1.115,0.937,-9.120
0.05,765,7.345,-7.526,1.995
0.05,766,5.190,-2.915,1.751
0.05,767,-0.064,-0.111,-8.009
0.05,768,-8.036,1.783,-6.568
0.05,769,6.330,2.108,-4.339
0.05,770,2.622,-7.637,-5.350
0.05,771,7.292,2.452,0.551
0.05,772,-1.261,8.255,-8.109
0.05,773,1.912,0.398,9.241
0.05,774,-5.892,-5.283,0.668
0.05,775,4.087,4.264,0.806
0.05,776,-5.010,0.691,2.494
0.05,777,-5.594,-5.731,0.505
0.05,778,3.122,7.351,-6.543
0.05,779,-1.375,8.201,-9.364
0.05,780,4.701,9.088,-2.823
0.05,781,-9.685,7.278,-0.113
0.05,782,5.445,-3.643,4.178
0.05,783,8.801,5.640,6.168
0.05,784,1.662,9.065,1.249
0.05,785,6.255,10.202,5.287
0.05,786,8.485,7.314,-5.413
0.05,787,-4.642,4.523,4.909
0.05,788,4.170,-3.853,4.431
0.05,789,-3.295,3.506,-2.887
0.05,790,-5.665,7.817,-8.214
0.05,791,1.768,-7.612,0.320
0.05,792,0.517,3.151,-3.549
0.05,793,-6.339,-1.494,6.241
0.05,794,-6.262,-0.284,5.553
0.05,795,5.928,2.409,-4.406
0.05,796,7.210,6.595,5.510
0.05,797,6.348,8.096,-4.485
0.05,798,-0.187,-0.508,8.379
0.05,799,-2.283,1.070,-9.400
0.05,800,-0.205,-4.148,6.652
0.05,801,1.322,1.192,-7.331
0.05,802,-4.788,-6.862,0.605
0.05,803,1.408,-6.589,0.544
0.05,804,-6.635,-7.038,-10.359
0.05,805,7.619,3.715,-10.440
0.05,806,4.669,-3.515,5.838
0.05,807,-5.517,-8.797,5.442
0.05,808,-3.185,0.478,-6.834
0.05,809,6.355,-4.131,-9.917
0.05,810,0.927,-1.652,-1.325
0.05,811,5.831,9.307,6.776
0.05,812,3.176,0.618,-2.747
0.05,813,-7.554,-8.069,6.683
0.05,814,1.411,9.485,8.955
0.05,815,4.454,-9.750,5.165
0.05,816,6.890,5.744,9.751
0.05,817,-4.521,-6.332,0.462
0.05,818,9.641,-10.713,-8.065
0.05,819,0.075,4.590,5.391
0.05,820,-8.919,-8.544,2.429
0.05,821,0.036,0.823,-7.426
0.05,822,-7.722,7.007,-10.462
0.05,823,-5.112,5.343,-6.181
0.05,824,6.239,7.613,-5.001
0.05,825,-6.648,6.331,0.312
0.05,826,-1.240,3.254,3.278
0.05,827,4.585,-6.589,-10.846
0.05,828,-6.334,6.445,-10.349
0.05,829,4.128,3.721,-8.786
0.05,830,-3.719,0.535,-4.082
0.05,831,2.213,7.911,3.994
0.05,832,5.549,2.931,5.544
0.05,833,-6.295,7.042,-6.006
0.05,834,-4.774,0.545,5.654
0.05,835,2.143,8.089,0.507
0.05,836,6.148,0.130,4.784
0.05,837,0.614,-0.697,-7.518
0.05,838,2.898,4.214,-0.887
0.05,839,4.655,6.368,0.330
0.05,840,1.709,-5.898,4.551
0.05,841,-2.129,7.689,0.629
0.05,842,7.985,5.650,-8.418
0.05,843,5.044,8.967,0.780
0.05,844,-8.116,7.703,-5.812
0.05,845,4.764,2.671,-4.059
0.05,846,9.169,2.723,3.361
0.05,847,4.945,4.514,5.130
0.05,848,-6.321,8.431,8.093
0.05,849,-0.250,-7.269,-6.116
0.05,850,2.203,3.606,3.093
0.05,851,-7.879,3.706,0.512
0.05,852,3.646,9.301,8.004
0.05,853,7.647,-4.424,-4.895
0.05,854,-8.216,-0.360,0.597
0.05,855,1.684,-5.754,3.488
0.05,856,-1.534,0.038,-8.469
0.05,857,-2.769,0.841,-4.062
0.05,858,4.660,7.908,-5.547
0.05,859,-1.102,-0.308,-1.111
0.05,860,-9.849,-0.211,-3.765
0.05,861,-5.746,-1.359,2.638
0.05,862,0.315,0.145,-0.037
0.05,863,5.837,9.246,9.224
0.05,864,4.166,-6.787,-5.998
0.05,865,-8.202,-2.211,-5.578
0.05,866,-1.557,0.346,0.424
0.05,867,-3.448,-7.553,0.958
0.05,868,5.274,-3.750,6.104
0.05,869,-6.207,7.671,6.492
0.05,870,-7.637,7.709,1.508
0.05,871,7.932,-7.740,4.535
0.05,872,-6.545,7.605,-1.954
0.05,873,-9.199,4.329,5.527
0.05,874,-8.722,0.374,8.941
0.05,875,-5.510,-1.616,-5.361
0.05,876,-3.723,0.580,4.922
0.05,877,0.076,3.922,5.270
0.05,878,2.974,4.563,-10.461
0.05,879,5.505,5.503,0.324
0.05,880,0.087,-3.678,-8.190
0.05,881,7.402,3.152,0.351
0.05,882,-5.043,0.588,-4.116
0.05,883,4.269,4.903,8.594
0.05,884,7.071,-3.795,-5.227
0.05,885,-1.752,4.541,-4.853
0.05,886,3.897,-3.681,-4.689
0.05,887,0.330,-4.167,-4.016
0.05,888,6.993,-4.573,-5.027
0.05,889,-9.135,-9.236,-7.025
0.05,890,-8.225,-5.707,-11.006
0.05,891,-0.724,6.059,1.232
0.05,892,-8.073,8.663,-4.035
0.05,893,-8.003,-1.428,0.556
0.05,894,-2.584,0.314,0.699
0.05,895,-7.672,3.880,0.658
0.05,896,6.522,1.184,5.215
0.05,897,-1.449,0.504,-10.133
0.05,898,5.934,-4.103,-10.217
0.05,899,8.545,6.959,-4.247
0.05,900,-9.030,-0.949,-10.887
0.05,901,3.719,7.363,0.440
0.05,902,-0.739,-0.262,-0.921
0.05,903,1.345,-7.529,0.420
0.05,904,0.503,6.081,9.248
0.05,905,3.498,-7.375,0.240
0.05,906,8.202,-5.268,6.458
0.05,907,2.094,-4.923,5.040
0.05,908,5.761,-2.840,5.897
0.05,909,3.649,-7.344,0.257
0.05,910,5.006,-6.174,-11.006
0.05,911,-5.530,4.234,-11.102
0.05,912,4.880,2.883,-5.023
0.05,913,1.490,-0.280,1.751
0.05,914,-0.920,3.213,3.217
0.05,915,5.399,2.793,-6.943
0.05,916,-5.748,5.252,0.292
0.05,917,-6.782,-4.806,-8.916
0.05,918,0.480,4.344,-11.013
0.05,919,-8.319,0.291,-4.436
0.05,920,8.975,2.910,2.153
0.05,921,4.587,-2.610,5.651
0.05,922,-0.699,-0.091,-0.383
0.05,923,9.078,-8.726,9.578
0.05,924,-3.938,2.819,-10.287
0.05,925,6.299,9.093,1.362
0.05,926,-7.121,6.965,-10.578
0.05,927,-2.622,8.784,-6.446
0.05,928,-5.013,-2.698,4.043
0.05,929,7.974,-0.716,0.309
0.05,930,2.727,-9.590,-8.808
0.05,931,-5.512,9.130,-8.984
0.05,932,-2.385,-3.798,-7.136
0.05,933,7.392,-3.119,0.496
0.05,934,-0.294,-2.743,2.952
0.05,935,7.030,5.575,-4.798
0.05,936,-7.474,3.251,0.539
0.05,937,-1.037,-8.473,-5.580
0.05,938,0.450,4.100,4.142
0.05,939,8.230,-0.201,-8.328
0.05,940,-1.157,-5.152,-7.371
0.05,941,-2.452,1.627,-9.529
0.05,942,6.813,8.654,-5.613
0.05,943,2.424,6.370,-8.361
0.05,944,-7.793,9.657,8.285
0.05,945,5.942,4.145,-10.500
0.05,946,-1.330,-0.259,-0.541
0.05,947,-7.901,2.165,0.626
0.05,948,5.889,7.653,-9.961
0.05,949,-0.593,8.564,-5.997
0.05,950,1.084,-6.116,0.561
0.05,951,0.777,8.542,-5.913
0.05,952,-6.363,-7.734,-6.281
0.05,953,3.597,7.286,0.301
0.05,954,1.596,-0.835,-10.061
0.05,955,-6.141,-1.032,4.309
0.05,956,-4.745,8.267,-8.362
0.05,957,8.663,-9.014,3.990
0.05,958,-1.732,-4.702,-4.021
0.05,959,-9.052,2.994,-4.143
0.05,960,-9.952,3.801,-8.744
0.05,961,10.383,9.477,-1.469
0.05,962,2.846,7.589,0.292
0.05,963,-2.659,-8.154,-8.828
0.05,964,-7.847,3.848,9.724
0.05,965,6.777,8.668,-5.885
0.05,966,8.121,-0.303,3.498
0.05,967,-5.552,9.735,6.911
0.05,968,3.576,-6.867,0.409
0.05,969,-0.076,4.689,-11.127
0.05,970,7.306,1.804,5.519
0.05,971,8.673,-3.967,-3.362
0.05,972,0.015,-4.251,-4.852
0.05,973,-5.583,7.702,-8.117
0.05,974,9.189,-4.001,0.965
0.05,975,6.054,-5.083,-6.428
0.05,976,7.275,6.664,-4.338
0.05,977,0.743,-0.303,-9.932
0.05,978,-0.430,-5.665,5.385
0.05,979,-7.337,-0.722,6.570
0.05,980,-2.823,7.189,-5.702
0.05,981,-10.892,-4.949,2.583
0.05,982,-6.825,-6.372,5.496
0.05,983,4.476,-3.642,4.066
0.05,984,-8.788,-10.220,0.395
0.05,985,5.490,2.825,-9.860
0.05,986,6.358,-7.943,6.465
0.05,987,6.215,-10.122,-7.834
0.05,988,8.746,-7.259,4.915
0.05,989,3.586,8.197,-6.330
0.05,990,9.891,-6.824,1.306
0.05,991,-5.275,3.500,5.277
0.05,992,-6.081,-3.775,1.137
0.05,993,3.362,7.683,9.364
0.05,994,0.655,-1.707,1.093
0.05,995,4.675,2.020,4.875
0.05,996,3.677,4.022,-10.776
0.05,997,6.862,1.796,-6.306
0.05,998,-5.774,2.951,-5.332
0.05,999,0.578,0.420,-8.654
0.05,1000,-0.573,-0.625,-9.747
0.05,1001,8.075,7.224,3.664
0.05,1002,8.818,8.436,1.533
0.05,1003,-1.081,-8.774,-10.487
0.05,1004,0.245,5.770,-10.101
0.05,1005,2.283,-0.648,-10.515
0.05,1006,-8.620,7.766,-4.901
0.05,1007,-0.811,7.680,-9.054
0.05,1008,6.597,-8.215,-4.333
0.05,1009,-3.955,-0.758,5.430
0.05,1010,-3.354,4.475,-4.654
0.05,1011,1.329,3.271,-3.393
0.05,1012,8.100,-0.459,0.254
0.05,1013,-3.079,-8.261,-5.919
0.05,1014,-5.688,0.456,-5.438
0.05,1015,4.041,8.614,9.063
0.05,1016,-4.351,-6.599,0.425
0.05,1017,9.680,0.575,-1.808
0.05,1018,-0.213,-4.501,-7.825
0.05,1019,6.501,9.183,1.517
0.05,1020,7.890,1.042,0.888
0.05,1021,3.455,0.117,-1.112
0.05,1022,7.885,-1.210,0.286
0.05,1023,-7.501,-0.018,4.876
0.05,1024,5.908,5.218,0.336
0.05,1025,2.175,1.247,-9.369
0.05,1026,5.968,-3.931,-9.882
0.05,1027,-8.096,-3.291,-5.509
0.05,1028,-4.103,-2.718,-10.181
0.05,1029,-4.679,-5.838,0.731
0.05,1030,-6.197,0.813,1.758
0.05,1031,5.023,-8.186,-4.490
0.05,1032,-0.881,-0.611,-1.393
0.05,1033,-5.424,3.909,-7.851
0.05,1034,6.886,2.997,4.916
0.05,1035,-4.445,3.165,9.674
0.05,1036,-1.713,0.187,5.536
0.05,1037,5.670,5.981,-9.460
0.05,1038,-0.729,-0.100,2.674
0.05,1039,3.683,-7.314,-5.559
0.05,1040,3.692,-7.196,-5.461
0.05,1041,-6.896,-7.810,5.866
0.05,1042,4.502,6.459,0.698
0.05,1043,6.337,-3.121,5.476
0.05,1044,2.344,9.724,7.936
0.05,1045,2.983,-8.283,1.426
0.05,1046,1.522,-7.631,0.783
0.05,1047,5.927,-3.891,-7.253
0.05,1048,0.506,-0.178,-8.399
0.05,1049,2.720,7.864,0.393
0.05,1050,6.991,9.194,-3.360
0.05,1051,-6.810,-8.765,-10.384
0.05,1052,-0.263,3.402,4.229
0.05,1053,1.602,-8.604,-5.072
0.05,1054,7.204,4.305,0.095
0.05,1055,4.758,0.100,4.241
0.05,1056,2.482,-3.737,3.977
0.05,1057,1.089,-8.729,9.473
0.05,1058,6.527,-1.747,8.119
0.05,1059,3.572,3.498,-6.146
0.05,1060,-2.379,7.553,-3.677
0.05,1061,-7.342,3.334,8.846
0.05,1062,5.102,1.905,5.309
0.05,1063,5.122,-3.734,2.466
0.05,1064,-2.178,7.424,-10.353
0.05,1065,6.006,3.898,5.355
0.05,1066,4.380,-4.334,-9.946
0.05,1067,-0.869,-4.840,-4.751
0.05,1068,1.253,-9.245,6.300
0.05,1069,-9.045,8.445,0.431
0.05,1070,7.797,7.414,4.101
0.05,1071,5.279,4.403,-5.207
0.05,1072,1.243,-4.856,3.743
0.05,1073,-6.269,-0.248,4.842
0.05,1074,4.808,8.178,1.780
0.05,1075,7.031,3.396,0.416
0.05,1076,2.877,0.216,-3.055
0.05,1077,2.979,-3.326,-10.485
0.05,1078,4.039,-9.214,-8.670
0.05,1079,6.409,-7.156,4.540
0.05,1080,-1.761,0.512,-6.092
0.05,1081,0.324,-4.176,2.688
0.05,1082,-6.535,-8.138,2.983
0.05,1083,4.495,-9.772,-11.020
0.05,1084,-0.095,7.816,0.473
0.05,1085,4.003,6.404,0.101
0.05,1086,-7.752,-9.141,-9.472
0.05,1087,-7.672,2.081,-9.871
0.05,1088,-2.666,-8.920,-10.344
0.05,1089,-1.647,5.074,-2.595
0.05,1090,9.817,-5.721,-3.160
0.05,1091,6.143,6.556,0.456
0.05,1092,-7.125,-6.359,-9.331
0.05,1093,-1.045,-0.869,-1.532
0.05,1094,-0.427,3.792,-5.592
0.05,1095,-5.098,6.525,0.626
0.05,1096,5.500,-7.565,5.558
0.05,1097,-1.717,3.055,3.230
0.05,1098,1.443,-7.468,4.592
0.05,1099,7.316,-2.967,-4.719
0.05,1100,9.050,4.376,6.543
0.05,1101,-2.001,4.145,-3.530
0.05,1102,0.723,-7.869,0.479
0.05,1103,4.209,-7.279,0.402
0.05,1104,-8.070,9.041,-7.684
0.05,1105,2.903,-0.825,-3.012
0.05,1106,-2.805,2.664,2.881
0.05,1107,-0.152,8.005,4.464
0.05,1108,2.087,-8.847,-4.118
0.05,1109,-0.131,-4.195,-6.343
0.05,1110,-3.151,7.751,0.410
0.05,1111,7.337,-3.584,0.362
0.05,1112,2.746,6.510,5.111
0.05,1113,-9.605,-4.387,9.376
0.05,1114,5.671,-7.419,-4.800
0.05,1115,1.023,-4.763,3.787
0.05,1116,-0.298,-0.044,8.598
0.05,1117,4.660,-7.215,-10.851
0.05,1118,5.003,5.676,0.280
0.05,1119,6.505,0.726,-5.169
0.05,1120,-0.352,-0.157,-9.008
0.05,1121,4.298,-4.387,5.256
0.05,1122,-6.416,-3.319,-5.555
0.05,1123,7.971,1.972,-6.950
0.05,1124,0.767,6.662,4.112
0.05,1125,-6.252,6.179,-10.091
0.05,1126,-0.066,0.390,3.664
0.05,1127,4.392,3.718,-5.682
0.05,1128,-4.569,-9.020,-7.997
0.05,1129,4.903,2.955,-9.929
0.05,1130,-9.135,5.294,3.301
0.05,1131,9.728,-1.017,-9.296
0.05,1132,0.497,8.185,0.255
0.05,1133,7.400,6.445,-7.345
0.05,1134,2.368,-7.249,-5.587
0.05,1135,-8.194,8.132,2.129
0.05,1136,7.171,4.506,0.640
0.05,1137,3.179,-0.204,-3.215
0.05,1138,-5.721,6.299,0.046
0.05,1139,3.657,7.293,0.302
0.05,1140,-7.068,-7.361,2.897
0.05,1141,5.005,-4.918,-7.418
0.05,1142,0.146,5.172,3.378
0.05,1143,3.373,0.351,4.010
0.05,1144,1.045,8.163,0.353
0.05,1145,-3.222,7.953,0.647
0.05,1146,-4.844,-5.784,5.345
0.05,1147,-6.857,-8.393,4.907
0.05,1148,-6.959,-4.609,-9.866
0.05,1149,2.117,-1.569,-3.135
0.05,1150,-5.650,4.504,-7.674
0.05,1151,0.251,8.065,5.261
0.05,1152,5.908,-4.609,6.505
0.05,1153,-6.836,-4.367,-6.870
0.05,1154,-7.212,-3.528,0.359
0.05,1155,-4.296,9.291,-4.214
0.05,1156,0.639,6.494,4.778
0.05,1157,-3.791,3.440,-3.623
0.05,1158,-2.833,1.916,-3.967
0.05,1159,3.471,7.857,-8.423
0.05,1160,-7.297,-3.449,0.356
0.05,1161,-2.799,-7.766,0.623
0.05,1162,6.567,-6.694,3.920
0.05,1163,4.391,7.480,-5.585
0.05,1164,-5.935,-4.890,-10.212
0.05,1165,-0.638,-4.347,-8.879
0.05,1166,1.241,-4.596,0.746
0.05,1167,5.530,0.353,-1.951
0.05,1168,6.046,-5.100,-10.986
0.05,1169,2.510,6.805,4.812
0.05,1170,8.281,0.324,-10.254
0.05,1171,9.204,3.616,8.674
0.05,1172,-4.475,-6.335,0.422
0.05,1173,0.362,0.191,1.230
0.05,1174,-3.417,1.515,-3.523
0.05,1175,-2.656,3.097,9.642
0.05,1176,8.009,2.151,-9.168
0.05,1177,7.109,-3.971,-4.966
0.05,1178,-6.279,-6.744,5.383
0.05,1179,4.670,2.964,-8.968
0.05,1180,-1.571,8.139,0.620
0.05,1181,7.777,7.408,-4.349
0.05,1182,3.533,2.886,-4.276
0.05,1183,-3.136,7.586,0.497
0.05,1184,-7.309,-3.624,0.078
0.05,1185,-7.296,-3.212,-5.700
0.05,1186,0.443,8.334,3.555
0.05,1187,7.344,7.474,-9.327
0.05,1188,-0.411,-0.176,-10.653
0.05,1189,-7.774,-5.229,-6.546
0.05,1190,0.148,2.771,3.743
0.05,1191,7.440,3.373,4.464
0.05,1192,0.707,-7.415,0.357
0.05,1193,9.038,-3.149,9.570
0.05,1194,-3.245,3.104,-2.957
0.05,1195,8.750,-8.041,3.695
0.05,1196,10.467,1.536,-4.208
0.05,1197,-6.729,-7.554,-5.767
0.05,1198,-6.250,8.353,6.416
0.05,1199,-5.602,5.268,-11.105
0.05,1200,4.646,-0.083,-4.523
0.05,1201,-0.887,-5.550,-9.879
0.05,1202,7.966,6.623,-3.702
0.05,1203,-4.322,9.577,6.024
0.05,1204,7.332,7.047,-4.444
0.05,1205,-3.750,-2.207,-3.327
0.05,1206,2.195,8.972,-4.639
0.05,1207,0.919,10.478,4.780
0.05,1208,-5.895,-2.992,-9.719
0.05,1209,7.223,-3.429,0.224
0.05,1210,1.804,0.727,-3.763
0.05,1211,5.646,-1.981,-10.351
0.05,1212,-5.801,-7.709,-6.617
0.05,1213,-3.637,2.404,-9.433
0.05,1214,-5.683,-3.626,-10.284
0.05,1215,5.146,2.839,-9.879
0.05,1216,6.284,3.624,-8.250
0.05,1217,-7.900,-2.473,8.834
0.05,1218,5.308,6.098,0.389
0.05,1219,5.488,2.118,-4.422
0.05,1220,6.863,-3.836,-9.771
0.05,1221,0.920,7.617,-5.526
0.05,1222,-0.000,-7.223,-9.971
0.05,1223,-9.670,6.232,-3.964
0.05,1224,6.946,7.729,-4.519
0.05,1225,7.414,9.123,-4.586
0.05,1226,4.095,-7.450,0.322
0.05,1227,6.095,6.612,0.660
0.05,1228,3.907,-4.319,5.049
0.05,1229,-4.771,0.639,3.492
0.05,1230,-3.440,3.513,-2.402
0.05,1231,-7.725,-6.745,-9.808
0.05,1232,5.593,9.135,-7.369
0.05,1233,3.213,1.164,-4.297
0.05,1234,-7.707,-6.831,-9.152
0.05,1235,3.824,-2.984,-3.865
0.05,1236,-8.162,-2.142,-5.813
0.05,1237,-8.311,-0.260,0.537
0.05,1238,6.130,7.285,-5.104
0.05,1239,-6.214,4.340,9.361
0.05,1240,3.186,-3.673,-1.059
0.05,1241,8.000,-4.125,6.334
0.05,1242,-7.394,-7.627,3.208
0.05,1243,-6.341,-4.798,0.609
0.05,1244,5.495,1.597,5.388
0.05,1245,4.223,6.697,0.320
0.05,1246,-0.827,-7.140,9.198
0.05,1247,-5.184,-3.311,-9.871
0.05,1248,7.770,6.904,-8.515
0.05,1249,-5.123,7.898,-7.924
0.05,1250,-3.338,7.652,0.410
0.05,1251,-8.806,-7.757,-8.662
0.05,1252,5.377,2.661,-5.242
0.05,1253,8.529,-8.311,3.816
0.05,1254,1.489,7.881,5.777
0.05,1255,3.322,2.640,-4.362
0.05,1256,-1.832,2.486,-3.909
0.05,1257,8.743,10.027,-11.056
0.05,1258,-0.998,2.330,2.384
0.05,1259,-3.959,-8.674,-7.195
0.05,1260,-3.153,4.161,-4.676
0.05,1261,1.249,-5.528,4.065
0.05,1262,-3.837,-6.127,4.730
0.05,1263,-9.744,-3.299,-10.716
0.05,1264,8.082,-0.026,0.280
0.05,1265,0.922,7.294,5.090
0.05,1266,-0.203,-5.058,-4.602
0.05,1267,4.742,3.604,9.485
0.05,1268,-5.248,-9.263,-8.458
0.05,1269,-2.874,6.988,0.731
0.05,1270,4.492,-4.112,0.041
0.05,1271,4.685,7.502,0.554
0.05,1272,-0.144,-0.215,-0.825
0.05,1273,-4.189,1.992,5.962
0.05,1274,1.262,-0.697,-9.653
0.05,1275,-6.021,6.069,9.104
0.05,1276,-1.263,7.908,-1.040
0.05,1277,-5.222,7.424,-8.489
0.05,1278,-2.825,-8.169,-4.249
0.05,1279,-3.009,-1.280,-3.394
0.05,1280,-5.118,4.729,-10.601
0.05,1281,8.075,-7.781,3.925
0.05,1282,2.715,-3.155,-1.638
0.05,1283,8.287,-0.736,-6.364
0.05,1284,-4.116,4.480,-4.951
0.05,1285,-10.099,5.387,5.614
0.05,1286,3.831,2.736,-3.823
0.05,1287,-4.624,6.968,8.732
0.05,1288,0.628,8.095,-5.473
0.05,1289,-4.021,7.898,5.204
0.05,1290,2.564,-1.464,-0.798
0.05,1291,5.500,-5.463,0.260
0.05,1292,-1.476,2.449,9.637
0.05,1293,3.110,3.803,3.399
0.05,1294,-3.562,2.424,-4.167
0.05,1295,6.170,-7.057,6.527
0.05,1296,3.884,-7.265,-5.615
0.05,1297,1.984,-0.413,-4.180
0.05,1298,2.636,0.434,-4.634
0.05,1299,-9.522,-6.404,2.402
0.05,1300,1.237,4.522,-11.064
0.05,1301,-0.782,0.597,-9.311
0.05,1302,4.172,6.500,3.689
0.05,1303,1.547,0.070,-6.644
0.05,1304,-6.482,6.374,-5.133
0.05,1305,5.433,2.318,5.660
0.05,1306,7.971,9.854,-2.696
0.05,1307,-8.064,-0.021,0.573
0.05,1308,-3.311,-9.320,-5.656
0.05,1309,5.579,4.884,0.317
0.05,1310,-4.462,6.312,8.923
0.05,1311,-6.680,8.648,9.499
0.05,1312,5.567,-5.592,5.834
0.05,1313,4.244,-3.515,3.760
0.05,1314,-1.578,-3.892,3.587
0.05,1315,2.980,-3.980,4.527
0.05,1316,-2.288,7.784,0.616
0.05,1317,-0.092,-8.303,0.246
0.05,1318,-3.659,8.099,5.195
0.05,1319,-7.894,2.600,4.669
0.05,1320,-7.713,-6.000,-10.950
0.05,1321,2.949,4.557,-0.490
0.05,1322,-4.600,8.852,-7.921
0.05,1323,0.544,0.038,-7.674
0.05,1324,-4.601,-5.757,5.317
0.05,1325,-2.189,-6.924,-3.999
0.05,1326,-3.455,-8.889,-6.953
0.05,1327,0.449,-0.292,-8.775
0.05,1328,6.091,-7.779,7.326
0.05,1329,5.802,-4.255,8.550
0.05,1330,3.825,2.112,-10.576
0.05,1331,-7.674,2.883,0.451
0.05,1332,-7.914,-7.496,-9.118
0.05,1333,8.788,3.040,-5.843
0.05,1334,6.114,-4.661,0.186
0.05,1335,0.759,7.832,-7.738
0.05,1336,-9.005,2.122,-9.188
0.05,1337,4.066,-3.576,4.926
0.05,1338,-0.903,-9.276,5.259
0.05,1339,-0.048,8.912,-7.005
0.05,1340,-6.390,-7.033,-10.094
0.05,1341,7.646,0.970,0.605
0.05,1342,0.771,-5.272,4.968
0.05,1343,6.935,2.922,-5.715
0.05,1344,-1.901,0.904,1.084
0.05,1345,-10.187,-1.794,-10.530
0.05,1346,9.423,0.355,-8.518
0.05,1347,4.520,-8.110,-8.564
0.05,1348,7.962,0.161,-10.618
0.05,1349,7.795,0.132,1.685
0.05,1350,-3.235,-0.577,-3.432
0.05,1351,8.273,-3.046,9.561
0.05,1352,7.311,0.174,9.273
0.05,1353,-4.546,8.725,-7.618
0.05,1354,-0.463,-9.964,5.102
0.05,1355,0.545,6.674,-9.531
0.05,1356,6.937,-0.775,4.718
0.05,1357,0.830,8.607,-5.298
0.05,1358,-5.969,-6.603,4.615
0.05,1359,-7.871,8.126,-10.331
0.05,1360,3.486,-0.150,3.682
0.05,1361,-3.240,-1.604,-2.869
0.05,1362,9.986,-9.584,-6.323
0.05,1363,3.644,7.771,0.156
0.05,1364,3.921,7.644,0.332
0.05,1365,8.025,-6.545,7.965
0.05,1366,7.267,8.154,-4.347
0.05,1367,0.451,8.381,-5.310
0.05,1368,-7.795,3.508,0.377
0.05,1369,-6.158,-0.443,5.467
0.05,1370,-6.231,-3.800,-9.821
0.05,1371,-7.428,-1.992,-7.526
0.05,1372,-1.240,6.970,0.986
0.05,1373,-0.520,-5.218,-5.201
0.05,1374,3.619,-3.628,4.519
0.05,1375,-9.096,6.881,6.784
0.05,1376,2.532,4.875,4.059
0.05,1377,-7.804,-4.452,-5.236
0.05,1378,7.326,2.590,0.568
0.05,1379,4.702,-2.522,9.355
0.05,1380,-7.375,3.375,0.509
0.05,1381,-6.376,4.226,0.317
0.05,1382,5.240,1.672,5.016
0.05,1383,-7.694,-1.007,-8.575
0.05,1384,1.895,-9.364,2.993
0.05,1385,-6.045,-7.958,-7.288
0.05,1386,5.208,-7.256,-8.239
0.05,1387,0.815,-0.082,-3.820
0.05,1388,4.928,2.811,-4.497
0.05,1389,-8.631,-0.753,-10.898
0.05,1390,-3.832,8.177,4.646
0.05,1391,0.881,-5.665,4.548
0.05,1392,-1.349,6.081,-10.392
0.05,1393,-1.409,-1.813,3.473
0.05,1394,3.410,-4.266,3.644
0.05,1395,0.472,-8.137,0.241
0.05,1396,-0.632,-4.104,-4.217
0.05,1397,-0.697,2.845,-2.279
0.05,1398,5.356,-5.765,0.201
0.05,1399,2.157,8.078,9.589
0.05,1400,0.165,-8.218,0.246
0.05,1401,0.366,-3.490,2.861
0.05,1402,0.675,-0.309,7.978
0.05,1403,-0.723,0.146,-0.435
0.05,1404,-7.519,-1.745,-10.998
0.05,1405,7.892,-0.361,0.365
0.05,1406,-5.639,-7.448,-2.610
0.05,1407,-2.200,-5.275,4.167
0.05,1408,-8.680,3.154,-4.853
0.05,1409,-5.728,-0.365,5.033
0.05,1410,0.557,0.521,2.544
0.05,1411,-0.735,7.057,-4.585
0.05,1412,-8.204,7.857,6.228
0.05,1413,5.809,2.055,-3.926
0.05,1414,5.713,0.787,2.159
0.05,1415,4.553,6.404,-10.495
0.05,1416,-0.029,-0.077,3.831
0.05,1417,-7.441,3.530,0.205
0.05,1418,-6.401,-4.468,0.568
0.05,1419,8.600,0.363,-9.035
0.05,1420,-6.083,-5.321,0.715
0.05,1421,-2.391,0.033,-10.468
0.05,1422,0.508,-0.402,-8.666
0.05,1423,-7.016,-6.458,-4.418
0.05,1424,-0.261,0.283,1.864
0.05,1425,-7.006,-4.787,-5.900
0.05,1426,-6.829,-3.937,0.348
0.05,1427,0.328,-0.292,-0.431
0.05,1428,-1.852,0.371,-9.585
0.05,1429,4.416,-3.935,4.546
0.05,1430,-6.508,-6.975,-4.583
0.05,1431,0.984,0.013,-9.014
0.05,1432,-5.704,-2.630,-5.404
0.05,1433,-7.137,-8.374,4.324
0.05,1434,-7.586,2.760,0.440
0.05,1435,-4.077,7.079,0.715
0.05,1436,2.458,-4.048,3.504
0.05,1437,-7.302,4.250,8.654
0.05,1438,-5.395,8.032,-8.426
0.05,1439,8.892,7.005,-10.546
0.05,1440,-5.422,5.492,0.456
0.05,1441,5.379,-5.688,0.349
0.05,1442,-8.302,5.440,-10.368
0.05,1443,3.569,-3.552,4.177
0.05,1444,1.606,0.112,-8.857
0.05,1445,4.707,1.563,-4.675
0.05,1446,-5.272,6.004,0.392
0.05,1447,-0.515,-4.331,-4.917
0.05,1448,-7.551,-3.874,-5.179
0.05,1449,0.553,-2.882,-8.984
0.05,1450,-3.347,-7.342,0.101
0.05,1451,-4.168,-1.973,-9.994
0.05,1452,-8.719,9.112,-0.276
0.05,1453,4.521,-7.645,4.851
0.05,1454,-9.871,9.640,3.266
0.05,1455,-6.419,-8.965,5.449
0.05,1456,3.415,0.801,-9.329
0.05,1457,-3.063,7.707,0.482
0.05,1458,-0.120,8.140,0.417
0.05,1459,7.882,-0.487,-11.111
0.05,1460,6.030,-5.036,-6.059
0.05,1461,-4.953,1.383,9.681
0.05,1462,-2.173,-5.161,-6.139
0.05,1463,-4.977,7.713,-8.099
0.05,1464,-0.989,-3.720,-7.645
0.05,1465,-0.908,0.078,-8.898
0.05,1466,4.606,-0.346,-4.528
0.05,1467,1.625,4.351,-11.100
0.05,1468,-4.839,-7.195,-10.376
0.05,1469,-8.344,2.031,-4.969
0.05,1470,-8.528,-4.570,9.751
0.05,1471,7.904,-4.568,-10.310
0.05,1472,-8.652,7.460,2.808
0.05,1473,-8.344,6.019,7.387
0.05,1474,-0.483,-6.123,-10.833
0.05,1475,-6.367,3.472,-10.751
0.05,1476,8.616,0.158,-0.204
0.05,1477,5.272,-3.876,5.988
0.05,1478,5.343,-4.580,-9.282
0.05,1479,-7.411,1.832,0.722
0.05,1480,-6.932,2.148,9.713
0.05,1481,4.209,5.418,4.022
0.05,1482,4.326,-7.333,-10.117
0.05,1483,-1.113,-0.583,-0.709
0.05,1484,-0.488,-4.739,-4.443
0.05,1485,-9.101,-1.151,-4.122
0.05,1486,-7.376,3.457,0.522
0.05,1487,6.988,-3.224,8.016
0.05,1488,-10.059,5.679,5.000
0.05,1489,1.546,3.202,-2.688
0.05,1490,-0.616,-2.786,3.162
0.05,1491,-0.082,0.308,6.976
0.05,1492,-6.715,7.695,-9.571
0.05,1493,-7.062,7.631,-5.366
0.05,1494,-3.605,-5.715,6.807
0.05,1495,9.372,-6.936,9.310
0.05,1496,-5.941,2.479,4.798
0.05,1497,-6.026,5.007,0.568
0.05,1498,0.779,-0.018,-8.715
0.05,1499,-7.224,5.503,3.287
0.05,1500,-3.559,2.672,-4.365
0.05,1501,-7.115,4.909,7.615
0.05,1502,-8.428,6.554,7.083
0.05,1503,8.000,-0.159,-5.916
0.05,1504,-0.650,-0.298,8.599
0.05,1505,5.676,-9.513,4.530
0.05,1506,7.919,-3.449,0.276
0.05,1507,-3.379,0.290,-4.187
0.05,1508,2.780,-7.424,0.287
0.05,1509,-3.319,-2.969,9.716
0.05,1510,4.147,-7.951,-1.338
0.05,1511,4.789,6.245,0.371
0.05,1512,8.612,-4.053,1.451
0.05,1513,6.241,-7.457,-10.347
0.05,1514,8.409,0.420,-8.292
0.05,1515,-5.919,7.811,-10.152
0.05,1516,-0.267,-4.263,3.825
0.05,1517,4.697,4.673,5.565
0.05,1518,6.529,8.493,-5.137
0.05,1519,7.474,-0.144,-10.607
0.05,1520,6.617,-1.366,5.135
0.05,1521,-8.352,8.279,-7.863
0.05,1522,7.312,-7.083,9.178
0.05,1523,-4.775,0.781,-9.144
0.05,1524,5.268,7.548,-9.497
0.05,1525,-7.377,-2.847,-7.716
0.05,1526,5.369,-4.892,-7.882
0.05,1527,9.415,4.666,5.647
0.05,1528,-4.088,2.529,-5.218
0.05,1529,6.932,3.488,0.880
0.05,1530,-8.403,-0.296,0.627
0.05,1531,8.798,3.019,0.494
0.05,1532,-7.290,7.175,1.529
0.05,1533,-6.885,-4.064,-9.424
0.05,1534,-7.434,3.060,0.503
0.05,1535,-2.735,1.364,-9.096
0.05,1536,1.762,-1.240,9.232
0.05,1537,4.357,1.380,-4.096
0.05,1538,-1.275,3.851,6.024
0.05,1539,-9.770,-9.166,-3.212
0.05,1540,-4.476,9.036,5.537
0.05,1541,-3.782,2.418,-4.291
0.05,1542,0.800,-3.059,-8.480
0.05,1543,4.138,-7.638,-5.945
0.05,1544,7.513,2.801,0.371
0.05,1545,-2.784,1.897,-4.103
0.05,1546,-5.914,7.100,0.661
0.05,1547,-2.791,1.548,-4.079
0.05,1548,7.682,2.836,0.363
0.05,1549,-0.836,-1.062,9.393
0.05,1550,3.827,-0.057,9.274
0.05,1551,3.622,2.484,4.207
0.05,1552,-8.482,-0.208,-5.136
0.05,1553,4.903,3.882,-8.905
0.05,1554,-4.713,4.223,3.459
0.05,1555,6.320,-4.152,-5.740
0.05,1556,-7.511,3.015,0.489
0.05,1557,9.539,9.183,-10.801
0.05,1558,-6.275,-6.554,7.705
0.05,1559,-7.463,-3.405,-5.834
0.05,1560,-3.311,2.537,-3.634
0.05,1561,-9.230,-8.370,1.936
0.05,1562,4.450,6.365,0.275
0.05,1563,5.226,7.569,-5.963
0.05,1564,7.127,-7.868,8.924
0.05,1565,1.696,-4.313,3.619
0.05,1566,-5.070,-1.544,3.302
0.05,1567,-3.475,7.768,0.419
0.05,1568,-1.490,5.161,-3.695
0.05,1569,1.227,0.714,-5.344
0.05,1570,3.459,7.508,0.279
0.05,1571,-9.689,4.237,-8.694
0.05,1572,-9.158,4.763,6.071
0.05,1573,8.399,6.945,4.337
0.05,1574,-8.294,2.505,-2.377
0.05,1575,-2.531,0.131,-7.334
0.05,1576,-9.323,-3.147,9.091
0.05,1577,-3.456,2.368,-0.962
0.05,1578,-5.252,6.010,0.251
0.05,1579,-4.437,-6.359,6.066
0.05,1580,-5.804,-8.285,-7.650
0.05,1581,-2.858,-7.641,0.142
0.05,1582,-0.262,-4.877,-3.058
0.05,1583,-1.987,8.734,-8.689
0.05,1584,7.876,1.161,-6.984
0.05,1585,-0.159,-0.070,0.042
0.05,1586,-7.739,-1.906,0.549
0.05,1587,7.724,-2.709,0.242
0.05,1588,-0.477,-4.308,-4.828
0.05,1589,-6.003,-0.276,9.317
0.05,1590,-3.523,-0.256,4.297
0.05,1591,-6.773,-7.744,-5.690
0.05,1592,-10.239,-7.252,-1.744
0.05,1593,-3.739,8.025,0.742
0.05,1594,-4.020,-8.778,4.639
0.05,1595,9.235,0.428,-7.722
0.05,1596,4.077,-8.742,-4.854
0.05,1597,-7.791,-9.196,0.370
0.05,1598,1.538,-7.725,0.260
0.05,1599,0.382,8.294,0.308
0.05,1600,5.092,-8.354,0.314
0.05,1601,0.020,4.515,-10.907
0.05,1602,-3.457,-0.525,4.492
0.05,1603,0.766,-3.943,5.672
0.05,1604,8.230,8.796,3.165
0.05,1605,5.826,5.548,0.347
0.05,1606,8.315,2.236,8.676
0.05,1607,3.905,-1.471,-3.533
0.05,1608,7.624,-3.576,0.533
0.05,1609,-5.286,3.776,-6.512
0.05,1610,-3.586,2.673,-2.999
0.05,1611,-5.905,2.334,5.193
0.05,1612,-9.045,1.159,-4.434
0.05,1613,2.552,-8.587,-9.841
0.05,1614,-0.705,-4.957,-8.919
0.05,1615,-3.673,-8.537,1.131
0.05,1616,8.974,-4.208,-4.255
0.05,1617,9.449,0.509,-7.722
0.05,1618,2.142,4.580,4.843
0.05,1619,2.722,-7.455,0.289
0.05,1620,5.263,-5.131,5.666
0.05,1621,-0.074,7.924,4.980
0.05,1622,1.642,5.325,4.376
0.05,1623,-3.840,-4.678,8.956
0.05,1624,5.171,-7.594,5.731
0.05,1625,-3.801,1.837,-5.166
0.05,1626,-2.779,8.756,-9.307
0.05,1627,4.539,0.408,-3.033
0.05,1628,-1.041,-5.356,-9.459
0.05,1629,7.387,-0.355,4.498
0.05,1630,0.697,-0.664,7.755
0.05,1631,6.050,8.116,-8.126
0.05,1632,6.610,-3.982,0.276
0.05,1633,5.348,-6.083,9.336
0.05,1634,-0.387,3.711,-3.756
0.05,1635,-0.236,0.099,7.735
0.05,1636,-1.193,-4.119,3.771
0.05,1637,5.999,-8.225,6.327
0.05,1638,-0.290,9.041,-5.230
0.05,1639,-7.504,-8.673,-10.616
0.05,1640,-0.364,-4.518,-4.565
0.05,1641,-3.077,1.682,9.122
0.05,1642,-9.011,5.143,2.872
0.05,1643,-7.681,-1.480,0.654
0.05,1644,0.463,0.245,-10.394
0.05,1645,-4.211,-2.546,9.650
0.05,1646,8.199,2.377,4.860
0.05,1647,5.687,3.562,-6.033
0.05,1648,7.633,-7.192,-4.910
0.05,1649,4.565,3.491,1.574
0.05,1650,0.116,-5.671,1.157
0.05,1651,2.852,3.005,-5.097
0.05,1652,9.242,-8.559,-5.210
0.05,1653,-3.241,7.645,0.454
0.05,1654,6.835,0.077,-6.223
0.05,1655,-9.622,-6.470,-3.199
0.05,1656,-7.228,0.926,0.135
0.05,1657,-3.789,7.774,9.374
0.05,1658,-5.590,0.062,-6.978
0.05,1659,5.489,-3.835,0.818
0.05,1660,0.291,5.898,9.072
0.05,1661,-3.213,7.695,5.861
0.05,1662,-4.595,3.370,-9.678
0.05,1663,-8.447,-5.497,-0.233
0.05,1664,2.124,8.546,0.921
0.05,1665,-7.078,3.937,0.919
0.05,1666,-9.371,6.839,-3.948
0.05,1667,-3.696,9.451,-10.138
0.05,1668,9.936,-6.149,-6.156
0.05,1669,-0.832,-5.721,-10.386
0.05,1670,0.663,4.971,5.574
0.05,1671,3.784,5.839,8.773
0.05,1672,-5.373,9.360,6.544
0.05,1673,-9.677,-9.169,-6.753
0.05,1674,3.422,7.368,0.320
0.05,1675,2.422,-1.468,4.232
0.05,1676,-4.562,4.035,9.574
0.05,1677,-0.479,4.488,6.287
0.05,1678,1.120,-7.676,0.396
0.05,1679,0.324,-8.113,0.333
0.05,1680,-6.716,8.263,-8.083
0.05,1681,-6.695,-0.450,4.589
0.05,1682,-3.261,8.282,0.787
0.05,1683,8.234,6.707,-10.535
0.05,1684,-2.871,-2.851,0.350
0.05,1685,4.063,6.845,0.313
0.05,1686,-7.174,7.168,-5.070
0.05,1687,4.798,-7.186,0.236
0.05,1688,-0.019,5.706,5.172
0.05,1689,1.139,4.177,5.548
0.05,1690,-7.084,-8.590,-5.800
0.05,1691,2.586,3.958,3.882
0.05,1692,-7.562,3.700,0.488
0.05,1693,7.663,-5.280,0.641
0.05,1694,-3.547,8.697,-4.980
0.05,1695,-5.771,5.748,5.150
0.05,1696,3.027,-6.538,-6.742
0.05,1697,8.786,9.547,9.564
0.05,1698,5.392,-10.850,2.843
0.05,1699,7.558,-0.170,0.501
0.05,1700,1.671,3.582,4.532
0.05,1701,5.449,6.616,-5.046
0.05,1702,-2.858,5.669,9.395
0.05,1703,4.904,5.538,0.494
0.05,1704,-3.456,3.325,-8.685
0.05,1705,-9.180,-9.732,-3.055
0.05,1706,-0.732,5.509,7.587
0.05,1707,-0.845,10.006,7.668
0.05,1708,0.453,-7.669,5.902
0.05,1709,0.015,-4.051,-4.152
0.05,1710,8.652,-0.423,-7.096
0.05,1711,3.324,0.487,-3.978
0.05,1712,-3.354,-7.329,0.302
0.05,1713,7.363,-0.134,5.254
0.05,1714,-4.984,-6.435,5.371
0.05,1715,-0.557,2.994,2.386
0.05,1716,-6.893,7.744,6.577
0.05,1717,8.094,-0.309,0.258
0.05,1718,8.841,7.351,-9.126
0.05,1719,-4.943,5.138,4.683
0.05,1720,6.157,7.057,8.964
0.05,1721,-5.840,4.330,0.583
0.05,1722,7.138,1.742,6.135
0.05,1723,8.842,7.120,-8.214
0.05,1724,9.859,-5.451,-5.336
0.05,1725,-5.070,-5.947,0.360
0.05,1726,6.832,8.627,-10.430
0.05,1727,-7.587,7.527,6.962
0.05,1728,-7.034,-3.916,-9.958
0.05,1729,-5.497,-5.422,0.651
0.05,1730,2.427,-2.431,-2.871
0.05,1731,7.933,-0.456,0.321
0.05,1732,6.152,0.542,-5.481
0.05,1733,-0.654,-6.779,8.296
0.05,1734,7.800,3.656,0.641
0.05,1735,3.262,-7.423,0.255
0.05,1736,6.297,0.024,4.841
0.05,1737,9.694,-4.355,1.795
0.05,1738,-8.428,4.328,-4.538
0.05,1739,-9.278,-3.841,1.891
0.05,1740,-2.574,4.221,9.377
0.05,1741,2.985,0.088,3.653
0.05,1742,-3.621,1.860,-4.405
0.05,1743,0.988,8.296,6.245
0.05,1744,3.368,-7.952,-5.643
0.05,1745,1.086,2.756,3.176
0.05,1746,2.249,6.745,4.911
0.05,1747,-3.205,0.690,-10.397
0.05,1748,-6.823,-3.825,-9.774
0.05,1749,-0.103,3.947,3.762
0.05,1750,3.570,7.991,-10.346
0.05,1751,-5.715,5.226,-1.127
0.05,1752,-8.048,-1.306,-10.194
0.05,1753,-0.027,8.292,0.220
0.05,1754,0.712,2.051,-2.735
0.05,1755,2.515,-0.666,-3.501
0.05,1756,-7.215,-5.592,-4.958
0.05,1757,-6.647,3.991,0.902
0.05,1758,8.172,1.383,-8.299
0.05,1759,-0.574,-7.617,-9.720
0.05,1760,-2.441,7.706,0.621
0.05,1761,8.744,-8.823,-4.420
0.05,1762,-9.903,-7.149,-3.526
0.05,1763,-1.572,0.334,6.615
0.05,1764,2.789,6.162,5.220
0.05,1765,-0.356,8.193,0.357
0.05,1766,-6.369,-3.997,-4.994
0.05,1767,-6.626,-4.247,0.474
0.05,1768,6.783,-0.365,4.631
0.05,1769,5.798,-10.545,2.454
0.05,1770,3.839,2.011,3.906
0.05,1771,-0.715,1.567,-2.814
0.05,1772,-7.187,-0.486,-7.198
0.05,1773,-7.864,8.101,-4.214
0.05,1774,-3.084,-9.378,5.331
0.05,1775,3.855,8.435,-8.773
0.05,1776,10.196,-6.724,-8.370
0.05,1777,8.633,1.293,-8.733
0.05,1778,-2.631,0.629,-9.432
0.05,1779,-5.779,-5.716,5.454
0.05,1780,-8.125,-0.911,0.617
0.05,1781,3.628,7.213,0.311
0.05,1782,-6.278,5.215,-10.102
0.05,1783,-5.680,5.824,0.104
0.05,1784,-1.993,-6.847,6.400
0.05,1785,-3.314,3.256,-3.668
0.05,1786,-3.394,8.526,0.837
0.05,1787,7.592,-9.755,1.761
0.05,1788,-5.619,8.614,6.164
0.05,1789,-1.001,-6.874,0.907
0.05,1790,4.520,-10.591,4.288
0.05,1791,-3.997,1.828,-10.823
0.05,1792,-6.302,-7.523,9.215
0.05,1793,3.049,3.079,4.388
0.05,1794,-2.121,-7.730,0.514
0.05,1795,2.713,2.921,-3.760
0.05,1796,-0.977,6.106,9.639
0.05,1797,-1.285,-0.496,0.716
0.05,1798,8.183,6.965,9.553
0.05,1799,-6.974,9.294,-2.831
0.05,1800,-3.499,-7.205,0.410
0.05,1801,7.599,5.683,-4.782
0.05,1802,7.234,6.720,-8.568
0.05,1803,-6.429,-7.541,5.945
0.05,1804,-4.833,-6.053,0.562
0.05,1805,-0.693,8.502,-8.697
0.05,1806,-3.786,0.212,5.100
0.05,1807,6.675,-3.612,-5.354
0.05,1808,1.767,-3.548,4.863
0.05,1809,3.701,-0.636,-3.436
0.05,1810,-0.704,-4.740,-4.517
0.05,1811,4.054,-9.485,-7.429
0.05,1812,5.394,2.721,-3.655
0.05,1813,0.711,-4.959,4.572
0.05,1814,6.483,2.980,-6.475
0.05,1815,-1.001,-2.245,-2.931
0.05,1816,-0.313,6.611,-9.096
0.05,1817,5.304,7.295,-5.779
0.05,1818,9.127,5.375,6.586
0.05,1819,-7.439,1.917,-5.391
0.05,1820,-4.778,9.223,-7.803
0.05,1821,-7.241,-1.672,-9.295
0.05,1822,3.974,-7.101,0.309
0.05,1823,8.532,2.245,-9.113
0.05,1824,10.023,-5.701,-9.747
0.05,1825,-4.832,8.797,-8.343
0.05,1826,-6.505,-6.681,5.575
0.05,1827,0.687,4.018,-0.506
0.05,1828,-7.708,-2.144,-6.076
0.05,1829,-0.130,1.106,2.385
0.05,1830,3.878,-2.455,-3.540
0.05,1831,1.541,-6.738,5.349
0.05,1832,5.551,-5.074,0.306
0.05,1833,-0.093,0.540,3.914
0.05,1834,5.285,1.473,-5.768
0.05,1835,0.079,-2.419,5.769
0.05,1836,-3.221,1.942,-4.646
0.05,1837,-0.126,-1.489,9.272
0.05,1838,-4.401,-4.394,8.798
0.05,1839,-2.150,-0.205,-4.527
0.05,1840,-5.173,-6.219,0.309
0.05,1841,1.955,4.199,8.754
0.05,1842,1.430,-1.854,9.476
0.05,1843,-5.499,4.738,0.180
0.05,1844,1.859,-0.412,-10.650
0.05,1845,-0.966,-5.953,-7.831
0.05,1846,1.300,-9.676,2.227
0.05,1847,7.614,-0.617,4.878
0.05,1848,-0.810,-0.131,0.973
0.05,1849,-6.056,-1.806,9.192
0.05,1850,8.856,6.691,-4.310
0.05,1851,-7.628,1.478,-5.578
0.05,1852,-1.082,-4.331,-4.263
0.05,1853,-4.341,3.475,-5.285
0.05,1854,6.315,2.958,-2.088
0.05,1855,1.510,2.947,-9.369
0.05,1856,-0.969,2.943,-2.378
0.05,1857,8.858,-5.725,5.083
0.05,1858,-8.388,2.183,-7.548
0.05,1859,-8.283,3.763,4.130
0.05,1860,-8.454,0.106,-5.417
0.05,1861,5.280,-5.853,0.307
0.05,1862,5.356,-5.050,0.285
0.05,1863,4.769,3.008,-4.554
0.05,1864,-0.817,-0.067,6.743
0.05,1865,-1.587,7.394,5.591
0.05,1866,4.390,-6.801,9.661
0.05,1867,-7.176,7.670,-5.869
0.05,1868,-9.451,1.820,9.602
0.05,1869,-3.169,8.614,4.103
0.05,1870,-3.621,8.979,2.360
0.05,1871,-0.686,-0.445,0.267
0.05,1872,1.675,7.020,-5.600
0.05,1873,-4.368,6.806,0.505
0.05,1874,-6.481,-5.036,-8.600
0.05,1875,4.768,-0.644,4.010
0.05,1876,7.613,2.992,0.337
0.05,1877,4.003,0.928,4.153
0.05,1878,7.524,3.233,0.273
0.05,1879,4.689,-7.703,0.299
0.05,1880,8.469,-0.748,0.343
0.05,1881,3.053,-3.878,2.646
0.05,1882,-2.852,-0.061,-3.193
0.05,1883,-8.489,-0.113,0.277
0.05,1884,-3.686,2.433,-4.374
0.05,1885,-6.755,-2.717,5.828
0.05,1886,-2.298,7.710,0.468
0.05,1887,-4.248,2.268,-5.983
0.05,1888,-0.850,0.258,-8.027
0.05,1889,7.500,3.184,0.573
0.05,1890,5.701,-5.084,0.261
0.05,1891,0.876,-8.813,-5.099
0.05,1892,-7.761,7.736,7.205
0.05,1893,-5.092,6.638,0.583
0.05,1894,-5.171,0.210,9.723
0.05,1895,5.873,-7.596,5.970
0.05,1896,0.204,3.002,3.662
0.05,1897,5.427,5.741,0.354
0.05,1898,-0.518,0.208,-0.572
0.05,1899,-9.526,-6.899,2.770
0.05,1900,4.029,-9.505,4.733
0.05,1901,-1.034,-5.641,7.046
0.05,1902,8.007,7.182,-9.446
0.05,1903,6.408,-5.401,-5.481
0.05,1904,9.090,-9.807,-5.273
0.05,1905,-5.233,-6.088,0.488
0.05,1906,0.727,4.060,4.222
0.05,1907,-0.350,-0.312,7.510
0.05,1908,-2.932,-3.460,-3.558
0.05,1909,8.313,3.296,-10.725
0.05,1910,-5.913,7.891,5.611
0.05,1911,9.003,9.255,1.860
0.05,1912,0.276,2.904,-5.896
0.05,1913,8.730,3.124,3.930
0.05,1914,6.429,9.720,6.321
0.05,1915,0.283,6.693,4.060
0.05,1916,-6.931,-3.318,0.485
0.05,1917,-4.437,2.235,-6.303
0.05,1918,-3.664,6.668,5.099
0.05,1919,-10.093,5.041,-5.177
0.05,1920,9.036,-5.148,6.093
0.05,1921,0.055,-0.856,5.495
0.05,1922,-3.980,0.515,8.410
0.05,1923,-4.443,-8.549,5.584
0.05,1924,5.816,0.803,5.547
0.05,1925,2.747,9.173,2.191
0.05,1926,-0.186,8.676,-4.909
0.05,1927,0.913,-4.964,4.289
0.05,1928,0.198,-8.145,0.277
0.05,1929,6.282,2.562,9.086
0.05,1930,5.408,-4.201,-5.537
0.05,1931,-10.009,-8.039,-3.613
0.05,1932,-5.964,-3.668,-4.951
0.05,1933,-0.785,6.425,-10.643
0.05,1934,6.920,9.382,1.033
0.05,1935,-9.442,4.039,-4.277
0.05,1936,3.489,7.577,0.120
0.05,1937,-4.585,3.977,5.841
0.05,1938,-9.707,-2.763,-10.176
0.05,1939,-7.674,2.981,0.471
0.05,1940,5.949,0.955,5.265
0.05,1941,-4.334,0.581,3.795
0.05,1942,7.813,-8.194,1.873
0.05,1943,-1.887,-9.521,6.245
0.05,1944,5.214,-5.338,5.430
0.05,1945,8.304,-9.056,-4.641
0.05,1946,-5.288,4.488,-10.367
0.05,1947,2.433,3.310,3.483
0.05,1948,-3.108,4.509,4.147
0.05,1949,-1.540,-0.429,1.989
0.05,1950,1.691,-8.585,-6.664
0.05,1951,-8.188,-4.043,0.437
0.05,1952,7.756,9.247,5.235
0.05,1953,5.321,-9.585,5.449
0.05,1954,7.137,-3.395,-5.024
0.05,1955,6.456,9.442,-5.862
0.05,1956,-0.475,-0.816,-11.058
0.05,1957,-3.906,7.975,0.911
0.05,1958,-6.565,-4.349,1.430
0.05,1959,-8.551,5.826,-3.201
0.05,1960,-5.521,-4.033,4.048
0.05,1961,7.702,-1.400,0.320
0.05,1962,7.240,3.209,0.359
0.05,1963,-7.180,-5.520,-5.304
0.05,1964,2.709,0.264,-6.004
0.05,1965,-0.889,-7.917,0.444
0.05,1966,-5.059,-6.660,5.424
0.05,1967,5.502,-9.353,6.007
0.05,1968,5.979,8.227,1.319
0.05,1969,-8.402,-2.515,0.737
0.05,1970,-3.688,1.405,-6.201
0.05,1971,7.851,8.682,4.140
0.05,1972,-2.205,-6.586,3.666
0.05,1973,-5.921,-4.410,0.675
0.05,1974,0.264,-3.938,-8.396
0.05,1975,-6.394,-7.244,-9.485
0.05,1976,-1.689,7.865,5.941
0.05,1977,1.192,-9.570,4.767
0.05,1978,-8.136,-1.316,1.198
0.05,1979,-7.683,-4.279,0.720
0.05,1980,-6.094,-5.781,-8.454
0.05,1981,-0.430,-0.297,1.988
0.05,1982,3.882,-2.270,-10.912
0.05,1983,-4.292,4.265,4.965
0.05,1984,1.003,3.421,-1.483
0.05,1985,0.487,-0.322,-0.299
0.05,1986,-9.425,-4.658,3.529
0.05,1987,9.073,-7.668,4.014
0.05,1988,5.791,5.854,3.227
0.05,1989,-0.266,-7.919,0.339
0.05,1990,-3.685,2.742,-9.797
0.05,1991,-5.438,-5.292,0.619
0.05,1992,2.424,-1.715,-2.716
0.05,1993,3.486,6.614,3.195
0.05,1994,4.849,-6.486,0.350
0.05,1995,1.788,0.849,-2.887
0.05,1996,-8.962,2.941,-4.309
0.05,1997,-3.849,7.006,0.392
0.05,1998,-7.872,4.698,6.716
0.05,1999,7.931,-0.376,-11.143
0.05,2000,-3.880,6.570,4.540
0.05,2001,-6.016,-4.797,0.654
0.05,2002,2.794,-9.821,-9.008
0.05,2003,-3.430,-7.313,0.467
0.05,2004,5.813,4.991,0.317
0.05,2005,-3.306,-5.160,1.343
0.05,2006,4.877,2.717,-6.489
0.05,2007,-0.169,-0.123,7.257
0.05,2008,6.964,-6.749,7.875
0.05,2009,1.324,-7.716,0.426
0.05,2010,2.586,0.126,-3.329
0.05,2011,-5.425,5.854,0.305
0.05,2012,5.901,6.347,-9.992
0.05,2013,1.362,-4.594,3.667
0.05,2014,-0.045,-8.253,0.358
0.05,2015,-7.461,-3.286,0.314
0.05,2016,7.632,2.039,-8.826
0.05,2017,-6.739,-8.772,8.365
0.05,2018,-0.044,5.896,1.892
0.05,2019,-4.905,4.144,-8.219
0.05,2020,-6.007,-6.028,-9.332
0.05,2021,9.690,4.121,5.765
0.05,2022,-2.894,2.464,-3.767
0.05,2023,4.654,-8.930,-10.269
0.05,2024,-7.373,3.217,0.531
0.05,2025,-8.805,1.503,-9.570
0.05,2026,0.839,-8.071,0.541
0.05,2027,6.341,-8.413,-3.877
0.05,2028,5.701,-1.374,-4.343
0.05,2029,2.890,-0.075,-2.079
0.05,2030,6.957,7.067,-7.057
0.05,2031,-1.341,-0.451,-2.033
0.05,2032,-6.859,0.817,1.004
0.05,2033,-7.227,-7.040,-5.065
0.05,2034,0.728,4.192,-10.817
0.05,2035,-6.922,3.717,0.375
0.05,2036,5.753,-0.088,4.921
0.05,2037,-3.270,-3.628,-3.648
0.05,2038,-2.312,0.034,6.337
0.05,2039,4.477,5.939,-10.437
0.05,2040,-2.607,-6.763,-10.679
0.05,2041,8.004,-9.231,-4.183
0.05,2042,4.210,7.357,0.544
0.05,2043,-4.080,-5.264,5.261
0.05,2044,2.767,-7.313,4.519
0.05,2045,3.324,-3.267,3.311
0.05,2046,3.072,3.085,3.803
0.05,2047,-4.997,-5.960,0.542
0.05,2048,-2.397,6.755,5.706
0.05,2049,3.894,-5.528,1.150
0.05,2050,0.069,-0.415,-8.145
0.05,2051,-3.889,9.384,-10.343
0.05,2052,6.807,9.209,6.906
0.05,2053,4.068,5.677,-6.343
0.05,2054,7.018,7.090,-5.063
0.05,2055,8.559,5.838,1.941
0.05,2056,4.318,8.515,-6.508
0.05,2057,5.201,8.719,-7.610
0.05,2058,5.118,-3.503,-10.143
0.05,2059,8.324,-0.524,6.032
0.05,2060,7.968,-0.106,0.356
0.05,2061,-7.613,1.445,0.463
0.05,2062,-3.751,1.961,2.868
0.05,2063,-2.603,0.537,1.515
0.05,2064,6.477,-8.335,6.997
0.05,2065,1.392,3.378,3.672
0.05,2066,-5.969,2.552,-5.829
0.05,2067,-0.450,-3.962,2.756
0.05,2068,5.559,-6.675,-10.455
0.05,2069,6.393,3.699,-5.063
0.05,2070,-4.709,3.459,-9.482
0.05,2071,2.462,-1.186,-2.223
0.05,2072,6.129,-4.373,-7.644
0.05,2073,-7.614,-7.818,-4.192
0.05,2074,-3.764,3.124,-8.119
0.05,2075,-9.570,-5.209,7.044
0.05,2076,7.431,2.797,-5.544
0.05,2077,-0.071,-1.758,1.720
0.05,2078,0.513,3.783,4.387
0.05,2079,8.983,6.926,-4.281
0.05,2080,-9.382,4.530,6.526
0.05,2081,-2.311,7.761,0.692
0.05,2082,-7.311,-6.960,2.004
0.05,2083,-2.304,7.328,5.741
0.05,2084,-9.402,-1.476,-9.532
0.05,2085,5.012,-3.099,2.520
0.05,2086,-2.031,-4.050,-4.075
0.05,2087,1.440,5.316,5.782
0.05,2088,3.474,1.482,-6.151
0.05,2089,8.883,2.102,4.449
0.05,2090,-5.929,-3.491,3.067
0.05,2091,-7.214,3.592,0.496
0.05,2092,1.021,-0.489,-4.748
0.05,2093,-3.226,-9.588,-3.126
0.05,2094,2.346,7.882,0.417
0.05,2095,6.374,3.268,-9.776
0.05,2096,-7.002,5.854,3.017
0.05,2097,4.277,-1.389,6.186
0.05,2098,-0.211,-2.139,-2.351
0.05,2099,-2.285,-5.134,4.606
0.05,2100,6.993,-4.058,-8.849
0.05,2101,-6.647,-4.118,-10.034
0.05,2102,-7.418,-3.173,0.226
0.05,2103,-8.333,-0.544,0.543
0.05,2104,-3.597,-8.741,-6.365
0.05,2105,-3.692,1.565,-5.484
0.05,2106,-4.225,3.935,-9.438
0.05,2107,2.918,1.832,-6.313
0.05,2108,7.677,-0.254,0.410
0.05,2109,-4.853,2.747,-8.190
0.05,2110,5.117,-9.609,6.339
0.05,2111,3.360,1.273,-5.963
0.05,2112,1.928,5.263,5.224
0.05,2113,-5.673,5.570,0.268
0.05,2114,-9.624,7.305,-0.762
0.05,2115,-3.734,-8.428,-6.370
0.05,2116,-9.224,-1.869,-4.268
0.05,2117,-0.118,-3.617,3.349
0.05,2118,-1.302,-6.073,-10.796
0.05,2119,-3.537,-3.927,4.303
0.05,2120,6.796,-0.151,5.123
0.05,2121,-7.342,-7.680,6.680
0.05,2122,-1.913,-4.476,-2.949
0.05,2123,9.561,1.258,6.148
0.05,2124,-6.501,-1.089,5.960
0.05,2125,-1.723,-6.014,-10.079
0.05,2126,5.378,-6.102,0.294
0.05,2127,-2.839,7.493,0.616
0.05,2128,-0.574,0.120,7.264
0.05,2129,-1.521,-0.137,-9.135
0.05,2130,-8.320,7.624,-4.786
0.05,2131,5.837,-6.924,-5.276
0.05,2132,7.350,7.713,-9.524
0.05,2133,5.302,-7.237,5.731
0.05,2134,8.560,2.171,0.842
0.05,2135,0.194,0.081,-0.725
0.05,2136,-2.359,8.343,8.483
0.05,2137,7.740,-3.359,0.219
0.05,2138,-8.329,-1.398,-7.641
0.05,2139,-2.076,7.401,0.781
0.05,2140,0.834,-8.020,5.474
0.05,2141,0.102,-0.046,-7.846
0.05,2142,-2.951,9.050,-6.975
0.05,2143,-7.425,-3.413,0.382
0.05,2144,7.309,-3.597,0.335
0.05,2145,8.899,2.559,9.570
0.05,2146,1.502,-0.478,-7.648
0.05,2147,8.534,-4.251,0.719
0.05,2148,2.121,3.779,-2.261
0.05,2149,0.684,4.928,-10.391
0.05,2150,-2.946,-6.974,0.592
0.05,2151,-0.882,8.817,-5.708
0.05,2152,7.836,2.732,0.451
0.05,2153,-6.787,-0.066,4.609
0.05,2154,-2.088,-7.141,0.743
0.05,2155,7.416,-6.871,7.804
0.05,2156,3.634,4.237,5.117
0.05,2157,-1.819,7.036,5.478
0.05,2158,-4.339,5.578,0.077
0.05,2159,2.158,3.950,3.877
0.05,2160,-3.233,7.461,0.519
0.05,2161,-5.542,7.006,4.869
0.05,2162,4.506,-7.839,-6.849
0.05,2163,-1.537,-6.025,2.352
0.05,2164,-1.082,-0.322,5.156
0.05,2165,6.073,7.617,-10.067
0.05,2166,1.626,-1.440,9.270
0.05,2167,0.563,-0.042,-8.250
0.05,2168,-7.125,3.207,0.435
0.05,2169,-9.848,0.514,6.145
0.05,2170,-0.847,7.458,5.341
0.05,2171,-8.568,-2.853,-9.639
0.05,2172,-5.373,8.160,2.925
0.05,2173,1.535,-4.187,3.897
0.05,2174,0.895,-4.460,3.729
0.05,2175,-5.426,-8.606,-8.683
0.05,2176,1.530,-4.183,1.865
0.05,2177,-5.906,3.264,4.852
0.05,2178,6.005,-3.588,6.054
0.05,2179,2.038,1.919,-4.743
0.05,2180,5.760,2.643,-10.317
0.05,2181,-3.913,-0.509,-10.609
0.05,2182,-4.333,-6.501,0.428
0.05,2183,9.760,1.847,-4.380
0.05,2184,6.177,8.610,-8.743
0.05,2185,9.312,5.490,-8.206
0.05,2186,0.067,8.890,-5.675
0.05,2187,-5.157,-2.479,2.903
0.05,2188,8.394,7.670,3.507
0.05,2189,9.501,-5.526,9.417
0.05,2190,7.522,-3.354,0.350
0.05,2191,-8.432,-4.656,-3.926
0.05,2192,9.797,-8.519,-8.678
0.05,2193,3.902,-4.063,-8.760
0.05,2194,-0.420,-0.364,7.747
0.05,2195,2.036,-0.978,-4.047
0.05,2196,0.443,-0.303,-7.617
0.05,2197,8.616,5.800,-7.326
0.05,2198,-1.302,-4.023,-3.423
0.05,2199,8.343,-8.735,-5.157
0.05,2200,-3.614,7.098,0.350
0.05,2201,-2.696,7.661,0.597
0.05,2202,2.151,8.549,-10.784
0.05,2203,-0.813,-0.566,-1.056
0.05,2204,2.979,1.362,-7.084
0.05,2205,3.047,4.134,5.132
0.05,2206,-0.643,-0.923,1.502
0.05,2207,3.752,-5.350,-7.896
0.05,2208,4.038,2.454,-4.933
0.05,2209,8.096,0.694,-6.308
0.05,2210,1.381,-6.192,4.637
0.05,2211,-7.012,-3.337,0.241
0.05,2212,-9.936,6.289,-3.296
0.05,2213,-5.505,5.983,-6.256
0.05,2214,0.814,-7.558,-10.482
0.05,2215,-8.332,-1.395,0.744
0.05,2216,-0.836,-8.040,0.508
0.05,2217,-8.712,1.576,-9.406
0.05,2218,8.360,4.723,0.929
0.05,2219,-0.027,-3.910,-2.554
0.05,2220,6.820,7.044,-9.139
0.05,2221,-1.797,0.487,0.613
0.05,2222,-8.947,3.259,-7.353
0.05,2223,7.036,-1.577,1.010
0.05,2224,-0.440,2.281,-2.580
0.05,2225,4.855,2.330,-11.071
0.05,2226,4.623,-6.055,-10.745
0.05,2227,-1.471,-8.774,6.331
0.05,2228,-7.172,-3.256,0.242
0.05,2229,-8.203,-0.236,0.482
0.05,2230,-1.104,0.099,-9.068
0.05,2231,-3.309,-0.220,-11.096
0.05,2232,-6.538,-8.935,-9.142
0.05,2233,-7.576,-2.380,-6.819
0.05,2234,-7.251,6.830,2.623
0.05,2235,1.167,-7.480,0.232
0.05,2236,0.236,-3.766,-3.904
0.05,2237,-3.202,-7.325,0.349
0.05,2238,7.376,3.144,0.261
0.05,2239,4.233,-1.152,9.282
0.05,2240,3.236,-4.723,-9.647
0.05,2241,-2.150,7.788,0.785
0.05,2242,-7.654,2.958,0.522
0.05,2243,-9.533,1.632,2.416
0.05,2244,8.249,-0.425,0.286
0.05,2245,5.756,0.067,4.623
0.05,2246,4.609,2.947,-5.057
0.05,2247,8.859,-4.893,2.171
0.05,2248,-5.539,-0.016,4.763
0.05,2249,7.553,2.740,0.280
0.05,2250,0.451,-8.229,-4.759
0.05,2251,0.488,-9.179,1.153
0.05,2252,-5.421,8.283,-7.801
0.05,2253,-0.407,-3.793,-4.942
0.05,2254,-7.965,0.734,0.400
0.05,2255,4.845,-6.152,0.282
0.05,2256,-4.392,-3.130,-4.680
0.05,2257,3.333,-7.511,0.193
0.05,2258,-2.755,-6.532,-4.921
0.05,2259,-3.803,-9.305,2.162
0.05,2260,0.223,-6.635,-5.481
0.05,2261,-0.455,1.131,1.984
0.05,2262,7.214,6.427,-4.229
0.05,2263,-3.105,9.328,-9.281
0.05,2264,6.992,3.845,0.427
0.05,2265,-0.379,-3.838,4.098
0.05,2266,0.514,9.351,7.265
0.05,2267,-4.946,9.766,8.980
0.05,2268,1.602,4.162,4.110
0.05,2269,7.318,9.274,4.693
0.05,2270,5.125,0.434,4.412
0.05,2271,-0.281,-8.888,8.637
0.05,2272,3.547,7.677,0.480
0.05,2273,5.869,-4.997,0.224
0.05,2274,5.963,6.521,-5.194
0.05,2275,2.278,-1.137,-7.732
0.05,2276,-5.677,-4.781,-9.917
0.05,2277,9.158,6.028,-4.154
0.05,2278,-5.368,-1.018,4.294
0.05,2279,7.197,-3.471,-5.888
0.05,2280,10.000,-3.652,2.868
0.05,2281,9.530,6.660,-9.675
0.05,2282,0.888,4.349,5.080
0.05,2283,5.162,5.029,0.277
0.05,2284,5.427,-5.344,0.209
0.05,2285,4.041,-7.200,-6.046
0.05,2286,-0.698,-3.632,-1.243
0.05,2287,7.748,-3.208,0.309
0.05,2288,-6.839,3.864,0.629
0.05,2289,10.026,6.137,-3.594
0.05,2290,0.818,7.063,-5.963
0.05,2291,-0.377,-0.341,-8.874
0.05,2292,5.451,-4.451,-7.669
0.05,2293,9.048,7.547,-3.785
0.05,2294,0.031,-5.088,-9.224
0.05,2295,0.364,-7.722,-10.025
0.05,2296,-1.081,-3.664,3.721
0.05,2297,-1.428,-4.974,9.181
0.05,2298,-3.296,1.434,-7.174
0.05,2299,-8.297,2.384,-5.027
0.05,2300,3.832,0.017,3.869
0.05,2301,-0.153,-4.877,-7.687
0.05,2302,-0.547,3.449,-9.812
0.05,2303,7.794,2.212,-10.983
0.05,2304,4.004,3.712,3.632
0.05,2305,3.941,-6.995,-8.296
0.05,2306,1.344,0.153,-5.065
0.05,2307,-1.751,9.895,9.385
0.05,2308,-7.381,-8.925,-10.591
0.05,2309,-5.675,3.888,4.033
0.05,2310,-10.099,-5.184,2.105
0.05,2311,-0.206,-3.197,6.333
0.05,2312,-4.018,-8.734,-9.022
0.05,2313,0.225,-1.356,1.055
0.05,2314,2.393,2.771,2.723
0.05,2315,9.017,-0.279,-0.872
0.05,2316,-5.616,4.677,-6.676
0.05,2317,-8.333,8.472,-4.673
0.05,2318,6.976,-3.672,-8.669
0.05,2319,9.833,-0.504,8.698
0.05,2320,-6.291,-7.293,-7.195
0.05,2321,6.434,-6.363,1.014
0.05,2322,1.034,-0.234,-9.971
0.05,2323,-7.730,-7.624,2.774
0.05,2324,7.408,-4.444,-10.366
0.05,2325,1.792,6.993,-7.376
0.05,2326,2.627,7.998,2.484
0.05,2327,-2.105,-1.635,1.749
0.05,2328,0.539,3.690,-4.291
0.05,2329,-5.994,5.389,4.491
0.05,2330,-8.531,-6.224,-9.737
0.05,2331,-4.928,-1.164,3.738
0.05,2332,-3.951,-6.594,6.390
0.05,2333,-3.510,2.557,-8.850
0.05,2334,-8.597,9.164,5.864
0.05,2335,-5.374,-3.141,-2.268
0.05,2336,6.995,4.216,0.278
0.05,2337,-6.473,-7.476,-9.748
0.05,2338,5.394,7.211,-10.129
0.05,2339,0.641,-9.020,-9.391
0.05,2340,4.735,4.519,-6.619
0.05,2341,-0.293,-4.338,3.885
0.05,2342,2.253,-9.208,-8.472
0.05,2343,-4.011,-8.409,-5.145
0.05,2344,-8.299,5.750,1.606
0.05,2345,-1.007,1.876,-6.472
0.05,2346,-2.487,2.014,-4.078
0.05,2347,-7.776,2.011,0.308
0.05,2348,-6.722,-6.155,-3.257
0.05,2349,-1.709,0.390,-2.913
0.05,2350,4.841,1.059,6.662
0.05,2351,-2.016,-0.021,6.458
0.05,2352,0.476,8.786,-5.303
0.05,2353,-6.953,-7.348,-9.643
0.05,2354,-8.567,-0.297,-10.739
0.05,2355,-9.087,-7.939,-2.596
0.05,2356,0.232,0.389,-6.580
0.05,2357,2.598,8.318,0.637
0.05,2358,-0.940,1.051,1.875
0.05,2359,3.330,-2.750,-3.186
0.05,2360,-0.043,-0.236,-7.828
0.05,2361,-3.354,-5.755,4.168
0.05,2362,-9.356,-3.156,-4.309
0.05,2363,0.597,3.433,3.769
0.05,2364,-0.525,7.980,-5.448
0.05,2365,5.573,5.468,0.252
0.05,2366,7.015,-3.464,-3.903
0.05,2367,-0.224,1.098,1.909
0.05,2368,7.691,-6.164,7.200
0.05,2369,5.215,-2.958,1.479
0.05,2370,3.358,5.097,-10.699
0.05,2371,-0.309,-5.382,3.811
0.05,2372,-2.914,-2.389,-2.580
0.05,2373,8.317,2.472,9.286
0.05,2374,7.137,-3.941,5.131
0.05,2375,-5.692,-2.220,5.528
0.05,2376,8.488,-1.345,0.457
0.05,2377,-0.307,-4.339,-8.709
0.05,2378,-9.806,0.659,5.801
0.05,2379,3.406,1.801,-4.261
0.05,2380,-7.220,-4.497,-1.023
0.05,2381,-5.133,-2.956,5.597
0.05,2382,1.016,3.184,-2.615
0.05,2383,-9.036,4.193,6.148
0.05,2384,9.678,4.690,-4.395
0.05,2385,-8.862,-4.762,4.053
0.05,2386,-2.217,-8.934,5.032
0.05,2387,5.242,7.961,1.782
0.05,2388,-7.535,-7.719,-5.504
0.05,2389,-2.159,7.383,0.676
0.05,2390,-4.603,9.804,6.491
0.05,2391,-6.446,4.481,0.371
0.05,2392,-2.334,5.814,4.853
0.05,2393,7.019,4.006,-1.260
0.05,2394,0.888,3.339,4.276
0.05,2395,9.280,-9.421,-3.807
0.05,2396,4.256,-7.176,0.380
0.05,2397,1.361,-1.077,-3.424
0.05,2398,3.953,7.487,0.182
0.05,2399,-0.644,-2.265,-5.281
0.05,2400,-7.076,8.325,-6.880
0.05,2401,9.266,-3.470,-9.852
0.05,2402,-0.286,-4.722,-8.277
0.05,2403,-6.301,6.903,-3.104
0.05,2404,-4.978,-8.789,-8.110
0.05,2405,3.371,7.611,0.198
0.05,2406,7.950,8.953,4.881
0.05,2407,6.611,0.089,9.532
0.05,2408,1.443,-2.172,0.049
0.05,2409,-0.219,-0.132,-7.026
0.05,2410,5.047,6.024,0.292
0.05,2411,5.148,5.833,0.282
0.05,2412,-6.249,5.186,6.310
0.05,2413,-8.549,6.674,8.081
0.05,2414,-6.738,-6.061,0.830
0.05,2415,-6.269,-0.641,5.141
0.05,2416,-6.804,-6.709,-6.248
0.05,2417,3.645,-8.548,-5.574
0.05,2418,-1.107,-4.367,-3.498
0.05,2419,-1.372,0.511,-1.380
0.05,2420,-5.458,5.483,6.360
0.05,2421,8.031,2.342,9.537
0.05,2422,2.579,-7.330,0.321
0.05,2423,-0.906,5.384,7.644
0.05,2424,4.008,4.374,9.258
0.05,2425,7.230,7.324,-7.251
0.05,2426,-6.583,-6.203,-6.545
0.05,2427,5.821,8.846,-4.650
0.05,2428,-0.258,-9.811,-4.209
0.05,2429,7.537,2.771,0.330
0.05,2430,-4.314,-8.846,4.467
0.05,2431,6.050,-4.054,-5.354
0.05,2432,-5.590,5.298,0.181
0.05,2433,7.931,2.801,0.477
0.05,2434,5.883,5.186,0.308
0.05,2435,-0.492,0.117,1.196
0.05,2436,0.826,-3.369,-8.097
0.05,2437,7.680,-3.150,0.409
0.05,2438,-5.426,-0.848,4.208
0.05,2439,7.823,7.076,4.330
0.05,2440,6.720,6.541,4.872
0.05,2441,7.500,-6.906,7.717
0.05,2442,-3.673,9.004,-6.758
0.05,2443,-2.681,0.608,-9.799
0.05,2444,-8.601,-4.546,-10.674
0.05,2445,-2.400,0.044,9.242
0.05,2446,0.018,3.775,-9.637
0.05,2447,3.296,7.038,-6.232
0.05,2448,-7.785,4.748,8.431
0.05,2449,-4.142,3.310,-9.683
0.05,2450,5.876,8.825,1.005
0.05,2451,-8.099,0.740,0.300
0.05,2452,-0.493,-4.575,-4.866
0.05,2453,5.340,5.815,0.340
0.05,2454,0.812,-0.124,-9.045
0.05,2455,3.211,-7.487,0.325
0.05,2456,-0.947,6.989,6.427
0.05,2457,4.707,5.539,9.029
0.05,2458,-7.034,7.459,-9.513
0.05,2459,-8.455,0.590,-5.023
0.05,2460,6.653,7.516,-9.482
0.05,2461,7.442,-3.659,-9.979
0.05,2462,5.772,-3.559,0.712
0.05,2463,0.538,-7.933,0.341
0.05,2464,2.000,7.987,0.606
0.05,2465,-7.619,0.406,4.663
0.05,2466,-0.860,-0.420,-8.815
0.05,2467,7.828,6.331,-8.116
0.05,2468,4.579,-8.608,-8.419
0.05,2469,-0.217,0.369,2.902
0.05,2470,9.036,5.379,-4.014
0.05,2471,-9.296,-4.657,4.870
0.05,2472,-6.149,-4.730,1.189
0.05,2473,4.881,3.753,-10.558
0.05,2474,-2.141,3.669,-2.378
0.05,2475,8.874,-4.682,-4.669
0.05,2476,6.021,-0.727,3.749
0.05,2477,5.086,-8.925,-2.550
0.05,2478,-4.154,-9.323,-9.503
0.05,2479,7.796,-2.231,0.261
0.05,2480,-6.251,-4.491,0.610
0.05,2481,0.103,9.358,6.590
0.05,2482,-7.108,-0.463,9.102
0.05,2483,3.454,7.463,0.404
0.05,2484,-10.078,0.058,6.169
0.05,2485,4.595,-10.172,5.080
0.05,2486,2.604,2.184,-4.614
0.05,2487,-4.895,8.612,-7.980
0.05,2488,1.302,-4.454,3.680
0.05,2489,-7.582,2.202,0.387
0.05,2490,5.634,-4.891,5.566
0.05,2491,0.961,-5.053,3.542
0.05,2492,-4.751,4.463,-10.702
0.05,2493,-4.603,3.764,-5.524
0.05,2494,-5.824,-6.780,5.952
0.05,2495,-3.801,3.983,-2.731
0.05,2496,3.627,-7.769,-5.412
0.05,2497,-4.683,4.728,4.648
0.05,2498,-8.863,-7.160,2.466
0.05,2499,-7.329,-3.330,0.315
0.05,2500,-8.736,5.487,1.232
0.05,2501,-0.185,-0.379,-8.766
0.05,2502,6.495,6.939,-3.978
0.05,2503,2.494,-0.615,3.518
0.05,2504,-9.477,4.737,5.626
0.05,2505,3.418,1.800,-7.013
0.05,2506,1.619,-6.299,5.954
0.05,2507,-6.356,-0.802,5.498
0.05,2508,-5.319,4.619,0.841
0.05,2509,7.655,-2.931,0.414
0.05,2510,2.975,7.209,5.210
0.05,2511,0.814,-8.284,-9.294
0.05,2512,4.064,-3.836,4.446
0.05,2513,-3.394,1.722,-4.575
0.05,2514,-9.099,7.544,-4.463
0.05,2515,8.118,-0.321,0.252
0.05,2516,2.201,5.036,5.559
0.05,2517,8.554,8.352,3.933
0.05,2518,-8.053,2.557,-4.962
0.05,2519,-0.256,8.292,0.243
0.05,2520,-4.958,3.482,6.127
0.05,2521,0.620,-4.381,3.636
0.05,2522,2.064,1.205,-3.936
0.05,2523,-5.788,4.464,0.306
0.05,2524,-8.521,8.258,-4.264
0.05,2525,1.282,-4.812,3.737
0.05,2526,-3.940,-9.037,-7.642
0.05,2527,2.967,8.657,-10.926
0.05,2528,3.556,7.372,-9.102
0.05,2529,-7.827,-3.444,-5.960
0.05,2530,-5.531,5.485,0.268
0.05,2531,-9.069,9.047,0.029
0.05,2532,0.936,-9.056,5.033
0.05,2533,9.700,5.990,-3.768
0.05,2534,-3.343,1.985,-9.796
0.05,2535,0.977,-4.298,-4.902
0.05,2536,4.112,6.823,0.307
0.05,2537,-5.257,9.251,-8.262
0.05,2538,-3.061,4.437,4.350
0.05,2539,8.089,-2.295,5.792
0.05,2540,3.190,8.411,-9.953
0.05,2541,-9.940,-0.917,7.185
0.05,2542,0.362,3.402,-4.138
0.05,2543,9.822,4.613,-4.376
0.05,2544,-5.686,8.008,-7.848
0.05,2545,-6.436,4.111,0.814
0.05,2546,0.963,-0.067,-6.162
0.05,2547,-5.295,9.224,-8.417
0.05,2548,-1.009,-0.127,7.481
0.05,2549,-7.446,3.379,0.485
0.05,2550,-5.818,4.542,4.194
0.05,2551,-7.966,-0.860,0.453
0.05,2552,5.077,2.236,-5.362
0.05,2553,1.129,3.064,-3.842
0.05,2554,7.362,2.720,-2.122
0.05,2555,-6.377,-5.484,-3.743
0.05,2556,-7.705,-1.273,9.459
0.05,2557,-3.010,7.600,0.587
0.05,2558,6.974,-0.330,5.006
0.05,2559,0.795,-4.547,3.760
0.05,2560,3.432,3.923,1.621
0.05,2561,-2.346,-8.634,-5.797
0.05,2562,-5.986,7.977,5.959
0.05,2563,4.059,-3.718,4.947
0.05,2564,-1.876,-9.973,5.723
0.05,2565,4.118,-7.037,0.297
0.05,2566,-3.194,-2.354,-2.451
0.05,2567,-0.052,5.479,2.813
0.05,2568,7.170,-7.543,4.189
0.05,2569,7.699,-0.238,0.533
0.05,2570,-7.865,2.762,-11.093
0.05,2571,6.289,-6.352,8.512
0.05,2572,2.212,4.706,3.295
0.05,2573,0.590,8.928,-6.270
0.05,2574,-4.244,8.219,5.602
0.05,2575,6.138,4.660,0.289
0.05,2576,1.880,2.454,-3.786
0.05,2577,-5.916,1.940,0.703
0.05,2578,-9.656,-6.303,9.477
0.05,2579,4.688,5.050,9.507
0.05,2580,-5.868,4.969,5.094
0.05,2581,7.800,2.607,9.169
0.05,2582,-6.634,2.529,-5.772
0.05,2583,-4.386,-8.763,-7.557
0.05,2584,-0.935,-9.405,-8.800
0.05,2585,-6.040,-6.621,-10.992
0.05,2586,4.508,-9.149,5.572
0.05,2587,-4.734,9.293,-6.870
0.05,2588,-3.726,2.597,-3.048
0.05,2589,3.530,-0.990,3.631
0.05,2590,-2.277,-4.255,-6.888
0.05,2591,1.942,-7.957,1.284
0.05,2592,1.371,-7.639,0.167
0.05,2593,7.297,-3.584,0.413
0.05,2594,-7.936,0.707,0.282
0.05,2595,3.461,5.651,9.437
0.05,2596,7.953,-0.215,0.343
0.05,2597,-3.351,2.370,-3.909
0.05,2598,-7.136,-2.463,-5.866
0.05,2599,3.370,7.497,0.262
0.05,2600,1.840,-2.347,-3.103
0.05,2601,0.100,-0.619,-0.009
0.05,2602,0.520,-2.383,-3.300
0.05,2603,8.155,-3.469,-10.095
0.05,2604,-10.077,6.481,-3.838
0.05,2605,5.529,-10.197,3.533
0.05,2606,-1.753,-7.074,-10.081
0.05,2607,10.018,-6.271,0.140
0.05,2608,0.696,-4.356,4.262
0.05,2609,0.311,-8.035,0.376
0.05,2610,-8.269,-7.452,2.460
0.05,2611,-7.842,-1.288,-6.462
0.05,2612,0.071,-4.179,-4.521
0.05,2613,-3.503,-2.978,-2.971
0.05,2614,4.126,-3.285,9.152
0.05,2615,-6.866,-4.361,-5.243
0.05,2616,4.753,-7.632,-4.729
0.05,2617,4.515,7.336,-4.611
0.05,2618,-4.959,-4.641,4.614
0.05,2619,-3.001,-8.968,4.915
0.05,2620,-5.679,2.927,-0.419
0.05,2621,-8.222,-0.865,0.601
0.05,2622,1.203,-3.901,5.773
0.05,2623,-8.164,0.091,0.525
0.05,2624,9.021,8.929,-1.030
0.05,2625,2.226,-4.829,5.296
0.05,2626,-6.002,-3.626,1.142
0.05,2627,10.283,0.382,6.201
0.05,2628,8.486,-1.033,-8.549
0.05,2629,-3.270,-8.726,-2.751
0.05,2630,5.240,-3.313,5.890
0.05,2631,6.073,2.487,5.422
0.05,2632,2.351,0.204,-3.511
0.05,2633,-9.127,-3.316,9.101
0.05,2634,5.821,-3.453,6.076
0.05,2635,-9.540,-6.241,9.403
0.05,2636,-3.704,-9.089,-6.968
0.05,2637,-7.407,-8.490,-9.873
0.05,2638,5.269,-7.287,-7.315
0.05,2639,1.797,1.571,4.948
0.05,2640,-3.153,0.382,-4.116
0.05,2641,2.926,1.666,-7.705
0.05,2642,5.577,8.222,-9.702
0.05,2643,8.094,-1.556,8.249
0.05,2644,0.116,0.118,-7.830
0.05,2645,6.978,0.638,0.828
0.05,2646,1.970,-3.292,3.547
0.05,2647,0.797,3.571,3.525
0.05,2648,-6.700,-0.579,-7.174
0.05,2649,-7.436,-3.070,0.293
0.05,2650,-5.150,6.098,-10.051
0.05,2651,2.963,3.768,2.693
0.05,2652,1.854,7.479,-6.749
0.05,2653,3.113,3.483,-8.537
0.05,2654,-7.666,3.017,0.467
0.05,2655,-4.662,-4.378,1.599
0.05,2656,9.451,5.227,5.764
0.05,2657,0.429,-0.279,-1.373
0.05,2658,-7.780,-8.627,-5.232
0.05,2659,-3.339,7.823,3.604
0.05,2660,2.517,3.060,4.798
0.05,2661,-6.642,-2.202,-5.063
0.05,2662,0.284,-6.844,-10.338
0.05,2663,5.570,6.711,-10.128
0.05,2664,-0.753,-5.778,-10.263
0.05,2665,-0.119,8.368,0.328
0.05,2666,-4.706,3.516,-8.346
0.05,2667,-6.966,5.339,8.959
0.05,2668,7.908,-0.345,0.372
0.05,2669,-4.006,-3.151,4.474
0.05,2670,-2.910,-7.457,0.256
0.05,2671,5.779,-8.063,-4.374
0.05,2672,-5.850,5.337,0.265
0.05,2673,-7.217,7.354,1.537
0.05,2674,-7.075,-8.974,4.401
0.05,2675,-4.345,2.035,-5.660
0.05,2676,9.488,-0.317,-8.794
0.05,2677,-2.051,4.295,-6.529
0.05,2678,-8.653,-4.979,-6.623
0.05,2679,-0.767,-4.708,-4.788
0.05,2680,2.157,-10.014,-8.269
0.05,2681,7.886,9.272,-8.668
0.05,2682,0.938,-3.598,2.121
0.05,2683,-7.429,-0.878,-5.720
0.05,2684,-0.171,0.963,-6.779
0.05,2685,0.564,6.528,3.547
0.05,2686,10.583,1.019,-3.761
0.05,2687,-3.635,-6.821,0.578
0.05,2688,-5.733,4.665,4.483
0.05,2689,-7.794,2.647,-11.131
0.05,2690,-7.991,0.753,-5.438
0.05,2691,2.457,5.489,9.498
0.05,2692,-1.063,-3.537,-4.174
0.05,2693,-4.841,3.934,-9.537
0.05,2694,9.811,6.047,-8.989
0.05,2695,-4.301,-2.373,-4.073
0.05,2696,-6.520,8.505,-7.442
0.05,2697,2.460,-2.819,-6.239
0.05,2698,-0.959,-5.736,-10.455
0.05,2699,-1.981,2.170,-6.498
0.05,2700,-2.268,-9.999,-3.848
0.05,2701,8.848,-9.076,-4.957
0.05,2702,2.746,1.362,-2.856
0.05,2703,-1.123,4.722,-3.923
0.05,2704,1.008,4.888,5.228
0.05,2705,0.749,8.950,1.103
0.05,2706,1.537,-0.866,-2.422
0.05,2707,-8.653,-8.309,-9.037
0.05,2708,-2.570,0.117,5.484
0.05,2709,-7.081,8.271,6.774
0.05,2710,0.190,-7.028,0.712
0.05,2711,2.841,-7.370,0.166
0.05,2712,-8.232,8.147,-4.402
0.05,2713,7.647,-5.870,7.352
0.05,2714,-3.708,9.106,-5.404
0.05,2715,3.840,2.904,4.530
0.05,2716,-0.625,7.154,-10.114
0.05,2717,-2.686,-9.052,3.554
0.05,2718,-4.571,0.230,4.040
0.05,2719,-5.077,3.298,-5.971
0.05,2720,5.416,5.589,0.284
0.05,2721,8.830,6.276,6.660
0.05,2722,-8.683,2.340,-4.345
0.05,2723,-9.283,-7.950,5.208
0.05,2724,7.302,0.586,-5.852
0.05,2725,7.821,-5.590,-11.054
0.05,2726,-7.785,-8.464,6.013
0.05,2727,8.945,-0.198,-8.936
0.05,2728,1.388,0.184,-9.214
0.05,2729,5.472,6.537,-10.085
0.05,2730,5.716,-5.141,0.199
0.05,2731,-0.437,8.233,0.457
0.05,2732,-5.099,8.416,-8.290
0.05,2733,-2.660,7.857,0.587
0.05,2734,-9.937,-5.525,4.813
0.05,2735,-0.092,8.256,0.304
0.05,2736,-10.239,6.943,3.052
0.05,2737,-3.739,1.970,-4.990
0.05,2738,5.439,9.137,-3.225
0.05,2739,6.149,-5.504,-10.354
0.05,2740,-7.712,4.298,7.564
0.05,2741,-8.164,0.546,0.396
0.05,2742,0.410,-8.184,5.125
0.05,2743,0.182,-7.413,8.657
0.05,2744,5.572,-2.012,6.237
0.05,2745,-5.423,4.963,9.135
0.05,2746,-9.542,6.978,0.150
0.05,2747,3.128,3.968,4.111
0.05,2748,8.478,-8.223,4.304
0.05,2749,-6.146,-5.272,0.766
0.05,2750,1.496,-7.977,-5.212
0.05,2751,-0.203,3.669,3.829
0.05,2752,-2.691,3.682,-2.555
0.05,2753,-2.749,-7.392,0.455
0.05,2754,9.207,-3.534,-10.868
0.05,2755,1.746,3.327,-4.708
0.05,2756,-8.795,5.300,7.037
0.05,2757,-7.208,-4.761,-4.678
0.05,2758,-7.575,3.195,9.430
0.05,2759,-4.491,4.288,-0.056
0.05,2760,-7.667,-5.294,-5.810
0.05,2761,-1.539,-2.549,-4.760
0.05,2762,7.047,4.216,-4.633
0.05,2763,-4.283,1.167,5.104
0.05,2764,6.579,9.570,5.041
0.05,2765,8.511,6.608,6.779
0.05,2766,-3.892,-8.665,5.063
0.05,2767,-0.729,-4.086,3.715
0.05,2768,8.018,-0.393,0.379
0.05,2769,-8.161,7.626,6.415
0.05,2770,-6.894,-4.058,0.436
0.05,2771,0.246,8.110,-5.364
0.05,2772,0.531,4.400,4.856
0.05,2773,-6.547,8.069,-6.548
0.05,2774,-6.202,-4.641,0.625
0.05,2775,-1.338,0.570,3.268
0.05,2776,-7.856,0.961,-5.549
0.05,2777,6.091,2.033,-10.657
0.05,2778,10.210,-0.083,-4.789
0.05,2779,7.709,8.004,4.239
0.05,2780,-3.673,7.626,-5.430
0.05,2781,0.486,5.798,2.840
0.05,2782,-8.700,-10.519,-0.448
0.05,2783,-1.491,3.035,3.080
0.05,2784,0.206,8.072,9.543
0.05,2785,1.494,-0.508,-4.967
0.05,2786,3.845,-7.040,-5.537
0.05,2787,-6.102,8.598,-6.126
0.05,2788,-2.423,7.773,4.699
0.05,2789,3.067,-1.238,-11.031
0.05,2790,2.667,4.254,1.740
0.05,2791,6.809,3.612,0.424
0.05,2792,1.646,9.575,7.085
0.05,2793,3.377,-1.273,-7.239
0.05,2794,0.045,-0.225,-8.111
0.05,2795,-9.024,7.752,-4.551
0.05,2796,-4.300,-0.205,5.144
0.05,2797,6.540,6.832,-4.021
0.05,2798,-4.037,-9.084,-8.185
0.05,2799,-8.203,8.461,-9.196
0.05,2800,3.227,1.396,3.426
0.05,2801,-7.145,-8.205,-5.227
0.05,2802,4.783,2.900,-5.266
0.05,2803,-4.928,-3.619,-4.344
0.05,2804,-7.966,1.001,-5.626
0.05,2805,9.480,-7.941,-0.310
0.05,2806,-5.854,-7.976,6.317
0.05,2807,-2.189,-2.687,-0.561
0.05,2808,6.768,-6.970,-10.499
0.05,2809,2.537,-8.547,-4.804
0.05,2810,-6.341,-1.804,5.607
0.05,2811,6.027,-7.458,-9.911
0.05,2812,-6.727,-5.175,0.891
0.05,2813,-0.408,8.401,0.108
0.05,2814,-3.418,8.782,-6.273
0.05,2815,5.347,3.409,9.275
0.05,2816,7.279,-0.382,4.530
0.05,2817,-2.346,0.050,8.251
0.05,2818,-7.052,-3.769,0.386
0.05,2819,-8.032,1.611,-4.967
0.05,2820,-7.812,-2.193,0.523
0.05,2821,-1.943,8.210,-9.330
0.05,2822,5.331,-5.517,0.242
0.05,2823,3.463,7.146,0.165
0.05,2824,-2.638,-3.169,-3.923
0.05,2825,6.569,9.152,5.690
0.05,2826,9.496,-8.237,-5.091
0.05,2827,0.118,-4.218,-3.981
0.05,2828,5.802,-5.770,0.447
0.05,2829,1.284,-0.021,2.945
0.05,2830,-6.370,-7.476,0.757
0.05,2831,2.062,-2.524,-3.020
0.05,2832,-6.742,-2.634,-9.730
0.05,2833,9.287,-7.407,4.881
0.05,2834,0.249,-4.119,-7.857
0.05,2835,-5.348,-5.827,0.565
0.05,2836,5.940,-5.486,-8.011
0.05,2837,4.604,7.281,-10.291
0.05,2838,-8.978,3.499,-4.423
0.05,2839,-7.276,-3.534,0.273
0.05,2840,0.558,8.783,-8.221
0.05,2841,-7.942,-6.299,-5.260
0.05,2842,-3.607,7.042,4.215
0.05,2843,2.317,4.177,0.454
0.05,2844,-1.110,0.351,-1.020
0.05,2845,-5.165,8.905,-8.364
0.05,2846,-7.924,8.093,-4.891
0.05,2847,9.958,6.845,-3.745
0.05,2848,-5.334,-0.116,3.606
0.05,2849,2.168,3.663,-9.944
0.05,2850,5.981,-6.942,9.452
0.05,2851,-0.819,-8.280,4.968
0.05,2852,4.344,2.966,6.097
0.05,2853,-8.148,7.539,-4.719
0.05,2854,0.347,8.386,0.433
0.05,2855,-0.505,8.598,-5.625
0.05,2856,-6.155,-6.112,-5.454
0.05,2857,5.752,-5.024,0.231
0.05,2858,2.448,6.384,5.253
0.05,2859,-5.653,-5.981,0.338
0.05,2860,-7.423,8.789,-3.905
0.05,2861,0.644,-8.839,1.024
0.05,2862,-0.552,3.872,4.091
0.05,2863,8.014,7.435,4.594
0.05,2864,-4.784,5.316,5.304
0.05,2865,0.867,5.858,-8.696
0.05,2866,-0.218,-4.464,-4.863
0.05,2867,1.129,7.721,-5.771
0.05,2868,9.812,3.515,4.442
0.05,2869,-2.854,-8.308,1.065
0.05,2870,0.245,-4.517,-5.212
0.05,2871,-9.483,-8.975,1.985
0.05,2872,6.166,-0.230,5.423
0.05,2873,2.550,-4.124,3.305
0.05,2874,-8.360,5.256,1.605
0.05,2875,5.736,-3.801,4.989
0.05,2876,4.217,-7.205,0.480
0.05,2877,-7.460,3.461,0.566
0.05,2878,-7.732,8.093,8.368
0.05,2879,-6.836,-1.107,4.441
0.05,2880,-1.026,1.964,2.581
0.05,2881,6.260,-4.352,-5.620
0.05,2882,-2.500,-5.621,-4.664
0.05,2883,-0.886,8.573,6.477
0.05,2884,4.562,-8.359,-11.065
0.05,2885,4.191,-1.482,5.149
0.05,2886,-6.800,-7.683,-5.799
0.05,2887,7.539,5.260,-3.744
0.05,2888,0.702,6.277,5.101
0.05,2889,3.926,-6.016,4.605
0.05,2890,-4.377,-4.794,-0.844
0.05,2891,2.652,3.674,2.393
0.05,2892,-8.338,4.965,7.192
0.05,2893,-0.537,8.024,0.415
0.05,2894,1.508,9.319,7.039
0.05,2895,-9.142,9.678,-1.197
0.05,2896,9.314,4.404,5.886
0.05,2897,-10.049,4.910,-9.088
0.05,2898,7.539,1.053,5.421
0.05,2899,-9.316,-5.045,5.839
0.05,2900,2.267,-0.453,-10.530
0.05,2901,-3.660,8.146,2.952
0.05,2902,6.265,5.891,-9.419
0.05,2903,5.906,-4.847,-0.249
0.05,2904,0.266,-0.199,7.388
0.05,2905,1.831,3.172,5.852
0.05,2906,1.990,-8.558,1.089
0.05,2907,-3.891,-8.982,-5.073
0.05,2908,-0.783,-5.118,-4.177
0.05,2909,-4.189,-6.570,0.401
0.05,2910,2.482,6.306,-10.200
0.05,2911,-0.814,-4.775,-8.639
0.05,2912,-3.533,-2.834,8.804
0.05,2913,-0.550,3.923,1.046
0.05,2914,-9.468,-4.810,6.105
0.05,2915,-6.244,7.657,5.689
0.05,2916,4.650,-6.713,0.365
0.05,2917,8.356,0.085,-11.083
0.05,2918,-8.309,2.676,-4.350
0.05,2919,-9.570,2.965,-8.629
0.05,2920,6.626,-4.130,-9.677
0.05,2921,8.023,-10.209,1.703
0.05,2922,0.743,7.636,0.322
0.05,2923,1.550,3.069,2.812
0.05,2924,2.259,-7.528,-6.141
0.05,2925,-7.138,0.340,6.434
0.05,2926,4.809,-4.810,-7.734
0.05,2927,-6.714,3.778,6.223
0.05,2928,4.906,-5.058,-10.660
0.05,2929,5.652,8.009,-6.914
0.05,2930,2.105,3.999,-10.181
0.05,2931,-8.462,0.737,-5.327
0.05,2932,3.652,5.172,-10.050
0.05,2933,-4.210,-0.365,5.573
0.05,2934,-7.854,1.748,-4.805
0.05,2935,7.596,1.211,0.584
0.05,2936,-0.329,2.309,-5.909
0.05,2937,-6.819,-7.010,-9.484
0.05,2938,0.638,-2.513,1.272
0.05,2939,6.307,-8.270,6.423
0.05,2940,-3.704,7.538,0.217
0.05,2941,-4.688,3.438,-9.753
0.05,2942,8.113,-9.548,2.892
0.05,2943,-7.935,-9.024,-8.550
0.05,2944,-1.037,5.563,4.128
0.05,2945,-4.351,-5.684,3.534
0.05,2946,-8.045,7.756,-0.564
0.05,2947,-6.565,-7.421,-10.048
0.05,2948,-4.324,-8.706,-4.275
0.05,2949,0.122,0.131,0.227
0.05,2950,-4.110,1.466,-6.111
0.05,2951,-4.161,1.602,2.760
0.05,2952,-0.675,4.065,-4.854
0.05,2953,4.112,1.475,-4.247
0.05,2954,-1.446,8.821,-10.330
0.05,2955,-8.172,-6.542,-9.295
0.05,2956,-9.934,-9.091,-3.033
0.05,2957,-7.952,-3.136,-5.329
0.05,2958,-5.961,5.589,4.909
0.05,2959,-8.007,-3.596,-6.774
0.05,2960,-2.853,1.453,-5.240
0.05,2961,-4.005,-5.391,4.762
0.05,2962,4.690,-4.443,5.467
0.05,2963,2.119,8.521,-9.731
0.05,2964,-1.747,-5.710,-9.583
0.05,2965,8.416,8.741,-7.691
0.05,2966,-5.826,-0.297,-2.748
0.05,2967,5.616,8.052,7.662
0.05,2968,8.466,8.168,3.477
0.05,2969,1.824,5.285,5.830
0.05,2970,2.105,3.307,-4.723
0.05,2971,-5.173,-6.080,0.404
0.05,2972,-6.235,-6.721,3.038
0.05,2973,5.148,-3.863,5.064
0.05,2974,-1.965,5.619,4.597
0.05,2975,2.385,-1.799,-3.389
0.05,2976,8.187,-1.378,-7.217
0.05,2977,-5.968,6.090,0.493
0.05,2978,-4.802,-0.126,4.093
0.05,2979,-0.152,-6.483,5.746
0.05,2980,-7.882,-8.395,0.668
0.05,2981,-7.606,2.999,0.449
0.05,2982,0.585,8.282,-5.362
0.05,2983,1.327,-0.803,-9.853
0.05,2984,0.212,8.319,0.304
0.05,2985,4.600,5.312,-10.176
0.05,2986,0.491,3.204,-1.430
0.05,2987,2.079,-0.733,-10.463
0.05,2988,-3.125,0.417,4.350
0.05,2989,2.507,-0.272,-10.596
0.05,2990,-1.089,-4.983,-9.865
0.05,2991,6.374,6.408,-4.920
0.05,2992,-7.087,-3.603,0.332
0.05,2993,3.937,8.061,-5.487
0.05,2994,-8.230,0.494,-9.137
0.05,2995,-6.717,-7.320,-10.243
0.05,2996,-0.090,-9.022,-4.328
0.05,2997,-8.426,1.658,-4.846
0.05,2998,7.713,-2.027,0.190
0.05,2999,8.131,6.547,-4.195
0.15,0,-4.824,-1.672,3.889
0.15,1,7.310,3.287,0.296
0.15,2,5.611,-5.312,0.243
0.15,3,-3.171,1.567,-4.342
0.15,4,7.686,7.410,-8.923
0.15,5,8.038,-0.385,0.291
0.15,6,-6.392,-6.403,0.752
0.15,7,4.136,-8.836,-7.986
0.15,8,-5.091,-5.286,4.666
0.15,9,-5.574,-5.690,0.592
0.15,10,0.221,-0.245,-10.564
0.15,11,4.838,-9.076,9.237
0.15,12,6.113,-0.164,5.181
0.15,13,1.086,-4.798,1.254
0.15,14,1.153,-5.290,0.346
0.15,15,-7.132,-4.848,-10.530
0.15,16,8.974,-3.532,6.110
0.15,17,6.208,-4.262,-10.221
0.15,18,5.690,5.298,0.246
0.15,19,-4.262,2.418,-6.622
0.15,20,-8.268,-0.077,0.480
0.15,21,-10.560,-8.646,-3.347
0.15,22,9.150,5.244,6.214
0.15,23,-8.673,-1.623,9.344
0.15,24,0.599,-0.303,-10.268
0.15,25,4.112,2.781,-8.850
0.15,26,-3.826,2.526,-8.218
0.15,27,0.792,-4.886,0.570
0.15,28,-8.437,-1.281,9.624
0.15,29,-5.388,9.229,8.208
0.15,30,6.953,-3.396,-8.494
0.15,31,-4.647,1.546,0.017
0.15,32,5.787,5.208,0.242
0.15,33,-4.119,-6.671,0.391
0.15,34,0.382,-4.359,-0.488
0.15,35,7.166,-3.685,0.262
0.15,36,-5.508,-5.678,0.562
0.15,37,3.477,-7.373,0.245
0.15,38,-5.813,-5.906,0.614
0.15,39,1.260,-7.600,0.362
0.15,40,-6.269,4.455,0.365
0.15,41,-5.855,4.977,0.248
0.15,42,4.322,3.067,8.481
0.15,43,8.752,8.741,-3.432
0.15,44,-10.059,-9.030,-4.135
0.15,45,-5.050,-9.149,-9.150
0.15,46,-9.080,4.756,6.074
0.15,47,-2.630,-7.745,0.390
0.15,48,-4.529,-5.835,6.692
0.15,49,0.078,-4.460,4.185
0.15,50,-4.787,5.296,4.705
0.15,51,-5.523,5.268,9.455
0.15,52,6.371,-0.442,4.281
0.15,53,-4.045,2.672,-9.991
0.15,54,8.033,4.005,7.713
0.15,55,-7.581,2.990,0.398
0.15,56,3.166,4.222,0.534
0.15,57,7.454,-3.402,0.299
0.15,58,5.774,7.336,-10.775
0.15,59,7.774,-2.069,0.278
0.15,60,-1.451,-0.051,-0.374
0.15,61,3.654,-8.377,8.316
0.15,62,-8.460,-0.114,0.565
0.15,63,-4.312,2.589,-6.863
0.15,64,-5.749,5.161,0.255
0.15,65,7.034,-4.059,5.761
0.15,66,0.095,8.267,0.270
0.15,67,-8.423,-5.452,7.675
0.15,68,3.306,7.506,0.268
0.15,69,-0.606,-0.657,-6.352
0.15,70,5.720,9.321,8.078
0.15,71,-0.951,6.118,0.769
0.15,72,-6.879,-3.899,0.345
0.15,73,-4.801,-6.186,0.425
0.15,74,-6.299,-7.097,3.762
0.15,75,-10.376,-7.349,-3.861
0.15,76,-0.952,7.680,0.454
0.15,77,8.169,-5.996,6.226
0.15,78,-0.437,0.055,6.649
0.15,79,-8.793,5.134,6.488
0.15,80,-6.092,-1.819,4.979
0.15,81,3.510,2.288,-7.932
0.15,82,-1.737,-7.923,0.602
0.15,83,-7.554,1.725,0.379
0.15,84,-0.878,-5.260,-9.582
0.15,85,-1.942,-0.200,-2.891
0.15,86,7.992,-0.532,0.296
0.15,87,-3.884,1.473,8.183
0.15,88,-6.432,-3.475,-10.281
0.15,89,0.911,2.234,-6.411
0.15,90,7.847,0.258,-10.178
0.15,91,-6.723,-1.954,9.706
0.15,92,-1.095,0.131,0.594
0.15,93,9.570,-6.315,0.028
0.15,94,0.211,4.238,8.206
0.15,95,0.843,10.329,5.927
0.15,96,2.965,3.766,1.096
0.15,97,-6.745,-3.475,-10.411
0.15,98,-7.231,-8.467,-9.736
0.15,99,-7.244,-3.797,-7.661
0.15,100,0.442,-0.291,-10.507
0.15,101,-10.289,-3.137,5.926
0.15,102,-0.844,-5.663,-10.388
0.15,103,6.624,1.251,0.740
0.15,104,-7.100,1.219,0.541
0.15,105,-3.610,-9.246,9.200
0.15,106,-3.146,7.751,0.483
0.15,107,-5.797,5.126,0.250
0.15,108,5.494,-5.474,0.254
0.15,109,2.429,3.882,0.916
0.15,110,-3.109,7.663,0.440
0.15,111,-3.110,7.649,0.433
0.15,112,0.225,-3.506,-8.533
0.15,113,5.143,-4.392,5.111
0.15,114,-5.264,-5.886,0.475
0.15,115,0.929,0.041,-8.002
0.15,116,9.668,-6.991,-10.265
0.15,117,-1.580,0.230,0.822
0.15,118,-0.254,-0.897,-1.758
0.15,119,-6.273,-8.109,-7.974
0.15,120,-8.820,-8.373,4.737
0.15,121,3.998,-9.033,-9.541
0.15,122,-7.499,0.477,0.657
0.15,123,-4.242,2.589,-7.055
0.15,124,7.841,-0.581,0.383
0.15,125,8.263,6.505,2.073
0.15,126,-0.500,-0.704,-1.570
0.15,127,0.692,0.050,-6.256
0.15,128,9.453,-11.132,-7.823
0.15,129,-6.957,0.578,0.799
0.15,130,-0.368,-0.043,0.031
0.15,131,9.798,-3.856,2.640
0.15,132,-5.724,5.252,0.248
0.15,133,-8.869,1.613,-9.159
0.15,134,7.475,5.877,1.046
0.15,135,-0.919,-5.368,-9.634
0.15,136,-3.624,3.820,9.369
0.15,137,-7.084,-5.328,-10.450
0.15,138,3.463,-7.376,0.245
0.15,139,4.171,-9.690,-10.433
0.15,140,2.591,5.992,0.335
0.15,141,-0.190,-0.320,-0.788
0.15,142,-5.561,-5.620,0.584
0.15,143,-7.564,3.090,0.413
0.15,144,4.424,-3.776,4.322
0.15,145,5.766,6.170,6.295
0.15,146,4.319,-8.740,-10.179
0.15,147,-7.496,0.310,0.657
0.15,148,-9.968,-8.901,-3.930
0.15,149,0.516,-4.150,7.193
0.15,150,5.052,-4.806,0.492
0.15,151,5.716,5.283,0.246
0.15,152,7.584,-3.097,0.308
0.15,153,-4.978,-2.918,6.527
0.15,154,-9.392,0.860,-8.845
0.15,155,0.473,2.646,-1.731
0.15,156,-0.581,0.042,6.560
0.15,157,5.223,4.568,0.557
0.15,158,-6.965,-3.780,0.323
0.15,159,0.900,7.733,9.070
0.15,160,5.312,-7.061,-10.090
0.15,161,-4.314,3.563,9.499
0.15,162,-7.551,3.278,0.460
0.15,163,-6.037,-1.002,4.650
0.15,164,-6.794,-5.680,-8.608
0.15,165,2.073,5.587,0.877
0.15,166,0.216,-5.275,8.723
0.15,167,1.868,3.461,-10.468
0.15,168,-0.880,-5.795,-10.429
0.15,169,-8.348,-6.676,5.849
0.15,170,-1.099,8.745,9.751
0.15,171,2.729,9.321,7.925
0.15,172,-6.433,0.560,1.279
0.15,173,0.420,-0.157,-8.664
0.15,174,7.216,-7.169,7.698
0.15,175,8.907,-10.559,-7.360
0.15,176,6.013,-0.143,2.099
0.15,177,-0.430,0.106,1.971
0.15,178,1.092,-5.137,0.769
0.15,179,0.155,8.251,0.272
0.15,180,-6.699,-7.621,3.934
0.15,181,5.209,5.804,0.268
0.15,182,-6.854,1.589,0.408
0.15,183,0.278,-8.042,0.307
0.15,184,-7.202,-3.390,0.264
0.15,185,5.465,-5.513,0.256
0.15,186,-9.911,-3.582,6.207
0.15,187,-7.238,-3.335,0.260
0.15,188,4.573,6.702,8.923
0.15,189,9.125,6.242,8.146
0.15,190,-5.418,5.620,0.244
0.15,191,0.413,-1.023,-1.566
0.15,192,-2.217,7.650,5.528
0.15,193,-3.715,9.118,-10.617
0.15,194,1.049,-6.253,0.103
0.15,195,7.950,-6.264,6.755
0.15,196,-8.179,0.229,0.432
0.15,197,-5.715,5.189,0.249
0.15,198,8.906,-6.903,0.961
0.15,199,-5.554,-5.633,0.578
0.15,200,-0.167,4.927,9.150
0.15,201,-3.267,7.957,5.933
0.15,202,-0.852,8.126,-10.494
0.15,203,-9.895,5.143,5.472
0.15,204,-0.810,-5.139,-9.584
0.15,205,-10.348,5.666,-8.322
0.15,206,5.384,5.595,0.261
0.15,207,-5.550,-5.774,0.412
0.15,208,-7.535,3.164,0.425
0.15,209,5.222,5.773,0.267
0.15,210,-5.827,0.545,1.838
0.15,211,0.150,-4.755,3.823
0.15,212,5.945,5.836,0.394
0.15,213,-0.515,-0.152,-9.784
0.15,214,9.872,-7.041,0.078
0.15,215,4.714,-9.598,-2.266
0.15,216,-0.793,8.029,0.449
0.15,217,-5.312,-5.854,0.495
0.15,218,-7.264,-4.559,-7.598
0.15,219,3.590,3.635,-10.414
0.15,220,-4.601,-8.915,-9.262
0.15,221,0.688,-5.789,9.352
0.15,222,-8.124,-3.166,0.391
0.15,223,-7.545,3.948,8.586
0.15,224,-5.450,-5.739,0.534
0.15,225,-8.882,-2.469,9.723
0.15,226,-0.485,-0.069,7.313
0.15,227,-6.667,-4.223,-9.646
0.15,228,-5.253,-4.511,-7.820
0.15,229,-7.503,0.382,0.685
0.15,230,-3.116,7.645,0.429
0.15,231,-8.010,-8.358,3.158
0.15,232,6.024,6.560,0.238
0.15,233,-5.427,-6.011,2.576
0.15,234,1.496,-8.086,8.454
0.15,235,8.810,-6.710,8.604
0.15,236,-5.707,5.278,0.249
0.15,237,1.986,9.195,6.538
0.15,238,4.535,-10.594,0.853
0.15,239,-4.374,2.725,-7.060
0.15,240,1.025,-3.571,-2.521
0.15,241,7.948,-0.169,-6.924
0.15,242,8.073,-0.348,0.274
0.15,243,7.022,-3.787,-7.306
0.15,244,3.184,-7.411,0.254
0.15,245,-4.030,1.992,-6.187
0.15,246,-7.271,-3.278,0.258
0.15,247,8.231,-9.835,-2.164
0.15,248,-3.242,8.027,0.663
0.15,249,5.234,5.338,6.403
0.15,250,-2.923,2.244,8.552
0.15,251,5.827,7.769,-10.231
0.15,252,-4.645,3.390,-10.683
0.15,253,-6.423,-7.044,0.874
0.15,254,4.521,3.414,7.050
0.15,255,1.294,3.424,0.379
0.15,256,3.564,7.304,6.943
0.15,257,5.897,3.277,4.656
0.15,258,4.550,-3.622,5.432
0.15,259,-3.468,-7.119,0.326
0.15,260,0.400,-7.867,0.290
0.15,261,5.252,0.358,8.413
0.15,262,8.023,-0.412,0.295
0.15,263,-3.099,-8.710,8.185
0.15,264,7.038,3.643,0.344
0.15,265,8.018,-0.452,0.294
0.15,266,-0.838,6.294,4.421
0.15,267,-3.651,-4.914,4.270
0.15,268,-8.185,0.261,0.409
0.15,269,0.299,8.212,0.278
0.15,270,0.321,-8.028,0.303
0.15,271,-5.170,-8.961,-9.658
0.15,272,-0.094,-4.326,-4.528
0.15,273,-4.708,-9.122,-9.012
0.15,274,5.354,-5.759,7.934
0.15,275,0.542,4.015,5.376
0.15,276,0.440,-4.338,0.502
0.15,277,6.169,-4.531,0.231
0.15,278,-0.370,-0.071,7.504
0.15,279,-6.045,-1.047,4.927
0.15,280,-6.695,-3.783,-9.566
0.15,281,0.766,-4.565,1.575
0.15,282,-2.769,0.335,-1.906
0.15,283,-5.889,4.977,0.258
0.15,284,3.357,7.475,0.275
0.15,285,7.447,-6.198,5.521
0.15,286,-2.926,1.158,-2.641
0.15,287,-0.336,-0.052,-0.077
0.15,288,5.602,9.357,8.474
0.15,289,0.500,-0.298,-8.962
0.15,290,-8.008,7.530,-4.289
0.15,291,-5.732,5.230,0.248
0.15,292,4.577,-10.899,1.813
0.15,293,6.563,-3.952,-8.217
0.15,294,-7.870,-8.820,-8.267
0.15,295,-10.192,5.395,1.851
0.15,296,-5.824,4.314,0.234
0.15,297,3.353,7.477,0.274
0.15,298,9.168,-10.800,-9.997
0.15,299,6.322,0.830,4.630
0.15,300,-0.651,10.103,6.578
0.15,301,3.162,-1.087,-4.434
0.15,302,8.152,7.382,-9.803
0.15,303,0.996,-0.766,-3.538
0.15,304,-3.100,9.280,-10.156
0.15,305,-1.303,4.531,9.641
0.15,306,7.360,-3.470,0.294
0.15,307,-3.309,9.436,-9.328
0.15,308,-3.759,1.252,-10.977
0.15,309,-0.103,0.171,4.970
0.15,310,-7.610,-3.473,9.704
0.15,311,5.432,-4.256,-7.793
0.15,312,-3.752,-6.865,0.404
0.15,313,1.319,-8.661,4.776
0.15,314,0.577,-0.248,-8.743
0.15,315,7.643,2.076,0.304
0.15,316,3.470,-7.374,0.245
0.15,317,0.119,-1.252,-2.353
0.15,318,2.711,-7.527,0.329
0.15,319,-4.010,2.265,-10.470
0.15,320,7.499,6.156,8.981
0.15,321,4.561,4.635,0.315
0.15,322,-5.659,-5.778,0.581
0.15,323,-6.784,-3.653,-9.984
0.15,324,8.028,-0.336,0.298
0.15,325,-6.037,-5.924,0.605
0.15,326,7.029,-3.847,-9.535
0.15,327,-1.535,8.951,5.351
0.15,328,4.864,4.406,5.428
0.15,329,4.744,2.991,-9.102
0.15,330,7.872,-3.689,0.921
0.15,331,7.109,3.792,9.751
0.15,332,5.049,8.971,7.076
0.15,333,-4.075,2.804,-8.167
0.15,334,-6.911,-7.424,5.083
0.15,335,7.951,-0.482,0.324
0.15,336,5.354,-5.681,0.259
0.15,337,-0.619,-4.457,-5.279
0.15,338,-9.125,0.382,-10.194
0.15,339,-6.961,7.014,0.830
0.15,340,-10.490,-7.064,-4.251
0.15,341,-0.485,8.088,-9.941
0.15,342,7.702,-6.581,7.441
0.15,343,4.750,-3.932,3.890
0.15,344,7.383,3.197,0.316
0.15,345,-5.082,-6.000,0.454
0.15,346,-4.442,2.971,-10.640
0.15,347,-9.577,9.652,-2.520
0.15,348,3.178,9.470,8.652
0.15,349,-0.484,0.002,7.126
0.15,350,-0.686,6.536,5.288
0.15,351,7.409,3.151,0.324
0.15,352,-0.775,-5.760,-10.340
0.15,353,8.019,-0.439,0.294
0.15,354,7.748,0.180,8.635
0.15,355,7.267,3.327,0.285
0.15,356,-0.189,0.226,5.361
0.15,357,-0.442,0.056,-9.362
0.15,358,7.052,5.802,0.944
0.15,359,-4.018,-5.911,4.979
0.15,360,-3.116,7.644,0.430
0.15,361,3.851,1.664,-6.303
0.15,362,0.570,-0.132,-6.276
0.15,363,8.503,4.144,7.931
0.15,364,-4.164,2.739,-7.779
0.15,365,10.776,-6.476,-2.782
0.15,366,6.322,-3.886,0.375
0.15,367,1.524,-6.957,9.408
0.15,368,-5.664,-5.800,0.563
0.15,369,-8.045,4.533,1.741
0.15,370,-7.037,-1.448,3.672
0.15,371,8.021,6.602,1.815
0.15,372,-9.269,5.930,7.013
0.15,373,-6.031,0.445,1.691
0.15,374,-3.120,-7.727,0.750
0.15,375,-7.224,-3.354,0.261
0.15,376,8.114,3.027,0.267
0.15,377,-0.619,-4.816,-9.094
0.15,378,-0.414,4.207,7.856
0.15,379,8.022,-0.415,0.295
0.15,380,8.120,7.033,4.180
0.15,381,-3.097,7.703,0.529
0.15,382,-5.239,-4.475,6.680
0.15,383,4.837,-5.611,0.546
0.15,384,-4.097,2.810,-8.168
0.15,385,10.118,2.716,3.878
0.15,386,1.702,2.361,-6.345
0.15,387,0.212,-5.079,7.536
0.15,388,-0.847,6.429,-0.601
0.15,389,-5.143,-5.964,0.459
0.15,390,6.541,-3.906,-9.082
0.15,391,-5.717,5.262,0.249
0.15,392,0.510,-0.310,-9.860
0.15,393,-6.875,-2.936,-9.963
0.15,394,-3.480,1.857,-7.133
0.15,395,-5.342,-0.084,3.424
0.15,396,-6.869,-3.666,-9.758
0.15,397,5.650,8.265,0.947
0.15,398,-0.007,-0.140,7.415
0.15,399,-0.056,2.334,-8.024
0.15,400,6.166,2.552,-10.601
0.15,401,-7.263,-7.693,4.449
0.15,402,-0.078,-7.487,6.553
0.15,403,7.099,5.373,0.800
0.15,404,-5.733,5.230,0.248
0.15,405,9.252,-4.315,-3.054
0.15,406,-7.664,6.977,6.112
0.15,407,-5.542,-8.446,-9.911
0.15,408,-3.024,1.056,0.093
0.15,409,-5.167,-4.890,7.125
0.15,410,-6.675,-8.072,-9.787
0.15,411,-7.270,-6.248,-9.827
0.15,412,1.252,-0.369,-4.466
0.15,413,-5.022,2.123,9.624
0.15,414,-7.291,-6.214,-11.080
0.15,415,0.304,-8.033,0.306
0.15,416,4.462,-3.882,5.290
0.15,417,-3.271,8.938,-11.085
0.15,418,0.564,-3.628,5.044
0.15,419,-10.246,-9.268,-2.394
0.15,420,-5.640,-5.766,0.575
0.15,421,-0.952,8.226,0.470
0.15,422,-1.754,7.057,0.712
0.15,423,-6.824,-4.410,-9.778
0.15,424,-0.305,-4.450,-8.458
0.15,425,-6.347,1.835,0.277
0.15,426,-5.315,-4.265,6.383
0.15,427,-6.146,-0.294,5.011
0.15,428,8.023,-0.428,0.294
0.15,429,8.846,4.565,5.215
0.15,430,7.618,-1.607,0.448
0.15,431,-0.410,0.058,1.846
0.15,432,-6.033,-2.160,8.736
0.15,433,7.467,3.136,0.320
0.15,434,-7.883,1.248,0.244
0.15,435,5.303,5.236,0.239
0.15,436,7.026,0.117,8.513
0.15,437,-5.829,-5.833,0.605
0.15,438,-5.475,-5.709,0.549
0.15,439,2.231,-0.534,-10.549
0.15,440,7.382,3.185,0.317
0.15,441,-0.109,-0.439,8.357
0.15,442,-5.503,-5.683,0.559
0.15,443,4.713,-10.383,4.598
0.15,444,4.755,-7.681,-10.152
0.15,445,-3.101,7.642,0.444
0.15,446,0.093,-8.079,0.323
0.15,447,0.221,-0.290,-9.030
0.15,448,-7.551,3.136,0.420
0.15,449,-5.506,-5.679,0.562
0.15,450,-5.674,5.337,0.252
0.15,451,-2.683,-9.408,-9.314
0.15,452,-4.097,2.485,-7.467
0.15,453,-4.301,8.834,4.603
0.15,454,3.976,2.894,-8.519
0.15,455,-6.499,6.995,-10.795
0.15,456,1.376,3.338,-0.100
0.15,457,7.463,2.993,0.327
0.15,458,-3.722,0.437,3.821
0.15,459,-0.190,-2.508,7.209
0.15,460,-5.785,-8.317,9.223
0.15,461,-9.679,-3.071,9.268
0.15,462,-2.607,-8.160,0.515
0.15,463,-0.525,0.084,6.519
0.15,464,-0.979,8.160,-9.772
0.15,465,-6.874,8.083,-8.805
0.15,466,4.130,9.142,5.959
0.15,467,-2.576,7.727,0.440
0.15,468,-7.560,3.119,0.420
0.15,469,-0.363,-1.124,-2.159
0.15,470,-1.297,-0.273,8.874
0.15,471,-6.646,-4.546,-9.823
0.15,472,6.092,-0.265,4.930
0.15,473,-5.438,7.356,3.855
0.15,474,-7.965,0.305,0.518
0.15,475,-6.896,-6.896,1.133
0.15,476,-1.133,-8.932,0.765
0.15,477,-0.789,-5.756,-10.575
0.15,478,1.116,-2.016,9.685
0.15,479,5.192,5.806,0.267
0.15,480,-5.706,5.575,0.307
0.15,481,-5.799,5.103,0.249
0.15,482,0.171,1.144,-7.970
0.15,483,6.884,9.081,9.288
0.15,484,-4.510,-6.374,0.398
0.15,485,8.818,-8.972,-0.916
0.15,486,-7.272,-2.668,-8.808
0.15,487,5.736,5.271,0.254
0.15,488,-8.885,2.241,-8.064
0.15,489,8.692,-9.866,0.128
0.15,490,-6.996,-6.840,4.860
0.15,491,-3.311,-9.082,5.629
0.15,492,-4.424,1.506,5.899
0.15,493,-0.105,4.492,9.143
0.15,494,8.026,-0.395,0.295
0.15,495,0.568,6.314,5.562
0.15,496,-7.210,-3.377,0.263
0.15,497,-5.385,8.565,-8.959
0.15,498,3.412,8.573,-10.988
0.15,499,0.940,-8.227,4.871
0.15,500,-8.699,4.442,5.589
0.15,501,5.330,5.680,0.264
0.15,502,4.481,-10.770,1.449
0.15,503,-7.028,-3.733,-9.635
0.15,504,-1.458,2.007,-9.014
0.15,505,5.502,-5.428,0.252
0.15,506,0.207,-0.276,-8.884
0.15,507,3.889,1.675,-6.114
0.15,508,-0.801,-6.005,-10.822
0.15,509,8.457,-0.263,-10.979
0.15,510,-3.812,2.674,-8.923
0.15,511,-6.779,-7.342,-10.679
0.15,512,-4.541,-0.753,7.606
0.15,513,6.138,-4.109,-9.594
0.15,514,5.266,5.739,0.265
0.15,515,-10.312,5.072,-8.565
0.15,516,-8.989,9.315,-5.149
0.15,517,0.296,-8.058,0.301
0.15,518,1.285,-5.163,-0.146
0.15,519,-3.487,-9.180,5.202
0.15,520,-1.491,-7.549,7.553
0.15,521,-7.090,-6.585,-10.679
0.15,522,-0.486,-4.609,-9.185
0.15,523,-4.141,9.020,4.661
0.15,524,7.933,-5.589,6.853
0.15,525,-7.252,0.637,0.669
0.15,526,-6.144,-4.926,0.621
0.15,527,4.783,5.018,0.392
0.15,528,-8.782,5.365,8.524
0.15,529,1.563,2.932,-4.333
0.15,530,-4.056,-6.683,0.366
0.15,531,-3.582,1.816,-2.457
0.15,532,0.607,-3.217,-3.306
0.15,533,-5.768,7.388,5.274
0.15,534,7.893,-1.090,0.284
0.15,535,1.907,4.867,1.086
0.15,536,-2.821,0.735,1.271
0.15,537,9.346,-10.035,5.627
0.15,538,-1.045,-0.083,7.234
0.15,539,0.734,3.157,-2.050
0.15,540,-0.779,-5.088,-9.518
0.15,541,4.470,-3.360,-7.014
0.15,542,8.634,3.463,4.676
0.15,543,7.409,-3.419,0.302
0.15,544,-7.122,-3.523,0.279
0.15,545,-8.004,0.472,0.442
0.15,546,0.095,2.859,-9.278
0.15,547,3.522,-7.367,0.244
0.15,548,-6.756,-7.090,-10.604
0.15,549,-5.828,5.028,0.247
0.15,550,10.270,-7.088,-10.717
0.15,551,-0.343,8.237,0.227
0.15,552,-3.930,2.658,-8.401
0.15,553,-6.716,-3.177,-9.604
0.15,554,-0.904,-1.212,8.049
0.15,555,-7.562,3.103,0.415
0.15,556,0.255,-8.063,0.314
0.15,557,1.553,0.040,-9.563
0.15,558,3.350,7.479,0.274
0.15,559,-2.670,9.026,-9.408
0.15,560,-0.254,0.080,6.580
0.15,561,-5.832,-6.708,3.717
0.15,562,5.443,-4.147,0.742
0.15,563,-2.831,9.050,-10.832
0.15,564,7.168,9.168,5.243
0.15,565,-0.665,-4.776,-9.456
0.15,566,-5.509,-5.678,0.562
0.15,567,-3.840,2.530,-9.637
0.15,568,5.170,-5.934,0.268
0.15,569,8.392,5.375,7.301
0.15,570,-8.216,-0.529,0.598
0.15,571,6.741,-4.024,-9.925
0.15,572,6.405,5.300,0.481
0.15,573,7.074,5.966,0.892
0.15,574,1.045,-5.852,0.267
0.15,575,-4.228,0.976,1.199
0.15,576,5.172,-8.637,8.859
0.15,577,-2.037,0.104,-0.208
0.15,578,1.951,-4.576,5.107
0.15,579,8.025,-0.405,0.294
0.15,580,-9.502,-2.341,6.254
0.15,581,-0.754,5.882,6.928
0.15,582,7.804,-6.342,9.333
0.15,583,5.251,5.505,0.246
0.15,584,8.949,-10.572,-5.239
0.15,585,-0.100,-5.080,6.029
0.15,586,-3.848,-6.842,0.356
0.15,587,-9.429,-9.066,1.298
0.15,588,0.181,-8.065,0.314
0.15,589,0.053,0.056,1.915
0.15,590,3.322,8.163,-10.954
0.15,591,5.361,-5.672,0.259
0.15,592,5.576,5.437,0.255
0.15,593,-0.107,-4.095,-1.638
0.15,594,0.071,8.271,0.269
0.15,595,0.512,-0.256,-8.542
0.15,596,1.346,-4.476,3.500
0.15,597,-1.133,-0.270,-1.210
0.15,598,-6.757,-7.518,-9.654
0.15,599,-5.027,-4.804,5.238
0.15,600,7.201,7.273,-10.229
0.15,601,4.466,-10.607,0.913
0.15,602,-6.623,-8.031,-9.633
0.15,603,-3.921,2.795,-9.225
0.15,604,-6.514,-1.316,5.808
0.15,605,-6.668,-7.760,-9.367
0.15,606,-6.393,4.525,8.605
0.15,607,-9.298,-6.389,7.450
0.15,608,-7.333,8.146,8.267
0.15,609,-7.460,-2.958,0.332
0.15,610,-6.709,0.765,0.880
0.15,611,9.962,5.457,-8.467
0.15,612,1.137,-4.989,0.826
0.15,613,0.669,-1.003,-2.497
0.15,614,8.027,-0.394,0.295
0.15,615,-3.116,7.714,0.534
0.15,616,-0.238,-0.555,-1.238
0.15,617,0.316,-0.298,-9.611
0.15,618,-8.167,0.186,0.464
0.15,619,-0.468,0.152,1.550
0.15,620,-4.917,1.747,-0.216
0.15,621,-7.132,1.103,4.692
0.15,622,-8.260,-0.143,0.503
0.15,623,-0.820,-5.856,-10.561
0.15,624,-8.606,-6.816,3.859
0.15,625,1.022,-4.272,2.432
0.15,626,-0.344,0.192,5.763
0.15,627,5.678,-4.463,0.452
0.15,628,-9.029,1.155,-8.260
0.15,629,-6.287,-6.376,0.826
0.15,630,-0.394,-5.203,-1.186
0.15,631,-0.875,-5.509,-10.075
0.15,632,-5.693,5.299,0.251
0.15,633,-6.849,0.224,1.099
0.15,634,-9.457,-4.378,5.824
0.15,635,6.511,3.149,5.937
0.15,636,-3.928,-6.361,6.281
0.15,637,-6.706,-0.145,5.799
0.15,638,0.534,0.056,-0.394
0.15,639,-6.129,4.469,0.308
0.15,640,-4.256,2.410,-6.519
0.15,641,-5.056,1.211,0.899
0.15,642,7.139,8.994,1.273
0.15,643,6.234,8.820,-2.345
0.15,644,0.633,-4.336,5.350
0.15,645,4.800,-4.071,4.927
0.15,646,-5.303,-6.129,5.400
0.15,647,5.868,7.386,5.357
0.15,648,-1.514,1.673,-8.964
0.15,649,-9.762,5.573,6.204
0.15,650,0.213,2.144,-5.256
0.15,651,-7.809,4.693,9.577
0.15,652,-0.933,-5.668,-10.233
0.15,653,0.039,-4.157,0.134
0.15,654,-0.363,-4.524,-8.332
0.15,655,7.369,-3.459,0.296
0.15,656,1.155,-7.742,0.272
0.15,657,-8.267,-0.075,0.480
0.15,658,-4.811,-3.743,5.215
0.15,659,5.353,3.084,-11.073
0.15,660,7.366,-3.463,0.295
0.15,661,-9.764,-3.570,6.216
0.15,662,8.356,-6.281,8.480
0.15,663,3.750,3.100,-10.434
0.15,664,6.920,-0.443,1.050
0.15,665,-0.485,-0.163,-0.989
0.15,666,-3.485,9.419,-9.723
0.15,667,-3.729,8.159,0.975
0.15,668,4.548,6.426,0.287
0.15,669,-0.747,-5.036,-9.460
0.15,670,-6.458,-6.897,0.870
0.15,671,4.533,3.155,-9.431
0.15,672,6.550,-3.938,-9.252
0.15,673,9.718,3.937,5.087
0.15,674,-2.481,2.184,8.141
0.15,675,0.787,3.365,6.014
0.15,676,3.545,8.582,-11.018
0.15,677,5.872,-4.937,0.223
0.15,678,-0.212,-4.243,-4.174
0.15,679,-1.129,9.597,6.581
0.15,680,-6.822,-7.699,7.337
0.15,681,-5.886,-8.488,-10.583
0.15,682,-3.066,7.641,0.456
0.15,683,5.393,5.623,0.265
0.15,684,5.647,-5.260,0.239
0.15,685,-8.263,-0.121,0.495
0.15,686,9.257,5.102,6.187
0.15,687,2.962,4.180,1.266
0.15,688,7.616,7.448,-9.232
0.15,689,6.027,0.467,5.078
0.15,690,-6.818,-6.575,-10.429
0.15,691,-8.920,1.534,-8.941
0.15,692,-5.741,-0.320,3.530
0.15,693,5.095,5.893,0.271
0.15,694,-3.158,7.661,0.394
0.15,695,-9.008,1.147,-8.039
0.15,696,-7.963,0.317,0.507
0.15,697,-2.125,-4.144,-5.837
0.15,698,-2.598,0.523,3.177
0.15,699,7.416,-6.873,7.976
0.15,700,-5.932,1.187,0.950
0.15,701,4.979,-6.168,0.288
0.15,702,-5.706,5.315,0.249
0.15,703,-0.428,-3.928,1.691
0.15,704,-0.239,2.810,-9.183
0.15,705,3.236,5.225,1.504
0.15,706,-0.865,-5.602,-10.149
0.15,707,-0.147,-1.322,8.432
0.15,708,7.643,-0.875,0.495
0.15,709,-6.918,5.802,7.698
0.15,710,10.823,-7.518,-9.326
0.15,711,0.441,8.170,0.279
0.15,712,-4.620,5.705,4.885
0.15,713,6.886,-7.646,5.480
0.15,714,4.727,-3.910,1.311
0.15,715,-5.049,-6.019,0.455
0.15,716,-9.067,4.507,1.432
0.15,717,-9.974,-9.272,-2.400
0.15,718,-1.843,-9.667,9.682
0.15,719,2.965,-7.428,0.259
0.15,720,0.187,8.237,0.274
0.15,721,6.872,7.559,-7.695
0.15,722,-8.377,-9.385,-9.228
0.15,723,0.487,-8.879,5.898
0.15,724,0.400,3.175,-2.332
0.15,725,-6.066,-0.310,5.121
0.15,726,1.554,-4.437,3.616
0.15,727,0.626,-7.927,0.273
0.15,728,-5.482,-5.720,0.533
0.15,729,-6.755,6.808,2.595
0.15,730,-3.115,7.649,0.427
0.15,731,-5.495,-1.302,3.161
0.15,732,4.589,3.085,-8.281
0.15,733,-0.161,-0.200,-10.008
0.15,734,0.482,8.088,0.304
0.15,735,5.706,-4.411,0.484
0.15,736,6.334,9.501,6.193
0.15,737,7.001,-0.784,1.065
0.15,738,-2.019,-7.737,0.431
0.15,739,7.182,9.252,1.238
0.15,740,-3.934,0.164,6.538
0.15,741,-0.351,-4.569,-6.555
0.15,742,8.314,-4.184,0.611
0.15,743,-3.356,-9.030,-5.655
0.15,744,-0.465,-0.257,-0.620
0.15,745,-0.411,0.146,1.734
0.15,746,-0.933,0.246,4.125
0.15,747,7.352,-3.481,0.292
0.15,748,-7.300,1.226,9.155
0.15,749,-0.572,-4.738,-9.010
0.15,750,-3.874,2.095,-5.004
0.15,751,-9.364,9.643,-2.920
0.15,752,0.449,-8.046,0.325
0.15,753,7.336,-3.497,0.288
0.15,754,-0.192,-0.764,-1.619
0.15,755,0.726,-0.461,8.662
0.15,756,1.248,-5.590,0.762
0.15,757,-8.270,4.107,6.624
0.15,758,2.445,4.644,2.500
0.15,759,-9.326,6.607,7.007
0.15,760,6.754,-3.932,-7.307
0.15,761,0.202,4.067,4.549
0.15,762,4.807,3.034,-8.292
0.15,763,6.589,-3.926,-9.196
0.15,764,5.073,9.061,8.060
0.15,765,5.234,-6.063,0.200
0.15,766,6.457,-4.298,0.210
0.15,767,-0.025,-0.213,-10.517
0.15,768,6.421,-0.779,8.957
0.15,769,5.245,2.907,-9.124
0.15,770,3.955,-9.263,-9.955
0.15,771,7.410,3.130,0.326
0.15,772,7.059,-7.780,8.022
0.15,773,0.027,0.226,5.045
0.15,774,-5.511,-5.675,0.563
0.15,775,5.360,5.638,0.263
0.15,776,-7.584,2.077,0.289
0.15,777,-5.391,-5.789,0.508
0.15,778,8.306,-7.701,9.023
0.15,779,-0.030,-0.153,7.736
0.15,780,4.516,8.352,-8.686
0.15,781,-10.381,6.209,-5.321
0.15,782,6.265,-4.456,0.224
0.15,783,7.818,5.587,1.215
0.15,784,0.317,8.209,0.276
0.15,785,6.723,10.176,0.538
0.15,786,8.362,7.265,-9.950
0.15,787,-5.713,4.863,0.336
0.15,788,5.460,-5.025,0.313
0.15,789,-4.269,2.368,-5.938
0.15,790,5.182,-8.165,9.040
0.15,791,2.361,-7.486,0.266
0.15,792,0.206,0.652,-8.314
0.15,793,-5.628,0.004,2.814
0.15,794,-6.074,0.473,1.665
0.15,795,5.024,3.033,-9.171
0.15,796,7.275,6.263,1.123
0.15,797,6.278,7.749,-9.696
0.15,798,-0.290,0.211,4.345
0.15,799,-6.025,-1.021,5.870
0.15,800,0.789,-4.346,2.499
0.15,801,1.212,-0.435,-10.551
0.15,802,-4.903,-6.115,0.436
0.15,803,1.715,-7.591,0.265
0.15,804,-7.751,4.448,7.014
0.15,805,-0.402,-0.008,6.957
0.15,806,4.174,-3.811,2.025
0.15,807,-5.579,-6.233,0.573
0.15,808,2.145,5.351,8.052
0.15,809,-3.637,9.847,6.287
0.15,810,1.099,-0.504,-5.380
0.15,811,7.479,9.449,2.186
0.15,812,2.118,0.911,-7.825
0.15,813,-7.095,-7.103,1.297
0.15,814,0.848,10.840,4.965
0.15,815,4.380,-10.672,1.154
0.15,816,7.708,6.792,4.266
0.15,817,-4.928,-6.096,0.440
0.15,818,-5.656,-0.477,4.668
0.15,819,0.868,3.420,1.236
0.15,820,-10.181,-9.185,-2.649
0.15,821,-0.098,-0.186,-10.145
0.15,822,-9.829,5.559,6.073
0.15,823,-3.275,10.061,7.851
0.15,824,6.245,7.592,-9.928
0.15,825,-5.720,5.294,0.247
0.15,826,-0.465,-0.047,-0.760
0.15,827,-4.392,0.092,4.031
0.15,828,7.609,-6.332,6.958
0.15,829,0.237,5.264,6.671
0.15,830,-3.978,2.270,-7.290
0.15,831,3.138,7.565,0.262
0.15,832,4.736,3.798,1.168
0.15,833,-6.425,6.918,-10.590
0.15,834,-4.860,1.137,1.511
0.15,835,3.212,7.544,0.260
0.15,836,7.595,-0.473,0.539
0.15,837,0.847,-0.376,-10.450
0.15,838,3.894,2.827,-6.219
0.15,839,4.214,6.734,0.299
0.15,840,1.171,-5.956,0.646
0.15,841,-3.020,7.645,0.467
0.15,842,8.118,4.356,6.612
0.15,843,3.393,7.480,0.266
0.15,844,-7.160,7.326,-10.649
0.15,845,4.563,3.156,-8.905
0.15,846,7.590,2.993,0.334
0.15,847,4.868,4.821,0.515
0.15,848,-6.063,6.985,4.044
0.15,849,-1.538,-1.964,8.585
0.15,850,1.703,3.396,-2.226
0.15,851,-7.546,3.154,0.417
0.15,852,3.198,9.038,3.103
0.15,853,6.601,-3.925,-9.089
0.15,854,-8.269,-0.050,0.472
0.15,855,1.640,-7.553,0.280
0.15,856,6.638,2.875,8.143
0.15,857,-3.959,2.115,-6.700
0.15,858,4.105,8.324,-10.623
0.15,859,-0.685,-0.250,-5.620
0.15,860,-9.508,0.580,-8.661
0.15,861,-8.128,-0.844,0.601
0.15,862,1.102,-0.639,-3.839
0.15,863,7.017,9.720,4.869
0.15,864,9.440,-6.620,9.469
0.15,865,-7.228,-3.207,-9.815
0.15,866,-0.706,-1.101,-2.593
0.15,867,-3.432,-7.144,0.325
0.15,868,4.279,-3.711,2.577
0.15,869,-6.118,6.495,1.268
0.15,870,-7.920,7.312,-3.989
0.15,871,8.759,-7.866,0.100
0.15,872,-6.137,8.217,-7.684
0.15,873,-7.938,3.611,0.507
0.15,874,-6.762,-0.132,4.453
0.15,875,-6.288,-2.669,-10.335
0.15,876,-3.438,1.115,0.631
0.15,877,0.653,2.831,1.160
0.15,878,0.469,4.790,5.107
0.15,879,5.382,5.631,0.264
0.15,880,-0.762,-6.052,-11.120
0.15,881,7.376,3.193,0.315
0.15,882,-4.079,2.555,-8.152
0.15,883,3.160,3.922,3.147
0.15,884,6.679,-3.983,-9.677
0.15,885,-2.630,2.235,-9.417
0.15,886,5.365,-4.186,-10.034
0.15,887,-0.206,-4.394,-7.971
0.15,888,6.378,-4.036,-9.430
0.15,889,1.984,0.299,9.004
0.15,890,4.270,4.108,4.627
0.15,891,-0.146,8.247,0.263
0.15,892,-6.918,8.267,-8.591
0.15,893,-8.202,-0.602,0.599
0.15,894,-2.055,-0.097,-3.669
0.15,895,-7.535,3.169,0.425
0.15,896,6.634,-0.231,1.346
0.15,897,-3.041,7.382,5.236
0.15,898,1.030,-4.574,4.252
0.15,899,8.128,7.420,-9.019
0.15,900,-6.462,-0.513,5.466
0.15,901,3.375,7.462,0.278
0.15,902,-0.007,-1.273,-4.066
0.15,903,0.989,-7.792,0.262
0.15,904,0.482,5.647,4.212
0.15,905,3.481,-7.373,0.245
0.15,906,9.159,-4.954,1.245
0.15,907,1.233,-4.871,1.262
0.15,908,5.630,-3.928,0.775
0.15,909,3.499,-7.370,0.244
0.15,910,0.945,-4.363,3.938
0.15,911,-1.072,6.186,5.386
0.15,912,4.773,3.271,-10.259
0.15,913,1.045,-0.905,-2.980
0.15,914,-0.289,-0.058,-0.902
0.15,915,-5.772,-8.430,7.691
0.15,916,-5.731,5.239,0.248
0.15,917,6.225,-2.685,7.734
0.15,918,-0.778,-6.971,4.945
0.15,919,-9.046,0.618,-8.519
0.15,920,7.478,3.088,0.329
0.15,921,5.043,-4.032,0.928
0.15,922,0.201,-1.362,-3.138
0.15,923,8.669,-7.617,4.610
0.15,924,0.496,-7.974,5.051
0.15,925,3.683,7.687,0.004
0.15,926,2.180,6.285,5.222
0.15,927,-2.097,9.129,-10.679
0.15,928,-6.551,-4.307,0.489
0.15,929,8.023,-0.422,0.294
0.15,930,3.226,-3.996,8.231
0.15,931,4.877,-3.788,6.169
0.15,932,8.302,7.335,9.375
0.15,933,7.389,-3.435,0.300
0.15,934,0.284,-1.258,-1.877
0.15,935,7.123,7.290,-9.586
0.15,936,-7.550,3.131,0.421
0.15,937,-6.506,-8.238,8.365
0.15,938,1.028,3.413,-0.419
0.15,939,9.972,-3.368,7.509
0.15,940,0.934,3.618,8.620
0.15,941,5.071,4.377,5.949
0.15,942,6.289,7.698,-10.256
0.15,943,0.076,-8.243,6.449
0.15,944,-6.290,7.645,5.272
0.15,945,8.813,-8.077,4.575
0.15,946,-1.083,-1.030,-4.213
0.15,947,-7.603,2.815,0.359
0.15,948,-1.328,-6.294,6.334
0.15,949,-1.279,8.202,-11.142
0.15,950,1.027,-7.770,0.259
0.15,951,0.232,7.429,-10.867
0.15,952,-6.735,-7.228,-10.564
0.15,953,3.372,7.464,0.278
0.15,954,6.083,-0.820,5.364
0.15,955,-7.917,0.137,0.564
0.15,956,-1.180,-9.664,8.512
0.15,957,8.601,-10.015,-1.554
0.15,958,-0.316,-4.475,-8.105
0.15,959,-8.835,2.172,-7.831
0.15,960,-3.647,3.832,9.141
0.15,961,10.185,7.596,-6.006
0.15,962,3.338,7.487,0.272
0.15,963,6.061,-3.837,6.252
0.15,964,-8.958,4.659,5.734
0.15,965,6.239,7.673,-10.351
0.15,966,8.017,-0.393,0.300
0.15,967,-4.107,8.744,1.929
0.15,968,3.518,-7.365,0.244
0.15,969,-0.211,0.082,6.400
0.15,970,7.107,0.732,0.971
0.15,971,6.876,-3.917,-6.601
0.15,972,-0.793,-5.137,-9.625
0.15,973,-5.152,3.843,9.176
0.15,974,7.476,-3.394,0.297
0.15,975,2.660,4.454,8.587
0.15,976,7.230,7.498,-9.220
0.15,977,-6.259,-1.225,5.833
0.15,978,0.783,-4.534,1.913
0.15,979,-5.762,0.038,2.824
0.15,980,-2.280,9.041,-10.397
0.15,981,-0.922,-5.719,5.781
0.15,982,-5.737,-5.756,0.606
0.15,983,5.761,-4.979,0.246
0.15,984,-9.160,-9.621,-4.787
0.15,985,-5.463,6.372,5.403
0.15,986,8.008,-7.758,1.926
0.15,987,-5.199,-5.883,7.204
0.15,988,9.570,-6.972,0.720
0.15,989,7.927,-6.736,9.113
0.15,990,11.055,-6.681,-4.129
0.15,991,-5.744,3.838,0.449
0.15,992,-6.761,-4.066,0.386
0.15,993,2.899,7.752,5.528
0.15,994,1.176,-1.196,-3.487
0.15,995,4.769,3.846,0.737
0.15,996,-6.331,-0.510,5.268
0.15,997,2.293,8.722,9.168
0.15,998,-4.717,3.456,-10.315
0.15,999,5.953,7.413,9.139
0.15,1000,-3.500,-1.794,6.119
0.15,1001,5.893,5.439,0.332
0.15,1002,7.268,8.486,-3.935
0.15,1003,0.242,-4.451,4.460
0.15,1004,8.140,3.938,5.402
0.15,1005,2.594,-4.046,4.499
0.15,1006,-7.379,7.704,-9.685
0.15,1007,-5.043,-5.857,6.210
0.15,1008,5.470,-7.465,-9.142
0.15,1009,-4.461,0.915,1.696
0.15,1010,-4.120,3.205,-9.090
0.15,1011,1.540,1.585,-8.015
0.15,1012,8.026,-0.409,0.294
0.15,1013,-4.332,-8.682,-9.669
0.15,1014,-5.957,0.087,-10.827
0.15,1015,3.629,8.661,5.122
0.15,1016,-4.679,-6.268,0.411
0.15,1017,10.266,0.144,-7.835
0.15,1018,-1.207,9.619,9.035
0.15,1019,4.803,8.759,-2.250
0.15,1020,8.033,-0.251,0.301
0.15,1021,2.347,0.615,-6.425
0.15,1022,8.015,-0.469,0.293
0.15,1023,-7.562,0.332,0.685
0.15,1024,5.489,5.519,0.261
0.15,1025,5.217,5.188,6.817
0.15,1026,-9.927,-2.868,7.108
0.15,1027,-7.126,-3.754,-9.731
0.15,1028,10.330,-2.107,4.635
0.15,1029,-5.155,-5.955,0.462
0.15,1030,-8.112,0.530,0.351
0.15,1031,4.612,-8.543,-10.132
0.15,1032,-0.272,-0.504,-6.193
0.15,1033,-0.317,-5.520,7.655
0.15,1034,7.086,3.496,0.416
0.15,1035,-4.948,3.953,4.730
0.15,1036,-0.677,-0.261,-0.596
0.15,1037,-10.680,0.074,6.383
0.15,1038,-0.299,-0.774,-1.587
0.15,1039,4.696,-8.160,-10.667
0.15,1040,4.772,-8.002,-10.455
0.15,1041,-6.284,-6.343,0.718
0.15,1042,3.799,7.141,0.293
0.15,1043,6.685,-3.843,0.373
0.15,1044,7.241,-0.315,9.506
0.15,1045,3.411,-7.385,0.248
0.15,1046,1.409,-7.669,0.263
0.15,1047,2.831,-1.906,8.904
0.15,1048,-0.991,-0.233,9.636
0.15,1049,3.326,7.495,0.270
0.15,1050,6.573,8.339,-8.761
0.15,1051,-1.095,7.257,5.735
0.15,1052,-0.042,0.940,0.232
0.15,1053,3.274,-9.963,-9.646
0.15,1054,7.186,3.463,0.274
0.15,1055,7.300,0.076,0.544
0.15,1056,1.653,-4.665,-0.062
0.15,1057,0.720,-9.532,3.816
0.15,1058,6.006,-1.522,2.860
0.15,1059,1.462,-4.041,9.668
0.15,1060,-2.423,9.154,-9.274
0.15,1061,-8.049,4.289,4.196
0.15,1062,4.549,3.040,1.388
0.15,1063,5.877,-4.924,0.223
0.15,1064,1.095,-4.430,4.140
0.15,1065,5.848,4.515,0.531
0.15,1066,-8.875,3.560,5.893
0.15,1067,-0.819,-5.167,-9.568
0.15,1068,0.814,-8.291,0.607
0.15,1069,-8.749,8.194,-4.748
0.15,1070,6.077,5.733,0.435
0.15,1071,4.670,3.708,-10.575
0.15,1072,1.123,-6.511,0.156
0.15,1073,-7.258,0.583,0.697
0.15,1074,3.406,7.444,0.282
0.15,1075,7.331,3.252,0.302
0.15,1076,1.129,0.087,-8.253
0.15,1077,-0.499,-7.813,5.211
0.15,1078,3.898,-5.810,7.258
0.15,1079,5.223,-6.058,0.287
0.15,1080,-1.574,-0.119,-10.310
0.15,1081,-0.024,-4.352,-3.388
0.15,1082,-5.423,-5.819,0.482
0.15,1083,-4.376,0.353,3.800
0.15,1084,0.096,8.265,0.271
0.15,1085,3.540,7.350,0.287
0.15,1086,0.551,3.900,6.936
0.15,1087,-0.353,-0.009,7.330
0.15,1088,-5.038,-2.977,4.865
0.15,1089,-2.290,3.691,-6.012
0.15,1090,10.644,-6.331,-8.552
0.15,1091,5.328,5.687,0.264
0.15,1092,-0.113,-4.909,7.306
0.15,1093,-0.371,-0.700,-6.496
0.15,1094,4.495,6.837,9.188
0.15,1095,-5.646,5.373,0.255
0.15,1096,5.051,-6.531,0.512
0.15,1097,-0.756,-0.185,-0.869
0.15,1098,1.300,-7.677,0.340
0.15,1099,6.751,-3.824,-8.932
0.15,1100,9.726,3.563,1.431
0.15,1101,-4.061,2.581,-6.388
0.15,1102,0.413,-8.000,0.292
0.15,1103,3.572,-7.356,0.243
0.15,1104,6.170,-5.885,8.181
0.15,1105,1.046,0.011,-7.944
0.15,1106,-2.393,0.784,-2.582
0.15,1107,-0.071,8.224,0.325
0.15,1108,3.367,-9.298,-8.846
0.15,1109,-0.826,-5.777,-10.555
0.15,1110,-3.110,7.647,0.433
0.15,1111,7.336,-3.498,0.289
0.15,1112,2.913,5.074,0.958
0.15,1113,-9.669,-4.725,5.992
0.15,1114,5.250,-7.156,-10.389
0.15,1115,1.025,-6.166,0.133
0.15,1116,-0.301,0.249,4.965
0.15,1117,3.767,6.114,5.246
0.15,1118,5.235,5.766,0.265
0.15,1119,6.991,1.473,-10.289
0.15,1120,-7.539,9.029,8.280
0.15,1121,4.145,-4.129,1.343
0.15,1122,-6.508,-3.913,-9.992
0.15,1123,-7.291,-2.550,8.969
0.15,1124,0.316,8.124,0.300
0.15,1125,3.095,-0.483,6.919
0.15,1126,-0.215,-0.570,-1.309
0.15,1127,4.561,3.746,-11.155
0.15,1128,1.651,8.921,9.697
0.15,1129,7.847,-5.566,6.515
0.15,1130,-7.602,3.335,0.398
0.15,1131,7.845,-3.594,6.840
0.15,1132,0.138,8.255,0.271
0.15,1133,3.019,-3.546,9.168
0.15,1134,3.311,-8.460,-10.537
0.15,1135,-8.643,8.009,-4.030
0.15,1136,7.049,3.647,0.268
0.15,1137,1.179,0.084,-8.260
0.15,1138,-5.700,5.307,0.250
0.15,1139,3.374,7.462,0.278
0.15,1140,-5.495,-5.731,0.525
0.15,1141,-7.194,5.144,8.222
0.15,1142,0.120,8.087,0.296
0.15,1143,0.516,0.082,-0.176
0.15,1144,0.207,8.236,0.273
0.15,1145,-3.109,7.646,0.437
0.15,1146,-5.417,-5.736,0.584
0.15,1147,-6.151,-6.278,0.502
0.15,1148,7.895,5.989,6.265
0.15,1149,0.722,-0.134,-7.914
0.15,1150,-5.074,0.484,6.389
0.15,1151,-0.071,7.651,0.783
0.15,1152,4.294,-3.751,3.409
0.15,1153,-6.763,-4.774,-10.975
0.15,1154,-7.196,-3.402,0.265
0.15,1155,-3.799,9.485,-9.141
0.15,1156,0.498,7.631,0.372
0.15,1157,-4.332,2.657,-6.954
0.15,1158,-4.167,2.245,-6.333
0.15,1159,9.136,6.792,7.288
0.15,1160,-7.216,-3.369,0.263
0.15,1161,-3.152,-7.334,0.328
0.15,1162,5.264,-5.858,0.268
0.15,1163,3.825,8.307,-10.640
0.15,1164,3.322,4.573,4.632
0.15,1165,-6.639,5.691,8.422
0.15,1166,-0.208,-4.419,-4.661
0.15,1167,4.803,2.190,-6.329
0.15,1168,-5.728,-5.458,5.128
0.15,1169,3.346,6.922,0.422
0.15,1170,4.914,-3.796,5.236
0.15,1171,9.859,3.631,3.857
0.15,1172,-4.897,-6.118,0.436
0.15,1173,0.530,-1.042,-2.511
0.15,1174,-4.196,2.228,-6.236
0.15,1175,-3.300,1.831,3.596
0.15,1176,-6.119,-0.782,5.694
0.15,1177,6.549,-3.948,-9.278
0.15,1178,-5.667,-5.791,0.596
0.15,1179,-4.754,3.363,6.985
0.15,1180,-0.822,8.137,0.199
0.15,1181,7.443,7.564,-9.299
0.15,1182,4.165,3.197,-9.324
0.15,1183,-3.109,7.642,0.438
0.15,1184,-7.196,-3.401,0.265
0.15,1185,-6.759,-3.873,-9.981
0.15,1186,0.147,8.256,0.277
0.15,1187,3.887,9.014,7.946
0.15,1188,7.552,-6.731,6.501
0.15,1189,-4.731,4.563,9.477
0.15,1190,-0.020,-0.015,-0.906
0.15,1191,7.310,3.349,0.335
0.15,1192,0.457,-7.984,0.286
0.15,1193,9.350,-4.362,4.272
0.15,1194,-4.241,2.308,-5.916
0.15,1195,9.232,-8.584,-1.151
0.15,1196,9.611,-0.279,-9.302
0.15,1197,-6.775,-7.130,-10.368
0.15,1198,-5.859,6.975,1.613
0.15,1199,3.081,4.017,3.685
0.15,1200,3.559,2.032,-8.740
0.15,1201,-2.797,0.396,6.142
0.15,1202,7.564,7.358,-8.437
0.15,1203,-3.248,8.002,0.593
0.15,1204,7.189,7.547,-9.395
0.15,1205,-4.046,-3.606,-5.824
0.15,1206,2.733,8.258,-9.998
0.15,1207,5.113,4.931,5.552
0.15,1208,-0.618,6.265,5.850
0.15,1209,7.336,-3.497,0.288
0.15,1210,0.456,-0.283,-8.882
0.15,1211,7.144,-4.077,5.561
0.15,1212,-6.647,-7.299,-10.670
0.15,1213,-6.497,-0.733,6.449
0.15,1214,-0.493,-0.041,7.222
0.15,1215,-5.091,-5.020,5.489
0.15,1216,-1.280,9.905,7.683
0.15,1217,-6.384,-0.996,4.754
0.15,1218,5.205,5.795,0.267
0.15,1219,4.876,3.030,-9.216
0.15,1220,7.355,-6.259,7.449
0.15,1221,0.645,7.307,-10.491
0.15,1222,-0.355,-0.052,7.179
0.15,1223,-10.358,5.345,-8.876
0.15,1224,6.756,7.638,-9.622
0.15,1225,6.684,8.008,-9.778
0.15,1226,3.542,-7.363,0.243
0.15,1227,5.308,5.705,0.265
0.15,1228,3.852,-4.342,1.072
0.15,1229,-6.258,2.206,-0.014
0.15,1230,-4.243,2.334,-5.777
0.15,1231,-0.131,-0.150,7.525
0.15,1232,-7.215,-2.748,9.232
0.15,1233,2.552,1.290,-9.329
0.15,1234,7.540,-6.050,7.884
0.15,1235,5.458,-4.073,-8.626
0.15,1236,-7.270,-3.247,-10.022
0.15,1237,-8.273,-0.027,0.463
0.15,1238,6.256,7.532,-9.931
0.15,1239,-7.234,4.915,5.071
0.15,1240,3.508,-2.508,-4.674
0.15,1241,8.320,-3.862,1.192
0.15,1242,-5.564,-5.750,0.493
0.15,1243,-5.917,-5.225,0.624
0.15,1244,5.316,1.369,1.756
0.15,1245,3.513,7.369,0.286
0.15,1246,0.239,-6.375,4.474
0.15,1247,-8.647,-3.570,6.818
0.15,1248,-1.032,-5.059,8.688
0.15,1249,-1.169,5.914,9.335
0.15,1250,-3.114,7.645,0.431
0.15,1251,2.672,3.866,6.624
0.15,1252,5.150,3.123,-10.435
0.15,1253,8.457,-9.331,-1.424
0.15,1254,0.857,6.354,1.914
0.15,1255,4.029,3.139,-9.422
0.15,1256,-3.915,2.148,-6.342
0.15,1257,-9.574,-2.979,6.227
0.15,1258,-0.325,-0.513,-1.427
0.15,1259,-5.282,-8.394,-10.824
0.15,1260,-4.005,3.066,-9.066
0.15,1261,1.158,-6.733,0.324
0.15,1262,-4.963,-6.049,0.478
0.15,1263,-9.150,4.715,5.810
0.15,1264,8.029,-0.391,0.294
0.15,1265,0.422,7.360,0.631
0.15,1266,-0.749,-5.050,-9.415
0.15,1267,3.853,3.619,4.043
0.15,1268,2.068,6.436,9.245
0.15,1269,-3.101,7.633,0.452
0.15,1270,5.617,-5.293,0.242
0.15,1271,3.449,7.413,0.284
0.15,1272,0.900,-0.621,-4.361
0.15,1273,-4.003,1.434,1.074
0.15,1274,-5.702,8.297,6.229
0.15,1275,-6.356,6.175,4.298
0.15,1276,-0.976,8.545,-6.405
0.15,1277,-7.336,-1.401,8.550
0.15,1278,-4.363,-9.075,-8.583
0.15,1279,-1.187,0.089,-8.588
0.15,1280,6.532,9.653,5.584
0.15,1281,7.968,-8.424,-1.176
0.15,1282,2.958,-1.878,-4.737
0.15,1283,8.496,4.114,9.131
0.15,1284,-4.463,3.433,-9.889
0.15,1285,-9.751,5.328,0.616
0.15,1286,4.287,3.091,-8.677
0.15,1287,-5.502,6.769,3.451
0.15,1288,0.095,7.715,-9.996
0.15,1289,-3.170,7.706,0.482
0.15,1290,2.131,-0.162,-5.097
0.15,1291,5.463,-5.517,0.256
0.15,1292,-0.616,0.346,5.002
0.15,1293,4.842,5.355,0.127
0.15,1294,-4.180,2.558,-7.267
0.15,1295,6.635,-6.697,1.136
0.15,1296,4.803,-7.912,-10.868
0.15,1297,0.437,-0.326,-9.049
0.15,1298,0.874,-0.285,-9.361
0.15,1299,-10.311,-7.258,-3.347
0.15,1300,4.220,2.626,4.624
0.15,1301,-7.024,4.079,8.433
0.15,1302,3.659,7.262,0.292
0.15,1303,0.937,-0.380,-10.186
0.15,1304,-6.443,7.073,-10.068
0.15,1305,4.449,3.196,1.628
0.15,1306,6.822,9.034,-8.140
0.15,1307,-8.269,0.026,0.450
0.15,1308,-4.789,-9.140,-9.165
0.15,1309,5.488,5.518,0.261
0.15,1310,-5.699,6.159,3.960
0.15,1311,-6.106,7.385,5.168
0.15,1312,4.205,-3.816,3.120
0.15,1313,5.731,-5.055,0.242
0.15,1314,-0.239,-4.403,-0.908
0.15,1315,1.945,-4.684,0.768
0.15,1316,-3.041,7.645,0.459
0.15,1317,0.230,-8.057,0.308
0.15,1318,-3.140,7.723,0.493
0.15,1319,-7.572,3.050,0.451
0.15,1320,6.503,-0.044,4.854
0.15,1321,3.854,2.913,-5.788
0.15,1322,-3.052,9.157,-10.534
0.15,1323,0.636,-0.313,-10.446
0.15,1324,-5.370,-5.762,0.577
0.15,1325,-2.973,-7.883,-8.438
0.15,1326,-4.446,-8.443,-10.787
0.15,1327,8.622,9.088,9.177
0.15,1328,7.320,-7.651,3.279
0.15,1329,4.382,-3.853,4.305
0.15,1330,0.148,-8.938,4.991
0.15,1331,-7.567,3.077,0.410
0.15,1332,-0.681,6.600,8.199
0.15,1333,-6.689,-0.400,9.425
0.15,1334,5.861,-4.951,0.224
0.15,1335,2.304,-1.911,8.404
0.15,1336,9.109,5.519,6.597
0.15,1337,4.727,-4.532,0.689
0.15,1338,0.093,-8.769,0.562
0.15,1339,4.817,4.125,8.497
0.15,1340,-5.255,-4.090,5.730
0.15,1341,8.033,-0.273,0.300
0.15,1342,0.989,-4.823,1.364
0.15,1343,8.776,-0.765,9.597
0.15,1344,-0.831,-0.858,-2.126
0.15,1345,6.664,-7.884,6.065
0.15,1346,-1.567,3.172,8.228
0.15,1347,-5.283,-6.010,6.162
0.15,1348,-5.095,0.108,4.299
0.15,1349,8.024,-0.376,0.297
0.15,1350,-3.777,1.817,-6.443
0.15,1351,7.352,-3.970,5.141
0.15,1352,6.279,-0.317,4.349
0.15,1353,-3.127,9.235,-10.322
0.15,1354,0.082,-8.536,0.383
0.15,1355,6.548,-0.505,5.125
0.15,1356,7.815,-0.783,0.388
0.15,1357,0.293,8.005,-9.682
0.15,1358,-5.518,-5.715,0.564
0.15,1359,-6.848,-2.145,5.900
0.15,1360,0.577,-0.232,-0.671
0.15,1361,-1.722,-2.237,-6.173
0.15,1362,9.025,1.136,8.031
0.15,1363,3.364,7.472,0.275
0.15,1364,3.375,7.463,0.277
0.15,1365,8.978,-7.170,3.837
0.15,1366,6.901,7.699,-9.539
0.15,1367,-0.075,7.969,-9.656
0.15,1368,-7.550,3.143,0.415
0.15,1369,-6.099,0.493,1.602
0.15,1370,-4.955,-4.170,5.982
0.15,1371,-9.054,6.358,8.245
0.15,1372,-0.764,8.134,0.246
0.15,1373,-0.888,-5.587,-10.133
0.15,1374,4.496,-4.814,0.477
0.15,1375,-10.467,5.574,2.945
0.15,1376,3.338,4.702,-0.138
0.15,1377,-7.085,-4.435,-9.780
0.15,1378,7.406,3.141,0.325
0.15,1379,4.369,-3.735,4.357
0.15,1380,-7.545,3.142,0.422
0.15,1381,-5.842,5.035,0.252
0.15,1382,5.608,2.698,0.968
0.15,1383,0.199,0.082,8.276
0.15,1384,1.001,-7.802,0.281
0.15,1385,-6.696,-7.189,-10.980
0.15,1386,9.137,6.027,7.029
0.15,1387,0.171,-0.293,-9.121
0.15,1388,4.665,3.212,-9.506
0.15,1389,-8.207,5.209,6.349
0.15,1390,-3.124,7.680,0.455
0.15,1391,1.000,-5.436,0.832
0.15,1392,7.197,-7.846,5.508
0.15,1393,-0.417,-0.642,-1.244
0.15,1394,5.288,-5.538,0.270
0.15,1395,0.340,-8.023,0.301
0.15,1396,-0.300,-4.444,-8.325
0.15,1397,-2.555,1.999,-6.063
0.15,1398,5.359,-5.674,0.259
0.15,1399,2.135,9.553,6.733
0.15,1400,0.277,-8.042,0.307
0.15,1401,0.567,-2.789,-2.789
0.15,1402,-0.356,0.056,2.627
0.15,1403,0.176,-1.184,-3.218
0.15,1404,7.952,-4.175,5.309
0.15,1405,8.025,-0.406,0.295
0.15,1406,-6.422,-7.252,-8.803
0.15,1407,-2.854,-7.335,0.373
0.15,1408,-8.878,2.495,-9.176
0.15,1409,-6.487,0.799,1.001
0.15,1410,0.107,-0.750,-1.720
0.15,1411,-0.555,8.016,-9.392
0.15,1412,-7.236,6.870,0.387
0.15,1413,4.887,3.007,-8.618
0.15,1414,7.983,-0.013,0.323
0.15,1415,-3.313,-5.777,5.334
0.15,1416,-0.247,-0.566,-1.262
0.15,1417,-7.543,3.153,0.417
0.15,1418,-6.406,-4.588,0.514
0.15,1419,5.336,1.881,6.952
0.15,1420,-5.543,-5.644,0.574
0.15,1421,8.106,-4.744,5.804
0.15,1422,-4.958,-9.150,8.821
0.15,1423,-6.778,-6.380,-9.767
0.15,1424,0.024,-0.929,-1.930
0.15,1425,-7.033,-5.045,-10.516
0.15,1426,-7.065,-3.615,0.293
0.15,1427,1.149,-0.495,-4.347
0.15,1428,6.028,8.822,7.604
0.15,1429,5.514,-4.924,0.330
0.15,1430,-6.737,-6.858,-9.906
0.15,1431,3.222,5.968,7.534
0.15,1432,-6.401,-3.514,-9.979
0.15,1433,-6.218,-6.344,0.253
0.15,1434,-7.571,3.046,0.404
0.15,1435,-3.140,7.619,0.427
0.15,1436,1.925,-4.686,-1.119
0.15,1437,-8.743,4.551,4.883
0.15,1438,10.490,-2.583,7.798
0.15,1439,-4.878,-0.213,4.231
0.15,1440,-5.716,5.263,0.249
0.15,1441,5.383,-5.638,0.258
0.15,1442,4.108,-4.001,4.751
0.15,1443,5.212,-5.145,0.301
0.15,1444,-5.481,-2.556,7.087
0.15,1445,4.519,2.958,-9.470
0.15,1446,-5.693,5.305,0.251
0.15,1447,-0.841,-5.245,-9.737
0.15,1448,-7.025,-3.881,-9.495
0.15,1449,1.516,-0.903,8.558
0.15,1450,-3.449,-7.133,0.324
0.15,1451,5.173,-4.334,5.531
0.15,1452,-8.519,8.632,-5.121
0.15,1453,3.769,-7.294,0.283
0.15,1454,-9.513,9.864,-2.890
0.15,1455,-6.515,-6.742,0.730
0.15,1456,-6.130,-6.807,5.921
0.15,1457,-3.108,7.645,0.438
0.15,1458,0.091,8.267,0.271
0.15,1459,4.224,2.542,4.583
0.15,1460,1.044,-4.507,9.565
0.15,1461,-4.706,0.408,3.746
0.15,1462,6.967,2.641,9.726
0.15,1463,-4.734,6.165,8.377
0.15,1464,-3.528,-7.585,9.541
0.15,1465,-0.984,1.590,8.522
0.15,1466,3.125,1.580,-8.702
0.15,1467,-2.846,0.597,4.332
0.15,1468,-5.833,-7.333,4.441
0.15,1469,-8.911,1.587,-9.077
0.15,1470,-9.340,-4.965,6.177
0.15,1471,-8.984,-5.972,6.267
0.15,1472,-9.350,7.079,-3.439
0.15,1473,-10.381,5.224,4.139
0.15,1474,0.455,-4.516,4.327
0.15,1475,-4.324,3.188,4.471
0.15,1476,8.084,-0.359,0.263
0.15,1477,4.303,-3.714,2.429
0.15,1478,7.179,2.931,5.792
0.15,1479,-7.644,2.467,0.309
0.15,1480,-7.364,3.360,4.947
0.15,1481,5.103,5.851,0.274
0.15,1482,-6.788,8.187,6.185
0.15,1483,-0.712,-1.696,-4.183
0.15,1484,-0.559,-4.749,-8.993
0.15,1485,-7.940,-1.330,-8.267
0.15,1486,-7.542,3.148,0.423
0.15,1487,4.844,-3.605,4.027
0.15,1488,-9.574,5.377,-0.274
0.15,1489,2.610,2.174,-7.460
0.15,1490,0.101,-1.063,-1.580
0.15,1491,-0.429,0.131,0.710
0.15,1492,1.118,0.164,7.983
0.15,1493,-6.626,7.326,-10.035
0.15,1494,-4.805,-5.705,0.913
0.15,1495,8.795,-6.853,4.865
0.15,1496,-6.951,2.830,0.441
0.15,1497,-5.747,5.210,0.248
0.15,1498,-6.099,2.279,9.265
0.15,1499,-5.933,4.948,0.266
0.15,1500,-4.108,2.700,-7.818
0.15,1501,-7.075,5.426,1.926
0.15,1502,-10.454,5.337,3.947
0.15,1503,3.858,1.103,9.723
0.15,1504,-0.348,0.249,5.081
0.15,1505,5.148,-9.630,-0.311
0.15,1506,7.401,-3.427,0.301
0.15,1507,-3.678,2.162,-7.746
0.15,1508,3.396,-7.386,0.248
0.15,1509,-4.911,-2.670,4.414
0.15,1510,4.230,-8.603,-7.076
0.15,1511,4.777,6.201,0.288
0.15,1512,7.421,-3.420,0.306
0.15,1513,-7.465,3.616,5.991
0.15,1514,5.835,-9.297,7.429
0.15,1515,-0.758,5.836,6.110
0.15,1516,0.506,-4.591,0.006
0.15,1517,3.815,4.212,1.160
0.15,1518,6.192,7.729,-10.084
0.15,1519,1.999,4.029,3.835
0.15,1520,7.727,-1.195,0.411
0.15,1521,7.643,-6.570,8.407
0.15,1522,7.639,-6.590,5.602
0.15,1523,-3.338,-0.181,5.774
0.15,1524,1.477,-0.395,8.309
0.15,1525,-4.133,7.100,9.265
0.15,1526,1.079,9.361,8.012
0.15,1527,8.407,3.424,0.416
0.15,1528,-3.942,2.703,-9.655
0.15,1529,7.318,3.271,0.301
0.15,1530,-8.272,-0.039,0.467
0.15,1531,7.452,3.132,0.322
0.15,1532,-5.727,5.370,0.242
0.15,1533,-4.715,-2.419,7.366
0.15,1534,-7.555,3.119,0.420
0.15,1535,-1.015,-0.132,7.630
0.15,1536,0.037,0.173,5.048
0.15,1537,4.203,2.795,-8.784
0.15,1538,-0.661,2.249,1.915
0.15,1539,-10.022,-9.696,-8.090
0.15,1540,-3.184,7.811,0.495
0.15,1541,-4.123,2.672,-7.748
0.15,1542,8.352,-8.643,8.420
0.15,1543,9.272,8.861,9.397
0.15,1544,7.402,3.155,0.323
0.15,1545,-4.143,2.257,-6.471
0.15,1546,-5.684,5.346,0.251
0.15,1547,-4.115,2.208,-6.449
0.15,1548,7.407,3.152,0.324
0.15,1549,-0.427,0.152,6.079
0.15,1550,3.892,-0.308,4.267
0.15,1551,4.132,4.311,0.137
0.15,1552,-9.179,0.223,-9.586
0.15,1553,2.494,9.715,7.909
0.15,1554,-5.775,5.102,0.254
0.15,1555,6.054,-4.349,-10.753
0.15,1556,-7.558,3.112,0.419
0.15,1557,-3.506,8.646,4.892
0.15,1558,-6.388,-6.756,2.287
0.15,1559,-6.808,-4.065,-10.101
0.15,1560,-4.247,2.345,-6.328
0.15,1561,-10.313,-9.018,-3.336
0.15,1562,3.858,7.086,0.295
0.15,1563,5.135,7.679,-10.625
0.15,1564,7.885,-7.319,4.817
0.15,1565,1.216,-5.689,-0.168
0.15,1566,-7.961,-1.106,0.543
0.15,1567,-3.117,7.648,0.427
0.15,1568,-1.687,3.931,-7.586
0.15,1569,0.360,-0.294,-9.585
0.15,1570,3.361,7.472,0.275
0.15,1571,-9.618,-1.536,8.691
0.15,1572,-9.137,4.663,1.089
0.15,1573,6.544,5.309,0.515
0.15,1574,-8.094,1.568,-6.050
0.15,1575,1.676,9.818,8.653
0.15,1576,-9.993,-3.609,5.616
0.15,1577,-4.082,2.179,-5.404
0.15,1578,-5.692,5.307,0.251
0.15,1579,-5.268,-5.857,0.609
0.15,1580,-6.648,-7.332,-11.033
0.15,1581,-3.211,-7.298,0.323
0.15,1582,-0.225,-4.481,-7.065
0.15,1583,-7.652,7.799,7.666
0.15,1584,5.430,-6.913,8.991
0.15,1585,0.672,-1.188,-3.110
0.15,1586,-7.660,-2.531,0.290
0.15,1587,7.444,-3.383,0.302
0.15,1588,-0.803,-5.141,-9.600
0.15,1589,-5.732,-0.276,4.015
0.15,1590,-2.097,0.260,-0.040
0.15,1591,-6.765,-7.256,-10.295
0.15,1592,-10.336,-8.041,-6.355
0.15,1593,-3.118,7.649,0.427
0.15,1594,-3.037,-7.495,0.359
0.15,1595,6.182,-4.125,8.637
0.15,1596,4.217,-9.431,-10.316
0.15,1597,-8.299,-8.947,-5.058
0.15,1598,1.419,-7.666,0.261
0.15,1599,0.126,8.259,0.271
0.15,1600,3.605,-7.370,0.234
0.15,1601,-9.968,5.279,5.610
0.15,1602,-2.247,0.344,0.222
0.15,1603,0.982,-4.461,1.928
0.15,1604,6.908,9.391,-0.664
0.15,1605,5.427,5.589,0.265
0.15,1606,8.471,3.286,3.816
0.15,1607,2.152,0.154,-7.171
0.15,1608,7.372,-3.457,0.297
0.15,1609,-7.853,7.010,8.208
0.15,1610,-4.252,2.306,-6.040
0.15,1611,-6.262,2.228,0.513
0.15,1612,-9.231,1.082,-8.785
0.15,1613,6.048,-1.340,4.977
0.15,1614,-1.583,5.370,9.093
0.15,1615,-3.260,-7.267,0.323
0.15,1616,6.953,-3.825,-7.506
0.15,1617,-5.772,5.864,8.755
0.15,1618,2.474,4.071,0.552
0.15,1619,3.385,-7.387,0.248
0.15,1620,4.183,-3.799,2.614
0.15,1621,-0.219,7.897,0.564
0.15,1622,2.343,4.411,-0.052
0.15,1623,-4.742,-5.091,3.580
0.15,1624,4.751,-6.703,0.699
0.15,1625,-3.611,2.319,-9.413
0.15,1626,9.021,6.222,7.102
0.15,1627,3.890,2.199,-7.512
0.15,1628,-0.521,-0.132,7.973
0.15,1629,7.898,-0.517,0.359
0.15,1630,-0.382,0.046,2.170
0.15,1631,0.086,7.708,9.240
0.15,1632,7.006,-3.819,0.241
0.15,1633,5.338,-4.963,5.299
0.15,1634,-0.454,1.160,-8.532
0.15,1635,-0.471,0.107,2.394
0.15,1636,0.110,-4.405,-0.184
0.15,1637,6.896,-8.590,1.625
0.15,1638,-0.693,8.327,-9.651
0.15,1639,4.201,5.039,5.196
0.15,1640,-0.632,-4.845,-9.177
0.15,1641,-3.585,0.701,3.534
0.15,1642,-7.562,3.274,0.414
0.15,1643,-8.132,-0.915,0.598
0.15,1644,7.152,0.577,5.315
0.15,1645,-5.315,-1.628,4.300
0.15,1646,7.718,2.877,0.395
0.15,1647,6.538,-5.261,9.174
0.15,1648,6.465,-6.319,-9.671
0.15,1649,5.649,5.330,0.247
0.15,1650,0.397,-7.957,0.287
0.15,1651,3.564,3.522,-10.212
0.15,1652,9.617,-10.231,-10.221
0.15,1653,-3.112,7.644,0.434
0.15,1654,4.313,1.435,9.395
0.15,1655,-8.102,-5.842,-8.306
0.15,1656,-8.159,0.407,0.356
0.15,1657,-3.944,8.227,3.575
0.15,1658,8.997,5.552,7.296
0.15,1659,5.989,-4.797,0.213
0.15,1660,0.440,5.282,3.960
0.15,1661,-3.191,7.833,0.624
0.15,1662,0.725,-9.760,5.665
0.15,1663,-7.358,-5.295,-5.822
0.15,1664,3.104,7.575,0.253
0.15,1665,-7.413,3.311,0.439
0.15,1666,-10.279,5.596,-8.794
0.15,1667,7.767,-6.522,7.394
0.15,1668,-6.380,3.127,9.469
0.15,1669,-9.065,-5.539,6.665
0.15,1670,1.639,3.940,1.342
0.15,1671,2.761,4.397,3.259
0.15,1672,-3.740,8.381,1.148
0.15,1673,8.513,6.108,7.896
0.15,1674,3.362,7.471,0.276
0.15,1675,0.533,-0.778,-1.415
0.15,1676,-5.431,4.851,4.693
0.15,1677,0.013,3.334,2.287
0.15,1678,0.688,-7.903,0.270
0.15,1679,0.311,-8.031,0.305
0.15,1680,6.397,3.046,8.909
0.15,1681,-7.783,0.309,0.580
0.15,1682,-3.108,7.650,0.435
0.15,1683,-9.303,-5.725,6.021
0.15,1684,-1.064,-4.125,-4.591
0.15,1685,3.450,7.411,0.284
0.15,1686,-6.576,7.404,-9.785
0.15,1687,3.692,-7.316,0.241
0.15,1688,0.484,5.488,0.701
0.15,1689,1.886,3.750,1.210
0.15,1690,-6.809,-7.730,-10.224
0.15,1691,3.012,4.235,-0.399
0.15,1692,-7.539,3.161,0.422
0.15,1693,6.988,-3.838,0.239
0.15,1694,-3.308,9.452,-9.516
0.15,1695,-5.822,5.395,0.351
0.15,1696,-2.336,0.376,8.052
0.15,1697,8.027,8.644,4.371
0.15,1698,4.959,-9.490,-2.447
0.15,1699,8.024,-0.398,0.295
0.15,1700,2.019,3.702,0.388
0.15,1701,5.912,7.567,-9.582
0.15,1702,-2.636,6.393,4.722
0.15,1703,5.246,5.756,0.265
0.15,1704,-5.890,-4.434,7.270
0.15,1705,-8.105,-9.277,-7.092
0.15,1706,-0.230,4.718,3.189
0.15,1707,-1.674,-8.902,9.203
0.15,1708,1.167,-6.635,1.367
0.15,1709,-0.246,-4.405,-8.171
0.15,1710,-9.228,6.071,8.330
0.15,1711,1.713,0.433,-8.848
0.15,1712,-3.459,-7.125,0.325
0.15,1713,7.189,-0.747,0.918
0.15,1714,-5.394,-5.802,0.567
0.15,1715,0.180,0.543,-2.101
0.15,1716,-6.345,6.488,1.187
0.15,1717,8.027,-0.403,0.294
0.15,1718,-7.799,-7.343,7.428
0.15,1719,-5.701,5.260,0.295
0.15,1720,7.501,7.103,4.221
0.15,1721,-5.779,5.140,0.248
0.15,1722,6.000,-0.094,3.428
0.15,1723,7.611,-6.244,8.867
0.15,1724,10.409,-5.951,-11.090
0.15,1725,-5.240,-5.903,0.471
0.15,1726,-5.456,6.491,5.188
0.15,1727,-6.744,6.688,1.610
0.15,1728,6.075,-3.720,6.150
0.15,1729,-5.414,-5.766,0.521
0.15,1730,2.136,-0.561,-5.996
0.15,1731,8.024,-0.410,0.294
0.15,1732,6.694,1.783,-10.488
0.15,1733,0.595,-5.020,3.815
0.15,1734,7.371,3.212,0.314
0.15,1735,3.455,-7.377,0.246
0.15,1736,7.591,-0.547,0.546
0.15,1737,7.562,-3.384,0.290
0.15,1738,-9.668,3.927,-9.006
0.15,1739,-7.356,-3.169,0.261
0.15,1740,-2.007,4.821,4.285
0.15,1741,0.322,-0.331,-1.015
0.15,1742,-4.041,2.545,-7.692
0.15,1743,0.434,6.754,2.690
0.15,1744,4.307,-9.225,-10.673
0.15,1745,0.485,1.187,-2.056
0.15,1746,2.981,6.312,0.569
0.15,1747,-8.508,4.582,6.437
0.15,1748,-1.023,9.469,7.099
0.15,1749,0.451,2.880,-1.239
0.15,1750,-7.145,5.284,6.637
0.15,1751,-4.731,3.245,-5.686
0.15,1752,0.633,-0.670,6.980
0.15,1753,0.096,8.267,0.270
0.15,1754,0.378,0.110,-8.241
0.15,1755,0.697,-0.207,-8.479
0.15,1756,-6.932,-5.536,-10.025
0.15,1757,-6.487,4.225,0.323
0.15,1758,5.970,-3.399,6.971
0.15,1759,7.999,-6.044,6.546
0.15,1760,-3.058,7.644,0.456
0.15,1761,9.326,-11.066,-9.501
0.15,1762,-9.227,-7.070,-8.119
0.15,1763,-0.854,0.065,0.324
0.15,1764,2.868,4.755,1.001
0.15,1765,0.070,8.272,0.270
0.15,1766,-6.771,-4.122,-9.548
0.15,1767,-6.835,-3.961,0.360
0.15,1768,7.808,-0.621,0.406
0.15,1769,5.075,-9.081,-3.211
0.15,1770,4.749,4.465,0.124
0.15,1771,-0.478,0.092,-8.530
0.15,1772,-7.510,7.334,8.306
0.15,1773,-6.659,8.090,-8.753
0.15,1774,-2.624,-8.027,0.496
0.15,1775,-4.729,-3.378,6.665
0.15,1776,3.352,9.229,8.232
0.15,1777,7.751,-6.630,8.087
0.15,1778,5.104,-6.785,7.225
0.15,1779,-5.554,-5.659,0.608
0.15,1780,-8.255,-0.186,0.516
0.15,1781,3.376,7.460,0.278
0.15,1782,2.297,4.371,4.106
0.15,1783,-5.712,5.279,0.249
0.15,1784,-2.405,-6.925,1.052
0.15,1785,-4.297,2.489,-6.505
0.15,1786,-3.111,7.655,0.430
0.15,1787,8.303,-10.314,-4.410
0.15,1788,-3.828,7.915,0.852
0.15,1789,-0.211,-8.029,0.363
0.15,1790,4.614,-10.390,-0.191
0.15,1791,-9.343,-4.520,6.539
0.15,1792,-6.645,-7.474,3.839
0.15,1793,3.107,3.989,0.185
0.15,1794,-2.754,-7.516,0.338
0.15,1795,3.867,2.961,-8.699
0.15,1796,-0.683,6.112,5.151
0.15,1797,-0.364,-1.338,-2.445
0.15,1798,8.303,6.599,4.711
0.15,1799,-6.610,8.307,-7.068
0.15,1800,-3.570,-7.047,0.333
0.15,1801,7.685,7.333,-9.569
0.15,1802,-7.007,1.196,7.947
0.15,1803,-6.038,-6.137,0.696
0.15,1804,-5.156,-5.956,0.461
0.15,1805,8.077,-6.391,8.047
0.15,1806,-3.778,1.122,0.983
0.15,1807,6.567,-4.049,-9.925
0.15,1808,1.204,-4.584,1.154
0.15,1809,1.542,0.299,-8.056
0.15,1810,-0.631,-4.843,-9.134
0.15,1811,-5.845,1.641,9.433
0.15,1812,4.702,3.139,-8.412
0.15,1813,0.948,-4.985,1.001
0.15,1814,1.848,5.706,7.851
0.15,1815,-0.326,-4.404,-6.511
0.15,1816,8.433,5.955,6.227
0.15,1817,5.391,7.513,-10.408
0.15,1818,8.856,5.385,2.028
0.15,1819,-8.302,1.691,-9.671
0.15,1820,-3.155,9.274,-10.362
0.15,1821,-4.547,-6.978,6.043
0.15,1822,3.556,-7.359,0.243
0.15,1823,-5.813,-8.007,5.785
0.15,1824,-1.091,6.427,5.670
0.15,1825,2.088,-8.964,9.751
0.15,1826,-5.741,-5.823,0.611
0.15,1827,0.317,2.794,-5.606
0.15,1828,-6.864,-3.350,-10.321
0.15,1829,-0.058,-0.698,-1.643
0.15,1830,5.311,-4.311,-7.110
0.15,1831,1.187,-5.232,1.633
0.15,1832,5.565,-5.374,0.249
0.15,1833,-0.238,-0.518,-1.234
0.15,1834,5.568,2.914,-10.987
0.15,1835,0.553,-2.456,0.815
0.15,1836,-3.826,2.534,-8.184
0.15,1837,-0.303,0.184,5.728
0.15,1838,-4.802,-4.683,3.367
0.15,1839,-0.836,-0.084,-9.491
0.15,1840,-5.219,-5.918,0.467
0.15,1841,2.247,4.045,2.913
0.15,1842,0.020,0.139,5.538
0.15,1843,-5.741,5.210,0.248
0.15,1844,6.479,9.561,5.809
0.15,1845,6.880,-6.805,8.459
0.15,1846,0.433,-8.010,0.296
0.15,1847,7.738,-0.718,0.472
0.15,1848,-0.051,-1.191,-2.303
0.15,1849,-5.809,-0.546,4.187
0.15,1850,8.521,7.320,-9.105
0.15,1851,-8.398,1.489,-10.036
0.15,1852,-0.366,-4.509,-8.479
0.15,1853,-4.419,3.202,-10.269
0.15,1854,5.002,3.048,-7.034
0.15,1855,5.595,-0.211,7.067
0.15,1856,-3.652,2.121,-5.157
0.15,1857,9.184,-4.567,0.383
0.15,1858,1.131,1.503,8.317
0.15,1859,-7.543,3.206,0.443
0.15,1860,-9.401,0.381,-10.010
0.15,1861,5.310,-5.746,0.260
0.15,1862,5.537,-5.411,0.251
0.15,1863,4.615,3.268,-9.646
0.15,1864,-0.537,0.052,0.411
0.15,1865,-1.728,7.593,0.760
0.15,1866,5.774,-6.467,5.592
0.15,1867,-6.734,7.143,-10.424
0.15,1868,-9.046,3.434,4.871
0.15,1869,-3.074,7.666,0.462
0.15,1870,-3.105,7.657,0.440
0.15,1871,0.169,-1.445,-2.780
0.15,1872,2.094,7.491,-10.971
0.15,1873,-3.228,7.540,0.406
0.15,1874,-0.130,-2.128,8.432
0.15,1875,7.767,-0.686,0.378
0.15,1876,7.396,3.169,0.321
0.15,1877,1.852,1.826,0.999
0.15,1878,7.377,3.194,0.315
0.15,1879,3.591,-7.354,0.242
0.15,1880,8.030,-0.417,0.292
0.15,1881,5.390,-5.473,0.251
0.15,1882,-3.984,1.941,-5.871
0.15,1883,-8.281,0.013,0.443
0.15,1884,-4.089,2.681,-7.854
0.15,1885,-5.763,-0.382,2.595
0.15,1886,-3.044,7.649,0.452
0.15,1887,-4.029,1.952,-11.031
0.15,1888,-1.561,-0.303,-11.113
0.15,1889,7.382,3.188,0.318
0.15,1890,5.593,-5.336,0.245
0.15,1891,2.650,-10.163,-9.265
0.15,1892,-6.975,6.905,2.531
0.15,1893,-5.631,5.393,0.255
0.15,1894,-5.390,-0.106,3.940
0.15,1895,6.232,-6.894,0.781
0.15,1896,0.068,0.240,-0.940
0.15,1897,5.324,5.686,0.264
0.15,1898,0.504,-0.834,-3.768
0.15,1899,-10.568,-8.223,-2.333
0.15,1900,4.342,-9.132,-0.050
0.15,1901,0.463,-4.361,2.999
0.15,1902,-5.562,1.081,6.056
0.15,1903,5.844,-4.535,-10.321
0.15,1904,3.013,0.825,8.733
0.15,1905,-5.259,-5.890,0.474
0.15,1906,1.292,3.531,-0.152
0.15,1907,-0.507,0.114,2.026
0.15,1908,-0.550,-4.460,-6.612
0.15,1909,-7.751,-6.830,5.643
0.15,1910,-5.526,5.967,0.390
0.15,1911,9.289,10.880,-2.064
0.15,1912,-0.277,0.159,-9.903
0.15,1913,7.578,3.062,0.335
0.15,1914,7.418,9.425,1.772
0.15,1915,0.012,8.207,0.299
0.15,1916,-7.197,-3.398,0.265
0.15,1917,-0.057,8.418,9.518
0.15,1918,-3.278,7.554,0.506
0.15,1919,-10.253,5.379,-9.821
0.15,1920,9.248,-4.498,0.777
0.15,1921,-0.325,-0.335,-0.695
0.15,1922,-4.323,0.716,2.878
0.15,1923,-3.242,-7.501,0.432
0.15,1924,6.066,-0.368,1.969
0.15,1925,3.273,7.524,0.264
0.15,1926,-0.424,8.279,-9.092
0.15,1927,0.979,-5.374,0.641
0.15,1928,0.286,-8.038,0.307
0.15,1929,5.477,2.702,4.644
0.15,1930,5.582,-4.433,-10.763
0.15,1931,-10.884,-8.833,-8.406
0.15,1932,-6.766,-3.894,-9.436
0.15,1933,-0.484,-0.002,7.027
0.15,1934,6.379,9.071,-4.344
0.15,1935,-10.077,4.412,-8.722
0.15,1936,3.361,7.473,0.275
0.15,1937,-5.217,3.704,0.754
0.15,1938,-9.377,5.342,6.399
0.15,1939,-7.562,3.103,0.416
0.15,1940,6.402,-0.193,1.452
0.15,1941,-4.438,1.715,-0.695
0.15,1942,7.040,-8.775,-3.932
0.15,1943,-1.886,-10.028,1.771
0.15,1944,4.240,-3.838,2.198
0.15,1945,-6.991,3.870,9.292
0.15,1946,1.378,-7.958,5.191
0.15,1947,1.970,3.632,-1.338
0.15,1948,-3.273,2.238,0.153
0.15,1949,-0.538,-0.937,-1.809
0.15,1950,3.762,-9.626,-10.616
0.15,1951,-7.219,-3.373,0.264
0.15,1952,7.342,9.030,1.200
0.15,1953,4.749,-10.703,1.557
0.15,1954,6.725,-3.901,-9.361
0.15,1955,5.926,8.339,-10.476
0.15,1956,-9.614,4.924,5.512
0.15,1957,-3.119,7.646,0.428
0.15,1958,-6.459,-4.513,0.505
0.15,1959,-10.303,5.286,-7.809
0.15,1960,-5.860,-5.287,0.622
0.15,1961,8.008,-0.509,0.293
0.15,1962,7.362,3.211,0.311
0.15,1963,-7.017,-5.534,-10.293
0.15,1964,1.545,-0.535,-10.386
0.15,1965,-0.007,-8.068,0.338
0.15,1966,-5.409,-5.815,0.569
0.15,1967,4.848,-10.951,2.214
0.15,1968,3.685,7.255,0.289
0.15,1969,-7.490,-2.895,0.263
0.15,1970,-9.333,-0.655,9.577
0.15,1971,6.759,8.961,0.265
0.15,1972,-2.954,-7.409,0.348
0.15,1973,-5.989,-5.131,0.630
0.15,1974,-6.534,9.237,9.038
0.15,1975,-4.224,3.065,7.612
0.15,1976,-2.027,7.673,0.890
0.15,1977,0.582,-8.040,0.335
0.15,1978,-8.236,-0.378,0.571
0.15,1979,-7.113,-3.545,0.283
0.15,1980,-4.638,2.923,8.754
0.15,1981,-0.047,-0.977,-1.929
0.15,1982,3.312,-10.312,4.693
0.15,1983,-5.447,4.104,0.273
0.15,1984,0.991,2.217,-6.386
0.15,1985,1.207,-0.449,-4.368
0.15,1986,-7.311,-3.363,0.288
0.15,1987,10.175,-7.126,-0.442
0.15,1988,5.433,5.591,0.268
0.15,1989,0.197,-8.058,0.314
0.15,1990,3.352,3.642,4.780
0.15,1991,-5.426,-5.755,0.526
0.15,1992,1.351,0.075,-6.895
0.15,1993,3.419,7.427,0.285
0.15,1994,4.237,-6.920,0.272
0.15,1995,0.618,-0.138,-8.328
0.15,1996,-8.889,2.117,-8.136
0.15,1997,-3.135,7.624,0.427
0.15,1998,-7.712,3.979,0.772
0.15,1999,-6.531,-6.461,5.184
0.15,2000,-3.292,7.485,0.434
0.15,2001,-5.745,-5.430,0.609
0.15,2002,7.155,3.532,8.211
0.15,2003,-3.500,-7.097,0.328
0.15,2004,5.510,5.496,0.260
0.15,2005,-4.704,-6.248,0.415
0.15,2006,-1.528,-6.996,9.079
0.15,2007,-0.480,0.160,1.309
0.15,2008,8.238,-7.202,3.776
0.15,2009,0.875,-7.831,0.265
0.15,2010,0.844,-0.118,-8.474
0.15,2011,-5.705,5.287,0.250
0.15,2012,1.068,-8.493,5.358
0.15,2013,1.122,-6.202,0.030
0.15,2014,0.237,-8.054,0.309
0.15,2015,-7.253,-3.309,0.259
0.15,2016,-7.138,0.650,7.638
0.15,2017,-7.142,-7.818,3.300
0.15,2018,0.046,8.257,0.277
0.15,2019,-2.720,7.626,6.108
0.15,2020,3.441,-0.513,8.054
0.15,2021,9.371,3.170,0.562
0.15,2022,-4.212,2.290,-6.219
0.15,2023,-3.052,9.679,6.232
0.15,2024,-7.550,3.131,0.422
0.15,2025,6.297,0.068,5.468
0.15,2026,0.430,-7.997,0.291
0.15,2027,5.169,-7.817,-8.435
0.15,2028,7.443,-2.700,-8.178
0.15,2029,1.261,0.197,-7.572
0.15,2030,-2.674,-9.588,9.377
0.15,2031,-0.664,0.182,-7.856
0.15,2032,-8.177,0.325,0.381
0.15,2033,-6.800,-6.817,-10.040
0.15,2034,-6.170,7.564,5.538
0.15,2035,-7.404,3.320,0.430
0.15,2036,7.443,-0.539,0.605
0.15,2037,-0.799,-4.484,-6.626
0.15,2038,-2.020,0.367,0.855
0.15,2039,-6.554,-0.843,5.822
0.15,2040,6.612,-6.559,6.158
0.15,2041,0.734,0.592,9.428
0.15,2042,3.408,7.439,0.282
0.15,2043,-5.331,-5.738,0.589
0.15,2044,2.033,-7.508,0.333
0.15,2045,5.508,-5.203,0.243
0.15,2046,3.528,4.230,-0.414
0.15,2047,-5.221,-5.915,0.469
0.15,2048,-2.453,7.320,0.999
0.15,2049,4.403,-6.762,0.275
0.15,2050,0.263,-0.267,-10.653
0.15,2051,2.523,3.976,4.163
0.15,2052,7.871,8.837,2.322
0.15,2053,-3.994,4.808,9.400
0.15,2054,6.893,7.463,-9.927
0.15,2055,6.603,4.279,0.259
0.15,2056,-0.645,-9.659,9.004
0.15,2057,8.258,5.856,7.766
0.15,2058,1.128,-6.018,4.740
0.15,2059,6.691,-0.888,1.908
0.15,2060,8.027,-0.395,0.295
0.15,2061,-7.979,0.938,0.277
0.15,2062,-3.424,2.136,-3.461
0.15,2063,-1.132,-0.767,-2.101
0.15,2064,7.749,-8.624,2.669
0.15,2065,0.985,3.181,-1.535
0.15,2066,-5.069,3.637,-11.107
0.15,2067,-0.275,-4.129,-3.623
0.15,2068,1.203,-6.479,4.866
0.15,2069,5.226,3.193,-9.884
0.15,2070,-2.275,0.295,5.962
0.15,2071,1.228,0.100,-7.032
0.15,2072,5.712,6.129,8.143
0.15,2073,-6.583,-7.501,-9.052
0.15,2074,-7.886,7.852,7.638
0.15,2075,-10.686,-5.939,1.855
0.15,2076,-7.323,8.964,9.751
0.15,2077,0.461,-1.379,-2.524
0.15,2078,1.069,3.239,0.230
0.15,2079,8.653,7.309,-9.104
0.15,2080,-9.796,4.953,1.815
0.15,2081,-3.043,7.644,0.461
0.15,2082,-5.499,-5.713,0.533
0.15,2083,-2.860,7.738,0.815
0.15,2084,-10.076,-3.529,7.922
0.15,2085,6.108,-4.658,0.210
0.15,2086,-0.316,-4.445,-8.084
0.15,2087,2.168,4.208,1.353
0.15,2088,3.478,2.381,-10.859
0.15,2089,7.758,2.786,0.371
0.15,2090,-6.407,-4.581,0.531
0.15,2091,-7.525,3.176,0.428
0.15,2092,0.242,-0.305,-9.418
0.15,2093,-4.314,-9.268,-8.217
0.15,2094,3.287,7.514,0.266
0.15,2095,0.734,-4.120,4.821
0.15,2096,-5.771,5.207,0.250
0.15,2097,5.621,-1.706,1.738
0.15,2098,-0.348,-4.446,-5.636
0.15,2099,-1.984,-7.112,0.444
0.15,2100,8.273,-5.997,7.981
0.15,2101,6.231,-6.146,7.025
0.15,2102,-7.263,-3.290,0.258
0.15,2103,-8.268,-0.085,0.481
0.15,2104,-5.084,-8.823,-9.894
0.15,2105,-3.456,1.290,-10.281
0.15,2106,-0.721,-0.067,7.390
0.15,2107,2.891,1.406,-10.792
0.15,2108,8.024,-0.402,0.295
0.15,2109,-5.338,-3.415,6.698
0.15,2110,-4.999,-4.248,8.275
0.15,2111,2.719,-0.117,-10.747
0.15,2112,2.432,4.212,0.816
0.15,2113,-5.719,5.262,0.248
0.15,2114,-10.455,6.216,-5.721
0.15,2115,-5.158,-8.680,-10.034
0.15,2116,-7.487,-2.376,-8.382
0.15,2117,0.410,-2.820,-2.061
0.15,2118,6.947,-5.982,6.264
0.15,2119,-5.358,-5.714,0.574
0.15,2120,7.345,-0.712,0.728
0.15,2121,-6.790,-6.808,1.194
0.15,2122,-0.354,-4.523,-6.521
0.15,2123,8.795,2.233,0.617
0.15,2124,-5.724,0.143,2.491
0.15,2125,6.145,-3.208,5.733
0.15,2126,5.245,-5.837,0.262
0.15,2127,-3.093,7.640,0.449
0.15,2128,-0.545,0.176,1.337
0.15,2129,5.553,9.398,7.336
0.15,2130,-7.114,7.753,-9.430
0.15,2131,5.236,-6.686,-10.827
0.15,2132,-0.516,-0.061,7.970
0.15,2133,5.004,-6.276,0.597
0.15,2134,7.468,3.043,0.327
0.15,2135,0.875,-0.126,-5.123
0.15,2136,-3.392,8.046,3.847
0.15,2137,7.394,-3.432,0.300
0.15,2138,-8.064,-7.742,8.176
0.15,2139,-3.017,7.641,0.473
0.15,2140,1.051,-7.879,0.499
0.15,2141,0.162,-0.234,-10.403
0.15,2142,-2.151,9.119,-10.762
0.15,2143,-7.233,-3.342,0.261
0.15,2144,7.330,-3.505,0.287
0.15,2145,9.349,3.408,4.203
0.15,2146,-7.621,-8.808,9.676
0.15,2147,7.409,-3.430,0.302
0.15,2148,3.472,2.649,-7.193
0.15,2149,-3.595,4.332,4.953
0.15,2150,-3.397,-7.168,0.323
0.15,2151,-1.494,8.708,-10.688
0.15,2152,7.418,3.138,0.326
0.15,2153,-7.825,0.375,0.552
0.15,2154,-2.861,-7.467,0.336
0.15,2155,8.711,-7.356,3.800
0.15,2156,3.449,4.268,0.709
0.15,2157,-2.013,7.513,0.752
0.15,2158,-5.643,5.352,0.254
0.15,2159,2.305,3.952,-0.483
0.15,2160,-3.111,7.640,0.438
0.15,2161,-5.584,5.580,0.279
0.15,2162,-3.149,9.524,7.814
0.15,2163,-2.030,-7.696,0.400
0.15,2164,-0.460,-0.383,-0.852
0.15,2165,6.615,-0.394,5.471
0.15,2166,0.028,0.169,5.151
0.15,2167,1.078,-0.495,-11.042
0.15,2168,-7.542,3.143,0.424
0.15,2169,-8.606,-0.098,0.549
0.15,2170,-0.784,7.640,0.699
0.15,2171,5.613,-2.141,6.068
0.15,2172,-3.205,7.602,0.404
0.15,2173,1.116,-5.257,0.187
0.15,2174,0.942,-5.643,-0.007
0.15,2175,3.165,9.083,8.895
0.15,2176,0.159,-4.224,-4.048
0.15,2177,-6.411,4.080,0.403
0.15,2178,4.673,-3.567,2.076
0.15,2179,1.056,-0.150,-9.557
0.15,2180,4.450,8.537,6.190
0.15,2181,7.480,-5.667,6.399
0.15,2182,-4.718,-6.242,0.415
0.15,2183,9.281,-0.159,-9.483
0.15,2184,4.539,-8.290,9.161
0.15,2185,4.619,6.209,7.800
0.15,2186,-0.636,8.036,-10.376
0.15,2187,-6.861,-3.902,0.350
0.15,2188,5.936,5.951,0.365
0.15,2189,9.111,-6.443,4.538
0.15,2190,7.380,-3.447,0.298
0.15,2191,-7.335,-3.927,-8.470
0.15,2192,-5.163,-4.882,6.617
0.15,2193,1.490,8.219,7.799
0.15,2194,-0.468,0.073,2.693
0.15,2195,0.453,-0.330,-8.910
0.15,2196,0.592,-0.311,-10.412
0.15,2197,-5.139,7.399,9.526
0.15,2198,-0.254,-4.463,-7.069
0.15,2199,3.013,7.762,9.637
0.15,2200,-3.125,7.631,0.431
0.15,2201,-3.080,7.644,0.450
0.15,2202,1.167,-6.540,4.725
0.15,2203,-0.314,-1.769,-4.413
0.15,2204,4.696,-7.659,9.546
0.15,2205,3.007,4.109,0.729
0.15,2206,0.009,-1.224,-2.244
0.15,2207,8.910,-8.841,6.595
0.15,2208,4.339,3.253,-10.092
0.15,2209,3.338,7.557,9.462
0.15,2210,1.118,-5.942,0.721
0.15,2211,-7.205,-3.383,0.263
0.15,2212,-10.407,5.362,-8.321
0.15,2213,8.069,4.319,8.762
0.15,2214,4.785,-10.080,5.313
0.15,2215,-8.231,-0.433,0.581
0.15,2216,0.024,-8.074,0.334
0.15,2217,0.178,0.570,6.452
0.15,2218,7.328,3.294,0.302
0.15,2219,-0.288,-4.511,-6.358
0.15,2220,5.032,-4.967,6.453
0.15,2221,-0.933,-0.970,-2.596
0.15,2222,-7.001,5.020,8.727
0.15,2223,7.978,-0.656,0.291
0.15,2224,-0.542,0.451,-8.109
0.15,2225,-3.587,8.730,4.710
0.15,2226,2.621,9.634,7.261
0.15,2227,-0.798,-9.835,2.405
0.15,2228,-7.231,-3.341,0.260
0.15,2229,-8.274,-0.018,0.460
0.15,2230,-4.658,-6.276,7.435
0.15,2231,-0.697,0.148,6.201
0.15,2232,-2.556,-6.845,9.184
0.15,2233,-6.676,-3.641,-10.975
0.15,2234,-5.726,5.337,0.247
0.15,2235,0.797,-7.859,0.266
0.15,2236,-0.185,-4.385,-7.745
0.15,2237,-3.403,-7.165,0.323
0.15,2238,7.374,3.195,0.314
0.15,2239,5.291,-1.040,3.851
0.15,2240,5.664,-0.325,5.762
0.15,2241,-3.019,7.644,0.469
0.15,2242,-7.562,3.099,0.416
0.15,2243,-8.188,0.307,0.384
0.15,2244,8.029,-0.406,0.293
0.15,2245,7.669,-0.410,0.483
0.15,2246,4.650,3.337,-10.337
0.15,2247,7.449,-3.425,0.309
0.15,2248,-6.663,1.097,0.718
0.15,2249,7.405,3.149,0.324
0.15,2250,0.708,-8.145,-10.551
0.15,2251,0.268,-8.054,0.304
0.15,2252,9.291,-2.591,9.143
0.15,2253,-0.818,-5.188,-9.740
0.15,2254,-8.221,0.193,0.402
0.15,2255,4.964,-6.186,0.289
0.15,2256,-6.514,-3.863,-9.101
0.15,2257,3.460,-7.376,0.246
0.15,2258,-2.566,-7.290,-9.881
0.15,2259,-3.072,-7.391,0.330
0.15,2260,-0.774,-6.032,-10.643
0.15,2261,-0.115,-0.765,-1.742
0.15,2262,7.242,7.453,-9.062
0.15,2263,-7.338,6.234,8.180
0.15,2264,7.274,3.335,0.289
0.15,2265,0.488,-3.859,0.398
0.15,2266,-0.204,10.103,2.139
0.15,2267,-4.206,9.122,4.747
0.15,2268,1.968,3.869,-0.160
0.15,2269,6.708,9.183,0.471
0.15,2270,7.453,0.178,0.542
0.15,2271,0.378,-9.987,3.550
0.15,2272,3.362,7.472,0.275
0.15,2273,5.657,-5.245,0.238
0.15,2274,6.342,7.362,-9.893
0.15,2275,1.468,-0.756,8.691
0.15,2276,7.363,2.979,5.566
0.15,2277,8.991,7.130,-9.080
0.15,2278,-7.280,0.612,0.609
0.15,2279,6.932,-3.977,-10.627
0.15,2280,7.654,-3.361,0.292
0.15,2281,0.916,-3.853,5.286
0.15,2282,1.693,3.711,0.882
0.15,2283,5.402,5.609,0.264
0.15,2284,5.480,-5.492,0.255
0.15,2285,5.214,-6.121,9.472
0.15,2286,-0.378,-4.498,-5.532
0.15,2287,7.404,-3.422,0.302
0.15,2288,-7.222,3.508,0.427
0.15,2289,9.981,6.749,-8.550
0.15,2290,7.901,-5.924,9.073
0.15,2291,5.522,-4.213,8.994
0.15,2292,0.989,9.009,8.469
0.15,2293,8.429,7.338,-8.673
0.15,2294,6.386,3.569,6.803
0.15,2295,-8.432,6.656,6.871
0.15,2296,0.209,-3.328,-0.181
0.15,2297,0.209,-4.544,3.910
0.15,2298,-4.450,-6.940,8.159
0.15,2299,-8.746,1.864,-9.218
0.15,2300,1.026,0.170,0.216
0.15,2301,-1.311,5.209,9.405
0.15,2302,-3.373,-9.275,5.383
0.15,2303,-0.054,-9.151,4.705
0.15,2304,5.447,5.393,0.252
0.15,2305,7.281,3.850,6.701
0.15,2306,0.348,-0.306,-9.514
0.15,2307,-3.039,9.665,5.551
0.15,2308,-3.663,-8.570,4.924
0.15,2309,-5.970,4.796,0.277
0.15,2310,-10.284,-5.600,-3.657
0.15,2311,0.681,-4.145,2.120
0.15,2312,-0.854,6.521,6.594
0.15,2313,0.805,-1.367,-3.055
0.15,2314,1.121,2.898,-2.642
0.15,2315,10.333,0.373,-6.288
0.15,2316,6.753,4.760,7.423
0.15,2317,-7.244,7.903,-9.515
0.15,2318,-2.015,-9.288,7.472
0.15,2319,11.057,-0.691,3.337
0.15,2320,8.476,-0.164,9.605
0.15,2321,5.372,-5.662,0.258
0.15,2322,-6.709,7.261,6.692
0.15,2323,-5.585,-5.771,0.454
0.15,2324,4.031,9.336,6.634
0.15,2325,8.827,4.606,7.279
0.15,2326,3.304,7.506,0.269
0.15,2327,-1.039,-1.283,-2.515
0.15,2328,0.136,0.757,-8.593
0.15,2329,-5.789,5.244,0.276
0.15,2330,-6.932,-2.558,6.298
0.15,2331,-7.511,0.498,0.506
0.15,2332,-4.873,-6.087,0.638
0.15,2333,5.294,-4.221,6.649
0.15,2334,-9.211,8.786,-0.041
0.15,2335,-7.088,-3.227,-6.625
0.15,2336,7.153,3.503,0.272
0.15,2337,-5.313,-3.566,6.583
0.15,2338,0.305,-6.604,5.469
0.15,2339,-9.505,5.307,6.246
0.15,2340,6.069,-9.037,8.604
0.15,2341,0.522,-4.677,0.172
0.15,2342,0.468,3.126,8.893
0.15,2343,-5.008,-9.033,-9.135
0.15,2344,-7.216,3.602,0.400
0.15,2345,-1.581,-0.062,-10.306
0.15,2346,-4.118,2.215,-6.326
0.15,2347,-7.625,2.625,0.324
0.15,2348,-6.724,-5.965,-9.077
0.15,2349,-3.454,1.708,-6.258
0.15,2350,4.681,0.481,3.199
0.15,2351,-1.405,0.145,0.495
0.15,2352,-0.075,8.101,-9.641
0.15,2353,-5.099,-1.134,6.582
0.15,2354,6.648,-5.596,6.120
0.15,2355,-7.248,-7.985,-6.246
0.15,2356,0.140,-0.243,-9.865
0.15,2357,3.307,7.506,0.267
0.15,2358,-0.298,-0.796,-1.728
0.15,2359,4.455,-3.786,-6.809
0.15,2360,0.047,-0.218,-10.373
0.15,2361,-4.566,-6.326,0.413
0.15,2362,-7.478,-2.954,-8.228
0.15,2363,0.512,2.630,-1.605
0.15,2364,-0.975,7.934,-10.439
0.15,2365,5.399,5.615,0.265
0.15,2366,6.460,-3.998,-7.850
0.15,2367,-0.015,-0.779,-1.796
0.15,2368,8.998,-6.897,2.920
0.15,2369,6.458,-4.297,0.210
0.15,2370,-5.957,-1.072,4.989
0.15,2371,0.549,-7.194,0.212
0.15,2372,-0.911,-4.251,-5.256
0.15,2373,8.496,3.367,4.191
0.15,2374,7.130,-3.604,0.354
0.15,2375,-5.759,-0.127,2.130
0.15,2376,8.017,-0.472,0.293
0.15,2377,-1.995,-0.460,8.204
0.15,2378,-8.451,-0.034,0.503
0.15,2379,3.807,2.760,-9.202
0.15,2380,-7.226,-4.502,-6.115
0.15,2381,-6.012,-3.461,0.872
0.15,2382,1.162,1.596,-7.463
0.15,2383,-8.500,4.116,0.813
0.15,2384,10.385,5.757,-9.395
0.15,2385,-7.097,-3.665,0.325
0.15,2386,-2.519,-7.822,0.482
0.15,2387,3.492,7.388,0.285
0.15,2388,-6.833,-7.171,-10.169
0.15,2389,-3.031,7.641,0.468
0.15,2390,-3.512,8.394,0.962
0.15,2391,-5.808,5.099,0.250
0.15,2392,-1.638,6.964,0.815
0.15,2393,5.587,3.289,-5.913
0.15,2394,1.040,3.149,-0.282
0.15,2395,-5.272,2.116,9.594
0.15,2396,3.589,-7.352,0.242
0.15,2397,0.317,-0.299,-8.729
0.15,2398,3.380,7.459,0.279
0.15,2399,0.326,-0.442,-9.579
0.15,2400,-6.851,7.173,-10.931
0.15,2401,-5.553,-0.077,5.441
0.15,2402,-5.488,5.809,8.530
0.15,2403,-5.949,7.985,-8.539
0.15,2404,3.801,0.526,9.663
0.15,2405,3.357,7.476,0.274
0.15,2406,7.191,8.967,0.954
0.15,2407,6.201,-0.267,4.474
0.15,2408,1.736,-0.949,-4.345
0.15,2409,-0.073,-0.210,-10.023
0.15,2410,5.136,5.857,0.269
0.15,2411,5.232,5.770,0.266
0.15,2412,-6.191,5.417,0.747
0.15,2413,-10.303,5.421,5.131
0.15,2414,-5.502,-5.693,0.549
0.15,2415,-6.523,0.499,1.210
0.15,2416,-6.969,-6.462,-10.941
0.15,2417,4.283,-9.506,-10.674
0.15,2418,-0.233,-4.453,-7.284
0.15,2419,-3.520,1.770,-5.082
0.15,2420,-6.198,5.636,1.162
0.15,2421,7.906,3.210,4.559
0.15,2422,3.357,-7.391,0.249
0.15,2423,-0.364,4.625,3.240
0.15,2424,3.113,3.883,3.357
0.15,2425,2.571,-5.186,9.577
0.15,2426,-5.237,7.110,9.532
0.15,2427,5.572,8.079,-9.935
0.15,2428,-6.794,4.222,9.514
0.15,2429,7.404,3.152,0.324
0.15,2430,-3.120,-7.433,0.350
0.15,2431,6.073,-4.238,-10.144
0.15,2432,-5.725,5.247,0.248
0.15,2433,7.419,3.141,0.325
0.15,2434,5.490,5.518,0.261
0.15,2435,0.089,-1.102,-2.231
0.15,2436,1.581,4.879,9.185
0.15,2437,7.403,-3.422,0.302
0.15,2438,-7.462,0.637,0.557
0.15,2439,6.257,5.505,0.466
0.15,2440,6.101,5.552,0.460
0.15,2441,8.779,-7.371,3.694
0.15,2442,-2.724,9.267,-10.292
0.15,2443,-0.631,0.069,7.515
0.15,2444,-6.629,-7.527,4.484
0.15,2445,-1.070,0.275,4.449
0.15,2446,-5.063,-4.305,5.441
0.15,2447,6.216,3.081,9.413
0.15,2448,-9.624,4.871,5.057
0.15,2449,-4.366,2.358,5.388
0.15,2450,3.470,7.452,0.266
0.15,2451,-8.224,0.188,0.401
0.15,2452,-0.838,-5.236,-9.702
0.15,2453,5.288,5.719,0.264
0.15,2454,-6.972,-7.617,7.618
0.15,2455,3.449,-7.378,0.246
0.15,2456,-0.386,6.181,2.489
0.15,2457,3.748,4.147,4.014
0.15,2458,0.228,-4.332,6.898
0.15,2459,-9.234,0.827,-9.283
0.15,2460,0.838,-0.646,8.034
0.15,2461,3.420,7.593,6.561
0.15,2462,6.565,-4.197,0.210
0.15,2463,0.365,-8.014,0.298
0.15,2464,3.110,7.573,0.254
0.15,2465,-7.987,0.273,0.532
0.15,2466,-0.797,-5.015,9.050
0.15,2467,-8.019,-7.855,8.021
0.15,2468,-7.274,8.649,7.049
0.15,2469,-0.163,-0.702,-1.536
0.15,2470,9.058,6.927,-8.982
0.15,2471,-9.874,-5.222,-0.397
0.15,2472,-5.824,-5.340,0.618
0.15,2473,0.511,-0.109,6.679
0.15,2474,-4.057,2.240,-5.388
0.15,2475,7.000,-3.846,-8.660
0.15,2476,7.956,-0.552,0.311
0.15,2477,4.374,-8.655,-7.695
0.15,2478,-4.338,-0.100,5.006
0.15,2479,7.559,-3.212,0.302
0.15,2480,-6.204,-4.853,0.593
0.15,2481,-0.213,9.157,1.026
0.15,2482,-5.963,-0.380,4.256
0.15,2483,3.362,7.471,0.276
0.15,2484,-9.830,-0.182,0.564
0.15,2485,4.450,-10.744,1.128
0.15,2486,2.985,2.521,-9.783
0.15,2487,-3.437,9.081,-10.640
0.15,2488,1.073,-5.863,-0.028
0.15,2489,-7.599,2.851,0.364
0.15,2490,4.419,-3.733,2.206
0.15,2491,1.112,-7.205,0.211
0.15,2492,3.354,-0.628,5.697
0.15,2493,-4.791,3.554,-10.922
0.15,2494,-5.688,-5.863,0.638
0.15,2495,-4.360,2.542,-6.182
0.15,2496,4.440,-8.844,-10.547
0.15,2497,-5.714,5.092,0.297
0.15,2498,-8.302,-7.226,-3.092
0.15,2499,-7.235,-3.337,0.260
0.15,2500,-7.546,3.296,0.374
0.15,2501,1.461,-5.268,9.263
0.15,2502,6.825,7.575,-8.958
0.15,2503,0.408,-0.674,-1.573
0.15,2504,-8.575,4.206,0.565
0.15,2505,7.702,0.237,9.414
0.15,2506,1.182,-4.798,2.210
0.15,2507,-5.997,0.352,1.849
0.15,2508,-5.742,5.206,0.248
0.15,2509,7.416,-3.408,0.303
0.15,2510,3.157,6.331,0.764
0.15,2511,-7.778,-6.722,6.291
0.15,2512,5.378,-5.034,0.329
0.15,2513,-3.896,2.508,-7.980
0.15,2514,-8.349,7.365,-9.073
0.15,2515,8.027,-0.403,0.294
0.15,2516,2.505,4.149,1.080
0.15,2517,7.172,9.017,0.502
0.15,2518,-8.695,1.892,-8.945
0.15,2519,0.077,8.271,0.270
0.15,2520,-4.919,3.062,1.113
0.15,2521,0.833,-5.459,-0.213
0.15,2522,0.739,-0.194,-8.956
0.15,2523,-5.765,5.166,0.248
0.15,2524,-7.140,8.207,-8.708
0.15,2525,1.128,-6.458,0.143
0.15,2526,-1.552,9.699,9.711
0.15,2527,-8.087,6.643,6.602
0.15,2528,-3.714,0.142,5.859
0.15,2529,-7.079,-4.217,-10.244
0.15,2530,-5.718,5.260,0.249
0.15,2531,-8.746,8.783,-4.934
0.15,2532,0.602,-8.043,0.350
0.15,2533,9.673,6.849,-8.759
0.15,2534,-9.072,-6.348,6.753
0.15,2535,-0.781,-5.166,-9.733
0.15,2536,3.462,7.403,0.284
0.15,2537,-3.575,9.107,-10.856
0.15,2538,-2.753,1.812,0.687
0.15,2539,7.702,-2.183,0.417
0.15,2540,6.921,-4.752,6.355
0.15,2541,2.173,9.404,8.376
0.15,2542,0.017,0.497,-8.631
0.15,2543,10.553,5.584,-9.291
0.15,2544,-1.524,6.154,9.427
0.15,2545,-5.944,4.874,0.260
0.15,2546,0.457,-0.303,-9.855
0.15,2547,-4.080,-3.391,9.643
0.15,2548,-0.665,0.129,1.991
0.15,2549,-7.546,3.140,0.421
0.15,2550,-5.832,5.060,0.268
0.15,2551,-8.257,-0.173,0.511
0.15,2552,5.104,3.106,-10.594
0.15,2553,0.757,0.764,-8.371
0.15,2554,5.470,2.896,-6.747
0.15,2555,-6.745,-5.320,-9.261
0.15,2556,-6.368,-0.785,4.957
0.15,2557,-3.104,7.642,0.443
0.15,2558,7.544,-0.725,0.595
0.15,2559,0.922,-5.721,0.044
0.15,2560,5.311,5.654,0.260
0.15,2561,-3.470,-8.470,-9.909
0.15,2562,-5.618,6.276,0.635
0.15,2563,4.607,-4.497,0.747
0.15,2564,-1.847,-9.784,1.053
0.15,2565,3.582,-7.353,0.242
0.15,2566,-1.211,-4.161,-5.106
0.15,2567,-0.039,8.222,0.285
0.15,2568,6.478,-7.275,-1.053
0.15,2569,8.024,-0.401,0.295
0.15,2570,4.813,-10.516,4.625
0.15,2571,5.831,-5.390,4.917
0.15,2572,3.232,4.759,-0.971
0.15,2573,-8.073,0.016,9.680
0.15,2574,-3.206,7.774,0.517
0.15,2575,5.656,5.346,0.248
0.15,2576,2.630,2.142,-8.783
0.15,2577,-7.555,2.986,0.398
0.15,2578,-9.572,-5.952,4.905
0.15,2579,3.906,4.107,4.260
0.15,2580,-5.904,5.192,0.371
0.15,2581,7.740,3.289,4.420
0.15,2582,-8.170,3.372,9.481
0.15,2583,-5.843,-8.329,-10.917
0.15,2584,-8.745,-6.257,6.793
0.15,2585,7.145,-4.229,5.528
0.15,2586,4.386,-10.805,1.755
0.15,2587,-3.415,9.431,-9.898
0.15,2588,-4.263,2.323,-6.120
0.15,2589,2.285,-1.023,-2.505
0.15,2590,7.654,1.697,9.534
0.15,2591,2.540,-7.464,0.267
0.15,2592,0.988,-7.792,0.261
0.15,2593,7.331,-3.504,0.288
0.15,2594,-8.222,0.195,0.401
0.15,2595,2.760,4.577,3.667
0.15,2596,8.026,-0.400,0.295
0.15,2597,-4.227,2.399,-6.643
0.15,2598,-6.588,-3.488,-10.202
0.15,2599,3.359,7.474,0.275
0.15,2600,0.794,-1.231,-7.979
0.15,2601,0.926,-1.193,-3.478
0.15,2602,-0.193,-4.374,-6.968
0.15,2603,-3.447,8.542,5.385
0.15,2604,-10.398,5.406,-8.889
0.15,2605,4.997,-9.538,-1.687
0.15,2606,-7.121,-1.368,6.326
0.15,2607,11.030,-6.183,-5.407
0.15,2608,0.909,-4.931,0.730
0.15,2609,0.312,-8.029,0.305
0.15,2610,-5.727,-5.841,0.325
0.15,2611,-7.801,-1.907,-11.002
0.15,2612,-0.518,-4.686,-8.980
0.15,2613,-1.502,-4.326,-5.521
0.15,2614,4.139,-3.832,4.217
0.15,2615,-6.796,-4.499,-9.835
0.15,2616,4.885,-7.969,-10.155
0.15,2617,4.158,8.094,-9.616
0.15,2618,-5.625,-5.533,0.609
0.15,2619,-2.706,-7.719,0.421
0.15,2620,-4.192,2.481,-5.165
0.15,2621,-8.258,-0.166,0.509
0.15,2622,1.081,-4.486,1.966
0.15,2623,-8.265,0.044,0.443
0.15,2624,7.632,7.460,-6.300
0.15,2625,1.282,-4.728,1.489
0.15,2626,-6.833,-3.961,0.361
0.15,2627,9.315,1.464,0.786
0.15,2628,1.923,-9.650,7.046
0.15,2629,-4.293,-9.170,-8.157
0.15,2630,4.533,-3.708,1.812
0.15,2631,5.749,3.365,0.967
0.15,2632,0.686,-0.211,-8.641
0.15,2633,-9.862,-3.865,5.528
0.15,2634,4.604,-3.590,2.119
0.15,2635,-9.527,-5.965,4.854
0.15,2636,-5.271,-8.802,-10.313
0.15,2637,-2.133,4.565,8.154
0.15,2638,-7.179,-1.929,8.578
0.15,2639,0.297,0.240,-0.380
0.15,2640,-3.780,2.130,-7.339
0.15,2641,0.201,-1.707,8.928
0.15,2642,6.047,-5.766,7.097
0.15,2643,6.453,-0.848,3.577
0.15,2644,0.131,-0.225,-10.381
0.15,2645,8.025,-0.325,0.299
0.15,2646,1.373,-2.849,-2.016
0.15,2647,0.615,2.959,-2.065
0.15,2648,-0.405,-3.791,8.336
0.15,2649,-7.278,-3.267,0.257
0.15,2650,-5.289,-2.324,5.092
0.15,2651,4.999,5.516,0.163
0.15,2652,1.009,2.646,8.594
0.15,2653,-0.210,0.204,8.636
0.15,2654,-7.560,3.109,0.417
0.15,2655,-5.486,-5.693,0.560
0.15,2656,7.998,4.182,0.586
0.15,2657,0.483,-0.016,-7.130
0.15,2658,-6.781,-7.899,-9.702
0.15,2659,-3.092,7.645,0.459
0.15,2660,2.448,3.711,0.578
0.15,2661,-6.900,-3.158,-9.680
0.15,2662,6.236,-5.570,6.098
0.15,2663,5.603,-5.121,6.062
0.15,2664,0.229,-0.212,7.303
0.15,2665,0.088,8.269,0.270
0.15,2666,-9.362,5.974,6.869
0.15,2667,-8.877,5.127,5.931
0.15,2668,8.025,-0.405,0.295
0.15,2669,-5.859,-5.125,0.649
0.15,2670,-3.266,-7.260,0.322
0.15,2671,5.083,-7.829,-9.800
0.15,2672,-5.730,5.242,0.248
0.15,2673,-5.727,5.389,0.240
0.15,2674,-7.033,-7.184,-0.060
0.15,2675,-3.944,2.198,-10.372
0.15,2676,-1.201,9.498,7.947
0.15,2677,9.471,4.282,8.502
0.15,2678,-7.648,0.439,9.255
0.15,2679,-0.823,-5.181,-9.605
0.15,2680,4.324,-10.210,-11.064
0.15,2681,7.836,2.942,7.649
0.15,2682,0.293,-3.649,-3.748
0.15,2683,-7.197,-1.943,-10.153
0.15,2684,-0.208,-0.182,-9.926
0.15,2685,0.163,8.216,0.285
0.15,2686,9.794,-0.328,-9.128
0.15,2687,-3.871,-6.824,0.358
0.15,2688,-5.821,5.106,0.282
0.15,2689,-8.484,7.528,5.296
0.15,2690,-9.055,0.857,-9.601
0.15,2691,2.337,4.575,3.441
0.15,2692,-0.294,-4.411,-8.292
0.15,2693,-0.504,5.758,5.941
0.15,2694,-1.059,-6.294,7.336
0.15,2695,-6.838,-3.051,-7.858
0.15,2696,-6.620,7.054,-11.081
0.15,2697,6.855,1.618,9.101
0.15,2698,-0.525,6.793,5.731
0.15,2699,8.681,4.918,9.534
0.15,2700,-4.029,-9.390,-8.393
0.15,2701,-8.510,-3.972,9.289
0.15,2702,3.000,1.747,-7.647
0.15,2703,-1.140,3.037,-8.572
0.15,2704,1.872,3.950,0.982
0.15,2705,0.137,8.258,0.272
0.15,2706,0.543,-0.143,-7.972
0.15,2707,4.284,9.022,8.004
0.15,2708,-1.711,0.145,0.182
0.15,2709,-6.580,6.906,2.180
0.15,2710,0.322,-8.014,0.302
0.15,2711,3.408,-7.384,0.247
0.15,2712,-6.961,8.053,-8.939
0.15,2713,8.926,-6.447,2.822
0.15,2714,-3.272,9.453,-9.671
0.15,2715,4.334,4.479,0.314
0.15,2716,5.687,-0.951,4.873
0.15,2717,-2.700,-7.565,0.359
0.15,2718,-5.193,1.726,0.003
0.15,2719,-0.701,-8.347,9.429
0.15,2720,5.351,5.660,0.264
0.15,2721,8.292,6.493,1.991
0.15,2722,-8.875,1.509,-8.038
0.15,2723,-10.491,-8.499,0.128
0.15,2724,4.814,-2.241,9.576
0.15,2725,4.224,-10.378,4.881
0.15,2726,-7.526,-7.533,1.045
0.15,2727,7.831,-6.699,8.129
0.15,2728,3.018,-4.652,6.122
0.15,2729,-6.554,-7.644,4.947
0.15,2730,5.581,-5.353,0.247
0.15,2731,0.064,8.273,0.270
0.15,2732,-4.207,-0.040,8.405
0.15,2733,-3.075,7.647,0.448
0.15,2734,6.281,3.079,8.541
0.15,2735,0.091,8.268,0.270
0.15,2736,-10.359,6.333,-3.383
0.15,2737,-3.699,2.537,-9.084
0.15,2738,5.375,8.437,-8.922
0.15,2739,-0.819,-5.517,5.448
0.15,2740,-8.698,4.587,2.249
0.15,2741,-8.240,0.134,0.416
0.15,2742,0.717,-7.994,0.394
0.15,2743,1.117,-6.776,4.159
0.15,2744,6.624,-2.969,0.786
0.15,2745,-6.099,5.578,4.245
0.15,2746,-10.345,6.055,-5.159
0.15,2747,3.948,4.713,0.010
0.15,2748,8.751,-8.558,-0.258
0.15,2749,-5.575,-5.612,0.583
0.15,2750,2.081,-8.516,-10.357
0.15,2751,0.184,1.535,-0.468
0.15,2752,-4.172,2.292,-5.613
0.15,2753,-3.211,-7.297,0.325
0.15,2754,0.606,-4.508,4.206
0.15,2755,2.291,2.561,-9.511
0.15,2756,-10.234,5.044,3.103
0.15,2757,-6.937,-4.520,-9.423
0.15,2758,-8.582,4.365,5.240
0.15,2759,-3.958,2.965,-4.376
0.15,2760,-7.500,-5.383,-10.817
0.15,2761,-0.041,-3.573,-9.071
0.15,2762,5.170,3.399,-8.629
0.15,2763,-4.153,1.441,0.709
0.15,2764,6.604,9.350,0.604
0.15,2765,8.202,6.748,1.999
0.15,2766,-2.989,-7.579,0.394
0.15,2767,0.278,-4.199,-0.354
0.15,2768,8.025,-0.407,0.294
0.15,2769,-6.954,6.605,0.524
0.15,2770,-7.034,-3.667,0.303
0.15,2771,-0.250,7.847,-9.843
0.15,2772,1.366,3.587,0.677
0.15,2773,-6.574,7.116,-10.588
0.15,2774,-5.968,-5.159,0.628
0.15,2775,-0.503,-0.633,-1.353
0.15,2776,-8.878,1.001,-9.813
0.15,2777,7.033,3.210,5.163
0.15,2778,9.288,-0.371,-9.808
0.15,2779,6.426,7.443,0.542
0.15,2780,-3.488,9.374,-9.550
0.15,2781,0.161,8.214,0.283
0.15,2782,-8.674,-9.692,-5.316
0.15,2783,-0.604,-0.240,-0.976
0.15,2784,0.213,7.610,4.990
0.15,2785,0.392,-0.325,-9.503
0.15,2786,4.891,-7.665,-10.699
0.15,2787,-5.372,8.478,-9.779
0.15,2788,-2.966,7.662,0.516
0.15,2789,-6.578,-7.477,4.244
0.15,2790,4.737,5.380,-0.271
0.15,2791,7.284,3.315,0.291
0.15,2792,-2.336,9.238,8.595
0.15,2793,-6.216,-0.564,6.830
0.15,2794,0.160,-0.242,-10.592
0.15,2795,-7.834,7.787,-9.197
0.15,2796,-4.646,1.138,1.316
0.15,2797,6.864,7.551,-8.963
0.15,2798,0.542,4.454,8.368
0.15,2799,4.790,-1.471,6.227
0.15,2800,0.600,0.775,-0.586
0.15,2801,-6.746,-7.591,-9.924
0.15,2802,4.805,3.332,-10.601
0.15,2803,-6.824,-3.707,-8.661
0.15,2804,-8.873,1.031,-10.055
0.15,2805,10.002,-9.049,-5.880
0.15,2806,-6.149,-6.352,0.848
0.15,2807,-0.659,-4.317,-4.901
0.15,2808,2.112,9.749,7.087
0.15,2809,3.764,-9.578,-9.767
0.15,2810,-5.772,0.079,2.321
0.15,2811,-8.159,4.602,6.775
0.15,2812,-5.835,-5.328,0.618
0.15,2813,0.063,8.275,0.268
0.15,2814,-2.725,9.290,-10.182
0.15,2815,4.307,3.474,4.262
0.15,2816,7.879,-0.549,0.368
0.15,2817,-1.878,0.362,2.722
0.15,2818,-7.138,-3.496,0.276
0.15,2819,-8.980,1.294,-8.835
0.15,2820,-7.507,-2.854,0.264
0.15,2821,-4.133,0.034,5.574
0.15,2822,5.421,-5.578,0.259
0.15,2823,3.371,7.464,0.278
0.15,2824,-0.357,-4.375,-7.598
0.15,2825,7.379,8.936,1.516
0.15,2826,10.398,-7.980,-9.759
0.15,2827,-0.206,-4.399,-7.920
0.15,2828,5.436,-5.557,0.258
0.15,2829,0.240,-0.757,-1.759
0.15,2830,-5.386,-5.818,0.478
0.15,2831,1.074,-2.347,-7.561
0.15,2832,-5.254,-5.497,5.565
0.15,2833,9.776,-6.927,0.687
0.15,2834,8.566,-7.971,9.682
0.15,2835,-5.327,-5.840,0.490
0.15,2836,-6.923,-7.464,6.900
0.15,2837,-6.345,-8.044,4.823
0.15,2838,-9.324,2.949,-8.633
0.15,2839,-7.203,-3.390,0.264
0.15,2840,-9.408,-2.196,8.214
0.15,2841,-7.140,-5.998,-10.398
0.15,2842,-3.130,7.624,0.456
0.15,2843,2.855,2.906,-5.056
0.15,2844,-1.213,0.661,-6.034
0.15,2845,-3.719,8.798,9.218
0.15,2846,-6.978,7.629,-9.697
0.15,2847,9.759,6.944,-8.822
0.15,2848,-7.778,0.918,0.390
0.15,2849,-7.278,-6.419,6.556
0.15,2850,6.860,-6.488,5.687
0.15,2851,0.135,-8.250,0.429
0.15,2852,3.433,3.676,1.616
0.15,2853,-6.949,7.776,-9.297
0.15,2854,0.122,8.260,0.271
0.15,2855,-1.136,8.232,-10.567
0.15,2856,-6.820,-6.178,-10.462
0.15,2857,5.622,-5.296,0.242
0.15,2858,2.600,4.816,1.199
0.15,2859,-5.373,-5.807,0.497
0.15,2860,-6.521,8.214,-8.592
0.15,2861,0.313,-8.036,0.305
0.15,2862,-0.069,1.476,0.556
0.15,2863,6.853,6.186,0.757
0.15,2864,-5.687,5.353,0.448
0.15,2865,9.070,5.471,6.558
0.15,2866,-0.822,-5.203,-9.681
0.15,2867,0.991,7.148,-11.033
0.15,2868,8.304,3.044,0.218
0.15,2869,-3.037,-7.391,0.332
0.15,2870,-0.860,-5.458,-10.047
0.15,2871,-10.312,-9.184,-3.267
0.15,2872,7.017,-0.737,0.969
0.15,2873,2.266,-4.635,-1.447
0.15,2874,-7.507,3.256,0.428
0.15,2875,5.959,-4.447,0.354
0.15,2876,3.581,-7.354,0.243
0.15,2877,-7.544,3.146,0.423
0.15,2878,-6.573,7.113,4.560
0.15,2879,-8.003,-0.034,0.587
0.15,2880,-0.363,-0.566,-1.415
0.15,2881,6.014,-4.357,-10.555
0.15,2882,-0.959,-5.302,-9.407
0.15,2883,-0.525,7.515,2.238
0.15,2884,-7.117,-0.339,5.179
0.15,2885,6.106,-2.235,1.003
0.15,2886,-6.776,-7.196,-10.363
0.15,2887,7.404,6.880,-8.258
0.15,2888,1.010,6.325,0.592
0.15,2889,4.525,-6.338,0.320
0.15,2890,-5.204,-4.287,-5.501
0.15,2891,2.974,3.233,-3.291
0.15,2892,-10.017,4.852,3.162
0.15,2893,0.054,8.274,0.270
0.15,2894,0.803,9.411,1.395
0.15,2895,-8.697,9.357,-5.792
0.15,2896,8.972,3.311,0.581
0.15,2897,-8.257,6.568,8.078
0.15,2898,6.647,-0.500,1.675
0.15,2899,-11.104,-6.066,0.549
0.15,2900,-9.923,-3.579,7.276
0.15,2901,-3.105,7.647,0.447
0.15,2902,-7.115,8.041,6.472
0.15,2903,5.729,-5.140,0.231
0.15,2904,-0.433,0.148,1.502
0.15,2905,2.233,3.674,1.275
0.15,2906,2.216,-7.507,0.268
0.15,2907,-4.885,-9.140,-8.998
0.15,2908,-0.403,-4.574,-8.562
0.15,2909,-4.548,-6.351,0.400
0.15,2910,-6.466,-0.514,5.857
0.15,2911,-4.045,-7.763,7.822
0.15,2912,-4.927,-1.983,3.674
0.15,2913,-0.533,3.206,-4.730
0.15,2914,-3.663,1.428,9.418
0.15,2915,-5.827,5.864,0.415
0.15,2916,3.782,-7.265,0.243
0.15,2917,-0.263,-5.174,4.684
0.15,2918,-8.712,1.667,-7.896
0.15,2919,5.887,-6.662,8.267
0.15,2920,0.092,-0.219,7.519
0.15,2921,8.565,-10.569,-4.353
0.15,2922,0.178,8.242,0.273
0.15,2923,0.713,2.697,-2.776
0.15,2924,1.273,8.662,9.236
0.15,2925,-5.865,0.244,2.357
0.15,2926,0.198,-5.556,7.553
0.15,2927,-6.423,4.592,0.666
0.15,2928,5.975,-0.490,4.622
0.15,2929,-6.241,4.072,9.708
0.15,2930,-9.283,4.978,6.289
0.15,2931,-9.284,0.819,-9.784
0.15,2932,-0.604,-0.119,7.552
0.15,2933,-4.603,0.993,1.653
0.15,2934,-8.906,1.291,-8.542
0.15,2935,8.019,-0.036,0.307
0.15,2936,-0.547,-0.077,-9.721
0.15,2937,-7.639,-7.032,7.320
0.15,2938,1.095,-1.840,-3.493
0.15,2939,7.693,-8.387,1.769
0.15,2940,-3.125,7.645,0.421
0.15,2941,-0.371,-0.062,7.452
0.15,2942,8.431,-10.364,-3.487
0.15,2943,-5.555,-5.179,8.820
0.15,2944,-0.993,7.939,0.434
0.15,2945,-5.253,-5.884,0.489
0.15,2946,-7.781,7.829,-5.410
0.15,2947,6.078,-0.026,6.370
0.15,2948,-4.847,-9.150,-8.789
0.15,2949,0.811,-1.035,-3.150
0.15,2950,-3.591,0.611,-11.114
0.15,2951,-3.693,2.362,-3.405
0.15,2952,-0.248,3.395,-10.506
0.15,2953,4.101,2.788,-9.024
0.15,2954,-9.158,-4.684,6.999
0.15,2955,5.974,2.244,5.928
0.15,2956,-10.496,-9.496,-7.957
0.15,2957,-7.111,-3.553,-9.568
0.15,2958,-5.819,5.319,0.312
0.15,2959,1.946,7.219,9.642
0.15,2960,-3.122,0.449,-10.521
0.15,2961,-5.270,-5.832,0.536
0.15,2962,4.186,-3.906,1.791
0.15,2963,6.687,-6.522,7.203
0.15,2964,-6.739,4.092,8.105
0.15,2965,7.585,7.002,-11.003
0.15,2966,-6.811,-0.560,-7.922
0.15,2967,7.826,8.174,3.349
0.15,2968,6.861,8.741,0.057
0.15,2969,2.350,4.217,1.322
0.15,2970,3.055,3.219,-9.646
0.15,2971,-5.245,-5.900,0.471
0.15,2972,-5.465,-5.729,0.539
0.15,2973,5.383,-4.434,0.583
0.15,2974,-1.554,7.368,0.671
0.15,2975,0.877,-0.133,-7.869
0.15,2976,-4.222,0.276,7.954
0.15,2977,-5.711,5.286,0.249
0.15,2978,-6.053,1.580,0.404
0.15,2979,0.932,-4.657,2.345
0.15,2980,-7.489,-8.119,-5.117
0.15,2981,-7.560,3.107,0.417
0.15,2982,0.055,7.894,-9.746
0.15,2983,-4.482,6.873,5.646
0.15,2984,0.113,8.262,0.271
0.15,2985,-0.476,-0.056,7.271
0.15,2986,0.240,2.119,-6.445
0.15,2987,7.202,-6.818,7.018
0.15,2988,-1.491,-0.099,-0.555
0.15,2989,9.897,-4.115,5.177
0.15,2990,-6.893,5.934,7.670
0.15,2991,6.667,7.421,-9.672
0.15,2992,-7.171,-3.441,0.269
0.15,2993,3.607,8.428,-10.677
0.15,2994,2.117,-5.831,5.695
0.15,2995,6.169,0.032,5.890
0.15,2996,0.958,-10.507,-8.654
0.15,2997,-9.044,1.333,-8.909
0.15,2998,7.735,-2.391,0.282
0.15,2999,7.764,7.416,-8.973
0.40,0,-8.275,0.002,0.455
0.40,1,7.370,3.202,0.313
0.40,2,5.458,-5.523,0.256
0.40,3,-0.057,-0.227,7.336
0.40,4,5.183,-4.346,0.703
0.40,5,8.025,-0.408,0.294
0.40,6,-5.340,-5.831,0.492
0.40,7,0.773,3.789,1.039
0.40,8,-5.358,-5.816,0.498
0.40,9,-5.332,-5.836,0.490
0.40,10,7.471,-3.382,0.301
0.40,11,4.742,-9.404,-2.937
0.40,12,8.024,-0.411,0.294
0.40,13,-0.846,-5.294,-9.720
0.40,14,-0.816,-5.915,-10.732
0.40,15,6.876,-7.539,5.547
0.40,16,7.383,-3.444,0.298
0.40,17,-5.724,5.277,0.250
0.40,18,5.340,5.671,0.264
0.40,19,-5.641,-0.816,3.512
0.40,20,-8.270,0.034,0.443
0.40,21,3.441,2.972,2.002
0.40,22,7.339,3.247,0.304
0.40,23,-8.168,-0.781,0.605
0.40,24,-4.230,2.043,-2.444
0.40,25,-9.742,-3.660,1.095
0.40,26,5.323,-4.619,0.500
0.40,27,-0.799,-6.034,-10.940
0.40,28,-7.950,0.290,0.516
0.40,29,-3.111,7.647,0.433
0.40,30,-0.498,0.163,1.275
0.40,31,6.542,-4.605,9.167
0.40,32,5.346,5.665,0.264
0.40,33,-4.988,-6.056,0.446
0.40,34,-3.247,1.326,8.772
0.40,35,7.340,-3.493,0.289
0.40,36,-5.330,-5.838,0.489
0.40,37,3.480,-7.373,0.245
0.40,38,-5.335,-5.834,0.491
0.40,39,0.385,-8.009,0.295
0.40,40,-5.732,5.235,0.248
0.40,41,-5.731,5.238,0.248
0.40,42,5.346,5.649,0.262
0.40,43,3.006,-2.027,5.444
0.40,44,-6.847,-7.157,1.201
0.40,45,0.833,3.010,-0.020
0.40,46,-7.551,3.140,0.415
0.40,47,-3.431,-7.144,0.324
0.40,48,-5.341,-5.830,0.493
0.40,49,-0.255,-4.515,-6.618
0.40,50,-5.729,5.240,0.248
0.40,51,-5.729,5.253,0.248
0.40,52,8.025,-0.409,0.294
0.40,53,-1.195,7.420,0.650
0.40,54,7.388,3.188,0.318
0.40,55,-7.556,3.121,0.418
0.40,56,7.209,1.252,9.162
0.40,57,7.351,-3.481,0.291
0.40,58,-5.706,5.307,0.250
0.40,59,7.391,-3.434,0.300
0.40,60,-0.073,-0.206,-10.283
0.40,61,4.081,-8.836,-4.855
0.40,62,-8.271,0.033,0.443
0.40,63,2.942,4.323,0.590
0.40,64,-5.731,5.238,0.248
0.40,65,6.763,-4.017,0.220
0.40,66,0.106,8.264,0.270
0.40,67,-5.528,-5.661,0.567
0.40,68,3.359,7.474,0.275
0.40,69,8.888,-6.783,4.686
0.40,70,6.412,9.235,-4.245
0.40,71,0.096,8.267,0.270
0.40,72,-7.195,-3.401,0.265
0.40,73,-5.275,-5.878,0.477
0.40,74,-5.348,-5.824,0.494
0.40,75,-6.427,-6.502,1.098
0.40,76,0.103,8.265,0.270
0.40,77,11.030,-6.408,-6.352
0.40,78,0.353,-0.324,-5.929
0.40,79,-7.553,3.168,0.401
0.40,80,-8.263,0.051,0.441
0.40,81,-9.761,5.180,1.234
0.40,82,-1.483,-7.809,0.412
0.40,83,-7.592,2.904,0.373
0.40,84,-0.839,7.741,0.562
0.40,85,9.183,5.299,6.300
0.40,86,8.025,-0.408,0.294
0.40,87,-3.903,2.066,-5.007
0.40,88,-3.940,2.987,-3.300
0.40,89,4.136,9.080,5.059
0.40,90,7.817,-0.349,0.403
0.40,91,-8.097,0.331,0.440
0.40,92,0.136,-0.290,-9.546
0.40,93,0.331,0.038,5.919
0.40,94,1.127,3.010,-4.920
0.40,95,-5.452,-5.728,0.545
0.40,96,-8.050,-0.882,9.379
0.40,97,6.519,9.672,-1.060
0.40,98,-6.117,-4.792,0.639
0.40,99,-3.214,7.894,0.577
0.40,100,-6.038,5.726,0.062
0.40,101,0.850,-5.183,0.529
0.40,102,-0.324,-0.430,-1.024
0.40,103,7.403,3.152,0.323
0.40,104,-8.250,0.101,0.424
0.40,105,-2.955,-7.433,0.330
0.40,106,-3.109,7.644,0.436
0.40,107,-5.731,5.238,0.248
0.40,108,5.437,-5.555,0.258
0.40,109,0.966,-8.652,9.011
0.40,110,-3.109,7.644,0.436
0.40,111,-3.109,7.644,0.436
0.40,112,1.713,3.807,1.565
0.40,113,5.598,-5.329,0.245
0.40,114,-5.314,-5.850,0.485
0.40,115,1.676,-4.438,2.201
0.40,116,7.316,3.246,0.320
0.40,117,0.072,-0.286,-9.503
0.40,118,2.343,7.846,9.215
0.40,119,2.129,8.343,4.461
0.40,120,-0.951,-2.697,9.542
0.40,121,-2.784,-7.561,0.348
0.40,122,-8.267,0.044,0.440
0.40,123,-6.306,0.552,1.287
0.40,124,8.025,-0.408,0.294
0.40,125,5.405,5.610,0.265
0.40,126,-8.626,6.889,8.543
0.40,127,-6.627,7.654,5.306
0.40,128,5.589,-4.889,0.324
0.40,129,-8.266,0.049,0.439
0.40,130,0.245,-0.272,-9.838
0.40,131,7.365,-3.464,0.295
0.40,132,-5.730,5.238,0.248
0.40,133,-5.731,5.295,0.266
0.40,134,5.385,5.629,0.264
0.40,135,0.862,-5.029,0.389
0.40,136,-5.790,5.091,0.248
0.40,137,10.228,-6.405,-0.665
0.40,138,3.479,-7.373,0.245
0.40,139,-10.733,-6.909,-0.678
0.40,140,3.359,7.474,0.275
0.40,141,0.418,-0.279,-10.387
0.40,142,-5.333,-5.836,0.490
0.40,143,-7.555,3.121,0.418
0.40,144,5.560,-5.381,0.250
0.40,145,5.401,5.613,0.265
0.40,146,-5.531,-5.732,0.517
0.40,147,-8.268,0.041,0.441
0.40,148,3.664,-0.447,3.598
0.40,149,-0.236,-4.589,-4.499
0.40,150,5.467,-5.510,0.256
0.40,151,5.341,5.669,0.264
0.40,152,7.355,-3.476,0.292
0.40,153,-7.252,-3.306,0.258
0.40,154,-5.958,4.807,0.381
0.40,155,-8.473,-6.453,8.826
0.40,156,0.325,-0.302,-6.077
0.40,157,5.350,5.661,0.264
0.40,158,-7.204,-3.387,0.264
0.40,159,0.163,8.231,0.280
0.40,160,-2.959,-7.449,0.331
0.40,161,-5.772,5.142,0.249
0.40,162,-7.555,3.121,0.418
0.40,163,-8.256,0.079,0.432
0.40,164,1.422,-5.509,1.619
0.40,165,3.358,7.474,0.275
0.40,166,0.424,-6.245,-2.300
0.40,167,1.168,3.136,-2.880
0.40,168,-7.752,0.492,0.530
0.40,169,-5.409,-5.775,0.512
0.40,170,-0.088,8.269,0.261
0.40,171,3.172,7.557,0.258
0.40,172,-8.265,0.052,0.438
0.40,173,-6.803,-6.719,1.443
0.40,174,10.556,-7.089,-4.171
0.40,175,4.553,-10.458,0.745
0.40,176,8.025,-0.408,0.294
0.40,177,0.177,-0.309,-9.189
0.40,178,0.487,-7.980,0.282
0.40,179,0.106,8.264,0.270
0.40,180,-5.353,-5.820,0.496
0.40,181,5.291,5.716,0.264
0.40,182,-7.588,2.935,0.379
0.40,183,0.313,-8.029,0.305
0.40,184,-7.221,-3.359,0.262
0.40,185,5.431,-5.563,0.259
0.40,186,6.638,0.958,1.340
0.40,187,-7.223,-3.356,0.261
0.40,188,5.052,5.907,0.271
0.40,189,6.323,4.622,0.248
0.40,190,-5.730,5.239,0.248
0.40,191,-5.742,-2.071,9.090
0.40,192,-3.107,7.644,0.439
0.40,193,-1.477,5.702,5.737
0.40,194,0.433,-7.996,0.289
0.40,195,11.038,-6.512,-5.560
0.40,196,-8.269,0.038,0.442
0.40,197,-5.731,5.238,0.248
0.40,198,-7.337,8.198,6.321
0.40,199,-5.333,-5.836,0.490
0.40,200,0.771,3.249,-4.193
0.40,201,-3.109,7.644,0.437
0.40,202,7.416,-3.412,0.305
0.40,203,-9.745,4.232,-5.981
0.40,204,0.927,-7.829,0.322
0.40,205,-3.384,0.902,1.604
0.40,206,5.315,5.693,0.264
0.40,207,-5.329,-5.839,0.489
0.40,208,-7.555,3.121,0.418
0.40,209,5.294,5.713,0.264
0.40,210,-8.260,0.069,0.433
0.40,211,-0.265,-4.568,-6.519
0.40,212,5.330,5.680,0.264
0.40,213,-5.533,-5.638,0.587
0.40,214,-10.577,5.434,3.427
0.40,215,-1.066,-7.222,5.527
0.40,216,0.104,8.265,0.270
0.40,217,-5.317,-5.848,0.486
0.40,218,-6.922,-6.788,1.415
0.40,219,-0.156,8.207,0.308
0.40,220,1.397,5.435,5.876
0.40,221,1.022,-7.299,-0.162
0.40,222,-7.239,-3.330,0.260
0.40,223,-7.544,3.164,0.420
0.40,224,-5.326,-5.841,0.488
0.40,225,-8.558,-2.669,-0.114
0.40,226,0.668,-0.854,-4.449
0.40,227,-0.291,-0.102,-0.101
0.40,228,-8.826,4.510,1.305
0.40,229,-8.268,0.042,0.441
0.40,230,-3.109,7.644,0.436
0.40,231,-9.613,-9.866,-9.454
0.40,232,5.302,5.706,0.264
0.40,233,-5.335,-5.834,0.491
0.40,234,0.528,-7.967,0.279
0.40,235,10.787,-6.486,-3.349
0.40,236,-5.730,5.238,0.248
0.40,237,0.163,8.248,0.272
0.40,238,-2.138,6.855,7.811
0.40,239,4.197,3.958,1.022
0.40,240,7.976,-8.102,8.077
0.40,241,-4.223,-6.591,0.444
0.40,242,8.025,-0.408,0.294
0.40,243,-5.319,3.925,0.962
0.40,244,3.478,-7.373,0.245
0.40,245,8.762,5.978,2.634
0.40,246,-7.225,-3.353,0.261
0.40,247,9.863,3.080,1.128
0.40,248,-3.109,7.644,0.436
0.40,249,5.355,5.654,0.264
0.40,250,-3.151,1.531,-4.388
0.40,251,7.177,3.843,0.332
0.40,252,5.849,5.231,0.268
0.40,253,-5.332,-5.836,0.490
0.40,254,5.348,5.657,0.264
0.40,255,0.738,-0.305,-10.597
0.40,256,3.910,7.026,0.297
0.40,257,5.810,5.180,0.239
0.40,258,5.564,-5.376,0.249
0.40,259,-3.741,-6.925,0.348
0.40,260,0.317,-8.028,0.304
0.40,261,8.018,-0.415,0.296
0.40,262,8.025,-0.408,0.294
0.40,263,-3.058,-7.381,0.330
0.40,264,7.366,3.207,0.312
0.40,265,8.025,-0.408,0.294
0.40,266,0.079,8.271,0.270
0.40,267,-5.296,-5.863,0.482
0.40,268,-8.269,0.039,0.441
0.40,269,0.106,8.264,0.270
0.40,270,0.314,-8.029,0.304
0.40,271,6.137,5.455,0.398
0.40,272,-8.897,-4.351,6.662
0.40,273,-2.762,-7.638,0.378
0.40,274,5.612,-5.297,0.244
0.40,275,0.825,1.867,-6.856
0.40,276,8.791,0.834,9.684
0.40,277,5.655,-5.249,0.238
0.40,278,0.708,-1.041,-3.997
0.40,279,-8.249,0.099,0.427
0.40,280,8.535,0.061,0.029
0.40,281,-0.876,-5.495,-10.066
0.40,282,-4.064,-2.071,8.460
0.40,283,-5.731,5.238,0.248
0.40,284,3.359,7.474,0.275
0.40,285,10.315,-5.947,-6.954
0.40,286,3.192,0.791,8.835
0.40,287,0.259,-0.269,-9.887
0.40,288,6.423,9.332,-3.940
0.40,289,0.093,6.365,2.474
0.40,290,-1.078,0.060,6.754
0.40,291,-5.730,5.238,0.248
0.40,292,-2.848,-4.255,9.520
0.40,293,-5.286,4.961,0.505
0.40,294,-3.583,-7.371,0.573
0.40,295,-10.278,5.473,-9.976
0.40,296,-5.732,5.236,0.248
0.40,297,3.359,7.474,0.275
0.40,298,-0.243,-0.658,-1.422
0.40,299,8.026,-0.405,0.294
0.40,300,0.925,-1.210,-0.288
0.40,301,2.303,5.302,4.513
0.40,302,0.878,-5.648,0.152
0.40,303,-1.132,-5.734,6.295
0.40,304,7.306,0.052,0.592
0.40,305,0.341,3.504,-2.323
0.40,306,7.348,-3.483,0.291
0.40,307,-0.523,0.159,1.096
0.40,308,9.232,-4.063,-3.851
0.40,309,0.276,-0.183,-7.724
0.40,310,-7.381,-3.175,0.270
0.40,311,-0.383,0.042,0.408
0.40,312,-4.346,-6.476,0.387
0.40,313,0.367,-8.014,0.298
0.40,314,5.530,-3.611,3.677
0.40,315,7.376,3.194,0.315
0.40,316,3.479,-7.373,0.245
0.40,317,8.312,-1.745,6.716
0.40,318,3.476,-7.374,0.245
0.40,319,0.129,-8.172,0.290
0.40,320,5.726,5.307,0.254
0.40,321,5.323,5.686,0.264
0.40,322,-5.333,-5.836,0.490
0.40,323,-5.447,-5.751,0.528
0.40,324,8.025,-0.408,0.294
0.40,325,-5.340,-5.830,0.492
0.40,326,-0.506,7.918,0.460
0.40,327,-3.100,7.644,0.443
0.40,328,5.348,5.662,0.264
0.40,329,-5.531,3.577,-0.133
0.40,330,7.353,-3.478,0.292
0.40,331,7.255,3.368,0.289
0.40,332,6.322,9.210,-4.664
0.40,333,-5.644,-5.787,0.543
0.40,334,-5.371,-5.805,0.501
0.40,335,8.025,-0.408,0.294
0.40,336,5.404,-5.605,0.259
0.40,337,0.734,-3.394,3.469
0.40,338,6.304,4.891,0.324
0.40,339,-5.729,5.240,0.248
0.40,340,-3.956,2.304,1.413
0.40,341,8.173,3.143,0.227
0.40,342,10.939,-6.629,-4.709
0.40,343,5.574,-5.363,0.248
0.40,344,7.371,3.201,0.313
0.40,345,-5.301,-5.860,0.482
0.40,346,1.058,-7.063,-0.173
0.40,347,6.104,-0.481,4.747
0.40,348,0.612,8.133,0.276
0.40,349,0.564,-0.645,-4.931
0.40,350,0.082,8.270,0.270
0.40,351,7.371,3.200,0.313
0.40,352,-0.354,-0.364,-0.871
0.40,353,8.025,-0.408,0.294
0.40,354,8.017,-0.427,0.295
0.40,355,7.370,3.202,0.313
0.40,356,0.283,-0.168,-7.429
0.40,357,4.467,4.729,0.521
0.40,358,5.370,5.643,0.264
0.40,359,-5.290,-5.868,0.480
0.40,360,-3.109,7.644,0.436
0.40,361,-6.307,6.634,1.628
0.40,362,-0.147,0.179,5.684
0.40,363,7.455,3.149,0.320
0.40,364,-5.896,-1.152,6.246
0.40,365,7.276,9.006,1.425
0.40,366,7.230,-3.617,0.271
0.40,367,1.194,-7.677,0.259
0.40,368,-5.333,-5.836,0.490
0.40,369,-7.555,3.123,0.418
0.40,370,-8.273,-0.021,0.462
0.40,371,5.381,5.632,0.264
0.40,372,-10.091,5.120,-4.711
0.40,373,-8.264,0.055,0.437
0.40,374,-3.520,-7.082,0.329
0.40,375,-7.222,-3.357,0.262
0.40,376,7.373,3.198,0.314
0.40,377,7.966,3.717,0.509
0.40,378,0.624,2.876,-5.103
0.40,379,8.025,-0.408,0.294
0.40,380,5.439,5.575,0.265
0.40,381,-3.109,7.644,0.436
0.40,382,-5.430,-5.753,0.526
0.40,383,5.351,-5.686,0.259
0.40,384,3.863,4.815,0.331
0.40,385,7.389,3.178,0.319
0.40,386,8.632,7.150,3.097
0.40,387,-0.143,-4.921,-4.153
0.40,388,7.860,-8.505,7.091
0.40,389,-5.305,-5.857,0.483
0.40,390,5.018,5.212,0.255
0.40,391,-5.730,5.238,0.248
0.40,392,0.906,-7.819,0.301
0.40,393,-5.487,5.703,0.271
0.40,394,-5.703,0.144,2.571
0.40,395,-8.245,0.119,0.420
0.40,396,-3.315,7.718,0.474
0.40,397,3.360,7.473,0.275
0.40,398,0.724,-0.860,-4.357
0.40,399,1.519,3.641,0.514
0.40,400,-0.310,-0.765,-1.585
0.40,401,-5.371,-5.806,0.501
0.40,402,0.828,-7.847,0.266
0.40,403,5.393,5.621,0.265
0.40,404,-5.730,5.238,0.248
0.40,405,6.874,-6.429,7.938
0.40,406,-5.727,5.245,0.248
0.40,407,4.991,5.519,0.218
0.40,408,-3.876,1.523,-11.076
0.40,409,-5.403,-5.777,0.515
0.40,410,7.714,4.674,0.754
0.40,411,-0.280,-0.386,-0.914
0.40,412,-0.755,0.029,6.764
0.40,413,-3.728,2.299,-4.177
0.40,414,-5.452,-5.750,0.518
0.40,415,0.314,-8.029,0.304
0.40,416,5.548,-5.397,0.251
0.40,417,-5.718,5.357,0.250
0.40,418,-0.319,-4.533,-5.764
0.40,419,-0.305,0.240,4.525
0.40,420,-5.333,-5.836,0.490
0.40,421,0.104,8.265,0.270
0.40,422,-3.108,7.644,0.438
0.40,423,-2.962,-7.477,0.350
0.40,424,2.382,7.063,3.950
0.40,425,-7.563,3.097,0.414
0.40,426,-5.448,-5.736,0.534
0.40,427,-8.242,0.121,0.420
0.40,428,8.025,-0.408,0.294
0.40,429,7.368,3.205,0.312
0.40,430,8.025,-0.410,0.294
0.40,431,0.179,-0.308,-9.242
0.40,432,-8.188,0.237,0.416
0.40,433,7.371,3.200,0.314
0.40,434,-8.257,0.078,0.430
0.40,435,5.328,5.682,0.264
0.40,436,8.018,-0.424,0.295
0.40,437,-5.337,-5.833,0.491
0.40,438,-5.328,-5.840,0.489
0.40,439,-0.129,-0.847,-1.728
0.40,440,7.371,3.201,0.313
0.40,441,0.086,-1.101,-2.238
0.40,442,-5.330,-5.838,0.489
0.40,443,4.045,-9.002,-8.183
0.40,444,-3.111,7.665,0.433
0.40,445,-3.109,7.644,0.436
0.40,446,0.310,-8.030,0.305
0.40,447,1.728,3.543,0.627
0.40,448,-7.555,3.121,0.418
0.40,449,-5.330,-5.838,0.489
0.40,450,-5.730,5.239,0.248
0.40,451,0.652,-5.091,0.503
0.40,452,-0.448,0.158,1.226
0.40,453,-3.109,7.644,0.436
0.40,454,4.770,4.923,0.386
0.40,455,-7.858,0.223,0.583
0.40,456,1.354,-0.575,-11.122
0.40,457,7.372,3.199,0.314
0.40,458,-3.966,1.963,-5.908
0.40,459,-0.280,-4.426,-4.801
0.40,460,-5.413,-5.774,0.512
0.40,461,-6.371,-0.494,5.114
0.40,462,-3.397,-7.168,0.323
0.40,463,0.322,-0.284,-6.148
0.40,464,-0.311,-0.393,-0.945
0.40,465,5.099,4.430,5.609
0.40,466,3.358,7.475,0.275
0.40,467,-3.109,7.644,0.437
0.40,468,-7.555,3.121,0.418
0.40,469,8.119,-0.521,6.933
0.40,470,-0.128,-0.920,-1.869
0.40,471,-0.330,-0.352,-0.850
0.40,472,8.025,-0.411,0.294
0.40,473,-5.722,5.255,0.248
0.40,474,-8.269,0.040,0.441
0.40,475,-5.343,-5.828,0.493
0.40,476,0.280,-8.039,0.308
0.40,477,7.326,3.554,0.318
0.40,478,-0.188,-0.775,-1.627
0.40,479,5.289,5.718,0.264
0.40,480,-5.730,5.239,0.248
0.40,481,-5.731,5.238,0.248
0.40,482,-5.562,-5.661,2.856
0.40,483,6.393,9.150,-2.284
0.40,484,-5.227,-5.912,0.469
0.40,485,-0.564,5.764,4.737
0.40,486,3.370,4.681,0.275
0.40,487,5.342,5.668,0.264
0.40,488,-0.301,3.338,1.991
0.40,489,-0.600,5.908,4.842
0.40,490,-5.370,-5.806,0.502
0.40,491,-3.232,-7.283,0.323
0.40,492,-4.193,2.202,-5.729
0.40,493,0.875,3.148,-4.306
0.40,494,8.025,-0.408,0.294
0.40,495,0.162,8.248,0.272
0.40,496,-7.221,-3.358,0.262
0.40,497,7.342,9.052,1.441
0.40,498,3.212,3.013,-4.229
0.40,499,0.370,-8.013,0.297
0.40,500,-7.553,3.127,0.418
0.40,501,5.308,5.701,0.264
0.40,502,-3.542,6.336,8.685
0.40,503,4.884,-3.906,1.239
0.40,504,1.859,3.706,0.076
0.40,505,5.442,-5.548,0.258
0.40,506,-7.224,-6.965,1.354
0.40,507,1.094,-7.606,2.132
0.40,508,8.330,-7.368,-0.718
0.40,509,-0.279,-0.625,-1.361
0.40,510,1.549,-5.483,0.122
0.40,511,-5.768,5.548,0.240
0.40,512,-7.857,1.322,0.249
0.40,513,-7.794,0.502,0.510
0.40,514,5.300,5.708,0.264
0.40,515,-5.481,-5.434,0.779
0.40,516,-0.306,0.105,2.625
0.40,517,0.314,-8.029,0.304
0.40,518,7.341,-5.857,9.148
0.40,519,-3.255,-7.267,0.322
0.40,520,-2.693,-7.540,0.342
0.40,521,7.173,-3.654,0.285
0.40,522,-2.239,-7.803,0.559
0.40,523,-3.109,7.644,0.436
0.40,524,8.127,-3.947,-4.606
0.40,525,-8.266,0.049,0.439
0.40,526,-5.393,-5.787,0.510
0.40,527,5.314,5.694,0.264
0.40,528,-9.480,4.564,-3.631
0.40,529,-0.403,2.316,4.951
0.40,530,-4.924,-6.099,0.439
0.40,531,8.830,4.208,7.174
0.40,532,6.092,-3.177,6.733
0.40,533,-5.726,5.248,0.248
0.40,534,8.025,-0.408,0.294
0.40,535,2.921,3.945,-10.968
0.40,536,-0.941,-0.093,-9.797
0.40,537,7.282,1.594,9.443
0.40,538,0.556,-0.920,-4.503
0.40,539,8.695,3.210,8.413
0.40,540,1.521,3.708,-0.793
0.40,541,-0.509,0.133,0.838
0.40,542,7.378,3.191,0.316
0.40,543,7.350,-3.482,0.291
0.40,544,-7.216,-3.367,0.262
0.40,545,-8.268,0.043,0.440
0.40,546,0.468,-8.007,0.299
0.40,547,3.480,-7.373,0.245
0.40,548,-5.521,-5.734,0.515
0.40,549,-5.731,5.238,0.248
0.40,550,1.243,-7.529,0.242
0.40,551,0.105,8.264,0.270
0.40,552,3.847,-9.424,0.789
0.40,553,0.867,-5.365,0.014
0.40,554,0.237,-1.227,-2.568
0.40,555,-7.555,3.121,0.418
0.40,556,0.313,-8.029,0.305
0.40,557,-0.426,-0.148,-0.297
0.40,558,3.359,7.474,0.275
0.40,559,7.006,9.361,1.051
0.40,560,0.349,-0.287,-6.051
0.40,561,-5.342,-5.829,0.493
0.40,562,5.580,-5.354,0.247
0.40,563,7.999,-0.467,0.299
0.40,564,6.289,8.190,-6.905
0.40,565,0.166,-8.321,0.334
0.40,566,-5.330,-5.838,0.489
0.40,567,1.056,-6.398,-0.424
0.40,568,5.335,-5.710,0.259
0.40,569,5.916,5.079,0.244
0.40,570,-8.273,0.026,0.445
0.40,571,-5.406,-5.772,0.522
0.40,572,5.365,5.647,0.264
0.40,573,5.364,5.648,0.264
0.40,574,0.457,-7.989,0.286
0.40,575,-3.926,1.916,-10.694
0.40,576,4.755,-9.351,-2.983
0.40,577,-5.088,-0.115,8.940
0.40,578,0.931,-7.688,-0.202
0.40,579,8.025,-0.408,0.294
0.40,580,-8.131,-0.929,0.597
0.40,581,0.054,8.269,0.272
0.40,582,10.220,-6.375,-1.050
0.40,583,5.313,5.696,0.264
0.40,584,9.518,-6.274,0.532
0.40,585,-0.300,-4.554,-4.806
0.40,586,-4.528,-6.363,0.399
0.40,587,1.377,-4.629,4.747
0.40,588,0.311,-8.029,0.305
0.40,589,0.203,-0.306,-9.292
0.40,590,-10.816,-6.732,-1.654
0.40,591,5.406,-5.602,0.259
0.40,592,5.331,5.679,0.264
0.40,593,2.205,-3.322,7.890
0.40,594,0.106,8.264,0.270
0.40,595,-10.280,-6.165,2.420
0.40,596,0.757,-7.868,0.227
0.40,597,0.324,5.956,9.480
0.40,598,-0.496,0.034,0.316
0.40,599,-5.377,-5.800,0.504
0.40,600,-7.423,-3.087,0.277
0.40,601,7.827,6.400,7.938
0.40,602,-0.576,-0.103,-0.160
0.40,603,0.767,-5.411,0.696
0.40,604,-8.237,0.129,0.423
0.40,605,-6.250,-0.210,1.420
0.40,606,-5.745,5.217,0.248
0.40,607,-10.586,-8.275,-4.865
0.40,608,-5.708,5.300,0.249
0.40,609,-7.235,-3.337,0.260
0.40,610,-8.263,0.059,0.436
0.40,611,8.298,-1.597,0.159
0.40,612,-0.873,-5.589,-10.199
0.40,613,-8.134,7.259,7.491
0.40,614,8.025,-0.408,0.294
0.40,615,-3.109,7.644,0.436
0.40,616,0.564,-0.359,-11.016
0.40,617,1.974,3.774,-1.468
0.40,618,-8.269,0.038,0.442
0.40,619,0.177,-0.303,-9.327
0.40,620,4.056,1.382,9.309
0.40,621,-8.257,0.078,0.431
0.40,622,-8.271,0.033,0.443
0.40,623,4.779,-10.200,-1.181
0.40,624,-6.761,-6.180,-9.361
0.40,625,-0.838,-5.248,-9.737
0.40,626,0.286,-0.172,-7.083
0.40,627,5.563,-5.377,0.249
0.40,628,-10.938,-5.448,1.564
0.40,629,-5.338,-5.832,0.492
0.40,630,3.216,-3.826,7.531
0.40,631,5.268,5.405,0.251
0.40,632,-5.730,5.238,0.248
0.40,633,-8.268,0.041,0.441
0.40,634,-6.486,6.788,1.694
0.40,635,7.010,3.684,0.262
0.40,636,-5.256,-5.892,0.474
0.40,637,-8.239,0.127,0.421
0.40,638,0.626,-0.333,-10.738
0.40,639,-5.732,5.236,0.248
0.40,640,-5.537,-5.758,0.624
0.40,641,-4.027,2.154,-10.698
0.40,642,5.957,7.357,-10.732
0.40,643,-9.207,-3.216,7.608
0.40,644,-0.318,-4.551,-5.056
0.40,645,5.582,-5.351,0.247
0.40,646,-5.347,-5.825,0.494
0.40,647,5.335,5.676,0.264
0.40,648,7.061,5.805,0.843
0.40,649,-10.276,5.246,-5.635
0.40,650,-5.381,-1.807,4.786
0.40,651,-7.806,3.489,0.298
0.40,652,5.511,-4.941,0.327
0.40,653,6.779,-4.483,9.311
0.40,654,-6.406,0.837,1.004
0.40,655,7.349,-3.483,0.291
0.40,656,0.358,-8.016,0.299
0.40,657,-8.270,0.034,0.443
0.40,658,-5.443,-5.741,0.532
0.40,659,-0.286,-0.619,-1.349
0.40,660,7.348,-3.483,0.291
0.40,661,-4.008,1.520,1.309
0.40,662,10.690,-6.271,-3.420
0.40,663,-0.244,-8.077,0.377
0.40,664,8.025,-0.408,0.294
0.40,665,0.388,-0.281,-10.596
0.40,666,-0.383,-0.168,-0.352
0.40,667,-3.109,7.644,0.436
0.40,668,3.368,7.466,0.277
0.40,669,-6.527,6.678,0.939
0.40,670,-5.335,-5.835,0.491
0.40,671,-5.954,5.035,0.316
0.40,672,-0.404,-0.146,-0.289
0.40,673,7.392,3.176,0.320
0.40,674,-1.872,-0.118,-3.927
0.40,675,1.042,2.178,-6.372
0.40,676,-0.251,-0.683,-1.457
0.40,677,5.517,-5.441,0.253
0.40,678,-2.459,6.079,6.676
0.40,679,0.080,8.271,0.270
0.40,680,-5.395,-5.787,0.508
0.40,681,-0.315,-0.527,-1.208
0.40,682,-3.109,7.644,0.436
0.40,683,5.314,5.694,0.264
0.40,684,5.465,-5.514,0.256
0.40,685,-8.271,0.033,0.443
0.40,686,7.376,3.199,0.315
0.40,687,5.254,5.750,0.265
0.40,688,-6.430,-4.412,0.553
0.40,689,8.025,-0.408,0.294
0.40,690,-2.792,-7.529,0.340
0.40,691,5.492,-5.045,0.298
0.40,692,-8.263,0.058,0.436
0.40,693,5.271,5.734,0.265
0.40,694,-3.109,7.644,0.436
0.40,695,-0.494,0.101,0.657
0.40,696,-8.269,0.040,0.441
0.40,697,1.062,-9.367,1.922
0.40,698,0.024,-0.294,-8.759
0.40,699,10.733,-6.751,-3.574
0.40,700,-7.666,2.326,0.286
0.40,701,5.179,-5.925,0.267
0.40,702,-5.730,5.238,0.248
0.40,703,-0.847,-5.754,-10.466
0.40,704,-2.897,7.686,0.515
0.40,705,3.368,7.466,0.277
0.40,706,0.697,3.249,-1.596
0.40,707,0.099,-1.111,-2.260
0.40,708,8.025,-0.408,0.294
0.40,709,-5.728,5.245,0.248
0.40,710,9.266,-6.267,0.686
0.40,711,0.106,8.264,0.270
0.40,712,-5.728,5.244,0.248
0.40,713,7.932,-8.521,-5.593
0.40,714,5.522,-5.434,0.252
0.40,715,-5.299,-5.862,0.482
0.40,716,-7.555,3.122,0.418
0.40,717,-4.535,0.721,3.375
0.40,718,-0.026,-8.218,0.293
0.40,719,3.477,-7.374,0.245
0.40,720,0.106,8.264,0.270
0.40,721,-6.922,6.869,1.836
0.40,722,8.875,-6.873,1.360
0.40,723,0.334,-8.023,0.302
0.40,724,1.132,0.505,8.811
0.40,725,-8.237,0.138,0.416
0.40,726,0.204,-5.495,-6.343
0.40,727,0.321,-8.027,0.303
0.40,728,-5.328,-5.840,0.489
0.40,729,-5.729,5.240,0.248
0.40,730,-3.109,7.644,0.436
0.40,731,-8.275,-0.008,0.458
0.40,732,0.022,-8.575,0.357
0.40,733,-5.525,-5.747,0.512
0.40,734,0.107,8.264,0.270
0.40,735,5.578,-5.357,0.247
0.40,736,6.245,8.492,-5.670
0.40,737,8.025,-0.408,0.294
0.40,738,-3.264,-7.261,0.322
0.40,739,5.891,7.464,-10.833
0.40,740,-4.074,2.135,-5.359
0.40,741,0.720,-9.736,1.936
0.40,742,7.353,-3.478,0.292
0.40,743,-0.471,2.843,3.887
0.40,744,0.300,-0.261,-10.143
0.40,745,0.179,-0.306,-9.273
0.40,746,0.217,-0.253,-8.176
0.40,747,7.348,-3.484,0.291
0.40,748,-8.183,0.273,0.402
0.40,749,9.514,-5.328,0.639
0.40,750,1.063,-8.755,4.080
0.40,751,1.646,9.863,6.542
0.40,752,0.317,-8.028,0.304
0.40,753,7.347,-3.484,0.291
0.40,754,-0.010,-8.505,8.814
0.40,755,0.055,-1.061,-2.148
0.40,756,0.786,-7.864,0.266
0.40,757,-7.551,3.131,0.419
0.40,758,3.675,7.250,0.291
0.40,759,-10.230,5.433,-4.816
0.40,760,-0.329,0.020,0.158
0.40,761,0.284,0.926,-7.894
0.40,762,6.785,5.333,0.615
0.40,763,-5.469,-5.734,0.543
0.40,764,6.398,9.434,-4.013
0.40,765,5.314,-5.740,0.260
0.40,766,7.016,-3.812,0.242
0.40,767,7.603,3.307,0.306
0.40,768,8.016,-0.433,0.295
0.40,769,7.560,3.110,0.341
0.40,770,-3.600,-6.999,0.351
0.40,771,7.371,3.200,0.313
0.40,772,8.935,-8.561,-4.132
0.40,773,0.283,-0.175,-7.672
0.40,774,-5.330,-5.838,0.490
0.40,775,5.312,5.697,0.264
0.40,776,-7.564,3.092,0.413
0.40,777,-5.322,-5.844,0.488
0.40,778,10.343,-6.753,-1.098
0.40,779,0.671,-1.183,-3.562
0.40,780,-0.403,-0.022,0.107
0.40,781,2.152,8.763,6.236
0.40,782,5.743,-5.120,0.231
0.40,783,5.438,5.576,0.265
0.40,784,0.106,8.264,0.270
0.40,785,-2.417,-9.864,7.451
0.40,786,-8.921,4.643,-1.026
0.40,787,-5.731,5.238,0.248
0.40,788,5.474,-5.501,0.255
0.40,789,5.645,-0.088,3.806
0.40,790,4.915,-9.473,-2.272
0.40,791,3.472,-7.374,0.245
0.40,792,-0.309,-4.370,3.450
0.40,793,-8.263,0.057,0.436
0.40,794,-8.264,0.055,0.437
0.40,795,5.621,-4.488,0.475
0.40,796,5.361,5.651,0.264
0.40,797,5.289,-4.591,0.538
0.40,798,0.248,-0.226,-8.099
0.40,799,-8.229,0.158,0.415
0.40,800,-0.812,-5.172,-9.632
0.40,801,1.243,-7.434,0.246
0.40,802,-5.286,-5.871,0.479
0.40,803,3.386,-7.387,0.248
0.40,804,-7.549,3.136,0.420
0.40,805,0.472,-0.490,-5.323
0.40,806,5.500,-5.464,0.254
0.40,807,-5.318,-5.847,0.486
0.40,808,3.403,2.907,-4.923
0.40,809,-3.109,7.645,0.436
0.40,810,-4.985,4.113,4.792
0.40,811,6.000,7.897,-10.082
0.40,812,7.638,5.245,1.080
0.40,813,-5.344,-5.827,0.493
0.40,814,0.285,8.671,0.360
0.40,815,5.051,0.262,9.199
0.40,816,5.431,5.583,0.265
0.40,817,-5.289,-5.869,0.480
0.40,818,-8.230,0.164,0.409
0.40,819,0.115,-0.180,-10.002
0.40,820,7.860,-6.737,4.400
0.40,821,-3.134,7.680,0.429
0.40,822,-10.323,5.263,-5.977
0.40,823,-3.110,7.648,0.434
0.40,824,-4.552,-6.318,0.423
0.40,825,-5.730,5.238,0.248
0.40,826,0.337,-0.265,-10.335
0.40,827,-4.238,2.391,-6.639
0.40,828,10.962,-6.531,-5.224
0.40,829,0.885,2.845,-5.390
0.40,830,6.610,-0.734,1.528
0.40,831,3.358,7.474,0.275
0.40,832,5.370,5.643,0.264
0.40,833,0.821,8.269,0.337
0.40,834,-3.908,2.520,-9.859
0.40,835,3.358,7.474,0.275
0.40,836,8.025,-0.408,0.294
0.40,837,0.137,-8.170,0.291
0.40,838,-6.272,7.041,3.402
0.40,839,3.360,7.473,0.275
0.40,840,0.525,-7.968,0.279
0.40,841,-3.109,7.644,0.436
0.40,842,7.362,3.214,0.311
0.40,843,3.359,7.474,0.275
0.40,844,-0.183,-0.714,-1.527
0.40,845,-4.775,-6.207,0.427
0.40,846,7.372,3.199,0.314
0.40,847,5.327,5.682,0.264
0.40,848,-5.728,5.243,0.248
0.40,849,0.065,-1.143,-2.308
0.40,850,-7.077,6.661,7.528
0.40,851,-7.555,3.121,0.418
0.40,852,3.358,7.474,0.275
0.40,853,-0.286,-0.154,-0.324
0.40,854,-8.270,0.034,0.443
0.40,855,3.282,-7.401,0.251
0.40,856,6.544,4.267,0.231
0.40,857,9.003,-5.135,1.721
0.40,858,-8.095,0.416,0.408
0.40,859,-2.682,7.133,4.729
0.40,860,6.695,9.805,1.014
0.40,861,-8.274,0.019,0.448
0.40,862,-4.657,8.837,5.582
0.40,863,6.251,8.600,-8.549
0.40,864,10.555,-6.308,-2.079
0.40,865,-5.794,5.580,0.269
0.40,866,3.607,7.909,7.550
0.40,867,-3.713,-6.946,0.346
0.40,868,5.519,-5.437,0.252
0.40,869,-5.730,5.240,0.248
0.40,870,1.754,-0.187,7.628
0.40,871,-9.296,-9.070,5.874
0.40,872,6.088,-0.760,2.640
0.40,873,-7.555,3.122,0.418
0.40,874,-8.262,0.059,0.436
0.40,875,7.391,-8.598,-1.896
0.40,876,-3.885,1.712,-10.828
0.40,877,0.042,-0.191,-10.107
0.40,878,0.953,1.760,-7.137
0.40,879,5.313,5.695,0.264
0.40,880,4.881,-9.592,-2.392
0.40,881,7.371,3.201,0.313
0.40,882,4.662,-10.707,1.291
0.40,883,5.294,5.713,0.264
0.40,884,0.508,2.768,-1.290
0.40,885,5.940,-4.196,0.509
0.40,886,-8.282,3.964,-0.050
0.40,887,7.212,9.943,2.135
0.40,888,-0.327,-0.326,-0.780
0.40,889,0.088,-1.063,-2.165
0.40,890,5.337,5.673,0.264
0.40,891,0.105,8.264,0.270
0.40,892,6.943,5.887,0.846
0.40,893,-8.273,0.025,0.446
0.40,894,-3.043,0.349,4.977
0.40,895,-7.555,3.121,0.418
0.40,896,8.025,-0.408,0.294
0.40,897,-3.109,7.644,0.437
0.40,898,-0.301,-4.677,-5.369
0.40,899,-4.335,1.647,-0.029
0.40,900,-8.241,0.122,0.422
0.40,901,3.359,7.474,0.275
0.40,902,-0.061,-5.208,5.254
0.40,903,0.339,-8.022,0.301
0.40,904,0.128,8.258,0.271
0.40,905,3.480,-7.373,0.245
0.40,906,7.360,-3.470,0.293
0.40,907,0.626,-7.929,0.272
0.40,908,5.694,-5.192,0.234
0.40,909,3.480,-7.373,0.245
0.40,910,-0.235,-4.517,-6.773
0.40,911,0.042,8.276,0.269
0.40,912,-9.846,5.629,-2.571
0.40,913,2.015,5.275,5.672
0.40,914,0.452,-0.293,-10.624
0.40,915,-5.389,-5.792,0.505
0.40,916,-5.730,5.238,0.248
0.40,917,5.741,-5.119,0.231
0.40,918,0.363,-8.013,0.298
0.40,919,8.093,3.083,0.300
0.40,920,7.372,3.200,0.314
0.40,921,5.540,-5.409,0.251
0.40,922,8.489,-5.297,6.524
0.40,923,-0.103,7.894,9.307
0.40,924,0.376,-8.011,0.296
0.40,925,3.359,7.474,0.275
0.40,926,3.591,7.314,0.288
0.40,927,4.939,5.772,0.236
0.40,928,-7.077,-3.597,0.290
0.40,929,8.025,-0.408,0.294
0.40,930,4.800,-6.289,0.266
0.40,931,5.584,-5.347,0.247
0.40,932,5.877,5.191,0.265
0.40,933,7.349,-3.482,0.291
0.40,934,-5.435,3.392,9.239
0.40,935,-0.222,-8.571,0.339
0.40,936,-7.555,3.121,0.418
0.40,937,-5.412,-5.774,0.511
0.40,938,0.600,-0.347,-11.044
0.40,939,8.026,-3.902,-4.581
0.40,940,1.633,3.000,-4.831
0.40,941,5.358,5.652,0.264
0.40,942,-0.295,-0.419,-0.999
0.40,943,0.355,-8.017,0.299
0.40,944,-5.726,5.247,0.248
0.40,945,10.701,-8.605,-7.689
0.40,946,7.937,7.569,5.708
0.40,947,-7.556,3.120,0.418
0.40,948,-0.301,-4.596,-4.462
0.40,949,-3.091,7.637,0.456
0.40,950,0.343,-8.020,0.301
0.40,951,8.004,-0.467,0.297
0.40,952,6.803,9.034,0.660
0.40,953,3.359,7.474,0.275
0.40,954,8.024,-0.415,0.294
0.40,955,-8.269,0.037,0.442
0.40,956,0.151,-8.113,0.300
0.40,957,4.715,3.212,2.929
0.40,958,-3.223,7.807,0.513
0.40,959,-5.434,-5.628,0.625
0.40,960,-5.789,5.096,0.248
0.40,961,3.555,3.805,2.777
0.40,962,3.359,7.474,0.275
0.40,963,5.669,-5.227,0.236
0.40,964,-7.552,3.130,0.418
0.40,965,5.167,5.597,0.231
0.40,966,8.025,-0.408,0.294
0.40,967,-3.109,7.644,0.436
0.40,968,3.480,-7.373,0.245
0.40,969,0.324,-0.236,-6.331
0.40,970,8.026,-0.407,0.294
0.40,971,-5.681,0.582,2.021
0.40,972,7.610,-0.540,0.532
0.40,973,-5.745,5.214,0.248
0.40,974,7.351,-3.480,0.291
0.40,975,3.663,2.906,-4.873
0.40,976,0.347,-4.445,1.517
0.40,977,-8.234,0.141,0.419
0.40,978,-0.831,-5.226,-9.696
0.40,979,-8.264,0.053,0.437
0.40,980,-2.817,-7.530,0.333
0.40,981,-0.321,-4.521,-4.891
0.40,982,-5.336,-5.834,0.491
0.40,983,5.501,-5.463,0.253
0.40,984,0.229,0.185,4.562
0.40,985,-5.727,5.245,0.248
0.40,986,5.625,-7.009,-10.304
0.40,987,-5.369,-5.807,0.502
0.40,988,6.726,3.330,4.365
0.40,989,10.300,-6.527,-1.090
0.40,990,-5.371,-5.803,0.507
0.40,991,-5.733,5.233,0.248
0.40,992,-7.176,-3.433,0.268
0.40,993,3.358,7.474,0.275
0.40,994,-8.974,-5.626,7.111
0.40,995,5.366,5.647,0.264
0.40,996,-8.243,0.118,0.422
0.40,997,0.261,8.296,0.286
0.40,998,0.051,-8.238,0.288
0.40,999,5.494,5.633,0.277
0.40,1000,-3.843,1.956,-5.012
0.40,1001,5.342,5.669,0.264
0.40,1002,7.117,-6.580,6.540
0.40,1003,-0.312,-4.548,-5.946
0.40,1004,7.367,3.206,0.312
0.40,1005,-0.285,-4.554,-5.902
0.40,1006,-5.732,5.532,0.273
0.40,1007,-5.351,-5.822,0.496
0.40,1008,-9.215,4.859,0.166
0.40,1009,-3.877,2.232,-10.179
0.40,1010,-0.879,6.808,0.879
0.40,1011,9.224,-5.408,1.779
0.40,1012,8.025,-0.408,0.294
0.40,1013,0.380,7.714,0.492
0.40,1014,8.009,-0.434,0.298
0.40,1015,3.358,7.474,0.275
0.40,1016,-5.259,-5.890,0.474
0.40,1017,-4.026,8.649,1.673
0.40,1018,-2.371,7.765,0.458
0.40,1019,-0.958,-9.064,5.226
0.40,1020,8.025,-0.408,0.294
0.40,1021,-0.291,0.235,4.541
0.40,1022,8.025,-0.408,0.294
0.40,1023,-8.268,0.041,0.441
0.40,1024,5.324,5.686,0.264
0.40,1025,5.355,5.653,0.264
0.40,1026,-9.262,-2.312,-5.203
0.40,1027,-5.819,5.367,0.299
0.40,1028,7.394,-3.432,0.300
0.40,1029,-5.306,-5.856,0.484
0.40,1030,-8.268,0.043,0.440
0.40,1031,-7.880,3.563,0.312
0.40,1032,-8.973,-5.902,5.389
0.40,1033,-0.150,-4.904,-4.074
0.40,1034,7.368,3.205,0.312
0.40,1035,-5.740,5.220,0.248
0.40,1036,0.245,-0.256,-10.066
0.40,1037,5.798,5.457,0.307
0.40,1038,2.055,4.417,8.483
0.40,1039,-8.091,0.362,0.431
0.40,1040,0.677,-5.544,-0.335
0.40,1041,-5.338,-5.832,0.492
0.40,1042,3.359,7.474,0.275
0.40,1043,7.311,-3.526,0.284
0.40,1044,8.009,-0.439,0.297
0.40,1045,3.479,-7.373,0.245
0.40,1046,0.452,-7.990,0.287
0.40,1047,1.685,-1.698,-3.799
0.40,1048,-0.258,-0.695,-1.477
0.40,1049,3.359,7.474,0.275
0.40,1050,-3.605,-5.530,4.435
0.40,1051,0.058,8.274,0.269
0.40,1052,0.325,-0.264,-10.089
0.40,1053,-5.759,5.477,0.294
0.40,1054,7.369,3.204,0.313
0.40,1055,8.025,-0.408,0.294
0.40,1056,-0.949,-0.809,9.351
0.40,1057,0.320,-8.027,0.304
0.40,1058,8.022,-0.425,0.294
0.40,1059,0.499,-6.043,-2.160
0.40,1060,8.293,4.058,0.700
0.40,1061,-7.554,3.124,0.418
0.40,1062,5.429,5.585,0.265
0.40,1063,5.519,-5.438,0.252
0.40,1064,-0.307,-4.588,-5.882
0.40,1065,5.379,5.634,0.264
0.40,1066,-7.554,3.126,0.418
0.40,1067,0.710,3.088,0.534
0.40,1068,0.322,-8.026,0.303
0.40,1069,0.872,-4.411,3.802
0.40,1070,5.338,5.672,0.264
0.40,1071,-2.948,-5.850,4.578
0.40,1072,0.440,-7.994,0.288
0.40,1073,-8.266,0.048,0.439
0.40,1074,3.359,7.474,0.275
0.40,1075,7.370,3.201,0.313
0.40,1076,-1.756,0.267,0.705
0.40,1077,0.335,-8.023,0.302
0.40,1078,5.441,-5.539,0.257
0.40,1079,5.312,-5.744,0.260
0.40,1080,-9.849,5.733,-1.429
0.40,1081,8.947,7.196,7.036
0.40,1082,-5.323,-5.844,0.488
0.40,1083,-4.181,2.491,-7.127
0.40,1084,0.106,8.264,0.270
0.40,1085,3.359,7.474,0.275
0.40,1086,1.179,2.701,-5.546
0.40,1087,0.677,-0.831,-4.474
0.40,1088,-6.392,-4.607,0.517
0.40,1089,-6.839,-7.192,1.748
0.40,1090,-11.096,-6.541,0.220
0.40,1091,5.307,5.701,0.264
0.40,1092,-0.244,-4.600,-4.475
0.40,1093,-9.734,6.348,5.567
0.40,1094,4.750,6.195,0.287
0.40,1095,-5.730,5.239,0.248
0.40,1096,3.600,-7.348,0.242
0.40,1097,0.243,-0.250,-10.319
0.40,1098,0.390,-8.008,0.295
0.40,1099,0.780,-4.684,1.096
0.40,1100,7.376,3.193,0.315
0.40,1101,6.890,-0.920,1.098
0.40,1102,0.316,-8.028,0.304
0.40,1103,3.480,-7.373,0.245
0.40,1104,5.676,-5.185,0.240
0.40,1105,-3.434,-9.204,1.344
0.40,1106,-4.288,9.703,7.484
0.40,1107,0.106,8.264,0.270
0.40,1108,-0.100,0.072,0.713
0.40,1109,-8.061,0.412,0.428
0.40,1110,-3.109,7.644,0.436
0.40,1111,7.347,-3.484,0.291
0.40,1112,3.366,7.468,0.276
0.40,1113,4.346,-4.005,4.128
0.40,1114,-0.315,-0.488,-1.142
0.40,1115,0.429,-7.997,0.290
0.40,1116,0.270,-0.186,-7.718
0.40,1117,4.930,6.042,0.281
0.40,1118,5.296,5.712,0.264
0.40,1119,5.544,5.444,0.264
0.40,1120,-5.701,5.321,0.250
0.40,1121,5.471,-5.505,0.255
0.40,1122,0.865,-5.619,-0.379
0.40,1123,-8.160,0.247,0.435
0.40,1124,0.106,8.264,0.270
0.40,1125,1.214,-0.305,-4.500
0.40,1126,7.843,3.511,9.675
0.40,1127,-8.162,0.236,0.441
0.40,1128,-5.568,4.924,4.801
0.40,1129,7.750,-3.469,-0.211
0.40,1130,-7.555,3.121,0.418
0.40,1131,7.346,-3.486,0.291
0.40,1132,0.106,8.264,0.270
0.40,1133,0.943,-4.175,-3.848
0.40,1134,-5.692,5.321,0.251
0.40,1135,5.551,6.419,6.348
0.40,1136,7.366,3.207,0.312
0.40,1137,7.923,8.851,1.716
0.40,1138,-5.730,5.238,0.248
0.40,1139,3.359,7.474,0.275
0.40,1140,-5.328,-5.840,0.489
0.40,1141,-7.539,3.175,0.422
0.40,1142,0.106,8.264,0.270
0.40,1143,0.525,-0.298,-10.472
0.40,1144,0.106,8.264,0.270
0.40,1145,-3.109,7.644,0.436
0.40,1146,-5.325,-5.842,0.488
0.40,1147,-5.336,-5.833,0.491
0.40,1148,5.506,5.503,0.261
0.40,1149,0.698,-9.889,2.048
0.40,1150,-7.619,2.639,0.329
0.40,1151,0.106,8.264,0.270
0.40,1152,5.531,-5.421,0.252
0.40,1153,-3.566,2.037,-4.421
0.40,1154,-7.221,-3.360,0.262
0.40,1155,4.384,-3.759,2.014
0.40,1156,0.107,8.264,0.270
0.40,1157,-7.948,8.208,7.143
0.40,1158,-5.851,0.618,1.977
0.40,1159,5.657,5.356,0.251
0.40,1160,-7.222,-3.358,0.262
0.40,1161,-3.577,-7.042,0.333
0.40,1162,5.366,-5.663,0.259
0.40,1163,4.869,5.226,-0.329
0.40,1164,5.227,5.774,0.266
0.40,1165,-5.727,5.253,0.248
0.40,1166,-2.943,-4.702,4.892
0.40,1167,-0.254,5.506,2.232
0.40,1168,-5.364,-5.811,0.500
0.40,1169,3.359,7.474,0.275
0.40,1170,5.600,-5.327,0.244
0.40,1171,7.384,3.184,0.318
0.40,1172,-5.286,-5.871,0.479
0.40,1173,4.819,6.736,7.702
0.40,1174,4.887,-10.970,3.164
0.40,1175,-4.080,2.153,-6.402
0.40,1176,-8.233,0.148,0.416
0.40,1177,-5.672,-5.784,0.524
0.40,1178,-5.333,-5.836,0.490
0.40,1179,-5.808,5.072,0.248
0.40,1180,0.104,8.265,0.270
0.40,1181,2.752,4.924,0.797
0.40,1182,-6.044,4.953,0.346
0.40,1183,-3.109,7.644,0.436
0.40,1184,-7.221,-3.360,0.262
0.40,1185,6.371,6.097,0.570
0.40,1186,0.106,8.264,0.270
0.40,1187,3.355,7.477,0.274
0.40,1188,10.953,-6.755,-5.485
0.40,1189,-5.735,5.237,0.249
0.40,1190,0.573,-0.340,-10.874
0.40,1191,7.370,3.202,0.313
0.40,1192,0.317,-8.028,0.304
0.40,1193,7.369,-3.459,0.295
0.40,1194,-9.726,4.776,2.286
0.40,1195,4.518,-10.366,4.797
0.40,1196,-0.340,-0.168,-0.361
0.40,1197,5.593,-5.056,0.279
0.40,1198,-5.729,5.241,0.248
0.40,1199,5.266,5.738,0.265
0.40,1200,0.373,-8.166,0.354
0.40,1201,-2.736,1.196,-4.993
0.40,1202,-5.513,4.032,0.593
0.40,1203,-3.109,7.644,0.436
0.40,1204,-0.956,-0.259,7.810
0.40,1205,-0.359,0.169,1.046
0.40,1206,-2.817,-7.526,0.337
0.40,1207,5.354,5.657,0.264
0.40,1208,0.075,8.270,0.270
0.40,1209,7.347,-3.484,0.291
0.40,1210,8.948,-7.345,3.001
0.40,1211,7.200,-3.650,0.267
0.40,1212,-7.977,0.387,0.468
0.40,1213,-8.228,0.158,0.416
0.40,1214,0.623,-0.751,-4.685
0.40,1215,-5.371,-5.805,0.502
0.40,1216,0.064,8.275,0.269
0.40,1217,-8.258,0.070,0.434
0.40,1218,5.291,5.716,0.264
0.40,1219,0.341,-8.068,0.304
0.40,1220,10.718,-6.244,-4.702
0.40,1221,-7.087,-3.634,0.315
0.40,1222,0.603,-0.679,-4.827
0.40,1223,-5.894,0.403,2.047
0.40,1224,0.997,3.797,-0.413
0.40,1225,-5.490,-5.727,0.547
0.40,1226,3.480,-7.373,0.245
0.40,1227,5.305,5.703,0.264
0.40,1228,5.436,-5.556,0.258
0.40,1229,-7.556,3.118,0.418
0.40,1230,-0.621,-1.737,8.611
0.40,1231,0.729,-1.012,-4.033
0.40,1232,-8.129,0.268,0.446
0.40,1233,5.356,4.757,0.399
0.40,1234,9.887,-5.108,-4.260
0.40,1235,5.001,-3.624,1.661
0.40,1236,5.834,-4.919,0.234
0.40,1237,-8.270,0.035,0.443
0.40,1238,-0.323,-0.423,-1.002
0.40,1239,-5.742,5.217,0.248
0.40,1240,-0.431,0.114,3.328
0.40,1241,7.355,-3.476,0.292
0.40,1242,-5.330,-5.838,0.490
0.40,1243,-5.359,-5.816,0.498
0.40,1244,7.378,3.190,0.316
0.40,1245,3.359,7.474,0.275
0.40,1246,0.585,-7.946,0.274
0.40,1247,-7.272,-3.278,0.258
0.40,1248,-0.129,-4.647,-3.912
0.40,1249,-0.205,8.222,0.274
0.40,1250,-3.109,7.644,0.436
0.40,1251,3.890,2.820,-5.949
0.40,1252,-2.528,7.800,0.521
0.40,1253,0.765,-4.500,3.477
0.40,1254,0.109,8.263,0.270
0.40,1255,1.341,-5.687,-0.344
0.40,1256,-10.275,-5.495,3.267
0.40,1257,-7.409,-3.039,0.260
0.40,1258,-0.235,-5.668,9.445
0.40,1259,6.738,-4.599,0.198
0.40,1260,-6.404,-6.226,0.345
0.40,1261,0.430,-7.996,0.290
0.40,1262,-5.293,-5.866,0.481
0.40,1263,-7.552,3.133,0.417
0.40,1264,8.025,-0.408,0.294
0.40,1265,0.107,8.264,0.270
0.40,1266,5.605,5.836,9.468
0.40,1267,5.343,5.668,0.264
0.40,1268,4.092,6.714,0.272
0.40,1269,-3.109,7.644,0.436
0.40,1270,5.460,-5.520,0.256
0.40,1271,3.359,7.474,0.275
0.40,1272,-5.115,-2.860,4.982
0.40,1273,-3.961,1.911,-10.820
0.40,1274,-3.116,7.641,0.432
0.40,1275,-5.729,5.241,0.248
0.40,1276,6.391,-1.205,1.481
0.40,1277,-8.196,0.218,0.418
0.40,1278,-5.535,-5.711,0.582
0.40,1279,4.681,-11.051,2.350
0.40,1280,6.223,8.620,-7.026
0.40,1281,-0.123,4.427,6.008
0.40,1282,1.685,-7.407,4.350
0.40,1283,7.499,3.155,0.315
0.40,1284,-8.018,3.714,0.409
0.40,1285,-10.155,5.592,-10.612
0.40,1286,-5.448,-5.724,0.557
0.40,1287,-5.728,5.243,0.248
0.40,1288,-7.653,0.490,0.567
0.40,1289,-3.109,7.644,0.436
0.40,1290,2.604,7.929,6.006
0.40,1291,5.431,-5.564,0.259
0.40,1292,0.260,-0.192,-7.674
0.40,1293,5.298,5.710,0.264
0.40,1294,7.555,-7.236,1.900
0.40,1295,5.363,-5.668,0.259
0.40,1296,0.963,-6.760,-0.937
0.40,1297,-0.377,0.148,1.207
0.40,1298,-0.349,-0.136,-0.267
0.40,1299,4.667,-11.028,3.599
0.40,1300,5.381,5.632,0.264
0.40,1301,-7.531,3.170,0.427
0.40,1302,3.359,7.474,0.275
0.40,1303,0.433,-8.017,0.299
0.40,1304,1.458,8.229,0.430
0.40,1305,5.401,5.613,0.265
0.40,1306,-0.652,0.148,1.726
0.40,1307,-8.270,0.036,0.442
0.40,1308,-7.602,3.531,0.548
0.40,1309,5.324,5.686,0.264
0.40,1310,-5.729,5.241,0.248
0.40,1311,-5.727,5.246,0.248
0.40,1312,5.514,-5.444,0.253
0.40,1313,5.490,-5.478,0.254
0.40,1314,-9.400,-2.806,8.735
0.40,1315,-0.832,-5.815,-10.567
0.40,1316,-3.109,7.644,0.436
0.40,1317,0.312,-8.029,0.305
0.40,1318,-3.109,7.644,0.436
0.40,1319,-7.555,3.121,0.418
0.40,1320,8.025,-0.410,0.294
0.40,1321,9.015,-7.178,3.881
0.40,1322,-3.678,2.127,-3.440
0.40,1323,-2.729,0.858,-3.109
0.40,1324,-5.322,-5.844,0.487
0.40,1325,8.103,3.720,0.463
0.40,1326,-7.657,3.341,0.352
0.40,1327,6.457,8.437,-3.377
0.40,1328,5.220,-5.871,0.264
0.40,1329,5.548,-5.398,0.251
0.40,1330,0.320,-8.027,0.304
0.40,1331,-7.555,3.121,0.418
0.40,1332,0.009,8.271,0.270
0.40,1333,-8.158,0.304,0.411
0.40,1334,5.514,-5.445,0.253
0.40,1335,0.246,-3.834,-4.347
0.40,1336,7.133,3.534,0.272
0.40,1337,5.470,-5.506,0.255
0.40,1338,0.306,-8.031,0.305
0.40,1339,5.356,5.643,0.263
0.40,1340,-5.443,-5.741,0.532
0.40,1341,8.025,-0.408,0.294
0.40,1342,0.488,-7.979,0.283
0.40,1343,8.012,-0.440,0.296
0.40,1344,-6.671,4.357,8.415
0.40,1345,8.183,-9.103,-5.416
0.40,1346,0.205,-0.926,-2.362
0.40,1347,-5.354,-5.819,0.497
0.40,1348,-7.634,2.550,0.314
0.40,1349,8.025,-0.408,0.294
0.40,1350,-0.581,0.111,2.126
0.40,1351,7.346,-3.486,0.290
0.40,1352,8.025,-0.409,0.294
0.40,1353,5.031,5.544,0.176
0.40,1354,0.307,-8.031,0.305
0.40,1355,8.024,-0.413,0.294
0.40,1356,8.025,-0.408,0.294
0.40,1357,0.170,8.112,0.416
0.40,1358,-5.329,-5.839,0.489
0.40,1359,-8.243,0.105,0.430
0.40,1360,0.746,-0.405,-11.068
0.40,1361,4.810,-4.644,5.058
0.40,1362,7.444,3.077,0.326
0.40,1363,3.359,7.474,0.275
0.40,1364,3.359,7.474,0.275
0.40,1365,5.611,3.269,5.997
0.40,1366,-6.141,-6.265,0.219
0.40,1367,0.876,-5.521,-0.571
0.40,1368,-7.555,3.121,0.418
0.40,1369,-8.264,0.055,0.437
0.40,1370,-5.431,-5.752,0.526
0.40,1371,-10.020,5.248,-4.101
0.40,1372,0.104,8.265,0.270
0.40,1373,5.619,-6.309,0.297
0.40,1374,5.433,-5.560,0.258
0.40,1375,-10.318,5.393,-9.663
0.40,1376,-0.118,-7.158,7.766
0.40,1377,4.933,5.383,0.197
0.40,1378,7.371,3.200,0.313
0.40,1379,5.556,-5.387,0.250
0.40,1380,-7.555,3.121,0.418
0.40,1381,-5.731,5.238,0.248
0.40,1382,7.365,3.209,0.311
0.40,1383,0.223,-1.187,-2.478
0.40,1384,0.340,-8.021,0.301
0.40,1385,-3.110,7.648,0.435
0.40,1386,5.955,5.029,0.242
0.40,1387,-4.592,7.993,1.592
0.40,1388,2.356,7.906,0.353
0.40,1389,-7.550,3.135,0.419
0.40,1390,-3.109,7.644,0.436
0.40,1391,0.456,-7.989,0.286
0.40,1392,9.171,-10.234,-6.524
0.40,1393,0.490,-0.335,-10.932
0.40,1394,5.416,-5.587,0.259
0.40,1395,0.315,-8.028,0.304
0.40,1396,-9.939,5.312,1.286
0.40,1397,0.476,-4.340,3.107
0.40,1398,5.406,-5.603,0.259
0.40,1399,0.134,8.256,0.271
0.40,1400,0.313,-8.029,0.305
0.40,1401,5.899,7.507,8.389
0.40,1402,0.185,-0.309,-8.935
0.40,1403,-0.870,10.118,7.078
0.40,1404,7.366,-3.463,0.295
0.40,1405,8.025,-0.408,0.294
0.40,1406,-4.580,-6.434,0.436
0.40,1407,-3.512,-7.088,0.328
0.40,1408,9.464,-6.959,0.709
0.40,1409,-8.260,0.067,0.434
0.40,1410,-8.694,-6.659,8.342
0.40,1411,2.401,0.299,9.191
0.40,1412,-5.729,5.241,0.248
0.40,1413,-4.117,1.563,-0.930
0.40,1414,8.025,-0.408,0.294
0.40,1415,-5.187,-5.937,0.464
0.40,1416,0.569,-0.369,-11.073
0.40,1417,-7.555,3.121,0.418
0.40,1418,-5.659,-5.525,0.597
0.40,1419,7.177,3.436,0.272
0.40,1420,-5.332,-5.837,0.490
0.40,1421,7.375,-3.452,0.297
0.40,1422,-3.089,-7.371,0.329
0.40,1423,-3.155,7.645,0.425
0.40,1424,-0.100,-5.584,8.540
0.40,1425,-3.967,2.903,-3.276
0.40,1426,-7.212,-3.374,0.263
0.40,1427,3.936,-2.778,5.033
0.40,1428,6.404,8.744,-4.306
0.40,1429,5.486,-5.483,0.254
0.40,1430,9.754,-5.899,0.133
0.40,1431,4.909,6.040,0.277
0.40,1432,9.375,-7.077,0.528
0.40,1433,-5.338,-5.832,0.491
0.40,1434,-7.555,3.121,0.418
0.40,1435,-3.109,7.644,0.436
0.40,1436,6.237,-6.082,8.802
0.40,1437,-7.554,3.125,0.418
0.40,1438,-4.910,5.954,0.283
0.40,1439,-7.616,2.702,0.337
0.40,1440,-5.730,5.238,0.248
0.40,1441,5.412,-5.593,0.259
0.40,1442,5.504,-5.459,0.253
0.40,1443,5.449,-5.538,0.257
0.40,1444,-8.233,0.115,0.436
0.40,1445,5.632,-5.065,0.267
0.40,1446,-5.730,5.238,0.248
0.40,1447,-7.167,0.466,0.744
0.40,1448,-0.125,-0.131,-0.398
0.40,1449,0.393,-1.239,-2.740
0.40,1450,-3.725,-6.938,0.347
0.40,1451,5.598,-5.329,0.245
0.40,1452,8.547,5.729,3.809
0.40,1453,3.481,-7.373,0.245
0.40,1454,-5.455,-5.314,0.869
0.40,1455,-5.338,-5.832,0.491
0.40,1456,-5.366,-5.810,0.500
0.40,1457,-3.109,7.644,0.436
0.40,1458,0.106,8.264,0.270
0.40,1459,5.386,5.627,0.264
0.40,1460,0.544,-6.197,-1.943
0.40,1461,-4.362,2.437,-6.201
0.40,1462,7.214,3.397,0.288
0.40,1463,-5.721,5.260,0.248
0.40,1464,-3.281,-7.250,0.322
0.40,1465,0.215,-1.214,-2.531
0.40,1466,-8.713,-1.336,0.748
0.40,1467,-0.058,-0.186,-8.100
0.40,1468,-5.340,-5.830,0.492
0.40,1469,0.232,-8.142,0.303
0.40,1470,-0.462,0.115,3.253
0.40,1471,-10.789,-8.487,-6.532
0.40,1472,0.824,1.326,6.829
0.40,1473,-10.207,4.697,-8.528
0.40,1474,-0.309,-4.558,-5.981
0.40,1475,-4.223,2.627,-7.320
0.40,1476,8.025,-0.408,0.294
0.40,1477,5.518,-5.438,0.252
0.40,1478,7.349,3.231,0.307
0.40,1479,-7.558,3.115,0.417
0.40,1480,-7.554,3.124,0.418
0.40,1481,5.276,5.729,0.265
0.40,1482,-5.723,5.254,0.248
0.40,1483,-1.458,0.300,6.181
0.40,1484,3.407,4.592,0.769
0.40,1485,1.320,9.648,1.491
0.40,1486,-7.555,3.121,0.418
0.40,1487,5.648,-5.258,0.239
0.40,1488,4.282,-5.398,9.611
0.40,1489,0.981,-4.518,1.965
0.40,1490,-6.519,0.430,9.323
0.40,1491,0.200,-0.288,-9.598
0.40,1492,0.738,-1.119,-3.654
0.40,1493,6.964,9.119,0.938
0.40,1494,-5.300,-5.861,0.482
0.40,1495,-7.006,9.112,8.016
0.40,1496,-7.555,3.121,0.418
0.40,1497,-5.731,5.238,0.248
0.40,1498,-7.506,3.121,0.430
0.40,1499,-5.731,5.238,0.248
0.40,1500,7.714,9.023,2.159
0.40,1501,-5.732,5.236,0.248
0.40,1502,-10.285,5.034,-8.931
0.40,1503,-0.125,-0.698,-1.511
0.40,1504,0.271,-0.182,-7.637
0.40,1505,-7.014,-8.235,6.839
0.40,1506,7.349,-3.482,0.291
0.40,1507,8.071,5.899,1.481
0.40,1508,3.479,-7.373,0.245
0.40,1509,-6.998,-3.722,0.311
0.40,1510,-5.718,0.221,2.455
0.40,1511,5.019,5.960,0.276
0.40,1512,7.350,-3.481,0.291
0.40,1513,-7.551,3.131,0.420
0.40,1514,4.255,-8.993,-4.503
0.40,1515,0.069,8.269,0.271
0.40,1516,-1.469,-9.297,9.046
0.40,1517,5.313,5.695,0.264
0.40,1518,-0.368,-0.273,-0.642
0.40,1519,3.513,2.905,-8.911
0.40,1520,8.025,-0.408,0.294
0.40,1521,10.580,-6.443,-2.578
0.40,1522,11.045,-6.848,-6.766
0.40,1523,-3.951,1.978,-5.321
0.40,1524,0.567,-1.245,-3.112
0.40,1525,-3.115,7.642,0.433
0.40,1526,3.383,4.049,2.634
0.40,1527,7.373,3.198,0.314
0.40,1528,-0.313,-0.389,-0.935
0.40,1529,7.370,3.201,0.313
0.40,1530,-8.270,0.035,0.443
0.40,1531,7.371,3.200,0.314
0.40,1532,-5.730,5.239,0.248
0.40,1533,-8.238,0.092,0.444
0.40,1534,-7.555,3.121,0.418
0.40,1535,0.559,-1.265,-3.514
0.40,1536,0.283,-0.176,-7.672
0.40,1537,0.881,-5.079,0.745
0.40,1538,0.175,-0.302,-9.070
0.40,1539,4.434,-3.966,1.460
0.40,1540,-3.109,7.644,0.436
0.40,1541,8.777,0.308,0.033
0.40,1542,9.589,-8.676,-4.181
0.40,1543,5.467,5.651,0.269
0.40,1544,7.371,3.200,0.313
0.40,1545,-4.027,-5.922,1.021
0.40,1546,-5.730,5.239,0.248
0.40,1547,-10.006,5.020,2.229
0.40,1548,7.371,3.200,0.313
0.40,1549,0.290,-0.195,-6.749
0.40,1550,0.560,-0.010,-7.073
0.40,1551,5.322,5.687,0.264
0.40,1552,-5.682,5.439,0.258
0.40,1553,-3.142,7.789,1.189
0.40,1554,-5.731,5.238,0.248
0.40,1555,-5.705,5.365,0.251
0.40,1556,-7.555,3.121,0.418
0.40,1557,-3.109,7.644,0.436
0.40,1558,-5.342,-5.829,0.493
0.40,1559,1.213,-7.184,0.291
0.40,1560,-2.942,-7.434,0.806
0.40,1561,-0.427,0.088,2.949
0.40,1562,3.359,7.474,0.275
0.40,1563,1.374,3.067,-3.675
0.40,1564,10.908,-7.503,-7.652
0.40,1565,-6.346,0.558,9.648
0.40,1566,-8.276,0.007,0.453
0.40,1567,-3.109,7.644,0.436
0.40,1568,7.499,-0.591,0.609
0.40,1569,-7.232,0.598,0.696
0.40,1570,3.359,7.474,0.275
0.40,1571,2.687,4.465,1.941
0.40,1572,-7.555,3.123,0.418
0.40,1573,5.370,5.642,0.264
0.40,1574,7.411,9.671,2.548
0.40,1575,-3.681,9.042,2.537
0.40,1576,2.623,3.769,0.888
0.40,1577,-5.861,5.387,4.089
0.40,1578,-5.730,5.238,0.248
0.40,1579,-5.315,-5.849,0.486
0.40,1580,-0.094,-8.198,0.313
0.40,1581,-3.597,-7.028,0.335
0.40,1582,-5.227,-5.833,0.791
0.40,1583,-5.714,5.281,0.249
0.40,1584,5.342,-5.703,0.260
0.40,1585,-4.321,0.855,5.682
0.40,1586,-7.250,-3.312,0.259
0.40,1587,7.351,-3.481,0.291
0.40,1588,4.422,-3.797,1.898
0.40,1589,-8.253,0.089,0.428
0.40,1590,-3.221,-7.474,9.352
0.40,1591,-0.372,-0.244,-0.570
0.40,1592,-5.436,-5.748,0.534
0.40,1593,-3.109,7.644,0.436
0.40,1594,-3.531,-7.074,0.330
0.40,1595,5.691,-5.183,0.236
0.40,1596,1.021,-6.612,-0.142
0.40,1597,0.861,-4.682,4.638
0.40,1598,0.464,-7.987,0.286
0.40,1599,0.106,8.264,0.270
0.40,1600,3.480,-7.373,0.245
0.40,1601,-10.224,4.872,-6.671
0.40,1602,-2.424,-0.320,-11.147
0.40,1603,-0.862,-5.343,-9.859
0.40,1604,5.681,-0.266,7.922
0.40,1605,5.318,5.691,0.264
0.40,1606,7.376,3.194,0.315
0.40,1607,-10.471,5.404,4.557
0.40,1608,7.349,-3.483,0.291
0.40,1609,-5.718,5.302,0.248
0.40,1610,8.625,-9.998,1.526
0.40,1611,-7.556,3.119,0.418
0.40,1612,5.582,-4.940,0.306
0.40,1613,8.020,-0.438,0.294
0.40,1614,-0.281,8.208,0.274
0.40,1615,-3.617,-7.014,0.337
0.40,1616,-5.567,-5.802,0.587
0.40,1617,-5.725,5.255,0.248
0.40,1618,6.761,5.575,8.101
0.40,1619,3.479,-7.373,0.245
0.40,1620,5.507,-5.454,0.253
0.40,1621,0.105,8.264,0.270
0.40,1622,-4.756,9.421,7.420
0.40,1623,-5.346,-5.825,0.494
0.40,1624,3.497,-7.370,0.244
0.40,1625,5.322,5.408,0.290
0.40,1626,5.741,5.268,0.247
0.40,1627,1.060,-5.109,0.889
0.40,1628,0.333,-1.258,-2.734
0.40,1629,8.025,-0.408,0.294
0.40,1630,0.179,-0.311,-9.124
0.40,1631,0.035,8.258,0.279
0.40,1632,7.331,-3.504,0.287
0.40,1633,5.595,-5.333,0.245
0.40,1634,-5.687,-1.361,3.726
0.40,1635,0.177,-0.311,-9.014
0.40,1636,-3.162,0.084,8.718
0.40,1637,-3.840,5.560,9.302
0.40,1638,-0.295,-0.369,-0.879
0.40,1639,5.273,5.732,0.265
0.40,1640,0.857,-7.873,0.392
0.40,1641,-2.262,1.098,-8.212
0.40,1642,-7.555,3.121,0.418
0.40,1643,-8.275,0.017,0.449
0.40,1644,8.024,-0.411,0.294
0.40,1645,-8.269,0.036,0.444
0.40,1646,7.373,3.198,0.314
0.40,1647,5.789,-4.945,0.245
0.40,1648,-2.221,0.212,-1.567
0.40,1649,5.337,5.673,0.264
0.40,1650,0.316,-8.028,0.304
0.40,1651,0.526,2.666,-2.555
0.40,1652,-7.495,-7.396,7.407
0.40,1653,-3.109,7.644,0.436
0.40,1654,7.588,1.119,0.329
0.40,1655,-6.223,4.907,0.449
0.40,1656,-8.268,0.041,0.441
0.40,1657,-3.109,7.644,0.436
0.40,1658,7.124,3.569,0.275
0.40,1659,5.551,-5.393,0.251
0.40,1660,-0.093,3.691,-7.527
0.40,1661,-3.109,7.644,0.436
0.40,1662,0.317,-8.028,0.304
0.40,1663,-3.348,-6.146,2.357
0.40,1664,3.358,7.474,0.275
0.40,1665,-7.555,3.121,0.418
0.40,1666,-6.994,-6.490,2.000
0.40,1667,10.961,-6.597,-4.807
0.40,1668,-7.289,3.452,0.435
0.40,1669,-10.642,-7.843,-5.739
0.40,1670,1.065,-0.265,-10.252
0.40,1671,5.205,5.794,0.266
0.40,1672,-3.109,7.644,0.436
0.40,1673,5.850,5.169,0.250
0.40,1674,3.359,7.474,0.275
0.40,1675,-0.082,-6.833,9.034
0.40,1676,-5.731,5.236,0.248
0.40,1677,-0.085,-0.179,-9.680
0.40,1678,0.323,-8.026,0.303
0.40,1679,0.314,-8.029,0.304
0.40,1680,5.903,5.059,0.239
0.40,1681,-8.268,0.040,0.441
0.40,1682,-3.109,7.644,0.436
0.40,1683,-11.105,-8.257,-7.162
0.40,1684,5.804,3.334,5.184
0.40,1685,3.359,7.474,0.275
0.40,1686,-5.782,5.588,0.270
0.40,1687,3.481,-7.373,0.245
0.40,1688,0.110,8.263,0.270
0.40,1689,2.004,-0.478,-10.764
0.40,1690,1.211,-6.970,0.356
0.40,1691,0.823,-0.168,8.078
0.40,1692,-7.555,3.121,0.418
0.40,1693,7.329,-3.506,0.287
0.40,1694,-7.106,0.541,0.727
0.40,1695,-5.730,5.239,0.248
0.40,1696,-0.607,-1.355,-3.305
0.40,1697,6.480,8.204,-8.300
0.40,1698,-9.461,5.052,6.099
0.40,1699,8.025,-0.408,0.294
0.40,1700,2.173,-9.370,8.892
0.40,1701,-0.391,-0.067,-0.043
0.40,1702,-3.106,7.643,0.440
0.40,1703,5.297,5.710,0.264
0.40,1704,-5.459,-5.726,0.540
0.40,1705,7.976,7.351,2.691
0.40,1706,0.106,8.264,0.270
0.40,1707,0.021,-8.163,0.304
0.40,1708,0.419,-7.999,0.291
0.40,1709,-5.933,6.795,1.356
0.40,1710,-10.006,5.171,-4.197
0.40,1711,9.393,-5.971,0.963
0.40,1712,-3.734,-6.931,0.348
0.40,1713,8.025,-0.408,0.294
0.40,1714,-5.322,-5.844,0.487
0.40,1715,-1.172,-0.228,7.607
0.40,1716,-5.730,5.240,0.248
0.40,1717,8.025,-0.408,0.294
0.40,1718,-5.409,-5.775,0.512
0.40,1719,-5.730,5.238,0.248
0.40,1720,5.396,5.618,0.265
0.40,1721,-5.731,5.238,0.248
0.40,1722,8.025,-0.407,0.294
0.40,1723,10.290,-6.158,-1.693
0.40,1724,5.517,-5.619,0.245
0.40,1725,-5.312,-5.852,0.485
0.40,1726,-5.727,5.245,0.248
0.40,1727,-5.730,5.240,0.248
0.40,1728,5.680,-5.212,0.235
0.40,1729,-5.324,-5.843,0.488
0.40,1730,-0.088,0.203,4.389
0.40,1731,8.025,-0.408,0.294
0.40,1732,9.963,-6.593,-0.098
0.40,1733,0.624,-7.929,0.272
0.40,1734,7.371,3.201,0.313
0.40,1735,3.479,-7.373,0.245
0.40,1736,8.025,-0.408,0.294
0.40,1737,7.352,-3.479,0.292
0.40,1738,6.540,10.786,1.301
0.40,1739,-7.228,-3.347,0.261
0.40,1740,0.026,0.156,-7.565
0.40,1741,-8.367,-0.343,9.660
0.40,1742,0.405,-8.410,0.535
0.40,1743,0.107,8.264,0.270
0.40,1744,-8.620,4.284,0.112
0.40,1745,6.708,-6.914,8.121
0.40,1746,3.359,7.474,0.275
0.40,1747,-7.551,3.135,0.418
0.40,1748,0.078,8.271,0.270
0.40,1749,-6.421,8.928,9.126
0.40,1750,-5.733,5.234,0.248
0.40,1751,9.656,-3.724,0.900
0.40,1752,0.533,-0.422,-5.363
0.40,1753,0.106,8.264,0.270
0.40,1754,1.060,-6.274,3.184
0.40,1755,0.246,-4.398,3.125
0.40,1756,6.705,9.220,0.586
0.40,1757,-5.734,5.232,0.248
0.40,1758,5.665,-5.232,0.237
0.40,1759,11.013,-6.381,-5.876
0.40,1760,-3.109,7.644,0.436
0.40,1761,0.195,8.192,0.287
0.40,1762,-3.079,-7.458,0.341
0.40,1763,0.167,-0.281,-9.658
0.40,1764,3.501,7.377,0.285
0.40,1765,0.106,8.264,0.270
0.40,1766,-3.095,7.655,0.507
0.40,1767,-7.189,-3.411,0.266
0.40,1768,8.025,-0.408,0.294
0.40,1769,-0.506,0.028,6.868
0.40,1770,5.338,5.673,0.264
0.40,1771,8.706,5.643,2.249
0.40,1772,-5.711,5.300,0.249
0.40,1773,-6.330,6.773,1.414
0.40,1774,-3.409,-7.160,0.323
0.40,1775,-5.808,-5.359,0.616
0.40,1776,3.334,7.491,0.271
0.40,1777,10.799,-6.604,-3.627
0.40,1778,5.573,-5.352,0.249
0.40,1779,-5.332,-5.836,0.490
0.40,1780,-8.271,0.032,0.443
0.40,1781,3.359,7.474,0.275
0.40,1782,3.952,3.010,-8.574
0.40,1783,-5.730,5.238,0.248
0.40,1784,-3.448,-7.133,0.325
0.40,1785,-9.334,4.720,2.311
0.40,1786,-3.109,7.644,0.436
0.40,1787,7.637,-0.622,0.532
0.40,1788,-3.109,7.644,0.436
0.40,1789,0.304,-8.032,0.306
0.40,1790,7.188,-3.704,7.316
0.40,1791,-5.958,0.017,3.466
0.40,1792,-5.352,-5.821,0.496
0.40,1793,-6.895,7.634,7.502
0.40,1794,-3.473,-7.115,0.326
0.40,1795,4.626,-10.824,1.702
0.40,1796,0.082,8.270,0.270
0.40,1797,6.083,-4.006,7.011
0.40,1798,5.494,5.514,0.261
0.40,1799,8.393,-7.642,3.708
0.40,1800,-3.859,-6.833,0.357
0.40,1801,-8.305,3.988,0.538
0.40,1802,-8.208,0.222,0.402
0.40,1803,-5.336,-5.833,0.491
0.40,1804,-5.306,-5.856,0.484
0.40,1805,10.844,-6.442,-4.099
0.40,1806,-3.896,1.838,-10.700
0.40,1807,-0.270,-0.521,-1.197
0.40,1808,-0.855,-5.714,-10.401
0.40,1809,0.784,-4.495,2.632
0.40,1810,-9.974,5.232,1.632
0.40,1811,-7.957,0.948,0.290
0.40,1812,3.347,0.307,2.645
0.40,1813,0.551,-7.168,-9.097
0.40,1814,3.362,2.997,-4.828
0.40,1815,5.783,-0.897,2.988
0.40,1816,5.542,5.465,0.258
0.40,1817,7.977,-0.478,0.307
0.40,1818,7.360,3.215,0.310
0.40,1819,-0.346,-0.369,-0.882
0.40,1820,7.918,-0.479,0.339
0.40,1821,-5.293,-5.866,0.481
0.40,1822,3.480,-7.373,0.245
0.40,1823,-5.361,-5.814,0.498
0.40,1824,0.028,8.276,0.268
0.40,1825,0.391,-8.013,0.297
0.40,1826,-5.335,-5.835,0.491
0.40,1827,8.916,5.410,5.770
0.40,1828,7.536,3.159,0.318
0.40,1829,-0.972,7.137,8.798
0.40,1830,-8.500,4.160,0.839
0.40,1831,0.540,-7.963,0.277
0.40,1832,5.450,-5.535,0.257
0.40,1833,0.563,-0.360,-11.023
0.40,1834,-0.732,-0.901,-1.937
0.40,1835,-0.842,-5.491,-10.212
0.40,1836,5.189,-4.113,0.869
0.40,1837,0.286,-0.170,-7.117
0.40,1838,-5.360,-5.814,0.498
0.40,1839,5.230,5.134,0.352
0.40,1840,-5.311,-5.853,0.485
0.40,1841,3.618,3.372,-9.976
0.40,1842,0.294,-0.159,-7.285
0.40,1843,-5.731,5.238,0.248
0.40,1844,6.211,8.475,-6.344
0.40,1845,9.629,-6.617,-2.740
0.40,1846,0.317,-8.028,0.304
0.40,1847,8.025,-0.408,0.294
0.40,1848,-5.427,5.624,7.399
0.40,1849,-8.256,0.080,0.431
0.40,1850,-5.074,2.961,-0.167
0.40,1851,5.810,9.273,-0.029
0.40,1852,3.988,4.472,0.606
0.40,1853,-5.505,-5.783,0.475
0.40,1854,0.737,2.739,0.939
0.40,1855,8.022,-0.414,0.295
0.40,1856,-4.731,8.518,4.972
0.40,1857,6.854,-4.011,-10.065
0.40,1858,0.763,-1.080,-3.706
0.40,1859,-7.555,3.121,0.418
0.40,1860,3.668,7.480,7.909
0.40,1861,5.391,-5.626,0.258
0.40,1862,5.445,-5.543,0.257
0.40,1863,5.236,5.505,0.237
0.40,1864,0.201,-0.281,-9.680
0.40,1865,-3.108,7.644,0.438
0.40,1866,5.418,-5.584,0.259
0.40,1867,-5.753,5.523,0.246
0.40,1868,-7.555,3.123,0.418
0.40,1869,-3.109,7.644,0.436
0.40,1870,-3.109,7.644,0.436
0.40,1871,0.216,-4.551,6.510
0.40,1872,0.294,-4.589,-2.950
0.40,1873,-3.109,7.644,0.436
0.40,1874,0.521,-1.275,-3.045
0.40,1875,8.025,-0.408,0.294
0.40,1876,7.371,3.200,0.313
0.40,1877,0.764,-0.350,-10.628
0.40,1878,7.371,3.201,0.313
0.40,1879,3.480,-7.373,0.245
0.40,1880,8.025,-0.408,0.294
0.40,1881,5.430,-5.565,0.259
0.40,1882,-5.134,-4.704,1.660
0.40,1883,-8.270,0.035,0.443
0.40,1884,-5.494,-5.707,0.575
0.40,1885,-8.270,0.036,0.443
0.40,1886,-3.109,7.644,0.436
0.40,1887,4.905,-9.867,-1.658
0.40,1888,-0.281,-0.640,-1.383
0.40,1889,7.371,3.201,0.313
0.40,1890,5.455,-5.528,0.257
0.40,1891,2.534,9.096,2.037
0.40,1892,-5.729,5.240,0.248
0.40,1893,-5.730,5.239,0.248
0.40,1894,-8.219,0.204,0.398
0.40,1895,5.275,-5.795,0.261
0.40,1896,-5.290,6.718,9.374
0.40,1897,5.307,5.701,0.264
0.40,1898,6.910,7.377,6.259
0.40,1899,-0.365,0.094,2.979
0.40,1900,6.454,-9.084,7.215
0.40,1901,-0.606,-4.809,-9.127
0.40,1902,-7.665,2.319,0.288
0.40,1903,7.237,3.404,0.290
0.40,1904,0.366,-1.174,-2.568
0.40,1905,-5.314,-5.851,0.485
0.40,1906,1.085,-0.464,-11.010
0.40,1907,0.173,-0.310,-9.157
0.40,1908,10.061,3.280,1.514
0.40,1909,-5.385,-5.794,0.506
0.40,1910,-5.730,5.240,0.248
0.40,1911,-5.531,-5.708,0.543
0.40,1912,0.628,-4.859,0.810
0.40,1913,7.372,3.199,0.314
0.40,1914,5.935,7.799,-10.337
0.40,1915,0.106,8.264,0.270
0.40,1916,-7.221,-3.360,0.262
0.40,1917,0.056,8.261,0.281
0.40,1918,-3.109,7.644,0.436
0.40,1919,-10.970,-5.840,0.920
0.40,1920,7.362,-3.467,0.294
0.40,1921,0.351,-0.267,-10.241
0.40,1922,-3.823,2.677,-8.803
0.40,1923,-3.570,-7.047,0.332
0.40,1924,8.025,-0.408,0.294
0.40,1925,3.359,7.474,0.275
0.40,1926,-7.831,3.531,0.457
0.40,1927,0.456,-7.989,0.286
0.40,1928,0.313,-8.029,0.304
0.40,1929,5.864,5.120,0.238
0.40,1930,-5.713,5.295,0.250
0.40,1931,7.952,-0.422,0.323
0.40,1932,8.849,-4.159,0.464
0.40,1933,0.505,-0.555,-5.156
0.40,1934,7.881,-5.654,5.576
0.40,1935,3.199,4.099,0.846
0.40,1936,3.359,7.474,0.275
0.40,1937,-5.732,5.234,0.248
0.40,1938,-9.810,4.564,-4.853
0.40,1939,-7.555,3.121,0.418
0.40,1940,8.025,-0.408,0.294
0.40,1941,6.630,0.388,8.949
0.40,1942,1.365,-4.145,4.341
0.40,1943,0.200,-8.060,0.313
0.40,1944,5.503,-5.460,0.253
0.40,1945,-7.532,3.198,0.428
0.40,1946,0.507,-7.973,0.281
0.40,1947,5.370,8.372,7.719
0.40,1948,-0.424,2.317,9.327
0.40,1949,-4.878,-5.842,8.068
0.40,1950,-3.117,7.648,0.431
0.40,1951,-7.222,-3.358,0.262
0.40,1952,5.994,7.264,-10.906
0.40,1953,1.306,-8.246,8.906
0.40,1954,9.830,-6.366,0.247
0.40,1955,-6.017,-5.083,0.632
0.40,1956,-7.552,3.138,0.413
0.40,1957,-3.109,7.644,0.436
0.40,1958,-6.142,-4.931,0.616
0.40,1959,6.670,-6.480,4.021
0.40,1960,-5.353,-5.820,0.496
0.40,1961,8.025,-0.408,0.294
0.40,1962,7.371,3.201,0.313
0.40,1963,5.716,-4.776,0.314
0.40,1964,-0.278,-0.473,-1.117
0.40,1965,0.308,-8.030,0.305
0.40,1966,-5.322,-5.844,0.488
0.40,1967,4.428,-9.434,-11.117
0.40,1968,3.359,7.474,0.275
0.40,1969,-7.237,-3.334,0.260
0.40,1970,-8.337,-0.211,0.454
0.40,1971,5.775,-0.870,8.236
0.40,1972,-3.524,-7.079,0.329
0.40,1973,-5.367,-5.809,0.501
0.40,1974,-5.620,5.428,0.257
0.40,1975,-4.163,2.318,-5.371
0.40,1976,-3.109,7.644,0.437
0.40,1977,0.319,-8.027,0.304
0.40,1978,-8.272,0.029,0.445
0.40,1979,-7.215,-3.369,0.262
0.40,1980,-3.983,2.564,-4.689
0.40,1981,1.148,-8.981,7.773
0.40,1982,4.059,-8.935,-8.439
0.40,1983,-5.732,5.236,0.248
0.40,1984,8.285,6.556,4.162
0.40,1985,8.161,5.277,5.762
0.40,1986,-7.223,-3.355,0.261
0.40,1987,4.217,3.733,2.367
0.40,1988,5.318,5.691,0.264
0.40,1989,0.312,-8.029,0.305
0.40,1990,5.308,5.695,0.263
0.40,1991,-5.325,-5.842,0.488
0.40,1992,-0.440,0.418,2.506
0.40,1993,3.359,7.474,0.275
0.40,1994,3.485,-7.372,0.245
0.40,1995,-0.376,0.103,2.331
0.40,1996,2.549,8.476,1.478
0.40,1997,-3.109,7.644,0.436
0.40,1998,-7.555,3.122,0.418
0.40,1999,-5.366,-5.809,0.500
0.40,2000,-3.109,7.644,0.436
0.40,2001,-5.344,-5.827,0.493
0.40,2002,7.235,3.385,0.284
0.40,2003,-3.771,-6.903,0.350
0.40,2004,5.326,5.684,0.264
0.40,2005,-5.263,-5.887,0.475
0.40,2006,-0.025,-8.042,0.340
0.40,2007,0.180,-0.299,-9.404
0.40,2008,10.834,-7.066,-9.378
0.40,2009,0.331,-8.024,0.302
0.40,2010,-4.584,1.316,1.555
0.40,2011,-5.730,5.238,0.248
0.40,2012,0.373,-8.012,0.297
0.40,2013,0.465,-7.986,0.285
0.40,2014,0.312,-8.029,0.305
0.40,2015,-7.224,-3.355,0.261
0.40,2016,-8.220,0.182,0.412
0.40,2017,-5.352,-5.821,0.495
0.40,2018,0.106,8.264,0.270
0.40,2019,-3.109,7.644,0.437
0.40,2020,2.421,0.006,-4.553
0.40,2021,7.376,3.194,0.315
0.40,2022,4.566,-4.027,4.402
0.40,2023,-3.109,7.645,0.436
0.40,2024,-7.555,3.121,0.418
0.40,2025,8.024,-0.412,0.294
0.40,2026,0.317,-8.028,0.304
0.40,2027,-1.108,7.565,0.629
0.40,2028,-3.293,6.276,8.541
0.40,2029,-6.080,-0.494,4.328
0.40,2030,-2.741,-7.537,0.337
0.40,2031,-0.284,0.096,3.255
0.40,2032,-8.269,0.040,0.441
0.40,2033,-0.334,-0.300,-0.706
0.40,2034,-5.726,5.248,0.248
0.40,2035,-7.555,3.121,0.418
0.40,2036,8.025,-0.408,0.294
0.40,2037,2.613,4.659,2.932
0.40,2038,-0.055,-0.243,-9.661
0.40,2039,-8.237,0.132,0.421
0.40,2040,5.433,-5.561,0.258
0.40,2041,-0.226,-0.735,-1.552
0.40,2042,3.359,7.474,0.275
0.40,2043,-5.321,-5.845,0.487
0.40,2044,3.463,-7.376,0.245
0.40,2045,5.462,-5.519,0.256
0.40,2046,-7.289,7.009,7.558
0.40,2047,-5.311,-5.853,0.485
0.40,2048,-3.109,7.644,0.437
0.40,2049,3.488,-7.372,0.245
0.40,2050,1.915,3.065,-3.936
0.40,2051,4.041,3.030,-8.505
0.40,2052,6.145,7.752,-9.952
0.40,2053,-5.726,5.248,0.249
0.40,2054,-0.363,-0.286,-0.675
0.40,2055,7.058,3.624,0.265
0.40,2056,0.182,-8.100,0.300
0.40,2057,5.774,5.243,0.249
0.40,2058,0.864,-7.834,0.264
0.40,2059,8.025,-0.408,0.294
0.40,2060,8.025,-0.408,0.294
0.40,2061,-8.264,0.055,0.437
0.40,2062,-6.005,4.553,7.614
0.40,2063,-6.767,5.072,8.227
0.40,2064,-8.069,-1.142,9.014
0.40,2065,-4.666,3.327,9.318
0.40,2066,0.812,-7.822,0.277
0.40,2067,-8.363,5.432,7.308
0.40,2068,0.866,-7.834,0.264
0.40,2069,5.638,-5.045,0.270
0.40,2070,-0.211,-0.411,-6.423
0.40,2071,-4.336,-6.935,2.760
0.40,2072,5.450,5.562,0.264
0.40,2073,-9.817,5.291,1.010
0.40,2074,-5.715,5.283,0.249
0.40,2075,6.611,-4.129,0.227
0.40,2076,-5.693,5.364,0.252
0.40,2077,8.432,1.570,6.919
0.40,2078,0.424,-0.262,-10.633
0.40,2079,-6.107,-6.119,0.546
0.40,2080,-7.554,3.124,0.418
0.40,2081,-3.109,7.644,0.436
0.40,2082,-5.329,-5.839,0.489
0.40,2083,-3.109,7.644,0.437
0.40,2084,7.611,9.024,3.720
0.40,2085,5.601,-5.325,0.244
0.40,2086,-1.115,4.484,2.962
0.40,2087,3.169,3.870,-11.018
0.40,2088,0.494,-5.283,-1.978
0.40,2089,7.373,3.197,0.314
0.40,2090,-5.669,-5.514,0.599
0.40,2091,-7.555,3.121,0.418
0.40,2092,0.939,-5.339,1.266
0.40,2093,-9.357,4.741,1.495
0.40,2094,3.359,7.474,0.275
0.40,2095,-0.326,-4.548,-5.500
0.40,2096,-5.731,5.238,0.248
0.40,2097,7.380,-3.446,0.298
0.40,2098,-6.998,-7.461,3.242
0.40,2099,-3.320,-7.222,0.321
0.40,2100,10.715,-5.945,-4.618
0.40,2101,5.651,-5.246,0.239
0.40,2102,-7.224,-3.354,0.261
0.40,2103,-8.270,0.034,0.443
0.40,2104,0.678,-7.913,0.287
0.40,2105,-7.286,0.385,0.746
0.40,2106,0.672,-0.993,-4.177
0.40,2107,0.603,8.289,0.340
0.40,2108,8.025,-0.408,0.294
0.40,2109,-6.653,-4.225,0.432
0.40,2110,-5.470,-5.715,0.545
0.40,2111,-2.976,7.614,0.513
0.40,2112,-4.495,-3.652,8.866
0.40,2113,-5.730,5.238,0.248
0.40,2114,6.022,-0.642,3.849
0.40,2115,5.662,-5.032,0.266
0.40,2116,-6.527,6.189,1.160
0.40,2117,-1.229,5.850,9.101
0.40,2118,5.668,-5.230,0.236
0.40,2119,-5.323,-5.843,0.488
0.40,2120,8.025,-0.408,0.294
0.40,2121,-5.342,-5.829,0.493
0.40,2122,4.230,2.367,3.269
0.40,2123,7.377,3.192,0.315
0.40,2124,-8.264,0.054,0.437
0.40,2125,6.094,-4.684,0.209
0.40,2126,5.368,-5.661,0.259
0.40,2127,-3.109,7.644,0.436
0.40,2128,0.175,-0.300,-9.386
0.40,2129,6.368,9.228,-4.737
0.40,2130,-11.117,-6.350,0.542
0.40,2131,0.100,8.164,0.317
0.40,2132,0.342,-1.261,-2.754
0.40,2133,5.090,-6.037,0.275
0.40,2134,7.372,3.199,0.314
0.40,2135,-8.007,4.161,5.851
0.40,2136,-3.109,7.644,0.437
0.40,2137,7.349,-3.482,0.291
0.40,2138,-5.431,-5.761,0.515
0.40,2139,-3.109,7.644,0.436
0.40,2140,0.341,-8.021,0.301
0.40,2141,8.013,-0.496,0.293
0.40,2142,-5.517,-5.729,0.518
0.40,2143,-7.223,-3.356,0.262
0.40,2144,7.347,-3.485,0.291
0.40,2145,7.382,3.186,0.317
0.40,2146,-5.457,-5.751,0.512
0.40,2147,7.350,-3.482,0.291
0.40,2148,5.928,9.220,1.803
0.40,2149,-4.274,2.368,-6.279
0.40,2150,-3.690,-6.963,0.344
0.40,2151,-5.540,-5.641,0.579
0.40,2152,7.371,3.200,0.313
0.40,2153,-8.268,0.041,0.441
0.40,2154,-3.499,-7.097,0.327
0.40,2155,-0.222,-0.131,8.005
0.40,2156,5.285,5.722,0.264
0.40,2157,-3.109,7.644,0.437
0.40,2158,-5.730,5.239,0.248
0.40,2159,2.623,9.512,8.338
0.40,2160,-3.109,7.644,0.436
0.40,2161,-5.730,5.239,0.248
0.40,2162,-3.109,7.646,0.436
0.40,2163,-3.277,-7.252,0.322
0.40,2164,0.345,-0.267,-10.331
0.40,2165,8.024,-0.413,0.294
0.40,2166,0.285,-0.171,-7.596
0.40,2167,0.796,3.174,-3.584
0.40,2168,-7.555,3.121,0.418
0.40,2169,-8.271,0.033,0.443
0.40,2170,0.104,8.265,0.270
0.40,2171,7.308,-3.530,0.283
0.40,2172,-3.109,7.644,0.436
0.40,2173,-0.788,-6.152,-11.135
0.40,2174,-0.790,-6.135,-11.106
0.40,2175,2.006,7.787,0.220
0.40,2176,3.985,-4.153,5.189
0.40,2177,-5.735,5.230,0.248
0.40,2178,5.558,-5.384,0.250
0.40,2179,0.741,-4.816,1.065
0.40,2180,3.360,7.473,0.275
0.40,2181,7.383,-3.448,0.298
0.40,2182,-5.265,-5.886,0.475
0.40,2183,8.985,-7.070,0.900
0.40,2184,4.825,-9.572,-2.468
0.40,2185,5.242,5.752,0.265
0.40,2186,0.798,-5.962,-0.814
0.40,2187,-7.194,-3.403,0.265
0.40,2188,5.326,5.684,0.264
0.40,2189,10.810,-6.154,-8.607
0.40,2190,7.349,-3.483,0.291
0.40,2191,1.280,-7.782,0.636
0.40,2192,-5.397,-5.783,0.512
0.40,2193,0.329,8.199,0.278
0.40,2194,0.181,-0.308,-8.887
0.40,2195,1.005,-7.935,0.484
0.40,2196,-0.330,-0.455,-1.077
0.40,2197,-5.708,5.290,0.250
0.40,2198,-5.657,-0.142,3.261
0.40,2199,3.103,7.581,0.260
0.40,2200,-3.109,7.644,0.436
0.40,2201,-3.109,7.644,0.436
0.40,2202,0.817,-7.852,0.265
0.40,2203,1.182,-7.499,5.035
0.40,2204,5.027,-6.177,0.286
0.40,2205,-7.538,5.240,8.614
0.40,2206,-1.155,-6.697,7.686
0.40,2207,9.455,-10.242,-5.973
0.40,2208,0.132,8.314,0.300
0.40,2209,3.353,7.325,0.321
0.40,2210,0.472,-7.984,0.285
0.40,2211,-7.221,-3.359,0.262
0.40,2212,-0.337,6.604,3.089
0.40,2213,7.369,3.261,0.312
0.40,2214,4.137,-9.029,-7.331
0.40,2215,-8.272,0.028,0.445
0.40,2216,0.308,-8.030,0.305
0.40,2217,0.359,-0.233,-6.203
0.40,2218,7.370,3.202,0.313
0.40,2219,-2.507,-9.603,8.936
0.40,2220,5.580,-5.351,0.247
0.40,2221,9.831,3.200,6.312
0.40,2222,-7.545,3.214,0.420
0.40,2223,8.025,-0.408,0.294
0.40,2224,9.516,-4.593,1.554
0.40,2225,-3.109,7.644,0.436
0.40,2226,0.310,8.207,0.276
0.40,2227,0.284,-8.038,0.308
0.40,2228,-7.223,-3.356,0.262
0.40,2229,-8.270,0.035,0.443
0.40,2230,-5.351,-5.821,0.496
0.40,2231,0.281,-0.224,-6.603
0.40,2232,-3.446,-7.134,0.325
0.40,2233,-7.394,-2.991,0.257
0.40,2234,-5.730,5.239,0.248
0.40,2235,0.327,-8.025,0.303
0.40,2236,0.562,6.967,4.036
0.40,2237,-3.693,-6.960,0.344
0.40,2238,7.371,3.201,0.313
0.40,2239,8.023,-0.422,0.294
0.40,2240,8.024,-0.412,0.294
0.40,2241,-3.109,7.644,0.436
0.40,2242,-7.555,3.121,0.418
0.40,2243,-8.269,0.040,0.441
0.40,2244,8.025,-0.408,0.294
0.40,2245,8.025,-0.408,0.294
0.40,2246,-5.252,-5.893,0.478
0.40,2247,7.350,-3.481,0.291
0.40,2248,-8.250,0.102,0.424
0.40,2249,7.371,3.200,0.313
0.40,2250,-3.025,-7.405,0.330
0.40,2251,0.313,-8.029,0.305
0.40,2252,8.673,-3.890,-2.419
0.40,2253,7.350,-3.458,0.382
0.40,2254,-8.269,0.038,0.442
0.40,2255,5.159,-5.951,0.268
0.40,2256,5.436,-4.516,0.515
0.40,2257,3.479,-7.373,0.245
0.40,2258,5.840,5.302,0.285
0.40,2259,-3.551,-7.060,0.331
0.40,2260,7.360,3.245,0.313
0.40,2261,-1.943,-4.646,9.136
0.40,2262,4.746,4.896,0.426
0.40,2263,-5.727,5.265,0.248
0.40,2264,7.370,3.202,0.313
0.40,2265,5.174,-8.717,9.677
0.40,2266,0.105,8.264,0.270
0.40,2267,-3.109,7.645,0.436
0.40,2268,2.993,9.113,8.841
0.40,2269,-7.240,7.272,8.401
0.40,2270,8.025,-0.408,0.294
0.40,2271,0.304,-8.032,0.306
0.40,2272,3.359,7.474,0.275
0.40,2273,5.467,-5.511,0.256
0.40,2274,-0.354,-8.633,0.311
0.40,2275,0.245,-1.177,-2.468
0.40,2276,7.360,3.216,0.310
0.40,2277,-5.560,-5.570,0.614
0.40,2278,-8.266,0.048,0.439
0.40,2279,6.441,4.607,0.292
0.40,2280,7.353,-3.478,0.292
0.40,2281,-0.322,-4.538,-5.200
0.40,2282,1.634,-0.520,-10.746
0.40,2283,5.316,5.693,0.264
0.40,2284,5.434,-5.559,0.258
0.40,2285,5.627,-4.999,0.284
0.40,2286,1.022,-4.390,3.190
0.40,2287,7.350,-3.482,0.291
0.40,2288,-7.555,3.122,0.418
0.40,2289,-9.535,5.086,0.800
0.40,2290,10.232,-5.866,-2.007
0.40,2291,5.663,-5.220,0.239
0.40,2292,0.091,8.276,0.269
0.40,2293,4.740,-10.895,1.870
0.40,2294,5.564,5.438,0.256
0.40,2295,-9.492,4.190,-4.368
0.40,2296,-8.648,-6.840,9.286
0.40,2297,-0.209,-4.474,-7.147
0.40,2298,-5.330,-5.838,0.490
0.40,2299,-5.593,-5.764,0.504
0.40,2300,0.596,-0.312,-10.526
0.40,2301,-0.172,8.161,0.296
0.40,2302,-3.227,-7.286,0.323
0.40,2303,0.311,-8.030,0.305
0.40,2304,5.327,5.682,0.264
0.40,2305,7.307,3.288,0.296
0.40,2306,-0.460,0.008,0.214
0.40,2307,-3.109,7.644,0.437
0.40,2308,-3.367,-7.190,0.322
0.40,2309,-5.731,5.237,0.248
0.40,2310,-5.704,-0.231,4.059
0.40,2311,-0.875,-5.469,-10.034
0.40,2312,0.044,8.274,0.270
0.40,2313,-0.449,-0.081,7.828
0.40,2314,-0.098,8.353,7.822
0.40,2315,6.226,-0.530,3.828
0.40,2316,5.541,5.464,0.258
0.40,2317,1.241,-6.910,0.466
0.40,2318,-0.630,-7.982,0.406
0.40,2319,10.081,-0.200,-8.481
0.40,2320,8.007,-0.443,0.298
0.40,2321,5.409,-5.599,0.259
0.40,2322,-5.724,5.252,0.248
0.40,2323,-5.331,-5.838,0.490
0.40,2324,3.356,7.476,0.274
0.40,2325,7.447,3.153,0.319
0.40,2326,3.359,7.474,0.275
0.40,2327,-4.351,-5.555,7.316
0.40,2328,4.408,-3.688,3.393
0.40,2329,-5.730,5.238,0.248
0.40,2330,-8.240,0.109,0.432
0.40,2331,-8.267,0.045,0.440
0.40,2332,-5.286,-5.871,0.479
0.40,2333,5.604,-5.318,0.244
0.40,2334,7.089,-5.915,8.806
0.40,2335,-6.643,-0.128,4.199
0.40,2336,7.368,3.204,0.312
0.40,2337,-5.851,-5.307,0.620
0.40,2338,0.911,-7.812,0.261
0.40,2339,-9.901,4.662,-5.025
0.40,2340,4.728,-9.216,-3.260
0.40,2341,-5.934,-8.075,9.034
0.40,2342,1.104,3.012,-4.686
0.40,2343,4.754,-10.735,1.750
0.40,2344,-7.555,3.122,0.418
0.40,2345,5.109,-9.803,-1.642
0.40,2346,-7.105,5.866,2.485
0.40,2347,-7.557,3.118,0.417
0.40,2348,-5.473,1.757,0.215
0.40,2349,8.366,6.487,2.206
0.40,2350,8.026,-0.401,0.294
0.40,2351,0.094,-0.280,-9.600
0.40,2352,2.850,7.673,0.400
0.40,2353,-8.185,0.308,0.380
0.40,2354,5.698,-5.185,0.234
0.40,2355,-7.475,-7.579,3.342
0.40,2356,-2.516,-7.588,0.407
0.40,2357,3.359,7.474,0.275
0.40,2358,5.696,-1.526,8.230
0.40,2359,-0.470,0.160,1.093
0.40,2360,-0.545,8.082,0.349
0.40,2361,-5.240,-5.902,0.471
0.40,2362,0.784,-8.301,0.577
0.40,2363,9.531,-1.274,8.641
0.40,2364,0.359,-8.030,0.301
0.40,2365,5.315,5.694,0.264
0.40,2366,2.155,9.529,2.052
0.40,2367,-7.485,5.638,8.391
0.40,2368,7.397,0.346,5.571
0.40,2369,7.020,-3.809,0.242
0.40,2370,-8.246,0.109,0.424
0.40,2371,0.326,-8.025,0.303
0.40,2372,-0.401,0.241,5.362
0.40,2373,7.376,3.194,0.315
0.40,2374,7.341,-3.492,0.289
0.40,2375,-8.268,0.041,0.441
0.40,2376,8.025,-0.408,0.294
0.40,2377,0.098,-1.365,-2.839
0.40,2378,-8.270,0.034,0.443
0.40,2379,-6.684,-4.009,0.418
0.40,2380,-6.810,3.077,2.783
0.40,2381,-7.175,-3.435,0.268
0.40,2382,0.601,-4.462,3.439
0.40,2383,-7.555,3.122,0.418
0.40,2384,-7.610,2.654,0.387
0.40,2385,-7.211,-3.375,0.263
0.40,2386,-3.406,-7.162,0.323
0.40,2387,3.359,7.474,0.275
0.40,2388,4.694,-10.334,0.050
0.40,2389,-3.109,7.644,0.436
0.40,2390,-3.109,7.644,0.436
0.40,2391,-5.731,5.238,0.248
0.40,2392,-3.108,7.644,0.438
0.40,2393,0.905,-4.348,2.181
0.40,2394,0.634,-0.356,-11.037
0.40,2395,-3.839,2.481,-3.953
0.40,2396,3.480,-7.373,0.245
0.40,2397,-0.851,7.403,1.725
0.40,2398,3.359,7.474,0.275
0.40,2399,-5.835,5.561,0.322
0.40,2400,1.217,3.067,-3.874
0.40,2401,-8.156,0.421,0.354
0.40,2402,-5.725,5.252,0.248
0.40,2403,0.913,-4.712,1.290
0.40,2404,-0.108,-0.737,-1.576
0.40,2405,3.359,7.474,0.275
0.40,2406,-5.342,-6.610,9.477
0.40,2407,8.025,-0.409,0.294
0.40,2408,-5.593,8.405,5.872
0.40,2409,-3.406,1.482,-2.727
0.40,2410,5.279,5.727,0.265
0.40,2411,5.295,5.712,0.264
0.40,2412,-5.731,5.238,0.248
0.40,2413,-10.319,5.029,-8.278
0.40,2414,-5.329,-5.839,0.489
0.40,2415,-8.266,0.050,0.438
0.40,2416,5.636,-5.245,0.243
0.40,2417,-0.119,7.672,0.324
0.40,2418,4.536,-11.108,3.048
0.40,2419,2.692,3.965,3.158
0.40,2420,-5.730,5.239,0.248
0.40,2421,7.373,3.198,0.314
0.40,2422,3.479,-7.373,0.245
0.40,2423,0.106,8.264,0.270
0.40,2424,5.287,5.720,0.264
0.40,2425,1.164,-7.356,-0.148
0.40,2426,-5.713,5.282,0.249
0.40,2427,-7.966,3.660,0.427
0.40,2428,-7.533,3.224,0.431
0.40,2429,7.371,3.200,0.313
0.40,2430,-3.555,-7.058,0.331
0.40,2431,-5.438,-5.742,0.536
0.40,2432,-5.730,5.238,0.248
0.40,2433,7.371,3.200,0.313
0.40,2434,5.324,5.686,0.264
0.40,2435,5.106,-9.402,7.916
0.40,2436,2.512,2.972,-4.603
0.40,2437,7.350,-3.482,0.291
0.40,2438,-8.266,0.048,0.439
0.40,2439,5.352,5.659,0.264
0.40,2440,5.345,5.666,0.264
0.40,2441,8.327,-5.887,7.402
0.40,2442,0.714,-7.911,0.287
0.40,2443,0.682,-1.093,-3.906
0.40,2444,-5.361,-5.814,0.498
0.40,2445,0.224,-0.238,-7.999
0.40,2446,-5.407,-5.774,0.516
0.40,2447,5.880,5.079,0.241
0.40,2448,-7.553,3.130,0.417
0.40,2449,-4.245,2.318,-6.293
0.40,2450,3.359,7.474,0.275
0.40,2451,-8.269,0.038,0.442
0.40,2452,0.888,-5.229,0.765
0.40,2453,5.303,5.705,0.264
0.40,2454,-5.401,-5.782,0.510
0.40,2455,3.479,-7.373,0.245
0.40,2456,0.102,8.265,0.270
0.40,2457,5.315,5.693,0.264
0.40,2458,-0.265,-4.557,-4.618
0.40,2459,6.261,-6.939,0.008
0.40,2460,0.640,-1.222,-3.341
0.40,2461,3.663,7.254,0.292
0.40,2462,7.215,-3.634,0.269
0.40,2463,0.315,-8.028,0.304
0.40,2464,3.358,7.474,0.275
0.40,2465,-8.269,0.039,0.441
0.40,2466,0.125,-5.186,-3.088
0.40,2467,-5.427,-5.764,0.513
0.40,2468,-5.715,5.276,0.249
0.40,2469,3.076,8.061,9.340
0.40,2470,8.966,-7.801,0.664
0.40,2471,-5.427,-2.718,5.904
0.40,2472,-5.350,-5.822,0.495
0.40,2473,0.412,-0.292,-5.878
0.40,2474,-6.301,5.777,3.808
0.40,2475,3.263,7.767,0.446
0.40,2476,8.025,-0.408,0.294
0.40,2477,9.362,-5.894,1.102
0.40,2478,-4.221,2.229,-5.778
0.40,2479,7.354,-3.477,0.292
0.40,2480,-5.408,-5.773,0.516
0.40,2481,0.105,8.264,0.270
0.40,2482,-8.256,0.080,0.431
0.40,2483,3.359,7.474,0.275
0.40,2484,-8.272,0.030,0.444
0.40,2485,7.311,-8.274,8.476
0.40,2486,-0.775,0.886,0.544
0.40,2487,-5.325,-5.839,0.494
0.40,2488,-0.817,-5.916,-10.722
0.40,2489,-7.556,3.120,0.418
0.40,2490,5.521,-5.434,0.252
0.40,2491,0.382,-8.010,0.296
0.40,2492,1.038,-0.158,-5.074
0.40,2493,7.651,-3.408,0.253
0.40,2494,-5.332,-5.837,0.490
0.40,2495,-4.524,1.119,1.663
0.40,2496,0.770,-6.131,-1.036
0.40,2497,-5.731,5.238,0.248
0.40,2498,-4.731,-4.491,6.238
0.40,2499,-7.223,-3.356,0.262
0.40,2500,-7.555,3.121,0.418
0.40,2501,1.040,-7.369,-0.222
0.40,2502,7.482,9.217,1.744
0.40,2503,1.589,-0.603,8.997
0.40,2504,-7.555,3.122,0.418
0.40,2505,8.008,-0.436,0.298
0.40,2506,0.586,-7.946,0.274
0.40,2507,-8.265,0.052,0.438
0.40,2508,-5.731,5.238,0.248
0.40,2509,7.350,-3.481,0.291
0.40,2510,3.359,7.474,0.275
0.40,2511,-5.391,-5.789,0.508
0.40,2512,5.468,-5.510,0.256
0.40,2513,4.699,-3.656,3.402
0.40,2514,4.644,-10.598,1.046
0.40,2515,8.025,-0.408,0.294
0.40,2516,0.494,7.885,9.372
0.40,2517,0.154,6.291,8.894
0.40,2518,5.598,4.366,0.429
0.40,2519,0.106,8.264,0.270
0.40,2520,-5.735,5.229,0.248
0.40,2521,2.307,-5.841,9.155
0.40,2522,-9.968,4.945,2.480
0.40,2523,-5.731,5.238,0.248
0.40,2524,8.078,-3.426,0.321
0.40,2525,0.447,-7.991,0.287
0.40,2526,-3.020,7.667,0.462
0.40,2527,-5.729,5.242,0.248
0.40,2528,-4.096,2.103,-5.531
0.40,2529,-5.446,-5.760,0.518
0.40,2530,-5.730,5.238,0.248
0.40,2531,-3.103,7.352,3.928
0.40,2532,0.320,-8.027,0.304
0.40,2533,-0.512,0.156,1.074
0.40,2534,-10.601,-8.400,-5.611
0.40,2535,-3.162,7.626,0.427
0.40,2536,3.359,7.474,0.275
0.40,2537,-5.689,-5.491,0.603
0.40,2538,-3.868,1.867,-10.588
0.40,2539,7.372,-3.456,0.296
0.40,2540,5.808,-5.023,0.227
0.40,2541,-0.113,4.205,3.578
0.40,2542,-0.533,0.093,2.591
0.40,2543,1.982,8.469,0.694
0.40,2544,-0.451,8.180,0.280
0.40,2545,-5.731,5.237,0.248
0.40,2546,4.581,-10.305,-0.738
0.40,2547,-5.794,-5.372,0.615
0.40,2548,0.164,-0.311,-9.149
0.40,2549,-7.555,3.121,0.418
0.40,2550,-5.731,5.238,0.248
0.40,2551,-8.271,0.033,0.443
0.40,2552,-5.714,5.366,0.252
0.40,2553,-0.442,0.087,2.928
0.40,2554,-5.842,-5.952,0.577
0.40,2555,-3.002,-7.489,0.362
0.40,2556,-8.251,0.092,0.429
0.40,2557,-3.109,7.644,0.436
0.40,2558,8.025,-0.408,0.294
0.40,2559,-0.809,-5.960,-10.808
0.40,2560,5.308,5.700,0.264
0.40,2561,7.278,3.382,0.299
0.40,2562,-5.730,5.240,0.248
0.40,2563,5.466,-5.512,0.256
0.40,2564,0.217,-8.056,0.312
0.40,2565,3.480,-7.373,0.245
0.40,2566,0.911,-4.393,3.597
0.40,2567,0.106,8.264,0.270
0.40,2568,0.753,-3.530,5.677
0.40,2569,8.025,-0.408,0.294
0.40,2570,4.068,-8.997,-8.025
0.40,2571,5.588,-5.344,0.246
0.40,2572,5.896,8.258,7.591
0.40,2573,-8.014,0.400,0.453
0.40,2574,-3.109,7.644,0.436
0.40,2575,5.337,5.673,0.264
0.40,2576,-2.948,-7.539,0.407
0.40,2577,-7.556,3.121,0.418
0.40,2578,-9.156,-2.598,9.004
0.40,2579,5.322,5.688,0.264
0.40,2580,-5.731,5.238,0.248
0.40,2581,7.371,3.201,0.313
0.40,2582,-7.550,3.198,0.416
0.40,2583,0.253,-8.074,0.302
0.40,2584,-5.530,-5.698,0.504
0.40,2585,7.156,-3.694,0.261
0.40,2586,-3.276,0.998,9.129
0.40,2587,-7.794,0.787,0.428
0.40,2588,-0.433,0.113,3.256
0.40,2589,-8.595,1.154,8.370
0.40,2590,7.509,2.688,0.335
0.40,2591,3.474,-7.374,0.245
0.40,2592,0.339,-8.022,0.301
0.40,2593,7.347,-3.485,0.291
0.40,2594,-8.269,0.038,0.442
0.40,2595,5.176,5.821,0.267
0.40,2596,8.025,-0.408,0.294
0.40,2597,5.944,-0.703,2.569
0.40,2598,4.831,-10.146,-1.266
0.40,2599,3.359,7.474,0.275
0.40,2600,1.808,9.497,4.650
0.40,2601,-2.911,-8.347,5.757
0.40,2602,8.445,-7.509,3.832
0.40,2603,-3.109,7.644,0.436
0.40,2604,-5.611,-5.471,0.668
0.40,2605,-3.886,-2.198,5.659
0.40,2606,-8.234,0.134,0.423
0.40,2607,5.210,5.545,0.255
0.40,2608,-0.827,-5.850,-10.621
0.40,2609,0.314,-8.029,0.304
0.40,2610,-5.334,-5.835,0.491
0.40,2611,-5.675,5.361,0.253
0.40,2612,-0.398,6.805,1.226
0.40,2613,-0.329,0.203,2.811
0.40,2614,5.520,-5.436,0.252
0.40,2615,6.744,3.223,0.474
0.40,2616,-7.712,3.409,0.390
0.40,2617,5.944,5.274,0.314
0.40,2618,-5.338,-5.832,0.492
0.40,2619,-3.446,-7.134,0.324
0.40,2620,6.179,-0.292,4.335
0.40,2621,-8.271,0.033,0.443
0.40,2622,-0.828,-5.216,-9.686
0.40,2623,-8.270,0.036,0.442
0.40,2624,0.792,-9.879,2.051
0.40,2625,0.637,-7.925,0.271
0.40,2626,-7.189,-3.411,0.266
0.40,2627,8.026,-0.404,0.294
0.40,2628,0.377,-8.012,0.296
0.40,2629,8.384,6.141,2.006
0.40,2630,5.528,-5.425,0.252
0.40,2631,7.349,3.231,0.306
0.40,2632,-3.751,-7.650,0.609
0.40,2633,5.601,2.764,1.440
0.40,2634,5.549,-5.397,0.251
0.40,2635,-0.442,-4.358,9.090
0.40,2636,-3.109,7.648,0.437
0.40,2637,-0.326,2.974,-3.943
0.40,2638,-8.192,0.222,0.420
0.40,2639,0.536,-0.305,-10.587
0.40,2640,-1.877,-7.290,0.672
0.40,2641,-0.033,-0.989,-1.996
0.40,2642,5.635,-5.269,0.241
0.40,2643,8.025,-0.409,0.294
0.40,2644,3.126,-5.334,-0.945
0.40,2645,8.025,-0.408,0.294
0.40,2646,3.307,0.123,9.342
0.40,2647,8.460,6.473,8.036
0.40,2648,-0.184,-4.547,-4.269
0.40,2649,-7.225,-3.352,0.261
0.40,2650,-8.268,-0.058,0.476
0.40,2651,5.297,5.710,0.264
0.40,2652,1.138,2.901,-4.981
0.40,2653,-0.080,-0.952,-1.928
0.40,2654,-7.555,3.121,0.418
0.40,2655,-5.329,-5.839,0.489
0.40,2656,7.369,3.204,0.313
0.40,2657,1.020,-4.481,3.280
0.40,2658,-7.028,0.637,0.781
0.40,2659,-3.109,7.644,0.436
0.40,2660,7.747,-0.324,8.736
0.40,2661,7.957,3.050,0.279
0.40,2662,5.647,-5.258,0.239
0.40,2663,5.609,-5.312,0.243
0.40,2664,0.684,-0.709,-4.671
0.40,2665,0.106,8.264,0.270
0.40,2666,-10.142,5.197,-4.842
0.40,2667,-7.551,3.135,0.417
0.40,2668,8.025,-0.408,0.294
0.40,2669,-5.361,-5.813,0.499
0.40,2670,-3.620,-7.012,0.337
0.40,2671,6.187,5.037,0.327
0.40,2672,-5.730,5.238,0.248
0.40,2673,-5.730,5.239,0.248
0.40,2674,4.224,-9.523,8.597
0.40,2675,0.780,-5.669,-0.224
0.40,2676,0.017,8.277,0.267
0.40,2677,7.571,3.115,0.306
0.40,2678,-8.156,0.303,0.413
0.40,2679,-0.006,7.564,0.888
0.40,2680,5.773,-5.051,0.232
0.40,2681,7.373,3.201,0.315
0.40,2682,7.123,-6.724,7.833
0.40,2683,5.656,-4.955,0.284
0.40,2684,-6.018,5.903,0.259
0.40,2685,0.106,8.264,0.270
0.40,2686,0.688,4.810,0.467
0.40,2687,-4.584,-6.328,0.403
0.40,2688,-5.731,5.238,0.248
0.40,2689,-6.705,8.172,-7.440
0.40,2690,0.424,-8.014,0.300
0.40,2691,4.186,3.247,-9.277
0.40,2692,0.983,3.693,1.327
0.40,2693,0.114,8.257,0.272
0.40,2694,-0.166,-4.915,-3.894
0.40,2695,-0.349,0.149,1.743
0.40,2696,-7.567,2.236,0.293
0.40,2697,7.995,-0.365,0.307
0.40,2698,0.084,8.269,0.270
0.40,2699,7.309,3.396,0.303
0.40,2700,-0.714,0.016,0.212
0.40,2701,0.842,5.418,5.539
0.40,2702,5.645,-0.432,2.916
0.40,2703,-6.313,0.345,1.516
0.40,2704,2.187,-0.295,-10.853
0.40,2705,0.106,8.264,0.270
0.40,2706,6.210,-6.156,4.350
0.40,2707,4.702,8.957,-4.218
0.40,2708,-0.055,-0.215,-9.970
0.40,2709,-5.729,5.240,0.248
0.40,2710,0.314,-8.029,0.304
0.40,2711,3.479,-7.373,0.245
0.40,2712,-5.390,-5.747,0.571
0.40,2713,7.237,-3.821,-8.896
0.40,2714,0.663,-4.687,1.275
0.40,2715,5.321,5.688,0.264
0.40,2716,8.024,-0.418,0.294
0.40,2717,-3.458,-7.125,0.325
0.40,2718,-7.745,-7.512,8.857
0.40,2719,0.277,-8.053,0.304
0.40,2720,5.310,5.698,0.264
0.40,2721,5.406,5.608,0.265
0.40,2722,-6.090,6.225,0.653
0.40,2723,-0.355,0.134,6.212
0.40,2724,5.724,-5.136,0.233
0.40,2725,0.949,-5.871,-0.198
0.40,2726,-5.353,-5.820,0.496
0.40,2727,10.806,-6.624,-3.556
0.40,2728,-0.136,-4.558,-4.659
0.40,2729,-5.365,-5.811,0.499
0.40,2730,5.453,-5.531,0.257
0.40,2731,0.106,8.264,0.270
0.40,2732,-3.866,2.176,-4.714
0.40,2733,-3.109,7.644,0.436
0.40,2734,5.687,5.302,0.246
0.40,2735,0.106,8.264,0.270
0.40,2736,-5.580,-5.364,6.325
0.40,2737,-0.408,-0.128,-0.231
0.40,2738,-5.714,5.415,0.281
0.40,2739,-0.334,-4.526,-5.075
0.40,2740,-7.555,3.123,0.418
0.40,2741,-8.269,0.037,0.442
0.40,2742,0.323,-8.026,0.303
0.40,2743,0.523,-7.968,0.279
0.40,2744,7.345,-3.487,0.290
0.40,2745,-5.730,5.239,0.248
0.40,2746,-8.554,1.775,4.688
0.40,2747,5.286,5.720,0.264
0.40,2748,7.939,8.788,4.512
0.40,2749,-5.334,-5.835,0.491
0.40,2750,0.110,-0.970,-2.047
0.40,2751,-8.421,1.905,9.193
0.40,2752,5.874,-0.619,3.587
0.40,2753,-3.597,-7.028,0.335
0.40,2754,-0.299,-4.562,-6.088
0.40,2755,1.765,5.356,2.013
0.40,2756,-9.360,3.403,-7.288
0.40,2757,4.541,-10.865,1.637
0.40,2758,-7.554,3.125,0.418
0.40,2759,6.033,-7.887,5.793
0.40,2760,-5.694,5.392,0.252
0.40,2761,0.467,3.560,1.803
0.40,2762,-2.994,7.453,0.600
0.40,2763,-3.989,1.794,-11.142
0.40,2764,4.961,-7.329,9.356
0.40,2765,5.386,5.627,0.265
0.40,2766,-3.513,-7.087,0.328
0.40,2767,8.145,-4.177,8.992
0.40,2768,8.025,-0.408,0.294
0.40,2769,-5.730,5.240,0.248
0.40,2770,-7.210,-3.378,0.263
0.40,2771,-7.922,0.444,0.474
0.40,2772,0.714,-0.275,-10.399
0.40,2773,2.849,7.666,0.258
0.40,2774,-5.364,-5.811,0.500
0.40,2775,4.477,8.590,9.721
0.40,2776,-5.430,-5.746,0.537
0.40,2777,7.348,3.231,0.306
0.40,2778,0.136,8.054,0.458
0.40,2779,5.262,5.742,0.265
0.40,2780,1.767,-5.168,0.054
0.40,2781,0.106,8.264,0.270
0.40,2782,0.450,-4.514,3.580
0.40,2783,0.325,-0.266,-10.470
0.40,2784,0.103,8.265,0.270
0.40,2785,0.756,-7.908,0.362
0.40,2786,0.012,-0.873,-1.951
0.40,2787,-0.336,-0.366,-0.876
0.40,2788,-3.109,7.644,0.436
0.40,2789,-5.356,-5.817,0.497
0.40,2790,5.292,5.715,0.264
0.40,2791,7.370,3.202,0.313
0.40,2792,-3.108,7.646,0.437
0.40,2793,-8.219,0.185,0.410
0.40,2794,8.685,-9.940,-3.337
0.40,2795,-3.167,7.615,0.461
0.40,2796,-3.968,2.133,-10.547
0.40,2797,7.751,-0.785,0.417
0.40,2798,1.392,3.045,-4.829
0.40,2799,7.495,-3.322,0.302
0.40,2800,-0.905,3.271,9.149
0.40,2801,-7.787,3.525,0.522
0.40,2802,-2.469,0.503,-3.063
0.40,2803,-0.380,4.377,2.810
0.40,2804,-6.267,-6.265,-0.546
0.40,2805,-0.369,0.156,3.706
0.40,2806,-5.335,-5.834,0.491
0.40,2807,-6.842,-7.555,4.360
0.40,2808,-6.438,0.527,1.200
0.40,2809,1.123,-6.377,0.281
0.40,2810,-8.266,0.049,0.439
0.40,2811,-7.550,3.136,0.419
0.40,2812,-5.351,-5.822,0.495
0.40,2813,0.106,8.264,0.270
0.40,2814,-5.451,-5.760,0.521
0.40,2815,5.373,5.639,0.264
0.40,2816,8.025,-0.408,0.294
0.40,2817,0.101,-0.335,-8.756
0.40,2818,-7.217,-3.366,0.262
0.40,2819,7.224,4.936,0.651
0.40,2820,-7.238,-3.331,0.260
0.40,2821,-4.166,2.181,-5.609
0.40,2822,5.422,-5.577,0.259
0.40,2823,3.359,7.474,0.275
0.40,2824,-6.298,-6.290,1.487
0.40,2825,6.007,7.462,-10.486
0.40,2826,0.386,-8.028,0.302
0.40,2827,7.187,3.794,0.931
0.40,2828,5.425,-5.572,0.259
0.40,2829,8.662,2.869,8.038
0.40,2830,-5.321,-5.845,0.487
0.40,2831,-0.388,0.162,1.810
0.40,2832,-5.356,-5.817,0.497
0.40,2833,-8.084,4.534,4.092
0.40,2834,10.064,-6.827,-0.438
0.40,2835,-5.318,-5.847,0.486
0.40,2836,-5.388,-5.792,0.507
0.40,2837,-5.360,-5.815,0.498
0.40,2838,-3.599,7.750,0.595
0.40,2839,-7.221,-3.359,0.262
0.40,2840,-7.854,-2.033,0.393
0.40,2841,5.703,5.198,0.254
0.40,2842,-3.109,7.644,0.436
0.40,2843,-5.151,-0.443,3.536
0.40,2844,-6.276,-0.383,4.775
0.40,2845,-3.110,7.647,0.435
0.40,2846,1.083,-6.000,-0.146
0.40,2847,-6.548,6.302,0.915
0.40,2848,-8.264,0.056,0.437
0.40,2849,-5.387,-5.792,0.507
0.40,2850,5.391,-5.664,0.243
0.40,2851,0.309,-8.030,0.305
0.40,2852,5.324,5.686,0.264
0.40,2853,-0.420,-0.036,0.072
0.40,2854,0.106,8.264,0.270
0.40,2855,-5.719,5.358,0.252
0.40,2856,4.745,-10.199,-0.410
0.40,2857,5.460,-5.520,0.256
0.40,2858,3.374,7.462,0.278
0.40,2859,-5.321,-5.845,0.487
0.40,2860,-5.073,-5.978,0.529
0.40,2861,0.314,-8.029,0.304
0.40,2862,0.354,-0.265,-10.326
0.40,2863,5.350,5.662,0.264
0.40,2864,-5.730,5.239,0.248
0.40,2865,7.151,3.509,0.273
0.40,2866,1.090,-6.062,0.060
0.40,2867,0.533,3.213,-3.083
0.40,2868,7.373,3.197,0.314
0.40,2869,-3.544,-7.065,0.330
0.40,2870,-7.591,3.299,0.443
0.40,2871,-5.555,-5.557,0.722
0.40,2872,8.025,-0.408,0.294
0.40,2873,0.523,8.056,9.146
0.40,2874,-7.555,3.121,0.418
0.40,2875,5.624,-5.292,0.241
0.40,2876,3.480,-7.373,0.245
0.40,2877,-7.555,3.121,0.418
0.40,2878,-5.728,5.244,0.248
0.40,2879,-8.270,0.035,0.443
0.40,2880,3.185,-9.431,9.450
0.40,2881,6.620,8.977,-1.634
0.40,2882,1.891,8.999,1.082
0.40,2883,0.104,8.265,0.270
0.40,2884,-8.252,0.087,0.431
0.40,2885,7.356,-3.474,0.293
0.40,2886,7.859,-0.460,0.372
0.40,2887,-1.240,-0.111,-0.303
0.40,2888,0.113,8.262,0.271
0.40,2889,3.504,-7.369,0.244
0.40,2890,1.502,-9.518,2.690
0.40,2891,6.464,9.336,6.362
0.40,2892,-7.554,3.126,0.417
0.40,2893,0.106,8.264,0.270
0.40,2894,0.106,8.264,0.270
0.40,2895,-0.445,0.085,2.830
0.40,2896,7.374,3.196,0.314
0.40,2897,-9.754,5.296,-3.181
0.40,2898,8.025,-0.408,0.294
0.40,2899,8.941,-8.633,-1.970
0.40,2900,8.085,7.978,3.433
0.40,2901,-3.109,7.644,0.436
0.40,2902,-5.723,5.255,0.248
0.40,2903,5.482,-5.490,0.255
0.40,2904,0.180,-0.302,-9.348
0.40,2905,2.576,3.885,-10.972
0.40,2906,3.470,-7.375,0.245
0.40,2907,1.052,-5.691,0.218
0.40,2908,8.442,-7.085,2.621
0.40,2909,-5.235,-5.906,0.471
0.40,2910,-8.235,0.139,0.419
0.40,2911,-3.395,-7.170,0.323
0.40,2912,-7.244,-3.321,0.259
0.40,2913,-8.835,-2.741,6.568
0.40,2914,-3.193,1.611,-4.198
0.40,2915,-5.730,5.239,0.248
0.40,2916,3.481,-7.373,0.245
0.40,2917,-0.336,-4.558,-5.509
0.40,2918,0.222,4.849,1.374
0.40,2919,5.660,-5.207,0.242
0.40,2920,0.746,-0.955,-4.136
0.40,2921,0.912,3.945,0.225
0.40,2922,0.106,8.264,0.270
0.40,2923,-2.278,-7.229,7.770
0.40,2924,-9.368,-4.632,6.252
0.40,2925,-8.264,0.053,0.437
0.40,2926,0.633,-7.015,-1.560
0.40,2927,-5.732,5.235,0.248
0.40,2928,8.025,-0.411,0.294
0.40,2929,-7.220,3.541,0.435
0.40,2930,-7.561,3.179,0.384
0.40,2931,5.236,5.576,0.247
0.40,2932,0.663,-1.158,-3.728
0.40,2933,-3.899,2.294,-10.155
0.40,2934,6.027,-4.241,0.439
0.40,2935,8.025,-0.408,0.294
0.40,2936,0.958,-5.671,0.202
0.40,2937,-5.404,-5.779,0.512
0.40,2938,-3.726,9.755,6.407
0.40,2939,7.462,-9.383,-11.148
0.40,2940,-3.109,7.644,0.436
0.40,2941,0.709,-0.983,-4.135
0.40,2942,0.226,4.807,1.505
0.40,2943,-5.400,-5.780,0.514
0.40,2944,0.103,8.265,0.270
0.40,2945,-5.313,-5.851,0.485
0.40,2946,2.936,3.880,2.699
0.40,2947,8.023,-0.414,0.295
0.40,2948,5.996,-0.464,1.841
0.40,2949,2.108,9.258,7.934
0.40,2950,7.965,-0.449,0.313
0.40,2951,-7.343,-3.095,7.352
0.40,2952,-0.753,-0.781,-1.746
0.40,2953,-3.270,7.776,0.488
0.40,2954,-6.206,-0.066,4.502
0.40,2955,7.265,3.337,0.286
0.40,2956,6.185,-4.447,0.260
0.40,2957,-0.708,6.960,0.804
0.40,2958,-5.730,5.238,0.248
0.40,2959,2.150,7.713,0.276
0.40,2960,7.746,-3.434,0.250
0.40,2961,-5.316,-5.849,0.486
0.40,2962,5.492,-5.476,0.254
0.40,2963,5.462,-5.520,0.256
0.40,2964,-5.758,5.190,0.248
0.40,2965,-0.250,-0.771,-1.607
0.40,2966,9.269,-6.624,1.372
0.40,2967,3.921,7.025,0.297
0.40,2968,-2.250,-3.147,8.542
0.40,2969,-5.372,-2.595,9.558
0.40,2970,-0.905,6.594,1.066
0.40,2971,-5.313,-5.851,0.485
0.40,2972,-5.327,-5.840,0.489
0.40,2973,5.527,-5.426,0.252
0.40,2974,-3.105,7.644,0.440
0.40,2975,-0.540,6.090,3.506
0.40,2976,-3.941,2.173,-4.902
0.40,2977,-5.730,5.238,0.248
0.40,2978,-7.567,3.074,0.409
0.40,2979,0.514,-7.971,0.280
0.40,2980,5.830,-6.429,5.984
0.40,2981,-7.555,3.121,0.418
0.40,2982,8.274,-4.198,0.517
0.40,2983,-3.113,7.643,0.434
0.40,2984,0.106,8.264,0.270
0.40,2985,0.649,-0.802,-4.565
0.40,2986,-4.737,-4.833,4.051
0.40,2987,10.719,-6.871,-5.009
0.40,2988,-0.285,-0.203,-10.521
0.40,2989,7.389,-3.437,0.299
0.40,2990,-5.727,5.247,0.248
0.40,2991,5.563,-5.035,0.287
0.40,2992,-7.219,-3.362,0.262
0.40,2993,2.109,7.753,0.294
0.40,2994,1.062,-7.761,0.257
0.40,2995,8.024,-0.413,0.294
0.40,2996,-7.971,0.580,0.410
0.40,2997,-9.295,4.840,0.909
0.40,2998,7.364,-3.465,0.294
0.40,2999,4.629,-10.731,1.340
1.00,0,-8.270,0.036,0.442
1.00,1,7.371,3.201,0.313
1.00,2,5.423,-5.575,0.259
1.00,3,-2.974,-7.404,0.423
1.00,4,5.433,-5.561,0.258
1.00,5,8.025,-0.408,0.294
1.00,6,-5.318,-5.848,0.486
1.00,7,-10.303,-9.101,-6.590
1.00,8,-5.318,-5.848,0.486
1.00,9,-5.318,-5.848,0.486
1.00,10,7.348,-3.484,0.291
1.00,11,-9.414,-2.597,7.081
1.00,12,8.025,-0.408,0.294
1.00,13,5.463,-5.517,0.256
1.00,14,-5.730,5.238,0.248
1.00,15,0.844,-1.342,-3.065
1.00,16,7.348,-3.484,0.291
1.00,17,-5.730,5.238,0.248
1.00,18,5.305,5.703,0.264
1.00,19,-8.270,0.036,0.442
1.00,20,-8.270,0.036,0.442
1.00,21,5.307,5.701,0.264
1.00,22,7.371,3.201,0.313
1.00,23,-8.270,0.036,0.442
1.00,24,5.628,-5.287,0.241
1.00,25,-7.223,-3.356,0.262
1.00,26,5.431,-5.564,0.259
1.00,27,-5.730,5.238,0.248
1.00,28,-8.270,0.036,0.442
1.00,29,-3.109,7.644,0.436
1.00,30,5.566,5.429,0.255
1.00,31,5.459,-5.523,0.256
1.00,32,5.305,5.703,0.264
1.00,33,-5.317,-5.848,0.486
1.00,34,-3.316,7.664,0.497
1.00,35,7.348,-3.484,0.291
1.00,36,-5.318,-5.848,0.486
1.00,37,3.480,-7.373,0.245
1.00,38,-5.318,-5.848,0.486
1.00,39,0.314,-8.029,0.304
1.00,40,-5.730,5.238,0.248
1.00,41,-5.730,5.238,0.248
1.00,42,5.305,5.703,0.264
1.00,43,-0.202,-0.823,-1.709
1.00,44,-5.318,-5.847,0.486
1.00,45,0.423,-0.429,-5.527
1.00,46,-7.555,3.121,0.418
1.00,47,-4.507,-6.376,0.397
1.00,48,-5.318,-5.848,0.486
1.00,49,0.381,-8.010,0.296
1.00,50,-5.730,5.238,0.248
1.00,51,-5.730,5.238,0.248
1.00,52,8.025,-0.408,0.294
1.00,53,0.106,8.264,0.270
1.00,54,7.371,3.201,0.313
1.00,55,-7.555,3.121,0.418
1.00,56,8.025,-0.408,0.294
1.00,57,7.348,-3.484,0.291
1.00,58,-5.730,5.238,0.248
1.00,59,7.348,-3.484,0.291
1.00,60,-0.206,-0.380,-0.962
1.00,61,0.126,-0.286,-9.460
1.00,62,-8.270,0.036,0.442
1.00,63,-5.313,-5.851,0.485
1.00,64,-5.730,5.238,0.248
1.00,65,7.347,-3.484,0.291
1.00,66,0.106,8.264,0.270
1.00,67,-5.318,-5.847,0.486
1.00,68,3.359,7.474,0.275
1.00,69,9.915,-7.283,-8.042
1.00,70,-3.718,-0.144,8.730
1.00,71,0.106,8.264,0.270
1.00,72,-7.222,-3.357,0.262
1.00,73,-5.317,-5.848,0.486
1.00,74,-5.318,-5.848,0.486
1.00,75,-5.318,-5.847,0.486
1.00,76,0.106,8.264,0.270
1.00,77,-8.268,0.042,0.440
1.00,78,-5.730,5.239,0.248
1.00,79,-7.555,3.121,0.418
1.00,80,-8.270,0.036,0.442
1.00,81,-4.155,2.274,-5.254
1.00,82,0.314,-8.029,0.304
1.00,83,-7.555,3.121,0.418
1.00,84,0.106,8.264,0.270
1.00,85,7.371,3.201,0.313
1.00,86,8.025,-0.408,0.294
1.00,87,5.360,5.652,0.264
1.00,88,-7.554,3.124,0.418
1.00,89,3.359,7.474,0.275
1.00,90,8.025,-0.408,0.294
1.00,91,-8.270,0.036,0.442
1.00,92,0.354,-8.017,0.299
1.00,93,0.967,-6.187,-0.479
1.00,94,-3.109,7.644,0.436
1.00,95,-5.318,-5.848,0.486
1.00,96,-8.270,0.036,0.442
1.00,97,7.380,3.189,0.316
1.00,98,-5.320,-5.846,0.487
1.00,99,-3.109,7.644,0.436
1.00,100,-5.730,5.238,0.248
1.00,101,-7.547,3.139,0.421
1.00,102,-3.110,7.644,0.436
1.00,103,7.371,3.201,0.313
1.00,104,-8.270,0.036,0.442
1.00,105,-3.969,-6.748,0.363
1.00,106,-3.109,7.644,0.436
1.00,107,-5.730,5.238,0.248
1.00,108,5.423,-5.576,0.259
1.00,109,0.314,-8.029,0.304
1.00,110,-3.109,7.644,0.436
1.00,111,-3.109,7.644,0.436
1.00,112,10.896,-6.359,-5.039
1.00,113,5.426,-5.571,0.259
1.00,114,-5.317,-5.848,0.486
1.00,115,6.429,9.084,-4.014
1.00,116,7.371,3.201,0.313
1.00,117,-8.269,0.039,0.442
1.00,118,3.359,7.474,0.275
1.00,119,3.359,7.474,0.275
1.00,120,-0.072,0.121,3.561
1.00,121,-3.893,-6.806,0.360
1.00,122,-8.270,0.036,0.442
1.00,123,-8.270,0.036,0.442
1.00,124,8.025,-0.408,0.294
1.00,125,5.305,5.703,0.264
1.00,126,2.036,-4.159,3.029
1.00,127,-5.730,5.238,0.248
1.00,128,5.430,-5.564,0.259
1.00,129,-8.270,0.036,0.442
1.00,130,-4.194,1.059,4.801
1.00,131,7.348,-3.484,0.291
1.00,132,-5.730,5.238,0.248
1.00,133,-5.730,5.238,0.248
1.00,134,5.305,5.703,0.264
1.00,135,0.700,-7.895,0.268
1.00,136,-5.730,5.238,0.248
1.00,137,6.555,8.649,9.219
1.00,138,3.480,-7.373,0.245
1.00,139,0.317,-8.028,0.304
1.00,140,3.359,7.474,0.275
1.00,141,-5.318,-5.847,0.486
1.00,142,-5.318,-5.848,0.486
1.00,143,-7.555,3.121,0.418
1.00,144,5.426,-5.572,0.259
1.00,145,5.305,5.703,0.264
1.00,146,-5.318,-5.847,0.486
1.00,147,-8.270,0.036,0.442
1.00,148,-8.145,0.445,0.355
1.00,149,-1.026,-0.181,-10.461
1.00,150,5.424,-5.575,0.259
1.00,151,5.305,5.703,0.264
1.00,152,7.348,-3.484,0.291
1.00,153,-7.222,-3.357,0.262
1.00,154,-5.730,5.238,0.248
1.00,155,-5.321,-5.845,0.487
1.00,156,9.112,-4.116,2.671
1.00,157,5.305,5.703,0.264
1.00,158,-7.222,-3.357,0.262
1.00,159,0.106,8.264,0.270
1.00,160,-3.967,-6.749,0.363
1.00,161,-5.730,5.238,0.248
1.00,162,-7.555,3.121,0.418
1.00,163,-8.270,0.036,0.442
1.00,164,3.479,-7.373,0.245
1.00,165,3.359,7.474,0.275
1.00,166,5.197,5.802,0.267
1.00,167,-5.335,-5.834,0.491
1.00,168,-8.270,0.036,0.442
1.00,169,-5.318,-5.848,0.486
1.00,170,0.106,8.264,0.270
1.00,171,3.359,7.474,0.275
1.00,172,-8.270,0.036,0.442
1.00,173,-5.318,-5.847,0.486
1.00,174,-3.109,7.644,0.436
1.00,175,-5.378,-5.799,0.505
1.00,176,8.025,-0.408,0.294
1.00,177,5.323,5.686,0.264
1.00,178,0.314,-8.029,0.304
1.00,179,0.106,8.264,0.270
1.00,180,-5.318,-5.848,0.486
1.00,181,5.305,5.703,0.264
1.00,182,-7.555,3.121,0.418
1.00,183,0.314,-8.029,0.304
1.00,184,-7.222,-3.357,0.262
1.00,185,5.423,-5.577,0.259
1.00,186,8.025,-0.408,0.294
1.00,187,-7.222,-3.357,0.262
1.00,188,5.303,5.705,0.264
1.00,189,5.309,5.699,0.264
1.00,190,-5.730,5.238,0.248
1.00,191,-8.270,0.036,0.442
1.00,192,-3.109,7.644,0.436
1.00,193,0.106,8.264,0.270
1.00,194,0.314,-8.029,0.304
1.00,195,-6.260,6.938,5.013
1.00,196,-8.270,0.036,0.442
1.00,197,-5.730,5.238,0.248
1.00,198,-5.730,5.238,0.248
1.00,199,-5.318,-5.848,0.486
1.00,200,6.840,-3.951,0.227
1.00,201,-3.109,7.644,0.436
1.00,202,7.348,-3.484,0.291
1.00,203,-8.267,0.045,0.440
1.00,204,0.314,-8.029,0.304
1.00,205,-8.214,0.204,0.405
1.00,206,5.305,5.703,0.264
1.00,207,-5.318,-5.848,0.486
1.00,208,-7.555,3.121,0.418
1.00,209,5.305,5.703,0.264
1.00,210,-8.270,0.036,0.442
1.00,211,0.373,-8.012,0.297
1.00,212,5.305,5.703,0.264
1.00,213,-5.318,-5.847,0.486
1.00,214,7.398,-3.425,0.302
1.00,215,0.314,-8.029,0.304
1.00,216,0.106,8.264,0.270
1.00,217,-5.318,-5.848,0.486
1.00,218,-5.318,-5.847,0.486
1.00,219,0.106,8.264,0.270
1.00,220,-5.451,-5.747,0.523
1.00,221,0.314,-8.029,0.304
1.00,222,-7.222,-3.357,0.262
1.00,223,-7.555,3.121,0.418
1.00,224,-5.318,-5.848,0.486
1.00,225,-7.223,-3.356,0.262
1.00,226,1.540,-7.283,9.571
1.00,227,-3.052,7.646,0.455
1.00,228,-7.555,3.121,0.418
1.00,229,-8.270,0.036,0.442
1.00,230,-3.109,7.644,0.436
1.00,231,-10.872,-4.024,3.571
1.00,232,5.305,5.703,0.264
1.00,233,-5.318,-5.848,0.486
1.00,234,0.314,-8.029,0.304
1.00,235,-0.978,1.359,6.778
1.00,236,-5.730,5.238,0.248
1.00,237,0.106,8.264,0.270
1.00,238,-3.109,7.644,0.436
1.00,239,5.307,5.702,0.264
1.00,240,-8.197,0.239,0.405
1.00,241,-5.312,-5.852,0.485
1.00,242,8.025,-0.408,0.294
1.00,243,-5.730,5.238,0.248
1.00,244,3.480,-7.373,0.245
1.00,245,7.371,3.201,0.313
1.00,246,-7.222,-3.357,0.262
1.00,247,7.371,3.201,0.313
1.00,248,-3.109,7.644,0.436
1.00,249,5.305,5.703,0.264
1.00,250,-5.730,5.238,0.248
1.00,251,7.371,3.201,0.313
1.00,252,5.307,5.701,0.264
1.00,253,-5.318,-5.848,0.486
1.00,254,5.305,5.703,0.264
1.00,255,-5.320,-5.846,0.487
1.00,256,3.359,7.474,0.275
1.00,257,5.307,5.701,0.264
1.00,258,5.426,-5.572,0.259
1.00,259,-5.248,-5.897,0.473
1.00,260,0.314,-8.029,0.304
1.00,261,8.025,-0.408,0.294
1.00,262,8.025,-0.408,0.294
1.00,263,-4.024,-6.707,0.365
1.00,264,7.371,3.201,0.313
1.00,265,8.025,-0.408,0.294
1.00,266,0.106,8.264,0.270
1.00,267,-5.317,-5.848,0.486
1.00,268,-8.270,0.036,0.442
1.00,269,0.106,8.264,0.270
1.00,270,0.314,-8.029,0.304
1.00,271,5.307,5.701,0.264
1.00,272,-5.731,5.237,0.248
1.00,273,-3.878,-6.818,0.359
1.00,274,5.427,-5.570,0.259
1.00,275,-9.024,-4.403,8.397
1.00,276,8.025,-0.408,0.294
1.00,277,5.427,-5.569,0.259
1.00,278,-10.202,5.566,-10.418
1.00,279,-8.270,0.036,0.442
1.00,280,8.025,-0.408,0.294
1.00,281,-8.270,0.037,0.442
1.00,282,-8.270,0.036,0.442
1.00,283,-5.730,5.238,0.248
1.00,284,3.359,7.474,0.275
1.00,285,-8.269,0.039,0.441
1.00,286,-3.235,-8.182,1.024
1.00,287,3.479,-7.373,0.245
1.00,288,7.334,-3.500,0.288
1.00,289,0.106,8.264,0.270
1.00,290,-5.136,-5.956,0.482
1.00,291,-5.730,5.238,0.248
1.00,292,-5.319,-5.847,0.487
1.00,293,-5.730,5.238,0.248
1.00,294,-4.492,-6.386,0.396
1.00,295,0.106,8.264,0.270
1.00,296,-5.730,5.238,0.248
1.00,297,3.359,7.474,0.275
1.00,298,4.130,3.305,-9.727
1.00,299,8.025,-0.408,0.294
1.00,300,-5.334,-5.835,0.490
1.00,301,0.260,-1.385,-3.091
1.00,302,0.103,8.265,0.270
1.00,303,-9.792,5.241,1.142
1.00,304,8.025,-0.408,0.294
1.00,305,-7.553,3.126,0.419
1.00,306,7.348,-3.484,0.291
1.00,307,0.314,-1.242,-2.672
1.00,308,2.111,-0.570,-10.873
1.00,309,-5.730,5.238,0.248
1.00,310,-7.222,-3.357,0.262
1.00,311,10.254,-5.781,-4.236
1.00,312,-5.314,-5.850,0.485
1.00,313,0.314,-8.029,0.304
1.00,314,7.296,-3.544,0.281
1.00,315,7.371,3.201,0.313
1.00,316,3.480,-7.373,0.245
1.00,317,8.025,-0.408,0.294
1.00,318,3.480,-7.373,0.245
1.00,319,0.314,-8.029,0.304
1.00,320,5.307,5.702,0.264
1.00,321,5.305,5.703,0.264
1.00,322,-5.318,-5.848,0.486
1.00,323,-5.318,-5.848,0.486
1.00,324,8.025,-0.408,0.294
1.00,325,-5.318,-5.848,0.486
1.00,326,0.106,8.264,0.270
1.00,327,-3.109,7.644,0.436
1.00,328,5.305,5.703,0.264
1.00,329,-5.730,5.238,0.248
1.00,330,7.348,-3.484,0.291
1.00,331,7.371,3.201,0.313
1.00,332,5.493,-5.473,0.254
1.00,333,-5.318,-5.847,0.486
1.00,334,-5.318,-5.848,0.486
1.00,335,8.025,-0.408,0.294
1.00,336,5.422,-5.578,0.259
1.00,337,-3.881,-6.815,0.360
1.00,338,5.308,5.700,0.264
1.00,339,-5.730,5.238,0.248
1.00,340,-5.746,5.210,0.247
1.00,341,7.371,3.201,0.313
1.00,342,-3.108,7.644,0.438
1.00,343,5.426,-5.571,0.259
1.00,344,7.371,3.201,0.313
1.00,345,-5.317,-5.848,0.486
1.00,346,0.314,-8.029,0.304
1.00,347,8.025,-0.408,0.294
1.00,348,0.106,8.264,0.270
1.00,349,0.280,-0.170,-7.341
1.00,350,0.106,8.264,0.270
1.00,351,7.371,3.201,0.313
1.00,352,-5.710,5.274,0.249
1.00,353,8.025,-0.408,0.294
1.00,354,8.025,-0.408,0.294
1.00,355,7.371,3.201,0.313
1.00,356,0.390,-0.275,-10.403
1.00,357,5.305,5.703,0.264
1.00,358,5.305,5.703,0.264
1.00,359,-5.317,-5.848,0.486
1.00,360,-3.109,7.644,0.436
1.00,361,-5.730,5.238,0.248
1.00,362,5.333,-6.127,0.335
1.00,363,7.371,3.201,0.313
1.00,364,-8.270,0.036,0.442
1.00,365,6.276,7.955,-5.113
1.00,366,7.348,-3.484,0.291
1.00,367,0.314,-8.029,0.304
1.00,368,-5.318,-5.848,0.486
1.00,369,-7.555,3.121,0.418
1.00,370,-8.270,0.036,0.442
1.00,371,5.305,5.703,0.264
1.00,372,8.036,-0.153,0.301
1.00,373,-8.270,0.036,0.442
1.00,374,-4.783,-6.198,0.422
1.00,375,-7.222,-3.357,0.262
1.00,376,7.371,3.201,0.313
1.00,377,7.371,3.201,0.313
1.00,378,-5.332,-5.837,0.490
1.00,379,8.025,-0.408,0.294
1.00,380,5.305,5.703,0.264
1.00,381,-3.109,7.644,0.436
1.00,382,-5.318,-5.848,0.486
1.00,383,5.420,-5.581,0.259
1.00,384,5.302,5.705,0.264
1.00,385,7.371,3.201,0.313
1.00,386,5.310,5.698,0.264
1.00,387,-8.264,0.054,0.437
1.00,388,-7.375,-3.107,0.258
1.00,389,-5.317,-5.848,0.486
1.00,390,5.305,5.703,0.264
1.00,391,-5.730,5.238,0.248
1.00,392,0.314,-8.029,0.304
1.00,393,-5.730,5.238,0.248
1.00,394,-8.270,0.036,0.442
1.00,395,-8.270,0.036,0.442
1.00,396,-3.109,7.644,0.436
1.00,397,3.359,7.474,0.275
1.00,398,0.264,-0.281,-9.759
1.00,399,-3.357,-7.196,0.322
1.00,400,3.358,7.474,0.275
1.00,401,-5.318,-5.848,0.486
1.00,402,0.314,-8.029,0.304
1.00,403,5.305,5.703,0.264
1.00,404,-5.730,5.238,0.248
1.00,405,5.446,-5.541,0.257
1.00,406,-5.730,5.238,0.248
1.00,407,5.304,5.704,0.264
1.00,408,-5.730,5.238,0.248
1.00,409,-5.318,-5.848,0.486
1.00,410,7.371,3.201,0.313
1.00,411,-8.237,0.131,0.422
1.00,412,-2.563,-7.740,0.400
1.00,413,-7.774,-5.455,8.943
1.00,414,-5.318,-5.848,0.486
1.00,415,0.314,-8.029,0.304
1.00,416,5.425,-5.572,0.259
1.00,417,-5.730,5.238,0.248
1.00,418,5.480,-5.493,0.255
1.00,419,5.206,5.647,0.242
1.00,420,-5.318,-5.848,0.486
1.00,421,0.106,8.264,0.270
1.00,422,-3.109,7.644,0.436
1.00,423,-3.963,-6.753,0.363
1.00,424,3.359,7.474,0.275
1.00,425,-7.555,3.121,0.418
1.00,426,-5.318,-5.848,0.486
1.00,427,-8.270,0.036,0.442
1.00,428,8.025,-0.408,0.294
1.00,429,7.371,3.201,0.313
1.00,430,8.025,-0.408,0.294
1.00,431,5.312,5.696,0.264
1.00,432,-8.270,0.036,0.442
1.00,433,7.371,3.201,0.313
1.00,434,-8.270,0.036,0.442
1.00,435,5.305,5.703,0.264
1.00,436,8.025,-0.408,0.294
1.00,437,-5.318,-5.848,0.486
1.00,438,-5.318,-5.848,0.486
1.00,439,-3.919,2.795,-8.811
1.00,440,7.371,3.201,0.313
1.00,441,-5.399,-5.781,0.513
1.00,442,-5.318,-5.848,0.486
1.00,443,3.359,7.474,0.275
1.00,444,-3.109,7.644,0.436
1.00,445,-3.109,7.644,0.436
1.00,446,0.314,-8.029,0.304
1.00,447,5.129,5.862,0.270
1.00,448,-7.555,3.121,0.418
1.00,449,-5.318,-5.848,0.486
1.00,450,-5.730,5.238,0.248
1.00,451,0.259,-8.046,0.309
1.00,452,1.010,-0.445,-4.746
1.00,453,-3.109,7.644,0.436
1.00,454,5.305,5.703,0.264
1.00,455,-8.270,0.036,0.442
1.00,456,-7.555,3.121,0.418
1.00,457,7.371,3.201,0.313
1.00,458,-5.730,5.239,0.248
1.00,459,3.358,7.474,0.275
1.00,460,-5.318,-5.848,0.486
1.00,461,-8.270,0.036,0.442
1.00,462,-4.419,-6.430,0.392
1.00,463,7.063,-3.774,0.247
1.00,464,-5.724,5.251,0.248
1.00,465,5.308,5.701,0.264
1.00,466,3.359,7.474,0.275
1.00,467,-3.109,7.644,0.436
1.00,468,-7.555,3.121,0.418
1.00,469,8.025,-0.408,0.294
1.00,470,8.025,-0.408,0.294
1.00,471,0.448,-0.358,-5.629
1.00,472,8.025,-0.408,0.294
1.00,473,-5.730,5.238,0.248
1.00,474,-8.270,0.036,0.442
1.00,475,-5.318,-5.848,0.486
1.00,476,0.314,-8.029,0.304
1.00,477,7.371,3.201,0.313
1.00,478,8.025,-0.406,0.294
1.00,479,5.305,5.703,0.264
1.00,480,-5.730,5.238,0.248
1.00,481,-5.730,5.238,0.248
1.00,482,-5.318,-5.847,0.486
1.00,483,0.280,-8.039,0.308
1.00,484,-5.317,-5.848,0.486
1.00,485,0.106,8.264,0.270
1.00,486,5.299,5.708,0.264
1.00,487,5.305,5.703,0.264
1.00,488,-7.556,3.118,0.419
1.00,489,0.106,8.264,0.270
1.00,490,-5.318,-5.848,0.486
1.00,491,-4.157,-6.610,0.372
1.00,492,0.546,-0.365,-11.070
1.00,493,5.398,5.616,0.265
1.00,494,8.025,-0.408,0.294
1.00,495,0.106,8.264,0.270
1.00,496,-7.222,-3.357,0.262
1.00,497,0.528,-0.627,-5.009
1.00,498,6.881,9.273,9.282
1.00,499,0.314,-8.029,0.304
1.00,500,-7.555,3.121,0.418
1.00,501,5.305,5.703,0.264
1.00,502,-3.109,7.644,0.436
1.00,503,5.435,-5.558,0.258
1.00,504,-3.109,7.644,0.436
1.00,505,5.423,-5.576,0.259
1.00,506,-5.318,-5.847,0.486
1.00,507,0.314,-8.029,0.304
1.00,508,-3.107,7.644,0.439
1.00,509,5.618,-5.301,0.242
1.00,510,5.286,5.719,0.264
1.00,511,-5.730,5.238,0.248
1.00,512,-8.270,0.036,0.442
1.00,513,-8.270,0.036,0.442
1.00,514,5.305,5.703,0.264
1.00,515,-5.318,-5.847,0.486
1.00,516,-5.388,-5.791,0.508
1.00,517,0.314,-8.029,0.304
1.00,518,-4.586,8.554,4.637
1.00,519,-4.184,-6.591,0.373
1.00,520,-3.872,-6.823,0.358
1.00,521,7.348,-3.484,0.291
1.00,522,-3.766,-6.906,0.350
1.00,523,-3.109,7.644,0.436
1.00,524,0.818,-6.300,-0.382
1.00,525,-8.270,0.036,0.442
1.00,526,-5.318,-5.848,0.486
1.00,527,5.305,5.703,0.264
1.00,528,-5.384,-5.794,0.507
1.00,529,0.781,3.147,-2.026
1.00,530,-5.317,-5.848,0.486
1.00,531,7.371,3.201,0.313
1.00,532,5.449,-5.536,0.257
1.00,533,-5.730,5.238,0.248
1.00,534,8.025,-0.408,0.294
1.00,535,5.442,-5.547,0.258
1.00,536,-5.320,-5.845,0.487
1.00,537,8.025,-0.408,0.294
1.00,538,-5.730,5.239,0.248
1.00,539,7.371,3.201,0.313
1.00,540,-8.257,0.074,0.433
1.00,541,0.315,-1.255,-2.707
1.00,542,7.371,3.201,0.313
1.00,543,7.348,-3.484,0.291
1.00,544,-7.222,-3.357,0.262
1.00,545,-8.270,0.036,0.442
1.00,546,0.314,-8.029,0.304
1.00,547,3.480,-7.373,0.245
1.00,548,-5.318,-5.847,0.486
1.00,549,-5.730,5.238,0.248
1.00,550,0.314,-8.029,0.304
1.00,551,0.106,8.264,0.270
1.00,552,3.480,-7.373,0.245
1.00,553,0.300,-0.184,-6.773
1.00,554,-8.263,0.058,0.437
1.00,555,-7.555,3.121,0.418
1.00,556,0.314,-8.029,0.304
1.00,557,-7.548,3.140,0.420
1.00,558,3.359,7.474,0.275
1.00,559,0.255,-8.047,0.309
1.00,560,-8.197,0.225,0.413
1.00,561,-5.318,-5.848,0.486
1.00,562,5.426,-5.571,0.259
1.00,563,8.025,-0.408,0.294
1.00,564,8.283,-4.865,5.584
1.00,565,0.314,-8.029,0.304
1.00,566,-5.318,-5.848,0.486
1.00,567,8.025,-0.410,0.294
1.00,568,5.419,-5.582,0.259
1.00,569,5.307,5.701,0.264
1.00,570,-8.270,0.036,0.442
1.00,571,-5.318,-5.848,0.486
1.00,572,5.305,5.703,0.264
1.00,573,5.305,5.703,0.264
1.00,574,0.314,-8.029,0.304
1.00,575,5.377,5.636,0.264
1.00,576,0.407,-0.278,-10.525
1.00,577,-8.269,0.038,0.442
1.00,578,0.314,-8.029,0.304
1.00,579,8.025,-0.408,0.294
1.00,580,-8.270,0.036,0.442
1.00,581,0.106,8.264,0.270
1.00,582,3.360,7.473,0.275
1.00,583,5.305,5.703,0.264
1.00,584,-5.362,-5.813,0.499
1.00,585,5.603,-5.323,0.244
1.00,586,-5.315,-5.849,0.486
1.00,587,0.318,-8.027,0.304
1.00,588,0.314,-8.029,0.304
1.00,589,-5.516,-0.632,5.388
1.00,590,-3.531,-7.074,0.330
1.00,591,5.422,-5.578,0.259
1.00,592,5.305,5.703,0.264
1.00,593,-0.285,-0.164,-0.426
1.00,594,0.106,8.264,0.270
1.00,595,-8.270,0.035,0.443
1.00,596,0.314,-8.029,0.304
1.00,597,0.106,8.264,0.270
1.00,598,-7.256,-3.300,0.258
1.00,599,-5.318,-5.848,0.486
1.00,600,-7.222,-3.357,0.262
1.00,601,5.317,5.692,0.264
1.00,602,5.649,-5.256,0.239
1.00,603,0.314,-8.029,0.304
1.00,604,-8.270,0.036,0.442
1.00,605,-8.270,0.036,0.442
1.00,606,-5.730,5.238,0.248
1.00,607,-2.919,7.527,3.251
1.00,608,-5.730,5.238,0.248
1.00,609,-7.222,-3.357,0.262
1.00,610,-8.270,0.036,0.442
1.00,611,8.025,-0.408,0.294
1.00,612,5.492,-5.475,0.254
1.00,613,-5.730,5.238,0.248
1.00,614,8.025,-0.408,0.294
1.00,615,-3.109,7.644,0.436
1.00,616,-10.029,5.062,2.191
1.00,617,-0.432,-4.590,-8.726
1.00,618,-8.270,0.036,0.442
1.00,619,5.308,5.700,0.264
1.00,620,2.044,3.890,0.823
1.00,621,-8.270,0.036,0.442
1.00,622,-8.270,0.036,0.442
1.00,623,-5.731,5.238,0.248
1.00,624,5.471,-5.505,0.255
1.00,625,-5.730,5.238,0.248
1.00,626,-7.456,5.967,8.622
1.00,627,5.426,-5.572,0.259
1.00,628,-7.555,3.121,0.418
1.00,629,-5.318,-5.848,0.486
1.00,630,3.481,-7.373,0.245
1.00,631,5.305,5.703,0.264
1.00,632,-5.730,5.238,0.248
1.00,633,-8.270,0.036,0.442
1.00,634,-5.730,5.238,0.248
1.00,635,7.371,3.201,0.313
1.00,636,-5.317,-5.848,0.486
1.00,637,-8.270,0.036,0.442
1.00,638,0.932,-4.440,3.067
1.00,639,-5.730,5.238,0.248
1.00,640,-5.318,-5.847,0.486
1.00,641,5.318,5.691,0.264
1.00,642,5.235,-10.882,2.990
1.00,643,-4.190,7.085,0.484
1.00,644,3.304,7.506,0.268
1.00,645,5.426,-5.571,0.259
1.00,646,-5.318,-5.848,0.486
1.00,647,5.305,5.703,0.264
1.00,648,5.308,5.700,0.264
1.00,649,7.353,-3.478,0.292
1.00,650,-8.270,0.036,0.442
1.00,651,-7.555,3.121,0.418
1.00,652,5.429,-5.566,0.259
1.00,653,5.465,-5.514,0.256
1.00,654,-8.270,0.036,0.442
1.00,655,7.348,-3.484,0.291
1.00,656,0.314,-8.029,0.304
1.00,657,-8.270,0.036,0.442
1.00,658,-5.318,-5.848,0.486
1.00,659,0.014,8.277,0.266
1.00,660,7.348,-3.484,0.291
1.00,661,3.345,7.483,0.273
1.00,662,4.935,-6.219,0.288
1.00,663,0.314,-8.029,0.304
1.00,664,8.025,-0.408,0.294
1.00,665,2.247,-4.248,2.549
1.00,666,-7.558,-2.770,0.268
1.00,667,-3.109,7.644,0.436
1.00,668,3.359,7.474,0.275
1.00,669,-5.730,5.238,0.248
1.00,670,-5.318,-5.848,0.486
1.00,671,-5.730,5.238,0.248
1.00,672,6.292,4.604,0.227
1.00,673,7.371,3.201,0.313
1.00,674,0.204,-0.288,-9.594
1.00,675,0.323,-8.026,0.303
1.00,676,-7.369,-5.688,-8.140
1.00,677,5.425,-5.573,0.259
1.00,678,-3.109,7.644,0.436
1.00,679,0.106,8.264,0.270
1.00,680,-5.318,-5.848,0.486
1.00,681,4.021,-9.029,-8.039
1.00,682,-3.109,7.644,0.436
1.00,683,5.305,5.703,0.264
1.00,684,5.424,-5.575,0.259
1.00,685,-8.270,0.036,0.442
1.00,686,7.371,3.201,0.313
1.00,687,5.304,5.704,0.264
1.00,688,-7.199,-3.395,0.264
1.00,689,8.025,-0.408,0.294
1.00,690,-3.899,-6.801,0.361
1.00,691,5.428,-5.568,0.259
1.00,692,-8.270,0.036,0.442
1.00,693,5.305,5.703,0.264
1.00,694,-3.109,7.644,0.436
1.00,695,-5.717,5.264,0.249
1.00,696,-8.270,0.036,0.442
1.00,697,0.314,-8.029,0.304
1.00,698,-3.520,-7.083,0.329
1.00,699,5.984,-5.921,6.513
1.00,700,-7.555,3.121,0.418
1.00,701,5.409,-5.597,0.259
1.00,702,-5.730,5.238,0.248
1.00,703,-3.109,7.644,0.436
1.00,704,-3.109,7.644,0.436
1.00,705,3.359,7.474,0.275
1.00,706,6.300,8.313,-7.208
1.00,707,5.298,5.710,0.264
1.00,708,8.025,-0.408,0.294
1.00,709,-5.730,5.238,0.248
1.00,710,5.756,7.791,-10.806
1.00,711,0.106,8.264,0.270
1.00,712,-5.730,5.238,0.248
1.00,713,-3.678,-0.824,7.768
1.00,714,5.425,-5.573,0.259
1.00,715,-5.317,-5.848,0.486
1.00,716,-7.555,3.121,0.418
1.00,717,0.374,-1.235,-2.716
1.00,718,0.314,-8.029,0.304
1.00,719,3.480,-7.373,0.245
1.00,720,0.106,8.264,0.270
1.00,721,-5.730,5.238,0.248
1.00,722,3.358,7.474,0.275
1.00,723,0.314,-8.029,0.304
1.00,724,7.731,-6.112,4.196
1.00,725,-8.270,0.036,0.442
1.00,726,-0.907,-0.201,7.738
1.00,727,0.314,-8.029,0.304
1.00,728,-5.318,-5.848,0.486
1.00,729,-5.730,5.238,0.248
1.00,730,-3.109,7.644,0.436
1.00,731,-8.270,0.036,0.442
1.00,732,0.314,-8.029,0.304
1.00,733,-5.318,-5.847,0.486
1.00,734,0.106,8.264,0.270
1.00,735,5.426,-5.571,0.259
1.00,736,-5.332,-5.837,0.490
1.00,737,8.025,-0.408,0.294
1.00,738,-4.194,-6.583,0.374
1.00,739,-7.555,3.121,0.418
1.00,740,-8.270,0.035,0.443
1.00,741,0.314,-8.029,0.304
1.00,742,7.348,-3.484,0.291
1.00,743,1.170,-6.894,-0.228
1.00,744,-3.603,-7.024,0.335
1.00,745,-3.109,7.644,0.436
1.00,746,-8.268,0.041,0.441
1.00,747,7.348,-3.484,0.291
1.00,748,-8.270,0.036,0.442
1.00,749,-3.111,7.644,0.435
1.00,750,0.314,-8.029,0.304
1.00,751,8.025,-0.408,0.294
1.00,752,0.314,-8.029,0.304
1.00,753,7.348,-3.484,0.291
1.00,754,0.314,-8.029,0.304
1.00,755,11.022,-7.167,-8.738
1.00,756,0.314,-8.029,0.304
1.00,757,-7.555,3.121,0.418
1.00,758,3.359,7.474,0.275
1.00,759,0.104,8.265,0.270
1.00,760,-5.722,5.257,0.248
1.00,761,-3.499,-7.097,0.327
1.00,762,5.308,5.700,0.264
1.00,763,-5.318,-5.848,0.486
1.00,764,-5.593,-4.489,7.691
1.00,765,5.418,-5.584,0.259
1.00,766,7.348,-3.484,0.291
1.00,767,7.371,3.201,0.313
1.00,768,8.025,-0.408,0.294
1.00,769,7.371,3.201,0.313
1.00,770,-5.067,-6.009,0.453
1.00,771,7.371,3.201,0.313
1.00,772,0.450,-0.292,-10.604
1.00,773,5.476,-5.498,0.255
1.00,774,-5.318,-5.848,0.486
1.00,775,5.305,5.703,0.264
1.00,776,-7.555,3.121,0.418
1.00,777,-5.318,-5.848,0.486
1.00,778,3.100,8.938,9.176
1.00,779,-7.330,-5.056,8.991
1.00,780,-5.726,5.247,0.248
1.00,781,3.359,7.474,0.275
1.00,782,5.429,-5.566,0.259
1.00,783,5.305,5.703,0.264
1.00,784,0.106,8.264,0.270
1.00,785,-3.492,-7.102,0.327
1.00,786,0.281,-8.039,0.308
1.00,787,-5.730,5.238,0.248
1.00,788,5.424,-5.575,0.259
1.00,789,8.025,-0.408,0.294
1.00,790,7.352,-3.479,0.292
1.00,791,3.480,-7.373,0.245
1.00,792,-2.323,0.550,-4.039
1.00,793,-8.270,0.036,0.442
1.00,794,-8.270,0.036,0.442
1.00,795,5.436,-5.556,0.258
1.00,796,5.305,5.703,0.264
1.00,797,5.431,-5.564,0.259
1.00,798,-3.109,7.644,0.436
1.00,799,-8.270,0.036,0.442
1.00,800,5.309,5.699,0.264
1.00,801,0.314,-8.029,0.304
1.00,802,-5.317,-5.848,0.486
1.00,803,3.480,-7.373,0.245
1.00,804,-7.555,3.121,0.418
1.00,805,-0.830,-5.838,-10.595
1.00,806,5.424,-5.574,0.259
1.00,807,-5.318,-5.848,0.486
1.00,808,-5.731,5.238,0.248
1.00,809,-3.109,7.644,0.436
1.00,810,-5.730,5.238,0.248
1.00,811,-7.233,-3.339,0.260
1.00,812,5.315,5.694,0.264
1.00,813,-5.318,-5.848,0.486
1.00,814,0.106,8.264,0.270
1.00,815,8.025,-0.408,0.294
1.00,816,5.305,5.703,0.264
1.00,817,-5.317,-5.848,0.486
1.00,818,-8.270,0.036,0.442
1.00,819,7.381,3.187,0.317
1.00,820,0.095,8.241,0.281
1.00,821,-3.109,7.644,0.436
1.00,822,-0.343,1.987,8.383
1.00,823,-3.109,7.644,0.436
1.00,824,-5.316,-5.849,0.486
1.00,825,-5.730,5.238,0.248
1.00,826,7.343,-3.489,0.290
1.00,827,7.350,-3.481,0.291
1.00,828,-5.730,5.239,0.248
1.00,829,5.599,5.405,0.252
1.00,830,8.025,-0.408,0.294
1.00,831,3.359,7.474,0.275
1.00,832,5.305,5.703,0.264
1.00,833,0.106,8.264,0.270
1.00,834,7.371,3.201,0.313
1.00,835,3.359,7.474,0.275
1.00,836,8.025,-0.408,0.294
1.00,837,0.314,-8.029,0.304
1.00,838,-5.730,5.238,0.248
1.00,839,3.359,7.474,0.275
1.00,840,0.314,-8.029,0.304
1.00,841,-3.109,7.644,0.436
1.00,842,7.371,3.201,0.313
1.00,843,3.359,7.474,0.275
1.00,844,5.493,5.515,0.261
1.00,845,-5.316,-5.848,0.486
1.00,846,7.371,3.201,0.313
1.00,847,5.305,5.703,0.264
1.00,848,-5.730,5.238,0.248
1.00,849,-3.107,7.644,0.439
1.00,850,-5.730,5.238,0.248
1.00,851,-7.555,3.121,0.418
1.00,852,3.359,7.474,0.275
1.00,853,-0.323,-4.530,-5.272
1.00,854,-8.270,0.036,0.442
1.00,855,3.480,-7.373,0.245
1.00,856,5.336,5.675,0.264
1.00,857,7.348,-3.484,0.291
1.00,858,-8.270,0.036,0.442
1.00,859,-3.109,7.644,0.436
1.00,860,-8.252,0.088,0.430
1.00,861,-8.270,0.036,0.442
1.00,862,-3.109,7.644,0.436
1.00,863,6.204,-8.071,7.535
1.00,864,-3.631,0.821,2.151
1.00,865,-5.730,5.238,0.248
1.00,866,3.359,7.474,0.275
1.00,867,-5.226,-5.912,0.469
1.00,868,5.425,-5.573,0.259
1.00,869,-5.730,5.238,0.248
1.00,870,4.650,-11.018,2.351
1.00,871,0.304,-8.032,0.306
1.00,872,8.025,-0.408,0.294
1.00,873,-7.555,3.121,0.418
1.00,874,-8.270,0.036,0.442
1.00,875,8.026,-0.405,0.294
1.00,876,0.715,-0.880,-4.305
1.00,877,8.230,4.298,1.080
1.00,878,3.358,7.474,0.275
1.00,879,5.305,5.703,0.264
1.00,880,8.025,-0.408,0.294
1.00,881,7.371,3.201,0.313
1.00,882,6.312,4.574,0.224
1.00,883,5.305,5.703,0.264
1.00,884,8.528,6.090,6.692
1.00,885,5.452,-5.533,0.257
1.00,886,-7.555,3.121,0.418
1.00,887,-5.724,5.252,0.248
1.00,888,-8.236,0.135,0.420
1.00,889,0.466,-7.984,0.284
1.00,890,5.305,5.703,0.264
1.00,891,0.106,8.264,0.270
1.00,892,5.308,5.701,0.264
1.00,893,-8.270,0.036,0.442
1.00,894,0.923,-6.269,-0.318
1.00,895,-7.555,3.121,0.418
1.00,896,8.025,-0.408,0.294
1.00,897,-3.109,7.644,0.436
1.00,898,2.241,9.138,8.425
1.00,899,-8.274,0.019,0.448
1.00,900,-8.270,0.036,0.442
1.00,901,3.359,7.474,0.275
1.00,902,-0.403,-0.109,-0.175
1.00,903,0.314,-8.029,0.304
1.00,904,0.106,8.264,0.270
1.00,905,3.480,-7.373,0.245
1.00,906,7.348,-3.484,0.291
1.00,907,0.314,-8.029,0.304
1.00,908,5.428,-5.568,0.259
1.00,909,3.480,-7.373,0.245
1.00,910,7.293,-3.547,0.280
1.00,911,0.106,8.264,0.270
1.00,912,0.638,-7.924,0.271
1.00,913,-5.331,-5.836,0.492
1.00,914,4.876,-2.415,4.061
1.00,915,-5.318,-5.848,0.486
1.00,916,-5.730,5.238,0.248
1.00,917,5.429,-5.566,0.259
1.00,918,0.314,-8.029,0.304
1.00,919,7.371,3.201,0.313
1.00,920,7.371,3.201,0.313
1.00,921,5.425,-5.573,0.259
1.00,922,7.348,-3.483,0.291
1.00,923,0.106,8.264,0.270
1.00,924,0.314,-8.029,0.304
1.00,925,3.359,7.474,0.275
1.00,926,3.359,7.474,0.275
1.00,927,5.303,5.705,0.264
1.00,928,-7.222,-3.358,0.262
1.00,929,8.025,-0.408,0.294
1.00,930,3.480,-7.373,0.245
1.00,931,5.426,-5.571,0.259
1.00,932,5.307,5.701,0.264
1.00,933,7.348,-3.484,0.291
1.00,934,-5.730,5.238,0.248
1.00,935,0.314,-8.029,0.304
1.00,936,-7.555,3.121,0.418
1.00,937,-5.318,-5.848,0.486
1.00,938,-10.288,5.368,5.000
1.00,939,8.025,-0.408,0.294
1.00,940,0.687,-4.697,3.554
1.00,941,5.305,5.703,0.264
1.00,942,-5.333,-5.836,0.490
1.00,943,0.314,-8.029,0.304
1.00,944,-5.730,5.238,0.248
1.00,945,3.359,7.474,0.275
1.00,946,5.310,5.699,0.264
1.00,947,-7.555,3.121,0.418
1.00,948,1.228,5.020,7.252
1.00,949,-3.109,7.644,0.436
1.00,950,0.314,-8.029,0.304
1.00,951,8.025,-0.408,0.294
1.00,952,0.260,-0.267,-8.599
1.00,953,3.359,7.474,0.275
1.00,954,8.025,-0.408,0.294
1.00,955,-8.270,0.036,0.442
1.00,956,0.314,-8.029,0.304
1.00,957,5.311,5.697,0.264
1.00,958,-3.109,7.644,0.436
1.00,959,-5.318,-5.848,0.486
1.00,960,-5.730,5.238,0.248
1.00,961,5.306,5.702,0.264
1.00,962,3.359,7.474,0.275
1.00,963,5.428,-5.568,0.259
1.00,964,-7.555,3.121,0.418
1.00,965,5.305,5.703,0.264
1.00,966,8.025,-0.408,0.294
1.00,967,-3.109,7.644,0.436
1.00,968,3.480,-7.373,0.245
1.00,969,5.484,-5.486,0.255
1.00,970,8.025,-0.408,0.294
1.00,971,-8.270,0.036,0.442
1.00,972,8.025,-0.408,0.294
1.00,973,-5.730,5.238,0.248
1.00,974,7.348,-3.484,0.291
1.00,975,-3.109,7.644,0.436
1.00,976,-8.235,0.148,0.413
1.00,977,-8.270,0.036,0.442
1.00,978,5.316,5.693,0.264
1.00,979,-8.270,0.036,0.442
1.00,980,-3.906,-6.796,0.361
1.00,981,-10.086,5.197,-9.844
1.00,982,-5.318,-5.848,0.486
1.00,983,5.424,-5.574,0.259
1.00,984,-5.358,-5.814,0.503
1.00,985,-5.730,5.238,0.248
1.00,986,1.355,-7.748,3.313
1.00,987,-5.318,-5.848,0.486
1.00,988,7.371,3.201,0.313
1.00,989,0.092,8.268,0.270
1.00,990,-5.318,-5.848,0.486
1.00,991,-5.730,5.238,0.248
1.00,992,-7.222,-3.357,0.262
1.00,993,3.359,7.474,0.275
1.00,994,10.893,-6.582,-4.193
1.00,995,5.305,5.703,0.264
1.00,996,-8.270,0.036,0.442
1.00,997,0.106,8.264,0.270
1.00,998,0.314,-8.029,0.304
1.00,999,5.305,5.703,0.264
1.00,1000,5.403,5.611,0.265
1.00,1001,5.305,5.703,0.264
1.00,1002,-7.550,3.145,0.414
1.00,1003,8.025,-0.408,0.294
1.00,1004,7.371,3.201,0.313
1.00,1005,0.103,8.265,0.270
1.00,1006,-5.730,5.238,0.248
1.00,1007,-5.318,-5.848,0.486
1.00,1008,5.537,-5.412,0.251
1.00,1009,0.106,8.264,0.270
1.00,1010,0.106,8.264,0.270
1.00,1011,7.348,-3.484,0.291
1.00,1012,8.025,-0.408,0.294
1.00,1013,0.106,8.264,0.270
1.00,1014,8.025,-0.408,0.294
1.00,1015,3.359,7.474,0.275
1.00,1016,-5.317,-5.848,0.486
1.00,1017,-3.109,7.644,0.436
1.00,1018,-3.109,7.644,0.436
1.00,1019,0.314,-8.029,0.304
1.00,1020,8.025,-0.408,0.294
1.00,1021,9.716,-6.736,0.050
1.00,1022,8.025,-0.408,0.294
1.00,1023,-8.270,0.036,0.442
1.00,1024,5.305,5.703,0.264
1.00,1025,5.305,5.703,0.264
1.00,1026,0.333,-8.023,0.302
1.00,1027,-5.730,5.238,0.248
1.00,1028,7.348,-3.484,0.291
1.00,1029,-5.317,-5.848,0.486
1.00,1030,-8.270,0.036,0.442
1.00,1031,-7.555,3.121,0.418
1.00,1032,0.316,-8.028,0.304
1.00,1033,-5.335,-5.834,0.491
1.00,1034,7.371,3.201,0.313
1.00,1035,-5.730,5.238,0.248
1.00,1036,8.648,-7.847,4.418
1.00,1037,5.306,5.702,0.264
1.00,1038,0.663,-7.921,0.287
1.00,1039,-8.270,0.036,0.442
1.00,1040,8.025,-0.409,0.294
1.00,1041,-5.318,-5.848,0.486
1.00,1042,3.359,7.474,0.275
1.00,1043,7.348,-3.484,0.291
1.00,1044,8.025,-0.408,0.294
1.00,1045,3.480,-7.373,0.245
1.00,1046,0.314,-8.029,0.304
1.00,1047,-8.192,3.272,4.253
1.00,1048,0.746,-7.880,0.267
1.00,1049,3.359,7.474,0.275
1.00,1050,-5.316,-5.849,0.486
1.00,1051,0.106,8.264,0.270
1.00,1052,7.306,-3.533,0.283
1.00,1053,-5.730,5.238,0.248
1.00,1054,7.371,3.201,0.313
1.00,1055,8.025,-0.408,0.294
1.00,1056,1.329,-4.473,3.241
1.00,1057,0.314,-8.029,0.304
1.00,1058,8.025,-0.408,0.294
1.00,1059,3.383,3.776,-10.916
1.00,1060,7.371,3.201,0.313
1.00,1061,-7.555,3.121,0.418
1.00,1062,5.305,5.703,0.264
1.00,1063,5.425,-5.573,0.259
1.00,1064,7.371,3.200,0.313
1.00,1065,5.305,5.703,0.264
1.00,1066,-7.555,3.121,0.418
1.00,1067,-7.600,0.702,0.525
1.00,1068,0.314,-8.029,0.304
1.00,1069,7.293,-3.544,0.281
1.00,1070,5.305,5.703,0.264
1.00,1071,-5.289,-5.869,0.480
1.00,1072,0.314,-8.029,0.304
1.00,1073,-8.270,0.036,0.442
1.00,1074,3.359,7.474,0.275
1.00,1075,7.371,3.201,0.313
1.00,1076,-5.428,-5.764,0.510
1.00,1077,0.314,-8.029,0.304
1.00,1078,5.423,-5.576,0.259
1.00,1079,5.418,-5.584,0.259
1.00,1080,-8.240,0.133,0.416
1.00,1081,5.314,5.695,0.264
1.00,1082,-5.318,-5.848,0.486
1.00,1083,0.361,-8.016,0.298
1.00,1084,0.106,8.264,0.270
1.00,1085,3.359,7.474,0.275
1.00,1086,-7.562,3.136,0.392
1.00,1087,7.356,-3.474,0.293
1.00,1088,-5.324,-5.843,0.488
1.00,1089,-5.318,-5.847,0.486
1.00,1090,-3.673,-6.974,0.342
1.00,1091,5.305,5.703,0.264
1.00,1092,-5.731,5.236,0.248
1.00,1093,-7.772,1.560,0.263
1.00,1094,5.271,5.734,0.265
1.00,1095,-5.730,5.238,0.248
1.00,1096,3.480,-7.373,0.245
1.00,1097,-3.610,-7.019,0.336
1.00,1098,0.314,-8.029,0.304
1.00,1099,7.064,2.756,1.150
1.00,1100,7.371,3.201,0.313
1.00,1101,8.025,-0.408,0.294
1.00,1102,0.314,-8.029,0.304
1.00,1103,3.480,-7.373,0.245
1.00,1104,5.428,-5.568,0.259
1.00,1105,-3.822,-6.862,0.354
1.00,1106,-3.109,7.644,0.436
1.00,1107,0.106,8.264,0.270
1.00,1108,7.411,-3.412,0.303
1.00,1109,-8.270,0.036,0.442
1.00,1110,-3.109,7.644,0.436
1.00,1111,7.348,-3.484,0.291
1.00,1112,3.359,7.474,0.275
1.00,1113,5.434,-5.559,0.258
1.00,1114,5.305,5.705,0.264
1.00,1115,0.314,-8.029,0.304
1.00,1116,-4.909,9.697,7.523
1.00,1117,5.300,5.708,0.264
1.00,1118,5.305,5.703,0.264
1.00,1119,5.306,5.702,0.264
1.00,1120,-5.730,5.238,0.248
1.00,1121,5.424,-5.575,0.259
1.00,1122,7.370,-3.458,0.296
1.00,1123,-8.270,0.036,0.442
1.00,1124,0.106,8.264,0.270
1.00,1125,0.183,-0.294,-9.486
1.00,1126,7.371,3.201,0.313
1.00,1127,-8.270,0.036,0.442
1.00,1128,-5.730,5.238,0.248
1.00,1129,7.348,-3.484,0.291
1.00,1130,-7.555,3.121,0.418
1.00,1131,7.348,-3.484,0.291
1.00,1132,0.106,8.264,0.270
1.00,1133,7.362,3.213,0.310
1.00,1134,-5.730,5.238,0.248
1.00,1135,5.308,5.700,0.264
1.00,1136,7.371,3.201,0.313
1.00,1137,7.487,-3.721,-5.891
1.00,1138,-5.730,5.238,0.248
1.00,1139,3.359,7.474,0.275
1.00,1140,-5.318,-5.848,0.486
1.00,1141,-7.555,3.121,0.418
1.00,1142,0.106,8.264,0.270
1.00,1143,0.314,8.233,5.119
1.00,1144,0.106,8.264,0.270
1.00,1145,-3.109,7.644,0.436
1.00,1146,-5.318,-5.848,0.486
1.00,1147,-5.318,-5.848,0.486
1.00,1148,5.306,5.702,0.264
1.00,1149,0.314,-8.029,0.304
1.00,1150,-7.555,3.121,0.418
1.00,1151,0.106,8.264,0.270
1.00,1152,5.425,-5.573,0.259
1.00,1153,0.192,-0.283,-9.650
1.00,1154,-7.222,-3.357,0.262
1.00,1155,5.432,-5.562,0.259
1.00,1156,0.106,8.264,0.270
1.00,1157,-5.730,5.238,0.248
1.00,1158,-8.270,0.036,0.442
1.00,1159,5.306,5.702,0.264
1.00,1160,-7.222,-3.357,0.262
1.00,1161,-4.962,-6.072,0.444
1.00,1162,5.420,-5.580,0.259
1.00,1163,5.305,5.703,0.264
1.00,1164,5.304,5.704,0.264
1.00,1165,-5.730,5.238,0.248
1.00,1166,-5.292,-5.866,0.481
1.00,1167,0.106,8.264,0.270
1.00,1168,-5.318,-5.848,0.486
1.00,1169,3.359,7.474,0.275
1.00,1170,5.426,-5.571,0.259
1.00,1171,7.371,3.201,0.313
1.00,1172,-5.317,-5.848,0.486
1.00,1173,5.298,5.709,0.264
1.00,1174,-4.250,2.286,-5.978
1.00,1175,0.106,8.264,0.270
1.00,1176,-8.270,0.036,0.442
1.00,1177,-5.318,-5.847,0.486
1.00,1178,-5.318,-5.848,0.486
1.00,1179,-5.730,5.238,0.248
1.00,1180,0.106,8.264,0.270
1.00,1181,3.359,7.474,0.275
1.00,1182,-5.730,5.238,0.248
1.00,1183,-3.109,7.644,0.436
1.00,1184,-7.222,-3.357,0.262
1.00,1185,5.306,5.702,0.264
1.00,1186,0.106,8.264,0.270
1.00,1187,3.359,7.474,0.275
1.00,1188,0.106,8.264,0.270
1.00,1189,-5.730,5.238,0.248
1.00,1190,0.442,6.808,4.486
1.00,1191,7.371,3.201,0.313
1.00,1192,0.314,-8.029,0.304
1.00,1193,7.348,-3.484,0.291
1.00,1194,-7.555,3.121,0.418
1.00,1195,-3.492,1.785,-4.656
1.00,1196,7.391,-3.435,0.300
1.00,1197,5.429,-5.567,0.259
1.00,1198,-5.730,5.238,0.248
1.00,1199,5.305,5.703,0.264
1.00,1200,0.314,-8.029,0.304
1.00,1201,-4.423,-6.241,6.677
1.00,1202,-5.730,5.238,0.248
1.00,1203,-3.109,7.644,0.436
1.00,1204,1.023,-4.589,1.568
1.00,1205,-3.111,7.646,0.434
1.00,1206,-3.907,-6.795,0.361
1.00,1207,5.305,5.703,0.264
1.00,1208,0.106,8.264,0.270
1.00,1209,7.348,-3.484,0.291
1.00,1210,0.150,-0.270,-9.775
1.00,1211,7.348,-3.484,0.291
1.00,1212,-8.270,0.036,0.442
1.00,1213,-8.270,0.036,0.442
1.00,1214,-5.371,-5.796,0.530
1.00,1215,-5.318,-5.848,0.486
1.00,1216,0.106,8.264,0.270
1.00,1217,-8.270,0.036,0.442
1.00,1218,5.305,5.703,0.264
1.00,1219,0.314,-8.029,0.304
1.00,1220,-9.958,-5.078,4.927
1.00,1221,-7.222,-3.358,0.262
1.00,1222,-3.350,-7.201,0.322
1.00,1223,-8.270,0.036,0.442
1.00,1224,-3.366,-7.190,0.322
1.00,1225,-5.318,-5.848,0.486
1.00,1226,3.480,-7.373,0.245
1.00,1227,5.305,5.703,0.264
1.00,1228,5.423,-5.576,0.259
1.00,1229,-7.555,3.121,0.418
1.00,1230,2.637,4.163,1.965
1.00,1231,-5.340,-5.830,0.492
1.00,1232,-8.270,0.036,0.442
1.00,1233,5.307,5.701,0.264
1.00,1234,-8.271,0.033,0.443
1.00,1235,5.440,-5.550,0.258
1.00,1236,5.432,-5.562,0.259
1.00,1237,-8.270,0.036,0.442
1.00,1238,-7.556,3.164,0.396
1.00,1239,-5.730,5.238,0.248
1.00,1240,-7.950,-8.401,3.720
1.00,1241,7.348,-3.484,0.291
1.00,1242,-5.318,-5.848,0.486
1.00,1243,-5.318,-5.848,0.486
1.00,1244,7.371,3.201,0.313
1.00,1245,3.359,7.474,0.275
1.00,1246,0.314,-8.029,0.304
1.00,1247,-7.222,-3.357,0.262
1.00,1248,5.341,5.670,0.264
1.00,1249,0.106,8.264,0.270
1.00,1250,-3.109,7.644,0.436
1.00,1251,-1.598,-5.490,8.514
1.00,1252,-3.109,7.644,0.436
1.00,1253,-5.499,-5.737,0.506
1.00,1254,0.106,8.264,0.270
1.00,1255,0.668,0.548,-8.669
1.00,1256,5.995,-0.572,3.562
1.00,1257,-7.222,-3.357,0.262
1.00,1258,9.291,-6.591,3.908
1.00,1259,7.343,-3.490,0.290
1.00,1260,-5.318,-5.847,0.486
1.00,1261,0.314,-8.029,0.304
1.00,1262,-5.317,-5.848,0.486
1.00,1263,-7.555,3.121,0.418
1.00,1264,8.025,-0.408,0.294
1.00,1265,0.106,8.264,0.270
1.00,1266,5.313,5.696,0.264
1.00,1267,5.305,5.703,0.264
1.00,1268,3.359,7.474,0.275
1.00,1269,-3.109,7.644,0.436
1.00,1270,5.423,-5.575,0.259
1.00,1271,3.359,7.474,0.275
1.00,1272,-7.218,-3.365,0.262
1.00,1273,0.667,-9.841,3.836
1.00,1274,-3.109,7.644,0.436
1.00,1275,-5.730,5.238,0.248
1.00,1276,8.025,-0.408,0.294
1.00,1277,-8.270,0.036,0.442
1.00,1278,-5.318,-5.847,0.486
1.00,1279,-3.109,7.645,0.436
1.00,1280,0.378,-8.011,0.296
1.00,1281,-8.791,4.463,-0.045
1.00,1282,0.317,-8.028,0.304
1.00,1283,7.371,3.201,0.313
1.00,1284,-7.555,3.121,0.418
1.00,1285,-1.443,6.290,5.130
1.00,1286,-5.318,-5.848,0.486
1.00,1287,-5.730,5.238,0.248
1.00,1288,-8.270,0.036,0.442
1.00,1289,-3.109,7.644,0.436
1.00,1290,3.359,7.474,0.275
1.00,1291,5.423,-5.577,0.259
1.00,1292,2.349,9.864,7.666
1.00,1293,5.305,5.703,0.264
1.00,1294,5.406,-5.603,0.259
1.00,1295,5.420,-5.580,0.259
1.00,1296,-9.033,-8.960,-9.726
1.00,1297,-5.381,-5.797,0.505
1.00,1298,5.615,-5.302,0.243
1.00,1299,-3.109,7.644,0.436
1.00,1300,5.305,5.703,0.264
1.00,1301,-7.555,3.121,0.418
1.00,1302,3.359,7.474,0.275
1.00,1303,0.314,-8.029,0.304
1.00,1304,0.106,8.264,0.270
1.00,1305,5.305,5.703,0.264
1.00,1306,-3.351,-7.201,0.322
1.00,1307,-8.270,0.036,0.442
1.00,1308,-7.555,3.121,0.418
1.00,1309,5.305,5.703,0.264
1.00,1310,-5.730,5.238,0.248
1.00,1311,-5.730,5.238,0.248
1.00,1312,5.425,-5.573,0.259
1.00,1313,5.424,-5.574,0.259
1.00,1314,-3.109,7.644,0.436
1.00,1315,-5.730,5.238,0.248
1.00,1316,-3.109,7.644,0.436
1.00,1317,0.314,-8.029,0.304
1.00,1318,-3.109,7.644,0.436
1.00,1319,-7.555,3.121,0.418
1.00,1320,8.025,-0.408,0.294
1.00,1321,0.525,-7.968,0.279
1.00,1322,-3.109,7.644,0.436
1.00,1323,-7.553,3.134,0.413
1.00,1324,-5.318,-5.848,0.486
1.00,1325,7.371,3.201,0.313
1.00,1326,-7.555,3.121,0.418
1.00,1327,7.345,3.235,0.305
1.00,1328,5.413,-5.592,0.259
1.00,1329,5.425,-5.572,0.259
1.00,1330,0.314,-8.029,0.304
1.00,1331,-7.555,3.121,0.418
1.00,1332,0.106,8.264,0.270
1.00,1333,-8.270,0.036,0.442
1.00,1334,5.425,-5.573,0.259
1.00,1335,-8.613,-4.533,9.699
1.00,1336,7.371,3.201,0.313
1.00,1337,5.424,-5.575,0.259
1.00,1338,0.314,-8.029,0.304
1.00,1339,5.305,5.703,0.264
1.00,1340,-5.318,-5.848,0.486
1.00,1341,8.025,-0.408,0.294
1.00,1342,0.314,-8.029,0.304
1.00,1343,8.025,-0.408,0.294
1.00,1344,-5.730,5.238,0.248
1.00,1345,3.367,7.467,0.277
1.00,1346,-5.195,-5.932,0.465
1.00,1347,-5.318,-5.848,0.486
1.00,1348,-7.555,3.121,0.418
1.00,1349,8.025,-0.408,0.294
1.00,1350,-5.390,-5.789,0.509
1.00,1351,7.348,-3.484,0.291
1.00,1352,8.025,-0.408,0.294
1.00,1353,5.304,5.704,0.264
1.00,1354,0.314,-8.029,0.304
1.00,1355,8.025,-0.408,0.294
1.00,1356,8.025,-0.408,0.294
1.00,1357,0.106,8.264,0.270
1.00,1358,-5.318,-5.848,0.486
1.00,1359,-8.270,0.036,0.442
1.00,1360,5.317,5.692,0.264
1.00,1361,5.437,-5.555,0.258
1.00,1362,7.371,3.201,0.313
1.00,1363,3.359,7.474,0.275
1.00,1364,3.359,7.474,0.275
1.00,1365,5.311,5.697,0.264
1.00,1366,-5.318,-5.847,0.486
1.00,1367,-7.553,3.126,0.418
1.00,1368,-7.555,3.121,0.418
1.00,1369,-8.270,0.036,0.442
1.00,1370,-5.318,-5.848,0.486
1.00,1371,-0.506,-9.300,5.659
1.00,1372,0.106,8.264,0.270
1.00,1373,5.408,-5.600,0.259
1.00,1374,5.423,-5.577,0.259
1.00,1375,0.106,8.264,0.270
1.00,1376,0.320,-8.027,0.304
1.00,1377,5.305,5.703,0.264
1.00,1378,7.371,3.201,0.313
1.00,1379,5.426,-5.572,0.259
1.00,1380,-7.555,3.121,0.418
1.00,1381,-5.730,5.238,0.248
1.00,1382,7.371,3.201,0.313
1.00,1383,0.203,-0.288,-8.619
1.00,1384,0.314,-8.029,0.304
1.00,1385,-3.109,7.644,0.436
1.00,1386,5.307,5.701,0.264
1.00,1387,-3.109,7.644,0.436
1.00,1388,3.359,7.474,0.275
1.00,1389,-7.555,3.121,0.418
1.00,1390,-3.109,7.644,0.436
1.00,1391,0.314,-8.029,0.304
1.00,1392,-8.269,0.040,0.441
1.00,1393,5.456,-5.527,0.257
1.00,1394,5.422,-5.577,0.259
1.00,1395,0.314,-8.029,0.304
1.00,1396,-0.320,-4.560,-5.103
1.00,1397,8.015,-0.406,0.297
1.00,1398,5.422,-5.578,0.259
1.00,1399,0.106,8.264,0.270
1.00,1400,0.314,-8.029,0.304
1.00,1401,5.311,5.698,0.264
1.00,1402,5.465,-5.514,0.256
1.00,1403,-7.241,-3.327,0.260
1.00,1404,7.348,-3.484,0.291
1.00,1405,8.025,-0.408,0.294
1.00,1406,-5.316,-5.849,0.486
1.00,1407,-4.757,-6.216,0.419
1.00,1408,-6.234,0.117,8.508
1.00,1409,-8.270,0.036,0.442
1.00,1410,-5.321,-5.845,0.487
1.00,1411,-7.050,-7.363,3.072
1.00,1412,-5.730,5.238,0.248
1.00,1413,6.288,8.354,-8.771
1.00,1414,8.025,-0.408,0.294
1.00,1415,-5.317,-5.848,0.486
1.00,1416,7.050,-0.403,0.937
1.00,1417,-7.555,3.121,0.418
1.00,1418,-5.318,-5.847,0.486
1.00,1419,7.371,3.201,0.313
1.00,1420,-5.318,-5.848,0.486
1.00,1421,7.348,-3.484,0.291
1.00,1422,-4.041,-6.695,0.366
1.00,1423,-3.109,7.644,0.436
1.00,1424,8.507,-7.174,4.089
1.00,1425,0.104,8.265,0.270
1.00,1426,-7.222,-3.357,0.262
1.00,1427,5.436,-5.556,0.258
1.00,1428,8.781,-0.255,7.687
1.00,1429,5.424,-5.574,0.259
1.00,1430,0.106,8.264,0.270
1.00,1431,5.300,5.708,0.264
1.00,1432,5.513,-5.446,0.253
1.00,1433,-5.318,-5.848,0.486
1.00,1434,-7.555,3.121,0.418
1.00,1435,-3.109,7.644,0.436
1.00,1436,5.461,-5.519,0.256
1.00,1437,-7.555,3.121,0.418
1.00,1438,-5.730,5.238,0.248
1.00,1439,-7.555,3.121,0.418
1.00,1440,-5.730,5.238,0.248
1.00,1441,5.422,-5.578,0.259
1.00,1442,5.424,-5.574,0.259
1.00,1443,5.423,-5.576,0.259
1.00,1444,-8.270,0.036,0.442
1.00,1445,5.429,-5.567,0.259
1.00,1446,-5.730,5.238,0.248
1.00,1447,-8.270,0.036,0.442
1.00,1448,-8.238,0.127,0.422
1.00,1449,5.328,5.682,0.264
1.00,1450,-5.237,-5.905,0.471
1.00,1451,5.426,-5.571,0.259
1.00,1452,7.371,3.201,0.313
1.00,1453,3.480,-7.373,0.245
1.00,1454,-5.318,-5.847,0.486
1.00,1455,-5.318,-5.848,0.486
1.00,1456,-5.318,-5.848,0.486
1.00,1457,-3.109,7.644,0.436
1.00,1458,0.106,8.264,0.270
1.00,1459,5.305,5.703,0.264
1.00,1460,-3.686,-6.966,0.343
1.00,1461,-6.547,8.737,7.437
1.00,1462,7.371,3.201,0.313
1.00,1463,-5.730,5.238,0.248
1.00,1464,-4.215,-6.568,0.376
1.00,1465,-5.391,-5.788,0.509
1.00,1466,-8.270,0.036,0.442
1.00,1467,-5.731,5.238,0.248
1.00,1468,-5.318,-5.848,0.486
1.00,1469,0.314,-8.029,0.304
1.00,1470,-9.931,5.177,-3.921
1.00,1471,6.278,-0.812,2.789
1.00,1472,-6.264,6.245,0.435
1.00,1473,3.359,7.474,0.275
1.00,1474,-3.109,7.644,0.436
1.00,1475,8.025,-0.408,0.294
1.00,1476,8.025,-0.408,0.294
1.00,1477,5.425,-5.573,0.259
1.00,1478,7.371,3.201,0.313
1.00,1479,-7.555,3.121,0.418
1.00,1480,-7.555,3.121,0.418
1.00,1481,5.305,5.703,0.264
1.00,1482,-5.730,5.238,0.248
1.00,1483,-0.398,-0.169,-0.361
1.00,1484,5.301,5.707,0.264
1.00,1485,0.106,8.264,0.270
1.00,1486,-7.555,3.121,0.418
1.00,1487,5.427,-5.569,0.259
1.00,1488,5.445,-5.543,0.257
1.00,1489,5.473,5.553,0.266
1.00,1490,-8.270,0.036,0.442
1.00,1491,-5.324,-5.843,0.488
1.00,1492,-5.731,5.238,0.248
1.00,1493,-3.109,7.644,0.437
1.00,1494,-5.317,-5.848,0.486
1.00,1495,-5.730,5.238,0.248
1.00,1496,-7.555,3.121,0.418
1.00,1497,-5.730,5.238,0.248
1.00,1498,-7.555,3.121,0.418
1.00,1499,-5.730,5.238,0.248
1.00,1500,-8.222,0.169,0.416
1.00,1501,-5.730,5.238,0.248
1.00,1502,5.318,5.691,0.264
1.00,1503,0.393,-8.007,0.294
1.00,1504,0.105,8.264,0.270
1.00,1505,-5.319,-5.846,0.487
1.00,1506,7.348,-3.484,0.291
1.00,1507,5.310,5.698,0.264
1.00,1508,3.480,-7.373,0.245
1.00,1509,-7.222,-3.358,0.262
1.00,1510,-8.270,0.036,0.442
1.00,1511,5.302,5.706,0.264
1.00,1512,7.348,-3.484,0.291
1.00,1513,-7.555,3.121,0.418
1.00,1514,8.025,-0.408,0.294
1.00,1515,0.106,8.264,0.270
1.00,1516,0.313,-8.029,0.305
1.00,1517,5.305,5.703,0.264
1.00,1518,0.612,-0.797,-4.625
1.00,1519,-5.730,5.238,0.248
1.00,1520,8.025,-0.408,0.294
1.00,1521,1.962,3.838,-1.318
1.00,1522,-3.563,8.205,1.017
1.00,1523,-5.548,-6.860,3.592
1.00,1524,0.349,-8.019,0.300
1.00,1525,-3.109,7.644,0.436
1.00,1526,5.305,5.703,0.264
1.00,1527,7.371,3.201,0.313
1.00,1528,-8.215,-0.525,0.595
1.00,1529,7.371,3.201,0.313
1.00,1530,-8.270,0.036,0.442
1.00,1531,7.371,3.201,0.313
1.00,1532,-5.730,5.238,0.248
1.00,1533,-8.270,0.036,0.442
1.00,1534,-7.555,3.121,0.418
1.00,1535,-4.748,-5.528,5.718
1.00,1536,0.316,-8.028,0.304
1.00,1537,-5.352,-5.821,0.496
1.00,1538,-3.109,7.644,0.436
1.00,1539,5.431,-5.564,0.259
1.00,1540,-3.109,7.644,0.436
1.00,1541,8.025,-0.408,0.294
1.00,1542,0.315,-8.028,0.304
1.00,1543,5.305,5.703,0.264
1.00,1544,7.371,3.201,0.313
1.00,1545,-5.315,-5.850,0.486
1.00,1546,-5.730,5.238,0.248
1.00,1547,-7.555,3.121,0.418
1.00,1548,7.371,3.201,0.313
1.00,1549,5.464,-5.515,0.256
1.00,1550,7.353,-3.478,0.292
1.00,1551,5.305,5.703,0.264
1.00,1552,-5.730,5.238,0.248
1.00,1553,-3.109,7.644,0.436
1.00,1554,-5.730,5.238,0.248
1.00,1555,-5.730,5.238,0.248
1.00,1556,-7.555,3.121,0.418
1.00,1557,-3.109,7.644,0.436
1.00,1558,-5.318,-5.848,0.486
1.00,1559,0.315,-8.028,0.304
1.00,1560,-3.960,-6.755,0.363
1.00,1561,8.003,-0.428,0.300
1.00,1562,3.359,7.474,0.275
1.00,1563,8.025,-0.408,0.294
1.00,1564,-5.321,-5.845,0.487
1.00,1565,-8.270,0.037,0.442
1.00,1566,-8.270,0.036,0.442
1.00,1567,-3.109,7.644,0.436
1.00,1568,8.025,-0.408,0.294
1.00,1569,-8.270,0.036,0.442
1.00,1570,3.359,7.474,0.275
1.00,1571,5.288,5.718,0.264
1.00,1572,-7.555,3.121,0.418
1.00,1573,5.305,5.703,0.264
1.00,1574,-5.547,-5.639,0.576
1.00,1575,-3.109,7.644,0.436
1.00,1576,5.521,-5.435,0.252
1.00,1577,-5.730,5.238,0.248
1.00,1578,-5.730,5.238,0.248
1.00,1579,-5.317,-5.848,0.486
1.00,1580,0.314,-8.029,0.304
1.00,1581,-5.022,-6.035,0.449
1.00,1582,-5.317,-5.848,0.486
1.00,1583,-5.730,5.238,0.248
1.00,1584,5.419,-5.582,0.259
1.00,1585,4.855,-6.716,0.348
1.00,1586,-7.222,-3.357,0.262
1.00,1587,7.348,-3.484,0.291
1.00,1588,5.432,-5.562,0.259
1.00,1589,-8.270,0.036,0.442
1.00,1590,-3.741,-6.925,0.348
1.00,1591,5.383,-5.639,0.258
1.00,1592,-5.318,-5.848,0.486
1.00,1593,-3.109,7.644,0.436
1.00,1594,-4.817,-6.174,0.427
1.00,1595,5.428,-5.568,0.259
1.00,1596,0.314,-8.029,0.304
1.00,1597,-0.382,-0.267,-0.624
1.00,1598,0.314,-8.029,0.304
1.00,1599,0.106,8.264,0.270
1.00,1600,3.480,-7.373,0.245
1.00,1601,-0.676,7.141,9.105
1.00,1602,0.991,-6.931,-0.213
1.00,1603,-9.045,4.662,5.753
1.00,1604,8.025,-0.408,0.294
1.00,1605,5.305,5.703,0.264
1.00,1606,7.371,3.201,0.313
1.00,1607,5.732,-5.128,0.232
1.00,1608,7.348,-3.484,0.291
1.00,1609,-5.730,5.238,0.248
1.00,1610,10.773,-6.543,-3.966
1.00,1611,-7.555,3.121,0.418
1.00,1612,5.430,-5.565,0.259
1.00,1613,8.025,-0.408,0.294
1.00,1614,0.106,8.264,0.270
1.00,1615,-5.073,-6.005,0.453
1.00,1616,-5.318,-5.847,0.486
1.00,1617,-5.730,5.238,0.248
1.00,1618,5.315,5.694,0.264
1.00,1619,3.480,-7.373,0.245
1.00,1620,5.424,-5.574,0.259
1.00,1621,0.106,8.264,0.270
1.00,1622,-3.109,7.644,0.436
1.00,1623,-5.318,-5.848,0.486
1.00,1624,3.480,-7.373,0.245
1.00,1625,5.306,5.702,0.264
1.00,1626,5.307,5.701,0.264
1.00,1627,0.315,-8.028,0.304
1.00,1628,0.107,-0.146,-9.583
1.00,1629,8.025,-0.408,0.294
1.00,1630,5.463,-5.516,0.256
1.00,1631,0.106,8.264,0.270
1.00,1632,7.348,-3.484,0.291
1.00,1633,5.426,-5.571,0.259
1.00,1634,-8.270,0.036,0.442
1.00,1635,-5.730,5.239,0.248
1.00,1636,-3.809,1.261,0.428
1.00,1637,-5.730,5.238,0.248
1.00,1638,0.125,6.883,4.639
1.00,1639,5.305,5.703,0.264
1.00,1640,0.314,-8.029,0.304
1.00,1641,5.328,5.682,0.264
1.00,1642,-7.555,3.121,0.418
1.00,1643,-8.270,0.036,0.442
1.00,1644,8.025,-0.408,0.294
1.00,1645,-8.270,0.036,0.442
1.00,1646,7.371,3.201,0.313
1.00,1647,5.432,-5.563,0.259
1.00,1648,-8.252,0.093,0.427
1.00,1649,5.305,5.703,0.264
1.00,1650,0.314,-8.029,0.304
1.00,1651,-0.307,-4.673,-8.288
1.00,1652,-5.319,-5.846,0.487
1.00,1653,-3.109,7.644,0.436
1.00,1654,8.025,-0.408,0.294
1.00,1655,-5.730,5.238,0.248
1.00,1656,-8.270,0.036,0.442
1.00,1657,-3.109,7.644,0.436
1.00,1658,7.371,3.201,0.313
1.00,1659,5.425,-5.572,0.259
1.00,1660,-0.942,-3.408,6.478
1.00,1661,-3.109,7.644,0.436
1.00,1662,0.314,-8.029,0.304
1.00,1663,-5.292,-5.866,0.481
1.00,1664,3.359,7.474,0.275
1.00,1665,-7.555,3.121,0.418
1.00,1666,-5.318,-5.847,0.486
1.00,1667,5.456,-5.526,0.257
1.00,1668,-7.555,3.121,0.418
1.00,1669,0.317,-8.028,0.304
1.00,1670,-3.609,8.289,4.108
1.00,1671,5.304,5.704,0.264
1.00,1672,-3.109,7.644,0.436
1.00,1673,5.307,5.701,0.264
1.00,1674,3.359,7.474,0.275
1.00,1675,0.324,-8.026,0.303
1.00,1676,-5.730,5.238,0.248
1.00,1677,5.320,5.689,0.264
1.00,1678,0.314,-8.029,0.304
1.00,1679,0.314,-8.029,0.304
1.00,1680,5.307,5.701,0.264
1.00,1681,-8.270,0.036,0.442
1.00,1682,-3.109,7.644,0.436
1.00,1683,-3.368,8.087,1.037
1.00,1684,5.314,5.695,0.264
1.00,1685,3.359,7.474,0.275
1.00,1686,-5.730,5.238,0.248
1.00,1687,3.480,-7.373,0.245
1.00,1688,0.106,8.264,0.270
1.00,1689,-2.370,-7.730,0.395
1.00,1690,0.315,-8.028,0.304
1.00,1691,8.804,-4.574,1.533
1.00,1692,-7.555,3.121,0.418
1.00,1693,7.348,-3.484,0.291
1.00,1694,-8.270,0.036,0.442
1.00,1695,-5.730,5.238,0.248
1.00,1696,0.156,-0.285,-9.611
1.00,1697,-5.325,-5.842,0.488
1.00,1698,-7.555,3.121,0.418
1.00,1699,8.025,-0.408,0.294
1.00,1700,0.314,-8.029,0.304
1.00,1701,-3.118,7.639,0.431
1.00,1702,-3.109,7.644,0.436
1.00,1703,5.305,5.703,0.264
1.00,1704,-5.318,-5.848,0.486
1.00,1705,5.307,5.701,0.264
1.00,1706,0.106,8.264,0.270
1.00,1707,0.314,-8.029,0.304
1.00,1708,0.314,-8.029,0.304
1.00,1709,-5.730,5.238,0.248
1.00,1710,0.533,-7.965,0.278
1.00,1711,7.364,-3.465,0.294
1.00,1712,-5.243,-5.900,0.472
1.00,1713,8.025,-0.408,0.294
1.00,1714,-5.318,-5.848,0.486
1.00,1715,4.604,-3.634,3.372
1.00,1716,-5.730,5.238,0.248
1.00,1717,8.025,-0.408,0.294
1.00,1718,-5.318,-5.848,0.486
1.00,1719,-5.730,5.238,0.248
1.00,1720,5.305,5.703,0.264
1.00,1721,-5.730,5.238,0.248
1.00,1722,8.025,-0.408,0.294
1.00,1723,5.305,5.703,0.264
1.00,1724,5.423,-5.577,0.259
1.00,1725,-5.317,-5.848,0.486
1.00,1726,-5.730,5.238,0.248
1.00,1727,-5.730,5.238,0.248
1.00,1728,5.428,-5.568,0.259
1.00,1729,-5.318,-5.848,0.486
1.00,1730,0.676,-5.589,-0.368
1.00,1731,8.025,-0.408,0.294
1.00,1732,-5.325,-5.842,0.488
1.00,1733,0.314,-8.029,0.304
1.00,1734,7.371,3.201,0.313
1.00,1735,3.480,-7.373,0.245
1.00,1736,8.025,-0.408,0.294
1.00,1737,7.348,-3.484,0.291
1.00,1738,-3.109,7.644,0.437
1.00,1739,-7.222,-3.357,0.262
1.00,1740,-5.323,-5.844,0.488
1.00,1741,-8.270,0.037,0.442
1.00,1742,0.314,-8.029,0.304
1.00,1743,0.106,8.264,0.270
1.00,1744,-7.555,3.121,0.418
1.00,1745,6.532,5.840,0.668
1.00,1746,3.359,7.474,0.275
1.00,1747,-7.555,3.121,0.418
1.00,1748,0.106,8.264,0.270
1.00,1749,-5.730,5.238,0.248
1.00,1750,-5.730,5.238,0.248
1.00,1751,7.348,-3.484,0.291
1.00,1752,5.584,-5.348,0.246
1.00,1753,0.106,8.264,0.270
1.00,1754,0.315,-8.028,0.304
1.00,1755,-5.574,4.942,3.561
1.00,1756,6.292,8.447,-8.256
1.00,1757,-5.730,5.238,0.248
1.00,1758,5.428,-5.569,0.259
1.00,1759,0.314,-8.029,0.304
1.00,1760,-3.109,7.644,0.436
1.00,1761,0.106,8.264,0.270
1.00,1762,-4.012,-6.716,0.365
1.00,1763,3.358,7.474,0.275
1.00,1764,3.359,7.474,0.275
1.00,1765,0.106,8.264,0.270
1.00,1766,-3.109,7.644,0.436
1.00,1767,-7.222,-3.357,0.262
1.00,1768,8.025,-0.408,0.294
1.00,1769,-5.979,0.127,2.132
1.00,1770,5.305,5.703,0.264
1.00,1771,7.371,3.201,0.313
1.00,1772,-5.730,5.238,0.248
1.00,1773,-5.730,5.238,0.248
1.00,1774,-4.448,-6.412,0.394
1.00,1775,-5.318,-5.847,0.486
1.00,1776,3.359,7.474,0.275
1.00,1777,3.423,9.498,2.943
1.00,1778,5.426,-5.571,0.259
1.00,1779,-5.318,-5.848,0.486
1.00,1780,-8.270,0.036,0.442
1.00,1781,3.359,7.474,0.275
1.00,1782,0.316,-8.028,0.304
1.00,1783,-5.730,5.238,0.248
1.00,1784,-4.555,-6.346,0.401
1.00,1785,-7.555,3.121,0.418
1.00,1786,-3.109,7.644,0.436
1.00,1787,8.025,-0.408,0.294
1.00,1788,-3.109,7.644,0.436
1.00,1789,0.314,-8.029,0.304
1.00,1790,5.498,-5.467,0.254
1.00,1791,-8.270,0.036,0.442
1.00,1792,-5.318,-5.848,0.486
1.00,1793,-5.730,5.238,0.248
1.00,1794,-4.629,-6.300,0.406
1.00,1795,-8.966,5.786,7.031
1.00,1796,0.106,8.264,0.270
1.00,1797,5.446,-5.541,0.257
1.00,1798,5.306,5.702,0.264
1.00,1799,8.024,-0.413,0.294
1.00,1800,-5.290,-5.868,0.480
1.00,1801,-7.555,3.121,0.418
1.00,1802,-8.270,0.036,0.442
1.00,1803,-5.318,-5.848,0.486
1.00,1804,-5.317,-5.848,0.486
1.00,1805,5.458,-5.525,0.256
1.00,1806,-6.255,-6.577,1.848
1.00,1807,0.093,8.267,0.270
1.00,1808,-8.269,0.037,0.442
1.00,1809,0.293,-8.040,0.306
1.00,1810,-8.222,0.173,0.413
1.00,1811,-8.270,0.036,0.442
1.00,1812,-3.110,7.645,0.436
1.00,1813,7.371,3.200,0.313
1.00,1814,5.474,-5.501,0.255
1.00,1815,8.025,-0.408,0.294
1.00,1816,5.306,5.702,0.264
1.00,1817,8.025,-0.408,0.294
1.00,1818,7.371,3.201,0.313
1.00,1819,-4.197,2.247,-6.278
1.00,1820,8.025,-0.408,0.294
1.00,1821,-5.317,-5.848,0.486
1.00,1822,3.480,-7.373,0.245
1.00,1823,-5.318,-5.848,0.486
1.00,1824,0.106,8.264,0.270
1.00,1825,0.314,-8.029,0.304
1.00,1826,-5.318,-5.848,0.486
1.00,1827,7.370,3.201,0.313
1.00,1828,7.371,3.201,0.313
1.00,1829,0.106,8.264,0.270
1.00,1830,-7.555,3.121,0.418
1.00,1831,0.314,-8.029,0.304
1.00,1832,5.423,-5.576,0.259
1.00,1833,5.308,5.701,0.264
1.00,1834,-8.255,0.080,0.431
1.00,1835,-3.590,-7.033,0.334
1.00,1836,5.435,-5.557,0.258
1.00,1837,0.474,-0.058,6.960
1.00,1838,-5.318,-5.848,0.486
1.00,1839,5.306,5.702,0.264
1.00,1840,-5.317,-5.848,0.486
1.00,1841,6.223,-2.966,1.150
1.00,1842,-5.389,-5.790,0.509
1.00,1843,-5.730,5.238,0.248
1.00,1844,-6.565,7.949,5.916
1.00,1845,0.413,-0.276,-10.329
1.00,1846,0.314,-8.029,0.304
1.00,1847,8.025,-0.408,0.294
1.00,1848,-5.730,5.238,0.248
1.00,1849,-8.270,0.036,0.442
1.00,1850,-5.728,5.244,0.248
1.00,1851,5.436,-7.071,-9.352
1.00,1852,5.305,5.703,0.264
1.00,1853,-5.318,-5.848,0.486
1.00,1854,7.387,3.180,0.319
1.00,1855,8.025,-0.408,0.294
1.00,1856,-3.109,7.644,0.436
1.00,1857,-9.456,5.088,0.425
1.00,1858,0.094,8.267,0.270
1.00,1859,-7.555,3.121,0.418
1.00,1860,3.359,7.474,0.275
1.00,1861,5.421,-5.579,0.259
1.00,1862,5.423,-5.576,0.259
1.00,1863,5.305,5.703,0.264
1.00,1864,8.025,-0.408,0.294
1.00,1865,-3.109,7.644,0.436
1.00,1866,5.422,-5.577,0.259
1.00,1867,-5.730,5.238,0.248
1.00,1868,-7.555,3.121,0.418
1.00,1869,-3.109,7.644,0.436
1.00,1870,-3.109,7.644,0.436
1.00,1871,-5.848,0.051,2.464
1.00,1872,-0.311,-0.197,-9.383
1.00,1873,-3.109,7.644,0.436
1.00,1874,0.299,-8.033,0.306
1.00,1875,8.025,-0.408,0.294
1.00,1876,7.371,3.201,0.313
1.00,1877,7.349,-3.482,0.291
1.00,1878,7.371,3.201,0.313
1.00,1879,3.480,-7.373,0.245
1.00,1880,8.025,-0.408,0.294
1.00,1881,5.423,-5.577,0.259
1.00,1882,-5.318,-5.847,0.487
1.00,1883,-8.270,0.036,0.442
1.00,1884,-5.318,-5.847,0.486
1.00,1885,-8.270,0.036,0.442
1.00,1886,-3.109,7.644,0.436
1.00,1887,0.156,-0.292,-9.508
1.00,1888,10.104,-6.842,-0.264
1.00,1889,7.371,3.201,0.313
1.00,1890,5.423,-5.576,0.259
1.00,1891,3.359,7.474,0.275
1.00,1892,-5.730,5.238,0.248
1.00,1893,-5.730,5.238,0.248
1.00,1894,-8.270,0.036,0.442
1.00,1895,5.416,-5.587,0.259
1.00,1896,-5.730,5.238,0.248
1.00,1897,5.305,5.703,0.264
1.00,1898,5.310,5.698,0.264
1.00,1899,-5.737,5.229,0.249
1.00,1900,-7.964,0.467,0.451
1.00,1901,5.501,-5.463,0.253
1.00,1902,-7.555,3.121,0.418
1.00,1903,7.371,3.201,0.313
1.00,1904,-8.270,0.035,0.443
1.00,1905,-5.317,-5.848,0.486
1.00,1906,0.313,-8.029,0.304
1.00,1907,9.096,-7.470,1.147
1.00,1908,7.371,3.201,0.313
1.00,1909,-5.318,-5.848,0.486
1.00,1910,-5.730,5.238,0.248
1.00,1911,-5.318,-5.847,0.486
1.00,1912,0.085,8.269,0.270
1.00,1913,7.371,3.201,0.313
1.00,1914,7.205,-0.664,0.793
1.00,1915,0.106,8.264,0.270
1.00,1916,-7.222,-3.357,0.262
1.00,1917,0.106,8.264,0.270
1.00,1918,-3.109,7.644,0.436
1.00,1919,8.672,-6.926,4.537
1.00,1920,7.348,-3.484,0.291
1.00,1921,0.313,-8.029,0.304
1.00,1922,-5.731,5.238,0.248
1.00,1923,-4.942,-6.086,0.441
1.00,1924,8.025,-0.408,0.294
1.00,1925,3.359,7.474,0.275
1.00,1926,-7.555,3.121,0.418
1.00,1927,0.314,-8.029,0.304
1.00,1928,0.314,-8.029,0.304
1.00,1929,5.307,5.701,0.264
1.00,1930,-5.730,5.238,0.248
1.00,1931,8.025,-0.408,0.294
1.00,1932,7.348,-3.484,0.291
1.00,1933,7.374,3.196,0.314
1.00,1934,7.348,-3.483,0.291
1.00,1935,5.304,5.704,0.264
1.00,1936,3.359,7.474,0.275
1.00,1937,-5.730,5.238,0.248
1.00,1938,5.537,-5.413,0.251
1.00,1939,-7.555,3.121,0.418
1.00,1940,8.025,-0.408,0.294
1.00,1941,8.025,-0.408,0.294
1.00,1942,5.059,5.626,0.196
1.00,1943,0.314,-8.029,0.304
1.00,1944,5.424,-5.574,0.259
1.00,1945,-7.555,3.121,0.418
1.00,1946,0.314,-8.029,0.304
1.00,1947,7.129,6.303,0.973
1.00,1948,0.837,-4.407,3.221
1.00,1949,-5.319,-5.847,0.487
1.00,1950,-3.109,7.644,0.436
1.00,1951,-7.222,-3.357,0.262
1.00,1952,-5.119,-5.978,0.457
1.00,1953,0.315,-8.028,0.304
1.00,1954,5.461,-5.520,0.256
1.00,1955,-5.319,-5.847,0.487
1.00,1956,-7.555,3.121,0.418
1.00,1957,-3.109,7.644,0.436
1.00,1958,-5.319,-5.846,0.487
1.00,1959,5.417,-5.585,0.259
1.00,1960,-5.318,-5.848,0.486
1.00,1961,8.025,-0.408,0.294
1.00,1962,7.371,3.201,0.313
1.00,1963,5.433,-5.561,0.258
1.00,1964,0.346,-0.140,-6.831
1.00,1965,0.314,-8.029,0.304
1.00,1966,-5.318,-5.848,0.486
1.00,1967,-7.236,-3.335,0.260
1.00,1968,3.359,7.474,0.275
1.00,1969,-7.222,-3.357,0.262
1.00,1970,-8.270,0.036,0.442
1.00,1971,8.025,-0.408,0.294
1.00,1972,-4.796,-6.189,0.424
1.00,1973,-5.318,-5.848,0.486
1.00,1974,-5.730,5.238,0.248
1.00,1975,-5.330,-5.838,0.489
1.00,1976,-3.109,7.644,0.436
1.00,1977,0.314,-8.029,0.304
1.00,1978,-8.270,0.036,0.442
1.00,1979,-7.222,-3.357,0.262
1.00,1980,0.288,-0.265,-9.996
1.00,1981,0.314,-8.029,0.304
1.00,1982,7.370,3.201,0.313
1.00,1983,-5.730,5.238,0.248
1.00,1984,5.313,5.696,0.264
1.00,1985,5.318,5.691,0.264
1.00,1986,-7.222,-3.357,0.262
1.00,1987,5.308,5.701,0.264
1.00,1988,5.305,5.703,0.264
1.00,1989,0.314,-8.029,0.304
1.00,1990,5.305,5.703,0.264
1.00,1991,-5.318,-5.848,0.486
1.00,1992,0.044,-1.247,-2.512
1.00,1993,3.359,7.474,0.275
1.00,1994,3.480,-7.373,0.245
1.00,1995,8.018,-0.440,0.294
1.00,1996,3.359,7.474,0.275
1.00,1997,-3.109,7.644,0.436
1.00,1998,-7.555,3.121,0.418
1.00,1999,-5.318,-5.848,0.486
1.00,2000,-3.109,7.644,0.436
1.00,2001,-5.318,-5.848,0.486
1.00,2002,7.371,3.201,0.313
1.00,2003,-5.264,-5.886,0.475
1.00,2004,5.305,5.703,0.264
1.00,2005,-5.317,-5.848,0.486
1.00,2006,0.314,-8.029,0.304
1.00,2007,5.974,0.357,5.062
1.00,2008,-8.267,0.044,0.440
1.00,2009,0.314,-8.029,0.304
1.00,2010,5.353,5.658,0.264
1.00,2011,-5.730,5.238,0.248
1.00,2012,0.314,-8.029,0.304
1.00,2013,0.314,-8.029,0.304
1.00,2014,0.314,-8.029,0.304
1.00,2015,-7.222,-3.357,0.262
1.00,2016,-8.270,0.036,0.442
1.00,2017,-5.318,-5.848,0.486
1.00,2018,0.106,8.264,0.270
1.00,2019,-3.109,7.644,0.436
1.00,2020,5.337,5.673,0.264
1.00,2021,7.371,3.201,0.313
1.00,2022,5.436,-5.555,0.258
1.00,2023,-3.109,7.644,0.436
1.00,2024,-7.555,3.121,0.418
1.00,2025,8.025,-0.408,0.294
1.00,2026,0.314,-8.029,0.304
1.00,2027,0.106,8.264,0.270
1.00,2028,-3.109,7.644,0.436
1.00,2029,-8.270,0.036,0.442
1.00,2030,-3.885,-6.813,0.359
1.00,2031,-5.769,5.147,0.250
1.00,2032,-8.270,0.036,0.442
1.00,2033,-5.416,-5.769,0.516
1.00,2034,-5.730,5.238,0.248
1.00,2035,-7.555,3.121,0.418
1.00,2036,8.025,-0.408,0.294
1.00,2037,5.215,5.786,0.266
1.00,2038,-3.109,7.644,0.436
1.00,2039,-8.270,0.036,0.442
1.00,2040,5.423,-5.577,0.259
1.00,2041,4.428,3.331,-9.617
1.00,2042,3.359,7.474,0.275
1.00,2043,-5.318,-5.848,0.486
1.00,2044,3.480,-7.373,0.245
1.00,2045,5.423,-5.575,0.259
1.00,2046,-5.730,5.238,0.248
1.00,2047,-5.317,-5.848,0.486
1.00,2048,-3.109,7.644,0.436
1.00,2049,3.480,-7.373,0.245
1.00,2050,5.972,7.696,-10.329
1.00,2051,7.345,-3.487,0.290
1.00,2052,-5.162,5.095,5.041
1.00,2053,-5.730,5.238,0.248
1.00,2054,-5.729,5.242,0.248
1.00,2055,7.371,3.201,0.313
1.00,2056,0.314,-8.029,0.304
1.00,2057,5.307,5.701,0.264
1.00,2058,0.314,-8.029,0.304
1.00,2059,8.025,-0.408,0.294
1.00,2060,8.025,-0.408,0.294
1.00,2061,-8.270,0.036,0.442
1.00,2062,-5.730,5.238,0.248
1.00,2063,-5.730,5.238,0.248
1.00,2064,-8.270,0.036,0.442
1.00,2065,-5.730,5.238,0.248
1.00,2066,0.314,-8.029,0.304
1.00,2067,-7.555,3.121,0.418
1.00,2068,0.314,-8.029,0.304
1.00,2069,5.429,-5.566,0.259
1.00,2070,-3.109,7.644,0.436
1.00,2071,-5.312,-5.852,0.485
1.00,2072,5.306,5.703,0.264
1.00,2073,6.214,9.301,-5.448
1.00,2074,-5.730,5.238,0.248
1.00,2075,7.347,-3.485,0.291
1.00,2076,-5.730,5.238,0.248
1.00,2077,8.025,-0.408,0.294
1.00,2078,5.449,-5.537,0.257
1.00,2079,-5.318,-5.847,0.486
1.00,2080,-7.555,3.121,0.418
1.00,2081,-3.109,7.644,0.436
1.00,2082,-5.318,-5.848,0.486
1.00,2083,-3.109,7.644,0.436
1.00,2084,-8.175,0.257,0.418
1.00,2085,5.426,-5.571,0.259
1.00,2086,0.106,8.264,0.270
1.00,2087,0.485,-10.182,2.191
1.00,2088,-3.846,-6.844,0.356
1.00,2089,7.371,3.201,0.313
1.00,2090,-5.318,-5.847,0.486
1.00,2091,-7.555,3.121,0.418
1.00,2092,0.315,-8.028,0.304
1.00,2093,-7.555,3.121,0.418
1.00,2094,3.359,7.474,0.275
1.00,2095,7.368,3.205,0.312
1.00,2096,-5.730,5.238,0.248
1.00,2097,7.348,-3.484,0.291
1.00,2098,-5.318,-5.847,0.486
1.00,2099,-4.272,-6.528,0.380
1.00,2100,-7.555,3.121,0.418
1.00,2101,5.427,-5.569,0.259
1.00,2102,-7.222,-3.357,0.262
1.00,2103,-8.270,0.036,0.442
1.00,2104,0.314,-8.029,0.304
1.00,2105,-8.270,0.036,0.442
1.00,2106,0.573,-7.951,0.275
1.00,2107,0.106,8.264,0.270
1.00,2108,8.025,-0.408,0.294
1.00,2109,-7.220,-3.360,0.262
1.00,2110,-5.318,-5.848,0.486
1.00,2111,-3.109,7.644,0.436
1.00,2112,-5.325,-5.842,0.488
1.00,2113,-5.730,5.238,0.248
1.00,2114,8.025,-0.408,0.294
1.00,2115,5.430,-5.566,0.259
1.00,2116,-5.730,5.238,0.248
1.00,2117,0.106,8.264,0.270
1.00,2118,5.428,-5.569,0.259
1.00,2119,-5.318,-5.848,0.486
1.00,2120,8.025,-0.408,0.294
1.00,2121,-5.318,-5.848,0.486
1.00,2122,5.312,5.697,0.264
1.00,2123,7.371,3.201,0.313
1.00,2124,-8.270,0.036,0.442
1.00,2125,5.440,-5.551,0.258
1.00,2126,5.420,-5.580,0.259
1.00,2127,-3.109,7.644,0.436
1.00,2128,5.335,5.675,0.264
1.00,2129,5.488,-5.481,0.254
1.00,2130,-3.109,7.644,0.436
1.00,2131,0.106,8.264,0.270
1.00,2132,-3.109,7.644,0.436
1.00,2133,5.399,-5.613,0.258
1.00,2134,7.371,3.201,0.313
1.00,2135,-7.555,3.121,0.418
1.00,2136,-3.109,7.644,0.436
1.00,2137,7.348,-3.484,0.291
1.00,2138,-5.318,-5.848,0.486
1.00,2139,-3.109,7.644,0.436
1.00,2140,0.314,-8.029,0.304
1.00,2141,8.025,-0.408,0.294
1.00,2142,-5.318,-5.847,0.486
1.00,2143,-7.222,-3.357,0.262
1.00,2144,7.348,-3.484,0.291
1.00,2145,7.371,3.201,0.313
1.00,2146,-5.318,-5.848,0.486
1.00,2147,7.348,-3.484,0.291
1.00,2148,3.359,7.474,0.275
1.00,2149,2.480,4.502,2.402
1.00,2150,-5.201,-5.928,0.466
1.00,2151,-5.318,-5.847,0.486
1.00,2152,7.371,3.201,0.313
1.00,2153,-8.270,0.036,0.442
1.00,2154,-4.712,-6.246,0.414
1.00,2155,-0.743,6.196,2.183
1.00,2156,5.305,5.703,0.264
1.00,2157,-3.109,7.644,0.436
1.00,2158,-5.730,5.238,0.248
1.00,2159,0.104,8.264,0.270
1.00,2160,-3.109,7.644,0.436
1.00,2161,-5.730,5.238,0.248
1.00,2162,-3.109,7.644,0.436
1.00,2163,-4.211,-6.571,0.375
1.00,2164,0.331,-8.024,0.302
1.00,2165,8.025,-0.408,0.294
1.00,2166,0.459,-0.296,-10.629
1.00,2167,3.357,7.475,0.275
1.00,2168,-7.555,3.121,0.418
1.00,2169,-8.270,0.036,0.442
1.00,2170,0.106,8.264,0.270
1.00,2171,7.348,-3.484,0.291
1.00,2172,-3.109,7.644,0.436
1.00,2173,3.930,4.089,2.074
1.00,2174,-5.730,5.238,0.248
1.00,2175,3.359,7.474,0.275
1.00,2176,5.428,-5.568,0.259
1.00,2177,-5.730,5.238,0.248
1.00,2178,5.426,-5.572,0.259
1.00,2179,7.397,3.171,0.321
1.00,2180,3.359,7.474,0.275
1.00,2181,7.348,-3.484,0.291
1.00,2182,-5.317,-5.848,0.486
1.00,2183,0.174,-0.300,-9.382
1.00,2184,-3.458,-7.126,0.325
1.00,2185,5.304,5.704,0.264
1.00,2186,5.310,5.698,0.264
1.00,2187,-7.222,-3.357,0.262
1.00,2188,5.305,5.703,0.264
1.00,2189,-3.587,-7.035,0.334
1.00,2190,7.348,-3.484,0.291
1.00,2191,0.314,-8.029,0.304
1.00,2192,-5.318,-5.848,0.486
1.00,2193,0.106,8.264,0.270
1.00,2194,-5.731,5.238,0.248
1.00,2195,0.314,-8.029,0.304
1.00,2196,0.370,-0.235,-6.174
1.00,2197,-5.730,5.238,0.248
1.00,2198,-8.270,0.036,0.442
1.00,2199,3.359,7.474,0.275
1.00,2200,-3.109,7.644,0.436
1.00,2201,-3.109,7.644,0.436
1.00,2202,0.314,-8.029,0.304
1.00,2203,0.316,-8.028,0.304
1.00,2204,5.378,-5.646,0.258
1.00,2205,-7.555,3.121,0.418
1.00,2206,0.318,-8.027,0.304
1.00,2207,0.325,-8.025,0.303
1.00,2208,0.106,8.264,0.270
1.00,2209,3.359,7.474,0.275
1.00,2210,0.314,-8.029,0.304
1.00,2211,-7.222,-3.357,0.262
1.00,2212,0.106,8.264,0.270
1.00,2213,7.371,3.201,0.313
1.00,2214,-5.730,5.239,0.248
1.00,2215,-8.270,0.036,0.442
1.00,2216,0.314,-8.029,0.304
1.00,2217,-8.267,0.045,0.440
1.00,2218,7.371,3.201,0.313
1.00,2219,-3.568,-7.049,0.332
1.00,2220,5.426,-5.571,0.259
1.00,2221,7.371,3.201,0.313
1.00,2222,-7.555,3.121,0.418
1.00,2223,8.025,-0.408,0.294
1.00,2224,7.348,-3.484,0.291
1.00,2225,-3.109,7.644,0.436
1.00,2226,0.106,8.264,0.270
1.00,2227,0.314,-8.029,0.304
1.00,2228,-7.222,-3.357,0.262
1.00,2229,-8.270,0.036,0.442
1.00,2230,-5.318,-5.848,0.486
1.00,2231,5.379,5.634,0.264
1.00,2232,-4.548,-6.351,0.400
1.00,2233,-7.222,-3.357,0.262
1.00,2234,-5.730,5.238,0.248
1.00,2235,0.314,-8.029,0.304
1.00,2236,0.106,8.264,0.270
1.00,2237,-5.206,-5.925,0.466
1.00,2238,7.371,3.201,0.313
1.00,2239,8.025,-0.408,0.294
1.00,2240,8.025,-0.408,0.294
1.00,2241,-3.109,7.644,0.436
1.00,2242,-7.555,3.121,0.418
1.00,2243,-8.270,0.036,0.442
1.00,2244,8.025,-0.408,0.294
1.00,2245,8.025,-0.408,0.294
1.00,2246,-5.317,-5.848,0.486
1.00,2247,7.348,-3.484,0.291
1.00,2248,-8.270,0.036,0.442
1.00,2249,7.371,3.201,0.313
1.00,2250,-4.003,-6.722,0.364
1.00,2251,0.314,-8.029,0.304
1.00,2252,-5.340,-5.831,0.492
1.00,2253,7.348,-3.484,0.291
1.00,2254,-8.270,0.036,0.442
1.00,2255,5.408,-5.600,0.259
1.00,2256,5.433,-5.560,0.258
1.00,2257,3.480,-7.373,0.245
1.00,2258,5.307,5.701,0.264
1.00,2259,-4.882,-6.128,0.434
1.00,2260,7.371,3.201,0.313
1.00,2261,0.160,5.566,2.113
1.00,2262,5.305,5.703,0.264
1.00,2263,-5.730,5.238,0.248
1.00,2264,7.371,3.201,0.313
1.00,2265,6.878,-0.754,1.150
1.00,2266,0.106,8.264,0.270
1.00,2267,-3.109,7.644,0.436
1.00,2268,0.106,8.264,0.270
1.00,2269,-5.730,5.238,0.248
1.00,2270,8.025,-0.408,0.294
1.00,2271,0.314,-8.029,0.304
1.00,2272,3.359,7.474,0.275
1.00,2273,5.424,-5.575,0.259
1.00,2274,0.314,-8.029,0.304
1.00,2275,0.101,8.265,0.270
1.00,2276,7.371,3.201,0.313
1.00,2277,-5.318,-5.847,0.486
1.00,2278,-8.270,0.036,0.442
1.00,2279,5.310,5.699,0.264
1.00,2280,7.348,-3.484,0.291
1.00,2281,5.486,-5.484,0.254
1.00,2282,-6.055,-6.129,0.573
1.00,2283,5.305,5.703,0.264
1.00,2284,5.423,-5.577,0.259
1.00,2285,5.430,-5.566,0.259
1.00,2286,0.970,2.983,-4.803
1.00,2287,7.348,-3.484,0.291
1.00,2288,-7.555,3.121,0.418
1.00,2289,-5.832,-5.330,0.618
1.00,2290,-5.323,-5.843,0.488
1.00,2291,5.428,-5.568,0.259
1.00,2292,0.106,8.264,0.270
1.00,2293,-5.728,5.244,0.248
1.00,2294,5.306,5.702,0.264
1.00,2295,5.506,-5.456,0.253
1.00,2296,-5.321,-5.845,0.487
1.00,2297,-1.253,-9.965,2.979
1.00,2298,-5.318,-5.848,0.486
1.00,2299,-5.318,-5.847,0.486
1.00,2300,-5.731,5.238,0.248
1.00,2301,0.106,8.264,0.270
1.00,2302,-4.152,-6.613,0.371
1.00,2303,0.314,-8.029,0.304
1.00,2304,5.305,5.703,0.264
1.00,2305,7.371,3.201,0.313
1.00,2306,-8.222,0.172,0.415
1.00,2307,-3.109,7.644,0.436
1.00,2308,-4.354,-6.471,0.388
1.00,2309,-5.730,5.238,0.248
1.00,2310,-8.270,0.036,0.442
1.00,2311,0.314,-8.029,0.304
1.00,2312,0.106,8.264,0.270
1.00,2313,8.432,5.608,1.805
1.00,2314,0.106,8.264,0.270
1.00,2315,8.025,-0.408,0.294
1.00,2316,5.306,5.702,0.264
1.00,2317,0.315,-8.028,0.304
1.00,2318,0.314,-8.029,0.304
1.00,2319,5.344,5.667,0.264
1.00,2320,8.025,-0.408,0.294
1.00,2321,5.422,-5.578,0.259
1.00,2322,-5.730,5.238,0.248
1.00,2323,-5.318,-5.848,0.486
1.00,2324,3.359,7.474,0.275
1.00,2325,7.371,3.201,0.313
1.00,2326,3.359,7.474,0.275
1.00,2327,-5.318,-5.847,0.486
1.00,2328,5.435,-5.557,0.258
1.00,2329,-5.730,5.238,0.248
1.00,2330,-8.270,0.036,0.442
1.00,2331,-8.270,0.036,0.442
1.00,2332,-5.317,-5.848,0.486
1.00,2333,5.427,-5.570,0.259
1.00,2334,7.347,-3.485,0.291
1.00,2335,-8.270,0.036,0.442
1.00,2336,7.371,3.201,0.313
1.00,2337,-5.318,-5.847,0.486
1.00,2338,0.314,-8.029,0.304
1.00,2339,-5.357,-5.817,0.497
1.00,2340,-3.109,7.644,0.436
1.00,2341,-5.320,-5.846,0.487
1.00,2342,-5.730,5.240,0.248
1.00,2343,0.284,-0.174,-7.665
1.00,2344,-7.555,3.121,0.418
1.00,2345,0.337,-8.022,0.301
1.00,2346,-5.730,5.238,0.248
1.00,2347,-7.555,3.121,0.418
1.00,2348,11.078,-6.749,-6.242
1.00,2349,5.310,5.698,0.264
1.00,2350,8.025,-0.408,0.294
1.00,2351,5.413,-4.580,6.172
1.00,2352,3.359,7.474,0.275
1.00,2353,-8.270,0.036,0.442
1.00,2354,5.428,-5.568,0.259
1.00,2355,-5.318,-5.847,0.487
1.00,2356,-3.831,-6.856,0.355
1.00,2357,3.359,7.474,0.275
1.00,2358,7.350,-3.482,0.291
1.00,2359,-10.255,5.664,-4.566
1.00,2360,0.106,8.264,0.270
1.00,2361,-5.317,-5.848,0.486
1.00,2362,0.314,-8.029,0.304
1.00,2363,7.678,9.124,2.342
1.00,2364,0.314,-8.029,0.304
1.00,2365,5.305,5.703,0.264
1.00,2366,0.106,8.264,0.270
1.00,2367,-7.555,3.121,0.418
1.00,2368,8.025,-0.408,0.294
1.00,2369,7.348,-3.484,0.291
1.00,2370,-8.270,0.036,0.442
1.00,2371,0.314,-8.029,0.304
1.00,2372,-5.515,5.517,0.255
1.00,2373,7.371,3.201,0.313
1.00,2374,7.348,-3.484,0.291
1.00,2375,-8.270,0.036,0.442
1.00,2376,8.025,-0.408,0.294
1.00,2377,-5.332,-5.836,0.490
1.00,2378,-8.270,0.036,0.442
1.00,2379,-7.221,-3.359,0.262
1.00,2380,-7.555,3.121,0.418
1.00,2381,-7.222,-3.357,0.262
1.00,2382,0.302,-5.314,-2.192
1.00,2383,-7.555,3.121,0.418
1.00,2384,-7.555,3.121,0.418
1.00,2385,-7.222,-3.357,0.262
1.00,2386,-4.442,-6.416,0.393
1.00,2387,3.359,7.474,0.275
1.00,2388,7.343,3.238,0.305
1.00,2389,-3.109,7.644,0.436
1.00,2390,-3.109,7.644,0.436
1.00,2391,-5.730,5.238,0.248
1.00,2392,-3.109,7.644,0.436
1.00,2393,-3.110,7.645,0.436
1.00,2394,-5.730,5.238,0.248
1.00,2395,-3.362,-7.193,0.322
1.00,2396,3.480,-7.373,0.245
1.00,2397,0.106,8.264,0.270
1.00,2398,3.359,7.474,0.275
1.00,2399,-5.730,5.238,0.248
1.00,2400,7.377,3.193,0.315
1.00,2401,-8.270,0.036,0.442
1.00,2402,-5.730,5.238,0.248
1.00,2403,-0.323,-4.526,-5.126
1.00,2404,-0.204,-4.424,-7.787
1.00,2405,3.359,7.474,0.275
1.00,2406,-5.319,-5.846,0.487
1.00,2407,8.025,-0.408,0.294
1.00,2408,-3.109,7.644,0.436
1.00,2409,-5.360,-5.814,0.498
1.00,2410,5.305,5.703,0.264
1.00,2411,5.305,5.703,0.264
1.00,2412,-5.730,5.238,0.248
1.00,2413,5.324,5.685,0.264
1.00,2414,-5.318,-5.848,0.486
1.00,2415,-8.270,0.036,0.442
1.00,2416,5.427,-5.569,0.259
1.00,2417,0.106,8.264,0.270
1.00,2418,8.024,-0.412,0.294
1.00,2419,5.742,-5.115,0.231
1.00,2420,-5.730,5.238,0.248
1.00,2421,7.371,3.201,0.313
1.00,2422,3.480,-7.373,0.245
1.00,2423,0.106,8.264,0.270
1.00,2424,5.305,5.703,0.264
1.00,2425,0.314,-8.029,0.304
1.00,2426,-5.730,5.238,0.248
1.00,2427,-7.555,3.121,0.418
1.00,2428,-7.555,3.121,0.418
1.00,2429,7.371,3.201,0.313
1.00,2430,-4.894,-6.120,0.435
1.00,2431,-5.318,-5.848,0.486
1.00,2432,-5.730,5.238,0.248
1.00,2433,7.371,3.201,0.313
1.00,2434,5.305,5.703,0.264
1.00,2435,7.910,-0.512,0.339
1.00,2436,5.298,5.710,0.264
1.00,2437,7.348,-3.484,0.291
1.00,2438,-8.270,0.036,0.442
1.00,2439,5.305,5.703,0.264
1.00,2440,5.305,5.703,0.264
1.00,2441,3.877,7.064,0.296
1.00,2442,0.314,-8.029,0.304
1.00,2443,-0.136,-0.072,-9.574
1.00,2444,-5.318,-5.848,0.486
1.00,2445,-7.554,3.147,0.405
1.00,2446,-5.318,-5.848,0.486
1.00,2447,5.307,5.701,0.264
1.00,2448,-7.555,3.121,0.418
1.00,2449,-3.109,7.644,0.436
1.00,2450,3.359,7.474,0.275
1.00,2451,-8.270,0.036,0.442
1.00,2452,0.315,-8.028,0.304
1.00,2453,5.305,5.703,0.264
1.00,2454,-5.318,-5.848,0.486
1.00,2455,3.480,-7.373,0.245
1.00,2456,0.106,8.264,0.270
1.00,2457,5.305,5.703,0.264
1.00,2458,8.062,-1.691,9.704
1.00,2459,5.402,-5.609,0.259
1.00,2460,4.213,-9.561,-10.412
1.00,2461,3.359,7.474,0.275
1.00,2462,7.348,-3.484,0.291
1.00,2463,0.314,-8.029,0.304
1.00,2464,3.359,7.474,0.275
1.00,2465,-8.270,0.036,0.442
1.00,2466,0.171,-0.312,-8.979
1.00,2467,-5.318,-5.848,0.486
1.00,2468,-5.730,5.238,0.248
1.00,2469,3.359,7.474,0.275
1.00,2470,-5.729,5.241,0.248
1.00,2471,-8.270,0.035,0.443
1.00,2472,-5.318,-5.848,0.486
1.00,2473,-1.160,-8.837,9.468
1.00,2474,-5.730,5.238,0.248
1.00,2475,3.359,7.474,0.275
1.00,2476,8.025,-0.408,0.294
1.00,2477,-5.376,-5.801,0.504
1.00,2478,-3.608,-7.020,0.336
1.00,2479,7.348,-3.484,0.291
1.00,2480,-5.318,-5.848,0.486
1.00,2481,0.106,8.264,0.270
1.00,2482,-8.270,0.036,0.442
1.00,2483,3.359,7.474,0.275
1.00,2484,-8.270,0.036,0.442
1.00,2485,-5.700,5.364,0.251
1.00,2486,-3.518,-7.084,0.329
1.00,2487,-5.318,-5.848,0.486
1.00,2488,5.447,-5.540,0.257
1.00,2489,-7.555,3.121,0.418
1.00,2490,5.425,-5.573,0.259
1.00,2491,0.314,-8.029,0.304
1.00,2492,0.356,-0.268,-10.285
1.00,2493,7.348,-3.484,0.291
1.00,2494,-5.318,-5.848,0.486
1.00,2495,-5.724,5.254,0.248
1.00,2496,0.948,-7.806,0.262
1.00,2497,-5.730,5.238,0.248
1.00,2498,-5.319,-5.846,0.487
1.00,2499,-7.222,-3.357,0.262
1.00,2500,-7.555,3.121,0.418
1.00,2501,0.314,-8.029,0.304
1.00,2502,0.711,-0.623,-4.775
1.00,2503,0.341,6.695,4.295
1.00,2504,-7.555,3.121,0.418
1.00,2505,8.025,-0.408,0.294
1.00,2506,0.314,-8.029,0.304
1.00,2507,-8.270,0.036,0.442
1.00,2508,-5.730,5.238,0.248
1.00,2509,7.348,-3.484,0.291
1.00,2510,3.359,7.474,0.275
1.00,2511,-5.318,-5.848,0.486
1.00,2512,5.424,-5.575,0.259
1.00,2513,5.439,-5.552,0.258
1.00,2514,-0.220,-4.429,-7.931
1.00,2515,8.025,-0.408,0.294
1.00,2516,0.106,8.264,0.270
1.00,2517,0.106,8.264,0.270
1.00,2518,5.308,5.700,0.264
1.00,2519,0.106,8.264,0.270
1.00,2520,-5.730,5.238,0.248
1.00,2521,0.328,-8.025,0.303
1.00,2522,-7.555,3.121,0.418
1.00,2523,-5.730,5.238,0.248
1.00,2524,7.348,-3.484,0.291
1.00,2525,0.314,-8.029,0.304
1.00,2526,-3.109,7.644,0.436
1.00,2527,-5.730,5.238,0.248
1.00,2528,5.458,-5.523,0.256
1.00,2529,-5.318,-5.848,0.486
1.00,2530,-5.730,5.238,0.248
1.00,2531,-3.109,7.644,0.436
1.00,2532,0.314,-8.029,0.304
1.00,2533,0.966,-0.800,-3.037
1.00,2534,4.636,-3.952,4.764
1.00,2535,-3.109,7.644,0.436
1.00,2536,3.359,7.474,0.275
1.00,2537,-5.318,-5.847,0.486
1.00,2538,5.449,-5.537,0.257
1.00,2539,7.348,-3.484,0.291
1.00,2540,5.431,-5.564,0.259
1.00,2541,-5.429,-5.753,0.528
1.00,2542,5.603,-5.137,0.265
1.00,2543,3.359,7.474,0.275
1.00,2544,0.106,8.264,0.270
1.00,2545,-5.730,5.238,0.248
1.00,2546,0.102,8.265,0.270
1.00,2547,-5.318,-5.847,0.486
1.00,2548,-7.101,-8.747,6.990
1.00,2549,-7.555,3.121,0.418
1.00,2550,-5.730,5.238,0.248
1.00,2551,-8.270,0.036,0.442
1.00,2552,-5.730,5.238,0.248
1.00,2553,5.673,-5.088,0.254
1.00,2554,-5.318,-5.847,0.486
1.00,2555,-3.975,-6.744,0.364
1.00,2556,-8.270,0.036,0.442
1.00,2557,-3.109,7.644,0.436
1.00,2558,8.025,-0.408,0.294
1.00,2559,-9.322,-5.938,5.049
1.00,2560,5.305,5.703,0.264
1.00,2561,7.371,3.201,0.313
1.00,2562,-5.730,5.238,0.248
1.00,2563,5.424,-5.575,0.259
1.00,2564,0.314,-8.029,0.304
1.00,2565,3.480,-7.373,0.245
1.00,2566,-5.428,-5.763,0.516
1.00,2567,0.106,8.264,0.270
1.00,2568,7.945,-0.547,0.321
1.00,2569,8.025,-0.408,0.294
1.00,2570,0.106,8.264,0.270
1.00,2571,5.426,-5.571,0.259
1.00,2572,-7.455,3.335,0.524
1.00,2573,-8.270,0.036,0.442
1.00,2574,-3.109,7.644,0.436
1.00,2575,5.305,5.703,0.264
1.00,2576,-3.946,-6.765,0.363
1.00,2577,-7.555,3.121,0.418
1.00,2578,8.044,6.975,3.142
1.00,2579,5.305,5.703,0.264
1.00,2580,-5.730,5.238,0.248
1.00,2581,7.371,3.201,0.313
1.00,2582,-7.555,3.121,0.418
1.00,2583,0.314,-8.029,0.304
1.00,2584,-5.318,-5.847,0.486
1.00,2585,7.348,-3.484,0.291
1.00,2586,1.006,-5.070,1.646
1.00,2587,-8.270,0.036,0.442
1.00,2588,-7.537,3.180,0.426
1.00,2589,-8.270,0.036,0.442
1.00,2590,7.371,3.201,0.313
1.00,2591,3.480,-7.373,0.245
1.00,2592,0.314,-8.029,0.304
1.00,2593,7.348,-3.484,0.291
1.00,2594,-8.270,0.036,0.442
1.00,2595,5.304,5.704,0.264
1.00,2596,8.025,-0.408,0.294
1.00,2597,8.025,-0.408,0.294
1.00,2598,-0.787,-5.113,-9.548
1.00,2599,3.359,7.474,0.275
1.00,2600,0.106,8.264,0.270
1.00,2601,-3.732,-6.932,0.348
1.00,2602,0.783,-7.762,-0.191
1.00,2603,-3.109,7.644,0.436
1.00,2604,-5.318,-5.847,0.486
1.00,2605,0.551,3.609,0.492
1.00,2606,-8.270,0.036,0.442
1.00,2607,5.305,5.703,0.264
1.00,2608,5.291,5.716,0.264
1.00,2609,0.314,-8.029,0.304
1.00,2610,-5.318,-5.848,0.486
1.00,2611,-5.730,5.238,0.248
1.00,2612,0.106,8.264,0.270
1.00,2613,7.517,3.141,0.313
1.00,2614,5.425,-5.573,0.259
1.00,2615,7.371,3.201,0.313
1.00,2616,-7.555,3.121,0.418
1.00,2617,5.307,5.701,0.264
1.00,2618,-5.318,-5.848,0.486
1.00,2619,-4.549,-6.350,0.400
1.00,2620,8.025,-0.408,0.294
1.00,2621,-8.270,0.036,0.442
1.00,2622,-0.404,0.216,4.191
1.00,2623,-8.270,0.036,0.442
1.00,2624,0.314,-8.029,0.304
1.00,2625,0.314,-8.029,0.304
1.00,2626,-7.222,-3.357,0.262
1.00,2627,8.025,-0.408,0.294
1.00,2628,0.314,-8.029,0.304
1.00,2629,5.311,5.697,0.264
1.00,2630,5.425,-5.573,0.259
1.00,2631,7.371,3.201,0.313
1.00,2632,-4.403,-6.440,0.391
1.00,2633,7.371,3.201,0.313
1.00,2634,5.425,-5.572,0.259
1.00,2635,1.927,-8.838,1.684
1.00,2636,-3.109,7.644,0.436
1.00,2637,8.025,-0.408,0.294
1.00,2638,-8.270,0.036,0.442
1.00,2639,7.371,3.201,0.313
1.00,2640,-3.709,-6.950,0.346
1.00,2641,-3.109,7.644,0.436
1.00,2642,5.427,-5.569,0.259
1.00,2643,8.025,-0.408,0.294
1.00,2644,0.266,-0.196,-7.854
1.00,2645,8.025,-0.408,0.294
1.00,2646,7.883,4.096,3.179
1.00,2647,5.322,5.687,0.264
1.00,2648,6.286,0.538,5.723
1.00,2649,-7.222,-3.357,0.262
1.00,2650,-8.270,0.036,0.442
1.00,2651,5.305,5.703,0.264
1.00,2652,5.546,-5.400,0.251
1.00,2653,4.270,3.508,-10.647
1.00,2654,-7.555,3.121,0.418
1.00,2655,-5.318,-5.848,0.486
1.00,2656,7.371,3.201,0.313
1.00,2657,-5.685,5.428,0.254
1.00,2658,-8.270,0.036,0.442
1.00,2659,-3.109,7.644,0.436
1.00,2660,8.025,-0.408,0.294
1.00,2661,7.371,3.201,0.313
1.00,2662,5.427,-5.569,0.259
1.00,2663,5.427,-5.570,0.259
1.00,2664,-0.278,-0.192,-10.281
1.00,2665,0.106,8.264,0.270
1.00,2666,-5.730,5.239,0.248
1.00,2667,-7.555,3.121,0.418
1.00,2668,8.025,-0.408,0.294
1.00,2669,-5.318,-5.848,0.486
1.00,2670,-5.081,-6.001,0.454
1.00,2671,5.308,5.700,0.264
1.00,2672,-5.730,5.238,0.248
1.00,2673,-5.730,5.238,0.248
1.00,2674,-3.612,-7.018,0.336
1.00,2675,-0.210,-4.411,-7.967
1.00,2676,0.106,8.264,0.270
1.00,2677,7.371,3.201,0.313
1.00,2678,-8.270,0.036,0.442
1.00,2679,0.106,8.264,0.270
1.00,2680,5.430,-5.565,0.259
1.00,2681,7.371,3.201,0.313
1.00,2682,5.404,5.599,0.263
1.00,2683,5.430,-5.565,0.259
1.00,2684,-5.730,5.238,0.248
1.00,2685,0.106,8.264,0.270
1.00,2686,0.588,-0.527,-5.082
1.00,2687,-5.316,-5.849,0.486
1.00,2688,-5.730,5.238,0.248
1.00,2689,5.295,5.712,0.264
1.00,2690,0.314,-8.029,0.304
1.00,2691,5.956,-1.074,2.978
1.00,2692,-8.236,0.135,0.420
1.00,2693,0.106,8.264,0.270
1.00,2694,3.338,7.488,0.272
1.00,2695,10.311,-5.465,-4.218
1.00,2696,-7.555,3.121,0.418
1.00,2697,8.025,-0.408,0.294
1.00,2698,0.106,8.264,0.270
1.00,2699,7.371,3.201,0.313
1.00,2700,0.666,-1.189,-3.522
1.00,2701,7.979,3.120,0.243
1.00,2702,8.025,-0.408,0.294
1.00,2703,-8.270,0.036,0.442
1.00,2704,-6.252,7.050,4.033
1.00,2705,0.106,8.264,0.270
1.00,2706,5.416,-5.588,0.259
1.00,2707,0.502,-0.313,-10.743
1.00,2708,-5.320,-5.846,0.487
1.00,2709,-5.730,5.238,0.248
1.00,2710,0.314,-8.029,0.304
1.00,2711,3.480,-7.373,0.245
1.00,2712,-5.318,-5.848,0.486
1.00,2713,6.069,0.357,7.458
1.00,2714,-8.219,0.201,0.401
1.00,2715,5.305,5.703,0.264
1.00,2716,8.025,-0.408,0.294
1.00,2717,-4.585,-6.328,0.403
1.00,2718,-5.320,-5.846,0.487
1.00,2719,0.314,-8.029,0.304
1.00,2720,5.305,5.703,0.264
1.00,2721,5.305,5.703,0.264
1.00,2722,-5.730,5.238,0.248
1.00,2723,-5.902,5.130,0.299
1.00,2724,5.429,-5.567,0.259
1.00,2725,8.025,-0.410,0.294
1.00,2726,-5.318,-5.848,0.486
1.00,2727,-5.322,-5.844,0.487
1.00,2728,5.333,5.677,0.264
1.00,2729,-5.318,-5.848,0.486
1.00,2730,5.423,-5.576,0.259
1.00,2731,0.106,8.264,0.270
1.00,2732,6.036,7.591,-10.306
1.00,2733,-3.109,7.644,0.436
1.00,2734,5.307,5.702,0.264
1.00,2735,0.106,8.264,0.270
1.00,2736,-5.319,-5.847,0.487
1.00,2737,5.581,-5.352,0.247
1.00,2738,-5.730,5.238,0.248
1.00,2739,8.025,-0.410,0.294
1.00,2740,-7.555,3.121,0.418
1.00,2741,-8.270,0.036,0.442
1.00,2742,0.314,-8.029,0.304
1.00,2743,0.314,-8.029,0.304
1.00,2744,7.348,-3.484,0.291
1.00,2745,-5.730,5.238,0.248
1.00,2746,-7.557,3.116,0.417
1.00,2747,5.305,5.703,0.264
1.00,2748,10.177,-6.704,-1.112
1.00,2749,-5.318,-5.848,0.486
1.00,2750,-5.729,5.241,0.248
1.00,2751,-7.555,3.121,0.418
1.00,2752,8.025,-0.408,0.294
1.00,2753,-5.023,-6.034,0.449
1.00,2754,0.387,-8.008,0.295
1.00,2755,3.359,7.474,0.275
1.00,2756,8.025,-0.408,0.294
1.00,2757,0.713,-7.889,0.264
1.00,2758,-7.555,3.121,0.418
1.00,2759,-3.203,-7.305,0.324
1.00,2760,-5.730,5.238,0.248
1.00,2761,0.030,8.276,0.268
1.00,2762,-3.109,7.644,0.436
1.00,2763,0.105,8.264,0.270
1.00,2764,5.388,-5.631,0.258
1.00,2765,5.305,5.703,0.264
1.00,2766,-4.757,-6.216,0.419
1.00,2767,7.348,-3.484,0.291
1.00,2768,8.025,-0.408,0.294
1.00,2769,-5.730,5.238,0.248
1.00,2770,-7.222,-3.357,0.262
1.00,2771,-8.270,0.036,0.442
1.00,2772,-7.555,3.121,0.418
1.00,2773,3.359,7.474,0.275
1.00,2774,-5.318,-5.848,0.486
1.00,2775,3.359,7.474,0.275
1.00,2776,-5.318,-5.848,0.486
1.00,2777,7.371,3.201,0.313
1.00,2778,0.106,8.264,0.270
1.00,2779,5.304,5.704,0.264
1.00,2780,7.383,3.185,0.317
1.00,2781,0.106,8.264,0.270
1.00,2782,-8.161,0.287,0.416
1.00,2783,-5.730,5.238,0.248
1.00,2784,0.106,8.264,0.270
1.00,2785,0.314,-8.029,0.304
1.00,2786,0.115,8.261,0.271
1.00,2787,-5.727,5.245,0.248
1.00,2788,-3.109,7.644,0.436
1.00,2789,-5.318,-5.848,0.486
1.00,2790,5.305,5.703,0.264
1.00,2791,7.371,3.201,0.313
1.00,2792,-3.109,7.644,0.436
1.00,2793,-8.270,0.036,0.442
1.00,2794,5.322,5.688,0.264
1.00,2795,-3.109,7.644,0.436
1.00,2796,-2.836,-8.834,2.661
1.00,2797,8.025,-0.408,0.294
1.00,2798,7.373,3.197,0.314
1.00,2799,7.348,-3.484,0.291
1.00,2800,3.577,4.259,1.582
1.00,2801,-7.555,3.121,0.418
1.00,2802,-3.842,2.706,-8.874
1.00,2803,0.001,-1.032,-2.082
1.00,2804,0.090,8.268,0.270
1.00,2805,-5.744,5.263,0.249
1.00,2806,-5.318,-5.848,0.486
1.00,2807,-5.319,-5.847,0.487
1.00,2808,-8.270,0.036,0.442
1.00,2809,0.315,-8.028,0.304
1.00,2810,-8.270,0.036,0.442
1.00,2811,-7.555,3.121,0.418
1.00,2812,-5.318,-5.848,0.486
1.00,2813,0.106,8.264,0.270
1.00,2814,-5.318,-5.848,0.486
1.00,2815,5.305,5.703,0.264
1.00,2816,8.025,-0.408,0.294
1.00,2817,7.371,3.201,0.313
1.00,2818,-7.222,-3.357,0.262
1.00,2819,5.314,5.694,0.264
1.00,2820,-7.222,-3.357,0.262
1.00,2821,5.849,-4.006,7.656
1.00,2822,5.422,-5.577,0.259
1.00,2823,3.359,7.474,0.275
1.00,2824,-5.318,-5.847,0.486
1.00,2825,-5.730,5.238,0.248
1.00,2826,0.314,-8.029,0.304
1.00,2827,7.371,3.201,0.313
1.00,2828,5.422,-5.577,0.259
1.00,2829,7.371,3.201,0.313
1.00,2830,-5.318,-5.848,0.486
1.00,2831,-10.175,5.415,-4.503
1.00,2832,-5.318,-5.848,0.486
1.00,2833,-7.555,3.121,0.418
1.00,2834,0.324,-8.026,0.303
1.00,2835,-5.318,-5.848,0.486
1.00,2836,-5.318,-5.848,0.486
1.00,2837,-5.318,-5.848,0.486
1.00,2838,-3.109,7.644,0.436
1.00,2839,-7.222,-3.357,0.262
1.00,2840,-7.223,-3.355,0.261
1.00,2841,5.307,5.701,0.264
1.00,2842,-3.109,7.644,0.436
1.00,2843,-8.270,0.036,0.442
1.00,2844,-8.270,0.036,0.442
1.00,2845,-3.109,7.644,0.436
1.00,2846,-3.110,7.644,0.436
1.00,2847,-5.730,5.238,0.248
1.00,2848,-8.270,0.036,0.442
1.00,2849,-5.318,-5.848,0.486
1.00,2850,5.421,-5.580,0.259
1.00,2851,0.314,-8.029,0.304
1.00,2852,5.305,5.703,0.264
1.00,2853,-3.111,7.644,0.435
1.00,2854,0.106,8.264,0.270
1.00,2855,-5.730,5.238,0.248
1.00,2856,-0.448,-4.609,-8.765
1.00,2857,5.423,-5.575,0.259
1.00,2858,3.359,7.474,0.275
1.00,2859,-5.318,-5.848,0.486
1.00,2860,-5.317,-5.848,0.486
1.00,2861,0.314,-8.029,0.304
1.00,2862,-5.730,5.238,0.248
1.00,2863,5.305,5.703,0.264
1.00,2864,-5.730,5.238,0.248
1.00,2865,7.371,3.201,0.313
1.00,2866,0.315,-8.028,0.304
1.00,2867,-0.403,-0.160,-9.159
1.00,2868,7.371,3.201,0.313
1.00,2869,-4.860,-6.145,0.432
1.00,2870,-7.555,3.121,0.418
1.00,2871,-5.318,-5.847,0.486
1.00,2872,8.025,-0.408,0.294
1.00,2873,0.106,8.264,0.270
1.00,2874,-7.555,3.121,0.418
1.00,2875,5.427,-5.570,0.259
1.00,2876,3.480,-7.373,0.245
1.00,2877,-7.555,3.121,0.418
1.00,2878,-5.730,5.238,0.248
1.00,2879,-8.270,0.036,0.442
1.00,2880,3.480,-7.373,0.245
1.00,2881,-10.280,5.133,-9.219
1.00,2882,0.106,8.264,0.270
1.00,2883,0.106,8.264,0.270
1.00,2884,-8.270,0.036,0.442
1.00,2885,7.348,-3.484,0.291
1.00,2886,8.025,-0.408,0.294
1.00,2887,5.214,5.785,0.266
1.00,2888,0.106,8.264,0.270
1.00,2889,3.480,-7.373,0.245
1.00,2890,0.314,-8.029,0.304
1.00,2891,0.519,-4.898,0.563
1.00,2892,-7.555,3.121,0.418
1.00,2893,0.106,8.264,0.270
1.00,2894,0.106,8.264,0.270
1.00,2895,3.887,2.961,-4.672
1.00,2896,7.371,3.201,0.313
1.00,2897,5.395,5.619,0.265
1.00,2898,8.025,-0.408,0.294
1.00,2899,0.410,-8.002,0.292
1.00,2900,5.293,5.714,0.264
1.00,2901,-3.109,7.644,0.436
1.00,2902,-5.730,5.238,0.248
1.00,2903,5.424,-5.575,0.259
1.00,2904,-7.555,3.121,0.418
1.00,2905,5.308,5.700,0.264
1.00,2906,3.480,-7.373,0.245
1.00,2907,0.315,-8.028,0.304
1.00,2908,7.258,3.355,0.285
1.00,2909,-5.317,-5.848,0.486
1.00,2910,-8.270,0.036,0.442
1.00,2911,-4.415,-6.432,0.392
1.00,2912,-7.222,-3.357,0.262
1.00,2913,-7.272,-3.276,0.257
1.00,2914,-7.555,3.122,0.418
1.00,2915,-5.730,5.238,0.248
1.00,2916,3.480,-7.373,0.245
1.00,2917,5.482,-5.489,0.255
1.00,2918,10.274,0.449,-3.214
1.00,2919,5.428,-5.568,0.259
1.00,2920,-3.527,1.821,-9.924
1.00,2921,-3.095,7.643,0.446
1.00,2922,0.106,8.264,0.270
1.00,2923,-3.744,-6.923,0.349
1.00,2924,7.349,-3.482,0.291
1.00,2925,-8.270,0.036,0.442
1.00,2926,0.177,-0.308,-9.232
1.00,2927,-5.730,5.238,0.248
1.00,2928,8.025,-0.408,0.294
1.00,2929,-7.555,3.121,0.418
1.00,2930,-7.555,3.121,0.418
1.00,2931,5.305,5.703,0.264
1.00,2932,0.095,8.267,0.270
1.00,2933,-6.786,-7.508,4.871
1.00,2934,5.454,-5.530,0.257
1.00,2935,8.025,-0.408,0.294
1.00,2936,8.024,-0.411,0.294
1.00,2937,-5.318,-5.848,0.486
1.00,2938,-3.109,7.644,0.436
1.00,2939,-3.870,-6.825,0.358
1.00,2940,-3.109,7.644,0.436
1.00,2941,0.311,-8.030,0.305
1.00,2942,-2.700,7.688,0.504
1.00,2943,-5.318,-5.848,0.486
1.00,2944,0.106,8.264,0.270
1.00,2945,-5.317,-5.848,0.486
1.00,2946,5.303,5.705,0.264
1.00,2947,8.025,-0.408,0.294
1.00,2948,8.025,-0.408,0.294
1.00,2949,0.106,8.264,0.270
1.00,2950,8.025,-0.408,0.294
1.00,2951,-8.270,0.036,0.442
1.00,2952,0.100,8.266,0.270
1.00,2953,-3.109,7.644,0.436
1.00,2954,-8.270,0.036,0.442
1.00,2955,7.371,3.201,0.313
1.00,2956,5.450,-5.536,0.257
1.00,2957,0.106,8.264,0.270
1.00,2958,-5.730,5.238,0.248
1.00,2959,3.359,7.474,0.275
1.00,2960,7.348,-3.484,0.291
1.00,2961,-5.318,-5.848,0.486
1.00,2962,5.424,-5.574,0.259
1.00,2963,5.423,-5.575,0.259
1.00,2964,-5.730,5.238,0.248
1.00,2965,5.403,5.611,0.265
1.00,2966,-6.072,-2.586,8.136
1.00,2967,3.359,7.474,0.275
1.00,2968,6.009,-0.639,2.855
1.00,2969,-8.270,0.036,0.442
1.00,2970,0.106,8.264,0.270
1.00,2971,-5.317,-5.848,0.486
1.00,2972,-5.318,-5.848,0.486
1.00,2973,5.425,-5.573,0.259
1.00,2974,-3.109,7.644,0.436
1.00,2975,0.106,8.264,0.270
1.00,2976,-7.265,-3.287,0.258
1.00,2977,-5.730,5.238,0.248
1.00,2978,-7.555,3.121,0.418
1.00,2979,0.314,-8.029,0.304
1.00,2980,5.437,-5.555,0.258
1.00,2981,-7.555,3.121,0.418
1.00,2982,7.348,-3.484,0.291
1.00,2983,-3.109,7.644,0.436
1.00,2984,0.106,8.264,0.270
1.00,2985,8.025,-0.408,0.294
1.00,2986,-5.318,-5.847,0.487
1.00,2987,-7.059,1.311,5.652
1.00,2988,0.106,8.264,0.270
1.00,2989,7.348,-3.484,0.291
1.00,2990,-5.730,5.238,0.248
1.00,2991,5.429,-5.567,0.259
1.00,2992,-7.222,-3.357,0.262
1.00,2993,3.359,7.474,0.275
1.00,2994,0.314,-8.029,0.304
1.00,2995,8.025,-0.408,0.294
1.00,2996,-8.270,0.036,0.442
1.00,2997,-7.555,3.121,0.418
1.00,2998,7.348,-3.484,0.291
1.00,2999,5.539,-5.410,0.251
2.00,0,-8.270,0.036,0.442
2.00,1,7.371,3.201,0.313
2.00,2,5.422,-5.577,0.259
2.00,3,-5.199,-5.929,0.466
2.00,4,5.422,-5.577,0.259
2.00,5,8.025,-0.408,0.294
2.00,6,-5.318,-5.848,0.486
2.00,7,7.371,3.201,0.313
2.00,8,-5.318,-5.848,0.486
2.00,9,-5.318,-5.848,0.486
2.00,10,7.348,-3.484,0.291
2.00,11,-7.222,-3.357,0.262
2.00,12,8.025,-0.408,0.294
2.00,13,5.422,-5.577,0.259
2.00,14,-5.730,5.238,0.248
2.00,15,-0.322,-4.541,-5.579
2.00,16,7.348,-3.484,0.291
2.00,17,-5.730,5.238,0.248
2.00,18,5.305,5.703,0.264
2.00,19,-8.270,0.036,0.442
2.00,20,-8.270,0.036,0.442
2.00,21,5.305,5.703,0.264
2.00,22,7.371,3.201,0.313
2.00,23,-8.270,0.036,0.442
2.00,24,5.423,-5.576,0.259
2.00,25,-7.222,-3.357,0.262
2.00,26,5.422,-5.577,0.259
2.00,27,-5.730,5.238,0.248
2.00,28,-8.270,0.036,0.442
2.00,29,-3.109,7.644,0.436
2.00,30,5.305,5.703,0.264
2.00,31,5.422,-5.577,0.259
2.00,32,5.305,5.703,0.264
2.00,33,-5.318,-5.848,0.486
2.00,34,-3.109,7.644,0.436
2.00,35,7.348,-3.484,0.291
2.00,36,-5.318,-5.848,0.486
2.00,37,3.480,-7.373,0.245
2.00,38,-5.318,-5.848,0.486
2.00,39,0.314,-8.029,0.304
2.00,40,-5.730,5.238,0.248
2.00,41,-5.730,5.238,0.248
2.00,42,5.305,5.703,0.264
2.00,43,-8.270,0.036,0.442
2.00,44,-5.318,-5.848,0.486
2.00,45,8.025,-0.408,0.294
2.00,46,-7.555,3.121,0.418
2.00,47,-5.317,-5.848,0.486
2.00,48,-5.318,-5.848,0.486
2.00,49,0.314,-8.029,0.304
2.00,50,-5.730,5.238,0.248
2.00,51,-5.730,5.238,0.248
2.00,52,8.025,-0.408,0.294
2.00,53,0.106,8.264,0.270
2.00,54,7.371,3.201,0.313
2.00,55,-7.555,3.121,0.418
2.00,56,8.025,-0.408,0.294
2.00,57,7.348,-3.484,0.291
2.00,58,-5.730,5.238,0.248
2.00,59,7.348,-3.484,0.291
2.00,60,5.308,5.700,0.264
2.00,61,4.301,-3.933,4.504
2.00,62,-8.270,0.036,0.442
2.00,63,-5.318,-5.848,0.486
2.00,64,-5.730,5.238,0.248
2.00,65,7.348,-3.484,0.291
2.00,66,0.106,8.264,0.270
2.00,67,-5.318,-5.848,0.486
2.00,68,3.359,7.474,0.275
2.00,69,-8.270,0.036,0.442
2.00,70,9.901,-3.893,0.825
2.00,71,0.106,8.264,0.270
2.00,72,-7.222,-3.357,0.262
2.00,73,-5.318,-5.848,0.486
2.00,74,-5.318,-5.848,0.486
2.00,75,-5.318,-5.848,0.486
2.00,76,0.106,8.264,0.270
2.00,77,-8.270,0.036,0.442
2.00,78,-5.730,5.238,0.248
2.00,79,-7.555,3.121,0.418
2.00,80,-8.270,0.036,0.442
2.00,81,5.425,-5.573,0.259
2.00,82,0.314,-8.029,0.304
2.00,83,-7.555,3.121,0.418
2.00,84,0.106,8.264,0.270
2.00,85,7.371,3.201,0.313
2.00,86,8.025,-0.408,0.294
2.00,87,5.305,5.703,0.264
2.00,88,-7.555,3.121,0.418
2.00,89,3.359,7.474,0.275
2.00,90,8.025,-0.408,0.294
2.00,91,-8.270,0.036,0.442
2.00,92,0.314,-8.029,0.304
2.00,93,3.359,7.474,0.275
2.00,94,-3.109,7.644,0.436
2.00,95,-5.318,-5.848,0.486
2.00,96,-8.270,0.036,0.442
2.00,97,7.371,3.201,0.313
2.00,98,-5.318,-5.848,0.486
2.00,99,-3.109,7.644,0.436
2.00,100,-5.730,5.238,0.248
2.00,101,-7.555,3.121,0.418
2.00,102,-3.109,7.644,0.436
2.00,103,7.371,3.201,0.313
2.00,104,-8.270,0.036,0.442
2.00,105,-5.317,-5.848,0.486
2.00,106,-3.109,7.644,0.436
2.00,107,-5.730,5.238,0.248
2.00,108,5.422,-5.577,0.259
2.00,109,0.314,-8.029,0.304
2.00,110,-3.109,7.644,0.436
2.00,111,-3.109,7.644,0.436
2.00,112,3.359,7.474,0.275
2.00,113,5.422,-5.577,0.259
2.00,114,-5.318,-5.848,0.486
2.00,115,-3.109,7.644,0.436
2.00,116,7.371,3.201,0.313
2.00,117,-8.270,0.036,0.442
2.00,118,3.359,7.474,0.275
2.00,119,3.359,7.474,0.275
2.00,120,-5.730,5.238,0.248
2.00,121,-5.317,-5.848,0.486
2.00,122,-8.270,0.036,0.442
2.00,123,-8.270,0.036,0.442
2.00,124,8.025,-0.408,0.294
2.00,125,5.305,5.703,0.264
2.00,126,-3.109,7.644,0.436
2.00,127,-5.730,5.238,0.248
2.00,128,5.422,-5.577,0.259
2.00,129,-8.270,0.036,0.442
2.00,130,5.322,5.688,0.264
2.00,131,7.348,-3.484,0.291
2.00,132,-5.730,5.238,0.248
2.00,133,-5.730,5.238,0.248
2.00,134,5.305,5.703,0.264
2.00,135,0.314,-8.029,0.304
2.00,136,-5.730,5.238,0.248
2.00,137,5.318,5.691,0.264
2.00,138,3.480,-7.373,0.245
2.00,139,0.314,-8.029,0.304
2.00,140,3.359,7.474,0.275
2.00,141,-5.318,-5.848,0.486
2.00,142,-5.318,-5.848,0.486
2.00,143,-7.555,3.121,0.418
2.00,144,5.422,-5.577,0.259
2.00,145,5.305,5.703,0.264
2.00,146,-5.318,-5.848,0.486
2.00,147,-8.270,0.036,0.442
2.00,148,-8.270,0.036,0.442
2.00,149,-0.288,0.279,8.535
2.00,150,5.422,-5.577,0.259
2.00,151,5.305,5.703,0.264
2.00,152,7.348,-3.484,0.291
2.00,153,-7.222,-3.357,0.262
2.00,154,-5.730,5.238,0.248
2.00,155,-5.318,-5.848,0.486
2.00,156,7.348,-3.484,0.291
2.00,157,5.305,5.703,0.264
2.00,158,-7.222,-3.357,0.262
2.00,159,0.106,8.264,0.270
2.00,160,-5.317,-5.848,0.486
2.00,161,-5.730,5.238,0.248
2.00,162,-7.555,3.121,0.418
2.00,163,-8.270,0.036,0.442
2.00,164,3.480,-7.373,0.245
2.00,165,3.359,7.474,0.275
2.00,166,5.305,5.703,0.264
2.00,167,-5.318,-5.848,0.486
2.00,168,-8.270,0.036,0.442
2.00,169,-5.318,-5.848,0.486
2.00,170,0.106,8.264,0.270
2.00,171,3.359,7.474,0.275
2.00,172,-8.270,0.036,0.442
2.00,173,-5.318,-5.848,0.486
2.00,174,-3.109,7.644,0.436
2.00,175,-5.318,-5.848,0.486
2.00,176,8.025,-0.408,0.294
2.00,177,5.305,5.703,0.264
2.00,178,0.314,-8.029,0.304
2.00,179,0.106,8.264,0.270
2.00,180,-5.318,-5.848,0.486
2.00,181,5.305,5.703,0.264
2.00,182,-7.555,3.121,0.418
2.00,183,0.314,-8.029,0.304
2.00,184,-7.222,-3.357,0.262
2.00,185,5.422,-5.577,0.259
2.00,186,8.025,-0.408,0.294
2.00,187,-7.222,-3.357,0.262
2.00,188,5.305,5.703,0.264
2.00,189,5.305,5.703,0.264
2.00,190,-5.730,5.238,0.248
2.00,191,-8.270,0.036,0.442
2.00,192,-3.109,7.644,0.436
2.00,193,0.106,8.264,0.270
2.00,194,0.314,-8.029,0.304
2.00,195,-5.730,5.238,0.248
2.00,196,-8.270,0.036,0.442
2.00,197,-5.730,5.238,0.248
2.00,198,-5.730,5.238,0.248
2.00,199,-5.318,-5.848,0.486
2.00,200,7.348,-3.484,0.291
2.00,201,-3.109,7.644,0.436
2.00,202,7.348,-3.484,0.291
2.00,203,-8.270,0.036,0.442
2.00,204,0.314,-8.029,0.304
2.00,205,-8.270,0.036,0.442
2.00,206,5.305,5.703,0.264
2.00,207,-5.318,-5.848,0.486
2.00,208,-7.555,3.121,0.418
2.00,209,5.305,5.703,0.264
2.00,210,-8.270,0.036,0.442
2.00,211,0.314,-8.029,0.304
2.00,212,5.305,5.703,0.264
2.00,213,-5.318,-5.848,0.486
2.00,214,7.348,-3.484,0.291
2.00,215,0.314,-8.029,0.304
2.00,216,0.106,8.264,0.270
2.00,217,-5.318,-5.848,0.486
2.00,218,-5.318,-5.848,0.486
2.00,219,0.106,8.264,0.270
2.00,220,-5.318,-5.848,0.486
2.00,221,0.314,-8.029,0.304
2.00,222,-7.222,-3.357,0.262
2.00,223,-7.555,3.121,0.418
2.00,224,-5.318,-5.848,0.486
2.00,225,-7.222,-3.357,0.262
2.00,226,0.314,-8.029,0.304
2.00,227,-3.109,7.644,0.436
2.00,228,-7.555,3.121,0.418
2.00,229,-8.270,0.036,0.442
2.00,230,-3.109,7.644,0.436
2.00,231,-3.109,7.644,0.436
2.00,232,5.305,5.703,0.264
2.00,233,-5.318,-5.848,0.486
2.00,234,0.314,-8.029,0.304
2.00,235,-3.109,7.644,0.436
2.00,236,-5.730,5.238,0.248
2.00,237,0.106,8.264,0.270
2.00,238,-3.109,7.644,0.436
2.00,239,5.305,5.703,0.264
2.00,240,-8.270,0.036,0.442
2.00,241,-5.318,-5.848,0.486
2.00,242,8.025,-0.408,0.294
2.00,243,-5.730,5.238,0.248
2.00,244,3.480,-7.373,0.245
2.00,245,7.371,3.201,0.313
2.00,246,-7.222,-3.357,0.262
2.00,247,7.371,3.201,0.313
2.00,248,-3.109,7.644,0.436
2.00,249,5.305,5.703,0.264
2.00,250,-5.730,5.238,0.248
2.00,251,7.371,3.201,0.313
2.00,252,5.305,5.703,0.264
2.00,253,-5.318,-5.848,0.486
2.00,254,5.305,5.703,0.264
2.00,255,-5.318,-5.848,0.486
2.00,256,3.359,7.474,0.275
2.00,257,5.305,5.703,0.264
2.00,258,5.422,-5.577,0.259
2.00,259,-5.318,-5.848,0.486
2.00,260,0.314,-8.029,0.304
2.00,261,8.025,-0.408,0.294
2.00,262,8.025,-0.408,0.294
2.00,263,-5.317,-5.848,0.486
2.00,264,7.371,3.201,0.313
2.00,265,8.025,-0.408,0.294
2.00,266,0.106,8.264,0.270
2.00,267,-5.318,-5.848,0.486
2.00,268,-8.270,0.036,0.442
2.00,269,0.106,8.264,0.270
2.00,270,0.314,-8.029,0.304
2.00,271,5.305,5.703,0.264
2.00,272,-5.730,5.238,0.248
2.00,273,-5.317,-5.848,0.486
2.00,274,5.422,-5.577,0.259
2.00,275,8.025,-0.408,0.294
2.00,276,8.025,-0.408,0.294
2.00,277,5.422,-5.577,0.259
2.00,278,-5.730,5.238,0.248
2.00,279,-8.270,0.036,0.442
2.00,280,8.025,-0.408,0.294
2.00,281,-8.270,0.036,0.442
2.00,282,-8.270,0.036,0.442
2.00,283,-5.730,5.238,0.248
2.00,284,3.359,7.474,0.275
2.00,285,-8.270,0.036,0.442
2.00,286,-5.149,-5.960,0.460
2.00,287,3.480,-7.373,0.245
2.00,288,7.348,-3.484,0.291
2.00,289,0.106,8.264,0.270
2.00,290,-5.317,-5.848,0.486
2.00,291,-5.730,5.238,0.248
2.00,292,-5.318,-5.848,0.486
2.00,293,-5.730,5.238,0.248
2.00,294,-5.317,-5.848,0.486
2.00,295,0.106,8.264,0.270
2.00,296,-5.730,5.238,0.248
2.00,297,3.359,7.474,0.275
2.00,298,-5.318,-5.848,0.486
2.00,299,8.025,-0.408,0.294
2.00,300,-5.318,-5.848,0.486
2.00,301,5.305,5.703,0.264
2.00,302,0.106,8.264,0.270
2.00,303,-3.114,7.656,0.433
2.00,304,8.025,-0.408,0.294
2.00,305,-7.555,3.121,0.418
2.00,306,7.348,-3.484,0.291
2.00,307,-5.318,-5.847,0.486
2.00,308,-5.187,-5.937,0.464
2.00,309,-5.730,5.238,0.248
2.00,310,-7.222,-3.357,0.262
2.00,311,-7.222,-3.358,0.262
2.00,312,-5.318,-5.848,0.486
2.00,313,0.314,-8.029,0.304
2.00,314,7.348,-3.484,0.291
2.00,315,7.371,3.201,0.313
2.00,316,3.480,-7.373,0.245
2.00,317,8.025,-0.408,0.294
2.00,318,3.480,-7.373,0.245
2.00,319,0.314,-8.029,0.304
2.00,320,5.305,5.703,0.264
2.00,321,5.305,5.703,0.264
2.00,322,-5.318,-5.848,0.486
2.00,323,-5.318,-5.848,0.486
2.00,324,8.025,-0.408,0.294
2.00,325,-5.318,-5.848,0.486
2.00,326,0.106,8.264,0.270
2.00,327,-3.109,7.644,0.436
2.00,328,5.305,5.703,0.264
2.00,329,-5.730,5.238,0.248
2.00,330,7.348,-3.484,0.291
2.00,331,7.371,3.201,0.313
2.00,332,5.423,-5.577,0.259
2.00,333,-5.318,-5.848,0.486
2.00,334,-5.318,-5.848,0.486
2.00,335,8.025,-0.408,0.294
2.00,336,5.422,-5.577,0.259
2.00,337,-5.317,-5.848,0.486
2.00,338,5.305,5.703,0.264
2.00,339,-5.730,5.238,0.248
2.00,340,-5.730,5.238,0.248
2.00,341,7.371,3.201,0.313
2.00,342,-3.109,7.644,0.436
2.00,343,5.422,-5.577,0.259
2.00,344,7.371,3.201,0.313
2.00,345,-5.318,-5.848,0.486
2.00,346,0.314,-8.029,0.304
2.00,347,8.025,-0.408,0.294
2.00,348,0.106,8.264,0.270
2.00,349,-8.267,0.043,0.440
2.00,350,0.106,8.264,0.270
2.00,351,7.371,3.201,0.313
2.00,352,-5.730,5.238,0.248
2.00,353,8.025,-0.408,0.294
2.00,354,8.025,-0.408,0.294
2.00,355,7.371,3.201,0.313
2.00,356,-7.555,3.121,0.418
2.00,357,5.305,5.703,0.264
2.00,358,5.305,5.703,0.264
2.00,359,-5.318,-5.848,0.486
2.00,360,-3.109,7.644,0.436
2.00,361,-5.730,5.238,0.248
2.00,362,5.421,-5.580,0.259
2.00,363,7.371,3.201,0.313
2.00,364,-8.270,0.036,0.442
2.00,365,-4.082,-6.664,0.367
2.00,366,7.348,-3.484,0.291
2.00,367,0.314,-8.029,0.304
2.00,368,-5.318,-5.848,0.486
2.00,369,-7.555,3.121,0.418
2.00,370,-8.270,0.036,0.442
2.00,371,5.305,5.703,0.264
2.00,372,8.025,-0.408,0.294
2.00,373,-8.270,0.036,0.442
2.00,374,-5.317,-5.848,0.486
2.00,375,-7.222,-3.357,0.262
2.00,376,7.371,3.201,0.313
2.00,377,7.371,3.201,0.313
2.00,378,-5.318,-5.848,0.486
2.00,379,8.025,-0.408,0.294
2.00,380,5.305,5.703,0.264
2.00,381,-3.109,7.644,0.436
2.00,382,-5.318,-5.848,0.486
2.00,383,5.422,-5.577,0.259
2.00,384,5.305,5.703,0.264
2.00,385,7.371,3.201,0.313
2.00,386,5.305,5.703,0.264
2.00,387,-8.270,0.036,0.442
2.00,388,-7.222,-3.357,0.262
2.00,389,-5.318,-5.848,0.486
2.00,390,5.305,5.703,0.264
2.00,391,-5.730,5.238,0.248
2.00,392,0.314,-8.029,0.304
2.00,393,-5.730,5.238,0.248
2.00,394,-8.270,0.036,0.442
2.00,395,-8.270,0.036,0.442
2.00,396,-3.109,7.644,0.436
2.00,397,3.359,7.474,0.275
2.00,398,5.426,-5.571,0.259
2.00,399,-5.287,-5.870,0.480
2.00,400,3.359,7.474,0.275
2.00,401,-5.318,-5.848,0.486
2.00,402,0.314,-8.029,0.304
2.00,403,5.305,5.703,0.264
2.00,404,-5.730,5.238,0.248
2.00,405,5.422,-5.577,0.259
2.00,406,-5.730,5.238,0.248
2.00,407,5.305,5.703,0.264
2.00,408,-5.730,5.238,0.248
2.00,409,-5.318,-5.848,0.486
2.00,410,7.371,3.201,0.313
2.00,411,-8.270,0.036,0.442
2.00,412,-5.037,-6.026,0.450
2.00,413,-5.318,-5.848,0.486
2.00,414,-5.318,-5.848,0.486
2.00,415,0.314,-8.029,0.304
2.00,416,5.422,-5.577,0.259
2.00,417,-5.730,5.238,0.248
2.00,418,5.422,-5.577,0.259
2.00,419,5.305,5.703,0.264
2.00,420,-5.318,-5.848,0.486
2.00,421,0.106,8.264,0.270
2.00,422,-3.109,7.644,0.436
2.00,423,-5.317,-5.848,0.486
2.00,424,3.359,7.474,0.275
2.00,425,-7.555,3.121,0.418
2.00,426,-5.318,-5.848,0.486
2.00,427,-8.270,0.036,0.442
2.00,428,8.025,-0.408,0.294
2.00,429,7.371,3.201,0.313
2.00,430,8.025,-0.408,0.294
2.00,431,5.305,5.703,0.264
2.00,432,-8.270,0.036,0.442
2.00,433,7.371,3.201,0.313
2.00,434,-8.270,0.036,0.442
2.00,435,5.305,5.703,0.264
2.00,436,8.025,-0.408,0.294
2.00,437,-5.318,-5.848,0.486
2.00,438,-5.318,-5.848,0.486
2.00,439,-7.555,3.121,0.418
2.00,440,7.371,3.201,0.313
2.00,441,-5.318,-5.848,0.486
2.00,442,-5.318,-5.848,0.486
2.00,443,3.359,7.474,0.275
2.00,444,-3.109,7.644,0.436
2.00,445,-3.109,7.644,0.436
2.00,446,0.314,-8.029,0.304
2.00,447,5.305,5.703,0.264
2.00,448,-7.555,3.121,0.418
2.00,449,-5.318,-5.848,0.486
2.00,450,-5.730,5.238,0.248
2.00,451,0.314,-8.029,0.304
2.00,452,0.120,8.260,0.271
2.00,453,-3.109,7.644,0.436
2.00,454,5.305,5.703,0.264
2.00,455,-8.270,0.036,0.442
2.00,456,-7.555,3.121,0.418
2.00,457,7.371,3.201,0.313
2.00,458,-5.730,5.238,0.248
2.00,459,3.359,7.474,0.275
2.00,460,-5.318,-5.848,0.486
2.00,461,-8.270,0.036,0.442
2.00,462,-5.317,-5.848,0.486
2.00,463,7.348,-3.484,0.291
2.00,464,-5.730,5.238,0.248
2.00,465,5.305,5.703,0.264
2.00,466,3.359,7.474,0.275
2.00,467,-3.109,7.644,0.436
2.00,468,-7.555,3.121,0.418
2.00,469,8.025,-0.408,0.294
2.00,470,8.025,-0.408,0.294
2.00,471,-5.338,-5.832,0.492
2.00,472,8.025,-0.408,0.294
2.00,473,-5.730,5.238,0.248
2.00,474,-8.270,0.036,0.442
2.00,475,-5.318,-5.848,0.486
2.00,476,0.314,-8.029,0.304
2.00,477,7.371,3.201,0.313
2.00,478,8.025,-0.408,0.294
2.00,479,5.305,5.703,0.264
2.00,480,-5.730,5.238,0.248
2.00,481,-5.730,5.238,0.248
2.00,482,-5.318,-5.848,0.486
2.00,483,0.314,-8.029,0.304
2.00,484,-5.318,-5.848,0.486
2.00,485,0.106,8.264,0.270
2.00,486,5.305,5.703,0.264
2.00,487,5.305,5.703,0.264
2.00,488,-7.555,3.121,0.418
2.00,489,0.106,8.264,0.270
2.00,490,-5.318,-5.848,0.486
2.00,491,-5.317,-5.848,0.486
2.00,492,-7.555,3.121,0.418
2.00,493,5.305,5.703,0.264
2.00,494,8.025,-0.408,0.294
2.00,495,0.106,8.264,0.270
2.00,496,-7.222,-3.357,0.262
2.00,497,5.310,5.698,0.264
2.00,498,-6.531,6.302,2.340
2.00,499,0.314,-8.029,0.304
2.00,500,-7.555,3.121,0.418
2.00,501,5.305,5.703,0.264
2.00,502,-3.109,7.644,0.436
2.00,503,5.422,-5.577,0.259
2.00,504,-3.109,7.644,0.436
2.00,505,5.422,-5.577,0.259
2.00,506,-5.318,-5.848,0.486
2.00,507,0.314,-8.029,0.304
2.00,508,-3.109,7.644,0.436
2.00,509,5.423,-5.576,0.259
2.00,510,5.305,5.703,0.264
2.00,511,-5.730,5.238,0.248
2.00,512,-8.270,0.036,0.442
2.00,513,-8.270,0.036,0.442
2.00,514,5.305,5.703,0.264
2.00,515,-5.318,-5.848,0.486
2.00,516,-5.318,-5.848,0.486
2.00,517,0.314,-8.029,0.304
2.00,518,-3.109,7.644,0.436
2.00,519,-5.317,-5.848,0.486
2.00,520,-5.317,-5.848,0.486
2.00,521,7.348,-3.484,0.291
2.00,522,-5.317,-5.848,0.486
2.00,523,-3.109,7.644,0.436
2.00,524,8.025,-0.408,0.294
2.00,525,-8.270,0.036,0.442
2.00,526,-5.318,-5.848,0.486
2.00,527,5.305,5.703,0.264
2.00,528,-5.318,-5.848,0.486
2.00,529,7.348,-3.484,0.291
2.00,530,-5.318,-5.848,0.486
2.00,531,7.371,3.201,0.313
2.00,532,5.422,-5.577,0.259
2.00,533,-5.730,5.238,0.248
2.00,534,8.025,-0.408,0.294
2.00,535,5.422,-5.577,0.259
2.00,536,-5.318,-5.848,0.486
2.00,537,8.025,-0.408,0.294
2.00,538,-5.730,5.238,0.248
2.00,539,7.371,3.201,0.313
2.00,540,-8.270,0.036,0.442
2.00,541,-5.728,5.243,0.248
2.00,542,7.371,3.201,0.313
2.00,543,7.348,-3.484,0.291
2.00,544,-7.222,-3.357,0.262
2.00,545,-8.270,0.036,0.442
2.00,546,0.314,-8.029,0.304
2.00,547,3.480,-7.373,0.245
2.00,548,-5.318,-5.848,0.486
2.00,549,-5.730,5.238,0.248
2.00,550,0.314,-8.029,0.304
2.00,551,0.106,8.264,0.270
2.00,552,3.480,-7.373,0.245
2.00,553,5.430,-5.566,0.259
2.00,554,-8.270,0.036,0.442
2.00,555,-7.555,3.121,0.418
2.00,556,0.314,-8.029,0.304
2.00,557,-7.555,3.121,0.418
2.00,558,3.359,7.474,0.275
2.00,559,0.314,-8.029,0.304
2.00,560,-8.270,0.036,0.442
2.00,561,-5.318,-5.848,0.486
2.00,562,5.422,-5.577,0.259
2.00,563,8.025,-0.408,0.294
2.00,564,7.348,-3.484,0.291
2.00,565,0.314,-8.029,0.304
2.00,566,-5.318,-5.848,0.486
2.00,567,8.025,-0.408,0.294
2.00,568,5.422,-5.577,0.259
2.00,569,5.305,5.703,0.264
2.00,570,-8.270,0.036,0.442
2.00,571,-5.318,-5.848,0.486
2.00,572,5.305,5.703,0.264
2.00,573,5.305,5.703,0.264
2.00,574,0.314,-8.029,0.304
2.00,575,5.305,5.703,0.264
2.00,576,-8.270,0.036,0.442
2.00,577,-8.270,0.036,0.442
2.00,578,0.314,-8.029,0.304
2.00,579,8.025,-0.408,0.294
2.00,580,-8.270,0.036,0.442
2.00,581,0.106,8.264,0.270
2.00,582,3.359,7.474,0.275
2.00,583,5.305,5.703,0.264
2.00,584,-5.318,-5.848,0.486
2.00,585,5.423,-5.576,0.259
2.00,586,-5.318,-5.848,0.486
2.00,587,0.314,-8.029,0.304
2.00,588,0.314,-8.029,0.304
2.00,589,-8.270,0.036,0.442
2.00,590,-5.310,-5.854,0.484
2.00,591,5.422,-5.577,0.259
2.00,592,5.305,5.703,0.264
2.00,593,-5.719,5.342,0.252
2.00,594,0.106,8.264,0.270
2.00,595,-8.270,0.036,0.442
2.00,596,0.314,-8.029,0.304
2.00,597,0.106,8.264,0.270
2.00,598,-7.222,-3.357,0.262
2.00,599,-5.318,-5.848,0.486
2.00,600,-7.222,-3.357,0.262
2.00,601,5.305,5.703,0.264
2.00,602,5.423,-5.576,0.259
2.00,603,0.314,-8.029,0.304
2.00,604,-8.270,0.036,0.442
2.00,605,-8.270,0.036,0.442
2.00,606,-5.730,5.238,0.248
2.00,607,-3.109,7.644,0.436
2.00,608,-5.730,5.238,0.248
2.00,609,-7.222,-3.357,0.262
2.00,610,-8.270,0.036,0.442
2.00,611,8.025,-0.408,0.294
2.00,612,5.423,-5.577,0.259
2.00,613,-5.730,5.238,0.248
2.00,614,8.025,-0.408,0.294
2.00,615,-3.109,7.644,0.436
2.00,616,-3.109,7.644,0.436
2.00,617,5.305,5.703,0.264
2.00,618,-8.270,0.036,0.442
2.00,619,5.305,5.703,0.264
2.00,620,-3.830,-6.856,0.355
2.00,621,-8.270,0.036,0.442
2.00,622,-8.270,0.036,0.442
2.00,623,-5.730,5.238,0.248
2.00,624,5.422,-5.577,0.259
2.00,625,-5.730,5.238,0.248
2.00,626,-1.211,0.066,7.942
2.00,627,5.422,-5.577,0.259
2.00,628,-7.555,3.121,0.418
2.00,629,-5.318,-5.848,0.486
2.00,630,3.480,-7.373,0.245
2.00,631,5.305,5.703,0.264
2.00,632,-5.730,5.238,0.248
2.00,633,-8.270,0.036,0.442
2.00,634,-5.730,5.238,0.248
2.00,635,7.371,3.201,0.313
2.00,636,-5.318,-5.848,0.486
2.00,637,-8.270,0.036,0.442
2.00,638,0.314,-1.236,-2.656
2.00,639,-5.730,5.238,0.248
2.00,640,-5.318,-5.848,0.486
2.00,641,5.305,5.703,0.264
2.00,642,8.023,-0.416,0.294
2.00,643,-3.109,7.644,0.436
2.00,644,3.359,7.474,0.275
2.00,645,5.422,-5.577,0.259
2.00,646,-5.318,-5.848,0.486
2.00,647,5.305,5.703,0.264
2.00,648,5.305,5.703,0.264
2.00,649,7.348,-3.484,0.291
2.00,650,-8.270,0.036,0.442
2.00,651,-7.555,3.121,0.418
2.00,652,5.422,-5.577,0.259
2.00,653,5.422,-5.577,0.259
2.00,654,-8.270,0.036,0.442
2.00,655,7.348,-3.484,0.291
2.00,656,0.314,-8.029,0.304
2.00,657,-8.270,0.036,0.442
2.00,658,-5.318,-5.848,0.486
2.00,659,0.106,8.264,0.270
2.00,660,7.348,-3.484,0.291
2.00,661,3.359,7.474,0.275
2.00,662,5.413,-5.591,0.259
2.00,663,0.314,-8.029,0.304
2.00,664,8.025,-0.408,0.294
2.00,665,-5.730,5.238,0.248
2.00,666,-7.222,-3.357,0.262
2.00,667,-3.109,7.644,0.436
2.00,668,3.359,7.474,0.275
2.00,669,-5.730,5.238,0.248
2.00,670,-5.318,-5.848,0.486
2.00,671,-5.730,5.238,0.248
2.00,672,5.305,5.703,0.264
2.00,673,7.371,3.201,0.313
2.00,674,5.337,5.673,0.264
2.00,675,0.314,-8.029,0.304
2.00,676,8.025,-0.408,0.294
2.00,677,5.422,-5.577,0.259
2.00,678,-3.109,7.644,0.436
2.00,679,0.106,8.264,0.270
2.00,680,-5.318,-5.848,0.486
2.00,681,0.352,-0.270,-10.078
2.00,682,-3.109,7.644,0.436
2.00,683,5.305,5.703,0.264
2.00,684,5.422,-5.577,0.259
2.00,685,-8.270,0.036,0.442
2.00,686,7.371,3.201,0.313
2.00,687,5.305,5.703,0.264
2.00,688,-7.222,-3.357,0.262
2.00,689,8.025,-0.408,0.294
2.00,690,-5.317,-5.848,0.486
2.00,691,5.422,-5.577,0.259
2.00,692,-8.270,0.036,0.442
2.00,693,5.305,5.703,0.264
2.00,694,-3.109,7.644,0.436
2.00,695,-5.730,5.238,0.248
2.00,696,-8.270,0.036,0.442
2.00,697,0.314,-8.029,0.304
2.00,698,-5.309,-5.854,0.484
2.00,699,5.424,-5.574,0.259
2.00,700,-7.555,3.121,0.418
2.00,701,5.422,-5.577,0.259
2.00,702,-5.730,5.238,0.248
2.00,703,-3.109,7.644,0.436
2.00,704,-3.109,7.644,0.436
2.00,705,3.359,7.474,0.275
2.00,706,7.371,3.201,0.313
2.00,707,5.305,5.703,0.264
2.00,708,8.025,-0.408,0.294
2.00,709,-5.730,5.238,0.248
2.00,710,0.314,-8.029,0.304
2.00,711,0.106,8.264,0.270
2.00,712,-5.730,5.238,0.248
2.00,713,-5.424,4.645,4.841
2.00,714,5.422,-5.577,0.259
2.00,715,-5.318,-5.848,0.486
2.00,716,-7.555,3.121,0.418
2.00,717,5.429,-5.567,0.259
2.00,718,0.314,-8.029,0.304
2.00,719,3.480,-7.373,0.245
2.00,720,0.106,8.264,0.270
2.00,721,-5.730,5.238,0.248
2.00,722,3.359,7.474,0.275
2.00,723,0.314,-8.029,0.304
2.00,724,7.348,-3.484,0.291
2.00,725,-8.270,0.036,0.442
2.00,726,8.025,-0.408,0.294
2.00,727,0.314,-8.029,0.304
2.00,728,-5.318,-5.848,0.486
2.00,729,-5.730,5.238,0.248
2.00,730,-3.109,7.644,0.436
2.00,731,-8.270,0.036,0.442
2.00,732,0.314,-8.029,0.304
2.00,733,-5.318,-5.848,0.486
2.00,734,0.106,8.264,0.270
2.00,735,5.422,-5.577,0.259
2.00,736,-5.318,-5.848,0.486
2.00,737,8.025,-0.408,0.294
2.00,738,-5.317,-5.848,0.486
2.00,739,-7.555,3.121,0.418
2.00,740,-8.270,0.036,0.442
2.00,741,0.314,-8.029,0.304
2.00,742,7.348,-3.484,0.291
2.00,743,0.314,-8.029,0.304
2.00,744,-5.314,-5.851,0.485
2.00,745,-3.109,7.644,0.436
2.00,746,-8.270,0.036,0.442
2.00,747,7.348,-3.484,0.291
2.00,748,-8.270,0.036,0.442
2.00,749,-3.109,7.644,0.436
2.00,750,0.314,-8.029,0.304
2.00,751,8.025,-0.408,0.294
2.00,752,0.314,-8.029,0.304
2.00,753,7.348,-3.484,0.291
2.00,754,0.314,-8.029,0.304
2.00,755,-0.596,10.268,7.106
2.00,756,0.314,-8.029,0.304
2.00,757,-7.555,3.121,0.418
2.00,758,3.359,7.474,0.275
2.00,759,0.106,8.264,0.270
2.00,760,-5.730,5.238,0.248
2.00,761,-5.307,-5.856,0.484
2.00,762,5.305,5.703,0.264
2.00,763,-5.318,-5.848,0.486
2.00,764,-5.318,-5.848,0.486
2.00,765,5.422,-5.577,0.259
2.00,766,7.348,-3.484,0.291
2.00,767,7.371,3.201,0.313
2.00,768,8.025,-0.408,0.294
2.00,769,7.371,3.201,0.313
2.00,770,-5.317,-5.848,0.486
2.00,771,7.371,3.201,0.313
2.00,772,0.314,-8.029,0.304
2.00,773,5.422,-5.577,0.259
2.00,774,-5.318,-5.848,0.486
2.00,775,5.305,5.703,0.264
2.00,776,-7.555,3.121,0.418
2.00,777,-5.318,-5.848,0.486
2.00,778,0.106,8.264,0.270
2.00,779,-5.318,-5.848,0.486
2.00,780,-5.730,5.238,0.248
2.00,781,3.359,7.474,0.275
2.00,782,5.422,-5.577,0.259
2.00,783,5.305,5.703,0.264
2.00,784,0.106,8.264,0.270
2.00,785,-5.306,-5.856,0.484
2.00,786,0.314,-8.029,0.304
2.00,787,-5.730,5.238,0.248
2.00,788,5.422,-5.577,0.259
2.00,789,8.025,-0.408,0.294
2.00,790,7.348,-3.484,0.291
2.00,791,3.480,-7.373,0.245
2.00,792,-5.318,-5.848,0.486
2.00,793,-8.270,0.036,0.442
2.00,794,-8.270,0.036,0.442
2.00,795,5.422,-5.577,0.259
2.00,796,5.305,5.703,0.264
2.00,797,5.422,-5.577,0.259
2.00,798,-3.109,7.644,0.436
2.00,799,-8.270,0.036,0.442
2.00,800,5.305,5.703,0.264
2.00,801,0.314,-8.029,0.304
2.00,802,-5.318,-5.848,0.486
2.00,803,3.480,-7.373,0.245
2.00,804,-7.555,3.121,0.418
2.00,805,7.371,3.201,0.313
2.00,806,5.422,-5.577,0.259
2.00,807,-5.318,-5.848,0.486
2.00,808,-5.730,5.238,0.248
2.00,809,-3.109,7.644,0.436
2.00,810,-5.730,5.238,0.248
2.00,811,-7.222,-3.357,0.262
2.00,812,5.305,5.703,0.264
2.00,813,-5.318,-5.848,0.486
2.00,814,0.106,8.264,0.270
2.00,815,8.025,-0.408,0.294
2.00,816,5.305,5.703,0.264
2.00,817,-5.318,-5.848,0.486
2.00,818,-8.270,0.036,0.442
2.00,819,7.371,3.201,0.313
2.00,820,0.106,8.264,0.270
2.00,821,-3.109,7.644,0.436
2.00,822,-8.269,0.038,0.442
2.00,823,-3.109,7.644,0.436
2.00,824,-5.318,-5.848,0.486
2.00,825,-5.730,5.238,0.248
2.00,826,7.348,-3.484,0.291
2.00,827,7.348,-3.484,0.291
2.00,828,-5.730,5.238,0.248
2.00,829,5.305,5.703,0.264
2.00,830,8.025,-0.408,0.294
2.00,831,3.359,7.474,0.275
2.00,832,5.305,5.703,0.264
2.00,833,0.106,8.264,0.270
2.00,834,7.371,3.201,0.313
2.00,835,3.359,7.474,0.275
2.00,836,8.025,-0.408,0.294
2.00,837,0.314,-8.029,0.304
2.00,838,-5.730,5.238,0.248
2.00,839,3.359,7.474,0.275
2.00,840,0.314,-8.029,0.304
2.00,841,-3.109,7.644,0.436
2.00,842,7.371,3.201,0.313
2.00,843,3.359,7.474,0.275
2.00,844,5.305,5.703,0.264
2.00,845,-5.318,-5.848,0.486
2.00,846,7.371,3.201,0.313
2.00,847,5.305,5.703,0.264
2.00,848,-5.730,5.238,0.248
2.00,849,-3.109,7.644,0.436
2.00,850,-5.730,5.238,0.248
2.00,851,-7.555,3.121,0.418
2.00,852,3.359,7.474,0.275
2.00,853,-4.031,-6.702,0.365
2.00,854,-8.270,0.036,0.442
2.00,855,3.480,-7.373,0.245
2.00,856,5.305,5.703,0.264
2.00,857,7.348,-3.484,0.291
2.00,858,-8.270,0.036,0.442
2.00,859,-3.109,7.644,0.436
2.00,860,-8.270,0.036,0.442
2.00,861,-8.270,0.036,0.442
2.00,862,-3.109,7.644,0.436
2.00,863,-7.556,3.121,0.418
2.00,864,-7.222,-3.358,0.262
2.00,865,-5.730,5.238,0.248
2.00,866,3.359,7.474,0.275
2.00,867,-5.318,-5.848,0.486
2.00,868,5.422,-5.577,0.259
2.00,869,-5.730,5.238,0.248
2.00,870,-5.318,-5.847,0.487
2.00,871,0.314,-8.029,0.304
2.00,872,8.025,-0.408,0.294
2.00,873,-7.555,3.121,0.418
2.00,874,-8.270,0.036,0.442
2.00,875,8.025,-0.408,0.294
2.00,876,-3.998,-6.726,0.364
2.00,877,7.371,3.201,0.313
2.00,878,3.359,7.474,0.275
2.00,879,5.305,5.703,0.264
2.00,880,8.025,-0.408,0.294
2.00,881,7.371,3.201,0.313
2.00,882,5.305,5.703,0.264
2.00,883,5.305,5.703,0.264
2.00,884,5.305,5.703,0.264
2.00,885,5.422,-5.577,0.259
2.00,886,-7.555,3.121,0.418
2.00,887,-5.730,5.238,0.248
2.00,888,-8.270,0.036,0.442
2.00,889,0.314,-8.029,0.304
2.00,890,5.305,5.703,0.264
2.00,891,0.106,8.264,0.270
2.00,892,5.305,5.703,0.264
2.00,893,-8.270,0.036,0.442
2.00,894,-2.916,7.341,0.347
2.00,895,-7.555,3.121,0.418
2.00,896,8.025,-0.408,0.294
2.00,897,-3.109,7.644,0.436
2.00,898,0.106,8.264,0.270
2.00,899,-8.270,0.036,0.442
2.00,900,-8.270,0.036,0.442
2.00,901,3.359,7.474,0.275
2.00,902,-5.730,5.238,0.248
2.00,903,0.314,-8.029,0.304
2.00,904,0.106,8.264,0.270
2.00,905,3.480,-7.373,0.245
2.00,906,7.348,-3.484,0.291
2.00,907,0.314,-8.029,0.304
2.00,908,5.422,-5.577,0.259
2.00,909,3.480,-7.373,0.245
2.00,910,7.348,-3.484,0.291
2.00,911,0.106,8.264,0.270
2.00,912,0.314,-8.029,0.304
2.00,913,-5.318,-5.848,0.486
2.00,914,7.348,-3.484,0.291
2.00,915,-5.318,-5.848,0.486
2.00,916,-5.730,5.238,0.248
2.00,917,5.422,-5.577,0.259
2.00,918,0.314,-8.029,0.304
2.00,919,7.371,3.201,0.313
2.00,920,7.371,3.201,0.313
2.00,921,5.422,-5.577,0.259
2.00,922,7.348,-3.484,0.291
2.00,923,0.106,8.264,0.270
2.00,924,0.314,-8.029,0.304
2.00,925,3.359,7.474,0.275
2.00,926,3.359,7.474,0.275
2.00,927,5.305,5.703,0.264
2.00,928,-7.222,-3.357,0.262
2.00,929,8.025,-0.408,0.294
2.00,930,3.480,-7.373,0.245
2.00,931,5.422,-5.577,0.259
2.00,932,5.305,5.703,0.264
2.00,933,7.348,-3.484,0.291
2.00,934,-5.730,5.238,0.248
2.00,935,0.314,-8.029,0.304
2.00,936,-7.555,3.121,0.418
2.00,937,-5.318,-5.848,0.486
2.00,938,-7.555,3.121,0.418
2.00,939,8.025,-0.408,0.294
2.00,940,0.314,-8.029,0.304
2.00,941,5.305,5.703,0.264
2.00,942,-5.318,-5.848,0.486
2.00,943,0.314,-8.029,0.304
2.00,944,-5.730,5.238,0.248
2.00,945,3.359,7.474,0.275
2.00,946,5.305,5.703,0.264
2.00,947,-7.555,3.121,0.418
2.00,948,9.174,5.097,2.278
2.00,949,-3.109,7.644,0.436
2.00,950,0.314,-8.029,0.304
2.00,951,8.025,-0.408,0.294
2.00,952,-8.270,0.036,0.442
2.00,953,3.359,7.474,0.275
2.00,954,8.025,-0.408,0.294
2.00,955,-8.270,0.036,0.442
2.00,956,0.314,-8.029,0.304
2.00,957,5.305,5.703,0.264
2.00,958,-3.109,7.644,0.436
2.00,959,-5.318,-5.848,0.486
2.00,960,-5.730,5.238,0.248
2.00,961,5.305,5.703,0.264
2.00,962,3.359,7.474,0.275
2.00,963,5.422,-5.577,0.259
2.00,964,-7.555,3.121,0.418
2.00,965,5.305,5.703,0.264
2.00,966,8.025,-0.408,0.294
2.00,967,-3.109,7.644,0.436
2.00,968,3.480,-7.373,0.245
2.00,969,5.422,-5.577,0.259
2.00,970,8.025,-0.408,0.294
2.00,971,-8.270,0.036,0.442
2.00,972,8.025,-0.408,0.294
2.00,973,-5.730,5.238,0.248
2.00,974,7.348,-3.484,0.291
2.00,975,-3.109,7.644,0.436
2.00,976,-8.270,0.036,0.442
2.00,977,-8.270,0.036,0.442
2.00,978,5.305,5.703,0.264
2.00,979,-8.270,0.036,0.442
2.00,980,-5.317,-5.848,0.486
2.00,981,-5.318,-5.848,0.486
2.00,982,-5.318,-5.848,0.486
2.00,983,5.422,-5.577,0.259
2.00,984,-5.318,-5.848,0.486
2.00,985,-5.730,5.238,0.248
2.00,986,0.314,-8.029,0.304
2.00,987,-5.318,-5.848,0.486
2.00,988,7.371,3.201,0.313
2.00,989,0.106,8.264,0.270
2.00,990,-5.318,-5.848,0.486
2.00,991,-5.730,5.238,0.248
2.00,992,-7.222,-3.357,0.262
2.00,993,3.359,7.474,0.275
2.00,994,-8.268,0.042,0.441
2.00,995,5.305,5.703,0.264
2.00,996,-8.270,0.036,0.442
2.00,997,0.106,8.264,0.270
2.00,998,0.314,-8.029,0.304
2.00,999,5.305,5.703,0.264
2.00,1000,5.305,5.703,0.264
2.00,1001,5.305,5.703,0.264
2.00,1002,-7.555,3.121,0.418
2.00,1003,8.025,-0.408,0.294
2.00,1004,7.371,3.201,0.313
2.00,1005,0.106,8.264,0.270
2.00,1006,-5.730,5.238,0.248
2.00,1007,-5.318,-5.848,0.486
2.00,1008,5.423,-5.577,0.259
2.00,1009,0.106,8.264,0.270
2.00,1010,0.106,8.264,0.270
2.00,1011,7.348,-3.484,0.291
2.00,1012,8.025,-0.408,0.294
2.00,1013,0.106,8.264,0.270
2.00,1014,8.025,-0.408,0.294
2.00,1015,3.359,7.474,0.275
2.00,1016,-5.318,-5.848,0.486
2.00,1017,-3.109,7.644,0.436
2.00,1018,-3.109,7.644,0.436
2.00,1019,0.314,-8.029,0.304
2.00,1020,8.025,-0.408,0.294
2.00,1021,5.233,5.769,0.266
2.00,1022,8.025,-0.408,0.294
2.00,1023,-8.270,0.036,0.442
2.00,1024,5.305,5.703,0.264
2.00,1025,5.305,5.703,0.264
2.00,1026,0.314,-8.029,0.304
2.00,1027,-5.730,5.238,0.248
2.00,1028,7.348,-3.484,0.291
2.00,1029,-5.318,-5.848,0.486
2.00,1030,-8.270,0.036,0.442
2.00,1031,-7.555,3.121,0.418
2.00,1032,0.314,-8.029,0.304
2.00,1033,-5.318,-5.848,0.486
2.00,1034,7.371,3.201,0.313
2.00,1035,-5.730,5.238,0.248
2.00,1036,0.314,-8.029,0.304
2.00,1037,5.305,5.703,0.264
2.00,1038,0.314,-8.029,0.304
2.00,1039,-8.270,0.036,0.442
2.00,1040,8.025,-0.408,0.294
2.00,1041,-5.318,-5.848,0.486
2.00,1042,3.359,7.474,0.275
2.00,1043,7.348,-3.484,0.291
2.00,1044,8.025,-0.408,0.294
2.00,1045,3.480,-7.373,0.245
2.00,1046,0.314,-8.029,0.304
2.00,1047,-7.555,3.121,0.418
2.00,1048,0.314,-8.029,0.304
2.00,1049,3.359,7.474,0.275
2.00,1050,-5.318,-5.848,0.486
2.00,1051,0.106,8.264,0.270
2.00,1052,7.348,-3.484,0.291
2.00,1053,-5.730,5.238,0.248
2.00,1054,7.371,3.201,0.313
2.00,1055,8.025,-0.408,0.294
2.00,1056,0.314,-8.029,0.304
2.00,1057,0.314,-8.029,0.304
2.00,1058,8.025,-0.408,0.294
2.00,1059,5.306,5.702,0.264
2.00,1060,7.371,3.201,0.313
2.00,1061,-7.555,3.121,0.418
2.00,1062,5.305,5.703,0.264
2.00,1063,5.422,-5.577,0.259
2.00,1064,7.371,3.201,0.313
2.00,1065,5.305,5.703,0.264
2.00,1066,-7.555,3.121,0.418
2.00,1067,-8.270,0.036,0.442
2.00,1068,0.314,-8.029,0.304
2.00,1069,7.348,-3.484,0.291
2.00,1070,5.305,5.703,0.264
2.00,1071,-5.318,-5.848,0.486
2.00,1072,0.314,-8.029,0.304
2.00,1073,-8.270,0.036,0.442
2.00,1074,3.359,7.474,0.275
2.00,1075,7.371,3.201,0.313
2.00,1076,-5.318,-5.848,0.486
2.00,1077,0.314,-8.029,0.304
2.00,1078,5.422,-5.577,0.259
2.00,1079,5.422,-5.577,0.259
2.00,1080,-8.270,0.036,0.442
2.00,1081,5.305,5.703,0.264
2.00,1082,-5.318,-5.848,0.486
2.00,1083,0.314,-8.029,0.304
2.00,1084,0.106,8.264,0.270
2.00,1085,3.359,7.474,0.275
2.00,1086,-7.555,3.121,0.418
2.00,1087,7.348,-3.484,0.291
2.00,1088,-5.318,-5.848,0.486
2.00,1089,-5.318,-5.848,0.486
2.00,1090,-5.316,-5.849,0.486
2.00,1091,5.305,5.703,0.264
2.00,1092,-5.730,5.238,0.248
2.00,1093,-8.270,0.036,0.442
2.00,1094,5.305,5.703,0.264
2.00,1095,-5.730,5.238,0.248
2.00,1096,3.480,-7.373,0.245
2.00,1097,-5.314,-5.850,0.485
2.00,1098,0.314,-8.029,0.304
2.00,1099,7.371,3.201,0.313
2.00,1100,7.371,3.201,0.313
2.00,1101,8.025,-0.408,0.294
2.00,1102,0.314,-8.029,0.304
2.00,1103,3.480,-7.373,0.245
2.00,1104,5.422,-5.577,0.259
2.00,1105,-5.317,-5.848,0.486
2.00,1106,-3.109,7.644,0.436
2.00,1107,0.106,8.264,0.270
2.00,1108,7.348,-3.484,0.291
2.00,1109,-8.270,0.036,0.442
2.00,1110,-3.109,7.644,0.436
2.00,1111,7.348,-3.484,0.291
2.00,1112,3.359,7.474,0.275
2.00,1113,5.422,-5.577,0.259
2.00,1114,5.305,5.703,0.264
2.00,1115,0.314,-8.029,0.304
2.00,1116,-3.109,7.644,0.436
2.00,1117,5.305,5.703,0.264
2.00,1118,5.305,5.703,0.264
2.00,1119,5.305,5.703,0.264
2.00,1120,-5.730,5.238,0.248
2.00,1121,5.422,-5.577,0.259
2.00,1122,7.348,-3.484,0.291
2.00,1123,-8.270,0.036,0.442
2.00,1124,0.106,8.264,0.270
2.00,1125,5.515,-5.443,0.253
2.00,1126,7.371,3.201,0.313
2.00,1127,-8.270,0.036,0.442
2.00,1128,-5.730,5.238,0.248
2.00,1129,7.348,-3.484,0.291
2.00,1130,-7.555,3.121,0.418
2.00,1131,7.348,-3.484,0.291
2.00,1132,0.106,8.264,0.270
2.00,1133,7.371,3.201,0.313
2.00,1134,-5.730,5.238,0.248
2.00,1135,5.305,5.703,0.264
2.00,1136,7.371,3.201,0.313
2.00,1137,0.314,-8.029,0.304
2.00,1138,-5.730,5.238,0.248
2.00,1139,3.359,7.474,0.275
2.00,1140,-5.318,-5.848,0.486
2.00,1141,-7.555,3.121,0.418
2.00,1142,0.106,8.264,0.270
2.00,1143,0.106,8.264,0.270
2.00,1144,0.106,8.264,0.270
2.00,1145,-3.109,7.644,0.436
2.00,1146,-5.318,-5.848,0.486
2.00,1147,-5.318,-5.848,0.486
2.00,1148,5.305,5.703,0.264
2.00,1149,0.314,-8.029,0.304
2.00,1150,-7.555,3.121,0.418
2.00,1151,0.106,8.264,0.270
2.00,1152,5.422,-5.577,0.259
2.00,1153,-5.321,-5.845,0.487
2.00,1154,-7.222,-3.357,0.262
2.00,1155,5.422,-5.577,0.259
2.00,1156,0.106,8.264,0.270
2.00,1157,-5.730,5.238,0.248
2.00,1158,-8.270,0.036,0.442
2.00,1159,5.305,5.703,0.264
2.00,1160,-7.222,-3.357,0.262
2.00,1161,-5.317,-5.848,0.486
2.00,1162,5.422,-5.577,0.259
2.00,1163,5.305,5.703,0.264
2.00,1164,5.305,5.703,0.264
2.00,1165,-5.730,5.238,0.248
2.00,1166,-5.318,-5.848,0.486
2.00,1167,0.106,8.264,0.270
2.00,1168,-5.318,-5.848,0.486
2.00,1169,3.359,7.474,0.275
2.00,1170,5.422,-5.577,0.259
2.00,1171,7.371,3.201,0.313
2.00,1172,-5.318,-5.848,0.486
2.00,1173,5.305,5.703,0.264
2.00,1174,-5.730,5.238,0.248
2.00,1175,0.106,8.264,0.270
2.00,1176,-8.270,0.036,0.442
2.00,1177,-5.318,-5.848,0.486
2.00,1178,-5.318,-5.848,0.486
2.00,1179,-5.730,5.238,0.248
2.00,1180,0.106,8.264,0.270
2.00,1181,3.359,7.474,0.275
2.00,1182,-5.730,5.238,0.248
2.00,1183,-3.109,7.644,0.436
2.00,1184,-7.222,-3.357,0.262
2.00,1185,5.305,5.703,0.264
2.00,1186,0.106,8.264,0.270
2.00,1187,3.359,7.474,0.275
2.00,1188,0.106,8.264,0.270
2.00,1189,-5.730,5.238,0.248
2.00,1190,0.106,8.264,0.270
2.00,1191,7.371,3.201,0.313
2.00,1192,0.314,-8.029,0.304
2.00,1193,7.348,-3.484,0.291
2.00,1194,-7.555,3.121,0.418
2.00,1195,-7.103,-3.553,0.283
2.00,1196,7.348,-3.484,0.291
2.00,1197,5.422,-5.577,0.259
2.00,1198,-5.730,5.238,0.248
2.00,1199,5.305,5.703,0.264
2.00,1200,0.314,-8.029,0.304
2.00,1201,-5.318,-5.848,0.486
2.00,1202,-5.730,5.238,0.248
2.00,1203,-3.109,7.644,0.436
2.00,1204,-8.270,0.036,0.442
2.00,1205,-3.109,7.644,0.436
2.00,1206,-5.317,-5.848,0.486
2.00,1207,5.305,5.703,0.264
2.00,1208,0.106,8.264,0.270
2.00,1209,7.348,-3.484,0.291
2.00,1210,-5.318,-5.848,0.486
2.00,1211,7.348,-3.484,0.291
2.00,1212,-8.270,0.036,0.442
2.00,1213,-8.270,0.036,0.442
2.00,1214,-5.318,-5.848,0.486
2.00,1215,-5.318,-5.848,0.486
2.00,1216,0.106,8.264,0.270
2.00,1217,-8.270,0.036,0.442
2.00,1218,5.305,5.703,0.264
2.00,1219,0.314,-8.029,0.304
2.00,1220,0.314,-8.029,0.304
2.00,1221,-7.222,-3.357,0.262
2.00,1222,-5.286,-5.871,0.479
2.00,1223,-8.270,0.036,0.442
2.00,1224,-5.289,-5.869,0.480
2.00,1225,-5.318,-5.848,0.486
2.00,1226,3.480,-7.373,0.245
2.00,1227,5.305,5.703,0.264
2.00,1228,5.422,-5.577,0.259
2.00,1229,-7.555,3.121,0.418
2.00,1230,8.025,-0.408,0.294
2.00,1231,-5.318,-5.848,0.486
2.00,1232,-8.270,0.036,0.442
2.00,1233,5.305,5.703,0.264
2.00,1234,-8.270,0.036,0.442
2.00,1235,5.422,-5.577,0.259
2.00,1236,5.422,-5.577,0.259
2.00,1237,-8.270,0.036,0.442
2.00,1238,-7.555,3.121,0.418
2.00,1239,-5.730,5.238,0.248
2.00,1240,0.441,-7.993,0.288
2.00,1241,7.348,-3.484,0.291
2.00,1242,-5.318,-5.848,0.486
2.00,1243,-5.318,-5.848,0.486
2.00,1244,7.371,3.201,0.313
2.00,1245,3.359,7.474,0.275
2.00,1246,0.314,-8.029,0.304
2.00,1247,-7.222,-3.357,0.262
2.00,1248,5.305,5.703,0.264
2.00,1249,0.106,8.264,0.270
2.00,1250,-3.109,7.644,0.436
2.00,1251,-5.111,5.762,5.219
2.00,1252,-3.109,7.644,0.436
2.00,1253,-5.318,-5.848,0.486
2.00,1254,0.106,8.264,0.270
2.00,1255,-0.791,-6.006,-10.942
2.00,1256,8.025,-0.408,0.294
2.00,1257,-7.222,-3.357,0.262
2.00,1258,8.025,-0.408,0.294
2.00,1259,7.348,-3.484,0.291
2.00,1260,-5.318,-5.848,0.486
2.00,1261,0.314,-8.029,0.304
2.00,1262,-5.318,-5.848,0.486
2.00,1263,-7.555,3.121,0.418
2.00,1264,8.025,-0.408,0.294
2.00,1265,0.106,8.264,0.270
2.00,1266,5.305,5.703,0.264
2.00,1267,5.305,5.703,0.264
2.00,1268,3.359,7.474,0.275
2.00,1269,-3.109,7.644,0.436
2.00,1270,5.422,-5.577,0.259
2.00,1271,3.359,7.474,0.275
2.00,1272,-7.222,-3.357,0.262
2.00,1273,0.314,-8.029,0.304
2.00,1274,-3.109,7.644,0.436
2.00,1275,-5.730,5.238,0.248
2.00,1276,8.025,-0.408,0.294
2.00,1277,-8.270,0.036,0.442
2.00,1278,-5.318,-5.848,0.486
2.00,1279,-3.109,7.644,0.436
2.00,1280,0.314,-8.029,0.304
2.00,1281,-5.730,5.238,0.248
2.00,1282,0.314,-8.029,0.304
2.00,1283,7.371,3.201,0.313
2.00,1284,-7.555,3.121,0.418
2.00,1285,0.106,8.264,0.270
2.00,1286,-5.318,-5.848,0.486
2.00,1287,-5.730,5.238,0.248
2.00,1288,-8.270,0.036,0.442
2.00,1289,-3.109,7.644,0.436
2.00,1290,3.359,7.474,0.275
2.00,1291,5.422,-5.577,0.259
2.00,1292,-5.730,5.238,0.248
2.00,1293,5.305,5.703,0.264
2.00,1294,5.422,-5.577,0.259
2.00,1295,5.422,-5.577,0.259
2.00,1296,5.426,-5.572,0.259
2.00,1297,-5.318,-5.848,0.486
2.00,1298,5.423,-5.576,0.259
2.00,1299,-3.109,7.644,0.436
2.00,1300,5.305,5.703,0.264
2.00,1301,-7.555,3.121,0.418
2.00,1302,3.359,7.474,0.275
2.00,1303,0.314,-8.029,0.304
2.00,1304,0.106,8.264,0.270
2.00,1305,5.305,5.703,0.264
2.00,1306,-5.286,-5.871,0.479
2.00,1307,-8.270,0.036,0.442
2.00,1308,-7.555,3.121,0.418
2.00,1309,5.305,5.703,0.264
2.00,1310,-5.730,5.238,0.248
2.00,1311,-5.730,5.238,0.248
2.00,1312,5.422,-5.577,0.259
2.00,1313,5.422,-5.577,0.259
2.00,1314,-3.109,7.644,0.436
2.00,1315,-5.730,5.238,0.248
2.00,1316,-3.109,7.644,0.436
2.00,1317,0.314,-8.029,0.304
2.00,1318,-3.109,7.644,0.436
2.00,1319,-7.555,3.121,0.418
2.00,1320,8.025,-0.408,0.294
2.00,1321,0.314,-8.029,0.304
2.00,1322,-3.109,7.644,0.436
2.00,1323,-7.555,3.121,0.418
2.00,1324,-5.318,-5.848,0.486
2.00,1325,7.371,3.201,0.313
2.00,1326,-7.555,3.121,0.418
2.00,1327,7.371,3.201,0.313
2.00,1328,5.422,-5.577,0.259
2.00,1329,5.422,-5.577,0.259
2.00,1330,0.314,-8.029,0.304
2.00,1331,-7.555,3.121,0.418
2.00,1332,0.106,8.264,0.270
2.00,1333,-8.270,0.036,0.442
2.00,1334,5.422,-5.577,0.259
2.00,1335,-3.109,7.644,0.436
2.00,1336,7.371,3.201,0.313
2.00,1337,5.422,-5.577,0.259
2.00,1338,0.314,-8.029,0.304
2.00,1339,5.305,5.703,0.264
2.00,1340,-5.318,-5.848,0.486
2.00,1341,8.025,-0.408,0.294
2.00,1342,0.314,-8.029,0.304
2.00,1343,8.025,-0.408,0.294
2.00,1344,-5.730,5.238,0.248
2.00,1345,3.359,7.474,0.275
2.00,1346,-5.318,-5.848,0.486
2.00,1347,-5.318,-5.848,0.486
2.00,1348,-7.555,3.121,0.418
2.00,1349,8.025,-0.408,0.294
2.00,1350,-5.318,-5.848,0.486
2.00,1351,7.348,-3.484,0.291
2.00,1352,8.025,-0.408,0.294
2.00,1353,5.305,5.703,0.264
2.00,1354,0.314,-8.029,0.304
2.00,1355,8.025,-0.408,0.294
2.00,1356,8.025,-0.408,0.294
2.00,1357,0.106,8.264,0.270
2.00,1358,-5.318,-5.848,0.486
2.00,1359,-8.270,0.036,0.442
2.00,1360,5.305,5.703,0.264
2.00,1361,5.422,-5.577,0.259
2.00,1362,7.371,3.201,0.313
2.00,1363,3.359,7.474,0.275
2.00,1364,3.359,7.474,0.275
2.00,1365,5.305,5.703,0.264
2.00,1366,-5.318,-5.848,0.486
2.00,1367,-7.555,3.121,0.418
2.00,1368,-7.555,3.121,0.418
2.00,1369,-8.270,0.036,0.442
2.00,1370,-5.318,-5.848,0.486
2.00,1371,0.314,-8.029,0.304
2.00,1372,0.106,8.264,0.270
2.00,1373,5.422,-5.577,0.259
2.00,1374,5.422,-5.577,0.259
2.00,1375,0.106,8.264,0.270
2.00,1376,0.314,-8.029,0.304
2.00,1377,5.305,5.703,0.264
2.00,1378,7.371,3.201,0.313
2.00,1379,5.422,-5.577,0.259
2.00,1380,-7.555,3.121,0.418
2.00,1381,-5.730,5.238,0.248
2.00,1382,7.371,3.201,0.313
2.00,1383,-5.730,5.238,0.248
2.00,1384,0.314,-8.029,0.304
2.00,1385,-3.109,7.644,0.436
2.00,1386,5.305,5.703,0.264
2.00,1387,-3.109,7.644,0.436
2.00,1388,3.359,7.474,0.275
2.00,1389,-7.555,3.121,0.418
2.00,1390,-3.109,7.644,0.436
2.00,1391,0.314,-8.029,0.304
2.00,1392,-8.270,0.036,0.442
2.00,1393,5.422,-5.577,0.259
2.00,1394,5.422,-5.577,0.259
2.00,1395,0.314,-8.029,0.304
2.00,1396,-8.270,0.036,0.442
2.00,1397,8.025,-0.408,0.294
2.00,1398,5.422,-5.577,0.259
2.00,1399,0.106,8.264,0.270
2.00,1400,0.314,-8.029,0.304
2.00,1401,5.305,5.703,0.264
2.00,1402,5.422,-5.577,0.259
2.00,1403,-7.222,-3.357,0.262
2.00,1404,7.348,-3.484,0.291
2.00,1405,8.025,-0.408,0.294
2.00,1406,-5.318,-5.848,0.486
2.00,1407,-5.317,-5.848,0.486
2.00,1408,-8.270,0.036,0.442
2.00,1409,-8.270,0.036,0.442
2.00,1410,-5.318,-5.848,0.486
2.00,1411,-5.318,-5.848,0.486
2.00,1412,-5.730,5.238,0.248
2.00,1413,-4.265,-6.532,0.380
2.00,1414,8.025,-0.408,0.294
2.00,1415,-5.318,-5.848,0.486
2.00,1416,8.025,-0.408,0.294
2.00,1417,-7.555,3.121,0.418
2.00,1418,-5.318,-5.848,0.486
2.00,1419,7.371,3.201,0.313
2.00,1420,-5.318,-5.848,0.486
2.00,1421,7.348,-3.484,0.291
2.00,1422,-5.317,-5.848,0.486
2.00,1423,-3.109,7.644,0.436
2.00,1424,5.426,-5.571,0.259
2.00,1425,0.106,8.264,0.270
2.00,1426,-7.222,-3.357,0.262
2.00,1427,5.422,-5.577,0.259
2.00,1428,8.025,-0.408,0.294
2.00,1429,5.422,-5.577,0.259
2.00,1430,0.106,8.264,0.270
2.00,1431,5.305,5.703,0.264
2.00,1432,5.423,-5.577,0.259
2.00,1433,-5.318,-5.848,0.486
2.00,1434,-7.555,3.121,0.418
2.00,1435,-3.109,7.644,0.436
2.00,1436,5.422,-5.577,0.259
2.00,1437,-7.555,3.121,0.418
2.00,1438,-5.730,5.238,0.248
2.00,1439,-7.555,3.121,0.418
2.00,1440,-5.730,5.238,0.248
2.00,1441,5.422,-5.577,0.259
2.00,1442,5.422,-5.577,0.259
2.00,1443,5.422,-5.577,0.259
2.00,1444,-8.270,0.036,0.442
2.00,1445,5.422,-5.577,0.259
2.00,1446,-5.730,5.238,0.248
2.00,1447,-8.270,0.036,0.442
2.00,1448,-8.270,0.036,0.442
2.00,1449,5.305,5.703,0.264
2.00,1450,-5.318,-5.848,0.486
2.00,1451,5.422,-5.577,0.259
2.00,1452,7.371,3.201,0.313
2.00,1453,3.480,-7.373,0.245
2.00,1454,-5.318,-5.848,0.486
2.00,1455,-5.318,-5.848,0.486
2.00,1456,-5.318,-5.848,0.486
2.00,1457,-3.109,7.644,0.436
2.00,1458,0.106,8.264,0.270
2.00,1459,5.305,5.703,0.264
2.00,1460,-5.316,-5.849,0.486
2.00,1461,-5.730,5.238,0.248
2.00,1462,7.371,3.201,0.313
2.00,1463,-5.730,5.238,0.248
2.00,1464,-5.317,-5.848,0.486
2.00,1465,-5.318,-5.848,0.486
2.00,1466,-8.270,0.036,0.442
2.00,1467,-5.730,5.238,0.248
2.00,1468,-5.318,-5.848,0.486
2.00,1469,0.314,-8.029,0.304
2.00,1470,0.106,8.264,0.270
2.00,1471,8.025,-0.408,0.294
2.00,1472,-5.730,5.238,0.248
2.00,1473,3.359,7.474,0.275
2.00,1474,-3.109,7.644,0.436
2.00,1475,8.025,-0.408,0.294
2.00,1476,8.025,-0.408,0.294
2.00,1477,5.422,-5.577,0.259
2.00,1478,7.371,3.201,0.313
2.00,1479,-7.555,3.121,0.418
2.00,1480,-7.555,3.121,0.418
2.00,1481,5.305,5.703,0.264
2.00,1482,-5.730,5.238,0.248
2.00,1483,0.316,-8.028,0.304
2.00,1484,5.305,5.703,0.264
2.00,1485,0.106,8.264,0.270
2.00,1486,-7.555,3.121,0.418
2.00,1487,5.422,-5.577,0.259
2.00,1488,5.422,-5.577,0.259
2.00,1489,5.305,5.703,0.264
2.00,1490,-8.270,0.036,0.442
2.00,1491,-5.318,-5.848,0.486
2.00,1492,-5.730,5.238,0.248
2.00,1493,-3.109,7.644,0.436
2.00,1494,-5.318,-5.848,0.486
2.00,1495,-5.730,5.238,0.248
2.00,1496,-7.555,3.121,0.418
2.00,1497,-5.730,5.238,0.248
2.00,1498,-7.555,3.121,0.418
2.00,1499,-5.730,5.238,0.248
2.00,1500,-8.270,0.036,0.442
2.00,1501,-5.730,5.238,0.248
2.00,1502,5.305,5.703,0.264
2.00,1503,0.314,-8.029,0.304
2.00,1504,0.106,8.264,0.270
2.00,1505,-5.318,-5.848,0.486
2.00,1506,7.348,-3.484,0.291
2.00,1507,5.305,5.703,0.264
2.00,1508,3.480,-7.373,0.245
2.00,1509,-7.222,-3.357,0.262
2.00,1510,-8.270,0.036,0.442
2.00,1511,5.305,5.703,0.264
2.00,1512,7.348,-3.484,0.291
2.00,1513,-7.555,3.121,0.418
2.00,1514,8.025,-0.408,0.294
2.00,1515,0.106,8.264,0.270
2.00,1516,0.314,-8.029,0.304
2.00,1517,5.305,5.703,0.264
2.00,1518,-7.555,3.121,0.418
2.00,1519,-5.730,5.238,0.248
2.00,1520,8.025,-0.408,0.294
2.00,1521,7.348,-3.484,0.291
2.00,1522,-3.109,7.644,0.436
2.00,1523,-5.318,-5.848,0.486
2.00,1524,0.314,-8.029,0.304
2.00,1525,-3.109,7.644,0.436
2.00,1526,5.305,5.703,0.264
2.00,1527,7.371,3.201,0.313
2.00,1528,-8.270,0.036,0.442
2.00,1529,7.371,3.201,0.313
2.00,1530,-8.270,0.036,0.442
2.00,1531,7.371,3.201,0.313
2.00,1532,-5.730,5.238,0.248
2.00,1533,-8.270,0.036,0.442
2.00,1534,-7.555,3.121,0.418
2.00,1535,-5.318,-5.848,0.486
2.00,1536,0.314,-8.029,0.304
2.00,1537,-5.318,-5.848,0.486
2.00,1538,-3.109,7.644,0.436
2.00,1539,5.422,-5.577,0.259
2.00,1540,-3.109,7.644,0.436
2.00,1541,8.025,-0.408,0.294
2.00,1542,0.314,-8.029,0.304
2.00,1543,5.305,5.703,0.264
2.00,1544,7.371,3.201,0.313
2.00,1545,-5.318,-5.848,0.486
2.00,1546,-5.730,5.238,0.248
2.00,1547,-7.555,3.121,0.418
2.00,1548,7.371,3.201,0.313
2.00,1549,5.422,-5.577,0.259
2.00,1550,7.348,-3.484,0.291
2.00,1551,5.305,5.703,0.264
2.00,1552,-5.730,5.238,0.248
2.00,1553,-3.109,7.644,0.436
2.00,1554,-5.730,5.238,0.248
2.00,1555,-5.730,5.238,0.248
2.00,1556,-7.555,3.121,0.418
2.00,1557,-3.109,7.644,0.436
2.00,1558,-5.318,-5.848,0.486
2.00,1559,0.314,-8.029,0.304
2.00,1560,-5.317,-5.848,0.486
2.00,1561,8.025,-0.408,0.294
2.00,1562,3.359,7.474,0.275
2.00,1563,8.025,-0.408,0.294
2.00,1564,-5.318,-5.848,0.486
2.00,1565,-8.270,0.036,0.442
2.00,1566,-8.270,0.036,0.442
2.00,1567,-3.109,7.644,0.436
2.00,1568,8.025,-0.408,0.294
2.00,1569,-8.270,0.036,0.442
2.00,1570,3.359,7.474,0.275
2.00,1571,5.305,5.703,0.264
2.00,1572,-7.555,3.121,0.418
2.00,1573,5.305,5.703,0.264
2.00,1574,-5.318,-5.848,0.486
2.00,1575,-3.109,7.644,0.436
2.00,1576,5.423,-5.577,0.259
2.00,1577,-5.730,5.238,0.248
2.00,1578,-5.730,5.238,0.248
2.00,1579,-5.318,-5.848,0.486
2.00,1580,0.314,-8.029,0.304
2.00,1581,-5.317,-5.848,0.486
2.00,1582,-5.318,-5.848,0.486
2.00,1583,-5.730,5.238,0.248
2.00,1584,5.422,-5.577,0.259
2.00,1585,3.480,-7.373,0.245
2.00,1586,-7.222,-3.357,0.262
2.00,1587,7.348,-3.484,0.291
2.00,1588,5.422,-5.577,0.259
2.00,1589,-8.270,0.036,0.442
2.00,1590,-5.317,-5.848,0.486
2.00,1591,5.422,-5.577,0.259
2.00,1592,-5.318,-5.848,0.486
2.00,1593,-3.109,7.644,0.436
2.00,1594,-5.317,-5.848,0.486
2.00,1595,5.422,-5.577,0.259
2.00,1596,0.314,-8.029,0.304
2.00,1597,3.356,7.475,0.275
2.00,1598,0.314,-8.029,0.304
2.00,1599,0.106,8.264,0.270
2.00,1600,3.480,-7.373,0.245
2.00,1601,0.106,8.264,0.270
2.00,1602,0.314,-8.029,0.304
2.00,1603,-7.555,3.121,0.418
2.00,1604,8.025,-0.408,0.294
2.00,1605,5.305,5.703,0.264
2.00,1606,7.371,3.201,0.313
2.00,1607,5.423,-5.576,0.259
2.00,1608,7.348,-3.484,0.291
2.00,1609,-5.730,5.238,0.248
2.00,1610,-5.786,-5.381,0.615
2.00,1611,-7.555,3.121,0.418
2.00,1612,5.422,-5.577,0.259
2.00,1613,8.025,-0.408,0.294
2.00,1614,0.106,8.264,0.270
2.00,1615,-5.317,-5.848,0.486
2.00,1616,-5.318,-5.848,0.486
2.00,1617,-5.730,5.238,0.248
2.00,1618,5.305,5.703,0.264
2.00,1619,3.480,-7.373,0.245
2.00,1620,5.422,-5.577,0.259
2.00,1621,0.106,8.264,0.270
2.00,1622,-3.109,7.644,0.436
2.00,1623,-5.318,-5.848,0.486
2.00,1624,3.480,-7.373,0.245
2.00,1625,5.305,5.703,0.264
2.00,1626,5.305,5.703,0.264
2.00,1627,0.314,-8.029,0.304
2.00,1628,0.314,-8.029,0.304
2.00,1629,8.025,-0.408,0.294
2.00,1630,5.422,-5.577,0.259
2.00,1631,0.106,8.264,0.270
2.00,1632,7.348,-3.484,0.291
2.00,1633,5.422,-5.577,0.259
2.00,1634,-8.270,0.036,0.442
2.00,1635,-5.730,5.238,0.248
2.00,1636,3.359,7.474,0.275
2.00,1637,-5.730,5.238,0.248
2.00,1638,0.106,8.264,0.270
2.00,1639,5.305,5.703,0.264
2.00,1640,0.314,-8.029,0.304
2.00,1641,5.305,5.703,0.264
2.00,1642,-7.555,3.121,0.418
2.00,1643,-8.270,0.036,0.442
2.00,1644,8.025,-0.408,0.294
2.00,1645,-8.270,0.036,0.442
2.00,1646,7.371,3.201,0.313
2.00,1647,5.422,-5.577,0.259
2.00,1648,-8.270,0.036,0.442
2.00,1649,5.305,5.703,0.264
2.00,1650,0.314,-8.029,0.304
2.00,1651,-5.318,-5.848,0.486
2.00,1652,-5.318,-5.848,0.486
2.00,1653,-3.109,7.644,0.436
2.00,1654,8.025,-0.408,0.294
2.00,1655,-5.730,5.238,0.248
2.00,1656,-8.270,0.036,0.442
2.00,1657,-3.109,7.644,0.436
2.00,1658,7.371,3.201,0.313
2.00,1659,5.422,-5.577,0.259
2.00,1660,3.359,7.474,0.275
2.00,1661,-3.109,7.644,0.436
2.00,1662,0.314,-8.029,0.304
2.00,1663,-5.318,-5.848,0.486
2.00,1664,3.359,7.474,0.275
2.00,1665,-7.555,3.121,0.418
2.00,1666,-5.318,-5.848,0.486
2.00,1667,5.422,-5.577,0.259
2.00,1668,-7.555,3.121,0.418
2.00,1669,0.314,-8.029,0.304
2.00,1670,-3.109,7.644,0.436
2.00,1671,5.305,5.703,0.264
2.00,1672,-3.109,7.644,0.436
2.00,1673,5.305,5.703,0.264
2.00,1674,3.359,7.474,0.275
2.00,1675,0.314,-8.029,0.304
2.00,1676,-5.730,5.238,0.248
2.00,1677,5.305,5.703,0.264
2.00,1678,0.314,-8.029,0.304
2.00,1679,0.314,-8.029,0.304
2.00,1680,5.305,5.703,0.264
2.00,1681,-8.270,0.036,0.442
2.00,1682,-3.109,7.644,0.436
2.00,1683,-3.109,7.644,0.436
2.00,1684,5.305,5.703,0.264
2.00,1685,3.359,7.474,0.275
2.00,1686,-5.730,5.238,0.248
2.00,1687,3.480,-7.373,0.245
2.00,1688,0.106,8.264,0.270
2.00,1689,-4.972,-6.066,0.445
2.00,1690,0.314,-8.029,0.304
2.00,1691,7.348,-3.484,0.291
2.00,1692,-7.555,3.121,0.418
2.00,1693,7.348,-3.484,0.291
2.00,1694,-8.270,0.036,0.442
2.00,1695,-5.730,5.238,0.248
2.00,1696,0.314,-8.029,0.304
2.00,1697,-5.318,-5.848,0.486
2.00,1698,-7.555,3.121,0.418
2.00,1699,8.025,-0.408,0.294
2.00,1700,0.314,-8.029,0.304
2.00,1701,-3.109,7.644,0.436
2.00,1702,-3.109,7.644,0.436
2.00,1703,5.305,5.703,0.264
2.00,1704,-5.318,-5.848,0.486
2.00,1705,5.305,5.703,0.264
2.00,1706,0.106,8.264,0.270
2.00,1707,0.314,-8.029,0.304
2.00,1708,0.314,-8.029,0.304
2.00,1709,-5.730,5.238,0.248
2.00,1710,0.314,-8.029,0.304
2.00,1711,7.348,-3.484,0.291
2.00,1712,-5.318,-5.848,0.486
2.00,1713,8.025,-0.408,0.294
2.00,1714,-5.318,-5.848,0.486
2.00,1715,5.424,-5.575,0.259
2.00,1716,-5.730,5.238,0.248
2.00,1717,8.025,-0.408,0.294
2.00,1718,-5.318,-5.848,0.486
2.00,1719,-5.730,5.238,0.248
2.00,1720,5.305,5.703,0.264
2.00,1721,-5.730,5.238,0.248
2.00,1722,8.025,-0.408,0.294
2.00,1723,5.305,5.703,0.264
2.00,1724,5.422,-5.577,0.259
2.00,1725,-5.318,-5.848,0.486
2.00,1726,-5.730,5.238,0.248
2.00,1727,-5.730,5.238,0.248
2.00,1728,5.422,-5.577,0.259
2.00,1729,-5.318,-5.848,0.486
2.00,1730,-5.392,-5.789,0.506
2.00,1731,8.025,-0.408,0.294
2.00,1732,-5.318,-5.848,0.486
2.00,1733,0.314,-8.029,0.304
2.00,1734,7.371,3.201,0.313
2.00,1735,3.480,-7.373,0.245
2.00,1736,8.025,-0.408,0.294
2.00,1737,7.348,-3.484,0.291
2.00,1738,-3.109,7.644,0.436
2.00,1739,-7.222,-3.357,0.262
2.00,1740,-5.318,-5.848,0.486
2.00,1741,-8.270,0.036,0.442
2.00,1742,0.314,-8.029,0.304
2.00,1743,0.106,8.264,0.270
2.00,1744,-7.555,3.121,0.418
2.00,1745,5.305,5.703,0.264
2.00,1746,3.359,7.474,0.275
2.00,1747,-7.555,3.121,0.418
2.00,1748,0.106,8.264,0.270
2.00,1749,-5.730,5.238,0.248
2.00,1750,-5.730,5.238,0.248
2.00,1751,7.348,-3.484,0.291
2.00,1752,5.423,-5.576,0.259
2.00,1753,0.106,8.264,0.270
2.00,1754,0.314,-8.029,0.304
2.00,1755,-5.730,5.238,0.248
2.00,1756,0.500,-7.976,0.281
2.00,1757,-5.730,5.238,0.248
2.00,1758,5.422,-5.577,0.259
2.00,1759,0.314,-8.029,0.304
2.00,1760,-3.109,7.644,0.436
2.00,1761,0.106,8.264,0.270
2.00,1762,-5.317,-5.848,0.486
2.00,1763,3.359,7.474,0.275
2.00,1764,3.359,7.474,0.275
2.00,1765,0.106,8.264,0.270
2.00,1766,-3.109,7.644,0.436
2.00,1767,-7.222,-3.357,0.262
2.00,1768,8.025,-0.408,0.294
2.00,1769,-8.270,0.036,0.442
2.00,1770,5.305,5.703,0.264
2.00,1771,7.371,3.201,0.313
2.00,1772,-5.730,5.238,0.248
2.00,1773,-5.730,5.238,0.248
2.00,1774,-5.317,-5.848,0.486
2.00,1775,-5.318,-5.848,0.486
2.00,1776,3.359,7.474,0.275
2.00,1777,3.359,7.474,0.275
2.00,1778,5.422,-5.577,0.259
2.00,1779,-5.318,-5.848,0.486
2.00,1780,-8.270,0.036,0.442
2.00,1781,3.359,7.474,0.275
2.00,1782,0.314,-8.029,0.304
2.00,1783,-5.730,5.238,0.248
2.00,1784,-5.317,-5.848,0.486
2.00,1785,-7.555,3.121,0.418
2.00,1786,-3.109,7.644,0.436
2.00,1787,8.025,-0.408,0.294
2.00,1788,-3.109,7.644,0.436
2.00,1789,0.314,-8.029,0.304
2.00,1790,5.423,-5.577,0.259
2.00,1791,-8.270,0.036,0.442
2.00,1792,-5.318,-5.848,0.486
2.00,1793,-5.730,5.238,0.248
2.00,1794,-5.317,-5.848,0.486
2.00,1795,7.371,3.200,0.313
2.00,1796,0.106,8.264,0.270
2.00,1797,5.422,-5.577,0.259
2.00,1798,5.305,5.703,0.264
2.00,1799,8.025,-0.408,0.294
2.00,1800,-5.318,-5.848,0.486
2.00,1801,-7.555,3.121,0.418
2.00,1802,-8.270,0.036,0.442
2.00,1803,-5.318,-5.848,0.486
2.00,1804,-5.318,-5.848,0.486
2.00,1805,5.422,-5.577,0.259
2.00,1806,-5.318,-5.848,0.486
2.00,1807,0.106,8.264,0.270
2.00,1808,-8.270,0.036,0.442
2.00,1809,0.314,-8.029,0.304
2.00,1810,-8.270,0.036,0.442
2.00,1811,-8.270,0.036,0.442
2.00,1812,-3.109,7.644,0.436
2.00,1813,7.371,3.201,0.313
2.00,1814,5.422,-5.577,0.259
2.00,1815,8.025,-0.408,0.294
2.00,1816,5.305,5.703,0.264
2.00,1817,8.025,-0.408,0.294
2.00,1818,7.371,3.201,0.313
2.00,1819,3.778,-7.347,9.375
2.00,1820,8.025,-0.408,0.294
2.00,1821,-5.318,-5.848,0.486
2.00,1822,3.480,-7.373,0.245
2.00,1823,-5.318,-5.848,0.486
2.00,1824,0.106,8.264,0.270
2.00,1825,0.314,-8.029,0.304
2.00,1826,-5.318,-5.848,0.486
2.00,1827,7.371,3.201,0.313
2.00,1828,7.371,3.201,0.313
2.00,1829,0.106,8.264,0.270
2.00,1830,-7.555,3.121,0.418
2.00,1831,0.314,-8.029,0.304
2.00,1832,5.422,-5.577,0.259
2.00,1833,5.305,5.703,0.264
2.00,1834,-8.270,0.036,0.442
2.00,1835,-5.313,-5.851,0.485
2.00,1836,5.422,-5.577,0.259
2.00,1837,-7.555,3.121,0.418
2.00,1838,-5.318,-5.848,0.486
2.00,1839,5.305,5.703,0.264
2.00,1840,-5.318,-5.848,0.486
2.00,1841,7.348,-3.484,0.291
2.00,1842,-5.318,-5.848,0.486
2.00,1843,-5.730,5.238,0.248
2.00,1844,-5.730,5.238,0.248
2.00,1845,-8.270,0.036,0.442
2.00,1846,0.314,-8.029,0.304
2.00,1847,8.025,-0.408,0.294
2.00,1848,-5.730,5.238,0.248
2.00,1849,-8.270,0.036,0.442
2.00,1850,-5.730,5.238,0.248
2.00,1851,-10.012,-6.043,2.794
2.00,1852,5.305,5.703,0.264
2.00,1853,-5.318,-5.848,0.486
2.00,1854,7.371,3.201,0.313
2.00,1855,8.025,-0.408,0.294
2.00,1856,-3.109,7.644,0.436
2.00,1857,5.440,-5.550,0.258
2.00,1858,0.106,8.264,0.270
2.00,1859,-7.555,3.121,0.418
2.00,1860,3.359,7.474,0.275
2.00,1861,5.422,-5.577,0.259
2.00,1862,5.422,-5.577,0.259
2.00,1863,5.305,5.703,0.264
2.00,1864,8.025,-0.408,0.294
2.00,1865,-3.109,7.644,0.436
2.00,1866,5.422,-5.577,0.259
2.00,1867,-5.730,5.238,0.248
2.00,1868,-7.555,3.121,0.418
2.00,1869,-3.109,7.644,0.436
2.00,1870,-3.109,7.644,0.436
2.00,1871,-8.270,0.036,0.442
2.00,1872,-3.587,-7.035,0.334
2.00,1873,-3.109,7.644,0.436
2.00,1874,0.314,-8.029,0.304
2.00,1875,8.025,-0.408,0.294
2.00,1876,7.371,3.201,0.313
2.00,1877,7.348,-3.484,0.291
2.00,1878,7.371,3.201,0.313
2.00,1879,3.480,-7.373,0.245
2.00,1880,8.025,-0.408,0.294
2.00,1881,5.422,-5.577,0.259
2.00,1882,-5.318,-5.848,0.486
2.00,1883,-8.270,0.036,0.442
2.00,1884,-5.318,-5.848,0.486
2.00,1885,-8.270,0.036,0.442
2.00,1886,-3.109,7.644,0.436
2.00,1887,-7.222,-3.358,0.262
2.00,1888,5.405,-5.604,0.259
2.00,1889,7.371,3.201,0.313
2.00,1890,5.422,-5.577,0.259
2.00,1891,3.359,7.474,0.275
2.00,1892,-5.730,5.238,0.248
2.00,1893,-5.730,5.238,0.248
2.00,1894,-8.270,0.036,0.442
2.00,1895,5.422,-5.577,0.259
2.00,1896,-5.730,5.238,0.248
2.00,1897,5.305,5.703,0.264
2.00,1898,5.305,5.703,0.264
2.00,1899,-5.730,5.238,0.248
2.00,1900,-8.270,0.036,0.442
2.00,1901,5.423,-5.577,0.259
2.00,1902,-7.555,3.121,0.418
2.00,1903,7.371,3.201,0.313
2.00,1904,-8.270,0.036,0.442
2.00,1905,-5.318,-5.848,0.486
2.00,1906,0.314,-8.029,0.304
2.00,1907,0.342,-0.329,-5.944
2.00,1908,7.371,3.201,0.313
2.00,1909,-5.318,-5.848,0.486
2.00,1910,-5.730,5.238,0.248
2.00,1911,-5.318,-5.848,0.486
2.00,1912,0.106,8.264,0.270
2.00,1913,7.371,3.201,0.313
2.00,1914,8.025,-0.408,0.294
2.00,1915,0.106,8.264,0.270
2.00,1916,-7.222,-3.357,0.262
2.00,1917,0.106,8.264,0.270
2.00,1918,-3.109,7.644,0.436
2.00,1919,-3.109,7.644,0.436
2.00,1920,7.348,-3.484,0.291
2.00,1921,0.314,-8.029,0.304
2.00,1922,-5.730,5.238,0.248
2.00,1923,-5.317,-5.848,0.486
2.00,1924,8.025,-0.408,0.294
2.00,1925,3.359,7.474,0.275
2.00,1926,-7.555,3.121,0.418
2.00,1927,0.314,-8.029,0.304
2.00,1928,0.314,-8.029,0.304
2.00,1929,5.305,5.703,0.264
2.00,1930,-5.730,5.238,0.248
2.00,1931,8.025,-0.408,0.294
2.00,1932,7.348,-3.484,0.291
2.00,1933,7.371,3.201,0.313
2.00,1934,7.348,-3.484,0.291
2.00,1935,5.305,5.703,0.264
2.00,1936,3.359,7.474,0.275
2.00,1937,-5.730,5.238,0.248
2.00,1938,5.423,-5.577,0.259
2.00,1939,-7.555,3.121,0.418
2.00,1940,8.025,-0.408,0.294
2.00,1941,8.025,-0.408,0.294
2.00,1942,5.305,5.703,0.264
2.00,1943,0.314,-8.029,0.304
2.00,1944,5.422,-5.577,0.259
2.00,1945,-7.555,3.121,0.418
2.00,1946,0.314,-8.029,0.304
2.00,1947,5.305,5.703,0.264
2.00,1948,0.106,8.264,0.270
2.00,1949,-5.318,-5.848,0.486
2.00,1950,-3.109,7.644,0.436
2.00,1951,-7.222,-3.357,0.262
2.00,1952,-5.317,-5.848,0.486
2.00,1953,0.314,-8.029,0.304
2.00,1954,5.422,-5.577,0.259
2.00,1955,-5.318,-5.848,0.486
2.00,1956,-7.555,3.121,0.418
2.00,1957,-3.109,7.644,0.436
2.00,1958,-5.318,-5.848,0.486
2.00,1959,5.422,-5.577,0.259
2.00,1960,-5.318,-5.848,0.486
2.00,1961,8.025,-0.408,0.294
2.00,1962,7.371,3.201,0.313
2.00,1963,5.422,-5.577,0.259
2.00,1964,8.025,-0.408,0.294
2.00,1965,0.314,-8.029,0.304
2.00,1966,-5.318,-5.848,0.486
2.00,1967,-7.222,-3.357,0.262
2.00,1968,3.359,7.474,0.275
2.00,1969,-7.222,-3.357,0.262
2.00,1970,-8.270,0.036,0.442
2.00,1971,8.025,-0.408,0.294
2.00,1972,-5.317,-5.848,0.486
2.00,1973,-5.318,-5.848,0.486
2.00,1974,-5.730,5.238,0.248
2.00,1975,-5.318,-5.848,0.486
2.00,1976,-3.109,7.644,0.436
2.00,1977,0.314,-8.029,0.304
2.00,1978,-8.270,0.036,0.442
2.00,1979,-7.222,-3.357,0.262
2.00,1980,7.371,3.201,0.313
2.00,1981,0.314,-8.029,0.304
2.00,1982,7.371,3.201,0.313
2.00,1983,-5.730,5.238,0.248
2.00,1984,5.305,5.703,0.264
2.00,1985,5.305,5.703,0.264
2.00,1986,-7.222,-3.357,0.262
2.00,1987,5.305,5.703,0.264
2.00,1988,5.305,5.703,0.264
2.00,1989,0.314,-8.029,0.304
2.00,1990,5.305,5.703,0.264
2.00,1991,-5.318,-5.848,0.486
2.00,1992,5.423,-5.576,0.259
2.00,1993,3.359,7.474,0.275
2.00,1994,3.480,-7.373,0.245
2.00,1995,8.025,-0.408,0.294
2.00,1996,3.359,7.474,0.275
2.00,1997,-3.109,7.644,0.436
2.00,1998,-7.555,3.121,0.418
2.00,1999,-5.318,-5.848,0.486
2.00,2000,-3.109,7.644,0.436
2.00,2001,-5.318,-5.848,0.486
2.00,2002,7.371,3.201,0.313
2.00,2003,-5.318,-5.848,0.486
2.00,2004,5.305,5.703,0.264
2.00,2005,-5.318,-5.848,0.486
2.00,2006,0.314,-8.029,0.304
2.00,2007,8.025,-0.408,0.294
2.00,2008,-8.270,0.036,0.442
2.00,2009,0.314,-8.029,0.304
2.00,2010,5.305,5.703,0.264
2.00,2011,-5.730,5.238,0.248
2.00,2012,0.314,-8.029,0.304
2.00,2013,0.314,-8.029,0.304
2.00,2014,0.314,-8.029,0.304
2.00,2015,-7.222,-3.357,0.262
2.00,2016,-8.270,0.036,0.442
2.00,2017,-5.318,-5.848,0.486
2.00,2018,0.106,8.264,0.270
2.00,2019,-3.109,7.644,0.436
2.00,2020,5.305,5.703,0.264
2.00,2021,7.371,3.201,0.313
2.00,2022,5.422,-5.577,0.259
2.00,2023,-3.109,7.644,0.436
2.00,2024,-7.555,3.121,0.418
2.00,2025,8.025,-0.408,0.294
2.00,2026,0.314,-8.029,0.304
2.00,2027,0.106,8.264,0.270
2.00,2028,-3.109,7.644,0.436
2.00,2029,-8.270,0.036,0.442
2.00,2030,-5.317,-5.848,0.486
2.00,2031,-5.730,5.238,0.248
2.00,2032,-8.270,0.036,0.442
2.00,2033,-5.318,-5.848,0.486
2.00,2034,-5.730,5.238,0.248
2.00,2035,-7.555,3.121,0.418
2.00,2036,8.025,-0.408,0.294
2.00,2037,5.305,5.703,0.264
2.00,2038,-3.109,7.644,0.436
2.00,2039,-8.270,0.036,0.442
2.00,2040,5.422,-5.577,0.259
2.00,2041,5.305,5.703,0.264
2.00,2042,3.359,7.474,0.275
2.00,2043,-5.318,-5.848,0.486
2.00,2044,3.480,-7.373,0.245
2.00,2045,5.422,-5.577,0.259
2.00,2046,-5.730,5.238,0.248
2.00,2047,-5.318,-5.848,0.486
2.00,2048,-3.109,7.644,0.436
2.00,2049,3.480,-7.373,0.245
2.00,2050,2.277,-7.995,6.248
2.00,2051,7.348,-3.484,0.291
2.00,2052,-5.730,5.238,0.248
2.00,2053,-5.730,5.238,0.248
2.00,2054,-5.730,5.238,0.248
2.00,2055,7.371,3.201,0.313
2.00,2056,0.314,-8.029,0.304
2.00,2057,5.305,5.703,0.264
2.00,2058,0.314,-8.029,0.304
2.00,2059,8.025,-0.408,0.294
2.00,2060,8.025,-0.408,0.294
2.00,2061,-8.270,0.036,0.442
2.00,2062,-5.730,5.238,0.248
2.00,2063,-5.730,5.238,0.248
2.00,2064,-8.270,0.036,0.442
2.00,2065,-5.730,5.238,0.248
2.00,2066,0.314,-8.029,0.304
2.00,2067,-7.555,3.121,0.418
2.00,2068,0.314,-8.029,0.304
2.00,2069,5.422,-5.577,0.259
2.00,2070,-3.109,7.644,0.436
2.00,2071,-5.318,-5.848,0.486
2.00,2072,5.305,5.703,0.264
2.00,2073,8.025,-0.408,0.294
2.00,2074,-5.730,5.238,0.248
2.00,2075,7.348,-3.484,0.291
2.00,2076,-5.730,5.238,0.248
2.00,2077,8.025,-0.408,0.294
2.00,2078,5.422,-5.577,0.259
2.00,2079,-5.318,-5.848,0.486
2.00,2080,-7.555,3.121,0.418
2.00,2081,-3.109,7.644,0.436
2.00,2082,-5.318,-5.848,0.486
2.00,2083,-3.109,7.644,0.436
2.00,2084,-8.270,0.036,0.442
2.00,2085,5.422,-5.577,0.259
2.00,2086,0.106,8.264,0.270
2.00,2087,0.314,-8.029,0.304
2.00,2088,-5.317,-5.848,0.486
2.00,2089,7.371,3.201,0.313
2.00,2090,-5.318,-5.848,0.486
2.00,2091,-7.555,3.121,0.418
2.00,2092,0.314,-8.029,0.304
2.00,2093,-7.555,3.121,0.418
2.00,2094,3.359,7.474,0.275
2.00,2095,7.371,3.201,0.313
2.00,2096,-5.730,5.238,0.248
2.00,2097,7.348,-3.484,0.291
2.00,2098,-5.318,-5.848,0.486
2.00,2099,-5.317,-5.848,0.486
2.00,2100,-7.555,3.121,0.418
2.00,2101,5.422,-5.577,0.259
2.00,2102,-7.222,-3.357,0.262
2.00,2103,-8.270,0.036,0.442
2.00,2104,0.314,-8.029,0.304
2.00,2105,-8.270,0.036,0.442
2.00,2106,0.314,-8.029,0.304
2.00,2107,0.106,8.264,0.270
2.00,2108,8.025,-0.408,0.294
2.00,2109,-7.222,-3.357,0.262
2.00,2110,-5.318,-5.848,0.486
2.00,2111,-3.109,7.644,0.436
2.00,2112,-5.318,-5.848,0.486
2.00,2113,-5.730,5.238,0.248
2.00,2114,8.025,-0.408,0.294
2.00,2115,5.422,-5.577,0.259
2.00,2116,-5.730,5.238,0.248
2.00,2117,0.106,8.264,0.270
2.00,2118,5.422,-5.577,0.259
2.00,2119,-5.318,-5.848,0.486
2.00,2120,8.025,-0.408,0.294
2.00,2121,-5.318,-5.848,0.486
2.00,2122,5.305,5.703,0.264
2.00,2123,7.371,3.201,0.313
2.00,2124,-8.270,0.036,0.442
2.00,2125,5.422,-5.577,0.259
2.00,2126,5.422,-5.577,0.259
2.00,2127,-3.109,7.644,0.436
2.00,2128,5.305,5.703,0.264
2.00,2129,5.422,-5.577,0.259
2.00,2130,-3.109,7.644,0.436
2.00,2131,0.106,8.264,0.270
2.00,2132,-3.109,7.644,0.436
2.00,2133,5.422,-5.577,0.259
2.00,2134,7.371,3.201,0.313
2.00,2135,-7.555,3.121,0.418
2.00,2136,-3.109,7.644,0.436
2.00,2137,7.348,-3.484,0.291
2.00,2138,-5.318,-5.848,0.486
2.00,2139,-3.109,7.644,0.436
2.00,2140,0.314,-8.029,0.304
2.00,2141,8.025,-0.408,0.294
2.00,2142,-5.318,-5.848,0.486
2.00,2143,-7.222,-3.357,0.262
2.00,2144,7.348,-3.484,0.291
2.00,2145,7.371,3.201,0.313
2.00,2146,-5.318,-5.848,0.486
2.00,2147,7.348,-3.484,0.291
2.00,2148,3.359,7.474,0.275
2.00,2149,5.304,5.704,0.264
2.00,2150,-5.318,-5.848,0.486
2.00,2151,-5.318,-5.848,0.486
2.00,2152,7.371,3.201,0.313
2.00,2153,-8.270,0.036,0.442
2.00,2154,-5.317,-5.848,0.486
2.00,2155,0.106,8.264,0.270
2.00,2156,5.305,5.703,0.264
2.00,2157,-3.109,7.644,0.436
2.00,2158,-5.730,5.238,0.248
2.00,2159,0.106,8.264,0.270
2.00,2160,-3.109,7.644,0.436
2.00,2161,-5.730,5.238,0.248
2.00,2162,-3.109,7.644,0.436
2.00,2163,-5.317,-5.848,0.486
2.00,2164,0.314,-8.029,0.304
2.00,2165,8.025,-0.408,0.294
2.00,2166,-3.109,7.644,0.436
2.00,2167,3.359,7.474,0.275
2.00,2168,-7.555,3.121,0.418
2.00,2169,-8.270,0.036,0.442
2.00,2170,0.106,8.264,0.270
2.00,2171,7.348,-3.484,0.291
2.00,2172,-3.109,7.644,0.436
2.00,2173,5.305,5.703,0.264
2.00,2174,-5.730,5.238,0.248
2.00,2175,3.359,7.474,0.275
2.00,2176,5.422,-5.577,0.259
2.00,2177,-5.730,5.238,0.248
2.00,2178,5.422,-5.577,0.259
2.00,2179,7.371,3.201,0.313
2.00,2180,3.359,7.474,0.275
2.00,2181,7.348,-3.484,0.291
2.00,2182,-5.318,-5.848,0.486
2.00,2183,8.025,-0.408,0.294
2.00,2184,-5.302,-5.859,0.483
2.00,2185,5.305,5.703,0.264
2.00,2186,5.305,5.703,0.264
2.00,2187,-7.222,-3.357,0.262
2.00,2188,5.305,5.703,0.264
2.00,2189,-5.313,-5.851,0.485
2.00,2190,7.348,-3.484,0.291
2.00,2191,0.314,-8.029,0.304
2.00,2192,-5.318,-5.848,0.486
2.00,2193,0.106,8.264,0.270
2.00,2194,-5.730,5.238,0.248
2.00,2195,0.314,-8.029,0.304
2.00,2196,0.106,8.264,0.270
2.00,2197,-5.730,5.238,0.248
2.00,2198,-8.270,0.036,0.442
2.00,2199,3.359,7.474,0.275
2.00,2200,-3.109,7.644,0.436
2.00,2201,-3.109,7.644,0.436
2.00,2202,0.314,-8.029,0.304
2.00,2203,0.314,-8.029,0.304
2.00,2204,5.422,-5.577,0.259
2.00,2205,-7.555,3.121,0.418
2.00,2206,0.314,-8.029,0.304
2.00,2207,0.314,-8.029,0.304
2.00,2208,0.106,8.264,0.270
2.00,2209,3.359,7.474,0.275
2.00,2210,0.314,-8.029,0.304
2.00,2211,-7.222,-3.357,0.262
2.00,2212,0.106,8.264,0.270
2.00,2213,7.371,3.201,0.313
2.00,2214,-5.730,5.238,0.248
2.00,2215,-8.270,0.036,0.442
2.00,2216,0.314,-8.029,0.304
2.00,2217,-8.270,0.036,0.442
2.00,2218,7.371,3.201,0.313
2.00,2219,-5.312,-5.852,0.485
2.00,2220,5.422,-5.577,0.259
2.00,2221,7.371,3.201,0.313
2.00,2222,-7.555,3.121,0.418
2.00,2223,8.025,-0.408,0.294
2.00,2224,7.348,-3.484,0.291
2.00,2225,-3.109,7.644,0.436
2.00,2226,0.106,8.264,0.270
2.00,2227,0.314,-8.029,0.304
2.00,2228,-7.222,-3.357,0.262
2.00,2229,-8.270,0.036,0.442
2.00,2230,-5.318,-5.848,0.486
2.00,2231,5.305,5.703,0.264
2.00,2232,-5.317,-5.848,0.486
2.00,2233,-7.222,-3.357,0.262
2.00,2234,-5.730,5.238,0.248
2.00,2235,0.314,-8.029,0.304
2.00,2236,0.106,8.264,0.270
2.00,2237,-5.318,-5.848,0.486
2.00,2238,7.371,3.201,0.313
2.00,2239,8.025,-0.408,0.294
2.00,2240,8.025,-0.408,0.294
2.00,2241,-3.109,7.644,0.436
2.00,2242,-7.555,3.121,0.418
2.00,2243,-8.270,0.036,0.442
2.00,2244,8.025,-0.408,0.294
2.00,2245,8.025,-0.408,0.294
2.00,2246,-5.318,-5.848,0.486
2.00,2247,7.348,-3.484,0.291
2.00,2248,-8.270,0.036,0.442
2.00,2249,7.371,3.201,0.313
2.00,2250,-5.317,-5.848,0.486
2.00,2251,0.314,-8.029,0.304
2.00,2252,-5.318,-5.848,0.486
2.00,2253,7.348,-3.484,0.291
2.00,2254,-8.270,0.036,0.442
2.00,2255,5.422,-5.577,0.259
2.00,2256,5.422,-5.577,0.259
2.00,2257,3.480,-7.373,0.245
2.00,2258,5.305,5.703,0.264
2.00,2259,-5.317,-5.848,0.486
2.00,2260,7.371,3.201,0.313
2.00,2261,0.106,8.264,0.270
2.00,2262,5.305,5.703,0.264
2.00,2263,-5.730,5.238,0.248
2.00,2264,7.371,3.201,0.313
2.00,2265,8.025,-0.408,0.294
2.00,2266,0.106,8.264,0.270
2.00,2267,-3.109,7.644,0.436
2.00,2268,0.106,8.264,0.270
2.00,2269,-5.730,5.238,0.248
2.00,2270,8.025,-0.408,0.294
2.00,2271,0.314,-8.029,0.304
2.00,2272,3.359,7.474,0.275
2.00,2273,5.422,-5.577,0.259
2.00,2274,0.314,-8.029,0.304
2.00,2275,0.106,8.264,0.270
2.00,2276,7.371,3.201,0.313
2.00,2277,-5.318,-5.848,0.486
2.00,2278,-8.270,0.036,0.442
2.00,2279,5.305,5.703,0.264
2.00,2280,7.348,-3.484,0.291
2.00,2281,5.422,-5.577,0.259
2.00,2282,-5.318,-5.848,0.486
2.00,2283,5.305,5.703,0.264
2.00,2284,5.422,-5.577,0.259
2.00,2285,5.422,-5.577,0.259
2.00,2286,5.433,-5.561,0.258
2.00,2287,7.348,-3.484,0.291
2.00,2288,-7.555,3.121,0.418
2.00,2289,-5.318,-5.848,0.486
2.00,2290,-5.318,-5.848,0.486
2.00,2291,5.422,-5.577,0.259
2.00,2292,0.106,8.264,0.270
2.00,2293,-5.730,5.238,0.248
2.00,2294,5.305,5.703,0.264
2.00,2295,5.423,-5.577,0.259
2.00,2296,-5.318,-5.848,0.486
2.00,2297,0.314,-8.029,0.304
2.00,2298,-5.318,-5.848,0.486
2.00,2299,-5.318,-5.848,0.486
2.00,2300,-5.730,5.238,0.248
2.00,2301,0.106,8.264,0.270
2.00,2302,-5.317,-5.848,0.486
2.00,2303,0.314,-8.029,0.304
2.00,2304,5.305,5.703,0.264
2.00,2305,7.371,3.201,0.313
2.00,2306,-8.270,0.036,0.442
2.00,2307,-3.109,7.644,0.436
2.00,2308,-5.317,-5.848,0.486
2.00,2309,-5.730,5.238,0.248
2.00,2310,-8.270,0.036,0.442
2.00,2311,0.314,-8.029,0.304
2.00,2312,0.106,8.264,0.270
2.00,2313,7.371,3.201,0.313
2.00,2314,0.106,8.264,0.270
2.00,2315,8.025,-0.408,0.294
2.00,2316,5.305,5.703,0.264
2.00,2317,0.314,-8.029,0.304
2.00,2318,0.314,-8.029,0.304
2.00,2319,5.305,5.703,0.264
2.00,2320,8.025,-0.408,0.294
2.00,2321,5.422,-5.577,0.259
2.00,2322,-5.730,5.238,0.248
2.00,2323,-5.318,-5.848,0.486
2.00,2324,3.359,7.474,0.275
2.00,2325,7.371,3.201,0.313
2.00,2326,3.359,7.474,0.275
2.00,2327,-5.318,-5.848,0.486
2.00,2328,5.422,-5.577,0.259
2.00,2329,-5.730,5.238,0.248
2.00,2330,-8.270,0.036,0.442
2.00,2331,-8.270,0.036,0.442
2.00,2332,-5.318,-5.848,0.486
2.00,2333,5.422,-5.577,0.259
2.00,2334,7.348,-3.484,0.291
2.00,2335,-8.270,0.036,0.442
2.00,2336,7.371,3.201,0.313
2.00,2337,-5.318,-5.848,0.486
2.00,2338,0.314,-8.029,0.304
2.00,2339,-5.318,-5.848,0.486
2.00,2340,-3.109,7.644,0.436
2.00,2341,-5.318,-5.848,0.486
2.00,2342,-5.730,5.238,0.248
2.00,2343,-5.730,5.239,0.248
2.00,2344,-7.555,3.121,0.418
2.00,2345,0.314,-8.029,0.304
2.00,2346,-5.730,5.238,0.248
2.00,2347,-7.555,3.121,0.418
2.00,2348,5.305,5.703,0.264
2.00,2349,5.305,5.703,0.264
2.00,2350,8.025,-0.408,0.294
2.00,2351,5.424,-5.574,0.259
2.00,2352,3.359,7.474,0.275
2.00,2353,-8.270,0.036,0.442
2.00,2354,5.422,-5.577,0.259
2.00,2355,-5.318,-5.848,0.486
2.00,2356,-5.317,-5.848,0.486
2.00,2357,3.359,7.474,0.275
2.00,2358,7.348,-3.484,0.291
2.00,2359,-0.264,-4.493,-8.143
2.00,2360,0.106,8.264,0.270
2.00,2361,-5.318,-5.848,0.486
2.00,2362,0.314,-8.029,0.304
2.00,2363,5.308,5.700,0.264
2.00,2364,0.314,-8.029,0.304
2.00,2365,5.305,5.703,0.264
2.00,2366,0.106,8.264,0.270
2.00,2367,-7.555,3.121,0.418
2.00,2368,8.025,-0.408,0.294
2.00,2369,7.348,-3.484,0.291
2.00,2370,-8.270,0.036,0.442
2.00,2371,0.314,-8.029,0.304
2.00,2372,-5.730,5.238,0.248
2.00,2373,7.371,3.201,0.313
2.00,2374,7.348,-3.484,0.291
2.00,2375,-8.270,0.036,0.442
2.00,2376,8.025,-0.408,0.294
2.00,2377,-5.318,-5.848,0.486
2.00,2378,-8.270,0.036,0.442
2.00,2379,-7.222,-3.357,0.262
2.00,2380,-7.555,3.121,0.418
2.00,2381,-7.222,-3.357,0.262
2.00,2382,-8.217,0.185,0.413
2.00,2383,-7.555,3.121,0.418
2.00,2384,-7.555,3.121,0.418
2.00,2385,-7.222,-3.357,0.262
2.00,2386,-5.317,-5.848,0.486
2.00,2387,3.359,7.474,0.275
2.00,2388,7.371,3.201,0.313
2.00,2389,-3.109,7.644,0.436
2.00,2390,-3.109,7.644,0.436
2.00,2391,-5.730,5.238,0.248
2.00,2392,-3.109,7.644,0.436
2.00,2393,-3.109,7.644,0.436
2.00,2394,-5.730,5.238,0.248
2.00,2395,-5.288,-5.869,0.480
2.00,2396,3.480,-7.373,0.245
2.00,2397,0.106,8.264,0.270
2.00,2398,3.359,7.474,0.275
2.00,2399,-5.730,5.238,0.248
2.00,2400,7.371,3.201,0.313
2.00,2401,-8.270,0.036,0.442
2.00,2402,-5.730,5.238,0.248
2.00,2403,-5.318,-5.848,0.486
2.00,2404,5.539,-6.779,-11.112
2.00,2405,3.359,7.474,0.275
2.00,2406,-5.318,-5.848,0.486
2.00,2407,8.025,-0.408,0.294
2.00,2408,-3.109,7.644,0.436
2.00,2409,-5.318,-5.848,0.486
2.00,2410,5.305,5.703,0.264
2.00,2411,5.305,5.703,0.264
2.00,2412,-5.730,5.238,0.248
2.00,2413,5.305,5.703,0.264
2.00,2414,-5.318,-5.848,0.486
2.00,2415,-8.270,0.036,0.442
2.00,2416,5.422,-5.577,0.259
2.00,2417,0.106,8.264,0.270
2.00,2418,8.025,-0.408,0.294
2.00,2419,5.423,-5.576,0.259
2.00,2420,-5.730,5.238,0.248
2.00,2421,7.371,3.201,0.313
2.00,2422,3.480,-7.373,0.245
2.00,2423,0.106,8.264,0.270
2.00,2424,5.305,5.703,0.264
2.00,2425,0.314,-8.029,0.304
2.00,2426,-5.730,5.238,0.248
2.00,2427,-7.555,3.121,0.418
2.00,2428,-7.555,3.121,0.418
2.00,2429,7.371,3.201,0.313
2.00,2430,-5.317,-5.848,0.486
2.00,2431,-5.318,-5.848,0.486
2.00,2432,-5.730,5.238,0.248
2.00,2433,7.371,3.201,0.313
2.00,2434,5.305,5.703,0.264
2.00,2435,8.025,-0.408,0.294
2.00,2436,5.305,5.703,0.264
2.00,2437,7.348,-3.484,0.291
2.00,2438,-8.270,0.036,0.442
2.00,2439,5.305,5.703,0.264
2.00,2440,5.305,5.703,0.264
2.00,2441,3.359,7.474,0.275
2.00,2442,0.314,-8.029,0.304
2.00,2443,7.348,-3.484,0.291
2.00,2444,-5.318,-5.848,0.486
2.00,2445,-7.555,3.121,0.418
2.00,2446,-5.318,-5.848,0.486
2.00,2447,5.305,5.703,0.264
2.00,2448,-7.555,3.121,0.418
2.00,2449,-3.109,7.644,0.436
2.00,2450,3.359,7.474,0.275
2.00,2451,-8.270,0.036,0.442
2.00,2452,0.314,-8.029,0.304
2.00,2453,5.305,5.703,0.264
2.00,2454,-5.318,-5.848,0.486
2.00,2455,3.480,-7.373,0.245
2.00,2456,0.106,8.264,0.270
2.00,2457,5.305,5.703,0.264
2.00,2458,8.025,-0.408,0.294
2.00,2459,5.422,-5.577,0.259
2.00,2460,0.106,8.264,0.270
2.00,2461,3.359,7.474,0.275
2.00,2462,7.348,-3.484,0.291
2.00,2463,0.314,-8.029,0.304
2.00,2464,3.359,7.474,0.275
2.00,2465,-8.270,0.036,0.442
2.00,2466,0.106,8.264,0.270
2.00,2467,-5.318,-5.848,0.486
2.00,2468,-5.730,5.238,0.248
2.00,2469,3.359,7.474,0.275
2.00,2470,-5.730,5.238,0.248
2.00,2471,-8.270,0.036,0.442
2.00,2472,-5.318,-5.848,0.486
2.00,2473,0.314,-8.029,0.304
2.00,2474,-5.730,5.238,0.248
2.00,2475,3.359,7.474,0.275
2.00,2476,8.025,-0.408,0.294
2.00,2477,-5.318,-5.848,0.486
2.00,2478,-5.314,-5.850,0.485
2.00,2479,7.348,-3.484,0.291
2.00,2480,-5.318,-5.848,0.486
2.00,2481,0.106,8.264,0.270
2.00,2482,-8.270,0.036,0.442
2.00,2483,3.359,7.474,0.275
2.00,2484,-8.270,0.036,0.442
2.00,2485,-5.730,5.238,0.248
2.00,2486,-5.308,-5.854,0.484
2.00,2487,-5.318,-5.848,0.486
2.00,2488,5.422,-5.577,0.259
2.00,2489,-7.555,3.121,0.418
2.00,2490,5.422,-5.577,0.259
2.00,2491,0.314,-8.029,0.304
2.00,2492,5.306,5.702,0.264
2.00,2493,7.348,-3.484,0.291
2.00,2494,-5.318,-5.848,0.486
2.00,2495,-5.730,5.238,0.248
2.00,2496,0.314,-8.029,0.304
2.00,2497,-5.730,5.238,0.248
2.00,2498,-5.318,-5.848,0.486
2.00,2499,-7.222,-3.357,0.262
2.00,2500,-7.555,3.121,0.418
2.00,2501,0.314,-8.029,0.304
2.00,2502,-8.270,0.036,0.442
2.00,2503,0.106,8.264,0.270
2.00,2504,-7.555,3.121,0.418
2.00,2505,8.025,-0.408,0.294
2.00,2506,0.314,-8.029,0.304
2.00,2507,-8.270,0.036,0.442
2.00,2508,-5.730,5.238,0.248
2.00,2509,7.348,-3.484,0.291
2.00,2510,3.359,7.474,0.275
2.00,2511,-5.318,-5.848,0.486
2.00,2512,5.422,-5.577,0.259
2.00,2513,5.422,-5.577,0.259
2.00,2514,-4.810,-6.180,0.426
2.00,2515,8.025,-0.408,0.294
2.00,2516,0.106,8.264,0.270
2.00,2517,0.106,8.264,0.270
2.00,2518,5.305,5.703,0.264
2.00,2519,0.106,8.264,0.270
2.00,2520,-5.730,5.238,0.248
2.00,2521,0.314,-8.029,0.304
2.00,2522,-7.555,3.121,0.418
2.00,2523,-5.730,5.238,0.248
2.00,2524,7.348,-3.484,0.291
2.00,2525,0.314,-8.029,0.304
2.00,2526,-3.109,7.644,0.436
2.00,2527,-5.730,5.238,0.248
2.00,2528,5.422,-5.577,0.259
2.00,2529,-5.318,-5.848,0.486
2.00,2530,-5.730,5.238,0.248
2.00,2531,-3.109,7.644,0.436
2.00,2532,0.314,-8.029,0.304
2.00,2533,7.371,3.201,0.313
2.00,2534,5.424,-5.575,0.259
2.00,2535,-3.109,7.644,0.436
2.00,2536,3.359,7.474,0.275
2.00,2537,-5.318,-5.848,0.486
2.00,2538,5.422,-5.577,0.259
2.00,2539,7.348,-3.484,0.291
2.00,2540,5.422,-5.577,0.259
2.00,2541,-5.318,-5.848,0.486
2.00,2542,5.423,-5.576,0.259
2.00,2543,3.359,7.474,0.275
2.00,2544,0.106,8.264,0.270
2.00,2545,-5.730,5.238,0.248
2.00,2546,0.106,8.264,0.270
2.00,2547,-5.318,-5.848,0.486
2.00,2548,-5.318,-5.848,0.486
2.00,2549,-7.555,3.121,0.418
2.00,2550,-5.730,5.238,0.248
2.00,2551,-8.270,0.036,0.442
2.00,2552,-5.730,5.238,0.248
2.00,2553,5.423,-5.576,0.259
2.00,2554,-5.318,-5.848,0.486
2.00,2555,-5.317,-5.848,0.486
2.00,2556,-8.270,0.036,0.442
2.00,2557,-3.109,7.644,0.436
2.00,2558,8.025,-0.408,0.294
2.00,2559,-7.555,3.121,0.418
2.00,2560,5.305,5.703,0.264
2.00,2561,7.371,3.201,0.313
2.00,2562,-5.730,5.238,0.248
2.00,2563,5.422,-5.577,0.259
2.00,2564,0.314,-8.029,0.304
2.00,2565,3.480,-7.373,0.245
2.00,2566,-5.318,-5.848,0.486
2.00,2567,0.106,8.264,0.270
2.00,2568,8.025,-0.408,0.294
2.00,2569,8.025,-0.408,0.294
2.00,2570,0.106,8.264,0.270
2.00,2571,5.422,-5.577,0.259
2.00,2572,-7.555,3.121,0.418
2.00,2573,-8.270,0.036,0.442
2.00,2574,-3.109,7.644,0.436
2.00,2575,5.305,5.703,0.264
2.00,2576,-5.317,-5.848,0.486
2.00,2577,-7.555,3.121,0.418
2.00,2578,5.305,5.703,0.264
2.00,2579,5.305,5.703,0.264
2.00,2580,-5.730,5.238,0.248
2.00,2581,7.371,3.201,0.313
2.00,2582,-7.555,3.121,0.418
2.00,2583,0.314,-8.029,0.304
2.00,2584,-5.318,-5.848,0.486
2.00,2585,7.348,-3.484,0.291
2.00,2586,0.314,-8.029,0.304
2.00,2587,-8.270,0.036,0.442
2.00,2588,-7.555,3.121,0.418
2.00,2589,-8.270,0.036,0.442
2.00,2590,7.371,3.201,0.313
2.00,2591,3.480,-7.373,0.245
2.00,2592,0.314,-8.029,0.304
2.00,2593,7.348,-3.484,0.291
2.00,2594,-8.270,0.036,0.442
2.00,2595,5.305,5.703,0.264
2.00,2596,8.025,-0.408,0.294
2.00,2597,8.025,-0.408,0.294
2.00,2598,-5.696,-0.127,3.496
2.00,2599,3.359,7.474,0.275
2.00,2600,0.106,8.264,0.270
2.00,2601,-5.316,-5.848,0.486
2.00,2602,0.314,-8.029,0.304
2.00,2603,-3.109,7.644,0.436
2.00,2604,-5.318,-5.848,0.486
2.00,2605,8.025,-0.408,0.294
2.00,2606,-8.270,0.036,0.442
2.00,2607,5.305,5.703,0.264
2.00,2608,5.305,5.703,0.264
2.00,2609,0.314,-8.029,0.304
2.00,2610,-5.318,-5.848,0.486
2.00,2611,-5.730,5.238,0.248
2.00,2612,0.106,8.264,0.270
2.00,2613,7.371,3.201,0.313
2.00,2614,5.422,-5.577,0.259
2.00,2615,7.371,3.201,0.313
2.00,2616,-7.555,3.121,0.418
2.00,2617,5.305,5.703,0.264
2.00,2618,-5.318,-5.848,0.486
2.00,2619,-5.317,-5.848,0.486
2.00,2620,8.025,-0.408,0.294
2.00,2621,-8.270,0.036,0.442
2.00,2622,3.359,7.474,0.275
2.00,2623,-8.270,0.036,0.442
2.00,2624,0.314,-8.029,0.304
2.00,2625,0.314,-8.029,0.304
2.00,2626,-7.222,-3.357,0.262
2.00,2627,8.025,-0.408,0.294
2.00,2628,0.314,-8.029,0.304
2.00,2629,5.305,5.703,0.264
2.00,2630,5.422,-5.577,0.259
2.00,2631,7.371,3.201,0.313
2.00,2632,-5.317,-5.848,0.486
2.00,2633,7.371,3.201,0.313
2.00,2634,5.422,-5.577,0.259
2.00,2635,3.480,-7.373,0.245
2.00,2636,-3.109,7.644,0.436
2.00,2637,8.025,-0.408,0.294
2.00,2638,-8.270,0.036,0.442
2.00,2639,7.371,3.201,0.313
2.00,2640,-5.316,-5.849,0.486
2.00,2641,-3.109,7.644,0.436
2.00,2642,5.422,-5.577,0.259
2.00,2643,8.025,-0.408,0.294
2.00,2644,-3.109,7.644,0.436
2.00,2645,8.025,-0.408,0.294
2.00,2646,7.371,3.201,0.313
2.00,2647,5.305,5.703,0.264
2.00,2648,8.025,-0.408,0.294
2.00,2649,-7.222,-3.357,0.262
2.00,2650,-8.270,0.036,0.442
2.00,2651,5.305,5.703,0.264
2.00,2652,5.423,-5.577,0.259
2.00,2653,0.314,-8.029,0.304
2.00,2654,-7.555,3.121,0.418
2.00,2655,-5.318,-5.848,0.486
2.00,2656,7.371,3.201,0.313
2.00,2657,-5.730,5.238,0.248
2.00,2658,-8.270,0.036,0.442
2.00,2659,-3.109,7.644,0.436
2.00,2660,8.025,-0.408,0.294
2.00,2661,7.371,3.201,0.313
2.00,2662,5.422,-5.577,0.259
2.00,2663,5.422,-5.577,0.259
2.00,2664,0.121,8.260,0.271
2.00,2665,0.106,8.264,0.270
2.00,2666,-5.730,5.238,0.248
2.00,2667,-7.555,3.121,0.418
2.00,2668,8.025,-0.408,0.294
2.00,2669,-5.318,-5.848,0.486
2.00,2670,-5.317,-5.848,0.486
2.00,2671,5.305,5.703,0.264
2.00,2672,-5.730,5.238,0.248
2.00,2673,-5.730,5.238,0.248
2.00,2674,-5.314,-5.850,0.485
2.00,2675,-5.317,-5.848,0.486
2.00,2676,0.106,8.264,0.270
2.00,2677,7.371,3.201,0.313
2.00,2678,-8.270,0.036,0.442
2.00,2679,0.106,8.264,0.270
2.00,2680,5.422,-5.577,0.259
2.00,2681,7.371,3.201,0.313
2.00,2682,5.305,5.703,0.264
2.00,2683,5.422,-5.577,0.259
2.00,2684,-5.730,5.238,0.248
2.00,2685,0.106,8.264,0.270
2.00,2686,-5.730,5.238,0.248
2.00,2687,-5.318,-5.848,0.486
2.00,2688,-5.730,5.238,0.248
2.00,2689,5.305,5.703,0.264
2.00,2690,0.314,-8.029,0.304
2.00,2691,8.025,-0.408,0.294
2.00,2692,-8.270,0.036,0.442
2.00,2693,0.106,8.264,0.270
2.00,2694,3.359,7.474,0.275
2.00,2695,8.025,-0.408,0.294
2.00,2696,-7.555,3.121,0.418
2.00,2697,8.025,-0.408,0.294
2.00,2698,0.106,8.264,0.270
2.00,2699,7.371,3.201,0.313
2.00,2700,-8.237,0.146,0.412
2.00,2701,7.371,3.201,0.313
2.00,2702,8.025,-0.408,0.294
2.00,2703,-8.270,0.036,0.442
2.00,2704,-5.730,5.238,0.248
2.00,2705,0.106,8.264,0.270
2.00,2706,5.422,-5.577,0.259
2.00,2707,-8.270,0.036,0.442
2.00,2708,-5.318,-5.848,0.486
2.00,2709,-5.730,5.238,0.248
2.00,2710,0.314,-8.029,0.304
2.00,2711,3.480,-7.373,0.245
2.00,2712,-5.318,-5.848,0.486
2.00,2713,8.025,-0.408,0.294
2.00,2714,-8.270,0.036,0.442
2.00,2715,5.305,5.703,0.264
2.00,2716,8.025,-0.408,0.294
2.00,2717,-5.317,-5.848,0.486
2.00,2718,-5.318,-5.848,0.486
2.00,2719,0.314,-8.029,0.304
2.00,2720,5.305,5.703,0.264
2.00,2721,5.305,5.703,0.264
2.00,2722,-5.730,5.238,0.248
2.00,2723,-5.730,5.238,0.248
2.00,2724,5.422,-5.577,0.259
2.00,2725,8.025,-0.408,0.294
2.00,2726,-5.318,-5.848,0.486
2.00,2727,-5.318,-5.848,0.486
2.00,2728,5.305,5.703,0.264
2.00,2729,-5.318,-5.848,0.486
2.00,2730,5.422,-5.577,0.259
2.00,2731,0.106,8.264,0.270
2.00,2732,3.359,7.474,0.275
2.00,2733,-3.109,7.644,0.436
2.00,2734,5.305,5.703,0.264
2.00,2735,0.106,8.264,0.270
2.00,2736,-5.318,-5.848,0.486
2.00,2737,5.423,-5.577,0.259
2.00,2738,-5.730,5.238,0.248
2.00,2739,8.025,-0.408,0.294
2.00,2740,-7.555,3.121,0.418
2.00,2741,-8.270,0.036,0.442
2.00,2742,0.314,-8.029,0.304
2.00,2743,0.314,-8.029,0.304
2.00,2744,7.348,-3.484,0.291
2.00,2745,-5.730,5.238,0.248
2.00,2746,-7.555,3.121,0.418
2.00,2747,5.305,5.703,0.264
2.00,2748,-8.270,0.036,0.442
2.00,2749,-5.318,-5.848,0.486
2.00,2750,-5.730,5.238,0.248
2.00,2751,-7.555,3.121,0.418
2.00,2752,8.025,-0.408,0.294
2.00,2753,-5.317,-5.848,0.486
2.00,2754,0.314,-8.029,0.304
2.00,2755,3.359,7.474,0.275
2.00,2756,8.025,-0.408,0.294
2.00,2757,0.314,-8.029,0.304
2.00,2758,-7.555,3.121,0.418
2.00,2759,-5.254,-5.893,0.474
2.00,2760,-5.730,5.238,0.248
2.00,2761,0.106,8.264,0.270
2.00,2762,-3.109,7.644,0.436
2.00,2763,0.106,8.264,0.270
2.00,2764,5.422,-5.577,0.259
2.00,2765,5.305,5.703,0.264
2.00,2766,-5.317,-5.848,0.486
2.00,2767,7.348,-3.484,0.291
2.00,2768,8.025,-0.408,0.294
2.00,2769,-5.730,5.238,0.248
2.00,2770,-7.222,-3.357,0.262
2.00,2771,-8.270,0.036,0.442
2.00,2772,-7.555,3.121,0.418
2.00,2773,3.359,7.474,0.275
2.00,2774,-5.318,-5.848,0.486
2.00,2775,3.359,7.474,0.275
2.00,2776,-5.318,-5.848,0.486
2.00,2777,7.371,3.201,0.313
2.00,2778,0.106,8.264,0.270
2.00,2779,5.305,5.703,0.264
2.00,2780,7.371,3.201,0.313
2.00,2781,0.106,8.264,0.270
2.00,2782,-8.270,0.036,0.442
2.00,2783,-5.730,5.238,0.248
2.00,2784,0.106,8.264,0.270
2.00,2785,0.314,-8.029,0.304
2.00,2786,0.106,8.264,0.270
2.00,2787,-5.730,5.238,0.248
2.00,2788,-3.109,7.644,0.436
2.00,2789,-5.318,-5.848,0.486
2.00,2790,5.305,5.703,0.264
2.00,2791,7.371,3.201,0.313
2.00,2792,-3.109,7.644,0.436
2.00,2793,-8.270,0.036,0.442
2.00,2794,5.305,5.703,0.264
2.00,2795,-3.109,7.644,0.436
2.00,2796,-4.884,-6.128,0.434
2.00,2797,8.025,-0.408,0.294
2.00,2798,7.371,3.201,0.313
2.00,2799,7.348,-3.484,0.291
2.00,2800,5.305,5.703,0.264
2.00,2801,-7.555,3.121,0.418
2.00,2802,-8.270,0.036,0.442
2.00,2803,-3.621,-7.011,0.337
2.00,2804,0.106,8.264,0.270
2.00,2805,-5.730,5.238,0.248
2.00,2806,-5.318,-5.848,0.486
2.00,2807,-5.318,-5.848,0.486
2.00,2808,-8.270,0.036,0.442
2.00,2809,0.314,-8.029,0.304
2.00,2810,-8.270,0.036,0.442
2.00,2811,-7.555,3.121,0.418
2.00,2812,-5.318,-5.848,0.486
2.00,2813,0.106,8.264,0.270
2.00,2814,-5.318,-5.848,0.486
2.00,2815,5.305,5.703,0.264
2.00,2816,8.025,-0.408,0.294
2.00,2817,7.371,3.201,0.313
2.00,2818,-7.222,-3.357,0.262
2.00,2819,5.305,5.703,0.264
2.00,2820,-7.222,-3.357,0.262
2.00,2821,5.424,-5.574,0.259
2.00,2822,5.422,-5.577,0.259
2.00,2823,3.359,7.474,0.275
2.00,2824,-5.318,-5.848,0.486
2.00,2825,-5.730,5.238,0.248
2.00,2826,0.314,-8.029,0.304
2.00,2827,7.371,3.201,0.313
2.00,2828,5.422,-5.577,0.259
2.00,2829,7.371,3.201,0.313
2.00,2830,-5.318,-5.848,0.486
2.00,2831,-8.270,0.036,0.442
2.00,2832,-5.318,-5.848,0.486
2.00,2833,-7.555,3.121,0.418
2.00,2834,0.314,-8.029,0.304
2.00,2835,-5.318,-5.848,0.486
2.00,2836,-5.318,-5.848,0.486
2.00,2837,-5.318,-5.848,0.486
2.00,2838,-3.109,7.644,0.436
2.00,2839,-7.222,-3.357,0.262
2.00,2840,-7.222,-3.357,0.262
2.00,2841,5.305,5.703,0.264
2.00,2842,-3.109,7.644,0.436
2.00,2843,-8.270,0.036,0.442
2.00,2844,-8.270,0.036,0.442
2.00,2845,-3.109,7.644,0.436
2.00,2846,-3.109,7.644,0.436
2.00,2847,-5.730,5.238,0.248
2.00,2848,-8.270,0.036,0.442
2.00,2849,-5.318,-5.848,0.486
2.00,2850,5.422,-5.577,0.259
2.00,2851,0.314,-8.029,0.304
2.00,2852,5.305,5.703,0.264
2.00,2853,-3.109,7.644,0.436
2.00,2854,0.106,8.264,0.270
2.00,2855,-5.730,5.238,0.248
2.00,2856,-3.109,7.644,0.436
2.00,2857,5.422,-5.577,0.259
2.00,2858,3.359,7.474,0.275
2.00,2859,-5.318,-5.848,0.486
2.00,2860,-5.318,-5.848,0.486
2.00,2861,0.314,-8.029,0.304
2.00,2862,-5.730,5.238,0.248
2.00,2863,5.305,5.703,0.264
2.00,2864,-5.730,5.238,0.248
2.00,2865,7.371,3.201,0.313
2.00,2866,0.314,-8.029,0.304
2.00,2867,-8.269,0.038,0.442
2.00,2868,7.371,3.201,0.313
2.00,2869,-5.317,-5.848,0.486
2.00,2870,-7.555,3.121,0.418
2.00,2871,-5.318,-5.848,0.486
2.00,2872,8.025,-0.408,0.294
2.00,2873,0.106,8.264,0.270
2.00,2874,-7.555,3.121,0.418
2.00,2875,5.422,-5.577,0.259
2.00,2876,3.480,-7.373,0.245
2.00,2877,-7.555,3.121,0.418
2.00,2878,-5.730,5.238,0.248
2.00,2879,-8.270,0.036,0.442
2.00,2880,3.480,-7.373,0.245
2.00,2881,-7.555,3.121,0.418
2.00,2882,0.106,8.264,0.270
2.00,2883,0.106,8.264,0.270
2.00,2884,-8.270,0.036,0.442
2.00,2885,7.348,-3.484,0.291
2.00,2886,8.025,-0.408,0.294
2.00,2887,5.305,5.703,0.264
2.00,2888,0.106,8.264,0.270
2.00,2889,3.480,-7.373,0.245
2.00,2890,0.314,-8.029,0.304
2.00,2891,-3.407,-7.162,0.323
2.00,2892,-7.555,3.121,0.418
2.00,2893,0.106,8.264,0.270
2.00,2894,0.106,8.264,0.270
2.00,2895,-5.730,5.238,0.248
2.00,2896,7.371,3.201,0.313
2.00,2897,5.305,5.703,0.264
2.00,2898,8.025,-0.408,0.294
2.00,2899,0.314,-8.029,0.304
2.00,2900,5.305,5.703,0.264
2.00,2901,-3.109,7.644,0.436
2.00,2902,-5.730,5.238,0.248
2.00,2903,5.422,-5.577,0.259
2.00,2904,-7.555,3.121,0.418
2.00,2905,5.305,5.703,0.264
2.00,2906,3.480,-7.373,0.245
2.00,2907,0.314,-8.029,0.304
2.00,2908,7.371,3.201,0.313
2.00,2909,-5.318,-5.848,0.486
2.00,2910,-8.270,0.036,0.442
2.00,2911,-5.317,-5.848,0.486
2.00,2912,-7.222,-3.357,0.262
2.00,2913,-7.222,-3.357,0.262
2.00,2914,-7.555,3.121,0.418
2.00,2915,-5.730,5.238,0.248
2.00,2916,3.480,-7.373,0.245
2.00,2917,5.422,-5.577,0.259
2.00,2918,3.359,7.474,0.275
2.00,2919,5.422,-5.577,0.259
2.00,2920,-5.318,-5.848,0.486
2.00,2921,-3.109,7.644,0.436
2.00,2922,0.106,8.264,0.270
2.00,2923,-5.317,-5.848,0.486
2.00,2924,7.348,-3.484,0.291
2.00,2925,-8.270,0.036,0.442
2.00,2926,5.305,5.703,0.264
2.00,2927,-5.730,5.238,0.248
2.00,2928,8.025,-0.408,0.294
2.00,2929,-7.555,3.121,0.418
2.00,2930,-7.555,3.121,0.418
2.00,2931,5.305,5.703,0.264
2.00,2932,0.106,8.264,0.270
2.00,2933,-5.318,-5.848,0.486
2.00,2934,5.422,-5.577,0.259
2.00,2935,8.025,-0.408,0.294
2.00,2936,8.025,-0.408,0.294
2.00,2937,-5.318,-5.848,0.486
2.00,2938,-3.109,7.644,0.436
2.00,2939,-5.317,-5.848,0.486
2.00,2940,-3.109,7.644,0.436
2.00,2941,0.314,-8.029,0.304
2.00,2942,-3.109,7.644,0.436
2.00,2943,-5.318,-5.848,0.486
2.00,2944,0.106,8.264,0.270
2.00,2945,-5.318,-5.848,0.486
2.00,2946,5.305,5.703,0.264
2.00,2947,8.025,-0.408,0.294
2.00,2948,8.025,-0.408,0.294
2.00,2949,0.106,8.264,0.270
2.00,2950,8.025,-0.408,0.294
2.00,2951,-8.270,0.036,0.442
2.00,2952,0.106,8.264,0.270
2.00,2953,-3.109,7.644,0.436
2.00,2954,-8.270,0.036,0.442
2.00,2955,7.371,3.201,0.313
2.00,2956,5.422,-5.577,0.259
2.00,2957,0.106,8.264,0.270
2.00,2958,-5.730,5.238,0.248
2.00,2959,3.359,7.474,0.275
2.00,2960,7.348,-3.484,0.291
2.00,2961,-5.318,-5.848,0.486
2.00,2962,5.422,-5.577,0.259
2.00,2963,5.422,-5.577,0.259
2.00,2964,-5.730,5.238,0.248
2.00,2965,5.305,5.703,0.264
2.00,2966,-8.270,0.036,0.442
2.00,2967,3.359,7.474,0.275
2.00,2968,8.025,-0.408,0.294
2.00,2969,-8.270,0.036,0.442
2.00,2970,0.106,8.264,0.270
2.00,2971,-5.318,-5.848,0.486
2.00,2972,-5.318,-5.848,0.486
2.00,2973,5.422,-5.577,0.259
2.00,2974,-3.109,7.644,0.436
2.00,2975,0.106,8.264,0.270
2.00,2976,-7.222,-3.357,0.262
2.00,2977,-5.730,5.238,0.248
2.00,2978,-7.555,3.121,0.418
2.00,2979,0.314,-8.029,0.304
2.00,2980,5.422,-5.577,0.259
2.00,2981,-7.555,3.121,0.418
2.00,2982,7.348,-3.484,0.291
2.00,2983,-3.109,7.644,0.436
2.00,2984,0.106,8.264,0.270
2.00,2985,8.025,-0.408,0.294
2.00,2986,-5.318,-5.848,0.486
2.00,2987,-8.270,0.036,0.442
2.00,2988,0.106,8.264,0.270
2.00,2989,7.348,-3.484,0.291
2.00,2990,-5.730,5.238,0.248
2.00,2991,5.422,-5.577,0.259
2.00,2992,-7.222,-3.357,0.262
2.00,2993,3.359,7.474,0.275
2.00,2994,0.314,-8.029,0.304
2.00,2995,8.025,-0.408,0.294
2.00,2996,-8.270,0.036,0.442
2.00,2997,-7.555,3.121,0.418
2.00,2998,7.348,-3.484,0.291
2.00,2999,5.423,-5.577,0.259
4.00,0,-8.270,0.036,0.442
4.00,1,7.371,3.201,0.313
4.00,2,5.422,-5.577,0.259
4.00,3,-5.318,-5.848,0.486
4.00,4,5.422,-5.577,0.259
4.00,5,8.025,-0.408,0.294
4.00,6,-5.318,-5.848,0.486
4.00,7,7.371,3.201,0.313
4.00,8,-5.318,-5.848,0.486
4.00,9,-5.318,-5.848,0.486
4.00,10,7.348,-3.484,0.291
4.00,11,-7.222,-3.357,0.262
4.00,12,8.025,-0.408,0.294
4.00,13,5.422,-5.577,0.259
4.00,14,-5.730,5.238,0.248
4.00,15,0.314,-8.029,0.304
4.00,16,7.348,-3.484,0.291
4.00,17,-5.730,5.238,0.248
4.00,18,5.305,5.703,0.264
4.00,19,-8.270,0.036,0.442
4.00,20,-8.270,0.036,0.442
4.00,21,5.305,5.703,0.264
4.00,22,7.371,3.201,0.313
4.00,23,-8.270,0.036,0.442
4.00,24,5.422,-5.577,0.259
4.00,25,-7.222,-3.357,0.262
4.00,26,5.422,-5.577,0.259
4.00,27,-5.730,5.238,0.248
4.00,28,-8.270,0.036,0.442
4.00,29,-3.109,7.644,0.436
4.00,30,5.305,5.703,0.264
4.00,31,5.422,-5.577,0.259
4.00,32,5.305,5.703,0.264
4.00,33,-5.318,-5.848,0.486
4.00,34,-3.109,7.644,0.436
4.00,35,7.348,-3.484,0.291
4.00,36,-5.318,-5.848,0.486
4.00,37,3.480,-7.373,0.245
4.00,38,-5.318,-5.848,0.486
4.00,39,0.314,-8.029,0.304
4.00,40,-5.730,5.238,0.248
4.00,41,-5.730,5.238,0.248
4.00,42,5.305,5.703,0.264
4.00,43,-8.270,0.036,0.442
4.00,44,-5.318,-5.848,0.486
4.00,45,8.025,-0.408,0.294
4.00,46,-7.555,3.121,0.418
4.00,47,-5.318,-5.848,0.486
4.00,48,-5.318,-5.848,0.486
4.00,49,0.314,-8.029,0.304
4.00,50,-5.730,5.238,0.248
4.00,51,-5.730,5.238,0.248
4.00,52,8.025,-0.408,0.294
4.00,53,0.106,8.264,0.270
4.00,54,7.371,3.201,0.313
4.00,55,-7.555,3.121,0.418
4.00,56,8.025,-0.408,0.294
4.00,57,7.348,-3.484,0.291
4.00,58,-5.730,5.238,0.248
4.00,59,7.348,-3.484,0.291
4.00,60,5.305,5.703,0.264
4.00,61,5.422,-5.577,0.259
4.00,62,-8.270,0.036,0.442
4.00,63,-5.318,-5.848,0.486
4.00,64,-5.730,5.238,0.248
4.00,65,7.348,-3.484,0.291
4.00,66,0.106,8.264,0.270
4.00,67,-5.318,-5.848,0.486
4.00,68,3.359,7.474,0.275
4.00,69,-8.270,0.036,0.442
4.00,70,5.423,-5.575,0.259
4.00,71,0.106,8.264,0.270
4.00,72,-7.222,-3.357,0.262
4.00,73,-5.318,-5.848,0.486
4.00,74,-5.318,-5.848,0.486
4.00,75,-5.318,-5.848,0.486
4.00,76,0.106,8.264,0.270
4.00,77,-8.270,0.036,0.442
4.00,78,-5.730,5.238,0.248
4.00,79,-7.555,3.121,0.418
4.00,80,-8.270,0.036,0.442
4.00,81,5.422,-5.577,0.259
4.00,82,0.314,-8.029,0.304
4.00,83,-7.555,3.121,0.418
4.00,84,0.106,8.264,0.270
4.00,85,7.371,3.201,0.313
4.00,86,8.025,-0.408,0.294
4.00,87,5.305,5.703,0.264
4.00,88,-7.555,3.121,0.418
4.00,89,3.359,7.474,0.275
4.00,90,8.025,-0.408,0.294
4.00,91,-8.270,0.036,0.442
4.00,92,0.314,-8.029,0.304
4.00,93,3.359,7.474,0.275
4.00,94,-3.109,7.644,0.436
4.00,95,-5.318,-5.848,0.486
4.00,96,-8.270,0.036,0.442
4.00,97,7.371,3.201,0.313
4.00,98,-5.318,-5.848,0.486
4.00,99,-3.109,7.644,0.436
4.00,100,-5.730,5.238,0.248
4.00,101,-7.555,3.121,0.418
4.00,102,-3.109,7.644,0.436
4.00,103,7.371,3.201,0.313
4.00,104,-8.270,0.036,0.442
4.00,105,-5.318,-5.848,0.486
4.00,106,-3.109,7.644,0.436
4.00,107,-5.730,5.238,0.248
4.00,108,5.422,-5.577,0.259
4.00,109,0.314,-8.029,0.304
4.00,110,-3.109,7.644,0.436
4.00,111,-3.109,7.644,0.436
4.00,112,3.359,7.474,0.275
4.00,113,5.422,-5.577,0.259
4.00,114,-5.318,-5.848,0.486
4.00,115,-3.109,7.644,0.436
4.00,116,7.371,3.201,0.313
4.00,117,-8.270,0.036,0.442
4.00,118,3.359,7.474,0.275
4.00,119,3.359,7.474,0.275
4.00,120,-5.730,5.238,0.248
4.00,121,-5.318,-5.848,0.486
4.00,122,-8.270,0.036,0.442
4.00,123,-8.270,0.036,0.442
4.00,124,8.025,-0.408,0.294
4.00,125,5.305,5.703,0.264
4.00,126,-3.109,7.644,0.436
4.00,127,-5.730,5.238,0.248
4.00,128,5.422,-5.577,0.259
4.00,129,-8.270,0.036,0.442
4.00,130,5.305,5.703,0.264
4.00,131,7.348,-3.484,0.291
4.00,132,-5.730,5.238,0.248
4.00,133,-5.730,5.238,0.248
4.00,134,5.305,5.703,0.264
4.00,135,0.314,-8.029,0.304
4.00,136,-5.730,5.238,0.248
4.00,137,5.305,5.703,0.264
4.00,138,3.480,-7.373,0.245
4.00,139,0.314,-8.029,0.304
4.00,140,3.359,7.474,0.275
4.00,141,-5.318,-5.848,0.486
4.00,142,-5.318,-5.848,0.486
4.00,143,-7.555,3.121,0.418
4.00,144,5.422,-5.577,0.259
4.00,145,5.305,5.703,0.264
4.00,146,-5.318,-5.848,0.486
4.00,147,-8.270,0.036,0.442
4.00,148,-8.270,0.036,0.442
4.00,149,-5.318,-5.848,0.486
4.00,150,5.422,-5.577,0.259
4.00,151,5.305,5.703,0.264
4.00,152,7.348,-3.484,0.291
4.00,153,-7.222,-3.357,0.262
4.00,154,-5.730,5.238,0.248
4.00,155,-5.318,-5.848,0.486
4.00,156,7.348,-3.484,0.291
4.00,157,5.305,5.703,0.264
4.00,158,-7.222,-3.357,0.262
4.00,159,0.106,8.264,0.270
4.00,160,-5.318,-5.848,0.486
4.00,161,-5.730,5.238,0.248
4.00,162,-7.555,3.121,0.418
4.00,163,-8.270,0.036,0.442
4.00,164,3.480,-7.373,0.245
4.00,165,3.359,7.474,0.275
4.00,166,5.305,5.703,0.264
4.00,167,-5.318,-5.848,0.486
4.00,168,-8.270,0.036,0.442
4.00,169,-5.318,-5.848,0.486
4.00,170,0.106,8.264,0.270
4.00,171,3.359,7.474,0.275
4.00,172,-8.270,0.036,0.442
4.00,173,-5.318,-5.848,0.486
4.00,174,-3.109,7.644,0.436
4.00,175,-5.318,-5.848,0.486
4.00,176,8.025,-0.408,0.294
4.00,177,5.305,5.703,0.264
4.00,178,0.314,-8.029,0.304
4.00,179,0.106,8.264,0.270
4.00,180,-5.318,-5.848,0.486
4.00,181,5.305,5.703,0.264
4.00,182,-7.555,3.121,0.418
4.00,183,0.314,-8.029,0.304
4.00,184,-7.222,-3.357,0.262
4.00,185,5.422,-5.577,0.259
4.00,186,8.025,-0.408,0.294
4.00,187,-7.222,-3.357,0.262
4.00,188,5.305,5.703,0.264
4.00,189,5.305,5.703,0.264
4.00,190,-5.730,5.238,0.248
4.00,191,-8.270,0.036,0.442
4.00,192,-3.109,7.644,0.436
4.00,193,0.106,8.264,0.270
4.00,194,0.314,-8.029,0.304
4.00,195,-5.730,5.238,0.248
4.00,196,-8.270,0.036,0.442
4.00,197,-5.730,5.238,0.248
4.00,198,-5.730,5.238,0.248
4.00,199,-5.318,-5.848,0.486
4.00,200,7.348,-3.484,0.291
4.00,201,-3.109,7.644,0.436
4.00,202,7.348,-3.484,0.291
4.00,203,-8.270,0.036,0.442
4.00,204,0.314,-8.029,0.304
4.00,205,-8.270,0.036,0.442
4.00,206,5.305,5.703,0.264
4.00,207,-5.318,-5.848,0.486
4.00,208,-7.555,3.121,0.418
4.00,209,5.305,5.703,0.264
4.00,210,-8.270,0.036,0.442
4.00,211,0.314,-8.029,0.304
4.00,212,5.305,5.703,0.264
4.00,213,-5.318,-5.848,0.486
4.00,214,7.348,-3.484,0.291
4.00,215,0.314,-8.029,0.304
4.00,216,0.106,8.264,0.270
4.00,217,-5.318,-5.848,0.486
4.00,218,-5.318,-5.848,0.486
4.00,219,0.106,8.264,0.270
4.00,220,-5.318,-5.848,0.486
4.00,221,0.314,-8.029,0.304
4.00,222,-7.222,-3.357,0.262
4.00,223,-7.555,3.121,0.418
4.00,224,-5.318,-5.848,0.486
4.00,225,-7.222,-3.357,0.262
4.00,226,0.314,-8.029,0.304
4.00,227,-3.109,7.644,0.436
4.00,228,-7.555,3.121,0.418
4.00,229,-8.270,0.036,0.442
4.00,230,-3.109,7.644,0.436
4.00,231,-3.109,7.644,0.436
4.00,232,5.305,5.703,0.264
4.00,233,-5.318,-5.848,0.486
4.00,234,0.314,-8.029,0.304
4.00,235,-3.109,7.644,0.436
4.00,236,-5.730,5.238,0.248
4.00,237,0.106,8.264,0.270
4.00,238,-3.109,7.644,0.436
4.00,239,5.305,5.703,0.264
4.00,240,-8.270,0.036,0.442
4.00,241,-5.318,-5.848,0.486
4.00,242,8.025,-0.408,0.294
4.00,243,-5.730,5.238,0.248
4.00,244,3.480,-7.373,0.245
4.00,245,7.371,3.201,0.313
4.00,246,-7.222,-3.357,0.262
4.00,247,7.371,3.201,0.313
4.00,248,-3.109,7.644,0.436
4.00,249,5.305,5.703,0.264
4.00,250,-5.730,5.238,0.248
4.00,251,7.371,3.201,0.313
4.00,252,5.305,5.703,0.264
4.00,253,-5.318,-5.848,0.486
4.00,254,5.305,5.703,0.264
4.00,255,-5.318,-5.848,0.486
4.00,256,3.359,7.474,0.275
4.00,257,5.305,5.703,0.264
4.00,258,5.422,-5.577,0.259
4.00,259,-5.318,-5.848,0.486
4.00,260,0.314,-8.029,0.304
4.00,261,8.025,-0.408,0.294
4.00,262,8.025,-0.408,0.294
4.00,263,-5.318,-5.848,0.486
4.00,264,7.371,3.201,0.313
4.00,265,8.025,-0.408,0.294
4.00,266,0.106,8.264,0.270
4.00,267,-5.318,-5.848,0.486
4.00,268,-8.270,0.036,0.442
4.00,269,0.106,8.264,0.270
4.00,270,0.314,-8.029,0.304
4.00,271,5.305,5.703,0.264
4.00,272,-5.730,5.238,0.248
4.00,273,-5.318,-5.848,0.486
4.00,274,5.422,-5.577,0.259
4.00,275,8.025,-0.408,0.294
4.00,276,8.025,-0.408,0.294
4.00,277,5.422,-5.577,0.259
4.00,278,-5.730,5.238,0.248
4.00,279,-8.270,0.036,0.442
4.00,280,8.025,-0.408,0.294
4.00,281,-8.270,0.036,0.442
4.00,282,-8.270,0.036,0.442
4.00,283,-5.730,5.238,0.248
4.00,284,3.359,7.474,0.275
4.00,285,-8.270,0.036,0.442
4.00,286,-5.318,-5.848,0.486
4.00,287,3.480,-7.373,0.245
4.00,288,7.348,-3.484,0.291
4.00,289,0.106,8.264,0.270
4.00,290,-5.318,-5.848,0.486
4.00,291,-5.730,5.238,0.248
4.00,292,-5.318,-5.848,0.486
4.00,293,-5.730,5.238,0.248
4.00,294,-5.318,-5.848,0.486
4.00,295,0.106,8.264,0.270
4.00,296,-5.730,5.238,0.248
4.00,297,3.359,7.474,0.275
4.00,298,-5.318,-5.848,0.486
4.00,299,8.025,-0.408,0.294
4.00,300,-5.318,-5.848,0.486
4.00,301,5.305,5.703,0.264
4.00,302,0.106,8.264,0.270
4.00,303,-3.109,7.644,0.436
4.00,304,8.025,-0.408,0.294
4.00,305,-7.555,3.121,0.418
4.00,306,7.348,-3.484,0.291
4.00,307,-5.318,-5.848,0.486
4.00,308,-5.318,-5.848,0.486
4.00,309,-5.730,5.238,0.248
4.00,310,-7.222,-3.357,0.262
4.00,311,-7.222,-3.357,0.262
4.00,312,-5.318,-5.848,0.486
4.00,313,0.314,-8.029,0.304
4.00,314,7.348,-3.484,0.291
4.00,315,7.371,3.201,0.313
4.00,316,3.480,-7.373,0.245
4.00,317,8.025,-0.408,0.294
4.00,318,3.480,-7.373,0.245
4.00,319,0.314,-8.029,0.304
4.00,320,5.305,5.703,0.264
4.00,321,5.305,5.703,0.264
4.00,322,-5.318,-5.848,0.486
4.00,323,-5.318,-5.848,0.486
4.00,324,8.025,-0.408,0.294
4.00,325,-5.318,-5.848,0.486
4.00,326,0.106,8.264,0.270
4.00,327,-3.109,7.644,0.436
4.00,328,5.305,5.703,0.264
4.00,329,-5.730,5.238,0.248
4.00,330,7.348,-3.484,0.291
4.00,331,7.371,3.201,0.313
4.00,332,5.422,-5.577,0.259
4.00,333,-5.318,-5.848,0.486
4.00,334,-5.318,-5.848,0.486
4.00,335,8.025,-0.408,0.294
4.00,336,5.422,-5.577,0.259
4.00,337,-5.318,-5.848,0.486
4.00,338,5.305,5.703,0.264
4.00,339,-5.730,5.238,0.248
4.00,340,-5.730,5.238,0.248
4.00,341,7.371,3.201,0.313
4.00,342,-3.109,7.644,0.436
4.00,343,5.422,-5.577,0.259
4.00,344,7.371,3.201,0.313
4.00,345,-5.318,-5.848,0.486
4.00,346,0.314,-8.029,0.304
4.00,347,8.025,-0.408,0.294
4.00,348,0.106,8.264,0.270
4.00,349,-8.270,0.036,0.442
4.00,350,0.106,8.264,0.270
4.00,351,7.371,3.201,0.313
4.00,352,-5.730,5.238,0.248
4.00,353,8.025,-0.408,0.294
4.00,354,8.025,-0.408,0.294
4.00,355,7.371,3.201,0.313
4.00,356,-7.555,3.121,0.418
4.00,357,5.305,5.703,0.264
4.00,358,5.305,5.703,0.264
4.00,359,-5.318,-5.848,0.486
4.00,360,-3.109,7.644,0.436
4.00,361,-5.730,5.238,0.248
4.00,362,5.422,-5.577,0.259
4.00,363,7.371,3.201,0.313
4.00,364,-8.270,0.036,0.442
4.00,365,-5.318,-5.848,0.486
4.00,366,7.348,-3.484,0.291
4.00,367,0.314,-8.029,0.304
4.00,368,-5.318,-5.848,0.486
4.00,369,-7.555,3.121,0.418
4.00,370,-8.270,0.036,0.442
4.00,371,5.305,5.703,0.264
4.00,372,8.025,-0.408,0.294
4.00,373,-8.270,0.036,0.442
4.00,374,-5.318,-5.848,0.486
4.00,375,-7.222,-3.357,0.262
4.00,376,7.371,3.201,0.313
4.00,377,7.371,3.201,0.313
4.00,378,-5.318,-5.848,0.486
4.00,379,8.025,-0.408,0.294
4.00,380,5.305,5.703,0.264
4.00,381,-3.109,7.644,0.436
4.00,382,-5.318,-5.848,0.486
4.00,383,5.422,-5.577,0.259
4.00,384,5.305,5.703,0.264
4.00,385,7.371,3.201,0.313
4.00,386,5.305,5.703,0.264
4.00,387,-8.270,0.036,0.442
4.00,388,-7.222,-3.357,0.262
4.00,389,-5.318,-5.848,0.486
4.00,390,5.305,5.703,0.264
4.00,391,-5.730,5.238,0.248
4.00,392,0.314,-8.029,0.304
4.00,393,-5.730,5.238,0.248
4.00,394,-8.270,0.036,0.442
4.00,395,-8.270,0.036,0.442
4.00,396,-3.109,7.644,0.436
4.00,397,3.359,7.474,0.275
4.00,398,5.422,-5.577,0.259
4.00,399,-5.318,-5.848,0.486
4.00,400,3.359,7.474,0.275
4.00,401,-5.318,-5.848,0.486
4.00,402,0.314,-8.029,0.304
4.00,403,5.305,5.703,0.264
4.00,404,-5.730,5.238,0.248
4.00,405,5.422,-5.577,0.259
4.00,406,-5.730,5.238,0.248
4.00,407,5.305,5.703,0.264
4.00,408,-5.730,5.238,0.248
4.00,409,-5.318,-5.848,0.486
4.00,410,7.371,3.201,0.313
4.00,411,-8.270,0.036,0.442
4.00,412,-5.318,-5.848,0.486
4.00,413,-5.318,-5.848,0.486
4.00,414,-5.318,-5.848,0.486
4.00,415,0.314,-8.029,0.304
4.00,416,5.422,-5.577,0.259
4.00,417,-5.730,5.238,0.248
4.00,418,5.422,-5.577,0.259
4.00,419,5.305,5.703,0.264
4.00,420,-5.318,-5.848,0.486
4.00,421,0.106,8.264,0.270
4.00,422,-3.109,7.644,0.436
4.00,423,-5.318,-5.848,0.486
4.00,424,3.359,7.474,0.275
4.00,425,-7.555,3.121,0.418
4.00,426,-5.318,-5.848,0.486
4.00,427,-8.270,0.036,0.442
4.00,428,8.025,-0.408,0.294
4.00,429,7.371,3.201,0.313
4.00,430,8.025,-0.408,0.294
4.00,431,5.305,5.703,0.264
4.00,432,-8.270,0.036,0.442
4.00,433,7.371,3.201,0.313
4.00,434,-8.270,0.036,0.442
4.00,435,5.305,5.703,0.264
4.00,436,8.025,-0.408,0.294
4.00,437,-5.318,-5.848,0.486
4.00,438,-5.318,-5.848,0.486
4.00,439,-7.555,3.121,0.418
4.00,440,7.371,3.201,0.313
4.00,441,-5.318,-5.848,0.486
4.00,442,-5.318,-5.848,0.486
4.00,443,3.359,7.474,0.275
4.00,444,-3.109,7.644,0.436
4.00,445,-3.109,7.644,0.436
4.00,446,0.314,-8.029,0.304
4.00,447,5.305,5.703,0.264
4.00,448,-7.555,3.121,0.418
4.00,449,-5.318,-5.848,0.486
4.00,450,-5.730,5.238,0.248
4.00,451,0.314,-8.029,0.304
4.00,452,0.106,8.264,0.270
4.00,453,-3.109,7.644,0.436
4.00,454,5.305,5.703,0.264
4.00,455,-8.270,0.036,0.442
4.00,456,-7.555,3.121,0.418
4.00,457,7.371,3.201,0.313
4.00,458,-5.730,5.238,0.248
4.00,459,3.359,7.474,0.275
4.00,460,-5.318,-5.848,0.486
4.00,461,-8.270,0.036,0.442
4.00,462,-5.318,-5.848,0.486
4.00,463,7.348,-3.484,0.291
4.00,464,-5.730,5.238,0.248
4.00,465,5.305,5.703,0.264
4.00,466,3.359,7.474,0.275
4.00,467,-3.109,7.644,0.436
4.00,468,-7.555,3.121,0.418
4.00,469,8.025,-0.408,0.294
4.00,470,8.025,-0.408,0.294
4.00,471,-5.318,-5.848,0.486
4.00,472,8.025,-0.408,0.294
4.00,473,-5.730,5.238,0.248
4.00,474,-8.270,0.036,0.442
4.00,475,-5.318,-5.848,0.486
4.00,476,0.314,-8.029,0.304
4.00,477,7.371,3.201,0.313
4.00,478,8.025,-0.408,0.294
4.00,479,5.305,5.703,0.264
4.00,480,-5.730,5.238,0.248
4.00,481,-5.730,5.238,0.248
4.00,482,-5.318,-5.848,0.486
4.00,483,0.314,-8.029,0.304
4.00,484,-5.318,-5.848,0.486
4.00,485,0.106,8.264,0.270
4.00,486,5.305,5.703,0.264
4.00,487,5.305,5.703,0.264
4.00,488,-7.555,3.121,0.418
4.00,489,0.106,8.264,0.270
4.00,490,-5.318,-5.848,0.486
4.00,491,-5.318,-5.848,0.486
4.00,492,-7.555,3.121,0.418
4.00,493,5.305,5.703,0.264
4.00,494,8.025,-0.408,0.294
4.00,495,0.106,8.264,0.270
4.00,496,-7.222,-3.357,0.262
4.00,497,5.305,5.703,0.264
4.00,498,-5.730,5.238,0.248
4.00,499,0.314,-8.029,0.304
4.00,500,-7.555,3.121,0.418
4.00,501,5.305,5.703,0.264
4.00,502,-3.109,7.644,0.436
4.00,503,5.422,-5.577,0.259
4.00,504,-3.109,7.644,0.436
4.00,505,5.422,-5.577,0.259
4.00,506,-5.318,-5.848,0.486
4.00,507,0.314,-8.029,0.304
4.00,508,-3.109,7.644,0.436
4.00,509,5.422,-5.577,0.259
4.00,510,5.305,5.703,0.264
4.00,511,-5.730,5.238,0.248
4.00,512,-8.270,0.036,0.442
4.00,513,-8.270,0.036,0.442
4.00,514,5.305,5.703,0.264
4.00,515,-5.318,-5.848,0.486
4.00,516,-5.318,-5.848,0.486
4.00,517,0.314,-8.029,0.304
4.00,518,-3.109,7.644,0.436
4.00,519,-5.318,-5.848,0.486
4.00,520,-5.318,-5.848,0.486
4.00,521,7.348,-3.484,0.291
4.00,522,-5.318,-5.848,0.486
4.00,523,-3.109,7.644,0.436
4.00,524,8.025,-0.408,0.294
4.00,525,-8.270,0.036,0.442
4.00,526,-5.318,-5.848,0.486
4.00,527,5.305,5.703,0.264
4.00,528,-5.318,-5.848,0.486
4.00,529,7.348,-3.484,0.291
4.00,530,-5.318,-5.848,0.486
4.00,531,7.371,3.201,0.313
4.00,532,5.422,-5.577,0.259
4.00,533,-5.730,5.238,0.248
4.00,534,8.025,-0.408,0.294
4.00,535,5.422,-5.577,0.259
4.00,536,-5.318,-5.848,0.486
4.00,537,8.025,-0.408,0.294
4.00,538,-5.730,5.238,0.248
4.00,539,7.371,3.201,0.313
4.00,540,-8.270,0.036,0.442
4.00,541,-5.730,5.238,0.248
4.00,542,7.371,3.201,0.313
4.00,543,7.348,-3.484,0.291
4.00,544,-7.222,-3.357,0.262
4.00,545,-8.270,0.036,0.442
4.00,546,0.314,-8.029,0.304
4.00,547,3.480,-7.373,0.245
4.00,548,-5.318,-5.848,0.486
4.00,549,-5.730,5.238,0.248
4.00,550,0.314,-8.029,0.304
4.00,551,0.106,8.264,0.270
4.00,552,3.480,-7.373,0.245
4.00,553,5.422,-5.577,0.259
4.00,554,-8.270,0.036,0.442
4.00,555,-7.555,3.121,0.418
4.00,556,0.314,-8.029,0.304
4.00,557,-7.555,3.121,0.418
4.00,558,3.359,7.474,0.275
4.00,559,0.314,-8.029,0.304
4.00,560,-8.270,0.036,0.442
4.00,561,-5.318,-5.848,0.486
4.00,562,5.422,-5.577,0.259
4.00,563,8.025,-0.408,0.294
4.00,564,7.348,-3.484,0.291
4.00,565,0.314,-8.029,0.304
4.00,566,-5.318,-5.848,0.486
4.00,567,8.025,-0.408,0.294
4.00,568,5.422,-5.577,0.259
4.00,569,5.305,5.703,0.264
4.00,570,-8.270,0.036,0.442
4.00,571,-5.318,-5.848,0.486
4.00,572,5.305,5.703,0.264
4.00,573,5.305,5.703,0.264
4.00,574,0.314,-8.029,0.304
4.00,575,5.305,5.703,0.264
4.00,576,-8.270,0.036,0.442
4.00,577,-8.270,0.036,0.442
4.00,578,0.314,-8.029,0.304
4.00,579,8.025,-0.408,0.294
4.00,580,-8.270,0.036,0.442
4.00,581,0.106,8.264,0.270
4.00,582,3.359,7.474,0.275
4.00,583,5.305,5.703,0.264
4.00,584,-5.318,-5.848,0.486
4.00,585,5.422,-5.577,0.259
4.00,586,-5.318,-5.848,0.486
4.00,587,0.314,-8.029,0.304
4.00,588,0.314,-8.029,0.304
4.00,589,-8.270,0.036,0.442
4.00,590,-5.318,-5.848,0.486
4.00,591,5.422,-5.577,0.259
4.00,592,5.305,5.703,0.264
4.00,593,-5.730,5.238,0.248
4.00,594,0.106,8.264,0.270
4.00,595,-8.270,0.036,0.442
4.00,596,0.314,-8.029,0.304
4.00,597,0.106,8.264,0.270
4.00,598,-7.222,-3.357,0.262
4.00,599,-5.318,-5.848,0.486
4.00,600,-7.222,-3.357,0.262
4.00,601,5.305,5.703,0.264
4.00,602,5.422,-5.577,0.259
4.00,603,0.314,-8.029,0.304
4.00,604,-8.270,0.036,0.442
4.00,605,-8.270,0.036,0.442
4.00,606,-5.730,5.238,0.248
4.00,607,-3.109,7.644,0.436
4.00,608,-5.730,5.238,0.248
4.00,609,-7.222,-3.357,0.262
4.00,610,-8.270,0.036,0.442
4.00,611,8.025,-0.408,0.294
4.00,612,5.422,-5.577,0.259
4.00,613,-5.730,5.238,0.248
4.00,614,8.025,-0.408,0.294
4.00,615,-3.109,7.644,0.436
4.00,616,-3.109,7.644,0.436
4.00,617,5.305,5.703,0.264
4.00,618,-8.270,0.036,0.442
4.00,619,5.305,5.703,0.264
4.00,620,-5.318,-5.848,0.486
4.00,621,-8.270,0.036,0.442
4.00,622,-8.270,0.036,0.442
4.00,623,-5.730,5.238,0.248
4.00,624,5.422,-5.577,0.259
4.00,625,-5.730,5.238,0.248
4.00,626,-5.730,5.238,0.248
4.00,627,5.422,-5.577,0.259
4.00,628,-7.555,3.121,0.418
4.00,629,-5.318,-5.848,0.486
4.00,630,3.480,-7.373,0.245
4.00,631,5.305,5.703,0.264
4.00,632,-5.730,5.238,0.248
4.00,633,-8.270,0.036,0.442
4.00,634,-5.730,5.238,0.248
4.00,635,7.371,3.201,0.313
4.00,636,-5.318,-5.848,0.486
4.00,637,-8.270,0.036,0.442
4.00,638,5.305,5.703,0.264
4.00,639,-5.730,5.238,0.248
4.00,640,-5.318,-5.848,0.486
4.00,641,5.305,5.703,0.264
4.00,642,8.025,-0.408,0.294
4.00,643,-3.109,7.644,0.436
4.00,644,3.359,7.474,0.275
4.00,645,5.422,-5.577,0.259
4.00,646,-5.318,-5.848,0.486
4.00,647,5.305,5.703,0.264
4.00,648,5.305,5.703,0.264
4.00,649,7.348,-3.484,0.291
4.00,650,-8.270,0.036,0.442
4.00,651,-7.555,3.121,0.418
4.00,652,5.422,-5.577,0.259
4.00,653,5.422,-5.577,0.259
4.00,654,-8.270,0.036,0.442
4.00,655,7.348,-3.484,0.291
4.00,656,0.314,-8.029,0.304
4.00,657,-8.270,0.036,0.442
4.00,658,-5.318,-5.848,0.486
4.00,659,0.106,8.264,0.270
4.00,660,7.348,-3.484,0.291
4.00,661,3.359,7.474,0.275
4.00,662,5.422,-5.577,0.259
4.00,663,0.314,-8.029,0.304
4.00,664,8.025,-0.408,0.294
4.00,665,-5.730,5.238,0.248
4.00,666,-7.222,-3.357,0.262
4.00,667,-3.109,7.644,0.436
4.00,668,3.359,7.474,0.275
4.00,669,-5.730,5.238,0.248
4.00,670,-5.318,-5.848,0.486
4.00,671,-5.730,5.238,0.248
4.00,672,5.305,5.703,0.264
4.00,673,7.371,3.201,0.313
4.00,674,5.305,5.703,0.264
4.00,675,0.314,-8.029,0.304
4.00,676,8.025,-0.408,0.294
4.00,677,5.422,-5.577,0.259
4.00,678,-3.109,7.644,0.436
4.00,679,0.106,8.264,0.270
4.00,680,-5.318,-5.848,0.486
4.00,681,5.305,5.703,0.264
4.00,682,-3.109,7.644,0.436
4.00,683,5.305,5.703,0.264
4.00,684,5.422,-5.577,0.259
4.00,685,-8.270,0.036,0.442
4.00,686,7.371,3.201,0.313
4.00,687,5.305,5.703,0.264
4.00,688,-7.222,-3.357,0.262
4.00,689,8.025,-0.408,0.294
4.00,690,-5.318,-5.848,0.486
4.00,691,5.422,-5.577,0.259
4.00,692,-8.270,0.036,0.442
4.00,693,5.305,5.703,0.264
4.00,694,-3.109,7.644,0.436
4.00,695,-5.730,5.238,0.248
4.00,696,-8.270,0.036,0.442
4.00,697,0.314,-8.029,0.304
4.00,698,-5.318,-5.848,0.486
4.00,699,5.422,-5.577,0.259
4.00,700,-7.555,3.121,0.418
4.00,701,5.422,-5.577,0.259
4.00,702,-5.730,5.238,0.248
4.00,703,-3.109,7.644,0.436
4.00,704,-3.109,7.644,0.436
4.00,705,3.359,7.474,0.275
4.00,706,7.371,3.201,0.313
4.00,707,5.305,5.703,0.264
4.00,708,8.025,-0.408,0.294
4.00,709,-5.730,5.238,0.248
4.00,710,0.314,-8.029,0.304
4.00,711,0.106,8.264,0.270
4.00,712,-5.730,5.238,0.248
4.00,713,-5.730,5.238,0.248
4.00,714,5.422,-5.577,0.259
4.00,715,-5.318,-5.848,0.486
4.00,716,-7.555,3.121,0.418
4.00,717,5.422,-5.577,0.259
4.00,718,0.314,-8.029,0.304
4.00,719,3.480,-7.373,0.245
4.00,720,0.106,8.264,0.270
4.00,721,-5.730,5.238,0.248
4.00,722,3.359,7.474,0.275
4.00,723,0.314,-8.029,0.304
4.00,724,7.348,-3.484,0.291
4.00,725,-8.270,0.036,0.442
4.00,726,8.025,-0.408,0.294
4.00,727,0.314,-8.029,0.304
4.00,728,-5.318,-5.848,0.486
4.00,729,-5.730,5.238,0.248
4.00,730,-3.109,7.644,0.436
4.00,731,-8.270,0.036,0.442
4.00,732,0.314,-8.029,0.304
4.00,733,-5.318,-5.848,0.486
4.00,734,0.106,8.264,0.270
4.00,735,5.422,-5.577,0.259
4.00,736,-5.318,-5.848,0.486
4.00,737,8.025,-0.408,0.294
4.00,738,-5.318,-5.848,0.486
4.00,739,-7.555,3.121,0.418
4.00,740,-8.270,0.036,0.442
4.00,741,0.314,-8.029,0.304
4.00,742,7.348,-3.484,0.291
4.00,743,0.314,-8.029,0.304
4.00,744,-5.318,-5.848,0.486
4.00,745,-3.109,7.644,0.436
4.00,746,-8.270,0.036,0.442
4.00,747,7.348,-3.484,0.291
4.00,748,-8.270,0.036,0.442
4.00,749,-3.109,7.644,0.436
4.00,750,0.314,-8.029,0.304
4.00,751,8.025,-0.408,0.294
4.00,752,0.314,-8.029,0.304
4.00,753,7.348,-3.484,0.291
4.00,754,0.314,-8.029,0.304
4.00,755,8.025,-0.408,0.294
4.00,756,0.314,-8.029,0.304
4.00,757,-7.555,3.121,0.418
4.00,758,3.359,7.474,0.275
4.00,759,0.106,8.264,0.270
4.00,760,-5.730,5.238,0.248
4.00,761,-5.318,-5.848,0.486
4.00,762,5.305,5.703,0.264
4.00,763,-5.318,-5.848,0.486
4.00,764,-5.318,-5.848,0.486
4.00,765,5.422,-5.577,0.259
4.00,766,7.348,-3.484,0.291
4.00,767,7.371,3.201,0.313
4.00,768,8.025,-0.408,0.294
4.00,769,7.371,3.201,0.313
4.00,770,-5.318,-5.848,0.486
4.00,771,7.371,3.201,0.313
4.00,772,0.314,-8.029,0.304
4.00,773,5.422,-5.577,0.259
4.00,774,-5.318,-5.848,0.486
4.00,775,5.305,5.703,0.264
4.00,776,-7.555,3.121,0.418
4.00,777,-5.318,-5.848,0.486
4.00,778,0.106,8.264,0.270
4.00,779,-5.318,-5.848,0.486
4.00,780,-5.730,5.238,0.248
4.00,781,3.359,7.474,0.275
4.00,782,5.422,-5.577,0.259
4.00,783,5.305,5.703,0.264
4.00,784,0.106,8.264,0.270
4.00,785,-5.318,-5.848,0.486
4.00,786,0.314,-8.029,0.304
4.00,787,-5.730,5.238,0.248
4.00,788,5.422,-5.577,0.259
4.00,789,8.025,-0.408,0.294
4.00,790,7.348,-3.484,0.291
4.00,791,3.480,-7.373,0.245
4.00,792,-5.318,-5.848,0.486
4.00,793,-8.270,0.036,0.442
4.00,794,-8.270,0.036,0.442
4.00,795,5.422,-5.577,0.259
4.00,796,5.305,5.703,0.264
4.00,797,5.422,-5.577,0.259
4.00,798,-3.109,7.644,0.436
4.00,799,-8.270,0.036,0.442
4.00,800,5.305,5.703,0.264
4.00,801,0.314,-8.029,0.304
4.00,802,-5.318,-5.848,0.486
4.00,803,3.480,-7.373,0.245
4.00,804,-7.555,3.121,0.418
4.00,805,7.371,3.201,0.313
4.00,806,5.422,-5.577,0.259
4.00,807,-5.318,-5.848,0.486
4.00,808,-5.730,5.238,0.248
4.00,809,-3.109,7.644,0.436
4.00,810,-5.730,5.238,0.248
4.00,811,-7.222,-3.357,0.262
4.00,812,5.305,5.703,0.264
4.00,813,-5.318,-5.848,0.486
4.00,814,0.106,8.264,0.270
4.00,815,8.025,-0.408,0.294
4.00,816,5.305,5.703,0.264
4.00,817,-5.318,-5.848,0.486
4.00,818,-8.270,0.036,0.442
4.00,819,7.371,3.201,0.313
4.00,820,0.106,8.264,0.270
4.00,821,-3.109,7.644,0.436
4.00,822,-8.270,0.036,0.442
4.00,823,-3.109,7.644,0.436
4.00,824,-5.318,-5.848,0.486
4.00,825,-5.730,5.238,0.248
4.00,826,7.348,-3.484,0.291
4.00,827,7.348,-3.484,0.291
4.00,828,-5.730,5.238,0.248
4.00,829,5.305,5.703,0.264
4.00,830,8.025,-0.408,0.294
4.00,831,3.359,7.474,0.275
4.00,832,5.305,5.703,0.264
4.00,833,0.106,8.264,0.270
4.00,834,7.371,3.201,0.313
4.00,835,3.359,7.474,0.275
4.00,836,8.025,-0.408,0.294
4.00,837,0.314,-8.029,0.304
4.00,838,-5.730,5.238,0.248
4.00,839,3.359,7.474,0.275
4.00,840,0.314,-8.029,0.304
4.00,841,-3.109,7.644,0.436
4.00,842,7.371,3.201,0.313
4.00,843,3.359,7.474,0.275
4.00,844,5.305,5.703,0.264
4.00,845,-5.318,-5.848,0.486
4.00,846,7.371,3.201,0.313
4.00,847,5.305,5.703,0.264
4.00,848,-5.730,5.238,0.248
4.00,849,-3.109,7.644,0.436
4.00,850,-5.730,5.238,0.248
4.00,851,-7.555,3.121,0.418
4.00,852,3.359,7.474,0.275
4.00,853,-5.318,-5.848,0.486
4.00,854,-8.270,0.036,0.442
4.00,855,3.480,-7.373,0.245
4.00,856,5.305,5.703,0.264
4.00,857,7.348,-3.484,0.291
4.00,858,-8.270,0.036,0.442
4.00,859,-3.109,7.644,0.436
4.00,860,-8.270,0.036,0.442
4.00,861,-8.270,0.036,0.442
4.00,862,-3.109,7.644,0.436
4.00,863,-7.555,3.121,0.418
4.00,864,-7.222,-3.357,0.262
4.00,865,-5.730,5.238,0.248
4.00,866,3.359,7.474,0.275
4.00,867,-5.318,-5.848,0.486
4.00,868,5.422,-5.577,0.259
4.00,869,-5.730,5.238,0.248
4.00,870,-5.318,-5.848,0.486
4.00,871,0.314,-8.029,0.304
4.00,872,8.025,-0.408,0.294
4.00,873,-7.555,3.121,0.418
4.00,874,-8.270,0.036,0.442
4.00,875,8.025,-0.408,0.294
4.00,876,-5.318,-5.848,0.486
4.00,877,7.371,3.201,0.313
4.00,878,3.359,7.474,0.275
4.00,879,5.305,5.703,0.264
4.00,880,8.025,-0.408,0.294
4.00,881,7.371,3.201,0.313
4.00,882,5.305,5.703,0.264
4.00,883,5.305,5.703,0.264
4.00,884,5.305,5.703,0.264
4.00,885,5.422,-5.577,0.259
4.00,886,-7.555,3.121,0.418
4.00,887,-5.730,5.238,0.248
4.00,888,-8.270,0.036,0.442
4.00,889,0.314,-8.029,0.304
4.00,890,5.305,5.703,0.264
4.00,891,0.106,8.264,0.270
4.00,892,5.305,5.703,0.264
4.00,893,-8.270,0.036,0.442
4.00,894,-3.109,7.644,0.436
4.00,895,-7.555,3.121,0.418
4.00,896,8.025,-0.408,0.294
4.00,897,-3.109,7.644,0.436
4.00,898,0.106,8.264,0.270
4.00,899,-8.270,0.036,0.442
4.00,900,-8.270,0.036,0.442
4.00,901,3.359,7.474,0.275
4.00,902,-5.730,5.238,0.248
4.00,903,0.314,-8.029,0.304
4.00,904,0.106,8.264,0.270
4.00,905,3.480,-7.373,0.245
4.00,906,7.348,-3.484,0.291
4.00,907,0.314,-8.029,0.304
4.00,908,5.422,-5.577,0.259
4.00,909,3.480,-7.373,0.245
4.00,910,7.348,-3.484,0.291
4.00,911,0.106,8.264,0.270
4.00,912,0.314,-8.029,0.304
4.00,913,-5.318,-5.848,0.486
4.00,914,7.348,-3.484,0.291
4.00,915,-5.318,-5.848,0.486
4.00,916,-5.730,5.238,0.248
4.00,917,5.422,-5.577,0.259
4.00,918,0.314,-8.029,0.304
4.00,919,7.371,3.201,0.313
4.00,920,7.371,3.201,0.313
4.00,921,5.422,-5.577,0.259
4.00,922,7.348,-3.484,0.291
4.00,923,0.106,8.264,0.270
4.00,924,0.314,-8.029,0.304
4.00,925,3.359,7.474,0.275
4.00,926,3.359,7.474,0.275
4.00,927,5.305,5.703,0.264
4.00,928,-7.222,-3.357,0.262
4.00,929,8.025,-0.408,0.294
4.00,930,3.480,-7.373,0.245
4.00,931,5.422,-5.577,0.259
4.00,932,5.305,5.703,0.264
4.00,933,7.348,-3.484,0.291
4.00,934,-5.730,5.238,0.248
4.00,935,0.314,-8.029,0.304
4.00,936,-7.555,3.121,0.418
4.00,937,-5.318,-5.848,0.486
4.00,938,-7.555,3.121,0.418
4.00,939,8.025,-0.408,0.294
4.00,940,0.314,-8.029,0.304
4.00,941,5.305,5.703,0.264
4.00,942,-5.318,-5.848,0.486
4.00,943,0.314,-8.029,0.304
4.00,944,-5.730,5.238,0.248
4.00,945,3.359,7.474,0.275
4.00,946,5.305,5.703,0.264
4.00,947,-7.555,3.121,0.418
4.00,948,7.371,3.201,0.313
4.00,949,-3.109,7.644,0.436
4.00,950,0.314,-8.029,0.304
4.00,951,8.025,-0.408,0.294
4.00,952,-8.270,0.036,0.442
4.00,953,3.359,7.474,0.275
4.00,954,8.025,-0.408,0.294
4.00,955,-8.270,0.036,0.442
4.00,956,0.314,-8.029,0.304
4.00,957,5.305,5.703,0.264
4.00,958,-3.109,7.644,0.436
4.00,959,-5.318,-5.848,0.486
4.00,960,-5.730,5.238,0.248
4.00,961,5.305,5.703,0.264
4.00,962,3.359,7.474,0.275
4.00,963,5.422,-5.577,0.259
4.00,964,-7.555,3.121,0.418
4.00,965,5.305,5.703,0.264
4.00,966,8.025,-0.408,0.294
4.00,967,-3.109,7.644,0.436
4.00,968,3.480,-7.373,0.245
4.00,969,5.422,-5.577,0.259
4.00,970,8.025,-0.408,0.294
4.00,971,-8.270,0.036,0.442
4.00,972,8.025,-0.408,0.294
4.00,973,-5.730,5.238,0.248
4.00,974,7.348,-3.484,0.291
4.00,975,-3.109,7.644,0.436
4.00,976,-8.270,0.036,0.442
4.00,977,-8.270,0.036,0.442
4.00,978,5.305,5.703,0.264
4.00,979,-8.270,0.036,0.442
4.00,980,-5.318,-5.848,0.486
4.00,981,-5.318,-5.848,0.486
4.00,982,-5.318,-5.848,0.486
4.00,983,5.422,-5.577,0.259
4.00,984,-5.318,-5.848,0.486
4.00,985,-5.730,5.238,0.248
4.00,986,0.314,-8.029,0.304
4.00,987,-5.318,-5.848,0.486
4.00,988,7.371,3.201,0.313
4.00,989,0.106,8.264,0.270
4.00,990,-5.318,-5.848,0.486
4.00,991,-5.730,5.238,0.248
4.00,992,-7.222,-3.357,0.262
4.00,993,3.359,7.474,0.275
4.00,994,-8.270,0.036,0.442
4.00,995,5.305,5.703,0.264
4.00,996,-8.270,0.036,0.442
4.00,997,0.106,8.264,0.270
4.00,998,0.314,-8.029,0.304
4.00,999,5.305,5.703,0.264
4.00,1000,5.305,5.703,0.264
4.00,1001,5.305,5.703,0.264
4.00,1002,-7.555,3.121,0.418
4.00,1003,8.025,-0.408,0.294
4.00,1004,7.371,3.201,0.313
4.00,1005,0.106,8.264,0.270
4.00,1006,-5.730,5.238,0.248
4.00,1007,-5.318,-5.848,0.486
4.00,1008,5.422,-5.577,0.259
4.00,1009,0.106,8.264,0.270
4.00,1010,0.106,8.264,0.270
4.00,1011,7.348,-3.484,0.291
4.00,1012,8.025,-0.408,0.294
4.00,1013,0.106,8.264,0.270
4.00,1014,8.025,-0.408,0.294
4.00,1015,3.359,7.474,0.275
4.00,1016,-5.318,-5.848,0.486
4.00,1017,-3.109,7.644,0.436
4.00,1018,-3.109,7.644,0.436
4.00,1019,0.314,-8.029,0.304
4.00,1020,8.025,-0.408,0.294
4.00,1021,5.305,5.703,0.264
4.00,1022,8.025,-0.408,0.294
4.00,1023,-8.270,0.036,0.442
4.00,1024,5.305,5.703,0.264
4.00,1025,5.305,5.703,0.264
4.00,1026,0.314,-8.029,0.304
4.00,1027,-5.730,5.238,0.248
4.00,1028,7.348,-3.484,0.291
4.00,1029,-5.318,-5.848,0.486
4.00,1030,-8.270,0.036,0.442
4.00,1031,-7.555,3.121,0.418
4.00,1032,0.314,-8.029,0.304
4.00,1033,-5.318,-5.848,0.486
4.00,1034,7.371,3.201,0.313
4.00,1035,-5.730,5.238,0.248
4.00,1036,0.314,-8.029,0.304
4.00,1037,5.305,5.703,0.264
4.00,1038,0.314,-8.029,0.304
4.00,1039,-8.270,0.036,0.442
4.00,1040,8.025,-0.408,0.294
4.00,1041,-5.318,-5.848,0.486
4.00,1042,3.359,7.474,0.275
4.00,1043,7.348,-3.484,0.291
4.00,1044,8.025,-0.408,0.294
4.00,1045,3.480,-7.373,0.245
4.00,1046,0.314,-8.029,0.304
4.00,1047,-7.555,3.121,0.418
4.00,1048,0.314,-8.029,0.304
4.00,1049,3.359,7.474,0.275
4.00,1050,-5.318,-5.848,0.486
4.00,1051,0.106,8.264,0.270
4.00,1052,7.348,-3.484,0.291
4.00,1053,-5.730,5.238,0.248
4.00,1054,7.371,3.201,0.313
4.00,1055,8.025,-0.408,0.294
4.00,1056,0.314,-8.029,0.304
4.00,1057,0.314,-8.029,0.304
4.00,1058,8.025,-0.408,0.294
4.00,1059,5.305,5.703,0.264
4.00,1060,7.371,3.201,0.313
4.00,1061,-7.555,3.121,0.418
4.00,1062,5.305,5.703,0.264
4.00,1063,5.422,-5.577,0.259
4.00,1064,7.371,3.201,0.313
4.00,1065,5.305,5.703,0.264
4.00,1066,-7.555,3.121,0.418
4.00,1067,-8.270,0.036,0.442
4.00,1068,0.314,-8.029,0.304
4.00,1069,7.348,-3.484,0.291
4.00,1070,5.305,5.703,0.264
4.00,1071,-5.318,-5.848,0.486
4.00,1072,0.314,-8.029,0.304
4.00,1073,-8.270,0.036,0.442
4.00,1074,3.359,7.474,0.275
4.00,1075,7.371,3.201,0.313
4.00,1076,-5.318,-5.848,0.486
4.00,1077,0.314,-8.029,0.304
4.00,1078,5.422,-5.577,0.259
4.00,1079,5.422,-5.577,0.259
4.00,1080,-8.270,0.036,0.442
4.00,1081,5.305,5.703,0.264
4.00,1082,-5.318,-5.848,0.486
4.00,1083,0.314,-8.029,0.304
4.00,1084,0.106,8.264,0.270
4.00,1085,3.359,7.474,0.275
4.00,1086,-7.555,3.121,0.418
4.00,1087,7.348,-3.484,0.291
4.00,1088,-5.318,-5.848,0.486
4.00,1089,-5.318,-5.848,0.486
4.00,1090,-5.318,-5.848,0.486
4.00,1091,5.305,5.703,0.264
4.00,1092,-5.730,5.238,0.248
4.00,1093,-8.270,0.036,0.442
4.00,1094,5.305,5.703,0.264
4.00,1095,-5.730,5.238,0.248
4.00,1096,3.480,-7.373,0.245
4.00,1097,-5.318,-5.848,0.486
4.00,1098,0.314,-8.029,0.304
4.00,1099,7.371,3.201,0.313
4.00,1100,7.371,3.201,0.313
4.00,1101,8.025,-0.408,0.294
4.00,1102,0.314,-8.029,0.304
4.00,1103,3.480,-7.373,0.245
4.00,1104,5.422,-5.577,0.259
4.00,1105,-5.318,-5.848,0.486
4.00,1106,-3.109,7.644,0.436
4.00,1107,0.106,8.264,0.270
4.00,1108,7.348,-3.484,0.291
4.00,1109,-8.270,0.036,0.442
4.00,1110,-3.109,7.644,0.436
4.00,1111,7.348,-3.484,0.291
4.00,1112,3.359,7.474,0.275
4.00,1113,5.422,-5.577,0.259
4.00,1114,5.305,5.703,0.264
4.00,1115,0.314,-8.029,0.304
4.00,1116,-3.109,7.644,0.436
4.00,1117,5.305,5.703,0.264
4.00,1118,5.305,5.703,0.264
4.00,1119,5.305,5.703,0.264
4.00,1120,-5.730,5.238,0.248
4.00,1121,5.422,-5.577,0.259
4.00,1122,7.348,-3.484,0.291
4.00,1123,-8.270,0.036,0.442
4.00,1124,0.106,8.264,0.270
4.00,1125,5.422,-5.577,0.259
4.00,1126,7.371,3.201,0.313
4.00,1127,-8.270,0.036,0.442
4.00,1128,-5.730,5.238,0.248
4.00,1129,7.348,-3.484,0.291
4.00,1130,-7.555,3.121,0.418
4.00,1131,7.348,-3.484,0.291
4.00,1132,0.106,8.264,0.270
4.00,1133,7.371,3.201,0.313
4.00,1134,-5.730,5.238,0.248
4.00,1135,5.305,5.703,0.264
4.00,1136,7.371,3.201,0.313
4.00,1137,0.314,-8.029,0.304
4.00,1138,-5.730,5.238,0.248
4.00,1139,3.359,7.474,0.275
4.00,1140,-5.318,-5.848,0.486
4.00,1141,-7.555,3.121,0.418
4.00,1142,0.106,8.264,0.270
4.00,1143,0.106,8.264,0.270
4.00,1144,0.106,8.264,0.270
4.00,1145,-3.109,7.644,0.436
4.00,1146,-5.318,-5.848,0.486
4.00,1147,-5.318,-5.848,0.486
4.00,1148,5.305,5.703,0.264
4.00,1149,0.314,-8.029,0.304
4.00,1150,-7.555,3.121,0.418
4.00,1151,0.106,8.264,0.270
4.00,1152,5.422,-5.577,0.259
4.00,1153,-5.318,-5.848,0.486
4.00,1154,-7.222,-3.357,0.262
4.00,1155,5.422,-5.577,0.259
4.00,1156,0.106,8.264,0.270
4.00,1157,-5.730,5.238,0.248
4.00,1158,-8.270,0.036,0.442
4.00,1159,5.305,5.703,0.264
4.00,1160,-7.222,-3.357,0.262
4.00,1161,-5.318,-5.848,0.486
4.00,1162,5.422,-5.577,0.259
4.00,1163,5.305,5.703,0.264
4.00,1164,5.305,5.703,0.264
4.00,1165,-5.730,5.238,0.248
4.00,1166,-5.318,-5.848,0.486
4.00,1167,0.106,8.264,0.270
4.00,1168,-5.318,-5.848,0.486
4.00,1169,3.359,7.474,0.275
4.00,1170,5.422,-5.577,0.259
4.00,1171,7.371,3.201,0.313
4.00,1172,-5.318,-5.848,0.486
4.00,1173,5.305,5.703,0.264
4.00,1174,-5.730,5.238,0.248
4.00,1175,0.106,8.264,0.270
4.00,1176,-8.270,0.036,0.442
4.00,1177,-5.318,-5.848,0.486
4.00,1178,-5.318,-5.848,0.486
4.00,1179,-5.730,5.238,0.248
4.00,1180,0.106,8.264,0.270
4.00,1181,3.359,7.474,0.275
4.00,1182,-5.730,5.238,0.248
4.00,1183,-3.109,7.644,0.436
4.00,1184,-7.222,-3.357,0.262
4.00,1185,5.305,5.703,0.264
4.00,1186,0.106,8.264,0.270
4.00,1187,3.359,7.474,0.275
4.00,1188,0.106,8.264,0.270
4.00,1189,-5.730,5.238,0.248
4.00,1190,0.106,8.264,0.270
4.00,1191,7.371,3.201,0.313
4.00,1192,0.314,-8.029,0.304
4.00,1193,7.348,-3.484,0.291
4.00,1194,-7.555,3.121,0.418
4.00,1195,-7.222,-3.357,0.262
4.00,1196,7.348,-3.484,0.291
4.00,1197,5.422,-5.577,0.259
4.00,1198,-5.730,5.238,0.248
4.00,1199,5.305,5.703,0.264
4.00,1200,0.314,-8.029,0.304
4.00,1201,-5.318,-5.848,0.486
4.00,1202,-5.730,5.238,0.248
4.00,1203,-3.109,7.644,0.436
4.00,1204,-8.270,0.036,0.442
4.00,1205,-3.109,7.644,0.436
4.00,1206,-5.318,-5.848,0.486
4.00,1207,5.305,5.703,0.264
4.00,1208,0.106,8.264,0.270
4.00,1209,7.348,-3.484,0.291
4.00,1210,-5.318,-5.848,0.486
4.00,1211,7.348,-3.484,0.291
4.00,1212,-8.270,0.036,0.442
4.00,1213,-8.270,0.036,0.442
4.00,1214,-5.318,-5.848,0.486
4.00,1215,-5.318,-5.848,0.486
4.00,1216,0.106,8.264,0.270
4.00,1217,-8.270,0.036,0.442
4.00,1218,5.305,5.703,0.264
4.00,1219,0.314,-8.029,0.304
4.00,1220,0.314,-8.029,0.304
4.00,1221,-7.222,-3.357,0.262
4.00,1222,-5.318,-5.848,0.486
4.00,1223,-8.270,0.036,0.442
4.00,1224,-5.318,-5.848,0.486
4.00,1225,-5.318,-5.848,0.486
4.00,1226,3.480,-7.373,0.245
4.00,1227,5.305,5.703,0.264
4.00,1228,5.422,-5.577,0.259
4.00,1229,-7.555,3.121,0.418
4.00,1230,8.025,-0.408,0.294
4.00,1231,-5.318,-5.848,0.486
4.00,1232,-8.270,0.036,0.442
4.00,1233,5.305,5.703,0.264
4.00,1234,-8.270,0.036,0.442
4.00,1235,5.422,-5.577,0.259
4.00,1236,5.422,-5.577,0.259
4.00,1237,-8.270,0.036,0.442
4.00,1238,-7.555,3.121,0.418
4.00,1239,-5.730,5.238,0.248
4.00,1240,0.314,-8.029,0.304
4.00,1241,7.348,-3.484,0.291
4.00,1242,-5.318,-5.848,0.486
4.00,1243,-5.318,-5.848,0.486
4.00,1244,7.371,3.201,0.313
4.00,1245,3.359,7.474,0.275
4.00,1246,0.314,-8.029,0.304
4.00,1247,-7.222,-3.357,0.262
4.00,1248,5.305,5.703,0.264
4.00,1249,0.106,8.264,0.270
4.00,1250,-3.109,7.644,0.436
4.00,1251,-5.730,5.238,0.248
4.00,1252,-3.109,7.644,0.436
4.00,1253,-5.318,-5.848,0.486
4.00,1254,0.106,8.264,0.270
4.00,1255,0.106,8.264,0.270
4.00,1256,8.025,-0.408,0.294
4.00,1257,-7.222,-3.357,0.262
4.00,1258,8.025,-0.408,0.294
4.00,1259,7.348,-3.484,0.291
4.00,1260,-5.318,-5.848,0.486
4.00,1261,0.314,-8.029,0.304
4.00,1262,-5.318,-5.848,0.486
4.00,1263,-7.555,3.121,0.418
4.00,1264,8.025,-0.408,0.294
4.00,1265,0.106,8.264,0.270
4.00,1266,5.305,5.703,0.264
4.00,1267,5.305,5.703,0.264
4.00,1268,3.359,7.474,0.275
4.00,1269,-3.109,7.644,0.436
4.00,1270,5.422,-5.577,0.259
4.00,1271,3.359,7.474,0.275
4.00,1272,-7.222,-3.357,0.262
4.00,1273,0.314,-8.029,0.304
4.00,1274,-3.109,7.644,0.436
4.00,1275,-5.730,5.238,0.248
4.00,1276,8.025,-0.408,0.294
4.00,1277,-8.270,0.036,0.442
4.00,1278,-5.318,-5.848,0.486
4.00,1279,-3.109,7.644,0.436
4.00,1280,0.314,-8.029,0.304
4.00,1281,-5.730,5.238,0.248
4.00,1282,0.314,-8.029,0.304
4.00,1283,7.371,3.201,0.313
4.00,1284,-7.555,3.121,0.418
4.00,1285,0.106,8.264,0.270
4.00,1286,-5.318,-5.848,0.486
4.00,1287,-5.730,5.238,0.248
4.00,1288,-8.270,0.036,0.442
4.00,1289,-3.109,7.644,0.436
4.00,1290,3.359,7.474,0.275
4.00,1291,5.422,-5.577,0.259
4.00,1292,-5.730,5.238,0.248
4.00,1293,5.305,5.703,0.264
4.00,1294,5.422,-5.577,0.259
4.00,1295,5.422,-5.577,0.259
4.00,1296,5.422,-5.577,0.259
4.00,1297,-5.318,-5.848,0.486
4.00,1298,5.422,-5.577,0.259
4.00,1299,-3.109,7.644,0.436
4.00,1300,5.305,5.703,0.264
4.00,1301,-7.555,3.121,0.418
4.00,1302,3.359,7.474,0.275
4.00,1303,0.314,-8.029,0.304
4.00,1304,0.106,8.264,0.270
4.00,1305,5.305,5.703,0.264
4.00,1306,-5.318,-5.848,0.486
4.00,1307,-8.270,0.036,0.442
4.00,1308,-7.555,3.121,0.418
4.00,1309,5.305,5.703,0.264
4.00,1310,-5.730,5.238,0.248
4.00,1311,-5.730,5.238,0.248
4.00,1312,5.422,-5.577,0.259
4.00,1313,5.422,-5.577,0.259
4.00,1314,-3.109,7.644,0.436
4.00,1315,-5.730,5.238,0.248
4.00,1316,-3.109,7.644,0.436
4.00,1317,0.314,-8.029,0.304
4.00,1318,-3.109,7.644,0.436
4.00,1319,-7.555,3.121,0.418
4.00,1320,8.025,-0.408,0.294
4.00,1321,0.314,-8.029,0.304
4.00,1322,-3.109,7.644,0.436
4.00,1323,-7.555,3.121,0.418
4.00,1324,-5.318,-5.848,0.486
4.00,1325,7.371,3.201,0.313
4.00,1326,-7.555,3.121,0.418
4.00,1327,7.371,3.201,0.313
4.00,1328,5.422,-5.577,0.259
4.00,1329,5.422,-5.577,0.259
4.00,1330,0.314,-8.029,0.304
4.00,1331,-7.555,3.121,0.418
4.00,1332,0.106,8.264,0.270
4.00,1333,-8.270,0.036,0.442
4.00,1334,5.422,-5.577,0.259
4.00,1335,-3.109,7.644,0.436
4.00,1336,7.371,3.201,0.313
4.00,1337,5.422,-5.577,0.259
4.00,1338,0.314,-8.029,0.304
4.00,1339,5.305,5.703,0.264
4.00,1340,-5.318,-5.848,0.486
4.00,1341,8.025,-0.408,0.294
4.00,1342,0.314,-8.029,0.304
4.00,1343,8.025,-0.408,0.294
4.00,1344,-5.730,5.238,0.248
4.00,1345,3.359,7.474,0.275
4.00,1346,-5.318,-5.848,0.486
4.00,1347,-5.318,-5.848,0.486
4.00,1348,-7.555,3.121,0.418
4.00,1349,8.025,-0.408,0.294
4.00,1350,-5.318,-5.848,0.486
4.00,1351,7.348,-3.484,0.291
4.00,1352,8.025,-0.408,0.294
4.00,1353,5.305,5.703,0.264
4.00,1354,0.314,-8.029,0.304
4.00,1355,8.025,-0.408,0.294
4.00,1356,8.025,-0.408,0.294
4.00,1357,0.106,8.264,0.270
4.00,1358,-5.318,-5.848,0.486
4.00,1359,-8.270,0.036,0.442
4.00,1360,5.305,5.703,0.264
4.00,1361,5.422,-5.577,0.259
4.00,1362,7.371,3.201,0.313
4.00,1363,3.359,7.474,0.275
4.00,1364,3.359,7.474,0.275
4.00,1365,5.305,5.703,0.264
4.00,1366,-5.318,-5.848,0.486
4.00,1367,-7.555,3.121,0.418
4.00,1368,-7.555,3.121,0.418
4.00,1369,-8.270,0.036,0.442
4.00,1370,-5.318,-5.848,0.486
4.00,1371,0.314,-8.029,0.304
4.00,1372,0.106,8.264,0.270
4.00,1373,5.422,-5.577,0.259
4.00,1374,5.422,-5.577,0.259
4.00,1375,0.106,8.264,0.270
4.00,1376,0.314,-8.029,0.304
4.00,1377,5.305,5.703,0.264
4.00,1378,7.371,3.201,0.313
4.00,1379,5.422,-5.577,0.259
4.00,1380,-7.555,3.121,0.418
4.00,1381,-5.730,5.238,0.248
4.00,1382,7.371,3.201,0.313
4.00,1383,-5.730,5.238,0.248
4.00,1384,0.314,-8.029,0.304
4.00,1385,-3.109,7.644,0.436
4.00,1386,5.305,5.703,0.264
4.00,1387,-3.109,7.644,0.436
4.00,1388,3.359,7.474,0.275
4.00,1389,-7.555,3.121,0.418
4.00,1390,-3.109,7.644,0.436
4.00,1391,0.314,-8.029,0.304
4.00,1392,-8.270,0.036,0.442
4.00,1393,5.422,-5.577,0.259
4.00,1394,5.422,-5.577,0.259
4.00,1395,0.314,-8.029,0.304
4.00,1396,-8.270,0.036,0.442
4.00,1397,8.025,-0.408,0.294
4.00,1398,5.422,-5.577,0.259
4.00,1399,0.106,8.264,0.270
4.00,1400,0.314,-8.029,0.304
4.00,1401,5.305,5.703,0.264
4.00,1402,5.422,-5.577,0.259
4.00,1403,-7.222,-3.357,0.262
4.00,1404,7.348,-3.484,0.291
4.00,1405,8.025,-0.408,0.294
4.00,1406,-5.318,-5.848,0.486
4.00,1407,-5.318,-5.848,0.486
4.00,1408,-8.270,0.036,0.442
4.00,1409,-8.270,0.036,0.442
4.00,1410,-5.318,-5.848,0.486
4.00,1411,-5.318,-5.848,0.486
4.00,1412,-5.730,5.238,0.248
4.00,1413,-5.318,-5.848,0.486
4.00,1414,8.025,-0.408,0.294
4.00,1415,-5.318,-5.848,0.486
4.00,1416,8.025,-0.408,0.294
4.00,1417,-7.555,3.121,0.418
4.00,1418,-5.318,-5.848,0.486
4.00,1419,7.371,3.201,0.313
4.00,1420,-5.318,-5.848,0.486
4.00,1421,7.348,-3.484,0.291
4.00,1422,-5.318,-5.848,0.486
4.00,1423,-3.109,7.644,0.436
4.00,1424,5.422,-5.577,0.259
4.00,1425,0.106,8.264,0.270
4.00,1426,-7.222,-3.357,0.262
4.00,1427,5.422,-5.577,0.259
4.00,1428,8.025,-0.408,0.294
4.00,1429,5.422,-5.577,0.259
4.00,1430,0.106,8.264,0.270
4.00,1431,5.305,5.703,0.264
4.00,1432,5.422,-5.577,0.259
4.00,1433,-5.318,-5.848,0.486
4.00,1434,-7.555,3.121,0.418
4.00,1435,-3.109,7.644,0.436
4.00,1436,5.422,-5.577,0.259
4.00,1437,-7.555,3.121,0.418
4.00,1438,-5.730,5.238,0.248
4.00,1439,-7.555,3.121,0.418
4.00,1440,-5.730,5.238,0.248
4.00,1441,5.422,-5.577,0.259
4.00,1442,5.422,-5.577,0.259
4.00,1443,5.422,-5.577,0.259
4.00,1444,-8.270,0.036,0.442
4.00,1445,5.422,-5.577,0.259
4.00,1446,-5.730,5.238,0.248
4.00,1447,-8.270,0.036,0.442
4.00,1448,-8.270,0.036,0.442
4.00,1449,5.305,5.703,0.264
4.00,1450,-5.318,-5.848,0.486
4.00,1451,5.422,-5.577,0.259
4.00,1452,7.371,3.201,0.313
4.00,1453,3.480,-7.373,0.245
4.00,1454,-5.318,-5.848,0.486
4.00,1455,-5.318,-5.848,0.486
4.00,1456,-5.318,-5.848,0.486
4.00,1457,-3.109,7.644,0.436
4.00,1458,0.106,8.264,0.270
4.00,1459,5.305,5.703,0.264
4.00,1460,-5.318,-5.848,0.486
4.00,1461,-5.730,5.238,0.248
4.00,1462,7.371,3.201,0.313
4.00,1463,-5.730,5.238,0.248
4.00,1464,-5.318,-5.848,0.486
4.00,1465,-5.318,-5.848,0.486
4.00,1466,-8.270,0.036,0.442
4.00,1467,-5.730,5.238,0.248
4.00,1468,-5.318,-5.848,0.486
4.00,1469,0.314,-8.029,0.304
4.00,1470,0.106,8.264,0.270
4.00,1471,8.025,-0.408,0.294
4.00,1472,-5.730,5.238,0.248
4.00,1473,3.359,7.474,0.275
4.00,1474,-3.109,7.644,0.436
4.00,1475,8.025,-0.408,0.294
4.00,1476,8.025,-0.408,0.294
4.00,1477,5.422,-5.577,0.259
4.00,1478,7.371,3.201,0.313
4.00,1479,-7.555,3.121,0.418
4.00,1480,-7.555,3.121,0.418
4.00,1481,5.305,5.703,0.264
4.00,1482,-5.730,5.238,0.248
4.00,1483,0.314,-8.029,0.304
4.00,1484,5.305,5.703,0.264
4.00,1485,0.106,8.264,0.270
4.00,1486,-7.555,3.121,0.418
4.00,1487,5.422,-5.577,0.259
4.00,1488,5.422,-5.577,0.259
4.00,1489,5.305,5.703,0.264
4.00,1490,-8.270,0.036,0.442
4.00,1491,-5.318,-5.848,0.486
4.00,1492,-5.730,5.238,0.248
4.00,1493,-3.109,7.644,0.436
4.00,1494,-5.318,-5.848,0.486
4.00,1495,-5.730,5.238,0.248
4.00,1496,-7.555,3.121,0.418
4.00,1497,-5.730,5.238,0.248
4.00,1498,-7.555,3.121,0.418
4.00,1499,-5.730,5.238,0.248
4.00,1500,-8.270,0.036,0.442
4.00,1501,-5.730,5.238,0.248
4.00,1502,5.305,5.703,0.264
4.00,1503,0.314,-8.029,0.304
4.00,1504,0.106,8.264,0.270
4.00,1505,-5.318,-5.848,0.486
4.00,1506,7.348,-3.484,0.291
4.00,1507,5.305,5.703,0.264
4.00,1508,3.480,-7.373,0.245
4.00,1509,-7.222,-3.357,0.262
4.00,1510,-8.270,0.036,0.442
4.00,1511,5.305,5.703,0.264
4.00,1512,7.348,-3.484,0.291
4.00,1513,-7.555,3.121,0.418
4.00,1514,8.025,-0.408,0.294
4.00,1515,0.106,8.264,0.270
4.00,1516,0.314,-8.029,0.304
4.00,1517,5.305,5.703,0.264
4.00,1518,-7.555,3.121,0.418
4.00,1519,-5.730,5.238,0.248
4.00,1520,8.025,-0.408,0.294
4.00,1521,7.348,-3.484,0.291
4.00,1522,-3.109,7.644,0.436
4.00,1523,-5.318,-5.848,0.486
4.00,1524,0.314,-8.029,0.304
4.00,1525,-3.109,7.644,0.436
4.00,1526,5.305,5.703,0.264
4.00,1527,7.371,3.201,0.313
4.00,1528,-8.270,0.036,0.442
4.00,1529,7.371,3.201,0.313
4.00,1530,-8.270,0.036,0.442
4.00,1531,7.371,3.201,0.313
4.00,1532,-5.730,5.238,0.248
4.00,1533,-8.270,0.036,0.442
4.00,1534,-7.555,3.121,0.418
4.00,1535,-5.318,-5.848,0.486
4.00,1536,0.314,-8.029,0.304
4.00,1537,-5.318,-5.848,0.486
4.00,1538,-3.109,7.644,0.436
4.00,1539,5.422,-5.577,0.259
4.00,1540,-3.109,7.644,0.436
4.00,1541,8.025,-0.408,0.294
4.00,1542,0.314,-8.029,0.304
4.00,1543,5.305,5.703,0.264
4.00,1544,7.371,3.201,0.313
4.00,1545,-5.318,-5.848,0.486
4.00,1546,-5.730,5.238,0.248
4.00,1547,-7.555,3.121,0.418
4.00,1548,7.371,3.201,0.313
4.00,1549,5.422,-5.577,0.259
4.00,1550,7.348,-3.484,0.291
4.00,1551,5.305,5.703,0.264
4.00,1552,-5.730,5.238,0.248
4.00,1553,-3.109,7.644,0.436
4.00,1554,-5.730,5.238,0.248
4.00,1555,-5.730,5.238,0.248
4.00,1556,-7.555,3.121,0.418
4.00,1557,-3.109,7.644,0.436
4.00,1558,-5.318,-5.848,0.486
4.00,1559,0.314,-8.029,0.304
4.00,1560,-5.318,-5.848,0.486
4.00,1561,8.025,-0.408,0.294
4.00,1562,3.359,7.474,0.275
4.00,1563,8.025,-0.408,0.294
4.00,1564,-5.318,-5.848,0.486
4.00,1565,-8.270,0.036,0.442
4.00,1566,-8.270,0.036,0.442
4.00,1567,-3.109,7.644,0.436
4.00,1568,8.025,-0.408,0.294
4.00,1569,-8.270,0.036,0.442
4.00,1570,3.359,7.474,0.275
4.00,1571,5.305,5.703,0.264
4.00,1572,-7.555,3.121,0.418
4.00,1573,5.305,5.703,0.264
4.00,1574,-5.318,-5.848,0.486
4.00,1575,-3.109,7.644,0.436
4.00,1576,5.422,-5.577,0.259
4.00,1577,-5.730,5.238,0.248
4.00,1578,-5.730,5.238,0.248
4.00,1579,-5.318,-5.848,0.486
4.00,1580,0.314,-8.029,0.304
4.00,1581,-5.318,-5.848,0.486
4.00,1582,-5.318,-5.848,0.486
4.00,1583,-5.730,5.238,0.248
4.00,1584,5.422,-5.577,0.259
4.00,1585,3.480,-7.373,0.245
4.00,1586,-7.222,-3.357,0.262
4.00,1587,7.348,-3.484,0.291
4.00,1588,5.422,-5.577,0.259
4.00,1589,-8.270,0.036,0.442
4.00,1590,-5.318,-5.848,0.486
4.00,1591,5.422,-5.577,0.259
4.00,1592,-5.318,-5.848,0.486
4.00,1593,-3.109,7.644,0.436
4.00,1594,-5.318,-5.848,0.486
4.00,1595,5.422,-5.577,0.259
4.00,1596,0.314,-8.029,0.304
4.00,1597,3.359,7.474,0.275
4.00,1598,0.314,-8.029,0.304
4.00,1599,0.106,8.264,0.270
4.00,1600,3.480,-7.373,0.245
4.00,1601,0.106,8.264,0.270
4.00,1602,0.314,-8.029,0.304
4.00,1603,-7.555,3.121,0.418
4.00,1604,8.025,-0.408,0.294
4.00,1605,5.305,5.703,0.264
4.00,1606,7.371,3.201,0.313
4.00,1607,5.422,-5.577,0.259
4.00,1608,7.348,-3.484,0.291
4.00,1609,-5.730,5.238,0.248
4.00,1610,-5.318,-5.848,0.486
4.00,1611,-7.555,3.121,0.418
4.00,1612,5.422,-5.577,0.259
4.00,1613,8.025,-0.408,0.294
4.00,1614,0.106,8.264,0.270
4.00,1615,-5.318,-5.848,0.486
4.00,1616,-5.318,-5.848,0.486
4.00,1617,-5.730,5.238,0.248
4.00,1618,5.305,5.703,0.264
4.00,1619,3.480,-7.373,0.245
4.00,1620,5.422,-5.577,0.259
4.00,1621,0.106,8.264,0.270
4.00,1622,-3.109,7.644,0.436
4.00,1623,-5.318,-5.848,0.486
4.00,1624,3.480,-7.373,0.245
4.00,1625,5.305,5.703,0.264
4.00,1626,5.305,5.703,0.264
4.00,1627,0.314,-8.029,0.304
4.00,1628,0.314,-8.029,0.304
4.00,1629,8.025,-0.408,0.294
4.00,1630,5.422,-5.577,0.259
4.00,1631,0.106,8.264,0.270
4.00,1632,7.348,-3.484,0.291
4.00,1633,5.422,-5.577,0.259
4.00,1634,-8.270,0.036,0.442
4.00,1635,-5.730,5.238,0.248
4.00,1636,3.359,7.474,0.275
4.00,1637,-5.730,5.238,0.248
4.00,1638,0.106,8.264,0.270
4.00,1639,5.305,5.703,0.264
4.00,1640,0.314,-8.029,0.304
4.00,1641,5.305,5.703,0.264
4.00,1642,-7.555,3.121,0.418
4.00,1643,-8.270,0.036,0.442
4.00,1644,8.025,-0.408,0.294
4.00,1645,-8.270,0.036,0.442
4.00,1646,7.371,3.201,0.313
4.00,1647,5.422,-5.577,0.259
4.00,1648,-8.270,0.036,0.442
4.00,1649,5.305,5.703,0.264
4.00,1650,0.314,-8.029,0.304
4.00,1651,-5.318,-5.848,0.486
4.00,1652,-5.318,-5.848,0.486
4.00,1653,-3.109,7.644,0.436
4.00,1654,8.025,-0.408,0.294
4.00,1655,-5.730,5.238,0.248
4.00,1656,-8.270,0.036,0.442
4.00,1657,-3.109,7.644,0.436
4.00,1658,7.371,3.201,0.313
4.00,1659,5.422,-5.577,0.259
4.00,1660,3.359,7.474,0.275
4.00,1661,-3.109,7.644,0.436
4.00,1662,0.314,-8.029,0.304
4.00,1663,-5.318,-5.848,0.486
4.00,1664,3.359,7.474,0.275
4.00,1665,-7.555,3.121,0.418
4.00,1666,-5.318,-5.848,0.486
4.00,1667,5.422,-5.577,0.259
4.00,1668,-7.555,3.121,0.418
4.00,1669,0.314,-8.029,0.304
4.00,1670,-3.109,7.644,0.436
4.00,1671,5.305,5.703,0.264
4.00,1672,-3.109,7.644,0.436
4.00,1673,5.305,5.703,0.264
4.00,1674,3.359,7.474,0.275
4.00,1675,0.314,-8.029,0.304
4.00,1676,-5.730,5.238,0.248
4.00,1677,5.305,5.703,0.264
4.00,1678,0.314,-8.029,0.304
4.00,1679,0.314,-8.029,0.304
4.00,1680,5.305,5.703,0.264
4.00,1681,-8.270,0.036,0.442
4.00,1682,-3.109,7.644,0.436
4.00,1683,-3.109,7.644,0.436
4.00,1684,5.305,5.703,0.264
4.00,1685,3.359,7.474,0.275
4.00,1686,-5.730,5.238,0.248
4.00,1687,3.480,-7.373,0.245
4.00,1688,0.106,8.264,0.270
4.00,1689,-5.318,-5.848,0.486
4.00,1690,0.314,-8.029,0.304
4.00,1691,7.348,-3.484,0.291
4.00,1692,-7.555,3.121,0.418
4.00,1693,7.348,-3.484,0.291
4.00,1694,-8.270,0.036,0.442
4.00,1695,-5.730,5.238,0.248
4.00,1696,0.314,-8.029,0.304
4.00,1697,-5.318,-5.848,0.486
4.00,1698,-7.555,3.121,0.418
4.00,1699,8.025,-0.408,0.294
4.00,1700,0.314,-8.029,0.304
4.00,1701,-3.109,7.644,0.436
4.00,1702,-3.109,7.644,0.436
4.00,1703,5.305,5.703,0.264
4.00,1704,-5.318,-5.848,0.486
4.00,1705,5.305,5.703,0.264
4.00,1706,0.106,8.264,0.270
4.00,1707,0.314,-8.029,0.304
4.00,1708,0.314,-8.029,0.304
4.00,1709,-5.730,5.238,0.248
4.00,1710,0.314,-8.029,0.304
4.00,1711,7.348,-3.484,0.291
4.00,1712,-5.318,-5.848,0.486
4.00,1713,8.025,-0.408,0.294
4.00,1714,-5.318,-5.848,0.486
4.00,1715,5.422,-5.577,0.259
4.00,1716,-5.730,5.238,0.248
4.00,1717,8.025,-0.408,0.294
4.00,1718,-5.318,-5.848,0.486
4.00,1719,-5.730,5.238,0.248
4.00,1720,5.305,5.703,0.264
4.00,1721,-5.730,5.238,0.248
4.00,1722,8.025,-0.408,0.294
4.00,1723,5.305,5.703,0.264
4.00,1724,5.422,-5.577,0.259
4.00,1725,-5.318,-5.848,0.486
4.00,1726,-5.730,5.238,0.248
4.00,1727,-5.730,5.238,0.248
4.00,1728,5.422,-5.577,0.259
4.00,1729,-5.318,-5.848,0.486
4.00,1730,-5.318,-5.848,0.486
4.00,1731,8.025,-0.408,0.294
4.00,1732,-5.318,-5.848,0.486
4.00,1733,0.314,-8.029,0.304
4.00,1734,7.371,3.201,0.313
4.00,1735,3.480,-7.373,0.245
4.00,1736,8.025,-0.408,0.294
4.00,1737,7.348,-3.484,0.291
4.00,1738,-3.109,7.644,0.436
4.00,1739,-7.222,-3.357,0.262
4.00,1740,-5.318,-5.848,0.486
4.00,1741,-8.270,0.036,0.442
4.00,1742,0.314,-8.029,0.304
4.00,1743,0.106,8.264,0.270
4.00,1744,-7.555,3.121,0.418
4.00,1745,5.305,5.703,0.264
4.00,1746,3.359,7.474,0.275
4.00,1747,-7.555,3.121,0.418
4.00,1748,0.106,8.264,0.270
4.00,1749,-5.730,5.238,0.248
4.00,1750,-5.730,5.238,0.248
4.00,1751,7.348,-3.484,0.291
4.00,1752,5.422,-5.577,0.259
4.00,1753,0.106,8.264,0.270
4.00,1754,0.314,-8.029,0.304
4.00,1755,-5.730,5.238,0.248
4.00,1756,0.314,-8.029,0.304
4.00,1757,-5.730,5.238,0.248
4.00,1758,5.422,-5.577,0.259
4.00,1759,0.314,-8.029,0.304
4.00,1760,-3.109,7.644,0.436
4.00,1761,0.106,8.264,0.270
4.00,1762,-5.318,-5.848,0.486
4.00,1763,3.359,7.474,0.275
4.00,1764,3.359,7.474,0.275
4.00,1765,0.106,8.264,0.270
4.00,1766,-3.109,7.644,0.436
4.00,1767,-7.222,-3.357,0.262
4.00,1768,8.025,-0.408,0.294
4.00,1769,-8.270,0.036,0.442
4.00,1770,5.305,5.703,0.264
4.00,1771,7.371,3.201,0.313
4.00,1772,-5.730,5.238,0.248
4.00,1773,-5.730,5.238,0.248
4.00,1774,-5.318,-5.848,0.486
4.00,1775,-5.318,-5.848,0.486
4.00,1776,3.359,7.474,0.275
4.00,1777,3.359,7.474,0.275
4.00,1778,5.422,-5.577,0.259
4.00,1779,-5.318,-5.848,0.486
4.00,1780,-8.270,0.036,0.442
4.00,1781,3.359,7.474,0.275
4.00,1782,0.314,-8.029,0.304
4.00,1783,-5.730,5.238,0.248
4.00,1784,-5.318,-5.848,0.486
4.00,1785,-7.555,3.121,0.418
4.00,1786,-3.109,7.644,0.436
4.00,1787,8.025,-0.408,0.294
4.00,1788,-3.109,7.644,0.436
4.00,1789,0.314,-8.029,0.304
4.00,1790,5.422,-5.577,0.259
4.00,1791,-8.270,0.036,0.442
4.00,1792,-5.318,-5.848,0.486
4.00,1793,-5.730,5.238,0.248
4.00,1794,-5.318,-5.848,0.486
4.00,1795,7.371,3.201,0.313
4.00,1796,0.106,8.264,0.270
4.00,1797,5.422,-5.577,0.259
4.00,1798,5.305,5.703,0.264
4.00,1799,8.025,-0.408,0.294
4.00,1800,-5.318,-5.848,0.486
4.00,1801,-7.555,3.121,0.418
4.00,1802,-8.270,0.036,0.442
4.00,1803,-5.318,-5.848,0.486
4.00,1804,-5.318,-5.848,0.486
4.00,1805,5.422,-5.577,0.259
4.00,1806,-5.318,-5.848,0.486
4.00,1807,0.106,8.264,0.270
4.00,1808,-8.270,0.036,0.442
4.00,1809,0.314,-8.029,0.304
4.00,1810,-8.270,0.036,0.442
4.00,1811,-8.270,0.036,0.442
4.00,1812,-3.109,7.644,0.436
4.00,1813,7.371,3.201,0.313
4.00,1814,5.422,-5.577,0.259
4.00,1815,8.025,-0.408,0.294
4.00,1816,5.305,5.703,0.264
4.00,1817,8.025,-0.408,0.294
4.00,1818,7.371,3.201,0.313
4.00,1819,3.480,-7.373,0.245
4.00,1820,8.025,-0.408,0.294
4.00,1821,-5.318,-5.848,0.486
4.00,1822,3.480,-7.373,0.245
4.00,1823,-5.318,-5.848,0.486
4.00,1824,0.106,8.264,0.270
4.00,1825,0.314,-8.029,0.304
4.00,1826,-5.318,-5.848,0.486
4.00,1827,7.371,3.201,0.313
4.00,1828,7.371,3.201,0.313
4.00,1829,0.106,8.264,0.270
4.00,1830,-7.555,3.121,0.418
4.00,1831,0.314,-8.029,0.304
4.00,1832,5.422,-5.577,0.259
4.00,1833,5.305,5.703,0.264
4.00,1834,-8.270,0.036,0.442
4.00,1835,-5.318,-5.848,0.486
4.00,1836,5.422,-5.577,0.259
4.00,1837,-7.555,3.121,0.418
4.00,1838,-5.318,-5.848,0.486
4.00,1839,5.305,5.703,0.264
4.00,1840,-5.318,-5.848,0.486
4.00,1841,7.348,-3.484,0.291
4.00,1842,-5.318,-5.848,0.486
4.00,1843,-5.730,5.238,0.248
4.00,1844,-5.730,5.238,0.248
4.00,1845,-8.270,0.036,0.442
4.00,1846,0.314,-8.029,0.304
4.00,1847,8.025,-0.408,0.294
4.00,1848,-5.730,5.238,0.248
4.00,1849,-8.270,0.036,0.442
4.00,1850,-5.730,5.238,0.248
4.00,1851,-5.730,5.238,0.248
4.00,1852,5.305,5.703,0.264
4.00,1853,-5.318,-5.848,0.486
4.00,1854,7.371,3.201,0.313
4.00,1855,8.025,-0.408,0.294
4.00,1856,-3.109,7.644,0.436
4.00,1857,5.422,-5.577,0.259
4.00,1858,0.106,8.264,0.270
4.00,1859,-7.555,3.121,0.418
4.00,1860,3.359,7.474,0.275
4.00,1861,5.422,-5.577,0.259
4.00,1862,5.422,-5.577,0.259
4.00,1863,5.305,5.703,0.264
4.00,1864,8.025,-0.408,0.294
4.00,1865,-3.109,7.644,0.436
4.00,1866,5.422,-5.577,0.259
4.00,1867,-5.730,5.238,0.248
4.00,1868,-7.555,3.121,0.418
4.00,1869,-3.109,7.644,0.436
4.00,1870,-3.109,7.644,0.436
4.00,1871,-8.270,0.036,0.442
4.00,1872,-5.318,-5.848,0.486
4.00,1873,-3.109,7.644,0.436
4.00,1874,0.314,-8.029,0.304
4.00,1875,8.025,-0.408,0.294
4.00,1876,7.371,3.201,0.313
4.00,1877,7.348,-3.484,0.291
4.00,1878,7.371,3.201,0.313
4.00,1879,3.480,-7.373,0.245
4.00,1880,8.025,-0.408,0.294
4.00,1881,5.422,-5.577,0.259
4.00,1882,-5.318,-5.848,0.486
4.00,1883,-8.270,0.036,0.442
4.00,1884,-5.318,-5.848,0.486
4.00,1885,-8.270,0.036,0.442
4.00,1886,-3.109,7.644,0.436
4.00,1887,-7.222,-3.357,0.262
4.00,1888,5.422,-5.577,0.259
4.00,1889,7.371,3.201,0.313
4.00,1890,5.422,-5.577,0.259
4.00,1891,3.359,7.474,0.275
4.00,1892,-5.730,5.238,0.248
4.00,1893,-5.730,5.238,0.248
4.00,1894,-8.270,0.036,0.442
4.00,1895,5.422,-5.577,0.259
4.00,1896,-5.730,5.238,0.248
4.00,1897,5.305,5.703,0.264
4.00,1898,5.305,5.703,0.264
4.00,1899,-5.730,5.238,0.248
4.00,1900,-8.270,0.036,0.442
4.00,1901,5.422,-5.577,0.259
4.00,1902,-7.555,3.121,0.418
4.00,1903,7.371,3.201,0.313
4.00,1904,-8.270,0.036,0.442
4.00,1905,-5.318,-5.848,0.486
4.00,1906,0.314,-8.029,0.304
4.00,1907,-7.555,3.121,0.418
4.00,1908,7.371,3.201,0.313
4.00,1909,-5.318,-5.848,0.486
4.00,1910,-5.730,5.238,0.248
4.00,1911,-5.318,-5.848,0.486
4.00,1912,0.106,8.264,0.270
4.00,1913,7.371,3.201,0.313
4.00,1914,8.025,-0.408,0.294
4.00,1915,0.106,8.264,0.270
4.00,1916,-7.222,-3.357,0.262
4.00,1917,0.106,8.264,0.270
4.00,1918,-3.109,7.644,0.436
4.00,1919,-3.109,7.644,0.436
4.00,1920,7.348,-3.484,0.291
4.00,1921,0.314,-8.029,0.304
4.00,1922,-5.730,5.238,0.248
4.00,1923,-5.318,-5.848,0.486
4.00,1924,8.025,-0.408,0.294
4.00,1925,3.359,7.474,0.275
4.00,1926,-7.555,3.121,0.418
4.00,1927,0.314,-8.029,0.304
4.00,1928,0.314,-8.029,0.304
4.00,1929,5.305,5.703,0.264
4.00,1930,-5.730,5.238,0.248
4.00,1931,8.025,-0.408,0.294
4.00,1932,7.348,-3.484,0.291
4.00,1933,7.371,3.201,0.313
4.00,1934,7.348,-3.484,0.291
4.00,1935,5.305,5.703,0.264
4.00,1936,3.359,7.474,0.275
4.00,1937,-5.730,5.238,0.248
4.00,1938,5.422,-5.577,0.259
4.00,1939,-7.555,3.121,0.418
4.00,1940,8.025,-0.408,0.294
4.00,1941,8.025,-0.408,0.294
4.00,1942,5.305,5.703,0.264
4.00,1943,0.314,-8.029,0.304
4.00,1944,5.422,-5.577,0.259
4.00,1945,-7.555,3.121,0.418
4.00,1946,0.314,-8.029,0.304
4.00,1947,5.305,5.703,0.264
4.00,1948,0.106,8.264,0.270
4.00,1949,-5.318,-5.848,0.486
4.00,1950,-3.109,7.644,0.436
4.00,1951,-7.222,-3.357,0.262
4.00,1952,-5.318,-5.848,0.486
4.00,1953,0.314,-8.029,0.304
4.00,1954,5.422,-5.577,0.259
4.00,1955,-5.318,-5.848,0.486
4.00,1956,-7.555,3.121,0.418
4.00,1957,-3.109,7.644,0.436
4.00,1958,-5.318,-5.848,0.486
4.00,1959,5.422,-5.577,0.259
4.00,1960,-5.318,-5.848,0.486
4.00,1961,8.025,-0.408,0.294
4.00,1962,7.371,3.201,0.313
4.00,1963,5.422,-5.577,0.259
4.00,1964,8.025,-0.408,0.294
4.00,1965,0.314,-8.029,0.304
4.00,1966,-5.318,-5.848,0.486
4.00,1967,-7.222,-3.357,0.262
4.00,1968,3.359,7.474,0.275
4.00,1969,-7.222,-3.357,0.262
4.00,1970,-8.270,0.036,0.442
4.00,1971,8.025,-0.408,0.294
4.00,1972,-5.318,-5.848,0.486
4.00,1973,-5.318,-5.848,0.486
4.00,1974,-5.730,5.238,0.248
4.00,1975,-5.318,-5.848,0.486
4.00,1976,-3.109,7.644,0.436
4.00,1977,0.314,-8.029,0.304
4.00,1978,-8.270,0.036,0.442
4.00,1979,-7.222,-3.357,0.262
4.00,1980,7.371,3.201,0.313
4.00,1981,0.314,-8.029,0.304
4.00,1982,7.371,3.201,0.313
4.00,1983,-5.730,5.238,0.248
4.00,1984,5.305,5.703,0.264
4.00,1985,5.305,5.703,0.264
4.00,1986,-7.222,-3.357,0.262
4.00,1987,5.305,5.703,0.264
4.00,1988,5.305,5.703,0.264
4.00,1989,0.314,-8.029,0.304
4.00,1990,5.305,5.703,0.264
4.00,1991,-5.318,-5.848,0.486
4.00,1992,5.422,-5.577,0.259
4.00,1993,3.359,7.474,0.275
4.00,1994,3.480,-7.373,0.245
4.00,1995,8.025,-0.408,0.294
4.00,1996,3.359,7.474,0.275
4.00,1997,-3.109,7.644,0.436
4.00,1998,-7.555,3.121,0.418
4.00,1999,-5.318,-5.848,0.486
4.00,2000,-3.109,7.644,0.436
4.00,2001,-5.318,-5.848,0.486
4.00,2002,7.371,3.201,0.313
4.00,2003,-5.318,-5.848,0.486
4.00,2004,5.305,5.703,0.264
4.00,2005,-5.318,-5.848,0.486
4.00,2006,0.314,-8.029,0.304
4.00,2007,8.025,-0.408,0.294
4.00,2008,-8.270,0.036,0.442
4.00,2009,0.314,-8.029,0.304
4.00,2010,5.305,5.703,0.264
4.00,2011,-5.730,5.238,0.248
4.00,2012,0.314,-8.029,0.304
4.00,2013,0.314,-8.029,0.304
4.00,2014,0.314,-8.029,0.304
4.00,2015,-7.222,-3.357,0.262
4.00,2016,-8.270,0.036,0.442
4.00,2017,-5.318,-5.848,0.486
4.00,2018,0.106,8.264,0.270
4.00,2019,-3.109,7.644,0.436
4.00,2020,5.305,5.703,0.264
4.00,2021,7.371,3.201,0.313
4.00,2022,5.422,-5.577,0.259
4.00,2023,-3.109,7.644,0.436
4.00,2024,-7.555,3.121,0.418
4.00,2025,8.025,-0.408,0.294
4.00,2026,0.314,-8.029,0.304
4.00,2027,0.106,8.264,0.270
4.00,2028,-3.109,7.644,0.436
4.00,2029,-8.270,0.036,0.442
4.00,2030,-5.318,-5.848,0.486
4.00,2031,-5.730,5.238,0.248
4.00,2032,-8.270,0.036,0.442
4.00,2033,-5.318,-5.848,0.486
4.00,2034,-5.730,5.238,0.248
4.00,2035,-7.555,3.121,0.418
4.00,2036,8.025,-0.408,0.294
4.00,2037,5.305,5.703,0.264
4.00,2038,-3.109,7.644,0.436
4.00,2039,-8.270,0.036,0.442
4.00,2040,5.422,-5.577,0.259
4.00,2041,5.305,5.703,0.264
4.00,2042,3.359,7.474,0.275
4.00,2043,-5.318,-5.848,0.486
4.00,2044,3.480,-7.373,0.245
4.00,2045,5.422,-5.577,0.259
4.00,2046,-5.730,5.238,0.248
4.00,2047,-5.318,-5.848,0.486
4.00,2048,-3.109,7.644,0.436
4.00,2049,3.480,-7.373,0.245
4.00,2050,0.314,-8.029,0.304
4.00,2051,7.348,-3.484,0.291
4.00,2052,-5.730,5.238,0.248
4.00,2053,-5.730,5.238,0.248
4.00,2054,-5.730,5.238,0.248
4.00,2055,7.371,3.201,0.313
4.00,2056,0.314,-8.029,0.304
4.00,2057,5.305,5.703,0.264
4.00,2058,0.314,-8.029,0.304
4.00,2059,8.025,-0.408,0.294
4.00,2060,8.025,-0.408,0.294
4.00,2061,-8.270,0.036,0.442
4.00,2062,-5.730,5.238,0.248
4.00,2063,-5.730,5.238,0.248
4.00,2064,-8.270,0.036,0.442
4.00,2065,-5.730,5.238,0.248
4.00,2066,0.314,-8.029,0.304
4.00,2067,-7.555,3.121,0.418
4.00,2068,0.314,-8.029,0.304
4.00,2069,5.422,-5.577,0.259
4.00,2070,-3.109,7.644,0.436
4.00,2071,-5.318,-5.848,0.486
4.00,2072,5.305,5.703,0.264
4.00,2073,8.025,-0.408,0.294
4.00,2074,-5.730,5.238,0.248
4.00,2075,7.348,-3.484,0.291
4.00,2076,-5.730,5.238,0.248
4.00,2077,8.025,-0.408,0.294
4.00,2078,5.422,-5.577,0.259
4.00,2079,-5.318,-5.848,0.486
4.00,2080,-7.555,3.121,0.418
4.00,2081,-3.109,7.644,0.436
4.00,2082,-5.318,-5.848,0.486
4.00,2083,-3.109,7.644,0.436
4.00,2084,-8.270,0.036,0.442
4.00,2085,5.422,-5.577,0.259
4.00,2086,0.106,8.264,0.270
4.00,2087,0.314,-8.029,0.304
4.00,2088,-5.318,-5.848,0.486
4.00,2089,7.371,3.201,0.313
4.00,2090,-5.318,-5.848,0.486
4.00,2091,-7.555,3.121,0.418
4.00,2092,0.314,-8.029,0.304
4.00,2093,-7.555,3.121,0.418
4.00,2094,3.359,7.474,0.275
4.00,2095,7.371,3.201,0.313
4.00,2096,-5.730,5.238,0.248
4.00,2097,7.348,-3.484,0.291
4.00,2098,-5.318,-5.848,0.486
4.00,2099,-5.318,-5.848,0.486
4.00,2100,-7.555,3.121,0.418
4.00,2101,5.422,-5.577,0.259
4.00,2102,-7.222,-3.357,0.262
4.00,2103,-8.270,0.036,0.442
4.00,2104,0.314,-8.029,0.304
4.00,2105,-8.270,0.036,0.442
4.00,2106,0.314,-8.029,0.304
4.00,2107,0.106,8.264,0.270
4.00,2108,8.025,-0.408,0.294
4.00,2109,-7.222,-3.357,0.262
4.00,2110,-5.318,-5.848,0.486
4.00,2111,-3.109,7.644,0.436
4.00,2112,-5.318,-5.848,0.486
4.00,2113,-5.730,5.238,0.248
4.00,2114,8.025,-0.408,0.294
4.00,2115,5.422,-5.577,0.259
4.00,2116,-5.730,5.238,0.248
4.00,2117,0.106,8.264,0.270
4.00,2118,5.422,-5.577,0.259
4.00,2119,-5.318,-5.848,0.486
4.00,2120,8.025,-0.408,0.294
4.00,2121,-5.318,-5.848,0.486
4.00,2122,5.305,5.703,0.264
4.00,2123,7.371,3.201,0.313
4.00,2124,-8.270,0.036,0.442
4.00,2125,5.422,-5.577,0.259
4.00,2126,5.422,-5.577,0.259
4.00,2127,-3.109,7.644,0.436
4.00,2128,5.305,5.703,0.264
4.00,2129,5.422,-5.577,0.259
4.00,2130,-3.109,7.644,0.436
4.00,2131,0.106,8.264,0.270
4.00,2132,-3.109,7.644,0.436
4.00,2133,5.422,-5.577,0.259
4.00,2134,7.371,3.201,0.313
4.00,2135,-7.555,3.121,0.418
4.00,2136,-3.109,7.644,0.436
4.00,2137,7.348,-3.484,0.291
4.00,2138,-5.318,-5.848,0.486
4.00,2139,-3.109,7.644,0.436
4.00,2140,0.314,-8.029,0.304
4.00,2141,8.025,-0.408,0.294
4.00,2142,-5.318,-5.848,0.486
4.00,2143,-7.222,-3.357,0.262
4.00,2144,7.348,-3.484,0.291
4.00,2145,7.371,3.201,0.313
4.00,2146,-5.318,-5.848,0.486
4.00,2147,7.348,-3.484,0.291
4.00,2148,3.359,7.474,0.275
4.00,2149,5.305,5.703,0.264
4.00,2150,-5.318,-5.848,0.486
4.00,2151,-5.318,-5.848,0.486
4.00,2152,7.371,3.201,0.313
4.00,2153,-8.270,0.036,0.442
4.00,2154,-5.318,-5.848,0.486
4.00,2155,0.106,8.264,0.270
4.00,2156,5.305,5.703,0.264
4.00,2157,-3.109,7.644,0.436
4.00,2158,-5.730,5.238,0.248
4.00,2159,0.106,8.264,0.270
4.00,2160,-3.109,7.644,0.436
4.00,2161,-5.730,5.238,0.248
4.00,2162,-3.109,7.644,0.436
4.00,2163,-5.318,-5.848,0.486
4.00,2164,0.314,-8.029,0.304
4.00,2165,8.025,-0.408,0.294
4.00,2166,-3.109,7.644,0.436
4.00,2167,3.359,7.474,0.275
4.00,2168,-7.555,3.121,0.418
4.00,2169,-8.270,0.036,0.442
4.00,2170,0.106,8.264,0.270
4.00,2171,7.348,-3.484,0.291
4.00,2172,-3.109,7.644,0.436
4.00,2173,5.305,5.703,0.264
4.00,2174,-5.730,5.238,0.248
4.00,2175,3.359,7.474,0.275
4.00,2176,5.422,-5.577,0.259
4.00,2177,-5.730,5.238,0.248
4.00,2178,5.422,-5.577,0.259
4.00,2179,7.371,3.201,0.313
4.00,2180,3.359,7.474,0.275
4.00,2181,7.348,-3.484,0.291
4.00,2182,-5.318,-5.848,0.486
4.00,2183,8.025,-0.408,0.294
4.00,2184,-5.318,-5.848,0.486
4.00,2185,5.305,5.703,0.264
4.00,2186,5.305,5.703,0.264
4.00,2187,-7.222,-3.357,0.262
4.00,2188,5.305,5.703,0.264
4.00,2189,-5.318,-5.848,0.486
4.00,2190,7.348,-3.484,0.291
4.00,2191,0.314,-8.029,0.304
4.00,2192,-5.318,-5.848,0.486
4.00,2193,0.106,8.264,0.270
4.00,2194,-5.730,5.238,0.248
4.00,2195,0.314,-8.029,0.304
4.00,2196,0.106,8.264,0.270
4.00,2197,-5.730,5.238,0.248
4.00,2198,-8.270,0.036,0.442
4.00,2199,3.359,7.474,0.275
4.00,2200,-3.109,7.644,0.436
4.00,2201,-3.109,7.644,0.436
4.00,2202,0.314,-8.029,0.304
4.00,2203,0.314,-8.029,0.304
4.00,2204,5.422,-5.577,0.259
4.00,2205,-7.555,3.121,0.418
4.00,2206,0.314,-8.029,0.304
4.00,2207,0.314,-8.029,0.304
4.00,2208,0.106,8.264,0.270
4.00,2209,3.359,7.474,0.275
4.00,2210,0.314,-8.029,0.304
4.00,2211,-7.222,-3.357,0.262
4.00,2212,0.106,8.264,0.270
4.00,2213,7.371,3.201,0.313
4.00,2214,-5.730,5.238,0.248
4.00,2215,-8.270,0.036,0.442
4.00,2216,0.314,-8.029,0.304
4.00,2217,-8.270,0.036,0.442
4.00,2218,7.371,3.201,0.313
4.00,2219,-5.318,-5.848,0.486
4.00,2220,5.422,-5.577,0.259
4.00,2221,7.371,3.201,0.313
4.00,2222,-7.555,3.121,0.418
4.00,2223,8.025,-0.408,0.294
4.00,2224,7.348,-3.484,0.291
4.00,2225,-3.109,7.644,0.436
4.00,2226,0.106,8.264,0.270
4.00,2227,0.314,-8.029,0.304
4.00,2228,-7.222,-3.357,0.262
4.00,2229,-8.270,0.036,0.442
4.00,2230,-5.318,-5.848,0.486
4.00,2231,5.305,5.703,0.264
4.00,2232,-5.318,-5.848,0.486
4.00,2233,-7.222,-3.357,0.262
4.00,2234,-5.730,5.238,0.248
4.00,2235,0.314,-8.029,0.304
4.00,2236,0.106,8.264,0.270
4.00,2237,-5.318,-5.848,0.486
4.00,2238,7.371,3.201,0.313
4.00,2239,8.025,-0.408,0.294
4.00,2240,8.025,-0.408,0.294
4.00,2241,-3.109,7.644,0.436
4.00,2242,-7.555,3.121,0.418
4.00,2243,-8.270,0.036,0.442
4.00,2244,8.025,-0.408,0.294
4.00,2245,8.025,-0.408,0.294
4.00,2246,-5.318,-5.848,0.486
4.00,2247,7.348,-3.484,0.291
4.00,2248,-8.270,0.036,0.442
4.00,2249,7.371,3.201,0.313
4.00,2250,-5.318,-5.848,0.486
4.00,2251,0.314,-8.029,0.304
4.00,2252,-5.318,-5.848,0.486
4.00,2253,7.348,-3.484,0.291
4.00,2254,-8.270,0.036,0.442
4.00,2255,5.422,-5.577,0.259
4.00,2256,5.422,-5.577,0.259
4.00,2257,3.480,-7.373,0.245
4.00,2258,5.305,5.703,0.264
4.00,2259,-5.318,-5.848,0.486
4.00,2260,7.371,3.201,0.313
4.00,2261,0.106,8.264,0.270
4.00,2262,5.305,5.703,0.264
4.00,2263,-5.730,5.238,0.248
4.00,2264,7.371,3.201,0.313
4.00,2265,8.025,-0.408,0.294
4.00,2266,0.106,8.264,0.270
4.00,2267,-3.109,7.644,0.436
4.00,2268,0.106,8.264,0.270
4.00,2269,-5.730,5.238,0.248
4.00,2270,8.025,-0.408,0.294
4.00,2271,0.314,-8.029,0.304
4.00,2272,3.359,7.474,0.275
4.00,2273,5.422,-5.577,0.259
4.00,2274,0.314,-8.029,0.304
4.00,2275,0.106,8.264,0.270
4.00,2276,7.371,3.201,0.313
4.00,2277,-5.318,-5.848,0.486
4.00,2278,-8.270,0.036,0.442
4.00,2279,5.305,5.703,0.264
4.00,2280,7.348,-3.484,0.291
4.00,2281,5.422,-5.577,0.259
4.00,2282,-5.318,-5.848,0.486
4.00,2283,5.305,5.703,0.264
4.00,2284,5.422,-5.577,0.259
4.00,2285,5.422,-5.577,0.259
4.00,2286,5.422,-5.577,0.259
4.00,2287,7.348,-3.484,0.291
4.00,2288,-7.555,3.121,0.418
4.00,2289,-5.318,-5.848,0.486
4.00,2290,-5.318,-5.848,0.486
4.00,2291,5.422,-5.577,0.259
4.00,2292,0.106,8.264,0.270
4.00,2293,-5.730,5.238,0.248
4.00,2294,5.305,5.703,0.264
4.00,2295,5.422,-5.577,0.259
4.00,2296,-5.318,-5.848,0.486
4.00,2297,0.314,-8.029,0.304
4.00,2298,-5.318,-5.848,0.486
4.00,2299,-5.318,-5.848,0.486
4.00,2300,-5.730,5.238,0.248
4.00,2301,0.106,8.264,0.270
4.00,2302,-5.318,-5.848,0.486
4.00,2303,0.314,-8.029,0.304
4.00,2304,5.305,5.703,0.264
4.00,2305,7.371,3.201,0.313
4.00,2306,-8.270,0.036,0.442
4.00,2307,-3.109,7.644,0.436
4.00,2308,-5.318,-5.848,0.486
4.00,2309,-5.730,5.238,0.248
4.00,2310,-8.270,0.036,0.442
4.00,2311,0.314,-8.029,0.304
4.00,2312,0.106,8.264,0.270
4.00,2313,7.371,3.201,0.313
4.00,2314,0.106,8.264,0.270
4.00,2315,8.025,-0.408,0.294
4.00,2316,5.305,5.703,0.264
4.00,2317,0.314,-8.029,0.304
4.00,2318,0.314,-8.029,0.304
4.00,2319,5.305,5.703,0.264
4.00,2320,8.025,-0.408,0.294
4.00,2321,5.422,-5.577,0.259
4.00,2322,-5.730,5.238,0.248
4.00,2323,-5.318,-5.848,0.486
4.00,2324,3.359,7.474,0.275
4.00,2325,7.371,3.201,0.313
4.00,2326,3.359,7.474,0.275
4.00,2327,-5.318,-5.848,0.486
4.00,2328,5.422,-5.577,0.259
4.00,2329,-5.730,5.238,0.248
4.00,2330,-8.270,0.036,0.442
4.00,2331,-8.270,0.036,0.442
4.00,2332,-5.318,-5.848,0.486
4.00,2333,5.422,-5.577,0.259
4.00,2334,7.348,-3.484,0.291
4.00,2335,-8.270,0.036,0.442
4.00,2336,7.371,3.201,0.313
4.00,2337,-5.318,-5.848,0.486
4.00,2338,0.314,-8.029,0.304
4.00,2339,-5.318,-5.848,0.486
4.00,2340,-3.109,7.644,0.436
4.00,2341,-5.318,-5.848,0.486
4.00,2342,-5.730,5.238,0.248
4.00,2343,-5.730,5.238,0.248
4.00,2344,-7.555,3.121,0.418
4.00,2345,0.314,-8.029,0.304
4.00,2346,-5.730,5.238,0.248
4.00,2347,-7.555,3.121,0.418
4.00,2348,5.305,5.703,0.264
4.00,2349,5.305,5.703,0.264
4.00,2350,8.025,-0.408,0.294
4.00,2351,5.422,-5.577,0.259
4.00,2352,3.359,7.474,0.275
4.00,2353,-8.270,0.036,0.442
4.00,2354,5.422,-5.577,0.259
4.00,2355,-5.318,-5.848,0.486
4.00,2356,-5.318,-5.848,0.486
4.00,2357,3.359,7.474,0.275
4.00,2358,7.348,-3.484,0.291
4.00,2359,5.422,-5.577,0.259
4.00,2360,0.106,8.264,0.270
4.00,2361,-5.318,-5.848,0.486
4.00,2362,0.314,-8.029,0.304
4.00,2363,5.305,5.703,0.264
4.00,2364,0.314,-8.029,0.304
4.00,2365,5.305,5.703,0.264
4.00,2366,0.106,8.264,0.270
4.00,2367,-7.555,3.121,0.418
4.00,2368,8.025,-0.408,0.294
4.00,2369,7.348,-3.484,0.291
4.00,2370,-8.270,0.036,0.442
4.00,2371,0.314,-8.029,0.304
4.00,2372,-5.730,5.238,0.248
4.00,2373,7.371,3.201,0.313
4.00,2374,7.348,-3.484,0.291
4.00,2375,-8.270,0.036,0.442
4.00,2376,8.025,-0.408,0.294
4.00,2377,-5.318,-5.848,0.486
4.00,2378,-8.270,0.036,0.442
4.00,2379,-7.222,-3.357,0.262
4.00,2380,-7.555,3.121,0.418
4.00,2381,-7.222,-3.357,0.262
4.00,2382,-8.270,0.036,0.442
4.00,2383,-7.555,3.121,0.418
4.00,2384,-7.555,3.121,0.418
4.00,2385,-7.222,-3.357,0.262
4.00,2386,-5.318,-5.848,0.486
4.00,2387,3.359,7.474,0.275
4.00,2388,7.371,3.201,0.313
4.00,2389,-3.109,7.644,0.436
4.00,2390,-3.109,7.644,0.436
4.00,2391,-5.730,5.238,0.248
4.00,2392,-3.109,7.644,0.436
4.00,2393,-3.109,7.644,0.436
4.00,2394,-5.730,5.238,0.248
4.00,2395,-5.318,-5.848,0.486
4.00,2396,3.480,-7.373,0.245
4.00,2397,0.106,8.264,0.270
4.00,2398,3.359,7.474,0.275
4.00,2399,-5.730,5.238,0.248
4.00,2400,7.371,3.201,0.313
4.00,2401,-8.270,0.036,0.442
4.00,2402,-5.730,5.238,0.248
4.00,2403,-5.318,-5.848,0.486
4.00,2404,-5.318,-5.848,0.486
4.00,2405,3.359,7.474,0.275
4.00,2406,-5.318,-5.848,0.486
4.00,2407,8.025,-0.408,0.294
4.00,2408,-3.109,7.644,0.436
4.00,2409,-5.318,-5.848,0.486
4.00,2410,5.305,5.703,0.264
4.00,2411,5.305,5.703,0.264
4.00,2412,-5.730,5.238,0.248
4.00,2413,5.305,5.703,0.264
4.00,2414,-5.318,-5.848,0.486
4.00,2415,-8.270,0.036,0.442
4.00,2416,5.422,-5.577,0.259
4.00,2417,0.106,8.264,0.270
4.00,2418,8.025,-0.408,0.294
4.00,2419,5.422,-5.577,0.259
4.00,2420,-5.730,5.238,0.248
4.00,2421,7.371,3.201,0.313
4.00,2422,3.480,-7.373,0.245
4.00,2423,0.106,8.264,0.270
4.00,2424,5.305,5.703,0.264
4.00,2425,0.314,-8.029,0.304
4.00,2426,-5.730,5.238,0.248
4.00,2427,-7.555,3.121,0.418
4.00,2428,-7.555,3.121,0.418
4.00,2429,7.371,3.201,0.313
4.00,2430,-5.318,-5.848,0.486
4.00,2431,-5.318,-5.848,0.486
4.00,2432,-5.730,5.238,0.248
4.00,2433,7.371,3.201,0.313
4.00,2434,5.305,5.703,0.264
4.00,2435,8.025,-0.408,0.294
4.00,2436,5.305,5.703,0.264
4.00,2437,7.348,-3.484,0.291
4.00,2438,-8.270,0.036,0.442
4.00,2439,5.305,5.703,0.264
4.00,2440,5.305,5.703,0.264
4.00,2441,3.359,7.474,0.275
4.00,2442,0.314,-8.029,0.304
4.00,2443,7.348,-3.484,0.291
4.00,2444,-5.318,-5.848,0.486
4.00,2445,-7.555,3.121,0.418
4.00,2446,-5.318,-5.848,0.486
4.00,2447,5.305,5.703,0.264
4.00,2448,-7.555,3.121,0.418
4.00,2449,-3.109,7.644,0.436
4.00,2450,3.359,7.474,0.275
4.00,2451,-8.270,0.036,0.442
4.00,2452,0.314,-8.029,0.304
4.00,2453,5.305,5.703,0.264
4.00,2454,-5.318,-5.848,0.486
4.00,2455,3.480,-7.373,0.245
4.00,2456,0.106,8.264,0.270
4.00,2457,5.305,5.703,0.264
4.00,2458,8.025,-0.408,0.294
4.00,2459,5.422,-5.577,0.259
4.00,2460,0.106,8.264,0.270
4.00,2461,3.359,7.474,0.275
4.00,2462,7.348,-3.484,0.291
4.00,2463,0.314,-8.029,0.304
4.00,2464,3.359,7.474,0.275
4.00,2465,-8.270,0.036,0.442
4.00,2466,0.106,8.264,0.270
4.00,2467,-5.318,-5.848,0.486
4.00,2468,-5.730,5.238,0.248
4.00,2469,3.359,7.474,0.275
4.00,2470,-5.730,5.238,0.248
4.00,2471,-8.270,0.036,0.442
4.00,2472,-5.318,-5.848,0.486
4.00,2473,0.314,-8.029,0.304
4.00,2474,-5.730,5.238,0.248
4.00,2475,3.359,7.474,0.275
4.00,2476,8.025,-0.408,0.294
4.00,2477,-5.318,-5.848,0.486
4.00,2478,-5.318,-5.848,0.486
4.00,2479,7.348,-3.484,0.291
4.00,2480,-5.318,-5.848,0.486
4.00,2481,0.106,8.264,0.270
4.00,2482,-8.270,0.036,0.442
4.00,2483,3.359,7.474,0.275
4.00,2484,-8.270,0.036,0.442
4.00,2485,-5.730,5.238,0.248
4.00,2486,-5.318,-5.848,0.486
4.00,2487,-5.318,-5.848,0.486
4.00,2488,5.422,-5.577,0.259
4.00,2489,-7.555,3.121,0.418
4.00,2490,5.422,-5.577,0.259
4.00,2491,0.314,-8.029,0.304
4.00,2492,5.305,5.703,0.264
4.00,2493,7.348,-3.484,0.291
4.00,2494,-5.318,-5.848,0.486
4.00,2495,-5.730,5.238,0.248
4.00,2496,0.314,-8.029,0.304
4.00,2497,-5.730,5.238,0.248
4.00,2498,-5.318,-5.848,0.486
4.00,2499,-7.222,-3.357,0.262
4.00,2500,-7.555,3.121,0.418
4.00,2501,0.314,-8.029,0.304
4.00,2502,-8.270,0.036,0.442
4.00,2503,0.106,8.264,0.270
4.00,2504,-7.555,3.121,0.418
4.00,2505,8.025,-0.408,0.294
4.00,2506,0.314,-8.029,0.304
4.00,2507,-8.270,0.036,0.442
4.00,2508,-5.730,5.238,0.248
4.00,2509,7.348,-3.484,0.291
4.00,2510,3.359,7.474,0.275
4.00,2511,-5.318,-5.848,0.486
4.00,2512,5.422,-5.577,0.259
4.00,2513,5.422,-5.577,0.259
4.00,2514,-5.318,-5.848,0.486
4.00,2515,8.025,-0.408,0.294
4.00,2516,0.106,8.264,0.270
4.00,2517,0.106,8.264,0.270
4.00,2518,5.305,5.703,0.264
4.00,2519,0.106,8.264,0.270
4.00,2520,-5.730,5.238,0.248
4.00,2521,0.314,-8.029,0.304
4.00,2522,-7.555,3.121,0.418
4.00,2523,-5.730,5.238,0.248
4.00,2524,7.348,-3.484,0.291
4.00,2525,0.314,-8.029,0.304
4.00,2526,-3.109,7.644,0.436
4.00,2527,-5.730,5.238,0.248
4.00,2528,5.422,-5.577,0.259
4.00,2529,-5.318,-5.848,0.486
4.00,2530,-5.730,5.238,0.248
4.00,2531,-3.109,7.644,0.436
4.00,2532,0.314,-8.029,0.304
4.00,2533,7.371,3.201,0.313
4.00,2534,5.422,-5.577,0.259
4.00,2535,-3.109,7.644,0.436
4.00,2536,3.359,7.474,0.275
4.00,2537,-5.318,-5.848,0.486
4.00,2538,5.422,-5.577,0.259
4.00,2539,7.348,-3.484,0.291
4.00,2540,5.422,-5.577,0.259
4.00,2541,-5.318,-5.848,0.486
4.00,2542,5.422,-5.577,0.259
4.00,2543,3.359,7.474,0.275
4.00,2544,0.106,8.264,0.270
4.00,2545,-5.730,5.238,0.248
4.00,2546,0.106,8.264,0.270
4.00,2547,-5.318,-5.848,0.486
4.00,2548,-5.318,-5.848,0.486
4.00,2549,-7.555,3.121,0.418
4.00,2550,-5.730,5.238,0.248
4.00,2551,-8.270,0.036,0.442
4.00,2552,-5.730,5.238,0.248
4.00,2553,5.422,-5.577,0.259
4.00,2554,-5.318,-5.848,0.486
4.00,2555,-5.318,-5.848,0.486
4.00,2556,-8.270,0.036,0.442
4.00,2557,-3.109,7.644,0.436
4.00,2558,8.025,-0.408,0.294
4.00,2559,-7.555,3.121,0.418
4.00,2560,5.305,5.703,0.264
4.00,2561,7.371,3.201,0.313
4.00,2562,-5.730,5.238,0.248
4.00,2563,5.422,-5.577,0.259
4.00,2564,0.314,-8.029,0.304
4.00,2565,3.480,-7.373,0.245
4.00,2566,-5.318,-5.848,0.486
4.00,2567,0.106,8.264,0.270
4.00,2568,8.025,-0.408,0.294
4.00,2569,8.025,-0.408,0.294
4.00,2570,0.106,8.264,0.270
4.00,2571,5.422,-5.577,0.259
4.00,2572,-7.555,3.121,0.418
4.00,2573,-8.270,0.036,0.442
4.00,2574,-3.109,7.644,0.436
4.00,2575,5.305,5.703,0.264
4.00,2576,-5.318,-5.848,0.486
4.00,2577,-7.555,3.121,0.418
4.00,2578,5.305,5.703,0.264
4.00,2579,5.305,5.703,0.264
4.00,2580,-5.730,5.238,0.248
4.00,2581,7.371,3.201,0.313
4.00,2582,-7.555,3.121,0.418
4.00,2583,0.314,-8.029,0.304
4.00,2584,-5.318,-5.848,0.486
4.00,2585,7.348,-3.484,0.291
4.00,2586,0.314,-8.029,0.304
4.00,2587,-8.270,0.036,0.442
4.00,2588,-7.555,3.121,0.418
4.00,2589,-8.270,0.036,0.442
4.00,2590,7.371,3.201,0.313
4.00,2591,3.480,-7.373,0.245
4.00,2592,0.314,-8.029,0.304
4.00,2593,7.348,-3.484,0.291
4.00,2594,-8.270,0.036,0.442
4.00,2595,5.305,5.703,0.264
4.00,2596,8.025,-0.408,0.294
4.00,2597,8.025,-0.408,0.294
4.00,2598,-8.270,0.036,0.442
4.00,2599,3.359,7.474,0.275
4.00,2600,0.106,8.264,0.270
4.00,2601,-5.318,-5.848,0.486
4.00,2602,0.314,-8.029,0.304
4.00,2603,-3.109,7.644,0.436
4.00,2604,-5.318,-5.848,0.486
4.00,2605,8.025,-0.408,0.294
4.00,2606,-8.270,0.036,0.442
4.00,2607,5.305,5.703,0.264
4.00,2608,5.305,5.703,0.264
4.00,2609,0.314,-8.029,0.304
4.00,2610,-5.318,-5.848,0.486
4.00,2611,-5.730,5.238,0.248
4.00,2612,0.106,8.264,0.270
4.00,2613,7.371,3.201,0.313
4.00,2614,5.422,-5.577,0.259
4.00,2615,7.371,3.201,0.313
4.00,2616,-7.555,3.121,0.418
4.00,2617,5.305,5.703,0.264
4.00,2618,-5.318,-5.848,0.486
4.00,2619,-5.318,-5.848,0.486
4.00,2620,8.025,-0.408,0.294
4.00,2621,-8.270,0.036,0.442
4.00,2622,3.359,7.474,0.275
4.00,2623,-8.270,0.036,0.442
4.00,2624,0.314,-8.029,0.304
4.00,2625,0.314,-8.029,0.304
4.00,2626,-7.222,-3.357,0.262
4.00,2627,8.025,-0.408,0.294
4.00,2628,0.314,-8.029,0.304
4.00,2629,5.305,5.703,0.264
4.00,2630,5.422,-5.577,0.259
4.00,2631,7.371,3.201,0.313
4.00,2632,-5.318,-5.848,0.486
4.00,2633,7.371,3.201,0.313
4.00,2634,5.422,-5.577,0.259
4.00,2635,3.480,-7.373,0.245
4.00,2636,-3.109,7.644,0.436
4.00,2637,8.025,-0.408,0.294
4.00,2638,-8.270,0.036,0.442
4.00,2639,7.371,3.201,0.313
4.00,2640,-5.318,-5.848,0.486
4.00,2641,-3.109,7.644,0.436
4.00,2642,5.422,-5.577,0.259
4.00,2643,8.025,-0.408,0.294
4.00,2644,-3.109,7.644,0.436
4.00,2645,8.025,-0.408,0.294
4.00,2646,7.371,3.201,0.313
4.00,2647,5.305,5.703,0.264
4.00,2648,8.025,-0.408,0.294
4.00,2649,-7.222,-3.357,0.262
4.00,2650,-8.270,0.036,0.442
4.00,2651,5.305,5.703,0.264
4.00,2652,5.422,-5.577,0.259
4.00,2653,0.314,-8.029,0.304
4.00,2654,-7.555,3.121,0.418
4.00,2655,-5.318,-5.848,0.486
4.00,2656,7.371,3.201,0.313
4.00,2657,-5.730,5.238,0.248
4.00,2658,-8.270,0.036,0.442
4.00,2659,-3.109,7.644,0.436
4.00,2660,8.025,-0.408,0.294
4.00,2661,7.371,3.201,0.313
4.00,2662,5.422,-5.577,0.259
4.00,2663,5.422,-5.577,0.259
4.00,2664,0.106,8.264,0.270
4.00,2665,0.106,8.264,0.270
4.00,2666,-5.730,5.238,0.248
4.00,2667,-7.555,3.121,0.418
4.00,2668,8.025,-0.408,0.294
4.00,2669,-5.318,-5.848,0.486
4.00,2670,-5.318,-5.848,0.486
4.00,2671,5.305,5.703,0.264
4.00,2672,-5.730,5.238,0.248
4.00,2673,-5.730,5.238,0.248
4.00,2674,-5.318,-5.848,0.486
4.00,2675,-5.318,-5.848,0.486
4.00,2676,0.106,8.264,0.270
4.00,2677,7.371,3.201,0.313
4.00,2678,-8.270,0.036,0.442
4.00,2679,0.106,8.264,0.270
4.00,2680,5.422,-5.577,0.259
4.00,2681,7.371,3.201,0.313
4.00,2682,5.305,5.703,0.264
4.00,2683,5.422,-5.577,0.259
4.00,2684,-5.730,5.238,0.248
4.00,2685,0.106,8.264,0.270
4.00,2686,-5.730,5.238,0.248
4.00,2687,-5.318,-5.848,0.486
4.00,2688,-5.730,5.238,0.248
4.00,2689,5.305,5.703,0.264
4.00,2690,0.314,-8.029,0.304
4.00,2691,8.025,-0.408,0.294
4.00,2692,-8.270,0.036,0.442
4.00,2693,0.106,8.264,0.270
4.00,2694,3.359,7.474,0.275
4.00,2695,8.025,-0.408,0.294
4.00,2696,-7.555,3.121,0.418
4.00,2697,8.025,-0.408,0.294
4.00,2698,0.106,8.264,0.270
4.00,2699,7.371,3.201,0.313
4.00,2700,-8.270,0.036,0.442
4.00,2701,7.371,3.201,0.313
4.00,2702,8.025,-0.408,0.294
4.00,2703,-8.270,0.036,0.442
4.00,2704,-5.730,5.238,0.248
4.00,2705,0.106,8.264,0.270
4.00,2706,5.422,-5.577,0.259
4.00,2707,-8.270,0.036,0.442
4.00,2708,-5.318,-5.848,0.486
4.00,2709,-5.730,5.238,0.248
4.00,2710,0.314,-8.029,0.304
4.00,2711,3.480,-7.373,0.245
4.00,2712,-5.318,-5.848,0.486
4.00,2713,8.025,-0.408,0.294
4.00,2714,-8.270,0.036,0.442
4.00,2715,5.305,5.703,0.264
4.00,2716,8.025,-0.408,0.294
4.00,2717,-5.318,-5.848,0.486
4.00,2718,-5.318,-5.848,0.486
4.00,2719,0.314,-8.029,0.304
4.00,2720,5.305,5.703,0.264
4.00,2721,5.305,5.703,0.264
4.00,2722,-5.730,5.238,0.248
4.00,2723,-5.730,5.238,0.248
4.00,2724,5.422,-5.577,0.259
4.00,2725,8.025,-0.408,0.294
4.00,2726,-5.318,-5.848,0.486
4.00,2727,-5.318,-5.848,0.486
4.00,2728,5.305,5.703,0.264
4.00,2729,-5.318,-5.848,0.486
4.00,2730,5.422,-5.577,0.259
4.00,2731,0.106,8.264,0.270
4.00,2732,3.359,7.474,0.275
4.00,2733,-3.109,7.644,0.436
4.00,2734,5.305,5.703,0.264
4.00,2735,0.106,8.264,0.270
4.00,2736,-5.318,-5.848,0.486
4.00,2737,5.422,-5.577,0.259
4.00,2738,-5.730,5.238,0.248
4.00,2739,8.025,-0.408,0.294
4.00,2740,-7.555,3.121,0.418
4.00,2741,-8.270,0.036,0.442
4.00,2742,0.314,-8.029,0.304
4.00,2743,0.314,-8.029,0.304
4.00,2744,7.348,-3.484,0.291
4.00,2745,-5.730,5.238,0.248
4.00,2746,-7.555,3.121,0.418
4.00,2747,5.305,5.703,0.264
4.00,2748,-8.270,0.036,0.442
4.00,2749,-5.318,-5.848,0.486
4.00,2750,-5.730,5.238,0.248
4.00,2751,-7.555,3.121,0.418
4.00,2752,8.025,-0.408,0.294
4.00,2753,-5.318,-5.848,0.486
4.00,2754,0.314,-8.029,0.304
4.00,2755,3.359,7.474,0.275
4.00,2756,8.025,-0.408,0.294
4.00,2757,0.314,-8.029,0.304
4.00,2758,-7.555,3.121,0.418
4.00,2759,-5.318,-5.848,0.486
4.00,2760,-5.730,5.238,0.248
4.00,2761,0.106,8.264,0.270
4.00,2762,-3.109,7.644,0.436
4.00,2763,0.106,8.264,0.270
4.00,2764,5.422,-5.577,0.259
4.00,2765,5.305,5.703,0.264
4.00,2766,-5.318,-5.848,0.486
4.00,2767,7.348,-3.484,0.291
4.00,2768,8.025,-0.408,0.294
4.00,2769,-5.730,5.238,0.248
4.00,2770,-7.222,-3.357,0.262
4.00,2771,-8.270,0.036,0.442
4.00,2772,-7.555,3.121,0.418
4.00,2773,3.359,7.474,0.275
4.00,2774,-5.318,-5.848,0.486
4.00,2775,3.359,7.474,0.275
4.00,2776,-5.318,-5.848,0.486
4.00,2777,7.371,3.201,0.313
4.00,2778,0.106,8.264,0.270
4.00,2779,5.305,5.703,0.264
4.00,2780,7.371,3.201,0.313
4.00,2781,0.106,8.264,0.270
4.00,2782,-8.270,0.036,0.442
4.00,2783,-5.730,5.238,0.248
4.00,2784,0.106,8.264,0.270
4.00,2785,0.314,-8.029,0.304
4.00,2786,0.106,8.264,0.270
4.00,2787,-5.730,5.238,0.248
4.00,2788,-3.109,7.644,0.436
4.00,2789,-5.318,-5.848,0.486
4.00,2790,5.305,5.703,0.264
4.00,2791,7.371,3.201,0.313
4.00,2792,-3.109,7.644,0.436
4.00,2793,-8.270,0.036,0.442
4.00,2794,5.305,5.703,0.264
4.00,2795,-3.109,7.644,0.436
4.00,2796,-5.318,-5.848,0.486
4.00,2797,8.025,-0.408,0.294
4.00,2798,7.371,3.201,0.313
4.00,2799,7.348,-3.484,0.291
4.00,2800,5.305,5.703,0.264
4.00,2801,-7.555,3.121,0.418
4.00,2802,-8.270,0.036,0.442
4.00,2803,-5.318,-5.848,0.486
4.00,2804,0.106,8.264,0.270
4.00,2805,-5.730,5.238,0.248
4.00,2806,-5.318,-5.848,0.486
4.00,2807,-5.318,-5.848,0.486
4.00,2808,-8.270,0.036,0.442
4.00,2809,0.314,-8.029,0.304
4.00,2810,-8.270,0.036,0.442
4.00,2811,-7.555,3.121,0.418
4.00,2812,-5.318,-5.848,0.486
4.00,2813,0.106,8.264,0.270
4.00,2814,-5.318,-5.848,0.486
4.00,2815,5.305,5.703,0.264
4.00,2816,8.025,-0.408,0.294
4.00,2817,7.371,3.201,0.313
4.00,2818,-7.222,-3.357,0.262
4.00,2819,5.305,5.703,0.264
4.00,2820,-7.222,-3.357,0.262
4.00,2821,5.422,-5.577,0.259
4.00,2822,5.422,-5.577,0.259
4.00,2823,3.359,7.474,0.275
4.00,2824,-5.318,-5.848,0.486
4.00,2825,-5.730,5.238,0.248
4.00,2826,0.314,-8.029,0.304
4.00,2827,7.371,3.201,0.313
4.00,2828,5.422,-5.577,0.259
4.00,2829,7.371,3.201,0.313
4.00,2830,-5.318,-5.848,0.486
4.00,2831,-8.270,0.036,0.442
4.00,2832,-5.318,-5.848,0.486
4.00,2833,-7.555,3.121,0.418
4.00,2834,0.314,-8.029,0.304
4.00,2835,-5.318,-5.848,0.486
4.00,2836,-5.318,-5.848,0.486
4.00,2837,-5.318,-5.848,0.486
4.00,2838,-3.109,7.644,0.436
4.00,2839,-7.222,-3.357,0.262
4.00,2840,-7.222,-3.357,0.262
4.00,2841,5.305,5.703,0.264
4.00,2842,-3.109,7.644,0.436
4.00,2843,-8.270,0.036,0.442
4.00,2844,-8.270,0.036,0.442
4.00,2845,-3.109,7.644,0.436
4.00,2846,-3.109,7.644,0.436
4.00,2847,-5.730,5.238,0.248
4.00,2848,-8.270,0.036,0.442
4.00,2849,-5.318,-5.848,0.486
4.00,2850,5.422,-5.577,0.259
4.00,2851,0.314,-8.029,0.304
4.00,2852,5.305,5.703,0.264
4.00,2853,-3.109,7.644,0.436
4.00,2854,0.106,8.264,0.270
4.00,2855,-5.730,5.238,0.248
4.00,2856,-3.109,7.644,0.436
4.00,2857,5.422,-5.577,0.259
4.00,2858,3.359,7.474,0.275
4.00,2859,-5.318,-5.848,0.486
4.00,2860,-5.318,-5.848,0.486
4.00,2861,0.314,-8.029,0.304
4.00,2862,-5.730,5.238,0.248
4.00,2863,5.305,5.703,0.264
4.00,2864,-5.730,5.238,0.248
4.00,2865,7.371,3.201,0.313
4.00,2866,0.314,-8.029,0.304
4.00,2867,-8.270,0.036,0.442
4.00,2868,7.371,3.201,0.313
4.00,2869,-5.318,-5.848,0.486
4.00,2870,-7.555,3.121,0.418
4.00,2871,-5.318,-5.848,0.486
4.00,2872,8.025,-0.408,0.294
4.00,2873,0.106,8.264,0.270
4.00,2874,-7.555,3.121,0.418
4.00,2875,5.422,-5.577,0.259
4.00,2876,3.480,-7.373,0.245
4.00,2877,-7.555,3.121,0.418
4.00,2878,-5.730,5.238,0.248
4.00,2879,-8.270,0.036,0.442
4.00,2880,3.480,-7.373,0.245
4.00,2881,-7.555,3.121,0.418
4.00,2882,0.106,8.264,0.270
4.00,2883,0.106,8.264,0.270
4.00,2884,-8.270,0.036,0.442
4.00,2885,7.348,-3.484,0.291
4.00,2886,8.025,-0.408,0.294
4.00,2887,5.305,5.703,0.264
4.00,2888,0.106,8.264,0.270
4.00,2889,3.480,-7.373,0.245
4.00,2890,0.314,-8.029,0.304
4.00,2891,-5.318,-5.848,0.486
4.00,2892,-7.555,3.121,0.418
4.00,2893,0.106,8.264,0.270
4.00,2894,0.106,8.264,0.270
4.00,2895,-5.730,5.238,0.248
4.00,2896,7.371,3.201,0.313
4.00,2897,5.305,5.703,0.264
4.00,2898,8.025,-0.408,0.294
4.00,2899,0.314,-8.029,0.304
4.00,2900,5.305,5.703,0.264
4.00,2901,-3.109,7.644,0.436
4.00,2902,-5.730,5.238,0.248
4.00,2903,5.422,-5.577,0.259
4.00,2904,-7.555,3.121,0.418
4.00,2905,5.305,5.703,0.264
4.00,2906,3.480,-7.373,0.245
4.00,2907,0.314,-8.029,0.304
4.00,2908,7.371,3.201,0.313
4.00,2909,-5.318,-5.848,0.486
4.00,2910,-8.270,0.036,0.442
4.00,2911,-5.318,-5.848,0.486
4.00,2912,-7.222,-3.357,0.262
4.00,2913,-7.222,-3.357,0.262
4.00,2914,-7.555,3.121,0.418
4.00,2915,-5.730,5.238,0.248
4.00,2916,3.480,-7.373,0.245
4.00,2917,5.422,-5.577,0.259
4.00,2918,3.359,7.474,0.275
4.00,2919,5.422,-5.577,0.259
4.00,2920,-5.318,-5.848,0.486
4.00,2921,-3.109,7.644,0.436
4.00,2922,0.106,8.264,0.270
4.00,2923,-5.318,-5.848,0.486
4.00,2924,7.348,-3.484,0.291
4.00,2925,-8.270,0.036,0.442
4.00,2926,5.305,5.703,0.264
4.00,2927,-5.730,5.238,0.248
4.00,2928,8.025,-0.408,0.294
4.00,2929,-7.555,3.121,0.418
4.00,2930,-7.555,3.121,0.418
4.00,2931,5.305,5.703,0.264
4.00,2932,0.106,8.264,0.270
4.00,2933,-5.318,-5.848,0.486
4.00,2934,5.422,-5.577,0.259
4.00,2935,8.025,-0.408,0.294
4.00,2936,8.025,-0.408,0.294
4.00,2937,-5.318,-5.848,0.486
4.00,2938,-3.109,7.644,0.436
4.00,2939,-5.318,-5.848,0.486
4.00,2940,-3.109,7.644,0.436
4.00,2941,0.314,-8.029,0.304
4.00,2942,-3.109,7.644,0.436
4.00,2943,-5.318,-5.848,0.486
4.00,2944,0.106,8.264,0.270
4.00,2945,-5.318,-5.848,0.486
4.00,2946,5.305,5.703,0.264
4.00,2947,8.025,-0.408,0.294
4.00,2948,8.025,-0.408,0.294
4.00,2949,0.106,8.264,0.270
4.00,2950,8.025,-0.408,0.294
4.00,2951,-8.270,0.036,0.442
4.00,2952,0.106,8.264,0.270
4.00,2953,-3.109,7.644,0.436
4.00,2954,-8.270,0.036,0.442
4.00,2955,7.371,3.201,0.313
4.00,2956,5.422,-5.577,0.259
4.00,2957,0.106,8.264,0.270
4.00,2958,-5.730,5.238,0.248
4.00,2959,3.359,7.474,0.275
4.00,2960,7.348,-3.484,0.291
4.00,2961,-5.318,-5.848,0.486
4.00,2962,5.422,-5.577,0.259
4.00,2963,5.422,-5.577,0.259
4.00,2964,-5.730,5.238,0.248
4.00,2965,5.305,5.703,0.264
4.00,2966,-8.270,0.036,0.442
4.00,2967,3.359,7.474,0.275
4.00,2968,8.025,-0.408,0.294
4.00,2969,-8.270,0.036,0.442
4.00,2970,0.106,8.264,0.270
4.00,2971,-5.318,-5.848,0.486
4.00,2972,-5.318,-5.848,0.486
4.00,2973,5.422,-5.577,0.259
4.00,2974,-3.109,7.644,0.436
4.00,2975,0.106,8.264,0.270
4.00,2976,-7.222,-3.357,0.262
4.00,2977,-5.730,5.238,0.248
4.00,2978,-7.555,3.121,0.418
4.00,2979,0.314,-8.029,0.304
4.00,2980,5.422,-5.577,0.259
4.00,2981,-7.555,3.121,0.418
4.00,2982,7.348,-3.484,0.291
4.00,2983,-3.109,7.644,0.436
4.00,2984,0.106,8.264,0.270
4.00,2985,8.025,-0.408,0.294
4.00,2986,-5.318,-5.848,0.486
4.00,2987,-8.270,0.036,0.442
4.00,2988,0.106,8.264,0.270
4.00,2989,7.348,-3.484,0.291
4.00,2990,-5.730,5.238,0.248
4.00,2991,5.422,-5.577,0.259
4.00,2992,-7.222,-3.357,0.262
4.00,2993,3.359,7.474,0.275
4.00,2994,0.314,-8.029,0.304
4.00,2995,8.025,-0.408,0.294
4.00,2996,-8.270,0.036,0.442
4.00,2997,-7.555,3.121,0.418
4.00,2998,7.348,-3.484,0.291
4.00,2999,5.422,-5.577,0.259
8.00,0,-8.270,0.036,0.442
8.00,1,7.371,3.201,0.313
8.00,2,5.422,-5.577,0.259
8.00,3,-5.318,-5.848,0.486
8.00,4,5.422,-5.577,0.259
8.00,5,8.025,-0.408,0.294
8.00,6,-5.318,-5.848,0.486
8.00,7,7.371,3.201,0.313
8.00,8,-5.318,-5.848,0.486
8.00,9,-5.318,-5.848,0.486
8.00,10,7.348,-3.484,0.291
8.00,11,-7.222,-3.357,0.262
8.00,12,8.025,-0.408,0.294
8.00,13,5.422,-5.577,0.259
8.00,14,-5.730,5.238,0.248
8.00,15,0.314,-8.029,0.304
8.00,16,7.348,-3.484,0.291
8.00,17,-5.730,5.238,0.248
8.00,18,5.305,5.703,0.264
8.00,19,-8.270,0.036,0.442
8.00,20,-8.270,0.036,0.442
8.00,21,5.305,5.703,0.264
8.00,22,7.371,3.201,0.313
8.00,23,-8.270,0.036,0.442
8.00,24,5.422,-5.577,0.259
8.00,25,-7.222,-3.357,0.262
8.00,26,5.422,-5.577,0.259
8.00,27,-5.730,5.238,0.248
8.00,28,-8.270,0.036,0.442
8.00,29,-3.109,7.644,0.436
8.00,30,5.305,5.703,0.264
8.00,31,5.422,-5.577,0.259
8.00,32,5.305,5.703,0.264
8.00,33,-5.318,-5.848,0.486
8.00,34,-3.109,7.644,0.436
8.00,35,7.348,-3.484,0.291
8.00,36,-5.318,-5.848,0.486
8.00,37,3.480,-7.373,0.245
8.00,38,-5.318,-5.848,0.486
8.00,39,0.314,-8.029,0.304
8.00,40,-5.730,5.238,0.248
8.00,41,-5.730,5.238,0.248
8.00,42,5.305,5.703,0.264
8.00,43,-8.270,0.036,0.442
8.00,44,-5.318,-5.848,0.486
8.00,45,8.025,-0.408,0.294
8.00,46,-7.555,3.121,0.418
8.00,47,-5.318,-5.848,0.486
8.00,48,-5.318,-5.848,0.486
8.00,49,0.314,-8.029,0.304
8.00,50,-5.730,5.238,0.248
8.00,51,-5.730,5.238,0.248
8.00,52,8.025,-0.408,0.294
8.00,53,0.106,8.264,0.270
8.00,54,7.371,3.201,0.313
8.00,55,-7.555,3.121,0.418
8.00,56,8.025,-0.408,0.294
8.00,57,7.348,-3.484,0.291
8.00,58,-5.730,5.238,0.248
8.00,59,7.348,-3.484,0.291
8.00,60,5.305,5.703,0.264
8.00,61,5.422,-5.577,0.259
8.00,62,-8.270,0.036,0.442
8.00,63,-5.318,-5.848,0.486
8.00,64,-5.730,5.238,0.248
8.00,65,7.348,-3.484,0.291
8.00,66,0.106,8.264,0.270
8.00,67,-5.318,-5.848,0.486
8.00,68,3.359,7.474,0.275
8.00,69,-8.270,0.036,0.442
8.00,70,5.422,-5.577,0.259
8.00,71,0.106,8.264,0.270
8.00,72,-7.222,-3.357,0.262
8.00,73,-5.318,-5.848,0.486
8.00,74,-5.318,-5.848,0.486
8.00,75,-5.318,-5.848,0.486
8.00,76,0.106,8.264,0.270
8.00,77,-8.270,0.036,0.442
8.00,78,-5.730,5.238,0.248
8.00,79,-7.555,3.121,0.418
8.00,80,-8.270,0.036,0.442
8.00,81,5.422,-5.577,0.259
8.00,82,0.314,-8.029,0.304
8.00,83,-7.555,3.121,0.418
8.00,84,0.106,8.264,0.270
8.00,85,7.371,3.201,0.313
8.00,86,8.025,-0.408,0.294
8.00,87,5.305,5.703,0.264
8.00,88,-7.555,3.121,0.418
8.00,89,3.359,7.474,0.275
8.00,90,8.025,-0.408,0.294
8.00,91,-8.270,0.036,0.442
8.00,92,0.314,-8.029,0.304
8.00,93,3.359,7.474,0.275
8.00,94,-3.109,7.644,0.436
8.00,95,-5.318,-5.848,0.486
8.00,96,-8.270,0.036,0.442
8.00,97,7.371,3.201,0.313
8.00,98,-5.318,-5.848,0.486
8.00,99,-3.109,7.644,0.436
8.00,100,-5.730,5.238,0.248
8.00,101,-7.555,3.121,0.418
8.00,102,-3.109,7.644,0.436
8.00,103,7.371,3.201,0.313
8.00,104,-8.270,0.036,0.442
8.00,105,-5.318,-5.848,0.486
8.00,106,-3.109,7.644,0.436
8.00,107,-5.730,5.238,0.248
8.00,108,5.422,-5.577,0.259
8.00,109,0.314,-8.029,0.304
8.00,110,-3.109,7.644,0.436
8.00,111,-3.109,7.644,0.436
8.00,112,3.359,7.474,0.275
8.00,113,5.422,-5.577,0.259
8.00,114,-5.318,-5.848,0.486
8.00,115,-3.109,7.644,0.436
8.00,116,7.371,3.201,0.313
8.00,117,-8.270,0.036,0.442
8.00,118,3.359,7.474,0.275
8.00,119,3.359,7.474,0.275
8.00,120,-5.730,5.238,0.248
8.00,121,-5.318,-5.848,0.486
8.00,122,-8.270,0.036,0.442
8.00,123,-8.270,0.036,0.442
8.00,124,8.025,-0.408,0.294
8.00,125,5.305,5.703,0.264
8.00,126,-3.109,7.644,0.436
8.00,127,-5.730,5.238,0.248
8.00,128,5.422,-5.577,0.259
8.00,129,-8.270,0.036,0.442
8.00,130,5.305,5.703,0.264
8.00,131,7.348,-3.484,0.291
8.00,132,-5.730,5.238,0.248
8.00,133,-5.730,5.238,0.248
8.00,134,5.305,5.703,0.264
8.00,135,0.314,-8.029,0.304
8.00,136,-5.730,5.238,0.248
8.00,137,5.305,5.703,0.264
8.00,138,3.480,-7.373,0.245
8.00,139,0.314,-8.029,0.304
8.00,140,3.359,7.474,0.275
8.00,141,-5.318,-5.848,0.486
8.00,142,-5.318,-5.848,0.486
8.00,143,-7.555,3.121,0.418
8.00,144,5.422,-5.577,0.259
8.00,145,5.305,5.703,0.264
8.00,146,-5.318,-5.848,0.486
8.00,147,-8.270,0.036,0.442
8.00,148,-8.270,0.036,0.442
8.00,149,-5.318,-5.848,0.486
8.00,150,5.422,-5.577,0.259
8.00,151,5.305,5.703,0.264
8.00,152,7.348,-3.484,0.291
8.00,153,-7.222,-3.357,0.262
8.00,154,-5.730,5.238,0.248
8.00,155,-5.318,-5.848,0.486
8.00,156,7.348,-3.484,0.291
8.00,157,5.305,5.703,0.264
8.00,158,-7.222,-3.357,0.262
8.00,159,0.106,8.264,0.270
8.00,160,-5.318,-5.848,0.486
8.00,161,-5.730,5.238,0.248
8.00,162,-7.555,3.121,0.418
8.00,163,-8.270,0.036,0.442
8.00,164,3.480,-7.373,0.245
8.00,165,3.359,7.474,0.275
8.00,166,5.305,5.703,0.264
8.00,167,-5.318,-5.848,0.486
8.00,168,-8.270,0.036,0.442
8.00,169,-5.318,-5.848,0.486
8.00,170,0.106,8.264,0.270
8.00,171,3.359,7.474,0.275
8.00,172,-8.270,0.036,0.442
8.00,173,-5.318,-5.848,0.486
8.00,174,-3.109,7.644,0.436
8.00,175,-5.318,-5.848,0.486
8.00,176,8.025,-0.408,0.294
8.00,177,5.305,5.703,0.264
8.00,178,0.314,-8.029,0.304
8.00,179,0.106,8.264,0.270
8.00,180,-5.318,-5.848,0.486
8.00,181,5.305,5.703,0.264
8.00,182,-7.555,3.121,0.418
8.00,183,0.314,-8.029,0.304
8.00,184,-7.222,-3.357,0.262
8.00,185,5.422,-5.577,0.259
8.00,186,8.025,-0.408,0.294
8.00,187,-7.222,-3.357,0.262
8.00,188,5.305,5.703,0.264
8.00,189,5.305,5.703,0.264
8.00,190,-5.730,5.238,0.248
8.00,191,-8.270,0.036,0.442
8.00,192,-3.109,7.644,0.436
8.00,193,0.106,8.264,0.270
8.00,194,0.314,-8.029,0.304
8.00,195,-5.730,5.238,0.248
8.00,196,-8.270,0.036,0.442
8.00,197,-5.730,5.238,0.248
8.00,198,-5.730,5.238,0.248
8.00,199,-5.318,-5.848,0.486
8.00,200,7.348,-3.484,0.291
8.00,201,-3.109,7.644,0.436
8.00,202,7.348,-3.484,0.291
8.00,203,-8.270,0.036,0.442
8.00,204,0.314,-8.029,0.304
8.00,205,-8.270,0.036,0.442
8.00,206,5.305,5.703,0.264
8.00,207,-5.318,-5.848,0.486
8.00,208,-7.555,3.121,0.418
8.00,209,5.305,5.703,0.264
8.00,210,-8.270,0.036,0.442
8.00,211,0.314,-8.029,0.304
8.00,212,5.305,5.703,0.264
8.00,213,-5.318,-5.848,0.486
8.00,214,7.348,-3.484,0.291
8.00,215,0.314,-8.029,0.304
8.00,216,0.106,8.264,0.270
8.00,217,-5.318,-5.848,0.486
8.00,218,-5.318,-5.848,0.486
8.00,219,0.106,8.264,0.270
8.00,220,-5.318,-5.848,0.486
8.00,221,0.314,-8.029,0.304
8.00,222,-7.222,-3.357,0.262
8.00,223,-7.555,3.121,0.418
8.00,224,-5.318,-5.848,0.486
8.00,225,-7.222,-3.357,0.262
8.00,226,0.314,-8.029,0.304
8.00,227,-3.109,7.644,0.436
8.00,228,-7.555,3.121,0.418
8.00,229,-8.270,0.036,0.442
8.00,230,-3.109,7.644,0.436
8.00,231,-3.109,7.644,0.436
8.00,232,5.305,5.703,0.264
8.00,233,-5.318,-5.848,0.486
8.00,234,0.314,-8.029,0.304
8.00,235,-3.109,7.644,0.436
8.00,236,-5.730,5.238,0.248
8.00,237,0.106,8.264,0.270
8.00,238,-3.109,7.644,0.436
8.00,239,5.305,5.703,0.264
8.00,240,-8.270,0.036,0.442
8.00,241,-5.318,-5.848,0.486
8.00,242,8.025,-0.408,0.294
8.00,243,-5.730,5.238,0.248
8.00,244,3.480,-7.373,0.245
8.00,245,7.371,3.201,0.313
8.00,246,-7.222,-3.357,0.262
8.00,247,7.371,3.201,0.313
8.00,248,-3.109,7.644,0.436
8.00,249,5.305,5.703,0.264
8.00,250,-5.730,5.238,0.248
8.00,251,7.371,3.201,0.313
8.00,252,5.305,5.703,0.264
8.00,253,-5.318,-5.848,0.486
8.00,254,5.305,5.703,0.264
8.00,255,-5.318,-5.848,0.486
8.00,256,3.359,7.474,0.275
8.00,257,5.305,5.703,0.264
8.00,258,5.422,-5.577,0.259
8.00,259,-5.318,-5.848,0.486
8.00,260,0.314,-8.029,0.304
8.00,261,8.025,-0.408,0.294
8.00,262,8.025,-0.408,0.294
8.00,263,-5.318,-5.848,0.486
8.00,264,7.371,3.201,0.313
8.00,265,8.025,-0.408,0.294
8.00,266,0.106,8.264,0.270
8.00,267,-5.318,-5.848,0.486
8.00,268,-8.270,0.036,0.442
8.00,269,0.106,8.264,0.270
8.00,270,0.314,-8.029,0.304
8.00,271,5.305,5.703,0.264
8.00,272,-5.730,5.238,0.248
8.00,273,-5.318,-5.848,0.486
8.00,274,5.422,-5.577,0.259
8.00,275,8.025,-0.408,0.294
8.00,276,8.025,-0.408,0.294
8.00,277,5.422,-5.577,0.259
8.00,278,-5.730,5.238,0.248
8.00,279,-8.270,0.036,0.442
8.00,280,8.025,-0.408,0.294
8.00,281,-8.270,0.036,0.442
8.00,282,-8.270,0.036,0.442
8.00,283,-5.730,5.238,0.248
8.00,284,3.359,7.474,0.275
8.00,285,-8.270,0.036,0.442
8.00,286,-5.318,-5.848,0.486
8.00,287,3.480,-7.373,0.245
8.00,288,7.348,-3.484,0.291
8.00,289,0.106,8.264,0.270
8.00,290,-5.318,-5.848,0.486
8.00,291,-5.730,5.238,0.248
8.00,292,-5.318,-5.848,0.486
8.00,293,-5.730,5.238,0.248
8.00,294,-5.318,-5.848,0.486
8.00,295,0.106,8.264,0.270
8.00,296,-5.730,5.238,0.248
8.00,297,3.359,7.474,0.275
8.00,298,-5.318,-5.848,0.486
8.00,299,8.025,-0.408,0.294
8.00,300,-5.318,-5.848,0.486
8.00,301,5.305,5.703,0.264
8.00,302,0.106,8.264,0.270
8.00,303,-3.109,7.644,0.436
8.00,304,8.025,-0.408,0.294
8.00,305,-7.555,3.121,0.418
8.00,306,7.348,-3.484,0.291
8.00,307,-5.318,-5.848,0.486
8.00,308,-5.318,-5.848,0.486
8.00,309,-5.730,5.238,0.248
8.00,310,-7.222,-3.357,0.262
8.00,311,-7.222,-3.357,0.262
8.00,312,-5.318,-5.848,0.486
8.00,313,0.314,-8.029,0.304
8.00,314,7.348,-3.484,0.291
8.00,315,7.371,3.201,0.313
8.00,316,3.480,-7.373,0.245
8.00,317,8.025,-0.408,0.294
8.00,318,3.480,-7.373,0.245
8.00,319,0.314,-8.029,0.304
8.00,320,5.305,5.703,0.264
8.00,321,5.305,5.703,0.264
8.00,322,-5.318,-5.848,0.486
8.00,323,-5.318,-5.848,0.486
8.00,324,8.025,-0.408,0.294
8.00,325,-5.318,-5.848,0.486
8.00,326,0.106,8.264,0.270
8.00,327,-3.109,7.644,0.436
8.00,328,5.305,5.703,0.264
8.00,329,-5.730,5.238,0.248
8.00,330,7.348,-3.484,0.291
8.00,331,7.371,3.201,0.313
8.00,332,5.422,-5.577,0.259
8.00,333,-5.318,-5.848,0.486
8.00,334,-5.318,-5.848,0.486
8.00,335,8.025,-0.408,0.294
8.00,336,5.422,-5.577,0.259
8.00,337,-5.318,-5.848,0.486
8.00,338,5.305,5.703,0.264
8.00,339,-5.730,5.238,0.248
8.00,340,-5.730,5.238,0.248
8.00,341,7.371,3.201,0.313
8.00,342,-3.109,7.644,0.436
8.00,343,5.422,-5.577,0.259
8.00,344,7.371,3.201,0.313
8.00,345,-5.318,-5.848,0.486
8.00,346,0.314,-8.029,0.304
8.00,347,8.025,-0.408,0.294
8.00,348,0.106,8.264,0.270
8.00,349,-8.270,0.036,0.442
8.00,350,0.106,8.264,0.270
8.00,351,7.371,3.201,0.313
8.00,352,-5.730,5.238,0.248
8.00,353,8.025,-0.408,0.294
8.00,354,8.025,-0.408,0.294
8.00,355,7.371,3.201,0.313
8.00,356,-7.555,3.121,0.418
8.00,357,5.305,5.703,0.264
8.00,358,5.305,5.703,0.264
8.00,359,-5.318,-5.848,0.486
8.00,360,-3.109,7.644,0.436
8.00,361,-5.730,5.238,0.248
8.00,362,5.422,-5.577,0.259
8.00,363,7.371,3.201,0.313
8.00,364,-8.270,0.036,0.442
8.00,365,-5.318,-5.848,0.486
8.00,366,7.348,-3.484,0.291
8.00,367,0.314,-8.029,0.304
8.00,368,-5.318,-5.848,0.486
8.00,369,-7.555,3.121,0.418
8.00,370,-8.270,0.036,0.442
8.00,371,5.305,5.703,0.264
8.00,372,8.025,-0.408,0.294
8.00,373,-8.270,0.036,0.442
8.00,374,-5.318,-5.848,0.486
8.00,375,-7.222,-3.357,0.262
8.00,376,7.371,3.201,0.313
8.00,377,7.371,3.201,0.313
8.00,378,-5.318,-5.848,0.486
8.00,379,8.025,-0.408,0.294
8.00,380,5.305,5.703,0.264
8.00,381,-3.109,7.644,0.436
8.00,382,-5.318,-5.848,0.486
8.00,383,5.422,-5.577,0.259
8.00,384,5.305,5.703,0.264
8.00,385,7.371,3.201,0.313
8.00,386,5.305,5.703,0.264
8.00,387,-8.270,0.036,0.442
8.00,388,-7.222,-3.357,0.262
8.00,389,-5.318,-5.848,0.486
8.00,390,5.305,5.703,0.264
8.00,391,-5.730,5.238,0.248
8.00,392,0.314,-8.029,0.304
8.00,393,-5.730,5.238,0.248
8.00,394,-8.270,0.036,0.442
8.00,395,-8.270,0.036,0.442
8.00,396,-3.109,7.644,0.436
8.00,397,3.359,7.474,0.275
8.00,398,5.422,-5.577,0.259
8.00,399,-5.318,-5.848,0.486
8.00,400,3.359,7.474,0.275
8.00,401,-5.318,-5.848,0.486
8.00,402,0.314,-8.029,0.304
8.00,403,5.305,5.703,0.264
8.00,404,-5.730,5.238,0.248
8.00,405,5.422,-5.577,0.259
8.00,406,-5.730,5.238,0.248
8.00,407,5.305,5.703,0.264
8.00,408,-5.730,5.238,0.248
8.00,409,-5.318,-5.848,0.486
8.00,410,7.371,3.201,0.313
8.00,411,-8.270,0.036,0.442
8.00,412,-5.318,-5.848,0.486
8.00,413,-5.318,-5.848,0.486
8.00,414,-5.318,-5.848,0.486
8.00,415,0.314,-8.029,0.304
8.00,416,5.422,-5.577,0.259
8.00,417,-5.730,5.238,0.248
8.00,418,5.422,-5.577,0.259
8.00,419,5.305,5.703,0.264
8.00,420,-5.318,-5.848,0.486
8.00,421,0.106,8.264,0.270
8.00,422,-3.109,7.644,0.436
8.00,423,-5.318,-5.848,0.486
8.00,424,3.359,7.474,0.275
8.00,425,-7.555,3.121,0.418
8.00,426,-5.318,-5.848,0.486
8.00,427,-8.270,0.036,0.442
8.00,428,8.025,-0.408,0.294
8.00,429,7.371,3.201,0.313
8.00,430,8.025,-0.408,0.294
8.00,431,5.305,5.703,0.264
8.00,432,-8.270,0.036,0.442
8.00,433,7.371,3.201,0.313
8.00,434,-8.270,0.036,0.442
8.00,435,5.305,5.703,0.264
8.00,436,8.025,-0.408,0.294
8.00,437,-5.318,-5.848,0.486
8.00,438,-5.318,-5.848,0.486
8.00,439,-7.555,3.121,0.418
8.00,440,7.371,3.201,0.313
8.00,441,-5.318,-5.848,0.486
8.00,442,-5.318,-5.848,0.486
8.00,443,3.359,7.474,0.275
8.00,444,-3.109,7.644,0.436
8.00,445,-3.109,7.644,0.436
8.00,446,0.314,-8.029,0.304
8.00,447,5.305,5.703,0.264
8.00,448,-7.555,3.121,0.418
8.00,449,-5.318,-5.848,0.486
8.00,450,-5.730,5.238,0.248
8.00,451,0.314,-8.029,0.304
8.00,452,0.106,8.264,0.270
8.00,453,-3.109,7.644,0.436
8.00,454,5.305,5.703,0.264
8.00,455,-8.270,0.036,0.442
8.00,456,-7.555,3.121,0.418
8.00,457,7.371,3.201,0.313
8.00,458,-5.730,5.238,0.248
8.00,459,3.359,7.474,0.275
8.00,460,-5.318,-5.848,0.486
8.00,461,-8.270,0.036,0.442
8.00,462,-5.318,-5.848,0.486
8.00,463,7.348,-3.484,0.291
8.00,464,-5.730,5.238,0.248
8.00,465,5.305,5.703,0.264
8.00,466,3.359,7.474,0.275
8.00,467,-3.109,7.644,0.436
8.00,468,-7.555,3.121,0.418
8.00,469,8.025,-0.408,0.294
8.00,470,8.025,-0.408,0.294
8.00,471,-5.318,-5.848,0.486
8.00,472,8.025,-0.408,0.294
8.00,473,-5.730,5.238,0.248
8.00,474,-8.270,0.036,0.442
8.00,475,-5.318,-5.848,0.486
8.00,476,0.314,-8.029,0.304
8.00,477,7.371,3.201,0.313
8.00,478,8.025,-0.408,0.294
8.00,479,5.305,5.703,0.264
8.00,480,-5.730,5.238,0.248
8.00,481,-5.730,5.238,0.248
8.00,482,-5.318,-5.848,0.486
8.00,483,0.314,-8.029,0.304
8.00,484,-5.318,-5.848,0.486
8.00,485,0.106,8.264,0.270
8.00,486,5.305,5.703,0.264
8.00,487,5.305,5.703,0.264
8.00,488,-7.555,3.121,0.418
8.00,489,0.106,8.264,0.270
8.00,490,-5.318,-5.848,0.486
8.00,491,-5.318,-5.848,0.486
8.00,492,-7.555,3.121,0.418
8.00,493,5.305,5.703,0.264
8.00,494,8.025,-0.408,0.294
8.00,495,0.106,8.264,0.270
8.00,496,-7.222,-3.357,0.262
8.00,497,5.305,5.703,0.264
8.00,498,-5.730,5.238,0.248
8.00,499,0.314,-8.029,0.304
8.00,500,-7.555,3.121,0.418
8.00,501,5.305,5.703,0.264
8.00,502,-3.109,7.644,0.436
8.00,503,5.422,-5.577,0.259
8.00,504,-3.109,7.644,0.436
8.00,505,5.422,-5.577,0.259
8.00,506,-5.318,-5.848,0.486
8.00,507,0.314,-8.029,0.304
8.00,508,-3.109,7.644,0.436
8.00,509,5.422,-5.577,0.259
8.00,510,5.305,5.703,0.264
8.00,511,-5.730,5.238,0.248
8.00,512,-8.270,0.036,0.442
8.00,513,-8.270,0.036,0.442
8.00,514,5.305,5.703,0.264
8.00,515,-5.318,-5.848,0.486
8.00,516,-5.318,-5.848,0.486
8.00,517,0.314,-8.029,0.304
8.00,518,-3.109,7.644,0.436
8.00,519,-5.318,-5.848,0.486
8.00,520,-5.318,-5.848,0.486
8.00,521,7.348,-3.484,0.291
8.00,522,-5.318,-5.848,0.486
8.00,523,-3.109,7.644,0.436
8.00,524,8.025,-0.408,0.294
8.00,525,-8.270,0.036,0.442
8.00,526,-5.318,-5.848,0.486
8.00,527,5.305,5.703,0.264
8.00,528,-5.318,-5.848,0.486
8.00,529,7.348,-3.484,0.291
8.00,530,-5.318,-5.848,0.486
8.00,531,7.371,3.201,0.313
8.00,532,5.422,-5.577,0.259
8.00,533,-5.730,5.238,0.248
8.00,534,8.025,-0.408,0.294
8.00,535,5.422,-5.577,0.259
8.00,536,-5.318,-5.848,0.486
8.00,537,8.025,-0.408,0.294
8.00,538,-5.730,5.238,0.248
8.00,539,7.371,3.201,0.313
8.00,540,-8.270,0.036,0.442
8.00,541,-5.730,5.238,0.248
8.00,542,7.371,3.201,0.313
8.00,543,7.348,-3.484,0.291
8.00,544,-7.222,-3.357,0.262
8.00,545,-8.270,0.036,0.442
8.00,546,0.314,-8.029,0.304
8.00,547,3.480,-7.373,0.245
8.00,548,-5.318,-5.848,0.486
8.00,549,-5.730,5.238,0.248
8.00,550,0.314,-8.029,0.304
8.00,551,0.106,8.264,0.270
8.00,552,3.480,-7.373,0.245
8.00,553,5.422,-5.577,0.259
8.00,554,-8.270,0.036,0.442
8.00,555,-7.555,3.121,0.418
8.00,556,0.314,-8.029,0.304
8.00,557,-7.555,3.121,0.418
8.00,558,3.359,7.474,0.275
8.00,559,0.314,-8.029,0.304
8.00,560,-8.270,0.036,0.442
8.00,561,-5.318,-5.848,0.486
8.00,562,5.422,-5.577,0.259
8.00,563,8.025,-0.408,0.294
8.00,564,7.348,-3.484,0.291
8.00,565,0.314,-8.029,0.304
8.00,566,-5.318,-5.848,0.486
8.00,567,8.025,-0.408,0.294
8.00,568,5.422,-5.577,0.259
8.00,569,5.305,5.703,0.264
8.00,570,-8.270,0.036,0.442
8.00,571,-5.318,-5.848,0.486
8.00,572,5.305,5.703,0.264
8.00,573,5.305,5.703,0.264
8.00,574,0.314,-8.029,0.304
8.00,575,5.305,5.703,0.264
8.00,576,-8.270,0.036,0.442
8.00,577,-8.270,0.036,0.442
8.00,578,0.314,-8.029,0.304
8.00,579,8.025,-0.408,0.294
8.00,580,-8.270,0.036,0.442
8.00,581,0.106,8.264,0.270
8.00,582,3.359,7.474,0.275
8.00,583,5.305,5.703,0.264
8.00,584,-5.318,-5.848,0.486
8.00,585,5.422,-5.577,0.259
8.00,586,-5.318,-5.848,0.486
8.00,587,0.314,-8.029,0.304
8.00,588,0.314,-8.029,0.304
8.00,589,-8.270,0.036,0.442
8.00,590,-5.318,-5.848,0.486
8.00,591,5.422,-5.577,0.259
8.00,592,5.305,5.703,0.264
8.00,593,-5.730,5.238,0.248
8.00,594,0.106,8.264,0.270
8.00,595,-8.270,0.036,0.442
8.00,596,0.314,-8.029,0.304
8.00,597,0.106,8.264,0.270
8.00,598,-7.222,-3.357,0.262
8.00,599,-5.318,-5.848,0.486
8.00,600,-7.222,-3.357,0.262
8.00,601,5.305,5.703,0.264
8.00,602,5.422,-5.577,0.259
8.00,603,0.314,-8.029,0.304
8.00,604,-8.270,0.036,0.442
8.00,605,-8.270,0.036,0.442
8.00,606,-5.730,5.238,0.248
8.00,607,-3.109,7.644,0.436
8.00,608,-5.730,5.238,0.248
8.00,609,-7.222,-3.357,0.262
8.00,610,-8.270,0.036,0.442
8.00,611,8.025,-0.408,0.294
8.00,612,5.422,-5.577,0.259
8.00,613,-5.730,5.238,0.248
8.00,614,8.025,-0.408,0.294
8.00,615,-3.109,7.644,0.436
8.00,616,-3.109,7.644,0.436
8.00,617,5.305,5.703,0.264
8.00,618,-8.270,0.036,0.442
8.00,619,5.305,5.703,0.264
8.00,620,-5.318,-5.848,0.486
8.00,621,-8.270,0.036,0.442
8.00,622,-8.270,0.036,0.442
8.00,623,-5.730,5.238,0.248
8.00,624,5.422,-5.577,0.259
8.00,625,-5.730,5.238,0.248
8.00,626,-5.730,5.238,0.248
8.00,627,5.422,-5.577,0.259
8.00,628,-7.555,3.121,0.418
8.00,629,-5.318,-5.848,0.486
8.00,630,3.480,-7.373,0.245
8.00,631,5.305,5.703,0.264
8.00,632,-5.730,5.238,0.248
8.00,633,-8.270,0.036,0.442
8.00,634,-5.730,5.238,0.248
8.00,635,7.371,3.201,0.313
8.00,636,-5.318,-5.848,0.486
8.00,637,-8.270,0.036,0.442
8.00,638,5.305,5.703,0.264
8.00,639,-5.730,5.238,0.248
8.00,640,-5.318,-5.848,0.486
8.00,641,5.305,5.703,0.264
8.00,642,8.025,-0.408,0.294
8.00,643,-3.109,7.644,0.436
8.00,644,3.359,7.474,0.275
8.00,645,5.422,-5.577,0.259
8.00,646,-5.318,-5.848,0.486
8.00,647,5.305,5.703,0.264
8.00,648,5.305,5.703,0.264
8.00,649,7.348,-3.484,0.291
8.00,650,-8.270,0.036,0.442
8.00,651,-7.555,3.121,0.418
8.00,652,5.422,-5.577,0.259
8.00,653,5.422,-5.577,0.259
8.00,654,-8.270,0.036,0.442
8.00,655,7.348,-3.484,0.291
8.00,656,0.314,-8.029,0.304
8.00,657,-8.270,0.036,0.442
8.00,658,-5.318,-5.848,0.486
8.00,659,0.106,8.264,0.270
8.00,660,7.348,-3.484,0.291
8.00,661,3.359,7.474,0.275
8.00,662,5.422,-5.577,0.259
8.00,663,0.314,-8.029,0.304
8.00,664,8.025,-0.408,0.294
8.00,665,-5.730,5.238,0.248
8.00,666,-7.222,-3.357,0.262
8.00,667,-3.109,7.644,0.436
8.00,668,3.359,7.474,0.275
8.00,669,-5.730,5.238,0.248
8.00,670,-5.318,-5.848,0.486
8.00,671,-5.730,5.238,0.248
8.00,672,5.305,5.703,0.264
8.00,673,7.371,3.201,0.313
8.00,674,5.305,5.703,0.264
8.00,675,0.314,-8.029,0.304
8.00,676,8.025,-0.408,0.294
8.00,677,5.422,-5.577,0.259
8.00,678,-3.109,7.644,0.436
8.00,679,0.106,8.264,0.270
8.00,680,-5.318,-5.848,0.486
8.00,681,5.305,5.703,0.264
8.00,682,-3.109,7.644,0.436
8.00,683,5.305,5.703,0.264
8.00,684,5.422,-5.577,0.259
8.00,685,-8.270,0.036,0.442
8.00,686,7.371,3.201,0.313
8.00,687,5.305,5.703,0.264
8.00,688,-7.222,-3.357,0.262
8.00,689,8.025,-0.408,0.294
8.00,690,-5.318,-5.848,0.486
8.00,691,5.422,-5.577,0.259
8.00,692,-8.270,0.036,0.442
8.00,693,5.305,5.703,0.264
8.00,694,-3.109,7.644,0.436
8.00,695,-5.730,5.238,0.248
8.00,696,-8.270,0.036,0.442
8.00,697,0.314,-8.029,0.304
8.00,698,-5.318,-5.848,0.486
8.00,699,5.422,-5.577,0.259
8.00,700,-7.555,3.121,0.418
8.00,701,5.422,-5.577,0.259
8.00,702,-5.730,5.238,0.248
8.00,703,-3.109,7.644,0.436
8.00,704,-3.109,7.644,0.436
8.00,705,3.359,7.474,0.275
8.00,706,7.371,3.201,0.313
8.00,707,5.305,5.703,0.264
8.00,708,8.025,-0.408,0.294
8.00,709,-5.730,5.238,0.248
8.00,710,0.314,-8.029,0.304
8.00,711,0.106,8.264,0.270
8.00,712,-5.730,5.238,0.248
8.00,713,-5.730,5.238,0.248
8.00,714,5.422,-5.577,0.259
8.00,715,-5.318,-5.848,0.486
8.00,716,-7.555,3.121,0.418
8.00,717,5.422,-5.577,0.259
8.00,718,0.314,-8.029,0.304
8.00,719,3.480,-7.373,0.245
8.00,720,0.106,8.264,0.270
8.00,721,-5.730,5.238,0.248
8.00,722,3.359,7.474,0.275
8.00,723,0.314,-8.029,0.304
8.00,724,7.348,-3.484,0.291
8.00,725,-8.270,0.036,0.442
8.00,726,8.025,-0.408,0.294
8.00,727,0.314,-8.029,0.304
8.00,728,-5.318,-5.848,0.486
8.00,729,-5.730,5.238,0.248
8.00,730,-3.109,7.644,0.436
8.00,731,-8.270,0.036,0.442
8.00,732,0.314,-8.029,0.304
8.00,733,-5.318,-5.848,0.486
8.00,734,0.106,8.264,0.270
8.00,735,5.422,-5.577,0.259
8.00,736,-5.318,-5.848,0.486
8.00,737,8.025,-0.408,0.294
8.00,738,-5.318,-5.848,0.486
8.00,739,-7.555,3.121,0.418
8.00,740,-8.270,0.036,0.442
8.00,741,0.314,-8.029,0.304
8.00,742,7.348,-3.484,0.291
8.00,743,0.314,-8.029,0.304
8.00,744,-5.318,-5.848,0.486
8.00,745,-3.109,7.644,0.436
8.00,746,-8.270,0.036,0.442
8.00,747,7.348,-3.484,0.291
8.00,748,-8.270,0.036,0.442
8.00,749,-3.109,7.644,0.436
8.00,750,0.314,-8.029,0.304
8.00,751,8.025,-0.408,0.294
8.00,752,0.314,-8.029,0.304
8.00,753,7.348,-3.484,0.291
8.00,754,0.314,-8.029,0.304
8.00,755,8.025,-0.408,0.294
8.00,756,0.314,-8.029,0.304
8.00,757,-7.555,3.121,0.418
8.00,758,3.359,7.474,0.275
8.00,759,0.106,8.264,0.270
8.00,760,-5.730,5.238,0.248
8.00,761,-5.318,-5.848,0.486
8.00,762,5.305,5.703,0.264
8.00,763,-5.318,-5.848,0.486
8.00,764,-5.318,-5.848,0.486
8.00,765,5.422,-5.577,0.259
8.00,766,7.348,-3.484,0.291
8.00,767,7.371,3.201,0.313
8.00,768,8.025,-0.408,0.294
8.00,769,7.371,3.201,0.313
8.00,770,-5.318,-5.848,0.486
8.00,771,7.371,3.201,0.313
8.00,772,0.314,-8.029,0.304
8.00,773,5.422,-5.577,0.259
8.00,774,-5.318,-5.848,0.486
8.00,775,5.305,5.703,0.264
8.00,776,-7.555,3.121,0.418
8.00,777,-5.318,-5.848,0.486
8.00,778,0.106,8.264,0.270
8.00,779,-5.318,-5.848,0.486
8.00,780,-5.730,5.238,0.248
8.00,781,3.359,7.474,0.275
8.00,782,5.422,-5.577,0.259
8.00,783,5.305,5.703,0.264
8.00,784,0.106,8.264,0.270
8.00,785,-5.318,-5.848,0.486
8.00,786,0.314,-8.029,0.304
8.00,787,-5.730,5.238,0.248
8.00,788,5.422,-5.577,0.259
8.00,789,8.025,-0.408,0.294
8.00,790,7.348,-3.484,0.291
8.00,791,3.480,-7.373,0.245
8.00,792,-5.318,-5.848,0.486
8.00,793,-8.270,0.036,0.442
8.00,794,-8.270,0.036,0.442
8.00,795,5.422,-5.577,0.259
8.00,796,5.305,5.703,0.264
8.00,797,5.422,-5.577,0.259
8.00,798,-3.109,7.644,0.436
8.00,799,-8.270,0.036,0.442
8.00,800,5.305,5.703,0.264
8.00,801,0.314,-8.029,0.304
8.00,802,-5.318,-5.848,0.486
8.00,803,3.480,-7.373,0.245
8.00,804,-7.555,3.121,0.418
8.00,805,7.371,3.201,0.313
8.00,806,5.422,-5.577,0.259
8.00,807,-5.318,-5.848,0.486
8.00,808,-5.730,5.238,0.248
8.00,809,-3.109,7.644,0.436
8.00,810,-5.730,5.238,0.248
8.00,811,-7.222,-3.357,0.262
8.00,812,5.305,5.703,0.264
8.00,813,-5.318,-5.848,0.486
8.00,814,0.106,8.264,0.270
8.00,815,8.025,-0.408,0.294
8.00,816,5.305,5.703,0.264
8.00,817,-5.318,-5.848,0.486
8.00,818,-8.270,0.036,0.442
8.00,819,7.371,3.201,0.313
8.00,820,0.106,8.264,0.270
8.00,821,-3.109,7.644,0.436
8.00,822,-8.270,0.036,0.442
8.00,823,-3.109,7.644,0.436
8.00,824,-5.318,-5.848,0.486
8.00,825,-5.730,5.238,0.248
8.00,826,7.348,-3.484,0.291
8.00,827,7.348,-3.484,0.291
8.00,828,-5.730,5.238,0.248
8.00,829,5.305,5.703,0.264
8.00,830,8.025,-0.408,0.294
8.00,831,3.359,7.474,0.275
8.00,832,5.305,5.703,0.264
8.00,833,0.106,8.264,0.270
8.00,834,7.371,3.201,0.313
8.00,835,3.359,7.474,0.275
8.00,836,8.025,-0.408,0.294
8.00,837,0.314,-8.029,0.304
8.00,838,-5.730,5.238,0.248
8.00,839,3.359,7.474,0.275
8.00,840,0.314,-8.029,0.304
8.00,841,-3.109,7.644,0.436
8.00,842,7.371,3.201,0.313
8.00,843,3.359,7.474,0.275
8.00,844,5.305,5.703,0.264
8.00,845,-5.318,-5.848,0.486
8.00,846,7.371,3.201,0.313
8.00,847,5.305,5.703,0.264
8.00,848,-5.730,5.238,0.248
8.00,849,-3.109,7.644,0.436
8.00,850,-5.730,5.238,0.248
8.00,851,-7.555,3.121,0.418
8.00,852,3.359,7.474,0.275
8.00,853,-5.318,-5.848,0.486
8.00,854,-8.270,0.036,0.442
8.00,855,3.480,-7.373,0.245
8.00,856,5.305,5.703,0.264
8.00,857,7.348,-3.484,0.291
8.00,858,-8.270,0.036,0.442
8.00,859,-3.109,7.644,0.436
8.00,860,-8.270,0.036,0.442
8.00,861,-8.270,0.036,0.442
8.00,862,-3.109,7.644,0.436
8.00,863,-7.555,3.121,0.418
8.00,864,-7.222,-3.357,0.262
8.00,865,-5.730,5.238,0.248
8.00,866,3.359,7.474,0.275
8.00,867,-5.318,-5.848,0.486
8.00,868,5.422,-5.577,0.259
8.00,869,-5.730,5.238,0.248
8.00,870,-5.318,-5.848,0.486
8.00,871,0.314,-8.029,0.304
8.00,872,8.025,-0.408,0.294
8.00,873,-7.555,3.121,0.418
8.00,874,-8.270,0.036,0.442
8.00,875,8.025,-0.408,0.294
8.00,876,-5.318,-5.848,0.486
8.00,877,7.371,3.201,0.313
8.00,878,3.359,7.474,0.275
8.00,879,5.305,5.703,0.264
8.00,880,8.025,-0.408,0.294
8.00,881,7.371,3.201,0.313
8.00,882,5.305,5.703,0.264
8.00,883,5.305,5.703,0.264
8.00,884,5.305,5.703,0.264
8.00,885,5.422,-5.577,0.259
8.00,886,-7.555,3.121,0.418
8.00,887,-5.730,5.238,0.248
8.00,888,-8.270,0.036,0.442
8.00,889,0.314,-8.029,0.304
8.00,890,5.305,5.703,0.264
8.00,891,0.106,8.264,0.270
8.00,892,5.305,5.703,0.264
8.00,893,-8.270,0.036,0.442
8.00,894,-3.109,7.644,0.436
8.00,895,-7.555,3.121,0.418
8.00,896,8.025,-0.408,0.294
8.00,897,-3.109,7.644,0.436
8.00,898,0.106,8.264,0.270
8.00,899,-8.270,0.036,0.442
8.00,900,-8.270,0.036,0.442
8.00,901,3.359,7.474,0.275
8.00,902,-5.730,5.238,0.248
8.00,903,0.314,-8.029,0.304
8.00,904,0.106,8.264,0.270
8.00,905,3.480,-7.373,0.245
8.00,906,7.348,-3.484,0.291
8.00,907,0.314,-8.029,0.304
8.00,908,5.422,-5.577,0.259
8.00,909,3.480,-7.373,0.245
8.00,910,7.348,-3.484,0.291
8.00,911,0.106,8.264,0.270
8.00,912,0.314,-8.029,0.304
8.00,913,-5.318,-5.848,0.486
8.00,914,7.348,-3.484,0.291
8.00,915,-5.318,-5.848,0.486
8.00,916,-5.730,5.238,0.248
8.00,917,5.422,-5.577,0.259
8.00,918,0.314,-8.029,0.304
8.00,919,7.371,3.201,0.313
8.00,920,7.371,3.201,0.313
8.00,921,5.422,-5.577,0.259
8.00,922,7.348,-3.484,0.291
8.00,923,0.106,8.264,0.270
8.00,924,0.314,-8.029,0.304
8.00,925,3.359,7.474,0.275
8.00,926,3.359,7.474,0.275
8.00,927,5.305,5.703,0.264
8.00,928,-7.222,-3.357,0.262
8.00,929,8.025,-0.408,0.294
8.00,930,3.480,-7.373,0.245
8.00,931,5.422,-5.577,0.259
8.00,932,5.305,5.703,0.264
8.00,933,7.348,-3.484,0.291
8.00,934,-5.730,5.238,0.248
8.00,935,0.314,-8.029,0.304
8.00,936,-7.555,3.121,0.418
8.00,937,-5.318,-5.848,0.486
8.00,938,-7.555,3.121,0.418
8.00,939,8.025,-0.408,0.294
8.00,940,0.314,-8.029,0.304
8.00,941,5.305,5.703,0.264
8.00,942,-5.318,-5.848,0.486
8.00,943,0.314,-8.029,0.304
8.00,944,-5.730,5.238,0.248
8.00,945,3.359,7.474,0.275
8.00,946,5.305,5.703,0.264
8.00,947,-7.555,3.121,0.418
8.00,948,7.371,3.201,0.313
8.00,949,-3.109,7.644,0.436
8.00,950,0.314,-8.029,0.304
8.00,951,8.025,-0.408,0.294
8.00,952,-8.270,0.036,0.442
8.00,953,3.359,7.474,0.275
8.00,954,8.025,-0.408,0.294
8.00,955,-8.270,0.036,0.442
8.00,956,0.314,-8.029,0.304
8.00,957,5.305,5.703,0.264
8.00,958,-3.109,7.644,0.436
8.00,959,-5.318,-5.848,0.486
8.00,960,-5.730,5.238,0.248
8.00,961,5.305,5.703,0.264
8.00,962,3.359,7.474,0.275
8.00,963,5.422,-5.577,0.259
8.00,964,-7.555,3.121,0.418
8.00,965,5.305,5.703,0.264
8.00,966,8.025,-0.408,0.294
8.00,967,-3.109,7.644,0.436
8.00,968,3.480,-7.373,0.245
8.00,969,5.422,-5.577,0.259
8.00,970,8.025,-0.408,0.294
8.00,971,-8.270,0.036,0.442
8.00,972,8.025,-0.408,0.294
8.00,973,-5.730,5.238,0.248
8.00,974,7.348,-3.484,0.291
8.00,975,-3.109,7.644,0.436
8.00,976,-8.270,0.036,0.442
8.00,977,-8.270,0.036,0.442
8.00,978,5.305,5.703,0.264
8.00,979,-8.270,0.036,0.442
8.00,980,-5.318,-5.848,0.486
8.00,981,-5.318,-5.848,0.486
8.00,982,-5.318,-5.848,0.486
8.00,983,5.422,-5.577,0.259
8.00,984,-5.318,-5.848,0.486
8.00,985,-5.730,5.238,0.248
8.00,986,0.314,-8.029,0.304
8.00,987,-5.318,-5.848,0.486
8.00,988,7.371,3.201,0.313
8.00,989,0.106,8.264,0.270
8.00,990,-5.318,-5.848,0.486
8.00,991,-5.730,5.238,0.248
8.00,992,-7.222,-3.357,0.262
8.00,993,3.359,7.474,0.275
8.00,994,-8.270,0.036,0.442
8.00,995,5.305,5.703,0.264
8.00,996,-8.270,0.036,0.442
8.00,997,0.106,8.264,0.270
8.00,998,0.314,-8.029,0.304
8.00,999,5.305,5.703,0.264
8.00,1000,5.305,5.703,0.264
8.00,1001,5.305,5.703,0.264
8.00,1002,-7.555,3.121,0.418
8.00,1003,8.025,-0.408,0.294
8.00,1004,7.371,3.201,0.313
8.00,1005,0.106,8.264,0.270
8.00,1006,-5.730,5.238,0.248
8.00,1007,-5.318,-5.848,0.486
8.00,1008,5.422,-5.577,0.259
8.00,1009,0.106,8.264,0.270
8.00,1010,0.106,8.264,0.270
8.00,1011,7.348,-3.484,0.291
8.00,1012,8.025,-0.408,0.294
8.00,1013,0.106,8.264,0.270
8.00,1014,8.025,-0.408,0.294
8.00,1015,3.359,7.474,0.275
8.00,1016,-5.318,-5.848,0.486
8.00,1017,-3.109,7.644,0.436
8.00,1018,-3.109,7.644,0.436
8.00,1019,0.314,-8.029,0.304
8.00,1020,8.025,-0.408,0.294
8.00,1021,5.305,5.703,0.264
8.00,1022,8.025,-0.408,0.294
8.00,1023,-8.270,0.036,0.442
8.00,1024,5.305,5.703,0.264
8.00,1025,5.305,5.703,0.264
8.00,1026,0.314,-8.029,0.304
8.00,1027,-5.730,5.238,0.248
8.00,1028,7.348,-3.484,0.291
8.00,1029,-5.318,-5.848,0.486
8.00,1030,-8.270,0.036,0.442
8.00,1031,-7.555,3.121,0.418
8.00,1032,0.314,-8.029,0.304
8.00,1033,-5.318,-5.848,0.486
8.00,1034,7.371,3.201,0.313
8.00,1035,-5.730,5.238,0.248
8.00,1036,0.314,-8.029,0.304
8.00,1037,5.305,5.703,0.264
8.00,1038,0.314,-8.029,0.304
8.00,1039,-8.270,0.036,0.442
8.00,1040,8.025,-0.408,0.294
8.00,1041,-5.318,-5.848,0.486
8.00,1042,3.359,7.474,0.275
8.00,1043,7.348,-3.484,0.291
8.00,1044,8.025,-0.408,0.294
8.00,1045,3.480,-7.373,0.245
8.00,1046,0.314,-8.029,0.304
8.00,1047,-7.555,3.121,0.418
8.00,1048,0.314,-8.029,0.304
8.00,1049,3.359,7.474,0.275
8.00,1050,-5.318,-5.848,0.486
8.00,1051,0.106,8.264,0.270
8.00,1052,7.348,-3.484,0.291
8.00,1053,-5.730,5.238,0.248
8.00,1054,7.371,3.201,0.313
8.00,1055,8.025,-0.408,0.294
8.00,1056,0.314,-8.029,0.304
8.00,1057,0.314,-8.029,0.304
8.00,1058,8.025,-0.408,0.294
8.00,1059,5.305,5.703,0.264
8.00,1060,7.371,3.201,0.313
8.00,1061,-7.555,3.121,0.418
8.00,1062,5.305,5.703,0.264
8.00,1063,5.422,-5.577,0.259
8.00,1064,7.371,3.201,0.313
8.00,1065,5.305,5.703,0.264
8.00,1066,-7.555,3.121,0.418
8.00,1067,-8.270,0.036,0.442
8.00,1068,0.314,-8.029,0.304
8.00,1069,7.348,-3.484,0.291
8.00,1070,5.305,5.703,0.264
8.00,1071,-5.318,-5.848,0.486
8.00,1072,0.314,-8.029,0.304
8.00,1073,-8.270,0.036,0.442
8.00,1074,3.359,7.474,0.275
8.00,1075,7.371,3.201,0.313
8.00,1076,-5.318,-5.848,0.486
8.00,1077,0.314,-8.029,0.304
8.00,1078,5.422,-5.577,0.259
8.00,1079,5.422,-5.577,0.259
8.00,1080,-8.270,0.036,0.442
8.00,1081,5.305,5.703,0.264
8.00,1082,-5.318,-5.848,0.486
8.00,1083,0.314,-8.029,0.304
8.00,1084,0.106,8.264,0.270
8.00,1085,3.359,7.474,0.275
8.00,1086,-7.555,3.121,0.418
8.00,1087,7.348,-3.484,0.291
8.00,1088,-5.318,-5.848,0.486
8.00,1089,-5.318,-5.848,0.486
8.00,1090,-5.318,-5.848,0.486
8.00,1091,5.305,5.703,0.264
8.00,1092,-5.730,5.238,0.248
8.00,1093,-8.270,0.036,0.442
8.00,1094,5.305,5.703,0.264
8.00,1095,-5.730,5.238,0.248
8.00,1096,3.480,-7.373,0.245
8.00,1097,-5.318,-5.848,0.486
8.00,1098,0.314,-8.029,0.304
8.00,1099,7.371,3.201,0.313
8.00,1100,7.371,3.201,0.313
8.00,1101,8.025,-0.408,0.294
8.00,1102,0.314,-8.029,0.304
8.00,1103,3.480,-7.373,0.245
8.00,1104,5.422,-5.577,0.259
8.00,1105,-5.318,-5.848,0.486
8.00,1106,-3.109,7.644,0.436
8.00,1107,0.106,8.264,0.270
8.00,1108,7.348,-3.484,0.291
8.00,1109,-8.270,0.036,0.442
8.00,1110,-3.109,7.644,0.436
8.00,1111,7.348,-3.484,0.291
8.00,1112,3.359,7.474,0.275
8.00,1113,5.422,-5.577,0.259
8.00,1114,5.305,5.703,0.264
8.00,1115,0.314,-8.029,0.304
8.00,1116,-3.109,7.644,0.436
8.00,1117,5.305,5.703,0.264
8.00,1118,5.305,5.703,0.264
8.00,1119,5.305,5.703,0.264
8.00,1120,-5.730,5.238,0.248
8.00,1121,5.422,-5.577,0.259
8.00,1122,7.348,-3.484,0.291
8.00,1123,-8.270,0.036,0.442
8.00,1124,0.106,8.264,0.270
8.00,1125,5.422,-5.577,0.259
8.00,1126,7.371,3.201,0.313
8.00,1127,-8.270,0.036,0.442
8.00,1128,-5.730,5.238,0.248
8.00,1129,7.348,-3.484,0.291
8.00,1130,-7.555,3.121,0.418
8.00,1131,7.348,-3.484,0.291
8.00,1132,0.106,8.264,0.270
8.00,1133,7.371,3.201,0.313
8.00,1134,-5.730,5.238,0.248
8.00,1135,5.305,5.703,0.264
8.00,1136,7.371,3.201,0.313
8.00,1137,0.314,-8.029,0.304
8.00,1138,-5.730,5.238,0.248
8.00,1139,3.359,7.474,0.275
8.00,1140,-5.318,-5.848,0.486
8.00,1141,-7.555,3.121,0.418
8.00,1142,0.106,8.264,0.270
8.00,1143,0.106,8.264,0.270
8.00,1144,0.106,8.264,0.270
8.00,1145,-3.109,7.644,0.436
8.00,1146,-5.318,-5.848,0.486
8.00,1147,-5.318,-5.848,0.486
8.00,1148,5.305,5.703,0.264
8.00,1149,0.314,-8.029,0.304
8.00,1150,-7.555,3.121,0.418
8.00,1151,0.106,8.264,0.270
8.00,1152,5.422,-5.577,0.259
8.00,1153,-5.318,-5.848,0.486
8.00,1154,-7.222,-3.357,0.262
8.00,1155,5.422,-5.577,0.259
8.00,1156,0.106,8.264,0.270
8.00,1157,-5.730,5.238,0.248
8.00,1158,-8.270,0.036,0.442
8.00,1159,5.305,5.703,0.264
8.00,1160,-7.222,-3.357,0.262
8.00,1161,-5.318,-5.848,0.486
8.00,1162,5.422,-5.577,0.259
8.00,1163,5.305,5.703,0.264
8.00,1164,5.305,5.703,0.264
8.00,1165,-5.730,5.238,0.248
8.00,1166,-5.318,-5.848,0.486
8.00,1167,0.106,8.264,0.270
8.00,1168,-5.318,-5.848,0.486
8.00,1169,3.359,7.474,0.275
8.00,1170,5.422,-5.577,0.259
8.00,1171,7.371,3.201,0.313
8.00,1172,-5.318,-5.848,0.486
8.00,1173,5.305,5.703,0.264
8.00,1174,-5.730,5.238,0.248
8.00,1175,0.106,8.264,0.270
8.00,1176,-8.270,0.036,0.442
8.00,1177,-5.318,-5.848,0.486
8.00,1178,-5.318,-5.848,0.486
8.00,1179,-5.730,5.238,0.248
8.00,1180,0.106,8.264,0.270
8.00,1181,3.359,7.474,0.275
8.00,1182,-5.730,5.238,0.248
8.00,1183,-3.109,7.644,0.436
8.00,1184,-7.222,-3.357,0.262
8.00,1185,5.305,5.703,0.264
8.00,1186,0.106,8.264,0.270
8.00,1187,3.359,7.474,0.275
8.00,1188,0.106,8.264,0.270
8.00,1189,-5.730,5.238,0.248
8.00,1190,0.106,8.264,0.270
8.00,1191,7.371,3.201,0.313
8.00,1192,0.314,-8.029,0.304
8.00,1193,7.348,-3.484,0.291
8.00,1194,-7.555,3.121,0.418
8.00,1195,-7.222,-3.357,0.262
8.00,1196,7.348,-3.484,0.291
8.00,1197,5.422,-5.577,0.259
8.00,1198,-5.730,5.238,0.248
8.00,1199,5.305,5.703,0.264
8.00,1200,0.314,-8.029,0.304
8.00,1201,-5.318,-5.848,0.486
8.00,1202,-5.730,5.238,0.248
8.00,1203,-3.109,7.644,0.436
8.00,1204,-8.270,0.036,0.442
8.00,1205,-3.109,7.644,0.436
8.00,1206,-5.318,-5.848,0.486
8.00,1207,5.305,5.703,0.264
8.00,1208,0.106,8.264,0.270
8.00,1209,7.348,-3.484,0.291
8.00,1210,-5.318,-5.848,0.486
8.00,1211,7.348,-3.484,0.291
8.00,1212,-8.270,0.036,0.442
8.00,1213,-8.270,0.036,0.442
8.00,1214,-5.318,-5.848,0.486
8.00,1215,-5.318,-5.848,0.486
8.00,1216,0.106,8.264,0.270
8.00,1217,-8.270,0.036,0.442
8.00,1218,5.305,5.703,0.264
8.00,1219,0.314,-8.029,0.304
8.00,1220,0.314,-8.029,0.304
8.00,1221,-7.222,-3.357,0.262
8.00,1222,-5.318,-5.848,0.486
8.00,1223,-8.270,0.036,0.442
8.00,1224,-5.318,-5.848,0.486
8.00,1225,-5.318,-5.848,0.486
8.00,1226,3.480,-7.373,0.245
8.00,1227,5.305,5.703,0.264
8.00,1228,5.422,-5.577,0.259
8.00,1229,-7.555,3.121,0.418
8.00,1230,8.025,-0.408,0.294
8.00,1231,-5.318,-5.848,0.486
8.00,1232,-8.270,0.036,0.442
8.00,1233,5.305,5.703,0.264
8.00,1234,-8.270,0.036,0.442
8.00,1235,5.422,-5.577,0.259
8.00,1236,5.422,-5.577,0.259
8.00,1237,-8.270,0.036,0.442
8.00,1238,-7.555,3.121,0.418
8.00,1239,-5.730,5.238,0.248
8.00,1240,0.314,-8.029,0.304
8.00,1241,7.348,-3.484,0.291
8.00,1242,-5.318,-5.848,0.486
8.00,1243,-5.318,-5.848,0.486
8.00,1244,7.371,3.201,0.313
8.00,1245,3.359,7.474,0.275
8.00,1246,0.314,-8.029,0.304
8.00,1247,-7.222,-3.357,0.262
8.00,1248,5.305,5.703,0.264
8.00,1249,0.106,8.264,0.270
8.00,1250,-3.109,7.644,0.436
8.00,1251,-5.730,5.238,0.248
8.00,1252,-3.109,7.644,0.436
8.00,1253,-5.318,-5.848,0.486
8.00,1254,0.106,8.264,0.270
8.00,1255,0.106,8.264,0.270
8.00,1256,8.025,-0.408,0.294
8.00,1257,-7.222,-3.357,0.262
8.00,1258,8.025,-0.408,0.294
8.00,1259,7.348,-3.484,0.291
8.00,1260,-5.318,-5.848,0.486
8.00,1261,0.314,-8.029,0.304
8.00,1262,-5.318,-5.848,0.486
8.00,1263,-7.555,3.121,0.418
8.00,1264,8.025,-0.408,0.294
8.00,1265,0.106,8.264,0.270
8.00,1266,5.305,5.703,0.264
8.00,1267,5.305,5.703,0.264
8.00,1268,3.359,7.474,0.275
8.00,1269,-3.109,7.644,0.436
8.00,1270,5.422,-5.577,0.259
8.00,1271,3.359,7.474,0.275
8.00,1272,-7.222,-3.357,0.262
8.00,1273,0.314,-8.029,0.304
8.00,1274,-3.109,7.644,0.436
8.00,1275,-5.730,5.238,0.248
8.00,1276,8.025,-0.408,0.294
8.00,1277,-8.270,0.036,0.442
8.00,1278,-5.318,-5.848,0.486
8.00,1279,-3.109,7.644,0.436
8.00,1280,0.314,-8.029,0.304
8.00,1281,-5.730,5.238,0.248
8.00,1282,0.314,-8.029,0.304
8.00,1283,7.371,3.201,0.313
8.00,1284,-7.555,3.121,0.418
8.00,1285,0.106,8.264,0.270
8.00,1286,-5.318,-5.848,0.486
8.00,1287,-5.730,5.238,0.248
8.00,1288,-8.270,0.036,0.442
8.00,1289,-3.109,7.644,0.436
8.00,1290,3.359,7.474,0.275
8.00,1291,5.422,-5.577,0.259
8.00,1292,-5.730,5.238,0.248
8.00,1293,5.305,5.703,0.264
8.00,1294,5.422,-5.577,0.259
8.00,1295,5.422,-5.577,0.259
8.00,1296,5.422,-5.577,0.259
8.00,1297,-5.318,-5.848,0.486
8.00,1298,5.422,-5.577,0.259
8.00,1299,-3.109,7.644,0.436
8.00,1300,5.305,5.703,0.264
8.00,1301,-7.555,3.121,0.418
8.00,1302,3.359,7.474,0.275
8.00,1303,0.314,-8.029,0.304
8.00,1304,0.106,8.264,0.270
8.00,1305,5.305,5.703,0.264
8.00,1306,-5.318,-5.848,0.486
8.00,1307,-8.270,0.036,0.442
8.00,1308,-7.555,3.121,0.418
8.00,1309,5.305,5.703,0.264
8.00,1310,-5.730,5.238,0.248
8.00,1311,-5.730,5.238,0.248
8.00,1312,5.422,-5.577,0.259
8.00,1313,5.422,-5.577,0.259
8.00,1314,-3.109,7.644,0.436
8.00,1315,-5.730,5.238,0.248
8.00,1316,-3.109,7.644,0.436
8.00,1317,0.314,-8.029,0.304
8.00,1318,-3.109,7.644,0.436
8.00,1319,-7.555,3.121,0.418
8.00,1320,8.025,-0.408,0.294
8.00,1321,0.314,-8.029,0.304
8.00,1322,-3.109,7.644,0.436
8.00,1323,-7.555,3.121,0.418
8.00,1324,-5.318,-5.848,0.486
8.00,1325,7.371,3.201,0.313
8.00,1326,-7.555,3.121,0.418
8.00,1327,7.371,3.201,0.313
8.00,1328,5.422,-5.577,0.259
8.00,1329,5.422,-5.577,0.259
8.00,1330,0.314,-8.029,0.304
8.00,1331,-7.555,3.121,0.418
8.00,1332,0.106,8.264,0.270
8.00,1333,-8.270,0.036,0.442
8.00,1334,5.422,-5.577,0.259
8.00,1335,-3.109,7.644,0.436
8.00,1336,7.371,3.201,0.313
8.00,1337,5.422,-5.577,0.259
8.00,1338,0.314,-8.029,0.304
8.00,1339,5.305,5.703,0.264
8.00,1340,-5.318,-5.848,0.486
8.00,1341,8.025,-0.408,0.294
8.00,1342,0.314,-8.029,0.304
8.00,1343,8.025,-0.408,0.294
8.00,1344,-5.730,5.238,0.248
8.00,1345,3.359,7.474,0.275
8.00,1346,-5.318,-5.848,0.486
8.00,1347,-5.318,-5.848,0.486
8.00,1348,-7.555,3.121,0.418
8.00,1349,8.025,-0.408,0.294
8.00,1350,-5.318,-5.848,0.486
8.00,1351,7.348,-3.484,0.291
8.00,1352,8.025,-0.408,0.294
8.00,1353,5.305,5.703,0.264
8.00,1354,0.314,-8.029,0.304
8.00,1355,8.025,-0.408,0.294
8.00,1356,8.025,-0.408,0.294
8.00,1357,0.106,8.264,0.270
8.00,1358,-5.318,-5.848,0.486
8.00,1359,-8.270,0.036,0.442
8.00,1360,5.305,5.703,0.264
8.00,1361,5.422,-5.577,0.259
8.00,1362,7.371,3.201,0.313
8.00,1363,3.359,7.474,0.275
8.00,1364,3.359,7.474,0.275
8.00,1365,5.305,5.703,0.264
8.00,1366,-5.318,-5.848,0.486
8.00,1367,-7.555,3.121,0.418
8.00,1368,-7.555,3.121,0.418
8.00,1369,-8.270,0.036,0.442
8.00,1370,-5.318,-5.848,0.486
8.00,1371,0.314,-8.029,0.304
8.00,1372,0.106,8.264,0.270
8.00,1373,5.422,-5.577,0.259
8.00,1374,5.422,-5.577,0.259
8.00,1375,0.106,8.264,0.270
8.00,1376,0.314,-8.029,0.304
8.00,1377,5.305,5.703,0.264
8.00,1378,7.371,3.201,0.313
8.00,1379,5.422,-5.577,0.259
8.00,1380,-7.555,3.121,0.418
8.00,1381,-5.730,5.238,0.248
8.00,1382,7.371,3.201,0.313
8.00,1383,-5.730,5.238,0.248
8.00,1384,0.314,-8.029,0.304
8.00,1385,-3.109,7.644,0.436
8.00,1386,5.305,5.703,0.264
8.00,1387,-3.109,7.644,0.436
8.00,1388,3.359,7.474,0.275
8.00,1389,-7.555,3.121,0.418
8.00,1390,-3.109,7.644,0.436
8.00,1391,0.314,-8.029,0.304
8.00,1392,-8.270,0.036,0.442
8.00,1393,5.422,-5.577,0.259
8.00,1394,5.422,-5.577,0.259
8.00,1395,0.314,-8.029,0.304
8.00,1396,-8.270,0.036,0.442
8.00,1397,8.025,-0.408,0.294
8.00,1398,5.422,-5.577,0.259
8.00,1399,0.106,8.264,0.270
8.00,1400,0.314,-8.029,0.304
8.00,1401,5.305,5.703,0.264
8.00,1402,5.422,-5.577,0.259
8.00,1403,-7.222,-3.357,0.262
8.00,1404,7.348,-3.484,0.291
8.00,1405,8.025,-0.408,0.294
8.00,1406,-5.318,-5.848,0.486
8.00,1407,-5.318,-5.848,0.486
8.00,1408,-8.270,0.036,0.442
8.00,1409,-8.270,0.036,0.442
8.00,1410,-5.318,-5.848,0.486
8.00,1411,-5.318,-5.848,0.486
8.00,1412,-5.730,5.238,0.248
8.00,1413,-5.318,-5.848,0.486
8.00,1414,8.025,-0.408,0.294
8.00,1415,-5.318,-5.848,0.486
8.00,1416,8.025,-0.408,0.294
8.00,1417,-7.555,3.121,0.418
8.00,1418,-5.318,-5.848,0.486
8.00,1419,7.371,3.201,0.313
8.00,1420,-5.318,-5.848,0.486
8.00,1421,7.348,-3.484,0.291
8.00,1422,-5.318,-5.848,0.486
8.00,1423,-3.109,7.644,0.436
8.00,1424,5.422,-5.577,0.259
8.00,1425,0.106,8.264,0.270
8.00,1426,-7.222,-3.357,0.262
8.00,1427,5.422,-5.577,0.259
8.00,1428,8.025,-0.408,0.294
8.00,1429,5.422,-5.577,0.259
8.00,1430,0.106,8.264,0.270
8.00,1431,5.305,5.703,0.264
8.00,1432,5.422,-5.577,0.259
8.00,1433,-5.318,-5.848,0.486
8.00,1434,-7.555,3.121,0.418
8.00,1435,-3.109,7.644,0.436
8.00,1436,5.422,-5.577,0.259
8.00,1437,-7.555,3.121,0.418
8.00,1438,-5.730,5.238,0.248
8.00,1439,-7.555,3.121,0.418
8.00,1440,-5.730,5.238,0.248
8.00,1441,5.422,-5.577,0.259
8.00,1442,5.422,-5.577,0.259
8.00,1443,5.422,-5.577,0.259
8.00,1444,-8.270,0.036,0.442
8.00,1445,5.422,-5.577,0.259
8.00,1446,-5.730,5.238,0.248
8.00,1447,-8.270,0.036,0.442
8.00,1448,-8.270,0.036,0.442
8.00,1449,5.305,5.703,0.264
8.00,1450,-5.318,-5.848,0.486
8.00,1451,5.422,-5.577,0.259
8.00,1452,7.371,3.201,0.313
8.00,1453,3.480,-7.373,0.245
8.00,1454,-5.318,-5.848,0.486
8.00,1455,-5.318,-5.848,0.486
8.00,1456,-5.318,-5.848,0.486
8.00,1457,-3.109,7.644,0.436
8.00,1458,0.106,8.264,0.270
8.00,1459,5.305,5.703,0.264
8.00,1460,-5.318,-5.848,0.486
8.00,1461,-5.730,5.238,0.248
8.00,1462,7.371,3.201,0.313
8.00,1463,-5.730,5.238,0.248
8.00,1464,-5.318,-5.848,0.486
8.00,1465,-5.318,-5.848,0.486
8.00,1466,-8.270,0.036,0.442
8.00,1467,-5.730,5.238,0.248
8.00,1468,-5.318,-5.848,0.486
8.00,1469,0.314,-8.029,0.304
8.00,1470,0.106,8.264,0.270
8.00,1471,8.025,-0.408,0.294
8.00,1472,-5.730,5.238,0.248
8.00,1473,3.359,7.474,0.275
8.00,1474,-3.109,7.644,0.436
8.00,1475,8.025,-0.408,0.294
8.00,1476,8.025,-0.408,0.294
8.00,1477,5.422,-5.577,0.259
8.00,1478,7.371,3.201,0.313
8.00,1479,-7.555,3.121,0.418
8.00,1480,-7.555,3.121,0.418
8.00,1481,5.305,5.703,0.264
8.00,1482,-5.730,5.238,0.248
8.00,1483,0.314,-8.029,0.304
8.00,1484,5.305,5.703,0.264
8.00,1485,0.106,8.264,0.270
8.00,1486,-7.555,3.121,0.418
8.00,1487,5.422,-5.577,0.259
8.00,1488,5.422,-5.577,0.259
8.00,1489,5.305,5.703,0.264
8.00,1490,-8.270,0.036,0.442
8.00,1491,-5.318,-5.848,0.486
8.00,1492,-5.730,5.238,0.248
8.00,1493,-3.109,7.644,0.436
8.00,1494,-5.318,-5.848,0.486
8.00,1495,-5.730,5.238,0.248
8.00,1496,-7.555,3.121,0.418
8.00,1497,-5.730,5.238,0.248
8.00,1498,-7.555,3.121,0.418
8.00,1499,-5.730,5.238,0.248
8.00,1500,-8.270,0.036,0.442
8.00,1501,-5.730,5.238,0.248
8.00,1502,5.305,5.703,0.264
8.00,1503,0.314,-8.029,0.304
8.00,1504,0.106,8.264,0.270
8.00,1505,-5.318,-5.848,0.486
8.00,1506,7.348,-3.484,0.291
8.00,1507,5.305,5.703,0.264
8.00,1508,3.480,-7.373,0.245
8.00,1509,-7.222,-3.357,0.262
8.00,1510,-8.270,0.036,0.442
8.00,1511,5.305,5.703,0.264
8.00,1512,7.348,-3.484,0.291
8.00,1513,-7.555,3.121,0.418
8.00,1514,8.025,-0.408,0.294
8.00,1515,0.106,8.264,0.270
8.00,1516,0.314,-8.029,0.304
8.00,1517,5.305,5.703,0.264
8.00,1518,-7.555,3.121,0.418
8.00,1519,-5.730,5.238,0.248
8.00,1520,8.025,-0.408,0.294
8.00,1521,7.348,-3.484,0.291
8.00,1522,-3.109,7.644,0.436
8.00,1523,-5.318,-5.848,0.486
8.00,1524,0.314,-8.029,0.304
8.00,1525,-3.109,7.644,0.436
8.00,1526,5.305,5.703,0.264
8.00,1527,7.371,3.201,0.313
8.00,1528,-8.270,0.036,0.442
8.00,1529,7.371,3.201,0.313
8.00,1530,-8.270,0.036,0.442
8.00,1531,7.371,3.201,0.313
8.00,1532,-5.730,5.238,0.248
8.00,1533,-8.270,0.036,0.442
8.00,1534,-7.555,3.121,0.418
8.00,1535,-5.318,-5.848,0.486
8.00,1536,0.314,-8.029,0.304
8.00,1537,-5.318,-5.848,0.486
8.00,1538,-3.109,7.644,0.436
8.00,1539,5.422,-5.577,0.259
8.00,1540,-3.109,7.644,0.436
8.00,1541,8.025,-0.408,0.294
8.00,1542,0.314,-8.029,0.304
8.00,1543,5.305,5.703,0.264
8.00,1544,7.371,3.201,0.313
8.00,1545,-5.318,-5.848,0.486
8.00,1546,-5.730,5.238,0.248
8.00,1547,-7.555,3.121,0.418
8.00,1548,7.371,3.201,0.313
8.00,1549,5.422,-5.577,0.259
8.00,1550,7.348,-3.484,0.291
8.00,1551,5.305,5.703,0.264
8.00,1552,-5.730,5.238,0.248
8.00,1553,-3.109,7.644,0.436
8.00,1554,-5.730,5.238,0.248
8.00,1555,-5.730,5.238,0.248
8.00,1556,-7.555,3.121,0.418
8.00,1557,-3.109,7.644,0.436
8.00,1558,-5.318,-5.848,0.486
8.00,1559,0.314,-8.029,0.304
8.00,1560,-5.318,-5.848,0.486
8.00,1561,8.025,-0.408,0.294
8.00,1562,3.359,7.474,0.275
8.00,1563,8.025,-0.408,0.294
8.00,1564,-5.318,-5.848,0.486
8.00,1565,-8.270,0.036,0.442
8.00,1566,-8.270,0.036,0.442
8.00,1567,-3.109,7.644,0.436
8.00,1568,8.025,-0.408,0.294
8.00,1569,-8.270,0.036,0.442
8.00,1570,3.359,7.474,0.275
8.00,1571,5.305,5.703,0.264
8.00,1572,-7.555,3.121,0.418
8.00,1573,5.305,5.703,0.264
8.00,1574,-5.318,-5.848,0.486
8.00,1575,-3.109,7.644,0.436
8.00,1576,5.422,-5.577,0.259
8.00,1577,-5.730,5.238,0.248
8.00,1578,-5.730,5.238,0.248
8.00,1579,-5.318,-5.848,0.486
8.00,1580,0.314,-8.029,0.304
8.00,1581,-5.318,-5.848,0.486
8.00,1582,-5.318,-5.848,0.486
8.00,1583,-5.730,5.238,0.248
8.00,1584,5.422,-5.577,0.259
8.00,1585,3.480,-7.373,0.245
8.00,1586,-7.222,-3.357,0.262
8.00,1587,7.348,-3.484,0.291
8.00,1588,5.422,-5.577,0.259
8.00,1589,-8.270,0.036,0.442
8.00,1590,-5.318,-5.848,0.486
8.00,1591,5.422,-5.577,0.259
8.00,1592,-5.318,-5.848,0.486
8.00,1593,-3.109,7.644,0.436
8.00,1594,-5.318,-5.848,0.486
8.00,1595,5.422,-5.577,0.259
8.00,1596,0.314,-8.029,0.304
8.00,1597,3.359,7.474,0.275
8.00,1598,0.314,-8.029,0.304
8.00,1599,0.106,8.264,0.270
8.00,1600,3.480,-7.373,0.245
8.00,1601,0.106,8.264,0.270
8.00,1602,0.314,-8.029,0.304
8.00,1603,-7.555,3.121,0.418
8.00,1604,8.025,-0.408,0.294
8.00,1605,5.305,5.703,0.264
8.00,1606,7.371,3.201,0.313
8.00,1607,5.422,-5.577,0.259
8.00,1608,7.348,-3.484,0.291
8.00,1609,-5.730,5.238,0.248
8.00,1610,-5.318,-5.848,0.486
8.00,1611,-7.555,3.121,0.418
8.00,1612,5.422,-5.577,0.259
8.00,1613,8.025,-0.408,0.294
8.00,1614,0.106,8.264,0.270
8.00,1615,-5.318,-5.848,0.486
8.00,1616,-5.318,-5.848,0.486
8.00,1617,-5.730,5.238,0.248
8.00,1618,5.305,5.703,0.264
8.00,1619,3.480,-7.373,0.245
8.00,1620,5.422,-5.577,0.259
8.00,1621,0.106,8.264,0.270
8.00,1622,-3.109,7.644,0.436
8.00,1623,-5.318,-5.848,0.486
8.00,1624,3.480,-7.373,0.245
8.00,1625,5.305,5.703,0.264
8.00,1626,5.305,5.703,0.264
8.00,1627,0.314,-8.029,0.304
8.00,1628,0.314,-8.029,0.304
8.00,1629,8.025,-0.408,0.294
8.00,1630,5.422,-5.577,0.259
8.00,1631,0.106,8.264,0.270
8.00,1632,7.348,-3.484,0.291
8.00,1633,5.422,-5.577,0.259
8.00,1634,-8.270,0.036,0.442
8.00,1635,-5.730,5.238,0.248
8.00,1636,3.359,7.474,0.275
8.00,1637,-5.730,5.238,0.248
8.00,1638,0.106,8.264,0.270
8.00,1639,5.305,5.703,0.264
8.00,1640,0.314,-8.029,0.304
8.00,1641,5.305,5.703,0.264
8.00,1642,-7.555,3.121,0.418
8.00,1643,-8.270,0.036,0.442
8.00,1644,8.025,-0.408,0.294
8.00,1645,-8.270,0.036,0.442
8.00,1646,7.371,3.201,0.313
8.00,1647,5.422,-5.577,0.259
8.00,1648,-8.270,0.036,0.442
8.00,1649,5.305,5.703,0.264
8.00,1650,0.314,-8.029,0.304
8.00,1651,-5.318,-5.848,0.486
8.00,1652,-5.318,-5.848,0.486
8.00,1653,-3.109,7.644,0.436
8.00,1654,8.025,-0.408,0.294
8.00,1655,-5.730,5.238,0.248
8.00,1656,-8.270,0.036,0.442
8.00,1657,-3.109,7.644,0.436
8.00,1658,7.371,3.201,0.313
8.00,1659,5.422,-5.577,0.259
8.00,1660,3.359,7.474,0.275
8.00,1661,-3.109,7.644,0.436
8.00,1662,0.314,-8.029,0.304
8.00,1663,-5.318,-5.848,0.486
8.00,1664,3.359,7.474,0.275
8.00,1665,-7.555,3.121,0.418
8.00,1666,-5.318,-5.848,0.486
8.00,1667,5.422,-5.577,0.259
8.00,1668,-7.555,3.121,0.418
8.00,1669,0.314,-8.029,0.304
8.00,1670,-3.109,7.644,0.436
8.00,1671,5.305,5.703,0.264
8.00,1672,-3.109,7.644,0.436
8.00,1673,5.305,5.703,0.264
8.00,1674,3.359,7.474,0.275
8.00,1675,0.314,-8.029,0.304
8.00,1676,-5.730,5.238,0.248
8.00,1677,5.305,5.703,0.264
8.00,1678,0.314,-8.029,0.304
8.00,1679,0.314,-8.029,0.304
8.00,1680,5.305,5.703,0.264
8.00,1681,-8.270,0.036,0.442
8.00,1682,-3.109,7.644,0.436
8.00,1683,-3.109,7.644,0.436
8.00,1684,5.305,5.703,0.264
8.00,1685,3.359,7.474,0.275
8.00,1686,-5.730,5.238,0.248
8.00,1687,3.480,-7.373,0.245
8.00,1688,0.106,8.264,0.270
8.00,1689,-5.318,-5.848,0.486
8.00,1690,0.314,-8.029,0.304
8.00,1691,7.348,-3.484,0.291
8.00,1692,-7.555,3.121,0.418
8.00,1693,7.348,-3.484,0.291
8.00,1694,-8.270,0.036,0.442
8.00,1695,-5.730,5.238,0.248
8.00,1696,0.314,-8.029,0.304
8.00,1697,-5.318,-5.848,0.486
8.00,1698,-7.555,3.121,0.418
8.00,1699,8.025,-0.408,0.294
8.00,1700,0.314,-8.029,0.304
8.00,1701,-3.109,7.644,0.436
8.00,1702,-3.109,7.644,0.436
8.00,1703,5.305,5.703,0.264
8.00,1704,-5.318,-5.848,0.486
8.00,1705,5.305,5.703,0.264
8.00,1706,0.106,8.264,0.270
8.00,1707,0.314,-8.029,0.304
8.00,1708,0.314,-8.029,0.304
8.00,1709,-5.730,5.238,0.248
8.00,1710,0.314,-8.029,0.304
8.00,1711,7.348,-3.484,0.291
8.00,1712,-5.318,-5.848,0.486
8.00,1713,8.025,-0.408,0.294
8.00,1714,-5.318,-5.848,0.486
8.00,1715,5.422,-5.577,0.259
8.00,1716,-5.730,5.238,0.248
8.00,1717,8.025,-0.408,0.294
8.00,1718,-5.318,-5.848,0.486
8.00,1719,-5.730,5.238,0.248
8.00,1720,5.305,5.703,0.264
8.00,1721,-5.730,5.238,0.248
8.00,1722,8.025,-0.408,0.294
8.00,1723,5.305,5.703,0.264
8.00,1724,5.422,-5.577,0.259
8.00,1725,-5.318,-5.848,0.486
8.00,1726,-5.730,5.238,0.248
8.00,1727,-5.730,5.238,0.248
8.00,1728,5.422,-5.577,0.259
8.00,1729,-5.318,-5.848,0.486
8.00,1730,-5.318,-5.848,0.486
8.00,1731,8.025,-0.408,0.294
8.00,1732,-5.318,-5.848,0.486
8.00,1733,0.314,-8.029,0.304
8.00,1734,7.371,3.201,0.313
8.00,1735,3.480,-7.373,0.245
8.00,1736,8.025,-0.408,0.294
8.00,1737,7.348,-3.484,0.291
8.00,1738,-3.109,7.644,0.436
8.00,1739,-7.222,-3.357,0.262
8.00,1740,-5.318,-5.848,0.486
8.00,1741,-8.270,0.036,0.442
8.00,1742,0.314,-8.029,0.304
8.00,1743,0.106,8.264,0.270
8.00,1744,-7.555,3.121,0.418
8.00,1745,5.305,5.703,0.264
8.00,1746,3.359,7.474,0.275
8.00,1747,-7.555,3.121,0.418
8.00,1748,0.106,8.264,0.270
8.00,1749,-5.730,5.238,0.248
8.00,1750,-5.730,5.238,0.248
8.00,1751,7.348,-3.484,0.291
8.00,1752,5.422,-5.577,0.259
8.00,1753,0.106,8.264,0.270
8.00,1754,0.314,-8.029,0.304
8.00,1755,-5.730,5.238,0.248
8.00,1756,0.314,-8.029,0.304
8.00,1757,-5.730,5.238,0.248
8.00,1758,5.422,-5.577,0.259
8.00,1759,0.314,-8.029,0.304
8.00,1760,-3.109,7.644,0.436
8.00,1761,0.106,8.264,0.270
8.00,1762,-5.318,-5.848,0.486
8.00,1763,3.359,7.474,0.275
8.00,1764,3.359,7.474,0.275
8.00,1765,0.106,8.264,0.270
8.00,1766,-3.109,7.644,0.436
8.00,1767,-7.222,-3.357,0.262
8.00,1768,8.025,-0.408,0.294
8.00,1769,-8.270,0.036,0.442
8.00,1770,5.305,5.703,0.264
8.00,1771,7.371,3.201,0.313
8.00,1772,-5.730,5.238,0.248
8.00,1773,-5.730,5.238,0.248
8.00,1774,-5.318,-5.848,0.486
8.00,1775,-5.318,-5.848,0.486
8.00,1776,3.359,7.474,0.275
8.00,1777,3.359,7.474,0.275
8.00,1778,5.422,-5.577,0.259
8.00,1779,-5.318,-5.848,0.486
8.00,1780,-8.270,0.036,0.442
8.00,1781,3.359,7.474,0.275
8.00,1782,0.314,-8.029,0.304
8.00,1783,-5.730,5.238,0.248
8.00,1784,-5.318,-5.848,0.486
8.00,1785,-7.555,3.121,0.418
8.00,1786,-3.109,7.644,0.436
8.00,1787,8.025,-0.408,0.294
8.00,1788,-3.109,7.644,0.436
8.00,1789,0.314,-8.029,0.304
8.00,1790,5.422,-5.577,0.259
8.00,1791,-8.270,0.036,0.442
8.00,1792,-5.318,-5.848,0.486
8.00,1793,-5.730,5.238,0.248
8.00,1794,-5.318,-5.848,0.486
8.00,1795,7.371,3.201,0.313
8.00,1796,0.106,8.264,0.270
8.00,1797,5.422,-5.577,0.259
8.00,1798,5.305,5.703,0.264
8.00,1799,8.025,-0.408,0.294
8.00,1800,-5.318,-5.848,0.486
8.00,1801,-7.555,3.121,0.418
8.00,1802,-8.270,0.036,0.442
8.00,1803,-5.318,-5.848,0.486
8.00,1804,-5.318,-5.848,0.486
8.00,1805,5.422,-5.577,0.259
8.00,1806,-5.318,-5.848,0.486
8.00,1807,0.106,8.264,0.270
8.00,1808,-8.270,0.036,0.442
8.00,1809,0.314,-8.029,0.304
8.00,1810,-8.270,0.036,0.442
8.00,1811,-8.270,0.036,0.442
8.00,1812,-3.109,7.644,0.436
8.00,1813,7.371,3.201,0.313
8.00,1814,5.422,-5.577,0.259
8.00,1815,8.025,-0.408,0.294
8.00,1816,5.305,5.703,0.264
8.00,1817,8.025,-0.408,0.294
8.00,1818,7.371,3.201,0.313
8.00,1819,3.480,-7.373,0.245
8.00,1820,8.025,-0.408,0.294
8.00,1821,-5.318,-5.848,0.486
8.00,1822,3.480,-7.373,0.245
8.00,1823,-5.318,-5.848,0.486
8.00,1824,0.106,8.264,0.270
8.00,1825,0.314,-8.029,0.304
8.00,1826,-5.318,-5.848,0.486
8.00,1827,7.371,3.201,0.313
8.00,1828,7.371,3.201,0.313
8.00,1829,0.106,8.264,0.270
8.00,1830,-7.555,3.121,0.418
8.00,1831,0.314,-8.029,0.304
8.00,1832,5.422,-5.577,0.259
8.00,1833,5.305,5.703,0.264
8.00,1834,-8.270,0.036,0.442
8.00,1835,-5.318,-5.848,0.486
8.00,1836,5.422,-5.577,0.259
8.00,1837,-7.555,3.121,0.418
8.00,1838,-5.318,-5.848,0.486
8.00,1839,5.305,5.703,0.264
8.00,1840,-5.318,-5.848,0.486
8.00,1841,7.348,-3.484,0.291
8.00,1842,-5.318,-5.848,0.486
8.00,1843,-5.730,5.238,0.248
8.00,1844,-5.730,5.238,0.248
8.00,1845,-8.270,0.036,0.442
8.00,1846,0.314,-8.029,0.304
8.00,1847,8.025,-0.408,0.294
8.00,1848,-5.730,5.238,0.248
8.00,1849,-8.270,0.036,0.442
8.00,1850,-5.730,5.238,0.248
8.00,1851,-5.730,5.238,0.248
8.00,1852,5.305,5.703,0.264
8.00,1853,-5.318,-5.848,0.486
8.00,1854,7.371,3.201,0.313
8.00,1855,8.025,-0.408,0.294
8.00,1856,-3.109,7.644,0.436
8.00,1857,5.422,-5.577,0.259
8.00,1858,0.106,8.264,0.270
8.00,1859,-7.555,3.121,0.418
8.00,1860,3.359,7.474,0.275
8.00,1861,5.422,-5.577,0.259
8.00,1862,5.422,-5.577,0.259
8.00,1863,5.305,5.703,0.264
8.00,1864,8.025,-0.408,0.294
8.00,1865,-3.109,7.644,0.436
8.00,1866,5.422,-5.577,0.259
8.00,1867,-5.730,5.238,0.248
8.00,1868,-7.555,3.121,0.418
8.00,1869,-3.109,7.644,0.436
8.00,1870,-3.109,7.644,0.436
8.00,1871,-8.270,0.036,0.442
8.00,1872,-5.318,-5.848,0.486
8.00,1873,-3.109,7.644,0.436
8.00,1874,0.314,-8.029,0.304
8.00,1875,8.025,-0.408,0.294
8.00,1876,7.371,3.201,0.313
8.00,1877,7.348,-3.484,0.291
8.00,1878,7.371,3.201,0.313
8.00,1879,3.480,-7.373,0.245
8.00,1880,8.025,-0.408,0.294
8.00,1881,5.422,-5.577,0.259
8.00,1882,-5.318,-5.848,0.486
8.00,1883,-8.270,0.036,0.442
8.00,1884,-5.318,-5.848,0.486
8.00,1885,-8.270,0.036,0.442
8.00,1886,-3.109,7.644,0.436
8.00,1887,-7.222,-3.357,0.262
8.00,1888,5.422,-5.577,0.259
8.00,1889,7.371,3.201,0.313
8.00,1890,5.422,-5.577,0.259
8.00,1891,3.359,7.474,0.275
8.00,1892,-5.730,5.238,0.248
8.00,1893,-5.730,5.238,0.248
8.00,1894,-8.270,0.036,0.442
8.00,1895,5.422,-5.577,0.259
8.00,1896,-5.730,5.238,0.248
8.00,1897,5.305,5.703,0.264
8.00,1898,5.305,5.703,0.264
8.00,1899,-5.730,5.238,0.248
8.00,1900,-8.270,0.036,0.442
8.00,1901,5.422,-5.577,0.259
8.00,1902,-7.555,3.121,0.418
8.00,1903,7.371,3.201,0.313
8.00,1904,-8.270,0.036,0.442
8.00,1905,-5.318,-5.848,0.486
8.00,1906,0.314,-8.029,0.304
8.00,1907,-7.555,3.121,0.418
8.00,1908,7.371,3.201,0.313
8.00,1909,-5.318,-5.848,0.486
8.00,1910,-5.730,5.238,0.248
8.00,1911,-5.318,-5.848,0.486
8.00,1912,0.106,8.264,0.270
8.00,1913,7.371,3.201,0.313
8.00,1914,8.025,-0.408,0.294
8.00,1915,0.106,8.264,0.270
8.00,1916,-7.222,-3.357,0.262
8.00,1917,0.106,8.264,0.270
8.00,1918,-3.109,7.644,0.436
8.00,1919,-3.109,7.644,0.436
8.00,1920,7.348,-3.484,0.291
8.00,1921,0.314,-8.029,0.304
8.00,1922,-5.730,5.238,0.248
8.00,1923,-5.318,-5.848,0.486
8.00,1924,8.025,-0.408,0.294
8.00,1925,3.359,7.474,0.275
8.00,1926,-7.555,3.121,0.418
8.00,1927,0.314,-8.029,0.304
8.00,1928,0.314,-8.029,0.304
8.00,1929,5.305,5.703,0.264
8.00,1930,-5.730,5.238,0.248
8.00,1931,8.025,-0.408,0.294
8.00,1932,7.348,-3.484,0.291
8.00,1933,7.371,3.201,0.313
8.00,1934,7.348,-3.484,0.291
8.00,1935,5.305,5.703,0.264
8.00,1936,3.359,7.474,0.275
8.00,1937,-5.730,5.238,0.248
8.00,1938,5.422,-5.577,0.259
8.00,1939,-7.555,3.121,0.418
8.00,1940,8.025,-0.408,0.294
8.00,1941,8.025,-0.408,0.294
8.00,1942,5.305,5.703,0.264
8.00,1943,0.314,-8.029,0.304
8.00,1944,5.422,-5.577,0.259
8.00,1945,-7.555,3.121,0.418
8.00,1946,0.314,-8.029,0.304
8.00,1947,5.305,5.703,0.264
8.00,1948,0.106,8.264,0.270
8.00,1949,-5.318,-5.848,0.486
8.00,1950,-3.109,7.644,0.436
8.00,1951,-7.222,-3.357,0.262
8.00,1952,-5.318,-5.848,0.486
8.00,1953,0.314,-8.029,0.304
8.00,1954,5.422,-5.577,0.259
8.00,1955,-5.318,-5.848,0.486
8.00,1956,-7.555,3.121,0.418
8.00,1957,-3.109,7.644,0.436
8.00,1958,-5.318,-5.848,0.486
8.00,1959,5.422,-5.577,0.259
8.00,1960,-5.318,-5.848,0.486
8.00,1961,8.025,-0.408,0.294
8.00,1962,7.371,3.201,0.313
8.00,1963,5.422,-5.577,0.259
8.00,1964,8.025,-0.408,0.294
8.00,1965,0.314,-8.029,0.304
8.00,1966,-5.318,-5.848,0.486
8.00,1967,-7.222,-3.357,0.262
8.00,1968,3.359,7.474,0.275
8.00,1969,-7.222,-3.357,0.262
8.00,1970,-8.270,0.036,0.442
8.00,1971,8.025,-0.408,0.294
8.00,1972,-5.318,-5.848,0.486
8.00,1973,-5.318,-5.848,0.486
8.00,1974,-5.730,5.238,0.248
8.00,1975,-5.318,-5.848,0.486
8.00,1976,-3.109,7.644,0.436
8.00,1977,0.314,-8.029,0.304
8.00,1978,-8.270,0.036,0.442
8.00,1979,-7.222,-3.357,0.262
8.00,1980,7.371,3.201,0.313
8.00,1981,0.314,-8.029,0.304
8.00,1982,7.371,3.201,0.313
8.00,1983,-5.730,5.238,0.248
8.00,1984,5.305,5.703,0.264
8.00,1985,5.305,5.703,0.264
8.00,1986,-7.222,-3.357,0.262
8.00,1987,5.305,5.703,0.264
8.00,1988,5.305,5.703,0.264
8.00,1989,0.314,-8.029,0.304
8.00,1990,5.305,5.703,0.264
8.00,1991,-5.318,-5.848,0.486
8.00,1992,5.422,-5.577,0.259
8.00,1993,3.359,7.474,0.275
8.00,1994,3.480,-7.373,0.245
8.00,1995,8.025,-0.408,0.294
8.00,1996,3.359,7.474,0.275
8.00,1997,-3.109,7.644,0.436
8.00,1998,-7.555,3.121,0.418
8.00,1999,-5.318,-5.848,0.486
8.00,2000,-3.109,7.644,0.436
8.00,2001,-5.318,-5.848,0.486
8.00,2002,7.371,3.201,0.313
8.00,2003,-5.318,-5.848,0.486
8.00,2004,5.305,5.703,0.264
8.00,2005,-5.318,-5.848,0.486
8.00,2006,0.314,-8.029,0.304
8.00,2007,8.025,-0.408,0.294
8.00,2008,-8.270,0.036,0.442
8.00,2009,0.314,-8.029,0.304
8.00,2010,5.305,5.703,0.264
8.00,2011,-5.730,5.238,0.248
8.00,2012,0.314,-8.029,0.304
8.00,2013,0.314,-8.029,0.304
8.00,2014,0.314,-8.029,0.304
8.00,2015,-7.222,-3.357,0.262
8.00,2016,-8.270,0.036,0.442
8.00,2017,-5.318,-5.848,0.486
8.00,2018,0.106,8.264,0.270
8.00,2019,-3.109,7.644,0.436
8.00,2020,5.305,5.703,0.264
8.00,2021,7.371,3.201,0.313
8.00,2022,5.422,-5.577,0.259
8.00,2023,-3.109,7.644,0.436
8.00,2024,-7.555,3.121,0.418
8.00,2025,8.025,-0.408,0.294
8.00,2026,0.314,-8.029,0.304
8.00,2027,0.106,8.264,0.270
8.00,2028,-3.109,7.644,0.436
8.00,2029,-8.270,0.036,0.442
8.00,2030,-5.318,-5.848,0.486
8.00,2031,-5.730,5.238,0.248
8.00,2032,-8.270,0.036,0.442
8.00,2033,-5.318,-5.848,0.486
8.00,2034,-5.730,5.238,0.248
8.00,2035,-7.555,3.121,0.418
8.00,2036,8.025,-0.408,0.294
8.00,2037,5.305,5.703,0.264
8.00,2038,-3.109,7.644,0.436
8.00,2039,-8.270,0.036,0.442
8.00,2040,5.422,-5.577,0.259
8.00,2041,5.305,5.703,0.264
8.00,2042,3.359,7.474,0.275
8.00,2043,-5.318,-5.848,0.486
8.00,2044,3.480,-7.373,0.245
8.00,2045,5.422,-5.577,0.259
8.00,2046,-5.730,5.238,0.248
8.00,2047,-5.318,-5.848,0.486
8.00,2048,-3.109,7.644,0.436
8.00,2049,3.480,-7.373,0.245
8.00,2050,0.314,-8.029,0.304
8.00,2051,7.348,-3.484,0.291
8.00,2052,-5.730,5.238,0.248
8.00,2053,-5.730,5.238,0.248
8.00,2054,-5.730,5.238,0.248
8.00,2055,7.371,3.201,0.313
8.00,2056,0.314,-8.029,0.304
8.00,2057,5.305,5.703,0.264
8.00,2058,0.314,-8.029,0.304
8.00,2059,8.025,-0.408,0.294
8.00,2060,8.025,-0.408,0.294
8.00,2061,-8.270,0.036,0.442
8.00,2062,-5.730,5.238,0.248
8.00,2063,-5.730,5.238,0.248
8.00,2064,-8.270,0.036,0.442
8.00,2065,-5.730,5.238,0.248
8.00,2066,0.314,-8.029,0.304
8.00,2067,-7.555,3.121,0.418
8.00,2068,0.314,-8.029,0.304
8.00,2069,5.422,-5.577,0.259
8.00,2070,-3.109,7.644,0.436
8.00,2071,-5.318,-5.848,0.486
8.00,2072,5.305,5.703,0.264
8.00,2073,8.025,-0.408,0.294
8.00,2074,-5.730,5.238,0.248
8.00,2075,7.348,-3.484,0.291
8.00,2076,-5.730,5.238,0.248
8.00,2077,8.025,-0.408,0.294
8.00,2078,5.422,-5.577,0.259
8.00,2079,-5.318,-5.848,0.486
8.00,2080,-7.555,3.121,0.418
8.00,2081,-3.109,7.644,0.436
8.00,2082,-5.318,-5.848,0.486
8.00,2083,-3.109,7.644,0.436
8.00,2084,-8.270,0.036,0.442
8.00,2085,5.422,-5.577,0.259
8.00,2086,0.106,8.264,0.270
8.00,2087,0.314,-8.029,0.304
8.00,2088,-5.318,-5.848,0.486
8.00,2089,7.371,3.201,0.313
8.00,2090,-5.318,-5.848,0.486
8.00,2091,-7.555,3.121,0.418
8.00,2092,0.314,-8.029,0.304
8.00,2093,-7.555,3.121,0.418
8.00,2094,3.359,7.474,0.275
8.00,2095,7.371,3.201,0.313
8.00,2096,-5.730,5.238,0.248
8.00,2097,7.348,-3.484,0.291
8.00,2098,-5.318,-5.848,0.486
8.00,2099,-5.318,-5.848,0.486
8.00,2100,-7.555,3.121,0.418
8.00,2101,5.422,-5.577,0.259
8.00,2102,-7.222,-3.357,0.262
8.00,2103,-8.270,0.036,0.442
8.00,2104,0.314,-8.029,0.304
8.00,2105,-8.270,0.036,0.442
8.00,2106,0.314,-8.029,0.304
8.00,2107,0.106,8.264,0.270
8.00,2108,8.025,-0.408,0.294
8.00,2109,-7.222,-3.357,0.262
8.00,2110,-5.318,-5.848,0.486
8.00,2111,-3.109,7.644,0.436
8.00,2112,-5.318,-5.848,0.486
8.00,2113,-5.730,5.238,0.248
8.00,2114,8.025,-0.408,0.294
8.00,2115,5.422,-5.577,0.259
8.00,2116,-5.730,5.238,0.248
8.00,2117,0.106,8.264,0.270
8.00,2118,5.422,-5.577,0.259
8.00,2119,-5.318,-5.848,0.486
8.00,2120,8.025,-0.408,0.294
8.00,2121,-5.318,-5.848,0.486
8.00,2122,5.305,5.703,0.264
8.00,2123,7.371,3.201,0.313
8.00,2124,-8.270,0.036,0.442
8.00,2125,5.422,-5.577,0.259
8.00,2126,5.422,-5.577,0.259
8.00,2127,-3.109,7.644,0.436
8.00,2128,5.305,5.703,0.264
8.00,2129,5.422,-5.577,0.259
8.00,2130,-3.109,7.644,0.436
8.00,2131,0.106,8.264,0.270
8.00,2132,-3.109,7.644,0.436
8.00,2133,5.422,-5.577,0.259
8.00,2134,7.371,3.201,0.313
8.00,2135,-7.555,3.121,0.418
8.00,2136,-3.109,7.644,0.436
8.00,2137,7.348,-3.484,0.291
8.00,2138,-5.318,-5.848,0.486
8.00,2139,-3.109,7.644,0.436
8.00,2140,0.314,-8.029,0.304
8.00,2141,8.025,-0.408,0.294
8.00,2142,-5.318,-5.848,0.486
8.00,2143,-7.222,-3.357,0.262
8.00,2144,7.348,-3.484,0.291
8.00,2145,7.371,3.201,0.313
8.00,2146,-5.318,-5.848,0.486
8.00,2147,7.348,-3.484,0.291
8.00,2148,3.359,7.474,0.275
8.00,2149,5.305,5.703,0.264
8.00,2150,-5.318,-5.848,0.486
8.00,2151,-5.318,-5.848,0.486
8.00,2152,7.371,3.201,0.313
8.00,2153,-8.270,0.036,0.442
8.00,2154,-5.318,-5.848,0.486
8.00,2155,0.106,8.264,0.270
8.00,2156,5.305,5.703,0.264
8.00,2157,-3.109,7.644,0.436
8.00,2158,-5.730,5.238,0.248
8.00,2159,0.106,8.264,0.270
8.00,2160,-3.109,7.644,0.436
8.00,2161,-5.730,5.238,0.248
8.00,2162,-3.109,7.644,0.436
8.00,2163,-5.318,-5.848,0.486
8.00,2164,0.314,-8.029,0.304
8.00,2165,8.025,-0.408,0.294
8.00,2166,-3.109,7.644,0.436
8.00,2167,3.359,7.474,0.275
8.00,2168,-7.555,3.121,0.418
8.00,2169,-8.270,0.036,0.442
8.00,2170,0.106,8.264,0.270
8.00,2171,7.348,-3.484,0.291
8.00,2172,-3.109,7.644,0.436
8.00,2173,5.305,5.703,0.264
8.00,2174,-5.730,5.238,0.248
8.00,2175,3.359,7.474,0.275
8.00,2176,5.422,-5.577,0.259
8.00,2177,-5.730,5.238,0.248
8.00,2178,5.422,-5.577,0.259
8.00,2179,7.371,3.201,0.313
8.00,2180,3.359,7.474,0.275
8.00,2181,7.348,-3.484,0.291
8.00,2182,-5.318,-5.848,0.486
8.00,2183,8.025,-0.408,0.294
8.00,2184,-5.318,-5.848,0.486
8.00,2185,5.305,5.703,0.264
8.00,2186,5.305,5.703,0.264
8.00,2187,-7.222,-3.357,0.262
8.00,2188,5.305,5.703,0.264
8.00,2189,-5.318,-5.848,0.486
8.00,2190,7.348,-3.484,0.291
8.00,2191,0.314,-8.029,0.304
8.00,2192,-5.318,-5.848,0.486
8.00,2193,0.106,8.264,0.270
8.00,2194,-5.730,5.238,0.248
8.00,2195,0.314,-8.029,0.304
8.00,2196,0.106,8.264,0.270
8.00,2197,-5.730,5.238,0.248
8.00,2198,-8.270,0.036,0.442
8.00,2199,3.359,7.474,0.275
8.00,2200,-3.109,7.644,0.436
8.00,2201,-3.109,7.644,0.436
8.00,2202,0.314,-8.029,0.304
8.00,2203,0.314,-8.029,0.304
8.00,2204,5.422,-5.577,0.259
8.00,2205,-7.555,3.121,0.418
8.00,2206,0.314,-8.029,0.304
8.00,2207,0.314,-8.029,0.304
8.00,2208,0.106,8.264,0.270
8.00,2209,3.359,7.474,0.275
8.00,2210,0.314,-8.029,0.304
8.00,2211,-7.222,-3.357,0.262
8.00,2212,0.106,8.264,0.270
8.00,2213,7.371,3.201,0.313
8.00,2214,-5.730,5.238,0.248
8.00,2215,-8.270,0.036,0.442
8.00,2216,0.314,-8.029,0.304
8.00,2217,-8.270,0.036,0.442
8.00,2218,7.371,3.201,0.313
8.00,2219,-5.318,-5.848,0.486
8.00,2220,5.422,-5.577,0.259
8.00,2221,7.371,3.201,0.313
8.00,2222,-7.555,3.121,0.418
8.00,2223,8.025,-0.408,0.294
8.00,2224,7.348,-3.484,0.291
8.00,2225,-3.109,7.644,0.436
8.00,2226,0.106,8.264,0.270
8.00,2227,0.314,-8.029,0.304
8.00,2228,-7.222,-3.357,0.262
8.00,2229,-8.270,0.036,0.442
8.00,2230,-5.318,-5.848,0.486
8.00,2231,5.305,5.703,0.264
8.00,2232,-5.318,-5.848,0.486
8.00,2233,-7.222,-3.357,0.262
8.00,2234,-5.730,5.238,0.248
8.00,2235,0.314,-8.029,0.304
8.00,2236,0.106,8.264,0.270
8.00,2237,-5.318,-5.848,0.486
8.00,2238,7.371,3.201,0.313
8.00,2239,8.025,-0.408,0.294
8.00,2240,8.025,-0.408,0.294
8.00,2241,-3.109,7.644,0.436
8.00,2242,-7.555,3.121,0.418
8.00,2243,-8.270,0.036,0.442
8.00,2244,8.025,-0.408,0.294
8.00,2245,8.025,-0.408,0.294
8.00,2246,-5.318,-5.848,0.486
8.00,2247,7.348,-3.484,0.291
8.00,2248,-8.270,0.036,0.442
8.00,2249,7.371,3.201,0.313
8.00,2250,-5.318,-5.848,0.486
8.00,2251,0.314,-8.029,0.304
8.00,2252,-5.318,-5.848,0.486
8.00,2253,7.348,-3.484,0.291
8.00,2254,-8.270,0.036,0.442
8.00,2255,5.422,-5.577,0.259
8.00,2256,5.422,-5.577,0.259
8.00,2257,3.480,-7.373,0.245
8.00,2258,5.305,5.703,0.264
8.00,2259,-5.318,-5.848,0.486
8.00,2260,7.371,3.201,0.313
8.00,2261,0.106,8.264,0.270
8.00,2262,5.305,5.703,0.264
8.00,2263,-5.730,5.238,0.248
8.00,2264,7.371,3.201,0.313
8.00,2265,8.025,-0.408,0.294
8.00,2266,0.106,8.264,0.270
8.00,2267,-3.109,7.644,0.436
8.00,2268,0.106,8.264,0.270
8.00,2269,-5.730,5.238,0.248
8.00,2270,8.025,-0.408,0.294
8.00,2271,0.314,-8.029,0.304
8.00,2272,3.359,7.474,0.275
8.00,2273,5.422,-5.577,0.259
8.00,2274,0.314,-8.029,0.304
8.00,2275,0.106,8.264,0.270
8.00,2276,7.371,3.201,0.313
8.00,2277,-5.318,-5.848,0.486
8.00,2278,-8.270,0.036,0.442
8.00,2279,5.305,5.703,0.264
8.00,2280,7.348,-3.484,0.291
8.00,2281,5.422,-5.577,0.259
8.00,2282,-5.318,-5.848,0.486
8.00,2283,5.305,5.703,0.264
8.00,2284,5.422,-5.577,0.259
8.00,2285,5.422,-5.577,0.259
8.00,2286,5.422,-5.577,0.259
8.00,2287,7.348,-3.484,0.291
8.00,2288,-7.555,3.121,0.418
8.00,2289,-5.318,-5.848,0.486
8.00,2290,-5.318,-5.848,0.486
8.00,2291,5.422,-5.577,0.259
8.00,2292,0.106,8.264,0.270
8.00,2293,-5.730,5.238,0.248
8.00,2294,5.305,5.703,0.264
8.00,2295,5.422,-5.577,0.259
8.00,2296,-5.318,-5.848,0.486
8.00,2297,0.314,-8.029,0.304
8.00,2298,-5.318,-5.848,0.486
8.00,2299,-5.318,-5.848,0.486
8.00,2300,-5.730,5.238,0.248
8.00,2301,0.106,8.264,0.270
8.00,2302,-5.318,-5.848,0.486
8.00,2303,0.314,-8.029,0.304
8.00,2304,5.305,5.703,0.264
8.00,2305,7.371,3.201,0.313
8.00,2306,-8.270,0.036,0.442
8.00,2307,-3.109,7.644,0.436
8.00,2308,-5.318,-5.848,0.486
8.00,2309,-5.730,5.238,0.248
8.00,2310,-8.270,0.036,0.442
8.00,2311,0.314,-8.029,0.304
8.00,2312,0.106,8.264,0.270
8.00,2313,7.371,3.201,0.313
8.00,2314,0.106,8.264,0.270
8.00,2315,8.025,-0.408,0.294
8.00,2316,5.305,5.703,0.264
8.00,2317,0.314,-8.029,0.304
8.00,2318,0.314,-8.029,0.304
8.00,2319,5.305,5.703,0.264
8.00,2320,8.025,-0.408,0.294
8.00,2321,5.422,-5.577,0.259
8.00,2322,-5.730,5.238,0.248
8.00,2323,-5.318,-5.848,0.486
8.00,2324,3.359,7.474,0.275
8.00,2325,7.371,3.201,0.313
8.00,2326,3.359,7.474,0.275
8.00,2327,-5.318,-5.848,0.486
8.00,2328,5.422,-5.577,0.259
8.00,2329,-5.730,5.238,0.248
8.00,2330,-8.270,0.036,0.442
8.00,2331,-8.270,0.036,0.442
8.00,2332,-5.318,-5.848,0.486
8.00,2333,5.422,-5.577,0.259
8.00,2334,7.348,-3.484,0.291
8.00,2335,-8.270,0.036,0.442
8.00,2336,7.371,3.201,0.313
8.00,2337,-5.318,-5.848,0.486
8.00,2338,0.314,-8.029,0.304
8.00,2339,-5.318,-5.848,0.486
8.00,2340,-3.109,7.644,0.436
8.00,2341,-5.318,-5.848,0.486
8.00,2342,-5.730,5.238,0.248
8.00,2343,-5.730,5.238,0.248
8.00,2344,-7.555,3.121,0.418
8.00,2345,0.314,-8.029,0.304
8.00,2346,-5.730,5.238,0.248
8.00,2347,-7.555,3.121,0.418
8.00,2348,5.305,5.703,0.264
8.00,2349,5.305,5.703,0.264
8.00,2350,8.025,-0.408,0.294
8.00,2351,5.422,-5.577,0.259
8.00,2352,3.359,7.474,0.275
8.00,2353,-8.270,0.036,0.442
8.00,2354,5.422,-5.577,0.259
8.00,2355,-5.318,-5.848,0.486
8.00,2356,-5.318,-5.848,0.486
8.00,2357,3.359,7.474,0.275
8.00,2358,7.348,-3.484,0.291
8.00,2359,5.422,-5.577,0.259
8.00,2360,0.106,8.264,0.270
8.00,2361,-5.318,-5.848,0.486
8.00,2362,0.314,-8.029,0.304
8.00,2363,5.305,5.703,0.264
8.00,2364,0.314,-8.029,0.304
8.00,2365,5.305,5.703,0.264
8.00,2366,0.106,8.264,0.270
8.00,2367,-7.555,3.121,0.418
8.00,2368,8.025,-0.408,0.294
8.00,2369,7.348,-3.484,0.291
8.00,2370,-8.270,0.036,0.442
8.00,2371,0.314,-8.029,0.304
8.00,2372,-5.730,5.238,0.248
8.00,2373,7.371,3.201,0.313
8.00,2374,7.348,-3.484,0.291
8.00,2375,-8.270,0.036,0.442
8.00,2376,8.025,-0.408,0.294
8.00,2377,-5.318,-5.848,0.486
8.00,2378,-8.270,0.036,0.442
8.00,2379,-7.222,-3.357,0.262
8.00,2380,-7.555,3.121,0.418
8.00,2381,-7.222,-3.357,0.262
8.00,2382,-8.270,0.036,0.442
8.00,2383,-7.555,3.121,0.418
8.00,2384,-7.555,3.121,0.418
8.00,2385,-7.222,-3.357,0.262
8.00,2386,-5.318,-5.848,0.486
8.00,2387,3.359,7.474,0.275
8.00,2388,7.371,3.201,0.313
8.00,2389,-3.109,7.644,0.436
8.00,2390,-3.109,7.644,0.436
8.00,2391,-5.730,5.238,0.248
8.00,2392,-3.109,7.644,0.436
8.00,2393,-3.109,7.644,0.436
8.00,2394,-5.730,5.238,0.248
8.00,2395,-5.318,-5.848,0.486
8.00,2396,3.480,-7.373,0.245
8.00,2397,0.106,8.264,0.270
8.00,2398,3.359,7.474,0.275
8.00,2399,-5.730,5.238,0.248
8.00,2400,7.371,3.201,0.313
8.00,2401,-8.270,0.036,0.442
8.00,2402,-5.730,5.238,0.248
8.00,2403,-5.318,-5.848,0.486
8.00,2404,-5.318,-5.848,0.486
8.00,2405,3.359,7.474,0.275
8.00,2406,-5.318,-5.848,0.486
8.00,2407,8.025,-0.408,0.294
8.00,2408,-3.109,7.644,0.436
8.00,2409,-5.318,-5.848,0.486
8.00,2410,5.305,5.703,0.264
8.00,2411,5.305,5.703,0.264
8.00,2412,-5.730,5.238,0.248
8.00,2413,5.305,5.703,0.264
8.00,2414,-5.318,-5.848,0.486
8.00,2415,-8.270,0.036,0.442
8.00,2416,5.422,-5.577,0.259
8.00,2417,0.106,8.264,0.270
8.00,2418,8.025,-0.408,0.294
8.00,2419,5.422,-5.577,0.259
8.00,2420,-5.730,5.238,0.248
8.00,2421,7.371,3.201,0.313
8.00,2422,3.480,-7.373,0.245
8.00,2423,0.106,8.264,0.270
8.00,2424,5.305,5.703,0.264
8.00,2425,0.314,-8.029,0.304
8.00,2426,-5.730,5.238,0.248
8.00,2427,-7.555,3.121,0.418
8.00,2428,-7.555,3.121,0.418
8.00,2429,7.371,3.201,0.313
8.00,2430,-5.318,-5.848,0.486
8.00,2431,-5.318,-5.848,0.486
8.00,2432,-5.730,5.238,0.248
8.00,2433,7.371,3.201,0.313
8.00,2434,5.305,5.703,0.264
8.00,2435,8.025,-0.408,0.294
8.00,2436,5.305,5.703,0.264
8.00,2437,7.348,-3.484,0.291
8.00,2438,-8.270,0.036,0.442
8.00,2439,5.305,5.703,0.264
8.00,2440,5.305,5.703,0.264
8.00,2441,3.359,7.474,0.275
8.00,2442,0.314,-8.029,0.304
8.00,2443,7.348,-3.484,0.291
8.00,2444,-5.318,-5.848,0.486
8.00,2445,-7.555,3.121,0.418
8.00,2446,-5.318,-5.848,0.486
8.00,2447,5.305,5.703,0.264
8.00,2448,-7.555,3.121,0.418
8.00,2449,-3.109,7.644,0.436
8.00,2450,3.359,7.474,0.275
8.00,2451,-8.270,0.036,0.442
8.00,2452,0.314,-8.029,0.304
8.00,2453,5.305,5.703,0.264
8.00,2454,-5.318,-5.848,0.486
8.00,2455,3.480,-7.373,0.245
8.00,2456,0.106,8.264,0.270
8.00,2457,5.305,5.703,0.264
8.00,2458,8.025,-0.408,0.294
8.00,2459,5.422,-5.577,0.259
8.00,2460,0.106,8.264,0.270
8.00,2461,3.359,7.474,0.275
8.00,2462,7.348,-3.484,0.291
8.00,2463,0.314,-8.029,0.304
8.00,2464,3.359,7.474,0.275
8.00,2465,-8.270,0.036,0.442
8.00,2466,0.106,8.264,0.270
8.00,2467,-5.318,-5.848,0.486
8.00,2468,-5.730,5.238,0.248
8.00,2469,3.359,7.474,0.275
8.00,2470,-5.730,5.238,0.248
8.00,2471,-8.270,0.036,0.442
8.00,2472,-5.318,-5.848,0.486
8.00,2473,0.314,-8.029,0.304
8.00,2474,-5.730,5.238,0.248
8.00,2475,3.359,7.474,0.275
8.00,2476,8.025,-0.408,0.294
8.00,2477,-5.318,-5.848,0.486
8.00,2478,-5.318,-5.848,0.486
8.00,2479,7.348,-3.484,0.291
8.00,2480,-5.318,-5.848,0.486
8.00,2481,0.106,8.264,0.270
8.00,2482,-8.270,0.036,0.442
8.00,2483,3.359,7.474,0.275
8.00,2484,-8.270,0.036,0.442
8.00,2485,-5.730,5.238,0.248
8.00,2486,-5.318,-5.848,0.486
8.00,2487,-5.318,-5.848,0.486
8.00,2488,5.422,-5.577,0.259
8.00,2489,-7.555,3.121,0.418
8.00,2490,5.422,-5.577,0.259
8.00,2491,0.314,-8.029,0.304
8.00,2492,5.305,5.703,0.264
8.00,2493,7.348,-3.484,0.291
8.00,2494,-5.318,-5.848,0.486
8.00,2495,-5.730,5.238,0.248
8.00,2496,0.314,-8.029,0.304
8.00,2497,-5.730,5.238,0.248
8.00,2498,-5.318,-5.848,0.486
8.00,2499,-7.222,-3.357,0.262
8.00,2500,-7.555,3.121,0.418
8.00,2501,0.314,-8.029,0.304
8.00,2502,-8.270,0.036,0.442
8.00,2503,0.106,8.264,0.270
8.00,2504,-7.555,3.121,0.418
8.00,2505,8.025,-0.408,0.294
8.00,2506,0.314,-8.029,0.304
8.00,2507,-8.270,0.036,0.442
8.00,2508,-5.730,5.238,0.248
8.00,2509,7.348,-3.484,0.291
8.00,2510,3.359,7.474,0.275
8.00,2511,-5.318,-5.848,0.486
8.00,2512,5.422,-5.577,0.259
8.00,2513,5.422,-5.577,0.259
8.00,2514,-5.318,-5.848,0.486
8.00,2515,8.025,-0.408,0.294
8.00,2516,0.106,8.264,0.270
8.00,2517,0.106,8.264,0.270
8.00,2518,5.305,5.703,0.264
8.00,2519,0.106,8.264,0.270
8.00,2520,-5.730,5.238,0.248
8.00,2521,0.314,-8.029,0.304
8.00,2522,-7.555,3.121,0.418
8.00,2523,-5.730,5.238,0.248
8.00,2524,7.348,-3.484,0.291
8.00,2525,0.314,-8.029,0.304
8.00,2526,-3.109,7.644,0.436
8.00,2527,-5.730,5.238,0.248
8.00,2528,5.422,-5.577,0.259
8.00,2529,-5.318,-5.848,0.486
8.00,2530,-5.730,5.238,0.248
8.00,2531,-3.109,7.644,0.436
8.00,2532,0.314,-8.029,0.304
8.00,2533,7.371,3.201,0.313
8.00,2534,5.422,-5.577,0.259
8.00,2535,-3.109,7.644,0.436
8.00,2536,3.359,7.474,0.275
8.00,2537,-5.318,-5.848,0.486
8.00,2538,5.422,-5.577,0.259
8.00,2539,7.348,-3.484,0.291
8.00,2540,5.422,-5.577,0.259
8.00,2541,-5.318,-5.848,0.486
8.00,2542,5.422,-5.577,0.259
8.00,2543,3.359,7.474,0.275
8.00,2544,0.106,8.264,0.270
8.00,2545,-5.730,5.238,0.248
8.00,2546,0.106,8.264,0.270
8.00,2547,-5.318,-5.848,0.486
8.00,2548,-5.318,-5.848,0.486
8.00,2549,-7.555,3.121,0.418
8.00,2550,-5.730,5.238,0.248
8.00,2551,-8.270,0.036,0.442
8.00,2552,-5.730,5.238,0.248
8.00,2553,5.422,-5.577,0.259
8.00,2554,-5.318,-5.848,0.486
8.00,2555,-5.318,-5.848,0.486
8.00,2556,-8.270,0.036,0.442
8.00,2557,-3.109,7.644,0.436
8.00,2558,8.025,-0.408,0.294
8.00,2559,-7.555,3.121,0.418
8.00,2560,5.305,5.703,0.264
8.00,2561,7.371,3.201,0.313
8.00,2562,-5.730,5.238,0.248
8.00,2563,5.422,-5.577,0.259
8.00,2564,0.314,-8.029,0.304
8.00,2565,3.480,-7.373,0.245
8.00,2566,-5.318,-5.848,0.486
8.00,2567,0.106,8.264,0.270
8.00,2568,8.025,-0.408,0.294
8.00,2569,8.025,-0.408,0.294
8.00,2570,0.106,8.264,0.270
8.00,2571,5.422,-5.577,0.259
8.00,2572,-7.555,3.121,0.418
8.00,2573,-8.270,0.036,0.442
8.00,2574,-3.109,7.644,0.436
8.00,2575,5.305,5.703,0.264
8.00,2576,-5.318,-5.848,0.486
8.00,2577,-7.555,3.121,0.418
8.00,2578,5.305,5.703,0.264
8.00,2579,5.305,5.703,0.264
8.00,2580,-5.730,5.238,0.248
8.00,2581,7.371,3.201,0.313
8.00,2582,-7.555,3.121,0.418
8.00,2583,0.314,-8.029,0.304
8.00,2584,-5.318,-5.848,0.486
8.00,2585,7.348,-3.484,0.291
8.00,2586,0.314,-8.029,0.304
8.00,2587,-8.270,0.036,0.442
8.00,2588,-7.555,3.121,0.418
8.00,2589,-8.270,0.036,0.442
8.00,2590,7.371,3.201,0.313
8.00,2591,3.480,-7.373,0.245
8.00,2592,0.314,-8.029,0.304
8.00,2593,7.348,-3.484,0.291
8.00,2594,-8.270,0.036,0.442
8.00,2595,5.305,5.703,0.264
8.00,2596,8.025,-0.408,0.294
8.00,2597,8.025,-0.408,0.294
8.00,2598,-8.270,0.036,0.442
8.00,2599,3.359,7.474,0.275
8.00,2600,0.106,8.264,0.270
8.00,2601,-5.318,-5.848,0.486
8.00,2602,0.314,-8.029,0.304
8.00,2603,-3.109,7.644,0.436
8.00,2604,-5.318,-5.848,0.486
8.00,2605,8.025,-0.408,0.294
8.00,2606,-8.270,0.036,0.442
8.00,2607,5.305,5.703,0.264
8.00,2608,5.305,5.703,0.264
8.00,2609,0.314,-8.029,0.304
8.00,2610,-5.318,-5.848,0.486
8.00,2611,-5.730,5.238,0.248
8.00,2612,0.106,8.264,0.270
8.00,2613,7.371,3.201,0.313
8.00,2614,5.422,-5.577,0.259
8.00,2615,7.371,3.201,0.313
8.00,2616,-7.555,3.121,0.418
8.00,2617,5.305,5.703,0.264
8.00,2618,-5.318,-5.848,0.486
8.00,2619,-5.318,-5.848,0.486
8.00,2620,8.025,-0.408,0.294
8.00,2621,-8.270,0.036,0.442
8.00,2622,3.359,7.474,0.275
8.00,2623,-8.270,0.036,0.442
8.00,2624,0.314,-8.029,0.304
8.00,2625,0.314,-8.029,0.304
8.00,2626,-7.222,-3.357,0.262
8.00,2627,8.025,-0.408,0.294
8.00,2628,0.314,-8.029,0.304
8.00,2629,5.305,5.703,0.264
8.00,2630,5.422,-5.577,0.259
8.00,2631,7.371,3.201,0.313
8.00,2632,-5.318,-5.848,0.486
8.00,2633,7.371,3.201,0.313
8.00,2634,5.422,-5.577,0.259
8.00,2635,3.480,-7.373,0.245
8.00,2636,-3.109,7.644,0.436
8.00,2637,8.025,-0.408,0.294
8.00,2638,-8.270,0.036,0.442
8.00,2639,7.371,3.201,0.313
8.00,2640,-5.318,-5.848,0.486
8.00,2641,-3.109,7.644,0.436
8.00,2642,5.422,-5.577,0.259
8.00,2643,8.025,-0.408,0.294
8.00,2644,-3.109,7.644,0.436
8.00,2645,8.025,-0.408,0.294
8.00,2646,7.371,3.201,0.313
8.00,2647,5.305,5.703,0.264
8.00,2648,8.025,-0.408,0.294
8.00,2649,-7.222,-3.357,0.262
8.00,2650,-8.270,0.036,0.442
8.00,2651,5.305,5.703,0.264
8.00,2652,5.422,-5.577,0.259
8.00,2653,0.314,-8.029,0.304
8.00,2654,-7.555,3.121,0.418
8.00,2655,-5.318,-5.848,0.486
8.00,2656,7.371,3.201,0.313
8.00,2657,-5.730,5.238,0.248
8.00,2658,-8.270,0.036,0.442
8.00,2659,-3.109,7.644,0.436
8.00,2660,8.025,-0.408,0.294
8.00,2661,7.371,3.201,0.313
8.00,2662,5.422,-5.577,0.259
8.00,2663,5.422,-5.577,0.259
8.00,2664,0.106,8.264,0.270
8.00,2665,0.106,8.264,0.270
8.00,2666,-5.730,5.238,0.248
8.00,2667,-7.555,3.121,0.418
8.00,2668,8.025,-0.408,0.294
8.00,2669,-5.318,-5.848,0.486
8.00,2670,-5.318,-5.848,0.486
8.00,2671,5.305,5.703,0.264
8.00,2672,-5.730,5.238,0.248
8.00,2673,-5.730,5.238,0.248
8.00,2674,-5.318,-5.848,0.486
8.00,2675,-5.318,-5.848,0.486
8.00,2676,0.106,8.264,0.270
8.00,2677,7.371,3.201,0.313
8.00,2678,-8.270,0.036,0.442
8.00,2679,0.106,8.264,0.270
8.00,2680,5.422,-5.577,0.259
8.00,2681,7.371,3.201,0.313
8.00,2682,5.305,5.703,0.264
8.00,2683,5.422,-5.577,0.259
8.00,2684,-5.730,5.238,0.248
8.00,2685,0.106,8.264,0.270
8.00,2686,-5.730,5.238,0.248
8.00,2687,-5.318,-5.848,0.486
8.00,2688,-5.730,5.238,0.248
8.00,2689,5.305,5.703,0.264
8.00,2690,0.314,-8.029,0.304
8.00,2691,8.025,-0.408,0.294
8.00,2692,-8.270,0.036,0.442
8.00,2693,0.106,8.264,0.270
8.00,2694,3.359,7.474,0.275
8.00,2695,8.025,-0.408,0.294
8.00,2696,-7.555,3.121,0.418
8.00,2697,8.025,-0.408,0.294
8.00,2698,0.106,8.264,0.270
8.00,2699,7.371,3.201,0.313
8.00,2700,-8.270,0.036,0.442
8.00,2701,7.371,3.201,0.313
8.00,2702,8.025,-0.408,0.294
8.00,2703,-8.270,0.036,0.442
8.00,2704,-5.730,5.238,0.248
8.00,2705,0.106,8.264,0.270
8.00,2706,5.422,-5.577,0.259
8.00,2707,-8.270,0.036,0.442
8.00,2708,-5.318,-5.848,0.486
8.00,2709,-5.730,5.238,0.248
8.00,2710,0.314,-8.029,0.304
8.00,2711,3.480,-7.373,0.245
8.00,2712,-5.318,-5.848,0.486
8.00,2713,8.025,-0.408,0.294
8.00,2714,-8.270,0.036,0.442
8.00,2715,5.305,5.703,0.264
8.00,2716,8.025,-0.408,0.294
8.00,2717,-5.318,-5.848,0.486
8.00,2718,-5.318,-5.848,0.486
8.00,2719,0.314,-8.029,0.304
8.00,2720,5.305,5.703,0.264
8.00,2721,5.305,5.703,0.264
8.00,2722,-5.730,5.238,0.248
8.00,2723,-5.730,5.238,0.248
8.00,2724,5.422,-5.577,0.259
8.00,2725,8.025,-0.408,0.294
8.00,2726,-5.318,-5.848,0.486
8.00,2727,-5.318,-5.848,0.486
8.00,2728,5.305,5.703,0.264
8.00,2729,-5.318,-5.848,0.486
8.00,2730,5.422,-5.577,0.259
8.00,2731,0.106,8.264,0.270
8.00,2732,3.359,7.474,0.275
8.00,2733,-3.109,7.644,0.436
8.00,2734,5.305,5.703,0.264
8.00,2735,0.106,8.264,0.270
8.00,2736,-5.318,-5.848,0.486
8.00,2737,5.422,-5.577,0.259
8.00,2738,-5.730,5.238,0.248
8.00,2739,8.025,-0.408,0.294
8.00,2740,-7.555,3.121,0.418
8.00,2741,-8.270,0.036,0.442
8.00,2742,0.314,-8.029,0.304
8.00,2743,0.314,-8.029,0.304
8.00,2744,7.348,-3.484,0.291
8.00,2745,-5.730,5.238,0.248
8.00,2746,-7.555,3.121,0.418
8.00,2747,5.305,5.703,0.264
8.00,2748,-8.270,0.036,0.442
8.00,2749,-5.318,-5.848,0.486
8.00,2750,-5.730,5.238,0.248
8.00,2751,-7.555,3.121,0.418
8.00,2752,8.025,-0.408,0.294
8.00,2753,-5.318,-5.848,0.486
8.00,2754,0.314,-8.029,0.304
8.00,2755,3.359,7.474,0.275
8.00,2756,8.025,-0.408,0.294
8.00,2757,0.314,-8.029,0.304
8.00,2758,-7.555,3.121,0.418
8.00,2759,-5.318,-5.848,0.486
8.00,2760,-5.730,5.238,0.248
8.00,2761,0.106,8.264,0.270
8.00,2762,-3.109,7.644,0.436
8.00,2763,0.106,8.264,0.270
8.00,2764,5.422,-5.577,0.259
8.00,2765,5.305,5.703,0.264
8.00,2766,-5.318,-5.848,0.486
8.00,2767,7.348,-3.484,0.291
8.00,2768,8.025,-0.408,0.294
8.00,2769,-5.730,5.238,0.248
8.00,2770,-7.222,-3.357,0.262
8.00,2771,-8.270,0.036,0.442
8.00,2772,-7.555,3.121,0.418
8.00,2773,3.359,7.474,0.275
8.00,2774,-5.318,-5.848,0.486
8.00,2775,3.359,7.474,0.275
8.00,2776,-5.318,-5.848,0.486
8.00,2777,7.371,3.201,0.313
8.00,2778,0.106,8.264,0.270
8.00,2779,5.305,5.703,0.264
8.00,2780,7.371,3.201,0.313
8.00,2781,0.106,8.264,0.270
8.00,2782,-8.270,0.036,0.442
8.00,2783,-5.730,5.238,0.248
8.00,2784,0.106,8.264,0.270
8.00,2785,0.314,-8.029,0.304
8.00,2786,0.106,8.264,0.270
8.00,2787,-5.730,5.238,0.248
8.00,2788,-3.109,7.644,0.436
8.00,2789,-5.318,-5.848,0.486
8.00,2790,5.305,5.703,0.264
8.00,2791,7.371,3.201,0.313
8.00,2792,-3.109,7.644,0.436
8.00,2793,-8.270,0.036,0.442
8.00,2794,5.305,5.703,0.264
8.00,2795,-3.109,7.644,0.436
8.00,2796,-5.318,-5.848,0.486
8.00,2797,8.025,-0.408,0.294
8.00,2798,7.371,3.201,0.313
8.00,2799,7.348,-3.484,0.291
8.00,2800,5.305,5.703,0.264
8.00,2801,-7.555,3.121,0.418
8.00,2802,-8.270,0.036,0.442
8.00,2803,-5.318,-5.848,0.486
8.00,2804,0.106,8.264,0.270
8.00,2805,-5.730,5.238,0.248
8.00,2806,-5.318,-5.848,0.486
8.00,2807,-5.318,-5.848,0.486
8.00,2808,-8.270,0.036,0.442
8.00,2809,0.314,-8.029,0.304
8.00,2810,-8.270,0.036,0.442
8.00,2811,-7.555,3.121,0.418
8.00,2812,-5.318,-5.848,0.486
8.00,2813,0.106,8.264,0.270
8.00,2814,-5.318,-5.848,0.486
8.00,2815,5.305,5.703,0.264
8.00,2816,8.025,-0.408,0.294
8.00,2817,7.371,3.201,0.313
8.00,2818,-7.222,-3.357,0.262
8.00,2819,5.305,5.703,0.264
8.00,2820,-7.222,-3.357,0.262
8.00,2821,5.422,-5.577,0.259
8.00,2822,5.422,-5.577,0.259
8.00,2823,3.359,7.474,0.275
8.00,2824,-5.318,-5.848,0.486
8.00,2825,-5.730,5.238,0.248
8.00,2826,0.314,-8.029,0.304
8.00,2827,7.371,3.201,0.313
8.00,2828,5.422,-5.577,0.259
8.00,2829,7.371,3.201,0.313
8.00,2830,-5.318,-5.848,0.486
8.00,2831,-8.270,0.036,0.442
8.00,2832,-5.318,-5.848,0.486
8.00,2833,-7.555,3.121,0.418
8.00,2834,0.314,-8.029,0.304
8.00,2835,-5.318,-5.848,0.486
8.00,2836,-5.318,-5.848,0.486
8.00,2837,-5.318,-5.848,0.486
8.00,2838,-3.109,7.644,0.436
8.00,2839,-7.222,-3.357,0.262
8.00,2840,-7.222,-3.357,0.262
8.00,2841,5.305,5.703,0.264
8.00,2842,-3.109,7.644,0.436
8.00,2843,-8.270,0.036,0.442
8.00,2844,-8.270,0.036,0.442
8.00,2845,-3.109,7.644,0.436
8.00,2846,-3.109,7.644,0.436
8.00,2847,-5.730,5.238,0.248
8.00,2848,-8.270,0.036,0.442
8.00,2849,-5.318,-5.848,0.486
8.00,2850,5.422,-5.577,0.259
8.00,2851,0.314,-8.029,0.304
8.00,2852,5.305,5.703,0.264
8.00,2853,-3.109,7.644,0.436
8.00,2854,0.106,8.264,0.270
8.00,2855,-5.730,5.238,0.248
8.00,2856,-3.109,7.644,0.436
8.00,2857,5.422,-5.577,0.259
8.00,2858,3.359,7.474,0.275
8.00,2859,-5.318,-5.848,0.486
8.00,2860,-5.318,-5.848,0.486
8.00,2861,0.314,-8.029,0.304
8.00,2862,-5.730,5.238,0.248
8.00,2863,5.305,5.703,0.264
8.00,2864,-5.730,5.238,0.248
8.00,2865,7.371,3.201,0.313
8.00,2866,0.314,-8.029,0.304
8.00,2867,-8.270,0.036,0.442
8.00,2868,7.371,3.201,0.313
8.00,2869,-5.318,-5.848,0.486
8.00,2870,-7.555,3.121,0.418
8.00,2871,-5.318,-5.848,0.486
8.00,2872,8.025,-0.408,0.294
8.00,2873,0.106,8.264,0.270
8.00,2874,-7.555,3.121,0.418
8.00,2875,5.422,-5.577,0.259
8.00,2876,3.480,-7.373,0.245
8.00,2877,-7.555,3.121,0.418
8.00,2878,-5.730,5.238,0.248
8.00,2879,-8.270,0.036,0.442
8.00,2880,3.480,-7.373,0.245
8.00,2881,-7.555,3.121,0.418
8.00,2882,0.106,8.264,0.270
8.00,2883,0.106,8.264,0.270
8.00,2884,-8.270,0.036,0.442
8.00,2885,7.348,-3.484,0.291
8.00,2886,8.025,-0.408,0.294
8.00,2887,5.305,5.703,0.264
8.00,2888,0.106,8.264,0.270
8.00,2889,3.480,-7.373,0.245
8.00,2890,0.314,-8.029,0.304
8.00,2891,-5.318,-5.848,0.486
8.00,2892,-7.555,3.121,0.418
8.00,2893,0.106,8.264,0.270
8.00,2894,0.106,8.264,0.270
8.00,2895,-5.730,5.238,0.248
8.00,2896,7.371,3.201,0.313
8.00,2897,5.305,5.703,0.264
8.00,2898,8.025,-0.408,0.294
8.00,2899,0.314,-8.029,0.304
8.00,2900,5.305,5.703,0.264
8.00,2901,-3.109,7.644,0.436
8.00,2902,-5.730,5.238,0.248
8.00,2903,5.422,-5.577,0.259
8.00,2904,-7.555,3.121,0.418
8.00,2905,5.305,5.703,0.264
8.00,2906,3.480,-7.373,0.245
8.00,2907,0.314,-8.029,0.304
8.00,2908,7.371,3.201,0.313
8.00,2909,-5.318,-5.848,0.486
8.00,2910,-8.270,0.036,0.442
8.00,2911,-5.318,-5.848,0.486
8.00,2912,-7.222,-3.357,0.262
8.00,2913,-7.222,-3.357,0.262
8.00,2914,-7.555,3.121,0.418
8.00,2915,-5.730,5.238,0.248
8.00,2916,3.480,-7.373,0.245
8.00,2917,5.422,-5.577,0.259
8.00,2918,3.359,7.474,0.275
8.00,2919,5.422,-5.577,0.259
8.00,2920,-5.318,-5.848,0.486
8.00,2921,-3.109,7.644,0.436
8.00,2922,0.106,8.264,0.270
8.00,2923,-5.318,-5.848,0.486
8.00,2924,7.348,-3.484,0.291
8.00,2925,-8.270,0.036,0.442
8.00,2926,5.305,5.703,0.264
8.00,2927,-5.730,5.238,0.248
8.00,2928,8.025,-0.408,0.294
8.00,2929,-7.555,3.121,0.418
8.00,2930,-7.555,3.121,0.418
8.00,2931,5.305,5.703,0.264
8.00,2932,0.106,8.264,0.270
8.00,2933,-5.318,-5.848,0.486
8.00,2934,5.422,-5.577,0.259
8.00,2935,8.025,-0.408,0.294
8.00,2936,8.025,-0.408,0.294
8.00,2937,-5.318,-5.848,0.486
8.00,2938,-3.109,7.644,0.436
8.00,2939,-5.318,-5.848,0.486
8.00,2940,-3.109,7.644,0.436
8.00,2941,0.314,-8.029,0.304
8.00,2942,-3.109,7.644,0.436
8.00,2943,-5.318,-5.848,0.486
8.00,2944,0.106,8.264,0.270
8.00,2945,-5.318,-5.848,0.486
8.00,2946,5.305,5.703,0.264
8.00,2947,8.025,-0.408,0.294
8.00,2948,8.025,-0.408,0.294
8.00,2949,0.106,8.264,0.270
8.00,2950,8.025,-0.408,0.294
8.00,2951,-8.270,0.036,0.442
8.00,2952,0.106,8.264,0.270
8.00,2953,-3.109,7.644,0.436
8.00,2954,-8.270,0.036,0.442
8.00,2955,7.371,3.201,0.313
8.00,2956,5.422,-5.577,0.259
8.00,2957,0.106,8.264,0.270
8.00,2958,-5.730,5.238,0.248
8.00,2959,3.359,7.474,0.275
8.00,2960,7.348,-3.484,0.291
8.00,2961,-5.318,-5.848,0.486
8.00,2962,5.422,-5.577,0.259
8.00,2963,5.422,-5.577,0.259
8.00,2964,-5.730,5.238,0.248
8.00,2965,5.305,5.703,0.264
8.00,2966,-8.270,0.036,0.442
8.00,2967,3.359,7.474,0.275
8.00,2968,8.025,-0.408,0.294
8.00,2969,-8.270,0.036,0.442
8.00,2970,0.106,8.264,0.270
8.00,2971,-5.318,-5.848,0.486
8.00,2972,-5.318,-5.848,0.486
8.00,2973,5.422,-5.577,0.259
8.00,2974,-3.109,7.644,0.436
8.00,2975,0.106,8.264,0.270
8.00,2976,-7.222,-3.357,0.262
8.00,2977,-5.730,5.238,0.248
8.00,2978,-7.555,3.121,0.418
8.00,2979,0.314,-8.029,0.304
8.00,2980,5.422,-5.577,0.259
8.00,2981,-7.555,3.121,0.418
8.00,2982,7.348,-3.484,0.291
8.00,2983,-3.109,7.644,0.436
8.00,2984,0.106,8.264,0.270
8.00,2985,8.025,-0.408,0.294
8.00,2986,-5.318,-5.848,0.486
8.00,2987,-8.270,0.036,0.442
8.00,2988,0.106,8.264,0.270
8.00,2989,7.348,-3.484,0.291
8.00,2990,-5.730,5.238,0.248
8.00,2991,5.422,-5.577,0.259
8.00,2992,-7.222,-3.357,0.262
8.00,2993,3.359,7.474,0.275
8.00,2994,0.314,-8.029,0.304
8.00,2995,8.025,-0.408,0.294
8.00,2996,-8.270,0.036,0.442
8.00,2997,-7.555,3.121,0.418
8.00,2998,7.348,-3.484,0.291
8.00,2999,5.422,-5.577,0.259
