t_s,grain,x_mm,y_mm,z_mm
0.00,0,8.232,1.980,-9.714
0.00,1,8.516,5.218,0.629
0.00,2,7.777,-6.199,0.447
0.00,3,-3.806,1.228,3.263
0.00,4,8.297,6.071,-1.250
0.00,5,9.208,0.952,0.381
0.00,6,-8.121,-8.104,8.790
0.00,7,4.081,-9.348,0.170
0.00,8,1.582,6.500,-7.524
0.00,9,-6.956,-5.631,7.722
0.00,10,0.355,1.478,-5.074
0.00,11,-8.581,-0.913,-5.619
0.00,12,-7.685,3.212,-6.554
0.00,13,1.535,-4.561,9.139
0.00,14,2.145,-3.708,6.857
0.00,15,-7.648,-5.054,-4.515
0.00,16,-5.615,-4.219,-6.906
0.00,17,7.270,-5.534,-3.387
0.00,18,5.455,3.584,4.657
0.00,19,-5.162,1.838,-0.074
0.00,20,-9.313,-0.731,3.555
0.00,21,-9.581,-7.106,4.282
0.00,22,-2.288,-5.368,-8.938
0.00,23,7.839,-6.202,-5.162
0.00,24,1.607,0.620,-4.154
0.00,25,4.484,1.087,-0.668
0.00,26,-2.593,0.797,-3.185
0.00,27,-0.610,-4.162,7.435
0.00,28,-0.781,5.173,-3.838
0.00,29,-6.478,3.746,-4.691
0.00,30,5.314,-1.209,-3.356
0.00,31,-3.982,-0.713,7.054
0.00,32,6.873,4.755,3.760
0.00,33,-4.544,-7.908,7.715
0.00,34,-1.530,-4.819,6.026
0.00,35,6.509,-3.604,-0.379
0.00,36,-6.185,-5.394,4.459
0.00,37,2.996,-6.111,1.545
0.00,38,-6.751,-7.292,8.624
0.00,39,0.783,-8.038,6.855
0.00,40,-6.954,3.476,7.340
0.00,41,-4.590,2.632,2.284
0.00,42,5.312,2.411,-5.025
0.00,43,9.953,8.149,3.283
0.00,44,-8.462,-8.779,3.191
0.00,45,-4.775,-9.349,-2.251
0.00,46,-5.301,4.938,-6.900
0.00,47,-3.357,-9.915,6.872
0.00,48,-9.968,5.871,-8.176
0.00,49,1.656,6.508,-8.391
0.00,50,9.211,-7.405,-8.823
0.00,51,5.191,-6.163,-2.864
0.00,52,2.388,9.973,-8.782
0.00,53,-4.838,2.783,-3.550
0.00,54,3.694,9.805,-5.012
0.00,55,-9.007,2.303,5.387
0.00,56,3.267,4.408,8.747
0.00,57,9.985,-4.401,3.894
0.00,58,6.065,8.195,-4.216
0.00,59,6.292,-1.549,3.688
0.00,60,-2.394,1.689,8.024
0.00,61,-9.764,4.697,-8.371
0.00,62,-9.582,0.908,8.856
0.00,63,-4.708,3.952,-0.376
0.00,64,-4.841,4.779,5.492
0.00,65,-3.757,-6.539,-7.329
0.00,66,-0.418,9.327,0.924
0.00,67,-1.310,-4.915,-6.679
0.00,68,2.098,8.582,-0.130
0.00,69,-2.583,-1.654,1.316
0.00,70,9.429,4.307,-5.381
0.00,71,-2.408,5.788,6.435
0.00,72,-5.444,-3.077,1.854
0.00,73,-4.237,-6.676,1.453
0.00,74,-1.085,-9.787,-8.582
0.00,75,-9.528,-5.934,4.636
0.00,76,-1.811,5.786,5.311
0.00,77,-6.283,-2.568,-7.781
0.00,78,-0.286,5.764,-7.244
0.00,79,9.441,-2.193,-8.592
0.00,80,-9.184,0.140,-9.383
0.00,81,2.853,2.206,0.649
0.00,82,-1.482,-8.121,7.727
0.00,83,-6.898,2.560,6.937
0.00,84,-2.589,-6.409,-2.710
0.00,85,-3.573,0.779,4.035
0.00,86,5.594,-0.766,4.527
0.00,87,4.338,-9.769,-5.810
0.00,88,-5.545,-1.926,-3.628
0.00,89,1.345,4.325,1.438
0.00,90,5.618,-0.826,-4.204
0.00,91,-2.962,1.762,-5.005
0.00,92,-2.625,0.440,9.253
0.00,93,7.633,-6.245,6.954
0.00,94,-5.062,6.516,-5.196
0.00,95,0.914,-8.606,-7.033
0.00,96,3.425,2.236,9.325
0.00,97,-8.254,-2.231,-4.217
0.00,98,-9.536,-9.038,-3.140
0.00,99,-7.495,-3.818,-0.999
0.00,100,0.371,-1.748,-4.491
0.00,101,8.817,2.154,-9.252
0.00,102,0.898,-3.160,-4.427
0.00,103,5.790,1.760,6.676
0.00,104,-6.389,1.673,7.556
0.00,105,-4.285,-4.686,-4.811
0.00,106,-4.050,8.991,8.344
0.00,107,-7.049,5.216,4.402
0.00,108,7.329,-6.427,2.603
0.00,109,2.232,3.548,9.469
0.00,110,-3.721,9.315,6.105
0.00,111,-3.780,10.029,2.564
0.00,112,1.813,-2.643,-2.391
0.00,113,-6.454,-2.093,-9.212
0.00,114,-4.958,-5.781,-0.001
0.00,115,2.851,1.334,1.284
0.00,116,8.969,-7.375,-2.332
0.00,117,-2.720,-1.893,9.577
0.00,118,-1.375,-1.529,5.805
0.00,119,-7.923,-9.052,-0.477
0.00,120,-2.681,-9.034,-7.963
0.00,121,2.031,-7.823,-2.249
0.00,122,-8.206,1.022,8.233
0.00,123,-2.795,4.656,-1.522
0.00,124,7.573,-0.176,6.475
0.00,125,8.070,7.112,9.587
0.00,126,-1.771,2.334,4.874
0.00,127,2.105,1.363,1.606
0.00,128,9.327,-9.769,1.137
0.00,129,-5.439,-1.821,7.216
0.00,130,0.699,0.288,8.472
0.00,131,-5.058,0.964,-9.778
0.00,132,-5.670,5.694,4.090
0.00,133,-9.497,2.342,-3.613
0.00,134,9.368,7.468,7.959
0.00,135,-1.655,-7.402,-1.871
0.00,136,2.129,2.013,-5.481
0.00,137,-7.323,-5.701,-3.319
0.00,138,2.894,-6.602,0.390
0.00,139,4.166,-9.856,-2.501
0.00,140,1.737,7.050,6.400
0.00,141,2.373,0.302,8.107
0.00,142,-3.934,-3.449,4.332
0.00,143,-7.662,2.797,0.308
0.00,144,2.580,-4.185,-9.364
0.00,145,-2.525,-1.543,-7.359
0.00,146,2.329,-6.777,-3.713
0.00,147,-7.247,-2.507,6.353
0.00,148,-8.362,-8.407,3.516
0.00,149,-2.529,4.175,-6.025
0.00,150,4.384,-4.392,6.917
0.00,151,6.310,4.527,4.637
0.00,152,6.432,-1.889,5.293
0.00,153,-3.329,-3.158,-5.575
0.00,154,-9.894,0.763,-0.792
0.00,155,0.239,3.556,6.090
0.00,156,3.315,8.937,-8.159
0.00,157,6.381,3.855,7.516
0.00,158,-8.542,-4.603,5.248
0.00,159,-0.416,-4.119,-6.219
0.00,160,6.089,-7.208,-1.863
0.00,161,2.836,6.768,-3.467
0.00,162,-8.419,3.703,7.272
0.00,163,3.528,-6.206,-9.835
0.00,164,-8.211,-6.255,0.126
0.00,165,1.601,7.483,7.623
0.00,166,-3.398,1.097,-5.324
0.00,167,1.605,4.145,-4.048
0.00,168,-2.216,-6.254,-4.343
0.00,169,-2.915,-9.565,-8.230
0.00,170,8.271,-2.114,-4.543
0.00,171,3.045,-5.915,-6.720
0.00,172,-7.450,0.804,9.024
0.00,173,0.994,2.030,-0.291
0.00,174,6.999,-0.101,-6.129
0.00,175,8.046,-8.926,0.257
0.00,176,6.798,1.732,8.688
0.00,177,1.687,-1.640,9.589
0.00,178,1.891,-4.773,8.017
0.00,179,1.472,9.085,2.793
0.00,180,-5.013,-5.826,-8.796
0.00,181,7.419,8.012,3.792
0.00,182,-5.386,0.463,6.615
0.00,183,0.385,-9.814,2.645
0.00,184,-7.156,-3.545,0.095
0.00,185,4.023,-4.463,1.897
0.00,186,-9.223,6.019,-9.536
0.00,187,-9.427,-4.575,0.285
0.00,188,5.866,-5.210,-4.676
0.00,189,9.160,1.474,-4.255
0.00,190,-6.249,8.698,5.176
0.00,191,1.466,-1.708,7.172
0.00,192,6.937,7.482,-8.318
0.00,193,-5.902,9.257,-5.209
0.00,194,1.316,-5.800,5.814
0.00,195,-6.099,8.461,-8.843
0.00,196,-8.254,1.210,5.372
0.00,197,-3.852,5.260,4.649
0.00,198,7.321,-6.955,8.039
0.00,199,-7.428,-5.952,2.559
0.00,200,6.990,-5.216,-4.964
0.00,201,2.630,-9.541,-8.253
0.00,202,-0.180,9.561,-4.178
0.00,203,-4.057,-0.781,-7.839
0.00,204,-2.287,-3.335,-3.650
0.00,205,-9.062,7.356,-0.026
0.00,206,4.207,4.003,4.400
0.00,207,-8.268,-7.956,3.156
0.00,208,-8.243,5.355,2.783
0.00,209,5.147,6.304,5.748
0.00,210,-6.273,1.083,9.717
0.00,211,-6.206,2.494,-10.016
0.00,212,7.180,7.832,6.157
0.00,213,-0.861,1.336,-3.032
0.00,214,8.531,-7.447,6.822
0.00,215,3.705,-9.916,5.663
0.00,216,-1.260,8.597,6.829
0.00,217,-4.891,-7.287,6.378
0.00,218,-9.045,-5.265,0.079
0.00,219,2.378,3.992,-3.322
0.00,220,-3.170,-7.852,-2.490
0.00,221,6.075,-5.960,-3.900
0.00,222,-9.213,-3.574,7.066
0.00,223,-9.450,-1.035,-5.229
0.00,224,-6.416,-6.470,5.228
0.00,225,-6.563,-8.031,-4.947
0.00,226,4.829,6.049,-7.923
0.00,227,-5.172,-4.385,-2.683
0.00,228,-4.507,-3.072,-1.897
0.00,229,-8.821,0.330,7.787
0.00,230,-5.229,8.468,1.327
0.00,231,8.870,5.274,-9.459
0.00,232,8.786,8.562,5.506
0.00,233,6.421,-7.892,-10.046
0.00,234,8.031,8.286,-5.805
0.00,235,4.932,8.087,-5.250
0.00,236,-4.542,5.844,2.264
0.00,237,2.451,0.596,-9.633
0.00,238,5.516,-9.408,7.190
0.00,239,-5.460,4.626,-0.796
0.00,240,2.078,-2.701,5.085
0.00,241,6.357,-0.823,-0.211
0.00,242,9.754,-0.387,6.140
0.00,243,9.853,-3.499,-0.915
0.00,244,2.234,-8.854,1.694
0.00,245,-4.651,-0.744,-0.125
0.00,246,-8.176,-3.320,2.315
0.00,247,7.673,-9.013,5.965
0.00,248,-3.346,9.016,10.037
0.00,249,4.867,9.336,-6.403
0.00,250,-2.096,-6.702,-5.095
0.00,251,6.198,9.242,-3.077
0.00,252,-4.676,5.010,-3.301
0.00,253,-6.178,-9.769,8.748
0.00,254,-9.631,3.952,-7.562
0.00,255,0.167,3.819,8.115
0.00,256,-5.784,0.147,-6.228
0.00,257,-6.953,3.728,-8.629
0.00,258,5.854,9.013,-7.801
0.00,259,-4.804,-9.154,2.419
0.00,260,-0.940,-7.028,5.061
0.00,261,1.098,-3.467,-7.473
0.00,262,6.832,-0.728,2.804
0.00,263,-3.915,1.423,-5.595
0.00,264,7.360,3.696,6.731
0.00,265,9.353,-1.596,2.307
0.00,266,-8.897,3.760,-9.807
0.00,267,-6.575,-0.056,-9.256
0.00,268,-8.211,1.538,5.272
0.00,269,1.348,8.603,5.256
0.00,270,0.821,-9.181,0.269
0.00,271,-4.137,-8.939,-3.228
0.00,272,1.855,-4.132,3.225
0.00,273,-3.376,-8.752,-1.861
0.00,274,7.208,1.432,-5.394
0.00,275,0.922,-7.014,-6.179
0.00,276,-1.743,-4.427,7.553
0.00,277,7.043,-4.359,5.917
0.00,278,3.215,-6.000,-6.814
0.00,279,-8.294,-1.440,-9.229
0.00,280,-4.824,-2.760,-3.294
0.00,281,-0.913,-5.540,8.780
0.00,282,-3.999,-1.789,4.678
0.00,283,-7.250,4.940,4.890
0.00,284,3.403,8.280,1.042
0.00,285,5.289,-5.922,-9.081
0.00,286,-3.395,2.434,6.404
0.00,287,0.821,2.110,9.075
0.00,288,0.853,0.919,-7.639
0.00,289,1.925,0.704,-0.928
0.00,290,-8.125,8.606,4.325
0.00,291,-4.839,4.943,3.890
0.00,292,4.876,-9.411,8.572
0.00,293,8.635,-6.041,-1.130
0.00,294,-8.925,-8.604,-0.699
0.00,295,-9.490,7.123,8.638
0.00,296,-4.700,3.727,7.102
0.00,297,2.659,7.104,2.453
0.00,298,8.198,-8.695,-3.213
0.00,299,-1.159,5.714,-9.175
0.00,300,8.841,-8.334,-7.003
0.00,301,4.113,-1.300,2.683
0.00,302,9.442,8.810,-3.246
0.00,303,1.060,1.295,3.021
0.00,304,-3.987,7.462,-4.364
0.00,305,-6.648,8.980,-4.690
0.00,306,7.323,-3.700,3.524
0.00,307,-4.015,7.714,-1.238
0.00,308,-4.235,1.027,-4.947
0.00,309,-7.103,1.849,-9.128
0.00,310,2.605,1.305,-4.813
0.00,311,4.104,-3.769,-1.174
0.00,312,-2.925,-6.707,8.201
0.00,313,4.551,5.445,-9.247
0.00,314,2.068,1.160,-0.207
0.00,315,6.612,1.250,1.938
0.00,316,2.719,-5.510,0.891
0.00,317,-1.394,-2.307,3.605
0.00,318,3.350,-9.121,7.762
0.00,319,-4.844,1.549,-4.314
0.00,320,8.772,-7.064,-3.952
0.00,321,4.491,2.730,7.577
0.00,322,-6.937,-6.748,8.061
0.00,323,-7.152,-2.632,-3.004
0.00,324,5.228,0.565,2.525
0.00,325,-8.787,-6.729,7.704
0.00,326,9.576,-3.428,-3.489
0.00,327,-9.815,-3.931,-7.821
0.00,328,-6.784,8.117,-8.585
0.00,329,6.237,1.049,-1.099
0.00,330,8.507,-4.179,8.899
0.00,331,-5.073,-5.140,-4.402
0.00,332,3.427,-8.440,-6.948
0.00,333,-3.175,4.444,-2.289
0.00,334,-8.925,-0.884,-7.938
0.00,335,8.533,-0.067,5.682
0.00,336,5.188,-5.637,2.406
0.00,337,-2.850,-3.490,1.979
0.00,338,-8.235,0.252,-3.340
0.00,339,-8.734,9.907,8.019
0.00,340,-9.850,-5.869,4.080
0.00,341,0.349,9.416,-3.053
0.00,342,-2.329,9.860,-8.709
0.00,343,6.769,-6.199,8.739
0.00,344,9.404,4.831,0.738
0.00,345,-5.340,-7.738,0.183
0.00,346,-5.999,2.150,-3.243
0.00,347,-9.564,9.541,6.511
0.00,348,-9.781,-5.250,-9.144
0.00,349,-4.439,6.545,-8.010
0.00,350,1.481,-5.813,-8.304
0.00,351,9.218,2.688,1.897
0.00,352,2.180,-5.983,-2.801
0.00,353,6.937,-1.387,2.373
0.00,354,-8.250,2.472,-5.415
0.00,355,4.630,2.087,1.919
0.00,356,-7.215,1.544,-9.507
0.00,357,-0.163,3.299,-2.839
0.00,358,6.945,5.941,8.949
0.00,359,9.192,-9.640,-7.894
0.00,360,-5.204,8.350,1.523
0.00,361,4.731,-0.137,1.781
0.00,362,0.543,-1.274,1.100
0.00,363,9.224,8.872,-6.071
0.00,364,-4.660,3.799,-1.069
0.00,365,9.550,-7.278,4.728
0.00,366,3.673,-1.382,7.742
0.00,367,-8.578,-9.659,-5.326
0.00,368,-6.798,-7.382,7.892
0.00,369,-6.987,3.589,9.703
0.00,370,-8.497,-2.304,9.742
0.00,371,7.590,7.392,9.403
0.00,372,-8.189,4.490,-5.507
0.00,373,-6.219,-0.986,9.316
0.00,374,-2.953,-7.570,9.900
0.00,375,-6.976,-2.958,2.605
0.00,376,9.503,3.617,6.819
0.00,377,-2.396,-4.797,-2.579
0.00,378,9.187,7.251,-6.779
0.00,379,6.964,-0.676,3.508
0.00,380,-3.868,-4.833,-8.235
0.00,381,-2.778,8.072,7.633
0.00,382,8.151,1.903,-5.559
0.00,383,4.749,-7.482,7.982
0.00,384,-5.197,3.428,-1.282
0.00,385,9.459,3.347,-8.515
0.00,386,1.761,4.389,1.356
0.00,387,9.452,9.807,3.635
0.00,388,-2.162,5.514,4.819
0.00,389,-4.617,-6.139,0.208
0.00,390,6.849,-2.356,-1.856
0.00,391,-5.175,5.996,2.696
0.00,392,1.885,-1.141,-3.769
0.00,393,-6.749,-1.593,-1.697
0.00,394,-2.081,-0.509,-1.470
0.00,395,-1.754,4.367,-9.216
0.00,396,-6.904,-2.808,-2.376
0.00,397,5.092,8.284,8.409
0.00,398,4.457,4.730,-7.308
0.00,399,0.827,5.652,-0.862
0.00,400,6.564,0.700,-3.593
0.00,401,-2.367,-2.610,-8.319
0.00,402,-6.320,-5.588,-6.873
0.00,403,7.861,5.081,7.993
0.00,404,-5.186,4.715,-0.085
0.00,405,9.365,-6.235,4.752
0.00,406,-8.097,-9.723,-9.826
0.00,407,-4.449,-7.170,-2.720
0.00,408,-3.026,2.578,8.339
0.00,409,8.619,6.862,-6.736
0.00,410,-6.639,-9.672,-1.848
0.00,411,-9.444,-6.959,-1.623
0.00,412,2.333,-0.534,3.080
0.00,413,0.281,-3.870,-5.229
0.00,414,-8.903,-7.066,-4.258
0.00,415,0.729,-9.742,2.123
0.00,416,-8.706,-0.972,-6.845
0.00,417,-5.220,8.873,-6.448
0.00,418,5.236,5.420,-7.368
0.00,419,-9.872,-9.714,6.526
0.00,420,-6.958,-6.752,7.913
0.00,421,-1.279,9.847,8.204
0.00,422,-2.803,5.962,6.420
0.00,423,-6.401,-4.701,-2.672
0.00,424,1.836,-3.751,-2.012
0.00,425,-5.322,0.920,6.674
0.00,426,-2.334,3.947,-7.180
0.00,427,6.439,8.789,-9.450
0.00,428,9.357,-1.024,4.363
0.00,429,-9.078,4.673,-8.935
0.00,430,6.828,-1.830,8.272
0.00,431,1.404,-2.489,9.910
0.00,432,8.289,-9.985,-0.688
0.00,433,9.899,3.852,3.800
0.00,434,-9.031,1.862,1.587
0.00,435,5.155,3.302,5.887
0.00,436,-0.296,-3.741,-6.851
0.00,437,-8.171,-6.349,7.781
0.00,438,-3.821,-3.402,2.950
0.00,439,4.238,-0.348,-3.943
0.00,440,7.628,3.027,1.953
0.00,441,-4.417,1.382,-5.854
0.00,442,-6.280,-5.317,2.477
0.00,443,4.336,0.443,-9.480
0.00,444,2.930,-5.840,-2.869
0.00,445,-2.540,7.048,1.169
0.00,446,-1.300,-9.953,2.250
0.00,447,0.353,0.585,-1.114
0.00,448,-9.092,3.744,3.717
0.00,449,-4.579,-3.837,3.110
0.00,450,-6.210,8.277,2.493
0.00,451,-1.403,-9.041,-1.295
0.00,452,-5.602,0.636,-0.772
0.00,453,-4.353,3.923,-9.153
0.00,454,2.864,2.998,0.103
0.00,455,-7.223,7.915,-4.448
0.00,456,1.409,2.417,7.914
0.00,457,7.692,1.976,4.528
0.00,458,-2.012,-0.999,-9.095
0.00,459,-9.966,-5.852,6.627
0.00,460,5.162,9.797,-3.600
0.00,461,0.367,-9.957,-2.761
0.00,462,-3.155,-9.671,8.167
0.00,463,6.352,5.158,-8.221
0.00,464,-1.393,6.947,-1.812
0.00,465,-8.431,8.284,-1.141
0.00,466,1.540,0.246,-9.593
0.00,467,-1.655,9.054,2.195
0.00,468,-9.430,2.774,4.891
0.00,469,-2.158,-0.478,4.295
0.00,470,-0.460,-3.546,-5.719
0.00,471,-5.148,-4.939,-2.690
0.00,472,3.605,-9.291,-8.790
0.00,473,-5.810,2.621,-9.613
0.00,474,-8.888,0.315,6.180
0.00,475,-8.283,-8.864,9.544
0.00,476,-1.625,-8.665,8.366
0.00,477,2.388,-4.567,-4.538
0.00,478,-7.767,-0.493,-5.092
0.00,479,5.860,6.935,2.338
0.00,480,-5.973,7.295,8.000
0.00,481,-5.353,3.113,0.877
0.00,482,0.730,4.054,0.159
0.00,483,8.499,-4.660,-5.429
0.00,484,-4.548,-7.467,0.748
0.00,485,8.550,-8.837,5.999
0.00,486,-7.322,-1.902,-1.147
0.00,487,6.556,5.093,5.794
0.00,488,-8.674,3.280,-1.076
0.00,489,9.199,-9.718,9.058
0.00,490,7.721,-7.761,-9.796
0.00,491,-9.664,-8.009,-6.727
0.00,492,6.687,4.769,-5.850
0.00,493,-0.820,-5.716,-5.117
0.00,494,8.220,0.208,3.301
0.00,495,-7.758,-9.595,-9.276
0.00,496,-7.626,-3.672,0.874
0.00,497,-6.073,8.848,-2.015
0.00,498,3.529,9.877,-2.807
0.00,499,6.544,4.027,-7.330
0.00,500,5.570,5.296,-8.849
0.00,501,6.420,6.738,0.121
0.00,502,4.739,-9.138,8.035
0.00,503,-8.143,-3.569,-2.371
0.00,504,-1.102,4.665,-2.173
0.00,505,3.763,-3.797,4.355
0.00,506,0.221,0.702,-0.859
0.00,507,4.424,0.180,2.289
0.00,508,0.515,-6.705,-3.769
0.00,509,9.298,0.022,-2.733
0.00,510,-3.947,2.016,-3.067
0.00,511,-7.946,-8.899,-5.358
0.00,512,5.625,-7.182,-4.835
0.00,513,5.649,-4.621,-1.551
0.00,514,5.323,6.012,1.514
0.00,515,-8.719,5.966,-0.787
0.00,516,-9.524,9.600,3.268
0.00,517,0.311,-10.010,5.293
0.00,518,2.305,-3.114,6.035
0.00,519,7.791,1.800,-7.472
0.00,520,-2.952,-5.559,-5.718
0.00,521,-9.251,-7.488,-4.044
0.00,522,1.988,-2.884,-2.997
0.00,523,-5.103,7.176,-9.184
0.00,524,0.198,-3.957,-8.965
0.00,525,-6.395,-0.388,7.452
0.00,526,-4.981,-2.910,3.709
0.00,527,5.209,5.917,7.300
0.00,528,9.999,-3.198,-5.188
0.00,529,2.061,3.252,3.722
0.00,530,-3.648,-6.796,2.479
0.00,531,-3.991,2.422,6.539
0.00,532,1.296,-2.866,4.771
0.00,533,7.991,-6.529,-8.090
0.00,534,5.141,-1.090,4.550
0.00,535,1.212,6.510,8.631
0.00,536,-3.236,1.539,9.579
0.00,537,5.153,-7.072,-6.356
0.00,538,6.363,4.823,-5.970
0.00,539,0.379,4.598,5.437
0.00,540,-1.304,-3.827,-3.347
0.00,541,4.336,-1.879,-1.626
0.00,542,7.449,4.840,-7.876
0.00,543,9.699,-3.461,1.006
0.00,544,-7.505,-3.934,2.482
0.00,545,-7.336,1.623,6.442
0.00,546,0.645,5.277,-2.432
0.00,547,4.686,-8.792,3.354
0.00,548,-6.734,-7.999,-3.853
0.00,549,-4.684,2.642,1.741
0.00,550,9.414,-7.928,-3.907
0.00,551,-1.244,7.992,2.714
0.00,552,-5.759,0.755,-1.341
0.00,553,-5.441,-1.530,-2.343
0.00,554,9.358,-2.536,-5.146
0.00,555,-9.808,2.856,1.275
0.00,556,-0.791,-8.302,5.302
0.00,557,2.672,1.155,-2.055
0.00,558,2.410,7.017,1.196
0.00,559,-3.208,6.552,-1.889
0.00,560,1.388,4.924,-8.368
0.00,561,2.012,7.730,-9.152
0.00,562,7.175,-4.734,7.492
0.00,563,-4.328,8.894,-5.499
0.00,564,-8.416,5.129,-9.347
0.00,565,-2.634,-2.008,-3.513
0.00,566,-6.942,-5.975,4.545
0.00,567,-4.634,1.787,-3.500
0.00,568,3.453,-4.922,2.275
0.00,569,-3.507,9.194,-7.395
0.00,570,-8.933,-2.078,5.371
0.00,571,8.396,-4.469,-4.249
0.00,572,8.184,5.826,7.044
0.00,573,7.598,7.105,8.396
0.00,574,1.557,-5.606,6.486
0.00,575,-3.361,-1.930,8.209
0.00,576,-0.071,-2.317,-7.075
0.00,577,-3.143,-1.782,6.519
0.00,578,3.562,5.933,-6.692
0.00,579,6.804,-0.179,0.442
0.00,580,1.941,6.919,-8.083
0.00,581,-6.533,-7.466,-7.594
0.00,582,-5.264,-4.053,-5.185
0.00,583,4.875,4.651,5.595
0.00,584,8.989,-9.565,3.771
0.00,585,9.917,-3.003,-8.331
0.00,586,-2.428,-5.072,0.984
0.00,587,-9.447,-9.326,9.140
0.00,588,-0.644,-8.454,3.938
0.00,589,3.754,-0.164,9.711
0.00,590,3.478,6.221,-3.002
0.00,591,7.040,-6.850,1.186
0.00,592,8.883,7.135,0.908
0.00,593,-2.247,-4.519,5.273
0.00,594,-0.241,5.989,0.280
0.00,595,2.179,-0.547,-0.367
0.00,596,-7.085,8.270,-9.914
0.00,597,-2.717,3.221,5.877
0.00,598,-8.949,-8.045,-2.732
0.00,599,0.970,6.496,-6.524
0.00,600,8.352,6.391,-3.999
0.00,601,4.949,-9.171,7.351
0.00,602,-6.569,-9.387,-0.972
0.00,603,-4.649,3.112,-2.848
0.00,604,9.464,0.594,-8.162
0.00,605,-8.772,-8.346,-2.272
0.00,606,9.421,-0.148,-5.380
0.00,607,-1.526,-6.954,-5.620
0.00,608,8.465,3.142,-4.753
0.00,609,-8.590,-3.370,7.772
0.00,610,-5.508,-0.573,8.292
0.00,611,9.085,4.136,-1.074
0.00,612,2.134,-3.791,8.151
0.00,613,2.026,-1.014,5.079
0.00,614,7.076,0.468,0.055
0.00,615,-3.126,7.835,8.031
0.00,616,0.532,-0.972,7.232
0.00,617,1.097,-0.324,-2.594
0.00,618,-8.938,0.665,5.572
0.00,619,1.033,-1.055,9.153
0.00,620,-4.451,0.453,7.028
0.00,621,4.253,-3.457,-8.158
0.00,622,-8.355,-1.304,2.358
0.00,623,1.103,-6.535,-3.194
0.00,624,2.589,8.761,-10.048
0.00,625,1.278,-3.021,9.909
0.00,626,5.992,-6.316,-9.452
0.00,627,6.394,-2.674,7.410
0.00,628,-8.275,1.448,-1.080
0.00,629,-6.458,-8.464,9.635
0.00,630,-2.638,-4.637,5.687
0.00,631,0.709,-5.918,-3.386
0.00,632,-4.324,5.879,1.123
0.00,633,-8.390,-2.727,7.219
0.00,634,-0.920,9.704,-9.847
0.00,635,8.194,-3.058,-7.398
0.00,636,9.220,1.429,-6.993
0.00,637,-0.306,8.376,-7.744
0.00,638,3.966,0.386,5.295
0.00,639,-6.202,3.271,6.104
0.00,640,-3.135,3.432,-0.124
0.00,641,-3.856,-1.542,7.822
0.00,642,5.785,8.616,7.990
0.00,643,7.386,9.287,5.006
0.00,644,8.823,0.336,-7.095
0.00,645,6.693,-2.407,-9.226
0.00,646,0.109,-0.206,-9.378
0.00,647,4.354,-0.342,-7.257
0.00,648,-0.978,4.428,-1.900
0.00,649,1.855,4.888,-6.385
0.00,650,-0.156,3.566,3.120
0.00,651,8.993,7.941,-4.682
0.00,652,-3.418,-3.833,-4.441
0.00,653,-2.417,-4.165,6.833
0.00,654,-2.706,-6.085,-0.945
0.00,655,7.420,-3.167,1.619
0.00,656,2.004,-8.186,5.317
0.00,657,-7.907,-0.875,2.328
0.00,658,1.402,2.959,-7.827
0.00,659,5.479,0.792,-4.392
0.00,660,8.467,-4.763,2.267
0.00,661,-6.486,-0.317,-8.355
0.00,662,9.225,0.505,-4.926
0.00,663,3.226,1.568,-3.531
0.00,664,7.340,1.494,7.709
0.00,665,-1.828,4.350,4.183
0.00,666,-4.735,7.998,-2.887
0.00,667,-5.541,8.996,9.602
0.00,668,6.437,7.927,3.467
0.00,669,1.142,-4.722,-2.848
0.00,670,-6.194,-9.583,8.839
0.00,671,4.752,2.431,-1.289
0.00,672,7.211,-3.504,-1.778
0.00,673,8.450,-7.550,-8.824
0.00,674,-1.105,6.537,-4.972
0.00,675,-9.348,-8.448,-7.226
0.00,676,4.056,9.544,-2.788
0.00,677,6.368,-4.619,-0.101
0.00,678,-0.364,-4.209,3.779
0.00,679,4.923,6.490,-7.474
0.00,680,-4.842,3.423,-5.541
0.00,681,-4.488,-8.319,-4.373
0.00,682,-2.044,6.117,2.810
0.00,683,7.862,7.529,1.051
0.00,684,4.761,-3.784,0.929
0.00,685,-8.888,-1.289,1.837
0.00,686,-3.931,-4.171,-6.357
0.00,687,3.535,5.240,9.841
0.00,688,8.371,5.908,-2.167
0.00,689,7.639,3.334,-7.841
0.00,690,-6.157,-7.086,-2.390
0.00,691,-8.870,2.281,-2.843
0.00,692,-7.592,-2.385,9.736
0.00,693,5.383,6.651,1.150
0.00,694,-6.592,9.881,4.543
0.00,695,-9.267,1.696,-0.659
0.00,696,-7.982,-0.494,5.797
0.00,697,-4.563,-2.468,-0.312
0.00,698,-4.287,6.749,-9.454
0.00,699,-2.759,8.088,-7.049
0.00,700,-4.757,-0.389,8.450
0.00,701,4.551,-6.321,4.498
0.00,702,-6.858,7.555,4.695
0.00,703,-2.530,-3.559,8.691
0.00,704,0.010,5.099,-2.365
0.00,705,4.809,7.298,8.997
0.00,706,1.255,-6.679,-2.100
0.00,707,-8.907,9.206,-5.031
0.00,708,6.763,-1.475,8.156
0.00,709,3.326,1.626,-7.009
0.00,710,9.726,-7.762,-1.441
0.00,711,1.727,8.460,0.876
0.00,712,9.987,-6.542,-8.013
0.00,713,-8.609,-4.005,-8.800
0.00,714,6.495,-4.034,8.317
0.00,715,-4.364,-7.247,5.673
0.00,716,-9.453,2.672,9.764
0.00,717,-8.389,-9.405,5.598
0.00,718,8.069,6.609,-4.654
0.00,719,1.767,-5.493,1.242
0.00,720,0.560,5.289,1.958
0.00,721,7.224,7.887,0.363
0.00,722,-9.464,-8.536,-1.721
0.00,723,7.750,0.117,-6.458
0.00,724,-0.247,5.137,5.196
0.00,725,1.841,5.449,-6.697
0.00,726,3.233,-1.403,-8.156
0.00,727,0.818,-6.984,3.954
0.00,728,-7.429,-7.371,4.665
0.00,729,-7.453,7.712,9.694
0.00,730,-4.546,8.520,0.496
0.00,731,-6.879,-3.777,9.745
0.00,732,5.021,2.395,0.252
0.00,733,-1.408,-0.559,-3.447
0.00,734,1.468,7.990,5.675
0.00,735,7.157,-4.811,6.927
0.00,736,-7.475,5.149,-6.231
0.00,737,7.881,-0.460,9.308
0.00,738,-1.600,-8.849,5.457
0.00,739,6.828,9.504,8.645
0.00,740,-2.969,9.035,-7.408
0.00,741,-1.605,-5.753,0.423
0.00,742,7.748,-5.891,7.484
0.00,743,-3.710,-9.846,0.693
0.00,744,-1.376,1.724,8.251
0.00,745,2.385,0.238,9.515
0.00,746,-5.743,-2.870,-9.265
0.00,747,8.646,-5.801,1.803
0.00,748,-5.266,5.739,-3.803
0.00,749,-2.435,-3.154,-3.127
0.00,750,-2.868,3.113,2.710
0.00,751,-9.344,9.694,6.021
0.00,752,-0.399,-8.332,6.408
0.00,753,6.237,-2.723,2.664
0.00,754,-0.171,0.563,6.132
0.00,755,-3.726,-0.781,-4.862
0.00,756,3.200,-6.749,7.764
0.00,757,4.657,5.587,-6.814
0.00,758,3.532,6.591,9.761
0.00,759,-6.395,-8.134,-7.598
0.00,760,8.854,-4.886,-0.563
0.00,761,-4.143,8.762,-9.290
0.00,762,6.917,1.799,-0.531
0.00,763,7.840,-4.437,-1.972
0.00,764,-0.750,2.510,-6.915
0.00,765,6.707,-7.856,4.949
0.00,766,4.575,-2.341,4.582
0.00,767,-0.928,-0.319,-4.773
0.00,768,-8.092,2.476,-5.283
0.00,769,7.723,1.700,-1.126
0.00,770,1.679,-7.707,-3.299
0.00,771,6.859,2.060,3.882
0.00,772,-1.546,7.591,-5.441
0.00,773,-4.365,7.837,-9.337
0.00,774,-6.195,-5.334,3.334
0.00,775,3.561,3.765,3.366
0.00,776,-5.351,0.418,4.602
0.00,777,-6.664,-6.527,0.719
0.00,778,3.384,6.429,-4.250
0.00,779,-1.547,7.743,-6.375
0.00,780,5.076,9.306,-0.007
0.00,781,-9.738,7.804,3.068
0.00,782,7.014,-4.192,5.857
0.00,783,8.896,5.910,7.683
0.00,784,1.865,9.678,5.256
0.00,785,5.286,9.953,7.551
0.00,786,9.392,8.295,-3.670
0.00,787,-4.025,4.569,7.908
0.00,788,4.702,-3.826,6.109
0.00,789,-2.987,4.070,0.882
0.00,790,-6.046,7.078,-5.587
0.00,791,1.950,-8.662,1.325
0.00,792,0.870,3.510,-0.403
0.00,793,-6.640,-1.918,9.786
0.00,794,-7.093,0.324,9.274
0.00,795,7.388,2.053,-1.182
0.00,796,6.912,7.214,8.810
0.00,797,6.367,8.614,-1.402
0.00,798,-2.510,-3.359,-9.935
0.00,799,-2.160,2.219,-6.744
0.00,800,-1.557,-3.775,9.857
0.00,801,1.608,2.336,-4.606
0.00,802,-5.661,-8.774,3.676
0.00,803,1.618,-5.424,3.080
0.00,804,-6.110,-7.491,-8.505
0.00,805,8.387,4.511,-7.469
0.00,806,4.181,-2.970,9.812
0.00,807,-5.630,-8.905,8.222
0.00,808,-3.812,-0.998,-4.576
0.00,809,6.399,-4.325,-7.662
0.00,810,1.332,-2.813,1.808
0.00,811,6.224,9.099,9.486
0.00,812,3.694,1.095,1.125
0.00,813,-8.191,-9.194,9.809
0.00,814,-5.702,8.287,-9.905
0.00,815,4.292,-9.008,7.940
0.00,816,-8.689,2.413,-8.686
0.00,817,-4.139,-6.475,2.927
0.00,818,9.495,-9.955,-5.365
0.00,819,-0.624,4.265,8.956
0.00,820,-8.794,-9.089,5.525
0.00,821,0.101,2.542,-4.645
0.00,822,-8.676,7.340,-8.730
0.00,823,-4.861,6.016,-3.994
0.00,824,6.213,8.246,-2.206
0.00,825,-7.902,7.423,3.152
0.00,826,-1.635,4.109,5.129
0.00,827,3.740,-6.629,-7.906
0.00,828,-6.361,6.495,-7.736
0.00,829,3.797,4.328,-5.828
0.00,830,-5.087,-0.531,-1.396
0.00,831,2.553,8.943,6.214
0.00,832,5.920,2.866,8.879
0.00,833,-7.044,6.092,-3.737
0.00,834,-4.943,1.295,9.670
0.00,835,2.519,9.531,3.870
0.00,836,6.737,0.963,6.801
0.00,837,1.522,-1.983,-4.340
0.00,838,2.667,4.152,1.542
0.00,839,5.063,6.710,2.725
0.00,840,2.666,-6.924,7.458
0.00,841,-1.492,7.098,2.413
0.00,842,8.183,4.641,-5.911
0.00,843,5.445,10.001,3.956
0.00,844,-8.898,7.574,-4.710
0.00,845,4.921,2.861,-0.310
0.00,846,8.956,2.221,5.967
0.00,847,5.659,5.567,7.564
0.00,848,-3.465,-4.836,-9.606
0.00,849,-0.445,-7.894,-3.970
0.00,850,2.035,3.182,5.396
0.00,851,-9.251,5.286,2.409
0.00,852,4.336,9.322,9.926
0.00,853,8.677,-5.763,-2.512
0.00,854,-8.093,-0.711,1.991
0.00,855,2.653,-7.074,5.040
0.00,856,-2.979,-1.017,-5.181
0.00,857,-2.347,-0.327,-1.669
0.00,858,4.856,8.212,-2.525
0.00,859,-2.154,0.935,0.978
0.00,860,-9.891,-0.129,-0.637
0.00,861,-6.094,-2.237,4.643
0.00,862,1.471,0.878,2.914
0.00,863,-0.188,2.417,-9.636
0.00,864,3.619,-6.048,-3.774
0.00,865,-9.184,-2.150,-3.207
0.00,866,-2.339,1.482,3.164
0.00,867,-3.555,-7.824,4.601
0.00,868,5.406,-3.593,9.844
0.00,869,-5.809,7.935,9.907
0.00,870,-8.065,8.587,4.535
0.00,871,7.091,-8.080,7.224
0.00,872,-6.748,8.744,0.493
0.00,873,-9.747,2.967,7.673
0.00,874,-9.670,1.505,-10.034
0.00,875,-5.061,-1.323,-3.012
0.00,876,-3.595,1.350,8.666
0.00,877,-0.850,3.617,8.861
0.00,878,3.484,5.012,-8.210
0.00,879,5.522,5.533,2.666
0.00,880,0.071,-3.277,-5.402
0.00,881,7.604,3.163,0.885
0.00,882,-6.170,0.002,-0.844
0.00,883,6.698,-7.939,-9.935
0.00,884,7.731,-3.440,-3.233
0.00,885,-1.571,5.127,-3.489
0.00,886,3.663,-4.557,-2.071
0.00,887,1.675,-4.792,-0.565
0.00,888,7.578,-5.793,-2.098
0.00,889,-9.465,-9.147,-4.917
0.00,890,-8.729,-6.208,-8.349
0.00,891,-0.951,5.125,3.805
0.00,892,-8.264,9.096,-0.986
0.00,893,-8.086,-1.681,1.085
0.00,894,-4.049,-0.284,3.024
0.00,895,-8.343,5.150,3.844
0.00,896,7.606,1.803,7.725
0.00,897,-0.873,1.827,-9.168
0.00,898,5.999,-4.064,-8.104
0.00,899,9.146,7.562,-1.681
0.00,900,-8.402,-1.183,-9.029
0.00,901,4.320,7.850,4.065
0.00,902,-1.431,1.157,1.292
0.00,903,1.436,-6.795,3.266
0.00,904,-8.500,-0.936,-9.894
0.00,905,3.675,-7.668,0.028
0.00,906,8.894,-5.207,9.113
0.00,907,2.696,-5.767,9.086
0.00,908,6.873,-2.352,8.807
0.00,909,4.123,-7.668,0.922
0.00,910,4.598,-6.284,-8.167
0.00,911,-5.908,3.978,-8.093
0.00,912,5.074,3.118,-2.767
0.00,913,2.868,-0.940,4.243
0.00,914,-1.090,4.019,4.980
0.00,915,6.326,2.651,-5.208
0.00,916,-6.135,5.654,2.123
0.00,917,-7.083,-4.908,-5.828
0.00,918,1.098,4.147,-8.077
0.00,919,-7.700,-0.109,-1.116
0.00,920,8.486,2.592,5.176
0.00,921,4.024,-1.934,9.248
0.00,922,-1.157,0.901,2.406
0.00,923,-2.196,7.043,-8.647
0.00,924,-3.377,3.609,-8.534
0.00,925,6.225,9.552,4.636
0.00,926,-7.839,7.447,-9.223
0.00,927,-2.690,8.394,-3.904
0.00,928,-5.381,-3.301,6.115
0.00,929,8.545,-1.349,1.128
0.00,930,2.280,-8.957,-6.474
0.00,931,-6.352,9.819,-7.935
0.00,932,-3.428,-3.487,-5.279
0.00,933,6.905,-2.740,3.644
0.00,934,-0.734,-2.714,5.562
0.00,935,7.766,5.158,-2.585
0.00,936,-7.587,3.553,2.652
0.00,937,-0.856,-8.469,-3.417
0.00,938,0.184,4.720,6.890
0.00,939,6.872,-0.429,-5.746
0.00,940,-2.518,-5.803,-5.194
0.00,941,-1.873,2.966,-7.644
0.00,942,7.626,9.528,-3.441
0.00,943,2.332,5.571,-5.601
0.00,944,1.895,9.286,-9.994
0.00,945,6.634,4.782,-7.476
0.00,946,-2.813,-0.102,2.132
0.00,947,-8.823,2.056,4.293
0.00,948,6.227,8.310,-7.962
0.00,949,-1.184,8.474,-4.231
0.00,950,1.187,-5.028,2.901
0.00,951,1.278,9.002,-4.329
0.00,952,-6.559,-8.325,-3.871
0.00,953,3.732,6.740,1.007
0.00,954,1.458,-1.557,-8.233
0.00,955,-7.336,-2.446,5.814
0.00,956,-4.117,7.291,-6.054
0.00,957,8.765,-9.563,6.525
0.00,958,-3.142,-5.455,-0.891
0.00,959,-9.893,2.863,-0.673
0.00,960,-10.014,3.446,-6.266
0.00,961,9.804,9.199,1.339
0.00,962,2.072,7.172,1.937
0.00,963,-2.116,-8.367,-6.144
0.00,964,-0.000,-0.378,-9.963
0.00,965,7.529,9.529,-3.646
0.00,966,9.177,-0.163,5.706
0.00,967,-6.194,9.965,9.772
0.00,968,3.329,-6.109,3.632
0.00,969,-0.308,4.810,-7.519
0.00,970,8.211,1.711,8.615
0.00,971,8.896,-3.581,-0.535
0.00,972,1.367,-3.315,-3.536
0.00,973,-5.790,6.877,-5.402
0.00,974,10.016,-4.361,4.210
0.00,975,7.409,-6.251,-5.134
0.00,976,7.388,6.477,-1.027
0.00,977,0.669,-0.028,-8.928
0.00,978,-0.830,-5.908,8.984
0.00,979,-8.579,-0.183,9.358
0.00,980,-2.848,6.466,-4.120
0.00,981,-10.026,-4.616,5.582
0.00,982,-7.879,-5.824,7.775
0.00,983,5.275,-3.425,5.736
0.00,984,-8.456,-9.887,2.614
0.00,985,5.730,2.625,-6.873
0.00,986,6.628,-8.401,8.901
0.00,987,7.002,-9.813,-5.072
0.00,988,8.584,-7.286,8.067
0.00,989,3.904,8.562,-3.706
0.00,990,9.883,-7.469,4.183
0.00,991,-5.561,3.185,8.741
0.00,992,-6.083,-3.144,4.571
0.00,993,7.755,-1.092,-9.336
0.00,994,0.998,-2.331,4.094
0.00,995,4.816,1.936,7.914
0.00,996,4.089,3.739,-8.979
0.00,997,7.751,1.649,-4.270
0.00,998,-6.636,3.365,-1.946
0.00,999,1.091,2.359,-6.428
0.00,1000,-1.088,-2.183,-8.545
0.00,1001,7.587,6.863,5.922
0.00,1002,9.672,8.124,3.071
0.00,1003,-1.494,-9.527,-7.438
0.00,1004,0.505,5.952,-6.386
0.00,1005,2.585,0.441,-8.109
0.00,1006,-9.358,8.049,-3.239
0.00,1007,-1.170,7.093,-5.999
0.00,1008,7.192,-8.820,-2.365
0.00,1009,-3.584,-1.863,9.264
0.00,1010,-2.972,5.615,-2.578
0.00,1011,1.687,4.117,-0.006
0.00,1012,8.933,-0.818,0.399
0.00,1013,-2.594,-7.612,-3.832
0.00,1014,-5.868,-0.405,-2.331
0.00,1015,2.233,-3.069,-9.620
0.00,1016,-5.275,-8.391,2.455
0.00,1017,9.709,0.866,0.046
0.00,1018,-0.265,-5.006,-5.265
0.00,1019,6.269,9.567,4.792
0.00,1020,8.145,1.363,4.655
0.00,1021,3.896,0.226,2.678
0.00,1022,8.055,-1.760,0.500
0.00,1023,-9.422,0.241,7.163
0.00,1024,6.951,5.666,2.130
0.00,1025,2.727,1.846,-6.840
0.00,1026,5.964,-3.919,-7.642
0.00,1027,-9.282,-3.743,-3.178
0.00,1028,-3.781,-2.918,-6.303
0.00,1029,-3.771,-5.576,4.276
0.00,1030,-6.758,1.280,4.725
0.00,1031,5.562,-8.695,-2.264
0.00,1032,-1.721,0.103,0.466
0.00,1033,-6.582,4.693,-5.390
0.00,1034,7.471,3.174,7.048
0.00,1035,-8.182,6.167,-9.271
0.00,1036,-1.834,-0.080,7.970
0.00,1037,6.421,5.517,-6.529
0.00,1038,-1.128,-0.491,6.333
0.00,1039,3.464,-6.710,-2.990
0.00,1040,3.527,-6.541,-2.510
0.00,1041,-7.251,-8.504,8.984
0.00,1042,4.649,6.612,4.609
0.00,1043,7.547,-2.684,7.993
0.00,1044,2.189,9.528,9.834
0.00,1045,4.023,-8.264,4.787
0.00,1046,1.902,-7.689,4.336
0.00,1047,5.461,-2.334,-5.230
0.00,1048,1.516,0.413,-5.634
0.00,1049,2.864,9.641,3.302
0.00,1050,7.829,9.599,0.277
0.00,1051,-6.340,-9.823,-9.223
0.00,1052,-1.136,3.220,7.824
0.00,1053,1.101,-9.073,-2.573
0.00,1054,8.883,5.968,0.684
0.00,1055,4.698,0.186,6.413
0.00,1056,2.699,-2.552,6.266
0.00,1057,2.674,6.056,-9.351
0.00,1058,-2.910,-10.003,-9.895
0.00,1059,2.702,4.503,-4.118
0.00,1060,-3.357,7.182,-0.955
0.00,1061,-6.634,5.768,-10.022
0.00,1062,4.846,1.828,8.865
0.00,1063,6.274,-4.970,4.781
0.00,1064,-3.112,6.993,-7.636
0.00,1065,6.971,4.236,7.950
0.00,1066,3.591,-4.919,-6.903
0.00,1067,-1.640,-6.122,-2.760
0.00,1068,2.083,-8.913,9.493
0.00,1069,-9.334,8.948,3.668
0.00,1070,6.890,7.449,6.606
0.00,1071,5.424,5.148,-2.791
0.00,1072,1.760,-6.052,5.748
0.00,1073,-7.302,0.391,7.962
0.00,1074,4.855,8.840,5.627
0.00,1075,6.334,3.040,2.931
0.00,1076,3.481,0.567,0.613
0.00,1077,2.663,-4.686,-7.398
0.00,1078,4.621,-9.780,-6.248
0.00,1079,6.060,-7.718,6.475
0.00,1080,-2.346,-0.469,-3.694
0.00,1081,-0.255,-4.514,4.162
0.00,1082,-6.184,-9.394,5.150
0.00,1083,4.590,-10.018,-9.480
0.00,1084,0.312,6.793,3.570
0.00,1085,2.909,5.259,0.208
0.00,1086,-8.679,-9.089,-6.480
0.00,1087,-7.222,1.963,-6.785
0.00,1088,-2.892,-9.813,-8.065
0.00,1089,-1.270,4.994,0.856
0.00,1090,9.445,-6.453,-0.037
0.00,1091,8.088,8.059,1.967
0.00,1092,-8.105,-6.869,-6.180
0.00,1093,-1.985,-0.960,0.651
0.00,1094,-0.491,4.835,-4.308
0.00,1095,-5.552,7.362,4.233
0.00,1096,5.686,-7.812,7.673
0.00,1097,-2.298,3.799,5.417
0.00,1098,1.556,-8.350,7.000
0.00,1099,7.944,-2.021,-1.367
0.00,1100,9.047,3.830,9.570
0.00,1101,-1.833,5.086,-0.442
0.00,1102,0.679,-7.916,3.776
0.00,1103,5.577,-8.424,2.923
0.00,1104,-9.366,9.284,-5.198
0.00,1105,3.721,-0.965,0.532
0.00,1106,-3.183,3.636,5.259
0.00,1107,-0.373,8.925,6.267
0.00,1108,1.756,-8.909,-0.916
0.00,1109,0.498,-3.322,-4.619
0.00,1110,-3.835,8.949,1.049
0.00,1111,7.859,-4.542,1.944
0.00,1112,3.962,7.647,7.119
0.00,1113,2.471,-6.312,-8.925
0.00,1114,6.255,-7.894,-2.685
0.00,1115,1.060,-5.921,5.898
0.00,1116,-6.117,4.860,-9.825
0.00,1117,4.138,-7.443,-7.959
0.00,1118,3.636,4.651,1.854
0.00,1119,7.068,0.448,-2.494
0.00,1120,-0.612,0.178,-7.111
0.00,1121,4.264,-5.675,8.604
0.00,1122,-4.953,-3.116,-4.297
0.00,1123,8.563,2.299,-4.391
0.00,1124,0.937,7.323,5.464
0.00,1125,-6.627,5.847,-6.854
0.00,1126,0.630,0.908,7.055
0.00,1127,3.850,4.719,-3.244
0.00,1128,-4.264,-8.752,-5.581
0.00,1129,4.888,2.623,-7.278
0.00,1130,-9.021,5.846,6.142
0.00,1131,10.016,-1.871,-7.002
0.00,1132,1.175,8.650,-0.048
0.00,1133,7.532,5.700,-4.890
0.00,1134,1.670,-7.099,-3.611
0.00,1135,-8.336,9.119,5.084
0.00,1136,8.149,5.137,3.879
0.00,1137,4.074,-0.220,0.232
0.00,1138,-6.470,8.796,1.063
0.00,1139,4.674,7.697,1.281
0.00,1140,-7.126,-7.597,5.327
0.00,1141,4.051,-4.978,-5.127
0.00,1142,-0.165,6.067,5.507
0.00,1143,3.205,0.319,7.437
0.00,1144,2.010,9.783,2.218
0.00,1145,-3.917,8.677,4.178
0.00,1146,-4.531,-6.213,8.302
0.00,1147,-7.064,-8.971,8.091
0.00,1148,-7.434,-4.558,-7.809
0.00,1149,2.159,-1.866,-0.413
0.00,1150,-6.760,5.119,-5.168
0.00,1151,0.532,8.640,8.416
0.00,1152,5.917,-4.958,9.568
0.00,1153,-6.362,-4.556,-5.010
0.00,1154,-8.056,-3.897,2.472
0.00,1155,-4.608,9.328,-0.874
0.00,1156,0.564,6.889,6.933
0.00,1157,-4.436,4.932,-0.631
0.00,1158,-1.714,1.708,-1.029
0.00,1159,3.590,7.744,-5.939
0.00,1160,-8.439,-4.016,2.436
0.00,1161,-2.967,-8.351,4.133
0.00,1162,6.195,-7.170,6.100
0.00,1163,4.425,7.031,-3.006
0.00,1164,-5.324,-5.512,-8.176
0.00,1165,-1.985,-3.441,-6.275
0.00,1166,1.501,-4.300,2.967
0.00,1167,5.233,-0.044,1.136
0.00,1168,6.807,-5.292,-8.641
0.00,1169,3.228,8.193,6.201
0.00,1170,9.060,1.247,-8.033
0.00,1171,0.744,9.212,-9.562
0.00,1172,-3.517,-5.432,1.084
0.00,1173,1.385,-0.026,4.656
0.00,1174,-4.252,0.864,0.373
0.00,1175,0.495,5.720,-8.029
0.00,1176,8.652,2.952,-5.975
0.00,1177,7.435,-4.421,-1.934
0.00,1178,-6.535,-6.785,8.404
0.00,1179,5.100,2.407,-6.118
0.00,1180,-1.517,9.685,3.544
0.00,1181,8.623,8.447,-1.305
0.00,1182,3.165,4.002,-0.979
0.00,1183,-3.710,7.584,1.890
0.00,1184,-8.430,-4.481,-0.288
0.00,1185,-6.894,-3.416,-3.783
0.00,1186,0.606,9.173,5.514
0.00,1187,7.414,7.206,-7.068
0.00,1188,-0.308,-0.013,-9.727
0.00,1189,-8.751,-5.786,-4.678
0.00,1190,-0.048,2.507,6.966
0.00,1191,7.761,3.437,6.466
0.00,1192,0.547,-5.738,2.181
0.00,1193,-0.018,-8.485,-8.086
0.00,1194,-2.904,3.435,1.086
0.00,1195,8.715,-8.434,5.192
0.00,1196,9.934,1.688,-1.500
0.00,1197,-7.127,-7.892,-3.207
0.00,1198,-6.318,8.886,9.389
0.00,1199,-5.458,5.838,-8.231
0.00,1200,5.093,-0.525,-2.498
0.00,1201,-0.112,-5.502,-7.266
0.00,1202,8.448,6.948,-0.025
0.00,1203,-4.464,9.840,8.488
0.00,1204,7.739,7.333,-1.206
0.00,1205,-4.979,-1.943,-0.477
0.00,1206,2.621,10.000,-1.659
0.00,1207,1.690,9.949,7.017
0.00,1208,-5.367,-2.240,-6.604
0.00,1209,6.213,-2.497,0.148
0.00,1210,1.509,1.197,-0.673
0.00,1211,5.982,-1.529,-7.180
0.00,1212,-5.520,-8.037,-3.518
0.00,1213,-4.145,2.439,-6.769
0.00,1214,-5.960,-3.528,-8.029
0.00,1215,5.210,2.463,-7.091
0.00,1216,7.382,4.052,-5.635
0.00,1217,7.909,5.274,-9.426
0.00,1218,6.499,7.475,2.888
0.00,1219,6.758,1.561,-1.215
0.00,1220,6.989,-3.632,-7.588
0.00,1221,1.147,6.388,-3.056
0.00,1222,0.386,-7.684,-6.516
0.00,1223,-9.066,6.870,-0.784
0.00,1224,7.492,8.537,-1.408
0.00,1225,8.855,9.901,-2.227
0.00,1226,5.628,-9.096,2.048
0.00,1227,7.517,7.827,3.257
0.00,1228,3.851,-5.497,8.242
0.00,1229,-5.465,1.399,5.990
0.00,1230,-2.930,3.769,1.462
0.00,1231,-9.242,-7.294,-6.770
0.00,1232,5.872,9.977,-4.527
0.00,1233,3.400,0.960,-1.340
0.00,1234,-9.096,-7.422,-6.023
0.00,1235,3.872,-4.329,-1.381
0.00,1236,-9.582,-2.058,-4.185
0.00,1237,-9.369,-0.584,1.181
0.00,1238,5.917,7.556,-2.100
0.00,1239,-9.700,-0.237,-9.330
0.00,1240,2.974,-3.643,1.648
0.00,1241,8.762,-3.479,9.442
0.00,1242,-7.779,-7.810,5.869
0.00,1243,-7.799,-5.580,1.179
0.00,1244,5.413,1.792,8.815
0.00,1245,4.224,6.218,2.087
0.00,1246,-5.555,0.294,-9.344
0.00,1247,-4.425,-3.040,-6.293
0.00,1248,7.601,5.893,-5.928
0.00,1249,-4.518,6.994,-5.192
0.00,1250,-5.123,8.493,1.859
0.00,1251,-9.567,-7.946,-5.810
0.00,1252,6.026,2.368,-3.143
0.00,1253,8.004,-8.724,5.888
0.00,1254,1.477,8.418,8.733
0.00,1255,2.822,3.326,-1.252
0.00,1256,-0.680,2.615,-1.667
0.00,1257,9.228,9.716,-9.078
0.00,1258,-1.229,3.427,4.122
0.00,1259,-3.515,-7.779,-5.024
0.00,1260,-2.532,5.276,-2.905
0.00,1261,1.285,-6.982,5.987
0.00,1262,-3.784,-6.567,7.583
0.00,1263,-9.651,-3.504,-8.280
0.00,1264,8.510,0.850,0.361
0.00,1265,1.143,8.368,8.021
0.00,1266,0.564,-6.814,-1.640
0.00,1267,-0.837,6.159,-8.120
0.00,1268,-5.460,-9.473,-6.129
0.00,1269,-3.079,6.006,4.013
0.00,1270,3.584,-3.016,1.835
0.00,1271,6.079,8.567,3.300
0.00,1272,-0.078,0.977,1.664
0.00,1273,-4.108,2.548,9.564
0.00,1274,1.700,-1.412,-7.711
0.00,1275,6.352,5.456,-8.981
0.00,1276,-1.178,7.140,-0.072
0.00,1277,-4.411,6.650,-5.924
0.00,1278,-2.684,-7.913,-1.035
0.00,1279,-3.645,-1.350,-1.006
0.00,1280,-4.658,5.332,-7.386
0.00,1281,6.913,-8.003,6.151
0.00,1282,2.876,-3.508,1.547
0.00,1283,8.245,-0.707,-3.788
0.00,1284,-4.034,5.856,-2.631
0.00,1285,-9.782,6.044,7.406
0.00,1286,3.605,3.230,-0.004
0.00,1287,5.621,-3.196,-9.469
0.00,1288,0.866,7.466,-3.234
0.00,1289,-4.239,7.890,8.526
0.00,1290,3.477,-1.442,2.792
0.00,1291,5.705,-5.567,0.591
0.00,1292,-8.377,-6.466,-8.959
0.00,1293,4.022,4.185,5.727
0.00,1294,-3.878,2.849,-0.825
0.00,1295,6.002,-7.465,8.878
0.00,1296,3.831,-6.729,-2.798
0.00,1297,1.947,-0.932,-1.886
0.00,1298,2.991,0.372,-2.069
0.00,1299,-9.237,-5.770,5.394
0.00,1300,2.355,5.020,-9.281
0.00,1301,-0.368,2.178,-7.650
0.00,1302,4.735,7.470,6.411
0.00,1303,2.563,-0.978,-4.294
0.00,1304,-6.755,5.776,-2.151
0.00,1305,5.255,2.172,9.327
0.00,1306,8.681,9.926,0.700
0.00,1307,-6.520,-0.204,2.326
0.00,1308,-3.300,-9.761,-2.567
0.00,1309,4.369,3.513,2.028
0.00,1310,0.819,7.366,-9.334
0.00,1311,-0.205,9.791,-9.097
0.00,1312,6.062,-6.491,8.361
0.00,1313,4.555,-2.957,5.498
0.00,1314,-2.641,-4.291,5.756
0.00,1315,3.036,-3.656,7.818
0.00,1316,-1.845,8.674,2.327
0.00,1317,-0.726,-9.440,0.035
0.00,1318,-3.763,8.229,8.487
0.00,1319,-8.776,2.492,7.328
0.00,1320,-7.926,-6.333,-8.981
0.00,1321,2.477,4.535,1.804
0.00,1322,-4.368,8.275,-5.054
0.00,1323,1.502,0.698,-4.447
0.00,1324,-4.248,-6.136,8.346
0.00,1325,-2.326,-7.533,-0.951
0.00,1326,-2.503,-8.419,-5.051
0.00,1327,1.164,0.152,-6.657
0.00,1328,5.468,-8.239,9.867
0.00,1329,-7.333,5.096,-9.587
0.00,1330,3.616,1.865,-8.653
0.00,1331,-9.596,2.706,1.833
0.00,1332,-9.212,-7.907,-6.040
0.00,1333,9.014,3.065,-4.382
0.00,1334,6.403,-4.699,-0.353
0.00,1335,0.773,7.680,-5.647
0.00,1336,-9.274,2.173,-7.318
0.00,1337,3.714,-2.645,8.186
0.00,1338,-1.186,-8.865,7.828
0.00,1339,-0.191,9.782,-5.582
0.00,1340,-5.500,-7.357,-7.743
0.00,1341,7.412,1.258,3.906
0.00,1342,0.448,-5.939,8.899
0.00,1343,8.173,3.250,-4.534
0.00,1344,-2.411,2.139,3.742
0.00,1345,-9.831,-1.706,-7.807
0.00,1346,9.845,1.875,-5.878
0.00,1347,3.824,-7.582,-6.303
0.00,1348,8.329,0.494,-8.277
0.00,1349,8.442,0.412,4.862
0.00,1350,-4.195,-0.993,-0.660
0.00,1351,9.177,-8.859,-8.925
0.00,1352,-7.521,-0.985,-9.940
0.00,1353,-4.295,7.973,-4.664
0.00,1354,-0.364,-9.989,7.399
0.00,1355,0.848,6.569,-6.350
0.00,1356,7.960,-1.797,7.466
0.00,1357,1.537,9.367,-2.447
0.00,1358,-6.387,-6.252,7.202
0.00,1359,-8.466,8.796,-8.185
0.00,1360,3.644,-0.765,5.411
0.00,1361,-4.182,-1.612,0.605
0.00,1362,9.992,-9.018,-4.073
0.00,1363,5.143,9.398,1.069
0.00,1364,5.532,9.037,2.347
0.00,1365,9.503,-7.648,9.969
0.00,1366,8.234,9.096,-1.327
0.00,1367,0.826,8.359,-2.389
0.00,1368,-9.368,4.897,1.282
0.00,1369,-6.625,-0.125,9.289
0.00,1370,-6.551,-3.322,-7.468
0.00,1371,-8.317,-1.799,-5.748
0.00,1372,-1.206,6.125,4.329
0.00,1373,-0.527,-6.919,-3.002
0.00,1374,3.527,-2.763,7.211
0.00,1375,-9.190,7.848,8.559
0.00,1376,2.764,5.716,6.658
0.00,1377,-8.744,-4.973,-2.370
0.00,1378,7.161,2.288,4.020
0.00,1379,5.867,5.703,-9.203
0.00,1380,-7.481,3.940,1.688
0.00,1381,-6.345,3.729,0.496
0.00,1382,5.698,2.018,7.467
0.00,1383,-7.934,-0.562,-6.400
0.00,1384,2.486,-9.438,6.307
0.00,1385,-6.891,-8.585,-5.134
0.00,1386,5.754,-7.224,-5.598
0.00,1387,-0.026,0.071,-1.478
0.00,1388,5.338,3.125,-1.222
0.00,1389,-8.260,-1.066,-9.095
0.00,1390,-3.845,8.328,7.331
0.00,1391,0.339,-6.780,7.577
0.00,1392,-2.335,6.034,-6.687
0.00,1393,-1.863,-2.139,6.816
0.00,1394,4.179,-5.514,5.179
0.00,1395,1.272,-9.604,0.519
0.00,1396,-1.126,-3.002,-1.560
0.00,1397,-1.042,3.408,1.323
0.00,1398,5.792,-6.217,-0.460
0.00,1399,7.023,6.350,-9.023
0.00,1400,0.068,-9.219,0.074
0.00,1401,0.344,-2.946,5.175
0.00,1402,2.362,-1.283,9.949
0.00,1403,-1.244,2.082,1.856
0.00,1404,-7.870,-1.839,-9.292
0.00,1405,6.713,-0.356,1.863
0.00,1406,-5.831,-8.721,0.052
0.00,1407,-2.496,-5.932,6.352
0.00,1408,-8.994,3.670,-3.194
0.00,1409,-5.454,-0.354,8.649
0.00,1410,1.533,0.798,6.067
0.00,1411,-0.716,6.827,-1.636
0.00,1412,-9.030,8.404,7.965
0.00,1413,7.202,1.596,-0.791
0.00,1414,5.821,1.130,4.666
0.00,1415,4.475,6.486,-8.865
0.00,1416,0.426,-0.646,7.162
0.00,1417,-7.669,4.198,-0.265
0.00,1418,-5.541,-3.412,2.020
0.00,1419,8.209,1.050,-5.907
0.00,1420,-7.207,-6.003,3.904
0.00,1421,-1.668,0.799,-8.989
0.00,1422,1.373,-0.787,-6.068
0.00,1423,-6.936,-7.163,-0.923
0.00,1424,0.394,0.615,5.201
0.00,1425,-6.718,-5.204,-4.126
0.00,1426,-6.652,-4.052,0.377
0.00,1427,1.455,-0.403,2.889
0.00,1428,-1.852,1.247,-7.506
0.00,1429,5.344,-4.388,6.114
0.00,1430,-5.872,-7.554,-1.065
0.00,1431,2.062,1.299,-6.976
0.00,1432,-4.599,-1.864,-3.767
0.00,1433,-7.630,-8.989,7.192
0.00,1434,-7.630,2.355,1.714
0.00,1435,-4.275,6.860,4.346
0.00,1436,3.160,-3.533,5.190
0.00,1437,-6.941,2.963,-9.783
0.00,1438,-5.267,7.444,-6.186
0.00,1439,9.218,7.900,-9.519
0.00,1440,-4.825,5.645,3.913
0.00,1441,5.830,-5.827,3.315
0.00,1442,-8.070,5.629,-7.467
0.00,1443,3.740,-2.637,6.088
0.00,1444,3.334,0.441,-6.284
0.00,1445,5.184,0.686,-1.983
0.00,1446,-5.573,7.030,3.553
0.00,1447,-1.224,-3.521,-3.708
0.00,1448,-7.979,-4.014,-2.027
0.00,1449,0.955,-3.495,-7.506
0.00,1450,-3.692,-7.737,-0.513
0.00,1451,-4.121,-2.209,-6.132
0.00,1452,-7.581,9.884,2.154
0.00,1453,5.147,-8.034,6.223
0.00,1454,-9.965,9.763,5.813
0.00,1455,-6.464,-9.462,8.664
0.00,1456,4.439,0.287,-6.342
0.00,1457,-3.233,8.792,1.269
0.00,1458,0.005,7.792,3.436
0.00,1459,8.104,-0.932,-8.665
0.00,1460,7.190,-6.170,-4.550
0.00,1461,7.473,-7.905,-9.331
0.00,1462,-3.293,-5.346,-4.861
0.00,1463,-4.139,6.757,-5.506
0.00,1464,-2.698,-3.134,-5.343
0.00,1465,-1.613,0.532,-6.239
0.00,1466,5.030,-0.722,-2.766
0.00,1467,2.773,4.263,-9.917
0.00,1468,-4.647,-7.474,-7.781
0.00,1469,-9.712,2.259,-3.498
0.00,1470,-4.694,-6.388,-8.224
0.00,1471,8.638,-5.383,-7.959
0.00,1472,-9.254,7.736,6.042
0.00,1473,-8.176,6.069,9.444
0.00,1474,0.878,-5.653,-8.711
0.00,1475,-6.535,2.983,-7.489
0.00,1476,9.537,1.022,0.318
0.00,1477,5.606,-3.883,9.602
0.00,1478,4.919,-5.247,-6.668
0.00,1479,-7.477,2.045,4.419
0.00,1480,3.341,-4.489,-8.226
0.00,1481,4.969,6.655,6.405
0.00,1482,3.668,-7.204,-7.144
0.00,1483,-2.184,-1.722,2.447
0.00,1484,-0.190,-6.469,-1.544
0.00,1485,-8.300,-1.321,-1.019
0.00,1486,-7.752,4.431,2.000
0.00,1487,-1.656,4.385,-9.934
0.00,1488,-9.176,6.785,6.671
0.00,1489,2.093,3.710,0.619
0.00,1490,-1.465,-2.780,5.559
0.00,1491,0.535,1.991,9.180
0.00,1492,-6.707,8.687,-7.751
0.00,1493,-7.166,7.916,-3.110
0.00,1494,-2.895,-5.094,9.841
0.00,1495,4.514,-1.507,-8.339
0.00,1496,-6.787,2.885,7.399
0.00,1497,-6.207,5.111,4.104
0.00,1498,1.881,1.259,-6.475
0.00,1499,-7.808,5.153,6.324
0.00,1500,-2.924,4.101,-2.298
0.00,1501,-6.344,4.614,9.592
0.00,1502,-8.115,6.761,8.489
0.00,1503,8.171,0.295,-3.085
0.00,1504,-2.057,2.929,-10.028
0.00,1505,6.038,-8.865,6.313
0.00,1506,9.542,-4.264,0.986
0.00,1507,-4.360,-0.902,-2.238
0.00,1508,2.340,-6.989,1.667
0.00,1509,-5.825,7.733,-9.443
0.00,1510,3.759,-7.120,-0.991
0.00,1511,4.999,6.496,3.508
0.00,1512,8.285,-4.342,5.160
0.00,1513,7.070,-8.497,-7.981
0.00,1514,7.606,0.638,-5.445
0.00,1515,-5.720,8.688,-8.637
0.00,1516,-1.366,-4.846,6.454
0.00,1517,4.939,5.684,8.907
0.00,1518,6.980,9.337,-2.904
0.00,1519,7.117,-0.508,-7.647
0.00,1520,7.551,-1.989,8.145
0.00,1521,-9.471,8.584,-5.324
0.00,1522,1.849,4.590,-9.729
0.00,1523,-5.077,0.327,-6.347
0.00,1524,5.342,7.571,-6.580
0.00,1525,-8.005,-3.155,-5.756
0.00,1526,5.518,-5.530,-5.757
0.00,1527,9.294,5.085,6.957
0.00,1528,-3.540,3.500,-3.922
0.00,1529,7.176,3.199,4.520
0.00,1530,-9.416,-0.245,3.738
0.00,1531,10.038,3.418,3.082
0.00,1532,-7.803,7.918,4.561
0.00,1533,-7.428,-3.822,-6.605
0.00,1534,-6.799,2.640,1.844
0.00,1535,-3.366,1.496,-6.088
0.00,1536,-3.573,4.366,-9.692
0.00,1537,4.895,0.792,-0.690
0.00,1538,-1.961,3.701,9.172
0.00,1539,-9.235,-9.235,-0.159
0.00,1540,-5.107,9.596,7.996
0.00,1541,-4.921,2.566,-1.036
0.00,1542,2.116,-3.400,-5.737
0.00,1543,4.623,-7.713,-3.321
0.00,1544,7.748,2.169,1.000
0.00,1545,-1.282,1.724,-1.803
0.00,1546,-6.787,8.943,3.128
0.00,1547,-1.712,0.859,-1.392
0.00,1548,9.016,2.440,0.880
0.00,1549,0.357,5.121,-8.241
0.00,1550,-5.448,3.291,-9.599
0.00,1551,3.783,1.866,7.475
0.00,1552,-8.532,-0.497,-1.768
0.00,1553,5.746,4.443,-5.984
0.00,1554,-4.909,4.510,5.305
0.00,1555,5.941,-3.225,-4.361
0.00,1556,-7.208,2.739,1.712
0.00,1557,9.945,9.132,-9.513
0.00,1558,-1.832,-9.606,-10.032
0.00,1559,-7.509,-4.016,-4.541
0.00,1560,-3.253,2.741,0.262
0.00,1561,-8.661,-8.353,4.113
0.00,1562,3.480,5.355,0.337
0.00,1563,5.341,7.201,-4.448
0.00,1564,-9.168,-8.826,-9.664
0.00,1565,2.401,-4.160,5.704
0.00,1566,-5.055,-2.379,5.099
0.00,1567,-5.554,8.964,2.245
0.00,1568,-1.553,5.712,-0.683
0.00,1569,1.080,1.466,-2.796
0.00,1570,4.361,8.715,1.389
0.00,1571,-8.834,4.354,-5.824
0.00,1572,-8.545,4.470,8.382
0.00,1573,9.185,6.637,7.032
0.00,1574,-7.882,2.349,-0.729
0.00,1575,-3.546,-1.151,-4.614
0.00,1576,8.504,-6.790,-9.609
0.00,1577,-3.039,2.893,2.079
0.00,1578,-5.913,7.949,1.418
0.00,1579,-4.038,-6.850,9.340
0.00,1580,-6.426,-8.795,-5.115
0.00,1581,-2.827,-8.597,-0.146
0.00,1582,0.156,-5.254,0.482
0.00,1583,-2.008,8.206,-5.777
0.00,1584,8.101,1.416,-4.305
0.00,1585,0.162,-0.082,3.302
0.00,1586,-6.938,-2.017,3.602
0.00,1587,8.276,-2.351,-0.210
0.00,1588,-1.033,-3.374,-3.498
0.00,1589,-3.586,1.098,-9.686
0.00,1590,-2.790,-1.307,7.213
0.00,1591,-7.076,-8.129,-3.124
0.00,1592,-9.935,-6.898,1.394
0.00,1593,-5.121,8.835,4.334
0.00,1594,-4.519,-8.674,7.142
0.00,1595,8.986,1.097,-4.349
0.00,1596,4.779,-9.417,-2.269
0.00,1597,-7.130,-9.635,2.437
0.00,1598,2.144,-9.630,0.543
0.00,1599,1.414,9.804,1.207
0.00,1600,6.329,-9.673,3.093
0.00,1601,-0.417,4.514,-7.044
0.00,1602,-2.776,-1.655,7.598
0.00,1603,0.306,-3.693,9.687
0.00,1604,8.660,9.824,5.551
0.00,1605,7.621,6.927,1.675
0.00,1606,-3.560,-3.745,-8.986
0.00,1607,4.631,-1.293,-0.815
0.00,1608,7.990,-4.417,3.756
0.00,1609,-6.226,4.822,-4.482
0.00,1610,-3.745,2.545,0.872
0.00,1611,-6.519,2.698,8.343
0.00,1612,-9.918,1.250,-1.164
0.00,1613,2.290,-8.477,-7.597
0.00,1614,-0.896,-5.283,-5.884
0.00,1615,-4.755,-9.335,4.490
0.00,1616,9.822,-4.550,-1.055
0.00,1617,9.252,1.289,-4.378
0.00,1618,2.101,4.834,8.471
0.00,1619,2.363,-7.933,1.508
0.00,1620,5.963,-6.256,8.303
0.00,1621,-0.031,8.752,7.813
0.00,1622,1.525,5.843,6.915
0.00,1623,-7.599,4.045,-9.242
0.00,1624,4.832,-7.790,8.423
0.00,1625,-3.114,1.145,-4.131
0.00,1626,-2.944,7.516,-6.617
0.00,1627,5.182,0.086,0.585
0.00,1628,-1.780,-5.078,-6.255
0.00,1629,9.031,-0.070,6.446
0.00,1630,2.045,-2.166,9.839
0.00,1631,6.003,7.906,-5.470
0.00,1632,5.425,-2.683,1.852
0.00,1633,-0.139,-9.875,-8.759
0.00,1634,0.025,4.117,-0.885
0.00,1635,0.510,1.932,9.601
0.00,1636,-2.252,-4.705,6.416
0.00,1637,6.278,-8.490,8.871
0.00,1638,-0.423,9.661,-2.159
0.00,1639,-8.300,-9.214,-9.536
0.00,1640,-0.023,-5.524,-2.001
0.00,1641,-9.060,10.046,-9.099
0.00,1642,-9.035,5.512,5.977
0.00,1643,-6.655,-1.812,3.760
0.00,1644,0.522,1.466,-9.264
0.00,1645,2.177,7.484,-8.813
0.00,1646,8.851,1.847,7.248
0.00,1647,6.830,4.327,-4.895
0.00,1648,8.155,-7.574,-2.571
0.00,1649,4.882,2.944,4.484
0.00,1650,-0.477,-5.715,3.901
0.00,1651,2.287,3.855,-2.997
0.00,1652,9.168,-8.425,-3.455
0.00,1653,-4.597,8.246,2.201
0.00,1654,5.912,-0.653,-5.258
0.00,1655,-9.738,-6.168,0.243
0.00,1656,-5.522,0.364,1.122
0.00,1657,3.611,1.283,-9.531
0.00,1658,-4.882,-0.770,-4.789
0.00,1659,4.772,-2.989,3.908
0.00,1660,7.503,4.446,-9.032
0.00,1661,-3.504,7.901,9.700
0.00,1662,-5.326,2.992,-6.986
0.00,1663,-9.490,-6.442,2.049
0.00,1664,2.472,9.352,4.954
0.00,1665,-7.074,3.855,4.679
0.00,1666,-8.990,7.337,-0.693
0.00,1667,-4.632,9.919,-9.318
0.00,1668,9.886,-6.275,-3.886
0.00,1669,-0.227,-4.813,-8.878
0.00,1670,0.590,4.993,9.377
0.00,1671,4.528,-3.226,-9.403
0.00,1672,-5.836,9.518,9.510
0.00,1673,-9.951,-9.176,-4.524
0.00,1674,3.147,6.678,2.291
0.00,1675,2.491,-1.301,7.462
0.00,1676,2.186,-7.459,-8.631
0.00,1677,-1.427,4.083,9.383
0.00,1678,1.235,-7.192,3.004
0.00,1679,0.706,-9.368,1.689
0.00,1680,-7.996,7.984,-5.409
0.00,1681,-8.678,-1.105,6.183
0.00,1682,-3.851,9.433,4.498
0.00,1683,8.433,6.639,-8.790
0.00,1684,-2.903,-2.964,3.339
0.00,1685,3.938,6.103,1.326
0.00,1686,-7.529,6.189,-2.793
0.00,1687,6.526,-8.564,1.367
0.00,1688,-0.069,5.962,7.971
0.00,1689,1.069,3.872,9.611
0.00,1690,-8.052,-9.456,-4.720
0.00,1691,2.728,4.321,6.984
0.00,1692,-8.642,5.533,1.929
0.00,1693,8.244,-6.765,3.213
0.00,1694,-4.109,8.120,-1.614
0.00,1695,-5.985,5.741,8.378
0.00,1696,2.728,-6.103,-5.038
0.00,1697,-2.788,-0.190,-9.094
0.00,1698,5.672,-9.816,5.284
0.00,1699,5.450,-0.200,2.700
0.00,1700,1.607,3.051,8.472
0.00,1701,5.057,6.447,-2.068
0.00,1702,3.035,-0.053,-9.512
0.00,1703,4.429,5.455,3.952
0.00,1704,-2.797,4.707,-5.817
0.00,1705,-8.157,-9.934,0.161
0.00,1706,-0.846,5.243,10.036
0.00,1707,-0.590,9.572,9.943
0.00,1708,0.463,-7.662,9.525
0.00,1709,0.857,-3.568,-1.162
0.00,1710,8.386,-0.407,-4.365
0.00,1711,3.983,0.337,-0.916
0.00,1712,-4.492,-8.981,0.789
0.00,1713,8.698,-0.001,8.778
0.00,1714,-4.659,-7.060,8.383
0.00,1715,-0.703,3.994,3.909
0.00,1716,-7.359,7.603,8.779
0.00,1717,8.481,0.022,0.048
0.00,1718,9.201,7.828,-6.913
0.00,1719,-4.349,5.401,7.055
0.00,1720,5.337,-0.629,-9.182
0.00,1721,-5.360,4.095,4.117
0.00,1722,7.879,1.528,9.619
0.00,1723,9.428,7.185,-5.055
0.00,1724,10.049,-5.841,-2.993
0.00,1725,-4.564,-5.416,-0.336
0.00,1726,7.575,9.194,-9.204
0.00,1727,-7.996,7.419,8.657
0.00,1728,-7.622,-3.219,-8.416
0.00,1729,-4.229,-4.170,2.973
0.00,1730,2.701,-3.379,0.272
0.00,1731,6.997,-0.586,0.779
0.00,1732,5.772,-0.432,-4.384
0.00,1733,-0.614,-9.822,-10.004
0.00,1734,8.383,3.873,4.269
0.00,1735,2.994,-8.460,0.618
0.00,1736,6.932,0.633,7.270
0.00,1737,9.621,-4.533,5.384
0.00,1738,-7.367,5.103,-1.918
0.00,1739,-9.038,-3.840,5.618
0.00,1740,-8.771,2.520,-9.321
0.00,1741,2.992,-0.247,6.434
0.00,1742,-4.453,1.129,-1.305
0.00,1743,0.968,8.305,9.107
0.00,1744,2.697,-8.444,-4.007
0.00,1745,1.115,2.209,5.860
0.00,1746,2.849,8.192,6.254
0.00,1747,-3.156,1.709,-8.026
0.00,1748,-7.453,-3.139,-7.760
0.00,1749,-0.331,4.878,5.909
0.00,1750,3.599,7.828,-7.767
0.00,1751,-5.803,5.884,-1.101
0.00,1752,-7.932,-1.230,-7.868
0.00,1753,-0.278,8.589,-0.210
0.00,1754,1.001,2.359,0.442
0.00,1755,2.994,-0.716,-0.464
0.00,1756,-7.630,-5.962,-1.659
0.00,1757,-6.549,3.798,4.603
0.00,1758,8.142,1.914,-5.205
0.00,1759,-0.756,-8.426,-6.260
0.00,1760,-1.871,7.966,2.393
0.00,1761,8.924,-8.557,-1.430
0.00,1762,-9.936,-6.690,-0.137
0.00,1763,-2.127,1.912,9.096
0.00,1764,3.921,6.964,7.960
0.00,1765,-0.793,8.092,2.088
0.00,1766,-5.653,-4.198,-2.182
0.00,1767,-6.562,-4.201,1.012
0.00,1768,7.945,-0.478,6.873
0.00,1769,6.038,-9.779,4.686
0.00,1770,4.510,1.860,6.170
0.00,1771,-0.852,1.745,0.072
0.00,1772,-7.229,0.133,-5.732
0.00,1773,-7.881,8.283,-0.848
0.00,1774,-3.044,-9.383,8.117
0.00,1775,3.660,9.457,-6.151
0.00,1776,9.665,-6.538,-5.580
0.00,1777,9.033,2.618,-5.797
0.00,1778,-3.809,0.223,-6.345
0.00,1779,-6.441,-5.485,8.200
0.00,1780,-8.128,-1.367,1.010
0.00,1781,3.153,5.984,1.423
0.00,1782,-6.968,5.177,-6.536
0.00,1783,-6.171,7.361,-0.094
0.00,1784,-2.149,-6.966,9.821
0.00,1785,-3.232,4.715,-0.383
0.00,1786,-4.134,9.887,4.466
0.00,1787,7.606,-9.381,4.296
0.00,1788,-5.955,9.199,8.877
0.00,1789,-1.203,-6.814,4.449
0.00,1790,4.988,-9.406,6.592
0.00,1791,-4.339,2.511,-8.581
0.00,1792,-2.253,-8.504,-8.606
0.00,1793,3.132,2.156,8.193
0.00,1794,-2.123,-8.214,2.832
0.00,1795,2.629,3.807,-0.194
0.00,1796,4.440,7.314,-9.801
0.00,1797,-2.385,-2.290,3.489
0.00,1798,8.575,9.952,-9.054
0.00,1799,-6.782,9.810,0.707
0.00,1800,-4.361,-8.315,3.016
0.00,1801,8.416,5.202,-2.929
0.00,1802,7.105,5.774,-5.922
0.00,1803,-6.218,-8.096,9.272
0.00,1804,-4.185,-6.106,3.672
0.00,1805,-0.478,9.212,-6.102
0.00,1806,-3.875,-0.011,8.843
0.00,1807,6.013,-2.178,-4.261
0.00,1808,2.216,-2.487,8.560
0.00,1809,4.667,-0.679,-0.173
0.00,1810,-1.033,-6.266,-1.877
0.00,1811,4.385,-10.042,-4.765
0.00,1812,5.948,2.823,-0.291
0.00,1813,0.242,-5.727,8.360
0.00,1814,7.731,3.628,-5.217
0.00,1815,-1.228,-1.677,-0.936
0.00,1816,-0.802,5.994,-5.650
0.00,1817,5.307,6.809,-4.527
0.00,1818,9.408,5.520,9.044
0.00,1819,-7.243,2.479,-3.361
0.00,1820,-5.177,9.870,-4.627
0.00,1821,-7.346,-0.987,-6.870
0.00,1822,4.018,-6.597,2.491
0.00,1823,9.469,3.182,-6.181
0.00,1824,9.958,-5.656,-6.695
0.00,1825,-4.907,8.390,-6.331
0.00,1826,-7.099,-6.439,8.565
0.00,1827,0.078,4.558,2.285
0.00,1828,-8.483,-2.030,-3.985
0.00,1829,0.300,1.699,5.792
0.00,1830,4.124,-3.310,-1.015
0.00,1831,2.112,-7.205,9.227
0.00,1832,4.549,-4.203,2.556
0.00,1833,0.354,1.209,7.333
0.00,1834,5.567,0.225,-4.642
0.00,1835,-1.310,-2.878,8.738
0.00,1836,-1.789,2.117,-3.543
0.00,1837,4.764,-0.116,-8.550
0.00,1838,2.998,-5.602,-9.634
0.00,1839,-2.154,-1.010,-2.523
0.00,1840,-5.862,-8.330,0.400
0.00,1841,3.179,10.045,-9.092
0.00,1842,-1.818,5.560,-8.084
0.00,1843,-4.119,3.831,1.813
0.00,1844,1.458,1.049,-9.282
0.00,1845,-1.465,-6.970,-5.118
0.00,1846,1.337,-10.047,5.618
0.00,1847,8.994,-1.228,7.771
0.00,1848,-1.326,-1.142,3.968
0.00,1849,6.612,-6.803,-9.902
0.00,1850,9.385,6.475,-2.669
0.00,1851,-7.558,2.069,-4.257
0.00,1852,-2.351,-4.114,-1.818
0.00,1853,-4.102,4.981,-3.385
0.00,1854,6.917,3.250,-0.547
0.00,1855,1.523,3.277,-6.217
0.00,1856,-1.195,3.475,1.319
0.00,1857,8.895,-5.582,7.792
0.00,1858,-8.122,2.773,-5.496
0.00,1859,-8.626,3.354,6.761
0.00,1860,-9.026,-0.076,-2.545
0.00,1861,5.964,-6.276,2.166
0.00,1862,3.815,-3.852,1.759
0.00,1863,4.874,3.784,-1.369
0.00,1864,-1.163,-1.071,8.296
0.00,1865,-1.422,8.418,8.236
0.00,1866,1.066,5.100,-8.626
0.00,1867,-8.136,7.254,-4.508
0.00,1868,-2.528,8.707,-9.618
0.00,1869,-2.394,9.294,6.527
0.00,1870,-3.503,9.563,5.642
0.00,1871,-1.460,-2.097,3.117
0.00,1872,1.946,6.167,-2.343
0.00,1873,-4.978,7.255,3.913
0.00,1874,-6.142,-4.975,-5.505
0.00,1875,4.622,-1.042,6.204
0.00,1876,8.755,2.879,0.634
0.00,1877,3.903,0.906,7.036
0.00,1878,8.426,3.672,-0.035
0.00,1879,6.388,-9.297,2.349
0.00,1880,10.031,-1.043,3.519
0.00,1881,3.510,-3.275,4.563
0.00,1882,-3.567,-0.480,0.106
0.00,1883,-9.439,-0.272,0.140
0.00,1884,-4.037,3.092,-1.491
0.00,1885,-7.807,-3.389,8.663
0.00,1886,-1.690,7.372,0.495
0.00,1887,-4.000,2.220,-4.930
0.00,1888,-1.944,0.598,-4.829
0.00,1889,7.779,3.126,4.112
0.00,1890,5.177,-4.415,1.707
0.00,1891,0.633,-8.978,-2.487
0.00,1892,-8.543,8.104,9.688
0.00,1893,-5.901,7.851,3.897
0.00,1894,-7.473,0.651,-8.973
0.00,1895,5.904,-7.825,8.455
0.00,1896,0.066,2.694,6.532
0.00,1897,5.974,6.476,3.082
0.00,1898,-1.005,2.218,1.689
0.00,1899,-9.303,-6.488,6.017
0.00,1900,4.270,-8.718,6.927
0.00,1901,-1.777,-5.204,9.827
0.00,1902,8.046,6.239,-7.775
0.00,1903,7.355,-6.468,-3.220
0.00,1904,8.904,-9.401,-2.979
0.00,1905,-5.945,-8.038,2.331
0.00,1906,0.497,4.561,7.210
0.00,1907,-0.165,-1.988,9.452
0.00,1908,-3.880,-3.467,-0.451
0.00,1909,9.381,3.463,-8.136
0.00,1910,-6.797,9.166,7.180
0.00,1911,9.809,8.917,4.015
0.00,1912,0.313,4.203,-4.463
0.00,1913,8.763,2.686,6.149
0.00,1914,6.980,9.942,9.461
0.00,1915,0.004,7.104,5.499
0.00,1916,-6.249,-2.583,3.791
0.00,1917,-4.757,1.729,-5.182
0.00,1918,-3.777,6.388,8.088
0.00,1919,-9.857,5.318,-4.097
0.00,1920,9.944,-5.037,9.119
0.00,1921,-0.615,-2.082,8.013
0.00,1922,-1.707,-9.882,-9.640
0.00,1923,-4.716,-8.329,8.450
0.00,1924,5.406,1.256,9.286
0.00,1925,3.265,9.479,5.898
0.00,1926,-0.030,8.590,-1.444
0.00,1927,0.626,-6.014,7.566
0.00,1928,0.148,-8.930,0.228
0.00,1929,-0.858,8.117,-9.772
0.00,1930,4.375,-3.579,-3.427
0.00,1931,-9.944,-7.514,-0.522
0.00,1932,-5.275,-3.641,-2.470
0.00,1933,-1.164,6.868,-7.355
0.00,1934,7.614,9.921,3.283
0.00,1935,-9.246,4.145,-1.237
0.00,1936,4.086,7.942,-0.626
0.00,1937,-4.065,3.753,9.468
0.00,1938,-9.598,-2.853,-7.190
0.00,1939,-9.586,2.843,2.023
0.00,1940,6.441,1.563,8.319
0.00,1941,-4.299,0.826,6.720
0.00,1942,7.426,-8.355,4.555
0.00,1943,-1.913,-8.989,9.748
0.00,1944,6.028,-6.573,7.768
0.00,1945,8.330,-8.976,-2.262
0.00,1946,-5.644,4.778,-7.014
0.00,1947,2.376,2.509,6.270
0.00,1948,-3.368,4.964,6.690
0.00,1949,-2.666,-1.610,4.831
0.00,1950,1.139,-8.623,-4.430
0.00,1951,-10.042,-5.242,2.408
0.00,1952,8.170,9.828,8.560
0.00,1953,6.234,-9.321,7.606
0.00,1954,7.574,-2.332,-2.269
0.00,1955,6.923,9.954,-3.729
0.00,1956,-0.464,-2.060,-9.604
0.00,1957,-5.014,8.476,4.664
0.00,1958,-7.466,-4.158,5.397
0.00,1959,-7.842,6.188,-0.428
0.00,1960,-7.011,-4.385,6.184
0.00,1961,5.946,-1.525,1.245
0.00,1962,6.491,2.838,1.769
0.00,1963,-7.526,-5.964,-2.474
0.00,1964,3.536,-0.921,-4.274
0.00,1965,-1.306,-7.944,0.881
0.00,1966,-4.716,-7.258,8.488
0.00,1967,6.090,-9.399,8.710
0.00,1968,6.076,8.700,4.750
0.00,1969,-9.392,-3.183,4.443
0.00,1970,-3.675,0.065,-4.744
0.00,1971,7.734,9.739,6.042
0.00,1972,-1.967,-7.001,5.619
0.00,1973,-4.444,-2.761,3.127
0.00,1974,1.641,-4.285,-5.877
0.00,1975,-5.730,-7.368,-6.819
0.00,1976,-1.377,8.751,8.998
0.00,1977,1.940,-10.020,7.384
0.00,1978,-8.735,-1.820,4.990
0.00,1979,-9.321,-5.232,3.687
0.00,1980,-5.232,-5.760,-5.450
0.00,1981,0.077,-1.065,5.345
0.00,1982,4.920,-1.928,-7.375
0.00,1983,-3.582,4.209,8.278
0.00,1984,1.440,3.953,1.500
0.00,1985,1.893,-0.569,3.065
0.00,1986,-8.858,-4.171,6.230
0.00,1987,9.223,-8.057,5.664
0.00,1988,5.751,6.165,5.781
0.00,1989,-0.693,-7.269,0.421
0.00,1990,-3.304,3.600,-7.753
0.00,1991,-3.764,-3.511,1.782
0.00,1992,3.000,-2.106,0.773
0.00,1993,3.918,7.652,5.622
0.00,1994,6.195,-7.449,1.722
0.00,1995,2.099,1.685,0.638
0.00,1996,-9.904,2.867,-1.262
0.00,1997,-4.758,7.146,2.803
0.00,1998,-7.255,4.649,8.754
0.00,1999,8.276,-0.671,-8.871
0.00,2000,-3.855,6.422,6.943
0.00,2001,-4.806,-3.235,2.737
0.00,2002,2.168,-9.434,-7.072
0.00,2003,-4.184,-8.248,3.595
0.00,2004,5.189,4.086,2.010
0.00,2005,-3.051,-4.463,4.243
0.00,2006,5.245,2.288,-4.736
0.00,2007,0.639,-0.628,8.881
0.00,2008,6.605,-7.398,9.876
0.00,2009,1.583,-7.882,3.361
0.00,2010,3.073,0.433,0.143
0.00,2011,-5.992,7.517,2.449
0.00,2012,6.789,5.711,-7.453
0.00,2013,2.092,-5.281,5.781
0.00,2014,-0.223,-9.763,2.113
0.00,2015,-9.237,-4.170,1.373
0.00,2016,7.932,2.497,-5.682
0.00,2017,5.929,-9.062,-9.492
0.00,2018,0.034,6.441,4.811
0.00,2019,-5.199,5.082,-5.500
0.00,2020,-4.987,-6.342,-6.487
0.00,2021,9.672,4.058,8.153
0.00,2022,-2.092,3.019,-0.519
0.00,2023,5.160,-9.238,-7.689
0.00,2024,-6.977,3.042,2.441
0.00,2025,-9.012,1.328,-7.658
0.00,2026,0.935,-8.698,3.952
0.00,2027,7.108,-8.849,-1.248
0.00,2028,5.672,-1.069,-2.527
0.00,2029,3.558,0.219,1.881
0.00,2030,6.939,6.611,-4.916
0.00,2031,-1.745,0.291,-0.320
0.00,2032,-6.519,0.716,4.095
0.00,2033,-7.781,-7.311,-1.810
0.00,2034,1.243,3.670,-7.696
0.00,2035,-6.745,3.611,0.161
0.00,2036,5.210,-0.119,8.197
0.00,2037,-4.191,-3.821,-0.491
0.00,2038,-3.107,-0.196,9.419
0.00,2039,4.545,6.046,-8.502
0.00,2040,-3.815,-6.975,-8.164
0.00,2041,8.319,-9.090,-1.321
0.00,2042,5.121,8.211,4.307
0.00,2043,-3.455,-5.057,8.641
0.00,2044,3.962,-7.954,6.442
0.00,2045,3.435,-2.312,5.096
0.00,2046,3.336,2.437,6.834
0.00,2047,-4.260,-5.758,3.037
0.00,2048,-2.852,6.459,8.846
0.00,2049,4.094,-6.199,4.499
0.00,2050,-0.562,-1.671,-5.017
0.00,2051,-4.792,9.846,-9.400
0.00,2052,7.986,9.419,9.495
0.00,2053,4.027,5.760,-4.520
0.00,2054,7.603,7.477,-2.820
0.00,2055,9.156,6.163,4.913
0.00,2056,4.859,9.355,-3.865
0.00,2057,5.567,9.411,-4.755
0.00,2058,5.355,-3.226,-7.592
0.00,2059,9.029,-0.878,9.975
0.00,2060,7.820,0.521,1.512
0.00,2061,-6.509,1.256,2.862
0.00,2062,-3.948,2.827,5.800
0.00,2063,-3.209,0.267,4.333
0.00,2064,6.900,-9.128,9.806
0.00,2065,1.215,2.663,6.257
0.00,2066,-6.630,2.801,-3.623
0.00,2067,-1.466,-4.253,4.155
0.00,2068,6.049,-6.973,-7.645
0.00,2069,7.415,4.243,-3.456
0.00,2070,-5.563,3.118,-6.747
0.00,2071,3.358,-1.376,1.599
0.00,2072,7.107,-5.172,-5.628
0.00,2073,-7.595,-8.400,-0.453
0.00,2074,-3.093,4.176,-5.514
0.00,2075,-9.854,-5.266,9.165
0.00,2076,8.511,2.583,-3.644
0.00,2077,-1.108,-2.869,3.678
0.00,2078,-0.112,3.663,7.923
0.00,2079,9.539,7.617,-1.977
0.00,2080,-10.021,3.558,9.956
0.00,2081,-1.871,8.088,3.962
0.00,2082,-7.555,-7.279,5.040
0.00,2083,-2.439,7.851,8.851
0.00,2084,-9.490,-1.628,-6.415
0.00,2085,5.116,-2.957,5.151
0.00,2086,-3.250,-3.734,-1.995
0.00,2087,1.526,5.462,9.781
0.00,2088,3.712,1.057,-4.278
0.00,2089,9.324,1.526,7.028
0.00,2090,-7.262,-4.021,5.764
0.00,2091,-7.544,4.415,1.505
0.00,2092,0.551,-1.220,-2.431
0.00,2093,-3.474,-9.761,0.032
0.00,2094,2.438,9.135,3.606
0.00,2095,7.037,3.967,-6.424
0.00,2096,-7.188,5.599,5.698
0.00,2097,3.881,-1.269,9.498
0.00,2098,-0.473,-2.576,0.529
0.00,2099,-2.556,-5.264,7.532
0.00,2100,7.895,-4.899,-6.012
0.00,2101,-7.233,-3.695,-8.784
0.00,2102,-8.381,-3.488,-0.233
0.00,2103,-9.504,-1.249,0.743
0.00,2104,-3.612,-8.285,-3.673
0.00,2105,-3.215,0.308,-4.279
0.00,2106,-3.563,4.958,-6.405
0.00,2107,2.401,2.023,-4.146
0.00,2108,5.521,-0.271,1.824
0.00,2109,-5.799,2.084,-6.061
0.00,2110,4.627,-9.814,9.380
0.00,2111,3.577,0.847,-4.002
0.00,2112,1.877,5.499,8.839
0.00,2113,-6.398,7.085,1.661
0.00,2114,-9.536,7.605,2.381
0.00,2115,-3.851,-7.584,-3.938
0.00,2116,-8.701,-2.103,-1.045
0.00,2117,-0.483,-3.057,5.841
0.00,2118,-2.696,-5.942,-9.353
0.00,2119,-3.265,-4.032,7.440
0.00,2120,7.864,-0.116,8.650
0.00,2121,-7.886,-8.636,9.764
0.00,2122,-2.427,-4.614,0.866
0.00,2123,9.639,0.841,9.433
0.00,2124,-7.375,-1.280,9.420
0.00,2125,-3.326,-6.015,-7.692
0.00,2126,7.169,-7.274,1.814
0.00,2127,-2.796,6.527,3.281
0.00,2128,-0.683,1.602,8.953
0.00,2129,-2.858,-1.405,-6.137
0.00,2130,-8.888,7.531,-2.684
0.00,2131,6.518,-7.878,-3.452
0.00,2132,7.741,8.182,-7.596
0.00,2133,5.035,-7.597,8.417
0.00,2134,8.774,2.054,4.526
0.00,2135,0.926,1.597,1.581
0.00,2136,-1.631,-2.404,-9.233
0.00,2137,9.032,-3.758,0.273
0.00,2138,-9.392,-1.566,-5.657
0.00,2139,-2.113,6.541,4.148
0.00,2140,1.017,-8.102,8.952
0.00,2141,-0.080,0.294,-4.470
0.00,2142,-2.860,9.510,-4.322
0.00,2143,-8.992,-4.250,2.676
0.00,2144,7.899,-4.527,1.322
0.00,2145,2.427,-1.191,-8.827
0.00,2146,2.890,-1.559,-4.817
0.00,2147,9.172,-5.997,3.156
0.00,2148,2.336,4.428,0.841
0.00,2149,1.136,5.497,-6.632
0.00,2150,-2.507,-6.187,4.060
0.00,2151,-1.548,9.002,-3.462
0.00,2152,9.218,2.464,2.542
0.00,2153,-8.470,0.499,6.965
0.00,2154,-1.869,-6.725,4.391
0.00,2155,8.173,-7.957,9.487
0.00,2156,3.914,4.599,9.004
0.00,2157,-1.888,7.820,7.721
0.00,2158,-2.982,4.641,1.917
0.00,2159,2.134,4.246,7.032
0.00,2160,-3.828,6.972,3.025
0.00,2161,-5.652,7.751,7.049
0.00,2162,4.910,-7.864,-4.400
0.00,2163,-1.659,-6.876,5.124
0.00,2164,-1.422,-1.945,7.786
0.00,2165,6.542,8.348,-8.356
0.00,2166,8.840,-7.411,-9.589
0.00,2167,1.557,0.991,-5.388
0.00,2168,-6.038,2.423,0.999
0.00,2169,-9.720,1.214,8.748
0.00,2170,-0.840,8.445,8.049
0.00,2171,-8.844,-2.516,-6.900
0.00,2172,-6.236,9.043,5.776
0.00,2173,1.873,-3.212,6.506
0.00,2174,0.832,-4.519,5.970
0.00,2175,-5.308,-8.195,-6.509
0.00,2176,2.026,-3.967,3.858
0.00,2177,-6.752,3.206,7.449
0.00,2178,7.086,-3.318,9.254
0.00,2179,1.304,2.089,-2.650
0.00,2180,5.580,2.352,-7.555
0.00,2181,-4.493,-0.898,-6.850
0.00,2182,-4.513,-7.253,2.585
0.00,2183,9.030,1.773,-1.505
0.00,2184,6.384,9.248,-5.758
0.00,2185,9.541,4.480,-5.605
0.00,2186,0.283,9.702,-4.041
0.00,2187,-5.317,-2.892,5.062
0.00,2188,8.548,8.182,5.910
0.00,2189,-8.843,9.972,-8.701
0.00,2190,8.283,-3.401,1.220
0.00,2191,-9.144,-4.729,-0.481
0.00,2192,9.293,-8.528,-6.033
0.00,2193,3.163,-4.147,-5.740
0.00,2194,-0.622,-2.306,10.049
0.00,2195,1.848,-1.881,-2.572
0.00,2196,1.307,-1.524,-4.368
0.00,2197,9.004,5.225,-4.669
0.00,2198,-1.976,-4.150,0.648
0.00,2199,8.165,-8.808,-3.827
0.00,2200,-4.036,6.546,0.515
0.00,2201,-2.119,7.874,1.822
0.00,2202,1.596,9.541,-8.193
0.00,2203,-1.618,-0.654,1.588
0.00,2204,3.731,0.853,-5.054
0.00,2205,3.184,4.091,9.220
0.00,2206,-1.831,-2.527,3.595
0.00,2207,3.086,-5.368,-5.407
0.00,2208,3.663,2.444,-2.860
0.00,2209,8.432,1.218,-3.392
0.00,2210,1.462,-7.180,7.559
0.00,2211,-5.479,-2.300,1.436
0.00,2212,-9.635,6.805,0.185
0.00,2213,-5.674,6.035,-3.577
0.00,2214,1.502,-7.614,-7.280
0.00,2215,-9.041,-1.909,4.366
0.00,2216,-1.228,-8.811,2.726
0.00,2217,-8.676,1.340,-7.238
0.00,2218,9.625,5.917,3.270
0.00,2219,0.237,-4.221,1.155
0.00,2220,6.820,6.324,-6.401
0.00,2221,-2.609,1.546,3.342
0.00,2222,-8.634,3.995,-5.073
0.00,2223,6.533,-1.236,4.251
0.00,2224,-0.532,2.525,0.646
0.00,2225,4.309,1.904,-9.271
0.00,2226,3.661,-6.052,-7.747
0.00,2227,-1.593,-8.437,9.861
0.00,2228,-6.234,-2.591,0.801
0.00,2229,-7.753,-0.570,-0.010
0.00,2230,-1.768,0.408,-6.542
0.00,2231,-2.959,0.314,-8.763
0.00,2232,-7.093,-9.490,-6.319
0.00,2233,-8.565,-2.540,-5.353
0.00,2234,-7.566,7.445,5.612
0.00,2235,1.062,-5.952,0.806
0.00,2236,0.935,-3.304,-0.891
0.00,2237,-3.447,-8.131,0.993
0.00,2238,7.620,3.064,-0.273
0.00,2239,6.667,6.761,-9.680
0.00,2240,2.868,-5.237,-6.786
0.00,2241,-1.742,8.063,4.385
0.00,2242,-8.724,2.759,3.149
0.00,2243,-9.826,1.619,6.172
0.00,2244,9.778,-0.677,3.029
0.00,2245,5.867,0.534,6.750
0.00,2246,4.509,3.442,-2.867
0.00,2247,8.196,-5.023,5.473
0.00,2248,-5.654,0.638,8.142
0.00,2249,8.091,2.123,-0.042
0.00,2250,0.163,-8.078,-1.716
0.00,2251,-0.102,-9.715,4.477
0.00,2252,-5.598,7.895,-4.817
0.00,2253,-0.385,-2.155,-3.265
0.00,2254,-7.019,0.931,1.559
0.00,2255,3.803,-5.276,0.855
0.00,2256,-4.239,-2.290,-3.212
0.00,2257,2.990,-9.708,0.465
0.00,2258,-3.381,-6.761,-2.621
0.00,2259,-4.506,-9.417,5.270
0.00,2260,0.158,-7.437,-2.548
0.00,2261,-0.369,1.908,5.251
0.00,2262,7.229,6.168,-0.909
0.00,2263,-3.269,8.891,-7.080
0.00,2264,7.436,4.272,3.117
0.00,2265,-1.419,-3.201,7.784
0.00,2266,0.175,9.084,9.821
0.00,2267,5.909,-0.335,-9.479
0.00,2268,1.497,4.680,7.258
0.00,2269,6.324,9.631,6.571
0.00,2270,5.443,1.071,6.174
0.00,2271,9.871,-9.155,-9.632
0.00,2272,4.088,8.701,4.316
0.00,2273,6.776,-5.451,0.360
0.00,2274,5.943,6.209,-2.898
0.00,2275,3.382,-1.855,-4.926
0.00,2276,-4.738,-5.339,-7.212
0.00,2277,9.408,5.411,-2.488
0.00,2278,-5.183,-1.958,6.467
0.00,2279,7.535,-2.603,-4.735
0.00,2280,9.615,-3.068,6.352
0.00,2281,9.379,5.986,-7.808
0.00,2282,0.644,4.310,8.903
0.00,2283,3.831,3.700,2.071
0.00,2284,4.461,-4.685,-0.100
0.00,2285,3.588,-6.544,-4.221
0.00,2286,-1.135,-3.876,2.258
0.00,2287,9.291,-2.977,0.804
0.00,2288,-6.723,3.965,4.033
0.00,2289,9.909,6.244,-0.532
0.00,2290,0.548,5.648,-4.301
0.00,2291,-1.274,-1.460,-6.379
0.00,2292,5.093,-4.155,-5.337
0.00,2293,9.432,8.695,-0.438
0.00,2294,1.778,-5.696,-7.010
0.00,2295,0.599,-8.179,-6.712
0.00,2296,-2.045,-3.625,6.622
0.00,2297,-0.211,-7.713,-9.549
0.00,2298,-3.610,0.517,-5.232
0.00,2299,-9.488,2.693,-3.837
0.00,2300,3.905,-0.314,5.845
0.00,2301,0.041,-6.094,-5.144
0.00,2302,-0.974,3.793,-6.503
0.00,2303,9.179,2.523,-8.600
0.00,2304,5.370,4.101,5.554
0.00,2305,3.170,-6.642,-6.005
0.00,2306,1.268,0.227,-2.342
0.00,2307,5.763,-6.817,-9.080
0.00,2308,-7.755,-9.599,-9.652
0.00,2309,-6.358,3.445,5.901
0.00,2310,-9.473,-4.765,5.234
0.00,2311,-1.884,-3.298,9.596
0.00,2312,-3.482,-8.943,-7.222
0.00,2313,-0.076,-2.484,3.712
0.00,2314,2.413,2.127,5.241
0.00,2315,9.200,-0.862,-0.640
0.00,2316,-6.658,5.261,-4.531
0.00,2317,-8.690,9.492,-2.787
0.00,2318,7.620,-3.404,-5.900
0.00,2319,3.058,-2.200,-9.176
0.00,2320,-7.207,-7.726,-5.148
0.00,2321,6.750,-6.666,4.706
0.00,2322,1.095,0.705,-8.687
0.00,2323,-7.875,-7.936,5.495
0.00,2324,7.992,-5.092,-8.438
0.00,2325,1.411,5.974,-4.962
0.00,2326,2.871,8.408,5.476
0.00,2327,-2.966,-2.600,3.946
0.00,2328,0.917,4.450,-1.439
0.00,2329,-6.222,5.234,7.056
0.00,2330,-9.790,-6.900,-6.497
0.00,2331,-4.777,-2.129,5.629
0.00,2332,-3.585,-6.881,9.740
0.00,2333,-3.646,2.652,-6.054
0.00,2334,-9.708,10.015,8.558
0.00,2335,-5.818,-2.755,-0.474
0.00,2336,8.674,5.724,0.997
0.00,2337,-5.754,-7.668,-7.253
0.00,2338,5.530,7.594,-8.198
0.00,2339,0.348,-9.354,-7.127
0.00,2340,4.931,5.358,-4.816
0.00,2341,-1.418,-5.074,6.516
0.00,2342,1.879,-8.497,-5.939
0.00,2343,-4.549,-7.898,-1.670
0.00,2344,-8.774,6.361,5.015
0.00,2345,-1.157,2.939,-4.133
0.00,2346,-0.969,2.031,-1.912
0.00,2347,-9.863,2.184,1.059
0.00,2348,-6.842,-6.900,-0.431
0.00,2349,-1.597,0.757,-0.485
0.00,2350,4.480,1.463,9.667
0.00,2351,-2.776,-0.703,9.232
0.00,2352,1.173,9.655,-2.536
0.00,2353,-7.587,-7.868,-6.600
0.00,2354,-8.351,-0.450,-8.401
0.00,2355,-8.986,-7.831,0.914
0.00,2356,0.398,1.377,-3.107
0.00,2357,3.077,9.916,4.176
0.00,2358,-1.273,1.864,5.108
0.00,2359,3.621,-4.085,-0.273
0.00,2360,-0.989,-1.216,-4.500
0.00,2361,-3.182,-6.110,6.432
0.00,2362,-9.525,-3.837,-0.788
0.00,2363,0.335,3.217,6.357
0.00,2364,-1.324,7.064,-3.123
0.00,2365,6.191,5.692,0.027
0.00,2366,6.979,-3.171,-0.870
0.00,2367,0.069,1.846,5.180
0.00,2368,8.262,-6.583,8.981
0.00,2369,4.452,-2.172,4.268
0.00,2370,3.672,5.700,-8.718
0.00,2371,-1.178,-6.914,5.515
0.00,2372,-3.654,-2.544,1.187
0.00,2373,-8.425,3.294,-8.767
0.00,2374,7.853,-4.133,6.821
0.00,2375,-6.009,-2.937,8.993
0.00,2376,10.009,-1.376,3.680
0.00,2377,-0.223,-4.182,-6.026
0.00,2378,-9.926,1.477,8.254
0.00,2379,3.282,1.658,-1.155
0.00,2380,-8.143,-4.901,-0.369
0.00,2381,-4.516,-3.222,9.128
0.00,2382,1.591,3.746,0.632
0.00,2383,-9.396,2.893,8.786
0.00,2384,9.549,4.537,-1.989
0.00,2385,-8.645,-4.332,6.392
0.00,2386,-2.156,-8.790,7.589
0.00,2387,5.098,8.596,5.633
0.00,2388,-8.976,-7.901,-3.958
0.00,2389,-1.873,5.525,3.066
0.00,2390,-4.976,9.646,9.464
0.00,2391,-7.641,5.355,1.817
0.00,2392,-2.811,5.823,7.401
0.00,2393,7.592,4.483,-0.598
0.00,2394,0.584,2.841,7.809
0.00,2395,9.654,-8.952,-0.566
0.00,2396,5.737,-8.263,2.508
0.00,2397,0.641,-1.000,-1.403
0.00,2398,5.951,8.801,0.821
0.00,2399,-0.881,-1.566,-2.799
0.00,2400,-8.171,8.599,-4.718
0.00,2401,9.862,-4.093,-7.060
0.00,2402,0.111,-5.654,-5.538
0.00,2403,-6.056,6.681,-1.038
0.00,2404,-4.888,-8.306,-5.625
0.00,2405,3.807,8.899,0.051
0.00,2406,8.668,9.945,7.491
0.00,2407,3.109,7.852,-9.416
0.00,2408,2.115,-2.810,2.886
0.00,2409,-1.291,-0.912,-3.497
0.00,2410,5.894,7.129,0.946
0.00,2411,5.039,5.867,1.174
0.00,2412,-6.219,4.938,9.066
0.00,2413,7.099,-0.907,-10.018
0.00,2414,-8.332,-7.098,3.469
0.00,2415,-7.147,-0.825,8.600
0.00,2416,-7.963,-6.962,-4.258
0.00,2417,3.804,-9.166,-3.028
0.00,2418,-1.633,-4.750,0.593
0.00,2419,-1.937,2.161,1.023
0.00,2420,-5.194,5.221,9.684
0.00,2421,6.700,5.361,-8.482
0.00,2422,2.371,-6.179,2.725
0.00,2423,-1.315,5.050,9.802
0.00,2424,-5.395,0.383,-9.174
0.00,2425,7.621,7.387,-4.740
0.00,2426,-6.825,-6.233,-4.211
0.00,2427,5.672,9.430,-1.982
0.00,2428,-0.096,-9.828,-1.178
0.00,2429,7.983,2.142,0.429
0.00,2430,-4.799,-8.866,6.964
0.00,2431,5.233,-3.237,-3.326
0.00,2432,-5.276,5.535,-0.526
0.00,2433,9.118,2.783,3.117
0.00,2434,6.768,5.406,1.538
0.00,2435,-0.209,0.049,4.415
0.00,2436,2.184,-3.433,-5.283
0.00,2437,8.777,-2.736,2.344
0.00,2438,-5.348,-1.804,6.249
0.00,2439,7.772,6.554,7.140
0.00,2440,6.002,6.949,7.773
0.00,2441,8.445,-8.064,9.410
0.00,2442,-3.753,9.040,-3.923
0.00,2443,-3.328,0.902,-6.872
0.00,2444,-8.928,-4.258,-8.158
0.00,2445,3.125,1.005,-9.791
0.00,2446,-0.368,4.079,-5.969
0.00,2447,3.386,6.142,-3.802
0.00,2448,-6.920,4.389,-9.729
0.00,2449,-4.009,3.813,-7.049
0.00,2450,6.437,9.489,3.768
0.00,2451,-9.424,1.556,0.640
0.00,2452,-0.910,-5.358,-3.212
0.00,2453,5.950,6.649,2.852
0.00,2454,1.793,1.039,-7.171
0.00,2455,3.223,-8.631,3.083
0.00,2456,-0.787,7.554,9.729
0.00,2457,-3.184,0.704,-9.882
0.00,2458,-7.646,7.587,-6.625
0.00,2459,-8.620,0.455,-1.704
0.00,2460,6.774,7.468,-6.861
0.00,2461,7.629,-3.469,-8.024
0.00,2462,4.727,-2.157,3.368
0.00,2463,0.727,-7.916,1.865
0.00,2464,1.951,8.349,4.409
0.00,2465,-9.557,1.101,6.890
0.00,2466,-2.136,-1.900,-5.923
0.00,2467,7.866,5.178,-5.551
0.00,2468,5.225,-8.922,-5.830
0.00,2469,0.404,0.932,6.321
0.00,2470,9.005,4.727,-1.445
0.00,2471,-8.998,-4.227,6.896
0.00,2472,-6.823,-4.403,5.182
0.00,2473,5.147,4.076,-8.067
0.00,2474,-1.775,4.034,1.639
0.00,2475,9.620,-5.673,-2.031
0.00,2476,6.274,-0.752,5.592
0.00,2477,5.720,-8.977,0.441
0.00,2478,-3.804,-9.949,-8.327
0.00,2479,8.467,-2.200,0.075
0.00,2480,-5.020,-2.963,2.640
0.00,2481,-0.014,9.153,9.493
0.00,2482,0.069,7.220,-9.798
0.00,2483,3.743,7.869,3.872
0.00,2484,-9.648,0.638,8.914
0.00,2485,4.679,-9.597,8.052
0.00,2486,1.781,2.308,-2.485
0.00,2487,-4.646,7.980,-5.267
0.00,2488,1.800,-4.512,5.873
0.00,2489,-6.586,1.666,1.480
0.00,2490,6.661,-5.944,7.916
0.00,2491,0.474,-6.764,5.140
0.00,2492,-3.883,5.139,-7.913
0.00,2493,-4.513,5.250,-3.565
0.00,2494,-5.466,-7.374,9.268
0.00,2495,-4.044,5.168,-0.292
0.00,2496,3.685,-7.642,-2.426
0.00,2497,-4.168,4.946,7.132
0.00,2498,-8.805,-6.778,5.582
0.00,2499,-8.380,-3.824,1.710
0.00,2500,-9.059,6.452,4.412
0.00,2501,-1.001,-1.464,-6.230
0.00,2502,5.878,6.708,-0.926
0.00,2503,2.544,-1.097,6.271
0.00,2504,-9.531,3.837,7.620
0.00,2505,3.814,1.355,-4.974
0.00,2506,2.175,-6.654,9.891
0.00,2507,-7.277,-0.976,9.112
0.00,2508,-4.729,4.774,4.364
0.00,2509,8.105,-2.422,2.707
0.00,2510,4.018,8.363,7.412
0.00,2511,0.679,-8.488,-6.325
0.00,2512,4.459,-3.638,6.266
0.00,2513,-2.689,0.707,-2.863
0.00,2514,-9.537,7.956,-1.711
0.00,2515,8.853,-0.108,0.452
0.00,2516,2.261,5.215,9.574
0.00,2517,9.590,9.431,6.422
0.00,2518,-7.832,3.354,-2.513
0.00,2519,-1.050,8.996,0.513
0.00,2520,-4.832,3.093,9.590
0.00,2521,0.215,-4.467,5.667
0.00,2522,1.641,1.622,-1.108
0.00,2523,-4.628,3.534,2.486
0.00,2524,-9.038,8.637,-1.206
0.00,2525,1.912,-5.929,5.779
0.00,2526,-3.127,-8.903,-5.590
0.00,2527,2.632,9.052,-8.201
0.00,2528,3.683,6.929,-6.279
0.00,2529,-8.752,-4.117,-4.803
0.00,2530,-5.228,6.121,0.832
0.00,2531,-9.059,9.439,3.388
0.00,2532,1.695,-9.359,7.803
0.00,2533,9.616,5.545,-1.254
0.00,2534,-3.215,2.936,-7.621
0.00,2535,2.615,-4.536,-2.782
0.00,2536,4.407,6.523,0.770
0.00,2537,-6.186,10.045,-6.283
0.00,2538,-3.064,4.503,7.521
0.00,2539,8.825,-2.008,9.259
0.00,2540,2.893,9.003,-7.016
0.00,2541,-9.644,-0.298,9.863
0.00,2542,0.627,3.739,-1.295
0.00,2543,9.645,4.446,-1.868
0.00,2544,-6.239,7.388,-5.068
0.00,2545,-6.305,3.928,4.488
0.00,2546,1.693,-1.152,-3.651
0.00,2547,-6.261,9.964,-6.888
0.00,2548,-2.116,-1.166,9.700
0.00,2549,-7.866,4.300,1.037
0.00,2550,-6.203,3.940,5.990
0.00,2551,-6.845,-0.887,0.038
0.00,2552,5.531,1.563,-3.540
0.00,2553,1.304,3.578,-0.597
0.00,2554,8.181,2.710,-0.749
0.00,2555,-5.869,-5.816,-0.801
0.00,2556,-9.919,-7.760,-8.937
0.00,2557,-3.281,7.324,3.402
0.00,2558,8.178,-0.668,8.369
0.00,2559,0.496,-5.150,5.991
0.00,2560,3.703,3.926,4.106
0.00,2561,-1.533,-8.516,-3.366
0.00,2562,-6.400,8.742,8.400
0.00,2563,3.704,-2.942,8.246
0.00,2564,-2.171,-9.781,8.528
0.00,2565,4.651,-6.893,1.483
0.00,2566,-3.901,-2.409,1.306
0.00,2567,-0.290,6.237,5.245
0.00,2568,6.301,-7.955,6.292
0.00,2569,6.921,-0.112,3.728
0.00,2570,-8.539,2.431,-8.528
0.00,2571,-1.670,4.352,-9.975
0.00,2572,2.274,5.968,5.626
0.00,2573,0.930,9.518,-4.805
0.00,2574,-4.392,8.215,9.292
0.00,2575,5.730,3.965,1.127
0.00,2576,1.681,2.890,-0.535
0.00,2577,-5.150,1.339,3.129
0.00,2578,4.187,8.606,-9.340
0.00,2579,-7.644,0.999,-9.026
0.00,2580,-6.492,4.692,8.217
0.00,2581,-8.733,-5.498,-9.228
0.00,2582,-7.044,3.154,-4.116
0.00,2583,-4.161,-8.109,-5.007
0.00,2584,-1.150,-9.274,-6.001
0.00,2585,-5.603,-7.037,-8.981
0.00,2586,4.059,-8.667,8.557
0.00,2587,-5.440,10.000,-3.761
0.00,2588,-4.167,2.296,0.736
0.00,2589,3.459,-1.495,5.439
0.00,2590,-3.429,-3.917,-5.221
0.00,2591,2.846,-7.965,4.594
0.00,2592,1.420,-7.474,-0.376
0.00,2593,7.230,-4.031,3.236
0.00,2594,-6.827,0.713,0.056
0.00,2595,-8.067,-3.886,-9.836
0.00,2596,7.375,0.270,1.099
0.00,2597,-3.277,2.589,-0.245
0.00,2598,-6.369,-2.032,-3.045
0.00,2599,3.630,8.050,0.186
0.00,2600,1.941,-3.020,-0.571
0.00,2601,0.167,-1.827,3.162
0.00,2602,0.078,-1.609,-1.507
0.00,2603,8.576,-3.644,-7.976
0.00,2604,-10.020,7.364,-0.644
0.00,2605,5.714,-8.873,5.706
0.00,2606,-2.229,-8.076,-7.029
0.00,2607,10.028,-6.713,2.902
0.00,2608,0.083,-3.780,7.663
0.00,2609,0.381,-8.485,2.402
0.00,2610,-8.377,-7.422,5.512
0.00,2611,-8.987,-1.280,-4.958
0.00,2612,1.435,-3.351,-2.732
0.00,2613,-4.089,-2.970,0.612
0.00,2614,0.996,9.107,-9.372
0.00,2615,-6.188,-4.831,-2.829
0.00,2616,4.816,-7.202,-1.676
0.00,2617,4.242,6.750,-1.373
0.00,2618,-5.559,-4.837,7.073
0.00,2619,-2.931,-8.888,7.615
0.00,2620,-5.097,1.944,1.222
0.00,2621,-9.203,-1.533,0.936
0.00,2622,1.492,-3.601,9.878
0.00,2623,-7.535,0.204,1.963
0.00,2624,9.371,8.719,1.527
0.00,2625,2.739,-5.467,9.527
0.00,2626,-5.821,-2.946,4.433
0.00,2627,9.899,0.304,9.470
0.00,2628,7.678,-1.484,-5.768
0.00,2629,-3.109,-8.248,-0.661
0.00,2630,5.734,-2.725,9.381
0.00,2631,6.786,2.641,8.214
0.00,2632,2.677,0.551,-0.138
0.00,2633,9.083,0.451,-9.998
0.00,2634,6.860,-3.083,9.359
0.00,2635,4.699,-8.421,-8.775
0.00,2636,-3.326,-9.385,-4.667
0.00,2637,-8.683,-8.810,-7.520
0.00,2638,6.566,-7.958,-4.964
0.00,2639,2.807,1.402,8.422
0.00,2640,-3.842,-0.859,-2.163
0.00,2641,3.422,1.464,-5.312
0.00,2642,5.777,8.883,-7.356
0.00,2643,-4.509,5.844,-9.878
0.00,2644,0.186,1.413,-4.664
0.00,2645,5.745,0.642,3.942
0.00,2646,2.115,-2.055,5.917
0.00,2647,0.553,3.644,5.506
0.00,2648,-6.186,-0.199,-5.148
0.00,2649,-8.039,-3.127,1.532
0.00,2650,-4.187,6.442,-7.374
0.00,2651,3.651,3.868,4.944
0.00,2652,1.555,6.830,-4.764
0.00,2653,2.184,4.145,-5.633
0.00,2654,-9.541,2.906,1.866
0.00,2655,-3.969,-3.881,4.612
0.00,2656,9.957,5.932,7.024
0.00,2657,1.153,0.925,0.818
0.00,2658,-9.076,-8.953,-3.593
0.00,2659,-2.729,7.683,5.545
0.00,2660,2.727,2.164,8.722
0.00,2661,-6.648,-1.823,-1.460
0.00,2662,1.359,-6.741,-7.177
0.00,2663,6.008,6.462,-7.886
0.00,2664,0.462,-5.554,-8.134
0.00,2665,-0.741,9.884,1.906
0.00,2666,-5.363,4.046,-5.758
0.00,2667,0.060,5.889,-8.705
0.00,2668,7.175,-0.305,2.320
0.00,2669,-3.485,-3.399,7.633
0.00,2670,-2.675,-7.738,-0.285
0.00,2671,6.361,-8.752,-2.519
0.00,2672,-7.263,6.264,1.575
0.00,2673,-7.680,8.190,4.618
0.00,2674,-6.977,-9.841,6.647
0.00,2675,-4.787,1.304,-4.302
0.00,2676,9.572,-0.376,-5.673
0.00,2677,-1.863,5.195,-4.935
0.00,2678,-9.958,-5.390,-4.718
0.00,2679,-1.644,-5.704,-3.006
0.00,2680,1.885,-9.777,-5.651
0.00,2681,8.676,9.949,-6.158
0.00,2682,1.077,-3.289,4.302
0.00,2683,-6.958,-0.970,-2.257
0.00,2684,-0.225,2.252,-3.718
0.00,2685,0.639,7.280,5.064
0.00,2686,9.985,1.158,-0.961
0.00,2687,-3.311,-6.717,4.149
0.00,2688,-6.159,4.177,6.573
0.00,2689,-8.234,2.252,-8.439
0.00,2690,-7.966,0.954,-2.914
0.00,2691,-0.668,-1.265,-9.838
0.00,2692,-1.466,-2.027,-2.105
0.00,2693,-5.386,4.272,-6.513
0.00,2694,9.967,4.908,-6.149
0.00,2695,-5.265,-1.826,-1.787
0.00,2696,-7.573,8.913,-4.681
0.00,2697,2.693,-2.688,-4.229
0.00,2698,-1.366,-4.744,-9.239
0.00,2699,-1.681,3.079,-4.485
0.00,2700,-2.225,-9.744,-0.607
0.00,2701,8.719,-8.851,-2.887
0.00,2702,3.018,1.929,1.006
0.00,2703,-1.136,5.316,-1.455
0.00,2704,0.925,5.081,8.890
0.00,2705,0.713,9.418,4.908
0.00,2706,2.030,-0.769,0.660
0.00,2707,-9.447,-8.282,-6.112
0.00,2708,-2.686,-0.372,8.405
0.00,2709,-7.804,8.776,9.376
0.00,2710,-0.295,-6.861,4.166
0.00,2711,2.441,-6.899,-0.669
0.00,2712,-8.622,8.559,-1.488
0.00,2713,8.184,-5.829,9.446
0.00,2714,-4.092,9.462,-2.216
0.00,2715,4.124,2.371,7.866
0.00,2716,-0.603,7.535,-7.176
0.00,2717,-2.084,-9.068,5.570
0.00,2718,-4.424,-0.055,7.072
0.00,2719,-5.924,4.228,-3.639
0.00,2720,5.455,5.530,1.270
0.00,2721,8.986,8.106,9.120
0.00,2722,-9.001,2.293,-1.104
0.00,2723,-9.684,-8.208,7.763
0.00,2724,7.616,0.783,-3.572
0.00,2725,8.403,-5.950,-8.532
0.00,2726,-8.726,-9.108,9.075
0.00,2727,8.374,-0.317,-5.869
0.00,2728,2.489,1.342,-6.979
0.00,2729,5.987,6.181,-7.725
0.00,2730,5.811,-5.095,-0.548
0.00,2731,-0.616,8.602,3.538
0.00,2732,-4.957,7.841,-6.106
0.00,2733,-2.364,10.042,1.986
0.00,2734,-10.012,-5.489,7.524
0.00,2735,-0.547,8.387,1.146
0.00,2736,-10.000,7.458,6.081
0.00,2737,-2.825,1.841,-4.022
0.00,2738,5.693,9.466,0.084
0.00,2739,6.862,-5.843,-7.415
0.00,2740,-7.667,3.451,9.880
0.00,2741,-9.843,1.598,1.550
0.00,2742,0.165,-8.254,8.120
0.00,2743,-5.414,-10.018,-9.957
0.00,2744,5.582,-1.767,9.790
0.00,2745,-1.284,-8.482,-9.089
0.00,2746,-9.545,7.596,3.182
0.00,2747,3.542,4.467,7.058
0.00,2748,7.722,-8.776,7.060
0.00,2749,-7.130,-5.707,4.346
0.00,2750,0.837,-8.067,-2.640
0.00,2751,-0.593,4.036,6.518
0.00,2752,-2.172,4.068,1.455
0.00,2753,-2.326,-6.681,2.936
0.00,2754,9.861,-3.625,-9.591
0.00,2755,1.763,4.508,-2.124
0.00,2756,-8.889,5.278,10.002
0.00,2757,-7.636,-4.649,-1.217
0.00,2758,4.689,-8.471,-8.870
0.00,2759,-3.101,4.158,2.851
0.00,2760,-8.619,-5.910,-3.838
0.00,2761,-2.204,-1.774,-3.140
0.00,2762,7.839,4.268,-1.837
0.00,2763,-4.291,2.124,9.032
0.00,2764,5.310,9.235,6.850
0.00,2765,8.362,8.380,9.379
0.00,2766,-4.282,-8.431,7.734
0.00,2767,-1.863,-4.672,6.261
0.00,2768,8.767,-0.467,3.223
0.00,2769,-8.783,8.005,7.989
0.00,2770,-8.287,-5.129,1.270
0.00,2771,0.027,7.333,-2.773
0.00,2772,0.168,4.467,8.446
0.00,2773,-7.163,8.654,-4.138
0.00,2774,-5.154,-3.226,2.582
0.00,2775,-1.698,1.056,6.827
0.00,2776,-7.763,1.403,-3.658
0.00,2777,5.552,1.496,-8.557
0.00,2778,9.704,-0.542,-1.795
0.00,2779,6.552,8.575,6.555
0.00,2780,-4.040,6.997,-2.699
0.00,2781,0.366,6.652,5.078
0.00,2782,-8.095,-10.034,1.749
0.00,2783,-1.986,4.003,4.675
0.00,2784,3.501,-1.625,-8.372
0.00,2785,1.645,-1.779,-3.288
0.00,2786,3.644,-6.336,-2.598
0.00,2787,-6.538,9.621,-3.614
0.00,2788,-2.022,8.455,6.594
0.00,2789,3.708,-0.295,-7.867
0.00,2790,2.723,4.746,3.949
0.00,2791,5.894,3.082,2.888
0.00,2792,1.466,9.088,9.162
0.00,2793,4.299,-1.624,-4.927
0.00,2794,-0.533,-0.898,-4.944
0.00,2795,-9.699,8.230,-2.005
0.00,2796,-4.114,-0.931,8.957
0.00,2797,5.924,6.632,-0.945
0.00,2798,-3.080,-9.125,-6.214
0.00,2799,-9.571,8.954,-6.117
0.00,2800,3.591,1.203,5.612
0.00,2801,-7.441,-8.584,-2.317
0.00,2802,4.838,3.118,-3.347
0.00,2803,-5.328,-3.464,-1.279
0.00,2804,-8.202,1.591,-4.205
0.00,2805,9.300,-7.988,1.700
0.00,2806,-5.595,-8.376,9.865
0.00,2807,-2.621,-3.105,2.952
0.00,2808,7.679,-7.475,-8.379
0.00,2809,1.824,-9.153,-2.136
0.00,2810,-7.478,-2.829,8.760
0.00,2811,6.833,-8.400,-7.071
0.00,2812,-8.297,-5.790,4.349
0.00,2813,-1.342,9.784,0.369
0.00,2814,-3.614,8.202,-3.561
0.00,2815,-6.950,2.667,-8.786
0.00,2816,8.917,-0.203,6.480
0.00,2817,-7.365,2.528,-9.725
0.00,2818,-7.991,-4.317,2.043
0.00,2819,-7.862,1.768,-1.923
0.00,2820,-7.788,-2.375,3.746
0.00,2821,-2.341,7.134,-6.273
0.00,2822,4.270,-4.836,0.228
0.00,2823,2.855,5.973,-0.385
0.00,2824,-3.332,-2.381,-2.461
0.00,2825,6.289,8.518,8.475
0.00,2826,9.484,-8.183,-3.107
0.00,2827,1.197,-4.758,-0.268
0.00,2828,6.932,-6.397,3.933
0.00,2829,2.048,-0.368,6.373
0.00,2830,-6.603,-9.274,3.605
0.00,2831,2.300,-3.460,-0.092
0.00,2832,-7.043,-1.710,-7.355
0.00,2833,9.969,-7.745,8.513
0.00,2834,1.442,-4.177,-5.158
0.00,2835,-5.424,-6.462,2.689
0.00,2836,7.153,-6.496,-5.807
0.00,2837,4.558,7.427,-8.535
0.00,2838,-8.567,3.873,-1.592
0.00,2839,-8.708,-4.553,0.416
0.00,2840,0.658,9.601,-6.066
0.00,2841,-8.978,-6.705,-2.717
0.00,2842,-3.457,6.841,6.069
0.00,2843,2.151,4.533,2.750
0.00,2844,-1.736,2.247,1.213
0.00,2845,-5.823,9.116,-6.655
0.00,2846,-8.139,9.171,-3.216
0.00,2847,9.945,7.743,-0.279
0.00,2848,-5.688,-0.557,5.518
0.00,2849,2.322,3.068,-7.056
0.00,2850,-8.839,-6.197,-8.794
0.00,2851,-1.093,-8.194,7.173
0.00,2852,4.214,2.452,9.797
0.00,2853,-8.523,7.265,-2.330
0.00,2854,0.729,9.230,3.586
0.00,2855,-1.217,8.371,-3.411
0.00,2856,-5.266,-6.530,-2.268
0.00,2857,5.278,-4.392,0.404
0.00,2858,3.240,7.286,7.767
0.00,2859,-6.825,-7.620,0.768
0.00,2860,-7.381,9.327,-1.419
0.00,2861,0.064,-9.261,4.489
0.00,2862,-1.243,3.877,7.447
0.00,2863,8.176,7.861,8.104
0.00,2864,-4.173,5.364,8.556
0.00,2865,0.821,5.369,-5.367
0.00,2866,0.666,-4.643,-3.346
0.00,2867,1.250,6.601,-3.659
0.00,2868,9.702,3.873,6.787
0.00,2869,-2.790,-8.596,4.655
0.00,2870,1.998,-4.623,-3.633
0.00,2871,-9.193,-9.384,5.030
0.00,2872,6.111,-0.360,9.161
0.00,2873,3.363,-4.003,4.964
0.00,2874,-8.831,5.799,5.249
0.00,2875,7.127,-3.741,6.983
0.00,2876,4.804,-7.779,4.014
0.00,2877,-7.907,4.347,3.084
0.00,2878,0.747,-7.155,-9.320
0.00,2879,-8.669,-2.431,6.154
0.00,2880,-1.311,2.497,5.617
0.00,2881,6.143,-4.606,-3.249
0.00,2882,-3.597,-6.089,-2.473
0.00,2883,-0.729,8.844,9.599
0.00,2884,4.482,-8.426,-8.348
0.00,2885,3.679,-1.184,8.755
0.00,2886,-7.651,-8.015,-3.715
0.00,2887,7.769,5.088,-0.664
0.00,2888,0.701,6.694,7.988
0.00,2889,4.638,-7.226,6.468
0.00,2890,-3.395,-3.783,1.094
0.00,2891,2.825,3.494,4.547
0.00,2892,-8.263,4.731,9.710
0.00,2893,-0.530,6.772,2.297
0.00,2894,1.259,8.776,9.246
0.00,2895,-8.093,9.947,1.644
0.00,2896,8.943,4.357,7.809
0.00,2897,-9.514,4.728,-6.471
0.00,2898,8.644,1.239,8.486
0.00,2899,-9.694,-4.862,8.031
0.00,2900,2.375,1.013,-8.451
0.00,2901,-3.131,7.867,5.409
0.00,2902,7.076,5.226,-6.682
0.00,2903,5.905,-4.914,-0.940
0.00,2904,1.831,-0.892,9.331
0.00,2905,2.036,2.857,9.769
0.00,2906,2.775,-9.649,4.283
0.00,2907,-4.515,-8.614,-1.689
0.00,2908,-0.620,-6.926,-1.049
0.00,2909,-3.937,-6.628,1.803
0.00,2910,2.535,6.426,-7.192
0.00,2911,-2.215,-4.385,-5.796
0.00,2912,0.180,4.728,-9.633
0.00,2913,-1.429,4.237,3.111
0.00,2914,-9.986,-4.597,8.269
0.00,2915,-7.172,8.318,7.752
0.00,2916,6.102,-7.674,1.873
0.00,2917,9.478,0.546,-9.334
0.00,2918,-7.637,2.859,-1.186
0.00,2919,-9.614,3.049,-5.885
0.00,2920,6.805,-4.607,-7.152
0.00,2921,8.298,-9.951,4.246
0.00,2922,0.876,5.740,2.211
0.00,2923,1.316,2.614,5.162
0.00,2924,1.600,-7.745,-4.726
0.00,2925,-8.342,0.850,9.529
0.00,2926,3.701,-4.899,-5.302
0.00,2927,-6.557,3.384,9.039
0.00,2928,4.337,-5.341,-7.595
0.00,2929,5.728,7.750,-4.895
0.00,2930,2.485,3.541,-7.345
0.00,2931,-9.513,0.939,-2.989
0.00,2932,3.694,5.652,-7.076
0.00,2933,-4.073,-1.193,9.467
0.00,2934,-7.371,1.808,-1.439
0.00,2935,7.183,1.345,3.647
0.00,2936,-0.391,3.124,-3.556
0.00,2937,-7.135,-7.435,-6.495
0.00,2938,0.401,-3.067,3.692
0.00,2939,6.752,-8.712,8.944
0.00,2940,-5.685,8.608,0.890
0.00,2941,-5.434,3.041,-7.024
0.00,2942,8.379,-9.602,5.056
0.00,2943,-8.691,-9.059,-5.740
0.00,2944,-1.338,6.454,5.795
0.00,2945,-4.048,-5.996,5.991
0.00,2946,-7.712,8.713,1.827
0.00,2947,-5.800,-7.833,-7.866
0.00,2948,-4.848,-8.228,-0.931
0.00,2949,0.796,0.510,3.544
0.00,2950,-4.382,-0.020,-4.728
0.00,2951,-4.766,2.482,5.468
0.00,2952,-0.827,4.750,-3.520
0.00,2953,4.496,0.915,-1.036
0.00,2954,-1.000,8.933,-7.992
0.00,2955,-9.560,-7.144,-6.191
0.00,2956,-9.465,-9.064,0.128
0.00,2957,-8.410,-3.226,-2.070
0.00,2958,-6.483,5.491,8.011
0.00,2959,-9.240,-4.078,-5.391
0.00,2960,-2.045,0.847,-3.867
0.00,2961,-3.756,-5.534,7.766
0.00,2962,5.002,-5.529,8.848
0.00,2963,1.999,9.615,-7.018
0.00,2964,-3.150,-5.294,-6.397
0.00,2965,9.360,9.439,-4.483
0.00,2966,-6.291,-0.505,-0.325
0.00,2967,5.942,7.837,9.896
0.00,2968,9.054,9.249,5.788
0.00,2969,1.885,5.406,9.899
0.00,2970,2.026,4.649,-2.123
0.00,2971,-5.803,-7.698,0.547
0.00,2972,-6.527,-6.363,5.732
0.00,2973,6.610,-3.703,7.273
0.00,2974,-2.359,6.114,6.588
0.00,2975,2.286,-2.376,-1.545
0.00,2976,7.464,-1.440,-5.116
0.00,2977,-6.947,7.275,3.707
0.00,2978,-4.515,-0.773,6.952
0.00,2979,-0.305,-6.697,9.284
0.00,2980,-7.808,-8.920,3.102
0.00,2981,-8.539,2.944,1.322
0.00,2982,1.001,8.174,-2.633
0.00,2983,1.228,-1.710,-8.220
0.00,2984,0.868,9.721,1.185
0.00,2985,5.101,5.388,-7.646
0.00,2986,0.199,3.879,1.795
0.00,2987,2.087,-0.149,-8.304
0.00,2988,-2.514,0.188,7.290
0.00,2989,2.617,1.313,-8.593
0.00,2990,-1.892,-3.392,-7.723
0.00,2991,6.310,6.084,-1.989
0.00,2992,-7.255,-3.653,1.647
0.00,2993,4.062,8.098,-2.031
0.00,2994,-7.838,0.322,-6.543
0.00,2995,-6.301,-7.894,-8.475
0.00,2996,-0.299,-8.727,-1.252
0.00,2997,-9.426,1.733,-2.436
0.00,2998,7.314,-1.952,-0.330
0.00,2999,8.481,6.126,-1.594
0.05,0,-9.829,1.016,8.954
0.05,1,8.387,5.153,-2.324
0.05,2,7.582,-5.892,-2.186
0.05,3,-3.469,1.185,0.791
0.05,4,8.311,6.036,-4.207
0.05,5,8.987,0.781,-2.103
0.05,6,-8.127,-8.116,5.765
0.05,7,4.089,-9.135,-2.500
0.05,8,1.567,6.299,-10.416
0.05,9,-7.003,-5.709,4.739
0.05,10,0.471,1.686,-7.391
0.05,11,-8.514,-1.010,-8.451
0.05,12,-7.586,3.173,-9.547
0.05,13,1.462,-3.969,7.242
0.05,14,1.976,-3.337,4.747
0.05,15,-7.561,-4.953,-7.684
0.05,16,-5.572,-4.266,-9.766
0.05,17,7.178,-5.497,-6.762
0.05,18,5.235,3.489,1.975
0.05,19,-4.640,1.705,-2.496
0.05,20,-9.133,-0.746,1.117
0.05,21,-9.536,-7.057,1.629
0.05,22,4.558,0.331,9.964
0.05,23,7.782,-6.071,-8.075
0.05,24,1.793,0.763,-6.874
0.05,25,3.969,1.211,-2.468
0.05,26,-2.484,0.862,-6.111
0.05,27,-0.566,-3.435,6.068
0.05,28,-0.593,5.039,-6.393
0.05,29,-6.365,3.664,-7.582
0.05,30,5.092,-1.245,-6.319
0.05,31,-3.359,-0.736,5.456
0.05,32,6.706,4.647,1.056
0.05,33,-4.598,-7.957,4.619
0.05,34,-1.590,-4.758,2.919
0.05,35,6.156,-3.429,-2.432
0.05,36,-6.000,-5.100,2.121
0.05,37,2.959,-6.094,-1.699
0.05,38,-6.695,-7.249,5.544
0.05,39,0.795,-7.954,3.650
0.05,40,-6.991,3.469,4.292
0.05,41,-4.089,2.367,0.147
0.05,42,4.927,2.431,-7.377
0.05,43,9.932,8.143,0.278
0.05,44,-8.456,-8.819,0.036
0.05,45,-4.689,-9.309,-5.324
0.05,46,-5.233,4.883,-9.880
0.05,47,-3.382,-9.817,3.877
0.05,48,-9.889,5.856,-11.128
0.05,49,1.618,6.253,-11.276
0.05,50,1.535,-8.280,9.559
0.05,51,5.040,-6.134,-5.973
0.05,52,-6.705,4.599,9.487
0.05,53,-4.654,2.716,-6.696
0.05,54,3.532,9.709,-7.922
0.05,55,-8.751,2.169,2.537
0.05,56,2.877,4.045,7.065
0.05,57,9.788,-4.318,1.457
0.05,58,5.954,8.207,-7.246
0.05,59,5.872,-1.692,1.993
0.05,60,-1.842,1.476,6.454
0.05,61,-9.651,4.666,-11.302
0.05,62,-9.540,0.897,5.826
0.05,63,-4.176,3.499,-2.599
0.05,64,-4.641,4.684,2.521
0.05,65,-3.571,-6.431,-10.099
0.05,66,-0.381,9.000,-2.138
0.05,67,-1.336,-4.954,-9.795
0.05,68,1.685,8.249,-2.395
0.05,69,-2.499,-1.620,-1.997
0.05,70,9.413,4.308,-8.413
0.05,71,-2.382,5.807,3.043
0.05,72,-5.347,-3.021,-1.125
0.05,73,-4.215,-6.606,-1.623
0.05,74,-1.046,-9.665,-11.349
0.05,75,-9.354,-5.816,2.069
0.05,76,-1.631,5.638,2.544
0.05,77,-6.180,-2.550,-10.989
0.05,78,-0.273,5.667,-10.311
0.05,79,-9.205,-0.148,9.812
0.05,80,8.846,-8.229,9.119
0.05,81,2.385,1.915,-0.224
0.05,82,-1.492,-8.211,4.848
0.05,83,-6.906,2.565,3.753
0.05,84,-2.503,-6.298,-5.703
0.05,85,-3.271,0.316,1.860
0.05,86,5.132,-1.015,2.392
0.05,87,4.332,-9.733,-8.737
0.05,88,-5.474,-2.031,-6.710
0.05,89,1.336,4.162,-2.054
0.05,90,5.302,-0.960,-6.790
0.05,91,-2.939,1.792,-7.299
0.05,92,-1.935,0.271,7.340
0.05,93,7.558,-6.227,3.688
0.05,94,-5.027,6.575,-8.072
0.05,95,0.890,-8.483,-10.077
0.05,96,2.981,1.987,6.948
0.05,97,-8.090,-2.283,-7.365
0.05,98,-9.540,-9.054,-6.331
0.05,99,-6.808,-3.530,-2.508
0.05,100,0.409,-2.094,-6.978
0.05,101,5.901,-3.092,9.250
0.05,102,0.801,-3.142,-6.726
0.05,103,5.739,1.817,3.350
0.05,104,-6.437,1.773,4.915
0.05,105,-4.422,-4.239,-6.802
0.05,106,-4.084,9.107,5.442
0.05,107,-6.794,5.035,1.775
0.05,108,7.262,-6.415,-0.433
0.05,109,1.924,3.194,7.076
0.05,110,-3.568,9.119,3.043
0.05,111,-3.891,10.101,-0.631
0.05,112,1.472,-2.866,-2.519
0.05,113,3.479,4.907,8.885
0.05,114,-5.030,-5.265,-2.378
0.05,115,2.501,1.178,0.025
0.05,116,8.995,-7.446,-5.463
0.05,117,-2.453,-1.747,7.293
0.05,118,-1.244,-1.433,4.617
0.05,119,-7.865,-8.951,-3.085
0.05,120,-2.583,-8.834,-10.594
0.05,121,1.989,-7.736,-5.412
0.05,122,-8.208,1.061,5.296
0.05,123,-2.306,3.973,-2.523
0.05,124,7.529,-0.181,3.138
0.05,125,8.014,7.070,6.595
0.05,126,-1.230,2.438,2.420
0.05,127,1.818,1.168,-0.185
0.05,128,9.257,-9.647,-1.832
0.05,129,-5.134,-1.859,5.937
0.05,130,0.296,0.186,7.672
0.05,131,0.486,0.858,7.995
0.05,132,-5.347,5.453,1.865
0.05,133,-9.378,2.293,-6.639
0.05,134,9.298,7.454,4.948
0.05,135,-1.615,-7.313,-5.008
0.05,136,2.281,2.072,-7.269
0.05,137,-7.240,-5.682,-6.724
0.05,138,2.934,-6.362,-2.093
0.05,139,4.092,-9.768,-5.567
0.05,140,1.681,7.036,2.944
0.05,141,1.761,0.219,7.009
0.05,142,-3.731,-2.887,2.541
0.05,143,-7.417,2.611,-2.259
0.05,144,-1.261,4.341,9.303
0.05,145,-2.554,-1.544,-9.703
0.05,146,2.292,-6.552,-6.303
0.05,147,-7.198,-2.483,3.009
0.05,148,-8.344,-8.435,0.493
0.05,149,-2.613,4.106,-8.569
0.05,150,4.426,-4.382,3.802
0.05,151,5.984,4.370,2.015
0.05,152,6.128,-1.912,2.451
0.05,153,-3.362,-2.900,-7.545
0.05,154,-9.837,0.753,-3.503
0.05,155,0.209,3.502,4.040
0.05,156,3.400,8.746,-10.967
0.05,157,6.380,3.839,4.369
0.05,158,-8.298,-4.475,2.419
0.05,159,-0.313,-3.856,-7.721
0.05,160,6.015,-7.154,-4.707
0.05,161,2.828,6.640,-6.670
0.05,162,-8.446,3.677,4.213
0.05,163,5.682,9.285,8.892
0.05,164,-7.959,-5.977,-2.327
0.05,165,1.641,7.588,4.641
0.05,166,-3.334,1.153,-7.589
0.05,167,1.593,3.920,-6.749
0.05,168,-2.148,-5.833,-6.431
0.05,169,-2.857,-9.431,-10.992
0.05,170,8.158,-2.205,-7.659
0.05,171,3.044,-5.953,-9.924
0.05,172,-7.117,0.742,6.478
0.05,173,1.251,2.363,-2.600
0.05,174,6.965,-0.140,-9.063
0.05,175,7.999,-8.782,-2.448
0.05,176,6.526,1.567,6.357
0.05,177,1.387,-1.420,7.294
0.05,178,1.774,-4.105,6.935
0.05,179,1.466,8.915,1.509
0.05,180,-3.755,0.806,9.800
0.05,181,7.415,8.002,0.794
0.05,182,-5.316,0.528,3.267
0.05,183,0.396,-9.792,-0.391
0.05,184,-6.728,-3.413,-2.425
0.05,185,3.920,-4.425,-1.464
0.05,186,7.141,-3.012,8.725
0.05,187,-9.113,-4.462,-2.321
0.05,188,5.883,-4.950,-7.381
0.05,189,9.106,1.420,-7.122
0.05,190,-6.064,8.600,2.520
0.05,191,1.454,-1.578,5.792
0.05,192,6.871,7.390,-11.215
0.05,193,-5.830,9.267,-8.114
0.05,194,1.308,-5.687,2.846
0.05,195,-8.513,7.078,9.714
0.05,196,-7.952,1.076,2.558
0.05,197,-3.636,5.140,2.274
0.05,198,7.334,-6.994,5.070
0.05,199,-7.380,-5.941,0.023
0.05,200,6.975,-5.052,-7.893
0.05,201,2.585,-9.377,-11.090
0.05,202,-0.146,9.428,-7.638
0.05,203,-4.043,-0.814,-10.934
0.05,204,-2.137,-3.306,-6.496
0.05,205,-8.974,7.287,-2.956
0.05,206,4.003,3.930,1.825
0.05,207,-8.234,-7.988,0.032
0.05,208,-8.261,5.351,-0.212
0.05,209,4.896,6.177,2.721
0.05,210,-5.737,0.923,7.249
0.05,211,-5.573,5.798,8.507
0.05,212,7.032,7.737,3.254
0.05,213,-0.796,1.365,-5.698
0.05,214,8.475,-7.418,3.708
0.05,215,3.697,-9.737,2.844
0.05,216,-1.251,8.507,3.385
0.05,217,-4.850,-7.238,3.199
0.05,218,-8.729,-5.074,-2.389
0.05,219,2.357,3.816,-6.489
0.05,220,-3.064,-7.717,-5.590
0.05,221,6.003,-5.807,-7.033
0.05,222,-9.209,-3.571,3.870
0.05,223,-9.345,-1.125,-8.149
0.05,224,-6.247,-6.236,2.397
0.05,225,-6.568,-7.935,-7.935
0.05,226,4.753,5.827,-10.654
0.05,227,-5.173,-3.801,-2.504
0.05,228,-4.709,-3.023,-2.437
0.05,229,-8.881,0.366,4.673
0.05,230,-5.064,8.388,-1.745
0.05,231,-3.830,7.335,9.131
0.05,232,8.775,8.534,2.559
0.05,233,4.901,-6.849,8.402
0.05,234,7.988,8.257,-8.763
0.05,235,4.771,8.182,-8.158
0.05,236,-4.599,5.702,-0.747
0.05,237,2.339,0.833,-11.034
0.05,238,5.476,-9.330,4.141
0.05,239,-5.130,4.330,-2.962
0.05,240,2.311,-2.472,2.554
0.05,241,6.004,-1.228,-2.461
0.05,242,9.595,-0.430,3.100
0.05,243,9.498,-3.453,-3.041
0.05,244,2.262,-8.672,-1.348
0.05,245,-4.636,-0.979,-2.462
0.05,246,-8.162,-3.277,-0.502
0.05,247,7.609,-8.865,3.079
0.05,248,-3.246,8.866,7.267
0.05,249,4.729,9.229,-8.935
0.05,250,-2.022,-6.391,-7.203
0.05,251,6.179,9.199,-6.264
0.05,252,-4.588,4.922,-6.160
0.05,253,-6.157,-9.758,5.681
0.05,254,-9.529,3.911,-10.463
0.05,255,0.126,3.207,6.439
0.05,256,-5.818,0.213,-8.947
0.05,257,1.942,-4.260,9.911
0.05,258,5.860,8.899,-10.727
0.05,259,-4.790,-9.118,-0.792
0.05,260,-0.977,-6.711,2.604
0.05,261,1.098,-3.445,-10.707
0.05,262,6.596,-0.910,0.924
0.05,263,-3.844,1.402,-7.798
0.05,264,7.264,3.660,3.581
0.05,265,9.385,-1.547,-0.838
0.05,266,-6.509,-8.436,8.726
0.05,267,0.513,7.953,8.991
0.05,268,-7.895,1.392,2.501
0.05,269,1.237,8.354,2.447
0.05,270,0.844,-8.975,-2.485
0.05,271,-4.068,-8.793,-6.272
0.05,272,1.893,-3.543,1.408
0.05,273,-3.319,-8.749,-4.935
0.05,274,7.089,1.403,-8.298
0.05,275,0.891,-7.013,-9.327
0.05,276,-1.605,-3.764,6.356
0.05,277,6.923,-4.285,2.685
0.05,278,3.201,-6.029,-10.015
0.05,279,9.681,5.341,9.202
0.05,280,-4.696,-2.740,-6.219
0.05,281,-0.908,-4.980,7.125
0.05,282,-3.648,-1.823,2.616
0.05,283,-6.957,4.756,2.182
0.05,284,3.203,8.161,-1.939
0.05,285,0.757,-6.821,9.275
0.05,286,-3.417,2.437,3.211
0.05,287,0.525,1.534,7.323
0.05,288,0.767,0.939,-10.251
0.05,289,2.536,1.239,-2.504
0.05,290,-8.144,8.594,1.399
0.05,291,-4.580,4.701,1.803
0.05,292,4.854,-9.407,5.483
0.05,293,8.412,-5.786,-3.199
0.05,294,-8.893,-8.544,-3.296
0.05,295,-9.453,7.123,5.671
0.05,296,-4.684,3.660,3.958
0.05,297,2.535,7.040,0.738
0.05,298,8.186,-8.705,-6.434
0.05,299,9.691,7.690,9.427
0.05,300,8.825,-8.322,-9.763
0.05,301,3.571,-1.507,2.593
0.05,302,9.429,8.823,-6.250
0.05,303,0.671,1.432,1.910
0.05,304,-3.893,7.503,-7.330
0.05,305,-6.578,8.962,-7.648
0.05,306,7.056,-3.582,1.474
0.05,307,-3.648,7.763,-2.993
0.05,308,-4.017,1.085,-7.508
0.05,309,10.025,-7.315,9.287
0.05,310,2.714,1.519,-7.062
0.05,311,4.341,-3.431,-2.463
0.05,312,-2.912,-6.518,6.226
0.05,313,-4.763,-7.884,9.715
0.05,314,2.370,1.460,-2.489
0.05,315,6.545,1.310,-1.330
0.05,316,2.705,-5.338,-2.122
0.05,317,-1.816,-1.861,2.477
0.05,318,3.353,-9.126,4.663
0.05,319,-4.530,1.550,-7.228
0.05,320,8.742,-7.034,-7.181
0.05,321,4.278,2.535,5.356
0.05,322,-6.914,-6.754,4.956
0.05,323,-7.225,-2.508,-5.637
0.05,324,4.806,0.712,0.082
0.05,325,-8.742,-6.719,4.546
0.05,326,9.538,-3.385,-6.891
0.05,327,-9.791,-3.880,-10.581
0.05,328,-0.133,4.317,9.930
0.05,329,5.429,0.842,-2.777
0.05,330,8.425,-4.115,6.275
0.05,331,-5.124,-4.760,-6.955
0.05,332,3.346,-8.337,-9.997
0.05,333,-2.717,3.640,-2.736
0.05,334,-8.821,-0.814,-10.882
0.05,335,8.297,-0.143,2.683
0.05,336,5.198,-5.594,-0.398
0.05,337,-2.574,-3.344,-0.819
0.05,338,-8.146,0.248,-6.375
0.05,339,-8.674,9.886,5.039
0.05,340,-9.733,-5.798,1.486
0.05,341,0.365,9.427,-6.337
0.05,342,-9.974,-7.391,9.871
0.05,343,6.753,-6.117,6.205
0.05,344,9.327,4.769,-2.227
0.05,345,-5.349,-7.415,-2.157
0.05,346,-5.877,2.131,-6.260
0.05,347,-9.552,9.532,3.540
0.05,348,-7.472,-6.563,9.283
0.05,349,-4.420,6.460,-10.820
0.05,350,1.380,-5.600,-11.255
0.05,351,9.122,2.624,-1.183
0.05,352,2.120,-5.924,-5.876
0.05,353,6.796,-1.469,-0.112
0.05,354,-8.201,2.451,-8.406
0.05,355,4.285,1.969,-0.105
0.05,356,-4.367,-1.936,8.277
0.05,357,-0.159,3.068,-5.585
0.05,358,6.891,5.947,6.153
0.05,359,9.202,-9.680,-10.880
0.05,360,-5.073,8.286,-1.623
0.05,361,4.592,-0.052,-1.380
0.05,362,0.502,-0.998,-1.211
0.05,363,9.192,8.821,-9.032
0.05,364,-3.934,3.130,-2.706
0.05,365,9.468,-7.191,2.070
0.05,366,3.295,-1.439,6.341
0.05,367,-8.514,-9.536,-8.188
0.05,368,-6.771,-7.384,4.750
0.05,369,-6.685,3.450,6.903
0.05,370,-8.223,-2.257,6.939
0.05,371,7.531,7.355,6.404
0.05,372,-8.176,4.471,-8.449
0.05,373,-5.662,-1.113,7.208
0.05,374,-2.832,-7.221,7.161
0.05,375,-6.750,-2.968,0.772
0.05,376,9.397,3.574,3.860
0.05,377,-2.314,-4.398,-3.444
0.05,378,9.159,7.209,-9.680
0.05,379,6.688,-0.878,1.788
0.05,380,-3.693,-4.671,-10.937
0.05,381,-2.824,8.098,4.454
0.05,382,8.099,1.863,-8.539
0.05,383,4.746,-7.559,4.935
0.05,384,-4.514,2.964,-3.099
0.05,385,9.320,3.303,-11.379
0.05,386,1.730,4.219,-2.079
0.05,387,9.449,9.808,0.627
0.05,388,-1.906,5.301,2.414
0.05,389,-4.705,-5.736,-2.237
0.05,390,6.202,-2.695,-2.470
0.05,391,-5.273,5.877,0.073
0.05,392,1.909,-1.303,-6.725
0.05,393,-6.158,-2.150,-2.501
0.05,394,-2.423,-0.401,-3.263
0.05,395,0.505,3.832,9.285
0.05,396,-6.267,-2.876,-2.484
0.05,397,5.144,8.301,5.435
0.05,398,4.417,4.674,-10.217
0.05,399,0.547,5.780,-2.400
0.05,400,6.329,0.712,-6.484
0.05,401,6.142,9.855,9.972
0.05,402,-6.231,-5.585,-9.480
0.05,403,7.852,5.076,4.966
0.05,404,-4.805,4.501,-2.336
0.05,405,9.207,-6.105,2.185
0.05,406,-1.049,8.130,8.667
0.05,407,-4.275,-7.085,-5.828
0.05,408,-2.531,2.316,6.576
0.05,409,8.580,6.815,-9.655
0.05,410,-6.590,-9.694,-4.777
0.05,411,-9.446,-6.963,-4.303
0.05,412,2.306,-0.928,2.548
0.05,413,0.279,-3.586,-6.880
0.05,414,-8.838,-7.015,-7.455
0.05,415,0.737,-9.658,-0.858
0.05,416,-8.667,-0.934,-9.661
0.05,417,-5.131,8.832,-9.326
0.05,418,5.142,5.301,-10.238
0.05,419,-9.823,-9.643,3.553
0.05,420,-6.943,-6.772,4.802
0.05,421,-1.283,9.979,5.477
0.05,422,-2.777,5.991,3.053
0.05,423,-6.329,-4.545,-3.602
0.05,424,1.447,-3.416,-2.474
0.05,425,-5.254,1.002,3.338
0.05,426,-2.359,3.879,-10.305
0.05,427,-5.417,7.892,8.920
0.05,428,9.056,-1.084,1.898
0.05,429,-8.298,-4.408,9.632
0.05,430,6.322,-1.791,6.711
0.05,431,1.279,-2.224,7.237
0.05,432,8.280,-9.981,-3.503
0.05,433,9.878,3.849,0.755
0.05,434,-8.882,1.740,-1.472
0.05,435,5.074,3.270,2.715
0.05,436,-0.355,-3.668,-9.540
0.05,437,-8.130,-6.357,4.633
0.05,438,-3.601,-2.736,2.491
0.05,439,4.051,-0.319,-6.726
0.05,440,7.525,2.974,-1.182
0.05,441,-4.421,1.360,-8.216
0.05,442,-6.221,-5.119,0.660
0.05,443,-6.360,5.279,9.886
0.05,444,2.855,-5.778,-5.909
0.05,445,-2.339,7.032,-2.012
0.05,446,-1.294,-9.863,-0.771
0.05,447,0.515,0.813,-3.767
0.05,448,-9.086,3.757,0.714
0.05,449,-4.408,-3.372,2.089
0.05,450,-6.236,8.285,-0.733
0.05,451,-1.371,-9.133,-4.299
0.05,452,-4.946,0.433,-2.520
0.05,453,4.926,2.031,9.311
0.05,454,2.752,2.895,-2.431
0.05,455,-7.159,7.904,-7.402
0.05,456,1.109,2.094,6.403
0.05,457,7.391,1.804,2.083
0.05,458,5.294,-5.876,9.034
0.05,459,-9.892,-5.813,3.574
0.05,460,5.133,9.759,-6.872
0.05,461,0.362,-9.798,-5.691
0.05,462,-3.153,-9.663,5.153
0.05,463,6.181,4.979,-10.940
0.05,464,-0.735,6.768,-2.439
0.05,465,-8.418,8.238,-4.071
0.05,466,1.434,0.328,-11.430
0.05,467,-1.687,9.020,-0.820
0.05,468,-9.240,2.691,2.026
0.05,469,-2.202,-0.875,2.549
0.05,470,-0.314,-3.312,-7.145
0.05,471,-5.172,-4.812,-3.822
0.05,472,1.503,2.392,9.792
0.05,473,-0.088,7.311,8.811
0.05,474,-8.742,0.249,3.095
0.05,475,-8.306,-8.885,6.572
0.05,476,-1.633,-8.698,5.598
0.05,477,2.246,-4.166,-6.659
0.05,478,-7.680,-0.674,-7.945
0.05,479,5.866,6.912,-0.870
0.05,480,-6.021,7.326,4.917
0.05,481,-5.139,2.993,-2.119
0.05,482,0.698,4.161,-2.469
0.05,483,8.380,-4.568,-8.183
0.05,484,-4.570,-7.203,-1.862
0.05,485,8.476,-8.721,3.092
0.05,486,-6.639,-2.308,-2.526
0.05,487,6.310,4.992,2.825
0.05,488,-8.658,3.319,-3.941
0.05,489,9.189,-9.691,6.015
0.05,490,-3.369,-4.517,8.165
0.05,491,-9.632,-7.955,-9.483
0.05,492,6.603,4.698,-8.840
0.05,493,-0.629,-5.168,-7.120
0.05,494,8.122,0.109,1.253
0.05,495,-9.554,-6.802,9.165
0.05,496,-7.359,-3.583,-2.257
0.05,497,-6.130,8.836,-5.000
0.05,498,3.622,9.862,-6.039
0.05,499,6.415,3.968,-10.276
0.05,500,7.619,-1.709,10.018
0.05,501,6.176,6.709,-2.502
0.05,502,4.714,-9.142,4.924
0.05,503,-8.023,-3.498,-4.189
0.05,504,-0.848,4.660,-2.505
0.05,505,3.591,-3.164,2.501
0.05,506,0.332,0.990,-3.373
0.05,507,4.069,0.393,-0.039
0.05,508,0.526,-6.439,-6.392
0.05,509,9.203,0.103,-5.913
0.05,510,-3.982,2.104,-5.824
0.05,511,-7.869,-8.751,-8.196
0.05,512,5.675,-7.061,-7.754
0.05,513,5.512,-3.926,-2.470
0.05,514,5.160,5.962,-1.508
0.05,515,-8.673,5.906,-3.612
0.05,516,-9.501,9.595,0.246
0.05,517,0.284,-9.862,2.461
0.05,518,2.308,-3.084,2.965
0.05,519,7.713,1.831,-10.456
0.05,520,-2.979,-5.263,-7.958
0.05,521,-9.203,-7.453,-7.248
0.05,522,1.967,-2.681,-5.645
0.05,523,-4.310,-2.264,9.159
0.05,524,0.767,8.949,9.684
0.05,525,-6.412,-0.354,5.417
0.05,526,-4.480,-2.623,2.418
0.05,527,5.270,5.931,4.124
0.05,528,9.825,-3.188,-8.008
0.05,529,1.094,3.091,2.429
0.05,530,-3.655,-6.837,-0.351
0.05,531,-3.983,2.426,3.264
0.05,532,1.601,-2.553,2.297
0.05,533,7.905,-6.526,-10.950
0.05,534,4.615,-1.324,2.512
0.05,535,1.087,5.935,7.162
0.05,536,-2.819,1.312,7.335
0.05,537,5.145,-7.017,-9.284
0.05,538,6.271,4.743,-8.965
0.05,539,0.299,4.369,2.601
0.05,540,-1.197,-3.728,-6.257
0.05,541,4.518,-2.181,-2.492
0.05,542,7.312,4.736,-10.736
0.05,543,9.473,-3.444,-1.969
0.05,544,-7.326,-3.828,0.406
0.05,545,-7.282,1.583,3.200
0.05,546,0.441,5.403,-2.433
0.05,547,4.631,-8.829,0.296
0.05,548,-6.682,-7.956,-7.096
0.05,549,-4.452,2.519,-0.611
0.05,550,9.388,-7.899,-7.077
0.05,551,-1.002,7.781,1.165
0.05,552,-4.920,0.533,-2.577
0.05,553,-5.298,-2.046,-2.474
0.05,554,9.199,-2.574,-7.987
0.05,555,-9.670,2.749,-1.719
0.05,556,-0.837,-7.914,2.607
0.05,557,2.960,1.596,-2.454
0.05,558,2.220,6.972,-2.035
0.05,559,-2.629,6.517,-3.489
0.05,560,1.420,4.640,-11.122
0.05,561,-6.480,0.301,8.897
0.05,562,7.171,-4.724,4.367
0.05,563,-4.188,8.921,-8.401
0.05,564,7.808,9.020,9.299
0.05,565,-2.519,-2.114,-6.615
0.05,566,-6.691,-5.676,2.064
0.05,567,-4.451,1.823,-6.724
0.05,568,3.325,-4.789,-0.599
0.05,569,-3.525,9.068,-10.034
0.05,570,-8.637,-2.063,2.535
0.05,571,8.277,-4.384,-7.529
0.05,572,8.107,5.773,4.032
0.05,573,7.563,7.126,5.430
0.05,574,1.522,-5.572,3.173
0.05,575,-3.069,-1.900,6.825
0.05,576,-0.170,-2.074,-9.632
0.05,577,-2.686,-1.552,5.406
0.05,578,3.583,5.948,-9.698
0.05,579,6.565,-0.394,-2.223
0.05,580,1.914,6.631,-10.941
0.05,581,-6.379,-7.413,-10.275
0.05,582,-5.396,-3.756,-7.124
0.05,583,4.692,4.608,2.551
0.05,584,9.029,-9.623,0.760
0.05,585,9.858,-2.925,-11.369
0.05,586,-2.402,-4.930,-2.104
0.05,587,-9.474,-9.346,6.129
0.05,588,-0.648,-8.256,1.448
0.05,589,3.435,-0.332,7.267
0.05,590,3.522,6.110,-6.195
0.05,591,6.953,-6.684,-1.824
0.05,592,8.813,7.134,-2.042
0.05,593,-2.416,-4.215,2.571
0.05,594,-0.156,6.064,-2.362
0.05,595,2.491,-0.607,-2.724
0.05,596,-6.573,-4.599,8.568
0.05,597,-2.612,3.247,2.662
0.05,598,-8.958,-8.093,-5.949
0.05,599,0.968,6.696,-9.201
0.05,600,8.238,6.352,-7.005
0.05,601,4.918,-9.115,4.267
0.05,602,-6.517,-9.340,-3.628
0.05,603,-4.623,3.114,-5.880
0.05,604,9.353,0.646,-11.093
0.05,605,-8.781,-8.398,-5.348
0.05,606,9.361,-0.280,-8.245
0.05,607,-1.477,-6.834,-8.424
0.05,608,8.393,3.108,-7.589
0.05,609,-8.588,-3.398,4.717
0.05,610,-5.141,-0.797,7.026
0.05,611,9.071,4.168,-4.028
0.05,612,2.017,-3.205,6.861
0.05,613,2.178,-1.175,2.579
0.05,614,6.770,0.212,-2.220
0.05,615,-3.159,7.852,5.084
0.05,616,0.523,-1.075,6.241
0.05,617,1.022,-0.336,-5.378
0.05,618,-8.670,0.552,2.689
0.05,619,0.606,-0.711,7.622
0.05,620,-4.166,0.544,4.526
0.05,621,4.033,-3.368,-11.059
0.05,622,-8.407,-1.274,-0.694
0.05,623,1.083,-6.387,-6.111
0.05,624,8.065,0.405,8.176
0.05,625,1.199,-2.698,7.233
0.05,626,1.472,6.573,8.828
0.05,627,6.266,-2.716,5.351
0.05,628,-8.221,1.418,-3.553
0.05,629,-6.421,-8.433,6.710
0.05,630,-2.734,-4.406,2.710
0.05,631,0.685,-5.715,-6.311
0.05,632,-4.147,5.857,-1.736
0.05,633,-8.448,-2.743,4.038
0.05,634,-3.755,-0.680,8.051
0.05,635,8.015,-3.018,-9.823
0.05,636,9.142,1.449,-9.989
0.05,637,-0.376,8.144,-10.077
0.05,638,3.901,0.072,2.460
0.05,639,-6.032,3.178,2.884
0.05,640,-2.928,3.095,-2.462
0.05,641,-3.512,-1.595,6.551
0.05,642,5.790,8.641,4.942
0.05,643,7.338,9.246,2.090
0.05,644,8.735,0.397,-10.005
0.05,645,-9.134,7.992,9.115
0.05,646,2.180,1.977,9.188
0.05,647,4.219,-0.355,-10.186
0.05,648,-0.821,4.461,-2.520
0.05,649,1.929,4.931,-8.958
0.05,650,-0.075,3.184,2.617
0.05,651,8.933,7.933,-7.742
0.05,652,-3.446,-3.618,-6.669
0.05,653,-2.229,-3.842,4.371
0.05,654,-2.780,-5.233,-2.567
0.05,655,7.370,-3.155,-1.759
0.05,656,1.980,-7.822,2.605
0.05,657,-7.953,-0.856,-0.670
0.05,658,1.426,2.906,-10.691
0.05,659,5.062,0.872,-7.000
0.05,660,8.443,-4.753,-0.856
0.05,661,-7.003,-6.776,9.987
0.05,662,9.206,0.392,-7.823
0.05,663,3.192,1.625,-6.682
0.05,664,7.370,1.561,4.825
0.05,665,-1.194,3.923,2.443
0.05,666,-4.760,7.902,-6.088
0.05,667,-5.534,8.984,6.746
0.05,668,6.455,7.919,0.460
0.05,669,1.086,-4.750,-5.546
0.05,670,-6.172,-9.573,5.777
0.05,671,3.854,2.069,-2.493
0.05,672,6.494,-3.348,-2.488
0.05,673,3.804,-3.327,9.446
0.05,674,-0.893,6.737,-7.511
0.05,675,-9.350,-8.442,-10.050
0.05,676,4.141,9.489,-6.016
0.05,677,6.148,-4.182,-2.441
0.05,678,-0.390,-3.757,1.199
0.05,679,4.875,6.306,-10.277
0.05,680,-4.791,3.277,-8.279
0.05,681,-4.548,-8.278,-7.256
0.05,682,-1.810,5.807,1.297
0.05,683,7.723,7.513,-1.908
0.05,684,4.727,-3.634,-2.311
0.05,685,-8.863,-1.271,-1.436
0.05,686,-4.019,-4.049,-8.967
0.05,687,3.239,4.936,7.430
0.05,688,8.347,5.869,-5.134
0.05,689,7.520,3.293,-10.778
0.05,690,-6.021,-7.082,-5.482
0.05,691,-8.753,2.224,-5.906
0.05,692,-7.191,-2.311,7.018
0.05,693,5.130,6.583,-1.729
0.05,694,-6.558,9.868,1.702
0.05,695,-9.217,1.698,-3.354
0.05,696,-7.770,-0.543,2.750
0.05,697,-4.711,-2.627,-2.431
0.05,698,-4.795,-1.686,8.647
0.05,699,-2.758,8.028,-9.740
0.05,700,-4.441,-0.639,7.165
0.05,701,4.483,-5.955,2.233
0.05,702,-6.717,7.481,2.029
0.05,703,-2.403,-3.179,7.030
0.05,704,0.040,5.296,-2.438
0.05,705,4.801,7.192,6.407
0.05,706,1.196,-6.592,-5.249
0.05,707,-8.820,9.149,-7.974
0.05,708,6.274,-1.498,6.730
0.05,709,3.308,1.638,-8.648
0.05,710,9.782,-7.821,-4.255
0.05,711,1.505,8.234,-2.179
0.05,712,10.030,-6.585,-10.915
0.05,713,3.712,-5.233,9.425
0.05,714,6.201,-3.733,6.174
0.05,715,-4.262,-7.011,2.710
0.05,716,-9.386,2.658,6.912
0.05,717,-8.350,-9.315,2.805
0.05,718,8.000,6.600,-7.658
0.05,719,1.715,-5.411,-1.944
0.05,720,0.569,5.142,-0.551
0.05,721,7.048,7.852,-2.515
0.05,722,-9.497,-8.577,-4.592
0.05,723,7.660,0.108,-9.353
0.05,724,-0.177,4.797,2.548
0.05,725,1.881,5.519,-9.683
0.05,726,3.052,-1.459,-10.705
0.05,727,0.783,-6.693,2.059
0.05,728,-7.257,-7.135,2.031
0.05,729,-7.444,7.692,6.814
0.05,730,-4.263,8.391,-2.101
0.05,731,-6.503,-3.556,6.979
0.05,732,4.690,2.253,-2.482
0.05,733,-1.328,-0.557,-5.787
0.05,734,1.372,7.799,2.603
0.05,735,7.120,-4.811,3.561
0.05,736,-7.416,5.103,-9.226
0.05,737,7.524,-0.524,6.808
0.05,738,-1.629,-8.509,2.675
0.05,739,6.789,9.476,5.562
0.05,740,-3.005,8.925,-9.993
0.05,741,-1.632,-5.503,-2.170
0.05,742,7.726,-5.897,4.332
0.05,743,-3.750,-9.645,-2.188
0.05,744,-0.847,1.246,7.188
0.05,745,1.806,0.138,7.392
0.05,746,4.675,-1.140,8.693
0.05,747,8.596,-5.774,-1.463
0.05,748,-5.232,5.709,-6.531
0.05,749,-2.350,-3.083,-5.975
0.05,750,-2.776,2.642,0.504
0.05,751,-9.327,9.670,3.051
0.05,752,-0.414,-8.115,3.285
0.05,753,6.100,-2.775,0.820
0.05,754,-0.169,0.553,4.504
0.05,755,-3.678,-0.807,-7.547
0.05,756,3.190,-6.825,4.971
0.05,757,4.628,5.541,-9.818
0.05,758,3.335,6.228,7.343
0.05,759,-6.271,-8.095,-10.369
0.05,760,8.391,-4.605,-2.595
0.05,761,-2.557,-4.148,8.821
0.05,762,6.457,1.584,-2.572
0.05,763,7.289,-4.098,-2.996
0.05,764,-0.677,2.356,-9.693
0.05,765,6.618,-7.623,2.375
0.05,766,4.114,-2.182,2.572
0.05,767,-0.972,-0.441,-6.622
0.05,768,-8.041,2.455,-8.266
0.05,769,7.526,1.639,-3.343
0.05,770,1.665,-7.486,-6.066
0.05,771,6.571,1.976,1.665
0.05,772,-1.362,7.750,-8.170
0.05,773,-6.713,6.353,9.242
0.05,774,-6.101,-5.074,1.713
0.05,775,3.331,3.435,0.938
0.05,776,-5.125,0.126,2.267
0.05,777,-6.554,-6.261,-2.067
0.05,778,3.241,6.342,-7.172
0.05,779,-1.458,7.858,-8.884
0.05,780,4.854,9.183,-2.602
0.05,781,-9.695,7.782,0.039
0.05,782,6.887,-4.116,2.639
0.05,783,8.840,5.876,4.651
0.05,784,1.723,9.400,2.426
0.05,785,5.253,9.918,4.490
0.05,786,9.363,8.312,-6.688
0.05,787,-3.890,4.328,5.779
0.05,788,4.615,-3.691,2.781
0.05,789,-2.883,3.922,-2.207
0.05,790,-6.026,7.117,-8.498
0.05,791,1.987,-8.411,-1.606
0.05,792,0.969,3.668,-2.541
0.05,793,-6.117,-1.891,7.214
0.05,794,-6.622,0.206,6.867
0.05,795,7.129,2.025,-3.581
0.05,796,6.885,7.220,5.890
0.05,797,6.377,8.606,-4.182
0.05,798,7.575,-2.183,8.482
0.05,799,-2.084,2.048,-9.234
0.05,800,-1.495,-3.402,7.253
0.05,801,1.802,2.362,-7.071
0.05,802,-5.602,-8.728,0.783
0.05,803,1.514,-4.921,0.899
0.05,804,-9.615,2.716,9.989
0.05,805,8.287,4.441,-10.408
0.05,806,3.887,-2.698,7.224
0.05,807,-5.598,-8.867,5.085
0.05,808,-3.767,-1.050,-7.405
0.05,809,6.151,-4.236,-10.579
0.05,810,1.095,-2.469,-0.297
0.05,811,6.191,9.049,6.432
0.05,812,3.323,0.976,-0.132
0.05,813,-8.201,-9.203,6.825
0.05,814,8.199,9.874,8.708
0.05,815,4.275,-9.019,4.825
0.05,816,-6.560,1.349,9.871
0.05,817,-4.289,-6.300,1.338
0.05,818,9.445,-9.858,-8.264
0.05,819,-0.518,3.755,6.956
0.05,820,-8.751,-9.005,2.743
0.05,821,0.166,2.639,-7.102
0.05,822,-3.331,-5.817,9.617
0.05,823,-4.837,5.987,-6.677
0.05,824,6.234,8.186,-5.248
0.05,825,-7.913,7.405,0.081
0.05,826,-1.230,3.927,2.530
0.05,827,3.578,-6.522,-10.838
0.05,828,-6.266,6.423,-10.574
0.05,829,3.805,4.081,-7.791
0.05,830,-4.832,-0.858,-2.513
0.05,831,2.479,8.772,2.982
0.05,832,5.552,2.644,6.587
0.05,833,-6.974,6.080,-6.676
0.05,834,-4.502,1.121,7.472
0.05,835,2.344,9.282,1.759
0.05,836,6.714,1.039,3.478
0.05,837,1.466,-2.195,-6.892
0.05,838,2.675,3.946,-1.620
0.05,839,5.174,6.702,-0.102
0.05,840,2.669,-7.047,4.349
0.05,841,-1.314,6.918,0.187
0.05,842,8.156,4.634,-8.936
0.05,843,5.438,9.965,1.033
0.05,844,-8.815,7.541,-7.710
0.05,845,4.312,2.529,-2.590
0.05,846,8.757,2.129,3.016
0.05,847,5.725,5.567,4.505
0.05,848,8.443,7.920,9.274
0.05,849,-0.415,-7.652,-6.371
0.05,850,1.621,3.234,2.509
0.05,851,-9.206,5.261,-0.543
0.05,852,4.270,9.202,7.042
0.05,853,8.660,-5.798,-5.652
0.05,854,-8.129,-0.678,-1.274
0.05,855,2.594,-6.720,2.561
0.05,856,-2.969,-1.036,-7.690
0.05,857,-2.755,0.028,-2.926
0.05,858,4.891,8.085,-5.671
0.05,859,-1.639,0.669,-0.929
0.05,860,-9.742,-0.217,-3.145
0.05,861,-5.637,-2.245,2.352
0.05,862,1.198,0.893,1.134
0.05,863,-0.488,-8.553,9.589
0.05,864,3.543,-5.797,-6.396
0.05,865,-9.113,-2.072,-6.517
0.05,866,-2.060,1.420,0.828
0.05,867,-3.521,-7.443,2.241
0.05,868,5.036,-3.262,7.210
0.05,869,-5.785,7.876,7.192
0.05,870,-8.075,8.572,1.640
0.05,871,7.037,-8.065,4.083
0.05,872,-6.584,8.667,-2.368
0.05,873,-9.702,2.939,4.594
0.05,874,3.652,4.393,8.249
0.05,875,-4.896,-1.263,-5.596
0.05,876,-3.094,1.134,7.043
0.05,877,-0.678,3.076,6.746
0.05,878,3.414,4.693,-10.917
0.05,879,5.591,5.438,-0.222
0.05,880,0.117,-3.181,-6.977
0.05,881,7.365,2.976,-1.894
0.05,882,-5.632,-0.467,-2.536
0.05,883,2.889,-0.375,8.005
0.05,884,7.665,-3.398,-6.570
0.05,885,-1.397,4.923,-6.327
0.05,886,3.905,-3.895,-2.511
0.05,887,1.495,-4.150,-2.478
0.05,888,7.463,-5.723,-4.586
0.05,889,-9.399,-9.045,-7.846
0.05,890,-8.707,-6.212,-11.312
0.05,891,-0.572,4.364,2.519
0.05,892,-8.244,9.054,-3.924
0.05,893,-7.899,-1.757,-2.074
0.05,894,-3.524,-0.939,2.540
0.05,895,-8.352,5.125,0.863
0.05,896,7.644,1.857,4.734
0.05,897,0.539,-0.589,9.823
0.05,898,5.746,-3.951,-11.109
0.05,899,9.143,7.523,-4.649
0.05,900,6.307,-9.998,9.421
0.05,901,4.052,7.673,1.828
0.05,902,-1.076,0.982,-1.119
0.05,903,1.387,-6.605,1.283
0.05,904,-1.735,-6.046,8.218
0.05,905,3.711,-7.368,-2.205
0.05,906,8.862,-5.172,6.364
0.05,907,2.505,-5.124,7.218
0.05,908,6.350,-2.207,6.842
0.05,909,4.119,-7.437,-1.833
0.05,910,4.393,-6.156,-11.046
0.05,911,-5.773,3.920,-10.982
0.05,912,5.116,3.120,-5.949
0.05,913,2.803,-1.248,2.599
0.05,914,-0.726,3.754,2.586
0.05,915,6.036,2.624,-7.829
0.05,916,-6.100,5.638,-1.084
0.05,917,-7.135,-4.908,-8.448
0.05,918,1.145,3.938,-10.913
0.05,919,-7.252,-0.607,-2.857
0.05,920,8.216,2.431,2.407
0.05,921,3.743,-1.887,7.090
0.05,922,-1.090,0.831,0.124
0.05,923,-3.088,2.298,9.800
0.05,924,-3.281,3.394,-11.375
0.05,925,6.161,9.488,1.776
0.05,926,-8.415,4.741,9.291
0.05,927,-2.628,8.325,-7.244
0.05,928,-5.232,-3.190,2.773
0.05,929,8.376,-1.420,-1.913
0.05,930,2.248,-8.914,-9.583
0.05,931,-6.355,9.727,-10.883
0.05,932,-3.508,-3.243,-7.155
0.05,933,6.645,-2.770,1.652
0.05,934,-0.863,-2.638,2.573
0.05,935,7.659,5.090,-5.640
0.05,936,-7.600,3.558,-0.396
0.05,937,-0.850,-8.214,-6.089
0.05,938,0.129,4.330,4.498
0.05,939,6.865,-0.543,-8.603
0.05,940,-2.440,-5.306,-6.991
0.05,941,-1.863,2.881,-10.629
0.05,942,7.572,9.518,-6.534
0.05,943,2.279,5.560,-7.937
0.05,944,5.967,4.390,8.259
0.05,945,6.490,4.688,-10.356
0.05,946,-2.441,0.073,-0.134
0.05,947,-8.578,1.969,1.686
0.05,948,6.198,8.188,-10.876
0.05,949,-1.087,8.404,-7.604
0.05,950,1.017,-4.502,0.467
0.05,951,1.237,8.919,-7.701
0.05,952,-6.514,-8.276,-7.092
0.05,953,3.530,6.699,-1.856
0.05,954,1.440,-1.746,-10.960
0.05,955,-7.128,-2.407,2.648
0.05,956,-4.022,7.299,-9.038
0.05,957,8.721,-9.487,3.575
0.05,958,-3.253,-4.600,-2.508
0.05,959,-9.835,2.886,-3.589
0.05,960,-9.978,3.439,-9.243
0.05,961,9.775,9.183,-1.641
0.05,962,2.108,7.135,-1.141
0.05,963,-2.123,-8.336,-9.266
0.05,964,1.561,4.252,8.611
0.05,965,7.458,9.515,-6.741
0.05,966,8.939,-0.233,2.721
0.05,967,-6.171,9.930,6.736
0.05,968,3.332,-5.699,1.948
0.05,969,-0.289,4.664,-10.603
0.05,970,8.160,1.673,5.781
0.05,971,8.311,-3.504,-2.574
0.05,972,1.284,-3.232,-6.450
0.05,973,-5.776,6.932,-8.287
0.05,974,9.787,-4.277,1.757
0.05,975,7.377,-6.111,-8.061
0.05,976,7.409,6.440,-3.898
0.05,977,-8.720,6.292,10.019
0.05,978,-0.840,-5.364,7.157
0.05,979,-8.350,-0.236,6.595
0.05,980,-2.655,6.440,-7.074
0.05,981,-9.874,-4.556,2.774
0.05,982,-7.857,-5.852,4.667
0.05,983,5.097,-3.275,2.598
0.05,984,-8.433,-9.871,-0.558
0.05,985,5.733,2.609,-9.726
0.05,986,6.632,-8.402,5.955
0.05,987,6.985,-9.718,-7.971
0.05,988,8.634,-7.332,5.092
0.05,989,3.897,8.489,-7.023
0.05,990,9.904,-7.472,1.417
0.05,991,-5.247,2.968,6.633
0.05,992,-5.700,-3.020,2.253
0.05,993,-0.170,8.039,8.962
0.05,994,1.300,-2.022,2.111
0.05,995,4.404,1.753,6.053
0.05,996,3.872,3.456,-11.219
0.05,997,7.616,1.635,-6.997
0.05,998,-6.497,3.295,-4.966
0.05,999,0.919,2.106,-8.220
0.05,1000,1.838,4.316,9.679
0.05,1001,7.419,6.769,3.084
0.05,1002,9.643,8.112,0.051
0.05,1003,-1.442,-9.315,-10.208
0.05,1004,0.504,6.212,-8.967
0.05,1005,2.550,0.539,-10.551
0.05,1006,-9.309,8.035,-6.285
0.05,1007,-1.081,7.352,-8.540
0.05,1008,7.156,-8.850,-5.500
0.05,1009,-3.334,-1.837,7.328
0.05,1010,-2.984,5.476,-5.448
0.05,1011,1.567,4.080,-2.462
0.05,1012,8.643,-0.986,-2.120
0.05,1013,-2.548,-7.393,-6.219
0.05,1014,-5.476,-0.906,-2.891
0.05,1015,-10.035,8.435,9.484
0.05,1016,-5.256,-8.417,-0.756
0.05,1017,9.539,0.740,-2.448
0.05,1018,-0.138,-4.477,-7.036
0.05,1019,6.194,9.496,1.941
0.05,1020,7.850,1.193,2.176
0.05,1021,3.586,0.289,0.713
0.05,1022,7.742,-1.943,-2.269
0.05,1023,-9.412,0.246,4.013
0.05,1024,6.876,5.617,-0.994
0.05,1025,2.529,1.832,-7.903
0.05,1026,5.727,-3.832,-10.649
0.05,1027,-9.259,-3.686,-6.544
0.05,1028,-3.748,-2.680,-8.690
0.05,1029,-3.840,-5.172,2.388
0.05,1030,-6.518,1.151,2.323
0.05,1031,5.459,-8.654,-5.392
0.05,1032,-1.633,-0.027,-2.127
0.05,1033,-6.550,4.620,-8.355
0.05,1034,7.422,3.175,3.864
0.05,1035,6.093,4.442,9.121
0.05,1036,-0.997,-0.063,7.561
0.05,1037,6.317,5.449,-9.551
0.05,1038,-1.077,-0.503,5.150
0.05,1039,3.363,-6.605,-5.968
0.05,1040,3.442,-6.497,-5.629
0.05,1041,-7.240,-8.506,5.963
0.05,1042,4.339,6.421,2.207
0.05,1043,7.410,-2.646,5.577
0.05,1044,2.133,9.360,7.140
0.05,1045,3.978,-7.964,2.225
0.05,1046,1.853,-7.339,2.095
0.05,1047,5.341,-2.511,-7.050
0.05,1048,1.435,0.483,-7.675
0.05,1049,2.830,9.535,1.137
0.05,1050,7.730,9.557,-2.635
0.05,1051,-4.872,9.587,9.226
0.05,1052,-0.891,2.732,6.087
0.05,1053,1.084,-8.900,-5.602
0.05,1054,8.800,5.940,-2.276
0.05,1055,4.631,0.203,3.129
0.05,1056,2.467,-2.441,4.612
0.05,1057,9.785,9.630,9.395
0.05,1058,-5.039,6.149,8.674
0.05,1059,2.622,4.177,-6.936
0.05,1060,-2.672,7.110,-2.509
0.05,1061,4.305,-5.600,8.235
0.05,1062,4.383,1.538,6.860
0.05,1063,6.112,-4.696,2.145
0.05,1064,-3.136,6.887,-10.505
0.05,1065,6.967,4.228,4.924
0.05,1066,3.589,-4.891,-10.090
0.05,1067,-1.606,-6.023,-5.756
0.05,1068,2.039,-8.788,6.594
0.05,1069,-9.321,8.940,0.666
0.05,1070,6.765,7.379,3.619
0.05,1071,5.376,5.098,-5.967
0.05,1072,1.741,-5.882,2.820
0.05,1073,-7.317,0.454,5.411
0.05,1074,4.666,8.650,2.762
0.05,1075,6.086,2.998,0.243
0.05,1076,3.359,0.297,-2.052
0.05,1077,2.592,-4.617,-10.680
0.05,1078,4.588,-9.730,-9.162
0.05,1079,5.985,-7.592,3.371
0.05,1080,-2.308,-0.454,-6.495
0.05,1081,-0.285,-4.177,1.699
0.05,1082,-6.138,-9.256,2.428
0.05,1083,0.419,-4.965,8.640
0.05,1084,0.340,6.568,1.920
0.05,1085,2.531,5.147,-2.350
0.05,1086,-8.638,-9.014,-9.259
0.05,1087,-7.165,1.982,-9.700
0.05,1088,-2.834,-9.674,-10.851
0.05,1089,-1.119,4.974,-2.320
0.05,1090,9.269,-6.267,-2.454
0.05,1091,8.011,8.037,-1.058
0.05,1092,-8.000,-6.741,-8.736
0.05,1093,-2.035,-1.047,-2.209
0.05,1094,-0.327,4.743,-6.511
0.05,1095,-5.280,7.166,1.868
0.05,1096,5.656,-7.852,4.516
0.05,1097,-1.999,3.774,2.458
0.05,1098,1.582,-8.308,3.846
0.05,1099,7.219,-2.406,-2.661
0.05,1100,8.971,3.815,6.642
0.05,1101,-1.421,5.043,-2.448
0.05,1102,0.661,-7.728,1.446
0.05,1103,5.523,-8.458,-0.267
0.05,1104,-9.286,9.225,-8.129
0.05,1105,3.751,-1.117,-2.399
0.05,1106,-3.001,3.649,2.237
0.05,1107,-0.365,8.730,2.925
0.05,1108,1.743,-8.967,-3.741
0.05,1109,0.457,-3.257,-6.764
0.05,1110,-3.636,8.811,-1.914
0.05,1111,7.841,-4.543,-1.289
0.05,1112,3.963,7.688,3.829
0.05,1113,-8.687,5.864,9.831
0.05,1114,6.131,-7.865,-5.891
0.05,1115,1.047,-5.814,2.891
0.05,1116,-0.185,0.025,7.996
0.05,1117,3.963,-7.323,-10.837
0.05,1118,3.699,4.466,-1.320
0.05,1119,6.942,0.495,-5.547
0.05,1120,-0.704,0.145,-8.464
0.05,1121,4.015,-5.145,6.782
0.05,1122,-5.007,-3.060,-6.793
0.05,1123,8.485,2.257,-7.190
0.05,1124,0.873,7.159,2.534
0.05,1125,-6.515,5.783,-9.826
0.05,1126,0.583,1.064,5.788
0.05,1127,3.857,4.615,-6.491
0.05,1128,-4.351,-8.736,-8.529
0.05,1129,4.915,2.622,-10.107
0.05,1130,-8.905,5.819,3.242
0.05,1131,9.932,-1.829,-9.601
0.05,1132,0.895,8.224,-2.390
0.05,1133,7.479,5.669,-7.785
0.05,1134,1.659,-6.882,-6.245
0.05,1135,-8.317,9.085,2.167
0.05,1136,8.107,5.105,0.898
0.05,1137,4.067,-0.318,-2.441
0.05,1138,-6.307,8.732,-1.925
0.05,1139,4.502,7.618,-1.735
0.05,1140,-7.023,-7.437,2.553
0.05,1141,4.100,-4.547,-6.854
0.05,1142,-0.127,5.881,2.552
0.05,1143,2.780,0.137,5.830
0.05,1144,2.172,9.869,-0.641
0.05,1145,-3.615,8.430,2.170
0.05,1146,-4.554,-6.029,5.971
0.05,1147,-7.021,-8.934,4.964
0.05,1148,-7.269,-4.450,-10.621
0.05,1149,2.280,-2.181,-2.604
0.05,1150,-6.768,5.081,-8.040
0.05,1151,0.529,8.640,5.737
0.05,1152,5.657,-4.624,7.119
0.05,1153,-6.402,-4.360,-7.620
0.05,1154,-7.951,-3.828,0.024
0.05,1155,-4.482,9.263,-3.146
0.05,1156,0.562,6.977,3.497
0.05,1157,-3.929,4.503,-2.496
0.05,1158,-2.308,2.023,-2.494
0.05,1159,3.416,7.842,-8.653
0.05,1160,-8.417,-3.977,-0.361
0.05,1161,-2.979,-8.068,1.798
0.05,1162,6.103,-7.022,3.057
0.05,1163,4.443,6.887,-6.162
0.05,1164,-5.105,-5.340,-10.970
0.05,1165,-1.986,-3.092,-8.469
0.05,1166,1.326,-3.782,0.675
0.05,1167,5.103,-0.048,-2.118
0.05,1168,3.234,-9.832,9.831
0.05,1169,3.113,8.047,2.962
0.05,1170,8.956,1.289,-10.950
0.05,1171,-2.767,3.732,8.204
0.05,1172,-3.512,-5.267,-2.037
0.05,1173,1.356,-0.108,2.211
0.05,1174,-4.147,0.819,-2.355
0.05,1175,0.492,5.512,-10.951
0.05,1176,8.616,2.944,-9.020
0.05,1177,6.789,-3.964,-2.649
0.05,1178,-6.498,-6.753,5.346
0.05,1179,4.974,2.494,-7.961
0.05,1180,-1.288,9.447,1.972
0.05,1181,8.629,8.410,-4.280
0.05,1182,2.772,3.323,-2.490
0.05,1183,-3.709,7.554,-1.372
0.05,1184,-7.934,-4.234,-2.505
0.05,1185,-6.780,-3.350,-6.943
0.05,1186,0.550,8.908,2.548
0.05,1187,7.335,7.112,-9.977
0.05,1188,-2.782,1.077,8.658
0.05,1189,-8.646,-5.716,-7.798
0.05,1190,-0.079,2.329,5.697
0.05,1191,7.626,3.382,3.386
0.05,1192,0.485,-5.720,-1.037
0.05,1193,0.027,-8.240,-10.740
0.05,1194,-2.768,3.312,-1.575
0.05,1195,8.643,-8.315,2.442
0.05,1196,9.948,1.735,-4.423
0.05,1197,-7.052,-7.894,-6.516
0.05,1198,-6.341,8.900,6.497
0.05,1199,-5.393,5.773,-10.999
0.05,1200,4.748,-0.737,-2.775
0.05,1201,-0.128,-5.506,-10.502
0.05,1202,8.376,6.920,-2.996
0.05,1203,-4.497,9.958,5.554
0.05,1204,7.759,7.292,-4.127
0.05,1205,-5.026,-2.244,-2.438
0.05,1206,2.566,9.834,-3.838
0.05,1207,1.742,9.889,3.768
0.05,1208,-5.358,-2.187,-9.170
0.05,1209,5.977,-2.656,-2.409
0.05,1210,2.112,1.647,-2.525
0.05,1211,5.792,-1.497,-10.137
0.05,1212,-5.438,-7.973,-6.678
0.05,1213,-4.304,2.494,-9.535
0.05,1214,-5.806,-3.427,-11.171
0.05,1215,5.258,2.457,-9.913
0.05,1216,7.299,4.010,-8.596
0.05,1217,3.738,8.832,9.086
0.05,1218,6.530,7.464,-0.251
0.05,1219,6.158,1.414,-3.244
0.05,1220,6.744,-3.572,-10.399
0.05,1221,1.327,6.521,-4.090
0.05,1222,0.360,-7.652,-9.726
0.05,1223,-9.010,6.803,-3.683
0.05,1224,7.510,8.507,-4.329
0.05,1225,8.869,9.892,-5.244
0.05,1226,5.590,-8.987,-1.109
0.05,1227,7.520,7.808,0.186
0.05,1228,3.634,-4.919,6.702
0.05,1229,-5.415,1.363,2.765
0.05,1230,-2.877,3.543,-1.265
0.05,1231,-9.188,-7.223,-9.403
0.05,1232,5.740,9.927,-7.568
0.05,1233,3.331,1.371,-2.450
0.05,1234,-8.987,-7.296,-8.712
0.05,1235,4.107,-3.759,-2.479
0.05,1236,-9.442,-2.076,-7.359
0.05,1237,-9.167,-0.666,-1.807
0.05,1238,5.933,7.487,-5.148
0.05,1239,-6.176,6.033,9.152
0.05,1240,2.825,-3.523,-1.792
0.05,1241,8.579,-3.428,6.735
0.05,1242,-7.721,-7.721,3.033
0.05,1243,-7.671,-5.460,-1.942
0.05,1244,4.964,1.495,6.822
0.05,1245,4.305,6.162,-1.009
0.05,1246,-3.190,2.565,8.452
0.05,1247,-4.437,-2.831,-8.491
0.05,1248,7.574,5.874,-8.940
0.05,1249,-4.417,7.085,-8.094
0.05,1250,-5.067,8.453,-1.388
0.05,1251,-9.475,-7.831,-8.588
0.05,1252,5.931,2.347,-6.315
0.05,1253,7.928,-8.580,3.009
0.05,1254,1.444,8.301,6.180
0.05,1255,2.711,2.806,-2.462
0.05,1256,-1.011,2.842,-2.996
0.05,1257,0.798,6.720,9.273
0.05,1258,-0.606,3.184,2.594
0.05,1259,-3.653,-7.775,-7.677
0.05,1260,-2.517,5.119,-5.826
0.05,1261,1.257,-6.757,2.950
0.05,1262,-3.920,-6.684,4.821
0.05,1263,-9.578,-3.424,-11.221
0.05,1264,8.274,0.648,-1.980
0.05,1265,1.184,8.411,5.073
0.05,1266,0.535,-6.599,-4.509
0.05,1267,-0.815,5.990,-11.097
0.05,1268,-5.429,-9.370,-8.943
0.05,1269,-2.890,5.804,2.225
0.05,1270,3.394,-2.910,-1.358
0.05,1271,6.109,8.571,0.249
0.05,1272,-0.093,0.871,-1.092
0.05,1273,-3.756,2.288,7.389
0.05,1274,1.720,-1.474,-10.534
0.05,1275,3.513,-0.611,9.663
0.05,1276,-0.798,7.025,-2.394
0.05,1277,-4.343,6.653,-8.984
0.05,1278,-2.784,-7.881,-3.110
0.05,1279,-3.949,-1.562,-2.546
0.05,1280,-4.626,5.271,-10.284
0.05,1281,6.824,-7.843,3.175
0.05,1282,2.742,-3.383,-1.907
0.05,1283,8.144,-0.701,-6.883
0.05,1284,-4.032,5.736,-5.633
0.05,1285,-9.710,5.993,4.408
0.05,1286,3.323,2.934,-2.467
0.05,1287,5.297,-6.332,8.935
0.05,1288,0.936,7.381,-6.276
0.05,1289,-4.238,7.926,5.716
0.05,1290,3.150,-1.568,2.611
0.05,1291,5.676,-5.248,-2.313
0.05,1292,-6.512,-9.985,9.426
0.05,1293,3.908,4.208,2.583
0.05,1294,-3.359,2.429,-2.461
0.05,1295,5.989,-7.435,6.134
0.05,1296,3.715,-6.652,-5.860
0.05,1297,2.042,-1.044,-3.988
0.05,1298,3.190,0.976,-2.475
0.05,1299,-9.102,-5.668,2.624
0.05,1300,2.094,-2.141,9.674
0.05,1301,-0.374,2.179,-10.506
0.05,1302,4.595,7.379,3.203
0.05,1303,2.580,-1.057,-6.949
0.05,1304,-6.723,5.702,-5.184
0.05,1305,4.800,1.896,7.034
0.05,1306,8.624,9.893,-2.249
0.05,1307,-6.352,-0.167,-0.386
0.05,1308,-3.235,-9.642,-5.626
0.05,1309,4.277,3.237,-0.597
0.05,1310,-5.904,-8.828,9.022
0.05,1311,-6.519,-9.586,9.092
0.05,1312,6.047,-6.453,5.657
0.05,1313,4.325,-2.761,2.604
0.05,1314,-2.740,-4.044,2.706
0.05,1315,2.874,-3.067,6.677
0.05,1316,-1.828,8.591,-0.375
0.05,1317,-0.746,-9.324,-2.771
0.05,1318,-3.759,8.292,5.689
0.05,1319,-8.809,2.479,4.251
0.05,1320,1.081,-1.295,8.983
0.05,1321,2.533,4.293,-1.337
0.05,1322,-4.237,8.328,-7.983
0.05,1323,1.726,0.875,-7.006
0.05,1324,-4.235,-5.869,6.222
0.05,1325,-2.417,-7.288,-2.636
0.05,1326,-2.586,-8.455,-7.699
0.05,1327,0.778,0.188,-8.326
0.05,1328,5.421,-8.082,7.040
0.05,1329,0.687,-2.200,8.263
0.05,1330,3.439,2.055,-10.888
0.05,1331,-9.500,2.615,-1.207
0.05,1332,-9.121,-7.787,-8.765
0.05,1333,8.935,3.003,-7.252
0.05,1334,6.147,-4.191,-2.459
0.05,1335,0.729,7.921,-8.228
0.05,1336,-9.192,2.166,-10.267
0.05,1337,3.470,-2.387,6.780
0.05,1338,-1.197,-8.937,4.918
0.05,1339,-0.125,9.653,-8.247
0.05,1340,-5.282,-7.264,-10.475
0.05,1341,7.157,1.131,1.845
0.05,1342,0.384,-5.354,7.098
0.05,1343,8.066,3.205,-7.342
0.05,1344,-1.917,2.091,1.474
0.05,1345,-9.739,-1.625,-10.670
0.05,1346,9.835,1.845,-8.873
0.05,1347,3.831,-7.558,-9.388
0.05,1348,8.239,0.562,-11.253
0.05,1349,8.140,0.273,2.294
0.05,1350,-4.336,-1.206,-2.506
0.05,1351,-6.767,3.222,9.523
0.05,1352,9.068,8.587,8.577
0.05,1353,-4.189,8.024,-7.617
0.05,1354,-0.355,-9.974,4.419
0.05,1355,0.840,6.864,-8.893
0.05,1356,8.042,-1.815,4.518
0.05,1357,1.605,9.332,-4.962
0.05,1358,-6.461,-6.375,4.127
0.05,1359,-8.456,8.764,-11.217
0.05,1360,3.599,-0.996,2.633
0.05,1361,-4.200,-1.755,-2.382
0.05,1362,9.940,-8.952,-7.151
0.05,1363,4.980,9.289,-1.940
0.05,1364,5.532,9.032,-0.869
0.05,1365,9.474,-7.622,6.936
0.05,1366,8.243,9.064,-4.294
0.05,1367,0.551,7.824,-2.728
0.05,1368,-9.294,4.870,-1.737
0.05,1369,-6.081,-0.274,7.060
0.05,1370,-6.448,-3.291,-10.515
0.05,1371,-8.265,-1.896,-8.450
0.05,1372,-1.009,5.760,2.307
0.05,1373,-0.532,-6.760,-5.893
0.05,1374,3.094,-2.301,5.854
0.05,1375,-9.156,7.848,5.598
0.05,1376,2.745,5.756,3.179
0.05,1377,-8.732,-4.965,-5.245
0.05,1378,6.864,2.179,1.729
0.05,1379,5.546,-7.110,9.538
0.05,1380,-7.350,3.838,-1.434
0.05,1381,-6.041,3.570,-2.218
0.05,1382,5.624,2.094,4.653
0.05,1383,-7.926,-0.542,-9.224
0.05,1384,2.494,-9.258,3.398
0.05,1385,-6.860,-8.457,-8.046
0.05,1386,5.820,-7.133,-8.470
0.05,1387,-0.049,0.044,-4.464
0.05,1388,4.577,2.688,-3.029
0.05,1389,1.059,-3.932,8.815
0.05,1390,-3.865,8.316,3.996
0.05,1391,0.337,-6.804,4.824
0.05,1392,-2.374,6.056,-9.665
0.05,1393,-1.743,-1.788,5.672
0.05,1394,4.099,-5.187,2.525
0.05,1395,1.303,-9.399,-2.329
0.05,1396,-0.831,-3.182,-2.456
0.05,1397,-0.951,3.240,-2.061
0.05,1398,5.740,-5.608,-2.554
0.05,1399,0.856,-3.246,9.324
0.05,1400,0.073,-9.069,-2.690
0.05,1401,0.431,-2.793,2.181
0.05,1402,2.084,-1.231,7.324
0.05,1403,-1.116,1.760,-0.509
0.05,1404,-4.308,2.207,8.649
0.05,1405,6.673,-0.286,-1.479
0.05,1406,-5.802,-8.495,-2.494
0.05,1407,-2.484,-5.879,3.090
0.05,1408,-8.898,3.614,-6.250
0.05,1409,-5.048,-0.588,7.167
0.05,1410,1.342,0.753,4.624
0.05,1411,-0.356,6.670,-2.409
0.05,1412,-8.993,8.404,5.015
0.05,1413,6.762,1.385,-2.706
0.05,1414,5.635,0.944,2.201
0.05,1415,-9.946,1.336,9.905
0.05,1416,0.415,-0.785,6.345
0.05,1417,-7.606,4.189,-3.077
0.05,1418,-5.437,-3.335,-0.540
0.05,1419,8.152,0.985,-8.921
0.05,1420,-6.932,-5.707,1.777
0.05,1421,-2.677,5.428,9.623
0.05,1422,1.136,-0.660,-8.019
0.05,1423,-6.835,-6.847,-2.913
0.05,1424,0.306,0.764,2.431
0.05,1425,-6.669,-5.054,-7.344
0.05,1426,-6.377,-3.812,-2.385
0.05,1427,1.381,-0.459,1.803
0.05,1428,-1.773,1.214,-10.223
0.05,1429,5.289,-4.302,2.785
0.05,1430,-5.899,-7.319,-3.094
0.05,1431,1.673,1.186,-8.667
0.05,1432,-4.556,-1.966,-6.848
0.05,1433,-7.564,-8.900,4.119
0.05,1434,-7.507,2.243,-1.394
0.05,1435,-3.974,6.624,2.309
0.05,1436,3.167,-3.133,2.565
0.05,1437,2.348,0.198,8.043
0.05,1438,-5.187,7.419,-9.199
0.05,1439,-9.179,2.274,9.096
0.05,1440,-4.553,5.403,1.957
0.05,1441,5.810,-5.480,1.248
0.05,1442,-7.976,5.575,-10.402
0.05,1443,3.640,-2.586,2.954
0.05,1444,3.126,0.550,-7.833
0.05,1445,4.353,0.788,-2.520
0.05,1446,-5.529,6.911,1.121
0.05,1447,-1.052,-3.447,-6.502
0.05,1448,-7.460,-3.766,-3.096
0.05,1449,0.956,-3.483,-10.746
0.05,1450,-3.851,-7.451,-2.285
0.05,1451,-4.038,-2.032,-8.413
0.05,1452,-7.515,9.846,-0.914
0.05,1453,5.097,-7.846,3.214
0.05,1454,-9.963,9.744,2.847
0.05,1455,-6.440,-9.450,5.587
0.05,1456,4.448,0.363,-8.682
0.05,1457,-3.087,8.676,-1.859
0.05,1458,0.120,7.665,1.854
0.05,1459,7.434,3.214,9.691
0.05,1460,7.143,-6.025,-7.666
0.05,1461,-5.311,-6.026,9.058
0.05,1462,-3.329,-4.825,-6.678
0.05,1463,-4.022,6.824,-8.472
0.05,1464,-2.614,-2.943,-7.359
0.05,1465,-1.523,0.301,-8.157
0.05,1466,4.906,-0.703,-5.018
0.05,1467,-7.070,-3.536,9.563
0.05,1468,-4.422,-7.345,-10.464
0.05,1469,-9.586,2.211,-6.534
0.05,1470,-4.465,-6.236,-10.842
0.05,1471,8.569,-5.367,-10.742
0.05,1472,-9.189,7.703,3.063
0.05,1473,-8.155,6.090,6.588
0.05,1474,1.541,-0.724,10.015
0.05,1475,-6.443,3.001,-10.390
0.05,1476,9.333,0.870,-2.232
0.05,1477,5.223,-3.503,7.120
0.05,1478,4.946,-5.248,-9.635
0.05,1479,-7.134,1.883,2.127
0.05,1480,3.143,-4.341,-11.198
0.05,1481,4.826,6.582,3.149
0.05,1482,3.571,-7.143,-10.206
0.05,1483,-2.309,-1.611,2.573
0.05,1484,-0.154,-5.979,-3.916
0.05,1485,-7.743,-1.701,-2.810
0.05,1486,-7.688,4.378,-1.108
0.05,1487,1.903,-2.332,8.180
0.05,1488,-9.079,6.738,3.693
0.05,1489,1.958,3.625,-2.360
0.05,1490,-1.652,-2.660,2.617
0.05,1491,0.327,1.397,7.440
0.05,1492,-6.658,8.565,-10.672
0.05,1493,-7.105,7.875,-6.230
0.05,1494,-2.744,-4.629,7.377
0.05,1495,4.202,-1.555,-10.927
0.05,1496,-6.828,2.903,4.417
0.05,1497,-5.883,4.878,1.752
0.05,1498,1.525,1.167,-7.976
0.05,1499,-7.687,5.123,3.349
0.05,1500,-2.566,3.302,-2.501
0.05,1501,-6.096,4.425,6.869
0.05,1502,-8.168,6.790,5.576
0.05,1503,8.045,0.366,-6.124
0.05,1504,5.697,2.571,9.025
0.05,1505,5.984,-8.688,3.358
0.05,1506,9.321,-4.205,-1.972
0.05,1507,-4.397,-1.125,-2.539
0.05,1508,2.324,-6.927,-1.470
0.05,1509,2.922,-5.707,8.812
0.05,1510,3.857,-6.755,-2.910
0.05,1511,4.843,6.349,1.399
0.05,1512,8.048,-4.215,2.342
0.05,1513,6.999,-8.516,-10.891
0.05,1514,7.554,0.543,-8.373
0.05,1515,-7.202,3.329,9.964
0.05,1516,-1.345,-4.806,3.208
0.05,1517,4.746,5.535,6.748
0.05,1518,6.967,9.313,-6.026
0.05,1519,6.944,-0.430,-10.500
0.05,1520,7.320,-1.964,5.992
0.05,1521,-9.392,8.524,-8.261
0.05,1522,-3.985,-6.035,9.300
0.05,1523,-5.134,0.369,-8.957
0.05,1524,5.265,7.460,-9.477
0.05,1525,-7.971,-3.222,-8.336
0.05,1526,5.709,-5.430,-8.386
0.05,1527,9.194,5.029,3.976
0.05,1528,-3.359,3.208,-6.837
0.05,1529,6.853,3.039,1.951
0.05,1530,-9.228,-0.259,1.248
0.05,1531,10.004,3.421,0.032
0.05,1532,-7.799,7.897,1.719
0.05,1533,-7.475,-3.889,-9.096
0.05,1534,-6.683,2.578,-1.332
0.05,1535,-3.396,1.344,-8.135
0.05,1536,-8.925,-5.051,9.007
0.05,1537,4.310,0.863,-2.492
0.05,1538,-1.662,3.261,6.906
0.05,1539,-9.198,-9.149,-2.874
0.05,1540,-5.153,9.693,4.971
0.05,1541,-4.013,2.195,-2.524
0.05,1542,1.897,-3.173,-7.214
0.05,1543,4.488,-7.558,-6.298
0.05,1544,7.545,1.988,-1.759
0.05,1545,-2.008,2.109,-2.580
0.05,1546,-6.828,8.949,-0.008
0.05,1547,-2.407,1.432,-2.511
0.05,1548,8.834,2.269,-1.953
0.05,1549,0.376,4.902,-11.106
0.05,1550,-9.584,6.947,8.964
0.05,1551,3.334,1.633,5.733
0.05,1552,-8.435,-0.552,-4.425
0.05,1553,5.640,4.325,-8.791
0.05,1554,-4.705,4.407,2.408
0.05,1555,5.779,-3.222,-6.860
0.05,1556,-7.076,2.633,-1.411
0.05,1557,-4.327,-0.102,8.406
0.05,1558,-7.740,0.962,8.524
0.05,1559,-7.392,-3.934,-7.569
0.05,1560,-3.136,2.694,-2.380
0.05,1561,-8.648,-8.340,1.334
0.05,1562,3.135,5.258,-2.211
0.05,1563,5.241,7.216,-7.289
0.05,1564,-8.315,-6.389,8.818
0.05,1565,2.481,-3.927,2.622
0.05,1566,-4.671,-2.305,2.546
0.05,1567,-5.561,8.954,-1.020
0.05,1568,-1.019,5.755,-2.418
0.05,1569,0.936,1.452,-5.598
0.05,1570,4.253,8.627,-1.730
0.05,1571,-8.815,4.343,-8.797
0.05,1572,-8.549,4.443,5.322
0.05,1573,9.109,6.589,4.037
0.05,1574,-7.777,2.334,-3.211
0.05,1575,-3.521,-1.212,-7.411
0.05,1576,-2.866,6.753,8.890
0.05,1577,-2.867,2.374,0.276
0.05,1578,-5.762,7.904,-1.685
0.05,1579,-3.838,-6.501,6.831
0.05,1580,-6.419,-8.678,-8.035
0.05,1581,-2.930,-8.404,-2.401
0.05,1582,0.151,-5.070,-2.300
0.05,1583,-1.816,8.274,-8.445
0.05,1584,8.005,1.397,-7.054
0.05,1585,0.115,0.036,1.326
0.05,1586,-6.552,-2.131,1.872
0.05,1587,7.748,-2.540,-2.471
0.05,1588,-0.902,-3.332,-6.424
0.05,1589,-2.662,3.043,8.573
0.05,1590,-2.402,-1.239,5.765
0.05,1591,-7.004,-8.130,-6.420
0.05,1592,-9.828,-6.819,-1.705
0.05,1593,-4.890,8.693,1.915
0.05,1594,-4.546,-8.637,4.039
0.05,1595,8.947,1.045,-7.209
0.05,1596,4.691,-9.357,-5.359
0.05,1597,-7.094,-9.589,-0.776
0.05,1598,2.183,-9.412,-2.285
0.05,1599,1.332,9.599,-1.910
0.05,1600,6.301,-9.711,-0.057
0.05,1601,-0.410,4.403,-10.195
0.05,1602,-2.381,-1.514,5.984
0.05,1603,0.302,-3.252,7.176
0.05,1604,8.659,9.799,2.597
0.05,1605,7.496,6.891,-1.329
0.05,1606,-3.811,9.398,9.624
0.05,1607,4.657,-1.587,-2.498
0.05,1608,7.660,-4.195,1.578
0.05,1609,-6.189,4.770,-7.278
0.05,1610,-3.530,2.398,-0.598
0.05,1611,-6.401,2.650,5.852
0.05,1612,-9.899,1.290,-4.042
0.05,1613,2.220,-8.314,-10.532
0.05,1614,-0.717,-5.005,-7.980
0.05,1615,-4.693,-9.178,1.718
0.05,1616,9.560,-4.436,-3.198
0.05,1617,9.210,1.228,-7.249
0.05,1618,1.857,4.364,7.115
0.05,1619,2.382,-7.750,-1.507
0.05,1620,5.937,-6.191,5.630
0.05,1621,0.019,8.797,4.804
0.05,1622,1.519,5.885,3.618
0.05,1623,6.505,0.065,9.154
0.05,1624,4.812,-7.826,5.497
0.05,1625,-3.049,1.298,-7.043
0.05,1626,-2.905,7.501,-9.407
0.05,1627,5.015,0.003,-2.335
0.05,1628,-1.739,-5.008,-9.043
0.05,1629,8.940,-0.097,3.272
0.05,1630,1.862,-1.983,7.211
0.05,1631,5.898,7.969,-8.379
0.05,1632,5.326,-2.631,-1.292
0.05,1633,-7.126,-3.050,9.924
0.05,1634,0.066,4.398,-2.517
0.05,1635,0.330,1.437,7.476
0.05,1636,-2.238,-4.616,3.135
0.05,1637,6.276,-8.491,5.913
0.05,1638,-0.391,9.310,-3.722
0.05,1639,7.576,-8.656,8.921
0.05,1640,-0.028,-4.422,-2.642
0.05,1641,-9.334,-3.119,9.388
0.05,1642,-8.918,5.488,3.094
0.05,1643,-6.224,-1.930,2.031
0.05,1644,3.256,-6.617,9.859
0.05,1645,2.697,-5.857,9.408
0.05,1646,8.863,1.857,4.152
0.05,1647,6.669,4.215,-7.652
0.05,1648,8.134,-7.628,-5.780
0.05,1649,4.711,2.869,1.760
0.05,1650,-0.506,-5.539,2.059
0.05,1651,2.291,3.771,-5.434
0.05,1652,9.156,-8.420,-6.656
0.05,1653,-4.643,8.238,-1.088
0.05,1654,5.696,-0.812,-7.599
0.05,1655,-9.552,-6.036,-2.379
0.05,1656,-5.372,0.341,-2.075
0.05,1657,3.416,1.600,-11.221
0.05,1658,-4.767,-0.908,-7.506
0.05,1659,4.265,-2.609,2.492
0.05,1660,3.650,4.454,9.485
0.05,1661,-3.368,7.773,7.199
0.05,1662,-5.302,3.027,-9.907
0.05,1663,-9.455,-6.431,-1.239
0.05,1664,2.276,9.068,2.279
0.05,1665,-6.727,3.629,2.107
0.05,1666,-8.933,7.269,-3.606
0.05,1667,2.758,0.917,8.504
0.05,1668,9.861,-6.255,-7.124
0.05,1669,-6.262,0.394,9.773
0.05,1670,0.536,4.562,7.347
0.05,1671,-5.909,3.336,9.395
0.05,1672,-5.832,9.514,6.547
0.05,1673,-9.893,-9.097,-7.517
0.05,1674,3.152,6.594,-0.171
0.05,1675,2.248,-1.281,5.923
0.05,1676,2.098,-7.246,-11.358
0.05,1677,-1.215,3.628,7.033
0.05,1678,1.196,-7.168,0.406
0.05,1679,0.714,-9.198,-1.274
0.05,1680,-7.949,7.961,-8.321
0.05,1681,-8.538,-1.114,3.026
0.05,1682,-3.566,9.216,2.255
0.05,1683,-2.635,3.244,9.602
0.05,1684,-2.916,-2.300,2.585
0.05,1685,3.829,6.076,-1.701
0.05,1686,-7.459,6.153,-5.866
0.05,1687,6.472,-8.377,-1.621
0.05,1688,-0.099,5.451,7.059
0.05,1689,0.921,3.459,7.164
0.05,1690,-7.990,-9.335,-7.691
0.05,1691,2.686,4.012,4.379
0.05,1692,-8.592,5.523,-1.064
0.05,1693,8.188,-6.716,0.462
0.05,1694,-3.973,8.147,-3.942
0.05,1695,-5.971,5.622,5.507
0.05,1696,2.667,-5.705,-7.027
0.05,1697,5.830,4.264,9.106
0.05,1698,5.654,-9.664,2.495
0.05,1699,5.062,-0.190,0.737
0.05,1700,1.288,2.585,6.631
0.05,1701,5.059,6.370,-5.158
0.05,1702,2.808,0.079,-10.965
0.05,1703,4.217,5.297,1.861
0.05,1704,-2.818,4.652,-8.517
0.05,1705,-8.116,-9.814,-2.617
0.05,1706,-0.718,4.903,7.476
0.05,1707,-0.601,9.372,7.168
0.05,1708,0.393,-7.310,6.944
0.05,1709,0.590,-3.381,-2.449
0.05,1710,8.317,-0.487,-7.350
0.05,1711,3.782,0.681,-2.474
0.05,1712,-4.511,-8.726,-2.010
0.05,1713,8.592,-0.023,6.005
0.05,1714,-4.666,-7.002,5.599
0.05,1715,-0.330,3.473,2.605
0.05,1716,-7.436,7.661,5.958
0.05,1717,8.204,-0.212,-2.132
0.05,1718,9.177,7.784,-9.802
0.05,1719,-4.389,5.395,3.752
0.05,1720,4.405,7.203,9.531
0.05,1721,-5.070,3.886,1.754
0.05,1722,7.609,1.419,6.886
0.05,1723,9.386,7.167,-8.125
0.05,1724,10.091,-5.876,-6.294
0.05,1725,-4.689,-4.763,-2.450
0.05,1726,-9.201,-7.623,9.229
0.05,1727,-8.046,7.462,5.772
0.05,1728,-8.040,0.232,9.986
0.05,1729,-4.187,-3.664,1.923
0.05,1730,2.750,-3.265,-2.422
0.05,1731,6.802,-0.753,-2.135
0.05,1732,5.418,-0.540,-6.914
0.05,1733,5.873,-6.290,8.403
0.05,1734,8.246,3.792,1.434
0.05,1735,3.030,-8.161,-1.989
0.05,1736,6.998,0.746,4.337
0.05,1737,9.401,-4.454,2.559
0.05,1738,-7.347,5.028,-4.844
0.05,1739,-8.848,-3.763,2.676
0.05,1740,-1.573,-0.573,8.763
0.05,1741,2.661,-0.350,5.334
0.05,1742,-3.807,1.273,-2.451
0.05,1743,0.891,8.042,6.789
0.05,1744,2.672,-8.210,-6.603
0.05,1745,1.042,2.126,4.100
0.05,1746,2.752,8.055,2.966
0.05,1747,-3.096,1.731,-10.999
0.05,1748,-7.315,-3.057,-10.769
0.05,1749,-0.264,4.711,2.665
0.05,1750,3.652,7.545,-10.463
0.05,1751,-5.872,5.844,-3.456
0.05,1752,-7.855,-1.186,-10.887
0.05,1753,-0.203,8.097,-2.412
0.05,1754,0.893,2.507,-2.398
0.05,1755,3.268,-0.725,-2.616
0.05,1756,-7.449,-5.681,-3.588
0.05,1757,-6.209,3.578,2.088
0.05,1758,8.086,1.876,-8.087
0.05,1759,-0.763,-8.394,-9.414
0.05,1760,-1.751,7.822,-0.009
0.05,1761,8.957,-8.616,-4.273
0.05,1762,-9.812,-6.581,-2.682
0.05,1763,-1.570,1.529,7.069
0.05,1764,3.991,7.013,5.254
0.05,1765,-0.781,7.965,-0.747
0.05,1766,-5.470,-3.612,-2.443
0.05,1767,-6.400,-4.034,-2.246
0.05,1768,7.997,-0.466,3.580
0.05,1769,6.020,-9.707,1.878
0.05,1770,4.538,1.851,2.972
0.05,1771,-0.837,2.003,-2.508
0.05,1772,-7.196,0.087,-8.599
0.05,1773,-7.850,8.222,-3.699
0.05,1774,-3.049,-9.394,5.123
0.05,1775,3.422,9.344,-8.452
0.05,1776,9.582,-6.465,-8.365
0.05,1777,9.017,2.605,-8.817
0.05,1778,-3.781,0.091,-8.568
0.05,1779,-6.453,-5.481,5.402
0.05,1780,-7.931,-1.464,-2.071
0.05,1781,3.083,5.947,-1.801
0.05,1782,-6.866,5.118,-9.538
0.05,1783,-6.047,7.326,-2.634
0.05,1784,-2.068,-6.518,7.280
0.05,1785,-2.800,4.291,-2.479
0.05,1786,-3.905,9.730,2.096
0.05,1787,7.613,-9.387,1.471
0.05,1788,-5.997,9.272,5.959
0.05,1789,-1.246,-6.527,2.423
0.05,1790,4.960,-9.247,3.630
0.05,1791,0.844,7.416,9.907
0.05,1792,-2.158,-8.327,-11.092
0.05,1793,2.628,1.898,6.459
0.05,1794,-2.108,-8.260,-0.230
0.05,1795,2.454,3.501,-2.465
0.05,1796,-9.733,9.075,8.679
0.05,1797,-2.555,-1.911,2.601
0.05,1798,0.428,7.663,9.347
0.05,1799,-6.636,9.732,-2.189
0.05,1800,-4.377,-8.379,0.059
0.05,1801,8.296,5.128,-5.926
0.05,1802,7.064,5.746,-8.938
0.05,1803,-6.154,-8.046,6.300
0.05,1804,-4.293,-5.779,2.082
0.05,1805,-0.382,9.217,-8.450
0.05,1806,-3.448,-0.224,7.265
0.05,1807,5.783,-2.346,-6.850
0.05,1808,2.018,-2.189,6.791
0.05,1809,4.596,-0.852,-2.483
0.05,1810,-0.963,-5.970,-4.636
0.05,1811,4.412,-9.985,-7.741
0.05,1812,5.421,2.589,-2.687
0.05,1813,0.191,-5.156,6.902
0.05,1814,7.638,3.595,-8.095
0.05,1815,-1.129,-2.327,-2.685
0.05,1816,-0.670,6.289,-7.717
0.05,1817,5.206,6.807,-7.299
0.05,1818,9.360,5.502,6.075
0.05,1819,-7.130,2.409,-6.281
0.05,1820,-5.113,9.838,-7.661
0.05,1821,-7.381,-0.928,-9.704
0.05,1822,4.023,-6.663,-0.595
0.05,1823,9.451,3.183,-9.216
0.05,1824,9.895,-5.641,-9.262
0.05,1825,-4.814,8.361,-9.251
0.05,1826,-7.035,-6.392,5.511
0.05,1827,0.054,4.023,2.356
0.05,1828,-8.336,-2.060,-7.207
0.05,1829,0.237,1.559,4.478
0.05,1830,4.361,-3.171,-2.456
0.05,1831,1.998,-6.838,6.855
0.05,1832,4.548,-3.925,0.734
0.05,1833,0.277,1.241,6.575
0.05,1834,5.160,0.250,-7.077
0.05,1835,-1.115,-2.406,6.832
0.05,1836,-1.785,2.180,-6.591
0.05,1837,4.439,-0.014,-11.063
0.05,1838,7.131,3.115,9.099
0.05,1839,-2.046,-0.997,-5.186
0.05,1840,-5.821,-8.055,-2.197
0.05,1841,-8.230,-3.086,9.162
0.05,1842,-1.773,5.422,-11.076
0.05,1843,-4.089,3.608,-1.037
0.05,1844,1.447,1.229,-11.221
0.05,1845,-1.362,-6.698,-7.352
0.05,1846,1.327,-9.900,2.792
0.05,1847,9.053,-1.198,4.771
0.05,1848,-1.619,-1.180,2.454
0.05,1849,-2.904,7.672,8.687
0.05,1850,9.347,6.452,-5.592
0.05,1851,-7.474,2.024,-7.092
0.05,1852,-2.116,-3.624,-2.463
0.05,1853,-4.006,4.842,-6.236
0.05,1854,6.611,3.122,-2.933
0.05,1855,1.590,2.984,-7.805
0.05,1856,-1.096,3.298,-2.051
0.05,1857,8.939,-5.595,4.813
0.05,1858,-8.068,2.749,-8.494
0.05,1859,-8.602,3.311,3.747
0.05,1860,-8.937,-0.004,-5.684
0.05,1861,5.943,-6.339,-1.058
0.05,1862,3.681,-3.764,-1.687
0.05,1863,4.194,3.154,-3.031
0.05,1864,-0.622,-0.664,7.622
0.05,1865,-1.412,8.461,5.666
0.05,1866,1.093,4.820,-11.357
0.05,1867,-8.065,7.237,-7.492
0.05,1868,-3.781,-9.925,8.918
0.05,1869,-2.352,9.135,3.226
0.05,1870,-3.301,9.328,2.793
0.05,1871,-1.849,-1.727,2.496
0.05,1872,1.191,6.061,-2.479
0.05,1873,-4.715,7.022,1.868
0.05,1874,-6.293,-4.860,-8.087
0.05,1875,4.490,-1.071,2.954
0.05,1876,8.582,2.713,-2.148
0.05,1877,3.559,0.809,5.053
0.05,1878,8.323,3.607,-2.841
0.05,1879,6.351,-9.241,-0.840
0.05,1880,9.943,-1.005,0.849
0.05,1881,3.378,-2.757,2.564
0.05,1882,-3.678,-0.602,-2.466
0.05,1883,-9.137,-0.446,-2.347
0.05,1884,-3.356,2.499,-2.470
0.05,1885,-7.597,-3.369,5.980
0.05,1886,-1.350,7.283,-2.333
0.05,1887,-3.787,2.119,-7.382
0.05,1888,-2.115,0.841,-7.267
0.05,1889,7.538,3.014,1.508
0.05,1890,5.133,-4.398,-1.747
0.05,1891,0.622,-8.821,-5.535
0.05,1892,-8.507,8.070,6.680
0.05,1893,-5.832,7.762,1.229
0.05,1894,0.810,2.761,9.008
0.05,1895,5.893,-7.857,5.513
0.05,1896,-0.005,2.444,5.594
0.05,1897,6.042,6.443,0.160
0.05,1898,-0.823,1.938,-1.003
0.05,1899,-9.224,-6.422,3.115
0.05,1900,4.259,-8.620,3.842
0.05,1901,-1.719,-4.745,7.387
0.05,1902,7.943,6.147,-10.652
0.05,1903,7.268,-6.465,-6.555
0.05,1904,8.904,-9.413,-6.137
0.05,1905,-5.917,-8.076,-0.886
0.05,1906,0.324,3.738,5.577
0.05,1907,-0.129,-1.506,7.371
0.05,1908,-4.091,-3.306,-2.433
0.05,1909,9.246,3.413,-11.007
0.05,1910,-6.740,9.146,4.156
0.05,1911,9.811,8.914,1.037
0.05,1912,0.378,4.127,-6.668
0.05,1913,8.591,2.611,3.183
0.05,1914,6.955,9.926,6.403
0.05,1915,0.014,6.955,2.560
0.05,1916,-5.815,-2.582,2.052
0.05,1917,-4.538,1.707,-7.706
0.05,1918,-3.794,6.264,5.363
0.05,1919,-9.756,5.298,-7.151
0.05,1920,9.921,-5.033,6.203
0.05,1921,-0.449,-1.678,6.916
0.05,1922,-5.662,2.114,8.553
0.05,1923,-4.692,-8.304,5.406
0.05,1924,4.961,0.950,7.112
0.05,1925,3.155,9.289,2.879
0.05,1926,-0.036,7.884,-2.486
0.05,1927,0.586,-5.866,5.370
0.05,1928,0.156,-8.693,-2.423
0.05,1929,1.212,6.408,8.390
0.05,1930,4.250,-3.457,-6.274
0.05,1931,-9.894,-7.446,-3.085
0.05,1932,-5.232,-3.310,-2.433
0.05,1933,-1.159,6.752,-10.245
0.05,1934,7.608,9.915,0.224
0.05,1935,-9.217,4.141,-4.098
0.05,1936,3.701,7.894,-2.518
0.05,1937,-3.712,3.366,7.209
0.05,1938,-9.546,-2.814,-9.851
0.05,1939,-9.516,2.772,-1.018
0.05,1940,6.176,1.423,6.180
0.05,1941,-4.189,0.941,3.604
0.05,1942,7.373,-8.214,1.986
0.05,1943,-1.892,-8.821,6.818
0.05,1944,6.027,-6.612,4.685
0.05,1945,8.345,-9.036,-5.359
0.05,1946,-5.549,4.730,-9.956
0.05,1947,2.359,2.483,3.420
0.05,1948,-3.412,4.927,3.323
0.05,1949,-2.732,-1.649,2.617
0.05,1950,1.162,-8.440,-6.944
0.05,1951,-10.058,-5.248,-0.896
0.05,1952,8.107,9.796,5.516
0.05,1953,6.196,-9.299,4.526
0.05,1954,7.008,-2.586,-2.947
0.05,1955,6.843,9.927,-6.851
0.05,1956,8.403,9.368,9.245
0.05,1957,-4.705,8.283,2.251
0.05,1958,-7.222,-4.025,2.421
0.05,1959,-7.812,6.136,-3.213
0.05,1960,-6.970,-4.351,2.913
0.05,1961,5.809,-1.575,-2.146
0.05,1962,6.389,2.795,-1.392
0.05,1963,-7.453,-5.988,-5.451
0.05,1964,3.462,-0.945,-6.862
0.05,1965,-1.369,-7.590,-1.636
0.05,1966,-4.698,-7.191,5.654
0.05,1967,6.082,-9.400,5.653
0.05,1968,5.933,8.588,1.983
0.05,1969,-9.033,-3.133,1.972
0.05,1970,-3.580,0.152,-7.451
0.05,1971,7.675,9.697,3.125
0.05,1972,-1.975,-6.728,2.791
0.05,1973,-3.948,-2.392,2.543
0.05,1974,1.429,-3.961,-7.379
0.05,1975,-5.605,-7.264,-9.509
0.05,1976,-1.358,8.712,6.536
0.05,1977,1.955,-9.961,4.371
0.05,1978,-8.375,-1.828,2.343
0.05,1979,-9.097,-5.126,1.220
0.05,1980,-5.452,-5.609,-8.132
0.05,1981,0.024,-1.029,2.514
0.05,1982,4.706,-1.912,-10.371
0.05,1983,-3.250,3.869,6.496
0.05,1984,1.412,3.740,-1.916
0.05,1985,1.951,-0.841,2.440
0.05,1986,-8.792,-4.129,3.109
0.05,1987,9.122,-7.945,2.808
0.05,1988,5.493,6.043,2.785
0.05,1989,-0.736,-6.968,-1.835
0.05,1990,-3.242,3.482,-10.752
0.05,1991,-3.584,-3.447,-1.535
0.05,1992,3.034,-2.159,-2.345
0.05,1993,3.699,7.447,2.650
0.05,1994,6.136,-7.371,-1.452
0.05,1995,1.514,1.484,-1.486
0.05,1996,-9.872,2.892,-4.189
0.05,1997,-4.898,7.118,0.245
0.05,1998,-7.195,4.552,5.882
0.05,1999,-7.821,-7.106,9.493
0.05,2000,-3.876,6.463,3.542
0.05,2001,-4.578,-2.964,1.901
0.05,2002,2.113,-9.308,-10.060
0.05,2003,-4.210,-8.155,1.060
0.05,2004,5.166,3.981,-1.135
0.05,2005,-3.177,-3.806,2.422
0.05,2006,4.843,2.301,-7.229
0.05,2007,0.301,-0.353,7.659
0.05,2008,6.540,-7.251,7.104
0.05,2009,1.559,-7.892,0.720
0.05,2010,3.140,0.347,-2.431
0.05,2011,-6.036,7.535,-0.782
0.05,2012,6.647,5.594,-10.296
0.05,2013,2.108,-5.127,2.760
0.05,2014,-0.221,-9.667,-0.875
0.05,2015,-9.126,-4.134,-1.821
0.05,2016,7.856,2.473,-8.685
0.05,2017,-6.393,8.531,8.965
0.05,2018,0.061,6.174,2.378
0.05,2019,-5.166,4.986,-8.532
0.05,2020,-4.950,-6.317,-9.379
0.05,2021,9.637,4.017,5.099
0.05,2022,-2.243,2.878,-2.489
0.05,2023,5.057,-9.167,-10.596
0.05,2024,-6.901,3.039,-0.627
0.05,2025,-8.939,1.348,-10.592
0.05,2026,0.927,-8.589,1.208
0.05,2027,7.085,-8.878,-4.023
0.05,2028,5.331,-1.565,-2.667
0.05,2029,3.208,0.309,-0.277
0.05,2030,6.878,6.625,-7.788
0.05,2031,-2.117,0.503,-2.612
0.05,2032,-6.277,0.588,2.153
0.05,2033,-7.731,-7.300,-4.518
0.05,2034,1.258,3.542,-10.659
0.05,2035,-6.460,3.466,-2.453
0.05,2036,4.822,-0.412,6.988
0.05,2037,-4.379,-3.506,-2.426
0.05,2038,-2.586,-0.306,7.361
0.05,2039,4.450,5.768,-11.183
0.05,2040,-3.595,-6.810,-10.641
0.05,2041,8.331,-9.140,-4.154
0.05,2042,4.906,8.048,1.745
0.05,2043,-3.316,-4.525,7.075
0.05,2044,3.953,-7.800,3.338
0.05,2045,3.348,-2.180,2.622
0.05,2046,3.260,2.293,4.315
0.05,2047,-4.422,-5.472,1.686
0.05,2048,-2.626,6.078,6.735
0.05,2049,4.031,-5.811,2.304
0.05,2050,-0.473,-1.974,-7.285
0.05,2051,9.534,-1.038,8.988
0.05,2052,7.972,9.405,6.467
0.05,2053,3.879,5.599,-7.270
0.05,2054,7.531,7.423,-5.857
0.05,2055,9.134,6.159,2.041
0.05,2056,4.809,9.318,-7.124
0.05,2057,5.422,9.397,-7.751
0.05,2058,5.131,-3.159,-10.639
0.05,2059,8.782,-0.911,7.100
0.05,2060,7.726,0.481,-1.561
0.05,2061,-6.100,1.285,0.851
0.05,2062,-3.937,2.848,2.577
0.05,2063,-2.937,-0.372,2.450
0.05,2064,6.892,-9.075,6.819
0.05,2065,0.904,2.433,5.121
0.05,2066,-6.479,2.739,-6.542
0.05,2067,-1.713,-3.693,2.012
0.05,2068,5.850,-6.896,-10.456
0.05,2069,7.242,4.147,-6.428
0.05,2070,-5.530,3.131,-9.680
0.05,2071,3.219,-1.386,-1.806
0.05,2072,7.126,-5.063,-8.332
0.05,2073,-7.511,-8.251,-2.923
0.05,2074,-3.062,3.869,-7.844
0.05,2075,-9.847,-5.255,6.204
0.05,2076,8.383,2.518,-6.556
0.05,2077,-1.455,-2.304,2.024
0.05,2078,-0.110,3.045,6.224
0.05,2079,9.528,7.589,-4.932
0.05,2080,-9.983,3.573,7.084
0.05,2081,-1.670,7.907,2.227
0.05,2082,-7.414,-7.085,2.329
0.05,2083,-2.330,7.745,6.476
0.05,2084,-9.417,-1.643,-9.157
0.05,2085,4.784,-2.754,2.511
0.05,2086,-3.362,-3.429,-2.473
0.05,2087,1.383,5.069,7.485
0.05,2088,3.561,1.239,-6.910
0.05,2089,9.301,1.516,3.966
0.05,2090,-7.095,-3.920,2.602
0.05,2091,-7.401,4.326,-1.590
0.05,2092,0.517,-1.239,-5.029
0.05,2093,-3.524,-9.644,-2.747
0.05,2094,2.272,8.926,1.748
0.05,2095,6.936,3.922,-9.460
0.05,2096,-6.972,5.514,2.837
0.05,2097,3.609,-1.346,7.179
0.05,2098,-0.557,-1.991,-1.252
0.05,2099,-2.515,-4.827,6.359
0.05,2100,7.835,-4.822,-8.554
0.05,2101,-7.711,-3.212,9.597
0.05,2102,-7.819,-3.407,-2.503
0.05,2103,-9.230,-1.352,-2.069
0.05,2104,-3.562,-8.129,-6.422
0.05,2105,-3.161,0.463,-7.186
0.05,2106,-3.639,4.959,-9.499
0.05,2107,2.497,2.073,-6.918
0.05,2108,5.429,-0.164,-1.538
0.05,2109,-5.795,2.101,-8.931
0.05,2110,4.610,-9.775,6.354
0.05,2111,3.472,1.003,-6.841
0.05,2112,1.674,5.005,7.288
0.05,2113,-6.287,7.082,-1.499
0.05,2114,-9.476,7.593,-0.660
0.05,2115,-3.800,-7.432,-6.538
0.05,2116,-8.106,-2.305,-2.862
0.05,2117,-0.526,-3.025,2.804
0.05,2118,-9.946,-2.248,9.695
0.05,2119,-3.093,-3.547,6.372
0.05,2120,7.642,-0.169,6.282
0.05,2121,-7.894,-8.643,6.817
0.05,2122,-2.396,-4.456,-2.207
0.05,2123,9.524,0.817,6.456
0.05,2124,-6.894,-1.331,6.946
0.05,2125,-3.147,-5.901,-10.346
0.05,2126,7.108,-7.215,-1.396
0.05,2127,-2.624,6.288,1.933
0.05,2128,-0.364,0.999,7.604
0.05,2129,-2.803,-1.275,-8.277
0.05,2130,-8.863,7.517,-5.726
0.05,2131,6.434,-7.833,-6.670
0.05,2132,7.697,8.105,-10.491
0.05,2133,5.015,-7.629,5.522
0.05,2134,8.549,1.916,1.879
0.05,2135,0.692,1.429,-1.169
0.05,2136,-4.950,-0.561,8.742
0.05,2137,8.621,-3.683,-2.315
0.05,2138,-9.292,-1.639,-8.478
0.05,2139,-1.939,6.322,2.297
0.05,2140,0.954,-7.958,6.305
0.05,2141,-0.076,0.371,-5.767
0.05,2142,-2.784,9.414,-7.585
0.05,2143,-8.959,-4.219,-0.181
0.05,2144,7.769,-4.448,-1.951
0.05,2145,2.277,-1.321,-10.964
0.05,2146,2.842,-1.648,-7.047
0.05,2147,9.160,-5.977,0.361
0.05,2148,2.188,4.297,-2.290
0.05,2149,1.155,5.585,-9.556
0.05,2150,-2.615,-5.887,2.353
0.05,2151,-1.584,8.919,-6.952
0.05,2152,9.208,2.485,-0.583
0.05,2153,-8.515,0.504,3.757
0.05,2154,-1.923,-6.432,2.433
0.05,2155,8.164,-7.921,6.533
0.05,2156,3.509,4.303,7.121
0.05,2157,-1.918,7.857,4.826
0.05,2158,-3.038,4.365,-1.119
0.05,2159,1.834,3.686,5.095
0.05,2160,-3.714,6.752,1.631
0.05,2161,-5.592,7.730,3.839
0.05,2162,4.910,-7.754,-7.267
0.05,2163,-1.688,-6.578,2.639
0.05,2164,-1.162,-1.695,6.480
0.05,2165,6.501,8.268,-11.320
0.05,2166,-4.392,2.001,8.415
0.05,2167,1.668,1.145,-7.486
0.05,2168,-5.847,2.311,-1.976
0.05,2169,-9.688,1.205,5.681
0.05,2170,-0.818,8.500,5.348
0.05,2171,-8.811,-2.499,-9.543
0.05,2172,-6.064,8.924,2.978
0.05,2173,1.746,-3.088,4.214
0.05,2174,0.885,-4.485,2.823
0.05,2175,-5.240,-8.081,-9.312
0.05,2176,2.229,-3.289,2.108
0.05,2177,-6.783,3.205,4.476
0.05,2178,6.710,-3.102,6.869
0.05,2179,1.248,2.078,-4.380
0.05,2180,5.453,2.363,-10.514
0.05,2181,-4.466,-0.874,-9.411
0.05,2182,-4.552,-7.344,-0.203
0.05,2183,9.037,1.823,-4.403
0.05,2184,6.276,9.218,-8.585
0.05,2185,9.529,4.484,-8.644
0.05,2186,0.303,9.591,-7.545
0.05,2187,-4.953,-2.735,2.490
0.05,2188,8.501,8.138,2.980
0.05,2189,-1.845,2.438,9.603
0.05,2190,8.102,-3.383,-2.012
0.05,2191,-8.744,-4.545,-2.646
0.05,2192,9.256,-8.451,-8.808
0.05,2193,3.072,-3.803,-7.120
0.05,2194,-0.552,-1.992,7.317
0.05,2195,1.770,-1.793,-4.706
0.05,2196,1.307,-1.795,-6.951
0.05,2197,8.949,5.193,-7.702
0.05,2198,-1.968,-4.010,-2.281
0.05,2199,8.142,-8.774,-6.986
0.05,2200,-3.746,6.499,-1.890
0.05,2201,-2.106,7.831,-1.616
0.05,2202,1.564,9.404,-10.428
0.05,2203,-1.423,-0.599,-1.207
0.05,2204,3.555,1.121,-7.089
0.05,2205,2.814,3.774,7.141
0.05,2206,-2.197,-2.002,2.558
0.05,2207,3.035,-4.939,-7.119
0.05,2208,3.478,2.318,-2.796
0.05,2209,8.309,1.226,-6.337
0.05,2210,1.450,-7.266,4.555
0.05,2211,-5.385,-2.289,-2.051
0.05,2212,-9.548,6.752,-2.777
0.05,2213,-5.627,6.010,-6.432
0.05,2214,1.462,-7.521,-10.362
0.05,2215,-8.648,-1.931,1.983
0.05,2216,-1.211,-8.810,-0.427
0.05,2217,-8.619,1.355,-10.178
0.05,2218,9.572,5.876,0.245
0.05,2219,0.236,-4.103,-0.681
0.05,2220,6.739,6.264,-9.409
0.05,2221,-2.304,1.464,0.874
0.05,2222,-8.604,3.984,-8.021
0.05,2223,6.131,-1.382,2.181
0.05,2224,-0.449,2.622,-2.358
0.05,2225,4.058,2.101,-11.426
0.05,2226,3.521,-5.964,-10.767
0.05,2227,-1.577,-8.178,7.005
0.05,2228,-6.061,-2.640,-2.334
0.05,2229,-7.392,-0.896,-2.376
0.05,2230,-1.668,0.166,-8.268
0.05,2231,5.696,-8.843,9.585
0.05,2232,-7.037,-9.384,-9.068
0.05,2233,-8.446,-2.622,-8.133
0.05,2234,-7.426,7.392,2.852
0.05,2235,1.050,-5.809,-2.044
0.05,2236,0.692,-3.282,-2.453
0.05,2237,-3.483,-7.833,-1.692
0.05,2238,7.418,2.954,-2.714
0.05,2239,3.034,8.272,8.779
0.05,2240,2.866,-5.249,-9.998
0.05,2241,-1.573,7.876,2.362
0.05,2242,-8.770,2.808,0.178
0.05,2243,-9.676,1.531,3.254
0.05,2244,9.810,-0.622,0.164
0.05,2245,5.823,0.642,3.438
0.05,2246,4.581,3.444,-6.054
0.05,2247,8.007,-4.897,2.547
0.05,2248,-5.362,0.495,6.653
0.05,2249,7.881,1.939,-2.301
0.05,2250,0.168,-8.069,-4.845
0.05,2251,-0.126,-9.607,1.613
0.05,2252,-5.554,7.953,-7.667
0.05,2253,-0.320,-2.232,-6.312
0.05,2254,-6.935,0.900,-1.601
0.05,2255,3.825,-5.063,-2.224
0.05,2256,-4.092,-2.299,-6.178
0.05,2257,3.021,-9.495,-2.343
0.05,2258,-3.248,-6.657,-5.678
0.05,2259,-4.446,-9.197,2.496
0.05,2260,0.144,-7.301,-5.642
0.05,2261,-0.304,2.058,2.581
0.05,2262,7.240,6.136,-3.743
0.05,2263,-3.259,8.816,-9.736
0.05,2264,7.424,4.277,0.073
0.05,2265,-1.259,-2.662,6.310
0.05,2266,0.128,8.834,7.220
0.05,2267,-2.582,0.641,8.456
0.05,2268,1.194,3.903,5.749
0.05,2269,6.204,9.564,3.655
0.05,2270,5.404,1.047,2.919
0.05,2271,-1.370,1.724,8.165
0.05,2272,3.845,8.489,1.861
0.05,2273,6.603,-5.071,-2.351
0.05,2274,5.846,6.110,-5.999
0.05,2275,3.316,-1.940,-6.976
0.05,2276,-4.559,-5.296,-10.097
0.05,2277,9.362,5.382,-5.418
0.05,2278,-5.024,-1.936,3.102
0.05,2279,7.441,-2.704,-7.731
0.05,2280,9.488,-3.038,3.184
0.05,2281,9.304,5.928,-10.679
0.05,2282,0.561,3.809,7.038
0.05,2283,3.706,3.262,-0.263
0.05,2284,4.591,-4.219,-2.451
0.05,2285,3.534,-6.246,-6.596
0.05,2286,-0.852,-3.524,0.107
0.05,2287,9.007,-2.989,-2.100
0.05,2288,-6.384,3.747,1.696
0.05,2289,9.884,6.218,-3.562
0.05,2290,0.515,5.596,-6.577
0.05,2291,-1.427,-1.155,-8.218
0.05,2292,5.143,-3.914,-7.027
0.05,2293,9.425,8.674,-3.420
0.05,2294,1.731,-5.732,-10.296
0.05,2295,0.577,-8.110,-9.863
0.05,2296,-1.869,-3.330,4.263
0.05,2297,7.352,2.936,9.316
0.05,2298,-3.518,0.580,-7.649
0.05,2299,-9.379,2.650,-6.856
0.05,2300,3.897,-0.429,2.796
0.05,2301,0.110,-5.620,-7.336
0.05,2302,-0.960,3.686,-9.313
0.05,2303,-0.625,9.567,10.050
0.05,2304,5.185,4.042,2.527
0.05,2305,3.234,-6.647,-8.944
0.05,2306,1.252,0.245,-5.027
0.05,2307,3.463,6.158,9.268
0.05,2308,-7.225,8.273,8.703
0.05,2309,-6.149,3.326,2.764
0.05,2310,-9.276,-4.670,2.500
0.05,2311,-1.785,-2.935,7.165
0.05,2312,-3.357,-8.769,-10.044
0.05,2313,-0.114,-2.197,1.191
0.05,2314,2.062,2.204,2.299
0.05,2315,8.903,-1.087,-2.714
0.05,2316,-6.656,5.246,-7.323
0.05,2317,-8.671,9.478,-5.844
0.05,2318,7.621,-3.403,-8.441
0.05,2319,-6.203,3.289,10.050
0.05,2320,-7.170,-7.605,-8.076
0.05,2321,6.614,-6.393,2.190
0.05,2322,1.112,0.827,-11.050
0.05,2323,-7.810,-7.821,2.750
0.05,2324,-2.271,-8.629,10.050
0.05,2325,1.238,6.002,-7.133
0.05,2326,2.691,8.165,2.552
0.05,2327,-2.940,-2.144,2.601
0.05,2328,0.828,4.550,-2.493
0.05,2329,-6.193,5.236,3.830
0.05,2330,-9.713,-6.822,-9.160
0.05,2331,-4.512,-2.111,2.637
0.05,2332,-3.385,-6.489,7.128
0.05,2333,-3.776,2.548,-8.200
0.05,2334,-9.646,9.977,5.552
0.05,2335,-5.622,-2.837,-2.420
0.05,2336,8.562,5.683,-1.932
0.05,2337,-5.572,-7.564,-9.938
0.05,2338,5.505,7.441,-11.044
0.05,2339,0.337,-9.197,-10.062
0.05,2340,4.780,5.165,-7.498
0.05,2341,-1.388,-5.047,3.255
0.05,2342,1.889,-8.527,-9.042
0.05,2343,-4.562,-7.898,-4.458
0.05,2344,-8.731,6.352,2.123
0.05,2345,-1.188,2.900,-6.804
0.05,2346,-1.502,2.342,-2.946
0.05,2347,-9.685,2.060,-1.892
0.05,2348,-6.698,-6.489,-2.501
0.05,2349,-2.078,1.135,-2.581
0.05,2350,4.087,1.229,7.178
0.05,2351,-2.212,-0.699,7.306
0.05,2352,1.237,9.670,-5.248
0.05,2353,-7.503,-7.736,-9.150
0.05,2354,-8.228,-0.419,-11.425
0.05,2355,-8.875,-7.689,-1.989
0.05,2356,0.334,1.419,-5.770
0.05,2357,2.905,9.690,1.722
0.05,2358,-0.939,2.035,2.495
0.05,2359,3.777,-3.729,-2.455
0.05,2360,-0.894,-1.563,-6.968
0.05,2361,-3.162,-6.076,3.117
0.05,2362,-9.113,-3.764,-2.872
0.05,2363,0.190,2.852,5.291
0.05,2364,-1.429,6.982,-5.985
0.05,2365,5.883,5.634,-2.356
0.05,2366,6.404,-3.160,-2.450
0.05,2367,0.039,2.037,2.569
0.05,2368,8.281,-6.563,6.203
0.05,2369,3.941,-2.042,2.585
0.05,2370,3.594,5.358,-11.373
0.05,2371,-1.209,-6.646,2.766
0.05,2372,-3.592,-2.529,-2.217
0.05,2373,-9.812,7.570,9.822
0.05,2374,7.799,-4.120,3.464
0.05,2375,-5.514,-2.780,7.027
0.05,2376,9.850,-1.350,1.114
0.05,2377,-0.118,-3.873,-7.419
0.05,2378,-9.903,1.475,5.130
0.05,2379,3.192,1.800,-2.439
0.05,2380,-7.679,-4.567,-2.513
0.05,2381,-4.224,-2.962,7.240
0.05,2382,1.485,3.698,-2.386
0.05,2383,-9.359,2.882,5.718
0.05,2384,9.518,4.541,-4.944
0.05,2385,-8.612,-4.305,3.230
0.05,2386,-2.185,-8.849,4.596
0.05,2387,4.895,8.409,2.769
0.05,2388,-8.931,-7.867,-7.163
0.05,2389,-1.583,5.087,1.803
0.05,2390,-4.959,9.656,6.539
0.05,2391,-7.566,5.335,-1.275
0.05,2392,-2.939,5.718,4.842
0.05,2393,7.525,4.465,-3.422
0.05,2394,0.437,2.425,6.203
0.05,2395,9.649,-8.933,-3.342
0.05,2396,5.684,-8.260,-0.749
0.05,2397,0.680,-1.536,-3.433
0.05,2398,5.748,8.715,-2.104
0.05,2399,-0.846,-1.487,-5.572
0.05,2400,-8.087,8.560,-7.697
0.05,2401,9.791,-4.096,-9.535
0.05,2402,0.164,-5.244,-7.592
0.05,2403,-6.144,6.684,-3.461
0.05,2404,-4.974,-8.259,-8.546
0.05,2405,3.485,8.714,-2.345
0.05,2406,8.609,9.922,4.506
0.05,2407,-5.195,0.272,8.406
0.05,2408,2.357,-2.262,2.503
0.05,2409,-1.212,-0.977,-5.972
0.05,2410,5.623,7.063,-1.917
0.05,2411,4.811,5.818,-1.673
0.05,2412,-6.071,4.739,6.382
0.05,2413,-0.158,4.490,7.975
0.05,2414,-8.221,-7.042,0.715
0.05,2415,-6.762,-0.913,6.535
0.05,2416,-7.899,-6.904,-7.488
0.05,2417,3.728,-8.981,-6.069
0.05,2418,-1.624,-4.586,-2.278
0.05,2419,-1.405,1.896,-0.958
0.05,2420,-4.929,4.912,7.101
0.05,2421,6.558,5.198,-11.229
0.05,2422,2.283,-5.987,0.156
0.05,2423,-1.137,4.662,7.348
0.05,2424,4.898,4.315,8.859
0.05,2425,7.541,7.403,-7.736
0.05,2426,-6.785,-6.136,-7.459
0.05,2427,5.710,9.411,-4.899
0.05,2428,-0.081,-9.886,-4.224
0.05,2429,7.752,1.931,-2.022
0.05,2430,-4.810,-8.792,3.899
0.05,2431,5.067,-3.167,-6.178
0.05,2432,-4.982,5.399,-2.397
0.05,2433,9.140,2.835,0.045
0.05,2434,6.575,5.337,-1.492
0.05,2435,-0.232,0.173,1.926
0.05,2436,1.984,-3.246,-6.947
0.05,2437,8.755,-2.703,-0.578
0.05,2438,-5.156,-1.812,2.875
0.05,2439,7.706,6.514,4.124
0.05,2440,6.036,6.997,4.780
0.05,2441,8.441,-8.037,6.432
0.05,2442,-3.722,8.972,-7.149
0.05,2443,-3.358,0.724,-9.221
0.05,2444,-8.843,-4.170,-11.044
0.05,2445,2.981,1.331,-11.224
0.05,2446,-0.283,3.808,-7.802
0.05,2447,3.310,6.003,-6.829
0.05,2448,-1.054,-9.229,8.711
0.05,2449,-4.039,3.817,-10.071
0.05,2450,6.444,9.479,0.762
0.05,2451,-9.195,1.404,-2.131
0.05,2452,-0.875,-5.192,-6.152
0.05,2453,6.022,6.629,-0.209
0.05,2454,1.472,0.949,-9.313
0.05,2455,3.192,-8.699,-0.033
0.05,2456,-0.712,7.187,7.360
0.05,2457,-4.565,-5.760,8.632
0.05,2458,-7.585,7.522,-9.567
0.05,2459,-8.571,0.466,-4.587
0.05,2460,6.698,7.361,-9.781
0.05,2461,7.392,-3.398,-10.911
0.05,2462,4.079,-2.030,2.557
0.05,2463,0.718,-7.759,-1.256
0.05,2464,1.773,8.129,2.165
0.05,2465,-9.501,1.071,3.821
0.05,2466,-2.160,-1.659,-8.110
0.05,2467,7.849,5.165,-8.545
0.05,2468,5.233,-8.854,-8.710
0.05,2469,0.322,0.931,5.025
0.05,2470,8.994,4.740,-4.407
0.05,2471,-8.993,-4.226,3.709
0.05,2472,-6.566,-4.225,2.326
0.05,2473,4.930,3.886,-10.869
0.05,2474,-1.754,3.772,-1.566
0.05,2475,9.649,-5.703,-4.937
0.05,2476,6.044,-0.847,2.596
0.05,2477,5.688,-8.727,-2.224
0.05,2478,-3.764,-9.868,-11.239
0.05,2479,8.024,-2.368,-2.396
0.05,2480,-4.802,-2.826,1.710
0.05,2481,-0.068,8.995,6.914
0.05,2482,3.929,-9.307,8.605
0.05,2483,3.479,7.714,1.850
0.05,2484,-9.602,0.625,5.900
0.05,2485,4.654,-9.576,4.950
0.05,2486,2.317,2.375,-2.478
0.05,2487,-4.527,8.049,-8.174
0.05,2488,1.874,-4.376,2.717
0.05,2489,-6.471,1.617,-1.661
0.05,2490,6.661,-5.929,4.972
0.05,2491,0.440,-6.487,2.625
0.05,2492,-3.842,5.028,-10.826
0.05,2493,-4.426,5.143,-6.320
0.05,2494,-5.330,-7.227,6.378
0.05,2495,-3.592,4.875,-2.311
0.05,2496,3.583,-7.548,-5.569
0.05,2497,-4.228,4.894,3.959
0.05,2498,-8.719,-6.683,2.790
0.05,2499,-8.367,-3.795,-1.636
0.05,2500,-9.053,6.431,1.444
0.05,2501,-1.164,-1.157,-8.131
0.05,2502,5.835,6.742,-3.292
0.05,2503,2.265,-1.053,5.575
0.05,2504,-9.489,3.798,4.561
0.05,2505,3.618,1.576,-7.055
0.05,2506,2.048,-6.167,7.336
0.05,2507,-6.803,-1.058,6.812
0.05,2508,-4.484,4.600,2.013
0.05,2509,7.876,-2.487,0.601
0.05,2510,4.044,8.408,4.223
0.05,2511,0.663,-8.470,-9.493
0.05,2512,4.376,-3.525,2.894
0.05,2513,-2.462,0.610,-5.227
0.05,2514,-9.520,7.928,-4.703
0.05,2515,8.593,-0.281,-2.023
0.05,2516,2.036,4.830,7.404
0.05,2517,9.594,9.421,3.447
0.05,2518,-7.722,3.273,-5.582
0.05,2519,-0.880,8.633,-2.284
0.05,2520,-4.407,2.776,7.320
0.05,2521,0.240,-4.443,2.669
0.05,2522,2.311,1.989,-2.485
0.05,2523,-4.277,3.122,0.069
0.05,2524,-9.022,8.600,-4.184
0.05,2525,1.896,-5.768,2.825
0.05,2526,-3.206,-8.942,-8.579
0.05,2527,2.699,8.845,-10.900
0.05,2528,3.612,6.985,-9.165
0.05,2529,-8.605,-4.088,-7.850
0.05,2530,-4.940,6.075,-1.815
0.05,2531,-9.041,9.434,0.359
0.05,2532,1.711,-9.374,4.754
0.05,2533,9.590,5.528,-4.237
0.05,2534,-3.165,2.884,-10.628
0.05,2535,2.546,-4.469,-5.343
0.05,2536,4.129,6.468,-1.845
0.05,2537,-6.093,9.998,-9.087
0.05,2538,-2.913,4.122,5.592
0.05,2539,8.604,-1.996,6.549
0.05,2540,2.735,8.864,-8.827
0.05,2541,-9.484,-0.331,7.000
0.05,2542,0.759,3.914,-2.580
0.05,2543,9.616,4.458,-4.824
0.05,2544,-6.228,7.447,-7.893
0.05,2545,-5.971,3.710,2.010
0.05,2546,1.720,-1.320,-6.650
0.05,2547,-6.188,9.880,-9.692
0.05,2548,-1.694,-1.003,7.410
0.05,2549,-7.709,4.203,-1.990
0.05,2550,-5.999,3.830,2.830
0.05,2551,-6.511,-1.260,-2.433
0.05,2552,5.315,1.589,-6.648
0.05,2553,1.437,3.598,-2.519
0.05,2554,8.123,2.725,-3.317
0.05,2555,-5.776,-5.070,-2.530
0.05,2556,4.576,8.339,9.522
0.05,2557,-3.099,7.102,2.030
0.05,2558,8.075,-0.676,5.851
0.05,2559,0.505,-5.134,2.913
0.05,2560,3.441,3.811,1.624
0.05,2561,-1.520,-8.270,-6.059
0.05,2562,-6.465,8.836,5.467
0.05,2563,3.466,-2.594,6.834
0.05,2564,-2.165,-9.770,5.562
0.05,2565,4.629,-6.837,-1.656
0.05,2566,-3.820,-2.397,-2.163
0.05,2567,-0.236,6.024,2.498
0.05,2568,6.221,-7.798,3.266
0.05,2569,6.639,-0.296,1.929
0.05,2570,-4.107,-8.295,10.050
0.05,2571,-1.630,-1.830,8.167
0.05,2572,2.112,5.892,2.596
0.05,2573,0.905,9.374,-7.916
0.05,2574,-4.355,8.228,6.701
0.05,2575,5.538,3.883,-1.821
0.05,2576,1.965,2.899,-2.492
0.05,2577,-4.682,1.383,0.771
0.05,2578,9.173,9.035,9.082
0.05,2579,-7.134,-7.692,9.351
0.05,2580,-6.459,4.573,5.356
0.05,2581,0.272,9.702,9.091
0.05,2582,-6.928,3.109,-7.005
0.05,2583,-4.305,-8.116,-7.854
0.05,2584,-1.151,-9.285,-9.095
0.05,2585,3.354,2.766,9.235
0.05,2586,4.038,-8.686,5.533
0.05,2587,-5.411,9.946,-6.922
0.05,2588,-4.170,2.290,-1.925
0.05,2589,3.434,-1.604,2.665
0.05,2590,-3.521,-3.594,-6.964
0.05,2591,2.801,-7.629,2.167
0.05,2592,1.467,-7.196,-2.432
0.05,2593,6.983,-3.862,1.269
0.05,2594,-6.489,0.444,-2.253
0.05,2595,2.712,-0.729,7.993
0.05,2596,7.246,0.185,-1.836
0.05,2597,-3.109,2.411,-2.441
0.05,2598,-6.433,-1.844,-5.103
0.05,2599,3.257,7.920,-2.203
0.05,2600,1.797,-3.087,-2.488
0.05,2601,0.145,-1.666,0.979
0.05,2602,0.081,-2.453,-2.628
0.05,2603,8.441,-3.585,-10.791
0.05,2604,-9.974,7.318,-3.609
0.05,2605,5.669,-8.640,2.905
0.05,2606,-2.158,-7.915,-9.925
0.05,2607,10.118,-6.782,-0.249
0.05,2608,0.055,-3.110,6.342
0.05,2609,0.383,-8.436,-0.771
0.05,2610,-8.302,-7.316,2.754
0.05,2611,-8.858,-1.390,-7.903
0.05,2612,1.072,-3.215,-2.485
0.05,2613,-4.131,-2.937,-2.369
0.05,2614,-8.990,3.263,8.890
0.05,2615,-6.137,-4.941,-5.277
0.05,2616,4.831,-7.087,-4.349
0.05,2617,3.853,6.771,-3.092
0.05,2618,-5.778,-5.033,4.318
0.05,2619,-2.969,-8.926,4.587
0.05,2620,-5.020,1.951,-1.838
0.05,2621,-8.966,-1.608,-2.010
0.05,2622,1.422,-3.218,7.285
0.05,2623,-7.543,0.238,-1.271
0.05,2624,9.325,8.706,-1.455
0.05,2625,2.542,-4.855,7.361
0.05,2626,-5.396,-2.820,2.295
0.05,2627,9.782,0.285,6.488
0.05,2628,7.662,-1.603,-8.482
0.05,2629,-3.237,-8.159,-2.720
0.05,2630,5.238,-2.475,7.105
0.05,2631,6.692,2.606,5.455
0.05,2632,2.901,0.737,-2.489
0.05,2633,-7.526,6.019,8.483
0.05,2634,6.438,-2.867,6.964
0.05,2635,7.525,0.602,9.827
0.05,2636,-3.414,-9.370,-7.554
0.05,2637,-8.685,-8.825,-10.385
0.05,2638,6.576,-7.866,-7.916
0.05,2639,2.274,1.221,6.689
0.05,2640,-3.974,-0.891,-2.638
0.05,2641,3.334,1.687,-7.115
0.05,2642,5.773,8.742,-10.198
0.05,2643,4.237,-5.704,8.432
0.05,2644,0.263,1.706,-6.968
0.05,2645,5.444,0.406,1.902
0.05,2646,1.942,-2.004,4.844
0.05,2647,0.433,3.620,2.653
0.05,2648,-6.039,-0.372,-7.860
0.05,2649,-7.976,-3.095,-1.846
0.05,2650,-4.192,6.365,-10.268
0.05,2651,3.419,3.873,2.150
0.05,2652,1.370,6.946,-7.523
0.05,2653,2.314,3.790,-7.422
0.05,2654,-9.453,2.820,-1.167
0.05,2655,-3.858,-3.350,2.508
0.05,2656,9.876,5.888,4.023
0.05,2657,0.872,0.887,-1.821
0.05,2658,-9.053,-8.934,-6.779
0.05,2659,-2.554,7.527,2.735
0.05,2660,2.231,1.891,6.721
0.05,2661,-6.093,-2.295,-2.478
0.05,2662,1.316,-6.718,-10.382
0.05,2663,5.899,6.285,-10.611
0.05,2664,0.480,-5.363,-11.170
0.05,2665,-0.748,9.887,-1.360
0.05,2666,-5.317,3.942,-8.784
0.05,2667,8.533,9.777,9.935
0.05,2668,7.117,-0.274,-0.624
0.05,2669,-3.273,-3.064,6.555
0.05,2670,-2.794,-7.404,-2.034
0.05,2671,6.282,-8.737,-5.686
0.05,2672,-7.158,6.268,-1.531
0.05,2673,-7.674,8.172,1.793
0.05,2674,-6.928,-9.712,3.692
0.05,2675,-4.481,1.334,-7.227
0.05,2676,9.481,-0.492,-8.479
0.05,2677,-1.526,5.028,-7.041
0.05,2678,-9.853,-5.349,-7.796
0.05,2679,-1.603,-5.581,-5.929
0.05,2680,1.882,-9.814,-8.706
0.05,2681,8.642,9.891,-9.089
0.05,2682,1.327,-2.867,1.885
0.05,2683,-6.646,-1.381,-3.330
0.05,2684,-0.228,2.368,-6.606
0.05,2685,0.603,7.101,2.415
0.05,2686,9.998,1.160,-3.645
0.05,2687,-3.370,-6.377,2.297
0.05,2688,-6.050,4.126,3.307
0.05,2689,-8.153,2.241,-11.405
0.05,2690,-7.883,0.953,-5.943
0.05,2691,-7.805,2.906,9.085
0.05,2692,-1.192,-2.622,-2.643
0.05,2693,-5.330,4.223,-9.554
0.05,2694,9.940,4.899,-9.146
0.05,2695,-5.211,-2.251,-2.454
0.05,2696,-7.491,8.877,-7.659
0.05,2697,2.590,-2.695,-6.693
0.05,2698,7.241,1.164,9.523
0.05,2699,-1.702,2.926,-6.918
0.05,2700,-2.236,-9.772,-3.488
0.05,2701,8.725,-8.882,-6.078
0.05,2702,2.687,1.654,0.091
0.05,2703,-0.718,5.411,-2.437
0.05,2704,0.825,4.612,7.263
0.05,2705,0.646,9.126,2.331
0.05,2706,2.064,-0.913,-2.190
0.05,2707,-9.376,-8.178,-8.870
0.05,2708,-1.957,-0.398,7.107
0.05,2709,-7.793,8.759,6.381
0.05,2710,-0.323,-6.586,2.244
0.05,2711,2.504,-6.521,-2.588
0.05,2712,-8.622,8.527,-4.464
0.05,2713,8.128,-5.751,6.744
0.05,2714,-4.154,9.441,-5.214
0.05,2715,3.660,2.093,6.113
0.05,2716,-0.596,7.454,-9.737
0.05,2717,-2.096,-8.755,2.742
0.05,2718,-3.974,-0.040,5.013
0.05,2719,-5.782,4.159,-6.552
0.05,2720,5.232,5.476,-1.635
0.05,2721,8.943,8.084,6.114
0.05,2722,-8.992,2.345,-3.958
0.05,2723,-9.677,-8.194,4.709
0.05,2724,7.457,0.804,-6.418
0.05,2725,3.640,7.122,9.904
0.05,2726,-8.758,-9.137,6.083
0.05,2727,8.300,-0.426,-8.696
0.05,2728,2.183,1.256,-8.616
0.05,2729,5.866,6.013,-10.472
0.05,2730,5.708,-4.445,-2.484
0.05,2731,-0.420,8.412,1.965
0.05,2732,-4.863,7.836,-9.077
0.05,2733,-2.401,10.048,-1.330
0.05,2734,-9.985,-5.479,4.372
0.05,2735,-0.494,8.164,-2.173
0.05,2736,-9.963,7.439,3.080
0.05,2737,-2.786,1.900,-6.917
0.05,2738,5.498,9.361,-2.641
0.05,2739,6.677,-5.780,-10.073
0.05,2740,-7.458,3.380,7.038
0.05,2741,-9.685,1.488,-1.481
0.05,2742,0.155,-8.294,5.315
0.05,2743,5.344,-1.687,7.994
0.05,2744,5.148,-1.723,7.270
0.05,2745,4.428,-1.655,9.817
0.05,2746,-9.500,7.565,0.159
0.05,2747,3.631,4.292,4.107
0.05,2748,7.681,-8.739,3.997
0.05,2749,-6.847,-5.420,1.981
0.05,2750,0.823,-7.892,-5.690
0.05,2751,-0.569,3.772,4.384
0.05,2752,-2.143,3.857,-1.813
0.05,2753,-2.337,-6.511,0.947
0.05,2754,2.677,2.893,8.380
0.05,2755,1.523,4.215,-2.512
0.05,2756,-8.826,5.290,7.089
0.05,2757,-7.023,-4.149,-2.607
0.05,2758,-9.935,8.482,9.767
0.05,2759,-2.986,3.572,0.641
0.05,2760,-8.557,-5.877,-7.201
0.05,2761,-2.089,-1.842,-6.131
0.05,2762,7.798,4.258,-4.882
0.05,2763,-3.918,1.913,7.261
0.05,2764,5.222,9.181,3.834
0.05,2765,8.328,8.352,6.349
0.05,2766,-4.320,-8.455,4.639
0.05,2767,-1.889,-4.590,3.036
0.05,2768,8.687,-0.535,0.998
0.05,2769,-8.764,8.012,5.039
0.05,2770,-8.166,-5.045,-1.900
0.05,2771,0.021,7.068,-2.463
0.05,2772,0.146,3.937,6.910
0.05,2773,-7.084,8.617,-7.173
0.05,2774,-5.030,-3.094,1.321
0.05,2775,-1.504,1.037,5.462
0.05,2776,-7.678,1.346,-6.510
0.05,2777,5.197,4.229,10.050
0.05,2778,9.662,-0.513,-4.676
0.05,2779,6.423,8.506,3.606
0.05,2780,-4.082,6.876,-5.813
0.05,2781,0.352,6.448,2.434
0.05,2782,-8.049,-9.931,-1.346
0.05,2783,-1.425,3.772,2.423
0.05,2784,3.261,-1.686,-10.850
0.05,2785,1.639,-1.880,-6.394
0.05,2786,3.554,-6.298,-5.698
0.05,2787,-6.487,9.570,-6.746
0.05,2788,-1.989,8.340,3.211
0.05,2789,3.512,-0.280,-10.479
0.05,2790,2.297,4.544,1.985
0.05,2791,5.592,2.973,0.236
0.05,2792,1.410,8.982,6.558
0.05,2793,4.175,-1.755,-6.912
0.05,2794,-0.478,-1.261,-7.229
0.05,2795,-9.680,8.208,-5.009
0.05,2796,-3.793,-1.098,7.324
0.05,2797,5.890,6.660,-3.339
0.05,2798,-3.063,-9.066,-9.235
0.05,2799,-9.511,8.891,-9.042
0.05,2800,3.597,1.084,2.540
0.05,2801,-7.396,-8.614,-5.407
0.05,2802,4.783,3.076,-6.613
0.05,2803,-5.270,-3.233,-2.423
0.05,2804,-8.141,1.540,-7.065
0.05,2805,9.230,-7.903,-1.413
0.05,2806,-5.518,-8.283,6.968
0.05,2807,-2.749,-2.364,2.568
0.05,2808,7.614,-7.501,-11.373
0.05,2809,1.787,-9.078,-5.219
0.05,2810,-7.155,-2.808,6.338
0.05,2811,6.763,-8.350,-9.858
0.05,2812,-7.979,-5.562,1.899
0.05,2813,-1.165,9.369,-2.224
0.05,2814,-3.622,8.134,-6.804
0.05,2815,1.901,-3.915,9.466
0.05,2816,8.837,-0.226,3.280
0.05,2817,-3.132,0.022,8.238
0.05,2818,-8.032,-4.309,-1.094
0.05,2819,-7.775,1.778,-4.965
0.05,2820,-7.396,-2.443,1.769
0.05,2821,-2.273,7.221,-9.013
0.05,2822,4.371,-4.454,-2.421
0.05,2823,2.263,5.857,-2.412
0.05,2824,-3.550,-2.615,-2.549
0.05,2825,6.285,8.524,5.443
0.05,2826,9.492,-8.206,-6.320
0.05,2827,1.062,-4.207,-2.461
0.05,2828,6.771,-6.066,1.651
0.05,2829,1.891,-0.463,5.488
0.05,2830,-6.545,-9.279,0.565
0.05,2831,2.294,-3.342,-2.459
0.05,2832,-7.039,-1.681,-10.364
0.05,2833,9.989,-7.748,5.486
0.05,2834,1.240,-3.816,-6.883
0.05,2835,-5.483,-6.368,0.760
0.05,2836,7.135,-6.375,-8.537
0.05,2837,4.552,7.273,-11.433
0.05,2838,-8.547,3.861,-4.481
0.05,2839,-8.369,-4.399,-2.285
0.05,2840,0.641,9.524,-8.302
0.05,2841,-8.985,-6.748,-5.943
0.05,2842,-3.321,6.796,2.912
0.05,2843,1.968,4.157,1.244
0.05,2844,-1.293,1.979,-1.040
0.05,2845,-5.740,9.046,-9.513
0.05,2846,-8.099,9.146,-6.303
0.05,2847,9.941,7.730,-3.278
0.05,2848,-5.447,-0.733,2.602
0.05,2849,2.234,3.085,-9.311
0.05,2850,-8.144,2.454,9.668
0.05,2851,-1.095,-8.203,4.029
0.05,2852,3.831,2.239,7.189
0.05,2853,-8.521,7.251,-5.343
0.05,2854,0.751,8.965,1.945
0.05,2855,-1.252,8.299,-6.856
0.05,2856,-5.145,-6.487,-5.226
0.05,2857,5.276,-4.094,-2.399
0.05,2858,3.302,7.383,4.846
0.05,2859,-6.724,-7.380,-2.006
0.05,2860,-7.400,9.305,-4.342
0.05,2861,0.038,-9.073,1.728
0.05,2862,-0.998,3.198,5.805
0.05,2863,8.114,7.866,5.104
0.05,2864,-3.972,5.017,6.289
0.05,2865,0.788,5.370,-6.965
0.05,2866,0.624,-4.452,-6.338
0.05,2867,1.178,6.522,-6.706
0.05,2868,9.589,3.826,3.843
0.05,2869,-2.779,-8.254,2.156
0.05,2870,1.877,-4.346,-6.425
0.05,2871,-9.196,-9.362,2.224
0.05,2872,5.598,-0.562,7.187
0.05,2873,3.332,-3.497,2.513
0.05,2874,-8.747,5.785,2.371
0.05,2875,7.134,-3.767,3.649
0.05,2876,4.748,-7.570,1.582
0.05,2877,-7.957,4.359,0.101
0.05,2878,4.806,-4.351,9.472
0.05,2879,-8.539,-2.395,2.982
0.05,2880,-1.238,2.566,2.773
0.05,2881,6.019,-4.563,-6.347
0.05,2882,-3.475,-6.012,-5.531
0.05,2883,-0.731,8.638,7.061
0.05,2884,4.346,-8.321,-11.225
0.05,2885,3.388,-1.303,6.935
0.05,2886,-7.597,-7.991,-6.994
0.05,2887,7.740,5.066,-3.561
0.05,2888,0.643,6.301,6.777
0.05,2889,4.611,-7.126,3.274
0.05,2890,-3.332,-3.660,-2.214
0.05,2891,2.327,3.435,2.022
0.05,2892,-8.191,4.747,6.840
0.05,2893,-0.468,6.620,0.068
0.05,2894,1.186,8.588,6.770
0.05,2895,-8.004,9.895,-1.352
0.05,2896,8.915,4.326,4.746
0.05,2897,-9.480,4.705,-9.426
0.05,2898,8.633,1.221,5.576
0.05,2899,-9.672,-4.857,4.907
0.05,2900,2.372,1.196,-10.718
0.05,2901,-2.910,7.682,2.697
0.05,2902,6.969,5.164,-9.679
0.05,2903,5.735,-4.212,-2.483
0.05,2904,1.307,-0.734,7.463
0.05,2905,1.720,2.550,7.081
0.05,2906,2.753,-9.580,1.351
0.05,2907,-4.486,-8.640,-4.584
0.05,2908,-0.558,-6.399,-3.004
0.05,2909,-3.895,-6.636,-1.382
0.05,2910,2.549,6.326,-10.089
0.05,2911,-2.023,-3.948,-7.502
0.05,2912,-4.458,-3.770,8.780
0.05,2913,-0.736,3.659,2.565
0.05,2914,-9.974,-4.590,5.186
0.05,2915,-7.184,8.356,4.738
0.05,2916,6.045,-7.609,-1.327
0.05,2917,3.604,3.169,8.967
0.05,2918,-7.566,2.892,-3.996
0.05,2919,-9.580,3.040,-8.879
0.05,2920,6.657,-4.565,-9.812
0.05,2921,8.320,-9.987,1.301
0.05,2922,0.823,5.604,0.212
0.05,2923,0.910,2.725,2.560
0.05,2924,1.608,-7.531,-7.017
0.05,2925,-8.092,0.771,6.753
0.05,2926,3.736,-4.465,-6.879
0.05,2927,-6.279,3.217,6.423
0.05,2928,4.192,-5.243,-10.652
0.05,2929,5.616,7.832,-7.801
0.05,2930,2.463,3.530,-10.228
0.05,2931,-9.380,0.933,-6.076
0.05,2932,3.710,5.609,-10.060
0.05,2933,-3.773,-1.298,7.441
0.05,2934,-7.201,1.817,-4.151
0.05,2935,6.934,1.258,1.657
0.05,2936,-0.366,3.085,-6.522
0.05,2937,-7.053,-7.300,-9.019
0.05,2938,0.447,-2.712,1.089
0.05,2939,6.758,-8.710,5.965
0.05,2940,-5.474,8.517,-2.019
0.05,2941,-5.393,3.071,-9.945
0.05,2942,8.361,-9.540,2.213
0.05,2943,-8.618,-8.933,-8.536
0.05,2944,-1.241,6.371,2.702
0.05,2945,-3.990,-5.873,2.836
0.05,2946,-7.634,8.694,-1.226
0.05,2947,-5.631,-7.778,-10.677
0.05,2948,-4.934,-8.158,-3.166
0.05,2949,0.618,0.650,1.688
0.05,2950,-4.212,-0.014,-7.491
0.05,2951,-4.736,2.461,2.371
0.05,2952,-0.703,4.571,-6.299
0.05,2953,3.936,1.104,-2.471
0.05,2954,-1.123,8.721,-10.422
0.05,2955,-9.459,-7.040,-8.875
0.05,2956,-9.412,-8.962,-2.630
0.05,2957,-8.070,-3.169,-3.624
0.05,2958,-6.498,5.429,4.985
0.05,2959,-9.099,-4.076,-8.226
0.05,2960,-2.111,1.060,-6.713
0.05,2961,-3.842,-5.269,6.218
0.05,2962,4.740,-5.067,6.787
0.05,2963,1.806,9.489,-8.530
0.05,2964,-3.172,-5.291,-9.451
0.05,2965,9.319,9.426,-7.501
0.05,2966,-5.922,-0.953,-2.477
0.05,2967,5.844,7.716,6.952
0.05,2968,9.057,9.226,2.831
0.05,2969,1.711,5.042,7.498
0.05,2970,1.681,4.262,-2.511
0.05,2971,-5.761,-7.407,-2.048
0.05,2972,-6.417,-6.255,2.698
0.05,2973,6.654,-3.745,4.246
0.05,2974,-2.363,6.158,3.178
0.05,2975,2.139,-2.670,-2.577
0.05,2976,7.415,-1.637,-7.974
0.05,2977,-6.984,7.240,0.745
0.05,2978,-4.029,-0.732,4.958
0.05,2979,-0.356,-6.207,7.109
0.05,2980,-7.777,-8.947,-0.089
0.05,2981,-8.377,2.794,-1.694
0.05,2982,0.917,8.037,-3.418
0.05,2983,1.217,-1.918,-11.026
0.05,2984,0.803,9.484,-1.945
0.05,2985,4.993,5.223,-10.449
0.05,2986,0.205,3.532,-0.866
0.05,2987,2.080,-0.135,-10.670
0.05,2988,-2.217,0.042,5.754
0.05,2989,2.589,1.522,-10.762
0.05,2990,-1.810,-3.387,-10.930
0.05,2991,6.306,6.014,-5.083
0.05,2992,-7.231,-3.608,-1.749
0.05,2993,4.046,8.049,-4.814
0.05,2994,-7.813,0.355,-9.429
0.05,2995,9.970,8.896,10.019
0.05,2996,-0.274,-8.813,-4.234
0.05,2997,-9.324,1.721,-5.516
0.05,2998,6.813,-2.294,-2.467
0.05,2999,8.491,6.092,-4.552
0.15,0,-9.594,0.901,3.017
0.15,1,8.315,5.105,-8.318
0.15,2,7.429,-5.715,-7.892
0.15,3,-3.062,1.166,-2.450
0.15,4,8.117,5.919,-10.114
0.15,5,8.897,0.711,-8.114
0.15,6,-8.032,-8.050,-0.212
0.15,7,4.030,-9.000,-8.563
0.15,8,-6.299,4.317,5.279
0.15,9,-6.743,-5.451,-0.626
0.15,10,-4.560,-2.877,8.943
0.15,11,-3.267,0.959,7.525
0.15,12,4.630,0.176,6.960
0.15,13,1.498,-3.187,2.611
0.15,14,1.952,-2.718,0.852
0.15,15,9.310,-6.201,7.957
0.15,16,-2.750,-7.989,5.925
0.15,17,5.793,-8.311,9.044
0.15,18,4.461,2.890,-2.994
0.15,19,-3.342,1.752,-2.444
0.15,20,-8.851,-0.806,-4.649
0.15,21,-9.450,-6.990,-4.186
0.15,22,3.670,-0.005,5.738
0.15,23,2.584,-3.533,7.555
0.15,24,1.409,0.813,-10.900
0.15,25,3.294,1.673,-2.445
0.15,26,-2.423,0.630,-11.141
0.15,27,-0.504,-3.024,0.582
0.15,28,6.009,-4.396,9.491
0.15,29,-3.507,9.103,7.956
0.15,30,-4.761,-8.970,9.800
0.15,31,-2.996,-1.362,2.610
0.15,32,6.368,4.464,-4.848
0.15,33,-4.503,-7.640,-1.085
0.15,34,-1.425,-4.151,-2.273
0.15,35,5.535,-3.167,-2.438
0.15,36,-5.793,-4.398,-2.456
0.15,37,2.938,-5.378,-6.303
0.15,38,-6.562,-7.171,-0.160
0.15,39,0.780,-7.557,-1.610
0.15,40,-6.524,3.180,-1.275
0.15,41,-3.299,2.062,-2.448
0.15,42,-3.487,-2.104,8.160
0.15,43,9.919,8.142,-5.670
0.15,44,-8.381,-8.726,-5.818
0.15,45,-4.682,-9.198,-11.182
0.15,46,-8.610,-9.225,5.531
0.15,47,-3.397,-9.589,-1.982
0.15,48,-8.286,-2.055,4.374
0.15,49,-2.078,7.981,4.447
0.15,50,1.490,-7.961,3.601
0.15,51,9.379,-8.891,9.819
0.15,52,-6.433,4.426,3.504
0.15,53,4.821,-2.529,8.696
0.15,54,-7.120,6.614,7.925
0.15,55,-8.726,2.183,-3.236
0.15,56,2.269,3.593,2.196
0.15,57,9.562,-4.214,-4.151
0.15,58,2.586,0.024,7.869
0.15,59,5.507,-2.112,-2.461
0.15,60,-1.322,1.526,2.328
0.15,61,5.612,-4.694,4.637
0.15,62,-9.370,0.855,-0.131
0.15,63,-4.110,3.180,-7.732
0.15,64,-4.083,3.922,-2.450
0.15,65,-1.479,-4.435,6.872
0.15,66,-0.292,8.376,-4.049
0.15,67,7.925,8.918,6.159
0.15,68,1.522,8.050,-7.136
0.15,69,-2.445,-1.967,-6.389
0.15,70,-2.900,-9.089,7.215
0.15,71,-2.160,5.363,-1.832
0.15,72,-5.245,-2.969,-2.432
0.15,73,-4.269,-5.950,-6.399
0.15,74,7.974,-3.799,4.154
0.15,75,-9.227,-5.725,-3.521
0.15,76,-1.317,5.308,-2.280
0.15,77,0.147,2.287,5.924
0.15,78,-2.438,-1.341,6.363
0.15,79,-9.016,-0.190,3.786
0.15,80,8.766,-8.117,3.171
0.15,81,2.804,2.110,-2.450
0.15,82,-1.515,-7.770,-0.801
0.15,83,-6.451,2.365,-1.485
0.15,84,-2.285,-5.947,-10.858
0.15,85,-3.001,0.587,-2.480
0.15,86,4.787,-1.126,-2.405
0.15,87,-4.231,2.998,7.367
0.15,88,-0.356,-2.268,8.344
0.15,89,1.328,3.872,-2.540
0.15,90,1.508,-3.911,8.260
0.15,91,7.614,1.428,8.762
0.15,92,-1.641,0.217,4.081
0.15,93,7.285,-5.840,-1.795
0.15,94,2.374,-9.904,7.635
0.15,95,-0.221,0.873,7.630
0.15,96,2.368,1.742,2.237
0.15,97,6.265,3.189,8.310
0.15,98,0.444,1.671,8.948
0.15,99,-5.810,-3.123,-2.442
0.15,100,3.986,-4.875,9.345
0.15,101,5.233,-2.775,5.064
0.15,102,-9.086,5.658,9.894
0.15,103,5.246,1.736,-2.090
0.15,104,-5.996,1.742,-0.600
0.15,105,4.353,0.869,8.313
0.15,106,-3.946,8.916,-0.158
0.15,107,-6.693,4.911,-4.198
0.15,108,6.924,-5.938,-5.562
0.15,109,1.229,2.769,2.665
0.15,110,-3.344,8.930,-2.048
0.15,111,-3.793,9.898,-6.099
0.15,112,0.743,-3.110,-2.467
0.15,113,3.087,4.227,4.814
0.15,114,-5.114,-4.527,-3.802
0.15,115,2.878,1.656,-2.457
0.15,116,8.955,-7.415,-11.276
0.15,117,-1.969,-1.442,4.982
0.15,118,-1.585,-1.339,1.783
0.15,119,-7.778,-8.846,-9.046
0.15,120,3.501,-7.529,4.912
0.15,121,1.943,-7.503,-10.919
0.15,122,-7.936,0.993,-0.373
0.15,123,-2.254,2.938,-2.499
0.15,124,7.258,-0.386,-1.822
0.15,125,7.906,6.977,0.620
0.15,126,-0.835,2.028,-1.264
0.15,127,2.651,1.839,-2.461
0.15,128,9.239,-9.599,-7.781
0.15,129,-4.278,-1.938,2.407
0.15,130,0.018,0.095,7.682
0.15,131,0.071,0.309,7.675
0.15,132,-5.195,5.203,-3.622
0.15,133,-3.995,6.700,9.024
0.15,134,9.248,7.437,-0.973
0.15,135,-1.511,-7.003,-10.153
0.15,136,2.119,2.172,-11.349
0.15,137,5.830,-3.725,8.937
0.15,138,2.851,-5.917,-7.090
0.15,139,4.039,-9.652,-11.423
0.15,140,1.476,6.925,-1.850
0.15,141,1.605,0.154,3.199
0.15,142,-3.194,-2.048,2.607
0.15,143,-7.218,2.526,-8.324
0.15,144,-0.851,3.220,5.511
0.15,145,-8.332,-6.896,5.756
0.15,146,7.305,0.636,9.318
0.15,147,-6.771,-2.591,-2.131
0.15,148,-8.231,-8.306,-5.323
0.15,149,-3.281,-9.182,7.140
0.15,150,4.146,-3.663,-0.301
0.15,151,5.666,4.106,-3.603
0.15,152,5.774,-2.210,-2.393
0.15,153,5.385,-9.242,7.874
0.15,154,-9.630,0.728,-9.507
0.15,155,0.018,2.980,2.612
0.15,156,-8.491,4.505,4.610
0.15,157,5.971,3.635,-1.332
0.15,158,-7.759,-4.174,-2.517
0.15,159,0.563,8.919,7.930
0.15,160,5.838,-6.956,-10.508
0.15,161,8.372,9.341,9.139
0.15,162,-8.180,3.478,-1.660
0.15,163,5.524,9.123,2.964
0.15,164,-7.835,-5.905,-8.132
0.15,165,1.382,7.264,0.427
0.15,166,8.330,4.852,8.144
0.15,167,-3.732,-0.555,9.800
0.15,168,7.926,-8.033,9.345
0.15,169,2.939,-5.140,5.891
0.15,170,0.969,-1.536,7.718
0.15,171,6.639,7.015,5.854
0.15,172,-6.833,0.680,1.601
0.15,173,1.408,2.458,-6.551
0.15,174,6.226,5.121,6.646
0.15,175,7.971,-8.734,-8.409
0.15,176,6.061,1.575,0.778
0.15,177,1.263,-1.310,5.072
0.15,178,1.891,-3.284,2.195
0.15,179,1.026,8.217,-2.784
0.15,180,-2.854,0.476,5.782
0.15,181,7.263,7.926,-5.159
0.15,182,-4.828,0.471,-1.854
0.15,183,0.399,-9.561,-6.246
0.15,184,-5.769,-3.085,-2.440
0.15,185,4.412,-3.434,-2.472
0.15,186,6.728,-2.853,3.150
0.15,187,-8.966,-4.410,-8.092
0.15,188,3.383,-9.908,8.218
0.15,189,-1.584,6.719,8.420
0.15,190,-6.047,8.565,-3.275
0.15,191,1.600,-1.505,2.468
0.15,192,6.730,-8.567,4.208
0.15,193,-2.011,-5.612,7.590
0.15,194,1.144,-4.993,-2.350
0.15,195,-8.363,7.012,3.779
0.15,196,-7.710,0.886,-2.386
0.15,197,-3.133,4.261,-2.487
0.15,198,7.155,-6.805,-0.772
0.15,199,-7.054,-5.539,-4.835
0.15,200,-3.996,4.919,7.859
0.15,201,-0.289,9.148,4.467
0.15,202,5.118,-2.047,8.397
0.15,203,2.336,-3.492,6.534
0.15,204,2.181,4.341,9.180
0.15,205,-8.886,7.218,-8.932
0.15,206,3.367,2.958,-2.513
0.15,207,-8.089,-7.841,-5.679
0.15,208,-8.130,5.285,-6.150
0.15,209,4.598,6.025,-1.997
0.15,210,-5.559,0.898,2.170
0.15,211,-5.285,5.535,2.727
0.15,212,6.872,7.689,-2.650
0.15,213,-0.804,1.334,-10.663
0.15,214,8.355,-7.220,-1.832
0.15,215,3.663,-9.646,-3.110
0.15,216,-1.016,8.245,-1.382
0.15,217,-4.906,-6.950,-1.755
0.15,218,-8.595,-5.022,-8.169
0.15,219,2.508,3.488,-10.814
0.15,220,-3.034,-7.581,-10.970
0.15,221,5.282,-6.482,8.506
0.15,222,-8.780,-3.481,-1.739
0.15,223,-1.014,6.484,7.656
0.15,224,-6.141,-5.773,-2.369
0.15,225,0.656,-5.881,7.703
0.15,226,5.518,7.311,4.705
0.15,227,-5.169,-3.183,-2.428
0.15,228,-4.962,-2.967,-2.435
0.15,229,-8.541,0.289,-1.030
0.15,230,-5.036,8.409,-7.442
0.15,231,-3.648,7.209,3.296
0.15,232,8.704,8.488,-3.445
0.15,233,4.783,-6.607,2.805
0.15,234,1.253,-7.827,6.957
0.15,235,3.050,-4.480,7.571
0.15,236,-4.127,5.332,-5.273
0.15,237,-6.211,-8.941,4.437
0.15,238,5.408,-9.076,-1.651
0.15,239,-5.020,4.196,-9.053
0.15,240,2.579,-1.836,2.595
0.15,241,5.342,-2.285,-2.470
0.15,242,9.354,-0.525,-2.190
0.15,243,9.328,-3.390,-8.765
0.15,244,2.240,-8.556,-6.899
0.15,245,-4.708,-1.733,-2.509
0.15,246,-7.122,-3.147,-3.125
0.15,247,7.577,-8.819,-2.715
0.15,248,-3.001,8.598,2.157
0.15,249,1.720,1.439,6.999
0.15,250,-8.915,-9.104,8.475
0.15,251,9.280,-3.132,9.334
0.15,252,-4.839,5.738,9.312
0.15,253,-6.094,-9.620,-0.283
0.15,254,1.223,7.049,6.184
0.15,255,0.027,2.897,2.680
0.15,256,-5.711,6.149,6.656
0.15,257,1.692,-3.072,5.974
0.15,258,-3.072,5.413,5.868
0.15,259,-4.763,-8.994,-6.492
0.15,260,-0.937,-6.145,-2.312
0.15,261,1.290,5.009,7.063
0.15,262,5.883,-1.672,-2.634
0.15,263,-7.450,-8.005,7.841
0.15,264,6.838,3.455,-1.914
0.15,265,9.002,-1.616,-6.208
0.15,266,-6.403,-8.271,2.848
0.15,267,0.445,7.629,3.312
0.15,268,-7.678,1.239,-2.528
0.15,269,1.046,8.007,-2.137
0.15,270,0.852,-8.872,-8.524
0.15,271,0.412,3.577,8.930
0.15,272,1.450,-3.252,-2.477
0.15,273,-3.301,-8.600,-10.437
0.15,274,7.987,-6.412,7.297
0.15,275,-3.012,-2.568,7.261
0.15,276,-1.749,-3.007,1.626
0.15,277,6.538,-3.930,-2.338
0.15,278,4.111,-2.178,6.837
0.15,279,9.530,5.280,3.347
0.15,280,-6.102,-8.019,9.959
0.15,281,-0.926,-4.446,2.356
0.15,282,-3.020,-1.750,2.616
0.15,283,-6.918,4.684,-3.720
0.15,284,2.954,8.109,-7.474
0.15,285,0.641,-6.347,3.785
0.15,286,-2.667,1.927,-0.064
0.15,287,0.312,1.513,5.067
0.15,288,7.946,-4.543,6.233
0.15,289,2.991,1.853,-2.445
0.15,290,-8.069,8.541,-4.553
0.15,291,-4.016,3.898,-3.096
0.15,292,4.792,-9.176,-0.496
0.15,293,8.277,-5.723,-9.027
0.15,294,-8.834,-8.474,-9.277
0.15,295,-9.344,7.085,-0.320
0.15,296,-4.407,3.364,-1.604
0.15,297,1.491,6.846,-2.762
0.15,298,-9.442,-9.082,9.259
0.15,299,9.656,7.650,3.492
0.15,300,-3.882,2.028,6.793
0.15,301,2.993,-1.637,2.608
0.15,302,-2.692,6.679,9.303
0.15,303,0.831,1.641,-2.914
0.15,304,-1.922,6.036,8.315
0.15,305,-6.821,5.848,7.974
0.15,306,6.317,-3.366,-2.473
0.15,307,-3.615,7.663,-9.114
0.15,308,-9.809,-3.583,8.174
0.15,309,9.932,-7.246,3.287
0.15,310,2.494,1.673,-10.838
0.15,311,4.753,-3.111,-2.453
0.15,312,-2.979,-6.196,1.421
0.15,313,-4.636,-7.702,3.655
0.15,314,2.930,1.947,-2.445
0.15,315,5.692,1.176,-6.295
0.15,316,2.606,-4.588,-6.165
0.15,317,-1.631,-1.623,0.501
0.15,318,3.339,-8.794,-1.193
0.15,319,-7.137,7.160,8.362
0.15,320,-2.797,-1.531,8.123
0.15,321,3.820,2.228,0.286
0.15,322,-6.725,-6.590,-0.773
0.15,323,-7.052,-2.550,-11.163
0.15,324,3.924,0.971,-2.481
0.15,325,-8.536,-6.557,-1.304
0.15,326,-1.160,-6.723,8.824
0.15,327,-9.662,-3.171,4.778
0.15,328,-0.123,3.198,5.744
0.15,329,5.212,1.056,-8.056
0.15,330,7.971,-3.915,0.927
0.15,331,-2.832,5.853,8.610
0.15,332,-6.159,9.019,5.611
0.15,333,-2.632,3.206,-4.837
0.15,334,-6.063,7.983,4.603
0.15,335,8.038,-0.400,-2.147
0.15,336,5.249,-4.320,-2.759
0.15,337,-2.351,-3.238,-2.490
0.15,338,-2.309,-5.435,8.662
0.15,339,-8.588,9.813,-0.946
0.15,340,-9.617,-5.729,-4.256
0.15,341,0.309,9.205,-11.130
0.15,342,-9.892,-7.328,3.822
0.15,343,6.537,-5.769,0.714
0.15,344,9.261,4.746,-8.222
0.15,345,-5.370,-7.332,-8.141
0.15,346,2.947,2.299,8.842
0.15,347,-9.482,9.495,-2.408
0.15,348,-7.386,-6.505,3.283
0.15,349,-6.693,0.538,5.392
0.15,350,-8.128,-1.211,4.445
0.15,351,9.034,2.618,-6.927
0.15,352,1.870,-5.569,-11.278
0.15,353,5.906,-2.357,-2.484
0.15,354,5.365,-8.951,7.214
0.15,355,3.412,1.852,-2.447
0.15,356,-3.514,-1.791,5.615
0.15,357,-0.090,2.820,-10.530
0.15,358,6.739,5.815,0.178
0.15,359,3.061,-2.248,6.142
0.15,360,-5.048,8.309,-7.242
0.15,361,3.886,0.446,-2.503
0.15,362,0.574,-1.707,-6.289
0.15,363,-9.588,9.850,6.500
0.15,364,-3.862,2.852,-7.385
0.15,365,9.454,-7.177,-3.744
0.15,366,2.938,-1.459,2.654
0.15,367,-9.278,-0.022,7.476
0.15,368,-6.583,-7.181,-1.100
0.15,369,-6.312,3.248,1.500
0.15,370,-7.886,-2.315,1.647
0.15,371,7.411,7.251,0.432
0.15,372,7.186,-3.518,7.352
0.15,373,-5.143,-1.281,2.621
0.15,374,-2.921,-6.971,2.101
0.15,375,-5.997,-2.958,-2.456
0.15,376,9.260,3.458,-2.099
0.15,377,-2.153,-3.967,-8.595
0.15,378,2.591,5.787,7.044
0.15,379,6.029,-1.488,-2.578
0.15,380,-3.269,-9.689,4.511
0.15,381,-2.518,7.787,-0.080
0.15,382,-8.992,-2.568,7.169
0.15,383,4.655,-7.318,-0.853
0.15,384,-4.578,2.945,-8.926
0.15,385,5.601,-9.095,4.123
0.15,386,1.665,3.599,-2.525
0.15,387,9.431,9.778,-5.347
0.15,388,-1.608,4.866,-2.380
0.15,389,-4.746,-5.110,-6.712
0.15,390,5.527,-2.952,-2.442
0.15,391,-4.903,5.676,-5.079
0.15,392,1.663,-1.385,-11.223
0.15,393,-5.543,-2.711,-2.441
0.15,394,-2.270,-0.478,-8.131
0.15,395,0.237,2.809,5.650
0.15,396,-5.582,-2.926,-2.436
0.15,397,5.000,8.134,-0.485
0.15,398,-5.309,-7.042,5.764
0.15,399,0.213,5.947,-2.407
0.15,400,-1.699,-0.482,8.335
0.15,401,6.008,9.783,4.016
0.15,402,-6.091,2.552,6.376
0.15,403,7.555,4.933,-0.808
0.15,404,-4.669,4.193,-8.195
0.15,405,9.073,-5.982,-3.352
0.15,406,-1.006,7.915,3.023
0.15,407,-4.462,2.532,9.900
0.15,408,-2.016,2.235,1.706
0.15,409,3.004,1.431,6.563
0.15,410,-6.510,-9.557,-10.672
0.15,411,-9.392,-6.914,-10.178
0.15,412,2.393,-1.329,2.580
0.15,413,1.791,8.948,9.321
0.15,414,7.523,3.947,8.309
0.15,415,0.746,-9.517,-6.706
0.15,416,1.715,6.162,7.056
0.15,417,1.402,-8.702,6.313
0.15,418,4.644,-4.947,6.203
0.15,419,-9.828,-9.606,-2.344
0.15,420,-6.741,-6.587,-0.946
0.15,421,-1.093,9.573,0.885
0.15,422,-2.577,5.596,-1.758
0.15,423,-6.247,-4.476,-9.496
0.15,424,0.691,-3.220,-2.457
0.15,425,-4.786,0.988,-1.903
0.15,426,5.802,5.030,5.762
0.15,427,-5.294,7.860,3.214
0.15,428,8.824,-1.264,-3.489
0.15,429,-8.175,-4.310,3.552
0.15,430,5.999,-1.979,1.781
0.15,431,1.154,-1.986,4.182
0.15,432,8.239,-9.915,-9.484
0.15,433,9.745,3.764,-5.204
0.15,434,-8.812,1.749,-7.330
0.15,435,4.381,2.775,-2.524
0.15,436,1.391,-6.136,6.978
0.15,437,-7.887,-6.178,-1.190
0.15,438,-3.115,-1.989,2.612
0.15,439,-4.986,4.615,9.908
0.15,440,7.240,2.940,-6.780
0.15,441,-4.572,1.678,7.570
0.15,442,-5.801,-4.033,-2.509
0.15,443,-6.166,5.168,3.932
0.15,444,2.644,-5.471,-11.279
0.15,445,-1.200,6.979,-3.087
0.15,446,-1.297,-9.741,-6.611
0.15,447,0.353,0.848,-7.944
0.15,448,-8.910,3.640,-5.284
0.15,449,-4.435,-3.181,-2.418
0.15,450,-6.152,8.192,-6.424
0.15,451,-1.354,-8.848,-9.843
0.15,452,-4.226,0.557,-3.879
0.15,453,4.396,1.798,4.213
0.15,454,2.818,2.307,-2.450
0.15,455,5.524,-1.095,7.754
0.15,456,0.638,2.100,2.595
0.15,457,6.999,1.737,-3.317
0.15,458,5.117,-5.566,3.396
0.15,459,-9.680,-5.692,-2.074
0.15,460,3.697,-1.514,8.322
0.15,461,-4.359,3.053,9.856
0.15,462,-3.122,-9.359,-0.792
0.15,463,3.079,-2.162,6.088
0.15,464,-0.172,6.531,-2.407
0.15,465,-8.280,8.132,-10.061
0.15,466,5.682,-7.794,4.058
0.15,467,-1.163,8.328,-3.636
0.15,468,-9.157,2.666,-3.930
0.15,469,-2.288,-1.330,2.580
0.15,470,-4.760,-9.976,8.766
0.15,471,-5.156,-4.591,-9.502
0.15,472,0.902,1.960,5.765
0.15,473,-0.112,6.942,3.671
0.15,474,-8.446,0.089,-2.044
0.15,475,-8.220,-8.810,0.591
0.15,476,-1.640,-8.376,-0.365
0.15,477,-4.316,-4.960,9.186
0.15,478,-1.546,-0.344,7.633
0.15,479,5.711,6.837,-6.259
0.15,480,-5.768,7.192,-0.909
0.15,481,-4.696,2.743,-7.388
0.15,482,0.667,4.276,-2.651
0.15,483,5.957,2.622,7.650
0.15,484,-4.667,-7.026,-7.450
0.15,485,8.467,-8.693,-2.710
0.15,486,-5.735,-2.763,-2.445
0.15,487,6.032,4.826,-2.530
0.15,488,-8.510,3.255,-9.916
0.15,489,9.166,-9.649,0.006
0.15,490,-3.055,-3.589,5.196
0.15,491,-7.919,-1.480,6.344
0.15,492,-2.714,-5.043,7.382
0.15,493,4.508,-1.887,7.971
0.15,494,7.832,-0.120,-4.230
0.15,495,-9.494,-6.746,3.266
0.15,496,-6.124,-3.170,-2.470
0.15,497,-6.035,8.705,-10.786
0.15,498,3.458,9.633,-11.410
0.15,499,2.536,-8.825,5.173
0.15,500,7.360,-1.753,4.367
0.15,501,6.059,6.632,-8.601
0.15,502,4.651,-8.847,-0.974
0.15,503,-7.804,-3.411,-10.153
0.15,504,-0.455,4.823,-2.490
0.15,505,3.138,-2.656,0.769
0.15,506,0.203,0.997,-7.859
0.15,507,3.664,0.885,-2.473
0.15,508,1.935,3.206,9.069
0.15,509,6.623,5.818,9.704
0.15,510,-3.886,2.032,-11.040
0.15,511,-8.762,4.389,7.462
0.15,512,-6.349,-9.280,7.935
0.15,513,5.305,-3.285,-2.444
0.15,514,5.006,5.795,-6.799
0.15,515,-8.537,5.837,-9.628
0.15,516,-9.438,9.553,-5.731
0.15,517,0.298,-9.835,-3.559
0.15,518,2.593,-2.066,2.578
0.15,519,-3.872,-1.410,6.672
0.15,520,0.016,-0.958,7.675
0.15,521,-2.166,-4.795,8.053
0.15,522,1.808,-2.507,-10.339
0.15,523,-3.490,-1.989,5.891
0.15,524,0.729,8.655,3.754
0.15,525,-5.847,-0.542,0.660
0.15,526,-4.082,-2.442,-1.200
0.15,527,4.950,5.685,-1.269
0.15,528,6.023,2.850,7.771
0.15,529,0.184,2.820,2.597
0.15,530,-3.733,-6.297,-5.174
0.15,531,-3.322,2.058,-0.364
0.15,532,1.370,-2.487,-2.455
0.15,533,2.790,-5.500,5.727
0.15,534,3.975,-1.331,0.455
0.15,535,0.907,5.517,2.395
0.15,536,-2.335,1.180,2.702
0.15,537,7.254,-2.294,6.740
0.15,538,-3.934,1.676,7.481
0.15,539,0.039,3.245,2.617
0.15,540,-0.996,-3.399,-11.209
0.15,541,4.779,-2.653,-2.464
0.15,542,5.471,-8.930,4.641
0.15,543,9.240,-3.344,-7.663
0.15,544,-6.331,-3.362,-2.496
0.15,545,-6.890,1.450,-1.668
0.15,546,0.207,5.676,-2.414
0.15,547,4.508,-8.471,-5.405
0.15,548,-8.103,1.208,8.801
0.15,549,-3.279,2.046,-2.447
0.15,550,3.662,2.883,8.265
0.15,551,-0.487,7.248,-2.462
0.15,552,-4.420,0.673,-6.590
0.15,553,-5.219,-2.648,-2.441
0.15,554,7.372,6.795,7.610
0.15,555,-9.563,2.740,-7.670
0.15,556,-0.811,-7.700,-2.545
0.15,557,3.039,1.919,-2.441
0.15,558,0.862,6.657,-2.499
0.15,559,-2.576,6.460,-9.502
0.15,560,2.114,-0.487,6.013
0.15,561,-6.020,0.248,3.721
0.15,562,6.921,-4.481,-1.259
0.15,563,2.862,1.846,7.292
0.15,564,7.692,8.940,3.321
0.15,565,2.359,9.806,9.394
0.15,566,-6.422,-5.059,-2.578
0.15,567,3.391,-3.947,8.654
0.15,568,3.650,-3.676,-2.506
0.15,569,5.093,9.087,5.333
0.15,570,-8.102,-2.229,-2.565
0.15,571,-5.508,7.137,8.463
0.15,572,7.894,5.686,-1.848
0.15,573,7.380,7.008,-0.444
0.15,574,1.408,-5.024,-2.046
0.15,575,-2.634,-1.660,2.912
0.15,576,-1.123,8.931,6.657
0.15,577,-2.710,-1.626,2.606
0.15,578,0.358,-0.218,7.664
0.15,579,5.998,-0.699,-6.833
0.15,580,-1.441,-7.188,4.832
0.15,581,-6.769,5.340,5.225
0.15,582,-9.608,0.172,8.457
0.15,583,4.168,3.969,-2.468
0.15,584,8.995,-9.553,-5.198
0.15,585,4.260,-9.386,4.162
0.15,586,-1.933,-3.582,-2.466
0.15,587,-9.445,-9.305,0.104
0.15,588,-0.651,-7.975,-4.438
0.15,589,2.994,-0.420,3.371
0.15,590,-9.934,5.392,9.588
0.15,591,6.823,-6.452,-7.543
0.15,592,8.761,7.087,-8.052
0.15,593,-2.144,-3.665,-2.369
0.15,594,-0.007,6.156,-2.399
0.15,595,2.299,-0.650,-7.631
0.15,596,-6.337,-4.423,2.775
0.15,597,-2.282,2.735,-2.149
0.15,598,-1.621,9.634,9.805
0.15,599,9.462,-5.336,6.387
0.15,600,9.113,8.898,8.699
0.15,601,4.845,-8.809,-1.508
0.15,602,-6.417,-9.207,-9.599
0.15,603,-5.586,1.217,9.914
0.15,604,-0.443,0.538,7.653
0.15,605,-8.693,-8.309,-11.157
0.15,606,-10.078,9.375,7.352
0.15,607,-1.065,5.292,7.654
0.15,608,-3.545,-6.123,7.819
0.15,609,-8.247,-3.285,-0.949
0.15,610,-4.419,-1.085,2.546
0.15,611,8.894,4.045,-9.971
0.15,612,2.080,-2.561,2.552
0.15,613,2.373,-1.404,2.579
0.15,614,6.385,0.140,-7.693
0.15,615,-2.786,7.530,0.653
0.15,616,0.509,-0.964,2.301
0.15,617,0.987,-0.359,-10.237
0.15,618,-8.479,0.393,-2.491
0.15,619,0.099,-0.231,7.670
0.15,620,-3.488,0.333,-0.004
0.15,621,-2.462,-2.949,6.215
0.15,622,-7.881,-1.490,-5.665
0.15,623,-2.921,-0.080,9.602
0.15,624,7.808,0.298,2.608
0.15,625,1.130,-2.370,3.232
0.15,626,1.318,5.947,4.759
0.15,627,5.873,-2.682,0.385
0.15,628,-8.060,1.365,-9.428
0.15,629,-6.299,-8.288,0.893
0.15,630,-2.554,-3.795,-2.264
0.15,631,-4.155,-2.602,9.508
0.15,632,-3.756,5.471,-6.615
0.15,633,-8.046,-2.710,-1.526
0.15,634,-2.837,-0.844,5.449
0.15,635,9.689,1.092,5.534
0.15,636,0.815,2.410,6.363
0.15,637,0.178,1.705,6.801
0.15,638,3.586,0.187,-2.391
0.15,639,-5.307,2.855,-2.336
0.15,640,-2.768,2.358,-2.459
0.15,641,-3.022,-1.556,2.645
0.15,642,5.589,8.477,-1.022
0.15,643,7.239,9.185,-3.853
0.15,644,-3.595,-9.489,5.544
0.15,645,-9.023,7.938,3.146
0.15,646,1.364,1.557,5.632
0.15,647,6.051,2.568,6.263
0.15,648,-0.523,4.579,-2.519
0.15,649,-4.669,9.529,7.080
0.15,650,-0.028,2.859,2.606
0.15,651,9.393,4.233,7.836
0.15,652,7.675,5.794,8.964
0.15,653,-2.247,-2.917,0.903
0.15,654,-2.630,-4.641,-6.957
0.15,655,6.047,-3.135,-2.456
0.15,656,2.008,-7.712,-2.714
0.15,657,-7.451,-1.175,-5.439
0.15,658,-3.729,9.106,5.333
0.15,659,-1.409,4.854,8.474
0.15,660,7.839,-4.376,-5.411
0.15,661,-6.926,-6.763,4.063
0.15,662,1.477,-7.533,7.758
0.15,663,3.030,1.777,-10.432
0.15,664,7.020,1.477,-0.837
0.15,665,-0.320,3.154,2.606
0.15,666,-2.692,-5.961,9.415
0.15,667,-5.457,8.877,0.882
0.15,668,6.220,7.784,-5.446
0.15,669,0.919,-4.314,-10.406
0.15,670,-6.101,-9.438,-0.187
0.15,671,3.168,1.950,-2.438
0.15,672,5.661,-3.157,-2.438
0.15,673,3.109,-2.431,5.797
0.15,674,5.594,7.433,7.948
0.15,675,-8.778,1.644,5.581
0.15,676,7.987,-7.785,9.961
0.15,677,5.561,-3.388,-2.446
0.15,678,-0.305,-3.350,-2.429
0.15,679,0.237,5.117,7.064
0.15,680,4.073,-5.874,7.501
0.15,681,8.641,7.458,8.413
0.15,682,-0.981,5.757,-2.448
0.15,683,7.676,7.483,-7.893
0.15,684,4.961,-3.181,-2.446
0.15,685,-8.471,-1.440,-6.829
0.15,686,0.398,2.622,7.064
0.15,687,2.973,4.589,2.598
0.15,688,8.221,5.770,-11.039
0.15,689,0.327,4.325,6.655
0.15,690,-5.950,-6.948,-11.311
0.15,691,7.809,-1.742,9.618
0.15,692,-6.934,-2.422,1.924
0.15,693,5.023,6.523,-7.246
0.15,694,-6.491,9.806,-4.227
0.15,695,-9.022,1.636,-9.370
0.15,696,-7.410,-0.842,-2.170
0.15,697,-4.970,-2.843,-2.438
0.15,698,-3.906,-1.690,5.809
0.15,699,-7.237,9.236,5.785
0.15,700,-3.714,-0.939,2.640
0.15,701,4.623,-5.302,-2.669
0.15,702,-6.728,7.470,-3.781
0.15,703,-2.246,-2.448,2.712
0.15,704,0.066,5.630,-2.415
0.15,705,4.619,7.071,0.995
0.15,706,1.101,-6.183,-10.712
0.15,707,-0.305,1.635,7.576
0.15,708,5.906,-1.694,1.859
0.15,709,6.919,-6.018,7.972
0.15,710,9.742,-7.787,-10.153
0.15,711,1.196,7.917,-4.384
0.15,712,-5.520,-1.557,6.495
0.15,713,3.332,-4.205,5.413
0.15,714,6.045,-3.578,0.943
0.15,715,-4.420,-6.728,-1.967
0.15,716,-9.283,2.632,0.982
0.15,717,-8.285,-9.232,-3.064
0.15,718,-5.740,-4.214,7.773
0.15,719,1.434,-4.559,-5.144
0.15,720,0.310,5.476,-2.428
0.15,721,6.963,7.807,-8.528
0.15,722,-9.446,-8.512,-10.480
0.15,723,0.695,-0.534,7.629
0.15,724,-0.050,3.430,2.614
0.15,725,1.374,7.225,6.988
0.15,726,3.948,2.624,6.073
0.15,727,0.729,-6.143,-3.333
0.15,728,-7.149,-6.967,-3.351
0.15,729,-7.364,7.611,0.820
0.15,730,-4.149,8.370,-7.991
0.15,731,-6.357,-3.573,1.975
0.15,732,4.297,2.306,-4.198
0.15,733,-1.412,-0.553,-10.714
0.15,734,1.139,7.566,-2.079
0.15,735,6.824,-4.463,-1.927
0.15,736,-7.417,-5.085,6.491
0.15,737,7.360,-0.699,1.689
0.15,738,-1.649,-8.435,-2.802
0.15,739,6.665,9.386,-0.445
0.15,740,-4.310,-3.910,6.829
0.15,741,-1.376,-4.640,-6.197
0.15,742,7.477,-5.626,-1.357
0.15,743,-3.745,-9.588,-8.206
0.15,744,-0.714,1.288,4.303
0.15,745,1.478,0.027,4.992
0.15,746,3.661,-1.275,5.688
0.15,747,8.337,-5.537,-6.991
0.15,748,3.805,7.203,8.844
0.15,749,-2.227,-2.726,-11.276
0.15,750,-2.621,2.421,-2.463
0.15,751,-9.259,9.630,-2.919
0.15,752,-0.415,-7.753,-1.887
0.15,753,5.624,-2.921,-2.442
0.15,754,-0.172,0.643,-0.403
0.15,755,-2.011,-9.487,8.237
0.15,756,3.094,-6.506,-0.471
0.15,757,-8.024,2.811,6.203
0.15,758,3.181,6.203,2.224
0.15,759,-7.476,7.694,4.971
0.15,760,8.242,-4.501,-8.265
0.15,761,-2.194,-2.995,5.670
0.15,762,6.239,1.612,-8.503
0.15,763,7.274,-4.051,-8.533
0.15,764,-8.584,5.582,6.625
0.15,765,6.503,-7.390,-3.172
0.15,766,3.264,-1.866,2.612
0.15,767,-1.148,-0.404,-11.229
0.15,768,-4.580,-3.813,7.378
0.15,769,7.305,1.601,-9.342
0.15,770,2.336,-9.622,9.690
0.15,771,6.001,1.923,-3.922
0.15,772,-5.535,-8.008,7.572
0.15,773,-6.624,6.330,3.513
0.15,774,-5.797,-4.218,-2.505
0.15,775,2.945,2.702,-2.462
0.15,776,-4.458,0.264,-2.463
0.15,777,-6.493,-6.042,-7.650
0.15,778,-5.754,-4.439,8.313
0.15,779,1.460,3.195,7.029
0.15,780,4.725,9.082,-8.456
0.15,781,-9.593,7.720,-5.934
0.15,782,6.495,-3.800,-2.349
0.15,783,8.708,5.822,-1.129
0.15,784,1.604,9.035,-2.195
0.15,785,5.099,9.768,-1.468
0.15,786,-9.368,-8.672,8.826
0.15,787,-3.606,3.693,0.282
0.15,788,4.376,-3.284,-1.802
0.15,789,-2.579,2.697,-2.470
0.15,790,-8.013,-2.820,7.308
0.15,791,1.975,-8.315,-7.157
0.15,792,0.919,3.309,-4.961
0.15,793,-5.756,-2.003,2.541
0.15,794,-6.416,0.153,1.988
0.15,795,6.886,1.974,-9.534
0.15,796,6.722,7.085,-0.083
0.15,797,6.235,8.482,-10.120
0.15,798,7.178,-2.131,2.935
0.15,799,0.568,-8.279,6.995
0.15,800,-1.424,-2.700,2.918
0.15,801,1.637,2.321,-11.258
0.15,802,-5.492,-8.481,-5.033
0.15,803,1.120,-3.936,-2.478
0.15,804,-9.504,2.671,4.143
0.15,805,-9.815,4.536,5.102
0.15,806,3.365,-2.309,2.964
0.15,807,-5.491,-8.649,-0.870
0.15,808,-5.129,8.730,8.352
0.15,809,-4.479,3.272,5.758
0.15,810,0.730,-3.004,-2.479
0.15,811,6.074,8.965,0.484
0.15,812,3.262,1.512,-2.447
0.15,813,-8.127,-9.131,0.865
0.15,814,8.118,9.813,2.722
0.15,815,4.224,-8.704,-1.051
0.15,816,-6.065,1.335,4.367
0.15,817,-4.444,-5.597,-3.392
0.15,818,2.918,-4.462,7.502
0.15,819,-0.376,3.187,2.730
0.15,820,-8.696,-8.935,-3.114
0.15,821,0.109,-0.804,8.994
0.15,822,-3.178,-5.186,5.376
0.15,823,7.142,-9.998,8.875
0.15,824,6.095,8.135,-11.096
0.15,825,-7.769,7.309,-5.882
0.15,826,-0.255,3.127,2.610
0.15,827,-5.236,-8.166,4.676
0.15,828,-1.189,7.900,5.569
0.15,829,7.640,-1.717,8.113
0.15,830,-4.769,-1.661,-2.510
0.15,831,2.323,8.586,-1.825
0.15,832,5.125,2.526,0.759
0.15,833,-4.962,1.312,8.393
0.15,834,-4.093,0.913,2.445
0.15,835,2.098,8.923,-3.108
0.15,836,6.353,0.967,-1.697
0.15,837,-4.868,8.222,9.646
0.15,838,2.517,2.797,-2.464
0.15,839,4.819,6.573,-5.288
0.15,840,2.564,-6.738,-0.983
0.15,841,-0.482,6.710,-2.425
0.15,842,2.495,4.296,7.328
0.15,843,5.325,9.848,-4.844
0.15,844,-0.882,2.462,7.591
0.15,845,3.663,2.244,-2.897
0.15,846,8.668,2.071,-2.495
0.15,847,5.381,5.331,-1.133
0.15,848,8.323,7.837,3.322
0.15,849,-7.028,-6.440,9.379
0.15,850,1.134,2.626,-0.797
0.15,851,-9.048,5.194,-6.493
0.15,852,4.116,9.046,1.366
0.15,853,8.489,-5.663,-11.349
0.15,854,-7.663,-1.043,-6.292
0.15,855,2.613,-6.368,-2.467
0.15,856,-5.257,-9.362,8.238
0.15,857,-2.543,-0.099,-7.929
0.15,858,6.779,8.375,10.026
0.15,859,-2.710,1.654,-2.470
0.15,860,-9.548,-0.201,-9.184
0.15,861,-5.390,-2.411,-2.377
0.15,862,1.385,1.172,-3.359
0.15,863,-0.519,-8.228,3.600
0.15,864,-3.251,5.470,9.265
0.15,865,-8.514,5.484,9.215
0.15,866,-2.147,1.631,-2.535
0.15,867,-3.694,-7.188,-2.605
0.15,868,4.560,-2.883,2.628
0.15,869,-5.612,7.744,1.435
0.15,870,-8.000,8.519,-4.309
0.15,871,6.901,-7.796,-1.538
0.15,872,-6.559,8.654,-8.335
0.15,873,-9.472,2.809,-1.373
0.15,874,3.306,3.832,3.676
0.15,875,-4.775,-1.378,-11.204
0.15,876,-2.600,0.889,2.324
0.15,877,-0.520,2.729,2.925
0.15,878,-9.213,5.738,4.672
0.15,879,5.202,5.271,-5.433
0.15,880,3.515,7.150,9.090
0.15,881,7.080,2.926,-7.766
0.15,882,-5.312,-0.831,-6.596
0.15,883,2.231,-0.600,5.583
0.15,884,-1.496,2.458,8.867
0.15,885,-6.668,6.978,9.423
0.15,886,4.423,-3.250,-2.467
0.15,887,0.733,-3.346,-2.455
0.15,888,7.216,-5.523,-10.388
0.15,889,2.132,8.100,7.982
0.15,890,0.180,0.160,7.676
0.15,891,-0.124,3.248,2.614
0.15,892,-8.126,8.953,-9.904
0.15,893,-7.443,-1.975,-6.719
0.15,894,-2.901,-1.534,2.610
0.15,895,-8.231,5.043,-5.100
0.15,896,7.292,1.732,-0.970
0.15,897,0.122,-0.213,7.670
0.15,898,9.000,1.438,4.362
0.15,899,9.049,7.474,-10.591
0.15,900,6.281,-9.850,3.474
0.15,901,3.754,7.709,-3.255
0.15,902,-1.518,1.406,-5.463
0.15,903,1.290,-6.240,-4.406
0.15,904,-1.632,-5.578,3.588
0.15,905,3.726,-7.251,-8.008
0.15,906,8.520,-4.947,0.806
0.15,907,2.482,-4.487,2.422
0.15,908,6.068,-2.346,1.847
0.15,909,4.132,-7.250,-7.361
0.15,910,7.077,-8.512,4.367
0.15,911,5.613,-3.947,5.244
0.15,912,4.743,3.009,-10.767
0.15,913,2.680,-1.512,2.597
0.15,914,-0.136,3.041,2.611
0.15,915,-4.800,4.569,7.767
0.15,916,-6.102,5.563,-6.472
0.15,917,-1.389,-5.314,7.433
0.15,918,-2.897,-0.349,6.171
0.15,919,-7.231,-0.567,-8.754
0.15,920,8.127,2.458,-3.233
0.15,921,3.177,-1.738,3.009
0.15,922,-1.089,0.999,-4.972
0.15,923,-2.302,1.850,5.607
0.15,924,4.049,-3.104,6.104
0.15,925,6.056,9.424,-4.095
0.15,926,-8.265,4.718,3.430
0.15,927,6.511,1.438,8.443
0.15,928,-4.926,-2.984,-1.711
0.15,929,8.104,-1.618,-7.417
0.15,930,6.864,-3.374,6.620
0.15,931,-3.685,-7.591,4.600
0.15,932,7.120,-7.200,8.199
0.15,933,6.036,-2.910,-2.452
0.15,934,-0.829,-2.074,-1.998
0.15,935,-2.043,8.150,10.050
0.15,936,-7.380,3.467,-6.149
0.15,937,-3.707,9.747,9.695
0.15,938,0.017,3.312,2.617
0.15,939,6.563,-0.539,7.228
0.15,940,-4.376,-5.349,8.334
0.15,941,-5.420,-4.405,6.200
0.15,942,0.887,6.449,8.875
0.15,943,-9.757,-6.416,7.746
0.15,944,5.674,4.235,2.584
0.15,945,-7.095,-1.789,5.858
0.15,946,-2.927,0.572,-2.922
0.15,947,-8.428,1.899,-4.281
0.15,948,7.377,4.917,4.571
0.15,949,-4.810,8.652,8.330
0.15,950,0.682,-3.663,-2.447
0.15,951,-9.380,8.610,8.936
0.15,952,0.087,-6.422,8.337
0.15,953,3.097,6.573,-6.965
0.15,954,-6.249,-4.874,5.136
0.15,955,-6.646,-2.569,-2.336
0.15,956,-3.294,-1.672,7.352
0.15,957,8.706,-9.433,-2.320
0.15,958,-3.495,-3.498,-2.475
0.15,959,-9.660,2.829,-9.604
0.15,960,7.443,-6.727,6.538
0.15,961,9.750,9.152,-7.656
0.15,962,0.764,6.720,-2.456
0.15,963,1.275,9.263,6.956
0.15,964,0.952,3.139,5.426
0.15,965,-0.481,-6.553,8.485
0.15,966,8.728,-0.412,-2.284
0.15,967,-6.127,9.891,0.783
0.15,968,3.401,-4.963,-2.795
0.15,969,7.845,-9.190,4.879
0.15,970,7.929,1.640,-0.089
0.15,971,8.169,-3.412,-8.098
0.15,972,1.151,-3.090,-11.145
0.15,973,8.697,-1.038,7.471
0.15,974,9.558,-4.173,-3.793
0.15,975,-4.829,-9.382,7.641
0.15,976,7.161,6.299,-9.761
0.15,977,-8.579,6.232,4.054
0.15,978,-0.838,-5.024,2.385
0.15,979,-8.105,-0.322,1.381
0.15,980,-7.056,1.643,8.580
0.15,981,-9.612,-4.462,-2.695
0.15,982,-7.590,-5.665,-1.035
0.15,983,4.952,-3.081,-2.262
0.15,984,-8.401,-9.805,-6.459
0.15,985,-1.800,8.826,6.555
0.15,986,6.505,-8.247,-0.053
0.15,987,-2.206,3.511,7.530
0.15,988,8.507,-7.208,-0.830
0.15,989,-4.216,-3.744,8.337
0.15,990,9.863,-7.439,-4.478
0.15,991,-4.738,2.733,0.852
0.15,992,-5.477,-2.962,-2.395
0.15,993,-0.196,7.747,3.283
0.15,994,1.098,-2.166,-2.551
0.15,995,4.002,1.683,0.515
0.15,996,-5.268,-5.990,4.547
0.15,997,-1.922,8.772,8.472
0.15,998,-6.247,3.210,-10.828
0.15,999,-6.469,-7.247,7.954
0.15,1000,1.225,3.231,5.777
0.15,1001,7.298,6.705,-2.859
0.15,1002,9.621,8.112,-5.906
0.15,1003,2.624,-2.280,6.365
0.15,1004,9.232,-5.110,6.765
0.15,1005,-6.170,-5.278,5.916
0.15,1006,8.986,0.446,9.308
0.15,1007,-2.119,9.369,7.134
0.15,1008,7.094,-8.784,-11.311
0.15,1009,-2.722,-1.600,3.842
0.15,1010,-2.802,5.329,-11.141
0.15,1011,1.623,3.549,-2.530
0.15,1012,8.486,-1.092,-7.950
0.15,1013,-7.787,-9.411,9.626
0.15,1014,-5.289,-0.933,-8.019
0.15,1015,-9.978,8.396,3.499
0.15,1016,-5.182,-8.243,-6.238
0.15,1017,9.422,0.689,-8.535
0.15,1018,9.233,-6.902,8.726
0.15,1019,6.088,9.435,-3.926
0.15,1020,7.576,1.056,-2.924
0.15,1021,3.482,0.595,-2.497
0.15,1022,7.392,-2.148,-7.138
0.15,1023,-9.027,0.138,-1.569
0.15,1024,6.718,5.495,-6.642
0.15,1025,-5.676,8.502,8.574
0.15,1026,9.481,5.628,4.806
0.15,1027,4.546,8.437,9.303
0.15,1028,7.676,9.183,6.694
0.15,1029,-3.882,-4.429,-2.422
0.15,1030,-5.695,0.984,-2.561
0.15,1031,5.371,-8.535,-11.207
0.15,1032,-1.910,0.224,-6.870
0.15,1033,-5.621,7.811,7.531
0.15,1034,6.990,2.956,-1.644
0.15,1035,5.781,4.296,3.381
0.15,1036,-0.245,0.007,7.677
0.15,1037,-9.721,0.706,6.185
0.15,1038,-1.000,-0.492,0.338
0.15,1039,-7.672,-0.013,9.821
0.15,1040,3.356,-6.255,-11.059
0.15,1041,-7.135,-8.427,0.010
0.15,1042,3.970,6.324,-2.353
0.15,1043,7.003,-2.682,0.369
0.15,1044,2.008,9.058,1.873
0.15,1045,3.998,-7.839,-3.325
0.15,1046,1.850,-7.132,-3.388
0.15,1047,6.098,4.562,8.420
0.15,1048,-1.221,3.869,8.508
0.15,1049,2.645,9.256,-4.193
0.15,1050,7.667,9.498,-8.617
0.15,1051,-4.746,9.492,3.297
0.15,1052,-0.532,2.640,2.598
0.15,1053,1.128,-8.755,-11.320
0.15,1054,8.744,5.896,-8.263
0.15,1055,4.087,-0.086,-1.601
0.15,1056,2.677,-1.898,2.597
0.15,1057,9.801,9.619,3.493
0.15,1058,-4.781,5.906,2.875
0.15,1059,-5.281,3.984,9.725
0.15,1060,-2.486,7.149,-8.133
0.15,1061,4.108,-5.076,3.045
0.15,1062,4.065,1.439,1.209
0.15,1063,5.868,-4.089,-2.465
0.15,1064,9.437,2.908,5.051
0.15,1065,6.588,4.041,-0.938
0.15,1066,-7.040,-6.183,5.746
0.15,1067,-1.265,-5.588,-11.071
0.15,1068,2.035,-8.670,0.635
0.15,1069,-9.236,8.882,-5.289
0.15,1070,6.531,7.313,-2.222
0.15,1071,-10.049,-6.141,10.019
0.15,1072,1.592,-5.246,-2.307
0.15,1073,-6.863,0.338,0.369
0.15,1074,4.500,8.614,-2.618
0.15,1075,5.694,2.801,-5.409
0.15,1076,3.311,1.312,-2.453
0.15,1077,1.333,6.818,6.401
0.15,1078,0.247,-2.393,6.997
0.15,1079,5.847,-7.222,-2.016
0.15,1080,-2.307,-0.577,-11.427
0.15,1081,-0.220,-3.660,-2.416
0.15,1082,-6.069,-9.156,-3.397
0.15,1083,0.368,-3.831,5.075
0.15,1084,0.197,6.457,-2.393
0.15,1085,1.789,4.455,-3.135
0.15,1086,8.461,5.424,6.290
0.15,1087,-1.534,2.559,6.363
0.15,1088,-5.315,-0.878,6.464
0.15,1089,-0.493,5.110,-2.459
0.15,1090,9.211,-6.242,-8.375
0.15,1091,7.911,7.998,-7.050
0.15,1092,-7.572,-1.983,6.931
0.15,1093,-2.000,-1.246,-7.281
0.15,1094,0.562,9.872,9.394
0.15,1095,-5.256,7.205,-3.669
0.15,1096,5.524,-7.566,-1.210
0.15,1097,-1.930,3.195,-2.364
0.15,1098,1.587,-7.925,-1.644
0.15,1099,7.030,-2.493,-7.240
0.15,1100,8.840,3.780,0.667
0.15,1101,-0.652,5.025,-2.471
0.15,1102,0.646,-7.431,-4.408
0.15,1103,5.361,-8.147,-5.838
0.15,1104,5.822,0.140,7.489
0.15,1105,3.663,-1.216,-5.676
0.15,1106,-2.796,2.919,-2.431
0.15,1107,-0.188,8.387,-1.793
0.15,1108,1.717,-8.675,-9.606
0.15,1109,7.510,-6.493,9.747
0.15,1110,-3.472,8.723,-7.603
0.15,1111,6.981,-3.972,-3.483
0.15,1112,3.730,7.522,-1.387
0.15,1113,-8.548,5.833,3.915
0.15,1114,-4.181,-1.678,9.650
0.15,1115,0.920,-5.169,-2.315
0.15,1116,-0.080,0.044,7.682
0.15,1117,-5.081,1.332,5.920
0.15,1118,2.776,2.922,-2.476
0.15,1119,8.809,-5.712,10.050
0.15,1120,-1.287,0.287,7.591
0.15,1121,4.045,-4.630,1.831
0.15,1122,8.395,-5.012,8.735
0.15,1123,-2.164,2.599,7.950
0.15,1124,0.641,6.939,-2.269
0.15,1125,-6.249,5.337,5.887
0.15,1126,0.315,1.284,2.085
0.15,1127,3.768,4.218,-11.351
0.15,1128,-9.309,-0.097,7.266
0.15,1129,5.756,-9.194,5.944
0.15,1130,-8.794,5.744,-2.721
0.15,1131,8.076,-0.680,6.244
0.15,1132,0.359,7.331,-2.559
0.15,1133,1.376,4.460,7.718
0.15,1134,2.277,-4.015,9.124
0.15,1135,-8.223,9.013,-3.815
0.15,1136,7.892,4.986,-5.047
0.15,1137,3.739,0.301,-2.529
0.15,1138,-6.307,8.730,-7.790
0.15,1139,4.342,7.655,-7.304
0.15,1140,-6.882,-7.222,-2.723
0.15,1141,-4.820,-6.594,8.670
0.15,1142,-0.069,5.684,-2.177
0.15,1143,2.561,-0.370,2.288
0.15,1144,1.985,9.392,-5.342
0.15,1145,-3.297,8.363,-2.934
0.15,1146,-4.622,-5.670,1.308
0.15,1147,-6.927,-8.774,-0.968
0.15,1148,0.152,-1.602,6.726
0.15,1149,2.129,-2.215,-6.800
0.15,1150,3.829,-0.676,7.570
0.15,1151,0.535,8.212,1.406
0.15,1152,5.627,-4.318,1.806
0.15,1153,-9.390,-7.503,7.860
0.15,1154,-6.952,-3.462,-2.946
0.15,1155,-4.415,9.163,-9.220
0.15,1156,0.552,6.761,-1.270
0.15,1157,-3.859,4.109,-8.018
0.15,1158,-2.771,2.137,-2.457
0.15,1159,-7.080,6.798,7.009
0.15,1160,-7.805,-3.737,-4.353
0.15,1161,-3.063,-7.941,-3.746
0.15,1162,5.970,-6.574,-2.210
0.15,1163,1.613,-3.210,9.120
0.15,1164,-9.955,7.019,4.482
0.15,1165,0.336,-3.711,7.265
0.15,1166,0.980,-3.375,-2.461
0.15,1167,4.198,0.084,-2.760
0.15,1168,3.209,-9.640,3.886
0.15,1169,2.888,7.954,-1.838
0.15,1170,-8.097,-1.101,4.725
0.15,1171,-2.420,3.227,3.468
0.15,1172,-3.862,-3.798,-2.584
0.15,1173,1.311,-0.068,-2.643
0.15,1174,-3.357,1.445,-2.446
0.15,1175,7.222,-5.138,4.638
0.15,1176,-1.627,6.678,7.275
0.15,1177,6.089,-3.517,-2.725
0.15,1178,-6.344,-6.603,-0.133
0.15,1179,-8.461,7.935,7.657
0.15,1180,-1.011,8.764,-2.666
0.15,1181,8.534,8.359,-10.213
0.15,1182,2.743,2.450,-2.452
0.15,1183,-3.290,7.487,-6.288
0.15,1184,-7.801,-4.151,-7.811
0.15,1185,3.095,-4.922,8.279
0.15,1186,0.556,8.489,-2.011
0.15,1187,4.298,5.654,6.348
0.15,1188,-1.855,0.749,5.613
0.15,1189,-4.428,-5.786,7.847
0.15,1190,-0.059,2.424,2.579
0.15,1191,7.292,3.221,-2.139
0.15,1192,0.247,-3.846,-2.450
0.15,1193,6.040,-7.415,4.741
0.15,1194,-2.693,2.465,-2.462
0.15,1195,8.630,-8.307,-3.404
0.15,1196,9.782,1.674,-10.271
0.15,1197,2.971,-2.189,8.829
0.15,1198,-6.269,8.805,0.508
0.15,1199,1.595,3.791,6.430
0.15,1200,4.352,-0.775,-7.062
0.15,1201,5.431,6.204,5.627
0.15,1202,8.272,6.859,-8.969
0.15,1203,-4.410,9.828,-0.390
0.15,1204,7.572,7.196,-10.041
0.15,1205,-5.124,-2.717,-2.438
0.15,1206,2.398,9.616,-8.822
0.15,1207,1.706,9.608,-1.401
0.15,1208,1.967,0.322,7.091
0.15,1209,5.439,-2.931,-2.443
0.15,1210,2.843,2.041,-2.449
0.15,1211,4.309,5.031,6.267
0.15,1212,1.457,-1.647,8.330
0.15,1213,-9.971,7.114,6.242
0.15,1214,-9.205,5.229,4.398
0.15,1215,-8.025,5.645,6.114
0.15,1216,7.200,2.760,7.305
0.15,1217,3.661,8.610,3.148
0.15,1218,6.293,7.339,-5.999
0.15,1219,6.003,1.438,-9.264
0.15,1220,-9.672,1.029,5.087
0.15,1221,1.180,6.479,-9.780
0.15,1222,8.719,-2.137,6.318
0.15,1223,-8.873,6.718,-9.678
0.15,1224,7.368,8.426,-10.272
0.15,1225,8.833,9.854,-11.243
0.15,1226,5.539,-8.912,-6.965
0.15,1227,7.327,7.723,-5.753
0.15,1228,3.608,-4.275,1.896
0.15,1229,-4.630,1.392,-2.363
0.15,1230,-2.672,2.557,-2.464
0.15,1231,6.872,9.746,6.074
0.15,1232,6.354,-4.652,7.987
0.15,1233,3.142,1.804,-2.440
0.15,1234,-2.062,6.260,7.309
0.15,1235,4.597,-3.208,-2.459
0.15,1236,-2.313,8.405,8.415
0.15,1237,-8.989,-0.734,-7.631
0.15,1238,5.795,7.419,-10.882
0.15,1239,-6.031,5.931,3.352
0.15,1240,2.723,-3.148,-2.518
0.15,1241,8.148,-3.320,1.348
0.15,1242,-7.531,-7.510,-2.486
0.15,1243,-7.417,-5.170,-7.230
0.15,1244,4.604,1.481,1.107
0.15,1245,3.813,5.956,-5.618
0.15,1246,-2.658,2.250,4.358
0.15,1247,5.847,-9.601,6.898
0.15,1248,-5.623,2.174,7.118
0.15,1249,9.102,-1.759,7.641
0.15,1250,-5.033,8.444,-6.933
0.15,1251,-6.555,-7.610,7.046
0.15,1252,7.478,3.352,9.630
0.15,1253,7.895,-8.531,-2.750
0.15,1254,1.312,8.036,1.631
0.15,1255,2.823,2.286,-2.450
0.15,1256,-0.847,2.483,-7.885
0.15,1257,0.691,5.976,5.470
0.15,1258,-0.108,2.862,2.603
0.15,1259,-1.460,6.003,8.029
0.15,1260,4.509,4.212,9.967
0.15,1261,1.204,-6.395,-2.028
0.15,1262,-3.894,-6.298,-0.164
0.15,1263,-2.336,-0.731,5.979
0.15,1264,8.146,0.562,-7.872
0.15,1265,1.033,7.997,0.978
0.15,1266,0.507,-6.244,-10.093
0.15,1267,-9.658,4.158,4.512
0.15,1268,-6.013,-2.067,7.099
0.15,1269,-2.272,5.313,-2.447
0.15,1270,3.843,-2.902,-2.507
0.15,1271,5.902,8.418,-5.622
0.15,1272,-0.166,1.300,-5.911
0.15,1273,-3.329,2.175,2.025
0.15,1274,0.787,-4.015,6.808
0.15,1275,2.764,-0.820,5.767
0.15,1276,-0.195,6.660,-2.413
0.15,1277,7.487,-9.339,6.690
0.15,1278,-2.755,-7.676,-9.021
0.15,1279,-3.906,-1.741,-4.608
0.15,1280,-5.769,-9.244,5.105
0.15,1281,6.676,-7.554,-2.278
0.15,1282,2.540,-3.106,-2.522
0.15,1283,9.472,-8.056,8.785
0.15,1284,8.140,-8.117,9.963
0.15,1285,-9.622,5.977,-1.595
0.15,1286,2.953,2.230,-2.447
0.15,1287,5.148,-6.082,3.260
0.15,1288,6.087,9.844,9.790
0.15,1289,-4.040,7.717,0.653
0.15,1290,2.835,-1.627,2.603
0.15,1291,5.582,-4.456,-3.401
0.15,1292,-6.483,-9.860,3.525
0.15,1293,3.454,3.407,-2.467
0.15,1294,-2.955,2.111,-2.449
0.15,1295,5.847,-7.215,0.304
0.15,1296,3.797,-2.469,9.974
0.15,1297,1.962,-1.118,-9.327
0.15,1298,3.162,1.689,-2.442
0.15,1299,-8.845,-5.493,-2.738
0.15,1300,1.795,-1.710,5.779
0.15,1301,1.986,-0.004,6.757
0.15,1302,4.309,7.276,-1.840
0.15,1303,-2.502,2.655,10.000
0.15,1304,-6.660,5.648,-10.837
0.15,1305,4.524,1.838,1.372
0.15,1306,8.577,9.840,-8.252
0.15,1307,-5.662,-1.006,-3.184
0.15,1308,-3.903,-4.262,10.006
0.15,1309,3.216,2.288,-2.451
0.15,1310,-5.813,-8.657,3.127
0.15,1311,-6.480,-9.456,3.242
0.15,1312,5.909,-6.179,0.032
0.15,1313,3.493,-2.138,2.579
0.15,1314,-2.563,-3.430,-2.106
0.15,1315,2.727,-2.435,2.582
0.15,1316,-1.085,7.940,-3.096
0.15,1317,-0.746,-9.179,-8.811
0.15,1318,-3.506,8.036,0.782
0.15,1319,-8.466,2.269,-1.502
0.15,1320,0.342,-0.621,7.559
0.15,1321,2.233,3.190,-2.490
0.15,1322,-0.881,9.844,7.695
0.15,1323,1.350,0.931,-11.030
0.15,1324,-4.355,-5.544,1.568
0.15,1325,-2.382,-7.096,-8.549
0.15,1326,3.755,0.447,7.799
0.15,1327,5.431,-0.246,7.575
0.15,1328,5.308,-7.888,1.292
0.15,1329,0.561,-1.654,5.680
0.15,1330,4.181,-5.770,5.412
0.15,1331,-9.383,2.620,-7.120
0.15,1332,8.445,-4.134,6.942
0.15,1333,-7.428,-8.944,8.267
0.15,1334,5.561,-3.391,-2.446
0.15,1335,5.767,-7.123,7.623
0.15,1336,3.714,9.272,5.220
0.15,1337,3.030,-2.056,2.668
0.15,1338,-1.244,-8.510,-0.879
0.15,1339,2.999,-3.982,7.648
0.15,1340,-9.903,5.935,4.927
0.15,1341,6.618,0.984,-3.417
0.15,1342,0.400,-5.025,2.111
0.15,1343,3.054,-8.132,8.163
0.15,1344,-1.968,2.042,-2.523
0.15,1345,-0.635,5.641,6.912
0.15,1346,-9.156,2.859,6.913
0.15,1347,3.968,8.335,6.498
0.15,1348,2.663,-4.554,6.125
0.15,1349,7.873,0.005,-2.597
0.15,1350,-4.623,-1.912,-2.504
0.15,1351,-6.350,3.029,3.549
0.15,1352,8.998,8.543,2.606
0.15,1353,-4.788,9.782,8.033
0.15,1354,-0.392,-9.741,-1.390
0.15,1355,0.933,3.409,7.100
0.15,1356,7.734,-1.857,-0.985
0.15,1357,1.421,9.013,-9.675
0.15,1358,-6.267,-6.109,-1.280
0.15,1359,-0.806,-2.683,5.913
0.15,1360,2.978,-1.496,2.606
0.15,1361,-4.663,-2.398,-2.471
0.15,1362,-0.260,3.167,7.918
0.15,1363,4.862,9.264,-7.771
0.15,1364,5.401,8.946,-6.623
0.15,1365,9.510,-7.644,1.117
0.15,1366,8.144,8.998,-10.227
0.15,1367,0.335,7.428,-2.864
0.15,1368,-9.205,4.828,-7.625
0.15,1369,-5.792,-0.408,2.292
0.15,1370,0.628,6.831,6.424
0.15,1371,-2.590,9.737,7.087
0.15,1372,-0.703,5.674,-2.370
0.15,1373,2.912,-0.865,10.050
0.15,1374,2.947,-2.010,2.602
0.15,1375,-9.057,7.803,-0.410
0.15,1376,2.556,5.477,-1.731
0.15,1377,-8.532,-4.847,-10.995
0.15,1378,6.393,2.119,-4.007
0.15,1379,5.439,-6.922,3.669
0.15,1380,-7.228,3.773,-7.245
0.15,1381,-5.788,3.375,-8.186
0.15,1382,5.361,2.021,-0.971
0.15,1383,8.412,-4.255,6.381
0.15,1384,2.498,-9.072,-2.409
0.15,1385,5.595,9.871,7.524
0.15,1386,8.599,-0.164,7.191
0.15,1387,-0.162,0.070,-7.858
0.15,1388,4.546,2.774,-7.726
0.15,1389,0.959,-2.771,5.503
0.15,1390,-3.634,8.043,-1.134
0.15,1391,0.271,-6.442,-0.579
0.15,1392,5.248,-1.803,7.009
0.15,1393,-2.028,-1.612,2.556
0.15,1394,4.204,-4.533,-2.434
0.15,1395,1.302,-9.345,-8.360
0.15,1396,-0.398,-3.246,-2.449
0.15,1397,-1.046,2.999,-5.005
0.15,1398,5.787,-5.410,-7.768
0.15,1399,0.791,-2.324,5.673
0.15,1400,0.077,-8.931,-8.736
0.15,1401,0.381,-2.403,-2.349
0.15,1402,1.793,-1.160,5.333
0.15,1403,-1.640,2.215,-3.480
0.15,1404,-3.827,2.052,4.214
0.15,1405,5.942,-0.787,-5.374
0.15,1406,-5.724,-8.366,-8.502
0.15,1407,-2.495,-5.535,-1.776
0.15,1408,-1.639,-2.098,8.876
0.15,1409,-4.358,-0.886,2.587
0.15,1410,0.940,0.731,-0.311
0.15,1411,-0.068,6.479,-2.402
0.15,1412,-8.911,8.359,-0.957
0.15,1413,6.575,1.389,-8.768
0.15,1414,4.695,0.995,-2.544
0.15,1415,-9.785,1.282,3.981
0.15,1416,0.368,-0.692,2.290
0.15,1417,-7.407,4.064,-9.141
0.15,1418,-5.288,-3.077,-2.430
0.15,1419,8.229,-8.321,6.614
0.15,1420,-6.620,-5.085,-2.859
0.15,1421,-2.403,4.634,5.034
0.15,1422,-2.582,8.682,8.120
0.15,1423,-6.688,-6.764,-8.813
0.15,1424,0.196,0.839,-2.223
0.15,1425,-0.399,6.953,8.305
0.15,1426,-5.633,-3.194,-2.434
0.15,1427,1.398,-0.580,-3.267
0.15,1428,1.548,-7.033,6.298
0.15,1429,5.254,-3.890,-2.291
0.15,1430,-5.729,-7.195,-9.078
0.15,1431,9.371,9.990,7.880
0.15,1432,8.610,-6.072,8.648
0.15,1433,-7.454,-8.714,-1.726
0.15,1434,-7.290,2.228,-7.054
0.15,1435,-3.563,6.441,-2.186
0.15,1436,2.942,-2.123,2.592
0.15,1437,1.681,-0.002,5.656
0.15,1438,4.674,-0.493,7.222
0.15,1439,-8.967,2.155,3.154
0.15,1440,-4.074,4.822,-2.844
0.15,1441,5.641,-4.560,-2.708
0.15,1442,-3.333,4.027,6.133
0.15,1443,3.088,-1.951,2.610
0.15,1444,2.961,-7.757,8.674
0.15,1445,3.463,1.419,-2.452
0.15,1446,-5.325,6.824,-4.624
0.15,1447,-3.645,2.080,9.700
0.15,1448,-7.499,-3.788,-8.686
0.15,1449,-0.743,-9.049,5.094
0.15,1450,-3.895,-7.360,-8.295
0.15,1451,-7.118,0.320,7.106
0.15,1452,-7.425,9.764,-6.891
0.15,1453,5.020,-7.531,-2.136
0.15,1454,-9.919,9.713,-3.134
0.15,1455,-6.367,-9.318,-0.375
0.15,1456,-6.786,3.971,7.526
0.15,1457,-2.831,8.517,-7.310
0.15,1458,0.058,7.171,-2.420
0.15,1459,7.129,3.119,3.767
0.15,1460,8.629,-4.155,7.975
0.15,1461,-5.132,-5.783,3.152
0.15,1462,6.834,1.493,8.879
0.15,1463,-4.689,1.004,7.590
0.15,1464,1.731,0.517,7.729
0.15,1465,-6.902,-6.133,7.679
0.15,1466,4.488,-0.776,-10.115
0.15,1467,-6.823,-3.437,3.799
0.15,1468,-1.456,8.163,5.502
0.15,1469,-7.660,-0.658,9.008
0.15,1470,-3.285,8.375,4.709
0.15,1471,8.995,8.144,4.815
0.15,1472,-9.064,7.611,-2.909
0.15,1473,-8.073,6.031,0.622
0.15,1474,0.606,-0.412,7.624
0.15,1475,2.225,-3.262,6.592
0.15,1476,9.239,0.810,-8.286
0.15,1477,4.856,-3.153,2.426
0.15,1478,5.087,-1.674,7.043
0.15,1479,-6.677,1.770,-3.168
0.15,1480,-6.988,8.380,4.289
0.15,1481,4.531,6.432,-1.760
0.15,1482,-8.792,9.787,5.441
0.15,1483,-2.476,-1.565,2.596
0.15,1484,-0.162,-5.660,-9.592
0.15,1485,-7.727,-1.675,-8.497
0.15,1486,-7.624,4.340,-6.870
0.15,1487,1.618,-1.767,5.586
0.15,1488,-8.969,6.662,-2.299
0.15,1489,2.275,2.872,-2.481
0.15,1490,-1.558,-1.974,-0.832
0.15,1491,0.173,1.432,5.513
0.15,1492,-0.424,8.909,5.042
0.15,1493,-7.580,6.264,9.284
0.15,1494,-2.640,-3.904,2.962
0.15,1495,-8.889,-8.686,4.452
0.15,1496,-6.385,2.694,-1.151
0.15,1497,-5.684,4.637,-4.138
0.15,1498,-8.639,-0.380,8.455
0.15,1499,-7.634,5.085,-2.570
0.15,1500,-2.629,2.488,-2.463
0.15,1501,-5.722,4.160,1.389
0.15,1502,-8.047,6.755,-0.275
0.15,1503,-9.628,8.218,9.404
0.15,1504,5.243,2.341,3.506
0.15,1505,5.888,-8.471,-2.283
0.15,1506,9.099,-4.073,-7.655
0.15,1507,-4.590,-1.777,-2.614
0.15,1508,2.284,-6.461,-6.406
0.15,1509,2.639,-4.919,4.450
0.15,1510,3.844,-6.657,-8.842
0.15,1511,4.542,6.269,-3.921
0.15,1512,7.390,-3.903,-2.484
0.15,1513,-5.007,-2.066,6.691
0.15,1514,-5.349,6.725,7.547
0.15,1515,-6.920,3.204,4.006
0.15,1516,-1.292,-4.297,-1.913
0.15,1517,4.575,5.287,1.385
0.15,1518,9.728,8.162,9.590
0.15,1519,-5.984,7.043,4.964
0.15,1520,6.970,-2.139,0.781
0.15,1521,9.042,0.639,7.305
0.15,1522,-3.844,-5.691,4.019
0.15,1523,4.961,-4.816,6.897
0.15,1524,-6.424,-1.366,6.835
0.15,1525,-3.638,2.913,7.480
0.15,1526,2.262,4.467,7.499
0.15,1527,9.088,4.951,-1.982
0.15,1528,6.505,-1.502,8.949
0.15,1529,6.473,2.950,-3.851
0.15,1530,-8.976,-0.325,-4.593
0.15,1531,9.841,3.311,-5.936
0.15,1532,-7.741,7.860,-4.181
0.15,1533,-1.881,-8.622,6.456
0.15,1534,-6.188,2.489,-6.884
0.15,1535,7.682,-6.069,7.475
0.15,1536,-8.793,-4.955,3.010
0.15,1537,3.436,1.468,-2.451
0.15,1538,-1.073,2.895,2.592
0.15,1539,-9.161,-9.093,-8.873
0.15,1540,-4.982,9.564,-0.930
0.15,1541,-3.122,1.984,-2.440
0.15,1542,-3.223,-6.079,8.299
0.15,1543,-1.642,-0.213,8.857
0.15,1544,7.240,1.997,-7.483
0.15,1545,-2.665,2.214,-2.462
0.15,1546,-6.687,8.829,-5.930
0.15,1547,-2.871,1.949,-2.451
0.15,1548,8.754,2.260,-7.913
0.15,1549,-1.000,-0.420,7.215
0.15,1550,-9.472,6.926,3.016
0.15,1551,3.059,1.563,0.481
0.15,1552,-8.286,-0.616,-10.318
0.15,1553,-1.551,-7.792,7.201
0.15,1554,-4.062,3.588,-2.563
0.15,1555,7.221,3.051,8.711
0.15,1556,-6.760,2.591,-7.104
0.15,1557,-3.394,-0.398,5.418
0.15,1558,-7.422,0.885,2.763
0.15,1559,-4.428,4.293,8.000
0.15,1560,-2.875,2.209,-2.454
0.15,1561,-8.551,-8.238,-4.524
0.15,1562,2.785,4.698,-6.780
0.15,1563,-1.360,4.181,7.957
0.15,1564,-8.202,-6.282,2.874
0.15,1565,2.230,-3.352,-2.251
0.15,1566,-4.118,-2.217,1.231
0.15,1567,-5.502,8.870,-6.675
0.15,1568,-0.279,5.909,-2.411
0.15,1569,0.881,1.508,-10.386
0.15,1570,4.115,8.622,-7.427
0.15,1571,2.850,-7.288,7.086
0.15,1572,-8.365,4.339,-0.564
0.15,1573,9.042,6.571,-1.904
0.15,1574,-7.584,2.241,-9.185
0.15,1575,-3.487,1.802,8.187
0.15,1576,-2.678,6.489,3.282
0.15,1577,-2.754,2.263,-2.458
0.15,1578,-5.784,7.932,-7.347
0.15,1579,-3.994,-6.294,1.950
0.15,1580,-1.985,3.797,7.514
0.15,1581,-2.947,-8.326,-8.462
0.15,1582,0.017,-3.520,-2.439
0.15,1583,1.002,3.209,7.299
0.15,1584,-5.269,-8.089,8.471
0.15,1585,0.052,0.049,-4.267
0.15,1586,-6.023,-2.459,-2.462
0.15,1587,7.494,-2.606,-7.343
0.15,1588,-0.829,-3.036,-11.402
0.15,1589,-2.047,2.519,4.818
0.15,1590,-2.351,-1.338,2.598
0.15,1591,-5.438,-8.857,9.385
0.15,1592,-9.777,-6.780,-7.563
0.15,1593,-4.823,8.670,-3.764
0.15,1594,-4.506,-8.273,-1.612
0.15,1595,-7.464,4.212,8.496
0.15,1596,4.626,-9.237,-11.184
0.15,1597,-7.007,-9.484,-6.668
0.15,1598,2.167,-9.348,-8.318
0.15,1599,1.249,9.132,-7.026
0.15,1600,6.256,-9.601,-5.982
0.15,1601,-4.618,3.671,6.290
0.15,1602,-2.268,-1.453,2.644
0.15,1603,0.314,-2.690,2.747
0.15,1604,8.604,9.758,-3.387
0.15,1605,7.417,6.832,-7.191
0.15,1606,-3.721,9.270,3.566
0.15,1607,4.752,-2.291,-2.484
0.15,1608,6.873,-3.789,-2.586
0.15,1609,-2.612,2.960,7.963
0.15,1610,-3.034,2.098,-2.446
0.15,1611,-5.821,2.506,0.185
0.15,1612,-9.702,1.256,-9.989
0.15,1613,-9.686,-7.536,4.939
0.15,1614,-0.392,5.135,7.654
0.15,1615,-4.674,-9.071,-4.171
0.15,1616,9.432,-4.400,-8.988
0.15,1617,-1.514,0.551,7.831
0.15,1618,1.146,3.634,2.579
0.15,1619,2.349,-7.525,-6.688
0.15,1620,5.813,-5.889,0.087
0.15,1621,0.097,8.293,0.697
0.15,1622,1.256,5.339,-0.346
0.15,1623,5.910,-0.081,4.650
0.15,1624,4.726,-7.611,-0.413
0.15,1625,-0.979,-8.934,9.180
0.15,1626,7.978,4.670,6.259
0.15,1627,4.124,0.229,-2.782
0.15,1628,-3.654,5.451,7.236
0.15,1629,8.688,-0.249,-1.858
0.15,1630,1.615,-1.716,4.752
0.15,1631,-5.536,-4.654,7.241
0.15,1632,5.207,-2.887,-2.445
0.15,1633,-6.894,-3.015,4.385
0.15,1634,0.101,4.739,-2.497
0.15,1635,0.172,1.441,5.591
0.15,1636,-2.176,-3.955,-1.848
0.15,1637,6.153,-8.320,-0.097
0.15,1638,-0.409,9.220,-9.053
0.15,1639,7.515,-8.501,3.053
0.15,1640,-0.068,-3.404,-2.443
0.15,1641,-9.146,-3.050,3.337
0.15,1642,-8.813,5.423,-2.847
0.15,1643,-5.816,-2.296,-2.450
0.15,1644,3.107,-6.284,4.238
0.15,1645,2.413,-5.015,5.039
0.15,1646,8.564,1.654,-1.499
0.15,1647,-4.120,2.443,7.884
0.15,1648,-5.440,7.402,9.942
0.15,1649,3.852,2.305,-2.509
0.15,1650,-0.404,-4.444,-2.506
0.15,1651,2.377,3.433,-10.121
0.15,1652,-0.233,2.962,8.418
0.15,1653,-4.530,8.190,-6.395
0.15,1654,2.532,6.837,7.987
0.15,1655,-9.450,-5.986,-8.280
0.15,1656,-4.341,0.221,-3.003
0.15,1657,-4.793,5.787,4.548
0.15,1658,1.484,-8.003,7.937
0.15,1659,3.664,-2.241,1.929
0.15,1660,3.137,3.727,5.300
0.15,1661,-3.148,7.526,2.195
0.15,1662,1.726,-9.870,5.626
0.15,1663,-9.379,-6.371,-6.989
0.15,1664,2.062,8.769,-2.390
0.15,1665,-6.455,3.502,-3.796
0.15,1666,-8.803,7.180,-9.597
0.15,1667,1.948,0.585,5.517
0.15,1668,-0.865,-5.193,8.206
0.15,1669,-5.638,0.328,5.105
0.15,1670,0.319,3.728,2.794
0.15,1671,-5.417,3.055,3.690
0.15,1672,-5.783,9.435,0.580
0.15,1673,-7.575,-6.208,8.202
0.15,1674,2.324,6.525,-3.772
0.15,1675,2.110,-1.308,2.711
0.15,1676,-7.675,4.636,4.206
0.15,1677,-0.829,3.098,2.686
0.15,1678,1.164,-6.808,-5.103
0.15,1679,0.734,-9.123,-7.013
0.15,1680,-7.517,7.780,7.199
0.15,1681,-8.138,-1.314,-2.128
0.15,1682,-3.383,9.086,-3.019
0.15,1683,-1.937,2.546,5.442
0.15,1684,-2.791,-1.790,2.609
0.15,1685,3.324,5.772,-6.598
0.15,1686,8.295,-7.356,9.778
0.15,1687,6.416,-8.318,-7.541
0.15,1688,-0.077,4.539,2.546
0.15,1689,0.596,2.914,3.190
0.15,1690,-5.678,3.884,7.872
0.15,1691,2.195,3.366,-0.192
0.15,1692,-8.487,5.455,-6.887
0.15,1693,7.959,-6.468,-5.069
0.15,1694,-3.916,8.013,-9.912
0.15,1695,-5.746,5.401,-0.294
0.15,1696,-8.797,-2.902,8.486
0.15,1697,5.492,4.082,3.432
0.15,1698,5.607,-9.601,-3.448
0.15,1699,4.499,-0.310,-2.584
0.15,1700,0.747,2.433,2.655
0.15,1701,4.881,6.159,-10.687
0.15,1702,0.467,0.381,7.660
0.15,1703,3.632,4.676,-2.888
0.15,1704,5.672,-9.137,7.107
0.15,1705,-8.061,-9.741,-8.595
0.15,1706,-0.609,4.062,2.890
0.15,1707,-0.417,9.071,2.088
0.15,1708,0.370,-7.034,1.702
0.15,1709,0.212,-3.246,-2.450
0.15,1710,0.871,8.133,8.470
0.15,1711,3.337,1.473,-2.449
0.15,1712,-4.546,-8.696,-7.988
0.15,1713,8.418,-0.112,0.467
0.15,1714,-4.637,-6.761,0.392
0.15,1715,-0.069,2.948,2.609
0.15,1716,-7.326,7.593,0.034
0.15,1717,8.059,-0.334,-8.024
0.15,1718,6.943,-9.729,5.638
0.15,1719,-4.178,5.007,-1.324
0.15,1720,4.289,6.998,3.664
0.15,1721,-4.430,3.256,-3.267
0.15,1722,7.377,1.378,1.522
0.15,1723,-4.371,0.948,7.732
0.15,1724,4.417,9.423,9.496
0.15,1725,-4.907,-3.486,-2.439
0.15,1726,-9.148,-7.560,3.332
0.15,1727,-7.926,7.407,-0.142
0.15,1728,-7.848,0.188,4.040
0.15,1729,-4.238,-3.348,-2.440
0.15,1730,2.562,-3.055,-2.528
0.15,1731,6.189,-1.187,-6.368
0.15,1732,-4.044,8.211,8.689
0.15,1733,5.741,-6.058,2.766
0.15,1734,8.045,3.703,-4.538
0.15,1735,3.030,-8.085,-7.798
0.15,1736,6.664,0.685,-1.015
0.15,1737,8.960,-4.262,-2.633
0.15,1738,-7.252,4.970,-10.566
0.15,1739,-8.298,-3.626,-2.460
0.15,1740,-0.427,-0.207,7.660
0.15,1741,2.584,-0.998,2.568
0.15,1742,-3.188,1.714,-2.441
0.15,1743,0.879,7.881,1.836
0.15,1744,-8.453,-9.068,8.889
0.15,1745,0.179,2.467,2.575
0.15,1746,2.554,7.959,-1.768
0.15,1747,3.417,0.818,5.881
0.15,1748,7.718,-6.827,4.656
0.15,1749,-0.068,3.379,2.615
0.15,1750,1.192,-3.835,6.629
0.15,1751,-5.729,5.747,-9.421
0.15,1752,9.473,-8.736,4.614
0.15,1753,-0.071,7.138,-2.439
0.15,1754,1.093,2.642,-6.354
0.15,1755,3.098,-0.730,-7.079
0.15,1756,-7.280,-5.610,-9.396
0.15,1757,-5.774,3.349,-3.666
0.15,1758,3.547,-1.925,7.455
0.15,1759,-9.727,-1.340,6.569
0.15,1760,-0.760,7.281,-2.508
0.15,1761,8.911,-8.574,-10.182
0.15,1762,-9.730,-6.527,-8.621
0.15,1763,-1.299,1.555,2.929
0.15,1764,3.771,6.795,0.239
0.15,1765,-0.261,7.157,-2.448
0.15,1766,-5.284,-3.131,-2.429
0.15,1767,-5.648,-3.261,-2.436
0.15,1768,7.754,-0.621,-1.569
0.15,1769,5.960,-9.607,-4.056
0.15,1770,4.162,1.726,-2.078
0.15,1771,-0.917,2.107,-7.292
0.15,1772,9.134,-7.374,6.782
0.15,1773,-7.708,8.114,-9.704
0.15,1774,-3.021,-9.060,-0.813
0.15,1775,8.420,4.462,7.078
0.15,1776,2.426,5.817,7.547
0.15,1777,5.912,-6.548,7.204
0.15,1778,-8.829,-8.137,6.653
0.15,1779,-6.218,-5.093,0.598
0.15,1780,-7.570,-1.703,-7.073
0.15,1781,2.365,5.610,-5.647
0.15,1782,3.329,-1.875,6.770
0.15,1783,-5.976,7.277,-8.726
0.15,1784,-2.114,-6.317,2.422
0.15,1785,-2.388,2.978,-2.491
0.15,1786,-3.831,9.632,-3.449
0.15,1787,7.563,-9.295,-4.451
0.15,1788,-5.915,9.166,-0.039
0.15,1789,-1.163,-5.799,-2.550
0.15,1790,4.896,-9.020,-2.126
0.15,1791,0.807,7.089,4.828
0.15,1792,0.913,7.838,4.854
0.15,1793,2.070,1.755,1.622
0.15,1794,-2.139,-7.882,-5.408
0.15,1795,2.586,2.605,-2.456
0.15,1796,-9.643,9.012,2.707
0.15,1797,-2.622,-1.665,2.604
0.15,1798,0.383,7.324,3.923
0.15,1799,-6.592,9.702,-8.155
0.15,1800,-4.328,-8.046,-5.405
0.15,1801,4.332,-4.286,9.535
0.15,1802,-7.169,5.210,6.935
0.15,1803,-6.056,-7.947,0.572
0.15,1804,-4.418,-4.931,-2.553
0.15,1805,-1.682,-9.858,7.219
0.15,1806,-2.930,-0.415,2.885
0.15,1807,10.033,7.704,8.767
0.15,1808,1.818,-1.998,3.287
0.15,1809,4.358,-1.185,-3.099
0.15,1810,-0.856,-5.491,-9.992
0.15,1811,8.257,-0.383,7.793
0.15,1812,5.218,2.625,-7.916
0.15,1813,0.213,-4.768,1.611
0.15,1814,-0.145,-0.271,7.686
0.15,1815,-0.924,-2.471,-6.366
0.15,1816,-9.591,6.675,7.748
0.15,1817,6.550,-3.182,8.049
0.15,1818,9.204,5.421,0.176
0.15,1819,1.346,2.705,8.620
0.15,1820,4.067,5.719,7.917
0.15,1821,1.859,-4.643,7.014
0.15,1822,4.035,-6.158,-5.646
0.15,1823,7.518,8.852,6.464
0.15,1824,8.879,6.391,6.188
0.15,1825,-9.115,0.337,6.556
0.15,1826,-6.859,-6.230,0.165
0.15,1827,-0.007,3.127,2.619
0.15,1828,-7.241,0.931,8.457
0.15,1829,0.053,2.128,2.455
0.15,1830,4.758,-3.025,-2.455
0.15,1831,1.941,-6.593,1.702
0.15,1832,4.739,-3.390,-2.459
0.15,1833,0.150,1.447,2.566
0.15,1834,-6.517,3.202,8.571
0.15,1835,-1.190,-2.032,2.793
0.15,1836,-1.698,1.847,-11.403
0.15,1837,-5.752,9.029,4.290
0.15,1838,6.800,2.968,3.243
0.15,1839,-2.088,-1.091,-10.057
0.15,1840,-5.786,-7.967,-8.189
0.15,1841,-7.947,-2.993,3.120
0.15,1842,-9.238,4.625,4.537
0.15,1843,-3.042,2.427,-2.453
0.15,1844,-0.141,3.161,5.822
0.15,1845,-5.828,8.446,8.316
0.15,1846,1.326,-9.845,-3.237
0.15,1847,8.770,-1.219,-0.972
0.15,1848,-1.416,-1.015,-1.303
0.15,1849,-2.711,7.509,2.992
0.15,1850,-0.678,-6.350,9.871
0.15,1851,-2.181,2.632,8.011
0.15,1852,-1.414,-3.305,-2.464
0.15,1853,-3.084,2.491,8.835
0.15,1854,6.394,3.013,-8.974
0.15,1855,2.938,-2.383,7.812
0.15,1856,-1.304,3.083,-3.732
0.15,1857,8.721,-5.446,-1.018
0.15,1858,-3.245,2.099,7.479
0.15,1859,-8.410,3.180,-2.084
0.15,1860,3.374,0.078,9.807
0.15,1861,5.723,-5.670,-5.840
0.15,1862,4.193,-3.210,-2.477
0.15,1863,4.235,3.125,-7.653
0.15,1864,-0.172,-0.203,7.669
0.15,1865,-1.088,8.041,1.195
0.15,1866,-0.809,5.099,6.531
0.15,1867,5.355,-8.704,8.107
0.15,1868,-3.729,-9.686,2.994
0.15,1869,-2.105,8.875,-1.672
0.15,1870,-3.080,9.136,-2.274
0.15,1871,-2.196,-1.517,2.550
0.15,1872,0.403,6.066,-2.409
0.15,1873,-4.552,7.075,-3.289
0.15,1874,1.990,2.599,7.376
0.15,1875,3.395,-1.542,2.601
0.15,1876,8.463,2.695,-8.182
0.15,1877,3.136,0.712,0.125
0.15,1878,8.140,3.522,-8.946
0.15,1879,6.301,-9.184,-6.732
0.15,1880,9.647,-1.024,-4.920
0.15,1881,2.998,-1.992,2.604
0.15,1882,-3.531,-0.544,-5.557
0.15,1883,-8.991,-0.446,-8.369
0.15,1884,-2.947,2.130,-2.450
0.15,1885,-7.199,-3.274,0.910
0.15,1886,-0.377,6.825,-2.427
0.15,1887,2.465,4.598,8.091
0.15,1888,-2.481,2.288,8.805
0.15,1889,7.248,2.911,-4.434
0.15,1890,5.172,-3.416,-2.449
0.15,1891,0.683,-8.650,-11.186
0.15,1892,-8.418,7.995,0.680
0.15,1893,-5.699,7.693,-4.658
0.15,1894,0.398,2.122,5.678
0.15,1895,5.760,-7.649,-0.421
0.15,1896,-0.019,2.566,2.592
0.15,1897,5.717,6.322,-5.459
0.15,1898,-1.128,2.192,-5.492
0.15,1899,-9.012,-6.262,-2.420
0.15,1900,4.199,-8.304,-1.772
0.15,1901,-1.654,-3.996,2.910
0.15,1902,-6.547,-5.536,5.121
0.15,1903,9.996,-1.442,9.273
0.15,1904,7.863,1.846,9.458
0.15,1905,-5.805,-7.890,-6.350
0.15,1906,0.093,3.269,2.615
0.15,1907,-0.155,-1.369,5.144
0.15,1908,-4.586,-3.074,-2.442
0.15,1909,6.886,-2.930,5.011
0.15,1910,-6.610,9.092,-1.736
0.15,1911,9.787,8.884,-4.925
0.15,1912,-5.399,-2.855,9.205
0.15,1913,8.463,2.535,-2.429
0.15,1914,6.863,9.866,0.448
0.15,1915,0.039,6.752,-2.299
0.15,1916,-5.550,-2.704,-2.422
0.15,1917,-5.882,-8.089,7.922
0.15,1918,-3.455,5.813,0.806
0.15,1919,8.536,-2.714,8.295
0.15,1920,9.782,-4.956,0.340
0.15,1921,-0.536,-1.592,2.922
0.15,1922,-5.273,2.022,3.352
0.15,1923,-4.596,-8.103,-0.514
0.15,1924,4.593,0.772,1.963
0.15,1925,2.973,9.084,-2.181
0.15,1926,-0.011,7.027,-2.426
0.15,1927,0.497,-5.411,-0.014
0.15,1928,0.174,-8.577,-8.439
0.15,1929,1.068,5.773,4.518
0.15,1930,4.093,-3.247,-10.966
0.15,1931,-9.840,-7.394,-9.064
0.15,1932,-5.197,-3.048,-2.430
0.15,1933,1.120,-4.996,6.710
0.15,1934,7.514,9.857,-5.753
0.15,1935,-9.056,4.077,-10.072
0.15,1936,3.577,7.870,-8.438
0.15,1937,-3.433,3.131,1.594
0.15,1938,-0.632,0.526,7.641
0.15,1939,-9.383,2.771,-6.932
0.15,1940,5.663,1.425,0.523
0.15,1941,-3.415,0.659,-0.437
0.15,1942,7.291,-8.128,-3.865
0.15,1943,-1.914,-8.664,1.048
0.15,1944,5.893,-6.375,-1.033
0.15,1945,8.314,-8.997,-11.215
0.15,1946,-8.174,7.527,5.477
0.15,1947,1.474,2.055,-0.536
0.15,1948,-3.222,4.396,-1.828
0.15,1949,-2.660,-1.624,2.605
0.15,1950,3.369,-8.155,8.610
0.15,1951,-9.934,-5.177,-6.558
0.15,1952,8.045,9.746,-0.480
0.15,1953,6.128,-9.065,-1.306
0.15,1954,7.056,-2.584,-8.168
0.15,1955,7.531,-6.136,8.562
0.15,1956,8.340,9.318,3.284
0.15,1957,-4.634,8.308,-3.173
0.15,1958,-6.715,-3.709,-2.387
0.15,1959,-7.686,6.072,-9.253
0.15,1960,-6.632,-4.078,-2.098
0.15,1961,5.302,-2.483,-2.457
0.15,1962,5.749,2.649,-6.922
0.15,1963,-7.286,-5.831,-11.200
0.15,1964,-4.740,9.582,9.904
0.15,1965,-1.274,-7.330,-6.817
0.15,1966,-4.666,-6.993,0.331
0.15,1967,6.009,-9.224,-0.349
0.15,1968,5.840,8.564,-3.819
0.15,1969,-8.547,-3.093,-3.141
0.15,1970,-5.928,8.346,8.366
0.15,1971,7.565,9.644,-2.838
0.15,1972,-1.994,-6.346,-1.899
0.15,1973,-3.215,-1.929,2.614
0.15,1974,9.785,-8.626,8.279
0.15,1975,-8.428,2.320,6.087
0.15,1976,-1.070,8.373,1.769
0.15,1977,1.972,-9.730,-1.491
0.15,1978,-7.823,-2.080,-2.653
0.15,1979,-8.874,-4.999,-4.308
0.15,1980,5.912,-5.565,7.712
0.15,1981,-0.046,-0.891,-2.212
0.15,1982,0.703,-0.198,7.645
0.15,1983,-3.081,3.321,0.807
0.15,1984,1.752,3.319,-2.523
0.15,1985,1.646,-0.848,-1.276
0.15,1986,-8.276,-3.960,-2.166
0.15,1987,9.125,-7.927,-2.950
0.15,1988,5.222,5.923,-2.190
0.15,1989,-0.593,-6.448,-7.142
0.15,1990,-3.280,1.267,6.273
0.15,1991,-4.071,-3.158,-2.459
0.15,1992,3.001,-2.154,-5.388
0.15,1993,3.409,7.404,-2.033
0.15,1994,6.039,-7.130,-7.091
0.15,1995,2.676,2.074,-2.454
0.15,1996,-9.677,2.839,-10.142
0.15,1997,-4.566,6.963,-4.975
0.15,1998,-6.991,4.426,-0.072
0.15,1999,-7.769,-7.074,3.545
0.15,2000,-3.742,6.135,-1.124
0.15,2001,-4.632,-2.928,-2.435
0.15,2002,6.400,1.986,6.057
0.15,2003,-4.212,-7.894,-4.636
0.15,2004,4.595,3.442,-6.447
0.15,2005,-2.965,-3.401,-2.357
0.15,2006,2.074,-7.631,8.859
0.15,2007,0.021,-0.087,7.680
0.15,2008,6.367,-6.981,1.489
0.15,2009,1.559,-7.560,-5.001
0.15,2010,3.245,1.386,-2.450
0.15,2011,-5.990,7.478,-6.306
0.15,2012,2.072,2.609,6.265
0.15,2013,1.869,-4.374,-2.359
0.15,2014,-0.207,-9.545,-6.703
0.15,2015,-8.841,-4.018,-7.374
0.15,2016,0.381,-1.643,7.387
0.15,2017,-6.296,8.493,3.250
0.15,2018,0.065,6.101,-2.337
0.15,2019,0.674,2.416,7.275
0.15,2020,2.587,1.890,6.727
0.15,2021,9.469,3.942,-0.731
0.15,2022,-2.606,2.411,-2.464
0.15,2023,7.361,3.278,4.983
0.15,2024,-6.496,2.890,-6.077
0.15,2025,6.052,1.301,5.704
0.15,2026,0.931,-8.322,-4.758
0.15,2027,7.015,-8.804,-9.965
0.15,2028,5.081,-2.298,-2.490
0.15,2029,3.341,1.064,-2.467
0.15,2030,5.422,1.820,7.812
0.15,2031,-2.173,0.725,-7.327
0.15,2032,-5.434,0.382,-2.593
0.15,2033,-7.609,-7.210,-10.322
0.15,2034,-6.596,6.142,5.227
0.15,2035,-6.230,3.313,-8.521
0.15,2036,4.102,-0.771,2.539
0.15,2037,-4.773,-3.121,-2.435
0.15,2038,-2.107,-0.385,4.378
0.15,2039,-3.348,7.228,4.587
0.15,2040,-0.737,-4.752,6.476
0.15,2041,8.283,-9.088,-10.084
0.15,2042,4.772,8.058,-3.828
0.15,2043,-3.296,-3.805,2.596
0.15,2044,3.938,-7.537,-1.951
0.15,2045,2.947,-1.809,2.609
0.15,2046,2.709,1.874,0.186
0.15,2047,-4.541,-4.462,-2.540
0.15,2048,-2.470,5.850,1.912
0.15,2049,4.177,-5.152,-2.604
0.15,2050,-6.314,-2.593,8.638
0.15,2051,9.255,-1.066,2.978
0.15,2052,7.907,9.366,0.507
0.15,2053,9.371,8.406,8.627
0.15,2054,-1.440,9.508,9.709
0.15,2055,9.037,6.087,-3.899
0.15,2056,2.994,9.707,8.708
0.15,2057,-7.159,-5.220,8.021
0.15,2058,-0.551,0.494,7.649
0.15,2059,8.580,-0.993,1.705
0.15,2060,7.312,0.296,-6.697
0.15,2061,-5.559,1.229,-4.231
0.15,2062,-3.485,2.450,-2.185
0.15,2063,-2.411,-0.548,-1.523
0.15,2064,6.814,-9.021,0.892
0.15,2065,0.215,2.634,2.586
0.15,2066,6.209,7.796,8.935
0.15,2067,-1.303,-3.376,-2.444
0.15,2068,1.328,-6.608,5.634
0.15,2069,-0.209,4.979,8.864
0.15,2070,-2.395,1.599,6.690
0.15,2071,3.263,-1.501,-5.578
0.15,2072,-1.104,-1.219,7.525
0.15,2073,-7.383,-8.116,-8.833
0.15,2074,-9.914,5.697,7.772
0.15,2075,-9.729,-5.195,0.350
0.15,2076,-9.599,2.402,9.077
0.15,2077,-1.174,-2.418,-2.534
0.15,2078,-0.106,2.824,2.645
0.15,2079,9.455,7.547,-10.889
0.15,2080,-9.843,3.535,1.083
0.15,2081,-1.086,7.514,-2.454
0.15,2082,-7.270,-6.882,-2.949
0.15,2083,-2.045,7.508,1.772
0.15,2084,-8.808,-3.586,6.424
0.15,2085,4.493,-2.596,-1.989
0.15,2086,-3.741,-3.164,-2.472
0.15,2087,1.096,4.279,3.073
0.15,2088,3.369,1.512,-10.864
0.15,2089,9.042,1.347,-1.689
0.15,2090,-6.649,-3.662,-2.307
0.15,2091,-7.333,4.245,-7.377
0.15,2092,0.487,-1.394,-9.881
0.15,2093,-3.483,-9.488,-8.800
0.15,2094,1.909,8.531,-2.964
0.15,2095,-5.400,-7.301,6.297
0.15,2096,-7.003,5.501,-2.940
0.15,2097,3.018,-1.280,3.803
0.15,2098,-0.292,-3.040,-2.467
0.15,2099,-2.566,-4.163,1.423
0.15,2100,7.217,-6.645,7.095
0.15,2101,-7.467,-3.118,3.613
0.15,2102,-7.538,-3.292,-7.154
0.15,2103,-9.045,-1.373,-7.925
0.15,2104,8.150,0.741,9.181
0.15,2105,-5.700,-4.680,8.891
0.15,2106,8.698,-1.712,6.291
0.15,2107,2.316,2.106,-10.717
0.15,2108,4.564,-0.447,-2.982
0.15,2109,8.780,1.584,6.567
0.15,2110,4.544,-9.635,0.355
0.15,2111,3.238,1.254,-10.793
0.15,2112,1.211,4.236,2.667
0.15,2113,-6.349,7.089,-7.048
0.15,2114,-9.355,7.519,-6.660
0.15,2115,-9.932,-0.757,9.163
0.15,2116,-8.082,-2.263,-8.579
0.15,2117,-0.514,-2.145,-1.262
0.15,2118,-9.764,-2.221,3.639
0.15,2119,-3.020,-2.575,2.558
0.15,2120,7.392,-0.341,1.095
0.15,2121,-7.774,-8.536,0.896
0.15,2122,-1.872,-3.466,-2.470
0.15,2123,9.445,0.808,0.643
0.15,2124,-6.647,-1.465,2.035
0.15,2125,6.542,2.883,5.443
0.15,2126,6.969,-7.015,-7.104
0.15,2127,-1.745,6.068,-2.512
0.15,2128,-0.110,0.351,7.673
0.15,2129,-2.698,9.255,7.189
0.15,2130,-0.074,-4.539,9.704
0.15,2131,7.183,-4.539,8.864
0.15,2132,3.336,-9.447,4.929
0.15,2133,4.923,-7.418,-0.360
0.15,2134,8.443,1.900,-3.909
0.15,2135,1.060,1.889,-5.940
0.15,2136,-3.982,-0.820,5.637
0.15,2137,8.405,-3.565,-7.826
0.15,2138,-0.096,1.374,7.568
0.15,2139,-1.295,6.142,-2.404
0.15,2140,0.935,-7.753,0.500
0.15,2141,-0.203,0.407,-10.605
0.15,2142,-2.341,4.758,8.045
0.15,2143,-8.499,-4.028,-5.266
0.15,2144,7.162,-4.076,-5.646
0.15,2145,-3.796,-2.007,6.500
0.15,2146,6.597,4.922,9.378
0.15,2147,8.922,-5.796,-5.159
0.15,2148,2.017,3.342,-2.501
0.15,2149,4.255,7.047,6.647
0.15,2150,-2.531,-5.039,-2.510
0.15,2151,3.575,-0.773,8.579
0.15,2152,9.061,2.420,-6.300
0.15,2153,-8.155,0.390,-1.485
0.15,2154,-1.860,-5.735,-2.434
0.15,2155,8.088,-7.875,0.626
0.15,2156,3.288,4.002,1.869
0.15,2157,-1.560,7.487,0.484
0.15,2158,-2.472,3.019,-2.486
0.15,2159,0.654,3.272,2.509
0.15,2160,-3.038,6.690,-3.083
0.15,2161,-5.304,7.553,-1.718
0.15,2162,-4.683,-3.912,7.946
0.15,2163,-1.662,-6.042,-2.165
0.15,2164,-1.279,-1.525,2.674
0.15,2165,-2.556,-7.678,4.196
0.15,2166,-3.957,1.905,3.908
0.15,2167,-2.578,1.872,9.204
0.15,2168,-5.313,2.245,-7.494
0.15,2169,-9.499,1.141,-0.301
0.15,2170,-0.584,8.031,0.998
0.15,2171,-2.156,0.158,6.969
0.15,2172,-6.000,8.859,-2.843
0.15,2173,1.789,-2.464,0.787
0.15,2174,0.770,-3.893,-2.285
0.15,2175,-1.227,0.696,7.357
0.15,2176,1.807,-3.092,-2.479
0.15,2177,-6.332,2.963,-1.142
0.15,2178,6.519,-3.124,1.571
0.15,2179,1.156,2.053,-9.244
0.15,2180,1.042,-4.244,6.709
0.15,2181,8.209,0.010,6.140
0.15,2182,-4.544,-6.923,-5.260
0.15,2183,8.905,1.785,-10.224
0.15,2184,-5.381,-10.005,6.911
0.15,2185,-1.582,1.409,7.327
0.15,2186,5.695,-6.675,9.114
0.15,2187,-4.678,-2.643,-2.039
0.15,2188,8.409,8.093,-3.024
0.15,2189,-1.182,1.964,5.699
0.15,2190,7.451,-3.262,-6.069
0.15,2191,-8.636,-4.516,-8.427
0.15,2192,4.546,6.269,7.079
0.15,2193,-8.005,6.726,8.403
0.15,2194,-0.530,-1.753,4.379
0.15,2195,1.714,-1.861,-9.839
0.15,2196,-9.130,3.976,9.724
0.15,2197,-0.629,-6.102,7.825
0.15,2198,-1.246,-3.372,-2.457
0.15,2199,2.120,-8.666,8.617
0.15,2200,-3.361,6.420,-7.136
0.15,2201,-0.983,7.386,-2.908
0.15,2202,4.807,-9.247,4.898
0.15,2203,-1.583,-0.806,-6.105
0.15,2204,3.405,1.396,-11.344
0.15,2205,2.109,3.286,2.409
0.15,2206,-2.475,-1.644,2.596
0.15,2207,6.700,-3.782,8.192
0.15,2208,3.078,2.060,-2.442
0.15,2209,7.898,8.165,9.258
0.15,2210,1.347,-6.903,-0.855
0.15,2211,-5.256,-2.743,-2.438
0.15,2212,-9.460,6.691,-8.749
0.15,2213,0.610,-0.801,8.576
0.15,2214,3.729,4.527,6.622
0.15,2215,-8.149,-2.115,-3.090
0.15,2216,-1.215,-8.523,-5.866
0.15,2217,1.329,-2.586,6.451
0.15,2218,9.485,5.821,-5.692
0.15,2219,0.069,-3.386,-2.444
0.15,2220,7.543,3.678,6.334
0.15,2221,-2.226,1.568,-2.518
0.15,2222,0.011,0.920,7.670
0.15,2223,5.689,-1.819,-2.462
0.15,2224,-0.503,2.686,-6.944
0.15,2225,-8.623,-4.944,4.036
0.15,2226,6.137,-0.959,6.430
0.15,2227,-1.605,-7.921,1.571
0.15,2228,-5.505,-2.860,-2.437
0.15,2229,-7.229,-1.077,-7.747
0.15,2230,2.674,8.319,7.584
0.15,2231,5.628,-8.623,3.621
0.15,2232,-9.332,2.173,6.526
0.15,2233,-4.510,-4.333,7.406
0.15,2234,-7.378,7.325,-3.032
0.15,2235,0.874,-5.021,-6.709
0.15,2236,0.257,-3.229,-2.451
0.15,2237,-3.555,-7.772,-7.131
0.15,2238,7.187,2.862,-8.850
0.15,2239,2.941,8.014,2.901
0.15,2240,6.604,0.082,6.693
0.15,2241,-1.042,7.497,-2.405
0.15,2242,-8.528,2.663,-5.683
0.15,2243,-9.505,1.489,-2.531
0.15,2244,9.474,-0.658,-5.427
0.15,2245,5.393,0.555,-1.833
0.15,2246,4.341,3.263,-10.619
0.15,2247,7.449,-4.455,-2.431
0.15,2248,-4.950,0.455,1.386
0.15,2249,7.690,1.899,-8.399
0.15,2250,0.211,-7.776,-10.244
0.15,2251,-0.121,-9.507,-4.367
0.15,2252,8.203,-7.517,7.867
0.15,2253,-0.460,-2.008,-11.180
0.15,2254,-6.420,0.649,-6.730
0.15,2255,4.204,-3.956,-2.947
0.15,2256,-7.377,-5.708,9.777
0.15,2257,2.984,-9.404,-8.385
0.15,2258,-3.163,-6.411,-10.890
0.15,2259,-4.474,-9.147,-3.289
0.15,2260,0.241,-6.883,-11.150
0.15,2261,-0.058,2.450,2.579
0.15,2262,6.977,5.988,-9.626
0.15,2263,-4.432,7.001,6.255
0.15,2264,7.095,4.109,-5.768
0.15,2265,-1.527,-2.103,2.439
0.15,2266,0.246,8.576,2.047
0.15,2267,-1.665,0.374,5.726
0.15,2268,0.405,3.390,2.599
0.15,2269,6.039,9.466,-2.265
0.15,2270,4.777,1.045,-2.339
0.15,2271,-0.783,1.414,5.799
0.15,2272,3.646,8.466,-3.358
0.15,2273,6.233,-4.625,-6.090
0.15,2274,5.494,-7.135,9.710
0.15,2275,2.156,-8.419,9.283
0.15,2276,4.042,-3.207,6.750
0.15,2277,9.240,5.310,-11.374
0.15,2278,-3.871,-1.955,2.446
0.15,2279,-9.022,-7.907,7.920
0.15,2280,8.983,-2.984,-2.114
0.15,2281,2.878,2.657,6.159
0.15,2282,0.297,3.210,2.753
0.15,2283,3.039,2.394,-2.449
0.15,2284,4.893,-3.358,-2.453
0.15,2285,-1.201,-1.640,8.268
0.15,2286,-0.616,-3.325,-2.447
0.15,2287,8.759,-2.922,-7.713
0.15,2288,-6.052,3.540,-4.306
0.15,2289,9.805,6.172,-9.478
0.15,2290,-3.486,-0.864,8.717
0.15,2291,0.229,6.159,7.590
0.15,2292,0.862,6.517,8.354
0.15,2293,9.381,8.638,-9.362
0.15,2294,-8.572,-0.035,5.798
0.15,2295,8.707,-7.016,5.915
0.15,2296,-2.202,-2.346,1.781
0.15,2297,7.030,2.808,3.416
0.15,2298,9.215,-9.342,8.066
0.15,2299,8.768,-2.486,8.599
0.15,2300,3.095,-1.316,2.605
0.15,2301,0.065,-8.114,8.159
0.15,2302,5.680,-6.327,7.094
0.15,2303,-0.601,9.316,3.977
0.15,2304,4.554,3.452,-2.623
0.15,2305,-2.892,9.524,6.972
0.15,2306,1.221,0.310,-9.689
0.15,2307,3.332,5.810,4.285
0.15,2308,-7.149,8.260,3.015
0.15,2309,-5.452,3.002,-2.455
0.15,2310,-8.930,-4.511,-2.785
0.15,2311,-1.637,-2.371,3.054
0.15,2312,4.237,-3.489,6.730
0.15,2313,-0.094,-2.289,-2.577
0.15,2314,1.854,1.990,-2.369
0.15,2315,8.716,-1.070,-8.594
0.15,2316,8.555,-5.753,8.060
0.15,2317,-0.957,7.623,9.693
0.15,2318,-4.628,-7.516,7.121
0.15,2319,-5.736,3.071,4.268
0.15,2320,-4.727,-0.001,7.683
0.15,2321,6.408,-5.833,-2.871
0.15,2322,2.312,-3.736,6.494
0.15,2323,-7.663,-7.675,-2.831
0.15,2324,-2.265,-8.401,3.986
0.15,2325,-5.213,-8.096,8.468
0.15,2326,2.409,8.035,-2.087
0.15,2327,-2.785,-1.755,2.609
0.15,2328,0.596,4.708,-2.494
0.15,2329,-5.751,4.969,-1.597
0.15,2330,6.840,4.681,6.510
0.15,2331,-3.473,-1.927,2.604
0.15,2332,-3.530,-6.286,2.221
0.15,2333,-2.665,5.437,7.576
0.15,2334,-9.597,9.931,-0.433
0.15,2335,-5.343,-2.912,-2.434
0.15,2336,8.512,5.635,-7.911
0.15,2337,-1.852,7.566,6.309
0.15,2338,-9.717,-8.755,4.357
0.15,2339,9.902,-5.528,5.478
0.15,2340,0.298,-2.859,7.748
0.15,2341,-1.346,-4.610,-1.881
0.15,2342,3.352,-3.443,7.259
0.15,2343,-4.434,-7.714,-10.070
0.15,2344,-8.643,6.291,-3.708
0.15,2345,8.123,0.844,9.526
0.15,2346,-1.336,2.114,-7.668
0.15,2347,-9.577,2.050,-7.881
0.15,2348,-6.618,-6.423,-8.392
0.15,2349,-2.795,1.870,-2.457
0.15,2350,3.672,0.908,2.217
0.15,2351,-1.814,-0.756,4.981
0.15,2352,1.054,9.380,-9.759
0.15,2353,1.465,7.129,7.057
0.15,2354,4.712,-0.041,6.009
0.15,2355,-8.784,-7.617,-7.886
0.15,2356,0.256,1.418,-10.633
0.15,2357,2.806,9.479,-3.551
0.15,2358,-0.685,1.710,0.196
0.15,2359,4.303,-3.196,-2.471
0.15,2360,1.217,2.778,9.406
0.15,2361,-3.229,-5.798,-1.605
0.15,2362,-9.020,-3.726,-8.728
0.15,2363,0.041,2.835,2.604
0.15,2364,-8.233,5.996,9.923
0.15,2365,5.754,5.486,-8.454
0.15,2366,5.618,-3.098,-2.439
0.15,2367,-0.004,2.447,2.581
0.15,2368,8.068,-6.387,0.412
0.15,2369,3.171,-1.808,2.614
0.15,2370,-2.522,-7.038,4.352
0.15,2371,-1.182,-6.164,-2.081
0.15,2372,-4.162,-2.819,-2.476
0.15,2373,-9.722,7.513,3.824
0.15,2374,7.367,-3.890,-1.961
0.15,2375,-5.138,-2.717,2.497
0.15,2376,9.580,-1.361,-4.659
0.15,2377,-0.391,-4.888,7.871
0.15,2378,-9.640,1.354,-0.821
0.15,2379,3.062,1.952,-2.440
0.15,2380,-7.563,-4.469,-7.801
0.15,2381,-3.731,-2.549,2.820
0.15,2382,1.846,3.219,-2.514
0.15,2383,-9.210,2.803,-0.210
0.15,2384,9.364,4.455,-10.860
0.15,2385,-8.108,-4.115,-2.063
0.15,2386,-2.209,-8.403,-1.095
0.15,2387,4.726,8.392,-2.629
0.15,2388,-9.219,6.397,8.503
0.15,2389,-1.207,4.836,-2.484
0.15,2390,-4.917,9.561,0.697
0.15,2391,-7.549,5.276,-6.946
0.15,2392,-2.628,5.145,0.193
0.15,2393,7.266,4.327,-9.440
0.15,2394,0.220,2.345,2.661
0.15,2395,9.606,-8.875,-9.300
0.15,2396,5.545,-8.012,-6.312
0.15,2397,0.526,-1.386,-8.233
0.15,2398,5.643,8.718,-8.014
0.15,2399,-0.907,-1.484,-10.570
0.15,2400,1.109,-6.491,7.807
0.15,2401,9.124,-8.200,5.862
0.15,2402,-6.429,-5.980,8.169
0.15,2403,-6.002,6.597,-9.466
0.15,2404,-9.722,9.202,7.054
0.15,2405,3.339,8.661,-8.110
0.15,2406,8.551,9.877,-1.467
0.15,2407,-4.564,0.131,4.585
0.15,2408,2.583,-1.774,2.595
0.15,2409,-1.352,-0.891,-10.927
0.15,2410,5.549,7.072,-7.724
0.15,2411,4.593,5.556,-7.012
0.15,2412,-5.744,4.472,0.781
0.15,2413,-0.176,3.423,5.036
0.15,2414,-8.019,-6.856,-4.908
0.15,2415,-6.446,-1.086,1.709
0.15,2416,7.386,-7.216,8.268
0.15,2417,3.036,7.756,9.500
0.15,2418,-0.950,-3.461,-2.448
0.15,2419,-2.431,2.270,-2.480
0.15,2420,-4.670,4.631,1.750
0.15,2421,8.375,-0.097,4.261
0.15,2422,2.213,-5.537,-5.015
0.15,2423,-0.854,3.833,2.701
0.15,2424,4.556,4.021,3.513
0.15,2425,-8.248,6.780,7.794
0.15,2426,8.205,-2.262,8.201
0.15,2427,5.581,9.301,-10.791
0.15,2428,-0.075,-9.617,-9.996
0.15,2429,7.534,1.914,-7.974
0.15,2430,-4.767,-8.460,-1.789
0.15,2431,4.973,-3.090,-10.917
0.15,2432,-4.884,5.219,-8.466
0.15,2433,8.932,2.704,-5.804
0.15,2434,6.441,5.174,-7.156
0.15,2435,-0.319,0.206,-3.146
0.15,2436,8.036,2.368,9.137
0.15,2437,8.122,-2.707,-5.309
0.15,2438,-4.402,-1.955,1.421
0.15,2439,7.468,6.443,-1.738
0.15,2440,5.714,6.797,-1.053
0.15,2441,8.393,-8.017,0.475
0.15,2442,-7.361,-0.977,8.530
0.15,2443,-0.521,-0.880,7.580
0.15,2444,7.501,-3.075,4.639
0.15,2445,-7.691,7.361,4.235
0.15,2446,8.155,7.831,7.832
0.15,2447,7.041,-8.252,8.867
0.15,2448,-1.100,-8.949,2.946
0.15,2449,9.212,-7.080,5.594
0.15,2450,6.314,9.376,-5.181
0.15,2451,-9.072,1.380,-8.177
0.15,2452,-0.563,-4.839,-11.414
0.15,2453,5.744,6.518,-5.735
0.15,2454,0.742,0.362,7.659
0.15,2455,3.135,-8.321,-5.591
0.15,2456,-0.606,7.085,2.279
0.15,2457,-4.461,-5.424,3.215
0.15,2458,-5.030,-3.136,7.001
0.15,2459,-8.464,0.415,-10.417
0.15,2460,-9.277,-2.617,5.747
0.15,2461,-6.816,8.800,4.515
0.15,2462,3.233,-1.814,2.612
0.15,2463,0.756,-7.489,-6.415
0.15,2464,1.367,7.780,-2.384
0.15,2465,-9.164,0.942,-1.818
0.15,2466,2.267,6.483,7.619
0.15,2467,-9.457,3.101,7.292
0.15,2468,0.389,8.646,7.286
0.15,2469,0.196,1.024,0.423
0.15,2470,8.825,4.621,-10.328
0.15,2471,-8.546,-4.081,-1.826
0.15,2472,-6.185,-3.802,-2.391
0.15,2473,2.700,-1.080,6.017
0.15,2474,-2.004,3.092,-2.520
0.15,2475,9.562,-5.647,-10.713
0.15,2476,5.581,-1.115,-2.340
0.15,2477,5.623,-8.627,-8.232
0.15,2478,-3.619,-2.006,6.278
0.15,2479,7.835,-2.421,-7.695
0.15,2480,-4.834,-2.851,-2.437
0.15,2481,0.092,8.672,1.939
0.15,2482,3.897,-9.059,2.744
0.15,2483,3.029,7.674,-2.998
0.15,2484,-9.432,0.596,-0.052
0.15,2485,4.606,-9.309,-0.960
0.15,2486,2.790,2.222,-2.451
0.15,2487,-8.752,-9.530,7.476
0.15,2488,1.613,-3.726,-2.349
0.15,2489,-5.816,1.546,-6.997
0.15,2490,6.478,-5.682,-0.677
0.15,2491,0.399,-5.868,-2.472
0.15,2492,3.363,-0.443,6.084
0.15,2493,2.176,-4.446,8.625
0.15,2494,-5.324,-7.060,1.156
0.15,2495,-3.370,4.260,-7.421
0.15,2496,3.524,-7.401,-11.225
0.15,2497,-4.031,4.496,-1.344
0.15,2498,-8.520,-6.509,-2.667
0.15,2499,-7.739,-3.540,-6.023
0.15,2500,-8.984,6.403,-4.464
0.15,2501,2.653,-5.069,7.573
0.15,2502,5.644,6.581,-9.317
0.15,2503,2.361,-1.290,2.578
0.15,2504,-9.312,3.700,-1.426
0.15,2505,3.491,1.836,-11.097
0.15,2506,1.976,-5.889,2.388
0.15,2507,-6.535,-1.204,1.949
0.15,2508,-3.839,3.683,-2.760
0.15,2509,6.926,-2.786,-2.833
0.15,2510,3.823,8.192,-1.340
0.15,2511,-9.567,2.978,6.401
0.15,2512,3.958,-2.956,-0.086
0.15,2513,-2.484,0.702,-10.301
0.15,2514,-9.406,7.864,-10.688
0.15,2515,8.464,-0.403,-7.902
0.15,2516,1.597,4.080,2.857
0.15,2517,9.568,9.404,-2.528
0.15,2518,-9.310,-3.583,9.958
0.15,2519,-0.600,8.024,-3.412
0.15,2520,-4.152,2.682,1.650
0.15,2521,0.210,-3.894,-2.295
0.15,2522,2.846,2.113,-2.449
0.15,2523,-3.293,2.364,-2.462
0.15,2524,-8.914,8.518,-10.172
0.15,2525,1.735,-5.112,-2.302
0.15,2526,-6.271,3.199,7.336
0.15,2527,0.516,0.115,7.665
0.15,2528,-3.762,9.025,6.652
0.15,2529,6.810,-3.223,7.754
0.15,2530,-4.891,5.954,-7.332
0.15,2531,-8.962,9.379,-5.604
0.15,2532,1.717,-9.058,-1.093
0.15,2533,9.456,5.437,-10.178
0.15,2534,-9.580,-5.770,5.027
0.15,2535,2.383,-3.971,-10.107
0.15,2536,3.851,6.344,-7.228
0.15,2537,-3.117,1.616,7.104
0.15,2538,-2.722,3.479,0.289
0.15,2539,8.274,-2.073,1.224
0.15,2540,-4.261,-1.914,7.339
0.15,2541,-9.235,-0.351,1.370
0.15,2542,0.663,3.538,-5.312
0.15,2543,9.459,4.368,-10.741
0.15,2544,5.635,-1.790,7.574
0.15,2545,-5.513,3.414,-3.691
0.15,2546,1.483,-1.367,-11.159
0.15,2547,-0.399,3.330,6.477
0.15,2548,-1.449,-0.972,5.159
0.15,2549,-7.627,4.111,-7.882
0.15,2550,-5.381,3.455,-2.390
0.15,2551,-5.829,-2.170,-2.725
0.15,2552,-4.911,-8.880,9.452
0.15,2553,1.867,3.160,-2.512
0.15,2554,7.904,2.633,-9.377
0.15,2555,-5.580,-4.628,-6.038
0.15,2556,4.463,8.140,3.546
0.15,2557,-2.326,6.994,-2.611
0.15,2558,7.786,-0.843,0.526
0.15,2559,0.420,-4.480,-2.342
0.15,2560,3.019,2.895,-2.472
0.15,2561,6.987,2.313,9.710
0.15,2562,-6.343,8.746,-0.455
0.15,2563,3.041,-2.177,2.660
0.15,2564,-2.158,-9.523,-0.413
0.15,2565,4.619,-6.373,-6.753
0.15,2566,-4.401,-2.759,-2.465
0.15,2567,-0.145,5.893,-2.278
0.15,2568,6.075,-7.458,-2.143
0.15,2569,5.953,-0.760,-2.686
0.15,2570,-4.050,-8.105,3.981
0.15,2571,-1.278,-1.423,5.665
0.15,2572,1.746,5.625,-2.223
0.15,2573,0.095,1.931,8.013
0.15,2574,-4.141,7.980,1.498
0.15,2575,5.098,3.512,-7.290
0.15,2576,2.555,2.485,-2.455
0.15,2577,-3.795,1.441,-2.458
0.15,2578,9.139,8.995,3.127
0.15,2579,-7.063,-7.635,3.431
0.15,2580,-6.105,4.305,-0.537
0.15,2581,0.216,9.513,3.027
0.15,2582,2.555,7.486,8.514
0.15,2583,-7.408,7.395,7.794
0.15,2584,1.849,4.714,7.388
0.15,2585,2.584,2.173,5.125
0.15,2586,3.985,-8.445,-0.448
0.15,2587,0.714,-3.604,8.109
0.15,2588,-3.150,1.990,-2.440
0.15,2589,2.944,-1.656,2.607
0.15,2590,6.947,-0.006,8.249
0.15,2591,2.837,-7.511,-3.276
0.15,2592,1.414,-6.969,-8.243
0.15,2593,6.248,-3.496,-2.476
0.15,2594,-6.184,0.359,-7.792
0.15,2595,2.119,-0.850,5.622
0.15,2596,6.723,-0.046,-6.971
0.15,2597,-2.903,2.137,-2.452
0.15,2598,-6.303,-2.066,-10.641
0.15,2599,3.056,7.947,-7.928
0.15,2600,1.007,-3.127,-2.472
0.15,2601,0.140,-1.984,-2.889
0.15,2602,0.020,-3.108,-2.457
0.15,2603,-3.636,-6.606,5.177
0.15,2604,-9.862,7.244,-9.568
0.15,2605,5.592,-8.477,-2.771
0.15,2606,-6.365,-4.056,6.281
0.15,2607,10.072,-6.739,-5.997
0.15,2608,0.074,-2.736,1.040
0.15,2609,0.417,-8.188,-6.115
0.15,2610,-8.136,-7.159,-2.772
0.15,2611,-7.863,-5.831,7.871
0.15,2612,0.450,-3.206,-2.453
0.15,2613,-4.633,-2.948,-2.446
0.15,2614,-8.775,3.155,2.954
0.15,2615,-6.045,-4.638,-10.805
0.15,2616,4.679,-6.837,-10.048
0.15,2617,3.837,6.681,-9.233
0.15,2618,-5.558,-4.621,-0.351
0.15,2619,-2.958,-8.511,-1.152
0.15,2620,-3.423,1.786,-2.447
0.15,2621,-8.737,-1.655,-7.722
0.15,2622,1.368,-2.689,2.986
0.15,2623,-7.103,-0.180,-6.171
0.15,2624,9.283,8.673,-7.481
0.15,2625,2.475,-4.095,2.641
0.15,2626,-5.229,-2.816,-2.381
0.15,2627,9.688,0.283,0.686
0.15,2628,3.157,0.794,7.204
0.15,2629,-3.223,-8.007,-8.788
0.15,2630,4.603,-2.338,2.660
0.15,2631,6.298,2.516,-0.429
0.15,2632,3.131,1.621,-2.445
0.15,2633,-7.394,5.944,2.783
0.15,2634,6.225,-2.912,1.801
0.15,2635,7.238,0.573,4.002
0.15,2636,4.157,7.591,8.096
0.15,2637,0.391,-7.639,5.247
0.15,2638,1.029,8.361,7.976
0.15,2639,1.783,1.072,2.419
0.15,2640,-3.777,-1.007,-7.161
0.15,2641,3.203,1.926,-10.996
0.15,2642,-8.624,3.344,5.431
0.15,2643,4.026,-5.194,3.213
0.15,2644,9.452,-2.011,9.929
0.15,2645,4.595,0.523,-2.534
0.15,2646,2.381,-1.725,2.578
0.15,2647,0.047,2.995,2.611
0.15,2648,6.529,-8.173,7.570
0.15,2649,-7.160,-3.013,-3.665
0.15,2650,7.912,1.675,5.440
0.15,2651,3.063,3.007,-2.461
0.15,2652,6.133,2.808,8.148
0.15,2653,9.668,-0.460,8.952
0.15,2654,-9.333,2.821,-7.079
0.15,2655,-3.477,-2.840,-0.676
0.15,2656,9.831,5.858,-1.939
0.15,2657,1.355,1.344,-6.657
0.15,2658,-8.821,2.908,9.034
0.15,2659,-2.134,7.316,-2.049
0.15,2660,1.538,1.792,2.437
0.15,2661,-5.518,-2.758,-2.439
0.15,2662,-0.660,-3.888,6.717
0.15,2663,2.404,2.163,6.058
0.15,2664,-0.393,0.515,7.656
0.15,2665,-0.643,9.183,-5.194
0.15,2666,4.692,-7.047,7.153
0.15,2667,8.520,9.771,4.044
0.15,2668,6.532,-0.718,-5.094
0.15,2669,-3.013,-2.308,2.596
0.15,2670,-2.794,-7.235,-7.635
0.15,2671,-6.686,-3.652,10.018
0.15,2672,-7.193,6.225,-7.153
0.15,2673,-7.614,8.130,-4.115
0.15,2674,-6.848,-9.560,-2.205
0.15,2675,-7.474,-5.282,8.633
0.15,2676,-4.355,-3.501,7.344
0.15,2677,-1.586,-7.753,8.194
0.15,2678,1.188,-1.991,7.608
0.15,2679,-1.228,-5.167,-11.252
0.15,2680,-3.109,-9.692,6.992
0.15,2681,0.628,3.266,6.919
0.15,2682,1.042,-2.789,-2.492
0.15,2683,-6.643,-1.375,-9.201
0.15,2684,0.121,-5.345,10.050
0.15,2685,0.412,6.865,-2.332
0.15,2686,9.831,1.130,-9.656
0.15,2687,-3.484,-5.747,-2.441
0.15,2688,-5.518,3.786,-1.943
0.15,2689,-9.632,8.477,4.139
0.15,2690,-0.265,9.305,9.480
0.15,2691,-7.489,2.746,3.086
0.15,2692,-0.637,-3.117,-2.460
0.15,2693,-9.647,4.231,6.073
0.15,2694,6.618,2.024,6.820
0.15,2695,-5.192,-2.725,-2.438
0.15,2696,6.121,-0.512,7.671
0.15,2697,3.002,-9.949,9.777
0.15,2698,6.877,1.090,3.704
0.15,2699,3.497,-3.628,8.979
0.15,2700,-2.213,-9.509,-9.386
0.15,2701,-3.253,-4.099,9.310
0.15,2702,2.848,1.892,-2.449
0.15,2703,-0.208,5.666,-2.416
0.15,2704,0.488,3.765,2.698
0.15,2705,0.594,8.604,-2.207
0.15,2706,2.122,-1.091,-7.047
0.15,2707,-6.864,4.550,6.805
0.15,2708,-1.717,-0.466,4.049
0.15,2709,-7.700,8.682,0.366
0.15,2710,-0.282,-5.847,-2.916
0.15,2711,2.408,-6.322,-8.236
0.15,2712,-8.503,8.432,-10.446
0.15,2713,7.798,-5.447,1.243
0.15,2714,-4.079,9.242,-10.928
0.15,2715,3.376,1.929,0.610
0.15,2716,-3.485,9.416,5.834
0.15,2717,-2.144,-8.701,-2.844
0.15,2718,-3.350,-0.969,2.307
0.15,2719,3.410,-9.395,9.019
0.15,2720,5.025,5.175,-7.083
0.15,2721,8.882,8.029,0.125
0.15,2722,-8.836,2.290,-9.913
0.15,2723,-9.619,-8.123,-1.216
0.15,2724,-3.109,-5.401,8.555
0.15,2725,3.542,6.899,4.185
0.15,2726,-8.699,-9.073,0.059
0.15,2727,-4.414,0.219,7.450
0.15,2728,-8.221,-4.970,8.127
0.15,2729,1.353,-0.593,6.965
0.15,2730,5.397,-3.456,-2.449
0.15,2731,-0.268,7.736,-2.458
0.15,2732,-1.541,8.010,7.126
0.15,2733,-2.291,9.670,-6.531
0.15,2734,-9.780,-5.376,-1.447
0.15,2735,-0.165,7.184,-2.448
0.15,2736,-9.850,7.364,-2.891
0.15,2737,-8.691,2.970,9.560
0.15,2738,5.387,9.271,-8.535
0.15,2739,9.367,9.621,5.430
0.15,2740,-7.220,3.210,1.531
0.15,2741,-9.584,1.493,-7.410
0.15,2742,0.112,-7.906,-0.560
0.15,2743,4.341,-1.679,5.325
0.15,2744,4.458,-1.758,3.014
0.15,2745,3.524,-1.570,5.907
0.15,2746,-9.389,7.496,-5.809
0.15,2747,3.416,3.955,-1.241
0.15,2748,7.623,-8.580,-1.730
0.15,2749,-6.497,-4.771,-2.593
0.15,2750,0.867,-7.599,-11.277
0.15,2751,-0.128,3.097,2.614
0.15,2752,-2.223,2.940,-2.502
0.15,2753,-2.339,-5.963,-4.155
0.15,2754,1.914,2.274,4.868
0.15,2755,1.462,3.754,-2.536
0.15,2756,-8.757,5.222,1.085
0.15,2757,-6.715,-3.892,-6.119
0.15,2758,-9.893,8.450,3.789
0.15,2759,-2.674,2.835,-2.475
0.15,2760,5.723,0.199,8.287
0.15,2761,-2.140,-1.653,-11.439
0.15,2762,7.590,4.134,-10.645
0.15,2763,-3.535,1.830,1.728
0.15,2764,5.007,9.024,-1.980
0.15,2765,8.253,8.291,0.367
0.15,2766,-4.235,-8.097,-1.148
0.15,2767,-1.777,-3.970,-2.106
0.15,2768,8.389,-0.698,-4.570
0.15,2769,-8.684,7.981,-0.918
0.15,2770,-7.868,-4.795,-7.206
0.15,2771,0.024,6.657,-2.406
0.15,2772,0.039,3.315,2.665
0.15,2773,6.974,6.534,8.259
0.15,2774,-5.021,-2.999,-2.431
0.15,2775,-1.283,1.037,0.482
0.15,2776,6.765,5.165,8.844
0.15,2777,4.879,3.919,4.492
0.15,2778,9.518,-0.510,-10.549
0.15,2779,6.219,8.433,-2.270
0.15,2780,-2.766,-3.340,9.700
0.15,2781,0.257,6.336,-2.328
0.15,2782,-7.993,-9.855,-7.238
0.15,2783,-1.278,2.947,-0.274
0.15,2784,3.480,2.608,5.975
0.15,2785,1.463,-1.870,-11.025
0.15,2786,3.474,-6.047,-11.118
0.15,2787,3.114,-3.502,8.223
0.15,2788,-1.723,8.097,-1.612
0.15,2789,9.569,-6.289,5.371
0.15,2790,2.132,3.799,-2.491
0.15,2791,5.232,2.796,-5.291
0.15,2792,1.346,8.653,1.786
0.15,2793,-3.574,1.479,8.681
0.15,2794,0.999,-8.090,9.367
0.15,2795,-9.585,8.151,-10.988
0.15,2796,-3.172,-1.097,3.104
0.15,2797,5.692,6.498,-9.348
0.15,2798,-0.098,1.442,7.411
0.15,2799,0.019,1.475,7.419
0.15,2800,3.049,0.835,-1.723
0.15,2801,-7.281,-8.486,-11.226
0.15,2802,4.539,2.999,-11.091
0.15,2803,-5.212,-3.026,-2.431
0.15,2804,-0.270,6.435,8.308
0.15,2805,9.234,-7.909,-7.322
0.15,2806,-5.455,-8.084,1.259
0.15,2807,-2.737,-1.789,2.608
0.15,2808,-3.294,8.750,4.084
0.15,2809,1.798,-8.912,-10.924
0.15,2810,-6.822,-2.844,1.289
0.15,2811,-9.675,7.716,5.685
0.15,2812,-7.654,-5.208,-3.093
0.15,2813,-1.066,8.991,-7.340
0.15,2814,7.428,-1.042,8.772
0.15,2815,1.668,-2.763,5.763
0.15,2816,8.577,-0.383,-1.837
0.15,2817,-2.232,-0.263,5.571
0.15,2818,-7.309,-3.887,-3.941
0.15,2819,-7.692,1.764,-10.848
0.15,2820,-6.639,-2.649,-2.523
0.15,2821,-7.997,1.882,6.734
0.15,2822,4.771,-3.437,-2.460
0.15,2823,1.060,5.674,-2.525
0.15,2824,-4.097,-2.847,-2.478
0.15,2825,6.117,8.390,-0.551
0.15,2826,-0.351,-5.911,9.017
0.15,2827,0.445,-3.358,-2.449
0.15,2828,6.527,-5.514,-3.264
0.15,2829,1.876,-0.730,2.294
0.15,2830,-6.431,-9.086,-5.308
0.15,2831,1.643,-3.135,-2.493
0.15,2832,6.452,-8.411,5.048
0.15,2833,9.930,-7.702,-0.553
0.15,2834,-2.540,3.829,8.940
0.15,2835,-5.473,-5.845,-4.111
0.15,2836,-6.669,-8.928,7.040
0.15,2837,6.636,9.168,4.125
0.15,2838,-8.423,3.810,-10.384
0.15,2839,-8.178,-4.297,-7.770
0.15,2840,-9.294,-1.501,7.788
0.15,2841,5.965,3.610,9.823
0.15,2842,-3.121,6.542,-1.672
0.15,2843,1.895,3.566,-2.504
0.15,2844,-2.351,2.332,-2.488
0.15,2845,1.340,6.717,7.001
0.15,2846,1.199,-4.429,8.785
0.15,2847,9.897,7.706,-9.214
0.15,2848,-4.985,-0.878,-2.211
0.15,2849,4.568,2.231,7.492
0.15,2850,-7.957,2.353,3.705
0.15,2851,-1.143,-7.711,-1.283
0.15,2852,3.443,1.997,2.033
0.15,2853,-8.419,7.181,-11.273
0.15,2854,0.550,8.267,-2.485
0.15,2855,9.177,-1.295,9.145
0.15,2856,-5.088,-6.243,-10.813
0.15,2857,5.219,-3.328,-2.446
0.15,2858,3.044,7.160,0.129
0.15,2859,-6.659,-7.283,-7.893
0.15,2860,-7.278,9.176,-10.295
0.15,2861,0.046,-8.964,-4.294
0.15,2862,-0.422,3.013,2.598
0.15,2863,7.994,7.809,-0.814
0.15,2864,-3.740,4.489,0.996
0.15,2865,0.971,7.771,8.683
0.15,2866,0.581,-4.238,-11.254
0.15,2867,-2.555,-9.969,9.123
0.15,2868,9.472,3.725,-2.148
0.15,2869,-2.865,-8.204,-3.330
0.15,2870,7.735,5.010,9.961
0.15,2871,-9.157,-9.302,-3.670
0.15,2872,4.976,-0.791,2.627
0.15,2873,2.980,-2.942,-1.365
0.15,2874,-8.656,5.718,-3.441
0.15,2875,6.825,-3.611,-1.857
0.15,2876,4.741,-7.361,-4.135
0.15,2877,-7.764,4.257,-5.859
0.15,2878,4.287,-3.537,5.361
0.15,2879,-8.011,-2.486,-2.240
0.15,2880,-0.213,2.663,2.589
0.15,2881,-4.617,0.835,9.106
0.15,2882,-3.419,-5.641,-10.502
0.15,2883,-0.521,8.396,2.009
0.15,2884,-2.641,-1.941,5.987
0.15,2885,2.881,-1.250,3.362
0.15,2886,1.355,1.676,8.175
0.15,2887,7.489,4.929,-9.528
0.15,2888,0.574,6.060,1.864
0.15,2889,4.612,-6.813,-1.949
0.15,2890,-3.669,-3.231,-2.474
0.15,2891,2.342,2.852,-2.453
0.15,2892,-8.148,4.697,0.876
0.15,2893,-0.140,6.512,-2.405
0.15,2894,1.145,8.339,1.865
0.15,2895,-7.923,9.822,-7.343
0.15,2896,8.699,4.203,-1.040
0.15,2897,-3.869,4.675,6.778
0.15,2898,8.428,1.167,-0.327
0.15,2899,-9.476,-4.761,-1.005
0.15,2900,-1.110,-8.563,5.249
0.15,2901,-2.511,7.490,-2.039
0.15,2902,0.529,-4.006,6.953
0.15,2903,5.399,-3.379,-2.446
0.15,2904,1.126,-0.798,5.479
0.15,2905,1.198,2.296,2.906
0.15,2906,2.732,-9.390,-4.605
0.15,2907,-4.416,-8.488,-10.303
0.15,2908,-0.525,-6.164,-8.812
0.15,2909,-3.951,-5.913,-6.031
0.15,2910,-6.826,0.471,6.130
0.15,2911,4.853,9.705,7.946
0.15,2912,-3.924,-3.103,5.818
0.15,2913,-0.136,3.012,2.609
0.15,2914,-9.816,-4.514,-0.763
0.15,2915,-7.067,8.318,-1.126
0.15,2916,5.943,-7.388,-6.954
0.15,2917,3.009,2.616,4.574
0.15,2918,-7.392,2.838,-9.852
0.15,2919,-0.327,-0.814,7.622
0.15,2920,0.645,3.133,6.441
0.15,2921,8.291,-9.914,-4.651
0.15,2922,0.395,5.794,-2.412
0.15,2923,0.117,2.709,2.594
0.15,2924,8.797,9.930,8.654
0.15,2925,-7.876,0.698,1.591
0.15,2926,6.223,-0.628,8.304
0.15,2927,-5.747,2.997,0.850
0.15,2928,-6.972,-7.603,4.888
0.15,2929,4.097,1.785,7.687
0.15,2930,7.071,-7.605,6.464
0.15,2931,-4.935,4.933,9.453
0.15,2932,3.157,-1.126,6.604
0.15,2933,-3.110,-1.224,3.782
0.15,2934,-7.046,1.793,-9.836
0.15,2935,6.376,1.163,-3.763
0.15,2936,-1.465,-9.153,9.949
0.15,2937,-0.448,-3.740,7.034
0.15,2938,0.405,-2.599,-2.507
0.15,2939,6.650,-8.574,-0.060
0.15,2940,-5.457,8.530,-7.886
0.15,2941,0.322,0.722,7.646
0.15,2942,8.334,-9.504,-3.709
0.15,2943,-1.217,0.270,7.599
0.15,2944,-0.893,6.164,-2.237
0.15,2945,-4.103,-5.496,-1.912
0.15,2946,-7.557,8.618,-7.158
0.15,2947,1.261,8.458,5.103
0.15,2948,-4.793,-7.970,-9.183
0.15,2949,0.676,0.824,-3.525
0.15,2950,-3.229,-0.276,7.974
0.15,2951,-3.942,2.166,-2.436
0.15,2952,5.581,8.775,9.945
0.15,2953,3.302,1.639,-2.446
0.15,2954,2.449,-2.284,6.203
0.15,2955,-4.810,4.431,7.023
0.15,2956,-9.378,-8.909,-8.612
0.15,2957,-7.965,-3.120,-9.606
0.15,2958,-6.156,5.197,-0.863
0.15,2959,-9.582,-2.048,7.434
0.15,2960,-1.108,9.776,9.927
0.15,2961,-3.940,-4.783,1.599
0.15,2962,4.805,-4.664,1.647
0.15,2963,9.180,-8.723,6.931
0.15,2964,5.987,1.299,7.002
0.15,2965,0.694,8.820,8.189
0.15,2966,-5.406,-2.052,-2.500
0.15,2967,5.669,7.629,1.174
0.15,2968,9.008,9.196,-3.163
0.15,2969,1.401,4.281,3.101
0.15,2970,1.576,3.681,-2.530
0.15,2971,-5.768,-7.316,-7.966
0.15,2972,-6.278,-5.862,-2.130
0.15,2973,6.373,-3.565,-1.162
0.15,2974,-2.166,5.793,-1.637
0.15,2975,1.890,-2.450,-4.932
0.15,2976,-5.523,-7.151,7.760
0.15,2977,-6.837,7.167,-5.216
0.15,2978,-3.285,-1.452,2.607
0.15,2979,-0.351,-6.013,2.157
0.15,2980,-7.675,-8.828,-5.929
0.15,2981,-8.294,2.789,-7.619
0.15,2982,0.928,8.043,-8.948
0.15,2983,7.874,-9.592,4.485
0.15,2984,0.710,8.863,-6.432
0.15,2985,7.116,-9.265,4.965
0.15,2986,0.280,3.670,-3.393
0.15,2987,-9.249,6.072,5.158
0.15,2988,-1.987,-0.342,2.185
0.15,2989,1.509,-6.176,5.999
0.15,2990,-0.292,0.247,7.669
0.15,2991,6.100,5.816,-10.607
0.15,2992,-5.999,-3.164,-2.455
0.15,2993,3.948,7.865,-10.565
0.15,2994,9.564,7.481,6.030
0.15,2995,9.991,8.889,4.114
0.15,2996,-0.261,-8.516,-9.822
0.15,2997,-9.145,1.691,-11.421
0.15,2998,5.773,-2.846,-2.450
0.15,2999,8.330,5.987,-10.468
0.40,0,-1.902,9.672,9.838
0.40,1,1.741,-7.899,-1.343
0.40,2,3.784,2.689,0.395
0.40,3,-2.939,2.018,-2.449
0.40,4,-8.324,-0.460,-2.459
0.40,5,7.774,9.421,-1.433
0.40,6,-3.547,7.083,7.383
0.40,7,-1.277,0.351,2.348
0.40,8,-5.403,3.687,-9.051
0.40,9,-6.124,-4.218,-10.955
0.40,10,-3.102,-1.886,2.618
0.40,11,-2.621,1.050,-2.514
0.40,12,3.650,0.377,-2.510
0.40,13,0.437,-3.167,-2.455
0.40,14,0.625,-3.145,-2.460
0.40,15,9.074,-5.998,-6.485
0.40,16,-2.842,-7.197,-7.142
0.40,17,5.476,-7.750,-5.405
0.40,18,-6.196,-6.580,5.531
0.40,19,-2.924,2.043,-2.450
0.40,20,5.564,-5.211,2.486
0.40,21,5.897,-2.142,3.398
0.40,22,3.272,-0.362,-3.263
0.40,23,2.645,-1.800,2.597
0.40,24,3.474,-3.950,-2.084
0.40,25,3.015,2.010,-2.443
0.40,26,8.553,-2.828,-3.166
0.40,27,-0.169,-3.232,-2.448
0.40,28,5.419,-3.440,-2.439
0.40,29,-3.080,8.674,-5.519
0.40,30,-4.628,-8.465,-4.826
0.40,31,-2.636,-1.609,2.604
0.40,32,7.325,-6.142,2.369
0.40,33,0.853,3.000,6.973
0.40,34,-0.269,-3.257,-2.448
0.40,35,5.177,-3.017,-2.443
0.40,36,-5.231,-3.006,-2.431
0.40,37,-6.558,-7.043,1.314
0.40,38,4.275,7.332,7.480
0.40,39,1.285,-5.860,6.666
0.40,40,-5.780,-9.635,5.546
0.40,41,-2.911,2.060,-2.451
0.40,42,-2.692,-1.656,2.606
0.40,43,9.406,-5.856,1.227
0.40,44,-7.843,6.508,1.006
0.40,45,-7.985,5.384,-4.431
0.40,46,-8.450,-8.988,-9.104
0.40,47,-9.828,8.769,4.736
0.40,48,-6.903,-2.384,-6.274
0.40,49,-0.384,6.921,-2.432
0.40,50,1.429,-7.324,-10.199
0.40,51,9.346,-8.813,-5.089
0.40,52,-5.573,3.834,-10.567
0.40,53,3.090,-1.804,2.614
0.40,54,-6.957,6.492,-6.585
0.40,55,-8.519,-6.697,3.305
0.40,56,2.787,2.281,-2.451
0.40,57,-0.102,7.526,3.003
0.40,58,1.546,-0.396,-0.449
0.40,59,5.150,-2.952,-2.444
0.40,60,-1.410,1.615,-8.795
0.40,61,5.254,-3.252,-2.443
0.40,62,-4.421,4.153,7.229
0.40,63,3.646,2.589,0.472
0.40,64,-9.561,7.676,5.155
0.40,65,-0.861,-3.283,-2.453
0.40,66,-6.709,-5.135,2.675
0.40,67,7.669,8.772,-8.721
0.40,68,3.903,2.711,0.993
0.40,69,-5.453,4.189,1.519
0.40,70,-3.011,-8.691,-7.083
0.40,71,-0.217,5.390,-2.435
0.40,72,-5.186,-2.941,-2.433
0.40,73,-6.654,-3.137,1.703
0.40,74,5.824,-3.209,-2.446
0.40,75,7.259,10.012,3.146
0.40,76,-0.040,5.829,-2.406
0.40,77,-0.013,2.636,2.595
0.40,78,-2.435,-1.507,2.592
0.40,79,-8.393,-0.401,-10.125
0.40,80,1.563,-1.338,9.933
0.40,81,2.982,2.049,-2.444
0.40,82,-9.901,-9.950,7.406
0.40,83,0.289,-1.477,7.070
0.40,84,-6.023,-5.230,-2.477
0.40,85,-2.968,1.972,-2.447
0.40,86,4.896,-2.688,-2.458
0.40,87,-3.091,2.162,-2.445
0.40,88,-0.377,-1.166,-1.132
0.40,89,1.540,2.920,-7.412
0.40,90,1.430,-2.419,-2.301
0.40,91,6.705,1.150,-4.811
0.40,92,-1.557,0.137,-7.682
0.40,93,4.246,5.292,6.745
0.40,94,2.379,-9.540,-7.174
0.40,95,-0.056,0.094,7.681
0.40,96,2.924,2.051,-2.446
0.40,97,5.246,2.711,-5.733
0.40,98,-0.038,0.151,7.680
0.40,99,-5.232,-2.949,-2.433
0.40,100,3.027,-2.802,0.463
0.40,101,4.843,-2.800,-2.458
0.40,102,-8.859,5.552,-4.971
0.40,103,4.039,2.111,-10.491
0.40,104,5.224,4.688,7.576
0.40,105,3.316,0.471,-2.485
0.40,106,1.729,6.670,7.656
0.40,107,-0.879,5.990,4.027
0.40,108,5.276,-0.148,2.797
0.40,109,-0.008,2.718,2.599
0.40,110,-1.418,8.880,5.286
0.40,111,-0.726,-7.164,1.759
0.40,112,0.028,-3.236,-2.448
0.40,113,2.679,2.500,-2.453
0.40,114,7.417,0.518,3.284
0.40,115,3.002,2.023,-2.443
0.40,116,-0.016,0.163,7.681
0.40,117,-2.507,-1.555,2.599
0.40,118,-1.505,-1.495,-11.056
0.40,119,5.371,-1.855,0.729
0.40,120,3.502,-6.836,-8.633
0.40,121,-5.110,-6.891,-2.796
0.40,122,-0.109,-7.108,7.306
0.40,123,-2.830,2.157,-2.455
0.40,124,-8.574,0.855,6.122
0.40,125,3.338,1.465,7.352
0.40,126,2.556,-7.079,8.354
0.40,127,2.987,2.041,-2.444
0.40,128,1.156,-4.580,0.647
0.40,129,-2.857,-1.712,2.611
0.40,130,-0.055,0.055,7.682
0.40,131,-0.053,0.065,7.682
0.40,132,0.915,2.990,5.446
0.40,133,-2.923,5.970,-2.689
0.40,134,4.938,-8.710,5.573
0.40,135,-6.944,-1.720,-2.189
0.40,136,4.374,7.859,-3.695
0.40,137,4.980,-2.972,-2.424
0.40,138,2.213,-0.880,3.172
0.40,139,1.976,3.789,-1.865
0.40,140,0.099,6.373,-2.399
0.40,141,1.221,0.142,-7.981
0.40,142,-2.682,-1.639,2.605
0.40,143,8.143,3.053,-1.593
0.40,144,-0.035,2.770,2.601
0.40,145,-7.881,-6.499,-8.322
0.40,146,5.962,0.150,-3.061
0.40,147,-5.314,-2.928,-2.434
0.40,148,8.526,-1.326,1.952
0.40,149,-3.396,-8.808,-7.331
0.40,150,4.954,-3.018,-2.448
0.40,151,5.795,-1.944,5.341
0.40,152,5.178,-2.967,-2.444
0.40,153,5.228,-8.867,-6.928
0.40,154,0.286,-9.134,-2.646
0.40,155,-0.018,2.732,2.600
0.40,156,-8.141,4.288,-10.079
0.40,157,-4.318,-4.618,6.985
0.40,158,-4.072,2.093,6.320
0.40,159,0.279,7.590,-2.504
0.40,160,-5.560,-7.713,-3.066
0.40,161,8.209,9.243,-5.850
0.40,162,4.036,3.436,6.091
0.40,163,-3.830,-0.680,9.500
0.40,164,-4.917,6.159,-0.768
0.40,165,0.113,6.470,-2.403
0.40,166,7.873,4.619,-6.505
0.40,167,-2.578,-1.369,2.602
0.40,168,7.697,-7.756,-5.243
0.40,169,2.606,-3.372,-2.514
0.40,170,0.618,-1.030,-0.589
0.40,171,6.130,6.757,-8.832
0.40,172,1.821,0.858,8.298
0.40,173,5.833,8.118,2.051
0.40,174,5.450,4.505,-7.514
0.40,175,-2.254,2.870,0.332
0.40,176,5.452,6.523,8.602
0.40,177,1.362,-1.723,-6.317
0.40,178,0.470,-3.187,-2.454
0.40,179,3.788,-1.133,6.547
0.40,180,-2.912,1.042,-2.661
0.40,181,0.611,-3.446,3.121
0.40,182,-3.107,1.766,-2.442
0.40,183,1.883,-0.707,4.928
0.40,184,-5.228,-2.947,-2.433
0.40,185,5.036,-3.007,-2.445
0.40,186,5.428,-3.026,-2.441
0.40,187,-3.029,-2.395,2.585
0.40,188,3.317,-9.484,-6.644
0.40,189,-0.747,5.995,-2.415
0.40,190,1.007,1.974,5.544
0.40,191,1.315,-1.645,-8.014
0.40,192,6.463,-8.216,-10.203
0.40,193,-1.558,-3.832,-2.458
0.40,194,0.097,-3.246,-2.448
0.40,195,-8.176,6.862,-11.094
0.40,196,0.721,7.906,4.394
0.40,197,-3.372,-1.463,7.790
0.40,198,-7.332,-0.143,6.994
0.40,199,-0.051,-0.265,7.670
0.40,200,-2.905,2.959,-2.488
0.40,201,-0.052,7.212,-2.447
0.40,202,3.153,-1.760,2.614
0.40,203,2.047,-2.621,-2.567
0.40,204,0.171,2.908,2.602
0.40,205,-6.059,-6.651,-1.710
0.40,206,2.970,2.069,-2.445
0.40,207,-0.198,1.541,5.461
0.40,208,-7.034,5.648,0.686
0.40,209,0.928,2.541,6.076
0.40,210,-3.228,1.647,-2.443
0.40,211,-4.777,4.885,-10.803
0.40,212,-0.786,-8.071,3.860
0.40,213,-2.394,-1.002,2.565
0.40,214,0.150,2.897,6.016
0.40,215,2.854,-2.409,5.729
0.40,216,-0.027,6.618,-2.405
0.40,217,4.217,4.515,6.603
0.40,218,-9.067,-1.198,-1.320
0.40,219,0.004,1.868,2.474
0.40,220,-3.071,-5.603,-2.157
0.40,221,5.234,-5.478,-3.959
0.40,222,-8.991,1.135,6.128
0.40,223,-0.410,5.919,-2.410
0.40,224,-4.847,1.909,6.100
0.40,225,0.316,-3.909,-2.455
0.40,226,4.993,7.005,-9.251
0.40,227,-5.179,-2.951,-2.432
0.40,228,-5.162,-2.940,-2.433
0.40,229,-3.895,-9.686,6.294
0.40,230,-8.722,-3.792,-0.552
0.40,231,-2.708,6.906,-8.642
0.40,232,0.455,1.647,5.854
0.40,233,4.735,-5.801,-10.585
0.40,234,1.224,-7.067,-6.729
0.40,235,2.553,-2.591,-1.824
0.40,236,-8.364,8.832,1.524
0.40,237,-5.932,-8.545,-10.039
0.40,238,3.339,-2.261,6.405
0.40,239,-4.546,4.972,-1.418
0.40,240,2.654,-1.609,2.597
0.40,241,5.141,-2.960,-2.444
0.40,242,-2.144,-4.401,6.474
0.40,243,-8.623,-7.507,-2.093
0.40,244,-2.706,4.113,1.385
0.40,245,-5.124,-2.856,-2.435
0.40,246,8.964,0.313,3.940
0.40,247,0.882,-7.496,3.797
0.40,248,-7.996,1.480,9.901
0.40,249,1.198,1.748,-3.029
0.40,250,-8.852,-8.998,-6.400
0.40,251,8.193,-3.011,-3.745
0.40,252,-3.906,4.463,-3.205
0.40,253,-6.106,-7.938,6.588
0.40,254,0.286,6.527,-2.410
0.40,255,-0.018,2.728,2.599
0.40,256,-5.288,5.837,-7.251
0.40,257,1.193,-2.919,-2.504
0.40,258,-1.965,3.608,-2.637
0.40,259,-7.790,-5.672,0.919
0.40,260,-9.863,5.439,5.048
0.40,261,0.032,2.981,2.611
0.40,262,5.171,-2.918,-2.445
0.40,263,-7.116,-7.674,-6.907
0.40,264,-2.640,-2.069,6.191
0.40,265,-9.267,-3.520,1.174
0.40,266,-4.625,5.929,9.779
0.40,267,0.088,6.657,-2.408
0.40,268,7.164,7.372,3.924
0.40,269,0.074,6.550,-2.404
0.40,270,3.871,2.422,0.164
0.40,271,0.010,2.701,2.598
0.40,272,0.145,-3.226,-2.449
0.40,273,6.985,7.514,-3.754
0.40,274,7.425,-5.785,-6.886
0.40,275,-2.644,-1.657,2.604
0.40,276,-0.478,-3.243,-2.449
0.40,277,5.279,-3.076,-2.441
0.40,278,2.861,-1.700,2.604
0.40,279,7.647,-0.012,9.925
0.40,280,-5.868,-7.543,-4.189
0.40,281,-0.257,-3.278,-2.447
0.40,282,-2.654,-1.622,2.605
0.40,283,5.668,-9.698,2.999
0.40,284,-2.381,-0.036,2.541
0.40,285,0.455,-4.969,-8.065
0.40,286,-2.889,2.082,-2.452
0.40,287,0.077,2.012,-3.232
0.40,288,6.143,-3.490,-2.491
0.40,289,2.998,2.030,-2.444
0.40,290,-7.471,-4.960,2.320
0.40,291,1.948,1.318,5.581
0.40,292,-8.597,7.065,6.494
0.40,293,-4.673,-5.166,-1.065
0.40,294,-4.078,8.625,-1.968
0.40,295,8.852,8.120,6.348
0.40,296,-2.906,2.084,-2.451
0.40,297,-1.552,-4.632,7.370
0.40,298,-9.409,-9.009,-5.696
0.40,299,9.546,7.590,-11.441
0.40,300,-2.968,1.859,-2.447
0.40,301,2.684,-1.613,2.598
0.40,302,-1.636,5.918,-2.445
0.40,303,6.610,2.496,5.759
0.40,304,-1.257,4.729,-2.454
0.40,305,-6.562,5.599,-6.480
0.40,306,5.249,-3.043,-2.442
0.40,307,3.669,-2.116,2.585
0.40,308,-9.142,-3.376,-6.193
0.40,309,9.963,-7.260,-11.419
0.40,310,1.802,3.264,-0.118
0.40,311,5.094,-2.996,-2.444
0.40,312,-2.738,-4.847,-11.364
0.40,313,-4.546,-7.036,-9.741
0.40,314,2.993,2.036,-2.444
0.40,315,2.968,0.807,2.274
0.40,316,-5.063,9.267,1.731
0.40,317,6.684,-9.134,9.346
0.40,318,8.077,-3.713,6.032
0.40,319,-6.980,7.064,-6.167
0.40,320,-2.323,-1.456,2.583
0.40,321,3.028,2.008,-2.442
0.40,322,1.438,7.449,7.520
0.40,323,-4.799,4.126,-3.187
0.40,324,3.067,1.941,-2.440
0.40,325,1.314,6.074,7.180
0.40,326,-1.001,-5.107,-2.853
0.40,327,-8.848,-3.037,-8.975
0.40,328,-0.022,2.769,2.601
0.40,329,4.173,1.323,0.300
0.40,330,6.818,-3.507,-10.429
0.40,331,-1.935,4.371,-2.519
0.40,332,-5.842,8.774,-9.016
0.40,333,2.727,-1.674,5.610
0.40,334,-5.725,7.757,-9.701
0.40,335,2.547,1.828,5.919
0.40,336,5.175,-3.091,-2.441
0.40,337,-0.715,-3.254,-2.452
0.40,338,-1.995,-3.651,-2.379
0.40,339,-5.495,-4.073,6.509
0.40,340,5.142,-8.478,2.566
0.40,341,8.615,5.093,-4.462
0.40,342,-9.790,-7.233,-10.728
0.40,343,2.353,7.642,8.984
0.40,344,0.597,2.557,2.561
0.40,345,8.048,-0.769,-0.965
0.40,346,1.620,1.799,-2.423
0.40,347,2.426,8.934,4.195
0.40,348,-6.781,-5.855,-9.964
0.40,349,-5.380,0.066,-7.040
0.40,350,-7.039,-1.853,-7.427
0.40,351,-8.660,-7.542,-0.460
0.40,352,-9.143,2.248,-4.431
0.40,353,5.193,-2.980,-2.444
0.40,354,5.202,-8.517,-7.490
0.40,355,3.012,2.015,-2.443
0.40,356,-2.749,-1.663,2.607
0.40,357,-2.560,-7.926,-2.387
0.40,358,-9.575,7.103,7.188
0.40,359,2.728,-1.673,2.600
0.40,360,6.011,8.871,-0.621
0.40,361,3.100,1.884,-2.439
0.40,362,4.738,2.353,2.322
0.40,363,-9.429,9.734,-8.378
0.40,364,-0.044,2.568,2.766
0.40,365,3.124,1.840,3.867
0.40,366,2.673,-1.603,2.597
0.40,367,-8.725,-0.213,-6.893
0.40,368,-7.714,-6.304,6.470
0.40,369,-6.095,-5.684,8.306
0.40,370,-6.984,-2.567,-8.901
0.40,371,4.008,-9.155,7.221
0.40,372,5.866,-3.200,-2.448
0.40,373,-4.911,-2.443,-2.457
0.40,374,-2.781,-6.054,-10.776
0.40,375,-5.247,-2.942,-2.433
0.40,376,4.983,8.926,4.456
0.40,377,0.023,-0.105,7.679
0.40,378,1.253,5.168,-2.480
0.40,379,5.180,-2.899,-2.445
0.40,380,-3.193,-9.202,-9.976
0.40,381,-7.265,1.854,9.258
0.40,382,-7.997,-2.551,-6.493
0.40,383,-3.730,3.152,7.274
0.40,384,1.471,9.008,-1.148
0.40,385,5.357,-8.696,-10.449
0.40,386,2.739,2.325,-2.452
0.40,387,9.131,-6.021,1.577
0.40,388,-0.359,4.868,-2.484
0.40,389,5.022,1.336,1.071
0.40,390,5.172,-3.005,-2.443
0.40,391,-7.066,-3.106,2.323
0.40,392,-0.076,3.327,2.615
0.40,393,-5.211,-2.929,-2.433
0.40,394,-3.418,8.333,-0.770
0.40,395,-0.013,2.733,2.600
0.40,396,-5.214,-2.939,-2.433
0.40,397,-1.199,7.822,7.283
0.40,398,-5.338,-6.300,-7.622
0.40,399,0.060,6.185,-2.399
0.40,400,-0.090,0.008,7.682
0.40,401,5.754,9.540,-10.748
0.40,402,-4.720,2.250,-7.227
0.40,403,-5.442,-4.627,6.533
0.40,404,8.449,-0.326,-1.221
0.40,405,3.528,-6.211,3.456
0.40,406,-0.093,6.743,-2.412
0.40,407,-2.985,1.783,-1.335
0.40,408,-2.775,2.172,-2.457
0.40,409,2.816,1.652,-2.461
0.40,410,-2.771,-1.673,2.608
0.40,411,-0.041,2.734,2.599
0.40,412,2.610,-1.574,2.595
0.40,413,1.156,7.969,-2.576
0.40,414,6.876,3.667,-6.249
0.40,415,-8.653,-1.719,0.479
0.40,416,0.622,5.922,-2.418
0.40,417,1.450,-8.158,-8.118
0.40,418,4.923,-3.389,-2.453
0.40,419,6.471,-5.580,4.308
0.40,420,-4.837,3.318,7.257
0.40,421,-1.745,-2.144,9.417
0.40,422,-0.258,5.416,-2.434
0.40,423,-7.470,8.550,-2.912
0.40,424,0.021,-3.238,-2.448
0.40,425,-3.028,1.900,-2.443
0.40,426,4.975,4.316,-7.924
0.40,427,-5.056,7.625,-10.876
0.40,428,-9.640,-6.844,3.168
0.40,429,-6.803,-3.569,-6.382
0.40,430,5.220,-2.906,-2.445
0.40,431,1.242,-2.169,-6.437
0.40,432,-5.371,-7.817,-2.268
0.40,433,1.877,1.444,3.355
0.40,434,-4.152,3.769,0.328
0.40,435,-7.984,-3.024,9.449
0.40,436,1.045,-4.937,-5.735
0.40,437,6.449,-7.349,6.676
0.40,438,-2.673,-1.634,2.605
0.40,439,-3.649,3.056,-2.617
0.40,440,5.274,-6.836,0.283
0.40,441,-3.310,1.662,-2.444
0.40,442,-5.231,-2.989,-2.432
0.40,443,-5.472,4.569,-10.004
0.40,444,-0.587,-3.777,-1.546
0.40,445,-0.258,7.300,5.285
0.40,446,5.237,-7.436,0.302
0.40,447,-0.577,-1.412,2.999
0.40,448,3.462,2.858,2.498
0.40,449,-5.079,-2.953,-2.432
0.40,450,-5.595,6.149,0.999
0.40,451,4.723,2.248,-2.333
0.40,452,0.099,0.100,7.680
0.40,453,3.191,1.822,-2.439
0.40,454,2.975,2.058,-2.445
0.40,455,3.289,-1.652,2.607
0.40,456,-0.011,2.672,2.597
0.40,457,-4.169,8.523,3.298
0.40,458,5.183,-3.384,-2.448
0.40,459,4.895,-1.293,6.727
0.40,460,2.757,-1.595,2.600
0.40,461,-3.163,2.220,-2.262
0.40,462,9.073,8.675,6.207
0.40,463,2.728,-1.666,2.599
0.40,464,0.036,6.341,-2.396
0.40,465,3.645,7.016,-1.930
0.40,466,5.344,-7.148,-9.987
0.40,467,0.494,-2.879,5.126
0.40,468,6.982,0.442,3.011
0.40,469,-2.548,-1.570,2.602
0.40,470,-4.633,-9.564,-6.150
0.40,471,-7.862,4.272,-2.649
0.40,472,0.008,2.588,2.592
0.40,473,0.028,6.431,-2.399
0.40,474,-7.330,-3.872,4.849
0.40,475,5.524,-4.731,7.583
0.40,476,8.567,-6.190,7.512
0.40,477,-3.895,-3.505,-2.114
0.40,478,-0.098,0.006,7.682
0.40,479,7.025,-4.113,1.341
0.40,480,5.877,7.090,6.499
0.40,481,3.135,-2.670,2.571
0.40,482,0.664,3.430,-11.388
0.40,483,4.857,2.280,-5.929
0.40,484,9.156,5.451,-0.564
0.40,485,3.070,-7.952,3.790
0.40,486,-5.226,-2.932,-2.433
0.40,487,7.633,-4.929,4.243
0.40,488,-5.922,-9.112,-3.047
0.40,489,3.237,-2.476,7.122
0.40,490,-2.788,-1.737,2.609
0.40,491,-6.926,-1.992,-4.500
0.40,492,-2.406,-3.482,-2.476
0.40,493,2.977,-1.706,2.608
0.40,494,7.659,-0.290,2.762
0.40,495,-9.258,-6.593,-11.232
0.40,496,-5.258,-2.951,-2.433
0.40,497,1.518,-3.922,-2.090
0.40,498,-0.157,3.098,2.613
0.40,499,2.494,-8.246,-9.212
0.40,500,5.601,-2.835,-2.444
0.40,501,1.790,2.724,1.092
0.40,502,8.354,4.019,6.039
0.40,503,3.662,1.248,-0.810
0.40,504,0.022,5.648,-2.413
0.40,505,3.354,-2.543,-5.835
0.40,506,-1.406,-6.950,0.339
0.40,507,3.062,1.945,-2.440
0.40,508,0.129,2.642,2.590
0.40,509,5.970,5.421,-4.733
0.40,510,-0.552,-2.550,-0.497
0.40,511,-8.512,4.197,-7.397
0.40,512,-6.142,-8.933,-6.947
0.40,513,5.160,-3.019,-2.443
0.40,514,3.918,-2.134,2.646
0.40,515,-6.095,-6.675,-2.081
0.40,516,0.577,7.109,2.256
0.40,517,8.734,7.562,3.317
0.40,518,2.664,-1.621,2.597
0.40,519,-2.750,-1.639,2.607
0.40,520,-0.055,-0.015,7.683
0.40,521,-1.869,-3.009,-2.402
0.40,522,8.766,7.413,-3.196
0.40,523,-2.751,-1.669,2.607
0.40,524,0.154,7.005,-2.430
0.40,525,-5.179,-2.567,-2.443
0.40,526,-5.008,-2.912,-2.435
0.40,527,-9.495,-8.211,6.658
0.40,528,4.940,2.435,-6.088
0.40,529,-0.016,2.724,2.599
0.40,530,-0.290,1.960,5.488
0.40,531,-2.917,2.055,-2.450
0.40,532,0.152,-3.218,-2.450
0.40,533,2.348,-3.493,-2.507
0.40,534,3.805,-1.796,-7.633
0.40,535,0.231,5.700,-2.412
0.40,536,-2.858,1.980,-2.452
0.40,537,5.818,-2.905,-2.450
0.40,538,-2.884,1.568,-2.459
0.40,539,-0.018,2.746,2.600
0.40,540,6.091,-6.255,-3.294
0.40,541,5.083,-2.967,-2.445
0.40,542,5.227,-8.438,-9.855
0.40,543,3.428,-2.746,2.551
0.40,544,-5.275,-2.960,-2.433
0.40,545,-6.261,-2.854,6.431
0.40,546,0.065,6.107,-2.401
0.40,547,1.090,-2.348,3.800
0.40,548,-7.367,0.945,-4.850
0.40,549,-2.911,2.060,-2.451
0.40,550,2.484,2.051,-2.429
0.40,551,0.015,6.449,-2.399
0.40,552,0.144,4.656,2.703
0.40,553,-5.185,-2.925,-2.433
0.40,554,6.969,6.617,-6.965
0.40,555,-5.774,-1.066,1.547
0.40,556,1.793,-2.682,6.091
0.40,557,2.997,2.031,-2.444
0.40,558,0.075,6.342,-2.397
0.40,559,4.492,8.182,-2.227
0.40,560,1.761,-0.899,-2.196
0.40,561,-4.462,-0.223,-5.319
0.40,562,5.340,-3.119,-2.440
0.40,563,2.374,1.805,-2.489
0.40,564,-0.446,-0.857,9.859
0.40,565,2.015,9.049,-3.479
0.40,566,5.413,5.585,5.632
0.40,567,2.814,-1.928,2.600
0.40,568,4.788,-2.994,-2.455
0.40,569,4.668,8.709,-8.865
0.40,570,2.890,1.301,5.825
0.40,571,-5.210,6.906,-5.446
0.40,572,4.814,-6.985,4.956
0.40,573,4.461,9.746,6.312
0.40,574,0.153,-3.243,-2.449
0.40,575,-2.614,-1.604,2.604
0.40,576,-0.318,7.389,-2.480
0.40,577,-2.619,-1.606,2.604
0.40,578,-0.049,0.038,7.683
0.40,579,2.351,3.414,1.752
0.40,580,-1.227,-5.805,-7.589
0.40,581,-6.277,4.997,-9.295
0.40,582,-9.053,0.032,-6.045
0.40,583,2.482,-2.000,6.789
0.40,584,3.560,-2.195,3.552
0.40,585,4.079,-8.924,-10.490
0.40,586,-0.413,-3.258,-2.449
0.40,587,-4.787,-1.384,7.434
0.40,588,1.831,3.562,5.359
0.40,589,2.632,-1.548,2.596
0.40,590,-9.642,5.294,-5.291
0.40,591,2.148,4.496,2.046
0.40,592,-4.282,-2.079,2.530
0.40,593,-0.529,-3.260,-2.449
0.40,594,0.047,6.253,-2.398
0.40,595,-5.748,1.262,1.352
0.40,596,-5.392,-3.117,-2.430
0.40,597,-2.845,2.139,-2.454
0.40,598,-1.034,8.558,-2.586
0.40,599,8.841,-4.936,-7.842
0.40,600,8.977,8.828,-6.295
0.40,601,8.175,9.532,5.354
0.40,602,-8.462,-1.332,-2.265
0.40,603,-4.083,1.097,-2.408
0.40,604,-0.061,0.076,7.682
0.40,605,6.001,-1.783,-2.378
0.40,606,-9.909,9.264,-7.553
0.40,607,-0.101,3.059,2.613
0.40,608,-3.885,-4.480,-2.696
0.40,609,1.732,1.260,8.379
0.40,610,-2.789,-1.663,2.608
0.40,611,2.855,-7.937,-2.578
0.40,612,1.796,-2.222,-5.452
0.40,613,2.611,-1.577,2.595
0.40,614,-4.151,-3.300,2.256
0.40,615,-1.044,3.659,8.616
0.40,616,0.348,-1.146,-10.160
0.40,617,-2.408,-6.599,-1.461
0.40,618,0.815,2.849,5.734
0.40,619,-0.054,0.037,7.683
0.40,620,-3.075,1.793,-2.443
0.40,621,-2.651,-1.668,2.605
0.40,622,5.515,8.643,1.282
0.40,623,-1.870,-0.781,1.898
0.40,624,7.154,-0.002,-10.899
0.40,625,0.970,-2.180,-4.959
0.40,626,0.366,5.710,-2.414
0.40,627,5.215,-2.993,-2.443
0.40,628,-1.620,0.584,0.622
0.40,629,7.461,-1.875,7.674
0.40,630,-1.050,-3.254,-2.458
0.40,631,-2.934,-1.794,2.614
0.40,632,0.355,-1.291,4.862
0.40,633,-5.893,-7.372,9.078
0.40,634,-2.611,-1.580,2.603
0.40,635,9.276,0.920,-8.973
0.40,636,0.009,2.639,2.595
0.40,637,-0.006,2.461,2.582
0.40,638,3.112,1.858,-2.439
0.40,639,-3.173,1.510,6.059
0.40,640,-2.882,2.095,-2.452
0.40,641,-2.647,-1.616,2.604
0.40,642,-5.225,8.563,6.134
0.40,643,-6.841,0.063,3.011
0.40,644,-3.555,-8.989,-9.091
0.40,645,4.567,-0.792,9.510
0.40,646,0.840,1.839,-5.587
0.40,647,4.824,2.397,-7.259
0.40,648,-0.014,5.369,-2.433
0.40,649,-4.387,9.286,-7.388
0.40,650,-0.018,2.726,2.599
0.40,651,9.055,4.039,-6.963
0.40,652,7.175,5.558,-5.765
0.40,653,-0.907,-3.234,-2.456
0.40,654,2.433,-5.623,1.443
0.40,655,5.221,-3.026,-2.442
0.40,656,9.587,1.919,4.167
0.40,657,1.452,-3.681,3.083
0.40,658,-3.064,8.620,-8.219
0.40,659,-0.132,2.990,2.608
0.40,660,-8.609,8.479,1.488
0.40,661,-6.413,-6.000,-9.177
0.40,662,1.399,-6.831,-5.842
0.40,663,-0.203,8.493,-1.648
0.40,664,3.605,5.282,7.363
0.40,665,-0.021,2.741,2.600
0.40,666,-2.460,-4.333,-2.357
0.40,667,6.155,2.821,7.882
0.40,668,5.455,-7.555,1.751
0.40,669,-8.370,-0.761,-2.334
0.40,670,-2.181,-3.384,7.193
0.40,671,3.000,2.028,-2.443
0.40,672,5.188,-3.019,-2.443
0.40,673,2.754,-1.689,2.601
0.40,674,5.219,7.209,-6.187
0.40,675,-8.259,1.385,-8.740
0.40,676,7.715,-7.465,-4.488
0.40,677,5.184,-3.030,-2.443
0.40,678,-0.100,-3.246,-2.447
0.40,679,-0.012,2.961,2.611
0.40,680,4.387,-4.212,-2.789
0.40,681,8.347,7.337,-6.492
0.40,682,0.005,6.115,-2.400
0.40,683,1.521,3.468,2.069
0.40,684,5.127,-3.006,-2.443
0.40,685,5.632,8.371,-0.152
0.40,686,-0.002,2.639,2.595
0.40,687,2.698,2.444,-2.452
0.40,688,4.117,-9.604,-4.362
0.40,689,-0.012,2.858,2.606
0.40,690,-1.771,-2.531,-0.167
0.40,691,6.504,-2.367,-2.518
0.40,692,-5.435,-2.898,-2.435
0.40,693,-2.406,2.315,0.960
0.40,694,-4.760,2.434,2.977
0.40,695,-3.562,3.112,-1.260
0.40,696,6.469,4.388,5.366
0.40,697,-5.163,-2.934,-2.433
0.40,698,-2.794,-1.676,2.609
0.40,699,-6.940,9.006,-9.013
0.40,700,-2.693,-1.625,2.606
0.40,701,8.576,-6.064,5.228
0.40,702,-2.190,-2.143,5.485
0.40,703,-2.609,-1.614,2.603
0.40,704,0.059,6.101,-2.401
0.40,705,-4.353,6.570,8.566
0.40,706,-4.688,7.908,-2.646
0.40,707,-0.101,1.740,1.832
0.40,708,5.189,-2.852,-2.446
0.40,709,6.413,-5.078,-4.317
0.40,710,3.128,-2.383,2.580
0.40,711,0.572,2.197,5.302
0.40,712,-4.786,-2.242,-2.473
0.40,713,3.228,-3.046,-2.523
0.40,714,5.262,-3.067,-2.441
0.40,715,-3.357,-0.753,6.664
0.40,716,1.482,-8.930,7.607
0.40,717,4.412,5.329,3.826
0.40,718,-5.360,-3.378,-2.434
0.40,719,-2.402,8.582,3.200
0.40,720,0.077,6.031,-2.403
0.40,721,6.400,-0.526,-0.297
0.40,722,-3.504,-6.066,-1.955
0.40,723,-0.042,0.014,7.684
0.40,724,-0.019,2.755,2.601
0.40,725,0.403,6.700,-2.421
0.40,726,3.100,2.034,-2.440
0.40,727,-9.018,-8.501,3.740
0.40,728,2.258,2.240,4.991
0.40,729,6.576,-0.540,7.533
0.40,730,2.046,-1.940,2.565
0.40,731,-5.345,-2.995,-2.432
0.40,732,6.950,-8.791,4.464
0.40,733,2.411,-1.746,2.581
0.40,734,0.079,6.481,-2.402
0.40,735,5.322,-3.112,-2.440
0.40,736,-6.282,-3.858,-2.873
0.40,737,2.895,3.300,9.619
0.40,738,-2.656,9.168,4.156
0.40,739,2.819,-6.597,6.804
0.40,740,-4.131,-2.999,-2.461
0.40,741,0.972,6.331,2.682
0.40,742,1.006,3.371,7.204
0.40,743,4.713,5.822,-0.922
0.40,744,-0.528,1.843,-7.120
0.40,745,1.355,0.015,-7.495
0.40,746,2.787,-1.627,2.601
0.40,747,0.120,0.604,7.507
0.40,748,2.886,6.833,-3.167
0.40,749,0.095,3.030,2.611
0.40,750,-2.874,2.104,-2.453
0.40,751,1.358,7.533,3.929
0.40,752,-1.975,-8.219,5.417
0.40,753,5.180,-3.005,-2.443
0.40,754,7.985,4.223,8.846
0.40,755,-2.041,-9.018,-6.192
0.40,756,-9.858,-4.930,7.860
0.40,757,-7.489,2.502,-8.279
0.40,758,2.247,5.765,-9.652
0.40,759,-7.202,7.510,-9.629
0.40,760,4.458,6.575,-1.061
0.40,761,-2.642,-1.662,2.604
0.40,762,2.963,-4.689,0.130
0.40,763,-5.750,-6.145,-1.315
0.40,764,-8.378,5.460,-8.256
0.40,765,-4.088,1.638,4.661
0.40,766,2.716,-1.632,2.599
0.40,767,5.378,-3.628,-2.426
0.40,768,-4.104,-2.926,-2.371
0.40,769,7.891,6.768,-2.636
0.40,770,2.286,-9.103,-5.175
0.40,771,-0.227,-5.956,3.563
0.40,772,-5.391,-7.543,-6.722
0.40,773,-6.403,6.158,-10.935
0.40,774,-5.231,-2.997,-2.432
0.40,775,2.964,2.073,-2.445
0.40,776,-3.105,1.760,-2.442
0.40,777,-2.739,-0.327,2.482
0.40,778,-5.329,-3.469,-2.433
0.40,779,0.033,2.723,2.598
0.40,780,9.430,7.364,-1.883
0.40,781,-7.120,-0.169,1.999
0.40,782,5.273,-3.068,-2.441
0.40,783,-6.658,-1.140,6.410
0.40,784,-6.308,-9.504,6.138
0.40,785,3.307,8.951,5.534
0.40,786,-9.319,-8.594,-6.069
0.40,787,-2.843,2.171,-2.455
0.40,788,5.026,-2.997,-2.446
0.40,789,-2.861,2.121,-2.453
0.40,790,-6.305,-2.916,-2.497
0.40,791,6.582,-4.775,0.418
0.40,792,-0.469,9.081,3.242
0.40,793,-5.237,-2.811,-2.436
0.40,794,-5.455,-0.306,-10.996
0.40,795,4.397,-2.892,1.058
0.40,796,9.369,3.119,6.846
0.40,797,3.433,9.379,-2.747
0.40,798,5.509,-2.950,-2.442
0.40,799,0.610,-7.547,-6.906
0.40,800,-0.843,-2.973,-2.538
0.40,801,9.214,-9.132,-4.615
0.40,802,1.285,1.970,4.150
0.40,803,0.081,-3.237,-2.448
0.40,804,-9.072,2.519,-10.672
0.40,805,-9.474,4.418,-9.706
0.40,806,2.739,-1.656,2.600
0.40,807,9.924,0.382,6.165
0.40,808,-4.891,8.552,-5.991
0.40,809,-3.025,2.131,-2.447
0.40,810,0.028,-3.236,-2.448
0.40,811,1.719,-5.802,7.512
0.40,812,3.020,2.002,-2.442
0.40,813,-2.142,9.357,7.654
0.40,814,7.802,7.142,9.267
0.40,815,-1.401,0.239,7.337
0.40,816,-4.282,1.380,-6.339
0.40,817,-9.105,6.472,3.661
0.40,818,2.466,-2.767,-2.376
0.40,819,-0.022,2.743,2.600
0.40,820,0.121,-2.514,5.523
0.40,821,-0.054,-0.001,7.683
0.40,822,-3.330,-3.405,-2.481
0.40,823,7.078,-9.836,-6.128
0.40,824,1.986,-4.287,-2.316
0.40,825,-0.958,8.517,2.066
0.40,826,-0.020,2.740,2.600
0.40,827,-5.023,-7.595,-9.309
0.40,828,-0.199,6.840,-2.420
0.40,829,6.210,-2.511,-2.494
0.40,830,-5.130,-2.850,-2.435
0.40,831,-2.099,3.148,7.007
0.40,832,4.242,2.457,-10.479
0.40,833,-3.619,1.234,-2.436
0.40,834,-3.073,1.807,-2.443
0.40,835,9.902,4.574,4.142
0.40,836,-3.023,-3.818,7.184
0.40,837,-4.439,7.952,-3.999
0.40,838,2.941,2.098,-2.446
0.40,839,-5.273,7.901,2.052
0.40,840,3.611,5.985,7.485
0.40,841,0.022,6.369,-2.397
0.40,842,1.741,3.005,-2.520
0.40,843,-3.059,4.111,2.657
0.40,844,-0.078,2.538,2.587
0.40,845,3.015,2.022,-2.443
0.40,846,-5.792,-5.792,4.092
0.40,847,7.188,0.396,7.029
0.40,848,2.494,-6.787,9.816
0.40,849,-6.553,-5.656,-3.540
0.40,850,2.776,2.271,-2.451
0.40,851,9.615,7.921,0.159
0.40,852,-2.588,6.517,8.577
0.40,853,5.287,-2.823,-2.351
0.40,854,3.005,5.875,2.113
0.40,855,7.443,-4.943,4.753
0.40,856,-5.103,-8.973,-6.577
0.40,857,8.711,-2.033,-0.907
0.40,858,6.443,8.172,-4.814
0.40,859,-2.907,2.060,-2.451
0.40,860,-1.720,1.319,0.328
0.40,861,-5.199,-2.914,-2.433
0.40,862,8.779,-2.920,5.175
0.40,863,-0.460,-7.465,-10.068
0.40,864,-2.452,3.733,-2.501
0.40,865,-8.267,5.397,-5.604
0.40,866,-2.887,2.082,-2.452
0.40,867,7.559,7.540,4.329
0.40,868,4.593,-2.804,-2.468
0.40,869,8.464,-5.224,8.193
0.40,870,-1.107,-7.162,2.773
0.40,871,-0.185,-0.845,7.570
0.40,872,6.458,4.504,-1.447
0.40,873,-9.097,-0.790,5.369
0.40,874,2.826,2.293,-2.450
0.40,875,-6.335,-7.336,-3.682
0.40,876,-2.935,1.911,-2.448
0.40,877,-0.022,2.720,2.599
0.40,878,-8.939,5.610,-10.113
0.40,879,9.104,5.081,1.618
0.40,880,2.477,6.663,-2.719
0.40,881,8.628,6.972,-1.160
0.40,882,-0.008,0.109,7.682
0.40,883,2.428,-1.419,2.583
0.40,884,-0.159,2.377,2.568
0.40,885,-6.456,6.835,-5.144
0.40,886,5.034,-2.996,-2.446
0.40,887,0.026,-3.238,-2.448
0.40,888,-6.059,-2.481,-2.168
0.40,889,1.031,7.335,-2.633
0.40,890,-0.052,0.058,7.682
0.40,891,-0.020,2.746,2.600
0.40,892,-3.538,-2.199,2.583
0.40,893,0.045,0.110,7.681
0.40,894,-2.634,-1.610,2.604
0.40,895,5.263,1.696,2.410
0.40,896,4.547,-6.619,6.907
0.40,897,-0.054,0.038,7.683
0.40,898,8.538,1.257,-9.838
0.40,899,0.033,7.556,-2.245
0.40,900,6.160,-9.697,-11.377
0.40,901,2.109,-1.742,5.676
0.40,902,6.951,3.952,2.723
0.40,903,10.032,9.049,3.082
0.40,904,-0.765,-3.397,-2.447
0.40,905,7.529,-4.008,-0.837
0.40,906,-5.262,-4.667,8.128
0.40,907,0.998,-3.203,-2.466
0.40,908,5.248,-2.955,-2.444
0.40,909,5.359,-6.408,-0.298
0.40,910,6.831,-8.192,-10.023
0.40,911,5.226,-3.140,-2.440
0.40,912,-1.057,-9.218,-3.897
0.40,913,2.650,-1.596,2.597
0.40,914,-0.019,2.735,2.600
0.40,915,-3.974,3.323,-4.373
0.40,916,-5.067,-8.795,0.119
0.40,917,-0.881,-3.621,-2.441
0.40,918,-2.509,-1.486,2.599
0.40,919,0.166,-4.047,0.164
0.40,920,3.405,-5.703,3.775
0.40,921,2.705,-1.624,2.598
0.40,922,9.254,9.317,3.563
0.40,923,-2.631,2.123,-2.463
0.40,924,2.913,-1.788,2.607
0.40,925,-6.235,-6.435,2.567
0.40,926,-8.047,4.553,-11.416
0.40,927,4.932,1.288,-3.336
0.40,928,-5.158,-2.941,-2.432
0.40,929,-2.849,-3.044,2.536
0.40,930,5.674,-3.147,-2.438
0.40,931,-3.860,-6.754,-8.433
0.40,932,6.692,-6.641,-5.940
0.40,933,5.216,-3.013,-2.443
0.40,934,-0.163,-3.239,-2.448
0.40,935,-1.171,7.410,-2.418
0.40,936,-8.699,-3.944,1.017
0.40,937,-3.338,9.350,-4.022
0.40,938,-0.018,2.749,2.600
0.40,939,5.353,-1.577,-2.559
0.40,940,-4.460,-3.862,-2.444
0.40,941,-5.198,-3.236,-2.430
0.40,942,0.550,4.702,-0.062
0.40,943,-9.510,-6.248,-7.020
0.40,944,4.779,3.493,-10.817
0.40,945,-5.658,-2.688,-2.443
0.40,946,5.545,2.228,5.792
0.40,947,-7.847,-3.010,2.570
0.40,948,6.665,4.530,-9.883
0.40,949,-4.528,8.437,-5.830
0.40,950,0.018,-3.241,-2.447
0.40,951,-9.149,8.472,-6.073
0.40,952,0.007,-4.576,-2.733
0.40,953,-8.617,-0.694,0.254
0.40,954,-5.417,-3.268,-2.433
0.40,955,-5.303,-2.926,-2.434
0.40,956,-2.625,-1.595,2.604
0.40,957,4.551,2.586,4.905
0.40,958,-4.684,-2.999,-2.442
0.40,959,-9.237,-3.538,-2.374
0.40,960,6.939,-5.977,-7.634
0.40,961,1.940,-3.566,1.670
0.40,962,0.070,6.353,-2.397
0.40,963,0.760,7.986,-3.096
0.40,964,-0.003,2.763,2.602
0.40,965,-0.406,-4.827,-2.877
0.40,966,-7.347,-5.922,4.400
0.40,967,-9.244,9.567,7.469
0.40,968,4.599,6.335,5.698
0.40,969,7.734,-9.007,-9.745
0.40,970,-2.322,3.558,7.418
0.40,971,0.097,2.632,2.604
0.40,972,-5.094,8.258,-3.667
0.40,973,7.993,-1.344,-6.208
0.40,974,4.141,-5.924,3.164
0.40,975,-4.774,-8.994,-7.135
0.40,976,0.002,0.043,7.684
0.40,977,-8.377,6.100,-10.756
0.40,978,-0.245,-3.293,-2.447
0.40,979,0.300,-4.204,7.945
0.40,980,-5.911,1.507,-4.669
0.40,981,1.005,3.194,5.796
0.40,982,2.512,-1.901,7.292
0.40,983,5.124,-3.000,-2.444
0.40,984,7.037,-5.117,1.102
0.40,985,-0.665,7.556,-2.733
0.40,986,2.351,-6.214,7.381
0.40,987,-0.198,2.744,2.593
0.40,988,-6.317,9.296,6.369
0.40,989,-3.133,-2.001,2.612
0.40,990,2.293,-1.354,5.517
0.40,991,-2.972,2.030,-2.448
0.40,992,-5.205,-2.941,-2.433
0.40,993,0.007,6.685,-2.407
0.40,994,0.732,-2.403,-11.410
0.40,995,3.079,1.940,-2.440
0.40,996,-5.185,-3.572,-2.441
0.40,997,-0.970,7.819,-2.671
0.40,998,-5.279,-2.404,-1.472
0.40,999,-6.081,-6.661,-6.055
0.40,1000,0.005,2.772,2.602
0.40,1001,9.706,6.474,3.805
0.40,1002,-3.758,-2.974,2.835
0.40,1003,2.645,-1.655,2.597
0.40,1004,8.512,-4.647,-7.423
0.40,1005,-5.497,-3.500,-2.443
0.40,1006,8.427,0.191,-4.720
0.40,1007,-1.563,8.546,-4.777
0.40,1008,-3.022,-1.843,2.617
0.40,1009,-2.625,-1.608,2.604
0.40,1010,6.986,-1.506,-2.560
0.40,1011,2.740,2.323,-2.452
0.40,1012,-6.375,-0.685,0.676
0.40,1013,-7.633,-9.215,-5.233
0.40,1014,-5.857,-3.934,0.270
0.40,1015,-9.791,8.276,-11.427
0.40,1016,0.500,-2.019,2.993
0.40,1017,-3.457,9.365,-1.443
0.40,1018,9.069,-6.747,-5.831
0.40,1019,-9.713,-5.808,2.739
0.40,1020,9.881,4.827,3.639
0.40,1021,3.073,1.926,-2.440
0.40,1022,-8.669,8.425,-0.401
0.40,1023,5.009,-7.161,5.432
0.40,1024,2.494,-2.448,2.639
0.40,1025,-5.481,8.353,-5.896
0.40,1026,9.227,5.469,-9.958
0.40,1027,4.125,8.076,-4.648
0.40,1028,7.392,9.057,-8.168
0.40,1029,-4.884,-3.028,-2.435
0.40,1030,0.245,-4.883,5.914
0.40,1031,4.089,5.627,-2.450
0.40,1032,2.581,-4.188,2.733
0.40,1033,-5.325,7.676,-6.785
0.40,1034,6.490,-9.389,5.095
0.40,1035,4.906,3.594,-10.213
0.40,1036,-0.059,0.050,7.682
0.40,1037,-9.167,0.525,-8.408
0.40,1038,2.636,8.166,9.670
0.40,1039,-6.549,-0.682,-2.661
0.40,1040,5.203,0.790,-2.520
0.40,1041,-7.517,-6.953,7.185
0.40,1042,1.881,-3.731,6.403
0.40,1043,5.356,-3.023,-2.442
0.40,1044,1.657,8.296,-10.751
0.40,1045,-6.507,-5.910,3.316
0.40,1046,-2.525,2.395,5.190
0.40,1047,5.326,4.042,-5.540
0.40,1048,-0.109,2.797,2.599
0.40,1049,7.159,0.925,3.122
0.40,1050,-1.853,-1.842,2.471
0.40,1051,-4.589,9.194,-11.038
0.40,1052,-0.022,2.714,2.599
0.40,1053,4.076,7.092,-2.936
0.40,1054,5.199,5.558,-1.137
0.40,1055,3.194,1.719,-2.442
0.40,1056,2.666,-1.615,2.597
0.40,1057,-6.731,3.198,10.020
0.40,1058,-4.275,5.176,-10.014
0.40,1059,-3.699,2.638,-2.528
0.40,1060,-5.018,-8.548,-1.373
0.40,1061,4.752,-3.240,-2.455
0.40,1062,3.111,1.886,-2.439
0.40,1063,5.221,-3.070,-2.442
0.40,1064,9.033,2.740,-9.670
0.40,1065,9.850,-0.401,6.341
0.40,1066,-6.573,-5.369,-7.337
0.40,1067,-6.511,-2.033,-2.450
0.40,1068,1.368,-4.463,7.698
0.40,1069,6.930,6.389,1.443
0.40,1070,-2.262,-7.724,4.476
0.40,1071,-9.794,-5.987,-4.519
0.40,1072,-3.014,-5.422,7.596
0.40,1073,-3.489,-2.900,7.747
0.40,1074,-1.807,-1.742,5.819
0.40,1075,0.351,2.236,5.212
0.40,1076,3.030,1.989,-2.442
0.40,1077,0.330,6.433,-2.408
0.40,1078,0.208,-2.323,-2.734
0.40,1079,7.857,9.115,4.793
0.40,1080,8.936,7.414,-4.762
0.40,1081,-0.092,-3.247,-2.447
0.40,1082,-8.429,2.823,3.232
0.40,1083,0.126,-3.223,-2.449
0.40,1084,0.051,6.323,-2.397
0.40,1085,-7.891,9.024,5.101
0.40,1086,8.085,5.210,-8.613
0.40,1087,-0.070,2.678,2.595
0.40,1088,-4.499,-1.633,-2.521
0.40,1089,0.027,5.860,-2.405
0.40,1090,-2.988,-2.183,2.597
0.40,1091,-3.436,-3.294,2.536
0.40,1092,-6.044,-2.672,-2.470
0.40,1093,-0.893,9.116,1.783
0.40,1094,0.440,8.609,-2.599
0.40,1095,-6.190,1.899,3.187
0.40,1096,-3.823,-9.721,6.050
0.40,1097,-2.779,2.214,-2.457
0.40,1098,-2.842,-5.877,6.600
0.40,1099,5.656,-0.987,1.976
0.40,1100,1.755,-4.742,7.575
0.40,1101,0.010,5.780,-2.406
0.40,1102,8.779,-2.347,2.873
0.40,1103,-2.341,-1.268,5.133
0.40,1104,4.363,0.018,-2.535
0.40,1105,6.528,8.867,2.812
0.40,1106,-2.860,2.125,-2.454
0.40,1107,0.012,6.606,-2.404
0.40,1108,-6.610,1.539,-1.690
0.40,1109,6.913,-5.607,-3.568
0.40,1110,-2.619,-2.476,2.574
0.40,1111,-1.076,1.826,5.502
0.40,1112,-2.815,-0.329,7.240
0.40,1113,-8.348,5.698,-10.896
0.40,1114,-2.861,-1.659,2.610
0.40,1115,0.065,-3.252,-2.448
0.40,1116,-0.056,0.052,7.682
0.40,1117,-3.303,1.664,-2.444
0.40,1118,2.946,2.094,-2.446
0.40,1119,8.066,-5.105,-3.519
0.40,1120,-0.077,0.063,7.681
0.40,1121,4.813,-3.133,-2.451
0.40,1122,7.356,-4.254,-3.399
0.40,1123,-0.811,1.889,0.317
0.40,1124,0.063,6.388,-2.398
0.40,1125,-5.683,4.906,-8.514
0.40,1126,0.232,1.498,-10.397
0.40,1127,4.494,6.186,-2.930
0.40,1128,-8.750,-0.291,-7.134
0.40,1129,5.556,-8.699,-8.691
0.40,1130,4.574,5.337,4.228
0.40,1131,7.277,-1.317,-7.090
0.40,1132,0.048,6.450,-2.400
0.40,1133,0.054,2.892,2.606
0.40,1134,2.221,-2.144,1.819
0.40,1135,0.224,-0.221,7.667
0.40,1136,5.128,2.260,2.349
0.40,1137,3.107,1.869,-2.439
0.40,1138,3.160,-1.613,2.622
0.40,1139,-1.100,-6.123,1.062
0.40,1140,-7.759,-0.456,3.806
0.40,1141,-4.913,-5.333,-3.214
0.40,1142,0.051,6.126,-2.400
0.40,1143,2.393,-0.316,-9.666
0.40,1144,7.668,-5.800,2.446
0.40,1145,-9.655,1.482,3.715
0.40,1146,-4.960,-3.509,-2.557
0.40,1147,1.025,1.749,6.874
0.40,1148,0.072,-1.652,-3.753
0.40,1149,-2.003,-1.424,4.998
0.40,1150,2.759,-1.496,2.599
0.40,1151,0.057,6.668,-2.408
0.40,1152,5.235,-3.134,-2.440
0.40,1153,-9.217,-7.351,-6.948
0.40,1154,1.887,-2.054,6.249
0.40,1155,-6.311,2.785,-1.812
0.40,1156,0.062,6.366,-2.398
0.40,1157,-4.374,-8.639,-1.354
0.40,1158,-2.890,2.083,-2.452
0.40,1159,-6.881,6.700,-7.730
0.40,1160,-8.471,9.377,2.264
0.40,1161,0.814,0.714,7.065
0.40,1162,-8.079,0.549,4.819
0.40,1163,1.417,-1.877,-0.236
0.40,1164,-9.697,6.895,-10.421
0.40,1165,0.270,-2.809,-2.494
0.40,1166,0.061,-3.235,-2.448
0.40,1167,5.883,-0.567,7.416
0.40,1168,3.099,-9.182,-10.839
0.40,1169,9.628,4.662,6.064
0.40,1170,-7.019,-1.773,-7.334
0.40,1171,-2.555,2.400,-2.466
0.40,1172,-4.897,-2.997,-2.436
0.40,1173,5.611,-0.755,7.092
0.40,1174,-2.937,2.025,-2.449
0.40,1175,5.721,-3.447,-2.451
0.40,1176,-0.498,6.338,-2.412
0.40,1177,5.236,-3.049,-2.442
0.40,1178,7.648,1.777,7.672
0.40,1179,-8.276,7.837,-7.197
0.40,1180,1.849,-6.183,5.991
0.40,1181,-0.511,5.938,-0.829
0.40,1182,2.966,2.068,-2.445
0.40,1183,-1.769,2.497,2.327
0.40,1184,3.411,-7.737,-0.954
0.40,1185,2.546,-2.822,-1.746
0.40,1186,0.048,6.622,-2.406
0.40,1187,3.555,4.744,-6.883
0.40,1188,-1.777,1.131,-6.083
0.40,1189,-4.726,-4.130,-2.496
0.40,1190,-0.018,2.703,2.598
0.40,1191,7.287,-6.532,4.373
0.40,1192,-0.037,-3.246,-2.447
0.40,1193,5.714,-6.660,-9.134
0.40,1194,-2.875,2.103,-2.453
0.40,1195,-0.717,-4.267,4.935
0.40,1196,-7.674,3.121,-3.179
0.40,1197,2.564,-1.647,2.594
0.40,1198,2.259,5.065,7.583
0.40,1199,0.019,2.821,2.604
0.40,1200,5.417,-2.612,2.101
0.40,1201,4.740,5.767,-7.996
0.40,1202,5.212,6.919,-1.815
0.40,1203,5.734,7.691,6.875
0.40,1204,2.695,0.392,-0.320
0.40,1205,-5.177,-2.928,-2.433
0.40,1206,-0.367,2.061,2.505
0.40,1207,-6.476,9.275,7.577
0.40,1208,1.689,0.214,-3.022
0.40,1209,5.164,-3.002,-2.443
0.40,1210,2.986,2.044,-2.444
0.40,1211,3.618,3.830,-6.918
0.40,1212,0.948,-1.212,0.005
0.40,1213,-9.700,6.941,-8.685
0.40,1214,-8.933,5.097,-10.404
0.40,1215,-7.778,5.519,-8.707
0.40,1216,6.190,2.535,-6.982
0.40,1217,3.267,8.135,-10.043
0.40,1218,-8.419,1.142,1.369
0.40,1219,-2.754,-3.998,0.671
0.40,1220,-9.131,0.862,-9.454
0.40,1221,0.925,7.006,-1.601
0.40,1222,7.731,-2.396,-7.062
0.40,1223,1.832,-1.063,2.519
0.40,1224,5.159,2.198,-2.626
0.40,1225,-2.885,-1.938,2.608
0.40,1226,-8.569,9.301,-0.239
0.40,1227,8.146,-0.649,1.745
0.40,1228,4.428,-3.077,-2.467
0.40,1229,-2.989,1.963,-2.446
0.40,1230,-2.870,2.109,-2.453
0.40,1231,6.541,9.529,-8.700
0.40,1232,5.632,-3.495,-2.450
0.40,1233,3.005,2.022,-2.443
0.40,1234,-0.837,5.773,-2.440
0.40,1235,5.067,-2.998,-2.444
0.40,1236,-1.165,7.634,-2.702
0.40,1237,0.880,-6.486,-0.094
0.40,1238,-0.208,2.655,2.588
0.40,1239,-5.678,5.623,-10.586
0.40,1240,1.769,-3.014,-2.513
0.40,1241,7.052,-3.164,-10.792
0.40,1242,-9.687,-1.097,4.049
0.40,1243,0.293,2.196,2.792
0.40,1244,3.130,1.877,-2.438
0.40,1245,4.558,-0.901,3.340
0.40,1246,-2.705,2.171,-2.460
0.40,1247,5.705,-9.235,-7.870
0.40,1248,-3.503,1.853,-2.450
0.40,1249,8.311,-1.888,-6.238
0.40,1250,8.546,8.774,-0.198
0.40,1251,-6.289,-7.133,-7.310
0.40,1252,6.574,3.017,-4.720
0.40,1253,2.895,-5.799,4.393
0.40,1254,0.132,6.659,-2.410
0.40,1255,2.976,2.057,-2.445
0.40,1256,-7.204,5.969,-0.912
0.40,1257,0.221,5.814,-2.409
0.40,1258,-0.019,2.726,2.599
0.40,1259,-0.991,4.506,-2.280
0.40,1260,3.414,2.874,-2.494
0.40,1261,2.736,-1.243,6.338
0.40,1262,1.873,-3.443,8.132
0.40,1263,-2.369,-1.440,2.587
0.40,1264,0.702,-1.531,2.485
0.40,1265,0.093,6.617,-2.407
0.40,1266,4.004,-5.575,-1.915
0.40,1267,-9.312,4.026,-10.321
0.40,1268,-5.284,-2.590,-2.442
0.40,1269,-1.212,4.274,-10.667
0.40,1270,4.858,-2.944,-2.453
0.40,1271,1.863,5.375,2.908
0.40,1272,-2.596,-7.684,2.462
0.40,1273,-2.894,2.045,-2.451
0.40,1274,0.440,-3.149,-2.457
0.40,1275,2.614,-1.521,2.595
0.40,1276,0.034,6.360,-2.397
0.40,1277,7.375,-9.105,-8.057
0.40,1278,9.763,5.282,-1.877
0.40,1279,4.646,-0.211,4.144
0.40,1280,-5.534,-8.813,-9.387
0.40,1281,3.360,-8.021,4.267
0.40,1282,1.033,-3.109,-2.475
0.40,1283,9.422,-7.985,-6.109
0.40,1284,7.953,-7.890,-4.633
0.40,1285,-2.991,-7.126,5.373
0.40,1286,2.983,2.049,-2.444
0.40,1287,5.349,-4.832,-8.044
0.40,1288,5.825,9.623,-5.068
0.40,1289,0.784,-6.345,8.023
0.40,1290,2.670,-1.607,2.597
0.40,1291,-1.293,8.380,3.570
0.40,1292,-6.271,-9.565,-11.341
0.40,1293,2.954,2.091,-2.446
0.40,1294,-2.898,2.075,-2.451
0.40,1295,-9.446,-1.129,7.657
0.40,1296,2.831,-1.751,2.604
0.40,1297,-3.605,-7.107,-1.066
0.40,1298,3.010,2.015,-2.443
0.40,1299,-4.235,0.870,5.529
0.40,1300,2.418,-1.530,2.582
0.40,1301,1.733,-0.315,-2.975
0.40,1302,0.366,8.632,5.649
0.40,1303,-1.014,1.860,-0.893
0.40,1304,5.115,5.073,-2.953
0.40,1305,3.106,1.922,-2.438
0.40,1306,7.826,-5.210,-1.482
0.40,1307,0.449,-6.156,3.798
0.40,1308,-3.106,-2.127,2.602
0.40,1309,2.990,2.042,-2.444
0.40,1310,2.053,6.948,10.012
0.40,1311,-0.870,1.177,9.862
0.40,1312,-2.259,-1.871,7.796
0.40,1313,2.745,-1.652,2.600
0.40,1314,-1.086,-3.248,-2.459
0.40,1315,2.689,-1.643,2.598
0.40,1316,6.935,-0.720,4.767
0.40,1317,3.948,-2.136,2.559
0.40,1318,5.815,-2.623,7.908
0.40,1319,-2.004,-3.694,6.681
0.40,1320,-0.049,0.009,7.684
0.40,1321,2.897,2.150,-2.448
0.40,1322,-0.499,8.567,-3.162
0.40,1323,-9.640,3.949,-4.290
0.40,1324,-4.913,-3.199,-2.432
0.40,1325,-9.957,-9.843,-1.444
0.40,1326,2.782,-0.272,-2.399
0.40,1327,4.090,-0.752,-2.472
0.40,1328,-0.617,1.005,7.775
0.40,1329,0.515,-1.844,-5.815
0.40,1330,4.650,-3.659,-2.478
0.40,1331,4.009,-6.176,0.574
0.40,1332,7.192,-3.610,-4.086
0.40,1333,-7.206,-8.699,-6.591
0.40,1334,5.184,-3.030,-2.443
0.40,1335,5.472,-6.388,-6.388
0.40,1336,3.224,8.813,-8.304
0.40,1337,2.702,-1.634,2.598
0.40,1338,-9.520,-1.728,6.762
0.40,1339,2.757,-1.891,2.600
0.40,1340,-9.607,5.819,-9.931
0.40,1341,1.178,-8.850,3.215
0.40,1342,0.009,-3.279,-2.446
0.40,1343,2.970,-7.581,-5.834
0.40,1344,-2.860,2.115,-2.453
0.40,1345,-0.148,3.465,2.567
0.40,1346,-8.807,2.664,-7.948
0.40,1347,3.383,8.084,-7.419
0.40,1348,1.951,-3.216,-2.500
0.40,1349,5.267,-6.735,3.911
0.40,1350,-5.115,-2.872,-2.434
0.40,1351,-5.201,2.670,-10.179
0.40,1352,6.736,4.053,9.042
0.40,1353,-4.610,9.612,-6.497
0.40,1354,-4.504,3.087,6.280
0.40,1355,0.014,2.749,2.600
0.40,1356,6.325,-2.537,-9.834
0.40,1357,0.266,3.841,2.588
0.40,1358,-9.773,-0.275,7.288
0.40,1359,-0.518,-2.961,-2.478
0.40,1360,2.678,-1.606,2.598
0.40,1361,-5.126,-2.910,-2.433
0.40,1362,-0.043,2.653,2.595
0.40,1363,9.355,3.825,-1.001
0.40,1364,9.419,-2.565,0.496
0.40,1365,6.798,-0.660,7.681
0.40,1366,-7.610,6.128,-3.367
0.40,1367,0.050,6.531,-2.403
0.40,1368,-2.254,-2.744,2.397
0.40,1369,-4.967,-2.046,-2.478
0.40,1370,0.169,6.441,-2.403
0.40,1371,-2.213,9.061,-6.189
0.40,1372,0.019,6.105,-2.400
0.40,1373,2.326,-1.267,2.573
0.40,1374,2.693,-1.629,2.598
0.40,1375,5.069,-3.747,6.911
0.40,1376,0.531,5.102,-2.453
0.40,1377,-0.293,4.518,1.978
0.40,1378,-7.470,3.081,2.980
0.40,1379,5.228,-6.058,-9.825
0.40,1380,-1.587,6.818,1.540
0.40,1381,7.016,8.235,-1.637
0.40,1382,3.093,1.936,-2.439
0.40,1383,7.171,-3.679,-4.832
0.40,1384,4.393,4.577,5.010
0.40,1385,5.287,9.649,-7.333
0.40,1386,8.092,-0.479,-6.571
0.40,1387,3.046,8.526,0.353
0.40,1388,7.038,-7.833,-0.758
0.40,1389,0.500,-3.051,-2.469
0.40,1390,2.112,2.919,7.066
0.40,1391,-8.883,4.157,7.846
0.40,1392,3.138,-1.743,2.613
0.40,1393,-2.519,-1.562,2.600
0.40,1394,5.000,-3.067,-2.445
0.40,1395,-6.396,2.281,-0.978
0.40,1396,-0.110,-3.245,-2.448
0.40,1397,1.097,8.835,2.970
0.40,1398,0.542,8.831,0.892
0.40,1399,0.495,-2.893,-2.490
0.40,1400,2.274,-2.057,2.553
0.40,1401,-0.007,-3.234,-2.447
0.40,1402,2.430,-1.483,2.583
0.40,1403,9.356,4.629,4.206
0.40,1404,-2.958,1.941,-2.447
0.40,1405,-1.348,-3.108,3.691
0.40,1406,6.362,1.885,-1.395
0.40,1407,-1.979,-3.578,-11.277
0.40,1408,-1.399,-1.369,0.992
0.40,1409,-2.775,-1.652,2.608
0.40,1410,9.676,-7.422,9.124
0.40,1411,0.040,6.332,-2.396
0.40,1412,-8.728,-5.091,5.634
0.40,1413,2.634,-0.613,2.383
0.40,1414,3.100,1.899,-2.439
0.40,1415,-9.268,1.176,-10.688
0.40,1416,0.192,-0.824,-10.068
0.40,1417,-1.896,2.893,0.395
0.40,1418,-5.189,-2.946,-2.433
0.40,1419,8.073,-8.087,-8.021
0.40,1420,-5.302,-8.580,4.029
0.40,1421,-2.153,2.967,-2.508
0.40,1422,-1.628,8.028,-3.309
0.40,1423,0.209,-2.108,0.490
0.40,1424,-7.693,-1.414,7.070
0.40,1425,-0.138,6.277,-2.392
0.40,1426,-5.217,-2.952,-2.433
0.40,1427,-6.438,-0.523,6.119
0.40,1428,1.350,-6.002,-7.008
0.40,1429,5.165,-3.049,-2.442
0.40,1430,-3.180,-1.838,2.619
0.40,1431,9.273,9.907,-7.105
0.40,1432,8.084,-5.599,-5.244
0.40,1433,-0.772,4.418,6.680
0.40,1434,1.758,-1.747,2.793
0.40,1435,-2.156,3.200,5.979
0.40,1436,2.697,-1.634,2.598
0.40,1437,1.515,-0.053,-6.022
0.40,1438,2.941,-1.545,2.605
0.40,1439,-2.729,4.023,9.920
0.40,1440,1.612,7.169,4.312
0.40,1441,5.246,-3.162,-2.440
0.40,1442,-2.760,2.412,-2.460
0.40,1443,2.704,-1.631,2.598
0.40,1444,2.863,-7.190,-5.255
0.40,1445,3.031,1.990,-2.442
0.40,1446,2.928,6.274,2.966
0.40,1447,-1.974,1.319,-1.617
0.40,1448,5.330,1.996,-1.612
0.40,1449,-0.773,-8.430,-9.294
0.40,1450,2.328,4.241,1.491
0.40,1451,-6.322,-0.058,-5.602
0.40,1452,0.528,-5.277,1.405
0.40,1453,-7.703,0.984,4.760
0.40,1454,4.191,2.958,4.018
0.40,1455,-2.941,-9.727,6.554
0.40,1456,-5.959,3.454,-6.792
0.40,1457,0.605,5.797,2.221
0.40,1458,0.037,6.430,-2.399
0.40,1459,6.083,2.809,-10.312
0.40,1460,7.495,-3.672,-3.817
0.40,1461,-5.174,-3.405,-2.435
0.40,1462,5.441,1.317,-3.794
0.40,1463,-3.438,1.230,-2.451
0.40,1464,0.637,0.514,0.557
0.40,1465,-6.388,-5.381,-5.210
0.40,1466,-6.437,-8.471,-2.774
0.40,1467,-5.477,-3.008,-2.433
0.40,1468,-0.275,6.957,-2.430
0.40,1469,-6.411,-1.538,-2.708
0.40,1470,-2.305,7.890,-7.769
0.40,1471,8.858,8.045,-10.042
0.40,1472,-9.669,6.701,3.633
0.40,1473,-6.484,0.490,7.460
0.40,1474,-0.044,0.024,7.683
0.40,1475,2.002,-1.968,0.197
0.40,1476,-7.877,-6.245,-1.438
0.40,1477,5.019,-2.983,-2.446
0.40,1478,3.073,-1.713,2.612
0.40,1479,-9.232,-8.344,3.354
0.40,1480,-6.765,8.186,-10.332
0.40,1481,-0.092,9.750,5.741
0.40,1482,-8.589,9.609,-9.478
0.40,1483,-2.592,-1.593,2.603
0.40,1484,7.711,8.772,-2.475
0.40,1485,6.684,-7.174,-1.673
0.40,1486,-0.139,-0.008,7.680
0.40,1487,2.417,-1.533,2.582
0.40,1488,1.345,-1.721,5.948
0.40,1489,2.923,2.119,-2.447
0.40,1490,-0.389,-3.234,-2.449
0.40,1491,0.016,1.682,-4.631
0.40,1492,-0.081,7.148,-2.441
0.40,1493,-7.370,6.166,-5.431
0.40,1494,-1.874,-3.185,-2.483
0.40,1495,-8.768,-8.533,-10.098
0.40,1496,1.196,2.074,6.707
0.40,1497,0.860,2.840,5.207
0.40,1498,-7.945,-0.635,-5.305
0.40,1499,2.844,0.594,5.683
0.40,1500,-2.872,2.107,-2.453
0.40,1501,-3.203,-2.584,7.868
0.40,1502,7.877,-6.201,6.607
0.40,1503,-9.411,8.080,-5.569
0.40,1504,3.192,1.910,-2.438
0.40,1505,-7.311,4.113,4.313
0.40,1506,-7.605,-1.539,0.281
0.40,1507,-5.103,-2.855,-2.434
0.40,1508,-9.417,9.307,0.292
0.40,1509,1.801,-3.235,-2.494
0.40,1510,6.012,8.822,-1.991
0.40,1511,-2.572,6.676,3.341
0.40,1512,8.086,-3.213,7.675
0.40,1513,-3.039,-1.779,2.617
0.40,1514,-4.942,6.421,-6.030
0.40,1515,-5.898,2.832,-9.958
0.40,1516,-0.247,-3.257,-2.448
0.40,1517,-6.112,6.089,9.481
0.40,1518,9.686,8.114,-5.261
0.40,1519,-5.639,6.833,-9.192
0.40,1520,5.355,-2.975,-2.443
0.40,1521,8.701,0.439,-6.855
0.40,1522,-4.433,-3.425,-2.447
0.40,1523,5.091,-3.420,-2.449
0.40,1524,-5.485,-2.387,-2.455
0.40,1525,-2.804,2.190,-2.456
0.40,1526,0.130,2.931,2.605
0.40,1527,7.448,-5.353,4.717
0.40,1528,5.045,-1.801,-2.301
0.40,1529,6.529,-2.019,3.593
0.40,1530,3.571,-4.175,3.209
0.40,1531,-9.293,-8.710,0.677
0.40,1532,4.674,-7.241,2.687
0.40,1533,-1.938,-7.993,-7.402
0.40,1534,-3.709,5.949,1.621
0.40,1535,6.969,-5.262,-6.186
0.40,1536,-8.059,-4.527,-10.489
0.40,1537,3.028,1.994,-2.442
0.40,1538,-0.028,2.728,2.599
0.40,1539,6.577,-4.594,-1.865
0.40,1540,-4.143,-0.903,7.218
0.40,1541,-2.908,2.063,-2.451
0.40,1542,-3.303,-4.420,-2.521
0.40,1543,-0.088,0.029,7.682
0.40,1544,-7.753,6.695,-0.950
0.40,1545,-2.884,2.091,-2.452
0.40,1546,-5.292,2.958,1.486
0.40,1547,-2.901,2.070,-2.451
0.40,1548,-1.060,4.681,2.146
0.40,1549,-1.013,-0.535,-2.488
0.40,1550,-8.387,7.502,9.565
0.40,1551,3.024,1.975,-2.442
0.40,1552,-2.500,7.009,-1.892
0.40,1553,-1.551,-6.951,-5.915
0.40,1554,9.693,1.027,5.107
0.40,1555,6.338,2.699,-5.513
0.40,1556,1.111,6.419,1.844
0.40,1557,-2.666,-1.587,2.605
0.40,1558,-6.783,0.638,-10.544
0.40,1559,-3.132,2.599,-2.465
0.40,1560,-2.891,2.083,-2.452
0.40,1561,-6.048,-4.008,2.646
0.40,1562,3.807,-3.276,2.616
0.40,1563,-0.105,2.859,2.603
0.40,1564,-7.658,-5.865,-10.985
0.40,1565,0.484,-3.192,-2.454
0.40,1566,-4.907,-2.857,-2.440
0.40,1567,-2.241,8.584,1.628
0.40,1568,0.038,6.185,-2.399
0.40,1569,-6.191,-4.810,-2.031
0.40,1570,-4.254,-4.681,1.892
0.40,1571,2.798,-6.639,-6.343
0.40,1572,-0.127,-0.440,7.659
0.40,1573,-2.870,4.891,5.995
0.40,1574,5.085,2.082,-1.987
0.40,1575,-2.261,1.447,-2.465
0.40,1576,-0.480,6.039,-2.415
0.40,1577,-2.885,2.090,-2.452
0.40,1578,9.013,8.195,-0.629
0.40,1579,-4.023,-5.159,-10.862
0.40,1580,-0.124,2.816,2.600
0.40,1581,-8.769,4.612,-1.456
0.40,1582,-0.063,-3.245,-2.447
0.40,1583,0.024,2.710,2.598
0.40,1584,-5.036,-7.587,-5.712
0.40,1585,1.777,-9.398,5.385
0.40,1586,-5.250,-2.920,-2.434
0.40,1587,3.277,1.481,0.749
0.40,1588,-8.088,4.065,-4.644
0.40,1589,-2.325,2.423,-2.495
0.40,1590,-2.560,-1.576,2.602
0.40,1591,-5.207,-8.396,-5.245
0.40,1592,-6.267,3.708,-0.500
0.40,1593,1.072,5.092,5.514
0.40,1594,-6.972,2.002,5.772
0.40,1595,-6.906,3.867,-6.137
0.40,1596,-7.743,-7.460,-4.075
0.40,1597,-9.065,4.249,0.220
0.40,1598,-0.008,3.281,2.619
0.40,1599,-1.365,3.133,2.584
0.40,1600,-6.755,1.297,1.942
0.40,1601,-3.049,2.214,-2.448
0.40,1602,-2.554,-1.575,2.602
0.40,1603,0.085,-3.151,-2.453
0.40,1604,-7.053,9.050,3.213
0.40,1605,-6.768,8.117,-0.570
0.40,1606,-3.328,8.814,-9.854
0.40,1607,5.062,-2.939,-2.446
0.40,1608,5.322,-3.082,-2.441
0.40,1609,-1.690,2.377,-2.542
0.40,1610,-2.901,2.071,-2.451
0.40,1611,5.943,5.544,7.594
0.40,1612,8.151,-2.925,-2.404
0.40,1613,-9.528,-7.369,-9.494
0.40,1614,-0.050,3.004,2.612
0.40,1615,-8.828,5.202,2.515
0.40,1616,3.560,1.437,0.080
0.40,1617,-0.081,0.077,7.681
0.40,1618,-0.009,2.769,2.602
0.40,1619,9.730,1.877,-0.137
0.40,1620,-5.927,-8.170,9.021
0.40,1621,0.023,6.659,-2.406
0.40,1622,0.176,5.848,-2.407
0.40,1623,4.500,-0.559,-4.871
0.40,1624,4.948,-1.413,7.377
0.40,1625,-1.009,-8.255,-5.271
0.40,1626,7.468,4.411,-8.642
0.40,1627,6.871,6.649,7.439
0.40,1628,-2.800,3.885,-3.411
0.40,1629,2.250,-2.754,6.395
0.40,1630,2.486,-1.541,2.588
0.40,1631,-5.337,-3.491,-2.439
0.40,1632,5.143,-2.994,-2.444
0.40,1633,-5.496,-2.945,-2.435
0.40,1634,0.091,5.614,-2.416
0.40,1635,0.020,1.749,-4.235
0.40,1636,-0.563,-3.263,-2.449
0.40,1637,-3.066,-4.760,7.383
0.40,1638,-3.779,8.181,-1.749
0.40,1639,1.613,-9.480,9.886
0.40,1640,-0.073,-3.245,-2.447
0.40,1641,-8.246,-2.912,-10.057
0.40,1642,0.812,3.018,5.687
0.40,1643,-5.234,-2.911,-2.434
0.40,1644,2.940,-4.762,-7.191
0.40,1645,1.431,-3.295,-2.478
0.40,1646,9.198,-4.974,5.372
0.40,1647,-2.991,1.956,-2.438
0.40,1648,-5.057,7.170,-3.681
0.40,1649,3.011,2.021,-2.443
0.40,1650,-0.118,-3.253,-2.447
0.40,1651,5.831,3.258,-1.822
0.40,1652,-0.042,2.550,2.589
0.40,1653,-0.199,-8.453,0.545
0.40,1654,1.236,6.384,-2.487
0.40,1655,-9.438,0.170,-1.453
0.40,1656,1.809,-6.935,4.141
0.40,1657,-3.945,4.769,-8.154
0.40,1658,1.449,-7.369,-5.877
0.40,1659,4.389,-2.748,-2.481
0.40,1660,2.778,2.367,-2.451
0.40,1661,-2.362,7.247,-11.029
0.40,1662,1.685,-9.429,-9.203
0.40,1663,7.488,8.603,-0.070
0.40,1664,-7.067,2.535,5.713
0.40,1665,3.872,0.993,3.858
0.40,1666,8.776,-3.166,-2.295
0.40,1667,1.943,0.903,-6.309
0.40,1668,-0.653,-3.520,-2.415
0.40,1669,-3.944,0.398,-2.495
0.40,1670,-0.016,2.770,2.602
0.40,1671,-4.088,2.384,-7.592
0.40,1672,2.175,3.633,7.453
0.40,1673,-6.963,-5.592,-5.353
0.40,1674,3.014,-9.748,2.959
0.40,1675,2.557,-1.549,2.594
0.40,1676,-7.212,4.310,-10.312
0.40,1677,-0.026,2.739,2.600
0.40,1678,-6.574,8.905,2.411
0.40,1679,-2.229,-0.653,3.119
0.40,1680,-7.339,7.689,-7.598
0.40,1681,8.537,9.356,5.118
0.40,1682,-2.508,7.354,3.729
0.40,1683,-2.200,2.463,-2.578
0.40,1684,-2.634,-1.614,2.604
0.40,1685,-6.951,5.950,0.505
0.40,1686,7.987,-7.022,-4.596
0.40,1687,9.730,-7.554,-0.936
0.40,1688,-0.020,2.815,2.604
0.40,1689,-0.013,2.729,2.600
0.40,1690,-4.612,3.093,-5.722
0.40,1691,2.825,2.235,-2.450
0.40,1692,-7.937,-6.989,-0.276
0.40,1693,7.108,-7.487,2.064
0.40,1694,-9.368,-1.118,-2.625
0.40,1695,-2.971,8.487,7.378
0.40,1696,-7.673,-2.843,-3.795
0.40,1697,4.720,3.388,-9.917
0.40,1698,-7.612,-8.895,3.251
0.40,1699,7.719,9.991,8.774
0.40,1700,-0.011,2.701,2.598
0.40,1701,2.920,-2.212,2.584
0.40,1702,-0.046,0.070,7.682
0.40,1703,3.499,-7.308,4.785
0.40,1704,5.500,-8.727,-7.634
0.40,1705,-7.678,3.758,-1.804
0.40,1706,-0.025,2.788,2.602
0.40,1707,-0.059,6.996,-2.425
0.40,1708,-1.918,-8.355,9.212
0.40,1709,-0.038,-3.242,-2.447
0.40,1710,0.383,7.179,-2.448
0.40,1711,3.024,1.998,-2.442
0.40,1712,7.994,0.172,-0.871
0.40,1713,9.130,-7.969,7.772
0.40,1714,-4.585,-5.246,8.055
0.40,1715,-0.019,2.731,2.600
0.40,1716,-2.545,-4.617,7.335
0.40,1717,2.766,-1.460,2.625
0.40,1718,6.837,-9.482,-9.100
0.40,1719,-1.771,-8.493,7.163
0.40,1720,3.594,6.766,-9.214
0.40,1721,-5.723,2.652,3.644
0.40,1722,-9.454,-3.153,8.617
0.40,1723,-3.279,1.028,-2.461
0.40,1724,4.121,9.022,-4.838
0.40,1725,-5.153,-2.965,-2.432
0.40,1726,-8.941,-7.409,-11.268
0.40,1727,0.689,-0.236,7.648
0.40,1728,-7.037,-0.310,-8.733
0.40,1729,-5.032,-2.965,-2.433
0.40,1730,1.112,-3.095,-2.479
0.40,1731,-3.226,1.343,1.873
0.40,1732,-3.443,7.901,-4.379
0.40,1733,5.610,-4.976,-9.403
0.40,1734,8.997,-4.799,2.386
0.40,1735,-0.487,3.140,2.601
0.40,1736,-9.916,2.800,7.298
0.40,1737,4.556,-8.362,4.127
0.40,1738,-5.068,8.557,-3.340
0.40,1739,-0.389,-0.290,7.657
0.40,1740,-0.063,0.037,7.682
0.40,1741,2.616,-1.565,2.595
0.40,1742,-2.920,2.047,-2.450
0.40,1743,0.094,6.623,-2.407
0.40,1744,-8.350,-8.939,-5.994
0.40,1745,-0.016,2.706,2.598
0.40,1746,6.295,1.197,7.155
0.40,1747,3.184,1.455,-2.448
0.40,1748,7.187,-6.155,-9.045
0.40,1749,-0.019,2.752,2.601
0.40,1750,0.652,-3.131,-2.462
0.40,1751,9.510,-9.333,-2.682
0.40,1752,9.398,-8.630,-10.083
0.40,1753,0.033,6.427,-2.399
0.40,1754,-1.980,-1.035,5.511
0.40,1755,-9.699,0.526,1.058
0.40,1756,-7.329,2.083,-2.009
0.40,1757,5.360,4.013,3.205
0.40,1758,2.745,-1.647,2.600
0.40,1759,-9.035,-1.443,-7.850
0.40,1760,0.004,6.460,-2.399
0.40,1761,-5.888,-2.445,-1.820
0.40,1762,3.304,-1.799,2.611
0.40,1763,-0.965,1.686,-7.763
0.40,1764,-3.356,-2.726,7.841
0.40,1765,0.025,6.433,-2.399
0.40,1766,-5.189,-2.948,-2.432
0.40,1767,-5.218,-2.955,-2.433
0.40,1768,8.126,-7.775,6.256
0.40,1769,-9.015,-4.441,2.626
0.40,1770,3.042,1.982,-2.441
0.40,1771,-4.067,1.198,1.647
0.40,1772,8.982,-7.202,-7.823
0.40,1773,3.737,-2.756,1.992
0.40,1774,9.305,3.420,6.319
0.40,1775,7.992,4.224,-7.723
0.40,1776,1.415,4.953,-2.489
0.40,1777,5.609,-5.581,-6.395
0.40,1778,-8.532,-7.827,-8.021
0.40,1779,-5.317,-3.101,-2.430
0.40,1780,6.049,-7.631,-0.404
0.40,1781,7.453,-3.966,2.087
0.40,1782,2.714,-1.632,2.599
0.40,1783,-6.619,-7.877,-1.735
0.40,1784,-1.744,-4.979,-10.296
0.40,1785,-2.836,2.150,-2.455
0.40,1786,-0.459,-8.891,3.180
0.40,1787,-0.994,-4.338,3.648
0.40,1788,-0.316,-6.376,7.245
0.40,1789,-4.338,5.162,5.462
0.40,1790,9.207,-0.137,4.447
0.40,1791,0.163,6.478,-2.404
0.40,1792,0.180,6.755,-2.416
0.40,1793,2.908,2.083,-2.447
0.40,1794,-2.848,4.664,2.757
0.40,1795,2.953,2.083,-2.446
0.40,1796,-1.927,-3.189,8.758
0.40,1797,-2.612,-1.603,2.603
0.40,1798,0.088,6.563,-2.405
0.40,1799,-0.088,0.087,7.680
0.40,1800,-5.553,-1.317,2.873
0.40,1801,3.143,-2.124,2.600
0.40,1802,-6.822,4.935,-7.803
0.40,1803,8.466,-9.127,7.559
0.40,1804,-4.719,7.198,9.318
0.40,1805,-1.734,-9.589,-7.466
0.40,1806,-2.576,-1.566,2.602
0.40,1807,9.939,7.669,-6.165
0.40,1808,2.562,-1.578,2.594
0.40,1809,0.279,-0.104,7.671
0.40,1810,-1.999,-1.910,2.336
0.40,1811,7.563,-0.756,-5.500
0.40,1812,2.204,-4.878,0.743
0.40,1813,-0.029,-3.272,-2.446
0.40,1814,-0.058,0.034,7.683
0.40,1815,8.116,5.668,1.166
0.40,1816,-9.335,6.569,-7.194
0.40,1817,5.563,-2.999,-2.440
0.40,1818,-0.350,-7.213,7.092
0.40,1819,0.090,2.471,2.579
0.40,1820,3.313,4.793,-3.892
0.40,1821,1.045,-3.278,-2.466
0.40,1822,7.265,-1.789,2.232
0.40,1823,7.205,8.710,-8.391
0.40,1824,8.590,6.208,-8.707
0.40,1825,-8.571,0.094,-7.775
0.40,1826,6.649,-6.008,7.926
0.40,1827,-0.018,2.740,2.600
0.40,1828,-6.198,0.712,-4.356
0.40,1829,-0.016,2.675,2.597
0.40,1830,5.092,-2.990,-2.444
0.40,1831,-3.863,-3.377,8.920
0.40,1832,5.099,-3.013,-2.443
0.40,1833,0.046,1.665,-7.744
0.40,1834,-5.349,2.711,-5.234
0.40,1835,-1.090,-1.997,-7.421
0.40,1836,2.738,-1.802,2.601
0.40,1837,-5.450,8.751,-10.075
0.40,1838,5.708,2.710,-10.648
0.40,1839,-4.562,9.025,-2.645
0.40,1840,-0.384,3.331,2.603
0.40,1841,-5.755,-2.959,-2.442
0.40,1842,-8.930,4.477,-10.251
0.40,1843,-2.889,2.088,-2.452
0.40,1844,-0.023,2.764,2.601
0.40,1845,-5.634,8.322,-6.175
0.40,1846,-4.739,-0.529,5.578
0.40,1847,4.871,-3.626,7.145
0.40,1848,-3.334,7.162,7.615
0.40,1849,-1.372,7.126,-6.476
0.40,1850,-0.574,-4.743,-2.478
0.40,1851,-0.773,1.952,0.737
0.40,1852,-0.257,-3.252,-2.448
0.40,1853,-1.839,1.899,-2.418
0.40,1854,2.709,-9.170,-2.024
0.40,1855,2.623,-1.679,2.596
0.40,1856,-0.664,5.394,6.384
0.40,1857,-5.343,1.144,7.264
0.40,1858,-2.490,1.894,-2.477
0.40,1859,-0.455,3.489,5.972
0.40,1860,2.447,-1.060,2.567
0.40,1861,-0.373,3.588,2.949
0.40,1862,4.980,-2.985,-2.448
0.40,1863,2.584,-1.948,2.710
0.40,1864,-0.058,0.038,7.683
0.40,1865,-0.062,6.673,-2.409
0.40,1866,-0.047,2.961,2.610
0.40,1867,5.132,-8.250,-6.491
0.40,1868,-2.741,5.737,9.640
0.40,1869,-6.943,6.670,7.086
0.40,1870,5.547,-0.270,6.444
0.40,1871,-2.544,-1.572,2.602
0.40,1872,0.067,6.211,-2.399
0.40,1873,-0.154,-0.226,7.669
0.40,1874,0.101,2.542,2.586
0.40,1875,2.718,-1.622,2.599
0.40,1876,5.796,7.976,-1.528
0.40,1877,3.095,1.874,-2.440
0.40,1878,0.439,2.932,2.591
0.40,1879,-1.896,-1.906,3.180
0.40,1880,0.069,0.158,7.679
0.40,1881,2.697,-1.630,2.598
0.40,1882,-2.949,-2.999,3.886
0.40,1883,-4.968,6.846,-1.178
0.40,1884,-2.897,2.076,-2.451
0.40,1885,-5.430,-2.969,-2.434
0.40,1886,0.025,6.385,-2.397
0.40,1887,0.285,2.993,2.600
0.40,1888,-0.928,1.706,-1.668
0.40,1889,9.872,-5.667,2.491
0.40,1890,5.151,-3.024,-2.443
0.40,1891,5.207,3.464,-3.611
0.40,1892,2.650,-9.762,7.320
0.40,1893,-1.159,-5.373,3.323
0.40,1894,-0.006,2.635,2.595
0.40,1895,8.918,-8.172,6.881
0.40,1896,-0.018,2.711,2.599
0.40,1897,5.193,8.220,1.692
0.40,1898,7.957,8.884,2.683
0.40,1899,7.833,-0.118,4.402
0.40,1900,7.702,-2.281,5.381
0.40,1901,-0.590,-3.263,-2.449
0.40,1902,-5.571,-3.492,-2.444
0.40,1903,9.332,-1.429,-5.040
0.40,1904,6.998,1.597,-4.478
0.40,1905,6.521,8.546,0.404
0.40,1906,-0.018,2.747,2.600
0.40,1907,-0.207,-1.663,-7.286
0.40,1908,-5.108,-2.946,-2.432
0.40,1909,5.516,-3.025,-2.441
0.40,1910,-9.430,-1.044,4.910
0.40,1911,6.823,9.021,1.691
0.40,1912,-3.518,-2.049,2.594
0.40,1913,-3.619,-9.739,4.092
0.40,1914,4.221,-4.754,7.407
0.40,1915,0.041,6.370,-2.397
0.40,1916,-5.212,-2.929,-2.433
0.40,1917,-5.641,-7.649,-6.500
0.40,1918,1.878,-7.033,8.974
0.40,1919,7.140,-2.868,-3.094
0.40,1920,6.153,-5.110,7.747
0.40,1921,-0.675,-1.510,-8.006
0.40,1922,-3.120,1.893,-2.439
0.40,1923,5.469,-6.214,7.329
0.40,1924,3.192,1.767,-2.441
0.40,1925,-1.172,8.568,5.719
0.40,1926,0.036,6.410,-2.398
0.40,1927,0.026,-3.272,-2.447
0.40,1928,4.005,-9.358,-1.421
0.40,1929,0.369,5.441,-2.430
0.40,1930,2.463,-0.667,1.889
0.40,1931,-3.453,-3.661,1.302
0.40,1932,-5.182,-2.944,-2.433
0.40,1933,0.448,-3.401,-2.448
0.40,1934,-7.253,6.324,1.011
0.40,1935,6.678,0.265,-2.040
0.40,1936,-6.664,-0.739,-0.270
0.40,1937,-2.871,2.133,-2.453
0.40,1938,-0.064,0.076,7.681
0.40,1939,1.869,3.425,2.165
0.40,1940,-6.558,9.081,9.937
0.40,1941,-3.003,1.922,-2.444
0.40,1942,-1.195,4.375,4.805
0.40,1943,6.323,9.311,8.678
0.40,1944,1.710,-7.138,7.249
0.40,1945,-6.635,-2.418,-2.498
0.40,1946,-7.880,7.332,-9.286
0.40,1947,2.892,2.142,-2.448
0.40,1948,-2.774,2.239,-2.458
0.40,1949,-2.614,-1.603,2.604
0.40,1950,3.256,-7.597,-5.523
0.40,1951,4.686,-1.833,2.689
0.40,1952,6.972,8.902,6.111
0.40,1953,7.625,4.117,5.459
0.40,1954,2.846,1.291,0.450
0.40,1955,6.968,-5.374,-4.490
0.40,1956,6.576,-4.885,9.749
0.40,1957,0.359,3.359,5.599
0.40,1958,-5.311,-2.977,-2.433
0.40,1959,-8.998,-8.468,-2.487
0.40,1960,-5.305,-2.994,-2.432
0.40,1961,5.143,-2.972,-2.444
0.40,1962,8.575,1.494,0.252
0.40,1963,-5.599,-3.571,-2.368
0.40,1964,-4.461,9.301,-4.428
0.40,1965,7.376,9.760,-0.018
0.40,1966,-1.036,4.991,7.886
0.40,1967,-3.006,7.451,7.097
0.40,1968,9.913,-8.494,2.752
0.40,1969,9.737,-7.729,3.371
0.40,1970,-5.744,8.225,-6.128
0.40,1971,8.139,-5.220,3.604
0.40,1972,2.969,-9.329,5.989
0.40,1973,-2.679,-1.636,2.605
0.40,1974,9.718,-8.516,-6.679
0.40,1975,-7.951,2.045,-8.372
0.40,1976,-0.087,6.771,-2.413
0.40,1977,-7.064,-7.375,5.185
0.40,1978,-0.178,-5.382,5.832
0.40,1979,-3.602,2.819,3.114
0.40,1980,5.517,-3.871,-2.478
0.40,1981,2.933,5.371,7.264
0.40,1982,-0.043,0.038,7.683
0.40,1983,-2.825,2.182,-2.455
0.40,1984,2.824,2.230,-2.450
0.40,1985,1.647,6.336,7.729
0.40,1986,-5.223,0.316,6.777
0.40,1987,9.309,5.259,3.653
0.40,1988,6.931,-4.513,4.801
0.40,1989,-5.051,4.520,0.389
0.40,1990,-2.891,1.642,-2.458
0.40,1991,-4.990,-2.957,-2.434
0.40,1992,-0.681,4.449,5.445
0.40,1993,-2.746,-1.134,6.384
0.40,1994,9.121,7.261,-0.268
0.40,1995,2.979,2.052,-2.444
0.40,1996,-8.991,5.391,-3.391
0.40,1997,-8.639,-1.361,2.319
0.40,1998,-6.532,4.794,6.941
0.40,1999,-7.250,-6.608,-10.349
0.40,2000,9.072,-7.682,7.418
0.40,2001,-5.117,-2.938,-2.432
0.40,2002,5.076,1.996,-7.380
0.40,2003,-7.006,-1.390,2.797
0.40,2004,4.166,-4.129,2.798
0.40,2005,-3.198,-3.117,-2.496
0.40,2006,1.921,-6.952,-4.910
0.40,2007,-0.055,0.045,7.683
0.40,2008,-7.848,6.883,8.362
0.40,2009,-8.390,5.897,2.358
0.40,2010,3.025,1.996,-2.442
0.40,2011,-5.103,-1.885,2.615
0.40,2012,1.439,2.499,-2.870
0.40,2013,0.277,-3.226,-2.451
0.40,2014,5.391,8.750,-0.083
0.40,2015,-8.768,5.266,-0.383
0.40,2016,0.287,-1.467,-2.519
0.40,2017,0.519,-3.794,9.908
0.40,2018,0.051,6.235,-2.398
0.40,2019,0.017,2.576,2.592
0.40,2020,2.457,2.000,-2.472
0.40,2021,6.344,-4.335,6.400
0.40,2022,-2.874,2.104,-2.453
0.40,2023,6.485,2.935,-9.389
0.40,2024,-4.717,4.942,1.590
0.40,2025,4.561,1.337,-6.166
0.40,2026,9.944,-6.670,2.585
0.40,2027,2.248,-2.461,1.896
0.40,2028,5.118,-2.953,-2.445
0.40,2029,3.042,1.973,-2.441
0.40,2030,3.683,1.646,-2.459
0.40,2031,7.996,-1.397,1.221
0.40,2032,-4.392,3.114,5.562
0.40,2033,-5.202,0.686,-2.191
0.40,2034,-6.245,5.906,-9.203
0.40,2035,-0.110,8.653,-0.342
0.40,2036,2.781,-1.603,2.601
0.40,2037,-5.137,-2.948,-2.432
0.40,2038,-2.387,-1.468,2.588
0.40,2039,-2.040,6.813,-6.704
0.40,2040,-0.360,-3.391,-2.444
0.40,2041,7.913,1.407,-2.490
0.40,2042,-0.901,-8.679,2.918
0.40,2043,-3.407,-3.113,-2.489
0.40,2044,9.287,6.555,4.981
0.40,2045,2.686,-1.620,2.598
0.40,2046,2.969,2.054,-2.445
0.40,2047,-5.079,-3.014,-2.430
0.40,2048,-0.327,5.653,-2.420
0.40,2049,1.239,-3.261,6.936
0.40,2050,-5.269,-2.650,-2.387
0.40,2051,8.661,-1.168,-10.931
0.40,2052,1.506,2.385,7.196
0.40,2053,9.235,8.347,-6.357
0.40,2054,-0.865,8.393,-2.553
0.40,2055,4.283,-5.455,3.105
0.40,2056,2.798,9.207,-4.930
0.40,2057,-6.110,-3.891,-2.548
0.40,2058,-0.063,0.074,7.682
0.40,2059,-0.185,5.437,8.616
0.40,2060,-0.134,0.304,7.673
0.40,2061,-6.995,-9.126,2.619
0.40,2062,-2.904,2.072,-2.451
0.40,2063,-4.383,-1.346,7.669
0.40,2064,-3.880,8.622,7.834
0.40,2065,-0.016,2.714,2.599
0.40,2066,5.801,7.504,-5.709
0.40,2067,-0.236,-3.251,-2.448
0.40,2068,1.014,-5.276,-7.191
0.40,2069,-0.042,3.004,2.612
0.40,2070,-2.372,1.920,-2.494
0.40,2071,-0.410,0.206,7.665
0.40,2072,-0.948,-0.864,-1.167
0.40,2073,1.109,0.772,1.927
0.40,2074,-9.621,5.594,-7.191
0.40,2075,-4.071,-5.181,7.480
0.40,2076,-9.183,2.233,-5.752
0.40,2077,-0.214,-3.243,-2.448
0.40,2078,-0.019,2.725,2.599
0.40,2079,-9.389,-0.819,-3.755
0.40,2080,-4.774,3.311,7.761
0.40,2081,-0.014,6.505,-2.401
0.40,2082,7.378,6.363,3.682
0.40,2083,-0.156,6.639,-2.411
0.40,2084,-7.752,-3.298,-6.775
0.40,2085,5.028,-2.953,-2.447
0.40,2086,-4.868,-2.964,-2.438
0.40,2087,-0.008,2.808,2.604
0.40,2088,-2.884,-1.829,2.612
0.40,2089,4.691,-1.595,6.790
0.40,2090,-5.304,-2.975,-2.433
0.40,2091,4.617,7.821,-0.704
0.40,2092,9.403,0.901,-2.271
0.40,2093,6.905,-0.515,-1.023
0.40,2094,-2.895,-1.340,5.967
0.40,2095,-5.400,-6.711,-7.395
0.40,2096,3.509,3.674,4.899
0.40,2097,2.680,-1.600,2.598
0.40,2098,-0.096,-3.244,-2.448
0.40,2099,-1.182,-3.271,-2.460
0.40,2100,6.695,-5.855,-6.993
0.40,2101,-5.624,-2.972,-2.436
0.40,2102,4.922,6.412,0.264
0.40,2103,-5.531,7.180,-1.064
0.40,2104,7.406,0.364,-4.259
0.40,2105,-5.272,-3.599,-2.429
0.40,2106,7.840,-2.076,-7.310
0.40,2107,2.180,1.950,-0.174
0.40,2108,9.718,7.565,5.207
0.40,2109,8.369,1.351,-7.737
0.40,2110,-0.305,-1.852,7.396
0.40,2111,1.864,1.206,-0.639
0.40,2112,-0.006,2.808,2.604
0.40,2113,0.005,7.773,1.489
0.40,2114,7.204,-8.006,-0.076
0.40,2115,-9.301,-0.795,-5.347
0.40,2116,8.489,-1.719,-1.663
0.40,2117,-0.124,-3.238,-2.448
0.40,2118,-9.026,-2.150,-10.440
0.40,2119,-2.689,-1.650,2.606
0.40,2120,-7.774,-2.209,8.622
0.40,2121,-5.284,-5.030,7.625
0.40,2122,-0.388,-3.256,-2.448
0.40,2123,-1.055,-1.931,7.520
0.40,2124,-5.391,-2.786,-2.438
0.40,2125,5.453,2.560,-8.231
0.40,2126,-8.717,7.371,-0.267
0.40,2127,-0.035,6.173,-2.400
0.40,2128,-0.056,0.067,7.682
0.40,2129,-2.181,8.557,-5.714
0.40,2130,-0.039,-2.414,-0.998
0.40,2131,6.098,-3.598,-2.472
0.40,2132,3.220,-8.919,-9.719
0.40,2133,0.029,-1.526,7.491
0.40,2134,-3.773,5.168,3.148
0.40,2135,4.111,2.600,3.133
0.40,2136,-2.773,-1.640,2.608
0.40,2137,-7.595,-1.148,0.028
0.40,2138,-0.052,0.148,7.680
0.40,2139,-0.008,6.229,-2.398
0.40,2140,4.902,-0.774,7.768
0.40,2141,8.348,-1.694,-2.570
0.40,2142,-1.617,3.244,-2.487
0.40,2143,9.696,-5.857,1.828
0.40,2144,0.989,-2.765,3.157
0.40,2145,-2.773,-1.675,2.608
0.40,2146,5.817,4.476,-4.831
0.40,2147,-7.403,0.680,2.381
0.40,2148,2.859,2.193,-2.449
0.40,2149,3.548,6.784,-6.641
0.40,2150,1.269,9.536,6.776
0.40,2151,2.665,-1.431,2.596
0.40,2152,1.325,-4.781,2.217
0.40,2153,2.591,2.761,6.576
0.40,2154,8.441,-6.764,5.238
0.40,2155,-1.694,4.680,7.591
0.40,2156,2.881,2.204,-2.449
0.40,2157,-0.069,6.569,-2.405
0.40,2158,-2.839,2.148,-2.455
0.40,2159,-0.013,2.747,2.601
0.40,2160,9.596,9.936,3.552
0.40,2161,-2.974,-0.798,6.555
0.40,2162,-3.915,-2.815,-1.600
0.40,2163,-2.765,1.332,6.600
0.40,2164,-1.286,-1.514,-7.743
0.40,2165,-2.636,-6.742,-8.493
0.40,2166,-3.000,1.904,-2.445
0.40,2167,-1.064,1.355,-1.754
0.40,2168,8.413,-8.535,-0.964
0.40,2169,-4.967,-0.161,7.344
0.40,2170,-0.020,6.641,-2.406
0.40,2171,-1.854,-0.163,-3.040
0.40,2172,-8.249,4.857,3.775
0.40,2173,0.571,-3.136,-2.460
0.40,2174,0.028,-3.241,-2.448
0.40,2175,-0.824,0.876,-2.396
0.40,2176,0.252,-3.214,-2.451
0.40,2177,-4.945,-5.006,6.557
0.40,2178,5.328,-3.045,-2.441
0.40,2179,2.846,2.267,0.408
0.40,2180,0.497,-3.239,-2.453
0.40,2181,7.556,-0.486,-7.494
0.40,2182,-8.149,-1.248,2.267
0.40,2183,-2.852,-3.338,0.782
0.40,2184,-5.276,-9.583,-7.940
0.40,2185,-0.996,1.624,-2.628
0.40,2186,5.536,-5.664,-3.703
0.40,2187,-5.127,-2.923,-2.433
0.40,2188,1.752,2.647,5.487
0.40,2189,-0.068,2.469,2.580
0.40,2190,8.202,6.879,0.877
0.40,2191,6.137,1.835,-1.300
0.40,2192,3.911,5.863,-6.139
0.40,2193,-7.809,6.625,-6.251
0.40,2194,-0.583,-1.897,-7.343
0.40,2195,-0.335,5.257,1.767
0.40,2196,-8.852,3.840,-5.105
0.40,2197,-0.435,-4.131,-2.474
0.40,2198,-0.226,-3.251,-2.448
0.40,2199,2.071,-8.086,-5.708
0.40,2200,-0.644,3.468,2.589
0.40,2201,-9.846,9.006,6.181
0.40,2202,4.610,-8.734,-9.699
0.40,2203,4.721,9.084,1.774
0.40,2204,-4.607,2.517,-2.978
0.40,2205,2.763,2.289,-2.451
0.40,2206,-2.596,-1.596,2.603
0.40,2207,5.716,-3.230,-2.441
0.40,2208,2.994,2.036,-2.444
0.40,2209,7.585,7.983,-5.715
0.40,2210,-5.444,5.323,7.412
0.40,2211,-5.188,-2.930,-2.433
0.40,2212,-6.757,-4.276,-1.420
0.40,2213,-0.043,-0.003,7.684
0.40,2214,2.820,2.597,-2.457
0.40,2215,0.270,0.363,7.667
0.40,2216,4.728,0.185,2.594
0.40,2217,1.217,-2.482,-2.736
0.40,2218,-2.739,-2.871,2.969
0.40,2219,-0.056,-3.244,-2.447
0.40,2220,6.783,3.348,-8.231
0.40,2221,-2.893,2.074,-2.452
0.40,2222,-0.052,0.097,7.681
0.40,2223,5.157,-2.933,-2.445
0.40,2224,0.947,2.908,2.677
0.40,2225,-7.735,-4.443,-8.868
0.40,2226,5.134,-2.138,-2.478
0.40,2227,-7.865,-0.039,9.458
0.40,2228,-5.208,-2.936,-2.433
0.40,2229,-5.097,8.128,-1.070
0.40,2230,2.027,7.901,-4.386
0.40,2231,5.322,-8.191,-10.872
0.40,2232,-8.917,1.979,-8.242
0.40,2233,-4.519,-3.306,-2.436
0.40,2234,5.997,5.612,3.531
0.40,2235,-7.410,-1.054,1.641
0.40,2236,-0.033,-3.242,-2.447
0.40,2237,-0.523,-8.691,-0.323
0.40,2238,-5.416,-5.009,-0.778
0.40,2239,2.238,7.719,-9.049
0.40,2240,5.427,-0.321,-5.696
0.40,2241,-0.012,6.500,-2.401
0.40,2242,-2.674,-2.725,3.037
0.40,2243,-7.205,9.255,3.977
0.40,2244,-4.785,7.291,2.095
0.40,2245,3.211,1.726,-2.442
0.40,2246,0.207,3.565,2.605
0.40,2247,-6.864,1.166,6.369
0.40,2248,-3.217,1.601,-2.443
0.40,2249,-6.831,-1.109,-0.373
0.40,2250,6.990,-2.866,-2.356
0.40,2251,-2.146,8.538,2.861
0.40,2252,8.002,-7.297,-6.696
0.40,2253,5.916,4.369,-3.967
0.40,2254,1.858,6.065,2.050
0.40,2255,2.544,-5.278,8.355
0.40,2256,-6.601,-4.722,-2.746
0.40,2257,9.887,9.750,-1.585
0.40,2258,-0.109,0.038,7.681
0.40,2259,-2.775,5.337,3.937
0.40,2260,0.745,-4.066,-2.244
0.40,2261,-0.018,2.705,2.598
0.40,2262,-0.188,2.542,2.583
0.40,2263,-3.742,6.664,-6.555
0.40,2264,8.623,0.100,1.638
0.40,2265,-1.098,-2.208,-7.433
0.40,2266,0.037,6.802,-2.412
0.40,2267,-1.518,0.562,-5.850
0.40,2268,-0.015,2.753,2.601
0.40,2269,1.223,6.835,5.562
0.40,2270,3.100,1.900,-2.439
0.40,2271,-0.445,1.583,-4.901
0.40,2272,-2.298,2.609,4.817
0.40,2273,-8.044,6.427,0.906
0.40,2274,5.345,-6.276,-3.783
0.40,2275,2.093,-7.813,-5.110
0.40,2276,2.921,-1.808,2.608
0.40,2277,9.856,8.803,-4.699
0.40,2278,-2.747,-1.665,2.607
0.40,2279,-8.844,-7.743,-6.899
0.40,2280,-6.336,-9.800,5.042
0.40,2281,2.733,2.217,-2.452
0.40,2282,-0.016,2.744,2.600
0.40,2283,2.980,2.054,-2.444
0.40,2284,5.122,-3.015,-2.443
0.40,2285,-0.784,-1.068,0.049
0.40,2286,-0.136,-3.247,-2.448
0.40,2287,3.990,1.405,0.585
0.40,2288,6.692,-6.389,2.611
0.40,2289,-4.533,1.005,-0.880
0.40,2290,-2.511,-1.427,2.599
0.40,2291,0.167,5.011,-2.319
0.40,2292,0.534,5.381,-2.302
0.40,2293,5.669,0.972,-1.819
0.40,2294,-7.914,-0.433,-8.025
0.40,2295,8.335,-6.625,-8.358
0.40,2296,-1.255,-2.759,-3.225
0.40,2297,5.955,2.585,-10.529
0.40,2298,9.139,-9.195,-6.877
0.40,2299,7.587,-2.657,-3.569
0.40,2300,2.683,-1.602,2.598
0.40,2301,0.034,-7.377,-5.601
0.40,2302,5.437,-5.293,-6.144
0.40,2303,-0.127,7.315,-2.467
0.40,2304,8.209,-1.450,6.038
0.40,2305,-2.451,8.872,-6.477
0.40,2306,2.958,-7.211,-1.456
0.40,2307,2.091,4.781,-6.093
0.40,2308,-2.679,1.099,9.256
0.40,2309,5.221,6.720,4.240
0.40,2310,5.798,7.074,3.831
0.40,2311,-2.506,-1.570,2.598
0.40,2312,3.008,-1.880,2.611
0.40,2313,-0.066,-3.236,-2.448
0.40,2314,2.946,2.085,-2.446
0.40,2315,-3.929,-2.504,2.504
0.40,2316,7.932,-5.222,-5.725
0.40,2317,-0.428,6.905,-2.388
0.40,2318,-4.671,-6.894,-6.468
0.40,2319,-4.651,2.551,-8.664
0.40,2320,-3.034,-0.833,-0.453
0.40,2321,-1.569,6.812,4.536
0.40,2322,1.752,-2.927,-2.523
0.40,2323,-3.101,6.493,4.031
0.40,2324,-2.292,-7.716,-9.504
0.40,2325,-4.988,-7.590,-5.704
0.40,2326,9.365,-5.742,6.003
0.40,2327,-2.632,-1.613,2.604
0.40,2328,0.177,5.457,-2.428
0.40,2329,-5.291,-6.390,5.577
0.40,2330,6.051,4.187,-7.900
0.40,2331,-2.704,-1.646,2.606
0.40,2332,-3.545,-5.094,-10.267
0.40,2333,-1.958,3.826,-2.529
0.40,2334,-5.294,9.988,6.178
0.40,2335,-5.194,-2.938,-2.433
0.40,2336,1.923,-8.964,-1.202
0.40,2337,-0.406,6.819,-2.428
0.40,2338,-9.683,-8.673,-10.308
0.40,2339,9.449,-5.285,-8.631
0.40,2340,0.260,-2.005,-2.502
0.40,2341,-0.262,-3.260,-2.448
0.40,2342,2.805,-1.806,2.603
0.40,2343,-2.148,-1.311,2.570
0.40,2344,0.438,-4.059,4.486
0.40,2345,7.330,0.456,-3.828
0.40,2346,0.202,2.327,2.697
0.40,2347,-2.930,7.353,0.636
0.40,2348,-2.861,-1.961,2.609
0.40,2349,-2.901,2.069,-2.451
0.40,2350,3.126,1.814,-2.440
0.40,2351,-2.364,-1.465,2.586
0.40,2352,-9.629,4.723,-3.398
0.40,2353,0.442,6.663,-2.421
0.40,2354,3.775,0.312,-2.511
0.40,2355,-5.151,9.810,-1.250
0.40,2356,-1.607,1.505,-0.355
0.40,2357,-8.910,-9.966,3.575
0.40,2358,2.398,-2.178,8.449
0.40,2359,5.007,-2.988,-2.447
0.40,2360,0.093,2.472,2.580
0.40,2361,-5.690,4.033,8.397
0.40,2362,0.952,5.182,1.820
0.40,2363,-0.018,2.725,2.599
0.40,2364,-8.027,5.881,-4.905
0.40,2365,-5.289,2.462,-0.832
0.40,2366,5.183,-3.015,-2.443
0.40,2367,-0.018,2.705,2.598
0.40,2368,-1.540,-7.936,7.649
0.40,2369,2.706,-1.627,2.599
0.40,2370,-2.462,-5.635,-7.446
0.40,2371,7.645,-2.470,5.961
0.40,2372,-5.022,-2.934,-2.434
0.40,2373,-9.479,7.369,-11.089
0.40,2374,5.370,-3.095,-2.440
0.40,2375,-5.109,-2.893,-2.433
0.40,2376,4.431,-1.848,4.695
0.40,2377,-0.280,-3.279,-2.433
0.40,2378,6.614,0.371,6.724
0.40,2379,2.997,2.032,-2.444
0.40,2380,-3.139,9.814,-0.763
0.40,2381,-2.757,-1.679,2.608
0.40,2382,2.853,2.198,-2.449
0.40,2383,3.387,-1.525,7.040
0.40,2384,3.111,-1.688,2.612
0.40,2385,4.302,-0.825,7.043
0.40,2386,-9.081,-4.171,6.540
0.40,2387,3.930,0.486,5.520
0.40,2388,-8.935,6.291,-6.357
0.40,2389,-0.132,5.306,-2.440
0.40,2390,-7.485,2.899,7.753
0.40,2391,-0.051,-3.323,1.503
0.40,2392,-1.163,3.902,-2.976
0.40,2393,-2.824,2.684,-0.271
0.40,2394,-0.016,2.698,2.598
0.40,2395,7.762,0.298,-1.781
0.40,2396,0.147,0.014,7.680
0.40,2397,-9.641,-6.869,-1.534
0.40,2398,0.225,-2.331,1.082
0.40,2399,9.150,2.570,-3.600
0.40,2400,0.823,-5.463,-4.917
0.40,2401,9.007,-8.033,-8.743
0.40,2402,-5.969,-4.679,-3.091
0.40,2403,-7.293,-8.573,-2.517
0.40,2404,-9.531,9.081,-7.819
0.40,2405,-5.713,-4.277,0.618
0.40,2406,3.737,7.471,5.263
0.40,2407,-3.640,0.475,-2.490
0.40,2408,2.652,-1.606,2.597
0.40,2409,-4.469,-1.187,0.573
0.40,2410,3.951,-0.879,2.476
0.40,2411,4.571,-7.652,-0.010
0.40,2412,0.417,7.436,7.917
0.40,2413,-0.021,2.773,2.602
0.40,2414,7.793,7.518,1.890
0.40,2415,-5.336,-2.729,-2.439
0.40,2416,6.979,-6.715,-5.919
0.40,2417,2.061,7.211,-2.590
0.40,2418,-0.180,-3.250,-2.448
0.40,2419,-2.873,2.104,-2.453
0.40,2420,6.057,2.920,9.339
0.40,2421,7.581,-0.566,-8.901
0.40,2422,-1.911,-8.986,2.923
0.40,2423,-0.027,2.778,2.602
0.40,2424,3.062,2.226,-2.445
0.40,2425,-8.081,6.686,-6.933
0.40,2426,6.673,-2.729,-2.686
0.40,2427,3.449,9.327,-3.292
0.40,2428,-1.710,1.474,-0.142
0.40,2429,2.824,8.149,-0.352
0.40,2430,-7.662,-9.979,4.887
0.40,2431,1.459,7.109,-2.247
0.40,2432,9.554,8.646,-1.679
0.40,2433,7.818,5.811,0.942
0.40,2434,-3.298,-9.344,-0.550
0.40,2435,8.066,-3.424,6.350
0.40,2436,7.314,2.087,-5.061
0.40,2437,2.376,2.762,2.881
0.40,2438,-4.990,-2.814,-2.439
0.40,2439,6.398,-2.593,6.002
0.40,2440,9.591,9.460,6.293
0.40,2441,1.559,2.717,7.361
0.40,2442,-6.087,-1.914,-2.527
0.40,2443,-0.065,-0.013,7.682
0.40,2444,5.674,-3.074,-2.440
0.40,2445,-7.495,7.210,-10.452
0.40,2446,7.868,7.749,-7.049
0.40,2447,6.757,-7.874,-5.697
0.40,2448,-1.008,-8.505,-11.371
0.40,2449,8.962,-6.833,-8.724
0.40,2450,6.223,-3.798,2.120
0.40,2451,-8.620,5.001,-1.540
0.40,2452,4.772,-3.443,-2.390
0.40,2453,1.371,0.353,5.115
0.40,2454,-0.040,0.070,7.682
0.40,2455,9.383,4.014,1.224
0.40,2456,-0.017,6.478,-2.400
0.40,2457,-4.898,-3.302,-2.435
0.40,2458,-4.481,-2.757,-2.443
0.40,2459,-2.126,-1.331,2.567
0.40,2460,-8.393,-2.607,-7.999
0.40,2461,-6.569,8.584,-10.081
0.40,2462,2.712,-1.629,2.599
0.40,2463,-2.808,3.045,1.423
0.40,2464,0.098,6.541,-2.405
0.40,2465,-7.383,4.084,4.929
0.40,2466,1.017,6.107,-2.451
0.40,2467,-9.101,2.928,-7.632
0.40,2468,0.176,7.319,-2.464
0.40,2469,5.635,7.452,9.628
0.40,2470,8.973,4.341,-3.605
0.40,2471,1.098,-0.898,7.320
0.40,2472,-5.263,-2.979,-2.432
0.40,2473,2.579,-1.519,2.594
0.40,2474,-2.796,2.194,-2.457
0.40,2475,-3.161,-2.114,2.604
0.40,2476,5.092,-2.819,-2.448
0.40,2477,-3.188,3.002,0.193
0.40,2478,-2.756,-1.670,2.608
0.40,2479,3.712,0.602,0.910
0.40,2480,-5.147,-2.934,-2.433
0.40,2481,0.017,6.810,-2.412
0.40,2482,-8.143,1.969,9.608
0.40,2483,-0.920,2.412,5.616
0.40,2484,8.107,-9.074,6.916
0.40,2485,-1.661,-3.100,6.761
0.40,2486,2.977,2.055,-2.445
0.40,2487,-8.647,-9.342,-7.346
0.40,2488,0.185,-3.227,-2.450
0.40,2489,-0.824,-0.890,5.353
0.40,2490,-2.840,-6.227,8.764
0.40,2491,-5.688,2.487,5.625
0.40,2492,2.698,-1.516,2.598
0.40,2493,1.941,-2.440,-1.413
0.40,2494,9.305,-5.423,8.328
0.40,2495,8.508,9.324,-0.723
0.40,2496,-0.127,3.788,2.597
0.40,2497,-3.733,6.868,9.373
0.40,2498,-2.113,-4.496,6.158
0.40,2499,-2.171,-7.195,2.004
0.40,2500,-6.434,-1.946,2.873
0.40,2501,2.069,-3.360,-2.496
0.40,2502,-8.574,6.026,-2.543
0.40,2503,2.602,-1.569,2.595
0.40,2504,-0.226,0.475,7.665
0.40,2505,7.924,-4.364,-2.919
0.40,2506,1.475,-4.588,-10.344
0.40,2507,-5.363,-2.744,-2.439
0.40,2508,2.181,7.618,4.949
0.40,2509,6.780,-9.286,5.377
0.40,2510,8.471,-9.345,6.313
0.40,2511,-9.199,2.818,-8.478
0.40,2512,4.860,-2.948,-2.453
0.40,2513,1.518,1.651,-0.163
0.40,2514,-5.485,3.510,-3.195
0.40,2515,-1.363,-2.065,2.167
0.40,2516,-0.000,2.806,2.604
0.40,2517,-8.519,8.699,3.966
0.40,2518,-8.314,-3.358,-3.415
0.40,2519,9.729,8.186,3.349
0.40,2520,-2.949,2.049,-2.449
0.40,2521,-0.042,-3.246,-2.447
0.40,2522,2.983,2.047,-2.444
0.40,2523,-2.900,2.075,-2.451
0.40,2524,0.012,2.964,2.611
0.40,2525,-9.810,8.872,9.405
0.40,2526,-5.129,2.726,-6.651
0.40,2527,-0.046,0.056,7.683
0.40,2528,-3.229,8.551,-7.188
0.40,2529,5.721,-3.077,-2.441
0.40,2530,8.134,4.593,-0.579
0.40,2531,-3.117,9.727,1.825
0.40,2532,8.321,4.076,5.901
0.40,2533,-8.422,6.403,-3.408
0.40,2534,-9.150,-5.505,-8.995
0.40,2535,-5.074,-3.261,0.087
0.40,2536,3.291,-4.176,1.964
0.40,2537,-2.599,1.715,-2.475
0.40,2538,-2.783,2.225,-2.457
0.40,2539,-5.700,3.464,8.912
0.40,2540,-2.855,-1.698,2.611
0.40,2541,9.929,-8.237,8.149
0.40,2542,7.680,-7.803,3.025
0.40,2543,3.960,-9.664,-4.062
0.40,2544,3.352,-1.780,2.608
0.40,2545,-2.264,2.911,4.281
0.40,2546,-8.199,4.170,-4.381
0.40,2547,-0.033,2.763,2.601
0.40,2548,-1.471,-1.188,-5.508
0.40,2549,3.754,-5.000,0.464
0.40,2550,9.430,-9.553,4.268
0.40,2551,-5.238,-2.902,-2.434
0.40,2552,-4.731,-8.375,-5.156
0.40,2553,2.862,2.187,-2.449
0.40,2554,1.397,8.088,-1.245
0.40,2555,6.674,-2.993,1.959
0.40,2556,4.028,7.753,-10.100
0.40,2557,8.116,-0.353,4.744
0.40,2558,0.659,-9.670,8.173
0.40,2559,-0.017,-3.248,-2.447
0.40,2560,2.959,2.081,-2.445
0.40,2561,5.718,2.088,-3.964
0.40,2562,-2.131,4.119,7.022
0.40,2563,2.707,-1.640,2.599
0.40,2564,-8.008,0.021,6.784
0.40,2565,-7.468,-7.947,-0.245
0.40,2566,-5.078,-2.930,-2.432
0.40,2567,0.044,6.183,-2.399
0.40,2568,6.438,9.288,4.481
0.40,2569,4.490,-7.166,5.042
0.40,2570,-4.008,-7.476,-9.571
0.40,2571,-1.357,-1.337,-4.730
0.40,2572,0.186,5.896,-2.407
0.40,2573,-0.016,1.791,2.217
0.40,2574,-8.245,5.600,8.635
0.40,2575,2.578,0.247,2.337
0.40,2576,2.957,2.078,-2.445
0.40,2577,-2.952,2.007,-2.448
0.40,2578,6.967,-2.608,9.603
0.40,2579,-6.628,-7.189,-10.693
0.40,2580,-5.456,-9.278,6.584
0.40,2581,0.238,8.174,-4.686
0.40,2582,1.374,6.918,-2.552
0.40,2583,-7.252,7.318,-6.827
0.40,2584,0.075,2.953,2.608
0.40,2585,2.760,2.159,-2.451
0.40,2586,6.766,-8.792,6.883
0.40,2587,0.697,-2.295,-2.433
0.40,2588,-2.909,2.062,-2.451
0.40,2589,2.681,-1.613,2.598
0.40,2590,5.559,-0.729,-2.786
0.40,2591,-9.198,2.021,3.734
0.40,2592,1.761,-0.749,2.763
0.40,2593,5.245,-3.048,-2.442
0.40,2594,4.942,-2.643,1.819
0.40,2595,2.424,-1.442,2.583
0.40,2596,6.558,-8.991,-0.569
0.40,2597,-2.895,2.078,-2.452
0.40,2598,-1.100,-9.280,-3.904
0.40,2599,1.314,-2.858,1.586
0.40,2600,0.066,-3.233,-2.448
0.40,2601,3.893,-7.273,5.717
0.40,2602,-0.060,-3.243,-2.447
0.40,2603,-3.782,-5.118,-6.551
0.40,2604,-0.090,-0.099,7.677
0.40,2605,-5.186,5.359,3.842
0.40,2606,-5.519,-3.185,-2.432
0.40,2607,-4.416,1.540,1.994
0.40,2608,-0.014,-3.204,-2.448
0.40,2609,1.101,1.653,3.213
0.40,2610,-1.874,-1.957,5.770
0.40,2611,-7.140,-5.194,-5.552
0.40,2612,-0.009,-3.240,-2.447
0.40,2613,-5.117,-2.939,-2.432
0.40,2614,8.922,-1.708,9.574
0.40,2615,8.047,6.169,-4.139
0.40,2616,2.400,-1.738,2.580
0.40,2617,-4.543,2.714,-1.599
0.40,2618,-5.216,-3.033,-2.431
0.40,2619,2.522,-7.439,6.523
0.40,2620,-2.925,2.042,-2.450
0.40,2621,-7.938,-6.675,-1.034
0.40,2622,0.649,-3.046,-2.472
0.40,2623,7.588,-2.164,1.388
0.40,2624,-4.337,8.622,-0.642
0.40,2625,1.103,-3.161,-2.471
0.40,2626,-5.185,-2.933,-2.433
0.40,2627,2.077,-3.899,7.591
0.40,2628,2.795,0.859,-2.522
0.40,2629,-5.286,2.166,-0.921
0.40,2630,2.888,-1.712,2.605
0.40,2631,2.714,-3.713,7.484
0.40,2632,3.012,2.013,-2.443
0.40,2633,5.555,-6.051,9.348
0.40,2634,5.288,-3.018,-2.442
0.40,2635,6.162,0.145,-8.791
0.40,2636,3.671,7.307,-5.159
0.40,2637,0.358,-6.591,-8.216
0.40,2638,0.435,7.301,-2.472
0.40,2639,2.870,2.001,-2.448
0.40,2640,-1.832,-6.425,1.500
0.40,2641,-6.154,-3.148,-2.391
0.40,2642,-8.191,3.137,-9.366
0.40,2643,4.681,-3.266,-2.458
0.40,2644,8.549,-2.135,-3.705
0.40,2645,3.133,1.840,-2.439
0.40,2646,2.629,-1.595,2.596
0.40,2647,-0.018,2.733,2.600
0.40,2648,6.259,-7.770,-7.034
0.40,2649,1.405,7.335,3.197
0.40,2650,7.098,1.369,-8.405
0.40,2651,2.955,2.085,-2.446
0.40,2652,5.071,2.408,-5.516
0.40,2653,9.074,-0.550,-5.320
0.40,2654,-7.629,-7.583,-0.524
0.40,2655,-4.725,-2.951,-2.443
0.40,2656,0.879,2.863,5.981
0.40,2657,-1.109,-0.836,5.834
0.40,2658,-8.413,2.696,-5.722
0.40,2659,-0.898,7.404,-7.819
0.40,2660,2.733,2.194,-2.452
0.40,2661,-5.209,-2.931,-2.433
0.40,2662,-0.388,-3.106,-2.459
0.40,2663,2.568,2.211,-2.458
0.40,2664,-0.060,0.075,7.682
0.40,2665,-3.718,6.620,2.637
0.40,2666,4.628,-6.294,-6.585
0.40,2667,8.400,9.654,-10.887
0.40,2668,9.723,-7.151,2.031
0.40,2669,-2.677,-1.641,2.605
0.40,2670,5.216,-9.054,-0.743
0.40,2671,-5.826,-3.248,-2.406
0.40,2672,-4.874,7.869,-0.174
0.40,2673,-0.701,-8.993,2.646
0.40,2674,8.172,0.516,4.419
0.40,2675,-6.424,-4.116,-2.746
0.40,2676,-3.140,-1.950,2.615
0.40,2677,-1.593,-6.960,-5.035
0.40,2678,1.109,-1.395,-1.805
0.40,2679,-9.246,6.372,-4.623
0.40,2680,-3.196,-9.361,-7.753
0.40,2681,0.002,2.739,2.600
0.40,2682,0.080,-3.229,-2.448
0.40,2683,5.280,2.692,-2.143
0.40,2684,0.117,-3.715,-1.801
0.40,2685,0.055,6.381,-2.398
0.40,2686,2.098,-1.755,2.550
0.40,2687,1.672,6.074,6.909
0.40,2688,4.054,6.495,5.365
0.40,2689,-9.432,8.336,-10.766
0.40,2690,-0.089,8.064,-2.480
0.40,2691,-6.838,2.502,-11.111
0.40,2692,-0.137,-3.246,-2.448
0.40,2693,-9.326,4.113,-8.792
0.40,2694,5.361,2.000,-7.054
0.40,2695,-5.183,-2.929,-2.433
0.40,2696,4.820,-1.102,-2.515
0.40,2697,2.912,-9.476,-5.104
0.40,2698,5.710,0.917,-9.323
0.40,2699,2.815,-1.887,2.603
0.40,2700,7.226,-8.435,-2.430
0.40,2701,-2.823,-1.943,2.605
0.40,2702,2.992,2.036,-2.444
0.40,2703,0.044,6.117,-2.400
0.40,2704,-0.015,2.773,2.602
0.40,2705,0.065,6.778,-2.412
0.40,2706,-7.059,-1.406,2.087
0.40,2707,-6.225,4.088,-7.774
0.40,2708,-1.633,-1.052,-6.288
0.40,2709,-0.277,-6.341,7.347
0.40,2710,-9.476,9.653,4.302
0.40,2711,0.412,2.833,2.589
0.40,2712,-7.763,-1.883,-2.564
0.40,2713,-9.062,-2.861,8.889
0.40,2714,-6.918,-0.204,-2.480
0.40,2715,3.023,1.992,-2.442
0.40,2716,-2.903,8.865,-7.880
0.40,2717,4.634,8.270,4.048
0.40,2718,-2.870,-1.060,-7.750
0.40,2719,3.278,-8.819,-5.705
0.40,2720,-3.855,-2.553,2.637
0.40,2721,-9.935,10.021,6.783
0.40,2722,-4.994,-8.498,-2.777
0.40,2723,7.678,-3.030,5.951
0.40,2724,-2.872,-3.672,-2.348
0.40,2725,2.492,6.653,-7.691
0.40,2726,7.199,7.064,6.913
0.40,2727,-3.390,-0.120,-2.554
0.40,2728,-7.301,-4.321,-4.034
0.40,2729,1.240,-0.842,-2.660
0.40,2730,5.171,-3.030,-2.443
0.40,2731,0.017,6.516,-2.401
0.40,2732,-0.435,7.085,-2.449
0.40,2733,-6.901,7.193,0.664
0.40,2734,5.126,-4.081,6.536
0.40,2735,0.028,6.435,-2.399
0.40,2736,2.467,-0.705,5.758
0.40,2737,-8.258,2.714,-5.097
0.40,2738,-1.703,-8.496,-1.626
0.40,2739,9.310,9.515,-9.464
0.40,2740,-7.332,-4.950,8.246
0.40,2741,8.158,-8.943,-0.833
0.40,2742,6.503,-2.001,7.370
0.40,2743,2.872,-1.676,2.604
0.40,2744,2.831,-1.667,2.603
0.40,2745,2.775,-1.638,2.601
0.40,2746,5.411,5.595,1.512
0.40,2747,2.911,2.147,-2.447
0.40,2748,-7.652,9.565,4.902
0.40,2749,-6.779,-1.660,6.800
0.40,2750,-0.436,-1.331,0.056
0.40,2751,-0.019,2.738,2.600
0.40,2752,-2.827,2.160,-2.455
0.40,2753,-1.823,9.020,3.463
0.40,2754,2.050,2.451,-2.810
0.40,2755,2.561,2.505,-2.455
0.40,2756,-3.065,-7.146,7.727
0.40,2757,5.544,-0.569,2.678
0.40,2758,-9.703,8.327,-11.121
0.40,2759,-2.858,2.125,-2.454
0.40,2760,4.309,-0.244,-2.479
0.40,2761,2.923,-1.782,2.607
0.40,2762,-4.289,5.705,-2.032
0.40,2763,-2.941,1.984,-2.448
0.40,2764,7.536,-2.602,5.168
0.40,2765,-8.863,-9.322,6.944
0.40,2766,4.827,7.052,6.538
0.40,2767,-0.363,-3.259,-2.448
0.40,2768,3.661,3.999,3.131
0.40,2769,-4.695,-6.285,6.029
0.40,2770,-3.490,4.514,1.215
0.40,2771,0.042,6.356,-2.397
0.40,2772,-0.018,2.749,2.600
0.40,2773,6.510,6.307,-6.210
0.40,2774,-5.168,-2.942,-2.433
0.40,2775,-1.399,1.236,-11.378
0.40,2776,6.124,4.857,-5.506
0.40,2777,3.883,2.847,-6.919
0.40,2778,-8.819,5.066,-3.734
0.40,2779,9.742,-1.839,4.248
0.40,2780,-2.581,-1.765,2.603
0.40,2781,0.055,6.294,-2.397
0.40,2782,-8.955,5.607,-0.546
0.40,2783,-1.449,2.609,-10.144
0.40,2784,2.961,2.087,-2.445
0.40,2785,0.713,-0.976,1.979
0.40,2786,7.920,-9.716,-4.447
0.40,2787,2.734,-1.841,2.601
0.40,2788,-0.076,6.656,-2.408
0.40,2789,9.219,-6.033,-8.787
0.40,2790,2.801,2.262,-2.451
0.40,2791,-9.187,0.665,2.697
0.40,2792,0.719,7.778,-4.230
0.40,2793,-2.154,0.980,-2.306
0.40,2794,0.896,-7.307,-4.741
0.40,2795,-3.119,-1.855,2.619
0.40,2796,-2.643,-1.608,2.604
0.40,2797,3.457,7.560,-1.630
0.40,2798,-0.067,1.654,1.456
0.40,2799,-0.028,1.789,1.866
0.40,2800,3.044,1.967,-2.441
0.40,2801,0.973,0.374,0.970
0.40,2802,6.574,7.341,-4.326
0.40,2803,-5.183,-2.943,-2.433
0.40,2804,-0.168,4.840,-1.430
0.40,2805,-3.558,4.463,0.869
0.40,2806,-10.011,5.846,8.174
0.40,2807,-2.629,-1.612,2.604
0.40,2808,-2.472,8.241,-8.519
0.40,2809,7.249,-2.800,-2.548
0.40,2810,-5.388,-2.935,-2.434
0.40,2811,-9.416,7.535,-9.248
0.40,2812,2.449,1.300,5.316
0.40,2813,9.458,-4.483,0.108
0.40,2814,6.100,-1.930,-2.525
0.40,2815,1.357,-2.749,-2.638
0.40,2816,-6.089,-3.563,6.155
0.40,2817,-1.976,-0.966,-3.149
0.40,2818,4.076,4.164,3.244
0.40,2819,-1.508,-0.768,2.047
0.40,2820,-5.303,-2.930,-2.434
0.40,2821,-7.452,1.619,-7.260
0.40,2822,5.105,-3.016,-2.443
0.40,2823,0.116,6.043,-2.403
0.40,2824,-5.004,-2.937,-2.435
0.40,2825,-1.025,1.910,6.924
0.40,2826,-0.297,-4.172,-2.448
0.40,2827,-0.010,-3.241,-2.447
0.40,2828,-1.385,-8.793,3.297
0.40,2829,1.674,-0.906,-10.130
0.40,2830,9.406,2.250,1.506
0.40,2831,0.196,-3.220,-2.450
0.40,2832,6.148,-7.887,-9.276
0.40,2833,0.653,0.193,7.656
0.40,2834,-1.095,2.528,-1.465
0.40,2835,8.649,9.233,2.695
0.40,2836,-6.426,-8.494,-7.722
0.40,2837,6.357,8.971,-10.667
0.40,2838,-3.387,-1.708,2.607
0.40,2839,2.544,-4.311,1.481
0.40,2840,-8.520,-1.604,-6.395
0.40,2841,4.668,2.849,-3.413
0.40,2842,-1.335,-8.980,7.078
0.40,2843,2.805,2.254,-2.450
0.40,2844,-2.866,2.111,-2.453
0.40,2845,0.400,6.424,-2.409
0.40,2846,1.103,-2.719,-2.353
0.40,2847,9.126,9.191,-2.558
0.40,2848,-5.082,-2.684,-2.439
0.40,2849,3.382,1.849,-2.446
0.40,2850,-7.349,2.133,-10.266
0.40,2851,-9.795,-4.706,6.561
0.40,2852,3.019,1.976,-2.442
0.40,2853,3.080,-1.834,2.614
0.40,2854,0.053,6.629,-2.406
0.40,2855,8.416,-1.488,-4.595
0.40,2856,-2.558,-1.075,2.581
0.40,2857,5.154,-3.020,-2.443
0.40,2858,-5.193,1.528,8.288
0.40,2859,0.313,3.041,2.606
0.40,2860,-7.176,8.974,-3.642
0.40,2861,5.108,8.097,2.846
0.40,2862,-0.022,2.734,2.600
0.40,2863,-3.258,9.759,5.984
0.40,2864,-3.026,2.873,-7.845
0.40,2865,0.434,6.956,-2.425
0.40,2866,-0.173,2.639,2.589
0.40,2867,-2.531,-9.481,-5.726
0.40,2868,-7.267,-8.584,4.420
0.40,2869,-4.335,7.976,3.772
0.40,2870,7.139,4.693,-4.816
0.40,2871,4.170,-0.948,5.443
0.40,2872,4.160,-1.227,-4.702
0.40,2873,3.629,-2.877,-2.519
0.40,2874,3.280,5.899,3.760
0.40,2875,5.301,-3.066,-2.441
0.40,2876,-0.361,0.064,7.671
0.40,2877,-7.300,-3.921,1.705
0.40,2878,4.046,-2.795,-2.499
0.40,2879,-9.626,5.814,5.945
0.40,2880,-0.020,2.716,2.599
0.40,2881,-3.216,0.311,-2.288
0.40,2882,-1.036,-1.897,0.157
0.40,2883,-0.037,6.763,-2.411
0.40,2884,-2.608,-1.612,2.603
0.40,2885,2.662,-1.592,2.597
0.40,2886,0.352,1.443,0.935
0.40,2887,-0.432,2.671,2.580
0.40,2888,0.099,6.167,-2.401
0.40,2889,3.583,6.612,5.925
0.40,2890,-4.828,-2.972,-2.439
0.40,2891,2.929,2.113,-2.447
0.40,2892,0.728,6.818,7.785
0.40,2893,0.037,6.338,-2.396
0.40,2894,0.130,6.749,-2.414
0.40,2895,-6.655,8.667,-0.798
0.40,2896,-4.051,-6.316,6.136
0.40,2897,-2.824,2.641,-2.466
0.40,2898,4.796,6.183,7.397
0.40,2899,5.778,-9.871,6.433
0.40,2900,-1.126,-7.835,-8.770
0.40,2901,5.186,-1.160,7.187
0.40,2902,0.330,-3.099,-2.461
0.40,2903,5.170,-3.026,-2.443
0.40,2904,1.069,-1.153,-6.519
0.40,2905,-0.007,2.686,2.598
0.40,2906,7.228,2.596,2.475
0.40,2907,-5.542,-9.125,-3.500
0.40,2908,-3.705,-1.279,2.575
0.40,2909,2.230,-9.557,1.039
0.40,2910,-5.707,-0.033,-6.548
0.40,2911,4.640,9.438,-6.874
0.40,2912,-2.881,-1.762,2.612
0.40,2913,-0.019,2.734,2.600
0.40,2914,-2.024,-8.155,6.782
0.40,2915,-7.217,-3.248,6.102
0.40,2916,2.537,6.616,1.786
0.40,2917,2.824,2.169,-2.450
0.40,2918,-2.028,-1.298,2.562
0.40,2919,-0.062,-0.005,7.683
0.40,2920,-0.000,2.742,2.601
0.40,2921,-5.162,-8.884,2.087
0.40,2922,0.073,6.131,-2.401
0.40,2923,-0.017,2.719,2.599
0.40,2924,8.675,9.845,-6.338
0.40,2925,3.469,6.069,8.409
0.40,2926,4.745,-1.141,-2.350
0.40,2927,2.881,-5.263,7.787
0.40,2928,-6.567,-7.081,-9.003
0.40,2929,3.099,1.471,-2.446
0.40,2930,6.705,-7.013,-7.966
0.40,2931,-3.695,3.301,-2.865
0.40,2932,2.650,-1.538,2.596
0.40,2933,-2.646,-1.611,2.604
0.40,2934,5.530,-3.950,-2.285
0.40,2935,-0.425,0.145,7.666
0.40,2936,-1.495,-8.567,-4.718
0.40,2937,-0.306,-2.920,-2.481
0.40,2938,-0.007,-3.236,-2.447
0.40,2939,6.322,-0.827,7.291
0.40,2940,0.260,3.153,2.612
0.40,2941,-0.047,0.088,7.682
0.40,2942,-3.685,4.501,3.223
0.40,2943,-0.075,0.062,7.681
0.40,2944,0.010,6.251,-2.397
0.40,2945,-4.891,-3.147,-2.432
0.40,2946,-3.711,-3.461,2.470
0.40,2947,0.293,7.021,-2.438
0.40,2948,5.756,3.377,-1.945
0.40,2949,-7.907,6.207,5.198
0.40,2950,-2.356,-1.292,2.585
0.40,2951,-2.928,2.043,-2.450
0.40,2952,5.190,8.480,-4.672
0.40,2953,3.016,2.008,-2.443
0.40,2954,2.628,-1.652,2.596
0.40,2955,-3.873,3.252,-5.889
0.40,2956,2.470,-3.131,1.824
0.40,2957,7.742,0.771,-1.970
0.40,2958,1.049,-1.043,7.344
0.40,2959,-8.814,-2.063,-6.914
0.40,2960,-0.676,8.617,-2.514
0.40,2961,-4.706,-3.121,-2.437
0.40,2962,5.095,-3.146,-2.441
0.40,2963,9.112,-8.581,-7.847
0.40,2964,4.289,1.477,-3.133
0.40,2965,0.339,7.573,-2.499
0.40,2966,-5.200,-2.894,-2.434
0.40,2967,5.389,-2.962,7.733
0.40,2968,5.451,-5.122,3.500
0.40,2969,-0.004,2.814,2.604
0.40,2970,2.672,2.395,-2.453
0.40,2971,-3.054,-6.068,0.435
0.40,2972,4.974,-8.510,5.448
0.40,2973,5.264,-3.056,-2.442
0.40,2974,-0.083,5.971,-2.405
0.40,2975,-1.387,0.392,6.207
0.40,2976,-5.333,-6.463,-5.875
0.40,2977,-0.328,0.125,7.671
0.40,2978,-2.668,-1.623,2.605
0.40,2979,-0.212,-4.563,-10.194
0.40,2980,7.963,5.217,0.922
0.40,2981,6.252,-9.457,-1.043
0.40,2982,-2.295,8.422,-1.489
0.40,2983,7.793,-9.452,-10.213
0.40,2984,7.783,-4.874,1.825
0.40,2985,6.973,-9.014,-9.648
0.40,2986,-1.970,2.183,5.719
0.40,2987,-8.953,5.932,-9.636
0.40,2988,-1.894,-0.296,-9.884
0.40,2989,1.117,-4.715,-6.471
0.40,2990,-0.059,0.062,7.682
0.40,2991,-2.527,5.605,-2.034
0.40,2992,-5.247,-2.951,-2.433
0.40,2993,-4.158,4.100,-2.466
0.40,2994,9.432,7.389,-8.902
0.40,2995,9.954,8.835,-10.789
0.40,2996,-2.853,7.653,-1.616
0.40,2997,-0.013,2.886,2.608
0.40,2998,5.191,-3.004,-2.443
0.40,2999,-8.058,-6.958,-3.212
1.00,0,5.764,-7.746,-0.873
1.00,1,-9.030,4.407,6.991
1.00,2,2.991,2.038,-2.444
1.00,3,-2.897,2.075,-2.451
1.00,4,-2.480,-0.028,7.423
1.00,5,5.293,-3.018,-2.442
1.00,6,-2.845,-1.944,2.606
1.00,7,5.347,-3.004,-2.442
1.00,8,-8.503,4.822,0.008
1.00,9,-2.664,-1.627,2.605
1.00,10,-2.611,-1.602,2.603
1.00,11,-2.898,2.074,-2.451
1.00,12,2.995,2.034,-2.444
1.00,13,-0.069,-3.244,-2.447
1.00,14,-0.068,-3.244,-2.447
1.00,15,0.076,-3.241,-2.448
1.00,16,3.150,1.805,-2.439
1.00,17,-5.774,-2.855,3.231
1.00,18,3.236,2.262,-2.450
1.00,19,-2.897,2.075,-2.451
1.00,20,5.147,-3.006,-2.443
1.00,21,5.139,-2.996,-2.444
1.00,22,-2.655,-1.633,2.605
1.00,23,2.652,-1.600,2.597
1.00,24,5.114,-2.992,-2.444
1.00,25,2.991,2.038,-2.444
1.00,26,5.232,-3.141,-2.440
1.00,27,-0.073,-3.244,-2.447
1.00,28,5.141,-3.000,-2.443
1.00,29,-0.783,-1.387,-11.330
1.00,30,4.688,-2.280,6.644
1.00,31,-2.608,-1.600,2.603
1.00,32,5.276,-9.061,-10.567
1.00,33,-0.018,2.719,2.599
1.00,34,-0.073,-3.244,-2.447
1.00,35,5.140,-2.999,-2.443
1.00,36,-5.181,-2.939,-2.433
1.00,37,-4.993,-3.076,-2.431
1.00,38,6.756,-8.277,-4.859
1.00,39,-0.038,-3.242,-2.447
1.00,40,-2.634,-1.602,2.604
1.00,41,-2.897,2.075,-2.451
1.00,42,-2.609,-1.601,2.603
1.00,43,5.272,-3.005,-2.443
1.00,44,6.247,3.266,9.863
1.00,45,-0.019,2.708,2.598
1.00,46,7.512,-6.125,-0.014
1.00,47,-3.478,-4.819,-5.740
1.00,48,-9.724,9.138,2.297
1.00,49,0.046,6.305,-2.397
1.00,50,-1.355,-6.970,-1.273
1.00,51,-2.947,2.019,-2.448
1.00,52,-2.683,5.369,-1.461
1.00,53,2.654,-1.601,2.597
1.00,54,2.622,-1.576,2.596
1.00,55,-3.859,7.812,-8.668
1.00,56,2.991,2.039,-2.444
1.00,57,0.045,6.325,-2.397
1.00,58,-8.706,-3.217,9.746
1.00,59,5.140,-2.999,-2.443
1.00,60,-0.018,2.728,2.599
1.00,61,5.141,-3.000,-2.443
1.00,62,-2.894,2.080,-2.452
1.00,63,2.991,2.038,-2.444
1.00,64,6.426,2.006,-8.014
1.00,65,-0.077,-3.244,-2.447
1.00,66,-5.190,-2.943,-2.433
1.00,67,0.037,6.369,-2.397
1.00,68,2.992,2.038,-2.444
1.00,69,-9.766,-4.034,9.195
1.00,70,-5.237,-8.625,7.960
1.00,71,0.050,6.243,-2.398
1.00,72,-5.181,-2.939,-2.433
1.00,73,-5.187,-2.939,-2.433
1.00,74,5.142,-3.000,-2.443
1.00,75,7.526,-5.661,-9.985
1.00,76,0.049,6.267,-2.398
1.00,77,-0.018,2.719,2.599
1.00,78,-2.607,-1.600,2.603
1.00,79,-3.521,-0.890,2.564
1.00,80,5.576,8.324,4.255
1.00,81,2.991,2.038,-2.444
1.00,82,1.527,7.283,-2.856
1.00,83,-3.046,-0.750,2.569
1.00,84,-0.018,2.781,2.602
1.00,85,-2.897,2.075,-2.451
1.00,86,5.139,-2.998,-2.444
1.00,87,-2.897,2.075,-2.451
1.00,88,1.172,1.987,-7.099
1.00,89,4.376,0.338,2.488
1.00,90,-0.060,-3.243,-2.447
1.00,91,-5.078,7.017,3.778
1.00,92,3.084,-0.735,-11.337
1.00,93,-2.922,-8.201,-3.782
1.00,94,2.588,1.599,1.832
1.00,95,-0.056,0.052,7.682
1.00,96,2.991,2.038,-2.444
1.00,97,-0.427,4.393,-2.789
1.00,98,-0.056,0.053,7.682
1.00,99,-5.181,-2.939,-2.433
1.00,100,-7.575,9.416,-2.717
1.00,101,5.138,-2.998,-2.444
1.00,102,1.664,5.812,4.742
1.00,103,0.097,-3.232,-2.449
1.00,104,-7.633,6.348,-3.932
1.00,105,2.994,2.035,-2.444
1.00,106,0.055,6.274,-2.398
1.00,107,0.051,6.191,-2.399
1.00,108,3.035,1.983,-2.442
1.00,109,-0.018,2.719,2.599
1.00,110,0.037,6.371,-2.397
1.00,111,-1.185,-0.525,-4.180
1.00,112,-0.071,-3.244,-2.447
1.00,113,2.990,2.039,-2.444
1.00,114,8.215,-8.372,-8.851
1.00,115,2.991,2.038,-2.444
1.00,116,-0.056,0.053,7.682
1.00,117,-2.607,-1.600,2.603
1.00,118,3.447,-2.448,2.501
1.00,119,5.138,-2.997,-2.444
1.00,120,-0.258,-5.209,6.984
1.00,121,0.155,-3.158,-2.453
1.00,122,7.994,-0.411,-3.417
1.00,123,-2.897,2.076,-2.451
1.00,124,0.849,7.773,-2.770
1.00,125,2.997,2.031,-2.444
1.00,126,4.765,-7.634,-2.655
1.00,127,2.991,2.038,-2.444
1.00,128,-0.060,-3.243,-2.447
1.00,129,-2.609,-1.601,2.603
1.00,130,-0.056,0.052,7.682
1.00,131,-0.056,0.052,7.682
1.00,132,-0.018,2.720,2.599
1.00,133,-6.759,8.928,4.961
1.00,134,-8.065,0.198,-7.018
1.00,135,-5.186,-2.938,-2.433
1.00,136,8.921,0.648,3.947
1.00,137,5.139,-2.999,-2.443
1.00,138,2.645,-1.596,2.596
1.00,139,2.985,2.046,-2.444
1.00,140,0.047,6.291,-2.397
1.00,141,3.816,0.661,1.944
1.00,142,-2.608,-1.601,2.603
1.00,143,2.676,-1.614,2.598
1.00,144,-0.018,2.719,2.599
1.00,145,-0.337,-3.259,-2.448
1.00,146,3.128,1.818,-2.440
1.00,147,-5.181,-2.939,-2.433
1.00,148,1.142,-3.174,-2.471
1.00,149,0.001,2.814,2.604
1.00,150,5.139,-2.999,-2.443
1.00,151,5.135,-2.992,-2.444
1.00,152,5.140,-2.999,-2.443
1.00,153,-3.581,-7.380,1.973
1.00,154,-1.209,-9.115,6.854
1.00,155,-0.018,2.719,2.599
1.00,156,2.368,-1.728,2.578
1.00,157,-5.153,-2.946,-2.432
1.00,158,-2.901,2.071,-2.451
1.00,159,0.046,6.314,-2.397
1.00,160,-9.415,-1.543,6.058
1.00,161,-5.444,-5.306,2.699
1.00,162,2.990,2.040,-2.444
1.00,163,-2.605,-1.599,2.603
1.00,164,3.089,1.890,-2.439
1.00,165,0.047,6.294,-2.397
1.00,166,-0.600,-3.245,-2.450
1.00,167,-2.607,-1.600,2.603
1.00,168,-9.308,5.928,3.904
1.00,169,-0.001,-3.239,-2.447
1.00,170,-2.904,-1.750,2.612
1.00,171,2.586,-1.566,2.595
1.00,172,-0.055,0.055,7.682
1.00,173,-6.390,-4.945,-8.987
1.00,174,-0.018,2.695,2.598
1.00,175,-2.894,2.080,-2.452
1.00,176,-2.891,-1.944,2.608
1.00,177,8.368,2.692,6.947
1.00,178,-0.069,-3.244,-2.447
1.00,179,2.656,-1.602,2.597
1.00,180,-2.899,2.074,-2.451
1.00,181,-0.059,-3.243,-2.447
1.00,182,-2.898,2.075,-2.451
1.00,183,2.637,-1.592,2.596
1.00,184,-5.181,-2.939,-2.433
1.00,185,5.140,-2.999,-2.443
1.00,186,5.141,-3.000,-2.443
1.00,187,-2.612,-1.602,2.603
1.00,188,1.388,-2.172,-10.903
1.00,189,0.048,6.274,-2.398
1.00,190,-0.018,2.718,2.599
1.00,191,-0.018,2.747,2.600
1.00,192,3.058,-8.036,-1.956
1.00,193,-0.083,-3.244,-2.447
1.00,194,-0.071,-3.244,-2.447
1.00,195,3.486,-1.825,2.604
1.00,196,0.045,6.335,-2.396
1.00,197,-2.607,-1.600,2.603
1.00,198,-2.527,-8.560,-4.512
1.00,199,-0.056,0.052,7.682
1.00,200,-2.896,2.077,-2.451
1.00,201,0.046,6.309,-2.397
1.00,202,2.654,-1.601,2.597
1.00,203,-2.516,-1.585,2.599
1.00,204,-0.018,2.719,2.599
1.00,205,-3.058,-3.239,-2.490
1.00,206,2.991,2.038,-2.444
1.00,207,1.078,-8.831,-1.031
1.00,208,3.027,1.890,-2.442
1.00,209,-0.018,2.719,2.599
1.00,210,-2.898,2.074,-2.451
1.00,211,-5.170,-2.950,-2.432
1.00,212,-6.274,4.411,-8.119
1.00,213,-2.604,-1.599,2.603
1.00,214,-0.018,2.719,2.599
1.00,215,2.656,-1.602,2.597
1.00,216,0.047,6.298,-2.397
1.00,217,-1.246,-2.288,2.737
1.00,218,2.834,-1.673,2.603
1.00,219,0.921,1.973,2.446
1.00,220,-2.522,-1.714,7.568
1.00,221,2.678,-1.608,2.598
1.00,222,-2.926,-1.637,2.612
1.00,223,0.048,6.271,-2.398
1.00,224,-2.904,2.068,-2.451
1.00,225,-0.070,-3.244,-2.447
1.00,226,9.383,1.827,-1.810
1.00,227,-5.181,-2.939,-2.433
1.00,228,-5.181,-2.939,-2.433
1.00,229,9.692,6.375,-7.807
1.00,230,1.620,8.786,8.875
1.00,231,-7.022,-9.141,-0.320
1.00,232,7.574,1.258,2.532
1.00,233,-2.787,2.205,-2.457
1.00,234,2.957,2.050,-2.445
1.00,235,2.530,-9.375,-8.616
1.00,236,-0.009,2.804,2.604
1.00,237,5.134,-2.988,-2.444
1.00,238,2.657,-1.603,2.597
1.00,239,4.021,5.433,8.212
1.00,240,2.651,-1.600,2.597
1.00,241,5.140,-2.999,-2.443
1.00,242,-0.150,-3.247,-2.448
1.00,243,1.460,3.929,7.062
1.00,244,-2.891,2.083,-2.452
1.00,245,-5.181,-2.939,-2.433
1.00,246,0.059,2.547,2.588
1.00,247,8.995,-9.682,-8.629
1.00,248,-4.830,-5.650,-1.602
1.00,249,-8.523,5.277,6.255
1.00,250,2.814,-6.721,3.022
1.00,251,-0.019,2.723,2.599
1.00,252,0.107,6.324,-2.398
1.00,253,1.080,-2.337,-2.525
1.00,254,0.047,6.295,-2.397
1.00,255,-0.018,2.719,2.599
1.00,256,3.397,-1.014,2.665
1.00,257,-0.063,-3.243,-2.447
1.00,258,-1.560,4.569,-2.053
1.00,259,-2.856,-2.782,-2.542
1.00,260,6.463,5.787,-8.954
1.00,261,-0.018,2.719,2.599
1.00,262,5.140,-2.999,-2.443
1.00,263,-1.100,-1.086,6.412
1.00,264,-2.608,-1.600,2.603
1.00,265,7.522,-2.127,-10.625
1.00,266,-0.078,-0.103,7.677
1.00,267,0.047,6.299,-2.397
1.00,268,3.307,1.704,-2.445
1.00,269,0.047,6.296,-2.397
1.00,270,2.992,2.038,-2.444
1.00,271,-0.018,2.719,2.599
1.00,272,-0.071,-3.244,-2.447
1.00,273,-0.301,-3.218,-2.449
1.00,274,-0.167,2.107,5.723
1.00,275,-2.608,-1.601,2.603
1.00,276,-0.074,-3.244,-2.447
1.00,277,5.141,-2.999,-2.443
1.00,278,2.652,-1.600,2.597
1.00,279,0.589,2.964,2.581
1.00,280,-2.641,-1.614,2.604
1.00,281,-0.073,-3.244,-2.447
1.00,282,-2.608,-1.601,2.603
1.00,283,2.275,-2.459,-2.538
1.00,284,-0.035,2.653,2.595
1.00,285,-2.606,-1.602,2.603
1.00,286,-2.897,2.075,-2.451
1.00,287,9.215,9.682,6.343
1.00,288,5.144,-3.001,-2.443
1.00,289,2.991,2.038,-2.444
1.00,290,7.058,-9.409,-7.477
1.00,291,2.986,2.044,-2.444
1.00,292,-1.650,-2.829,-2.508
1.00,293,-5.178,-2.941,-2.433
1.00,294,2.128,8.991,8.005
1.00,295,-3.100,-8.955,-7.546
1.00,296,-2.897,2.075,-2.451
1.00,297,-0.123,-3.246,-2.448
1.00,298,7.274,-5.999,2.639
1.00,299,9.713,-5.498,-3.280
1.00,300,-2.897,2.075,-2.451
1.00,301,2.652,-1.600,2.597
1.00,302,0.048,6.261,-2.398
1.00,303,-0.818,2.184,-1.743
1.00,304,0.057,6.026,-2.402
1.00,305,0.049,6.499,-2.402
1.00,306,5.140,-2.999,-2.443
1.00,307,2.657,-1.602,2.597
1.00,308,-3.543,1.110,4.960
1.00,309,-5.294,-2.941,-2.433
1.00,310,2.985,2.046,-2.444
1.00,311,5.140,-2.999,-2.443
1.00,312,2.694,-1.622,2.598
1.00,313,0.046,6.172,-2.399
1.00,314,2.991,2.038,-2.444
1.00,315,2.995,2.034,-2.444
1.00,316,4.030,-5.236,9.037
1.00,317,-3.890,3.877,-2.728
1.00,318,5.173,-3.013,-2.443
1.00,319,4.757,-2.771,-2.462
1.00,320,-2.606,-1.599,2.603
1.00,321,2.991,2.038,-2.444
1.00,322,0.049,6.338,-2.396
1.00,323,-0.092,-3.258,-2.447
1.00,324,2.991,2.038,-2.444
1.00,325,0.060,6.180,-2.400
1.00,326,1.022,-3.921,6.944
1.00,327,-7.959,1.237,-0.975
1.00,328,-0.018,2.719,2.599
1.00,329,2.994,2.035,-2.444
1.00,330,2.628,-1.585,2.596
1.00,331,4.562,9.152,-4.221
1.00,332,-0.010,2.268,2.579
1.00,333,2.653,-1.601,2.597
1.00,334,9.739,-5.693,-0.916
1.00,335,2.988,2.042,-2.444
1.00,336,5.140,-2.999,-2.443
1.00,337,-0.076,-3.244,-2.447
1.00,338,-0.090,-3.245,-2.447
1.00,339,-5.182,-2.943,-2.433
1.00,340,-3.015,2.073,-2.446
1.00,341,-5.479,-1.393,4.773
1.00,342,1.744,6.522,-1.042
1.00,343,0.057,6.344,-2.397
1.00,344,-0.018,2.719,2.599
1.00,345,-8.063,2.792,8.674
1.00,346,2.990,2.040,-2.444
1.00,347,-1.188,-8.014,-5.907
1.00,348,-6.947,-9.422,-2.681
1.00,349,-1.566,-6.578,2.277
1.00,350,-1.300,1.726,3.610
1.00,351,-0.060,0.047,7.682
1.00,352,8.063,1.544,7.166
1.00,353,5.140,-2.999,-2.443
1.00,354,3.432,2.649,1.271
1.00,355,2.991,2.038,-2.444
1.00,356,-2.609,-1.601,2.603
1.00,357,-2.834,2.102,-2.454
1.00,358,-6.539,9.861,-7.117
1.00,359,2.652,-1.600,2.597
1.00,360,0.230,-3.275,-2.449
1.00,361,2.992,2.038,-2.444
1.00,362,2.994,2.036,-2.444
1.00,363,-0.056,0.053,7.682
1.00,364,-0.018,2.719,2.599
1.00,365,2.992,2.038,-2.444
1.00,366,2.651,-1.600,2.597
1.00,367,-2.805,-3.148,-2.497
1.00,368,6.089,-6.160,-5.412
1.00,369,-5.194,-2.955,-2.432
1.00,370,0.945,-2.402,-10.860
1.00,371,-0.038,0.006,7.684
1.00,372,5.142,-3.000,-2.443
1.00,373,-5.180,-2.939,-2.433
1.00,374,-0.514,-2.202,0.005
1.00,375,-5.181,-2.939,-2.433
1.00,376,-2.998,2.274,-2.451
1.00,377,-0.056,0.052,7.682
1.00,378,0.056,6.176,-2.400
1.00,379,5.140,-2.999,-2.443
1.00,380,-3.602,-2.140,2.585
1.00,381,1.967,-1.800,2.358
1.00,382,3.282,2.996,4.095
1.00,383,-2.895,2.079,-2.452
1.00,384,-5.614,-7.975,-11.306
1.00,385,0.034,-1.295,1.999
1.00,386,2.991,2.039,-2.444
1.00,387,1.838,1.241,-6.786
1.00,388,0.053,6.190,-2.399
1.00,389,2.996,2.033,-2.444
1.00,390,5.140,-2.999,-2.443
1.00,391,-5.190,-2.940,-2.433
1.00,392,-0.018,2.720,2.599
1.00,393,-5.181,-2.939,-2.433
1.00,394,-0.759,-9.223,9.786
1.00,395,-0.018,2.719,2.599
1.00,396,-5.181,-2.939,-2.433
1.00,397,0.039,6.354,-2.397
1.00,398,-1.309,-3.244,-2.464
1.00,399,0.048,6.283,-2.397
1.00,400,-0.056,0.052,7.682
1.00,401,-6.415,-4.522,0.230
1.00,402,-5.335,8.328,1.301
1.00,403,-5.183,-2.945,-2.433
1.00,404,5.017,3.047,7.994
1.00,405,2.376,5.915,-3.377
1.00,406,0.046,6.301,-2.397
1.00,407,-2.898,2.075,-2.451
1.00,408,-2.897,2.076,-2.451
1.00,409,2.992,2.038,-2.444
1.00,410,-2.609,-1.601,2.603
1.00,411,-0.018,2.719,2.599
1.00,412,2.651,-1.600,2.597
1.00,413,2.858,-1.661,2.604
1.00,414,-3.117,-5.445,4.906
1.00,415,-3.006,2.027,-2.446
1.00,416,0.049,6.265,-2.398
1.00,417,1.427,3.602,2.713
1.00,418,5.140,-2.999,-2.443
1.00,419,5.158,-3.012,-2.443
1.00,420,-2.899,2.073,-2.451
1.00,421,4.555,2.405,6.129
1.00,422,0.050,6.244,-2.398
1.00,423,0.421,-4.664,7.098
1.00,424,-0.072,-3.244,-2.447
1.00,425,-2.897,2.075,-2.451
1.00,426,3.600,-5.948,1.275
1.00,427,-6.021,-0.496,2.157
1.00,428,2.970,-1.779,2.609
1.00,429,7.199,7.747,2.834
1.00,430,5.140,-2.999,-2.443
1.00,431,-7.449,-6.571,2.391
1.00,432,6.232,-6.174,5.316
1.00,433,-0.074,0.118,7.680
1.00,434,-2.896,2.077,-2.451
1.00,435,-5.222,-2.940,-2.433
1.00,436,-0.464,2.891,5.783
1.00,437,1.198,-1.410,-1.535
1.00,438,-2.608,-1.601,2.603
1.00,439,-2.897,2.076,-2.451
1.00,440,-3.407,0.991,-2.464
1.00,441,-2.898,2.074,-2.451
1.00,442,-5.181,-2.939,-2.433
1.00,443,2.679,-1.618,2.598
1.00,444,-0.075,-3.244,-2.447
1.00,445,0.045,6.323,-2.397
1.00,446,3.133,1.931,-2.438
1.00,447,7.144,-4.992,-5.888
1.00,448,2.990,2.039,-2.444
1.00,449,-5.181,-2.939,-2.433
1.00,450,-5.401,-2.751,-2.439
1.00,451,2.993,2.037,-2.444
1.00,452,-0.056,0.052,7.682
1.00,453,2.992,2.038,-2.444
1.00,454,2.991,2.038,-2.444
1.00,455,2.654,-1.601,2.597
1.00,456,-0.018,2.719,2.599
1.00,457,-3.060,9.397,-8.473
1.00,458,5.141,-3.000,-2.443
1.00,459,2.665,-1.606,2.597
1.00,460,2.652,-1.600,2.597
1.00,461,-2.897,2.075,-2.451
1.00,462,-7.232,-7.104,-7.626
1.00,463,2.652,-1.600,2.597
1.00,464,0.047,6.290,-2.397
1.00,465,4.655,-3.098,-2.457
1.00,466,0.028,0.153,7.680
1.00,467,-0.057,-3.243,-2.447
1.00,468,-1.828,7.645,-5.533
1.00,469,-2.608,-1.600,2.603
1.00,470,0.061,6.363,-2.397
1.00,471,-8.687,-7.911,4.595
1.00,472,-0.018,2.719,2.599
1.00,473,0.047,6.293,-2.397
1.00,474,-5.195,-2.941,-2.433
1.00,475,5.149,-3.009,-2.443
1.00,476,-2.248,-1.596,2.575
1.00,477,-5.172,-2.939,-2.433
1.00,478,-0.056,0.052,7.682
1.00,479,5.151,-3.005,-2.443
1.00,480,-0.926,0.842,-2.161
1.00,481,2.656,-1.602,2.597
1.00,482,9.542,7.033,-3.672
1.00,483,0.740,-6.745,5.754
1.00,484,-1.115,1.445,7.424
1.00,485,-3.207,1.344,-2.448
1.00,486,-5.181,-2.939,-2.433
1.00,487,5.167,-3.014,-2.443
1.00,488,0.499,-5.816,7.198
1.00,489,2.656,-1.602,2.597
1.00,490,-2.609,-1.601,2.603
1.00,491,-7.385,5.196,3.589
1.00,492,-0.108,-3.245,-2.448
1.00,493,2.653,-1.601,2.597
1.00,494,-2.810,1.634,-2.464
1.00,495,-6.241,3.178,-0.088
1.00,496,-5.181,-2.939,-2.433
1.00,497,-0.060,-3.243,-2.447
1.00,498,-0.018,2.720,2.599
1.00,499,-0.017,2.738,2.600
1.00,500,5.141,-3.000,-2.443
1.00,501,2.986,2.045,-2.444
1.00,502,8.407,7.198,-8.054
1.00,503,2.993,2.036,-2.444
1.00,504,0.049,6.258,-2.398
1.00,505,8.719,-7.981,6.921
1.00,506,7.543,-0.645,9.382
1.00,507,2.991,2.038,-2.444
1.00,508,-0.018,2.719,2.599
1.00,509,-7.136,6.120,3.222
1.00,510,-0.075,-3.244,-2.447
1.00,511,3.668,-1.035,-11.250
1.00,512,-3.417,8.120,1.777
1.00,513,5.140,-2.999,-2.443
1.00,514,2.658,-1.603,2.597
1.00,515,4.393,-5.020,6.873
1.00,516,0.046,6.311,-2.397
1.00,517,7.158,-8.110,-10.596
1.00,518,2.651,-1.600,2.597
1.00,519,-2.609,-1.601,2.603
1.00,520,-0.056,0.052,7.682
1.00,521,-0.088,-3.245,-2.447
1.00,522,5.553,-5.306,7.187
1.00,523,-2.609,-1.601,2.603
1.00,524,0.046,6.305,-2.397
1.00,525,-5.181,-2.939,-2.433
1.00,526,-5.181,-2.939,-2.433
1.00,527,-8.566,-0.882,-6.656
1.00,528,5.062,-2.734,-2.450
1.00,529,-0.018,2.719,2.599
1.00,530,-0.018,2.718,2.599
1.00,531,-2.897,2.075,-2.451
1.00,532,-0.071,-3.244,-2.447
1.00,533,-0.037,-3.242,-2.447
1.00,534,-0.057,0.050,7.682
1.00,535,0.049,6.258,-2.398
1.00,536,-2.897,2.075,-2.451
1.00,537,5.142,-3.000,-2.443
1.00,538,-2.898,2.075,-2.451
1.00,539,-0.018,2.719,2.599
1.00,540,0.056,-3.596,6.433
1.00,541,5.140,-2.999,-2.443
1.00,542,2.907,4.323,2.253
1.00,543,2.657,-1.603,2.597
1.00,544,-5.181,-2.939,-2.433
1.00,545,-5.189,-2.939,-2.433
1.00,546,0.048,6.279,-2.397
1.00,547,0.331,2.740,2.586
1.00,548,2.739,7.304,3.519
1.00,549,-2.897,2.075,-2.451
1.00,550,2.991,2.039,-2.444
1.00,551,0.047,6.294,-2.397
1.00,552,-0.018,2.721,2.599
1.00,553,-5.181,-2.939,-2.433
1.00,554,0.013,-2.736,2.477
1.00,555,-5.182,-2.935,-2.433
1.00,556,-4.900,5.556,2.084
1.00,557,2.991,2.038,-2.444
1.00,558,0.047,6.290,-2.397
1.00,559,2.695,-1.629,2.598
1.00,560,4.923,1.226,-11.105
1.00,561,5.346,8.725,3.328
1.00,562,5.141,-3.000,-2.443
1.00,563,2.991,2.039,-2.444
1.00,564,-0.056,0.051,7.682
1.00,565,-1.297,-3.509,6.215
1.00,566,-1.702,1.625,-2.588
1.00,567,2.653,-1.601,2.597
1.00,568,5.138,-2.999,-2.444
1.00,569,-2.910,2.060,-2.451
1.00,570,2.995,2.034,-2.444
1.00,571,-0.056,0.055,7.682
1.00,572,2.999,0.377,-2.584
1.00,573,-0.245,-5.540,-5.180
1.00,574,-0.071,-3.244,-2.447
1.00,575,-2.608,-1.600,2.603
1.00,576,0.046,6.312,-2.397
1.00,577,-2.608,-1.600,2.603
1.00,578,-0.056,0.052,7.682
1.00,579,2.987,2.044,-2.444
1.00,580,-2.592,-5.089,2.437
1.00,581,3.230,6.371,7.017
1.00,582,-0.033,6.574,-2.404
1.00,583,2.647,-1.598,2.596
1.00,584,2.656,-1.602,2.597
1.00,585,-5.150,-2.950,-2.432
1.00,586,-0.074,-3.244,-2.447
1.00,587,-2.625,-1.609,2.604
1.00,588,-0.018,2.721,2.599
1.00,589,2.651,-1.600,2.597
1.00,590,-2.581,-1.589,2.603
1.00,591,2.974,2.058,-2.445
1.00,592,-2.618,-1.605,2.604
1.00,593,-0.075,-3.244,-2.447
1.00,594,0.047,6.286,-2.397
1.00,595,2.874,-1.799,2.606
1.00,596,-5.182,-2.939,-2.433
1.00,597,-2.897,2.076,-2.451
1.00,598,5.430,-3.086,-2.440
1.00,599,6.088,-5.694,0.875
1.00,600,0.079,6.346,-2.397
1.00,601,3.457,6.924,-6.953
1.00,602,-4.205,1.915,8.011
1.00,603,-2.900,2.072,-2.451
1.00,604,-0.056,0.052,7.682
1.00,605,5.141,-2.999,-2.443
1.00,606,-7.938,-2.022,0.529
1.00,607,-0.018,2.719,2.599
1.00,608,5.541,1.652,-10.871
1.00,609,-8.060,-7.988,3.642
1.00,610,-2.609,-1.601,2.603
1.00,611,-2.829,2.183,-2.455
1.00,612,-0.056,0.048,7.682
1.00,613,2.651,-1.600,2.597
1.00,614,-5.165,-2.939,-2.433
1.00,615,-0.018,2.720,2.599
1.00,616,-1.845,2.282,-10.420
1.00,617,-0.485,9.044,8.054
1.00,618,-0.018,2.719,2.599
1.00,619,-0.056,0.052,7.682
1.00,620,-2.898,2.075,-2.451
1.00,621,-2.608,-1.601,2.603
1.00,622,-4.540,5.239,-10.807
1.00,623,0.185,6.789,-2.417
1.00,624,2.225,-1.297,2.569
1.00,625,1.489,-6.470,6.502
1.00,626,0.049,6.257,-2.398
1.00,627,5.140,-2.999,-2.443
1.00,628,-0.068,2.756,2.599
1.00,629,5.167,-3.003,-2.443
1.00,630,-0.078,-3.244,-2.447
1.00,631,-2.610,-1.601,2.603
1.00,632,7.850,-0.676,-4.793
1.00,633,-5.827,8.840,-3.503
1.00,634,-2.608,-1.600,2.603
1.00,635,3.006,2.022,-2.443
1.00,636,-0.018,2.719,2.599
1.00,637,-0.018,2.719,2.599
1.00,638,2.992,2.038,-2.444
1.00,639,-2.901,2.071,-2.451
1.00,640,-2.897,2.075,-2.451
1.00,641,-2.608,-1.601,2.603
1.00,642,5.354,1.728,-6.077
1.00,643,0.848,-5.102,-5.693
1.00,644,-7.670,-3.530,1.522
1.00,645,2.663,-1.604,2.597
1.00,646,9.105,-7.856,3.414
1.00,647,-6.294,-5.622,1.766
1.00,648,0.050,6.241,-2.398
1.00,649,2.658,-1.604,2.597
1.00,650,-0.018,2.719,2.599
1.00,651,2.668,-1.603,2.597
1.00,652,2.235,-5.190,2.931
1.00,653,-0.077,-3.244,-2.447
1.00,654,-2.976,5.904,-6.922
1.00,655,5.140,-2.999,-2.443
1.00,656,6.195,7.119,-9.487
1.00,657,-0.044,-3.242,-2.447
1.00,658,9.103,-7.689,2.049
1.00,659,-0.018,2.719,2.599
1.00,660,-4.084,5.829,-10.252
1.00,661,0.063,6.347,-2.397
1.00,662,2.878,6.274,2.900
1.00,663,0.044,6.326,-2.396
1.00,664,6.038,9.676,0.977
1.00,665,-0.018,2.719,2.599
1.00,666,-0.114,-3.246,-2.448
1.00,667,0.930,3.161,2.020
1.00,668,-7.405,-1.185,-10.277
1.00,669,-3.009,1.953,-2.445
1.00,670,-2.606,-1.600,2.603
1.00,671,2.991,2.038,-2.444
1.00,672,5.140,-2.999,-2.443
1.00,673,2.652,-1.600,2.597
1.00,674,6.264,-4.590,2.387
1.00,675,-0.099,-3.244,-2.448
1.00,676,4.608,-5.375,4.301
1.00,677,5.140,-2.999,-2.443
1.00,678,-0.072,-3.244,-2.447
1.00,679,-0.018,2.719,2.599
1.00,680,5.136,-2.999,-2.444
1.00,681,-6.614,5.773,8.023
1.00,682,0.048,6.280,-2.397
1.00,683,2.981,2.051,-2.444
1.00,684,5.140,-2.999,-2.443
1.00,685,-0.838,-3.635,7.945
1.00,686,-0.018,2.719,2.599
1.00,687,2.991,2.039,-2.444
1.00,688,-0.352,-3.249,-2.449
1.00,689,-0.018,2.719,2.599
1.00,690,-0.094,-3.245,-2.447
1.00,691,5.144,-3.000,-2.443
1.00,692,-5.182,-2.939,-2.433
1.00,693,-2.895,2.078,-2.452
1.00,694,-2.900,2.072,-2.451
1.00,695,-2.897,2.076,-2.451
1.00,696,2.742,-1.872,2.601
1.00,697,-5.181,-2.939,-2.433
1.00,698,-2.609,-1.601,2.603
1.00,699,0.559,6.169,2.023
1.00,700,-2.608,-1.601,2.603
1.00,701,5.234,8.715,-7.667
1.00,702,-2.608,-1.600,2.603
1.00,703,-2.608,-1.600,2.603
1.00,704,0.048,6.279,-2.397
1.00,705,-0.570,-8.950,-2.517
1.00,706,4.505,-0.805,6.632
1.00,707,0.034,2.983,2.611
1.00,708,5.140,-2.999,-2.443
1.00,709,-2.145,0.786,-11.252
1.00,710,2.655,-1.602,2.597
1.00,711,-0.018,2.719,2.599
1.00,712,-5.180,-2.938,-2.433
1.00,713,5.080,-2.982,-2.444
1.00,714,5.140,-2.999,-2.443
1.00,715,-2.607,-1.600,2.603
1.00,716,0.480,1.529,0.453
1.00,717,-0.284,-3.733,-2.436
1.00,718,-5.181,-2.939,-2.433
1.00,719,3.875,7.068,-5.614
1.00,720,0.048,6.275,-2.398
1.00,721,9.840,9.037,-9.721
1.00,722,-6.954,1.684,8.256
1.00,723,-0.056,0.052,7.682
1.00,724,-0.018,2.719,2.599
1.00,725,0.047,6.299,-2.397
1.00,726,2.991,2.038,-2.444
1.00,727,5.036,-8.651,-10.051
1.00,728,2.984,2.047,-2.444
1.00,729,5.119,-2.956,-2.444
1.00,730,2.649,-1.598,2.597
1.00,731,-5.181,-2.939,-2.433
1.00,732,0.024,2.837,2.604
1.00,733,2.651,-1.599,2.597
1.00,734,0.047,6.295,-2.397
1.00,735,5.141,-3.000,-2.443
1.00,736,-5.185,-2.940,-2.433
1.00,737,2.953,2.082,-2.446
1.00,738,-4.170,-0.304,-2.517
1.00,739,1.691,8.248,-2.765
1.00,740,-5.176,-2.939,-2.433
1.00,741,0.050,6.268,-2.398
1.00,742,-0.018,2.720,2.599
1.00,743,-2.161,7.135,-9.908
1.00,744,8.946,0.651,3.335
1.00,745,-0.018,2.709,2.598
1.00,746,2.652,-1.600,2.597
1.00,747,-0.056,0.053,7.682
1.00,748,-2.088,5.295,5.568
1.00,749,-0.018,2.719,2.599
1.00,750,-2.897,2.076,-2.451
1.00,751,0.047,6.326,-2.397
1.00,752,-4.507,3.113,-5.286
1.00,753,5.140,-2.999,-2.443
1.00,754,-0.904,1.660,-0.649
1.00,755,3.394,-6.753,2.172
1.00,756,8.514,5.864,-5.656
1.00,757,9.373,-1.179,9.222
1.00,758,-0.018,2.740,2.600
1.00,759,-3.647,1.635,0.468
1.00,760,-2.718,-1.619,2.606
1.00,761,-2.608,-1.601,2.603
1.00,762,4.864,-2.949,-2.453
1.00,763,0.564,9.319,9.950
1.00,764,3.805,-6.183,0.557
1.00,765,-2.903,2.069,-2.451
1.00,766,2.652,-1.600,2.597
1.00,767,5.141,-3.000,-2.443
1.00,768,-5.176,-2.939,-2.433
1.00,769,0.471,5.283,-2.441
1.00,770,0.018,6.279,-2.397
1.00,771,-0.076,-3.244,-2.447
1.00,772,0.222,-3.223,-2.450
1.00,773,-6.062,2.146,-1.657
1.00,774,-5.181,-2.939,-2.433
1.00,775,2.991,2.038,-2.444
1.00,776,-2.898,2.075,-2.451
1.00,777,-7.384,5.871,-6.816
1.00,778,-5.181,-2.939,-2.433
1.00,779,-0.018,2.719,2.599
1.00,780,3.733,1.532,6.360
1.00,781,5.088,4.559,-9.762
1.00,782,5.141,-2.999,-2.443
1.00,783,-5.192,-2.932,-2.433
1.00,784,2.578,2.030,-2.458
1.00,785,8.348,4.932,-6.691
1.00,786,5.796,-7.739,1.886
1.00,787,-2.897,2.076,-2.451
1.00,788,5.140,-2.999,-2.443
1.00,789,-2.897,2.076,-2.451
1.00,790,-5.184,-2.939,-2.433
1.00,791,5.149,-3.005,-2.443
1.00,792,0.041,6.360,-2.397
1.00,793,-5.181,-2.939,-2.433
1.00,794,2.669,-1.609,2.597
1.00,795,5.131,-2.996,-2.444
1.00,796,6.446,0.450,-5.503
1.00,797,-0.056,0.058,7.682
1.00,798,5.141,-3.000,-2.443
1.00,799,-3.712,0.017,2.791
1.00,800,-0.076,-3.244,-2.447
1.00,801,4.025,3.116,4.644
1.00,802,-0.018,2.718,2.599
1.00,803,-0.071,-3.244,-2.447
1.00,804,3.103,3.503,-1.481
1.00,805,5.195,-3.044,-2.442
1.00,806,2.652,-1.600,2.597
1.00,807,-3.578,9.426,-6.924
1.00,808,-2.927,2.042,-2.450
1.00,809,-2.897,2.075,-2.451
1.00,810,-0.071,-3.244,-2.447
1.00,811,-0.013,-3.241,-2.447
1.00,812,2.991,2.038,-2.444
1.00,813,-2.923,-2.279,2.582
1.00,814,-7.894,-6.086,-3.878
1.00,815,-7.198,4.861,0.631
1.00,816,-2.872,2.115,-2.453
1.00,817,-0.681,-3.220,-2.452
1.00,818,-4.552,-7.456,-6.005
1.00,819,-0.018,2.719,2.599
1.00,820,-0.065,-3.243,-2.447
1.00,821,-0.056,0.052,7.682
1.00,822,-5.147,-2.940,-2.432
1.00,823,-0.020,2.727,2.599
1.00,824,-0.052,-3.243,-2.447
1.00,825,0.042,6.341,-2.396
1.00,826,-0.018,2.719,2.599
1.00,827,-2.172,-0.618,2.614
1.00,828,0.046,6.303,-2.397
1.00,829,5.143,-3.000,-2.443
1.00,830,-5.181,-2.939,-2.433
1.00,831,8.484,-7.775,3.029
1.00,832,-5.237,-2.943,-2.433
1.00,833,-2.899,2.073,-2.451
1.00,834,-2.898,2.075,-2.451
1.00,835,5.721,-3.330,-2.446
1.00,836,-2.618,-1.606,2.604
1.00,837,2.714,-1.636,2.599
1.00,838,2.991,2.038,-2.444
1.00,839,3.190,-2.416,9.587
1.00,840,-0.129,3.414,2.612
1.00,841,0.047,6.291,-2.397
1.00,842,2.988,2.043,-2.444
1.00,843,-2.892,2.082,-2.452
1.00,844,-0.018,2.719,2.599
1.00,845,2.991,2.038,-2.444
1.00,846,-5.185,-2.946,-2.433
1.00,847,-1.566,0.616,-1.787
1.00,848,1.663,-2.291,2.273
1.00,849,3.955,8.178,3.575
1.00,850,2.991,2.039,-2.444
1.00,851,-5.969,-4.074,7.743
1.00,852,0.032,6.149,-2.399
1.00,853,5.140,-2.999,-2.443
1.00,854,9.895,7.734,-6.853
1.00,855,5.165,-3.014,-2.443
1.00,856,-5.378,1.657,2.650
1.00,857,0.837,-3.256,-2.460
1.00,858,-0.017,2.718,2.599
1.00,859,-2.897,2.075,-2.451
1.00,860,-2.894,2.079,-2.452
1.00,861,-5.181,-2.939,-2.433
1.00,862,-3.598,1.403,-2.446
1.00,863,-4.503,9.284,-1.228
1.00,864,-2.894,2.080,-2.452
1.00,865,-1.579,-7.709,2.464
1.00,866,-2.897,2.075,-2.451
1.00,867,3.074,-1.854,2.614
1.00,868,5.137,-2.998,-2.444
1.00,869,9.209,-9.890,-3.983
1.00,870,-6.402,-3.396,-2.837
1.00,871,-0.056,0.052,7.682
1.00,872,0.419,0.143,7.670
1.00,873,-7.280,0.366,-6.217
1.00,874,2.991,2.039,-2.444
1.00,875,0.113,-3.225,-2.449
1.00,876,-2.897,2.075,-2.451
1.00,877,-0.018,2.719,2.599
1.00,878,2.633,-1.586,2.596
1.00,879,1.215,2.146,-6.572
1.00,880,0.699,1.799,-9.794
1.00,881,0.859,8.546,6.838
1.00,882,-0.056,0.052,7.682
1.00,883,2.650,-1.599,2.597
1.00,884,-0.018,2.719,2.599
1.00,885,-2.694,8.779,3.438
1.00,886,5.140,-2.999,-2.443
1.00,887,-0.071,-3.244,-2.447
1.00,888,-5.183,-2.939,-2.433
1.00,889,0.046,6.311,-2.397
1.00,890,-0.056,0.052,7.682
1.00,891,-0.018,2.719,2.599
1.00,892,-2.614,-1.603,2.604
1.00,893,-0.056,0.052,7.682
1.00,894,-2.608,-1.600,2.603
1.00,895,2.996,2.033,-2.444
1.00,896,3.057,-8.974,-5.557
1.00,897,-0.056,0.052,7.682
1.00,898,-2.809,2.180,-2.456
1.00,899,0.046,6.314,-2.397
1.00,900,-4.981,7.983,-2.257
1.00,901,2.647,-1.598,2.597
1.00,902,-3.659,-9.384,-10.811
1.00,903,8.729,-0.989,-10.334
1.00,904,-0.076,-3.244,-2.447
1.00,905,5.150,-3.004,-2.443
1.00,906,-5.178,-2.947,-2.432
1.00,907,-0.065,-3.244,-2.447
1.00,908,5.140,-2.999,-2.443
1.00,909,-5.399,2.706,8.799
1.00,910,0.362,-3.204,-2.452
1.00,911,5.140,-3.000,-2.443
1.00,912,-8.281,-2.390,3.937
1.00,913,2.651,-1.600,2.597
1.00,914,-0.018,2.719,2.599
1.00,915,7.109,6.314,3.694
1.00,916,6.262,-2.752,8.653
1.00,917,-0.077,-3.244,-2.447
1.00,918,-2.607,-1.600,2.603
1.00,919,-0.070,-3.244,-2.447
1.00,920,4.859,-2.955,-2.453
1.00,921,2.652,-1.600,2.597
1.00,922,1.178,-2.302,-3.140
1.00,923,-2.897,2.076,-2.451
1.00,924,2.653,-1.601,2.597
1.00,925,8.103,1.413,-9.126
1.00,926,9.606,2.247,-3.972
1.00,927,-2.162,-2.389,6.632
1.00,928,-5.181,-2.939,-2.433
1.00,929,-2.613,-1.603,2.603
1.00,930,5.142,-3.000,-2.443
1.00,931,8.107,-4.389,1.325
1.00,932,0.901,-2.735,6.992
1.00,933,5.140,-2.999,-2.443
1.00,934,-0.073,-3.244,-2.447
1.00,935,0.045,6.315,-2.397
1.00,936,2.491,-1.547,2.588
1.00,937,-6.735,-8.854,4.324
1.00,938,-0.018,2.719,2.599
1.00,939,5.138,-2.997,-2.444
1.00,940,-5.178,-2.940,-2.433
1.00,941,-5.181,-2.939,-2.433
1.00,942,0.058,6.141,-2.400
1.00,943,8.600,0.751,1.891
1.00,944,5.587,5.160,-2.273
1.00,945,-5.182,-2.939,-2.433
1.00,946,2.999,2.030,-2.444
1.00,947,-5.196,-2.940,-2.433
1.00,948,0.890,-2.055,1.896
1.00,949,-0.738,-7.818,2.724
1.00,950,-0.072,-3.244,-2.447
1.00,951,7.569,9.807,2.794
1.00,952,-0.072,-3.244,-2.447
1.00,953,-4.058,9.830,8.313
1.00,954,-5.182,-2.939,-2.433
1.00,955,-5.181,-2.939,-2.433
1.00,956,-2.608,-1.600,2.603
1.00,957,2.994,2.035,-2.444
1.00,958,-5.179,-2.939,-2.433
1.00,959,-3.027,-7.092,7.175
1.00,960,-2.621,-1.607,2.604
1.00,961,-0.046,-3.243,-2.447
1.00,962,0.047,6.290,-2.397
1.00,963,-5.804,-2.708,6.565
1.00,964,-0.018,2.719,2.599
1.00,965,-5.183,-3.843,6.922
1.00,966,-0.051,0.069,7.682
1.00,967,6.908,-4.916,-4.458
1.00,968,-5.447,2.926,-5.548
1.00,969,5.115,-1.673,1.430
1.00,970,3.398,-8.345,3.447
1.00,971,-0.018,2.719,2.599
1.00,972,0.217,-2.474,-3.418
1.00,973,-5.209,-2.994,-2.431
1.00,974,-0.132,4.817,-0.847
1.00,975,3.124,-1.810,4.454
1.00,976,-0.056,0.052,7.682
1.00,977,0.356,5.233,-2.444
1.00,978,-0.073,-3.244,-2.447
1.00,979,-0.051,-3.242,-2.447
1.00,980,0.920,-1.478,-10.590
1.00,981,-0.018,2.720,2.599
1.00,982,2.644,-1.596,2.596
1.00,983,5.140,-2.999,-2.443
1.00,984,-7.746,-2.136,-7.194
1.00,985,0.045,6.319,-2.397
1.00,986,0.903,7.519,-1.928
1.00,987,-0.018,2.719,2.599
1.00,988,8.364,-3.947,-6.789
1.00,989,-2.611,-1.602,2.603
1.00,990,2.648,-1.598,2.597
1.00,991,-2.897,2.075,-2.451
1.00,992,-5.181,-2.939,-2.433
1.00,993,0.047,6.300,-2.397
1.00,994,-6.767,-6.131,-1.715
1.00,995,2.991,2.038,-2.444
1.00,996,-5.181,-2.939,-2.433
1.00,997,-2.578,-1.619,2.603
1.00,998,-5.181,-2.939,-2.433
1.00,999,8.720,5.979,4.712
1.00,1000,-0.018,2.719,2.599
1.00,1001,-6.851,7.927,-10.230
1.00,1002,-2.617,-1.605,2.604
1.00,1003,2.651,-1.600,2.597
1.00,1004,6.591,4.101,7.906
1.00,1005,-5.182,-2.939,-2.433
1.00,1006,-8.441,-7.439,2.979
1.00,1007,-5.323,-2.908,-2.434
1.00,1008,-2.611,-1.602,2.603
1.00,1009,-2.608,-1.600,2.603
1.00,1010,2.906,2.174,-2.448
1.00,1011,2.991,2.039,-2.444
1.00,1012,-5.185,-2.935,-2.433
1.00,1013,-1.471,-6.934,3.285
1.00,1014,-5.183,-2.940,-2.433
1.00,1015,-0.097,-3.244,-2.448
1.00,1016,3.040,-1.966,2.607
1.00,1017,-2.765,2.217,-2.458
1.00,1018,-9.678,-4.504,2.071
1.00,1019,-6.269,7.886,-10.784
1.00,1020,5.249,-2.335,-2.466
1.00,1021,2.992,2.038,-2.444
1.00,1022,-4.604,7.394,8.084
1.00,1023,-4.561,8.870,-7.006
1.00,1024,2.653,-1.601,2.597
1.00,1025,4.837,-2.737,-2.460
1.00,1026,-0.121,-3.246,-2.448
1.00,1027,3.051,1.966,-2.441
1.00,1028,-1.027,-0.802,5.165
1.00,1029,-5.180,-2.939,-2.433
1.00,1030,-0.067,-3.244,-2.447
1.00,1031,-0.847,-0.109,7.621
1.00,1032,0.011,-3.238,-2.447
1.00,1033,6.500,-4.908,1.541
1.00,1034,7.755,-6.833,-8.253
1.00,1035,-5.193,-2.945,-2.433
1.00,1036,-0.056,0.052,7.682
1.00,1037,-0.837,4.259,2.678
1.00,1038,3.894,1.626,1.351
1.00,1039,0.126,-3.202,-2.450
1.00,1040,-3.273,7.863,7.946
1.00,1041,8.472,-9.343,-6.211
1.00,1042,-0.000,-3.239,-2.447
1.00,1043,5.141,-3.000,-2.443
1.00,1044,-0.284,-2.332,-0.066
1.00,1045,5.690,0.293,-4.274
1.00,1046,-2.892,2.081,-2.452
1.00,1047,-1.055,0.347,-9.756
1.00,1048,-0.018,2.719,2.599
1.00,1049,7.985,-1.520,-8.024
1.00,1050,-0.508,-5.286,-2.817
1.00,1051,4.536,7.505,-2.512
1.00,1052,-0.018,2.719,2.599
1.00,1053,2.476,-1.504,2.587
1.00,1054,5.211,-3.281,-2.444
1.00,1055,2.992,2.038,-2.444
1.00,1056,2.651,-1.600,2.597
1.00,1057,-0.584,8.497,-1.772
1.00,1058,-2.151,1.366,0.275
1.00,1059,-2.897,2.075,-2.451
1.00,1060,-4.129,5.044,9.415
1.00,1061,5.139,-2.999,-2.443
1.00,1062,2.992,2.038,-2.444
1.00,1063,5.140,-2.999,-2.443
1.00,1064,-0.018,2.727,2.599
1.00,1065,2.703,4.069,-2.962
1.00,1066,9.006,-1.427,1.769
1.00,1067,-5.184,-2.939,-2.433
1.00,1068,-0.012,-3.240,-2.447
1.00,1069,5.604,-3.206,-2.439
1.00,1070,6.345,-3.389,-2.491
1.00,1071,-1.102,1.499,5.584
1.00,1072,-3.644,-3.074,-2.483
1.00,1073,-2.618,-1.605,2.604
1.00,1074,-2.595,-1.594,2.603
1.00,1075,-0.018,2.719,2.599
1.00,1076,2.991,2.038,-2.444
1.00,1077,0.047,6.292,-2.397
1.00,1078,2.922,2.236,-2.448
1.00,1079,0.329,7.441,-2.534
1.00,1080,0.086,6.202,-2.400
1.00,1081,-0.072,-3.244,-2.447
1.00,1082,4.604,7.204,-9.740
1.00,1083,-0.071,-3.244,-2.447
1.00,1084,0.047,6.289,-2.397
1.00,1085,-3.399,-8.840,-8.827
1.00,1086,-9.602,-4.672,-0.953
1.00,1087,-0.018,2.719,2.599
1.00,1088,-5.178,-2.937,-2.433
1.00,1089,0.048,6.268,-2.398
1.00,1090,-2.611,-1.602,2.603
1.00,1091,-4.889,-2.950,-2.438
1.00,1092,-5.183,-2.939,-2.433
1.00,1093,-4.697,-3.854,-2.458
1.00,1094,-4.010,8.019,8.398
1.00,1095,2.323,-8.453,-8.660
1.00,1096,5.429,-3.074,-2.440
1.00,1097,-2.897,2.076,-2.451
1.00,1098,-6.055,4.346,-0.676
1.00,1099,5.130,-2.988,-2.444
1.00,1100,-0.001,-3.239,-2.447
1.00,1101,0.049,6.264,-2.398
1.00,1102,-6.257,-3.763,-2.914
1.00,1103,-2.606,-1.599,2.603
1.00,1104,2.998,2.030,-2.444
1.00,1105,-7.915,-1.739,-9.963
1.00,1106,-2.897,2.076,-2.451
1.00,1107,0.047,6.298,-2.397
1.00,1108,-2.695,-1.653,2.606
1.00,1109,-0.978,-1.848,-10.773
1.00,1110,-2.610,-1.602,2.603
1.00,1111,9.039,0.063,-0.068
1.00,1112,-2.588,-1.591,2.603
1.00,1113,-2.905,2.067,-2.451
1.00,1114,-2.609,-1.601,2.603
1.00,1115,-0.071,-3.244,-2.447
1.00,1116,-0.056,0.052,7.682
1.00,1117,-2.898,2.074,-2.451
1.00,1118,2.991,2.038,-2.444
1.00,1119,4.566,-1.959,-3.109
1.00,1120,-0.056,0.052,7.682
1.00,1121,5.139,-2.999,-2.443
1.00,1122,-5.298,-2.920,-2.434
1.00,1123,-2.148,2.650,-2.538
1.00,1124,0.047,6.292,-2.397
1.00,1125,6.589,6.109,7.125
1.00,1126,0.036,6.366,-2.397
1.00,1127,-0.291,-3.238,-2.449
1.00,1128,-2.968,-8.991,0.328
1.00,1129,-1.008,-7.339,1.861
1.00,1130,-5.017,-4.891,-3.175
1.00,1131,2.134,1.328,2.352
1.00,1132,0.047,6.294,-2.397
1.00,1133,-0.018,2.719,2.599
1.00,1134,-3.626,-3.641,-2.468
1.00,1135,-0.056,0.052,7.682
1.00,1136,2.994,2.035,-2.444
1.00,1137,2.992,2.038,-2.444
1.00,1138,2.653,-1.601,2.597
1.00,1139,-8.934,9.374,-11.297
1.00,1140,4.728,-2.517,-2.461
1.00,1141,-2.236,-7.050,5.609
1.00,1142,0.048,6.280,-2.397
1.00,1143,3.429,-2.231,4.493
1.00,1144,-6.360,-6.309,-8.971
1.00,1145,4.175,7.727,-9.185
1.00,1146,-5.180,-2.939,-2.433
1.00,1147,1.764,0.986,7.516
1.00,1148,-1.630,-2.687,6.159
1.00,1149,-2.603,-1.598,2.603
1.00,1150,2.652,-1.600,2.597
1.00,1151,0.047,6.299,-2.397
1.00,1152,5.140,-3.000,-2.443
1.00,1153,3.706,8.615,4.605
1.00,1154,2.642,-1.595,2.596
1.00,1155,0.031,6.365,-2.397
1.00,1156,0.047,6.291,-2.397
1.00,1157,0.216,8.808,7.202
1.00,1158,-2.897,2.075,-2.451
1.00,1159,4.086,-2.856,-2.495
1.00,1160,-2.442,-1.546,2.593
1.00,1161,3.810,-9.305,-0.559
1.00,1162,8.763,1.155,-7.355
1.00,1163,0.735,-2.994,-2.480
1.00,1164,-7.526,-8.685,-2.867
1.00,1165,-0.070,-3.244,-2.447
1.00,1166,-0.071,-3.244,-2.447
1.00,1167,-9.122,-4.399,7.851
1.00,1168,-0.018,2.719,2.599
1.00,1169,5.833,-3.417,-2.455
1.00,1170,0.893,1.594,2.999
1.00,1171,-2.896,2.076,-2.451
1.00,1172,-5.180,-2.939,-2.433
1.00,1173,3.998,-2.045,-10.363
1.00,1174,-2.897,2.075,-2.451
1.00,1175,5.142,-3.001,-2.443
1.00,1176,0.047,6.291,-2.397
1.00,1177,5.140,-2.999,-2.443
1.00,1178,0.664,6.301,-2.363
1.00,1179,5.535,4.721,1.226
1.00,1180,8.881,2.179,-5.005
1.00,1181,0.048,6.274,-2.398
1.00,1182,2.991,2.038,-2.444
1.00,1183,-2.892,2.081,-2.452
1.00,1184,-5.336,-2.948,-2.434
1.00,1185,0.001,-3.239,-2.447
1.00,1186,0.047,6.298,-2.397
1.00,1187,0.227,1.653,-10.753
1.00,1188,2.696,-1.637,2.598
1.00,1189,-5.179,-2.940,-2.433
1.00,1190,-0.018,2.719,2.599
1.00,1191,-4.748,-3.345,-2.438
1.00,1192,-0.072,-3.244,-2.447
1.00,1193,0.031,-3.235,-2.448
1.00,1194,-2.897,2.076,-2.451
1.00,1195,-0.085,-3.244,-2.447
1.00,1196,-2.497,-1.547,2.598
1.00,1197,2.651,-1.600,2.597
1.00,1198,2.859,2.191,-2.449
1.00,1199,-0.018,2.719,2.599
1.00,1200,5.140,-2.999,-2.443
1.00,1201,3.169,5.229,2.273
1.00,1202,-2.368,-3.394,7.318
1.00,1203,-5.835,-2.542,-2.457
1.00,1204,2.994,2.035,-2.444
1.00,1205,-5.181,-2.939,-2.433
1.00,1206,-0.018,2.718,2.599
1.00,1207,-8.736,-5.905,-6.110
1.00,1208,4.297,-7.472,7.017
1.00,1209,5.140,-2.999,-2.443
1.00,1210,2.991,2.038,-2.444
1.00,1211,0.041,6.490,-2.401
1.00,1212,2.779,2.328,-2.451
1.00,1213,3.614,-1.559,5.480
1.00,1214,7.031,9.967,4.992
1.00,1215,-0.311,-3.231,-2.449
1.00,1216,3.828,6.775,7.749
1.00,1217,2.989,2.042,-2.444
1.00,1218,1.387,2.324,8.442
1.00,1219,-0.243,-3.251,-2.448
1.00,1220,7.499,2.549,-0.572
1.00,1221,0.047,6.303,-2.397
1.00,1222,-8.933,-9.899,9.007
1.00,1223,-5.651,-3.304,-2.419
1.00,1224,-9.552,-2.706,6.342
1.00,1225,-2.610,-1.601,2.603
1.00,1226,0.542,-3.107,-2.463
1.00,1227,-5.346,-3.363,-2.435
1.00,1228,5.136,-2.998,-2.444
1.00,1229,-2.897,2.075,-2.451
1.00,1230,-2.897,2.076,-2.451
1.00,1231,-1.262,-1.691,2.572
1.00,1232,5.142,-3.000,-2.443
1.00,1233,2.991,2.038,-2.444
1.00,1234,0.048,6.262,-2.398
1.00,1235,5.140,-2.999,-2.443
1.00,1236,2.874,2.181,-2.449
1.00,1237,5.267,-2.774,-2.447
1.00,1238,-0.018,2.719,2.599
1.00,1239,0.103,5.928,-2.405
1.00,1240,-0.056,-3.243,-2.447
1.00,1241,-5.216,-2.933,-2.433
1.00,1242,4.964,-5.393,-7.093
1.00,1243,-0.018,2.719,2.599
1.00,1244,2.992,2.038,-2.444
1.00,1245,2.659,-1.603,2.597
1.00,1246,-2.897,2.076,-2.451
1.00,1247,0.069,-3.238,-2.448
1.00,1248,-2.898,2.074,-2.451
1.00,1249,-5.780,2.997,2.383
1.00,1250,3.028,1.943,-2.441
1.00,1251,2.643,-1.602,2.596
1.00,1252,-0.017,2.743,2.600
1.00,1253,-2.388,-5.855,-1.182
1.00,1254,0.047,6.299,-2.397
1.00,1255,2.991,2.038,-2.444
1.00,1256,2.823,-1.674,2.603
1.00,1257,0.049,6.264,-2.398
1.00,1258,-0.018,2.719,2.599
1.00,1259,0.059,5.980,-2.403
1.00,1260,2.991,2.039,-2.444
1.00,1261,2.646,-1.597,2.596
1.00,1262,-8.432,3.012,5.257
1.00,1263,-2.606,-1.599,2.603
1.00,1264,2.692,-1.728,2.599
1.00,1265,0.047,6.298,-2.397
1.00,1266,6.354,8.285,9.741
1.00,1267,2.902,-1.386,2.624
1.00,1268,-5.181,-2.939,-2.433
1.00,1269,-0.018,2.725,2.599
1.00,1270,5.139,-2.999,-2.444
1.00,1271,0.115,5.768,-2.408
1.00,1272,-0.086,3.009,2.611
1.00,1273,-2.897,2.075,-2.451
1.00,1274,-0.069,-3.244,-2.447
1.00,1275,2.651,-1.599,2.597
1.00,1276,0.047,6.291,-2.397
1.00,1277,-8.972,-4.383,0.463
1.00,1278,-9.663,-8.225,7.204
1.00,1279,-0.107,0.415,7.668
1.00,1280,-4.040,-1.461,2.549
1.00,1281,-1.198,6.567,-2.721
1.00,1282,-0.065,-3.244,-2.447
1.00,1283,5.217,-3.027,-2.442
1.00,1284,5.045,-7.090,3.666
1.00,1285,5.062,6.674,-5.123
1.00,1286,2.991,2.038,-2.444
1.00,1287,1.338,8.002,1.448
1.00,1288,6.696,0.598,2.915
1.00,1289,0.899,1.592,2.680
1.00,1290,2.651,-1.600,2.597
1.00,1291,0.041,6.350,-2.397
1.00,1292,-0.018,2.723,2.599
1.00,1293,2.991,2.038,-2.444
1.00,1294,-2.897,2.075,-2.451
1.00,1295,-8.009,7.369,-5.938
1.00,1296,2.652,-1.600,2.597
1.00,1297,5.335,-3.102,-2.440
1.00,1298,2.991,2.038,-2.444
1.00,1299,-2.909,2.061,-2.451
1.00,1300,2.650,-1.599,2.597
1.00,1301,-9.039,-9.667,6.251
1.00,1302,0.043,6.356,-2.397
1.00,1303,-2.658,-1.597,2.605
1.00,1304,3.056,4.276,6.688
1.00,1305,2.992,2.038,-2.444
1.00,1306,-7.110,-1.039,7.965
1.00,1307,-7.515,9.675,-6.379
1.00,1308,-2.612,-1.602,2.603
1.00,1309,2.991,2.038,-2.444
1.00,1310,0.065,6.253,-2.398
1.00,1311,-0.056,0.054,7.682
1.00,1312,-2.583,-1.588,2.603
1.00,1313,2.652,-1.600,2.597
1.00,1314,-0.078,-3.244,-2.447
1.00,1315,2.652,-1.600,2.597
1.00,1316,5.141,-2.989,-2.444
1.00,1317,2.658,-1.603,2.597
1.00,1318,5.077,-2.968,-2.445
1.00,1319,-0.184,-3.248,-2.448
1.00,1320,-0.056,0.052,7.682
1.00,1321,2.991,2.039,-2.444
1.00,1322,-1.544,-0.076,7.115
1.00,1323,-8.401,4.172,3.158
1.00,1324,-5.180,-2.939,-2.433
1.00,1325,-8.975,2.824,6.048
1.00,1326,-5.173,-2.933,-2.433
1.00,1327,-3.067,-8.456,-10.847
1.00,1328,-0.056,0.053,7.682
1.00,1329,2.911,2.134,-2.447
1.00,1330,5.139,-2.999,-2.443
1.00,1331,5.762,-4.995,-9.193
1.00,1332,-2.964,1.997,-2.447
1.00,1333,-7.160,-2.326,1.890
1.00,1334,5.140,-2.999,-2.443
1.00,1335,3.031,1.992,-2.442
1.00,1336,-5.912,1.429,0.159
1.00,1337,2.652,-1.600,2.597
1.00,1338,3.485,2.002,-2.456
1.00,1339,2.652,-1.600,2.597
1.00,1340,1.677,-1.554,6.419
1.00,1341,8.157,8.515,-10.489
1.00,1342,-0.072,-3.244,-2.447
1.00,1343,-1.762,6.511,3.343
1.00,1344,-2.897,2.076,-2.451
1.00,1345,-0.018,2.720,2.599
1.00,1346,-5.306,-0.396,2.085
1.00,1347,3.088,1.946,-2.439
1.00,1348,-0.053,-3.243,-2.447
1.00,1349,-7.574,1.940,-7.774
1.00,1350,-5.181,-2.939,-2.433
1.00,1351,3.059,1.951,-2.440
1.00,1352,8.647,-8.197,-3.694
1.00,1353,8.153,-1.613,1.929
1.00,1354,-2.899,2.074,-2.451
1.00,1355,-0.018,2.719,2.599
1.00,1356,-2.623,-1.608,2.604
1.00,1357,-0.018,2.720,2.599
1.00,1358,8.022,6.226,-6.439
1.00,1359,-0.075,-3.244,-2.447
1.00,1360,2.651,-1.600,2.597
1.00,1361,-5.181,-2.939,-2.433
1.00,1362,-0.018,2.719,2.599
1.00,1363,-3.847,2.583,-11.209
1.00,1364,2.923,-6.368,8.969
1.00,1365,5.134,-2.970,-2.444
1.00,1366,-4.858,-3.286,-2.440
1.00,1367,0.047,6.296,-2.397
1.00,1368,-0.121,-3.246,-2.448
1.00,1369,-5.181,-2.938,-2.433
1.00,1370,0.047,6.293,-2.397
1.00,1371,-7.463,-0.678,3.101
1.00,1372,0.048,6.279,-2.397
1.00,1373,2.648,-1.598,2.597
1.00,1374,2.652,-1.600,2.597
1.00,1375,5.133,-2.999,-2.444
1.00,1376,0.053,6.206,-2.399
1.00,1377,0.065,5.937,-2.404
1.00,1378,8.976,-1.665,-9.903
1.00,1379,2.648,-1.596,2.597
1.00,1380,0.045,6.309,-2.397
1.00,1381,-1.468,0.312,-8.425
1.00,1382,2.992,2.038,-2.444
1.00,1383,-8.012,-7.046,3.402
1.00,1384,5.702,-8.954,-3.058
1.00,1385,0.013,-3.246,-2.447
1.00,1386,2.587,6.301,2.701
1.00,1387,0.927,1.413,9.683
1.00,1388,2.696,-1.612,2.598
1.00,1389,-0.069,-3.244,-2.447
1.00,1390,-0.018,2.718,2.599
1.00,1391,6.491,-3.232,-2.502
1.00,1392,2.654,-1.601,2.597
1.00,1393,-2.607,-1.600,2.603
1.00,1394,5.140,-2.999,-2.443
1.00,1395,9.208,5.353,9.166
1.00,1396,-0.072,-3.244,-2.447
1.00,1397,0.044,6.356,-2.397
1.00,1398,0.044,6.338,-2.396
1.00,1399,-0.068,-3.244,-2.447
1.00,1400,2.651,-1.599,2.597
1.00,1401,-0.072,-3.244,-2.447
1.00,1402,2.650,-1.599,2.597
1.00,1403,2.451,7.582,-7.513
1.00,1404,-2.897,2.075,-2.451
1.00,1405,-0.106,-3.245,-2.448
1.00,1406,4.532,8.271,9.549
1.00,1407,6.370,-3.094,-2.415
1.00,1408,2.878,-1.651,2.604
1.00,1409,-2.609,-1.601,2.603
1.00,1410,-2.491,-7.790,-3.848
1.00,1411,0.047,6.290,-2.397
1.00,1412,-4.085,1.184,-2.492
1.00,1413,1.624,-3.512,-2.476
1.00,1414,2.992,2.038,-2.444
1.00,1415,-9.512,-7.582,-2.831
1.00,1416,-2.290,1.575,0.422
1.00,1417,-2.892,2.082,-2.452
1.00,1418,-5.181,-2.939,-2.433
1.00,1419,-9.336,0.865,1.957
1.00,1420,-0.067,2.817,2.602
1.00,1421,-2.895,2.078,-2.452
1.00,1422,1.362,1.341,5.932
1.00,1423,-0.067,-3.244,-2.447
1.00,1424,-5.267,-2.917,-2.434
1.00,1425,0.047,6.288,-2.397
1.00,1426,-5.181,-2.939,-2.433
1.00,1427,-5.186,-2.923,-2.433
1.00,1428,-5.256,-2.967,-2.432
1.00,1429,5.140,-2.999,-2.443
1.00,1430,-2.611,-1.602,2.603
1.00,1431,5.519,-6.443,1.163
1.00,1432,-0.018,2.721,2.599
1.00,1433,-0.018,2.722,2.599
1.00,1434,2.645,-1.596,2.596
1.00,1435,-2.881,2.096,-2.452
1.00,1436,2.652,-1.600,2.597
1.00,1437,-9.737,-5.282,3.747
1.00,1438,2.652,-1.600,2.597
1.00,1439,-2.859,2.121,-2.454
1.00,1440,0.048,6.312,-2.397
1.00,1441,5.141,-3.000,-2.443
1.00,1442,-2.897,2.076,-2.451
1.00,1443,2.652,-1.600,2.597
1.00,1444,0.875,0.585,-10.764
1.00,1445,2.991,2.038,-2.444
1.00,1446,0.063,6.184,-2.400
1.00,1447,-2.897,2.075,-2.451
1.00,1448,2.994,2.035,-2.444
1.00,1449,-8.026,3.038,-1.238
1.00,1450,2.981,2.050,-2.444
1.00,1451,-2.671,-1.633,2.605
1.00,1452,-0.067,-3.244,-2.447
1.00,1453,-9.760,-9.413,-7.878
1.00,1454,2.992,2.038,-2.444
1.00,1455,7.147,3.682,-7.066
1.00,1456,-1.427,-5.959,2.773
1.00,1457,0.051,6.241,-2.398
1.00,1458,0.047,6.293,-2.397
1.00,1459,2.057,0.712,0.064
1.00,1460,2.052,3.704,6.393
1.00,1461,-5.181,-2.939,-2.433
1.00,1462,6.669,-5.327,4.167
1.00,1463,-2.899,2.074,-2.451
1.00,1464,0.097,1.594,-1.642
1.00,1465,3.039,1.962,-2.441
1.00,1466,2.108,-2.215,8.371
1.00,1467,-5.182,-2.939,-2.433
1.00,1468,0.046,6.305,-2.397
1.00,1469,3.722,-1.619,7.615
1.00,1470,5.143,-2.962,-2.444
1.00,1471,2.623,-1.584,2.596
1.00,1472,-5.675,-2.772,-2.442
1.00,1473,-7.463,-4.520,-2.407
1.00,1474,-0.056,0.052,7.682
1.00,1475,1.650,-3.074,-2.500
1.00,1476,2.346,-4.188,9.869
1.00,1477,5.140,-2.999,-2.443
1.00,1478,2.653,-1.601,2.597
1.00,1479,-8.629,-1.012,-9.918
1.00,1480,-5.123,2.520,-2.242
1.00,1481,-9.497,3.817,0.450
1.00,1482,-0.138,2.784,2.599
1.00,1483,-2.608,-1.600,2.603
1.00,1484,-3.247,-2.312,6.467
1.00,1485,-1.375,1.648,-9.104
1.00,1486,-0.056,0.052,7.682
1.00,1487,2.650,-1.599,2.597
1.00,1488,2.309,5.592,1.596
1.00,1489,2.991,2.038,-2.444
1.00,1490,-0.074,-3.244,-2.447
1.00,1491,-0.020,2.761,2.601
1.00,1492,0.046,6.308,-2.397
1.00,1493,4.916,0.019,7.942
1.00,1494,-0.087,-3.245,-2.447
1.00,1495,-3.361,-2.420,2.573
1.00,1496,-0.018,2.716,2.599
1.00,1497,-0.018,2.719,2.599
1.00,1498,-0.024,6.584,-2.404
1.00,1499,3.002,2.025,-2.443
1.00,1500,-2.897,2.076,-2.451
1.00,1501,-2.612,-1.603,2.603
1.00,1502,-0.084,2.857,2.603
1.00,1503,6.709,1.984,7.550
1.00,1504,2.992,2.038,-2.444
1.00,1505,-4.419,-7.627,-8.635
1.00,1506,0.553,-1.720,-4.462
1.00,1507,-5.181,-2.939,-2.433
1.00,1508,-10.012,9.956,8.326
1.00,1509,-0.056,-3.243,-2.447
1.00,1510,-8.468,3.133,5.972
1.00,1511,0.043,6.285,-2.397
1.00,1512,5.182,-3.014,-2.443
1.00,1513,-2.611,-1.602,2.603
1.00,1514,5.842,4.423,7.861
1.00,1515,-7.425,-5.697,0.651
1.00,1516,-0.073,-3.244,-2.447
1.00,1517,-6.434,5.779,-3.063
1.00,1518,0.958,-1.294,-10.880
1.00,1519,-2.858,2.120,-2.454
1.00,1520,5.141,-2.999,-2.443
1.00,1521,-3.104,7.328,8.664
1.00,1522,-5.178,-2.939,-2.433
1.00,1523,5.140,-3.000,-2.443
1.00,1524,-5.182,-2.939,-2.433
1.00,1525,-2.897,2.076,-2.451
1.00,1526,-0.018,2.719,2.599
1.00,1527,8.237,8.021,-3.708
1.00,1528,5.137,-2.997,-2.444
1.00,1529,5.145,-2.999,-2.443
1.00,1530,4.983,-2.966,-2.448
1.00,1531,0.182,6.761,-2.416
1.00,1532,-8.491,0.844,-9.916
1.00,1533,-0.056,0.056,7.682
1.00,1534,-9.327,-8.371,-10.955
1.00,1535,-7.573,9.977,2.174
1.00,1536,5.866,-3.205,-1.999
1.00,1537,2.991,2.038,-2.444
1.00,1538,-0.018,2.719,2.599
1.00,1539,5.146,-3.003,-2.443
1.00,1540,-2.615,-1.604,2.604
1.00,1541,-2.897,2.075,-2.451
1.00,1542,-5.136,-2.941,-2.432
1.00,1543,-0.056,0.052,7.682
1.00,1544,0.150,4.576,7.369
1.00,1545,-2.897,2.075,-2.451
1.00,1546,5.297,-2.882,-2.445
1.00,1547,-2.897,2.075,-2.451
1.00,1548,1.644,3.385,2.959
1.00,1549,4.848,-9.345,6.994
1.00,1550,3.843,-3.414,-2.029
1.00,1551,2.991,2.038,-2.444
1.00,1552,-2.932,1.896,-2.448
1.00,1553,-1.114,1.334,5.915
1.00,1554,9.170,-8.893,-8.572
1.00,1555,-7.256,-8.406,3.459
1.00,1556,0.048,6.283,-2.397
1.00,1557,-2.608,-1.601,2.603
1.00,1558,-0.056,0.052,7.682
1.00,1559,-2.897,2.076,-2.451
1.00,1560,-2.897,2.075,-2.451
1.00,1561,-5.185,-2.941,-2.433
1.00,1562,-1.814,-7.870,2.444
1.00,1563,-0.018,2.719,2.599
1.00,1564,-0.019,2.734,2.600
1.00,1565,-0.069,-3.244,-2.447
1.00,1566,-5.180,-2.939,-2.433
1.00,1567,-2.619,2.478,-2.464
1.00,1568,0.048,6.283,-2.397
1.00,1569,-5.184,-2.940,-2.433
1.00,1570,-5.169,-2.941,-2.433
1.00,1571,1.503,2.380,5.822
1.00,1572,-0.056,0.052,7.682
1.00,1573,-2.873,2.106,-2.453
1.00,1574,2.993,2.036,-2.444
1.00,1575,-2.897,2.075,-2.451
1.00,1576,0.048,6.277,-2.397
1.00,1577,-2.897,2.075,-2.451
1.00,1578,-7.788,5.928,9.337
1.00,1579,-7.927,-9.729,-3.519
1.00,1580,-0.018,2.719,2.599
1.00,1581,-9.026,-6.191,5.853
1.00,1582,-0.072,-3.244,-2.447
1.00,1583,-0.018,2.719,2.599
1.00,1584,5.249,-3.011,-2.443
1.00,1585,-6.297,8.900,-8.321
1.00,1586,-5.181,-2.939,-2.433
1.00,1587,2.993,2.036,-2.444
1.00,1588,9.437,9.785,3.054
1.00,1589,-2.896,2.077,-2.451
1.00,1590,-2.608,-1.600,2.603
1.00,1591,-0.685,2.282,5.762
1.00,1592,6.661,9.743,7.220
1.00,1593,-0.018,2.725,2.599
1.00,1594,-6.706,-1.024,-4.281
1.00,1595,-0.014,-4.236,3.728
1.00,1596,5.614,1.278,6.765
1.00,1597,1.299,-1.909,-6.603
1.00,1598,-0.018,2.720,2.599
1.00,1599,-0.018,2.720,2.599
1.00,1600,-1.141,-3.430,-2.453
1.00,1601,-2.897,2.075,-2.451
1.00,1602,-2.608,-1.600,2.603
1.00,1603,-0.071,-3.244,-2.447
1.00,1604,-6.802,-2.313,-6.620
1.00,1605,1.002,4.432,7.596
1.00,1606,-2.615,-1.603,2.604
1.00,1607,5.140,-2.999,-2.443
1.00,1608,5.141,-3.000,-2.443
1.00,1609,-2.895,2.078,-2.452
1.00,1610,-2.897,2.075,-2.451
1.00,1611,5.782,7.402,-5.198
1.00,1612,5.223,-2.856,-2.446
1.00,1613,-1.875,9.621,2.041
1.00,1614,-0.018,2.719,2.599
1.00,1615,4.515,-7.147,-10.738
1.00,1616,2.993,2.036,-2.444
1.00,1617,-0.056,0.052,7.682
1.00,1618,-0.018,2.719,2.599
1.00,1619,2.740,-1.606,2.599
1.00,1620,7.205,-7.054,-3.872
1.00,1621,0.047,6.299,-2.397
1.00,1622,0.049,6.266,-2.398
1.00,1623,-0.466,-3.215,-2.450
1.00,1624,2.667,-1.607,2.597
1.00,1625,2.695,-1.625,2.598
1.00,1626,-6.549,8.814,0.066
1.00,1627,-2.064,2.039,-2.503
1.00,1628,2.294,-2.646,7.253
1.00,1629,2.652,-1.601,2.597
1.00,1630,2.650,-1.599,2.597
1.00,1631,-5.181,-2.939,-2.433
1.00,1632,5.140,-2.999,-2.443
1.00,1633,-5.182,-2.939,-2.433
1.00,1634,0.049,6.255,-2.398
1.00,1635,-4.749,3.151,6.762
1.00,1636,-0.075,-3.244,-2.447
1.00,1637,-1.711,-3.214,-2.477
1.00,1638,-9.402,-9.705,6.191
1.00,1639,-1.069,1.529,0.228
1.00,1640,-0.072,-3.244,-2.447
1.00,1641,-9.593,5.179,-1.518
1.00,1642,-0.018,2.720,2.599
1.00,1643,-5.181,-2.939,-2.433
1.00,1644,2.292,-3.677,3.475
1.00,1645,-0.061,-3.243,-2.447
1.00,1646,1.705,0.783,-2.705
1.00,1647,-2.897,2.075,-2.451
1.00,1648,6.428,-3.743,9.908
1.00,1649,2.991,2.038,-2.444
1.00,1650,-0.072,-3.244,-2.447
1.00,1651,4.070,2.377,7.339
1.00,1652,-0.018,2.719,2.599
1.00,1653,-2.241,7.133,8.914
1.00,1654,0.048,6.284,-2.397
1.00,1655,-7.515,5.207,6.306
1.00,1656,-0.062,0.091,7.681
1.00,1657,-0.019,2.732,2.600
1.00,1658,-2.933,2.018,-2.449
1.00,1659,5.135,-2.997,-2.444
1.00,1660,2.991,2.039,-2.444
1.00,1661,-0.018,2.714,2.599
1.00,1662,-5.269,-4.759,2.318
1.00,1663,-2.783,-1.655,2.608
1.00,1664,5.538,-3.595,-2.454
1.00,1665,3.000,2.028,-2.444
1.00,1666,9.782,-4.903,6.491
1.00,1667,1.095,2.968,-4.821
1.00,1668,-0.075,-3.244,-2.447
1.00,1669,-2.901,2.070,-2.451
1.00,1670,-0.018,2.719,2.599
1.00,1671,6.347,-1.580,2.686
1.00,1672,-0.018,2.720,2.599
1.00,1673,5.296,-7.832,2.699
1.00,1674,-8.175,-9.826,-11.180
1.00,1675,2.651,-1.599,2.597
1.00,1676,2.673,-2.013,2.588
1.00,1677,-0.018,2.719,2.599
1.00,1678,-0.313,-6.238,-10.095
1.00,1679,-2.599,-1.596,2.603
1.00,1680,2.405,-0.514,2.925
1.00,1681,2.491,8.245,-7.455
1.00,1682,0.040,6.333,-2.396
1.00,1683,-2.896,2.077,-2.451
1.00,1684,-2.608,-1.600,2.603
1.00,1685,-2.064,8.089,-10.798
1.00,1686,3.044,1.975,-2.441
1.00,1687,-0.808,8.575,9.851
1.00,1688,-0.018,2.719,2.599
1.00,1689,-0.018,2.719,2.599
1.00,1690,0.073,-3.232,-2.448
1.00,1691,2.991,2.039,-2.444
1.00,1692,3.145,4.649,10.050
1.00,1693,-5.342,-7.612,-11.168
1.00,1694,-2.892,2.049,-2.451
1.00,1695,-3.316,0.289,-1.226
1.00,1696,5.319,-8.660,3.502
1.00,1697,-1.059,9.381,1.883
1.00,1698,-2.777,2.326,-2.458
1.00,1699,-0.113,2.323,2.564
1.00,1700,-0.018,2.719,2.599
1.00,1701,2.654,-1.601,2.597
1.00,1702,-0.056,0.052,7.682
1.00,1703,-8.855,-8.560,-7.637
1.00,1704,4.665,8.287,0.125
1.00,1705,2.792,2.193,-2.451
1.00,1706,-0.018,2.719,2.599
1.00,1707,0.046,6.306,-2.397
1.00,1708,0.090,3.055,2.613
1.00,1709,-0.072,-3.244,-2.447
1.00,1710,0.046,6.308,-2.397
1.00,1711,2.991,2.038,-2.444
1.00,1712,-6.120,-4.593,-9.879
1.00,1713,2.365,2.139,-2.445
1.00,1714,-5.159,-2.951,-2.432
1.00,1715,-0.018,2.719,2.599
1.00,1716,-0.267,-3.251,-2.448
1.00,1717,2.651,-1.600,2.597
1.00,1718,2.992,2.035,-2.444
1.00,1719,3.227,-1.734,2.611
1.00,1720,7.304,1.663,-1.076
1.00,1721,-0.649,-3.634,-2.438
1.00,1722,2.585,-1.792,2.595
1.00,1723,-2.899,2.073,-2.451
1.00,1724,-0.020,2.772,2.602
1.00,1725,-5.181,-2.939,-2.433
1.00,1726,-6.984,-8.913,-3.441
1.00,1727,-0.056,0.052,7.682
1.00,1728,-0.018,2.731,2.600
1.00,1729,-5.181,-2.939,-2.433
1.00,1730,-0.064,-3.243,-2.447
1.00,1731,-2.900,2.072,-2.451
1.00,1732,3.381,7.529,3.173
1.00,1733,2.767,-1.633,2.605
1.00,1734,2.436,8.845,-8.564
1.00,1735,-0.018,2.720,2.599
1.00,1736,-5.298,-8.083,-6.534
1.00,1737,5.765,8.072,-9.098
1.00,1738,2.913,2.127,-2.447
1.00,1739,-0.056,0.052,7.682
1.00,1740,-0.056,0.052,7.682
1.00,1741,2.651,-1.600,2.597
1.00,1742,-2.897,2.075,-2.451
1.00,1743,0.047,6.298,-2.397
1.00,1744,-2.881,2.099,-2.452
1.00,1745,-0.018,2.719,2.599
1.00,1746,1.554,-1.494,1.984
1.00,1747,2.992,2.037,-2.444
1.00,1748,2.444,-5.122,0.869
1.00,1749,-0.018,2.719,2.599
1.00,1750,-0.068,-3.244,-2.447
1.00,1751,3.359,7.317,5.755
1.00,1752,-4.795,-1.319,2.523
1.00,1753,0.047,6.293,-2.397
1.00,1754,-2.596,-1.594,2.603
1.00,1755,0.245,6.707,-2.416
1.00,1756,-2.892,2.916,7.158
1.00,1757,-0.397,-3.479,-2.441
1.00,1758,2.652,-1.600,2.597
1.00,1759,-2.764,2.452,-7.498
1.00,1760,0.047,6.294,-2.397
1.00,1761,-5.183,-2.939,-2.433
1.00,1762,2.654,-1.601,2.597
1.00,1763,-2.516,-1.558,2.599
1.00,1764,-2.615,-1.604,2.604
1.00,1765,0.047,6.293,-2.397
1.00,1766,-5.181,-2.939,-2.433
1.00,1767,-5.181,-2.939,-2.433
1.00,1768,-4.687,1.888,-4.299
1.00,1769,1.823,-0.512,-3.776
1.00,1770,2.991,2.038,-2.444
1.00,1771,-2.902,2.070,-2.451
1.00,1772,0.310,-3.213,-2.452
1.00,1773,5.097,-2.985,-2.444
1.00,1774,-9.318,2.514,-7.715
1.00,1775,-7.672,-4.407,1.944
1.00,1776,0.066,6.079,-2.401
1.00,1777,-5.241,-2.956,-2.433
1.00,1778,-4.599,-2.748,-2.455
1.00,1779,-5.181,-2.939,-2.433
1.00,1780,-0.026,2.673,2.596
1.00,1781,5.155,-3.007,-2.443
1.00,1782,2.652,-1.600,2.597
1.00,1783,-0.934,-1.607,7.475
1.00,1784,-1.411,-8.425,-1.964
1.00,1785,-2.897,2.076,-2.451
1.00,1786,-6.976,8.395,-10.347
1.00,1787,-0.088,-3.245,-2.447
1.00,1788,4.204,6.400,-2.085
1.00,1789,-1.429,5.288,-2.449
1.00,1790,-3.284,1.997,-2.445
1.00,1791,0.047,6.294,-2.397
1.00,1792,0.047,6.300,-2.397
1.00,1793,2.991,2.038,-2.444
1.00,1794,-2.887,2.088,-2.452
1.00,1795,2.991,2.038,-2.444
1.00,1796,-2.590,-1.592,2.603
1.00,1797,-2.608,-1.600,2.603
1.00,1798,0.047,6.297,-2.397
1.00,1799,-0.056,0.052,7.682
1.00,1800,-5.179,-2.933,-2.433
1.00,1801,2.655,-1.601,2.597
1.00,1802,-2.949,2.010,-2.448
1.00,1803,-2.543,2.169,-2.459
1.00,1804,-1.363,-7.459,-1.549
1.00,1805,2.642,-1.599,2.596
1.00,1806,-2.608,-1.600,2.603
1.00,1807,0.224,-3.194,-2.451
1.00,1808,2.651,-1.599,2.597
1.00,1809,-0.056,0.052,7.682
1.00,1810,-0.229,6.675,-2.413
1.00,1811,5.019,-3.066,-2.445
1.00,1812,-0.030,-3.242,-2.447
1.00,1813,-0.072,-3.244,-2.447
1.00,1814,-0.056,0.052,7.682
1.00,1815,2.754,2.184,-2.452
1.00,1816,-9.571,0.754,1.622
1.00,1817,5.141,-3.000,-2.443
1.00,1818,-9.027,7.704,-5.220
1.00,1819,-0.018,2.719,2.599
1.00,1820,7.937,5.895,8.387
1.00,1821,-0.065,-3.244,-2.447
1.00,1822,5.150,-3.001,-2.443
1.00,1823,0.031,-0.357,7.665
1.00,1824,8.219,8.533,-1.112
1.00,1825,-5.203,-2.962,-2.432
1.00,1826,5.783,9.373,-2.972
1.00,1827,-0.018,2.719,2.599
1.00,1828,-9.480,3.287,4.677
1.00,1829,-0.018,2.719,2.599
1.00,1830,5.140,-2.999,-2.443
1.00,1831,-2.627,-1.610,2.604
1.00,1832,5.140,-2.999,-2.443
1.00,1833,-9.532,3.313,7.701
1.00,1834,9.853,0.960,5.254
1.00,1835,-5.182,-3.012,-2.431
1.00,1836,2.652,-1.600,2.597
1.00,1837,-0.017,-3.241,-2.447
1.00,1838,-8.313,8.243,-1.609
1.00,1839,-2.869,2.108,-2.453
1.00,1840,-0.018,2.720,2.599
1.00,1841,-5.182,-2.939,-2.433
1.00,1842,-0.769,1.543,2.093
1.00,1843,-2.897,2.075,-2.451
1.00,1844,-0.018,2.719,2.599
1.00,1845,1.158,9.575,5.196
1.00,1846,6.750,-1.933,0.649
1.00,1847,5.095,-2.985,-2.444
1.00,1848,4.086,5.219,-1.744
1.00,1849,-0.019,2.705,2.598
1.00,1850,-0.076,-3.244,-2.447
1.00,1851,-8.577,8.088,-11.204
1.00,1852,-0.073,-3.244,-2.447
1.00,1853,-2.896,2.077,-2.451
1.00,1854,5.498,-1.201,7.464
1.00,1855,2.651,-1.600,2.597
1.00,1856,-0.018,2.725,2.599
1.00,1857,-2.915,2.054,-2.450
1.00,1858,-2.897,2.076,-2.451
1.00,1859,-0.018,2.720,2.599
1.00,1860,2.649,-1.598,2.597
1.00,1861,-0.018,2.720,2.599
1.00,1862,5.139,-2.999,-2.443
1.00,1863,2.652,-1.600,2.597
1.00,1864,-0.056,0.052,7.682
1.00,1865,0.046,6.300,-2.397
1.00,1866,-0.018,2.719,2.599
1.00,1867,-0.018,2.727,2.599
1.00,1868,-2.754,2.242,-2.459
1.00,1869,7.522,7.509,-6.844
1.00,1870,-1.519,-7.574,0.829
1.00,1871,-2.608,-1.600,2.603
1.00,1872,0.048,6.284,-2.397
1.00,1873,-0.056,0.052,7.682
1.00,1874,-0.018,2.719,2.599
1.00,1875,2.652,-1.600,2.597
1.00,1876,-2.887,2.038,-2.451
1.00,1877,2.992,2.038,-2.444
1.00,1878,-0.018,2.719,2.599
1.00,1879,-2.604,-1.598,2.603
1.00,1880,-0.056,0.053,7.682
1.00,1881,2.652,-1.600,2.597
1.00,1882,-2.614,-1.603,2.603
1.00,1883,-4.556,-8.081,7.183
1.00,1884,-2.897,2.075,-2.451
1.00,1885,-5.182,-2.939,-2.433
1.00,1886,0.047,6.292,-2.397
1.00,1887,-0.018,2.719,2.599
1.00,1888,3.540,7.720,-11.036
1.00,1889,-4.941,-8.737,-11.107
1.00,1890,5.140,-2.999,-2.443
1.00,1891,-3.021,1.919,-2.444
1.00,1892,-2.081,-1.189,2.556
1.00,1893,-0.090,-3.245,-2.447
1.00,1894,-0.018,2.719,2.599
1.00,1895,0.268,-2.630,-2.504
1.00,1896,-0.018,2.719,2.599
1.00,1897,5.327,-2.979,-2.443
1.00,1898,-5.071,-3.504,-2.437
1.00,1899,-0.334,-5.789,-5.925
1.00,1900,5.161,-3.005,-2.443
1.00,1901,-0.075,-3.244,-2.447
1.00,1902,-5.182,-2.939,-2.433
1.00,1903,-0.075,-3.227,-2.448
1.00,1904,2.671,-1.628,2.597
1.00,1905,-8.474,4.394,8.060
1.00,1906,-0.018,2.719,2.599
1.00,1907,-1.754,-4.117,2.983
1.00,1908,-5.181,-2.939,-2.433
1.00,1909,5.141,-3.000,-2.443
1.00,1910,-1.123,-6.161,-6.195
1.00,1911,3.691,-1.860,8.559
1.00,1912,-2.613,-1.603,2.603
1.00,1913,3.129,2.160,-2.443
1.00,1914,5.085,-2.992,-2.444
1.00,1915,0.047,6.291,-2.397
1.00,1916,-5.181,-2.939,-2.433
1.00,1917,5.937,2.078,3.473
1.00,1918,7.698,3.238,-2.122
1.00,1919,8.395,4.069,5.104
1.00,1920,5.160,-3.015,-2.443
1.00,1921,3.116,9.621,-0.641
1.00,1922,-2.898,2.075,-2.451
1.00,1923,-2.981,-8.578,-3.918
1.00,1924,2.992,2.038,-2.444
1.00,1925,0.039,6.361,-2.397
1.00,1926,0.047,6.293,-2.397
1.00,1927,-0.072,-3.244,-2.447
1.00,1928,-4.564,-1.591,-2.775
1.00,1929,0.050,6.241,-2.398
1.00,1930,0.044,6.841,-2.414
1.00,1931,-5.127,-2.941,-2.432
1.00,1932,-5.181,-2.939,-2.433
1.00,1933,-0.069,-3.244,-2.447
1.00,1934,-1.661,-5.687,-10.152
1.00,1935,-2.516,7.784,6.884
1.00,1936,-5.186,-2.936,-2.433
1.00,1937,-2.897,2.076,-2.451
1.00,1938,-0.056,0.052,7.682
1.00,1939,2.984,2.047,-2.444
1.00,1940,-7.997,0.359,-2.824
1.00,1941,-2.897,2.075,-2.451
1.00,1942,-0.018,2.721,2.599
1.00,1943,7.006,-2.310,-2.814
1.00,1944,1.825,2.608,-2.306
1.00,1945,-5.185,-2.939,-2.433
1.00,1946,2.635,-1.590,2.596
1.00,1947,2.991,2.039,-2.444
1.00,1948,-2.897,2.076,-2.451
1.00,1949,-2.608,-1.600,2.603
1.00,1950,-5.413,4.467,4.508
1.00,1951,2.661,-1.605,2.597
1.00,1952,-9.327,-7.870,-7.937
1.00,1953,-1.122,5.526,-2.475
1.00,1954,2.993,2.036,-2.444
1.00,1955,-4.780,-2.483,-2.460
1.00,1956,5.171,-3.020,-2.443
1.00,1957,-0.018,2.720,2.599
1.00,1958,-5.181,-2.939,-2.433
1.00,1959,-0.016,2.759,2.601
1.00,1960,-5.181,-2.939,-2.433
1.00,1961,5.140,-2.999,-2.443
1.00,1962,-0.147,-3.203,-2.449
1.00,1963,-5.182,-2.939,-2.433
1.00,1964,-0.683,-3.225,-2.452
1.00,1965,5.398,-3.100,-2.440
1.00,1966,-0.018,2.723,2.599
1.00,1967,5.512,-3.806,-2.213
1.00,1968,-0.060,0.071,7.682
1.00,1969,-5.634,8.940,-10.396
1.00,1970,-2.659,-1.626,2.605
1.00,1971,-0.813,-1.820,-2.714
1.00,1972,-0.054,0.088,7.681
1.00,1973,-2.608,-1.601,2.603
1.00,1974,-6.820,6.449,1.668
1.00,1975,5.003,-2.948,-2.448
1.00,1976,0.046,6.302,-2.397
1.00,1977,5.097,-3.726,-2.463
1.00,1978,-0.076,-3.244,-2.447
1.00,1979,-2.897,2.076,-2.451
1.00,1980,5.142,-3.001,-2.443
1.00,1981,2.892,2.155,-2.448
1.00,1982,-0.056,0.052,7.682
1.00,1983,-2.897,2.076,-2.451
1.00,1984,2.991,2.039,-2.444
1.00,1985,0.065,6.173,-2.400
1.00,1986,-2.933,2.029,-2.449
1.00,1987,-5.997,-7.421,-9.733
1.00,1988,5.158,-3.009,-2.443
1.00,1989,0.750,-3.149,-2.463
1.00,1990,-2.898,2.075,-2.451
1.00,1991,-5.181,-2.939,-2.433
1.00,1992,-0.018,2.721,2.599
1.00,1993,-2.602,-1.598,2.603
1.00,1994,2.842,-1.700,2.604
1.00,1995,2.991,2.038,-2.444
1.00,1996,-7.945,-1.997,3.979
1.00,1997,4.001,-8.823,-10.851
1.00,1998,-3.711,-8.146,-6.075
1.00,1999,5.105,8.671,-2.370
1.00,2000,-8.495,-0.445,-5.682
1.00,2001,-5.181,-2.939,-2.433
1.00,2002,-0.295,0.923,7.619
1.00,2003,-5.191,-2.936,-2.433
1.00,2004,5.117,-2.994,-2.444
1.00,2005,-5.129,-2.940,-2.432
1.00,2006,-2.793,2.201,-2.457
1.00,2007,-0.056,0.052,7.682
1.00,2008,-6.805,-5.691,-3.758
1.00,2009,-7.844,1.274,-10.816
1.00,2010,2.991,2.038,-2.444
1.00,2011,-5.173,-2.935,-2.433
1.00,2012,-3.736,2.803,-10.677
1.00,2013,-0.070,-3.244,-2.447
1.00,2014,0.425,-6.148,8.042
1.00,2015,2.719,-1.615,2.599
1.00,2016,-0.364,-3.194,-2.450
1.00,2017,-0.030,-3.240,-2.447
1.00,2018,0.047,6.285,-2.397
1.00,2019,-0.018,2.719,2.599
1.00,2020,2.991,2.039,-2.444
1.00,2021,5.156,-3.009,-2.443
1.00,2022,-2.897,2.076,-2.451
1.00,2023,-4.163,-5.276,-0.008
1.00,2024,3.770,2.802,-6.906
1.00,2025,4.771,-8.881,3.078
1.00,2026,-6.196,-3.561,-2.903
1.00,2027,-2.946,-2.952,2.091
1.00,2028,5.140,-2.999,-2.443
1.00,2029,2.991,2.038,-2.444
1.00,2030,2.992,2.037,-2.444
1.00,2031,4.543,0.217,-6.958
1.00,2032,-2.898,2.074,-2.451
1.00,2033,-2.904,2.067,-2.451
1.00,2034,0.339,0.140,-11.114
1.00,2035,0.044,6.331,-2.396
1.00,2036,2.652,-1.600,2.597
1.00,2037,-5.181,-2.939,-2.433
1.00,2038,-2.606,-1.600,2.603
1.00,2039,-3.548,-6.575,2.117
1.00,2040,-0.074,-3.244,-2.447
1.00,2041,-0.620,1.798,-8.880
1.00,2042,-5.123,-6.872,-9.254
1.00,2043,-5.157,-2.939,-2.433
1.00,2044,3.204,1.229,-2.457
1.00,2045,2.652,-1.600,2.597
1.00,2046,2.991,2.038,-2.444
1.00,2047,-5.181,-2.939,-2.433
1.00,2048,0.049,6.258,-2.398
1.00,2049,-0.014,-3.240,-2.447
1.00,2050,-5.181,-2.939,-2.433
1.00,2051,-2.614,-1.604,2.604
1.00,2052,-0.018,2.717,2.599
1.00,2053,-2.833,2.160,-2.455
1.00,2054,-0.345,-3.184,-2.451
1.00,2055,5.133,-3.003,-2.443
1.00,2056,1.064,1.348,-11.259
1.00,2057,-5.183,-2.940,-2.433
1.00,2058,-0.056,0.052,7.682
1.00,2059,-0.018,2.725,2.599
1.00,2060,-0.056,0.053,7.682
1.00,2061,-6.782,-2.099,-7.238
1.00,2062,-2.897,2.075,-2.451
1.00,2063,-2.621,-1.606,2.604
1.00,2064,3.799,3.903,-2.752
1.00,2065,-0.018,2.719,2.599
1.00,2066,-2.697,-1.633,2.606
1.00,2067,-0.073,-3.244,-2.447
1.00,2068,-0.019,2.712,2.599
1.00,2069,-0.018,2.719,2.599
1.00,2070,-2.897,2.076,-2.451
1.00,2071,-0.056,0.053,7.682
1.00,2072,6.885,7.937,8.384
1.00,2073,-7.761,9.500,-9.001
1.00,2074,2.664,-1.601,2.597
1.00,2075,-5.137,-2.951,-2.432
1.00,2076,-1.138,-3.252,-2.460
1.00,2077,-0.073,-3.244,-2.447
1.00,2078,-0.018,2.719,2.599
1.00,2079,-6.623,-0.236,3.897
1.00,2080,-2.899,2.073,-2.451
1.00,2081,0.047,6.296,-2.397
1.00,2082,9.016,5.534,-10.304
1.00,2083,0.046,6.299,-2.397
1.00,2084,-4.052,-2.341,5.254
1.00,2085,5.140,-2.999,-2.443
1.00,2086,-5.180,-2.939,-2.433
1.00,2087,-0.018,2.719,2.599
1.00,2088,-2.610,-1.601,2.603
1.00,2089,2.664,-1.606,2.597
1.00,2090,-5.181,-2.939,-2.433
1.00,2091,-0.136,-2.374,7.491
1.00,2092,-2.846,2.130,-2.454
1.00,2093,-4.368,6.578,-10.188
1.00,2094,-2.608,-1.600,2.603
1.00,2095,-0.453,6.478,3.071
1.00,2096,2.987,2.044,-2.444
1.00,2097,2.651,-1.600,2.597
1.00,2098,-0.072,-3.244,-2.447
1.00,2099,-0.079,-3.244,-2.447
1.00,2100,-5.887,-4.954,1.794
1.00,2101,-5.182,-2.939,-2.433
1.00,2102,5.069,-2.993,-2.444
1.00,2103,3.866,-8.030,7.345
1.00,2104,-2.512,-1.554,2.599
1.00,2105,-5.181,-2.939,-2.433
1.00,2106,2.677,-1.613,2.598
1.00,2107,2.990,2.040,-2.444
1.00,2108,-4.113,6.381,-6.538
1.00,2109,-0.765,-3.960,2.627
1.00,2110,-2.183,0.248,2.662
1.00,2111,2.991,2.038,-2.444
1.00,2112,-0.018,2.719,2.599
1.00,2113,0.045,6.323,-2.397
1.00,2114,-5.423,-3.005,-2.433
1.00,2115,-5.200,2.723,5.404
1.00,2116,0.226,4.772,-2.491
1.00,2117,-0.072,-3.244,-2.447
1.00,2118,-9.636,4.504,-3.134
1.00,2119,-2.608,-1.601,2.603
1.00,2120,-5.215,-2.936,-2.433
1.00,2121,-5.181,-2.949,-2.432
1.00,2122,-0.074,-3.244,-2.447
1.00,2123,-0.257,-3.259,2.597
1.00,2124,-5.182,-2.939,-2.433
1.00,2125,-0.019,2.735,2.600
1.00,2126,-4.575,-2.591,7.506
1.00,2127,0.048,6.283,-2.397
1.00,2128,-0.056,0.052,7.682
1.00,2129,-7.204,-0.218,4.541
1.00,2130,-0.072,-3.244,-2.447
1.00,2131,5.144,-3.001,-2.443
1.00,2132,-3.365,-2.362,2.579
1.00,2133,-0.066,-0.293,7.668
1.00,2134,0.959,0.189,1.610
1.00,2135,2.993,2.037,-2.444
1.00,2136,-2.609,-1.601,2.603
1.00,2137,2.619,-1.536,2.595
1.00,2138,-0.056,0.053,7.682
1.00,2139,0.047,6.285,-2.397
1.00,2140,2.666,-1.606,2.597
1.00,2141,0.341,2.104,-5.389
1.00,2142,-2.892,2.082,-2.452
1.00,2143,5.247,-3.022,-2.442
1.00,2144,-0.048,-3.243,-2.447
1.00,2145,-2.609,-1.601,2.603
1.00,2146,0.248,-0.017,7.676
1.00,2147,-6.291,5.206,-10.109
1.00,2148,2.991,2.039,-2.444
1.00,2149,1.285,-9.121,1.457
1.00,2150,-8.543,4.835,-3.006
1.00,2151,2.651,-1.599,2.597
1.00,2152,-0.057,-3.243,-2.447
1.00,2153,2.979,2.052,-2.444
1.00,2154,-3.467,0.202,-2.522
1.00,2155,-0.018,2.723,2.599
1.00,2156,2.991,2.039,-2.444
1.00,2157,0.047,6.297,-2.397
1.00,2158,-2.897,2.076,-2.451
1.00,2159,-0.018,2.719,2.599
1.00,2160,-0.023,2.835,2.605
1.00,2161,-2.603,-1.598,2.603
1.00,2162,-5.174,-2.939,-2.433
1.00,2163,-2.899,2.072,-2.451
1.00,2164,-3.141,-3.132,-2.495
1.00,2165,-1.867,4.173,2.280
1.00,2166,-2.897,2.075,-2.451
1.00,2167,8.307,-0.130,-11.312
1.00,2168,-7.090,2.509,8.533
1.00,2169,-5.131,-6.560,1.968
1.00,2170,0.047,6.299,-2.397
1.00,2171,9.368,-9.378,8.317
1.00,2172,-7.626,6.235,-10.117
1.00,2173,-0.068,-3.244,-2.447
1.00,2174,-0.071,-3.244,-2.447
1.00,2175,-9.844,-3.702,7.298
1.00,2176,-0.070,-3.244,-2.447
1.00,2177,-5.177,-2.946,-2.432
1.00,2178,5.141,-3.000,-2.443
1.00,2179,2.990,2.040,-2.444
1.00,2180,-0.069,-3.244,-2.447
1.00,2181,-5.183,-2.982,-2.432
1.00,2182,-8.244,4.478,-10.545
1.00,2183,-0.501,-3.256,-2.449
1.00,2184,-2.917,2.053,-2.450
1.00,2185,-5.286,-3.059,-2.430
1.00,2186,0.004,6.523,-2.401
1.00,2187,-5.181,-2.939,-2.433
1.00,2188,-0.018,2.719,2.599
1.00,2189,-0.018,2.719,2.599
1.00,2190,7.672,-4.722,8.487
1.00,2191,1.487,-0.249,7.660
1.00,2192,2.003,-1.916,5.627
1.00,2193,2.646,-1.596,2.596
1.00,2194,2.608,-1.584,2.595
1.00,2195,0.051,6.212,-2.399
1.00,2196,2.170,-2.947,8.539
1.00,2197,-0.074,-3.244,-2.447
1.00,2198,-0.073,-3.244,-2.447
1.00,2199,7.558,-5.976,5.459
1.00,2200,-0.018,2.720,2.599
1.00,2201,-2.292,-1.511,2.579
1.00,2202,0.704,5.656,1.310
1.00,2203,3.157,1.929,-2.437
1.00,2204,4.683,-4.229,6.084
1.00,2205,2.991,2.039,-2.444
1.00,2206,-2.608,-1.600,2.603
1.00,2207,5.142,-3.000,-2.443
1.00,2208,2.991,2.038,-2.444
1.00,2209,3.025,2.002,-2.442
1.00,2210,7.837,8.731,-5.510
1.00,2211,-5.181,-2.939,-2.433
1.00,2212,-5.185,-2.940,-2.433
1.00,2213,-0.056,0.052,7.682
1.00,2214,2.991,2.039,-2.444
1.00,2215,-0.056,0.053,7.682
1.00,2216,3.004,2.023,-2.443
1.00,2217,-2.787,-1.675,2.608
1.00,2218,-2.612,-1.602,2.603
1.00,2219,-0.072,-3.244,-2.447
1.00,2220,-0.019,2.722,2.599
1.00,2221,-2.897,2.075,-2.451
1.00,2222,-0.056,0.052,7.682
1.00,2223,5.140,-2.999,-2.443
1.00,2224,-0.018,2.719,2.599
1.00,2225,1.966,-2.958,1.674
1.00,2226,5.139,-2.998,-2.444
1.00,2227,-4.801,-1.154,1.512
1.00,2228,-5.181,-2.939,-2.433
1.00,2229,-0.042,4.629,7.415
1.00,2230,-2.704,-2.308,5.559
1.00,2231,-5.042,0.059,-1.649
1.00,2232,0.056,6.475,-2.401
1.00,2233,-5.178,-2.939,-2.433
1.00,2234,-5.366,-8.882,-9.290
1.00,2235,2.690,-1.685,2.598
1.00,2236,-0.072,-3.244,-2.447
1.00,2237,5.498,-3.035,-2.440
1.00,2238,-5.181,-2.941,-2.433
1.00,2239,9.614,4.330,-1.909
1.00,2240,-0.352,-3.260,-2.448
1.00,2241,0.047,6.295,-2.397
1.00,2242,-2.611,-1.602,2.603
1.00,2243,-9.137,-0.310,-9.728
1.00,2244,-7.275,7.720,-11.267
1.00,2245,2.992,2.038,-2.444
1.00,2246,-0.018,2.720,2.599
1.00,2247,7.886,9.912,-6.263
1.00,2248,-2.898,2.074,-2.451
1.00,2249,-5.186,-2.937,-2.433
1.00,2250,5.146,-3.002,-2.443
1.00,2251,8.922,2.810,-6.524
1.00,2252,-0.749,1.574,5.038
1.00,2253,4.535,-6.243,6.868
1.00,2254,0.053,6.232,-2.398
1.00,2255,0.104,-3.230,-2.449
1.00,2256,5.240,-3.204,-2.441
1.00,2257,2.928,2.075,-2.446
1.00,2258,-0.056,0.052,7.682
1.00,2259,-2.842,2.142,-2.454
1.00,2260,-0.067,-3.244,-2.447
1.00,2261,-0.018,2.719,2.599
1.00,2262,-0.018,2.719,2.599
1.00,2263,5.267,-3.033,-2.442
1.00,2264,6.623,-4.418,-8.322
1.00,2265,5.164,-3.026,-2.443
1.00,2266,0.046,6.302,-2.397
1.00,2267,3.725,8.902,9.001
1.00,2268,-0.018,2.719,2.599
1.00,2269,0.049,6.298,-2.397
1.00,2270,2.992,2.038,-2.444
1.00,2271,5.369,-3.012,-2.442
1.00,2272,-2.889,2.085,-2.452
1.00,2273,9.192,1.214,8.604
1.00,2274,-2.835,2.155,-2.455
1.00,2275,8.049,-2.803,3.579
1.00,2276,2.653,-1.601,2.597
1.00,2277,-3.512,3.305,5.262
1.00,2278,-2.609,-1.601,2.603
1.00,2279,-2.865,-4.722,7.663
1.00,2280,0.756,1.093,-2.587
1.00,2281,2.991,2.039,-2.444
1.00,2282,-0.018,2.719,2.599
1.00,2283,2.991,2.038,-2.444
1.00,2284,5.140,-2.999,-2.443
1.00,2285,-8.405,-5.871,-11.185
1.00,2286,-0.072,-3.244,-2.447
1.00,2287,2.994,2.035,-2.444
1.00,2288,-0.007,2.811,2.604
1.00,2289,-2.901,2.071,-2.451
1.00,2290,-2.607,-1.600,2.603
1.00,2291,0.053,6.208,-2.399
1.00,2292,0.051,6.234,-2.398
1.00,2293,3.029,-9.139,10.022
1.00,2294,-7.092,-7.338,-0.396
1.00,2295,6.444,-2.635,1.003
1.00,2296,5.450,7.526,5.447
1.00,2297,5.714,-5.226,-2.269
1.00,2298,-5.291,-3.004,-2.432
1.00,2299,0.536,-1.545,-10.411
1.00,2300,2.651,-1.600,2.597
1.00,2301,4.131,-9.563,3.935
1.00,2302,0.061,-3.223,-2.448
1.00,2303,0.046,6.311,-2.397
1.00,2304,-6.002,3.301,-5.236
1.00,2305,5.761,7.695,1.804
1.00,2306,1.248,-1.082,-7.021
1.00,2307,-6.865,-4.812,2.600
1.00,2308,-0.114,-7.132,2.596
1.00,2309,-9.424,-9.882,-8.441
1.00,2310,-5.878,6.226,-8.929
1.00,2311,-2.607,-1.600,2.603
1.00,2312,2.653,-1.601,2.597
1.00,2313,-0.072,-3.244,-2.447
1.00,2314,2.991,2.038,-2.444
1.00,2315,-2.617,-1.605,2.604
1.00,2316,0.462,-3.176,-2.455
1.00,2317,0.046,6.305,-2.397
1.00,2318,6.751,-5.951,7.676
1.00,2319,-3.999,8.374,-0.293
1.00,2320,-0.024,2.587,2.592
1.00,2321,0.044,6.305,-2.397
1.00,2322,-0.056,-3.243,-2.447
1.00,2323,-6.746,7.320,-1.199
1.00,2324,-0.056,0.053,7.682
1.00,2325,-6.229,-8.591,1.971
1.00,2326,-2.828,-1.742,2.610
1.00,2327,-2.608,-1.600,2.603
1.00,2328,0.050,6.244,-2.398
1.00,2329,-2.598,8.293,-3.416
1.00,2330,2.990,2.042,-2.444
1.00,2331,-2.609,-1.601,2.603
1.00,2332,-7.383,9.879,0.120
1.00,2333,-2.891,2.083,-2.452
1.00,2334,-5.167,-3.209,-2.428
1.00,2335,-5.181,-2.939,-2.433
1.00,2336,-2.471,1.017,9.209
1.00,2337,0.046,6.303,-2.397
1.00,2338,2.877,-9.156,-2.497
1.00,2339,-3.907,1.642,1.414
1.00,2340,-0.069,-3.244,-2.447
1.00,2341,-0.073,-3.244,-2.447
1.00,2342,2.652,-1.600,2.597
1.00,2343,-2.603,-1.598,2.603
1.00,2344,-0.062,-3.243,-2.447
1.00,2345,6.841,0.315,6.580
1.00,2346,-0.018,2.719,2.599
1.00,2347,-5.391,-2.835,-2.437
1.00,2348,-2.610,-1.601,2.603
1.00,2349,-2.897,2.075,-2.451
1.00,2350,2.992,2.038,-2.444
1.00,2351,-2.606,-1.599,2.603
1.00,2352,2.663,-1.594,2.597
1.00,2353,0.047,6.298,-2.397
1.00,2354,2.995,2.034,-2.444
1.00,2355,-1.046,-3.337,-2.455
1.00,2356,-2.896,2.077,-2.451
1.00,2357,2.632,2.411,-2.453
1.00,2358,2.637,-1.593,2.596
1.00,2359,5.140,-2.999,-2.443
1.00,2360,-0.018,2.719,2.599
1.00,2361,-0.276,2.904,2.598
1.00,2362,0.058,6.155,-2.400
1.00,2363,-0.018,2.719,2.599
1.00,2364,-2.660,-1.633,2.605
1.00,2365,-2.598,-9.429,-10.727
1.00,2366,5.140,-2.999,-2.443
1.00,2367,-0.018,2.719,2.599
1.00,2368,-8.880,-9.488,-4.243
1.00,2369,2.652,-1.600,2.597
1.00,2370,8.415,4.481,3.782
1.00,2371,5.163,-3.006,-2.443
1.00,2372,-5.181,-2.939,-2.433
1.00,2373,2.438,-5.595,1.045
1.00,2374,5.141,-3.000,-2.443
1.00,2375,-5.181,-2.939,-2.433
1.00,2376,2.661,-1.604,2.597
1.00,2377,-0.073,-3.244,-2.447
1.00,2378,3.668,-1.234,2.140
1.00,2379,2.991,2.038,-2.444
1.00,2380,-9.682,6.877,8.134
1.00,2381,-2.609,-1.601,2.603
1.00,2382,2.991,2.039,-2.444
1.00,2383,2.653,-1.600,2.597
1.00,2384,2.653,-1.601,2.597
1.00,2385,2.659,-1.603,2.597
1.00,2386,1.546,-5.837,-4.537
1.00,2387,3.007,2.020,-2.443
1.00,2388,-0.056,0.057,7.682
1.00,2389,0.050,6.237,-2.398
1.00,2390,-3.729,-6.018,-3.345
1.00,2391,-0.071,-3.244,-2.447
1.00,2392,-5.456,-2.917,-2.435
1.00,2393,-2.896,2.077,-2.451
1.00,2394,-0.018,2.719,2.599
1.00,2395,3.079,1.960,-2.440
1.00,2396,-0.056,0.052,7.682
1.00,2397,-0.021,2.783,2.602
1.00,2398,-0.067,-3.244,-2.447
1.00,2399,-0.021,2.729,2.599
1.00,2400,-1.207,1.950,-10.821
1.00,2401,-9.166,-7.738,-1.563
1.00,2402,0.234,-1.244,-8.198
1.00,2403,-9.779,1.119,4.839
1.00,2404,2.661,-1.599,2.597
1.00,2405,-5.183,-2.940,-2.433
1.00,2406,-2.742,-1.451,2.606
1.00,2407,-2.901,2.071,-2.451
1.00,2408,2.651,-1.600,2.597
1.00,2409,-5.175,-2.935,-2.433
1.00,2410,2.656,-1.602,2.597
1.00,2411,5.957,8.192,8.071
1.00,2412,0.045,6.336,-2.396
1.00,2413,-0.018,2.719,2.599
1.00,2414,0.634,-6.286,9.696
1.00,2415,-5.182,-2.939,-2.433
1.00,2416,2.999,2.034,-2.444
1.00,2417,5.249,-3.079,-2.441
1.00,2418,-0.073,-3.244,-2.447
1.00,2419,-2.897,2.076,-2.451
1.00,2420,-4.944,0.972,0.762
1.00,2421,0.128,2.530,3.959
1.00,2422,-0.428,-2.906,-2.486
1.00,2423,-0.018,2.719,2.599
1.00,2424,2.991,2.038,-2.444
1.00,2425,2.501,4.138,2.353
1.00,2426,5.145,-3.001,-2.443
1.00,2427,-0.019,2.704,2.598
1.00,2428,-2.896,2.077,-2.451
1.00,2429,3.184,1.848,-2.439
1.00,2430,-7.929,6.529,-9.055
1.00,2431,0.047,6.305,-2.397
1.00,2432,-2.623,8.154,6.553
1.00,2433,-0.026,2.792,2.602
1.00,2434,-4.662,1.653,8.526
1.00,2435,5.174,-3.013,-2.443
1.00,2436,-3.163,6.698,3.292
1.00,2437,2.986,2.045,-2.444
1.00,2438,-5.181,-2.939,-2.433
1.00,2439,5.149,-3.001,-2.443
1.00,2440,-7.055,2.613,-7.295
1.00,2441,-0.018,2.718,2.599
1.00,2442,-5.183,-2.938,-2.433
1.00,2443,-0.056,0.052,7.682
1.00,2444,5.142,-3.000,-2.443
1.00,2445,-2.914,-2.064,2.600
1.00,2446,9.747,-7.026,1.230
1.00,2447,2.708,2.379,-2.452
1.00,2448,-0.056,0.051,7.682
1.00,2449,2.927,2.115,-2.447
1.00,2450,5.147,-3.003,-2.443
1.00,2451,0.103,6.652,-2.409
1.00,2452,5.139,-2.999,-2.443
1.00,2453,2.038,-1.431,2.546
1.00,2454,-0.056,0.052,7.682
1.00,2455,-0.797,-3.164,-2.458
1.00,2456,0.047,6.295,-2.397
1.00,2457,-5.180,-2.939,-2.433
1.00,2458,-5.179,-2.939,-2.433
1.00,2459,-2.603,-1.598,2.603
1.00,2460,-0.259,-5.504,7.441
1.00,2461,-3.290,-1.721,2.612
1.00,2462,2.652,-1.600,2.597
1.00,2463,-2.895,2.078,-2.452
1.00,2464,0.047,6.296,-2.397
1.00,2465,7.434,7.986,-8.917
1.00,2466,0.049,6.271,-2.398
1.00,2467,2.977,2.057,-2.445
1.00,2468,0.046,6.310,-2.397
1.00,2469,-9.519,-6.975,-3.379
1.00,2470,-2.600,-1.600,2.603
1.00,2471,-4.354,-1.816,2.847
1.00,2472,-5.181,-2.939,-2.433
1.00,2473,2.651,-1.599,2.597
1.00,2474,-2.897,2.076,-2.451
1.00,2475,-2.612,-1.602,2.603
1.00,2476,5.140,-2.999,-2.443
1.00,2477,-2.896,2.077,-2.451
1.00,2478,-2.609,-1.601,2.603
1.00,2479,2.997,2.032,-2.444
1.00,2480,-5.181,-2.939,-2.433
1.00,2481,0.046,6.302,-2.397
1.00,2482,3.436,-1.860,2.606
1.00,2483,-0.018,2.719,2.599
1.00,2484,8.378,-4.051,-6.198
1.00,2485,-2.405,7.945,2.398
1.00,2486,2.991,2.038,-2.444
1.00,2487,3.486,-0.054,2.838
1.00,2488,-0.071,-3.244,-2.447
1.00,2489,6.342,5.133,-4.792
1.00,2490,-0.980,-3.252,-2.457
1.00,2491,5.360,-4.447,-2.429
1.00,2492,2.651,-1.600,2.597
1.00,2493,-0.049,-3.243,-2.447
1.00,2494,0.933,-2.314,-1.380
1.00,2495,-0.407,6.417,7.930
1.00,2496,-0.018,2.720,2.599
1.00,2497,-8.313,6.580,-1.171
1.00,2498,-0.143,-3.247,-2.448
1.00,2499,0.289,6.481,-2.408
1.00,2500,-5.187,-2.937,-2.433
1.00,2501,-0.050,-3.243,-2.447
1.00,2502,-3.574,4.117,6.692
1.00,2503,2.651,-1.600,2.597
1.00,2504,-0.056,0.053,7.682
1.00,2505,-1.900,4.632,6.251
1.00,2506,9.645,8.440,-2.477
1.00,2507,-5.182,-2.939,-2.433
1.00,2508,0.049,6.330,-2.397
1.00,2509,-4.129,0.319,-2.505
1.00,2510,-7.722,-6.862,-7.461
1.00,2511,2.707,-1.628,2.599
1.00,2512,5.139,-2.999,-2.444
1.00,2513,2.989,2.041,-2.444
1.00,2514,-0.018,2.694,2.598
1.00,2515,0.243,-9.272,-4.779
1.00,2516,-0.018,2.719,2.599
1.00,2517,8.127,9.258,-10.202
1.00,2518,-0.017,2.684,2.597
1.00,2519,7.047,-0.263,-9.001
1.00,2520,-2.897,2.075,-2.451
1.00,2521,-0.072,-3.244,-2.447
1.00,2522,2.991,2.038,-2.444
1.00,2523,-2.897,2.075,-2.451
1.00,2524,-0.018,2.719,2.599
1.00,2525,6.605,3.875,-4.564
1.00,2526,5.235,-2.996,-2.443
1.00,2527,-0.056,0.052,7.682
1.00,2528,-5.245,-2.984,-2.432
1.00,2529,5.142,-3.000,-2.443
1.00,2530,-0.220,-1.443,-6.297
1.00,2531,6.387,-6.417,-10.962
1.00,2532,6.520,2.621,-7.344
1.00,2533,-6.395,2.647,4.794
1.00,2534,-2.853,2.132,-2.454
1.00,2535,-5.181,-2.939,-2.433
1.00,2536,4.988,-2.969,-2.448
1.00,2537,-2.897,2.075,-2.451
1.00,2538,-2.897,2.076,-2.451
1.00,2539,1.244,-2.640,2.118
1.00,2540,-2.609,-1.601,2.603
1.00,2541,6.972,-8.006,-5.818
1.00,2542,4.862,2.641,-8.420
1.00,2543,-4.242,-9.728,5.161
1.00,2544,2.655,-1.601,2.597
1.00,2545,-2.886,2.089,-2.452
1.00,2546,0.283,2.908,5.512
1.00,2547,-0.018,2.719,2.599
1.00,2548,2.129,-9.678,6.013
1.00,2549,5.123,-2.997,-2.444
1.00,2550,5.727,-3.048,-2.443
1.00,2551,-5.181,-2.939,-2.433
1.00,2552,-2.621,-1.607,2.604
1.00,2553,2.991,2.039,-2.444
1.00,2554,0.046,6.321,-2.397
1.00,2555,5.148,-3.002,-2.443
1.00,2556,2.637,-2.415,-10.619
1.00,2557,-2.903,-1.842,2.613
1.00,2558,0.117,2.218,2.500
1.00,2559,-0.072,-3.244,-2.447
1.00,2560,2.991,2.038,-2.444
1.00,2561,2.740,-1.661,2.600
1.00,2562,5.373,-7.033,3.085
1.00,2563,2.652,-1.600,2.597
1.00,2564,4.984,-5.846,-4.253
1.00,2565,-9.859,1.220,8.058
1.00,2566,-5.181,-2.939,-2.433
1.00,2567,0.048,6.283,-2.397
1.00,2568,-5.989,3.404,-8.999
1.00,2569,-5.141,-3.895,-2.467
1.00,2570,-2.883,2.093,-2.452
1.00,2571,-0.900,6.830,6.967
1.00,2572,0.049,6.268,-2.398
1.00,2573,-2.734,-1.628,2.607
1.00,2574,5.904,-3.923,-2.486
1.00,2575,2.997,2.031,-2.444
1.00,2576,2.991,2.038,-2.444
1.00,2577,-2.897,2.075,-2.451
1.00,2578,5.161,-3.002,-2.443
1.00,2579,-0.089,-2.494,2.074
1.00,2580,-2.532,-1.392,2.601
1.00,2581,-5.238,-2.925,-2.433
1.00,2582,0.047,6.301,-2.397
1.00,2583,-9.707,-9.069,1.326
1.00,2584,-0.018,2.719,2.599
1.00,2585,2.991,2.039,-2.444
1.00,2586,5.769,3.450,-6.514
1.00,2587,-0.067,-3.244,-2.447
1.00,2588,-2.897,2.075,-2.451
1.00,2589,2.651,-1.600,2.597
1.00,2590,-0.006,2.773,2.602
1.00,2591,-8.178,-7.214,-9.663
1.00,2592,-7.255,9.576,-5.477
1.00,2593,5.140,-2.999,-2.443
1.00,2594,5.137,-2.997,-2.444
1.00,2595,2.650,-1.599,2.597
1.00,2596,-2.817,-0.901,-5.710
1.00,2597,-2.897,2.075,-2.451
1.00,2598,-1.024,7.596,7.988
1.00,2599,-0.055,-3.243,-2.447
1.00,2600,-0.071,-3.244,-2.447
1.00,2601,-4.772,-3.775,-2.450
1.00,2602,-0.072,-3.244,-2.447
1.00,2603,0.637,4.043,3.028
1.00,2604,-0.056,0.052,7.682
1.00,2605,-2.661,-9.603,-8.577
1.00,2606,-5.182,-2.939,-2.433
1.00,2607,-2.901,2.071,-2.451
1.00,2608,-0.072,-3.244,-2.447
1.00,2609,7.189,-0.888,-2.863
1.00,2610,-2.600,-1.597,2.603
1.00,2611,0.039,6.407,-2.398
1.00,2612,-0.072,-3.244,-2.447
1.00,2613,-5.181,-2.939,-2.433
1.00,2614,0.686,0.982,2.453
1.00,2615,0.359,-3.205,-2.452
1.00,2616,2.651,-1.599,2.597
1.00,2617,-2.898,2.074,-2.451
1.00,2618,-5.181,-2.939,-2.433
1.00,2619,1.402,6.073,-2.465
1.00,2620,-2.897,2.075,-2.451
1.00,2621,4.231,-0.165,7.501
1.00,2622,-0.068,-3.244,-2.447
1.00,2623,5.152,-3.003,-2.443
1.00,2624,4.188,-8.586,9.517
1.00,2625,-0.064,-3.243,-2.447
1.00,2626,-5.181,-2.939,-2.433
1.00,2627,0.116,-3.226,-2.449
1.00,2628,2.993,2.037,-2.444
1.00,2629,-2.900,2.072,-2.451
1.00,2630,2.653,-1.600,2.597
1.00,2631,2.657,-1.604,2.597
1.00,2632,2.991,2.038,-2.444
1.00,2633,5.161,-3.032,-2.443
1.00,2634,5.140,-2.999,-2.443
1.00,2635,-2.582,-1.590,2.603
1.00,2636,-8.375,8.140,2.307
1.00,2637,-5.014,-2.888,-2.436
1.00,2638,0.046,6.310,-2.397
1.00,2639,2.991,2.038,-2.444
1.00,2640,-5.981,4.053,-10.333
1.00,2641,-5.183,-2.939,-2.433
1.00,2642,1.707,3.884,1.671
1.00,2643,5.138,-2.999,-2.444
1.00,2644,2.549,3.574,-10.622
1.00,2645,2.992,2.038,-2.444
1.00,2646,2.651,-1.600,2.597
1.00,2647,-0.018,2.719,2.599
1.00,2648,-6.059,3.641,3.035
1.00,2649,0.047,6.320,-2.397
1.00,2650,1.327,8.734,0.748
1.00,2651,2.991,2.038,-2.444
1.00,2652,1.917,-0.795,-10.107
1.00,2653,4.148,-2.804,6.430
1.00,2654,-2.868,-1.715,2.611
1.00,2655,-5.180,-2.939,-2.433
1.00,2656,-0.018,2.719,2.599
1.00,2657,5.477,-1.619,-0.491
1.00,2658,2.697,-1.635,2.598
1.00,2659,-4.318,3.550,2.442
1.00,2660,2.991,2.039,-2.444
1.00,2661,-5.181,-2.939,-2.433
1.00,2662,-0.074,-3.244,-2.447
1.00,2663,2.991,2.039,-2.444
1.00,2664,-0.056,0.052,7.682
1.00,2665,5.652,-3.329,-2.444
1.00,2666,-2.597,-1.598,2.603
1.00,2667,5.200,-3.019,-2.443
1.00,2668,6.635,-6.394,-11.267
1.00,2669,-2.608,-1.601,2.603
1.00,2670,-8.189,-3.464,7.083
1.00,2671,-5.183,-2.939,-2.433
1.00,2672,-3.443,-2.348,7.905
1.00,2673,-2.838,2.309,-2.456
1.00,2674,5.246,9.241,-8.075
1.00,2675,-5.187,-2.941,-2.433
1.00,2676,-2.611,-1.602,2.603
1.00,2677,2.692,-1.602,2.598
1.00,2678,0.000,2.827,2.605
1.00,2679,3.081,1.899,-2.439
1.00,2680,2.608,-2.160,3.013
1.00,2681,-0.018,2.719,2.599
1.00,2682,-0.071,-3.244,-2.447
1.00,2683,-0.012,2.624,2.594
1.00,2684,-0.071,-3.244,-2.447
1.00,2685,0.047,6.292,-2.397
1.00,2686,2.648,-1.598,2.597
1.00,2687,0.060,6.196,-2.399
1.00,2688,-7.860,6.431,-6.239
1.00,2689,0.050,6.403,-2.398
1.00,2690,0.045,6.321,-2.397
1.00,2691,3.674,2.362,-1.801
1.00,2692,-0.072,-3.244,-2.447
1.00,2693,-4.332,-6.106,1.682
1.00,2694,-0.621,9.013,2.109
1.00,2695,-5.181,-2.939,-2.433
1.00,2696,5.125,-2.989,-2.444
1.00,2697,2.992,2.013,-2.444
1.00,2698,5.339,-0.279,7.517
1.00,2699,2.653,-1.600,2.597
1.00,2700,5.433,8.122,6.367
1.00,2701,-2.610,-1.601,2.603
1.00,2702,2.991,2.038,-2.444
1.00,2703,0.048,6.280,-2.397
1.00,2704,-0.018,2.719,2.599
1.00,2705,0.046,6.301,-2.397
1.00,2706,-5.190,-2.937,-2.433
1.00,2707,8.105,-9.983,0.564
1.00,2708,-1.319,7.305,3.646
1.00,2709,-8.623,-7.333,-2.955
1.00,2710,7.490,-1.752,-8.033
1.00,2711,-0.018,2.719,2.599
1.00,2712,-0.020,2.631,2.594
1.00,2713,-4.165,2.207,-2.202
1.00,2714,-1.124,-3.219,-2.461
1.00,2715,2.991,2.038,-2.444
1.00,2716,3.690,-2.987,2.524
1.00,2717,0.435,6.091,-2.409
1.00,2718,-9.600,2.537,0.646
1.00,2719,-4.089,1.324,3.530
1.00,2720,-2.617,-1.605,2.604
1.00,2721,1.413,0.133,-2.388
1.00,2722,1.670,-2.710,-3.278
1.00,2723,5.165,-3.008,-2.443
1.00,2724,-0.407,-3.255,-2.449
1.00,2725,-5.177,-2.975,-2.432
1.00,2726,5.191,-3.158,-2.440
1.00,2727,3.189,1.875,-2.438
1.00,2728,8.485,2.141,4.364
1.00,2729,0.195,6.237,-2.402
1.00,2730,5.140,-2.999,-2.443
1.00,2731,0.047,6.296,-2.397
1.00,2732,0.046,6.308,-2.397
1.00,2733,-2.978,2.025,-2.447
1.00,2734,5.141,-3.003,-2.443
1.00,2735,0.047,6.293,-2.397
1.00,2736,2.642,-1.594,2.596
1.00,2737,5.390,-9.341,2.447
1.00,2738,-6.825,8.477,8.511
1.00,2739,-3.405,7.641,0.609
1.00,2740,-5.210,-2.950,-2.433
1.00,2741,-2.681,-1.635,2.605
1.00,2742,5.148,-2.996,-2.443
1.00,2743,2.652,-1.600,2.597
1.00,2744,2.652,-1.600,2.597
1.00,2745,2.652,-1.600,2.597
1.00,2746,-5.840,-3.045,-2.446
1.00,2747,2.991,2.038,-2.444
1.00,2748,-5.769,-2.745,-2.448
1.00,2749,-5.196,-2.934,-2.433
1.00,2750,-9.903,3.120,9.958
1.00,2751,-0.018,2.719,2.599
1.00,2752,-2.897,2.076,-2.451
1.00,2753,-0.128,3.224,2.614
1.00,2754,2.989,2.041,-2.444
1.00,2755,2.990,2.039,-2.444
1.00,2756,-5.359,7.432,-2.422
1.00,2757,-7.483,-9.720,-2.482
1.00,2758,2.675,-1.613,2.597
1.00,2759,-2.897,2.076,-2.451
1.00,2760,3.001,2.026,-2.443
1.00,2761,2.653,-1.601,2.597
1.00,2762,-0.233,-2.134,6.737
1.00,2763,-2.897,2.075,-2.451
1.00,2764,5.159,-3.005,-2.443
1.00,2765,-7.514,0.365,-5.659
1.00,2766,-2.306,-3.976,-2.459
1.00,2767,-0.074,-3.244,-2.447
1.00,2768,2.987,2.043,-2.444
1.00,2769,8.736,5.328,-4.680
1.00,2770,-2.892,2.082,-2.452
1.00,2771,0.047,6.291,-2.397
1.00,2772,-0.018,2.719,2.599
1.00,2773,-1.575,4.177,5.700
1.00,2774,-5.181,-2.939,-2.433
1.00,2775,6.797,0.690,-1.742
1.00,2776,-0.016,2.762,2.601
1.00,2777,-0.441,8.524,5.039
1.00,2778,-2.423,-2.713,5.727
1.00,2779,9.129,7.663,-8.929
1.00,2780,-2.608,-1.601,2.603
1.00,2781,0.047,6.288,-2.397
1.00,2782,-0.096,6.628,-2.408
1.00,2783,3.449,0.905,0.723
1.00,2784,2.991,2.038,-2.444
1.00,2785,2.505,-1.546,2.590
1.00,2786,-0.020,2.735,2.600
1.00,2787,2.652,-1.600,2.597
1.00,2788,0.047,6.299,-2.397
1.00,2789,1.533,-9.382,-0.379
1.00,2790,2.991,2.039,-2.444
1.00,2791,-1.347,-3.298,-2.463
1.00,2792,5.137,-2.828,-2.447
1.00,2793,-2.898,2.075,-2.451
1.00,2794,-3.015,2.481,5.691
1.00,2795,-2.611,-1.602,2.603
1.00,2796,-2.608,-1.600,2.603
1.00,2797,-0.021,2.722,2.599
1.00,2798,-8.249,9.000,-10.779
1.00,2799,0.238,-3.019,-2.470
1.00,2800,2.991,2.038,-2.444
1.00,2801,9.037,-1.544,-9.239
1.00,2802,4.960,-2.997,-2.448
1.00,2803,-5.181,-2.939,-2.433
1.00,2804,0.053,6.201,-2.399
1.00,2805,-2.892,2.082,-2.452
1.00,2806,4.204,-9.161,-5.987
1.00,2807,-2.608,-1.600,2.603
1.00,2808,-0.056,0.050,7.682
1.00,2809,-5.190,-6.444,-10.257
1.00,2810,-5.182,-2.939,-2.433
1.00,2811,-0.046,7.977,-0.286
1.00,2812,2.991,2.038,-2.444
1.00,2813,-1.370,-8.080,9.301
1.00,2814,5.142,-2.999,-2.443
1.00,2815,-0.061,-3.243,-2.447
1.00,2816,-5.187,-2.941,-2.433
1.00,2817,4.072,-1.474,-6.081
1.00,2818,2.988,2.042,-2.444
1.00,2819,-0.287,-6.055,-7.435
1.00,2820,-5.181,-2.939,-2.433
1.00,2821,-2.675,-1.629,2.605
1.00,2822,5.140,-2.999,-2.443
1.00,2823,0.048,6.276,-2.398
1.00,2824,-5.181,-2.939,-2.433
1.00,2825,-0.018,2.716,2.599
1.00,2826,-0.074,-3.244,-2.447
1.00,2827,-0.072,-3.244,-2.447
1.00,2828,-1.387,8.747,-7.490
1.00,2829,-2.916,2.052,-2.450
1.00,2830,5.938,-8.374,8.923
1.00,2831,-0.070,-3.244,-2.447
1.00,2832,5.167,-3.011,-2.443
1.00,2833,-0.056,0.053,7.682
1.00,2834,2.683,-1.633,2.598
1.00,2835,4.378,7.044,9.875
1.00,2836,-8.177,-4.646,0.311
1.00,2837,-4.814,-2.311,2.112
1.00,2838,-2.612,-1.602,2.603
1.00,2839,-0.008,-3.240,-2.447
1.00,2840,2.972,2.062,-2.445
1.00,2841,2.695,-1.617,2.598
1.00,2842,4.917,5.593,-4.942
1.00,2843,2.991,2.039,-2.444
1.00,2844,-2.897,2.076,-2.451
1.00,2845,0.047,6.291,-2.397
1.00,2846,-0.064,-3.243,-2.447
1.00,2847,-0.026,6.197,-2.399
1.00,2848,-5.181,-2.939,-2.433
1.00,2849,2.992,2.038,-2.444
1.00,2850,2.709,-7.911,-2.341
1.00,2851,7.266,-0.607,-5.262
1.00,2852,2.991,2.038,-2.444
1.00,2853,2.654,-1.601,2.597
1.00,2854,0.047,6.298,-2.397
1.00,2855,-3.900,-5.999,5.918
1.00,2856,-2.606,-1.600,2.603
1.00,2857,5.140,-2.999,-2.443
1.00,2858,-2.915,2.053,-2.450
1.00,2859,-0.018,2.719,2.599
1.00,2860,-0.058,0.036,7.683
1.00,2861,-0.027,2.743,2.600
1.00,2862,-0.018,2.719,2.599
1.00,2863,0.049,2.435,2.578
1.00,2864,1.774,-5.375,1.405
1.00,2865,0.046,6.304,-2.397
1.00,2866,-0.018,2.719,2.599
1.00,2867,-6.142,1.916,2.593
1.00,2868,3.018,-1.601,2.608
1.00,2869,8.573,4.149,-8.608
1.00,2870,-2.949,2.011,-2.448
1.00,2871,2.659,-1.603,2.597
1.00,2872,8.013,0.567,6.472
1.00,2873,5.120,-2.992,-2.444
1.00,2874,-6.291,3.103,-4.293
1.00,2875,5.141,-3.000,-2.443
1.00,2876,-0.056,0.052,7.682
1.00,2877,-5.190,-2.941,-2.433
1.00,2878,5.131,-2.995,-2.444
1.00,2879,2.271,9.145,-7.084
1.00,2880,-0.018,2.719,2.599
1.00,2881,-2.900,2.071,-2.451
1.00,2882,-0.014,2.791,2.603
1.00,2883,0.046,6.301,-2.397
1.00,2884,-2.608,-1.600,2.603
1.00,2885,2.651,-1.600,2.597
1.00,2886,-0.042,2.598,2.592
1.00,2887,-0.018,2.719,2.599
1.00,2888,0.048,6.282,-2.397
1.00,2889,3.196,2.643,-2.457
1.00,2890,-5.180,-2.939,-2.433
1.00,2891,2.991,2.038,-2.444
1.00,2892,0.050,6.291,-2.397
1.00,2893,0.047,6.290,-2.397
1.00,2894,0.047,6.301,-2.397
1.00,2895,-9.607,-9.262,6.693
1.00,2896,2.299,-4.120,-2.277
1.00,2897,-2.896,2.076,-2.451
1.00,2898,-0.224,2.875,2.599
1.00,2899,-2.397,7.789,-4.945
1.00,2900,4.779,-2.788,-2.461
1.00,2901,2.669,-1.608,2.597
1.00,2902,-0.070,-3.244,-2.447
1.00,2903,5.140,-2.999,-2.443
1.00,2904,-0.097,-3.246,-2.447
1.00,2905,-0.018,2.719,2.599
1.00,2906,4.752,-3.257,-2.455
1.00,2907,-0.206,-3.234,-2.448
1.00,2908,-2.613,-1.603,2.603
1.00,2909,-7.367,3.879,9.156
1.00,2910,-0.015,6.533,-2.402
1.00,2911,-4.031,6.556,2.400
1.00,2912,-2.610,-1.601,2.603
1.00,2913,-0.018,2.719,2.599
1.00,2914,-5.076,-6.172,-3.601
1.00,2915,-5.197,-2.940,-2.433
1.00,2916,0.051,6.277,-2.398
1.00,2917,2.991,2.039,-2.444
1.00,2918,-2.602,-1.597,2.603
1.00,2919,-0.056,0.052,7.682
1.00,2920,-0.018,2.719,2.599
1.00,2921,0.002,2.777,2.602
1.00,2922,0.048,6.280,-2.397
1.00,2923,-0.018,2.719,2.599
1.00,2924,0.119,6.439,-2.402
1.00,2925,-0.029,4.583,2.757
1.00,2926,5.125,-2.989,-2.444
1.00,2927,0.233,-3.217,-2.451
1.00,2928,-3.733,-7.792,2.516
1.00,2929,2.992,2.037,-2.444
1.00,2930,2.771,-3.199,2.842
1.00,2931,-0.175,2.484,6.276
1.00,2932,2.651,-1.600,2.597
1.00,2933,-2.608,-1.601,2.603
1.00,2934,5.142,-3.001,-2.443
1.00,2935,-0.056,0.053,7.682
1.00,2936,-1.122,-9.154,3.460
1.00,2937,-0.073,-3.244,-2.447
1.00,2938,-0.072,-3.244,-2.447
1.00,2939,5.123,-2.968,-2.444
1.00,2940,-0.018,2.720,2.599
1.00,2941,-0.056,0.052,7.682
1.00,2942,-2.892,2.082,-2.452
1.00,2943,-0.056,0.052,7.682
1.00,2944,0.047,6.286,-2.397
1.00,2945,-5.180,-2.939,-2.433
1.00,2946,-5.124,-2.940,-2.432
1.00,2947,0.046,6.305,-2.397
1.00,2948,-2.115,4.270,-10.084
1.00,2949,-9.905,-8.981,-8.701
1.00,2950,-2.605,-1.599,2.603
1.00,2951,-2.897,2.075,-2.451
1.00,2952,2.399,-1.815,5.617
1.00,2953,2.991,2.038,-2.444
1.00,2954,2.651,-1.600,2.597
1.00,2955,-2.893,2.082,-2.452
1.00,2956,-0.016,-3.241,-2.447
1.00,2957,-0.665,7.818,-7.397
1.00,2958,6.790,-6.182,1.313
1.00,2959,-7.945,-5.966,1.158
1.00,2960,2.827,-5.446,7.947
1.00,2961,-5.179,-2.939,-2.433
1.00,2962,5.140,-2.999,-2.443
1.00,2963,0.023,6.411,-2.398
1.00,2964,1.829,5.168,8.699
1.00,2965,0.046,6.314,-2.397
1.00,2966,-5.181,-2.939,-2.433
1.00,2967,2.691,-1.621,2.598
1.00,2968,5.146,-3.006,-2.443
1.00,2969,-0.018,2.719,2.599
1.00,2970,2.991,2.039,-2.444
1.00,2971,7.286,-5.874,-10.213
1.00,2972,3.175,-1.813,2.614
1.00,2973,5.140,-2.999,-2.443
1.00,2974,0.048,6.274,-2.398
1.00,2975,-0.320,2.965,2.599
1.00,2976,3.042,0.822,5.933
1.00,2977,-0.056,0.052,7.682
1.00,2978,-2.608,-1.601,2.603
1.00,2979,2.697,-1.620,2.598
1.00,2980,0.127,-3.244,-2.449
1.00,2981,1.854,1.938,6.818
1.00,2982,0.290,-4.727,-9.785
1.00,2983,-3.308,-6.768,-1.175
1.00,2984,0.779,8.086,-3.882
1.00,2985,-0.109,-3.248,-2.447
1.00,2986,-2.884,2.091,-2.452
1.00,2987,-9.810,-5.045,0.443
1.00,2988,-7.912,-6.826,-1.515
1.00,2989,-2.982,1.961,-2.446
1.00,2990,-0.056,0.052,7.682
1.00,2991,0.051,6.147,-2.400
1.00,2992,-5.181,-2.939,-2.433
1.00,2993,2.755,-1.653,2.600
1.00,2994,2.587,-1.565,2.595
1.00,2995,-0.064,-3.243,-2.447
1.00,2996,8.796,-7.186,7.503
1.00,2997,-0.018,2.719,2.599
1.00,2998,5.140,-2.999,-2.443
1.00,2999,5.845,-1.249,7.345
2.00,0,3.001,2.027,-2.443
2.00,1,0.415,-3.568,-2.443
2.00,2,2.991,2.038,-2.444
2.00,3,-2.897,2.075,-2.451
2.00,4,2.670,-1.611,2.597
2.00,5,5.140,-2.999,-2.443
2.00,6,-2.608,-1.600,2.603
2.00,7,5.140,-2.999,-2.443
2.00,8,0.290,-1.360,-8.104
2.00,9,-2.608,-1.600,2.603
2.00,10,-2.608,-1.600,2.603
2.00,11,-2.897,2.075,-2.451
2.00,12,2.991,2.038,-2.444
2.00,13,-0.072,-3.244,-2.447
2.00,14,-0.072,-3.244,-2.447
2.00,15,-0.072,-3.244,-2.447
2.00,16,2.991,2.038,-2.444
2.00,17,-5.181,-2.939,-2.433
2.00,18,2.991,2.038,-2.444
2.00,19,-2.897,2.075,-2.451
2.00,20,5.140,-2.999,-2.443
2.00,21,5.140,-2.999,-2.443
2.00,22,-2.608,-1.600,2.603
2.00,23,2.651,-1.600,2.597
2.00,24,5.140,-2.999,-2.443
2.00,25,2.991,2.038,-2.444
2.00,26,5.140,-2.999,-2.443
2.00,27,-0.072,-3.244,-2.447
2.00,28,5.140,-2.999,-2.443
2.00,29,0.276,1.327,-11.447
2.00,30,2.652,-1.600,2.597
2.00,31,-2.608,-1.600,2.603
2.00,32,5.127,-2.969,-2.444
2.00,33,-0.018,2.719,2.599
2.00,34,-0.072,-3.244,-2.447
2.00,35,5.140,-2.999,-2.443
2.00,36,-5.181,-2.939,-2.433
2.00,37,-5.181,-2.939,-2.433
2.00,38,2.651,-1.600,2.597
2.00,39,-0.072,-3.244,-2.447
2.00,40,-2.608,-1.600,2.603
2.00,41,-2.897,2.075,-2.451
2.00,42,-2.608,-1.600,2.603
2.00,43,5.140,-2.999,-2.443
2.00,44,-2.569,-1.583,2.602
2.00,45,-0.018,2.719,2.599
2.00,46,5.147,-3.002,-2.443
2.00,47,-0.057,0.051,7.682
2.00,48,0.688,8.473,-9.141
2.00,49,0.047,6.288,-2.397
2.00,50,2.013,3.127,-2.499
2.00,51,-2.897,2.075,-2.451
2.00,52,0.055,6.146,-2.400
2.00,53,2.651,-1.600,2.597
2.00,54,2.651,-1.600,2.597
2.00,55,8.523,-4.399,0.496
2.00,56,2.991,2.038,-2.444
2.00,57,0.047,6.288,-2.397
2.00,58,-9.293,-8.275,5.920
2.00,59,5.140,-2.999,-2.443
2.00,60,-0.018,2.719,2.599
2.00,61,5.140,-2.999,-2.443
2.00,62,-2.897,2.075,-2.451
2.00,63,2.991,2.038,-2.444
2.00,64,-2.609,-1.601,2.603
2.00,65,-0.072,-3.244,-2.447
2.00,66,-5.181,-2.939,-2.433
2.00,67,0.047,6.288,-2.397
2.00,68,2.991,2.038,-2.444
2.00,69,-4.526,2.856,-3.492
2.00,70,2.982,2.049,-2.444
2.00,71,0.047,6.287,-2.397
2.00,72,-5.181,-2.939,-2.433
2.00,73,-5.181,-2.939,-2.433
2.00,74,5.140,-2.999,-2.443
2.00,75,5.142,-3.000,-2.443
2.00,76,0.047,6.287,-2.397
2.00,77,-0.018,2.719,2.599
2.00,78,-2.608,-1.600,2.603
2.00,79,-2.608,-1.600,2.603
2.00,80,4.789,5.789,-9.297
2.00,81,2.991,2.038,-2.444
2.00,82,-0.070,-3.244,-2.447
2.00,83,-2.608,-1.600,2.603
2.00,84,-0.018,2.719,2.599
2.00,85,-2.897,2.075,-2.451
2.00,86,5.140,-2.999,-2.443
2.00,87,-2.897,2.075,-2.451
2.00,88,-0.068,-3.244,-2.447
2.00,89,2.991,2.038,-2.444
2.00,90,-0.072,-3.244,-2.447
2.00,91,0.006,-3.290,-2.446
2.00,92,-5.202,-2.933,-2.433
2.00,93,8.821,-1.165,6.930
2.00,94,2.991,2.038,-2.444
2.00,95,-0.056,0.052,7.682
2.00,96,2.991,2.038,-2.444
2.00,97,-8.428,7.489,7.966
2.00,98,-0.056,0.052,7.682
2.00,99,-5.181,-2.939,-2.433
2.00,100,-0.240,-3.249,-2.448
2.00,101,5.140,-2.999,-2.443
2.00,102,0.049,6.266,-2.398
2.00,103,-0.072,-3.244,-2.447
2.00,104,2.993,2.036,-2.444
2.00,105,2.991,2.038,-2.444
2.00,106,0.047,6.287,-2.397
2.00,107,0.047,6.287,-2.397
2.00,108,2.991,2.038,-2.444
2.00,109,-0.018,2.719,2.599
2.00,110,0.047,6.288,-2.397
2.00,111,6.036,-0.965,6.558
2.00,112,-0.072,-3.244,-2.447
2.00,113,2.991,2.038,-2.444
2.00,114,-2.635,-1.614,2.604
2.00,115,2.991,2.038,-2.444
2.00,116,-0.056,0.052,7.682
2.00,117,-2.608,-1.600,2.603
2.00,118,2.651,-1.600,2.597
2.00,119,5.140,-2.999,-2.443
2.00,120,-0.072,-3.244,-2.447
2.00,121,-0.072,-3.244,-2.447
2.00,122,2.671,-1.599,2.597
2.00,123,-2.897,2.075,-2.451
2.00,124,-0.375,5.437,8.589
2.00,125,2.991,2.038,-2.444
2.00,126,-0.783,-6.570,8.683
2.00,127,2.991,2.038,-2.444
2.00,128,-0.072,-3.244,-2.447
2.00,129,-2.608,-1.600,2.603
2.00,130,-0.056,0.052,7.682
2.00,131,-0.056,0.052,7.682
2.00,132,-0.018,2.719,2.599
2.00,133,-1.703,-1.023,-2.490
2.00,134,7.475,9.691,-0.724
2.00,135,-5.181,-2.939,-2.433
2.00,136,-7.798,-6.552,-2.653
2.00,137,5.140,-2.999,-2.443
2.00,138,2.651,-1.600,2.597
2.00,139,2.991,2.038,-2.444
2.00,140,0.047,6.288,-2.397
2.00,141,2.991,2.038,-2.444
2.00,142,-2.608,-1.600,2.603
2.00,143,2.651,-1.600,2.597
2.00,144,-0.018,2.719,2.599
2.00,145,-0.072,-3.244,-2.447
2.00,146,2.991,2.038,-2.444
2.00,147,-5.181,-2.939,-2.433
2.00,148,-0.072,-3.244,-2.447
2.00,149,-0.018,2.719,2.599
2.00,150,5.140,-2.999,-2.443
2.00,151,5.140,-2.999,-2.443
2.00,152,5.140,-2.999,-2.443
2.00,153,-0.236,-3.387,-2.444
2.00,154,-9.572,-6.569,-8.105
2.00,155,-0.018,2.719,2.599
2.00,156,2.651,-1.600,2.597
2.00,157,-5.181,-2.939,-2.433
2.00,158,-2.897,2.075,-2.451
2.00,159,0.047,6.288,-2.397
2.00,160,-9.074,4.502,-7.947
2.00,161,-5.181,-2.939,-2.433
2.00,162,2.991,2.038,-2.444
2.00,163,-2.608,-1.600,2.603
2.00,164,2.991,2.038,-2.444
2.00,165,0.047,6.288,-2.397
2.00,166,-0.072,-3.244,-2.447
2.00,167,-2.608,-1.600,2.603
2.00,168,-8.877,-7.684,-10.517
2.00,169,-0.072,-3.244,-2.447
2.00,170,-2.608,-1.600,2.603
2.00,171,2.651,-1.600,2.597
2.00,172,-0.056,0.052,7.682
2.00,173,-2.898,2.072,-2.451
2.00,174,-0.018,2.719,2.599
2.00,175,-2.897,2.075,-2.451
2.00,176,-2.608,-1.600,2.603
2.00,177,9.221,-9.072,-8.084
2.00,178,-0.072,-3.244,-2.447
2.00,179,2.651,-1.600,2.597
2.00,180,-2.897,2.075,-2.451
2.00,181,-0.072,-3.244,-2.447
2.00,182,-2.897,2.075,-2.451
2.00,183,2.651,-1.600,2.597
2.00,184,-5.181,-2.939,-2.433
2.00,185,5.140,-2.999,-2.443
2.00,186,5.140,-2.999,-2.443
2.00,187,-2.608,-1.600,2.603
2.00,188,0.598,1.365,0.903
2.00,189,0.047,6.287,-2.397
2.00,190,-0.018,2.719,2.599
2.00,191,-0.018,2.719,2.599
2.00,192,-2.613,-1.603,2.603
2.00,193,-0.072,-3.244,-2.447
2.00,194,-0.072,-3.244,-2.447
2.00,195,2.651,-1.600,2.597
2.00,196,0.047,6.288,-2.397
2.00,197,-2.608,-1.600,2.603
2.00,198,-5.113,-3.748,9.455
2.00,199,-0.056,0.052,7.682
2.00,200,-2.897,2.075,-2.451
2.00,201,0.047,6.288,-2.397
2.00,202,2.651,-1.600,2.597
2.00,203,-2.608,-1.600,2.603
2.00,204,-0.018,2.719,2.599
2.00,205,-5.179,-2.939,-2.433
2.00,206,2.991,2.038,-2.444
2.00,207,-0.080,-3.244,-2.447
2.00,208,2.991,2.038,-2.444
2.00,209,-0.018,2.719,2.599
2.00,210,-2.897,2.075,-2.451
2.00,211,-5.181,-2.939,-2.433
2.00,212,-0.018,2.719,2.599
2.00,213,-2.608,-1.600,2.603
2.00,214,-0.018,2.719,2.599
2.00,215,2.651,-1.600,2.597
2.00,216,0.047,6.288,-2.397
2.00,217,3.993,-2.383,-0.926
2.00,218,2.651,-1.600,2.597
2.00,219,2.999,2.029,-2.444
2.00,220,-2.607,-1.600,2.603
2.00,221,2.651,-1.600,2.597
2.00,222,-2.608,-1.600,2.603
2.00,223,0.047,6.287,-2.397
2.00,224,-2.897,2.075,-2.451
2.00,225,-0.072,-3.244,-2.447
2.00,226,-2.878,2.099,-2.452
2.00,227,-5.181,-2.939,-2.433
2.00,228,-5.181,-2.939,-2.433
2.00,229,-2.634,-1.614,2.604
2.00,230,0.046,6.302,-2.397
2.00,231,-5.316,-3.062,-2.431
2.00,232,-2.898,2.074,-2.451
2.00,233,-2.897,2.075,-2.451
2.00,234,2.991,2.038,-2.444
2.00,235,0.046,6.301,-2.397
2.00,236,-0.018,2.719,2.599
2.00,237,5.140,-2.999,-2.443
2.00,238,2.651,-1.600,2.597
2.00,239,-6.818,-1.378,-0.840
2.00,240,2.651,-1.600,2.597
2.00,241,5.140,-2.999,-2.443
2.00,242,-0.072,-3.244,-2.447
2.00,243,-0.018,2.719,2.599
2.00,244,-2.897,2.075,-2.451
2.00,245,-5.181,-2.939,-2.433
2.00,246,-0.018,2.719,2.599
2.00,247,-5.932,8.954,-1.212
2.00,248,-5.181,-2.939,-2.433
2.00,249,-2.608,-1.601,2.603
2.00,250,0.042,6.316,-2.397
2.00,251,-0.018,2.719,2.599
2.00,252,0.047,6.288,-2.397
2.00,253,-0.072,-3.244,-2.447
2.00,254,0.047,6.288,-2.397
2.00,255,-0.018,2.719,2.599
2.00,256,2.651,-1.600,2.597
2.00,257,-0.072,-3.244,-2.447
2.00,258,1.260,-7.140,-1.176
2.00,259,-0.104,-3.245,-2.448
2.00,260,3.031,1.991,-2.442
2.00,261,-0.018,2.719,2.599
2.00,262,5.140,-2.999,-2.443
2.00,263,-7.915,3.087,-3.684
2.00,264,-2.608,-1.600,2.603
2.00,265,-1.423,-8.382,-3.823
2.00,266,-0.056,0.052,7.682
2.00,267,0.047,6.288,-2.397
2.00,268,2.991,2.038,-2.444
2.00,269,0.047,6.288,-2.397
2.00,270,2.991,2.038,-2.444
2.00,271,-0.018,2.719,2.599
2.00,272,-0.072,-3.244,-2.447
2.00,273,-0.072,-3.244,-2.447
2.00,274,-0.018,2.719,2.599
2.00,275,-2.608,-1.600,2.603
2.00,276,-0.072,-3.244,-2.447
2.00,277,5.140,-2.999,-2.443
2.00,278,2.651,-1.600,2.597
2.00,279,-0.018,2.719,2.599
2.00,280,-2.608,-1.600,2.603
2.00,281,-0.072,-3.244,-2.447
2.00,282,-2.608,-1.600,2.603
2.00,283,0.046,6.325,-2.397
2.00,284,-0.018,2.719,2.599
2.00,285,-2.608,-1.600,2.603
2.00,286,-2.897,2.075,-2.451
2.00,287,2.995,2.034,-2.444
2.00,288,5.140,-2.999,-2.443
2.00,289,2.991,2.038,-2.444
2.00,290,2.650,-1.599,2.597
2.00,291,2.991,2.038,-2.444
2.00,292,-0.072,-3.244,-2.447
2.00,293,-5.181,-2.939,-2.433
2.00,294,2.907,2.137,-2.447
2.00,295,2.289,-8.501,-1.007
2.00,296,-2.897,2.075,-2.451
2.00,297,-0.072,-3.244,-2.447
2.00,298,2.992,2.037,-2.444
2.00,299,-0.018,2.719,2.599
2.00,300,-2.897,2.075,-2.451
2.00,301,2.651,-1.600,2.597
2.00,302,0.047,6.287,-2.397
2.00,303,-5.105,6.107,6.798
2.00,304,0.047,6.286,-2.397
2.00,305,0.047,6.289,-2.397
2.00,306,5.140,-2.999,-2.443
2.00,307,2.651,-1.600,2.597
2.00,308,-2.897,2.075,-2.451
2.00,309,-5.181,-2.939,-2.433
2.00,310,2.991,2.038,-2.444
2.00,311,5.140,-2.999,-2.443
2.00,312,2.651,-1.600,2.597
2.00,313,0.047,6.287,-2.397
2.00,314,2.991,2.038,-2.444
2.00,315,2.991,2.038,-2.444
2.00,316,5.133,-2.997,-2.444
2.00,317,-9.905,5.049,6.966
2.00,318,5.140,-2.999,-2.443
2.00,319,5.140,-2.999,-2.443
2.00,320,-2.608,-1.600,2.603
2.00,321,2.991,2.038,-2.444
2.00,322,0.047,6.288,-2.397
2.00,323,-0.072,-3.244,-2.447
2.00,324,2.991,2.038,-2.444
2.00,325,0.047,6.287,-2.397
2.00,326,-0.071,-3.244,-2.447
2.00,327,0.486,2.048,-7.488
2.00,328,-0.018,2.719,2.599
2.00,329,2.991,2.038,-2.444
2.00,330,2.651,-1.600,2.597
2.00,331,-5.184,-2.940,-2.433
2.00,332,-0.018,2.719,2.599
2.00,333,2.651,-1.600,2.597
2.00,334,4.209,-2.561,-2.500
2.00,335,2.991,2.038,-2.444
2.00,336,5.140,-2.999,-2.443
2.00,337,-0.072,-3.244,-2.447
2.00,338,-0.072,-3.244,-2.447
2.00,339,-5.181,-2.939,-2.433
2.00,340,-2.897,2.075,-2.451
2.00,341,-5.181,-2.939,-2.433
2.00,342,0.047,6.287,-2.397
2.00,343,0.047,6.288,-2.397
2.00,344,-0.018,2.719,2.599
2.00,345,4.983,2.175,-2.439
2.00,346,2.991,2.038,-2.444
2.00,347,-5.165,-2.939,-2.433
2.00,348,2.723,-8.899,5.533
2.00,349,-3.456,1.678,-2.448
2.00,350,-0.826,-7.344,-5.723
2.00,351,-0.056,0.052,7.682
2.00,352,5.538,1.574,-6.001
2.00,353,5.140,-2.999,-2.443
2.00,354,2.991,2.038,-2.444
2.00,355,2.991,2.038,-2.444
2.00,356,-2.608,-1.600,2.603
2.00,357,-2.897,2.075,-2.451
2.00,358,-3.755,-0.608,4.166
2.00,359,2.651,-1.600,2.597
2.00,360,-0.072,-3.244,-2.447
2.00,361,2.991,2.038,-2.444
2.00,362,2.991,2.038,-2.444
2.00,363,-0.056,0.052,7.682
2.00,364,-0.018,2.719,2.599
2.00,365,2.991,2.038,-2.444
2.00,366,2.651,-1.600,2.597
2.00,367,-0.078,-3.244,-2.447
2.00,368,-0.056,0.052,7.682
2.00,369,-5.181,-2.939,-2.433
2.00,370,-0.018,2.719,2.599
2.00,371,-0.056,0.052,7.682
2.00,372,5.140,-2.999,-2.443
2.00,373,-5.181,-2.939,-2.433
2.00,374,-0.072,-3.244,-2.447
2.00,375,-5.181,-2.939,-2.433
2.00,376,-2.897,2.075,-2.451
2.00,377,-0.056,0.052,7.682
2.00,378,0.047,6.287,-2.397
2.00,379,5.140,-2.999,-2.443
2.00,380,-2.608,-1.601,2.603
2.00,381,-2.626,-1.609,2.604
2.00,382,2.991,2.038,-2.444
2.00,383,-2.897,2.075,-2.451
2.00,384,7.561,-6.996,-2.089
2.00,385,8.916,-2.036,9.987
2.00,386,2.991,2.038,-2.444
2.00,387,-0.613,-7.067,3.037
2.00,388,0.047,6.287,-2.397
2.00,389,2.991,2.038,-2.444
2.00,390,5.140,-2.999,-2.443
2.00,391,-5.181,-2.939,-2.433
2.00,392,-0.018,2.719,2.599
2.00,393,-5.181,-2.939,-2.433
2.00,394,0.036,-3.234,-2.448
2.00,395,-0.018,2.719,2.599
2.00,396,-5.181,-2.939,-2.433
2.00,397,0.047,6.288,-2.397
2.00,398,-0.072,-3.244,-2.447
2.00,399,0.047,6.288,-2.397
2.00,400,-0.056,0.052,7.682
2.00,401,-5.181,-2.939,-2.433
2.00,402,-0.549,-6.016,-11.258
2.00,403,-5.181,-2.939,-2.433
2.00,404,2.991,2.038,-2.444
2.00,405,-7.231,-2.686,4.031
2.00,406,0.047,6.288,-2.397
2.00,407,-2.897,2.075,-2.451
2.00,408,-2.897,2.075,-2.451
2.00,409,2.991,2.038,-2.444
2.00,410,-2.608,-1.600,2.603
2.00,411,-0.018,2.719,2.599
2.00,412,2.651,-1.600,2.597
2.00,413,2.651,-1.600,2.597
2.00,414,-5.172,-2.939,-2.433
2.00,415,-2.897,2.075,-2.451
2.00,416,0.047,6.287,-2.397
2.00,417,-0.018,2.719,2.599
2.00,418,5.140,-2.999,-2.443
2.00,419,5.140,-2.999,-2.443
2.00,420,-2.897,2.075,-2.451
2.00,421,2.991,2.038,-2.444
2.00,422,0.047,6.287,-2.397
2.00,423,-0.072,-3.244,-2.447
2.00,424,-0.072,-3.244,-2.447
2.00,425,-2.897,2.075,-2.451
2.00,426,-0.056,0.052,7.682
2.00,427,-5.181,-2.939,-2.433
2.00,428,2.651,-1.600,2.597
2.00,429,6.321,-8.547,8.294
2.00,430,5.140,-2.999,-2.443
2.00,431,-2.613,-1.603,2.603
2.00,432,-5.165,-2.944,-2.432
2.00,433,-0.056,0.052,7.682
2.00,434,-2.897,2.075,-2.451
2.00,435,-5.181,-2.939,-2.433
2.00,436,-0.018,2.719,2.599
2.00,437,3.352,4.047,7.966
2.00,438,-2.608,-1.600,2.603
2.00,439,-2.897,2.075,-2.451
2.00,440,-2.897,2.075,-2.451
2.00,441,-2.897,2.075,-2.451
2.00,442,-5.181,-2.939,-2.433
2.00,443,2.651,-1.600,2.597
2.00,444,-0.072,-3.244,-2.447
2.00,445,0.047,6.288,-2.397
2.00,446,2.991,2.038,-2.444
2.00,447,-9.846,5.070,2.208
2.00,448,2.991,2.038,-2.444
2.00,449,-5.181,-2.939,-2.433
2.00,450,-5.181,-2.939,-2.433
2.00,451,2.991,2.038,-2.444
2.00,452,-0.056,0.052,7.682
2.00,453,2.991,2.038,-2.444
2.00,454,2.991,2.038,-2.444
2.00,455,2.651,-1.600,2.597
2.00,456,-0.018,2.719,2.599
2.00,457,-0.065,-3.243,-2.447
2.00,458,5.140,-2.999,-2.443
2.00,459,2.651,-1.600,2.597
2.00,460,2.651,-1.600,2.597
2.00,461,-2.897,2.075,-2.451
2.00,462,0.048,6.287,-2.397
2.00,463,2.651,-1.600,2.597
2.00,464,0.047,6.288,-2.397
2.00,465,5.140,-2.999,-2.443
2.00,466,-0.056,0.052,7.682
2.00,467,-0.072,-3.244,-2.447
2.00,468,-8.961,1.173,1.680
2.00,469,-2.608,-1.600,2.603
2.00,470,0.047,6.288,-2.397
2.00,471,2.894,2.073,-2.447
2.00,472,-0.018,2.719,2.599
2.00,473,0.047,6.288,-2.397
2.00,474,-5.181,-2.939,-2.433
2.00,475,5.140,-2.999,-2.443
2.00,476,-2.608,-1.600,2.603
2.00,477,-5.181,-2.939,-2.433
2.00,478,-0.056,0.052,7.682
2.00,479,5.140,-2.999,-2.443
2.00,480,-0.023,2.793,2.603
2.00,481,2.651,-1.600,2.597
2.00,482,-2.896,2.077,-2.451
2.00,483,2.656,-1.602,2.597
2.00,484,3.645,7.560,2.478
2.00,485,-2.897,2.075,-2.451
2.00,486,-5.181,-2.939,-2.433
2.00,487,5.140,-2.999,-2.443
2.00,488,-0.072,-3.244,-2.447
2.00,489,2.651,-1.600,2.597
2.00,490,-2.608,-1.600,2.603
2.00,491,-5.158,-2.943,-2.432
2.00,492,-0.072,-3.244,-2.447
2.00,493,2.651,-1.600,2.597
2.00,494,-2.897,2.075,-2.451
2.00,495,-2.611,-1.602,2.603
2.00,496,-5.181,-2.939,-2.433
2.00,497,-0.072,-3.244,-2.447
2.00,498,-0.018,2.719,2.599
2.00,499,-0.018,2.719,2.599
2.00,500,5.140,-2.999,-2.443
2.00,501,2.991,2.038,-2.444
2.00,502,-2.304,7.243,2.800
2.00,503,2.991,2.038,-2.444
2.00,504,0.047,6.287,-2.397
2.00,505,0.042,-3.235,-2.448
2.00,506,6.527,-0.920,2.105
2.00,507,2.991,2.038,-2.444
2.00,508,-0.018,2.719,2.599
2.00,509,5.676,-5.051,-9.890
2.00,510,-0.072,-3.244,-2.447
2.00,511,-1.616,-0.241,1.609
2.00,512,0.047,6.340,-2.396
2.00,513,5.140,-2.999,-2.443
2.00,514,2.651,-1.600,2.597
2.00,515,5.140,-2.999,-2.443
2.00,516,0.047,6.288,-2.397
2.00,517,0.604,5.458,2.367
2.00,518,2.651,-1.600,2.597
2.00,519,-2.608,-1.600,2.603
2.00,520,-0.056,0.052,7.682
2.00,521,-0.072,-3.244,-2.447
2.00,522,5.140,-2.999,-2.443
2.00,523,-2.608,-1.600,2.603
2.00,524,0.047,6.288,-2.397
2.00,525,-5.181,-2.939,-2.433
2.00,526,-5.181,-2.939,-2.433
2.00,527,2.295,8.223,-7.652
2.00,528,5.140,-2.999,-2.443
2.00,529,-0.018,2.719,2.599
2.00,530,-0.018,2.719,2.599
2.00,531,-2.897,2.075,-2.451
2.00,532,-0.072,-3.244,-2.447
2.00,533,-0.072,-3.244,-2.447
2.00,534,-0.056,0.052,7.682
2.00,535,0.047,6.287,-2.397
2.00,536,-2.897,2.075,-2.451
2.00,537,5.140,-2.999,-2.443
2.00,538,-2.897,2.075,-2.451
2.00,539,-0.018,2.719,2.599
2.00,540,-0.072,-3.244,-2.447
2.00,541,5.140,-2.999,-2.443
2.00,542,2.991,2.038,-2.444
2.00,543,2.651,-1.600,2.597
2.00,544,-5.181,-2.939,-2.433
2.00,545,-5.181,-2.939,-2.433
2.00,546,0.047,6.288,-2.397
2.00,547,-0.018,2.719,2.599
2.00,548,0.481,-3.184,-2.454
2.00,549,-2.897,2.075,-2.451
2.00,550,2.991,2.038,-2.444
2.00,551,0.047,6.288,-2.397
2.00,552,-0.018,2.719,2.599
2.00,553,-5.181,-2.939,-2.433
2.00,554,-0.072,-3.244,-2.447
2.00,555,-5.181,-2.939,-2.433
2.00,556,-2.906,2.064,-2.451
2.00,557,2.991,2.038,-2.444
2.00,558,0.047,6.288,-2.397
2.00,559,2.651,-1.600,2.597
2.00,560,2.992,2.037,-2.444
2.00,561,-7.045,-0.612,9.216
2.00,562,5.140,-2.999,-2.443
2.00,563,2.991,2.038,-2.444
2.00,564,-0.056,0.052,7.682
2.00,565,-0.073,-3.244,-2.447
2.00,566,4.527,-1.706,-2.708
2.00,567,2.651,-1.600,2.597
2.00,568,5.140,-2.999,-2.443
2.00,569,-2.897,2.075,-2.451
2.00,570,2.991,2.038,-2.444
2.00,571,-0.056,0.052,7.682
2.00,572,2.991,2.038,-2.444
2.00,573,-4.558,5.125,2.592
2.00,574,-0.072,-3.244,-2.447
2.00,575,-2.608,-1.600,2.603
2.00,576,0.047,6.288,-2.397
2.00,577,-2.608,-1.600,2.603
2.00,578,-0.056,0.052,7.682
2.00,579,2.991,2.038,-2.444
2.00,580,-0.075,-3.244,-2.447
2.00,581,-0.094,0.010,7.682
2.00,582,0.047,6.289,-2.397
2.00,583,2.651,-1.600,2.597
2.00,584,2.651,-1.600,2.597
2.00,585,-5.181,-2.939,-2.433
2.00,586,-0.072,-3.244,-2.447
2.00,587,-2.608,-1.600,2.603
2.00,588,-0.018,2.719,2.599
2.00,589,2.651,-1.600,2.597
2.00,590,-2.608,-1.600,2.603
2.00,591,2.991,2.038,-2.444
2.00,592,-2.608,-1.600,2.603
2.00,593,-0.072,-3.244,-2.447
2.00,594,0.047,6.288,-2.397
2.00,595,2.651,-1.600,2.597
2.00,596,-5.181,-2.939,-2.433
2.00,597,-2.897,2.075,-2.451
2.00,598,5.140,-2.999,-2.443
2.00,599,3.112,1.853,-2.440
2.00,600,0.047,6.288,-2.397
2.00,601,5.219,-3.032,-2.442
2.00,602,-2.897,2.075,-2.451
2.00,603,-2.897,2.075,-2.451
2.00,604,-0.056,0.052,7.682
2.00,605,5.140,-2.999,-2.443
2.00,606,-1.027,-1.799,-6.942
2.00,607,-0.018,2.719,2.599
2.00,608,-0.083,-0.059,7.679
2.00,609,-0.069,-3.308,-2.446
2.00,610,-2.608,-1.600,2.603
2.00,611,-2.897,2.075,-2.451
2.00,612,-0.056,0.052,7.682
2.00,613,2.651,-1.600,2.597
2.00,614,-5.181,-2.939,-2.433
2.00,615,-0.018,2.719,2.599
2.00,616,-2.963,-1.281,2.606
2.00,617,0.046,6.301,-2.397
2.00,618,-0.018,2.719,2.599
2.00,619,-0.056,0.052,7.682
2.00,620,-2.897,2.075,-2.451
2.00,621,-2.608,-1.600,2.603
2.00,622,-0.018,2.719,2.599
2.00,623,0.047,6.289,-2.397
2.00,624,2.651,-1.600,2.597
2.00,625,2.961,2.075,-2.445
2.00,626,0.047,6.287,-2.397
2.00,627,5.140,-2.999,-2.443
2.00,628,-0.018,2.719,2.599
2.00,629,5.140,-2.999,-2.443
2.00,630,-0.072,-3.244,-2.447
2.00,631,-2.608,-1.600,2.603
2.00,632,-4.079,9.385,6.040
2.00,633,2.988,2.042,-2.444
2.00,634,-2.608,-1.600,2.603
2.00,635,2.991,2.038,-2.444
2.00,636,-0.018,2.719,2.599
2.00,637,-0.018,2.719,2.599
2.00,638,2.991,2.038,-2.444
2.00,639,-2.897,2.075,-2.451
2.00,640,-2.897,2.075,-2.451
2.00,641,-2.608,-1.600,2.603
2.00,642,-2.570,-1.580,2.602
2.00,643,-2.609,-1.601,2.603
2.00,644,-5.181,-2.939,-2.433
2.00,645,2.651,-1.600,2.597
2.00,646,-0.056,0.053,7.682
2.00,647,-6.388,7.884,-10.882
2.00,648,0.047,6.287,-2.397
2.00,649,2.651,-1.600,2.597
2.00,650,-0.018,2.719,2.599
2.00,651,2.651,-1.600,2.597
2.00,652,-0.070,-3.244,-2.447
2.00,653,-0.072,-3.244,-2.447
2.00,654,-5.182,-2.939,-2.433
2.00,655,5.140,-2.999,-2.443
2.00,656,-0.018,2.719,2.599
2.00,657,-0.072,-3.244,-2.447
2.00,658,2.651,3.209,9.151
2.00,659,-0.018,2.719,2.599
2.00,660,0.334,-3.508,5.610
2.00,661,0.047,6.288,-2.397
2.00,662,0.048,6.275,-2.398
2.00,663,0.047,6.288,-2.397
2.00,664,-0.034,2.792,2.602
2.00,665,-0.018,2.719,2.599
2.00,666,-0.072,-3.244,-2.447
2.00,667,3.842,-8.780,-4.448
2.00,668,-0.016,2.687,2.597
2.00,669,-2.897,2.075,-2.451
2.00,670,-2.608,-1.600,2.603
2.00,671,2.991,2.038,-2.444
2.00,672,5.140,-2.999,-2.443
2.00,673,2.651,-1.600,2.597
2.00,674,5.140,-2.999,-2.443
2.00,675,-0.072,-3.244,-2.447
2.00,676,5.140,-2.999,-2.443
2.00,677,5.140,-2.999,-2.443
2.00,678,-0.072,-3.244,-2.447
2.00,679,-0.018,2.719,2.599
2.00,680,5.140,-2.999,-2.443
2.00,681,-0.002,2.677,2.597
2.00,682,0.047,6.288,-2.397
2.00,683,2.991,2.038,-2.444
2.00,684,5.140,-2.999,-2.443
2.00,685,-0.073,-3.244,-2.447
2.00,686,-0.018,2.719,2.599
2.00,687,2.991,2.038,-2.444
2.00,688,-0.072,-3.244,-2.447
2.00,689,-0.018,2.719,2.599
2.00,690,-0.072,-3.244,-2.447
2.00,691,5.140,-2.999,-2.443
2.00,692,-5.181,-2.939,-2.433
2.00,693,-2.897,2.075,-2.451
2.00,694,-2.897,2.075,-2.451
2.00,695,-2.897,2.075,-2.451
2.00,696,2.651,-1.600,2.597
2.00,697,-5.181,-2.939,-2.433
2.00,698,-2.608,-1.600,2.603
2.00,699,0.047,6.286,-2.397
2.00,700,-2.608,-1.600,2.603
2.00,701,-2.649,4.944,2.870
2.00,702,-2.608,-1.600,2.603
2.00,703,-2.608,-1.600,2.603
2.00,704,0.047,6.288,-2.397
2.00,705,-5.181,-2.938,-2.433
2.00,706,2.652,-1.600,2.597
2.00,707,-0.018,2.719,2.599
2.00,708,5.140,-2.999,-2.443
2.00,709,-0.071,-3.244,-2.447
2.00,710,2.651,-1.600,2.597
2.00,711,-0.018,2.719,2.599
2.00,712,-5.181,-2.939,-2.433
2.00,713,5.140,-2.999,-2.443
2.00,714,5.140,-2.999,-2.443
2.00,715,-2.608,-1.600,2.603
2.00,716,2.742,-1.691,2.600
2.00,717,-0.072,-3.244,-2.447
2.00,718,-5.181,-2.939,-2.433
2.00,719,-0.012,2.657,2.596
2.00,720,0.047,6.287,-2.397
2.00,721,2.346,1.277,0.599
2.00,722,-0.838,-3.754,5.179
2.00,723,-0.056,0.052,7.682
2.00,724,-0.018,2.719,2.599
2.00,725,0.047,6.288,-2.397
2.00,726,2.991,2.038,-2.444
2.00,727,-2.638,-1.615,2.604
2.00,728,2.991,2.038,-2.444
2.00,729,5.140,-2.999,-2.443
2.00,730,2.651,-1.600,2.597
2.00,731,-5.181,-2.939,-2.433
2.00,732,-0.018,2.719,2.599
2.00,733,2.651,-1.600,2.597
2.00,734,0.047,6.288,-2.397
2.00,735,5.140,-2.999,-2.443
2.00,736,-5.181,-2.939,-2.433
2.00,737,2.991,2.038,-2.444
2.00,738,-2.897,2.075,-2.451
2.00,739,0.699,-3.244,6.358
2.00,740,-5.181,-2.939,-2.433
2.00,741,0.047,6.287,-2.397
2.00,742,-0.018,2.719,2.599
2.00,743,-5.691,9.485,-2.638
2.00,744,0.049,6.294,-2.397
2.00,745,-0.018,2.719,2.599
2.00,746,2.651,-1.600,2.597
2.00,747,-0.056,0.052,7.682
2.00,748,-3.076,-3.489,6.734
2.00,749,-0.018,2.719,2.599
2.00,750,-2.897,2.075,-2.451
2.00,751,0.047,6.288,-2.397
2.00,752,5.144,-3.001,-2.443
2.00,753,5.140,-2.999,-2.443
2.00,754,1.172,3.096,-10.549
2.00,755,5.112,-2.982,-2.444
2.00,756,-0.933,-8.186,4.499
2.00,757,2.987,2.043,-2.444
2.00,758,-0.018,2.719,2.599
2.00,759,-2.897,2.075,-2.451
2.00,760,-2.608,-1.600,2.603
2.00,761,-2.608,-1.600,2.603
2.00,762,5.140,-2.999,-2.443
2.00,763,0.046,6.303,-2.397
2.00,764,-2.903,2.068,-2.451
2.00,765,-2.897,2.075,-2.451
2.00,766,2.651,-1.600,2.597
2.00,767,5.140,-2.999,-2.443
2.00,768,-5.181,-2.939,-2.433
2.00,769,0.048,6.280,-2.397
2.00,770,0.047,6.288,-2.397
2.00,771,-0.072,-3.244,-2.447
2.00,772,-0.072,-3.244,-2.447
2.00,773,-2.896,2.076,-2.451
2.00,774,-5.181,-2.939,-2.433
2.00,775,2.991,2.038,-2.444
2.00,776,-2.897,2.075,-2.451
2.00,777,-0.018,2.719,2.599
2.00,778,-5.181,-2.939,-2.433
2.00,779,-0.018,2.719,2.599
2.00,780,2.991,2.038,-2.444
2.00,781,-2.897,2.076,-2.451
2.00,782,5.140,-2.999,-2.443
2.00,783,-5.181,-2.939,-2.433
2.00,784,2.991,2.038,-2.444
2.00,785,5.095,-9.436,2.262
2.00,786,2.874,-1.704,2.605
2.00,787,-2.897,2.075,-2.451
2.00,788,5.140,-2.999,-2.443
2.00,789,-2.897,2.075,-2.451
2.00,790,-5.181,-2.939,-2.433
2.00,791,5.140,-2.999,-2.443
2.00,792,0.047,6.288,-2.397
2.00,793,-5.181,-2.939,-2.433
2.00,794,2.651,-1.600,2.597
2.00,795,5.140,-2.999,-2.443
2.00,796,0.006,6.309,-2.396
2.00,797,-0.056,0.052,7.682
2.00,798,5.140,-2.999,-2.443
2.00,799,1.301,0.257,-0.779
2.00,800,-0.072,-3.244,-2.447
2.00,801,2.991,2.038,-2.444
2.00,802,-0.018,2.719,2.599
2.00,803,-0.072,-3.244,-2.447
2.00,804,2.991,2.038,-2.444
2.00,805,5.140,-2.999,-2.443
2.00,806,2.651,-1.600,2.597
2.00,807,-2.608,-1.600,2.603
2.00,808,-2.897,2.075,-2.451
2.00,809,-2.897,2.075,-2.451
2.00,810,-0.072,-3.244,-2.447
2.00,811,-0.072,-3.244,-2.447
2.00,812,2.991,2.038,-2.444
2.00,813,-2.608,-1.600,2.603
2.00,814,0.665,-1.613,6.407
2.00,815,-0.018,2.720,2.599
2.00,816,-2.897,2.075,-2.451
2.00,817,-0.072,-3.244,-2.447
2.00,818,-1.094,3.461,3.934
2.00,819,-0.018,2.719,2.599
2.00,820,-0.072,-3.244,-2.447
2.00,821,-0.056,0.052,7.682
2.00,822,-5.181,-2.939,-2.433
2.00,823,-0.018,2.719,2.599
2.00,824,-0.072,-3.244,-2.447
2.00,825,0.047,6.288,-2.397
2.00,826,-0.018,2.719,2.599
2.00,827,-2.608,-1.600,2.603
2.00,828,0.047,6.288,-2.397
2.00,829,5.140,-2.999,-2.443
2.00,830,-5.181,-2.939,-2.433
2.00,831,0.046,6.324,-2.397
2.00,832,-5.181,-2.939,-2.433
2.00,833,-2.897,2.075,-2.451
2.00,834,-2.897,2.075,-2.451
2.00,835,5.140,-2.999,-2.443
2.00,836,-2.608,-1.600,2.603
2.00,837,2.651,-1.600,2.597
2.00,838,2.991,2.038,-2.444
2.00,839,2.651,-1.600,2.597
2.00,840,-0.018,2.719,2.599
2.00,841,0.047,6.288,-2.397
2.00,842,2.991,2.038,-2.444
2.00,843,-2.897,2.075,-2.451
2.00,844,-0.018,2.719,2.599
2.00,845,2.991,2.038,-2.444
2.00,846,-5.181,-2.939,-2.433
2.00,847,5.173,-3.150,-2.440
2.00,848,-0.071,-3.244,-2.447
2.00,849,-1.145,-8.536,-7.470
2.00,850,2.991,2.038,-2.444
2.00,851,-5.181,-2.939,-2.433
2.00,852,0.047,6.287,-2.397
2.00,853,5.140,-2.999,-2.443
2.00,854,9.924,4.710,1.794
2.00,855,5.140,-2.999,-2.443
2.00,856,-2.897,2.075,-2.451
2.00,857,-0.072,-3.244,-2.447
2.00,858,-0.018,2.719,2.599
2.00,859,-2.897,2.075,-2.451
2.00,860,-2.897,2.075,-2.451
2.00,861,-5.181,-2.939,-2.433
2.00,862,-2.897,2.075,-2.451
2.00,863,2.965,-8.580,8.003
2.00,864,-2.897,2.075,-2.451
2.00,865,-0.007,2.730,2.600
2.00,866,-2.897,2.075,-2.451
2.00,867,2.651,-1.600,2.597
2.00,868,5.140,-2.999,-2.443
2.00,869,-2.933,2.017,-2.449
2.00,870,-5.181,-2.939,-2.433
2.00,871,-0.056,0.052,7.682
2.00,872,-0.056,0.052,7.682
2.00,873,-3.368,0.423,4.789
2.00,874,2.991,2.038,-2.444
2.00,875,-0.072,-3.244,-2.447
2.00,876,-2.897,2.075,-2.451
2.00,877,-0.018,2.719,2.599
2.00,878,2.651,-1.600,2.597
2.00,879,0.467,-1.913,5.486
2.00,880,-4.735,0.292,1.765
2.00,881,0.047,6.297,-2.397
2.00,882,-0.056,0.052,7.682
2.00,883,2.651,-1.600,2.597
2.00,884,-0.018,2.719,2.599
2.00,885,-5.185,-2.947,-2.432
2.00,886,5.140,-2.999,-2.443
2.00,887,-0.072,-3.244,-2.447
2.00,888,-5.181,-2.939,-2.433
2.00,889,0.047,6.288,-2.397
2.00,890,-0.056,0.052,7.682
2.00,891,-0.018,2.719,2.599
2.00,892,-2.608,-1.600,2.603
2.00,893,-0.056,0.052,7.682
2.00,894,-2.608,-1.600,2.603
2.00,895,2.991,2.038,-2.444
2.00,896,-7.872,-0.313,2.537
2.00,897,-0.056,0.052,7.682
2.00,898,-2.897,2.075,-2.451
2.00,899,0.047,6.288,-2.397
2.00,900,0.590,1.767,-10.864
2.00,901,2.651,-1.600,2.597
2.00,902,-0.018,2.719,2.599
2.00,903,0.047,6.291,-2.397
2.00,904,-0.072,-3.244,-2.447
2.00,905,5.140,-2.999,-2.443
2.00,906,-5.181,-2.939,-2.433
2.00,907,-0.072,-3.244,-2.447
2.00,908,5.140,-2.999,-2.443
2.00,909,-2.897,2.075,-2.451
2.00,910,-0.072,-3.244,-2.447
2.00,911,5.140,-2.999,-2.443
2.00,912,-4.516,7.801,-3.297
2.00,913,2.651,-1.600,2.597
2.00,914,-0.018,2.719,2.599
2.00,915,5.150,-3.004,-2.443
2.00,916,5.140,-2.999,-2.443
2.00,917,-0.072,-3.244,-2.447
2.00,918,-2.608,-1.600,2.603
2.00,919,-0.072,-3.244,-2.447
2.00,920,5.140,-2.999,-2.443
2.00,921,2.651,-1.600,2.597
2.00,922,2.918,2.120,-2.447
2.00,923,-2.897,2.075,-2.451
2.00,924,2.651,-1.600,2.597
2.00,925,2.692,-1.626,2.598
2.00,926,-0.020,2.738,2.600
2.00,927,-2.608,-1.600,2.603
2.00,928,-5.181,-2.939,-2.433
2.00,929,-2.608,-1.600,2.603
2.00,930,5.140,-2.999,-2.443
2.00,931,4.929,-7.137,-10.903
2.00,932,-0.070,-3.244,-2.447
2.00,933,5.140,-2.999,-2.443
2.00,934,-0.072,-3.244,-2.447
2.00,935,0.047,6.288,-2.397
2.00,936,2.651,-1.600,2.597
2.00,937,-3.221,5.295,9.746
2.00,938,-0.018,2.719,2.599
2.00,939,5.140,-2.999,-2.443
2.00,940,-5.181,-2.939,-2.433
2.00,941,-5.181,-2.939,-2.433
2.00,942,0.047,6.287,-2.397
2.00,943,5.150,-3.004,-2.443
2.00,944,0.472,-3.205,-2.454
2.00,945,-5.181,-2.939,-2.433
2.00,946,2.991,2.038,-2.444
2.00,947,-5.181,-2.939,-2.433
2.00,948,-0.072,-3.244,-2.447
2.00,949,-2.899,2.073,-2.451
2.00,950,-0.072,-3.244,-2.447
2.00,951,5.179,-2.784,-2.448
2.00,952,-0.072,-3.244,-2.447
2.00,953,-0.018,2.718,2.599
2.00,954,-5.181,-2.939,-2.433
2.00,955,-5.181,-2.939,-2.433
2.00,956,-2.608,-1.600,2.603
2.00,957,2.991,2.038,-2.444
2.00,958,-5.181,-2.939,-2.433
2.00,959,9.397,7.847,-4.956
2.00,960,-2.608,-1.600,2.603
2.00,961,-0.072,-3.244,-2.447
2.00,962,0.047,6.288,-2.397
2.00,963,-5.181,-2.939,-2.433
2.00,964,-0.018,2.719,2.599
2.00,965,-5.181,-2.939,-2.433
2.00,966,-0.056,0.052,7.682
2.00,967,9.665,5.363,9.617
2.00,968,-5.262,-2.977,-2.432
2.00,969,5.140,-2.999,-2.443
2.00,970,-5.344,-5.944,-10.345
2.00,971,-0.018,2.719,2.599
2.00,972,0.045,6.322,-2.397
2.00,973,-5.181,-2.939,-2.433
2.00,974,0.048,6.276,-2.398
2.00,975,2.651,-1.600,2.597
2.00,976,-0.056,0.052,7.682
2.00,977,0.048,6.279,-2.397
2.00,978,-0.072,-3.244,-2.447
2.00,979,-0.072,-3.244,-2.447
2.00,980,-5.570,-3.123,-1.709
2.00,981,-0.018,2.719,2.599
2.00,982,2.651,-1.600,2.597
2.00,983,5.140,-2.999,-2.443
2.00,984,-2.897,2.076,-2.451
2.00,985,0.047,6.288,-2.397
2.00,986,0.047,6.291,-2.397
2.00,987,-0.018,2.719,2.599
2.00,988,-7.753,9.224,2.298
2.00,989,-2.608,-1.600,2.603
2.00,990,2.651,-1.600,2.597
2.00,991,-2.897,2.075,-2.451
2.00,992,-5.181,-2.939,-2.433
2.00,993,0.047,6.288,-2.397
2.00,994,2.992,2.037,-2.444
2.00,995,2.991,2.038,-2.444
2.00,996,-5.181,-2.939,-2.433
2.00,997,-2.608,-1.600,2.603
2.00,998,-5.181,-2.939,-2.433
2.00,999,1.480,3.961,-2.526
2.00,1000,-0.018,2.719,2.599
2.00,1001,0.707,-3.213,-2.458
2.00,1002,-2.608,-1.600,2.603
2.00,1003,2.651,-1.600,2.597
2.00,1004,-8.798,9.526,-5.247
2.00,1005,-5.181,-2.939,-2.433
2.00,1006,-6.451,-2.711,-3.052
2.00,1007,-5.181,-2.939,-2.433
2.00,1008,-2.608,-1.600,2.603
2.00,1009,-2.608,-1.600,2.603
2.00,1010,2.991,2.038,-2.444
2.00,1011,2.991,2.038,-2.444
2.00,1012,-5.181,-2.939,-2.433
2.00,1013,-7.894,6.443,-3.653
2.00,1014,-5.181,-2.939,-2.433
2.00,1015,-0.072,-3.244,-2.447
2.00,1016,2.651,-1.600,2.597
2.00,1017,-2.897,2.075,-2.451
2.00,1018,2.989,2.041,-2.444
2.00,1019,2.651,-1.600,2.597
2.00,1020,5.140,-2.999,-2.443
2.00,1021,2.991,2.038,-2.444
2.00,1022,-0.852,4.341,-0.375
2.00,1023,-0.076,-3.244,-2.447
2.00,1024,2.651,-1.600,2.597
2.00,1025,5.140,-2.999,-2.443
2.00,1026,-0.072,-3.244,-2.447
2.00,1027,2.991,2.038,-2.444
2.00,1028,9.215,-7.369,-6.853
2.00,1029,-5.181,-2.939,-2.433
2.00,1030,-0.072,-3.244,-2.447
2.00,1031,-0.056,0.052,7.682
2.00,1032,-0.072,-3.244,-2.447
2.00,1033,5.140,-2.999,-2.443
2.00,1034,2.110,-2.571,-6.237
2.00,1035,-5.181,-2.939,-2.433
2.00,1036,-0.056,0.052,7.682
2.00,1037,-0.018,2.719,2.599
2.00,1038,2.991,2.038,-2.444
2.00,1039,-0.072,-3.244,-2.447
2.00,1040,4.275,-6.660,-2.397
2.00,1041,-5.183,-2.939,-2.433
2.00,1042,-0.072,-3.244,-2.447
2.00,1043,5.140,-2.999,-2.443
2.00,1044,-0.072,-3.244,-2.447
2.00,1045,-0.018,2.719,2.599
2.00,1046,-2.897,2.075,-2.451
2.00,1047,0.072,6.132,-2.401
2.00,1048,-0.018,2.719,2.599
2.00,1049,3.722,-0.791,2.586
2.00,1050,2.653,-1.600,2.597
2.00,1051,-5.168,-2.998,-2.431
2.00,1052,-0.018,2.719,2.599
2.00,1053,2.651,-1.600,2.597
2.00,1054,5.140,-2.999,-2.443
2.00,1055,2.991,2.038,-2.444
2.00,1056,2.651,-1.600,2.597
2.00,1057,0.047,6.293,-2.397
2.00,1058,-2.897,2.075,-2.451
2.00,1059,-2.897,2.075,-2.451
2.00,1060,-2.897,2.076,-2.451
2.00,1061,5.140,-2.999,-2.443
2.00,1062,2.991,2.038,-2.444
2.00,1063,5.140,-2.999,-2.443
2.00,1064,-0.018,2.719,2.599
2.00,1065,2.655,-1.601,2.597
2.00,1066,-5.509,-3.296,-2.435
2.00,1067,-5.181,-2.939,-2.433
2.00,1068,-0.072,-3.244,-2.447
2.00,1069,5.140,-2.999,-2.443
2.00,1070,5.140,-2.999,-2.443
2.00,1071,-2.627,-2.466,1.893
2.00,1072,-5.181,-2.939,-2.433
2.00,1073,-2.608,-1.600,2.603
2.00,1074,-2.608,-1.600,2.603
2.00,1075,-0.018,2.719,2.599
2.00,1076,2.991,2.038,-2.444
2.00,1077,0.047,6.288,-2.397
2.00,1078,2.991,2.038,-2.444
2.00,1079,0.047,6.291,-2.397
2.00,1080,0.047,6.287,-2.397
2.00,1081,-0.072,-3.244,-2.447
2.00,1082,-5.182,-2.939,-2.433
2.00,1083,-0.072,-3.244,-2.447
2.00,1084,0.047,6.288,-2.397
2.00,1085,-9.793,-4.794,4.479
2.00,1086,-2.820,2.083,-2.455
2.00,1087,-0.018,2.719,2.599
2.00,1088,-5.181,-2.939,-2.433
2.00,1089,0.047,6.287,-2.397
2.00,1090,-2.608,-1.600,2.603
2.00,1091,-5.181,-2.939,-2.433
2.00,1092,-5.181,-2.939,-2.433
2.00,1093,-5.181,-2.939,-2.433
2.00,1094,3.968,-7.448,-5.342
2.00,1095,3.022,2.001,-2.442
2.00,1096,5.140,-2.999,-2.443
2.00,1097,-2.897,2.075,-2.451
2.00,1098,-2.813,-1.683,2.609
2.00,1099,5.140,-2.999,-2.443
2.00,1100,-0.072,-3.244,-2.447
2.00,1101,0.047,6.287,-2.397
2.00,1102,-5.181,-2.939,-2.433
2.00,1103,-2.608,-1.600,2.603
2.00,1104,2.991,2.038,-2.444
2.00,1105,-0.018,2.719,2.599
2.00,1106,-2.897,2.075,-2.451
2.00,1107,0.047,6.288,-2.397
2.00,1108,-2.608,-1.600,2.603
2.00,1109,8.365,-3.141,-3.730
2.00,1110,-2.608,-1.600,2.603
2.00,1111,0.044,6.326,-2.396
2.00,1112,-2.608,-1.600,2.603
2.00,1113,-2.897,2.075,-2.451
2.00,1114,-2.608,-1.600,2.603
2.00,1115,-0.072,-3.244,-2.447
2.00,1116,-0.056,0.052,7.682
2.00,1117,-2.897,2.075,-2.451
2.00,1118,2.991,2.038,-2.444
2.00,1119,0.046,6.307,-2.397
2.00,1120,-0.056,0.052,7.682
2.00,1121,5.140,-2.999,-2.443
2.00,1122,-5.181,-2.939,-2.433
2.00,1123,-2.897,2.075,-2.451
2.00,1124,0.047,6.288,-2.397
2.00,1125,-7.344,-3.962,-6.287
2.00,1126,0.047,6.288,-2.397
2.00,1127,-0.072,-3.244,-2.447
2.00,1128,-2.421,2.614,-2.480
2.00,1129,3.977,7.590,-10.895
2.00,1130,2.204,-7.902,-9.348
2.00,1131,2.991,2.038,-2.444
2.00,1132,0.047,6.288,-2.397
2.00,1133,-0.018,2.719,2.599
2.00,1134,-5.181,-2.939,-2.433
2.00,1135,-0.056,0.052,7.682
2.00,1136,2.991,2.038,-2.444
2.00,1137,2.991,2.038,-2.444
2.00,1138,2.651,-1.600,2.597
2.00,1139,9.901,-9.050,-4.477
2.00,1140,5.140,-2.999,-2.443
2.00,1141,-2.483,-1.541,2.596
2.00,1142,0.047,6.288,-2.397
2.00,1143,2.651,-1.600,2.597
2.00,1144,0.035,6.350,-2.396
2.00,1145,-2.609,-1.601,2.603
2.00,1146,-5.181,-2.939,-2.433
2.00,1147,-4.506,-6.757,-0.621
2.00,1148,-2.608,-1.600,2.603
2.00,1149,-2.608,-1.600,2.603
2.00,1150,2.651,-1.600,2.597
2.00,1151,0.047,6.288,-2.397
2.00,1152,5.140,-2.999,-2.443
2.00,1153,8.917,-1.615,-6.978
2.00,1154,2.651,-1.600,2.597
2.00,1155,0.047,6.288,-2.397
2.00,1156,0.047,6.288,-2.397
2.00,1157,0.047,6.298,-2.397
2.00,1158,-2.897,2.075,-2.451
2.00,1159,5.140,-2.999,-2.443
2.00,1160,-2.608,-1.600,2.603
2.00,1161,2.537,-6.607,7.672
2.00,1162,-9.661,-6.039,6.273
2.00,1163,-0.072,-3.244,-2.447
2.00,1164,-6.871,3.159,4.008
2.00,1165,-0.072,-3.244,-2.447
2.00,1166,-0.072,-3.244,-2.447
2.00,1167,1.953,7.818,-3.827
2.00,1168,-0.018,2.719,2.599
2.00,1169,5.140,-2.999,-2.443
2.00,1170,-2.617,-1.605,2.604
2.00,1171,-2.897,2.075,-2.451
2.00,1172,-5.181,-2.939,-2.433
2.00,1173,-2.875,2.103,-2.453
2.00,1174,-2.897,2.075,-2.451
2.00,1175,5.140,-2.999,-2.443
2.00,1176,0.047,6.288,-2.397
2.00,1177,5.140,-2.999,-2.443
2.00,1178,0.047,6.287,-2.397
2.00,1179,-3.542,-5.380,-3.414
2.00,1180,-2.898,2.075,-2.451
2.00,1181,0.047,6.287,-2.397
2.00,1182,2.991,2.038,-2.444
2.00,1183,-2.897,2.075,-2.451
2.00,1184,-5.181,-2.939,-2.433
2.00,1185,-0.072,-3.244,-2.447
2.00,1186,0.047,6.288,-2.397
2.00,1187,3.006,2.019,-2.443
2.00,1188,2.651,-1.600,2.597
2.00,1189,-5.181,-2.939,-2.433
2.00,1190,-0.018,2.719,2.599
2.00,1191,-5.181,-2.939,-2.433
2.00,1192,-0.072,-3.244,-2.447
2.00,1193,-0.072,-3.244,-2.447
2.00,1194,-2.897,2.075,-2.451
2.00,1195,-0.072,-3.244,-2.447
2.00,1196,-2.608,-1.600,2.603
2.00,1197,2.651,-1.600,2.597
2.00,1198,2.991,2.038,-2.444
2.00,1199,-0.018,2.719,2.599
2.00,1200,5.140,-2.999,-2.443
2.00,1201,2.991,2.039,-2.444
2.00,1202,-2.608,-1.600,2.603
2.00,1203,-5.181,-2.939,-2.433
2.00,1204,2.991,2.038,-2.444
2.00,1205,-5.181,-2.939,-2.433
2.00,1206,-0.018,2.719,2.599
2.00,1207,-5.151,-2.951,-2.432
2.00,1208,-9.026,-6.030,-4.051
2.00,1209,5.140,-2.999,-2.443
2.00,1210,2.991,2.038,-2.444
2.00,1211,0.047,6.289,-2.397
2.00,1212,2.991,2.038,-2.444
2.00,1213,2.652,-1.600,2.597
2.00,1214,-5.343,1.731,-8.637
2.00,1215,-0.072,-3.244,-2.447
2.00,1216,7.628,2.834,-5.713
2.00,1217,2.991,2.038,-2.444
2.00,1218,-0.018,2.719,2.599
2.00,1219,-0.072,-3.244,-2.447
2.00,1220,-5.245,-3.070,-2.430
2.00,1221,0.047,6.288,-2.397
2.00,1222,-8.118,0.671,-5.899
2.00,1223,-5.181,-2.939,-2.433
2.00,1224,0.557,-1.184,-2.340
2.00,1225,-2.608,-1.600,2.603
2.00,1226,-0.072,-3.244,-2.447
2.00,1227,-5.181,-2.939,-2.433
2.00,1228,5.140,-2.999,-2.443
2.00,1229,-2.897,2.075,-2.451
2.00,1230,-2.897,2.075,-2.451
2.00,1231,2.655,-1.602,2.597
2.00,1232,5.140,-2.999,-2.443
2.00,1233,2.991,2.038,-2.444
2.00,1234,0.047,6.287,-2.397
2.00,1235,5.140,-2.999,-2.443
2.00,1236,2.991,2.038,-2.444
2.00,1237,5.140,-2.999,-2.443
2.00,1238,-0.018,2.719,2.599
2.00,1239,0.047,6.285,-2.397
2.00,1240,-0.072,-3.244,-2.447
2.00,1241,-5.181,-2.939,-2.433
2.00,1242,-2.899,2.073,-2.451
2.00,1243,-0.018,2.719,2.599
2.00,1244,2.991,2.038,-2.444
2.00,1245,2.651,-1.600,2.597
2.00,1246,-2.897,2.075,-2.451
2.00,1247,-0.072,-3.244,-2.447
2.00,1248,-2.897,2.075,-2.451
2.00,1249,-0.574,5.158,-2.458
2.00,1250,2.991,2.038,-2.444
2.00,1251,2.651,-1.600,2.597
2.00,1252,-0.018,2.719,2.599
2.00,1253,-3.328,6.777,-10.735
2.00,1254,0.047,6.288,-2.397
2.00,1255,2.991,2.038,-2.444
2.00,1256,2.651,-1.600,2.597
2.00,1257,0.047,6.287,-2.397
2.00,1258,-0.018,2.719,2.599
2.00,1259,0.047,6.286,-2.397
2.00,1260,2.991,2.038,-2.444
2.00,1261,2.651,-1.600,2.597
2.00,1262,-2.896,2.077,-2.451
2.00,1263,-2.608,-1.600,2.603
2.00,1264,2.651,-1.600,2.597
2.00,1265,0.047,6.288,-2.397
2.00,1266,5.184,-3.016,-2.443
2.00,1267,2.651,-1.600,2.597
2.00,1268,-5.181,-2.939,-2.433
2.00,1269,-0.018,2.719,2.599
2.00,1270,5.140,-2.999,-2.443
2.00,1271,0.047,6.284,-2.397
2.00,1272,-0.018,2.719,2.599
2.00,1273,-2.897,2.075,-2.451
2.00,1274,-0.072,-3.244,-2.447
2.00,1275,2.651,-1.600,2.597
2.00,1276,0.047,6.288,-2.397
2.00,1277,2.652,-1.600,2.597
2.00,1278,0.048,6.197,-2.399
2.00,1279,-0.056,0.052,7.682
2.00,1280,-2.608,-1.601,2.603
2.00,1281,0.047,6.289,-2.397
2.00,1282,-0.072,-3.244,-2.447
2.00,1283,5.140,-2.999,-2.443
2.00,1284,2.990,2.040,-2.444
2.00,1285,5.181,-3.037,-2.442
2.00,1286,2.991,2.038,-2.444
2.00,1287,0.047,6.293,-2.397
2.00,1288,8.506,-9.219,0.299
2.00,1289,-2.625,-1.608,2.604
2.00,1290,2.651,-1.600,2.597
2.00,1291,0.047,6.288,-2.397
2.00,1292,-0.018,2.719,2.599
2.00,1293,2.991,2.038,-2.444
2.00,1294,-2.897,2.075,-2.451
2.00,1295,-0.055,0.066,7.682
2.00,1296,2.651,-1.600,2.597
2.00,1297,5.140,-2.999,-2.443
2.00,1298,2.991,2.038,-2.444
2.00,1299,-2.897,2.075,-2.451
2.00,1300,2.651,-1.600,2.597
2.00,1301,5.538,-6.678,-3.179
2.00,1302,0.047,6.288,-2.397
2.00,1303,-2.608,-1.600,2.603
2.00,1304,2.991,2.039,-2.444
2.00,1305,2.991,2.038,-2.444
2.00,1306,-5.182,-2.939,-2.433
2.00,1307,-5.266,-2.960,-2.433
2.00,1308,-2.608,-1.600,2.603
2.00,1309,2.991,2.038,-2.444
2.00,1310,0.047,6.287,-2.397
2.00,1311,-0.056,0.052,7.682
2.00,1312,-2.608,-1.600,2.603
2.00,1313,2.651,-1.600,2.597
2.00,1314,-0.072,-3.244,-2.447
2.00,1315,2.651,-1.600,2.597
2.00,1316,5.140,-2.999,-2.443
2.00,1317,2.651,-1.600,2.597
2.00,1318,5.140,-2.999,-2.443
2.00,1319,-0.072,-3.244,-2.447
2.00,1320,-0.056,0.052,7.682
2.00,1321,2.991,2.038,-2.444
2.00,1322,0.054,6.108,-2.401
2.00,1323,-5.947,3.255,-10.187
2.00,1324,-5.181,-2.939,-2.433
2.00,1325,1.043,1.516,-5.231
2.00,1326,-5.181,-2.939,-2.433
2.00,1327,-0.362,7.902,-0.589
2.00,1328,-0.056,0.052,7.682
2.00,1329,2.991,2.038,-2.444
2.00,1330,5.140,-2.999,-2.443
2.00,1331,-2.897,2.076,-2.451
2.00,1332,-2.897,2.075,-2.451
2.00,1333,-5.181,-2.939,-2.433
2.00,1334,5.140,-2.999,-2.443
2.00,1335,2.991,2.038,-2.444
2.00,1336,-2.550,-1.583,2.602
2.00,1337,2.651,-1.600,2.597
2.00,1338,2.991,2.038,-2.444
2.00,1339,2.651,-1.600,2.597
2.00,1340,-9.264,-5.721,2.499
2.00,1341,5.155,-3.000,-2.443
2.00,1342,-0.072,-3.244,-2.447
2.00,1343,0.047,6.286,-2.397
2.00,1344,-2.897,2.075,-2.451
2.00,1345,-0.018,2.719,2.599
2.00,1346,-9.247,4.472,-4.741
2.00,1347,2.991,2.038,-2.444
2.00,1348,-0.072,-3.244,-2.447
2.00,1349,-0.056,0.052,7.682
2.00,1350,-5.181,-2.939,-2.433
2.00,1351,2.991,2.038,-2.444
2.00,1352,-2.628,-1.612,2.604
2.00,1353,0.045,6.304,-2.397
2.00,1354,-2.897,2.075,-2.451
2.00,1355,-0.018,2.719,2.599
2.00,1356,-2.608,-1.600,2.603
2.00,1357,-0.018,2.719,2.599
2.00,1358,0.047,6.295,-2.397
2.00,1359,-0.072,-3.244,-2.447
2.00,1360,2.651,-1.600,2.597
2.00,1361,-5.181,-2.939,-2.433
2.00,1362,-0.018,2.719,2.599
2.00,1363,3.001,2.027,-2.443
2.00,1364,-3.085,-5.094,2.864
2.00,1365,5.140,-2.999,-2.443
2.00,1366,-5.181,-2.939,-2.433
2.00,1367,0.047,6.288,-2.397
2.00,1368,-0.072,-3.244,-2.447
2.00,1369,-5.181,-2.939,-2.433
2.00,1370,0.047,6.288,-2.397
2.00,1371,-0.052,-3.243,-2.447
2.00,1372,0.047,6.288,-2.397
2.00,1373,2.651,-1.600,2.597
2.00,1374,2.651,-1.600,2.597
2.00,1375,5.140,-2.999,-2.443
2.00,1376,0.047,6.287,-2.397
2.00,1377,0.047,6.285,-2.397
2.00,1378,-2.897,2.076,-2.451
2.00,1379,2.651,-1.600,2.597
2.00,1380,0.047,6.288,-2.397
2.00,1381,-0.018,2.713,2.599
2.00,1382,2.991,2.038,-2.444
2.00,1383,5.168,-2.351,-2.465
2.00,1384,5.897,-5.723,-10.060
2.00,1385,-0.072,-3.244,-2.447
2.00,1386,0.048,6.279,-2.397
2.00,1387,-0.056,0.052,7.682
2.00,1388,2.651,-1.600,2.597
2.00,1389,-0.072,-3.244,-2.447
2.00,1390,-0.018,2.719,2.599
2.00,1391,5.140,-2.999,-2.443
2.00,1392,2.651,-1.600,2.597
2.00,1393,-2.608,-1.600,2.603
2.00,1394,5.140,-2.999,-2.443
2.00,1395,-0.008,-3.241,-2.447
2.00,1396,-0.072,-3.244,-2.447
2.00,1397,0.047,6.288,-2.397
2.00,1398,0.047,6.288,-2.397
2.00,1399,-0.072,-3.244,-2.447
2.00,1400,2.651,-1.600,2.597
2.00,1401,-0.072,-3.244,-2.447
2.00,1402,2.651,-1.600,2.597
2.00,1403,-5.182,-2.939,-2.433
2.00,1404,-2.897,2.075,-2.451
2.00,1405,-0.072,-3.244,-2.447
2.00,1406,-5.226,-2.935,-2.433
2.00,1407,5.140,-2.999,-2.443
2.00,1408,2.651,-1.600,2.597
2.00,1409,-2.608,-1.600,2.603
2.00,1410,-8.218,6.693,3.648
2.00,1411,0.047,6.288,-2.397
2.00,1412,-2.897,2.075,-2.451
2.00,1413,-0.072,-3.244,-2.447
2.00,1414,2.991,2.038,-2.444
2.00,1415,5.273,1.191,9.969
2.00,1416,-2.897,2.075,-2.451
2.00,1417,-2.897,2.075,-2.451
2.00,1418,-5.181,-2.939,-2.433
2.00,1419,5.444,-3.159,-2.439
2.00,1420,-0.018,2.719,2.599
2.00,1421,-2.897,2.075,-2.451
2.00,1422,6.008,7.512,-3.685
2.00,1423,-0.072,-3.244,-2.447
2.00,1424,-5.181,-2.939,-2.433
2.00,1425,0.047,6.288,-2.397
2.00,1426,-5.181,-2.939,-2.433
2.00,1427,-5.181,-2.939,-2.433
2.00,1428,-5.181,-2.939,-2.433
2.00,1429,5.140,-2.999,-2.443
2.00,1430,-2.608,-1.600,2.603
2.00,1431,-4.208,-3.196,-2.453
2.00,1432,-0.018,2.719,2.599
2.00,1433,-0.018,2.719,2.599
2.00,1434,2.651,-1.600,2.597
2.00,1435,-2.897,2.075,-2.451
2.00,1436,2.651,-1.600,2.597
2.00,1437,-2.899,2.073,-2.451
2.00,1438,2.651,-1.600,2.597
2.00,1439,-2.897,2.075,-2.451
2.00,1440,0.047,6.288,-2.397
2.00,1441,5.140,-2.999,-2.443
2.00,1442,-2.897,2.075,-2.451
2.00,1443,2.651,-1.600,2.597
2.00,1444,5.137,-2.997,-2.444
2.00,1445,2.991,2.038,-2.444
2.00,1446,0.047,6.287,-2.397
2.00,1447,-2.897,2.075,-2.451
2.00,1448,2.991,2.038,-2.444
2.00,1449,8.058,-8.554,6.341
2.00,1450,2.991,2.038,-2.444
2.00,1451,-2.608,-1.600,2.603
2.00,1452,-0.072,-3.244,-2.447
2.00,1453,-0.018,2.719,2.599
2.00,1454,2.991,2.038,-2.444
2.00,1455,-0.018,2.719,2.599
2.00,1456,-4.748,-9.154,-7.291
2.00,1457,0.047,6.287,-2.397
2.00,1458,0.047,6.288,-2.397
2.00,1459,2.991,2.038,-2.444
2.00,1460,-0.018,2.719,2.599
2.00,1461,-5.181,-2.939,-2.433
2.00,1462,5.140,-2.999,-2.443
2.00,1463,-2.897,2.075,-2.451
2.00,1464,-7.025,-8.227,6.111
2.00,1465,2.991,2.038,-2.444
2.00,1466,2.651,-1.599,2.597
2.00,1467,-5.181,-2.939,-2.433
2.00,1468,0.047,6.288,-2.397
2.00,1469,2.651,-1.600,2.597
2.00,1470,5.140,-2.999,-2.443
2.00,1471,2.651,-1.600,2.597
2.00,1472,-5.181,-2.939,-2.433
2.00,1473,-9.966,-7.917,9.569
2.00,1474,-0.056,0.052,7.682
2.00,1475,-0.072,-3.244,-2.447
2.00,1476,2.605,-1.542,2.595
2.00,1477,5.140,-2.999,-2.443
2.00,1478,2.651,-1.600,2.597
2.00,1479,1.636,9.481,0.575
2.00,1480,5.147,-3.000,-2.443
2.00,1481,1.071,-4.985,-11.424
2.00,1482,-0.018,2.719,2.599
2.00,1483,-2.608,-1.600,2.603
2.00,1484,-2.608,-1.600,2.603
2.00,1485,6.408,9.294,-0.269
2.00,1486,-0.056,0.052,7.682
2.00,1487,2.651,-1.600,2.597
2.00,1488,0.049,6.260,-2.398
2.00,1489,2.991,2.038,-2.444
2.00,1490,-0.072,-3.244,-2.447
2.00,1491,-0.018,2.719,2.599
2.00,1492,0.047,6.288,-2.397
2.00,1493,-2.611,-1.606,2.603
2.00,1494,-0.072,-3.244,-2.447
2.00,1495,-2.608,-1.600,2.603
2.00,1496,-0.018,2.719,2.599
2.00,1497,-0.018,2.719,2.599
2.00,1498,0.047,6.289,-2.397
2.00,1499,2.991,2.038,-2.444
2.00,1500,-2.897,2.075,-2.451
2.00,1501,-2.608,-1.600,2.603
2.00,1502,-0.018,2.719,2.599
2.00,1503,-5.143,-2.918,-2.433
2.00,1504,2.991,2.038,-2.444
2.00,1505,2.652,-1.600,2.597
2.00,1506,5.291,0.020,3.810
2.00,1507,-5.181,-2.939,-2.433
2.00,1508,8.961,7.024,-7.210
2.00,1509,-0.072,-3.244,-2.447
2.00,1510,5.816,2.765,-7.548
2.00,1511,0.047,6.288,-2.397
2.00,1512,5.140,-2.999,-2.443
2.00,1513,-2.608,-1.600,2.603
2.00,1514,-6.647,-2.617,2.360
2.00,1515,-5.386,-1.064,8.824
2.00,1516,-0.072,-3.244,-2.447
2.00,1517,-2.905,2.066,-2.451
2.00,1518,-0.056,0.055,7.682
2.00,1519,-2.897,2.075,-2.451
2.00,1520,5.140,-2.999,-2.443
2.00,1521,2.118,-2.834,2.513
2.00,1522,-5.181,-2.939,-2.433
2.00,1523,5.140,-2.999,-2.443
2.00,1524,-5.181,-2.939,-2.433
2.00,1525,-2.897,2.075,-2.451
2.00,1526,-0.018,2.719,2.599
2.00,1527,5.095,-9.272,9.135
2.00,1528,5.140,-2.999,-2.443
2.00,1529,5.140,-2.999,-2.443
2.00,1530,5.140,-2.999,-2.443
2.00,1531,0.047,6.289,-2.397
2.00,1532,8.814,2.263,0.783
2.00,1533,-0.056,0.052,7.682
2.00,1534,5.199,-3.013,-2.443
2.00,1535,-3.110,1.857,-2.440
2.00,1536,5.140,-2.999,-2.443
2.00,1537,2.991,2.038,-2.444
2.00,1538,-0.018,2.719,2.599
2.00,1539,5.140,-2.999,-2.443
2.00,1540,-2.608,-1.600,2.603
2.00,1541,-2.897,2.075,-2.451
2.00,1542,-5.181,-2.939,-2.433
2.00,1543,-0.056,0.052,7.682
2.00,1544,-0.018,2.719,2.599
2.00,1545,-2.897,2.075,-2.451
2.00,1546,5.140,-2.999,-2.443
2.00,1547,-2.897,2.075,-2.451
2.00,1548,-0.018,2.719,2.599
2.00,1549,0.033,2.899,2.607
2.00,1550,5.140,-2.999,-2.443
2.00,1551,2.991,2.038,-2.444
2.00,1552,-2.897,2.075,-2.451
2.00,1553,3.106,-1.846,2.615
2.00,1554,0.017,6.392,-2.397
2.00,1555,5.133,-2.999,-2.444
2.00,1556,0.047,6.288,-2.397
2.00,1557,-2.608,-1.600,2.603
2.00,1558,-0.056,0.052,7.682
2.00,1559,-2.897,2.075,-2.451
2.00,1560,-2.897,2.075,-2.451
2.00,1561,-5.181,-2.939,-2.433
2.00,1562,5.156,-3.010,-2.443
2.00,1563,-0.018,2.719,2.599
2.00,1564,-0.018,2.719,2.599
2.00,1565,-0.072,-3.244,-2.447
2.00,1566,-5.181,-2.939,-2.433
2.00,1567,-2.897,2.075,-2.451
2.00,1568,0.047,6.288,-2.397
2.00,1569,-5.181,-2.939,-2.433
2.00,1570,-5.181,-2.939,-2.433
2.00,1571,-0.018,2.719,2.599
2.00,1572,-0.056,0.052,7.682
2.00,1573,-2.897,2.075,-2.451
2.00,1574,2.991,2.038,-2.444
2.00,1575,-2.897,2.075,-2.451
2.00,1576,0.047,6.287,-2.397
2.00,1577,-2.897,2.075,-2.451
2.00,1578,-2.556,-1.576,2.602
2.00,1579,-0.255,-3.259,-2.448
2.00,1580,-0.018,2.719,2.599
2.00,1581,-0.107,-3.246,-2.448
2.00,1582,-0.072,-3.244,-2.447
2.00,1583,-0.018,2.719,2.599
2.00,1584,5.140,-2.999,-2.443
2.00,1585,-2.802,-6.038,-6.126
2.00,1586,-5.181,-2.939,-2.433
2.00,1587,2.991,2.038,-2.444
2.00,1588,7.656,-0.730,-9.208
2.00,1589,-2.897,2.075,-2.451
2.00,1590,-2.608,-1.600,2.603
2.00,1591,-0.018,2.719,2.599
2.00,1592,1.122,8.774,-1.605
2.00,1593,-0.018,2.719,2.599
2.00,1594,-2.906,2.069,-2.451
2.00,1595,-0.072,-3.244,-2.447
2.00,1596,2.992,2.038,-2.444
2.00,1597,-2.682,-1.635,2.605
2.00,1598,-0.018,2.719,2.599
2.00,1599,-0.018,2.719,2.599
2.00,1600,-0.072,-3.244,-2.447
2.00,1601,-2.897,2.075,-2.451
2.00,1602,-2.608,-1.600,2.603
2.00,1603,-0.072,-3.244,-2.447
2.00,1604,5.267,-2.859,-2.446
2.00,1605,-0.018,2.719,2.599
2.00,1606,-2.608,-1.600,2.603
2.00,1607,5.140,-2.999,-2.443
2.00,1608,5.140,-2.999,-2.443
2.00,1609,-2.897,2.075,-2.451
2.00,1610,-2.897,2.075,-2.451
2.00,1611,-0.069,-3.244,-2.447
2.00,1612,5.140,-2.999,-2.443
2.00,1613,2.652,-1.600,2.597
2.00,1614,-0.018,2.719,2.599
2.00,1615,1.105,8.404,-2.709
2.00,1616,2.991,2.038,-2.444
2.00,1617,-0.056,0.052,7.682
2.00,1618,-0.018,2.719,2.599
2.00,1619,2.651,-1.600,2.597
2.00,1620,-0.018,2.719,2.599
2.00,1621,0.047,6.288,-2.397
2.00,1622,0.047,6.287,-2.397
2.00,1623,-0.072,-3.244,-2.447
2.00,1624,2.651,-1.600,2.597
2.00,1625,2.651,-1.600,2.597
2.00,1626,-2.611,-1.602,2.603
2.00,1627,-2.897,2.075,-2.451
2.00,1628,2.651,-1.600,2.597
2.00,1629,2.651,-1.600,2.597
2.00,1630,2.651,-1.600,2.597
2.00,1631,-5.181,-2.939,-2.433
2.00,1632,5.140,-2.999,-2.443
2.00,1633,-5.181,-2.939,-2.433
2.00,1634,0.047,6.287,-2.397
2.00,1635,-2.897,2.075,-2.451
2.00,1636,-0.072,-3.244,-2.447
2.00,1637,-0.072,-3.244,-2.447
2.00,1638,0.045,6.317,-2.397
2.00,1639,2.670,-1.640,2.597
2.00,1640,-0.072,-3.244,-2.447
2.00,1641,5.130,-2.998,-2.444
2.00,1642,-0.018,2.719,2.599
2.00,1643,-5.181,-2.939,-2.433
2.00,1644,-0.069,-3.244,-2.447
2.00,1645,-0.072,-3.244,-2.447
2.00,1646,5.376,-1.799,7.418
2.00,1647,-2.897,2.075,-2.451
2.00,1648,5.140,-2.999,-2.443
2.00,1649,2.991,2.038,-2.444
2.00,1650,-0.072,-3.244,-2.447
2.00,1651,2.991,2.038,-2.444
2.00,1652,-0.018,2.719,2.599
2.00,1653,0.047,6.292,-2.397
2.00,1654,0.047,6.288,-2.397
2.00,1655,-2.077,3.178,-2.515
2.00,1656,-0.056,0.052,7.682
2.00,1657,-0.018,2.719,2.599
2.00,1658,-2.897,2.075,-2.451
2.00,1659,5.140,-2.999,-2.443
2.00,1660,2.991,2.038,-2.444
2.00,1661,-0.018,2.719,2.599
2.00,1662,-5.181,-2.939,-2.433
2.00,1663,-2.608,-1.600,2.603
2.00,1664,5.140,-2.999,-2.443
2.00,1665,2.991,2.038,-2.444
2.00,1666,-2.900,2.072,-2.451
2.00,1667,5.198,-3.061,-2.442
2.00,1668,-0.072,-3.244,-2.447
2.00,1669,-2.897,2.075,-2.451
2.00,1670,-0.018,2.719,2.599
2.00,1671,5.140,-2.999,-2.443
2.00,1672,-0.018,2.719,2.599
2.00,1673,8.353,-0.833,-10.789
2.00,1674,-0.056,0.053,7.682
2.00,1675,2.651,-1.600,2.597
2.00,1676,2.651,-1.600,2.597
2.00,1677,-0.018,2.719,2.599
2.00,1678,-2.673,-1.633,2.605
2.00,1679,-2.608,-1.600,2.603
2.00,1680,2.651,-1.600,2.597
2.00,1681,-5.182,-2.939,-2.433
2.00,1682,0.047,6.288,-2.397
2.00,1683,-2.897,2.075,-2.451
2.00,1684,-2.608,-1.600,2.603
2.00,1685,-2.608,-1.601,2.603
2.00,1686,2.991,2.038,-2.444
2.00,1687,0.046,6.300,-2.397
2.00,1688,-0.018,2.719,2.599
2.00,1689,-0.018,2.719,2.599
2.00,1690,-0.072,-3.244,-2.447
2.00,1691,2.991,2.038,-2.444
2.00,1692,2.991,2.039,-2.444
2.00,1693,5.459,-4.122,-2.472
2.00,1694,-2.897,2.075,-2.451
2.00,1695,-2.897,2.075,-2.451
2.00,1696,5.137,-2.999,-2.443
2.00,1697,-3.518,0.314,-2.634
2.00,1698,-2.897,2.075,-2.451
2.00,1699,-0.018,2.719,2.599
2.00,1700,-0.018,2.719,2.599
2.00,1701,2.651,-1.600,2.597
2.00,1702,-0.056,0.052,7.682
2.00,1703,-8.371,-0.476,-0.591
2.00,1704,-10.030,-9.529,7.257
2.00,1705,2.991,2.038,-2.444
2.00,1706,-0.018,2.719,2.599
2.00,1707,0.047,6.288,-2.397
2.00,1708,-0.018,2.719,2.599
2.00,1709,-0.072,-3.244,-2.447
2.00,1710,0.047,6.288,-2.397
2.00,1711,2.991,2.038,-2.444
2.00,1712,-2.907,2.060,-2.451
2.00,1713,2.991,2.038,-2.444
2.00,1714,-5.181,-2.939,-2.433
2.00,1715,-0.018,2.719,2.599
2.00,1716,-0.072,-3.244,-2.447
2.00,1717,2.651,-1.600,2.597
2.00,1718,2.991,2.038,-2.444
2.00,1719,2.651,-1.600,2.597
2.00,1720,0.045,6.321,-2.397
2.00,1721,-0.072,-3.244,-2.447
2.00,1722,2.651,-1.600,2.597
2.00,1723,-2.897,2.075,-2.451
2.00,1724,-0.018,2.719,2.599
2.00,1725,-5.181,-2.939,-2.433
2.00,1726,-2.988,-2.195,5.280
2.00,1727,-0.056,0.052,7.682
2.00,1728,-0.018,2.719,2.599
2.00,1729,-5.181,-2.939,-2.433
2.00,1730,-0.072,-3.244,-2.447
2.00,1731,-2.897,2.075,-2.451
2.00,1732,-5.187,-2.932,-2.433
2.00,1733,2.651,-1.600,2.597
2.00,1734,-0.018,2.719,2.599
2.00,1735,-0.018,2.719,2.599
2.00,1736,-0.018,2.719,2.599
2.00,1737,-2.896,2.077,-2.451
2.00,1738,2.991,2.038,-2.444
2.00,1739,-0.056,0.052,7.682
2.00,1740,-0.056,0.052,7.682
2.00,1741,2.651,-1.600,2.597
2.00,1742,-2.897,2.075,-2.451
2.00,1743,0.047,6.288,-2.397
2.00,1744,-2.897,2.075,-2.451
2.00,1745,-0.018,2.719,2.599
2.00,1746,-6.180,-5.017,-5.747
2.00,1747,2.991,2.038,-2.444
2.00,1748,4.287,-2.914,-2.480
2.00,1749,-0.018,2.719,2.599
2.00,1750,-0.072,-3.244,-2.447
2.00,1751,-0.018,2.720,2.599
2.00,1752,-5.181,-2.939,-2.433
2.00,1753,0.047,6.288,-2.397
2.00,1754,-2.608,-1.600,2.603
2.00,1755,0.047,6.289,-2.397
2.00,1756,-2.897,2.076,-2.451
2.00,1757,-0.072,-3.244,-2.447
2.00,1758,2.651,-1.600,2.597
2.00,1759,-0.907,-5.431,2.449
2.00,1760,0.047,6.288,-2.397
2.00,1761,-5.181,-2.939,-2.433
2.00,1762,2.651,-1.600,2.597
2.00,1763,-2.608,-1.600,2.603
2.00,1764,-2.608,-1.600,2.603
2.00,1765,0.047,6.288,-2.397
2.00,1766,-5.181,-2.939,-2.433
2.00,1767,-5.181,-2.939,-2.433
2.00,1768,5.140,-2.999,-2.443
2.00,1769,3.000,2.028,-2.443
2.00,1770,2.991,2.038,-2.444
2.00,1771,-2.897,2.075,-2.451
2.00,1772,-0.072,-3.244,-2.447
2.00,1773,5.140,-2.999,-2.443
2.00,1774,-5.156,-7.356,4.481
2.00,1775,-6.673,1.543,-2.051
2.00,1776,0.047,6.286,-2.397
2.00,1777,-5.181,-2.939,-2.433
2.00,1778,-5.181,-2.939,-2.433
2.00,1779,-5.181,-2.939,-2.433
2.00,1780,-0.018,2.719,2.599
2.00,1781,5.140,-2.999,-2.443
2.00,1782,2.651,-1.600,2.597
2.00,1783,3.020,2.001,-2.442
2.00,1784,0.027,-3.229,-2.448
2.00,1785,-2.897,2.075,-2.451
2.00,1786,-0.075,-2.369,0.174
2.00,1787,-0.072,-3.244,-2.447
2.00,1788,-5.182,-2.939,-2.433
2.00,1789,0.048,6.276,-2.398
2.00,1790,-2.897,2.075,-2.451
2.00,1791,0.047,6.288,-2.397
2.00,1792,0.047,6.288,-2.397
2.00,1793,2.991,2.038,-2.444
2.00,1794,-2.897,2.075,-2.451
2.00,1795,2.991,2.038,-2.444
2.00,1796,-2.608,-1.600,2.603
2.00,1797,-2.608,-1.600,2.603
2.00,1798,0.047,6.288,-2.397
2.00,1799,-0.056,0.052,7.682
2.00,1800,-5.181,-2.939,-2.433
2.00,1801,2.651,-1.600,2.597
2.00,1802,-2.897,2.075,-2.451
2.00,1803,-2.897,2.075,-2.451
2.00,1804,-6.701,-7.165,-6.130
2.00,1805,2.651,-1.600,2.597
2.00,1806,-2.608,-1.600,2.603
2.00,1807,-0.072,-3.244,-2.447
2.00,1808,2.651,-1.600,2.597
2.00,1809,-0.056,0.052,7.682
2.00,1810,0.047,6.289,-2.397
2.00,1811,5.140,-2.999,-2.443
2.00,1812,-0.072,-3.244,-2.447
2.00,1813,-0.072,-3.244,-2.447
2.00,1814,-0.056,0.052,7.682
2.00,1815,2.991,2.038,-2.444
2.00,1816,-5.185,-2.940,-2.433
2.00,1817,5.140,-2.999,-2.443
2.00,1818,-2.629,-1.612,2.604
2.00,1819,-0.018,2.719,2.599
2.00,1820,-0.056,0.052,7.682
2.00,1821,-0.072,-3.244,-2.447
2.00,1822,5.140,-2.999,-2.443
2.00,1823,-0.056,0.052,7.682
2.00,1824,-2.896,2.076,-2.451
2.00,1825,-5.181,-2.939,-2.433
2.00,1826,-0.074,-3.244,-2.447
2.00,1827,-0.018,2.719,2.599
2.00,1828,-0.083,-3.244,-2.447
2.00,1829,-0.018,2.719,2.599
2.00,1830,5.140,-2.999,-2.443
2.00,1831,-2.608,-1.600,2.603
2.00,1832,5.140,-2.999,-2.443
2.00,1833,2.846,-1.812,2.605
2.00,1834,-3.606,-8.487,-10.130
2.00,1835,-5.181,-2.939,-2.433
2.00,1836,2.651,-1.600,2.597
2.00,1837,-0.072,-3.244,-2.447
2.00,1838,-5.221,-3.026,-2.431
2.00,1839,-2.897,2.075,-2.451
2.00,1840,-0.018,2.719,2.599
2.00,1841,-5.181,-2.939,-2.433
2.00,1842,-3.211,-2.250,0.995
2.00,1843,-2.897,2.075,-2.451
2.00,1844,-0.018,2.719,2.599
2.00,1845,0.085,-1.478,-1.843
2.00,1846,5.140,-2.999,-2.443
2.00,1847,5.140,-2.999,-2.443
2.00,1848,-0.056,0.053,7.682
2.00,1849,-0.018,2.719,2.599
2.00,1850,-0.072,-3.244,-2.447
2.00,1851,-0.236,-3.249,-2.448
2.00,1852,-0.072,-3.244,-2.447
2.00,1853,-2.897,2.075,-2.451
2.00,1854,2.652,-1.600,2.597
2.00,1855,2.651,-1.600,2.597
2.00,1856,-0.018,2.719,2.599
2.00,1857,-2.897,2.075,-2.451
2.00,1858,-2.897,2.075,-2.451
2.00,1859,-0.018,2.719,2.599
2.00,1860,2.651,-1.600,2.597
2.00,1861,-0.018,2.719,2.599
2.00,1862,5.140,-2.999,-2.443
2.00,1863,2.651,-1.600,2.597
2.00,1864,-0.056,0.052,7.682
2.00,1865,0.047,6.288,-2.397
2.00,1866,-0.018,2.719,2.599
2.00,1867,-0.018,2.719,2.599
2.00,1868,-2.897,2.075,-2.451
2.00,1869,2.649,-1.598,2.597
2.00,1870,-2.881,2.121,-2.453
2.00,1871,-2.608,-1.600,2.603
2.00,1872,0.047,6.288,-2.397
2.00,1873,-0.056,0.052,7.682
2.00,1874,-0.018,2.719,2.599
2.00,1875,2.651,-1.600,2.597
2.00,1876,-2.897,2.075,-2.451
2.00,1877,2.991,2.038,-2.444
2.00,1878,-0.018,2.719,2.599
2.00,1879,-2.608,-1.600,2.603
2.00,1880,-0.056,0.052,7.682
2.00,1881,2.651,-1.600,2.597
2.00,1882,-2.608,-1.600,2.603
2.00,1883,-1.864,-0.119,-1.984
2.00,1884,-2.897,2.075,-2.451
2.00,1885,-5.181,-2.939,-2.433
2.00,1886,0.047,6.288,-2.397
2.00,1887,-0.018,2.719,2.599
2.00,1888,-1.867,7.198,-1.689
2.00,1889,-1.711,-9.344,-2.288
2.00,1890,5.140,-2.999,-2.443
2.00,1891,-2.897,2.075,-2.451
2.00,1892,-2.608,-1.600,2.603
2.00,1893,-0.072,-3.244,-2.447
2.00,1894,-0.018,2.719,2.599
2.00,1895,-0.072,-3.244,-2.447
2.00,1896,-0.018,2.719,2.599
2.00,1897,5.140,-2.999,-2.443
2.00,1898,-5.181,-2.939,-2.433
2.00,1899,7.008,-0.665,3.817
2.00,1900,5.140,-2.999,-2.443
2.00,1901,-0.072,-3.244,-2.447
2.00,1902,-5.181,-2.939,-2.433
2.00,1903,-0.072,-3.244,-2.447
2.00,1904,2.651,-1.600,2.597
2.00,1905,-6.358,-0.338,2.208
2.00,1906,-0.018,2.719,2.599
2.00,1907,-0.073,-3.244,-2.447
2.00,1908,-5.181,-2.939,-2.433
2.00,1909,5.140,-2.999,-2.443
2.00,1910,-2.896,2.077,-2.451
2.00,1911,2.651,-1.600,2.597
2.00,1912,-2.608,-1.600,2.603
2.00,1913,2.991,2.038,-2.444
2.00,1914,5.140,-2.999,-2.443
2.00,1915,0.047,6.288,-2.397
2.00,1916,-5.181,-2.939,-2.433
2.00,1917,5.146,-3.004,-2.443
2.00,1918,5.332,3.965,7.829
2.00,1919,-2.625,-5.852,-7.671
2.00,1920,5.140,-2.999,-2.443
2.00,1921,-2.607,-1.600,2.603
2.00,1922,-2.897,2.075,-2.451
2.00,1923,0.045,6.313,-2.397
2.00,1924,2.991,2.038,-2.444
2.00,1925,0.047,6.288,-2.397
2.00,1926,0.047,6.288,-2.397
2.00,1927,-0.072,-3.244,-2.447
2.00,1928,-3.000,-3.337,6.746
2.00,1929,0.047,6.287,-2.397
2.00,1930,0.047,6.290,-2.397
2.00,1931,-5.181,-2.939,-2.433
2.00,1932,-5.181,-2.939,-2.433
2.00,1933,-0.072,-3.244,-2.447
2.00,1934,5.139,-2.999,-2.444
2.00,1935,0.046,6.300,-2.397
2.00,1936,-5.181,-2.939,-2.433
2.00,1937,-2.897,2.075,-2.451
2.00,1938,-0.056,0.052,7.682
2.00,1939,2.991,2.038,-2.444
2.00,1940,-2.611,-1.602,2.603
2.00,1941,-2.897,2.075,-2.451
2.00,1942,-0.018,2.719,2.599
2.00,1943,4.961,-2.895,-2.451
2.00,1944,2.991,2.038,-2.444
2.00,1945,-5.181,-2.939,-2.433
2.00,1946,2.651,-1.600,2.597
2.00,1947,2.991,2.038,-2.444
2.00,1948,-2.897,2.075,-2.451
2.00,1949,-2.608,-1.600,2.603
2.00,1950,-5.592,3.065,-8.768
2.00,1951,2.651,-1.600,2.597
2.00,1952,-0.030,-3.242,-2.447
2.00,1953,0.048,6.282,-2.397
2.00,1954,2.991,2.038,-2.444
2.00,1955,-5.181,-2.939,-2.433
2.00,1956,5.140,-2.999,-2.443
2.00,1957,-0.018,2.719,2.599
2.00,1958,-5.181,-2.939,-2.433
2.00,1959,-0.018,2.719,2.599
2.00,1960,-5.181,-2.939,-2.433
2.00,1961,5.140,-2.999,-2.443
2.00,1962,-0.072,-3.244,-2.447
2.00,1963,-5.181,-2.939,-2.433
2.00,1964,-0.072,-3.244,-2.447
2.00,1965,5.140,-2.999,-2.443
2.00,1966,-0.018,2.719,2.599
2.00,1967,5.140,-2.999,-2.443
2.00,1968,-0.056,0.052,7.682
2.00,1969,0.507,-7.672,-4.549
2.00,1970,-2.608,-1.600,2.603
2.00,1971,-6.580,-1.587,7.933
2.00,1972,-0.056,0.052,7.682
2.00,1973,-2.608,-1.600,2.603
2.00,1974,-0.732,7.986,-7.420
2.00,1975,5.140,-2.999,-2.443
2.00,1976,0.047,6.288,-2.397
2.00,1977,5.140,-2.999,-2.443
2.00,1978,-0.072,-3.244,-2.447
2.00,1979,-2.897,2.075,-2.451
2.00,1980,5.140,-2.999,-2.443
2.00,1981,2.991,2.038,-2.444
2.00,1982,-0.056,0.052,7.682
2.00,1983,-2.897,2.075,-2.451
2.00,1984,2.991,2.038,-2.444
2.00,1985,0.047,6.287,-2.397
2.00,1986,-2.897,2.075,-2.451
2.00,1987,-0.056,0.054,7.682
2.00,1988,5.140,-2.999,-2.443
2.00,1989,-0.072,-3.244,-2.447
2.00,1990,-2.897,2.075,-2.451
2.00,1991,-5.181,-2.939,-2.433
2.00,1992,-0.018,2.719,2.599
2.00,1993,-2.608,-1.600,2.603
2.00,1994,2.651,-1.600,2.597
2.00,1995,2.991,2.038,-2.444
2.00,1996,-5.181,-2.939,-2.433
2.00,1997,-0.074,-3.244,-2.447
2.00,1998,2.975,2.060,-2.445
2.00,1999,-2.694,-0.112,5.863
2.00,2000,-0.056,0.052,7.682
2.00,2001,-5.181,-2.939,-2.433
2.00,2002,-0.056,0.052,7.682
2.00,2003,-5.181,-2.939,-2.433
2.00,2004,5.140,-2.999,-2.443
2.00,2005,-5.181,-2.939,-2.433
2.00,2006,-2.897,2.075,-2.451
2.00,2007,-0.056,0.052,7.682
2.00,2008,1.793,1.845,6.301
2.00,2009,-0.741,1.183,0.199
2.00,2010,2.991,2.038,-2.444
2.00,2011,-5.181,-2.939,-2.433
2.00,2012,-0.018,2.719,2.599
2.00,2013,-0.072,-3.244,-2.447
2.00,2014,-0.072,-3.244,-2.447
2.00,2015,2.651,-1.600,2.597
2.00,2016,-0.072,-3.244,-2.447
2.00,2017,-0.072,-3.244,-2.447
2.00,2018,0.047,6.288,-2.397
2.00,2019,-0.018,2.719,2.599
2.00,2020,2.991,2.038,-2.444
2.00,2021,5.140,-2.999,-2.443
2.00,2022,-2.897,2.075,-2.451
2.00,2023,-5.181,-2.939,-2.433
2.00,2024,4.750,-5.529,2.479
2.00,2025,6.626,-1.441,-0.993
2.00,2026,-5.181,-2.939,-2.433
2.00,2027,-0.079,-3.244,-2.447
2.00,2028,5.140,-2.999,-2.443
2.00,2029,2.991,2.038,-2.444
2.00,2030,2.991,2.038,-2.444
2.00,2031,2.650,-1.599,2.597
2.00,2032,-2.897,2.075,-2.451
2.00,2033,-2.897,2.075,-2.451
2.00,2034,-8.988,1.436,-4.013
2.00,2035,0.047,6.288,-2.397
2.00,2036,2.651,-1.600,2.597
2.00,2037,-5.181,-2.939,-2.433
2.00,2038,-2.608,-1.600,2.603
2.00,2039,-7.682,6.160,-11.048
2.00,2040,-0.072,-3.244,-2.447
2.00,2041,0.052,6.306,-2.397
2.00,2042,-0.018,2.719,2.599
2.00,2043,-5.181,-2.939,-2.433
2.00,2044,2.991,2.038,-2.444
2.00,2045,2.651,-1.600,2.597
2.00,2046,2.991,2.038,-2.444
2.00,2047,-5.181,-2.939,-2.433
2.00,2048,0.047,6.287,-2.397
2.00,2049,-0.072,-3.244,-2.447
2.00,2050,-5.181,-2.939,-2.433
2.00,2051,-2.608,-1.600,2.603
2.00,2052,-0.018,2.719,2.599
2.00,2053,-2.897,2.075,-2.451
2.00,2054,-0.072,-3.244,-2.447
2.00,2055,5.140,-2.999,-2.443
2.00,2056,-0.056,0.052,7.682
2.00,2057,-5.181,-2.939,-2.433
2.00,2058,-0.056,0.052,7.682
2.00,2059,-0.018,2.719,2.599
2.00,2060,-0.056,0.052,7.682
2.00,2061,-2.897,2.075,-2.451
2.00,2062,-2.897,2.075,-2.451
2.00,2063,-2.608,-1.600,2.603
2.00,2064,4.172,-1.568,7.109
2.00,2065,-0.018,2.719,2.599
2.00,2066,-2.608,-1.600,2.603
2.00,2067,-0.072,-3.244,-2.447
2.00,2068,-0.018,2.719,2.599
2.00,2069,-0.018,2.719,2.599
2.00,2070,-2.897,2.075,-2.451
2.00,2071,-0.056,0.052,7.682
2.00,2072,7.426,8.064,-7.033
2.00,2073,5.212,-3.008,-2.443
2.00,2074,2.651,-1.600,2.597
2.00,2075,-5.181,-2.939,-2.433
2.00,2076,-0.072,-3.244,-2.447
2.00,2077,-0.072,-3.244,-2.447
2.00,2078,-0.018,2.719,2.599
2.00,2079,-5.616,-4.199,0.391
2.00,2080,-2.897,2.075,-2.451
2.00,2081,0.047,6.288,-2.397
2.00,2082,-0.070,-3.244,-2.447
2.00,2083,0.047,6.288,-2.397
2.00,2084,-2.608,-1.601,2.603
2.00,2085,5.140,-2.999,-2.443
2.00,2086,-5.181,-2.939,-2.433
2.00,2087,-0.018,2.719,2.599
2.00,2088,-2.608,-1.600,2.603
2.00,2089,2.651,-1.600,2.597
2.00,2090,-5.181,-2.939,-2.433
2.00,2091,-7.016,-9.157,-0.319
2.00,2092,-2.897,2.075,-2.451
2.00,2093,3.019,2.007,-2.443
2.00,2094,-2.608,-1.600,2.603
2.00,2095,0.047,6.287,-2.397
2.00,2096,2.991,2.038,-2.444
2.00,2097,2.651,-1.600,2.597
2.00,2098,-0.072,-3.244,-2.447
2.00,2099,-0.072,-3.244,-2.447
2.00,2100,-5.181,-2.939,-2.433
2.00,2101,-5.181,-2.939,-2.433
2.00,2102,5.140,-2.999,-2.443
2.00,2103,-0.617,5.291,-0.878
2.00,2104,-2.608,-1.600,2.603
2.00,2105,-5.181,-2.939,-2.433
2.00,2106,2.651,-1.600,2.597
2.00,2107,2.991,2.038,-2.444
2.00,2108,2.648,-1.584,2.596
2.00,2109,-0.072,-3.244,-2.447
2.00,2110,-5.185,-2.933,-2.433
2.00,2111,2.991,2.038,-2.444
2.00,2112,-0.018,2.719,2.599
2.00,2113,0.047,6.288,-2.397
2.00,2114,-5.181,-2.939,-2.433
2.00,2115,-2.897,2.075,-2.451
2.00,2116,0.048,6.272,-2.398
2.00,2117,-0.072,-3.244,-2.447
2.00,2118,-0.018,2.719,2.599
2.00,2119,-2.608,-1.600,2.603
2.00,2120,-5.181,-2.939,-2.433
2.00,2121,-5.181,-2.939,-2.433
2.00,2122,-0.072,-3.244,-2.447
2.00,2123,-0.072,-3.244,-2.447
2.00,2124,-5.181,-2.939,-2.433
2.00,2125,-0.018,2.719,2.599
2.00,2126,-2.609,-1.601,2.603
2.00,2127,0.047,6.288,-2.397
2.00,2128,-0.056,0.052,7.682
2.00,2129,-1.511,-1.388,-1.576
2.00,2130,-0.072,-3.244,-2.447
2.00,2131,5.140,-2.999,-2.443
2.00,2132,-2.608,-1.600,2.603
2.00,2133,-0.056,0.052,7.682
2.00,2134,-2.613,-1.603,2.603
2.00,2135,2.991,2.038,-2.444
2.00,2136,-2.608,-1.600,2.603
2.00,2137,2.651,-1.600,2.597
2.00,2138,-0.056,0.052,7.682
2.00,2139,0.047,6.288,-2.397
2.00,2140,2.651,-1.600,2.597
2.00,2141,2.986,2.044,-2.444
2.00,2142,-2.897,2.075,-2.451
2.00,2143,5.140,-2.999,-2.443
2.00,2144,-0.072,-3.244,-2.447
2.00,2145,-2.608,-1.600,2.603
2.00,2146,-0.056,0.052,7.682
2.00,2147,-0.018,2.715,2.599
2.00,2148,2.991,2.038,-2.444
2.00,2149,1.669,7.208,-10.133
2.00,2150,0.045,6.312,-2.397
2.00,2151,2.651,-1.600,2.597
2.00,2152,-0.072,-3.244,-2.447
2.00,2153,2.991,2.038,-2.444
2.00,2154,-2.897,2.075,-2.451
2.00,2155,-0.018,2.719,2.599
2.00,2156,2.991,2.038,-2.444
2.00,2157,0.047,6.288,-2.397
2.00,2158,-2.897,2.075,-2.451
2.00,2159,-0.018,2.719,2.599
2.00,2160,-0.018,2.719,2.599
2.00,2161,-2.608,-1.600,2.603
2.00,2162,-5.181,-2.939,-2.433
2.00,2163,-2.897,2.075,-2.451
2.00,2164,-5.180,-2.939,-2.433
2.00,2165,-2.897,2.076,-2.451
2.00,2166,-2.897,2.075,-2.451
2.00,2167,-1.234,3.214,1.787
2.00,2168,-2.619,-1.605,2.604
2.00,2169,-0.056,0.052,7.682
2.00,2170,0.047,6.288,-2.397
2.00,2171,-0.018,2.721,2.599
2.00,2172,-1.681,-2.354,-7.548
2.00,2173,-0.072,-3.244,-2.447
2.00,2174,-0.072,-3.244,-2.447
2.00,2175,0.588,-2.805,-2.499
2.00,2176,-0.072,-3.244,-2.447
2.00,2177,-5.181,-2.939,-2.433
2.00,2178,5.140,-2.999,-2.443
2.00,2179,2.991,2.038,-2.444
2.00,2180,-0.072,-3.244,-2.447
2.00,2181,-5.181,-2.939,-2.433
2.00,2182,0.031,6.403,-2.398
2.00,2183,-0.072,-3.244,-2.447
2.00,2184,-2.897,2.075,-2.451
2.00,2185,-5.181,-2.939,-2.433
2.00,2186,0.047,6.289,-2.397
2.00,2187,-5.181,-2.939,-2.433
2.00,2188,-0.018,2.719,2.599
2.00,2189,-0.018,2.719,2.599
2.00,2190,5.141,-3.000,-2.443
2.00,2191,-0.056,0.052,7.682
2.00,2192,2.651,-1.600,2.597
2.00,2193,2.651,-1.600,2.597
2.00,2194,2.651,-1.600,2.597
2.00,2195,0.047,6.287,-2.397
2.00,2196,2.651,-1.600,2.597
2.00,2197,-0.072,-3.244,-2.447
2.00,2198,-0.072,-3.244,-2.447
2.00,2199,0.043,6.311,-2.397
2.00,2200,-0.018,2.719,2.599
2.00,2201,-2.608,-1.600,2.603
2.00,2202,0.048,6.281,-2.397
2.00,2203,2.991,2.038,-2.444
2.00,2204,5.140,-2.999,-2.443
2.00,2205,2.991,2.038,-2.444
2.00,2206,-2.608,-1.600,2.603
2.00,2207,5.140,-2.999,-2.443
2.00,2208,2.991,2.038,-2.444
2.00,2209,2.991,2.038,-2.444
2.00,2210,2.449,-1.712,2.584
2.00,2211,-5.181,-2.939,-2.433
2.00,2212,-5.181,-2.939,-2.433
2.00,2213,-0.056,0.052,7.682
2.00,2214,2.991,2.038,-2.444
2.00,2215,-0.056,0.052,7.682
2.00,2216,2.991,2.038,-2.444
2.00,2217,-2.608,-1.600,2.603
2.00,2218,-2.608,-1.600,2.603
2.00,2219,-0.072,-3.244,-2.447
2.00,2220,-0.018,2.719,2.599
2.00,2221,-2.897,2.075,-2.451
2.00,2222,-0.056,0.052,7.682
2.00,2223,5.140,-2.999,-2.443
2.00,2224,-0.018,2.719,2.599
2.00,2225,-0.071,-3.244,-2.447
2.00,2226,5.140,-2.999,-2.443
2.00,2227,-5.181,-2.939,-2.433
2.00,2228,-5.181,-2.939,-2.433
2.00,2229,-0.018,2.719,2.599
2.00,2230,-2.608,-1.600,2.603
2.00,2231,-2.898,2.075,-2.451
2.00,2232,0.047,6.288,-2.397
2.00,2233,-5.181,-2.939,-2.433
2.00,2234,5.166,-2.969,-2.444
2.00,2235,2.651,-1.600,2.597
2.00,2236,-0.072,-3.244,-2.447
2.00,2237,5.140,-2.999,-2.443
2.00,2238,-5.181,-2.939,-2.433
2.00,2239,0.049,6.245,-2.398
2.00,2240,-0.072,-3.244,-2.447
2.00,2241,0.047,6.288,-2.397
2.00,2242,-2.608,-1.600,2.603
2.00,2243,4.410,-9.189,2.630
2.00,2244,5.156,-3.007,-2.443
2.00,2245,2.991,2.038,-2.444
2.00,2246,-0.018,2.719,2.599
2.00,2247,-2.898,2.074,-2.451
2.00,2248,-2.897,2.075,-2.451
2.00,2249,-5.181,-2.939,-2.433
2.00,2250,5.140,-2.999,-2.443
2.00,2251,3.506,-1.665,2.611
2.00,2252,-5.217,-2.962,-2.432
2.00,2253,5.269,-2.460,-2.454
2.00,2254,0.047,6.287,-2.397
2.00,2255,-0.072,-3.244,-2.447
2.00,2256,5.140,-2.999,-2.443
2.00,2257,2.991,2.038,-2.444
2.00,2258,-0.056,0.052,7.682
2.00,2259,-2.897,2.075,-2.451
2.00,2260,-0.072,-3.244,-2.447
2.00,2261,-0.018,2.719,2.599
2.00,2262,-0.018,2.719,2.599
2.00,2263,5.140,-2.999,-2.443
2.00,2264,-0.338,5.968,1.154
2.00,2265,5.140,-2.999,-2.443
2.00,2266,0.047,6.288,-2.397
2.00,2267,-2.843,-1.616,2.610
2.00,2268,-0.018,2.719,2.599
2.00,2269,0.047,6.288,-2.397
2.00,2270,2.991,2.038,-2.444
2.00,2271,5.140,-2.999,-2.443
2.00,2272,-2.897,2.075,-2.451
2.00,2273,-5.140,-2.951,-2.432
2.00,2274,-2.897,2.075,-2.451
2.00,2275,5.141,-2.999,-2.443
2.00,2276,2.651,-1.600,2.597
2.00,2277,-2.897,2.075,-2.451
2.00,2278,-2.608,-1.600,2.603
2.00,2279,-0.088,-3.245,-2.447
2.00,2280,2.807,-1.629,2.602
2.00,2281,2.991,2.038,-2.444
2.00,2282,-0.018,2.719,2.599
2.00,2283,2.991,2.038,-2.444
2.00,2284,5.140,-2.999,-2.443
2.00,2285,-5.800,-0.858,-2.429
2.00,2286,-0.072,-3.244,-2.447
2.00,2287,2.991,2.038,-2.444
2.00,2288,-0.018,2.719,2.599
2.00,2289,-2.897,2.075,-2.451
2.00,2290,-2.608,-1.600,2.603
2.00,2291,0.047,6.287,-2.397
2.00,2292,0.047,6.287,-2.397
2.00,2293,2.981,2.050,-2.444
2.00,2294,2.992,2.038,-2.444
2.00,2295,5.140,-2.999,-2.443
2.00,2296,4.742,7.798,-9.543
2.00,2297,5.140,-2.999,-2.443
2.00,2298,-5.181,-2.939,-2.433
2.00,2299,-9.826,-5.346,4.073
2.00,2300,2.651,-1.600,2.597
2.00,2301,-2.410,-7.297,-10.281
2.00,2302,-0.072,-3.244,-2.447
2.00,2303,0.047,6.288,-2.397
2.00,2304,-0.056,0.053,7.682
2.00,2305,-2.896,2.077,-2.451
2.00,2306,-2.901,2.073,-2.451
2.00,2307,-5.181,-2.939,-2.433
2.00,2308,-5.191,-2.935,-2.433
2.00,2309,-0.317,-3.481,0.229
2.00,2310,-4.893,-2.903,-2.439
2.00,2311,-2.608,-1.600,2.603
2.00,2312,2.651,-1.600,2.597
2.00,2313,-0.072,-3.244,-2.447
2.00,2314,2.991,2.038,-2.444
2.00,2315,-2.608,-1.600,2.603
2.00,2316,-0.072,-3.244,-2.447
2.00,2317,0.047,6.288,-2.397
2.00,2318,-7.566,-2.755,-2.601
2.00,2319,-2.606,-1.600,2.603
2.00,2320,-0.018,2.719,2.599
2.00,2321,0.047,6.288,-2.397
2.00,2322,-0.072,-3.244,-2.447
2.00,2323,0.310,-4.164,7.021
2.00,2324,-0.056,0.052,7.682
2.00,2325,-5.182,-2.942,-2.433
2.00,2326,-2.608,-1.600,2.603
2.00,2327,-2.608,-1.600,2.603
2.00,2328,0.047,6.287,-2.397
2.00,2329,2.652,-1.600,2.597
2.00,2330,2.991,2.038,-2.444
2.00,2331,-2.608,-1.600,2.603
2.00,2332,5.152,-3.004,-2.443
2.00,2333,-2.897,2.075,-2.451
2.00,2334,-5.181,-2.939,-2.433
2.00,2335,-5.181,-2.939,-2.433
2.00,2336,-5.990,-4.267,1.444
2.00,2337,0.047,6.288,-2.397
2.00,2338,-2.612,-1.606,2.603
2.00,2339,-2.897,2.075,-2.451
2.00,2340,-0.072,-3.244,-2.447
2.00,2341,-0.072,-3.244,-2.447
2.00,2342,2.651,-1.600,2.597
2.00,2343,-2.608,-1.600,2.603
2.00,2344,-0.072,-3.244,-2.447
2.00,2345,-2.284,6.947,-2.789
2.00,2346,-0.018,2.719,2.599
2.00,2347,-5.181,-2.939,-2.433
2.00,2348,-2.608,-1.600,2.603
2.00,2349,-2.897,2.075,-2.451
2.00,2350,2.991,2.038,-2.444
2.00,2351,-2.608,-1.600,2.603
2.00,2352,2.651,-1.600,2.597
2.00,2353,0.047,6.288,-2.397
2.00,2354,2.991,2.038,-2.444
2.00,2355,-0.072,-3.244,-2.447
2.00,2356,-2.897,2.075,-2.451
2.00,2357,2.991,2.038,-2.444
2.00,2358,2.651,-1.600,2.597
2.00,2359,5.140,-2.999,-2.443
2.00,2360,-0.018,2.719,2.599
2.00,2361,-0.018,2.719,2.599
2.00,2362,0.047,6.287,-2.397
2.00,2363,-0.018,2.719,2.599
2.00,2364,-2.608,-1.600,2.603
2.00,2365,-7.419,-7.956,2.015
2.00,2366,5.140,-2.999,-2.443
2.00,2367,-0.018,2.719,2.599
2.00,2368,-8.758,-4.981,8.908
2.00,2369,2.651,-1.600,2.597
2.00,2370,-2.905,-1.746,2.612
2.00,2371,5.140,-2.999,-2.443
2.00,2372,-5.181,-2.939,-2.433
2.00,2373,3.435,1.342,-2.453
2.00,2374,5.140,-2.999,-2.443
2.00,2375,-5.181,-2.939,-2.433
2.00,2376,2.651,-1.600,2.597
2.00,2377,-0.072,-3.244,-2.447
2.00,2378,9.063,-0.586,-8.368
2.00,2379,2.991,2.038,-2.444
2.00,2380,-2.902,2.069,-2.451
2.00,2381,-2.608,-1.600,2.603
2.00,2382,2.991,2.038,-2.444
2.00,2383,2.651,-1.600,2.597
2.00,2384,2.651,-1.600,2.597
2.00,2385,2.651,-1.600,2.597
2.00,2386,-5.960,2.439,2.123
2.00,2387,2.991,2.038,-2.444
2.00,2388,-0.056,0.052,7.682
2.00,2389,0.047,6.287,-2.397
2.00,2390,8.836,-7.627,5.219
2.00,2391,-0.072,-3.244,-2.447
2.00,2392,-5.181,-2.939,-2.433
2.00,2393,-2.897,2.075,-2.451
2.00,2394,-0.018,2.719,2.599
2.00,2395,2.991,2.038,-2.444
2.00,2396,-0.056,0.052,7.682
2.00,2397,-0.018,2.719,2.599
2.00,2398,-0.072,-3.244,-2.447
2.00,2399,-0.018,2.719,2.599
2.00,2400,-2.608,-1.600,2.603
2.00,2401,1.597,8.176,-9.859
2.00,2402,-5.181,-2.939,-2.433
2.00,2403,-2.607,-1.600,2.603
2.00,2404,2.651,-1.600,2.597
2.00,2405,-5.181,-2.939,-2.433
2.00,2406,-2.608,-1.600,2.603
2.00,2407,-2.897,2.075,-2.451
2.00,2408,2.651,-1.600,2.597
2.00,2409,-5.181,-2.939,-2.433
2.00,2410,2.651,-1.600,2.597
2.00,2411,-7.631,8.637,-7.147
2.00,2412,0.047,6.288,-2.397
2.00,2413,-0.018,2.719,2.599
2.00,2414,-0.071,-3.244,-2.447
2.00,2415,-5.181,-2.939,-2.433
2.00,2416,2.991,2.038,-2.444
2.00,2417,5.140,-2.999,-2.443
2.00,2418,-0.072,-3.244,-2.447
2.00,2419,-2.897,2.075,-2.451
2.00,2420,-2.897,2.075,-2.451
2.00,2421,-0.018,2.719,2.599
2.00,2422,-0.072,-3.244,-2.447
2.00,2423,-0.018,2.719,2.599
2.00,2424,2.991,2.038,-2.444
2.00,2425,2.991,2.038,-2.444
2.00,2426,5.140,-2.999,-2.443
2.00,2427,-0.018,2.719,2.599
2.00,2428,-2.897,2.075,-2.451
2.00,2429,2.991,2.038,-2.444
2.00,2430,-0.040,2.756,2.600
2.00,2431,0.047,6.288,-2.397
2.00,2432,-5.110,-2.172,1.313
2.00,2433,-0.018,2.719,2.599
2.00,2434,-2.897,2.075,-2.451
2.00,2435,5.140,-2.999,-2.443
2.00,2436,-2.897,2.076,-2.451
2.00,2437,2.991,2.038,-2.444
2.00,2438,-5.181,-2.939,-2.433
2.00,2439,5.140,-2.999,-2.443
2.00,2440,-7.817,-8.301,2.869
2.00,2441,-0.018,2.719,2.599
2.00,2442,-5.181,-2.939,-2.433
2.00,2443,-0.056,0.052,7.682
2.00,2444,5.140,-2.999,-2.443
2.00,2445,-2.608,-1.600,2.603
2.00,2446,-4.509,6.156,-11.376
2.00,2447,2.991,2.038,-2.444
2.00,2448,-0.056,0.052,7.682
2.00,2449,2.991,2.038,-2.444
2.00,2450,5.140,-2.999,-2.443
2.00,2451,0.047,6.289,-2.397
2.00,2452,5.140,-2.999,-2.443
2.00,2453,2.651,-1.600,2.597
2.00,2454,-0.056,0.052,7.682
2.00,2455,-0.072,-3.244,-2.447
2.00,2456,0.047,6.288,-2.397
2.00,2457,-5.181,-2.939,-2.433
2.00,2458,-5.181,-2.939,-2.433
2.00,2459,-2.608,-1.600,2.603
2.00,2460,-0.072,-3.244,-2.447
2.00,2461,-2.608,-1.600,2.603
2.00,2462,2.651,-1.600,2.597
2.00,2463,-2.897,2.075,-2.451
2.00,2464,0.047,6.288,-2.397
2.00,2465,5.211,-3.088,-2.441
2.00,2466,0.047,6.287,-2.397
2.00,2467,2.991,2.038,-2.444
2.00,2468,0.047,6.288,-2.397
2.00,2469,-2.932,2.044,-2.449
2.00,2470,-2.608,-1.600,2.603
2.00,2471,-2.608,-1.601,2.603
2.00,2472,-5.181,-2.939,-2.433
2.00,2473,2.651,-1.600,2.597
2.00,2474,-2.897,2.075,-2.451
2.00,2475,-2.608,-1.600,2.603
2.00,2476,5.140,-2.999,-2.443
2.00,2477,-2.897,2.075,-2.451
2.00,2478,-2.608,-1.600,2.603
2.00,2479,2.991,2.038,-2.444
2.00,2480,-5.181,-2.939,-2.433
2.00,2481,0.047,6.288,-2.397
2.00,2482,2.651,-1.600,2.597
2.00,2483,-0.018,2.719,2.599
2.00,2484,-8.005,3.805,1.907
2.00,2485,4.737,-2.935,-2.458
2.00,2486,2.991,2.038,-2.444
2.00,2487,-8.131,-4.546,-2.376
2.00,2488,-0.072,-3.244,-2.447
2.00,2489,5.143,-3.001,-2.443
2.00,2490,-0.072,-3.244,-2.447
2.00,2491,5.140,-2.999,-2.443
2.00,2492,2.651,-1.600,2.597
2.00,2493,-0.072,-3.244,-2.447
2.00,2494,-0.072,-3.244,-2.447
2.00,2495,0.049,6.267,-2.398
2.00,2496,-0.018,2.719,2.599
2.00,2497,-0.014,2.713,2.599
2.00,2498,-0.072,-3.244,-2.447
2.00,2499,0.047,6.288,-2.397
2.00,2500,-5.181,-2.939,-2.433
2.00,2501,-0.072,-3.244,-2.447
2.00,2502,-2.897,2.076,-2.451
2.00,2503,2.651,-1.600,2.597
2.00,2504,-0.056,0.052,7.682
2.00,2505,2.734,2.331,-2.452
2.00,2506,-0.018,2.719,2.599
2.00,2507,-5.181,-2.939,-2.433
2.00,2508,0.047,6.288,-2.397
2.00,2509,-2.897,2.075,-2.451
2.00,2510,-0.019,2.711,2.599
2.00,2511,2.651,-1.600,2.597
2.00,2512,5.140,-2.999,-2.443
2.00,2513,2.991,2.038,-2.444
2.00,2514,-0.018,2.719,2.599
2.00,2515,4.264,-2.826,6.174
2.00,2516,-0.018,2.719,2.599
2.00,2517,2.689,-1.620,2.598
2.00,2518,-0.018,2.719,2.599
2.00,2519,-2.885,2.091,-2.452
2.00,2520,-2.897,2.075,-2.451
2.00,2521,-0.072,-3.244,-2.447
2.00,2522,2.991,2.038,-2.444
2.00,2523,-2.897,2.075,-2.451
2.00,2524,-0.018,2.719,2.599
2.00,2525,2.736,-1.641,2.600
2.00,2526,5.140,-2.999,-2.443
2.00,2527,-0.056,0.052,7.682
2.00,2528,-5.181,-2.939,-2.433
2.00,2529,5.140,-2.999,-2.443
2.00,2530,2.653,-1.601,2.597
2.00,2531,-2.529,-1.803,2.600
2.00,2532,-2.610,-1.601,2.603
2.00,2533,-0.090,2.614,2.591
2.00,2534,-2.897,2.075,-2.451
2.00,2535,-5.181,-2.939,-2.433
2.00,2536,5.140,-2.999,-2.443
2.00,2537,-2.897,2.075,-2.451
2.00,2538,-2.897,2.075,-2.451
2.00,2539,-0.071,-3.244,-2.447
2.00,2540,-2.608,-1.600,2.603
2.00,2541,-0.056,0.052,7.682
2.00,2542,3.008,2.016,-2.443
2.00,2543,0.028,-3.237,-2.448
2.00,2544,2.651,-1.600,2.597
2.00,2545,-2.897,2.075,-2.451
2.00,2546,-0.018,2.719,2.599
2.00,2547,-0.018,2.719,2.599
2.00,2548,-0.095,-3.245,-2.447
2.00,2549,5.140,-2.999,-2.443
2.00,2550,5.140,-2.999,-2.443
2.00,2551,-5.181,-2.939,-2.433
2.00,2552,-2.608,-1.600,2.603
2.00,2553,2.991,2.038,-2.444
2.00,2554,0.047,6.288,-2.397
2.00,2555,5.140,-2.999,-2.443
2.00,2556,2.654,-1.602,2.597
2.00,2557,-2.608,-1.600,2.603
2.00,2558,-0.018,2.719,2.599
2.00,2559,-0.072,-3.244,-2.447
2.00,2560,2.991,2.038,-2.444
2.00,2561,2.651,-1.600,2.597
2.00,2562,-2.551,-1.451,2.602
2.00,2563,2.651,-1.600,2.597
2.00,2564,-2.645,-1.627,2.604
2.00,2565,-6.648,4.721,-5.658
2.00,2566,-5.181,-2.939,-2.433
2.00,2567,0.047,6.288,-2.397
2.00,2568,8.029,9.793,6.673
2.00,2569,-5.181,-2.939,-2.433
2.00,2570,-2.897,2.075,-2.451
2.00,2571,0.047,6.291,-2.397
2.00,2572,0.047,6.287,-2.397
2.00,2573,-2.608,-1.600,2.603
2.00,2574,5.140,-2.999,-2.443
2.00,2575,2.991,2.038,-2.444
2.00,2576,2.991,2.038,-2.444
2.00,2577,-2.897,2.075,-2.451
2.00,2578,5.140,-2.999,-2.443
2.00,2579,-0.072,-3.244,-2.447
2.00,2580,-2.608,-1.600,2.603
2.00,2581,-5.181,-2.939,-2.433
2.00,2582,0.047,6.288,-2.397
2.00,2583,-0.049,-3.243,-2.447
2.00,2584,-0.018,2.719,2.599
2.00,2585,2.991,2.038,-2.444
2.00,2586,-2.117,-1.439,4.414
2.00,2587,-0.072,-3.244,-2.447
2.00,2588,-2.897,2.075,-2.451
2.00,2589,2.651,-1.600,2.597
2.00,2590,-0.018,2.719,2.599
2.00,2591,-0.019,2.839,2.605
2.00,2592,-5.182,-2.940,-2.433
2.00,2593,5.140,-2.999,-2.443
2.00,2594,5.140,-2.999,-2.443
2.00,2595,2.651,-1.600,2.597
2.00,2596,-0.056,0.052,7.682
2.00,2597,-2.897,2.075,-2.451
2.00,2598,0.047,6.295,-2.397
2.00,2599,-0.072,-3.244,-2.447
2.00,2600,-0.072,-3.244,-2.447
2.00,2601,-5.181,-2.939,-2.433
2.00,2602,-0.072,-3.244,-2.447
2.00,2603,-0.018,2.719,2.599
2.00,2604,-0.056,0.052,7.682
2.00,2605,5.363,-0.006,6.696
2.00,2606,-5.181,-2.939,-2.433
2.00,2607,-2.897,2.075,-2.451
2.00,2608,-0.072,-3.244,-2.447
2.00,2609,-2.609,-1.601,2.603
2.00,2610,-2.608,-1.600,2.603
2.00,2611,0.047,6.288,-2.397
2.00,2612,-0.072,-3.244,-2.447
2.00,2613,-5.181,-2.939,-2.433
2.00,2614,4.942,-3.528,-2.457
2.00,2615,-0.072,-3.244,-2.447
2.00,2616,2.651,-1.600,2.597
2.00,2617,-2.897,2.075,-2.451
2.00,2618,-5.181,-2.939,-2.433
2.00,2619,0.047,6.284,-2.397
2.00,2620,-2.897,2.075,-2.451
2.00,2621,2.651,-1.600,2.597
2.00,2622,-0.072,-3.244,-2.447
2.00,2623,5.140,-2.999,-2.443
2.00,2624,-2.650,-1.621,2.605
2.00,2625,-0.072,-3.244,-2.447
2.00,2626,-5.181,-2.939,-2.433
2.00,2627,-0.072,-3.244,-2.447
2.00,2628,2.991,2.038,-2.444
2.00,2629,-2.897,2.075,-2.451
2.00,2630,2.651,-1.600,2.597
2.00,2631,2.651,-1.600,2.597
2.00,2632,2.991,2.038,-2.444
2.00,2633,5.140,-2.999,-2.443
2.00,2634,5.140,-2.999,-2.443
2.00,2635,-2.608,-1.600,2.603
2.00,2636,-0.018,2.719,2.599
2.00,2637,-5.181,-2.939,-2.433
2.00,2638,0.047,6.288,-2.397
2.00,2639,2.991,2.038,-2.444
2.00,2640,-0.056,0.052,7.682
2.00,2641,-5.181,-2.939,-2.433
2.00,2642,2.991,2.039,-2.444
2.00,2643,5.140,-2.999,-2.443
2.00,2644,5.139,-2.999,-2.443
2.00,2645,2.991,2.038,-2.444
2.00,2646,2.651,-1.600,2.597
2.00,2647,-0.018,2.719,2.599
2.00,2648,-3.582,7.106,10.050
2.00,2649,0.047,6.288,-2.397
2.00,2650,-7.831,7.301,-10.237
2.00,2651,2.991,2.038,-2.444
2.00,2652,7.884,3.062,0.228
2.00,2653,2.652,-1.600,2.597
2.00,2654,-2.608,-1.600,2.603
2.00,2655,-5.181,-2.939,-2.433
2.00,2656,-0.018,2.719,2.599
2.00,2657,5.140,-2.999,-2.443
2.00,2658,2.651,-1.600,2.597
2.00,2659,-2.897,2.075,-2.451
2.00,2660,2.991,2.038,-2.444
2.00,2661,-5.181,-2.939,-2.433
2.00,2662,-0.072,-3.244,-2.447
2.00,2663,2.991,2.038,-2.444
2.00,2664,-0.056,0.052,7.682
2.00,2665,5.140,-2.999,-2.443
2.00,2666,-2.608,-1.600,2.603
2.00,2667,5.140,-2.999,-2.443
2.00,2668,2.990,2.040,-2.444
2.00,2669,-2.608,-1.600,2.603
2.00,2670,-5.182,-2.939,-2.433
2.00,2671,-5.181,-2.939,-2.433
2.00,2672,-2.608,-1.601,2.603
2.00,2673,-2.897,2.075,-2.451
2.00,2674,0.057,5.846,-2.406
2.00,2675,-5.181,-2.939,-2.433
2.00,2676,-2.608,-1.600,2.603
2.00,2677,2.651,-1.600,2.597
2.00,2678,-0.018,2.719,2.599
2.00,2679,2.991,2.038,-2.444
2.00,2680,2.651,-1.600,2.597
2.00,2681,-0.018,2.719,2.599
2.00,2682,-0.072,-3.244,-2.447
2.00,2683,-0.018,2.719,2.599
2.00,2684,-0.072,-3.244,-2.447
2.00,2685,0.047,6.288,-2.397
2.00,2686,2.651,-1.600,2.597
2.00,2687,0.047,6.287,-2.397
2.00,2688,-5.171,-2.940,-2.433
2.00,2689,0.047,6.288,-2.397
2.00,2690,0.047,6.288,-2.397
2.00,2691,2.991,2.038,-2.444
2.00,2692,-0.072,-3.244,-2.447
2.00,2693,-0.018,2.720,2.599
2.00,2694,0.047,6.296,-2.397
2.00,2695,-5.181,-2.939,-2.433
2.00,2696,5.140,-2.999,-2.443
2.00,2697,2.991,2.038,-2.444
2.00,2698,4.086,-3.483,3.330
2.00,2699,2.651,-1.600,2.597
2.00,2700,5.878,-3.364,-2.455
2.00,2701,-2.608,-1.600,2.603
2.00,2702,2.991,2.038,-2.444
2.00,2703,0.047,6.288,-2.397
2.00,2704,-0.018,2.719,2.599
2.00,2705,0.047,6.288,-2.397
2.00,2706,-5.181,-2.939,-2.433
2.00,2707,-5.357,-2.915,-2.434
2.00,2708,0.047,6.292,-2.397
2.00,2709,7.352,8.693,6.406
2.00,2710,-5.764,9.479,-2.724
2.00,2711,-0.018,2.719,2.599
2.00,2712,-0.018,2.719,2.599
2.00,2713,-2.897,2.075,-2.451
2.00,2714,-0.072,-3.244,-2.447
2.00,2715,2.991,2.038,-2.444
2.00,2716,2.652,-1.600,2.597
2.00,2717,0.047,6.286,-2.397
2.00,2718,2.658,-1.603,2.597
2.00,2719,-2.897,2.075,-2.451
2.00,2720,-2.608,-1.600,2.603
2.00,2721,-0.510,-3.256,-2.449
2.00,2722,-0.080,-3.823,6.315
2.00,2723,5.140,-2.999,-2.443
2.00,2724,-0.072,-3.244,-2.447
2.00,2725,-5.181,-2.939,-2.433
2.00,2726,5.140,-2.999,-2.443
2.00,2727,2.991,2.038,-2.444
2.00,2728,2.652,-0.070,0.367
2.00,2729,0.047,6.287,-2.397
2.00,2730,5.140,-2.999,-2.443
2.00,2731,0.047,6.288,-2.397
2.00,2732,0.047,6.288,-2.397
2.00,2733,-2.897,2.075,-2.451
2.00,2734,5.140,-2.999,-2.443
2.00,2735,0.047,6.288,-2.397
2.00,2736,2.651,-1.600,2.597
2.00,2737,-6.208,6.566,-1.881
2.00,2738,5.161,-3.004,-2.443
2.00,2739,-0.071,-3.244,-2.447
2.00,2740,-5.181,-2.939,-2.433
2.00,2741,-2.608,-1.600,2.603
2.00,2742,5.140,-2.999,-2.443
2.00,2743,2.651,-1.600,2.597
2.00,2744,2.651,-1.600,2.597
2.00,2745,2.651,-1.600,2.597
2.00,2746,-5.181,-2.939,-2.433
2.00,2747,2.991,2.038,-2.444
2.00,2748,-5.181,-2.939,-2.433
2.00,2749,-5.181,-2.939,-2.433
2.00,2750,-2.739,3.920,-2.630
2.00,2751,-0.018,2.719,2.599
2.00,2752,-2.897,2.075,-2.451
2.00,2753,-0.018,2.719,2.599
2.00,2754,2.991,2.038,-2.444
2.00,2755,2.991,2.038,-2.444
2.00,2756,3.865,-1.426,2.183
2.00,2757,0.047,6.579,-2.404
2.00,2758,2.651,-1.600,2.597
2.00,2759,-2.897,2.075,-2.451
2.00,2760,2.991,2.038,-2.444
2.00,2761,2.651,-1.600,2.597
2.00,2762,1.216,0.770,2.421
2.00,2763,-2.897,2.075,-2.451
2.00,2764,5.140,-2.999,-2.443
2.00,2765,-2.179,-1.488,5.609
2.00,2766,-0.073,-3.244,-2.447
2.00,2767,-0.072,-3.244,-2.447
2.00,2768,2.991,2.038,-2.444
2.00,2769,-5.182,-2.939,-2.433
2.00,2770,-2.897,2.075,-2.451
2.00,2771,0.047,6.288,-2.397
2.00,2772,-0.018,2.719,2.599
2.00,2773,-0.018,2.719,2.599
2.00,2774,-5.181,-2.939,-2.433
2.00,2775,5.108,7.989,4.258
2.00,2776,-0.018,2.719,2.599
2.00,2777,0.047,6.296,-2.397
2.00,2778,-2.608,-1.600,2.603
2.00,2779,-0.071,-3.244,-2.447
2.00,2780,-2.608,-1.600,2.603
2.00,2781,0.047,6.288,-2.397
2.00,2782,0.047,6.289,-2.397
2.00,2783,2.991,2.038,-2.444
2.00,2784,2.991,2.038,-2.444
2.00,2785,2.651,-1.600,2.597
2.00,2786,-0.018,2.719,2.599
2.00,2787,2.651,-1.600,2.597
2.00,2788,0.047,6.288,-2.397
2.00,2789,2.650,-1.599,2.597
2.00,2790,2.991,2.038,-2.444
2.00,2791,-0.072,-3.244,-2.447
2.00,2792,5.140,-2.999,-2.443
2.00,2793,-2.897,2.075,-2.451
2.00,2794,-2.897,2.075,-2.451
2.00,2795,-2.608,-1.600,2.603
2.00,2796,-2.608,-1.600,2.603
2.00,2797,-0.018,2.719,2.599
2.00,2798,-0.018,2.719,2.599
2.00,2799,-0.072,-3.244,-2.447
2.00,2800,2.991,2.038,-2.444
2.00,2801,-2.897,2.076,-2.451
2.00,2802,5.140,-2.999,-2.443
2.00,2803,-5.181,-2.939,-2.433
2.00,2804,0.047,6.287,-2.397
2.00,2805,-2.897,2.075,-2.451
2.00,2806,-0.056,0.052,7.682
2.00,2807,-2.608,-1.600,2.603
2.00,2808,-0.056,0.052,7.682
2.00,2809,8.727,7.724,-5.210
2.00,2810,-5.181,-2.939,-2.433
2.00,2811,0.047,6.292,-2.397
2.00,2812,2.991,2.038,-2.444
2.00,2813,-2.906,2.065,-2.451
2.00,2814,5.140,-2.999,-2.443
2.00,2815,-0.072,-3.244,-2.447
2.00,2816,-5.181,-2.939,-2.433
2.00,2817,-0.874,2.417,5.457
2.00,2818,2.991,2.038,-2.444
2.00,2819,-1.998,6.129,2.743
2.00,2820,-5.181,-2.939,-2.433
2.00,2821,-2.608,-1.600,2.603
2.00,2822,5.140,-2.999,-2.443
2.00,2823,0.047,6.287,-2.397
2.00,2824,-5.181,-2.939,-2.433
2.00,2825,-0.018,2.719,2.599
2.00,2826,-0.072,-3.244,-2.447
2.00,2827,-0.072,-3.244,-2.447
2.00,2828,-6.434,-9.415,-0.268
2.00,2829,-2.897,2.075,-2.451
2.00,2830,2.927,5.021,-2.468
2.00,2831,-0.072,-3.244,-2.447
2.00,2832,5.140,-2.999,-2.443
2.00,2833,-0.056,0.052,7.682
2.00,2834,2.651,-1.600,2.597
2.00,2835,1.019,-5.855,-1.945
2.00,2836,3.044,1.991,-2.442
2.00,2837,-5.181,-2.939,-2.433
2.00,2838,-2.608,-1.600,2.603
2.00,2839,-0.072,-3.244,-2.447
2.00,2840,2.991,2.038,-2.444
2.00,2841,2.651,-1.600,2.597
2.00,2842,2.651,-1.599,2.597
2.00,2843,2.991,2.038,-2.444
2.00,2844,-2.897,2.075,-2.451
2.00,2845,0.047,6.288,-2.397
2.00,2846,-0.072,-3.244,-2.447
2.00,2847,0.047,6.287,-2.397
2.00,2848,-5.181,-2.939,-2.433
2.00,2849,2.991,2.038,-2.444
2.00,2850,0.582,6.847,7.126
2.00,2851,5.164,-3.055,-2.442
2.00,2852,2.991,2.038,-2.444
2.00,2853,2.651,-1.600,2.597
2.00,2854,0.047,6.288,-2.397
2.00,2855,-5.180,-2.939,-2.433
2.00,2856,-2.608,-1.600,2.603
2.00,2857,5.140,-2.999,-2.443
2.00,2858,-2.897,2.075,-2.451
2.00,2859,-0.018,2.719,2.599
2.00,2860,-0.056,0.052,7.682
2.00,2861,-0.018,2.719,2.599
2.00,2862,-0.018,2.719,2.599
2.00,2863,-0.018,2.719,2.599
2.00,2864,-0.071,-3.244,-2.447
2.00,2865,0.047,6.288,-2.397
2.00,2866,-0.018,2.719,2.599
2.00,2867,-2.616,-1.604,2.604
2.00,2868,2.651,-1.600,2.597
2.00,2869,0.046,6.302,-2.397
2.00,2870,-2.897,2.075,-2.451
2.00,2871,2.651,-1.600,2.597
2.00,2872,-5.110,7.247,-7.044
2.00,2873,5.140,-2.999,-2.443
2.00,2874,-8.012,-1.772,1.643
2.00,2875,5.140,-2.999,-2.443
2.00,2876,-0.056,0.052,7.682
2.00,2877,-5.181,-2.939,-2.433
2.00,2878,5.140,-2.999,-2.443
2.00,2879,2.717,-1.629,2.599
2.00,2880,-0.018,2.719,2.599
2.00,2881,-2.897,2.075,-2.451
2.00,2882,-0.018,2.719,2.599
2.00,2883,0.047,6.288,-2.397
2.00,2884,-2.608,-1.600,2.603
2.00,2885,2.651,-1.600,2.597
2.00,2886,-0.018,2.719,2.599
2.00,2887,-0.018,2.719,2.599
2.00,2888,0.047,6.288,-2.397
2.00,2889,2.991,2.038,-2.444
2.00,2890,-5.181,-2.939,-2.433
2.00,2891,2.991,2.038,-2.444
2.00,2892,0.047,6.288,-2.397
2.00,2893,0.047,6.288,-2.397
2.00,2894,0.047,6.288,-2.397
2.00,2895,8.219,-9.807,-9.260
2.00,2896,-0.071,-3.244,-2.447
2.00,2897,-2.897,2.075,-2.451
2.00,2898,-0.018,2.719,2.599
2.00,2899,-2.604,-1.599,2.603
2.00,2900,5.140,-2.999,-2.443
2.00,2901,2.651,-1.600,2.597
2.00,2902,-0.072,-3.244,-2.447
2.00,2903,5.140,-2.999,-2.443
2.00,2904,-0.072,-3.244,-2.447
2.00,2905,-0.018,2.719,2.599
2.00,2906,5.140,-2.999,-2.443
2.00,2907,-0.072,-3.244,-2.447
2.00,2908,-2.608,-1.600,2.603
2.00,2909,2.979,2.052,-2.444
2.00,2910,0.047,6.289,-2.397
2.00,2911,-2.966,1.982,-2.447
2.00,2912,-2.608,-1.600,2.603
2.00,2913,-0.018,2.719,2.599
2.00,2914,4.166,1.595,-3.366
2.00,2915,-5.181,-2.939,-2.433
2.00,2916,0.047,6.287,-2.397
2.00,2917,2.991,2.038,-2.444
2.00,2918,-2.608,-1.600,2.603
2.00,2919,-0.056,0.052,7.682
2.00,2920,-0.018,2.719,2.599
2.00,2921,-0.018,2.719,2.599
2.00,2922,0.047,6.288,-2.397
2.00,2923,-0.018,2.719,2.599
2.00,2924,0.047,6.288,-2.397
2.00,2925,-0.018,2.719,2.599
2.00,2926,5.140,-2.999,-2.443
2.00,2927,-0.072,-3.244,-2.447
2.00,2928,5.126,-2.993,-2.444
2.00,2929,2.991,2.038,-2.444
2.00,2930,2.651,-1.600,2.597
2.00,2931,-0.018,2.719,2.599
2.00,2932,2.651,-1.600,2.597
2.00,2933,-2.608,-1.600,2.603
2.00,2934,5.140,-2.999,-2.443
2.00,2935,-0.056,0.052,7.682
2.00,2936,2.661,-1.605,2.597
2.00,2937,-0.072,-3.244,-2.447
2.00,2938,-0.072,-3.244,-2.447
2.00,2939,5.140,-2.999,-2.443
2.00,2940,-0.018,2.719,2.599
2.00,2941,-0.056,0.052,7.682
2.00,2942,-2.897,2.075,-2.451
2.00,2943,-0.056,0.052,7.682
2.00,2944,0.047,6.288,-2.397
2.00,2945,-5.181,-2.939,-2.433
2.00,2946,-5.181,-2.939,-2.433
2.00,2947,0.047,6.288,-2.397
2.00,2948,3.001,2.027,-2.443
2.00,2949,-5.236,-2.947,-2.433
2.00,2950,-2.608,-1.600,2.603
2.00,2951,-2.897,2.075,-2.451
2.00,2952,2.651,-1.600,2.597
2.00,2953,2.991,2.038,-2.444
2.00,2954,2.651,-1.600,2.597
2.00,2955,-2.897,2.075,-2.451
2.00,2956,-0.072,-3.244,-2.447
2.00,2957,2.992,2.037,-2.444
2.00,2958,1.570,7.506,-9.169
2.00,2959,-0.017,2.795,2.603
2.00,2960,-0.063,-3.243,-2.447
2.00,2961,-5.181,-2.939,-2.433
2.00,2962,5.140,-2.999,-2.443
2.00,2963,0.047,6.288,-2.397
2.00,2964,-0.018,2.719,2.599
2.00,2965,0.047,6.288,-2.397
2.00,2966,-5.181,-2.939,-2.433
2.00,2967,2.651,-1.600,2.597
2.00,2968,5.140,-2.999,-2.443
2.00,2969,-0.018,2.719,2.599
2.00,2970,2.991,2.038,-2.444
2.00,2971,1.427,-0.025,2.685
2.00,2972,2.651,-1.600,2.597
2.00,2973,5.140,-2.999,-2.443
2.00,2974,0.047,6.287,-2.397
2.00,2975,-0.018,2.719,2.599
2.00,2976,2.991,2.038,-2.444
2.00,2977,-0.056,0.052,7.682
2.00,2978,-2.608,-1.600,2.603
2.00,2979,2.651,-1.600,2.597
2.00,2980,-0.072,-3.244,-2.447
2.00,2981,-2.870,2.107,-2.453
2.00,2982,-9.055,0.541,5.042
2.00,2983,-2.781,-1.694,2.608
2.00,2984,5.177,-3.040,-2.442
2.00,2985,-0.072,-3.244,-2.447
2.00,2986,-2.897,2.075,-2.451
2.00,2987,-0.849,3.841,6.912
2.00,2988,0.326,-9.614,-4.338
2.00,2989,-2.897,2.075,-2.451
2.00,2990,-0.056,0.052,7.682
2.00,2991,0.047,6.287,-2.397
2.00,2992,-5.181,-2.939,-2.433
2.00,2993,2.651,-1.600,2.597
2.00,2994,2.651,-1.600,2.597
2.00,2995,-0.072,-3.244,-2.447
2.00,2996,-0.093,-3.245,-2.447
2.00,2997,-0.018,2.719,2.599
2.00,2998,5.140,-2.999,-2.443
2.00,2999,5.138,-2.998,-2.444
4.00,0,2.991,2.038,-2.444
4.00,1,-0.072,-3.244,-2.447
4.00,2,2.991,2.038,-2.444
4.00,3,-2.897,2.075,-2.451
4.00,4,2.651,-1.600,2.597
4.00,5,5.140,-2.999,-2.443
4.00,6,-2.608,-1.600,2.603
4.00,7,5.140,-2.999,-2.443
4.00,8,0.047,6.287,-2.397
4.00,9,-2.608,-1.600,2.603
4.00,10,-2.608,-1.600,2.603
4.00,11,-2.897,2.075,-2.451
4.00,12,2.991,2.038,-2.444
4.00,13,-0.072,-3.244,-2.447
4.00,14,-0.072,-3.244,-2.447
4.00,15,-0.072,-3.244,-2.447
4.00,16,2.991,2.038,-2.444
4.00,17,-5.181,-2.939,-2.433
4.00,18,2.991,2.038,-2.444
4.00,19,-2.897,2.075,-2.451
4.00,20,5.140,-2.999,-2.443
4.00,21,5.140,-2.999,-2.443
4.00,22,-2.608,-1.600,2.603
4.00,23,2.651,-1.600,2.597
4.00,24,5.140,-2.999,-2.443
4.00,25,2.991,2.038,-2.444
4.00,26,5.140,-2.999,-2.443
4.00,27,-0.072,-3.244,-2.447
4.00,28,5.140,-2.999,-2.443
4.00,29,2.651,-1.600,2.597
4.00,30,2.651,-1.600,2.597
4.00,31,-2.608,-1.600,2.603
4.00,32,5.140,-2.999,-2.443
4.00,33,-0.018,2.719,2.599
4.00,34,-0.072,-3.244,-2.447
4.00,35,5.140,-2.999,-2.443
4.00,36,-5.181,-2.939,-2.433
4.00,37,-5.181,-2.939,-2.433
4.00,38,2.651,-1.600,2.597
4.00,39,-0.072,-3.244,-2.447
4.00,40,-2.608,-1.600,2.603
4.00,41,-2.897,2.075,-2.451
4.00,42,-2.608,-1.600,2.603
4.00,43,5.140,-2.999,-2.443
4.00,44,-2.608,-1.600,2.603
4.00,45,-0.018,2.719,2.599
4.00,46,5.140,-2.999,-2.443
4.00,47,-0.056,0.052,7.682
4.00,48,2.651,-1.600,2.597
4.00,49,0.047,6.288,-2.397
4.00,50,2.991,2.038,-2.444
4.00,51,-2.897,2.075,-2.451
4.00,52,0.047,6.288,-2.397
4.00,53,2.651,-1.600,2.597
4.00,54,2.651,-1.600,2.597
4.00,55,-0.072,-3.244,-2.447
4.00,56,2.991,2.038,-2.444
4.00,57,0.047,6.288,-2.397
4.00,58,2.991,2.038,-2.444
4.00,59,5.140,-2.999,-2.443
4.00,60,-0.018,2.719,2.599
4.00,61,5.140,-2.999,-2.443
4.00,62,-2.897,2.075,-2.451
4.00,63,2.991,2.038,-2.444
4.00,64,-2.608,-1.600,2.603
4.00,65,-0.072,-3.244,-2.447
4.00,66,-5.181,-2.939,-2.433
4.00,67,0.047,6.288,-2.397
4.00,68,2.991,2.038,-2.444
4.00,69,-0.018,2.719,2.599
4.00,70,2.991,2.038,-2.444
4.00,71,0.047,6.288,-2.397
4.00,72,-5.181,-2.939,-2.433
4.00,73,-5.181,-2.939,-2.433
4.00,74,5.140,-2.999,-2.443
4.00,75,5.140,-2.999,-2.443
4.00,76,0.047,6.288,-2.397
4.00,77,-0.018,2.719,2.599
4.00,78,-2.608,-1.600,2.603
4.00,79,-2.608,-1.600,2.603
4.00,80,-2.897,2.075,-2.451
4.00,81,2.991,2.038,-2.444
4.00,82,-0.072,-3.244,-2.447
4.00,83,-2.608,-1.600,2.603
4.00,84,-0.018,2.719,2.599
4.00,85,-2.897,2.075,-2.451
4.00,86,5.140,-2.999,-2.443
4.00,87,-2.897,2.075,-2.451
4.00,88,-0.072,-3.244,-2.447
4.00,89,2.991,2.038,-2.444
4.00,90,-0.072,-3.244,-2.447
4.00,91,-0.072,-3.244,-2.447
4.00,92,-5.181,-2.939,-2.433
4.00,93,-2.897,2.075,-2.451
4.00,94,2.991,2.038,-2.444
4.00,95,-0.056,0.052,7.682
4.00,96,2.991,2.038,-2.444
4.00,97,-0.018,2.719,2.599
4.00,98,-0.056,0.052,7.682
4.00,99,-5.181,-2.939,-2.433
4.00,100,-0.072,-3.244,-2.447
4.00,101,5.140,-2.999,-2.443
4.00,102,0.047,6.288,-2.397
4.00,103,-0.072,-3.244,-2.447
4.00,104,2.991,2.038,-2.444
4.00,105,2.991,2.038,-2.444
4.00,106,0.047,6.288,-2.397
4.00,107,0.047,6.288,-2.397
4.00,108,2.991,2.038,-2.444
4.00,109,-0.018,2.719,2.599
4.00,110,0.047,6.288,-2.397
4.00,111,5.140,-2.999,-2.443
4.00,112,-0.072,-3.244,-2.447
4.00,113,2.991,2.038,-2.444
4.00,114,-2.608,-1.600,2.603
4.00,115,2.991,2.038,-2.444
4.00,116,-0.056,0.052,7.682
4.00,117,-2.608,-1.600,2.603
4.00,118,2.651,-1.600,2.597
4.00,119,5.140,-2.999,-2.443
4.00,120,-0.072,-3.244,-2.447
4.00,121,-0.072,-3.244,-2.447
4.00,122,2.651,-1.600,2.597
4.00,123,-2.897,2.075,-2.451
4.00,124,-0.018,2.719,2.599
4.00,125,2.991,2.038,-2.444
4.00,126,-0.018,2.719,2.599
4.00,127,2.991,2.038,-2.444
4.00,128,-0.072,-3.244,-2.447
4.00,129,-2.608,-1.600,2.603
4.00,130,-0.056,0.052,7.682
4.00,131,-0.056,0.052,7.682
4.00,132,-0.018,2.719,2.599
4.00,133,-0.018,2.719,2.599
4.00,134,-0.047,0.070,7.682
4.00,135,-5.181,-2.939,-2.433
4.00,136,0.047,6.288,-2.397
4.00,137,5.140,-2.999,-2.443
4.00,138,2.651,-1.600,2.597
4.00,139,2.991,2.038,-2.444
4.00,140,0.047,6.288,-2.397
4.00,141,2.991,2.038,-2.444
4.00,142,-2.608,-1.600,2.603
4.00,143,2.651,-1.600,2.597
4.00,144,-0.018,2.719,2.599
4.00,145,-0.072,-3.244,-2.447
4.00,146,2.991,2.038,-2.444
4.00,147,-5.181,-2.939,-2.433
4.00,148,-0.072,-3.244,-2.447
4.00,149,-0.018,2.719,2.599
4.00,150,5.140,-2.999,-2.443
4.00,151,5.140,-2.999,-2.443
4.00,152,5.140,-2.999,-2.443
4.00,153,-0.072,-3.244,-2.447
4.00,154,-0.061,-3.243,-2.447
4.00,155,-0.018,2.719,2.599
4.00,156,2.651,-1.600,2.597
4.00,157,-5.181,-2.939,-2.433
4.00,158,-2.897,2.075,-2.451
4.00,159,0.047,6.288,-2.397
4.00,160,-0.072,-3.244,-2.447
4.00,161,-5.181,-2.939,-2.433
4.00,162,2.991,2.038,-2.444
4.00,163,-2.608,-1.600,2.603
4.00,164,2.991,2.038,-2.444
4.00,165,0.047,6.288,-2.397
4.00,166,-0.072,-3.244,-2.447
4.00,167,-2.608,-1.600,2.603
4.00,168,5.140,-2.999,-2.443
4.00,169,-0.072,-3.244,-2.447
4.00,170,-2.608,-1.600,2.603
4.00,171,2.651,-1.600,2.597
4.00,172,-0.056,0.052,7.682
4.00,173,-2.897,2.075,-2.451
4.00,174,-0.018,2.719,2.599
4.00,175,-2.897,2.075,-2.451
4.00,176,-2.608,-1.600,2.603
4.00,177,1.537,7.458,-0.125
4.00,178,-0.072,-3.244,-2.447
4.00,179,2.651,-1.600,2.597
4.00,180,-2.897,2.075,-2.451
4.00,181,-0.072,-3.244,-2.447
4.00,182,-2.897,2.075,-2.451
4.00,183,2.651,-1.600,2.597
4.00,184,-5.181,-2.939,-2.433
4.00,185,5.140,-2.999,-2.443
4.00,186,5.140,-2.999,-2.443
4.00,187,-2.608,-1.600,2.603
4.00,188,-5.181,-2.939,-2.433
4.00,189,0.047,6.288,-2.397
4.00,190,-0.018,2.719,2.599
4.00,191,-0.018,2.719,2.599
4.00,192,-2.608,-1.600,2.603
4.00,193,-0.072,-3.244,-2.447
4.00,194,-0.072,-3.244,-2.447
4.00,195,2.651,-1.600,2.597
4.00,196,0.047,6.288,-2.397
4.00,197,-2.608,-1.600,2.603
4.00,198,-5.181,-2.939,-2.433
4.00,199,-0.056,0.052,7.682
4.00,200,-2.897,2.075,-2.451
4.00,201,0.047,6.288,-2.397
4.00,202,2.651,-1.600,2.597
4.00,203,-2.608,-1.600,2.603
4.00,204,-0.018,2.719,2.599
4.00,205,-5.181,-2.939,-2.433
4.00,206,2.991,2.038,-2.444
4.00,207,-0.072,-3.244,-2.447
4.00,208,2.991,2.038,-2.444
4.00,209,-0.018,2.719,2.599
4.00,210,-2.897,2.075,-2.451
4.00,211,-5.181,-2.939,-2.433
4.00,212,-0.018,2.719,2.599
4.00,213,-2.608,-1.600,2.603
4.00,214,-0.018,2.719,2.599
4.00,215,2.651,-1.600,2.597
4.00,216,0.047,6.288,-2.397
4.00,217,5.140,-2.999,-2.443
4.00,218,2.651,-1.600,2.597
4.00,219,2.991,2.038,-2.444
4.00,220,-2.608,-1.600,2.603
4.00,221,2.651,-1.600,2.597
4.00,222,-2.608,-1.600,2.603
4.00,223,0.047,6.288,-2.397
4.00,224,-2.897,2.075,-2.451
4.00,225,-0.072,-3.244,-2.447
4.00,226,-2.897,2.075,-2.451
4.00,227,-5.181,-2.939,-2.433
4.00,228,-5.181,-2.939,-2.433
4.00,229,-2.608,-1.600,2.603
4.00,230,0.047,6.288,-2.397
4.00,231,-5.181,-2.939,-2.433
4.00,232,-2.897,2.075,-2.451
4.00,233,-2.897,2.075,-2.451
4.00,234,2.991,2.038,-2.444
4.00,235,0.047,6.288,-2.397
4.00,236,-0.018,2.719,2.599
4.00,237,5.140,-2.999,-2.443
4.00,238,2.651,-1.600,2.597
4.00,239,-5.181,-2.939,-2.433
4.00,240,2.651,-1.600,2.597
4.00,241,5.140,-2.999,-2.443
4.00,242,-0.072,-3.244,-2.447
4.00,243,-0.018,2.719,2.599
4.00,244,-2.897,2.075,-2.451
4.00,245,-5.181,-2.939,-2.433
4.00,246,-0.018,2.719,2.599
4.00,247,2.651,-1.600,2.597
4.00,248,-5.181,-2.939,-2.433
4.00,249,-2.608,-1.600,2.603
4.00,250,0.047,6.288,-2.397
4.00,251,-0.018,2.719,2.599
4.00,252,0.047,6.288,-2.397
4.00,253,-0.072,-3.244,-2.447
4.00,254,0.047,6.288,-2.397
4.00,255,-0.018,2.719,2.599
4.00,256,2.651,-1.600,2.597
4.00,257,-0.072,-3.244,-2.447
4.00,258,2.651,-1.600,2.597
4.00,259,-0.072,-3.244,-2.447
4.00,260,2.991,2.038,-2.444
4.00,261,-0.018,2.719,2.599
4.00,262,5.140,-2.999,-2.443
4.00,263,2.651,-1.600,2.597
4.00,264,-2.608,-1.600,2.603
4.00,265,-5.181,-2.939,-2.433
4.00,266,-0.056,0.052,7.682
4.00,267,0.047,6.288,-2.397
4.00,268,2.991,2.038,-2.444
4.00,269,0.047,6.288,-2.397
4.00,270,2.991,2.038,-2.444
4.00,271,-0.018,2.719,2.599
4.00,272,-0.072,-3.244,-2.447
4.00,273,-0.072,-3.244,-2.447
4.00,274,-0.018,2.719,2.599
4.00,275,-2.608,-1.600,2.603
4.00,276,-0.072,-3.244,-2.447
4.00,277,5.140,-2.999,-2.443
4.00,278,2.651,-1.600,2.597
4.00,279,-0.018,2.719,2.599
4.00,280,-2.608,-1.600,2.603
4.00,281,-0.072,-3.244,-2.447
4.00,282,-2.608,-1.600,2.603
4.00,283,0.047,6.288,-2.397
4.00,284,-0.018,2.719,2.599
4.00,285,-2.608,-1.600,2.603
4.00,286,-2.897,2.075,-2.451
4.00,287,2.991,2.038,-2.444
4.00,288,5.140,-2.999,-2.443
4.00,289,2.991,2.038,-2.444
4.00,290,2.651,-1.600,2.597
4.00,291,2.991,2.038,-2.444
4.00,292,-0.072,-3.244,-2.447
4.00,293,-5.181,-2.939,-2.433
4.00,294,2.991,2.038,-2.444
4.00,295,2.651,-1.600,2.597
4.00,296,-2.897,2.075,-2.451
4.00,297,-0.072,-3.244,-2.447
4.00,298,2.991,2.038,-2.444
4.00,299,-0.018,2.719,2.599
4.00,300,-2.897,2.075,-2.451
4.00,301,2.651,-1.600,2.597
4.00,302,0.047,6.288,-2.397
4.00,303,-0.056,0.052,7.682
4.00,304,0.047,6.288,-2.397
4.00,305,0.047,6.288,-2.397
4.00,306,5.140,-2.999,-2.443
4.00,307,2.651,-1.600,2.597
4.00,308,-2.897,2.075,-2.451
4.00,309,-5.181,-2.939,-2.433
4.00,310,2.991,2.038,-2.444
4.00,311,5.140,-2.999,-2.443
4.00,312,2.651,-1.600,2.597
4.00,313,0.047,6.288,-2.397
4.00,314,2.991,2.038,-2.444
4.00,315,2.991,2.038,-2.444
4.00,316,5.140,-2.999,-2.443
4.00,317,2.991,2.038,-2.444
4.00,318,5.140,-2.999,-2.443
4.00,319,5.140,-2.999,-2.443
4.00,320,-2.608,-1.600,2.603
4.00,321,2.991,2.038,-2.444
4.00,322,0.047,6.288,-2.397
4.00,323,-0.072,-3.244,-2.447
4.00,324,2.991,2.038,-2.444
4.00,325,0.047,6.288,-2.397
4.00,326,-0.072,-3.244,-2.447
4.00,327,-0.060,-3.243,-2.447
4.00,328,-0.018,2.719,2.599
4.00,329,2.991,2.038,-2.444
4.00,330,2.651,-1.600,2.597
4.00,331,-5.181,-2.939,-2.433
4.00,332,-0.018,2.719,2.599
4.00,333,2.651,-1.600,2.597
4.00,334,5.140,-2.999,-2.443
4.00,335,2.991,2.038,-2.444
4.00,336,5.140,-2.999,-2.443
4.00,337,-0.072,-3.244,-2.447
4.00,338,-0.072,-3.244,-2.447
4.00,339,-5.181,-2.939,-2.433
4.00,340,-2.897,2.075,-2.451
4.00,341,-5.181,-2.939,-2.433
4.00,342,0.047,6.288,-2.397
4.00,343,0.047,6.288,-2.397
4.00,344,-0.018,2.719,2.599
4.00,345,-5.181,-2.939,-2.433
4.00,346,2.991,2.038,-2.444
4.00,347,-5.181,-2.939,-2.433
4.00,348,-5.181,-2.939,-2.433
4.00,349,-2.897,2.075,-2.451
4.00,350,-5.181,-2.939,-2.433
4.00,351,-0.056,0.052,7.682
4.00,352,-0.072,-3.244,-2.447
4.00,353,5.140,-2.999,-2.443
4.00,354,2.991,2.038,-2.444
4.00,355,2.991,2.038,-2.444
4.00,356,-2.608,-1.600,2.603
4.00,357,-2.897,2.075,-2.451
4.00,358,-2.608,-1.600,2.603
4.00,359,2.651,-1.600,2.597
4.00,360,-0.072,-3.244,-2.447
4.00,361,2.991,2.038,-2.444
4.00,362,2.991,2.038,-2.444
4.00,363,-0.056,0.052,7.682
4.00,364,-0.018,2.719,2.599
4.00,365,2.991,2.038,-2.444
4.00,366,2.651,-1.600,2.597
4.00,367,-0.072,-3.244,-2.447
4.00,368,-0.056,0.052,7.682
4.00,369,-5.181,-2.939,-2.433
4.00,370,-0.018,2.719,2.599
4.00,371,-0.056,0.052,7.682
4.00,372,5.140,-2.999,-2.443
4.00,373,-5.181,-2.939,-2.433
4.00,374,-0.072,-3.244,-2.447
4.00,375,-5.181,-2.939,-2.433
4.00,376,-2.897,2.075,-2.451
4.00,377,-0.056,0.052,7.682
4.00,378,0.047,6.288,-2.397
4.00,379,5.140,-2.999,-2.443
4.00,380,-2.608,-1.600,2.603
4.00,381,-2.608,-1.600,2.603
4.00,382,2.991,2.038,-2.444
4.00,383,-2.897,2.075,-2.451
4.00,384,-5.181,-2.939,-2.433
4.00,385,2.991,2.038,-2.444
4.00,386,2.991,2.038,-2.444
4.00,387,-5.181,-2.939,-2.433
4.00,388,0.047,6.288,-2.397
4.00,389,2.991,2.038,-2.444
4.00,390,5.140,-2.999,-2.443
4.00,391,-5.181,-2.939,-2.433
4.00,392,-0.018,2.719,2.599
4.00,393,-5.181,-2.939,-2.433
4.00,394,-0.072,-3.244,-2.447
4.00,395,-0.018,2.719,2.599
4.00,396,-5.181,-2.939,-2.433
4.00,397,0.047,6.288,-2.397
4.00,398,-0.072,-3.244,-2.447
4.00,399,0.047,6.288,-2.397
4.00,400,-0.056,0.052,7.682
4.00,401,-5.181,-2.939,-2.433
4.00,402,0.047,6.288,-2.397
4.00,403,-5.181,-2.939,-2.433
4.00,404,2.991,2.038,-2.444
4.00,405,-5.181,-2.939,-2.433
4.00,406,0.047,6.288,-2.397
4.00,407,-2.897,2.075,-2.451
4.00,408,-2.897,2.075,-2.451
4.00,409,2.991,2.038,-2.444
4.00,410,-2.608,-1.600,2.603
4.00,411,-0.018,2.719,2.599
4.00,412,2.651,-1.600,2.597
4.00,413,2.651,-1.600,2.597
4.00,414,-5.181,-2.939,-2.433
4.00,415,-2.897,2.075,-2.451
4.00,416,0.047,6.288,-2.397
4.00,417,-0.018,2.719,2.599
4.00,418,5.140,-2.999,-2.443
4.00,419,5.140,-2.999,-2.443
4.00,420,-2.897,2.075,-2.451
4.00,421,2.991,2.038,-2.444
4.00,422,0.047,6.288,-2.397
4.00,423,-0.072,-3.244,-2.447
4.00,424,-0.072,-3.244,-2.447
4.00,425,-2.897,2.075,-2.451
4.00,426,-0.056,0.052,7.682
4.00,427,-5.181,-2.939,-2.433
4.00,428,2.651,-1.600,2.597
4.00,429,-0.072,-3.244,-2.447
4.00,430,5.140,-2.999,-2.443
4.00,431,-2.608,-1.600,2.603
4.00,432,-5.181,-2.939,-2.433
4.00,433,-0.056,0.052,7.682
4.00,434,-2.897,2.075,-2.451
4.00,435,-5.181,-2.939,-2.433
4.00,436,-0.018,2.719,2.599
4.00,437,2.991,2.038,-2.444
4.00,438,-2.608,-1.600,2.603
4.00,439,-2.897,2.075,-2.451
4.00,440,-2.897,2.075,-2.451
4.00,441,-2.897,2.075,-2.451
4.00,442,-5.181,-2.939,-2.433
4.00,443,2.651,-1.600,2.597
4.00,444,-0.072,-3.244,-2.447
4.00,445,0.047,6.288,-2.397
4.00,446,2.991,2.038,-2.444
4.00,447,2.652,-1.600,2.597
4.00,448,2.991,2.038,-2.444
4.00,449,-5.181,-2.939,-2.433
4.00,450,-5.181,-2.939,-2.433
4.00,451,2.991,2.038,-2.444
4.00,452,-0.056,0.052,7.682
4.00,453,2.991,2.038,-2.444
4.00,454,2.991,2.038,-2.444
4.00,455,2.651,-1.600,2.597
4.00,456,-0.018,2.719,2.599
4.00,457,-0.072,-3.244,-2.447
4.00,458,5.140,-2.999,-2.443
4.00,459,2.651,-1.600,2.597
4.00,460,2.651,-1.600,2.597
4.00,461,-2.897,2.075,-2.451
4.00,462,0.047,6.288,-2.397
4.00,463,2.651,-1.600,2.597
4.00,464,0.047,6.288,-2.397
4.00,465,5.140,-2.999,-2.443
4.00,466,-0.056,0.052,7.682
4.00,467,-0.072,-3.244,-2.447
4.00,468,-0.018,2.719,2.599
4.00,469,-2.608,-1.600,2.603
4.00,470,0.047,6.288,-2.397
4.00,471,2.991,2.038,-2.444
4.00,472,-0.018,2.719,2.599
4.00,473,0.047,6.288,-2.397
4.00,474,-5.181,-2.939,-2.433
4.00,475,5.140,-2.999,-2.443
4.00,476,-2.608,-1.600,2.603
4.00,477,-5.181,-2.939,-2.433
4.00,478,-0.056,0.052,7.682
4.00,479,5.140,-2.999,-2.443
4.00,480,-0.018,2.719,2.599
4.00,481,2.651,-1.600,2.597
4.00,482,-2.897,2.075,-2.451
4.00,483,2.651,-1.600,2.597
4.00,484,0.046,6.305,-2.397
4.00,485,-2.897,2.075,-2.451
4.00,486,-5.181,-2.939,-2.433
4.00,487,5.140,-2.999,-2.443
4.00,488,-0.072,-3.244,-2.447
4.00,489,2.651,-1.600,2.597
4.00,490,-2.608,-1.600,2.603
4.00,491,-5.181,-2.939,-2.433
4.00,492,-0.072,-3.244,-2.447
4.00,493,2.651,-1.600,2.597
4.00,494,-2.897,2.075,-2.451
4.00,495,-2.608,-1.600,2.603
4.00,496,-5.181,-2.939,-2.433
4.00,497,-0.072,-3.244,-2.447
4.00,498,-0.018,2.719,2.599
4.00,499,-0.018,2.719,2.599
4.00,500,5.140,-2.999,-2.443
4.00,501,2.991,2.038,-2.444
4.00,502,0.047,6.288,-2.397
4.00,503,2.991,2.038,-2.444
4.00,504,0.047,6.288,-2.397
4.00,505,-0.072,-3.244,-2.447
4.00,506,5.140,-2.999,-2.443
4.00,507,2.991,2.038,-2.444
4.00,508,-0.018,2.719,2.599
4.00,509,-2.608,-1.600,2.603
4.00,510,-0.072,-3.244,-2.447
4.00,511,-0.018,2.719,2.599
4.00,512,0.047,6.288,-2.397
4.00,513,5.140,-2.999,-2.443
4.00,514,2.651,-1.600,2.597
4.00,515,5.140,-2.999,-2.443
4.00,516,0.047,6.288,-2.397
4.00,517,0.047,6.287,-2.397
4.00,518,2.651,-1.600,2.597
4.00,519,-2.608,-1.600,2.603
4.00,520,-0.056,0.052,7.682
4.00,521,-0.072,-3.244,-2.447
4.00,522,5.140,-2.999,-2.443
4.00,523,-2.608,-1.600,2.603
4.00,524,0.047,6.288,-2.397
4.00,525,-5.181,-2.939,-2.433
4.00,526,-5.181,-2.939,-2.433
4.00,527,-0.056,0.052,7.682
4.00,528,5.140,-2.999,-2.443
4.00,529,-0.018,2.719,2.599
4.00,530,-0.018,2.719,2.599
4.00,531,-2.897,2.075,-2.451
4.00,532,-0.072,-3.244,-2.447
4.00,533,-0.072,-3.244,-2.447
4.00,534,-0.056,0.052,7.682
4.00,535,0.047,6.288,-2.397
4.00,536,-2.897,2.075,-2.451
4.00,537,5.140,-2.999,-2.443
4.00,538,-2.897,2.075,-2.451
4.00,539,-0.018,2.719,2.599
4.00,540,-0.072,-3.244,-2.447
4.00,541,5.140,-2.999,-2.443
4.00,542,2.991,2.038,-2.444
4.00,543,2.651,-1.600,2.597
4.00,544,-5.181,-2.939,-2.433
4.00,545,-5.181,-2.939,-2.433
4.00,546,0.047,6.288,-2.397
4.00,547,-0.018,2.719,2.599
4.00,548,-0.072,-3.244,-2.447
4.00,549,-2.897,2.075,-2.451
4.00,550,2.991,2.038,-2.444
4.00,551,0.047,6.288,-2.397
4.00,552,-0.018,2.719,2.599
4.00,553,-5.181,-2.939,-2.433
4.00,554,-0.072,-3.244,-2.447
4.00,555,-5.181,-2.939,-2.433
4.00,556,-2.897,2.075,-2.451
4.00,557,2.991,2.038,-2.444
4.00,558,0.047,6.288,-2.397
4.00,559,2.651,-1.600,2.597
4.00,560,2.991,2.038,-2.444
4.00,561,-5.181,-2.939,-2.433
4.00,562,5.140,-2.999,-2.443
4.00,563,2.991,2.038,-2.444
4.00,564,-0.056,0.052,7.682
4.00,565,-0.072,-3.244,-2.447
4.00,566,-2.902,2.069,-2.451
4.00,567,2.651,-1.600,2.597
4.00,568,5.140,-2.999,-2.443
4.00,569,-2.897,2.075,-2.451
4.00,570,2.991,2.038,-2.444
4.00,571,-0.056,0.052,7.682
4.00,572,2.991,2.038,-2.444
4.00,573,-0.052,0.128,7.681
4.00,574,-0.072,-3.244,-2.447
4.00,575,-2.608,-1.600,2.603
4.00,576,0.047,6.288,-2.397
4.00,577,-2.608,-1.600,2.603
4.00,578,-0.056,0.052,7.682
4.00,579,2.991,2.038,-2.444
4.00,580,-0.072,-3.244,-2.447
4.00,581,-0.056,0.052,7.682
4.00,582,0.047,6.288,-2.397
4.00,583,2.651,-1.600,2.597
4.00,584,2.651,-1.600,2.597
4.00,585,-5.181,-2.939,-2.433
4.00,586,-0.072,-3.244,-2.447
4.00,587,-2.608,-1.600,2.603
4.00,588,-0.018,2.719,2.599
4.00,589,2.651,-1.600,2.597
4.00,590,-2.608,-1.600,2.603
4.00,591,2.991,2.038,-2.444
4.00,592,-2.608,-1.600,2.603
4.00,593,-0.072,-3.244,-2.447
4.00,594,0.047,6.288,-2.397
4.00,595,2.651,-1.600,2.597
4.00,596,-5.181,-2.939,-2.433
4.00,597,-2.897,2.075,-2.451
4.00,598,5.140,-2.999,-2.443
4.00,599,2.991,2.038,-2.444
4.00,600,0.047,6.288,-2.397
4.00,601,5.140,-2.999,-2.443
4.00,602,-2.897,2.075,-2.451
4.00,603,-2.897,2.075,-2.451
4.00,604,-0.056,0.052,7.682
4.00,605,5.140,-2.999,-2.443
4.00,606,5.140,-2.998,-2.444
4.00,607,-0.018,2.719,2.599
4.00,608,-0.056,0.052,7.682
4.00,609,-0.072,-3.244,-2.447
4.00,610,-2.608,-1.600,2.603
4.00,611,-2.897,2.075,-2.451
4.00,612,-0.056,0.052,7.682
4.00,613,2.651,-1.600,2.597
4.00,614,-5.181,-2.939,-2.433
4.00,615,-0.018,2.719,2.599
4.00,616,-2.608,-1.600,2.603
4.00,617,0.047,6.288,-2.397
4.00,618,-0.018,2.719,2.599
4.00,619,-0.056,0.052,7.682
4.00,620,-2.897,2.075,-2.451
4.00,621,-2.608,-1.600,2.603
4.00,622,-0.018,2.719,2.599
4.00,623,0.047,6.288,-2.397
4.00,624,2.651,-1.600,2.597
4.00,625,2.991,2.038,-2.444
4.00,626,0.047,6.288,-2.397
4.00,627,5.140,-2.999,-2.443
4.00,628,-0.018,2.719,2.599
4.00,629,5.140,-2.999,-2.443
4.00,630,-0.072,-3.244,-2.447
4.00,631,-2.608,-1.600,2.603
4.00,632,0.047,6.288,-2.397
4.00,633,2.991,2.038,-2.444
4.00,634,-2.608,-1.600,2.603
4.00,635,2.991,2.038,-2.444
4.00,636,-0.018,2.719,2.599
4.00,637,-0.018,2.719,2.599
4.00,638,2.991,2.038,-2.444
4.00,639,-2.897,2.075,-2.451
4.00,640,-2.897,2.075,-2.451
4.00,641,-2.608,-1.600,2.603
4.00,642,-2.608,-1.600,2.603
4.00,643,-2.608,-1.600,2.603
4.00,644,-5.181,-2.939,-2.433
4.00,645,2.651,-1.600,2.597
4.00,646,-0.056,0.052,7.682
4.00,647,-0.056,0.052,7.682
4.00,648,0.047,6.288,-2.397
4.00,649,2.651,-1.600,2.597
4.00,650,-0.018,2.719,2.599
4.00,651,2.651,-1.600,2.597
4.00,652,-0.072,-3.244,-2.447
4.00,653,-0.072,-3.244,-2.447
4.00,654,-5.181,-2.939,-2.433
4.00,655,5.140,-2.999,-2.443
4.00,656,-0.018,2.719,2.599
4.00,657,-0.072,-3.244,-2.447
4.00,658,-0.072,-3.244,-2.447
4.00,659,-0.018,2.719,2.599
4.00,660,-0.072,-3.244,-2.447
4.00,661,0.047,6.288,-2.397
4.00,662,0.047,6.288,-2.397
4.00,663,0.047,6.288,-2.397
4.00,664,-0.018,2.719,2.599
4.00,665,-0.018,2.719,2.599
4.00,666,-0.072,-3.244,-2.447
4.00,667,-0.056,0.052,7.682
4.00,668,-0.018,2.719,2.599
4.00,669,-2.897,2.075,-2.451
4.00,670,-2.608,-1.600,2.603
4.00,671,2.991,2.038,-2.444
4.00,672,5.140,-2.999,-2.443
4.00,673,2.651,-1.600,2.597
4.00,674,5.140,-2.999,-2.443
4.00,675,-0.072,-3.244,-2.447
4.00,676,5.140,-2.999,-2.443
4.00,677,5.140,-2.999,-2.443
4.00,678,-0.072,-3.244,-2.447
4.00,679,-0.018,2.719,2.599
4.00,680,5.140,-2.999,-2.443
4.00,681,-0.018,2.719,2.599
4.00,682,0.047,6.288,-2.397
4.00,683,2.991,2.038,-2.444
4.00,684,5.140,-2.999,-2.443
4.00,685,-0.072,-3.244,-2.447
4.00,686,-0.018,2.719,2.599
4.00,687,2.991,2.038,-2.444
4.00,688,-0.072,-3.244,-2.447
4.00,689,-0.018,2.719,2.599
4.00,690,-0.072,-3.244,-2.447
4.00,691,5.140,-2.999,-2.443
4.00,692,-5.181,-2.939,-2.433
4.00,693,-2.897,2.075,-2.451
4.00,694,-2.897,2.075,-2.451
4.00,695,-2.897,2.075,-2.451
4.00,696,2.651,-1.600,2.597
4.00,697,-5.181,-2.939,-2.433
4.00,698,-2.608,-1.600,2.603
4.00,699,0.047,6.288,-2.397
4.00,700,-2.608,-1.600,2.603
4.00,701,-2.897,2.075,-2.451
4.00,702,-2.608,-1.600,2.603
4.00,703,-2.608,-1.600,2.603
4.00,704,0.047,6.288,-2.397
4.00,705,-5.181,-2.939,-2.433
4.00,706,2.651,-1.600,2.597
4.00,707,-0.018,2.719,2.599
4.00,708,5.140,-2.999,-2.443
4.00,709,-0.072,-3.244,-2.447
4.00,710,2.651,-1.600,2.597
4.00,711,-0.018,2.719,2.599
4.00,712,-5.181,-2.939,-2.433
4.00,713,5.140,-2.999,-2.443
4.00,714,5.140,-2.999,-2.443
4.00,715,-2.608,-1.600,2.603
4.00,716,2.651,-1.600,2.597
4.00,717,-0.072,-3.244,-2.447
4.00,718,-5.181,-2.939,-2.433
4.00,719,-0.018,2.719,2.599
4.00,720,0.047,6.288,-2.397
4.00,721,2.991,2.038,-2.444
4.00,722,-0.072,-3.244,-2.447
4.00,723,-0.056,0.052,7.682
4.00,724,-0.018,2.719,2.599
4.00,725,0.047,6.288,-2.397
4.00,726,2.991,2.038,-2.444
4.00,727,-2.608,-1.600,2.603
4.00,728,2.991,2.038,-2.444
4.00,729,5.140,-2.999,-2.443
4.00,730,2.651,-1.600,2.597
4.00,731,-5.181,-2.939,-2.433
4.00,732,-0.018,2.719,2.599
4.00,733,2.651,-1.600,2.597
4.00,734,0.047,6.288,-2.397
4.00,735,5.140,-2.999,-2.443
4.00,736,-5.181,-2.939,-2.433
4.00,737,2.991,2.038,-2.444
4.00,738,-2.897,2.075,-2.451
4.00,739,-0.072,-3.244,-2.447
4.00,740,-5.181,-2.939,-2.433
4.00,741,0.047,6.288,-2.397
4.00,742,-0.018,2.719,2.599
4.00,743,2.990,2.039,-2.444
4.00,744,0.047,6.288,-2.397
4.00,745,-0.018,2.719,2.599
4.00,746,2.651,-1.600,2.597
4.00,747,-0.056,0.052,7.682
4.00,748,-2.608,-1.600,2.603
4.00,749,-0.018,2.719,2.599
4.00,750,-2.897,2.075,-2.451
4.00,751,0.047,6.288,-2.397
4.00,752,5.140,-2.999,-2.443
4.00,753,5.140,-2.999,-2.443
4.00,754,-2.897,2.075,-2.451
4.00,755,5.140,-2.999,-2.443
4.00,756,-0.072,-3.244,-2.447
4.00,757,2.991,2.038,-2.444
4.00,758,-0.018,2.719,2.599
4.00,759,-2.897,2.075,-2.451
4.00,760,-2.608,-1.600,2.603
4.00,761,-2.608,-1.600,2.603
4.00,762,5.140,-2.999,-2.443
4.00,763,0.047,6.288,-2.397
4.00,764,-2.897,2.075,-2.451
4.00,765,-2.897,2.075,-2.451
4.00,766,2.651,-1.600,2.597
4.00,767,5.140,-2.999,-2.443
4.00,768,-5.181,-2.939,-2.433
4.00,769,0.047,6.288,-2.397
4.00,770,0.047,6.288,-2.397
4.00,771,-0.072,-3.244,-2.447
4.00,772,-0.072,-3.244,-2.447
4.00,773,-2.897,2.075,-2.451
4.00,774,-5.181,-2.939,-2.433
4.00,775,2.991,2.038,-2.444
4.00,776,-2.897,2.075,-2.451
4.00,777,-0.018,2.719,2.599
4.00,778,-5.181,-2.939,-2.433
4.00,779,-0.018,2.719,2.599
4.00,780,2.991,2.038,-2.444
4.00,781,-2.897,2.075,-2.451
4.00,782,5.140,-2.999,-2.443
4.00,783,-5.181,-2.939,-2.433
4.00,784,2.991,2.038,-2.444
4.00,785,-0.018,2.719,2.599
4.00,786,2.651,-1.600,2.597
4.00,787,-2.897,2.075,-2.451
4.00,788,5.140,-2.999,-2.443
4.00,789,-2.897,2.075,-2.451
4.00,790,-5.181,-2.939,-2.433
4.00,791,5.140,-2.999,-2.443
4.00,792,0.047,6.288,-2.397
4.00,793,-5.181,-2.939,-2.433
4.00,794,2.651,-1.600,2.597
4.00,795,5.140,-2.999,-2.443
4.00,796,0.047,6.288,-2.397
4.00,797,-0.056,0.052,7.682
4.00,798,5.140,-2.999,-2.443
4.00,799,2.651,-1.600,2.597
4.00,800,-0.072,-3.244,-2.447
4.00,801,2.991,2.038,-2.444
4.00,802,-0.018,2.719,2.599
4.00,803,-0.072,-3.244,-2.447
4.00,804,2.991,2.038,-2.444
4.00,805,5.140,-2.999,-2.443
4.00,806,2.651,-1.600,2.597
4.00,807,-2.608,-1.600,2.603
4.00,808,-2.897,2.075,-2.451
4.00,809,-2.897,2.075,-2.451
4.00,810,-0.072,-3.244,-2.447
4.00,811,-0.072,-3.244,-2.447
4.00,812,2.991,2.038,-2.444
4.00,813,-2.608,-1.600,2.603
4.00,814,-2.419,2.606,-2.480
4.00,815,-0.018,2.719,2.599
4.00,816,-2.897,2.075,-2.451
4.00,817,-0.072,-3.244,-2.447
4.00,818,-0.018,2.719,2.599
4.00,819,-0.018,2.719,2.599
4.00,820,-0.072,-3.244,-2.447
4.00,821,-0.056,0.052,7.682
4.00,822,-5.181,-2.939,-2.433
4.00,823,-0.018,2.719,2.599
4.00,824,-0.072,-3.244,-2.447
4.00,825,0.047,6.288,-2.397
4.00,826,-0.018,2.719,2.599
4.00,827,-2.608,-1.600,2.603
4.00,828,0.047,6.288,-2.397
4.00,829,5.140,-2.999,-2.443
4.00,830,-5.181,-2.939,-2.433
4.00,831,0.047,6.288,-2.397
4.00,832,-5.181,-2.939,-2.433
4.00,833,-2.897,2.075,-2.451
4.00,834,-2.897,2.075,-2.451
4.00,835,5.140,-2.999,-2.443
4.00,836,-2.608,-1.600,2.603
4.00,837,2.651,-1.600,2.597
4.00,838,2.991,2.038,-2.444
4.00,839,2.651,-1.600,2.597
4.00,840,-0.018,2.719,2.599
4.00,841,0.047,6.288,-2.397
4.00,842,2.991,2.038,-2.444
4.00,843,-2.897,2.075,-2.451
4.00,844,-0.018,2.719,2.599
4.00,845,2.991,2.038,-2.444
4.00,846,-5.181,-2.939,-2.433
4.00,847,5.140,-2.999,-2.443
4.00,848,-0.072,-3.244,-2.447
4.00,849,0.047,6.287,-2.397
4.00,850,2.991,2.038,-2.444
4.00,851,-5.181,-2.939,-2.433
4.00,852,0.047,6.288,-2.397
4.00,853,5.140,-2.999,-2.443
4.00,854,-2.897,2.075,-2.451
4.00,855,5.140,-2.999,-2.443
4.00,856,-2.897,2.075,-2.451
4.00,857,-0.072,-3.244,-2.447
4.00,858,-0.018,2.719,2.599
4.00,859,-2.897,2.075,-2.451
4.00,860,-2.897,2.075,-2.451
4.00,861,-5.181,-2.939,-2.433
4.00,862,-2.897,2.075,-2.451
4.00,863,0.047,6.290,-2.397
4.00,864,-2.897,2.075,-2.451
4.00,865,-0.018,2.719,2.599
4.00,866,-2.897,2.075,-2.451
4.00,867,2.651,-1.600,2.597
4.00,868,5.140,-2.999,-2.443
4.00,869,-2.897,2.075,-2.451
4.00,870,-5.181,-2.939,-2.433
4.00,871,-0.056,0.052,7.682
4.00,872,-0.056,0.052,7.682
4.00,873,-2.897,2.075,-2.451
4.00,874,2.991,2.038,-2.444
4.00,875,-0.072,-3.244,-2.447
4.00,876,-2.897,2.075,-2.451
4.00,877,-0.018,2.719,2.599
4.00,878,2.651,-1.600,2.597
4.00,879,4.981,-8.170,2.049
4.00,880,-2.897,2.075,-2.451
4.00,881,0.047,6.288,-2.397
4.00,882,-0.056,0.052,7.682
4.00,883,2.651,-1.600,2.597
4.00,884,-0.018,2.719,2.599
4.00,885,-5.181,-2.939,-2.433
4.00,886,5.140,-2.999,-2.443
4.00,887,-0.072,-3.244,-2.447
4.00,888,-5.181,-2.939,-2.433
4.00,889,0.047,6.288,-2.397
4.00,890,-0.056,0.052,7.682
4.00,891,-0.018,2.719,2.599
4.00,892,-2.608,-1.600,2.603
4.00,893,-0.056,0.052,7.682
4.00,894,-2.608,-1.600,2.603
4.00,895,2.991,2.038,-2.444
4.00,896,2.991,2.038,-2.444
4.00,897,-0.056,0.052,7.682
4.00,898,-2.897,2.075,-2.451
4.00,899,0.047,6.288,-2.397
4.00,900,-0.018,2.719,2.599
4.00,901,2.651,-1.600,2.597
4.00,902,-0.018,2.719,2.599
4.00,903,0.047,6.288,-2.397
4.00,904,-0.072,-3.244,-2.447
4.00,905,5.140,-2.999,-2.443
4.00,906,-5.181,-2.939,-2.433
4.00,907,-0.072,-3.244,-2.447
4.00,908,5.140,-2.999,-2.443
4.00,909,-2.897,2.075,-2.451
4.00,910,-0.072,-3.244,-2.447
4.00,911,5.140,-2.999,-2.443
4.00,912,-0.018,2.719,2.599
4.00,913,2.651,-1.600,2.597
4.00,914,-0.018,2.719,2.599
4.00,915,5.140,-2.999,-2.443
4.00,916,5.140,-2.999,-2.443
4.00,917,-0.072,-3.244,-2.447
4.00,918,-2.608,-1.600,2.603
4.00,919,-0.072,-3.244,-2.447
4.00,920,5.140,-2.999,-2.443
4.00,921,2.651,-1.600,2.597
4.00,922,2.991,2.038,-2.444
4.00,923,-2.897,2.075,-2.451
4.00,924,2.651,-1.600,2.597
4.00,925,2.651,-1.600,2.597
4.00,926,-0.018,2.719,2.599
4.00,927,-2.608,-1.600,2.603
4.00,928,-5.181,-2.939,-2.433
4.00,929,-2.608,-1.600,2.603
4.00,930,5.140,-2.999,-2.443
4.00,931,-2.897,2.075,-2.451
4.00,932,-0.072,-3.244,-2.447
4.00,933,5.140,-2.999,-2.443
4.00,934,-0.072,-3.244,-2.447
4.00,935,0.047,6.288,-2.397
4.00,936,2.651,-1.600,2.597
4.00,937,-2.897,2.075,-2.451
4.00,938,-0.018,2.719,2.599
4.00,939,5.140,-2.999,-2.443
4.00,940,-5.181,-2.939,-2.433
4.00,941,-5.181,-2.939,-2.433
4.00,942,0.047,6.288,-2.397
4.00,943,5.140,-2.999,-2.443
4.00,944,-0.072,-3.244,-2.447
4.00,945,-5.181,-2.939,-2.433
4.00,946,2.991,2.038,-2.444
4.00,947,-5.181,-2.939,-2.433
4.00,948,-0.072,-3.244,-2.447
4.00,949,-2.897,2.075,-2.451
4.00,950,-0.072,-3.244,-2.447
4.00,951,5.140,-2.999,-2.443
4.00,952,-0.072,-3.244,-2.447
4.00,953,-0.018,2.719,2.599
4.00,954,-5.181,-2.939,-2.433
4.00,955,-5.181,-2.939,-2.433
4.00,956,-2.608,-1.600,2.603
4.00,957,2.991,2.038,-2.444
4.00,958,-5.181,-2.939,-2.433
4.00,959,9.959,7.465,7.856
4.00,960,-2.608,-1.600,2.603
4.00,961,-0.072,-3.244,-2.447
4.00,962,0.047,6.288,-2.397
4.00,963,-5.181,-2.939,-2.433
4.00,964,-0.018,2.719,2.599
4.00,965,-5.181,-2.939,-2.433
4.00,966,-0.056,0.052,7.682
4.00,967,-0.018,2.714,2.599
4.00,968,-5.181,-2.939,-2.433
4.00,969,5.140,-2.999,-2.443
4.00,970,5.140,-2.999,-2.443
4.00,971,-0.018,2.719,2.599
4.00,972,0.047,6.288,-2.397
4.00,973,-5.181,-2.939,-2.433
4.00,974,0.047,6.288,-2.397
4.00,975,2.651,-1.600,2.597
4.00,976,-0.056,0.052,7.682
4.00,977,0.047,6.288,-2.397
4.00,978,-0.072,-3.244,-2.447
4.00,979,-0.072,-3.244,-2.447
4.00,980,-5.181,-2.939,-2.433
4.00,981,-0.018,2.719,2.599
4.00,982,2.651,-1.600,2.597
4.00,983,5.140,-2.999,-2.443
4.00,984,-2.897,2.075,-2.451
4.00,985,0.047,6.288,-2.397
4.00,986,0.047,6.288,-2.397
4.00,987,-0.018,2.719,2.599
4.00,988,-0.073,-3.244,-2.447
4.00,989,-2.608,-1.600,2.603
4.00,990,2.651,-1.600,2.597
4.00,991,-2.897,2.075,-2.451
4.00,992,-5.181,-2.939,-2.433
4.00,993,0.047,6.288,-2.397
4.00,994,2.991,2.038,-2.444
4.00,995,2.991,2.038,-2.444
4.00,996,-5.181,-2.939,-2.433
4.00,997,-2.608,-1.600,2.603
4.00,998,-5.181,-2.939,-2.433
4.00,999,2.991,2.038,-2.444
4.00,1000,-0.018,2.719,2.599
4.00,1001,-0.072,-3.244,-2.447
4.00,1002,-2.608,-1.600,2.603
4.00,1003,2.651,-1.600,2.597
4.00,1004,5.140,-2.999,-2.443
4.00,1005,-5.181,-2.939,-2.433
4.00,1006,2.293,0.858,2.938
4.00,1007,-5.181,-2.939,-2.433
4.00,1008,-2.608,-1.600,2.603
4.00,1009,-2.608,-1.600,2.603
4.00,1010,2.991,2.038,-2.444
4.00,1011,2.991,2.038,-2.444
4.00,1012,-5.181,-2.939,-2.433
4.00,1013,2.992,2.038,-2.444
4.00,1014,-5.181,-2.939,-2.433
4.00,1015,-0.072,-3.244,-2.447
4.00,1016,2.651,-1.600,2.597
4.00,1017,-2.897,2.075,-2.451
4.00,1018,2.991,2.038,-2.444
4.00,1019,2.651,-1.600,2.597
4.00,1020,5.140,-2.999,-2.443
4.00,1021,2.991,2.038,-2.444
4.00,1022,0.047,6.287,-2.397
4.00,1023,-0.072,-3.244,-2.447
4.00,1024,2.651,-1.600,2.597
4.00,1025,5.140,-2.999,-2.443
4.00,1026,-0.072,-3.244,-2.447
4.00,1027,2.991,2.038,-2.444
4.00,1028,-5.181,-2.939,-2.433
4.00,1029,-5.181,-2.939,-2.433
4.00,1030,-0.072,-3.244,-2.447
4.00,1031,-0.056,0.052,7.682
4.00,1032,-0.072,-3.244,-2.447
4.00,1033,5.140,-2.999,-2.443
4.00,1034,-0.018,2.719,2.599
4.00,1035,-5.181,-2.939,-2.433
4.00,1036,-0.056,0.052,7.682
4.00,1037,-0.018,2.719,2.599
4.00,1038,2.991,2.038,-2.444
4.00,1039,-0.072,-3.244,-2.447
4.00,1040,-5.181,-2.939,-2.433
4.00,1041,-5.181,-2.939,-2.433
4.00,1042,-0.072,-3.244,-2.447
4.00,1043,5.140,-2.999,-2.443
4.00,1044,-0.072,-3.244,-2.447
4.00,1045,-0.018,2.719,2.599
4.00,1046,-2.897,2.075,-2.451
4.00,1047,0.047,6.288,-2.397
4.00,1048,-0.018,2.719,2.599
4.00,1049,2.651,-1.600,2.597
4.00,1050,2.651,-1.600,2.597
4.00,1051,-5.181,-2.939,-2.433
4.00,1052,-0.018,2.719,2.599
4.00,1053,2.651,-1.600,2.597
4.00,1054,5.140,-2.999,-2.443
4.00,1055,2.991,2.038,-2.444
4.00,1056,2.651,-1.600,2.597
4.00,1057,0.047,6.288,-2.397
4.00,1058,-2.897,2.075,-2.451
4.00,1059,-2.897,2.075,-2.451
4.00,1060,-2.897,2.075,-2.451
4.00,1061,5.140,-2.999,-2.443
4.00,1062,2.991,2.038,-2.444
4.00,1063,5.140,-2.999,-2.443
4.00,1064,-0.018,2.719,2.599
4.00,1065,2.651,-1.600,2.597
4.00,1066,-5.181,-2.939,-2.433
4.00,1067,-5.181,-2.939,-2.433
4.00,1068,-0.072,-3.244,-2.447
4.00,1069,5.140,-2.999,-2.443
4.00,1070,5.140,-2.999,-2.443
4.00,1071,0.047,6.288,-2.397
4.00,1072,-5.181,-2.939,-2.433
4.00,1073,-2.608,-1.600,2.603
4.00,1074,-2.608,-1.600,2.603
4.00,1075,-0.018,2.719,2.599
4.00,1076,2.991,2.038,-2.444
4.00,1077,0.047,6.288,-2.397
4.00,1078,2.991,2.038,-2.444
4.00,1079,0.047,6.288,-2.397
4.00,1080,0.047,6.288,-2.397
4.00,1081,-0.072,-3.244,-2.447
4.00,1082,-5.181,-2.939,-2.433
4.00,1083,-0.072,-3.244,-2.447
4.00,1084,0.047,6.288,-2.397
4.00,1085,-0.072,-3.244,-2.447
4.00,1086,-2.897,2.075,-2.451
4.00,1087,-0.018,2.719,2.599
4.00,1088,-5.181,-2.939,-2.433
4.00,1089,0.047,6.288,-2.397
4.00,1090,-2.608,-1.600,2.603
4.00,1091,-5.181,-2.939,-2.433
4.00,1092,-5.181,-2.939,-2.433
4.00,1093,-5.181,-2.939,-2.433
4.00,1094,2.651,-1.600,2.597
4.00,1095,2.991,2.038,-2.444
4.00,1096,5.140,-2.999,-2.443
4.00,1097,-2.897,2.075,-2.451
4.00,1098,-2.608,-1.600,2.603
4.00,1099,5.140,-2.999,-2.443
4.00,1100,-0.072,-3.244,-2.447
4.00,1101,0.047,6.288,-2.397
4.00,1102,-5.181,-2.939,-2.433
4.00,1103,-2.608,-1.600,2.603
4.00,1104,2.991,2.038,-2.444
4.00,1105,-0.018,2.719,2.599
4.00,1106,-2.897,2.075,-2.451
4.00,1107,0.047,6.288,-2.397
4.00,1108,-2.608,-1.600,2.603
4.00,1109,5.140,-2.999,-2.443
4.00,1110,-2.608,-1.600,2.603
4.00,1111,0.047,6.288,-2.397
4.00,1112,-2.608,-1.600,2.603
4.00,1113,-2.897,2.075,-2.451
4.00,1114,-2.608,-1.600,2.603
4.00,1115,-0.072,-3.244,-2.447
4.00,1116,-0.056,0.052,7.682
4.00,1117,-2.897,2.075,-2.451
4.00,1118,2.991,2.038,-2.444
4.00,1119,0.047,6.288,-2.397
4.00,1120,-0.056,0.052,7.682
4.00,1121,5.140,-2.999,-2.443
4.00,1122,-5.181,-2.939,-2.433
4.00,1123,-2.897,2.075,-2.451
4.00,1124,0.047,6.288,-2.397
4.00,1125,0.047,6.286,-2.397
4.00,1126,0.047,6.288,-2.397
4.00,1127,-0.072,-3.244,-2.447
4.00,1128,-2.897,2.075,-2.451
4.00,1129,0.050,6.244,-2.398
4.00,1130,-2.897,2.075,-2.451
4.00,1131,2.991,2.038,-2.444
4.00,1132,0.047,6.288,-2.397
4.00,1133,-0.018,2.719,2.599
4.00,1134,-5.181,-2.939,-2.433
4.00,1135,-0.056,0.052,7.682
4.00,1136,2.991,2.038,-2.444
4.00,1137,2.991,2.038,-2.444
4.00,1138,2.651,-1.600,2.597
4.00,1139,5.140,-2.999,-2.443
4.00,1140,5.140,-2.999,-2.443
4.00,1141,-2.608,-1.600,2.603
4.00,1142,0.047,6.288,-2.397
4.00,1143,2.651,-1.600,2.597
4.00,1144,0.047,6.288,-2.397
4.00,1145,-2.608,-1.600,2.603
4.00,1146,-5.181,-2.939,-2.433
4.00,1147,0.047,6.289,-2.397
4.00,1148,-2.608,-1.600,2.603
4.00,1149,-2.608,-1.600,2.603
4.00,1150,2.651,-1.600,2.597
4.00,1151,0.047,6.288,-2.397
4.00,1152,5.140,-2.999,-2.443
4.00,1153,2.651,-1.600,2.597
4.00,1154,2.651,-1.600,2.597
4.00,1155,0.047,6.288,-2.397
4.00,1156,0.047,6.288,-2.397
4.00,1157,0.047,6.288,-2.397
4.00,1158,-2.897,2.075,-2.451
4.00,1159,5.140,-2.999,-2.443
4.00,1160,-2.608,-1.600,2.603
4.00,1161,-5.181,-2.939,-2.433
4.00,1162,-2.897,2.075,-2.451
4.00,1163,-0.072,-3.244,-2.447
4.00,1164,5.140,-2.999,-2.443
4.00,1165,-0.072,-3.244,-2.447
4.00,1166,-0.072,-3.244,-2.447
4.00,1167,5.319,-3.231,-2.442
4.00,1168,-0.018,2.719,2.599
4.00,1169,5.140,-2.999,-2.443
4.00,1170,-2.608,-1.600,2.603
4.00,1171,-2.897,2.075,-2.451
4.00,1172,-5.181,-2.939,-2.433
4.00,1173,-2.897,2.075,-2.451
4.00,1174,-2.897,2.075,-2.451
4.00,1175,5.140,-2.999,-2.443
4.00,1176,0.047,6.288,-2.397
4.00,1177,5.140,-2.999,-2.443
4.00,1178,0.047,6.288,-2.397
4.00,1179,-2.897,2.075,-2.451
4.00,1180,-2.897,2.075,-2.451
4.00,1181,0.047,6.288,-2.397
4.00,1182,2.991,2.038,-2.444
4.00,1183,-2.897,2.075,-2.451
4.00,1184,-5.181,-2.939,-2.433
4.00,1185,-0.072,-3.244,-2.447
4.00,1186,0.047,6.288,-2.397
4.00,1187,2.991,2.038,-2.444
4.00,1188,2.651,-1.600,2.597
4.00,1189,-5.181,-2.939,-2.433
4.00,1190,-0.018,2.719,2.599
4.00,1191,-5.181,-2.939,-2.433
4.00,1192,-0.072,-3.244,-2.447
4.00,1193,-0.072,-3.244,-2.447
4.00,1194,-2.897,2.075,-2.451
4.00,1195,-0.072,-3.244,-2.447
4.00,1196,-2.608,-1.600,2.603
4.00,1197,2.651,-1.600,2.597
4.00,1198,2.991,2.038,-2.444
4.00,1199,-0.018,2.719,2.599
4.00,1200,5.140,-2.999,-2.443
4.00,1201,2.991,2.038,-2.444
4.00,1202,-2.608,-1.600,2.603
4.00,1203,-5.181,-2.939,-2.433
4.00,1204,2.991,2.038,-2.444
4.00,1205,-5.181,-2.939,-2.433
4.00,1206,-0.018,2.719,2.599
4.00,1207,-5.181,-2.939,-2.433
4.00,1208,2.651,-1.600,2.597
4.00,1209,5.140,-2.999,-2.443
4.00,1210,2.991,2.038,-2.444
4.00,1211,0.047,6.288,-2.397
4.00,1212,2.991,2.038,-2.444
4.00,1213,2.651,-1.600,2.597
4.00,1214,-5.181,-2.939,-2.433
4.00,1215,-0.072,-3.244,-2.447
4.00,1216,0.047,6.288,-2.397
4.00,1217,2.991,2.038,-2.444
4.00,1218,-0.018,2.719,2.599
4.00,1219,-0.072,-3.244,-2.447
4.00,1220,-5.181,-2.939,-2.433
4.00,1221,0.047,6.288,-2.397
4.00,1222,-0.611,7.110,-2.459
4.00,1223,-5.181,-2.939,-2.433
4.00,1224,2.651,-1.600,2.597
4.00,1225,-2.608,-1.600,2.603
4.00,1226,-0.072,-3.244,-2.447
4.00,1227,-5.181,-2.939,-2.433
4.00,1228,5.140,-2.999,-2.443
4.00,1229,-2.897,2.075,-2.451
4.00,1230,-2.897,2.075,-2.451
4.00,1231,2.651,-1.600,2.597
4.00,1232,5.140,-2.999,-2.443
4.00,1233,2.991,2.038,-2.444
4.00,1234,0.047,6.288,-2.397
4.00,1235,5.140,-2.999,-2.443
4.00,1236,2.991,2.038,-2.444
4.00,1237,5.140,-2.999,-2.443
4.00,1238,-0.018,2.719,2.599
4.00,1239,0.047,6.288,-2.397
4.00,1240,-0.072,-3.244,-2.447
4.00,1241,-5.181,-2.939,-2.433
4.00,1242,-2.897,2.075,-2.451
4.00,1243,-0.018,2.719,2.599
4.00,1244,2.991,2.038,-2.444
4.00,1245,2.651,-1.600,2.597
4.00,1246,-2.897,2.075,-2.451
4.00,1247,-0.072,-3.244,-2.447
4.00,1248,-2.897,2.075,-2.451
4.00,1249,0.047,6.288,-2.397
4.00,1250,2.991,2.038,-2.444
4.00,1251,2.651,-1.600,2.597
4.00,1252,-0.018,2.719,2.599
4.00,1253,-0.072,-3.244,-2.447
4.00,1254,0.047,6.288,-2.397
4.00,1255,2.991,2.038,-2.444
4.00,1256,2.651,-1.600,2.597
4.00,1257,0.047,6.288,-2.397
4.00,1258,-0.018,2.719,2.599
4.00,1259,0.047,6.288,-2.397
4.00,1260,2.991,2.038,-2.444
4.00,1261,2.651,-1.600,2.597
4.00,1262,-2.897,2.075,-2.451
4.00,1263,-2.608,-1.600,2.603
4.00,1264,2.651,-1.600,2.597
4.00,1265,0.047,6.288,-2.397
4.00,1266,5.140,-2.999,-2.443
4.00,1267,2.651,-1.600,2.597
4.00,1268,-5.181,-2.939,-2.433
4.00,1269,-0.018,2.719,2.599
4.00,1270,5.140,-2.999,-2.443
4.00,1271,0.047,6.288,-2.397
4.00,1272,-0.018,2.719,2.599
4.00,1273,-2.897,2.075,-2.451
4.00,1274,-0.072,-3.244,-2.447
4.00,1275,2.651,-1.600,2.597
4.00,1276,0.047,6.288,-2.397
4.00,1277,2.651,-1.600,2.597
4.00,1278,0.047,6.288,-2.397
4.00,1279,-0.056,0.052,7.682
4.00,1280,-2.608,-1.600,2.603
4.00,1281,0.047,6.288,-2.397
4.00,1282,-0.072,-3.244,-2.447
4.00,1283,5.140,-2.999,-2.443
4.00,1284,2.991,2.038,-2.444
4.00,1285,5.140,-2.999,-2.443
4.00,1286,2.991,2.038,-2.444
4.00,1287,0.047,6.288,-2.397
4.00,1288,2.991,2.038,-2.444
4.00,1289,-2.608,-1.600,2.603
4.00,1290,2.651,-1.600,2.597
4.00,1291,0.047,6.288,-2.397
4.00,1292,-0.018,2.719,2.599
4.00,1293,2.991,2.038,-2.444
4.00,1294,-2.897,2.075,-2.451
4.00,1295,-0.056,0.052,7.682
4.00,1296,2.651,-1.600,2.597
4.00,1297,5.140,-2.999,-2.443
4.00,1298,2.991,2.038,-2.444
4.00,1299,-2.897,2.075,-2.451
4.00,1300,2.651,-1.600,2.597
4.00,1301,-0.018,2.719,2.599
4.00,1302,0.047,6.288,-2.397
4.00,1303,-2.608,-1.600,2.603
4.00,1304,2.991,2.038,-2.444
4.00,1305,2.991,2.038,-2.444
4.00,1306,-5.181,-2.939,-2.433
4.00,1307,-5.181,-2.939,-2.433
4.00,1308,-2.608,-1.600,2.603
4.00,1309,2.991,2.038,-2.444
4.00,1310,0.047,6.288,-2.397
4.00,1311,-0.056,0.052,7.682
4.00,1312,-2.608,-1.600,2.603
4.00,1313,2.651,-1.600,2.597
4.00,1314,-0.072,-3.244,-2.447
4.00,1315,2.651,-1.600,2.597
4.00,1316,5.140,-2.999,-2.443
4.00,1317,2.651,-1.600,2.597
4.00,1318,5.140,-2.999,-2.443
4.00,1319,-0.072,-3.244,-2.447
4.00,1320,-0.056,0.052,7.682
4.00,1321,2.991,2.038,-2.444
4.00,1322,0.047,6.288,-2.397
4.00,1323,7.028,6.662,-9.164
4.00,1324,-5.181,-2.939,-2.433
4.00,1325,3.029,-1.786,2.611
4.00,1326,-5.181,-2.939,-2.433
4.00,1327,0.047,6.288,-2.397
4.00,1328,-0.056,0.052,7.682
4.00,1329,2.991,2.038,-2.444
4.00,1330,5.140,-2.999,-2.443
4.00,1331,-2.897,2.075,-2.451
4.00,1332,-2.897,2.075,-2.451
4.00,1333,-5.181,-2.939,-2.433
4.00,1334,5.140,-2.999,-2.443
4.00,1335,2.991,2.038,-2.444
4.00,1336,-2.608,-1.600,2.603
4.00,1337,2.651,-1.600,2.597
4.00,1338,2.991,2.038,-2.444
4.00,1339,2.651,-1.600,2.597
4.00,1340,-2.608,-1.600,2.603
4.00,1341,5.140,-2.999,-2.443
4.00,1342,-0.072,-3.244,-2.447
4.00,1343,0.047,6.288,-2.397
4.00,1344,-2.897,2.075,-2.451
4.00,1345,-0.018,2.719,2.599
4.00,1346,2.991,2.038,-2.444
4.00,1347,2.991,2.038,-2.444
4.00,1348,-0.072,-3.244,-2.447
4.00,1349,-0.056,0.052,7.682
4.00,1350,-5.181,-2.939,-2.433
4.00,1351,2.991,2.038,-2.444
4.00,1352,-2.608,-1.600,2.603
4.00,1353,0.047,6.288,-2.397
4.00,1354,-2.897,2.075,-2.451
4.00,1355,-0.018,2.719,2.599
4.00,1356,-2.608,-1.600,2.603
4.00,1357,-0.018,2.719,2.599
4.00,1358,0.047,6.288,-2.397
4.00,1359,-0.072,-3.244,-2.447
4.00,1360,2.651,-1.600,2.597
4.00,1361,-5.181,-2.939,-2.433
4.00,1362,-0.018,2.719,2.599
4.00,1363,2.991,2.038,-2.444
4.00,1364,-5.181,-2.939,-2.433
4.00,1365,5.140,-2.999,-2.443
4.00,1366,-5.181,-2.939,-2.433
4.00,1367,0.047,6.288,-2.397
4.00,1368,-0.072,-3.244,-2.447
4.00,1369,-5.181,-2.939,-2.433
4.00,1370,0.047,6.288,-2.397
4.00,1371,-0.072,-3.244,-2.447
4.00,1372,0.047,6.288,-2.397
4.00,1373,2.651,-1.600,2.597
4.00,1374,2.651,-1.600,2.597
4.00,1375,5.140,-2.999,-2.443
4.00,1376,0.047,6.288,-2.397
4.00,1377,0.047,6.288,-2.397
4.00,1378,-2.897,2.075,-2.451
4.00,1379,2.651,-1.600,2.597
4.00,1380,0.047,6.288,-2.397
4.00,1381,-0.018,2.719,2.599
4.00,1382,2.991,2.038,-2.444
4.00,1383,5.140,-2.999,-2.443
4.00,1384,2.991,2.038,-2.444
4.00,1385,-0.072,-3.244,-2.447
4.00,1386,0.047,6.288,-2.397
4.00,1387,-0.056,0.052,7.682
4.00,1388,2.651,-1.600,2.597
4.00,1389,-0.072,-3.244,-2.447
4.00,1390,-0.018,2.719,2.599
4.00,1391,5.140,-2.999,-2.443
4.00,1392,2.651,-1.600,2.597
4.00,1393,-2.608,-1.600,2.603
4.00,1394,5.140,-2.999,-2.443
4.00,1395,-0.072,-3.244,-2.447
4.00,1396,-0.072,-3.244,-2.447
4.00,1397,0.047,6.288,-2.397
4.00,1398,0.047,6.288,-2.397
4.00,1399,-0.072,-3.244,-2.447
4.00,1400,2.651,-1.600,2.597
4.00,1401,-0.072,-3.244,-2.447
4.00,1402,2.651,-1.600,2.597
4.00,1403,-5.181,-2.939,-2.433
4.00,1404,-2.897,2.075,-2.451
4.00,1405,-0.072,-3.244,-2.447
4.00,1406,-5.181,-2.939,-2.433
4.00,1407,5.140,-2.999,-2.443
4.00,1408,2.651,-1.600,2.597
4.00,1409,-2.608,-1.600,2.603
4.00,1410,-5.181,-2.939,-2.433
4.00,1411,0.047,6.288,-2.397
4.00,1412,-2.897,2.075,-2.451
4.00,1413,-0.072,-3.244,-2.447
4.00,1414,2.991,2.038,-2.444
4.00,1415,2.991,2.038,-2.444
4.00,1416,-2.897,2.075,-2.451
4.00,1417,-2.897,2.075,-2.451
4.00,1418,-5.181,-2.939,-2.433
4.00,1419,5.140,-2.999,-2.443
4.00,1420,-0.018,2.719,2.599
4.00,1421,-2.897,2.075,-2.451
4.00,1422,-5.181,-2.939,-2.433
4.00,1423,-0.072,-3.244,-2.447
4.00,1424,-5.181,-2.939,-2.433
4.00,1425,0.047,6.288,-2.397
4.00,1426,-5.181,-2.939,-2.433
4.00,1427,-5.181,-2.939,-2.433
4.00,1428,-5.181,-2.939,-2.433
4.00,1429,5.140,-2.999,-2.443
4.00,1430,-2.608,-1.600,2.603
4.00,1431,-5.181,-2.939,-2.433
4.00,1432,-0.018,2.719,2.599
4.00,1433,-0.018,2.719,2.599
4.00,1434,2.651,-1.600,2.597
4.00,1435,-2.897,2.075,-2.451
4.00,1436,2.651,-1.600,2.597
4.00,1437,-2.897,2.075,-2.451
4.00,1438,2.651,-1.600,2.597
4.00,1439,-2.897,2.075,-2.451
4.00,1440,0.047,6.288,-2.397
4.00,1441,5.140,-2.999,-2.443
4.00,1442,-2.897,2.075,-2.451
4.00,1443,2.651,-1.600,2.597
4.00,1444,5.140,-2.999,-2.443
4.00,1445,2.991,2.038,-2.444
4.00,1446,0.047,6.288,-2.397
4.00,1447,-2.897,2.075,-2.451
4.00,1448,2.991,2.038,-2.444
4.00,1449,-2.608,-1.600,2.603
4.00,1450,2.991,2.038,-2.444
4.00,1451,-2.608,-1.600,2.603
4.00,1452,-0.072,-3.244,-2.447
4.00,1453,-0.018,2.719,2.599
4.00,1454,2.991,2.038,-2.444
4.00,1455,-0.018,2.719,2.599
4.00,1456,-0.072,-3.244,-2.447
4.00,1457,0.047,6.288,-2.397
4.00,1458,0.047,6.288,-2.397
4.00,1459,2.991,2.038,-2.444
4.00,1460,-0.018,2.719,2.599
4.00,1461,-5.181,-2.939,-2.433
4.00,1462,5.140,-2.999,-2.443
4.00,1463,-2.897,2.075,-2.451
4.00,1464,2.668,-1.610,2.597
4.00,1465,2.991,2.038,-2.444
4.00,1466,2.651,-1.600,2.597
4.00,1467,-5.181,-2.939,-2.433
4.00,1468,0.047,6.288,-2.397
4.00,1469,2.651,-1.600,2.597
4.00,1470,5.140,-2.999,-2.443
4.00,1471,2.651,-1.600,2.597
4.00,1472,-5.181,-2.939,-2.433
4.00,1473,-0.056,0.052,7.682
4.00,1474,-0.056,0.052,7.682
4.00,1475,-0.072,-3.244,-2.447
4.00,1476,2.651,-1.600,2.597
4.00,1477,5.140,-2.999,-2.443
4.00,1478,2.651,-1.600,2.597
4.00,1479,-2.635,-1.615,2.604
4.00,1480,5.140,-2.999,-2.443
4.00,1481,2.991,2.038,-2.444
4.00,1482,-0.018,2.719,2.599
4.00,1483,-2.608,-1.600,2.603
4.00,1484,-2.608,-1.600,2.603
4.00,1485,-0.018,2.719,2.599
4.00,1486,-0.056,0.052,7.682
4.00,1487,2.651,-1.600,2.597
4.00,1488,0.047,6.288,-2.397
4.00,1489,2.991,2.038,-2.444
4.00,1490,-0.072,-3.244,-2.447
4.00,1491,-0.018,2.719,2.599
4.00,1492,0.047,6.288,-2.397
4.00,1493,-2.608,-1.600,2.603
4.00,1494,-0.072,-3.244,-2.447
4.00,1495,-2.608,-1.600,2.603
4.00,1496,-0.018,2.719,2.599
4.00,1497,-0.018,2.719,2.599
4.00,1498,0.047,6.288,-2.397
4.00,1499,2.991,2.038,-2.444
4.00,1500,-2.897,2.075,-2.451
4.00,1501,-2.608,-1.600,2.603
4.00,1502,-0.018,2.719,2.599
4.00,1503,-5.181,-2.939,-2.433
4.00,1504,2.991,2.038,-2.444
4.00,1505,2.651,-1.600,2.597
4.00,1506,2.991,2.038,-2.444
4.00,1507,-5.181,-2.939,-2.433
4.00,1508,-2.897,2.075,-2.451
4.00,1509,-0.072,-3.244,-2.447
4.00,1510,-2.609,-1.601,2.603
4.00,1511,0.047,6.288,-2.397
4.00,1512,5.140,-2.999,-2.443
4.00,1513,-2.608,-1.600,2.603
4.00,1514,-5.181,-2.939,-2.433
4.00,1515,-2.608,-1.600,2.603
4.00,1516,-0.072,-3.244,-2.447
4.00,1517,-2.897,2.075,-2.451
4.00,1518,-0.056,0.052,7.682
4.00,1519,-2.897,2.075,-2.451
4.00,1520,5.140,-2.999,-2.443
4.00,1521,-0.072,-3.244,-2.447
4.00,1522,-5.181,-2.939,-2.433
4.00,1523,5.140,-2.999,-2.443
4.00,1524,-5.181,-2.939,-2.433
4.00,1525,-2.897,2.075,-2.451
4.00,1526,-0.018,2.719,2.599
4.00,1527,5.140,-2.999,-2.443
4.00,1528,5.140,-2.999,-2.443
4.00,1529,5.140,-2.999,-2.443
4.00,1530,5.140,-2.999,-2.443
4.00,1531,0.047,6.288,-2.397
4.00,1532,-3.571,-2.246,5.942
4.00,1533,-0.056,0.052,7.682
4.00,1534,5.140,-2.999,-2.443
4.00,1535,-2.897,2.075,-2.451
4.00,1536,5.140,-2.999,-2.443
4.00,1537,2.991,2.038,-2.444
4.00,1538,-0.018,2.719,2.599
4.00,1539,5.140,-2.999,-2.443
4.00,1540,-2.608,-1.600,2.603
4.00,1541,-2.897,2.075,-2.451
4.00,1542,-5.181,-2.939,-2.433
4.00,1543,-0.056,0.052,7.682
4.00,1544,-0.018,2.719,2.599
4.00,1545,-2.897,2.075,-2.451
4.00,1546,5.140,-2.999,-2.443
4.00,1547,-2.897,2.075,-2.451
4.00,1548,-0.018,2.719,2.599
4.00,1549,-0.018,2.719,2.599
4.00,1550,5.140,-2.999,-2.443
4.00,1551,2.991,2.038,-2.444
4.00,1552,-2.897,2.075,-2.451
4.00,1553,2.651,-1.600,2.597
4.00,1554,0.047,6.288,-2.397
4.00,1555,5.140,-2.999,-2.443
4.00,1556,0.047,6.288,-2.397
4.00,1557,-2.608,-1.600,2.603
4.00,1558,-0.056,0.052,7.682
4.00,1559,-2.897,2.075,-2.451
4.00,1560,-2.897,2.075,-2.451
4.00,1561,-5.181,-2.939,-2.433
4.00,1562,5.140,-2.999,-2.443
4.00,1563,-0.018,2.719,2.599
4.00,1564,-0.018,2.719,2.599
4.00,1565,-0.072,-3.244,-2.447
4.00,1566,-5.181,-2.939,-2.433
4.00,1567,-2.897,2.075,-2.451
4.00,1568,0.047,6.288,-2.397
4.00,1569,-5.181,-2.939,-2.433
4.00,1570,-5.181,-2.939,-2.433
4.00,1571,-0.018,2.719,2.599
4.00,1572,-0.056,0.052,7.682
4.00,1573,-2.897,2.075,-2.451
4.00,1574,2.991,2.038,-2.444
4.00,1575,-2.897,2.075,-2.451
4.00,1576,0.047,6.288,-2.397
4.00,1577,-2.897,2.075,-2.451
4.00,1578,-2.608,-1.600,2.603
4.00,1579,-0.072,-3.244,-2.447
4.00,1580,-0.018,2.719,2.599
4.00,1581,-0.072,-3.244,-2.447
4.00,1582,-0.072,-3.244,-2.447
4.00,1583,-0.018,2.719,2.599
4.00,1584,5.140,-2.999,-2.443
4.00,1585,-0.018,2.719,2.599
4.00,1586,-5.181,-2.939,-2.433
4.00,1587,2.991,2.038,-2.444
4.00,1588,-5.181,-2.939,-2.433
4.00,1589,-2.897,2.075,-2.451
4.00,1590,-2.608,-1.600,2.603
4.00,1591,-0.018,2.719,2.599
4.00,1592,-5.182,-2.940,-2.433
4.00,1593,-0.018,2.719,2.599
4.00,1594,-2.897,2.075,-2.451
4.00,1595,-0.072,-3.244,-2.447
4.00,1596,2.991,2.038,-2.444
4.00,1597,-2.608,-1.600,2.603
4.00,1598,-0.018,2.719,2.599
4.00,1599,-0.018,2.719,2.599
4.00,1600,-0.072,-3.244,-2.447
4.00,1601,-2.897,2.075,-2.451
4.00,1602,-2.608,-1.600,2.603
4.00,1603,-0.072,-3.244,-2.447
4.00,1604,5.140,-2.999,-2.443
4.00,1605,-0.018,2.719,2.599
4.00,1606,-2.608,-1.600,2.603
4.00,1607,5.140,-2.999,-2.443
4.00,1608,5.140,-2.999,-2.443
4.00,1609,-2.897,2.075,-2.451
4.00,1610,-2.897,2.075,-2.451
4.00,1611,-0.072,-3.244,-2.447
4.00,1612,5.140,-2.999,-2.443
4.00,1613,2.651,-1.600,2.597
4.00,1614,-0.018,2.719,2.599
4.00,1615,-1.853,-3.204,-2.481
4.00,1616,2.991,2.038,-2.444
4.00,1617,-0.056,0.052,7.682
4.00,1618,-0.018,2.719,2.599
4.00,1619,2.651,-1.600,2.597
4.00,1620,-0.018,2.719,2.599
4.00,1621,0.047,6.288,-2.397
4.00,1622,0.047,6.288,-2.397
4.00,1623,-0.072,-3.244,-2.447
4.00,1624,2.651,-1.600,2.597
4.00,1625,2.651,-1.600,2.597
4.00,1626,-2.608,-1.600,2.603
4.00,1627,-2.897,2.075,-2.451
4.00,1628,2.651,-1.600,2.597
4.00,1629,2.651,-1.600,2.597
4.00,1630,2.651,-1.600,2.597
4.00,1631,-5.181,-2.939,-2.433
4.00,1632,5.140,-2.999,-2.443
4.00,1633,-5.181,-2.939,-2.433
4.00,1634,0.047,6.288,-2.397
4.00,1635,-2.897,2.075,-2.451
4.00,1636,-0.072,-3.244,-2.447
4.00,1637,-0.072,-3.244,-2.447
4.00,1638,0.047,6.288,-2.397
4.00,1639,2.651,-1.600,2.597
4.00,1640,-0.072,-3.244,-2.447
4.00,1641,5.140,-2.999,-2.443
4.00,1642,-0.018,2.719,2.599
4.00,1643,-5.181,-2.939,-2.433
4.00,1644,-0.072,-3.244,-2.447
4.00,1645,-0.072,-3.244,-2.447
4.00,1646,2.651,-1.600,2.597
4.00,1647,-2.897,2.075,-2.451
4.00,1648,5.140,-2.999,-2.443
4.00,1649,2.991,2.038,-2.444
4.00,1650,-0.072,-3.244,-2.447
4.00,1651,2.991,2.038,-2.444
4.00,1652,-0.018,2.719,2.599
4.00,1653,0.047,6.288,-2.397
4.00,1654,0.047,6.288,-2.397
4.00,1655,-2.897,2.075,-2.451
4.00,1656,-0.056,0.052,7.682
4.00,1657,-0.018,2.719,2.599
4.00,1658,-2.897,2.075,-2.451
4.00,1659,5.140,-2.999,-2.443
4.00,1660,2.991,2.038,-2.444
4.00,1661,-0.018,2.719,2.599
4.00,1662,-5.181,-2.939,-2.433
4.00,1663,-2.608,-1.600,2.603
4.00,1664,5.140,-2.999,-2.443
4.00,1665,2.991,2.038,-2.444
4.00,1666,-2.897,2.075,-2.451
4.00,1667,5.140,-2.999,-2.443
4.00,1668,-0.072,-3.244,-2.447
4.00,1669,-2.897,2.075,-2.451
4.00,1670,-0.018,2.719,2.599
4.00,1671,5.140,-2.999,-2.443
4.00,1672,-0.018,2.719,2.599
4.00,1673,-2.897,2.075,-2.451
4.00,1674,-0.056,0.052,7.682
4.00,1675,2.651,-1.600,2.597
4.00,1676,2.651,-1.600,2.597
4.00,1677,-0.018,2.719,2.599
4.00,1678,-2.608,-1.600,2.603
4.00,1679,-2.608,-1.600,2.603
4.00,1680,2.651,-1.600,2.597
4.00,1681,-5.181,-2.939,-2.433
4.00,1682,0.047,6.288,-2.397
4.00,1683,-2.897,2.075,-2.451
4.00,1684,-2.608,-1.600,2.603
4.00,1685,-2.608,-1.600,2.603
4.00,1686,2.991,2.038,-2.444
4.00,1687,0.047,6.288,-2.397
4.00,1688,-0.018,2.719,2.599
4.00,1689,-0.018,2.719,2.599
4.00,1690,-0.072,-3.244,-2.447
4.00,1691,2.991,2.038,-2.444
4.00,1692,2.991,2.038,-2.444
4.00,1693,5.140,-2.999,-2.443
4.00,1694,-2.897,2.075,-2.451
4.00,1695,-2.897,2.075,-2.451
4.00,1696,5.140,-2.999,-2.443
4.00,1697,-2.897,2.075,-2.451
4.00,1698,-2.897,2.075,-2.451
4.00,1699,-0.018,2.719,2.599
4.00,1700,-0.018,2.719,2.599
4.00,1701,2.651,-1.600,2.597
4.00,1702,-0.056,0.052,7.682
4.00,1703,-2.897,2.075,-2.451
4.00,1704,0.047,6.287,-2.397
4.00,1705,2.991,2.038,-2.444
4.00,1706,-0.018,2.719,2.599
4.00,1707,0.047,6.288,-2.397
4.00,1708,-0.018,2.719,2.599
4.00,1709,-0.072,-3.244,-2.447
4.00,1710,0.047,6.288,-2.397
4.00,1711,2.991,2.038,-2.444
4.00,1712,-2.897,2.075,-2.451
4.00,1713,2.991,2.038,-2.444
4.00,1714,-5.181,-2.939,-2.433
4.00,1715,-0.018,2.719,2.599
4.00,1716,-0.072,-3.244,-2.447
4.00,1717,2.651,-1.600,2.597
4.00,1718,2.991,2.038,-2.444
4.00,1719,2.651,-1.600,2.597
4.00,1720,0.047,6.288,-2.397
4.00,1721,-0.072,-3.244,-2.447
4.00,1722,2.651,-1.600,2.597
4.00,1723,-2.897,2.075,-2.451
4.00,1724,-0.018,2.719,2.599
4.00,1725,-5.181,-2.939,-2.433
4.00,1726,-2.608,-1.600,2.603
4.00,1727,-0.056,0.052,7.682
4.00,1728,-0.018,2.719,2.599
4.00,1729,-5.181,-2.939,-2.433
4.00,1730,-0.072,-3.244,-2.447
4.00,1731,-2.897,2.075,-2.451
4.00,1732,-5.181,-2.939,-2.433
4.00,1733,2.651,-1.600,2.597
4.00,1734,-0.018,2.719,2.599
4.00,1735,-0.018,2.719,2.599
4.00,1736,-0.018,2.719,2.599
4.00,1737,-2.897,2.075,-2.451
4.00,1738,2.991,2.038,-2.444
4.00,1739,-0.056,0.052,7.682
4.00,1740,-0.056,0.052,7.682
4.00,1741,2.651,-1.600,2.597
4.00,1742,-2.897,2.075,-2.451
4.00,1743,0.047,6.288,-2.397
4.00,1744,-2.897,2.075,-2.451
4.00,1745,-0.018,2.719,2.599
4.00,1746,0.768,-3.023,-2.478
4.00,1747,2.991,2.038,-2.444
4.00,1748,5.140,-2.999,-2.443
4.00,1749,-0.018,2.719,2.599
4.00,1750,-0.072,-3.244,-2.447
4.00,1751,-0.018,2.719,2.599
4.00,1752,-5.181,-2.939,-2.433
4.00,1753,0.047,6.288,-2.397
4.00,1754,-2.608,-1.600,2.603
4.00,1755,0.047,6.288,-2.397
4.00,1756,-2.897,2.075,-2.451
4.00,1757,-0.072,-3.244,-2.447
4.00,1758,2.651,-1.600,2.597
4.00,1759,-0.072,-3.244,-2.447
4.00,1760,0.047,6.288,-2.397
4.00,1761,-5.181,-2.939,-2.433
4.00,1762,2.651,-1.600,2.597
4.00,1763,-2.608,-1.600,2.603
4.00,1764,-2.608,-1.600,2.603
4.00,1765,0.047,6.288,-2.397
4.00,1766,-5.181,-2.939,-2.433
4.00,1767,-5.181,-2.939,-2.433
4.00,1768,5.140,-2.999,-2.443
4.00,1769,2.991,2.038,-2.444
4.00,1770,2.991,2.038,-2.444
4.00,1771,-2.897,2.075,-2.451
4.00,1772,-0.072,-3.244,-2.447
4.00,1773,5.140,-2.999,-2.443
4.00,1774,2.669,-1.605,2.597
4.00,1775,-2.897,2.075,-2.451
4.00,1776,0.047,6.288,-2.397
4.00,1777,-5.181,-2.939,-2.433
4.00,1778,-5.181,-2.939,-2.433
4.00,1779,-5.181,-2.939,-2.433
4.00,1780,-0.018,2.719,2.599
4.00,1781,5.140,-2.999,-2.443
4.00,1782,2.651,-1.600,2.597
4.00,1783,2.991,2.038,-2.444
4.00,1784,-0.072,-3.244,-2.447
4.00,1785,-2.897,2.075,-2.451
4.00,1786,-0.072,-3.244,-2.447
4.00,1787,-0.072,-3.244,-2.447
4.00,1788,-5.181,-2.939,-2.433
4.00,1789,0.047,6.288,-2.397
4.00,1790,-2.897,2.075,-2.451
4.00,1791,0.047,6.288,-2.397
4.00,1792,0.047,6.288,-2.397
4.00,1793,2.991,2.038,-2.444
4.00,1794,-2.897,2.075,-2.451
4.00,1795,2.991,2.038,-2.444
4.00,1796,-2.608,-1.600,2.603
4.00,1797,-2.608,-1.600,2.603
4.00,1798,0.047,6.288,-2.397
4.00,1799,-0.056,0.052,7.682
4.00,1800,-5.181,-2.939,-2.433
4.00,1801,2.651,-1.600,2.597
4.00,1802,-2.897,2.075,-2.451
4.00,1803,-2.897,2.075,-2.451
4.00,1804,-2.608,-1.600,2.603
4.00,1805,2.651,-1.600,2.597
4.00,1806,-2.608,-1.600,2.603
4.00,1807,-0.072,-3.244,-2.447
4.00,1808,2.651,-1.600,2.597
4.00,1809,-0.056,0.052,7.682
4.00,1810,0.047,6.288,-2.397
4.00,1811,5.140,-2.999,-2.443
4.00,1812,-0.072,-3.244,-2.447
4.00,1813,-0.072,-3.244,-2.447
4.00,1814,-0.056,0.052,7.682
4.00,1815,2.991,2.038,-2.444
4.00,1816,-5.181,-2.939,-2.433
4.00,1817,5.140,-2.999,-2.443
4.00,1818,-2.608,-1.600,2.603
4.00,1819,-0.018,2.719,2.599
4.00,1820,-0.056,0.052,7.682
4.00,1821,-0.072,-3.244,-2.447
4.00,1822,5.140,-2.999,-2.443
4.00,1823,-0.056,0.052,7.682
4.00,1824,-2.897,2.075,-2.451
4.00,1825,-5.181,-2.939,-2.433
4.00,1826,-0.072,-3.244,-2.447
4.00,1827,-0.018,2.719,2.599
4.00,1828,-0.072,-3.244,-2.447
4.00,1829,-0.018,2.719,2.599
4.00,1830,5.140,-2.999,-2.443
4.00,1831,-2.608,-1.600,2.603
4.00,1832,5.140,-2.999,-2.443
4.00,1833,2.651,-1.600,2.597
4.00,1834,-2.897,2.075,-2.451
4.00,1835,-5.181,-2.939,-2.433
4.00,1836,2.651,-1.600,2.597
4.00,1837,-0.072,-3.244,-2.447
4.00,1838,-5.181,-2.939,-2.433
4.00,1839,-2.897,2.075,-2.451
4.00,1840,-0.018,2.719,2.599
4.00,1841,-5.181,-2.939,-2.433
4.00,1842,0.047,6.290,-2.397
4.00,1843,-2.897,2.075,-2.451
4.00,1844,-0.018,2.719,2.599
4.00,1845,-0.056,0.052,7.682
4.00,1846,5.140,-2.999,-2.443
4.00,1847,5.140,-2.999,-2.443
4.00,1848,-0.056,0.052,7.682
4.00,1849,-0.018,2.719,2.599
4.00,1850,-0.072,-3.244,-2.447
4.00,1851,-0.072,-3.244,-2.447
4.00,1852,-0.072,-3.244,-2.447
4.00,1853,-2.897,2.075,-2.451
4.00,1854,2.651,-1.600,2.597
4.00,1855,2.651,-1.600,2.597
4.00,1856,-0.018,2.719,2.599
4.00,1857,-2.897,2.075,-2.451
4.00,1858,-2.897,2.075,-2.451
4.00,1859,-0.018,2.719,2.599
4.00,1860,2.651,-1.600,2.597
4.00,1861,-0.018,2.719,2.599
4.00,1862,5.140,-2.999,-2.443
4.00,1863,2.651,-1.600,2.597
4.00,1864,-0.056,0.052,7.682
4.00,1865,0.047,6.288,-2.397
4.00,1866,-0.018,2.719,2.599
4.00,1867,-0.018,2.719,2.599
4.00,1868,-2.897,2.075,-2.451
4.00,1869,2.651,-1.600,2.597
4.00,1870,-2.897,2.075,-2.451
4.00,1871,-2.608,-1.600,2.603
4.00,1872,0.047,6.288,-2.397
4.00,1873,-0.056,0.052,7.682
4.00,1874,-0.018,2.719,2.599
4.00,1875,2.651,-1.600,2.597
4.00,1876,-2.897,2.075,-2.451
4.00,1877,2.991,2.038,-2.444
4.00,1878,-0.018,2.719,2.599
4.00,1879,-2.608,-1.600,2.603
4.00,1880,-0.056,0.052,7.682
4.00,1881,2.651,-1.600,2.597
4.00,1882,-2.608,-1.600,2.603
4.00,1883,-2.897,2.075,-2.451
4.00,1884,-2.897,2.075,-2.451
4.00,1885,-5.181,-2.939,-2.433
4.00,1886,0.047,6.288,-2.397
4.00,1887,-0.018,2.719,2.599
4.00,1888,0.047,6.288,-2.397
4.00,1889,9.145,8.879,-5.030
4.00,1890,5.140,-2.999,-2.443
4.00,1891,-2.897,2.075,-2.451
4.00,1892,-2.608,-1.600,2.603
4.00,1893,-0.072,-3.244,-2.447
4.00,1894,-0.018,2.719,2.599
4.00,1895,-0.072,-3.244,-2.447
4.00,1896,-0.018,2.719,2.599
4.00,1897,5.140,-2.999,-2.443
4.00,1898,-5.181,-2.939,-2.433
4.00,1899,5.140,-2.999,-2.443
4.00,1900,5.140,-2.999,-2.443
4.00,1901,-0.072,-3.244,-2.447
4.00,1902,-5.181,-2.939,-2.433
4.00,1903,-0.072,-3.244,-2.447
4.00,1904,2.651,-1.600,2.597
4.00,1905,0.047,6.287,-2.397
4.00,1906,-0.018,2.719,2.599
4.00,1907,-0.072,-3.244,-2.447
4.00,1908,-5.181,-2.939,-2.433
4.00,1909,5.140,-2.999,-2.443
4.00,1910,-2.897,2.075,-2.451
4.00,1911,2.651,-1.600,2.597
4.00,1912,-2.608,-1.600,2.603
4.00,1913,2.991,2.038,-2.444
4.00,1914,5.140,-2.999,-2.443
4.00,1915,0.047,6.288,-2.397
4.00,1916,-5.181,-2.939,-2.433
4.00,1917,5.140,-2.999,-2.443
4.00,1918,5.140,-2.999,-2.443
4.00,1919,-5.180,-2.939,-2.433
4.00,1920,5.140,-2.999,-2.443
4.00,1921,-2.608,-1.600,2.603
4.00,1922,-2.897,2.075,-2.451
4.00,1923,0.047,6.288,-2.397
4.00,1924,2.991,2.038,-2.444
4.00,1925,0.047,6.288,-2.397
4.00,1926,0.047,6.288,-2.397
4.00,1927,-0.072,-3.244,-2.447
4.00,1928,-2.608,-1.600,2.603
4.00,1929,0.047,6.288,-2.397
4.00,1930,0.047,6.288,-2.397
4.00,1931,-5.181,-2.939,-2.433
4.00,1932,-5.181,-2.939,-2.433
4.00,1933,-0.072,-3.244,-2.447
4.00,1934,5.140,-2.999,-2.443
4.00,1935,0.047,6.288,-2.397
4.00,1936,-5.181,-2.939,-2.433
4.00,1937,-2.897,2.075,-2.451
4.00,1938,-0.056,0.052,7.682
4.00,1939,2.991,2.038,-2.444
4.00,1940,-2.608,-1.600,2.603
4.00,1941,-2.897,2.075,-2.451
4.00,1942,-0.018,2.719,2.599
4.00,1943,5.140,-2.999,-2.443
4.00,1944,2.991,2.038,-2.444
4.00,1945,-5.181,-2.939,-2.433
4.00,1946,2.651,-1.600,2.597
4.00,1947,2.991,2.038,-2.444
4.00,1948,-2.897,2.075,-2.451
4.00,1949,-2.608,-1.600,2.603
4.00,1950,-0.072,-3.244,-2.447
4.00,1951,2.651,-1.600,2.597
4.00,1952,-0.072,-3.244,-2.447
4.00,1953,0.047,6.288,-2.397
4.00,1954,2.991,2.038,-2.444
4.00,1955,-5.181,-2.939,-2.433
4.00,1956,5.140,-2.999,-2.443
4.00,1957,-0.018,2.719,2.599
4.00,1958,-5.181,-2.939,-2.433
4.00,1959,-0.018,2.719,2.599
4.00,1960,-5.181,-2.939,-2.433
4.00,1961,5.140,-2.999,-2.443
4.00,1962,-0.072,-3.244,-2.447
4.00,1963,-5.181,-2.939,-2.433
4.00,1964,-0.072,-3.244,-2.447
4.00,1965,5.140,-2.999,-2.443
4.00,1966,-0.018,2.719,2.599
4.00,1967,5.140,-2.999,-2.443
4.00,1968,-0.056,0.052,7.682
4.00,1969,-4.993,-2.927,-2.435
4.00,1970,-2.608,-1.600,2.603
4.00,1971,-5.181,-2.939,-2.433
4.00,1972,-0.056,0.052,7.682
4.00,1973,-2.608,-1.600,2.603
4.00,1974,2.991,2.038,-2.444
4.00,1975,5.140,-2.999,-2.443
4.00,1976,0.047,6.288,-2.397
4.00,1977,5.140,-2.999,-2.443
4.00,1978,-0.072,-3.244,-2.447
4.00,1979,-2.897,2.075,-2.451
4.00,1980,5.140,-2.999,-2.443
4.00,1981,2.991,2.038,-2.444
4.00,1982,-0.056,0.052,7.682
4.00,1983,-2.897,2.075,-2.451
4.00,1984,2.991,2.038,-2.444
4.00,1985,0.047,6.288,-2.397
4.00,1986,-2.897,2.075,-2.451
4.00,1987,-0.056,0.052,7.682
4.00,1988,5.140,-2.999,-2.443
4.00,1989,-0.072,-3.244,-2.447
4.00,1990,-2.897,2.075,-2.451
4.00,1991,-5.181,-2.939,-2.433
4.00,1992,-0.018,2.719,2.599
4.00,1993,-2.608,-1.600,2.603
4.00,1994,2.651,-1.600,2.597
4.00,1995,2.991,2.038,-2.444
4.00,1996,-5.181,-2.939,-2.433
4.00,1997,-0.072,-3.244,-2.447
4.00,1998,2.991,2.038,-2.444
4.00,1999,-2.608,-1.600,2.603
4.00,2000,-0.056,0.052,7.682
4.00,2001,-5.181,-2.939,-2.433
4.00,2002,-0.056,0.052,7.682
4.00,2003,-5.181,-2.939,-2.433
4.00,2004,5.140,-2.999,-2.443
4.00,2005,-5.181,-2.939,-2.433
4.00,2006,-2.897,2.075,-2.451
4.00,2007,-0.056,0.052,7.682
4.00,2008,-2.895,2.078,-2.452
4.00,2009,3.255,2.774,-2.445
4.00,2010,2.991,2.038,-2.444
4.00,2011,-5.181,-2.939,-2.433
4.00,2012,-0.018,2.719,2.599
4.00,2013,-0.072,-3.244,-2.447
4.00,2014,-0.072,-3.244,-2.447
4.00,2015,2.651,-1.600,2.597
4.00,2016,-0.072,-3.244,-2.447
4.00,2017,-0.072,-3.244,-2.447
4.00,2018,0.047,6.288,-2.397
4.00,2019,-0.018,2.719,2.599
4.00,2020,2.991,2.038,-2.444
4.00,2021,5.140,-2.999,-2.443
4.00,2022,-2.897,2.075,-2.451
4.00,2023,-5.181,-2.939,-2.433
4.00,2024,5.140,-2.999,-2.443
4.00,2025,5.140,-2.999,-2.443
4.00,2026,-5.181,-2.939,-2.433
4.00,2027,-0.072,-3.244,-2.447
4.00,2028,5.140,-2.999,-2.443
4.00,2029,2.991,2.038,-2.444
4.00,2030,2.991,2.038,-2.444
4.00,2031,2.651,-1.600,2.597
4.00,2032,-2.897,2.075,-2.451
4.00,2033,-2.897,2.075,-2.451
4.00,2034,5.113,-2.986,-2.444
4.00,2035,0.047,6.288,-2.397
4.00,2036,2.651,-1.600,2.597
4.00,2037,-5.181,-2.939,-2.433
4.00,2038,-2.608,-1.600,2.603
4.00,2039,0.047,6.288,-2.397
4.00,2040,-0.072,-3.244,-2.447
4.00,2041,0.047,6.288,-2.397
4.00,2042,-0.018,2.719,2.599
4.00,2043,-5.181,-2.939,-2.433
4.00,2044,2.991,2.038,-2.444
4.00,2045,2.651,-1.600,2.597
4.00,2046,2.991,2.038,-2.444
4.00,2047,-5.181,-2.939,-2.433
4.00,2048,0.047,6.288,-2.397
4.00,2049,-0.072,-3.244,-2.447
4.00,2050,-5.181,-2.939,-2.433
4.00,2051,-2.608,-1.600,2.603
4.00,2052,-0.018,2.719,2.599
4.00,2053,-2.897,2.075,-2.451
4.00,2054,-0.072,-3.244,-2.447
4.00,2055,5.140,-2.999,-2.443
4.00,2056,-0.056,0.052,7.682
4.00,2057,-5.181,-2.939,-2.433
4.00,2058,-0.056,0.052,7.682
4.00,2059,-0.018,2.719,2.599
4.00,2060,-0.056,0.052,7.682
4.00,2061,-2.897,2.075,-2.451
4.00,2062,-2.897,2.075,-2.451
4.00,2063,-2.608,-1.600,2.603
4.00,2064,2.651,-1.600,2.597
4.00,2065,-0.018,2.719,2.599
4.00,2066,-2.608,-1.600,2.603
4.00,2067,-0.072,-3.244,-2.447
4.00,2068,-0.018,2.719,2.599
4.00,2069,-0.018,2.719,2.599
4.00,2070,-2.897,2.075,-2.451
4.00,2071,-0.056,0.052,7.682
4.00,2072,2.651,-1.600,2.597
4.00,2073,5.140,-2.999,-2.443
4.00,2074,2.651,-1.600,2.597
4.00,2075,-5.181,-2.939,-2.433
4.00,2076,-0.072,-3.244,-2.447
4.00,2077,-0.072,-3.244,-2.447
4.00,2078,-0.018,2.719,2.599
4.00,2079,-5.181,-2.939,-2.433
4.00,2080,-2.897,2.075,-2.451
4.00,2081,0.047,6.288,-2.397
4.00,2082,-0.072,-3.244,-2.447
4.00,2083,0.047,6.288,-2.397
4.00,2084,-2.608,-1.600,2.603
4.00,2085,5.140,-2.999,-2.443
4.00,2086,-5.181,-2.939,-2.433
4.00,2087,-0.018,2.719,2.599
4.00,2088,-2.608,-1.600,2.603
4.00,2089,2.651,-1.600,2.597
4.00,2090,-5.181,-2.939,-2.433
4.00,2091,0.047,6.294,-2.397
4.00,2092,-2.897,2.075,-2.451
4.00,2093,2.991,2.038,-2.444
4.00,2094,-2.608,-1.600,2.603
4.00,2095,0.047,6.288,-2.397
4.00,2096,2.991,2.038,-2.444
4.00,2097,2.651,-1.600,2.597
4.00,2098,-0.072,-3.244,-2.447
4.00,2099,-0.072,-3.244,-2.447
4.00,2100,-5.181,-2.939,-2.433
4.00,2101,-5.181,-2.939,-2.433
4.00,2102,5.140,-2.999,-2.443
4.00,2103,0.047,6.288,-2.397
4.00,2104,-2.608,-1.600,2.603
4.00,2105,-5.181,-2.939,-2.433
4.00,2106,2.651,-1.600,2.597
4.00,2107,2.991,2.038,-2.444
4.00,2108,2.651,-1.600,2.597
4.00,2109,-0.072,-3.244,-2.447
4.00,2110,-5.181,-2.939,-2.433
4.00,2111,2.991,2.038,-2.444
4.00,2112,-0.018,2.719,2.599
4.00,2113,0.047,6.288,-2.397
4.00,2114,-5.181,-2.939,-2.433
4.00,2115,-2.897,2.075,-2.451
4.00,2116,0.047,6.288,-2.397
4.00,2117,-0.072,-3.244,-2.447
4.00,2118,-0.018,2.719,2.599
4.00,2119,-2.608,-1.600,2.603
4.00,2120,-5.181,-2.939,-2.433
4.00,2121,-5.181,-2.939,-2.433
4.00,2122,-0.072,-3.244,-2.447
4.00,2123,-0.072,-3.244,-2.447
4.00,2124,-5.181,-2.939,-2.433
4.00,2125,-0.018,2.719,2.599
4.00,2126,-2.608,-1.600,2.603
4.00,2127,0.047,6.288,-2.397
4.00,2128,-0.056,0.052,7.682
4.00,2129,-0.072,-3.244,-2.447
4.00,2130,-0.072,-3.244,-2.447
4.00,2131,5.140,-2.999,-2.443
4.00,2132,-2.608,-1.600,2.603
4.00,2133,-0.056,0.052,7.682
4.00,2134,-2.608,-1.600,2.603
4.00,2135,2.991,2.038,-2.444
4.00,2136,-2.608,-1.600,2.603
4.00,2137,2.651,-1.600,2.597
4.00,2138,-0.056,0.052,7.682
4.00,2139,0.047,6.288,-2.397
4.00,2140,2.651,-1.600,2.597
4.00,2141,2.991,2.038,-2.444
4.00,2142,-2.897,2.075,-2.451
4.00,2143,5.140,-2.999,-2.443
4.00,2144,-0.072,-3.244,-2.447
4.00,2145,-2.608,-1.600,2.603
4.00,2146,-0.056,0.052,7.682
4.00,2147,-0.018,2.719,2.599
4.00,2148,2.991,2.038,-2.444
4.00,2149,-2.897,2.075,-2.451
4.00,2150,0.047,6.288,-2.397
4.00,2151,2.651,-1.600,2.597
4.00,2152,-0.072,-3.244,-2.447
4.00,2153,2.991,2.038,-2.444
4.00,2154,-2.897,2.075,-2.451
4.00,2155,-0.018,2.719,2.599
4.00,2156,2.991,2.038,-2.444
4.00,2157,0.047,6.288,-2.397
4.00,2158,-2.897,2.075,-2.451
4.00,2159,-0.018,2.719,2.599
4.00,2160,-0.018,2.719,2.599
4.00,2161,-2.608,-1.600,2.603
4.00,2162,-5.181,-2.939,-2.433
4.00,2163,-2.897,2.075,-2.451
4.00,2164,-5.181,-2.939,-2.433
4.00,2165,-2.897,2.075,-2.451
4.00,2166,-2.897,2.075,-2.451
4.00,2167,-5.181,-2.939,-2.433
4.00,2168,-2.608,-1.600,2.603
4.00,2169,-0.056,0.052,7.682
4.00,2170,0.047,6.288,-2.397
4.00,2171,-0.018,2.719,2.599
4.00,2172,-2.608,-1.600,2.603
4.00,2173,-0.072,-3.244,-2.447
4.00,2174,-0.072,-3.244,-2.447
4.00,2175,-0.072,-3.244,-2.447
4.00,2176,-0.072,-3.244,-2.447
4.00,2177,-5.181,-2.939,-2.433
4.00,2178,5.140,-2.999,-2.443
4.00,2179,2.991,2.038,-2.444
4.00,2180,-0.072,-3.244,-2.447
4.00,2181,-5.181,-2.939,-2.433
4.00,2182,0.047,6.288,-2.397
4.00,2183,-0.072,-3.244,-2.447
4.00,2184,-2.897,2.075,-2.451
4.00,2185,-5.181,-2.939,-2.433
4.00,2186,0.047,6.288,-2.397
4.00,2187,-5.181,-2.939,-2.433
4.00,2188,-0.018,2.719,2.599
4.00,2189,-0.018,2.719,2.599
4.00,2190,5.140,-2.999,-2.443
4.00,2191,-0.056,0.052,7.682
4.00,2192,2.651,-1.600,2.597
4.00,2193,2.651,-1.600,2.597
4.00,2194,2.651,-1.600,2.597
4.00,2195,0.047,6.288,-2.397
4.00,2196,2.651,-1.600,2.597
4.00,2197,-0.072,-3.244,-2.447
4.00,2198,-0.072,-3.244,-2.447
4.00,2199,0.047,6.288,-2.397
4.00,2200,-0.018,2.719,2.599
4.00,2201,-2.608,-1.600,2.603
4.00,2202,0.047,6.288,-2.397
4.00,2203,2.991,2.038,-2.444
4.00,2204,5.140,-2.999,-2.443
4.00,2205,2.991,2.038,-2.444
4.00,2206,-2.608,-1.600,2.603
4.00,2207,5.140,-2.999,-2.443
4.00,2208,2.991,2.038,-2.444
4.00,2209,2.991,2.038,-2.444
4.00,2210,2.651,-1.600,2.597
4.00,2211,-5.181,-2.939,-2.433
4.00,2212,-5.181,-2.939,-2.433
4.00,2213,-0.056,0.052,7.682
4.00,2214,2.991,2.038,-2.444
4.00,2215,-0.056,0.052,7.682
4.00,2216,2.991,2.038,-2.444
4.00,2217,-2.608,-1.600,2.603
4.00,2218,-2.608,-1.600,2.603
4.00,2219,-0.072,-3.244,-2.447
4.00,2220,-0.018,2.719,2.599
4.00,2221,-2.897,2.075,-2.451
4.00,2222,-0.056,0.052,7.682
4.00,2223,5.140,-2.999,-2.443
4.00,2224,-0.018,2.719,2.599
4.00,2225,-0.072,-3.244,-2.447
4.00,2226,5.140,-2.999,-2.443
4.00,2227,-5.181,-2.939,-2.433
4.00,2228,-5.181,-2.939,-2.433
4.00,2229,-0.018,2.719,2.599
4.00,2230,-2.608,-1.600,2.603
4.00,2231,-2.897,2.075,-2.451
4.00,2232,0.047,6.288,-2.397
4.00,2233,-5.181,-2.939,-2.433
4.00,2234,5.140,-2.999,-2.443
4.00,2235,2.651,-1.600,2.597
4.00,2236,-0.072,-3.244,-2.447
4.00,2237,5.140,-2.999,-2.443
4.00,2238,-5.181,-2.939,-2.433
4.00,2239,0.047,6.288,-2.397
4.00,2240,-0.072,-3.244,-2.447
4.00,2241,0.047,6.288,-2.397
4.00,2242,-2.608,-1.600,2.603
4.00,2243,-0.056,0.052,7.682
4.00,2244,5.140,-2.999,-2.443
4.00,2245,2.991,2.038,-2.444
4.00,2246,-0.018,2.719,2.599
4.00,2247,-2.897,2.075,-2.451
4.00,2248,-2.897,2.075,-2.451
4.00,2249,-5.181,-2.939,-2.433
4.00,2250,5.140,-2.999,-2.443
4.00,2251,2.651,-1.600,2.597
4.00,2252,-5.181,-2.939,-2.433
4.00,2253,5.140,-2.999,-2.443
4.00,2254,0.047,6.288,-2.397
4.00,2255,-0.072,-3.244,-2.447
4.00,2256,5.140,-2.999,-2.443
4.00,2257,2.991,2.038,-2.444
4.00,2258,-0.056,0.052,7.682
4.00,2259,-2.897,2.075,-2.451
4.00,2260,-0.072,-3.244,-2.447
4.00,2261,-0.018,2.719,2.599
4.00,2262,-0.018,2.719,2.599
4.00,2263,5.140,-2.999,-2.443
4.00,2264,0.047,6.288,-2.397
4.00,2265,5.140,-2.999,-2.443
4.00,2266,0.047,6.288,-2.397
4.00,2267,-2.608,-1.600,2.603
4.00,2268,-0.018,2.719,2.599
4.00,2269,0.047,6.288,-2.397
4.00,2270,2.991,2.038,-2.444
4.00,2271,5.140,-2.999,-2.443
4.00,2272,-2.897,2.075,-2.451
4.00,2273,-5.181,-2.939,-2.433
4.00,2274,-2.897,2.075,-2.451
4.00,2275,5.140,-2.999,-2.443
4.00,2276,2.651,-1.600,2.597
4.00,2277,-2.897,2.075,-2.451
4.00,2278,-2.608,-1.600,2.603
4.00,2279,-0.072,-3.244,-2.447
4.00,2280,2.651,-1.600,2.597
4.00,2281,2.991,2.038,-2.444
4.00,2282,-0.018,2.719,2.599
4.00,2283,2.991,2.038,-2.444
4.00,2284,5.140,-2.999,-2.443
4.00,2285,-5.181,-2.939,-2.433
4.00,2286,-0.072,-3.244,-2.447
4.00,2287,2.991,2.038,-2.444
4.00,2288,-0.018,2.719,2.599
4.00,2289,-2.897,2.075,-2.451
4.00,2290,-2.608,-1.600,2.603
4.00,2291,0.047,6.288,-2.397
4.00,2292,0.047,6.288,-2.397
4.00,2293,2.991,2.038,-2.444
4.00,2294,2.991,2.038,-2.444
4.00,2295,5.140,-2.999,-2.443
4.00,2296,-2.897,2.075,-2.451
4.00,2297,5.140,-2.999,-2.443
4.00,2298,-5.181,-2.939,-2.433
4.00,2299,-5.181,-2.939,-2.433
4.00,2300,2.651,-1.600,2.597
4.00,2301,0.047,6.286,-2.397
4.00,2302,-0.072,-3.244,-2.447
4.00,2303,0.047,6.288,-2.397
4.00,2304,-0.056,0.052,7.682
4.00,2305,-2.897,2.075,-2.451
4.00,2306,-2.897,2.075,-2.451
4.00,2307,-5.181,-2.939,-2.433
4.00,2308,-5.181,-2.939,-2.433
4.00,2309,-0.072,-3.244,-2.447
4.00,2310,-5.181,-2.939,-2.433
4.00,2311,-2.608,-1.600,2.603
4.00,2312,2.651,-1.600,2.597
4.00,2313,-0.072,-3.244,-2.447
4.00,2314,2.991,2.038,-2.444
4.00,2315,-2.608,-1.600,2.603
4.00,2316,-0.072,-3.244,-2.447
4.00,2317,0.047,6.288,-2.397
4.00,2318,-1.853,-6.722,-2.074
4.00,2319,-2.608,-1.600,2.603
4.00,2320,-0.018,2.719,2.599
4.00,2321,0.047,6.288,-2.397
4.00,2322,-0.072,-3.244,-2.447
4.00,2323,-0.072,-3.244,-2.447
4.00,2324,-0.056,0.052,7.682
4.00,2325,-5.181,-2.939,-2.433
4.00,2326,-2.608,-1.600,2.603
4.00,2327,-2.608,-1.600,2.603
4.00,2328,0.047,6.288,-2.397
4.00,2329,2.651,-1.600,2.597
4.00,2330,2.991,2.038,-2.444
4.00,2331,-2.608,-1.600,2.603
4.00,2332,5.140,-2.999,-2.443
4.00,2333,-2.897,2.075,-2.451
4.00,2334,-5.181,-2.939,-2.433
4.00,2335,-5.181,-2.939,-2.433
4.00,2336,-5.181,-2.939,-2.433
4.00,2337,0.047,6.288,-2.397
4.00,2338,-2.608,-1.600,2.603
4.00,2339,-2.897,2.075,-2.451
4.00,2340,-0.072,-3.244,-2.447
4.00,2341,-0.072,-3.244,-2.447
4.00,2342,2.651,-1.600,2.597
4.00,2343,-2.608,-1.600,2.603
4.00,2344,-0.072,-3.244,-2.447
4.00,2345,5.140,-2.999,-2.443
4.00,2346,-0.018,2.719,2.599
4.00,2347,-5.181,-2.939,-2.433
4.00,2348,-2.608,-1.600,2.603
4.00,2349,-2.897,2.075,-2.451
4.00,2350,2.991,2.038,-2.444
4.00,2351,-2.608,-1.600,2.603
4.00,2352,2.651,-1.600,2.597
4.00,2353,0.047,6.288,-2.397
4.00,2354,2.991,2.038,-2.444
4.00,2355,-0.072,-3.244,-2.447
4.00,2356,-2.897,2.075,-2.451
4.00,2357,2.991,2.038,-2.444
4.00,2358,2.651,-1.600,2.597
4.00,2359,5.140,-2.999,-2.443
4.00,2360,-0.018,2.719,2.599
4.00,2361,-0.018,2.719,2.599
4.00,2362,0.047,6.288,-2.397
4.00,2363,-0.018,2.719,2.599
4.00,2364,-2.608,-1.600,2.603
4.00,2365,2.651,-1.600,2.597
4.00,2366,5.140,-2.999,-2.443
4.00,2367,-0.018,2.719,2.599
4.00,2368,0.069,6.031,-2.402
4.00,2369,2.651,-1.600,2.597
4.00,2370,-2.608,-1.600,2.603
4.00,2371,5.140,-2.999,-2.443
4.00,2372,-5.181,-2.939,-2.433
4.00,2373,2.991,2.038,-2.444
4.00,2374,5.140,-2.999,-2.443
4.00,2375,-5.181,-2.939,-2.433
4.00,2376,2.651,-1.600,2.597
4.00,2377,-0.072,-3.244,-2.447
4.00,2378,-2.897,2.075,-2.451
4.00,2379,2.991,2.038,-2.444
4.00,2380,-2.897,2.075,-2.451
4.00,2381,-2.608,-1.600,2.603
4.00,2382,2.991,2.038,-2.444
4.00,2383,2.651,-1.600,2.597
4.00,2384,2.651,-1.600,2.597
4.00,2385,2.651,-1.600,2.597
4.00,2386,-0.056,0.052,7.682
4.00,2387,2.991,2.038,-2.444
4.00,2388,-0.056,0.052,7.682
4.00,2389,0.047,6.288,-2.397
4.00,2390,-0.056,0.052,7.682
4.00,2391,-0.072,-3.244,-2.447
4.00,2392,-5.181,-2.939,-2.433
4.00,2393,-2.897,2.075,-2.451
4.00,2394,-0.018,2.719,2.599
4.00,2395,2.991,2.038,-2.444
4.00,2396,-0.056,0.052,7.682
4.00,2397,-0.018,2.719,2.599
4.00,2398,-0.072,-3.244,-2.447
4.00,2399,-0.018,2.719,2.599
4.00,2400,-2.608,-1.600,2.603
4.00,2401,-0.018,2.719,2.599
4.00,2402,-5.181,-2.939,-2.433
4.00,2403,-2.608,-1.600,2.603
4.00,2404,2.651,-1.600,2.597
4.00,2405,-5.181,-2.939,-2.433
4.00,2406,-2.608,-1.600,2.603
4.00,2407,-2.897,2.075,-2.451
4.00,2408,2.651,-1.600,2.597
4.00,2409,-5.181,-2.939,-2.433
4.00,2410,2.651,-1.600,2.597
4.00,2411,0.047,6.288,-2.397
4.00,2412,0.047,6.288,-2.397
4.00,2413,-0.018,2.719,2.599
4.00,2414,-0.072,-3.244,-2.447
4.00,2415,-5.181,-2.939,-2.433
4.00,2416,2.991,2.038,-2.444
4.00,2417,5.140,-2.999,-2.443
4.00,2418,-0.072,-3.244,-2.447
4.00,2419,-2.897,2.075,-2.451
4.00,2420,-2.897,2.075,-2.451
4.00,2421,-0.018,2.719,2.599
4.00,2422,-0.072,-3.244,-2.447
4.00,2423,-0.018,2.719,2.599
4.00,2424,2.991,2.038,-2.444
4.00,2425,2.991,2.038,-2.444
4.00,2426,5.140,-2.999,-2.443
4.00,2427,-0.018,2.719,2.599
4.00,2428,-2.897,2.075,-2.451
4.00,2429,2.991,2.038,-2.444
4.00,2430,-0.018,2.719,2.599
4.00,2431,0.047,6.288,-2.397
4.00,2432,-5.181,-2.939,-2.433
4.00,2433,-0.018,2.719,2.599
4.00,2434,-2.897,2.075,-2.451
4.00,2435,5.140,-2.999,-2.443
4.00,2436,-2.897,2.075,-2.451
4.00,2437,2.991,2.038,-2.444
4.00,2438,-5.181,-2.939,-2.433
4.00,2439,5.140,-2.999,-2.443
4.00,2440,2.977,2.055,-2.445
4.00,2441,-0.018,2.719,2.599
4.00,2442,-5.181,-2.939,-2.433
4.00,2443,-0.056,0.052,7.682
4.00,2444,5.140,-2.999,-2.443
4.00,2445,-2.608,-1.600,2.603
4.00,2446,-0.056,0.052,7.682
4.00,2447,2.991,2.038,-2.444
4.00,2448,-0.056,0.052,7.682
4.00,2449,2.991,2.038,-2.444
4.00,2450,5.140,-2.999,-2.443
4.00,2451,0.047,6.288,-2.397
4.00,2452,5.140,-2.999,-2.443
4.00,2453,2.651,-1.600,2.597
4.00,2454,-0.056,0.052,7.682
4.00,2455,-0.072,-3.244,-2.447
4.00,2456,0.047,6.288,-2.397
4.00,2457,-5.181,-2.939,-2.433
4.00,2458,-5.181,-2.939,-2.433
4.00,2459,-2.608,-1.600,2.603
4.00,2460,-0.072,-3.244,-2.447
4.00,2461,-2.608,-1.600,2.603
4.00,2462,2.651,-1.600,2.597
4.00,2463,-2.897,2.075,-2.451
4.00,2464,0.047,6.288,-2.397
4.00,2465,5.140,-2.999,-2.443
4.00,2466,0.047,6.288,-2.397
4.00,2467,2.991,2.038,-2.444
4.00,2468,0.047,6.288,-2.397
4.00,2469,-2.897,2.075,-2.451
4.00,2470,-2.608,-1.600,2.603
4.00,2471,-2.608,-1.600,2.603
4.00,2472,-5.181,-2.939,-2.433
4.00,2473,2.651,-1.600,2.597
4.00,2474,-2.897,2.075,-2.451
4.00,2475,-2.608,-1.600,2.603
4.00,2476,5.140,-2.999,-2.443
4.00,2477,-2.897,2.075,-2.451
4.00,2478,-2.608,-1.600,2.603
4.00,2479,2.991,2.038,-2.444
4.00,2480,-5.181,-2.939,-2.433
4.00,2481,0.047,6.288,-2.397
4.00,2482,2.651,-1.600,2.597
4.00,2483,-0.018,2.719,2.599
4.00,2484,-0.018,2.719,2.599
4.00,2485,5.140,-2.999,-2.443
4.00,2486,2.991,2.038,-2.444
4.00,2487,2.649,-1.599,2.597
4.00,2488,-0.072,-3.244,-2.447
4.00,2489,5.140,-2.999,-2.443
4.00,2490,-0.072,-3.244,-2.447
4.00,2491,5.140,-2.999,-2.443
4.00,2492,2.651,-1.600,2.597
4.00,2493,-0.072,-3.244,-2.447
4.00,2494,-0.072,-3.244,-2.447
4.00,2495,0.047,6.288,-2.397
4.00,2496,-0.018,2.719,2.599
4.00,2497,-0.018,2.719,2.599
4.00,2498,-0.072,-3.244,-2.447
4.00,2499,0.047,6.288,-2.397
4.00,2500,-5.181,-2.939,-2.433
4.00,2501,-0.072,-3.244,-2.447
4.00,2502,-2.897,2.075,-2.451
4.00,2503,2.651,-1.600,2.597
4.00,2504,-0.056,0.052,7.682
4.00,2505,2.991,2.038,-2.444
4.00,2506,-0.018,2.719,2.599
4.00,2507,-5.181,-2.939,-2.433
4.00,2508,0.047,6.288,-2.397
4.00,2509,-2.897,2.075,-2.451
4.00,2510,-0.018,2.719,2.599
4.00,2511,2.651,-1.600,2.597
4.00,2512,5.140,-2.999,-2.443
4.00,2513,2.991,2.038,-2.444
4.00,2514,-0.018,2.719,2.599
4.00,2515,2.651,-1.600,2.597
4.00,2516,-0.018,2.719,2.599
4.00,2517,2.651,-1.600,2.597
4.00,2518,-0.018,2.719,2.599
4.00,2519,-2.897,2.075,-2.451
4.00,2520,-2.897,2.075,-2.451
4.00,2521,-0.072,-3.244,-2.447
4.00,2522,2.991,2.038,-2.444
4.00,2523,-2.897,2.075,-2.451
4.00,2524,-0.018,2.719,2.599
4.00,2525,2.651,-1.600,2.597
4.00,2526,5.140,-2.999,-2.443
4.00,2527,-0.056,0.052,7.682
4.00,2528,-5.181,-2.939,-2.433
4.00,2529,5.140,-2.999,-2.443
4.00,2530,2.651,-1.600,2.597
4.00,2531,-2.608,-1.600,2.603
4.00,2532,-2.608,-1.600,2.603
4.00,2533,-0.018,2.719,2.599
4.00,2534,-2.897,2.075,-2.451
4.00,2535,-5.181,-2.939,-2.433
4.00,2536,5.140,-2.999,-2.443
4.00,2537,-2.897,2.075,-2.451
4.00,2538,-2.897,2.075,-2.451
4.00,2539,-0.072,-3.244,-2.447
4.00,2540,-2.608,-1.600,2.603
4.00,2541,-0.056,0.052,7.682
4.00,2542,2.991,2.038,-2.444
4.00,2543,-0.072,-3.244,-2.447
4.00,2544,2.651,-1.600,2.597
4.00,2545,-2.897,2.075,-2.451
4.00,2546,-0.018,2.719,2.599
4.00,2547,-0.018,2.719,2.599
4.00,2548,-0.072,-3.244,-2.447
4.00,2549,5.140,-2.999,-2.443
4.00,2550,5.140,-2.999,-2.443
4.00,2551,-5.181,-2.939,-2.433
4.00,2552,-2.608,-1.600,2.603
4.00,2553,2.991,2.038,-2.444
4.00,2554,0.047,6.288,-2.397
4.00,2555,5.140,-2.999,-2.443
4.00,2556,2.651,-1.600,2.597
4.00,2557,-2.608,-1.600,2.603
4.00,2558,-0.018,2.719,2.599
4.00,2559,-0.072,-3.244,-2.447
4.00,2560,2.991,2.038,-2.444
4.00,2561,2.651,-1.600,2.597
4.00,2562,-2.608,-1.600,2.603
4.00,2563,2.651,-1.600,2.597
4.00,2564,-2.608,-1.600,2.603
4.00,2565,2.991,2.038,-2.444
4.00,2566,-5.181,-2.939,-2.433
4.00,2567,0.047,6.288,-2.397
4.00,2568,-2.897,2.075,-2.451
4.00,2569,-5.181,-2.939,-2.433
4.00,2570,-2.897,2.075,-2.451
4.00,2571,0.047,6.288,-2.397
4.00,2572,0.047,6.288,-2.397
4.00,2573,-2.608,-1.600,2.603
4.00,2574,5.140,-2.999,-2.443
4.00,2575,2.991,2.038,-2.444
4.00,2576,2.991,2.038,-2.444
4.00,2577,-2.897,2.075,-2.451
4.00,2578,5.140,-2.999,-2.443
4.00,2579,-0.072,-3.244,-2.447
4.00,2580,-2.608,-1.600,2.603
4.00,2581,-5.181,-2.939,-2.433
4.00,2582,0.047,6.288,-2.397
4.00,2583,-0.072,-3.244,-2.447
4.00,2584,-0.018,2.719,2.599
4.00,2585,2.991,2.038,-2.444
4.00,2586,-2.608,-1.600,2.603
4.00,2587,-0.072,-3.244,-2.447
4.00,2588,-2.897,2.075,-2.451
4.00,2589,2.651,-1.600,2.597
4.00,2590,-0.018,2.719,2.599
4.00,2591,-0.018,2.719,2.599
4.00,2592,-5.181,-2.939,-2.433
4.00,2593,5.140,-2.999,-2.443
4.00,2594,5.140,-2.999,-2.443
4.00,2595,2.651,-1.600,2.597
4.00,2596,-0.056,0.052,7.682
4.00,2597,-2.897,2.075,-2.451
4.00,2598,0.047,6.288,-2.397
4.00,2599,-0.072,-3.244,-2.447
4.00,2600,-0.072,-3.244,-2.447
4.00,2601,-5.181,-2.939,-2.433
4.00,2602,-0.072,-3.244,-2.447
4.00,2603,-0.018,2.719,2.599
4.00,2604,-0.056,0.052,7.682
4.00,2605,2.991,2.038,-2.444
4.00,2606,-5.181,-2.939,-2.433
4.00,2607,-2.897,2.075,-2.451
4.00,2608,-0.072,-3.244,-2.447
4.00,2609,-2.608,-1.600,2.603
4.00,2610,-2.608,-1.600,2.603
4.00,2611,0.047,6.288,-2.397
4.00,2612,-0.072,-3.244,-2.447
4.00,2613,-5.181,-2.939,-2.433
4.00,2614,5.140,-2.999,-2.443
4.00,2615,-0.072,-3.244,-2.447
4.00,2616,2.651,-1.600,2.597
4.00,2617,-2.897,2.075,-2.451
4.00,2618,-5.181,-2.939,-2.433
4.00,2619,0.047,6.288,-2.397
4.00,2620,-2.897,2.075,-2.451
4.00,2621,2.651,-1.600,2.597
4.00,2622,-0.072,-3.244,-2.447
4.00,2623,5.140,-2.999,-2.443
4.00,2624,-2.608,-1.600,2.603
4.00,2625,-0.072,-3.244,-2.447
4.00,2626,-5.181,-2.939,-2.433
4.00,2627,-0.072,-3.244,-2.447
4.00,2628,2.991,2.038,-2.444
4.00,2629,-2.897,2.075,-2.451
4.00,2630,2.651,-1.600,2.597
4.00,2631,2.651,-1.600,2.597
4.00,2632,2.991,2.038,-2.444
4.00,2633,5.140,-2.999,-2.443
4.00,2634,5.140,-2.999,-2.443
4.00,2635,-2.608,-1.600,2.603
4.00,2636,-0.018,2.719,2.599
4.00,2637,-5.181,-2.939,-2.433
4.00,2638,0.047,6.288,-2.397
4.00,2639,2.991,2.038,-2.444
4.00,2640,-0.056,0.052,7.682
4.00,2641,-5.181,-2.939,-2.433
4.00,2642,2.991,2.038,-2.444
4.00,2643,5.140,-2.999,-2.443
4.00,2644,5.140,-2.999,-2.443
4.00,2645,2.991,2.038,-2.444
4.00,2646,2.651,-1.600,2.597
4.00,2647,-0.018,2.719,2.599
4.00,2648,-0.056,0.052,7.682
4.00,2649,0.047,6.288,-2.397
4.00,2650,-2.608,-1.600,2.603
4.00,2651,2.991,2.038,-2.444
4.00,2652,0.047,6.288,-2.397
4.00,2653,2.651,-1.600,2.597
4.00,2654,-2.608,-1.600,2.603
4.00,2655,-5.181,-2.939,-2.433
4.00,2656,-0.018,2.719,2.599
4.00,2657,5.140,-2.999,-2.443
4.00,2658,2.651,-1.600,2.597
4.00,2659,-2.897,2.075,-2.451
4.00,2660,2.991,2.038,-2.444
4.00,2661,-5.181,-2.939,-2.433
4.00,2662,-0.072,-3.244,-2.447
4.00,2663,2.991,2.038,-2.444
4.00,2664,-0.056,0.052,7.682
4.00,2665,5.140,-2.999,-2.443
4.00,2666,-2.608,-1.600,2.603
4.00,2667,5.140,-2.999,-2.443
4.00,2668,2.991,2.038,-2.444
4.00,2669,-2.608,-1.600,2.603
4.00,2670,-5.181,-2.939,-2.433
4.00,2671,-5.181,-2.939,-2.433
4.00,2672,-2.608,-1.600,2.603
4.00,2673,-2.897,2.075,-2.451
4.00,2674,0.047,6.288,-2.397
4.00,2675,-5.181,-2.939,-2.433
4.00,2676,-2.608,-1.600,2.603
4.00,2677,2.651,-1.600,2.597
4.00,2678,-0.018,2.719,2.599
4.00,2679,2.991,2.038,-2.444
4.00,2680,2.651,-1.600,2.597
4.00,2681,-0.018,2.719,2.599
4.00,2682,-0.072,-3.244,-2.447
4.00,2683,-0.018,2.719,2.599
4.00,2684,-0.072,-3.244,-2.447
4.00,2685,0.047,6.288,-2.397
4.00,2686,2.651,-1.600,2.597
4.00,2687,0.047,6.288,-2.397
4.00,2688,-5.181,-2.939,-2.433
4.00,2689,0.047,6.288,-2.397
4.00,2690,0.047,6.288,-2.397
4.00,2691,2.991,2.038,-2.444
4.00,2692,-0.072,-3.244,-2.447
4.00,2693,-0.018,2.719,2.599
4.00,2694,0.047,6.288,-2.397
4.00,2695,-5.181,-2.939,-2.433
4.00,2696,5.140,-2.999,-2.443
4.00,2697,2.991,2.038,-2.444
4.00,2698,2.651,-1.600,2.597
4.00,2699,2.651,-1.600,2.597
4.00,2700,5.140,-2.999,-2.443
4.00,2701,-2.608,-1.600,2.603
4.00,2702,2.991,2.038,-2.444
4.00,2703,0.047,6.288,-2.397
4.00,2704,-0.018,2.719,2.599
4.00,2705,0.047,6.288,-2.397
4.00,2706,-5.181,-2.939,-2.433
4.00,2707,-5.181,-2.939,-2.433
4.00,2708,0.047,6.288,-2.397
4.00,2709,-5.181,-2.939,-2.433
4.00,2710,-0.072,-3.244,-2.447
4.00,2711,-0.018,2.719,2.599
4.00,2712,-0.018,2.719,2.599
4.00,2713,-2.897,2.075,-2.451
4.00,2714,-0.072,-3.244,-2.447
4.00,2715,2.991,2.038,-2.444
4.00,2716,2.651,-1.600,2.597
4.00,2717,0.047,6.288,-2.397
4.00,2718,2.651,-1.600,2.597
4.00,2719,-2.897,2.075,-2.451
4.00,2720,-2.608,-1.600,2.603
4.00,2721,-0.072,-3.244,-2.447
4.00,2722,-0.072,-3.244,-2.447
4.00,2723,5.140,-2.999,-2.443
4.00,2724,-0.072,-3.244,-2.447
4.00,2725,-5.181,-2.939,-2.433
4.00,2726,5.140,-2.999,-2.443
4.00,2727,2.991,2.038,-2.444
4.00,2728,-0.018,2.719,2.599
4.00,2729,0.047,6.288,-2.397
4.00,2730,5.140,-2.999,-2.443
4.00,2731,0.047,6.288,-2.397
4.00,2732,0.047,6.288,-2.397
4.00,2733,-2.897,2.075,-2.451
4.00,2734,5.140,-2.999,-2.443
4.00,2735,0.047,6.288,-2.397
4.00,2736,2.651,-1.600,2.597
4.00,2737,0.047,6.287,-2.397
4.00,2738,5.140,-2.999,-2.443
4.00,2739,-0.072,-3.244,-2.447
4.00,2740,-5.181,-2.939,-2.433
4.00,2741,-2.608,-1.600,2.603
4.00,2742,5.140,-2.999,-2.443
4.00,2743,2.651,-1.600,2.597
4.00,2744,2.651,-1.600,2.597
4.00,2745,2.651,-1.600,2.597
4.00,2746,-5.181,-2.939,-2.433
4.00,2747,2.991,2.038,-2.444
4.00,2748,-5.181,-2.939,-2.433
4.00,2749,-5.181,-2.939,-2.433
4.00,2750,-0.072,-3.244,-2.447
4.00,2751,-0.018,2.719,2.599
4.00,2752,-2.897,2.075,-2.451
4.00,2753,-0.018,2.719,2.599
4.00,2754,2.991,2.038,-2.444
4.00,2755,2.991,2.038,-2.444
4.00,2756,2.651,-1.600,2.597
4.00,2757,0.047,6.288,-2.397
4.00,2758,2.651,-1.600,2.597
4.00,2759,-2.897,2.075,-2.451
4.00,2760,2.991,2.038,-2.444
4.00,2761,2.651,-1.600,2.597
4.00,2762,-0.018,2.719,2.599
4.00,2763,-2.897,2.075,-2.451
4.00,2764,5.140,-2.999,-2.443
4.00,2765,-2.608,-1.600,2.603
4.00,2766,-0.072,-3.244,-2.447
4.00,2767,-0.072,-3.244,-2.447
4.00,2768,2.991,2.038,-2.444
4.00,2769,-5.181,-2.939,-2.433
4.00,2770,-2.897,2.075,-2.451
4.00,2771,0.047,6.288,-2.397
4.00,2772,-0.018,2.719,2.599
4.00,2773,-0.018,2.719,2.599
4.00,2774,-5.181,-2.939,-2.433
4.00,2775,5.125,-2.988,-2.444
4.00,2776,-0.018,2.719,2.599
4.00,2777,0.047,6.288,-2.397
4.00,2778,-2.608,-1.600,2.603
4.00,2779,-0.072,-3.244,-2.447
4.00,2780,-2.608,-1.600,2.603
4.00,2781,0.047,6.288,-2.397
4.00,2782,0.047,6.288,-2.397
4.00,2783,2.991,2.038,-2.444
4.00,2784,2.991,2.038,-2.444
4.00,2785,2.651,-1.600,2.597
4.00,2786,-0.018,2.719,2.599
4.00,2787,2.651,-1.600,2.597
4.00,2788,0.047,6.288,-2.397
4.00,2789,2.651,-1.600,2.597
4.00,2790,2.991,2.038,-2.444
4.00,2791,-0.072,-3.244,-2.447
4.00,2792,5.140,-2.999,-2.443
4.00,2793,-2.897,2.075,-2.451
4.00,2794,-2.897,2.075,-2.451
4.00,2795,-2.608,-1.600,2.603
4.00,2796,-2.608,-1.600,2.603
4.00,2797,-0.018,2.719,2.599
4.00,2798,-0.018,2.719,2.599
4.00,2799,-0.072,-3.244,-2.447
4.00,2800,2.991,2.038,-2.444
4.00,2801,-2.897,2.075,-2.451
4.00,2802,5.140,-2.999,-2.443
4.00,2803,-5.181,-2.939,-2.433
4.00,2804,0.047,6.288,-2.397
4.00,2805,-2.897,2.075,-2.451
4.00,2806,-0.056,0.052,7.682
4.00,2807,-2.608,-1.600,2.603
4.00,2808,-0.056,0.052,7.682
4.00,2809,-1.903,-5.674,0.516
4.00,2810,-5.181,-2.939,-2.433
4.00,2811,0.047,6.288,-2.397
4.00,2812,2.991,2.038,-2.444
4.00,2813,-2.897,2.075,-2.451
4.00,2814,5.140,-2.999,-2.443
4.00,2815,-0.072,-3.244,-2.447
4.00,2816,-5.181,-2.939,-2.433
4.00,2817,-0.018,2.719,2.599
4.00,2818,2.991,2.038,-2.444
4.00,2819,0.047,6.288,-2.397
4.00,2820,-5.181,-2.939,-2.433
4.00,2821,-2.608,-1.600,2.603
4.00,2822,5.140,-2.999,-2.443
4.00,2823,0.047,6.288,-2.397
4.00,2824,-5.181,-2.939,-2.433
4.00,2825,-0.018,2.719,2.599
4.00,2826,-0.072,-3.244,-2.447
4.00,2827,-0.072,-3.244,-2.447
4.00,2828,0.047,6.288,-2.397
4.00,2829,-2.897,2.075,-2.451
4.00,2830,-5.180,-2.939,-2.433
4.00,2831,-0.072,-3.244,-2.447
4.00,2832,5.140,-2.999,-2.443
4.00,2833,-0.056,0.052,7.682
4.00,2834,2.651,-1.600,2.597
4.00,2835,-0.072,-3.244,-2.447
4.00,2836,2.991,2.038,-2.444
4.00,2837,-5.181,-2.939,-2.433
4.00,2838,-2.608,-1.600,2.603
4.00,2839,-0.072,-3.244,-2.447
4.00,2840,2.991,2.038,-2.444
4.00,2841,2.651,-1.600,2.597
4.00,2842,2.651,-1.600,2.597
4.00,2843,2.991,2.038,-2.444
4.00,2844,-2.897,2.075,-2.451
4.00,2845,0.047,6.288,-2.397
4.00,2846,-0.072,-3.244,-2.447
4.00,2847,0.047,6.288,-2.397
4.00,2848,-5.181,-2.939,-2.433
4.00,2849,2.991,2.038,-2.444
4.00,2850,0.047,6.288,-2.397
4.00,2851,5.140,-2.999,-2.443
4.00,2852,2.991,2.038,-2.444
4.00,2853,2.651,-1.600,2.597
4.00,2854,0.047,6.288,-2.397
4.00,2855,-5.181,-2.939,-2.433
4.00,2856,-2.608,-1.600,2.603
4.00,2857,5.140,-2.999,-2.443
4.00,2858,-2.897,2.075,-2.451
4.00,2859,-0.018,2.719,2.599
4.00,2860,-0.056,0.052,7.682
4.00,2861,-0.018,2.719,2.599
4.00,2862,-0.018,2.719,2.599
4.00,2863,-0.018,2.719,2.599
4.00,2864,-0.072,-3.244,-2.447
4.00,2865,0.047,6.288,-2.397
4.00,2866,-0.018,2.719,2.599
4.00,2867,-2.608,-1.600,2.603
4.00,2868,2.651,-1.600,2.597
4.00,2869,0.047,6.288,-2.397
4.00,2870,-2.897,2.075,-2.451
4.00,2871,2.651,-1.600,2.597
4.00,2872,2.976,2.057,-2.445
4.00,2873,5.140,-2.999,-2.443
4.00,2874,-0.056,0.052,7.682
4.00,2875,5.140,-2.999,-2.443
4.00,2876,-0.056,0.052,7.682
4.00,2877,-5.181,-2.939,-2.433
4.00,2878,5.140,-2.999,-2.443
4.00,2879,2.651,-1.600,2.597
4.00,2880,-0.018,2.719,2.599
4.00,2881,-2.897,2.075,-2.451
4.00,2882,-0.018,2.719,2.599
4.00,2883,0.047,6.288,-2.397
4.00,2884,-2.608,-1.600,2.603
4.00,2885,2.651,-1.600,2.597
4.00,2886,-0.018,2.719,2.599
4.00,2887,-0.018,2.719,2.599
4.00,2888,0.047,6.288,-2.397
4.00,2889,2.991,2.038,-2.444
4.00,2890,-5.181,-2.939,-2.433
4.00,2891,2.991,2.038,-2.444
4.00,2892,0.047,6.288,-2.397
4.00,2893,0.047,6.288,-2.397
4.00,2894,0.047,6.288,-2.397
4.00,2895,-0.072,-3.244,-2.447
4.00,2896,-0.072,-3.244,-2.447
4.00,2897,-2.897,2.075,-2.451
4.00,2898,-0.018,2.719,2.599
4.00,2899,-2.608,-1.600,2.603
4.00,2900,5.140,-2.999,-2.443
4.00,2901,2.651,-1.600,2.597
4.00,2902,-0.072,-3.244,-2.447
4.00,2903,5.140,-2.999,-2.443
4.00,2904,-0.072,-3.244,-2.447
4.00,2905,-0.018,2.719,2.599
4.00,2906,5.140,-2.999,-2.443
4.00,2907,-0.072,-3.244,-2.447
4.00,2908,-2.608,-1.600,2.603
4.00,2909,2.991,2.038,-2.444
4.00,2910,0.047,6.288,-2.397
4.00,2911,-2.897,2.075,-2.451
4.00,2912,-2.608,-1.600,2.603
4.00,2913,-0.018,2.719,2.599
4.00,2914,5.140,-2.999,-2.443
4.00,2915,-5.181,-2.939,-2.433
4.00,2916,0.047,6.288,-2.397
4.00,2917,2.991,2.038,-2.444
4.00,2918,-2.608,-1.600,2.603
4.00,2919,-0.056,0.052,7.682
4.00,2920,-0.018,2.719,2.599
4.00,2921,-0.018,2.719,2.599
4.00,2922,0.047,6.288,-2.397
4.00,2923,-0.018,2.719,2.599
4.00,2924,0.047,6.288,-2.397
4.00,2925,-0.018,2.719,2.599
4.00,2926,5.140,-2.999,-2.443
4.00,2927,-0.072,-3.244,-2.447
4.00,2928,5.140,-2.999,-2.443
4.00,2929,2.991,2.038,-2.444
4.00,2930,2.651,-1.600,2.597
4.00,2931,-0.018,2.719,2.599
4.00,2932,2.651,-1.600,2.597
4.00,2933,-2.608,-1.600,2.603
4.00,2934,5.140,-2.999,-2.443
4.00,2935,-0.056,0.052,7.682
4.00,2936,2.651,-1.600,2.597
4.00,2937,-0.072,-3.244,-2.447
4.00,2938,-0.072,-3.244,-2.447
4.00,2939,5.140,-2.999,-2.443
4.00,2940,-0.018,2.719,2.599
4.00,2941,-0.056,0.052,7.682
4.00,2942,-2.897,2.075,-2.451
4.00,2943,-0.056,0.052,7.682
4.00,2944,0.047,6.288,-2.397
4.00,2945,-5.181,-2.939,-2.433
4.00,2946,-5.181,-2.939,-2.433
4.00,2947,0.047,6.288,-2.397
4.00,2948,2.991,2.038,-2.444
4.00,2949,-5.181,-2.939,-2.433
4.00,2950,-2.608,-1.600,2.603
4.00,2951,-2.897,2.075,-2.451
4.00,2952,2.651,-1.600,2.597
4.00,2953,2.991,2.038,-2.444
4.00,2954,2.651,-1.600,2.597
4.00,2955,-2.897,2.075,-2.451
4.00,2956,-0.072,-3.244,-2.447
4.00,2957,2.991,2.038,-2.444
4.00,2958,2.991,2.038,-2.444
4.00,2959,-0.018,2.719,2.599
4.00,2960,-0.072,-3.244,-2.447
4.00,2961,-5.181,-2.939,-2.433
4.00,2962,5.140,-2.999,-2.443
4.00,2963,0.047,6.288,-2.397
4.00,2964,-0.018,2.719,2.599
4.00,2965,0.047,6.288,-2.397
4.00,2966,-5.181,-2.939,-2.433
4.00,2967,2.651,-1.600,2.597
4.00,2968,5.140,-2.999,-2.443
4.00,2969,-0.018,2.719,2.599
4.00,2970,2.991,2.038,-2.444
4.00,2971,2.991,2.038,-2.444
4.00,2972,2.651,-1.600,2.597
4.00,2973,5.140,-2.999,-2.443
4.00,2974,0.047,6.288,-2.397
4.00,2975,-0.018,2.719,2.599
4.00,2976,2.991,2.038,-2.444
4.00,2977,-0.056,0.052,7.682
4.00,2978,-2.608,-1.600,2.603
4.00,2979,2.651,-1.600,2.597
4.00,2980,-0.072,-3.244,-2.447
4.00,2981,-2.897,2.075,-2.451
4.00,2982,5.132,-2.995,-2.444
4.00,2983,-2.608,-1.600,2.603
4.00,2984,5.140,-2.999,-2.443
4.00,2985,-0.072,-3.244,-2.447
4.00,2986,-2.897,2.075,-2.451
4.00,2987,-0.018,2.719,2.599
4.00,2988,0.047,6.293,-2.397
4.00,2989,-2.897,2.075,-2.451
4.00,2990,-0.056,0.052,7.682
4.00,2991,0.047,6.288,-2.397
4.00,2992,-5.181,-2.939,-2.433
4.00,2993,2.651,-1.600,2.597
4.00,2994,2.651,-1.600,2.597
4.00,2995,-0.072,-3.244,-2.447
4.00,2996,-0.072,-3.244,-2.447
4.00,2997,-0.018,2.719,2.599
4.00,2998,5.140,-2.999,-2.443
4.00,2999,5.140,-2.999,-2.443
8.00,0,2.991,2.038,-2.444
8.00,1,-0.072,-3.244,-2.447
8.00,2,2.991,2.038,-2.444
8.00,3,-2.897,2.075,-2.451
8.00,4,2.651,-1.600,2.597
8.00,5,5.140,-2.999,-2.443
8.00,6,-2.608,-1.600,2.603
8.00,7,5.140,-2.999,-2.443
8.00,8,0.047,6.288,-2.397
8.00,9,-2.608,-1.600,2.603
8.00,10,-2.608,-1.600,2.603
8.00,11,-2.897,2.075,-2.451
8.00,12,2.991,2.038,-2.444
8.00,13,-0.072,-3.244,-2.447
8.00,14,-0.072,-3.244,-2.447
8.00,15,-0.072,-3.244,-2.447
8.00,16,2.991,2.038,-2.444
8.00,17,-5.181,-2.939,-2.433
8.00,18,2.991,2.038,-2.444
8.00,19,-2.897,2.075,-2.451
8.00,20,5.140,-2.999,-2.443
8.00,21,5.140,-2.999,-2.443
8.00,22,-2.608,-1.600,2.603
8.00,23,2.651,-1.600,2.597
8.00,24,5.140,-2.999,-2.443
8.00,25,2.991,2.038,-2.444
8.00,26,5.140,-2.999,-2.443
8.00,27,-0.072,-3.244,-2.447
8.00,28,5.140,-2.999,-2.443
8.00,29,2.651,-1.600,2.597
8.00,30,2.651,-1.600,2.597
8.00,31,-2.608,-1.600,2.603
8.00,32,5.140,-2.999,-2.443
8.00,33,-0.018,2.719,2.599
8.00,34,-0.072,-3.244,-2.447
8.00,35,5.140,-2.999,-2.443
8.00,36,-5.181,-2.939,-2.433
8.00,37,-5.181,-2.939,-2.433
8.00,38,2.651,-1.600,2.597
8.00,39,-0.072,-3.244,-2.447
8.00,40,-2.608,-1.600,2.603
8.00,41,-2.897,2.075,-2.451
8.00,42,-2.608,-1.600,2.603
8.00,43,5.140,-2.999,-2.443
8.00,44,-2.608,-1.600,2.603
8.00,45,-0.018,2.719,2.599
8.00,46,5.140,-2.999,-2.443
8.00,47,-0.056,0.052,7.682
8.00,48,2.651,-1.600,2.597
8.00,49,0.047,6.288,-2.397
8.00,50,2.991,2.038,-2.444
8.00,51,-2.897,2.075,-2.451
8.00,52,0.047,6.288,-2.397
8.00,53,2.651,-1.600,2.597
8.00,54,2.651,-1.600,2.597
8.00,55,-0.072,-3.244,-2.447
8.00,56,2.991,2.038,-2.444
8.00,57,0.047,6.288,-2.397
8.00,58,2.991,2.038,-2.444
8.00,59,5.140,-2.999,-2.443
8.00,60,-0.018,2.719,2.599
8.00,61,5.140,-2.999,-2.443
8.00,62,-2.897,2.075,-2.451
8.00,63,2.991,2.038,-2.444
8.00,64,-2.608,-1.600,2.603
8.00,65,-0.072,-3.244,-2.447
8.00,66,-5.181,-2.939,-2.433
8.00,67,0.047,6.288,-2.397
8.00,68,2.991,2.038,-2.444
8.00,69,-0.018,2.719,2.599
8.00,70,2.991,2.038,-2.444
8.00,71,0.047,6.288,-2.397
8.00,72,-5.181,-2.939,-2.433
8.00,73,-5.181,-2.939,-2.433
8.00,74,5.140,-2.999,-2.443
8.00,75,5.140,-2.999,-2.443
8.00,76,0.047,6.288,-2.397
8.00,77,-0.018,2.719,2.599
8.00,78,-2.608,-1.600,2.603
8.00,79,-2.608,-1.600,2.603
8.00,80,-2.897,2.075,-2.451
8.00,81,2.991,2.038,-2.444
8.00,82,-0.072,-3.244,-2.447
8.00,83,-2.608,-1.600,2.603
8.00,84,-0.018,2.719,2.599
8.00,85,-2.897,2.075,-2.451
8.00,86,5.140,-2.999,-2.443
8.00,87,-2.897,2.075,-2.451
8.00,88,-0.072,-3.244,-2.447
8.00,89,2.991,2.038,-2.444
8.00,90,-0.072,-3.244,-2.447
8.00,91,-0.072,-3.244,-2.447
8.00,92,-5.181,-2.939,-2.433
8.00,93,-2.897,2.075,-2.451
8.00,94,2.991,2.038,-2.444
8.00,95,-0.056,0.052,7.682
8.00,96,2.991,2.038,-2.444
8.00,97,-0.018,2.719,2.599
8.00,98,-0.056,0.052,7.682
8.00,99,-5.181,-2.939,-2.433
8.00,100,-0.072,-3.244,-2.447
8.00,101,5.140,-2.999,-2.443
8.00,102,0.047,6.288,-2.397
8.00,103,-0.072,-3.244,-2.447
8.00,104,2.991,2.038,-2.444
8.00,105,2.991,2.038,-2.444
8.00,106,0.047,6.288,-2.397
8.00,107,0.047,6.288,-2.397
8.00,108,2.991,2.038,-2.444
8.00,109,-0.018,2.719,2.599
8.00,110,0.047,6.288,-2.397
8.00,111,5.140,-2.999,-2.443
8.00,112,-0.072,-3.244,-2.447
8.00,113,2.991,2.038,-2.444
8.00,114,-2.608,-1.600,2.603
8.00,115,2.991,2.038,-2.444
8.00,116,-0.056,0.052,7.682
8.00,117,-2.608,-1.600,2.603
8.00,118,2.651,-1.600,2.597
8.00,119,5.140,-2.999,-2.443
8.00,120,-0.072,-3.244,-2.447
8.00,121,-0.072,-3.244,-2.447
8.00,122,2.651,-1.600,2.597
8.00,123,-2.897,2.075,-2.451
8.00,124,-0.018,2.719,2.599
8.00,125,2.991,2.038,-2.444
8.00,126,-0.018,2.719,2.599
8.00,127,2.991,2.038,-2.444
8.00,128,-0.072,-3.244,-2.447
8.00,129,-2.608,-1.600,2.603
8.00,130,-0.056,0.052,7.682
8.00,131,-0.056,0.052,7.682
8.00,132,-0.018,2.719,2.599
8.00,133,-0.018,2.719,2.599
8.00,134,-0.056,0.052,7.682
8.00,135,-5.181,-2.939,-2.433
8.00,136,0.047,6.288,-2.397
8.00,137,5.140,-2.999,-2.443
8.00,138,2.651,-1.600,2.597
8.00,139,2.991,2.038,-2.444
8.00,140,0.047,6.288,-2.397
8.00,141,2.991,2.038,-2.444
8.00,142,-2.608,-1.600,2.603
8.00,143,2.651,-1.600,2.597
8.00,144,-0.018,2.719,2.599
8.00,145,-0.072,-3.244,-2.447
8.00,146,2.991,2.038,-2.444
8.00,147,-5.181,-2.939,-2.433
8.00,148,-0.072,-3.244,-2.447
8.00,149,-0.018,2.719,2.599
8.00,150,5.140,-2.999,-2.443
8.00,151,5.140,-2.999,-2.443
8.00,152,5.140,-2.999,-2.443
8.00,153,-0.072,-3.244,-2.447
8.00,154,-0.072,-3.244,-2.447
8.00,155,-0.018,2.719,2.599
8.00,156,2.651,-1.600,2.597
8.00,157,-5.181,-2.939,-2.433
8.00,158,-2.897,2.075,-2.451
8.00,159,0.047,6.288,-2.397
8.00,160,-0.072,-3.244,-2.447
8.00,161,-5.181,-2.939,-2.433
8.00,162,2.991,2.038,-2.444
8.00,163,-2.608,-1.600,2.603
8.00,164,2.991,2.038,-2.444
8.00,165,0.047,6.288,-2.397
8.00,166,-0.072,-3.244,-2.447
8.00,167,-2.608,-1.600,2.603
8.00,168,5.140,-2.999,-2.443
8.00,169,-0.072,-3.244,-2.447
8.00,170,-2.608,-1.600,2.603
8.00,171,2.651,-1.600,2.597
8.00,172,-0.056,0.052,7.682
8.00,173,-2.897,2.075,-2.451
8.00,174,-0.018,2.719,2.599
8.00,175,-2.897,2.075,-2.451
8.00,176,-2.608,-1.600,2.603
8.00,177,0.047,6.288,-2.397
8.00,178,-0.072,-3.244,-2.447
8.00,179,2.651,-1.600,2.597
8.00,180,-2.897,2.075,-2.451
8.00,181,-0.072,-3.244,-2.447
8.00,182,-2.897,2.075,-2.451
8.00,183,2.651,-1.600,2.597
8.00,184,-5.181,-2.939,-2.433
8.00,185,5.140,-2.999,-2.443
8.00,186,5.140,-2.999,-2.443
8.00,187,-2.608,-1.600,2.603
8.00,188,-5.181,-2.939,-2.433
8.00,189,0.047,6.288,-2.397
8.00,190,-0.018,2.719,2.599
8.00,191,-0.018,2.719,2.599
8.00,192,-2.608,-1.600,2.603
8.00,193,-0.072,-3.244,-2.447
8.00,194,-0.072,-3.244,-2.447
8.00,195,2.651,-1.600,2.597
8.00,196,0.047,6.288,-2.397
8.00,197,-2.608,-1.600,2.603
8.00,198,-5.181,-2.939,-2.433
8.00,199,-0.056,0.052,7.682
8.00,200,-2.897,2.075,-2.451
8.00,201,0.047,6.288,-2.397
8.00,202,2.651,-1.600,2.597
8.00,203,-2.608,-1.600,2.603
8.00,204,-0.018,2.719,2.599
8.00,205,-5.181,-2.939,-2.433
8.00,206,2.991,2.038,-2.444
8.00,207,-0.072,-3.244,-2.447
8.00,208,2.991,2.038,-2.444
8.00,209,-0.018,2.719,2.599
8.00,210,-2.897,2.075,-2.451
8.00,211,-5.181,-2.939,-2.433
8.00,212,-0.018,2.719,2.599
8.00,213,-2.608,-1.600,2.603
8.00,214,-0.018,2.719,2.599
8.00,215,2.651,-1.600,2.597
8.00,216,0.047,6.288,-2.397
8.00,217,5.140,-2.999,-2.443
8.00,218,2.651,-1.600,2.597
8.00,219,2.991,2.038,-2.444
8.00,220,-2.608,-1.600,2.603
8.00,221,2.651,-1.600,2.597
8.00,222,-2.608,-1.600,2.603
8.00,223,0.047,6.288,-2.397
8.00,224,-2.897,2.075,-2.451
8.00,225,-0.072,-3.244,-2.447
8.00,226,-2.897,2.075,-2.451
8.00,227,-5.181,-2.939,-2.433
8.00,228,-5.181,-2.939,-2.433
8.00,229,-2.608,-1.600,2.603
8.00,230,0.047,6.288,-2.397
8.00,231,-5.181,-2.939,-2.433
8.00,232,-2.897,2.075,-2.451
8.00,233,-2.897,2.075,-2.451
8.00,234,2.991,2.038,-2.444
8.00,235,0.047,6.288,-2.397
8.00,236,-0.018,2.719,2.599
8.00,237,5.140,-2.999,-2.443
8.00,238,2.651,-1.600,2.597
8.00,239,-5.181,-2.939,-2.433
8.00,240,2.651,-1.600,2.597
8.00,241,5.140,-2.999,-2.443
8.00,242,-0.072,-3.244,-2.447
8.00,243,-0.018,2.719,2.599
8.00,244,-2.897,2.075,-2.451
8.00,245,-5.181,-2.939,-2.433
8.00,246,-0.018,2.719,2.599
8.00,247,2.651,-1.600,2.597
8.00,248,-5.181,-2.939,-2.433
8.00,249,-2.608,-1.600,2.603
8.00,250,0.047,6.288,-2.397
8.00,251,-0.018,2.719,2.599
8.00,252,0.047,6.288,-2.397
8.00,253,-0.072,-3.244,-2.447
8.00,254,0.047,6.288,-2.397
8.00,255,-0.018,2.719,2.599
8.00,256,2.651,-1.600,2.597
8.00,257,-0.072,-3.244,-2.447
8.00,258,2.651,-1.600,2.597
8.00,259,-0.072,-3.244,-2.447
8.00,260,2.991,2.038,-2.444
8.00,261,-0.018,2.719,2.599
8.00,262,5.140,-2.999,-2.443
8.00,263,2.651,-1.600,2.597
8.00,264,-2.608,-1.600,2.603
8.00,265,-5.181,-2.939,-2.433
8.00,266,-0.056,0.052,7.682
8.00,267,0.047,6.288,-2.397
8.00,268,2.991,2.038,-2.444
8.00,269,0.047,6.288,-2.397
8.00,270,2.991,2.038,-2.444
8.00,271,-0.018,2.719,2.599
8.00,272,-0.072,-3.244,-2.447
8.00,273,-0.072,-3.244,-2.447
8.00,274,-0.018,2.719,2.599
8.00,275,-2.608,-1.600,2.603
8.00,276,-0.072,-3.244,-2.447
8.00,277,5.140,-2.999,-2.443
8.00,278,2.651,-1.600,2.597
8.00,279,-0.018,2.719,2.599
8.00,280,-2.608,-1.600,2.603
8.00,281,-0.072,-3.244,-2.447
8.00,282,-2.608,-1.600,2.603
8.00,283,0.047,6.288,-2.397
8.00,284,-0.018,2.719,2.599
8.00,285,-2.608,-1.600,2.603
8.00,286,-2.897,2.075,-2.451
8.00,287,2.991,2.038,-2.444
8.00,288,5.140,-2.999,-2.443
8.00,289,2.991,2.038,-2.444
8.00,290,2.651,-1.600,2.597
8.00,291,2.991,2.038,-2.444
8.00,292,-0.072,-3.244,-2.447
8.00,293,-5.181,-2.939,-2.433
8.00,294,2.991,2.038,-2.444
8.00,295,2.651,-1.600,2.597
8.00,296,-2.897,2.075,-2.451
8.00,297,-0.072,-3.244,-2.447
8.00,298,2.991,2.038,-2.444
8.00,299,-0.018,2.719,2.599
8.00,300,-2.897,2.075,-2.451
8.00,301,2.651,-1.600,2.597
8.00,302,0.047,6.288,-2.397
8.00,303,-0.056,0.052,7.682
8.00,304,0.047,6.288,-2.397
8.00,305,0.047,6.288,-2.397
8.00,306,5.140,-2.999,-2.443
8.00,307,2.651,-1.600,2.597
8.00,308,-2.897,2.075,-2.451
8.00,309,-5.181,-2.939,-2.433
8.00,310,2.991,2.038,-2.444
8.00,311,5.140,-2.999,-2.443
8.00,312,2.651,-1.600,2.597
8.00,313,0.047,6.288,-2.397
8.00,314,2.991,2.038,-2.444
8.00,315,2.991,2.038,-2.444
8.00,316,5.140,-2.999,-2.443
8.00,317,2.991,2.038,-2.444
8.00,318,5.140,-2.999,-2.443
8.00,319,5.140,-2.999,-2.443
8.00,320,-2.608,-1.600,2.603
8.00,321,2.991,2.038,-2.444
8.00,322,0.047,6.288,-2.397
8.00,323,-0.072,-3.244,-2.447
8.00,324,2.991,2.038,-2.444
8.00,325,0.047,6.288,-2.397
8.00,326,-0.072,-3.244,-2.447
8.00,327,-0.072,-3.244,-2.447
8.00,328,-0.018,2.719,2.599
8.00,329,2.991,2.038,-2.444
8.00,330,2.651,-1.600,2.597
8.00,331,-5.181,-2.939,-2.433
8.00,332,-0.018,2.719,2.599
8.00,333,2.651,-1.600,2.597
8.00,334,5.140,-2.999,-2.443
8.00,335,2.991,2.038,-2.444
8.00,336,5.140,-2.999,-2.443
8.00,337,-0.072,-3.244,-2.447
8.00,338,-0.072,-3.244,-2.447
8.00,339,-5.181,-2.939,-2.433
8.00,340,-2.897,2.075,-2.451
8.00,341,-5.181,-2.939,-2.433
8.00,342,0.047,6.288,-2.397
8.00,343,0.047,6.288,-2.397
8.00,344,-0.018,2.719,2.599
8.00,345,-5.181,-2.939,-2.433
8.00,346,2.991,2.038,-2.444
8.00,347,-5.181,-2.939,-2.433
8.00,348,-5.181,-2.939,-2.433
8.00,349,-2.897,2.075,-2.451
8.00,350,-5.181,-2.939,-2.433
8.00,351,-0.056,0.052,7.682
8.00,352,-0.072,-3.244,-2.447
8.00,353,5.140,-2.999,-2.443
8.00,354,2.991,2.038,-2.444
8.00,355,2.991,2.038,-2.444
8.00,356,-2.608,-1.600,2.603
8.00,357,-2.897,2.075,-2.451
8.00,358,-2.608,-1.600,2.603
8.00,359,2.651,-1.600,2.597
8.00,360,-0.072,-3.244,-2.447
8.00,361,2.991,2.038,-2.444
8.00,362,2.991,2.038,-2.444
8.00,363,-0.056,0.052,7.682
8.00,364,-0.018,2.719,2.599
8.00,365,2.991,2.038,-2.444
8.00,366,2.651,-1.600,2.597
8.00,367,-0.072,-3.244,-2.447
8.00,368,-0.056,0.052,7.682
8.00,369,-5.181,-2.939,-2.433
8.00,370,-0.018,2.719,2.599
8.00,371,-0.056,0.052,7.682
8.00,372,5.140,-2.999,-2.443
8.00,373,-5.181,-2.939,-2.433
8.00,374,-0.072,-3.244,-2.447
8.00,375,-5.181,-2.939,-2.433
8.00,376,-2.897,2.075,-2.451
8.00,377,-0.056,0.052,7.682
8.00,378,0.047,6.288,-2.397
8.00,379,5.140,-2.999,-2.443
8.00,380,-2.608,-1.600,2.603
8.00,381,-2.608,-1.600,2.603
8.00,382,2.991,2.038,-2.444
8.00,383,-2.897,2.075,-2.451
8.00,384,-5.181,-2.939,-2.433
8.00,385,2.991,2.038,-2.444
8.00,386,2.991,2.038,-2.444
8.00,387,-5.181,-2.939,-2.433
8.00,388,0.047,6.288,-2.397
8.00,389,2.991,2.038,-2.444
8.00,390,5.140,-2.999,-2.443
8.00,391,-5.181,-2.939,-2.433
8.00,392,-0.018,2.719,2.599
8.00,393,-5.181,-2.939,-2.433
8.00,394,-0.072,-3.244,-2.447
8.00,395,-0.018,2.719,2.599
8.00,396,-5.181,-2.939,-2.433
8.00,397,0.047,6.288,-2.397
8.00,398,-0.072,-3.244,-2.447
8.00,399,0.047,6.288,-2.397
8.00,400,-0.056,0.052,7.682
8.00,401,-5.181,-2.939,-2.433
8.00,402,0.047,6.288,-2.397
8.00,403,-5.181,-2.939,-2.433
8.00,404,2.991,2.038,-2.444
8.00,405,-5.181,-2.939,-2.433
8.00,406,0.047,6.288,-2.397
8.00,407,-2.897,2.075,-2.451
8.00,408,-2.897,2.075,-2.451
8.00,409,2.991,2.038,-2.444
8.00,410,-2.608,-1.600,2.603
8.00,411,-0.018,2.719,2.599
8.00,412,2.651,-1.600,2.597
8.00,413,2.651,-1.600,2.597
8.00,414,-5.181,-2.939,-2.433
8.00,415,-2.897,2.075,-2.451
8.00,416,0.047,6.288,-2.397
8.00,417,-0.018,2.719,2.599
8.00,418,5.140,-2.999,-2.443
8.00,419,5.140,-2.999,-2.443
8.00,420,-2.897,2.075,-2.451
8.00,421,2.991,2.038,-2.444
8.00,422,0.047,6.288,-2.397
8.00,423,-0.072,-3.244,-2.447
8.00,424,-0.072,-3.244,-2.447
8.00,425,-2.897,2.075,-2.451
8.00,426,-0.056,0.052,7.682
8.00,427,-5.181,-2.939,-2.433
8.00,428,2.651,-1.600,2.597
8.00,429,-0.072,-3.244,-2.447
8.00,430,5.140,-2.999,-2.443
8.00,431,-2.608,-1.600,2.603
8.00,432,-5.181,-2.939,-2.433
8.00,433,-0.056,0.052,7.682
8.00,434,-2.897,2.075,-2.451
8.00,435,-5.181,-2.939,-2.433
8.00,436,-0.018,2.719,2.599
8.00,437,2.991,2.038,-2.444
8.00,438,-2.608,-1.600,2.603
8.00,439,-2.897,2.075,-2.451
8.00,440,-2.897,2.075,-2.451
8.00,441,-2.897,2.075,-2.451
8.00,442,-5.181,-2.939,-2.433
8.00,443,2.651,-1.600,2.597
8.00,444,-0.072,-3.244,-2.447
8.00,445,0.047,6.288,-2.397
8.00,446,2.991,2.038,-2.444
8.00,447,2.651,-1.600,2.597
8.00,448,2.991,2.038,-2.444
8.00,449,-5.181,-2.939,-2.433
8.00,450,-5.181,-2.939,-2.433
8.00,451,2.991,2.038,-2.444
8.00,452,-0.056,0.052,7.682
8.00,453,2.991,2.038,-2.444
8.00,454,2.991,2.038,-2.444
8.00,455,2.651,-1.600,2.597
8.00,456,-0.018,2.719,2.599
8.00,457,-0.072,-3.244,-2.447
8.00,458,5.140,-2.999,-2.443
8.00,459,2.651,-1.600,2.597
8.00,460,2.651,-1.600,2.597
8.00,461,-2.897,2.075,-2.451
8.00,462,0.047,6.288,-2.397
8.00,463,2.651,-1.600,2.597
8.00,464,0.047,6.288,-2.397
8.00,465,5.140,-2.999,-2.443
8.00,466,-0.056,0.052,7.682
8.00,467,-0.072,-3.244,-2.447
8.00,468,-0.018,2.719,2.599
8.00,469,-2.608,-1.600,2.603
8.00,470,0.047,6.288,-2.397
8.00,471,2.991,2.038,-2.444
8.00,472,-0.018,2.719,2.599
8.00,473,0.047,6.288,-2.397
8.00,474,-5.181,-2.939,-2.433
8.00,475,5.140,-2.999,-2.443
8.00,476,-2.608,-1.600,2.603
8.00,477,-5.181,-2.939,-2.433
8.00,478,-0.056,0.052,7.682
8.00,479,5.140,-2.999,-2.443
8.00,480,-0.018,2.719,2.599
8.00,481,2.651,-1.600,2.597
8.00,482,-2.897,2.075,-2.451
8.00,483,2.651,-1.600,2.597
8.00,484,0.047,6.288,-2.397
8.00,485,-2.897,2.075,-2.451
8.00,486,-5.181,-2.939,-2.433
8.00,487,5.140,-2.999,-2.443
8.00,488,-0.072,-3.244,-2.447
8.00,489,2.651,-1.600,2.597
8.00,490,-2.608,-1.600,2.603
8.00,491,-5.181,-2.939,-2.433
8.00,492,-0.072,-3.244,-2.447
8.00,493,2.651,-1.600,2.597
8.00,494,-2.897,2.075,-2.451
8.00,495,-2.608,-1.600,2.603
8.00,496,-5.181,-2.939,-2.433
8.00,497,-0.072,-3.244,-2.447
8.00,498,-0.018,2.719,2.599
8.00,499,-0.018,2.719,2.599
8.00,500,5.140,-2.999,-2.443
8.00,501,2.991,2.038,-2.444
8.00,502,0.047,6.288,-2.397
8.00,503,2.991,2.038,-2.444
8.00,504,0.047,6.288,-2.397
8.00,505,-0.072,-3.244,-2.447
8.00,506,5.140,-2.999,-2.443
8.00,507,2.991,2.038,-2.444
8.00,508,-0.018,2.719,2.599
8.00,509,-2.608,-1.600,2.603
8.00,510,-0.072,-3.244,-2.447
8.00,511,-0.018,2.719,2.599
8.00,512,0.047,6.288,-2.397
8.00,513,5.140,-2.999,-2.443
8.00,514,2.651,-1.600,2.597
8.00,515,5.140,-2.999,-2.443
8.00,516,0.047,6.288,-2.397
8.00,517,0.047,6.288,-2.397
8.00,518,2.651,-1.600,2.597
8.00,519,-2.608,-1.600,2.603
8.00,520,-0.056,0.052,7.682
8.00,521,-0.072,-3.244,-2.447
8.00,522,5.140,-2.999,-2.443
8.00,523,-2.608,-1.600,2.603
8.00,524,0.047,6.288,-2.397
8.00,525,-5.181,-2.939,-2.433
8.00,526,-5.181,-2.939,-2.433
8.00,527,-0.056,0.052,7.682
8.00,528,5.140,-2.999,-2.443
8.00,529,-0.018,2.719,2.599
8.00,530,-0.018,2.719,2.599
8.00,531,-2.897,2.075,-2.451
8.00,532,-0.072,-3.244,-2.447
8.00,533,-0.072,-3.244,-2.447
8.00,534,-0.056,0.052,7.682
8.00,535,0.047,6.288,-2.397
8.00,536,-2.897,2.075,-2.451
8.00,537,5.140,-2.999,-2.443
8.00,538,-2.897,2.075,-2.451
8.00,539,-0.018,2.719,2.599
8.00,540,-0.072,-3.244,-2.447
8.00,541,5.140,-2.999,-2.443
8.00,542,2.991,2.038,-2.444
8.00,543,2.651,-1.600,2.597
8.00,544,-5.181,-2.939,-2.433
8.00,545,-5.181,-2.939,-2.433
8.00,546,0.047,6.288,-2.397
8.00,547,-0.018,2.719,2.599
8.00,548,-0.072,-3.244,-2.447
8.00,549,-2.897,2.075,-2.451
8.00,550,2.991,2.038,-2.444
8.00,551,0.047,6.288,-2.397
8.00,552,-0.018,2.719,2.599
8.00,553,-5.181,-2.939,-2.433
8.00,554,-0.072,-3.244,-2.447
8.00,555,-5.181,-2.939,-2.433
8.00,556,-2.897,2.075,-2.451
8.00,557,2.991,2.038,-2.444
8.00,558,0.047,6.288,-2.397
8.00,559,2.651,-1.600,2.597
8.00,560,2.991,2.038,-2.444
8.00,561,-5.181,-2.939,-2.433
8.00,562,5.140,-2.999,-2.443
8.00,563,2.991,2.038,-2.444
8.00,564,-0.056,0.052,7.682
8.00,565,-0.072,-3.244,-2.447
8.00,566,-2.897,2.075,-2.451
8.00,567,2.651,-1.600,2.597
8.00,568,5.140,-2.999,-2.443
8.00,569,-2.897,2.075,-2.451
8.00,570,2.991,2.038,-2.444
8.00,571,-0.056,0.052,7.682
8.00,572,2.991,2.038,-2.444
8.00,573,-0.056,0.052,7.682
8.00,574,-0.072,-3.244,-2.447
8.00,575,-2.608,-1.600,2.603
8.00,576,0.047,6.288,-2.397
8.00,577,-2.608,-1.600,2.603
8.00,578,-0.056,0.052,7.682
8.00,579,2.991,2.038,-2.444
8.00,580,-0.072,-3.244,-2.447
8.00,581,-0.056,0.052,7.682
8.00,582,0.047,6.288,-2.397
8.00,583,2.651,-1.600,2.597
8.00,584,2.651,-1.600,2.597
8.00,585,-5.181,-2.939,-2.433
8.00,586,-0.072,-3.244,-2.447
8.00,587,-2.608,-1.600,2.603
8.00,588,-0.018,2.719,2.599
8.00,589,2.651,-1.600,2.597
8.00,590,-2.608,-1.600,2.603
8.00,591,2.991,2.038,-2.444
8.00,592,-2.608,-1.600,2.603
8.00,593,-0.072,-3.244,-2.447
8.00,594,0.047,6.288,-2.397
8.00,595,2.651,-1.600,2.597
8.00,596,-5.181,-2.939,-2.433
8.00,597,-2.897,2.075,-2.451
8.00,598,5.140,-2.999,-2.443
8.00,599,2.991,2.038,-2.444
8.00,600,0.047,6.288,-2.397
8.00,601,5.140,-2.999,-2.443
8.00,602,-2.897,2.075,-2.451
8.00,603,-2.897,2.075,-2.451
8.00,604,-0.056,0.052,7.682
8.00,605,5.140,-2.999,-2.443
8.00,606,5.140,-2.999,-2.443
8.00,607,-0.018,2.719,2.599
8.00,608,-0.056,0.052,7.682
8.00,609,-0.072,-3.244,-2.447
8.00,610,-2.608,-1.600,2.603
8.00,611,-2.897,2.075,-2.451
8.00,612,-0.056,0.052,7.682
8.00,613,2.651,-1.600,2.597
8.00,614,-5.181,-2.939,-2.433
8.00,615,-0.018,2.719,2.599
8.00,616,-2.608,-1.600,2.603
8.00,617,0.047,6.288,-2.397
8.00,618,-0.018,2.719,2.599
8.00,619,-0.056,0.052,7.682
8.00,620,-2.897,2.075,-2.451
8.00,621,-2.608,-1.600,2.603
8.00,622,-0.018,2.719,2.599
8.00,623,0.047,6.288,-2.397
8.00,624,2.651,-1.600,2.597
8.00,625,2.991,2.038,-2.444
8.00,626,0.047,6.288,-2.397
8.00,627,5.140,-2.999,-2.443
8.00,628,-0.018,2.719,2.599
8.00,629,5.140,-2.999,-2.443
8.00,630,-0.072,-3.244,-2.447
8.00,631,-2.608,-1.600,2.603
8.00,632,0.047,6.288,-2.397
8.00,633,2.991,2.038,-2.444
8.00,634,-2.608,-1.600,2.603
8.00,635,2.991,2.038,-2.444
8.00,636,-0.018,2.719,2.599
8.00,637,-0.018,2.719,2.599
8.00,638,2.991,2.038,-2.444
8.00,639,-2.897,2.075,-2.451
8.00,640,-2.897,2.075,-2.451
8.00,641,-2.608,-1.600,2.603
8.00,642,-2.608,-1.600,2.603
8.00,643,-2.608,-1.600,2.603
8.00,644,-5.181,-2.939,-2.433
8.00,645,2.651,-1.600,2.597
8.00,646,-0.056,0.052,7.682
8.00,647,-0.056,0.052,7.682
8.00,648,0.047,6.288,-2.397
8.00,649,2.651,-1.600,2.597
8.00,650,-0.018,2.719,2.599
8.00,651,2.651,-1.600,2.597
8.00,652,-0.072,-3.244,-2.447
8.00,653,-0.072,-3.244,-2.447
8.00,654,-5.181,-2.939,-2.433
8.00,655,5.140,-2.999,-2.443
8.00,656,-0.018,2.719,2.599
8.00,657,-0.072,-3.244,-2.447
8.00,658,-0.072,-3.244,-2.447
8.00,659,-0.018,2.719,2.599
8.00,660,-0.072,-3.244,-2.447
8.00,661,0.047,6.288,-2.397
8.00,662,0.047,6.288,-2.397
8.00,663,0.047,6.288,-2.397
8.00,664,-0.018,2.719,2.599
8.00,665,-0.018,2.719,2.599
8.00,666,-0.072,-3.244,-2.447
8.00,667,-0.056,0.052,7.682
8.00,668,-0.018,2.719,2.599
8.00,669,-2.897,2.075,-2.451
8.00,670,-2.608,-1.600,2.603
8.00,671,2.991,2.038,-2.444
8.00,672,5.140,-2.999,-2.443
8.00,673,2.651,-1.600,2.597
8.00,674,5.140,-2.999,-2.443
8.00,675,-0.072,-3.244,-2.447
8.00,676,5.140,-2.999,-2.443
8.00,677,5.140,-2.999,-2.443
8.00,678,-0.072,-3.244,-2.447
8.00,679,-0.018,2.719,2.599
8.00,680,5.140,-2.999,-2.443
8.00,681,-0.018,2.719,2.599
8.00,682,0.047,6.288,-2.397
8.00,683,2.991,2.038,-2.444
8.00,684,5.140,-2.999,-2.443
8.00,685,-0.072,-3.244,-2.447
8.00,686,-0.018,2.719,2.599
8.00,687,2.991,2.038,-2.444
8.00,688,-0.072,-3.244,-2.447
8.00,689,-0.018,2.719,2.599
8.00,690,-0.072,-3.244,-2.447
8.00,691,5.140,-2.999,-2.443
8.00,692,-5.181,-2.939,-2.433
8.00,693,-2.897,2.075,-2.451
8.00,694,-2.897,2.075,-2.451
8.00,695,-2.897,2.075,-2.451
8.00,696,2.651,-1.600,2.597
8.00,697,-5.181,-2.939,-2.433
8.00,698,-2.608,-1.600,2.603
8.00,699,0.047,6.288,-2.397
8.00,700,-2.608,-1.600,2.603
8.00,701,-2.897,2.075,-2.451
8.00,702,-2.608,-1.600,2.603
8.00,703,-2.608,-1.600,2.603
8.00,704,0.047,6.288,-2.397
8.00,705,-5.181,-2.939,-2.433
8.00,706,2.651,-1.600,2.597
8.00,707,-0.018,2.719,2.599
8.00,708,5.140,-2.999,-2.443
8.00,709,-0.072,-3.244,-2.447
8.00,710,2.651,-1.600,2.597
8.00,711,-0.018,2.719,2.599
8.00,712,-5.181,-2.939,-2.433
8.00,713,5.140,-2.999,-2.443
8.00,714,5.140,-2.999,-2.443
8.00,715,-2.608,-1.600,2.603
8.00,716,2.651,-1.600,2.597
8.00,717,-0.072,-3.244,-2.447
8.00,718,-5.181,-2.939,-2.433
8.00,719,-0.018,2.719,2.599
8.00,720,0.047,6.288,-2.397
8.00,721,2.991,2.038,-2.444
8.00,722,-0.072,-3.244,-2.447
8.00,723,-0.056,0.052,7.682
8.00,724,-0.018,2.719,2.599
8.00,725,0.047,6.288,-2.397
8.00,726,2.991,2.038,-2.444
8.00,727,-2.608,-1.600,2.603
8.00,728,2.991,2.038,-2.444
8.00,729,5.140,-2.999,-2.443
8.00,730,2.651,-1.600,2.597
8.00,731,-5.181,-2.939,-2.433
8.00,732,-0.018,2.719,2.599
8.00,733,2.651,-1.600,2.597
8.00,734,0.047,6.288,-2.397
8.00,735,5.140,-2.999,-2.443
8.00,736,-5.181,-2.939,-2.433
8.00,737,2.991,2.038,-2.444
8.00,738,-2.897,2.075,-2.451
8.00,739,-0.072,-3.244,-2.447
8.00,740,-5.181,-2.939,-2.433
8.00,741,0.047,6.288,-2.397
8.00,742,-0.018,2.719,2.599
8.00,743,2.991,2.038,-2.444
8.00,744,0.047,6.288,-2.397
8.00,745,-0.018,2.719,2.599
8.00,746,2.651,-1.600,2.597
8.00,747,-0.056,0.052,7.682
8.00,748,-2.608,-1.600,2.603
8.00,749,-0.018,2.719,2.599
8.00,750,-2.897,2.075,-2.451
8.00,751,0.047,6.288,-2.397
8.00,752,5.140,-2.999,-2.443
8.00,753,5.140,-2.999,-2.443
8.00,754,-2.897,2.075,-2.451
8.00,755,5.140,-2.999,-2.443
8.00,756,-0.072,-3.244,-2.447
8.00,757,2.991,2.038,-2.444
8.00,758,-0.018,2.719,2.599
8.00,759,-2.897,2.075,-2.451
8.00,760,-2.608,-1.600,2.603
8.00,761,-2.608,-1.600,2.603
8.00,762,5.140,-2.999,-2.443
8.00,763,0.047,6.288,-2.397
8.00,764,-2.897,2.075,-2.451
8.00,765,-2.897,2.075,-2.451
8.00,766,2.651,-1.600,2.597
8.00,767,5.140,-2.999,-2.443
8.00,768,-5.181,-2.939,-2.433
8.00,769,0.047,6.288,-2.397
8.00,770,0.047,6.288,-2.397
8.00,771,-0.072,-3.244,-2.447
8.00,772,-0.072,-3.244,-2.447
8.00,773,-2.897,2.075,-2.451
8.00,774,-5.181,-2.939,-2.433
8.00,775,2.991,2.038,-2.444
8.00,776,-2.897,2.075,-2.451
8.00,777,-0.018,2.719,2.599
8.00,778,-5.181,-2.939,-2.433
8.00,779,-0.018,2.719,2.599
8.00,780,2.991,2.038,-2.444
8.00,781,-2.897,2.075,-2.451
8.00,782,5.140,-2.999,-2.443
8.00,783,-5.181,-2.939,-2.433
8.00,784,2.991,2.038,-2.444
8.00,785,-0.018,2.719,2.599
8.00,786,2.651,-1.600,2.597
8.00,787,-2.897,2.075,-2.451
8.00,788,5.140,-2.999,-2.443
8.00,789,-2.897,2.075,-2.451
8.00,790,-5.181,-2.939,-2.433
8.00,791,5.140,-2.999,-2.443
8.00,792,0.047,6.288,-2.397
8.00,793,-5.181,-2.939,-2.433
8.00,794,2.651,-1.600,2.597
8.00,795,5.140,-2.999,-2.443
8.00,796,0.047,6.288,-2.397
8.00,797,-0.056,0.052,7.682
8.00,798,5.140,-2.999,-2.443
8.00,799,2.651,-1.600,2.597
8.00,800,-0.072,-3.244,-2.447
8.00,801,2.991,2.038,-2.444
8.00,802,-0.018,2.719,2.599
8.00,803,-0.072,-3.244,-2.447
8.00,804,2.991,2.038,-2.444
8.00,805,5.140,-2.999,-2.443
8.00,806,2.651,-1.600,2.597
8.00,807,-2.608,-1.600,2.603
8.00,808,-2.897,2.075,-2.451
8.00,809,-2.897,2.075,-2.451
8.00,810,-0.072,-3.244,-2.447
8.00,811,-0.072,-3.244,-2.447
8.00,812,2.991,2.038,-2.444
8.00,813,-2.608,-1.600,2.603
8.00,814,-2.897,2.075,-2.451
8.00,815,-0.018,2.719,2.599
8.00,816,-2.897,2.075,-2.451
8.00,817,-0.072,-3.244,-2.447
8.00,818,-0.018,2.719,2.599
8.00,819,-0.018,2.719,2.599
8.00,820,-0.072,-3.244,-2.447
8.00,821,-0.056,0.052,7.682
8.00,822,-5.181,-2.939,-2.433
8.00,823,-0.018,2.719,2.599
8.00,824,-0.072,-3.244,-2.447
8.00,825,0.047,6.288,-2.397
8.00,826,-0.018,2.719,2.599
8.00,827,-2.608,-1.600,2.603
8.00,828,0.047,6.288,-2.397
8.00,829,5.140,-2.999,-2.443
8.00,830,-5.181,-2.939,-2.433
8.00,831,0.047,6.288,-2.397
8.00,832,-5.181,-2.939,-2.433
8.00,833,-2.897,2.075,-2.451
8.00,834,-2.897,2.075,-2.451
8.00,835,5.140,-2.999,-2.443
8.00,836,-2.608,-1.600,2.603
8.00,837,2.651,-1.600,2.597
8.00,838,2.991,2.038,-2.444
8.00,839,2.651,-1.600,2.597
8.00,840,-0.018,2.719,2.599
8.00,841,0.047,6.288,-2.397
8.00,842,2.991,2.038,-2.444
8.00,843,-2.897,2.075,-2.451
8.00,844,-0.018,2.719,2.599
8.00,845,2.991,2.038,-2.444
8.00,846,-5.181,-2.939,-2.433
8.00,847,5.140,-2.999,-2.443
8.00,848,-0.072,-3.244,-2.447
8.00,849,0.047,6.288,-2.397
8.00,850,2.991,2.038,-2.444
8.00,851,-5.181,-2.939,-2.433
8.00,852,0.047,6.288,-2.397
8.00,853,5.140,-2.999,-2.443
8.00,854,-2.897,2.075,-2.451
8.00,855,5.140,-2.999,-2.443
8.00,856,-2.897,2.075,-2.451
8.00,857,-0.072,-3.244,-2.447
8.00,858,-0.018,2.719,2.599
8.00,859,-2.897,2.075,-2.451
8.00,860,-2.897,2.075,-2.451
8.00,861,-5.181,-2.939,-2.433
8.00,862,-2.897,2.075,-2.451
8.00,863,0.047,6.288,-2.397
8.00,864,-2.897,2.075,-2.451
8.00,865,-0.018,2.719,2.599
8.00,866,-2.897,2.075,-2.451
8.00,867,2.651,-1.600,2.597
8.00,868,5.140,-2.999,-2.443
8.00,869,-2.897,2.075,-2.451
8.00,870,-5.181,-2.939,-2.433
8.00,871,-0.056,0.052,7.682
8.00,872,-0.056,0.052,7.682
8.00,873,-2.897,2.075,-2.451
8.00,874,2.991,2.038,-2.444
8.00,875,-0.072,-3.244,-2.447
8.00,876,-2.897,2.075,-2.451
8.00,877,-0.018,2.719,2.599
8.00,878,2.651,-1.600,2.597
8.00,879,-5.181,-2.939,-2.433
8.00,880,-2.897,2.075,-2.451
8.00,881,0.047,6.288,-2.397
8.00,882,-0.056,0.052,7.682
8.00,883,2.651,-1.600,2.597
8.00,884,-0.018,2.719,2.599
8.00,885,-5.181,-2.939,-2.433
8.00,886,5.140,-2.999,-2.443
8.00,887,-0.072,-3.244,-2.447
8.00,888,-5.181,-2.939,-2.433
8.00,889,0.047,6.288,-2.397
8.00,890,-0.056,0.052,7.682
8.00,891,-0.018,2.719,2.599
8.00,892,-2.608,-1.600,2.603
8.00,893,-0.056,0.052,7.682
8.00,894,-2.608,-1.600,2.603
8.00,895,2.991,2.038,-2.444
8.00,896,2.991,2.038,-2.444
8.00,897,-0.056,0.052,7.682
8.00,898,-2.897,2.075,-2.451
8.00,899,0.047,6.288,-2.397
8.00,900,-0.018,2.719,2.599
8.00,901,2.651,-1.600,2.597
8.00,902,-0.018,2.719,2.599
8.00,903,0.047,6.288,-2.397
8.00,904,-0.072,-3.244,-2.447
8.00,905,5.140,-2.999,-2.443
8.00,906,-5.181,-2.939,-2.433
8.00,907,-0.072,-3.244,-2.447
8.00,908,5.140,-2.999,-2.443
8.00,909,-2.897,2.075,-2.451
8.00,910,-0.072,-3.244,-2.447
8.00,911,5.140,-2.999,-2.443
8.00,912,-0.018,2.719,2.599
8.00,913,2.651,-1.600,2.597
8.00,914,-0.018,2.719,2.599
8.00,915,5.140,-2.999,-2.443
8.00,916,5.140,-2.999,-2.443
8.00,917,-0.072,-3.244,-2.447
8.00,918,-2.608,-1.600,2.603
8.00,919,-0.072,-3.244,-2.447
8.00,920,5.140,-2.999,-2.443
8.00,921,2.651,-1.600,2.597
8.00,922,2.991,2.038,-2.444
8.00,923,-2.897,2.075,-2.451
8.00,924,2.651,-1.600,2.597
8.00,925,2.651,-1.600,2.597
8.00,926,-0.018,2.719,2.599
8.00,927,-2.608,-1.600,2.603
8.00,928,-5.181,-2.939,-2.433
8.00,929,-2.608,-1.600,2.603
8.00,930,5.140,-2.999,-2.443
8.00,931,-2.897,2.075,-2.451
8.00,932,-0.072,-3.244,-2.447
8.00,933,5.140,-2.999,-2.443
8.00,934,-0.072,-3.244,-2.447
8.00,935,0.047,6.288,-2.397
8.00,936,2.651,-1.600,2.597
8.00,937,-2.897,2.075,-2.451
8.00,938,-0.018,2.719,2.599
8.00,939,5.140,-2.999,-2.443
8.00,940,-5.181,-2.939,-2.433
8.00,941,-5.181,-2.939,-2.433
8.00,942,0.047,6.288,-2.397
8.00,943,5.140,-2.999,-2.443
8.00,944,-0.072,-3.244,-2.447
8.00,945,-5.181,-2.939,-2.433
8.00,946,2.991,2.038,-2.444
8.00,947,-5.181,-2.939,-2.433
8.00,948,-0.072,-3.244,-2.447
8.00,949,-2.897,2.075,-2.451
8.00,950,-0.072,-3.244,-2.447
8.00,951,5.140,-2.999,-2.443
8.00,952,-0.072,-3.244,-2.447
8.00,953,-0.018,2.719,2.599
8.00,954,-5.181,-2.939,-2.433
8.00,955,-5.181,-2.939,-2.433
8.00,956,-2.608,-1.600,2.603
8.00,957,2.991,2.038,-2.444
8.00,958,-5.181,-2.939,-2.433
8.00,959,-5.181,-2.939,-2.433
8.00,960,-2.608,-1.600,2.603
8.00,961,-0.072,-3.244,-2.447
8.00,962,0.047,6.288,-2.397
8.00,963,-5.181,-2.939,-2.433
8.00,964,-0.018,2.719,2.599
8.00,965,-5.181,-2.939,-2.433
8.00,966,-0.056,0.052,7.682
8.00,967,-0.018,2.719,2.599
8.00,968,-5.181,-2.939,-2.433
8.00,969,5.140,-2.999,-2.443
8.00,970,5.140,-2.999,-2.443
8.00,971,-0.018,2.719,2.599
8.00,972,0.047,6.288,-2.397
8.00,973,-5.181,-2.939,-2.433
8.00,974,0.047,6.288,-2.397
8.00,975,2.651,-1.600,2.597
8.00,976,-0.056,0.052,7.682
8.00,977,0.047,6.288,-2.397
8.00,978,-0.072,-3.244,-2.447
8.00,979,-0.072,-3.244,-2.447
8.00,980,-5.181,-2.939,-2.433
8.00,981,-0.018,2.719,2.599
8.00,982,2.651,-1.600,2.597
8.00,983,5.140,-2.999,-2.443
8.00,984,-2.897,2.075,-2.451
8.00,985,0.047,6.288,-2.397
8.00,986,0.047,6.288,-2.397
8.00,987,-0.018,2.719,2.599
8.00,988,-0.072,-3.244,-2.447
8.00,989,-2.608,-1.600,2.603
8.00,990,2.651,-1.600,2.597
8.00,991,-2.897,2.075,-2.451
8.00,992,-5.181,-2.939,-2.433
8.00,993,0.047,6.288,-2.397
8.00,994,2.991,2.038,-2.444
8.00,995,2.991,2.038,-2.444
8.00,996,-5.181,-2.939,-2.433
8.00,997,-2.608,-1.600,2.603
8.00,998,-5.181,-2.939,-2.433
8.00,999,2.991,2.038,-2.444
8.00,1000,-0.018,2.719,2.599
8.00,1001,-0.072,-3.244,-2.447
8.00,1002,-2.608,-1.600,2.603
8.00,1003,2.651,-1.600,2.597
8.00,1004,5.140,-2.999,-2.443
8.00,1005,-5.181,-2.939,-2.433
8.00,1006,2.991,2.038,-2.444
8.00,1007,-5.181,-2.939,-2.433
8.00,1008,-2.608,-1.600,2.603
8.00,1009,-2.608,-1.600,2.603
8.00,1010,2.991,2.038,-2.444
8.00,1011,2.991,2.038,-2.444
8.00,1012,-5.181,-2.939,-2.433
8.00,1013,2.991,2.038,-2.444
8.00,1014,-5.181,-2.939,-2.433
8.00,1015,-0.072,-3.244,-2.447
8.00,1016,2.651,-1.600,2.597
8.00,1017,-2.897,2.075,-2.451
8.00,1018,2.991,2.038,-2.444
8.00,1019,2.651,-1.600,2.597
8.00,1020,5.140,-2.999,-2.443
8.00,1021,2.991,2.038,-2.444
8.00,1022,0.047,6.288,-2.397
8.00,1023,-0.072,-3.244,-2.447
8.00,1024,2.651,-1.600,2.597
8.00,1025,5.140,-2.999,-2.443
8.00,1026,-0.072,-3.244,-2.447
8.00,1027,2.991,2.038,-2.444
8.00,1028,-5.181,-2.939,-2.433
8.00,1029,-5.181,-2.939,-2.433
8.00,1030,-0.072,-3.244,-2.447
8.00,1031,-0.056,0.052,7.682
8.00,1032,-0.072,-3.244,-2.447
8.00,1033,5.140,-2.999,-2.443
8.00,1034,-0.018,2.719,2.599
8.00,1035,-5.181,-2.939,-2.433
8.00,1036,-0.056,0.052,7.682
8.00,1037,-0.018,2.719,2.599
8.00,1038,2.991,2.038,-2.444
8.00,1039,-0.072,-3.244,-2.447
8.00,1040,-5.181,-2.939,-2.433
8.00,1041,-5.181,-2.939,-2.433
8.00,1042,-0.072,-3.244,-2.447
8.00,1043,5.140,-2.999,-2.443
8.00,1044,-0.072,-3.244,-2.447
8.00,1045,-0.018,2.719,2.599
8.00,1046,-2.897,2.075,-2.451
8.00,1047,0.047,6.288,-2.397
8.00,1048,-0.018,2.719,2.599
8.00,1049,2.651,-1.600,2.597
8.00,1050,2.651,-1.600,2.597
8.00,1051,-5.181,-2.939,-2.433
8.00,1052,-0.018,2.719,2.599
8.00,1053,2.651,-1.600,2.597
8.00,1054,5.140,-2.999,-2.443
8.00,1055,2.991,2.038,-2.444
8.00,1056,2.651,-1.600,2.597
8.00,1057,0.047,6.288,-2.397
8.00,1058,-2.897,2.075,-2.451
8.00,1059,-2.897,2.075,-2.451
8.00,1060,-2.897,2.075,-2.451
8.00,1061,5.140,-2.999,-2.443
8.00,1062,2.991,2.038,-2.444
8.00,1063,5.140,-2.999,-2.443
8.00,1064,-0.018,2.719,2.599
8.00,1065,2.651,-1.600,2.597
8.00,1066,-5.181,-2.939,-2.433
8.00,1067,-5.181,-2.939,-2.433
8.00,1068,-0.072,-3.244,-2.447
8.00,1069,5.140,-2.999,-2.443
8.00,1070,5.140,-2.999,-2.443
8.00,1071,0.047,6.288,-2.397
8.00,1072,-5.181,-2.939,-2.433
8.00,1073,-2.608,-1.600,2.603
8.00,1074,-2.608,-1.600,2.603
8.00,1075,-0.018,2.719,2.599
8.00,1076,2.991,2.038,-2.444
8.00,1077,0.047,6.288,-2.397
8.00,1078,2.991,2.038,-2.444
8.00,1079,0.047,6.288,-2.397
8.00,1080,0.047,6.288,-2.397
8.00,1081,-0.072,-3.244,-2.447
8.00,1082,-5.181,-2.939,-2.433
8.00,1083,-0.072,-3.244,-2.447
8.00,1084,0.047,6.288,-2.397
8.00,1085,-0.072,-3.244,-2.447
8.00,1086,-2.897,2.075,-2.451
8.00,1087,-0.018,2.719,2.599
8.00,1088,-5.181,-2.939,-2.433
8.00,1089,0.047,6.288,-2.397
8.00,1090,-2.608,-1.600,2.603
8.00,1091,-5.181,-2.939,-2.433
8.00,1092,-5.181,-2.939,-2.433
8.00,1093,-5.181,-2.939,-2.433
8.00,1094,2.651,-1.600,2.597
8.00,1095,2.991,2.038,-2.444
8.00,1096,5.140,-2.999,-2.443
8.00,1097,-2.897,2.075,-2.451
8.00,1098,-2.608,-1.600,2.603
8.00,1099,5.140,-2.999,-2.443
8.00,1100,-0.072,-3.244,-2.447
8.00,1101,0.047,6.288,-2.397
8.00,1102,-5.181,-2.939,-2.433
8.00,1103,-2.608,-1.600,2.603
8.00,1104,2.991,2.038,-2.444
8.00,1105,-0.018,2.719,2.599
8.00,1106,-2.897,2.075,-2.451
8.00,1107,0.047,6.288,-2.397
8.00,1108,-2.608,-1.600,2.603
8.00,1109,5.140,-2.999,-2.443
8.00,1110,-2.608,-1.600,2.603
8.00,1111,0.047,6.288,-2.397
8.00,1112,-2.608,-1.600,2.603
8.00,1113,-2.897,2.075,-2.451
8.00,1114,-2.608,-1.600,2.603
8.00,1115,-0.072,-3.244,-2.447
8.00,1116,-0.056,0.052,7.682
8.00,1117,-2.897,2.075,-2.451
8.00,1118,2.991,2.038,-2.444
8.00,1119,0.047,6.288,-2.397
8.00,1120,-0.056,0.052,7.682
8.00,1121,5.140,-2.999,-2.443
8.00,1122,-5.181,-2.939,-2.433
8.00,1123,-2.897,2.075,-2.451
8.00,1124,0.047,6.288,-2.397
8.00,1125,0.047,6.288,-2.397
8.00,1126,0.047,6.288,-2.397
8.00,1127,-0.072,-3.244,-2.447
8.00,1128,-2.897,2.075,-2.451
8.00,1129,0.047,6.288,-2.397
8.00,1130,-2.897,2.075,-2.451
8.00,1131,2.991,2.038,-2.444
8.00,1132,0.047,6.288,-2.397
8.00,1133,-0.018,2.719,2.599
8.00,1134,-5.181,-2.939,-2.433
8.00,1135,-0.056,0.052,7.682
8.00,1136,2.991,2.038,-2.444
8.00,1137,2.991,2.038,-2.444
8.00,1138,2.651,-1.600,2.597
8.00,1139,5.140,-2.999,-2.443
8.00,1140,5.140,-2.999,-2.443
8.00,1141,-2.608,-1.600,2.603
8.00,1142,0.047,6.288,-2.397
8.00,1143,2.651,-1.600,2.597
8.00,1144,0.047,6.288,-2.397
8.00,1145,-2.608,-1.600,2.603
8.00,1146,-5.181,-2.939,-2.433
8.00,1147,0.047,6.288,-2.397
8.00,1148,-2.608,-1.600,2.603
8.00,1149,-2.608,-1.600,2.603
8.00,1150,2.651,-1.600,2.597
8.00,1151,0.047,6.288,-2.397
8.00,1152,5.140,-2.999,-2.443
8.00,1153,2.651,-1.600,2.597
8.00,1154,2.651,-1.600,2.597
8.00,1155,0.047,6.288,-2.397
8.00,1156,0.047,6.288,-2.397
8.00,1157,0.047,6.288,-2.397
8.00,1158,-2.897,2.075,-2.451
8.00,1159,5.140,-2.999,-2.443
8.00,1160,-2.608,-1.600,2.603
8.00,1161,-5.181,-2.939,-2.433
8.00,1162,-2.897,2.075,-2.451
8.00,1163,-0.072,-3.244,-2.447
8.00,1164,5.140,-2.999,-2.443
8.00,1165,-0.072,-3.244,-2.447
8.00,1166,-0.072,-3.244,-2.447
8.00,1167,5.140,-2.999,-2.443
8.00,1168,-0.018,2.719,2.599
8.00,1169,5.140,-2.999,-2.443
8.00,1170,-2.608,-1.600,2.603
8.00,1171,-2.897,2.075,-2.451
8.00,1172,-5.181,-2.939,-2.433
8.00,1173,-2.897,2.075,-2.451
8.00,1174,-2.897,2.075,-2.451
8.00,1175,5.140,-2.999,-2.443
8.00,1176,0.047,6.288,-2.397
8.00,1177,5.140,-2.999,-2.443
8.00,1178,0.047,6.288,-2.397
8.00,1179,-2.897,2.075,-2.451
8.00,1180,-2.897,2.075,-2.451
8.00,1181,0.047,6.288,-2.397
8.00,1182,2.991,2.038,-2.444
8.00,1183,-2.897,2.075,-2.451
8.00,1184,-5.181,-2.939,-2.433
8.00,1185,-0.072,-3.244,-2.447
8.00,1186,0.047,6.288,-2.397
8.00,1187,2.991,2.038,-2.444
8.00,1188,2.651,-1.600,2.597
8.00,1189,-5.181,-2.939,-2.433
8.00,1190,-0.018,2.719,2.599
8.00,1191,-5.181,-2.939,-2.433
8.00,1192,-0.072,-3.244,-2.447
8.00,1193,-0.072,-3.244,-2.447
8.00,1194,-2.897,2.075,-2.451
8.00,1195,-0.072,-3.244,-2.447
8.00,1196,-2.608,-1.600,2.603
8.00,1197,2.651,-1.600,2.597
8.00,1198,2.991,2.038,-2.444
8.00,1199,-0.018,2.719,2.599
8.00,1200,5.140,-2.999,-2.443
8.00,1201,2.991,2.038,-2.444
8.00,1202,-2.608,-1.600,2.603
8.00,1203,-5.181,-2.939,-2.433
8.00,1204,2.991,2.038,-2.444
8.00,1205,-5.181,-2.939,-2.433
8.00,1206,-0.018,2.719,2.599
8.00,1207,-5.181,-2.939,-2.433
8.00,1208,2.651,-1.600,2.597
8.00,1209,5.140,-2.999,-2.443
8.00,1210,2.991,2.038,-2.444
8.00,1211,0.047,6.288,-2.397
8.00,1212,2.991,2.038,-2.444
8.00,1213,2.651,-1.600,2.597
8.00,1214,-5.181,-2.939,-2.433
8.00,1215,-0.072,-3.244,-2.447
8.00,1216,0.047,6.288,-2.397
8.00,1217,2.991,2.038,-2.444
8.00,1218,-0.018,2.719,2.599
8.00,1219,-0.072,-3.244,-2.447
8.00,1220,-5.181,-2.939,-2.433
8.00,1221,0.047,6.288,-2.397
8.00,1222,0.047,6.288,-2.397
8.00,1223,-5.181,-2.939,-2.433
8.00,1224,2.651,-1.600,2.597
8.00,1225,-2.608,-1.600,2.603
8.00,1226,-0.072,-3.244,-2.447
8.00,1227,-5.181,-2.939,-2.433
8.00,1228,5.140,-2.999,-2.443
8.00,1229,-2.897,2.075,-2.451
8.00,1230,-2.897,2.075,-2.451
8.00,1231,2.651,-1.600,2.597
8.00,1232,5.140,-2.999,-2.443
8.00,1233,2.991,2.038,-2.444
8.00,1234,0.047,6.288,-2.397
8.00,1235,5.140,-2.999,-2.443
8.00,1236,2.991,2.038,-2.444
8.00,1237,5.140,-2.999,-2.443
8.00,1238,-0.018,2.719,2.599
8.00,1239,0.047,6.288,-2.397
8.00,1240,-0.072,-3.244,-2.447
8.00,1241,-5.181,-2.939,-2.433
8.00,1242,-2.897,2.075,-2.451
8.00,1243,-0.018,2.719,2.599
8.00,1244,2.991,2.038,-2.444
8.00,1245,2.651,-1.600,2.597
8.00,1246,-2.897,2.075,-2.451
8.00,1247,-0.072,-3.244,-2.447
8.00,1248,-2.897,2.075,-2.451
8.00,1249,0.047,6.288,-2.397
8.00,1250,2.991,2.038,-2.444
8.00,1251,2.651,-1.600,2.597
8.00,1252,-0.018,2.719,2.599
8.00,1253,-0.072,-3.244,-2.447
8.00,1254,0.047,6.288,-2.397
8.00,1255,2.991,2.038,-2.444
8.00,1256,2.651,-1.600,2.597
8.00,1257,0.047,6.288,-2.397
8.00,1258,-0.018,2.719,2.599
8.00,1259,0.047,6.288,-2.397
8.00,1260,2.991,2.038,-2.444
8.00,1261,2.651,-1.600,2.597
8.00,1262,-2.897,2.075,-2.451
8.00,1263,-2.608,-1.600,2.603
8.00,1264,2.651,-1.600,2.597
8.00,1265,0.047,6.288,-2.397
8.00,1266,5.140,-2.999,-2.443
8.00,1267,2.651,-1.600,2.597
8.00,1268,-5.181,-2.939,-2.433
8.00,1269,-0.018,2.719,2.599
8.00,1270,5.140,-2.999,-2.443
8.00,1271,0.047,6.288,-2.397
8.00,1272,-0.018,2.719,2.599
8.00,1273,-2.897,2.075,-2.451
8.00,1274,-0.072,-3.244,-2.447
8.00,1275,2.651,-1.600,2.597
8.00,1276,0.047,6.288,-2.397
8.00,1277,2.651,-1.600,2.597
8.00,1278,0.047,6.288,-2.397
8.00,1279,-0.056,0.052,7.682
8.00,1280,-2.608,-1.600,2.603
8.00,1281,0.047,6.288,-2.397
8.00,1282,-0.072,-3.244,-2.447
8.00,1283,5.140,-2.999,-2.443
8.00,1284,2.991,2.038,-2.444
8.00,1285,5.140,-2.999,-2.443
8.00,1286,2.991,2.038,-2.444
8.00,1287,0.047,6.288,-2.397
8.00,1288,2.991,2.038,-2.444
8.00,1289,-2.608,-1.600,2.603
8.00,1290,2.651,-1.600,2.597
8.00,1291,0.047,6.288,-2.397
8.00,1292,-0.018,2.719,2.599
8.00,1293,2.991,2.038,-2.444
8.00,1294,-2.897,2.075,-2.451
8.00,1295,-0.056,0.052,7.682
8.00,1296,2.651,-1.600,2.597
8.00,1297,5.140,-2.999,-2.443
8.00,1298,2.991,2.038,-2.444
8.00,1299,-2.897,2.075,-2.451
8.00,1300,2.651,-1.600,2.597
8.00,1301,-0.018,2.719,2.599
8.00,1302,0.047,6.288,-2.397
8.00,1303,-2.608,-1.600,2.603
8.00,1304,2.991,2.038,-2.444
8.00,1305,2.991,2.038,-2.444
8.00,1306,-5.181,-2.939,-2.433
8.00,1307,-5.181,-2.939,-2.433
8.00,1308,-2.608,-1.600,2.603
8.00,1309,2.991,2.038,-2.444
8.00,1310,0.047,6.288,-2.397
8.00,1311,-0.056,0.052,7.682
8.00,1312,-2.608,-1.600,2.603
8.00,1313,2.651,-1.600,2.597
8.00,1314,-0.072,-3.244,-2.447
8.00,1315,2.651,-1.600,2.597
8.00,1316,5.140,-2.999,-2.443
8.00,1317,2.651,-1.600,2.597
8.00,1318,5.140,-2.999,-2.443
8.00,1319,-0.072,-3.244,-2.447
8.00,1320,-0.056,0.052,7.682
8.00,1321,2.991,2.038,-2.444
8.00,1322,0.047,6.288,-2.397
8.00,1323,5.140,-2.999,-2.443
8.00,1324,-5.181,-2.939,-2.433
8.00,1325,2.651,-1.600,2.597
8.00,1326,-5.181,-2.939,-2.433
8.00,1327,0.047,6.288,-2.397
8.00,1328,-0.056,0.052,7.682
8.00,1329,2.991,2.038,-2.444
8.00,1330,5.140,-2.999,-2.443
8.00,1331,-2.897,2.075,-2.451
8.00,1332,-2.897,2.075,-2.451
8.00,1333,-5.181,-2.939,-2.433
8.00,1334,5.140,-2.999,-2.443
8.00,1335,2.991,2.038,-2.444
8.00,1336,-2.608,-1.600,2.603
8.00,1337,2.651,-1.600,2.597
8.00,1338,2.991,2.038,-2.444
8.00,1339,2.651,-1.600,2.597
8.00,1340,-2.608,-1.600,2.603
8.00,1341,5.140,-2.999,-2.443
8.00,1342,-0.072,-3.244,-2.447
8.00,1343,0.047,6.288,-2.397
8.00,1344,-2.897,2.075,-2.451
8.00,1345,-0.018,2.719,2.599
8.00,1346,2.991,2.038,-2.444
8.00,1347,2.991,2.038,-2.444
8.00,1348,-0.072,-3.244,-2.447
8.00,1349,-0.056,0.052,7.682
8.00,1350,-5.181,-2.939,-2.433
8.00,1351,2.991,2.038,-2.444
8.00,1352,-2.608,-1.600,2.603
8.00,1353,0.047,6.288,-2.397
8.00,1354,-2.897,2.075,-2.451
8.00,1355,-0.018,2.719,2.599
8.00,1356,-2.608,-1.600,2.603
8.00,1357,-0.018,2.719,2.599
8.00,1358,0.047,6.288,-2.397
8.00,1359,-0.072,-3.244,-2.447
8.00,1360,2.651,-1.600,2.597
8.00,1361,-5.181,-2.939,-2.433
8.00,1362,-0.018,2.719,2.599
8.00,1363,2.991,2.038,-2.444
8.00,1364,-5.181,-2.939,-2.433
8.00,1365,5.140,-2.999,-2.443
8.00,1366,-5.181,-2.939,-2.433
8.00,1367,0.047,6.288,-2.397
8.00,1368,-0.072,-3.244,-2.447
8.00,1369,-5.181,-2.939,-2.433
8.00,1370,0.047,6.288,-2.397
8.00,1371,-0.072,-3.244,-2.447
8.00,1372,0.047,6.288,-2.397
8.00,1373,2.651,-1.600,2.597
8.00,1374,2.651,-1.600,2.597
8.00,1375,5.140,-2.999,-2.443
8.00,1376,0.047,6.288,-2.397
8.00,1377,0.047,6.288,-2.397
8.00,1378,-2.897,2.075,-2.451
8.00,1379,2.651,-1.600,2.597
8.00,1380,0.047,6.288,-2.397
8.00,1381,-0.018,2.719,2.599
8.00,1382,2.991,2.038,-2.444
8.00,1383,5.140,-2.999,-2.443
8.00,1384,2.991,2.038,-2.444
8.00,1385,-0.072,-3.244,-2.447
8.00,1386,0.047,6.288,-2.397
8.00,1387,-0.056,0.052,7.682
8.00,1388,2.651,-1.600,2.597
8.00,1389,-0.072,-3.244,-2.447
8.00,1390,-0.018,2.719,2.599
8.00,1391,5.140,-2.999,-2.443
8.00,1392,2.651,-1.600,2.597
8.00,1393,-2.608,-1.600,2.603
8.00,1394,5.140,-2.999,-2.443
8.00,1395,-0.072,-3.244,-2.447
8.00,1396,-0.072,-3.244,-2.447
8.00,1397,0.047,6.288,-2.397
8.00,1398,0.047,6.288,-2.397
8.00,1399,-0.072,-3.244,-2.447
8.00,1400,2.651,-1.600,2.597
8.00,1401,-0.072,-3.244,-2.447
8.00,1402,2.651,-1.600,2.597
8.00,1403,-5.181,-2.939,-2.433
8.00,1404,-2.897,2.075,-2.451
8.00,1405,-0.072,-3.244,-2.447
8.00,1406,-5.181,-2.939,-2.433
8.00,1407,5.140,-2.999,-2.443
8.00,1408,2.651,-1.600,2.597
8.00,1409,-2.608,-1.600,2.603
8.00,1410,-5.181,-2.939,-2.433
8.00,1411,0.047,6.288,-2.397
8.00,1412,-2.897,2.075,-2.451
8.00,1413,-0.072,-3.244,-2.447
8.00,1414,2.991,2.038,-2.444
8.00,1415,2.991,2.038,-2.444
8.00,1416,-2.897,2.075,-2.451
8.00,1417,-2.897,2.075,-2.451
8.00,1418,-5.181,-2.939,-2.433
8.00,1419,5.140,-2.999,-2.443
8.00,1420,-0.018,2.719,2.599
8.00,1421,-2.897,2.075,-2.451
8.00,1422,-5.181,-2.939,-2.433
8.00,1423,-0.072,-3.244,-2.447
8.00,1424,-5.181,-2.939,-2.433
8.00,1425,0.047,6.288,-2.397
8.00,1426,-5.181,-2.939,-2.433
8.00,1427,-5.181,-2.939,-2.433
8.00,1428,-5.181,-2.939,-2.433
8.00,1429,5.140,-2.999,-2.443
8.00,1430,-2.608,-1.600,2.603
8.00,1431,-5.181,-2.939,-2.433
8.00,1432,-0.018,2.719,2.599
8.00,1433,-0.018,2.719,2.599
8.00,1434,2.651,-1.600,2.597
8.00,1435,-2.897,2.075,-2.451
8.00,1436,2.651,-1.600,2.597
8.00,1437,-2.897,2.075,-2.451
8.00,1438,2.651,-1.600,2.597
8.00,1439,-2.897,2.075,-2.451
8.00,1440,0.047,6.288,-2.397
8.00,1441,5.140,-2.999,-2.443
8.00,1442,-2.897,2.075,-2.451
8.00,1443,2.651,-1.600,2.597
8.00,1444,5.140,-2.999,-2.443
8.00,1445,2.991,2.038,-2.444
8.00,1446,0.047,6.288,-2.397
8.00,1447,-2.897,2.075,-2.451
8.00,1448,2.991,2.038,-2.444
8.00,1449,-2.608,-1.600,2.603
8.00,1450,2.991,2.038,-2.444
8.00,1451,-2.608,-1.600,2.603
8.00,1452,-0.072,-3.244,-2.447
8.00,1453,-0.018,2.719,2.599
8.00,1454,2.991,2.038,-2.444
8.00,1455,-0.018,2.719,2.599
8.00,1456,-0.072,-3.244,-2.447
8.00,1457,0.047,6.288,-2.397
8.00,1458,0.047,6.288,-2.397
8.00,1459,2.991,2.038,-2.444
8.00,1460,-0.018,2.719,2.599
8.00,1461,-5.181,-2.939,-2.433
8.00,1462,5.140,-2.999,-2.443
8.00,1463,-2.897,2.075,-2.451
8.00,1464,2.651,-1.600,2.597
8.00,1465,2.991,2.038,-2.444
8.00,1466,2.651,-1.600,2.597
8.00,1467,-5.181,-2.939,-2.433
8.00,1468,0.047,6.288,-2.397
8.00,1469,2.651,-1.600,2.597
8.00,1470,5.140,-2.999,-2.443
8.00,1471,2.651,-1.600,2.597
8.00,1472,-5.181,-2.939,-2.433
8.00,1473,-0.056,0.052,7.682
8.00,1474,-0.056,0.052,7.682
8.00,1475,-0.072,-3.244,-2.447
8.00,1476,2.651,-1.600,2.597
8.00,1477,5.140,-2.999,-2.443
8.00,1478,2.651,-1.600,2.597
8.00,1479,-2.608,-1.600,2.603
8.00,1480,5.140,-2.999,-2.443
8.00,1481,2.991,2.038,-2.444
8.00,1482,-0.018,2.719,2.599
8.00,1483,-2.608,-1.600,2.603
8.00,1484,-2.608,-1.600,2.603
8.00,1485,-0.018,2.719,2.599
8.00,1486,-0.056,0.052,7.682
8.00,1487,2.651,-1.600,2.597
8.00,1488,0.047,6.288,-2.397
8.00,1489,2.991,2.038,-2.444
8.00,1490,-0.072,-3.244,-2.447
8.00,1491,-0.018,2.719,2.599
8.00,1492,0.047,6.288,-2.397
8.00,1493,-2.608,-1.600,2.603
8.00,1494,-0.072,-3.244,-2.447
8.00,1495,-2.608,-1.600,2.603
8.00,1496,-0.018,2.719,2.599
8.00,1497,-0.018,2.719,2.599
8.00,1498,0.047,6.288,-2.397
8.00,1499,2.991,2.038,-2.444
8.00,1500,-2.897,2.075,-2.451
8.00,1501,-2.608,-1.600,2.603
8.00,1502,-0.018,2.719,2.599
8.00,1503,-5.181,-2.939,-2.433
8.00,1504,2.991,2.038,-2.444
8.00,1505,2.651,-1.600,2.597
8.00,1506,2.991,2.038,-2.444
8.00,1507,-5.181,-2.939,-2.433
8.00,1508,-2.897,2.075,-2.451
8.00,1509,-0.072,-3.244,-2.447
8.00,1510,-2.608,-1.600,2.603
8.00,1511,0.047,6.288,-2.397
8.00,1512,5.140,-2.999,-2.443
8.00,1513,-2.608,-1.600,2.603
8.00,1514,-5.181,-2.939,-2.433
8.00,1515,-2.608,-1.600,2.603
8.00,1516,-0.072,-3.244,-2.447
8.00,1517,-2.897,2.075,-2.451
8.00,1518,-0.056,0.052,7.682
8.00,1519,-2.897,2.075,-2.451
8.00,1520,5.140,-2.999,-2.443
8.00,1521,-0.072,-3.244,-2.447
8.00,1522,-5.181,-2.939,-2.433
8.00,1523,5.140,-2.999,-2.443
8.00,1524,-5.181,-2.939,-2.433
8.00,1525,-2.897,2.075,-2.451
8.00,1526,-0.018,2.719,2.599
8.00,1527,5.140,-2.999,-2.443
8.00,1528,5.140,-2.999,-2.443
8.00,1529,5.140,-2.999,-2.443
8.00,1530,5.140,-2.999,-2.443
8.00,1531,0.047,6.288,-2.397
8.00,1532,-2.608,-1.600,2.603
8.00,1533,-0.056,0.052,7.682
8.00,1534,5.140,-2.999,-2.443
8.00,1535,-2.897,2.075,-2.451
8.00,1536,5.140,-2.999,-2.443
8.00,1537,2.991,2.038,-2.444
8.00,1538,-0.018,2.719,2.599
8.00,1539,5.140,-2.999,-2.443
8.00,1540,-2.608,-1.600,2.603
8.00,1541,-2.897,2.075,-2.451
8.00,1542,-5.181,-2.939,-2.433
8.00,1543,-0.056,0.052,7.682
8.00,1544,-0.018,2.719,2.599
8.00,1545,-2.897,2.075,-2.451
8.00,1546,5.140,-2.999,-2.443
8.00,1547,-2.897,2.075,-2.451
8.00,1548,-0.018,2.719,2.599
8.00,1549,-0.018,2.719,2.599
8.00,1550,5.140,-2.999,-2.443
8.00,1551,2.991,2.038,-2.444
8.00,1552,-2.897,2.075,-2.451
8.00,1553,2.651,-1.600,2.597
8.00,1554,0.047,6.288,-2.397
8.00,1555,5.140,-2.999,-2.443
8.00,1556,0.047,6.288,-2.397
8.00,1557,-2.608,-1.600,2.603
8.00,1558,-0.056,0.052,7.682
8.00,1559,-2.897,2.075,-2.451
8.00,1560,-2.897,2.075,-2.451
8.00,1561,-5.181,-2.939,-2.433
8.00,1562,5.140,-2.999,-2.443
8.00,1563,-0.018,2.719,2.599
8.00,1564,-0.018,2.719,2.599
8.00,1565,-0.072,-3.244,-2.447
8.00,1566,-5.181,-2.939,-2.433
8.00,1567,-2.897,2.075,-2.451
8.00,1568,0.047,6.288,-2.397
8.00,1569,-5.181,-2.939,-2.433
8.00,1570,-5.181,-2.939,-2.433
8.00,1571,-0.018,2.719,2.599
8.00,1572,-0.056,0.052,7.682
8.00,1573,-2.897,2.075,-2.451
8.00,1574,2.991,2.038,-2.444
8.00,1575,-2.897,2.075,-2.451
8.00,1576,0.047,6.288,-2.397
8.00,1577,-2.897,2.075,-2.451
8.00,1578,-2.608,-1.600,2.603
8.00,1579,-0.072,-3.244,-2.447
8.00,1580,-0.018,2.719,2.599
8.00,1581,-0.072,-3.244,-2.447
8.00,1582,-0.072,-3.244,-2.447
8.00,1583,-0.018,2.719,2.599
8.00,1584,5.140,-2.999,-2.443
8.00,1585,-0.018,2.719,2.599
8.00,1586,-5.181,-2.939,-2.433
8.00,1587,2.991,2.038,-2.444
8.00,1588,-5.181,-2.939,-2.433
8.00,1589,-2.897,2.075,-2.451
8.00,1590,-2.608,-1.600,2.603
8.00,1591,-0.018,2.719,2.599
8.00,1592,-5.181,-2.939,-2.433
8.00,1593,-0.018,2.719,2.599
8.00,1594,-2.897,2.075,-2.451
8.00,1595,-0.072,-3.244,-2.447
8.00,1596,2.991,2.038,-2.444
8.00,1597,-2.608,-1.600,2.603
8.00,1598,-0.018,2.719,2.599
8.00,1599,-0.018,2.719,2.599
8.00,1600,-0.072,-3.244,-2.447
8.00,1601,-2.897,2.075,-2.451
8.00,1602,-2.608,-1.600,2.603
8.00,1603,-0.072,-3.244,-2.447
8.00,1604,5.140,-2.999,-2.443
8.00,1605,-0.018,2.719,2.599
8.00,1606,-2.608,-1.600,2.603
8.00,1607,5.140,-2.999,-2.443
8.00,1608,5.140,-2.999,-2.443
8.00,1609,-2.897,2.075,-2.451
8.00,1610,-2.897,2.075,-2.451
8.00,1611,-0.072,-3.244,-2.447
8.00,1612,5.140,-2.999,-2.443
8.00,1613,2.651,-1.600,2.597
8.00,1614,-0.018,2.719,2.599
8.00,1615,-0.072,-3.244,-2.447
8.00,1616,2.991,2.038,-2.444
8.00,1617,-0.056,0.052,7.682
8.00,1618,-0.018,2.719,2.599
8.00,1619,2.651,-1.600,2.597
8.00,1620,-0.018,2.719,2.599
8.00,1621,0.047,6.288,-2.397
8.00,1622,0.047,6.288,-2.397
8.00,1623,-0.072,-3.244,-2.447
8.00,1624,2.651,-1.600,2.597
8.00,1625,2.651,-1.600,2.597
8.00,1626,-2.608,-1.600,2.603
8.00,1627,-2.897,2.075,-2.451
8.00,1628,2.651,-1.600,2.597
8.00,1629,2.651,-1.600,2.597
8.00,1630,2.651,-1.600,2.597
8.00,1631,-5.181,-2.939,-2.433
8.00,1632,5.140,-2.999,-2.443
8.00,1633,-5.181,-2.939,-2.433
8.00,1634,0.047,6.288,-2.397
8.00,1635,-2.897,2.075,-2.451
8.00,1636,-0.072,-3.244,-2.447
8.00,1637,-0.072,-3.244,-2.447
8.00,1638,0.047,6.288,-2.397
8.00,1639,2.651,-1.600,2.597
8.00,1640,-0.072,-3.244,-2.447
8.00,1641,5.140,-2.999,-2.443
8.00,1642,-0.018,2.719,2.599
8.00,1643,-5.181,-2.939,-2.433
8.00,1644,-0.072,-3.244,-2.447
8.00,1645,-0.072,-3.244,-2.447
8.00,1646,2.651,-1.600,2.597
8.00,1647,-2.897,2.075,-2.451
8.00,1648,5.140,-2.999,-2.443
8.00,1649,2.991,2.038,-2.444
8.00,1650,-0.072,-3.244,-2.447
8.00,1651,2.991,2.038,-2.444
8.00,1652,-0.018,2.719,2.599
8.00,1653,0.047,6.288,-2.397
8.00,1654,0.047,6.288,-2.397
8.00,1655,-2.897,2.075,-2.451
8.00,1656,-0.056,0.052,7.682
8.00,1657,-0.018,2.719,2.599
8.00,1658,-2.897,2.075,-2.451
8.00,1659,5.140,-2.999,-2.443
8.00,1660,2.991,2.038,-2.444
8.00,1661,-0.018,2.719,2.599
8.00,1662,-5.181,-2.939,-2.433
8.00,1663,-2.608,-1.600,2.603
8.00,1664,5.140,-2.999,-2.443
8.00,1665,2.991,2.038,-2.444
8.00,1666,-2.897,2.075,-2.451
8.00,1667,5.140,-2.999,-2.443
8.00,1668,-0.072,-3.244,-2.447
8.00,1669,-2.897,2.075,-2.451
8.00,1670,-0.018,2.719,2.599
8.00,1671,5.140,-2.999,-2.443
8.00,1672,-0.018,2.719,2.599
8.00,1673,-2.897,2.075,-2.451
8.00,1674,-0.056,0.052,7.682
8.00,1675,2.651,-1.600,2.597
8.00,1676,2.651,-1.600,2.597
8.00,1677,-0.018,2.719,2.599
8.00,1678,-2.608,-1.600,2.603
8.00,1679,-2.608,-1.600,2.603
8.00,1680,2.651,-1.600,2.597
8.00,1681,-5.181,-2.939,-2.433
8.00,1682,0.047,6.288,-2.397
8.00,1683,-2.897,2.075,-2.451
8.00,1684,-2.608,-1.600,2.603
8.00,1685,-2.608,-1.600,2.603
8.00,1686,2.991,2.038,-2.444
8.00,1687,0.047,6.288,-2.397
8.00,1688,-0.018,2.719,2.599
8.00,1689,-0.018,2.719,2.599
8.00,1690,-0.072,-3.244,-2.447
8.00,1691,2.991,2.038,-2.444
8.00,1692,2.991,2.038,-2.444
8.00,1693,5.140,-2.999,-2.443
8.00,1694,-2.897,2.075,-2.451
8.00,1695,-2.897,2.075,-2.451
8.00,1696,5.140,-2.999,-2.443
8.00,1697,-2.897,2.075,-2.451
8.00,1698,-2.897,2.075,-2.451
8.00,1699,-0.018,2.719,2.599
8.00,1700,-0.018,2.719,2.599
8.00,1701,2.651,-1.600,2.597
8.00,1702,-0.056,0.052,7.682
8.00,1703,-2.897,2.075,-2.451
8.00,1704,0.047,6.288,-2.397
8.00,1705,2.991,2.038,-2.444
8.00,1706,-0.018,2.719,2.599
8.00,1707,0.047,6.288,-2.397
8.00,1708,-0.018,2.719,2.599
8.00,1709,-0.072,-3.244,-2.447
8.00,1710,0.047,6.288,-2.397
8.00,1711,2.991,2.038,-2.444
8.00,1712,-2.897,2.075,-2.451
8.00,1713,2.991,2.038,-2.444
8.00,1714,-5.181,-2.939,-2.433
8.00,1715,-0.018,2.719,2.599
8.00,1716,-0.072,-3.244,-2.447
8.00,1717,2.651,-1.600,2.597
8.00,1718,2.991,2.038,-2.444
8.00,1719,2.651,-1.600,2.597
8.00,1720,0.047,6.288,-2.397
8.00,1721,-0.072,-3.244,-2.447
8.00,1722,2.651,-1.600,2.597
8.00,1723,-2.897,2.075,-2.451
8.00,1724,-0.018,2.719,2.599
8.00,1725,-5.181,-2.939,-2.433
8.00,1726,-2.608,-1.600,2.603
8.00,1727,-0.056,0.052,7.682
8.00,1728,-0.018,2.719,2.599
8.00,1729,-5.181,-2.939,-2.433
8.00,1730,-0.072,-3.244,-2.447
8.00,1731,-2.897,2.075,-2.451
8.00,1732,-5.181,-2.939,-2.433
8.00,1733,2.651,-1.600,2.597
8.00,1734,-0.018,2.719,2.599
8.00,1735,-0.018,2.719,2.599
8.00,1736,-0.018,2.719,2.599
8.00,1737,-2.897,2.075,-2.451
8.00,1738,2.991,2.038,-2.444
8.00,1739,-0.056,0.052,7.682
8.00,1740,-0.056,0.052,7.682
8.00,1741,2.651,-1.600,2.597
8.00,1742,-2.897,2.075,-2.451
8.00,1743,0.047,6.288,-2.397
8.00,1744,-2.897,2.075,-2.451
8.00,1745,-0.018,2.719,2.599
8.00,1746,-0.072,-3.244,-2.447
8.00,1747,2.991,2.038,-2.444
8.00,1748,5.140,-2.999,-2.443
8.00,1749,-0.018,2.719,2.599
8.00,1750,-0.072,-3.244,-2.447
8.00,1751,-0.018,2.719,2.599
8.00,1752,-5.181,-2.939,-2.433
8.00,1753,0.047,6.288,-2.397
8.00,1754,-2.608,-1.600,2.603
8.00,1755,0.047,6.288,-2.397
8.00,1756,-2.897,2.075,-2.451
8.00,1757,-0.072,-3.244,-2.447
8.00,1758,2.651,-1.600,2.597
8.00,1759,-0.072,-3.244,-2.447
8.00,1760,0.047,6.288,-2.397
8.00,1761,-5.181,-2.939,-2.433
8.00,1762,2.651,-1.600,2.597
8.00,1763,-2.608,-1.600,2.603
8.00,1764,-2.608,-1.600,2.603
8.00,1765,0.047,6.288,-2.397
8.00,1766,-5.181,-2.939,-2.433
8.00,1767,-5.181,-2.939,-2.433
8.00,1768,5.140,-2.999,-2.443
8.00,1769,2.991,2.038,-2.444
8.00,1770,2.991,2.038,-2.444
8.00,1771,-2.897,2.075,-2.451
8.00,1772,-0.072,-3.244,-2.447
8.00,1773,5.140,-2.999,-2.443
8.00,1774,2.651,-1.600,2.597
8.00,1775,-2.897,2.075,-2.451
8.00,1776,0.047,6.288,-2.397
8.00,1777,-5.181,-2.939,-2.433
8.00,1778,-5.181,-2.939,-2.433
8.00,1779,-5.181,-2.939,-2.433
8.00,1780,-0.018,2.719,2.599
8.00,1781,5.140,-2.999,-2.443
8.00,1782,2.651,-1.600,2.597
8.00,1783,2.991,2.038,-2.444
8.00,1784,-0.072,-3.244,-2.447
8.00,1785,-2.897,2.075,-2.451
8.00,1786,-0.072,-3.244,-2.447
8.00,1787,-0.072,-3.244,-2.447
8.00,1788,-5.181,-2.939,-2.433
8.00,1789,0.047,6.288,-2.397
8.00,1790,-2.897,2.075,-2.451
8.00,1791,0.047,6.288,-2.397
8.00,1792,0.047,6.288,-2.397
8.00,1793,2.991,2.038,-2.444
8.00,1794,-2.897,2.075,-2.451
8.00,1795,2.991,2.038,-2.444
8.00,1796,-2.608,-1.600,2.603
8.00,1797,-2.608,-1.600,2.603
8.00,1798,0.047,6.288,-2.397
8.00,1799,-0.056,0.052,7.682
8.00,1800,-5.181,-2.939,-2.433
8.00,1801,2.651,-1.600,2.597
8.00,1802,-2.897,2.075,-2.451
8.00,1803,-2.897,2.075,-2.451
8.00,1804,-2.608,-1.600,2.603
8.00,1805,2.651,-1.600,2.597
8.00,1806,-2.608,-1.600,2.603
8.00,1807,-0.072,-3.244,-2.447
8.00,1808,2.651,-1.600,2.597
8.00,1809,-0.056,0.052,7.682
8.00,1810,0.047,6.288,-2.397
8.00,1811,5.140,-2.999,-2.443
8.00,1812,-0.072,-3.244,-2.447
8.00,1813,-0.072,-3.244,-2.447
8.00,1814,-0.056,0.052,7.682
8.00,1815,2.991,2.038,-2.444
8.00,1816,-5.181,-2.939,-2.433
8.00,1817,5.140,-2.999,-2.443
8.00,1818,-2.608,-1.600,2.603
8.00,1819,-0.018,2.719,2.599
8.00,1820,-0.056,0.052,7.682
8.00,1821,-0.072,-3.244,-2.447
8.00,1822,5.140,-2.999,-2.443
8.00,1823,-0.056,0.052,7.682
8.00,1824,-2.897,2.075,-2.451
8.00,1825,-5.181,-2.939,-2.433
8.00,1826,-0.072,-3.244,-2.447
8.00,1827,-0.018,2.719,2.599
8.00,1828,-0.072,-3.244,-2.447
8.00,1829,-0.018,2.719,2.599
8.00,1830,5.140,-2.999,-2.443
8.00,1831,-2.608,-1.600,2.603
8.00,1832,5.140,-2.999,-2.443
8.00,1833,2.651,-1.600,2.597
8.00,1834,-2.897,2.075,-2.451
8.00,1835,-5.181,-2.939,-2.433
8.00,1836,2.651,-1.600,2.597
8.00,1837,-0.072,-3.244,-2.447
8.00,1838,-5.181,-2.939,-2.433
8.00,1839,-2.897,2.075,-2.451
8.00,1840,-0.018,2.719,2.599
8.00,1841,-5.181,-2.939,-2.433
8.00,1842,0.047,6.288,-2.397
8.00,1843,-2.897,2.075,-2.451
8.00,1844,-0.018,2.719,2.599
8.00,1845,-0.056,0.052,7.682
8.00,1846,5.140,-2.999,-2.443
8.00,1847,5.140,-2.999,-2.443
8.00,1848,-0.056,0.052,7.682
8.00,1849,-0.018,2.719,2.599
8.00,1850,-0.072,-3.244,-2.447
8.00,1851,-0.072,-3.244,-2.447
8.00,1852,-0.072,-3.244,-2.447
8.00,1853,-2.897,2.075,-2.451
8.00,1854,2.651,-1.600,2.597
8.00,1855,2.651,-1.600,2.597
8.00,1856,-0.018,2.719,2.599
8.00,1857,-2.897,2.075,-2.451
8.00,1858,-2.897,2.075,-2.451
8.00,1859,-0.018,2.719,2.599
8.00,1860,2.651,-1.600,2.597
8.00,1861,-0.018,2.719,2.599
8.00,1862,5.140,-2.999,-2.443
8.00,1863,2.651,-1.600,2.597
8.00,1864,-0.056,0.052,7.682
8.00,1865,0.047,6.288,-2.397
8.00,1866,-0.018,2.719,2.599
8.00,1867,-0.018,2.719,2.599
8.00,1868,-2.897,2.075,-2.451
8.00,1869,2.651,-1.600,2.597
8.00,1870,-2.897,2.075,-2.451
8.00,1871,-2.608,-1.600,2.603
8.00,1872,0.047,6.288,-2.397
8.00,1873,-0.056,0.052,7.682
8.00,1874,-0.018,2.719,2.599
8.00,1875,2.651,-1.600,2.597
8.00,1876,-2.897,2.075,-2.451
8.00,1877,2.991,2.038,-2.444
8.00,1878,-0.018,2.719,2.599
8.00,1879,-2.608,-1.600,2.603
8.00,1880,-0.056,0.052,7.682
8.00,1881,2.651,-1.600,2.597
8.00,1882,-2.608,-1.600,2.603
8.00,1883,-2.897,2.075,-2.451
8.00,1884,-2.897,2.075,-2.451
8.00,1885,-5.181,-2.939,-2.433
8.00,1886,0.047,6.288,-2.397
8.00,1887,-0.018,2.719,2.599
8.00,1888,0.047,6.288,-2.397
8.00,1889,2.651,-1.600,2.597
8.00,1890,5.140,-2.999,-2.443
8.00,1891,-2.897,2.075,-2.451
8.00,1892,-2.608,-1.600,2.603
8.00,1893,-0.072,-3.244,-2.447
8.00,1894,-0.018,2.719,2.599
8.00,1895,-0.072,-3.244,-2.447
8.00,1896,-0.018,2.719,2.599
8.00,1897,5.140,-2.999,-2.443
8.00,1898,-5.181,-2.939,-2.433
8.00,1899,5.140,-2.999,-2.443
8.00,1900,5.140,-2.999,-2.443
8.00,1901,-0.072,-3.244,-2.447
8.00,1902,-5.181,-2.939,-2.433
8.00,1903,-0.072,-3.244,-2.447
8.00,1904,2.651,-1.600,2.597
8.00,1905,0.047,6.288,-2.397
8.00,1906,-0.018,2.719,2.599
8.00,1907,-0.072,-3.244,-2.447
8.00,1908,-5.181,-2.939,-2.433
8.00,1909,5.140,-2.999,-2.443
8.00,1910,-2.897,2.075,-2.451
8.00,1911,2.651,-1.600,2.597
8.00,1912,-2.608,-1.600,2.603
8.00,1913,2.991,2.038,-2.444
8.00,1914,5.140,-2.999,-2.443
8.00,1915,0.047,6.288,-2.397
8.00,1916,-5.181,-2.939,-2.433
8.00,1917,5.140,-2.999,-2.443
8.00,1918,5.140,-2.999,-2.443
8.00,1919,-5.181,-2.939,-2.433
8.00,1920,5.140,-2.999,-2.443
8.00,1921,-2.608,-1.600,2.603
8.00,1922,-2.897,2.075,-2.451
8.00,1923,0.047,6.288,-2.397
8.00,1924,2.991,2.038,-2.444
8.00,1925,0.047,6.288,-2.397
8.00,1926,0.047,6.288,-2.397
8.00,1927,-0.072,-3.244,-2.447
8.00,1928,-2.608,-1.600,2.603
8.00,1929,0.047,6.288,-2.397
8.00,1930,0.047,6.288,-2.397
8.00,1931,-5.181,-2.939,-2.433
8.00,1932,-5.181,-2.939,-2.433
8.00,1933,-0.072,-3.244,-2.447
8.00,1934,5.140,-2.999,-2.443
8.00,1935,0.047,6.288,-2.397
8.00,1936,-5.181,-2.939,-2.433
8.00,1937,-2.897,2.075,-2.451
8.00,1938,-0.056,0.052,7.682
8.00,1939,2.991,2.038,-2.444
8.00,1940,-2.608,-1.600,2.603
8.00,1941,-2.897,2.075,-2.451
8.00,1942,-0.018,2.719,2.599
8.00,1943,5.140,-2.999,-2.443
8.00,1944,2.991,2.038,-2.444
8.00,1945,-5.181,-2.939,-2.433
8.00,1946,2.651,-1.600,2.597
8.00,1947,2.991,2.038,-2.444
8.00,1948,-2.897,2.075,-2.451
8.00,1949,-2.608,-1.600,2.603
8.00,1950,-0.072,-3.244,-2.447
8.00,1951,2.651,-1.600,2.597
8.00,1952,-0.072,-3.244,-2.447
8.00,1953,0.047,6.288,-2.397
8.00,1954,2.991,2.038,-2.444
8.00,1955,-5.181,-2.939,-2.433
8.00,1956,5.140,-2.999,-2.443
8.00,1957,-0.018,2.719,2.599
8.00,1958,-5.181,-2.939,-2.433
8.00,1959,-0.018,2.719,2.599
8.00,1960,-5.181,-2.939,-2.433
8.00,1961,5.140,-2.999,-2.443
8.00,1962,-0.072,-3.244,-2.447
8.00,1963,-5.181,-2.939,-2.433
8.00,1964,-0.072,-3.244,-2.447
8.00,1965,5.140,-2.999,-2.443
8.00,1966,-0.018,2.719,2.599
8.00,1967,5.140,-2.999,-2.443
8.00,1968,-0.056,0.052,7.682
8.00,1969,-5.181,-2.939,-2.433
8.00,1970,-2.608,-1.600,2.603
8.00,1971,-5.181,-2.939,-2.433
8.00,1972,-0.056,0.052,7.682
8.00,1973,-2.608,-1.600,2.603
8.00,1974,2.991,2.038,-2.444
8.00,1975,5.140,-2.999,-2.443
8.00,1976,0.047,6.288,-2.397
8.00,1977,5.140,-2.999,-2.443
8.00,1978,-0.072,-3.244,-2.447
8.00,1979,-2.897,2.075,-2.451
8.00,1980,5.140,-2.999,-2.443
8.00,1981,2.991,2.038,-2.444
8.00,1982,-0.056,0.052,7.682
8.00,1983,-2.897,2.075,-2.451
8.00,1984,2.991,2.038,-2.444
8.00,1985,0.047,6.288,-2.397
8.00,1986,-2.897,2.075,-2.451
8.00,1987,-0.056,0.052,7.682
8.00,1988,5.140,-2.999,-2.443
8.00,1989,-0.072,-3.244,-2.447
8.00,1990,-2.897,2.075,-2.451
8.00,1991,-5.181,-2.939,-2.433
8.00,1992,-0.018,2.719,2.599
8.00,1993,-2.608,-1.600,2.603
8.00,1994,2.651,-1.600,2.597
8.00,1995,2.991,2.038,-2.444
8.00,1996,-5.181,-2.939,-2.433
8.00,1997,-0.072,-3.244,-2.447
8.00,1998,2.991,2.038,-2.444
8.00,1999,-2.608,-1.600,2.603
8.00,2000,-0.056,0.052,7.682
8.00,2001,-5.181,-2.939,-2.433
8.00,2002,-0.056,0.052,7.682
8.00,2003,-5.181,-2.939,-2.433
8.00,2004,5.140,-2.999,-2.443
8.00,2005,-5.181,-2.939,-2.433
8.00,2006,-2.897,2.075,-2.451
8.00,2007,-0.056,0.052,7.682
8.00,2008,-2.897,2.075,-2.451
8.00,2009,2.991,2.038,-2.444
8.00,2010,2.991,2.038,-2.444
8.00,2011,-5.181,-2.939,-2.433
8.00,2012,-0.018,2.719,2.599
8.00,2013,-0.072,-3.244,-2.447
8.00,2014,-0.072,-3.244,-2.447
8.00,2015,2.651,-1.600,2.597
8.00,2016,-0.072,-3.244,-2.447
8.00,2017,-0.072,-3.244,-2.447
8.00,2018,0.047,6.288,-2.397
8.00,2019,-0.018,2.719,2.599
8.00,2020,2.991,2.038,-2.444
8.00,2021,5.140,-2.999,-2.443
8.00,2022,-2.897,2.075,-2.451
8.00,2023,-5.181,-2.939,-2.433
8.00,2024,5.140,-2.999,-2.443
8.00,2025,5.140,-2.999,-2.443
8.00,2026,-5.181,-2.939,-2.433
8.00,2027,-0.072,-3.244,-2.447
8.00,2028,5.140,-2.999,-2.443
8.00,2029,2.991,2.038,-2.444
8.00,2030,2.991,2.038,-2.444
8.00,2031,2.651,-1.600,2.597
8.00,2032,-2.897,2.075,-2.451
8.00,2033,-2.897,2.075,-2.451
8.00,2034,5.140,-2.999,-2.443
8.00,2035,0.047,6.288,-2.397
8.00,2036,2.651,-1.600,2.597
8.00,2037,-5.181,-2.939,-2.433
8.00,2038,-2.608,-1.600,2.603
8.00,2039,0.047,6.288,-2.397
8.00,2040,-0.072,-3.244,-2.447
8.00,2041,0.047,6.288,-2.397
8.00,2042,-0.018,2.719,2.599
8.00,2043,-5.181,-2.939,-2.433
8.00,2044,2.991,2.038,-2.444
8.00,2045,2.651,-1.600,2.597
8.00,2046,2.991,2.038,-2.444
8.00,2047,-5.181,-2.939,-2.433
8.00,2048,0.047,6.288,-2.397
8.00,2049,-0.072,-3.244,-2.447
8.00,2050,-5.181,-2.939,-2.433
8.00,2051,-2.608,-1.600,2.603
8.00,2052,-0.018,2.719,2.599
8.00,2053,-2.897,2.075,-2.451
8.00,2054,-0.072,-3.244,-2.447
8.00,2055,5.140,-2.999,-2.443
8.00,2056,-0.056,0.052,7.682
8.00,2057,-5.181,-2.939,-2.433
8.00,2058,-0.056,0.052,7.682
8.00,2059,-0.018,2.719,2.599
8.00,2060,-0.056,0.052,7.682
8.00,2061,-2.897,2.075,-2.451
8.00,2062,-2.897,2.075,-2.451
8.00,2063,-2.608,-1.600,2.603
8.00,2064,2.651,-1.600,2.597
8.00,2065,-0.018,2.719,2.599
8.00,2066,-2.608,-1.600,2.603
8.00,2067,-0.072,-3.244,-2.447
8.00,2068,-0.018,2.719,2.599
8.00,2069,-0.018,2.719,2.599
8.00,2070,-2.897,2.075,-2.451
8.00,2071,-0.056,0.052,7.682
8.00,2072,2.651,-1.600,2.597
8.00,2073,5.140,-2.999,-2.443
8.00,2074,2.651,-1.600,2.597
8.00,2075,-5.181,-2.939,-2.433
8.00,2076,-0.072,-3.244,-2.447
8.00,2077,-0.072,-3.244,-2.447
8.00,2078,-0.018,2.719,2.599
8.00,2079,-5.181,-2.939,-2.433
8.00,2080,-2.897,2.075,-2.451
8.00,2081,0.047,6.288,-2.397
8.00,2082,-0.072,-3.244,-2.447
8.00,2083,0.047,6.288,-2.397
8.00,2084,-2.608,-1.600,2.603
8.00,2085,5.140,-2.999,-2.443
8.00,2086,-5.181,-2.939,-2.433
8.00,2087,-0.018,2.719,2.599
8.00,2088,-2.608,-1.600,2.603
8.00,2089,2.651,-1.600,2.597
8.00,2090,-5.181,-2.939,-2.433
8.00,2091,0.047,6.288,-2.397
8.00,2092,-2.897,2.075,-2.451
8.00,2093,2.991,2.038,-2.444
8.00,2094,-2.608,-1.600,2.603
8.00,2095,0.047,6.288,-2.397
8.00,2096,2.991,2.038,-2.444
8.00,2097,2.651,-1.600,2.597
8.00,2098,-0.072,-3.244,-2.447
8.00,2099,-0.072,-3.244,-2.447
8.00,2100,-5.181,-2.939,-2.433
8.00,2101,-5.181,-2.939,-2.433
8.00,2102,5.140,-2.999,-2.443
8.00,2103,0.047,6.288,-2.397
8.00,2104,-2.608,-1.600,2.603
8.00,2105,-5.181,-2.939,-2.433
8.00,2106,2.651,-1.600,2.597
8.00,2107,2.991,2.038,-2.444
8.00,2108,2.651,-1.600,2.597
8.00,2109,-0.072,-3.244,-2.447
8.00,2110,-5.181,-2.939,-2.433
8.00,2111,2.991,2.038,-2.444
8.00,2112,-0.018,2.719,2.599
8.00,2113,0.047,6.288,-2.397
8.00,2114,-5.181,-2.939,-2.433
8.00,2115,-2.897,2.075,-2.451
8.00,2116,0.047,6.288,-2.397
8.00,2117,-0.072,-3.244,-2.447
8.00,2118,-0.018,2.719,2.599
8.00,2119,-2.608,-1.600,2.603
8.00,2120,-5.181,-2.939,-2.433
8.00,2121,-5.181,-2.939,-2.433
8.00,2122,-0.072,-3.244,-2.447
8.00,2123,-0.072,-3.244,-2.447
8.00,2124,-5.181,-2.939,-2.433
8.00,2125,-0.018,2.719,2.599
8.00,2126,-2.608,-1.600,2.603
8.00,2127,0.047,6.288,-2.397
8.00,2128,-0.056,0.052,7.682
8.00,2129,-0.072,-3.244,-2.447
8.00,2130,-0.072,-3.244,-2.447
8.00,2131,5.140,-2.999,-2.443
8.00,2132,-2.608,-1.600,2.603
8.00,2133,-0.056,0.052,7.682
8.00,2134,-2.608,-1.600,2.603
8.00,2135,2.991,2.038,-2.444
8.00,2136,-2.608,-1.600,2.603
8.00,2137,2.651,-1.600,2.597
8.00,2138,-0.056,0.052,7.682
8.00,2139,0.047,6.288,-2.397
8.00,2140,2.651,-1.600,2.597
8.00,2141,2.991,2.038,-2.444
8.00,2142,-2.897,2.075,-2.451
8.00,2143,5.140,-2.999,-2.443
8.00,2144,-0.072,-3.244,-2.447
8.00,2145,-2.608,-1.600,2.603
8.00,2146,-0.056,0.052,7.682
8.00,2147,-0.018,2.719,2.599
8.00,2148,2.991,2.038,-2.444
8.00,2149,-2.897,2.075,-2.451
8.00,2150,0.047,6.288,-2.397
8.00,2151,2.651,-1.600,2.597
8.00,2152,-0.072,-3.244,-2.447
8.00,2153,2.991,2.038,-2.444
8.00,2154,-2.897,2.075,-2.451
8.00,2155,-0.018,2.719,2.599
8.00,2156,2.991,2.038,-2.444
8.00,2157,0.047,6.288,-2.397
8.00,2158,-2.897,2.075,-2.451
8.00,2159,-0.018,2.719,2.599
8.00,2160,-0.018,2.719,2.599
8.00,2161,-2.608,-1.600,2.603
8.00,2162,-5.181,-2.939,-2.433
8.00,2163,-2.897,2.075,-2.451
8.00,2164,-5.181,-2.939,-2.433
8.00,2165,-2.897,2.075,-2.451
8.00,2166,-2.897,2.075,-2.451
8.00,2167,-5.181,-2.939,-2.433
8.00,2168,-2.608,-1.600,2.603
8.00,2169,-0.056,0.052,7.682
8.00,2170,0.047,6.288,-2.397
8.00,2171,-0.018,2.719,2.599
8.00,2172,-2.608,-1.600,2.603
8.00,2173,-0.072,-3.244,-2.447
8.00,2174,-0.072,-3.244,-2.447
8.00,2175,-0.072,-3.244,-2.447
8.00,2176,-0.072,-3.244,-2.447
8.00,2177,-5.181,-2.939,-2.433
8.00,2178,5.140,-2.999,-2.443
8.00,2179,2.991,2.038,-2.444
8.00,2180,-0.072,-3.244,-2.447
8.00,2181,-5.181,-2.939,-2.433
8.00,2182,0.047,6.288,-2.397
8.00,2183,-0.072,-3.244,-2.447
8.00,2184,-2.897,2.075,-2.451
8.00,2185,-5.181,-2.939,-2.433
8.00,2186,0.047,6.288,-2.397
8.00,2187,-5.181,-2.939,-2.433
8.00,2188,-0.018,2.719,2.599
8.00,2189,-0.018,2.719,2.599
8.00,2190,5.140,-2.999,-2.443
8.00,2191,-0.056,0.052,7.682
8.00,2192,2.651,-1.600,2.597
8.00,2193,2.651,-1.600,2.597
8.00,2194,2.651,-1.600,2.597
8.00,2195,0.047,6.288,-2.397
8.00,2196,2.651,-1.600,2.597
8.00,2197,-0.072,-3.244,-2.447
8.00,2198,-0.072,-3.244,-2.447
8.00,2199,0.047,6.288,-2.397
8.00,2200,-0.018,2.719,2.599
8.00,2201,-2.608,-1.600,2.603
8.00,2202,0.047,6.288,-2.397
8.00,2203,2.991,2.038,-2.444
8.00,2204,5.140,-2.999,-2.443
8.00,2205,2.991,2.038,-2.444
8.00,2206,-2.608,-1.600,2.603
8.00,2207,5.140,-2.999,-2.443
8.00,2208,2.991,2.038,-2.444
8.00,2209,2.991,2.038,-2.444
8.00,2210,2.651,-1.600,2.597
8.00,2211,-5.181,-2.939,-2.433
8.00,2212,-5.181,-2.939,-2.433
8.00,2213,-0.056,0.052,7.682
8.00,2214,2.991,2.038,-2.444
8.00,2215,-0.056,0.052,7.682
8.00,2216,2.991,2.038,-2.444
8.00,2217,-2.608,-1.600,2.603
8.00,2218,-2.608,-1.600,2.603
8.00,2219,-0.072,-3.244,-2.447
8.00,2220,-0.018,2.719,2.599
8.00,2221,-2.897,2.075,-2.451
8.00,2222,-0.056,0.052,7.682
8.00,2223,5.140,-2.999,-2.443
8.00,2224,-0.018,2.719,2.599
8.00,2225,-0.072,-3.244,-2.447
8.00,2226,5.140,-2.999,-2.443
8.00,2227,-5.181,-2.939,-2.433
8.00,2228,-5.181,-2.939,-2.433
8.00,2229,-0.018,2.719,2.599
8.00,2230,-2.608,-1.600,2.603
8.00,2231,-2.897,2.075,-2.451
8.00,2232,0.047,6.288,-2.397
8.00,2233,-5.181,-2.939,-2.433
8.00,2234,5.140,-2.999,-2.443
8.00,2235,2.651,-1.600,2.597
8.00,2236,-0.072,-3.244,-2.447
8.00,2237,5.140,-2.999,-2.443
8.00,2238,-5.181,-2.939,-2.433
8.00,2239,0.047,6.288,-2.397
8.00,2240,-0.072,-3.244,-2.447
8.00,2241,0.047,6.288,-2.397
8.00,2242,-2.608,-1.600,2.603
8.00,2243,-0.056,0.052,7.682
8.00,2244,5.140,-2.999,-2.443
8.00,2245,2.991,2.038,-2.444
8.00,2246,-0.018,2.719,2.599
8.00,2247,-2.897,2.075,-2.451
8.00,2248,-2.897,2.075,-2.451
8.00,2249,-5.181,-2.939,-2.433
8.00,2250,5.140,-2.999,-2.443
8.00,2251,2.651,-1.600,2.597
8.00,2252,-5.181,-2.939,-2.433
8.00,2253,5.140,-2.999,-2.443
8.00,2254,0.047,6.288,-2.397
8.00,2255,-0.072,-3.244,-2.447
8.00,2256,5.140,-2.999,-2.443
8.00,2257,2.991,2.038,-2.444
8.00,2258,-0.056,0.052,7.682
8.00,2259,-2.897,2.075,-2.451
8.00,2260,-0.072,-3.244,-2.447
8.00,2261,-0.018,2.719,2.599
8.00,2262,-0.018,2.719,2.599
8.00,2263,5.140,-2.999,-2.443
8.00,2264,0.047,6.288,-2.397
8.00,2265,5.140,-2.999,-2.443
8.00,2266,0.047,6.288,-2.397
8.00,2267,-2.608,-1.600,2.603
8.00,2268,-0.018,2.719,2.599
8.00,2269,0.047,6.288,-2.397
8.00,2270,2.991,2.038,-2.444
8.00,2271,5.140,-2.999,-2.443
8.00,2272,-2.897,2.075,-2.451
8.00,2273,-5.181,-2.939,-2.433
8.00,2274,-2.897,2.075,-2.451
8.00,2275,5.140,-2.999,-2.443
8.00,2276,2.651,-1.600,2.597
8.00,2277,-2.897,2.075,-2.451
8.00,2278,-2.608,-1.600,2.603
8.00,2279,-0.072,-3.244,-2.447
8.00,2280,2.651,-1.600,2.597
8.00,2281,2.991,2.038,-2.444
8.00,2282,-0.018,2.719,2.599
8.00,2283,2.991,2.038,-2.444
8.00,2284,5.140,-2.999,-2.443
8.00,2285,-5.181,-2.939,-2.433
8.00,2286,-0.072,-3.244,-2.447
8.00,2287,2.991,2.038,-2.444
8.00,2288,-0.018,2.719,2.599
8.00,2289,-2.897,2.075,-2.451
8.00,2290,-2.608,-1.600,2.603
8.00,2291,0.047,6.288,-2.397
8.00,2292,0.047,6.288,-2.397
8.00,2293,2.991,2.038,-2.444
8.00,2294,2.991,2.038,-2.444
8.00,2295,5.140,-2.999,-2.443
8.00,2296,-2.897,2.075,-2.451
8.00,2297,5.140,-2.999,-2.443
8.00,2298,-5.181,-2.939,-2.433
8.00,2299,-5.181,-2.939,-2.433
8.00,2300,2.651,-1.600,2.597
8.00,2301,0.047,6.288,-2.397
8.00,2302,-0.072,-3.244,-2.447
8.00,2303,0.047,6.288,-2.397
8.00,2304,-0.056,0.052,7.682
8.00,2305,-2.897,2.075,-2.451
8.00,2306,-2.897,2.075,-2.451
8.00,2307,-5.181,-2.939,-2.433
8.00,2308,-5.181,-2.939,-2.433
8.00,2309,-0.072,-3.244,-2.447
8.00,2310,-5.181,-2.939,-2.433
8.00,2311,-2.608,-1.600,2.603
8.00,2312,2.651,-1.600,2.597
8.00,2313,-0.072,-3.244,-2.447
8.00,2314,2.991,2.038,-2.444
8.00,2315,-2.608,-1.600,2.603
8.00,2316,-0.072,-3.244,-2.447
8.00,2317,0.047,6.288,-2.397
8.00,2318,-5.181,-2.939,-2.433
8.00,2319,-2.608,-1.600,2.603
8.00,2320,-0.018,2.719,2.599
8.00,2321,0.047,6.288,-2.397
8.00,2322,-0.072,-3.244,-2.447
8.00,2323,-0.072,-3.244,-2.447
8.00,2324,-0.056,0.052,7.682
8.00,2325,-5.181,-2.939,-2.433
8.00,2326,-2.608,-1.600,2.603
8.00,2327,-2.608,-1.600,2.603
8.00,2328,0.047,6.288,-2.397
8.00,2329,2.651,-1.600,2.597
8.00,2330,2.991,2.038,-2.444
8.00,2331,-2.608,-1.600,2.603
8.00,2332,5.140,-2.999,-2.443
8.00,2333,-2.897,2.075,-2.451
8.00,2334,-5.181,-2.939,-2.433
8.00,2335,-5.181,-2.939,-2.433
8.00,2336,-5.181,-2.939,-2.433
8.00,2337,0.047,6.288,-2.397
8.00,2338,-2.608,-1.600,2.603
8.00,2339,-2.897,2.075,-2.451
8.00,2340,-0.072,-3.244,-2.447
8.00,2341,-0.072,-3.244,-2.447
8.00,2342,2.651,-1.600,2.597
8.00,2343,-2.608,-1.600,2.603
8.00,2344,-0.072,-3.244,-2.447
8.00,2345,5.140,-2.999,-2.443
8.00,2346,-0.018,2.719,2.599
8.00,2347,-5.181,-2.939,-2.433
8.00,2348,-2.608,-1.600,2.603
8.00,2349,-2.897,2.075,-2.451
8.00,2350,2.991,2.038,-2.444
8.00,2351,-2.608,-1.600,2.603
8.00,2352,2.651,-1.600,2.597
8.00,2353,0.047,6.288,-2.397
8.00,2354,2.991,2.038,-2.444
8.00,2355,-0.072,-3.244,-2.447
8.00,2356,-2.897,2.075,-2.451
8.00,2357,2.991,2.038,-2.444
8.00,2358,2.651,-1.600,2.597
8.00,2359,5.140,-2.999,-2.443
8.00,2360,-0.018,2.719,2.599
8.00,2361,-0.018,2.719,2.599
8.00,2362,0.047,6.288,-2.397
8.00,2363,-0.018,2.719,2.599
8.00,2364,-2.608,-1.600,2.603
8.00,2365,2.651,-1.600,2.597
8.00,2366,5.140,-2.999,-2.443
8.00,2367,-0.018,2.719,2.599
8.00,2368,0.047,6.288,-2.397
8.00,2369,2.651,-1.600,2.597
8.00,2370,-2.608,-1.600,2.603
8.00,2371,5.140,-2.999,-2.443
8.00,2372,-5.181,-2.939,-2.433
8.00,2373,2.991,2.038,-2.444
8.00,2374,5.140,-2.999,-2.443
8.00,2375,-5.181,-2.939,-2.433
8.00,2376,2.651,-1.600,2.597
8.00,2377,-0.072,-3.244,-2.447
8.00,2378,-2.897,2.075,-2.451
8.00,2379,2.991,2.038,-2.444
8.00,2380,-2.897,2.075,-2.451
8.00,2381,-2.608,-1.600,2.603
8.00,2382,2.991,2.038,-2.444
8.00,2383,2.651,-1.600,2.597
8.00,2384,2.651,-1.600,2.597
8.00,2385,2.651,-1.600,2.597
8.00,2386,-0.056,0.052,7.682
8.00,2387,2.991,2.038,-2.444
8.00,2388,-0.056,0.052,7.682
8.00,2389,0.047,6.288,-2.397
8.00,2390,-0.056,0.052,7.682
8.00,2391,-0.072,-3.244,-2.447
8.00,2392,-5.181,-2.939,-2.433
8.00,2393,-2.897,2.075,-2.451
8.00,2394,-0.018,2.719,2.599
8.00,2395,2.991,2.038,-2.444
8.00,2396,-0.056,0.052,7.682
8.00,2397,-0.018,2.719,2.599
8.00,2398,-0.072,-3.244,-2.447
8.00,2399,-0.018,2.719,2.599
8.00,2400,-2.608,-1.600,2.603
8.00,2401,-0.018,2.719,2.599
8.00,2402,-5.181,-2.939,-2.433
8.00,2403,-2.608,-1.600,2.603
8.00,2404,2.651,-1.600,2.597
8.00,2405,-5.181,-2.939,-2.433
8.00,2406,-2.608,-1.600,2.603
8.00,2407,-2.897,2.075,-2.451
8.00,2408,2.651,-1.600,2.597
8.00,2409,-5.181,-2.939,-2.433
8.00,2410,2.651,-1.600,2.597
8.00,2411,0.047,6.288,-2.397
8.00,2412,0.047,6.288,-2.397
8.00,2413,-0.018,2.719,2.599
8.00,2414,-0.072,-3.244,-2.447
8.00,2415,-5.181,-2.939,-2.433
8.00,2416,2.991,2.038,-2.444
8.00,2417,5.140,-2.999,-2.443
8.00,2418,-0.072,-3.244,-2.447
8.00,2419,-2.897,2.075,-2.451
8.00,2420,-2.897,2.075,-2.451
8.00,2421,-0.018,2.719,2.599
8.00,2422,-0.072,-3.244,-2.447
8.00,2423,-0.018,2.719,2.599
8.00,2424,2.991,2.038,-2.444
8.00,2425,2.991,2.038,-2.444
8.00,2426,5.140,-2.999,-2.443
8.00,2427,-0.018,2.719,2.599
8.00,2428,-2.897,2.075,-2.451
8.00,2429,2.991,2.038,-2.444
8.00,2430,-0.018,2.719,2.599
8.00,2431,0.047,6.288,-2.397
8.00,2432,-5.181,-2.939,-2.433
8.00,2433,-0.018,2.719,2.599
8.00,2434,-2.897,2.075,-2.451
8.00,2435,5.140,-2.999,-2.443
8.00,2436,-2.897,2.075,-2.451
8.00,2437,2.991,2.038,-2.444
8.00,2438,-5.181,-2.939,-2.433
8.00,2439,5.140,-2.999,-2.443
8.00,2440,2.991,2.038,-2.444
8.00,2441,-0.018,2.719,2.599
8.00,2442,-5.181,-2.939,-2.433
8.00,2443,-0.056,0.052,7.682
8.00,2444,5.140,-2.999,-2.443
8.00,2445,-2.608,-1.600,2.603
8.00,2446,-0.056,0.052,7.682
8.00,2447,2.991,2.038,-2.444
8.00,2448,-0.056,0.052,7.682
8.00,2449,2.991,2.038,-2.444
8.00,2450,5.140,-2.999,-2.443
8.00,2451,0.047,6.288,-2.397
8.00,2452,5.140,-2.999,-2.443
8.00,2453,2.651,-1.600,2.597
8.00,2454,-0.056,0.052,7.682
8.00,2455,-0.072,-3.244,-2.447
8.00,2456,0.047,6.288,-2.397
8.00,2457,-5.181,-2.939,-2.433
8.00,2458,-5.181,-2.939,-2.433
8.00,2459,-2.608,-1.600,2.603
8.00,2460,-0.072,-3.244,-2.447
8.00,2461,-2.608,-1.600,2.603
8.00,2462,2.651,-1.600,2.597
8.00,2463,-2.897,2.075,-2.451
8.00,2464,0.047,6.288,-2.397
8.00,2465,5.140,-2.999,-2.443
8.00,2466,0.047,6.288,-2.397
8.00,2467,2.991,2.038,-2.444
8.00,2468,0.047,6.288,-2.397
8.00,2469,-2.897,2.075,-2.451
8.00,2470,-2.608,-1.600,2.603
8.00,2471,-2.608,-1.600,2.603
8.00,2472,-5.181,-2.939,-2.433
8.00,2473,2.651,-1.600,2.597
8.00,2474,-2.897,2.075,-2.451
8.00,2475,-2.608,-1.600,2.603
8.00,2476,5.140,-2.999,-2.443
8.00,2477,-2.897,2.075,-2.451
8.00,2478,-2.608,-1.600,2.603
8.00,2479,2.991,2.038,-2.444
8.00,2480,-5.181,-2.939,-2.433
8.00,2481,0.047,6.288,-2.397
8.00,2482,2.651,-1.600,2.597
8.00,2483,-0.018,2.719,2.599
8.00,2484,-0.018,2.719,2.599
8.00,2485,5.140,-2.999,-2.443
8.00,2486,2.991,2.038,-2.444
8.00,2487,2.651,-1.600,2.597
8.00,2488,-0.072,-3.244,-2.447
8.00,2489,5.140,-2.999,-2.443
8.00,2490,-0.072,-3.244,-2.447
8.00,2491,5.140,-2.999,-2.443
8.00,2492,2.651,-1.600,2.597
8.00,2493,-0.072,-3.244,-2.447
8.00,2494,-0.072,-3.244,-2.447
8.00,2495,0.047,6.288,-2.397
8.00,2496,-0.018,2.719,2.599
8.00,2497,-0.018,2.719,2.599
8.00,2498,-0.072,-3.244,-2.447
8.00,2499,0.047,6.288,-2.397
8.00,2500,-5.181,-2.939,-2.433
8.00,2501,-0.072,-3.244,-2.447
8.00,2502,-2.897,2.075,-2.451
8.00,2503,2.651,-1.600,2.597
8.00,2504,-0.056,0.052,7.682
8.00,2505,2.991,2.038,-2.444
8.00,2506,-0.018,2.719,2.599
8.00,2507,-5.181,-2.939,-2.433
8.00,2508,0.047,6.288,-2.397
8.00,2509,-2.897,2.075,-2.451
8.00,2510,-0.018,2.719,2.599
8.00,2511,2.651,-1.600,2.597
8.00,2512,5.140,-2.999,-2.443
8.00,2513,2.991,2.038,-2.444
8.00,2514,-0.018,2.719,2.599
8.00,2515,2.651,-1.600,2.597
8.00,2516,-0.018,2.719,2.599
8.00,2517,2.651,-1.600,2.597
8.00,2518,-0.018,2.719,2.599
8.00,2519,-2.897,2.075,-2.451
8.00,2520,-2.897,2.075,-2.451
8.00,2521,-0.072,-3.244,-2.447
8.00,2522,2.991,2.038,-2.444
8.00,2523,-2.897,2.075,-2.451
8.00,2524,-0.018,2.719,2.599
8.00,2525,2.651,-1.600,2.597
8.00,2526,5.140,-2.999,-2.443
8.00,2527,-0.056,0.052,7.682
8.00,2528,-5.181,-2.939,-2.433
8.00,2529,5.140,-2.999,-2.443
8.00,2530,2.651,-1.600,2.597
8.00,2531,-2.608,-1.600,2.603
8.00,2532,-2.608,-1.600,2.603
8.00,2533,-0.018,2.719,2.599
8.00,2534,-2.897,2.075,-2.451
8.00,2535,-5.181,-2.939,-2.433
8.00,2536,5.140,-2.999,-2.443
8.00,2537,-2.897,2.075,-2.451
8.00,2538,-2.897,2.075,-2.451
8.00,2539,-0.072,-3.244,-2.447
8.00,2540,-2.608,-1.600,2.603
8.00,2541,-0.056,0.052,7.682
8.00,2542,2.991,2.038,-2.444
8.00,2543,-0.072,-3.244,-2.447
8.00,2544,2.651,-1.600,2.597
8.00,2545,-2.897,2.075,-2.451
8.00,2546,-0.018,2.719,2.599
8.00,2547,-0.018,2.719,2.599
8.00,2548,-0.072,-3.244,-2.447
8.00,2549,5.140,-2.999,-2.443
8.00,2550,5.140,-2.999,-2.443
8.00,2551,-5.181,-2.939,-2.433
8.00,2552,-2.608,-1.600,2.603
8.00,2553,2.991,2.038,-2.444
8.00,2554,0.047,6.288,-2.397
8.00,2555,5.140,-2.999,-2.443
8.00,2556,2.651,-1.600,2.597
8.00,2557,-2.608,-1.600,2.603
8.00,2558,-0.018,2.719,2.599
8.00,2559,-0.072,-3.244,-2.447
8.00,2560,2.991,2.038,-2.444
8.00,2561,2.651,-1.600,2.597
8.00,2562,-2.608,-1.600,2.603
8.00,2563,2.651,-1.600,2.597
8.00,2564,-2.608,-1.600,2.603
8.00,2565,2.991,2.038,-2.444
8.00,2566,-5.181,-2.939,-2.433
8.00,2567,0.047,6.288,-2.397
8.00,2568,-2.897,2.075,-2.451
8.00,2569,-5.181,-2.939,-2.433
8.00,2570,-2.897,2.075,-2.451
8.00,2571,0.047,6.288,-2.397
8.00,2572,0.047,6.288,-2.397
8.00,2573,-2.608,-1.600,2.603
8.00,2574,5.140,-2.999,-2.443
8.00,2575,2.991,2.038,-2.444
8.00,2576,2.991,2.038,-2.444
8.00,2577,-2.897,2.075,-2.451
8.00,2578,5.140,-2.999,-2.443
8.00,2579,-0.072,-3.244,-2.447
8.00,2580,-2.608,-1.600,2.603
8.00,2581,-5.181,-2.939,-2.433
8.00,2582,0.047,6.288,-2.397
8.00,2583,-0.072,-3.244,-2.447
8.00,2584,-0.018,2.719,2.599
8.00,2585,2.991,2.038,-2.444
8.00,2586,-2.608,-1.600,2.603
8.00,2587,-0.072,-3.244,-2.447
8.00,2588,-2.897,2.075,-2.451
8.00,2589,2.651,-1.600,2.597
8.00,2590,-0.018,2.719,2.599
8.00,2591,-0.018,2.719,2.599
8.00,2592,-5.181,-2.939,-2.433
8.00,2593,5.140,-2.999,-2.443
8.00,2594,5.140,-2.999,-2.443
8.00,2595,2.651,-1.600,2.597
8.00,2596,-0.056,0.052,7.682
8.00,2597,-2.897,2.075,-2.451
8.00,2598,0.047,6.288,-2.397
8.00,2599,-0.072,-3.244,-2.447
8.00,2600,-0.072,-3.244,-2.447
8.00,2601,-5.181,-2.939,-2.433
8.00,2602,-0.072,-3.244,-2.447
8.00,2603,-0.018,2.719,2.599
8.00,2604,-0.056,0.052,7.682
8.00,2605,2.991,2.038,-2.444
8.00,2606,-5.181,-2.939,-2.433
8.00,2607,-2.897,2.075,-2.451
8.00,2608,-0.072,-3.244,-2.447
8.00,2609,-2.608,-1.600,2.603
8.00,2610,-2.608,-1.600,2.603
8.00,2611,0.047,6.288,-2.397
8.00,2612,-0.072,-3.244,-2.447
8.00,2613,-5.181,-2.939,-2.433
8.00,2614,5.140,-2.999,-2.443
8.00,2615,-0.072,-3.244,-2.447
8.00,2616,2.651,-1.600,2.597
8.00,2617,-2.897,2.075,-2.451
8.00,2618,-5.181,-2.939,-2.433
8.00,2619,0.047,6.288,-2.397
8.00,2620,-2.897,2.075,-2.451
8.00,2621,2.651,-1.600,2.597
8.00,2622,-0.072,-3.244,-2.447
8.00,2623,5.140,-2.999,-2.443
8.00,2624,-2.608,-1.600,2.603
8.00,2625,-0.072,-3.244,-2.447
8.00,2626,-5.181,-2.939,-2.433
8.00,2627,-0.072,-3.244,-2.447
8.00,2628,2.991,2.038,-2.444
8.00,2629,-2.897,2.075,-2.451
8.00,2630,2.651,-1.600,2.597
8.00,2631,2.651,-1.600,2.597
8.00,2632,2.991,2.038,-2.444
8.00,2633,5.140,-2.999,-2.443
8.00,2634,5.140,-2.999,-2.443
8.00,2635,-2.608,-1.600,2.603
8.00,2636,-0.018,2.719,2.599
8.00,2637,-5.181,-2.939,-2.433
8.00,2638,0.047,6.288,-2.397
8.00,2639,2.991,2.038,-2.444
8.00,2640,-0.056,0.052,7.682
8.00,2641,-5.181,-2.939,-2.433
8.00,2642,2.991,2.038,-2.444
8.00,2643,5.140,-2.999,-2.443
8.00,2644,5.140,-2.999,-2.443
8.00,2645,2.991,2.038,-2.444
8.00,2646,2.651,-1.600,2.597
8.00,2647,-0.018,2.719,2.599
8.00,2648,-0.056,0.052,7.682
8.00,2649,0.047,6.288,-2.397
8.00,2650,-2.608,-1.600,2.603
8.00,2651,2.991,2.038,-2.444
8.00,2652,0.047,6.288,-2.397
8.00,2653,2.651,-1.600,2.597
8.00,2654,-2.608,-1.600,2.603
8.00,2655,-5.181,-2.939,-2.433
8.00,2656,-0.018,2.719,2.599
8.00,2657,5.140,-2.999,-2.443
8.00,2658,2.651,-1.600,2.597
8.00,2659,-2.897,2.075,-2.451
8.00,2660,2.991,2.038,-2.444
8.00,2661,-5.181,-2.939,-2.433
8.00,2662,-0.072,-3.244,-2.447
8.00,2663,2.991,2.038,-2.444
8.00,2664,-0.056,0.052,7.682
8.00,2665,5.140,-2.999,-2.443
8.00,2666,-2.608,-1.600,2.603
8.00,2667,5.140,-2.999,-2.443
8.00,2668,2.991,2.038,-2.444
8.00,2669,-2.608,-1.600,2.603
8.00,2670,-5.181,-2.939,-2.433
8.00,2671,-5.181,-2.939,-2.433
8.00,2672,-2.608,-1.600,2.603
8.00,2673,-2.897,2.075,-2.451
8.00,2674,0.047,6.288,-2.397
8.00,2675,-5.181,-2.939,-2.433
8.00,2676,-2.608,-1.600,2.603
8.00,2677,2.651,-1.600,2.597
8.00,2678,-0.018,2.719,2.599
8.00,2679,2.991,2.038,-2.444
8.00,2680,2.651,-1.600,2.597
8.00,2681,-0.018,2.719,2.599
8.00,2682,-0.072,-3.244,-2.447
8.00,2683,-0.018,2.719,2.599
8.00,2684,-0.072,-3.244,-2.447
8.00,2685,0.047,6.288,-2.397
8.00,2686,2.651,-1.600,2.597
8.00,2687,0.047,6.288,-2.397
8.00,2688,-5.181,-2.939,-2.433
8.00,2689,0.047,6.288,-2.397
8.00,2690,0.047,6.288,-2.397
8.00,2691,2.991,2.038,-2.444
8.00,2692,-0.072,-3.244,-2.447
8.00,2693,-0.018,2.719,2.599
8.00,2694,0.047,6.288,-2.397
8.00,2695,-5.181,-2.939,-2.433
8.00,2696,5.140,-2.999,-2.443
8.00,2697,2.991,2.038,-2.444
8.00,2698,2.651,-1.600,2.597
8.00,2699,2.651,-1.600,2.597
8.00,2700,5.140,-2.999,-2.443
8.00,2701,-2.608,-1.600,2.603
8.00,2702,2.991,2.038,-2.444
8.00,2703,0.047,6.288,-2.397
8.00,2704,-0.018,2.719,2.599
8.00,2705,0.047,6.288,-2.397
8.00,2706,-5.181,-2.939,-2.433
8.00,2707,-5.181,-2.939,-2.433
8.00,2708,0.047,6.288,-2.397
8.00,2709,-5.181,-2.939,-2.433
8.00,2710,-0.072,-3.244,-2.447
8.00,2711,-0.018,2.719,2.599
8.00,2712,-0.018,2.719,2.599
8.00,2713,-2.897,2.075,-2.451
8.00,2714,-0.072,-3.244,-2.447
8.00,2715,2.991,2.038,-2.444
8.00,2716,2.651,-1.600,2.597
8.00,2717,0.047,6.288,-2.397
8.00,2718,2.651,-1.600,2.597
8.00,2719,-2.897,2.075,-2.451
8.00,2720,-2.608,-1.600,2.603
8.00,2721,-0.072,-3.244,-2.447
8.00,2722,-0.072,-3.244,-2.447
8.00,2723,5.140,-2.999,-2.443
8.00,2724,-0.072,-3.244,-2.447
8.00,2725,-5.181,-2.939,-2.433
8.00,2726,5.140,-2.999,-2.443
8.00,2727,2.991,2.038,-2.444
8.00,2728,-0.018,2.719,2.599
8.00,2729,0.047,6.288,-2.397
8.00,2730,5.140,-2.999,-2.443
8.00,2731,0.047,6.288,-2.397
8.00,2732,0.047,6.288,-2.397
8.00,2733,-2.897,2.075,-2.451
8.00,2734,5.140,-2.999,-2.443
8.00,2735,0.047,6.288,-2.397
8.00,2736,2.651,-1.600,2.597
8.00,2737,0.047,6.288,-2.397
8.00,2738,5.140,-2.999,-2.443
8.00,2739,-0.072,-3.244,-2.447
8.00,2740,-5.181,-2.939,-2.433
8.00,2741,-2.608,-1.600,2.603
8.00,2742,5.140,-2.999,-2.443
8.00,2743,2.651,-1.600,2.597
8.00,2744,2.651,-1.600,2.597
8.00,2745,2.651,-1.600,2.597
8.00,2746,-5.181,-2.939,-2.433
8.00,2747,2.991,2.038,-2.444
8.00,2748,-5.181,-2.939,-2.433
8.00,2749,-5.181,-2.939,-2.433
8.00,2750,-0.072,-3.244,-2.447
8.00,2751,-0.018,2.719,2.599
8.00,2752,-2.897,2.075,-2.451
8.00,2753,-0.018,2.719,2.599
8.00,2754,2.991,2.038,-2.444
8.00,2755,2.991,2.038,-2.444
8.00,2756,2.651,-1.600,2.597
8.00,2757,0.047,6.288,-2.397
8.00,2758,2.651,-1.600,2.597
8.00,2759,-2.897,2.075,-2.451
8.00,2760,2.991,2.038,-2.444
8.00,2761,2.651,-1.600,2.597
8.00,2762,-0.018,2.719,2.599
8.00,2763,-2.897,2.075,-2.451
8.00,2764,5.140,-2.999,-2.443
8.00,2765,-2.608,-1.600,2.603
8.00,2766,-0.072,-3.244,-2.447
8.00,2767,-0.072,-3.244,-2.447
8.00,2768,2.991,2.038,-2.444
8.00,2769,-5.181,-2.939,-2.433
8.00,2770,-2.897,2.075,-2.451
8.00,2771,0.047,6.288,-2.397
8.00,2772,-0.018,2.719,2.599
8.00,2773,-0.018,2.719,2.599
8.00,2774,-5.181,-2.939,-2.433
8.00,2775,5.140,-2.999,-2.443
8.00,2776,-0.018,2.719,2.599
8.00,2777,0.047,6.288,-2.397
8.00,2778,-2.608,-1.600,2.603
8.00,2779,-0.072,-3.244,-2.447
8.00,2780,-2.608,-1.600,2.603
8.00,2781,0.047,6.288,-2.397
8.00,2782,0.047,6.288,-2.397
8.00,2783,2.991,2.038,-2.444
8.00,2784,2.991,2.038,-2.444
8.00,2785,2.651,-1.600,2.597
8.00,2786,-0.018,2.719,2.599
8.00,2787,2.651,-1.600,2.597
8.00,2788,0.047,6.288,-2.397
8.00,2789,2.651,-1.600,2.597
8.00,2790,2.991,2.038,-2.444
8.00,2791,-0.072,-3.244,-2.447
8.00,2792,5.140,-2.999,-2.443
8.00,2793,-2.897,2.075,-2.451
8.00,2794,-2.897,2.075,-2.451
8.00,2795,-2.608,-1.600,2.603
8.00,2796,-2.608,-1.600,2.603
8.00,2797,-0.018,2.719,2.599
8.00,2798,-0.018,2.719,2.599
8.00,2799,-0.072,-3.244,-2.447
8.00,2800,2.991,2.038,-2.444
8.00,2801,-2.897,2.075,-2.451
8.00,2802,5.140,-2.999,-2.443
8.00,2803,-5.181,-2.939,-2.433
8.00,2804,0.047,6.288,-2.397
8.00,2805,-2.897,2.075,-2.451
8.00,2806,-0.056,0.052,7.682
8.00,2807,-2.608,-1.600,2.603
8.00,2808,-0.056,0.052,7.682
8.00,2809,-5.181,-2.939,-2.433
8.00,2810,-5.181,-2.939,-2.433
8.00,2811,0.047,6.288,-2.397
8.00,2812,2.991,2.038,-2.444
8.00,2813,-2.897,2.075,-2.451
8.00,2814,5.140,-2.999,-2.443
8.00,2815,-0.072,-3.244,-2.447
8.00,2816,-5.181,-2.939,-2.433
8.00,2817,-0.018,2.719,2.599
8.00,2818,2.991,2.038,-2.444
8.00,2819,0.047,6.288,-2.397
8.00,2820,-5.181,-2.939,-2.433
8.00,2821,-2.608,-1.600,2.603
8.00,2822,5.140,-2.999,-2.443
8.00,2823,0.047,6.288,-2.397
8.00,2824,-5.181,-2.939,-2.433
8.00,2825,-0.018,2.719,2.599
8.00,2826,-0.072,-3.244,-2.447
8.00,2827,-0.072,-3.244,-2.447
8.00,2828,0.047,6.288,-2.397
8.00,2829,-2.897,2.075,-2.451
8.00,2830,-5.181,-2.939,-2.433
8.00,2831,-0.072,-3.244,-2.447
8.00,2832,5.140,-2.999,-2.443
8.00,2833,-0.056,0.052,7.682
8.00,2834,2.651,-1.600,2.597
8.00,2835,-0.072,-3.244,-2.447
8.00,2836,2.991,2.038,-2.444
8.00,2837,-5.181,-2.939,-2.433
8.00,2838,-2.608,-1.600,2.603
8.00,2839,-0.072,-3.244,-2.447
8.00,2840,2.991,2.038,-2.444
8.00,2841,2.651,-1.600,2.597
8.00,2842,2.651,-1.600,2.597
8.00,2843,2.991,2.038,-2.444
8.00,2844,-2.897,2.075,-2.451
8.00,2845,0.047,6.288,-2.397
8.00,2846,-0.072,-3.244,-2.447
8.00,2847,0.047,6.288,-2.397
8.00,2848,-5.181,-2.939,-2.433
8.00,2849,2.991,2.038,-2.444
8.00,2850,0.047,6.288,-2.397
8.00,2851,5.140,-2.999,-2.443
8.00,2852,2.991,2.038,-2.444
8.00,2853,2.651,-1.600,2.597
8.00,2854,0.047,6.288,-2.397
8.00,2855,-5.181,-2.939,-2.433
8.00,2856,-2.608,-1.600,2.603
8.00,2857,5.140,-2.999,-2.443
8.00,2858,-2.897,2.075,-2.451
8.00,2859,-0.018,2.719,2.599
8.00,2860,-0.056,0.052,7.682
8.00,2861,-0.018,2.719,2.599
8.00,2862,-0.018,2.719,2.599
8.00,2863,-0.018,2.719,2.599
8.00,2864,-0.072,-3.244,-2.447
8.00,2865,0.047,6.288,-2.397
8.00,2866,-0.018,2.719,2.599
8.00,2867,-2.608,-1.600,2.603
8.00,2868,2.651,-1.600,2.597
8.00,2869,0.047,6.288,-2.397
8.00,2870,-2.897,2.075,-2.451
8.00,2871,2.651,-1.600,2.597
8.00,2872,2.991,2.038,-2.444
8.00,2873,5.140,-2.999,-2.443
8.00,2874,-0.056,0.052,7.682
8.00,2875,5.140,-2.999,-2.443
8.00,2876,-0.056,0.052,7.682
8.00,2877,-5.181,-2.939,-2.433
8.00,2878,5.140,-2.999,-2.443
8.00,2879,2.651,-1.600,2.597
8.00,2880,-0.018,2.719,2.599
8.00,2881,-2.897,2.075,-2.451
8.00,2882,-0.018,2.719,2.599
8.00,2883,0.047,6.288,-2.397
8.00,2884,-2.608,-1.600,2.603
8.00,2885,2.651,-1.600,2.597
8.00,2886,-0.018,2.719,2.599
8.00,2887,-0.018,2.719,2.599
8.00,2888,0.047,6.288,-2.397
8.00,2889,2.991,2.038,-2.444
8.00,2890,-5.181,-2.939,-2.433
8.00,2891,2.991,2.038,-2.444
8.00,2892,0.047,6.288,-2.397
8.00,2893,0.047,6.288,-2.397
8.00,2894,0.047,6.288,-2.397
8.00,2895,-0.072,-3.244,-2.447
8.00,2896,-0.072,-3.244,-2.447
8.00,2897,-2.897,2.075,-2.451
8.00,2898,-0.018,2.719,2.599
8.00,2899,-2.608,-1.600,2.603
8.00,2900,5.140,-2.999,-2.443
8.00,2901,2.651,-1.600,2.597
8.00,2902,-0.072,-3.244,-2.447
8.00,2903,5.140,-2.999,-2.443
8.00,2904,-0.072,-3.244,-2.447
8.00,2905,-0.018,2.719,2.599
8.00,2906,5.140,-2.999,-2.443
8.00,2907,-0.072,-3.244,-2.447
8.00,2908,-2.608,-1.600,2.603
8.00,2909,2.991,2.038,-2.444
8.00,2910,0.047,6.288,-2.397
8.00,2911,-2.897,2.075,-2.451
8.00,2912,-2.608,-1.600,2.603
8.00,2913,-0.018,2.719,2.599
8.00,2914,5.140,-2.999,-2.443
8.00,2915,-5.181,-2.939,-2.433
8.00,2916,0.047,6.288,-2.397
8.00,2917,2.991,2.038,-2.444
8.00,2918,-2.608,-1.600,2.603
8.00,2919,-0.056,0.052,7.682
8.00,2920,-0.018,2.719,2.599
8.00,2921,-0.018,2.719,2.599
8.00,2922,0.047,6.288,-2.397
8.00,2923,-0.018,2.719,2.599
8.00,2924,0.047,6.288,-2.397
8.00,2925,-0.018,2.719,2.599
8.00,2926,5.140,-2.999,-2.443
8.00,2927,-0.072,-3.244,-2.447
8.00,2928,5.140,-2.999,-2.443
8.00,2929,2.991,2.038,-2.444
8.00,2930,2.651,-1.600,2.597
8.00,2931,-0.018,2.719,2.599
8.00,2932,2.651,-1.600,2.597
8.00,2933,-2.608,-1.600,2.603
8.00,2934,5.140,-2.999,-2.443
8.00,2935,-0.056,0.052,7.682
8.00,2936,2.651,-1.600,2.597
8.00,2937,-0.072,-3.244,-2.447
8.00,2938,-0.072,-3.244,-2.447
8.00,2939,5.140,-2.999,-2.443
8.00,2940,-0.018,2.719,2.599
8.00,2941,-0.056,0.052,7.682
8.00,2942,-2.897,2.075,-2.451
8.00,2943,-0.056,0.052,7.682
8.00,2944,0.047,6.288,-2.397
8.00,2945,-5.181,-2.939,-2.433
8.00,2946,-5.181,-2.939,-2.433
8.00,2947,0.047,6.288,-2.397
8.00,2948,2.991,2.038,-2.444
8.00,2949,-5.181,-2.939,-2.433
8.00,2950,-2.608,-1.600,2.603
8.00,2951,-2.897,2.075,-2.451
8.00,2952,2.651,-1.600,2.597
8.00,2953,2.991,2.038,-2.444
8.00,2954,2.651,-1.600,2.597
8.00,2955,-2.897,2.075,-2.451
8.00,2956,-0.072,-3.244,-2.447
8.00,2957,2.991,2.038,-2.444
8.00,2958,2.991,2.038,-2.444
8.00,2959,-0.018,2.719,2.599
8.00,2960,-0.072,-3.244,-2.447
8.00,2961,-5.181,-2.939,-2.433
8.00,2962,5.140,-2.999,-2.443
8.00,2963,0.047,6.288,-2.397
8.00,2964,-0.018,2.719,2.599
8.00,2965,0.047,6.288,-2.397
8.00,2966,-5.181,-2.939,-2.433
8.00,2967,2.651,-1.600,2.597
8.00,2968,5.140,-2.999,-2.443
8.00,2969,-0.018,2.719,2.599
8.00,2970,2.991,2.038,-2.444
8.00,2971,2.991,2.038,-2.444
8.00,2972,2.651,-1.600,2.597
8.00,2973,5.140,-2.999,-2.443
8.00,2974,0.047,6.288,-2.397
8.00,2975,-0.018,2.719,2.599
8.00,2976,2.991,2.038,-2.444
8.00,2977,-0.056,0.052,7.682
8.00,2978,-2.608,-1.600,2.603
8.00,2979,2.651,-1.600,2.597
8.00,2980,-0.072,-3.244,-2.447
8.00,2981,-2.897,2.075,-2.451
8.00,2982,5.140,-2.999,-2.443
8.00,2983,-2.608,-1.600,2.603
8.00,2984,5.140,-2.999,-2.443
8.00,2985,-0.072,-3.244,-2.447
8.00,2986,-2.897,2.075,-2.451
8.00,2987,-0.018,2.719,2.599
8.00,2988,0.047,6.288,-2.397
8.00,2989,-2.897,2.075,-2.451
8.00,2990,-0.056,0.052,7.682
8.00,2991,0.047,6.288,-2.397
8.00,2992,-5.181,-2.939,-2.433
8.00,2993,2.651,-1.600,2.597
8.00,2994,2.651,-1.600,2.597
8.00,2995,-0.072,-3.244,-2.447
8.00,2996,-0.072,-3.244,-2.447
8.00,2997,-0.018,2.719,2.599
8.00,2998,5.140,-2.999,-2.443
8.00,2999,5.140,-2.999,-2.443
